Date and Time,Roadway (From Crash Report),Intersection Name (from Crash Report),KABCO Severity,Manner of Collision (Crash Level) ,# of Vehicles per crash ,Weather Conditions (Crash Level),Surface Condition (Crash Level) ,Light Conditions (Crash Level)
2024-10-07T13:53:00.000,I 285,I 285 and Atlanta Rd,,Not a Collision with Motor Vehicle,1,Clear,Dry,Daylight
2024-04-27T11:18:00.000,I 285,I 285 and Atlanta Rd,,Rear End,2,Cloudy,Dry,Daylight
2024-12-23T06:37:00.000,I 285,I 285 and Atlanta Rd,,Sideswipe-Same Direction,2,Clear,Dry,Dark-Not Lighted
2024-12-13T12:47:00.000,I 285,I 285 and Atlanta Rd,,Rear End,2,Clear,Dry,Daylight
2024-03-01T08:47:00.000,I 285,I 285 and Atlanta Rd,,Not a Collision with Motor Vehicle,1,Rain,Wet,Daylight
2024-07-04T18:54:00.000,I 285,I 285 and Atlanta Rd,,Angle Crash,2,Rain,Wet,Daylight
2024-09-28T15:10:00.000,I 285,I 285 and Atlanta Rd,,Sideswipe-Same Direction,2,Cloudy,Dry,Daylight
2024-12-21T14:10:00.000,I 285,I 285 and Atlanta Rd,,Not a Collision with Motor Vehicle,1,Clear,Dry,Daylight
2024-04-25T18:22:00.000,I 285,I 285 and Atlanta Rd,,Sideswipe-Same Direction,2,Clear,Dry,Daylight
2023-10-31T18:24:00.000,I 285,I 285 and Atlanta   E Point City Limi,,Angle Crash,2,Clear,Dry,Dusk
2023-01-16T20:36:00.000,I 285,I 285 and Atlanta,,Sideswipe-Same Direction,2,Clear,Dry,Dark-Lighted
2021-04-26T01:52:00.000,I 285,I 285 and Atlanta,,Rear End,2,Clear,Dry,Dark-Not Lighted
2022-01-13T10:46:00.000,I 285,I 285 and Atlanta,,Sideswipe-Same Direction,2,Clear,Dry,Daylight
2024-10-04T10:00:00.000,I 285,I 285 and Atlanta,,Sideswipe-Same Direction,3,Cloudy,Dry,Daylight
2024-11-09T03:00:00.000,I 285,I 285 and Atlanta,,Sideswipe-Same Direction,2,Cloudy,Dry,Dark-Not Lighted
2024-10-16T11:10:00.000,I 285,I 285 and Atlanta,,Rear End,3,Clear,Dry,Daylight
2024-11-22T04:10:00.000,I 285,I 285 and Atlanta,,Sideswipe-Same Direction,2,Cloudy,Dry,Dark-Lighted
2022-11-04T14:26:00.000,I 285,I 285 and At S Cobb Dr,,Sideswipe-Same Direction,2,Cloudy,Dry,Daylight
2023-01-05T19:25:00.000,I 285,I 285 and At S Atlanta Rd,,Sideswipe-Same Direction,2,Clear,Dry,Dark-Not Lighted
2022-07-08T15:30:00.000,I 285,I 285 and At Paces Ferry Rd,,Sideswipe-Same Direction,2,Clear,Dry,Daylight
2024-05-07T07:15:00.000,I 285,I 285 and At Flat Shoals Pkwy,,Not a Collision with Motor Vehicle,2,Clear,Dry,Daylight
2024-07-18T18:43:00.000,I 285,I 285 and At Flat Shoals Pkwy,,Rear End,2,Clear,Wet,Daylight
2024-06-28T12:45:00.000,I 285,I 285 and At Flat Shoals Pkwy,,Sideswipe-Same Direction,2,Clear,Dry,Daylight
2022-12-01T18:00:00.000,I 285,I 285 and At Exit 20,,Rear End,2,Cloudy,Dry,Dark-Lighted
2022-07-28T15:15:00.000,I 285,I 285 and At Donald Lee Hollowell Parkwa,,Rear End,2,Clear,Dry,Daylight
2022-08-08T08:29:00.000,I 285,I 285 and At Donald Lee Hollowell Parkwa,,Rear End,2,Cloudy,Dry,Daylight
2022-11-29T18:12:00.000,I 285,I 285 and At Donald Lee Hollowell Parkwa,,Sideswipe-Same Direction,2,Cloudy,Dry,Dark-Not Lighted
2020-06-13T03:23:00.000,I 285,I 285 and Ashford-Dunwoody Rd,,Sideswipe-Same Direction,2,Clear,Dry,Dark-Lighted
2024-11-04T10:00:00.000,I 285,I 285 and Ashford Dunwoody Rd.,,Rear End,2,Cloudy,Dry,Daylight
2023-10-20T01:08:00.000,I 285,I 285 and Ashford Dunwoody Rd On Ramp 285,,Sideswipe-Same Direction,2,Clear,Dry,Dark-Not Lighted
2023-11-11T00:06:00.000,I 285,I 285 and Ashford Dunwoody Rd Off Ramp 285Wb,,Sideswipe-Same Direction,2,Clear,Dry,Dark-Not Lighted
2022-01-25T07:02:00.000,I 285,I 285 and Ashford Dunwoody Rd Off Ramp 285Wb,,Sideswipe-Same Direction,2,Clear,Dry,Dark-Lighted
2023-11-14T09:02:00.000,I 285,I 285 and Ashford Dunwoody Rd Off Ramp 285,,Sideswipe-Same Direction,3,Clear,Dry,Daylight
2024-07-10T08:09:00.000,I 285,I 285 and Ashford Dunwoody Rd Off Ramp 285,,Sideswipe-Same Direction,2,Clear,Dry,Daylight
2023-08-30T16:53:00.000,I 285,I 285 and Ashford Dunwoody Rd Dunwoody Rd Off Ramp,,Sideswipe-Same Direction,2,Cloudy,Dry,Daylight
2021-11-15T07:28:00.000,I 285,I 285 and Ashford Dunwoody Rd,,Sideswipe-Same Direction,2,Clear,Dry,Daylight
2021-08-29T14:45:00.000,I 285,I 285 and Ashford Dunwoody Rd,,Rear End,2,Clear,Dry,Daylight
2021-09-22T12:11:00.000,I 285,I 285 and Ashford Dunwoody Rd,,Rear End,2,Rain,Wet,Daylight
2021-09-16T06:30:00.000,I 285,I 285 and Ashford Dunwoody Rd,,Sideswipe-Same Direction,2,Rain,Wet,Dark-Lighted
2021-02-17T08:24:00.000,I 285,I 285 and Ashford Dunwoody Rd,,Rear End,2,Clear,Dry,Daylight
2021-06-11T02:27:00.000,I 285,I 285 and Ashford Dunwoody Rd,,Sideswipe-Same Direction,2,Cloudy,Dry,Dark-Lighted
2021-03-26T22:45:00.000,I 285,I 285 and Ashford Dunwoody Rd,,Not a Collision with Motor Vehicle,2,Clear,Dry,Dark-Not Lighted
2021-03-19T20:25:00.000,I 285,I 285 and Ashford Dunwoody Rd,,Rear End,2,Cloudy,Dry,Dark-Not Lighted
2021-07-13T02:00:00.000,I 285,I 285 and Ashford Dunwoody Rd,,Not a Collision with Motor Vehicle,1,Clear,Dry,Dark-Not Lighted
2021-12-13T14:06:00.000,I 285,I 285 and Ashford Dunwoody Rd,,Sideswipe-Same Direction,2,Clear,Dry,Daylight
2021-08-11T09:15:00.000,I 285,I 285 and Ashford Dunwoody Rd,,Rear End,2,Clear,Dry,Daylight
2021-06-13T13:15:00.000,I 285,I 285 and Ashford Dunwoody Rd,,Angle Crash,2,Clear,Dry,Daylight
2021-06-08T14:55:00.000,I 285,I 285 and Ashford Dunwoody Rd,,Sideswipe-Same Direction,2,Clear,Dry,Daylight
2021-09-01T06:25:00.000,I 285,I 285 and Ashford Dunwoody Rd,,Rear End,2,Clear,Dry,Dark-Lighted
2021-10-05T12:11:00.000,I 285,I 285 and Ashford Dunwoody Rd,,Sideswipe-Same Direction,2,Clear,Dry,Dark-Not Lighted
2021-06-02T08:32:00.000,I 285,I 285 and Ashford Dunwoody Rd,,Angle Crash,2,Clear,Dry,Daylight
2023-12-13T20:39:00.000,I 285,I 285 and Ashford Dunwoody Rd,,Sideswipe-Same Direction,2,Clear,Dry,Dark-Not Lighted
2023-05-21T16:36:00.000,I 285,I 285 and Ashford Dunwoody Rd,,Sideswipe-Same Direction,2,Clear,Dry,Daylight
2023-10-08T17:44:00.000,I 285,I 285 and Ashford Dunwoody Rd,,Angle Crash,2,Clear,Dry,Daylight
2023-10-02T16:57:00.000,I 285,I 285 and Ashford Dunwoody Rd,,Sideswipe-Same Direction,2,Clear,Dry,Daylight
2023-01-14T09:52:00.000,I 285,I 285 and Ashford Dunwoody Rd,,Sideswipe-Same Direction,2,Clear,Dry,Daylight
2023-05-02T07:37:00.000,I 285,I 285 and Ashford Dunwoody Rd,,Rear End,2,Clear,Dry,Daylight
2023-03-14T10:53:00.000,I 285,I 285 and Ashford Dunwoody Rd,,Sideswipe-Same Direction,2,Clear,Dry,Daylight
2023-09-18T07:31:00.000,I 285,I 285 and Ashford Dunwoody Rd,,Sideswipe-Same Direction,2,Clear,Dry,Daylight
2023-09-09T17:18:00.000,I 285,I 285 and Ashford Dunwoody Rd,,Rear End,2,Clear,Dry,Daylight
2023-11-10T22:10:00.000,I 285,I 285 and Ashford Dunwoody Rd,,Rear End,2,Clear,Dry,Dark-Lighted
2023-02-24T14:01:00.000,I 285,I 285 and Ashford Dunwoody Rd,,Sideswipe-Same Direction,2,Cloudy,Dry,Daylight
2023-06-26T16:02:00.000,I 285,I 285 and Ashford Dunwoody Rd,,Sideswipe-Same Direction,2,Clear,Dry,Daylight
2023-08-26T06:51:00.000,I 285,I 285 and Ashford Dunwoody Rd,,Not a Collision with Motor Vehicle,2,Clear,Dry,Daylight
2023-11-02T05:24:00.000,I 285,I 285 and Ashford Dunwoody Rd,,Sideswipe-Same Direction,2,Clear,Dry,Dark-Not Lighted
2023-08-03T09:38:00.000,I 285,I 285 and Ashford Dunwoody Rd,,Sideswipe-Same Direction,2,Clear,Dry,Daylight
2023-08-13T13:40:00.000,I 285,I 285 and Ashford Dunwoody Rd,,Sideswipe-Same Direction,3,Clear,Dry,Daylight
2022-07-13T08:41:00.000,I 285,I 285 and Ashford Dunwoody Rd,,Rear End,2,Clear,Dry,Daylight
2020-11-04T10:00:00.000,I 285,I 285 and Ashford Dunwoody Rd,,Angle Crash,2,Cloudy,Dry,Daylight
2020-05-09T17:35:00.000,I 285,I 285 and Ashford Dunwoody Rd,,Rear End,2,Clear,Dry,Daylight
2020-07-19T06:30:00.000,I 285,I 285 and Ashford Dunwoody Rd,,Not a Collision with Motor Vehicle,1,Clear,Dry,Dark-Not Lighted
2020-02-13T05:00:00.000,I 285,I 285 and Ashford Dunwoody Rd,,Not a Collision with Motor Vehicle,1,Clear,Dry,Dark-Not Lighted
2020-12-19T12:26:00.000,I 285,I 285 and Ashford Dunwoody Rd,,Rear End,2,Clear,Dry,Daylight
2020-10-23T16:30:00.000,I 285,I 285 and Ashford Dunwoody Rd,,Not a Collision with Motor Vehicle,2,Clear,Dry,Daylight
2020-05-30T19:34:00.000,I 285,I 285 and Ashford Dunwoody Rd,,Rear End,2,Clear,Dry,Daylight
2020-03-06T08:12:00.000,I 285,I 285 and Ashford Dunwoody Rd,,Rear End,2,Clear,Dry,Daylight
2020-02-04T17:00:00.000,I 285,I 285 and Ashford Dunwoody Rd,,Rear End,2,Clear,Dry,Daylight
2020-09-24T16:31:00.000,I 285,I 285 and Ashford Dunwoody Rd,,Angle Crash,2,Rain,Wet,Daylight
2020-12-03T19:30:00.000,I 285,I 285 and Ashford Dunwoody Rd,,Sideswipe-Same Direction,2,Clear,Dry,Dark-Lighted
2020-11-05T18:15:00.000,I 285,I 285 and Ashford Dunwoody Rd,,Sideswipe-Same Direction,2,Clear,Dry,Daylight
2020-10-19T17:30:00.000,I 285,I 285 and Ashford Dunwoody Rd,,Rear End,2,Clear,Dry,Daylight
2020-10-20T18:37:00.000,I 285,I 285 and Ashford Dunwoody Rd,,Sideswipe-Same Direction,2,Clear,Dry,Daylight
2021-05-11T22:38:00.000,I 285,I 285 and Ashford Dunwoody Rd,,Rear End,2,Clear,Dry,Dark-Lighted
2021-04-25T12:17:00.000,I 285,I 285 and Ashford Dunwoody Rd,,Angle Crash,2,Clear,Dry,Daylight
2021-05-22T07:16:00.000,I 285,I 285 and Ashford Dunwoody Rd,,Rear End,2,Clear,Dry,Daylight
2021-02-17T07:43:00.000,I 285,I 285 and Ashford Dunwoody Rd,,Rear End,2,Clear,Dry,Daylight
2021-06-21T12:34:00.000,I 285,I 285 and Ashford Dunwoody Rd,,Angle Crash,2,Clear,Dry,Daylight
2021-09-10T14:30:00.000,I 285,I 285 and Ashford Dunwoody Rd,,Rear End,2,Clear,Dry,Daylight
2021-08-05T12:17:00.000,I 285,I 285 and Ashford Dunwoody Rd,,Rear End,3,Clear,Dry,Daylight
2021-08-19T13:46:00.000,I 285,I 285 and Ashford Dunwoody Rd,,Rear End,2,Clear,Dry,Daylight
2021-12-06T12:39:00.000,I 285,I 285 and Ashford Dunwoody Rd,,Sideswipe-Same Direction,2,Clear,Wet,Daylight
2021-07-30T10:00:00.000,I 285,I 285 and Ashford Dunwoody Rd,,Rear End,2,Cloudy,Dry,Daylight
2021-08-06T05:20:00.000,I 285,I 285 and Ashford Dunwoody Rd,,Sideswipe-Same Direction,2,Clear,Dry,Dark-Not Lighted
2021-08-18T10:51:00.000,I 285,I 285 and Ashford Dunwoody Rd,,Sideswipe-Same Direction,2,Clear,Dry,Daylight
2021-10-13T17:47:00.000,I 285,I 285 and Ashford Dunwoody Rd,,Rear End,2,Clear,Dry,Daylight
2021-12-14T16:43:00.000,I 285,I 285 and Ashford Dunwoody Rd,,Rear End,2,Clear,Dry,Daylight
2021-09-14T12:30:00.000,I 285,I 285 and Ashford Dunwoody Rd,,Angle Crash,2,Clear,Dry,Daylight
2021-11-08T17:06:00.000,I 285,I 285 and Ashford Dunwoody Rd,,Rear End,2,Clear,Dry,Daylight
2022-06-17T14:04:00.000,I 285,I 285 and Ashford Dunwoody Rd,,Rear End,2,Clear,Dry,Daylight
2022-11-01T10:43:00.000,I 285,I 285 and Ashford Dunwoody Rd,,Rear End,2,Clear,Dry,Daylight
2022-04-12T09:00:00.000,I 285,I 285 and Ashford Dunwoody Rd,,Rear End,2,Clear,Dry,Daylight
2022-03-06T14:58:00.000,I 285,I 285 and Ashford Dunwoody Rd,,Angle Crash,2,Clear,Dry,Daylight
2022-06-08T16:52:00.000,I 285,I 285 and Ashford Dunwoody Rd,,Sideswipe-Same Direction,3,Clear,Dry,Daylight
2022-02-01T11:11:00.000,I 285,I 285 and Ashford Dunwoody Rd,,Rear End,2,Clear,Dry,Daylight
2022-09-11T12:04:00.000,I 285,I 285 and Ashford Dunwoody Rd,,Rear End,3,Cloudy,Dry,Daylight
2022-05-26T13:37:00.000,I 285,I 285 and Ashford Dunwoody Rd,,Rear End,2,Cloudy,Dry,Daylight
2022-09-29T05:58:00.000,I 285,I 285 and Ashford Dunwoody Rd,,Rear End,2,Clear,Dry,Dark-Not Lighted
2022-04-12T15:30:00.000,I 285,I 285 and Ashford Dunwoody Rd,,Rear End,2,Clear,Dry,Daylight
2022-09-23T10:19:00.000,I 285,I 285 and Ashford Dunwoody Rd,,Not a Collision with Motor Vehicle,1,Clear,Dry,Daylight
2022-02-01T11:11:00.000,I 285,I 285 and Ashford Dunwoody Rd,,Rear End,2,Clear,Dry,Daylight
2022-09-26T17:19:00.000,I 285,I 285 and Ashford Dunwoody Rd,,Rear End,2,Clear,Dry,Daylight
2022-07-07T09:55:00.000,I 285,I 285 and Ashford Dunwoody Rd,,Sideswipe-Same Direction,2,Clear,Dry,Daylight
2023-03-11T14:34:00.000,I 285,I 285 and Ashford Dunwoody Rd,,Sideswipe-Same Direction,2,Clear,Dry,Daylight
2023-06-17T14:28:00.000,I 285,I 285 and Ashford Dunwoody Rd,,Angle Crash,2,Clear,Dry,Daylight
2024-09-25T17:15:00.000,I 285,I 285 and Ashford Dunwoody Rd,,Sideswipe-Same Direction,2,Rain,Wet,Daylight
2024-04-20T16:44:00.000,I 285,I 285 and Ashford Dunwoody Rd,,Angle Crash,2,Clear,Dry,Daylight
2024-08-28T10:05:00.000,I 285,I 285 and Ashford Dunwoody Rd,,Sideswipe-Same Direction,2,Clear,Dry,Daylight
2024-02-15T22:49:00.000,I 285,I 285 and Ashford Dunwoody Rd,,Sideswipe-Same Direction,2,Clear,Dry,Dark-Lighted
2024-01-12T12:33:00.000,I 285,I 285 and Ashford Dunwoody Rd,,Sideswipe-Same Direction,2,Rain,Wet,Daylight
2024-05-11T17:12:00.000,I 285,I 285 and Ashford Dunwoody Rd,,Rear End,2,Clear,Dry,Daylight
2023-07-30T17:10:00.000,I 285,I 285 and Ashford Dunwoody Rd,,Sideswipe-Same Direction,2,Clear,Dry,Daylight
2023-07-16T07:44:00.000,I 285,I 285 and Ashford Dunwoody Rd,,Sideswipe-Same Direction,2,Clear,Dry,Daylight
2023-03-20T17:08:00.000,I 285,I 285 and Ashford Dunwoody Rd,,Rear End,2,Clear,Dry,Daylight
2023-06-07T16:36:00.000,I 285,I 285 and Ashford Dunwoody Rd,,Sideswipe-Same Direction,2,Clear,Dry,Daylight
2023-09-14T20:41:00.000,I 285,I 285 and Ashford Dunwoody Rd,,Not a Collision with Motor Vehicle,2,Clear,Dry,Daylight
2023-08-08T08:02:00.000,I 285,I 285 and Ashford Dunwoody Rd,,Rear End,2,Clear,Dry,Daylight
2023-10-19T00:01:00.000,I 285,I 285 and Ashford Dunwoody Rd,,Sideswipe-Same Direction,2,Clear,Dry,Dark-Not Lighted
2023-06-21T15:22:00.000,I 285,I 285 and Ashford Dunwoody Rd,,Rear End,2,Rain,Wet,Daylight
2023-09-22T17:55:00.000,I 285,I 285 and Ashford Dunwoody Rd,,Rear End,2,Clear,Dry,Daylight
2023-07-11T10:56:00.000,I 285,I 285 and Ashford Dunwoody Rd,,Angle Crash,2,Clear,Dry,Daylight
2023-08-21T16:15:00.000,I 285,I 285 and Ashford Dunwoody Rd,,Sideswipe-Same Direction,2,Clear,Dry,Daylight
2023-10-19T03:53:00.000,I 285,I 285 and Ashford Dunwoody Rd,,Not a Collision with Motor Vehicle,2,Clear,Dry,Dark-Not Lighted
2023-12-11T05:34:00.000,I 285,I 285 and Ashford Dunwoody Rd,,Angle Crash,2,Clear,Dry,Daylight
2023-09-10T01:20:00.000,I 285,I 285 and Ashford Dunwoody Rd,,Rear End,2,Clear,Dry,Dark-Lighted
2023-04-23T00:44:00.000,I 285,I 285 and Ashford Dunwoody Rd,,Rear End,2,Clear,Dry,Dark-Not Lighted
2023-02-24T12:54:00.000,I 285,I 285 and Ashford Dunwoody Rd,,Not a Collision with Motor Vehicle,2,Clear,Dry,Daylight
2023-10-03T17:12:00.000,I 285,I 285 and Ashford Dunwoody Rd,,Sideswipe-Same Direction,3,Clear,Dry,Daylight
2023-04-02T12:00:00.000,I 285,I 285 and Ashford Dunwoody Rd,,Not a Collision with Motor Vehicle,1,Clear,Dry,Daylight
2023-04-08T15:03:00.000,I 285,I 285 and Ashford Dunwoody Rd,,Sideswipe-Same Direction,2,Rain,Wet,Daylight
2023-06-08T15:42:00.000,I 285,I 285 and Ashford Dunwoody Rd,,Rear End,2,Clear,Dry,Daylight
2023-01-19T07:19:00.000,I 285,I 285 and Ashford Dunwoody Rd,,Sideswipe-Same Direction,2,Cloudy,Wet,Dark-Not Lighted
2024-07-22T17:25:00.000,I 285,I 285 and Ashford Dunwoody Rd,,Rear End,4,Clear,Dry,Daylight
2024-12-05T18:32:00.000,I 285,I 285 and Ashford Dunwoody Rd,,Rear End,2,Clear,Dry,Dark-Not Lighted
2024-05-23T13:35:00.000,I 285,I 285 and Ashford Dunwoody Rd,,Sideswipe-Same Direction,2,Clear,Dry,Daylight
2024-02-25T13:19:00.000,I 285,I 285 and Ashford Dunwoody Rd,,Not a Collision with Motor Vehicle,1,Clear,Dry,Daylight
2024-12-05T18:30:00.000,I 285,I 285 and Ashford Dunwoody Rd,,Rear End,2,Clear,Dry,Dark-Not Lighted
2024-08-09T14:59:00.000,I 285,I 285 and Ashford Dunwoody Rd,,Rear End,3,Clear,Dry,Daylight
2024-09-25T14:44:00.000,I 285,I 285 and Ashford Dunwoody Rd,,Angle Crash,2,Clear,Dry,Daylight
2024-10-23T16:42:00.000,I 285,I 285 and Ashford Dunwoody Rd,,Rear End,2,Clear,Dry,Daylight
2024-04-09T01:28:00.000,I 285,I 285 and Ashford Dunwoody Rd,,Not a Collision with Motor Vehicle,3,Clear,Dry,Dark-Not Lighted
2024-10-09T16:15:00.000,I 285,I 285 and Ashford Dunwoody Rd,,Rear End,2,Clear,Dry,Daylight
2024-12-19T15:37:00.000,I 285,I 285 and Ashford Dunwoody Rd,,Sideswipe-Same Direction,2,Clear,Dry,Daylight
2024-10-24T07:51:00.000,I 285,I 285 and Ashford Dunwoody Rd,,Sideswipe-Same Direction,2,Clear,Dry,Daylight
2024-12-28T18:56:00.000,I 285,I 285 and Ashford Dunwoody Rd,,Sideswipe-Same Direction,2,Rain,Wet,Dark-Lighted
2024-05-08T13:50:00.000,I 285,I 285 and Ashford Dunwoody Rd,,Sideswipe-Same Direction,2,Clear,Dry,Daylight
2024-03-10T03:41:00.000,I 285,I 285 and Ashford Dunwoody Rd,,Rear End,2,Cloudy,Dry,Dark-Lighted
2024-06-17T20:41:00.000,I 285,I 285 and Ashford Dunwoody Rd,,Angle Crash,2,Clear,Dry,Dark-Lighted
2024-06-10T10:55:00.000,I 285,I 285 and Ashford Dunwoody Rd,,Not a Collision with Motor Vehicle,2,Clear,Dry,Daylight
2024-05-19T17:06:00.000,I 285,I 285 and Ashford Dunwoody Rd,,Sideswipe-Same Direction,2,Clear,Dry,Daylight
2024-06-14T12:07:00.000,I 285,I 285 and Ashford Dunwoody Rd,,Angle Crash,2,Clear,Dry,Daylight
2024-05-03T17:20:00.000,I 285,I 285 and Ashford Dunwoody Rd,,Rear End,2,Clear,Dry,Daylight
2024-02-24T13:31:00.000,I 285,I 285 and Ashford Dunwoody Rd,,Rear End,2,Clear,Dry,Daylight
2024-07-09T10:36:00.000,I 285,I 285 and Ashford Dunwoody Rd,,Sideswipe-Same Direction,2,Clear,Dry,Daylight
2024-03-09T17:35:00.000,I 285,I 285 and Ashford Dunwoody Rd,,Not a Collision with Motor Vehicle,1,Cloudy,Dry,Daylight
2024-04-23T23:13:00.000,I 285,I 285 and Ashford Dunwoody Rd,,Rear End,2,Clear,Dry,Dark-Not Lighted
2024-11-14T04:30:00.000,I 285,I 285 and Ashford Dunwoody Rd,,Sideswipe-Same Direction,2,Rain,Wet,Dark-Not Lighted
2024-02-06T16:53:00.000,I 285,I 285 and Ashford Dunwoody Rd,,Rear End,3,Clear,Dry,Daylight
2024-12-13T07:30:00.000,I 285,I 285 and Ashford Dunwoody Rd,,Rear End,2,Clear,Dry,Daylight
2024-05-17T14:47:00.000,I 285,I 285 and Ashford Dunwoody Rd,,Rear End,2,Cloudy,Wet,Daylight
2024-02-15T09:20:00.000,I 285,I 285 and Ashford Dunwoody Rd,,Rear End,2,Clear,Dry,Daylight
2024-02-27T13:30:00.000,I 285,I 285 and Ashford Dunwoody Rd,,Not a Collision with Motor Vehicle,1,Clear,Dry,Daylight
2024-04-11T06:37:00.000,I 285,I 285 and Ashford Dunwoody Rd,,Angle Crash,2,Clear,Wet,Daylight
2024-01-31T09:08:00.000,I 285,I 285 and Ashford Dunwoody Rd,,Rear End,2,Clear,Dry,Daylight
2024-11-15T16:54:00.000,I 285,I 285 and Ashford Dunwoody Rd,,Rear End,2,Clear,Dry,Daylight
2024-06-09T17:59:00.000,I 285,I 285 and Ashford Dunwoody Rd,,Rear End,2,Clear,Dry,Daylight
2024-04-06T09:20:00.000,I 285,I 285 and Ashford Dunwoody Rd,,Rear End,2,Clear,Dry,Daylight
2023-04-04T15:36:00.000,I 285,I 285 and Ashford Dunwoody Off Ramp 285Wb,,Rear End,2,Clear,Dry,Daylight
2023-06-07T06:32:00.000,I 285,I 285 and Ashford Dunwoody,,Angle Crash,3,Clear,Dry,Daylight
2023-03-30T05:50:00.000,I 285,I 285 and Ashford Dunwoody,,Sideswipe-Same Direction,2,Clear,Dry,Dark-Not Lighted
2022-02-08T21:05:00.000,I 285,I 285 and Ashford Dunwoody,,Rear End,2,Clear,Dry,Dark-Not Lighted
2024-10-15T06:58:00.000,I 285,I 285 and Ashford Dunwoody,,Rear End,2,Clear,Dry,Dark-Lighted
2021-11-15T14:22:00.000,I 285,I 285 and Asford Dunwoody Rd,,Sideswipe-Same Direction,2,Clear,Dry,Daylight
2021-05-27T18:08:00.000,I 285,I 285 and Arthur Langford Rd,,Sideswipe-Same Direction,2,Clear,Dry,Daylight
2021-01-08T22:54:00.000,I 285,I 285 and Arthur Langford Pkwy,,Sideswipe-Same Direction,3,Clear,Dry,Dark-Lighted
2021-01-10T19:55:00.000,I 285,I 285 and Arthur Langford Pkwy,,Angle Crash,2,Cloudy,Dry,Dark-Lighted
2021-02-03T23:26:00.000,I 285,I 285 and Arthur Langford Pkwy,,Sideswipe-Same Direction,2,Clear,Dry,Dark-Lighted
2021-01-31T09:19:00.000,I 285,I 285 and Arthur Langford Pkwy,,Not a Collision with Motor Vehicle,1,Rain,Wet,Daylight
2021-01-23T12:30:00.000,I 285,I 285 and Arthur Langford Pkwy,,Rear End,3,Clear,Dry,Daylight
2021-01-11T02:46:00.000,I 285,I 285 and Arthur Langford Pkwy,,Rear End,2,Clear,Dry,Dark-Not Lighted
2021-01-11T18:53:00.000,I 285,I 285 and Arthur Langford Pkwy,,Sideswipe-Same Direction,2,Rain,Wet,Dark-Lighted
2021-02-18T22:42:00.000,I 285,I 285 and Arthur Langford Pkwy,,Sideswipe-Same Direction,2,Cloudy,Wet,Dark-Not Lighted
2021-03-03T14:12:00.000,I 285,I 285 and Arthur Langford Pkwy,,Sideswipe-Same Direction,2,Clear,Dry,Daylight
2021-01-23T13:15:00.000,I 285,I 285 and Arthur Langford Pkwy,,Rear End,2,Clear,Dry,Daylight
2021-02-16T20:23:00.000,I 285,I 285 and Arthur Langford Pkwy,,Not a Collision with Motor Vehicle,1,Clear,Dry,Dark-Not Lighted
2021-01-03T16:56:00.000,I 285,I 285 and Arthur Langford Pkwy,,Rear End,2,Clear,Dry,Daylight
2021-01-26T05:15:00.000,I 285,I 285 and Arthur Langford Pkwy,,Rear End,2,Rain,Wet,Dark-Not Lighted
2021-01-22T23:06:00.000,I 285,I 285 and Arthur Langford Pkwy,,Angle Crash,2,Clear,Dry,Dark-Lighted
2020-12-17T05:14:00.000,I 285,I 285 and Arthur Langford Pkwy,,Sideswipe-Same Direction,2,Cloudy,Dry,Dark-Lighted
2020-09-12T16:26:00.000,I 285,I 285 and Arthur Langford Pkwy,,Sideswipe-Same Direction,2,Rain,Wet,Daylight
2020-10-04T11:06:00.000,I 285,I 285 and Arthur Langford Pkwy,,Angle Crash,2,Clear,Dry,Daylight
2020-09-09T00:59:00.000,I 285,I 285 and Arthur Langford Pkwy,,Not a Collision with Motor Vehicle,1,Clear,Dry,Dark-Lighted
2023-05-12T15:40:00.000,I 285,I 285 and Arthur Langford Pkwy,,Not a Collision with Motor Vehicle,1,Cloudy,Dry,Daylight
2020-11-29T21:06:00.000,I 285,I 285 and Arthur Langford Pkwy,,Not a Collision with Motor Vehicle,1,Rain,Wet,Dark-Lighted
2020-03-25T22:30:00.000,I 285,I 285 and Arthur Langford Pkwy,,Angle Crash,2,Clear,Dry,Dark-Not Lighted
2020-05-22T00:00:00.000,I 285,I 285 and Arthur Langford Pkwy,,Sideswipe-Same Direction,2,Clear,Dry,Dark-Lighted
2020-10-18T17:17:00.000,I 285,I 285 and Arthur Langford Pkwy,,Rear End,2,Snow,Dry,Daylight
2020-03-06T09:16:00.000,I 285,I 285 and Arthur Langford Pkwy,,Sideswipe-Same Direction,2,Clear,Dry,Daylight
2020-10-31T16:47:00.000,I 285,I 285 and Arthur Langford Pkwy,,Rear End,2,Clear,Dry,Daylight
2020-08-09T11:57:00.000,I 285,I 285 and Arthur Langford Pkwy,,Rear End,2,Clear,Dry,Daylight
2020-12-06T15:47:00.000,I 285,I 285 and Arthur Langford Pkwy,,Rear End,2,Clear,Dry,Daylight
2020-12-16T10:15:00.000,I 285,I 285 and Arthur Langford Pkwy,,Rear End,4,Cloudy,Dry,Daylight