Date and Time,Roadway (From Crash Report),Intersection Name (from Crash Report),KABCO Severity,Manner of Collision (Crash Level) ,# of Vehicles per crash ,Weather Conditions (Crash Level),Surface Condition (Crash Level) ,Light Conditions (Crash Level)
2020-09-07T23:03:00.000,I 285,I 285 and Arthur Langford Pkwy,,Sideswipe-Same Direction,2,Clear,Dry,Dark-Lighted
2020-11-25T02:55:00.000,I 285,I 285 and Arthur Langford Pkwy,,Not a Collision with Motor Vehicle,1,Clear,Dry,Dark-Not Lighted
2020-12-19T23:37:00.000,I 285,I 285 and Arthur Langford Pkwy,,Angle Crash,1,Clear,Dry,Dark-Lighted
2020-10-04T01:43:00.000,I 285,I 285 and Arthur Langford Pkwy,,Angle Crash,2,Clear,Dry,Dark-Lighted
2020-02-28T01:55:00.000,I 285,I 285 and Arthur Langford Pkwy,,(None),3,Clear,Dry,Dark-Not Lighted
2020-10-24T00:03:00.000,I 285,I 285 and Arthur Langford Pkwy,,Rear End,2,Clear,Dry,Dark-Lighted
2020-11-28T23:21:00.000,I 285,I 285 and Arthur Langford Pkwy,,Angle Crash,1,Clear,Dry,Dark-Lighted
2020-01-19T07:24:00.000,I 285,I 285 and Arthur Langford Pkwy,,(None),4,Clear,Dry,Daylight
2020-03-21T16:33:00.000,I 285,I 285 and Arthur Langford Pkwy,,Not a Collision with Motor Vehicle,1,Clear,Dry,Daylight
2020-02-15T13:45:00.000,I 285,I 285 and Arthur Langford Pkwy,,Rear End,2,Clear,Dry,Daylight
2020-10-26T22:18:00.000,I 285,I 285 and Arthur Langford Pkwy,,Sideswipe-Same Direction,2,Clear,Dry,Dark-Lighted
2020-10-19T20:07:00.000,I 285,I 285 and Arthur Langford Pkwy,,Angle Crash,2,Clear,Dry,Dark-Not Lighted
2020-09-12T16:39:00.000,I 285,I 285 and Arthur Langford Pkwy,,Sideswipe-Same Direction,2,Rain,Wet,Daylight
2020-11-20T08:28:00.000,I 285,I 285 and Arthur Langford Pkwy,,Sideswipe-Same Direction,2,Clear,Dry,Daylight
2020-02-01T19:47:00.000,I 285,I 285 and Arthur Langford Pkwy,,Sideswipe-Same Direction,2,Clear,Dry,Dark-Not Lighted
2020-11-09T23:43:00.000,I 285,I 285 and Arthur Langford Pkwy,,Sideswipe-Same Direction,3,Clear,Dry,Dark-Lighted
2020-01-31T18:18:00.000,I 285,I 285 and Arthur Langford Pkwy,,Not a Collision with Motor Vehicle,1,Cloudy,Dry,Dark-Not Lighted
2020-09-12T16:25:00.000,I 285,I 285 and Arthur Langford Pkwy,,Rear End,2,Rain,Water (standing or moving),Daylight
2020-07-19T00:39:00.000,I 285,I 285 and Arthur Langford Pkwy,,Rear End,3,Clear,Dry,Dark-Lighted
2020-10-22T00:26:00.000,I 285,I 285 and Arthur Langford Pkwy,,Not a Collision with Motor Vehicle,1,Clear,Dry,Dark-Lighted
2020-05-20T00:53:00.000,I 285,I 285 and Arthur Langford Pkwy,,Angle Crash,1,Rain,Wet,Dark-Lighted
2020-08-15T19:58:00.000,I 285,I 285 and Arthur Langford Pkwy,,Not a Collision with Motor Vehicle,1,Cloudy,Wet,Daylight
2020-12-30T22:03:00.000,I 285,I 285 and Arthur Langford Pkwy,,Sideswipe-Same Direction,2,Clear,Dry,Dark-Lighted
2020-07-12T23:18:00.000,I 285,I 285 and Arthur Langford Pkwy,,Rear End,2,Clear,Dry,Dark-Lighted
2020-08-01T11:47:00.000,I 285,I 285 and Arthur Langford Pkwy,,Rear End,2,Clear,Dry,Daylight
2020-02-15T05:09:00.000,I 285,I 285 and Arthur Langford Pkwy,,Rear End,2,Clear,Dry,Dark-Lighted
2020-05-02T21:32:00.000,I 285,I 285 and Arthur Langford Pkwy,,Rear End,2,Clear,Dry,Dark-Lighted
2020-02-06T07:50:00.000,I 285,I 285 and Arthur Langford Pkwy,,Angle Crash,3,Rain,Wet,Daylight
2020-01-03T23:37:00.000,I 285,I 285 and Arthur Langford Pkwy,,Rear End,4,Rain,Wet,Dark-Lighted
2020-11-01T01:37:00.000,I 285,I 285 and Arthur Langford Pkwy,,Angle Crash,2,Clear,Wet,Dark-Lighted
2020-11-22T01:17:00.000,I 285,I 285 and Arthur Langford Pkwy,,Angle Crash,3,Clear,Dry,Dark-Lighted
2020-12-29T22:18:00.000,I 285,I 285 and Arthur Langford Pkwy,,Angle Crash,2,Clear,Dry,Dark-Lighted
2020-12-12T19:03:00.000,I 285,I 285 and Arthur Langford Pkwy,,Sideswipe-Same Direction,2,Rain,Water (standing or moving),Dark-Not Lighted
2020-08-08T21:57:00.000,I 285,I 285 and Arthur Langford Pkwy,,Sideswipe-Same Direction,2,Clear,Dry,Dark-Not Lighted
2020-09-12T15:05:00.000,I 285,I 285 and Arthur Langford Pkwy,,Sideswipe-Same Direction,2,Rain,Wet,Daylight
2020-08-29T16:03:00.000,I 285,I 285 and Arthur Langford Pkwy,,Angle Crash,2,Clear,Dry,Daylight
2020-11-29T15:50:00.000,I 285,I 285 and Arthur Langford Pkwy,,Not a Collision with Motor Vehicle,1,Rain,Wet,Daylight
2020-06-27T17:33:00.000,I 285,I 285 and Arthur Langford Pkwy,,Sideswipe-Same Direction,2,Rain,Wet,Daylight
2020-10-24T21:25:00.000,I 285,I 285 and Arthur Langford Pkwy,,Rear End,3,Rain,Wet,Dark-Lighted
2020-09-26T18:10:00.000,I 285,I 285 and Arthur Langford Pkwy,,Rear End,3,Clear,Dry,Daylight
2020-10-19T06:20:00.000,I 285,I 285 and Arthur Langford Pkwy,,Not a Collision with Motor Vehicle,4,Clear,Dry,Dark-Not Lighted
2020-10-24T06:58:00.000,I 285,I 285 and Arthur Langford Pkwy,,Sideswipe-Same Direction,2,Clear,Dry,Daylight
2020-02-04T20:20:00.000,I 285,I 285 and Arthur Langford Pkwy,,Rear End,1,Rain,Dry,Dark-Lighted
2020-08-08T21:49:00.000,I 285,I 285 and Arthur Langford Pkwy,,Rear End,2,Clear,Dry,Dark-Lighted
2020-03-25T18:01:00.000,I 285,I 285 and Arthur Langford Pkwy,,Sideswipe-Same Direction,2,Clear,Dry,Daylight
2020-10-23T22:53:00.000,I 285,I 285 and Arthur Langford Pkwy,,Sideswipe-Same Direction,2,Clear,Dry,Dark-Lighted
2020-09-21T16:03:00.000,I 285,I 285 and Arthur Langford Pkwy,,Rear End,2,Clear,Dry,Daylight
2020-09-06T15:21:00.000,I 285,I 285 and Arthur Langford Pkwy,,Not a Collision with Motor Vehicle,1,Clear,Dry,Daylight
2020-04-05T18:21:00.000,I 285,I 285 and Arthur Langford Pkwy,,Sideswipe-Same Direction,2,Clear,Dry,Daylight
2020-09-16T16:59:00.000,I 285,I 285 and Arthur Langford Pkwy,,Angle Crash,2,Rain,Wet,Daylight
2020-12-11T13:38:00.000,I 285,I 285 and Arthur Langford Pkwy,,Rear End,2,Clear,Dry,Daylight
2020-03-07T16:30:00.000,I 285,I 285 and Arthur Langford Pkwy,,Sideswipe-Same Direction,2,Clear,Dry,Daylight
2020-04-19T11:32:00.000,I 285,I 285 and Arthur Langford Pkwy,,Not a Collision with Motor Vehicle,1,Rain,Wet,Daylight
2020-11-29T19:37:00.000,I 285,I 285 and Arthur Langford Pkwy,,Angle Crash,2,Rain,Wet,Daylight
2020-10-31T16:56:00.000,I 285,I 285 and Arthur Langford Pkwy,,Sideswipe-Same Direction,2,Clear,Dry,Daylight
2020-04-19T12:34:00.000,I 285,I 285 and Arthur Langford Pkwy,,Not a Collision with Motor Vehicle,1,Rain,Wet,Daylight
2020-02-06T04:29:00.000,I 285,I 285 and Arthur Langford Pkwy,,Angle Crash,3,Rain,Wet,Dark-Lighted
2021-03-19T00:55:00.000,I 285,I 285 and Arthur Langford Pkwy,,Rear End,2,Clear,Dry,Dark-Lighted
2021-02-03T19:48:00.000,I 285,I 285 and Arthur Langford Pkwy,,Angle Crash,2,Clear,Dry,Dark-Not Lighted
2021-03-07T19:55:00.000,I 285,I 285 and Arthur Langford Pkwy,,Sideswipe-Same Direction,2,Clear,Dry,Dark-Lighted
2021-01-04T20:16:00.000,I 285,I 285 and Arthur Langford Pkwy,,Sideswipe-Same Direction,2,Clear,Dry,Dark-Lighted
2021-01-10T10:08:00.000,I 285,I 285 and Arthur Langford Pkwy,,Rear End,2,Clear,Dry,Daylight
2021-02-03T19:09:00.000,I 285,I 285 and Arthur Langford Pkwy,,Sideswipe-Same Direction,2,Clear,Dry,Dark-Lighted
2020-11-25T12:44:00.000,I 285,I 285 and Arthur Langford E Bound,,Rear End,2,Clear,Dry,Daylight
2020-05-16T15:27:00.000,I 285,I 285 and Arthur Langford,,Sideswipe-Same Direction,2,Clear,Dry,Daylight
2022-07-02T15:32:00.000,I 285,I 285 and Akers Mill Rd,,Rear End,2,Clear,Dry,Daylight
2021-04-06T19:04:00.000,I 285,I 285 and Airport Loop Rd To I285 Cd,,Rear End,2,Clear,Dry,Daylight
2021-06-10T17:32:00.000,I 285,I 285 and Airport Loop Rd To I285 Cd,,Rear End,3,Clear,Dry,Daylight
2021-05-06T00:00:00.000,I 285,I 285 and Airport Loop Rd To I285 Cd,,Rear End,2,Clear,Dry,Daylight
2020-07-16T16:13:00.000,I 285,I 285 and Airport Loop Rd To I285 Cd,,Not a Collision with Motor Vehicle,1,Clear,Dry,Daylight
2021-04-05T10:32:00.000,I 285,I 285 and Airport Loop Rd To I285 Cd,,Sideswipe-Same Direction,2,Clear,Dry,Daylight
2021-07-09T00:00:00.000,I 285,I 285 and Airport Loop Rd To I285 Cd,,Angle Crash,2,Clear,Dry,Daylight
2023-08-14T17:13:00.000,I 285,I 285 and Airport Loop Rd To I285 Cd,,Sideswipe-Same Direction,2,Clear,Dry,Daylight
2022-12-04T01:36:00.000,I 285,I 285 and Airport Loop Rd Rp,,Rear End,2,Clear,Dry,Dark-Not Lighted
2020-02-16T21:48:00.000,I 285,I 285 and Airport Loop Rd,,Sideswipe-Same Direction,3,Cloudy,Wet,Dark-Not Lighted
2023-05-02T08:26:00.000,I 285,I 285 and Airport Loop Rd,,Sideswipe-Same Direction,2,Clear,Dry,Daylight
2023-06-23T20:10:00.000,I 285,I 285 and Airport Loop Rd,,Sideswipe-Same Direction,2,Clear,Dry,Dark-Not Lighted
2023-11-29T18:00:00.000,I 285,I 285 and Airport Loop Rd,,Sideswipe-Same Direction,3,Clear,Dry,Daylight
2023-08-16T16:51:00.000,I 285,I 285 and Airport Loop Rd,,Angle Crash,2,Cloudy,Dry,Daylight
2023-12-29T14:55:00.000,I 285,I 285 and Airport Loop Rd,,Sideswipe-Same Direction,2,Clear,Dry,Daylight
2023-02-15T07:37:00.000,I 285,I 285 and Airport Loop Rd,,Sideswipe-Same Direction,2,Clear,Dry,Daylight
2020-06-11T17:30:00.000,I 285,I 285 and Airport Loop Rd,,Sideswipe-Same Direction,2,Clear,Dry,Daylight
2020-06-06T16:00:00.000,I 285,I 285 and Airport Loop Rd,,Not a Collision with Motor Vehicle,1,Cloudy,Dry,Daylight
2020-06-16T15:50:00.000,I 285,I 285 and Airport Loop Rd,,Angle Crash,2,Cloudy,Dry,Daylight
2020-10-28T16:20:00.000,I 285,I 285 and Airport Loop Rd,,Sideswipe-Same Direction,2,Cloudy,Dry,Daylight
2020-11-28T22:00:00.000,I 285,I 285 and Airport Loop Rd,,Sideswipe-Same Direction,2,Clear,Dry,Dark-Not Lighted
2020-11-10T20:55:00.000,I 285,I 285 and Airport Loop Rd,,Rear End,2,Rain,Wet,Dark-Lighted
2020-11-01T04:30:00.000,I 285,I 285 and Airport Loop Rd,,Rear End,2,Cloudy,Wet,Dark-Not Lighted
2020-05-24T12:42:00.000,I 285,I 285 and Airport Loop Rd,,Not a Collision with Motor Vehicle,2,Clear,Dry,Daylight
2021-03-14T11:34:00.000,I 285,I 285 and Airport Loop Rd,,Sideswipe-Same Direction,2,Clear,Dry,Daylight
2021-04-22T05:00:00.000,I 285,I 285 and Airport Loop Rd,,Sideswipe-Same Direction,2,Clear,Dry,Dark-Not Lighted
2021-05-16T19:43:00.000,I 285,I 285 and Airport Loop Rd,,Sideswipe-Same Direction,2,Clear,Dry,Daylight
2022-08-20T11:31:00.000,I 285,I 285 and Airport Loop Rd,,Sideswipe-Same Direction,2,Clear,Dry,Daylight
2021-11-02T14:44:00.000,I 285,I 285 and Airport Loop Rd,,Angle Crash,2,Clear,Dry,Daylight
2022-11-08T16:38:00.000,I 285,I 285 and Airport Loop Rd,,Rear End,2,Clear,Dry,Dawn
2022-11-10T07:00:00.000,I 285,I 285 and Airport Loop Rd,,Sideswipe-Same Direction,2,Cloudy,Dry,Daylight
2022-12-29T12:55:00.000,I 285,I 285 and Airport Loop Rd,,Rear End,3,Clear,Dry,Daylight
2022-01-17T13:51:00.000,I 285,I 285 and Airport Loop Rd,,Angle Crash,2,Cloudy,Wet,Daylight
2022-12-29T12:24:00.000,I 285,I 285 and Airport Loop Rd,,Sideswipe-Same Direction,3,Clear,Dry,Daylight
2024-10-23T15:40:00.000,I 285,I 285 and Airport Loop Rd,,Rear End,2,Clear,Dry,Daylight
2023-11-23T13:13:00.000,I 285,I 285 and Airport Loop Rd,,Not a Collision with Motor Vehicle,1,Clear,Dry,Daylight
2024-01-23T17:20:00.000,I 285,I 285 and Airport Loop Rd,,Sideswipe-Same Direction,3,Cloudy,Dry,Daylight
2024-11-05T12:15:00.000,I 285,I 285 and Airport Loop Rd,,Sideswipe-Same Direction,2,Clear,Dry,Daylight
2024-04-24T09:10:00.000,I 285,I 285 and Airport Loop Rd,,Rear End,2,Cloudy,Dry,Daylight
2024-10-23T15:10:00.000,I 285,I 285 and Airport Loop Rd,,Rear End,2,Clear,Dry,Daylight
2023-08-06T15:30:00.000,I 285,I 285 and Agape Way,,Not a Collision with Motor Vehicle,1,Rain,Water (standing or moving),Daylight
2023-03-31T15:50:00.000,I 285,I 285 and Agape Way,,Angle Crash,2,Clear,Dry,Daylight
2023-03-13T16:00:00.000,I 285,I 285 and Agape Way,,Rear End,2,Clear,Dry,Daylight
2023-08-16T14:30:00.000,I 285,I 285 and Agape Way,,Angle Crash,2,Clear,Dry,Daylight
2023-01-23T03:00:00.000,I 285,I 285 and Agape Way,,Not a Collision with Motor Vehicle,1,Clear,Dry,Dark-Not Lighted
2021-06-11T08:45:00.000,I 285,I 285 and Agape Way,,Sideswipe-Same Direction,2,Clear,Dry,Daylight
2021-12-23T13:30:00.000,I 285,I 285 and Agape Way,,Angle Crash,2,Clear,Dry,Daylight
2022-08-05T14:48:00.000,I 285,I 285 and Agape Way,,Angle Crash,2,Clear,Dry,Daylight
2022-07-06T15:20:00.000,I 285,I 285 and Agape Way,,Angle Crash,2,Clear,Dry,Daylight
2024-03-22T17:00:00.000,I 285,I 285 and Agape Way,,Angle Crash,2,Rain,Wet,Daylight
2024-03-13T15:45:00.000,I 285,I 285 and Agape Way,,Rear End,2,Clear,Dry,Daylight
2024-02-17T18:00:00.000,I 285,I 285 and Agape Way,,Rear End,2,Clear,Dry,Daylight
2023-11-19T20:59:00.000,I 285,I 285 and Agape Way,,Angle Crash,2,Clear,Dry,Daylight
2023-10-18T14:27:00.000,I 285,I 285 and Agape Way,,Rear End,2,Clear,Dry,Daylight
2023-12-28T18:45:00.000,I 285,I 285 and Agape Way,,Sideswipe-Same Direction,2,Clear,Dry,Dark-Not Lighted
2023-08-13T15:35:00.000,I 285,I 285 and Agape Way,,Rear End,4,Clear,Dry,Daylight
2024-03-12T14:44:00.000,I 285,I 285 and Agape Way,,Sideswipe-Same Direction,2,Clear,Dry,Daylight
2024-11-20T18:36:00.000,I 285,I 285 and Agape Way,,Sideswipe-Same Direction,2,Clear,Dry,Dark-Not Lighted
2022-09-15T14:40:00.000,I 285,I 285 and After S. Cobb Dr,,Rear End,2,Clear,Dry,Daylight
2022-09-30T13:44:00.000,I 285,I 285 and After Ramp From Cobb Pkwy,,Sideswipe-Same Direction,2,Cloudy,Dry,Daylight
2022-10-03T12:24:00.000,I 285,I 285 and After Paces Ferry Rd,,Rear End,2,Clear,Dry,Daylight
2024-06-19T08:00:00.000,I 285,I 285 and After Moreland Ave,,Not a Collision with Motor Vehicle,2,Clear,Dry,Daylight
2024-05-17T16:00:00.000,I 285,I 285 and After Memorial Dr Exit Rp,,Angle Crash,2,Clear,Dry,Daylight
2024-05-07T18:40:00.000,I 285,I 285 and After Memorial Dr Entry Rp,,Rear End,3,Clear,Dry,Daylight
2024-10-24T15:00:00.000,I 285,I 285 and After Lawrenceville Hwy Exit Rp,,Angle Crash,2,Clear,Dry,Daylight
2024-10-24T17:00:00.000,I 285,I 285 and After Lawrenceville Hwy Exit Rp,,Angle Crash,2,Clear,Dry,Daylight
2024-06-25T17:00:00.000,I 285,I 285 and After Lawrenceville Hwy Exit Rp,,Rear End,2,Clear,Dry,Daylight
2024-06-22T00:00:00.000,I 285,I 285 and After Lawrenceville Hwy Entry Rp,,Angle Crash,2,Clear,Dry,Daylight
2024-07-10T08:22:00.000,I 285,I 285 and After I20,,Rear End,3,Clear,Dry,Daylight
2024-08-15T14:12:00.000,I 285,I 285 and After Glenwood Rd.,,Sideswipe-Same Direction,2,Clear,Dry,Daylight
2023-04-24T17:38:00.000,I 285,I 285 and After Flat Shoals Pkwy,,Sideswipe-Same Direction,2,Clear,Dry,Daylight
2022-06-17T12:13:00.000,I 285,I 285 and After Donald Lee Hollowell Par,,Rear End,2,Clear,Dry,Daylight
2022-11-15T13:12:00.000,I 285,I 285 and After Donald Lee Hollowell Par,,Rear End,2,Cloudy,Wet,Daylight
2022-11-14T17:36:00.000,I 285,I 285 and After Donald Lee Hollowell Par,,Rear End,2,Cloudy,Dry,Daylight
2024-02-19T16:50:00.000,I 285,I 285 and After Chamblee Tucker Exit Rp,,Rear End,3,Clear,Dry,Daylight
2024-10-16T10:26:00.000,I 285,I 285 and After Buford Hwy,,Rear End,4,Clear,Dry,Daylight
2023-10-26T09:04:00.000,I 285,I 285 and After Bouldercrest Rd.,,Rear End,2,Clear,Dry,Daylight
2024-10-13T07:31:00.000,I 285,I 285 and After Bouldercrest Rd.,,Sideswipe-Same Direction,2,Clear,Dry,Dawn
2022-12-19T06:43:00.000,I 285,I 285 and After 400,,Sideswipe-Same Direction,2,Clear,Dry,Dark-Not Lighted
2021-08-25T09:00:00.000,I 285,I 285 and Access Rd,,Rear End,2,Clear,Dry,Daylight
2021-05-14T13:51:00.000,I 285,I 285 and 85 Split,,Rear End,2,Clear,Dry,Daylight
2020-12-13T03:40:00.000,I 285,I 285 and 85 Split,,Rear End,2,Cloudy,Wet,Dark-Not Lighted
2020-06-15T20:35:00.000,I 285,I 285 and 85 Split,,Rear End,2,Clear,Dry,Dark-Not Lighted
2024-09-20T18:32:00.000,I 285,I 285 and 85 Split,,Sideswipe-Same Direction,2,Clear,Dry,Daylight
2020-12-26T22:56:00.000,I 285,I 285 and 85 S Split,,Sideswipe-Same Direction,2,Clear,Dry,Dark-Not Lighted
2020-12-04T05:40:00.000,I 285,I 285 and 85 S Split,,Rear End,2,Clear,Dry,Dark-Not Lighted
2021-09-03T03:26:00.000,I 285,I 285 and 85 S Rp,,Not a Collision with Motor Vehicle,1,Clear,Dry,Dark-Not Lighted
2021-09-01T20:45:00.000,I 285,I 285 and 85 S Rp,,Sideswipe-Same Direction,2,Clear,Dry,Dark-Not Lighted
2021-03-26T12:28:00.000,I 285,I 285 and 85 S Onh Rp,,Rear End,2,Clear,Dry,Daylight
2021-03-02T07:19:00.000,I 285,I 285 and 85 S Inte  85N Inte Split,,Rear End,2,Clear,Dry,Daylight
2020-06-26T08:42:00.000,I 285,I 285 and 85 S Int,,Not a Collision with Motor Vehicle,2,Clear,Dry,Daylight
2022-12-03T21:15:00.000,I 285,I 285 and 85 S Exit Rp,,Angle Crash,2,Clear,Dry,Dark-Lighted
2021-05-21T22:22:00.000,I 285,I 285 and 85 S 85 N Split,,Rear End,2,Clear,Dry,Dark-Not Lighted
2021-05-31T23:46:00.000,I 285,I 285 and 85 S 85 N Split,,Rear End,3,Clear,Dry,Dark-Not Lighted
2021-07-01T09:39:00.000,I 285,I 285 and 85 S 85 N Split,,Rear End,4,Clear,Dry,Daylight
2021-05-13T05:58:00.000,I 285,I 285 and 85 S 85 N Rp,,Rear End,2,Clear,Dry,Daylight
2021-02-07T05:14:00.000,I 285,I 285 and 85 S 285 E Rp,,Not a Collision with Motor Vehicle,1,Rain,Wet,Dark-Lighted
2020-12-03T16:41:00.000,I 285,I 285 and 85 S 285 E Rp,,Sideswipe-Same Direction,2,Cloudy,Dry,Daylight
2020-03-03T17:17:00.000,I 285,I 285 and 85 Nsplit,,Sideswipe-Same Direction,2,Clear,Dry,Daylight
2020-12-08T07:49:00.000,I 285,I 285 and 85 Ns On Rp,,Sideswipe-Same Direction,2,Clear,Dry,Daylight
2022-12-30T23:24:00.000,I 285,I 285 and 85 N Split,,Head On,2,Rain,Wet,Dark-Lighted
2021-06-15T18:03:00.000,I 285,I 285 and 85 N Spilit,,Sideswipe-Same Direction,2,Clear,Dry,Daylight
2021-08-11T09:37:00.000,I 285,I 285 and 85 N S Split,,Sideswipe-Same Direction,3,Clear,Dry,Daylight
2021-08-26T06:52:00.000,I 285,I 285 and 85 N S Split,,Rear End,2,Clear,Dry,Daylight
2021-08-11T10:26:00.000,I 285,I 285 and 85 N S Split,,Sideswipe-Same Direction,2,Clear,Dry,Daylight
2020-07-01T17:33:00.000,I 285,I 285 and 85 N S Split,,Sideswipe-Same Direction,2,Clear,Dry,Daylight
2020-06-22T15:35:00.000,I 285,I 285 and 85 N S Split,,Sideswipe-Same Direction,2,Clear,Dry,Daylight
2021-03-07T20:13:00.000,I 285,I 285 and 85 N Rp,,Angle Crash,3,Cloudy,Dry,Dark-Not Lighted
2020-12-24T14:29:00.000,I 285,I 285 and 85 N Rp,,Angle Crash,2,Rain,Wet,Daylight
2020-12-21T16:20:00.000,I 285,I 285 and 85 N Rp,,Rear End,2,Clear,Dry,Daylight
2020-09-05T05:39:00.000,I 285,I 285 and 85 N Onh Rp,,Sideswipe-Same Direction,2,Clear,Dry,Daylight
2020-12-04T07:37:00.000,I 285,I 285 and 85 N Inte Rp,,Rear End,2,Cloudy,Dry,Daylight
2020-06-13T09:09:00.000,I 285,I 285 and 85 N Int,,Sideswipe-Same Direction,2,Clear,Dry,Daylight
2020-05-02T03:16:00.000,I 285,I 285 and 85 N Int,,Sideswipe-Same Direction,2,Clear,Dry,Dark-Lighted
2020-02-22T04:47:00.000,I 285,I 285 and 85 N Cd Rp,,Not a Collision with Motor Vehicle,1,Clear,Dry,Dark-Lighted
2021-09-27T08:36:00.000,I 285,I 285 and 85 N And 85 S Split,,Sideswipe-Same Direction,2,Clear,Dry,Daylight
2021-05-03T14:40:00.000,I 285,I 285 and 85 N And 85,,Rear End,2,Clear,Wet,Daylight
2021-03-09T14:51:00.000,I 285,I 285 and 85 N Airport Rp,,Rear End,2,Clear,Dry,Daylight
2021-07-10T18:08:00.000,I 285,I 285 and 85 N Airport Rp,,Sideswipe-Same Direction,2,Clear,Dry,Daylight
2021-05-04T07:31:00.000,I 285,I 285 and 85 N 85 S Split,,Sideswipe-Same Direction,2,Cloudy,Dry,Daylight
2021-02-03T14:48:00.000,I 285,I 285 and 85 N 85 S Split,,Rear End,2,Clear,Dry,Daylight
2021-07-19T16:12:00.000,I 285,I 285 and 85 N 85 S Split,,Sideswipe-Same Direction,2,Cloudy,Wet,Daylight
2021-06-28T17:46:00.000,I 285,I 285 and 85 N 85 S Split,,Rear End,2,Clear,Dry,Daylight
2021-07-10T19:13:00.000,I 285,I 285 and 85 N 85 S Split,,Sideswipe-Same Direction,2,Rain,Wet,Dark-Lighted
2021-06-09T17:58:00.000,I 285,I 285 and 85 N 85 S Split,,Rear End,2,Clear,Dry,Daylight
2021-09-14T10:03:00.000,I 285,I 285 and 85 N 85 S Split,,Sideswipe-Same Direction,2,Clear,Dry,Daylight
2020-02-11T06:02:00.000,I 285,I 285 and 85 N 85,,Sideswipe-Same Direction,2,Rain,Wet,Dark-Lighted
2024-08-26T15:30:00.000,I 285,I 285 and 85 Exit Rp,,Rear End,3,Clear,Dry,Daylight
2022-12-19T00:00:00.000,I 285,I 285 and 78 Hwy,,Rear End,2,Clear,Dry,Daylight
2024-04-03T00:55:00.000,I 285,I 285 and 78 Entry,,Not a Collision with Motor Vehicle,1,Rain,Wet,Dark-Lighted
2022-01-26T11:45:00.000,I 285,I 285 and 78 Entrance,,Sideswipe-Same Direction,2,Clear,Dry,Daylight
2022-09-12T16:05:00.000,I 285,I 285 and 75 S Rp,,Not a Collision with Motor Vehicle,1,Clear,Dry,Daylight
2024-04-06T05:53:00.000,I 285,I 285 and 400 Off Ramp I285,,Sideswipe-Same Direction,2,Clear,Dry,Daylight
2020-02-11T08:42:00.000,I 285,I 285 and 3330 Martin Luther King Jr,,Rear End,3,Rain,Wet,Daylight
2021-03-06T13:38:00.000,I 285,I 285 and 285 W Split,,Sideswipe-Same Direction,2,Clear,Dry,Daylight
2020-09-12T18:55:00.000,I 285,I 285 and 285 W Split,,Rear End,2,Clear,Dry,Dawn
2020-12-18T10:18:00.000,I 285,I 285 and 285 W Split,,Rear End,2,Clear,Dry,Daylight
2021-09-15T17:21:00.000,I 285,I 285 and 285 W Split,,Sideswipe-Same Direction,2,Clear,Dry,Daylight
2021-07-22T13:07:00.000,I 285,I 285 and 285 W Split,,Sideswipe-Same Direction,2,Clear,Dry,Daylight
2021-04-16T11:53:00.000,I 285,I 285 and 285 W Rp,,Sideswipe-Same Direction,2,Clear,Dry,Daylight
2020-12-17T18:06:00.000,I 285,I 285 and 285 W Onh Cd,,Sideswipe-Same Direction,3,Clear,Dry,Dark-Lighted
2021-06-16T08:15:00.000,I 285,I 285 and 285 W Old National Cd,,Sideswipe-Same Direction,2,Clear,Dry,Daylight
2021-07-06T20:31:00.000,I 285,I 285 and 285 W 85 Split,,Rear End,2,Clear,Dry,Dark-Lighted
2021-03-17T08:04:00.000,I 285,I 285 and 285 W 85 S Rp,,Rear End,2,Cloudy,Wet,Daylight
2021-04-25T20:28:00.000,I 285,I 285 and 285 W 85 S Rp,,Sideswipe-Same Direction,2,Clear,Dry,Daylight
2021-05-22T19:00:00.000,I 285,I 285 and 285 W 85 S Rp,,Sideswipe-Same Direction,2,Clear,Dry,Daylight
2020-12-21T17:35:00.000,I 285,I 285 and 285 W 85 S Rp,,Angle Crash,2,Clear,Dry,Daylight
2020-02-12T05:11:00.000,I 285,I 285 and 285 W 85 S Rp,,Sideswipe-Same Direction,2,Clear,Dry,Dark-Not Lighted
2021-03-26T13:43:00.000,I 285,I 285 and 285 W 85 S Rp,,Rear End,2,Clear,Dry,Daylight
2021-01-22T17:33:00.000,I 285,I 285 and 285 W 85 S Rp,,Sideswipe-Same Direction,2,Clear,Dry,Daylight
2021-08-16T23:27:00.000,I 285,I 285 and 285 W 85 N Rp,,Sideswipe-Same Direction,2,Rain,Wet,Dark-Lighted