Date and Time,Roadway (From Crash Report),Intersection Name (from Crash Report),KABCO Severity,Manner of Collision (Crash Level) ,# of Vehicles per crash ,Weather Conditions (Crash Level),Surface Condition (Crash Level) ,Light Conditions (Crash Level)
2020-04-11T19:25:00.000,I 285,I 285 and 285 W  85 Split,,Not a Collision with Motor Vehicle,1,Clear,Dry,Daylight
2021-08-06T07:49:00.000,I 285,I 285 and 285 S 85S Rp,,Sideswipe-Same Direction,2,Clear,Dry,Daylight
2021-01-07T02:50:00.000,I 285,I 285 and 285 On From Memorial Dr,,Sideswipe-Same Direction,2,Clear,Dry,Dark-Not Lighted
2021-10-20T15:30:00.000,I 285,I 285 and 285 On From Memorial Dr,,Sideswipe-Same Direction,2,Clear,Dry,Daylight
2021-01-21T09:50:00.000,I 285,I 285 and 285 On From Memorial Dr,,Rear End,2,Rain,Wet,Daylight
2021-07-24T02:36:00.000,I 285,I 285 and 285 On From Memorial Dr,,Sideswipe-Same Direction,2,Clear,Dry,Dark-Not Lighted
2021-09-13T17:34:00.000,I 285,I 285 and 285 On From Memorial Dr,,Rear End,2,Clear,Dry,Daylight
2021-08-25T15:41:00.000,I 285,I 285 and 285 On From Memorial Dr,,Rear End,5,Clear,Dry,Daylight
2021-09-07T14:27:00.000,I 285,I 285 and 285 On From Memorial Dr,,Rear End,2,Cloudy,Dry,Daylight
2021-02-15T12:27:00.000,I 285,I 285 and 285 On From Memorial Dr,,Rear End,2,Rain,Wet,Daylight
2020-06-17T16:20:00.000,I 285,I 285 and 285 On From Memorial Dr,,Rear End,2,Clear,Dry,Daylight
2020-10-02T16:52:00.000,I 285,I 285 and 285 On From Memorial Dr,,Sideswipe-Same Direction,2,Clear,Dry,Daylight
2023-07-02T14:23:00.000,I 285,I 285 and 285 On From Memorial Dr,,Rear End,3,Clear,Dry,Daylight
2023-08-25T06:20:00.000,I 285,I 285 and 285 On From Memorial Dr,,Not a Collision with Motor Vehicle,1,Clear,Dry,Daylight
2023-08-24T06:17:00.000,I 285,I 285 and 285 On From Memorial Dr,,Sideswipe-Same Direction,2,Clear,Dry,Daylight
2023-05-21T01:00:00.000,I 285,I 285 and 285 On From Memorial Dr,,Not a Collision with Motor Vehicle,1,Rain,Wet,Dark-Lighted
2023-05-21T09:11:00.000,I 285,I 285 and 285 On From Memorial Dr,,Sideswipe-Same Direction,2,Cloudy,Dry,Daylight
2023-11-08T11:11:00.000,I 285,I 285 and 285 On From Memorial Dr,,Rear End,2,Clear,Dry,Daylight
2023-01-10T07:36:00.000,I 285,I 285 and 285 On From Memorial Dr,,Angle Crash,2,Clear,Dry,Daylight
2023-12-08T12:57:00.000,I 285,I 285 and 285 On From Memorial Dr,,Rear End,2,Clear,Dry,Daylight
2023-08-07T18:34:00.000,I 285,I 285 and 285 On From Memorial Dr,,Not a Collision with Motor Vehicle,1,Rain,Water (standing or moving),Daylight
2023-11-08T10:07:00.000,I 285,I 285 and 285 On From Memorial Dr,,Rear End,2,Clear,Dry,Daylight
2022-09-18T12:49:00.000,I 285,I 285 and 285 On From Memorial Dr,,Rear End,2,Clear,Dry,Daylight
2022-09-27T12:23:00.000,I 285,I 285 and 285 On From Memorial Dr,,Sideswipe-Same Direction,2,Clear,Dry,Daylight
2020-07-24T15:30:00.000,I 285,I 285 and 285 On From Memorial Dr,,Not a Collision with Motor Vehicle,2,Clear,Dry,Daylight
2020-09-07T14:42:00.000,I 285,I 285 and 285 On From Memorial Dr,,Sideswipe-Same Direction,2,Clear,Dry,Daylight
2020-06-07T23:05:00.000,I 285,I 285 and 285 On From Memorial Dr,,Angle Crash,2,Clear,Dry,Dark-Not Lighted
2020-06-13T15:00:00.000,I 285,I 285 and 285 On From Memorial Dr,,Rear End,2,Cloudy,Dry,Daylight
2020-10-17T20:10:00.000,I 285,I 285 and 285 On From Memorial Dr,,Angle Crash,2,Clear,Dry,Dark-Lighted
2020-12-23T13:01:00.000,I 285,I 285 and 285 On From Memorial Dr,,Rear End,2,Clear,Dry,Daylight
2020-06-11T21:10:00.000,I 285,I 285 and 285 On From Memorial Dr,,Rear End,3,Clear,Dry,Daylight
2020-02-18T15:12:00.000,I 285,I 285 and 285 On From Memorial Dr,,Angle Crash,3,Rain,Wet,Dark-Lighted
2020-07-09T00:00:00.000,I 285,I 285 and 285 On From Memorial Dr,,Angle Crash,2,Clear,Dry,Daylight
2020-01-06T08:08:00.000,I 285,I 285 and 285 On From Memorial Dr,,Rear End,2,Clear,Dry,Daylight
2020-09-20T02:32:00.000,I 285,I 285 and 285 On From Memorial Dr,,Not a Collision with Motor Vehicle,1,Clear,Dry,Dark-Not Lighted
2020-02-21T16:37:00.000,I 285,I 285 and 285 On From Memorial Dr,,Rear End,2,Clear,Dry,Daylight
2020-06-25T15:00:00.000,I 285,I 285 and 285 On From Memorial Dr,,Rear End,2,Rain,Wet,Daylight
2020-01-28T19:20:00.000,I 285,I 285 and 285 On From Memorial Dr,,Rear End,2,Clear,Dry,Dark-Lighted
2021-07-24T21:17:00.000,I 285,I 285 and 285 On From Memorial Dr,,Sideswipe-Same Direction,2,Cloudy,Dry,Dark-Not Lighted
2022-02-04T15:27:00.000,I 285,I 285 and 285 On From Memorial Dr,,Rear End,3,Cloudy,Dry,Daylight
2022-05-28T14:37:00.000,I 285,I 285 and 285 On From Memorial Dr,,Sideswipe-Same Direction,2,Cloudy,Dry,Daylight
2022-05-19T08:36:00.000,I 285,I 285 and 285 On From Memorial Dr,,Sideswipe-Same Direction,2,Clear,Dry,Daylight
2022-09-12T14:55:00.000,I 285,I 285 and 285 On From Memorial Dr,,Rear End,2,Clear,Dry,Daylight
2022-10-07T18:43:00.000,I 285,I 285 and 285 On From Memorial Dr,,Sideswipe-Same Direction,2,Clear,Dry,Dusk
2021-10-05T09:09:00.000,I 285,I 285 and 285 On From Memorial Dr,,Angle Crash,2,Rain,Wet,Daylight
2022-07-20T13:46:00.000,I 285,I 285 and 285 On From Memorial Dr,,Rear End,3,Cloudy,Dry,Daylight
2022-10-15T23:39:00.000,I 285,I 285 and 285 On From Memorial Dr,,Angle Crash,3,Clear,Dry,Dark-Not Lighted
2022-06-25T15:55:00.000,I 285,I 285 and 285 On From Memorial Dr,,Rear End,2,Cloudy,Dry,Daylight
2022-10-26T08:30:00.000,I 285,I 285 and 285 On From Memorial Dr,,Rear End,2,Clear,Dry,Dawn
2022-09-04T20:54:00.000,I 285,I 285 and 285 On From Memorial Dr,,Sideswipe-Same Direction,2,Rain,Wet,Dark-Not Lighted
2022-11-29T17:18:00.000,I 285,I 285 and 285 On From Memorial Dr,,Rear End,2,Clear,Dry,Dark-Lighted
2022-07-26T17:33:00.000,I 285,I 285 and 285 On From Memorial Dr,,Rear End,2,Clear,Dry,Daylight
2022-03-05T14:38:00.000,I 285,I 285 and 285 On From Memorial Dr,,Rear End,2,Clear,Dry,Daylight
2022-08-02T12:29:00.000,I 285,I 285 and 285 On From Memorial Dr,,Sideswipe-Same Direction,2,Clear,Dry,Daylight
2022-12-13T18:50:00.000,I 285,I 285 and 285 On From Memorial Dr,,Rear End,2,Cloudy,Dry,Dark-Lighted
2024-05-31T10:04:00.000,I 285,I 285 and 285 On From Memorial Dr,,Rear End,3,Clear,Dry,Daylight
2024-09-05T08:35:00.000,I 285,I 285 and 285 On From Memorial Dr,,Angle Crash,2,Clear,Dry,Daylight
2024-12-15T07:13:00.000,I 285,I 285 and 285 On From Memorial Dr,,Not a Collision with Motor Vehicle,1,Clear,Wet,Daylight
2024-07-27T11:29:00.000,I 285,I 285 and 285 On From Memorial Dr,,Sideswipe-Same Direction,2,Cloudy,Dry,Daylight
2023-01-07T09:03:00.000,I 285,I 285 and 285 On From Memorial Dr,,Angle Crash,2,Clear,Dry,Daylight
2023-10-04T06:43:00.000,I 285,I 285 and 285 On From Memorial Dr,,Angle Crash,2,Clear,Dry,Dark-Not Lighted
2023-09-15T06:30:00.000,I 285,I 285 and 285 On From Memorial Dr,,Angle Crash,2,Rain,Wet,Dark-Not Lighted
2023-10-03T11:40:00.000,I 285,I 285 and 285 On From Memorial Dr,,Rear End,2,Clear,Dry,Daylight
2023-10-09T17:40:00.000,I 285,I 285 and 285 On From Memorial Dr,,Rear End,2,Clear,Dry,Daylight
2023-12-08T14:57:00.000,I 285,I 285 and 285 On From Memorial Dr,,Sideswipe-Same Direction,2,Clear,Dry,Daylight
2023-05-22T08:40:00.000,I 285,I 285 and 285 On From Memorial Dr,,Rear End,2,Clear,Dry,Daylight
2023-08-22T07:55:00.000,I 285,I 285 and 285 On From Memorial Dr,,Angle Crash,2,Clear,Dry,Daylight
2024-06-24T16:49:00.000,I 285,I 285 and 285 On From Memorial Dr,,Rear End,3,Clear,Dry,Daylight
2024-08-23T18:25:00.000,I 285,I 285 and 285 On From Memorial Dr,,Rear End,2,Clear,Dry,Daylight
2024-08-26T07:45:00.000,I 285,I 285 and 285 On From Memorial Dr,,Rear End,2,Clear,Dry,Daylight
2024-12-02T15:30:00.000,I 285,I 285 and 285 On From Memorial Dr,,Rear End,2,Clear,Dry,Dusk
2024-10-22T15:27:00.000,I 285,I 285 and 285 On From Memorial Dr,,Sideswipe-Same Direction,2,Clear,Dry,Daylight
2024-10-23T08:36:00.000,I 285,I 285 and 285 On From Memorial Dr,,Sideswipe-Same Direction,2,Clear,Dry,Daylight
2024-05-21T19:54:00.000,I 285,I 285 and 285 On From Memorial Dr,,Angle Crash,3,Clear,Dry,Daylight
2024-07-01T15:00:00.000,I 285,I 285 and 285 On From Memorial Dr,,Not a Collision with Motor Vehicle,1,Clear,Dry,Daylight
2024-09-08T11:56:00.000,I 285,I 285 and 285 On From Memorial Dr,,Sideswipe-Same Direction,2,Clear,Dry,Daylight
2024-12-29T00:20:00.000,I 285,I 285 and 285 On From Memorial Dr,,Sideswipe-Same Direction,2,Rain,Wet,Dark-Lighted
2024-03-21T13:35:00.000,I 285,I 285 and 285 On From Memorial Dr,,Rear End,2,Clear,Dry,Daylight
2024-08-21T16:31:00.000,I 285,I 285 and 285 On From Memorial Dr,,Rear End,2,Clear,Dry,Daylight
2021-01-23T22:15:00.000,I 285,I 285 and 285 On From Marta,,Sideswipe-Same Direction,2,Clear,Dry,Dark-Not Lighted
2021-07-28T21:20:00.000,I 285,I 285 and 285 On From Marta,,Sideswipe-Same Direction,2,Clear,Dry,Dark-Lighted
2020-06-11T16:41:00.000,I 285,I 285 and 285 On From Marta,,Rear End,2,Clear,Dry,Daylight
2023-04-16T12:32:00.000,I 285,I 285 and 285 On From Marta,,Sideswipe-Same Direction,2,Clear,Dry,Daylight
2023-11-27T17:16:00.000,I 285,I 285 and 285 On From Marta,,Sideswipe-Same Direction,2,Clear,Dry,Dusk
2020-08-08T22:55:00.000,I 285,I 285 and 285 On From Marta,,Not a Collision with Motor Vehicle,1,Clear,Dry,Dark-Not Lighted
2020-07-09T15:45:00.000,I 285,I 285 and 285 On From Marta,,Rear End,2,Cloudy,Dry,Daylight
2021-11-01T23:30:00.000,I 285,I 285 and 285 On From Marta,,Angle Crash,2,Clear,Dry,Dark-Lighted
2021-07-30T15:10:00.000,I 285,I 285 and 285 On From Marta,,Sideswipe-Same Direction,2,Clear,Dry,Daylight
2022-09-17T18:14:00.000,I 285,I 285 and 285 On From Marta,,Rear End,2,Clear,Dry,Daylight
2022-02-05T14:06:00.000,I 285,I 285 and 285 On From Marta,,Rear End,2,Clear,Dry,Daylight
2022-04-05T17:16:00.000,I 285,I 285 and 285 On From Marta,,Sideswipe-Same Direction,2,Cloudy,Wet,Daylight
2021-04-24T00:00:00.000,I 285,I 285 and 285 On From Glenwood Rd,,Angle Crash,2,Clear,Wet,Dark-Not Lighted
2021-04-18T15:28:00.000,I 285,I 285 and 285 On From Glenwood Rd,,Rear End,3,Clear,Dry,Daylight
2023-12-18T02:01:00.000,I 285,I 285 and 285 On From Glenwood Rd,,Rear End,2,Clear,Dry,Dark-Lighted
2023-11-11T17:55:00.000,I 285,I 285 and 285 On From Glenwood Rd,,Rear End,2,Clear,Wet,Dark-Lighted
2020-11-21T12:16:00.000,I 285,I 285 and 285 On From Glenwood Rd,,Sideswipe-Same Direction,2,Clear,Dry,Daylight
2020-01-14T13:35:00.000,I 285,I 285 and 285 On From Glenwood Rd,,Rear End,2,Rain,Wet,Daylight
2020-02-20T11:00:00.000,I 285,I 285 and 285 On From Glenwood Rd,,Rear End,2,Rain,Wet,Daylight
2021-02-13T03:30:00.000,I 285,I 285 and 285 On From Glenwood Rd,,Not a Collision with Motor Vehicle,1,Rain,Wet,Dark-Lighted
2021-01-26T04:35:00.000,I 285,I 285 and 285 On From Glenwood Rd,,Not a Collision with Motor Vehicle,1,Rain,Wet,Dark-Not Lighted
2021-08-20T14:10:00.000,I 285,I 285 and 285 On From Glenwood Rd,,Rear End,2,Cloudy,Dry,Daylight
2022-05-09T17:39:00.000,I 285,I 285 and 285 On From Glenwood Rd,,Sideswipe-Same Direction,2,Clear,Dry,Daylight
2022-01-20T15:34:00.000,I 285,I 285 and 285 On From Glenwood Rd,,Rear End,2,Cloudy,Wet,Daylight
2022-08-26T17:13:00.000,I 285,I 285 and 285 On From Glenwood Rd,,Rear End,2,Clear,Dry,Daylight
2023-01-09T14:26:00.000,I 285,I 285 and 285 On From Glenwood Rd,,Rear End,2,Clear,Dry,Daylight
2023-03-07T17:47:00.000,I 285,I 285 and 285 On From Glenwood Rd,,Rear End,2,Clear,Dry,Daylight
2023-08-25T16:24:00.000,I 285,I 285 and 285 On From Glenwood Rd,,Rear End,2,Clear,Dry,Daylight
2023-05-29T15:51:00.000,I 285,I 285 and 285 On From Glenwood Rd,,Rear End,2,Clear,Dry,Daylight
2024-11-05T00:00:00.000,I 285,I 285 and 285 On From Glenwood Rd,,Rear End,2,Clear,Dry,Dark-Lighted
2024-06-11T12:00:00.000,I 285,I 285 and 285 On From Glenwood Rd,,Rear End,4,Clear,Dry,Daylight
2024-08-31T00:10:00.000,I 285,I 285 and 285 On From Glenwood Rd,,Sideswipe-Opposite Direction,7,Clear,Dry,Dark-Not Lighted
2024-09-03T14:00:00.000,I 285,I 285 and 285 On From Glenwood Rd,,Not a Collision with Motor Vehicle,3,Clear,Dry,Daylight
2021-01-20T16:33:00.000,I 285,I 285 and 285 On From E Ponce De Leon,,Not a Collision with Motor Vehicle,1,Clear,Dry,Dusk
2021-06-16T17:29:00.000,I 285,I 285 and 285 On From E Ponce De Leon,,Rear End,2,Clear,Dry,Daylight
2021-07-06T15:10:00.000,I 285,I 285 and 285 On From E Ponce De Leon,,Rear End,3,Clear,Dry,Daylight
2023-08-28T03:35:00.000,I 285,I 285 and 285 On From E Ponce De Leon,,Angle Crash,2,Severe Thunderstorm or Tornadic,Water (standing or moving),Dark-Not Lighted
2023-07-04T11:21:00.000,I 285,I 285 and 285 On From E Ponce De Leon,,Sideswipe-Same Direction,2,Clear,Wet,Daylight
2023-08-24T04:23:00.000,I 285,I 285 and 285 On From E Ponce De Leon,,Not a Collision with Motor Vehicle,2,Clear,Dry,Dark-Not Lighted
2023-04-30T08:59:00.000,I 285,I 285 and 285 On From E Ponce De Leon,,Not a Collision with Motor Vehicle,1,Rain,Wet,Daylight
2023-11-25T00:00:00.000,I 285,I 285 and 285 On From E Ponce De Leon,,Sideswipe-Same Direction,2,Clear,Dry,Daylight
2023-04-30T09:40:00.000,I 285,I 285 and 285 On From E Ponce De Leon,,Sideswipe-Same Direction,2,Rain,Wet,Daylight
2023-03-26T12:33:00.000,I 285,I 285 and 285 On From E Ponce De Leon,,Not a Collision with Motor Vehicle,1,Rain,Wet,Daylight
2020-02-14T19:08:00.000,I 285,I 285 and 285 On From E Ponce De Leon,,Sideswipe-Same Direction,3,Clear,Dry,Dusk
2020-03-14T03:16:00.000,I 285,I 285 and 285 On From E Ponce De Leon,,Sideswipe-Same Direction,2,Clear,Dry,Dark-Not Lighted
2020-04-15T23:48:00.000,I 285,I 285 and 285 On From E Ponce De Leon,,Sideswipe-Same Direction,2,Clear,Dry,Dark-Not Lighted
2020-08-21T13:44:00.000,I 285,I 285 and 285 On From E Ponce De Leon,,Rear End,2,Clear,Dry,Daylight
2020-04-06T21:50:00.000,I 285,I 285 and 285 On From E Ponce De Leon,,Not a Collision with Motor Vehicle,1,Clear,Dry,Dark-Not Lighted
2020-06-02T17:54:00.000,I 285,I 285 and 285 On From E Ponce De Leon,,Sideswipe-Same Direction,2,Clear,Dry,Daylight
2020-10-25T22:50:00.000,I 285,I 285 and 285 On From E Ponce De Leon,,Rear End,3,Cloudy,Dry,Dark-Not Lighted
2020-12-25T21:09:00.000,I 285,I 285 and 285 On From E Ponce De Leon,,Angle Crash,3,Clear,Dry,Dark-Not Lighted
2020-03-17T09:31:00.000,I 285,I 285 and 285 On From E Ponce De Leon,,Not a Collision with Motor Vehicle,2,Fog,Dry,Dawn
2021-03-04T17:01:00.000,I 285,I 285 and 285 On From E Ponce De Leon,,Rear End,2,Clear,Dry,Daylight
2021-12-15T22:20:00.000,I 285,I 285 and 285 On From E Ponce De Leon,,Sideswipe-Same Direction,2,Clear,Dry,Daylight
2021-10-06T15:02:00.000,I 285,I 285 and 285 On From E Ponce De Leon,,Sideswipe-Same Direction,3,Cloudy,Dry,Daylight
2022-08-08T19:10:00.000,I 285,I 285 and 285 On From E Ponce De Leon,,Sideswipe-Same Direction,2,Clear,Dry,Dawn
2022-08-24T17:57:00.000,I 285,I 285 and 285 On From E Ponce De Leon,,Rear End,2,Clear,Dry,Daylight
2022-12-05T22:20:00.000,I 285,I 285 and 285 On From E Ponce De Leon,,Angle Crash,2,Rain,Wet,Dark-Lighted
2022-04-18T18:39:00.000,I 285,I 285 and 285 On From E Ponce De Leon,,Rear End,4,Clear,Dry,Daylight
2022-05-10T15:24:00.000,I 285,I 285 and 285 On From E Ponce De Leon,,Rear End,2,Clear,Dry,Daylight
2022-05-11T15:26:00.000,I 285,I 285 and 285 On From E Ponce De Leon,,Rear End,2,Clear,Dry,Daylight
2024-02-21T06:27:00.000,I 285,I 285 and 285 On From E Ponce De Leon,,Sideswipe-Same Direction,2,Clear,Dry,Dark-Not Lighted
2024-02-12T13:53:00.000,I 285,I 285 and 285 On From E Ponce De Leon,,Rear End,4,Rain,Wet,Daylight
2024-02-06T08:15:00.000,I 285,I 285 and 285 On From E Ponce De Leon,,Rear End,4,Clear,Dry,Daylight
2023-04-08T11:32:00.000,I 285,I 285 and 285 On From E Ponce De Leon,,Sideswipe-Same Direction,2,Rain,Wet,Daylight
2023-07-24T16:50:00.000,I 285,I 285 and 285 On From E Ponce De Leon,,Angle Crash,2,Clear,Dry,Daylight
2023-04-30T09:40:00.000,I 285,I 285 and 285 On From E Ponce De Leon,,Not a Collision with Motor Vehicle,1,Rain,Water (standing or moving),Daylight
2023-04-13T17:05:00.000,I 285,I 285 and 285 On From E Ponce De Leon,,Rear End,2,Rain,Wet,Daylight
2023-05-12T13:29:00.000,I 285,I 285 and 285 On From E Ponce De Leon,,Not a Collision with Motor Vehicle,1,Cloudy,Dry,Daylight
2023-10-03T06:16:00.000,I 285,I 285 and 285 On From E Ponce De Leon,,Rear End,6,Clear,Dry,Daylight
2024-05-27T09:55:00.000,I 285,I 285 and 285 On From E Ponce De Leon,,Not a Collision with Motor Vehicle,1,Rain,Water (standing or moving),Daylight
2024-07-04T20:42:00.000,I 285,I 285 and 285 On From E Ponce De Leon,,Sideswipe-Same Direction,2,Rain,Wet,Dark-Not Lighted
2024-02-12T10:47:00.000,I 285,I 285 and 285 On From E Ponce De Leon,,Not a Collision with Motor Vehicle,1,Rain,Water (standing or moving),Daylight
2024-02-04T22:40:00.000,I 285,I 285 and 285 On From E Ponce De Leon,,Not a Collision with Motor Vehicle,1,Rain,Water (standing or moving),Dark-Not Lighted
2021-07-10T10:25:00.000,I 285,I 285 and 285 On From Covington Hwy,,Rear End,2,Clear,Dry,Daylight
2021-09-29T09:00:00.000,I 285,I 285 and 285 On From Covington Hwy,,Sideswipe-Same Direction,2,Clear,Dry,Daylight
2021-12-30T02:50:00.000,I 285,I 285 and 285 On From Covington Hwy,,Not a Collision with Motor Vehicle,1,Rain,Wet,Dark-Not Lighted
2021-06-26T00:15:00.000,I 285,I 285 and 285 On From Covington Hwy,,Not a Collision with Motor Vehicle,1,Clear,Dry,Dark-Lighted
2021-05-05T00:00:00.000,I 285,I 285 and 285 On From Covington Hwy,,Angle Crash,4,Rain,Wet,Daylight
2021-07-06T09:20:00.000,I 285,I 285 and 285 On From Covington Hwy,,Rear End,3,Clear,Dry,Daylight
2021-12-27T15:28:00.000,I 285,I 285 and 285 On From Covington Hwy,,Not a Collision with Motor Vehicle,2,Clear,Dry,Daylight
2023-06-17T17:38:00.000,I 285,I 285 and 285 On From Covington Hwy,,Rear End,3,Clear,Dry,Daylight
2023-06-19T06:40:00.000,I 285,I 285 and 285 On From Covington Hwy,,Sideswipe-Same Direction,2,Rain,Wet,Daylight
2023-06-17T15:16:00.000,I 285,I 285 and 285 On From Covington Hwy,,Not a Collision with Motor Vehicle,2,Clear,Dry,Daylight
2023-12-03T13:52:00.000,I 285,I 285 and 285 On From Covington Hwy,,Angle Crash,3,Cloudy,Dry,Daylight
2023-05-31T13:15:00.000,I 285,I 285 and 285 On From Covington Hwy,,Sideswipe-Same Direction,2,Cloudy,Dry,Daylight
2023-11-29T08:37:00.000,I 285,I 285 and 285 On From Covington Hwy,,Rear End,2,Clear,Dry,Daylight
2023-03-25T13:20:00.000,I 285,I 285 and 285 On From Covington Hwy,,Rear End,2,Clear,Dry,Daylight
2023-02-09T08:21:00.000,I 285,I 285 and 285 On From Covington Hwy,,Rear End,3,Cloudy,Dry,Daylight
2023-06-14T08:18:00.000,I 285,I 285 and 285 On From Covington Hwy,,Rear End,2,Cloudy,Dry,Daylight
2022-07-04T02:03:00.000,I 285,I 285 and 285 On From Covington Hwy,,Sideswipe-Same Direction,2,Clear,Dry,Dark-Not Lighted
2022-04-07T07:30:00.000,I 285,I 285 and 285 On From Covington Hwy,,Sideswipe-Same Direction,2,Clear,Dry,Daylight
2020-12-07T10:00:00.000,I 285,I 285 and 285 On From Covington Hwy,,Rear End,2,Clear,Dry,Daylight
2020-11-02T11:55:00.000,I 285,I 285 and 285 On From Covington Hwy,,Sideswipe-Same Direction,2,Clear,Dry,Daylight
2020-09-18T14:44:00.000,I 285,I 285 and 285 On From Covington Hwy,,Rear End,2,Clear,Dry,Daylight
2020-03-08T15:30:00.000,I 285,I 285 and 285 On From Covington Hwy,,Rear End,3,Clear,Dry,Daylight
2021-04-09T09:00:00.000,I 285,I 285 and 285 On From Covington Hwy,,Sideswipe-Same Direction,2,Clear,Dry,Daylight
2021-05-14T17:30:00.000,I 285,I 285 and 285 On From Covington Hwy,,Rear End,2,Clear,Dry,Daylight
2021-01-25T14:39:00.000,I 285,I 285 and 285 On From Covington Hwy,,Rear End,2,Clear,Dry,Daylight
2021-09-05T06:46:00.000,I 285,I 285 and 285 On From Covington Hwy,,Sideswipe-Same Direction,2,Clear,Dry,Dark-Not Lighted
2021-12-03T19:15:00.000,I 285,I 285 and 285 On From Covington Hwy,,Sideswipe-Same Direction,2,Clear,Dry,Dark-Not Lighted
2022-04-16T15:00:00.000,I 285,I 285 and 285 On From Covington Hwy,,Not a Collision with Motor Vehicle,1,Cloudy,Dry,Daylight
2022-10-07T21:55:00.000,I 285,I 285 and 285 On From Covington Hwy,,Sideswipe-Same Direction,2,Clear,Dry,Dark-Not Lighted
2022-01-29T16:24:00.000,I 285,I 285 and 285 On From Covington Hwy,,Rear End,2,Clear,Dry,Daylight
2022-09-24T19:54:00.000,I 285,I 285 and 285 On From Covington Hwy,,Sideswipe-Same Direction,2,Clear,Dry,Dark-Lighted
2022-03-22T12:55:00.000,I 285,I 285 and 285 On From Covington Hwy,,Sideswipe-Same Direction,2,Clear,Dry,Daylight
2022-06-07T18:00:00.000,I 285,I 285 and 285 On From Covington Hwy,,Sideswipe-Same Direction,2,Clear,Dry,Daylight
2022-12-02T15:51:00.000,I 285,I 285 and 285 On From Covington Hwy,,Rear End,2,Clear,Dry,Daylight
2022-02-28T10:00:00.000,I 285,I 285 and 285 On From Covington Hwy,,Sideswipe-Same Direction,2,Clear,Dry,Daylight
2022-09-03T16:23:00.000,I 285,I 285 and 285 On From Covington Hwy,,Sideswipe-Same Direction,2,Clear,Dry,Daylight
2022-09-04T21:33:00.000,I 285,I 285 and 285 On From Covington Hwy,,Sideswipe-Same Direction,2,Rain,Wet,Dark-Lighted
2022-06-04T15:00:00.000,I 285,I 285 and 285 On From Covington Hwy,,Rear End,2,Cloudy,Dry,Daylight
2022-06-13T12:57:00.000,I 285,I 285 and 285 On From Covington Hwy,,Sideswipe-Same Direction,2,Clear,Dry,Daylight
2022-10-05T03:40:00.000,I 285,I 285 and 285 On From Covington Hwy,,Angle Crash,2,Clear,Dry,Dark-Lighted
2022-11-10T16:20:00.000,I 285,I 285 and 285 On From Covington Hwy,,Sideswipe-Same Direction,2,Cloudy,Wet,Dusk
2022-03-04T06:20:00.000,I 285,I 285 and 285 On From Covington Hwy,,Sideswipe-Same Direction,2,Clear,Dry,Dark-Not Lighted
2022-11-29T10:30:00.000,I 285,I 285 and 285 On From Covington Hwy,,Angle Crash,2,Clear,Dry,Daylight
2022-03-21T12:50:00.000,I 285,I 285 and 285 On From Covington Hwy,,Rear End,2,Clear,Dry,Daylight
2022-05-11T12:20:00.000,I 285,I 285 and 285 On From Covington Hwy,,Sideswipe-Same Direction,2,Clear,Dry,Daylight
2022-06-28T11:14:00.000,I 285,I 285 and 285 On From Covington Hwy,,Rear End,2,Clear,Dry,Daylight
2022-07-11T18:00:00.000,I 285,I 285 and 285 On From Covington Hwy,,Not a Collision with Motor Vehicle,1,Cloudy,Dry,Daylight
2022-03-27T14:37:00.000,I 285,I 285 and 285 On From Covington Hwy,,Rear End,2,Clear,Dry,Daylight