Date and Time,Roadway (From Crash Report),Intersection Name (from Crash Report),KABCO Severity,Manner of Collision (Crash Level) ,# of Vehicles per crash ,Weather Conditions (Crash Level),Surface Condition (Crash Level) ,Light Conditions (Crash Level)
2022-09-17T03:35:00.000,I 285,I 285 and 285 On From Covington Hwy,,Rear End,3,Clear,Dry,Dark-Not Lighted
2024-08-15T23:45:00.000,I 285,I 285 and 285 On From Covington Hwy,,Rear End,2,Clear,Dry,Dark-Not Lighted
2024-10-13T08:40:00.000,I 285,I 285 and 285 On From Covington Hwy,,Rear End,2,Clear,Dry,Daylight
2023-03-31T05:41:00.000,I 285,I 285 and 285 On From Covington Hwy,,Angle Crash,2,Clear,Dry,Dark-Not Lighted
2023-10-03T06:37:00.000,I 285,I 285 and 285 On From Covington Hwy,,Rear End,2,Clear,Dry,Daylight
2023-10-03T17:05:00.000,I 285,I 285 and 285 On From Covington Hwy,,Rear End,2,Clear,Dry,Dusk
2023-05-14T23:00:00.000,I 285,I 285 and 285 On From Covington Hwy,,Sideswipe-Same Direction,2,Clear,Dry,Dark-Not Lighted
2023-04-13T15:50:00.000,I 285,I 285 and 285 On From Covington Hwy,,Rear End,2,Rain,Wet,Daylight
2024-09-25T17:15:00.000,I 285,I 285 and 285 On From Covington Hwy,,Rear End,2,Rain,Wet,Daylight
2024-03-09T17:00:00.000,I 285,I 285 and 285 On From Covington Hwy,,Sideswipe-Same Direction,2,Clear,Dry,Daylight
2024-02-19T12:06:00.000,I 285,I 285 and 285 On From Covington Hwy,,Rear End,2,Clear,Dry,Daylight
2024-09-25T17:15:00.000,I 285,I 285 and 285 On From Covington Hwy,,Rear End,2,Rain,Wet,Daylight
2024-10-07T07:55:00.000,I 285,I 285 and 285 On From Covington Hwy,,Sideswipe-Same Direction,2,Clear,Dry,Daylight
2024-09-26T11:18:00.000,I 285,I 285 and 285 On From Covington Hwy,,Not a Collision with Motor Vehicle,1,Rain,Wet,Daylight
2024-08-04T04:20:00.000,I 285,I 285 and 285 On From Covington Hwy,,Not a Collision with Motor Vehicle,1,Clear,Dry,Dark-Not Lighted
2024-09-26T19:43:00.000,I 285,I 285 and 285 On From Covington Hwy,,Sideswipe-Same Direction,2,Rain,Wet,Dark-Lighted
2024-03-21T08:55:00.000,I 285,I 285 and 285 On From Covington Hwy,,Rear End,2,Clear,Dry,Daylight
2021-10-22T15:42:00.000,I 285,I 285 and 285 On From Church St,,Rear End,3,Clear,Dry,Daylight
2023-04-19T13:46:00.000,I 285,I 285 and 285 On From Church St,,Angle Crash,2,Clear,Dry,Daylight
2020-12-19T22:42:00.000,I 285,I 285 and 285 On From Church St,,Rear End,2,Clear,Dry,Dark-Not Lighted
2020-02-15T09:06:00.000,I 285,I 285 and 285 On From Church St,,Sideswipe-Same Direction,2,Clear,Dry,Daylight
2020-06-19T08:14:00.000,I 285,I 285 and 285 On From Church St,,Angle Crash,2,Clear,Dry,Daylight
2020-10-07T03:33:00.000,I 285,I 285 and 285 On From Church St,,Sideswipe-Same Direction,2,Clear,Dry,Daylight
2021-10-20T08:34:00.000,I 285,I 285 and 285 On From Church St,,Rear End,2,Clear,Dry,Daylight
2022-08-02T16:55:00.000,I 285,I 285 and 285 On From Church St,,Rear End,2,Clear,Dry,Daylight
2022-12-02T12:39:00.000,I 285,I 285 and 285 On From Church St,,Rear End,3,Clear,Dry,Daylight
2022-05-20T12:52:00.000,I 285,I 285 and 285 On From Church St,,Rear End,2,Clear,Dry,Daylight
2022-02-21T22:30:00.000,I 285,I 285 and 285 On From Church St,,Rear End,2,Rain,Wet,Dark-Not Lighted
2022-02-26T22:03:00.000,I 285,I 285 and 285 On From Church St,,Rear End,2,Clear,Dry,Dark-Not Lighted
2022-08-02T17:37:00.000,I 285,I 285 and 285 On From Church St,,Rear End,2,Clear,Dry,Daylight
2023-01-12T07:05:00.000,I 285,I 285 and 285 On From Church St,,Sideswipe-Same Direction,2,Cloudy,Dry,Dark-Lighted
2024-06-04T12:59:00.000,I 285,I 285 and 285 On From Church St,,Sideswipe-Same Direction,2,Clear,Dry,Daylight
2024-03-14T14:03:00.000,I 285,I 285 and 285 On From Church St,,Rear End,2,Clear,Dry,Daylight
2024-02-12T07:49:00.000,I 285,I 285 and 285 On From Church St,,Angle Crash,2,Rain,Wet,Daylight
2024-11-18T17:07:00.000,I 285,I 285 and 285 On From Church St,,Sideswipe-Same Direction,2,Clear,Dry,Dark-Lighted
2024-02-12T12:13:00.000,I 285,I 285 and 285 On From Church St,,Not a Collision with Motor Vehicle,1,Rain,Wet,Daylight
2021-04-27T18:30:00.000,I 285,I 285 and 285 On,,Rear End,4,Clear,Dry,Daylight
2023-12-28T11:00:00.000,I 285,I 285 and 285 On,,Rear End,2,Clear,Dry,Daylight
2023-03-03T14:03:00.000,I 285,I 285 and 285 On,,Sideswipe-Same Direction,2,Cloudy,Dry,Daylight
2020-04-21T18:45:00.000,I 285,I 285 and 285 On,,Rear End,2,Clear,Dry,Daylight
2020-12-04T10:15:00.000,I 285,I 285 and 285 On,,Not a Collision with Motor Vehicle,2,Cloudy,Dry,Daylight
2020-07-31T17:28:00.000,I 285,I 285 and 285 On,,Rear End,4,Clear,Dry,Daylight
2020-06-09T20:46:00.000,I 285,I 285 and 285 On,,Not a Collision with Motor Vehicle,2,Rain,Wet,Dark-Not Lighted
2020-06-26T18:35:00.000,I 285,I 285 and 285 On,,Rear End,2,Cloudy,Dry,Daylight
2021-04-17T15:02:00.000,I 285,I 285 and 285 On,,Rear End,2,Clear,Dry,Daylight
2021-07-16T04:52:00.000,I 285,I 285 and 285 On,,Not a Collision with Motor Vehicle,1,Clear,Dry,Dark-Not Lighted
2021-12-23T15:01:00.000,I 285,I 285 and 285 On,,Sideswipe-Same Direction,2,Clear,Dry,Daylight
2022-07-09T05:50:00.000,I 285,I 285 and 285 On,,Not a Collision with Motor Vehicle,1,Rain,Wet,Dark-Lighted
2021-09-02T17:47:00.000,I 285,I 285 and 285 On,,Sideswipe-Same Direction,2,Clear,Dry,Daylight
2022-09-06T07:21:00.000,I 285,I 285 and 285 On,,Sideswipe-Same Direction,2,Clear,Dry,Daylight
2022-09-27T06:35:00.000,I 285,I 285 and 285 On,,Sideswipe-Same Direction,4,Clear,Dry,Dark-Lighted
2022-05-11T18:41:00.000,I 285,I 285 and 285 On,,Rear End,2,Clear,Dry,Daylight
2022-01-22T15:54:00.000,I 285,I 285 and 285 On,,Rear End,3,Clear,Dry,Daylight
2022-12-14T14:10:00.000,I 285,I 285 and 285 On,,Rear End,4,Rain,Wet,Daylight
2024-03-29T12:00:00.000,I 285,I 285 and 285 On,,Rear End,2,Clear,Dry,Daylight
2024-04-19T10:00:00.000,I 285,I 285 and 285 On,,Rear End,3,Clear,Dry,Daylight
2024-06-18T16:50:00.000,I 285,I 285 and 285 On,,Rear End,2,Clear,Dry,Daylight
2023-01-26T12:45:00.000,I 285,I 285 and 285 On,,Sideswipe-Same Direction,2,Clear,Dry,Daylight
2023-10-09T17:21:00.000,I 285,I 285 and 285 On,,Sideswipe-Same Direction,2,Clear,Dry,Daylight
2023-12-01T14:28:00.000,I 285,I 285 and 285 On,,Rear End,3,Cloudy,Dry,Daylight
2024-02-01T12:45:00.000,I 285,I 285 and 285 On,,Rear End,4,Clear,Dry,Daylight
2024-12-18T05:00:00.000,I 285,I 285 and 285 On,,Rear End,2,Clear,Dry,Dark-Not Lighted
2024-05-03T10:30:00.000,I 285,I 285 and 285 On,,Sideswipe-Same Direction,2,Clear,Dry,Daylight
2024-04-03T09:30:00.000,I 285,I 285 and 285 On,,Sideswipe-Same Direction,2,Clear,Dry,Daylight
2024-03-09T13:12:00.000,I 285,I 285 and 285 On,,Rear End,2,Cloudy,Dry,Daylight
2024-03-16T12:50:00.000,I 285,I 285 and 285 On,,Rear End,4,Clear,Dry,Daylight
2024-11-09T14:00:00.000,I 285,I 285 and 285 On,,Sideswipe-Same Direction,2,Cloudy,Dry,Daylight
2020-01-31T06:55:00.000,I 285,I 285 and 285 Off To Stone Mtn Fwy Eb,,Rear End,2,Rain,Wet,Dark-Not Lighted
2020-02-21T18:09:00.000,I 285,I 285 and 285 Off To Stone Mtn Fwy Eb,,Rear End,2,Clear,Dry,Daylight
2022-12-04T15:20:00.000,I 285,I 285 and 285 Off To Stone Mtn Fwy Eb,,Rear End,3,Cloudy,Dry,Daylight
2022-09-08T15:26:00.000,I 285,I 285 and 285 Off To Stone Mtn Fwy Eb,,Angle Crash,2,Clear,Dry,Daylight
2021-12-18T14:40:00.000,I 285,I 285 and 285 Off To Stone Mtn Fwy,,Rear End,3,Rain,Wet,Daylight
2021-09-23T18:11:00.000,I 285,I 285 and 285 Off To Stone Mtn Fwy,,Rear End,2,Clear,Dry,Daylight
2021-02-27T14:20:00.000,I 285,I 285 and 285 Off To Stone Mtn Fwy,,Sideswipe-Same Direction,2,Clear,Dry,Daylight
2021-10-27T19:34:00.000,I 285,I 285 and 285 Off To Stone Mtn Fwy,,Rear End,2,Clear,Dry,Dark-Lighted
2023-04-11T16:34:00.000,I 285,I 285 and 285 Off To Stone Mtn Fwy,,Angle Crash,2,Clear,Dry,Daylight
2023-05-08T07:56:00.000,I 285,I 285 and 285 Off To Stone Mtn Fwy,,Not a Collision with Motor Vehicle,1,Cloudy,Wet,Daylight
2023-06-30T19:00:00.000,I 285,I 285 and 285 Off To Stone Mtn Fwy,,Sideswipe-Same Direction,2,Clear,Dry,Daylight
2023-08-12T16:50:00.000,I 285,I 285 and 285 Off To Stone Mtn Fwy,,Sideswipe-Same Direction,2,Rain,Wet,Daylight
2022-08-30T15:46:00.000,I 285,I 285 and 285 Off To Stone Mtn Fwy,,Rear End,2,Rain,Water (standing or moving),Daylight
2020-09-04T15:05:00.000,I 285,I 285 and 285 Off To Stone Mtn Fwy,,Sideswipe-Same Direction,2,Clear,Dry,Daylight
2020-01-05T15:26:00.000,I 285,I 285 and 285 Off To Stone Mtn Fwy,,Sideswipe-Same Direction,2,Clear,Dry,Daylight
2020-11-29T02:55:00.000,I 285,I 285 and 285 Off To Stone Mtn Fwy,,Sideswipe-Same Direction,2,Clear,Dry,Dark-Not Lighted
2020-01-14T14:47:00.000,I 285,I 285 and 285 Off To Stone Mtn Fwy,,Sideswipe-Same Direction,2,Rain,Wet,Daylight
2020-08-25T10:30:00.000,I 285,I 285 and 285 Off To Stone Mtn Fwy,,Sideswipe-Same Direction,2,Rain,Wet,Daylight
2020-10-01T14:57:00.000,I 285,I 285 and 285 Off To Stone Mtn Fwy,,Rear End,2,Clear,Dry,Daylight
2020-06-16T15:46:00.000,I 285,I 285 and 285 Off To Stone Mtn Fwy,,Rear End,2,Clear,Dry,Daylight
2021-05-11T17:00:00.000,I 285,I 285 and 285 Off To Stone Mtn Fwy,,Rear End,2,Cloudy,Dry,Daylight
2022-06-07T16:04:00.000,I 285,I 285 and 285 Off To Stone Mtn Fwy,,Sideswipe-Same Direction,2,Clear,Dry,Daylight
2021-10-22T00:00:00.000,I 285,I 285 and 285 Off To Stone Mtn Fwy,,Rear End,3,Clear,Dry,Daylight
2022-04-12T14:50:00.000,I 285,I 285 and 285 Off To Stone Mtn Fwy,,Rear End,2,Cloudy,Dry,Daylight
2022-12-26T02:39:00.000,I 285,I 285 and 285 Off To Stone Mtn Fwy,,Sideswipe-Same Direction,2,Clear,Dry,Dark-Not Lighted
2022-11-09T15:50:00.000,I 285,I 285 and 285 Off To Stone Mtn Fwy,,Rear End,2,Clear,Dry,Daylight
2022-10-07T13:30:00.000,I 285,I 285 and 285 Off To Stone Mtn Fwy,,Rear End,2,Clear,Dry,Daylight
2022-05-13T15:02:00.000,I 285,I 285 and 285 Off To Stone Mtn Fwy,,Sideswipe-Same Direction,3,Clear,Dry,Daylight
2022-05-17T15:43:00.000,I 285,I 285 and 285 Off To Stone Mtn Fwy,,Rear End,2,Clear,Dry,Daylight
2022-10-03T09:40:00.000,I 285,I 285 and 285 Off To Stone Mtn Fwy,,Not a Collision with Motor Vehicle,2,Clear,Dry,Daylight
2022-01-18T18:14:00.000,I 285,I 285 and 285 Off To Stone Mtn Fwy,,Rear End,3,Clear,Dry,Dark-Not Lighted
2023-02-11T22:32:00.000,I 285,I 285 and 285 Off To Stone Mtn Fwy,,Rear End,2,Rain,Wet,Dark-Not Lighted
2023-06-05T23:04:00.000,I 285,I 285 and 285 Off To Stone Mtn Fwy,,Sideswipe-Same Direction,2,Clear,Dry,Dark-Not Lighted
2023-05-22T16:37:00.000,I 285,I 285 and 285 Off To Stone Mtn Fwy,,Sideswipe-Same Direction,3,Cloudy,Dry,Daylight
2023-05-19T15:35:00.000,I 285,I 285 and 285 Off To Stone Mtn Fwy,,Rear End,2,Clear,Dry,Daylight
2021-06-18T08:00:00.000,I 285,I 285 and 285 Off To Pib,,Not a Collision with Motor Vehicle,2,Clear,Dry,Daylight
2022-07-05T21:21:00.000,I 285,I 285 and 285 Off To Pib,,Not a Collision with Motor Vehicle,2,Clear,Dry,Dark-Lighted
2022-08-16T09:55:00.000,I 285,I 285 and 285 Off To Pib,,Angle Crash,2,Clear,Dry,Daylight
2022-06-14T11:28:00.000,I 285,I 285 and 285 Off To Pib,,Sideswipe-Same Direction,3,Clear,Dry,Daylight
2021-02-26T08:00:00.000,I 285,I 285 and 285 Off To Montreal Rd,,Angle Crash,2,Cloudy,Dry,Daylight
2021-11-04T09:38:00.000,I 285,I 285 and 285 Off To Montreal Rd,,Rear End,3,Rain,Wet,Daylight
2020-02-23T15:00:00.000,I 285,I 285 and 285 Off To Montreal Rd,,Sideswipe-Same Direction,2,Clear,Dry,Daylight
2020-02-26T22:35:00.000,I 285,I 285 and 285 Off To Montreal Rd,,Angle Crash,2,Clear,Dry,Dark-Not Lighted
2020-03-14T03:13:00.000,I 285,I 285 and 285 Off To Montreal Rd,,Sideswipe-Same Direction,2,Cloudy,Dry,Dark-Not Lighted
2020-01-27T07:28:00.000,I 285,I 285 and 285 Off To Montreal Rd,,Rear End,2,Cloudy,Dry,Daylight
2020-08-07T12:50:00.000,I 285,I 285 and 285 Off To Montreal Rd,,Sideswipe-Same Direction,2,Clear,Dry,Daylight
2022-03-16T04:20:00.000,I 285,I 285 and 285 Off To Montreal Rd,,Not a Collision with Motor Vehicle,1,Rain,Water (standing or moving),Dark-Not Lighted
2022-12-16T12:44:00.000,I 285,I 285 and 285 Off To Montreal Rd,,Sideswipe-Same Direction,2,Clear,Dry,Daylight
2022-10-22T11:26:00.000,I 285,I 285 and 285 Off To Montreal Rd,,Angle Crash,2,Clear,Dry,Daylight
2022-03-16T04:20:00.000,I 285,I 285 and 285 Off To Montreal Rd,,Sideswipe-Same Direction,2,Rain,Water (standing or moving),Dark-Not Lighted
2024-03-30T14:00:00.000,I 285,I 285 and 285 Off To Montreal Rd,,Sideswipe-Same Direction,2,Clear,Dry,Daylight
2024-08-28T08:01:00.000,I 285,I 285 and 285 Off To Montreal Rd,,Rear End,2,Clear,Dry,Daylight
2021-02-08T19:36:00.000,I 285,I 285 and 285 Off To Memorial Dr,,Sideswipe-Same Direction,3,Clear,Dry,Dark-Lighted
2021-03-15T23:20:00.000,I 285,I 285 and 285 Off To Memorial Dr,,Not a Collision with Motor Vehicle,1,Clear,Wet,Dark-Not Lighted
2021-07-14T16:30:00.000,I 285,I 285 and 285 Off To Memorial Dr,,Rear End,2,Clear,Wet,Daylight
2021-12-17T08:00:00.000,I 285,I 285 and 285 Off To Memorial Dr,,Rear End,3,Clear,Dry,Daylight
2021-05-30T04:32:00.000,I 285,I 285 and 285 Off To Memorial Dr,,Not a Collision with Motor Vehicle,1,Clear,Dry,Dark-Not Lighted
2021-05-13T14:52:00.000,I 285,I 285 and 285 Off To Memorial Dr,,Angle Crash,2,Clear,Dry,Daylight
2021-01-11T12:15:00.000,I 285,I 285 and 285 Off To Memorial Dr,,Rear End,2,Rain,Wet,Daylight
2021-06-27T03:26:00.000,I 285,I 285 and 285 Off To Memorial Dr,,Angle Crash,2,Clear,Dry,Dark-Not Lighted
2021-08-25T17:32:00.000,I 285,I 285 and 285 Off To Memorial Dr,,Sideswipe-Same Direction,2,Cloudy,Dry,Daylight
2021-11-10T08:56:00.000,I 285,I 285 and 285 Off To Memorial Dr,,Sideswipe-Same Direction,2,Clear,Dry,Daylight
2021-11-26T00:00:00.000,I 285,I 285 and 285 Off To Memorial Dr,,Sideswipe-Same Direction,2,Clear,Dry,Dark-Not Lighted
2021-07-16T17:20:00.000,I 285,I 285 and 285 Off To Memorial Dr,,Rear End,2,Clear,Dry,Daylight
2021-10-16T00:00:00.000,I 285,I 285 and 285 Off To Memorial Dr,,Rear End,3,Clear,Dry,Daylight
2021-03-21T13:00:00.000,I 285,I 285 and 285 Off To Memorial Dr,,Rear End,2,Clear,Dry,Daylight
2021-04-20T20:28:00.000,I 285,I 285 and 285 Off To Memorial Dr,,Sideswipe-Same Direction,2,Clear,Dry,Daylight
2021-06-20T00:13:00.000,I 285,I 285 and 285 Off To Memorial Dr,,Angle Crash,2,Rain,Wet,Dark-Not Lighted
2021-12-04T16:14:00.000,I 285,I 285 and 285 Off To Memorial Dr,,Sideswipe-Same Direction,2,Clear,Dry,Daylight
2021-11-01T16:30:00.000,I 285,I 285 and 285 Off To Memorial Dr,,Rear End,2,Clear,Dry,Daylight
2021-02-25T07:00:00.000,I 285,I 285 and 285 Off To Memorial Dr,,Sideswipe-Same Direction,2,Clear,Dry,Dark-Not Lighted
2021-06-20T01:00:00.000,I 285,I 285 and 285 Off To Memorial Dr,,Not a Collision with Motor Vehicle,1,Rain,Wet,Dark-Not Lighted
2023-07-06T08:58:00.000,I 285,I 285 and 285 Off To Memorial Dr,,Rear End,2,Clear,Dry,Daylight
2023-02-01T08:40:00.000,I 285,I 285 and 285 Off To Memorial Dr,,Angle Crash,2,Clear,Dry,Daylight
2023-05-19T15:02:00.000,I 285,I 285 and 285 Off To Memorial Dr,,Angle Crash,2,Cloudy,Dry,Daylight
2023-07-04T18:13:00.000,I 285,I 285 and 285 Off To Memorial Dr,,Sideswipe-Same Direction,2,Rain,Water (standing or moving),Daylight
2023-01-27T13:12:00.000,I 285,I 285 and 285 Off To Memorial Dr,,Angle Crash,2,Clear,Dry,Daylight
2023-08-29T15:00:00.000,I 285,I 285 and 285 Off To Memorial Dr,,Angle Crash,2,Clear,Dry,Daylight
2023-01-22T06:12:00.000,I 285,I 285 and 285 Off To Memorial Dr,,Not a Collision with Motor Vehicle,1,Rain,Wet,Dark-Not Lighted
2023-12-12T07:35:00.000,I 285,I 285 and 285 Off To Memorial Dr,,Sideswipe-Same Direction,2,Clear,Dry,Daylight
2023-03-11T08:01:00.000,I 285,I 285 and 285 Off To Memorial Dr,,Not a Collision with Motor Vehicle,1,Clear,Dry,Daylight
2023-08-30T06:59:00.000,I 285,I 285 and 285 Off To Memorial Dr,,Rear End,2,Clear,Dry,Daylight
2023-08-01T09:08:00.000,I 285,I 285 and 285 Off To Memorial Dr,,Rear End,2,Clear,Dry,Daylight
2023-02-14T09:26:00.000,I 285,I 285 and 285 Off To Memorial Dr,,Rear End,2,Clear,Dry,Daylight
2023-09-19T12:25:00.000,I 285,I 285 and 285 Off To Memorial Dr,,Sideswipe-Same Direction,2,Clear,Dry,Daylight
2023-11-24T14:00:00.000,I 285,I 285 and 285 Off To Memorial Dr,,Angle Crash,2,Clear,Dry,Daylight
2023-04-27T08:50:00.000,I 285,I 285 and 285 Off To Memorial Dr,,Rear End,2,Cloudy,Wet,Daylight
2023-02-08T07:42:00.000,I 285,I 285 and 285 Off To Memorial Dr,,Rear End,3,Cloudy,Dry,Daylight
2023-09-20T07:37:00.000,I 285,I 285 and 285 Off To Memorial Dr,,Rear End,2,Clear,Dry,Daylight
2023-11-08T06:25:00.000,I 285,I 285 and 285 Off To Memorial Dr,,Rear End,2,Clear,Dry,Daylight
2021-09-08T07:15:00.000,I 285,I 285 and 285 Off To Memorial Dr,,Rear End,2,Clear,Dry,Daylight
2020-07-25T05:49:00.000,I 285,I 285 and 285 Off To Memorial Dr,,Rear End,2,Clear,Dry,Dark-Not Lighted
2020-10-01T01:32:00.000,I 285,I 285 and 285 Off To Memorial Dr,,Angle Crash,3,Clear,Dry,Dark-Not Lighted
2020-08-02T13:59:00.000,I 285,I 285 and 285 Off To Memorial Dr,,Angle Crash,2,Clear,Dry,Daylight
2020-07-03T06:15:00.000,I 285,I 285 and 285 Off To Memorial Dr,,Rear End,2,Clear,Dry,Daylight
2020-01-27T07:20:00.000,I 285,I 285 and 285 Off To Memorial Dr,,Sideswipe-Same Direction,2,Clear,Dry,Daylight
2020-12-04T19:35:00.000,I 285,I 285 and 285 Off To Memorial Dr,,Sideswipe-Same Direction,2,Clear,Dry,Dark-Lighted
2020-12-25T03:59:00.000,I 285,I 285 and 285 Off To Memorial Dr,,Angle Crash,2,Clear,Ice/Frost,Dark-Not Lighted
2020-01-23T10:19:00.000,I 285,I 285 and 285 Off To Memorial Dr,,Rear End,2,Clear,Dry,Daylight
2020-01-15T16:45:00.000,I 285,I 285 and 285 Off To Memorial Dr,,Sideswipe-Same Direction,2,Cloudy,Dry,Daylight
2020-07-29T12:28:00.000,I 285,I 285 and 285 Off To Memorial Dr,,Rear End,2,Clear,Dry,Daylight
2020-02-18T10:29:00.000,I 285,I 285 and 285 Off To Memorial Dr,,Sideswipe-Same Direction,2,Rain,Wet,Daylight
2020-12-25T03:58:00.000,I 285,I 285 and 285 Off To Memorial Dr,,Rear End,2,Clear,Ice/Frost,Dark-Not Lighted
2020-12-10T15:20:00.000,I 285,I 285 and 285 Off To Memorial Dr,,Angle Crash,2,Clear,Dry,Daylight
2020-07-18T13:50:00.000,I 285,I 285 and 285 Off To Memorial Dr,,Rear End,2,Clear,Dry,Daylight
2020-10-12T16:30:00.000,I 285,I 285 and 285 Off To Memorial Dr,,Rear End,2,Clear,Dry,Daylight
2020-01-10T06:32:00.000,I 285,I 285 and 285 Off To Memorial Dr,,Rear End,2,Clear,Dry,Dark-Not Lighted
2020-03-13T23:50:00.000,I 285,I 285 and 285 Off To Memorial Dr,,Angle Crash,2,Clear,Dry,Dark-Lighted
2020-07-05T04:39:00.000,I 285,I 285 and 285 Off To Memorial Dr,,Not a Collision with Motor Vehicle,1,Fog,Dry,Dark-Not Lighted
2020-03-23T18:57:00.000,I 285,I 285 and 285 Off To Memorial Dr,,Rear End,2,Rain,Wet,Dark-Not Lighted
2020-12-25T03:59:00.000,I 285,I 285 and 285 Off To Memorial Dr,,Rear End,2,Clear,Ice/Frost,Dark-Not Lighted
2020-11-04T16:40:00.000,I 285,I 285 and 285 Off To Memorial Dr,,Rear End,2,Clear,Dry,Daylight
2020-07-27T15:50:00.000,I 285,I 285 and 285 Off To Memorial Dr,,Sideswipe-Same Direction,2,Clear,Dry,Daylight
2020-04-30T19:21:00.000,I 285,I 285 and 285 Off To Memorial Dr,,Rear End,2,Clear,Dry,Daylight
2020-05-21T23:16:00.000,I 285,I 285 and 285 Off To Memorial Dr,,Not a Collision with Motor Vehicle,2,Clear,Dry,Dark-Not Lighted
2020-12-18T03:20:00.000,I 285,I 285 and 285 Off To Memorial Dr,,Sideswipe-Same Direction,2,Clear,Dry,Dark-Lighted
2020-10-10T21:20:00.000,I 285,I 285 and 285 Off To Memorial Dr,,Sideswipe-Same Direction,2,Rain,Wet,Dark-Not Lighted
2021-03-31T23:35:00.000,I 285,I 285 and 285 Off To Memorial Dr,,Not a Collision with Motor Vehicle,1,Cloudy,Dry,Dark-Not Lighted
2021-06-11T15:30:00.000,I 285,I 285 and 285 Off To Memorial Dr,,Sideswipe-Same Direction,2,Rain,Wet,Daylight
2021-05-30T05:10:00.000,I 285,I 285 and 285 Off To Memorial Dr,,Angle Crash,2,Clear,Dry,Dark-Not Lighted
2021-03-12T16:40:00.000,I 285,I 285 and 285 Off To Memorial Dr,,Rear End,2,Clear,Dry,Daylight
2021-06-24T13:44:00.000,I 285,I 285 and 285 Off To Memorial Dr,,Rear End,2,Cloudy,Dry,Daylight
2021-03-24T18:24:00.000,I 285,I 285 and 285 Off To Memorial Dr,,Rear End,2,Clear,Dry,Daylight
2021-10-25T16:55:00.000,I 285,I 285 and 285 Off To Memorial Dr,,Rear End,2,Clear,Dry,Daylight
2021-11-15T09:50:00.000,I 285,I 285 and 285 Off To Memorial Dr,,Rear End,2,Clear,Dry,Daylight
2021-07-25T11:01:00.000,I 285,I 285 and 285 Off To Memorial Dr,,Not a Collision with Motor Vehicle,1,Clear,Dry,Daylight
2021-08-23T15:00:00.000,I 285,I 285 and 285 Off To Memorial Dr,,Not a Collision with Motor Vehicle,2,Clear,Dry,Daylight
2021-10-08T15:28:00.000,I 285,I 285 and 285 Off To Memorial Dr,,Rear End,2,Clear,Dry,Daylight
2021-12-15T05:30:00.000,I 285,I 285 and 285 Off To Memorial Dr,,Not a Collision with Motor Vehicle,1,Cloudy,Dry,Dark-Not Lighted
2022-10-18T14:57:00.000,I 285,I 285 and 285 Off To Memorial Dr,,Rear End,2,Clear,Dry,Daylight
2022-05-17T06:00:00.000,I 285,I 285 and 285 Off To Memorial Dr,,Angle Crash,2,Clear,Dry,Dawn
2022-11-07T13:30:00.000,I 285,I 285 and 285 Off To Memorial Dr,,Sideswipe-Same Direction,2,Clear,Dry,Daylight
2022-02-15T18:43:00.000,I 285,I 285 and 285 Off To Memorial Dr,,Sideswipe-Same Direction,2,Clear,Dry,Dark-Not Lighted
2022-06-09T06:50:00.000,I 285,I 285 and 285 Off To Memorial Dr,,Rear End,2,Clear,Dry,Daylight
2022-03-26T21:47:00.000,I 285,I 285 and 285 Off To Memorial Dr,,Angle Crash,2,Clear,Dry,Dark-Not Lighted
2022-06-07T18:00:00.000,I 285,I 285 and 285 Off To Memorial Dr,,Sideswipe-Same Direction,2,Clear,Dry,Daylight
2022-06-06T00:00:00.000,I 285,I 285 and 285 Off To Memorial Dr,,Not a Collision with Motor Vehicle,2,Clear,Dry,Daylight
2022-06-06T14:30:00.000,I 285,I 285 and 285 Off To Memorial Dr,,Not a Collision with Motor Vehicle,1,Clear,Dry,Daylight
2022-03-23T13:35:00.000,I 285,I 285 and 285 Off To Memorial Dr,,Rear End,2,Clear,Dry,Daylight
2022-09-13T06:40:00.000,I 285,I 285 and 285 Off To Memorial Dr,,Head On,2,Clear,Dry,Daylight
2022-04-20T10:09:00.000,I 285,I 285 and 285 Off To Memorial Dr,,Not a Collision with Motor Vehicle,2,Clear,Dry,Daylight
2022-09-20T14:07:00.000,I 285,I 285 and 285 Off To Memorial Dr,,Rear End,2,Clear,Dry,Daylight