Date and Time,Roadway (From Crash Report),Intersection Name (from Crash Report),KABCO Severity,Manner of Collision (Crash Level) ,# of Vehicles per crash ,Weather Conditions (Crash Level),Surface Condition (Crash Level) ,Light Conditions (Crash Level)
2022-11-13T03:52:00.000,I 285,I 285 and 285 Off To Memorial Dr,,Angle Crash,6,Clear,Dry,Dark-Not Lighted
2022-02-25T00:00:00.000,I 285,I 285 and 285 Off To Memorial Dr,,Rear End,2,Clear,Dry,Daylight
2022-06-07T14:10:00.000,I 285,I 285 and 285 Off To Memorial Dr,,Head On,2,Clear,Dry,Daylight
2022-05-14T15:01:00.000,I 285,I 285 and 285 Off To Memorial Dr,,Rear End,2,Clear,Dry,Daylight
2022-01-02T01:38:00.000,I 285,I 285 and 285 Off To Memorial Dr,,Not a Collision with Motor Vehicle,1,Clear,Dry,Dark-Lighted
2022-10-19T21:52:00.000,I 285,I 285 and 285 Off To Memorial Dr,,Angle Crash,3,Clear,Dry,Dark-Not Lighted
2022-08-09T07:14:00.000,I 285,I 285 and 285 Off To Memorial Dr,,Rear End,2,Clear,Dry,Daylight
2022-02-10T23:10:00.000,I 285,I 285 and 285 Off To Memorial Dr,,Not a Collision with Motor Vehicle,3,Clear,Dry,Dark-Not Lighted
2022-10-31T08:48:00.000,I 285,I 285 and 285 Off To Memorial Dr,,Rear End,2,Cloudy,Wet,Daylight
2022-02-28T08:00:00.000,I 285,I 285 and 285 Off To Memorial Dr,,Rear End,2,Clear,Dry,Daylight
2022-03-17T19:34:00.000,I 285,I 285 and 285 Off To Memorial Dr,,Sideswipe-Same Direction,2,Clear,Dry,Daylight
2022-09-19T09:03:00.000,I 285,I 285 and 285 Off To Memorial Dr,,Sideswipe-Same Direction,2,Clear,Dry,Daylight
2022-11-23T09:44:00.000,I 285,I 285 and 285 Off To Memorial Dr,,Rear End,2,Clear,Dry,Daylight
2022-11-01T07:45:00.000,I 285,I 285 and 285 Off To Memorial Dr,,Sideswipe-Same Direction,2,Clear,Dry,Daylight
2022-11-14T11:50:00.000,I 285,I 285 and 285 Off To Memorial Dr,,Sideswipe-Same Direction,2,Clear,Dry,Daylight
2022-06-01T09:00:00.000,I 285,I 285 and 285 Off To Memorial Dr,,Head On,2,Clear,Dry,Daylight
2022-12-06T06:00:00.000,I 285,I 285 and 285 Off To Memorial Dr,,Sideswipe-Same Direction,2,Rain,Wet,Dark-Lighted
2022-03-06T13:20:00.000,I 285,I 285 and 285 Off To Memorial Dr,,Rear End,3,Cloudy,Dry,Daylight
2022-11-28T11:35:00.000,I 285,I 285 and 285 Off To Memorial Dr,,Not a Collision with Motor Vehicle,1,Clear,Dry,Daylight
2022-03-27T08:57:00.000,I 285,I 285 and 285 Off To Memorial Dr,,Sideswipe-Same Direction,2,Clear,Dry,Daylight
2022-08-31T06:30:00.000,I 285,I 285 and 285 Off To Memorial Dr,,Sideswipe-Same Direction,2,Clear,Dry,Dark-Lighted
2022-07-06T08:55:00.000,I 285,I 285 and 285 Off To Memorial Dr,,Not a Collision with Motor Vehicle,1,Clear,Dry,Daylight
2022-03-28T13:47:00.000,I 285,I 285 and 285 Off To Memorial Dr,,Sideswipe-Same Direction,2,Clear,Dry,Daylight
2022-02-16T10:14:00.000,I 285,I 285 and 285 Off To Memorial Dr,,Sideswipe-Same Direction,2,Clear,Dry,Daylight
2022-02-25T14:58:00.000,I 285,I 285 and 285 Off To Memorial Dr,,Angle Crash,2,Clear,Dry,Daylight
2022-01-24T10:46:00.000,I 285,I 285 and 285 Off To Memorial Dr,,Not a Collision with Motor Vehicle,2,Clear,Dry,Daylight
2022-08-16T09:04:00.000,I 285,I 285 and 285 Off To Memorial Dr,,Head On,2,Clear,Wet,Daylight
2022-04-26T01:20:00.000,I 285,I 285 and 285 Off To Memorial Dr,,Not a Collision with Motor Vehicle,1,Clear,Dry,Dark-Not Lighted
2022-10-27T13:50:00.000,I 285,I 285 and 285 Off To Memorial Dr,,Angle Crash,2,Clear,Dry,Daylight
2022-02-24T14:30:00.000,I 285,I 285 and 285 Off To Memorial Dr,,Angle Crash,2,Clear,Dry,Daylight
2023-09-30T06:50:00.000,I 285,I 285 and 285 Off To Memorial Dr,,Not a Collision with Motor Vehicle,1,Clear,Dry,Dark-Lighted
2023-07-16T07:20:00.000,I 285,I 285 and 285 Off To Memorial Dr,,Not a Collision with Motor Vehicle,1,Clear,Dry,Daylight
2024-09-18T21:25:00.000,I 285,I 285 and 285 Off To Memorial Dr,,Rear End,2,Clear,Dry,Dark-Lighted
2024-04-08T15:25:00.000,I 285,I 285 and 285 Off To Memorial Dr,,Rear End,2,Clear,Dry,Daylight
2024-09-09T04:40:00.000,I 285,I 285 and 285 Off To Memorial Dr,,Sideswipe-Same Direction,2,Clear,Dry,Dark-Not Lighted
2024-06-06T15:46:00.000,I 285,I 285 and 285 Off To Memorial Dr,,Rear End,2,Clear,Dry,Daylight
2024-07-29T21:50:00.000,I 285,I 285 and 285 Off To Memorial Dr,,Rear End,2,Rain,Wet,Dark-Lighted
2024-10-26T02:05:00.000,I 285,I 285 and 285 Off To Memorial Dr,,Rear End,2,Clear,Dry,Dark-Not Lighted
2024-12-27T22:54:00.000,I 285,I 285 and 285 Off To Memorial Dr,,Not a Collision with Motor Vehicle,1,Rain,Wet,Dark-Lighted
2023-04-11T13:25:00.000,I 285,I 285 and 285 Off To Memorial Dr,,Sideswipe-Same Direction,2,Clear,Dry,Daylight
2023-02-03T09:45:00.000,I 285,I 285 and 285 Off To Memorial Dr,,Head On,2,Clear,Dry,Daylight
2023-11-08T06:25:00.000,I 285,I 285 and 285 Off To Memorial Dr,,Rear End,2,Clear,Dry,Daylight
2023-06-22T09:10:00.000,I 285,I 285 and 285 Off To Memorial Dr,,Rear End,2,Cloudy,Wet,Daylight
2023-03-10T00:16:00.000,I 285,I 285 and 285 Off To Memorial Dr,,Not a Collision with Motor Vehicle,1,Rain,Wet,Dark-Lighted
2023-05-28T23:40:00.000,I 285,I 285 and 285 Off To Memorial Dr,,Sideswipe-Same Direction,2,Clear,Dry,Dark-Not Lighted
2023-02-11T00:45:00.000,I 285,I 285 and 285 Off To Memorial Dr,,Rear End,2,Clear,Dry,Dark-Lighted
2023-07-30T10:26:00.000,I 285,I 285 and 285 Off To Memorial Dr,,Not a Collision with Motor Vehicle,1,Clear,Dry,Daylight
2023-12-30T03:30:00.000,I 285,I 285 and 285 Off To Memorial Dr,,Angle Crash,2,Clear,Dry,Dark-Not Lighted
2023-05-13T11:31:00.000,I 285,I 285 and 285 Off To Memorial Dr,,Rear End,2,Clear,Dry,Daylight
2023-01-27T14:35:00.000,I 285,I 285 and 285 Off To Memorial Dr,,Rear End,5,Clear,Dry,Daylight
2023-02-02T21:50:00.000,I 285,I 285 and 285 Off To Memorial Dr,,Rear End,2,Rain,Wet,Dark-Lighted
2024-01-24T07:20:00.000,I 285,I 285 and 285 Off To Memorial Dr,,Sideswipe-Same Direction,2,Rain,Wet,Daylight
2024-04-16T10:30:00.000,I 285,I 285 and 285 Off To Memorial Dr,,Not a Collision with Motor Vehicle,2,Clear,Dry,Daylight
2024-05-21T13:51:00.000,I 285,I 285 and 285 Off To Memorial Dr,,Rear End,2,Clear,Dry,Daylight
2024-02-03T05:41:00.000,I 285,I 285 and 285 Off To Memorial Dr,,Sideswipe-Same Direction,2,Clear,Dry,Dark-Not Lighted
2024-10-10T17:21:00.000,I 285,I 285 and 285 Off To Memorial Dr,,Rear End,2,Clear,Dry,Daylight
2024-06-06T15:46:00.000,I 285,I 285 and 285 Off To Memorial Dr,,Rear End,2,Clear,Dry,Daylight
2024-04-07T05:30:00.000,I 285,I 285 and 285 Off To Memorial Dr,,Not a Collision with Motor Vehicle,1,Cloudy,Dry,Dark-Not Lighted
2024-10-25T12:00:00.000,I 285,I 285 and 285 Off To Memorial Dr,,Rear End,3,Clear,Dry,Daylight
2024-08-26T14:00:00.000,I 285,I 285 and 285 Off To Memorial Dr,,Sideswipe-Same Direction,2,Clear,Dry,Daylight
2024-09-20T07:00:00.000,I 285,I 285 and 285 Off To Memorial Dr,,Rear End,2,Clear,Dry,Daylight
2024-03-09T11:25:00.000,I 285,I 285 and 285 Off To Memorial Dr,,Sideswipe-Same Direction,2,Cloudy,Wet,Daylight
2024-10-16T12:25:00.000,I 285,I 285 and 285 Off To Memorial Dr,,Sideswipe-Same Direction,2,Clear,Dry,Daylight
2024-03-08T07:24:00.000,I 285,I 285 and 285 Off To Memorial Dr,,Sideswipe-Same Direction,2,Cloudy,Wet,Daylight
2024-07-27T00:00:00.000,I 285,I 285 and 285 Off To Memorial Dr,,Rear End,2,Clear,Dry,Dark-Lighted
2021-03-29T17:39:00.000,I 285,I 285 and 285 Off To Marta,,Not a Collision with Motor Vehicle,2,Clear,Dry,Daylight
2021-11-06T14:46:00.000,I 285,I 285 and 285 Off To Marta,,Rear End,2,Clear,Dry,Daylight
2021-06-12T16:13:00.000,I 285,I 285 and 285 Off To Marta,,Sideswipe-Same Direction,2,Clear,Dry,Daylight
2023-03-06T11:09:00.000,I 285,I 285 and 285 Off To Marta,,Not a Collision with Motor Vehicle,1,Clear,Dry,Daylight
2021-02-08T07:28:00.000,I 285,I 285 and 285 Off To Marta,,Rear End,2,Clear,Dry,Daylight
2020-08-15T09:00:00.000,I 285,I 285 and 285 Off To Marta,,Not a Collision with Motor Vehicle,2,Clear,Dry,Daylight
2020-12-16T06:35:00.000,I 285,I 285 and 285 Off To Marta,,Sideswipe-Same Direction,2,Cloudy,Wet,Dark-Not Lighted
2020-09-12T16:37:00.000,I 285,I 285 and 285 Off To Marta,,Rear End,2,Clear,Dry,Daylight
2020-02-12T07:10:00.000,I 285,I 285 and 285 Off To Marta,,Rear End,2,Clear,Dry,Daylight
2020-08-24T01:35:00.000,I 285,I 285 and 285 Off To Marta,,Not a Collision with Motor Vehicle,1,Clear,Dry,Dark-Not Lighted
2020-09-28T20:58:00.000,I 285,I 285 and 285 Off To Marta,,Rear End,2,Cloudy,Wet,Dark-Not Lighted
2020-03-09T09:07:00.000,I 285,I 285 and 285 Off To Marta,,Rear End,2,Clear,Dry,Daylight
2020-09-28T20:58:00.000,I 285,I 285 and 285 Off To Marta,,Rear End,3,Rain,Wet,Dark-Not Lighted
2020-03-09T12:39:00.000,I 285,I 285 and 285 Off To Marta,,Rear End,2,Cloudy,Dry,Daylight
2021-01-03T19:21:00.000,I 285,I 285 and 285 Off To Marta,,Rear End,2,Clear,Dry,Dark-Lighted
2021-04-27T08:38:00.000,I 285,I 285 and 285 Off To Marta,,Rear End,2,Clear,Dry,Daylight
2021-07-08T08:08:00.000,I 285,I 285 and 285 Off To Marta,,Rear End,2,Cloudy,Dry,Daylight
2022-02-02T08:10:00.000,I 285,I 285 and 285 Off To Marta,,Rear End,2,Cloudy,Dry,Daylight
2022-05-10T07:36:00.000,I 285,I 285 and 285 Off To Marta,,Rear End,2,Clear,Dry,Daylight
2022-02-02T08:10:00.000,I 285,I 285 and 285 Off To Marta,,Rear End,2,Cloudy,Dry,Daylight
2022-09-03T17:48:00.000,I 285,I 285 and 285 Off To Marta,,Sideswipe-Same Direction,4,Clear,Dry,Daylight
2022-10-26T13:45:00.000,I 285,I 285 and 285 Off To Marta,,Not a Collision with Motor Vehicle,1,Clear,Dry,Daylight
2022-07-13T00:00:00.000,I 285,I 285 and 285 Off To Marta,,Sideswipe-Same Direction,2,Clear,Dry,Daylight
2024-02-19T11:38:00.000,I 285,I 285 and 285 Off To Marta,,Rear End,2,Clear,Dry,Daylight
2024-12-17T06:51:00.000,I 285,I 285 and 285 Off To Marta,,Rear End,3,Clear,Dry,Daylight
2024-07-16T18:43:00.000,I 285,I 285 and 285 Off To Marta,,Rear End,2,Clear,Dry,Daylight
2024-11-22T08:31:00.000,I 285,I 285 and 285 Off To Marta,,Rear End,2,Clear,Dry,Daylight
2024-08-31T23:15:00.000,I 285,I 285 and 285 Off To Marta,,Sideswipe-Same Direction,2,Clear,Dry,Dark-Not Lighted
2024-04-30T07:12:00.000,I 285,I 285 and 285 Off To Marta,,Rear End,2,Cloudy,Wet,Daylight
2024-12-03T06:48:00.000,I 285,I 285 and 285 Off To Marta,,Sideswipe-Same Direction,2,Clear,Dry,Daylight
2024-07-30T19:20:00.000,I 285,I 285 and 285 Off To Marta,,Not a Collision with Motor Vehicle,1,Clear,Dry,Daylight
2024-09-29T02:40:00.000,I 285,I 285 and 285 Off To Marta,,Rear End,3,Clear,Dry,Dark-Not Lighted
2024-02-19T11:38:00.000,I 285,I 285 and 285 Off To Marta,,Rear End,2,Clear,Dry,Daylight
2024-05-01T07:36:00.000,I 285,I 285 and 285 Off To Marta,,Rear End,2,Clear,Dry,Daylight
2022-01-11T06:55:00.000,I 285,I 285 and 285 Off To Hwy 78 Eb,,Sideswipe-Same Direction,2,Clear,Dry,Dark-Lighted
2022-11-20T18:38:00.000,I 285,I 285 and 285 Off To Hwy 78,,Rear End,3,Clear,Dry,Dark-Not Lighted
2022-11-22T17:14:00.000,I 285,I 285 and 285 Off To Hwy 78,,Rear End,2,Clear,Dry,Daylight
2022-11-26T18:56:00.000,I 285,I 285 and 285 Off To Hwy 78,,Rear End,2,Clear,Dry,Dark-Lighted
2024-06-01T13:21:00.000,I 285,I 285 and 285 Off To Glenwood Rd,,Rear End,3,Cloudy,Dry,Daylight
2022-08-03T10:40:00.000,I 285,I 285 and 285 Off To E. Ponce,,Rear End,5,Cloudy,Dry,Daylight
2021-03-26T03:30:00.000,I 285,I 285 and 285 Off To E Ponce De Leon,,Not a Collision with Motor Vehicle,1,Rain,Water (standing or moving),Dark-Not Lighted
2021-07-04T03:05:00.000,I 285,I 285 and 285 Off To E Ponce De Leon,,Rear End,2,Clear,Dry,Dark-Lighted
2021-11-23T08:10:00.000,I 285,I 285 and 285 Off To E Ponce De Leon,,Sideswipe-Same Direction,2,Clear,Dry,Daylight
2021-06-08T16:28:00.000,I 285,I 285 and 285 Off To E Ponce De Leon,,Rear End,2,Cloudy,Dry,Daylight
2021-06-16T22:12:00.000,I 285,I 285 and 285 Off To E Ponce De Leon,,Sideswipe-Same Direction,2,Clear,Dry,Dark-Lighted
2021-03-29T18:31:00.000,I 285,I 285 and 285 Off To E Ponce De Leon,,Sideswipe-Same Direction,2,Clear,Dry,Daylight
2021-03-13T04:41:00.000,I 285,I 285 and 285 Off To E Ponce De Leon,,Not a Collision with Motor Vehicle,1,Clear,Dry,Dark-Not Lighted
2021-03-26T03:33:00.000,I 285,I 285 and 285 Off To E Ponce De Leon,,Not a Collision with Motor Vehicle,1,Rain,Water (standing or moving),Dark-Not Lighted
2021-12-15T12:03:00.000,I 285,I 285 and 285 Off To E Ponce De Leon,,Rear End,2,Clear,Dry,Daylight
2021-10-21T19:45:00.000,I 285,I 285 and 285 Off To E Ponce De Leon,,Angle Crash,2,Clear,Dry,Dark-Lighted
2021-08-05T19:55:00.000,I 285,I 285 and 285 Off To E Ponce De Leon,,Sideswipe-Same Direction,2,Clear,Dry,Daylight
2021-10-14T20:15:00.000,I 285,I 285 and 285 Off To E Ponce De Leon,,Angle Crash,2,Clear,Dry,Dark-Not Lighted
2021-06-29T17:17:00.000,I 285,I 285 and 285 Off To E Ponce De Leon,,Rear End,2,Clear,Dry,Daylight
2020-08-10T15:11:00.000,I 285,I 285 and 285 Off To E Ponce De Leon,,Sideswipe-Same Direction,2,Rain,Wet,Daylight
2023-07-08T23:41:00.000,I 285,I 285 and 285 Off To E Ponce De Leon,,Angle Crash,2,Rain,Wet,Dark-Lighted
2023-05-31T00:00:00.000,I 285,I 285 and 285 Off To E Ponce De Leon,,Not a Collision with Motor Vehicle,1,Clear,Dry,Dark-Not Lighted
2023-04-06T15:34:00.000,I 285,I 285 and 285 Off To E Ponce De Leon,,Rear End,2,Clear,Dry,Daylight
2022-12-06T20:00:00.000,I 285,I 285 and 285 Off To E Ponce De Leon,,Rear End,2,Fog,Dry,Dark-Lighted
2020-10-02T16:23:00.000,I 285,I 285 and 285 Off To E Ponce De Leon,,Rear End,2,Clear,Dry,Daylight
2020-12-31T17:26:00.000,I 285,I 285 and 285 Off To E Ponce De Leon,,Sideswipe-Same Direction,2,Rain,Wet,Dark-Not Lighted
2021-04-06T10:43:00.000,I 285,I 285 and 285 Off To E Ponce De Leon,,Rear End,2,Clear,Dry,Daylight
2021-07-14T17:30:00.000,I 285,I 285 and 285 Off To E Ponce De Leon,,Sideswipe-Same Direction,2,Clear,Dry,Daylight
2021-12-30T02:50:00.000,I 285,I 285 and 285 Off To E Ponce De Leon,,Head On,2,Severe Thunderstorm or Tornadic,Water (standing or moving),Dark-Not Lighted
2021-12-15T06:15:00.000,I 285,I 285 and 285 Off To E Ponce De Leon,,Rear End,3,Clear,Dry,Dark-Not Lighted
2022-05-03T18:26:00.000,I 285,I 285 and 285 Off To E Ponce De Leon,,Rear End,2,Clear,Dry,Daylight
2021-10-20T10:03:00.000,I 285,I 285 and 285 Off To E Ponce De Leon,,Sideswipe-Same Direction,2,Clear,Dry,Daylight
2022-05-18T23:40:00.000,I 285,I 285 and 285 Off To E Ponce De Leon,,Rear End,2,Clear,Dry,Dark-Not Lighted
2022-05-11T16:00:00.000,I 285,I 285 and 285 Off To E Ponce De Leon,,Rear End,2,Clear,Dry,Daylight
2022-08-25T00:00:00.000,I 285,I 285 and 285 Off To E Ponce De Leon,,Sideswipe-Same Direction,2,Cloudy,Dry,Daylight
2022-12-12T18:30:00.000,I 285,I 285 and 285 Off To E Ponce De Leon,,Rear End,2,Cloudy,Dry,Dark-Not Lighted
2022-11-15T17:20:00.000,I 285,I 285 and 285 Off To E Ponce De Leon,,Rear End,2,Rain,Wet,Daylight
2022-12-16T21:20:00.000,I 285,I 285 and 285 Off To E Ponce De Leon,,Not a Collision with Motor Vehicle,1,Clear,Dry,Dark-Lighted
2022-06-10T21:18:00.000,I 285,I 285 and 285 Off To E Ponce De Leon,,Angle Crash,2,Clear,Dry,Dark-Not Lighted
2022-12-22T18:17:00.000,I 285,I 285 and 285 Off To E Ponce De Leon,,Rear End,4,Cloudy,Wet,Dark-Not Lighted
2022-09-30T23:25:00.000,I 285,I 285 and 285 Off To E Ponce De Leon,,Sideswipe-Same Direction,2,Clear,Dry,Dark-Not Lighted
2022-11-15T16:10:00.000,I 285,I 285 and 285 Off To E Ponce De Leon,,Sideswipe-Same Direction,2,Rain,Wet,Daylight
2022-06-24T00:54:00.000,I 285,I 285 and 285 Off To E Ponce De Leon,,Angle Crash,2,Clear,Dry,Dark-Not Lighted
2023-05-21T02:54:00.000,I 285,I 285 and 285 Off To E Ponce De Leon,,Not a Collision with Motor Vehicle,1,Clear,Wet,Dark-Not Lighted
2023-08-20T19:50:00.000,I 285,I 285 and 285 Off To E Ponce De Leon,,Rear End,2,Clear,Dry,Daylight
2023-01-03T20:27:00.000,I 285,I 285 and 285 Off To E Ponce De Leon,,Angle Crash,2,Rain,Wet,Dark-Not Lighted
2023-09-19T08:02:00.000,I 285,I 285 and 285 Off To E Ponce De Leon,,Sideswipe-Same Direction,2,Clear,Dry,Daylight
2023-05-02T18:43:00.000,I 285,I 285 and 285 Off To E Ponce De Leon,,Sideswipe-Same Direction,2,Clear,Dry,Daylight
2023-09-19T08:00:00.000,I 285,I 285 and 285 Off To E Ponce De Leon,,Rear End,2,Clear,Dry,Daylight
2023-08-01T17:41:00.000,I 285,I 285 and 285 Off To E Ponce De Leon,,Sideswipe-Same Direction,2,Clear,Dry,Daylight
2023-11-01T08:25:00.000,I 285,I 285 and 285 Off To E Ponce De Leon,,Rear End,2,Clear,Dry,Daylight
2024-07-28T17:00:00.000,I 285,I 285 and 285 Off To E Ponce De Leon,,Sideswipe-Same Direction,2,Cloudy,Water (standing or moving),Daylight
2024-04-15T15:07:00.000,I 285,I 285 and 285 Off To E Ponce De Leon,,Rear End,2,Clear,Dry,Daylight
2021-05-04T15:07:00.000,I 285,I 285 and 285 Off To Covington Hwy,,Rear End,2,Rain,Wet,Daylight
2021-09-15T00:00:00.000,I 285,I 285 and 285 Off To Covington Hwy,,Angle Crash,2,Clear,Dry,Dark-Lighted
2021-05-25T14:38:00.000,I 285,I 285 and 285 Off To Covington Hwy,,Rear End,2,Clear,Dry,Daylight
2021-07-03T12:28:00.000,I 285,I 285 and 285 Off To Covington Hwy,,Rear End,2,Cloudy,Dry,Daylight
2021-12-24T19:30:00.000,I 285,I 285 and 285 Off To Covington Hwy,,Sideswipe-Same Direction,2,Clear,Dry,Daylight
2021-10-10T16:39:00.000,I 285,I 285 and 285 Off To Covington Hwy,,Sideswipe-Same Direction,2,Clear,Dry,Daylight
2021-01-14T22:26:00.000,I 285,I 285 and 285 Off To Covington Hwy,,Sideswipe-Same Direction,2,Clear,Dry,Dark-Lighted
2023-07-16T17:17:00.000,I 285,I 285 and 285 Off To Covington Hwy,,Rear End,2,Clear,Dry,Daylight
2023-01-27T09:33:00.000,I 285,I 285 and 285 Off To Covington Hwy,,Head On,3,Clear,Dry,Daylight
2023-08-13T04:30:00.000,I 285,I 285 and 285 Off To Covington Hwy,,Not a Collision with Motor Vehicle,1,Cloudy,Dry,Dark-Lighted
2023-02-27T22:30:00.000,I 285,I 285 and 285 Off To Covington Hwy,,Rear End,2,Clear,Dry,Dark-Not Lighted
2023-06-01T08:06:00.000,I 285,I 285 and 285 Off To Covington Hwy,,Sideswipe-Same Direction,3,Clear,Dry,Daylight
2023-01-14T01:36:00.000,I 285,I 285 and 285 Off To Covington Hwy,,Angle Crash,2,Clear,Dry,Dark-Lighted
2023-06-22T07:35:00.000,I 285,I 285 and 285 Off To Covington Hwy,,Not a Collision with Motor Vehicle,1,Cloudy,Dry,Daylight
2023-02-25T22:56:00.000,I 285,I 285 and 285 Off To Covington Hwy,,Rear End,2,Clear,Dry,Dark-Lighted
2023-08-05T16:20:00.000,I 285,I 285 and 285 Off To Covington Hwy,,Rear End,2,Cloudy,Dry,Daylight
2022-05-30T00:20:00.000,I 285,I 285 and 285 Off To Covington Hwy,,Sideswipe-Same Direction,2,Clear,Dry,Dark-Not Lighted
2020-09-17T19:24:00.000,I 285,I 285 and 285 Off To Covington Hwy,,Not a Collision with Motor Vehicle,1,Cloudy,Wet,Dusk
2020-07-11T10:19:00.000,I 285,I 285 and 285 Off To Covington Hwy,,Sideswipe-Same Direction,2,Clear,Dry,Daylight
2020-10-05T17:54:00.000,I 285,I 285 and 285 Off To Covington Hwy,,Angle Crash,2,Clear,Dry,Daylight
2020-10-25T12:10:00.000,I 285,I 285 and 285 Off To Covington Hwy,,Rear End,2,Cloudy,Dry,Daylight
2020-08-20T20:32:00.000,I 285,I 285 and 285 Off To Covington Hwy,,Sideswipe-Same Direction,2,Cloudy,Wet,Dark-Not Lighted
2020-08-06T11:28:00.000,I 285,I 285 and 285 Off To Covington Hwy,,Sideswipe-Same Direction,2,Clear,Dry,Daylight
2021-04-24T09:25:00.000,I 285,I 285 and 285 Off To Covington Hwy,,Not a Collision with Motor Vehicle,2,Rain,Wet,Daylight
2021-01-04T11:25:00.000,I 285,I 285 and 285 Off To Covington Hwy,,Sideswipe-Same Direction,2,Clear,Dry,Daylight
2021-02-19T16:34:00.000,I 285,I 285 and 285 Off To Covington Hwy,,Rear End,2,Clear,Dry,Daylight
2021-03-15T14:43:00.000,I 285,I 285 and 285 Off To Covington Hwy,,Rear End,2,Cloudy,Dry,Daylight
2021-10-05T05:32:00.000,I 285,I 285 and 285 Off To Covington Hwy,,Angle Crash,2,Rain,Water (standing or moving),Dark-Not Lighted
2021-12-19T07:23:00.000,I 285,I 285 and 285 Off To Covington Hwy,,Rear End,2,Rain,Wet,Daylight
2021-10-30T06:09:00.000,I 285,I 285 and 285 Off To Covington Hwy,,Angle Crash,2,Clear,Wet,Dark-Not Lighted
2022-09-20T12:30:00.000,I 285,I 285 and 285 Off To Covington Hwy,,Head On,2,Clear,Dry,Daylight
2022-10-22T11:05:00.000,I 285,I 285 and 285 Off To Covington Hwy,,Head On,2,Clear,Dry,Daylight
2022-09-25T06:30:00.000,I 285,I 285 and 285 Off To Covington Hwy,,Angle Crash,2,Clear,Dry,Daylight
2022-04-18T17:36:00.000,I 285,I 285 and 285 Off To Covington Hwy,,Sideswipe-Same Direction,2,Clear,Dry,Daylight
2022-09-18T14:20:00.000,I 285,I 285 and 285 Off To Covington Hwy,,Rear End,2,Clear,Dry,Daylight
2022-02-22T10:40:00.000,I 285,I 285 and 285 Off To Covington Hwy,,Sideswipe-Same Direction,2,Clear,Dry,Daylight
2022-03-18T14:54:00.000,I 285,I 285 and 285 Off To Covington Hwy,,Rear End,2,Cloudy,Wet,Daylight
2022-10-07T23:39:00.000,I 285,I 285 and 285 Off To Covington Hwy,,Sideswipe-Same Direction,2,Clear,Dry,Dark-Not Lighted
2022-10-12T07:27:00.000,I 285,I 285 and 285 Off To Covington Hwy,,Rear End,2,Cloudy,Dry,Daylight
2022-09-09T20:00:00.000,I 285,I 285 and 285 Off To Covington Hwy,,Sideswipe-Same Direction,2,Cloudy,Dry,Daylight
2022-07-08T00:00:00.000,I 285,I 285 and 285 Off To Covington Hwy,,Rear End,2,Rain,Wet,Dark-Not Lighted
2022-12-23T15:43:00.000,I 285,I 285 and 285 Off To Covington Hwy,,Rear End,2,Clear,Dry,Daylight
2022-03-17T00:23:00.000,I 285,I 285 and 285 Off To Covington Hwy,,Angle Crash,2,Clear,Dry,Dark-Not Lighted
2024-08-15T09:30:00.000,I 285,I 285 and 285 Off To Covington Hwy,,Rear End,3,Clear,Dry,Daylight
2024-10-03T10:31:00.000,I 285,I 285 and 285 Off To Covington Hwy,,Rear End,5,Clear,Dry,Daylight
2023-02-25T22:20:00.000,I 285,I 285 and 285 Off To Covington Hwy,,Sideswipe-Same Direction,2,Clear,Dry,Dark-Lighted
2023-07-19T22:22:00.000,I 285,I 285 and 285 Off To Covington Hwy,,Sideswipe-Same Direction,2,Clear,Dry,Dark-Not Lighted
2023-08-21T21:37:00.000,I 285,I 285 and 285 Off To Covington Hwy,,Rear End,2,Clear,Dry,Dark-Not Lighted
2023-02-01T20:10:00.000,I 285,I 285 and 285 Off To Covington Hwy,,Not a Collision with Motor Vehicle,1,Clear,Dry,Daylight
2024-07-23T21:29:00.000,I 285,I 285 and 285 Off To Covington Hwy,,Sideswipe-Same Direction,2,Rain,Wet,Dark-Not Lighted
2021-06-29T19:21:00.000,I 285,I 285 and 285 Off To Church St,,Sideswipe-Same Direction,2,Clear,Dry,Daylight
2021-06-26T13:24:00.000,I 285,I 285 and 285 Off To Church St,,Rear End,2,Cloudy,Dry,Daylight