Date and Time,Roadway (From Crash Report),Intersection Name (from Crash Report),KABCO Severity,Manner of Collision (Crash Level) ,# of Vehicles per crash ,Weather Conditions (Crash Level),Surface Condition (Crash Level) ,Light Conditions (Crash Level)
2021-08-30T07:12:00.000,I 285,I 285 and 285 Off To Church St,,Rear End,2,Cloudy,Dry,Daylight
2021-03-27T08:13:00.000,I 285,I 285 and 285 Off To Church St,,Rear End,2,Clear,Dry,Daylight
2021-06-06T01:41:00.000,I 285,I 285 and 285 Off To Church St,,Rear End,2,Clear,Dry,Dark-Not Lighted
2021-05-10T03:51:00.000,I 285,I 285 and 285 Off To Church St,,Angle Crash,2,Rain,Wet,Dark-Not Lighted
2023-10-12T01:05:00.000,I 285,I 285 and 285 Off To Church St,,Rear End,2,Rain,Water (standing or moving),Dark-Not Lighted
2023-03-08T12:30:00.000,I 285,I 285 and 285 Off To Church St,,Rear End,2,Clear,Dry,Daylight
2023-03-31T07:35:00.000,I 285,I 285 and 285 Off To Church St,,Rear End,2,Clear,Dry,Daylight
2023-02-12T10:30:00.000,I 285,I 285 and 285 Off To Church St,,Not a Collision with Motor Vehicle,1,Clear,Dry,Daylight
2020-08-24T00:02:00.000,I 285,I 285 and 285 Off To Church St,,Rear End,2,Clear,Dry,Dark-Not Lighted
2020-03-23T17:56:00.000,I 285,I 285 and 285 Off To Church St,,Angle Crash,2,Rain,Wet,Daylight
2020-04-29T05:27:00.000,I 285,I 285 and 285 Off To Church St,,Rear End,5,Clear,Dry,Dark-Lighted
2020-10-11T12:50:00.000,I 285,I 285 and 285 Off To Church St,,Sideswipe-Same Direction,2,Rain,Wet,Daylight
2020-10-19T16:30:00.000,I 285,I 285 and 285 Off To Church St,,Rear End,2,Clear,Dry,Daylight
2020-02-15T14:35:00.000,I 285,I 285 and 285 Off To Church St,,Sideswipe-Same Direction,2,Clear,Dry,Daylight
2020-02-09T00:10:00.000,I 285,I 285 and 285 Off To Church St,,Rear End,2,Clear,Wet,Dark-Not Lighted
2020-02-15T12:16:00.000,I 285,I 285 and 285 Off To Church St,,Rear End,2,Clear,Dry,Daylight
2020-03-23T17:56:00.000,I 285,I 285 and 285 Off To Church St,,Angle Crash,2,Rain,Wet,Daylight
2020-01-23T06:30:00.000,I 285,I 285 and 285 Off To Church St,,Rear End,2,Clear,Dry,Dark-Lighted
2021-05-27T01:45:00.000,I 285,I 285 and 285 Off To Church St,,Rear End,2,Clear,Dry,Dark-Lighted
2021-06-25T23:05:00.000,I 285,I 285 and 285 Off To Church St,,Rear End,2,Clear,Dry,Dark-Not Lighted
2021-06-10T22:27:00.000,I 285,I 285 and 285 Off To Church St,,Sideswipe-Same Direction,2,Cloudy,Wet,Dark-Not Lighted
2022-12-22T17:50:00.000,I 285,I 285 and 285 Off To Church St,,Rear End,2,Rain,Wet,Dark-Not Lighted
2022-04-16T05:18:00.000,I 285,I 285 and 285 Off To Church St,,Not a Collision with Motor Vehicle,1,Rain,Water (standing or moving),Dark-Not Lighted
2021-08-16T17:46:00.000,I 285,I 285 and 285 Off To Church St,,Sideswipe-Same Direction,2,Rain,Wet,Daylight
2022-12-03T18:54:00.000,I 285,I 285 and 285 Off To Church St,,Sideswipe-Same Direction,2,Clear,Dry,Dark-Not Lighted
2022-05-04T03:21:00.000,I 285,I 285 and 285 Off To Church St,,Not a Collision with Motor Vehicle,1,Rain,Wet,Dark-Lighted
2022-01-21T13:52:00.000,I 285,I 285 and 285 Off To Church St,,Sideswipe-Same Direction,4,Cloudy,Dry,Daylight
2022-11-17T17:00:00.000,I 285,I 285 and 285 Off To Church St,,Sideswipe-Same Direction,2,Clear,Dry,Daylight
2024-02-13T06:49:00.000,I 285,I 285 and 285 Off To Church St,,Sideswipe-Same Direction,2,Clear,Dry,Dark-Not Lighted
2024-01-09T09:42:00.000,I 285,I 285 and 285 Off To Church St,,Rear End,2,Rain,Wet,Daylight
2023-02-17T18:30:00.000,I 285,I 285 and 285 Off To Church St,,Rear End,2,Clear,Dry,Dark-Not Lighted
2024-02-27T22:50:00.000,I 285,I 285 and 285 Off To Church St,,Not a Collision with Motor Vehicle,1,Clear,Dry,Dark-Not Lighted
2023-09-21T07:15:00.000,I 285,I 285 and 285 Off To Church St,,Angle Crash,2,Clear,Dry,Daylight
2023-03-18T19:21:00.000,I 285,I 285 and 285 Off To Church St,,Rear End,2,Cloudy,Dry,Dark-Not Lighted
2023-12-19T02:49:00.000,I 285,I 285 and 285 Off To Church St,,Rear End,2,Clear,Dry,Dark-Lighted
2023-02-02T21:39:00.000,I 285,I 285 and 285 Off To Church St,,Sideswipe-Same Direction,3,Rain,Wet,Dark-Lighted
2023-05-03T08:35:00.000,I 285,I 285 and 285 Off To Church St,,Rear End,2,Clear,Dry,Daylight
2024-05-30T09:05:00.000,I 285,I 285 and 285 Off To Church St,,Rear End,2,Clear,Dry,Daylight
2024-03-04T08:54:00.000,I 285,I 285 and 285 Off To Church St,,Rear End,2,Cloudy,Dry,Daylight
2024-10-18T21:16:00.000,I 285,I 285 and 285 Off To Church St,,Sideswipe-Same Direction,2,Clear,Dry,Dark-Not Lighted
2024-07-24T06:30:00.000,I 285,I 285 and 285 Off To Church St,,Angle Crash,2,Clear,Dry,Daylight
2024-12-10T04:33:00.000,I 285,I 285 and 285 Off To 85,,Rear End,2,Rain,Wet,Dark-Not Lighted
2022-11-11T05:10:00.000,I 285,I 285 and 285 Off Ramp To Lawrenceville Hwy,,Not a Collision with Motor Vehicle,1,Rain,Wet,Dark-Not Lighted
2021-03-26T16:45:00.000,I 285,I 285 and 285 Off,,Sideswipe-Same Direction,2,Clear,Dry,Daylight
2021-06-15T15:56:00.000,I 285,I 285 and 285 Off,,Sideswipe-Same Direction,2,Clear,Dry,Daylight
2021-09-21T16:52:00.000,I 285,I 285 and 285 Off,,Angle Crash,2,Cloudy,Dry,Daylight
2021-06-02T17:29:00.000,I 285,I 285 and 285 Off,,Rear End,2,Cloudy,Dry,Daylight
2021-08-10T02:50:00.000,I 285,I 285 and 285 Off,,Sideswipe-Same Direction,2,Cloudy,Dry,Dark-Not Lighted
2023-10-26T03:35:00.000,I 285,I 285 and 285 Off,,Angle Crash,2,Clear,Dry,Dark-Not Lighted
2023-07-25T04:20:00.000,I 285,I 285 and 285 Off,,Not a Collision with Motor Vehicle,2,Clear,Dry,Dark-Not Lighted
2023-11-15T08:29:00.000,I 285,I 285 and 285 Off,,Not a Collision with Motor Vehicle,1,Cloudy,Dry,Daylight
2020-10-16T16:23:00.000,I 285,I 285 and 285 Off,,Rear End,3,Clear,Dry,Daylight
2020-02-19T17:47:00.000,I 285,I 285 and 285 Off,,Rear End,2,Rain,Wet,Dusk
2020-11-05T18:04:00.000,I 285,I 285 and 285 Off,,Rear End,2,Clear,Dry,Dark-Not Lighted
2021-05-17T18:06:00.000,I 285,I 285 and 285 Off,,Sideswipe-Same Direction,2,Cloudy,Dry,Daylight
2021-01-04T15:15:00.000,I 285,I 285 and 285 Off,,Rear End,2,Clear,Dry,Daylight
2021-03-06T00:40:00.000,I 285,I 285 and 285 Off,,Angle Crash,2,Clear,Dry,Dark-Not Lighted
2021-09-22T21:06:00.000,I 285,I 285 and 285 Off,,Rear End,2,Clear,Dry,Dark-Lighted
2022-03-22T17:13:00.000,I 285,I 285 and 285 Off,,Angle Crash,2,Cloudy,Dry,Daylight
2021-09-17T20:58:00.000,I 285,I 285 and 285 Off,,Sideswipe-Same Direction,2,Clear,Dry,Daylight
2022-09-20T20:23:00.000,I 285,I 285 and 285 Off,,Sideswipe-Same Direction,2,Clear,Dry,Dusk
2022-05-25T23:43:00.000,I 285,I 285 and 285 Off,,Angle Crash,2,Cloudy,Wet,Dark-Not Lighted
2022-05-04T16:38:00.000,I 285,I 285 and 285 Off,,Rear End,3,Clear,Dry,Daylight
2022-12-26T13:48:00.000,I 285,I 285 and 285 Off,,Rear End,2,Clear,Dry,Daylight
2022-06-09T16:38:00.000,I 285,I 285 and 285 Off,,Rear End,2,Cloudy,Dry,Daylight
2022-03-21T14:00:00.000,I 285,I 285 and 285 Off,,Sideswipe-Same Direction,2,Clear,Dry,Daylight
2022-02-25T19:02:00.000,I 285,I 285 and 285 Off,,Rear End,2,Clear,Dry,Dark-Not Lighted
2023-01-03T01:05:00.000,I 285,I 285 and 285 Off,,Not a Collision with Motor Vehicle,1,Rain,Water (standing or moving),Dark-Not Lighted
2024-01-24T06:30:00.000,I 285,I 285 and 285 Off,,Sideswipe-Same Direction,2,Rain,Wet,Dark-Not Lighted
2024-03-04T19:03:00.000,I 285,I 285 and 285 Off,,Angle Crash,2,Clear,Dry,Daylight
2024-10-08T18:25:00.000,I 285,I 285 and 285 Off,,Sideswipe-Same Direction,2,Clear,Dry,Daylight
2024-11-20T03:45:00.000,I 285,I 285 and 285 Off,,Not a Collision with Motor Vehicle,1,Rain,Wet,Dark-Not Lighted
2021-06-23T09:49:00.000,I 285,I 285 and 285 Of To Church St,,Sideswipe-Same Direction,2,Clear,Dry,Daylight
2021-11-08T08:44:00.000,I 285,I 285 and 285 Of To Buford Hwy,,Rear End,2,Clear,Dry,Daylight
2023-11-09T07:58:00.000,I 285,I 285 and 285 Exit Buford Hwy,,Sideswipe-Opposite Direction,2,Cloudy,Dry,Daylight
2021-04-25T09:18:00.000,I 285,I 285 and 285 E Riverdale Rp,,Sideswipe-Same Direction,2,Clear,Dry,Daylight
2021-06-10T16:46:00.000,I 285,I 285 and 285 E Riverdale Rp,,Sideswipe-Same Direction,2,Clear,Dry,Daylight
2021-06-29T05:50:00.000,I 285,I 285 and 285 E Riverdale Rp,,Sideswipe-Same Direction,2,Rain,Wet,Dark-Not Lighted
2021-03-26T01:33:00.000,I 285,I 285 and 285 E Riverdale Rp,,Rear End,2,Rain,Wet,Dark-Not Lighted
2021-05-12T13:22:00.000,I 285,I 285 and 285 E Riverdale Rp,,Rear End,2,Rain,Wet,Daylight
2021-08-11T12:43:00.000,I 285,I 285 and 285 E Riverdale Rp,,Rear End,2,Clear,Dry,Daylight
2021-09-12T19:48:00.000,I 285,I 285 and 285 E Riverdale Rp,,Rear End,2,Clear,Dry,Dark-Lighted
2021-04-24T09:05:00.000,I 285,I 285 and 285 E Riverdale Rp,,Angle Crash,2,Rain,Water (standing or moving),Daylight
2021-02-20T22:16:00.000,I 285,I 285 and 285 E Riverdale Rp,,Rear End,2,Clear,Dry,Dark-Lighted
2020-11-18T03:24:00.000,I 285,I 285 and 285 E Riverdale Rp,,Angle Crash,3,Clear,Dry,Dark-Lighted
2021-03-14T16:28:00.000,I 285,I 285 and 285 E Riverdale Rp,,Angle Crash,2,Clear,Dry,Daylight
2020-03-11T07:34:00.000,I 285,I 285 and 285 E Riverdale Rp,,Sideswipe-Same Direction,3,Cloudy,Dry,Daylight
2020-06-08T16:04:00.000,I 285,I 285 and 285 E Riverdale Rp,,Sideswipe-Same Direction,2,Cloudy,Dry,Daylight
2020-01-29T20:17:00.000,I 285,I 285 and 285 E Riverdale Rp,,Sideswipe-Same Direction,2,Clear,Dry,Dark-Lighted
2020-05-17T20:27:00.000,I 285,I 285 and 285 E Riverdale Rp,,Rear End,3,Rain,Wet,Dark-Lighted
2020-11-24T19:57:00.000,I 285,I 285 and 285 E Riverdale Rp,,Sideswipe-Same Direction,2,Clear,Dry,Dark-Lighted
2020-07-29T12:06:00.000,I 285,I 285 and 285 E Riverdale Rp,,Rear End,2,Rain,Wet,Daylight
2020-02-11T16:06:00.000,I 285,I 285 and 285 E Riverdale Rp,,Sideswipe-Same Direction,2,Cloudy,Dry,Daylight
2020-11-13T20:46:00.000,I 285,I 285 and 285 E Riverdale Rp,,Rear End,2,Clear,Dry,Dark-Lighted
2020-08-01T15:51:00.000,I 285,I 285 and 285 E Riverdale Rp,,Sideswipe-Same Direction,2,Clear,Dry,Daylight
2021-06-01T21:25:00.000,I 285,I 285 and 285 E Riverdale Rp,,Rear End,2,Clear,Dry,Dark-Lighted
2021-05-29T03:06:00.000,I 285,I 285 and 285 E Riverdale Rp,,Not a Collision with Motor Vehicle,1,Clear,Wet,Dark-Lighted
2021-07-09T11:03:00.000,I 285,I 285 and 285 E Riverdale Rp,,Sideswipe-Same Direction,2,Clear,Dry,Daylight
2021-08-20T08:46:00.000,I 285,I 285 and 285 E Riverdale Rp,,Sideswipe-Same Direction,2,Clear,Dry,Daylight
2021-08-05T21:19:00.000,I 285,I 285 and 285 E Riverdale Rp,,Sideswipe-Same Direction,2,Clear,Dry,Daylight
2021-07-20T20:38:00.000,I 285,I 285 and 285 E Riverdale Rp,,Sideswipe-Same Direction,2,Rain,Wet,Dusk
2021-07-18T23:53:00.000,I 285,I 285 and 285 E Riverdale Rp,,Sideswipe-Same Direction,2,Clear,Wet,Dark-Not Lighted
2021-08-10T13:52:00.000,I 285,I 285 and 285 E Riverdale Rp,,Sideswipe-Same Direction,3,Clear,Dry,Daylight
2021-07-16T19:47:00.000,I 285,I 285 and 285 E Riverdale Rp,,Angle Crash,2,Rain,Wet,Daylight
2020-12-06T17:46:00.000,I 285,I 285 and 285 E Riverdale Rd Rp,,Sideswipe-Same Direction,2,Clear,Dry,Dark-Lighted
2021-08-08T19:08:00.000,I 285,I 285 and 285 E Riverdale Rd,,Sideswipe-Same Direction,2,Clear,Dry,Daylight
2021-02-14T21:25:00.000,I 285,I 285 and 285 E Old National Cd,,Rear End,3,Cloudy,Wet,Dark-Not Lighted
2020-11-16T14:25:00.000,I 285,I 285 and 285 E Old National Cd,,Sideswipe-Same Direction,2,Clear,Dry,Daylight
2020-04-10T22:55:00.000,I 285,I 285 and 285 E 85 Split,,Rear End,2,Clear,Dry,Dark-Lighted
2021-08-25T23:29:00.000,I 285,I 285 and 285 E  85 N Split,,Sideswipe-Same Direction,5,Rain,Wet,Dark-Lighted
2022-08-06T12:00:00.000,I 285,I 285 and 285  Near Exit 39B,,Angle Crash,2,Clear,Dry,Daylight
2021-06-26T18:59:00.000,I 285,I 285 and 20Eb Split,,Rear End,2,Clear,Dry,Daylight
2021-10-25T09:35:00.000,I 285,I 285 and 20Eb Exit,,Rear End,2,Clear,Dry,Daylight
2023-01-18T08:04:00.000,I 285,I 285 and 20 W Expy,,Rear End,2,Clear,Dry,Daylight
2022-03-15T09:55:00.000,I 285,I 285 and 20 W Bound Entry Rp,,Rear End,2,Clear,Dry,Daylight
2023-11-19T16:30:00.000,I 285,I 285 and 20 Exit Rp,,Rear End,3,Clear,Dry,Daylight
2023-11-04T15:40:00.000,I 285,I 285 and 20 Exit Rp,,Rear End,3,Clear,Dry,Daylight
2024-05-24T02:12:00.000,I 285,I 285 and 20 Exit Rp,,Not a Collision with Motor Vehicle,2,Clear,Dry,Dark-Not Lighted
2020-12-29T15:55:00.000,I 285,I 285 and 20 Exit,,Sideswipe-Same Direction,2,Clear,Dry,Daylight
2020-12-29T14:03:00.000,I 285,I 285 and 20 Exit,,Rear End,2,Clear,Dry,Daylight
2023-04-01T19:45:00.000,I 285,I 285 and 20 Entry Rp,,Sideswipe-Same Direction,2,Clear,Dry,Daylight
2023-06-17T15:00:00.000,I 285,I 285 and 20 Entry Rp,,Rear End,2,Clear,Dry,Daylight
2023-04-20T15:45:00.000,I 285,I 285 and 20 Entry Rp,,Rear End,3,Clear,Dry,Daylight
2022-11-06T14:30:00.000,I 285,I 285 and 20 Entry Rp,,Rear End,2,Clear,Dry,Daylight
2020-08-01T15:30:00.000,I 285,I 285 and 20 Entry Rp,,Sideswipe-Same Direction,3,Clear,Dry,Daylight
2020-09-01T13:23:00.000,I 285,I 285 and 20 Entry Rp,,Rear End,3,Clear,Dry,Daylight
2022-09-18T12:30:00.000,I 285,I 285 and 20 Entry Rp,,Rear End,2,Clear,Dry,Daylight
2022-07-09T13:00:00.000,I 285,I 285 and 20 Entry Rp,,Rear End,2,Cloudy,Wet,Daylight
2022-09-10T11:25:00.000,I 285,I 285 and 20 Entry Rp,,Rear End,2,Clear,Wet,Daylight
2022-08-20T12:30:00.000,I 285,I 285 and 20 Entry Rp,,Sideswipe-Same Direction,2,Clear,Dry,Daylight
2022-05-15T03:45:00.000,I 285,I 285 and 20 Entry Rp,,Sideswipe-Same Direction,2,Clear,Dry,Dark-Lighted
2022-09-18T12:20:00.000,I 285,I 285 and 20 Entry Rp,,Rear End,2,Clear,Dry,Daylight
2023-05-27T17:00:00.000,I 285,I 285 and 20 Entry Rp,,Rear End,2,Clear,Dry,Daylight
2022-06-13T00:00:00.000,I 285,I 285 and 20 Entry,,Rear End,2,Clear,Dry,Daylight
2022-05-23T14:00:00.000,I 285,I 285 and 20 Entry,,Rear End,2,Clear,Wet,Daylight
2022-11-19T11:12:00.000,I 285,I 285 and 20 Entry,,Not a Collision with Motor Vehicle,2,Clear,Dry,Daylight
2022-08-25T08:50:00.000,I 285,I 285 and 20 Entry,,Rear End,2,Clear,Wet,Daylight
2022-10-22T15:20:00.000,I 285,I 285 and 20 Entry,,Rear End,2,Clear,Dry,Daylight
2022-02-28T09:55:00.000,I 285,I 285 and 20 Entry,,Rear End,2,Clear,Dry,Daylight
2020-02-05T18:40:00.000,I 285,I 285 and 20 E Entry Rp,,Rear End,2,Clear,Dry,Dark-Not Lighted
2022-11-26T01:27:00.000,I 285,I 285 and 20 E Entry Rp,,Rear End,2,Clear,Dry,Dark-Lighted
2022-07-14T05:45:00.000,I 285,I 285 and 20 E Entry Rp,,Sideswipe-Same Direction,2,Clear,Dry,Dark-Not Lighted
2022-09-08T10:15:00.000,I 285,I 285 and 20 E Bound Entry Rp,,Sideswipe-Same Direction,2,Clear,Dry,Daylight
2022-06-25T11:55:00.000,I 285,I 285 and 20 E Bound Entry Rp,,Rear End,2,Clear,Dry,Daylight
2022-07-12T04:33:00.000,I 285,I 285 and 20 E Bound Entry Rp,,Sideswipe-Same Direction,2,Clear,Dry,Dark-Not Lighted
2022-07-29T09:45:00.000,I 285,I 285 and 20 E Bound Entry,,Rear End,2,Clear,Dry,Daylight
2022-07-31T13:15:00.000,I 285,I 285 and 20 E Bound Entry,,Rear End,2,Clear,Dry,Daylight
2020-12-31T18:46:00.000,I 285,I 285 and 175 S Loop,,Sideswipe-Same Direction,2,Cloudy,Dry,Dark-Lighted
2022-11-16T02:00:00.000,I 285,I 285 and 141 S Exit Rp,,Not a Collision with Motor Vehicle,1,Clear,Dry,Dark-Lighted
2022-10-18T15:15:00.000,I 285,I 285 and 141 Rp,,Rear End,2,Cloudy,Dry,Daylight
2022-09-29T11:30:00.000,I 285,I 285 and 141 Rp,,Rear End,2,Clear,Dry,Daylight
2022-12-07T09:34:00.000,I 285,I 285 and 141 Rp,,Rear End,2,Cloudy,Wet,Daylight
2023-02-17T13:16:00.000,I 285,I 285 and 141 Rp,,Angle Crash,3,Cloudy,Dry,Daylight
2023-08-20T17:56:00.000,I 285,I 285 and 141 N Exit Rp,,Rear End,4,Clear,Dry,Daylight
2023-08-15T18:37:00.000,I 285,I 285 and 141 N Exit Rp,,Rear End,2,Clear,Dry,Daylight
2024-05-26T02:50:00.000,I 285,I 285 and 141 Exit Rp,,Rear End,2,Clear,Dry,Dark-Not Lighted
2022-11-28T17:19:00.000,I 285,I 285 and 141 Entrance Rp,,Rear End,2,Clear,Dry,Daylight
2022-12-13T17:13:00.000,I 285,I 285 and 141 Entrance Rp,,Sideswipe-Same Direction,2,Cloudy,Dry,Daylight
2023-02-28T15:35:00.000,I 285,I 285 and 141 Entrance Rp,,Sideswipe-Same Direction,2,Cloudy,Dry,Daylight
2021-11-05T06:10:00.000,I 285,I 285 and 13 Exit Rp,,Not a Collision with Motor Vehicle,1,Clear,Dry,Dark-Not Lighted
2022-01-05T19:20:00.000,I 285,I 285 and 13 Exit Rp,,Sideswipe-Same Direction,2,Cloudy,Dry,Dark-Not Lighted
2024-06-24T22:12:00.000,I 285,I 285 and 1-75 S Rp,,Sideswipe-Same Direction,2,Clear,Dry,Dark-Lighted
2021-08-01T07:10:00.000,I 285,I 285 and 1-20 E Entry,,Not a Collision with Motor Vehicle,1,Clear,Dry,Daylight
2020-02-24T17:52:00.000,I 285,I 285 and 1 2 Mile N Of Dl Hollowell,,Sideswipe-Same Direction,2,Rain,Wet,Daylight
2021-07-23T17:10:00.000,I 285,I 285 and 0000 E New Peachtree Rd,,Rear End,2,Clear,Dry,Daylight
2024-01-13T14:01:00.000,I 20,I 20 and Wsley Chapel Exit 68,,Rear End,2,Clear,Dry,Daylight
2024-03-01T18:46:00.000,I 20,I 20 and Wshington Rd,,Rear End,2,Rain,Wet,Dark-Not Lighted
2022-09-02T12:19:00.000,I 20,I 20 and Wrightsboro Road Opas,,Rear End,2,Rain,Wet,Daylight
2023-04-09T19:47:00.000,I 20,I 20 and Wrightsboro Road Opas,,Sideswipe-Same Direction,2,Clear,Dry,Daylight
2020-06-25T13:38:00.000,I 20,I 20 and Wrightsboro Rd Opas,,Rear End,2,Clear,Dry,Daylight
2023-02-18T16:20:00.000,I 20,I 20 and Wrightsboro Rd,,Angle Crash,2,Clear,Dry,Daylight
2020-08-25T09:03:00.000,I 20,I 20 and Woodcastle Ln,,Angle Crash,2,Rain,Wet,Daylight
2022-10-11T16:40:00.000,I 20,I 20 and Wndsor St,,Rear End,2,Clear,Dry,Daylight
2023-08-14T15:30:00.000,I 20,I 20 and Wndser St,,Rear End,2,Cloudy,Wet,Daylight
2020-10-25T00:15:00.000,I 20,I 20 and Winthrop Ln,,Not a Collision with Motor Vehicle,1,Rain,Wet,Dark-Lighted
2020-10-04T00:48:00.000,I 20,I 20 and Winthrop Dr,,Rear End,2,Clear,Dry,Daylight
2021-04-28T14:00:00.000,I 20,I 20 and Winsdor Street Underpass,,Sideswipe-Same Direction,3,Clear,Dry,Daylight
2020-03-23T10:30:00.000,I 20,I 20 and Winsdor St,,Not a Collision with Motor Vehicle,1,Rain,Wet,Daylight
2021-11-25T18:10:00.000,I 20,I 20 and Windsor Street Underpass,,Rear End,2,Clear,Dry,Dark-Lighted
2020-01-23T15:00:00.000,I 20,I 20 and Windsor Street Underpass,,Sideswipe-Same Direction,2,Cloudy,Wet,Daylight
2020-01-07T17:48:00.000,I 20,I 20 and Windsor Street Underpass,,Rear End,2,Clear,Dry,Daylight
2021-04-01T08:55:00.000,I 20,I 20 and Windsor Street Sw Underpass,,Not a Collision with Motor Vehicle,2,Clear,Dry,Daylight
2020-07-31T10:02:00.000,I 20,I 20 and Windsor Street Opas,,Rear End,2,Clear,Dry,Daylight
2021-11-24T19:40:00.000,I 20,I 20 and Windsor Street Opas,,Rear End,3,Clear,Dry,Daylight
2021-10-12T14:37:00.000,I 20,I 20 and Windsor Street Opas,,Rear End,2,Clear,Dry,Daylight
2022-02-18T19:15:00.000,I 20,I 20 and Windsor Street Exit Rp,,Sideswipe-Same Direction,2,Clear,Dry,Daylight
2022-02-14T10:00:00.000,I 20,I 20 and Windsor Street Exit Rp,,Rear End,2,Clear,Dry,Daylight
2020-08-25T17:25:00.000,I 20,I 20 and Windsor Street Exit,,Sideswipe-Same Direction,2,Cloudy,Wet,Daylight
2020-03-23T10:40:00.000,I 20,I 20 and Windsor Street Exit,,Not a Collision with Motor Vehicle,1,Rain,Wet,Daylight
2020-10-30T18:00:00.000,I 20,I 20 and Windsor Street Exit,,Rear End,2,Clear,Dry,Daylight
2021-09-29T14:41:00.000,I 20,I 20 and Windsor St.,,Rear End,2,Clear,Dry,Daylight
2020-01-04T12:03:00.000,I 20,I 20 and Windsor St Sw Exit,,Rear End,2,Clear,Dry,Daylight
2021-03-13T18:26:00.000,I 20,I 20 and Windsor St,,Sideswipe-Same Direction,2,Clear,Dry,Daylight
2021-01-31T15:06:00.000,I 20,I 20 and Windsor St,,Sideswipe-Same Direction,2,Rain,Wet,Daylight
2021-10-07T16:19:00.000,I 20,I 20 and Windsor St,,Rear End,2,Rain,Wet,Daylight
2021-02-23T19:20:00.000,I 20,I 20 and Windsor St,,Rear End,2,Clear,Dry,Dark-Lighted
2021-02-26T17:09:00.000,I 20,I 20 and Windsor St,,Rear End,2,Cloudy,Dry,Daylight
2021-02-25T16:17:00.000,I 20,I 20 and Windsor St,,Rear End,2,Clear,Dry,Daylight
2021-01-12T21:20:00.000,I 20,I 20 and Windsor St,,Sideswipe-Same Direction,2,Clear,Dry,Dark-Lighted
2021-02-26T16:23:00.000,I 20,I 20 and Windsor St,,Rear End,2,Cloudy,Dry,Daylight
2021-02-12T19:17:00.000,I 20,I 20 and Windsor St,,Rear End,2,Clear,Dry,Dark-Lighted
2021-11-04T16:34:00.000,I 20,I 20 and Windsor St,,Rear End,2,Cloudy,Wet,Daylight
2021-12-31T19:30:00.000,I 20,I 20 and Windsor St,,Sideswipe-Same Direction,3,Cloudy,Dry,Dark-Lighted
2021-11-22T10:12:00.000,I 20,I 20 and Windsor St,,Rear End,2,Cloudy,Wet,Daylight
2021-08-01T01:08:00.000,I 20,I 20 and Windsor St,,Sideswipe-Same Direction,2,Clear,Dry,Dark-Not Lighted
2021-09-29T14:06:00.000,I 20,I 20 and Windsor St,,Rear End,2,Clear,Dry,Daylight
2021-06-07T06:10:00.000,I 20,I 20 and Windsor St,,Rear End,2,Clear,Dry,Dark-Lighted
2021-05-13T15:21:00.000,I 20,I 20 and Windsor St,,Angle Crash,2,Clear,Dry,Daylight
2021-06-18T19:37:00.000,I 20,I 20 and Windsor St,,Sideswipe-Same Direction,2,Clear,Dry,Daylight
2021-07-08T15:27:00.000,I 20,I 20 and Windsor St,,Rear End,2,Cloudy,Wet,Daylight
2021-09-27T17:02:00.000,I 20,I 20 and Windsor St,,Sideswipe-Same Direction,2,Clear,Dry,Daylight
2020-03-04T09:02:00.000,I 20,I 20 and Windsor St,,Sideswipe-Same Direction,2,Rain,Wet,Daylight
2023-03-31T14:10:00.000,I 20,I 20 and Windsor St,,Rear End,2,Clear,Dry,Daylight
2023-08-21T18:42:00.000,I 20,I 20 and Windsor St,,Rear End,2,Clear,Dry,Daylight
2023-07-25T18:31:00.000,I 20,I 20 and Windsor St,,Sideswipe-Same Direction,2,Clear,Dry,Daylight
2023-03-09T19:20:00.000,I 20,I 20 and Windsor St,,Sideswipe-Same Direction,2,Cloudy,Dry,Dark-Lighted
2023-09-07T10:20:00.000,I 20,I 20 and Windsor St,,Sideswipe-Same Direction,2,Clear,Dry,Daylight
2023-01-17T11:48:00.000,I 20,I 20 and Windsor St,,Rear End,2,Rain,Wet,Daylight
2023-05-30T14:18:00.000,I 20,I 20 and Windsor St,,Sideswipe-Same Direction,2,Clear,Dry,Daylight
2023-07-07T14:00:00.000,I 20,I 20 and Windsor St,,Rear End,2,Clear,Dry,Daylight
2023-04-27T06:10:00.000,I 20,I 20 and Windsor St,,Rear End,2,Cloudy,Wet,Daylight
2023-03-14T07:50:00.000,I 20,I 20 and Windsor St,,Rear End,2,Clear,Dry,Daylight
2022-04-12T09:44:00.000,I 20,I 20 and Windsor St,,Rear End,2,Clear,Dry,Daylight
2020-10-28T07:52:00.000,I 20,I 20 and Windsor St,,Rear End,2,Cloudy,Wet,Daylight