Date and Time,Roadway (From Crash Report),Intersection Name (from Crash Report),KABCO Severity,Manner of Collision (Crash Level) ,# of Vehicles per crash ,Weather Conditions (Crash Level),Surface Condition (Crash Level) ,Light Conditions (Crash Level)
2020-12-12T20:48:00.000,I 20,I 20 and Windsor St,,Angle Crash,1,Rain,Wet,Dark-Lighted
2020-07-03T19:20:00.000,I 20,I 20 and Windsor St,,Sideswipe-Same Direction,2,Clear,Dry,Daylight
2020-09-26T17:33:00.000,I 20,I 20 and Windsor St,,Rear End,2,Clear,Dry,Daylight
2020-11-12T19:30:00.000,I 20,I 20 and Windsor St,,Rear End,2,Clear,Dry,Dark-Not Lighted
2020-06-14T22:41:00.000,I 20,I 20 and Windsor St,,Rear End,3,Clear,Dry,Dark-Lighted
2020-06-25T18:40:00.000,I 20,I 20 and Windsor St,,Angle Crash,3,Cloudy,Wet,Daylight
2020-10-11T11:07:00.000,I 20,I 20 and Windsor St,,Rear End,3,Rain,Wet,Daylight
2020-01-29T18:01:00.000,I 20,I 20 and Windsor St,,Sideswipe-Same Direction,2,Clear,Dry,Daylight
2020-09-05T10:53:00.000,I 20,I 20 and Windsor St,,Not a Collision with Motor Vehicle,1,Clear,Dry,Daylight
2020-02-07T09:22:00.000,I 20,I 20 and Windsor St,,Rear End,3,Cloudy,Dry,Daylight
2020-11-26T01:10:00.000,I 20,I 20 and Windsor St,,Angle Crash,2,Rain,Wet,Dark-Lighted
2020-10-28T07:45:00.000,I 20,I 20 and Windsor St,,Sideswipe-Same Direction,2,Clear,Dry,Dawn
2020-11-17T06:15:00.000,I 20,I 20 and Windsor St,,Not a Collision with Motor Vehicle,1,Clear,Dry,Dark-Not Lighted
2020-12-24T18:02:00.000,I 20,I 20 and Windsor St,,Sideswipe-Same Direction,2,Rain,Wet,Daylight
2020-10-17T17:20:00.000,I 20,I 20 and Windsor St,,Rear End,3,Clear,Dry,Daylight
2020-11-14T05:05:00.000,I 20,I 20 and Windsor St,,Rear End,2,Clear,Dry,Dark-Lighted
2020-01-07T12:45:00.000,I 20,I 20 and Windsor St,,Rear End,2,Clear,Dry,Daylight
2020-11-01T17:09:00.000,I 20,I 20 and Windsor St,,Rear End,2,Clear,Dry,Daylight
2020-05-21T23:47:00.000,I 20,I 20 and Windsor St,,Rear End,2,Clear,Dry,Dark-Lighted
2020-08-29T14:05:00.000,I 20,I 20 and Windsor St,,Rear End,2,Clear,Dry,Daylight
2020-11-05T16:00:00.000,I 20,I 20 and Windsor St,,Rear End,2,Clear,Dry,Daylight
2020-01-24T10:48:00.000,I 20,I 20 and Windsor St,,Rear End,2,Cloudy,Wet,Daylight
2020-01-28T08:16:00.000,I 20,I 20 and Windsor St,,Rear End,2,Clear,Dry,Daylight
2020-02-11T19:10:00.000,I 20,I 20 and Windsor St,,Sideswipe-Same Direction,2,Rain,Wet,Dark-Lighted
2020-01-16T08:00:00.000,I 20,I 20 and Windsor St,,Rear End,2,Clear,Dry,Daylight
2020-09-04T23:15:00.000,I 20,I 20 and Windsor St,,Sideswipe-Same Direction,2,Clear,Dry,Dark-Lighted
2020-03-12T05:34:00.000,I 20,I 20 and Windsor St,,Rear End,3,Rain,Wet,Dark-Lighted
2020-10-17T15:43:00.000,I 20,I 20 and Windsor St,,Rear End,2,Clear,Dry,Daylight
2020-06-14T19:56:00.000,I 20,I 20 and Windsor St,,Sideswipe-Same Direction,2,Rain,Wet,Daylight
2020-09-06T21:23:00.000,I 20,I 20 and Windsor St,,Rear End,2,Clear,Dry,Dawn
2020-10-23T18:40:00.000,I 20,I 20 and Windsor St,,Sideswipe-Same Direction,2,Clear,Dry,Daylight
2020-09-08T07:34:00.000,I 20,I 20 and Windsor St,,Sideswipe-Same Direction,2,Clear,Dry,Daylight
2020-12-12T18:40:00.000,I 20,I 20 and Windsor St,,Rear End,3,Clear,Wet,Dark-Lighted
2020-10-09T22:29:00.000,I 20,I 20 and Windsor St,,Rear End,2,Rain,Wet,Dark-Lighted
2020-01-14T20:06:00.000,I 20,I 20 and Windsor St,,Rear End,3,Rain,Wet,Dark-Not Lighted
2020-05-30T16:47:00.000,I 20,I 20 and Windsor St,,Rear End,2,Clear,Dry,Daylight
2020-08-14T20:39:00.000,I 20,I 20 and Windsor St,,Sideswipe-Same Direction,1,Clear,(None),Dark-Lighted
2020-10-21T09:20:00.000,I 20,I 20 and Windsor St,,Rear End,2,Clear,Dry,Daylight
2020-10-28T06:45:00.000,I 20,I 20 and Windsor St,,Rear End,2,Rain,Wet,Dark-Lighted
2020-01-05T14:01:00.000,I 20,I 20 and Windsor St,,Rear End,3,Clear,Dry,Daylight
2020-12-24T18:01:00.000,I 20,I 20 and Windsor St,,Sideswipe-Same Direction,3,Clear,Dry,Dark-Lighted
2020-11-22T18:45:00.000,I 20,I 20 and Windsor St,,Rear End,2,Clear,Dry,Dark-Lighted
2020-12-21T03:09:00.000,I 20,I 20 and Windsor St,,Head On,3,Clear,Dry,Dark-Lighted
2020-09-20T11:45:00.000,I 20,I 20 and Windsor St,,Angle Crash,2,Clear,Dry,Daylight
2020-12-24T18:02:00.000,I 20,I 20 and Windsor St,,Not a Collision with Motor Vehicle,1,Rain,Wet,Daylight
2020-01-24T14:00:00.000,I 20,I 20 and Windsor St,,Rear End,2,Rain,Wet,Daylight
2020-11-14T04:17:00.000,I 20,I 20 and Windsor St,,Sideswipe-Same Direction,3,Clear,Dry,Dark-Lighted
2020-12-27T19:57:00.000,I 20,I 20 and Windsor St,,Rear End,5,Clear,Dry,Dark-Lighted
2020-09-06T20:10:00.000,I 20,I 20 and Windsor St,,Rear End,2,Clear,Dry,Dark-Lighted
2020-10-04T19:51:00.000,I 20,I 20 and Windsor St,,Rear End,2,Clear,Dry,Dark-Lighted
2020-12-31T19:24:00.000,I 20,I 20 and Windsor St,,Sideswipe-Same Direction,2,Clear,Dry,Dark-Lighted
2020-08-07T22:41:00.000,I 20,I 20 and Windsor St,,Angle Crash,2,Cloudy,Wet,Dark-Lighted
2020-03-05T17:22:00.000,I 20,I 20 and Windsor St,,Rear End,2,Cloudy,Wet,Daylight
2020-07-17T19:10:00.000,I 20,I 20 and Windsor St,,Not a Collision with Motor Vehicle,1,Clear,Dry,Daylight
2020-01-25T19:49:00.000,I 20,I 20 and Windsor St,,Rear End,3,Clear,Dry,Dark-Lighted
2020-06-09T22:05:00.000,I 20,I 20 and Windsor St,,Rear End,3,Clear,Dry,Daylight
2020-12-12T19:57:00.000,I 20,I 20 and Windsor St,,Rear End,2,Rain,Wet,Dark-Lighted
2020-02-22T14:09:00.000,I 20,I 20 and Windsor St,,Rear End,3,Clear,Dry,Daylight
2021-01-21T14:56:00.000,I 20,I 20 and Windsor St,,Rear End,2,Rain,Wet,Daylight
2021-01-22T20:31:00.000,I 20,I 20 and Windsor St,,Sideswipe-Same Direction,2,Clear,Dry,Dark-Lighted
2021-02-12T20:18:00.000,I 20,I 20 and Windsor St,,Rear End,2,Clear,Dry,Dark-Not Lighted
2021-02-19T13:59:00.000,I 20,I 20 and Windsor St,,Rear End,2,Clear,Dry,Daylight
2021-04-12T16:06:00.000,I 20,I 20 and Windsor St,,Rear End,2,Clear,Dry,Daylight
2021-04-09T16:05:00.000,I 20,I 20 and Windsor St,,Angle Crash,3,Clear,Dry,Daylight
2021-08-26T19:11:00.000,I 20,I 20 and Windsor St,,Sideswipe-Same Direction,2,Clear,Dry,Daylight
2021-12-08T19:04:00.000,I 20,I 20 and Windsor St,,Sideswipe-Same Direction,2,Clear,Dry,Daylight
2021-10-14T06:48:00.000,I 20,I 20 and Windsor St,,Not a Collision with Motor Vehicle,1,Cloudy,Dry,Dark-Not Lighted
2021-10-21T12:45:00.000,I 20,I 20 and Windsor St,,Rear End,2,Cloudy,Dry,Daylight
2021-09-24T13:20:00.000,I 20,I 20 and Windsor St,,Rear End,2,Clear,Dry,Daylight
2021-07-12T09:31:00.000,I 20,I 20 and Windsor St,,Not a Collision with Motor Vehicle,1,Clear,Dry,Daylight
2021-09-20T12:57:00.000,I 20,I 20 and Windsor St,,Rear End,2,Rain,Wet,Daylight
2021-09-29T14:40:00.000,I 20,I 20 and Windsor St,,Rear End,4,Clear,Dry,Daylight
2021-11-15T11:50:00.000,I 20,I 20 and Windsor St,,Sideswipe-Same Direction,2,Clear,Dry,Daylight
2022-12-09T15:40:00.000,I 20,I 20 and Windsor St,,Rear End,2,Rain,Wet,Daylight
2022-05-26T17:16:00.000,I 20,I 20 and Windsor St,,Rear End,2,Clear,Dry,Daylight
2021-12-10T19:17:00.000,I 20,I 20 and Windsor St,,Rear End,2,Fog,Wet,Dark-Lighted
2022-11-14T13:20:00.000,I 20,I 20 and Windsor St,,Sideswipe-Same Direction,2,Cloudy,Dry,Daylight
2022-11-08T16:12:00.000,I 20,I 20 and Windsor St,,Sideswipe-Same Direction,2,Clear,Dry,Daylight
2022-05-05T15:32:00.000,I 20,I 20 and Windsor St,,Rear End,2,Clear,Dry,Daylight
2022-10-04T10:49:00.000,I 20,I 20 and Windsor St,,Sideswipe-Same Direction,3,Clear,Wet,Daylight
2022-04-01T08:25:00.000,I 20,I 20 and Windsor St,,Sideswipe-Same Direction,2,Clear,Dry,Daylight
2022-09-13T08:20:00.000,I 20,I 20 and Windsor St,,Sideswipe-Same Direction,2,Clear,Dry,Daylight
2022-08-26T14:25:00.000,I 20,I 20 and Windsor St,,Rear End,2,Clear,Dry,Daylight
2022-09-26T17:18:00.000,I 20,I 20 and Windsor St,,Sideswipe-Same Direction,2,Clear,Dry,Daylight
2022-06-21T13:25:00.000,I 20,I 20 and Windsor St,,Not a Collision with Motor Vehicle,1,Clear,Dry,Daylight
2022-01-10T19:33:00.000,I 20,I 20 and Windsor St,,Rear End,2,Clear,Dry,Dark-Lighted
2022-03-10T06:15:00.000,I 20,I 20 and Windsor St,,Sideswipe-Same Direction,2,Clear,Dry,Dark-Lighted
2022-04-23T20:48:00.000,I 20,I 20 and Windsor St,,Sideswipe-Same Direction,2,Clear,Dry,Dark-Lighted
2022-03-25T08:30:00.000,I 20,I 20 and Windsor St,,Rear End,2,Clear,Dry,Daylight
2022-05-20T13:08:00.000,I 20,I 20 and Windsor St,,Sideswipe-Same Direction,1,Clear,Dry,Daylight
2022-09-09T10:30:00.000,I 20,I 20 and Windsor St,,Not a Collision with Motor Vehicle,2,Cloudy,Dry,Daylight
2022-07-18T18:48:00.000,I 20,I 20 and Windsor St,,Sideswipe-Same Direction,2,Clear,Dry,Daylight
2022-03-25T08:25:00.000,I 20,I 20 and Windsor St,,Not a Collision with Motor Vehicle,1,Clear,Dry,Daylight
2022-12-16T15:39:00.000,I 20,I 20 and Windsor St,,Sideswipe-Same Direction,2,Clear,Dry,Daylight
2022-08-26T14:16:00.000,I 20,I 20 and Windsor St,,Sideswipe-Same Direction,2,Clear,Dry,Daylight
2022-05-10T08:45:00.000,I 20,I 20 and Windsor St,,Sideswipe-Same Direction,2,Clear,Dry,Daylight
2022-07-07T18:29:00.000,I 20,I 20 and Windsor St,,Sideswipe-Same Direction,2,Cloudy,Dry,Daylight
2022-12-02T15:02:00.000,I 20,I 20 and Windsor St,,Rear End,4,Clear,Dry,Daylight
2022-12-15T07:50:00.000,I 20,I 20 and Windsor St,,Angle Crash,2,Cloudy,Wet,Daylight
2022-02-07T18:20:00.000,I 20,I 20 and Windsor St,,Sideswipe-Same Direction,2,Clear,Dry,Dark-Lighted
2022-04-15T16:53:00.000,I 20,I 20 and Windsor St,,Rear End,2,Clear,Dry,Daylight
2023-03-09T15:10:00.000,I 20,I 20 and Windsor St,,Rear End,2,Cloudy,Dry,Daylight
2024-07-01T15:58:00.000,I 20,I 20 and Windsor St,,Sideswipe-Same Direction,2,Cloudy,Dry,Daylight
2024-07-26T19:45:00.000,I 20,I 20 and Windsor St,,Rear End,3,Cloudy,Dry,Daylight
2024-05-14T14:36:00.000,I 20,I 20 and Windsor St,,Sideswipe-Same Direction,2,Cloudy,Dry,Daylight
2024-08-01T14:45:00.000,I 20,I 20 and Windsor St,,Sideswipe-Same Direction,2,Clear,Dry,Daylight
2024-09-13T14:45:00.000,I 20,I 20 and Windsor St,,Rear End,2,Cloudy,Dry,Daylight
2024-07-30T18:44:00.000,I 20,I 20 and Windsor St,,Rear End,2,Clear,Dry,Daylight
2024-06-27T15:04:00.000,I 20,I 20 and Windsor St,,Sideswipe-Same Direction,2,Clear,Dry,Daylight
2023-07-21T12:42:00.000,I 20,I 20 and Windsor St,,Rear End,2,Clear,Dry,Daylight
2024-02-02T16:35:00.000,I 20,I 20 and Windsor St,,Rear End,2,Clear,Dry,Daylight
2024-09-30T15:25:00.000,I 20,I 20 and Windsor St,,Rear End,2,Cloudy,Dry,Daylight
2023-09-10T01:37:00.000,I 20,I 20 and Windsor St,,Not a Collision with Motor Vehicle,1,Cloudy,Wet,Dark-Lighted
2023-08-15T18:30:00.000,I 20,I 20 and Windsor St,,Rear End,2,Clear,Dry,Daylight
2023-10-17T12:42:00.000,I 20,I 20 and Windsor St,,Sideswipe-Same Direction,2,Clear,Dry,Daylight
2023-01-02T18:46:00.000,I 20,I 20 and Windsor St,,Rear End,2,Cloudy,Wet,Dark-Lighted
2023-03-09T13:50:00.000,I 20,I 20 and Windsor St,,Rear End,2,Rain,Wet,Daylight
2023-08-10T15:25:00.000,I 20,I 20 and Windsor St,,Rear End,2,Clear,Dry,Daylight
2023-09-01T11:40:00.000,I 20,I 20 and Windsor St,,Rear End,2,Clear,Dry,Daylight
2023-07-25T17:22:00.000,I 20,I 20 and Windsor St,,Rear End,3,Clear,Dry,Daylight
2023-03-21T18:00:00.000,I 20,I 20 and Windsor St,,Rear End,2,Clear,Dry,Daylight
2023-12-28T09:50:00.000,I 20,I 20 and Windsor St,,Rear End,2,Clear,Dry,Daylight
2023-05-12T12:02:00.000,I 20,I 20 and Windsor St,,Rear End,3,Rain,Wet,Daylight
2023-02-17T00:04:00.000,I 20,I 20 and Windsor St,,Sideswipe-Same Direction,2,Clear,Dry,Dark-Lighted
2023-10-23T12:00:00.000,I 20,I 20 and Windsor St,,Sideswipe-Same Direction,2,Clear,Dry,Daylight
2023-07-10T19:40:00.000,I 20,I 20 and Windsor St,,Not a Collision with Motor Vehicle,1,Clear,Dry,Daylight
2024-08-23T16:45:00.000,I 20,I 20 and Windsor St,,Rear End,2,Clear,Dry,Daylight
2024-02-01T18:40:00.000,I 20,I 20 and Windsor St,,Rear End,2,Clear,Dry,Dark-Not Lighted
2024-04-29T10:35:00.000,I 20,I 20 and Windsor St,,Rear End,2,Clear,Dry,Daylight
2024-06-14T15:00:00.000,I 20,I 20 and Windsor St,,Rear End,2,Clear,Dry,Daylight
2024-04-05T18:00:00.000,I 20,I 20 and Windsor St,,Sideswipe-Same Direction,2,Clear,Dry,Daylight
2024-09-13T06:41:00.000,I 20,I 20 and Windsor St,,Sideswipe-Same Direction,2,Cloudy,Dry,Dark-Not Lighted
2024-01-30T15:55:00.000,I 20,I 20 and Windsor St,,Sideswipe-Same Direction,2,Clear,Dry,Daylight
2024-11-26T20:00:00.000,I 20,I 20 and Windsor St,,Not a Collision with Motor Vehicle,1,Clear,Dry,Dark-Not Lighted
2024-06-13T15:14:00.000,I 20,I 20 and Windsor St,,Rear End,3,Clear,Dry,Daylight
2024-11-21T14:10:00.000,I 20,I 20 and Windsor St,,Rear End,2,Clear,Dry,Daylight
2024-07-16T09:20:00.000,I 20,I 20 and Windsor St,,Sideswipe-Same Direction,2,Clear,Dry,Daylight
2024-12-05T19:28:00.000,I 20,I 20 and Windsor St,,Sideswipe-Same Direction,3,Clear,Dry,Dark-Lighted
2024-10-07T18:20:00.000,I 20,I 20 and Windsor St,,Sideswipe-Same Direction,2,Clear,Dry,Daylight
2024-07-26T19:42:00.000,I 20,I 20 and Windsor St,,Rear End,2,Clear,Dry,Daylight
2024-06-28T17:09:00.000,I 20,I 20 and Windsor St,,Sideswipe-Same Direction,2,Clear,Dry,Daylight
2024-01-04T18:54:00.000,I 20,I 20 and Windsor St,,Rear End,2,Clear,Dry,Dark-Not Lighted
2024-04-18T16:47:00.000,I 20,I 20 and Windsor St,,Rear End,3,Clear,Dry,Daylight
2024-09-06T15:38:00.000,I 20,I 20 and Windsor St,,Sideswipe-Same Direction,2,Cloudy,Dry,Daylight
2024-05-02T09:31:00.000,I 20,I 20 and Windsor St,,Rear End,2,Clear,Dry,Daylight
2024-11-26T19:22:00.000,I 20,I 20 and Windsor St,,Not a Collision with Motor Vehicle,1,Clear,Dry,Dark-Lighted
2024-02-16T17:32:00.000,I 20,I 20 and Windsor St,,Rear End,2,Clear,Dry,Daylight
2024-01-06T23:44:00.000,I 20,I 20 and Windsor St,,Sideswipe-Same Direction,2,Clear,Dry,Dark-Lighted
2024-02-01T19:05:00.000,I 20,I 20 and Windsor St,,Sideswipe-Same Direction,2,Clear,Dry,Dark-Not Lighted
2024-02-22T15:58:00.000,I 20,I 20 and Windsor St,,Sideswipe-Same Direction,2,Clear,Dry,Daylight
2021-10-11T16:35:00.000,I 20,I 20 and Windsor Pkwy,,Rear End,2,Clear,Dry,Daylight
2021-11-23T18:45:00.000,I 20,I 20 and Windsor Ave,,Rear End,2,Cloudy,Dry,Dusk
2023-06-23T13:04:00.000,I 20,I 20 and Windsor,,Sideswipe-Same Direction,3,Clear,Dry,Daylight
2021-08-17T19:27:00.000,I 20,I 20 and Windsor,,Sideswipe-Same Direction,2,Cloudy,Dry,Daylight
2022-01-31T14:44:00.000,I 20,I 20 and Windsor,,Sideswipe-Same Direction,2,Clear,Dry,Daylight
2023-03-27T18:19:00.000,I 20,I 20 and Windsor,,Rear End,2,Clear,Dry,Daylight
2023-08-06T00:00:00.000,I 20,I 20 and Windsor,,Rear End,3,Clear,Dry,Dark-Not Lighted
2024-06-20T10:32:00.000,I 20,I 20 and Windsor,,Sideswipe-Same Direction,2,Clear,Dry,Daylight
2024-08-02T10:40:00.000,I 20,I 20 and Windsdor St,,Sideswipe-Same Direction,2,Clear,Dry,Daylight
2020-01-25T19:50:00.000,I 20,I 20 and Windor St,,Sideswipe-Same Direction,2,Clear,Dry,Dark-Lighted
2023-05-20T13:55:00.000,I 20,I 20 and Williams Church Creek Rd,,Rear End,3,Cloudy,Dry,Daylight
2023-08-04T17:50:00.000,I 20,I 20 and Whites Mill Rd,,Rear End,2,Clear,Dry,Daylight
2023-09-07T16:17:00.000,I 20,I 20 and Whites Mill Rd,,Rear End,2,Clear,Dry,Daylight
2023-08-04T17:50:00.000,I 20,I 20 and Whites Mill Rd,,Rear End,2,Clear,Dry,Daylight
2020-02-16T09:15:00.000,I 20,I 20 and Whites Mill Rd,,Angle Crash,2,Rain,Wet,Daylight
2023-03-06T09:25:00.000,I 20,I 20 and Whites Mill Rd,,Sideswipe-Same Direction,2,Clear,Dry,Daylight
2023-10-31T18:54:00.000,I 20,I 20 and Whites Mill Rd,,Sideswipe-Same Direction,2,Clear,Dry,Daylight
2023-07-20T18:53:00.000,I 20,I 20 and Whites Mill Rd,,Not a Collision with Motor Vehicle,1,Rain,Wet,Daylight
2024-01-10T05:27:00.000,I 20,I 20 and Whites Mill Rd,,Not a Collision with Motor Vehicle,1,Clear,Dry,Daylight
2021-04-09T16:40:00.000,I 20,I 20 and Whitehall St,,Sideswipe-Same Direction,2,Cloudy,Dry,Daylight
2020-10-10T19:27:00.000,I 20,I 20 and White Oak Road Over-Pass,,Not a Collision with Motor Vehicle,1,Cloudy,Dry,Dark-Not Lighted
2024-06-04T10:46:00.000,I 20,I 20 and White Oak Rd Opas,,Rear End,2,Clear,Dry,Daylight
2021-10-23T14:46:00.000,I 20,I 20 and White Oak Rd,,Rear End,2,Clear,Dry,Daylight
2021-06-15T12:13:00.000,I 20,I 20 and White Oak Rd,,Rear End,2,Clear,Dry,Daylight
2023-02-06T09:24:00.000,I 20,I 20 and White Oak Rd,,Not a Collision with Motor Vehicle,1,Clear,Dry,Daylight
2023-01-29T06:13:00.000,I 20,I 20 and White Oak Rd,,Not a Collision with Motor Vehicle,1,Clear,Dry,Dark-Not Lighted
2020-10-19T10:58:00.000,I 20,I 20 and White Oak Rd,,Sideswipe-Same Direction,2,Clear,Dry,Daylight
2020-01-03T15:50:00.000,I 20,I 20 and White Oak Rd,,Angle Crash,2,Rain,Water (standing or moving),Daylight
2020-08-26T11:29:00.000,I 20,I 20 and White Oak Rd,,Sideswipe-Opposite Direction,2,Clear,Dry,Daylight
2022-10-17T10:04:00.000,I 20,I 20 and White Oak Rd,,Rear End,2,Clear,Dry,Daylight
2022-10-10T13:00:00.000,I 20,I 20 and White Oak Rd,,Rear End,3,Clear,Dry,Daylight
2024-04-15T13:18:00.000,I 20,I 20 and White Oak Rd,,Sideswipe-Same Direction,2,Clear,Dry,Daylight
2023-05-05T20:04:00.000,I 20,I 20 and White Oak Rd,,Rear End,2,Rain,Wet,Dark-Not Lighted
2024-07-19T12:30:00.000,I 20,I 20 and White Oak Rd,,Not a Collision with Motor Vehicle,1,Clear,Dry,Daylight
2024-04-30T14:25:00.000,I 20,I 20 and White Oak Rd,,Not a Collision with Motor Vehicle,1,Rain,Wet,Daylight
2024-06-07T16:10:00.000,I 20,I 20 and White Oak Rd,,Rear End,2,Clear,Dry,Daylight
2024-05-30T16:56:00.000,I 20,I 20 and White Oak Rd,,Rear End,5,Clear,Dry,Daylight
2024-04-23T09:40:00.000,I 20,I 20 and White Oak Campground Road Over,,Rear End,5,Clear,Dry,Daylight
2020-08-26T13:57:00.000,I 20,I 20 and White Oak Campground Rd,,Not a Collision with Motor Vehicle,1,Rain,Wet,Daylight
2022-01-07T10:06:00.000,I 20,I 20 and White Oak Campground Rd,,Sideswipe-Same Direction,2,Clear,Dry,Daylight
2024-11-12T21:14:00.000,I 20,I 20 and White Oak Campground,,Rear End,2,Clear,Dry,Dark-Not Lighted
2022-10-12T16:00:00.000,I 20,I 20 and Wheeler Road Opas,,Sideswipe-Same Direction,2,Rain,Wet,Daylight
2023-12-22T17:10:00.000,I 20,I 20 and Wheeler Rd Opas,,Sideswipe-Same Direction,2,Clear,Dry,Dark-Lighted
2021-10-29T23:17:00.000,I 20,I 20 and Wheeler Rd Opas,,Rear End,2,Clear,Dry,Dark-Not Lighted
2021-12-22T11:49:00.000,I 20,I 20 and Wheeler Rd Exit 195,,Sideswipe-Same Direction,2,Clear,Dry,Daylight
2024-07-17T19:28:00.000,I 20,I 20 and Wheeler Rd Exit 195,,Not a Collision with Motor Vehicle,3,Cloudy,Dry,Dusk
2024-12-02T11:18:00.000,I 20,I 20 and Wheeler Rd Cd Rp,,Angle Crash,2,Clear,Dry,Daylight
2021-05-06T16:39:00.000,I 20,I 20 and Wheeler Rd,,Rear End,2,Clear,Dry,Daylight
2021-09-19T21:00:00.000,I 20,I 20 and Wheeler Rd,,Not a Collision with Motor Vehicle,1,Clear,Dry,Dark-Lighted
2021-08-23T15:10:00.000,I 20,I 20 and Wheeler Rd,,Rear End,2,Clear,Dry,Daylight
2021-02-07T16:00:00.000,I 20,I 20 and Wheeler Rd,,Sideswipe-Same Direction,3,Clear,Dry,Daylight
2021-12-01T17:55:00.000,I 20,I 20 and Wheeler Rd,,Rear End,4,Clear,Dry,Dark-Lighted
2021-08-19T13:29:00.000,I 20,I 20 and Wheeler Rd,,Sideswipe-Same Direction,2,Clear,Dry,Daylight
2021-09-17T17:21:00.000,I 20,I 20 and Wheeler Rd,,Rear End,2,Clear,Dry,Daylight
2021-12-09T17:43:00.000,I 20,I 20 and Wheeler Rd,,Rear End,2,Clear,Dry,Dark-Lighted
2021-08-26T09:54:00.000,I 20,I 20 and Wheeler Rd,,Rear End,2,Clear,Dry,Daylight
2021-12-21T16:28:00.000,I 20,I 20 and Wheeler Rd,,Angle Crash,2,Rain,Water (standing or moving),Dark-Not Lighted
2021-01-06T14:01:00.000,I 20,I 20 and Wheeler Rd,,Rear End,2,Clear,Dry,Daylight
2021-04-01T17:49:00.000,I 20,I 20 and Wheeler Rd,,Rear End,2,Clear,Dry,Daylight
2021-09-17T16:38:00.000,I 20,I 20 and Wheeler Rd,,Rear End,2,Cloudy,Dry,Daylight
2021-12-16T00:00:00.000,I 20,I 20 and Wheeler Rd,,Sideswipe-Same Direction,2,Clear,Dry,Daylight
2021-05-19T09:45:00.000,I 20,I 20 and Wheeler Rd,,Not a Collision with Motor Vehicle,1,Clear,Dry,Daylight
2023-12-01T15:14:00.000,I 20,I 20 and Wheeler Rd,,Sideswipe-Same Direction,2,Cloudy,Dry,Daylight
2023-11-26T16:38:00.000,I 20,I 20 and Wheeler Rd,,Rear End,2,Rain,Wet,Daylight
2023-05-10T16:50:00.000,I 20,I 20 and Wheeler Rd,,Rear End,4,Cloudy,Dry,Daylight
2023-05-25T16:10:00.000,I 20,I 20 and Wheeler Rd,,Sideswipe-Same Direction,2,Clear,Dry,Daylight
2023-05-05T15:17:00.000,I 20,I 20 and Wheeler Rd,,Sideswipe-Same Direction,2,Cloudy,Wet,Daylight
2023-05-22T20:04:00.000,I 20,I 20 and Wheeler Rd,,Rear End,2,Clear,Dry,Daylight
2023-05-09T09:01:00.000,I 20,I 20 and Wheeler Rd,,Rear End,2,Clear,Dry,Daylight
2023-08-24T10:54:00.000,I 20,I 20 and Wheeler Rd,,Angle Crash,2,Clear,Dry,Daylight
2023-09-28T06:02:00.000,I 20,I 20 and Wheeler Rd,,Sideswipe-Same Direction,2,Clear,Dry,Dark-Not Lighted
2023-05-08T16:10:00.000,I 20,I 20 and Wheeler Rd,,Rear End,2,Cloudy,Dry,Daylight
2023-11-26T16:38:00.000,I 20,I 20 and Wheeler Rd,,Rear End,2,Rain,Water (standing or moving),Daylight
2023-03-18T15:10:00.000,I 20,I 20 and Wheeler Rd,,Rear End,2,Clear,Dry,Daylight
2023-01-16T06:22:00.000,I 20,I 20 and Wheeler Rd,,Rear End,2,Clear,Dry,Dark-Lighted
2023-04-05T17:27:00.000,I 20,I 20 and Wheeler Rd,,Rear End,3,Clear,Dry,Daylight
2022-07-29T14:10:00.000,I 20,I 20 and Wheeler Rd,,Sideswipe-Same Direction,2,Clear,Dry,Daylight
2022-11-23T19:03:00.000,I 20,I 20 and Wheeler Rd,,Rear End,3,Clear,Dry,Dark-Not Lighted
2021-12-09T18:17:00.000,I 20,I 20 and Wheeler Rd,,Sideswipe-Same Direction,2,Clear,Dry,Dark-Not Lighted
2020-09-04T10:19:00.000,I 20,I 20 and Wheeler Rd,,Angle Crash,2,Clear,Dry,Daylight
2020-02-02T17:54:00.000,I 20,I 20 and Wheeler Rd,,Rear End,2,Clear,Dry,Daylight
2020-02-06T15:33:00.000,I 20,I 20 and Wheeler Rd,,Not a Collision with Motor Vehicle,1,Rain,Wet,Daylight
2020-03-05T16:39:00.000,I 20,I 20 and Wheeler Rd,,Rear End,2,Rain,Wet,Daylight
2020-08-07T15:16:00.000,I 20,I 20 and Wheeler Rd,,Angle Crash,2,Clear,Dry,Daylight
2020-06-13T05:17:00.000,I 20,I 20 and Wheeler Rd,,Sideswipe-Same Direction,2,Clear,Dry,Dark-Lighted
2020-11-18T18:02:00.000,I 20,I 20 and Wheeler Rd,,Rear End,2,Clear,Dry,Dark-Not Lighted
2020-08-14T16:59:00.000,I 20,I 20 and Wheeler Rd,,Rear End,2,Rain,Wet,Daylight
2020-05-05T15:24:00.000,I 20,I 20 and Wheeler Rd,,Sideswipe-Same Direction,2,Clear,Dry,Daylight