Date and Time,Roadway (From Crash Report),Intersection Name (from Crash Report),KABCO Severity,Manner of Collision (Crash Level) ,# of Vehicles per crash ,Weather Conditions (Crash Level),Surface Condition (Crash Level) ,Light Conditions (Crash Level)
2020-06-22T18:17:00.000,I 20,I 20 and Wheeler Rd,,Rear End,2,Clear,Dry,Daylight
2020-09-03T07:39:00.000,I 20,I 20 and Wheeler Rd,,Not a Collision with Motor Vehicle,1,Clear,Dry,Daylight
2020-09-14T17:21:00.000,I 20,I 20 and Wheeler Rd,,Rear End,2,Clear,Dry,Daylight
2020-11-20T19:18:00.000,I 20,I 20 and Wheeler Rd,,Sideswipe-Same Direction,2,Clear,Dry,Dark-Not Lighted
2020-10-23T13:39:00.000,I 20,I 20 and Wheeler Rd,,Sideswipe-Same Direction,2,Cloudy,Dry,Daylight
2020-09-21T21:22:00.000,I 20,I 20 and Wheeler Rd,,Rear End,2,Clear,Dry,Dark-Lighted
2020-11-20T14:25:00.000,I 20,I 20 and Wheeler Rd,,Rear End,2,Clear,Dry,Daylight
2020-09-18T21:30:00.000,I 20,I 20 and Wheeler Rd,,Rear End,2,Clear,Dry,Dark-Lighted
2020-05-21T12:11:00.000,I 20,I 20 and Wheeler Rd,,Rear End,2,Clear,Dry,Daylight
2020-06-19T10:15:00.000,I 20,I 20 and Wheeler Rd,,Not a Collision with Motor Vehicle,1,Clear,Dry,Daylight
2020-01-12T08:12:00.000,I 20,I 20 and Wheeler Rd,,Not a Collision with Motor Vehicle,1,Cloudy,Wet,Daylight
2020-10-22T15:32:00.000,I 20,I 20 and Wheeler Rd,,Not a Collision with Motor Vehicle,1,Clear,Dry,Daylight
2021-05-28T18:48:00.000,I 20,I 20 and Wheeler Rd,,Sideswipe-Same Direction,3,Clear,Dry,Daylight
2021-01-31T16:27:00.000,I 20,I 20 and Wheeler Rd,,Not a Collision with Motor Vehicle,1,Cloudy,Wet,Daylight
2021-02-21T15:02:00.000,I 20,I 20 and Wheeler Rd,,Not a Collision with Motor Vehicle,1,Cloudy,Dry,Daylight
2021-07-14T17:20:00.000,I 20,I 20 and Wheeler Rd,,Angle Crash,2,Cloudy,Dry,Daylight
2021-11-29T15:10:00.000,I 20,I 20 and Wheeler Rd,,Sideswipe-Same Direction,2,Clear,Dry,Daylight
2022-03-10T17:05:00.000,I 20,I 20 and Wheeler Rd,,Rear End,2,Cloudy,Wet,Daylight
2022-11-13T10:53:00.000,I 20,I 20 and Wheeler Rd,,Rear End,2,Clear,Dry,Daylight
2022-11-11T19:03:00.000,I 20,I 20 and Wheeler Rd,,Rear End,3,Rain,Wet,Dark-Lighted
2021-10-15T17:11:00.000,I 20,I 20 and Wheeler Rd,,Rear End,2,Clear,Dry,Daylight
2021-07-15T18:28:00.000,I 20,I 20 and Wheeler Rd,,Rear End,2,Clear,Dry,Daylight
2022-11-11T18:54:00.000,I 20,I 20 and Wheeler Rd,,Rear End,2,Rain,Wet,Dark-Lighted
2022-10-19T17:27:00.000,I 20,I 20 and Wheeler Rd,,Sideswipe-Same Direction,2,Clear,Dry,Daylight
2022-12-23T12:00:00.000,I 20,I 20 and Wheeler Rd,,Sideswipe-Same Direction,2,Clear,Dry,Daylight
2022-10-07T13:07:00.000,I 20,I 20 and Wheeler Rd,,Sideswipe-Same Direction,2,Clear,Dry,Daylight
2022-04-29T17:26:00.000,I 20,I 20 and Wheeler Rd,,Rear End,3,Clear,Dry,Daylight
2022-10-15T03:09:00.000,I 20,I 20 and Wheeler Rd,,Not a Collision with Motor Vehicle,1,Clear,Dry,Dark-Lighted
2022-07-07T08:04:00.000,I 20,I 20 and Wheeler Rd,,Rear End,2,Cloudy,Dry,Daylight
2022-09-01T13:00:00.000,I 20,I 20 and Wheeler Rd,,Rear End,2,Clear,Dry,Daylight
2022-02-04T05:33:00.000,I 20,I 20 and Wheeler Rd,,Not a Collision with Motor Vehicle,1,Clear,Dry,Dark-Not Lighted
2022-07-24T18:44:00.000,I 20,I 20 and Wheeler Rd,,Sideswipe-Same Direction,2,Clear,Dry,Daylight
2022-01-07T08:10:00.000,I 20,I 20 and Wheeler Rd,,Sideswipe-Same Direction,2,Clear,Dry,Daylight
2022-07-09T23:03:00.000,I 20,I 20 and Wheeler Rd,,Sideswipe-Same Direction,2,Cloudy,Dry,Dark-Not Lighted
2022-04-21T17:30:00.000,I 20,I 20 and Wheeler Rd,,Rear End,2,Clear,Dry,Daylight
2022-11-07T18:05:00.000,I 20,I 20 and Wheeler Rd,,Rear End,3,Clear,Dry,Dark-Not Lighted
2022-11-03T17:51:00.000,I 20,I 20 and Wheeler Rd,,Rear End,2,Clear,Dry,Daylight
2022-07-26T17:15:00.000,I 20,I 20 and Wheeler Rd,,Not a Collision with Motor Vehicle,1,Clear,Dry,Daylight
2022-02-11T04:28:00.000,I 20,I 20 and Wheeler Rd,,Rear End,2,Clear,Dry,Dark-Not Lighted
2022-11-11T13:20:00.000,I 20,I 20 and Wheeler Rd,,Sideswipe-Same Direction,2,Rain,Wet,Daylight
2022-07-21T15:04:00.000,I 20,I 20 and Wheeler Rd,,Rear End,2,Cloudy,Dry,Daylight
2022-06-09T11:14:00.000,I 20,I 20 and Wheeler Rd,,Not a Collision with Motor Vehicle,1,Clear,Dry,Daylight
2022-10-21T18:50:00.000,I 20,I 20 and Wheeler Rd,,Rear End,2,Clear,Dry,Dark-Not Lighted
2022-01-10T16:48:00.000,I 20,I 20 and Wheeler Rd,,Rear End,2,Clear,Dry,Dusk
2022-11-11T17:46:00.000,I 20,I 20 and Wheeler Rd,,Rear End,2,Rain,Wet,Dark-Lighted
2022-08-08T16:43:00.000,I 20,I 20 and Wheeler Rd,,Angle Crash,2,Rain,Wet,Daylight
2024-02-13T17:45:00.000,I 20,I 20 and Wheeler Rd,,Rear End,2,Cloudy,Dry,Daylight
2024-02-29T16:22:00.000,I 20,I 20 and Wheeler Rd,,Rear End,2,Clear,Dry,Daylight
2024-10-07T09:38:00.000,I 20,I 20 and Wheeler Rd,,Rear End,2,Clear,Dry,Daylight
2024-01-16T15:13:00.000,I 20,I 20 and Wheeler Rd,,Not a Collision with Motor Vehicle,1,Clear,Dry,Daylight
2024-02-10T11:13:00.000,I 20,I 20 and Wheeler Rd,,Angle Crash,2,Clear,Dry,Daylight
2024-01-16T15:13:00.000,I 20,I 20 and Wheeler Rd,,Not a Collision with Motor Vehicle,1,Clear,Dry,Daylight
2024-05-28T18:30:00.000,I 20,I 20 and Wheeler Rd,,Not a Collision with Motor Vehicle,1,Clear,Dry,Daylight
2023-11-21T09:07:00.000,I 20,I 20 and Wheeler Rd,,Rear End,2,Cloudy,Wet,Daylight
2024-10-18T17:29:00.000,I 20,I 20 and Wheeler Rd,,Sideswipe-Same Direction,2,Clear,Dry,Daylight
2023-04-18T01:00:00.000,I 20,I 20 and Wheeler Rd,,Not a Collision with Motor Vehicle,1,Clear,Dry,Dark-Lighted
2023-07-03T12:41:00.000,I 20,I 20 and Wheeler Rd,,Rear End,2,Clear,Dry,Daylight
2023-11-26T16:38:00.000,I 20,I 20 and Wheeler Rd,,Rear End,2,Rain,Wet,Daylight
2023-09-01T14:45:00.000,I 20,I 20 and Wheeler Rd,,Rear End,4,Clear,Dry,Daylight
2023-02-21T08:05:00.000,I 20,I 20 and Wheeler Rd,,Sideswipe-Same Direction,2,Clear,Dry,Daylight
2023-09-25T16:15:00.000,I 20,I 20 and Wheeler Rd,,Rear End,2,Clear,Dry,Daylight
2023-02-17T07:11:00.000,I 20,I 20 and Wheeler Rd,,Not a Collision with Motor Vehicle,1,Cloudy,Dry,Daylight
2024-11-25T13:30:00.000,I 20,I 20 and Wheeler Rd,,Rear End,2,Clear,Dry,Daylight
2024-01-16T17:08:00.000,I 20,I 20 and Wheeler Rd,,Not a Collision with Motor Vehicle,3,Cloudy,Dry,Daylight
2024-01-16T17:09:00.000,I 20,I 20 and Wheeler Rd,,Rear End,2,Clear,Dry,Daylight
2024-10-04T15:31:00.000,I 20,I 20 and Wheeler Rd,,Rear End,2,Clear,Dry,Daylight
2024-08-15T13:08:00.000,I 20,I 20 and Wheeler Rd,,Sideswipe-Same Direction,2,Clear,Dry,Daylight
2024-08-11T14:35:00.000,I 20,I 20 and Wheeler Rd,,Rear End,2,Clear,Dry,Daylight
2024-12-12T08:32:00.000,I 20,I 20 and Wheeler Rd,,Sideswipe-Same Direction,2,Clear,Dry,Daylight
2024-06-01T09:15:00.000,I 20,I 20 and Wheeler Rd,,Sideswipe-Same Direction,2,Clear,Dry,Daylight
2024-11-19T11:46:00.000,I 20,I 20 and Wheeler Rd,,Angle Crash,2,Cloudy,Dry,Daylight
2024-06-17T15:05:00.000,I 20,I 20 and Wheeler Rd,,Angle Crash,2,Clear,Dry,Daylight
2024-12-12T12:11:00.000,I 20,I 20 and Wheeler Rd,,Sideswipe-Same Direction,2,Clear,Dry,Daylight
2024-11-22T18:38:00.000,I 20,I 20 and Wheeler Rd,,Not a Collision with Motor Vehicle,1,Clear,Dry,Dark-Not Lighted
2024-07-11T14:15:00.000,I 20,I 20 and Wheeler Rd,,Angle Crash,2,Clear,Dry,Daylight
2024-01-16T15:13:00.000,I 20,I 20 and Wheeler Rd,,Not a Collision with Motor Vehicle,1,Clear,Dry,Daylight
2020-11-28T17:25:00.000,I 20,I 20 and Wheeler,,Angle Crash,2,Cloudy,Wet,Daylight
2024-02-01T09:15:00.000,I 20,I 20 and Westview Opas,,Rear End,2,Clear,Dry,Daylight
2020-02-24T08:45:00.000,I 20,I 20 and Westview Drive Opas,,Rear End,2,Rain,Wet,Daylight
2020-05-26T07:38:00.000,I 20,I 20 and Westview Drive Opas,,Not a Collision with Motor Vehicle,1,Cloudy,Dry,Daylight
2021-12-20T17:14:00.000,I 20,I 20 and Westview Drive Opas,,Sideswipe-Same Direction,3,Clear,Wet,Daylight
2022-03-18T13:06:00.000,I 20,I 20 and Westview Drive Opas,,Not a Collision with Motor Vehicle,1,Rain,Wet,Daylight
2021-08-03T07:42:00.000,I 20,I 20 and Westview Dr Opas,,Not a Collision with Motor Vehicle,1,Cloudy,Wet,Daylight
2023-06-05T19:09:00.000,I 20,I 20 and Westview Dr Opas,,Rear End,3,Clear,Dry,Daylight
2023-06-05T18:31:00.000,I 20,I 20 and Westview Dr Opas,,Sideswipe-Same Direction,2,Clear,Dry,Daylight
2022-07-19T08:25:00.000,I 20,I 20 and Westview Dr Opas,,Angle Crash,2,Rain,Wet,Daylight
2022-07-19T08:30:00.000,I 20,I 20 and Westview Dr Opas,,Rear End,2,Rain,Wet,Daylight
2023-09-12T17:29:00.000,I 20,I 20 and Westview Dr Opas,,Sideswipe-Same Direction,2,Clear,Dry,Daylight
2024-02-05T09:38:00.000,I 20,I 20 and Westview Dr Opas,,Rear End,2,Cloudy,Dry,Daylight
2024-10-29T09:05:00.000,I 20,I 20 and Westview Dr Opas,,Rear End,2,Clear,Dry,Daylight
2021-03-03T09:35:00.000,I 20,I 20 and Westview Dr,,Sideswipe-Same Direction,2,Clear,Dry,Daylight
2020-05-02T18:33:00.000,I 20,I 20 and Westview Dr,,Rear End,4,Clear,Dry,Daylight
2020-11-15T13:38:00.000,I 20,I 20 and Westview Dr,,Rear End,3,Cloudy,Dry,Daylight
2020-08-03T16:00:00.000,I 20,I 20 and Westview Dr,,Rear End,2,Clear,Dry,Daylight
2020-09-29T06:40:00.000,I 20,I 20 and Westview Dr,,Rear End,2,Cloudy,Wet,Dark-Lighted
2022-12-14T22:56:00.000,I 20,I 20 and Westview Dr,,Rear End,2,Rain,Wet,Dark-Not Lighted
2024-06-21T17:00:00.000,I 20,I 20 and Westview Dr,,Sideswipe-Same Direction,2,Clear,Dry,Daylight
2024-01-05T19:20:00.000,I 20,I 20 and Westview Dr,,Sideswipe-Same Direction,2,Clear,Dry,Dark-Lighted
2020-04-05T21:16:00.000,I 20,I 20 and Westof I20 Entrance Rp,,Sideswipe-Same Direction,2,Clear,Dry,Dark-Not Lighted
2024-12-20T09:15:00.000,I 20,I 20 and Westly Chapel Rd,,Rear End,2,Clear,Dry,Daylight
2024-09-12T15:00:00.000,I 20,I 20 and Westley Chaple Rd,,Angle Crash,2,Cloudy,Wet,Daylight
2024-11-22T12:00:00.000,I 20,I 20 and Westley Chaple,,Rear End,2,Clear,Dry,Daylight
2024-12-23T12:30:00.000,I 20,I 20 and Westley Chapel Rd,,Rear End,2,Clear,Dry,Daylight
2020-07-23T10:59:00.000,I 20,I 20 and Westlake Enterance Ramp To Int,,Angle Crash,3,Clear,Dry,Daylight
2020-04-11T15:20:00.000,I 20,I 20 and Westend,,Rear End,2,Clear,Dry,Daylight
2021-11-09T07:18:00.000,I 20,I 20 and West Ave,,Rear End,2,Clear,Dry,Daylight
2021-11-27T10:00:00.000,I 20,I 20 and Wesly Chapel Rd,,Rear End,2,Clear,Dry,Daylight
2022-06-21T08:00:00.000,I 20,I 20 and Wesly Chapel Rd,,Rear End,2,Clear,Dry,Daylight
2022-08-29T05:55:00.000,I 20,I 20 and Wesly Chapel Rd,,Sideswipe-Same Direction,2,Clear,Dry,Dark-Lighted
2021-03-20T21:00:00.000,I 20,I 20 and Wesleychapel Rd,,Rear End,2,Clear,Dry,Dark-Not Lighted
2020-01-27T07:25:00.000,I 20,I 20 and Wesley Opas,,Rear End,2,Cloudy,Dry,Daylight
2021-02-11T16:30:00.000,I 20,I 20 and Wesley Club Rd,,Rear End,2,Clear,Wet,Daylight
2023-01-06T21:30:00.000,I 20,I 20 and Wesley Club Dr,,Sideswipe-Same Direction,2,Clear,Dry,Dark-Not Lighted
2022-09-12T16:20:00.000,I 20,I 20 and Wesley Club Dr,,Sideswipe-Same Direction,2,Clear,Dry,Daylight
2020-12-22T17:10:00.000,I 20,I 20 and Wesley Club Dr,,Sideswipe-Same Direction,2,Clear,Dry,Dark-Lighted
2021-09-30T16:28:00.000,I 20,I 20 and Wesley Club Dr,,Rear End,2,Clear,Dry,Daylight
2023-12-13T20:15:00.000,I 20,I 20 and Wesley Club Dr,,Rear End,3,Clear,Dry,Dark-Lighted
2024-12-01T15:00:00.000,I 20,I 20 and Wesley Club Dr,,Rear End,2,Clear,Dry,Daylight
2024-10-28T00:15:00.000,I 20,I 20 and Wesley Club Dr,,Rear End,2,Clear,Dry,Dark-Not Lighted
2024-12-16T00:32:00.000,I 20,I 20 and Wesley Club Dr,,Rear End,2,Clear,Dry,Dark-Not Lighted
2024-05-12T19:45:00.000,I 20,I 20 and Wesley Club Dr,,Sideswipe-Same Direction,2,Clear,Dry,Daylight
2024-02-02T13:14:00.000,I 20,I 20 and Wesley Club Dr,,Rear End,2,Clear,Dry,Daylight
2024-04-09T16:49:00.000,I 20,I 20 and Wesley Chspel Rd,,Rear End,2,Cloudy,Dry,Dusk
2023-03-10T14:40:00.000,I 20,I 20 and Wesley Chpel Rd.,,Sideswipe-Same Direction,2,Clear,Dry,Daylight
2023-11-21T00:00:00.000,I 20,I 20 and Wesley Chappel,,Rear End,2,Rain,Wet,Daylight
2023-07-14T16:00:00.000,I 20,I 20 and Wesley Chaple Rd,,Rear End,2,Clear,Dry,Daylight
2020-09-03T04:25:00.000,I 20,I 20 and Wesley Chaple Rd,,Rear End,2,Clear,Dry,Dark-Not Lighted
2020-08-28T13:15:00.000,I 20,I 20 and Wesley Chaple Rd,,Rear End,4,Cloudy,Dry,Daylight
2021-01-15T08:12:00.000,I 20,I 20 and Wesley Chaple Rd,,Rear End,2,Cloudy,Dry,Daylight
2022-12-31T05:50:00.000,I 20,I 20 and Wesley Chaple Rd,,Rear End,2,Clear,Wet,Dark-Not Lighted
2024-10-30T16:24:00.000,I 20,I 20 and Wesley Chaple Rd,,Rear End,2,Clear,Dry,Daylight
2023-07-26T10:00:00.000,I 20,I 20 and Wesley Chaple Rd,,Rear End,3,Clear,Dry,Daylight
2023-04-12T22:27:00.000,I 20,I 20 and Wesley Chaple Rd,,Sideswipe-Same Direction,2,Clear,Dry,Dark-Not Lighted
2024-10-17T15:39:00.000,I 20,I 20 and Wesley Chaperl Rd.,,Not a Collision with Motor Vehicle,2,Clear,Dry,Daylight
2024-09-04T12:54:00.000,I 20,I 20 and Wesley Chapell,,Angle Crash,2,Clear,Dry,Daylight
2020-07-27T00:00:00.000,I 20,I 20 and Wesley Chapel Way,,Not a Collision with Motor Vehicle,1,Clear,Dry,Daylight
2022-03-19T04:30:00.000,I 20,I 20 and Wesley Chapel Way,,Rear End,3,Clear,Wet,Dark-Not Lighted
2022-08-11T19:04:00.000,I 20,I 20 and Wesley Chapel Way,,Sideswipe-Same Direction,2,Clear,Dry,Daylight
2023-03-10T17:25:00.000,I 20,I 20 and Wesley Chapel Way,,Rear End,3,Clear,Dry,Daylight
2022-07-21T10:00:00.000,I 20,I 20 and Wesley Chapel Road.,,Rear End,2,Rain,Wet,Daylight
2024-02-04T01:10:00.000,I 20,I 20 and Wesley Chapel Road.,,Rear End,2,Clear,Dry,Dark-Not Lighted
2021-03-18T21:00:00.000,I 20,I 20 and Wesley Chapel Road Exit,,Head On,2,Clear,Dry,Dark-Lighted
2020-09-18T07:00:00.000,I 20,I 20 and Wesley Chapel Road Exit,,Head On,2,Clear,Dry,Daylight
2024-05-18T02:55:00.000,I 20,I 20 and Wesley Chapel Rd. Exit 68,,Head On,5,Cloudy,Wet,Dark-Not Lighted
2023-12-28T12:40:00.000,I 20,I 20 and Wesley Chapel Rd.,,Sideswipe-Same Direction,2,Clear,Dry,Daylight
2023-02-07T17:00:00.000,I 20,I 20 and Wesley Chapel Rd.,,Rear End,2,Clear,Dry,Daylight
2023-05-07T20:10:00.000,I 20,I 20 and Wesley Chapel Rd.,,Rear End,2,Clear,Dry,Daylight
2023-05-12T07:40:00.000,I 20,I 20 and Wesley Chapel Rd.,,Rear End,3,Clear,Dry,Daylight
2023-07-18T10:08:00.000,I 20,I 20 and Wesley Chapel Rd.,,Sideswipe-Same Direction,2,Clear,Dry,Daylight
2023-04-09T12:15:00.000,I 20,I 20 and Wesley Chapel Rd.,,Angle Crash,2,Clear,Dry,Daylight
2023-12-26T14:10:00.000,I 20,I 20 and Wesley Chapel Rd.,,Rear End,2,Rain,Wet,Daylight
2023-05-01T19:01:00.000,I 20,I 20 and Wesley Chapel Rd.,,Rear End,2,Clear,Dry,Daylight
2023-08-11T00:00:00.000,I 20,I 20 and Wesley Chapel Rd.,,Sideswipe-Same Direction,2,Clear,Dry,Daylight
2022-09-17T11:30:00.000,I 20,I 20 and Wesley Chapel Rd.,,Rear End,3,Clear,Dry,Daylight
2021-12-09T20:39:00.000,I 20,I 20 and Wesley Chapel Rd.,,Angle Crash,2,Clear,Dry,Dark-Lighted
2021-12-26T12:40:00.000,I 20,I 20 and Wesley Chapel Rd.,,Rear End,2,Clear,Dry,Daylight
2021-12-10T18:40:00.000,I 20,I 20 and Wesley Chapel Rd.,,Rear End,2,Rain,Wet,Dark-Lighted
2022-10-24T09:04:00.000,I 20,I 20 and Wesley Chapel Rd.,,Rear End,2,Clear,Dry,Daylight
2022-02-04T16:49:00.000,I 20,I 20 and Wesley Chapel Rd.,,Sideswipe-Same Direction,2,Cloudy,Dry,Daylight
2022-01-28T21:51:00.000,I 20,I 20 and Wesley Chapel Rd.,,Sideswipe-Same Direction,2,Clear,Dry,Dark-Not Lighted
2022-10-26T09:33:00.000,I 20,I 20 and Wesley Chapel Rd.,,Rear End,2,Clear,Dry,Daylight
2022-03-05T21:20:00.000,I 20,I 20 and Wesley Chapel Rd.,,Rear End,2,Clear,Dry,Dark-Lighted
2022-11-17T12:15:00.000,I 20,I 20 and Wesley Chapel Rd.,,Rear End,2,Clear,Dry,Daylight
2022-12-27T08:20:00.000,I 20,I 20 and Wesley Chapel Rd.,,Angle Crash,2,Other,Ice/Frost,Daylight
2022-02-25T09:50:00.000,I 20,I 20 and Wesley Chapel Rd.,,Sideswipe-Same Direction,2,Rain,Wet,Daylight
2022-01-21T16:00:00.000,I 20,I 20 and Wesley Chapel Rd.,,Sideswipe-Same Direction,2,Rain,Wet,Daylight
2022-01-24T06:40:00.000,I 20,I 20 and Wesley Chapel Rd.,,Sideswipe-Same Direction,2,Clear,Dry,Dawn
2022-07-12T10:50:00.000,I 20,I 20 and Wesley Chapel Rd.,,Not a Collision with Motor Vehicle,1,Cloudy,Dry,Daylight
2022-03-10T16:44:00.000,I 20,I 20 and Wesley Chapel Rd.,,Rear End,2,Clear,Dry,Daylight
2022-08-30T15:58:00.000,I 20,I 20 and Wesley Chapel Rd.,,Rear End,2,Rain,Wet,Daylight
2022-08-11T19:00:00.000,I 20,I 20 and Wesley Chapel Rd.,,Sideswipe-Same Direction,2,Clear,Dry,Daylight
2022-11-23T20:00:00.000,I 20,I 20 and Wesley Chapel Rd.,,Rear End,2,Clear,Dry,Dark-Lighted
2022-11-05T11:36:00.000,I 20,I 20 and Wesley Chapel Rd.,,Sideswipe-Same Direction,2,Clear,Dry,Daylight
2022-06-11T11:55:00.000,I 20,I 20 and Wesley Chapel Rd.,,Rear End,2,Clear,Dry,Daylight
2022-11-30T15:45:00.000,I 20,I 20 and Wesley Chapel Rd.,,Rear End,2,Clear,Dry,Daylight
2022-12-26T11:13:00.000,I 20,I 20 and Wesley Chapel Rd.,,Rear End,2,Clear,Dry,Daylight
2022-07-05T15:30:00.000,I 20,I 20 and Wesley Chapel Rd.,,Rear End,2,Cloudy,Dry,Dark-Not Lighted
2022-08-10T14:00:00.000,I 20,I 20 and Wesley Chapel Rd.,,Not a Collision with Motor Vehicle,2,Clear,Dry,Daylight
2024-09-20T20:40:00.000,I 20,I 20 and Wesley Chapel Rd.,,Angle Crash,2,Clear,Dry,Dark-Lighted
2024-04-28T18:16:00.000,I 20,I 20 and Wesley Chapel Rd.,,Rear End,5,Clear,Dry,Daylight
2024-04-01T07:31:00.000,I 20,I 20 and Wesley Chapel Rd.,,Sideswipe-Same Direction,2,Clear,Dry,Daylight
2024-08-24T16:00:00.000,I 20,I 20 and Wesley Chapel Rd.,,Sideswipe-Same Direction,2,Clear,Dry,Daylight
2023-11-20T13:34:00.000,I 20,I 20 and Wesley Chapel Rd.,,Rear End,2,Clear,Dry,Daylight
2023-12-15T08:30:00.000,I 20,I 20 and Wesley Chapel Rd.,,Sideswipe-Same Direction,2,Clear,Dry,Daylight
2023-07-18T11:30:00.000,I 20,I 20 and Wesley Chapel Rd.,,Rear End,2,Clear,Dry,Daylight
2023-04-15T09:57:00.000,I 20,I 20 and Wesley Chapel Rd.,,Sideswipe-Same Direction,2,Clear,Dry,Daylight
2023-05-27T13:01:00.000,I 20,I 20 and Wesley Chapel Rd.,,Rear End,2,Clear,Dry,Daylight
2023-01-25T07:20:00.000,I 20,I 20 and Wesley Chapel Rd.,,Sideswipe-Same Direction,2,Rain,Wet,Dark-Lighted
2023-02-23T15:05:00.000,I 20,I 20 and Wesley Chapel Rd.,,Rear End,2,Clear,Dry,Daylight
2023-10-28T22:20:00.000,I 20,I 20 and Wesley Chapel Rd.,,Rear End,2,Clear,Dry,Dark-Lighted
2023-08-30T17:06:00.000,I 20,I 20 and Wesley Chapel Rd.,,Rear End,2,Clear,Dry,Daylight
2024-01-25T07:58:00.000,I 20,I 20 and Wesley Chapel Rd.,,Rear End,3,Rain,Wet,Daylight
2024-02-22T18:52:00.000,I 20,I 20 and Wesley Chapel Rd.,,Angle Crash,2,Clear,Dry,Dark-Lighted
2024-03-14T08:00:00.000,I 20,I 20 and Wesley Chapel Rd.,,Sideswipe-Same Direction,2,Clear,Dry,Daylight
2024-05-20T17:57:00.000,I 20,I 20 and Wesley Chapel Rd.,,Sideswipe-Same Direction,2,Clear,Dry,Daylight
2024-03-27T09:45:00.000,I 20,I 20 and Wesley Chapel Rd.,,Rear End,2,Clear,Dry,Daylight
2024-02-03T17:38:00.000,I 20,I 20 and Wesley Chapel Rd.,,Rear End,2,Clear,Dry,Dark-Not Lighted
2024-06-16T13:17:00.000,I 20,I 20 and Wesley Chapel Rd.,,Rear End,2,Clear,Dry,Daylight
2024-09-26T20:00:00.000,I 20,I 20 and Wesley Chapel Rd.,,Angle Crash,2,Severe Thunderstorm or Tornadic,Wet,Dark-Not Lighted
2024-03-13T07:13:00.000,I 20,I 20 and Wesley Chapel Rd.,,Sideswipe-Same Direction,2,Clear,Dry,Daylight
2024-10-03T17:38:00.000,I 20,I 20 and Wesley Chapel Rd.,,Rear End,4,Clear,Dry,Daylight
2024-10-03T20:10:00.000,I 20,I 20 and Wesley Chapel Rd.,,Rear End,3,Clear,Dry,Dark-Not Lighted
2024-08-15T15:12:00.000,I 20,I 20 and Wesley Chapel Rd.,,Rear End,3,Clear,Dry,Daylight
2024-07-10T15:20:00.000,I 20,I 20 and Wesley Chapel Rd.,,Rear End,2,Clear,Dry,Daylight
2024-12-17T14:53:00.000,I 20,I 20 and Wesley Chapel Rd.,,Sideswipe-Same Direction,2,Clear,Dry,Daylight
2024-01-19T11:00:00.000,I 20,I 20 and Wesley Chapel Rd.,,Rear End,3,Clear,Dry,Daylight
2024-04-26T12:35:00.000,I 20,I 20 and Wesley Chapel Rd.,,Rear End,2,Clear,Dry,Daylight
2024-11-20T16:00:00.000,I 20,I 20 and Wesley Chapel Rd.,,Rear End,2,Clear,Dry,Daylight
2024-10-17T06:32:00.000,I 20,I 20 and Wesley Chapel Rd.,,Sideswipe-Same Direction,2,Clear,Dry,Daylight
2024-09-01T18:15:00.000,I 20,I 20 and Wesley Chapel Rd.,,Rear End,2,Clear,Wet,Dark-Lighted
2024-08-06T10:43:00.000,I 20,I 20 and Wesley Chapel Rd.,,Sideswipe-Same Direction,2,Clear,Dry,Daylight
2024-07-25T09:12:00.000,I 20,I 20 and Wesley Chapel Rd.,,Rear End,3,Clear,Dry,Daylight
2024-02-29T09:00:00.000,I 20,I 20 and Wesley Chapel Rd.,,Rear End,3,Clear,Dry,Daylight
2020-09-29T13:00:00.000,I 20,I 20 and Wesley Chapel Rd Rp,,Rear End,4,Rain,Water (standing or moving),Daylight
2024-08-30T14:19:00.000,I 20,I 20 and Wesley Chapel Rd Exit Rp,,Rear End,2,Clear,Dry,Daylight
2024-11-25T10:00:00.000,I 20,I 20 and Wesley Chapel Rd Exit Rp,,Rear End,2,Clear,Dry,Daylight
2024-12-30T13:40:00.000,I 20,I 20 and Wesley Chapel Rd Exit Rp,,Rear End,2,Clear,Dry,Daylight
2024-07-24T06:00:00.000,I 20,I 20 and Wesley Chapel Rd Exit Rp,,Rear End,2,Clear,Dry,Daylight
2024-10-15T08:30:00.000,I 20,I 20 and Wesley Chapel Rd Exit Rp,,Rear End,3,Clear,Dry,Daylight
2024-09-27T20:30:00.000,I 20,I 20 and Wesley Chapel Rd Exit Rp,,Angle Crash,2,Clear,Dry,Dark-Lighted
2024-08-28T11:20:00.000,I 20,I 20 and Wesley Chapel Rd Exit Rp,,Rear End,2,Clear,Dry,Daylight
2024-10-30T05:30:00.000,I 20,I 20 and Wesley Chapel Rd Exit Rp,,Sideswipe-Same Direction,2,Clear,Dry,Dark-Not Lighted
2024-08-30T09:20:00.000,I 20,I 20 and Wesley Chapel Rd Exit Rp,,Rear End,2,Clear,Dry,Daylight
2024-08-30T12:20:00.000,I 20,I 20 and Wesley Chapel Rd Exit Rp,,Rear End,2,Clear,Dry,Daylight
2023-07-26T17:48:00.000,I 20,I 20 and Wesley Chapel Rd Exit 68,,Angle Crash,2,Clear,Dry,Daylight
2024-07-12T19:07:00.000,I 20,I 20 and Wesley Chapel Rd Exit 68,,Rear End,2,Clear,Dry,Daylight
2024-03-12T15:38:00.000,I 20,I 20 and Wesley Chapel Rd Exit 68,,Not a Collision with Motor Vehicle,1,Clear,Dry,Daylight
2023-06-09T16:39:00.000,I 20,I 20 and Wesley Chapel Rd Exit 68,,Angle Crash,4,Clear,Dry,Daylight
2024-09-21T17:50:00.000,I 20,I 20 and Wesley Chapel Rd Exit 68,,Angle Crash,2,Clear,Dry,Daylight
2024-12-17T18:13:00.000,I 20,I 20 and Wesley Chapel Rd Exit 68,,Rear End,2,Clear,Dry,Dark-Not Lighted
2024-12-26T12:40:00.000,I 20,I 20 and Wesley Chapel Rd Exit 68,,Angle Crash,6,Clear,Dry,Daylight