Date and Time,Roadway (From Crash Report),Intersection Name (from Crash Report),KABCO Severity,Manner of Collision (Crash Level) ,# of Vehicles per crash ,Weather Conditions (Crash Level),Surface Condition (Crash Level) ,Light Conditions (Crash Level)
2021-08-11T18:15:00.000,I 20,I 20 and Wesley Chapel Rd,,Rear End,2,Clear,Dry,Daylight
2021-12-04T14:00:00.000,I 20,I 20 and Wesley Chapel Rd,,Rear End,3,Clear,Dry,Daylight
2021-12-26T13:40:00.000,I 20,I 20 and Wesley Chapel Rd,,Rear End,5,Clear,Dry,Daylight
2021-11-01T13:20:00.000,I 20,I 20 and Wesley Chapel Rd,,Rear End,2,Clear,Dry,Daylight
2021-09-24T18:20:00.000,I 20,I 20 and Wesley Chapel Rd,,Rear End,2,Clear,Dry,Daylight
2021-11-13T18:00:00.000,I 20,I 20 and Wesley Chapel Rd,,Not a Collision with Motor Vehicle,1,Clear,Dry,Dark-Lighted
2021-09-27T11:56:00.000,I 20,I 20 and Wesley Chapel Rd,,Rear End,3,Clear,Dry,Daylight
2021-09-16T16:40:00.000,I 20,I 20 and Wesley Chapel Rd,,Rear End,2,Rain,Wet,Daylight
2021-10-05T13:20:00.000,I 20,I 20 and Wesley Chapel Rd,,Rear End,3,Rain,Wet,Daylight
2021-11-17T20:30:00.000,I 20,I 20 and Wesley Chapel Rd,,Rear End,2,Clear,Dry,Dark-Lighted
2021-12-24T16:15:00.000,I 20,I 20 and Wesley Chapel Rd,,Sideswipe-Same Direction,2,Clear,Dry,Daylight
2021-12-15T22:36:00.000,I 20,I 20 and Wesley Chapel Rd,,Rear End,2,Clear,Dry,Dark-Not Lighted
2021-09-30T17:00:00.000,I 20,I 20 and Wesley Chapel Rd,,Rear End,2,Clear,Dry,Daylight
2021-08-17T06:45:00.000,I 20,I 20 and Wesley Chapel Rd,,Rear End,2,Rain,Wet,Daylight
2021-11-10T17:05:00.000,I 20,I 20 and Wesley Chapel Rd,,Sideswipe-Same Direction,2,Clear,Dry,Daylight
2021-11-29T05:40:00.000,I 20,I 20 and Wesley Chapel Rd,,Sideswipe-Same Direction,2,Clear,Dry,Dark-Lighted
2021-08-12T22:16:00.000,I 20,I 20 and Wesley Chapel Rd,,Angle Crash,2,Rain,Wet,Dark-Lighted
2021-07-30T04:40:00.000,I 20,I 20 and Wesley Chapel Rd,,Rear End,2,Clear,Dry,Dark-Lighted
2021-12-30T12:37:00.000,I 20,I 20 and Wesley Chapel Rd,,Sideswipe-Same Direction,2,Rain,Wet,Daylight
2021-07-17T14:35:00.000,I 20,I 20 and Wesley Chapel Rd,,Rear End,2,Clear,Dry,Daylight
2021-10-23T11:50:00.000,I 20,I 20 and Wesley Chapel Rd,,Rear End,2,Clear,Dry,Daylight
2021-01-22T16:55:00.000,I 20,I 20 and Wesley Chapel Rd,,Sideswipe-Same Direction,2,Clear,Dry,Dark-Lighted
2021-06-30T07:35:00.000,I 20,I 20 and Wesley Chapel Rd,,Rear End,2,Clear,Dry,Daylight
2021-04-05T10:23:00.000,I 20,I 20 and Wesley Chapel Rd,,Rear End,2,Clear,Dry,Daylight
2021-01-05T17:20:00.000,I 20,I 20 and Wesley Chapel Rd,,Rear End,2,Clear,Dry,Dark-Lighted
2021-06-01T13:30:00.000,I 20,I 20 and Wesley Chapel Rd,,Sideswipe-Same Direction,2,Clear,Dry,Daylight
2021-03-18T16:50:00.000,I 20,I 20 and Wesley Chapel Rd,,Rear End,2,Clear,Dry,Daylight
2021-05-25T10:00:00.000,I 20,I 20 and Wesley Chapel Rd,,Sideswipe-Same Direction,2,Clear,Dry,Daylight
2021-03-12T08:50:00.000,I 20,I 20 and Wesley Chapel Rd,,Rear End,5,Clear,Dry,Daylight
2021-05-28T12:50:00.000,I 20,I 20 and Wesley Chapel Rd,,Sideswipe-Same Direction,2,Clear,Dry,Daylight
2021-05-27T17:15:00.000,I 20,I 20 and Wesley Chapel Rd,,Sideswipe-Same Direction,2,Clear,Dry,Daylight
2021-01-05T18:20:00.000,I 20,I 20 and Wesley Chapel Rd,,Rear End,3,Clear,Dry,Dark-Lighted
2021-02-15T07:30:00.000,I 20,I 20 and Wesley Chapel Rd,,Rear End,2,Rain,Wet,Daylight
2021-05-26T10:30:00.000,I 20,I 20 and Wesley Chapel Rd,,Not a Collision with Motor Vehicle,1,Clear,Dry,Daylight
2021-04-07T09:50:00.000,I 20,I 20 and Wesley Chapel Rd,,Rear End,3,Clear,Dry,Daylight
2021-04-30T03:54:00.000,I 20,I 20 and Wesley Chapel Rd,,Not a Collision with Motor Vehicle,1,Clear,Dry,Dark-Not Lighted
2021-02-07T10:08:00.000,I 20,I 20 and Wesley Chapel Rd,,Not a Collision with Motor Vehicle,1,Clear,Wet,Daylight
2021-04-11T21:13:00.000,I 20,I 20 and Wesley Chapel Rd,,Sideswipe-Same Direction,2,Clear,Dry,Daylight
2021-01-29T18:25:00.000,I 20,I 20 and Wesley Chapel Rd,,Rear End,2,Clear,Dry,Dark-Not Lighted
2020-07-30T12:10:00.000,I 20,I 20 and Wesley Chapel Rd,,Sideswipe-Same Direction,2,Clear,Dry,Daylight
2020-09-12T14:25:00.000,I 20,I 20 and Wesley Chapel Rd,,Rear End,2,Clear,Dry,Daylight
2020-02-10T18:10:00.000,I 20,I 20 and Wesley Chapel Rd,,Rear End,3,Rain,Wet,Dark-Lighted
2020-07-26T13:25:00.000,I 20,I 20 and Wesley Chapel Rd,,Angle Crash,2,Clear,Dry,Daylight
2020-08-07T11:45:00.000,I 20,I 20 and Wesley Chapel Rd,,Rear End,2,Clear,Dry,Daylight
2020-07-19T12:30:00.000,I 20,I 20 and Wesley Chapel Rd,,Sideswipe-Same Direction,2,Clear,Dry,Daylight
2020-02-10T10:00:00.000,I 20,I 20 and Wesley Chapel Rd,,Rear End,2,Cloudy,Dry,Daylight
2020-12-04T11:10:00.000,I 20,I 20 and Wesley Chapel Rd,,Sideswipe-Same Direction,2,Cloudy,Dry,Daylight
2020-03-14T13:10:00.000,I 20,I 20 and Wesley Chapel Rd,,Rear End,3,Clear,Dry,Daylight
2020-07-27T14:30:00.000,I 20,I 20 and Wesley Chapel Rd,,Rear End,2,Cloudy,Dry,Daylight
2020-12-01T07:50:00.000,I 20,I 20 and Wesley Chapel Rd,,Rear End,2,Clear,Dry,Daylight
2020-03-20T14:30:00.000,I 20,I 20 and Wesley Chapel Rd,,Sideswipe-Same Direction,2,Clear,Dry,Daylight
2020-03-07T11:55:00.000,I 20,I 20 and Wesley Chapel Rd,,Rear End,2,Clear,Dry,Daylight
2020-03-12T08:45:00.000,I 20,I 20 and Wesley Chapel Rd,,Rear End,2,Cloudy,Wet,Daylight
2020-09-02T16:49:00.000,I 20,I 20 and Wesley Chapel Rd,,Angle Crash,4,Clear,Dry,Daylight
2020-05-03T14:37:00.000,I 20,I 20 and Wesley Chapel Rd,,Rear End,2,Clear,Dry,Daylight
2020-02-21T17:45:00.000,I 20,I 20 and Wesley Chapel Rd,,Sideswipe-Same Direction,2,Clear,Dry,Daylight
2023-06-01T12:05:00.000,I 20,I 20 and Wesley Chapel Rd,,Rear End,2,Clear,Dry,Daylight
2023-01-18T06:00:00.000,I 20,I 20 and Wesley Chapel Rd,,Rear End,2,Clear,Wet,Dark-Lighted
2023-12-27T15:15:00.000,I 20,I 20 and Wesley Chapel Rd,,Sideswipe-Same Direction,2,Clear,Dry,Daylight
2023-03-28T15:47:00.000,I 20,I 20 and Wesley Chapel Rd,,Rear End,2,Clear,Dry,Daylight
2023-11-27T08:00:00.000,I 20,I 20 and Wesley Chapel Rd,,Rear End,2,Clear,Dry,Daylight
2023-01-08T18:20:00.000,I 20,I 20 and Wesley Chapel Rd,,Sideswipe-Same Direction,2,Rain,Wet,Dark-Not Lighted
2023-06-21T16:20:00.000,I 20,I 20 and Wesley Chapel Rd,,Rear End,2,Rain,Wet,Daylight
2023-02-13T01:30:00.000,I 20,I 20 and Wesley Chapel Rd,,Rear End,2,Rain,Wet,Dark-Lighted
2023-07-13T16:14:00.000,I 20,I 20 and Wesley Chapel Rd,,Sideswipe-Same Direction,3,Clear,Dry,Daylight
2023-10-26T21:46:00.000,I 20,I 20 and Wesley Chapel Rd,,Rear End,2,Clear,Dry,Dark-Lighted
2023-08-23T18:20:00.000,I 20,I 20 and Wesley Chapel Rd,,Rear End,2,Clear,Dry,Daylight
2023-07-12T09:30:00.000,I 20,I 20 and Wesley Chapel Rd,,Rear End,2,Clear,Dry,Daylight
2023-10-10T07:04:00.000,I 20,I 20 and Wesley Chapel Rd,,Sideswipe-Same Direction,2,Clear,Dry,Dark-Lighted
2023-11-26T12:45:00.000,I 20,I 20 and Wesley Chapel Rd,,Rear End,2,Clear,Dry,Daylight
2023-09-03T01:35:00.000,I 20,I 20 and Wesley Chapel Rd,,Angle Crash,4,Clear,Dry,Dark-Not Lighted
2023-07-29T15:03:00.000,I 20,I 20 and Wesley Chapel Rd,,Not a Collision with Motor Vehicle,1,Clear,Dry,Daylight
2023-05-21T23:42:00.000,I 20,I 20 and Wesley Chapel Rd,,Sideswipe-Same Direction,2,Clear,Dry,Dark-Lighted
2023-07-06T18:30:00.000,I 20,I 20 and Wesley Chapel Rd,,Sideswipe-Same Direction,2,Clear,Dry,Daylight
2023-12-13T17:40:00.000,I 20,I 20 and Wesley Chapel Rd,,Rear End,2,Clear,Dry,Dark-Not Lighted
2023-02-02T12:40:00.000,I 20,I 20 and Wesley Chapel Rd,,Angle Crash,3,Rain,Wet,Daylight
2023-04-21T16:50:00.000,I 20,I 20 and Wesley Chapel Rd,,Not a Collision with Motor Vehicle,2,Clear,Dry,Daylight
2023-06-30T10:20:00.000,I 20,I 20 and Wesley Chapel Rd,,Sideswipe-Same Direction,2,Clear,Dry,Daylight
2023-04-14T07:00:00.000,I 20,I 20 and Wesley Chapel Rd,,Sideswipe-Same Direction,2,Clear,Dry,Daylight
2023-05-03T08:30:00.000,I 20,I 20 and Wesley Chapel Rd,,Rear End,2,Clear,Dry,Daylight
2023-05-28T17:45:00.000,I 20,I 20 and Wesley Chapel Rd,,Rear End,2,Clear,Dry,Daylight
2023-05-22T06:12:00.000,I 20,I 20 and Wesley Chapel Rd,,Sideswipe-Same Direction,2,Rain,Wet,Dark-Lighted
2023-04-01T23:45:00.000,I 20,I 20 and Wesley Chapel Rd,,Not a Collision with Motor Vehicle,1,Clear,Dry,Dark-Lighted
2023-04-06T13:30:00.000,I 20,I 20 and Wesley Chapel Rd,,Sideswipe-Same Direction,3,Clear,Dry,Daylight
2023-11-20T15:30:00.000,I 20,I 20 and Wesley Chapel Rd,,Angle Crash,3,Cloudy,Dry,Daylight
2023-04-11T06:40:00.000,I 20,I 20 and Wesley Chapel Rd,,Rear End,2,Clear,Dry,Dawn
2023-04-11T00:18:00.000,I 20,I 20 and Wesley Chapel Rd,,Rear End,2,Clear,Dry,Dark-Lighted
2023-07-17T02:00:00.000,I 20,I 20 and Wesley Chapel Rd,,Rear End,2,Clear,Dry,Dark-Lighted
2023-09-06T17:15:00.000,I 20,I 20 and Wesley Chapel Rd,,Rear End,2,Clear,Dry,Daylight
2023-09-30T02:15:00.000,I 20,I 20 and Wesley Chapel Rd,,Not a Collision with Motor Vehicle,1,Clear,Dry,Dark-Lighted
2023-09-26T16:58:00.000,I 20,I 20 and Wesley Chapel Rd,,Angle Crash,2,Clear,Dry,Daylight
2023-07-12T17:50:00.000,I 20,I 20 and Wesley Chapel Rd,,Rear End,4,Clear,Dry,Daylight
2023-05-01T17:41:00.000,I 20,I 20 and Wesley Chapel Rd,,Sideswipe-Same Direction,2,Clear,Dry,Daylight
2023-04-24T08:45:00.000,I 20,I 20 and Wesley Chapel Rd,,Sideswipe-Same Direction,2,Clear,Dry,Dark-Lighted
2023-12-26T15:30:00.000,I 20,I 20 and Wesley Chapel Rd,,Angle Crash,2,Rain,Wet,Daylight
2023-03-23T08:15:00.000,I 20,I 20 and Wesley Chapel Rd,,Sideswipe-Same Direction,2,Clear,Dry,Daylight
2023-07-20T16:45:00.000,I 20,I 20 and Wesley Chapel Rd,,Sideswipe-Same Direction,2,Clear,Dry,Daylight
2023-12-13T14:20:00.000,I 20,I 20 and Wesley Chapel Rd,,Rear End,2,Clear,Dry,Daylight
2023-05-24T13:00:00.000,I 20,I 20 and Wesley Chapel Rd,,Rear End,2,Clear,Dry,Daylight
2023-12-18T18:00:00.000,I 20,I 20 and Wesley Chapel Rd,,Rear End,2,Clear,Dry,Dark-Lighted
2023-02-25T16:05:00.000,I 20,I 20 and Wesley Chapel Rd,,Sideswipe-Same Direction,2,Cloudy,Dry,Daylight
2023-01-28T06:00:00.000,I 20,I 20 and Wesley Chapel Rd,,Not a Collision with Motor Vehicle,1,Clear,Dry,Dawn
2023-08-14T16:00:00.000,I 20,I 20 and Wesley Chapel Rd,,Sideswipe-Same Direction,2,Clear,Dry,Daylight
2023-01-15T00:08:00.000,I 20,I 20 and Wesley Chapel Rd,,Sideswipe-Same Direction,2,Clear,Dry,Dark-Lighted
2023-01-08T19:10:00.000,I 20,I 20 and Wesley Chapel Rd,,Rear End,2,Clear,Wet,Dark-Lighted
2023-11-07T14:00:00.000,I 20,I 20 and Wesley Chapel Rd,,Sideswipe-Same Direction,3,Clear,Dry,Daylight
2023-07-27T11:00:00.000,I 20,I 20 and Wesley Chapel Rd,,Rear End,2,Clear,Dry,Daylight
2023-04-05T15:35:00.000,I 20,I 20 and Wesley Chapel Rd,,Rear End,2,Clear,Dry,Daylight
2023-08-09T15:41:00.000,I 20,I 20 and Wesley Chapel Rd,,Rear End,2,Clear,Dry,Daylight
2023-08-01T11:48:00.000,I 20,I 20 and Wesley Chapel Rd,,Rear End,2,Clear,Dry,Daylight
2023-01-25T17:24:00.000,I 20,I 20 and Wesley Chapel Rd,,Rear End,2,Clear,Dry,Daylight
2023-11-30T16:30:00.000,I 20,I 20 and Wesley Chapel Rd,,Sideswipe-Same Direction,2,Clear,Dry,Daylight
2023-11-14T08:15:00.000,I 20,I 20 and Wesley Chapel Rd,,Angle Crash,2,Clear,Dry,Daylight
2023-04-28T18:00:00.000,I 20,I 20 and Wesley Chapel Rd,,Angle Crash,2,Clear,Dry,Daylight
2023-11-18T11:00:00.000,I 20,I 20 and Wesley Chapel Rd,,Rear End,2,Clear,Dry,Daylight
2023-07-14T18:00:00.000,I 20,I 20 and Wesley Chapel Rd,,Rear End,2,Rain,Wet,Daylight
2023-11-13T09:10:00.000,I 20,I 20 and Wesley Chapel Rd,,Rear End,2,Clear,Dry,Daylight
2023-06-21T15:30:00.000,I 20,I 20 and Wesley Chapel Rd,,Rear End,2,Rain,Wet,Daylight
2023-06-04T15:58:00.000,I 20,I 20 and Wesley Chapel Rd,,Rear End,2,Clear,Dry,Daylight
2023-05-28T17:45:00.000,I 20,I 20 and Wesley Chapel Rd,,Rear End,2,Clear,Dry,Daylight
2023-05-20T18:40:00.000,I 20,I 20 and Wesley Chapel Rd,,Sideswipe-Opposite Direction,2,Clear,Dry,Daylight
2023-10-04T18:50:00.000,I 20,I 20 and Wesley Chapel Rd,,Rear End,2,Clear,Dry,Dark-Lighted
2023-02-22T14:16:00.000,I 20,I 20 and Wesley Chapel Rd,,Sideswipe-Same Direction,2,Clear,Dry,Daylight
2023-05-04T18:45:00.000,I 20,I 20 and Wesley Chapel Rd,,Sideswipe-Same Direction,2,Clear,Dry,Daylight
2023-08-20T13:49:00.000,I 20,I 20 and Wesley Chapel Rd,,Rear End,2,Clear,Dry,Daylight
2023-05-16T15:55:00.000,I 20,I 20 and Wesley Chapel Rd,,Rear End,2,Clear,Dry,Daylight
2023-10-11T13:46:00.000,I 20,I 20 and Wesley Chapel Rd,,Rear End,2,Clear,Dry,Daylight
2023-08-11T09:23:00.000,I 20,I 20 and Wesley Chapel Rd,,Rear End,3,Rain,Wet,Daylight
2023-12-22T15:30:00.000,I 20,I 20 and Wesley Chapel Rd,,Rear End,3,Clear,Dry,Daylight
2023-02-11T15:45:00.000,I 20,I 20 and Wesley Chapel Rd,,Sideswipe-Same Direction,2,Rain,Wet,Daylight
2023-07-28T09:00:00.000,I 20,I 20 and Wesley Chapel Rd,,Rear End,2,Clear,Dry,Daylight
2023-01-24T07:31:00.000,I 20,I 20 and Wesley Chapel Rd,,Rear End,3,Clear,Dry,Daylight
2023-02-23T12:50:00.000,I 20,I 20 and Wesley Chapel Rd,,Angle Crash,2,Clear,Dry,Daylight
2023-11-12T01:50:00.000,I 20,I 20 and Wesley Chapel Rd,,Angle Crash,3,Clear,Wet,Dark-Not Lighted
2023-11-04T09:25:00.000,I 20,I 20 and Wesley Chapel Rd,,Angle Crash,2,Clear,Dry,Daylight
2023-11-01T16:10:00.000,I 20,I 20 and Wesley Chapel Rd,,Not a Collision with Motor Vehicle,1,Clear,Dry,Daylight
2023-07-06T11:00:00.000,I 20,I 20 and Wesley Chapel Rd,,Rear End,2,Clear,Other,Daylight
2023-08-19T04:31:00.000,I 20,I 20 and Wesley Chapel Rd,,Rear End,2,Clear,Dry,Dark-Not Lighted
2023-03-04T15:40:00.000,I 20,I 20 and Wesley Chapel Rd,,Rear End,2,Clear,Dry,Daylight
2023-11-01T17:54:00.000,I 20,I 20 and Wesley Chapel Rd,,Rear End,4,Clear,Dry,Daylight
2023-03-17T08:01:00.000,I 20,I 20 and Wesley Chapel Rd,,Rear End,2,Cloudy,Dry,Dawn
2023-08-24T16:17:00.000,I 20,I 20 and Wesley Chapel Rd,,Rear End,3,Clear,Dry,Daylight
2023-04-20T23:15:00.000,I 20,I 20 and Wesley Chapel Rd,,Not a Collision with Motor Vehicle,1,Clear,Dry,Dark-Not Lighted
2023-04-27T07:05:00.000,I 20,I 20 and Wesley Chapel Rd,,Sideswipe-Same Direction,2,Cloudy,Wet,Daylight
2023-09-06T16:25:00.000,I 20,I 20 and Wesley Chapel Rd,,Sideswipe-Same Direction,2,Clear,Dry,Daylight
2023-02-23T20:07:00.000,I 20,I 20 and Wesley Chapel Rd,,Sideswipe-Same Direction,2,Rain,Wet,Dark-Lighted
2023-10-25T12:00:00.000,I 20,I 20 and Wesley Chapel Rd,,Angle Crash,2,Clear,Dry,Daylight
2023-02-02T16:40:00.000,I 20,I 20 and Wesley Chapel Rd,,Rear End,2,Clear,Wet,Daylight
2023-07-18T17:20:00.000,I 20,I 20 and Wesley Chapel Rd,,Angle Crash,2,Clear,Dry,Daylight
2023-10-11T08:08:00.000,I 20,I 20 and Wesley Chapel Rd,,Rear End,3,Clear,Dry,Daylight
2023-01-05T16:45:00.000,I 20,I 20 and Wesley Chapel Rd,,Rear End,2,Clear,Dry,Daylight
2023-07-24T12:30:00.000,I 20,I 20 and Wesley Chapel Rd,,Angle Crash,2,Clear,Dry,Daylight
2023-11-14T15:45:00.000,I 20,I 20 and Wesley Chapel Rd,,Rear End,2,Clear,Dry,Daylight
2023-07-15T03:14:00.000,I 20,I 20 and Wesley Chapel Rd,,Angle Crash,2,Clear,Dry,Dark-Lighted
2023-09-13T15:05:00.000,I 20,I 20 and Wesley Chapel Rd,,Rear End,2,Clear,Dry,Daylight
2023-10-22T12:25:00.000,I 20,I 20 and Wesley Chapel Rd,,Rear End,2,Clear,Dry,Daylight
2023-05-04T15:45:00.000,I 20,I 20 and Wesley Chapel Rd,,Rear End,4,Clear,Dry,Daylight
2023-09-26T08:17:00.000,I 20,I 20 and Wesley Chapel Rd,,Angle Crash,2,Cloudy,Dry,Daylight
2023-03-23T16:40:00.000,I 20,I 20 and Wesley Chapel Rd,,Sideswipe-Same Direction,2,Clear,Dry,Daylight
2023-03-14T17:50:00.000,I 20,I 20 and Wesley Chapel Rd,,Rear End,2,Clear,Dry,Daylight
2023-02-25T14:45:00.000,I 20,I 20 and Wesley Chapel Rd,,Rear End,2,Cloudy,Dry,Daylight
2023-10-02T20:28:00.000,I 20,I 20 and Wesley Chapel Rd,,Angle Crash,2,Clear,Dry,Dark-Lighted
2023-05-01T18:00:00.000,I 20,I 20 and Wesley Chapel Rd,,Rear End,2,Clear,Dry,Daylight
2023-02-28T17:05:00.000,I 20,I 20 and Wesley Chapel Rd,,Sideswipe-Same Direction,2,Clear,Dry,Daylight
2023-04-15T12:40:00.000,I 20,I 20 and Wesley Chapel Rd,,Sideswipe-Same Direction,2,Clear,Dry,Daylight
2023-01-03T15:01:00.000,I 20,I 20 and Wesley Chapel Rd,,Rear End,2,Rain,Wet,Dark-Not Lighted
2023-08-07T08:30:00.000,I 20,I 20 and Wesley Chapel Rd,,Rear End,2,Clear,Dry,Daylight
2023-12-14T05:30:00.000,I 20,I 20 and Wesley Chapel Rd,,Sideswipe-Same Direction,2,Clear,Dry,Dark-Lighted
2023-05-07T17:40:00.000,I 20,I 20 and Wesley Chapel Rd,,Rear End,2,Clear,Dry,Daylight
2023-09-09T15:28:00.000,I 20,I 20 and Wesley Chapel Rd,,Rear End,2,Clear,Dry,Daylight
2023-09-06T06:45:00.000,I 20,I 20 and Wesley Chapel Rd,,Rear End,2,Clear,Dry,Dark-Lighted
2023-04-04T22:35:00.000,I 20,I 20 and Wesley Chapel Rd,,Sideswipe-Same Direction,2,Clear,Dry,Dark-Not Lighted
2023-10-06T22:49:00.000,I 20,I 20 and Wesley Chapel Rd,,Rear End,2,Clear,Dry,Dark-Lighted
2023-06-27T01:59:00.000,I 20,I 20 and Wesley Chapel Rd,,Angle Crash,2,Clear,Dry,Dark-Lighted
2023-09-15T20:25:00.000,I 20,I 20 and Wesley Chapel Rd,,Rear End,2,Clear,Dry,Dark-Lighted
2023-04-02T17:30:00.000,I 20,I 20 and Wesley Chapel Rd,,Rear End,2,Clear,Dry,Daylight
2023-01-24T17:30:00.000,I 20,I 20 and Wesley Chapel Rd,,Rear End,2,Clear,Dry,Daylight
2023-11-18T16:58:00.000,I 20,I 20 and Wesley Chapel Rd,,Angle Crash,2,Clear,Dry,Daylight
2023-12-16T06:54:00.000,I 20,I 20 and Wesley Chapel Rd,,Rear End,2,Clear,Dry,Daylight
2023-01-03T07:28:00.000,I 20,I 20 and Wesley Chapel Rd,,Rear End,2,Cloudy,Wet,Dark-Lighted
2023-06-14T21:05:00.000,I 20,I 20 and Wesley Chapel Rd,,Sideswipe-Same Direction,2,Clear,Wet,Dark-Not Lighted
2023-03-29T07:18:00.000,I 20,I 20 and Wesley Chapel Rd,,Sideswipe-Same Direction,2,Clear,Dry,Dark-Lighted
2023-06-28T16:00:00.000,I 20,I 20 and Wesley Chapel Rd,,Rear End,2,Clear,Dry,Daylight
2023-12-23T02:30:00.000,I 20,I 20 and Wesley Chapel Rd,,Sideswipe-Same Direction,2,Cloudy,Dry,Dark-Not Lighted
2023-10-09T19:00:00.000,I 20,I 20 and Wesley Chapel Rd,,Sideswipe-Same Direction,3,Clear,Dry,Dusk
2023-10-24T12:26:00.000,I 20,I 20 and Wesley Chapel Rd,,Sideswipe-Same Direction,2,Clear,Dry,Daylight
2023-05-02T06:30:00.000,I 20,I 20 and Wesley Chapel Rd,,Angle Crash,2,Clear,Dry,Daylight
2023-07-15T00:20:00.000,I 20,I 20 and Wesley Chapel Rd,,Angle Crash,2,Clear,Dry,Dark-Not Lighted
2023-02-16T12:15:00.000,I 20,I 20 and Wesley Chapel Rd,,Angle Crash,2,Clear,Dry,Daylight
2023-10-13T02:26:00.000,I 20,I 20 and Wesley Chapel Rd,,Not a Collision with Motor Vehicle,2,Clear,Dry,Dark-Not Lighted
2023-06-21T15:30:00.000,I 20,I 20 and Wesley Chapel Rd,,Rear End,2,Rain,Wet,Daylight
2023-03-07T16:46:00.000,I 20,I 20 and Wesley Chapel Rd,,Rear End,2,Clear,Dry,Daylight
2023-10-11T06:00:00.000,I 20,I 20 and Wesley Chapel Rd,,Rear End,2,Clear,Dry,Daylight
2023-07-24T11:54:00.000,I 20,I 20 and Wesley Chapel Rd,,Rear End,2,Clear,Dry,Daylight
2023-03-21T16:00:00.000,I 20,I 20 and Wesley Chapel Rd,,Rear End,2,Clear,Dry,Daylight
2023-05-11T09:10:00.000,I 20,I 20 and Wesley Chapel Rd,,Rear End,2,Cloudy,Dry,Daylight
2023-09-02T02:25:00.000,I 20,I 20 and Wesley Chapel Rd,,Rear End,4,Clear,Dry,Dark-Lighted
2023-12-11T13:00:00.000,I 20,I 20 and Wesley Chapel Rd,,Rear End,2,Clear,Dry,Daylight
2023-02-17T14:22:00.000,I 20,I 20 and Wesley Chapel Rd,,Rear End,2,Clear,Dry,Daylight
2023-10-17T07:41:00.000,I 20,I 20 and Wesley Chapel Rd,,Rear End,2,Clear,Dry,Daylight
2023-07-30T01:25:00.000,I 20,I 20 and Wesley Chapel Rd,,Rear End,2,Clear,Dry,Dark-Not Lighted
2023-04-07T20:40:00.000,I 20,I 20 and Wesley Chapel Rd,,Rear End,3,Clear,Dry,Dark-Not Lighted
2023-10-28T22:36:00.000,I 20,I 20 and Wesley Chapel Rd,,Sideswipe-Same Direction,2,Clear,Dry,Dark-Not Lighted
2023-04-25T06:04:00.000,I 20,I 20 and Wesley Chapel Rd,,Rear End,2,Clear,Dry,Dawn
2023-08-11T08:48:00.000,I 20,I 20 and Wesley Chapel Rd,,Sideswipe-Opposite Direction,2,Rain,Wet,Daylight
2023-01-16T00:00:00.000,I 20,I 20 and Wesley Chapel Rd,,Rear End,2,Clear,Dry,Dark-Lighted
2023-09-17T08:20:00.000,I 20,I 20 and Wesley Chapel Rd,,Not a Collision with Motor Vehicle,1,Rain,Wet,Daylight
2023-01-01T05:03:00.000,I 20,I 20 and Wesley Chapel Rd,,Sideswipe-Same Direction,2,Fog,Dry,Dark-Lighted
2023-12-25T16:45:00.000,I 20,I 20 and Wesley Chapel Rd,,Rear End,2,Rain,Wet,Daylight
2023-03-31T19:13:00.000,I 20,I 20 and Wesley Chapel Rd,,Sideswipe-Same Direction,2,Clear,Dry,Daylight
2023-08-07T18:13:00.000,I 20,I 20 and Wesley Chapel Rd,,Rear End,2,Rain,Wet,Daylight
2023-12-08T00:00:00.000,I 20,I 20 and Wesley Chapel Rd,,Rear End,2,Clear,Dry,Dark-Not Lighted
2023-04-15T16:00:00.000,I 20,I 20 and Wesley Chapel Rd,,Sideswipe-Same Direction,2,Clear,Dry,Daylight
2023-08-11T18:00:00.000,I 20,I 20 and Wesley Chapel Rd,,Angle Crash,3,Clear,Dry,Daylight
2023-10-18T10:22:00.000,I 20,I 20 and Wesley Chapel Rd,,Rear End,3,Clear,Dry,Daylight
2023-01-27T17:20:00.000,I 20,I 20 and Wesley Chapel Rd,,Sideswipe-Same Direction,2,Clear,Dry,Daylight
2023-06-17T12:15:00.000,I 20,I 20 and Wesley Chapel Rd,,Sideswipe-Same Direction,2,Clear,Dry,Daylight
2023-07-30T01:25:00.000,I 20,I 20 and Wesley Chapel Rd,,Not a Collision with Motor Vehicle,1,Clear,Dry,Dark-Not Lighted
2023-11-30T08:47:00.000,I 20,I 20 and Wesley Chapel Rd,,Rear End,2,Clear,Dry,Daylight
2023-11-10T16:08:00.000,I 20,I 20 and Wesley Chapel Rd,,Rear End,2,Clear,Wet,Daylight
2023-07-20T15:15:00.000,I 20,I 20 and Wesley Chapel Rd,,Rear End,2,Clear,Dry,Daylight
2023-02-11T12:35:00.000,I 20,I 20 and Wesley Chapel Rd,,Rear End,3,Clear,Wet,Daylight
2023-12-13T16:00:00.000,I 20,I 20 and Wesley Chapel Rd,,Rear End,2,Clear,Dry,Daylight
2023-08-27T21:29:00.000,I 20,I 20 and Wesley Chapel Rd,,Rear End,2,Cloudy,Dry,Dark-Lighted
2023-07-23T14:30:00.000,I 20,I 20 and Wesley Chapel Rd,,Angle Crash,2,Clear,Dry,Daylight
2023-09-07T18:50:00.000,I 20,I 20 and Wesley Chapel Rd,,Rear End,2,Clear,Dry,Daylight
2023-05-04T20:00:00.000,I 20,I 20 and Wesley Chapel Rd,,Rear End,2,Clear,Dry,Dark-Not Lighted
2023-02-04T16:20:00.000,I 20,I 20 and Wesley Chapel Rd,,Sideswipe-Same Direction,2,Clear,Dry,Daylight
2023-03-24T10:40:00.000,I 20,I 20 and Wesley Chapel Rd,,Rear End,2,Clear,Dry,Daylight
2023-01-11T14:25:00.000,I 20,I 20 and Wesley Chapel Rd,,Rear End,2,Clear,Dry,Daylight
2023-04-14T07:30:00.000,I 20,I 20 and Wesley Chapel Rd,,Rear End,2,Cloudy,Wet,Daylight