Date and Time,Roadway (From Crash Report),Intersection Name (from Crash Report),KABCO Severity,Manner of Collision (Crash Level) ,# of Vehicles per crash ,Weather Conditions (Crash Level),Surface Condition (Crash Level) ,Light Conditions (Crash Level)
2023-05-08T16:18:00.000,I 20,I 20 and Wesley Chapel Rd,,Angle Crash,2,Clear,Dry,Daylight
2023-06-21T16:35:00.000,I 20,I 20 and Wesley Chapel Rd,,Rear End,2,Rain,Wet,Daylight
2023-09-20T14:34:00.000,I 20,I 20 and Wesley Chapel Rd,,Rear End,2,Clear,Dry,Daylight
2023-07-21T20:54:00.000,I 20,I 20 and Wesley Chapel Rd,,Rear End,2,Cloudy,Wet,Dark-Lighted
2023-09-13T06:20:00.000,I 20,I 20 and Wesley Chapel Rd,,Rear End,2,Rain,Wet,Dark-Not Lighted
2023-07-14T15:55:00.000,I 20,I 20 and Wesley Chapel Rd,,Angle Crash,2,Clear,Dry,Daylight
2023-12-14T12:30:00.000,I 20,I 20 and Wesley Chapel Rd,,Rear End,2,Clear,Dry,Daylight
2023-03-31T09:55:00.000,I 20,I 20 and Wesley Chapel Rd,,Sideswipe-Same Direction,2,Clear,Dry,Daylight
2023-05-17T10:20:00.000,I 20,I 20 and Wesley Chapel Rd,,Sideswipe-Same Direction,2,Cloudy,Dry,Daylight
2023-10-24T17:10:00.000,I 20,I 20 and Wesley Chapel Rd,,Sideswipe-Same Direction,2,Clear,Dry,Daylight
2023-04-12T17:45:00.000,I 20,I 20 and Wesley Chapel Rd,,Rear End,2,Clear,Dry,Daylight
2023-09-01T20:45:00.000,I 20,I 20 and Wesley Chapel Rd,,Rear End,3,Clear,Dry,Dark-Not Lighted
2023-12-16T17:45:00.000,I 20,I 20 and Wesley Chapel Rd,,Rear End,2,Clear,Dry,Daylight
2023-08-08T10:48:00.000,I 20,I 20 and Wesley Chapel Rd,,Not a Collision with Motor Vehicle,2,Clear,Dry,Dark-Lighted
2023-09-23T02:40:00.000,I 20,I 20 and Wesley Chapel Rd,,Rear End,2,Clear,Dry,Dark-Not Lighted
2023-08-22T07:34:00.000,I 20,I 20 and Wesley Chapel Rd,,Not a Collision with Motor Vehicle,1,Clear,Dry,Daylight
2023-06-04T18:40:00.000,I 20,I 20 and Wesley Chapel Rd,,Rear End,3,Rain,Wet,Daylight
2023-05-03T16:10:00.000,I 20,I 20 and Wesley Chapel Rd,,Sideswipe-Same Direction,2,Clear,Dry,Daylight
2023-05-02T16:33:00.000,I 20,I 20 and Wesley Chapel Rd,,Rear End,4,Clear,Dry,Daylight
2023-09-02T03:20:00.000,I 20,I 20 and Wesley Chapel Rd,,Rear End,4,Clear,Dry,Dark-Lighted
2023-11-29T17:55:00.000,I 20,I 20 and Wesley Chapel Rd,,Rear End,2,Clear,Dry,Dark-Not Lighted
2023-12-22T18:56:00.000,I 20,I 20 and Wesley Chapel Rd,,Rear End,2,Clear,Dry,Dark-Lighted
2023-11-13T23:23:00.000,I 20,I 20 and Wesley Chapel Rd,,Sideswipe-Same Direction,2,Clear,Dry,Dark-Not Lighted
2023-06-17T15:00:00.000,I 20,I 20 and Wesley Chapel Rd,,Rear End,4,Clear,Dry,Daylight
2023-01-09T07:00:00.000,I 20,I 20 and Wesley Chapel Rd,,Rear End,3,Clear,Dry,Dark-Not Lighted
2023-09-08T16:00:00.000,I 20,I 20 and Wesley Chapel Rd,,Sideswipe-Same Direction,2,Clear,Dry,Daylight
2023-06-09T14:40:00.000,I 20,I 20 and Wesley Chapel Rd,,Rear End,2,Clear,Dry,Daylight
2023-08-28T04:17:00.000,I 20,I 20 and Wesley Chapel Rd,,Rear End,2,Rain,Wet,Dark-Not Lighted
2023-10-20T14:26:00.000,I 20,I 20 and Wesley Chapel Rd,,Sideswipe-Same Direction,2,Clear,Dry,Daylight
2023-10-30T12:30:00.000,I 20,I 20 and Wesley Chapel Rd,,Sideswipe-Same Direction,2,Clear,Dry,Daylight
2023-03-17T14:55:00.000,I 20,I 20 and Wesley Chapel Rd,,Rear End,2,Rain,Wet,Daylight
2023-03-06T20:00:00.000,I 20,I 20 and Wesley Chapel Rd,,Rear End,2,Clear,Dry,Dark-Not Lighted
2023-09-08T13:04:00.000,I 20,I 20 and Wesley Chapel Rd,,Rear End,2,Clear,Dry,Daylight
2023-02-21T14:27:00.000,I 20,I 20 and Wesley Chapel Rd,,Rear End,3,Clear,Wet,Daylight
2023-03-22T18:18:00.000,I 20,I 20 and Wesley Chapel Rd,,Rear End,2,Clear,Dry,Daylight
2023-05-26T08:30:00.000,I 20,I 20 and Wesley Chapel Rd,,Rear End,2,Clear,Dry,Daylight
2023-01-10T00:15:00.000,I 20,I 20 and Wesley Chapel Rd,,Angle Crash,2,Clear,Dry,Dark-Lighted
2023-09-27T17:45:00.000,I 20,I 20 and Wesley Chapel Rd,,Rear End,2,Cloudy,Dry,Daylight
2023-12-13T06:08:00.000,I 20,I 20 and Wesley Chapel Rd,,Rear End,2,Clear,Dry,Dark-Not Lighted
2023-12-23T22:50:00.000,I 20,I 20 and Wesley Chapel Rd,,Angle Crash,2,Clear,Dry,Dark-Not Lighted
2022-06-18T00:00:00.000,I 20,I 20 and Wesley Chapel Rd,,Angle Crash,2,Clear,Dry,Dark-Lighted
2022-09-29T08:20:00.000,I 20,I 20 and Wesley Chapel Rd,,Rear End,2,Clear,Dry,Daylight
2022-10-19T23:50:00.000,I 20,I 20 and Wesley Chapel Rd,,Rear End,2,Clear,Dry,Dark-Not Lighted
2022-07-05T06:06:00.000,I 20,I 20 and Wesley Chapel Rd,,Rear End,2,Clear,Dry,Daylight
2022-02-15T21:46:00.000,I 20,I 20 and Wesley Chapel Rd,,Rear End,2,Clear,Dry,Dark-Lighted
2022-02-21T15:40:00.000,I 20,I 20 and Wesley Chapel Rd,,Sideswipe-Same Direction,2,Rain,Wet,Daylight
2022-03-24T18:00:00.000,I 20,I 20 and Wesley Chapel Rd,,Rear End,2,Clear,Dry,Daylight
2022-06-30T10:50:00.000,I 20,I 20 and Wesley Chapel Rd,,Rear End,2,Clear,Dry,Daylight
2022-07-18T15:30:00.000,I 20,I 20 and Wesley Chapel Rd,,Rear End,2,Clear,Dry,Daylight
2022-10-12T06:45:00.000,I 20,I 20 and Wesley Chapel Rd,,Sideswipe-Same Direction,2,Cloudy,Dry,Dawn
2022-02-04T01:50:00.000,I 20,I 20 and Wesley Chapel Rd,,Angle Crash,2,Rain,Wet,Dark-Lighted
2022-03-20T18:10:00.000,I 20,I 20 and Wesley Chapel Rd,,Rear End,2,Clear,Dry,Daylight
2022-10-13T00:00:00.000,I 20,I 20 and Wesley Chapel Rd,,Sideswipe-Same Direction,2,Clear,Dry,Dark-Lighted
2022-04-26T10:00:00.000,I 20,I 20 and Wesley Chapel Rd,,Rear End,2,Cloudy,Wet,Daylight
2022-12-05T16:10:00.000,I 20,I 20 and Wesley Chapel Rd,,Rear End,2,Rain,Wet,Dark-Lighted
2022-01-14T23:30:00.000,I 20,I 20 and Wesley Chapel Rd,,Rear End,2,Clear,Dry,Dark-Lighted
2022-09-19T11:30:00.000,I 20,I 20 and Wesley Chapel Rd,,Not a Collision with Motor Vehicle,2,Clear,Dry,Daylight
2022-02-15T12:00:00.000,I 20,I 20 and Wesley Chapel Rd,,Not a Collision with Motor Vehicle,2,Clear,Dry,Daylight
2022-12-06T17:38:00.000,I 20,I 20 and Wesley Chapel Rd,,Rear End,2,Rain,Wet,Dark-Lighted
2022-05-19T13:46:00.000,I 20,I 20 and Wesley Chapel Rd,,Sideswipe-Same Direction,2,Clear,Dry,Daylight
2022-11-22T19:01:00.000,I 20,I 20 and Wesley Chapel Rd,,Rear End,2,Clear,Dry,Dark-Not Lighted
2022-01-31T23:00:00.000,I 20,I 20 and Wesley Chapel Rd,,Rear End,2,Clear,Dry,Dark-Not Lighted
2022-09-22T12:02:00.000,I 20,I 20 and Wesley Chapel Rd,,Sideswipe-Same Direction,2,Clear,Dry,Daylight
2022-02-03T10:00:00.000,I 20,I 20 and Wesley Chapel Rd,,Rear End,2,Cloudy,Wet,Daylight
2022-01-24T21:13:00.000,I 20,I 20 and Wesley Chapel Rd,,Rear End,2,Clear,Dry,Dark-Not Lighted
2022-12-21T17:06:00.000,I 20,I 20 and Wesley Chapel Rd,,Sideswipe-Same Direction,2,Clear,Dry,Dark-Not Lighted
2022-08-29T03:28:00.000,I 20,I 20 and Wesley Chapel Rd,,Not a Collision with Motor Vehicle,1,Clear,Dry,Dark-Lighted
2021-02-11T14:30:00.000,I 20,I 20 and Wesley Chapel Rd,,Not a Collision with Motor Vehicle,1,Clear,Wet,Daylight
2022-11-16T00:00:00.000,I 20,I 20 and Wesley Chapel Rd,,Rear End,2,Clear,Dry,Dark-Lighted
2023-10-29T23:00:00.000,I 20,I 20 and Wesley Chapel Rd,,Sideswipe-Same Direction,2,Clear,Dry,Dark-Lighted
2023-12-14T15:50:00.000,I 20,I 20 and Wesley Chapel Rd,,Rear End,2,Clear,Dry,Daylight
2023-09-01T15:45:00.000,I 20,I 20 and Wesley Chapel Rd,,Rear End,2,Clear,Dry,Daylight
2023-02-01T11:56:00.000,I 20,I 20 and Wesley Chapel Rd,,Rear End,2,Cloudy,Dry,Daylight
2020-06-18T17:00:00.000,I 20,I 20 and Wesley Chapel Rd,,Sideswipe-Same Direction,2,Clear,Dry,Daylight
2020-04-16T03:41:00.000,I 20,I 20 and Wesley Chapel Rd,,Not a Collision with Motor Vehicle,1,Clear,Dry,Dark-Not Lighted
2020-10-22T15:30:00.000,I 20,I 20 and Wesley Chapel Rd,,Sideswipe-Same Direction,2,Clear,Dry,Daylight
2020-02-25T17:12:00.000,I 20,I 20 and Wesley Chapel Rd,,Sideswipe-Same Direction,2,Clear,Dry,Daylight
2020-11-27T12:10:00.000,I 20,I 20 and Wesley Chapel Rd,,Rear End,2,Clear,Dry,Daylight
2020-01-11T17:50:00.000,I 20,I 20 and Wesley Chapel Rd,,Not a Collision with Motor Vehicle,2,Cloudy,Wet,Daylight
2020-01-07T07:10:00.000,I 20,I 20 and Wesley Chapel Rd,,Rear End,2,Cloudy,Wet,Dark-Not Lighted
2020-10-01T09:42:00.000,I 20,I 20 and Wesley Chapel Rd,,Rear End,2,Clear,Dry,Daylight
2020-02-26T17:09:00.000,I 20,I 20 and Wesley Chapel Rd,,Rear End,2,Clear,Dry,Daylight
2020-08-31T22:11:00.000,I 20,I 20 and Wesley Chapel Rd,,Sideswipe-Same Direction,2,Clear,Dry,Dark-Lighted
2020-02-12T19:00:00.000,I 20,I 20 and Wesley Chapel Rd,,Head On,2,Clear,Dry,Daylight
2020-07-26T20:00:00.000,I 20,I 20 and Wesley Chapel Rd,,Angle Crash,2,Clear,Dry,Daylight
2020-06-26T19:30:00.000,I 20,I 20 and Wesley Chapel Rd,,Rear End,2,Clear,Dry,Dusk
2020-01-22T19:55:00.000,I 20,I 20 and Wesley Chapel Rd,,Sideswipe-Same Direction,2,Clear,Dry,Dark-Lighted
2020-03-01T07:08:00.000,I 20,I 20 and Wesley Chapel Rd,,Sideswipe-Opposite Direction,2,Cloudy,Dry,Daylight
2020-11-02T19:13:00.000,I 20,I 20 and Wesley Chapel Rd,,Angle Crash,3,Clear,Dry,Dark-Lighted
2020-10-02T16:35:00.000,I 20,I 20 and Wesley Chapel Rd,,Rear End,3,Clear,Dry,Daylight
2020-10-19T17:02:00.000,I 20,I 20 and Wesley Chapel Rd,,Rear End,2,Clear,Dry,Daylight
2020-11-14T13:51:00.000,I 20,I 20 and Wesley Chapel Rd,,Angle Crash,2,Clear,Dry,Daylight
2020-08-26T13:55:00.000,I 20,I 20 and Wesley Chapel Rd,,Rear End,2,Clear,Dry,Daylight
2020-05-07T12:57:00.000,I 20,I 20 and Wesley Chapel Rd,,Sideswipe-Same Direction,2,Clear,Dry,Daylight
2020-03-05T13:35:00.000,I 20,I 20 and Wesley Chapel Rd,,Rear End,2,Rain,Water (standing or moving),Daylight
2020-03-06T13:35:00.000,I 20,I 20 and Wesley Chapel Rd,,Rear End,2,Clear,Dry,Daylight
2020-04-18T18:53:00.000,I 20,I 20 and Wesley Chapel Rd,,Not a Collision with Motor Vehicle,1,Clear,Dry,Daylight
2020-12-22T06:20:00.000,I 20,I 20 and Wesley Chapel Rd,,Sideswipe-Same Direction,2,Clear,Dry,Dark-Not Lighted
2020-12-02T06:35:00.000,I 20,I 20 and Wesley Chapel Rd,,Rear End,2,Cloudy,Dry,Daylight
2020-12-30T14:30:00.000,I 20,I 20 and Wesley Chapel Rd,,Rear End,2,Clear,Dry,Daylight
2020-01-22T18:30:00.000,I 20,I 20 and Wesley Chapel Rd,,Sideswipe-Same Direction,2,Clear,Dry,Dark-Lighted
2020-12-19T13:47:00.000,I 20,I 20 and Wesley Chapel Rd,,Rear End,2,Clear,Dry,Daylight
2020-02-21T14:06:00.000,I 20,I 20 and Wesley Chapel Rd,,Sideswipe-Opposite Direction,2,Clear,Dry,Daylight
2020-03-05T14:00:00.000,I 20,I 20 and Wesley Chapel Rd,,Rear End,2,Rain,Wet,Daylight
2020-03-29T14:15:00.000,I 20,I 20 and Wesley Chapel Rd,,Not a Collision with Motor Vehicle,2,Clear,Dry,Daylight
2020-07-10T17:59:00.000,I 20,I 20 and Wesley Chapel Rd,,Sideswipe-Same Direction,2,Clear,Dry,Daylight
2020-04-02T16:00:00.000,I 20,I 20 and Wesley Chapel Rd,,Sideswipe-Same Direction,2,Clear,Dry,Daylight
2020-04-19T11:25:00.000,I 20,I 20 and Wesley Chapel Rd,,Rear End,2,Rain,Wet,Daylight
2020-09-04T19:42:00.000,I 20,I 20 and Wesley Chapel Rd,,Angle Crash,2,Clear,Dry,Daylight
2020-07-24T18:00:00.000,I 20,I 20 and Wesley Chapel Rd,,Sideswipe-Same Direction,2,Clear,Dry,Daylight
2020-08-05T07:50:00.000,I 20,I 20 and Wesley Chapel Rd,,Rear End,2,Clear,Dry,Daylight
2020-08-01T20:00:00.000,I 20,I 20 and Wesley Chapel Rd,,Sideswipe-Same Direction,2,Clear,Dry,Daylight
2020-07-17T17:00:00.000,I 20,I 20 and Wesley Chapel Rd,,Sideswipe-Same Direction,2,Clear,Dry,Daylight
2020-07-18T19:38:00.000,I 20,I 20 and Wesley Chapel Rd,,Rear End,2,Clear,Dry,Dark-Lighted
2020-10-02T19:55:00.000,I 20,I 20 and Wesley Chapel Rd,,Rear End,3,Clear,Dry,Dark-Lighted
2020-04-15T16:20:00.000,I 20,I 20 and Wesley Chapel Rd,,Rear End,2,Clear,Dry,Daylight
2020-07-26T03:23:00.000,I 20,I 20 and Wesley Chapel Rd,,Rear End,2,Clear,Dry,Dark-Not Lighted
2020-12-18T23:05:00.000,I 20,I 20 and Wesley Chapel Rd,,Not a Collision with Motor Vehicle,1,Clear,Dry,Dark-Lighted
2020-08-13T14:50:00.000,I 20,I 20 and Wesley Chapel Rd,,Angle Crash,3,Clear,Dry,Daylight
2020-07-04T11:00:00.000,I 20,I 20 and Wesley Chapel Rd,,Not a Collision with Motor Vehicle,2,Clear,Dry,Daylight
2020-03-21T16:00:00.000,I 20,I 20 and Wesley Chapel Rd,,Sideswipe-Same Direction,2,Clear,Dry,Daylight
2020-10-30T00:00:00.000,I 20,I 20 and Wesley Chapel Rd,,Rear End,2,Clear,Dry,Daylight
2020-10-05T09:19:00.000,I 20,I 20 and Wesley Chapel Rd,,Rear End,2,Clear,Dry,Daylight
2020-10-11T07:40:00.000,I 20,I 20 and Wesley Chapel Rd,,Sideswipe-Same Direction,2,Cloudy,Wet,Daylight
2020-11-26T22:20:00.000,I 20,I 20 and Wesley Chapel Rd,,Rear End,2,Clear,Dry,Dark-Lighted
2020-01-28T07:10:00.000,I 20,I 20 and Wesley Chapel Rd,,Sideswipe-Same Direction,2,Clear,Dry,Daylight
2020-02-28T23:56:00.000,I 20,I 20 and Wesley Chapel Rd,,Rear End,2,Cloudy,Dry,Dark-Not Lighted
2020-01-07T18:45:00.000,I 20,I 20 and Wesley Chapel Rd,,Rear End,2,Clear,Dry,Dark-Not Lighted
2020-07-12T16:00:00.000,I 20,I 20 and Wesley Chapel Rd,,Sideswipe-Same Direction,2,Clear,Dry,Daylight
2020-09-13T19:00:00.000,I 20,I 20 and Wesley Chapel Rd,,Not a Collision with Motor Vehicle,1,Clear,Dry,Daylight
2020-09-24T01:36:00.000,I 20,I 20 and Wesley Chapel Rd,,Rear End,2,Clear,Dry,Dark-Lighted
2020-07-08T10:15:00.000,I 20,I 20 and Wesley Chapel Rd,,Rear End,2,Clear,Dry,Daylight
2020-06-08T12:21:00.000,I 20,I 20 and Wesley Chapel Rd,,Rear End,2,Clear,Dry,Daylight
2020-03-06T22:12:00.000,I 20,I 20 and Wesley Chapel Rd,,Sideswipe-Same Direction,2,Clear,Dry,Dark-Lighted
2020-05-10T12:25:00.000,I 20,I 20 and Wesley Chapel Rd,,Rear End,2,Clear,Dry,Daylight
2020-09-05T18:21:00.000,I 20,I 20 and Wesley Chapel Rd,,Rear End,4,Clear,Dry,Daylight
2020-01-30T14:40:00.000,I 20,I 20 and Wesley Chapel Rd,,Angle Crash,2,Clear,Dry,Daylight
2020-10-01T14:20:00.000,I 20,I 20 and Wesley Chapel Rd,,Not a Collision with Motor Vehicle,1,Clear,Dry,Daylight
2020-03-13T23:40:00.000,I 20,I 20 and Wesley Chapel Rd,,Sideswipe-Same Direction,2,Clear,Dry,Dark-Not Lighted
2020-09-24T15:17:00.000,I 20,I 20 and Wesley Chapel Rd,,Rear End,3,Rain,Wet,Daylight
2020-02-09T14:20:00.000,I 20,I 20 and Wesley Chapel Rd,,Rear End,2,Clear,Dry,Daylight
2020-11-04T17:30:00.000,I 20,I 20 and Wesley Chapel Rd,,Rear End,2,Clear,Dry,Daylight
2020-01-07T19:00:00.000,I 20,I 20 and Wesley Chapel Rd,,Angle Crash,2,Clear,Dry,Daylight
2020-12-04T00:00:00.000,I 20,I 20 and Wesley Chapel Rd,,Rear End,2,Cloudy,Wet,Dark-Lighted
2020-12-10T15:00:00.000,I 20,I 20 and Wesley Chapel Rd,,Rear End,2,Clear,Dry,Daylight
2020-03-22T16:05:00.000,I 20,I 20 and Wesley Chapel Rd,,Rear End,2,Cloudy,Wet,Daylight
2020-01-31T17:25:00.000,I 20,I 20 and Wesley Chapel Rd,,Rear End,2,Cloudy,Dry,Daylight
2020-11-08T19:20:00.000,I 20,I 20 and Wesley Chapel Rd,,Rear End,3,Clear,Dry,Dark-Lighted
2020-04-14T15:00:00.000,I 20,I 20 and Wesley Chapel Rd,,Sideswipe-Same Direction,2,Clear,Dry,Daylight
2020-03-24T16:30:00.000,I 20,I 20 and Wesley Chapel Rd,,Rear End,2,Clear,Dry,Daylight
2020-02-03T23:20:00.000,I 20,I 20 and Wesley Chapel Rd,,Rear End,2,Clear,Dry,Dark-Not Lighted
2020-01-18T19:30:00.000,I 20,I 20 and Wesley Chapel Rd,,Angle Crash,2,Clear,Wet,Daylight
2020-12-21T21:45:00.000,I 20,I 20 and Wesley Chapel Rd,,Rear End,2,Clear,Dry,Dark-Not Lighted
2020-10-20T19:05:00.000,I 20,I 20 and Wesley Chapel Rd,,Rear End,2,Clear,Dry,Daylight
2020-11-01T15:00:00.000,I 20,I 20 and Wesley Chapel Rd,,Rear End,2,Clear,Dry,Daylight
2020-02-27T09:25:00.000,I 20,I 20 and Wesley Chapel Rd,,Rear End,2,Clear,Dry,Daylight
2020-07-02T15:24:00.000,I 20,I 20 and Wesley Chapel Rd,,Rear End,2,Cloudy,Wet,Daylight
2020-07-22T15:57:00.000,I 20,I 20 and Wesley Chapel Rd,,Rear End,2,Clear,Dry,Daylight
2020-03-02T16:00:00.000,I 20,I 20 and Wesley Chapel Rd,,Rear End,2,Rain,Dry,Daylight
2020-01-25T01:02:00.000,I 20,I 20 and Wesley Chapel Rd,,Rear End,2,Clear,Dry,Dark-Not Lighted
2020-11-12T14:20:00.000,I 20,I 20 and Wesley Chapel Rd,,Rear End,3,Clear,Dry,Daylight
2020-12-14T20:00:00.000,I 20,I 20 and Wesley Chapel Rd,,Rear End,2,Clear,Dry,Daylight
2020-08-01T21:59:00.000,I 20,I 20 and Wesley Chapel Rd,,Sideswipe-Same Direction,2,Clear,Dry,Dark-Not Lighted
2020-10-04T15:05:00.000,I 20,I 20 and Wesley Chapel Rd,,Sideswipe-Same Direction,2,Clear,Dry,Daylight
2020-04-03T17:49:00.000,I 20,I 20 and Wesley Chapel Rd,,Rear End,4,Clear,Dry,Daylight
2020-06-22T18:10:00.000,I 20,I 20 and Wesley Chapel Rd,,Rear End,2,Rain,Wet,Daylight
2020-09-05T05:20:00.000,I 20,I 20 and Wesley Chapel Rd,,Rear End,2,Clear,Dry,Dark-Lighted
2020-11-23T06:35:00.000,I 20,I 20 and Wesley Chapel Rd,,Rear End,2,Clear,Dry,Daylight
2020-12-09T05:44:00.000,I 20,I 20 and Wesley Chapel Rd,,Sideswipe-Same Direction,2,Clear,Dry,Dark-Lighted
2020-11-08T17:02:00.000,I 20,I 20 and Wesley Chapel Rd,,Rear End,2,Cloudy,Dry,Daylight
2020-09-14T19:15:00.000,I 20,I 20 and Wesley Chapel Rd,,Rear End,2,Clear,Dry,Dusk
2020-12-28T15:45:00.000,I 20,I 20 and Wesley Chapel Rd,,Rear End,2,Clear,Dry,Daylight
2020-10-09T15:58:00.000,I 20,I 20 and Wesley Chapel Rd,,Rear End,2,Cloudy,Dry,Daylight
2020-07-29T16:00:00.000,I 20,I 20 and Wesley Chapel Rd,,Rear End,2,Rain,Wet,Daylight
2020-08-18T10:10:00.000,I 20,I 20 and Wesley Chapel Rd,,Rear End,2,Clear,Dry,Daylight
2020-06-25T09:30:00.000,I 20,I 20 and Wesley Chapel Rd,,Not a Collision with Motor Vehicle,1,Clear,Dry,Daylight
2020-12-31T13:45:00.000,I 20,I 20 and Wesley Chapel Rd,,Rear End,3,Rain,Wet,Daylight
2020-11-30T18:00:00.000,I 20,I 20 and Wesley Chapel Rd,,Not a Collision with Motor Vehicle,1,Snow,Dry,Dark-Lighted
2020-12-30T17:00:00.000,I 20,I 20 and Wesley Chapel Rd,,Rear End,2,Clear,Dry,Dark-Lighted
2020-02-04T13:15:00.000,I 20,I 20 and Wesley Chapel Rd,,Rear End,2,Clear,Dry,Daylight
2020-06-02T12:45:00.000,I 20,I 20 and Wesley Chapel Rd,,Rear End,2,Clear,Dry,Daylight
2020-02-10T06:20:00.000,I 20,I 20 and Wesley Chapel Rd,,Sideswipe-Same Direction,4,Clear,Dry,Dawn
2020-02-21T14:48:00.000,I 20,I 20 and Wesley Chapel Rd,,Rear End,2,Clear,Dry,Daylight
2020-01-17T15:00:00.000,I 20,I 20 and Wesley Chapel Rd,,Sideswipe-Same Direction,2,Clear,Dry,Daylight
2020-09-17T09:47:00.000,I 20,I 20 and Wesley Chapel Rd,,Sideswipe-Same Direction,2,Rain,Wet,Daylight
2020-08-10T17:14:00.000,I 20,I 20 and Wesley Chapel Rd,,Rear End,2,Rain,Wet,Daylight
2020-05-06T13:56:00.000,I 20,I 20 and Wesley Chapel Rd,,Sideswipe-Same Direction,2,Clear,Dry,Daylight
2020-05-21T21:59:00.000,I 20,I 20 and Wesley Chapel Rd,,Rear End,2,Clear,Dry,Dark-Lighted
2020-06-29T12:00:00.000,I 20,I 20 and Wesley Chapel Rd,,Sideswipe-Same Direction,2,Clear,Dry,Daylight
2020-11-06T14:14:00.000,I 20,I 20 and Wesley Chapel Rd,,Not a Collision with Motor Vehicle,1,Clear,Dry,Daylight
2020-11-06T06:48:00.000,I 20,I 20 and Wesley Chapel Rd,,Rear End,2,Clear,Dry,Daylight
2020-12-11T14:47:00.000,I 20,I 20 and Wesley Chapel Rd,,Rear End,2,Clear,Dry,Daylight
2020-06-29T18:55:00.000,I 20,I 20 and Wesley Chapel Rd,,Rear End,2,Clear,Dry,Daylight
2020-01-05T12:23:00.000,I 20,I 20 and Wesley Chapel Rd,,Rear End,2,Clear,Dry,Daylight
2020-01-11T13:22:00.000,I 20,I 20 and Wesley Chapel Rd,,Rear End,2,Rain,Wet,Daylight
2020-10-06T07:55:00.000,I 20,I 20 and Wesley Chapel Rd,,Rear End,2,Clear,Dry,Daylight
2020-09-09T21:24:00.000,I 20,I 20 and Wesley Chapel Rd,,Sideswipe-Same Direction,2,Clear,Dry,Daylight
2020-08-10T13:02:00.000,I 20,I 20 and Wesley Chapel Rd,,Not a Collision with Motor Vehicle,1,Cloudy,Dry,Daylight
2020-12-21T09:30:00.000,I 20,I 20 and Wesley Chapel Rd,,Rear End,2,Clear,Dry,Daylight
2020-04-07T12:45:00.000,I 20,I 20 and Wesley Chapel Rd,,Angle Crash,5,Clear,Dry,Daylight
2020-06-11T02:12:00.000,I 20,I 20 and Wesley Chapel Rd,,Not a Collision with Motor Vehicle,1,Cloudy,Dry,Dark-Not Lighted
2020-08-18T03:25:00.000,I 20,I 20 and Wesley Chapel Rd,,Angle Crash,2,Clear,Dry,Dark-Not Lighted
2020-04-18T16:45:00.000,I 20,I 20 and Wesley Chapel Rd,,Sideswipe-Same Direction,2,Clear,Dry,Daylight
2020-09-04T14:45:00.000,I 20,I 20 and Wesley Chapel Rd,,Rear End,3,Clear,Dry,Daylight
2020-09-17T09:47:00.000,I 20,I 20 and Wesley Chapel Rd,,Sideswipe-Same Direction,2,Rain,Wet,Daylight
2020-02-06T18:05:00.000,I 20,I 20 and Wesley Chapel Rd,,Head On,2,Rain,Wet,Dark-Not Lighted
2020-01-25T23:59:00.000,I 20,I 20 and Wesley Chapel Rd,,Angle Crash,2,Clear,Dry,Dark-Not Lighted
2020-07-27T00:30:00.000,I 20,I 20 and Wesley Chapel Rd,,Rear End,2,Clear,Dry,Dark-Not Lighted
2020-09-26T08:24:00.000,I 20,I 20 and Wesley Chapel Rd,,Not a Collision with Motor Vehicle,1,Clear,Dry,Daylight
2020-09-18T21:15:00.000,I 20,I 20 and Wesley Chapel Rd,,Sideswipe-Same Direction,2,Clear,Dry,Dark-Not Lighted
2020-11-29T19:00:00.000,I 20,I 20 and Wesley Chapel Rd,,Rear End,3,Rain,Wet,Dark-Lighted
2020-04-18T19:30:00.000,I 20,I 20 and Wesley Chapel Rd,,Not a Collision with Motor Vehicle,1,Clear,Dry,Daylight
2020-08-31T07:27:00.000,I 20,I 20 and Wesley Chapel Rd,,Rear End,2,Rain,Wet,Daylight
2020-01-31T20:11:00.000,I 20,I 20 and Wesley Chapel Rd,,Sideswipe-Same Direction,2,Cloudy,Dry,Dark-Not Lighted
2020-05-20T15:15:00.000,I 20,I 20 and Wesley Chapel Rd,,Rear End,2,Clear,Dry,Daylight
2020-07-02T16:43:00.000,I 20,I 20 and Wesley Chapel Rd,,Rear End,3,Clear,Wet,Daylight
2020-12-18T22:18:00.000,I 20,I 20 and Wesley Chapel Rd,,Angle Crash,2,Clear,Dry,Dark-Lighted
2020-07-16T16:30:00.000,I 20,I 20 and Wesley Chapel Rd,,Rear End,2,Clear,Dry,Daylight
2020-02-03T17:02:00.000,I 20,I 20 and Wesley Chapel Rd,,Sideswipe-Same Direction,2,Clear,Dry,Daylight
2020-08-20T20:31:00.000,I 20,I 20 and Wesley Chapel Rd,,Angle Crash,3,Clear,Dry,Dark-Lighted
2020-11-12T12:40:00.000,I 20,I 20 and Wesley Chapel Rd,,Rear End,2,Clear,Dry,Daylight
2020-11-11T13:08:00.000,I 20,I 20 and Wesley Chapel Rd,,Sideswipe-Same Direction,2,Clear,Dry,Daylight
2020-02-11T05:00:00.000,I 20,I 20 and Wesley Chapel Rd,,Head On,2,Rain,Wet,Dark-Not Lighted
2020-08-25T07:35:00.000,I 20,I 20 and Wesley Chapel Rd,,Rear End,2,Rain,Wet,Daylight
2020-06-13T20:47:00.000,I 20,I 20 and Wesley Chapel Rd,,Sideswipe-Same Direction,2,Clear,Dry,Daylight
2020-03-04T07:00:00.000,I 20,I 20 and Wesley Chapel Rd,,Rear End,3,Rain,Wet,Dark-Not Lighted
2020-09-07T23:53:00.000,I 20,I 20 and Wesley Chapel Rd,,Not a Collision with Motor Vehicle,2,Clear,Dry,Dark-Lighted
2020-01-09T09:48:00.000,I 20,I 20 and Wesley Chapel Rd,,Rear End,2,Clear,Dry,Daylight