Date and Time,Roadway (From Crash Report),Intersection Name (from Crash Report),KABCO Severity,Manner of Collision (Crash Level) ,# of Vehicles per crash ,Weather Conditions (Crash Level),Surface Condition (Crash Level) ,Light Conditions (Crash Level)
2020-08-14T22:15:00.000,I 20,I 20 and Wesley Chapel Rd,,Rear End,4,Cloudy,Wet,Dark-Not Lighted
2020-03-14T00:05:00.000,I 20,I 20 and Wesley Chapel Rd,,Not a Collision with Motor Vehicle,1,Clear,Dry,Dark-Not Lighted
2020-07-26T15:50:00.000,I 20,I 20 and Wesley Chapel Rd,,Sideswipe-Same Direction,2,Clear,Dry,Daylight
2020-09-04T06:27:00.000,I 20,I 20 and Wesley Chapel Rd,,Sideswipe-Same Direction,2,Clear,Dry,Dark-Lighted
2020-09-04T19:49:00.000,I 20,I 20 and Wesley Chapel Rd,,Sideswipe-Same Direction,2,Clear,Dry,Daylight
2020-02-07T19:18:00.000,I 20,I 20 and Wesley Chapel Rd,,Not a Collision with Motor Vehicle,1,Clear,Dry,Dark-Lighted
2020-08-25T15:07:00.000,I 20,I 20 and Wesley Chapel Rd,,Rear End,2,Cloudy,Wet,Daylight
2020-06-08T09:47:00.000,I 20,I 20 and Wesley Chapel Rd,,Not a Collision with Motor Vehicle,1,Clear,Dry,Daylight
2020-02-07T05:47:00.000,I 20,I 20 and Wesley Chapel Rd,,Angle Crash,3,Clear,Dry,Dark-Not Lighted
2020-10-01T00:00:00.000,I 20,I 20 and Wesley Chapel Rd,,Not a Collision with Motor Vehicle,2,Clear,Dry,Dark-Not Lighted
2020-04-02T11:25:00.000,I 20,I 20 and Wesley Chapel Rd,,Rear End,2,Clear,Dry,Daylight
2020-03-12T15:00:00.000,I 20,I 20 and Wesley Chapel Rd,,Rear End,2,Clear,Dry,Daylight
2020-01-07T11:00:00.000,I 20,I 20 and Wesley Chapel Rd,,Sideswipe-Same Direction,2,Clear,Dry,Daylight
2020-03-24T20:40:00.000,I 20,I 20 and Wesley Chapel Rd,,Sideswipe-Same Direction,2,Clear,Dry,Dark-Lighted
2020-07-22T16:30:00.000,I 20,I 20 and Wesley Chapel Rd,,Rear End,2,Clear,Dry,Daylight
2020-09-16T20:05:00.000,I 20,I 20 and Wesley Chapel Rd,,Rear End,4,Rain,Wet,Dark-Lighted
2020-03-05T16:30:00.000,I 20,I 20 and Wesley Chapel Rd,,Rear End,3,Rain,Wet,Daylight
2020-11-22T13:30:00.000,I 20,I 20 and Wesley Chapel Rd,,Rear End,2,Clear,Dry,Daylight
2020-10-25T07:11:00.000,I 20,I 20 and Wesley Chapel Rd,,Sideswipe-Same Direction,2,Clear,Wet,Daylight
2020-03-31T07:00:00.000,I 20,I 20 and Wesley Chapel Rd,,Rear End,2,Clear,Dry,Dark-Not Lighted
2020-07-25T12:59:00.000,I 20,I 20 and Wesley Chapel Rd,,Angle Crash,2,Rain,Wet,Daylight
2020-06-13T13:25:00.000,I 20,I 20 and Wesley Chapel Rd,,Sideswipe-Same Direction,2,Clear,Dry,Daylight
2020-11-22T12:15:00.000,I 20,I 20 and Wesley Chapel Rd,,Rear End,3,Clear,Dry,Daylight
2020-09-08T17:40:00.000,I 20,I 20 and Wesley Chapel Rd,,Sideswipe-Same Direction,2,Clear,Dry,Daylight
2020-01-14T16:57:00.000,I 20,I 20 and Wesley Chapel Rd,,Rear End,2,Rain,Wet,Daylight
2020-08-05T10:14:00.000,I 20,I 20 and Wesley Chapel Rd,,Rear End,2,Clear,Dry,Daylight
2020-02-11T05:58:00.000,I 20,I 20 and Wesley Chapel Rd,,Rear End,3,Rain,Wet,Dark-Not Lighted
2020-05-20T16:45:00.000,I 20,I 20 and Wesley Chapel Rd,,Rear End,2,Cloudy,Dry,Daylight
2020-09-12T15:30:00.000,I 20,I 20 and Wesley Chapel Rd,,Rear End,4,Clear,Dry,Daylight
2020-07-12T01:00:00.000,I 20,I 20 and Wesley Chapel Rd,,Rear End,2,Clear,Dry,Dark-Lighted
2020-06-26T21:50:00.000,I 20,I 20 and Wesley Chapel Rd,,Rear End,2,Clear,Dry,Dark-Not Lighted
2020-12-10T06:36:00.000,I 20,I 20 and Wesley Chapel Rd,,Angle Crash,4,Clear,Dry,Dark-Lighted
2020-07-12T22:50:00.000,I 20,I 20 and Wesley Chapel Rd,,Rear End,2,Clear,Dry,Dark-Lighted
2020-05-26T10:25:00.000,I 20,I 20 and Wesley Chapel Rd,,Rear End,2,Clear,Dry,Daylight
2020-03-05T17:10:00.000,I 20,I 20 and Wesley Chapel Rd,,Sideswipe-Same Direction,2,Rain,Wet,Daylight
2020-09-04T06:43:00.000,I 20,I 20 and Wesley Chapel Rd,,Rear End,2,Clear,Dry,Dark-Lighted
2020-05-01T13:50:00.000,I 20,I 20 and Wesley Chapel Rd,,Rear End,2,Clear,Dry,Daylight
2020-09-17T17:00:00.000,I 20,I 20 and Wesley Chapel Rd,,Rear End,2,Clear,Wet,Daylight
2020-09-04T18:30:00.000,I 20,I 20 and Wesley Chapel Rd,,Rear End,3,Clear,Dry,Daylight
2020-06-06T20:08:00.000,I 20,I 20 and Wesley Chapel Rd,,Not a Collision with Motor Vehicle,1,Clear,Dry,Dark-Not Lighted
2020-12-18T09:04:00.000,I 20,I 20 and Wesley Chapel Rd,,Sideswipe-Same Direction,2,Clear,Dry,Daylight
2020-07-18T05:10:00.000,I 20,I 20 and Wesley Chapel Rd,,Sideswipe-Same Direction,2,Clear,Dry,Dark-Not Lighted
2020-06-06T20:08:00.000,I 20,I 20 and Wesley Chapel Rd,,Not a Collision with Motor Vehicle,1,Clear,Dry,Daylight
2020-01-01T01:30:00.000,I 20,I 20 and Wesley Chapel Rd,,Rear End,2,Clear,Dry,Dark-Lighted
2020-05-24T17:55:00.000,I 20,I 20 and Wesley Chapel Rd,,Not a Collision with Motor Vehicle,1,Clear,Dry,Daylight
2020-07-12T14:30:00.000,I 20,I 20 and Wesley Chapel Rd,,Rear End,2,Clear,Dry,Daylight
2020-01-31T12:00:00.000,I 20,I 20 and Wesley Chapel Rd,,Sideswipe-Same Direction,7,Rain,Wet,Daylight
2020-12-24T22:00:00.000,I 20,I 20 and Wesley Chapel Rd,,Not a Collision with Motor Vehicle,1,Clear,Wet,Dark-Lighted
2020-03-11T00:00:00.000,I 20,I 20 and Wesley Chapel Rd,,Rear End,2,Rain,Wet,Daylight
2020-12-02T18:30:00.000,I 20,I 20 and Wesley Chapel Rd,,Rear End,2,Clear,Dry,Dark-Not Lighted
2020-02-20T07:38:00.000,I 20,I 20 and Wesley Chapel Rd,,Rear End,2,Rain,Wet,Daylight
2020-02-03T16:50:00.000,I 20,I 20 and Wesley Chapel Rd,,Sideswipe-Same Direction,2,Clear,Dry,Daylight
2020-02-28T15:55:00.000,I 20,I 20 and Wesley Chapel Rd,,Rear End,2,Clear,Dry,Daylight
2020-10-18T13:20:00.000,I 20,I 20 and Wesley Chapel Rd,,Sideswipe-Same Direction,2,Clear,Dry,Daylight
2020-12-10T17:22:00.000,I 20,I 20 and Wesley Chapel Rd,,Rear End,2,Clear,Dry,Daylight
2020-03-11T18:00:00.000,I 20,I 20 and Wesley Chapel Rd,,Rear End,2,Rain,Wet,Daylight
2020-01-14T18:18:00.000,I 20,I 20 and Wesley Chapel Rd,,Sideswipe-Same Direction,2,Rain,Wet,Dark-Not Lighted
2020-07-13T18:38:00.000,I 20,I 20 and Wesley Chapel Rd,,Rear End,2,Clear,Dry,Daylight
2020-11-12T15:00:00.000,I 20,I 20 and Wesley Chapel Rd,,Rear End,2,Clear,Dry,Daylight
2020-06-15T17:07:00.000,I 20,I 20 and Wesley Chapel Rd,,Rear End,2,Rain,Wet,Daylight
2020-09-01T03:57:00.000,I 20,I 20 and Wesley Chapel Rd,,Sideswipe-Same Direction,3,Clear,Dry,Dark-Not Lighted
2020-05-21T23:08:00.000,I 20,I 20 and Wesley Chapel Rd,,Rear End,6,Clear,Dry,Dark-Not Lighted
2020-04-07T13:57:00.000,I 20,I 20 and Wesley Chapel Rd,,Rear End,2,Clear,Dry,Daylight
2020-06-23T00:00:00.000,I 20,I 20 and Wesley Chapel Rd,,Rear End,2,Rain,Wet,Daylight
2020-07-04T04:50:00.000,I 20,I 20 and Wesley Chapel Rd,,Angle Crash,2,Clear,Dry,Dark-Not Lighted
2020-10-09T16:30:00.000,I 20,I 20 and Wesley Chapel Rd,,Rear End,2,Cloudy,Dry,Daylight
2020-11-30T18:05:00.000,I 20,I 20 and Wesley Chapel Rd,,Rear End,2,Rain,Wet,Dark-Not Lighted
2020-04-13T15:09:00.000,I 20,I 20 and Wesley Chapel Rd,,Rear End,2,Clear,Dry,Daylight
2020-04-03T18:58:00.000,I 20,I 20 and Wesley Chapel Rd,,Sideswipe-Same Direction,2,Clear,Dry,Daylight
2020-03-28T16:37:00.000,I 20,I 20 and Wesley Chapel Rd,,Not a Collision with Motor Vehicle,1,Clear,Dry,Daylight
2020-01-13T18:50:00.000,I 20,I 20 and Wesley Chapel Rd,,Rear End,2,Cloudy,Wet,Dark-Not Lighted
2020-12-09T12:15:00.000,I 20,I 20 and Wesley Chapel Rd,,Rear End,3,Clear,Dry,Dark-Lighted
2020-01-25T09:36:00.000,I 20,I 20 and Wesley Chapel Rd,,Sideswipe-Same Direction,2,Cloudy,Dry,Dawn
2020-11-12T09:00:00.000,I 20,I 20 and Wesley Chapel Rd,,Rear End,2,Clear,Dry,Daylight
2020-06-20T23:04:00.000,I 20,I 20 and Wesley Chapel Rd,,Sideswipe-Same Direction,2,Clear,Dry,Dark-Not Lighted
2020-11-22T00:10:00.000,I 20,I 20 and Wesley Chapel Rd,,Sideswipe-Same Direction,2,Clear,Dry,Dark-Not Lighted
2020-01-31T00:00:00.000,I 20,I 20 and Wesley Chapel Rd,,Sideswipe-Same Direction,2,Clear,Wet,Daylight
2020-07-23T17:21:00.000,I 20,I 20 and Wesley Chapel Rd,,Rear End,2,Clear,Dry,Daylight
2020-05-13T11:35:00.000,I 20,I 20 and Wesley Chapel Rd,,Sideswipe-Same Direction,2,Clear,Dry,Daylight
2020-12-01T06:50:00.000,I 20,I 20 and Wesley Chapel Rd,,Rear End,2,Clear,Dry,Dark-Not Lighted
2020-03-25T16:12:00.000,I 20,I 20 and Wesley Chapel Rd,,Rear End,2,Clear,Dry,Daylight
2020-01-03T15:30:00.000,I 20,I 20 and Wesley Chapel Rd,,Sideswipe-Same Direction,2,Clear,Wet,Daylight
2020-11-07T23:30:00.000,I 20,I 20 and Wesley Chapel Rd,,Not a Collision with Motor Vehicle,1,Clear,Dry,Dark-Lighted
2020-11-16T07:42:00.000,I 20,I 20 and Wesley Chapel Rd,,Rear End,2,Clear,Dry,Daylight
2020-09-05T05:20:00.000,I 20,I 20 and Wesley Chapel Rd,,Rear End,2,Clear,Dry,Dark-Lighted
2020-02-26T18:00:00.000,I 20,I 20 and Wesley Chapel Rd,,Rear End,2,Clear,Dry,Daylight
2020-11-19T18:17:00.000,I 20,I 20 and Wesley Chapel Rd,,Sideswipe-Same Direction,2,Clear,Dry,Dark-Lighted
2020-01-13T12:45:00.000,I 20,I 20 and Wesley Chapel Rd,,Not a Collision with Motor Vehicle,1,Cloudy,Wet,Daylight
2020-08-03T12:01:00.000,I 20,I 20 and Wesley Chapel Rd,,Not a Collision with Motor Vehicle,1,Clear,Dry,Daylight
2020-11-29T18:00:00.000,I 20,I 20 and Wesley Chapel Rd,,Rear End,2,Rain,Wet,Dark-Lighted
2020-06-10T18:10:00.000,I 20,I 20 and Wesley Chapel Rd,,Not a Collision with Motor Vehicle,1,Clear,Dry,Daylight
2020-08-23T22:40:00.000,I 20,I 20 and Wesley Chapel Rd,,Not a Collision with Motor Vehicle,1,Clear,Dry,Dark-Lighted
2020-08-09T04:25:00.000,I 20,I 20 and Wesley Chapel Rd,,Rear End,2,Clear,Dry,Dark-Not Lighted
2020-10-26T03:50:00.000,I 20,I 20 and Wesley Chapel Rd,,Rear End,2,Clear,Dry,Dark-Not Lighted
2020-11-17T14:01:00.000,I 20,I 20 and Wesley Chapel Rd,,Not a Collision with Motor Vehicle,2,Clear,Dry,Daylight
2020-05-16T11:06:00.000,I 20,I 20 and Wesley Chapel Rd,,Rear End,2,Clear,Dry,Daylight
2020-01-10T19:25:00.000,I 20,I 20 and Wesley Chapel Rd,,Rear End,2,Clear,Dry,Dark-Lighted
2020-11-10T18:02:00.000,I 20,I 20 and Wesley Chapel Rd,,Sideswipe-Same Direction,2,Clear,Wet,Daylight
2020-11-16T07:50:00.000,I 20,I 20 and Wesley Chapel Rd,,Rear End,3,Clear,Dry,Daylight
2020-08-24T23:25:00.000,I 20,I 20 and Wesley Chapel Rd,,Sideswipe-Same Direction,2,Rain,Wet,Dark-Lighted
2020-12-27T17:24:00.000,I 20,I 20 and Wesley Chapel Rd,,Rear End,2,Clear,Dry,Dark-Not Lighted
2020-02-17T08:48:00.000,I 20,I 20 and Wesley Chapel Rd,,Sideswipe-Same Direction,2,Clear,Dry,Daylight
2020-08-17T18:05:00.000,I 20,I 20 and Wesley Chapel Rd,,Rear End,2,Clear,Dry,Daylight
2020-07-26T03:17:00.000,I 20,I 20 and Wesley Chapel Rd,,Sideswipe-Same Direction,2,Clear,Dry,Dark-Not Lighted
2020-05-21T17:49:00.000,I 20,I 20 and Wesley Chapel Rd,,Rear End,2,Clear,Dry,Daylight
2020-09-26T13:12:00.000,I 20,I 20 and Wesley Chapel Rd,,Rear End,2,Clear,Dry,Daylight
2020-10-11T02:45:00.000,I 20,I 20 and Wesley Chapel Rd,,Not a Collision with Motor Vehicle,1,Clear,Wet,Dark-Lighted
2020-11-12T10:30:00.000,I 20,I 20 and Wesley Chapel Rd,,Sideswipe-Same Direction,2,Cloudy,Dry,Daylight
2020-02-14T17:40:00.000,I 20,I 20 and Wesley Chapel Rd,,Rear End,2,Clear,Dry,Daylight
2020-12-23T13:29:00.000,I 20,I 20 and Wesley Chapel Rd,,Rear End,3,Clear,Dry,Daylight
2020-09-05T06:05:00.000,I 20,I 20 and Wesley Chapel Rd,,Sideswipe-Same Direction,2,Clear,Dry,Dark-Not Lighted
2020-07-01T18:00:00.000,I 20,I 20 and Wesley Chapel Rd,,Rear End,4,Clear,Dry,Daylight
2020-07-19T16:20:00.000,I 20,I 20 and Wesley Chapel Rd,,Rear End,2,Clear,Dry,Daylight
2020-08-05T08:42:00.000,I 20,I 20 and Wesley Chapel Rd,,Not a Collision with Motor Vehicle,2,Clear,Dry,Daylight
2020-06-25T16:12:00.000,I 20,I 20 and Wesley Chapel Rd,,Rear End,2,Cloudy,Dry,Daylight
2020-02-17T17:27:00.000,I 20,I 20 and Wesley Chapel Rd,,Rear End,2,Clear,Dry,Daylight
2020-02-05T14:35:00.000,I 20,I 20 and Wesley Chapel Rd,,Not a Collision with Motor Vehicle,2,Clear,Dry,Daylight
2020-01-30T14:30:00.000,I 20,I 20 and Wesley Chapel Rd,,Rear End,2,Clear,Dry,Daylight
2020-05-11T19:08:00.000,I 20,I 20 and Wesley Chapel Rd,,Rear End,2,Clear,Dry,Daylight
2020-03-03T09:10:00.000,I 20,I 20 and Wesley Chapel Rd,,Rear End,2,Rain,Wet,Daylight
2020-05-17T06:15:00.000,I 20,I 20 and Wesley Chapel Rd,,Sideswipe-Same Direction,2,Clear,Dry,Daylight
2020-09-01T08:40:00.000,I 20,I 20 and Wesley Chapel Rd,,Rear End,3,Clear,Dry,Daylight
2020-10-06T16:17:00.000,I 20,I 20 and Wesley Chapel Rd,,Rear End,2,Clear,Dry,Daylight
2020-09-17T04:30:00.000,I 20,I 20 and Wesley Chapel Rd,,Not a Collision with Motor Vehicle,1,Rain,Water (standing or moving),Dark-Not Lighted
2020-05-15T16:45:00.000,I 20,I 20 and Wesley Chapel Rd,,Rear End,3,Clear,Dry,Daylight
2020-07-29T00:00:00.000,I 20,I 20 and Wesley Chapel Rd,,Rear End,2,Clear,Dry,Daylight
2020-03-09T17:50:00.000,I 20,I 20 and Wesley Chapel Rd,,Rear End,2,Cloudy,Dry,Daylight
2020-03-31T17:52:00.000,I 20,I 20 and Wesley Chapel Rd,,Not a Collision with Motor Vehicle,1,Rain,Wet,Daylight
2020-11-06T18:30:00.000,I 20,I 20 and Wesley Chapel Rd,,Rear End,2,Clear,Dry,Dark-Lighted
2020-09-04T18:20:00.000,I 20,I 20 and Wesley Chapel Rd,,Rear End,2,Clear,Dry,Daylight
2020-07-10T08:04:00.000,I 20,I 20 and Wesley Chapel Rd,,Not a Collision with Motor Vehicle,2,Clear,Dry,Daylight
2020-03-05T06:35:00.000,I 20,I 20 and Wesley Chapel Rd,,Rear End,2,Rain,Wet,Dark-Lighted
2020-10-04T13:50:00.000,I 20,I 20 and Wesley Chapel Rd,,Rear End,2,Clear,Dry,Daylight
2020-10-06T15:30:00.000,I 20,I 20 and Wesley Chapel Rd,,Sideswipe-Same Direction,2,Clear,Dry,Daylight
2020-08-13T17:23:00.000,I 20,I 20 and Wesley Chapel Rd,,Rear End,2,Clear,Dry,Daylight
2020-05-21T18:30:00.000,I 20,I 20 and Wesley Chapel Rd,,Sideswipe-Same Direction,2,Clear,Dry,Daylight
2020-09-19T00:00:00.000,I 20,I 20 and Wesley Chapel Rd,,Angle Crash,2,Clear,Dry,Dark-Lighted
2020-10-17T20:20:00.000,I 20,I 20 and Wesley Chapel Rd,,Sideswipe-Opposite Direction,2,Clear,Dry,Dark-Lighted
2020-08-07T13:45:00.000,I 20,I 20 and Wesley Chapel Rd,,Angle Crash,2,Clear,Dry,Daylight
2020-07-06T20:48:00.000,I 20,I 20 and Wesley Chapel Rd,,Rear End,2,Rain,Wet,Dark-Not Lighted
2020-09-26T14:00:00.000,I 20,I 20 and Wesley Chapel Rd,,Rear End,2,Clear,Dry,Daylight
2020-11-27T08:30:00.000,I 20,I 20 and Wesley Chapel Rd,,Not a Collision with Motor Vehicle,1,Clear,Dry,Daylight
2020-11-18T22:40:00.000,I 20,I 20 and Wesley Chapel Rd,,Sideswipe-Same Direction,2,Clear,Dry,Dark-Not Lighted
2020-10-28T04:35:00.000,I 20,I 20 and Wesley Chapel Rd,,Rear End,2,Rain,Wet,Dark-Not Lighted
2020-12-05T15:00:00.000,I 20,I 20 and Wesley Chapel Rd,,Rear End,2,Clear,Dry,Daylight
2020-11-12T14:20:00.000,I 20,I 20 and Wesley Chapel Rd,,Rear End,2,Clear,Dry,Daylight
2020-06-17T15:00:00.000,I 20,I 20 and Wesley Chapel Rd,,Angle Crash,2,Clear,Dry,Daylight
2020-08-10T15:50:00.000,I 20,I 20 and Wesley Chapel Rd,,Rear End,2,Rain,Wet,Daylight
2020-10-20T16:10:00.000,I 20,I 20 and Wesley Chapel Rd,,Rear End,4,Clear,Dry,Daylight
2020-07-18T01:02:00.000,I 20,I 20 and Wesley Chapel Rd,,Rear End,2,Clear,Dry,Dark-Not Lighted
2020-01-14T07:15:00.000,I 20,I 20 and Wesley Chapel Rd,,Rear End,2,Fog,Wet,Dark-Not Lighted
2020-06-20T15:35:00.000,I 20,I 20 and Wesley Chapel Rd,,Rear End,2,Clear,Dry,Daylight
2020-06-29T17:00:00.000,I 20,I 20 and Wesley Chapel Rd,,Sideswipe-Same Direction,2,Clear,Dry,Daylight
2020-04-21T00:00:00.000,I 20,I 20 and Wesley Chapel Rd,,Sideswipe-Same Direction,2,Clear,Dry,Dark-Not Lighted
2020-09-05T16:15:00.000,I 20,I 20 and Wesley Chapel Rd,,Rear End,3,Clear,Dry,Dark-Lighted
2020-10-31T20:00:00.000,I 20,I 20 and Wesley Chapel Rd,,Rear End,2,Clear,Dry,Dark-Lighted
2020-03-04T19:20:00.000,I 20,I 20 and Wesley Chapel Rd,,Angle Crash,2,Rain,Wet,Dark-Not Lighted
2020-12-05T16:20:00.000,I 20,I 20 and Wesley Chapel Rd,,Rear End,2,Clear,Dry,Daylight
2020-02-20T17:01:00.000,I 20,I 20 and Wesley Chapel Rd,,Not a Collision with Motor Vehicle,1,Rain,Wet,Daylight
2020-03-13T05:25:00.000,I 20,I 20 and Wesley Chapel Rd,,Angle Crash,2,Cloudy,Dry,Daylight
2021-03-17T16:43:00.000,I 20,I 20 and Wesley Chapel Rd,,Rear End,3,Rain,Wet,Daylight
2021-01-03T14:32:00.000,I 20,I 20 and Wesley Chapel Rd,,Rear End,2,Clear,Dry,Daylight
2021-06-12T16:54:00.000,I 20,I 20 and Wesley Chapel Rd,,Rear End,2,Cloudy,Dry,Daylight
2021-01-29T07:30:00.000,I 20,I 20 and Wesley Chapel Rd,,Rear End,2,Clear,Dry,Daylight
2021-03-10T15:05:00.000,I 20,I 20 and Wesley Chapel Rd,,Rear End,2,Clear,Dry,Daylight
2021-04-28T10:10:00.000,I 20,I 20 and Wesley Chapel Rd,,Rear End,2,Clear,Dry,Daylight
2021-05-28T18:23:00.000,I 20,I 20 and Wesley Chapel Rd,,Sideswipe-Same Direction,2,Clear,Dry,Daylight
2021-01-18T12:00:00.000,I 20,I 20 and Wesley Chapel Rd,,Angle Crash,2,Clear,Dry,Daylight
2021-06-03T11:02:00.000,I 20,I 20 and Wesley Chapel Rd,,Rear End,2,Clear,Dry,Daylight
2021-06-02T17:00:00.000,I 20,I 20 and Wesley Chapel Rd,,Sideswipe-Same Direction,2,Clear,Dry,Daylight
2021-06-02T06:30:00.000,I 20,I 20 and Wesley Chapel Rd,,Rear End,2,Clear,Dry,Daylight
2021-04-22T15:46:00.000,I 20,I 20 and Wesley Chapel Rd,,Rear End,2,Clear,Dry,Daylight
2021-01-21T06:30:00.000,I 20,I 20 and Wesley Chapel Rd,,Rear End,2,Cloudy,Wet,Dark-Not Lighted
2021-04-05T10:07:00.000,I 20,I 20 and Wesley Chapel Rd,,Angle Crash,4,Clear,Dry,Daylight
2021-03-26T15:45:00.000,I 20,I 20 and Wesley Chapel Rd,,Sideswipe-Same Direction,2,Clear,Dry,Dawn
2021-06-30T16:00:00.000,I 20,I 20 and Wesley Chapel Rd,,Sideswipe-Same Direction,2,Clear,Dry,Daylight
2021-02-16T15:12:00.000,I 20,I 20 and Wesley Chapel Rd,,Sideswipe-Same Direction,2,Clear,Dry,Daylight
2021-04-25T18:44:00.000,I 20,I 20 and Wesley Chapel Rd,,Rear End,2,Clear,Dry,Daylight
2021-06-30T06:30:00.000,I 20,I 20 and Wesley Chapel Rd,,Sideswipe-Same Direction,2,Clear,Dry,Daylight
2021-06-10T17:10:00.000,I 20,I 20 and Wesley Chapel Rd,,Rear End,3,Clear,Dry,Daylight
2021-04-20T07:30:00.000,I 20,I 20 and Wesley Chapel Rd,,Sideswipe-Same Direction,2,Clear,Dry,Daylight
2021-06-11T17:18:00.000,I 20,I 20 and Wesley Chapel Rd,,Not a Collision with Motor Vehicle,1,Rain,Wet,Daylight
2021-03-16T08:41:00.000,I 20,I 20 and Wesley Chapel Rd,,Rear End,2,Rain,Wet,Daylight
2021-02-05T18:50:00.000,I 20,I 20 and Wesley Chapel Rd,,Rear End,2,Clear,Dry,Dark-Lighted
2021-04-05T13:06:00.000,I 20,I 20 and Wesley Chapel Rd,,Rear End,2,Clear,Dry,Daylight
2021-01-20T18:00:00.000,I 20,I 20 and Wesley Chapel Rd,,Rear End,2,Clear,Dry,Daylight
2021-01-15T07:27:00.000,I 20,I 20 and Wesley Chapel Rd,,Rear End,6,Cloudy,Dry,Dark-Not Lighted
2021-06-19T19:00:00.000,I 20,I 20 and Wesley Chapel Rd,,Angle Crash,2,Rain,Wet,Daylight
2021-06-21T20:00:00.000,I 20,I 20 and Wesley Chapel Rd,,Rear End,2,Clear,Dry,Daylight
2021-02-14T00:00:00.000,I 20,I 20 and Wesley Chapel Rd,,Sideswipe-Same Direction,2,Clear,Dry,Dark-Not Lighted
2021-02-17T08:44:00.000,I 20,I 20 and Wesley Chapel Rd,,Rear End,2,Clear,Dry,Daylight
2021-02-25T21:45:00.000,I 20,I 20 and Wesley Chapel Rd,,Rear End,2,Clear,Dry,Dark-Not Lighted
2021-02-27T00:00:00.000,I 20,I 20 and Wesley Chapel Rd,,Angle Crash,2,Clear,Dry,Daylight
2021-01-26T06:25:00.000,I 20,I 20 and Wesley Chapel Rd,,Rear End,2,Rain,Wet,Dark-Not Lighted
2021-06-26T13:49:00.000,I 20,I 20 and Wesley Chapel Rd,,Rear End,2,Clear,Dry,Daylight
2021-04-02T13:30:00.000,I 20,I 20 and Wesley Chapel Rd,,Rear End,3,Clear,Dry,Daylight
2021-04-15T07:30:00.000,I 20,I 20 and Wesley Chapel Rd,,Rear End,2,Clear,Dry,Daylight
2021-02-21T10:12:00.000,I 20,I 20 and Wesley Chapel Rd,,Sideswipe-Same Direction,2,Clear,Dry,Daylight
2021-06-15T14:20:00.000,I 20,I 20 and Wesley Chapel Rd,,Rear End,4,Clear,Dry,Daylight
2021-02-19T15:15:00.000,I 20,I 20 and Wesley Chapel Rd,,Rear End,2,Clear,Dry,Daylight
2021-04-25T14:59:00.000,I 20,I 20 and Wesley Chapel Rd,,Sideswipe-Same Direction,2,Clear,Dry,Daylight
2021-06-10T20:00:00.000,I 20,I 20 and Wesley Chapel Rd,,Rear End,3,Clear,Dry,Daylight
2021-06-14T21:35:00.000,I 20,I 20 and Wesley Chapel Rd,,Rear End,3,Clear,Dry,Dark-Not Lighted
2021-01-25T15:18:00.000,I 20,I 20 and Wesley Chapel Rd,,Rear End,2,Clear,Dry,Daylight
2021-02-22T04:45:00.000,I 20,I 20 and Wesley Chapel Rd,,Not a Collision with Motor Vehicle,1,Rain,Wet,Dark-Not Lighted
2021-03-18T00:00:00.000,I 20,I 20 and Wesley Chapel Rd,,Angle Crash,2,Rain,Wet,Dark-Lighted
2021-02-15T10:58:00.000,I 20,I 20 and Wesley Chapel Rd,,Sideswipe-Same Direction,2,Rain,Wet,Daylight
2021-01-05T11:10:00.000,I 20,I 20 and Wesley Chapel Rd,,Rear End,2,Clear,Dry,Daylight
2021-02-12T05:34:00.000,I 20,I 20 and Wesley Chapel Rd,,Rear End,2,Cloudy,Wet,Dark-Not Lighted
2021-04-23T15:30:00.000,I 20,I 20 and Wesley Chapel Rd,,Rear End,2,Clear,Dry,Daylight
2021-04-13T10:14:00.000,I 20,I 20 and Wesley Chapel Rd,,Rear End,2,Clear,Dry,Daylight
2021-06-24T13:40:00.000,I 20,I 20 and Wesley Chapel Rd,,Rear End,2,Clear,Dry,Daylight
2021-02-14T02:55:00.000,I 20,I 20 and Wesley Chapel Rd,,Sideswipe-Same Direction,2,Clear,Wet,Dark-Not Lighted
2021-03-18T17:00:00.000,I 20,I 20 and Wesley Chapel Rd,,Not a Collision with Motor Vehicle,2,Clear,Dry,Daylight
2021-04-18T14:30:00.000,I 20,I 20 and Wesley Chapel Rd,,Rear End,2,Clear,Dry,Daylight
2021-03-07T19:30:00.000,I 20,I 20 and Wesley Chapel Rd,,Rear End,2,Clear,Dry,Dark-Lighted
2021-03-19T06:40:00.000,I 20,I 20 and Wesley Chapel Rd,,Rear End,2,Clear,Dry,Daylight
2021-06-24T16:21:00.000,I 20,I 20 and Wesley Chapel Rd,,Sideswipe-Same Direction,2,Clear,Dry,Daylight
2021-06-23T09:35:00.000,I 20,I 20 and Wesley Chapel Rd,,Rear End,2,Clear,Dry,Daylight
2021-04-06T14:20:00.000,I 20,I 20 and Wesley Chapel Rd,,Rear End,2,Clear,Dry,Daylight
2021-05-27T09:00:00.000,I 20,I 20 and Wesley Chapel Rd,,Rear End,2,Clear,Dry,Daylight
2021-06-25T13:30:00.000,I 20,I 20 and Wesley Chapel Rd,,Angle Crash,4,Clear,Dry,Daylight
2021-06-23T13:00:00.000,I 20,I 20 and Wesley Chapel Rd,,Rear End,2,Clear,Dry,Daylight
2021-07-13T17:34:00.000,I 20,I 20 and Wesley Chapel Rd,,Rear End,2,Clear,Dry,Daylight
2021-12-09T19:40:00.000,I 20,I 20 and Wesley Chapel Rd,,Rear End,2,Clear,Dry,Dark-Not Lighted
2021-10-15T19:52:00.000,I 20,I 20 and Wesley Chapel Rd,,Sideswipe-Same Direction,2,Clear,Dry,Dark-Lighted
2021-07-13T17:15:00.000,I 20,I 20 and Wesley Chapel Rd,,Rear End,3,Clear,Dry,Daylight