Date and Time,Roadway (From Crash Report),Intersection Name (from Crash Report),KABCO Severity,Manner of Collision (Crash Level) ,# of Vehicles per crash ,Weather Conditions (Crash Level),Surface Condition (Crash Level) ,Light Conditions (Crash Level)
2021-07-27T18:30:00.000,I 20,I 20 and Wesley Chapel Rd,,Rear End,2,Rain,Wet,Dark-Lighted
2021-09-10T18:30:00.000,I 20,I 20 and Wesley Chapel Rd,,Rear End,2,Clear,Dry,Daylight
2021-12-06T11:55:00.000,I 20,I 20 and Wesley Chapel Rd,,Angle Crash,2,Cloudy,Dry,Daylight
2021-11-17T08:32:00.000,I 20,I 20 and Wesley Chapel Rd,,Rear End,2,Clear,Dry,Daylight
2021-11-29T07:00:00.000,I 20,I 20 and Wesley Chapel Rd,,Rear End,2,Clear,Dry,Daylight
2021-08-17T14:46:00.000,I 20,I 20 and Wesley Chapel Rd,,Rear End,2,Rain,Wet,Daylight
2021-07-23T11:00:00.000,I 20,I 20 and Wesley Chapel Rd,,Not a Collision with Motor Vehicle,2,Clear,Dry,Daylight
2021-10-31T02:00:00.000,I 20,I 20 and Wesley Chapel Rd,,Rear End,2,Clear,Dry,Dark-Not Lighted
2021-07-09T13:10:00.000,I 20,I 20 and Wesley Chapel Rd,,Angle Crash,2,Clear,Dry,Daylight
2021-08-25T17:55:00.000,I 20,I 20 and Wesley Chapel Rd,,Rear End,3,Clear,Dry,Daylight
2021-12-21T18:42:00.000,I 20,I 20 and Wesley Chapel Rd,,Rear End,2,Rain,Wet,Dark-Not Lighted
2021-10-30T03:28:00.000,I 20,I 20 and Wesley Chapel Rd,,Not a Collision with Motor Vehicle,1,Clear,Dry,Dark-Lighted
2021-08-06T17:00:00.000,I 20,I 20 and Wesley Chapel Rd,,Rear End,2,Clear,Dry,Daylight
2021-07-10T13:50:00.000,I 20,I 20 and Wesley Chapel Rd,,Not a Collision with Motor Vehicle,1,Rain,Wet,Daylight
2021-09-16T17:00:00.000,I 20,I 20 and Wesley Chapel Rd,,Rear End,2,Cloudy,Wet,Daylight
2021-07-18T12:20:00.000,I 20,I 20 and Wesley Chapel Rd,,Rear End,2,Clear,Dry,Daylight
2021-10-20T18:35:00.000,I 20,I 20 and Wesley Chapel Rd,,Rear End,2,Clear,Dry,Daylight
2021-09-26T16:50:00.000,I 20,I 20 and Wesley Chapel Rd,,Rear End,2,Clear,Dry,Daylight
2021-12-22T18:00:00.000,I 20,I 20 and Wesley Chapel Rd,,Angle Crash,3,Clear,Dry,Dark-Not Lighted
2021-12-06T16:23:00.000,I 20,I 20 and Wesley Chapel Rd,,Rear End,2,Clear,Wet,Daylight
2021-07-28T18:40:00.000,I 20,I 20 and Wesley Chapel Rd,,Rear End,2,Clear,Dry,Daylight
2021-07-24T17:50:00.000,I 20,I 20 and Wesley Chapel Rd,,Rear End,3,Clear,Dry,Daylight
2021-11-12T13:50:00.000,I 20,I 20 and Wesley Chapel Rd,,Rear End,3,Clear,Dry,Daylight
2021-09-12T19:23:00.000,I 20,I 20 and Wesley Chapel Rd,,Rear End,2,Clear,Dry,Daylight
2021-11-12T11:00:00.000,I 20,I 20 and Wesley Chapel Rd,,Rear End,2,Clear,Dry,Daylight
2021-07-13T21:49:00.000,I 20,I 20 and Wesley Chapel Rd,,Not a Collision with Motor Vehicle,1,Clear,Dry,Dark-Lighted
2021-08-12T14:46:00.000,I 20,I 20 and Wesley Chapel Rd,,Rear End,2,Clear,Dry,Daylight
2021-07-15T01:34:00.000,I 20,I 20 and Wesley Chapel Rd,,Angle Crash,2,Clear,Dry,Dark-Lighted
2021-12-07T17:45:00.000,I 20,I 20 and Wesley Chapel Rd,,Rear End,4,Clear,Dry,Dark-Lighted
2021-07-15T10:40:00.000,I 20,I 20 and Wesley Chapel Rd,,Rear End,2,Clear,Dry,Daylight
2021-10-23T01:00:00.000,I 20,I 20 and Wesley Chapel Rd,,Angle Crash,2,Clear,Dry,Daylight
2021-11-24T19:05:00.000,I 20,I 20 and Wesley Chapel Rd,,Rear End,2,Clear,Dry,Dark-Lighted
2021-10-01T17:51:00.000,I 20,I 20 and Wesley Chapel Rd,,Sideswipe-Same Direction,2,Clear,Dry,Daylight
2021-10-04T10:30:00.000,I 20,I 20 and Wesley Chapel Rd,,Rear End,2,Rain,Wet,Daylight
2021-07-08T14:49:00.000,I 20,I 20 and Wesley Chapel Rd,,Rear End,3,Cloudy,Wet,Daylight
2021-07-12T14:59:00.000,I 20,I 20 and Wesley Chapel Rd,,Rear End,2,Rain,Wet,Daylight
2021-10-06T03:14:00.000,I 20,I 20 and Wesley Chapel Rd,,Not a Collision with Motor Vehicle,1,Rain,Wet,Dark-Not Lighted
2021-08-26T16:45:00.000,I 20,I 20 and Wesley Chapel Rd,,Sideswipe-Same Direction,2,Clear,Dry,Daylight
2021-12-22T15:31:00.000,I 20,I 20 and Wesley Chapel Rd,,Rear End,2,Clear,Dry,Daylight
2021-12-08T17:00:00.000,I 20,I 20 and Wesley Chapel Rd,,Rear End,2,Clear,Dry,Daylight
2021-11-24T18:15:00.000,I 20,I 20 and Wesley Chapel Rd,,Sideswipe-Same Direction,2,Clear,Dry,Dark-Lighted
2021-10-22T14:14:00.000,I 20,I 20 and Wesley Chapel Rd,,Rear End,2,Clear,Dry,Daylight
2021-10-22T18:10:00.000,I 20,I 20 and Wesley Chapel Rd,,Rear End,2,Clear,Dry,Daylight
2021-12-22T18:30:00.000,I 20,I 20 and Wesley Chapel Rd,,Rear End,3,Clear,Dry,Dark-Lighted
2021-10-14T17:00:00.000,I 20,I 20 and Wesley Chapel Rd,,Angle Crash,2,Clear,Dry,Daylight
2021-09-09T18:30:00.000,I 20,I 20 and Wesley Chapel Rd,,Sideswipe-Same Direction,2,Clear,Dry,Daylight
2021-11-24T13:00:00.000,I 20,I 20 and Wesley Chapel Rd,,Rear End,2,Clear,Dry,Daylight
2021-12-01T18:50:00.000,I 20,I 20 and Wesley Chapel Rd,,Rear End,2,Clear,Dry,Dark-Not Lighted
2021-08-30T18:55:00.000,I 20,I 20 and Wesley Chapel Rd,,Rear End,2,Rain,Wet,Daylight
2021-11-15T17:58:00.000,I 20,I 20 and Wesley Chapel Rd,,Rear End,2,Clear,Dry,Daylight
2021-11-22T16:50:00.000,I 20,I 20 and Wesley Chapel Rd,,Sideswipe-Same Direction,2,Clear,Dry,Daylight
2021-12-15T11:50:00.000,I 20,I 20 and Wesley Chapel Rd,,Rear End,2,Clear,Dry,Daylight
2021-07-28T00:39:00.000,I 20,I 20 and Wesley Chapel Rd,,Not a Collision with Motor Vehicle,1,Cloudy,Dry,Dark-Not Lighted
2021-10-13T09:25:00.000,I 20,I 20 and Wesley Chapel Rd,,Rear End,2,Clear,Dry,Daylight
2021-09-22T13:10:00.000,I 20,I 20 and Wesley Chapel Rd,,Rear End,3,Rain,Wet,Daylight
2021-10-06T09:00:00.000,I 20,I 20 and Wesley Chapel Rd,,Rear End,2,Rain,Wet,Daylight
2021-11-04T15:10:00.000,I 20,I 20 and Wesley Chapel Rd,,Angle Crash,2,Clear,Dry,Daylight
2021-11-10T16:24:00.000,I 20,I 20 and Wesley Chapel Rd,,Rear End,2,Clear,Dry,Daylight
2021-08-09T09:30:00.000,I 20,I 20 and Wesley Chapel Rd,,Rear End,2,Clear,Dry,Daylight
2021-11-04T07:11:00.000,I 20,I 20 and Wesley Chapel Rd,,Rear End,2,Rain,Wet,Dark-Not Lighted
2021-09-20T05:56:00.000,I 20,I 20 and Wesley Chapel Rd,,Angle Crash,2,Rain,Wet,Dark-Lighted
2021-10-04T09:00:00.000,I 20,I 20 and Wesley Chapel Rd,,Rear End,2,Rain,Wet,Daylight
2021-11-01T17:42:00.000,I 20,I 20 and Wesley Chapel Rd,,Rear End,3,Clear,Dry,Daylight
2021-10-27T09:45:00.000,I 20,I 20 and Wesley Chapel Rd,,Rear End,2,Clear,Dry,Daylight
2021-10-07T23:54:00.000,I 20,I 20 and Wesley Chapel Rd,,Sideswipe-Same Direction,2,Cloudy,Wet,Dark-Not Lighted
2021-10-03T18:16:00.000,I 20,I 20 and Wesley Chapel Rd,,Rear End,2,Rain,Wet,Dark-Not Lighted
2021-11-13T17:20:00.000,I 20,I 20 and Wesley Chapel Rd,,Rear End,2,Clear,Dry,Daylight
2021-07-12T13:43:00.000,I 20,I 20 and Wesley Chapel Rd,,Rear End,3,Cloudy,Dry,Daylight
2021-07-18T21:21:00.000,I 20,I 20 and Wesley Chapel Rd,,Sideswipe-Same Direction,2,Rain,Wet,Dark-Not Lighted
2021-09-29T08:50:00.000,I 20,I 20 and Wesley Chapel Rd,,Sideswipe-Same Direction,2,Clear,Dry,Daylight
2021-10-04T07:35:00.000,I 20,I 20 and Wesley Chapel Rd,,Rear End,2,Rain,Dry,Daylight
2021-11-23T23:50:00.000,I 20,I 20 and Wesley Chapel Rd,,Not a Collision with Motor Vehicle,1,Clear,Dry,Dark-Not Lighted
2021-11-07T13:00:00.000,I 20,I 20 and Wesley Chapel Rd,,Rear End,2,Clear,Dry,Daylight
2021-12-21T18:00:00.000,I 20,I 20 and Wesley Chapel Rd,,Rear End,2,Rain,Wet,Dark-Not Lighted
2021-11-02T08:50:00.000,I 20,I 20 and Wesley Chapel Rd,,Rear End,2,Clear,Dry,Daylight
2021-10-10T18:30:00.000,I 20,I 20 and Wesley Chapel Rd,,Rear End,2,Clear,Dry,Daylight
2021-08-16T14:35:00.000,I 20,I 20 and Wesley Chapel Rd,,Rear End,2,Rain,Wet,Daylight
2021-08-25T14:55:00.000,I 20,I 20 and Wesley Chapel Rd,,Rear End,2,Clear,Dry,Daylight
2021-11-29T11:38:00.000,I 20,I 20 and Wesley Chapel Rd,,Rear End,2,Clear,Dry,Daylight
2021-10-04T08:40:00.000,I 20,I 20 and Wesley Chapel Rd,,Rear End,2,Rain,Wet,Daylight
2021-07-18T16:00:00.000,I 20,I 20 and Wesley Chapel Rd,,Rear End,2,Clear,Dry,Daylight
2021-09-17T14:00:00.000,I 20,I 20 and Wesley Chapel Rd,,Rear End,2,Cloudy,Dry,Daylight
2021-11-27T00:26:00.000,I 20,I 20 and Wesley Chapel Rd,,Rear End,2,Clear,Dry,Dark-Lighted
2021-08-30T22:30:00.000,I 20,I 20 and Wesley Chapel Rd,,Not a Collision with Motor Vehicle,2,Clear,Dry,Dark-Lighted
2021-12-25T03:20:00.000,I 20,I 20 and Wesley Chapel Rd,,Not a Collision with Motor Vehicle,1,Clear,Dry,Dark-Lighted
2021-12-26T12:29:00.000,I 20,I 20 and Wesley Chapel Rd,,Rear End,2,Clear,Dry,Daylight
2021-11-15T16:20:00.000,I 20,I 20 and Wesley Chapel Rd,,Angle Crash,2,Clear,Dry,Daylight
2021-12-21T13:27:00.000,I 20,I 20 and Wesley Chapel Rd,,Rear End,3,Rain,Wet,Daylight
2021-09-24T17:16:00.000,I 20,I 20 and Wesley Chapel Rd,,Rear End,2,Clear,Dry,Daylight
2021-08-04T11:00:00.000,I 20,I 20 and Wesley Chapel Rd,,Rear End,2,Clear,Dry,Daylight
2021-12-29T13:44:00.000,I 20,I 20 and Wesley Chapel Rd,,Rear End,2,Cloudy,Wet,Daylight
2022-08-08T10:39:00.000,I 20,I 20 and Wesley Chapel Rd,,Rear End,2,Clear,Dry,Daylight
2022-10-21T09:13:00.000,I 20,I 20 and Wesley Chapel Rd,,Rear End,2,Clear,Dry,Daylight
2022-11-18T15:00:00.000,I 20,I 20 and Wesley Chapel Rd,,Rear End,2,Clear,Dry,Daylight
2022-11-09T08:57:00.000,I 20,I 20 and Wesley Chapel Rd,,Sideswipe-Same Direction,2,Clear,Dry,Daylight
2022-12-27T17:30:00.000,I 20,I 20 and Wesley Chapel Rd,,Sideswipe-Same Direction,2,Clear,Dry,Daylight
2022-02-10T12:33:00.000,I 20,I 20 and Wesley Chapel Rd,,Rear End,2,Clear,Dry,Daylight
2022-04-17T03:45:00.000,I 20,I 20 and Wesley Chapel Rd,,Rear End,2,Fog,Wet,Dark-Lighted
2022-06-06T09:00:00.000,I 20,I 20 and Wesley Chapel Rd,,Rear End,2,Clear,Dry,Daylight
2022-02-12T02:50:00.000,I 20,I 20 and Wesley Chapel Rd,,Rear End,5,Clear,Dry,Dark-Not Lighted
2022-12-23T14:00:00.000,I 20,I 20 and Wesley Chapel Rd,,Sideswipe-Same Direction,2,Clear,Dry,Daylight
2022-02-26T23:18:00.000,I 20,I 20 and Wesley Chapel Rd,,Rear End,2,Clear,Dry,Dark-Lighted
2022-07-22T09:35:00.000,I 20,I 20 and Wesley Chapel Rd,,Rear End,2,Clear,Dry,Daylight
2022-05-21T00:21:00.000,I 20,I 20 and Wesley Chapel Rd,,Rear End,3,Clear,Dry,Dark-Not Lighted
2022-08-06T15:40:00.000,I 20,I 20 and Wesley Chapel Rd,,Sideswipe-Same Direction,2,Clear,Dry,Daylight
2022-07-17T13:45:00.000,I 20,I 20 and Wesley Chapel Rd,,Rear End,4,Clear,Dry,Daylight
2022-03-14T19:25:00.000,I 20,I 20 and Wesley Chapel Rd,,Sideswipe-Same Direction,2,Clear,Dry,Daylight
2022-10-28T17:00:00.000,I 20,I 20 and Wesley Chapel Rd,,Rear End,2,Clear,Dry,Daylight
2022-02-22T16:40:00.000,I 20,I 20 and Wesley Chapel Rd,,Rear End,2,Clear,Dry,Daylight
2022-02-11T15:32:00.000,I 20,I 20 and Wesley Chapel Rd,,Rear End,2,Clear,Dry,Daylight
2022-11-18T23:30:00.000,I 20,I 20 and Wesley Chapel Rd,,Rear End,2,Clear,Dry,Dark-Lighted
2022-02-25T18:44:00.000,I 20,I 20 and Wesley Chapel Rd,,Rear End,2,Clear,Dry,Dark-Lighted
2021-09-01T14:37:00.000,I 20,I 20 and Wesley Chapel Rd,,Rear End,3,Clear,Dry,Daylight
2021-07-15T01:34:00.000,I 20,I 20 and Wesley Chapel Rd,,Not a Collision with Motor Vehicle,1,Clear,Dry,Dark-Not Lighted
2021-11-13T17:54:00.000,I 20,I 20 and Wesley Chapel Rd,,Sideswipe-Same Direction,2,Clear,Dry,Daylight
2021-12-14T08:44:00.000,I 20,I 20 and Wesley Chapel Rd,,Rear End,2,Clear,Dry,Daylight
2021-09-27T16:00:00.000,I 20,I 20 and Wesley Chapel Rd,,Rear End,3,Clear,Dry,Daylight
2021-10-16T19:40:00.000,I 20,I 20 and Wesley Chapel Rd,,Sideswipe-Same Direction,2,Clear,Dry,Dark-Lighted
2021-11-28T03:28:00.000,I 20,I 20 and Wesley Chapel Rd,,Rear End,2,Clear,Dry,Dark-Not Lighted
2021-08-20T18:08:00.000,I 20,I 20 and Wesley Chapel Rd,,Rear End,2,Clear,Dry,Dark-Lighted
2021-12-20T13:35:00.000,I 20,I 20 and Wesley Chapel Rd,,Rear End,2,Clear,Dry,Daylight
2021-11-12T08:40:00.000,I 20,I 20 and Wesley Chapel Rd,,Angle Crash,3,Clear,Dry,Daylight
2021-07-20T16:10:00.000,I 20,I 20 and Wesley Chapel Rd,,Rear End,2,Rain,Wet,Daylight
2021-11-11T16:00:00.000,I 20,I 20 and Wesley Chapel Rd,,Sideswipe-Same Direction,2,Clear,Dry,Daylight
2021-07-25T18:25:00.000,I 20,I 20 and Wesley Chapel Rd,,Rear End,2,Clear,Dry,Daylight
2021-11-30T13:31:00.000,I 20,I 20 and Wesley Chapel Rd,,Sideswipe-Same Direction,2,Clear,Dry,Daylight
2021-09-18T16:00:00.000,I 20,I 20 and Wesley Chapel Rd,,Head On,2,Clear,Dry,Daylight
2021-11-22T14:00:00.000,I 20,I 20 and Wesley Chapel Rd,,Rear End,2,Clear,Dry,Daylight
2021-09-26T17:30:00.000,I 20,I 20 and Wesley Chapel Rd,,Sideswipe-Same Direction,2,Clear,Dry,Daylight
2021-09-28T17:33:00.000,I 20,I 20 and Wesley Chapel Rd,,Rear End,2,Clear,Dry,Daylight
2021-11-16T16:40:00.000,I 20,I 20 and Wesley Chapel Rd,,Angle Crash,2,Clear,Dry,Daylight
2021-07-14T16:00:00.000,I 20,I 20 and Wesley Chapel Rd,,Rear End,2,Cloudy,Wet,Daylight
2021-12-18T18:09:00.000,I 20,I 20 and Wesley Chapel Rd,,Rear End,2,Rain,Wet,Dark-Lighted
2021-07-14T12:00:00.000,I 20,I 20 and Wesley Chapel Rd,,Not a Collision with Motor Vehicle,2,Clear,Dry,Daylight
2021-12-11T00:38:00.000,I 20,I 20 and Wesley Chapel Rd,,Rear End,2,Fog,Wet,Dark-Lighted
2021-10-03T21:05:00.000,I 20,I 20 and Wesley Chapel Rd,,Angle Crash,2,Rain,Wet,Dark-Not Lighted
2021-10-23T23:15:00.000,I 20,I 20 and Wesley Chapel Rd,,Not a Collision with Motor Vehicle,1,Clear,Dry,Dark-Not Lighted
2022-05-17T13:45:00.000,I 20,I 20 and Wesley Chapel Rd,,Rear End,2,Clear,Dry,Daylight
2022-01-14T18:05:00.000,I 20,I 20 and Wesley Chapel Rd,,Rear End,2,Clear,Dry,Dark-Lighted
2022-10-07T16:30:00.000,I 20,I 20 and Wesley Chapel Rd,,Sideswipe-Same Direction,2,Clear,Dry,Daylight
2022-10-08T21:40:00.000,I 20,I 20 and Wesley Chapel Rd,,Rear End,2,Clear,Dry,Dark-Lighted
2022-10-18T18:20:00.000,I 20,I 20 and Wesley Chapel Rd,,Rear End,2,Clear,Dry,Daylight
2022-05-29T00:15:00.000,I 20,I 20 and Wesley Chapel Rd,,Sideswipe-Same Direction,2,Clear,Dry,Dark-Lighted
2022-10-23T21:20:00.000,I 20,I 20 and Wesley Chapel Rd,,Not a Collision with Motor Vehicle,1,Clear,Dry,Dark-Not Lighted
2022-12-08T18:10:00.000,I 20,I 20 and Wesley Chapel Rd,,Rear End,2,Clear,Dry,Dark-Lighted
2022-03-05T18:45:00.000,I 20,I 20 and Wesley Chapel Rd,,Rear End,2,Clear,Dry,Daylight
2022-10-26T07:08:00.000,I 20,I 20 and Wesley Chapel Rd,,Rear End,2,Clear,Dry,Daylight
2022-01-20T07:00:00.000,I 20,I 20 and Wesley Chapel Rd,,Rear End,2,Rain,Wet,Dark-Lighted
2022-09-22T17:00:00.000,I 20,I 20 and Wesley Chapel Rd,,Rear End,2,Clear,Dry,Daylight
2022-10-27T18:00:00.000,I 20,I 20 and Wesley Chapel Rd,,Rear End,2,Clear,Dry,Daylight
2022-11-10T19:02:00.000,I 20,I 20 and Wesley Chapel Rd,,Sideswipe-Same Direction,2,Rain,Wet,Dark-Lighted
2022-06-17T19:50:00.000,I 20,I 20 and Wesley Chapel Rd,,Rear End,2,Clear,Dry,Daylight
2022-02-17T12:10:00.000,I 20,I 20 and Wesley Chapel Rd,,Rear End,2,Clear,Dry,Daylight
2022-01-31T10:50:00.000,I 20,I 20 and Wesley Chapel Rd,,Rear End,2,Clear,Dry,Daylight
2022-12-15T18:14:00.000,I 20,I 20 and Wesley Chapel Rd,,Rear End,2,Clear,Dry,Dark-Lighted
2022-12-07T18:03:00.000,I 20,I 20 and Wesley Chapel Rd,,Rear End,2,Cloudy,Wet,Dawn
2022-01-24T08:07:00.000,I 20,I 20 and Wesley Chapel Rd,,Rear End,2,Clear,Dry,Daylight
2022-01-04T17:30:00.000,I 20,I 20 and Wesley Chapel Rd,,Sideswipe-Same Direction,2,Clear,Dry,Dawn
2022-12-12T07:03:00.000,I 20,I 20 and Wesley Chapel Rd,,Rear End,2,Cloudy,Wet,Daylight
2022-05-31T06:24:00.000,I 20,I 20 and Wesley Chapel Rd,,Rear End,2,Clear,Dry,Daylight
2022-08-12T19:07:00.000,I 20,I 20 and Wesley Chapel Rd,,Angle Crash,2,Clear,Dry,Dawn
2022-04-13T07:40:00.000,I 20,I 20 and Wesley Chapel Rd,,Sideswipe-Same Direction,2,Clear,Dry,Daylight
2022-08-28T12:10:00.000,I 20,I 20 and Wesley Chapel Rd,,Rear End,2,Clear,Dry,Daylight
2022-07-08T18:56:00.000,I 20,I 20 and Wesley Chapel Rd,,Sideswipe-Same Direction,2,Clear,Dry,Daylight
2022-01-06T16:11:00.000,I 20,I 20 and Wesley Chapel Rd,,Sideswipe-Opposite Direction,2,Rain,Wet,Daylight
2022-01-27T11:00:00.000,I 20,I 20 and Wesley Chapel Rd,,Sideswipe-Same Direction,2,Clear,Dry,Daylight
2022-05-12T00:00:00.000,I 20,I 20 and Wesley Chapel Rd,,Rear End,2,Clear,Dry,Daylight
2022-11-28T20:45:00.000,I 20,I 20 and Wesley Chapel Rd,,Sideswipe-Same Direction,2,Clear,Dry,Daylight
2022-05-06T02:12:00.000,I 20,I 20 and Wesley Chapel Rd,,Not a Collision with Motor Vehicle,1,Cloudy,Dry,Dark-Not Lighted
2022-11-21T11:25:00.000,I 20,I 20 and Wesley Chapel Rd,,Not a Collision with Motor Vehicle,1,Clear,Dry,Daylight
2022-03-01T18:45:00.000,I 20,I 20 and Wesley Chapel Rd,,Rear End,3,Clear,Dry,Dark-Not Lighted
2022-04-29T18:45:00.000,I 20,I 20 and Wesley Chapel Rd,,Angle Crash,3,Clear,Dry,Daylight
2022-10-29T02:26:00.000,I 20,I 20 and Wesley Chapel Rd,,Angle Crash,2,Clear,Dry,Dark-Lighted
2022-08-22T08:00:00.000,I 20,I 20 and Wesley Chapel Rd,,Rear End,3,Cloudy,Dry,Daylight
2022-03-25T16:51:00.000,I 20,I 20 and Wesley Chapel Rd,,Rear End,2,Clear,Dry,Daylight
2022-07-29T11:24:00.000,I 20,I 20 and Wesley Chapel Rd,,Rear End,3,Clear,Dry,Daylight
2022-09-06T18:50:00.000,I 20,I 20 and Wesley Chapel Rd,,Angle Crash,3,Clear,Dry,Dusk
2022-02-14T00:00:00.000,I 20,I 20 and Wesley Chapel Rd,,Sideswipe-Same Direction,2,Clear,Dry,Dark-Not Lighted
2022-10-14T21:15:00.000,I 20,I 20 and Wesley Chapel Rd,,Rear End,2,Clear,Dry,Dark-Lighted
2022-03-22T10:40:00.000,I 20,I 20 and Wesley Chapel Rd,,Rear End,4,Clear,Dry,Daylight
2022-12-20T06:59:00.000,I 20,I 20 and Wesley Chapel Rd,,Rear End,3,Cloudy,Dry,Daylight
2022-06-06T01:00:00.000,I 20,I 20 and Wesley Chapel Rd,,Angle Crash,2,Clear,Dry,Dark-Lighted
2022-07-21T10:53:00.000,I 20,I 20 and Wesley Chapel Rd,,Angle Crash,2,Rain,Wet,Daylight
2022-11-26T13:40:00.000,I 20,I 20 and Wesley Chapel Rd,,Rear End,2,Clear,Dry,Daylight
2022-09-28T20:20:00.000,I 20,I 20 and Wesley Chapel Rd,,Sideswipe-Same Direction,2,Clear,Dry,Daylight
2022-10-07T08:51:00.000,I 20,I 20 and Wesley Chapel Rd,,Rear End,2,Clear,Dry,Daylight
2022-11-15T17:25:00.000,I 20,I 20 and Wesley Chapel Rd,,Rear End,2,Cloudy,Wet,Dark-Lighted
2022-08-25T01:20:00.000,I 20,I 20 and Wesley Chapel Rd,,Sideswipe-Same Direction,2,Clear,Dry,Dark-Not Lighted
2022-11-30T18:50:00.000,I 20,I 20 and Wesley Chapel Rd,,Rear End,3,Clear,Dry,Dark-Not Lighted
2022-11-03T16:25:00.000,I 20,I 20 and Wesley Chapel Rd,,Rear End,2,Clear,Dry,Daylight
2022-10-05T12:02:00.000,I 20,I 20 and Wesley Chapel Rd,,Rear End,2,Clear,Dry,Daylight
2022-11-08T09:37:00.000,I 20,I 20 and Wesley Chapel Rd,,Angle Crash,2,Clear,Dry,Daylight
2022-11-04T14:45:00.000,I 20,I 20 and Wesley Chapel Rd,,Rear End,2,Clear,Dry,Daylight
2022-10-19T08:45:00.000,I 20,I 20 and Wesley Chapel Rd,,Not a Collision with Motor Vehicle,2,Clear,Dry,Daylight
2022-12-12T10:07:00.000,I 20,I 20 and Wesley Chapel Rd,,Rear End,3,Cloudy,Dry,Daylight
2022-04-28T20:00:00.000,I 20,I 20 and Wesley Chapel Rd,,Not a Collision with Motor Vehicle,1,Clear,Dry,Dark-Lighted
2022-05-07T22:33:00.000,I 20,I 20 and Wesley Chapel Rd,,Rear End,2,Clear,Dry,Dark-Lighted
2022-02-23T16:50:00.000,I 20,I 20 and Wesley Chapel Rd,,Rear End,2,Clear,Dry,Daylight
2022-02-17T23:34:00.000,I 20,I 20 and Wesley Chapel Rd,,Rear End,2,Rain,Wet,Dark-Not Lighted
2022-03-30T06:20:00.000,I 20,I 20 and Wesley Chapel Rd,,Rear End,3,Clear,Dry,Daylight
2022-07-31T13:05:00.000,I 20,I 20 and Wesley Chapel Rd,,Rear End,2,Clear,Dry,Daylight
2022-02-03T07:19:00.000,I 20,I 20 and Wesley Chapel Rd,,Rear End,3,Rain,Wet,Daylight
2022-09-10T18:05:00.000,I 20,I 20 and Wesley Chapel Rd,,Rear End,2,Rain,Wet,Daylight
2022-03-03T06:58:00.000,I 20,I 20 and Wesley Chapel Rd,,Rear End,2,Clear,Dry,Daylight
2022-11-10T18:00:00.000,I 20,I 20 and Wesley Chapel Rd,,Angle Crash,2,Rain,Wet,Dark-Not Lighted
2022-01-26T06:30:00.000,I 20,I 20 and Wesley Chapel Rd,,Rear End,2,Clear,Dry,Daylight
2022-06-03T18:00:00.000,I 20,I 20 and Wesley Chapel Rd,,Sideswipe-Same Direction,2,Clear,Dry,Daylight
2022-03-06T19:25:00.000,I 20,I 20 and Wesley Chapel Rd,,Sideswipe-Same Direction,2,Clear,Dry,Dark-Lighted
2022-01-06T17:37:00.000,I 20,I 20 and Wesley Chapel Rd,,Rear End,2,Rain,Wet,Dark-Not Lighted
2022-06-03T15:35:00.000,I 20,I 20 and Wesley Chapel Rd,,Not a Collision with Motor Vehicle,2,Clear,Dry,Daylight
2022-10-05T08:00:00.000,I 20,I 20 and Wesley Chapel Rd,,Rear End,2,Clear,Dry,Dark-Lighted
2022-06-17T02:13:00.000,I 20,I 20 and Wesley Chapel Rd,,Rear End,2,Clear,Dry,Dark-Not Lighted
2022-10-08T00:00:00.000,I 20,I 20 and Wesley Chapel Rd,,Rear End,2,Clear,Dry,Dark-Not Lighted
2022-11-15T14:43:00.000,I 20,I 20 and Wesley Chapel Rd,,Rear End,2,Rain,Wet,Daylight
2022-03-31T21:30:00.000,I 20,I 20 and Wesley Chapel Rd,,Angle Crash,2,Clear,Dry,Dark-Lighted
2022-04-07T13:45:00.000,I 20,I 20 and Wesley Chapel Rd,,Rear End,2,Clear,Dry,Daylight
2022-01-23T03:10:00.000,I 20,I 20 and Wesley Chapel Rd,,Rear End,2,Clear,Dry,Dark-Not Lighted
2022-06-16T10:35:00.000,I 20,I 20 and Wesley Chapel Rd,,Rear End,2,Clear,Dry,Daylight
2022-04-13T12:40:00.000,I 20,I 20 and Wesley Chapel Rd,,Not a Collision with Motor Vehicle,2,Clear,Dry,Daylight
2022-10-05T07:20:00.000,I 20,I 20 and Wesley Chapel Rd,,Angle Crash,3,Clear,Dry,Daylight
2022-05-02T16:35:00.000,I 20,I 20 and Wesley Chapel Rd,,Rear End,2,Clear,Dry,Daylight
2022-12-04T05:29:00.000,I 20,I 20 and Wesley Chapel Rd,,Rear End,2,Cloudy,Dry,Dark-Not Lighted
2022-04-26T10:59:00.000,I 20,I 20 and Wesley Chapel Rd,,Rear End,2,Cloudy,Dry,Daylight
2022-10-11T21:22:00.000,I 20,I 20 and Wesley Chapel Rd,,Rear End,3,Clear,Dry,Dark-Not Lighted
2022-10-13T16:35:00.000,I 20,I 20 and Wesley Chapel Rd,,Sideswipe-Same Direction,2,Clear,Dry,Daylight
2022-01-14T13:55:00.000,I 20,I 20 and Wesley Chapel Rd,,Rear End,2,Clear,Dry,Daylight
2022-03-11T17:29:00.000,I 20,I 20 and Wesley Chapel Rd,,Rear End,2,Cloudy,Wet,Daylight
2022-12-25T02:35:00.000,I 20,I 20 and Wesley Chapel Rd,,Not a Collision with Motor Vehicle,1,Clear,Dry,Dark-Not Lighted
2022-05-27T18:45:00.000,I 20,I 20 and Wesley Chapel Rd,,Sideswipe-Same Direction,2,Clear,Dry,Daylight
2022-05-05T22:15:00.000,I 20,I 20 and Wesley Chapel Rd,,Rear End,3,Clear,Dry,Dark-Lighted
2022-09-27T16:39:00.000,I 20,I 20 and Wesley Chapel Rd,,Rear End,2,Clear,Dry,Daylight
2022-07-10T14:10:00.000,I 20,I 20 and Wesley Chapel Rd,,Rear End,3,Clear,Dry,Daylight