Date and Time,Roadway (From Crash Report),Intersection Name (from Crash Report),KABCO Severity,Manner of Collision (Crash Level) ,# of Vehicles per crash ,Weather Conditions (Crash Level),Surface Condition (Crash Level) ,Light Conditions (Crash Level)
2022-06-28T14:15:00.000,I 20,I 20 and Wesley Chapel Rd,,Not a Collision with Motor Vehicle,1,Clear,Dry,Daylight
2022-04-11T16:30:00.000,I 20,I 20 and Wesley Chapel Rd,,Rear End,2,Clear,Dry,Dawn
2022-05-06T16:01:00.000,I 20,I 20 and Wesley Chapel Rd,,Rear End,2,Clear,Dry,Daylight
2022-06-09T07:30:00.000,I 20,I 20 and Wesley Chapel Rd,,Sideswipe-Same Direction,2,Clear,Dry,Daylight
2022-05-31T16:35:00.000,I 20,I 20 and Wesley Chapel Rd,,Rear End,2,Clear,Dry,Daylight
2022-09-22T23:00:00.000,I 20,I 20 and Wesley Chapel Rd,,Sideswipe-Same Direction,2,Clear,Dry,Dark-Lighted
2022-09-26T08:08:00.000,I 20,I 20 and Wesley Chapel Rd,,Rear End,2,Clear,Dry,Daylight
2022-07-12T23:15:00.000,I 20,I 20 and Wesley Chapel Rd,,Angle Crash,2,Clear,Dry,Dark-Not Lighted
2022-04-02T08:15:00.000,I 20,I 20 and Wesley Chapel Rd,,Angle Crash,2,Clear,Dry,Daylight
2022-03-12T06:30:00.000,I 20,I 20 and Wesley Chapel Rd,,Angle Crash,3,Rain,Wet,Dark-Not Lighted
2022-09-09T12:30:00.000,I 20,I 20 and Wesley Chapel Rd,,Rear End,2,Clear,Dry,Daylight
2021-07-10T22:40:00.000,I 20,I 20 and Wesley Chapel Rd,,Rear End,3,Clear,Wet,Dark-Not Lighted
2021-09-27T11:59:00.000,I 20,I 20 and Wesley Chapel Rd,,Rear End,2,Cloudy,Dry,Daylight
2021-12-21T18:15:00.000,I 20,I 20 and Wesley Chapel Rd,,Rear End,3,Rain,Wet,Dark-Not Lighted
2021-10-28T15:40:00.000,I 20,I 20 and Wesley Chapel Rd,,Rear End,2,Rain,Wet,Daylight
2021-07-13T21:40:00.000,I 20,I 20 and Wesley Chapel Rd,,Sideswipe-Same Direction,2,Clear,Dry,Dark-Lighted
2021-08-20T14:20:00.000,I 20,I 20 and Wesley Chapel Rd,,Sideswipe-Same Direction,2,Clear,Dry,Daylight
2021-07-02T16:38:00.000,I 20,I 20 and Wesley Chapel Rd,,Rear End,2,Clear,Dry,Daylight
2021-11-14T18:15:00.000,I 20,I 20 and Wesley Chapel Rd,,Rear End,3,Clear,Dry,Dark-Not Lighted
2021-11-17T18:55:00.000,I 20,I 20 and Wesley Chapel Rd,,Rear End,2,Clear,Dry,Dark-Not Lighted
2021-08-18T19:58:00.000,I 20,I 20 and Wesley Chapel Rd,,Not a Collision with Motor Vehicle,1,Clear,Dry,Daylight
2022-10-13T21:15:00.000,I 20,I 20 and Wesley Chapel Rd,,Rear End,2,Clear,Dry,Dark-Not Lighted
2022-07-22T18:03:00.000,I 20,I 20 and Wesley Chapel Rd,,Sideswipe-Same Direction,2,Clear,Dry,Daylight
2022-07-12T18:56:00.000,I 20,I 20 and Wesley Chapel Rd,,Angle Crash,2,Clear,Dry,Daylight
2022-08-20T17:00:00.000,I 20,I 20 and Wesley Chapel Rd,,Rear End,2,Clear,Dry,Daylight
2022-08-01T23:05:00.000,I 20,I 20 and Wesley Chapel Rd,,Sideswipe-Same Direction,2,Clear,Dry,Dark-Not Lighted
2022-02-17T08:15:00.000,I 20,I 20 and Wesley Chapel Rd,,Sideswipe-Same Direction,2,Cloudy,Dry,Dawn
2022-02-12T03:00:00.000,I 20,I 20 and Wesley Chapel Rd,,Rear End,2,Clear,Dry,Dark-Not Lighted
2022-08-11T18:30:00.000,I 20,I 20 and Wesley Chapel Rd,,Not a Collision with Motor Vehicle,2,Clear,Dry,Daylight
2022-01-19T19:13:00.000,I 20,I 20 and Wesley Chapel Rd,,Rear End,2,Clear,Dry,Dark-Not Lighted
2022-10-11T22:00:00.000,I 20,I 20 and Wesley Chapel Rd,,Rear End,2,Clear,Dry,Daylight
2022-06-03T13:00:00.000,I 20,I 20 and Wesley Chapel Rd,,Rear End,3,Clear,Dry,Daylight
2022-02-12T03:25:00.000,I 20,I 20 and Wesley Chapel Rd,,Rear End,2,Clear,Dry,Dark-Not Lighted
2022-03-16T07:30:00.000,I 20,I 20 and Wesley Chapel Rd,,Rear End,2,Rain,Wet,Daylight
2022-06-03T17:20:00.000,I 20,I 20 and Wesley Chapel Rd,,Rear End,2,Clear,Dry,Daylight
2022-11-26T01:06:00.000,I 20,I 20 and Wesley Chapel Rd,,Rear End,4,Clear,Dry,Dark-Not Lighted
2022-05-10T09:22:00.000,I 20,I 20 and Wesley Chapel Rd,,Rear End,3,Clear,Dry,Daylight
2022-03-09T06:34:00.000,I 20,I 20 and Wesley Chapel Rd,,Sideswipe-Same Direction,2,Rain,Wet,Dark-Lighted
2022-03-31T07:00:00.000,I 20,I 20 and Wesley Chapel Rd,,Angle Crash,2,Clear,Dry,Daylight
2022-05-10T16:10:00.000,I 20,I 20 and Wesley Chapel Rd,,Rear End,2,Clear,Dry,Daylight
2022-11-16T16:22:00.000,I 20,I 20 and Wesley Chapel Rd,,Rear End,2,Clear,Dry,Daylight
2022-07-26T00:00:00.000,I 20,I 20 and Wesley Chapel Rd,,Rear End,2,Clear,Dry,Dark-Not Lighted
2022-10-10T18:00:00.000,I 20,I 20 and Wesley Chapel Rd,,Sideswipe-Same Direction,2,Clear,Dry,Daylight
2022-02-02T19:02:00.000,I 20,I 20 and Wesley Chapel Rd,,Rear End,2,Rain,Wet,Dark-Lighted
2022-07-18T08:35:00.000,I 20,I 20 and Wesley Chapel Rd,,Rear End,2,Clear,Dry,Daylight
2022-10-19T15:00:00.000,I 20,I 20 and Wesley Chapel Rd,,Rear End,2,Clear,Dry,Daylight
2022-10-30T20:25:00.000,I 20,I 20 and Wesley Chapel Rd,,Rear End,2,Cloudy,Wet,Dark-Lighted
2022-12-02T15:30:00.000,I 20,I 20 and Wesley Chapel Rd,,Angle Crash,2,Clear,Dry,Daylight
2022-03-01T20:11:00.000,I 20,I 20 and Wesley Chapel Rd,,Rear End,2,Clear,Dry,Dark-Lighted
2022-09-19T08:25:00.000,I 20,I 20 and Wesley Chapel Rd,,Rear End,2,Clear,Dry,Daylight
2022-02-17T18:24:00.000,I 20,I 20 and Wesley Chapel Rd,,Rear End,2,Cloudy,Dry,Dark-Lighted
2022-09-02T20:46:00.000,I 20,I 20 and Wesley Chapel Rd,,Not a Collision with Motor Vehicle,1,Clear,Dry,Dark-Lighted
2022-06-27T19:28:00.000,I 20,I 20 and Wesley Chapel Rd,,Sideswipe-Same Direction,2,Rain,Wet,Daylight
2022-11-14T18:02:00.000,I 20,I 20 and Wesley Chapel Rd,,Not a Collision with Motor Vehicle,1,Clear,Dry,Dark-Lighted
2022-03-11T16:49:00.000,I 20,I 20 and Wesley Chapel Rd,,Rear End,2,Clear,Dry,Daylight
2022-03-18T14:27:00.000,I 20,I 20 and Wesley Chapel Rd,,Rear End,2,Cloudy,Wet,Daylight
2022-07-01T16:10:00.000,I 20,I 20 and Wesley Chapel Rd,,Sideswipe-Same Direction,2,Clear,Dry,Daylight
2022-03-19T04:40:00.000,I 20,I 20 and Wesley Chapel Rd,,Sideswipe-Same Direction,2,Rain,Wet,Dark-Not Lighted
2022-11-29T14:20:00.000,I 20,I 20 and Wesley Chapel Rd,,Rear End,5,Clear,Dry,Daylight
2022-04-04T18:40:00.000,I 20,I 20 and Wesley Chapel Rd,,Rear End,2,Clear,Dry,Daylight
2022-07-10T12:20:00.000,I 20,I 20 and Wesley Chapel Rd,,Rear End,2,Clear,Dry,Daylight
2022-02-24T18:15:00.000,I 20,I 20 and Wesley Chapel Rd,,Rear End,2,Clear,Dry,Daylight
2022-02-08T12:00:00.000,I 20,I 20 and Wesley Chapel Rd,,Rear End,2,Clear,Dry,Daylight
2022-11-19T19:12:00.000,I 20,I 20 and Wesley Chapel Rd,,Sideswipe-Same Direction,2,Clear,Dry,Dark-Lighted
2022-01-06T15:30:00.000,I 20,I 20 and Wesley Chapel Rd,,Sideswipe-Same Direction,2,Rain,Wet,Daylight
2022-01-19T08:20:00.000,I 20,I 20 and Wesley Chapel Rd,,Rear End,2,Clear,Dry,Daylight
2022-11-11T10:00:00.000,I 20,I 20 and Wesley Chapel Rd,,Rear End,2,Rain,Wet,Daylight
2022-03-16T13:10:00.000,I 20,I 20 and Wesley Chapel Rd,,Rear End,2,Cloudy,Wet,Daylight
2022-05-05T22:42:00.000,I 20,I 20 and Wesley Chapel Rd,,Rear End,2,Clear,Dry,Dark-Lighted
2022-05-27T10:00:00.000,I 20,I 20 and Wesley Chapel Rd,,Rear End,2,Clear,Dry,Daylight
2022-07-13T08:20:00.000,I 20,I 20 and Wesley Chapel Rd,,Rear End,2,Clear,Dry,Daylight
2022-08-10T07:48:00.000,I 20,I 20 and Wesley Chapel Rd,,Sideswipe-Same Direction,2,Cloudy,Wet,Daylight
2022-05-12T20:20:00.000,I 20,I 20 and Wesley Chapel Rd,,Sideswipe-Same Direction,2,Clear,Dry,Daylight
2022-04-17T23:10:00.000,I 20,I 20 and Wesley Chapel Rd,,Angle Crash,2,Clear,Dry,Dark-Not Lighted
2022-03-01T07:10:00.000,I 20,I 20 and Wesley Chapel Rd,,Angle Crash,2,Clear,Dry,Daylight
2022-02-17T07:05:00.000,I 20,I 20 and Wesley Chapel Rd,,Rear End,2,Clear,Dry,Daylight
2022-10-28T04:31:00.000,I 20,I 20 and Wesley Chapel Rd,,Sideswipe-Same Direction,2,Clear,Dry,Dark-Lighted
2022-12-26T13:30:00.000,I 20,I 20 and Wesley Chapel Rd,,Sideswipe-Same Direction,2,Clear,Dry,Daylight
2022-12-12T17:00:00.000,I 20,I 20 and Wesley Chapel Rd,,Sideswipe-Same Direction,2,Clear,Dry,Daylight
2022-11-26T03:00:00.000,I 20,I 20 and Wesley Chapel Rd,,Sideswipe-Same Direction,2,Clear,Dry,Dark-Not Lighted
2022-07-12T10:30:00.000,I 20,I 20 and Wesley Chapel Rd,,Sideswipe-Same Direction,2,Clear,Dry,Daylight
2022-07-21T07:30:00.000,I 20,I 20 and Wesley Chapel Rd,,Sideswipe-Same Direction,2,Clear,Dry,Dark-Lighted
2022-11-18T17:09:00.000,I 20,I 20 and Wesley Chapel Rd,,Rear End,2,Clear,Dry,Dark-Lighted
2022-09-05T12:50:00.000,I 20,I 20 and Wesley Chapel Rd,,Rear End,2,Clear,Dry,Daylight
2022-05-02T18:15:00.000,I 20,I 20 and Wesley Chapel Rd,,Rear End,2,Clear,Dry,Daylight
2022-08-12T12:00:00.000,I 20,I 20 and Wesley Chapel Rd,,Rear End,2,Clear,Dry,Daylight
2022-02-17T16:40:00.000,I 20,I 20 and Wesley Chapel Rd,,Rear End,2,Cloudy,Dry,Daylight
2022-07-01T16:30:00.000,I 20,I 20 and Wesley Chapel Rd,,Angle Crash,2,Clear,Dry,Daylight
2022-10-31T17:01:00.000,I 20,I 20 and Wesley Chapel Rd,,Rear End,4,Clear,Dry,Daylight
2022-05-21T17:40:00.000,I 20,I 20 and Wesley Chapel Rd,,Rear End,2,Clear,Dry,Daylight
2022-03-16T07:55:00.000,I 20,I 20 and Wesley Chapel Rd,,Rear End,2,Rain,Wet,Daylight
2022-01-19T16:42:00.000,I 20,I 20 and Wesley Chapel Rd,,Sideswipe-Same Direction,2,Cloudy,Dry,Daylight
2022-06-19T02:28:00.000,I 20,I 20 and Wesley Chapel Rd,,Sideswipe-Same Direction,2,Clear,Dry,Dark-Not Lighted
2022-04-08T21:16:00.000,I 20,I 20 and Wesley Chapel Rd,,Sideswipe-Same Direction,2,Clear,Dry,Dark-Not Lighted
2022-02-01T16:30:00.000,I 20,I 20 and Wesley Chapel Rd,,Sideswipe-Same Direction,2,Clear,Dry,Daylight
2022-10-17T11:13:00.000,I 20,I 20 and Wesley Chapel Rd,,Sideswipe-Same Direction,2,Clear,Dry,Daylight
2022-11-18T14:30:00.000,I 20,I 20 and Wesley Chapel Rd,,Rear End,2,Clear,Dry,Daylight
2022-06-19T13:30:00.000,I 20,I 20 and Wesley Chapel Rd,,Rear End,2,Clear,Dry,Daylight
2022-11-22T18:38:00.000,I 20,I 20 and Wesley Chapel Rd,,Sideswipe-Same Direction,2,Clear,Dry,Dark-Lighted
2022-05-01T06:27:00.000,I 20,I 20 and Wesley Chapel Rd,,Rear End,2,Clear,Dry,Dark-Not Lighted
2022-09-30T11:30:00.000,I 20,I 20 and Wesley Chapel Rd,,Not a Collision with Motor Vehicle,1,Clear,Dry,Daylight
2022-02-03T19:05:00.000,I 20,I 20 and Wesley Chapel Rd,,Not a Collision with Motor Vehicle,1,Rain,Wet,Dark-Lighted
2022-09-01T16:32:00.000,I 20,I 20 and Wesley Chapel Rd,,Rear End,3,Clear,Dry,Daylight
2022-12-19T11:08:00.000,I 20,I 20 and Wesley Chapel Rd,,Sideswipe-Same Direction,2,Clear,Dry,Daylight
2022-07-01T09:20:00.000,I 20,I 20 and Wesley Chapel Rd,,Rear End,2,Cloudy,Dry,Daylight
2022-03-29T07:07:00.000,I 20,I 20 and Wesley Chapel Rd,,Rear End,3,Clear,Dry,Dark-Lighted
2022-11-14T09:39:00.000,I 20,I 20 and Wesley Chapel Rd,,Rear End,2,Clear,Dry,Daylight
2022-07-05T16:56:00.000,I 20,I 20 and Wesley Chapel Rd,,Rear End,3,Clear,Dry,Daylight
2022-10-05T11:02:00.000,I 20,I 20 and Wesley Chapel Rd,,Sideswipe-Same Direction,2,Clear,Dry,Daylight
2022-07-18T09:47:00.000,I 20,I 20 and Wesley Chapel Rd,,Sideswipe-Same Direction,2,Clear,Dry,Daylight
2022-10-11T17:45:00.000,I 20,I 20 and Wesley Chapel Rd,,Rear End,2,Clear,Dry,Daylight
2022-09-23T22:50:00.000,I 20,I 20 and Wesley Chapel Rd,,Sideswipe-Same Direction,2,Clear,Dry,Dark-Lighted
2022-10-19T07:40:00.000,I 20,I 20 and Wesley Chapel Rd,,Angle Crash,2,Clear,Dry,Daylight
2022-11-11T15:00:00.000,I 20,I 20 and Wesley Chapel Rd,,Rear End,2,Clear,Wet,Daylight
2022-04-07T06:30:00.000,I 20,I 20 and Wesley Chapel Rd,,Rear End,5,Cloudy,Wet,Dawn
2022-02-11T21:45:00.000,I 20,I 20 and Wesley Chapel Rd,,Angle Crash,2,Clear,Dry,Dark-Not Lighted
2022-11-30T14:10:00.000,I 20,I 20 and Wesley Chapel Rd,,Sideswipe-Same Direction,4,Clear,Dry,Daylight
2022-10-11T08:09:00.000,I 20,I 20 and Wesley Chapel Rd,,Rear End,3,Clear,Dry,Daylight
2022-06-18T20:32:00.000,I 20,I 20 and Wesley Chapel Rd,,Rear End,2,Clear,Dry,Daylight
2022-04-22T03:15:00.000,I 20,I 20 and Wesley Chapel Rd,,Not a Collision with Motor Vehicle,1,Clear,Dry,Dark-Not Lighted
2022-03-26T00:00:00.000,I 20,I 20 and Wesley Chapel Rd,,Rear End,3,Clear,Dry,Dark-Not Lighted
2022-09-22T14:18:00.000,I 20,I 20 and Wesley Chapel Rd,,Sideswipe-Same Direction,2,Clear,Dry,Daylight
2022-03-24T15:00:00.000,I 20,I 20 and Wesley Chapel Rd,,Rear End,3,Clear,Dry,Daylight
2022-10-14T06:42:00.000,I 20,I 20 and Wesley Chapel Rd,,Rear End,2,Clear,Dry,Dark-Not Lighted
2022-11-21T18:00:00.000,I 20,I 20 and Wesley Chapel Rd,,Rear End,2,Clear,Dry,Daylight
2022-01-11T16:15:00.000,I 20,I 20 and Wesley Chapel Rd,,Rear End,2,Clear,Dry,Daylight
2022-05-01T17:50:00.000,I 20,I 20 and Wesley Chapel Rd,,Rear End,2,Clear,Dry,Daylight
2022-05-10T09:22:00.000,I 20,I 20 and Wesley Chapel Rd,,Not a Collision with Motor Vehicle,2,Clear,Dry,Daylight
2022-12-08T16:34:00.000,I 20,I 20 and Wesley Chapel Rd,,Rear End,2,Clear,Dry,Daylight
2022-12-19T18:45:00.000,I 20,I 20 and Wesley Chapel Rd,,Rear End,2,Clear,Dry,Dark-Not Lighted
2022-12-19T11:42:00.000,I 20,I 20 and Wesley Chapel Rd,,Rear End,2,Cloudy,Dry,Daylight
2022-08-07T01:06:00.000,I 20,I 20 and Wesley Chapel Rd,,Not a Collision with Motor Vehicle,1,Cloudy,Wet,Dark-Not Lighted
2022-10-23T19:50:00.000,I 20,I 20 and Wesley Chapel Rd,,Angle Crash,2,Clear,Dry,Dark-Not Lighted
2022-06-01T16:00:00.000,I 20,I 20 and Wesley Chapel Rd,,Rear End,2,Clear,Dry,Daylight
2022-11-15T00:00:00.000,I 20,I 20 and Wesley Chapel Rd,,Rear End,2,Rain,Wet,Daylight
2022-02-21T19:00:00.000,I 20,I 20 and Wesley Chapel Rd,,Angle Crash,2,Rain,Wet,Dark-Not Lighted
2022-03-10T10:00:00.000,I 20,I 20 and Wesley Chapel Rd,,Rear End,3,Clear,Dry,Daylight
2022-02-03T17:20:00.000,I 20,I 20 and Wesley Chapel Rd,,Rear End,3,Rain,Wet,Dark-Lighted
2022-11-03T00:00:00.000,I 20,I 20 and Wesley Chapel Rd,,Rear End,3,Clear,Dry,Daylight
2022-11-11T21:00:00.000,I 20,I 20 and Wesley Chapel Rd,,Not a Collision with Motor Vehicle,1,Clear,Dry,Dark-Lighted
2022-05-30T05:20:00.000,I 20,I 20 and Wesley Chapel Rd,,Not a Collision with Motor Vehicle,1,Clear,Dry,Dark-Not Lighted
2022-10-13T00:04:00.000,I 20,I 20 and Wesley Chapel Rd,,Sideswipe-Same Direction,2,Clear,Dry,Dark-Not Lighted
2022-06-12T20:49:00.000,I 20,I 20 and Wesley Chapel Rd,,Rear End,2,Clear,Dry,Daylight
2022-05-27T17:40:00.000,I 20,I 20 and Wesley Chapel Rd,,Angle Crash,3,Clear,Dry,Daylight
2022-08-14T00:52:00.000,I 20,I 20 and Wesley Chapel Rd,,Sideswipe-Same Direction,2,Clear,Dry,Dark-Not Lighted
2022-12-31T00:00:00.000,I 20,I 20 and Wesley Chapel Rd,,Rear End,2,Clear,Dry,Dark-Not Lighted
2022-10-10T15:50:00.000,I 20,I 20 and Wesley Chapel Rd,,Rear End,2,Clear,Dry,Daylight
2022-10-21T16:50:00.000,I 20,I 20 and Wesley Chapel Rd,,Rear End,2,Clear,Dry,Daylight
2022-09-23T18:29:00.000,I 20,I 20 and Wesley Chapel Rd,,Rear End,3,Clear,Dry,Daylight
2022-03-23T16:25:00.000,I 20,I 20 and Wesley Chapel Rd,,Rear End,2,Rain,Wet,Daylight
2022-10-08T09:00:00.000,I 20,I 20 and Wesley Chapel Rd,,Rear End,2,Clear,Dry,Daylight
2022-03-21T16:00:00.000,I 20,I 20 and Wesley Chapel Rd,,Rear End,3,Clear,Dry,Daylight
2022-03-09T07:00:00.000,I 20,I 20 and Wesley Chapel Rd,,Angle Crash,2,Rain,Wet,Daylight
2022-08-13T00:33:00.000,I 20,I 20 and Wesley Chapel Rd,,Not a Collision with Motor Vehicle,1,Clear,Dry,Dark-Not Lighted
2022-12-02T17:25:00.000,I 20,I 20 and Wesley Chapel Rd,,Rear End,2,Clear,Dry,Dark-Not Lighted
2022-12-27T16:21:00.000,I 20,I 20 and Wesley Chapel Rd,,Sideswipe-Same Direction,2,Clear,Dry,Daylight
2022-02-17T17:16:00.000,I 20,I 20 and Wesley Chapel Rd,,Sideswipe-Same Direction,2,Clear,Dry,Daylight
2022-02-03T13:29:00.000,I 20,I 20 and Wesley Chapel Rd,,Angle Crash,2,Rain,Wet,Daylight
2022-10-12T06:30:00.000,I 20,I 20 and Wesley Chapel Rd,,Rear End,2,Rain,Wet,Dark-Lighted
2022-12-01T18:30:00.000,I 20,I 20 and Wesley Chapel Rd,,Rear End,2,Clear,Dry,Dark-Not Lighted
2022-01-20T07:35:00.000,I 20,I 20 and Wesley Chapel Rd,,Rear End,2,Rain,Wet,Daylight
2022-06-15T05:55:00.000,I 20,I 20 and Wesley Chapel Rd,,Sideswipe-Same Direction,2,Clear,Dry,Daylight
2022-12-18T15:05:00.000,I 20,I 20 and Wesley Chapel Rd,,Rear End,2,Clear,Dry,Daylight
2022-04-19T05:50:00.000,I 20,I 20 and Wesley Chapel Rd,,Sideswipe-Same Direction,2,Clear,Dry,Dark-Not Lighted
2022-08-17T17:40:00.000,I 20,I 20 and Wesley Chapel Rd,,Rear End,2,Clear,Dry,Daylight
2022-08-23T09:45:00.000,I 20,I 20 and Wesley Chapel Rd,,Rear End,3,Clear,Dry,Daylight
2022-12-01T17:46:00.000,I 20,I 20 and Wesley Chapel Rd,,Angle Crash,2,Clear,Dry,Dark-Not Lighted
2022-07-22T16:20:00.000,I 20,I 20 and Wesley Chapel Rd,,Rear End,2,Clear,Dry,Daylight
2022-01-11T06:54:00.000,I 20,I 20 and Wesley Chapel Rd,,Angle Crash,2,Clear,Dry,Daylight
2022-08-08T14:00:00.000,I 20,I 20 and Wesley Chapel Rd,,Rear End,3,Clear,Dry,Daylight
2022-07-14T09:30:00.000,I 20,I 20 and Wesley Chapel Rd,,Sideswipe-Same Direction,2,Clear,Dry,Dark-Not Lighted
2022-09-15T18:20:00.000,I 20,I 20 and Wesley Chapel Rd,,Rear End,2,Clear,Dry,Daylight
2022-08-12T17:50:00.000,I 20,I 20 and Wesley Chapel Rd,,Rear End,3,Clear,Dry,Daylight
2022-02-04T08:30:00.000,I 20,I 20 and Wesley Chapel Rd,,Rear End,3,Rain,Wet,Daylight
2022-01-22T00:30:00.000,I 20,I 20 and Wesley Chapel Rd,,Rear End,2,Clear,Dry,Dark-Not Lighted
2022-05-26T16:30:00.000,I 20,I 20 and Wesley Chapel Rd,,Rear End,2,Cloudy,Dry,Daylight
2022-01-01T02:30:00.000,I 20,I 20 and Wesley Chapel Rd,,Angle Crash,2,Clear,Dry,Dark-Lighted
2022-05-06T06:13:00.000,I 20,I 20 and Wesley Chapel Rd,,Rear End,3,Clear,Dry,Dark-Lighted
2022-11-30T14:00:00.000,I 20,I 20 and Wesley Chapel Rd,,Sideswipe-Same Direction,2,Clear,Dry,Daylight
2022-02-08T09:20:00.000,I 20,I 20 and Wesley Chapel Rd,,Rear End,2,Clear,Dry,Daylight
2022-01-27T13:25:00.000,I 20,I 20 and Wesley Chapel Rd,,Rear End,2,Clear,Dry,Daylight
2022-06-13T15:27:00.000,I 20,I 20 and Wesley Chapel Rd,,Sideswipe-Same Direction,2,Clear,Dry,Daylight
2022-10-24T08:05:00.000,I 20,I 20 and Wesley Chapel Rd,,Sideswipe-Same Direction,2,Clear,Dry,Daylight
2022-06-28T13:57:00.000,I 20,I 20 and Wesley Chapel Rd,,Rear End,2,Rain,Wet,Daylight
2022-08-19T23:08:00.000,I 20,I 20 and Wesley Chapel Rd,,Rear End,2,Rain,Wet,Dark-Not Lighted
2022-06-23T11:19:00.000,I 20,I 20 and Wesley Chapel Rd,,Rear End,3,Clear,Dry,Daylight
2022-08-26T15:37:00.000,I 20,I 20 and Wesley Chapel Rd,,Rear End,4,Clear,Dry,Daylight
2022-01-18T18:48:00.000,I 20,I 20 and Wesley Chapel Rd,,Sideswipe-Same Direction,3,Clear,Dry,Dark-Lighted
2022-02-12T02:45:00.000,I 20,I 20 and Wesley Chapel Rd,,Rear End,2,Clear,Dry,Dark-Lighted
2022-12-26T13:24:00.000,I 20,I 20 and Wesley Chapel Rd,,Rear End,2,Cloudy,Dry,Daylight
2022-10-10T10:40:00.000,I 20,I 20 and Wesley Chapel Rd,,Rear End,2,Clear,Dry,Daylight
2022-11-11T16:20:00.000,I 20,I 20 and Wesley Chapel Rd,,Rear End,2,Cloudy,Dry,Daylight
2022-11-23T18:45:00.000,I 20,I 20 and Wesley Chapel Rd,,Rear End,2,Clear,Dry,Dark-Not Lighted
2022-11-24T14:05:00.000,I 20,I 20 and Wesley Chapel Rd,,Sideswipe-Same Direction,3,Clear,Dry,Daylight
2022-03-22T06:50:00.000,I 20,I 20 and Wesley Chapel Rd,,Rear End,2,Clear,Dry,Dawn
2022-02-15T16:52:00.000,I 20,I 20 and Wesley Chapel Rd,,Sideswipe-Same Direction,2,Clear,Dry,Daylight
2022-02-27T13:55:00.000,I 20,I 20 and Wesley Chapel Rd,,Angle Crash,2,Clear,Dry,Daylight
2022-03-10T17:00:00.000,I 20,I 20 and Wesley Chapel Rd,,Sideswipe-Same Direction,2,Clear,Dry,Daylight
2022-06-28T15:15:00.000,I 20,I 20 and Wesley Chapel Rd,,Rear End,2,Clear,Dry,Daylight
2022-09-26T04:20:00.000,I 20,I 20 and Wesley Chapel Rd,,Angle Crash,3,Clear,Dry,Dark-Lighted
2022-08-27T22:56:00.000,I 20,I 20 and Wesley Chapel Rd,,Rear End,2,Cloudy,Wet,Dark-Lighted
2022-06-01T14:08:00.000,I 20,I 20 and Wesley Chapel Rd,,Sideswipe-Same Direction,2,Cloudy,Dry,Daylight
2022-09-05T00:00:00.000,I 20,I 20 and Wesley Chapel Rd,,Rear End,2,Clear,Dry,Daylight
2022-04-26T17:30:00.000,I 20,I 20 and Wesley Chapel Rd,,Angle Crash,2,Cloudy,Dry,Daylight
2022-11-24T18:43:00.000,I 20,I 20 and Wesley Chapel Rd,,Not a Collision with Motor Vehicle,1,Clear,Dry,Dark-Lighted
2022-02-19T10:50:00.000,I 20,I 20 and Wesley Chapel Rd,,Rear End,5,Clear,Dry,Daylight
2022-06-10T21:36:00.000,I 20,I 20 and Wesley Chapel Rd,,Sideswipe-Same Direction,2,Clear,Dry,Daylight
2022-12-28T16:30:00.000,I 20,I 20 and Wesley Chapel Rd,,Rear End,2,Clear,Dry,Daylight
2022-03-03T14:33:00.000,I 20,I 20 and Wesley Chapel Rd,,Sideswipe-Same Direction,3,Clear,Dry,Daylight
2022-04-24T15:30:00.000,I 20,I 20 and Wesley Chapel Rd,,Rear End,2,Clear,Dry,Daylight
2022-05-14T13:55:00.000,I 20,I 20 and Wesley Chapel Rd,,Rear End,3,Clear,Dry,Daylight
2022-11-08T14:40:00.000,I 20,I 20 and Wesley Chapel Rd,,Rear End,2,Clear,Dry,Daylight
2022-12-19T12:23:00.000,I 20,I 20 and Wesley Chapel Rd,,Rear End,2,Clear,Dry,Daylight
2022-09-18T13:45:00.000,I 20,I 20 and Wesley Chapel Rd,,Rear End,2,Clear,Dry,Daylight
2022-06-13T15:53:00.000,I 20,I 20 and Wesley Chapel Rd,,Rear End,2,Clear,Dry,Daylight
2022-12-20T12:50:00.000,I 20,I 20 and Wesley Chapel Rd,,Rear End,2,Rain,Wet,Daylight
2022-07-05T21:23:00.000,I 20,I 20 and Wesley Chapel Rd,,Sideswipe-Same Direction,2,Clear,Dry,Dark-Lighted
2022-06-10T12:45:00.000,I 20,I 20 and Wesley Chapel Rd,,Rear End,3,Clear,Dry,Daylight
2022-05-09T06:59:00.000,I 20,I 20 and Wesley Chapel Rd,,Rear End,2,Clear,Dry,Daylight
2022-11-04T18:30:00.000,I 20,I 20 and Wesley Chapel Rd,,Rear End,2,Clear,Dry,Dark-Not Lighted
2022-10-25T15:34:00.000,I 20,I 20 and Wesley Chapel Rd,,Rear End,2,Clear,Dry,Daylight
2022-04-21T18:20:00.000,I 20,I 20 and Wesley Chapel Rd,,Rear End,2,Clear,Dry,Daylight
2022-03-24T13:34:00.000,I 20,I 20 and Wesley Chapel Rd,,Rear End,2,Clear,Dry,Daylight
2022-05-02T10:45:00.000,I 20,I 20 and Wesley Chapel Rd,,Rear End,3,Clear,Dry,Daylight
2022-01-02T21:50:00.000,I 20,I 20 and Wesley Chapel Rd,,Rear End,2,Clear,Dry,Dark-Not Lighted
2022-09-29T11:11:00.000,I 20,I 20 and Wesley Chapel Rd,,Rear End,3,Clear,Dry,Daylight
2022-10-27T10:00:00.000,I 20,I 20 and Wesley Chapel Rd,,Sideswipe-Same Direction,3,Clear,Dry,Daylight
2022-02-24T07:10:00.000,I 20,I 20 and Wesley Chapel Rd,,Angle Crash,2,Cloudy,Dry,Daylight
2022-04-30T09:50:00.000,I 20,I 20 and Wesley Chapel Rd,,Sideswipe-Same Direction,2,Clear,Dry,Daylight
2022-01-28T22:00:00.000,I 20,I 20 and Wesley Chapel Rd,,Angle Crash,2,Clear,Dry,Dark-Not Lighted