Date and Time,Roadway (From Crash Report),Intersection Name (from Crash Report),KABCO Severity,Manner of Collision (Crash Level) ,# of Vehicles per crash ,Weather Conditions (Crash Level),Surface Condition (Crash Level) ,Light Conditions (Crash Level)
2023-10-12T08:07:00.000,I 20,I 20 and Wesley Chapel,,Rear End,3,Rain,Wet,Daylight
2022-08-30T17:36:00.000,I 20,I 20 and Wesley Chapel,,Rear End,2,Clear,Wet,Daylight
2020-01-02T17:25:00.000,I 20,I 20 and Wesley Chapel,,Rear End,3,Rain,Wet,Dawn
2020-10-05T13:14:00.000,I 20,I 20 and Wesley Chapel,,Sideswipe-Same Direction,2,Clear,Dry,Daylight
2020-01-02T17:25:00.000,I 20,I 20 and Wesley Chapel,,Rear End,2,Rain,Wet,Dawn
2020-01-16T06:30:00.000,I 20,I 20 and Wesley Chapel,,Rear End,4,Rain,Wet,Dark-Lighted
2020-09-09T01:00:00.000,I 20,I 20 and Wesley Chapel,,Rear End,2,Clear,Dry,Dark-Not Lighted
2020-01-29T16:22:00.000,I 20,I 20 and Wesley Chapel,,Rear End,2,Clear,Dry,Daylight
2020-10-05T20:32:00.000,I 20,I 20 and Wesley Chapel,,Sideswipe-Same Direction,3,Clear,Dry,Dark-Not Lighted
2020-03-30T17:10:00.000,I 20,I 20 and Wesley Chapel,,Not a Collision with Motor Vehicle,1,Clear,Dry,Daylight
2021-04-26T10:50:00.000,I 20,I 20 and Wesley Chapel,,Sideswipe-Same Direction,2,Clear,Dry,Daylight
2021-08-30T18:49:00.000,I 20,I 20 and Wesley Chapel,,Not a Collision with Motor Vehicle,1,Clear,Dry,Daylight
2021-09-08T18:34:00.000,I 20,I 20 and Wesley Chapel,,Sideswipe-Same Direction,2,Clear,Dry,Daylight
2021-07-17T20:30:00.000,I 20,I 20 and Wesley Chapel,,Not a Collision with Motor Vehicle,1,Rain,Wet,Dark-Lighted
2021-10-22T12:00:00.000,I 20,I 20 and Wesley Chapel,,Sideswipe-Same Direction,2,Clear,Dry,Daylight
2022-02-01T07:09:00.000,I 20,I 20 and Wesley Chapel,,Rear End,2,Clear,Dry,Daylight
2022-08-11T19:50:00.000,I 20,I 20 and Wesley Chapel,,Rear End,3,Clear,Dry,Daylight
2022-12-20T11:18:00.000,I 20,I 20 and Wesley Chapel,,Rear End,5,Cloudy,Wet,Daylight
2022-01-27T00:00:00.000,I 20,I 20 and Wesley Chapel,,Rear End,2,Clear,Dry,Dark-Lighted
2023-05-29T16:00:00.000,I 20,I 20 and Wesley Chapel,,Rear End,2,Clear,Dry,Daylight
2024-01-27T23:58:00.000,I 20,I 20 and Wesley Chapel,,Rear End,2,Clear,Dry,Dark-Not Lighted
2024-03-01T18:00:00.000,I 20,I 20 and Wesley Chapel,,Rear End,2,Rain,Wet,Daylight
2024-11-14T02:00:00.000,I 20,I 20 and Wesley Chapel,,Sideswipe-Same Direction,2,Cloudy,Wet,Dark-Lighted
2024-01-22T17:00:00.000,I 20,I 20 and Wesley Chapel,,Angle Crash,2,Clear,Dry,Daylight
2023-11-04T17:00:00.000,I 20,I 20 and Wesley Chapel,,Rear End,2,Clear,Dry,Daylight
2023-01-26T18:45:00.000,I 20,I 20 and Wesley Chapel,,Rear End,2,Clear,Dry,Dark-Not Lighted
2023-06-25T15:20:00.000,I 20,I 20 and Wesley Chapel,,Angle Crash,2,Clear,Dry,Daylight
2023-07-21T14:00:00.000,I 20,I 20 and Wesley Chapel,,Rear End,2,Clear,Dry,Daylight
2023-08-07T16:02:00.000,I 20,I 20 and Wesley Chapel,,Angle Crash,1,Clear,Dry,Daylight
2023-10-31T22:05:00.000,I 20,I 20 and Wesley Chapel,,Rear End,3,Clear,Dry,Dark-Not Lighted
2024-11-22T00:00:00.000,I 20,I 20 and Wesley Chapel,,Rear End,2,Clear,Dry,Dark-Not Lighted
2024-01-11T18:00:00.000,I 20,I 20 and Wesley Chapel,,Rear End,2,Clear,Dry,Daylight
2024-04-03T19:00:00.000,I 20,I 20 and Wesley Chapel,,Rear End,2,Clear,Dry,Dark-Not Lighted
2024-10-01T16:57:00.000,I 20,I 20 and Wesley Chapel,,Rear End,2,Clear,Dry,Daylight
2024-02-21T17:00:00.000,I 20,I 20 and Wesley Chapel,,Rear End,2,Clear,Dry,Daylight
2024-04-24T00:18:00.000,I 20,I 20 and Wesley Chapel,,Rear End,2,Clear,Dry,Dark-Not Lighted
2024-02-21T19:00:00.000,I 20,I 20 and Wesley Chapel,,Sideswipe-Same Direction,2,Clear,Dry,Daylight
2024-03-01T21:37:00.000,I 20,I 20 and Wesley Chapel,,Sideswipe-Same Direction,2,Rain,Wet,Dark-Lighted
2024-04-22T00:02:00.000,I 20,I 20 and Wesley Chapel,,Not a Collision with Motor Vehicle,1,Clear,Dry,Dark-Not Lighted
2024-05-07T18:00:00.000,I 20,I 20 and Wesley Chapel,,Rear End,2,Clear,Dry,Daylight
2024-07-11T13:20:00.000,I 20,I 20 and Wesley Chapel,,Rear End,3,Clear,Dry,Daylight
2024-03-13T16:30:00.000,I 20,I 20 and Wesley Chapel,,Rear End,2,Clear,Dry,Daylight
2024-03-01T18:55:00.000,I 20,I 20 and Wesley Chapel,,Rear End,2,Rain,Wet,Dark-Lighted
2024-09-04T20:00:00.000,I 20,I 20 and Wesley Chapel,,Angle Crash,5,Clear,Dry,Dark-Lighted
2024-03-15T18:00:00.000,I 20,I 20 and Wesley Chapel,,Rear End,3,Clear,Dry,Daylight
2024-05-21T16:30:00.000,I 20,I 20 and Wesley Chapel,,Rear End,2,Clear,Dry,Daylight
2024-07-04T18:17:00.000,I 20,I 20 and Wesley Chapel,,Rear End,2,Clear,Dry,Daylight
2024-03-14T18:05:00.000,I 20,I 20 and Wesley Chapel,,Angle Crash,2,Clear,Dry,Daylight
2022-03-15T15:45:00.000,I 20,I 20 and Wesley Chapal Rd,,Rear End,2,Rain,Wet,Daylight
2022-01-31T06:50:00.000,I 20,I 20 and Wesley Chapal,,Rear End,3,Clear,Dry,Dark-Lighted
2024-08-15T17:26:00.000,I 20,I 20 and Wesley Chap Rd.,,Sideswipe-Same Direction,2,Clear,Dry,Daylight
2023-08-21T16:17:00.000,I 20,I 20 and Wesley Chaepl Rd,,Rear End,3,Clear,Dry,Daylight
2022-09-13T08:30:00.000,I 20,I 20 and Wesley Capel Rd,,Rear End,2,Clear,Dry,Daylight
2023-02-01T05:10:00.000,I 20,I 20 and Wesley Cahpel Rd,,Sideswipe-Same Direction,2,Cloudy,Wet,Dark-Lighted
2024-01-21T13:50:00.000,I 20,I 20 and Wesley  Chapel Rd,,Sideswipe-Opposite Direction,2,Clear,Dry,Daylight
2024-07-02T06:24:00.000,I 20,I 20 and Weslely Chapel Rd,,Rear End,2,Cloudy,Dry,Dawn
2022-07-27T15:15:00.000,I 20,I 20 and Weslehy Chapel Rd,,Sideswipe-Same Direction,2,Clear,Dry,Daylight
2020-10-14T10:30:00.000,I 20,I 20 and Weskey Chapel Rd,,Sideswipe-Same Direction,2,Clear,Dry,Daylight
2022-06-21T04:55:00.000,I 20,I 20 and Wesely Chapel Rd.,,Sideswipe-Same Direction,2,Clear,Dry,Dark-Lighted
2022-01-31T15:55:00.000,I 20,I 20 and Wesely Chapel Rd,,Rear End,2,Clear,Dry,Daylight
2020-11-05T08:10:00.000,I 20,I 20 and Wesely Chapel Rd,,Sideswipe-Same Direction,2,Clear,Dry,Daylight
2020-11-10T11:10:00.000,I 20,I 20 and Wesely Chapel Rd,,Rear End,2,Clear,Dry,Daylight
2022-07-11T12:00:00.000,I 20,I 20 and Wesely Chapel Rd,,Angle Crash,2,Clear,Dry,Daylight
2024-08-23T11:00:00.000,I 20,I 20 and Wesely Chapel Rd,,Sideswipe-Same Direction,2,Cloudy,Dry,Daylight
2023-06-20T11:20:00.000,I 20,I 20 and Wesely Chapel Rd,,Rear End,2,Clear,Dry,Daylight
2024-10-07T11:10:00.000,I 20,I 20 and Wesely Chapel Rd,,Rear End,2,Clear,Dry,Daylight
2022-05-01T16:00:00.000,I 20,I 20 and Wesely Chapel Exit,,Rear End,2,Clear,Dry,Daylight
2021-12-10T15:42:00.000,I 20,I 20 and Welsey Chapel Rd,,Sideswipe-Same Direction,2,Rain,Wet,Daylight
2023-12-19T19:00:00.000,I 20,I 20 and Welsey Chapel Rd,,Sideswipe-Same Direction,2,Clear,Dry,Dark-Lighted
2020-08-24T18:00:00.000,I 20,I 20 and Welsey Chapel Rd,,Rear End,2,Rain,Wet,Daylight
2022-10-24T09:21:00.000,I 20,I 20 and Welsey Chapel Rd,,Rear End,3,Clear,Dry,Daylight
2023-10-02T16:27:00.000,I 20,I 20 and Welsey Chapel Rd,,Sideswipe-Same Direction,2,Clear,Dry,Daylight
2024-03-22T14:55:00.000,I 20,I 20 and Welsey Chapel Rd,,Sideswipe-Same Direction,3,Rain,Wet,Daylight
2024-07-16T15:50:00.000,I 20,I 20 and Welcome Ctr,,Rear End,3,Rain,Wet,Daylight
2024-08-29T16:54:00.000,I 20,I 20 and Welcome Ctr,,Sideswipe-Same Direction,2,Clear,Dry,Daylight
2024-09-09T10:15:00.000,I 20,I 20 and Welcome Ctr,,Not a Collision with Motor Vehicle,2,Clear,Dry,Daylight
2024-10-23T17:14:00.000,I 20,I 20 and Welcome Ctr,,Not a Collision with Motor Vehicle,2,Clear,Dry,Daylight
2024-07-27T15:34:00.000,I 20,I 20 and Welcome Ctr,,Rear End,2,Clear,Dry,Daylight
2020-05-15T23:38:00.000,I 20,I 20 and Welcome Center Dr,,Not a Collision with Motor Vehicle,1,Clear,Dry,Dark-Not Lighted
2020-09-28T12:12:00.000,I 20,I 20 and Welcome Center Dr,,Sideswipe-Same Direction,2,Clear,Dry,Dark-Lighted
2023-01-17T11:17:00.000,I 20,I 20 and Weight Sta,,Sideswipe-Same Direction,2,Cloudy,Dry,Daylight
2021-04-22T17:54:00.000,I 20,I 20 and Weigh Sta,,Rear End,2,Clear,Dry,Daylight
2022-10-06T06:26:00.000,I 20,I 20 and Weigh Sta,,Sideswipe-Same Direction,2,Clear,Dry,Daylight
2022-07-26T03:39:00.000,I 20,I 20 and Weigh Sta,,Sideswipe-Same Direction,2,Clear,Dry,Dark-Lighted
2023-11-03T21:32:00.000,I 20,I 20 and Weigh Sta,,(None),2,(None),(None),(None)
2023-04-20T14:23:00.000,I 20,I 20 and Weigh,,Rear End,2,Clear,Dry,Daylight
2022-12-03T14:45:00.000,I 20,I 20 and Weasley Chapel Rd,,Sideswipe-Same Direction,2,Clear,Wet,Daylight
2022-12-31T19:45:00.000,I 20,I 20 and Weasley Chapel,,Not a Collision with Motor Vehicle,2,Clear,Wet,Dark-Not Lighted
2020-08-26T18:20:00.000,I 20,I 20 and Wealey Chapel Rd,,Sideswipe-Same Direction,2,Rain,Wet,Daylight
2022-10-26T15:05:00.000,I 20,I 20 and Wasington Rd,,Angle Crash,2,Clear,Dry,Daylight
2023-03-31T21:19:00.000,I 20,I 20 and Washington Street Opas,,Not a Collision with Motor Vehicle,1,Clear,Dry,Dark-Lighted
2022-03-31T11:45:00.000,I 20,I 20 and Washington St Underpass,,Sideswipe-Same Direction,2,Cloudy,Dry,Daylight
2023-03-02T19:15:00.000,I 20,I 20 and Washington St Sw Opas,,Sideswipe-Same Direction,1,Rain,Wet,Dark-Not Lighted
2021-01-11T16:45:00.000,I 20,I 20 and Washington St,,Rear End,2,Rain,Wet,Daylight
2020-10-11T11:33:00.000,I 20,I 20 and Washington St,,Not a Collision with Motor Vehicle,1,Rain,Wet,Daylight
2021-01-11T17:31:00.000,I 20,I 20 and Washington St,,Angle Crash,2,Rain,Wet,Dark-Not Lighted
2023-07-03T10:30:00.000,I 20,I 20 and Washington Road Underpass,,Not a Collision with Motor Vehicle,1,Clear,Dry,Daylight
2021-07-29T16:52:00.000,I 20,I 20 and Washington Road Off Rp,,Rear End,2,Clear,Dry,Daylight
2021-11-26T22:59:00.000,I 20,I 20 and Washington Rd.,,Rear End,2,Clear,Dry,Dark-Lighted
2022-03-06T14:45:00.000,I 20,I 20 and Washington Rd.,,Rear End,2,Clear,Dry,Daylight
2024-04-22T16:51:00.000,I 20,I 20 and Washington Rd.,,Rear End,2,Clear,Dry,Daylight
2023-06-08T19:42:00.000,I 20,I 20 and Washington Rd Brg,,Not a Collision with Motor Vehicle,1,Clear,Dry,Daylight
2023-06-08T19:42:00.000,I 20,I 20 and Washington Rd Brg,,Not a Collision with Motor Vehicle,1,Clear,Dry,Daylight
2021-04-08T13:54:00.000,I 20,I 20 and Washington Rd,,Rear End,2,Clear,Dry,Daylight
2021-06-10T13:50:00.000,I 20,I 20 and Washington Rd,,Rear End,2,Clear,Dry,Daylight
2021-03-03T10:23:00.000,I 20,I 20 and Washington Rd,,Rear End,2,Cloudy,Wet,Daylight
2021-01-05T12:05:00.000,I 20,I 20 and Washington Rd,,Rear End,2,Clear,Dry,Daylight
2021-12-14T18:33:00.000,I 20,I 20 and Washington Rd,,Sideswipe-Same Direction,2,Clear,Dry,Dark-Not Lighted
2021-11-24T15:51:00.000,I 20,I 20 and Washington Rd,,Rear End,2,Clear,Dry,Daylight
2021-12-30T08:35:00.000,I 20,I 20 and Washington Rd,,Not a Collision with Motor Vehicle,1,Rain,Wet,Daylight
2021-10-12T15:41:00.000,I 20,I 20 and Washington Rd,,Sideswipe-Same Direction,2,Clear,Dry,Daylight
2021-11-23T17:45:00.000,I 20,I 20 and Washington Rd,,Rear End,2,Clear,Dry,Dark-Lighted
2021-12-27T17:33:00.000,I 20,I 20 and Washington Rd,,Rear End,2,Cloudy,Dry,Dark-Not Lighted
2021-03-08T08:17:00.000,I 20,I 20 and Washington Rd,,Rear End,2,Clear,Dry,Daylight
2021-05-18T16:36:00.000,I 20,I 20 and Washington Rd,,Sideswipe-Same Direction,2,Clear,Dry,Daylight
2021-03-11T15:22:00.000,I 20,I 20 and Washington Rd,,Rear End,2,Clear,Dry,Daylight
2021-05-13T15:54:00.000,I 20,I 20 and Washington Rd,,Rear End,2,Clear,Dry,Daylight
2021-01-25T10:02:00.000,I 20,I 20 and Washington Rd,,Rear End,2,Clear,Dry,Daylight
2021-05-19T08:00:00.000,I 20,I 20 and Washington Rd,,Rear End,2,Clear,Dry,Daylight
2021-05-17T16:21:00.000,I 20,I 20 and Washington Rd,,Rear End,2,Clear,Dry,Daylight
2021-03-26T16:28:00.000,I 20,I 20 and Washington Rd,,Angle Crash,3,Cloudy,Wet,Daylight
2021-02-08T14:37:00.000,I 20,I 20 and Washington Rd,,Rear End,2,Clear,Dry,Daylight
2021-08-01T17:00:00.000,I 20,I 20 and Washington Rd,,Sideswipe-Same Direction,2,Clear,Dry,Daylight
2021-07-12T11:57:00.000,I 20,I 20 and Washington Rd,,Rear End,2,Clear,Dry,Daylight
2021-12-03T15:47:00.000,I 20,I 20 and Washington Rd,,Rear End,2,Clear,Dry,Dark-Lighted
2020-07-07T09:41:00.000,I 20,I 20 and Washington Rd,,Not a Collision with Motor Vehicle,1,Rain,Water (standing or moving),Daylight
2020-06-29T14:31:00.000,I 20,I 20 and Washington Rd,,Rear End,2,Clear,Dry,Daylight
2023-10-28T00:49:00.000,I 20,I 20 and Washington Rd,,Not a Collision with Motor Vehicle,1,Clear,Dry,Dark-Not Lighted
2023-04-28T18:22:00.000,I 20,I 20 and Washington Rd,,Rear End,2,Cloudy,Dry,Daylight
2023-04-22T18:54:00.000,I 20,I 20 and Washington Rd,,Rear End,2,Cloudy,Dry,Daylight
2023-01-06T16:08:00.000,I 20,I 20 and Washington Rd,,Rear End,2,Clear,Dry,Daylight
2023-03-27T07:49:00.000,I 20,I 20 and Washington Rd,,Rear End,2,Rain,Wet,Daylight
2023-09-07T09:02:00.000,I 20,I 20 and Washington Rd,,Rear End,2,Clear,Dry,Daylight
2023-11-04T14:19:00.000,I 20,I 20 and Washington Rd,,Rear End,2,Clear,Dry,Daylight
2023-02-23T17:36:00.000,I 20,I 20 and Washington Rd,,Not a Collision with Motor Vehicle,1,Cloudy,Dry,Daylight
2023-10-24T16:19:00.000,I 20,I 20 and Washington Rd,,Rear End,2,Clear,Dry,Daylight
2023-08-28T08:03:00.000,I 20,I 20 and Washington Rd,,Rear End,2,Clear,Dry,Daylight
2023-07-11T13:35:00.000,I 20,I 20 and Washington Rd,,Rear End,2,Clear,Dry,Daylight
2023-11-15T17:55:00.000,I 20,I 20 and Washington Rd,,Rear End,2,Clear,Dry,Dark-Lighted
2023-05-31T17:28:00.000,I 20,I 20 and Washington Rd,,Angle Crash,2,Clear,Dry,Daylight
2023-04-11T12:55:00.000,I 20,I 20 and Washington Rd,,Rear End,2,Clear,Dry,Daylight
2023-02-24T19:43:00.000,I 20,I 20 and Washington Rd,,Not a Collision with Motor Vehicle,1,Rain,Wet,Dark-Lighted
2023-05-04T14:59:00.000,I 20,I 20 and Washington Rd,,Rear End,2,Clear,Dry,Daylight
2023-04-09T17:06:00.000,I 20,I 20 and Washington Rd,,Rear End,2,Clear,Dry,Daylight
2022-06-14T14:05:00.000,I 20,I 20 and Washington Rd,,Rear End,2,Cloudy,Wet,Daylight
2022-11-07T22:33:00.000,I 20,I 20 and Washington Rd,,Rear End,2,Clear,Dry,Dark-Lighted
2022-08-05T07:04:00.000,I 20,I 20 and Washington Rd,,Rear End,2,Clear,Dry,Daylight
2022-01-27T10:45:00.000,I 20,I 20 and Washington Rd,,Sideswipe-Same Direction,2,Cloudy,Dry,Dark-Lighted
2022-04-22T11:25:00.000,I 20,I 20 and Washington Rd,,Rear End,2,Clear,Dry,Daylight
2020-01-29T11:31:00.000,I 20,I 20 and Washington Rd,,Rear End,2,Clear,Dry,Daylight
2022-07-29T15:09:00.000,I 20,I 20 and Washington Rd,,Rear End,2,Cloudy,Dry,Daylight
2021-05-19T16:39:00.000,I 20,I 20 and Washington Rd,,Rear End,2,Cloudy,Dry,Daylight
2020-02-21T17:25:00.000,I 20,I 20 and Washington Rd,,Rear End,2,Clear,Dry,Daylight
2020-05-03T09:58:00.000,I 20,I 20 and Washington Rd,,Rear End,2,Clear,Dry,Daylight
2020-08-04T10:38:00.000,I 20,I 20 and Washington Rd,,Rear End,2,Clear,Dry,Daylight
2020-11-18T12:31:00.000,I 20,I 20 and Washington Rd,,Rear End,2,Clear,Dry,Daylight
2020-03-05T16:35:00.000,I 20,I 20 and Washington Rd,,Sideswipe-Same Direction,2,Rain,Wet,Daylight
2020-08-07T15:53:00.000,I 20,I 20 and Washington Rd,,Sideswipe-Same Direction,2,Clear,Dry,Daylight
2020-07-07T08:50:00.000,I 20,I 20 and Washington Rd,,Not a Collision with Motor Vehicle,1,Rain,Wet,Daylight
2020-01-18T08:59:00.000,I 20,I 20 and Washington Rd,,Rear End,2,Cloudy,Dry,Daylight
2020-10-13T16:53:00.000,I 20,I 20 and Washington Rd,,Rear End,2,Clear,Dry,Daylight
2020-08-04T15:02:00.000,I 20,I 20 and Washington Rd,,Rear End,2,Clear,Dry,Daylight
2020-06-11T14:52:00.000,I 20,I 20 and Washington Rd,,Rear End,2,Clear,Dry,Daylight
2020-09-03T18:21:00.000,I 20,I 20 and Washington Rd,,Rear End,2,Clear,Dry,Daylight
2020-06-11T13:53:00.000,I 20,I 20 and Washington Rd,,Rear End,2,Clear,Dry,Daylight
2020-08-14T13:47:00.000,I 20,I 20 and Washington Rd,,Rear End,2,Clear,Dry,Daylight
2020-01-24T08:45:00.000,I 20,I 20 and Washington Rd,,Rear End,2,Cloudy,Wet,Daylight
2020-01-21T15:44:00.000,I 20,I 20 and Washington Rd,,Rear End,2,Clear,Dry,Daylight
2020-05-16T19:18:00.000,I 20,I 20 and Washington Rd,,Rear End,2,Clear,Dry,Dusk
2020-07-07T12:32:00.000,I 20,I 20 and Washington Rd,,Not a Collision with Motor Vehicle,1,Rain,Water (standing or moving),Daylight
2021-06-17T07:51:00.000,I 20,I 20 and Washington Rd,,Rear End,2,Clear,Dry,Daylight
2021-03-09T11:42:00.000,I 20,I 20 and Washington Rd,,Rear End,2,Clear,Dry,Daylight
2021-03-05T00:00:00.000,I 20,I 20 and Washington Rd,,Rear End,2,Clear,Dry,Daylight
2021-04-02T10:24:00.000,I 20,I 20 and Washington Rd,,Rear End,2,Clear,Dry,Daylight
2021-03-07T07:30:00.000,I 20,I 20 and Washington Rd,,Angle Crash,2,Clear,Dry,Daylight
2021-03-21T17:15:00.000,I 20,I 20 and Washington Rd,,Not a Collision with Motor Vehicle,1,Clear,Dry,Daylight
2021-06-27T10:45:00.000,I 20,I 20 and Washington Rd,,Sideswipe-Same Direction,2,Clear,Dry,Daylight
2021-08-05T13:53:00.000,I 20,I 20 and Washington Rd,,Head On,2,Clear,Dry,Daylight
2021-12-28T12:54:00.000,I 20,I 20 and Washington Rd,,Rear End,2,Clear,Dry,Daylight
2021-07-30T10:16:00.000,I 20,I 20 and Washington Rd,,Rear End,2,Clear,Dry,Daylight
2021-10-31T11:17:00.000,I 20,I 20 and Washington Rd,,Sideswipe-Same Direction,2,Clear,Dry,Daylight
2021-12-17T00:00:00.000,I 20,I 20 and Washington Rd,,Rear End,2,Cloudy,Wet,Daylight
2021-12-05T15:05:00.000,I 20,I 20 and Washington Rd,,Rear End,1,Clear,Dry,Daylight
2021-07-08T19:19:00.000,I 20,I 20 and Washington Rd,,Rear End,2,Rain,Wet,Daylight
2021-12-19T12:43:00.000,I 20,I 20 and Washington Rd,,Rear End,2,Cloudy,Wet,Daylight
2022-12-12T14:56:00.000,I 20,I 20 and Washington Rd,,Rear End,2,Clear,Dry,Daylight
2022-05-19T09:16:00.000,I 20,I 20 and Washington Rd,,Angle Crash,2,Clear,Dry,Daylight
2022-11-12T14:22:00.000,I 20,I 20 and Washington Rd,,Rear End,2,Clear,Dry,Daylight
2022-10-20T07:59:00.000,I 20,I 20 and Washington Rd,,Rear End,2,Clear,Dry,Daylight
2021-12-17T09:35:00.000,I 20,I 20 and Washington Rd,,Rear End,2,Cloudy,Wet,Daylight
2021-09-08T08:08:00.000,I 20,I 20 and Washington Rd,,Rear End,2,Clear,Dry,Daylight
2021-12-06T05:20:00.000,I 20,I 20 and Washington Rd,,Sideswipe-Same Direction,2,Clear,Dry,Dark-Not Lighted
2021-09-14T15:10:00.000,I 20,I 20 and Washington Rd,,Sideswipe-Same Direction,2,Clear,Dry,Daylight
2022-03-11T22:26:00.000,I 20,I 20 and Washington Rd,,Rear End,2,Rain,Wet,Dark-Not Lighted
2022-12-01T07:21:00.000,I 20,I 20 and Washington Rd,,Not a Collision with Motor Vehicle,1,Clear,Dry,Daylight
2022-06-29T15:01:00.000,I 20,I 20 and Washington Rd,,Rear End,2,Clear,Dry,Daylight
2022-09-12T15:30:00.000,I 20,I 20 and Washington Rd,,Rear End,2,Clear,Dry,Daylight
2022-01-07T16:15:00.000,I 20,I 20 and Washington Rd,,Rear End,2,Clear,Dry,Daylight
2022-05-02T17:33:00.000,I 20,I 20 and Washington Rd,,Rear End,2,Clear,Dry,Daylight
2022-07-11T10:02:00.000,I 20,I 20 and Washington Rd,,Rear End,2,Clear,Dry,Daylight
2021-09-06T17:20:00.000,I 20,I 20 and Washington Rd,,Rear End,2,Clear,Dry,Daylight
2021-09-27T08:25:00.000,I 20,I 20 and Washington Rd,,Rear End,2,Clear,Dry,Daylight
2022-09-28T16:49:00.000,I 20,I 20 and Washington Rd,,Rear End,2,Clear,Dry,Daylight
2022-08-05T15:42:00.000,I 20,I 20 and Washington Rd,,Rear End,2,Clear,Dry,Daylight
2022-07-14T14:00:00.000,I 20,I 20 and Washington Rd,,Not a Collision with Motor Vehicle,1,Clear,Dry,Daylight
2022-09-03T16:54:00.000,I 20,I 20 and Washington Rd,,Rear End,2,Rain,Wet,Daylight
2022-12-17T15:10:00.000,I 20,I 20 and Washington Rd,,Rear End,2,Cloudy,Dry,Daylight
2022-05-19T08:30:00.000,I 20,I 20 and Washington Rd,,Rear End,2,Clear,Dry,Daylight
2022-07-29T07:54:00.000,I 20,I 20 and Washington Rd,,Rear End,2,Clear,Dry,Daylight
2022-05-05T20:29:00.000,I 20,I 20 and Washington Rd,,Rear End,2,Clear,Dry,Dark-Not Lighted
2022-07-06T08:04:00.000,I 20,I 20 and Washington Rd,,Sideswipe-Same Direction,2,Clear,Dry,Daylight
2022-09-16T14:02:00.000,I 20,I 20 and Washington Rd,,Rear End,2,Clear,Dry,Daylight
2022-05-26T08:54:00.000,I 20,I 20 and Washington Rd,,Angle Crash,2,Clear,Dry,Daylight
2022-08-02T17:13:00.000,I 20,I 20 and Washington Rd,,Angle Crash,2,Clear,Dry,Daylight
2022-05-12T10:07:00.000,I 20,I 20 and Washington Rd,,Rear End,2,Clear,Dry,Daylight
2022-04-12T15:25:00.000,I 20,I 20 and Washington Rd,,Rear End,2,Clear,Dry,Daylight
2022-06-07T13:04:00.000,I 20,I 20 and Washington Rd,,Rear End,2,Clear,Dry,Daylight
2022-04-19T16:57:00.000,I 20,I 20 and Washington Rd,,Rear End,2,Clear,Dry,Daylight
2022-02-06T01:30:00.000,I 20,I 20 and Washington Rd,,Head On,2,Clear,Dry,Dark-Lighted
2022-09-06T09:04:00.000,I 20,I 20 and Washington Rd,,Rear End,2,Clear,Dry,Daylight
2022-08-14T16:33:00.000,I 20,I 20 and Washington Rd,,Rear End,2,Clear,Dry,Daylight
2022-01-10T07:42:00.000,I 20,I 20 and Washington Rd,,Rear End,2,Cloudy,Dry,Dawn
2022-06-20T15:19:00.000,I 20,I 20 and Washington Rd,,Rear End,2,Clear,Dry,Daylight
2022-07-12T15:26:00.000,I 20,I 20 and Washington Rd,,Rear End,2,Clear,Dry,Daylight
2022-08-07T14:43:00.000,I 20,I 20 and Washington Rd,,Angle Crash,2,Rain,Wet,Daylight
2022-09-27T12:50:00.000,I 20,I 20 and Washington Rd,,Rear End,2,Clear,Dry,Daylight
2022-05-12T18:25:00.000,I 20,I 20 and Washington Rd,,Sideswipe-Same Direction,2,Rain,Wet,Daylight
2022-07-29T11:03:00.000,I 20,I 20 and Washington Rd,,Rear End,2,Clear,Dry,Daylight
2022-05-02T08:36:00.000,I 20,I 20 and Washington Rd,,Angle Crash,2,Clear,Dry,Daylight
2023-02-20T19:21:00.000,I 20,I 20 and Washington Rd,,Rear End,2,Clear,Dry,Dark-Lighted
2023-04-07T17:52:00.000,I 20,I 20 and Washington Rd,,Angle Crash,2,Rain,Wet,Daylight
2024-12-03T12:34:00.000,I 20,I 20 and Washington Rd,,Rear End,2,Clear,Dry,Daylight
2024-10-15T11:08:00.000,I 20,I 20 and Washington Rd,,Rear End,2,Clear,Dry,Daylight
2024-10-31T09:59:00.000,I 20,I 20 and Washington Rd,,Rear End,2,Clear,Dry,Daylight
2024-10-06T12:08:00.000,I 20,I 20 and Washington Rd,,Rear End,2,Clear,Dry,Daylight
2024-03-01T22:32:00.000,I 20,I 20 and Washington Rd,,Rear End,2,Rain,Wet,Dark-Not Lighted
2024-12-17T15:38:00.000,I 20,I 20 and Washington Rd,,Rear End,2,Clear,Dry,Daylight
2024-09-11T08:10:00.000,I 20,I 20 and Washington Rd,,Rear End,2,Cloudy,Dry,Daylight
2024-09-13T17:30:00.000,I 20,I 20 and Washington Rd,,Angle Crash,2,Cloudy,Dry,Daylight