Date and Time,Roadway (From Crash Report),Intersection Name (from Crash Report),KABCO Severity,Manner of Collision (Crash Level) ,# of Vehicles per crash ,Weather Conditions (Crash Level),Surface Condition (Crash Level) ,Light Conditions (Crash Level)
2024-12-16T16:29:00.000,I 20,I 20 and Washington Rd,,Rear End,2,Clear,Dry,Daylight
2024-02-14T15:56:00.000,I 20,I 20 and Washington Rd,,Rear End,2,Clear,Dry,Daylight
2024-08-10T14:50:00.000,I 20,I 20 and Washington Rd,,Rear End,2,Clear,Dry,Daylight
2024-10-10T17:54:00.000,I 20,I 20 and Washington Rd,,Sideswipe-Same Direction,2,Clear,Dry,Dusk
2023-01-11T18:11:00.000,I 20,I 20 and Washington Rd,,Rear End,2,Cloudy,Dry,Dark-Lighted
2024-03-14T14:53:00.000,I 20,I 20 and Washington Rd,,Not a Collision with Motor Vehicle,1,Clear,Dry,Daylight
2024-03-12T20:07:00.000,I 20,I 20 and Washington Rd,,Rear End,2,Clear,Dry,Dark-Lighted
2023-11-25T17:46:00.000,I 20,I 20 and Washington Rd,,Rear End,2,Clear,Dry,Dark-Not Lighted
2023-09-22T17:26:00.000,I 20,I 20 and Washington Rd,,Rear End,2,Clear,Dry,Daylight
2023-01-25T15:42:00.000,I 20,I 20 and Washington Rd,,Rear End,2,Rain,Wet,Daylight
2023-09-17T07:50:00.000,I 20,I 20 and Washington Rd,,Not a Collision with Motor Vehicle,1,Cloudy,Wet,Daylight
2023-08-17T07:12:00.000,I 20,I 20 and Washington Rd,,Rear End,2,Cloudy,Dry,Dawn
2023-09-06T10:58:00.000,I 20,I 20 and Washington Rd,,Sideswipe-Same Direction,2,Clear,Dry,Daylight
2023-09-08T09:30:00.000,I 20,I 20 and Washington Rd,,Sideswipe-Same Direction,2,Clear,Dry,Daylight
2023-09-07T16:56:00.000,I 20,I 20 and Washington Rd,,Angle Crash,3,Cloudy,Wet,Daylight
2023-01-25T20:22:00.000,I 20,I 20 and Washington Rd,,Not a Collision with Motor Vehicle,1,Rain,Wet,Dark-Lighted
2023-11-29T11:00:00.000,I 20,I 20 and Washington Rd,,Angle Crash,2,Clear,Dry,Daylight
2023-06-09T15:11:00.000,I 20,I 20 and Washington Rd,,Rear End,2,Clear,Dry,Daylight
2023-07-02T12:39:00.000,I 20,I 20 and Washington Rd,,Rear End,2,Clear,Dry,Daylight
2023-07-02T12:13:00.000,I 20,I 20 and Washington Rd,,Rear End,2,Clear,Dry,Daylight
2023-03-22T07:29:00.000,I 20,I 20 and Washington Rd,,Rear End,2,Clear,Dry,Daylight
2023-09-08T15:42:00.000,I 20,I 20 and Washington Rd,,Rear End,2,Clear,Dry,Daylight
2023-01-18T09:15:00.000,I 20,I 20 and Washington Rd,,Rear End,2,Cloudy,Wet,Daylight
2023-02-20T18:23:00.000,I 20,I 20 and Washington Rd,,Rear End,2,Cloudy,Dry,Dark-Lighted
2023-10-28T18:54:00.000,I 20,I 20 and Washington Rd,,Rear End,2,Clear,Dry,Dark-Not Lighted
2023-08-31T10:39:00.000,I 20,I 20 and Washington Rd,,Angle Crash,2,Clear,Dry,Daylight
2023-04-10T12:04:00.000,I 20,I 20 and Washington Rd,,Rear End,2,Clear,Dry,Daylight
2023-03-12T10:12:00.000,I 20,I 20 and Washington Rd,,Sideswipe-Same Direction,2,Rain,Wet,Daylight
2023-06-25T13:20:00.000,I 20,I 20 and Washington Rd,,Rear End,2,Clear,Dry,Daylight
2023-03-04T14:35:00.000,I 20,I 20 and Washington Rd,,Rear End,2,Clear,Dry,Daylight
2024-05-28T10:03:00.000,I 20,I 20 and Washington Rd,,Rear End,2,Clear,Dry,Daylight
2024-03-04T10:01:00.000,I 20,I 20 and Washington Rd,,Rear End,2,Clear,Dry,Daylight
2024-01-20T13:45:00.000,I 20,I 20 and Washington Rd,,Rear End,2,Clear,Dry,Daylight
2024-11-20T12:20:00.000,I 20,I 20 and Washington Rd,,Rear End,2,Clear,Dry,Daylight
2024-11-12T17:23:00.000,I 20,I 20 and Washington Rd,,Rear End,2,Clear,Dry,Dark-Not Lighted
2024-12-16T17:01:00.000,I 20,I 20 and Washington Rd,,Rear End,2,Clear,Dry,Daylight
2024-10-18T07:27:00.000,I 20,I 20 and Washington Rd,,Rear End,2,Clear,Dry,Daylight
2024-02-09T08:13:00.000,I 20,I 20 and Washington Rd,,Sideswipe-Same Direction,2,Clear,Dry,Daylight
2024-02-22T08:50:00.000,I 20,I 20 and Washington Rd,,Rear End,2,Clear,Dry,Daylight
2024-11-19T08:50:00.000,I 20,I 20 and Washington Rd,,Sideswipe-Same Direction,2,Cloudy,Dry,Daylight
2024-09-01T02:38:00.000,I 20,I 20 and Washington Rd,,Not a Collision with Motor Vehicle,1,Cloudy,Dry,Dark-Not Lighted
2024-12-09T17:43:00.000,I 20,I 20 and Washington Rd,,Sideswipe-Same Direction,2,Rain,Wet,Dusk
2024-12-28T15:16:00.000,I 20,I 20 and Washington Rd,,Rear End,2,Rain,Wet,Daylight
2024-03-29T03:04:00.000,I 20,I 20 and Washington Rd,,Not a Collision with Motor Vehicle,1,Clear,Dry,Dark-Lighted
2024-05-17T08:19:00.000,I 20,I 20 and Washington Rd,,Sideswipe-Same Direction,2,Cloudy,Dry,Daylight
2024-11-05T06:58:00.000,I 20,I 20 and Washington Rd,,Sideswipe-Same Direction,2,Rain,Water (standing or moving),Daylight
2024-07-11T17:11:00.000,I 20,I 20 and Washington Rd,,Sideswipe-Same Direction,2,Cloudy,Dry,Daylight
2024-06-19T08:29:00.000,I 20,I 20 and Washington Rd,,Rear End,2,Clear,Dry,Daylight
2024-12-19T17:52:00.000,I 20,I 20 and Washington Rd,,Rear End,3,Clear,Dry,Dusk
2024-04-17T21:24:00.000,I 20,I 20 and Washington Rd,,Rear End,2,Cloudy,Dry,Dark-Not Lighted
2024-04-24T15:14:00.000,I 20,I 20 and Washington Rd,,Rear End,2,Clear,Dry,Daylight
2024-01-09T09:05:00.000,I 20,I 20 and Washington Rd,,Rear End,2,Rain,Wet,Daylight
2024-10-17T11:55:00.000,I 20,I 20 and Washington Rd,,Rear End,2,Clear,Dry,Daylight
2024-06-08T21:27:00.000,I 20,I 20 and Washington Rd,,Rear End,2,Clear,Dry,Dark-Not Lighted
2024-06-11T17:01:00.000,I 20,I 20 and Washington Rd,,Rear End,2,Clear,Dry,Daylight
2024-02-27T17:41:00.000,I 20,I 20 and Washington Rd,,Rear End,2,Cloudy,Dry,Daylight
2024-11-23T15:58:00.000,I 20,I 20 and Washington Rd,,Rear End,2,Clear,Dry,Daylight
2024-06-08T14:56:00.000,I 20,I 20 and Washington Rd,,Rear End,2,Clear,Dry,Daylight
2024-03-16T02:35:00.000,I 20,I 20 and Washington Rd,,Rear End,2,Clear,Dry,Dark-Lighted
2022-11-27T10:50:00.000,I 20,I 20 and Washingtod Rd,,Sideswipe-Same Direction,2,Rain,Wet,Daylight
2023-12-26T13:50:00.000,I 20,I 20 and Warrenton Rd.,,Rear End,2,Cloudy,Wet,Daylight
2022-08-01T14:18:00.000,I 20,I 20 and Warrenton Rd.,,Not a Collision with Motor Vehicle,1,Rain,Wet,Daylight
2024-04-12T08:10:00.000,I 20,I 20 and Warrenton Rd.,,Sideswipe-Same Direction,2,Clear,Dry,Daylight
2024-04-28T13:19:00.000,I 20,I 20 and Warrenton Rd.,,Rear End,2,Clear,Dry,Daylight
2024-11-23T06:28:00.000,I 20,I 20 and Warrenton Rd.,,Not a Collision with Motor Vehicle,1,Clear,Dry,Dark-Lighted
2021-05-28T13:41:00.000,I 20,I 20 and Warren Road Brg,,Not a Collision with Motor Vehicle,1,Clear,Dry,Daylight
2022-02-03T12:20:00.000,I 20,I 20 and Warren Rd Opas,,Rear End,2,Clear,Dry,Daylight
2022-10-26T17:19:00.000,I 20,I 20 and Warren Rd Opas,,Rear End,2,Clear,Dry,Daylight
2024-03-13T13:58:00.000,I 20,I 20 and Warren Bridge Rd Opas,,Rear End,2,Clear,Dry,Daylight
2024-07-24T19:40:00.000,I 20,I 20 and Warren Bridge Rd Opas,,Rear End,2,Rain,Wet,Dusk
2021-06-21T08:15:00.000,I 20,I 20 and Warren Bridge Rd,,Not a Collision with Motor Vehicle,1,Clear,Dry,Daylight
2021-05-28T15:25:00.000,I 20,I 20 and Warren Bridge Rd,,Sideswipe-Same Direction,2,Clear,Dry,Daylight
2023-01-25T13:30:00.000,I 20,I 20 and Warren Bridge Rd,,Not a Collision with Motor Vehicle,1,Rain,Wet,Daylight
2023-07-18T15:30:00.000,I 20,I 20 and Warren Bridge Rd,,Rear End,2,Clear,Dry,Daylight
2022-04-04T08:18:00.000,I 20,I 20 and Warren Bridge Rd,,Sideswipe-Same Direction,2,Clear,Dry,Daylight
2020-09-23T14:10:00.000,I 20,I 20 and Warren Bridge Rd,,Angle Crash,2,Clear,Dry,Daylight
2022-04-29T01:47:00.000,I 20,I 20 and Warren Bridge Rd,,Not a Collision with Motor Vehicle,1,Clear,Dry,Dark-Lighted
2024-08-30T12:30:00.000,I 20,I 20 and Warren Bridge Rd,,Rear End,3,Clear,Dry,Daylight
2020-05-20T07:25:00.000,I 20,I 20 and Walton Way Extension Opas,,Not a Collision with Motor Vehicle,1,Rain,Wet,Daylight
2023-05-22T19:57:00.000,I 20,I 20 and Walton Way Ext.,,Rear End,2,Clear,Dry,Daylight
2021-03-04T09:57:00.000,I 20,I 20 and Walton Way Ext Opas,,Not a Collision with Motor Vehicle,1,Clear,Dry,Daylight
2021-10-28T13:33:00.000,I 20,I 20 and Walton Way Ext Opas,,Not a Collision with Motor Vehicle,1,Rain,Wet,Daylight
2021-08-11T17:51:00.000,I 20,I 20 and Walton Way Ext Opas,,Sideswipe-Same Direction,2,Cloudy,Dry,Daylight
2024-01-07T01:51:00.000,I 20,I 20 and Walton Way Ext Opas,,Sideswipe-Same Direction,2,Clear,Dry,Dark-Lighted
2022-03-07T11:24:00.000,I 20,I 20 and Walton Way Ext Exit,,Not a Collision with Motor Vehicle,1,Clear,Dry,Daylight
2021-06-30T09:53:00.000,I 20,I 20 and Walton Way Ext,,Not a Collision with Motor Vehicle,1,Clear,Dry,Daylight
2021-07-06T11:21:00.000,I 20,I 20 and Walton Way Ext,,Rear End,2,Clear,Dry,Daylight
2021-01-11T18:52:00.000,I 20,I 20 and Walton Way Ext,,Angle Crash,2,Rain,Wet,Dark-Lighted
2021-05-18T15:54:00.000,I 20,I 20 and Walton Way Ext,,Rear End,2,Clear,Dry,Daylight
2021-09-09T00:16:00.000,I 20,I 20 and Walton Way Ext,,Not a Collision with Motor Vehicle,1,Cloudy,Wet,Dark-Lighted
2021-03-19T12:56:00.000,I 20,I 20 and Walton Way Ext,,Rear End,2,Cloudy,Dry,Daylight
2021-12-02T18:31:00.000,I 20,I 20 and Walton Way Ext,,Rear End,2,Clear,Dry,Dark-Not Lighted
2020-07-11T16:55:00.000,I 20,I 20 and Walton Way Ext,,Rear End,2,Clear,Dry,Daylight
2023-04-27T16:44:00.000,I 20,I 20 and Walton Way Ext,,Rear End,2,Cloudy,Dry,Daylight
2023-03-29T18:52:00.000,I 20,I 20 and Walton Way Ext,,Rear End,2,Clear,Dry,Daylight
2023-03-28T16:23:00.000,I 20,I 20 and Walton Way Ext,,Rear End,2,Clear,Dry,Daylight
2023-04-25T23:58:00.000,I 20,I 20 and Walton Way Ext,,Not a Collision with Motor Vehicle,1,Clear,Dry,Dark-Lighted
2023-01-04T20:16:00.000,I 20,I 20 and Walton Way Ext,,Not a Collision with Motor Vehicle,1,Cloudy,Wet,Dark-Lighted
2020-01-29T06:51:00.000,I 20,I 20 and Walton Way Ext,,Rear End,2,Cloudy,Dry,Dark-Lighted
2020-08-22T22:57:00.000,I 20,I 20 and Walton Way Ext,,Not a Collision with Motor Vehicle,1,Clear,Dry,Dark-Lighted
2021-03-21T00:00:00.000,I 20,I 20 and Walton Way Ext,,Angle Crash,2,Cloudy,Wet,Daylight
2021-08-17T00:00:00.000,I 20,I 20 and Walton Way Ext,,Not a Collision with Motor Vehicle,1,Rain,Wet,Daylight
2021-08-27T23:08:00.000,I 20,I 20 and Walton Way Ext,,Sideswipe-Same Direction,2,Clear,Dry,Dark-Not Lighted
2022-05-11T17:48:00.000,I 20,I 20 and Walton Way Ext,,Not a Collision with Motor Vehicle,1,Clear,Dry,Daylight
2021-12-31T14:13:00.000,I 20,I 20 and Walton Way Ext,,Rear End,2,Cloudy,Dry,Daylight
2022-01-13T13:51:00.000,I 20,I 20 and Walton Way Ext,,Rear End,2,Clear,Dry,Daylight
2022-10-30T18:15:00.000,I 20,I 20 and Walton Way Ext,,Rear End,2,Cloudy,Wet,Daylight
2022-11-25T20:58:00.000,I 20,I 20 and Walton Way Ext,,Not a Collision with Motor Vehicle,1,Clear,Dry,Dark-Lighted
2022-10-11T17:10:00.000,I 20,I 20 and Walton Way Ext,,Rear End,2,Clear,Dry,Daylight
2022-09-25T17:30:00.000,I 20,I 20 and Walton Way Ext,,Rear End,2,Clear,Dry,Daylight
2022-02-27T14:07:00.000,I 20,I 20 and Walton Way Ext,,Sideswipe-Same Direction,2,Rain,Wet,Daylight
2024-12-24T08:33:00.000,I 20,I 20 and Walton Way Ext,,Rear End,2,Clear,Dry,Daylight
2024-02-25T14:05:00.000,I 20,I 20 and Walton Way Ext,,Rear End,2,Clear,Dry,Daylight
2023-01-06T13:54:00.000,I 20,I 20 and Walton Way Ext,,Rear End,2,Clear,Dry,Daylight
2023-01-24T13:45:00.000,I 20,I 20 and Walton Way Ext,,Rear End,2,Clear,Dry,Daylight
2023-06-28T17:20:00.000,I 20,I 20 and Walton Way Ext,,Rear End,2,Clear,Dry,Daylight
2023-08-24T17:11:00.000,I 20,I 20 and Walton Way Ext,,Rear End,2,Clear,Dry,Daylight
2023-11-10T13:43:00.000,I 20,I 20 and Walton Way Ext,,Rear End,2,Clear,Dry,Daylight
2023-03-17T22:04:00.000,I 20,I 20 and Walton Way Ext,,Not a Collision with Motor Vehicle,1,Rain,Wet,Dark-Lighted
2024-10-30T11:24:00.000,I 20,I 20 and Walton Way Ext,,Rear End,2,Clear,Dry,Daylight
2024-06-22T13:56:00.000,I 20,I 20 and Walton Way Ext,,Rear End,2,Cloudy,Dry,Daylight
2024-02-27T07:07:00.000,I 20,I 20 and Walton Way Ext,,Rear End,2,Clear,Dry,Daylight
2024-01-04T15:38:00.000,I 20,I 20 and Walton Way Ext,,Rear End,2,Clear,Dry,Daylight
2024-07-01T18:05:00.000,I 20,I 20 and Walton Way Ext,,Rear End,2,Clear,Dry,Daylight
2024-01-03T07:53:00.000,I 20,I 20 and Walton Way Ext,,Rear End,2,Clear,Dry,Daylight
2024-03-01T15:10:00.000,I 20,I 20 and Walton Way Ext,,Rear End,2,Rain,Wet,Daylight
2024-05-06T11:25:00.000,I 20,I 20 and Walton Way Ext,,Not a Collision with Motor Vehicle,1,Rain,Wet,Daylight
2024-11-11T13:00:00.000,I 20,I 20 and Walton Way Ext,,Rear End,4,Clear,Dry,Daylight
2024-05-23T16:16:00.000,I 20,I 20 and Walton Way Ext,,Rear End,2,Clear,Dry,Daylight
2024-10-20T17:50:00.000,I 20,I 20 and Walton Way Ext,,Rear End,2,Clear,Dry,Daylight
2021-09-20T16:05:00.000,I 20,I 20 and Walton Way,,Not a Collision with Motor Vehicle,1,Rain,Wet,Daylight
2021-06-24T12:23:00.000,I 20,I 20 and Walton Way,,Rear End,2,Clear,Dry,Daylight
2023-12-23T19:05:00.000,I 20,I 20 and Walon Way Ext,,Rear End,2,Clear,Dry,Dark-Lighted
2020-02-24T02:00:00.000,I 20,I 20 and Wallingford Dr,,Not a Collision with Motor Vehicle,1,Rain,Wet,Daylight
2023-07-05T18:11:00.000,I 20,I 20 and Wallingford Dr,,Not a Collision with Motor Vehicle,1,Clear,Dry,Daylight
2024-05-21T18:30:00.000,I 20,I 20 and Wallingford Dr,,Sideswipe-Same Direction,2,Clear,Dry,Daylight
2023-07-17T01:15:00.000,I 20,I 20 and Walden Brook Dr,,Not a Collision with Motor Vehicle,2,Cloudy,Dry,Dark-Not Lighted
2024-06-30T11:35:00.000,I 20,I 20 and Waco Rd,,Rear End,2,Clear,Dry,Daylight
2023-02-04T16:45:00.000,I 20,I 20 and Waco Exit 9,,Sideswipe-Same Direction,2,Cloudy,Dry,Daylight
2022-01-07T12:45:00.000,I 20,I 20 and W. Lake Ave,,Rear End,4,Clear,Dry,Daylight
2021-03-30T18:10:00.000,I 20,I 20 and W Whitehall St,,Sideswipe-Same Direction,2,Clear,Dry,Daylight
2020-02-22T19:19:00.000,I 20,I 20 and W Whitehall St,,Rear End,3,Clear,Dry,Dark-Lighted
2020-06-10T13:06:00.000,I 20,I 20 and W View Opas,,Sideswipe-Same Direction,3,Rain,Wet,Daylight
2020-02-26T09:17:00.000,I 20,I 20 and W Of Riverside Pkwy,,Rear End,2,Clear,Dry,Daylight
2021-12-23T18:18:00.000,I 20,I 20 and W Of Post Rd,,Rear End,2,Clear,Dry,Dark-Not Lighted
2020-03-02T09:46:00.000,I 20,I 20 and W Of Panola Rd,,Rear End,2,Cloudy,Dry,Daylight
2021-05-26T15:45:00.000,I 20,I 20 and W Of N County Line Rd,,Sideswipe-Same Direction,2,Clear,Dry,Daylight
2023-09-28T14:45:00.000,I 20,I 20 and W Of Moreland Ave,,Sideswipe-Same Direction,2,Clear,Dry,Daylight
2022-12-18T22:40:00.000,I 20,I 20 and W Of Maynard Ter,,Sideswipe-Same Direction,2,Clear,Dry,Dark-Not Lighted
2021-09-03T18:25:00.000,I 20,I 20 and W Of Martin Luther King Jr,,Sideswipe-Same Direction,2,Clear,Dry,Daylight
2021-09-03T18:26:00.000,I 20,I 20 and W Of Martin Luther King Jr,,Sideswipe-Same Direction,2,Clear,Dry,Daylight
2021-09-02T18:14:00.000,I 20,I 20 and W Of I20 W Exit Ramp  44,,Rear End,3,Clear,Dry,Daylight
2021-05-21T12:01:00.000,I 20,I 20 and W Of I20 Exit Ramp 46,,Rear End,2,Clear,Dry,Daylight
2021-02-24T18:13:00.000,I 20,I 20 and W Of I20 Exit Ramp 44,,Rear End,2,Clear,Dry,Daylight
2021-03-08T22:09:00.000,I 20,I 20 and W Of I20 Exit Ramp 44,,Sideswipe-Same Direction,2,Clear,Dry,Dark-Not Lighted
2020-08-04T16:24:00.000,I 20,I 20 and W Of I20 Exit Ramp 44,,Rear End,2,Clear,Dry,Daylight
2020-03-23T15:00:00.000,I 20,I 20 and W Of I20 Exit Ramp 44,,Sideswipe-Same Direction,2,Rain,Wet,Daylight
2020-04-17T06:34:00.000,I 20,I 20 and W Of I20 Exit Ramp 44,,Not a Collision with Motor Vehicle,2,Clear,Dry,Dark-Not Lighted
2021-05-19T20:33:00.000,I 20,I 20 and W Of I20 Exit Ramp 44,,Sideswipe-Same Direction,3,Clear,Dry,Daylight
2022-03-09T12:26:00.000,I 20,I 20 and W Of I20 Exit Ramp 44,,Sideswipe-Same Direction,2,Cloudy,Dry,Daylight
2021-04-30T08:09:00.000,I 20,I 20 and W Of I20 Exit Ramp 41,,Sideswipe-Same Direction,2,Clear,Wet,Daylight
2021-03-05T09:20:00.000,I 20,I 20 and W Of I20 Exit Ramp 41,,Rear End,2,Clear,Dry,Daylight
2021-11-10T12:07:00.000,I 20,I 20 and W Of I20 Exit Ramp 41,,Sideswipe-Same Direction,3,Clear,Dry,Daylight
2021-10-29T23:47:00.000,I 20,I 20 and W Of I20 Exit Ramp 41,,Not a Collision with Motor Vehicle,2,Rain,Wet,Dark-Not Lighted
2020-10-18T12:59:00.000,I 20,I 20 and W Of I20 Exit Ramp 41,,Rear End,2,Clear,Dry,Daylight
2020-12-12T01:12:00.000,I 20,I 20 and W Of I20 Exit Ramp 41,,Rear End,3,Clear,Dry,Dark-Not Lighted
2022-01-17T14:11:00.000,I 20,I 20 and W Of I20 Exit Ramp 41,,Rear End,2,Clear,Dry,Daylight
2022-02-02T18:03:00.000,I 20,I 20 and W Of I20 Exit Ramp 41,,Sideswipe-Same Direction,2,Rain,Wet,Daylight
2022-01-23T03:25:00.000,I 20,I 20 and W Of I20 Exit Ramp 34,,Rear End,2,Clear,Dry,Dark-Not Lighted
2021-09-28T16:08:00.000,I 20,I 20 and W Of I20 Exit Ramp 30,,Sideswipe-Same Direction,2,Clear,Dry,Daylight
2021-08-06T10:47:00.000,I 20,I 20 and W Of I20 Exit Ramp 30,,Angle Crash,3,Clear,Dry,Daylight
2022-02-18T00:33:00.000,I 20,I 20 and W Of I20 Exit Ramp 30,,Not a Collision with Motor Vehicle,1,Rain,Wet,Dark-Not Lighted
2021-06-07T15:46:00.000,I 20,I 20 and W Of I20 Entrance Rp,,Rear End,3,Cloudy,Dry,Daylight
2021-06-19T22:50:00.000,I 20,I 20 and W Of I20 Entrance Rp,,Not a Collision with Motor Vehicle,1,Rain,Wet,Dark-Not Lighted
2021-07-20T17:09:00.000,I 20,I 20 and W Of I20 Entrance Rp,,Rear End,2,Clear,Dry,Daylight
2021-02-09T17:56:00.000,I 20,I 20 and W Of I20 Entrance Rp,,Rear End,2,Clear,Dry,Daylight
2020-03-17T14:35:00.000,I 20,I 20 and W Of I20 Entrance Rp,,Rear End,2,Clear,Dry,Daylight
2020-06-22T18:37:00.000,I 20,I 20 and W Of I20 Entrance Rp,,Sideswipe-Same Direction,2,Rain,Wet,Daylight
2020-07-20T17:41:00.000,I 20,I 20 and W Of I20 Entrance Rp,,Rear End,2,Clear,Dry,Daylight
2020-10-09T14:41:00.000,I 20,I 20 and W Of I20 Entrance Rp,,Rear End,2,Rain,Wet,Daylight
2020-10-19T23:28:00.000,I 20,I 20 and W Of I20 Entrance Rp,,Rear End,2,Clear,Dry,Dark-Not Lighted
2020-03-20T21:07:00.000,I 20,I 20 and W Of I20 Entrance Rp,,Rear End,2,Cloudy,Wet,Dark-Not Lighted
2020-06-06T05:49:00.000,I 20,I 20 and W Of I20 Entrance Rp,,Sideswipe-Same Direction,2,Clear,Wet,Daylight
2021-06-10T20:59:00.000,I 20,I 20 and W Of I20 Entrance Rp,,Rear End,2,Rain,Wet,Dark-Not Lighted
2021-05-18T16:29:00.000,I 20,I 20 and W Of I20 Entrance Rp,,Rear End,2,Cloudy,Dry,Daylight
2022-04-24T16:09:00.000,I 20,I 20 and W Of I20 Entrance Rp,,Sideswipe-Same Direction,2,Clear,Dry,Daylight
2022-05-04T10:33:00.000,I 20,I 20 and W Of I20 Entrance Rp,,Not a Collision with Motor Vehicle,1,Clear,Dry,Daylight
2022-06-09T23:34:00.000,I 20,I 20 and W Of I20 Entrance Rp,,Not a Collision with Motor Vehicle,1,Clear,Dry,Dark-Not Lighted
2022-01-18T18:08:00.000,I 20,I 20 and W Of I20 Entrance Rp,,Rear End,2,Clear,Dry,Dark-Not Lighted
2022-03-12T14:12:00.000,I 20,I 20 and W Of I20 Entrance Rp,,Not a Collision with Motor Vehicle,1,Clear,Dry,Daylight
2021-10-21T18:32:00.000,I 20,I 20 and W Of I20 Entrance Ramp 35,,Rear End,3,Clear,Dry,Daylight
2021-08-17T21:15:00.000,I 20,I 20 and W Of I20 Entrance Raamp,,Sideswipe-Same Direction,2,Clear,Dry,Dark-Not Lighted
2021-08-06T08:07:00.000,I 20,I 20 and W Of I20  Exit Ramp 30,,Sideswipe-Same Direction,2,Clear,Dry,Daylight
2022-04-09T22:32:00.000,I 20,I 20 and W Of I20,,Sideswipe-Same Direction,2,Clear,Dry,Dark-Not Lighted
2022-02-17T22:03:00.000,I 20,I 20 and W Of I20,,Not a Collision with Motor Vehicle,1,Rain,Wet,Dark-Not Lighted
2021-09-29T08:42:00.000,I 20,I 20 and W Of I10 Exit Ramp 44,,Rear End,3,Clear,Dry,Daylight
2020-04-28T15:40:00.000,I 20,I 20 and W Of He Holmes Dr,,Sideswipe-Same Direction,2,Clear,Dry,Daylight
2020-11-25T20:53:00.000,I 20,I 20 and W Of H E Holmes,,Rear End,2,Rain,Wet,Dark-Lighted
2023-02-09T09:25:00.000,I 20,I 20 and W Of Gresham Rd,,Not a Collision with Motor Vehicle,1,Cloudy,Dry,Daylight
2020-10-28T13:35:00.000,I 20,I 20 and W Of Fulton Industrial Boulev,,Rear End,3,Cloudy,Wet,Daylight
2023-08-01T11:05:00.000,I 20,I 20 and W Of Exit 78,,Not a Collision with Motor Vehicle,1,Clear,Dry,Daylight
2023-03-19T22:25:00.000,I 20,I 20 and W Of Candler Rd,,Angle Crash,3,Clear,Dry,Dark-Not Lighted
2020-06-01T09:05:00.000,I 20,I 20 and W Of Blvd,,Not a Collision with Motor Vehicle,1,Clear,Dry,Daylight
2021-10-22T11:41:00.000,I 20,I 20 and W Of  I20 Entrance Rp,,Rear End,2,Clear,Dry,Daylight
2021-08-09T17:55:00.000,I 20,I 20 and W Lake Ave Sw Underpass,,Sideswipe-Same Direction,2,Cloudy,Dry,Daylight
2021-07-27T08:55:00.000,I 20,I 20 and W Lake Ave,,Sideswipe-Same Direction,3,Clear,Dry,Daylight
2020-12-19T12:54:00.000,I 20,I 20 and W Lake Ave,,Sideswipe-Same Direction,2,Clear,Dry,Daylight
2022-12-17T01:04:00.000,I 20,I 20 and W Lake Ave,,Not a Collision with Motor Vehicle,1,Clear,Dry,Dark-Lighted
2022-08-19T18:45:00.000,I 20,I 20 and W Lake Ave,,Sideswipe-Same Direction,2,Cloudy,Dry,Daylight
2024-04-09T14:04:00.000,I 20,I 20 and W Lake Ave,,Rear End,2,Cloudy,Wet,Daylight
2023-03-31T19:13:00.000,I 20,I 20 and W Chapel Rd,,Sideswipe-Same Direction,2,Clear,Dry,Daylight
2023-09-05T06:00:00.000,I 20,I 20 and W Bound On Rp,,Rear End,2,Cloudy,Dry,Dark-Not Lighted
2020-03-25T01:20:00.000,I 20,I 20 and W Bound Mm 22,,Angle Crash,3,Rain,Wet,Dark-Not Lighted
2021-09-12T18:49:00.000,I 20,I 20 and W Avenue Opas,,Angle Crash,2,Clear,Dry,Daylight
2024-07-04T02:33:00.000,I 20,I 20 and W Ave I20Eb,,Rear End,2,Clear,Dry,Dark-Not Lighted
2024-02-26T14:33:00.000,I 20,I 20 and W Ave I20Eb,,Sideswipe-Same Direction,2,Clear,Dry,Daylight
2024-11-01T17:13:00.000,I 20,I 20 and W Ave I20Eb,,Sideswipe-Same Direction,2,Clear,Dry,Daylight
2023-01-20T17:55:00.000,I 20,I 20 and W Ave Exit,,Rear End,2,Clear,Dry,Daylight
2021-06-04T21:59:00.000,I 20,I 20 and W Ave,,Rear End,2,Clear,Dry,Daylight
2021-06-11T18:12:00.000,I 20,I 20 and W Ave,,Not a Collision with Motor Vehicle,2,Cloudy,Dry,Dark-Lighted
2021-07-04T16:20:00.000,I 20,I 20 and W Ave,,Rear End,2,Clear,Dry,Daylight
2021-08-03T14:45:00.000,I 20,I 20 and W Ave,,Not a Collision with Motor Vehicle,1,Cloudy,Wet,Daylight
2021-06-18T12:08:00.000,I 20,I 20 and W Ave,,Angle Crash,2,Clear,Dry,Daylight
2021-05-19T22:31:00.000,I 20,I 20 and W Ave,,Rear End,2,Clear,Dry,Daylight
2021-09-08T06:27:00.000,I 20,I 20 and W Ave,,Not a Collision with Motor Vehicle,1,Cloudy,Wet,Dark-Not Lighted
2021-05-01T10:41:00.000,I 20,I 20 and W Ave,,Sideswipe-Same Direction,2,Clear,Dry,Daylight