Date and Time,Roadway (From Crash Report),Intersection Name (from Crash Report),KABCO Severity,Manner of Collision (Crash Level) ,# of Vehicles per crash ,Weather Conditions (Crash Level),Surface Condition (Crash Level) ,Light Conditions (Crash Level)
2021-06-01T19:54:00.000,I 20,I 20 and W Ave,,Rear End,2,Clear,Dry,Daylight
2023-03-07T10:52:00.000,I 20,I 20 and W Ave,,Sideswipe-Same Direction,2,Clear,Dry,Daylight
2023-07-07T14:39:00.000,I 20,I 20 and W Ave,,Rear End,2,Clear,Dry,Daylight
2022-01-16T09:30:00.000,I 20,I 20 and W Ave,,Not a Collision with Motor Vehicle,1,Sleet,Wet,Daylight
2020-11-21T07:42:00.000,I 20,I 20 and W Ave,,Angle Crash,2,Clear,Dry,Dark-Lighted
2020-06-07T17:18:00.000,I 20,I 20 and W Ave,,Sideswipe-Same Direction,2,Clear,Dry,Daylight
2020-10-18T05:36:00.000,I 20,I 20 and W Ave,,Head On,4,Clear,Dry,Dark-Not Lighted
2020-08-14T13:12:00.000,I 20,I 20 and W Ave,,Not a Collision with Motor Vehicle,1,Cloudy,Dry,Daylight
2020-06-01T20:20:00.000,I 20,I 20 and W Ave,,Rear End,2,Clear,Dry,Daylight
2020-10-29T17:28:00.000,I 20,I 20 and W Ave,,Rear End,2,Clear,Dry,Daylight
2020-10-06T05:19:00.000,I 20,I 20 and W Ave,,Sideswipe-Same Direction,2,Clear,Dry,Dark-Lighted
2020-08-22T20:00:00.000,I 20,I 20 and W Ave,,Sideswipe-Same Direction,2,Clear,Dry,Dark-Not Lighted
2020-12-30T05:36:00.000,I 20,I 20 and W Ave,,Rear End,2,Cloudy,Dry,Dawn
2020-08-31T08:00:00.000,I 20,I 20 and W Ave,,Not a Collision with Motor Vehicle,1,Rain,Wet,Daylight
2020-08-07T17:20:00.000,I 20,I 20 and W Ave,,Rear End,3,Clear,Dry,Daylight
2020-02-27T17:38:00.000,I 20,I 20 and W Ave,,Rear End,3,Cloudy,Dry,Daylight
2020-02-16T05:20:00.000,I 20,I 20 and W Ave,,Not a Collision with Motor Vehicle,1,Cloudy,Dry,Dark-Lighted
2020-01-23T08:20:00.000,I 20,I 20 and W Ave,,Rear End,2,Cloudy,Dry,Daylight
2020-10-14T17:56:00.000,I 20,I 20 and W Ave,,Rear End,2,Clear,Dry,Daylight
2020-05-22T18:03:00.000,I 20,I 20 and W Ave,,Head On,1,Clear,Dry,Daylight
2020-01-09T18:24:00.000,I 20,I 20 and W Ave,,Rear End,2,Clear,Dry,Dark-Lighted
2020-03-16T18:45:00.000,I 20,I 20 and W Ave,,Rear End,2,Cloudy,Dry,Daylight
2020-01-23T07:52:00.000,I 20,I 20 and W Ave,,Angle Crash,2,Cloudy,Dry,Daylight
2020-08-07T15:29:00.000,I 20,I 20 and W Ave,,Rear End,4,Clear,Dry,Daylight
2020-01-10T14:00:00.000,I 20,I 20 and W Ave,,Rear End,3,Cloudy,Dry,Daylight
2021-06-28T03:33:00.000,I 20,I 20 and W Ave,,Angle Crash,2,Clear,Dry,Dark-Lighted
2021-04-25T04:47:00.000,I 20,I 20 and W Ave,,Rear End,2,Cloudy,Wet,Dark-Not Lighted
2021-04-25T07:55:00.000,I 20,I 20 and W Ave,,Sideswipe-Same Direction,2,Clear,Wet,Dark-Not Lighted
2021-05-14T08:40:00.000,I 20,I 20 and W Ave,,Rear End,4,Clear,Dry,Daylight
2021-07-01T03:15:00.000,I 20,I 20 and W Ave,,Angle Crash,2,Clear,Dry,Dark-Not Lighted
2022-01-17T16:40:00.000,I 20,I 20 and W Ave,,Not a Collision with Motor Vehicle,1,Cloudy,Dry,Daylight
2022-09-13T11:33:00.000,I 20,I 20 and W Ave,,Angle Crash,2,Clear,Dry,Daylight
2023-10-29T03:45:00.000,I 20,I 20 and W Ave,,Not a Collision with Motor Vehicle,1,Clear,Dry,Dark-Not Lighted
2024-11-17T02:15:00.000,I 20,I 20 and W Ave,,Not a Collision with Motor Vehicle,1,Clear,Dry,Dark-Not Lighted
2023-10-24T06:34:00.000,I 20,I 20 and W Ave,,Rear End,2,Clear,Dry,Dark-Not Lighted
2023-04-26T17:16:00.000,I 20,I 20 and W Ave,,Rear End,2,Cloudy,Dry,Daylight
2024-03-23T15:34:00.000,I 20,I 20 and W Ave,,Not a Collision with Motor Vehicle,1,Clear,Dry,Daylight
2023-07-03T12:00:00.000,I 20,I 20 and W Ave,,Rear End,3,Clear,Dry,Dark-Not Lighted
2024-12-18T14:46:00.000,I 20,I 20 and Vfw Dr,,Rear End,3,Clear,Dry,Daylight
2022-05-02T20:40:00.000,I 20,I 20 and Veterans Dr,,Sideswipe-Same Direction,2,Clear,Dry,Dark-Not Lighted
2021-11-28T17:28:00.000,I 20,I 20 and Veazy Road Opas,,Rear End,3,Cloudy,Dry,Dusk
2020-04-12T13:22:00.000,I 20,I 20 and Veazey Road Opas,,Not a Collision with Motor Vehicle,1,Cloudy,Wet,Daylight
2021-03-03T05:05:00.000,I 20,I 20 and Veazey Road Brg,,Not a Collision with Motor Vehicle,1,Rain,Wet,Dark-Not Lighted
2021-10-07T10:22:00.000,I 20,I 20 and Veazey Rd.,,Not a Collision with Motor Vehicle,1,Rain,Wet,Daylight
2021-10-07T11:35:00.000,I 20,I 20 and Veazey Rd.,,Sideswipe-Same Direction,2,Rain,Wet,Daylight
2021-07-09T15:11:00.000,I 20,I 20 and Veazey Rd Opas,,Not a Collision with Motor Vehicle,1,Rain,Wet,Daylight
2021-05-18T06:03:00.000,I 20,I 20 and Veazey Rd,,Not a Collision with Motor Vehicle,1,Clear,Dry,Dark-Not Lighted
2021-07-05T18:20:00.000,I 20,I 20 and Veazey Rd,,Rear End,2,Clear,Dry,Daylight
2021-07-11T14:28:00.000,I 20,I 20 and Veazey Rd,,Sideswipe-Same Direction,3,Cloudy,Dry,Daylight
2021-10-07T10:12:00.000,I 20,I 20 and Veazey Rd,,Sideswipe-Same Direction,2,Rain,Wet,Daylight
2021-03-17T16:23:00.000,I 20,I 20 and Veazey Rd,,Not a Collision with Motor Vehicle,1,Rain,Wet,Daylight
2021-07-20T11:30:00.000,I 20,I 20 and Veazey Rd,,Not a Collision with Motor Vehicle,1,Rain,Wet,Daylight
2021-09-06T21:22:00.000,I 20,I 20 and Veazey Rd,,Sideswipe-Same Direction,2,Clear,Dry,Dark-Not Lighted
2021-05-04T18:52:00.000,I 20,I 20 and Veazey Rd,,Not a Collision with Motor Vehicle,1,Rain,Wet,Daylight
2021-07-05T17:35:00.000,I 20,I 20 and Veazey Rd,,Rear End,2,Clear,Dry,Daylight
2021-08-16T18:30:00.000,I 20,I 20 and Veazey Rd,,Not a Collision with Motor Vehicle,1,Rain,Wet,Daylight
2021-03-13T18:55:00.000,I 20,I 20 and Veazey Rd,,Not a Collision with Motor Vehicle,1,Clear,Dry,Dark-Not Lighted
2020-08-22T10:38:00.000,I 20,I 20 and Veazey Rd,,Not a Collision with Motor Vehicle,1,Clear,Dry,Daylight
2020-02-06T14:26:00.000,I 20,I 20 and Veazey Rd,,Not a Collision with Motor Vehicle,1,Rain,Water (standing or moving),Daylight
2020-02-18T20:38:00.000,I 20,I 20 and Veazey Rd,,Sideswipe-Same Direction,2,Rain,Wet,Dark-Not Lighted
2020-01-28T09:56:00.000,I 20,I 20 and Veazey Rd,,Sideswipe-Same Direction,2,Clear,Dry,Daylight
2020-01-03T12:30:00.000,I 20,I 20 and Veazey Rd,,Not a Collision with Motor Vehicle,1,Rain,Wet,Daylight
2020-07-30T17:51:00.000,I 20,I 20 and Veazey Rd,,Not a Collision with Motor Vehicle,1,Rain,Wet,Daylight
2020-07-06T10:20:00.000,I 20,I 20 and Veazey Rd,,Not a Collision with Motor Vehicle,1,Rain,Wet,Daylight
2020-08-06T01:42:00.000,I 20,I 20 and Veazey Rd,,Rear End,2,Clear,Dry,Dark-Not Lighted
2020-10-30T15:16:00.000,I 20,I 20 and Veazey Rd,,Rear End,2,Clear,Dry,Daylight
2020-10-30T14:20:00.000,I 20,I 20 and Veazey Rd,,Angle Crash,2,Clear,Dry,Daylight
2020-12-01T07:18:00.000,I 20,I 20 and Veazey Rd,,Not a Collision with Motor Vehicle,1,Clear,Dry,Daylight
2021-04-09T06:45:00.000,I 20,I 20 and Veazey Rd,,Not a Collision with Motor Vehicle,1,Clear,Dry,Dark-Not Lighted
2021-05-12T18:43:00.000,I 20,I 20 and Veazey Rd,,Not a Collision with Motor Vehicle,1,Cloudy,Dry,Daylight
2021-06-20T14:55:00.000,I 20,I 20 and Veazey Rd,,Rear End,2,Cloudy,Dry,Daylight
2021-03-26T20:55:00.000,I 20,I 20 and Veazey Rd,,Sideswipe-Same Direction,2,Cloudy,Dry,Dark-Not Lighted
2021-08-17T08:57:00.000,I 20,I 20 and Veazey Rd,,Not a Collision with Motor Vehicle,1,Severe Thunderstorm or Tornadic,Water (standing or moving),Daylight
2021-11-28T14:55:00.000,I 20,I 20 and Veazey Rd,,(None),2,(None),(None),(None)
2021-08-17T03:47:00.000,I 20,I 20 and Veazey Rd,,Not a Collision with Motor Vehicle,1,Rain,Wet,Dark-Not Lighted
2021-07-24T15:19:00.000,I 20,I 20 and Veazey Rd,,Not a Collision with Motor Vehicle,1,Rain,Wet,Daylight
2021-08-14T15:45:00.000,I 20,I 20 and Veazey Rd,,Not a Collision with Motor Vehicle,1,Rain,Wet,Daylight
2021-10-07T13:14:00.000,I 20,I 20 and Veazey Rd,,Not a Collision with Motor Vehicle,1,Rain,Wet,Daylight
2021-10-28T21:27:00.000,I 20,I 20 and Veazey Rd,,Not a Collision with Motor Vehicle,1,Rain,Wet,Dark-Not Lighted
2022-01-03T02:09:00.000,I 20,I 20 and Veazey Rd,,Not a Collision with Motor Vehicle,1,Rain,Wet,Dark-Not Lighted
2024-11-14T10:50:00.000,I 20,I 20 and Veazey Rd,,Not a Collision with Motor Vehicle,1,Rain,Wet,Daylight
2021-07-03T03:02:00.000,I 20,I 20 and Us 278,,Not a Collision with Motor Vehicle,1,Clear,Dry,Dark-Not Lighted
2021-10-28T00:43:00.000,I 20,I 20 and Us 278,,Not a Collision with Motor Vehicle,1,Clear,Dry,Dark-Not Lighted
2024-11-08T14:45:00.000,I 20,I 20 and Us 278,,Rear End,3,Cloudy,Dry,Daylight
2024-11-26T00:57:00.000,I 20,I 20 and Us 278,,Not a Collision with Motor Vehicle,1,Clear,Dry,Dark-Lighted
2024-06-29T07:20:00.000,I 20,I 20 and Us 278,,Sideswipe-Same Direction,2,Rain,Water (standing or moving),Daylight
2024-10-27T19:43:00.000,I 20,I 20 and Us 278,,Rear End,2,Clear,Dry,Daylight
2024-11-11T16:41:00.000,I 20,I 20 and Us 278,,Sideswipe-Same Direction,2,Clear,Dry,Daylight
2024-08-01T11:27:00.000,I 20,I 20 and Us 278,,Not a Collision with Motor Vehicle,1,Clear,Dry,Daylight
2020-07-01T04:50:00.000,I 20,I 20 and Us 27,,Not a Collision with Motor Vehicle,1,Cloudy,Dry,Dark-Not Lighted
2021-02-12T07:49:00.000,I 20,I 20 and University Avenue Exit,,Not a Collision with Motor Vehicle,1,Rain,Water (standing or moving),Daylight
2022-03-16T16:50:00.000,I 20,I 20 and Under Lee Road Opas,,Rear End,2,Cloudy,Dry,Daylight
2020-02-10T15:25:00.000,I 20,I 20 and Under Boulevard Opas,,Sideswipe-Same Direction,2,Rain,Wet,Daylight
2022-06-04T20:34:00.000,I 20,I 20 and Under Blvd,,Sideswipe-Same Direction,2,Clear,Dry,Daylight
2022-06-06T14:40:00.000,I 20,I 20 and U.S. 61 Exit Rp,,Head On,1,Rain,Wet,Daylight
2023-03-24T10:25:00.000,I 20,I 20 and Tyson Road Opas,,Not a Collision with Motor Vehicle,1,Clear,Dry,Daylight
2023-09-30T07:39:00.000,I 20,I 20 and Tyson Rd Opas,,(None),2,(None),(None),(None)
2023-08-18T15:35:00.000,I 20,I 20 and Tyson Rd Brg,,Sideswipe-Same Direction,2,Clear,Dry,Daylight
2021-10-12T18:30:00.000,I 20,I 20 and Tyson Rd,,Sideswipe-Same Direction,2,Clear,Dry,Daylight
2023-02-18T04:28:00.000,I 20,I 20 and Tyson Rd,,Rear End,2,Clear,Dry,Dark-Not Lighted
2023-10-08T21:57:00.000,I 20,I 20 and Tyson Rd,,Not a Collision with Motor Vehicle,1,Clear,Dry,Dark-Not Lighted
2020-12-26T02:15:00.000,I 20,I 20 and Tyson Rd,,Not a Collision with Motor Vehicle,1,Clear,Dry,Dark-Not Lighted
2020-10-16T02:08:00.000,I 20,I 20 and Tyson Rd,,Not a Collision with Motor Vehicle,1,Clear,Dry,Dark-Not Lighted
2021-08-04T15:08:00.000,I 20,I 20 and Tyson Rd,,Sideswipe-Same Direction,2,Clear,Dry,Daylight
2024-03-01T15:44:00.000,I 20,I 20 and Tyson Rd,,Sideswipe-Same Direction,2,Rain,Wet,Daylight
2023-02-03T17:56:00.000,I 20,I 20 and Tyson Rd,,Rear End,2,Clear,Dry,Daylight
2024-02-18T05:01:00.000,I 20,I 20 and Tyson Rd,,Not a Collision with Motor Vehicle,1,Clear,Dry,Dark-Not Lighted
2020-06-18T12:15:00.000,I 20,I 20 and Tyson Brg,,Not a Collision with Motor Vehicle,1,Cloudy,Dry,Daylight
2020-08-08T20:20:00.000,I 20,I 20 and Tyrner Hill Rd,,Angle Crash,2,Clear,Dry,Daylight
2021-04-29T16:33:00.000,I 20,I 20 and Turnerhill Rd,,Rear End,2,Clear,Dry,Daylight
2021-01-22T06:39:00.000,I 20,I 20 and Turnerhill Rd,,Sideswipe-Same Direction,2,Rain,Wet,Dark-Not Lighted
2021-12-12T23:40:00.000,I 20,I 20 and Turnerhill Rd,,Not a Collision with Motor Vehicle,1,Clear,Dry,Dark-Not Lighted
2020-10-11T11:55:00.000,I 20,I 20 and Turnerhill Rd,,Angle Crash,2,Cloudy,Wet,Daylight
2020-10-30T15:10:00.000,I 20,I 20 and Turnerhill Rd,,Angle Crash,2,Clear,Dry,Daylight
2024-01-23T07:20:00.000,I 20,I 20 and Turner Lake Rd,,Sideswipe-Same Direction,1,Rain,Wet,Dusk
2021-12-29T10:19:00.000,I 20,I 20 and Turner Lake Dr,,Angle Crash,1,Rain,Wet,Daylight
2021-05-05T22:23:00.000,I 20,I 20 and Turner Hl,,Sideswipe-Same Direction,2,Clear,Dry,Dark-Not Lighted
2024-01-12T11:47:00.000,I 20,I 20 and Turner Hl,,Sideswipe-Same Direction,2,Rain,Wet,Daylight
2023-11-25T00:00:00.000,I 20,I 20 and Turner Hl,,Sideswipe-Same Direction,2,Clear,Dry,Daylight
2022-08-25T07:15:00.000,I 20,I 20 and Turner Hill Road.,,Angle Crash,3,Rain,Wet,Dawn
2020-12-08T22:50:00.000,I 20,I 20 and Turner Hill Road Exit,,Angle Crash,2,Clear,Dry,Dark-Lighted
2023-08-06T06:29:00.000,I 20,I 20 and Turner Hill Rd.,,Rear End,2,Clear,Dry,Daylight
2023-11-28T15:57:00.000,I 20,I 20 and Turner Hill Rd.,,Angle Crash,2,Clear,Dry,Daylight
2023-12-04T17:48:00.000,I 20,I 20 and Turner Hill Rd.,,Angle Crash,2,Clear,Dry,Dark-Lighted
2022-05-01T11:00:00.000,I 20,I 20 and Turner Hill Rd.,,Not a Collision with Motor Vehicle,1,Clear,Dry,Daylight
2022-07-05T14:54:00.000,I 20,I 20 and Turner Hill Rd.,,Rear End,2,Clear,Dry,Daylight
2022-04-06T17:12:00.000,I 20,I 20 and Turner Hill Rd.,,Rear End,3,Rain,Wet,Daylight
2022-07-11T20:32:00.000,I 20,I 20 and Turner Hill Rd.,,Not a Collision with Motor Vehicle,2,Clear,Dry,Daylight
2022-01-21T18:24:00.000,I 20,I 20 and Turner Hill Rd.,,Sideswipe-Same Direction,2,Clear,Wet,Daylight
2022-02-25T16:47:00.000,I 20,I 20 and Turner Hill Rd.,,Sideswipe-Same Direction,2,Clear,Dry,Daylight
2022-01-21T18:24:00.000,I 20,I 20 and Turner Hill Rd.,,Rear End,2,Rain,Wet,Dark-Not Lighted
2022-06-06T16:15:00.000,I 20,I 20 and Turner Hill Rd.,,Rear End,2,Rain,Wet,Daylight
2022-01-14T20:39:00.000,I 20,I 20 and Turner Hill Rd.,,Sideswipe-Same Direction,2,Clear,Dry,Dark-Not Lighted
2022-05-04T14:41:00.000,I 20,I 20 and Turner Hill Rd.,,Sideswipe-Same Direction,2,Clear,Dry,Daylight
2024-09-22T17:08:00.000,I 20,I 20 and Turner Hill Rd.,,Rear End,2,Clear,Dry,Daylight
2023-11-26T20:55:00.000,I 20,I 20 and Turner Hill Rd.,,Rear End,4,Rain,Wet,Dark-Lighted
2023-11-17T09:50:00.000,I 20,I 20 and Turner Hill Rd.,,Rear End,3,Clear,Dry,Daylight
2024-03-07T09:00:00.000,I 20,I 20 and Turner Hill Rd.,,Not a Collision with Motor Vehicle,1,Clear,Dry,Daylight
2024-07-30T16:50:00.000,I 20,I 20 and Turner Hill Rd.,,Sideswipe-Same Direction,2,Clear,Dry,Daylight
2024-02-20T07:20:00.000,I 20,I 20 and Turner Hill Rd.,,Not a Collision with Motor Vehicle,1,Clear,Dry,Daylight
2024-11-05T13:23:00.000,I 20,I 20 and Turner Hill Rd.,,Not a Collision with Motor Vehicle,1,Clear,Dry,Daylight
2024-12-03T15:16:00.000,I 20,I 20 and Turner Hill Rd.,,Angle Crash,3,Clear,Dry,Daylight
2021-01-30T12:30:00.000,I 20,I 20 and Turner Hill Rd Rd,,Rear End,2,Cloudy,Dry,Daylight
2021-03-28T00:20:00.000,I 20,I 20 and Turner Hill Rd Exit Rp,,Sideswipe-Same Direction,3,Cloudy,Dry,Dark-Not Lighted
2022-10-26T00:10:00.000,I 20,I 20 and Turner Hill Rd Exit Rp,,Sideswipe-Same Direction,2,Rain,Wet,Dark-Not Lighted
2023-04-13T23:01:00.000,I 20,I 20 and Turner Hill Rd Exit Rp,,Sideswipe-Same Direction,2,Cloudy,Wet,Dark-Not Lighted
2024-11-18T06:18:00.000,I 20,I 20 and Turner Hill Rd Exit Rp,,Sideswipe-Same Direction,2,Clear,Dry,Dark-Not Lighted
2024-09-03T18:39:00.000,I 20,I 20 and Turner Hill Rd Exit Rp,,Angle Crash,2,Clear,Dry,Daylight
2023-01-12T04:39:00.000,I 20,I 20 and Turner Hill Rd Exit 75,,Not a Collision with Motor Vehicle,1,Rain,Wet,Dark-Not Lighted
2022-06-09T00:38:00.000,I 20,I 20 and Turner Hill Rd Exit 75,,Not a Collision with Motor Vehicle,1,Rain,Wet,Dark-Not Lighted
2024-09-26T19:30:00.000,I 20,I 20 and Turner Hill Rd Exit 75,,Angle Crash,2,Clear,Dry,Dark-Not Lighted
2021-07-07T18:40:00.000,I 20,I 20 and Turner Hill Rd Exit,,Rear End,2,Clear,Dry,Daylight
2021-10-23T05:58:00.000,I 20,I 20 and Turner Hill Rd Exit,,Rear End,2,Clear,Dry,Dark-Lighted
2022-05-04T02:02:00.000,I 20,I 20 and Turner Hill Rd Exit,,Not a Collision with Motor Vehicle,2,Clear,Wet,Dark-Not Lighted
2020-01-06T08:37:00.000,I 20,I 20 and Turner Hill Rd Exir Rp,,Sideswipe-Same Direction,2,Clear,Dry,Daylight
2023-12-09T01:00:00.000,I 20,I 20 and Turner Hill Rd Entry Rp,,Rear End,3,Clear,Dry,Dark-Not Lighted
2023-11-02T02:48:00.000,I 20,I 20 and Turner Hill Rd Entry Rp,,Not a Collision with Motor Vehicle,1,Clear,Dry,Dark-Not Lighted
2023-08-11T04:15:00.000,I 20,I 20 and Turner Hill Rd Entry Rp,,Sideswipe-Same Direction,2,Clear,Dry,Dark-Not Lighted
2021-01-13T19:00:00.000,I 20,I 20 and Turner Hill Rd,,Rear End,2,Clear,Dry,Dark-Not Lighted
2021-02-04T13:59:00.000,I 20,I 20 and Turner Hill Rd,,Not a Collision with Motor Vehicle,2,Clear,Dry,Daylight
2021-03-20T15:00:00.000,I 20,I 20 and Turner Hill Rd,,Rear End,2,Clear,Dry,Daylight
2021-04-18T12:30:00.000,I 20,I 20 and Turner Hill Rd,,Sideswipe-Same Direction,2,Clear,Dry,Daylight
2021-06-19T16:16:00.000,I 20,I 20 and Turner Hill Rd,,Rear End,2,Rain,Wet,Daylight
2021-04-01T08:00:00.000,I 20,I 20 and Turner Hill Rd,,Rear End,2,Clear,Dry,Daylight
2021-02-28T15:57:00.000,I 20,I 20 and Turner Hill Rd,,Sideswipe-Same Direction,2,Clear,Dry,Daylight
2021-05-08T09:10:00.000,I 20,I 20 and Turner Hill Rd,,Angle Crash,2,Clear,Dry,Daylight
2021-02-14T10:35:00.000,I 20,I 20 and Turner Hill Rd,,Sideswipe-Same Direction,2,Rain,Wet,Daylight
2021-12-12T00:20:00.000,I 20,I 20 and Turner Hill Rd,,Rear End,3,Clear,Wet,Dark-Not Lighted
2021-07-07T15:30:00.000,I 20,I 20 and Turner Hill Rd,,Rear End,4,Clear,Dry,Daylight
2021-09-17T18:24:00.000,I 20,I 20 and Turner Hill Rd,,Rear End,2,Cloudy,Dry,Daylight
2021-08-21T03:00:00.000,I 20,I 20 and Turner Hill Rd,,Rear End,2,Clear,Dry,Dark-Not Lighted
2021-08-18T13:00:00.000,I 20,I 20 and Turner Hill Rd,,Not a Collision with Motor Vehicle,1,Clear,Dry,Daylight
2021-11-19T08:25:00.000,I 20,I 20 and Turner Hill Rd,,Rear End,2,Clear,Dry,Daylight
2021-12-01T12:25:00.000,I 20,I 20 and Turner Hill Rd,,Rear End,2,Clear,Dry,Daylight
2021-06-28T00:15:00.000,I 20,I 20 and Turner Hill Rd,,Angle Crash,2,Clear,Dry,Dark-Not Lighted
2021-01-20T02:08:00.000,I 20,I 20 and Turner Hill Rd,,Sideswipe-Same Direction,2,Clear,Dry,Dark-Not Lighted
2021-06-18T14:30:00.000,I 20,I 20 and Turner Hill Rd,,Angle Crash,2,Clear,Dry,Daylight
2021-05-13T05:00:00.000,I 20,I 20 and Turner Hill Rd,,Rear End,2,Clear,Dry,Dark-Not Lighted
2021-06-21T09:59:00.000,I 20,I 20 and Turner Hill Rd,,Sideswipe-Same Direction,2,Cloudy,Dry,Daylight
2021-02-23T14:25:00.000,I 20,I 20 and Turner Hill Rd,,Rear End,3,Clear,Dry,Daylight
2021-01-20T10:30:00.000,I 20,I 20 and Turner Hill Rd,,Sideswipe-Same Direction,2,Clear,Dry,Dark-Lighted
2021-05-20T17:14:00.000,I 20,I 20 and Turner Hill Rd,,Rear End,2,Clear,Dry,Daylight
2021-01-29T23:58:00.000,I 20,I 20 and Turner Hill Rd,,Not a Collision with Motor Vehicle,1,Clear,Dry,Dark-Not Lighted
2021-06-24T11:30:00.000,I 20,I 20 and Turner Hill Rd,,Rear End,2,Cloudy,Dry,Daylight
2021-03-20T13:50:00.000,I 20,I 20 and Turner Hill Rd,,Angle Crash,2,Clear,Dry,Daylight
2021-04-06T05:28:00.000,I 20,I 20 and Turner Hill Rd,,Sideswipe-Same Direction,2,Clear,Dry,Dark-Lighted
2021-01-22T07:20:00.000,I 20,I 20 and Turner Hill Rd,,Sideswipe-Same Direction,2,Rain,Wet,Daylight
2021-01-02T00:00:00.000,I 20,I 20 and Turner Hill Rd,,Rear End,2,Cloudy,Dry,Dark-Not Lighted
2021-04-12T07:55:00.000,I 20,I 20 and Turner Hill Rd,,Rear End,2,Clear,Dry,Daylight
2021-02-28T15:06:00.000,I 20,I 20 and Turner Hill Rd,,Sideswipe-Same Direction,2,Clear,Dry,Daylight
2021-03-19T13:15:00.000,I 20,I 20 and Turner Hill Rd,,Not a Collision with Motor Vehicle,1,Clear,Dry,Daylight
2021-01-08T10:08:00.000,I 20,I 20 and Turner Hill Rd,,Sideswipe-Same Direction,2,Rain,Wet,Daylight
2021-05-03T15:32:00.000,I 20,I 20 and Turner Hill Rd,,Rear End,2,Rain,Wet,Daylight
2021-05-18T14:01:00.000,I 20,I 20 and Turner Hill Rd,,Sideswipe-Same Direction,2,Clear,Dry,Daylight
2021-12-02T21:00:00.000,I 20,I 20 and Turner Hill Rd,,Rear End,2,Clear,Dry,Dark-Not Lighted
2021-10-27T18:00:00.000,I 20,I 20 and Turner Hill Rd,,Sideswipe-Same Direction,2,Clear,Dry,Daylight
2021-07-16T15:03:00.000,I 20,I 20 and Turner Hill Rd,,Sideswipe-Same Direction,2,Clear,Dry,Daylight
2021-10-25T10:15:00.000,I 20,I 20 and Turner Hill Rd,,Rear End,4,Clear,Dry,Dark-Lighted
2021-08-02T20:00:00.000,I 20,I 20 and Turner Hill Rd,,Sideswipe-Same Direction,2,Cloudy,Wet,Dark-Not Lighted
2021-09-01T09:18:00.000,I 20,I 20 and Turner Hill Rd,,Rear End,2,Clear,Dry,Daylight
2021-10-06T09:00:00.000,I 20,I 20 and Turner Hill Rd,,Sideswipe-Same Direction,2,Cloudy,Wet,Daylight
2021-08-21T03:01:00.000,I 20,I 20 and Turner Hill Rd,,Rear End,2,Clear,Dry,Dark-Lighted
2021-11-04T07:30:00.000,I 20,I 20 and Turner Hill Rd,,Not a Collision with Motor Vehicle,1,Clear,Dry,Daylight
2021-09-04T15:30:00.000,I 20,I 20 and Turner Hill Rd,,Not a Collision with Motor Vehicle,1,Clear,Dry,Daylight
2021-10-21T13:10:00.000,I 20,I 20 and Turner Hill Rd,,Sideswipe-Same Direction,2,Cloudy,Dry,Daylight
2021-11-11T12:05:00.000,I 20,I 20 and Turner Hill Rd,,Rear End,2,Clear,Dry,Daylight
2021-07-19T19:50:00.000,I 20,I 20 and Turner Hill Rd,,Not a Collision with Motor Vehicle,1,Rain,Wet,Daylight
2021-09-09T03:00:00.000,I 20,I 20 and Turner Hill Rd,,Sideswipe-Same Direction,2,Clear,Dry,Dark-Not Lighted
2021-08-26T08:15:00.000,I 20,I 20 and Turner Hill Rd,,Rear End,2,Fog,Dry,Dark-Lighted
2021-03-07T21:36:00.000,I 20,I 20 and Turner Hill Rd,,Sideswipe-Same Direction,2,Clear,Dry,Dark-Not Lighted
2021-06-06T18:06:00.000,I 20,I 20 and Turner Hill Rd,,Rear End,2,Clear,Dry,Daylight
2021-05-23T18:52:00.000,I 20,I 20 and Turner Hill Rd,,Rear End,2,Clear,Dry,Daylight
2021-05-05T12:30:00.000,I 20,I 20 and Turner Hill Rd,,Rear End,2,Cloudy,Dry,Daylight
2021-01-02T00:00:00.000,I 20,I 20 and Turner Hill Rd,,Rear End,2,Clear,Dry,Daylight
2021-05-23T14:53:00.000,I 20,I 20 and Turner Hill Rd,,Rear End,2,Clear,Dry,Daylight
2021-02-16T13:00:00.000,I 20,I 20 and Turner Hill Rd,,Sideswipe-Same Direction,2,Cloudy,Dry,Daylight
2021-08-06T00:00:00.000,I 20,I 20 and Turner Hill Rd,,Sideswipe-Same Direction,2,Clear,Dry,Daylight
2021-09-19T12:00:00.000,I 20,I 20 and Turner Hill Rd,,Sideswipe-Same Direction,2,Cloudy,Dry,Daylight
2021-12-30T15:20:00.000,I 20,I 20 and Turner Hill Rd,,Angle Crash,2,Rain,Wet,Daylight
2021-09-18T15:58:00.000,I 20,I 20 and Turner Hill Rd,,Sideswipe-Same Direction,2,Rain,Wet,Daylight
2021-07-30T15:24:00.000,I 20,I 20 and Turner Hill Rd,,Rear End,2,Clear,Dry,Daylight
2021-07-05T02:00:00.000,I 20,I 20 and Turner Hill Rd,,Sideswipe-Same Direction,2,Clear,Dry,Dark-Not Lighted
2021-09-07T13:50:00.000,I 20,I 20 and Turner Hill Rd,,Not a Collision with Motor Vehicle,1,Clear,Dry,Daylight