Date and Time,Roadway (From Crash Report),Intersection Name (from Crash Report),KABCO Severity,Manner of Collision (Crash Level) ,# of Vehicles per crash ,Weather Conditions (Crash Level),Surface Condition (Crash Level) ,Light Conditions (Crash Level)
2022-02-15T07:40:00.000,I 20,I 20 and Turner Hill Rd,,Rear End,2,Clear,Dry,Daylight
2022-12-03T17:42:00.000,I 20,I 20 and Turner Hill Rd,,Rear End,2,Clear,Dry,Dark-Lighted
2022-07-06T18:41:00.000,I 20,I 20 and Turner Hill Rd,,Rear End,2,Clear,Dry,Daylight
2021-07-21T13:37:00.000,I 20,I 20 and Turner Hill Rd,,Rear End,2,Clear,Dry,Daylight
2021-07-12T23:31:00.000,I 20,I 20 and Turner Hill Rd,,Sideswipe-Same Direction,2,Clear,Wet,Dark-Not Lighted
2021-10-26T09:42:00.000,I 20,I 20 and Turner Hill Rd,,Rear End,2,Clear,Dry,Daylight
2021-09-20T18:46:00.000,I 20,I 20 and Turner Hill Rd,,Rear End,2,Rain,Wet,Dark-Not Lighted
2021-10-16T19:30:00.000,I 20,I 20 and Turner Hill Rd,,Sideswipe-Same Direction,2,Clear,Dry,Dark-Lighted
2021-08-08T00:06:00.000,I 20,I 20 and Turner Hill Rd,,Sideswipe-Same Direction,2,Clear,Dry,Dark-Not Lighted
2021-07-03T16:50:00.000,I 20,I 20 and Turner Hill Rd,,Rear End,3,Clear,Dry,Daylight
2022-03-11T11:45:00.000,I 20,I 20 and Turner Hill Rd,,Sideswipe-Same Direction,2,Cloudy,Dry,Daylight
2022-10-12T17:12:00.000,I 20,I 20 and Turner Hill Rd,,Rear End,2,Rain,Wet,Daylight
2022-03-04T18:01:00.000,I 20,I 20 and Turner Hill Rd,,Rear End,2,Clear,Dry,Dark-Not Lighted
2022-06-21T18:34:00.000,I 20,I 20 and Turner Hill Rd,,Rear End,2,Clear,Dry,Daylight
2022-11-22T00:00:00.000,I 20,I 20 and Turner Hill Rd,,Angle Crash,2,Clear,Dry,Daylight
2022-08-27T16:40:00.000,I 20,I 20 and Turner Hill Rd,,Rear End,2,Clear,Dry,Daylight
2022-08-25T08:00:00.000,I 20,I 20 and Turner Hill Rd,,Rear End,2,Rain,Wet,Daylight
2022-07-12T14:00:00.000,I 20,I 20 and Turner Hill Rd,,Sideswipe-Same Direction,2,Clear,Dry,Daylight
2022-07-16T12:33:00.000,I 20,I 20 and Turner Hill Rd,,Rear End,2,Clear,Dry,Daylight
2022-12-10T11:05:00.000,I 20,I 20 and Turner Hill Rd,,Sideswipe-Same Direction,2,Cloudy,Dry,Daylight
2022-07-27T09:58:00.000,I 20,I 20 and Turner Hill Rd,,Rear End,2,Clear,Dry,Daylight
2022-01-11T13:30:00.000,I 20,I 20 and Turner Hill Rd,,Sideswipe-Same Direction,2,Clear,Dry,Daylight
2022-12-20T22:30:00.000,I 20,I 20 and Turner Hill Rd,,Angle Crash,2,Cloudy,Wet,Dark-Lighted
2022-05-26T05:29:00.000,I 20,I 20 and Turner Hill Rd,,Rear End,2,Rain,Wet,Dark-Not Lighted
2022-12-27T06:40:00.000,I 20,I 20 and Turner Hill Rd,,Sideswipe-Same Direction,2,Cloudy,Wet,Daylight
2022-11-23T19:00:00.000,I 20,I 20 and Turner Hill Rd,,Rear End,2,Clear,Dry,Dark-Lighted
2022-04-11T06:33:00.000,I 20,I 20 and Turner Hill Rd,,Rear End,2,Clear,Dry,Daylight
2022-05-26T20:59:00.000,I 20,I 20 and Turner Hill Rd,,Sideswipe-Same Direction,2,Cloudy,Wet,Dark-Not Lighted
2022-03-03T16:50:00.000,I 20,I 20 and Turner Hill Rd,,Sideswipe-Same Direction,2,Clear,Dry,Daylight
2022-03-21T07:13:00.000,I 20,I 20 and Turner Hill Rd,,Rear End,2,Clear,Dry,Daylight
2022-04-29T17:18:00.000,I 20,I 20 and Turner Hill Rd,,Rear End,2,Clear,Dry,Daylight
2022-08-15T07:06:00.000,I 20,I 20 and Turner Hill Rd,,Rear End,2,Cloudy,Dry,Dawn
2022-03-30T16:18:00.000,I 20,I 20 and Turner Hill Rd,,Sideswipe-Same Direction,2,Clear,Dry,Daylight
2022-07-09T21:10:00.000,I 20,I 20 and Turner Hill Rd,,Angle Crash,2,Cloudy,Wet,Dark-Not Lighted
2022-10-10T13:00:00.000,I 20,I 20 and Turner Hill Rd,,Not a Collision with Motor Vehicle,2,Clear,Dry,Daylight
2022-04-07T12:39:00.000,I 20,I 20 and Turner Hill Rd,,Not a Collision with Motor Vehicle,1,Clear,Dry,Daylight
2022-09-22T08:55:00.000,I 20,I 20 and Turner Hill Rd,,Rear End,2,Clear,Dry,Daylight
2022-07-30T15:54:00.000,I 20,I 20 and Turner Hill Rd,,Rear End,2,Cloudy,Dry,Daylight
2022-06-17T11:36:00.000,I 20,I 20 and Turner Hill Rd,,Rear End,2,Clear,Dry,Daylight
2022-09-06T10:38:00.000,I 20,I 20 and Turner Hill Rd,,Sideswipe-Same Direction,2,Clear,Dry,Daylight
2021-07-26T17:00:00.000,I 20,I 20 and Turner Hill Rd,,Not a Collision with Motor Vehicle,2,Cloudy,Dry,Daylight
2021-08-23T15:10:00.000,I 20,I 20 and Turner Hill Rd,,Rear End,2,Clear,Dry,Daylight
2021-08-07T06:03:00.000,I 20,I 20 and Turner Hill Rd,,Not a Collision with Motor Vehicle,1,Clear,Dry,Dark-Not Lighted
2022-05-11T17:00:00.000,I 20,I 20 and Turner Hill Rd,,Not a Collision with Motor Vehicle,2,Clear,Dry,Daylight
2022-10-07T15:00:00.000,I 20,I 20 and Turner Hill Rd,,Angle Crash,2,Clear,Dry,Daylight
2022-06-13T17:46:00.000,I 20,I 20 and Turner Hill Rd,,Angle Crash,2,Clear,Dry,Daylight
2022-07-05T02:00:00.000,I 20,I 20 and Turner Hill Rd,,Sideswipe-Same Direction,2,Cloudy,Wet,Dark-Lighted
2022-01-21T06:09:00.000,I 20,I 20 and Turner Hill Rd,,Angle Crash,3,Cloudy,Dry,Dark-Not Lighted
2022-07-10T14:04:00.000,I 20,I 20 and Turner Hill Rd,,Rear End,2,Clear,Dry,Daylight
2022-12-31T21:30:00.000,I 20,I 20 and Turner Hill Rd,,Angle Crash,2,Clear,Dry,Dark-Lighted
2022-02-28T11:42:00.000,I 20,I 20 and Turner Hill Rd,,Rear End,2,Clear,Dry,Daylight
2022-10-19T13:26:00.000,I 20,I 20 and Turner Hill Rd,,Not a Collision with Motor Vehicle,2,Clear,Dry,Daylight
2022-04-17T20:30:00.000,I 20,I 20 and Turner Hill Rd,,Rear End,2,Clear,Dry,Dusk
2022-12-12T15:42:00.000,I 20,I 20 and Turner Hill Rd,,Rear End,2,Clear,Dry,Daylight
2022-05-21T00:40:00.000,I 20,I 20 and Turner Hill Rd,,Rear End,2,Clear,Dry,Dark-Lighted
2022-11-29T09:15:00.000,I 20,I 20 and Turner Hill Rd,,Rear End,2,Clear,Dry,Daylight
2022-10-21T18:00:00.000,I 20,I 20 and Turner Hill Rd,,Angle Crash,2,Clear,Dry,Daylight
2022-08-30T13:00:00.000,I 20,I 20 and Turner Hill Rd,,Sideswipe-Same Direction,2,Clear,Dry,Daylight
2022-03-27T12:30:00.000,I 20,I 20 and Turner Hill Rd,,Rear End,2,Clear,Dry,Daylight
2022-06-13T13:38:00.000,I 20,I 20 and Turner Hill Rd,,Sideswipe-Same Direction,2,Clear,Dry,Daylight
2022-05-30T18:32:00.000,I 20,I 20 and Turner Hill Rd,,Rear End,2,Rain,Wet,Dusk
2022-08-04T21:05:00.000,I 20,I 20 and Turner Hill Rd,,Sideswipe-Same Direction,2,Clear,Dry,Dark-Lighted
2022-02-16T06:53:00.000,I 20,I 20 and Turner Hill Rd,,Rear End,2,Clear,Dry,Dawn
2022-05-14T00:20:00.000,I 20,I 20 and Turner Hill Rd,,Angle Crash,2,Clear,Dry,Dark-Not Lighted
2022-09-02T19:44:00.000,I 20,I 20 and Turner Hill Rd,,Angle Crash,2,Cloudy,Dry,Dusk
2022-08-12T18:00:00.000,I 20,I 20 and Turner Hill Rd,,Rear End,2,Clear,Dry,Daylight
2022-10-18T06:09:00.000,I 20,I 20 and Turner Hill Rd,,Rear End,2,Clear,Dry,Dawn
2022-04-28T11:40:00.000,I 20,I 20 and Turner Hill Rd,,Not a Collision with Motor Vehicle,1,Clear,Dry,Daylight
2022-03-21T09:49:00.000,I 20,I 20 and Turner Hill Rd,,Rear End,2,Clear,Dry,Daylight
2022-06-30T01:30:00.000,I 20,I 20 and Turner Hill Rd,,Rear End,2,Cloudy,Dry,Dark-Not Lighted
2022-04-09T17:00:00.000,I 20,I 20 and Turner Hill Rd,,Rear End,2,Clear,Dry,Daylight
2022-04-23T11:15:00.000,I 20,I 20 and Turner Hill Rd,,Sideswipe-Same Direction,2,Clear,Dry,Daylight
2022-07-02T00:00:00.000,I 20,I 20 and Turner Hill Rd,,Angle Crash,2,Clear,Dry,Dark-Lighted
2022-12-14T17:41:00.000,I 20,I 20 and Turner Hill Rd,,Rear End,3,Rain,Wet,Dark-Not Lighted
2022-10-30T10:20:00.000,I 20,I 20 and Turner Hill Rd,,Not a Collision with Motor Vehicle,1,Rain,Wet,Daylight
2022-07-02T04:20:00.000,I 20,I 20 and Turner Hill Rd,,Not a Collision with Motor Vehicle,1,Clear,Dry,Dark-Lighted
2022-02-05T08:22:00.000,I 20,I 20 and Turner Hill Rd,,Sideswipe-Same Direction,2,Clear,Dry,Daylight
2022-10-04T19:10:00.000,I 20,I 20 and Turner Hill Rd,,Rear End,2,Clear,Dry,Dark-Lighted
2022-08-01T11:56:00.000,I 20,I 20 and Turner Hill Rd,,Sideswipe-Same Direction,2,Cloudy,Dry,Daylight
2022-08-30T11:00:00.000,I 20,I 20 and Turner Hill Rd,,Sideswipe-Same Direction,3,Clear,Dry,Daylight
2022-10-04T17:13:00.000,I 20,I 20 and Turner Hill Rd,,Angle Crash,3,Clear,Dry,Daylight
2022-04-04T14:28:00.000,I 20,I 20 and Turner Hill Rd,,Rear End,2,Clear,Dry,Daylight
2022-09-26T11:38:00.000,I 20,I 20 and Turner Hill Rd,,Rear End,2,Clear,Dry,Daylight
2022-02-04T02:41:00.000,I 20,I 20 and Turner Hill Rd,,Not a Collision with Motor Vehicle,1,Rain,Water (standing or moving),Dark-Not Lighted
2022-07-31T18:42:00.000,I 20,I 20 and Turner Hill Rd,,Rear End,2,Clear,Dry,Daylight
2022-03-26T13:30:00.000,I 20,I 20 and Turner Hill Rd,,Rear End,2,Clear,Dry,Daylight
2022-09-26T06:44:00.000,I 20,I 20 and Turner Hill Rd,,Sideswipe-Same Direction,2,Cloudy,Dry,Daylight
2022-08-20T23:38:00.000,I 20,I 20 and Turner Hill Rd,,Rear End,2,Rain,Wet,Dark-Lighted
2022-06-26T02:06:00.000,I 20,I 20 and Turner Hill Rd,,Rear End,2,Clear,Dry,Dark-Not Lighted
2022-11-29T08:55:00.000,I 20,I 20 and Turner Hill Rd,,Rear End,3,Clear,Dry,Daylight
2022-10-26T17:15:00.000,I 20,I 20 and Turner Hill Rd,,Rear End,2,Clear,Dry,Daylight
2022-02-17T13:20:00.000,I 20,I 20 and Turner Hill Rd,,Sideswipe-Same Direction,3,Cloudy,Dry,Daylight
2022-02-20T05:50:00.000,I 20,I 20 and Turner Hill Rd,,Sideswipe-Same Direction,2,Clear,Dry,Dark-Lighted
2022-06-01T12:10:00.000,I 20,I 20 and Turner Hill Rd,,Rear End,2,Clear,Dry,Daylight
2022-09-06T06:40:00.000,I 20,I 20 and Turner Hill Rd,,Rear End,2,Clear,Dry,Daylight
2022-06-19T17:40:00.000,I 20,I 20 and Turner Hill Rd,,Angle Crash,3,Clear,Dry,Daylight
2022-09-10T10:00:00.000,I 20,I 20 and Turner Hill Rd,,Sideswipe-Same Direction,2,Cloudy,Wet,Daylight
2022-09-24T07:46:00.000,I 20,I 20 and Turner Hill Rd,,Not a Collision with Motor Vehicle,1,Clear,Dry,Daylight
2022-05-26T17:00:00.000,I 20,I 20 and Turner Hill Rd,,Rear End,2,Clear,Dry,Daylight
2022-09-06T06:15:00.000,I 20,I 20 and Turner Hill Rd,,Rear End,3,Clear,Dry,Daylight
2022-01-27T00:00:00.000,I 20,I 20 and Turner Hill Rd,,Sideswipe-Same Direction,2,Clear,Dry,Daylight
2022-03-10T22:40:00.000,I 20,I 20 and Turner Hill Rd,,Rear End,2,Cloudy,Dry,Dark-Not Lighted
2022-02-06T17:53:00.000,I 20,I 20 and Turner Hill Rd,,Rear End,2,Clear,Dry,Daylight
2022-04-24T20:40:00.000,I 20,I 20 and Turner Hill Rd,,Not a Collision with Motor Vehicle,1,Clear,Dry,Dark-Lighted
2022-04-29T00:00:00.000,I 20,I 20 and Turner Hill Rd,,Rear End,2,Clear,Dry,Dark-Lighted
2022-06-15T18:40:00.000,I 20,I 20 and Turner Hill Rd,,Rear End,2,Clear,Dry,Daylight
2022-08-25T01:20:00.000,I 20,I 20 and Turner Hill Rd,,Sideswipe-Same Direction,2,Clear,Dry,Dark-Not Lighted
2022-09-06T04:58:00.000,I 20,I 20 and Turner Hill Rd,,Angle Crash,5,Clear,Dry,Dark-Lighted
2022-06-18T11:25:00.000,I 20,I 20 and Turner Hill Rd,,Sideswipe-Same Direction,2,Clear,Dry,Daylight
2022-09-02T18:00:00.000,I 20,I 20 and Turner Hill Rd,,Rear End,2,Cloudy,Wet,Daylight
2022-07-02T04:25:00.000,I 20,I 20 and Turner Hill Rd,,Angle Crash,3,Clear,Dry,Dark-Not Lighted
2022-06-17T15:28:00.000,I 20,I 20 and Turner Hill Rd,,Rear End,2,Clear,Dry,Daylight
2022-09-14T10:10:00.000,I 20,I 20 and Turner Hill Rd,,Sideswipe-Same Direction,2,Clear,Dry,Daylight
2022-06-03T18:12:00.000,I 20,I 20 and Turner Hill Rd,,Rear End,2,Clear,Dry,Daylight
2022-07-25T18:43:00.000,I 20,I 20 and Turner Hill Rd,,Rear End,2,Clear,Dry,Daylight
2022-03-25T19:30:00.000,I 20,I 20 and Turner Hill Rd,,Sideswipe-Same Direction,3,Cloudy,Dry,Dark-Lighted
2022-03-30T14:39:00.000,I 20,I 20 and Turner Hill Rd,,Sideswipe-Same Direction,2,Clear,Dry,Daylight
2022-12-14T13:42:00.000,I 20,I 20 and Turner Hill Rd,,Sideswipe-Same Direction,2,Rain,Wet,Daylight
2022-09-30T12:20:00.000,I 20,I 20 and Turner Hill Rd,,Sideswipe-Same Direction,2,Clear,Dry,Daylight
2022-08-08T16:26:00.000,I 20,I 20 and Turner Hill Rd,,Not a Collision with Motor Vehicle,1,Rain,Wet,Daylight
2022-12-15T17:30:00.000,I 20,I 20 and Turner Hill Rd,,Angle Crash,2,Clear,Dry,Dark-Not Lighted
2022-06-16T13:00:00.000,I 20,I 20 and Turner Hill Rd,,Rear End,2,Clear,Dry,Daylight
2022-11-20T02:11:00.000,I 20,I 20 and Turner Hill Rd,,Angle Crash,2,Clear,Dry,Dark-Not Lighted
2022-06-26T17:39:00.000,I 20,I 20 and Turner Hill Rd,,Rear End,2,Cloudy,Dry,Daylight
2022-10-21T15:42:00.000,I 20,I 20 and Turner Hill Rd,,Sideswipe-Same Direction,2,Clear,Dry,Daylight
2022-12-04T17:02:00.000,I 20,I 20 and Turner Hill Rd,,Sideswipe-Same Direction,2,Cloudy,Dry,Dusk
2022-07-13T08:56:00.000,I 20,I 20 and Turner Hill Rd,,Rear End,2,Clear,Dry,Daylight
2022-10-12T17:12:00.000,I 20,I 20 and Turner Hill Rd,,Rear End,2,Rain,Wet,Daylight
2022-02-26T22:30:00.000,I 20,I 20 and Turner Hill Rd,,Rear End,2,Clear,Dry,Dark-Not Lighted
2022-09-14T11:15:00.000,I 20,I 20 and Turner Hill Rd,,Rear End,2,Clear,Dry,Daylight
2022-09-28T06:20:00.000,I 20,I 20 and Turner Hill Rd,,Rear End,2,Clear,Dry,Daylight
2022-10-02T23:29:00.000,I 20,I 20 and Turner Hill Rd,,Not a Collision with Motor Vehicle,1,Clear,Dry,Dark-Lighted
2022-06-17T16:57:00.000,I 20,I 20 and Turner Hill Rd,,Rear End,2,Clear,Dry,Daylight
2022-02-04T08:45:00.000,I 20,I 20 and Turner Hill Rd,,Rear End,2,Rain,Wet,Daylight
2022-03-03T15:38:00.000,I 20,I 20 and Turner Hill Rd,,Rear End,2,Clear,Dry,Daylight
2022-06-06T17:34:00.000,I 20,I 20 and Turner Hill Rd,,Rear End,2,Clear,Dry,Daylight
2022-01-03T09:10:00.000,I 20,I 20 and Turner Hill Rd,,Rear End,2,Cloudy,Wet,Daylight
2023-09-15T14:30:00.000,I 20,I 20 and Turner Hill Rd,,Not a Collision with Motor Vehicle,2,Clear,Wet,Daylight
2023-02-24T16:59:00.000,I 20,I 20 and Turner Hill Rd,,Rear End,2,Clear,Dry,Dark-Lighted
2023-01-27T08:00:00.000,I 20,I 20 and Turner Hill Rd,,Rear End,2,Clear,Dry,Daylight
2023-03-17T18:00:00.000,I 20,I 20 and Turner Hill Rd,,Rear End,2,Rain,Wet,Daylight
2024-05-19T02:08:00.000,I 20,I 20 and Turner Hill Rd,,Not a Collision with Motor Vehicle,1,Clear,Dry,Dark-Not Lighted
2024-12-02T15:11:00.000,I 20,I 20 and Turner Hill Rd,,Not a Collision with Motor Vehicle,1,Clear,Dry,Daylight
2024-02-01T19:40:00.000,I 20,I 20 and Turner Hill Rd,,Angle Crash,2,Clear,Dry,Dark-Not Lighted
2024-02-18T00:07:00.000,I 20,I 20 and Turner Hill Rd,,Angle Crash,2,Clear,Dry,Dark-Not Lighted
2024-12-13T12:43:00.000,I 20,I 20 and Turner Hill Rd,,Sideswipe-Same Direction,2,Clear,Dry,Daylight
2024-08-28T00:00:00.000,I 20,I 20 and Turner Hill Rd,,Rear End,3,Clear,Dry,Dark-Lighted
2024-08-18T06:00:00.000,I 20,I 20 and Turner Hill Rd,,Not a Collision with Motor Vehicle,1,Clear,Dry,Daylight
2024-01-31T19:30:00.000,I 20,I 20 and Turner Hill Rd,,Angle Crash,2,Clear,Dry,Dark-Lighted
2024-11-24T16:40:00.000,I 20,I 20 and Turner Hill Rd,,Rear End,2,Clear,Dry,Daylight
2024-12-04T05:40:00.000,I 20,I 20 and Turner Hill Rd,,Rear End,2,Clear,Dry,Dark-Not Lighted
2024-03-22T14:40:00.000,I 20,I 20 and Turner Hill Rd,,Rear End,2,Rain,Wet,Daylight
2024-01-27T23:12:00.000,I 20,I 20 and Turner Hill Rd,,Rear End,2,Cloudy,Wet,Dark-Not Lighted
2024-03-14T18:53:00.000,I 20,I 20 and Turner Hill Rd,,Sideswipe-Same Direction,2,Clear,Dry,Dusk
2024-03-26T10:00:00.000,I 20,I 20 and Turner Hill Rd,,Sideswipe-Same Direction,2,Rain,Wet,Daylight
2024-02-09T11:45:00.000,I 20,I 20 and Turner Hill Rd,,Not a Collision with Motor Vehicle,1,Cloudy,Dry,Daylight
2024-11-25T22:10:00.000,I 20,I 20 and Turner Hill Rd,,Rear End,2,Clear,Dry,Dark-Not Lighted
2024-05-12T18:11:00.000,I 20,I 20 and Turner Hill Rd,,Sideswipe-Same Direction,2,Clear,Dry,Daylight
2024-04-08T00:00:00.000,I 20,I 20 and Turner Hill Rd,,Rear End,2,Clear,Dry,Daylight
2023-03-13T09:33:00.000,I 20,I 20 and Turner Hill Rd,,Rear End,2,Clear,Dry,Daylight
2023-06-17T18:00:00.000,I 20,I 20 and Turner Hill Rd,,Sideswipe-Same Direction,2,Clear,Dry,Dark-Lighted
2023-01-04T07:36:00.000,I 20,I 20 and Turner Hill Rd,,Rear End,2,Rain,Wet,Daylight
2023-08-10T18:00:00.000,I 20,I 20 and Turner Hill Rd,,Sideswipe-Same Direction,2,Clear,Dry,Daylight
2023-12-29T23:40:00.000,I 20,I 20 and Turner Hill Rd,,Rear End,2,Clear,Dry,Dark-Not Lighted
2024-10-05T12:52:00.000,I 20,I 20 and Turner Hill Rd,,Not a Collision with Motor Vehicle,1,Clear,Dry,Daylight
2024-09-30T08:10:00.000,I 20,I 20 and Turner Hill Rd,,Sideswipe-Same Direction,2,Clear,Dry,Daylight
2024-07-11T13:00:00.000,I 20,I 20 and Turner Hill Rd,,Rear End,2,Clear,Dry,Daylight
2024-06-23T20:00:00.000,I 20,I 20 and Turner Hill Rd,,Rear End,2,Clear,Dry,Daylight
2023-03-11T14:55:00.000,I 20,I 20 and Turner Hill Rd,,Rear End,2,Clear,Dry,Daylight
2023-09-14T16:00:00.000,I 20,I 20 and Turner Hill Rd,,Angle Crash,3,Clear,Wet,Daylight
2023-05-06T06:10:00.000,I 20,I 20 and Turner Hill Rd,,Sideswipe-Same Direction,2,Clear,Dry,Dark-Lighted
2023-10-30T07:20:00.000,I 20,I 20 and Turner Hill Rd,,Sideswipe-Same Direction,2,Clear,Dry,Daylight
2023-04-12T06:20:00.000,I 20,I 20 and Turner Hill Rd,,Not a Collision with Motor Vehicle,2,Clear,Dry,Dark-Lighted
2023-05-22T06:10:00.000,I 20,I 20 and Turner Hill Rd,,Rear End,2,Clear,Dry,Dark-Lighted
2023-10-15T03:36:00.000,I 20,I 20 and Turner Hill Rd,,Sideswipe-Same Direction,2,Clear,Dry,Dark-Not Lighted
2023-07-16T18:40:00.000,I 20,I 20 and Turner Hill Rd,,Rear End,2,Clear,Dry,Daylight
2023-12-16T23:00:00.000,I 20,I 20 and Turner Hill Rd,,Rear End,2,Rain,Wet,Dark-Not Lighted
2023-05-06T08:30:00.000,I 20,I 20 and Turner Hill Rd,,Not a Collision with Motor Vehicle,1,Clear,Dry,Daylight
2023-06-30T11:00:00.000,I 20,I 20 and Turner Hill Rd,,Not a Collision with Motor Vehicle,2,Clear,Dry,Daylight
2023-08-28T15:30:00.000,I 20,I 20 and Turner Hill Rd,,Sideswipe-Same Direction,2,Clear,Dry,Daylight
2023-10-31T06:50:00.000,I 20,I 20 and Turner Hill Rd,,Sideswipe-Same Direction,2,Clear,Dry,Daylight
2023-03-27T13:19:00.000,I 20,I 20 and Turner Hill Rd,,Rear End,2,Clear,Dry,Daylight
2023-07-31T17:10:00.000,I 20,I 20 and Turner Hill Rd,,Angle Crash,2,Clear,Dry,Daylight
2023-12-07T09:00:00.000,I 20,I 20 and Turner Hill Rd,,Sideswipe-Same Direction,2,Clear,Dry,Daylight
2023-03-19T19:00:00.000,I 20,I 20 and Turner Hill Rd,,Rear End,4,Clear,Dry,Daylight
2023-03-26T16:20:00.000,I 20,I 20 and Turner Hill Rd,,Sideswipe-Opposite Direction,2,Clear,Dry,Daylight
2023-07-08T22:50:00.000,I 20,I 20 and Turner Hill Rd,,Rear End,2,Clear,Dry,Dark-Not Lighted
2023-10-06T01:04:00.000,I 20,I 20 and Turner Hill Rd,,Angle Crash,2,Clear,Dry,Dark-Lighted
2023-10-07T07:40:00.000,I 20,I 20 and Turner Hill Rd,,Angle Crash,5,Clear,Dry,Daylight
2023-07-15T12:50:00.000,I 20,I 20 and Turner Hill Rd,,Rear End,2,Clear,Dry,Daylight
2023-10-31T06:50:00.000,I 20,I 20 and Turner Hill Rd,,Sideswipe-Same Direction,2,Clear,Dry,Daylight
2023-10-06T19:43:00.000,I 20,I 20 and Turner Hill Rd,,Angle Crash,2,Clear,Dry,Dark-Lighted
2023-09-07T19:30:00.000,I 20,I 20 and Turner Hill Rd,,Rear End,3,Clear,Dry,Daylight
2023-11-24T00:18:00.000,I 20,I 20 and Turner Hill Rd,,Sideswipe-Same Direction,2,Clear,Dry,Dark-Lighted
2023-10-07T09:42:00.000,I 20,I 20 and Turner Hill Rd,,Sideswipe-Same Direction,2,Clear,Dry,Daylight
2023-10-16T08:10:00.000,I 20,I 20 and Turner Hill Rd,,Rear End,2,Clear,Dry,Daylight
2023-05-11T05:15:00.000,I 20,I 20 and Turner Hill Rd,,Sideswipe-Same Direction,2,Rain,Wet,Dark-Not Lighted
2023-11-03T07:05:00.000,I 20,I 20 and Turner Hill Rd,,Rear End,2,Clear,Dry,Dawn
2023-07-22T16:35:00.000,I 20,I 20 and Turner Hill Rd,,Rear End,2,Clear,Dry,Daylight
2023-06-10T10:20:00.000,I 20,I 20 and Turner Hill Rd,,Rear End,2,Clear,Dry,Daylight
2023-03-25T15:10:00.000,I 20,I 20 and Turner Hill Rd,,Rear End,2,Clear,Dry,Daylight
2023-11-19T16:31:00.000,I 20,I 20 and Turner Hill Rd,,Not a Collision with Motor Vehicle,1,Clear,Dry,Daylight
2023-04-12T14:38:00.000,I 20,I 20 and Turner Hill Rd,,Rear End,2,Clear,Dry,Daylight
2023-06-29T13:24:00.000,I 20,I 20 and Turner Hill Rd,,Rear End,2,Clear,Dry,Daylight
2023-10-16T14:12:00.000,I 20,I 20 and Turner Hill Rd,,Sideswipe-Same Direction,2,Clear,Dry,Daylight
2023-04-08T16:25:00.000,I 20,I 20 and Turner Hill Rd,,Rear End,2,Clear,Wet,Daylight
2023-10-13T10:55:00.000,I 20,I 20 and Turner Hill Rd,,Angle Crash,2,Cloudy,Dry,Daylight
2023-11-06T17:00:00.000,I 20,I 20 and Turner Hill Rd,,Sideswipe-Same Direction,2,Clear,Dry,Daylight
2023-03-20T14:38:00.000,I 20,I 20 and Turner Hill Rd,,Rear End,3,Clear,Dry,Daylight
2023-05-21T08:25:00.000,I 20,I 20 and Turner Hill Rd,,Sideswipe-Same Direction,2,Clear,Dry,Daylight
2023-07-29T15:27:00.000,I 20,I 20 and Turner Hill Rd,,Rear End,2,Clear,Dry,Daylight
2023-01-04T14:19:00.000,I 20,I 20 and Turner Hill Rd,,Angle Crash,2,Cloudy,Dry,Daylight
2023-06-10T00:00:00.000,I 20,I 20 and Turner Hill Rd,,Angle Crash,2,Clear,Dry,Daylight
2023-12-16T23:50:00.000,I 20,I 20 and Turner Hill Rd,,Rear End,3,Clear,Wet,Dark-Not Lighted
2023-04-27T06:45:00.000,I 20,I 20 and Turner Hill Rd,,Rear End,3,Clear,Wet,Daylight
2023-04-18T22:50:00.000,I 20,I 20 and Turner Hill Rd,,Not a Collision with Motor Vehicle,4,Clear,Dry,Dark-Lighted
2023-11-20T22:49:00.000,I 20,I 20 and Turner Hill Rd,,Sideswipe-Same Direction,2,Clear,Dry,Dark-Not Lighted
2023-12-17T18:14:00.000,I 20,I 20 and Turner Hill Rd,,Sideswipe-Same Direction,2,Cloudy,Wet,Dark-Not Lighted
2023-07-16T11:20:00.000,I 20,I 20 and Turner Hill Rd,,Rear End,2,Clear,Dry,Daylight
2023-10-01T21:17:00.000,I 20,I 20 and Turner Hill Rd,,Angle Crash,2,Clear,Dry,Dark-Not Lighted
2023-04-26T16:00:00.000,I 20,I 20 and Turner Hill Rd,,Sideswipe-Same Direction,2,Clear,Dry,Daylight
2023-04-04T23:45:00.000,I 20,I 20 and Turner Hill Rd,,Rear End,2,Clear,Dry,Dark-Lighted
2023-04-05T17:00:00.000,I 20,I 20 and Turner Hill Rd,,Rear End,4,Clear,Dry,Daylight
2023-03-23T17:40:00.000,I 20,I 20 and Turner Hill Rd,,Rear End,2,Clear,Dry,Daylight
2023-04-16T18:19:00.000,I 20,I 20 and Turner Hill Rd,,Rear End,2,Rain,Wet,Daylight
2023-01-16T15:33:00.000,I 20,I 20 and Turner Hill Rd,,Angle Crash,4,Clear,Dry,Daylight
2024-12-13T22:45:00.000,I 20,I 20 and Turner Hill Rd,,Angle Crash,2,Clear,Dry,Dark-Not Lighted
2024-01-28T11:55:00.000,I 20,I 20 and Turner Hill Rd,,Not a Collision with Motor Vehicle,1,Cloudy,Dry,Daylight
2024-02-05T18:25:00.000,I 20,I 20 and Turner Hill Rd,,Rear End,2,Clear,Dry,Daylight
2024-10-23T17:30:00.000,I 20,I 20 and Turner Hill Rd,,Rear End,3,Clear,Dry,Daylight
2024-05-11T13:00:00.000,I 20,I 20 and Turner Hill Rd,,Angle Crash,2,Clear,Dry,Daylight