Date and Time,Roadway (From Crash Report),Intersection Name (from Crash Report),KABCO Severity,Manner of Collision (Crash Level) ,# of Vehicles per crash ,Weather Conditions (Crash Level),Surface Condition (Crash Level) ,Light Conditions (Crash Level)
2024-06-11T23:00:00.000,I 20,I 20 and Turner Hill Rd,,Sideswipe-Same Direction,2,Clear,Dry,Dark-Not Lighted
2024-04-13T15:15:00.000,I 20,I 20 and Turner Hill Rd,,Rear End,2,Clear,Dry,Daylight
2024-05-22T23:00:00.000,I 20,I 20 and Turner Hill Rd,,Not a Collision with Motor Vehicle,1,Clear,Dry,Dark-Not Lighted
2024-03-13T06:52:00.000,I 20,I 20 and Turner Hill Rd,,Rear End,2,Clear,Dry,Daylight
2024-03-23T00:27:00.000,I 20,I 20 and Turner Hill Rd,,Not a Collision with Motor Vehicle,2,Cloudy,Wet,Dark-Not Lighted
2024-03-13T22:33:00.000,I 20,I 20 and Turner Hill Rd,,Not a Collision with Motor Vehicle,1,Clear,Dry,Dark-Not Lighted
2024-05-07T21:20:00.000,I 20,I 20 and Turner Hill Rd,,Sideswipe-Same Direction,2,Clear,Dry,Dark-Lighted
2024-02-08T08:19:00.000,I 20,I 20 and Turner Hill Rd,,Not a Collision with Motor Vehicle,1,Clear,Dry,Daylight
2024-11-26T14:45:00.000,I 20,I 20 and Turner Hill Rd,,Angle Crash,2,Clear,Dry,Daylight
2024-10-26T11:14:00.000,I 20,I 20 and Turner Hill Rd,,Angle Crash,2,Clear,Dry,Daylight
2024-10-28T18:19:00.000,I 20,I 20 and Turner Hill Rd,,Rear End,2,Clear,Dry,Daylight
2024-11-24T17:30:00.000,I 20,I 20 and Turner Hill Rd,,Sideswipe-Same Direction,3,Clear,Dry,Daylight
2024-10-24T00:48:00.000,I 20,I 20 and Turner Hill Rd,,Rear End,2,Clear,Dry,Dark-Not Lighted
2024-10-11T21:26:00.000,I 20,I 20 and Turner Hill Rd,,Not a Collision with Motor Vehicle,1,Clear,Dry,Dark-Lighted
2024-11-29T19:55:00.000,I 20,I 20 and Turner Hill Rd,,Rear End,2,Clear,Dry,Dark-Lighted
2024-04-14T23:47:00.000,I 20,I 20 and Turner Hill Rd,,Rear End,2,Clear,Dry,Dark-Not Lighted
2024-04-18T00:00:00.000,I 20,I 20 and Turner Hill Rd,,Sideswipe-Same Direction,2,Clear,Dry,Daylight
2024-08-07T16:55:00.000,I 20,I 20 and Turner Hill Rd,,Angle Crash,2,Clear,Dry,Daylight
2024-12-12T13:55:00.000,I 20,I 20 and Turner Hill Rd,,Angle Crash,2,Clear,Dry,Daylight
2024-08-18T05:06:00.000,I 20,I 20 and Turner Hill Rd,,Rear End,2,Clear,Wet,Dark-Not Lighted
2024-01-02T00:40:00.000,I 20,I 20 and Turner Hill Rd,,Angle Crash,2,Clear,Dry,Dark-Lighted
2024-01-26T00:08:00.000,I 20,I 20 and Turner Hill Rd,,Angle Crash,3,Clear,Dry,Dark-Not Lighted
2024-11-27T16:05:00.000,I 20,I 20 and Turner Hill Rd,,Rear End,2,Clear,Dry,Daylight
2024-12-04T06:12:00.000,I 20,I 20 and Turner Hill Rd,,Rear End,2,Clear,Dry,Dark-Not Lighted
2024-03-19T07:00:00.000,I 20,I 20 and Turner Hill Rd,,Rear End,2,Clear,Dry,Dawn
2024-07-10T15:30:00.000,I 20,I 20 and Turner Hill Rd,,Rear End,2,Clear,Dry,Daylight
2024-04-09T07:18:00.000,I 20,I 20 and Turner Hill Rd,,Angle Crash,2,Rain,Wet,Dawn
2024-01-05T08:25:00.000,I 20,I 20 and Turner Hill Rd,,Not a Collision with Motor Vehicle,2,Clear,Dry,Daylight
2024-10-25T13:25:00.000,I 20,I 20 and Turner Hill Rd,,Sideswipe-Same Direction,2,Clear,Dry,Daylight
2024-09-01T01:20:00.000,I 20,I 20 and Turner Hill Rd,,Not a Collision with Motor Vehicle,2,Clear,Dry,Dark-Not Lighted
2024-09-13T18:00:00.000,I 20,I 20 and Turner Hill Rd,,Rear End,2,Clear,Dry,Daylight
2024-03-21T05:15:00.000,I 20,I 20 and Turner Hill Rd,,Rear End,2,Clear,Dry,Dark-Not Lighted
2024-06-29T22:39:00.000,I 20,I 20 and Turner Hill Rd,,Not a Collision with Motor Vehicle,1,Clear,Dry,Dark-Lighted
2024-02-03T09:47:00.000,I 20,I 20 and Turner Hill Rd,,Rear End,2,Clear,Dry,Daylight
2024-02-26T09:25:00.000,I 20,I 20 and Turner Hill Rd,,Sideswipe-Same Direction,2,Clear,Dry,Daylight
2024-06-17T21:48:00.000,I 20,I 20 and Turner Hill Rd,,Rear End,2,Clear,Dry,Dark-Not Lighted
2024-03-16T12:45:00.000,I 20,I 20 and Turner Hill Rd,,Sideswipe-Same Direction,2,Clear,Dry,Daylight
2024-10-11T20:00:00.000,I 20,I 20 and Turner Hill Rd,,Angle Crash,2,Clear,Dry,Daylight
2024-10-14T11:58:00.000,I 20,I 20 and Turner Hill Rd,,Not a Collision with Motor Vehicle,2,Clear,Dry,Daylight
2024-10-28T06:30:00.000,I 20,I 20 and Turner Hill Rd,,Rear End,2,Clear,Dry,Dark-Not Lighted
2024-09-08T21:40:00.000,I 20,I 20 and Turner Hill Rd,,Rear End,3,Clear,Dry,Dark-Lighted
2024-09-20T15:45:00.000,I 20,I 20 and Turner Hill Rd,,Rear End,2,Clear,Dry,Daylight
2024-03-25T03:42:00.000,I 20,I 20 and Turner Hill Rd,,Not a Collision with Motor Vehicle,2,Clear,Dry,Dark-Not Lighted
2024-03-26T14:20:00.000,I 20,I 20 and Turner Hill Rd,,Rear End,5,Rain,Wet,Daylight
2024-07-04T11:05:00.000,I 20,I 20 and Turner Hill Rd,,Rear End,2,Clear,Dry,Daylight
2024-03-14T12:00:00.000,I 20,I 20 and Turner Hill Rd,,Sideswipe-Same Direction,2,Clear,Dry,Daylight
2024-03-14T12:00:00.000,I 20,I 20 and Turner Hill Rd,,Sideswipe-Same Direction,2,Clear,Dry,Daylight
2024-11-19T19:00:00.000,I 20,I 20 and Turner Hill Rd,,Rear End,2,Cloudy,Wet,Dark-Not Lighted
2024-05-11T10:45:00.000,I 20,I 20 and Turner Hill Rd,,Not a Collision with Motor Vehicle,1,Clear,Dry,Daylight
2024-04-16T07:15:00.000,I 20,I 20 and Turner Hill Rd,,Rear End,2,Clear,Dry,Daylight
2022-12-15T18:45:00.000,I 20,I 20 and Turner Hill Raod,,Angle Crash,2,Clear,Dry,Dark-Not Lighted
2021-06-12T17:00:00.000,I 20,I 20 and Turner Hill Exit,,Not a Collision with Motor Vehicle,2,Clear,Dry,Daylight
2023-08-19T14:25:00.000,I 20,I 20 and Turn Hill Rd,,Not a Collision with Motor Vehicle,1,Clear,Dry,Daylight
2021-12-17T18:00:00.000,I 20,I 20 and Turn Hill Rd,,Rear End,3,Clear,Dry,Dark-Lighted
2021-12-19T00:30:00.000,I 20,I 20 and Turber Hill Rd,,Rear End,2,Fog,Wet,Dark-Not Lighted
2023-06-30T18:44:00.000,I 20,I 20 and Tunrer Hill Rd,,Not a Collision with Motor Vehicle,1,Clear,Dry,Daylight
2020-08-20T21:20:00.000,I 20,I 20 and Tuner Lake Rd,,Angle Crash,1,Cloudy,Wet,Dark-Not Lighted
2021-02-14T15:05:00.000,I 20,I 20 and Tuner Hill Rd,,Not a Collision with Motor Vehicle,3,Clear,Dry,Daylight
2023-05-15T09:51:00.000,I 20,I 20 and Tuner Hill Rd,,Angle Crash,2,Clear,Dry,Daylight
2024-08-31T16:00:00.000,I 20,I 20 and Treadway Dr,,Not a Collision with Motor Vehicle,1,Clear,Dry,Daylight
2024-11-28T19:50:00.000,I 20,I 20 and Treadway Dr,,Sideswipe-Same Direction,2,Clear,Dry,Dark-Not Lighted
2024-05-23T22:19:00.000,I 20,I 20 and Treadway Dr,,Not a Collision with Motor Vehicle,1,Clear,Dry,Dark-Not Lighted
2024-03-24T06:14:00.000,I 20,I 20 and Treadway Dr,,Sideswipe-Same Direction,2,Clear,Dry,Dark-Lighted
2024-07-06T05:20:00.000,I 20,I 20 and Treadway Dr,,Not a Collision with Motor Vehicle,1,Clear,Dry,Dark-Not Lighted
2024-12-15T03:00:00.000,I 20,I 20 and Treadway Dr,,Rear End,3,Cloudy,Dry,Dark-Not Lighted
2024-11-18T11:29:00.000,I 20,I 20 and Treadway Dr,,Rear End,3,Clear,Dry,Daylight
2020-12-29T16:14:00.000,I 20,I 20 and Tornton,,Not a Collision with Motor Vehicle,1,Clear,Dry,Daylight
2024-08-27T17:06:00.000,I 20,I 20 and To I520,,Not a Collision with Motor Vehicle,1,Clear,Dry,Daylight
2023-12-03T03:08:00.000,I 20,I 20 and Tiburon Dr,,Not a Collision with Motor Vehicle,1,Clear,Wet,Dark-Not Lighted
2024-09-16T07:21:00.000,I 20,I 20 and Tiburon Dr,,Rear End,2,Clear,Dry,Daylight
2024-04-05T11:57:00.000,I 20,I 20 and Tiburon Dr,,Rear End,3,Clear,Dry,Daylight
2021-10-30T21:00:00.000,I 20,I 20 and Thronton Rd.,,Sideswipe-Same Direction,1,Clear,Dry,Dark-Lighted
2020-02-19T07:11:00.000,I 20,I 20 and Thronton Rd,,Rear End,2,Rain,Wet,Dawn
2020-09-30T04:15:00.000,I 20,I 20 and Thronton Rd,,Not a Collision with Motor Vehicle,1,Cloudy,Wet,Dark-Not Lighted
2021-08-23T19:18:00.000,I 20,I 20 and Thronton Rd,,Rear End,2,Clear,Dry,Daylight
2024-01-09T14:11:00.000,I 20,I 20 and Thronton Rd,,Rear End,2,Clear,Dry,Daylight
2023-02-01T04:36:00.000,I 20,I 20 and Three Points Road Opas,,Sideswipe-Same Direction,2,Cloudy,Dry,Dark-Not Lighted
2022-10-15T12:01:00.000,I 20,I 20 and Three Points Road Opas,,Rear End,2,Clear,Dry,Daylight
2022-03-30T14:38:00.000,I 20,I 20 and Three Points Road Opas,,Rear End,2,Clear,Dry,Daylight
2023-11-01T21:07:00.000,I 20,I 20 and Three Points Rd Exit 169,,Not a Collision with Motor Vehicle,1,Clear,Dry,Dark-Not Lighted
2021-03-11T10:03:00.000,I 20,I 20 and Three Points Rd,,Sideswipe-Same Direction,2,Clear,Dry,Daylight
2020-08-17T15:06:00.000,I 20,I 20 and Three Points Rd,,Not a Collision with Motor Vehicle,2,Clear,Dry,Daylight
2022-04-29T13:12:00.000,I 20,I 20 and Three Points Rd,,Rear End,2,Clear,Dry,Daylight
2022-11-30T07:19:00.000,I 20,I 20 and Three Points Rd,,Not a Collision with Motor Vehicle,2,Rain,Wet,Dawn
2024-09-27T03:28:00.000,I 20,I 20 and Three Points Rd,,Not a Collision with Motor Vehicle,1,Severe Thunderstorm or Tornadic,Wet,Dark-Not Lighted
2024-12-16T07:23:00.000,I 20,I 20 and Three Points Rd,,Rear End,2,Cloudy,Dry,Daylight
2024-09-27T03:28:00.000,I 20,I 20 and Three Points Rd,,Not a Collision with Motor Vehicle,1,Severe Thunderstorm or Tornadic,Wet,Dark-Not Lighted
2024-10-21T09:28:00.000,I 20,I 20 and Three Points Rd,,Not a Collision with Motor Vehicle,1,Clear,Dry,Daylight
2021-06-09T17:27:00.000,I 20,I 20 and Thorton Rd Ext 44,,Rear End,2,Rain,Wet,Daylight
2023-03-18T23:30:00.000,I 20,I 20 and Thorton Rd - Exit 44,,Sideswipe-Same Direction,2,Clear,Dry,Dark-Lighted
2021-08-21T16:25:00.000,I 20,I 20 and Thorton Rd,,Rear End,4,Cloudy,Dry,Daylight
2021-06-22T16:20:00.000,I 20,I 20 and Thorton Rd,,Rear End,2,Clear,Dry,Daylight
2021-05-29T13:45:00.000,I 20,I 20 and Thorton Rd,,Rear End,4,Clear,Dry,Daylight
2021-07-21T17:50:00.000,I 20,I 20 and Thorton Rd,,Sideswipe-Same Direction,2,Cloudy,Dry,Daylight
2021-04-11T19:57:00.000,I 20,I 20 and Thorton Rd,,Rear End,2,Clear,Dry,Daylight
2023-08-09T15:10:00.000,I 20,I 20 and Thorton Rd,,Rear End,2,Clear,Dry,Daylight
2023-04-12T14:40:00.000,I 20,I 20 and Thorton Rd,,Rear End,3,Clear,Dry,Daylight
2023-06-22T16:29:00.000,I 20,I 20 and Thorton Rd,,Rear End,3,Clear,Dry,Daylight
2023-06-05T16:21:00.000,I 20,I 20 and Thorton Rd,,Rear End,3,Clear,Dry,Daylight
2023-09-01T07:45:00.000,I 20,I 20 and Thorton Rd,,Rear End,2,Clear,Dry,Daylight
2023-10-29T22:00:00.000,I 20,I 20 and Thorton Rd,,Rear End,2,Clear,Dry,Dark-Not Lighted
2023-12-02T00:30:00.000,I 20,I 20 and Thorton Rd,,Angle Crash,3,Rain,Wet,Dark-Not Lighted
2023-09-12T06:23:00.000,I 20,I 20 and Thorton Rd,,Sideswipe-Same Direction,3,Clear,Dry,Daylight
2023-01-12T07:54:00.000,I 20,I 20 and Thorton Rd,,Sideswipe-Same Direction,2,Cloudy,Wet,Daylight
2023-11-15T18:36:00.000,I 20,I 20 and Thorton Rd,,Rear End,2,Cloudy,Dry,Dark-Not Lighted
2023-11-02T10:48:00.000,I 20,I 20 and Thorton Rd,,Angle Crash,3,Clear,Dry,Daylight
2023-10-20T12:31:00.000,I 20,I 20 and Thorton Rd,,Rear End,2,Clear,Dry,Daylight
2020-12-21T06:51:00.000,I 20,I 20 and Thorton Rd,,Angle Crash,2,Clear,Dry,Dawn
2020-12-10T09:55:00.000,I 20,I 20 and Thorton Rd,,Angle Crash,2,Clear,Dry,Daylight
2020-06-29T18:50:00.000,I 20,I 20 and Thorton Rd,,Rear End,2,Cloudy,Dry,Daylight
2020-12-08T18:35:00.000,I 20,I 20 and Thorton Rd,,Rear End,2,Clear,Dry,Dark-Lighted
2020-09-30T14:08:00.000,I 20,I 20 and Thorton Rd,,Rear End,2,Clear,Dry,Daylight
2020-07-27T09:09:00.000,I 20,I 20 and Thorton Rd,,Rear End,2,Clear,Dry,Daylight
2020-08-17T15:50:00.000,I 20,I 20 and Thorton Rd,,Sideswipe-Same Direction,3,Clear,Dry,Daylight
2021-04-11T19:10:00.000,I 20,I 20 and Thorton Rd,,Rear End,2,Clear,Dry,Daylight
2021-05-18T00:20:00.000,I 20,I 20 and Thorton Rd,,Rear End,2,Clear,Dry,Dark-Not Lighted
2021-05-27T17:56:00.000,I 20,I 20 and Thorton Rd,,Rear End,2,Cloudy,Dry,Daylight
2021-10-16T00:13:00.000,I 20,I 20 and Thorton Rd,,Sideswipe-Same Direction,2,Cloudy,Dry,Dark-Lighted
2021-07-23T16:48:00.000,I 20,I 20 and Thorton Rd,,Rear End,2,Cloudy,Dry,Daylight
2021-09-27T17:36:00.000,I 20,I 20 and Thorton Rd,,Rear End,2,Clear,Dry,Daylight
2021-10-09T19:48:00.000,I 20,I 20 and Thorton Rd,,Rear End,2,Cloudy,Dry,Dark-Not Lighted
2022-10-25T19:50:00.000,I 20,I 20 and Thorton Rd,,Rear End,3,Clear,Wet,Dark-Not Lighted
2022-08-22T06:05:00.000,I 20,I 20 and Thorton Rd,,Sideswipe-Same Direction,2,Clear,Dry,Dark-Not Lighted
2022-08-10T15:10:00.000,I 20,I 20 and Thorton Rd,,Not a Collision with Motor Vehicle,1,Clear,Wet,Daylight
2022-11-27T13:15:00.000,I 20,I 20 and Thorton Rd,,Rear End,3,Clear,Dry,Daylight
2022-09-30T21:07:00.000,I 20,I 20 and Thorton Rd,,Rear End,2,Clear,Dry,Dark-Not Lighted
2022-12-21T18:08:00.000,I 20,I 20 and Thorton Rd,,Rear End,3,Clear,Dry,Dark-Not Lighted
2022-09-05T17:26:00.000,I 20,I 20 and Thorton Rd,,Rear End,3,Rain,Wet,Daylight
2022-11-11T12:35:00.000,I 20,I 20 and Thorton Rd,,Sideswipe-Same Direction,2,Cloudy,Dry,Daylight
2022-10-02T07:40:00.000,I 20,I 20 and Thorton Rd,,Rear End,1,Clear,Dry,Daylight
2022-12-14T12:40:00.000,I 20,I 20 and Thorton Rd,,Sideswipe-Same Direction,2,Rain,Wet,Daylight
2022-02-21T18:37:00.000,I 20,I 20 and Thorton Rd,,Rear End,2,Clear,Wet,Dark-Lighted
2022-07-30T13:14:00.000,I 20,I 20 and Thorton Rd,,Sideswipe-Same Direction,2,Cloudy,Dry,Daylight
2023-07-13T23:15:00.000,I 20,I 20 and Thorton Rd,,Sideswipe-Same Direction,2,Clear,Dry,Dark-Not Lighted
2024-12-23T11:50:00.000,I 20,I 20 and Thorton Rd,,Rear End,2,Clear,Dry,Daylight
2024-03-22T23:30:00.000,I 20,I 20 and Thorton Rd,,Sideswipe-Same Direction,1,Rain,Wet,Dark-Lighted
2023-07-12T06:35:00.000,I 20,I 20 and Thorton Rd,,Rear End,2,Clear,Dry,Daylight
2024-01-18T08:53:00.000,I 20,I 20 and Thorton Rd,,Rear End,2,Clear,Dry,Daylight
2023-03-20T15:00:00.000,I 20,I 20 and Thorton Rd,,Sideswipe-Same Direction,2,Clear,Dry,Daylight
2023-07-17T12:52:00.000,I 20,I 20 and Thorton Rd,,Sideswipe-Same Direction,3,Clear,Dry,Daylight
2023-08-30T08:45:00.000,I 20,I 20 and Thorton Rd,,Sideswipe-Same Direction,2,Cloudy,Dry,Daylight
2023-11-29T16:09:00.000,I 20,I 20 and Thorton Rd,,Rear End,3,Clear,Dry,Daylight
2024-04-06T10:14:00.000,I 20,I 20 and Thorton Rd,,Angle Crash,2,Clear,Dry,Daylight
2024-03-22T15:22:00.000,I 20,I 20 and Thorton Rd,,Rear End,2,Cloudy,Wet,Daylight
2024-11-02T12:14:00.000,I 20,I 20 and Thorton Rd,,Not a Collision with Motor Vehicle,1,Clear,Dry,Daylight
2024-06-25T07:50:00.000,I 20,I 20 and Thorton Rd,,Rear End,2,Clear,Dry,Daylight
2024-04-06T10:14:00.000,I 20,I 20 and Thorton Rd,,Angle Crash,2,Clear,Dry,Daylight
2023-04-24T09:10:00.000,I 20,I 20 and Thorton,,Rear End,2,Clear,Dry,Daylight
2024-03-22T15:22:00.000,I 20,I 20 and Thorton,,Rear End,2,Cloudy,Wet,Daylight
2023-09-24T06:20:00.000,I 20,I 20 and Thorton,,Head On,4,Clear,Dry,Dark-Not Lighted
2024-11-15T06:45:00.000,I 20,I 20 and Thorton,,Sideswipe-Same Direction,2,Clear,Dry,Daylight
2023-12-23T02:43:00.000,I 20,I 20 and Thornton Road Exit,,(None),2,(None),(None),(None)
2024-10-25T06:58:00.000,I 20,I 20 and Thornton Road Exit,,Rear End,2,Cloudy,Dry,Dark-Not Lighted
2022-02-21T07:03:00.000,I 20,I 20 and Thornton Rd.,,Sideswipe-Same Direction,2,Cloudy,Dry,Dawn
2021-01-22T07:02:00.000,I 20,I 20 and Thornton Rd Off Rp,,Rear End,2,Cloudy,Wet,Dark-Not Lighted
2021-01-22T07:00:00.000,I 20,I 20 and Thornton Rd Off Rp,,Rear End,2,Cloudy,Wet,Dark-Not Lighted
2021-02-03T12:33:00.000,I 20,I 20 and Thornton Rd Off Rp,,Sideswipe-Same Direction,2,Clear,Dry,Daylight
2023-05-07T03:10:00.000,I 20,I 20 and Thornton Rd Exit 44,,Rear End,2,Clear,Dry,Daylight
2023-06-23T15:50:00.000,I 20,I 20 and Thornton Rd Brg,,Rear End,2,Cloudy,Wet,Daylight
2023-11-29T07:03:00.000,I 20,I 20 and Thornton Rd Brg,,(None),2,(None),(None),(None)
2021-04-06T10:44:00.000,I 20,I 20 and Thornton Rd,,Rear End,2,Clear,Dry,Daylight
2021-09-24T19:05:00.000,I 20,I 20 and Thornton Rd,,Sideswipe-Same Direction,2,Clear,Dry,Daylight
2021-09-03T14:20:00.000,I 20,I 20 and Thornton Rd,,Rear End,3,Cloudy,Dry,Daylight
2021-04-06T09:15:00.000,I 20,I 20 and Thornton Rd,,Sideswipe-Same Direction,2,Clear,Dry,Daylight
2021-01-29T17:50:00.000,I 20,I 20 and Thornton Rd,,Rear End,2,Clear,Dry,Daylight
2021-06-06T23:00:00.000,I 20,I 20 and Thornton Rd,,Not a Collision with Motor Vehicle,1,Rain,Wet,Dark-Not Lighted
2021-01-13T03:38:00.000,I 20,I 20 and Thornton Rd,,Rear End,2,Clear,Dry,Dark-Not Lighted
2021-02-24T07:20:00.000,I 20,I 20 and Thornton Rd,,Sideswipe-Same Direction,2,Clear,Dry,Daylight
2021-02-03T16:48:00.000,I 20,I 20 and Thornton Rd,,Rear End,2,Clear,Dry,Daylight
2021-05-26T06:10:00.000,I 20,I 20 and Thornton Rd,,Sideswipe-Same Direction,2,Clear,Dry,Daylight
2021-06-20T01:25:00.000,I 20,I 20 and Thornton Rd,,Angle Crash,2,Rain,Wet,Dark-Not Lighted
2021-07-02T02:20:00.000,I 20,I 20 and Thornton Rd,,Rear End,2,Clear,Dry,Dark-Not Lighted
2021-11-11T03:42:00.000,I 20,I 20 and Thornton Rd,,Sideswipe-Same Direction,2,Clear,Dry,Dark-Not Lighted
2021-11-22T08:28:00.000,I 20,I 20 and Thornton Rd,,Sideswipe-Same Direction,3,Rain,Wet,Daylight
2021-09-03T21:25:00.000,I 20,I 20 and Thornton Rd,,Rear End,2,Clear,Dry,Dark-Lighted
2021-07-24T02:10:00.000,I 20,I 20 and Thornton Rd,,Rear End,2,Clear,Dry,Dark-Not Lighted
2021-08-06T12:45:00.000,I 20,I 20 and Thornton Rd,,Rear End,2,Clear,Dry,Daylight
2021-11-16T13:46:00.000,I 20,I 20 and Thornton Rd,,Not a Collision with Motor Vehicle,1,Cloudy,Dry,Daylight
2021-07-02T17:31:00.000,I 20,I 20 and Thornton Rd,,Angle Crash,3,Cloudy,Dry,Daylight
2021-09-24T19:52:00.000,I 20,I 20 and Thornton Rd,,Rear End,2,Clear,Dry,Dark-Not Lighted
2021-07-09T21:00:00.000,I 20,I 20 and Thornton Rd,,Sideswipe-Same Direction,2,Cloudy,Dry,Dark-Not Lighted
2021-10-29T06:41:00.000,I 20,I 20 and Thornton Rd,,Rear End,2,Clear,Dry,Dark-Lighted
2021-10-16T18:40:00.000,I 20,I 20 and Thornton Rd,,Not a Collision with Motor Vehicle,1,Cloudy,Dry,Daylight
2021-09-01T08:12:00.000,I 20,I 20 and Thornton Rd,,Rear End,2,Clear,Dry,Daylight
2021-09-22T16:09:00.000,I 20,I 20 and Thornton Rd,,Sideswipe-Same Direction,2,Clear,Dry,Daylight
2021-11-05T14:53:00.000,I 20,I 20 and Thornton Rd,,Sideswipe-Same Direction,2,Cloudy,Dry,Daylight
2021-10-22T07:06:00.000,I 20,I 20 and Thornton Rd,,Sideswipe-Same Direction,2,Clear,Dry,Dark-Lighted
2021-04-14T14:45:00.000,I 20,I 20 and Thornton Rd,,Rear End,2,Cloudy,Dry,Daylight
2020-06-09T19:12:00.000,I 20,I 20 and Thornton Rd,,Angle Crash,3,Rain,Wet,Daylight
2020-07-10T16:00:00.000,I 20,I 20 and Thornton Rd,,Angle Crash,2,Clear,Dry,Daylight
2023-11-10T18:10:00.000,I 20,I 20 and Thornton Rd,,(None),2,(None),(None),(None)
2023-03-14T14:00:00.000,I 20,I 20 and Thornton Rd,,Sideswipe-Same Direction,2,Clear,Dry,Daylight
2023-08-21T11:02:00.000,I 20,I 20 and Thornton Rd,,Rear End,3,Clear,Dry,Daylight
2023-10-14T19:00:00.000,I 20,I 20 and Thornton Rd,,Sideswipe-Same Direction,2,Clear,Dry,Dark-Lighted
2023-08-26T17:32:00.000,I 20,I 20 and Thornton Rd,,Angle Crash,2,Clear,Dry,Daylight
2023-09-30T08:46:00.000,I 20,I 20 and Thornton Rd,,Rear End,2,Clear,Dry,Daylight
2023-02-15T18:30:00.000,I 20,I 20 and Thornton Rd,,Sideswipe-Same Direction,2,Clear,Dry,Dark-Not Lighted
2023-09-15T07:55:00.000,I 20,I 20 and Thornton Rd,,Rear End,2,Clear,Dry,Daylight
2023-11-16T16:07:00.000,I 20,I 20 and Thornton Rd,,(None),2,(None),(None),(None)
2023-05-30T05:53:00.000,I 20,I 20 and Thornton Rd,,Sideswipe-Same Direction,2,Clear,Dry,Dawn
2023-09-07T06:30:00.000,I 20,I 20 and Thornton Rd,,Rear End,2,Clear,Dry,Dark-Lighted
2023-09-09T15:33:00.000,I 20,I 20 and Thornton Rd,,Angle Crash,2,Clear,Dry,Daylight
2023-09-09T18:14:00.000,I 20,I 20 and Thornton Rd,,Angle Crash,2,Clear,Dry,Daylight
2023-04-13T00:25:00.000,I 20,I 20 and Thornton Rd,,Rear End,2,Clear,Dry,Dark-Not Lighted
2023-09-24T00:40:00.000,I 20,I 20 and Thornton Rd,,(None),2,(None),(None),(None)
2023-04-08T15:55:00.000,I 20,I 20 and Thornton Rd,,(None),1,(None),(None),(None)
2023-03-21T05:40:00.000,I 20,I 20 and Thornton Rd,,Sideswipe-Same Direction,2,Clear,Dry,Dark-Lighted
2023-04-14T16:56:00.000,I 20,I 20 and Thornton Rd,,Rear End,3,Cloudy,Dry,Daylight
2023-01-09T18:46:00.000,I 20,I 20 and Thornton Rd,,Rear End,2,Clear,Dry,Dark-Not Lighted
2023-04-13T14:00:00.000,I 20,I 20 and Thornton Rd,,Rear End,2,Rain,Wet,Daylight
2023-04-29T23:27:00.000,I 20,I 20 and Thornton Rd,,Not a Collision with Motor Vehicle,1,Rain,Wet,Dark-Not Lighted
2023-09-02T05:15:00.000,I 20,I 20 and Thornton Rd,,Sideswipe-Same Direction,2,Clear,Dry,Dark-Not Lighted
2023-02-26T08:55:00.000,I 20,I 20 and Thornton Rd,,Sideswipe-Same Direction,2,Cloudy,Dry,Daylight
2023-04-18T08:09:00.000,I 20,I 20 and Thornton Rd,,Sideswipe-Same Direction,2,Clear,Dry,Daylight
2023-03-10T17:40:00.000,I 20,I 20 and Thornton Rd,,Rear End,2,Clear,Dry,Daylight
2023-12-26T17:09:00.000,I 20,I 20 and Thornton Rd,,Rear End,1,Clear,Dry,Daylight
2023-12-03T06:01:00.000,I 20,I 20 and Thornton Rd,,Rear End,4,Rain,Wet,Dark-Not Lighted
2023-06-28T06:53:00.000,I 20,I 20 and Thornton Rd,,Rear End,2,Clear,Dry,Daylight
2023-03-14T17:50:00.000,I 20,I 20 and Thornton Rd,,Rear End,2,Clear,Dry,Daylight
2023-09-07T06:10:00.000,I 20,I 20 and Thornton Rd,,Sideswipe-Same Direction,2,Clear,Dry,Dark-Lighted
2023-01-08T20:11:00.000,I 20,I 20 and Thornton Rd,,Rear End,2,Rain,Wet,Dark-Lighted
2023-02-09T06:15:00.000,I 20,I 20 and Thornton Rd,,Angle Crash,2,Cloudy,Dry,Dark-Not Lighted
2023-07-24T16:55:00.000,I 20,I 20 and Thornton Rd,,Rear End,2,Clear,Dry,Daylight
2023-07-27T23:35:00.000,I 20,I 20 and Thornton Rd,,Sideswipe-Same Direction,2,Clear,Dry,Dark-Not Lighted
2023-02-03T18:10:00.000,I 20,I 20 and Thornton Rd,,Sideswipe-Same Direction,2,Clear,Dry,Daylight
2023-04-12T08:59:00.000,I 20,I 20 and Thornton Rd,,Rear End,2,Clear,Dry,Daylight
2022-03-23T17:30:00.000,I 20,I 20 and Thornton Rd,,Rear End,2,Clear,Dry,Daylight
2022-04-06T18:13:00.000,I 20,I 20 and Thornton Rd,,Rear End,3,Clear,Dry,Daylight
2022-11-27T14:05:00.000,I 20,I 20 and Thornton Rd,,Sideswipe-Same Direction,2,Clear,Dry,Daylight
2022-10-11T18:30:00.000,I 20,I 20 and Thornton Rd,,Rear End,2,Clear,Dry,Daylight
2022-06-17T08:54:00.000,I 20,I 20 and Thornton Rd,,Sideswipe-Same Direction,2,Clear,Dry,Daylight
2022-08-31T16:29:00.000,I 20,I 20 and Thornton Rd,,Rear End,2,Clear,Dry,Daylight
2023-10-24T07:30:00.000,I 20,I 20 and Thornton Rd,,Rear End,3,Clear,Dry,Daylight