Date and Time,Roadway (From Crash Report),Intersection Name (from Crash Report),KABCO Severity,Manner of Collision (Crash Level) ,# of Vehicles per crash ,Weather Conditions (Crash Level),Surface Condition (Crash Level) ,Light Conditions (Crash Level)
2022-12-10T14:50:00.000,I 20,I 20 and Thornton Rd,,Rear End,2,Cloudy,Dry,Daylight
2020-10-23T15:53:00.000,I 20,I 20 and Thornton Rd,,Angle Crash,3,Clear,Dry,Daylight
2020-12-30T16:28:00.000,I 20,I 20 and Thornton Rd,,Rear End,2,Clear,Dry,Daylight
2020-09-18T08:10:00.000,I 20,I 20 and Thornton Rd,,Rear End,2,Cloudy,Wet,Daylight
2020-10-09T18:39:00.000,I 20,I 20 and Thornton Rd,,Rear End,2,Rain,Dry,Daylight
2020-10-21T20:15:00.000,I 20,I 20 and Thornton Rd,,Sideswipe-Same Direction,2,Clear,Dry,Dark-Not Lighted
2020-05-07T14:35:00.000,I 20,I 20 and Thornton Rd,,Not a Collision with Motor Vehicle,1,Clear,Dry,Daylight
2020-10-25T20:28:00.000,I 20,I 20 and Thornton Rd,,Sideswipe-Same Direction,2,Clear,Dry,Dark-Lighted
2020-12-18T16:04:00.000,I 20,I 20 and Thornton Rd,,Rear End,3,Clear,Dry,Daylight
2020-07-15T12:53:00.000,I 20,I 20 and Thornton Rd,,Rear End,2,Clear,Dry,Daylight
2020-10-20T14:57:00.000,I 20,I 20 and Thornton Rd,,Rear End,2,Clear,Dry,Daylight
2020-11-12T18:40:00.000,I 20,I 20 and Thornton Rd,,Sideswipe-Same Direction,2,Clear,Dry,Dark-Lighted
2020-07-31T17:42:00.000,I 20,I 20 and Thornton Rd,,Rear End,2,Clear,Dry,Daylight
2020-01-22T08:40:00.000,I 20,I 20 and Thornton Rd,,Rear End,2,Clear,Dry,Daylight
2020-10-02T15:50:00.000,I 20,I 20 and Thornton Rd,,Rear End,3,Clear,Dry,Daylight
2020-08-27T09:04:00.000,I 20,I 20 and Thornton Rd,,Rear End,2,Clear,Dry,Daylight
2020-02-11T17:03:00.000,I 20,I 20 and Thornton Rd,,Rear End,2,Rain,Wet,Dusk
2020-10-24T18:41:00.000,I 20,I 20 and Thornton Rd,,Not a Collision with Motor Vehicle,1,Rain,Wet,Dark-Not Lighted
2020-08-20T16:00:00.000,I 20,I 20 and Thornton Rd,,Sideswipe-Same Direction,2,Rain,Wet,Daylight
2020-02-20T06:06:00.000,I 20,I 20 and Thornton Rd,,Sideswipe-Same Direction,2,Rain,Wet,Dark-Not Lighted
2020-06-18T18:56:00.000,I 20,I 20 and Thornton Rd,,Rear End,2,Clear,Dry,Daylight
2020-11-18T06:53:00.000,I 20,I 20 and Thornton Rd,,Rear End,2,Clear,Dry,Dawn
2020-12-21T16:04:00.000,I 20,I 20 and Thornton Rd,,Rear End,2,Clear,Dry,Daylight
2020-07-20T03:20:00.000,I 20,I 20 and Thornton Rd,,Not a Collision with Motor Vehicle,1,Clear,Dry,Dark-Lighted
2020-08-31T15:51:00.000,I 20,I 20 and Thornton Rd,,Rear End,3,Clear,Wet,Daylight
2020-07-30T00:49:00.000,I 20,I 20 and Thornton Rd,,Rear End,2,Rain,Wet,Dark-Not Lighted
2020-01-18T06:16:00.000,I 20,I 20 and Thornton Rd,,Sideswipe-Same Direction,2,Clear,Dry,Dark-Lighted
2020-10-20T15:42:00.000,I 20,I 20 and Thornton Rd,,Rear End,2,Cloudy,Dry,Daylight
2020-10-31T01:10:00.000,I 20,I 20 and Thornton Rd,,Not a Collision with Motor Vehicle,1,Clear,Dry,Dark-Lighted
2020-07-29T19:23:00.000,I 20,I 20 and Thornton Rd,,Sideswipe-Same Direction,2,Rain,Wet,Daylight
2020-10-09T20:00:00.000,I 20,I 20 and Thornton Rd,,Rear End,2,Rain,Wet,Dark-Not Lighted
2020-09-25T12:01:00.000,I 20,I 20 and Thornton Rd,,Sideswipe-Same Direction,2,Cloudy,Dry,Daylight
2020-01-26T06:11:00.000,I 20,I 20 and Thornton Rd,,Rear End,2,Clear,Dry,Dark-Not Lighted
2020-02-25T05:36:00.000,I 20,I 20 and Thornton Rd,,Angle Crash,2,Rain,Wet,Dark-Not Lighted
2020-03-06T16:09:00.000,I 20,I 20 and Thornton Rd,,Rear End,2,Clear,Dry,Daylight
2020-02-10T12:14:00.000,I 20,I 20 and Thornton Rd,,Rear End,2,Rain,Wet,Daylight
2020-10-27T05:42:00.000,I 20,I 20 and Thornton Rd,,Sideswipe-Same Direction,2,Cloudy,Dry,Dark-Not Lighted
2020-02-24T00:42:00.000,I 20,I 20 and Thornton Rd,,Sideswipe-Same Direction,2,Cloudy,Dry,Dark-Not Lighted
2020-01-21T13:22:00.000,I 20,I 20 and Thornton Rd,,Not a Collision with Motor Vehicle,1,Clear,Dry,Daylight
2020-01-10T05:36:00.000,I 20,I 20 and Thornton Rd,,Sideswipe-Same Direction,2,Clear,Dry,Dark-Not Lighted
2020-10-09T15:54:00.000,I 20,I 20 and Thornton Rd,,Rear End,2,Rain,Wet,Daylight
2020-03-09T05:51:00.000,I 20,I 20 and Thornton Rd,,Angle Crash,2,Clear,Wet,Dark-Not Lighted
2020-11-04T16:01:00.000,I 20,I 20 and Thornton Rd,,Sideswipe-Same Direction,2,Clear,Dry,Daylight
2020-01-26T15:03:00.000,I 20,I 20 and Thornton Rd,,Not a Collision with Motor Vehicle,1,Cloudy,Dry,Daylight
2020-12-18T09:48:00.000,I 20,I 20 and Thornton Rd,,Rear End,2,Clear,Dry,Daylight
2020-11-26T06:24:00.000,I 20,I 20 and Thornton Rd,,Sideswipe-Same Direction,2,Cloudy,Wet,Dark-Not Lighted
2020-09-17T15:37:00.000,I 20,I 20 and Thornton Rd,,Rear End,2,Rain,Wet,Daylight
2020-11-25T20:50:00.000,I 20,I 20 and Thornton Rd,,Rear End,2,Rain,Wet,Dark-Not Lighted
2020-06-10T17:10:00.000,I 20,I 20 and Thornton Rd,,Rear End,2,Rain,Wet,Daylight
2020-09-24T12:50:00.000,I 20,I 20 and Thornton Rd,,Rear End,4,Rain,Wet,Daylight
2020-01-21T00:00:00.000,I 20,I 20 and Thornton Rd,,Sideswipe-Same Direction,2,Clear,Dry,Daylight
2020-09-08T14:50:00.000,I 20,I 20 and Thornton Rd,,Sideswipe-Same Direction,2,Clear,Dry,Daylight
2020-10-02T15:43:00.000,I 20,I 20 and Thornton Rd,,Sideswipe-Same Direction,2,Clear,Dry,Daylight
2020-10-13T04:00:00.000,I 20,I 20 and Thornton Rd,,Sideswipe-Same Direction,1,Clear,Dry,Dark-Not Lighted
2020-01-22T18:10:00.000,I 20,I 20 and Thornton Rd,,Rear End,2,Clear,Dry,Daylight
2020-09-06T05:10:00.000,I 20,I 20 and Thornton Rd,,Rear End,2,Clear,Dry,Dark-Not Lighted
2020-12-16T13:49:00.000,I 20,I 20 and Thornton Rd,,Rear End,2,Rain,Wet,Daylight
2021-02-05T05:36:00.000,I 20,I 20 and Thornton Rd,,Sideswipe-Same Direction,2,Rain,Wet,Dark-Not Lighted
2021-05-16T19:40:00.000,I 20,I 20 and Thornton Rd,,Rear End,2,Clear,Dry,Daylight
2021-05-03T15:24:00.000,I 20,I 20 and Thornton Rd,,Rear End,2,Cloudy,Wet,Daylight
2021-02-08T15:32:00.000,I 20,I 20 and Thornton Rd,,Rear End,2,Clear,Dry,Daylight
2021-02-02T18:45:00.000,I 20,I 20 and Thornton Rd,,Sideswipe-Same Direction,2,Clear,Dry,Dark-Not Lighted
2021-01-22T09:09:00.000,I 20,I 20 and Thornton Rd,,Sideswipe-Same Direction,2,Cloudy,Dry,Daylight
2021-01-14T16:20:00.000,I 20,I 20 and Thornton Rd,,Sideswipe-Same Direction,2,Clear,Dry,Daylight
2021-03-10T19:30:00.000,I 20,I 20 and Thornton Rd,,Rear End,2,Clear,Dry,Dark-Not Lighted
2021-10-11T00:30:00.000,I 20,I 20 and Thornton Rd,,Sideswipe-Same Direction,2,Clear,Dry,Dark-Not Lighted
2021-11-07T14:12:00.000,I 20,I 20 and Thornton Rd,,Rear End,2,Clear,Dry,Daylight
2021-12-19T13:25:00.000,I 20,I 20 and Thornton Rd,,Sideswipe-Same Direction,2,Cloudy,Wet,Daylight
2021-08-31T12:58:00.000,I 20,I 20 and Thornton Rd,,Not a Collision with Motor Vehicle,1,Rain,Wet,Daylight
2021-09-03T15:02:00.000,I 20,I 20 and Thornton Rd,,Rear End,2,Cloudy,Dry,Daylight
2021-12-14T18:15:00.000,I 20,I 20 and Thornton Rd,,Sideswipe-Same Direction,2,Clear,Dry,Dark-Not Lighted
2021-07-12T00:00:00.000,I 20,I 20 and Thornton Rd,,Sideswipe-Same Direction,2,Clear,Dry,Dark-Not Lighted
2021-08-25T15:35:00.000,I 20,I 20 and Thornton Rd,,Rear End,2,Clear,Dry,Daylight
2021-10-06T08:58:00.000,I 20,I 20 and Thornton Rd,,Not a Collision with Motor Vehicle,1,Rain,Wet,Daylight
2021-10-27T07:27:00.000,I 20,I 20 and Thornton Rd,,Rear End,2,Clear,Dry,Dawn
2021-09-24T18:07:00.000,I 20,I 20 and Thornton Rd,,Rear End,2,Clear,Dry,Daylight
2021-07-25T10:00:00.000,I 20,I 20 and Thornton Rd,,Rear End,2,Clear,Dry,Daylight
2021-10-13T06:52:00.000,I 20,I 20 and Thornton Rd,,Rear End,3,Fog,Dry,Dark-Not Lighted
2021-08-03T06:40:00.000,I 20,I 20 and Thornton Rd,,Rear End,2,Clear,Dry,Daylight
2022-10-06T07:14:00.000,I 20,I 20 and Thornton Rd,,Rear End,2,Clear,Dry,Dusk
2022-04-01T09:40:00.000,I 20,I 20 and Thornton Rd,,Rear End,2,Clear,Dry,Daylight
2022-11-22T05:00:00.000,I 20,I 20 and Thornton Rd,,Rear End,2,Clear,Dry,Dark-Not Lighted
2022-10-04T18:30:00.000,I 20,I 20 and Thornton Rd,,Rear End,2,Clear,Dry,Daylight
2022-05-24T16:46:00.000,I 20,I 20 and Thornton Rd,,Rear End,2,Cloudy,Dry,Daylight
2021-12-10T07:06:00.000,I 20,I 20 and Thornton Rd,,Sideswipe-Same Direction,2,Clear,Dry,Daylight
2021-07-06T08:19:00.000,I 20,I 20 and Thornton Rd,,Sideswipe-Same Direction,2,Clear,Dry,Daylight
2022-11-21T17:11:00.000,I 20,I 20 and Thornton Rd,,Rear End,2,Clear,Dry,Daylight
2022-05-27T16:03:00.000,I 20,I 20 and Thornton Rd,,Sideswipe-Same Direction,2,Clear,Dry,Daylight
2022-05-29T19:30:00.000,I 20,I 20 and Thornton Rd,,Rear End,2,Clear,Dry,Daylight
2022-10-25T19:53:00.000,I 20,I 20 and Thornton Rd,,Rear End,2,Clear,Dry,Daylight
2022-04-11T17:38:00.000,I 20,I 20 and Thornton Rd,,Rear End,3,Cloudy,Dry,Daylight
2022-10-09T22:09:00.000,I 20,I 20 and Thornton Rd,,Not a Collision with Motor Vehicle,1,Clear,Dry,Dark-Not Lighted
2022-08-09T01:58:00.000,I 20,I 20 and Thornton Rd,,Sideswipe-Same Direction,2,Clear,Dry,Dark-Not Lighted
2022-01-05T16:10:00.000,I 20,I 20 and Thornton Rd,,Rear End,2,Cloudy,Dry,Daylight
2022-10-24T06:59:00.000,I 20,I 20 and Thornton Rd,,Sideswipe-Same Direction,2,Clear,Dry,Dark-Not Lighted
2022-05-25T18:15:00.000,I 20,I 20 and Thornton Rd,,Rear End,2,Cloudy,Wet,Daylight
2022-10-02T16:48:00.000,I 20,I 20 and Thornton Rd,,Sideswipe-Same Direction,2,Clear,Dry,Daylight
2022-05-25T17:55:00.000,I 20,I 20 and Thornton Rd,,Rear End,4,Rain,Wet,Daylight
2022-12-03T13:12:00.000,I 20,I 20 and Thornton Rd,,Rear End,2,Cloudy,Wet,Daylight
2022-02-18T18:00:00.000,I 20,I 20 and Thornton Rd,,Angle Crash,2,Cloudy,Dry,Daylight
2022-07-10T00:27:00.000,I 20,I 20 and Thornton Rd,,Rear End,2,Rain,Wet,Dark-Not Lighted
2022-04-05T15:18:00.000,I 20,I 20 and Thornton Rd,,Rear End,2,Rain,Wet,Daylight
2022-04-20T07:52:00.000,I 20,I 20 and Thornton Rd,,Rear End,3,Cloudy,Wet,Daylight
2021-08-25T18:01:00.000,I 20,I 20 and Thornton Rd,,Sideswipe-Same Direction,2,Clear,Dry,Daylight
2021-10-20T11:28:00.000,I 20,I 20 and Thornton Rd,,Rear End,4,Clear,Dry,Daylight
2021-10-08T16:05:00.000,I 20,I 20 and Thornton Rd,,Rear End,2,Clear,Dry,Daylight
2021-09-24T15:48:00.000,I 20,I 20 and Thornton Rd,,Rear End,4,Clear,Dry,Daylight
2021-09-13T13:58:00.000,I 20,I 20 and Thornton Rd,,Angle Crash,2,Clear,Dry,Daylight
2022-09-17T00:20:00.000,I 20,I 20 and Thornton Rd,,Rear End,3,Clear,Dry,Dark-Not Lighted
2022-12-11T15:10:00.000,I 20,I 20 and Thornton Rd,,Not a Collision with Motor Vehicle,1,Rain,Wet,Daylight
2022-11-23T19:56:00.000,I 20,I 20 and Thornton Rd,,Rear End,2,Clear,Dry,Dark-Not Lighted
2022-03-14T21:17:00.000,I 20,I 20 and Thornton Rd,,Sideswipe-Same Direction,2,Clear,Dry,Dark-Not Lighted
2022-02-04T15:53:00.000,I 20,I 20 and Thornton Rd,,Not a Collision with Motor Vehicle,1,Cloudy,Dry,Daylight
2022-07-29T05:04:00.000,I 20,I 20 and Thornton Rd,,Sideswipe-Same Direction,2,Clear,Dry,Dark-Not Lighted
2022-07-18T08:26:00.000,I 20,I 20 and Thornton Rd,,Rear End,2,Clear,Dry,Daylight
2022-01-31T06:47:00.000,I 20,I 20 and Thornton Rd,,Rear End,3,Clear,Dry,Dark-Lighted
2022-10-17T10:47:00.000,I 20,I 20 and Thornton Rd,,Sideswipe-Same Direction,2,Clear,Dry,Daylight
2022-09-06T18:30:00.000,I 20,I 20 and Thornton Rd,,Sideswipe-Same Direction,2,Clear,Dry,Daylight
2022-07-29T13:45:00.000,I 20,I 20 and Thornton Rd,,Sideswipe-Same Direction,2,Clear,Dry,Daylight
2022-09-12T11:15:00.000,I 20,I 20 and Thornton Rd,,Sideswipe-Same Direction,2,Clear,Dry,Daylight
2022-08-18T02:52:00.000,I 20,I 20 and Thornton Rd,,Rear End,2,Clear,Dry,Dark-Not Lighted
2022-05-04T16:27:00.000,I 20,I 20 and Thornton Rd,,Rear End,2,Clear,Dry,Daylight
2022-03-22T21:45:00.000,I 20,I 20 and Thornton Rd,,Sideswipe-Same Direction,2,Clear,Dry,Dark-Not Lighted
2022-01-06T12:14:00.000,I 20,I 20 and Thornton Rd,,Rear End,2,Clear,Dry,Daylight
2022-12-09T05:50:00.000,I 20,I 20 and Thornton Rd,,Angle Crash,2,Clear,Dry,Dark-Not Lighted
2022-04-24T00:35:00.000,I 20,I 20 and Thornton Rd,,Not a Collision with Motor Vehicle,1,Clear,Dry,Dark-Not Lighted
2022-03-04T17:42:00.000,I 20,I 20 and Thornton Rd,,Rear End,2,Clear,Dry,Daylight
2022-11-28T07:00:00.000,I 20,I 20 and Thornton Rd,,Rear End,2,Clear,Dry,Daylight
2022-04-02T22:39:00.000,I 20,I 20 and Thornton Rd,,Sideswipe-Same Direction,2,Clear,Dry,Dark-Not Lighted
2022-01-21T17:52:00.000,I 20,I 20 and Thornton Rd,,Rear End,1,Cloudy,Dry,Dark-Lighted
2022-08-27T10:12:00.000,I 20,I 20 and Thornton Rd,,Sideswipe-Same Direction,2,Clear,Dry,Daylight
2022-10-10T15:05:00.000,I 20,I 20 and Thornton Rd,,Rear End,2,Clear,Dry,Daylight
2022-09-25T04:00:00.000,I 20,I 20 and Thornton Rd,,Sideswipe-Same Direction,2,Clear,Dry,Dark-Not Lighted
2022-05-23T06:15:00.000,I 20,I 20 and Thornton Rd,,Rear End,2,Rain,Wet,Dawn
2022-04-27T17:02:00.000,I 20,I 20 and Thornton Rd,,Sideswipe-Same Direction,3,Cloudy,Dry,Daylight
2022-07-22T14:31:00.000,I 20,I 20 and Thornton Rd,,Rear End,2,Cloudy,Dry,Daylight
2022-05-17T15:17:00.000,I 20,I 20 and Thornton Rd,,Rear End,4,Clear,Dry,Daylight
2022-06-07T23:45:00.000,I 20,I 20 and Thornton Rd,,Angle Crash,2,Rain,Wet,Dark-Not Lighted
2022-11-11T06:32:00.000,I 20,I 20 and Thornton Rd,,Rear End,2,Rain,Wet,Daylight
2022-11-18T13:02:00.000,I 20,I 20 and Thornton Rd,,Rear End,2,Clear,Dry,Daylight
2022-02-21T19:17:00.000,I 20,I 20 and Thornton Rd,,Rear End,3,Rain,Wet,Dark-Not Lighted
2022-11-18T16:02:00.000,I 20,I 20 and Thornton Rd,,Rear End,2,Clear,Dry,Daylight
2022-08-30T09:00:00.000,I 20,I 20 and Thornton Rd,,Angle Crash,2,Cloudy,Dry,Daylight
2022-01-13T13:20:00.000,I 20,I 20 and Thornton Rd,,Sideswipe-Same Direction,1,Clear,Dry,Daylight
2022-03-23T08:00:00.000,I 20,I 20 and Thornton Rd,,Not a Collision with Motor Vehicle,1,Rain,Water (standing or moving),Daylight
2022-04-11T08:47:00.000,I 20,I 20 and Thornton Rd,,Not a Collision with Motor Vehicle,1,Clear,Dry,Daylight
2022-04-26T06:25:00.000,I 20,I 20 and Thornton Rd,,Rear End,2,Clear,Dry,Dawn
2022-08-14T02:41:00.000,I 20,I 20 and Thornton Rd,,Not a Collision with Motor Vehicle,1,Clear,Dry,Dark-Not Lighted
2022-03-07T19:14:00.000,I 20,I 20 and Thornton Rd,,Sideswipe-Same Direction,2,Cloudy,Wet,Dark-Lighted
2022-01-19T08:22:00.000,I 20,I 20 and Thornton Rd,,Rear End,2,Clear,Dry,Daylight
2022-07-05T08:44:00.000,I 20,I 20 and Thornton Rd,,Angle Crash,2,Clear,Dry,Daylight
2022-09-21T09:18:00.000,I 20,I 20 and Thornton Rd,,Rear End,4,Clear,Dry,Daylight
2022-02-18T18:34:00.000,I 20,I 20 and Thornton Rd,,Rear End,2,Cloudy,Dry,Dark-Not Lighted
2022-08-04T06:37:00.000,I 20,I 20 and Thornton Rd,,Rear End,2,Clear,Dry,Daylight
2022-05-27T17:54:00.000,I 20,I 20 and Thornton Rd,,Rear End,3,Cloudy,Dry,Daylight
2022-02-21T18:26:00.000,I 20,I 20 and Thornton Rd,,Rear End,2,Rain,Wet,Dark-Not Lighted
2022-08-04T18:54:00.000,I 20,I 20 and Thornton Rd,,Rear End,2,Clear,Dry,Daylight
2022-11-06T14:15:00.000,I 20,I 20 and Thornton Rd,,Angle Crash,2,Clear,Dry,Daylight
2022-06-30T23:34:00.000,I 20,I 20 and Thornton Rd,,Not a Collision with Motor Vehicle,1,Rain,Wet,Dark-Not Lighted
2022-03-14T19:40:00.000,I 20,I 20 and Thornton Rd,,Rear End,2,Clear,Dry,Daylight
2022-04-15T05:58:00.000,I 20,I 20 and Thornton Rd,,Angle Crash,2,Clear,Dry,Daylight
2022-03-05T20:35:00.000,I 20,I 20 and Thornton Rd,,Not a Collision with Motor Vehicle,1,Clear,Dry,Dark-Not Lighted
2023-09-13T06:22:00.000,I 20,I 20 and Thornton Rd,,(None),2,(None),(None),(None)
2023-09-21T22:35:00.000,I 20,I 20 and Thornton Rd,,Sideswipe-Same Direction,2,Clear,Dry,Dark-Not Lighted
2024-02-15T14:43:00.000,I 20,I 20 and Thornton Rd,,Sideswipe-Same Direction,2,Clear,Dry,Daylight
2024-06-19T06:26:00.000,I 20,I 20 and Thornton Rd,,Rear End,2,Clear,Dry,Daylight
2024-10-01T20:03:00.000,I 20,I 20 and Thornton Rd,,Rear End,2,Clear,Dry,Dark-Not Lighted
2024-06-28T18:35:00.000,I 20,I 20 and Thornton Rd,,Rear End,2,Cloudy,Dry,Daylight
2024-08-21T17:00:00.000,I 20,I 20 and Thornton Rd,,Rear End,2,Clear,Dry,Daylight
2024-04-11T15:17:00.000,I 20,I 20 and Thornton Rd,,Sideswipe-Same Direction,2,Cloudy,Dry,Daylight
2024-05-14T09:21:00.000,I 20,I 20 and Thornton Rd,,Rear End,2,Cloudy,Dry,Daylight
2024-01-25T22:20:00.000,I 20,I 20 and Thornton Rd,,Not a Collision with Motor Vehicle,1,Cloudy,Wet,Dark-Not Lighted
2024-11-19T06:21:00.000,I 20,I 20 and Thornton Rd,,Rear End,2,Rain,Wet,Dark-Not Lighted
2024-06-10T11:53:00.000,I 20,I 20 and Thornton Rd,,Rear End,2,Clear,Dry,Daylight
2024-05-20T07:55:00.000,I 20,I 20 and Thornton Rd,,Angle Crash,2,Clear,Dry,Daylight
2024-12-28T17:05:00.000,I 20,I 20 and Thornton Rd,,Rear End,2,Rain,Wet,Daylight
2024-05-01T21:06:00.000,I 20,I 20 and Thornton Rd,,Not a Collision with Motor Vehicle,1,Clear,Dry,Dark-Not Lighted
2023-02-21T17:45:00.000,I 20,I 20 and Thornton Rd,,Rear End,2,Cloudy,Wet,Daylight
2023-11-01T15:00:00.000,I 20,I 20 and Thornton Rd,,Rear End,2,Clear,Dry,Daylight
2023-12-11T03:25:00.000,I 20,I 20 and Thornton Rd,,Sideswipe-Same Direction,2,Clear,Dry,Dark-Not Lighted
2024-06-28T03:25:00.000,I 20,I 20 and Thornton Rd,,Not a Collision with Motor Vehicle,4,Clear,Dry,Dark-Not Lighted
2024-01-23T16:20:00.000,I 20,I 20 and Thornton Rd,,Rear End,2,Cloudy,Dry,Daylight
2024-05-19T10:19:00.000,I 20,I 20 and Thornton Rd,,Sideswipe-Same Direction,2,Cloudy,Wet,Daylight
2023-08-15T08:20:00.000,I 20,I 20 and Thornton Rd,,Rear End,2,Clear,Dry,Daylight
2023-04-08T14:50:00.000,I 20,I 20 and Thornton Rd,,Angle Crash,1,Rain,Wet,Daylight
2023-08-29T06:31:00.000,I 20,I 20 and Thornton Rd,,Rear End,2,Cloudy,Dry,Daylight
2023-10-16T14:45:00.000,I 20,I 20 and Thornton Rd,,Rear End,2,Cloudy,Dry,Daylight
2023-11-04T00:30:00.000,I 20,I 20 and Thornton Rd,,Rear End,4,Clear,Dry,Dark-Not Lighted
2023-02-17T16:48:00.000,I 20,I 20 and Thornton Rd,,Angle Crash,2,Cloudy,Dry,Daylight
2023-03-26T09:23:00.000,I 20,I 20 and Thornton Rd,,Angle Crash,1,Rain,Wet,Daylight
2023-10-09T19:29:00.000,I 20,I 20 and Thornton Rd,,Rear End,2,Clear,Dry,Dark-Not Lighted
2023-10-09T08:14:00.000,I 20,I 20 and Thornton Rd,,Rear End,3,Clear,Dry,Daylight
2023-11-04T19:30:00.000,I 20,I 20 and Thornton Rd,,Sideswipe-Same Direction,2,Clear,Dry,Dark-Lighted
2023-09-11T13:10:00.000,I 20,I 20 and Thornton Rd,,Angle Crash,2,Clear,Dry,Daylight
2023-10-09T14:44:00.000,I 20,I 20 and Thornton Rd,,Sideswipe-Same Direction,2,Clear,Dry,Daylight
2023-12-25T21:35:00.000,I 20,I 20 and Thornton Rd,,(None),1,(None),(None),(None)
2023-01-18T06:25:00.000,I 20,I 20 and Thornton Rd,,Rear End,2,Cloudy,Wet,Dark-Not Lighted
2023-09-30T07:46:00.000,I 20,I 20 and Thornton Rd,,Rear End,2,Clear,Dry,Daylight
2023-02-21T16:35:00.000,I 20,I 20 and Thornton Rd,,Rear End,2,Clear,Dry,Daylight
2023-12-06T06:44:00.000,I 20,I 20 and Thornton Rd,,(None),2,(None),(None),(None)
2023-07-17T06:38:00.000,I 20,I 20 and Thornton Rd,,Rear End,2,Cloudy,Dry,Daylight
2023-04-01T16:00:00.000,I 20,I 20 and Thornton Rd,,Sideswipe-Same Direction,2,Clear,Dry,Daylight
2023-10-07T22:00:00.000,I 20,I 20 and Thornton Rd,,(None),2,(None),(None),(None)
2023-08-11T12:15:00.000,I 20,I 20 and Thornton Rd,,Sideswipe-Same Direction,2,Clear,Dry,Daylight
2023-12-03T06:01:00.000,I 20,I 20 and Thornton Rd,,Rear End,3,Rain,Wet,Dark-Not Lighted
2023-05-16T14:46:00.000,I 20,I 20 and Thornton Rd,,Rear End,2,Clear,Dry,Daylight
2023-12-20T00:42:00.000,I 20,I 20 and Thornton Rd,,(None),1,(None),(None),(None)
2023-07-20T16:19:00.000,I 20,I 20 and Thornton Rd,,Rear End,4,Clear,Dry,Daylight
2023-11-21T15:50:00.000,I 20,I 20 and Thornton Rd,,Angle Crash,2,Clear,Dry,Daylight
2023-12-29T14:54:00.000,I 20,I 20 and Thornton Rd,,Rear End,2,Cloudy,Dry,Daylight
2023-01-01T14:50:00.000,I 20,I 20 and Thornton Rd,,Rear End,2,Clear,Dry,Daylight
2023-03-13T14:16:00.000,I 20,I 20 and Thornton Rd,,Sideswipe-Same Direction,2,Cloudy,Dry,Daylight
2023-08-31T10:35:00.000,I 20,I 20 and Thornton Rd,,Rear End,2,Clear,Dry,Daylight
2023-06-21T22:32:00.000,I 20,I 20 and Thornton Rd,,Sideswipe-Same Direction,2,Cloudy,Dry,Dark-Lighted
2023-08-01T12:15:00.000,I 20,I 20 and Thornton Rd,,Rear End,4,Clear,Dry,Daylight
2023-03-29T08:10:00.000,I 20,I 20 and Thornton Rd,,Rear End,2,Clear,Dry,Daylight
2023-06-01T15:05:00.000,I 20,I 20 and Thornton Rd,,Angle Crash,3,Clear,Dry,Daylight
2023-05-18T13:48:00.000,I 20,I 20 and Thornton Rd,,Sideswipe-Same Direction,2,Cloudy,Dry,Daylight
2023-08-20T12:05:00.000,I 20,I 20 and Thornton Rd,,Not a Collision with Motor Vehicle,1,Clear,Dry,Daylight
2023-03-26T17:02:00.000,I 20,I 20 and Thornton Rd,,Angle Crash,2,Cloudy,Dry,Daylight
2023-04-15T21:20:00.000,I 20,I 20 and Thornton Rd,,Sideswipe-Same Direction,2,Clear,Dry,Dark-Lighted
2023-07-13T06:39:00.000,I 20,I 20 and Thornton Rd,,Sideswipe-Same Direction,2,Cloudy,Dry,Daylight
2023-01-20T06:45:00.000,I 20,I 20 and Thornton Rd,,Rear End,2,Clear,Dry,Dark-Not Lighted
2023-10-24T07:07:00.000,I 20,I 20 and Thornton Rd,,Rear End,3,Clear,Dry,Dark-Not Lighted
2023-07-24T17:15:00.000,I 20,I 20 and Thornton Rd,,Rear End,2,Clear,Dry,Daylight
2023-10-03T12:14:00.000,I 20,I 20 and Thornton Rd,,Rear End,2,Clear,Dry,Daylight
2023-01-11T06:40:00.000,I 20,I 20 and Thornton Rd,,Rear End,2,Clear,Dry,Dark-Not Lighted
2023-08-04T07:45:00.000,I 20,I 20 and Thornton Rd,,Rear End,2,Cloudy,Dry,(None)
2024-08-19T08:00:00.000,I 20,I 20 and Thornton Rd,,Rear End,3,Clear,Dry,Daylight
2024-07-25T17:00:00.000,I 20,I 20 and Thornton Rd,,Rear End,2,Cloudy,Wet,Daylight
2024-06-16T21:20:00.000,I 20,I 20 and Thornton Rd,,Sideswipe-Same Direction,2,Cloudy,Dry,Dark-Lighted
2024-05-29T06:45:00.000,I 20,I 20 and Thornton Rd,,Sideswipe-Same Direction,2,Clear,Dry,Daylight
2024-06-27T14:55:00.000,I 20,I 20 and Thornton Rd,,Rear End,3,Cloudy,Dry,Daylight
2024-03-13T07:20:00.000,I 20,I 20 and Thornton Rd,,Rear End,2,Clear,Dry,Dawn
2024-08-22T06:55:00.000,I 20,I 20 and Thornton Rd,,Rear End,2,Clear,Dry,Daylight
2024-03-29T18:37:00.000,I 20,I 20 and Thornton Rd,,Sideswipe-Same Direction,2,Clear,Dry,Daylight
2024-12-06T06:36:00.000,I 20,I 20 and Thornton Rd,,Sideswipe-Same Direction,2,Clear,Dry,Dawn
2024-10-09T08:00:00.000,I 20,I 20 and Thornton Rd,,Rear End,2,Clear,Dry,Daylight
2024-08-02T14:59:00.000,I 20,I 20 and Thornton Rd,,Rear End,2,Clear,Dry,Daylight