Date and Time,Roadway (From Crash Report),Intersection Name (from Crash Report),KABCO Severity,Manner of Collision (Crash Level) ,# of Vehicles per crash ,Weather Conditions (Crash Level),Surface Condition (Crash Level) ,Light Conditions (Crash Level)
2020-03-16T17:22:00.000,I 20,I 20 and Sr 61,,Head On,1,Clear,Dry,Daylight
2020-07-13T12:45:00.000,I 20,I 20 and Sr 61,,Rear End,2,Cloudy,Dry,Daylight
2020-08-02T13:42:00.000,I 20,I 20 and Sr 61,,Rear End,2,Clear,Dry,Daylight
2020-05-27T13:06:00.000,I 20,I 20 and Sr 61,,Rear End,2,Cloudy,Dry,Daylight
2020-04-21T15:04:00.000,I 20,I 20 and Sr 61,,Rear End,2,Clear,Dry,Daylight
2020-12-07T15:31:00.000,I 20,I 20 and Sr 61,,Sideswipe-Same Direction,2,Clear,Dry,Daylight
2020-12-24T15:41:00.000,I 20,I 20 and Sr 61,,Not a Collision with Motor Vehicle,1,Rain,Wet,Daylight
2020-08-14T07:20:00.000,I 20,I 20 and Sr 61,,Rear End,2,Clear,Dry,Daylight
2020-02-07T16:00:00.000,I 20,I 20 and Sr 61,,Not a Collision with Motor Vehicle,1,Clear,Dry,Daylight
2020-12-16T12:46:00.000,I 20,I 20 and Sr 61,,Not a Collision with Motor Vehicle,1,Rain,Wet,Daylight
2020-08-31T07:35:00.000,I 20,I 20 and Sr 61,,Rear End,2,Cloudy,Dry,Daylight
2020-06-20T13:45:00.000,I 20,I 20 and Sr 61,,Rear End,2,Clear,Dry,Daylight
2020-02-04T18:30:00.000,I 20,I 20 and Sr 61,,Rear End,3,Rain,Wet,Dark-Lighted
2020-02-20T16:35:00.000,I 20,I 20 and Sr 61,,Angle Crash,3,Cloudy,Wet,Daylight
2020-12-24T13:56:00.000,I 20,I 20 and Sr 61,,Not a Collision with Motor Vehicle,1,Rain,Wet,Daylight
2020-12-17T21:25:00.000,I 20,I 20 and Sr 61,,Not a Collision with Motor Vehicle,2,Clear,Dry,Dark-Not Lighted
2020-12-24T16:00:00.000,I 20,I 20 and Sr 61,,Rear End,2,Rain,Wet,Daylight
2020-10-01T19:41:00.000,I 20,I 20 and Sr 61,,Rear End,2,Clear,Dry,Dusk
2020-10-12T17:36:00.000,I 20,I 20 and Sr 61,,Not a Collision with Motor Vehicle,1,Clear,Dry,Daylight
2020-04-19T08:25:00.000,I 20,I 20 and Sr 61,,Angle Crash,1,Rain,Wet,Daylight
2020-02-18T17:00:00.000,I 20,I 20 and Sr 61,,Rear End,2,Rain,Wet,Daylight
2020-08-30T13:00:00.000,I 20,I 20 and Sr 61,,Rear End,2,Clear,Dry,Daylight
2020-12-19T02:45:00.000,I 20,I 20 and Sr 61,,Not a Collision with Motor Vehicle,1,Clear,Dry,Dark-Not Lighted
2020-01-03T07:40:00.000,I 20,I 20 and Sr 61,,(None),2,(None),(None),(None)
2020-04-15T16:49:00.000,I 20,I 20 and Sr 61,,Rear End,2,Clear,Dry,Daylight
2020-11-04T19:25:00.000,I 20,I 20 and Sr 61,,Rear End,2,Clear,Dry,Dark-Not Lighted
2020-07-08T14:48:00.000,I 20,I 20 and Sr 61,,Angle Crash,2,Cloudy,Wet,Daylight
2020-12-18T12:10:00.000,I 20,I 20 and Sr 61,,Rear End,2,Clear,Dry,Daylight
2021-05-15T13:14:00.000,I 20,I 20 and Sr 61,,Rear End,2,Clear,Dry,Daylight
2021-02-21T17:45:00.000,I 20,I 20 and Sr 61,,Sideswipe-Same Direction,3,Clear,Dry,Daylight
2021-01-11T16:22:00.000,I 20,I 20 and Sr 61,,Rear End,2,Rain,Wet,Daylight
2021-01-30T21:16:00.000,I 20,I 20 and Sr 61,,Rear End,2,Clear,Dry,Dark-Lighted
2021-06-03T07:15:00.000,I 20,I 20 and Sr 61,,Sideswipe-Same Direction,2,Cloudy,Dry,Dusk
2021-12-06T15:20:00.000,I 20,I 20 and Sr 61,,Rear End,2,Rain,Wet,Daylight
2021-08-05T19:00:00.000,I 20,I 20 and Sr 61,,Rear End,2,Clear,Dry,Daylight
2021-08-30T16:15:00.000,I 20,I 20 and Sr 61,,Angle Crash,2,Cloudy,Wet,Daylight
2021-07-03T11:20:00.000,I 20,I 20 and Sr 61,,Rear End,2,Clear,Dry,Daylight
2021-11-25T18:00:00.000,I 20,I 20 and Sr 61,,Rear End,2,Clear,Dry,Dark-Lighted
2021-09-10T17:52:00.000,I 20,I 20 and Sr 61,,Rear End,2,Clear,Dry,Daylight
2021-09-10T17:12:00.000,I 20,I 20 and Sr 61,,Rear End,2,Clear,Dry,Daylight
2021-10-22T20:10:00.000,I 20,I 20 and Sr 61,,Angle Crash,2,Clear,Dry,Dusk
2022-08-09T15:18:00.000,I 20,I 20 and Sr 61,,Rear End,2,Cloudy,Dry,Daylight
2022-07-05T16:40:00.000,I 20,I 20 and Sr 61,,Not a Collision with Motor Vehicle,1,Rain,Wet,Daylight
2022-06-16T09:05:00.000,I 20,I 20 and Sr 61,,Rear End,2,Clear,Dry,Daylight
2022-08-19T16:35:00.000,I 20,I 20 and Sr 61,,Rear End,3,Rain,Wet,Daylight
2021-08-30T17:05:00.000,I 20,I 20 and Sr 61,,Sideswipe-Same Direction,2,Cloudy,Wet,Daylight
2021-07-07T18:00:00.000,I 20,I 20 and Sr 61,,Not a Collision with Motor Vehicle,1,Rain,Wet,Daylight
2021-09-16T08:00:00.000,I 20,I 20 and Sr 61,,Not a Collision with Motor Vehicle,1,Rain,Wet,Daylight
2022-09-29T12:54:00.000,I 20,I 20 and Sr 61,,Rear End,2,Clear,Dry,Daylight
2022-05-23T23:50:00.000,I 20,I 20 and Sr 61,,Not a Collision with Motor Vehicle,1,Clear,Dry,Dark-Not Lighted
2022-09-01T17:42:00.000,I 20,I 20 and Sr 61,,Rear End,2,Clear,Dry,Daylight
2022-11-01T08:33:00.000,I 20,I 20 and Sr 61,,Rear End,2,Clear,Dry,Daylight
2022-03-08T17:45:00.000,I 20,I 20 and Sr 61,,Rear End,2,Rain,Wet,Daylight
2022-05-18T19:40:00.000,I 20,I 20 and Sr 61,,Rear End,2,Clear,Dry,Daylight
2022-01-21T21:10:00.000,I 20,I 20 and Sr 61,,Sideswipe-Same Direction,1,Clear,Dry,Dark-Not Lighted
2022-08-07T14:00:00.000,I 20,I 20 and Sr 61,,Not a Collision with Motor Vehicle,1,Clear,Dry,Daylight
2022-10-04T12:38:00.000,I 20,I 20 and Sr 61,,Sideswipe-Same Direction,2,Clear,Dry,Daylight
2022-01-27T18:05:00.000,I 20,I 20 and Sr 61,,Rear End,2,Cloudy,Dry,Dusk
2022-04-15T14:12:00.000,I 20,I 20 and Sr 61,,Not a Collision with Motor Vehicle,2,Clear,Dry,Daylight
2022-06-09T16:33:00.000,I 20,I 20 and Sr 61,,Angle Crash,2,Clear,Dry,Daylight
2021-10-07T16:35:00.000,I 20,I 20 and Sr 61,,Rear End,2,Cloudy,Dry,Daylight
2022-04-01T13:35:00.000,I 20,I 20 and Sr 61,,Rear End,2,Clear,Dry,Daylight
2022-06-11T14:50:00.000,I 20,I 20 and Sr 61,,Rear End,2,Cloudy,Dry,Daylight
2022-08-18T08:18:00.000,I 20,I 20 and Sr 61,,Sideswipe-Same Direction,2,Clear,Dry,Dark-Not Lighted
2022-12-02T14:00:00.000,I 20,I 20 and Sr 61,,Angle Crash,2,Clear,Dry,Daylight
2022-10-13T16:55:00.000,I 20,I 20 and Sr 61,,Rear End,2,Clear,Dry,Daylight
2022-06-14T07:50:00.000,I 20,I 20 and Sr 61,,Rear End,2,Clear,Dry,Daylight
2022-12-23T15:17:00.000,I 20,I 20 and Sr 61,,Sideswipe-Same Direction,2,Clear,Dry,Daylight
2022-12-20T17:12:00.000,I 20,I 20 and Sr 61,,Rear End,2,Rain,Wet,Daylight
2022-09-07T15:30:00.000,I 20,I 20 and Sr 61,,Rear End,2,Clear,Dry,Daylight
2022-12-16T10:30:00.000,I 20,I 20 and Sr 61,,Rear End,2,Clear,Dry,Daylight
2022-01-26T12:25:00.000,I 20,I 20 and Sr 61,,Rear End,2,Clear,Dry,Daylight
2022-07-01T12:19:00.000,I 20,I 20 and Sr 61,,Rear End,2,Rain,Wet,Daylight
2022-06-19T20:20:00.000,I 20,I 20 and Sr 61,,Rear End,2,Clear,Dry,Daylight
2022-08-08T15:26:00.000,I 20,I 20 and Sr 61,,Rear End,2,Clear,Dry,Daylight
2022-08-03T17:40:00.000,I 20,I 20 and Sr 61,,Rear End,2,Clear,Wet,Daylight
2022-12-08T16:05:00.000,I 20,I 20 and Sr 61,,Rear End,2,Cloudy,Dry,Daylight
2022-06-03T10:28:00.000,I 20,I 20 and Sr 61,,Rear End,2,Clear,Dry,Daylight
2022-10-24T14:50:00.000,I 20,I 20 and Sr 61,,Rear End,2,Clear,Dry,Daylight
2022-01-19T17:50:00.000,I 20,I 20 and Sr 61,,Rear End,2,Clear,Dry,Dusk
2022-12-08T20:47:00.000,I 20,I 20 and Sr 61,,Rear End,2,Clear,Dry,Dark-Not Lighted
2022-05-24T12:01:00.000,I 20,I 20 and Sr 61,,Angle Crash,2,Cloudy,Dry,Daylight
2022-04-21T22:45:00.000,I 20,I 20 and Sr 61,,Not a Collision with Motor Vehicle,1,Cloudy,Dry,Dark-Not Lighted
2022-10-30T16:29:00.000,I 20,I 20 and Sr 61,,Rear End,2,Cloudy,Wet,Daylight
2022-07-07T18:14:00.000,I 20,I 20 and Sr 61,,Rear End,2,Cloudy,Dry,Daylight
2022-05-05T12:33:00.000,I 20,I 20 and Sr 61,,Rear End,2,Clear,Dry,Daylight
2022-06-26T13:20:00.000,I 20,I 20 and Sr 61,,Angle Crash,2,Clear,Dry,Daylight
2022-08-11T19:25:00.000,I 20,I 20 and Sr 61,,Rear End,2,Clear,Dry,Daylight
2022-03-12T01:35:00.000,I 20,I 20 and Sr 61,,Not a Collision with Motor Vehicle,1,Rain,Wet,Dark-Not Lighted
2022-10-05T20:53:00.000,I 20,I 20 and Sr 61,,Rear End,2,Clear,Dry,Dark-Lighted
2022-08-28T11:38:00.000,I 20,I 20 and Sr 61,,Not a Collision with Motor Vehicle,1,Clear,Dry,Daylight
2022-09-15T06:47:00.000,I 20,I 20 and Sr 61,,Angle Crash,2,Clear,Dry,Dawn
2022-07-25T21:55:00.000,I 20,I 20 and Sr 61,,Not a Collision with Motor Vehicle,2,Clear,Dry,Dark-Not Lighted
2022-07-11T14:02:00.000,I 20,I 20 and Sr 61,,Rear End,2,Cloudy,Dry,Daylight
2022-07-21T07:23:00.000,I 20,I 20 and Sr 61,,Not a Collision with Motor Vehicle,1,Rain,Wet,Daylight
2023-10-26T23:22:00.000,I 20,I 20 and Sr 61,,Not a Collision with Motor Vehicle,1,Clear,Dry,Dark-Not Lighted
2023-10-08T00:15:00.000,I 20,I 20 and Sr 61,,Rear End,2,Clear,Dry,Dark-Not Lighted
2023-05-15T21:44:00.000,I 20,I 20 and Sr 61,,Not a Collision with Motor Vehicle,1,Rain,Wet,Dark-Not Lighted
2023-12-12T09:45:00.000,I 20,I 20 and Sr 61,,Rear End,2,Clear,Dry,Daylight
2024-02-23T14:39:00.000,I 20,I 20 and Sr 61,,Rear End,2,Clear,Dry,Daylight
2024-05-15T14:15:00.000,I 20,I 20 and Sr 61,,Rear End,2,Clear,Dry,Daylight
2024-03-30T17:30:00.000,I 20,I 20 and Sr 61,,Rear End,2,Clear,Dry,Daylight
2024-11-30T12:34:00.000,I 20,I 20 and Sr 61,,Rear End,2,Clear,Dry,Daylight
2024-05-24T18:30:00.000,I 20,I 20 and Sr 61,,Rear End,2,Clear,Dry,Daylight
2024-09-14T13:45:00.000,I 20,I 20 and Sr 61,,Rear End,2,Rain,Wet,Daylight
2024-08-11T17:55:00.000,I 20,I 20 and Sr 61,,Rear End,2,Clear,Dry,Daylight
2024-04-13T10:28:00.000,I 20,I 20 and Sr 61,,Rear End,2,Clear,Dry,Daylight
2023-12-02T18:22:00.000,I 20,I 20 and Sr 61,,Rear End,2,Rain,Wet,Dark-Not Lighted
2023-11-25T12:21:00.000,I 20,I 20 and Sr 61,,Rear End,2,Clear,Dry,Daylight
2023-07-20T15:35:00.000,I 20,I 20 and Sr 61,,Rear End,2,Clear,Dry,Daylight
2023-01-03T14:25:00.000,I 20,I 20 and Sr 61,,Rear End,2,Rain,Wet,Daylight
2023-07-19T12:55:00.000,I 20,I 20 and Sr 61,,Rear End,2,Clear,Dry,Daylight
2024-04-02T07:02:00.000,I 20,I 20 and Sr 61,,Rear End,2,Clear,Dry,Dark-Lighted
2024-07-29T11:12:00.000,I 20,I 20 and Sr 61,,Rear End,2,Clear,Dry,Daylight
2023-01-10T10:53:00.000,I 20,I 20 and Sr 61,,Rear End,2,Clear,Dry,Daylight
2023-05-07T12:10:00.000,I 20,I 20 and Sr 61,,Rear End,2,Clear,Dry,Daylight
2023-12-19T12:48:00.000,I 20,I 20 and Sr 61,,Sideswipe-Same Direction,2,Clear,Dry,Daylight
2023-03-29T20:54:00.000,I 20,I 20 and Sr 61,,Rear End,2,Clear,Dry,Dark-Not Lighted
2023-01-25T05:20:00.000,I 20,I 20 and Sr 61,,Angle Crash,2,Rain,Wet,Dark-Not Lighted
2023-10-17T14:30:00.000,I 20,I 20 and Sr 61,,Rear End,2,Clear,Dry,Daylight
2023-07-12T07:14:00.000,I 20,I 20 and Sr 61,,Angle Crash,2,Clear,Dry,Daylight
2023-01-23T15:18:00.000,I 20,I 20 and Sr 61,,Rear End,2,Clear,Dry,Daylight
2023-05-17T08:15:00.000,I 20,I 20 and Sr 61,,Angle Crash,2,Cloudy,Dry,Daylight
2023-03-22T08:00:00.000,I 20,I 20 and Sr 61,,Rear End,2,Cloudy,Dry,Daylight
2023-08-25T17:15:00.000,I 20,I 20 and Sr 61,,Rear End,2,Clear,Dry,Daylight
2024-11-05T14:45:00.000,I 20,I 20 and Sr 61,,Rear End,2,Clear,Dry,Daylight
2024-08-02T10:29:00.000,I 20,I 20 and Sr 61,,Rear End,2,Clear,Dry,Daylight
2024-10-17T14:49:00.000,I 20,I 20 and Sr 61,,Rear End,2,Clear,Dry,Daylight
2024-05-15T17:34:00.000,I 20,I 20 and Sr 61,,Rear End,2,Clear,Dry,Daylight
2024-07-04T12:15:00.000,I 20,I 20 and Sr 61,,Sideswipe-Same Direction,2,Clear,Dry,Daylight
2024-04-30T11:17:00.000,I 20,I 20 and Sr 61,,Rear End,2,Rain,Wet,Daylight
2024-06-12T17:20:00.000,I 20,I 20 and Sr 61,,Rear End,2,Clear,Dry,Daylight
2024-02-27T16:47:00.000,I 20,I 20 and Sr 61,,Rear End,2,Clear,Dry,Daylight
2024-10-15T13:38:00.000,I 20,I 20 and Sr 61,,Rear End,2,Clear,Dry,Daylight
2024-04-14T12:50:00.000,I 20,I 20 and Sr 61,,Sideswipe-Same Direction,2,Clear,Dry,Daylight
2024-11-17T12:20:00.000,I 20,I 20 and Sr 61,,Rear End,2,Clear,Dry,Daylight
2024-02-10T10:09:00.000,I 20,I 20 and Sr 61,,Rear End,2,Cloudy,Dry,Daylight
2024-04-25T15:39:00.000,I 20,I 20 and Sr 61,,Angle Crash,2,Clear,Dry,Daylight
2024-06-19T16:05:00.000,I 20,I 20 and Sr 61,,Rear End,2,Clear,Dry,Daylight
2024-05-18T12:05:00.000,I 20,I 20 and Sr 61,,Rear End,2,Clear,Dry,Daylight
2024-08-26T10:00:00.000,I 20,I 20 and Sr 61,,Rear End,2,Clear,Dry,Daylight
2024-08-24T14:32:00.000,I 20,I 20 and Sr 61,,Rear End,2,Clear,Dry,Daylight
2024-04-29T12:05:00.000,I 20,I 20 and Sr 61,,Rear End,2,Clear,Dry,Daylight
2024-10-15T14:07:00.000,I 20,I 20 and Sr 61,,Rear End,2,Clear,Dry,Daylight
2024-06-21T12:05:00.000,I 20,I 20 and Sr 61,,Sideswipe-Same Direction,2,Clear,Dry,Daylight
2024-03-08T16:55:00.000,I 20,I 20 and Sr 61,,Rear End,2,Rain,Wet,Daylight
2024-11-17T22:23:00.000,I 20,I 20 and Sr 61,,Not a Collision with Motor Vehicle,1,Clear,Dry,Dark-Not Lighted
2024-03-11T13:58:00.000,I 20,I 20 and Sr 61,,Sideswipe-Same Direction,2,Clear,Dry,Daylight
2024-02-04T12:55:00.000,I 20,I 20 and Sr 61,,Angle Crash,2,Rain,Wet,Daylight
2024-04-02T17:29:00.000,I 20,I 20 and Sr 61,,Sideswipe-Same Direction,2,Cloudy,Dry,Daylight
2024-05-26T17:46:00.000,I 20,I 20 and Sr 61,,Rear End,2,Clear,Dry,Daylight
2024-08-21T07:13:00.000,I 20,I 20 and Sr 61,,Rear End,2,Clear,Dry,Daylight
2024-12-27T12:39:00.000,I 20,I 20 and Sr 61,,Rear End,2,Cloudy,Wet,Daylight
2024-02-29T16:37:00.000,I 20,I 20 and Sr 61,,Rear End,2,Clear,Dry,Daylight
2024-02-10T10:37:00.000,I 20,I 20 and Sr 61,,Rear End,2,Cloudy,Dry,Daylight
2024-12-09T06:51:00.000,I 20,I 20 and Sr 61,,Rear End,2,Rain,Wet,Dark-Not Lighted
2024-10-14T15:10:00.000,I 20,I 20 and Sr 61,,Rear End,2,Clear,Dry,Daylight
2024-05-09T09:51:00.000,I 20,I 20 and Sr 61,,Rear End,2,Rain,Wet,Daylight
2021-05-21T15:02:00.000,I 20,I 20 and Sr 47,,Rear End,2,Clear,Dry,Daylight
2021-10-01T18:48:00.000,I 20,I 20 and Sr 47,,Rear End,2,Clear,Dry,Daylight
2021-10-02T18:36:00.000,I 20,I 20 and Sr 47,,Rear End,2,Cloudy,Dry,Daylight
2021-10-10T04:38:00.000,I 20,I 20 and Sr 47,,Not a Collision with Motor Vehicle,1,Cloudy,Dry,Dark-Not Lighted
2021-03-20T10:20:00.000,I 20,I 20 and Sr 47,,Rear End,2,Clear,Dry,Daylight
2021-06-24T16:02:00.000,I 20,I 20 and Sr 47,,Sideswipe-Same Direction,2,Clear,Dry,Daylight
2021-07-21T19:31:00.000,I 20,I 20 and Sr 47,,Not a Collision with Motor Vehicle,1,Clear,Dry,Daylight
2021-11-17T14:39:00.000,I 20,I 20 and Sr 47,,Rear End,2,Clear,Dry,Daylight
2021-09-20T16:48:00.000,I 20,I 20 and Sr 47,,Not a Collision with Motor Vehicle,1,Rain,Wet,Daylight
2021-11-09T13:13:00.000,I 20,I 20 and Sr 47,,Rear End,2,Clear,Dry,Daylight
2021-09-19T00:31:00.000,I 20,I 20 and Sr 47,,Not a Collision with Motor Vehicle,1,Clear,Dry,Daylight
2021-12-19T05:38:00.000,I 20,I 20 and Sr 47,,Angle Crash,2,Fog,Dry,Dark-Not Lighted
2021-05-01T11:03:00.000,I 20,I 20 and Sr 47,,Sideswipe-Same Direction,2,Clear,Dry,Daylight
2021-11-08T08:48:00.000,I 20,I 20 and Sr 47,,Rear End,2,Clear,Dry,Daylight
2021-12-05T17:34:00.000,I 20,I 20 and Sr 47,,Rear End,2,Clear,Dry,Dusk
2021-08-15T18:50:00.000,I 20,I 20 and Sr 47,,Not a Collision with Motor Vehicle,1,Clear,Dry,Daylight
2021-09-17T19:34:00.000,I 20,I 20 and Sr 47,,Rear End,3,Cloudy,Dry,Dusk
2021-12-19T05:38:00.000,I 20,I 20 and Sr 47,,Sideswipe-Same Direction,2,Rain,Wet,Dark-Not Lighted
2021-11-28T18:58:00.000,I 20,I 20 and Sr 47,,Rear End,2,Clear,Dry,Dark-Not Lighted
2021-10-07T15:52:00.000,I 20,I 20 and Sr 47,,Sideswipe-Same Direction,2,Rain,Wet,Daylight
2021-12-12T16:04:00.000,I 20,I 20 and Sr 47,,Not a Collision with Motor Vehicle,1,Clear,Dry,Daylight
2021-03-26T19:31:00.000,I 20,I 20 and Sr 47,,Not a Collision with Motor Vehicle,1,Cloudy,Wet,Dusk
2021-06-16T17:37:00.000,I 20,I 20 and Sr 47,,Not a Collision with Motor Vehicle,3,Clear,Dry,Daylight
2021-10-25T17:05:00.000,I 20,I 20 and Sr 47,,Rear End,2,Clear,Dry,Daylight
2021-11-16T14:00:00.000,I 20,I 20 and Sr 47,,Rear End,2,Clear,Dry,Daylight
2021-07-28T18:16:00.000,I 20,I 20 and Sr 47,,Not a Collision with Motor Vehicle,1,Clear,Dry,Daylight
2021-09-28T17:09:00.000,I 20,I 20 and Sr 47,,Rear End,2,Clear,Dry,Daylight
2021-09-08T18:56:00.000,I 20,I 20 and Sr 47,,Sideswipe-Same Direction,2,Cloudy,Wet,Daylight
2021-12-08T22:33:00.000,I 20,I 20 and Sr 47,,Not a Collision with Motor Vehicle,1,Clear,Dry,Dark-Not Lighted
2021-12-19T05:38:00.000,I 20,I 20 and Sr 47,,Rear End,2,Cloudy,Dry,Dark-Not Lighted
2021-10-16T09:05:00.000,I 20,I 20 and Sr 47,,Rear End,2,Clear,Dry,Daylight
2021-05-08T23:09:00.000,I 20,I 20 and Sr 47,,Rear End,2,Clear,Dry,Dark-Lighted
2020-02-07T07:47:00.000,I 20,I 20 and Sr 47,,Rear End,2,Clear,Dry,Daylight
2020-11-26T08:28:00.000,I 20,I 20 and Sr 47,,Not a Collision with Motor Vehicle,1,Rain,Wet,Daylight
2023-02-17T14:02:00.000,I 20,I 20 and Sr 47,,Rear End,4,Cloudy,Dry,Daylight
2023-09-13T08:37:00.000,I 20,I 20 and Sr 47,,Rear End,2,Cloudy,Dry,Daylight
2023-09-25T07:52:00.000,I 20,I 20 and Sr 47,,Rear End,2,Clear,Dry,Daylight
2023-02-24T21:32:00.000,I 20,I 20 and Sr 47,,Sideswipe-Same Direction,2,Rain,Wet,Dark-Not Lighted
2023-10-09T07:23:00.000,I 20,I 20 and Sr 47,,Sideswipe-Same Direction,2,Clear,Dry,Daylight
2023-10-10T19:26:00.000,I 20,I 20 and Sr 47,,Not a Collision with Motor Vehicle,1,Clear,Dry,Dark-Not Lighted
2023-05-06T12:01:00.000,I 20,I 20 and Sr 47,,Rear End,2,Clear,Dry,Daylight
2023-07-22T19:37:00.000,I 20,I 20 and Sr 47,,Not a Collision with Motor Vehicle,1,Rain,Water (standing or moving),Daylight
2023-07-14T16:35:00.000,I 20,I 20 and Sr 47,,Sideswipe-Same Direction,2,Clear,Dry,Daylight
2023-09-28T01:22:00.000,I 20,I 20 and Sr 47,,Not a Collision with Motor Vehicle,1,Clear,Dry,Dark-Not Lighted
2023-06-15T16:09:00.000,I 20,I 20 and Sr 47,,Rear End,2,Clear,Dry,Daylight
2023-06-17T16:38:00.000,I 20,I 20 and Sr 47,,Rear End,2,Clear,Dry,Daylight
2023-02-13T16:36:00.000,I 20,I 20 and Sr 47,,Not a Collision with Motor Vehicle,1,Clear,Dry,Daylight
2023-06-22T13:36:00.000,I 20,I 20 and Sr 47,,Rear End,2,Cloudy,Wet,Daylight
2023-05-07T15:48:00.000,I 20,I 20 and Sr 47,,Rear End,2,Clear,Dry,Daylight
2023-02-24T20:20:00.000,I 20,I 20 and Sr 47,,Not a Collision with Motor Vehicle,1,Rain,Wet,Dark-Not Lighted
2023-03-24T16:39:00.000,I 20,I 20 and Sr 47,,Sideswipe-Same Direction,2,Clear,Dry,Daylight
2023-11-18T12:35:00.000,I 20,I 20 and Sr 47,,Rear End,3,Clear,Dry,Daylight
2023-07-03T01:30:00.000,I 20,I 20 and Sr 47,,Not a Collision with Motor Vehicle,1,Rain,Wet,Dark-Not Lighted
2022-08-22T17:48:00.000,I 20,I 20 and Sr 47,,Rear End,5,Cloudy,Dry,Daylight
2022-09-03T17:16:00.000,I 20,I 20 and Sr 47,,Not a Collision with Motor Vehicle,1,Rain,Wet,Daylight
2022-10-09T14:09:00.000,I 20,I 20 and Sr 47,,Rear End,2,Clear,Dry,Daylight
2022-02-14T18:16:00.000,I 20,I 20 and Sr 47,,Rear End,2,Clear,Dry,Dark-Not Lighted
2022-05-09T02:56:00.000,I 20,I 20 and Sr 47,,Not a Collision with Motor Vehicle,1,Clear,Dry,Dark-Not Lighted
2022-01-04T15:23:00.000,I 20,I 20 and Sr 47,,Rear End,4,Clear,Dry,Daylight
2023-10-12T15:21:00.000,I 20,I 20 and Sr 47,,Rear End,2,Clear,Wet,Daylight
2020-08-25T15:24:00.000,I 20,I 20 and Sr 47,,Rear End,2,Clear,Dry,Daylight
2020-11-25T19:52:00.000,I 20,I 20 and Sr 47,,Not a Collision with Motor Vehicle,2,Clear,Dry,Dark-Not Lighted
2020-06-29T06:01:00.000,I 20,I 20 and Sr 47,,Not a Collision with Motor Vehicle,1,Clear,Dry,Dawn
2020-07-13T13:37:00.000,I 20,I 20 and Sr 47,,Not a Collision with Motor Vehicle,1,Clear,Dry,Daylight
2020-08-29T19:49:00.000,I 20,I 20 and Sr 47,,Sideswipe-Same Direction,2,Clear,Dry,Daylight
2020-09-29T18:13:00.000,I 20,I 20 and Sr 47,,Rear End,2,Cloudy,Dry,Daylight
2020-01-29T17:34:00.000,I 20,I 20 and Sr 47,,Sideswipe-Same Direction,2,Cloudy,Dry,Daylight
2020-07-31T17:49:00.000,I 20,I 20 and Sr 47,,Rear End,2,Clear,Dry,Daylight
2020-02-27T21:51:00.000,I 20,I 20 and Sr 47,,Sideswipe-Same Direction,2,Cloudy,Dry,Dark-Not Lighted
2020-10-22T17:30:00.000,I 20,I 20 and Sr 47,,Rear End,2,Clear,Dry,Daylight
2020-06-07T20:06:00.000,I 20,I 20 and Sr 47,,Not a Collision with Motor Vehicle,1,Cloudy,Dry,Daylight
2020-02-27T21:12:00.000,I 20,I 20 and Sr 47,,Sideswipe-Same Direction,2,Clear,Dry,Dark-Not Lighted
2020-08-31T23:50:00.000,I 20,I 20 and Sr 47,,Not a Collision with Motor Vehicle,1,Clear,Dry,Dark-Not Lighted
2020-10-04T01:35:00.000,I 20,I 20 and Sr 47,,Not a Collision with Motor Vehicle,1,Clear,Dry,Dark-Not Lighted
2020-06-07T15:25:00.000,I 20,I 20 and Sr 47,,Rear End,2,Clear,Dry,Daylight
2020-09-24T02:29:00.000,I 20,I 20 and Sr 47,,Not a Collision with Motor Vehicle,1,Clear,Dry,Dark-Not Lighted
2020-05-15T17:29:00.000,I 20,I 20 and Sr 47,,Rear End,2,Clear,Dry,Daylight
2020-07-07T10:01:00.000,I 20,I 20 and Sr 47,,Not a Collision with Motor Vehicle,1,Rain,Water (standing or moving),Daylight
2020-11-12T05:14:00.000,I 20,I 20 and Sr 47,,Rear End,1,Rain,Wet,Dark-Not Lighted
2020-08-15T19:01:00.000,I 20,I 20 and Sr 47,,Not a Collision with Motor Vehicle,1,Rain,Water (standing or moving),Daylight
2020-09-06T15:44:00.000,I 20,I 20 and Sr 47,,Not a Collision with Motor Vehicle,1,Clear,Dry,Daylight
2020-05-26T04:33:00.000,I 20,I 20 and Sr 47,,Not a Collision with Motor Vehicle,1,Cloudy,Dry,Dark-Not Lighted
2020-10-12T17:59:00.000,I 20,I 20 and Sr 47,,Rear End,2,Clear,Dry,Daylight
2021-03-14T13:01:00.000,I 20,I 20 and Sr 47,,Not a Collision with Motor Vehicle,1,Clear,Dry,Daylight
2021-03-19T11:29:00.000,I 20,I 20 and Sr 47,,Sideswipe-Same Direction,2,Clear,Dry,Daylight
2021-06-21T14:29:00.000,I 20,I 20 and Sr 47,,Not a Collision with Motor Vehicle,1,Clear,Dry,Daylight
2021-04-23T17:52:00.000,I 20,I 20 and Sr 47,,Rear End,4,Clear,Dry,Daylight
2021-05-24T11:08:00.000,I 20,I 20 and Sr 47,,Sideswipe-Same Direction,2,Clear,Dry,Daylight
2021-06-07T18:25:00.000,I 20,I 20 and Sr 47,,Rear End,6,Rain,Wet,Daylight
2021-05-14T21:22:00.000,I 20,I 20 and Sr 47,,Not a Collision with Motor Vehicle,1,Clear,Dry,Dark-Not Lighted
2021-03-22T23:32:00.000,I 20,I 20 and Sr 47,,Rear End,2,Clear,Dry,Dark-Not Lighted
2021-06-07T17:50:00.000,I 20,I 20 and Sr 47,,Not a Collision with Motor Vehicle,1,Rain,Wet,Daylight
2021-10-10T03:41:00.000,I 20,I 20 and Sr 47,,Not a Collision with Motor Vehicle,1,Cloudy,Dry,Dark-Not Lighted
2021-10-28T17:53:00.000,I 20,I 20 and Sr 47,,Rear End,2,Cloudy,Wet,Daylight
2021-10-14T19:59:00.000,I 20,I 20 and Sr 47,,Not a Collision with Motor Vehicle,1,Clear,Dry,Dark-Not Lighted
2021-11-14T18:01:00.000,I 20,I 20 and Sr 47,,Rear End,3,Clear,Dry,Dark-Not Lighted
2021-12-24T21:37:00.000,I 20,I 20 and Sr 47,,Rear End,2,Clear,Dry,Dark-Not Lighted