Date and Time,Roadway (From Crash Report),Intersection Name (from Crash Report),KABCO Severity,Manner of Collision (Crash Level) ,# of Vehicles per crash ,Weather Conditions (Crash Level),Surface Condition (Crash Level) ,Light Conditions (Crash Level)
2021-11-16T07:32:00.000,I 20,I 20 and Sr 388,,Rear End,2,Clear,Dry,Daylight
2021-12-09T19:25:00.000,I 20,I 20 and Sr 388,,Rear End,2,Cloudy,Dry,Dark-Not Lighted
2021-06-27T15:13:00.000,I 20,I 20 and Sr 388,,Rear End,2,Clear,Dry,Daylight
2021-03-08T15:03:00.000,I 20,I 20 and Sr 388,,Sideswipe-Same Direction,2,Clear,Dry,Daylight
2021-02-18T21:13:00.000,I 20,I 20 and Sr 388,,Rear End,2,Rain,Wet,Dark-Not Lighted
2021-02-05T19:40:00.000,I 20,I 20 and Sr 388,,Rear End,2,Clear,Dry,Dark-Not Lighted
2021-05-06T07:42:00.000,I 20,I 20 and Sr 388,,Rear End,2,Clear,Dry,Daylight
2021-05-30T08:07:00.000,I 20,I 20 and Sr 388,,Sideswipe-Same Direction,2,Clear,Dry,Daylight
2021-01-27T07:47:00.000,I 20,I 20 and Sr 388,,Rear End,4,Cloudy,Dry,Daylight
2021-09-29T06:35:00.000,I 20,I 20 and Sr 388,,Not a Collision with Motor Vehicle,1,Clear,Dry,Dark-Not Lighted
2021-07-05T17:25:00.000,I 20,I 20 and Sr 388,,Rear End,2,Clear,Dry,Daylight
2021-11-24T14:57:00.000,I 20,I 20 and Sr 388,,Rear End,2,Clear,Dry,Daylight
2021-09-15T19:35:00.000,I 20,I 20 and Sr 388,,Rear End,2,Rain,Wet,Dark-Lighted
2021-12-13T09:05:00.000,I 20,I 20 and Sr 388,,Rear End,4,Clear,Dry,Daylight
2021-10-13T00:31:00.000,I 20,I 20 and Sr 388,,Not a Collision with Motor Vehicle,1,Clear,Dry,Dark-Not Lighted
2021-07-20T16:35:00.000,I 20,I 20 and Sr 388,,Rear End,2,Cloudy,Wet,Daylight
2021-07-23T06:25:00.000,I 20,I 20 and Sr 388,,Sideswipe-Same Direction,2,Clear,Dry,Dark-Not Lighted
2021-06-06T19:22:00.000,I 20,I 20 and Sr 388,,Rear End,2,Clear,Dry,Daylight
2021-04-29T00:22:00.000,I 20,I 20 and Sr 388,,Not a Collision with Motor Vehicle,1,Clear,Dry,Dark-Not Lighted
2021-01-08T19:07:00.000,I 20,I 20 and Sr 388,,Rear End,3,Cloudy,Wet,Dark-Not Lighted
2021-06-25T22:58:00.000,I 20,I 20 and Sr 388,,Angle Crash,2,Cloudy,Dry,Dark-Not Lighted
2021-01-04T17:31:00.000,I 20,I 20 and Sr 388,,Rear End,2,Clear,Dry,Dusk
2020-02-13T10:58:00.000,I 20,I 20 and Sr 388,,Not a Collision with Motor Vehicle,1,Rain,Water (standing or moving),Daylight
2020-12-27T22:45:00.000,I 20,I 20 and Sr 388,,Rear End,2,Clear,Dry,Dark-Lighted
2020-12-13T12:47:00.000,I 20,I 20 and Sr 388,,Rear End,2,Clear,Dry,Daylight
2023-09-25T08:23:00.000,I 20,I 20 and Sr 388,,Rear End,2,Clear,Dry,Daylight
2023-12-12T06:07:00.000,I 20,I 20 and Sr 388,,Not a Collision with Motor Vehicle,1,Clear,Dry,Dark-Not Lighted
2023-01-07T00:25:00.000,I 20,I 20 and Sr 388,,Not a Collision with Motor Vehicle,1,Clear,Dry,Dark-Not Lighted
2023-03-13T15:47:00.000,I 20,I 20 and Sr 388,,Rear End,2,Clear,Dry,Daylight
2023-08-02T22:15:00.000,I 20,I 20 and Sr 388,,Not a Collision with Motor Vehicle,1,Clear,Dry,Dark-Not Lighted
2023-01-17T22:44:00.000,I 20,I 20 and Sr 388,,Rear End,2,Cloudy,Wet,Dark-Not Lighted
2023-09-04T13:42:00.000,I 20,I 20 and Sr 388,,Rear End,3,Clear,Dry,Daylight
2023-04-21T13:50:00.000,I 20,I 20 and Sr 388,,Not a Collision with Motor Vehicle,1,Clear,Dry,Daylight
2023-11-21T14:33:00.000,I 20,I 20 and Sr 388,,Sideswipe-Same Direction,2,Cloudy,Dry,Daylight
2023-09-18T07:54:00.000,I 20,I 20 and Sr 388,,Rear End,2,Clear,Dry,Daylight
2023-12-15T12:26:00.000,I 20,I 20 and Sr 388,,Not a Collision with Motor Vehicle,1,Clear,Dry,Daylight
2023-09-24T13:19:00.000,I 20,I 20 and Sr 388,,Rear End,2,Clear,Dry,Daylight
2023-05-08T12:37:00.000,I 20,I 20 and Sr 388,,Rear End,2,Clear,Dry,Daylight
2023-08-02T11:44:00.000,I 20,I 20 and Sr 388,,Rear End,2,Clear,Dry,Daylight
2023-08-15T05:29:00.000,I 20,I 20 and Sr 388,,Not a Collision with Motor Vehicle,3,Clear,Dry,Daylight
2023-10-18T16:25:00.000,I 20,I 20 and Sr 388,,Sideswipe-Same Direction,2,Clear,Dry,Daylight
2023-10-23T15:23:00.000,I 20,I 20 and Sr 388,,Sideswipe-Same Direction,2,Clear,Dry,Daylight
2023-03-15T16:37:00.000,I 20,I 20 and Sr 388,,Rear End,2,Clear,Dry,Daylight
2023-07-19T17:02:00.000,I 20,I 20 and Sr 388,,Rear End,2,Cloudy,Wet,Daylight
2023-11-30T17:10:00.000,I 20,I 20 and Sr 388,,Rear End,3,Clear,Dry,Daylight
2023-05-04T16:10:00.000,I 20,I 20 and Sr 388,,Rear End,2,Clear,Dry,Daylight
2023-10-13T04:20:00.000,I 20,I 20 and Sr 388,,Not a Collision with Motor Vehicle,1,Cloudy,Wet,Dark-Not Lighted
2023-08-16T06:58:00.000,I 20,I 20 and Sr 388,,Sideswipe-Same Direction,2,Clear,Dry,Daylight
2023-11-07T17:00:00.000,I 20,I 20 and Sr 388,,Rear End,2,Clear,Dry,Daylight
2023-11-26T15:29:00.000,I 20,I 20 and Sr 388,,Rear End,2,Rain,Wet,Daylight
2023-10-12T15:08:00.000,I 20,I 20 and Sr 388,,Rear End,2,Rain,Wet,Daylight
2023-04-12T09:04:00.000,I 20,I 20 and Sr 388,,Rear End,2,Clear,Dry,Daylight
2023-07-29T07:19:00.000,I 20,I 20 and Sr 388,,Not a Collision with Motor Vehicle,1,Rain,Water (standing or moving),Dusk
2023-11-22T01:57:00.000,I 20,I 20 and Sr 388,,Not a Collision with Motor Vehicle,1,Rain,Wet,Dark-Not Lighted
2023-03-11T22:19:00.000,I 20,I 20 and Sr 388,,Rear End,2,Clear,Dry,Dark-Lighted
2023-02-22T16:10:00.000,I 20,I 20 and Sr 388,,Rear End,2,Clear,Dry,Daylight
2023-03-25T21:36:00.000,I 20,I 20 and Sr 388,,Rear End,3,Clear,Dry,Dark-Not Lighted
2023-09-18T01:32:00.000,I 20,I 20 and Sr 388,,Not a Collision with Motor Vehicle,1,Clear,Dry,Dark-Not Lighted
2023-04-27T18:59:00.000,I 20,I 20 and Sr 388,,Not a Collision with Motor Vehicle,1,Rain,Wet,Daylight
2023-11-29T18:15:00.000,I 20,I 20 and Sr 388,,Sideswipe-Same Direction,2,Clear,Dry,Dusk
2023-12-22T16:26:00.000,I 20,I 20 and Sr 388,,Rear End,2,Cloudy,Dry,Daylight
2023-07-01T23:26:00.000,I 20,I 20 and Sr 388,,Rear End,2,Clear,Dry,Dark-Not Lighted
2023-04-30T11:15:00.000,I 20,I 20 and Sr 388,,Angle Crash,2,Rain,Water (standing or moving),Daylight
2023-11-25T14:46:00.000,I 20,I 20 and Sr 388,,Rear End,2,Clear,Dry,Daylight
2023-02-11T21:45:00.000,I 20,I 20 and Sr 388,,Not a Collision with Motor Vehicle,1,Rain,Wet,Dark-Not Lighted
2023-01-07T00:26:00.000,I 20,I 20 and Sr 388,,Rear End,1,Clear,Dry,Dark-Not Lighted
2023-01-16T14:58:00.000,I 20,I 20 and Sr 388,,Not a Collision with Motor Vehicle,1,Clear,Dry,Daylight
2023-09-18T08:12:00.000,I 20,I 20 and Sr 388,,Rear End,2,Clear,Dry,Daylight
2023-04-16T16:29:00.000,I 20,I 20 and Sr 388,,Rear End,2,Clear,Dry,Daylight
2023-09-15T13:22:00.000,I 20,I 20 and Sr 388,,Sideswipe-Same Direction,2,Cloudy,Dry,Daylight
2023-08-09T20:40:00.000,I 20,I 20 and Sr 388,,Angle Crash,2,Clear,Dry,Dusk
2023-01-03T17:39:00.000,I 20,I 20 and Sr 388,,Rear End,2,Cloudy,Dry,Dark-Lighted
2023-06-12T07:00:00.000,I 20,I 20 and Sr 388,,Not a Collision with Motor Vehicle,1,Rain,Water (standing or moving),Daylight
2023-02-13T20:44:00.000,I 20,I 20 and Sr 388,,Sideswipe-Same Direction,2,Clear,Dry,Daylight
2023-04-12T17:45:00.000,I 20,I 20 and Sr 388,,Rear End,2,Clear,Dry,Daylight
2023-01-23T18:49:00.000,I 20,I 20 and Sr 388,,Sideswipe-Same Direction,2,Clear,Dry,Dark-Not Lighted
2023-10-19T14:10:00.000,I 20,I 20 and Sr 388,,Rear End,2,Clear,Dry,Daylight
2023-10-08T23:55:00.000,I 20,I 20 and Sr 388,,Not a Collision with Motor Vehicle,3,Clear,Dry,Dark-Not Lighted
2023-09-25T07:47:00.000,I 20,I 20 and Sr 388,,Rear End,3,Clear,Dry,Daylight
2023-08-17T17:46:00.000,I 20,I 20 and Sr 388,,Rear End,2,Clear,Dry,Daylight
2023-02-21T16:14:00.000,I 20,I 20 and Sr 388,,Rear End,2,Clear,Dry,Daylight
2023-01-12T18:06:00.000,I 20,I 20 and Sr 388,,Not a Collision with Motor Vehicle,1,Severe Thunderstorm or Tornadic,Wet,Dark-Not Lighted
2023-03-16T17:09:00.000,I 20,I 20 and Sr 388,,Rear End,2,Clear,Dry,Daylight
2023-02-25T01:31:00.000,I 20,I 20 and Sr 388,,Not a Collision with Motor Vehicle,1,Cloudy,Wet,Dark-Not Lighted
2022-05-01T16:37:00.000,I 20,I 20 and Sr 388,,Rear End,2,Clear,Dry,Daylight
2022-04-25T07:52:00.000,I 20,I 20 and Sr 388,,Rear End,2,Clear,Dry,Daylight
2022-01-05T15:18:00.000,I 20,I 20 and Sr 388,,Rear End,2,Clear,Dry,Daylight
2022-04-14T20:04:00.000,I 20,I 20 and Sr 388,,Rear End,2,Clear,Dry,Dark-Lighted
2022-06-25T19:43:00.000,I 20,I 20 and Sr 388,,Sideswipe-Same Direction,2,Clear,Dry,Daylight
2020-02-18T06:05:00.000,I 20,I 20 and Sr 388,,Angle Crash,2,Rain,Wet,Dark-Lighted
2020-11-29T14:22:00.000,I 20,I 20 and Sr 388,,Sideswipe-Same Direction,2,Cloudy,Dry,Daylight
2020-12-04T17:11:00.000,I 20,I 20 and Sr 388,,Rear End,2,Clear,Dry,Daylight
2020-02-18T07:52:00.000,I 20,I 20 and Sr 388,,Rear End,2,Rain,Wet,Daylight
2020-11-08T05:13:00.000,I 20,I 20 and Sr 388,,Not a Collision with Motor Vehicle,1,Clear,Dry,Dark-Lighted
2020-09-24T05:57:00.000,I 20,I 20 and Sr 388,,Not a Collision with Motor Vehicle,2,Clear,Dry,Dark-Lighted
2020-09-15T18:54:00.000,I 20,I 20 and Sr 388,,Sideswipe-Same Direction,2,Cloudy,Dry,Daylight
2020-09-04T11:56:00.000,I 20,I 20 and Sr 388,,Rear End,2,Clear,Dry,Daylight
2020-10-08T16:57:00.000,I 20,I 20 and Sr 388,,Rear End,2,Clear,Dry,Daylight
2020-02-19T03:43:00.000,I 20,I 20 and Sr 388,,Not a Collision with Motor Vehicle,1,Rain,Wet,Dark-Not Lighted
2020-07-16T18:11:00.000,I 20,I 20 and Sr 388,,Not a Collision with Motor Vehicle,1,Clear,Dry,Daylight
2020-06-20T18:15:00.000,I 20,I 20 and Sr 388,,Sideswipe-Same Direction,2,Clear,Dry,Daylight
2020-02-06T04:31:00.000,I 20,I 20 and Sr 388,,Not a Collision with Motor Vehicle,1,Rain,Wet,Dark-Not Lighted
2020-07-13T13:28:00.000,I 20,I 20 and Sr 388,,Rear End,3,Clear,Dry,Daylight
2020-08-12T16:24:00.000,I 20,I 20 and Sr 388,,Not a Collision with Motor Vehicle,1,Clear,Dry,Daylight
2020-09-30T07:48:00.000,I 20,I 20 and Sr 388,,Rear End,3,Clear,Dry,Daylight
2020-09-29T10:56:00.000,I 20,I 20 and Sr 388,,Rear End,2,Clear,Dry,Daylight
2020-10-01T07:52:00.000,I 20,I 20 and Sr 388,,Rear End,3,Clear,Dry,Daylight
2020-05-26T18:16:00.000,I 20,I 20 and Sr 388,,Rear End,2,Clear,Dry,Daylight
2020-12-19T20:30:00.000,I 20,I 20 and Sr 388,,Not a Collision with Motor Vehicle,1,Clear,Dry,Dark-Not Lighted
2020-02-05T17:42:00.000,I 20,I 20 and Sr 388,,Sideswipe-Same Direction,2,Cloudy,Wet,Dusk
2020-08-29T10:39:00.000,I 20,I 20 and Sr 388,,Rear End,2,Cloudy,Dry,Daylight
2020-11-14T19:29:00.000,I 20,I 20 and Sr 388,,Rear End,2,Clear,Dry,Dark-Lighted
2020-05-17T11:41:00.000,I 20,I 20 and Sr 388,,Rear End,2,Clear,Dry,Daylight
2020-10-05T19:27:00.000,I 20,I 20 and Sr 388,,Rear End,2,Clear,Dry,Dark-Lighted
2020-02-19T03:42:00.000,I 20,I 20 and Sr 388,,Not a Collision with Motor Vehicle,1,Rain,Wet,Dark-Not Lighted
2020-01-06T16:54:00.000,I 20,I 20 and Sr 388,,Sideswipe-Same Direction,2,Clear,Dry,Daylight
2020-11-18T18:12:00.000,I 20,I 20 and Sr 388,,Not a Collision with Motor Vehicle,1,Clear,Dry,Dark-Not Lighted
2020-07-06T20:52:00.000,I 20,I 20 and Sr 388,,Sideswipe-Same Direction,2,Rain,Wet,Dusk
2020-07-29T17:24:00.000,I 20,I 20 and Sr 388,,Rear End,2,Clear,Dry,Daylight
2020-10-08T16:14:00.000,I 20,I 20 and Sr 388,,Not a Collision with Motor Vehicle,1,Clear,Dry,Daylight
2020-01-01T19:34:00.000,I 20,I 20 and Sr 388,,Sideswipe-Same Direction,2,Clear,Dry,Dark-Not Lighted
2020-04-13T05:03:00.000,I 20,I 20 and Sr 388,,Not a Collision with Motor Vehicle,1,Severe Thunderstorm or Tornadic,Water (standing or moving),Dark-Not Lighted
2020-10-20T21:03:00.000,I 20,I 20 and Sr 388,,Rear End,2,Clear,Dry,Dark-Not Lighted
2020-07-07T16:14:00.000,I 20,I 20 and Sr 388,,Rear End,2,Rain,Water (standing or moving),Daylight
2020-01-09T16:37:00.000,I 20,I 20 and Sr 388,,Sideswipe-Same Direction,2,Clear,Dry,Daylight
2020-10-07T18:26:00.000,I 20,I 20 and Sr 388,,Rear End,2,Clear,Dry,Daylight
2020-03-09T08:24:00.000,I 20,I 20 and Sr 388,,Rear End,3,Clear,Dry,Daylight
2020-11-21T11:30:00.000,I 20,I 20 and Sr 388,,Angle Crash,2,Clear,Dry,Daylight
2020-11-09T05:26:00.000,I 20,I 20 and Sr 388,,Not a Collision with Motor Vehicle,1,Cloudy,Dry,Dark-Not Lighted
2020-03-09T08:15:00.000,I 20,I 20 and Sr 388,,Rear End,3,Clear,Dry,Daylight
2020-08-09T04:09:00.000,I 20,I 20 and Sr 388,,Not a Collision with Motor Vehicle,1,Clear,Dry,Dark-Lighted
2020-04-25T13:01:00.000,I 20,I 20 and Sr 388,,Sideswipe-Same Direction,2,Clear,Dry,Daylight
2020-07-09T00:20:00.000,I 20,I 20 and Sr 388,,Not a Collision with Motor Vehicle,1,Rain,Wet,Dark-Not Lighted
2020-05-06T21:37:00.000,I 20,I 20 and Sr 388,,Rear End,2,Cloudy,Dry,Dark-Not Lighted
2020-09-03T21:04:00.000,I 20,I 20 and Sr 388,,Not a Collision with Motor Vehicle,2,Clear,Dry,Dark-Not Lighted
2020-01-21T16:17:00.000,I 20,I 20 and Sr 388,,Rear End,2,Clear,Dry,Daylight
2020-03-19T21:40:00.000,I 20,I 20 and Sr 388,,Rear End,3,Clear,Dry,Dark-Not Lighted
2020-10-19T03:23:00.000,I 20,I 20 and Sr 388,,Rear End,2,Clear,Dry,Dark-Not Lighted
2020-11-25T15:35:00.000,I 20,I 20 and Sr 388,,Rear End,2,Clear,Dry,Daylight
2020-10-04T18:25:00.000,I 20,I 20 and Sr 388,,Rear End,2,Clear,Dry,Daylight
2020-12-05T18:08:00.000,I 20,I 20 and Sr 388,,Rear End,2,Clear,Dry,Dark-Not Lighted
2020-01-09T17:49:00.000,I 20,I 20 and Sr 388,,Angle Crash,2,Clear,Dry,Dusk
2020-06-10T19:44:00.000,I 20,I 20 and Sr 388,,Rear End,2,Clear,Dry,Daylight
2020-09-28T15:47:00.000,I 20,I 20 and Sr 388,,Rear End,2,Clear,Dry,Daylight
2020-01-13T20:52:00.000,I 20,I 20 and Sr 388,,Rear End,2,Cloudy,Wet,Dark-Not Lighted
2020-05-21T12:23:00.000,I 20,I 20 and Sr 388,,Rear End,2,Clear,Dry,Daylight
2020-05-01T13:50:00.000,I 20,I 20 and Sr 388,,Rear End,2,Clear,Dry,Daylight
2021-04-24T10:34:00.000,I 20,I 20 and Sr 388,,Rear End,4,Rain,Water (standing or moving),Daylight
2021-03-10T07:35:00.000,I 20,I 20 and Sr 388,,Rear End,2,Clear,Dry,Daylight
2021-06-23T08:58:00.000,I 20,I 20 and Sr 388,,Not a Collision with Motor Vehicle,2,Clear,Dry,Daylight
2021-03-05T17:24:00.000,I 20,I 20 and Sr 388,,Rear End,6,Clear,Dry,Daylight
2021-05-03T08:08:00.000,I 20,I 20 and Sr 388,,Rear End,2,Cloudy,Dry,Daylight
2021-06-01T15:46:00.000,I 20,I 20 and Sr 388,,Rear End,2,Clear,Dry,Daylight
2021-01-22T08:49:00.000,I 20,I 20 and Sr 388,,Sideswipe-Same Direction,2,Rain,Wet,Daylight
2021-06-20T00:11:00.000,I 20,I 20 and Sr 388,,Not a Collision with Motor Vehicle,1,Rain,Wet,Dark-Not Lighted
2021-06-15T13:17:00.000,I 20,I 20 and Sr 388,,Rear End,2,Clear,Dry,Daylight
2021-02-20T13:38:00.000,I 20,I 20 and Sr 388,,Rear End,2,Clear,Dry,Daylight
2021-01-21T10:52:00.000,I 20,I 20 and Sr 388,,Rear End,2,Cloudy,Dry,Daylight
2021-02-23T11:34:00.000,I 20,I 20 and Sr 388,,Sideswipe-Same Direction,2,Clear,Dry,Daylight
2021-06-05T05:16:00.000,I 20,I 20 and Sr 388,,Rear End,2,Cloudy,Dry,Dark-Lighted
2021-01-08T21:53:00.000,I 20,I 20 and Sr 388,,Rear End,2,Clear,Wet,Dark-Not Lighted
2021-01-05T17:37:00.000,I 20,I 20 and Sr 388,,Rear End,2,Clear,Dry,Daylight
2021-03-02T13:57:00.000,I 20,I 20 and Sr 388,,Not a Collision with Motor Vehicle,2,Rain,Wet,Daylight
2021-01-04T17:51:00.000,I 20,I 20 and Sr 388,,Rear End,2,Clear,Dry,Dark-Not Lighted
2021-02-10T10:16:00.000,I 20,I 20 and Sr 388,,Not a Collision with Motor Vehicle,1,Clear,Dry,Daylight
2021-12-28T22:57:00.000,I 20,I 20 and Sr 388,,Not a Collision with Motor Vehicle,1,Clear,Dry,Dark-Not Lighted
2021-12-17T16:32:00.000,I 20,I 20 and Sr 388,,Not a Collision with Motor Vehicle,2,Cloudy,Dry,Daylight
2021-09-27T00:01:00.000,I 20,I 20 and Sr 388,,Not a Collision with Motor Vehicle,1,Clear,Dry,Dark-Not Lighted
2021-09-29T18:13:00.000,I 20,I 20 and Sr 388,,Rear End,2,Clear,Dry,Daylight
2021-09-08T14:06:00.000,I 20,I 20 and Sr 388,,Rear End,2,Cloudy,Wet,Daylight
2021-08-28T19:04:00.000,I 20,I 20 and Sr 388,,Rear End,2,Clear,Dry,Daylight
2021-09-28T16:35:00.000,I 20,I 20 and Sr 388,,Rear End,2,Clear,Dry,Daylight
2021-08-27T06:51:00.000,I 20,I 20 and Sr 388,,Rear End,2,Clear,Dry,Daylight
2021-09-09T17:22:00.000,I 20,I 20 and Sr 388,,Rear End,2,Cloudy,Dry,Daylight
2022-11-27T14:44:00.000,I 20,I 20 and Sr 388,,Rear End,3,Clear,Dry,Daylight
2022-03-13T03:30:00.000,I 20,I 20 and Sr 388,,Not a Collision with Motor Vehicle,1,Clear,Dry,Dark-Not Lighted
2022-02-04T22:05:00.000,I 20,I 20 and Sr 388,,Sideswipe-Same Direction,2,Cloudy,Dry,Dark-Not Lighted
2022-10-10T19:52:00.000,I 20,I 20 and Sr 388,,Not a Collision with Motor Vehicle,1,Clear,Dry,Dark-Not Lighted
2022-05-26T16:12:00.000,I 20,I 20 and Sr 388,,Sideswipe-Same Direction,3,Cloudy,Dry,Daylight
2021-09-10T17:33:00.000,I 20,I 20 and Sr 388,,Rear End,2,Clear,Dry,Daylight
2021-10-23T11:58:00.000,I 20,I 20 and Sr 388,,Rear End,2,Clear,Dry,Daylight
2022-11-11T17:11:00.000,I 20,I 20 and Sr 388,,Angle Crash,2,Rain,Wet,Dusk
2022-10-23T00:06:00.000,I 20,I 20 and Sr 388,,Not a Collision with Motor Vehicle,1,Clear,Dry,Dark-Not Lighted
2022-04-30T21:03:00.000,I 20,I 20 and Sr 388,,Not a Collision with Motor Vehicle,1,Clear,Dry,Dark-Not Lighted
2022-07-26T17:01:00.000,I 20,I 20 and Sr 388,,Rear End,2,Clear,Dry,Daylight
2022-06-02T17:53:00.000,I 20,I 20 and Sr 388,,Rear End,2,Clear,Dry,Daylight
2022-10-27T21:03:00.000,I 20,I 20 and Sr 388,,Rear End,2,Clear,Dry,Dark-Not Lighted
2022-01-14T21:05:00.000,I 20,I 20 and Sr 388,,Rear End,2,Clear,Dry,Dark-Not Lighted
2022-04-01T07:58:00.000,I 20,I 20 and Sr 388,,Not a Collision with Motor Vehicle,1,Clear,Dry,Daylight
2022-03-14T08:20:00.000,I 20,I 20 and Sr 388,,Rear End,3,Clear,Dry,Daylight
2022-07-20T18:01:00.000,I 20,I 20 and Sr 388,,Rear End,4,Clear,Dry,Daylight
2022-09-12T07:56:00.000,I 20,I 20 and Sr 388,,Sideswipe-Same Direction,2,Clear,Dry,Daylight
2022-10-29T19:07:00.000,I 20,I 20 and Sr 388,,Angle Crash,2,Clear,Dry,Dark-Not Lighted
2022-06-02T11:21:00.000,I 20,I 20 and Sr 388,,Rear End,2,Clear,Dry,Daylight
2022-07-29T07:46:00.000,I 20,I 20 and Sr 388,,Rear End,2,Clear,Dry,Daylight
2022-07-15T02:07:00.000,I 20,I 20 and Sr 388,,Not a Collision with Motor Vehicle,1,Clear,Dry,Dark-Not Lighted
2022-12-14T17:52:00.000,I 20,I 20 and Sr 388,,Rear End,2,Rain,Wet,Dark-Not Lighted
2022-11-08T18:54:00.000,I 20,I 20 and Sr 388,,Rear End,2,Clear,Dry,Dark-Not Lighted
2022-09-12T08:59:00.000,I 20,I 20 and Sr 388,,Not a Collision with Motor Vehicle,1,Clear,Dry,Daylight
2022-11-25T14:00:00.000,I 20,I 20 and Sr 388,,Not a Collision with Motor Vehicle,2,Cloudy,Dry,Daylight
2022-03-14T08:17:00.000,I 20,I 20 and Sr 388,,Rear End,2,Clear,Dry,Daylight
2022-12-03T12:47:00.000,I 20,I 20 and Sr 388,,Angle Crash,2,Cloudy,Dry,Daylight
2022-03-07T07:33:00.000,I 20,I 20 and Sr 388,,Rear End,3,Clear,Dry,Daylight
2022-11-10T03:44:00.000,I 20,I 20 and Sr 388,,Not a Collision with Motor Vehicle,1,Clear,Dry,Dark-Not Lighted
2022-03-31T22:06:00.000,I 20,I 20 and Sr 388,,Rear End,2,Clear,Dry,Dark-Not Lighted
2022-10-30T18:31:00.000,I 20,I 20 and Sr 388,,Rear End,2,Clear,Dry,Dark-Lighted
2022-04-25T16:46:00.000,I 20,I 20 and Sr 388,,Rear End,2,Clear,Dry,Daylight
2022-10-09T14:04:00.000,I 20,I 20 and Sr 388,,Rear End,2,Clear,Dry,Daylight
2022-04-29T03:37:00.000,I 20,I 20 and Sr 388,,Rear End,2,Clear,Dry,Dark-Not Lighted
2022-03-24T06:26:00.000,I 20,I 20 and Sr 388,,Rear End,2,Clear,Dry,Dark-Lighted
2022-09-23T15:12:00.000,I 20,I 20 and Sr 388,,Rear End,2,Clear,Dry,Daylight
2022-04-04T06:39:00.000,I 20,I 20 and Sr 388,,Not a Collision with Motor Vehicle,1,Clear,Dry,Daylight
2022-09-16T18:20:00.000,I 20,I 20 and Sr 388,,Rear End,2,Clear,Dry,Daylight
2022-03-16T13:01:00.000,I 20,I 20 and Sr 388,,Rear End,2,Rain,Wet,Daylight
2022-08-24T18:28:00.000,I 20,I 20 and Sr 388,,Sideswipe-Same Direction,2,Cloudy,Wet,Daylight
2021-09-20T15:46:00.000,I 20,I 20 and Sr 388,,Not a Collision with Motor Vehicle,1,Rain,Water (standing or moving),Daylight
2021-10-23T13:02:00.000,I 20,I 20 and Sr 388,,Rear End,2,Clear,Dry,Daylight
2022-05-11T17:40:00.000,I 20,I 20 and Sr 388,,Not a Collision with Motor Vehicle,1,Clear,Dry,Daylight
2022-09-27T17:33:00.000,I 20,I 20 and Sr 388,,Rear End,2,Clear,Dry,Daylight
2022-11-11T04:32:00.000,I 20,I 20 and Sr 388,,Not a Collision with Motor Vehicle,1,Rain,Wet,Dark-Not Lighted
2022-08-10T16:44:00.000,I 20,I 20 and Sr 388,,Rear End,4,Clear,Dry,Daylight
2022-03-14T20:48:00.000,I 20,I 20 and Sr 388,,Sideswipe-Same Direction,2,Clear,Dry,Dark-Not Lighted
2022-11-10T22:20:00.000,I 20,I 20 and Sr 388,,Sideswipe-Same Direction,2,Rain,Wet,Dark-Not Lighted
2022-04-15T14:24:00.000,I 20,I 20 and Sr 388,,Rear End,2,Clear,Dry,Daylight
2022-02-25T14:16:00.000,I 20,I 20 and Sr 388,,Rear End,2,Clear,Dry,Daylight
2022-02-19T19:20:00.000,I 20,I 20 and Sr 388,,Rear End,1,Clear,Dry,Dark-Not Lighted
2022-10-27T18:46:00.000,I 20,I 20 and Sr 388,,Sideswipe-Same Direction,2,Clear,Dry,Dark-Not Lighted
2022-11-20T22:58:00.000,I 20,I 20 and Sr 388,,Sideswipe-Same Direction,2,Clear,Dry,Dark-Not Lighted
2022-05-06T11:57:00.000,I 20,I 20 and Sr 388,,Rear End,2,Cloudy,Dry,Daylight
2022-02-07T09:14:00.000,I 20,I 20 and Sr 388,,Rear End,2,Cloudy,Dry,Daylight
2022-06-04T21:09:00.000,I 20,I 20 and Sr 388,,Sideswipe-Same Direction,3,Clear,Dry,Dark-Lighted
2022-12-19T16:55:00.000,I 20,I 20 and Sr 388,,Rear End,2,Cloudy,Dry,Daylight
2022-11-04T18:16:00.000,I 20,I 20 and Sr 388,,Sideswipe-Same Direction,2,Cloudy,Dry,Daylight
2022-06-04T21:09:00.000,I 20,I 20 and Sr 388,,Sideswipe-Same Direction,5,Cloudy,Dry,Dark-Lighted
2022-09-07T17:32:00.000,I 20,I 20 and Sr 388,,Rear End,2,Clear,Dry,Daylight
2022-05-14T15:07:00.000,I 20,I 20 and Sr 388,,Rear End,2,Clear,Dry,Daylight
2022-01-21T21:39:00.000,I 20,I 20 and Sr 388,,Not a Collision with Motor Vehicle,1,Sleet,Ice/Frost,Dark-Not Lighted
2022-12-17T11:56:00.000,I 20,I 20 and Sr 388,,Rear End,2,Cloudy,Dry,Daylight
2022-07-07T12:43:00.000,I 20,I 20 and Sr 388,,Sideswipe-Same Direction,2,Clear,Dry,Daylight
2022-05-11T08:38:00.000,I 20,I 20 and Sr 388,,Rear End,2,Clear,Dry,Daylight
2022-12-05T17:08:00.000,I 20,I 20 and Sr 388,,Rear End,2,Rain,Wet,Dusk
2022-08-24T16:54:00.000,I 20,I 20 and Sr 388,,Rear End,2,Rain,Wet,Daylight
2022-01-28T19:51:00.000,I 20,I 20 and Sr 388,,Not a Collision with Motor Vehicle,1,Clear,Dry,Dark-Not Lighted
2022-06-04T15:23:00.000,I 20,I 20 and Sr 388,,Angle Crash,2,Clear,Dry,Daylight
2022-08-24T16:55:00.000,I 20,I 20 and Sr 388,,Rear End,2,Rain,Wet,Daylight