Date and Time,Roadway (From Crash Report),Intersection Name (from Crash Report),KABCO Severity,Manner of Collision (Crash Level) ,# of Vehicles per crash ,Weather Conditions (Crash Level),Surface Condition (Crash Level) ,Light Conditions (Crash Level)
2022-03-01T19:08:00.000,I 20,I 20 and Sr 388,,Rear End,2,Clear,Dry,Dark-Not Lighted
2022-05-26T18:28:00.000,I 20,I 20 and Sr 388,,Rear End,2,Rain,Wet,Daylight
2022-09-22T20:13:00.000,I 20,I 20 and Sr 388,,Rear End,2,Clear,Dry,Dark-Not Lighted
2022-05-27T15:18:00.000,I 20,I 20 and Sr 388,,Sideswipe-Same Direction,2,Clear,Dry,Daylight
2022-05-23T16:11:00.000,I 20,I 20 and Sr 388,,Not a Collision with Motor Vehicle,1,Rain,Wet,Daylight
2022-03-01T18:03:00.000,I 20,I 20 and Sr 388,,Rear End,2,Clear,Dry,Daylight
2022-03-07T07:33:00.000,I 20,I 20 and Sr 388,,Rear End,3,Clear,Dry,Daylight
2022-04-28T17:55:00.000,I 20,I 20 and Sr 388,,Rear End,2,Clear,Dry,Daylight
2022-08-10T15:23:00.000,I 20,I 20 and Sr 388,,Angle Crash,2,Cloudy,Dry,Daylight
2022-03-19T16:54:00.000,I 20,I 20 and Sr 388,,Rear End,2,Clear,Dry,Daylight
2022-10-05T07:46:00.000,I 20,I 20 and Sr 388,,Sideswipe-Same Direction,3,Clear,Dry,Daylight
2022-07-14T16:08:00.000,I 20,I 20 and Sr 388,,Rear End,2,Cloudy,Dry,Daylight
2022-02-14T14:12:00.000,I 20,I 20 and Sr 388,,Rear End,3,Clear,Dry,Daylight
2022-11-27T19:10:00.000,I 20,I 20 and Sr 388,,Rear End,2,Clear,Dry,Dark-Not Lighted
2022-07-15T19:03:00.000,I 20,I 20 and Sr 388,,Rear End,2,Clear,Dry,Daylight
2022-08-26T20:36:00.000,I 20,I 20 and Sr 388,,Rear End,3,Clear,Dry,Dark-Not Lighted
2022-03-11T17:30:00.000,I 20,I 20 and Sr 388,,Sideswipe-Same Direction,2,Rain,Wet,Daylight
2022-04-29T17:57:00.000,I 20,I 20 and Sr 388,,Rear End,2,Clear,Dry,Daylight
2022-10-31T00:20:00.000,I 20,I 20 and Sr 388,,Not a Collision with Motor Vehicle,1,Fog,Wet,Dark-Not Lighted
2022-09-07T12:24:00.000,I 20,I 20 and Sr 388,,Rear End,2,Clear,Dry,Daylight
2022-06-07T16:30:00.000,I 20,I 20 and Sr 388,,Rear End,2,Clear,Dry,Daylight
2022-07-28T17:23:00.000,I 20,I 20 and Sr 388,,Rear End,2,Clear,Dry,Daylight
2022-10-29T20:01:00.000,I 20,I 20 and Sr 388,,Rear End,2,Clear,Dry,Dark-Not Lighted
2023-11-12T06:33:00.000,I 20,I 20 and Sr 388,,Rear End,2,Cloudy,Wet,Dark-Not Lighted
2023-01-02T16:02:00.000,I 20,I 20 and Sr 388,,Angle Crash,2,Clear,Dry,Daylight
2023-09-04T14:36:00.000,I 20,I 20 and Sr 388,,Rear End,2,Clear,Dry,Daylight
2023-07-27T18:15:00.000,I 20,I 20 and Sr 388,,Rear End,2,Clear,Dry,Daylight
2023-02-17T19:32:00.000,I 20,I 20 and Sr 388,,Rear End,3,Clear,Dry,Dark-Not Lighted
2024-02-04T17:05:00.000,I 20,I 20 and Sr 388,,Rear End,2,Rain,Water (standing or moving),Daylight
2024-12-23T14:05:00.000,I 20,I 20 and Sr 388,,Rear End,2,Clear,Dry,Daylight
2024-11-21T07:23:00.000,I 20,I 20 and Sr 388,,Sideswipe-Same Direction,3,Clear,Dry,Daylight
2024-08-31T23:02:00.000,I 20,I 20 and Sr 388,,Sideswipe-Same Direction,2,Clear,Dry,Dark-Lighted
2024-12-01T11:19:00.000,I 20,I 20 and Sr 388,,Rear End,3,Clear,Dry,Daylight
2024-04-15T16:13:00.000,I 20,I 20 and Sr 388,,Not a Collision with Motor Vehicle,2,Clear,Dry,Daylight
2024-12-01T13:54:00.000,I 20,I 20 and Sr 388,,Rear End,2,Clear,Dry,Daylight
2024-03-18T07:23:00.000,I 20,I 20 and Sr 388,,Not a Collision with Motor Vehicle,2,Clear,Dry,Dusk
2024-05-01T12:54:00.000,I 20,I 20 and Sr 388,,Sideswipe-Same Direction,3,Clear,Dry,Daylight
2024-02-13T07:38:00.000,I 20,I 20 and Sr 388,,Rear End,2,Clear,Dry,Daylight
2024-03-26T20:28:00.000,I 20,I 20 and Sr 388,,Not a Collision with Motor Vehicle,1,Rain,Wet,Dark-Not Lighted
2024-11-10T19:10:00.000,I 20,I 20 and Sr 388,,Sideswipe-Same Direction,2,Cloudy,Wet,Dark-Not Lighted
2024-07-09T16:58:00.000,I 20,I 20 and Sr 388,,Not a Collision with Motor Vehicle,1,Cloudy,Dry,Daylight
2024-09-27T16:11:00.000,I 20,I 20 and Sr 388,,Rear End,2,Cloudy,Dry,Daylight
2024-02-08T08:53:00.000,I 20,I 20 and Sr 388,,Rear End,2,Clear,Dry,Daylight
2024-05-27T23:22:00.000,I 20,I 20 and Sr 388,,Rear End,2,Clear,Dry,Dark-Not Lighted
2024-07-15T16:21:00.000,I 20,I 20 and Sr 388,,Rear End,2,Clear,Dry,Daylight
2024-06-05T13:06:00.000,I 20,I 20 and Sr 388,,Rear End,2,Clear,Dry,Daylight
2024-02-13T01:20:00.000,I 20,I 20 and Sr 388,,Not a Collision with Motor Vehicle,1,Clear,Dry,Dark-Not Lighted
2024-10-09T20:42:00.000,I 20,I 20 and Sr 388,,Angle Crash,2,Clear,Dry,Dark-Not Lighted
2024-09-16T07:36:00.000,I 20,I 20 and Sr 388,,Rear End,2,Clear,Dry,Daylight
2024-07-11T23:36:00.000,I 20,I 20 and Sr 388,,Rear End,2,Clear,Dry,Dark-Not Lighted
2024-07-09T16:13:00.000,I 20,I 20 and Sr 388,,Sideswipe-Same Direction,2,Clear,Dry,Daylight
2024-06-13T17:35:00.000,I 20,I 20 and Sr 388,,Rear End,2,Clear,Dry,Daylight
2024-08-02T11:04:00.000,I 20,I 20 and Sr 388,,Rear End,2,Clear,Dry,Daylight
2024-07-05T10:13:00.000,I 20,I 20 and Sr 388,,Rear End,2,Clear,Dry,Daylight
2024-10-20T20:34:00.000,I 20,I 20 and Sr 388,,Rear End,2,Clear,Dry,Dark-Not Lighted
2024-04-05T07:55:00.000,I 20,I 20 and Sr 388,,Rear End,2,Clear,Dry,Daylight
2024-06-07T14:20:00.000,I 20,I 20 and Sr 388,,Rear End,2,Clear,Dry,Daylight
2024-06-28T19:35:00.000,I 20,I 20 and Sr 388,,Rear End,2,Clear,Dry,Daylight
2023-05-15T13:38:00.000,I 20,I 20 and Sr 388,,Sideswipe-Same Direction,2,Clear,Dry,Daylight
2023-09-25T07:48:00.000,I 20,I 20 and Sr 388,,Rear End,2,Clear,Dry,Daylight
2023-05-05T19:24:00.000,I 20,I 20 and Sr 388,,Sideswipe-Same Direction,2,Rain,Wet,Daylight
2023-11-16T09:54:00.000,I 20,I 20 and Sr 388,,Rear End,2,Cloudy,Dry,Daylight
2023-10-19T13:04:00.000,I 20,I 20 and Sr 388,,Rear End,2,Clear,Dry,Daylight
2023-02-23T11:06:00.000,I 20,I 20 and Sr 388,,Rear End,3,Clear,Dry,Daylight
2023-01-17T16:37:00.000,I 20,I 20 and Sr 388,,Rear End,2,Rain,Wet,Dusk
2024-08-01T11:31:00.000,I 20,I 20 and Sr 388,,Rear End,2,Clear,Dry,Daylight
2024-11-27T10:45:00.000,I 20,I 20 and Sr 388,,Rear End,2,Clear,Dry,Daylight
2023-04-30T12:00:00.000,I 20,I 20 and Sr 388,,Rear End,2,Cloudy,Wet,Daylight
2023-06-05T14:07:00.000,I 20,I 20 and Sr 388,,Rear End,2,Clear,Dry,Daylight
2023-03-20T09:51:00.000,I 20,I 20 and Sr 388,,Not a Collision with Motor Vehicle,1,Clear,Dry,Daylight
2023-09-19T17:28:00.000,I 20,I 20 and Sr 388,,Sideswipe-Same Direction,2,Clear,Dry,Daylight
2023-01-04T16:16:00.000,I 20,I 20 and Sr 388,,Not a Collision with Motor Vehicle,1,Cloudy,Wet,Daylight
2023-09-18T16:37:00.000,I 20,I 20 and Sr 388,,Not a Collision with Motor Vehicle,1,Cloudy,Dry,Daylight
2023-02-13T20:12:00.000,I 20,I 20 and Sr 388,,Sideswipe-Same Direction,2,Clear,Dry,Dark-Not Lighted
2023-06-27T17:58:00.000,I 20,I 20 and Sr 388,,Sideswipe-Same Direction,2,Clear,Dry,Daylight
2023-06-13T20:10:00.000,I 20,I 20 and Sr 388,,Rear End,2,Clear,Dry,Daylight
2023-10-18T11:16:00.000,I 20,I 20 and Sr 388,,Not a Collision with Motor Vehicle,2,Clear,Dry,Daylight
2023-10-05T13:26:00.000,I 20,I 20 and Sr 388,,Rear End,2,Cloudy,Dry,Daylight
2023-12-07T13:32:00.000,I 20,I 20 and Sr 388,,Rear End,2,Clear,Dry,Daylight
2023-11-28T17:37:00.000,I 20,I 20 and Sr 388,,Rear End,2,Clear,Dry,Dusk
2023-09-29T16:04:00.000,I 20,I 20 and Sr 388,,Rear End,2,Clear,Dry,Daylight
2023-04-24T18:18:00.000,I 20,I 20 and Sr 388,,Rear End,2,Clear,Dry,Dusk
2023-10-25T08:06:00.000,I 20,I 20 and Sr 388,,Rear End,2,Clear,Dry,Daylight
2023-04-27T16:02:00.000,I 20,I 20 and Sr 388,,Rear End,2,Cloudy,Dry,Daylight
2023-11-12T17:00:00.000,I 20,I 20 and Sr 388,,Rear End,2,Clear,Dry,Daylight
2023-06-20T21:00:00.000,I 20,I 20 and Sr 388,,Sideswipe-Same Direction,2,Rain,Wet,Daylight
2023-12-17T19:39:00.000,I 20,I 20 and Sr 388,,Rear End,3,Cloudy,Wet,Dark-Not Lighted
2023-07-12T16:19:00.000,I 20,I 20 and Sr 388,,Sideswipe-Same Direction,2,Clear,Dry,Daylight
2023-03-22T12:09:00.000,I 20,I 20 and Sr 388,,Rear End,2,Cloudy,Dry,Daylight
2023-12-20T11:22:00.000,I 20,I 20 and Sr 388,,Not a Collision with Motor Vehicle,3,Clear,Dry,Daylight
2023-02-05T16:31:00.000,I 20,I 20 and Sr 388,,Rear End,2,Clear,Dry,Daylight
2023-08-03T20:29:00.000,I 20,I 20 and Sr 388,,Not a Collision with Motor Vehicle,1,Rain,Wet,Dark-Not Lighted
2023-01-02T18:31:00.000,I 20,I 20 and Sr 388,,Rear End,2,Clear,Dry,Dark-Not Lighted
2023-09-17T10:04:00.000,I 20,I 20 and Sr 388,,Not a Collision with Motor Vehicle,1,Rain,Water (standing or moving),Daylight
2023-02-24T21:38:00.000,I 20,I 20 and Sr 388,,Not a Collision with Motor Vehicle,1,Rain,Water (standing or moving),Dark-Not Lighted
2023-01-11T08:53:00.000,I 20,I 20 and Sr 388,,Sideswipe-Same Direction,2,Clear,Dry,Daylight
2023-06-01T20:04:00.000,I 20,I 20 and Sr 388,,Angle Crash,2,Clear,Dry,Dusk
2023-04-02T15:47:00.000,I 20,I 20 and Sr 388,,Rear End,2,Clear,Dry,Daylight
2023-07-05T10:48:00.000,I 20,I 20 and Sr 388,,Rear End,2,Cloudy,Dry,Daylight
2023-08-12T20:30:00.000,I 20,I 20 and Sr 388,,Not a Collision with Motor Vehicle,1,Rain,Wet,Dark-Not Lighted
2023-12-10T06:00:00.000,I 20,I 20 and Sr 388,,Not a Collision with Motor Vehicle,1,Rain,Water (standing or moving),Dark-Not Lighted
2023-03-29T03:25:00.000,I 20,I 20 and Sr 388,,Not a Collision with Motor Vehicle,1,Clear,Dry,Dark-Lighted
2023-06-29T08:33:00.000,I 20,I 20 and Sr 388,,Sideswipe-Same Direction,2,Clear,Dry,Daylight
2023-06-17T00:29:00.000,I 20,I 20 and Sr 388,,Sideswipe-Same Direction,2,Clear,Dry,Dark-Not Lighted
2023-09-05T07:47:00.000,I 20,I 20 and Sr 388,,Rear End,3,Clear,Dry,Daylight
2023-10-12T15:19:00.000,I 20,I 20 and Sr 388,,Not a Collision with Motor Vehicle,1,Cloudy,Wet,Daylight
2023-09-27T06:28:00.000,I 20,I 20 and Sr 388,,Rear End,2,Rain,Wet,Dawn
2023-10-05T17:39:00.000,I 20,I 20 and Sr 388,,Rear End,2,Clear,Dry,Daylight
2023-07-28T09:46:00.000,I 20,I 20 and Sr 388,,Rear End,2,Clear,Dry,Daylight
2023-09-25T08:11:00.000,I 20,I 20 and Sr 388,,Rear End,2,Clear,Dry,Daylight
2023-05-17T00:14:00.000,I 20,I 20 and Sr 388,,Sideswipe-Same Direction,2,Clear,Dry,Dark-Not Lighted
2023-12-23T11:53:00.000,I 20,I 20 and Sr 388,,Rear End,3,Clear,Dry,Daylight
2023-02-25T04:54:00.000,I 20,I 20 and Sr 388,,Not a Collision with Motor Vehicle,1,Cloudy,Dry,Dark-Not Lighted
2023-03-01T10:12:00.000,I 20,I 20 and Sr 388,,Angle Crash,2,Cloudy,Dry,Daylight
2023-03-19T12:59:00.000,I 20,I 20 and Sr 388,,Rear End,2,Clear,Dry,Daylight
2023-09-05T07:26:00.000,I 20,I 20 and Sr 388,,Rear End,2,Clear,Dry,Daylight
2023-01-23T18:04:00.000,I 20,I 20 and Sr 388,,Not a Collision with Motor Vehicle,1,Clear,Dry,Daylight
2023-08-17T17:46:00.000,I 20,I 20 and Sr 388,,Angle Crash,2,Clear,Dry,Daylight
2023-06-03T11:24:00.000,I 20,I 20 and Sr 388,,Rear End,2,Clear,Dry,Daylight
2023-12-07T14:18:00.000,I 20,I 20 and Sr 388,,Rear End,2,Clear,Dry,Daylight
2023-09-10T17:43:00.000,I 20,I 20 and Sr 388,,Sideswipe-Same Direction,2,Clear,Dry,Daylight
2023-02-17T19:32:00.000,I 20,I 20 and Sr 388,,Rear End,2,Clear,Dry,Dark-Lighted
2023-04-26T17:54:00.000,I 20,I 20 and Sr 388,,Angle Crash,2,Clear,Dry,Daylight
2023-05-27T18:16:00.000,I 20,I 20 and Sr 388,,Not a Collision with Motor Vehicle,1,Rain,Wet,Daylight
2023-12-02T09:40:00.000,I 20,I 20 and Sr 388,,Rear End,2,Cloudy,Dry,Daylight
2023-11-26T13:12:00.000,I 20,I 20 and Sr 388,,Rear End,2,Cloudy,Wet,Daylight
2023-06-01T08:43:00.000,I 20,I 20 and Sr 388,,Rear End,4,Clear,Dry,Daylight
2023-01-31T16:08:00.000,I 20,I 20 and Sr 388,,Rear End,3,Clear,Dry,Daylight
2023-11-14T17:20:00.000,I 20,I 20 and Sr 388,,Rear End,2,Cloudy,Dry,Dusk
2023-03-08T07:26:00.000,I 20,I 20 and Sr 388,,Rear End,2,Clear,Dry,Daylight
2023-03-13T16:13:00.000,I 20,I 20 and Sr 388,,Rear End,2,Clear,Dry,Daylight
2023-06-20T23:05:00.000,I 20,I 20 and Sr 388,,Rear End,2,Cloudy,Dry,Dark-Not Lighted
2023-01-24T16:35:00.000,I 20,I 20 and Sr 388,,Rear End,2,Clear,Dry,Daylight
2023-07-09T14:28:00.000,I 20,I 20 and Sr 388,,Rear End,2,Clear,Dry,Daylight
2023-09-05T17:09:00.000,I 20,I 20 and Sr 388,,Sideswipe-Same Direction,2,Clear,Dry,Daylight
2023-11-25T14:36:00.000,I 20,I 20 and Sr 388,,Rear End,2,Cloudy,Dry,Daylight
2023-11-11T15:28:00.000,I 20,I 20 and Sr 388,,Not a Collision with Motor Vehicle,1,Rain,Water (standing or moving),Daylight
2024-10-11T13:57:00.000,I 20,I 20 and Sr 388,,Rear End,2,Clear,Dry,Daylight
2024-01-28T08:19:00.000,I 20,I 20 and Sr 388,,Rear End,2,Clear,Dry,Daylight
2024-07-08T18:19:00.000,I 20,I 20 and Sr 388,,Sideswipe-Same Direction,2,Clear,Dry,Daylight
2024-12-14T10:30:00.000,I 20,I 20 and Sr 388,,Rear End,2,Cloudy,Dry,Daylight
2024-10-08T06:58:00.000,I 20,I 20 and Sr 388,,Not a Collision with Motor Vehicle,2,Clear,Dry,Dark-Not Lighted
2024-06-05T17:22:00.000,I 20,I 20 and Sr 388,,Rear End,2,Clear,Dry,Daylight
2024-09-16T08:17:00.000,I 20,I 20 and Sr 388,,Rear End,2,Clear,Dry,Daylight
2024-07-30T01:21:00.000,I 20,I 20 and Sr 388,,Rear End,2,Clear,Dry,Dark-Not Lighted
2024-10-28T16:33:00.000,I 20,I 20 and Sr 388,,Rear End,2,Clear,Dry,Daylight
2024-03-15T10:01:00.000,I 20,I 20 and Sr 388,,Not a Collision with Motor Vehicle,1,Clear,Dry,Daylight
2024-06-24T20:36:00.000,I 20,I 20 and Sr 388,,Angle Crash,3,Clear,Dry,Daylight
2024-10-11T12:55:00.000,I 20,I 20 and Sr 388,,Rear End,2,Clear,Dry,Daylight
2024-10-07T10:57:00.000,I 20,I 20 and Sr 388,,Rear End,2,Clear,Dry,Daylight
2024-03-27T07:40:00.000,I 20,I 20 and Sr 388,,Rear End,2,Rain,Wet,Dawn
2024-10-11T15:31:00.000,I 20,I 20 and Sr 388,,Rear End,2,Clear,Dry,Daylight
2024-07-09T19:38:00.000,I 20,I 20 and Sr 388,,Sideswipe-Same Direction,2,Clear,Dry,Daylight
2024-11-02T11:02:00.000,I 20,I 20 and Sr 388,,Rear End,2,Clear,Dry,Daylight
2024-11-02T11:25:00.000,I 20,I 20 and Sr 388,,Rear End,2,Clear,Dry,Daylight
2024-07-10T19:18:00.000,I 20,I 20 and Sr 388,,Rear End,2,Clear,Dry,Daylight
2024-06-02T15:09:00.000,I 20,I 20 and Sr 388,,Not a Collision with Motor Vehicle,2,Clear,Dry,Daylight
2024-07-28T16:09:00.000,I 20,I 20 and Sr 388,,Rear End,2,Clear,Dry,Daylight
2024-04-11T09:19:00.000,I 20,I 20 and Sr 388,,Rear End,2,Rain,Wet,Daylight
2024-11-15T05:56:00.000,I 20,I 20 and Sr 388,,Not a Collision with Motor Vehicle,1,Clear,Dry,Dark-Not Lighted
2024-02-29T11:37:00.000,I 20,I 20 and Sr 388,,Not a Collision with Motor Vehicle,1,Clear,Dry,Daylight
2024-10-24T05:59:00.000,I 20,I 20 and Sr 388,,Not a Collision with Motor Vehicle,1,Clear,Dry,Dark-Not Lighted
2024-07-25T22:45:00.000,I 20,I 20 and Sr 388,,Not a Collision with Motor Vehicle,1,Rain,Wet,Dark-Not Lighted
2024-06-13T07:03:00.000,I 20,I 20 and Sr 388,,Rear End,3,Clear,Dry,Daylight
2024-11-02T10:22:00.000,I 20,I 20 and Sr 388,,Rear End,2,Clear,Dry,Daylight
2024-05-10T17:51:00.000,I 20,I 20 and Sr 388,,Sideswipe-Same Direction,2,Clear,Dry,Daylight
2024-09-07T08:59:00.000,I 20,I 20 and Sr 388,,Not a Collision with Motor Vehicle,1,Cloudy,Wet,Daylight
2024-09-13T17:49:00.000,I 20,I 20 and Sr 388,,Rear End,3,Clear,Dry,Daylight
2024-10-23T10:06:00.000,I 20,I 20 and Sr 388,,Sideswipe-Same Direction,2,Clear,Dry,Daylight
2024-07-29T06:36:00.000,I 20,I 20 and Sr 388,,Not a Collision with Motor Vehicle,2,Cloudy,Dry,Dawn
2024-06-18T06:27:00.000,I 20,I 20 and Sr 388,,Rear End,2,Clear,Dry,Dawn
2024-09-26T09:11:00.000,I 20,I 20 and Sr 388,,Rear End,2,Clear,Dry,Daylight
2024-06-21T21:08:00.000,I 20,I 20 and Sr 388,,Rear End,2,Clear,Dry,Dark-Not Lighted
2024-07-14T16:01:00.000,I 20,I 20 and Sr 388,,Rear End,2,Clear,Dry,Daylight
2024-11-26T16:30:00.000,I 20,I 20 and Sr 388,,Not a Collision with Motor Vehicle,1,Cloudy,Dry,Daylight
2024-05-15T08:04:00.000,I 20,I 20 and Sr 388,,Rear End,2,Clear,Dry,Daylight
2024-12-01T10:21:00.000,I 20,I 20 and Sr 388,,Not a Collision with Motor Vehicle,1,Clear,Dry,Daylight
2024-12-28T21:45:00.000,I 20,I 20 and Sr 388,,Rear End,2,Rain,Wet,Dark-Not Lighted
2024-07-04T05:50:00.000,I 20,I 20 and Sr 388,,Rear End,2,Clear,Dry,Dark-Lighted
2024-02-17T05:28:00.000,I 20,I 20 and Sr 388,,Not a Collision with Motor Vehicle,1,Clear,Dry,Dark-Not Lighted
2024-05-13T21:20:00.000,I 20,I 20 and Sr 388,,Rear End,2,Cloudy,Dry,Dark-Not Lighted
2024-08-20T19:35:00.000,I 20,I 20 and Sr 388,,Rear End,2,Clear,Dry,Dawn
2024-04-20T22:15:00.000,I 20,I 20 and Sr 388,,Rear End,2,Clear,Dry,Dark-Lighted
2024-02-24T17:37:00.000,I 20,I 20 and Sr 388,,Rear End,2,Clear,Dry,Daylight
2024-07-12T08:17:00.000,I 20,I 20 and Sr 388,,Rear End,2,Clear,Dry,Daylight
2024-04-22T17:35:00.000,I 20,I 20 and Sr 388,,Sideswipe-Same Direction,2,Clear,Dry,Daylight
2024-09-07T12:58:00.000,I 20,I 20 and Sr 388,,Not a Collision with Motor Vehicle,2,Clear,Dry,Daylight
2024-12-04T17:31:00.000,I 20,I 20 and Sr 388,,Rear End,2,Clear,Dry,Dusk
2024-09-17T07:36:00.000,I 20,I 20 and Sr 388,,Rear End,2,Clear,Dry,Daylight
2024-04-04T10:48:00.000,I 20,I 20 and Sr 388,,Rear End,2,Clear,Dry,Dawn
2024-07-12T18:34:00.000,I 20,I 20 and Sr 388,,Rear End,2,Clear,Dry,Daylight
2024-05-07T17:46:00.000,I 20,I 20 and Sr 388,,Rear End,3,Clear,Dry,Daylight
2024-04-04T14:02:00.000,I 20,I 20 and Sr 388,,Rear End,3,Clear,Dry,Daylight
2024-10-15T08:00:00.000,I 20,I 20 and Sr 388,,Sideswipe-Same Direction,2,Clear,Dry,Daylight
2024-10-21T06:45:00.000,I 20,I 20 and Sr 388,,Rear End,4,Clear,Dry,Dark-Not Lighted
2024-06-13T06:59:00.000,I 20,I 20 and Sr 388,,Rear End,2,Clear,Dry,Daylight
2024-03-15T15:30:00.000,I 20,I 20 and Sr 388,,Rear End,2,Clear,Wet,Daylight
2024-10-25T22:38:00.000,I 20,I 20 and Sr 388,,Not a Collision with Motor Vehicle,1,Clear,Dry,Dark-Not Lighted
2024-08-20T19:01:00.000,I 20,I 20 and Sr 388,,Rear End,3,Clear,Dry,Daylight
2024-04-17T15:43:00.000,I 20,I 20 and Sr 388,,Rear End,2,Clear,Dry,Daylight
2024-12-09T05:55:00.000,I 20,I 20 and Sr 388,,Not a Collision with Motor Vehicle,1,Rain,Wet,Dark-Not Lighted
2024-10-28T07:34:00.000,I 20,I 20 and Sr 388,,Rear End,2,Clear,Dry,Daylight
2024-10-21T08:27:00.000,I 20,I 20 and Sr 388,,Rear End,2,Clear,Dry,Daylight
2024-07-27T17:19:00.000,I 20,I 20 and Sr 388,,Sideswipe-Same Direction,2,Clear,Dry,Daylight
2024-10-21T06:45:00.000,I 20,I 20 and Sr 388,,Rear End,2,Clear,Dry,Dark-Not Lighted
2024-08-09T17:26:00.000,I 20,I 20 and Sr 388,,Rear End,2,Clear,Dry,Daylight
2024-07-09T05:43:00.000,I 20,I 20 and Sr 388,,Rear End,2,Clear,Dry,Dark-Not Lighted
2024-03-24T16:07:00.000,I 20,I 20 and Sr 388,,Sideswipe-Same Direction,3,Clear,Dry,Daylight
2024-01-21T13:12:00.000,I 20,I 20 and Sr 388,,Rear End,2,Clear,Dry,Daylight
2024-09-23T07:25:00.000,I 20,I 20 and Sr 388,,Rear End,2,Clear,Dry,Daylight
2024-12-17T07:55:00.000,I 20,I 20 and Sr 388,,Rear End,2,Clear,Dry,Dawn
2024-09-26T07:34:00.000,I 20,I 20 and Sr 388,,Rear End,2,Rain,Wet,Dawn
2024-12-23T10:50:00.000,I 20,I 20 and Sr 388,,Rear End,2,Clear,Dry,Daylight
2024-03-15T15:53:00.000,I 20,I 20 and Sr 388,,Rear End,3,Cloudy,Dry,Daylight
2024-07-27T17:19:00.000,I 20,I 20 and Sr 388,,Rear End,2,Cloudy,Dry,Daylight
2024-11-10T14:10:00.000,I 20,I 20 and Sr 388,,Rear End,2,Rain,Wet,Daylight
2024-11-18T17:25:00.000,I 20,I 20 and Sr 388,,Rear End,2,Clear,Dry,Dark-Not Lighted
2024-08-06T15:18:00.000,I 20,I 20 and Sr 388,,Sideswipe-Same Direction,2,Rain,Wet,Daylight
2024-06-04T14:41:00.000,I 20,I 20 and Sr 388,,Not a Collision with Motor Vehicle,1,Clear,Dry,Daylight
2024-10-15T17:18:00.000,I 20,I 20 and Sr 388,,Rear End,2,Clear,Dry,Daylight
2021-01-25T18:17:00.000,I 20,I 20 and Sr 383,,Rear End,2,Clear,Dry,Dark-Lighted
2021-01-18T15:43:00.000,I 20,I 20 and Sr 383,,Sideswipe-Same Direction,2,Clear,Dry,Daylight
2021-01-06T11:48:00.000,I 20,I 20 and Sr 383,,Rear End,2,Clear,Dry,Daylight
2021-03-22T18:49:00.000,I 20,I 20 and Sr 383,,Rear End,2,Clear,Dry,Daylight
2021-03-15T15:59:00.000,I 20,I 20 and Sr 383,,Rear End,2,Clear,Dry,Daylight
2021-04-02T08:10:00.000,I 20,I 20 and Sr 383,,Sideswipe-Same Direction,2,Clear,Dry,Daylight
2021-07-16T17:39:00.000,I 20,I 20 and Sr 383,,Rear End,3,Cloudy,Dry,Daylight
2021-10-23T13:03:00.000,I 20,I 20 and Sr 383,,Rear End,2,Clear,Dry,Daylight
2021-12-18T03:46:00.000,I 20,I 20 and Sr 383,,Rear End,2,Cloudy,Dry,Dark-Not Lighted
2021-12-14T18:12:00.000,I 20,I 20 and Sr 383,,Rear End,3,Clear,Dry,Dark-Not Lighted
2021-10-05T18:59:00.000,I 20,I 20 and Sr 383,,Rear End,2,Rain,Wet,Dark-Lighted
2021-12-06T22:29:00.000,I 20,I 20 and Sr 383,,Head On,3,Cloudy,Dry,Dark-Not Lighted
2021-12-10T17:09:00.000,I 20,I 20 and Sr 383,,Rear End,2,Cloudy,Dry,Dark-Not Lighted
2021-10-06T13:09:00.000,I 20,I 20 and Sr 383,,Rear End,2,Rain,Wet,Daylight
2021-11-23T17:57:00.000,I 20,I 20 and Sr 383,,Rear End,3,Clear,Dry,Daylight
2021-12-09T14:16:00.000,I 20,I 20 and Sr 383,,Sideswipe-Same Direction,2,Cloudy,Dry,Daylight
2021-09-03T18:29:00.000,I 20,I 20 and Sr 383,,Rear End,2,Clear,Dry,Daylight
2021-07-12T17:33:00.000,I 20,I 20 and Sr 383,,Rear End,2,Cloudy,Wet,Daylight
2021-06-04T15:56:00.000,I 20,I 20 and Sr 383,,Rear End,2,Cloudy,Dry,Daylight
2021-04-24T18:10:00.000,I 20,I 20 and Sr 383,,Rear End,2,Cloudy,Wet,Daylight
2021-05-12T18:58:00.000,I 20,I 20 and Sr 383,,Angle Crash,2,Cloudy,Wet,Daylight
2021-01-17T03:00:00.000,I 20,I 20 and Sr 383,,Head On,2,Clear,Dry,Dark-Not Lighted
2021-04-02T19:24:00.000,I 20,I 20 and Sr 383,,Rear End,2,Clear,Dry,Daylight
2021-01-17T20:00:00.000,I 20,I 20 and Sr 383,,Sideswipe-Same Direction,2,Clear,Dry,Dark-Not Lighted
2021-01-21T17:41:00.000,I 20,I 20 and Sr 383,,Rear End,2,Rain,Wet,Dark-Not Lighted
2021-01-06T09:59:00.000,I 20,I 20 and Sr 383,,Rear End,2,Clear,Dry,Daylight
2021-06-08T13:22:00.000,I 20,I 20 and Sr 383,,Rear End,2,Rain,Wet,Daylight
2021-01-12T16:26:00.000,I 20,I 20 and Sr 383,,Not a Collision with Motor Vehicle,1,Clear,Dry,Daylight
2021-02-08T17:00:00.000,I 20,I 20 and Sr 383,,Angle Crash,2,Clear,Dry,Daylight
2021-01-25T12:37:00.000,I 20,I 20 and Sr 383,,Rear End,2,Clear,Dry,Daylight
2021-02-16T09:21:00.000,I 20,I 20 and Sr 383,,Not a Collision with Motor Vehicle,1,Cloudy,Dry,Daylight
2021-04-18T15:13:00.000,I 20,I 20 and Sr 383,,Rear End,2,Clear,Dry,Daylight
2021-10-06T13:08:00.000,I 20,I 20 and Sr 383,,Not a Collision with Motor Vehicle,1,Rain,Wet,Daylight
2021-07-01T23:00:00.000,I 20,I 20 and Sr 383,,Sideswipe-Same Direction,2,Clear,Dry,Dark-Lighted