Date and Time,Roadway (From Crash Report),Intersection Name (from Crash Report),KABCO Severity,Manner of Collision (Crash Level) ,# of Vehicles per crash ,Weather Conditions (Crash Level),Surface Condition (Crash Level) ,Light Conditions (Crash Level)
2021-09-26T01:06:00.000,I 20,I 20 and Sr 383,,Not a Collision with Motor Vehicle,1,Clear,Dry,Dark-Lighted
2021-07-10T17:50:00.000,I 20,I 20 and Sr 383,,Sideswipe-Same Direction,2,Cloudy,Dry,Daylight
2021-07-17T10:58:00.000,I 20,I 20 and Sr 383,,Not a Collision with Motor Vehicle,1,Clear,Dry,Daylight
2021-12-24T08:23:00.000,I 20,I 20 and Sr 383,,Rear End,2,Clear,Dry,Daylight
2021-08-17T16:44:00.000,I 20,I 20 and Sr 383,,Sideswipe-Same Direction,2,Rain,Wet,Daylight
2021-03-11T07:07:00.000,I 20,I 20 and Sr 383,,Rear End,2,Clear,Dry,Daylight
2021-12-09T16:08:00.000,I 20,I 20 and Sr 383,,Rear End,2,Clear,Dry,Daylight
2021-11-16T15:40:00.000,I 20,I 20 and Sr 383,,Rear End,2,Clear,Dry,Daylight
2021-12-02T12:20:00.000,I 20,I 20 and Sr 383,,Rear End,2,Clear,Dry,Daylight
2021-07-12T17:06:00.000,I 20,I 20 and Sr 383,,Rear End,3,Rain,Wet,Daylight
2021-04-18T11:14:00.000,I 20,I 20 and Sr 383,,Rear End,2,Clear,Dry,Daylight
2021-04-03T06:38:00.000,I 20,I 20 and Sr 383,,Rear End,4,Clear,Dry,Dark-Not Lighted
2021-03-16T14:16:00.000,I 20,I 20 and Sr 383,,Rear End,2,Cloudy,Dry,Daylight
2021-04-02T13:57:00.000,I 20,I 20 and Sr 383,,Sideswipe-Same Direction,2,Clear,Dry,Daylight
2021-07-15T22:49:00.000,I 20,I 20 and Sr 383,,Rear End,2,Clear,Dry,Dark-Lighted
2021-07-22T17:34:00.000,I 20,I 20 and Sr 383,,Rear End,2,Clear,Dry,Daylight
2021-09-28T21:30:00.000,I 20,I 20 and Sr 383,,Not a Collision with Motor Vehicle,1,Clear,Dry,Dark-Not Lighted
2021-09-02T16:00:00.000,I 20,I 20 and Sr 383,,Rear End,2,Clear,Dry,Daylight
2021-04-02T14:32:00.000,I 20,I 20 and Sr 383,,Rear End,2,Clear,Dry,Daylight
2021-02-23T17:34:00.000,I 20,I 20 and Sr 383,,Angle Crash,2,Clear,Dry,Daylight
2021-01-05T18:13:00.000,I 20,I 20 and Sr 383,,Rear End,2,Clear,Dry,Dark-Lighted
2021-06-04T17:02:00.000,I 20,I 20 and Sr 383,,Rear End,2,Clear,Dry,Daylight
2020-08-14T17:04:00.000,I 20,I 20 and Sr 383,,Rear End,2,Rain,Wet,Daylight
2020-02-15T19:03:00.000,I 20,I 20 and Sr 383,,Rear End,2,Clear,Dry,Dark-Lighted
2020-08-22T17:10:00.000,I 20,I 20 and Sr 383,,Rear End,2,Cloudy,Dry,Daylight
2020-10-03T09:35:00.000,I 20,I 20 and Sr 383,,Rear End,2,Clear,Dry,Daylight
2023-10-14T17:18:00.000,I 20,I 20 and Sr 383,,Not a Collision with Motor Vehicle,1,Clear,Dry,Daylight
2023-01-04T17:15:00.000,I 20,I 20 and Sr 383,,Rear End,2,Cloudy,Dry,Daylight
2023-03-04T16:13:00.000,I 20,I 20 and Sr 383,,Not a Collision with Motor Vehicle,5,Clear,Dry,Daylight
2023-09-08T18:18:00.000,I 20,I 20 and Sr 383,,Rear End,3,Clear,Dry,Daylight
2023-08-30T07:20:00.000,I 20,I 20 and Sr 383,,Angle Crash,2,Cloudy,Wet,Dawn
2023-03-08T07:34:00.000,I 20,I 20 and Sr 383,,Rear End,2,Clear,Dry,Daylight
2023-02-01T08:05:00.000,I 20,I 20 and Sr 383,,Rear End,2,Clear,Dry,Daylight
2023-12-05T23:15:00.000,I 20,I 20 and Sr 383,,Sideswipe-Same Direction,2,Clear,Dry,Dark-Not Lighted
2023-10-20T07:05:00.000,I 20,I 20 and Sr 383,,Rear End,2,Clear,Dry,Dawn
2023-04-14T15:24:00.000,I 20,I 20 and Sr 383,,Sideswipe-Same Direction,2,Rain,Wet,Daylight
2023-01-23T19:07:00.000,I 20,I 20 and Sr 383,,Rear End,2,Clear,Dry,Daylight
2023-02-07T18:05:00.000,I 20,I 20 and Sr 383,,Rear End,2,Clear,Dry,Daylight
2023-09-08T18:18:00.000,I 20,I 20 and Sr 383,,Rear End,2,Clear,Dry,Daylight
2023-07-10T05:29:00.000,I 20,I 20 and Sr 383,,Not a Collision with Motor Vehicle,1,Rain,Wet,Dark-Not Lighted
2023-10-11T17:22:00.000,I 20,I 20 and Sr 383,,Rear End,6,Cloudy,Dry,Daylight
2023-07-11T07:23:00.000,I 20,I 20 and Sr 383,,Sideswipe-Same Direction,2,Clear,Dry,Daylight
2023-08-11T12:02:00.000,I 20,I 20 and Sr 383,,Rear End,2,Rain,Wet,Daylight
2023-06-08T21:01:00.000,I 20,I 20 and Sr 383,,Not a Collision with Motor Vehicle,1,Clear,Dry,Dark-Not Lighted
2023-05-24T07:25:00.000,I 20,I 20 and Sr 383,,Not a Collision with Motor Vehicle,2,Clear,Dry,Dawn
2023-09-25T16:23:00.000,I 20,I 20 and Sr 383,,Sideswipe-Same Direction,3,Clear,Dry,Daylight
2023-04-28T17:40:00.000,I 20,I 20 and Sr 383,,Rear End,2,Clear,Dry,Daylight
2023-04-04T17:50:00.000,I 20,I 20 and Sr 383,,Rear End,2,Clear,Dry,Daylight
2023-10-14T01:30:00.000,I 20,I 20 and Sr 383,,Not a Collision with Motor Vehicle,1,Rain,Wet,Dark-Not Lighted
2023-01-04T10:54:00.000,I 20,I 20 and Sr 383,,Rear End,2,Rain,Wet,Daylight
2023-11-17T18:16:00.000,I 20,I 20 and Sr 383,,Rear End,2,Clear,Dry,Dark-Not Lighted
2023-02-24T01:48:00.000,I 20,I 20 and Sr 383,,Not a Collision with Motor Vehicle,1,Clear,Dry,Dark-Not Lighted
2023-11-22T15:44:00.000,I 20,I 20 and Sr 383,,Rear End,2,Clear,Dry,Daylight
2023-05-23T06:37:00.000,I 20,I 20 and Sr 383,,Rear End,2,Clear,Dry,Daylight
2023-09-17T08:50:00.000,I 20,I 20 and Sr 383,,Not a Collision with Motor Vehicle,1,Rain,Wet,Daylight
2023-04-18T17:29:00.000,I 20,I 20 and Sr 383,,Rear End,3,Clear,Dry,Daylight
2023-02-20T15:58:00.000,I 20,I 20 and Sr 383,,Rear End,2,Clear,Dry,Daylight
2023-09-29T14:32:00.000,I 20,I 20 and Sr 383,,Sideswipe-Same Direction,2,Clear,Dry,Daylight
2023-02-25T09:44:00.000,I 20,I 20 and Sr 383,,Not a Collision with Motor Vehicle,3,Cloudy,Dry,Daylight
2023-08-15T07:32:00.000,I 20,I 20 and Sr 383,,Rear End,2,Clear,Dry,Daylight
2023-12-26T09:42:00.000,I 20,I 20 and Sr 383,,Not a Collision with Motor Vehicle,1,Rain,Wet,Daylight
2023-10-23T07:12:00.000,I 20,I 20 and Sr 383,,Rear End,2,Clear,Dry,Dawn
2023-08-12T20:39:00.000,I 20,I 20 and Sr 383,,Angle Crash,2,Rain,Wet,Dark-Lighted
2023-06-25T20:59:00.000,I 20,I 20 and Sr 383,,Sideswipe-Same Direction,2,Rain,Wet,Dark-Not Lighted
2023-07-07T17:01:00.000,I 20,I 20 and Sr 383,,Rear End,2,Cloudy,Dry,Daylight
2023-01-09T17:13:00.000,I 20,I 20 and Sr 383,,Rear End,2,Clear,Dry,Daylight
2023-05-16T09:14:00.000,I 20,I 20 and Sr 383,,Sideswipe-Same Direction,2,Clear,Dry,Daylight
2023-06-02T11:19:00.000,I 20,I 20 and Sr 383,,Rear End,2,Clear,Dry,Daylight
2023-08-04T18:06:00.000,I 20,I 20 and Sr 383,,Rear End,2,Clear,Dry,Daylight
2023-08-27T20:56:00.000,I 20,I 20 and Sr 383,,Rear End,2,Clear,Dry,Dark-Lighted
2023-02-10T20:23:00.000,I 20,I 20 and Sr 383,,Not a Collision with Motor Vehicle,1,Cloudy,Wet,Dark-Not Lighted
2023-01-26T09:15:00.000,I 20,I 20 and Sr 383,,Rear End,2,Clear,Dry,Daylight
2023-01-31T18:50:00.000,I 20,I 20 and Sr 383,,Angle Crash,2,Clear,Dry,Dark-Lighted
2023-07-12T21:33:00.000,I 20,I 20 and Sr 383,,Rear End,2,Cloudy,Dry,Dark-Not Lighted
2023-01-18T18:01:00.000,I 20,I 20 and Sr 383,,Rear End,2,Clear,Dry,Dark-Not Lighted
2023-12-09T01:28:00.000,I 20,I 20 and Sr 383,,Rear End,2,Clear,Dry,Dark-Not Lighted
2023-05-16T08:56:00.000,I 20,I 20 and Sr 383,,Rear End,2,Clear,Dry,Daylight
2023-03-14T06:58:00.000,I 20,I 20 and Sr 383,,Rear End,2,Clear,Dry,Dark-Lighted
2023-07-27T17:03:00.000,I 20,I 20 and Sr 383,,Rear End,2,Clear,Dry,Daylight
2023-01-26T16:12:00.000,I 20,I 20 and Sr 383,,Rear End,2,Clear,Dry,Daylight
2023-06-17T14:48:00.000,I 20,I 20 and Sr 383,,Rear End,2,Clear,Dry,Daylight
2023-10-12T03:03:00.000,I 20,I 20 and Sr 383,,Not a Collision with Motor Vehicle,1,Rain,Water (standing or moving),Dark-Not Lighted
2023-08-24T22:23:00.000,I 20,I 20 and Sr 383,,Rear End,2,Clear,Dry,Dark-Not Lighted
2023-01-18T17:41:00.000,I 20,I 20 and Sr 383,,Rear End,2,Clear,Dry,Dusk
2023-06-30T14:05:00.000,I 20,I 20 and Sr 383,,Not a Collision with Motor Vehicle,1,Cloudy,Dry,Daylight
2023-01-21T18:15:00.000,I 20,I 20 and Sr 383,,Sideswipe-Same Direction,2,Cloudy,Dry,Dark-Not Lighted
2023-12-08T13:30:00.000,I 20,I 20 and Sr 383,,Head On,2,Clear,Dry,Daylight
2023-01-24T17:40:00.000,I 20,I 20 and Sr 383,,Rear End,2,Clear,Dry,Daylight
2023-05-27T15:05:00.000,I 20,I 20 and Sr 383,,Rear End,2,Rain,Water (standing or moving),Daylight
2023-03-02T22:23:00.000,I 20,I 20 and Sr 383,,Not a Collision with Motor Vehicle,1,Clear,Dry,Dark-Not Lighted
2023-11-06T09:09:00.000,I 20,I 20 and Sr 383,,Sideswipe-Same Direction,2,Clear,Dry,Daylight
2023-12-15T18:01:00.000,I 20,I 20 and Sr 383,,Rear End,2,Clear,Dry,Dark-Not Lighted
2023-01-26T16:12:00.000,I 20,I 20 and Sr 383,,Not a Collision with Motor Vehicle,2,Clear,Dry,Daylight
2023-10-19T17:38:00.000,I 20,I 20 and Sr 383,,Rear End,3,Clear,Dry,Daylight
2022-01-10T19:45:00.000,I 20,I 20 and Sr 383,,Sideswipe-Same Direction,4,Clear,Dry,Dark-Not Lighted
2022-10-20T07:20:00.000,I 20,I 20 and Sr 383,,Rear End,2,Clear,Dry,Daylight
2022-12-05T16:44:00.000,I 20,I 20 and Sr 383,,Rear End,2,Rain,Wet,Dark-Not Lighted
2020-11-20T13:46:00.000,I 20,I 20 and Sr 383,,Sideswipe-Same Direction,2,Clear,Dry,Daylight
2020-03-15T16:46:00.000,I 20,I 20 and Sr 383,,Rear End,2,Clear,Dry,Daylight
2020-06-14T15:27:00.000,I 20,I 20 and Sr 383,,Rear End,2,Clear,Dry,Daylight
2020-10-13T03:00:00.000,I 20,I 20 and Sr 383,,Rear End,2,Clear,Dry,Dark-Not Lighted
2020-02-28T18:02:00.000,I 20,I 20 and Sr 383,,Rear End,2,Cloudy,Dry,Daylight
2020-06-10T12:13:00.000,I 20,I 20 and Sr 383,,Rear End,2,Rain,Wet,Daylight
2020-05-18T19:50:00.000,I 20,I 20 and Sr 383,,Not a Collision with Motor Vehicle,1,Rain,Wet,Dark-Not Lighted
2020-12-23T15:25:00.000,I 20,I 20 and Sr 383,,Sideswipe-Same Direction,2,Cloudy,Dry,Daylight
2020-12-22T19:22:00.000,I 20,I 20 and Sr 383,,Rear End,2,Clear,Dry,Dark-Not Lighted
2020-03-03T06:19:00.000,I 20,I 20 and Sr 383,,Sideswipe-Same Direction,3,Cloudy,Wet,Dark-Not Lighted
2020-09-05T19:25:00.000,I 20,I 20 and Sr 383,,Rear End,2,Clear,Dry,Dusk
2020-07-22T17:56:00.000,I 20,I 20 and Sr 383,,Rear End,2,Clear,Dry,Daylight
2020-03-02T21:27:00.000,I 20,I 20 and Sr 383,,Not a Collision with Motor Vehicle,1,Rain,Wet,Dark-Not Lighted
2020-01-04T12:28:00.000,I 20,I 20 and Sr 383,,Sideswipe-Same Direction,2,Clear,Dry,Daylight
2020-03-17T14:20:00.000,I 20,I 20 and Sr 383,,Sideswipe-Same Direction,2,Cloudy,Dry,Daylight
2020-06-10T13:23:00.000,I 20,I 20 and Sr 383,,Sideswipe-Same Direction,4,Rain,Wet,Daylight
2020-07-06T08:29:00.000,I 20,I 20 and Sr 383,,Not a Collision with Motor Vehicle,2,Clear,Dry,Daylight
2020-01-14T08:59:00.000,I 20,I 20 and Sr 383,,Rear End,2,Cloudy,Dry,Daylight
2020-11-30T19:15:00.000,I 20,I 20 and Sr 383,,Rear End,2,Clear,Dry,Dark-Not Lighted
2020-08-14T16:51:00.000,I 20,I 20 and Sr 383,,Sideswipe-Same Direction,2,Rain,Wet,Daylight
2020-12-30T11:40:00.000,I 20,I 20 and Sr 383,,Sideswipe-Same Direction,3,Cloudy,Dry,Daylight
2020-08-13T17:26:00.000,I 20,I 20 and Sr 383,,Rear End,2,Clear,Dry,Daylight
2020-02-22T09:33:00.000,I 20,I 20 and Sr 383,,Rear End,2,Clear,Dry,Daylight
2020-01-18T14:40:00.000,I 20,I 20 and Sr 383,,Not a Collision with Motor Vehicle,1,Cloudy,Dry,Daylight
2020-09-30T17:25:00.000,I 20,I 20 and Sr 383,,Rear End,2,Clear,Dry,Daylight
2020-11-17T18:09:00.000,I 20,I 20 and Sr 383,,Rear End,4,Clear,Dry,Dark-Not Lighted
2020-12-11T08:13:00.000,I 20,I 20 and Sr 383,,Rear End,2,Fog,Dry,Daylight
2020-04-02T13:47:00.000,I 20,I 20 and Sr 383,,Not a Collision with Motor Vehicle,2,Clear,Dry,Daylight
2020-05-23T15:30:00.000,I 20,I 20 and Sr 383,,Rear End,2,Clear,Dry,Daylight
2020-08-29T19:40:00.000,I 20,I 20 and Sr 383,,Sideswipe-Same Direction,2,Clear,Dry,Dusk
2020-05-23T10:35:00.000,I 20,I 20 and Sr 383,,Rear End,2,Clear,Dry,Daylight
2020-07-06T15:51:00.000,I 20,I 20 and Sr 383,,Rear End,2,Rain,Wet,Daylight
2020-10-08T05:19:00.000,I 20,I 20 and Sr 383,,Not a Collision with Motor Vehicle,1,Clear,Dry,Dark-Not Lighted
2020-08-01T13:20:00.000,I 20,I 20 and Sr 383,,Rear End,2,Clear,Dry,Daylight
2020-09-18T20:38:00.000,I 20,I 20 and Sr 383,,Rear End,2,Clear,Dry,Dark-Lighted
2020-07-22T17:59:00.000,I 20,I 20 and Sr 383,,Rear End,2,Clear,Dry,Daylight
2020-01-06T19:04:00.000,I 20,I 20 and Sr 383,,Rear End,2,Clear,Dry,Dark-Lighted
2020-07-14T18:15:00.000,I 20,I 20 and Sr 383,,Rear End,2,Clear,Dry,Daylight
2020-03-06T15:15:00.000,I 20,I 20 and Sr 383,,Rear End,2,Clear,Dry,Daylight
2020-12-04T17:12:00.000,I 20,I 20 and Sr 383,,Rear End,2,Clear,Dry,Daylight
2020-11-20T17:36:00.000,I 20,I 20 and Sr 383,,Rear End,2,Clear,Dry,Daylight
2020-06-10T13:35:00.000,I 20,I 20 and Sr 383,,Rear End,2,Rain,Wet,Daylight
2020-11-24T05:32:00.000,I 20,I 20 and Sr 383,,Not a Collision with Motor Vehicle,2,Clear,Dry,Dark-Not Lighted
2020-01-11T13:05:00.000,I 20,I 20 and Sr 383,,Rear End,2,Cloudy,Dry,Daylight
2020-07-21T12:26:00.000,I 20,I 20 and Sr 383,,Rear End,2,Clear,Dry,Daylight
2020-11-29T03:22:00.000,I 20,I 20 and Sr 383,,Not a Collision with Motor Vehicle,1,Fog,Dry,Dark-Not Lighted
2020-01-26T20:41:00.000,I 20,I 20 and Sr 383,,Sideswipe-Same Direction,2,Clear,Dry,Dark-Not Lighted
2020-03-07T13:42:00.000,I 20,I 20 and Sr 383,,Rear End,2,Clear,Dry,Daylight
2020-07-05T04:00:00.000,I 20,I 20 and Sr 383,,Angle Crash,2,Clear,Dry,Dark-Not Lighted
2020-02-28T17:04:00.000,I 20,I 20 and Sr 383,,Rear End,2,Cloudy,Dry,Daylight
2021-06-21T00:59:00.000,I 20,I 20 and Sr 383,,Rear End,2,Clear,Dry,Dark-Lighted
2021-05-10T20:38:00.000,I 20,I 20 and Sr 383,,Rear End,2,Clear,Dry,Dark-Lighted
2021-03-21T17:19:00.000,I 20,I 20 and Sr 383,,Sideswipe-Same Direction,2,Cloudy,Dry,Daylight
2021-01-10T14:25:00.000,I 20,I 20 and Sr 383,,Rear End,2,Clear,Dry,Daylight
2021-04-02T04:23:00.000,I 20,I 20 and Sr 383,,Angle Crash,2,Clear,Dry,Dark-Not Lighted
2021-04-28T19:12:00.000,I 20,I 20 and Sr 383,,Sideswipe-Same Direction,2,Clear,Dry,Daylight
2021-06-20T14:05:00.000,I 20,I 20 and Sr 383,,Rear End,3,Cloudy,Wet,Daylight
2021-03-22T15:07:00.000,I 20,I 20 and Sr 383,,Not a Collision with Motor Vehicle,1,Clear,Dry,Daylight
2021-01-01T18:56:00.000,I 20,I 20 and Sr 383,,Rear End,2,Rain,Wet,Dark-Not Lighted
2021-05-10T10:44:00.000,I 20,I 20 and Sr 383,,Rear End,2,Cloudy,Dry,Daylight
2021-04-25T13:55:00.000,I 20,I 20 and Sr 383,,Sideswipe-Same Direction,2,Clear,Dry,Daylight
2021-01-29T20:12:00.000,I 20,I 20 and Sr 383,,Rear End,2,Clear,Dry,Dark-Not Lighted
2021-04-23T18:42:00.000,I 20,I 20 and Sr 383,,Not a Collision with Motor Vehicle,2,Clear,Dry,Daylight
2021-11-22T08:30:00.000,I 20,I 20 and Sr 383,,Rear End,2,Rain,Wet,Daylight
2021-10-16T16:48:00.000,I 20,I 20 and Sr 383,,Rear End,2,Clear,Dry,Daylight
2021-08-24T06:45:00.000,I 20,I 20 and Sr 383,,Sideswipe-Same Direction,2,Clear,Dry,Daylight
2021-07-26T07:24:00.000,I 20,I 20 and Sr 383,,Rear End,2,Clear,Dry,Daylight
2021-11-16T15:46:00.000,I 20,I 20 and Sr 383,,Rear End,2,Clear,Dry,Daylight
2021-09-27T08:05:00.000,I 20,I 20 and Sr 383,,Rear End,2,Clear,Dry,Daylight
2021-09-24T17:08:00.000,I 20,I 20 and Sr 383,,Rear End,2,Clear,Dry,Daylight
2021-12-26T18:30:00.000,I 20,I 20 and Sr 383,,Rear End,2,Clear,Dry,Daylight
2021-12-30T07:27:00.000,I 20,I 20 and Sr 383,,Rear End,2,Rain,Wet,Daylight
2021-10-22T17:40:00.000,I 20,I 20 and Sr 383,,Rear End,2,Clear,Dry,Daylight
2021-09-01T18:31:00.000,I 20,I 20 and Sr 383,,Rear End,2,Clear,Dry,Daylight
2021-09-03T16:03:00.000,I 20,I 20 and Sr 383,,Rear End,2,Clear,Dry,Daylight
2021-10-22T18:27:00.000,I 20,I 20 and Sr 383,,Sideswipe-Same Direction,2,Clear,Dry,Daylight
2021-07-01T16:56:00.000,I 20,I 20 and Sr 383,,Rear End,2,Cloudy,Dry,Daylight
2021-11-04T08:07:00.000,I 20,I 20 and Sr 383,,Rear End,2,Cloudy,Dry,Daylight
2021-09-22T11:28:00.000,I 20,I 20 and Sr 383,,Rear End,2,Clear,Dry,Daylight
2021-12-15T18:23:00.000,I 20,I 20 and Sr 383,,Rear End,2,Clear,Dry,Dark-Not Lighted
2021-09-29T07:01:00.000,I 20,I 20 and Sr 383,,Sideswipe-Same Direction,2,Clear,Dry,Dawn
2022-06-03T08:19:00.000,I 20,I 20 and Sr 383,,Rear End,2,Clear,Dry,Daylight
2022-08-20T00:49:00.000,I 20,I 20 and Sr 383,,Rear End,2,Clear,Dry,Dark-Not Lighted
2022-02-05T12:12:00.000,I 20,I 20 and Sr 383,,Rear End,2,Clear,Dry,Daylight
2022-12-02T20:33:00.000,I 20,I 20 and Sr 383,,Rear End,2,Clear,Dry,Dark-Not Lighted
2022-11-18T13:31:00.000,I 20,I 20 and Sr 383,,Rear End,2,Clear,Dry,Daylight
2021-11-21T15:10:00.000,I 20,I 20 and Sr 383,,Rear End,2,Clear,Dry,Daylight
2021-09-04T17:51:00.000,I 20,I 20 and Sr 383,,Rear End,4,Clear,Dry,Daylight
2021-07-12T17:51:00.000,I 20,I 20 and Sr 383,,Sideswipe-Same Direction,2,Cloudy,Wet,Daylight
2021-08-17T17:10:00.000,I 20,I 20 and Sr 383,,Rear End,2,Rain,Wet,Daylight
2021-11-17T16:25:00.000,I 20,I 20 and Sr 383,,Rear End,2,Clear,Dry,Daylight
2021-07-09T16:04:00.000,I 20,I 20 and Sr 383,,Not a Collision with Motor Vehicle,2,Cloudy,Dry,Daylight
2021-09-15T05:43:00.000,I 20,I 20 and Sr 383,,Rear End,2,Clear,Dry,Dark-Not Lighted
2021-08-12T12:30:00.000,I 20,I 20 and Sr 383,,Not a Collision with Motor Vehicle,1,Clear,Dry,Daylight
2022-12-06T17:46:00.000,I 20,I 20 and Sr 383,,Rear End,2,Fog,Dry,Dark-Not Lighted
2022-11-13T17:54:00.000,I 20,I 20 and Sr 383,,Sideswipe-Same Direction,2,Clear,Dry,Dark-Lighted
2022-09-16T20:57:00.000,I 20,I 20 and Sr 383,,Rear End,2,Clear,Dry,Dark-Not Lighted
2022-09-19T17:40:00.000,I 20,I 20 and Sr 383,,Rear End,2,Clear,Dry,Daylight
2022-01-18T18:47:00.000,I 20,I 20 and Sr 383,,Rear End,2,Clear,Dry,Dark-Not Lighted
2022-11-02T17:31:00.000,I 20,I 20 and Sr 383,,Rear End,2,Clear,Dry,Daylight
2022-03-17T17:53:00.000,I 20,I 20 and Sr 383,,Rear End,2,Clear,Dry,Daylight
2022-10-14T17:02:00.000,I 20,I 20 and Sr 383,,Rear End,2,Clear,Dry,Daylight
2022-05-10T19:35:00.000,I 20,I 20 and Sr 383,,Rear End,2,Clear,Dry,Daylight
2022-06-17T09:06:00.000,I 20,I 20 and Sr 383,,Rear End,2,Clear,Dry,Daylight
2022-05-25T04:42:00.000,I 20,I 20 and Sr 383,,Rear End,2,Clear,Dry,Dark-Not Lighted
2022-08-03T18:34:00.000,I 20,I 20 and Sr 383,,Rear End,2,Rain,Wet,Daylight
2022-11-06T20:20:00.000,I 20,I 20 and Sr 383,,Rear End,2,Cloudy,Dry,Dark-Lighted
2022-10-25T17:55:00.000,I 20,I 20 and Sr 383,,Sideswipe-Same Direction,2,Clear,Dry,Daylight
2022-03-28T17:50:00.000,I 20,I 20 and Sr 383,,Rear End,2,Clear,Dry,Daylight
2022-10-06T17:36:00.000,I 20,I 20 and Sr 383,,Rear End,3,Clear,Dry,Daylight
2022-12-18T02:13:00.000,I 20,I 20 and Sr 383,,Rear End,2,Clear,Dry,Dark-Lighted
2022-03-11T13:30:00.000,I 20,I 20 and Sr 383,,Rear End,2,Rain,Water (standing or moving),Daylight
2022-12-22T15:32:00.000,I 20,I 20 and Sr 383,,Rear End,2,Cloudy,Dry,Daylight
2022-05-21T22:51:00.000,I 20,I 20 and Sr 383,,Angle Crash,2,Clear,Dry,Dark-Not Lighted
2022-03-02T17:34:00.000,I 20,I 20 and Sr 383,,Rear End,3,Clear,Dry,Daylight
2022-11-07T21:18:00.000,I 20,I 20 and Sr 383,,Not a Collision with Motor Vehicle,1,Clear,Dry,Dark-Not Lighted
2022-09-21T16:28:00.000,I 20,I 20 and Sr 383,,Sideswipe-Same Direction,2,Clear,Dry,Daylight
2022-03-16T21:26:00.000,I 20,I 20 and Sr 383,,Rear End,2,Rain,Wet,Dark-Not Lighted
2022-08-06T23:56:00.000,I 20,I 20 and Sr 383,,Rear End,2,Rain,Wet,Dark-Not Lighted
2022-03-06T17:13:00.000,I 20,I 20 and Sr 383,,Not a Collision with Motor Vehicle,1,Clear,Dry,Daylight
2022-05-10T19:08:00.000,I 20,I 20 and Sr 383,,Not a Collision with Motor Vehicle,2,Clear,Dry,Daylight
2022-10-04T17:28:00.000,I 20,I 20 and Sr 383,,Rear End,2,Clear,Dry,Daylight
2022-10-03T02:50:00.000,I 20,I 20 and Sr 383,,Not a Collision with Motor Vehicle,1,Cloudy,Dry,Dark-Not Lighted
2022-09-17T15:20:00.000,I 20,I 20 and Sr 383,,Rear End,2,Clear,Dry,Daylight
2022-04-09T15:36:00.000,I 20,I 20 and Sr 383,,Rear End,2,Cloudy,Dry,Daylight
2022-05-24T19:54:00.000,I 20,I 20 and Sr 383,,Rear End,2,Clear,Dry,Daylight
2022-09-07T17:41:00.000,I 20,I 20 and Sr 383,,Rear End,2,Clear,Dry,Daylight
2022-11-07T18:04:00.000,I 20,I 20 and Sr 383,,Rear End,2,Clear,Dry,Dark-Not Lighted
2021-08-25T06:59:00.000,I 20,I 20 and Sr 383,,Rear End,2,Clear,Dry,Daylight
2021-11-29T10:01:00.000,I 20,I 20 and Sr 383,,Rear End,2,Clear,Dry,Daylight
2022-09-10T12:57:00.000,I 20,I 20 and Sr 383,,Rear End,2,Cloudy,Dry,Daylight
2022-01-20T08:13:00.000,I 20,I 20 and Sr 383,,Sideswipe-Same Direction,2,Clear,Dry,Daylight
2022-02-01T17:06:00.000,I 20,I 20 and Sr 383,,Rear End,4,Clear,Dry,Daylight
2022-01-12T08:11:00.000,I 20,I 20 and Sr 383,,Rear End,2,Clear,Dry,Daylight
2022-02-24T16:23:00.000,I 20,I 20 and Sr 383,,Rear End,2,Clear,Dry,Daylight
2022-03-07T17:26:00.000,I 20,I 20 and Sr 383,,Rear End,2,Cloudy,Dry,Daylight
2022-02-12T20:12:00.000,I 20,I 20 and Sr 383,,Rear End,2,Clear,Dry,Daylight
2022-06-23T17:42:00.000,I 20,I 20 and Sr 383,,Rear End,2,Clear,Dry,Daylight
2022-05-12T05:42:00.000,I 20,I 20 and Sr 383,,Sideswipe-Same Direction,2,Clear,Dry,Dark-Not Lighted
2022-05-09T08:33:00.000,I 20,I 20 and Sr 383,,Rear End,2,Cloudy,Dry,Daylight
2022-08-18T17:33:00.000,I 20,I 20 and Sr 383,,Rear End,2,Clear,Dry,Daylight
2022-07-08T15:55:00.000,I 20,I 20 and Sr 383,,Rear End,2,Clear,Dry,Daylight
2022-11-18T15:45:00.000,I 20,I 20 and Sr 383,,Sideswipe-Same Direction,2,Clear,Dry,Daylight
2022-10-23T14:56:00.000,I 20,I 20 and Sr 383,,Rear End,2,Clear,Dry,Daylight
2022-12-31T21:26:00.000,I 20,I 20 and Sr 383,,Not a Collision with Motor Vehicle,1,Rain,Wet,Dark-Not Lighted
2022-11-22T17:46:00.000,I 20,I 20 and Sr 383,,Rear End,4,Cloudy,Dry,Dark-Lighted
2022-06-21T17:24:00.000,I 20,I 20 and Sr 383,,Rear End,3,Clear,Dry,Daylight
2022-06-13T17:28:00.000,I 20,I 20 and Sr 383,,Rear End,3,Clear,Dry,Daylight
2022-01-13T09:35:00.000,I 20,I 20 and Sr 383,,Rear End,2,Cloudy,Dry,Daylight
2022-01-09T18:11:00.000,I 20,I 20 and Sr 383,,Not a Collision with Motor Vehicle,1,Cloudy,Dry,Dark-Not Lighted
2022-10-10T17:21:00.000,I 20,I 20 and Sr 383,,Rear End,2,Clear,Dry,Daylight
2022-04-02T22:05:00.000,I 20,I 20 and Sr 383,,Angle Crash,2,Clear,Dry,Dark-Not Lighted
2022-03-17T17:52:00.000,I 20,I 20 and Sr 383,,Rear End,2,Clear,Dry,Daylight
2022-09-24T15:30:00.000,I 20,I 20 and Sr 383,,Not a Collision with Motor Vehicle,2,Clear,Dry,Daylight
2022-06-07T17:16:00.000,I 20,I 20 and Sr 383,,Rear End,2,Clear,Dry,Daylight
2022-03-25T10:52:00.000,I 20,I 20 and Sr 383,,Sideswipe-Same Direction,2,Clear,Dry,Daylight
2022-09-15T19:07:00.000,I 20,I 20 and Sr 383,,Rear End,2,Clear,Dry,Daylight
2022-10-18T20:51:00.000,I 20,I 20 and Sr 383,,Not a Collision with Motor Vehicle,1,Clear,Dry,Dark-Not Lighted