Date and Time,Roadway (From Crash Report),Intersection Name (from Crash Report),KABCO Severity,Manner of Collision (Crash Level) ,# of Vehicles per crash ,Weather Conditions (Crash Level),Surface Condition (Crash Level) ,Light Conditions (Crash Level)
2022-04-22T17:31:00.000,I 20,I 20 and Sr 383,,Rear End,2,Clear,Dry,Daylight
2022-05-19T17:19:00.000,I 20,I 20 and Sr 383,,Rear End,2,Clear,Dry,Daylight
2022-01-28T17:27:00.000,I 20,I 20 and Sr 383,,Rear End,2,Clear,Dry,Daylight
2022-06-29T16:56:00.000,I 20,I 20 and Sr 383,,Rear End,3,Clear,Dry,Daylight
2022-02-22T07:56:00.000,I 20,I 20 and Sr 383,,Rear End,2,Cloudy,Dry,Daylight
2022-08-05T14:35:00.000,I 20,I 20 and Sr 383,,Sideswipe-Same Direction,2,Clear,Dry,Daylight
2022-10-19T16:50:00.000,I 20,I 20 and Sr 383,,Rear End,2,Clear,Dry,Daylight
2022-03-17T17:44:00.000,I 20,I 20 and Sr 383,,Rear End,3,Clear,Dry,Daylight
2022-05-27T16:28:00.000,I 20,I 20 and Sr 383,,Rear End,3,Clear,Dry,Daylight
2022-10-21T18:37:00.000,I 20,I 20 and Sr 383,,Not a Collision with Motor Vehicle,1,Clear,Dry,Daylight
2022-08-10T17:48:00.000,I 20,I 20 and Sr 383,,Rear End,2,Cloudy,Dry,Daylight
2022-12-22T15:59:00.000,I 20,I 20 and Sr 383,,Rear End,2,Cloudy,Dry,Daylight
2022-01-29T06:26:00.000,I 20,I 20 and Sr 383,,Not a Collision with Motor Vehicle,1,Clear,Dry,Dark-Not Lighted
2022-01-06T08:13:00.000,I 20,I 20 and Sr 383,,Not a Collision with Motor Vehicle,2,Clear,Dry,Daylight
2022-03-28T17:58:00.000,I 20,I 20 and Sr 383,,Rear End,2,Clear,Dry,Daylight
2022-05-17T06:56:00.000,I 20,I 20 and Sr 383,,Not a Collision with Motor Vehicle,2,Clear,Dry,Daylight
2022-11-04T14:04:00.000,I 20,I 20 and Sr 383,,Rear End,2,Clear,Dry,Daylight
2022-08-16T21:02:00.000,I 20,I 20 and Sr 383,,Rear End,2,Clear,Dry,Dark-Lighted
2022-07-27T18:37:00.000,I 20,I 20 and Sr 383,,Rear End,2,Clear,Dry,Daylight
2022-07-23T20:35:00.000,I 20,I 20 and Sr 383,,Rear End,2,Clear,Dry,Daylight
2022-09-12T08:21:00.000,I 20,I 20 and Sr 383,,Rear End,2,Clear,Dry,Daylight
2022-06-29T17:00:00.000,I 20,I 20 and Sr 383,,Rear End,2,Clear,Dry,Daylight
2022-11-26T10:57:00.000,I 20,I 20 and Sr 383,,Rear End,3,Clear,Dry,Daylight
2022-10-10T17:27:00.000,I 20,I 20 and Sr 383,,Rear End,3,Clear,Dry,Daylight
2022-03-11T23:02:00.000,I 20,I 20 and Sr 383,,Sideswipe-Same Direction,2,Rain,Wet,Dark-Not Lighted
2022-02-28T17:37:00.000,I 20,I 20 and Sr 383,,Rear End,2,Clear,Dry,Daylight
2022-03-16T20:44:00.000,I 20,I 20 and Sr 383,,Rear End,2,Rain,Wet,Dark-Not Lighted
2022-10-18T18:12:00.000,I 20,I 20 and Sr 383,,Rear End,3,Clear,Dry,Daylight
2023-06-14T17:13:00.000,I 20,I 20 and Sr 383,,Rear End,2,Rain,Wet,Daylight
2023-09-08T17:40:00.000,I 20,I 20 and Sr 383,,Rear End,2,Clear,Dry,Daylight
2023-01-26T16:12:00.000,I 20,I 20 and Sr 383,,Rear End,2,Clear,Dry,Daylight
2023-02-07T09:48:00.000,I 20,I 20 and Sr 383,,Not a Collision with Motor Vehicle,1,Clear,Dry,Daylight
2023-10-17T18:26:00.000,I 20,I 20 and Sr 383,,Rear End,3,Clear,Dry,Daylight
2023-05-16T09:30:00.000,I 20,I 20 and Sr 383,,Rear End,2,Clear,Dry,Daylight
2024-07-24T18:20:00.000,I 20,I 20 and Sr 383,,Rear End,3,Cloudy,Wet,Daylight
2024-12-02T15:41:00.000,I 20,I 20 and Sr 383,,Sideswipe-Same Direction,2,Clear,Dry,Daylight
2024-04-14T18:28:00.000,I 20,I 20 and Sr 383,,Rear End,2,Clear,Dry,Daylight
2024-03-29T14:24:00.000,I 20,I 20 and Sr 383,,Rear End,2,Clear,Dry,Daylight
2024-11-05T18:07:00.000,I 20,I 20 and Sr 383,,Sideswipe-Same Direction,2,Clear,Dry,Dark-Not Lighted
2024-09-18T08:56:00.000,I 20,I 20 and Sr 383,,Rear End,3,Cloudy,Dry,Daylight
2024-12-29T07:40:00.000,I 20,I 20 and Sr 383,,Not a Collision with Motor Vehicle,1,Rain,Wet,Daylight
2024-05-03T07:55:00.000,I 20,I 20 and Sr 383,,Rear End,2,Clear,Dry,Daylight
2024-12-10T16:22:00.000,I 20,I 20 and Sr 383,,Rear End,2,Cloudy,Wet,Daylight
2024-03-26T17:37:00.000,I 20,I 20 and Sr 383,,Rear End,2,Rain,Wet,Daylight
2024-10-11T22:36:00.000,I 20,I 20 and Sr 383,,Sideswipe-Same Direction,2,Cloudy,Dry,Dark-Not Lighted
2024-06-01T03:38:00.000,I 20,I 20 and Sr 383,,Not a Collision with Motor Vehicle,1,Clear,Dry,Dark-Not Lighted
2024-12-06T18:14:00.000,I 20,I 20 and Sr 383,,Rear End,2,Clear,Dry,Dark-Not Lighted
2024-05-18T18:34:00.000,I 20,I 20 and Sr 383,,Not a Collision with Motor Vehicle,1,Cloudy,Dry,Daylight
2024-11-05T07:56:00.000,I 20,I 20 and Sr 383,,Rear End,2,Rain,Wet,Daylight
2024-10-17T19:17:00.000,I 20,I 20 and Sr 383,,Not a Collision with Motor Vehicle,2,Clear,Dry,Dark-Not Lighted
2024-07-30T07:14:00.000,I 20,I 20 and Sr 383,,Not a Collision with Motor Vehicle,1,Clear,Dry,Dawn
2024-04-16T15:26:00.000,I 20,I 20 and Sr 383,,Not a Collision with Motor Vehicle,1,Clear,Dry,Daylight
2024-12-20T17:28:00.000,I 20,I 20 and Sr 383,,Sideswipe-Same Direction,2,Clear,Dry,Dark-Not Lighted
2024-06-11T13:56:00.000,I 20,I 20 and Sr 383,,Sideswipe-Same Direction,2,Clear,Dry,Daylight
2024-03-05T00:50:00.000,I 20,I 20 and Sr 383,,Rear End,2,Clear,Dry,Dark-Not Lighted
2024-10-30T15:05:00.000,I 20,I 20 and Sr 383,,Not a Collision with Motor Vehicle,1,Clear,Dry,Daylight
2024-03-15T16:29:00.000,I 20,I 20 and Sr 383,,Sideswipe-Same Direction,2,Clear,Dry,Daylight
2024-12-15T12:52:00.000,I 20,I 20 and Sr 383,,Rear End,2,Cloudy,Dry,Daylight
2023-09-15T17:21:00.000,I 20,I 20 and Sr 383,,Rear End,2,Clear,Dry,Daylight
2023-07-27T13:42:00.000,I 20,I 20 and Sr 383,,Not a Collision with Motor Vehicle,1,Clear,Dry,Daylight
2023-09-25T16:45:00.000,I 20,I 20 and Sr 383,,Rear End,2,Clear,Dry,Daylight
2024-08-09T17:33:00.000,I 20,I 20 and Sr 383,,Rear End,2,Clear,Dry,Daylight
2024-09-06T17:01:00.000,I 20,I 20 and Sr 383,,Rear End,2,Cloudy,Dry,Daylight
2024-11-18T19:15:00.000,I 20,I 20 and Sr 383,,Rear End,2,Clear,Dry,Dark-Not Lighted
2024-03-06T17:33:00.000,I 20,I 20 and Sr 383,,Rear End,2,Clear,Dry,Dark-Not Lighted
2023-11-06T17:41:00.000,I 20,I 20 and Sr 383,,Sideswipe-Same Direction,2,Clear,Dry,Daylight
2023-09-07T16:16:00.000,I 20,I 20 and Sr 383,,Sideswipe-Same Direction,2,Rain,Wet,Daylight
2023-09-16T12:43:00.000,I 20,I 20 and Sr 383,,Sideswipe-Same Direction,2,Cloudy,Dry,Daylight
2023-11-08T16:30:00.000,I 20,I 20 and Sr 383,,Rear End,2,Clear,Dry,Daylight
2023-11-21T19:04:00.000,I 20,I 20 and Sr 383,,Rear End,2,Cloudy,Dry,Daylight
2023-06-14T16:14:00.000,I 20,I 20 and Sr 383,,Rear End,2,Rain,Wet,Daylight
2023-04-08T20:17:00.000,I 20,I 20 and Sr 383,,Rear End,2,Rain,Wet,Dark-Not Lighted
2023-03-15T18:11:00.000,I 20,I 20 and Sr 383,,Rear End,2,Clear,Dry,Daylight
2023-05-24T10:28:00.000,I 20,I 20 and Sr 383,,Rear End,2,Clear,Dry,Daylight
2023-07-13T19:08:00.000,I 20,I 20 and Sr 383,,Angle Crash,2,Clear,Dry,Daylight
2023-05-26T16:17:00.000,I 20,I 20 and Sr 383,,Not a Collision with Motor Vehicle,1,Clear,Dry,Daylight
2023-10-07T23:14:00.000,I 20,I 20 and Sr 383,,Rear End,2,Clear,Dry,Dark-Lighted
2023-10-31T17:41:00.000,I 20,I 20 and Sr 383,,Not a Collision with Motor Vehicle,1,Cloudy,Dry,Daylight
2023-02-13T23:37:00.000,I 20,I 20 and Sr 383,,Rear End,2,Clear,Dry,Dark-Not Lighted
2023-05-14T14:43:00.000,I 20,I 20 and Sr 383,,Angle Crash,2,Clear,Dry,Daylight
2023-11-17T20:45:00.000,I 20,I 20 and Sr 383,,Rear End,2,Clear,Dry,Dark-Not Lighted
2023-11-17T17:48:00.000,I 20,I 20 and Sr 383,,Rear End,2,Cloudy,Dry,Dark-Not Lighted
2023-11-03T16:28:00.000,I 20,I 20 and Sr 383,,Rear End,2,Clear,Dry,Daylight
2023-02-07T14:02:00.000,I 20,I 20 and Sr 383,,Rear End,2,Clear,Dry,Daylight
2023-04-07T16:04:00.000,I 20,I 20 and Sr 383,,Rear End,2,Cloudy,Dry,Daylight
2023-08-29T18:00:00.000,I 20,I 20 and Sr 383,,Rear End,2,Rain,Wet,Daylight
2023-12-26T15:40:00.000,I 20,I 20 and Sr 383,,Rear End,2,Rain,Wet,Daylight
2023-07-01T03:01:00.000,I 20,I 20 and Sr 383,,Not a Collision with Motor Vehicle,1,Clear,Dry,Dark-Not Lighted
2023-08-11T12:02:00.000,I 20,I 20 and Sr 383,,Rear End,2,Rain,Wet,Daylight
2023-09-28T13:57:00.000,I 20,I 20 and Sr 383,,Sideswipe-Same Direction,2,Clear,Dry,Daylight
2023-11-26T17:45:00.000,I 20,I 20 and Sr 383,,Angle Crash,2,Rain,Wet,Dark-Not Lighted
2023-04-14T17:42:00.000,I 20,I 20 and Sr 383,,Rear End,2,Clear,Dry,Daylight
2023-08-04T18:06:00.000,I 20,I 20 and Sr 383,,Rear End,2,Clear,Dry,Daylight
2023-10-01T18:01:00.000,I 20,I 20 and Sr 383,,Rear End,2,Clear,Dry,Daylight
2023-04-15T18:11:00.000,I 20,I 20 and Sr 383,,Rear End,2,Clear,Dry,Daylight
2023-11-07T16:50:00.000,I 20,I 20 and Sr 383,,Rear End,2,Clear,Dry,Daylight
2023-11-11T22:25:00.000,I 20,I 20 and Sr 383,,Rear End,2,Rain,Wet,Dark-Lighted
2023-06-18T10:20:00.000,I 20,I 20 and Sr 383,,Not a Collision with Motor Vehicle,2,Clear,Dry,Daylight
2023-11-13T07:35:00.000,I 20,I 20 and Sr 383,,Not a Collision with Motor Vehicle,1,Clear,Dry,Daylight
2023-08-01T17:05:00.000,I 20,I 20 and Sr 383,,Rear End,3,Clear,Dry,Daylight
2023-01-31T18:49:00.000,I 20,I 20 and Sr 383,,Angle Crash,3,Clear,Dry,Dark-Lighted
2023-09-21T09:30:00.000,I 20,I 20 and Sr 383,,Rear End,2,Clear,Dry,Daylight
2023-01-26T09:38:00.000,I 20,I 20 and Sr 383,,Sideswipe-Same Direction,2,Clear,Dry,Daylight
2023-01-18T17:23:00.000,I 20,I 20 and Sr 383,,Not a Collision with Motor Vehicle,1,Clear,Dry,Daylight
2023-04-25T17:56:00.000,I 20,I 20 and Sr 383,,Rear End,2,Clear,Dry,Daylight
2023-01-27T12:00:00.000,I 20,I 20 and Sr 383,,Rear End,2,Clear,Dry,Daylight
2023-11-19T01:20:00.000,I 20,I 20 and Sr 383,,Not a Collision with Motor Vehicle,1,Clear,Dry,Dark-Not Lighted
2023-05-10T08:02:00.000,I 20,I 20 and Sr 383,,Rear End,2,Clear,Dry,Daylight
2023-04-25T17:56:00.000,I 20,I 20 and Sr 383,,Rear End,2,Clear,Dry,Daylight
2023-01-07T00:26:00.000,I 20,I 20 and Sr 383,,Not a Collision with Motor Vehicle,1,Clear,Dry,Dark-Not Lighted
2023-11-30T17:31:00.000,I 20,I 20 and Sr 383,,Sideswipe-Same Direction,2,Clear,Dry,Dusk
2023-03-02T10:35:00.000,I 20,I 20 and Sr 383,,Rear End,2,Cloudy,Dry,Daylight
2023-03-16T16:00:00.000,I 20,I 20 and Sr 383,,Rear End,2,Clear,Dry,Daylight
2024-08-19T00:05:00.000,I 20,I 20 and Sr 383,,Not a Collision with Motor Vehicle,1,Clear,Dry,Dark-Lighted
2024-03-25T07:24:00.000,I 20,I 20 and Sr 383,,Rear End,2,Clear,Dry,Daylight
2024-05-21T16:30:00.000,I 20,I 20 and Sr 383,,Rear End,2,Clear,Dry,Daylight
2024-02-28T07:12:00.000,I 20,I 20 and Sr 383,,Rear End,3,Cloudy,Dry,Dawn
2024-04-08T14:51:00.000,I 20,I 20 and Sr 383,,Rear End,2,Clear,Dry,Daylight
2024-10-03T18:46:00.000,I 20,I 20 and Sr 383,,Rear End,2,Clear,Dry,Daylight
2024-09-20T12:52:00.000,I 20,I 20 and Sr 383,,Rear End,2,Clear,Dry,Daylight
2024-05-13T17:24:00.000,I 20,I 20 and Sr 383,,Rear End,2,Cloudy,Dry,Daylight
2024-05-29T20:41:00.000,I 20,I 20 and Sr 383,,Not a Collision with Motor Vehicle,1,Clear,Dry,Daylight
2024-11-05T07:58:00.000,I 20,I 20 and Sr 383,,Rear End,3,Cloudy,Wet,Daylight
2024-03-21T17:23:00.000,I 20,I 20 and Sr 383,,Rear End,3,Clear,Dry,Daylight
2024-08-23T17:56:00.000,I 20,I 20 and Sr 383,,Rear End,2,Clear,Dry,Daylight
2024-07-08T17:50:00.000,I 20,I 20 and Sr 383,,Rear End,2,Clear,Dry,Daylight
2024-10-05T17:25:00.000,I 20,I 20 and Sr 383,,Rear End,2,Clear,Dry,Daylight
2024-08-17T16:10:00.000,I 20,I 20 and Sr 383,,Sideswipe-Same Direction,2,Clear,Dry,Daylight
2024-12-21T10:47:00.000,I 20,I 20 and Sr 383,,Not a Collision with Motor Vehicle,2,Clear,Dry,Daylight
2024-08-28T17:54:00.000,I 20,I 20 and Sr 383,,Rear End,2,Clear,Dry,Daylight
2024-12-31T14:34:00.000,I 20,I 20 and Sr 383,,Sideswipe-Same Direction,2,Clear,Dry,Daylight
2024-07-30T07:47:00.000,I 20,I 20 and Sr 383,,Rear End,2,Clear,Dry,Daylight
2024-09-11T15:38:00.000,I 20,I 20 and Sr 383,,Rear End,2,Clear,Dry,Daylight
2024-06-29T13:42:00.000,I 20,I 20 and Sr 383,,Rear End,2,Rain,Wet,Daylight
2024-04-22T01:57:00.000,I 20,I 20 and Sr 383,,Rear End,2,Clear,Dry,Dark-Not Lighted
2024-01-27T14:23:00.000,I 20,I 20 and Sr 383,,Not a Collision with Motor Vehicle,2,Rain,Wet,Daylight
2024-03-28T17:20:00.000,I 20,I 20 and Sr 383,,Rear End,2,Clear,Dry,Daylight
2024-03-25T01:35:00.000,I 20,I 20 and Sr 383,,Not a Collision with Motor Vehicle,2,Clear,Dry,Dark-Not Lighted
2024-04-17T13:43:00.000,I 20,I 20 and Sr 383,,Not a Collision with Motor Vehicle,1,Clear,Dry,Daylight
2024-05-27T13:11:00.000,I 20,I 20 and Sr 383,,Rear End,2,Clear,Dry,Daylight
2024-12-04T15:00:00.000,I 20,I 20 and Sr 383,,Not a Collision with Motor Vehicle,1,Clear,Dry,Daylight
2024-11-05T10:09:00.000,I 20,I 20 and Sr 383,,Rear End,2,Cloudy,Wet,Daylight
2024-09-20T16:02:00.000,I 20,I 20 and Sr 383,,Rear End,2,Cloudy,Dry,Daylight
2024-06-11T14:10:00.000,I 20,I 20 and Sr 383,,Not a Collision with Motor Vehicle,2,Clear,Dry,Daylight
2024-06-14T16:24:00.000,I 20,I 20 and Sr 383,,Rear End,2,Clear,Dry,Daylight
2024-10-10T08:12:00.000,I 20,I 20 and Sr 383,,Rear End,2,Clear,Dry,Daylight
2024-09-02T08:52:00.000,I 20,I 20 and Sr 383,,Rear End,2,Clear,Dry,Daylight
2024-11-06T07:50:00.000,I 20,I 20 and Sr 383,,Rear End,2,Cloudy,Wet,Daylight
2024-04-18T07:45:00.000,I 20,I 20 and Sr 383,,Rear End,2,Clear,Dry,Daylight
2024-05-27T16:15:00.000,I 20,I 20 and Sr 383,,Rear End,2,Cloudy,Dry,Daylight
2024-12-01T17:14:00.000,I 20,I 20 and Sr 383,,Sideswipe-Same Direction,2,Clear,Dry,Daylight
2024-02-20T17:00:00.000,I 20,I 20 and Sr 383,,Rear End,2,Clear,Dry,Daylight
2024-12-13T15:08:00.000,I 20,I 20 and Sr 383,,Not a Collision with Motor Vehicle,2,Clear,Dry,Daylight
2024-11-15T05:35:00.000,I 20,I 20 and Sr 383,,Not a Collision with Motor Vehicle,1,Clear,Dry,Dark-Not Lighted
2024-08-23T18:21:00.000,I 20,I 20 and Sr 383,,Sideswipe-Same Direction,2,Clear,Dry,Daylight
2024-08-02T17:09:00.000,I 20,I 20 and Sr 383,,Rear End,2,Clear,Dry,Daylight
2024-12-06T18:41:00.000,I 20,I 20 and Sr 383,,Rear End,2,Clear,Dry,Dark-Not Lighted
2024-11-14T13:30:00.000,I 20,I 20 and Sr 383,,Not a Collision with Motor Vehicle,2,Rain,Wet,Daylight
2024-09-27T05:30:00.000,I 20,I 20 and Sr 383,,Not a Collision with Motor Vehicle,1,Severe Thunderstorm or Tornadic,Water (standing or moving),Dark-Not Lighted
2024-07-24T09:08:00.000,I 20,I 20 and Sr 383,,Not a Collision with Motor Vehicle,2,Clear,Dry,Daylight
2024-03-20T23:15:00.000,I 20,I 20 and Sr 383,,Sideswipe-Same Direction,2,Clear,Dry,Dark-Lighted
2024-10-03T14:17:00.000,I 20,I 20 and Sr 383,,Rear End,2,Clear,Dry,Daylight
2024-03-25T17:13:00.000,I 20,I 20 and Sr 383,,Rear End,2,Clear,Dry,Daylight
2024-11-04T17:04:00.000,I 20,I 20 and Sr 383,,Rear End,2,Cloudy,Dry,Daylight
2024-09-26T13:11:00.000,I 20,I 20 and Sr 383,,Not a Collision with Motor Vehicle,1,Rain,Water (standing or moving),Daylight
2024-12-07T06:59:00.000,I 20,I 20 and Sr 383,,Sideswipe-Same Direction,2,Clear,Dry,Dawn
2024-12-12T14:34:00.000,I 20,I 20 and Sr 383,,Rear End,2,Clear,Dry,Daylight
2024-02-20T17:33:00.000,I 20,I 20 and Sr 383,,Rear End,2,Clear,Dry,Daylight
2024-10-24T16:23:00.000,I 20,I 20 and Sr 383,,Rear End,3,Clear,Dry,Daylight
2024-06-29T13:47:00.000,I 20,I 20 and Sr 383,,Rear End,2,Rain,Wet,Daylight
2024-04-16T15:46:00.000,I 20,I 20 and Sr 383,,Not a Collision with Motor Vehicle,2,Clear,Dry,Daylight
2024-02-01T12:58:00.000,I 20,I 20 and Sr 383,,Rear End,2,Clear,Dry,Daylight
2024-04-04T18:10:00.000,I 20,I 20 and Sr 383,,Rear End,4,Clear,Dry,Daylight
2024-03-25T17:37:00.000,I 20,I 20 and Sr 383,,Rear End,2,Clear,Dry,Daylight
2024-03-27T05:42:00.000,I 20,I 20 and Sr 383,,Not a Collision with Motor Vehicle,1,Rain,Wet,Dark-Not Lighted
2024-12-15T12:53:00.000,I 20,I 20 and Sr 383,,Rear End,2,Cloudy,Dry,Daylight
2024-06-17T17:46:00.000,I 20,I 20 and Sr 383,,Rear End,2,Clear,Dry,Daylight
2024-12-26T18:32:00.000,I 20,I 20 and Sr 383,,Rear End,2,Rain,Wet,Dark-Not Lighted
2024-11-23T09:58:00.000,I 20,I 20 and Sr 383,,Rear End,2,Clear,Dry,Daylight
2024-01-09T07:07:00.000,I 20,I 20 and Sr 383,,Rear End,2,Rain,Wet,Dark-Lighted
2024-10-31T23:51:00.000,I 20,I 20 and Sr 383,,Rear End,2,Clear,Dry,Dark-Lighted
2024-07-23T18:19:00.000,I 20,I 20 and Sr 383,,Rear End,2,Cloudy,Wet,Daylight
2024-08-01T11:40:00.000,I 20,I 20 and Sr 383,,Sideswipe-Same Direction,2,Clear,Dry,Daylight
2024-10-29T18:52:00.000,I 20,I 20 and Sr 383,,Angle Crash,2,Clear,Dry,Daylight
2024-11-05T08:02:00.000,I 20,I 20 and Sr 383,,Rear End,2,Cloudy,Wet,Daylight
2024-10-13T16:25:00.000,I 20,I 20 and Sr 383,,Rear End,2,Clear,Dry,Daylight
2024-05-02T16:10:00.000,I 20,I 20 and Sr 383,,Rear End,2,Clear,Dry,Daylight
2024-10-20T16:14:00.000,I 20,I 20 and Sr 383,,Rear End,2,Clear,Dry,Daylight
2024-01-10T17:49:00.000,I 20,I 20 and Sr 383,,Sideswipe-Same Direction,2,Clear,Dry,Dark-Not Lighted
2024-07-15T16:59:00.000,I 20,I 20 and Sr 383,,Rear End,2,Clear,Dry,Daylight
2024-06-29T05:01:00.000,I 20,I 20 and Sr 383,,Not a Collision with Motor Vehicle,1,Cloudy,Dry,Dark-Not Lighted
2024-04-03T12:55:00.000,I 20,I 20 and Sr 383,,Rear End,2,Clear,Dry,Daylight
2024-06-18T06:57:00.000,I 20,I 20 and Sr 383,,Sideswipe-Same Direction,2,Clear,Dry,Daylight
2024-10-09T16:35:00.000,I 20,I 20 and Sr 383,,Rear End,2,Cloudy,Dry,Daylight
2024-10-07T08:35:00.000,I 20,I 20 and Sr 383,,Sideswipe-Same Direction,2,Clear,Dry,Daylight
2020-11-15T10:47:00.000,I 20,I 20 and Sr 28,,Rear End,2,Clear,Dry,Daylight
2020-06-29T14:15:00.000,I 20,I 20 and Sr 28,,Rear End,2,Clear,Dry,Daylight
2021-12-03T21:52:00.000,I 20,I 20 and Sr 28,,Sideswipe-Same Direction,2,Clear,Dry,Dark-Lighted
2023-07-17T14:21:00.000,I 20,I 20 and Sr 278,,Sideswipe-Same Direction,2,Cloudy,Dry,Daylight
2023-06-02T17:47:00.000,I 20,I 20 and Sr 278,,Rear End,2,Clear,Dry,Daylight
2023-04-13T07:47:00.000,I 20,I 20 and Sr 278,,Rear End,2,Clear,Dry,Daylight
2023-11-11T00:30:00.000,I 20,I 20 and Sr 278,,Sideswipe-Same Direction,2,Rain,Wet,Dark-Not Lighted
2023-10-06T18:06:00.000,I 20,I 20 and Sr 278,,Rear End,2,Clear,Dry,Daylight
2023-08-19T13:40:00.000,I 20,I 20 and Sr 278,,Angle Crash,2,Clear,Dry,Daylight
2023-06-11T12:40:00.000,I 20,I 20 and Sr 278,,Not a Collision with Motor Vehicle,1,Rain,Wet,Daylight
2022-04-22T12:51:00.000,I 20,I 20 and Sr 278,,Sideswipe-Same Direction,2,Clear,Dry,Daylight
2022-05-07T15:45:00.000,I 20,I 20 and Sr 278,,Not a Collision with Motor Vehicle,1,Clear,Dry,Daylight
2022-10-13T07:05:00.000,I 20,I 20 and Sr 278,,Not a Collision with Motor Vehicle,1,Rain,Water (standing or moving),Dark-Not Lighted
2022-06-25T14:00:00.000,I 20,I 20 and Sr 278,,Sideswipe-Same Direction,2,Clear,Dry,Daylight
2022-01-20T08:48:00.000,I 20,I 20 and Sr 278,,Sideswipe-Same Direction,2,Rain,Wet,Daylight
2022-05-14T14:29:00.000,I 20,I 20 and Sr 278,,Not a Collision with Motor Vehicle,1,Clear,Dry,Daylight
2022-05-30T15:43:00.000,I 20,I 20 and Sr 278,,Sideswipe-Same Direction,2,Rain,Wet,Daylight
2022-03-15T14:56:00.000,I 20,I 20 and Sr 278,,Rear End,2,Clear,Dry,Daylight
2023-04-02T13:41:00.000,I 20,I 20 and Sr 278,,Angle Crash,2,Clear,Dry,Daylight
2024-07-27T00:25:00.000,I 20,I 20 and Sr 278,,Not a Collision with Motor Vehicle,1,Clear,Wet,Dark-Not Lighted
2024-05-29T18:34:00.000,I 20,I 20 and Sr 278,,Not a Collision with Motor Vehicle,1,Clear,Dry,Daylight
2023-04-04T10:32:00.000,I 20,I 20 and Sr 278,,Not a Collision with Motor Vehicle,1,Clear,Dry,Daylight
2023-10-28T22:31:00.000,I 20,I 20 and Sr 278,,Not a Collision with Motor Vehicle,1,Clear,Dry,Dark-Not Lighted
2023-10-13T20:00:00.000,I 20,I 20 and Sr 278,,Not a Collision with Motor Vehicle,1,Rain,Wet,Dark-Not Lighted
2023-10-19T20:45:00.000,I 20,I 20 and Sr 278,,Sideswipe-Same Direction,2,Clear,Dry,Dark-Not Lighted
2023-11-10T20:15:00.000,I 20,I 20 and Sr 278,,Sideswipe-Same Direction,2,Cloudy,Wet,Dark-Not Lighted
2024-01-11T16:30:00.000,I 20,I 20 and Sr 278,,Head On,2,Clear,Dry,Daylight
2024-07-25T15:36:00.000,I 20,I 20 and Sr 278,,Rear End,2,Clear,Dry,Daylight
2024-05-25T14:16:00.000,I 20,I 20 and Sr 278,,Sideswipe-Same Direction,2,Clear,Dry,Daylight
2024-10-22T12:35:00.000,I 20,I 20 and Sr 278,,Not a Collision with Motor Vehicle,1,Clear,Dry,Daylight
2021-09-29T16:45:00.000,I 20,I 20 and Sr 24,,Not a Collision with Motor Vehicle,2,Clear,Dry,Daylight
2023-07-26T17:33:00.000,I 20,I 20 and Sr 24,,Rear End,2,Clear,Dry,Daylight
2023-08-20T14:48:00.000,I 20,I 20 and Sr 24,,Not a Collision with Motor Vehicle,1,Clear,Dry,Daylight
2020-01-22T09:43:00.000,I 20,I 20 and Sr 24,,Rear End,2,Clear,Dry,Daylight
2020-02-01T10:29:00.000,I 20,I 20 and Sr 24,,Rear End,2,Cloudy,Dry,Daylight
2020-11-26T18:32:00.000,I 20,I 20 and Sr 24,,Rear End,2,Clear,Dry,Dark-Lighted
2022-09-04T13:00:00.000,I 20,I 20 and Sr 24,,Not a Collision with Motor Vehicle,1,Rain,Wet,Daylight
2022-06-08T23:50:00.000,I 20,I 20 and Sr 24,,Rear End,2,Clear,Dry,Dark-Lighted
2022-10-02T21:22:00.000,I 20,I 20 and Sr 24,,Rear End,3,Clear,Dry,Dark-Lighted
2023-02-04T18:17:00.000,I 20,I 20 and Sr 24,,Rear End,2,Clear,Dry,Dawn
2024-02-16T13:05:00.000,I 20,I 20 and Sr 24,,Sideswipe-Same Direction,2,Cloudy,Dry,Daylight
2023-06-19T00:54:00.000,I 20,I 20 and Sr 24,,Sideswipe-Same Direction,2,Clear,Dry,Dark-Not Lighted
2024-09-30T12:18:00.000,I 20,I 20 and Sr 24,,Rear End,2,Clear,Dry,Daylight
2024-06-23T07:48:00.000,I 20,I 20 and Sr 24,,Rear End,2,Clear,Dry,Daylight
2022-06-26T00:18:00.000,I 20,I 20 and Sr 232,,Not a Collision with Motor Vehicle,1,Clear,Dry,Dark-Lighted
2022-06-04T15:27:00.000,I 20,I 20 and Sr 223,,Sideswipe-Same Direction,2,Clear,Dry,Daylight
2024-06-10T08:30:00.000,I 20,I 20 and Sr 223,,Rear End,3,Rain,Wet,Daylight
2021-04-27T03:31:00.000,I 20,I 20 and Sr 221,,Rear End,2,Clear,Dry,Dark-Not Lighted
2020-08-06T08:56:00.000,I 20,I 20 and Sr 221,,Not a Collision with Motor Vehicle,1,Rain,Wet,Daylight
2023-10-29T01:40:00.000,I 20,I 20 and Sr 221,,Not a Collision with Motor Vehicle,1,Clear,Dry,Dark-Lighted
2023-03-05T14:31:00.000,I 20,I 20 and Sr 221,,Rear End,3,Clear,Dry,Daylight
2020-03-15T15:10:00.000,I 20,I 20 and Sr 221,,Rear End,2,Clear,Dry,Daylight
2020-07-30T19:19:00.000,I 20,I 20 and Sr 221,,Not a Collision with Motor Vehicle,1,Rain,Wet,Daylight
2020-06-27T19:17:00.000,I 20,I 20 and Sr 221,,Not a Collision with Motor Vehicle,1,Rain,Wet,Daylight
2021-06-12T11:15:00.000,I 20,I 20 and Sr 221,,Not a Collision with Motor Vehicle,1,Clear,Dry,Daylight