Date and Time,Roadway (From Crash Report),Intersection Name (from Crash Report),KABCO Severity,Manner of Collision (Crash Level) ,# of Vehicles per crash ,Weather Conditions (Crash Level),Surface Condition (Crash Level) ,Light Conditions (Crash Level)
2023-07-01T18:00:00.000,I 20,I 20 and Sr 142,,Not a Collision with Motor Vehicle,1,Rain,Wet,Daylight
2023-02-08T16:47:00.000,I 20,I 20 and Sr 142,,Not a Collision with Motor Vehicle,1,Clear,Dry,Daylight
2023-10-24T17:36:00.000,I 20,I 20 and Sr 142,,Sideswipe-Same Direction,2,Clear,Dry,Daylight
2023-02-25T18:12:00.000,I 20,I 20 and Sr 142,,Not a Collision with Motor Vehicle,1,Cloudy,Wet,Daylight
2023-06-24T19:00:00.000,I 20,I 20 and Sr 142,,Rear End,2,Clear,Dry,Daylight
2023-07-25T13:46:00.000,I 20,I 20 and Sr 142,,Sideswipe-Same Direction,2,Clear,Dry,Daylight
2023-06-03T06:23:00.000,I 20,I 20 and Sr 142,,Not a Collision with Motor Vehicle,1,Clear,Dry,Daylight
2023-09-15T09:39:00.000,I 20,I 20 and Sr 142,,Rear End,2,Rain,Wet,Daylight
2023-10-01T23:33:00.000,I 20,I 20 and Sr 142,,Rear End,3,Clear,Dry,Dark-Not Lighted
2023-10-11T16:35:00.000,I 20,I 20 and Sr 142,,Rear End,2,Rain,Wet,Daylight
2023-07-18T21:10:00.000,I 20,I 20 and Sr 142,,Rear End,2,Clear,Dry,Dark-Lighted
2024-12-11T01:50:00.000,I 20,I 20 and Sr 142,,Not a Collision with Motor Vehicle,1,Rain,Water (standing or moving),Dark-Not Lighted
2024-02-09T18:28:00.000,I 20,I 20 and Sr 142,,Angle Crash,3,Clear,Dry,Dark-Lighted
2024-03-01T13:11:00.000,I 20,I 20 and Sr 142,,Angle Crash,2,Rain,Wet,Daylight
2024-09-20T19:11:00.000,I 20,I 20 and Sr 142,,Not a Collision with Motor Vehicle,2,Clear,Dry,Daylight
2024-07-18T17:14:00.000,I 20,I 20 and Sr 142,,Not a Collision with Motor Vehicle,1,Rain,Wet,Daylight
2024-01-03T15:30:00.000,I 20,I 20 and Sr 142,,Rear End,2,Cloudy,Dry,Daylight
2024-06-22T21:09:00.000,I 20,I 20 and Sr 142,,Sideswipe-Same Direction,2,Clear,Dry,Daylight
2024-04-21T07:50:00.000,I 20,I 20 and Sr 142,,Not a Collision with Motor Vehicle,1,Rain,Wet,Daylight
2024-12-21T13:41:00.000,I 20,I 20 and Sr 142,,Sideswipe-Same Direction,2,Clear,Dry,Daylight
2024-01-25T08:01:00.000,I 20,I 20 and Sr 142,,Sideswipe-Same Direction,2,Rain,Water (standing or moving),Dark-Lighted
2024-07-05T14:30:00.000,I 20,I 20 and Sr 142,,Not a Collision with Motor Vehicle,1,Rain,Wet,Daylight
2024-11-14T06:23:00.000,I 20,I 20 and Sr 142,,Not a Collision with Motor Vehicle,1,Rain,Wet,Dark-Lighted
2024-05-09T09:15:00.000,I 20,I 20 and Sr 142,,Rear End,3,Rain,Wet,Daylight
2024-10-09T06:32:00.000,I 20,I 20 and Sr 142,,Not a Collision with Motor Vehicle,1,Clear,Dry,Dark-Not Lighted
2024-03-01T15:31:00.000,I 20,I 20 and Sr 142,,Not a Collision with Motor Vehicle,1,Rain,Wet,Daylight
2024-02-12T05:35:00.000,I 20,I 20 and Sr 142,,Rear End,2,Rain,Wet,Dark-Not Lighted
2024-03-18T03:45:00.000,I 20,I 20 and Sr 142,,Not a Collision with Motor Vehicle,1,Clear,Dry,Dark-Not Lighted
2024-12-30T15:58:00.000,I 20,I 20 and Sr 142,,Sideswipe-Same Direction,2,Clear,Dry,Daylight
2024-12-25T01:07:00.000,I 20,I 20 and Sr 142,,Not a Collision with Motor Vehicle,1,Clear,Dry,Dark-Lighted
2024-07-18T16:11:00.000,I 20,I 20 and Sr 142,,Angle Crash,2,Clear,Dry,Daylight
2024-02-04T18:35:00.000,I 20,I 20 and Sr 142,,Angle Crash,2,Rain,Wet,Dark-Lighted
2024-02-14T13:10:00.000,I 20,I 20 and Sr 142,,Not a Collision with Motor Vehicle,1,Clear,Dry,Daylight
2024-05-25T16:50:00.000,I 20,I 20 and Sr 14,,Rear End,4,Clear,Dry,Daylight
2021-04-04T19:53:00.000,I 20,I 20 and Sr 138,,Not a Collision with Motor Vehicle,1,Clear,Dry,Daylight
2021-07-11T09:50:00.000,I 20,I 20 and Sr 138,,Not a Collision with Motor Vehicle,2,Cloudy,Dry,Daylight
2021-11-23T16:19:00.000,I 20,I 20 and Sr 138,,Rear End,2,Clear,Dry,Daylight
2023-12-02T18:55:00.000,I 20,I 20 and Sr 138,,Rear End,3,Clear,Dry,Dark-Not Lighted
2023-02-07T07:15:00.000,I 20,I 20 and Sr 138,,Rear End,3,Clear,Dry,Daylight
2022-10-06T08:57:00.000,I 20,I 20 and Sr 138,,Rear End,2,Clear,Dry,Daylight
2020-09-07T12:30:00.000,I 20,I 20 and Sr 138,,Rear End,2,Clear,Dry,Daylight
2020-02-10T10:47:00.000,I 20,I 20 and Sr 138,,Rear End,2,Rain,Wet,Daylight
2020-10-10T19:49:00.000,I 20,I 20 and Sr 138,,Sideswipe-Same Direction,3,Rain,Wet,Dark-Lighted
2020-02-24T06:50:00.000,I 20,I 20 and Sr 138,,Rear End,4,Rain,Wet,Dawn
2020-03-13T21:27:00.000,I 20,I 20 and Sr 138,,Sideswipe-Same Direction,2,Clear,Dry,Dark-Lighted
2020-03-01T13:04:00.000,I 20,I 20 and Sr 138,,Rear End,2,Clear,Dry,Daylight
2020-02-16T19:10:00.000,I 20,I 20 and Sr 138,,Not a Collision with Motor Vehicle,6,Rain,Wet,Dark-Lighted
2020-09-27T13:05:00.000,I 20,I 20 and Sr 138,,Sideswipe-Same Direction,2,Cloudy,Dry,Daylight
2022-10-02T10:48:00.000,I 20,I 20 and Sr 138,,Rear End,2,Clear,Dry,Daylight
2022-09-14T09:41:00.000,I 20,I 20 and Sr 138,,Sideswipe-Same Direction,2,Clear,Dry,Daylight
2022-12-30T12:51:00.000,I 20,I 20 and Sr 138,,Not a Collision with Motor Vehicle,1,Cloudy,Dry,Daylight
2022-02-01T10:05:00.000,I 20,I 20 and Sr 138,,Angle Crash,2,Clear,Dry,Daylight
2024-05-31T09:10:00.000,I 20,I 20 and Sr 138,,Angle Crash,2,Clear,Dry,Daylight
2024-01-05T20:37:00.000,I 20,I 20 and Sr 138,,Rear End,2,Clear,Dry,Dark-Lighted
2023-03-25T14:26:00.000,I 20,I 20 and Sr 138,,Rear End,2,Clear,Dry,Daylight
2023-08-07T15:35:00.000,I 20,I 20 and Sr 138,,Rear End,2,Clear,Dry,Daylight
2024-02-20T10:19:00.000,I 20,I 20 and Sr 138,,Rear End,3,Clear,Dry,Daylight
2021-11-24T19:30:00.000,I 20,I 20 and Sr 13,,Rear End,2,Clear,Dry,Dark-Not Lighted
2021-11-29T10:46:00.000,I 20,I 20 and Sr 13,,Not a Collision with Motor Vehicle,1,Clear,Dry,Daylight
2021-05-01T07:53:00.000,I 20,I 20 and Sr 12,,Not a Collision with Motor Vehicle,1,Clear,Dry,Daylight
2021-12-01T17:49:00.000,I 20,I 20 and Sr 12,,Not a Collision with Motor Vehicle,1,Clear,Dry,Dark-Not Lighted
2021-05-08T14:10:00.000,I 20,I 20 and Sr 12,,Rear End,2,Clear,Dry,Daylight
2021-06-29T13:33:00.000,I 20,I 20 and Sr 12,,Head On,3,Clear,Dry,Daylight
2021-01-16T02:17:00.000,I 20,I 20 and Sr 12,,Not a Collision with Motor Vehicle,1,Clear,Dry,Dark-Not Lighted
2021-07-20T19:54:00.000,I 20,I 20 and Sr 12,,Not a Collision with Motor Vehicle,1,Cloudy,Wet,Daylight
2021-03-08T02:28:00.000,I 20,I 20 and Sr 12,,Not a Collision with Motor Vehicle,1,Clear,Dry,Dark-Not Lighted
2023-07-24T11:34:00.000,I 20,I 20 and Sr 12,,Rear End,2,Clear,Dry,Daylight
2022-08-27T12:41:00.000,I 20,I 20 and Sr 12,,Sideswipe-Same Direction,2,Clear,Dry,Daylight
2020-12-25T19:09:00.000,I 20,I 20 and Sr 12,,Not a Collision with Motor Vehicle,1,Clear,Dry,Daylight
2020-01-26T20:50:00.000,I 20,I 20 and Sr 12,,(None),2,Clear,Dry,Dark-Not Lighted
2021-02-13T21:49:00.000,I 20,I 20 and Sr 12,,Rear End,2,Cloudy,Wet,Dark-Not Lighted
2021-07-19T19:58:00.000,I 20,I 20 and Sr 12,,Not a Collision with Motor Vehicle,1,Rain,Wet,Daylight
2021-07-20T07:20:00.000,I 20,I 20 and Sr 12,,Rear End,3,Rain,Wet,Daylight
2021-11-18T13:34:00.000,I 20,I 20 and Sr 12,,Not a Collision with Motor Vehicle,1,Clear,Dry,Daylight
2022-12-24T21:10:00.000,I 20,I 20 and Sr 12,,Rear End,2,Clear,Dry,Dark-Not Lighted
2022-01-28T21:16:00.000,I 20,I 20 and Sr 12,,Head On,2,Clear,Dry,Dark-Not Lighted
2022-05-20T15:15:00.000,I 20,I 20 and Sr 12,,Sideswipe-Same Direction,2,Clear,Dry,Daylight
2022-04-29T11:46:00.000,I 20,I 20 and Sr 12,,Angle Crash,4,Clear,Dry,Daylight
2022-04-10T17:20:00.000,I 20,I 20 and Sr 12,,Rear End,2,Clear,Dry,Daylight
2022-01-02T23:31:00.000,I 20,I 20 and Sr 12,,Not a Collision with Motor Vehicle,1,Rain,Wet,Dark-Not Lighted
2022-04-01T07:20:00.000,I 20,I 20 and Sr 12,,Not a Collision with Motor Vehicle,1,Clear,Dry,Daylight
2022-10-25T11:54:00.000,I 20,I 20 and Sr 12,,Angle Crash,2,Clear,Dry,Daylight
2022-03-20T06:36:00.000,I 20,I 20 and Sr 12,,Not a Collision with Motor Vehicle,1,Clear,Dry,Dark-Not Lighted
2022-04-13T17:57:00.000,I 20,I 20 and Sr 12,,Rear End,2,Clear,Dry,Daylight
2022-04-01T08:18:00.000,I 20,I 20 and Sr 12,,Rear End,2,Clear,Dry,Daylight
2022-05-26T16:09:00.000,I 20,I 20 and Sr 12,,Sideswipe-Same Direction,5,Rain,Wet,Daylight
2022-09-16T22:15:00.000,I 20,I 20 and Sr 12,,Rear End,2,Cloudy,Dry,Dark-Not Lighted
2022-04-26T03:00:00.000,I 20,I 20 and Sr 12,,Sideswipe-Same Direction,1,Clear,Dry,Dark-Not Lighted
2022-10-10T21:19:00.000,I 20,I 20 and Sr 12,,Not a Collision with Motor Vehicle,1,Cloudy,Dry,Dark-Not Lighted
2022-04-10T16:10:00.000,I 20,I 20 and Sr 12,,Rear End,2,Clear,Dry,Daylight
2022-09-26T12:58:00.000,I 20,I 20 and Sr 12,,Not a Collision with Motor Vehicle,1,Clear,Dry,Daylight
2022-04-20T07:18:00.000,I 20,I 20 and Sr 12,,Angle Crash,2,Clear,Dry,Dawn
2022-04-19T15:45:00.000,I 20,I 20 and Sr 12,,Sideswipe-Same Direction,2,Clear,Dry,Daylight
2023-06-03T20:16:00.000,I 20,I 20 and Sr 12,,Not a Collision with Motor Vehicle,1,Clear,Dry,Daylight
2024-02-04T18:28:00.000,I 20,I 20 and Sr 12,,Sideswipe-Same Direction,2,Rain,Wet,Dark-Not Lighted
2023-01-20T17:30:00.000,I 20,I 20 and Sr 12,,Not a Collision with Motor Vehicle,1,Clear,Dry,Daylight
2023-07-01T14:54:00.000,I 20,I 20 and Sr 12,,Sideswipe-Same Direction,2,Clear,Dry,Daylight
2024-04-27T16:18:00.000,I 20,I 20 and Sr 12,,Not a Collision with Motor Vehicle,1,Cloudy,Dry,Daylight
2024-12-10T13:30:00.000,I 20,I 20 and Sr 12,,Not a Collision with Motor Vehicle,1,Rain,Wet,Dark-Lighted
2024-09-21T23:46:00.000,I 20,I 20 and Sr 12,,Rear End,2,Clear,Dry,Dark-Lighted
2024-10-08T17:15:00.000,I 20,I 20 and Sr 12,,Sideswipe-Same Direction,2,Clear,Dry,Daylight
2024-05-03T19:54:00.000,I 20,I 20 and Sr 12,,Not a Collision with Motor Vehicle,1,Rain,Wet,Dusk
2024-09-05T21:40:00.000,I 20,I 20 and Sr 12,,Not a Collision with Motor Vehicle,1,Clear,Dry,Dark-Not Lighted
2024-04-22T13:44:00.000,I 20,I 20 and Sr 12,,Sideswipe-Same Direction,2,Clear,Dry,Daylight
2024-12-12T20:46:00.000,I 20,I 20 and Sr 12,,Rear End,3,Clear,Dry,Dark-Not Lighted
2024-02-22T07:59:00.000,I 20,I 20 and Sr 12,,Rear End,2,Clear,Dry,Daylight
2024-07-19T10:08:00.000,I 20,I 20 and Sr 12,,Not a Collision with Motor Vehicle,1,Rain,Wet,Daylight
2021-06-09T14:40:00.000,I 20,I 20 and Sr 113,,Rear End,2,Cloudy,Wet,Daylight
2021-12-03T14:48:00.000,I 20,I 20 and Sr 113,,Rear End,2,Clear,Dry,Daylight
2021-02-25T08:10:00.000,I 20,I 20 and Sr 113,,Not a Collision with Motor Vehicle,1,Clear,Dry,Daylight
2021-03-31T13:20:00.000,I 20,I 20 and Sr 113,,Rear End,2,Rain,Wet,Daylight
2021-07-21T11:05:00.000,I 20,I 20 and Sr 113,,(None),2,(None),(None),(None)
2023-01-05T13:36:00.000,I 20,I 20 and Sr 113,,Rear End,2,Cloudy,Dry,Daylight
2023-06-29T06:52:00.000,I 20,I 20 and Sr 113,,Rear End,2,Clear,Dry,Daylight
2023-09-11T17:40:00.000,I 20,I 20 and Sr 113,,Not a Collision with Motor Vehicle,1,Clear,Dry,Daylight
2020-01-20T16:45:00.000,I 20,I 20 and Sr 113,,Sideswipe-Same Direction,2,Clear,Dry,Daylight
2020-09-17T11:40:00.000,I 20,I 20 and Sr 113,,Angle Crash,2,Rain,Wet,Daylight
2020-04-21T08:47:00.000,I 20,I 20 and Sr 113,,Angle Crash,3,Clear,Dry,Daylight
2020-06-19T07:18:00.000,I 20,I 20 and Sr 113,,Rear End,2,Clear,Dry,Daylight
2020-08-09T07:26:00.000,I 20,I 20 and Sr 113,,Not a Collision with Motor Vehicle,1,Clear,Dry,Daylight
2020-03-03T08:00:00.000,I 20,I 20 and Sr 113,,Not a Collision with Motor Vehicle,1,Rain,Wet,Daylight
2021-12-14T15:55:00.000,I 20,I 20 and Sr 113,,Rear End,1,Clear,Dry,Daylight
2021-12-13T16:53:00.000,I 20,I 20 and Sr 113,,Rear End,2,Clear,Dry,Daylight
2022-11-14T16:28:00.000,I 20,I 20 and Sr 113,,Rear End,2,Clear,Dry,Daylight
2022-10-02T17:35:00.000,I 20,I 20 and Sr 113,,Sideswipe-Same Direction,2,Clear,Dry,Daylight
2022-02-15T12:07:00.000,I 20,I 20 and Sr 113,,Rear End,2,Cloudy,Dry,Daylight
2021-07-24T17:42:00.000,I 20,I 20 and Sr 113,,Sideswipe-Same Direction,2,Clear,Dry,Daylight
2022-01-02T12:51:00.000,I 20,I 20 and Sr 113,,Sideswipe-Same Direction,2,Rain,Wet,Daylight
2022-09-28T16:05:00.000,I 20,I 20 and Sr 113,,Rear End,2,Clear,Dry,Daylight
2022-12-28T11:48:00.000,I 20,I 20 and Sr 113,,Rear End,2,Clear,Dry,Daylight
2022-04-29T08:15:00.000,I 20,I 20 and Sr 113,,Rear End,2,Clear,Dry,Daylight
2022-11-06T21:44:00.000,I 20,I 20 and Sr 113,,Not a Collision with Motor Vehicle,1,Clear,Dry,Dark-Not Lighted
2022-10-17T16:11:00.000,I 20,I 20 and Sr 113,,Rear End,2,Clear,Dry,Daylight
2022-12-22T12:40:00.000,I 20,I 20 and Sr 113,,Sideswipe-Same Direction,2,Cloudy,Dry,Daylight
2022-11-28T15:32:00.000,I 20,I 20 and Sr 113,,Rear End,2,Clear,Dry,Daylight
2022-04-15T14:30:00.000,I 20,I 20 and Sr 113,,Not a Collision with Motor Vehicle,1,Clear,Dry,Daylight
2022-10-21T14:27:00.000,I 20,I 20 and Sr 113,,Rear End,2,Clear,Dry,Daylight
2022-12-02T16:10:00.000,I 20,I 20 and Sr 113,,Rear End,2,Cloudy,Dry,Daylight
2022-11-28T17:00:00.000,I 20,I 20 and Sr 113,,Rear End,3,Clear,Dry,Daylight
2022-12-02T16:31:00.000,I 20,I 20 and Sr 113,,Rear End,2,Cloudy,Dry,Daylight
2022-12-11T14:10:00.000,I 20,I 20 and Sr 113,,Rear End,2,Rain,Wet,Daylight
2023-02-04T20:30:00.000,I 20,I 20 and Sr 113,,Not a Collision with Motor Vehicle,1,Clear,Dry,Dark-Not Lighted
2024-02-23T17:17:00.000,I 20,I 20 and Sr 113,,Rear End,2,Clear,Dry,Daylight
2024-09-02T13:52:00.000,I 20,I 20 and Sr 113,,Sideswipe-Same Direction,2,Clear,Dry,Daylight
2023-03-12T14:00:00.000,I 20,I 20 and Sr 113,,Angle Crash,2,Rain,Wet,Daylight
2023-10-07T10:45:00.000,I 20,I 20 and Sr 113,,Sideswipe-Same Direction,2,Clear,Dry,Daylight
2024-09-25T13:07:00.000,I 20,I 20 and Sr 113,,Rear End,2,(None),(None),(None)
2024-02-23T16:24:00.000,I 20,I 20 and Sr 113,,Rear End,2,Clear,Dry,Daylight
2024-03-01T06:10:00.000,I 20,I 20 and Sr 113,,Not a Collision with Motor Vehicle,1,Clear,Dry,Dark-Not Lighted
2024-06-06T16:45:00.000,I 20,I 20 and Sr 113,,Rear End,2,Clear,Dry,Daylight
2024-03-01T06:10:00.000,I 20,I 20 and Sr 113,,Not a Collision with Motor Vehicle,1,Clear,Dry,Dark-Not Lighted
2024-04-05T21:53:00.000,I 20,I 20 and Sr 113,,Angle Crash,2,Clear,Dry,Dark-Not Lighted
2021-12-14T17:59:00.000,I 20,I 20 and Sr 11,,Sideswipe-Same Direction,2,Clear,Dry,Dark-Not Lighted
2021-06-22T18:00:00.000,I 20,I 20 and Sr 11,,Sideswipe-Same Direction,2,Clear,Dry,Daylight
2021-11-09T02:00:00.000,I 20,I 20 and Sr 11,,Not a Collision with Motor Vehicle,1,Clear,Dry,Dark-Not Lighted
2021-12-22T21:27:00.000,I 20,I 20 and Sr 11,,Not a Collision with Motor Vehicle,1,Clear,Dry,Dark-Not Lighted
2021-07-10T11:52:00.000,I 20,I 20 and Sr 11,,Rear End,2,Clear,Dry,Daylight
2023-09-05T14:45:00.000,I 20,I 20 and Sr 11,,Not a Collision with Motor Vehicle,1,Clear,Dry,Daylight
2023-03-27T08:32:00.000,I 20,I 20 and Sr 11,,Not a Collision with Motor Vehicle,1,Rain,Wet,Daylight
2023-04-12T04:58:00.000,I 20,I 20 and Sr 11,,Sideswipe-Same Direction,2,Clear,Dry,Dark-Not Lighted
2023-04-02T15:35:00.000,I 20,I 20 and Sr 11,,Not a Collision with Motor Vehicle,1,Clear,Dry,Daylight
2023-10-08T23:52:00.000,I 20,I 20 and Sr 11,,Sideswipe-Same Direction,2,Clear,Dry,Dark-Not Lighted
2023-05-01T16:11:00.000,I 20,I 20 and Sr 11,,Rear End,2,Clear,Dry,Daylight
2023-08-22T20:20:00.000,I 20,I 20 and Sr 11,,Not a Collision with Motor Vehicle,2,Clear,Dry,Daylight
2023-10-19T15:38:00.000,I 20,I 20 and Sr 11,,Angle Crash,2,Clear,Dry,Daylight
2023-03-24T16:18:00.000,I 20,I 20 and Sr 11,,Rear End,2,Clear,Dry,Daylight
2023-02-14T18:30:00.000,I 20,I 20 and Sr 11,,Not a Collision with Motor Vehicle,1,Clear,Dry,Dusk
2023-12-10T12:00:00.000,I 20,I 20 and Sr 11,,Sideswipe-Same Direction,2,Cloudy,Wet,Daylight
2023-11-22T19:10:00.000,I 20,I 20 and Sr 11,,Not a Collision with Motor Vehicle,1,Cloudy,Dry,Dark-Not Lighted
2023-04-15T22:39:00.000,I 20,I 20 and Sr 11,,Sideswipe-Same Direction,2,Clear,Dry,Dark-Not Lighted
2023-02-15T07:00:00.000,I 20,I 20 and Sr 11,,Rear End,2,Clear,Dry,Daylight
2023-08-15T05:24:00.000,I 20,I 20 and Sr 11,,Sideswipe-Same Direction,2,Clear,Dry,Dark-Not Lighted
2023-03-22T00:57:00.000,I 20,I 20 and Sr 11,,Not a Collision with Motor Vehicle,1,Clear,Dry,Dark-Not Lighted
2022-07-01T16:45:00.000,I 20,I 20 and Sr 11,,Rear End,2,Clear,Dry,Daylight
2022-01-02T12:29:00.000,I 20,I 20 and Sr 11,,Rear End,2,Rain,Wet,Daylight
2022-04-04T06:06:00.000,I 20,I 20 and Sr 11,,Sideswipe-Same Direction,2,Clear,Dry,Dark-Lighted
2020-03-25T07:45:00.000,I 20,I 20 and Sr 11,,Angle Crash,2,Cloudy,Wet,Daylight
2020-06-12T14:12:00.000,I 20,I 20 and Sr 11,,Not a Collision with Motor Vehicle,1,Clear,Dry,Daylight
2021-06-07T20:13:00.000,I 20,I 20 and Sr 11,,Not a Collision with Motor Vehicle,1,Clear,Dry,Daylight
2021-06-24T17:28:00.000,I 20,I 20 and Sr 11,,Rear End,2,Clear,Dry,Daylight
2021-09-23T17:32:00.000,I 20,I 20 and Sr 11,,Rear End,2,Clear,Dry,Daylight
2021-11-24T11:05:00.000,I 20,I 20 and Sr 11,,Rear End,2,Clear,Dry,Daylight
2021-11-24T13:47:00.000,I 20,I 20 and Sr 11,,Rear End,2,Clear,Dry,Daylight
2021-11-30T23:39:00.000,I 20,I 20 and Sr 11,,Not a Collision with Motor Vehicle,1,Clear,Dry,Dark-Not Lighted
2021-11-30T13:03:00.000,I 20,I 20 and Sr 11,,Sideswipe-Same Direction,2,Clear,Dry,Daylight
2021-11-25T13:02:00.000,I 20,I 20 and Sr 11,,Rear End,2,Clear,Dry,Daylight
2021-12-20T23:25:00.000,I 20,I 20 and Sr 11,,Angle Crash,1,Cloudy,Dry,Dark-Not Lighted
2022-01-28T05:59:00.000,I 20,I 20 and Sr 11,,Not a Collision with Motor Vehicle,1,Clear,Dry,Dark-Not Lighted
2022-11-17T13:28:00.000,I 20,I 20 and Sr 11,,Sideswipe-Same Direction,2,Clear,Dry,Daylight
2021-08-15T16:50:00.000,I 20,I 20 and Sr 11,,Not a Collision with Motor Vehicle,1,Clear,Dry,Daylight
2022-07-12T12:49:00.000,I 20,I 20 and Sr 11,,Not a Collision with Motor Vehicle,1,Clear,Dry,Daylight
2022-05-15T15:45:00.000,I 20,I 20 and Sr 11,,Not a Collision with Motor Vehicle,1,Clear,Dry,Daylight
2022-04-05T10:41:00.000,I 20,I 20 and Sr 11,,Not a Collision with Motor Vehicle,1,Rain,Wet,Daylight
2022-05-26T16:05:00.000,I 20,I 20 and Sr 11,,Rear End,2,Rain,Wet,Daylight
2022-05-20T18:15:00.000,I 20,I 20 and Sr 11,,Rear End,2,Clear,Dry,Daylight
2022-08-12T14:55:00.000,I 20,I 20 and Sr 11,,Rear End,2,Clear,Dry,Daylight
2022-01-21T07:33:00.000,I 20,I 20 and Sr 11,,Not a Collision with Motor Vehicle,1,Rain,Wet,Dawn
2022-08-02T13:25:00.000,I 20,I 20 and Sr 11,,Sideswipe-Same Direction,2,Clear,Dry,Daylight
2022-10-28T20:30:00.000,I 20,I 20 and Sr 11,,Rear End,2,Clear,Dry,Dark-Not Lighted
2022-05-26T16:30:00.000,I 20,I 20 and Sr 11,,Angle Crash,2,Rain,Wet,Daylight
2022-07-07T06:26:00.000,I 20,I 20 and Sr 11,,Not a Collision with Motor Vehicle,1,Clear,Dry,Daylight
2022-03-31T15:00:00.000,I 20,I 20 and Sr 11,,Sideswipe-Same Direction,2,Clear,Dry,Daylight
2022-10-05T23:30:00.000,I 20,I 20 and Sr 11,,Not a Collision with Motor Vehicle,1,Clear,Dry,Dark-Lighted
2022-04-28T09:52:00.000,I 20,I 20 and Sr 11,,Rear End,3,Clear,Dry,Daylight
2022-08-26T15:13:00.000,I 20,I 20 and Sr 11,,Sideswipe-Same Direction,2,Clear,Dry,Daylight
2022-02-12T08:22:00.000,I 20,I 20 and Sr 11,,Angle Crash,2,Clear,Dry,Daylight
2022-09-21T10:45:00.000,I 20,I 20 and Sr 11,,Not a Collision with Motor Vehicle,1,Clear,Dry,Daylight
2022-07-13T17:08:00.000,I 20,I 20 and Sr 11,,Sideswipe-Same Direction,2,Rain,Water (standing or moving),Daylight
2022-06-12T02:00:00.000,I 20,I 20 and Sr 11,,Head On,1,Clear,Dry,Dark-Not Lighted
2022-05-16T01:33:00.000,I 20,I 20 and Sr 11,,Not a Collision with Motor Vehicle,1,Clear,Dry,Dark-Not Lighted
2022-09-24T07:38:00.000,I 20,I 20 and Sr 11,,Rear End,2,Clear,Dry,Daylight
2022-01-01T11:43:00.000,I 20,I 20 and Sr 11,,Not a Collision with Motor Vehicle,1,Rain,Wet,Daylight
2022-10-28T20:16:00.000,I 20,I 20 and Sr 11,,Rear End,2,Clear,Dry,Dark-Not Lighted
2022-05-10T13:35:00.000,I 20,I 20 and Sr 11,,Angle Crash,2,Clear,Dry,Daylight
2022-04-09T20:39:00.000,I 20,I 20 and Sr 11,,Not a Collision with Motor Vehicle,1,Clear,Dry,Dark-Lighted
2022-03-12T00:19:00.000,I 20,I 20 and Sr 11,,Rear End,3,Rain,Wet,Dark-Not Lighted
2022-10-01T07:28:00.000,I 20,I 20 and Sr 11,,Not a Collision with Motor Vehicle,1,Clear,Dry,Daylight
2022-01-09T20:43:00.000,I 20,I 20 and Sr 11,,Angle Crash,2,Rain,Wet,Dark-Not Lighted
2022-07-12T06:30:00.000,I 20,I 20 and Sr 11,,Sideswipe-Same Direction,2,Cloudy,Dry,Daylight
2022-10-27T17:13:00.000,I 20,I 20 and Sr 11,,Rear End,2,Clear,Dry,Daylight
2022-07-22T17:30:00.000,I 20,I 20 and Sr 11,,Sideswipe-Same Direction,2,Clear,Dry,Daylight
2022-05-20T18:45:00.000,I 20,I 20 and Sr 11,,Rear End,2,Clear,Dry,Daylight
2023-02-20T10:10:00.000,I 20,I 20 and Sr 11,,Not a Collision with Motor Vehicle,1,Clear,Dry,Daylight
2023-05-26T00:23:00.000,I 20,I 20 and Sr 11,,Angle Crash,3,Clear,Dry,Dark-Not Lighted
2024-04-23T15:22:00.000,I 20,I 20 and Sr 11,,Angle Crash,2,Cloudy,Dry,Daylight
2024-06-23T08:15:00.000,I 20,I 20 and Sr 11,,Not a Collision with Motor Vehicle,1,Clear,Dry,Daylight
2024-09-26T14:17:00.000,I 20,I 20 and Sr 11,,Rear End,2,Rain,Wet,Dawn
2024-05-01T09:03:00.000,I 20,I 20 and Sr 11,,Angle Crash,2,Clear,Dry,Daylight
2024-11-26T18:36:00.000,I 20,I 20 and Sr 11,,Rear End,2,Clear,Dry,Dark-Lighted
2024-09-26T14:22:00.000,I 20,I 20 and Sr 11,,Not a Collision with Motor Vehicle,1,Rain,Wet,Daylight
2024-03-29T19:25:00.000,I 20,I 20 and Sr 11,,Rear End,2,Clear,Dry,Daylight
2023-11-26T14:10:00.000,I 20,I 20 and Sr 11,,Rear End,2,Clear,Dry,Daylight
2023-07-26T17:09:00.000,I 20,I 20 and Sr 11,,Rear End,2,Clear,Dry,Daylight
2024-03-31T17:04:00.000,I 20,I 20 and Sr 11,,Not a Collision with Motor Vehicle,3,Clear,Dry,Daylight
2024-11-15T02:45:00.000,I 20,I 20 and Sr 11,,Not a Collision with Motor Vehicle,1,Clear,Wet,Dark-Not Lighted
2023-02-08T17:31:00.000,I 20,I 20 and Sr 11,,Rear End,2,Clear,Dry,Daylight
2023-07-07T14:47:00.000,I 20,I 20 and Sr 11,,Rear End,2,Clear,Dry,Daylight
2023-04-21T14:30:00.000,I 20,I 20 and Sr 11,,Angle Crash,2,Clear,Dry,Daylight
2023-08-23T14:21:00.000,I 20,I 20 and Sr 11,,Rear End,2,Clear,Dry,Daylight
2023-12-10T07:29:00.000,I 20,I 20 and Sr 11,,Angle Crash,2,Rain,Wet,Daylight
2023-03-17T18:54:00.000,I 20,I 20 and Sr 11,,Rear End,2,Clear,Dry,Dawn