Date and Time,Roadway (From Crash Report),Intersection Name (from Crash Report),KABCO Severity,Manner of Collision (Crash Level) ,# of Vehicles per crash ,Weather Conditions (Crash Level),Surface Condition (Crash Level) ,Light Conditions (Crash Level)
2023-10-24T17:05:00.000,I 20,I 20 and Sr 11,,Not a Collision with Motor Vehicle,2,Cloudy,Dry,Daylight
2023-12-10T20:40:00.000,I 20,I 20 and Sr 11,,Rear End,3,Cloudy,Wet,Dark-Not Lighted
2023-05-27T05:38:00.000,I 20,I 20 and Sr 11,,Rear End,2,Clear,Dry,Dark-Not Lighted
2023-01-27T18:24:00.000,I 20,I 20 and Sr 11,,Rear End,2,Clear,Dry,Daylight
2023-04-01T12:12:00.000,I 20,I 20 and Sr 11,,Rear End,2,Clear,Dry,Daylight
2024-08-17T03:25:00.000,I 20,I 20 and Sr 11,,Rear End,2,Clear,Wet,Dark-Not Lighted
2024-02-10T10:55:00.000,I 20,I 20 and Sr 11,,Not a Collision with Motor Vehicle,1,Clear,Dry,Daylight
2024-03-17T18:20:00.000,I 20,I 20 and Sr 11,,Rear End,2,Clear,Wet,Daylight
2024-04-09T16:29:00.000,I 20,I 20 and Sr 11,,Not a Collision with Motor Vehicle,1,Cloudy,Dry,Daylight
2024-11-21T17:56:00.000,I 20,I 20 and Sr 11,,Rear End,3,Clear,Dry,Dawn
2024-11-01T19:40:00.000,I 20,I 20 and Sr 11,,Rear End,2,Clear,Dry,Dark-Not Lighted
2024-12-12T17:50:00.000,I 20,I 20 and Sr 11,,Rear End,2,Clear,Dry,Dark-Not Lighted
2024-08-24T17:20:00.000,I 20,I 20 and Sr 11,,Rear End,3,Clear,Dry,Daylight
2024-06-16T18:26:00.000,I 20,I 20 and Sr 11,,Not a Collision with Motor Vehicle,1,Clear,Dry,Daylight
2024-08-21T06:59:00.000,I 20,I 20 and Sr 11,,Sideswipe-Same Direction,2,Clear,Dry,Daylight
2024-11-07T03:02:00.000,I 20,I 20 and Sr 11,,Not a Collision with Motor Vehicle,1,Clear,Dry,Dark-Lighted
2024-10-27T19:20:00.000,I 20,I 20 and Sr 11,,Not a Collision with Motor Vehicle,1,Clear,Dry,Dark-Not Lighted
2024-07-18T09:49:00.000,I 20,I 20 and Sr 11,,Angle Crash,2,Clear,Dry,Daylight
2024-12-06T18:14:00.000,I 20,I 20 and Sr 11,,Sideswipe-Same Direction,2,Clear,Dry,Dark-Not Lighted
2024-05-05T05:22:00.000,I 20,I 20 and Sr 11,,Not a Collision with Motor Vehicle,1,Rain,Wet,Dark-Not Lighted
2024-06-30T17:14:00.000,I 20,I 20 and Sr 11,,Sideswipe-Same Direction,2,Clear,Dry,Daylight
2024-11-07T02:37:00.000,I 20,I 20 and Sr 11,,Not a Collision with Motor Vehicle,1,Clear,Dry,Dark-Lighted
2024-03-08T17:10:00.000,I 20,I 20 and Sr 11,,Rear End,2,Cloudy,Dry,Daylight
2024-04-01T06:54:00.000,I 20,I 20 and Sr 11,,Angle Crash,4,Clear,Dry,Dark-Not Lighted
2024-05-24T00:17:00.000,I 20,I 20 and Sr 11,,Rear End,2,Clear,Dry,Dark-Not Lighted
2024-11-12T17:00:00.000,I 20,I 20 and Sr 11,,Sideswipe-Same Direction,2,Clear,Dry,Daylight
2024-10-27T18:17:00.000,I 20,I 20 and Sr 11,,Rear End,2,Clear,Dry,Daylight
2020-05-05T18:19:00.000,I 20,I 20 and Sr 101,,Rear End,2,Cloudy,Dry,Daylight
2023-10-10T01:21:00.000,I 20,I 20 and Sr 100,,Sideswipe-Same Direction,2,Clear,Dry,Dark-Not Lighted
2020-02-25T20:12:00.000,I 20,I 20 and Sr 100,,Not a Collision with Motor Vehicle,1,Cloudy,Dry,Dark-Not Lighted
2020-02-22T20:08:00.000,I 20,I 20 and Sr 100,,Sideswipe-Same Direction,2,Clear,Dry,Dark-Not Lighted
2022-07-19T04:57:00.000,I 20,I 20 and Sr 100,,Angle Crash,2,Rain,Wet,Dark-Not Lighted
2022-05-10T00:00:00.000,I 20,I 20 and Sr 100,,Rear End,2,Clear,Dry,Daylight
2023-08-17T03:55:00.000,I 20,I 20 and Sr 100,,Not a Collision with Motor Vehicle,1,Clear,Dry,Dark-Not Lighted
2024-09-12T10:55:00.000,I 20,I 20 and Sr 100,,Not a Collision with Motor Vehicle,1,Rain,Wet,Daylight
2024-03-08T21:45:00.000,I 20,I 20 and Sr 100,,Not a Collision with Motor Vehicle,1,Rain,Wet,Dark-Not Lighted
2024-07-31T15:40:00.000,I 20,I 20 and Sr 100,,Rear End,2,Clear,Dry,Daylight
2021-06-20T08:38:00.000,I 20,I 20 and Sr 10,,Not a Collision with Motor Vehicle,1,Rain,Wet,Daylight
2021-01-26T08:09:00.000,I 20,I 20 and Sr 10,,Not a Collision with Motor Vehicle,1,Rain,Wet,Daylight
2023-12-11T13:14:00.000,I 20,I 20 and Sr 10,,Rear End,2,Clear,Dry,Daylight
2023-04-17T11:30:00.000,I 20,I 20 and Sr 10,,Rear End,2,Clear,Dry,Daylight
2020-10-09T17:30:00.000,I 20,I 20 and Sr 10,,Rear End,2,Cloudy,Dry,Daylight
2020-08-15T12:31:00.000,I 20,I 20 and Sr 10,,Sideswipe-Same Direction,2,Clear,Dry,Daylight
2020-10-09T14:03:00.000,I 20,I 20 and Sr 10,,Angle Crash,2,Cloudy,Dry,Daylight
2021-06-05T00:00:00.000,I 20,I 20 and Sr 10,,Rear End,2,Cloudy,Dry,Daylight
2023-06-16T16:43:00.000,I 20,I 20 and Springrun Dr,,Sideswipe-Same Direction,2,Clear,Dry,Daylight
2022-02-19T14:30:00.000,I 20,I 20 and Springrun Dr,,Rear End,2,Clear,Dry,Daylight
2024-06-17T15:16:00.000,I 20,I 20 and Spears Rd,,Sideswipe-Same Direction,2,Clear,Dry,Daylight
2021-12-12T07:26:00.000,I 20,I 20 and Sparta Rd.,,Not a Collision with Motor Vehicle,1,Rain,Wet,Daylight
2023-08-10T11:52:00.000,I 20,I 20 and Sparta Rd.,,Not a Collision with Motor Vehicle,1,Rain,Wet,Daylight
2023-11-11T09:52:00.000,I 20,I 20 and Sparta Rd.,,Not a Collision with Motor Vehicle,1,Rain,Wet,Daylight
2023-05-22T15:01:00.000,I 20,I 20 and Sparta Rd.,,Not a Collision with Motor Vehicle,1,Clear,Dry,Daylight
2023-05-10T13:00:00.000,I 20,I 20 and Sparta Rd.,,Head On,1,Clear,Dry,Daylight
2023-03-27T08:05:00.000,I 20,I 20 and Sparta Rd.,,Not a Collision with Motor Vehicle,1,Rain,Wet,Dusk
2023-09-08T19:24:00.000,I 20,I 20 and Sparta Rd.,,Not a Collision with Motor Vehicle,1,Rain,Wet,Daylight
2023-11-11T12:00:00.000,I 20,I 20 and Sparta Rd.,,Sideswipe-Same Direction,2,Rain,Wet,Daylight
2022-05-18T07:45:00.000,I 20,I 20 and Sparta Rd.,,Head On,1,Clear,Dry,Daylight
2022-08-02T14:30:00.000,I 20,I 20 and Sparta Rd.,,Not a Collision with Motor Vehicle,1,Clear,Dry,Daylight
2022-03-12T05:05:00.000,I 20,I 20 and Sparta Rd.,,Not a Collision with Motor Vehicle,1,Cloudy,Wet,Dark-Not Lighted
2022-11-11T07:01:00.000,I 20,I 20 and Sparta Rd.,,Head On,1,Rain,Wet,Dawn
2022-05-23T10:25:00.000,I 20,I 20 and Sparta Rd.,,Sideswipe-Same Direction,1,Rain,Wet,Daylight
2022-03-14T08:50:00.000,I 20,I 20 and Sparta Rd.,,Not a Collision with Motor Vehicle,1,Clear,Dry,Daylight
2022-05-23T11:22:00.000,I 20,I 20 and Sparta Rd.,,Head On,1,Rain,Wet,Daylight
2022-11-27T17:17:00.000,I 20,I 20 and Sparta Rd.,,Rear End,2,Clear,Dry,Daylight
2024-07-02T05:34:00.000,I 20,I 20 and Sparta Rd.,,Sideswipe-Same Direction,1,Clear,Dry,Dark-Not Lighted
2024-02-13T07:05:00.000,I 20,I 20 and Sparta Rd.,,Not a Collision with Motor Vehicle,1,Rain,Wet,Dark-Not Lighted
2023-11-07T06:00:00.000,I 20,I 20 and Sparta Rd.,,Not a Collision with Motor Vehicle,1,Clear,Dry,Dusk
2023-01-25T09:39:00.000,I 20,I 20 and Sparta Rd.,,Not a Collision with Motor Vehicle,1,Rain,Wet,Daylight
2024-10-21T14:05:00.000,I 20,I 20 and Sparta Rd.,,(None),1,(None),(None),(None)
2024-02-09T04:19:00.000,I 20,I 20 and Sparta Rd.,,Sideswipe-Same Direction,1,Clear,Dry,Dark-Not Lighted
2024-12-08T14:16:00.000,I 20,I 20 and Sparta Rd.,,Rear End,2,Clear,Dry,Daylight
2024-05-23T21:35:00.000,I 20,I 20 and Sparta Rd.,,Sideswipe-Same Direction,2,Clear,Dry,Daylight
2021-05-25T12:18:00.000,I 20,I 20 and Sparta Rd,,Not a Collision with Motor Vehicle,1,Clear,Dry,Daylight
2021-03-28T14:30:00.000,I 20,I 20 and Sparta Rd,,Rear End,2,Rain,Wet,Daylight
2021-04-27T11:05:00.000,I 20,I 20 and Sparta Rd,,Head On,1,Clear,Dry,Daylight
2021-03-26T15:48:00.000,I 20,I 20 and Sparta Rd,,Not a Collision with Motor Vehicle,1,Rain,Wet,Daylight
2021-05-10T14:45:00.000,I 20,I 20 and Social Circle Rd,,Not a Collision with Motor Vehicle,1,Clear,Dry,Daylight
2023-09-29T18:35:00.000,I 20,I 20 and Social Circle Rd,,Not a Collision with Motor Vehicle,1,Clear,Dry,Daylight
2022-09-11T17:20:00.000,I 20,I 20 and Social Circle Rd,,Not a Collision with Motor Vehicle,1,Clear,Dry,Daylight
2022-03-11T06:29:00.000,I 20,I 20 and Social Circle Rd,,Not a Collision with Motor Vehicle,1,Rain,Wet,Dark-Not Lighted
2022-05-27T17:47:00.000,I 20,I 20 and Social Circle Rd,,Rear End,2,Clear,Dry,Daylight
2021-09-25T12:00:00.000,I 20,I 20 and Social Circle Rd,,Sideswipe-Same Direction,2,Clear,Dry,Daylight
2022-05-27T16:11:00.000,I 20,I 20 and Social Circle Rd,,Head On,2,Clear,Dry,Daylight
2022-06-03T13:37:00.000,I 20,I 20 and Social Circle Rd,,Rear End,2,Clear,Dry,Daylight
2022-02-03T17:35:00.000,I 20,I 20 and Social Circle Rd,,Sideswipe-Same Direction,2,Clear,Dry,Daylight
2022-09-16T19:15:00.000,I 20,I 20 and Social Circle Rd,,Rear End,2,Clear,Dry,Dark-Lighted
2023-07-26T08:29:00.000,I 20,I 20 and Social Circle Rd,,Rear End,2,Clear,Dry,Daylight
2024-03-05T12:54:00.000,I 20,I 20 and Social Circle Rd,,Rear End,2,Rain,Wet,Daylight
2024-04-17T23:15:00.000,I 20,I 20 and Social Circle Rd,,Not a Collision with Motor Vehicle,1,Rain,Wet,Dark-Not Lighted
2020-02-21T20:50:00.000,I 20,I 20 and Social Circle Pkwy,,Not a Collision with Motor Vehicle,1,Clear,Dry,Dark-Not Lighted
2021-01-22T07:40:00.000,I 20,I 20 and Snapfinger Woods Dr,,Rear End,3,Clear,Dry,Dusk
2021-05-02T18:50:00.000,I 20,I 20 and Snapfinger Woods Dr,,Angle Crash,4,Clear,Dry,Daylight
2021-07-31T17:36:00.000,I 20,I 20 and Snapfinger Woods Dr,,Not a Collision with Motor Vehicle,1,Clear,Dry,Daylight
2021-04-14T18:20:00.000,I 20,I 20 and Snapfinger Woods Dr,,Rear End,2,Clear,Dry,Daylight
2021-06-21T21:56:00.000,I 20,I 20 and Snapfinger Woods Dr,,Not a Collision with Motor Vehicle,1,Cloudy,Wet,Dark-Not Lighted
2021-08-25T15:34:00.000,I 20,I 20 and Snapfinger Woods Dr,,Sideswipe-Same Direction,2,Clear,Dry,Daylight
2023-10-03T10:00:00.000,I 20,I 20 and Snapfinger Woods Dr,,Not a Collision with Motor Vehicle,2,Clear,Dry,Daylight
2023-06-14T10:30:00.000,I 20,I 20 and Snapfinger Woods Dr,,Rear End,2,Rain,Wet,Daylight
2023-05-16T13:15:00.000,I 20,I 20 and Snapfinger Woods Dr,,Rear End,2,Clear,Dry,Daylight
2022-11-24T19:30:00.000,I 20,I 20 and Snapfinger Woods Dr,,Rear End,2,Clear,Dry,Dark-Not Lighted
2020-03-20T22:30:00.000,I 20,I 20 and Snapfinger Woods Dr,,Not a Collision with Motor Vehicle,2,Clear,Dry,Dark-Lighted
2020-11-06T10:00:00.000,I 20,I 20 and Snapfinger Woods Dr,,Rear End,2,Clear,Dry,Daylight
2020-07-22T16:38:00.000,I 20,I 20 and Snapfinger Woods Dr,,Rear End,2,Clear,Dry,Daylight
2020-09-16T05:08:00.000,I 20,I 20 and Snapfinger Woods Dr,,Sideswipe-Same Direction,2,Clear,Dry,Dark-Lighted
2021-05-29T13:30:00.000,I 20,I 20 and Snapfinger Woods Dr,,Rear End,2,Clear,Dry,Daylight
2021-07-28T18:43:00.000,I 20,I 20 and Snapfinger Woods Dr,,Sideswipe-Same Direction,2,Clear,Dry,Daylight
2022-01-30T18:57:00.000,I 20,I 20 and Snapfinger Woods Dr,,Sideswipe-Same Direction,2,Clear,Dry,Daylight
2022-04-03T23:22:00.000,I 20,I 20 and Snapfinger Woods Dr,,Rear End,2,Clear,Dry,Dark-Not Lighted
2022-03-19T03:53:00.000,I 20,I 20 and Snapfinger Woods Dr,,Rear End,2,Rain,Wet,Dark-Not Lighted
2022-10-07T23:35:00.000,I 20,I 20 and Snapfinger Woods Dr,,Rear End,2,Clear,Dry,Dark-Not Lighted
2022-10-08T18:15:00.000,I 20,I 20 and Snapfinger Woods Dr,,Rear End,2,Clear,Dry,Daylight
2022-07-30T04:50:00.000,I 20,I 20 and Snapfinger Woods Dr,,Rear End,6,Clear,Dry,Dark-Lighted
2022-04-15T09:20:00.000,I 20,I 20 and Snapfinger Woods Dr,,Rear End,2,Clear,Dry,Daylight
2022-05-05T17:52:00.000,I 20,I 20 and Snapfinger Woods Dr,,Sideswipe-Same Direction,2,Clear,Dry,Daylight
2022-08-19T16:30:00.000,I 20,I 20 and Snapfinger Woods Dr,,Rear End,2,Rain,Wet,Daylight
2022-01-12T15:50:00.000,I 20,I 20 and Snapfinger Woods Dr,,Rear End,2,Clear,Dry,Daylight
2022-08-08T08:25:00.000,I 20,I 20 and Snapfinger Woods Dr,,Rear End,2,Clear,Dry,Daylight
2022-05-11T21:07:00.000,I 20,I 20 and Snapfinger Woods Dr,,Sideswipe-Same Direction,2,Clear,Dry,Dark-Lighted
2023-06-14T09:45:00.000,I 20,I 20 and Snapfinger Woods Dr,,Rear End,2,Rain,Wet,Daylight
2024-08-12T07:29:00.000,I 20,I 20 and Snapfinger Woods Dr,,Rear End,2,Clear,Dry,Daylight
2024-11-15T17:21:00.000,I 20,I 20 and Snapfinger Woods Dr,,Rear End,2,Clear,Dry,Dark-Not Lighted
2024-03-01T18:00:00.000,I 20,I 20 and Snapfinger Woods Dr,,Angle Crash,2,Clear,Dry,Dark-Lighted
2023-02-10T13:00:00.000,I 20,I 20 and Snapfinger Woods Dr,,Rear End,2,Cloudy,Dry,Daylight
2023-12-21T16:45:00.000,I 20,I 20 and Snapfinger Woods Dr,,Rear End,2,Clear,Dry,Dark-Lighted
2023-10-24T15:30:00.000,I 20,I 20 and Snapfinger Woods Dr,,Rear End,2,Clear,Dry,Daylight
2023-03-30T14:00:00.000,I 20,I 20 and Snapfinger Woods Dr,,Rear End,2,Clear,Dry,Daylight
2024-09-11T09:40:00.000,I 20,I 20 and Snapfinger Woods Dr,,Rear End,2,Clear,Dry,Daylight
2024-08-28T17:03:00.000,I 20,I 20 and Snapfinger Woods Dr,,Rear End,2,Clear,Dry,Daylight
2024-08-06T14:30:00.000,I 20,I 20 and Snapfinger Woods Dr,,Rear End,3,Clear,Dry,Daylight
2024-02-04T01:00:00.000,I 20,I 20 and Snapfinger Woods Dr,,Sideswipe-Same Direction,2,Clear,Dry,Dark-Lighted
2024-12-01T12:53:00.000,I 20,I 20 and Snapfinger Woods Dr,,Rear End,3,Clear,Dry,Daylight
2024-10-13T11:05:00.000,I 20,I 20 and Snapfinger Woods Dr,,Sideswipe-Same Direction,2,Clear,Dry,Daylight
2024-04-28T00:50:00.000,I 20,I 20 and Snapfinger Woods Dr,,Rear End,3,Clear,Dry,Dark-Not Lighted
2024-09-05T05:50:00.000,I 20,I 20 and Snapfinger Woods Dr,,Sideswipe-Same Direction,2,Clear,Dry,Dark-Not Lighted
2024-11-10T19:06:00.000,I 20,I 20 and Snapfinger Woods Dr,,Angle Crash,5,Cloudy,Dry,Dark-Not Lighted
2024-07-30T15:40:00.000,I 20,I 20 and Snapfinger Woods Dr,,Rear End,2,Clear,Dry,Daylight
2024-03-07T10:00:00.000,I 20,I 20 and Snapfinger Woods Dr,,Rear End,2,Clear,Dry,Daylight
2024-10-06T06:38:00.000,I 20,I 20 and Snapfinger Woods Dr,,Rear End,2,Clear,Dry,Dark-Not Lighted
2024-12-01T14:11:00.000,I 20,I 20 and Snapfinger Woods Dr,,Rear End,2,Clear,Dry,Daylight
2024-07-02T09:12:00.000,I 20,I 20 and Snapfinger Woods Dr,,Rear End,2,Clear,Dry,Daylight
2024-12-01T13:50:00.000,I 20,I 20 and Snapfinger Woods Dr,,Rear End,3,Clear,Dry,Daylight
2024-02-08T13:40:00.000,I 20,I 20 and Snapfinger Woods Dr,,Rear End,2,Clear,Dry,Daylight
2024-10-13T10:30:00.000,I 20,I 20 and Snapfinger Woods Dr,,Rear End,2,Clear,Dry,Daylight
2024-12-26T14:50:00.000,I 20,I 20 and Snapfinger Woods Dr,,Sideswipe-Same Direction,2,Clear,Dry,Daylight
2024-11-18T11:08:00.000,I 20,I 20 and Snapfinger Woods Dr,,Rear End,2,Clear,Dry,Daylight
2022-05-05T17:08:00.000,I 20,I 20 and Snapfinger Rd,,Rear End,2,Clear,Dry,Daylight
2022-03-19T04:48:00.000,I 20,I 20 and Snapfinger Rd,,Sideswipe-Same Direction,2,Clear,Dry,Dark-Lighted
2022-05-18T17:38:00.000,I 20,I 20 and Snapfinger Rd,,Sideswipe-Same Direction,2,Clear,Dry,Daylight
2022-05-11T17:28:00.000,I 20,I 20 and Snapfinger Rd,,Rear End,3,Clear,Dry,Daylight
2022-03-17T16:50:00.000,I 20,I 20 and Snapfinger Rd,,Sideswipe-Same Direction,2,Clear,Dry,Daylight
2024-11-23T17:06:00.000,I 20,I 20 and Snapfinger Rd,,Sideswipe-Same Direction,2,Clear,Dry,Daylight
2023-06-05T04:40:00.000,I 20,I 20 and Snapfinger Rd,,Not a Collision with Motor Vehicle,1,Clear,Dry,Dark-Not Lighted
2024-03-10T19:00:00.000,I 20,I 20 and Snapfinger Rd,,Not a Collision with Motor Vehicle,2,Clear,Dry,Daylight
2024-10-13T23:20:00.000,I 20,I 20 and Snapfinger Rd,,Rear End,2,Clear,Dry,Dark-Not Lighted
2023-05-26T08:45:00.000,I 20,I 20 and Snapfinger Pkwy,,Rear End,2,Clear,Dry,Daylight
2021-08-29T19:44:00.000,I 20,I 20 and Snapfinger Pkwy,,Rear End,2,Clear,Dry,Dusk
2024-05-20T10:07:00.000,I 20,I 20 and Snapfinger Pkwy,,Rear End,2,Clear,Dry,Daylight
2024-05-21T00:00:00.000,I 20,I 20 and Snapfinger Pkwy,,Rear End,2,Clear,Dry,Daylight
2023-02-10T06:15:00.000,I 20,I 20 and Snapfinger Pkwy,,Rear End,2,Clear,Dry,Daylight
2023-11-14T13:05:00.000,I 20,I 20 and Snapfinger Park Dr,,Sideswipe-Same Direction,2,Clear,Dry,Daylight
2021-09-19T00:00:00.000,I 20,I 20 and Snapfinger Park Dr,,Not a Collision with Motor Vehicle,1,Clear,Dry,Daylight
2022-05-27T20:42:00.000,I 20,I 20 and Snapfinger Park Dr,,Sideswipe-Same Direction,2,Clear,Dry,Dark-Lighted
2023-12-24T05:24:00.000,I 20,I 20 and Snapfinger Park Dr,,Rear End,2,Clear,Dry,Dark-Lighted
2024-10-10T09:10:00.000,I 20,I 20 and Snapfinger Park Dr,,Not a Collision with Motor Vehicle,1,Clear,Dry,Daylight
2024-05-14T03:40:00.000,I 20,I 20 and Snapfinger Mnr,,Not a Collision with Motor Vehicle,1,Rain,Wet,Dark-Not Lighted
2024-05-26T04:09:00.000,I 20,I 20 and Snapfinger Mnr,,Not a Collision with Motor Vehicle,1,Clear,Dry,Dark-Not Lighted
2021-11-01T23:51:00.000,I 20,I 20 and Smyrna Rd,,Rear End,2,Clear,Dry,Dark-Lighted
2021-01-10T04:38:00.000,I 20,I 20 and Smyrna Rd,,Angle Crash,2,Clear,Dry,Dark-Not Lighted
2024-11-12T20:10:00.000,I 20,I 20 and Skinner Mill Rd,,Sideswipe-Same Direction,2,Clear,Dry,Dusk
2021-11-04T19:29:00.000,I 20,I 20 and Sixflags Pkwy,,Rear End,2,Cloudy,Dry,Dark-Not Lighted
2023-10-11T14:59:00.000,I 20,I 20 and Sixflags Pkwy,,Rear End,2,Cloudy,Dry,Daylight
2020-01-24T07:20:00.000,I 20,I 20 and Sixflags Pkwy,,Rear End,2,Cloudy,Wet,Daylight
2021-11-23T15:24:00.000,I 20,I 20 and Sixflags Pkwy,,Rear End,4,Clear,Dry,Daylight
2023-09-19T07:30:00.000,I 20,I 20 and Sixflags Pkwy,,Sideswipe-Same Direction,2,Clear,Dry,Daylight
2024-10-03T18:08:00.000,I 20,I 20 and Sixflags Pkwy,,Angle Crash,2,Clear,Dry,Dusk
2024-10-13T17:28:00.000,I 20,I 20 and Sixflags Dr,,Rear End,2,Clear,Dry,Daylight
2021-01-29T07:20:00.000,I 20,I 20 and Six Flags Rd,,Angle Crash,2,Clear,Dry,Daylight
2021-12-15T09:37:00.000,I 20,I 20 and Six Flags Rd,,Rear End,2,Cloudy,Dry,Daylight
2021-08-03T07:20:00.000,I 20,I 20 and Six Flags Rd,,Rear End,2,Cloudy,Dry,Daylight
2021-06-04T23:00:00.000,I 20,I 20 and Six Flags Rd,,Sideswipe-Same Direction,2,Cloudy,Dry,Dark-Not Lighted
2021-09-17T16:20:00.000,I 20,I 20 and Six Flags Rd,,Rear End,3,Cloudy,Dry,Daylight
2023-03-10T07:10:00.000,I 20,I 20 and Six Flags Rd,,Angle Crash,2,Rain,Wet,Daylight
2023-06-04T14:00:00.000,I 20,I 20 and Six Flags Rd,,Rear End,2,Clear,Dry,Daylight
2023-03-10T07:10:00.000,I 20,I 20 and Six Flags Rd,,Angle Crash,2,Rain,Wet,Daylight
2023-11-10T18:50:00.000,I 20,I 20 and Six Flags Rd,,Rear End,3,Cloudy,Dry,Dark-Lighted
2021-09-03T21:25:00.000,I 20,I 20 and Six Flags Rd,,Angle Crash,2,Cloudy,Dry,Dark-Lighted
2021-08-27T18:26:00.000,I 20,I 20 and Six Flags Rd,,Rear End,3,Cloudy,Dry,Daylight
2022-05-07T16:05:00.000,I 20,I 20 and Six Flags Rd,,Angle Crash,2,Cloudy,Dry,Daylight
2022-05-29T08:30:00.000,I 20,I 20 and Six Flags Rd,,Sideswipe-Same Direction,2,Clear,Dry,Daylight
2022-04-26T11:23:00.000,I 20,I 20 and Six Flags Rd,,Rear End,2,Cloudy,Wet,Daylight
2022-03-19T17:45:00.000,I 20,I 20 and Six Flags Rd,,Angle Crash,2,Clear,Dry,Daylight
2022-01-06T07:02:00.000,I 20,I 20 and Six Flags Rd,,Rear End,2,Fog,Dry,Dark-Lighted
2022-01-06T07:02:00.000,I 20,I 20 and Six Flags Rd,,Rear End,2,Fog,Dry,Dark-Lighted
2023-08-09T06:24:00.000,I 20,I 20 and Six Flags Rd,,Rear End,3,Clear,Dry,Daylight
2023-03-24T20:50:00.000,I 20,I 20 and Six Flags Rd,,Angle Crash,2,Cloudy,Dry,Dark-Not Lighted
2024-01-29T03:00:00.000,I 20,I 20 and Six Flags Rd,,Angle Crash,2,Clear,Dry,Dark-Lighted
2024-05-02T08:27:00.000,I 20,I 20 and Six Flags Rd,,Sideswipe-Same Direction,2,Clear,Dry,Daylight
2021-07-17T13:45:00.000,I 20,I 20 and Six Flags Pwy,,Rear End,2,Clear,Dry,Daylight
2021-04-22T18:20:00.000,I 20,I 20 and Six Flags Pkwy,,Rear End,2,Clear,Dry,Daylight
2021-02-26T07:55:00.000,I 20,I 20 and Six Flags Pkwy,,Rear End,2,Rain,Wet,Daylight
2021-05-15T04:20:00.000,I 20,I 20 and Six Flags Pkwy,,Rear End,3,Clear,Dry,Dark-Lighted
2021-06-29T06:24:00.000,I 20,I 20 and Six Flags Pkwy,,Rear End,2,Clear,Dry,Daylight
2021-05-02T03:21:00.000,I 20,I 20 and Six Flags Pkwy,,Angle Crash,7,Clear,Dry,Dark-Not Lighted
2021-06-17T08:59:00.000,I 20,I 20 and Six Flags Pkwy,,Rear End,2,Clear,Dry,Daylight
2021-06-01T14:32:00.000,I 20,I 20 and Six Flags Pkwy,,Rear End,3,Clear,Dry,Daylight
2021-06-06T04:20:00.000,I 20,I 20 and Six Flags Pkwy,,Head On,2,Clear,Dry,Dark-Not Lighted
2021-06-25T10:26:00.000,I 20,I 20 and Six Flags Pkwy,,Rear End,2,Cloudy,Dry,Daylight
2021-03-27T13:21:00.000,I 20,I 20 and Six Flags Pkwy,,Rear End,4,Clear,Dry,Daylight
2021-06-29T07:02:00.000,I 20,I 20 and Six Flags Pkwy,,Sideswipe-Same Direction,2,Clear,Wet,Daylight
2021-05-02T03:15:00.000,I 20,I 20 and Six Flags Pkwy,,Rear End,2,Clear,Dry,Dark-Not Lighted
2021-01-12T10:02:00.000,I 20,I 20 and Six Flags Pkwy,,Sideswipe-Same Direction,2,Cloudy,Dry,Daylight
2021-01-22T06:30:00.000,I 20,I 20 and Six Flags Pkwy,,Rear End,3,Clear,Dry,Daylight
2021-06-24T14:58:00.000,I 20,I 20 and Six Flags Pkwy,,(None),2,(None),(None),(None)
2021-01-22T08:11:00.000,I 20,I 20 and Six Flags Pkwy,,Rear End,2,Clear,Dry,Dark-Not Lighted
2021-11-24T17:52:00.000,I 20,I 20 and Six Flags Pkwy,,Rear End,2,Clear,Dry,Dark-Lighted
2021-09-02T14:00:00.000,I 20,I 20 and Six Flags Pkwy,,Rear End,2,Clear,Dry,Daylight
2021-11-20T12:00:00.000,I 20,I 20 and Six Flags Pkwy,,Rear End,2,Clear,Dry,Daylight
2021-12-10T19:00:00.000,I 20,I 20 and Six Flags Pkwy,,Rear End,2,Cloudy,Wet,Dark-Not Lighted
2021-12-06T18:37:00.000,I 20,I 20 and Six Flags Pkwy,,Not a Collision with Motor Vehicle,1,Cloudy,Wet,Dark-Not Lighted
2021-07-16T13:35:00.000,I 20,I 20 and Six Flags Pkwy,,Rear End,2,Clear,Dry,Daylight
2021-09-07T15:50:00.000,I 20,I 20 and Six Flags Pkwy,,Rear End,3,Cloudy,Wet,Daylight
2021-08-06T11:48:00.000,I 20,I 20 and Six Flags Pkwy,,Sideswipe-Same Direction,2,Clear,Dry,Daylight
2021-11-28T13:43:00.000,I 20,I 20 and Six Flags Pkwy,,Rear End,4,Clear,Dry,Daylight
2021-12-14T12:26:00.000,I 20,I 20 and Six Flags Pkwy,,Not a Collision with Motor Vehicle,2,Clear,Dry,Daylight
2021-11-30T08:22:00.000,I 20,I 20 and Six Flags Pkwy,,Rear End,2,Clear,Dry,Daylight
2021-09-24T22:15:00.000,I 20,I 20 and Six Flags Pkwy,,Rear End,2,Clear,Dry,Dark-Lighted
2021-11-19T11:30:00.000,I 20,I 20 and Six Flags Pkwy,,Rear End,3,Clear,Dry,Daylight
2021-11-10T07:35:00.000,I 20,I 20 and Six Flags Pkwy,,Sideswipe-Same Direction,3,Clear,Dry,Daylight
2021-07-11T22:25:00.000,I 20,I 20 and Six Flags Pkwy,,Not a Collision with Motor Vehicle,1,Clear,Dry,Dark-Not Lighted
2021-05-23T19:00:00.000,I 20,I 20 and Six Flags Pkwy,,Not a Collision with Motor Vehicle,1,Clear,Dry,Daylight
2021-01-31T01:50:00.000,I 20,I 20 and Six Flags Pkwy,,Rear End,2,Cloudy,Dry,Dark-Not Lighted