Date and Time,Roadway (From Crash Report),Intersection Name (from Crash Report),KABCO Severity,Manner of Collision (Crash Level) ,# of Vehicles per crash ,Weather Conditions (Crash Level),Surface Condition (Crash Level) ,Light Conditions (Crash Level)
2021-06-12T18:59:00.000,I 20,I 20 and Six Flags Pkwy,,Rear End,2,Clear,Dry,Daylight
2021-03-10T06:30:00.000,I 20,I 20 and Six Flags Pkwy,,Rear End,2,Clear,Dry,Daylight
2021-04-18T00:56:00.000,I 20,I 20 and Six Flags Pkwy,,Sideswipe-Same Direction,2,Cloudy,Dry,Dark-Lighted
2021-03-24T17:35:00.000,I 20,I 20 and Six Flags Pkwy,,Sideswipe-Same Direction,2,Clear,Dry,Daylight
2021-03-12T08:07:00.000,I 20,I 20 and Six Flags Pkwy,,Rear End,2,Clear,Dry,Daylight
2021-05-07T13:45:00.000,I 20,I 20 and Six Flags Pkwy,,Rear End,2,Clear,Dry,Daylight
2021-03-26T13:10:00.000,I 20,I 20 and Six Flags Pkwy,,Sideswipe-Same Direction,2,Clear,Dry,Daylight
2021-02-03T06:49:00.000,I 20,I 20 and Six Flags Pkwy,,Sideswipe-Same Direction,2,Clear,Dry,Dark-Lighted
2021-05-28T17:30:00.000,I 20,I 20 and Six Flags Pkwy,,Rear End,3,Clear,Dry,Daylight
2021-05-20T14:20:00.000,I 20,I 20 and Six Flags Pkwy,,Rear End,2,Clear,Dry,Daylight
2021-03-18T17:13:00.000,I 20,I 20 and Six Flags Pkwy,,Rear End,2,Clear,Dry,Daylight
2021-03-03T15:28:00.000,I 20,I 20 and Six Flags Pkwy,,Rear End,2,Clear,Dry,Daylight
2021-05-02T13:00:00.000,I 20,I 20 and Six Flags Pkwy,,Sideswipe-Same Direction,2,Clear,Dry,Daylight
2021-05-28T07:45:00.000,I 20,I 20 and Six Flags Pkwy,,Rear End,2,Cloudy,Dry,Daylight
2021-06-04T06:43:00.000,I 20,I 20 and Six Flags Pkwy,,Rear End,2,Clear,Dry,Daylight
2021-03-03T12:40:00.000,I 20,I 20 and Six Flags Pkwy,,Rear End,2,Clear,Dry,Daylight
2021-05-20T17:25:00.000,I 20,I 20 and Six Flags Pkwy,,Rear End,2,Clear,Dry,Daylight
2021-05-07T18:08:00.000,I 20,I 20 and Six Flags Pkwy,,Rear End,2,Clear,Dry,Daylight
2021-02-12T06:26:00.000,I 20,I 20 and Six Flags Pkwy,,Sideswipe-Same Direction,2,Cloudy,Wet,Dark-Not Lighted
2021-11-10T16:20:00.000,I 20,I 20 and Six Flags Pkwy,,Sideswipe-Same Direction,2,Clear,Dry,Daylight
2021-10-08T21:38:00.000,I 20,I 20 and Six Flags Pkwy,,Rear End,4,Clear,Dry,Dark-Not Lighted
2021-07-05T18:15:00.000,I 20,I 20 and Six Flags Pkwy,,Sideswipe-Same Direction,2,Clear,Dry,Daylight
2021-09-07T17:55:00.000,I 20,I 20 and Six Flags Pkwy,,Rear End,2,Clear,Dry,Daylight
2021-10-29T14:00:00.000,I 20,I 20 and Six Flags Pkwy,,Rear End,3,Rain,Wet,Daylight
2021-09-25T21:36:00.000,I 20,I 20 and Six Flags Pkwy,,Rear End,2,Clear,Dry,Dark-Lighted
2021-11-16T09:18:00.000,I 20,I 20 and Six Flags Pkwy,,Sideswipe-Same Direction,2,Clear,Dry,Daylight
2021-07-14T16:45:00.000,I 20,I 20 and Six Flags Pkwy,,Rear End,2,Rain,Wet,Daylight
2021-07-06T14:55:00.000,I 20,I 20 and Six Flags Pkwy,,Rear End,2,Cloudy,Dry,Daylight
2021-07-01T07:09:00.000,I 20,I 20 and Six Flags Pkwy,,Rear End,2,Clear,Dry,Daylight
2021-10-06T06:40:00.000,I 20,I 20 and Six Flags Pkwy,,Rear End,2,Cloudy,Wet,Dark-Not Lighted
2021-12-06T06:50:00.000,I 20,I 20 and Six Flags Pkwy,,Rear End,2,Cloudy,Dry,Dark-Not Lighted
2021-10-28T15:32:00.000,I 20,I 20 and Six Flags Pkwy,,Rear End,2,Rain,Wet,Daylight
2021-12-17T14:23:00.000,I 20,I 20 and Six Flags Pkwy,,Rear End,3,Cloudy,Dry,Daylight
2021-08-27T18:26:00.000,I 20,I 20 and Six Flags Pkwy,,Rear End,2,Cloudy,Dry,Daylight
2021-02-14T03:14:00.000,I 20,I 20 and Six Flags Pkwy,,Sideswipe-Same Direction,2,Cloudy,Dry,Dark-Not Lighted
2021-12-02T10:10:00.000,I 20,I 20 and Six Flags Pkwy,,Rear End,2,Clear,Dry,Daylight
2021-11-27T12:02:00.000,I 20,I 20 and Six Flags Pkwy,,Sideswipe-Same Direction,2,Clear,Dry,Daylight
2021-10-31T18:11:00.000,I 20,I 20 and Six Flags Pkwy,,Rear End,2,Clear,Dry,Daylight
2021-09-23T18:30:00.000,I 20,I 20 and Six Flags Pkwy,,Rear End,2,Clear,Dry,Daylight
2021-10-27T12:35:00.000,I 20,I 20 and Six Flags Pkwy,,Rear End,2,Clear,Dry,Daylight
2021-11-10T07:35:00.000,I 20,I 20 and Six Flags Pkwy,,Sideswipe-Same Direction,3,Clear,Dry,Daylight
2021-10-31T19:47:00.000,I 20,I 20 and Six Flags Pkwy,,Rear End,2,Clear,Dry,Dark-Not Lighted
2021-08-23T06:37:00.000,I 20,I 20 and Six Flags Pkwy,,Rear End,2,Clear,Dry,Dawn
2021-11-15T07:15:00.000,I 20,I 20 and Six Flags Pkwy,,Rear End,2,Clear,Dry,Daylight
2021-11-05T13:11:00.000,I 20,I 20 and Six Flags Pkwy,,Rear End,2,Cloudy,Dry,Daylight
2021-12-23T12:43:00.000,I 20,I 20 and Six Flags Pkwy,,Rear End,2,Clear,Dry,Daylight
2021-12-10T16:53:00.000,I 20,I 20 and Six Flags Pkwy,,Rear End,3,Cloudy,Dry,Dark-Not Lighted
2021-11-30T10:28:00.000,I 20,I 20 and Six Flags Pkwy,,Rear End,2,Clear,Dry,Daylight
2021-01-14T08:33:00.000,I 20,I 20 and Six Flags Pkwy,,Rear End,3,Clear,Dry,Daylight
2021-06-09T12:00:00.000,I 20,I 20 and Six Flags Pkwy,,Sideswipe-Same Direction,2,Cloudy,Dry,Daylight
2021-03-05T20:00:00.000,I 20,I 20 and Six Flags Pkwy,,Sideswipe-Same Direction,2,Clear,Dry,Dark-Not Lighted
2021-01-22T06:36:00.000,I 20,I 20 and Six Flags Pkwy,,Sideswipe-Same Direction,2,Clear,Dry,Dark-Not Lighted
2021-05-16T18:50:00.000,I 20,I 20 and Six Flags Pkwy,,Rear End,3,Clear,Dry,Daylight
2021-05-25T16:00:00.000,I 20,I 20 and Six Flags Pkwy,,Rear End,2,Clear,Dry,Daylight
2021-05-28T21:10:00.000,I 20,I 20 and Six Flags Pkwy,,Rear End,4,Cloudy,Wet,Dark-Not Lighted
2021-06-15T07:58:00.000,I 20,I 20 and Six Flags Pkwy,,Rear End,2,Clear,Dry,Daylight
2021-04-13T17:15:00.000,I 20,I 20 and Six Flags Pkwy,,Sideswipe-Same Direction,2,Clear,Dry,Daylight
2021-05-02T14:49:00.000,I 20,I 20 and Six Flags Pkwy,,Angle Crash,2,Clear,Dry,Daylight
2021-06-13T17:35:00.000,I 20,I 20 and Six Flags Pkwy,,Rear End,2,Clear,Dry,Daylight
2021-03-17T09:21:00.000,I 20,I 20 and Six Flags Pkwy,,Rear End,3,Rain,Wet,Daylight
2021-03-12T11:37:00.000,I 20,I 20 and Six Flags Pkwy,,Rear End,2,Clear,Dry,Daylight
2021-01-27T10:24:00.000,I 20,I 20 and Six Flags Pkwy,,Angle Crash,2,Clear,Wet,Daylight
2021-01-31T02:55:00.000,I 20,I 20 and Six Flags Pkwy,,Sideswipe-Same Direction,2,Rain,Wet,Dark-Not Lighted
2021-06-22T07:57:00.000,I 20,I 20 and Six Flags Pkwy,,Rear End,3,Rain,Wet,Daylight
2021-06-03T18:50:00.000,I 20,I 20 and Six Flags Pkwy,,Rear End,2,Clear,Water (standing or moving),Daylight
2021-08-01T19:55:00.000,I 20,I 20 and Six Flags Pkwy,,Rear End,2,Clear,Dry,Daylight
2021-08-16T19:46:00.000,I 20,I 20 and Six Flags Pkwy,,Sideswipe-Same Direction,2,Cloudy,Wet,Dusk
2021-07-17T14:37:00.000,I 20,I 20 and Six Flags Pkwy,,Rear End,2,Clear,Dry,Daylight
2021-12-08T06:36:00.000,I 20,I 20 and Six Flags Pkwy,,Rear End,2,Rain,Wet,Dark-Lighted
2021-07-07T09:25:00.000,I 20,I 20 and Six Flags Pkwy,,Sideswipe-Same Direction,2,Cloudy,Dry,Daylight
2021-12-18T13:08:00.000,I 20,I 20 and Six Flags Pkwy,,Rear End,2,Rain,Wet,Daylight
2021-05-16T18:47:00.000,I 20,I 20 and Six Flags Pkwy,,Sideswipe-Same Direction,2,Clear,Dry,Daylight
2021-02-08T07:55:00.000,I 20,I 20 and Six Flags Pkwy,,Rear End,2,Clear,Dry,Daylight
2021-06-03T18:50:00.000,I 20,I 20 and Six Flags Pkwy,,Rear End,2,Cloudy,Wet,Daylight
2021-01-29T18:44:00.000,I 20,I 20 and Six Flags Pkwy,,Rear End,2,Clear,Dry,Dark-Lighted
2021-02-01T06:45:00.000,I 20,I 20 and Six Flags Pkwy,,Rear End,2,Snow,Wet,Dark-Lighted
2021-06-20T18:56:00.000,I 20,I 20 and Six Flags Pkwy,,Not a Collision with Motor Vehicle,1,Clear,Dry,Daylight
2021-02-26T15:45:00.000,I 20,I 20 and Six Flags Pkwy,,Rear End,2,Rain,Wet,Daylight
2021-04-15T10:52:00.000,I 20,I 20 and Six Flags Pkwy,,Sideswipe-Same Direction,2,Clear,Dry,Daylight
2021-04-14T06:53:00.000,I 20,I 20 and Six Flags Pkwy,,Rear End,2,Clear,Dry,Daylight
2021-06-14T17:32:00.000,I 20,I 20 and Six Flags Pkwy,,Rear End,3,Clear,Dry,Daylight
2021-05-02T03:21:00.000,I 20,I 20 and Six Flags Pkwy,,Angle Crash,7,Clear,Dry,Dark-Not Lighted
2021-05-13T16:09:00.000,I 20,I 20 and Six Flags Pkwy,,Rear End,2,Clear,Dry,Daylight
2021-02-12T06:26:00.000,I 20,I 20 and Six Flags Pkwy,,Rear End,2,Rain,Water (standing or moving),Dark-Not Lighted
2021-04-06T17:53:00.000,I 20,I 20 and Six Flags Pkwy,,Sideswipe-Same Direction,3,Clear,Dry,Daylight
2020-10-02T08:40:00.000,I 20,I 20 and Six Flags Pkwy,,Rear End,3,Clear,Dry,Daylight
2020-11-18T18:30:00.000,I 20,I 20 and Six Flags Pkwy,,Rear End,2,Clear,Dry,Dark-Lighted
2020-01-12T17:50:00.000,I 20,I 20 and Six Flags Pkwy,,Sideswipe-Same Direction,2,Clear,Dry,Daylight
2020-12-31T20:55:00.000,I 20,I 20 and Six Flags Pkwy,,Rear End,2,Clear,Dry,Dark-Not Lighted
2020-08-12T06:48:00.000,I 20,I 20 and Six Flags Pkwy,,Rear End,2,Clear,Dry,Dawn
2020-07-24T16:09:00.000,I 20,I 20 and Six Flags Pkwy,,Rear End,3,Clear,Dry,Daylight
2020-01-07T06:29:00.000,I 20,I 20 and Six Flags Pkwy,,Rear End,3,Cloudy,Wet,Dark-Not Lighted
2020-02-06T12:11:00.000,I 20,I 20 and Six Flags Pkwy,,Angle Crash,2,Rain,Water (standing or moving),Daylight
2023-07-15T18:05:00.000,I 20,I 20 and Six Flags Pkwy,,Rear End,5,Clear,Dry,Daylight
2023-08-17T14:29:00.000,I 20,I 20 and Six Flags Pkwy,,Rear End,2,Clear,Dry,Daylight
2023-11-18T18:35:00.000,I 20,I 20 and Six Flags Pkwy,,Rear End,2,Clear,Dry,Dark-Not Lighted
2023-02-22T12:09:00.000,I 20,I 20 and Six Flags Pkwy,,Rear End,2,Clear,Dry,Daylight
2023-11-24T20:19:00.000,I 20,I 20 and Six Flags Pkwy,,Angle Crash,2,Cloudy,Dry,Dark-Not Lighted
2023-11-13T19:29:00.000,I 20,I 20 and Six Flags Pkwy,,Sideswipe-Same Direction,2,Cloudy,Dry,Dark-Not Lighted
2023-03-07T11:23:00.000,I 20,I 20 and Six Flags Pkwy,,Rear End,2,Clear,Dry,Daylight
2023-01-09T06:50:00.000,I 20,I 20 and Six Flags Pkwy,,Rear End,3,Clear,Dry,Dark-Lighted
2023-04-06T12:32:00.000,I 20,I 20 and Six Flags Pkwy,,Rear End,2,Clear,Dry,Daylight
2023-08-12T12:40:00.000,I 20,I 20 and Six Flags Pkwy,,Rear End,2,Clear,Dry,Daylight
2023-04-21T09:26:00.000,I 20,I 20 and Six Flags Pkwy,,Rear End,2,Clear,Dry,Daylight
2023-08-21T17:35:00.000,I 20,I 20 and Six Flags Pkwy,,Rear End,1,Clear,Dry,Daylight
2023-05-21T21:00:00.000,I 20,I 20 and Six Flags Pkwy,,Sideswipe-Same Direction,2,Clear,Dry,Daylight
2023-01-17T07:19:00.000,I 20,I 20 and Six Flags Pkwy,,Rear End,3,Rain,Wet,Dawn
2023-09-14T07:12:00.000,I 20,I 20 and Six Flags Pkwy,,Rear End,2,Clear,Dry,Daylight
2023-07-11T15:50:00.000,I 20,I 20 and Six Flags Pkwy,,Rear End,3,Clear,Dry,Daylight
2023-05-10T16:40:00.000,I 20,I 20 and Six Flags Pkwy,,Angle Crash,3,Clear,Dry,Daylight
2023-10-05T10:35:00.000,I 20,I 20 and Six Flags Pkwy,,Not a Collision with Motor Vehicle,1,Clear,Dry,Daylight
2023-11-20T19:20:00.000,I 20,I 20 and Six Flags Pkwy,,Rear End,3,Clear,Dry,Dark-Not Lighted
2023-04-14T09:55:00.000,I 20,I 20 and Six Flags Pkwy,,Rear End,2,Cloudy,Dry,Daylight
2023-03-02T16:12:00.000,I 20,I 20 and Six Flags Pkwy,,Rear End,2,Rain,Wet,Daylight
2023-10-02T12:50:00.000,I 20,I 20 and Six Flags Pkwy,,Angle Crash,2,Clear,Dry,Daylight
2023-08-09T06:24:00.000,I 20,I 20 and Six Flags Pkwy,,Rear End,2,Cloudy,Dry,Daylight
2023-10-23T14:01:00.000,I 20,I 20 and Six Flags Pkwy,,Rear End,2,Clear,Dry,Daylight
2023-07-06T18:25:00.000,I 20,I 20 and Six Flags Pkwy,,Sideswipe-Same Direction,2,Clear,Dry,Daylight
2023-05-11T15:55:00.000,I 20,I 20 and Six Flags Pkwy,,Rear End,2,Clear,Dry,Daylight
2023-12-29T13:16:00.000,I 20,I 20 and Six Flags Pkwy,,Sideswipe-Same Direction,2,Clear,Dry,Daylight
2023-07-30T15:14:00.000,I 20,I 20 and Six Flags Pkwy,,Rear End,2,Clear,Dry,Daylight
2023-11-05T01:50:00.000,I 20,I 20 and Six Flags Pkwy,,Rear End,3,Clear,Dry,Daylight
2023-12-10T02:23:00.000,I 20,I 20 and Six Flags Pkwy,,Rear End,2,Rain,Wet,Dark-Not Lighted
2023-03-01T07:24:00.000,I 20,I 20 and Six Flags Pkwy,,Sideswipe-Same Direction,2,Cloudy,Dry,Dawn
2023-04-03T07:02:00.000,I 20,I 20 and Six Flags Pkwy,,Rear End,2,Cloudy,Dry,Dawn
2023-07-27T16:40:00.000,I 20,I 20 and Six Flags Pkwy,,Sideswipe-Same Direction,2,Clear,Dry,Daylight
2023-11-26T19:37:00.000,I 20,I 20 and Six Flags Pkwy,,Rear End,2,Rain,Wet,Dark-Lighted
2023-09-01T06:12:00.000,I 20,I 20 and Six Flags Pkwy,,Rear End,3,Clear,Dry,Daylight
2023-05-14T19:10:00.000,I 20,I 20 and Six Flags Pkwy,,Angle Crash,2,Clear,Dry,Daylight
2023-06-08T18:10:00.000,I 20,I 20 and Six Flags Pkwy,,Sideswipe-Same Direction,2,Clear,Dry,Daylight
2023-07-25T16:00:00.000,I 20,I 20 and Six Flags Pkwy,,Rear End,2,Clear,Dry,Daylight
2023-09-07T18:00:00.000,I 20,I 20 and Six Flags Pkwy,,Rear End,2,Cloudy,Dry,Daylight
2023-09-19T08:48:00.000,I 20,I 20 and Six Flags Pkwy,,Rear End,2,Clear,Dry,Daylight
2023-07-08T18:21:00.000,I 20,I 20 and Six Flags Pkwy,,Rear End,2,Clear,Dry,Daylight
2023-07-11T16:20:00.000,I 20,I 20 and Six Flags Pkwy,,Sideswipe-Same Direction,2,Cloudy,Dry,Daylight
2023-03-25T06:45:00.000,I 20,I 20 and Six Flags Pkwy,,Not a Collision with Motor Vehicle,1,Rain,Wet,Dark-Lighted
2023-12-01T14:40:00.000,I 20,I 20 and Six Flags Pkwy,,Rear End,2,Rain,Wet,Daylight
2023-10-06T19:00:00.000,I 20,I 20 and Six Flags Pkwy,,Rear End,2,Rain,Wet,Dark-Not Lighted
2023-06-08T12:30:00.000,I 20,I 20 and Six Flags Pkwy,,Rear End,2,Clear,Dry,Daylight
2023-02-09T18:20:00.000,I 20,I 20 and Six Flags Pkwy,,Rear End,3,Rain,Wet,Dark-Not Lighted
2023-09-21T09:00:00.000,I 20,I 20 and Six Flags Pkwy,,Rear End,2,Clear,Dry,Daylight
2023-10-17T06:30:00.000,I 20,I 20 and Six Flags Pkwy,,Rear End,2,Clear,Dry,Dark-Lighted
2023-11-21T17:17:00.000,I 20,I 20 and Six Flags Pkwy,,Rear End,2,Rain,Wet,Dark-Not Lighted
2023-04-22T18:44:00.000,I 20,I 20 and Six Flags Pkwy,,Rear End,4,Clear,Dry,Daylight
2023-06-24T19:02:00.000,I 20,I 20 and Six Flags Pkwy,,Rear End,2,Clear,Dry,Daylight
2023-11-26T17:55:00.000,I 20,I 20 and Six Flags Pkwy,,Rear End,3,Rain,Wet,Dark-Lighted
2023-10-18T06:45:00.000,I 20,I 20 and Six Flags Pkwy,,Sideswipe-Same Direction,2,Clear,Dry,Dawn
2023-12-17T15:00:00.000,I 20,I 20 and Six Flags Pkwy,,Rear End,2,Cloudy,Dry,Daylight
2023-12-15T11:30:00.000,I 20,I 20 and Six Flags Pkwy,,Rear End,2,Clear,Dry,Daylight
2023-04-10T09:23:00.000,I 20,I 20 and Six Flags Pkwy,,Rear End,3,Clear,Dry,Daylight
2023-02-09T20:05:00.000,I 20,I 20 and Six Flags Pkwy,,Sideswipe-Same Direction,2,Rain,Wet,Dark-Lighted
2023-01-17T07:25:00.000,I 20,I 20 and Six Flags Pkwy,,Rear End,2,Rain,Wet,Daylight
2023-12-19T09:55:00.000,I 20,I 20 and Six Flags Pkwy,,Rear End,2,Clear,Dry,Daylight
2023-04-19T18:09:00.000,I 20,I 20 and Six Flags Pkwy,,Angle Crash,2,Clear,Dry,Daylight
2023-11-21T17:45:00.000,I 20,I 20 and Six Flags Pkwy,,Rear End,3,Cloudy,Wet,Dark-Lighted
2023-12-27T11:13:00.000,I 20,I 20 and Six Flags Pkwy,,Rear End,2,Clear,Dry,Daylight
2023-10-06T19:00:00.000,I 20,I 20 and Six Flags Pkwy,,Rear End,2,Rain,Wet,Dark-Not Lighted
2023-10-21T11:44:00.000,I 20,I 20 and Six Flags Pkwy,,Rear End,2,Clear,Dry,Daylight
2023-06-24T18:10:00.000,I 20,I 20 and Six Flags Pkwy,,Rear End,2,Clear,Dry,Daylight
2023-02-10T18:16:00.000,I 20,I 20 and Six Flags Pkwy,,Angle Crash,2,Cloudy,Dry,Daylight
2023-06-27T07:30:00.000,I 20,I 20 and Six Flags Pkwy,,Rear End,2,Clear,Dry,Daylight
2023-06-06T15:29:00.000,I 20,I 20 and Six Flags Pkwy,,Rear End,2,Clear,Dry,Daylight
2023-09-25T13:10:00.000,I 20,I 20 and Six Flags Pkwy,,Rear End,3,Clear,Dry,Daylight
2023-03-29T08:43:00.000,I 20,I 20 and Six Flags Pkwy,,Rear End,2,Clear,Dry,Daylight
2023-09-30T06:29:00.000,I 20,I 20 and Six Flags Pkwy,,Angle Crash,7,Clear,Dry,Dawn
2023-11-19T14:40:00.000,I 20,I 20 and Six Flags Pkwy,,Rear End,2,Clear,Dry,Daylight
2023-02-16T18:00:00.000,I 20,I 20 and Six Flags Pkwy,,Sideswipe-Same Direction,2,Cloudy,Dry,Dark-Not Lighted
2023-04-22T18:16:00.000,I 20,I 20 and Six Flags Pkwy,,Rear End,2,Clear,Dry,Daylight
2023-11-15T09:54:00.000,I 20,I 20 and Six Flags Pkwy,,Rear End,3,Cloudy,Dry,Daylight
2023-08-22T16:03:00.000,I 20,I 20 and Six Flags Pkwy,,Angle Crash,2,Clear,Dry,Daylight
2023-11-13T15:00:00.000,I 20,I 20 and Six Flags Pkwy,,Rear End,2,Clear,Dry,Daylight
2023-01-01T00:45:00.000,I 20,I 20 and Six Flags Pkwy,,Sideswipe-Same Direction,2,Rain,Wet,Dark-Not Lighted
2023-08-24T12:15:00.000,I 20,I 20 and Six Flags Pkwy,,Rear End,2,Clear,Dry,Daylight
2023-07-20T13:59:00.000,I 20,I 20 and Six Flags Pkwy,,Sideswipe-Same Direction,2,Clear,Dry,Daylight
2023-12-07T18:46:00.000,I 20,I 20 and Six Flags Pkwy,,Angle Crash,3,Clear,Dry,Dark-Not Lighted
2023-01-01T00:45:00.000,I 20,I 20 and Six Flags Pkwy,,Sideswipe-Same Direction,2,Rain,Wet,Dark-Not Lighted
2023-01-27T11:19:00.000,I 20,I 20 and Six Flags Pkwy,,Rear End,2,Clear,Dry,Daylight
2023-01-17T00:32:00.000,I 20,I 20 and Six Flags Pkwy,,Rear End,2,Clear,Dry,Dark-Not Lighted
2023-08-19T15:11:00.000,I 20,I 20 and Six Flags Pkwy,,Sideswipe-Same Direction,2,Clear,Dry,Daylight
2023-03-09T07:15:00.000,I 20,I 20 and Six Flags Pkwy,,Rear End,4,Cloudy,Dry,Daylight
2023-10-23T13:33:00.000,I 20,I 20 and Six Flags Pkwy,,Rear End,3,Clear,Dry,Daylight
2023-03-23T06:12:00.000,I 20,I 20 and Six Flags Pkwy,,Sideswipe-Same Direction,2,Clear,Dry,Daylight
2023-07-19T14:00:00.000,I 20,I 20 and Six Flags Pkwy,,Rear End,2,Clear,Dry,Daylight
2023-10-27T08:37:00.000,I 20,I 20 and Six Flags Pkwy,,Rear End,2,Clear,Dry,Daylight
2023-09-21T15:30:00.000,I 20,I 20 and Six Flags Pkwy,,Rear End,2,Clear,Dry,Daylight
2022-02-23T12:34:00.000,I 20,I 20 and Six Flags Pkwy,,Rear End,2,Clear,Dry,Daylight
2022-03-14T07:59:00.000,I 20,I 20 and Six Flags Pkwy,,Rear End,2,Clear,Dry,Daylight
2022-05-27T21:47:00.000,I 20,I 20 and Six Flags Pkwy,,Angle Crash,2,Clear,Dry,Dark-Lighted
2022-06-23T14:06:00.000,I 20,I 20 and Six Flags Pkwy,,Rear End,2,Clear,Dry,Daylight
2022-01-03T21:00:00.000,I 20,I 20 and Six Flags Pkwy,,Sideswipe-Same Direction,2,Clear,Dry,Dark-Not Lighted
2022-11-18T09:37:00.000,I 20,I 20 and Six Flags Pkwy,,Sideswipe-Same Direction,2,Clear,Dry,Daylight
2022-06-08T05:50:00.000,I 20,I 20 and Six Flags Pkwy,,Rear End,8,Clear,Dry,Dark-Lighted
2022-09-21T09:10:00.000,I 20,I 20 and Six Flags Pkwy,,Not a Collision with Motor Vehicle,1,Clear,Dry,Daylight
2022-01-19T08:32:00.000,I 20,I 20 and Six Flags Pkwy,,Sideswipe-Same Direction,2,Clear,Dry,Daylight
2022-12-15T13:30:00.000,I 20,I 20 and Six Flags Pkwy,,Rear End,2,Cloudy,Dry,Daylight
2022-05-07T15:02:00.000,I 20,I 20 and Six Flags Pkwy,,Angle Crash,2,Cloudy,Dry,Daylight
2022-08-26T23:23:00.000,I 20,I 20 and Six Flags Pkwy,,Angle Crash,2,Clear,Dry,Dark-Not Lighted
2023-03-13T08:03:00.000,I 20,I 20 and Six Flags Pkwy,,Rear End,4,Clear,Dry,Daylight
2023-01-10T09:30:00.000,I 20,I 20 and Six Flags Pkwy,,Rear End,2,Clear,Dry,Daylight
2020-11-23T13:01:00.000,I 20,I 20 and Six Flags Pkwy,,Rear End,3,Clear,Dry,Daylight
2021-03-12T15:20:00.000,I 20,I 20 and Six Flags Pkwy,,Rear End,3,Clear,Dry,Daylight
2020-12-08T08:25:00.000,I 20,I 20 and Six Flags Pkwy,,Rear End,2,Clear,Dry,Daylight
2023-03-09T06:12:00.000,I 20,I 20 and Six Flags Pkwy,,Sideswipe-Same Direction,2,Cloudy,Dry,Dark-Lighted
2021-08-26T13:34:00.000,I 20,I 20 and Six Flags Pkwy,,Not a Collision with Motor Vehicle,1,Clear,Dry,Daylight
2020-07-24T14:25:00.000,I 20,I 20 and Six Flags Pkwy,,Rear End,4,Cloudy,Dry,Daylight
2020-12-16T15:12:00.000,I 20,I 20 and Six Flags Pkwy,,Rear End,2,Rain,Wet,Daylight
2020-12-16T19:09:00.000,I 20,I 20 and Six Flags Pkwy,,Rear End,2,Rain,Wet,Dark-Lighted
2020-12-01T19:12:00.000,I 20,I 20 and Six Flags Pkwy,,Rear End,3,Clear,Dry,Dark-Lighted
2020-12-19T12:45:00.000,I 20,I 20 and Six Flags Pkwy,,Rear End,7,Clear,Dry,Daylight
2020-10-17T15:51:00.000,I 20,I 20 and Six Flags Pkwy,,Rear End,2,Clear,Dry,Daylight
2020-07-26T15:01:00.000,I 20,I 20 and Six Flags Pkwy,,Rear End,2,Clear,Dry,Daylight
2020-08-19T17:25:00.000,I 20,I 20 and Six Flags Pkwy,,Rear End,2,Cloudy,Dry,Daylight
2020-08-09T23:22:00.000,I 20,I 20 and Six Flags Pkwy,,Angle Crash,2,Clear,Dry,Dark-Lighted
2020-10-17T15:40:00.000,I 20,I 20 and Six Flags Pkwy,,Angle Crash,2,Clear,Dry,Daylight
2020-12-19T12:30:00.000,I 20,I 20 and Six Flags Pkwy,,Rear End,2,Clear,Dry,Daylight
2020-12-18T09:11:00.000,I 20,I 20 and Six Flags Pkwy,,Rear End,2,Clear,Dry,Daylight
2020-10-02T14:50:00.000,I 20,I 20 and Six Flags Pkwy,,Rear End,3,Clear,Dry,Daylight
2020-05-28T12:10:00.000,I 20,I 20 and Six Flags Pkwy,,Not a Collision with Motor Vehicle,1,Clear,Wet,Daylight
2020-11-19T18:32:00.000,I 20,I 20 and Six Flags Pkwy,,Rear End,2,Clear,Dry,Dark-Lighted
2020-08-01T17:13:00.000,I 20,I 20 and Six Flags Pkwy,,Rear End,2,Clear,Dry,Daylight
2020-02-06T05:57:00.000,I 20,I 20 and Six Flags Pkwy,,Not a Collision with Motor Vehicle,1,Rain,Wet,Dark-Not Lighted
2020-08-01T12:56:00.000,I 20,I 20 and Six Flags Pkwy,,Angle Crash,3,Clear,Dry,Daylight
2020-11-25T17:15:00.000,I 20,I 20 and Six Flags Pkwy,,Rear End,2,Rain,Wet,Dark-Not Lighted
2020-10-21T18:00:00.000,I 20,I 20 and Six Flags Pkwy,,Rear End,3,Clear,Dry,Daylight
2020-12-22T11:06:00.000,I 20,I 20 and Six Flags Pkwy,,Rear End,2,Clear,Dry,Daylight
2020-01-07T06:29:00.000,I 20,I 20 and Six Flags Pkwy,,Angle Crash,2,Cloudy,Wet,Dark-Not Lighted
2020-03-23T01:30:00.000,I 20,I 20 and Six Flags Pkwy,,Rear End,2,Cloudy,Wet,Dark-Lighted
2020-08-27T15:28:00.000,I 20,I 20 and Six Flags Pkwy,,Sideswipe-Same Direction,3,Clear,Dry,Daylight
2020-10-31T08:15:00.000,I 20,I 20 and Six Flags Pkwy,,Rear End,2,Clear,Dry,Daylight
2020-12-20T17:50:00.000,I 20,I 20 and Six Flags Pkwy,,Angle Crash,2,Clear,Dry,Dark-Lighted
2020-06-05T14:38:00.000,I 20,I 20 and Six Flags Pkwy,,Rear End,2,Clear,Dry,Daylight
2020-04-23T10:00:00.000,I 20,I 20 and Six Flags Pkwy,,Not a Collision with Motor Vehicle,1,Rain,Wet,Daylight
2020-02-06T06:00:00.000,I 20,I 20 and Six Flags Pkwy,,Sideswipe-Same Direction,2,Rain,Wet,Dawn
2020-02-01T16:40:00.000,I 20,I 20 and Six Flags Pkwy,,Sideswipe-Same Direction,2,Cloudy,Dry,Daylight
2020-03-05T08:15:00.000,I 20,I 20 and Six Flags Pkwy,,Not a Collision with Motor Vehicle,1,Rain,Wet,Daylight
2020-03-05T06:09:00.000,I 20,I 20 and Six Flags Pkwy,,Angle Crash,2,Rain,Water (standing or moving),Dark-Not Lighted
2020-02-20T11:32:00.000,I 20,I 20 and Six Flags Pkwy,,Rear End,3,Rain,Wet,Daylight
2020-10-23T07:51:00.000,I 20,I 20 and Six Flags Pkwy,,Angle Crash,3,Clear,Dry,Daylight
2020-08-24T16:48:00.000,I 20,I 20 and Six Flags Pkwy,,Rear End,2,Cloudy,Dry,Daylight