Date and Time,Roadway (From Crash Report),Intersection Name (from Crash Report),KABCO Severity,Manner of Collision (Crash Level) ,# of Vehicles per crash ,Weather Conditions (Crash Level),Surface Condition (Crash Level) ,Light Conditions (Crash Level)
2020-10-08T14:48:00.000,I 20,I 20 and Six Flags Pkwy,,Rear End,3,Clear,Dry,Daylight
2020-11-21T13:35:00.000,I 20,I 20 and Six Flags Pkwy,,Rear End,2,Clear,Dry,Daylight
2020-08-14T21:40:00.000,I 20,I 20 and Six Flags Pkwy,,Rear End,2,Rain,Wet,Dark-Not Lighted
2020-12-19T18:35:00.000,I 20,I 20 and Six Flags Pkwy,,Rear End,3,Clear,Dry,Dark-Not Lighted
2020-12-11T09:22:00.000,I 20,I 20 and Six Flags Pkwy,,Rear End,2,Clear,Dry,Daylight
2020-12-22T18:50:00.000,I 20,I 20 and Six Flags Pkwy,,Rear End,2,Clear,Dry,Dark-Lighted
2020-10-25T11:46:00.000,I 20,I 20 and Six Flags Pkwy,,Sideswipe-Same Direction,2,Clear,Dry,Daylight
2020-01-11T18:48:00.000,I 20,I 20 and Six Flags Pkwy,,Angle Crash,2,Severe Thunderstorm or Tornadic,Water (standing or moving),Dark-Lighted
2020-06-18T18:47:00.000,I 20,I 20 and Six Flags Pkwy,,Rear End,4,Clear,Dry,Daylight
2020-07-28T16:35:00.000,I 20,I 20 and Six Flags Pkwy,,Rear End,2,Clear,Dry,Daylight
2020-11-16T18:15:00.000,I 20,I 20 and Six Flags Pkwy,,Rear End,2,Clear,Dry,Dark-Not Lighted
2020-12-23T11:17:00.000,I 20,I 20 and Six Flags Pkwy,,Rear End,2,Clear,Dry,Daylight
2020-12-02T17:40:00.000,I 20,I 20 and Six Flags Pkwy,,Rear End,2,Clear,Dry,Daylight
2020-04-23T09:41:00.000,I 20,I 20 and Six Flags Pkwy,,Rear End,2,Rain,Water (standing or moving),Daylight
2020-03-11T09:22:00.000,I 20,I 20 and Six Flags Pkwy,,Rear End,3,Cloudy,Dry,Daylight
2020-03-03T16:17:00.000,I 20,I 20 and Six Flags Pkwy,,Rear End,2,Clear,Dry,Daylight
2020-04-19T11:41:00.000,I 20,I 20 and Six Flags Pkwy,,Angle Crash,2,Clear,Wet,Daylight
2020-01-08T07:30:00.000,I 20,I 20 and Six Flags Pkwy,,Rear End,2,Clear,Dry,Daylight
2020-08-10T15:45:00.000,I 20,I 20 and Six Flags Pkwy,,Rear End,2,Cloudy,Wet,Daylight
2020-07-09T18:09:00.000,I 20,I 20 and Six Flags Pkwy,,Rear End,2,Rain,Wet,Daylight
2020-12-29T11:55:00.000,I 20,I 20 and Six Flags Pkwy,,Sideswipe-Same Direction,2,Clear,Dry,Daylight
2020-12-23T13:27:00.000,I 20,I 20 and Six Flags Pkwy,,Rear End,4,Clear,Dry,Daylight
2020-10-01T17:55:00.000,I 20,I 20 and Six Flags Pkwy,,Rear End,3,Clear,Dry,Daylight
2020-12-16T21:40:00.000,I 20,I 20 and Six Flags Pkwy,,Sideswipe-Same Direction,2,Clear,Dry,Dark-Not Lighted
2020-12-04T16:00:00.000,I 20,I 20 and Six Flags Pkwy,,Rear End,2,Rain,Wet,Daylight
2020-12-17T16:15:00.000,I 20,I 20 and Six Flags Pkwy,,Angle Crash,3,Clear,Dry,Daylight
2020-07-30T03:30:00.000,I 20,I 20 and Six Flags Pkwy,,Rear End,2,Rain,Wet,Dark-Not Lighted
2020-07-10T16:30:00.000,I 20,I 20 and Six Flags Pkwy,,Rear End,2,Clear,Dry,Daylight
2020-09-24T19:23:00.000,I 20,I 20 and Six Flags Pkwy,,Rear End,2,Rain,Wet,Dark-Lighted
2020-11-16T08:48:00.000,I 20,I 20 and Six Flags Pkwy,,Rear End,2,Clear,Dry,Daylight
2020-08-13T16:14:00.000,I 20,I 20 and Six Flags Pkwy,,Rear End,3,Clear,Dry,Daylight
2020-10-15T17:22:00.000,I 20,I 20 and Six Flags Pkwy,,Sideswipe-Same Direction,2,Clear,Dry,Daylight
2020-07-02T17:16:00.000,I 20,I 20 and Six Flags Pkwy,,Angle Crash,2,Clear,Dry,Daylight
2020-01-22T08:55:00.000,I 20,I 20 and Six Flags Pkwy,,Rear End,3,Clear,Dry,Daylight
2020-06-12T14:16:00.000,I 20,I 20 and Six Flags Pkwy,,Rear End,2,Clear,Dry,Daylight
2020-09-03T08:34:00.000,I 20,I 20 and Six Flags Pkwy,,Rear End,2,Clear,Dry,Daylight
2020-03-23T20:30:00.000,I 20,I 20 and Six Flags Pkwy,,Angle Crash,4,Rain,Wet,Dark-Lighted
2020-11-28T17:15:00.000,I 20,I 20 and Six Flags Pkwy,,Rear End,2,Cloudy,Dry,Dusk
2020-11-04T06:50:00.000,I 20,I 20 and Six Flags Pkwy,,Rear End,3,Clear,Dry,Daylight
2020-11-01T14:25:00.000,I 20,I 20 and Six Flags Pkwy,,Rear End,2,Clear,Dry,Daylight
2020-07-02T16:03:00.000,I 20,I 20 and Six Flags Pkwy,,Rear End,2,Clear,Dry,Daylight
2020-09-08T08:10:00.000,I 20,I 20 and Six Flags Pkwy,,Sideswipe-Same Direction,2,Clear,Dry,Daylight
2020-07-17T17:50:00.000,I 20,I 20 and Six Flags Pkwy,,Rear End,2,Clear,Dry,Daylight
2020-10-28T08:14:00.000,I 20,I 20 and Six Flags Pkwy,,Rear End,3,Rain,Wet,Daylight
2020-10-28T17:35:00.000,I 20,I 20 and Six Flags Pkwy,,Sideswipe-Same Direction,2,Cloudy,Wet,Daylight
2020-02-06T05:55:00.000,I 20,I 20 and Six Flags Pkwy,,Sideswipe-Same Direction,2,Rain,Wet,Dark-Lighted
2020-05-23T01:08:00.000,I 20,I 20 and Six Flags Pkwy,,Sideswipe-Same Direction,2,Cloudy,Wet,Dark-Not Lighted
2020-01-26T00:37:00.000,I 20,I 20 and Six Flags Pkwy,,Sideswipe-Same Direction,2,Clear,Dry,Dark-Not Lighted
2020-06-03T15:20:00.000,I 20,I 20 and Six Flags Pkwy,,Sideswipe-Same Direction,2,Clear,Dry,Daylight
2020-03-05T05:33:00.000,I 20,I 20 and Six Flags Pkwy,,Rear End,2,Rain,Water (standing or moving),Dark-Not Lighted
2020-11-20T13:39:00.000,I 20,I 20 and Six Flags Pkwy,,Rear End,2,Clear,Dry,Daylight
2020-11-08T20:20:00.000,I 20,I 20 and Six Flags Pkwy,,Not a Collision with Motor Vehicle,1,Clear,Dry,Dark-Lighted
2020-12-26T11:51:00.000,I 20,I 20 and Six Flags Pkwy,,Rear End,2,Clear,Dry,Daylight
2020-07-17T21:15:00.000,I 20,I 20 and Six Flags Pkwy,,Rear End,2,Clear,Dry,Dark-Not Lighted
2020-01-17T07:00:00.000,I 20,I 20 and Six Flags Pkwy,,Rear End,6,Clear,Dry,Dark-Not Lighted
2020-02-06T10:16:00.000,I 20,I 20 and Six Flags Pkwy,,Rear End,2,Rain,Wet,Daylight
2020-02-25T07:23:00.000,I 20,I 20 and Six Flags Pkwy,,Rear End,2,Fog,Wet,Daylight
2020-05-28T12:10:00.000,I 20,I 20 and Six Flags Pkwy,,Rear End,2,Rain,Wet,Daylight
2020-12-17T16:15:00.000,I 20,I 20 and Six Flags Pkwy,,Angle Crash,3,Clear,Dry,Daylight
2020-04-19T11:41:00.000,I 20,I 20 and Six Flags Pkwy,,Not a Collision with Motor Vehicle,1,Rain,Water (standing or moving),Daylight
2020-02-06T16:51:00.000,I 20,I 20 and Six Flags Pkwy,,Rear End,2,Rain,Wet,Daylight
2020-04-19T21:25:00.000,I 20,I 20 and Six Flags Pkwy,,Angle Crash,3,Rain,Wet,Dark-Not Lighted
2020-03-11T09:22:00.000,I 20,I 20 and Six Flags Pkwy,,Rear End,2,Cloudy,Dry,Daylight
2020-02-06T04:50:00.000,I 20,I 20 and Six Flags Pkwy,,Angle Crash,2,Rain,Wet,Dark-Lighted
2020-03-11T20:30:00.000,I 20,I 20 and Six Flags Pkwy,,Sideswipe-Same Direction,2,Cloudy,Dry,Dark-Lighted
2020-02-06T07:06:00.000,I 20,I 20 and Six Flags Pkwy,,Not a Collision with Motor Vehicle,1,Rain,Wet,Dark-Lighted
2020-12-06T18:11:00.000,I 20,I 20 and Six Flags Pkwy,,Not a Collision with Motor Vehicle,1,Rain,Wet,Dark-Lighted
2020-03-03T16:07:00.000,I 20,I 20 and Six Flags Pkwy,,Rear End,2,Clear,Dry,Daylight
2020-03-03T14:55:00.000,I 20,I 20 and Six Flags Pkwy,,Rear End,2,Clear,Dry,Daylight
2020-10-08T16:14:00.000,I 20,I 20 and Six Flags Pkwy,,Rear End,2,Clear,Dry,Daylight
2020-10-24T17:15:00.000,I 20,I 20 and Six Flags Pkwy,,Rear End,2,Rain,Wet,Daylight
2020-08-19T10:47:00.000,I 20,I 20 and Six Flags Pkwy,,Rear End,2,Clear,Dry,Daylight
2020-11-23T15:20:00.000,I 20,I 20 and Six Flags Pkwy,,Rear End,2,Clear,Dry,Daylight
2020-12-22T11:15:00.000,I 20,I 20 and Six Flags Pkwy,,Sideswipe-Same Direction,2,Clear,Dry,Daylight
2020-07-17T17:50:00.000,I 20,I 20 and Six Flags Pkwy,,Rear End,2,Clear,Dry,Daylight
2020-09-02T08:54:00.000,I 20,I 20 and Six Flags Pkwy,,Rear End,2,Clear,Dry,Daylight
2020-08-10T15:20:00.000,I 20,I 20 and Six Flags Pkwy,,Rear End,2,Clear,Dry,Daylight
2020-05-16T16:47:00.000,I 20,I 20 and Six Flags Pkwy,,Angle Crash,2,Clear,Dry,Daylight
2020-01-13T06:15:00.000,I 20,I 20 and Six Flags Pkwy,,Rear End,2,Rain,Wet,Dark-Not Lighted
2020-01-14T06:53:00.000,I 20,I 20 and Six Flags Pkwy,,Sideswipe-Same Direction,2,Cloudy,Wet,Dawn
2020-02-03T06:08:00.000,I 20,I 20 and Six Flags Pkwy,,Rear End,2,Cloudy,Dry,Dark-Lighted
2020-02-06T10:39:00.000,I 20,I 20 and Six Flags Pkwy,,Sideswipe-Same Direction,2,Rain,Wet,Daylight
2020-10-22T15:09:00.000,I 20,I 20 and Six Flags Pkwy,,Sideswipe-Same Direction,2,Clear,Dry,Daylight
2020-09-28T10:59:00.000,I 20,I 20 and Six Flags Pkwy,,Sideswipe-Same Direction,2,Cloudy,Dry,Daylight
2020-11-13T17:53:00.000,I 20,I 20 and Six Flags Pkwy,,Rear End,2,Clear,Dry,Dark-Lighted
2020-12-08T22:58:00.000,I 20,I 20 and Six Flags Pkwy,,Sideswipe-Same Direction,2,Clear,Dry,Dark-Lighted
2020-11-21T13:36:00.000,I 20,I 20 and Six Flags Pkwy,,Rear End,3,Clear,Dry,Daylight
2020-10-30T15:54:00.000,I 20,I 20 and Six Flags Pkwy,,Rear End,3,Clear,Dry,Daylight
2020-11-24T15:52:00.000,I 20,I 20 and Six Flags Pkwy,,Rear End,2,Clear,Dry,Daylight
2020-12-19T14:30:00.000,I 20,I 20 and Six Flags Pkwy,,Rear End,1,Clear,Dry,Daylight
2020-08-14T10:40:00.000,I 20,I 20 and Six Flags Pkwy,,Sideswipe-Same Direction,2,Clear,Dry,Daylight
2020-11-23T04:25:00.000,I 20,I 20 and Six Flags Pkwy,,Not a Collision with Motor Vehicle,1,Clear,Dry,Dark-Not Lighted
2020-09-24T19:03:00.000,I 20,I 20 and Six Flags Pkwy,,Rear End,3,Rain,Wet,Daylight
2020-07-24T14:55:00.000,I 20,I 20 and Six Flags Pkwy,,Rear End,2,Cloudy,Dry,Daylight
2020-12-05T05:00:00.000,I 20,I 20 and Six Flags Pkwy,,Sideswipe-Same Direction,3,Clear,Dry,Dark-Not Lighted
2020-03-11T16:05:00.000,I 20,I 20 and Six Flags Pkwy,,Sideswipe-Same Direction,2,Cloudy,Wet,Daylight
2020-03-12T17:30:00.000,I 20,I 20 and Six Flags Pkwy,,Rear End,2,Clear,Dry,Daylight
2020-04-22T10:51:00.000,I 20,I 20 and Six Flags Pkwy,,Rear End,3,Clear,Dry,Daylight
2020-01-22T08:29:00.000,I 20,I 20 and Six Flags Pkwy,,Rear End,2,Clear,Dry,Daylight
2020-04-01T17:19:00.000,I 20,I 20 and Six Flags Pkwy,,Angle Crash,2,Clear,Dry,Daylight
2020-06-25T13:57:00.000,I 20,I 20 and Six Flags Pkwy,,Rear End,2,Clear,Dry,Daylight
2020-08-31T09:32:00.000,I 20,I 20 and Six Flags Pkwy,,Sideswipe-Same Direction,1,Clear,Dry,Daylight
2020-12-10T13:55:00.000,I 20,I 20 and Six Flags Pkwy,,Rear End,2,Clear,Dry,Daylight
2020-03-03T16:30:00.000,I 20,I 20 and Six Flags Pkwy,,Rear End,2,Clear,Dry,Daylight
2020-11-06T08:59:00.000,I 20,I 20 and Six Flags Pkwy,,Rear End,2,Clear,Dry,Daylight
2020-07-06T12:27:00.000,I 20,I 20 and Six Flags Pkwy,,Angle Crash,2,Clear,Dry,Daylight
2020-12-17T18:32:00.000,I 20,I 20 and Six Flags Pkwy,,Rear End,3,Clear,Dry,Dark-Lighted
2020-09-17T16:35:00.000,I 20,I 20 and Six Flags Pkwy,,Rear End,3,Rain,Wet,Daylight
2020-07-22T15:05:00.000,I 20,I 20 and Six Flags Pkwy,,Sideswipe-Same Direction,2,Clear,Dry,Daylight
2021-04-11T17:58:00.000,I 20,I 20 and Six Flags Pkwy,,Rear End,2,Clear,Dry,Daylight
2021-05-28T07:10:00.000,I 20,I 20 and Six Flags Pkwy,,Rear End,2,Clear,Dry,Daylight
2021-05-13T09:22:00.000,I 20,I 20 and Six Flags Pkwy,,Rear End,2,Clear,Dry,Daylight
2021-06-07T13:14:00.000,I 20,I 20 and Six Flags Pkwy,,Sideswipe-Same Direction,2,Cloudy,Wet,Daylight
2021-06-08T08:40:00.000,I 20,I 20 and Six Flags Pkwy,,Rear End,2,Cloudy,Dry,Daylight
2021-03-11T09:50:00.000,I 20,I 20 and Six Flags Pkwy,,Rear End,2,Clear,Dry,Daylight
2021-01-21T08:46:00.000,I 20,I 20 and Six Flags Pkwy,,Angle Crash,2,Rain,Wet,Daylight
2021-03-25T08:12:00.000,I 20,I 20 and Six Flags Pkwy,,Rear End,2,Rain,Wet,Daylight
2021-04-21T18:00:00.000,I 20,I 20 and Six Flags Pkwy,,Rear End,3,Clear,Dry,Daylight
2021-01-08T16:08:00.000,I 20,I 20 and Six Flags Pkwy,,Rear End,2,Clear,Dry,Daylight
2021-06-17T17:24:00.000,I 20,I 20 and Six Flags Pkwy,,Not a Collision with Motor Vehicle,1,Clear,Dry,Daylight
2021-05-14T17:18:00.000,I 20,I 20 and Six Flags Pkwy,,Rear End,3,Clear,Dry,Daylight
2021-03-11T14:58:00.000,I 20,I 20 and Six Flags Pkwy,,Rear End,2,Clear,Dry,Daylight
2021-06-26T19:35:00.000,I 20,I 20 and Six Flags Pkwy,,Rear End,3,Severe Thunderstorm or Tornadic,Wet,Daylight
2021-05-05T16:45:00.000,I 20,I 20 and Six Flags Pkwy,,Rear End,3,Clear,Dry,Daylight
2021-02-26T14:53:00.000,I 20,I 20 and Six Flags Pkwy,,Sideswipe-Same Direction,2,Cloudy,Dry,Daylight
2021-06-26T13:29:00.000,I 20,I 20 and Six Flags Pkwy,,Rear End,2,Clear,Dry,Daylight
2021-03-25T14:45:00.000,I 20,I 20 and Six Flags Pkwy,,Rear End,2,Cloudy,Wet,Daylight
2021-05-02T04:00:00.000,I 20,I 20 and Six Flags Pkwy,,Sideswipe-Same Direction,2,Clear,Dry,Dark-Lighted
2021-06-21T13:27:00.000,I 20,I 20 and Six Flags Pkwy,,Sideswipe-Same Direction,2,Clear,Dry,Daylight
2021-03-24T15:55:00.000,I 20,I 20 and Six Flags Pkwy,,Rear End,4,Clear,Dry,Daylight
2021-02-10T13:14:00.000,I 20,I 20 and Six Flags Pkwy,,Sideswipe-Same Direction,2,Cloudy,Dry,Daylight
2021-06-12T19:02:00.000,I 20,I 20 and Six Flags Pkwy,,Rear End,2,Clear,Dry,Daylight
2021-05-31T18:50:00.000,I 20,I 20 and Six Flags Pkwy,,Not a Collision with Motor Vehicle,1,Clear,Dry,Daylight
2021-06-28T16:26:00.000,I 20,I 20 and Six Flags Pkwy,,Angle Crash,2,Clear,Dry,Daylight
2021-03-28T11:45:00.000,I 20,I 20 and Six Flags Pkwy,,Sideswipe-Same Direction,2,Rain,Wet,Daylight
2021-01-21T07:43:00.000,I 20,I 20 and Six Flags Pkwy,,Rear End,2,Rain,Wet,Daylight
2021-01-13T17:09:00.000,I 20,I 20 and Six Flags Pkwy,,Rear End,3,Clear,Dry,Daylight
2021-05-14T12:57:00.000,I 20,I 20 and Six Flags Pkwy,,Angle Crash,2,Clear,Dry,Daylight
2021-03-23T20:25:00.000,I 20,I 20 and Six Flags Pkwy,,Sideswipe-Same Direction,2,Cloudy,Dry,Dark-Not Lighted
2021-01-06T10:06:00.000,I 20,I 20 and Six Flags Pkwy,,Sideswipe-Same Direction,2,Clear,Dry,Daylight
2021-02-26T07:55:00.000,I 20,I 20 and Six Flags Pkwy,,Rear End,3,Rain,Wet,Daylight
2021-06-22T12:30:00.000,I 20,I 20 and Six Flags Pkwy,,Rear End,2,Clear,Wet,Daylight
2021-06-19T06:06:00.000,I 20,I 20 and Six Flags Pkwy,,Rear End,2,Clear,Dry,Daylight
2021-04-15T11:03:00.000,I 20,I 20 and Six Flags Pkwy,,Rear End,4,Clear,Dry,Daylight
2021-05-02T03:15:00.000,I 20,I 20 and Six Flags Pkwy,,Rear End,2,Clear,Dry,Dark-Not Lighted
2021-06-23T15:34:00.000,I 20,I 20 and Six Flags Pkwy,,Rear End,4,Clear,Dry,Daylight
2021-05-12T09:38:00.000,I 20,I 20 and Six Flags Pkwy,,Rear End,2,Rain,Wet,Daylight
2021-06-25T11:05:00.000,I 20,I 20 and Six Flags Pkwy,,Sideswipe-Same Direction,2,Clear,Dry,Daylight
2021-04-21T08:49:00.000,I 20,I 20 and Six Flags Pkwy,,Rear End,2,Clear,Dry,Daylight
2021-06-22T08:43:00.000,I 20,I 20 and Six Flags Pkwy,,Rear End,2,Rain,Wet,Daylight
2021-04-29T16:20:00.000,I 20,I 20 and Six Flags Pkwy,,Rear End,3,Clear,Dry,Daylight
2021-04-14T11:08:00.000,I 20,I 20 and Six Flags Pkwy,,Rear End,2,Clear,Dry,Daylight
2021-10-03T13:49:00.000,I 20,I 20 and Six Flags Pkwy,,Rear End,5,Clear,Dry,Daylight
2021-07-22T10:11:00.000,I 20,I 20 and Six Flags Pkwy,,Angle Crash,2,Clear,Dry,Daylight
2021-09-21T16:14:00.000,I 20,I 20 and Six Flags Pkwy,,Rear End,2,Clear,Dry,Daylight
2021-08-06T14:27:00.000,I 20,I 20 and Six Flags Pkwy,,Rear End,2,Clear,Dry,Daylight
2021-12-21T13:07:00.000,I 20,I 20 and Six Flags Pkwy,,Rear End,2,Rain,Wet,Daylight
2021-09-03T20:30:00.000,I 20,I 20 and Six Flags Pkwy,,Sideswipe-Same Direction,2,Clear,Dry,Dark-Not Lighted
2021-08-26T18:52:00.000,I 20,I 20 and Six Flags Pkwy,,Sideswipe-Same Direction,2,Clear,Dry,Daylight
2021-10-15T14:34:00.000,I 20,I 20 and Six Flags Pkwy,,Rear End,2,Clear,Dry,Daylight
2021-11-23T19:23:00.000,I 20,I 20 and Six Flags Pkwy,,Rear End,3,Clear,Dry,Dark-Not Lighted
2021-09-16T08:11:00.000,I 20,I 20 and Six Flags Pkwy,,Rear End,2,Rain,Wet,Daylight
2021-10-27T07:39:00.000,I 20,I 20 and Six Flags Pkwy,,Rear End,2,Clear,Dry,Daylight
2021-09-03T09:46:00.000,I 20,I 20 and Six Flags Pkwy,,Sideswipe-Same Direction,2,Clear,Dry,Daylight
2021-09-03T20:30:00.000,I 20,I 20 and Six Flags Pkwy,,Rear End,2,Clear,Dry,Dark-Not Lighted
2021-07-22T10:11:00.000,I 20,I 20 and Six Flags Pkwy,,Not a Collision with Motor Vehicle,1,Clear,Dry,Daylight
2021-12-19T15:15:00.000,I 20,I 20 and Six Flags Pkwy,,Rear End,2,Clear,Dry,Daylight
2021-09-01T11:55:00.000,I 20,I 20 and Six Flags Pkwy,,Rear End,2,Clear,Dry,Daylight
2021-10-18T16:50:00.000,I 20,I 20 and Six Flags Pkwy,,Not a Collision with Motor Vehicle,1,Clear,Dry,Daylight
2021-10-03T17:13:00.000,I 20,I 20 and Six Flags Pkwy,,Angle Crash,3,Rain,Wet,Daylight
2021-10-02T13:22:00.000,I 20,I 20 and Six Flags Pkwy,,Rear End,3,Clear,Dry,Daylight
2021-10-04T15:21:00.000,I 20,I 20 and Six Flags Pkwy,,Angle Crash,2,Cloudy,Dry,Daylight
2021-07-05T07:18:00.000,I 20,I 20 and Six Flags Pkwy,,Not a Collision with Motor Vehicle,1,Clear,Dry,Daylight
2021-12-10T17:22:00.000,I 20,I 20 and Six Flags Pkwy,,Sideswipe-Same Direction,2,Cloudy,Dry,Dark-Not Lighted
2021-09-03T20:30:00.000,I 20,I 20 and Six Flags Pkwy,,Rear End,2,Clear,Dry,Dark-Not Lighted
2021-12-15T07:07:00.000,I 20,I 20 and Six Flags Pkwy,,Rear End,3,Clear,Dry,Daylight
2021-09-18T13:45:00.000,I 20,I 20 and Six Flags Pkwy,,Rear End,2,Clear,Dry,Daylight
2021-08-28T07:23:00.000,I 20,I 20 and Six Flags Pkwy,,Sideswipe-Same Direction,2,Clear,Dry,Daylight
2021-08-03T17:24:00.000,I 20,I 20 and Six Flags Pkwy,,Sideswipe-Same Direction,2,Cloudy,Wet,Daylight
2021-09-13T08:17:00.000,I 20,I 20 and Six Flags Pkwy,,Rear End,2,Clear,Dry,Daylight
2021-10-14T08:42:00.000,I 20,I 20 and Six Flags Pkwy,,Rear End,3,Clear,Dry,Daylight
2021-12-06T14:21:00.000,I 20,I 20 and Six Flags Pkwy,,Rear End,3,Rain,Wet,Daylight
2021-12-23T17:15:00.000,I 20,I 20 and Six Flags Pkwy,,Sideswipe-Same Direction,2,Clear,Dry,Daylight
2021-08-11T12:54:00.000,I 20,I 20 and Six Flags Pkwy,,Rear End,2,Clear,Dry,Daylight
2021-11-02T09:02:00.000,I 20,I 20 and Six Flags Pkwy,,Rear End,2,Clear,Dry,Daylight
2021-07-14T14:45:00.000,I 20,I 20 and Six Flags Pkwy,,Rear End,2,Cloudy,Dry,Daylight
2021-10-29T10:03:00.000,I 20,I 20 and Six Flags Pkwy,,Rear End,5,Rain,Wet,Daylight
2021-09-25T22:19:00.000,I 20,I 20 and Six Flags Pkwy,,Rear End,2,Clear,Dry,Dark-Lighted
2021-12-29T15:20:00.000,I 20,I 20 and Six Flags Pkwy,,Rear End,2,Cloudy,Dry,Daylight
2022-07-25T05:40:00.000,I 20,I 20 and Six Flags Pkwy,,Rear End,2,Clear,Dry,Dark-Not Lighted
2022-07-26T07:05:00.000,I 20,I 20 and Six Flags Pkwy,,Rear End,2,Clear,Dry,Daylight
2022-10-01T05:05:00.000,I 20,I 20 and Six Flags Pkwy,,Sideswipe-Same Direction,3,Clear,Dry,Dark-Not Lighted
2022-03-26T19:14:00.000,I 20,I 20 and Six Flags Pkwy,,Sideswipe-Same Direction,2,Clear,Dry,Daylight
2022-08-11T15:30:00.000,I 20,I 20 and Six Flags Pkwy,,Sideswipe-Same Direction,2,Clear,Dry,Daylight
2022-06-04T13:20:00.000,I 20,I 20 and Six Flags Pkwy,,Rear End,2,Clear,Dry,Daylight
2022-05-11T16:52:00.000,I 20,I 20 and Six Flags Pkwy,,Rear End,4,Clear,Dry,Daylight
2022-07-21T10:30:00.000,I 20,I 20 and Six Flags Pkwy,,Sideswipe-Same Direction,2,Rain,Wet,Daylight
2022-10-28T13:25:00.000,I 20,I 20 and Six Flags Pkwy,,Rear End,2,Clear,Dry,Daylight
2021-10-05T10:35:00.000,I 20,I 20 and Six Flags Pkwy,,Rear End,2,Rain,Wet,Daylight
2021-07-20T06:50:00.000,I 20,I 20 and Six Flags Pkwy,,Rear End,2,Rain,Wet,Daylight
2021-11-19T20:23:00.000,I 20,I 20 and Six Flags Pkwy,,Rear End,3,Clear,Dry,Dark-Not Lighted
2021-09-08T08:45:00.000,I 20,I 20 and Six Flags Pkwy,,Rear End,2,Clear,Dry,Daylight
2021-11-10T16:23:00.000,I 20,I 20 and Six Flags Pkwy,,Sideswipe-Same Direction,2,Cloudy,Dry,Daylight
2021-08-11T17:30:00.000,I 20,I 20 and Six Flags Pkwy,,Rear End,2,Rain,Wet,Daylight
2021-10-03T18:39:00.000,I 20,I 20 and Six Flags Pkwy,,Rear End,2,Rain,Wet,Daylight
2021-08-28T17:50:00.000,I 20,I 20 and Six Flags Pkwy,,Rear End,1,Clear,Dry,Daylight
2021-08-27T18:30:00.000,I 20,I 20 and Six Flags Pkwy,,Rear End,2,Clear,Dry,Daylight
2021-07-01T11:30:00.000,I 20,I 20 and Six Flags Pkwy,,Angle Crash,2,Clear,Dry,Daylight
2021-12-23T18:15:00.000,I 20,I 20 and Six Flags Pkwy,,Rear End,3,Clear,Dry,Dark-Not Lighted
2021-07-08T16:08:00.000,I 20,I 20 and Six Flags Pkwy,,Rear End,2,Clear,Dry,Daylight
2021-07-28T13:24:00.000,I 20,I 20 and Six Flags Pkwy,,Sideswipe-Same Direction,2,Clear,Dry,Daylight
2021-12-28T13:50:00.000,I 20,I 20 and Six Flags Pkwy,,Rear End,4,Rain,Wet,Daylight
2021-09-03T21:00:00.000,I 20,I 20 and Six Flags Pkwy,,Rear End,2,Clear,Dry,Dark-Lighted
2021-07-20T06:45:00.000,I 20,I 20 and Six Flags Pkwy,,Rear End,2,Rain,Wet,Dawn
2022-10-21T06:35:00.000,I 20,I 20 and Six Flags Pkwy,,Rear End,2,Clear,Dry,Dark-Lighted
2022-08-26T16:00:00.000,I 20,I 20 and Six Flags Pkwy,,Rear End,2,Clear,Dry,Daylight
2022-04-01T07:00:00.000,I 20,I 20 and Six Flags Pkwy,,Rear End,2,Cloudy,Dry,Daylight
2022-01-31T16:25:00.000,I 20,I 20 and Six Flags Pkwy,,Rear End,2,Clear,Dry,Daylight
2022-03-24T06:38:00.000,I 20,I 20 and Six Flags Pkwy,,Rear End,3,Clear,Dry,Dark-Not Lighted
2022-06-10T06:15:00.000,I 20,I 20 and Six Flags Pkwy,,Sideswipe-Same Direction,5,Clear,Dry,Daylight
2022-10-16T14:05:00.000,I 20,I 20 and Six Flags Pkwy,,Rear End,3,Clear,Dry,Daylight
2022-10-23T13:53:00.000,I 20,I 20 and Six Flags Pkwy,,Rear End,3,Clear,Dry,Daylight
2022-12-30T19:14:00.000,I 20,I 20 and Six Flags Pkwy,,Rear End,2,Clear,Dry,Dark-Not Lighted
2022-12-15T02:30:00.000,I 20,I 20 and Six Flags Pkwy,,Not a Collision with Motor Vehicle,1,Rain,Wet,Dark-Lighted
2022-12-10T12:34:00.000,I 20,I 20 and Six Flags Pkwy,,Sideswipe-Same Direction,2,Clear,Dry,Daylight
2022-12-12T18:13:00.000,I 20,I 20 and Six Flags Pkwy,,Rear End,3,Clear,Dry,Dark-Not Lighted
2022-10-01T05:08:00.000,I 20,I 20 and Six Flags Pkwy,,Not a Collision with Motor Vehicle,1,Clear,Dry,Dark-Lighted
2022-12-14T17:44:00.000,I 20,I 20 and Six Flags Pkwy,,Angle Crash,7,Rain,Wet,Dark-Not Lighted
2022-04-28T14:46:00.000,I 20,I 20 and Six Flags Pkwy,,Rear End,3,Clear,Dry,Daylight
2022-01-26T09:38:00.000,I 20,I 20 and Six Flags Pkwy,,Rear End,3,Clear,Dry,Daylight
2022-08-28T00:10:00.000,I 20,I 20 and Six Flags Pkwy,,Not a Collision with Motor Vehicle,1,Clear,Dry,Dark-Lighted
2022-03-17T06:07:00.000,I 20,I 20 and Six Flags Pkwy,,Rear End,3,Fog,Wet,Dark-Not Lighted
2022-07-13T15:00:00.000,I 20,I 20 and Six Flags Pkwy,,Rear End,2,Cloudy,Dry,Daylight
2022-10-23T13:03:00.000,I 20,I 20 and Six Flags Pkwy,,Rear End,2,Clear,Dry,Daylight
2022-12-06T06:30:00.000,I 20,I 20 and Six Flags Pkwy,,Rear End,2,Rain,Wet,Dark-Lighted
2022-06-20T17:06:00.000,I 20,I 20 and Six Flags Pkwy,,Rear End,2,Cloudy,Dry,Daylight
2022-09-16T09:44:00.000,I 20,I 20 and Six Flags Pkwy,,Rear End,3,Clear,Dry,Daylight