Date and Time,Roadway (From Crash Report),Intersection Name (from Crash Report),KABCO Severity,Manner of Collision (Crash Level) ,# of Vehicles per crash ,Weather Conditions (Crash Level),Surface Condition (Crash Level) ,Light Conditions (Crash Level)
2022-12-29T19:42:00.000,I 20,I 20 and Six Flags Pkwy,,Rear End,2,Clear,Dry,Dark-Not Lighted
2022-12-10T18:03:00.000,I 20,I 20 and Six Flags Pkwy,,Rear End,3,Cloudy,Dry,Dark-Not Lighted
2022-11-27T18:20:00.000,I 20,I 20 and Six Flags Pkwy,,Rear End,2,Clear,Dry,Dark-Not Lighted
2022-02-21T20:57:00.000,I 20,I 20 and Six Flags Pkwy,,Rear End,2,Rain,Wet,Dark-Lighted
2022-10-18T07:08:00.000,I 20,I 20 and Six Flags Pkwy,,Rear End,2,Clear,Dry,Dawn
2022-12-21T17:38:00.000,I 20,I 20 and Six Flags Pkwy,,Rear End,2,Cloudy,Dry,Dusk
2022-04-19T16:57:00.000,I 20,I 20 and Six Flags Pkwy,,Rear End,2,Clear,Dry,Daylight
2022-07-18T11:26:00.000,I 20,I 20 and Six Flags Pkwy,,Angle Crash,2,Clear,Dry,Daylight
2022-12-20T06:55:00.000,I 20,I 20 and Six Flags Pkwy,,Rear End,2,Rain,Wet,Dark-Lighted
2022-12-30T12:46:00.000,I 20,I 20 and Six Flags Pkwy,,Rear End,3,Clear,Dry,Daylight
2022-08-31T08:55:00.000,I 20,I 20 and Six Flags Pkwy,,Angle Crash,2,Clear,Dry,Daylight
2022-06-28T15:55:00.000,I 20,I 20 and Six Flags Pkwy,,Not a Collision with Motor Vehicle,1,Cloudy,Dry,Daylight
2022-11-17T15:16:00.000,I 20,I 20 and Six Flags Pkwy,,Not a Collision with Motor Vehicle,1,Clear,Dry,Daylight
2022-01-07T18:07:00.000,I 20,I 20 and Six Flags Pkwy,,Rear End,2,Clear,Dry,Dark-Not Lighted
2022-02-03T16:05:00.000,I 20,I 20 and Six Flags Pkwy,,Not a Collision with Motor Vehicle,1,Rain,Wet,Daylight
2022-12-22T09:50:00.000,I 20,I 20 and Six Flags Pkwy,,Rear End,2,Clear,Dry,Daylight
2022-11-08T09:09:00.000,I 20,I 20 and Six Flags Pkwy,,Rear End,2,Clear,Dry,Daylight
2022-01-27T15:58:00.000,I 20,I 20 and Six Flags Pkwy,,Rear End,2,Clear,Dry,Daylight
2022-11-18T18:07:00.000,I 20,I 20 and Six Flags Pkwy,,Rear End,2,Clear,Dry,Dark-Lighted
2021-11-15T14:00:00.000,I 20,I 20 and Six Flags Pkwy,,Rear End,2,Clear,Dry,Daylight
2021-10-02T11:34:00.000,I 20,I 20 and Six Flags Pkwy,,Not a Collision with Motor Vehicle,3,Cloudy,Dry,Daylight
2021-12-21T07:22:00.000,I 20,I 20 and Six Flags Pkwy,,Angle Crash,2,Rain,Wet,Dark-Not Lighted
2021-07-20T08:57:00.000,I 20,I 20 and Six Flags Pkwy,,Rear End,3,Rain,Wet,Daylight
2021-12-10T18:44:00.000,I 20,I 20 and Six Flags Pkwy,,Rear End,3,Cloudy,Wet,Dark-Not Lighted
2022-07-13T10:48:00.000,I 20,I 20 and Six Flags Pkwy,,Sideswipe-Same Direction,2,Clear,Dry,Daylight
2022-10-06T06:45:00.000,I 20,I 20 and Six Flags Pkwy,,Rear End,2,Clear,Dry,Dark-Lighted
2022-05-27T11:45:00.000,I 20,I 20 and Six Flags Pkwy,,Rear End,2,Clear,Dry,Daylight
2022-06-17T07:26:00.000,I 20,I 20 and Six Flags Pkwy,,Rear End,4,Clear,Dry,Daylight
2022-06-10T12:18:00.000,I 20,I 20 and Six Flags Pkwy,,Rear End,2,Clear,Dry,Daylight
2022-02-15T14:39:00.000,I 20,I 20 and Six Flags Pkwy,,Sideswipe-Same Direction,2,Clear,Dry,Daylight
2022-10-14T09:15:00.000,I 20,I 20 and Six Flags Pkwy,,Rear End,2,Clear,Dry,Daylight
2022-03-26T19:14:00.000,I 20,I 20 and Six Flags Pkwy,,Sideswipe-Same Direction,2,Clear,Dry,Daylight
2022-03-26T14:10:00.000,I 20,I 20 and Six Flags Pkwy,,Rear End,2,Clear,Dry,Daylight
2022-03-19T18:13:00.000,I 20,I 20 and Six Flags Pkwy,,Rear End,2,Clear,Dry,Daylight
2022-02-09T14:28:00.000,I 20,I 20 and Six Flags Pkwy,,Sideswipe-Same Direction,2,Clear,Dry,Daylight
2022-01-13T12:29:00.000,I 20,I 20 and Six Flags Pkwy,,Rear End,2,Clear,Dry,Daylight
2022-06-19T14:50:00.000,I 20,I 20 and Six Flags Pkwy,,Angle Crash,2,Clear,Dry,Daylight
2022-12-29T20:41:00.000,I 20,I 20 and Six Flags Pkwy,,Sideswipe-Same Direction,2,Clear,Dry,Dark-Not Lighted
2022-11-20T00:00:00.000,I 20,I 20 and Six Flags Pkwy,,Sideswipe-Same Direction,2,Clear,Dry,Dark-Not Lighted
2022-06-01T21:20:00.000,I 20,I 20 and Six Flags Pkwy,,Not a Collision with Motor Vehicle,1,Clear,Dry,Dark-Not Lighted
2022-10-26T08:29:00.000,I 20,I 20 and Six Flags Pkwy,,Rear End,2,Clear,Dry,Daylight
2022-10-18T07:08:00.000,I 20,I 20 and Six Flags Pkwy,,Sideswipe-Same Direction,2,Clear,Dry,Dawn
2022-04-29T16:30:00.000,I 20,I 20 and Six Flags Pkwy,,Rear End,2,Clear,Dry,Daylight
2022-03-03T07:16:00.000,I 20,I 20 and Six Flags Pkwy,,Rear End,2,Clear,Dry,Daylight
2022-07-09T14:25:00.000,I 20,I 20 and Six Flags Pkwy,,Rear End,1,Clear,Dry,Daylight
2022-08-22T15:57:00.000,I 20,I 20 and Six Flags Pkwy,,Rear End,2,Clear,Dry,Daylight
2022-01-01T01:39:00.000,I 20,I 20 and Six Flags Pkwy,,Sideswipe-Same Direction,2,Rain,Wet,Dark-Lighted
2022-03-07T06:35:00.000,I 20,I 20 and Six Flags Pkwy,,Rear End,2,Clear,Dry,Dawn
2022-04-01T14:13:00.000,I 20,I 20 and Six Flags Pkwy,,Rear End,2,Clear,Dry,Daylight
2022-07-10T11:24:00.000,I 20,I 20 and Six Flags Pkwy,,Sideswipe-Same Direction,2,Cloudy,Dry,Daylight
2022-12-04T05:04:00.000,I 20,I 20 and Six Flags Pkwy,,Sideswipe-Same Direction,2,Clear,Dry,Dark-Lighted
2022-12-22T17:26:00.000,I 20,I 20 and Six Flags Pkwy,,Rear End,2,Cloudy,Dry,Dusk
2022-10-30T23:00:00.000,I 20,I 20 and Six Flags Pkwy,,Rear End,2,Rain,Wet,Dark-Not Lighted
2022-01-11T06:55:00.000,I 20,I 20 and Six Flags Pkwy,,Rear End,5,Clear,Dry,Dark-Not Lighted
2022-09-13T16:10:00.000,I 20,I 20 and Six Flags Pkwy,,Rear End,2,Clear,Dry,Daylight
2022-05-27T21:40:00.000,I 20,I 20 and Six Flags Pkwy,,Rear End,3,Clear,Dry,Dark-Not Lighted
2022-03-22T08:36:00.000,I 20,I 20 and Six Flags Pkwy,,Rear End,2,Clear,Dry,Daylight
2022-12-01T14:43:00.000,I 20,I 20 and Six Flags Pkwy,,Rear End,3,Clear,Dry,Daylight
2022-07-28T13:35:00.000,I 20,I 20 and Six Flags Pkwy,,Sideswipe-Same Direction,2,Clear,Dry,Daylight
2022-05-01T16:48:00.000,I 20,I 20 and Six Flags Pkwy,,Not a Collision with Motor Vehicle,2,Clear,Dry,Daylight
2022-01-14T19:42:00.000,I 20,I 20 and Six Flags Pkwy,,Rear End,2,Cloudy,Dry,Dark-Not Lighted
2022-02-21T10:05:00.000,I 20,I 20 and Six Flags Pkwy,,Rear End,3,Clear,Dry,Daylight
2022-06-09T14:58:00.000,I 20,I 20 and Six Flags Pkwy,,Rear End,3,Cloudy,Dry,Daylight
2022-11-25T08:26:00.000,I 20,I 20 and Six Flags Pkwy,,Not a Collision with Motor Vehicle,1,Cloudy,Wet,Daylight
2022-12-20T08:14:00.000,I 20,I 20 and Six Flags Pkwy,,Rear End,2,Rain,Wet,Daylight
2022-09-15T09:05:00.000,I 20,I 20 and Six Flags Pkwy,,Rear End,2,Clear,Dry,Daylight
2022-07-06T08:19:00.000,I 20,I 20 and Six Flags Pkwy,,Sideswipe-Same Direction,2,Clear,Dry,Daylight
2022-02-14T14:40:00.000,I 20,I 20 and Six Flags Pkwy,,Rear End,3,Cloudy,Dry,Daylight
2022-06-11T14:20:00.000,I 20,I 20 and Six Flags Pkwy,,Rear End,2,Cloudy,Dry,Daylight
2022-10-24T15:57:00.000,I 20,I 20 and Six Flags Pkwy,,Rear End,2,Clear,Dry,Daylight
2022-11-27T18:20:00.000,I 20,I 20 and Six Flags Pkwy,,Rear End,5,Clear,Dry,Daylight
2022-11-23T18:40:00.000,I 20,I 20 and Six Flags Pkwy,,Rear End,2,Clear,Dry,Dark-Not Lighted
2022-04-20T17:20:00.000,I 20,I 20 and Six Flags Pkwy,,Rear End,2,Clear,Dry,Daylight
2022-04-18T05:40:00.000,I 20,I 20 and Six Flags Pkwy,,Rear End,2,Clear,Dry,Dark-Not Lighted
2022-07-29T16:22:00.000,I 20,I 20 and Six Flags Pkwy,,Rear End,2,Cloudy,Dry,Daylight
2022-01-06T16:01:00.000,I 20,I 20 and Six Flags Pkwy,,Rear End,3,Rain,Wet,Daylight
2022-02-03T10:45:00.000,I 20,I 20 and Six Flags Pkwy,,Rear End,3,Rain,Wet,Daylight
2022-09-07T06:18:00.000,I 20,I 20 and Six Flags Pkwy,,Rear End,2,Clear,Dry,Dark-Lighted
2022-04-04T17:24:00.000,I 20,I 20 and Six Flags Pkwy,,Rear End,2,Cloudy,Dry,Daylight
2022-01-01T01:39:00.000,I 20,I 20 and Six Flags Pkwy,,Sideswipe-Same Direction,2,Rain,Wet,Dark-Lighted
2022-06-19T13:57:00.000,I 20,I 20 and Six Flags Pkwy,,Rear End,1,Clear,Dry,Daylight
2022-04-25T08:52:00.000,I 20,I 20 and Six Flags Pkwy,,Rear End,2,Clear,Dry,Daylight
2022-10-10T16:55:00.000,I 20,I 20 and Six Flags Pkwy,,Rear End,2,Clear,Dry,Daylight
2022-04-25T10:27:00.000,I 20,I 20 and Six Flags Pkwy,,Rear End,2,Clear,Dry,Daylight
2022-12-28T12:30:00.000,I 20,I 20 and Six Flags Pkwy,,Rear End,2,Clear,Dry,Daylight
2022-01-18T07:20:00.000,I 20,I 20 and Six Flags Pkwy,,Rear End,2,Clear,Dry,Daylight
2022-05-23T11:58:00.000,I 20,I 20 and Six Flags Pkwy,,Rear End,2,Rain,Wet,Daylight
2022-06-02T16:01:00.000,I 20,I 20 and Six Flags Pkwy,,Rear End,3,Clear,Dry,Daylight
2022-06-11T14:46:00.000,I 20,I 20 and Six Flags Pkwy,,Sideswipe-Same Direction,2,Clear,Dry,Daylight
2022-05-03T14:56:00.000,I 20,I 20 and Six Flags Pkwy,,Rear End,2,Clear,Dry,Daylight
2022-06-13T13:00:00.000,I 20,I 20 and Six Flags Pkwy,,Rear End,2,Clear,Dry,Daylight
2022-10-28T19:32:00.000,I 20,I 20 and Six Flags Pkwy,,Rear End,2,Clear,Dry,Dark-Lighted
2022-05-23T16:22:00.000,I 20,I 20 and Six Flags Pkwy,,Rear End,2,Clear,Dry,Daylight
2022-09-14T08:00:00.000,I 20,I 20 and Six Flags Pkwy,,Rear End,2,Clear,Dry,Daylight
2022-07-16T10:46:00.000,I 20,I 20 and Six Flags Pkwy,,Sideswipe-Same Direction,2,Clear,Dry,Daylight
2022-06-13T06:43:00.000,I 20,I 20 and Six Flags Pkwy,,Rear End,2,Clear,Dry,Daylight
2022-09-28T10:35:00.000,I 20,I 20 and Six Flags Pkwy,,Rear End,2,Clear,Dry,Daylight
2022-06-13T12:58:00.000,I 20,I 20 and Six Flags Pkwy,,Rear End,2,Clear,Dry,Daylight
2022-03-13T11:30:00.000,I 20,I 20 and Six Flags Pkwy,,Angle Crash,2,Clear,Dry,Daylight
2022-03-27T17:05:00.000,I 20,I 20 and Six Flags Pkwy,,Rear End,2,Clear,Dry,Daylight
2022-03-22T08:36:00.000,I 20,I 20 and Six Flags Pkwy,,Rear End,3,Clear,Dry,Daylight
2022-12-02T17:52:00.000,I 20,I 20 and Six Flags Pkwy,,Rear End,3,Clear,Dry,Dark-Not Lighted
2022-01-27T18:15:00.000,I 20,I 20 and Six Flags Pkwy,,Rear End,2,Clear,Dry,Daylight
2022-08-31T12:33:00.000,I 20,I 20 and Six Flags Pkwy,,Rear End,3,Clear,Dry,Daylight
2022-03-19T16:00:00.000,I 20,I 20 and Six Flags Pkwy,,Angle Crash,4,Clear,Dry,Daylight
2022-06-04T13:20:00.000,I 20,I 20 and Six Flags Pkwy,,Rear End,2,Clear,Dry,Daylight
2022-09-29T06:35:00.000,I 20,I 20 and Six Flags Pkwy,,Rear End,2,Clear,Dry,Dark-Not Lighted
2022-06-12T13:40:00.000,I 20,I 20 and Six Flags Pkwy,,Sideswipe-Same Direction,2,Clear,Dry,Daylight
2022-11-04T11:18:00.000,I 20,I 20 and Six Flags Pkwy,,Rear End,3,Clear,Dry,Daylight
2022-07-13T15:03:00.000,I 20,I 20 and Six Flags Pkwy,,Rear End,2,Cloudy,Dry,Daylight
2022-01-12T00:48:00.000,I 20,I 20 and Six Flags Pkwy,,Sideswipe-Same Direction,2,Clear,Dry,Dark-Lighted
2022-03-03T15:38:00.000,I 20,I 20 and Six Flags Pkwy,,Rear End,4,Clear,Dry,Daylight
2022-05-03T18:37:00.000,I 20,I 20 and Six Flags Pkwy,,Not a Collision with Motor Vehicle,1,Clear,Dry,Daylight
2022-08-25T17:00:00.000,I 20,I 20 and Six Flags Pkwy,,Rear End,4,Clear,Dry,Daylight
2022-02-05T18:15:00.000,I 20,I 20 and Six Flags Pkwy,,Sideswipe-Same Direction,2,Clear,Dry,Daylight
2022-12-06T06:30:00.000,I 20,I 20 and Six Flags Pkwy,,Rear End,2,Rain,Wet,Dark-Lighted
2022-10-18T12:28:00.000,I 20,I 20 and Six Flags Pkwy,,Rear End,2,Clear,Dry,Daylight
2022-09-07T06:20:00.000,I 20,I 20 and Six Flags Pkwy,,Rear End,5,Cloudy,Dry,Dark-Not Lighted
2022-01-18T15:00:00.000,I 20,I 20 and Six Flags Pkwy,,Rear End,2,Cloudy,Dry,Daylight
2022-11-23T18:40:00.000,I 20,I 20 and Six Flags Pkwy,,Rear End,2,Clear,Dry,Dark-Not Lighted
2022-06-20T17:06:00.000,I 20,I 20 and Six Flags Pkwy,,Rear End,2,Cloudy,Dry,Daylight
2022-03-01T15:30:00.000,I 20,I 20 and Six Flags Pkwy,,Rear End,2,Clear,Dry,Daylight
2022-01-20T07:50:00.000,I 20,I 20 and Six Flags Pkwy,,Rear End,2,Rain,Wet,Daylight
2022-11-18T17:04:00.000,I 20,I 20 and Six Flags Pkwy,,Angle Crash,2,Clear,Dry,Daylight
2022-08-26T23:20:00.000,I 20,I 20 and Six Flags Pkwy,,Not a Collision with Motor Vehicle,1,Clear,Dry,Dark-Lighted
2022-09-02T17:30:00.000,I 20,I 20 and Six Flags Pkwy,,Rear End,2,Rain,Wet,Daylight
2022-05-18T13:10:00.000,I 20,I 20 and Six Flags Pkwy,,Rear End,2,Clear,Dry,Daylight
2023-09-06T15:26:00.000,I 20,I 20 and Six Flags Pkwy,,Rear End,2,Clear,Dry,Daylight
2023-07-21T15:50:00.000,I 20,I 20 and Six Flags Pkwy,,Rear End,3,Clear,Wet,Daylight
2023-08-20T19:48:00.000,I 20,I 20 and Six Flags Pkwy,,Rear End,2,Clear,Dry,Daylight
2023-03-24T16:10:00.000,I 20,I 20 and Six Flags Pkwy,,Rear End,3,Clear,Dry,Daylight
2023-07-19T12:48:00.000,I 20,I 20 and Six Flags Pkwy,,Rear End,2,Clear,Dry,Daylight
2023-03-04T15:15:00.000,I 20,I 20 and Six Flags Pkwy,,Rear End,2,Clear,Dry,Daylight
2023-12-11T11:23:00.000,I 20,I 20 and Six Flags Pkwy,,Not a Collision with Motor Vehicle,2,Clear,Dry,Daylight
2023-01-17T07:18:00.000,I 20,I 20 and Six Flags Pkwy,,Rear End,2,Rain,Wet,Dark-Not Lighted
2024-02-19T10:40:00.000,I 20,I 20 and Six Flags Pkwy,,Rear End,2,Clear,Dry,Daylight
2024-02-02T13:26:00.000,I 20,I 20 and Six Flags Pkwy,,Angle Crash,2,Clear,Dry,Daylight
2024-12-23T11:00:00.000,I 20,I 20 and Six Flags Pkwy,,Rear End,2,Clear,Dry,Daylight
2024-09-28T16:39:00.000,I 20,I 20 and Six Flags Pkwy,,Rear End,2,Cloudy,Dry,Daylight
2024-02-16T12:20:00.000,I 20,I 20 and Six Flags Pkwy,,Rear End,2,Clear,Dry,Daylight
2024-04-26T14:15:00.000,I 20,I 20 and Six Flags Pkwy,,Sideswipe-Same Direction,3,Clear,Dry,Daylight
2024-05-21T12:50:00.000,I 20,I 20 and Six Flags Pkwy,,Rear End,3,Clear,Dry,Daylight
2024-12-04T06:00:00.000,I 20,I 20 and Six Flags Pkwy,,Rear End,2,Clear,Dry,Dark-Lighted
2024-01-19T15:17:00.000,I 20,I 20 and Six Flags Pkwy,,Rear End,2,Clear,Dry,Daylight
2024-11-16T00:40:00.000,I 20,I 20 and Six Flags Pkwy,,Not a Collision with Motor Vehicle,1,Cloudy,Dry,Dark-Lighted
2024-12-29T04:35:00.000,I 20,I 20 and Six Flags Pkwy,,Rear End,2,Severe Thunderstorm or Tornadic,Wet,Dark-Not Lighted
2024-01-06T19:44:00.000,I 20,I 20 and Six Flags Pkwy,,Not a Collision with Motor Vehicle,1,Cloudy,Dry,Dark-Not Lighted
2024-01-29T07:58:00.000,I 20,I 20 and Six Flags Pkwy,,Rear End,2,Cloudy,Dry,Daylight
2024-01-29T13:20:00.000,I 20,I 20 and Six Flags Pkwy,,Sideswipe-Same Direction,2,Clear,Dry,Daylight
2024-05-12T17:30:00.000,I 20,I 20 and Six Flags Pkwy,,Sideswipe-Same Direction,2,Cloudy,Dry,Daylight
2024-09-17T05:50:00.000,I 20,I 20 and Six Flags Pkwy,,Rear End,2,Clear,Dry,Dawn
2024-01-23T08:25:00.000,I 20,I 20 and Six Flags Pkwy,,Rear End,2,Rain,Wet,Daylight
2024-05-11T16:30:00.000,I 20,I 20 and Six Flags Pkwy,,Rear End,3,Cloudy,Dry,Daylight
2024-09-11T08:05:00.000,I 20,I 20 and Six Flags Pkwy,,Rear End,2,Clear,Dry,Daylight
2024-12-12T13:48:00.000,I 20,I 20 and Six Flags Pkwy,,Rear End,3,Clear,Dry,Daylight
2024-07-12T16:25:00.000,I 20,I 20 and Six Flags Pkwy,,Sideswipe-Same Direction,2,Clear,Dry,Daylight
2024-12-04T17:02:00.000,I 20,I 20 and Six Flags Pkwy,,Rear End,2,Clear,Dry,Daylight
2024-06-02T19:10:00.000,I 20,I 20 and Six Flags Pkwy,,Rear End,2,Clear,Dry,Daylight
2024-11-20T16:14:00.000,I 20,I 20 and Six Flags Pkwy,,Rear End,2,Clear,Dry,Daylight
2024-01-04T12:39:00.000,I 20,I 20 and Six Flags Pkwy,,Rear End,2,Clear,Dry,Daylight
2024-10-11T19:48:00.000,I 20,I 20 and Six Flags Pkwy,,Rear End,2,Clear,Dry,Dark-Not Lighted
2024-10-26T18:00:00.000,I 20,I 20 and Six Flags Pkwy,,Sideswipe-Same Direction,2,Clear,Dry,Daylight
2024-04-20T17:50:00.000,I 20,I 20 and Six Flags Pkwy,,Sideswipe-Same Direction,2,Cloudy,Dry,Daylight
2023-03-27T16:20:00.000,I 20,I 20 and Six Flags Pkwy,,Rear End,2,Clear,Dry,Daylight
2023-09-21T14:27:00.000,I 20,I 20 and Six Flags Pkwy,,Rear End,2,Clear,Dry,Daylight
2023-03-25T16:45:00.000,I 20,I 20 and Six Flags Pkwy,,Angle Crash,2,Clear,Dry,Daylight
2023-07-19T07:00:00.000,I 20,I 20 and Six Flags Pkwy,,Rear End,2,Clear,Dry,Daylight
2024-05-28T15:35:00.000,I 20,I 20 and Six Flags Pkwy,,Rear End,2,Clear,Dry,Daylight
2024-01-30T06:20:00.000,I 20,I 20 and Six Flags Pkwy,,Rear End,2,Clear,Dry,Dark-Lighted
2024-12-12T10:30:00.000,I 20,I 20 and Six Flags Pkwy,,Rear End,3,Clear,Dry,Daylight
2024-11-09T18:25:00.000,I 20,I 20 and Six Flags Pkwy,,Rear End,3,Clear,Dry,Dark-Not Lighted
2024-01-12T06:30:00.000,I 20,I 20 and Six Flags Pkwy,,Rear End,3,Clear,Dry,Dark-Not Lighted
2024-05-12T13:40:00.000,I 20,I 20 and Six Flags Pkwy,,Sideswipe-Same Direction,2,Clear,Dry,Daylight
2024-01-12T06:25:00.000,I 20,I 20 and Six Flags Pkwy,,Rear End,2,Clear,Dry,Daylight
2024-02-05T07:44:00.000,I 20,I 20 and Six Flags Pkwy,,Sideswipe-Same Direction,2,Clear,Dry,Daylight
2024-03-21T16:20:00.000,I 20,I 20 and Six Flags Pkwy,,Rear End,2,Clear,Dry,Daylight
2023-10-07T11:55:00.000,I 20,I 20 and Six Flags Pkwy,,Rear End,2,Clear,Dry,Daylight
2023-08-20T19:10:00.000,I 20,I 20 and Six Flags Pkwy,,Rear End,4,Clear,Dry,Daylight
2023-10-29T14:31:00.000,I 20,I 20 and Six Flags Pkwy,,Rear End,2,Clear,Dry,Daylight
2023-10-23T06:42:00.000,I 20,I 20 and Six Flags Pkwy,,Sideswipe-Same Direction,3,Clear,Dry,Dawn
2023-07-10T16:05:00.000,I 20,I 20 and Six Flags Pkwy,,Angle Crash,2,Clear,Dry,Daylight
2023-04-06T15:00:00.000,I 20,I 20 and Six Flags Pkwy,,Rear End,3,Clear,Dry,Daylight
2023-04-21T14:25:00.000,I 20,I 20 and Six Flags Pkwy,,Rear End,2,Clear,Dry,Daylight
2023-02-11T09:21:00.000,I 20,I 20 and Six Flags Pkwy,,Not a Collision with Motor Vehicle,1,Clear,Dry,Daylight
2023-08-17T12:37:00.000,I 20,I 20 and Six Flags Pkwy,,Rear End,3,Clear,Dry,Daylight
2023-12-14T13:16:00.000,I 20,I 20 and Six Flags Pkwy,,Rear End,2,Clear,Dry,Daylight
2023-01-28T01:41:00.000,I 20,I 20 and Six Flags Pkwy,,Angle Crash,2,Clear,Dry,Dark-Not Lighted
2023-11-21T16:08:00.000,I 20,I 20 and Six Flags Pkwy,,Rear End,2,Rain,Wet,Daylight
2023-11-26T18:19:00.000,I 20,I 20 and Six Flags Pkwy,,Rear End,2,Rain,Wet,Dark-Not Lighted
2023-06-01T13:33:00.000,I 20,I 20 and Six Flags Pkwy,,Rear End,2,Clear,Dry,Daylight
2023-11-22T01:59:00.000,I 20,I 20 and Six Flags Pkwy,,Sideswipe-Same Direction,2,Clear,Wet,Dark-Not Lighted
2023-12-26T14:14:00.000,I 20,I 20 and Six Flags Pkwy,,Rear End,2,Cloudy,Wet,Daylight
2023-07-19T10:59:00.000,I 20,I 20 and Six Flags Pkwy,,Rear End,2,Clear,Dry,Daylight
2023-04-22T13:40:00.000,I 20,I 20 and Six Flags Pkwy,,Rear End,2,Clear,Dry,Daylight
2023-07-25T10:21:00.000,I 20,I 20 and Six Flags Pkwy,,Rear End,2,Clear,Dry,Daylight
2023-02-13T07:15:00.000,I 20,I 20 and Six Flags Pkwy,,Rear End,1,Clear,Dry,Daylight
2023-11-29T06:27:00.000,I 20,I 20 and Six Flags Pkwy,,Rear End,2,Clear,Dry,Dawn
2023-12-20T05:20:00.000,I 20,I 20 and Six Flags Pkwy,,Rear End,7,Clear,Dry,Dark-Lighted
2023-06-25T18:40:00.000,I 20,I 20 and Six Flags Pkwy,,Rear End,3,Rain,Wet,Daylight
2023-04-13T11:36:00.000,I 20,I 20 and Six Flags Pkwy,,Not a Collision with Motor Vehicle,1,Rain,Wet,Daylight
2023-12-14T16:06:00.000,I 20,I 20 and Six Flags Pkwy,,Sideswipe-Same Direction,2,Clear,Dry,Daylight
2023-03-28T17:01:00.000,I 20,I 20 and Six Flags Pkwy,,Angle Crash,3,Clear,Dry,Daylight
2023-02-09T18:20:00.000,I 20,I 20 and Six Flags Pkwy,,Rear End,3,Rain,Wet,Dark-Not Lighted
2023-02-13T12:40:00.000,I 20,I 20 and Six Flags Pkwy,,Rear End,2,Clear,Dry,Daylight
2023-05-20T15:55:00.000,I 20,I 20 and Six Flags Pkwy,,Rear End,3,Cloudy,Dry,Daylight
2023-07-29T17:11:00.000,I 20,I 20 and Six Flags Pkwy,,Sideswipe-Same Direction,4,Clear,Dry,Daylight
2023-05-22T07:13:00.000,I 20,I 20 and Six Flags Pkwy,,Sideswipe-Same Direction,2,Clear,Dry,Daylight
2023-12-12T08:26:00.000,I 20,I 20 and Six Flags Pkwy,,Rear End,3,Clear,Dry,Daylight
2023-05-22T08:54:00.000,I 20,I 20 and Six Flags Pkwy,,Rear End,4,Cloudy,Dry,Daylight
2023-05-22T06:38:00.000,I 20,I 20 and Six Flags Pkwy,,Rear End,2,Clear,Dry,Daylight
2023-02-02T10:05:00.000,I 20,I 20 and Six Flags Pkwy,,Rear End,2,Rain,Wet,Daylight
2023-12-27T17:37:00.000,I 20,I 20 and Six Flags Pkwy,,Rear End,3,Clear,Dry,Daylight
2023-12-29T18:18:00.000,I 20,I 20 and Six Flags Pkwy,,Rear End,3,Clear,Dry,Dark-Not Lighted
2023-01-10T09:15:00.000,I 20,I 20 and Six Flags Pkwy,,Rear End,2,Clear,Dry,Daylight
2023-07-30T16:20:00.000,I 20,I 20 and Six Flags Pkwy,,Rear End,3,Clear,Dry,Daylight
2023-03-25T11:09:00.000,I 20,I 20 and Six Flags Pkwy,,Rear End,2,Clear,Dry,Daylight
2023-06-19T15:15:00.000,I 20,I 20 and Six Flags Pkwy,,Sideswipe-Same Direction,2,Clear,Dry,Dark-Not Lighted
2023-06-20T18:00:00.000,I 20,I 20 and Six Flags Pkwy,,Sideswipe-Same Direction,2,Cloudy,Dry,Daylight
2023-11-26T04:00:00.000,I 20,I 20 and Six Flags Pkwy,,Rear End,2,Clear,Dry,Dark-Lighted
2023-11-09T21:01:00.000,I 20,I 20 and Six Flags Pkwy,,Rear End,2,Clear,Dry,Dark-Not Lighted
2023-01-27T16:49:00.000,I 20,I 20 and Six Flags Pkwy,,Rear End,2,Clear,Dry,Daylight
2023-04-28T13:54:00.000,I 20,I 20 and Six Flags Pkwy,,Rear End,2,Clear,Dry,Daylight
2023-03-16T14:00:00.000,I 20,I 20 and Six Flags Pkwy,,Rear End,2,Clear,Dry,Daylight
2023-04-14T09:55:00.000,I 20,I 20 and Six Flags Pkwy,,Rear End,2,Cloudy,Dry,Daylight
2023-10-16T08:30:00.000,I 20,I 20 and Six Flags Pkwy,,Rear End,2,Clear,Dry,Daylight
2023-03-17T08:46:00.000,I 20,I 20 and Six Flags Pkwy,,Rear End,2,Cloudy,Wet,Daylight
2023-12-08T10:25:00.000,I 20,I 20 and Six Flags Pkwy,,Rear End,5,Clear,Dry,Daylight
2023-08-20T19:15:00.000,I 20,I 20 and Six Flags Pkwy,,Not a Collision with Motor Vehicle,1,Clear,Dry,Daylight
2023-01-05T07:52:00.000,I 20,I 20 and Six Flags Pkwy,,Rear End,2,Clear,Dry,Daylight
2023-02-17T06:55:00.000,I 20,I 20 and Six Flags Pkwy,,Rear End,2,Rain,Wet,Daylight
2023-08-29T17:00:00.000,I 20,I 20 and Six Flags Pkwy,,Rear End,2,Clear,Dry,Daylight
2023-01-20T09:45:00.000,I 20,I 20 and Six Flags Pkwy,,Rear End,2,Clear,Dry,Daylight
2023-08-22T09:28:00.000,I 20,I 20 and Six Flags Pkwy,,Rear End,2,Clear,Dry,Daylight
2023-08-18T18:07:00.000,I 20,I 20 and Six Flags Pkwy,,Angle Crash,3,Clear,Dry,Daylight
2023-07-22T12:02:00.000,I 20,I 20 and Six Flags Pkwy,,Rear End,3,Rain,Wet,Daylight
2023-08-05T04:28:00.000,I 20,I 20 and Six Flags Pkwy,,Rear End,2,Clear,Dry,Dark-Not Lighted
2023-03-06T11:17:00.000,I 20,I 20 and Six Flags Pkwy,,Rear End,2,Clear,Dry,Daylight
2023-09-16T09:47:00.000,I 20,I 20 and Six Flags Pkwy,,Sideswipe-Same Direction,2,Rain,Wet,Daylight
2023-11-20T18:45:00.000,I 20,I 20 and Six Flags Pkwy,,Rear End,2,Clear,Dry,Dark-Not Lighted
2024-12-05T15:28:00.000,I 20,I 20 and Six Flags Pkwy,,Rear End,2,Clear,Dry,Daylight
2024-10-03T14:47:00.000,I 20,I 20 and Six Flags Pkwy,,Rear End,2,Clear,Dry,Daylight