Date and Time,Roadway (From Crash Report),Intersection Name (from Crash Report),KABCO Severity,Manner of Collision (Crash Level) ,# of Vehicles per crash ,Weather Conditions (Crash Level),Surface Condition (Crash Level) ,Light Conditions (Crash Level)
2022-12-08T12:49:00.000,I 20,I 20 and Sewell Church Road Opas,,Head On,1,Clear,Dry,Daylight
2021-11-23T09:22:00.000,I 20,I 20 and Sewell Church Rd,,Sideswipe-Same Direction,2,Clear,Dry,Daylight
2020-11-15T22:26:00.000,I 20,I 20 and Sewell Church Rd,,Rear End,2,Clear,Dry,Dark-Not Lighted
2020-12-24T17:41:00.000,I 20,I 20 and Sewell Church Rd,,Rear End,2,Rain,Wet,Dark-Not Lighted
2022-05-23T05:30:00.000,I 20,I 20 and Sewell Church Rd,,Not a Collision with Motor Vehicle,1,Cloudy,Dry,Dark-Not Lighted
2021-12-05T18:14:00.000,I 20,I 20 and Seven Islands Road Opas,,Rear End,3,Cloudy,Dry,Dark-Not Lighted
2022-04-13T05:30:00.000,I 20,I 20 and Seven Islands Rd Exit,,Not a Collision with Motor Vehicle,1,Clear,Dry,Dark-Not Lighted
2021-10-20T00:34:00.000,I 20,I 20 and Seven Islands Rd,,Not a Collision with Motor Vehicle,1,Clear,Dry,Dark-Not Lighted
2021-06-18T15:25:00.000,I 20,I 20 and Seven Islands Rd,,Rear End,2,Clear,Dry,Daylight
2023-11-21T14:00:00.000,I 20,I 20 and Seven Islands Rd,,Rear End,2,Rain,Wet,Daylight
2023-09-11T14:32:00.000,I 20,I 20 and Seven Islands Rd,,Not a Collision with Motor Vehicle,1,Rain,Wet,Daylight
2023-02-19T11:41:00.000,I 20,I 20 and Seven Islands Rd,,Not a Collision with Motor Vehicle,1,Cloudy,Dry,Daylight
2023-11-21T16:09:00.000,I 20,I 20 and Seven Islands Rd,,Angle Crash,2,Rain,Wet,Daylight
2020-10-21T00:40:00.000,I 20,I 20 and Seven Islands Rd,,Rear End,2,Clear,Dry,Dark-Not Lighted
2020-11-01T22:57:00.000,I 20,I 20 and Seven Islands Rd,,Not a Collision with Motor Vehicle,1,Clear,Dry,Dark-Not Lighted
2020-04-17T07:12:00.000,I 20,I 20 and Seven Islands Rd,,Angle Crash,1,Clear,Dry,Dark-Not Lighted
2020-09-17T02:05:00.000,I 20,I 20 and Seven Islands Rd,,Head On,1,Rain,Wet,Dark-Not Lighted
2020-02-06T13:50:00.000,I 20,I 20 and Seven Islands Rd,,Sideswipe-Same Direction,2,Rain,Wet,Daylight
2020-08-08T19:00:00.000,I 20,I 20 and Seven Islands Rd,,Not a Collision with Motor Vehicle,1,Rain,Wet,Daylight
2022-04-10T14:50:00.000,I 20,I 20 and Seven Islands Rd,,Sideswipe-Same Direction,2,Clear,Dry,Daylight
2021-12-21T08:10:00.000,I 20,I 20 and Seven Islands Rd,,Sideswipe-Same Direction,2,Cloudy,Dry,Daylight
2022-07-12T18:23:00.000,I 20,I 20 and Seven Islands Rd,,Rear End,2,Clear,Dry,Daylight
2022-08-22T17:42:00.000,I 20,I 20 and Seven Islands Rd,,Not a Collision with Motor Vehicle,1,Rain,Wet,Daylight
2022-07-24T17:38:00.000,I 20,I 20 and Seven Islands Rd,,Not a Collision with Motor Vehicle,2,Clear,Dry,Daylight
2023-10-27T08:10:00.000,I 20,I 20 and Seven Islands Rd,,Rear End,2,Clear,Dry,Daylight
2024-11-11T03:53:00.000,I 20,I 20 and Seven Islands Rd,,Sideswipe-Same Direction,2,Fog,Wet,Dark-Not Lighted
2023-02-04T10:10:00.000,I 20,I 20 and Seven Islands Rd,,Not a Collision with Motor Vehicle,1,Clear,Dry,Daylight
2023-10-14T07:31:00.000,I 20,I 20 and Seven Islands Rd,,Rear End,2,Cloudy,Dry,Dark-Not Lighted
2023-03-17T16:54:00.000,I 20,I 20 and Seven Islands Rd,,Angle Crash,2,Rain,Wet,Daylight
2023-06-23T15:16:00.000,I 20,I 20 and Seven Islands Rd,,Rear End,2,Cloudy,Wet,Daylight
2023-11-21T08:43:00.000,I 20,I 20 and Seven Islands Rd,,Sideswipe-Same Direction,2,Rain,Wet,Daylight
2024-10-08T07:30:00.000,I 20,I 20 and Seven Islands Rd,,Rear End,2,Clear,Dry,Daylight
2024-07-25T13:35:00.000,I 20,I 20 and Seven Islands Rd,,Rear End,2,Cloudy,Dry,Daylight
2023-03-30T14:25:00.000,I 20,I 20 and Seven Islands,,Sideswipe-Same Direction,2,Clear,Dry,Daylight
2020-07-03T02:15:00.000,I 20,I 20 and Seven Island Rd,,Rear End,2,Clear,Dry,Dark-Not Lighted
2024-04-27T22:53:00.000,I 20,I 20 and See Narrative,,Rear End,2,Clear,Dry,Dark-Not Lighted
2021-12-30T08:38:00.000,I 20,I 20 and Scuffle Road Opas,,Rear End,2,Cloudy,Wet,Daylight
2023-07-31T07:58:00.000,I 20,I 20 and Scuffle Road Opas,,Not a Collision with Motor Vehicle,1,Clear,Dry,Daylight
2024-05-14T14:47:00.000,I 20,I 20 and Scuffle Road Opas,,Not a Collision with Motor Vehicle,1,Clear,Dry,Daylight
2022-11-29T08:30:00.000,I 20,I 20 and Scuffle Rd,,Not a Collision with Motor Vehicle,1,Clear,Dry,Daylight
2022-07-10T16:31:00.000,I 20,I 20 and Scuffle Rd,,Not a Collision with Motor Vehicle,2,Rain,Wet,Daylight
2022-07-10T16:31:00.000,I 20,I 20 and Scuffle Rd,,(None),2,(None),(None),(None)
2022-07-18T12:38:00.000,I 20,I 20 and Scuffle Rd,,Not a Collision with Motor Vehicle,2,Clear,Dry,Daylight
2023-05-22T05:55:00.000,I 20,I 20 and Scott Ct,,Rear End,3,Cloudy,Dry,Dawn
2021-01-25T11:42:00.000,I 20,I 20 and Sc State Line,,Rear End,2,Clear,Dry,Daylight
2021-11-15T15:37:00.000,I 20,I 20 and Sc State Line,,Angle Crash,2,Clear,Dry,Daylight
2020-10-19T11:26:00.000,I 20,I 20 and Sc State Line,,Angle Crash,2,Clear,Dry,Daylight
2021-01-18T16:18:00.000,I 20,I 20 and Sc State Line,,Sideswipe-Same Direction,3,Clear,Dry,Daylight
2021-02-14T02:53:00.000,I 20,I 20 and Sc State Line,,Not a Collision with Motor Vehicle,1,Cloudy,Wet,Dark-Not Lighted
2022-05-27T13:51:00.000,I 20,I 20 and Sc State Line,,Rear End,2,Clear,Dry,Daylight
2024-05-05T14:40:00.000,I 20,I 20 and Sc State Line,,Rear End,2,Rain,Water (standing or moving),Daylight
2021-05-04T07:51:00.000,I 20,I 20 and Savannah Riv,,Rear End,2,Fog,Dry,Daylight
2022-10-25T06:05:00.000,I 20,I 20 and Salem Rd I20,,Sideswipe-Same Direction,2,Clear,Dry,Dark-Lighted
2024-10-06T23:06:00.000,I 20,I 20 and Salem Rd I20,,Not a Collision with Motor Vehicle,1,Clear,Dry,Dark-Not Lighted
2024-03-13T15:12:00.000,I 20,I 20 and Salem Rd I20,,Angle Crash,2,Cloudy,Dry,Dark-Not Lighted
2024-11-14T08:41:00.000,I 20,I 20 and Salem Rd I20,,Not a Collision with Motor Vehicle,1,Rain,Wet,Daylight
2024-12-10T15:16:00.000,I 20,I 20 and Salem Rd I20,,Not a Collision with Motor Vehicle,1,Rain,Wet,Daylight
2024-10-31T15:29:00.000,I 20,I 20 and Salem Rd I20,,Sideswipe-Same Direction,2,Clear,Dry,Daylight
2024-12-18T18:57:00.000,I 20,I 20 and Salem Rd I20,,Rear End,2,Clear,Dry,Dark-Not Lighted
2024-08-27T04:48:00.000,I 20,I 20 and Salem Rd I20,,Rear End,2,Clear,Dry,Dark-Not Lighted
2022-10-14T13:20:00.000,I 20,I 20 and Salem Rd Exit,,Angle Crash,2,Clear,Dry,Daylight
2023-12-26T23:08:00.000,I 20,I 20 and Salem Rd   S.R. 162,,Rear End,2,Rain,Wet,Dark-Lighted
2021-06-13T01:51:00.000,I 20,I 20 and Salem Rd,,Rear End,2,Clear,Dry,Dark-Not Lighted
2021-08-23T00:00:00.000,I 20,I 20 and Salem Rd,,Not a Collision with Motor Vehicle,1,Clear,Dry,Daylight
2021-02-07T01:20:00.000,I 20,I 20 and Salem Rd,,Not a Collision with Motor Vehicle,1,Rain,Wet,Dark-Not Lighted
2021-06-17T20:27:00.000,I 20,I 20 and Salem Rd,,Not a Collision with Motor Vehicle,2,Clear,Dry,Daylight
2021-06-10T21:32:00.000,I 20,I 20 and Salem Rd,,Not a Collision with Motor Vehicle,1,Clear,Dry,Daylight
2021-07-26T01:58:00.000,I 20,I 20 and Salem Rd,,Rear End,2,Cloudy,Dry,Dark-Not Lighted
2021-09-16T05:55:00.000,I 20,I 20 and Salem Rd,,Not a Collision with Motor Vehicle,1,Rain,Wet,Dark-Not Lighted
2021-07-02T06:45:00.000,I 20,I 20 and Salem Rd,,Rear End,2,Clear,Dry,Daylight
2021-02-25T07:26:00.000,I 20,I 20 and Salem Rd,,Rear End,2,Clear,Dry,Daylight
2021-07-17T14:55:00.000,I 20,I 20 and Salem Rd,,Rear End,2,Clear,Dry,Daylight
2021-04-27T00:01:00.000,I 20,I 20 and Salem Rd,,Not a Collision with Motor Vehicle,1,Clear,Dry,Daylight
2023-01-19T08:19:00.000,I 20,I 20 and Salem Rd,,Rear End,2,Clear,Wet,Daylight
2023-12-07T16:00:00.000,I 20,I 20 and Salem Rd,,Rear End,2,Clear,Dry,Daylight
2020-07-18T19:56:00.000,I 20,I 20 and Salem Rd,,Not a Collision with Motor Vehicle,1,Rain,Wet,Dusk
2020-08-28T14:57:00.000,I 20,I 20 and Salem Rd,,Rear End,2,Cloudy,Dry,Daylight
2020-11-08T07:59:00.000,I 20,I 20 and Salem Rd,,Rear End,2,Clear,Dry,Daylight
2020-05-28T16:30:00.000,I 20,I 20 and Salem Rd,,Sideswipe-Same Direction,2,Rain,Wet,Daylight
2020-09-12T08:30:00.000,I 20,I 20 and Salem Rd,,Not a Collision with Motor Vehicle,1,Cloudy,Dry,Daylight
2020-03-03T01:40:00.000,I 20,I 20 and Salem Rd,,Rear End,2,Rain,Wet,Dark-Not Lighted
2020-09-15T06:53:00.000,I 20,I 20 and Salem Rd,,Sideswipe-Same Direction,2,Cloudy,Dry,Dark-Not Lighted
2020-05-09T06:15:00.000,I 20,I 20 and Salem Rd,,Not a Collision with Motor Vehicle,1,Clear,Dry,Dark-Not Lighted
2020-10-18T17:13:00.000,I 20,I 20 and Salem Rd,,Sideswipe-Same Direction,2,Clear,Dry,Daylight
2020-01-27T21:25:00.000,I 20,I 20 and Salem Rd,,Sideswipe-Same Direction,2,Clear,Dry,Dark-Not Lighted
2020-01-14T13:26:00.000,I 20,I 20 and Salem Rd,,Rear End,2,Cloudy,Wet,Daylight
2020-11-23T08:47:00.000,I 20,I 20 and Salem Rd,,Sideswipe-Same Direction,2,Clear,Dry,Daylight
2020-01-03T08:28:00.000,I 20,I 20 and Salem Rd,,Rear End,2,Rain,Wet,Daylight
2020-07-30T05:54:00.000,I 20,I 20 and Salem Rd,,Rear End,2,Clear,Dry,Dark-Not Lighted
2020-07-07T14:40:00.000,I 20,I 20 and Salem Rd,,Rear End,2,Clear,Dry,Daylight
2020-07-07T07:16:00.000,I 20,I 20 and Salem Rd,,Angle Crash,2,Rain,Wet,Daylight
2020-06-15T05:25:00.000,I 20,I 20 and Salem Rd,,Not a Collision with Motor Vehicle,3,Clear,Dry,Dark-Lighted
2020-11-03T00:55:00.000,I 20,I 20 and Salem Rd,,Head On,1,Clear,Dry,Dark-Not Lighted
2020-06-30T14:47:00.000,I 20,I 20 and Salem Rd,,Rear End,2,Clear,Dry,Daylight
2020-03-13T21:25:00.000,I 20,I 20 and Salem Rd,,Rear End,3,Clear,Dry,Dark-Not Lighted
2020-08-27T21:54:00.000,I 20,I 20 and Salem Rd,,Sideswipe-Same Direction,2,Clear,Dry,Dark-Lighted
2020-08-11T20:49:00.000,I 20,I 20 and Salem Rd,,Rear End,2,Cloudy,Dry,Dark-Lighted
2020-08-28T04:00:00.000,I 20,I 20 and Salem Rd,,Angle Crash,2,Clear,Dry,Dark-Not Lighted
2020-04-25T13:18:00.000,I 20,I 20 and Salem Rd,,Not a Collision with Motor Vehicle,1,Clear,Dry,Daylight
2020-09-20T19:10:00.000,I 20,I 20 and Salem Rd,,Angle Crash,2,Clear,Dry,Daylight
2020-09-30T09:55:00.000,I 20,I 20 and Salem Rd,,Not a Collision with Motor Vehicle,1,Clear,Dry,Daylight
2021-06-15T20:15:00.000,I 20,I 20 and Salem Rd,,Not a Collision with Motor Vehicle,1,Clear,Dry,Daylight
2021-06-25T09:36:00.000,I 20,I 20 and Salem Rd,,Sideswipe-Same Direction,2,Clear,Dry,Dark-Not Lighted
2021-06-10T20:51:00.000,I 20,I 20 and Salem Rd,,Not a Collision with Motor Vehicle,1,Rain,Wet,Daylight
2021-05-24T03:41:00.000,I 20,I 20 and Salem Rd,,Not a Collision with Motor Vehicle,1,Clear,Dry,Dark-Lighted
2021-10-13T08:23:00.000,I 20,I 20 and Salem Rd,,Sideswipe-Same Direction,2,Clear,Dry,Daylight
2021-07-20T20:16:00.000,I 20,I 20 and Salem Rd,,Sideswipe-Same Direction,2,Clear,Dry,Daylight
2021-10-01T05:48:00.000,I 20,I 20 and Salem Rd,,Not a Collision with Motor Vehicle,1,Clear,Dry,Dark-Not Lighted
2021-07-12T13:15:00.000,I 20,I 20 and Salem Rd,,Sideswipe-Same Direction,2,Clear,Dry,Daylight
2022-07-04T06:23:00.000,I 20,I 20 and Salem Rd,,Angle Crash,2,Clear,Dry,Daylight
2022-05-07T18:50:00.000,I 20,I 20 and Salem Rd,,Sideswipe-Same Direction,2,Clear,Dry,Daylight
2021-09-16T06:29:00.000,I 20,I 20 and Salem Rd,,Rear End,3,Cloudy,Wet,Dark-Not Lighted
2021-07-09T08:14:00.000,I 20,I 20 and Salem Rd,,Not a Collision with Motor Vehicle,1,Cloudy,Wet,Daylight
2022-06-27T15:40:00.000,I 20,I 20 and Salem Rd,,Not a Collision with Motor Vehicle,1,Rain,Wet,Daylight
2021-07-16T19:04:00.000,I 20,I 20 and Salem Rd,,Rear End,2,Clear,Dry,Daylight
2022-03-11T21:30:00.000,I 20,I 20 and Salem Rd,,Sideswipe-Same Direction,2,Clear,Dry,Dark-Lighted
2022-04-25T16:53:00.000,I 20,I 20 and Salem Rd,,Rear End,2,Clear,Dry,Daylight
2022-07-27T11:25:00.000,I 20,I 20 and Salem Rd,,Rear End,2,Clear,Dry,Daylight
2022-04-25T13:09:00.000,I 20,I 20 and Salem Rd,,Angle Crash,2,Clear,Dry,Daylight
2022-11-23T11:03:00.000,I 20,I 20 and Salem Rd,,Rear End,2,Clear,Dry,Daylight
2022-04-22T20:21:00.000,I 20,I 20 and Salem Rd,,Rear End,2,Clear,Dry,Daylight
2022-05-18T17:23:00.000,I 20,I 20 and Salem Rd,,Angle Crash,2,Clear,Dry,Daylight
2022-05-26T07:00:00.000,I 20,I 20 and Salem Rd,,Rear End,2,Rain,Wet,Daylight
2023-08-09T14:51:00.000,I 20,I 20 and Salem Rd,,Sideswipe-Same Direction,3,Clear,Dry,Daylight
2023-08-12T14:00:00.000,I 20,I 20 and Salem Rd,,Not a Collision with Motor Vehicle,1,Rain,Wet,Dawn
2023-06-14T11:00:00.000,I 20,I 20 and Salem Rd,,Not a Collision with Motor Vehicle,1,Rain,Wet,Daylight
2023-11-21T18:12:00.000,I 20,I 20 and Salem Rd,,Rear End,2,Rain,Wet,Dark-Not Lighted
2023-03-10T12:46:00.000,I 20,I 20 and Salem Rd,,Rear End,2,Cloudy,Wet,Daylight
2024-02-02T13:43:00.000,I 20,I 20 and Salem Rd,,Rear End,2,Clear,Dry,Daylight
2024-06-17T18:49:00.000,I 20,I 20 and Salem Rd,,Rear End,2,Clear,Dry,Daylight
2024-01-05T16:09:00.000,I 20,I 20 and Salem Rd,,Angle Crash,2,Clear,Dry,Daylight
2024-06-28T10:01:00.000,I 20,I 20 and Salem Rd,,Rear End,2,Cloudy,Dry,Daylight
2024-09-20T21:37:00.000,I 20,I 20 and Salem Rd,,Angle Crash,2,Clear,Dry,Dark-Lighted
2024-12-24T15:35:00.000,I 20,I 20 and Salem Rd,,Rear End,2,Clear,Dry,Daylight
2023-09-26T15:01:00.000,I 20,I 20 and S.R61,,Rear End,2,Clear,Dry,Daylight
2022-02-28T16:25:00.000,I 20,I 20 and S.R.61,,Rear End,2,Clear,Dry,Daylight
2022-08-19T16:26:00.000,I 20,I 20 and S.R.61,,Rear End,2,Rain,Wet,Daylight
2024-11-19T10:14:00.000,I 20,I 20 and S.R.61,,Not a Collision with Motor Vehicle,1,Rain,Wet,Daylight
2022-10-30T20:50:00.000,I 20,I 20 and S.R.11,,Not a Collision with Motor Vehicle,1,Clear,Dry,Dark-Not Lighted
2022-08-25T05:35:00.000,I 20,I 20 and S.R.11,,Not a Collision with Motor Vehicle,1,Rain,Wet,Dark-Not Lighted
2023-09-29T14:36:00.000,I 20,I 20 and S.R. 61,,Rear End,2,Clear,Dry,Daylight
2023-02-17T14:03:00.000,I 20,I 20 and S.R. 61,,Rear End,2,Clear,Dry,Daylight
2022-03-18T11:42:00.000,I 20,I 20 and S.R. 61,,Not a Collision with Motor Vehicle,1,Rain,Wet,Daylight
2022-01-28T06:26:00.000,I 20,I 20 and S.R. 388 Lewiston Rd,,Not a Collision with Motor Vehicle,1,Clear,Dry,Dark-Not Lighted
2022-04-05T16:22:00.000,I 20,I 20 and S.R. 388 Lewiston Rd,,Rear End,2,Rain,Wet,Daylight
2022-01-22T07:10:00.000,I 20,I 20 and S.R. 388 Lewiston Rd,,Not a Collision with Motor Vehicle,1,Cloudy,Dry,Daylight
2022-04-03T17:07:00.000,I 20,I 20 and S.R. 388 Lewiston Rd,,Sideswipe-Same Direction,2,Clear,Dry,Daylight
2022-11-30T15:50:00.000,I 20,I 20 and S.R. 383 Belair Rd,,Rear End,2,Clear,Dry,Daylight
2023-04-02T12:42:00.000,I 20,I 20 and S.R. 278,,Rear End,2,Clear,Dry,Daylight
2022-03-28T04:00:00.000,I 20,I 20 and S.R. 142,,Angle Crash,2,Clear,Dry,Dark-Not Lighted
2021-10-07T13:35:00.000,I 20,I 20 and S.R. 12,,Sideswipe-Same Direction,2,Cloudy,Dry,Daylight
2021-10-15T16:15:00.000,I 20,I 20 and S.R. 11,,Sideswipe-Same Direction,2,Clear,Dry,Daylight
2021-10-17T23:00:00.000,I 20,I 20 and S.R. 11,,Not a Collision with Motor Vehicle,1,Clear,Dry,Dark-Not Lighted
2023-04-28T16:26:00.000,I 20,I 20 and S.R. 11,,Not a Collision with Motor Vehicle,1,Cloudy,Dry,Daylight
2022-07-05T17:43:00.000,I 20,I 20 and S.R. 11,,Rear End,3,Cloudy,Dry,Daylight
2023-01-21T15:28:00.000,I 20,I 20 and S.R 61,,Rear End,2,Cloudy,Dry,Daylight
2023-12-22T14:50:00.000,I 20,I 20 and S.R 61,,Rear End,2,Clear,Dry,Daylight
2022-05-19T17:49:00.000,I 20,I 20 and S.R 47 Appling-Harlem Rd,,Sideswipe-Same Direction,2,Clear,Dry,Daylight
2022-11-13T19:37:00.000,I 20,I 20 and S.R 47 Appling-Harlem Rd,,Sideswipe-Same Direction,2,Clear,Dry,Dark-Not Lighted
2022-05-28T02:56:00.000,I 20,I 20 and S.R 47 Appling-Harlem Rd,,Not a Collision with Motor Vehicle,1,Clear,Dry,Dark-Not Lighted
2024-10-27T10:20:00.000,I 20,I 20 and S.R 47 Appling-Harlem Rd,,Not a Collision with Motor Vehicle,2,Clear,Dry,Daylight
2022-06-14T16:54:00.000,I 20,I 20 and S.R 47 Appling Harlem Rd,,Rear End,3,Clear,Dry,Daylight
2023-09-29T14:35:00.000,I 20,I 20 and S.R 388 Lewiston Rd,,Rear End,2,Clear,Dry,Daylight
2023-01-02T15:31:00.000,I 20,I 20 and S.R 388 Lewiston Rd,,Rear End,2,Clear,Dry,Daylight
2022-09-15T20:59:00.000,I 20,I 20 and S.R 388 Lewiston Rd,,Not a Collision with Motor Vehicle,2,Clear,Dry,Dark-Not Lighted
2022-05-25T18:45:00.000,I 20,I 20 and S.R 388 Lewiston Rd,,Sideswipe-Same Direction,2,Clear,Dry,Daylight
2022-06-27T22:42:00.000,I 20,I 20 and S.R 388 Horizon S Pkwy,,Not a Collision with Motor Vehicle,1,Clear,Dry,Dark-Not Lighted
2022-07-13T17:27:00.000,I 20,I 20 and S.R 383 S.Belair Rd,,Rear End,2,Cloudy,Dry,Daylight
2022-08-08T18:34:00.000,I 20,I 20 and S.R 383 S. Belair Rd,,Rear End,2,Clear,Dry,Daylight
2023-09-29T15:12:00.000,I 20,I 20 and S.R 383 Jimmie Dyees Pkwy,,Rear End,2,Clear,Dry,Daylight
2023-02-10T19:15:00.000,I 20,I 20 and S.R 142,,Sideswipe-Same Direction,2,Clear,Dry,Dark-Not Lighted
2023-10-03T01:59:00.000,I 20,I 20 and S.R 142,,Not a Collision with Motor Vehicle,1,Clear,Dry,Dark-Lighted
2023-10-23T02:51:00.000,I 20,I 20 and S.R 11,,Not a Collision with Motor Vehicle,1,Clear,Dry,Dark-Lighted
2023-12-27T02:05:00.000,I 20,I 20 and S.R 11,,Rear End,2,Rain,Wet,Dark-Lighted
2022-04-30T06:40:00.000,I 20,I 20 and S. Burnt Hickory Rd,,Rear End,2,Clear,Dry,Dawn
2024-05-15T17:22:00.000,I 20,I 20 and S. Belair Rd,,Rear End,3,Cloudy,Water (standing or moving),Daylight
2022-02-23T06:40:00.000,I 20,I 20 and S. Baggett Rd,,Rear End,2,Cloudy,Wet,Dark-Not Lighted
2022-11-30T14:55:00.000,I 20,I 20 and S Van Wert Rd,,Rear End,2,Clear,Dry,Daylight
2022-09-30T14:17:00.000,I 20,I 20 and S Van Wert Rd,,Sideswipe-Same Direction,2,Cloudy,Dry,Daylight
2020-02-06T04:37:00.000,I 20,I 20 and S Service Rd,,Not a Collision with Motor Vehicle,1,Rain,Wet,Dark-Not Lighted
2020-02-06T05:37:00.000,I 20,I 20 and S Service Rd,,Not a Collision with Motor Vehicle,1,Rain,Wet,Dark-Not Lighted
2022-07-18T16:00:00.000,I 20,I 20 and S Service Rd,,Rear End,2,Clear,Dry,Daylight
2022-09-02T02:45:00.000,I 20,I 20 and S R 142,,Not a Collision with Motor Vehicle,1,Clear,Dry,Dark-Not Lighted
2022-05-07T04:25:00.000,I 20,I 20 and S R 142,,Rear End,2,Clear,Dry,Dark-Not Lighted
2021-11-22T06:35:00.000,I 20,I 20 and S R 11,,Rear End,2,Rain,Wet,Dark-Not Lighted
2024-11-26T18:00:00.000,I 20,I 20 and S R 11,,Rear End,2,Clear,Dry,Dark-Not Lighted
2020-06-27T18:17:00.000,I 20,I 20 and S Main St,,Angle Crash,1,Rain,Wet,Daylight
2024-07-25T07:10:00.000,I 20,I 20 and S Main St,,Angle Crash,2,Rain,Wet,Daylight
2023-04-09T19:12:00.000,I 20,I 20 and S Main,,Rear End,2,Clear,Dry,Daylight
2021-04-12T07:34:00.000,I 20,I 20 and S Carroll Rd,,Sideswipe-Same Direction,2,Clear,Dry,Daylight
2021-04-27T01:15:00.000,I 20,I 20 and S Carroll Rd,,Rear End,1,Clear,Dry,Dark-Not Lighted
2021-05-14T19:15:00.000,I 20,I 20 and S Carroll Rd,,Rear End,2,Clear,Dry,Daylight
2023-06-06T18:35:00.000,I 20,I 20 and S Carroll Rd,,Rear End,5,Clear,Dry,Daylight
2022-01-12T13:53:00.000,I 20,I 20 and S Carroll Rd,,Not a Collision with Motor Vehicle,1,Clear,Dry,Daylight
2022-08-03T17:40:00.000,I 20,I 20 and S Carroll Rd,,Rear End,2,Cloudy,Wet,Daylight
2022-08-30T17:18:00.000,I 20,I 20 and S Carroll Rd,,(None),2,(None),(None),(None)
2022-02-03T01:30:00.000,I 20,I 20 and S Carroll Rd,,Not a Collision with Motor Vehicle,1,Cloudy,Wet,Dark-Not Lighted
2024-02-23T17:50:00.000,I 20,I 20 and S Carroll Rd,,Rear End,2,Clear,Dry,Dawn
2024-06-22T18:53:00.000,I 20,I 20 and S Carroll Rd,,Angle Crash,2,Clear,Dry,Daylight
2024-05-02T17:25:00.000,I 20,I 20 and S Carroll Bridge Opas,,Rear End,2,Clear,Dry,Daylight
2021-06-19T13:05:00.000,I 20,I 20 and S Carroll Brg,,Angle Crash,3,Rain,Wet,Daylight
2022-03-20T18:25:00.000,I 20,I 20 and S Carroll Brg,,Not a Collision with Motor Vehicle,1,Clear,Dry,Daylight
2021-06-30T07:41:00.000,I 20,I 20 and S Caroll Rd,,Angle Crash,2,Clear,Dry,Daylight
2020-12-02T17:17:00.000,I 20,I 20 and S Carolina State Line,,Rear End,3,Clear,Dry,Dark-Lighted
2021-04-30T16:02:00.000,I 20,I 20 and S Carolina State Line,,Rear End,4,Clear,Dry,Daylight
2021-07-30T15:44:00.000,I 20,I 20 and S Carolina State Line,,Rear End,2,Clear,Dry,Daylight
2022-06-26T15:29:00.000,I 20,I 20 and S Carolina State Line,,Sideswipe-Same Direction,2,Clear,Dry,Daylight
2020-10-06T07:35:00.000,I 20,I 20 and S Carolina,,Rear End,2,Clear,Dry,Daylight
2021-07-14T08:00:00.000,I 20,I 20 and S Burnthickory,,Rear End,2,Clear,Dry,Daylight
2021-08-14T03:05:00.000,I 20,I 20 and S Burnt Hickory Rd,,Not a Collision with Motor Vehicle,1,Clear,Dry,Dark-Not Lighted
2020-08-21T06:57:00.000,I 20,I 20 and S Burnt Hickory Rd,,Rear End,2,Cloudy,Dry,Dawn
2020-12-13T02:08:00.000,I 20,I 20 and S Burnt Hickory Rd,,Rear End,2,Cloudy,Wet,Dark-Not Lighted
2021-05-04T22:55:00.000,I 20,I 20 and S Burnt Hickory Rd,,Not a Collision with Motor Vehicle,1,Rain,Wet,Dark-Not Lighted
2020-08-20T15:01:00.000,I 20,I 20 and S Bsggett,,Not a Collision with Motor Vehicle,3,Cloudy,Dry,Daylight
2023-12-02T12:32:00.000,I 20,I 20 and S Brunt Hichory Road Brg,,(None),2,(None),(None),(None)
2023-02-19T17:00:00.000,I 20,I 20 and S Belair Rd,,Not a Collision with Motor Vehicle,2,Clear,Dry,Daylight
2023-10-11T15:03:00.000,I 20,I 20 and S Belair Rd,,Rear End,2,Cloudy,Dry,Daylight
2020-02-16T02:35:00.000,I 20,I 20 and S Belair Rd,,Sideswipe-Same Direction,2,Clear,Dry,Dark-Lighted
2022-10-26T17:27:00.000,I 20,I 20 and S Belair Rd,,Rear End,3,Clear,Dry,Daylight
2020-03-06T15:43:00.000,I 20,I 20 and S Baggett Rd Opas,,Rear End,2,Clear,Dry,Daylight
2020-11-16T18:05:00.000,I 20,I 20 and S Baggett Rd,,Not a Collision with Motor Vehicle,1,Clear,Dry,Dark-Not Lighted
2020-12-12T13:00:00.000,I 20,I 20 and S Baggett Rd,,Rear End,2,Cloudy,Dry,Daylight
2021-08-11T16:47:00.000,I 20,I 20 and S Baggett Rd,,Not a Collision with Motor Vehicle,1,Rain,Water (standing or moving),Daylight
2022-04-20T12:27:00.000,I 20,I 20 and S Baggett Rd,,Sideswipe-Same Direction,2,Cloudy,Dry,Daylight
2022-11-25T16:58:00.000,I 20,I 20 and S Baggett Rd,,Not a Collision with Motor Vehicle,2,Clear,Dry,Daylight
2021-11-08T05:40:00.000,I 20,I 20 and S Baggett Rd,,Sideswipe-Opposite Direction,2,Clear,Dry,Dark-Not Lighted