Date and Time,Roadway (From Crash Report),Intersection Name (from Crash Report),KABCO Severity,Manner of Collision (Crash Level) ,# of Vehicles per crash ,Weather Conditions (Crash Level),Surface Condition (Crash Level) ,Light Conditions (Crash Level)
2021-12-02T17:14:00.000,I 20,I 20 and S Baggett,,Sideswipe-Same Direction,2,Cloudy,Dry,Dark-Not Lighted
2021-05-11T15:59:00.000,I 20,I 20 and S Baggett,,Rear End,2,Cloudy,Dry,Daylight
2023-03-29T18:15:00.000,I 20,I 20 and S Bagget Rd Brg,,Rear End,3,Clear,Dry,Daylight
2023-12-08T23:45:00.000,I 20,I 20 and Rue Fontaine,,Sideswipe-Same Direction,2,Clear,Dry,Dark-Not Lighted
2023-12-03T11:15:00.000,I 20,I 20 and Ross Rd,,Sideswipe-Same Direction,2,Clear,Dry,Daylight
2020-08-11T23:45:00.000,I 20,I 20 and Riveside Pkwy,,Sideswipe-Same Direction,2,Clear,Dry,Dark-Not Lighted
2021-07-23T17:50:00.000,I 20,I 20 and Riverwatch Rp,,Sideswipe-Same Direction,2,Clear,Dry,Daylight
2021-02-20T05:25:00.000,I 20,I 20 and Riverwatch Prky,,Not a Collision with Motor Vehicle,1,Cloudy,Dry,Dark-Lighted
2022-03-30T08:55:00.000,I 20,I 20 and Riverwatch Prky,,Rear End,2,Clear,Dry,Daylight
2023-12-15T06:41:00.000,I 20,I 20 and Riverwatch Pkwy Sr104,,Rear End,2,Clear,Dry,Dawn
2023-05-27T17:25:00.000,I 20,I 20 and Riverwatch Pkwy Opas,,Not a Collision with Motor Vehicle,1,Rain,Water (standing or moving),Daylight
2024-07-19T15:03:00.000,I 20,I 20 and Riverwatch Pkwy Onramp Pkwy,,Angle Crash,2,Clear,Dry,Daylight
2021-05-03T10:55:00.000,I 20,I 20 and Riverwatch Pkwy Entrance Rp,,Not a Collision with Motor Vehicle,1,Rain,Wet,Daylight
2021-04-29T09:53:00.000,I 20,I 20 and Riverwatch Pkwy,,Rear End,2,Clear,Dry,Daylight
2021-04-20T10:41:00.000,I 20,I 20 and Riverwatch Pkwy,,Rear End,2,Clear,Dry,Daylight
2021-06-11T14:30:00.000,I 20,I 20 and Riverwatch Pkwy,,Rear End,2,Clear,Dry,Daylight
2021-04-01T18:12:00.000,I 20,I 20 and Riverwatch Pkwy,,Rear End,2,Clear,Dry,Daylight
2021-04-19T16:19:00.000,I 20,I 20 and Riverwatch Pkwy,,Angle Crash,2,Clear,Dry,Daylight
2021-10-21T07:57:00.000,I 20,I 20 and Riverwatch Pkwy,,Sideswipe-Same Direction,2,Clear,Dry,Daylight
2021-01-05T14:23:00.000,I 20,I 20 and Riverwatch Pkwy,,Rear End,2,Clear,Dry,Daylight
2021-12-30T12:15:00.000,I 20,I 20 and Riverwatch Pkwy,,Sideswipe-Same Direction,2,Rain,Water (standing or moving),Daylight
2021-12-30T08:34:00.000,I 20,I 20 and Riverwatch Pkwy,,Not a Collision with Motor Vehicle,1,Rain,Wet,Daylight
2021-12-27T19:53:00.000,I 20,I 20 and Riverwatch Pkwy,,Angle Crash,2,Clear,Dry,Dark-Not Lighted
2021-02-08T17:03:00.000,I 20,I 20 and Riverwatch Pkwy,,Rear End,2,Clear,Dry,Daylight
2021-05-03T18:39:00.000,I 20,I 20 and Riverwatch Pkwy,,Not a Collision with Motor Vehicle,1,Rain,Wet,Daylight
2021-02-24T19:40:00.000,I 20,I 20 and Riverwatch Pkwy,,Sideswipe-Same Direction,2,Clear,Dry,Dark-Not Lighted
2021-10-18T08:47:00.000,I 20,I 20 and Riverwatch Pkwy,,Rear End,2,Clear,Dry,Daylight
2023-09-08T17:25:00.000,I 20,I 20 and Riverwatch Pkwy,,Rear End,3,Cloudy,Dry,Daylight
2023-03-25T11:12:00.000,I 20,I 20 and Riverwatch Pkwy,,Not a Collision with Motor Vehicle,1,Rain,Water (standing or moving),Daylight
2023-07-08T12:35:00.000,I 20,I 20 and Riverwatch Pkwy,,Rear End,2,Clear,Dry,Daylight
2023-04-04T08:38:00.000,I 20,I 20 and Riverwatch Pkwy,,Sideswipe-Same Direction,2,Cloudy,Dry,Daylight
2023-07-31T17:10:00.000,I 20,I 20 and Riverwatch Pkwy,,Rear End,2,Clear,Dry,Daylight
2023-03-06T00:00:00.000,I 20,I 20 and Riverwatch Pkwy,,Rear End,2,Clear,Dry,Dusk
2023-11-17T16:54:00.000,I 20,I 20 and Riverwatch Pkwy,,Angle Crash,2,Cloudy,Dry,Daylight
2020-11-27T08:25:00.000,I 20,I 20 and Riverwatch Pkwy,,Rear End,2,Clear,Dry,Daylight
2020-03-19T09:59:00.000,I 20,I 20 and Riverwatch Pkwy,,Rear End,2,Clear,Dry,Daylight
2020-09-13T15:02:00.000,I 20,I 20 and Riverwatch Pkwy,,Rear End,2,Clear,Dry,Daylight
2020-01-08T10:30:00.000,I 20,I 20 and Riverwatch Pkwy,,Rear End,2,Clear,Dry,Daylight
2020-11-09T18:01:00.000,I 20,I 20 and Riverwatch Pkwy,,Rear End,2,Cloudy,Dry,Dark-Not Lighted
2020-04-02T11:00:00.000,I 20,I 20 and Riverwatch Pkwy,,Angle Crash,2,Clear,Dry,Daylight
2020-01-27T16:07:00.000,I 20,I 20 and Riverwatch Pkwy,,Rear End,2,Cloudy,Dry,Daylight
2020-05-06T12:01:00.000,I 20,I 20 and Riverwatch Pkwy,,Rear End,2,Clear,Dry,Daylight
2020-12-14T07:41:00.000,I 20,I 20 and Riverwatch Pkwy,,Rear End,2,Rain,Wet,Daylight
2020-01-24T13:24:00.000,I 20,I 20 and Riverwatch Pkwy,,Not a Collision with Motor Vehicle,1,Rain,Wet,Daylight
2020-02-19T12:07:00.000,I 20,I 20 and Riverwatch Pkwy,,Sideswipe-Same Direction,2,Rain,Wet,Daylight
2020-06-02T19:59:00.000,I 20,I 20 and Riverwatch Pkwy,,Rear End,2,Clear,Dry,Daylight
2020-09-11T17:15:00.000,I 20,I 20 and Riverwatch Pkwy,,Rear End,2,Cloudy,Dry,Daylight
2020-08-15T16:49:00.000,I 20,I 20 and Riverwatch Pkwy,,Angle Crash,2,Cloudy,Wet,Daylight
2020-07-24T13:02:00.000,I 20,I 20 and Riverwatch Pkwy,,Sideswipe-Same Direction,2,Clear,Dry,Daylight
2020-07-02T18:01:00.000,I 20,I 20 and Riverwatch Pkwy,,Angle Crash,2,Clear,Dry,Daylight
2020-08-18T05:00:00.000,I 20,I 20 and Riverwatch Pkwy,,Angle Crash,2,Rain,Wet,Dark-Not Lighted
2020-01-25T15:55:00.000,I 20,I 20 and Riverwatch Pkwy,,Rear End,2,Clear,Dry,Daylight
2021-01-02T21:12:00.000,I 20,I 20 and Riverwatch Pkwy,,Not a Collision with Motor Vehicle,1,Rain,Water (standing or moving),Dark-Lighted
2021-08-11T17:33:00.000,I 20,I 20 and Riverwatch Pkwy,,Not a Collision with Motor Vehicle,1,Cloudy,Dry,Daylight
2021-09-29T17:24:00.000,I 20,I 20 and Riverwatch Pkwy,,Sideswipe-Same Direction,2,Clear,Dry,Daylight
2021-11-17T08:08:00.000,I 20,I 20 and Riverwatch Pkwy,,Rear End,2,Clear,Dry,Daylight
2021-10-16T14:32:00.000,I 20,I 20 and Riverwatch Pkwy,,Rear End,2,Clear,Dry,Daylight
2022-04-07T07:37:00.000,I 20,I 20 and Riverwatch Pkwy,,Rear End,2,Rain,Wet,Daylight
2022-02-11T17:00:00.000,I 20,I 20 and Riverwatch Pkwy,,Rear End,3,Clear,Dry,Daylight
2022-08-20T12:45:00.000,I 20,I 20 and Riverwatch Pkwy,,Rear End,2,Clear,Dry,Daylight
2022-07-29T18:32:00.000,I 20,I 20 and Riverwatch Pkwy,,Sideswipe-Same Direction,2,Clear,Dry,Daylight
2022-09-30T20:21:00.000,I 20,I 20 and Riverwatch Pkwy,,Rear End,2,Rain,Wet,Dark-Lighted
2022-07-25T08:06:00.000,I 20,I 20 and Riverwatch Pkwy,,Rear End,2,Clear,Dry,Daylight
2022-11-17T09:06:00.000,I 20,I 20 and Riverwatch Pkwy,,Sideswipe-Same Direction,2,Clear,Dry,Daylight
2022-04-19T13:49:00.000,I 20,I 20 and Riverwatch Pkwy,,Angle Crash,2,Clear,Dry,Daylight
2022-01-14T19:01:00.000,I 20,I 20 and Riverwatch Pkwy,,Sideswipe-Same Direction,2,Clear,Dry,Dark-Lighted
2022-07-27T17:56:00.000,I 20,I 20 and Riverwatch Pkwy,,Angle Crash,2,Clear,Dry,Daylight
2022-03-10T16:00:00.000,I 20,I 20 and Riverwatch Pkwy,,Rear End,2,Cloudy,Dry,Daylight
2022-04-24T18:11:00.000,I 20,I 20 and Riverwatch Pkwy,,Sideswipe-Same Direction,2,Clear,Dry,Dusk
2022-04-13T07:32:00.000,I 20,I 20 and Riverwatch Pkwy,,Rear End,2,Clear,Dry,Daylight
2024-11-26T18:01:00.000,I 20,I 20 and Riverwatch Pkwy,,Rear End,2,Clear,Dry,Dark-Lighted
2023-04-04T08:48:00.000,I 20,I 20 and Riverwatch Pkwy,,Rear End,2,Cloudy,Dry,Daylight
2023-12-19T11:54:00.000,I 20,I 20 and Riverwatch Pkwy,,Rear End,2,Clear,Dry,Daylight
2023-03-29T09:55:00.000,I 20,I 20 and Riverwatch Pkwy,,Rear End,2,Clear,Dry,Daylight
2023-10-25T10:10:00.000,I 20,I 20 and Riverwatch Pkwy,,Sideswipe-Same Direction,2,Clear,Dry,Daylight
2023-07-05T17:00:00.000,I 20,I 20 and Riverwatch Pkwy,,Not a Collision with Motor Vehicle,1,Rain,Wet,Daylight
2024-12-29T06:40:00.000,I 20,I 20 and Riverwatch Pkwy,,Not a Collision with Motor Vehicle,1,Rain,Wet,Dawn
2024-02-26T18:19:00.000,I 20,I 20 and Riverwatch Pkwy,,Rear End,2,Clear,Dry,Dusk
2024-04-09T07:06:00.000,I 20,I 20 and Riverwatch Pkwy,,Rear End,2,Rain,Wet,Daylight
2024-08-18T11:19:00.000,I 20,I 20 and Riverwatch Pkwy,,Rear End,2,Clear,Dry,Daylight
2024-12-15T09:01:00.000,I 20,I 20 and Riverwatch Pkwy,,Rear End,2,Cloudy,Dry,Daylight
2024-07-02T16:31:00.000,I 20,I 20 and Riverwatch Pkwy,,Rear End,2,Cloudy,Dry,Daylight
2024-08-24T15:24:00.000,I 20,I 20 and Riverwatch Pkwy,,Rear End,2,Clear,Dry,Daylight
2024-12-29T16:20:00.000,I 20,I 20 and Riverwatch Pkwy,,Angle Crash,2,Clear,Dry,Daylight
2024-12-16T09:19:00.000,I 20,I 20 and Riverwatch Pkwy,,Rear End,2,Cloudy,Dry,Daylight
2024-11-17T12:06:00.000,I 20,I 20 and Riverwatch Pkwy,,Sideswipe-Same Direction,2,Clear,Dry,Daylight
2021-11-30T16:31:00.000,I 20,I 20 and Riverwatch Parkway Opas,,Angle Crash,2,Clear,Dry,Daylight
2021-10-09T17:02:00.000,I 20,I 20 and Riverwatch Parkway On Rp,,Not a Collision with Motor Vehicle,1,Cloudy,Dry,Daylight
2020-08-03T06:29:00.000,I 20,I 20 and Riversiede Pkwy,,Rear End,2,Clear,Dry,Dark-Not Lighted
2023-02-02T05:14:00.000,I 20,I 20 and Riverside Pwky,,Head On,1,Clear,Wet,Dark-Not Lighted
2022-10-03T22:00:00.000,I 20,I 20 and Riverside Pky,,Not a Collision with Motor Vehicle,1,Clear,Dry,Dark-Lighted
2020-12-17T10:13:00.000,I 20,I 20 and Riverside Pkwy Ext 47,,Rear End,2,Clear,Dry,Daylight
2020-01-11T17:27:00.000,I 20,I 20 and Riverside Pkwy Brg,,Rear End,3,Severe Thunderstorm or Tornadic,Water (standing or moving),Dark-Lighted
2020-05-13T18:48:00.000,I 20,I 20 and Riverside Pkwy Brg,,Not a Collision with Motor Vehicle,1,Clear,Dry,Daylight
2021-01-23T14:00:00.000,I 20,I 20 and Riverside Pkwy,,Not a Collision with Motor Vehicle,1,Clear,Dry,Daylight
2021-03-17T10:24:00.000,I 20,I 20 and Riverside Pkwy,,Rear End,2,Rain,Wet,Daylight
2021-06-15T15:16:00.000,I 20,I 20 and Riverside Pkwy,,Sideswipe-Same Direction,2,Clear,Dry,Daylight
2021-04-19T11:55:00.000,I 20,I 20 and Riverside Pkwy,,Sideswipe-Same Direction,2,Clear,Dry,Daylight
2021-04-15T15:52:00.000,I 20,I 20 and Riverside Pkwy,,Sideswipe-Same Direction,2,Clear,Dry,Daylight
2021-01-21T09:42:00.000,I 20,I 20 and Riverside Pkwy,,Sideswipe-Same Direction,2,Rain,Wet,Daylight
2021-04-30T12:30:00.000,I 20,I 20 and Riverside Pkwy,,Rear End,2,Clear,Dry,Daylight
2021-04-17T23:10:00.000,I 20,I 20 and Riverside Pkwy,,Sideswipe-Same Direction,2,Clear,Dry,Dark-Not Lighted
2021-03-10T16:05:00.000,I 20,I 20 and Riverside Pkwy,,Rear End,2,Clear,Dry,Daylight
2021-05-10T00:01:00.000,I 20,I 20 and Riverside Pkwy,,Not a Collision with Motor Vehicle,1,Rain,Wet,Dark-Not Lighted
2021-01-21T16:58:00.000,I 20,I 20 and Riverside Pkwy,,Rear End,2,Clear,Dry,Daylight
2021-01-17T00:27:00.000,I 20,I 20 and Riverside Pkwy,,Head On,2,Clear,Dry,Dark-Lighted
2021-10-02T11:34:00.000,I 20,I 20 and Riverside Pkwy,,Not a Collision with Motor Vehicle,2,Clear,Dry,Daylight
2021-07-09T15:07:00.000,I 20,I 20 and Riverside Pkwy,,Rear End,3,Rain,Wet,Daylight
2021-09-29T16:30:00.000,I 20,I 20 and Riverside Pkwy,,Rear End,2,Clear,Dry,Daylight
2021-12-10T19:18:00.000,I 20,I 20 and Riverside Pkwy,,Sideswipe-Same Direction,2,Fog,Wet,Dark-Not Lighted
2021-11-11T13:44:00.000,I 20,I 20 and Riverside Pkwy,,Rear End,2,Cloudy,Dry,Daylight
2021-12-13T08:37:00.000,I 20,I 20 and Riverside Pkwy,,Rear End,2,Clear,Dry,Daylight
2021-11-08T15:45:00.000,I 20,I 20 and Riverside Pkwy,,Rear End,2,Clear,Dry,Daylight
2021-07-20T17:40:00.000,I 20,I 20 and Riverside Pkwy,,Rear End,2,Rain,Wet,Daylight
2021-12-17T06:39:00.000,I 20,I 20 and Riverside Pkwy,,Rear End,2,Fog,Dry,Daylight
2021-10-01T06:49:00.000,I 20,I 20 and Riverside Pkwy,,Rear End,2,Clear,Dry,Dawn
2021-12-12T04:50:00.000,I 20,I 20 and Riverside Pkwy,,Rear End,2,Cloudy,Dry,Dark-Not Lighted
2021-11-03T06:50:00.000,I 20,I 20 and Riverside Pkwy,,Rear End,2,Clear,Dry,Dark-Lighted
2021-07-28T16:20:00.000,I 20,I 20 and Riverside Pkwy,,Rear End,2,Clear,Dry,Daylight
2021-06-18T10:59:00.000,I 20,I 20 and Riverside Pkwy,,Rear End,2,Clear,Dry,Daylight
2021-04-17T13:16:00.000,I 20,I 20 and Riverside Pkwy,,Rear End,2,Clear,Dry,Daylight
2021-05-18T10:00:00.000,I 20,I 20 and Riverside Pkwy,,Rear End,2,Clear,Dry,Daylight
2021-03-13T12:39:00.000,I 20,I 20 and Riverside Pkwy,,Rear End,2,Clear,Dry,Daylight
2021-05-28T15:52:00.000,I 20,I 20 and Riverside Pkwy,,Rear End,2,Clear,Dry,Daylight
2021-01-04T18:30:00.000,I 20,I 20 and Riverside Pkwy,,Sideswipe-Same Direction,2,Clear,Dry,Dark-Lighted
2021-06-20T17:00:00.000,I 20,I 20 and Riverside Pkwy,,Rear End,2,Clear,Dry,Daylight
2021-02-26T14:28:00.000,I 20,I 20 and Riverside Pkwy,,Rear End,2,Clear,Wet,Daylight
2021-02-19T14:38:00.000,I 20,I 20 and Riverside Pkwy,,Rear End,3,Clear,Dry,Daylight
2021-01-10T18:15:00.000,I 20,I 20 and Riverside Pkwy,,Sideswipe-Same Direction,2,Clear,Dry,Dark-Not Lighted
2021-03-04T13:00:00.000,I 20,I 20 and Riverside Pkwy,,Sideswipe-Same Direction,2,Clear,Dry,Daylight
2021-04-30T13:16:00.000,I 20,I 20 and Riverside Pkwy,,Rear End,2,Clear,Dry,Daylight
2021-05-27T08:20:00.000,I 20,I 20 and Riverside Pkwy,,Rear End,2,Clear,Dry,Daylight
2021-05-19T13:00:00.000,I 20,I 20 and Riverside Pkwy,,Rear End,2,Clear,Dry,Daylight
2021-06-01T07:17:00.000,I 20,I 20 and Riverside Pkwy,,Rear End,2,Clear,Dry,Daylight
2021-06-28T14:11:00.000,I 20,I 20 and Riverside Pkwy,,Rear End,4,Clear,Dry,Daylight
2021-06-24T08:51:00.000,I 20,I 20 and Riverside Pkwy,,Rear End,2,Clear,Dry,Daylight
2021-03-04T16:40:00.000,I 20,I 20 and Riverside Pkwy,,Rear End,5,Clear,Dry,Daylight
2021-02-25T17:40:00.000,I 20,I 20 and Riverside Pkwy,,Rear End,2,Clear,Dry,Daylight
2021-05-05T09:18:00.000,I 20,I 20 and Riverside Pkwy,,Sideswipe-Same Direction,2,Cloudy,Dry,Daylight
2021-01-04T08:49:00.000,I 20,I 20 and Riverside Pkwy,,Rear End,2,Clear,Dry,Daylight
2021-01-29T19:55:00.000,I 20,I 20 and Riverside Pkwy,,Rear End,2,Clear,Dry,Dark-Lighted
2021-06-25T22:00:00.000,I 20,I 20 and Riverside Pkwy,,Rear End,2,Cloudy,Dry,Dark-Not Lighted
2021-02-26T14:39:00.000,I 20,I 20 and Riverside Pkwy,,Rear End,4,Cloudy,Wet,Daylight
2021-04-21T07:55:00.000,I 20,I 20 and Riverside Pkwy,,Rear End,3,Clear,Dry,Daylight
2021-03-19T18:10:00.000,I 20,I 20 and Riverside Pkwy,,Rear End,3,Cloudy,Dry,Daylight
2021-01-21T08:10:00.000,I 20,I 20 and Riverside Pkwy,,Rear End,3,Rain,Wet,Daylight
2021-01-27T06:51:00.000,I 20,I 20 and Riverside Pkwy,,Rear End,2,Rain,Wet,Dark-Not Lighted
2021-07-07T11:30:00.000,I 20,I 20 and Riverside Pkwy,,Sideswipe-Same Direction,2,Clear,Dry,Daylight
2021-09-23T17:25:00.000,I 20,I 20 and Riverside Pkwy,,Rear End,2,Clear,Dry,Daylight
2021-12-06T18:47:00.000,I 20,I 20 and Riverside Pkwy,,Rear End,2,Cloudy,Wet,Dark-Not Lighted
2021-07-19T16:22:00.000,I 20,I 20 and Riverside Pkwy,,Rear End,2,Rain,Wet,Dark-Lighted
2021-11-07T15:00:00.000,I 20,I 20 and Riverside Pkwy,,Sideswipe-Same Direction,2,Cloudy,Dry,Daylight
2021-10-12T20:00:00.000,I 20,I 20 and Riverside Pkwy,,Not a Collision with Motor Vehicle,1,Cloudy,Dry,Dark-Not Lighted
2021-12-10T19:38:00.000,I 20,I 20 and Riverside Pkwy,,Rear End,2,Rain,Wet,Dark-Lighted
2021-10-18T16:15:00.000,I 20,I 20 and Riverside Pkwy,,Rear End,2,Clear,Dry,Daylight
2021-08-30T07:36:00.000,I 20,I 20 and Riverside Pkwy,,Rear End,2,Clear,Dry,Daylight
2021-08-02T15:10:00.000,I 20,I 20 and Riverside Pkwy,,Not a Collision with Motor Vehicle,1,Clear,Dry,Daylight
2021-09-17T07:21:00.000,I 20,I 20 and Riverside Pkwy,,Rear End,3,Cloudy,Wet,Daylight
2021-10-01T12:47:00.000,I 20,I 20 and Riverside Pkwy,,Rear End,2,Clear,Dry,Daylight
2021-10-01T18:06:00.000,I 20,I 20 and Riverside Pkwy,,Rear End,2,Clear,Dry,Daylight
2021-09-29T16:58:00.000,I 20,I 20 and Riverside Pkwy,,Rear End,2,Clear,Dry,Daylight
2021-07-02T13:34:00.000,I 20,I 20 and Riverside Pkwy,,Rear End,2,Rain,Wet,Daylight
2021-03-17T14:26:00.000,I 20,I 20 and Riverside Pkwy,,Rear End,2,Cloudy,Wet,Daylight
2021-10-27T08:37:00.000,I 20,I 20 and Riverside Pkwy,,Rear End,2,Clear,Dry,Daylight
2021-12-10T07:25:00.000,I 20,I 20 and Riverside Pkwy,,Rear End,2,Rain,Wet,Daylight
2021-12-09T16:45:00.000,I 20,I 20 and Riverside Pkwy,,Rear End,2,Clear,Dry,Daylight
2021-08-23T12:55:00.000,I 20,I 20 and Riverside Pkwy,,Not a Collision with Motor Vehicle,1,Clear,Dry,Daylight
2021-11-16T08:28:00.000,I 20,I 20 and Riverside Pkwy,,Rear End,2,Clear,Dry,Daylight
2021-10-14T18:35:00.000,I 20,I 20 and Riverside Pkwy,,Rear End,2,Clear,Dry,Daylight
2021-09-26T22:20:00.000,I 20,I 20 and Riverside Pkwy,,Angle Crash,2,Clear,Dry,Dark-Not Lighted
2021-07-29T20:42:00.000,I 20,I 20 and Riverside Pkwy,,Sideswipe-Same Direction,2,Clear,Dry,Dark-Not Lighted
2021-10-31T17:31:00.000,I 20,I 20 and Riverside Pkwy,,Rear End,2,Clear,Dry,Daylight
2021-09-07T07:59:00.000,I 20,I 20 and Riverside Pkwy,,Rear End,2,Clear,Dry,Daylight
2021-11-08T07:40:00.000,I 20,I 20 and Riverside Pkwy,,Rear End,2,Clear,Dry,Daylight
2021-12-09T11:04:00.000,I 20,I 20 and Riverside Pkwy,,Rear End,2,Clear,Dry,Daylight
2021-12-19T11:25:00.000,I 20,I 20 and Riverside Pkwy,,Rear End,2,Cloudy,Dry,Daylight
2021-12-11T02:29:00.000,I 20,I 20 and Riverside Pkwy,,Not a Collision with Motor Vehicle,1,Cloudy,Wet,Dark-Not Lighted
2021-12-09T01:20:00.000,I 20,I 20 and Riverside Pkwy,,Rear End,2,Clear,Dry,Dark-Not Lighted
2021-05-27T14:51:00.000,I 20,I 20 and Riverside Pkwy,,Rear End,2,Cloudy,Dry,Daylight
2021-04-04T03:52:00.000,I 20,I 20 and Riverside Pkwy,,Sideswipe-Same Direction,2,Cloudy,Dry,Dark-Not Lighted
2021-05-31T13:30:00.000,I 20,I 20 and Riverside Pkwy,,Sideswipe-Same Direction,2,Clear,Dry,Daylight
2021-03-02T20:40:00.000,I 20,I 20 and Riverside Pkwy,,Sideswipe-Same Direction,2,Rain,Wet,Dark-Lighted
2021-01-13T18:04:00.000,I 20,I 20 and Riverside Pkwy,,Rear End,2,Clear,Dry,Dusk
2021-01-04T09:30:00.000,I 20,I 20 and Riverside Pkwy,,Sideswipe-Same Direction,2,Clear,Dry,Daylight
2021-06-15T18:40:00.000,I 20,I 20 and Riverside Pkwy,,Rear End,4,Clear,Dry,Daylight
2021-03-11T17:16:00.000,I 20,I 20 and Riverside Pkwy,,Rear End,4,Clear,Dry,Daylight
2021-03-26T07:35:00.000,I 20,I 20 and Riverside Pkwy,,Rear End,2,Clear,Dry,Daylight
2021-06-03T18:58:00.000,I 20,I 20 and Riverside Pkwy,,Rear End,3,Rain,Wet,Daylight
2021-05-03T22:06:00.000,I 20,I 20 and Riverside Pkwy,,Not a Collision with Motor Vehicle,1,Rain,Wet,Dark-Not Lighted
2021-05-21T16:30:00.000,I 20,I 20 and Riverside Pkwy,,Rear End,2,Clear,Dry,Daylight
2021-03-22T09:42:00.000,I 20,I 20 and Riverside Pkwy,,Sideswipe-Same Direction,2,Clear,Dry,Daylight
2021-05-12T08:58:00.000,I 20,I 20 and Riverside Pkwy,,Rear End,2,Rain,Wet,Daylight
2021-07-14T15:31:00.000,I 20,I 20 and Riverside Pkwy,,Rear End,2,Cloudy,Wet,Daylight
2021-08-21T16:45:00.000,I 20,I 20 and Riverside Pkwy,,Rear End,2,Cloudy,Dry,Daylight
2021-07-02T10:15:00.000,I 20,I 20 and Riverside Pkwy,,Rear End,2,Rain,Wet,Daylight
2021-10-04T08:28:00.000,I 20,I 20 and Riverside Pkwy,,Rear End,2,Rain,Wet,Daylight
2021-10-24T21:30:00.000,I 20,I 20 and Riverside Pkwy,,Not a Collision with Motor Vehicle,1,Clear,Dry,Dark-Not Lighted
2021-12-10T11:46:00.000,I 20,I 20 and Riverside Pkwy,,Rear End,2,Rain,Dry,Daylight
2021-07-08T14:50:00.000,I 20,I 20 and Riverside Pkwy,,Rear End,2,Clear,Dry,Daylight
2021-07-17T16:22:00.000,I 20,I 20 and Riverside Pkwy,,Rear End,2,Clear,Dry,Daylight
2021-09-04T13:05:00.000,I 20,I 20 and Riverside Pkwy,,Rear End,2,Clear,Dry,Daylight
2021-12-26T22:50:00.000,I 20,I 20 and Riverside Pkwy,,Rear End,2,Clear,Dry,Dark-Lighted
2021-10-07T16:07:00.000,I 20,I 20 and Riverside Pkwy,,Not a Collision with Motor Vehicle,2,Rain,Wet,Daylight
2021-07-02T11:30:00.000,I 20,I 20 and Riverside Pkwy,,Rear End,2,Rain,Wet,Daylight
2021-09-03T21:09:00.000,I 20,I 20 and Riverside Pkwy,,Angle Crash,2,Cloudy,Dry,Dark-Lighted
2021-09-13T11:37:00.000,I 20,I 20 and Riverside Pkwy,,Sideswipe-Same Direction,2,Clear,Dry,Daylight
2021-07-19T18:50:00.000,I 20,I 20 and Riverside Pkwy,,Rear End,2,Rain,Wet,Daylight
2021-10-17T17:15:00.000,I 20,I 20 and Riverside Pkwy,,Rear End,2,Clear,Dry,Daylight
2021-06-06T23:30:00.000,I 20,I 20 and Riverside Pkwy,,Not a Collision with Motor Vehicle,1,Other,Water (standing or moving),Dark-Not Lighted
2021-06-18T15:40:00.000,I 20,I 20 and Riverside Pkwy,,Angle Crash,2,Cloudy,Dry,Daylight
2021-05-02T14:29:00.000,I 20,I 20 and Riverside Pkwy,,Angle Crash,3,Cloudy,Dry,Daylight
2021-05-21T11:45:00.000,I 20,I 20 and Riverside Pkwy,,Rear End,2,Clear,Dry,Daylight
2021-06-18T17:16:00.000,I 20,I 20 and Riverside Pkwy,,Rear End,2,Clear,Dry,Daylight
2021-06-25T18:46:00.000,I 20,I 20 and Riverside Pkwy,,Rear End,2,Cloudy,Dry,Daylight
2021-01-02T10:34:00.000,I 20,I 20 and Riverside Pkwy,,Rear End,3,Clear,Dry,Daylight
2021-01-21T14:36:00.000,I 20,I 20 and Riverside Pkwy,,Rear End,2,Rain,Wet,Daylight
2021-02-26T14:28:00.000,I 20,I 20 and Riverside Pkwy,,Rear End,2,Clear,Wet,Daylight
2021-05-27T12:44:00.000,I 20,I 20 and Riverside Pkwy,,Rear End,2,Clear,Dry,Daylight
2021-06-17T08:54:00.000,I 20,I 20 and Riverside Pkwy,,Sideswipe-Same Direction,2,Clear,Dry,Daylight
2020-08-11T08:12:00.000,I 20,I 20 and Riverside Pkwy,,Rear End,2,Cloudy,Dry,Daylight
2020-09-28T19:05:00.000,I 20,I 20 and Riverside Pkwy,,Rear End,2,Cloudy,Dry,Daylight
2020-07-01T13:23:00.000,I 20,I 20 and Riverside Pkwy,,Rear End,2,Clear,Dry,Daylight
2020-02-06T08:29:00.000,I 20,I 20 and Riverside Pkwy,,Rear End,2,Rain,Wet,Daylight
2020-09-17T17:38:00.000,I 20,I 20 and Riverside Pkwy,,Rear End,2,Rain,Wet,Daylight
2020-12-31T20:12:00.000,I 20,I 20 and Riverside Pkwy,,Sideswipe-Same Direction,2,Rain,Wet,Dark-Lighted
2020-12-01T07:30:00.000,I 20,I 20 and Riverside Pkwy,,Rear End,3,Clear,Dry,Dawn
2023-12-16T04:20:00.000,I 20,I 20 and Riverside Pkwy,,Not a Collision with Motor Vehicle,1,Clear,Dry,Dark-Lighted
2023-11-21T12:30:00.000,I 20,I 20 and Riverside Pkwy,,Rear End,2,Clear,Dry,Daylight
2023-02-20T16:56:00.000,I 20,I 20 and Riverside Pkwy,,Angle Crash,2,Clear,Dry,Daylight
2023-08-09T13:10:00.000,I 20,I 20 and Riverside Pkwy,,Sideswipe-Same Direction,2,Clear,Dry,Daylight
2023-04-12T05:00:00.000,I 20,I 20 and Riverside Pkwy,,Sideswipe-Same Direction,2,Clear,Dry,Dark-Not Lighted
2023-12-07T11:55:00.000,I 20,I 20 and Riverside Pkwy,,Not a Collision with Motor Vehicle,2,Clear,Dry,Daylight
2023-04-16T16:18:00.000,I 20,I 20 and Riverside Pkwy,,Rear End,2,Cloudy,Dry,Daylight