Date and Time,Roadway (From Crash Report),Intersection Name (from Crash Report),KABCO Severity,Manner of Collision (Crash Level) ,# of Vehicles per crash ,Weather Conditions (Crash Level),Surface Condition (Crash Level) ,Light Conditions (Crash Level)
2023-10-13T19:10:00.000,I 20,I 20 and Riverside Pkwy,,Rear End,3,Rain,Wet,Dark-Not Lighted
2023-10-12T05:11:00.000,I 20,I 20 and Riverside Pkwy,,Rear End,2,Rain,Wet,Dark-Lighted
2023-11-03T09:35:00.000,I 20,I 20 and Riverside Pkwy,,Not a Collision with Motor Vehicle,2,Clear,Dry,Daylight
2023-08-24T13:21:00.000,I 20,I 20 and Riverside Pkwy,,Rear End,3,Clear,Dry,Daylight
2023-01-16T10:40:00.000,I 20,I 20 and Riverside Pkwy,,Not a Collision with Motor Vehicle,1,Clear,Dry,Daylight
2023-11-12T06:00:00.000,I 20,I 20 and Riverside Pkwy,,Not a Collision with Motor Vehicle,1,Cloudy,Wet,Dark-Lighted
2023-11-21T18:50:00.000,I 20,I 20 and Riverside Pkwy,,Sideswipe-Same Direction,2,Rain,Wet,Dark-Not Lighted
2023-05-12T11:43:00.000,I 20,I 20 and Riverside Pkwy,,Rear End,3,Cloudy,Wet,Daylight
2023-05-05T14:39:00.000,I 20,I 20 and Riverside Pkwy,,Rear End,4,Rain,Wet,Daylight
2023-06-01T11:10:00.000,I 20,I 20 and Riverside Pkwy,,Rear End,3,Clear,Dry,Daylight
2023-04-27T09:08:00.000,I 20,I 20 and Riverside Pkwy,,Rear End,2,Rain,Wet,Daylight
2023-03-29T08:36:00.000,I 20,I 20 and Riverside Pkwy,,Sideswipe-Same Direction,2,Clear,Dry,Daylight
2023-07-12T07:25:00.000,I 20,I 20 and Riverside Pkwy,,Rear End,2,Clear,Dry,Daylight
2023-12-15T16:12:00.000,I 20,I 20 and Riverside Pkwy,,Rear End,2,Clear,Dry,Daylight
2023-05-05T06:45:00.000,I 20,I 20 and Riverside Pkwy,,Sideswipe-Same Direction,2,Clear,Dry,Daylight
2023-07-22T06:15:00.000,I 20,I 20 and Riverside Pkwy,,Sideswipe-Same Direction,2,Cloudy,Dry,Dawn
2023-02-28T08:50:00.000,I 20,I 20 and Riverside Pkwy,,Rear End,2,Clear,Dry,Daylight
2023-11-09T09:47:00.000,I 20,I 20 and Riverside Pkwy,,Rear End,4,Clear,Dry,Daylight
2023-04-15T22:44:00.000,I 20,I 20 and Riverside Pkwy,,Sideswipe-Same Direction,2,Clear,Dry,Dark-Lighted
2023-05-08T17:25:00.000,I 20,I 20 and Riverside Pkwy,,Rear End,2,Clear,Dry,Daylight
2023-05-30T16:00:00.000,I 20,I 20 and Riverside Pkwy,,Angle Crash,2,Clear,Dry,Daylight
2023-04-23T06:18:00.000,I 20,I 20 and Riverside Pkwy,,Angle Crash,2,Clear,Dry,Daylight
2023-06-17T18:20:00.000,I 20,I 20 and Riverside Pkwy,,Sideswipe-Same Direction,2,Clear,Dry,Daylight
2023-08-29T22:05:00.000,I 20,I 20 and Riverside Pkwy,,Sideswipe-Same Direction,2,Rain,Water (standing or moving),Dark-Not Lighted
2023-01-04T01:47:00.000,I 20,I 20 and Riverside Pkwy,,Not a Collision with Motor Vehicle,1,Rain,Wet,Dark-Not Lighted
2023-10-29T19:02:00.000,I 20,I 20 and Riverside Pkwy,,Rear End,3,Clear,Dry,Dark-Not Lighted
2023-05-11T09:45:00.000,I 20,I 20 and Riverside Pkwy,,Sideswipe-Same Direction,2,Clear,Dry,Daylight
2023-03-09T07:31:00.000,I 20,I 20 and Riverside Pkwy,,Rear End,2,Rain,Wet,Daylight
2023-04-12T16:02:00.000,I 20,I 20 and Riverside Pkwy,,Rear End,2,Clear,Dry,Daylight
2023-07-07T16:04:00.000,I 20,I 20 and Riverside Pkwy,,Angle Crash,2,Clear,Dry,Daylight
2023-11-13T17:21:00.000,I 20,I 20 and Riverside Pkwy,,Rear End,2,Clear,Dry,Daylight
2023-08-18T15:50:00.000,I 20,I 20 and Riverside Pkwy,,Rear End,2,Clear,Dry,Daylight
2023-03-14T17:25:00.000,I 20,I 20 and Riverside Pkwy,,Rear End,2,Clear,Dry,Daylight
2023-04-05T12:57:00.000,I 20,I 20 and Riverside Pkwy,,Sideswipe-Same Direction,2,Clear,Dry,Daylight
2023-10-29T03:59:00.000,I 20,I 20 and Riverside Pkwy,,Angle Crash,2,Clear,Dry,Daylight
2023-08-18T16:30:00.000,I 20,I 20 and Riverside Pkwy,,Rear End,2,Clear,Dry,Daylight
2023-12-08T06:20:00.000,I 20,I 20 and Riverside Pkwy,,Rear End,3,Clear,Dry,Daylight
2023-06-22T15:18:00.000,I 20,I 20 and Riverside Pkwy,,Rear End,4,Clear,Dry,Daylight
2023-11-11T15:08:00.000,I 20,I 20 and Riverside Pkwy,,Sideswipe-Same Direction,2,Rain,Wet,Daylight
2023-04-15T12:20:00.000,I 20,I 20 and Riverside Pkwy,,Rear End,2,Clear,Dry,Daylight
2023-02-24T16:36:00.000,I 20,I 20 and Riverside Pkwy,,Sideswipe-Same Direction,2,Cloudy,Wet,Daylight
2023-10-05T16:04:00.000,I 20,I 20 and Riverside Pkwy,,Rear End,3,Clear,Dry,Daylight
2023-03-25T12:32:00.000,I 20,I 20 and Riverside Pkwy,,Rear End,2,Clear,Dry,Daylight
2023-12-08T19:00:00.000,I 20,I 20 and Riverside Pkwy,,Rear End,2,Clear,Dry,Dark-Not Lighted
2023-05-16T17:55:00.000,I 20,I 20 and Riverside Pkwy,,Rear End,2,Rain,Wet,Daylight
2023-09-01T11:10:00.000,I 20,I 20 and Riverside Pkwy,,Rear End,2,Clear,Dry,Daylight
2023-07-28T08:23:00.000,I 20,I 20 and Riverside Pkwy,,Rear End,2,Clear,Dry,Daylight
2023-02-06T18:34:00.000,I 20,I 20 and Riverside Pkwy,,Sideswipe-Same Direction,2,Clear,Dry,Dark-Lighted
2023-04-06T15:30:00.000,I 20,I 20 and Riverside Pkwy,,Angle Crash,2,Cloudy,Dry,Daylight
2023-11-15T18:30:00.000,I 20,I 20 and Riverside Pkwy,,Rear End,2,Clear,Dry,Dark-Not Lighted
2023-11-10T11:01:00.000,I 20,I 20 and Riverside Pkwy,,Sideswipe-Same Direction,2,Rain,Wet,Daylight
2023-08-18T15:49:00.000,I 20,I 20 and Riverside Pkwy,,Rear End,2,Cloudy,Dry,Daylight
2023-11-29T17:19:00.000,I 20,I 20 and Riverside Pkwy,,Rear End,2,Clear,Dry,Dark-Not Lighted
2023-12-01T08:46:00.000,I 20,I 20 and Riverside Pkwy,,Rear End,2,Clear,Dry,Daylight
2023-02-11T11:41:00.000,I 20,I 20 and Riverside Pkwy,,Sideswipe-Same Direction,1,Cloudy,Dry,Daylight
2023-06-28T11:11:00.000,I 20,I 20 and Riverside Pkwy,,Angle Crash,2,Clear,Dry,Daylight
2023-07-13T13:19:00.000,I 20,I 20 and Riverside Pkwy,,Angle Crash,6,Clear,Dry,Daylight
2023-12-15T14:06:00.000,I 20,I 20 and Riverside Pkwy,,Rear End,2,Clear,Dry,Daylight
2023-10-08T13:36:00.000,I 20,I 20 and Riverside Pkwy,,Angle Crash,1,Clear,Dry,Daylight
2023-04-04T15:20:00.000,I 20,I 20 and Riverside Pkwy,,Rear End,2,Cloudy,Dry,Daylight
2023-03-10T18:11:00.000,I 20,I 20 and Riverside Pkwy,,Rear End,4,Clear,Dry,Daylight
2023-02-09T18:54:00.000,I 20,I 20 and Riverside Pkwy,,Sideswipe-Same Direction,2,Rain,Wet,Dark-Lighted
2023-11-20T12:50:00.000,I 20,I 20 and Riverside Pkwy,,Not a Collision with Motor Vehicle,1,Clear,Dry,Daylight
2023-01-19T07:04:00.000,I 20,I 20 and Riverside Pkwy,,Sideswipe-Same Direction,2,Clear,Dry,Dark-Not Lighted
2023-04-13T13:10:00.000,I 20,I 20 and Riverside Pkwy,,Rear End,2,Rain,Wet,Daylight
2023-08-18T23:51:00.000,I 20,I 20 and Riverside Pkwy,,Rear End,3,Clear,Dry,Dark-Lighted
2023-11-18T23:15:00.000,I 20,I 20 and Riverside Pkwy,,Not a Collision with Motor Vehicle,1,Clear,Dry,Dark-Lighted
2023-04-06T16:04:00.000,I 20,I 20 and Riverside Pkwy,,Rear End,2,Clear,Dry,Daylight
2023-11-10T13:27:00.000,I 20,I 20 and Riverside Pkwy,,Rear End,2,Rain,Wet,Daylight
2023-08-27T01:45:00.000,I 20,I 20 and Riverside Pkwy,,Not a Collision with Motor Vehicle,1,Clear,Dry,Dark-Not Lighted
2023-01-25T01:00:00.000,I 20,I 20 and Riverside Pkwy,,Angle Crash,2,Clear,Dry,Dark-Lighted
2023-03-10T10:30:00.000,I 20,I 20 and Riverside Pkwy,,Rear End,3,Cloudy,Dry,Daylight
2023-01-03T11:40:00.000,I 20,I 20 and Riverside Pkwy,,Sideswipe-Same Direction,3,Clear,Wet,Daylight
2023-02-20T07:02:00.000,I 20,I 20 and Riverside Pkwy,,Rear End,2,Clear,Dry,Dawn
2023-07-11T09:25:00.000,I 20,I 20 and Riverside Pkwy,,Sideswipe-Same Direction,2,Clear,Dry,Daylight
2023-09-29T12:20:00.000,I 20,I 20 and Riverside Pkwy,,Rear End,2,Clear,Dry,Daylight
2023-11-03T16:53:00.000,I 20,I 20 and Riverside Pkwy,,Rear End,2,Clear,Dry,Daylight
2023-04-12T15:21:00.000,I 20,I 20 and Riverside Pkwy,,Angle Crash,2,Clear,Dry,Daylight
2023-07-26T14:21:00.000,I 20,I 20 and Riverside Pkwy,,Rear End,2,Clear,Dry,Daylight
2023-05-20T22:00:00.000,I 20,I 20 and Riverside Pkwy,,Sideswipe-Same Direction,2,Rain,Wet,Dark-Not Lighted
2023-01-04T07:40:00.000,I 20,I 20 and Riverside Pkwy,,Sideswipe-Same Direction,2,Clear,Dry,Daylight
2023-03-19T13:48:00.000,I 20,I 20 and Riverside Pkwy,,Rear End,2,Clear,Dry,Daylight
2023-02-28T07:59:00.000,I 20,I 20 and Riverside Pkwy,,Rear End,2,Clear,Dry,Daylight
2022-04-06T07:52:00.000,I 20,I 20 and Riverside Pkwy,,Rear End,2,Cloudy,Wet,Daylight
2022-12-05T18:55:00.000,I 20,I 20 and Riverside Pkwy,,Sideswipe-Same Direction,2,Rain,Wet,Dark-Lighted
2022-06-09T16:41:00.000,I 20,I 20 and Riverside Pkwy,,Rear End,2,Cloudy,Dry,Daylight
2022-08-12T14:51:00.000,I 20,I 20 and Riverside Pkwy,,Sideswipe-Same Direction,2,Clear,Dry,Daylight
2020-06-22T14:28:00.000,I 20,I 20 and Riverside Pkwy,,Rear End,2,Clear,Dry,Daylight
2022-11-08T07:20:00.000,I 20,I 20 and Riverside Pkwy,,Rear End,3,Clear,Dry,Dawn
2021-03-25T08:00:00.000,I 20,I 20 and Riverside Pkwy,,Rear End,3,Rain,Wet,Daylight
2020-09-20T00:20:00.000,I 20,I 20 and Riverside Pkwy,,Rear End,2,Clear,Dry,Dark-Lighted
2020-02-01T11:58:00.000,I 20,I 20 and Riverside Pkwy,,Rear End,2,Cloudy,Dry,Daylight
2020-11-06T12:07:00.000,I 20,I 20 and Riverside Pkwy,,Rear End,2,Clear,Dry,Daylight
2020-06-09T13:00:00.000,I 20,I 20 and Riverside Pkwy,,Rear End,2,Rain,Wet,Daylight
2020-02-14T09:00:00.000,I 20,I 20 and Riverside Pkwy,,Rear End,2,Clear,Dry,Daylight
2020-02-13T09:03:00.000,I 20,I 20 and Riverside Pkwy,,Rear End,3,Rain,Wet,Daylight
2020-10-13T17:49:00.000,I 20,I 20 and Riverside Pkwy,,Rear End,2,Clear,Dry,Daylight
2020-07-05T13:42:00.000,I 20,I 20 and Riverside Pkwy,,Sideswipe-Same Direction,2,Clear,Dry,Daylight
2020-11-18T06:47:00.000,I 20,I 20 and Riverside Pkwy,,Sideswipe-Same Direction,2,Clear,Dry,Daylight
2020-08-03T16:14:00.000,I 20,I 20 and Riverside Pkwy,,Sideswipe-Same Direction,3,Rain,Wet,Daylight
2020-06-28T14:15:00.000,I 20,I 20 and Riverside Pkwy,,Rear End,2,Clear,Dry,Daylight
2020-03-19T15:00:00.000,I 20,I 20 and Riverside Pkwy,,Sideswipe-Same Direction,3,Clear,Dry,Daylight
2020-12-21T14:08:00.000,I 20,I 20 and Riverside Pkwy,,Rear End,4,Clear,Dry,Daylight
2020-08-06T04:30:00.000,I 20,I 20 and Riverside Pkwy,,Rear End,2,Clear,Dry,Dark-Lighted
2020-02-15T18:09:00.000,I 20,I 20 and Riverside Pkwy,,Rear End,2,Clear,Dry,Dusk
2020-07-23T16:59:00.000,I 20,I 20 and Riverside Pkwy,,Rear End,2,Clear,Dry,Daylight
2020-11-30T23:56:00.000,I 20,I 20 and Riverside Pkwy,,Rear End,2,Cloudy,Dry,Dark-Not Lighted
2020-08-13T12:56:00.000,I 20,I 20 and Riverside Pkwy,,Rear End,2,Clear,Dry,Daylight
2020-11-19T16:15:00.000,I 20,I 20 and Riverside Pkwy,,Sideswipe-Same Direction,2,Clear,Dry,Daylight
2020-05-26T22:39:00.000,I 20,I 20 and Riverside Pkwy,,Sideswipe-Same Direction,1,Cloudy,Dry,Dark-Not Lighted
2020-10-20T14:58:00.000,I 20,I 20 and Riverside Pkwy,,Sideswipe-Same Direction,2,Clear,Dry,Daylight
2020-02-09T17:46:00.000,I 20,I 20 and Riverside Pkwy,,Angle Crash,3,Clear,Dry,Dusk
2020-03-07T15:47:00.000,I 20,I 20 and Riverside Pkwy,,Rear End,2,Clear,Dry,Daylight
2020-12-31T20:02:00.000,I 20,I 20 and Riverside Pkwy,,Sideswipe-Same Direction,2,Fog,Wet,Dark-Lighted
2020-12-21T14:15:00.000,I 20,I 20 and Riverside Pkwy,,Rear End,2,Clear,Dry,Daylight
2020-05-13T16:50:00.000,I 20,I 20 and Riverside Pkwy,,Rear End,2,Clear,Dry,Daylight
2020-11-30T18:50:00.000,I 20,I 20 and Riverside Pkwy,,Rear End,2,Snow,Wet,Dark-Not Lighted
2020-05-02T10:00:00.000,I 20,I 20 and Riverside Pkwy,,Not a Collision with Motor Vehicle,1,Clear,Dry,Daylight
2020-04-22T06:46:00.000,I 20,I 20 and Riverside Pkwy,,Rear End,4,Clear,Dry,Daylight
2020-01-25T12:20:00.000,I 20,I 20 and Riverside Pkwy,,Not a Collision with Motor Vehicle,1,Clear,Dry,Daylight
2020-12-15T18:40:00.000,I 20,I 20 and Riverside Pkwy,,Rear End,2,Cloudy,Dry,Dark-Lighted
2020-09-04T13:15:00.000,I 20,I 20 and Riverside Pkwy,,Rear End,2,Clear,Dry,Daylight
2020-02-27T09:07:00.000,I 20,I 20 and Riverside Pkwy,,Rear End,2,Clear,Dry,Daylight
2020-09-17T17:44:00.000,I 20,I 20 and Riverside Pkwy,,Sideswipe-Same Direction,2,Rain,Wet,Daylight
2020-08-03T16:07:00.000,I 20,I 20 and Riverside Pkwy,,Not a Collision with Motor Vehicle,1,Clear,Dry,Daylight
2020-01-28T06:25:00.000,I 20,I 20 and Riverside Pkwy,,Rear End,2,Clear,Dry,Dark-Not Lighted
2020-10-24T18:15:00.000,I 20,I 20 and Riverside Pkwy,,Rear End,2,Rain,Wet,Dark-Not Lighted
2020-08-04T18:21:00.000,I 20,I 20 and Riverside Pkwy,,Rear End,2,Clear,Dry,Daylight
2020-08-03T14:28:00.000,I 20,I 20 and Riverside Pkwy,,Rear End,3,Rain,Wet,Daylight
2020-01-15T07:40:00.000,I 20,I 20 and Riverside Pkwy,,Rear End,2,Clear,Dry,Daylight
2020-01-22T07:00:00.000,I 20,I 20 and Riverside Pkwy,,Rear End,2,Clear,Dry,Dawn
2020-04-13T04:39:00.000,I 20,I 20 and Riverside Pkwy,,Not a Collision with Motor Vehicle,1,Rain,Water (standing or moving),Dark-Lighted
2020-02-21T18:00:00.000,I 20,I 20 and Riverside Pkwy,,Sideswipe-Same Direction,2,Cloudy,Dry,Daylight
2020-11-16T17:54:00.000,I 20,I 20 and Riverside Pkwy,,Rear End,3,Clear,Dry,Dark-Not Lighted
2020-11-18T10:15:00.000,I 20,I 20 and Riverside Pkwy,,Sideswipe-Same Direction,2,Clear,Dry,Daylight
2020-12-26T14:35:00.000,I 20,I 20 and Riverside Pkwy,,Sideswipe-Same Direction,2,Clear,Dry,Daylight
2020-05-05T16:44:00.000,I 20,I 20 and Riverside Pkwy,,Rear End,4,Clear,Dry,Daylight
2020-09-04T18:38:00.000,I 20,I 20 and Riverside Pkwy,,Rear End,2,Clear,Dry,Daylight
2020-09-03T18:57:00.000,I 20,I 20 and Riverside Pkwy,,Rear End,2,Clear,Dry,Daylight
2020-12-29T14:13:00.000,I 20,I 20 and Riverside Pkwy,,Rear End,2,Clear,Dry,Daylight
2020-12-15T19:10:00.000,I 20,I 20 and Riverside Pkwy,,Rear End,3,Cloudy,Dry,Dark-Lighted
2020-11-05T22:20:00.000,I 20,I 20 and Riverside Pkwy,,Sideswipe-Same Direction,1,Clear,Dry,Dark-Not Lighted
2020-10-13T16:55:00.000,I 20,I 20 and Riverside Pkwy,,Rear End,2,Clear,Dry,Daylight
2020-01-24T07:34:00.000,I 20,I 20 and Riverside Pkwy,,Rear End,2,Rain,Wet,Daylight
2020-02-03T09:56:00.000,I 20,I 20 and Riverside Pkwy,,Rear End,2,Clear,Dry,Daylight
2020-06-19T16:56:00.000,I 20,I 20 and Riverside Pkwy,,Rear End,2,Clear,Dry,Daylight
2020-10-07T07:28:00.000,I 20,I 20 and Riverside Pkwy,,Rear End,2,Clear,Dry,Daylight
2020-04-11T23:28:00.000,I 20,I 20 and Riverside Pkwy,,Head On,2,Clear,Dry,Dark-Not Lighted
2020-08-04T18:35:00.000,I 20,I 20 and Riverside Pkwy,,Sideswipe-Same Direction,2,Clear,Dry,Daylight
2020-10-16T22:05:00.000,I 20,I 20 and Riverside Pkwy,,Not a Collision with Motor Vehicle,1,Clear,Dry,Dark-Not Lighted
2020-02-27T17:42:00.000,I 20,I 20 and Riverside Pkwy,,Rear End,2,Cloudy,Dry,Daylight
2020-02-21T13:03:00.000,I 20,I 20 and Riverside Pkwy,,Rear End,2,Clear,Dry,Daylight
2020-01-24T17:20:00.000,I 20,I 20 and Riverside Pkwy,,Angle Crash,2,Clear,Dry,Daylight
2020-10-21T07:43:00.000,I 20,I 20 and Riverside Pkwy,,Rear End,2,Clear,Dry,Daylight
2020-08-20T16:42:00.000,I 20,I 20 and Riverside Pkwy,,Rear End,4,Cloudy,Dry,Daylight
2020-06-25T01:00:00.000,I 20,I 20 and Riverside Pkwy,,Rear End,3,Rain,Wet,Dark-Not Lighted
2020-10-06T12:40:00.000,I 20,I 20 and Riverside Pkwy,,Head On,4,Clear,Dry,Daylight
2020-12-31T20:23:00.000,I 20,I 20 and Riverside Pkwy,,Rear End,2,Rain,Wet,Dark-Lighted
2020-05-15T14:30:00.000,I 20,I 20 and Riverside Pkwy,,Rear End,2,Clear,Dry,Daylight
2020-03-12T06:55:00.000,I 20,I 20 and Riverside Pkwy,,Rear End,2,Cloudy,Wet,Daylight
2020-09-13T07:22:00.000,I 20,I 20 and Riverside Pkwy,,Sideswipe-Same Direction,2,Clear,Dry,Daylight
2020-10-16T08:44:00.000,I 20,I 20 and Riverside Pkwy,,Rear End,4,Clear,Dry,Daylight
2020-06-26T17:30:00.000,I 20,I 20 and Riverside Pkwy,,Rear End,2,Clear,Dry,Daylight
2020-01-23T09:47:00.000,I 20,I 20 and Riverside Pkwy,,Rear End,2,Rain,Wet,Daylight
2020-10-21T14:25:00.000,I 20,I 20 and Riverside Pkwy,,Sideswipe-Same Direction,2,Cloudy,Dry,Daylight
2020-07-31T18:34:00.000,I 20,I 20 and Riverside Pkwy,,Rear End,2,Clear,Dry,Daylight
2020-03-19T14:53:00.000,I 20,I 20 and Riverside Pkwy,,Rear End,2,Clear,Dry,Daylight
2020-06-06T14:00:00.000,I 20,I 20 and Riverside Pkwy,,Rear End,2,Clear,Dry,Daylight
2020-05-28T07:32:00.000,I 20,I 20 and Riverside Pkwy,,Rear End,2,Cloudy,Wet,Daylight
2020-07-17T16:00:00.000,I 20,I 20 and Riverside Pkwy,,Rear End,2,Clear,Dry,Daylight
2020-03-10T08:25:00.000,I 20,I 20 and Riverside Pkwy,,Rear End,2,Rain,Wet,Daylight
2020-02-08T14:45:00.000,I 20,I 20 and Riverside Pkwy,,Not a Collision with Motor Vehicle,1,Clear,Wet,Daylight
2020-12-21T08:00:00.000,I 20,I 20 and Riverside Pkwy,,Sideswipe-Same Direction,2,Cloudy,Dry,Daylight
2020-10-09T21:24:00.000,I 20,I 20 and Riverside Pkwy,,Rear End,2,Rain,Wet,Dark-Lighted
2020-11-16T19:00:00.000,I 20,I 20 and Riverside Pkwy,,Rear End,2,Clear,Dry,Dark-Lighted
2020-09-09T18:28:00.000,I 20,I 20 and Riverside Pkwy,,Angle Crash,2,Clear,Dry,Daylight
2020-06-21T13:31:00.000,I 20,I 20 and Riverside Pkwy,,Not a Collision with Motor Vehicle,1,Clear,Dry,Daylight
2020-06-04T11:00:00.000,I 20,I 20 and Riverside Pkwy,,Sideswipe-Same Direction,2,Clear,Dry,Daylight
2020-11-30T10:40:00.000,I 20,I 20 and Riverside Pkwy,,Rear End,2,Clear,Dry,Daylight
2020-10-23T14:42:00.000,I 20,I 20 and Riverside Pkwy,,Rear End,5,Clear,Dry,Daylight
2020-10-26T07:55:00.000,I 20,I 20 and Riverside Pkwy,,Rear End,2,Cloudy,Dry,Daylight
2020-01-15T06:51:00.000,I 20,I 20 and Riverside Pkwy,,Sideswipe-Same Direction,2,Clear,Wet,Dark-Not Lighted
2020-11-06T09:00:00.000,I 20,I 20 and Riverside Pkwy,,Rear End,2,Clear,Dry,Daylight
2020-09-02T14:14:00.000,I 20,I 20 and Riverside Pkwy,,Sideswipe-Same Direction,2,Clear,Dry,Daylight
2020-10-24T18:41:00.000,I 20,I 20 and Riverside Pkwy,,Rear End,2,Rain,Wet,Dark-Lighted
2020-10-26T07:58:00.000,I 20,I 20 and Riverside Pkwy,,Rear End,2,Cloudy,Dry,Daylight
2020-12-10T17:40:00.000,I 20,I 20 and Riverside Pkwy,,Rear End,1,Clear,Dry,Daylight
2020-01-10T06:37:00.000,I 20,I 20 and Riverside Pkwy,,Rear End,2,Clear,Dry,Dark-Lighted
2020-10-16T22:05:00.000,I 20,I 20 and Riverside Pkwy,,Rear End,2,Clear,Dry,Dark-Not Lighted
2020-10-23T16:56:00.000,I 20,I 20 and Riverside Pkwy,,Rear End,2,Clear,Dry,Daylight
2020-01-16T05:55:00.000,I 20,I 20 and Riverside Pkwy,,Rear End,3,Rain,Wet,Dark-Not Lighted
2020-10-24T17:46:00.000,I 20,I 20 and Riverside Pkwy,,Rear End,3,Rain,Wet,Daylight
2020-01-29T06:56:00.000,I 20,I 20 and Riverside Pkwy,,Rear End,2,Clear,Dry,Daylight
2020-01-23T07:50:00.000,I 20,I 20 and Riverside Pkwy,,Sideswipe-Same Direction,2,Rain,Wet,Daylight
2020-09-21T13:15:00.000,I 20,I 20 and Riverside Pkwy,,Sideswipe-Same Direction,2,Clear,Dry,Daylight
2020-07-27T09:09:00.000,I 20,I 20 and Riverside Pkwy,,Rear End,3,Clear,Dry,Daylight
2020-02-11T07:46:00.000,I 20,I 20 and Riverside Pkwy,,Rear End,3,Rain,Wet,Daylight
2020-07-06T20:41:00.000,I 20,I 20 and Riverside Pkwy,,Angle Crash,2,Rain,Wet,Dusk
2020-07-08T22:13:00.000,I 20,I 20 and Riverside Pkwy,,Not a Collision with Motor Vehicle,1,Cloudy,Wet,Dark-Not Lighted
2020-09-03T19:05:00.000,I 20,I 20 and Riverside Pkwy,,Rear End,2,Cloudy,Dry,Daylight
2020-01-01T07:47:00.000,I 20,I 20 and Riverside Pkwy,,Not a Collision with Motor Vehicle,1,Clear,Dry,Daylight
2020-08-07T11:00:00.000,I 20,I 20 and Riverside Pkwy,,Rear End,3,Clear,Dry,Daylight
2020-07-07T10:59:00.000,I 20,I 20 and Riverside Pkwy,,Rear End,2,Cloudy,Dry,Daylight
2020-06-19T16:02:00.000,I 20,I 20 and Riverside Pkwy,,Rear End,2,Clear,Dry,Daylight
2020-10-02T06:21:00.000,I 20,I 20 and Riverside Pkwy,,Rear End,2,Clear,Dry,Dark-Not Lighted
2020-06-29T08:00:00.000,I 20,I 20 and Riverside Pkwy,,Rear End,5,Clear,Dry,Daylight
2020-06-03T15:53:00.000,I 20,I 20 and Riverside Pkwy,,Sideswipe-Same Direction,2,Clear,Dry,Daylight
2020-11-18T15:56:00.000,I 20,I 20 and Riverside Pkwy,,Angle Crash,2,Clear,Dry,Daylight
2020-07-08T22:13:00.000,I 20,I 20 and Riverside Pkwy,,Not a Collision with Motor Vehicle,1,Cloudy,Wet,Dark-Not Lighted
2020-03-06T16:00:00.000,I 20,I 20 and Riverside Pkwy,,Rear End,2,Clear,Dry,Daylight
2020-04-14T15:13:00.000,I 20,I 20 and Riverside Pkwy,,Sideswipe-Same Direction,2,Clear,Dry,Daylight
2020-06-10T19:03:00.000,I 20,I 20 and Riverside Pkwy,,Rear End,2,Cloudy,Dry,Daylight
2020-09-19T00:02:00.000,I 20,I 20 and Riverside Pkwy,,Sideswipe-Same Direction,2,Clear,Dry,Dark-Not Lighted
2020-11-16T18:55:00.000,I 20,I 20 and Riverside Pkwy,,Rear End,2,Clear,Dry,Dark-Not Lighted
2020-11-16T19:30:00.000,I 20,I 20 and Riverside Pkwy,,Rear End,2,Clear,Dry,Dark-Not Lighted
2020-04-30T07:58:00.000,I 20,I 20 and Riverside Pkwy,,Rear End,2,Clear,Dry,Daylight
2020-10-06T12:37:00.000,I 20,I 20 and Riverside Pkwy,,Sideswipe-Same Direction,2,Clear,Dry,Daylight
2020-10-21T18:45:00.000,I 20,I 20 and Riverside Pkwy,,Rear End,2,Clear,Dry,Dark-Lighted
2020-01-16T07:25:00.000,I 20,I 20 and Riverside Pkwy,,Sideswipe-Same Direction,2,Cloudy,Wet,Daylight
2020-12-03T10:20:00.000,I 20,I 20 and Riverside Pkwy,,Not a Collision with Motor Vehicle,2,Clear,Dry,Daylight
2020-10-27T08:10:00.000,I 20,I 20 and Riverside Pkwy,,Rear End,2,Cloudy,Dry,Daylight
2020-11-07T12:20:00.000,I 20,I 20 and Riverside Pkwy,,Rear End,4,Cloudy,Wet,Daylight
2020-12-13T08:27:00.000,I 20,I 20 and Riverside Pkwy,,Rear End,2,Cloudy,Dry,Daylight
2020-11-24T18:30:00.000,I 20,I 20 and Riverside Pkwy,,Rear End,2,Clear,Dry,Dark-Lighted
2020-10-29T08:01:00.000,I 20,I 20 and Riverside Pkwy,,Rear End,3,Severe Thunderstorm or Tornadic,Wet,Daylight
2020-10-21T14:28:00.000,I 20,I 20 and Riverside Pkwy,,Sideswipe-Same Direction,2,Clear,Dry,Daylight
2020-09-29T07:40:00.000,I 20,I 20 and Riverside Pkwy,,Rear End,2,Rain,Wet,Daylight
2020-11-02T00:45:00.000,I 20,I 20 and Riverside Pkwy,,Not a Collision with Motor Vehicle,1,Clear,Dry,Dark-Not Lighted
2020-11-12T10:10:00.000,I 20,I 20 and Riverside Pkwy,,Rear End,3,Clear,Dry,Daylight
2020-06-25T15:28:00.000,I 20,I 20 and Riverside Pkwy,,Angle Crash,2,Cloudy,Dry,Daylight
2021-05-06T08:40:00.000,I 20,I 20 and Riverside Pkwy,,Rear End,2,Clear,Dry,Daylight
2021-05-05T08:57:00.000,I 20,I 20 and Riverside Pkwy,,Not a Collision with Motor Vehicle,1,Clear,Dry,Daylight
2021-03-10T12:21:00.000,I 20,I 20 and Riverside Pkwy,,Sideswipe-Same Direction,2,Clear,Dry,Daylight
2021-06-28T16:30:00.000,I 20,I 20 and Riverside Pkwy,,Rear End,2,Cloudy,Dry,Daylight
2021-02-01T06:45:00.000,I 20,I 20 and Riverside Pkwy,,Rear End,2,Clear,Dry,Dark-Not Lighted