Date and Time,Roadway (From Crash Report),Intersection Name (from Crash Report),KABCO Severity,Manner of Collision (Crash Level) ,# of Vehicles per crash ,Weather Conditions (Crash Level),Surface Condition (Crash Level) ,Light Conditions (Crash Level)
2021-03-25T09:37:00.000,I 20,I 20 and Riverside Pkwy,,Not a Collision with Motor Vehicle,1,Rain,Wet,Daylight
2021-04-21T13:37:00.000,I 20,I 20 and Riverside Pkwy,,Rear End,2,Clear,Dry,Daylight
2021-06-17T15:03:00.000,I 20,I 20 and Riverside Pkwy,,Rear End,3,Cloudy,Dry,Daylight
2021-03-31T06:21:00.000,I 20,I 20 and Riverside Pkwy,,Not a Collision with Motor Vehicle,1,Rain,Wet,Daylight
2021-04-03T13:58:00.000,I 20,I 20 and Riverside Pkwy,,Rear End,2,Clear,Dry,Daylight
2021-06-03T08:53:00.000,I 20,I 20 and Riverside Pkwy,,Rear End,2,Cloudy,Dry,Daylight
2021-06-06T06:48:00.000,I 20,I 20 and Riverside Pkwy,,Rear End,2,Rain,Wet,Daylight
2021-06-18T18:21:00.000,I 20,I 20 and Riverside Pkwy,,Rear End,2,Cloudy,Dry,Daylight
2021-02-01T19:57:00.000,I 20,I 20 and Riverside Pkwy,,Sideswipe-Same Direction,3,Clear,Dry,Dark-Not Lighted
2021-06-10T08:30:00.000,I 20,I 20 and Riverside Pkwy,,Rear End,2,Cloudy,Dry,Daylight
2021-06-01T08:45:00.000,I 20,I 20 and Riverside Pkwy,,Rear End,2,Clear,Dry,Daylight
2021-03-07T20:29:00.000,I 20,I 20 and Riverside Pkwy,,Angle Crash,2,Clear,Dry,Dark-Not Lighted
2021-05-01T13:02:00.000,I 20,I 20 and Riverside Pkwy,,Rear End,2,Clear,Dry,Daylight
2021-05-28T17:05:00.000,I 20,I 20 and Riverside Pkwy,,Rear End,2,Cloudy,Dry,Daylight
2021-03-03T19:25:00.000,I 20,I 20 and Riverside Pkwy,,Sideswipe-Same Direction,2,Cloudy,Dry,Dark-Lighted
2021-05-11T17:45:00.000,I 20,I 20 and Riverside Pkwy,,Rear End,3,Cloudy,Dry,Daylight
2021-03-31T13:56:00.000,I 20,I 20 and Riverside Pkwy,,Not a Collision with Motor Vehicle,1,Rain,Water (standing or moving),Daylight
2021-02-24T16:15:00.000,I 20,I 20 and Riverside Pkwy,,Sideswipe-Same Direction,2,Clear,Dry,Daylight
2021-05-27T17:21:00.000,I 20,I 20 and Riverside Pkwy,,Sideswipe-Same Direction,2,Clear,Dry,Daylight
2021-06-18T10:24:00.000,I 20,I 20 and Riverside Pkwy,,Rear End,2,Clear,Dry,Daylight
2021-01-27T07:07:00.000,I 20,I 20 and Riverside Pkwy,,Rear End,2,Rain,Wet,Dark-Not Lighted
2021-06-03T10:29:00.000,I 20,I 20 and Riverside Pkwy,,Rear End,2,Cloudy,Dry,Daylight
2021-01-23T18:58:00.000,I 20,I 20 and Riverside Pkwy,,Rear End,2,Cloudy,Dry,Dark-Lighted
2021-05-04T17:26:00.000,I 20,I 20 and Riverside Pkwy,,Rear End,2,Rain,Water (standing or moving),Daylight
2021-05-13T08:20:00.000,I 20,I 20 and Riverside Pkwy,,Rear End,2,Clear,Dry,Daylight
2021-03-04T00:49:00.000,I 20,I 20 and Riverside Pkwy,,Rear End,2,Clear,Dry,Dark-Not Lighted
2021-06-19T15:50:00.000,I 20,I 20 and Riverside Pkwy,,Rear End,2,Rain,Wet,Daylight
2021-05-22T15:23:00.000,I 20,I 20 and Riverside Pkwy,,Rear End,2,Clear,Dry,Daylight
2021-05-17T20:37:00.000,I 20,I 20 and Riverside Pkwy,,Sideswipe-Same Direction,2,Clear,Dry,Daylight
2021-06-23T17:36:00.000,I 20,I 20 and Riverside Pkwy,,Rear End,2,Clear,Dry,Daylight
2021-02-19T14:50:00.000,I 20,I 20 and Riverside Pkwy,,Rear End,2,Clear,Dry,Daylight
2021-06-23T09:44:00.000,I 20,I 20 and Riverside Pkwy,,Rear End,2,Clear,Dry,Daylight
2021-05-08T09:35:00.000,I 20,I 20 and Riverside Pkwy,,Angle Crash,3,Clear,Dry,Daylight
2021-08-06T12:47:00.000,I 20,I 20 and Riverside Pkwy,,Sideswipe-Same Direction,2,Clear,Dry,Daylight
2021-07-12T14:45:00.000,I 20,I 20 and Riverside Pkwy,,Rear End,2,Rain,Wet,Daylight
2021-07-22T18:04:00.000,I 20,I 20 and Riverside Pkwy,,Rear End,2,Clear,Dry,Daylight
2021-09-07T18:09:00.000,I 20,I 20 and Riverside Pkwy,,Rear End,2,Clear,Dry,Daylight
2021-07-14T07:55:00.000,I 20,I 20 and Riverside Pkwy,,Head On,3,Clear,Dry,Daylight
2021-09-22T14:54:00.000,I 20,I 20 and Riverside Pkwy,,Rear End,2,Clear,Dry,Daylight
2021-12-22T11:47:00.000,I 20,I 20 and Riverside Pkwy,,Rear End,2,Clear,Dry,Daylight
2021-09-27T08:30:00.000,I 20,I 20 and Riverside Pkwy,,Rear End,2,Clear,Dry,Daylight
2021-10-14T16:20:00.000,I 20,I 20 and Riverside Pkwy,,Angle Crash,2,Clear,Dry,Daylight
2021-11-01T07:40:00.000,I 20,I 20 and Riverside Pkwy,,Angle Crash,2,Clear,Dry,Daylight
2021-08-19T07:56:00.000,I 20,I 20 and Riverside Pkwy,,Rear End,2,Clear,Dry,Daylight
2021-07-31T13:46:00.000,I 20,I 20 and Riverside Pkwy,,Rear End,2,Clear,Dry,Daylight
2021-09-24T15:20:00.000,I 20,I 20 and Riverside Pkwy,,Rear End,2,Clear,Dry,Daylight
2021-09-24T19:20:00.000,I 20,I 20 and Riverside Pkwy,,Not a Collision with Motor Vehicle,1,Clear,Dry,Daylight
2021-07-31T05:40:00.000,I 20,I 20 and Riverside Pkwy,,Sideswipe-Same Direction,2,Clear,Dry,Dark-Not Lighted
2021-08-02T16:30:00.000,I 20,I 20 and Riverside Pkwy,,Sideswipe-Same Direction,2,Clear,Dry,Daylight
2021-09-28T11:06:00.000,I 20,I 20 and Riverside Pkwy,,Rear End,2,Clear,Dry,Daylight
2021-10-15T09:07:00.000,I 20,I 20 and Riverside Pkwy,,Rear End,2,Clear,Dry,Daylight
2021-07-02T14:28:00.000,I 20,I 20 and Riverside Pkwy,,Rear End,2,Cloudy,Wet,Daylight
2021-12-30T17:38:00.000,I 20,I 20 and Riverside Pkwy,,Rear End,2,Cloudy,Wet,Dusk
2021-08-13T18:12:00.000,I 20,I 20 and Riverside Pkwy,,Rear End,2,Clear,Dry,Daylight
2021-08-24T22:32:00.000,I 20,I 20 and Riverside Pkwy,,Sideswipe-Same Direction,2,Clear,Dry,Dark-Lighted
2021-07-27T01:18:00.000,I 20,I 20 and Riverside Pkwy,,Rear End,2,Cloudy,Dry,Dark-Not Lighted
2021-07-15T13:14:00.000,I 20,I 20 and Riverside Pkwy,,Rear End,2,Clear,Dry,Daylight
2021-09-16T10:16:00.000,I 20,I 20 and Riverside Pkwy,,Rear End,2,Rain,Wet,Daylight
2021-10-12T06:55:00.000,I 20,I 20 and Riverside Pkwy,,Rear End,2,Clear,Dry,Daylight
2021-10-07T16:07:00.000,I 20,I 20 and Riverside Pkwy,,Not a Collision with Motor Vehicle,2,Rain,Wet,Daylight
2021-11-12T07:00:00.000,I 20,I 20 and Riverside Pkwy,,Rear End,2,Clear,Dry,Daylight
2021-07-29T18:26:00.000,I 20,I 20 and Riverside Pkwy,,Rear End,2,Cloudy,Dry,Daylight
2021-07-22T17:48:00.000,I 20,I 20 and Riverside Pkwy,,Sideswipe-Same Direction,2,Clear,Dry,Daylight
2021-07-04T23:23:00.000,I 20,I 20 and Riverside Pkwy,,Rear End,3,Cloudy,Dry,Dark-Not Lighted
2021-09-24T17:06:00.000,I 20,I 20 and Riverside Pkwy,,Rear End,2,Clear,Dry,Daylight
2021-12-03T20:50:00.000,I 20,I 20 and Riverside Pkwy,,Not a Collision with Motor Vehicle,1,Clear,Dry,Dark-Lighted
2021-09-10T09:05:00.000,I 20,I 20 and Riverside Pkwy,,Rear End,5,Clear,Dry,Daylight
2021-12-09T18:25:00.000,I 20,I 20 and Riverside Pkwy,,Rear End,3,Cloudy,Dry,Dark-Not Lighted
2021-10-05T04:15:00.000,I 20,I 20 and Riverside Pkwy,,Not a Collision with Motor Vehicle,1,Rain,Wet,Dark-Not Lighted
2021-09-27T06:39:00.000,I 20,I 20 and Riverside Pkwy,,Rear End,2,Clear,Dry,Daylight
2021-09-26T14:28:00.000,I 20,I 20 and Riverside Pkwy,,Not a Collision with Motor Vehicle,1,Clear,Dry,Daylight
2021-12-30T16:06:00.000,I 20,I 20 and Riverside Pkwy,,Rear End,3,Rain,Wet,Daylight
2021-10-27T11:47:00.000,I 20,I 20 and Riverside Pkwy,,Rear End,3,Clear,Dry,Daylight
2021-11-17T17:48:00.000,I 20,I 20 and Riverside Pkwy,,Rear End,2,Clear,Dry,Dusk
2022-05-09T18:08:00.000,I 20,I 20 and Riverside Pkwy,,Rear End,2,Clear,Dry,Daylight
2022-10-24T08:10:00.000,I 20,I 20 and Riverside Pkwy,,Sideswipe-Same Direction,1,Clear,Dry,Daylight
2022-05-26T16:10:00.000,I 20,I 20 and Riverside Pkwy,,Rear End,3,Rain,Wet,Daylight
2022-04-10T14:04:00.000,I 20,I 20 and Riverside Pkwy,,Sideswipe-Same Direction,2,Clear,Dry,Daylight
2022-12-09T14:35:00.000,I 20,I 20 and Riverside Pkwy,,Rear End,5,Rain,Wet,Daylight
2022-09-23T08:57:00.000,I 20,I 20 and Riverside Pkwy,,Sideswipe-Same Direction,1,Clear,Dry,Daylight
2022-12-29T16:15:00.000,I 20,I 20 and Riverside Pkwy,,Rear End,2,Clear,Dry,Daylight
2022-02-01T08:52:00.000,I 20,I 20 and Riverside Pkwy,,Rear End,2,Clear,Dry,Daylight
2022-05-13T13:17:00.000,I 20,I 20 and Riverside Pkwy,,Rear End,4,Clear,Dry,Daylight
2022-11-04T16:04:00.000,I 20,I 20 and Riverside Pkwy,,Rear End,2,Clear,Dry,Daylight
2021-11-08T17:30:00.000,I 20,I 20 and Riverside Pkwy,,Sideswipe-Same Direction,2,Cloudy,Dry,Dusk
2021-09-29T14:01:00.000,I 20,I 20 and Riverside Pkwy,,Rear End,2,Clear,Dry,Daylight
2021-11-04T08:00:00.000,I 20,I 20 and Riverside Pkwy,,Not a Collision with Motor Vehicle,1,Rain,Wet,Daylight
2021-12-01T17:06:00.000,I 20,I 20 and Riverside Pkwy,,Sideswipe-Same Direction,2,Clear,Dry,Daylight
2021-10-18T16:10:00.000,I 20,I 20 and Riverside Pkwy,,Rear End,2,Clear,Dry,Daylight
2021-10-01T12:03:00.000,I 20,I 20 and Riverside Pkwy,,Rear End,2,Clear,Dry,Daylight
2021-09-23T14:04:00.000,I 20,I 20 and Riverside Pkwy,,Rear End,3,Clear,Dry,Daylight
2021-10-07T14:40:00.000,I 20,I 20 and Riverside Pkwy,,Rear End,3,Clear,Dry,Daylight
2021-12-22T12:21:00.000,I 20,I 20 and Riverside Pkwy,,Rear End,2,Clear,Dry,Daylight
2021-09-28T08:05:00.000,I 20,I 20 and Riverside Pkwy,,Rear End,2,Clear,Dry,Daylight
2021-09-22T16:25:00.000,I 20,I 20 and Riverside Pkwy,,Rear End,2,Cloudy,Dry,Daylight
2021-11-16T08:49:00.000,I 20,I 20 and Riverside Pkwy,,Rear End,2,Clear,Dry,Daylight
2021-07-25T14:40:00.000,I 20,I 20 and Riverside Pkwy,,Rear End,2,Clear,Dry,Daylight
2021-12-30T01:18:00.000,I 20,I 20 and Riverside Pkwy,,Not a Collision with Motor Vehicle,1,Rain,Wet,Dark-Lighted
2021-08-15T02:11:00.000,I 20,I 20 and Riverside Pkwy,,Not a Collision with Motor Vehicle,1,Cloudy,Dry,Dark-Not Lighted
2021-12-13T09:40:00.000,I 20,I 20 and Riverside Pkwy,,Rear End,4,Clear,Dry,Daylight
2021-08-27T15:20:00.000,I 20,I 20 and Riverside Pkwy,,Rear End,4,Cloudy,Dry,Daylight
2021-11-12T06:35:00.000,I 20,I 20 and Riverside Pkwy,,Rear End,2,Cloudy,Dry,Dark-Not Lighted
2022-06-20T16:32:00.000,I 20,I 20 and Riverside Pkwy,,Rear End,2,Cloudy,Dry,Daylight
2022-11-07T06:25:00.000,I 20,I 20 and Riverside Pkwy,,Rear End,2,Cloudy,Wet,Daylight
2022-10-02T08:01:00.000,I 20,I 20 and Riverside Pkwy,,Rear End,2,Clear,Dry,Daylight
2022-10-11T11:35:00.000,I 20,I 20 and Riverside Pkwy,,Rear End,2,Clear,Dry,Daylight
2022-03-24T06:59:00.000,I 20,I 20 and Riverside Pkwy,,Rear End,2,Clear,Dry,Daylight
2022-05-25T17:39:00.000,I 20,I 20 and Riverside Pkwy,,Rear End,2,Rain,Wet,Daylight
2022-03-26T11:05:00.000,I 20,I 20 and Riverside Pkwy,,Rear End,2,Clear,Dry,Daylight
2022-12-27T14:43:00.000,I 20,I 20 and Riverside Pkwy,,Rear End,2,Clear,Dry,Daylight
2022-11-14T08:15:00.000,I 20,I 20 and Riverside Pkwy,,Sideswipe-Same Direction,2,Clear,Dry,Daylight
2022-11-27T12:46:00.000,I 20,I 20 and Riverside Pkwy,,Rear End,2,Clear,Dry,Daylight
2022-11-08T15:04:00.000,I 20,I 20 and Riverside Pkwy,,Rear End,2,Clear,Dry,Daylight
2022-08-11T13:40:00.000,I 20,I 20 and Riverside Pkwy,,Rear End,3,Clear,Dry,Daylight
2022-11-16T18:40:00.000,I 20,I 20 and Riverside Pkwy,,Rear End,2,Clear,Dry,Dark-Not Lighted
2022-05-31T10:15:00.000,I 20,I 20 and Riverside Pkwy,,Rear End,2,Clear,Dry,Daylight
2022-01-26T07:28:00.000,I 20,I 20 and Riverside Pkwy,,Sideswipe-Same Direction,2,Clear,Dry,Daylight
2022-10-02T13:39:00.000,I 20,I 20 and Riverside Pkwy,,Rear End,2,Clear,Dry,Daylight
2022-03-25T17:16:00.000,I 20,I 20 and Riverside Pkwy,,Rear End,2,Clear,Dry,Daylight
2022-06-20T18:00:00.000,I 20,I 20 and Riverside Pkwy,,Rear End,2,Clear,Dry,Daylight
2022-08-26T06:51:00.000,I 20,I 20 and Riverside Pkwy,,Sideswipe-Same Direction,2,Clear,Dry,Daylight
2022-07-09T11:11:00.000,I 20,I 20 and Riverside Pkwy,,Angle Crash,3,Rain,Wet,Daylight
2022-05-24T06:55:00.000,I 20,I 20 and Riverside Pkwy,,Rear End,2,Clear,Dry,Daylight
2022-03-18T19:57:00.000,I 20,I 20 and Riverside Pkwy,,Angle Crash,2,Cloudy,Wet,Dark-Not Lighted
2022-09-14T08:00:00.000,I 20,I 20 and Riverside Pkwy,,Rear End,3,Clear,Dry,Daylight
2022-04-24T12:35:00.000,I 20,I 20 and Riverside Pkwy,,Sideswipe-Same Direction,2,Clear,Dry,Daylight
2022-05-31T16:25:00.000,I 20,I 20 and Riverside Pkwy,,Rear End,2,Clear,Dry,Daylight
2022-12-17T23:00:00.000,I 20,I 20 and Riverside Pkwy,,Sideswipe-Same Direction,2,Clear,Dry,Dark-Lighted
2022-12-18T13:45:00.000,I 20,I 20 and Riverside Pkwy,,Rear End,4,Clear,Dry,Daylight
2022-12-14T18:11:00.000,I 20,I 20 and Riverside Pkwy,,Rear End,2,Rain,Wet,Dark-Not Lighted
2022-02-26T06:25:00.000,I 20,I 20 and Riverside Pkwy,,Sideswipe-Same Direction,3,Clear,Dry,Dark-Not Lighted
2022-08-29T13:51:00.000,I 20,I 20 and Riverside Pkwy,,Sideswipe-Same Direction,2,Clear,Dry,Daylight
2022-07-05T10:09:00.000,I 20,I 20 and Riverside Pkwy,,Sideswipe-Same Direction,2,Clear,Dry,Daylight
2022-07-30T17:35:00.000,I 20,I 20 and Riverside Pkwy,,Rear End,2,Rain,Dry,Daylight
2022-07-15T08:52:00.000,I 20,I 20 and Riverside Pkwy,,Rear End,2,Clear,Dry,Daylight
2022-07-12T15:16:00.000,I 20,I 20 and Riverside Pkwy,,Rear End,3,Clear,Dry,Daylight
2022-01-26T08:00:00.000,I 20,I 20 and Riverside Pkwy,,Rear End,2,Clear,Dry,Daylight
2022-03-21T07:55:00.000,I 20,I 20 and Riverside Pkwy,,Rear End,2,Clear,Dry,Daylight
2022-01-26T07:10:00.000,I 20,I 20 and Riverside Pkwy,,Sideswipe-Same Direction,1,Clear,Dry,Daylight
2022-03-17T06:30:00.000,I 20,I 20 and Riverside Pkwy,,Rear End,2,Fog,Dry,Dark-Not Lighted
2022-01-12T22:00:00.000,I 20,I 20 and Riverside Pkwy,,Not a Collision with Motor Vehicle,1,Clear,Dry,Dark-Not Lighted
2022-05-24T16:49:00.000,I 20,I 20 and Riverside Pkwy,,Rear End,3,Clear,Dry,Daylight
2022-10-23T14:50:00.000,I 20,I 20 and Riverside Pkwy,,Sideswipe-Same Direction,2,Clear,Dry,Daylight
2022-09-08T08:15:00.000,I 20,I 20 and Riverside Pkwy,,Rear End,2,Clear,Dry,Daylight
2022-07-26T15:23:00.000,I 20,I 20 and Riverside Pkwy,,Rear End,2,Cloudy,Dry,Daylight
2022-12-20T08:20:00.000,I 20,I 20 and Riverside Pkwy,,Rear End,2,Rain,Wet,Daylight
2022-01-15T23:30:00.000,I 20,I 20 and Riverside Pkwy,,Angle Crash,2,Rain,Wet,Daylight
2022-03-25T09:17:00.000,I 20,I 20 and Riverside Pkwy,,Rear End,2,Clear,Dry,Daylight
2022-05-09T17:27:00.000,I 20,I 20 and Riverside Pkwy,,Rear End,2,Cloudy,Dry,Daylight
2022-04-11T10:27:00.000,I 20,I 20 and Riverside Pkwy,,Rear End,2,Cloudy,Dry,Daylight
2022-09-01T23:54:00.000,I 20,I 20 and Riverside Pkwy,,Not a Collision with Motor Vehicle,1,Clear,Dry,Dark-Lighted
2022-03-31T11:32:00.000,I 20,I 20 and Riverside Pkwy,,Rear End,2,Clear,Dry,Daylight
2022-08-04T16:29:00.000,I 20,I 20 and Riverside Pkwy,,Rear End,2,Cloudy,Wet,Daylight
2022-03-18T16:43:00.000,I 20,I 20 and Riverside Pkwy,,Rear End,2,Cloudy,Wet,Daylight
2022-08-11T13:58:00.000,I 20,I 20 and Riverside Pkwy,,Rear End,2,Clear,Dry,Daylight
2022-07-10T00:04:00.000,I 20,I 20 and Riverside Pkwy,,Angle Crash,2,Rain,Wet,Dark-Not Lighted
2022-06-27T16:00:00.000,I 20,I 20 and Riverside Pkwy,,Rear End,2,Cloudy,Dry,Daylight
2021-10-15T23:25:00.000,I 20,I 20 and Riverside Pkwy,,Rear End,2,Clear,Dry,Dark-Lighted
2021-07-25T17:59:00.000,I 20,I 20 and Riverside Pkwy,,Rear End,2,Cloudy,Wet,Daylight
2021-12-06T08:38:00.000,I 20,I 20 and Riverside Pkwy,,Rear End,2,Clear,Dry,Daylight
2021-11-22T06:10:00.000,I 20,I 20 and Riverside Pkwy,,Sideswipe-Same Direction,2,Cloudy,Wet,Daylight
2021-12-14T09:18:00.000,I 20,I 20 and Riverside Pkwy,,Angle Crash,2,Clear,Dry,Daylight
2021-07-15T09:35:00.000,I 20,I 20 and Riverside Pkwy,,Sideswipe-Same Direction,2,Clear,Dry,Daylight
2021-12-10T10:49:00.000,I 20,I 20 and Riverside Pkwy,,Rear End,3,Rain,Wet,Daylight
2021-07-23T14:24:00.000,I 20,I 20 and Riverside Pkwy,,Rear End,2,Clear,Dry,Daylight
2021-11-27T09:29:00.000,I 20,I 20 and Riverside Pkwy,,Sideswipe-Same Direction,2,Clear,Dry,Daylight
2021-08-19T13:20:00.000,I 20,I 20 and Riverside Pkwy,,Rear End,2,Clear,Dry,Daylight
2021-10-17T15:25:00.000,I 20,I 20 and Riverside Pkwy,,Rear End,2,Clear,Dry,Daylight
2022-03-05T13:55:00.000,I 20,I 20 and Riverside Pkwy,,Rear End,2,Clear,Dry,Daylight
2022-08-10T03:17:00.000,I 20,I 20 and Riverside Pkwy,,Angle Crash,2,Rain,Wet,Dark-Lighted
2022-05-11T08:59:00.000,I 20,I 20 and Riverside Pkwy,,Sideswipe-Same Direction,2,Clear,Dry,Daylight
2022-03-04T05:00:00.000,I 20,I 20 and Riverside Pkwy,,Rear End,2,Clear,Dry,Dark-Not Lighted
2022-06-13T17:44:00.000,I 20,I 20 and Riverside Pkwy,,Rear End,2,Cloudy,Dry,Daylight
2022-08-21T00:52:00.000,I 20,I 20 and Riverside Pkwy,,Sideswipe-Same Direction,2,Rain,Wet,Dark-Not Lighted
2022-07-10T00:32:00.000,I 20,I 20 and Riverside Pkwy,,Sideswipe-Same Direction,2,Rain,Wet,Dark-Not Lighted
2022-01-25T05:55:00.000,I 20,I 20 and Riverside Pkwy,,Rear End,2,Clear,Dry,Dark-Not Lighted
2022-03-04T07:20:00.000,I 20,I 20 and Riverside Pkwy,,Rear End,2,Clear,Dry,Daylight
2022-07-17T03:13:00.000,I 20,I 20 and Riverside Pkwy,,Sideswipe-Same Direction,2,Clear,Dry,Dark-Not Lighted
2022-02-15T11:38:00.000,I 20,I 20 and Riverside Pkwy,,Rear End,2,Clear,Dry,Daylight
2022-10-13T07:21:00.000,I 20,I 20 and Riverside Pkwy,,Rear End,2,Rain,Wet,Daylight
2022-08-04T17:02:00.000,I 20,I 20 and Riverside Pkwy,,Rear End,2,Cloudy,Dry,Daylight
2022-11-16T17:59:00.000,I 20,I 20 and Riverside Pkwy,,Rear End,2,Cloudy,Dry,Dark-Lighted
2022-05-01T20:28:00.000,I 20,I 20 and Riverside Pkwy,,Rear End,2,Clear,Dry,Daylight
2022-07-29T14:20:00.000,I 20,I 20 and Riverside Pkwy,,Sideswipe-Same Direction,2,Cloudy,Dry,Daylight
2022-04-06T16:00:00.000,I 20,I 20 and Riverside Pkwy,,Rear End,2,Clear,Wet,Daylight
2022-02-08T06:14:00.000,I 20,I 20 and Riverside Pkwy,,Sideswipe-Same Direction,2,Clear,Dry,Dark-Not Lighted
2022-06-13T19:13:00.000,I 20,I 20 and Riverside Pkwy,,Rear End,2,Clear,Dry,Daylight
2022-06-16T12:27:00.000,I 20,I 20 and Riverside Pkwy,,Rear End,2,Clear,Dry,Daylight
2022-05-06T06:24:00.000,I 20,I 20 and Riverside Pkwy,,Sideswipe-Same Direction,2,Cloudy,Dry,Dark-Lighted
2022-06-30T10:45:00.000,I 20,I 20 and Riverside Pkwy,,Sideswipe-Same Direction,2,Clear,Dry,Daylight
2022-08-04T17:02:00.000,I 20,I 20 and Riverside Pkwy,,Rear End,2,Cloudy,Dry,Daylight
2022-02-15T21:33:00.000,I 20,I 20 and Riverside Pkwy,,Rear End,2,Clear,Dry,Dark-Lighted
2022-07-12T08:25:00.000,I 20,I 20 and Riverside Pkwy,,Rear End,2,Clear,Dry,Daylight
2022-07-05T08:52:00.000,I 20,I 20 and Riverside Pkwy,,Not a Collision with Motor Vehicle,1,Clear,Dry,Daylight
2022-09-01T08:45:00.000,I 20,I 20 and Riverside Pkwy,,Not a Collision with Motor Vehicle,1,Clear,Dry,Daylight
2022-02-12T20:30:00.000,I 20,I 20 and Riverside Pkwy,,Sideswipe-Same Direction,2,Clear,Dry,Dark-Lighted
2022-10-23T15:08:00.000,I 20,I 20 and Riverside Pkwy,,Rear End,3,Clear,Dry,Daylight
2022-08-04T09:34:00.000,I 20,I 20 and Riverside Pkwy,,Rear End,2,Clear,Dry,Daylight
2022-07-27T10:00:00.000,I 20,I 20 and Riverside Pkwy,,Rear End,2,Clear,Dry,Daylight
2022-06-10T06:52:00.000,I 20,I 20 and Riverside Pkwy,,Rear End,2,Clear,Dry,Daylight
2022-08-18T17:36:00.000,I 20,I 20 and Riverside Pkwy,,Rear End,2,Cloudy,Dry,Daylight
2022-04-18T19:37:00.000,I 20,I 20 and Riverside Pkwy,,Sideswipe-Same Direction,2,Cloudy,Dry,Daylight
2022-08-22T16:05:00.000,I 20,I 20 and Riverside Pkwy,,Rear End,2,Clear,Dry,Daylight
2022-02-15T21:33:00.000,I 20,I 20 and Riverside Pkwy,,Angle Crash,2,Clear,Dry,Dark-Not Lighted
2022-05-06T11:44:00.000,I 20,I 20 and Riverside Pkwy,,Rear End,3,Clear,Dry,Daylight
2022-08-16T17:36:00.000,I 20,I 20 and Riverside Pkwy,,Not a Collision with Motor Vehicle,1,Clear,Dry,Daylight
2022-03-21T06:35:00.000,I 20,I 20 and Riverside Pkwy,,Not a Collision with Motor Vehicle,1,Clear,Dry,Dark-Lighted
2022-10-21T17:10:00.000,I 20,I 20 and Riverside Pkwy,,Rear End,2,Clear,Dry,Daylight
2022-05-25T17:41:00.000,I 20,I 20 and Riverside Pkwy,,Rear End,2,Rain,Wet,Daylight
2022-01-17T19:34:00.000,I 20,I 20 and Riverside Pkwy,,Sideswipe-Same Direction,2,Cloudy,Dry,Dark-Not Lighted
2022-07-22T15:21:00.000,I 20,I 20 and Riverside Pkwy,,Rear End,2,Clear,Dry,Daylight
2022-04-01T12:10:00.000,I 20,I 20 and Riverside Pkwy,,Rear End,2,Clear,Dry,Daylight
2022-06-08T08:34:00.000,I 20,I 20 and Riverside Pkwy,,Rear End,2,Rain,Wet,Daylight
2022-08-09T13:35:00.000,I 20,I 20 and Riverside Pkwy,,Rear End,2,Cloudy,Dry,Daylight
2022-09-22T13:05:00.000,I 20,I 20 and Riverside Pkwy,,Angle Crash,3,Clear,Dry,Daylight
2022-01-12T07:21:00.000,I 20,I 20 and Riverside Pkwy,,Sideswipe-Same Direction,2,Clear,Dry,Daylight
2022-02-18T07:33:00.000,I 20,I 20 and Riverside Pkwy,,Angle Crash,2,Clear,Dry,Daylight
2022-10-25T15:49:00.000,I 20,I 20 and Riverside Pkwy,,Rear End,2,Cloudy,Dry,Daylight
2022-02-14T22:35:00.000,I 20,I 20 and Riverside Pkwy,,Rear End,2,Clear,Dry,Dark-Lighted
2022-04-04T13:13:00.000,I 20,I 20 and Riverside Pkwy,,Rear End,3,Clear,Dry,Daylight
2022-05-16T05:37:00.000,I 20,I 20 and Riverside Pkwy,,Rear End,2,Clear,Dry,Dark-Lighted
2022-04-30T04:53:00.000,I 20,I 20 and Riverside Pkwy,,Sideswipe-Same Direction,2,Cloudy,Dry,Dark-Not Lighted
2022-02-25T08:40:00.000,I 20,I 20 and Riverside Pkwy,,Rear End,2,Rain,Wet,Daylight
2022-09-14T09:20:00.000,I 20,I 20 and Riverside Pkwy,,Sideswipe-Same Direction,2,Clear,Dry,Daylight
2022-01-25T05:30:00.000,I 20,I 20 and Riverside Pkwy,,Rear End,2,Clear,Dry,Dark-Lighted
2022-03-21T11:10:00.000,I 20,I 20 and Riverside Pkwy,,Rear End,2,Clear,Dry,Daylight
2022-01-08T21:01:00.000,I 20,I 20 and Riverside Pkwy,,Sideswipe-Same Direction,2,Clear,Dry,Dark-Lighted
2022-02-18T11:10:00.000,I 20,I 20 and Riverside Pkwy,,Rear End,3,Cloudy,Dry,Daylight
2022-12-04T21:30:00.000,I 20,I 20 and Riverside Pkwy,,Sideswipe-Same Direction,2,Clear,Dry,Dark-Lighted
2022-11-10T15:30:00.000,I 20,I 20 and Riverside Pkwy,,Rear End,2,Clear,Dry,Daylight
2022-08-19T12:29:00.000,I 20,I 20 and Riverside Pkwy,,Rear End,2,Rain,Wet,Daylight
2022-10-11T11:35:00.000,I 20,I 20 and Riverside Pkwy,,Rear End,3,Clear,Dry,Daylight
2022-09-04T18:45:00.000,I 20,I 20 and Riverside Pkwy,,Rear End,2,Rain,Wet,Daylight
2022-09-30T11:31:00.000,I 20,I 20 and Riverside Pkwy,,Rear End,3,Clear,Dry,Daylight
2022-02-15T09:00:00.000,I 20,I 20 and Riverside Pkwy,,Rear End,3,Clear,Dry,Daylight
2022-08-04T16:45:00.000,I 20,I 20 and Riverside Pkwy,,Rear End,2,Cloudy,Wet,Daylight
2022-07-30T12:45:00.000,I 20,I 20 and Riverside Pkwy,,Rear End,2,Clear,Dry,Daylight
2022-08-01T05:34:00.000,I 20,I 20 and Riverside Pkwy,,Rear End,1,Clear,Dry,Dark-Lighted