Date and Time,Roadway (From Crash Report),Intersection Name (from Crash Report),KABCO Severity,Manner of Collision (Crash Level) ,# of Vehicles per crash ,Weather Conditions (Crash Level),Surface Condition (Crash Level) ,Light Conditions (Crash Level)
2022-07-01T03:53:00.000,I 20,I 20 and Riverside Pkwy,,Not a Collision with Motor Vehicle,1,Clear,Dry,Dark-Not Lighted
2022-08-01T13:09:00.000,I 20,I 20 and Riverside Pkwy,,Rear End,2,Clear,Dry,Daylight
2022-02-13T03:20:00.000,I 20,I 20 and Riverside Pkwy,,Sideswipe-Same Direction,2,Clear,Dry,Dark-Lighted
2022-07-20T06:40:00.000,I 20,I 20 and Riverside Pkwy,,Rear End,3,Cloudy,Dry,Dawn
2022-01-17T19:35:00.000,I 20,I 20 and Riverside Pkwy,,Sideswipe-Same Direction,2,Clear,Dry,Dark-Lighted
2022-11-30T07:25:00.000,I 20,I 20 and Riverside Pkwy,,Rear End,2,Clear,Dry,Daylight
2022-03-11T13:10:00.000,I 20,I 20 and Riverside Pkwy,,Rear End,2,Cloudy,Dry,Daylight
2022-06-11T15:15:00.000,I 20,I 20 and Riverside Pkwy,,Angle Crash,2,Cloudy,Dry,Daylight
2022-02-24T13:00:00.000,I 20,I 20 and Riverside Pkwy,,Rear End,2,Clear,Dry,Daylight
2022-03-04T07:14:00.000,I 20,I 20 and Riverside Pkwy,,Rear End,2,Clear,Dry,Daylight
2022-06-09T07:15:00.000,I 20,I 20 and Riverside Pkwy,,Rear End,2,Cloudy,Dry,Daylight
2022-07-02T21:33:00.000,I 20,I 20 and Riverside Pkwy,,Not a Collision with Motor Vehicle,1,Clear,Dry,Dark-Lighted
2022-03-18T13:30:00.000,I 20,I 20 and Riverside Pkwy,,Not a Collision with Motor Vehicle,1,Rain,Wet,Daylight
2022-11-15T07:27:00.000,I 20,I 20 and Riverside Pkwy,,Rear End,2,Rain,Wet,Daylight
2022-08-12T13:09:00.000,I 20,I 20 and Riverside Pkwy,,Sideswipe-Same Direction,2,Clear,Dry,Daylight
2022-11-18T13:33:00.000,I 20,I 20 and Riverside Pkwy,,Sideswipe-Same Direction,2,Clear,Dry,Daylight
2022-11-09T11:22:00.000,I 20,I 20 and Riverside Pkwy,,Sideswipe-Same Direction,2,Clear,Dry,Daylight
2022-01-06T18:40:00.000,I 20,I 20 and Riverside Pkwy,,Rear End,2,Rain,Wet,Daylight
2022-03-13T17:28:00.000,I 20,I 20 and Riverside Pkwy,,Rear End,3,Clear,Dry,Daylight
2022-02-15T23:00:00.000,I 20,I 20 and Riverside Pkwy,,Not a Collision with Motor Vehicle,1,Clear,Dry,Dark-Lighted
2022-07-13T18:00:00.000,I 20,I 20 and Riverside Pkwy,,Rear End,2,Cloudy,Dry,Daylight
2022-06-28T15:30:00.000,I 20,I 20 and Riverside Pkwy,,Rear End,2,Cloudy,Dry,Daylight
2022-12-22T18:30:00.000,I 20,I 20 and Riverside Pkwy,,Sideswipe-Same Direction,2,Cloudy,Dry,Dark-Not Lighted
2022-05-31T16:31:00.000,I 20,I 20 and Riverside Pkwy,,Rear End,2,Cloudy,Dry,Daylight
2022-04-18T07:34:00.000,I 20,I 20 and Riverside Pkwy,,Rear End,2,Cloudy,Dry,Daylight
2022-12-16T02:40:00.000,I 20,I 20 and Riverside Pkwy,,Angle Crash,2,Clear,Dry,Dark-Lighted
2022-05-27T21:05:00.000,I 20,I 20 and Riverside Pkwy,,Rear End,2,Clear,Dry,Dark-Not Lighted
2022-08-10T08:40:00.000,I 20,I 20 and Riverside Pkwy,,Rear End,2,Cloudy,Wet,Daylight
2022-12-10T14:00:00.000,I 20,I 20 and Riverside Pkwy,,Rear End,2,Clear,Dry,Daylight
2022-03-19T13:20:00.000,I 20,I 20 and Riverside Pkwy,,Rear End,1,Clear,Dry,Daylight
2022-12-21T09:10:00.000,I 20,I 20 and Riverside Pkwy,,Rear End,2,Clear,Dry,Daylight
2022-07-21T15:54:00.000,I 20,I 20 and Riverside Pkwy,,Angle Crash,2,Clear,Dry,Daylight
2022-11-11T15:10:00.000,I 20,I 20 and Riverside Pkwy,,Rear End,2,Cloudy,Dry,Daylight
2022-09-13T07:26:00.000,I 20,I 20 and Riverside Pkwy,,Rear End,2,Clear,Dry,Daylight
2022-05-14T19:24:00.000,I 20,I 20 and Riverside Pkwy,,Rear End,3,Cloudy,Dry,Dark-Lighted
2022-12-12T08:44:00.000,I 20,I 20 and Riverside Pkwy,,Rear End,2,Cloudy,Dry,Daylight
2022-10-02T13:35:00.000,I 20,I 20 and Riverside Pkwy,,Rear End,2,Clear,Dry,Daylight
2022-05-24T08:03:00.000,I 20,I 20 and Riverside Pkwy,,Rear End,2,Clear,Dry,Daylight
2022-02-28T07:42:00.000,I 20,I 20 and Riverside Pkwy,,Rear End,2,Clear,Dry,Daylight
2022-06-11T16:58:00.000,I 20,I 20 and Riverside Pkwy,,Rear End,2,Clear,Dry,Daylight
2022-06-21T07:30:00.000,I 20,I 20 and Riverside Pkwy,,Rear End,2,Clear,Dry,Daylight
2022-08-18T17:30:00.000,I 20,I 20 and Riverside Pkwy,,Rear End,2,Cloudy,Dry,Daylight
2022-06-10T12:03:00.000,I 20,I 20 and Riverside Pkwy,,Rear End,2,Clear,Dry,Daylight
2022-08-31T08:07:00.000,I 20,I 20 and Riverside Pkwy,,Sideswipe-Same Direction,2,Clear,Dry,Daylight
2022-06-25T03:28:00.000,I 20,I 20 and Riverside Pkwy,,Not a Collision with Motor Vehicle,1,Clear,Wet,Dark-Not Lighted
2022-07-21T09:37:00.000,I 20,I 20 and Riverside Pkwy,,Rear End,2,Rain,Wet,Daylight
2022-03-24T16:10:00.000,I 20,I 20 and Riverside Pkwy,,Rear End,2,Clear,Dry,Daylight
2022-01-14T06:09:00.000,I 20,I 20 and Riverside Pkwy,,Rear End,2,Clear,Dry,Daylight
2022-06-16T14:55:00.000,I 20,I 20 and Riverside Pkwy,,Rear End,2,Cloudy,Dry,Daylight
2022-08-02T16:40:00.000,I 20,I 20 and Riverside Pkwy,,Rear End,2,Clear,Dry,Daylight
2022-10-02T14:24:00.000,I 20,I 20 and Riverside Pkwy,,Not a Collision with Motor Vehicle,1,Clear,Dry,Daylight
2022-05-31T17:19:00.000,I 20,I 20 and Riverside Pkwy,,Rear End,2,Clear,Dry,Daylight
2022-01-27T09:47:00.000,I 20,I 20 and Riverside Pkwy,,Rear End,2,Clear,Dry,Daylight
2022-04-06T16:56:00.000,I 20,I 20 and Riverside Pkwy,,Rear End,2,Rain,Wet,Daylight
2022-12-08T11:14:00.000,I 20,I 20 and Riverside Pkwy,,Rear End,2,Clear,Dry,Daylight
2022-10-11T11:35:00.000,I 20,I 20 and Riverside Pkwy,,Rear End,2,Clear,Dry,Daylight
2023-03-23T09:25:00.000,I 20,I 20 and Riverside Pkwy,,Rear End,2,Clear,Dry,Daylight
2023-12-24T21:30:00.000,I 20,I 20 and Riverside Pkwy,,Angle Crash,2,Rain,Wet,Dark-Lighted
2023-09-19T21:40:00.000,I 20,I 20 and Riverside Pkwy,,Sideswipe-Same Direction,2,Clear,Dry,Dark-Not Lighted
2023-11-13T06:54:00.000,I 20,I 20 and Riverside Pkwy,,Rear End,2,Cloudy,Dry,Dawn
2023-12-01T09:14:00.000,I 20,I 20 and Riverside Pkwy,,Rear End,2,Clear,Dry,Daylight
2023-08-21T04:46:00.000,I 20,I 20 and Riverside Pkwy,,Rear End,2,Clear,Dry,Dark-Lighted
2023-08-09T14:19:00.000,I 20,I 20 and Riverside Pkwy,,Rear End,2,Clear,Dry,Daylight
2023-05-02T14:28:00.000,I 20,I 20 and Riverside Pkwy,,Rear End,2,Clear,Dry,Daylight
2023-01-04T02:46:00.000,I 20,I 20 and Riverside Pkwy,,Not a Collision with Motor Vehicle,1,Rain,Wet,Dark-Not Lighted
2023-01-03T07:45:00.000,I 20,I 20 and Riverside Pkwy,,Rear End,2,Cloudy,Wet,Daylight
2023-08-12T13:47:00.000,I 20,I 20 and Riverside Pkwy,,Rear End,4,Clear,Dry,Daylight
2023-10-05T14:51:00.000,I 20,I 20 and Riverside Pkwy,,Rear End,3,Clear,Dry,Daylight
2023-07-27T13:04:00.000,I 20,I 20 and Riverside Pkwy,,Rear End,2,Clear,Dry,Daylight
2024-12-05T08:15:00.000,I 20,I 20 and Riverside Pkwy,,Rear End,3,Cloudy,Dry,Daylight
2024-05-07T18:07:00.000,I 20,I 20 and Riverside Pkwy,,Rear End,2,Clear,Dry,Daylight
2024-10-31T09:41:00.000,I 20,I 20 and Riverside Pkwy,,Rear End,2,Clear,Dry,Daylight
2024-12-27T18:16:00.000,I 20,I 20 and Riverside Pkwy,,Rear End,3,Rain,Wet,Dark-Not Lighted
2024-03-15T13:32:00.000,I 20,I 20 and Riverside Pkwy,,Rear End,3,Cloudy,Wet,Daylight
2024-05-07T17:40:00.000,I 20,I 20 and Riverside Pkwy,,Sideswipe-Same Direction,2,Clear,Dry,Daylight
2024-10-16T05:47:00.000,I 20,I 20 and Riverside Pkwy,,Rear End,2,Clear,Dry,Dark-Not Lighted
2024-02-22T15:30:00.000,I 20,I 20 and Riverside Pkwy,,Sideswipe-Same Direction,2,Cloudy,Dry,Daylight
2024-07-08T15:50:00.000,I 20,I 20 and Riverside Pkwy,,Rear End,2,Clear,Dry,Daylight
2024-11-01T01:51:00.000,I 20,I 20 and Riverside Pkwy,,Rear End,2,Clear,Dry,Dark-Not Lighted
2024-10-06T06:48:00.000,I 20,I 20 and Riverside Pkwy,,Rear End,3,Clear,Dry,Dark-Not Lighted
2024-11-15T14:00:00.000,I 20,I 20 and Riverside Pkwy,,Rear End,2,Clear,Dry,Daylight
2024-07-05T02:00:00.000,I 20,I 20 and Riverside Pkwy,,Sideswipe-Same Direction,2,Clear,Dry,Dark-Not Lighted
2024-07-07T19:24:00.000,I 20,I 20 and Riverside Pkwy,,Rear End,2,Rain,Wet,Daylight
2024-01-26T21:04:00.000,I 20,I 20 and Riverside Pkwy,,Sideswipe-Same Direction,2,Cloudy,Dry,Dark-Not Lighted
2024-02-06T08:05:00.000,I 20,I 20 and Riverside Pkwy,,Rear End,3,Clear,Dry,Daylight
2024-06-29T07:05:00.000,I 20,I 20 and Riverside Pkwy,,Rear End,2,Cloudy,Dry,Daylight
2024-06-29T06:11:00.000,I 20,I 20 and Riverside Pkwy,,Rear End,2,Clear,Wet,Dawn
2024-05-03T06:45:00.000,I 20,I 20 and Riverside Pkwy,,Rear End,3,Cloudy,Dry,Daylight
2024-01-10T07:32:00.000,I 20,I 20 and Riverside Pkwy,,Sideswipe-Same Direction,2,Clear,Dry,Daylight
2024-05-01T19:55:00.000,I 20,I 20 and Riverside Pkwy,,Sideswipe-Same Direction,2,Clear,Dry,Daylight
2024-01-19T16:55:00.000,I 20,I 20 and Riverside Pkwy,,Rear End,2,Clear,Dry,Daylight
2024-04-10T08:32:00.000,I 20,I 20 and Riverside Pkwy,,Rear End,2,Cloudy,Wet,Daylight
2024-10-04T09:10:00.000,I 20,I 20 and Riverside Pkwy,,Sideswipe-Same Direction,2,Clear,Dry,Daylight
2024-11-26T19:55:00.000,I 20,I 20 and Riverside Pkwy,,Sideswipe-Same Direction,2,Clear,Dry,Dark-Lighted
2024-06-25T08:20:00.000,I 20,I 20 and Riverside Pkwy,,Rear End,2,Clear,Dry,Daylight
2024-12-29T04:30:00.000,I 20,I 20 and Riverside Pkwy,,Not a Collision with Motor Vehicle,1,Rain,Wet,Dark-Not Lighted
2024-11-24T14:15:00.000,I 20,I 20 and Riverside Pkwy,,Rear End,2,Clear,Dry,Daylight
2024-01-05T13:05:00.000,I 20,I 20 and Riverside Pkwy,,Rear End,2,Clear,Dry,Daylight
2024-02-13T18:30:00.000,I 20,I 20 and Riverside Pkwy,,Rear End,2,Clear,Dry,Daylight
2024-05-04T20:03:00.000,I 20,I 20 and Riverside Pkwy,,Rear End,2,Cloudy,Dry,Daylight
2024-05-31T09:48:00.000,I 20,I 20 and Riverside Pkwy,,Rear End,2,Clear,Dry,Daylight
2024-05-16T07:28:00.000,I 20,I 20 and Riverside Pkwy,,Sideswipe-Same Direction,2,Clear,Dry,Daylight
2024-01-21T21:03:00.000,I 20,I 20 and Riverside Pkwy,,Sideswipe-Same Direction,2,Clear,Dry,Dark-Lighted
2024-10-18T20:01:00.000,I 20,I 20 and Riverside Pkwy,,Rear End,2,Clear,Dry,Dusk
2024-03-05T23:40:00.000,I 20,I 20 and Riverside Pkwy,,Angle Crash,2,Rain,Wet,Dark-Lighted
2024-04-26T06:45:00.000,I 20,I 20 and Riverside Pkwy,,Rear End,3,Clear,Dry,Daylight
2023-04-21T10:50:00.000,I 20,I 20 and Riverside Pkwy,,Rear End,2,Clear,Dry,Daylight
2023-10-18T19:00:00.000,I 20,I 20 and Riverside Pkwy,,Rear End,2,Clear,Dry,Dark-Not Lighted
2023-02-09T07:19:00.000,I 20,I 20 and Riverside Pkwy,,Sideswipe-Same Direction,2,Clear,Dry,Daylight
2023-10-23T09:28:00.000,I 20,I 20 and Riverside Pkwy,,Rear End,2,Clear,Dry,Daylight
2023-05-05T14:39:00.000,I 20,I 20 and Riverside Pkwy,,Rear End,2,Rain,Wet,Daylight
2023-08-18T18:10:00.000,I 20,I 20 and Riverside Pkwy,,Rear End,3,Clear,Dry,Daylight
2023-10-04T15:45:00.000,I 20,I 20 and Riverside Pkwy,,Rear End,2,Clear,Dry,Daylight
2024-03-23T10:25:00.000,I 20,I 20 and Riverside Pkwy,,Rear End,2,Clear,Dry,Daylight
2024-10-05T03:29:00.000,I 20,I 20 and Riverside Pkwy,,Sideswipe-Same Direction,2,Clear,Dry,Dark-Lighted
2024-09-20T09:22:00.000,I 20,I 20 and Riverside Pkwy,,Rear End,2,Clear,Dry,Daylight
2024-02-28T06:40:00.000,I 20,I 20 and Riverside Pkwy,,Rear End,2,Cloudy,Dry,Dusk
2024-12-02T07:59:00.000,I 20,I 20 and Riverside Pkwy,,Rear End,2,Clear,Dry,Daylight
2024-10-18T18:29:00.000,I 20,I 20 and Riverside Pkwy,,Rear End,4,Clear,Dry,Daylight
2024-02-22T10:30:00.000,I 20,I 20 and Riverside Pkwy,,Sideswipe-Same Direction,2,Clear,Dry,Daylight
2024-10-28T07:20:00.000,I 20,I 20 and Riverside Pkwy,,Rear End,2,Clear,Dry,Daylight
2024-12-13T08:13:00.000,I 20,I 20 and Riverside Pkwy,,Rear End,2,Clear,Dry,Daylight
2023-12-26T11:30:00.000,I 20,I 20 and Riverside Pkwy,,Not a Collision with Motor Vehicle,1,Clear,Wet,Daylight
2023-03-24T10:36:00.000,I 20,I 20 and Riverside Pkwy,,Rear End,2,Clear,Dry,Daylight
2023-04-05T21:34:00.000,I 20,I 20 and Riverside Pkwy,,Not a Collision with Motor Vehicle,1,Clear,Dry,Dark-Lighted
2023-12-22T18:19:00.000,I 20,I 20 and Riverside Pkwy,,Rear End,2,Clear,Dry,Dark-Lighted
2023-05-25T17:57:00.000,I 20,I 20 and Riverside Pkwy,,Sideswipe-Same Direction,2,Clear,Dry,Daylight
2023-02-10T13:00:00.000,I 20,I 20 and Riverside Pkwy,,Rear End,2,Cloudy,Dry,Daylight
2023-08-18T15:49:00.000,I 20,I 20 and Riverside Pkwy,,Rear End,2,Cloudy,Dry,Daylight
2023-09-29T13:45:00.000,I 20,I 20 and Riverside Pkwy,,Rear End,3,Clear,Dry,Daylight
2023-05-11T09:45:00.000,I 20,I 20 and Riverside Pkwy,,Sideswipe-Same Direction,2,Clear,Dry,Daylight
2023-09-17T09:26:00.000,I 20,I 20 and Riverside Pkwy,,Not a Collision with Motor Vehicle,2,Clear,Dry,Daylight
2023-08-09T14:23:00.000,I 20,I 20 and Riverside Pkwy,,Rear End,2,Clear,Dry,Daylight
2023-02-10T11:45:00.000,I 20,I 20 and Riverside Pkwy,,Rear End,2,Clear,Dry,Daylight
2023-06-15T13:13:00.000,I 20,I 20 and Riverside Pkwy,,Rear End,2,Clear,Dry,Daylight
2023-12-08T11:20:00.000,I 20,I 20 and Riverside Pkwy,,Angle Crash,2,Clear,Dry,Daylight
2023-03-08T21:40:00.000,I 20,I 20 and Riverside Pkwy,,Sideswipe-Same Direction,2,Clear,Dry,Dark-Lighted
2023-04-21T18:13:00.000,I 20,I 20 and Riverside Pkwy,,Rear End,2,Clear,Dry,Daylight
2023-06-22T08:40:00.000,I 20,I 20 and Riverside Pkwy,,Rear End,2,Cloudy,Wet,Daylight
2023-02-28T08:07:00.000,I 20,I 20 and Riverside Pkwy,,Angle Crash,3,Cloudy,Dry,Daylight
2023-11-21T10:57:00.000,I 20,I 20 and Riverside Pkwy,,Rear End,2,Rain,Wet,Daylight
2023-04-11T02:55:00.000,I 20,I 20 and Riverside Pkwy,,Sideswipe-Same Direction,2,Clear,Dry,Dark-Not Lighted
2023-04-07T17:20:00.000,I 20,I 20 and Riverside Pkwy,,Sideswipe-Same Direction,2,Cloudy,Dry,Daylight
2023-05-30T17:50:00.000,I 20,I 20 and Riverside Pkwy,,Rear End,2,Cloudy,Dry,Daylight
2023-10-02T06:30:00.000,I 20,I 20 and Riverside Pkwy,,Rear End,2,Clear,Dry,Dawn
2023-12-01T08:46:00.000,I 20,I 20 and Riverside Pkwy,,Rear End,2,Clear,Dry,Daylight
2023-07-15T14:00:00.000,I 20,I 20 and Riverside Pkwy,,Rear End,2,Clear,Dry,Daylight
2023-10-06T14:58:00.000,I 20,I 20 and Riverside Pkwy,,Angle Crash,2,Clear,Dry,Daylight
2023-04-28T07:25:00.000,I 20,I 20 and Riverside Pkwy,,Rear End,3,Rain,Wet,Daylight
2023-05-15T07:30:00.000,I 20,I 20 and Riverside Pkwy,,Rear End,2,Clear,Dry,Daylight
2023-09-16T12:15:00.000,I 20,I 20 and Riverside Pkwy,,Rear End,2,Rain,Wet,Daylight
2023-04-12T06:46:00.000,I 20,I 20 and Riverside Pkwy,,Sideswipe-Same Direction,2,Clear,Dry,Daylight
2023-05-22T17:50:00.000,I 20,I 20 and Riverside Pkwy,,Rear End,2,Rain,Wet,Daylight
2023-06-06T15:35:00.000,I 20,I 20 and Riverside Pkwy,,Sideswipe-Same Direction,2,Clear,Dry,Daylight
2023-11-20T12:50:00.000,I 20,I 20 and Riverside Pkwy,,Rear End,2,Cloudy,Dry,Daylight
2023-12-14T08:58:00.000,I 20,I 20 and Riverside Pkwy,,Sideswipe-Same Direction,2,Clear,Dry,Daylight
2023-03-17T08:56:00.000,I 20,I 20 and Riverside Pkwy,,Rear End,2,Rain,Wet,Daylight
2023-07-12T06:30:00.000,I 20,I 20 and Riverside Pkwy,,Rear End,2,Clear,Dry,Daylight
2023-03-27T17:30:00.000,I 20,I 20 and Riverside Pkwy,,Sideswipe-Same Direction,2,Clear,Dry,Daylight
2023-06-13T08:30:00.000,I 20,I 20 and Riverside Pkwy,,Rear End,2,Clear,Dry,Daylight
2023-03-24T07:26:00.000,I 20,I 20 and Riverside Pkwy,,Rear End,2,Clear,Dry,Daylight
2023-10-02T08:30:00.000,I 20,I 20 and Riverside Pkwy,,Sideswipe-Same Direction,2,Clear,Dry,Daylight
2023-09-08T08:38:00.000,I 20,I 20 and Riverside Pkwy,,Rear End,2,Clear,Dry,Daylight
2023-01-13T23:07:00.000,I 20,I 20 and Riverside Pkwy,,Sideswipe-Same Direction,2,Clear,Dry,Dark-Lighted
2023-01-17T09:55:00.000,I 20,I 20 and Riverside Pkwy,,Rear End,2,Cloudy,Wet,Daylight
2023-02-17T07:14:00.000,I 20,I 20 and Riverside Pkwy,,Rear End,2,Rain,Wet,Daylight
2023-06-29T06:14:00.000,I 20,I 20 and Riverside Pkwy,,Rear End,3,Clear,Dry,Daylight
2023-11-10T14:25:00.000,I 20,I 20 and Riverside Pkwy,,Rear End,3,Clear,Wet,Daylight
2023-02-20T15:02:00.000,I 20,I 20 and Riverside Pkwy,,Rear End,2,Clear,Dry,Daylight
2023-11-21T10:30:00.000,I 20,I 20 and Riverside Pkwy,,Rear End,2,Rain,Wet,Daylight
2023-11-03T06:50:00.000,I 20,I 20 and Riverside Pkwy,,Sideswipe-Same Direction,2,Clear,Dry,Dark-Lighted
2023-07-26T09:14:00.000,I 20,I 20 and Riverside Pkwy,,Rear End,2,Clear,Dry,Daylight
2023-11-29T17:30:00.000,I 20,I 20 and Riverside Pkwy,,Rear End,2,Clear,Dry,Dark-Not Lighted
2023-10-14T05:02:00.000,I 20,I 20 and Riverside Pkwy,,Angle Crash,2,Rain,Wet,Dark-Lighted
2023-10-04T06:28:00.000,I 20,I 20 and Riverside Pkwy,,Rear End,5,Clear,Dry,Dark-Not Lighted
2023-05-18T08:30:00.000,I 20,I 20 and Riverside Pkwy,,Head On,2,Rain,Wet,Daylight
2023-04-28T17:32:00.000,I 20,I 20 and Riverside Pkwy,,Rear End,2,Clear,Dry,Daylight
2023-10-13T19:00:00.000,I 20,I 20 and Riverside Pkwy,,Rear End,2,Rain,Wet,Dark-Not Lighted
2023-09-05T08:17:00.000,I 20,I 20 and Riverside Pkwy,,Rear End,2,Clear,Dry,Daylight
2023-05-14T17:29:00.000,I 20,I 20 and Riverside Pkwy,,Rear End,2,Clear,Dry,Daylight
2023-08-31T16:30:00.000,I 20,I 20 and Riverside Pkwy,,Not a Collision with Motor Vehicle,1,Clear,Dry,Daylight
2023-01-12T15:30:00.000,I 20,I 20 and Riverside Pkwy,,Sideswipe-Same Direction,2,Rain,Wet,Dark-Not Lighted
2023-10-24T16:20:00.000,I 20,I 20 and Riverside Pkwy,,Sideswipe-Same Direction,2,Clear,Dry,Daylight
2023-04-21T07:30:00.000,I 20,I 20 and Riverside Pkwy,,Rear End,2,Clear,Dry,Daylight
2023-12-01T17:40:00.000,I 20,I 20 and Riverside Pkwy,,Rear End,2,Clear,Dry,Daylight
2023-09-20T11:45:00.000,I 20,I 20 and Riverside Pkwy,,Angle Crash,2,Clear,Dry,Daylight
2023-11-21T21:21:00.000,I 20,I 20 and Riverside Pkwy,,Sideswipe-Same Direction,2,Rain,Wet,Dark-Not Lighted
2023-05-12T17:56:00.000,I 20,I 20 and Riverside Pkwy,,Rear End,2,Cloudy,Dry,Daylight
2023-11-02T11:55:00.000,I 20,I 20 and Riverside Pkwy,,Rear End,2,Clear,Dry,Daylight
2023-06-28T10:33:00.000,I 20,I 20 and Riverside Pkwy,,Sideswipe-Same Direction,2,Clear,Dry,Daylight
2023-08-09T09:02:00.000,I 20,I 20 and Riverside Pkwy,,Rear End,2,Clear,Dry,Daylight
2023-06-01T11:35:00.000,I 20,I 20 and Riverside Pkwy,,Rear End,1,Clear,Dry,Daylight
2023-11-08T19:45:00.000,I 20,I 20 and Riverside Pkwy,,Rear End,3,Clear,Dry,Dark-Not Lighted
2023-07-07T15:45:00.000,I 20,I 20 and Riverside Pkwy,,Sideswipe-Same Direction,2,Clear,Dry,Daylight
2023-07-27T13:04:00.000,I 20,I 20 and Riverside Pkwy,,Rear End,2,Clear,Dry,Daylight
2023-03-31T07:31:00.000,I 20,I 20 and Riverside Pkwy,,Rear End,2,Clear,Dry,Daylight
2023-01-15T11:00:00.000,I 20,I 20 and Riverside Pkwy,,Sideswipe-Same Direction,2,Clear,Dry,Daylight
2023-11-04T00:32:00.000,I 20,I 20 and Riverside Pkwy,,Rear End,2,Clear,Dry,Dark-Not Lighted
2023-01-25T07:33:00.000,I 20,I 20 and Riverside Pkwy,,Sideswipe-Same Direction,2,Clear,Dry,Dark-Lighted
2023-03-04T18:17:00.000,I 20,I 20 and Riverside Pkwy,,Angle Crash,2,Clear,Dry,Daylight
2023-07-30T17:00:00.000,I 20,I 20 and Riverside Pkwy,,Rear End,2,Clear,Dry,Daylight
2023-04-30T13:34:00.000,I 20,I 20 and Riverside Pkwy,,Rear End,2,Clear,Dry,Daylight
2023-12-15T17:32:00.000,I 20,I 20 and Riverside Pkwy,,Rear End,2,Clear,Dry,Dusk
2023-09-05T08:52:00.000,I 20,I 20 and Riverside Pkwy,,Rear End,2,Clear,Dry,Daylight
2023-11-10T12:30:00.000,I 20,I 20 and Riverside Pkwy,,Angle Crash,2,Rain,Wet,Daylight
2024-06-13T09:38:00.000,I 20,I 20 and Riverside Pkwy,,Rear End,2,Clear,Dry,Daylight
2024-04-18T03:40:00.000,I 20,I 20 and Riverside Pkwy,,Rear End,2,Rain,Wet,Dark-Lighted
2024-11-08T14:10:00.000,I 20,I 20 and Riverside Pkwy,,Sideswipe-Same Direction,2,Clear,Dry,Daylight
2024-10-04T07:15:00.000,I 20,I 20 and Riverside Pkwy,,Sideswipe-Same Direction,2,Clear,Dry,Daylight
2024-09-04T07:41:00.000,I 20,I 20 and Riverside Pkwy,,Rear End,2,Clear,Dry,Daylight
2024-06-17T13:00:00.000,I 20,I 20 and Riverside Pkwy,,Not a Collision with Motor Vehicle,1,Clear,Dry,Daylight
2024-10-09T07:32:00.000,I 20,I 20 and Riverside Pkwy,,Rear End,2,Clear,Dry,Daylight
2024-11-19T14:00:00.000,I 20,I 20 and Riverside Pkwy,,Angle Crash,2,Rain,Wet,Daylight
2024-12-20T15:15:00.000,I 20,I 20 and Riverside Pkwy,,Rear End,2,Clear,Dry,Daylight
2024-05-31T15:50:00.000,I 20,I 20 and Riverside Pkwy,,Sideswipe-Same Direction,2,Cloudy,Dry,Daylight
2024-07-09T11:05:00.000,I 20,I 20 and Riverside Pkwy,,Sideswipe-Same Direction,2,Clear,Dry,Daylight
2024-04-29T04:30:00.000,I 20,I 20 and Riverside Pkwy,,Angle Crash,3,Clear,Dry,Dark-Lighted
2024-02-21T17:10:00.000,I 20,I 20 and Riverside Pkwy,,Angle Crash,2,Clear,Dry,Daylight
2024-04-12T09:40:00.000,I 20,I 20 and Riverside Pkwy,,Rear End,2,Clear,Dry,Daylight
2024-11-14T03:30:00.000,I 20,I 20 and Riverside Pkwy,,Rear End,2,Rain,Wet,Daylight
2024-04-22T17:26:00.000,I 20,I 20 and Riverside Pkwy,,Sideswipe-Same Direction,2,Clear,Dry,Daylight
2024-10-24T19:10:00.000,I 20,I 20 and Riverside Pkwy,,Not a Collision with Motor Vehicle,1,Clear,Dry,Dark-Lighted
2024-03-01T17:01:00.000,I 20,I 20 and Riverside Pkwy,,Rear End,4,Rain,Wet,Daylight
2024-12-13T16:40:00.000,I 20,I 20 and Riverside Pkwy,,Not a Collision with Motor Vehicle,1,Cloudy,Dry,Daylight
2024-11-15T16:00:00.000,I 20,I 20 and Riverside Pkwy,,Sideswipe-Same Direction,2,Clear,Dry,Daylight
2024-09-30T12:37:00.000,I 20,I 20 and Riverside Pkwy,,Sideswipe-Same Direction,2,Cloudy,Dry,Daylight
2024-11-02T15:38:00.000,I 20,I 20 and Riverside Pkwy,,Rear End,2,Clear,Dry,Daylight
2024-02-09T09:11:00.000,I 20,I 20 and Riverside Pkwy,,Rear End,2,Clear,Dry,Daylight
2024-07-07T22:30:00.000,I 20,I 20 and Riverside Pkwy,,Rear End,2,Cloudy,Wet,Dark-Lighted
2024-11-01T16:31:00.000,I 20,I 20 and Riverside Pkwy,,Sideswipe-Same Direction,2,Cloudy,Dry,Daylight
2024-11-12T19:22:00.000,I 20,I 20 and Riverside Pkwy,,Sideswipe-Same Direction,2,Clear,Dry,Dark-Lighted
2024-02-08T08:28:00.000,I 20,I 20 and Riverside Pkwy,,Rear End,2,Clear,Dry,Daylight
2024-05-01T21:40:00.000,I 20,I 20 and Riverside Pkwy,,Rear End,2,Clear,Dry,Dark-Lighted
2024-02-08T17:15:00.000,I 20,I 20 and Riverside Pkwy,,Rear End,2,Cloudy,Dry,Daylight
2024-03-15T07:25:00.000,I 20,I 20 and Riverside Pkwy,,Rear End,2,Clear,Dry,Daylight
2024-03-14T11:15:00.000,I 20,I 20 and Riverside Pkwy,,Rear End,2,Clear,Dry,Daylight
2024-05-24T07:27:00.000,I 20,I 20 and Riverside Pkwy,,Rear End,2,Clear,Dry,Daylight
2024-04-25T08:36:00.000,I 20,I 20 and Riverside Pkwy,,Rear End,2,Cloudy,Dry,Daylight
2024-06-12T19:02:00.000,I 20,I 20 and Riverside Pkwy,,Rear End,2,Clear,Dry,Daylight