Date and Time,Roadway (From Crash Report),Intersection Name (from Crash Report),KABCO Severity,Manner of Collision (Crash Level) ,# of Vehicles per crash ,Weather Conditions (Crash Level),Surface Condition (Crash Level) ,Light Conditions (Crash Level)
2021-07-28T22:09:00.000,I 20,I 20 and Post Rd,,Not a Collision with Motor Vehicle,1,Clear,Dry,Dark-Not Lighted
2022-08-25T07:31:00.000,I 20,I 20 and Post Rd,,Sideswipe-Same Direction,2,Cloudy,Wet,Daylight
2022-01-07T11:00:00.000,I 20,I 20 and Post Rd,,Rear End,3,Clear,Dry,Daylight
2021-09-09T09:40:00.000,I 20,I 20 and Post Rd,,Rear End,2,Clear,Dry,Daylight
2022-12-26T18:35:00.000,I 20,I 20 and Post Rd,,Angle Crash,2,Clear,Dry,Dark-Not Lighted
2022-11-21T23:15:00.000,I 20,I 20 and Post Rd,,Not a Collision with Motor Vehicle,1,Clear,Dry,Dark-Not Lighted
2022-10-06T08:01:00.000,I 20,I 20 and Post Rd,,Rear End,2,Clear,Dry,Daylight
2022-02-21T09:15:00.000,I 20,I 20 and Post Rd,,Rear End,2,Cloudy,Dry,Daylight
2021-09-14T17:06:00.000,I 20,I 20 and Post Rd,,Rear End,2,Clear,Dry,Daylight
2021-12-21T16:53:00.000,I 20,I 20 and Post Rd,,Not a Collision with Motor Vehicle,1,Rain,Wet,Daylight
2021-09-24T16:27:00.000,I 20,I 20 and Post Rd,,Not a Collision with Motor Vehicle,1,Clear,Dry,Daylight
2022-04-12T10:05:00.000,I 20,I 20 and Post Rd,,Sideswipe-Same Direction,1,Clear,Dry,Daylight
2022-05-11T08:50:00.000,I 20,I 20 and Post Rd,,Rear End,2,Clear,Dry,Daylight
2022-06-22T08:15:00.000,I 20,I 20 and Post Rd,,Not a Collision with Motor Vehicle,1,Clear,Dry,Daylight
2022-12-05T23:20:00.000,I 20,I 20 and Post Rd,,Not a Collision with Motor Vehicle,1,Rain,Wet,Dark-Not Lighted
2022-10-29T14:45:00.000,I 20,I 20 and Post Rd,,Rear End,2,Clear,Dry,Daylight
2022-05-10T17:26:00.000,I 20,I 20 and Post Rd,,Angle Crash,2,Clear,Dry,Daylight
2022-01-07T11:00:00.000,I 20,I 20 and Post Rd,,Rear End,2,Clear,Dry,Daylight
2022-11-23T14:26:00.000,I 20,I 20 and Post Rd,,Rear End,2,Clear,Dry,Daylight
2022-08-30T12:11:00.000,I 20,I 20 and Post Rd,,Sideswipe-Same Direction,2,Clear,Dry,Daylight
2022-07-29T08:40:00.000,I 20,I 20 and Post Rd,,Not a Collision with Motor Vehicle,1,Clear,Dry,Daylight
2022-11-24T13:40:00.000,I 20,I 20 and Post Rd,,Angle Crash,2,Clear,Dry,Daylight
2022-10-16T22:20:00.000,I 20,I 20 and Post Rd,,Angle Crash,2,Clear,Dry,Dark-Not Lighted
2022-11-05T20:00:00.000,I 20,I 20 and Post Rd,,Not a Collision with Motor Vehicle,1,Cloudy,Dry,Dark-Lighted
2023-10-02T23:02:00.000,I 20,I 20 and Post Rd,,(None),1,(None),(None),(None)
2024-12-03T13:00:00.000,I 20,I 20 and Post Rd,,Rear End,2,Clear,Dry,Daylight
2023-11-10T18:10:00.000,I 20,I 20 and Post Rd,,(None),2,(None),(None),(None)
2023-10-11T21:27:00.000,I 20,I 20 and Post Rd,,(None),1,(None),(None),(None)
2023-03-27T12:48:00.000,I 20,I 20 and Post Rd,,Sideswipe-Same Direction,2,Clear,Dry,Daylight
2023-01-05T20:10:00.000,I 20,I 20 and Post Rd,,Rear End,2,Clear,Dry,Dark-Lighted
2023-10-08T12:55:00.000,I 20,I 20 and Post Rd,,(None),2,(None),(None),(None)
2023-09-08T22:40:00.000,I 20,I 20 and Post Rd,,Sideswipe-Same Direction,2,Clear,Dry,Dark-Not Lighted
2023-12-26T11:50:00.000,I 20,I 20 and Post Rd,,Sideswipe-Same Direction,2,Rain,Wet,Daylight
2024-01-30T17:43:00.000,I 20,I 20 and Post Rd,,Rear End,2,Clear,Dry,Daylight
2024-09-13T11:57:00.000,I 20,I 20 and Post Rd,,Rear End,2,Clear,Dry,Daylight
2024-04-29T01:20:00.000,I 20,I 20 and Post Rd,,Not a Collision with Motor Vehicle,1,Clear,Dry,Dark-Not Lighted
2024-12-11T13:25:00.000,I 20,I 20 and Post Rd,,Sideswipe-Same Direction,2,Clear,Dry,Daylight
2024-02-08T07:18:00.000,I 20,I 20 and Post Rd,,Rear End,2,Clear,Dry,Dawn
2024-04-15T13:28:00.000,I 20,I 20 and Post Rd,,Not a Collision with Motor Vehicle,1,Clear,Dry,Daylight
2024-04-19T06:35:00.000,I 20,I 20 and Post Rd,,Not a Collision with Motor Vehicle,1,Cloudy,Dry,Daylight
2024-11-18T22:07:00.000,I 20,I 20 and Post Rd,,Sideswipe-Same Direction,2,Clear,Dry,Dark-Not Lighted
2024-08-16T16:22:00.000,I 20,I 20 and Post Rd,,Sideswipe-Same Direction,2,Clear,Dry,Daylight
2024-01-08T16:25:00.000,I 20,I 20 and Post Rd,,Rear End,2,Cloudy,Dry,Daylight
2024-05-10T18:02:00.000,I 20,I 20 and Post Rd,,Not a Collision with Motor Vehicle,1,Clear,Dry,Daylight
2024-05-01T06:00:00.000,I 20,I 20 and Post Rd,,Sideswipe-Same Direction,2,Clear,Dry,Dawn
2024-03-19T12:09:00.000,I 20,I 20 and Post Rd,,Not a Collision with Motor Vehicle,1,Clear,Dry,Daylight
2020-08-15T23:48:00.000,I 20,I 20 and Ponala Ed,,Sideswipe-Same Direction,2,Clear,Dry,Dark-Not Lighted
2020-09-16T02:45:00.000,I 20,I 20 and Pleasantwood Dr,,Rear End,2,Clear,Dry,Dark-Lighted
2020-09-16T02:45:00.000,I 20,I 20 and Pleasantwood Dr,,Sideswipe-Same Direction,2,Clear,Dry,Dark-Lighted
2024-12-19T06:45:00.000,I 20,I 20 and Pleasantwood Dr,,Rear End,2,Clear,Dry,Daylight
2023-08-10T16:59:00.000,I 20,I 20 and Pleasant Ridge Roaad,,Not a Collision with Motor Vehicle,1,Clear,Dry,Daylight
2021-10-18T02:22:00.000,I 20,I 20 and Pleasant Ridge Rd,,Not a Collision with Motor Vehicle,1,Clear,Dry,Dark-Not Lighted
2020-10-14T06:30:00.000,I 20,I 20 and Pleasant Hill Rd,,Rear End,2,Clear,Dry,Daylight
2020-11-04T07:21:00.000,I 20,I 20 and Pleasant Grove Rd,,Sideswipe-Same Direction,2,Clear,Dry,Daylight
2021-10-27T18:12:00.000,I 20,I 20 and Pleasant Grove Rd,,Not a Collision with Motor Vehicle,1,Cloudy,Dry,Daylight
2022-05-10T15:36:00.000,I 20,I 20 and Pleasant Grove Rd,,Rear End,2,Clear,Wet,Daylight
2020-11-10T11:30:00.000,I 20,I 20 and Pleasant Grove Hurch Rd,,Not a Collision with Motor Vehicle,1,Cloudy,Dry,Daylight
2021-04-22T09:00:00.000,I 20,I 20 and Pleasant Forest Dr,,Rear End,2,Clear,Dry,Daylight
2020-12-30T11:59:00.000,I 20,I 20 and Peters St Underpass,,Rear End,2,Cloudy,Dry,Daylight
2020-09-12T11:07:00.000,I 20,I 20 and Peeples St,,Angle Crash,2,Clear,Dry,Daylight
2024-03-29T07:15:00.000,I 20,I 20 and Parkside Pl,,Sideswipe-Same Direction,2,Clear,Dry,Daylight
2020-01-03T14:08:00.000,I 20,I 20 and Parks Mill Road Rd,,Not a Collision with Motor Vehicle,1,Rain,Wet,Daylight
2021-05-31T13:25:00.000,I 20,I 20 and Parks Mill Road Opas,,Sideswipe-Same Direction,2,Clear,Dry,Daylight
2020-11-13T18:25:00.000,I 20,I 20 and Parks Mill Road Opas,,Sideswipe-Same Direction,2,Clear,Dry,Dark-Not Lighted
2021-04-06T07:37:00.000,I 20,I 20 and Parks Mill Rd,,Rear End,2,Clear,Dry,Daylight
2023-08-18T14:23:00.000,I 20,I 20 and Parks Mill Rd,,Sideswipe-Same Direction,2,Clear,Dry,Daylight
2020-01-03T12:20:00.000,I 20,I 20 and Parks Mill Rd,,Not a Collision with Motor Vehicle,1,Rain,Wet,Daylight
2021-01-19T22:43:00.000,I 20,I 20 and Parks Mill Rd,,Sideswipe-Same Direction,2,Clear,Dry,Dark-Not Lighted
2021-12-18T18:19:00.000,I 20,I 20 and Parks Mill Rd,,Rear End,2,Rain,Wet,Dusk
2021-10-28T20:43:00.000,I 20,I 20 and Parks Mill Rd,,Not a Collision with Motor Vehicle,1,Rain,Wet,Dark-Not Lighted
2022-06-24T06:48:00.000,I 20,I 20 and Parks Mill Rd,,Rear End,2,Clear,Dry,Dark-Not Lighted
2022-11-21T14:50:00.000,I 20,I 20 and Parks Mill Rd,,Not a Collision with Motor Vehicle,1,Clear,Dry,Daylight
2024-06-14T15:00:00.000,I 20,I 20 and Parks Mill Rd,,Not a Collision with Motor Vehicle,1,Clear,Dry,Daylight
2023-04-05T15:34:00.000,I 20,I 20 and Parks Mill Rd,,Sideswipe-Same Direction,2,Cloudy,Dry,Daylight
2024-06-07T18:59:00.000,I 20,I 20 and Parks Mill Rd,,Rear End,2,Clear,Dry,Daylight
2024-11-03T01:10:00.000,I 20,I 20 and Parks Mill Brg,,Not a Collision with Motor Vehicle,1,Clear,Dry,Dark-Not Lighted
2021-03-18T10:15:00.000,I 20,I 20 and Parkland Dr,,Rear End,2,Cloudy,Wet,Daylight
2020-03-17T10:00:00.000,I 20,I 20 and Parkland Dr,,Sideswipe-Same Direction,2,Cloudy,Dry,Daylight
2020-02-24T07:11:00.000,I 20,I 20 and Parker Road Brg,,Sideswipe-Same Direction,2,Cloudy,Wet,Dawn
2020-02-05T13:52:00.000,I 20,I 20 and Parker Rd,,Angle Crash,2,Cloudy,Dry,Daylight
2023-12-15T17:55:00.000,I 20,I 20 and Paonla Rd,,Sideswipe-Same Direction,2,Clear,Dry,Daylight
2023-01-18T17:00:00.000,I 20,I 20 and Panola Rod,,Rear End,2,Rain,Wet,Dark-Not Lighted
2020-07-12T14:14:00.000,I 20,I 20 and Panola Road Opas,,Rear End,3,Cloudy,Dry,Daylight
2020-07-10T14:25:00.000,I 20,I 20 and Panola Road Opas,,Rear End,3,Cloudy,Dry,Daylight
2021-06-06T14:00:00.000,I 20,I 20 and Panola Road Exit,,Rear End,2,Clear,Dry,Daylight
2024-11-16T04:56:00.000,I 20,I 20 and Panola Road Exit,,Angle Crash,2,Clear,Dry,Dark-Lighted
2024-02-01T13:11:00.000,I 20,I 20 and Panola Rd. Rd,,Sideswipe-Same Direction,2,Clear,Dry,Daylight
2023-02-23T15:00:00.000,I 20,I 20 and Panola Rd.,,Rear End,2,Clear,Dry,Daylight
2023-09-16T13:45:00.000,I 20,I 20 and Panola Rd.,,Rear End,2,Rain,Wet,Daylight
2022-08-12T09:30:00.000,I 20,I 20 and Panola Rd.,,Sideswipe-Same Direction,2,Cloudy,Dry,Daylight
2022-02-22T08:00:00.000,I 20,I 20 and Panola Rd.,,Sideswipe-Same Direction,2,Clear,Dry,Daylight
2022-11-30T06:35:00.000,I 20,I 20 and Panola Rd.,,Rear End,2,Rain,Wet,Dark-Not Lighted
2022-03-25T09:25:00.000,I 20,I 20 and Panola Rd.,,Rear End,2,Clear,Dry,Daylight
2022-09-29T10:00:00.000,I 20,I 20 and Panola Rd.,,Rear End,3,Clear,Dry,Daylight
2022-05-03T17:14:00.000,I 20,I 20 and Panola Rd.,,Sideswipe-Same Direction,2,Clear,Dry,Daylight
2022-10-26T07:25:00.000,I 20,I 20 and Panola Rd.,,Rear End,2,Clear,Dry,Dawn
2022-03-11T10:25:00.000,I 20,I 20 and Panola Rd.,,Rear End,2,Cloudy,Dry,Daylight
2022-10-06T08:30:00.000,I 20,I 20 and Panola Rd.,,Rear End,2,Clear,Dry,Daylight
2022-09-23T08:00:00.000,I 20,I 20 and Panola Rd.,,Rear End,2,Clear,Dry,Daylight
2022-10-26T10:40:00.000,I 20,I 20 and Panola Rd.,,Rear End,2,Clear,Dry,Daylight
2022-04-29T06:00:00.000,I 20,I 20 and Panola Rd.,,Not a Collision with Motor Vehicle,1,Clear,Dry,Daylight
2022-12-06T08:45:00.000,I 20,I 20 and Panola Rd.,,Rear End,3,Rain,Wet,Daylight
2022-05-08T13:15:00.000,I 20,I 20 and Panola Rd.,,Rear End,2,Cloudy,Dry,Daylight
2022-10-13T10:00:00.000,I 20,I 20 and Panola Rd.,,Rear End,2,Cloudy,Dry,Daylight
2022-04-08T10:00:00.000,I 20,I 20 and Panola Rd.,,Sideswipe-Same Direction,2,Clear,Dry,Daylight
2022-11-30T06:50:00.000,I 20,I 20 and Panola Rd.,,Rear End,2,Rain,Wet,Dawn
2022-03-05T11:30:00.000,I 20,I 20 and Panola Rd.,,Rear End,2,Clear,Dry,Daylight
2022-08-26T06:50:00.000,I 20,I 20 and Panola Rd.,,Rear End,2,Clear,Dry,Daylight
2022-02-20T07:10:00.000,I 20,I 20 and Panola Rd.,,Sideswipe-Same Direction,2,Clear,Dry,Daylight
2022-10-18T10:30:00.000,I 20,I 20 and Panola Rd.,,Rear End,2,Clear,Dry,Daylight
2024-01-05T06:58:00.000,I 20,I 20 and Panola Rd.,,Sideswipe-Same Direction,2,Clear,Dry,Dark-Not Lighted
2024-05-05T19:20:00.000,I 20,I 20 and Panola Rd.,,Rear End,2,Clear,Dry,Daylight
2024-08-24T16:20:00.000,I 20,I 20 and Panola Rd.,,Sideswipe-Same Direction,2,Clear,Dry,Daylight
2023-12-15T10:30:00.000,I 20,I 20 and Panola Rd.,,Not a Collision with Motor Vehicle,3,Clear,Dry,Daylight
2023-08-28T17:01:00.000,I 20,I 20 and Panola Rd.,,Sideswipe-Same Direction,2,Clear,Dry,Daylight
2023-07-01T09:20:00.000,I 20,I 20 and Panola Rd.,,Not a Collision with Motor Vehicle,1,Clear,Dry,Daylight
2024-10-31T08:30:00.000,I 20,I 20 and Panola Rd.,,Sideswipe-Same Direction,2,Clear,Dry,Daylight
2024-06-16T21:39:00.000,I 20,I 20 and Panola Rd.,,Rear End,2,Clear,Dry,Dark-Not Lighted
2024-02-22T15:35:00.000,I 20,I 20 and Panola Rd.,,Rear End,2,Clear,Dry,Daylight
2024-04-25T10:58:00.000,I 20,I 20 and Panola Rd.,,Rear End,3,Clear,Dry,Daylight
2024-01-25T06:00:00.000,I 20,I 20 and Panola Rd.,,Rear End,3,Cloudy,Dry,Dawn
2024-10-16T14:30:00.000,I 20,I 20 and Panola Rd.,,Rear End,2,Clear,Dry,Daylight
2024-10-04T19:37:00.000,I 20,I 20 and Panola Rd.,,Rear End,4,Clear,Dry,Dark-Lighted
2024-10-31T10:17:00.000,I 20,I 20 and Panola Rd.,,Rear End,2,Clear,Dry,Daylight
2024-05-16T17:18:00.000,I 20,I 20 and Panola Rd.,,Rear End,2,Clear,Dry,Daylight
2024-03-12T06:43:00.000,I 20,I 20 and Panola Rd.,,Rear End,2,Clear,Dry,Daylight
2024-08-18T16:31:00.000,I 20,I 20 and Panola Rd.,,Rear End,2,Rain,Wet,Daylight
2024-05-03T17:02:00.000,I 20,I 20 and Panola Rd.,,Rear End,2,Clear,Dry,Daylight
2024-02-10T08:30:00.000,I 20,I 20 and Panola Rd.,,Not a Collision with Motor Vehicle,1,Clear,Dry,Daylight
2024-11-29T18:00:00.000,I 20,I 20 and Panola Rd.,,Rear End,2,Clear,Dry,Dark-Lighted
2021-04-09T23:20:00.000,I 20,I 20 and Panola Rd Ext Rp,,Sideswipe-Same Direction,3,Cloudy,Dry,Dark-Not Lighted
2023-10-25T16:38:00.000,I 20,I 20 and Panola Rd Exit71,,Rear End,2,Clear,Dry,Daylight
2021-05-15T22:48:00.000,I 20,I 20 and Panola Rd Exit Rp,,Sideswipe-Same Direction,3,Cloudy,Dry,Dark-Not Lighted
2020-09-04T22:15:00.000,I 20,I 20 and Panola Rd Exit Rp,,Sideswipe-Same Direction,2,Clear,Dry,Dark-Lighted
2021-05-29T23:25:00.000,I 20,I 20 and Panola Rd Exit Rp,,Rear End,3,Cloudy,Dry,Dark-Not Lighted
2021-06-06T03:37:00.000,I 20,I 20 and Panola Rd Exit Rp,,Sideswipe-Same Direction,2,Cloudy,Dry,Dark-Not Lighted
2022-05-08T14:55:00.000,I 20,I 20 and Panola Rd Exit Rp,,Sideswipe-Same Direction,2,Clear,Dry,Daylight
2022-04-16T19:00:00.000,I 20,I 20 and Panola Rd Exit Rp,,Angle Crash,2,Clear,Dry,Daylight
2022-05-05T14:00:00.000,I 20,I 20 and Panola Rd Exit Rp,,Rear End,2,Clear,Dry,Daylight
2024-08-08T09:30:00.000,I 20,I 20 and Panola Rd Exit Rp,,Not a Collision with Motor Vehicle,1,Clear,Dry,Daylight
2024-06-14T12:20:00.000,I 20,I 20 and Panola Rd Exit Rp,,Sideswipe-Same Direction,2,Clear,Dry,Daylight
2024-06-24T08:45:00.000,I 20,I 20 and Panola Rd Exit Rp,,Sideswipe-Same Direction,2,Clear,Dry,Daylight
2024-03-06T04:37:00.000,I 20,I 20 and Panola Rd Exit Rp,,Rear End,2,Rain,Water (standing or moving),Dark-Not Lighted
2024-01-29T02:00:00.000,I 20,I 20 and Panola Rd Exit Rp,,Not a Collision with Motor Vehicle,1,Clear,Dry,Dark-Lighted
2024-06-14T12:50:00.000,I 20,I 20 and Panola Rd Exit Rp,,Rear End,2,Clear,Dry,Daylight
2024-11-14T08:03:00.000,I 20,I 20 and Panola Rd Exit Rp,,Rear End,2,Rain,Wet,Daylight
2023-11-16T15:00:00.000,I 20,I 20 and Panola Rd Exit 71,,Rear End,2,Clear,Dry,Daylight
2023-09-15T14:53:00.000,I 20,I 20 and Panola Rd Exit 71,,Rear End,2,Clear,Dry,Daylight
2023-10-13T19:20:00.000,I 20,I 20 and Panola Rd Exit 71,,Rear End,2,Clear,Wet,Dark-Not Lighted
2023-01-24T15:58:00.000,I 20,I 20 and Panola Rd Exit 71,,Not a Collision with Motor Vehicle,1,Clear,Dry,Daylight
2023-12-13T17:47:00.000,I 20,I 20 and Panola Rd Exit 71,,Rear End,2,Clear,Dry,Dark-Not Lighted
2023-10-20T14:36:00.000,I 20,I 20 and Panola Rd Exit 71,,Rear End,2,Clear,Dry,Daylight
2023-12-01T18:08:00.000,I 20,I 20 and Panola Rd Exit 71,,Rear End,3,Clear,Dry,Dark-Not Lighted
2023-04-14T14:59:00.000,I 20,I 20 and Panola Rd Exit 71,,Rear End,3,Rain,Wet,Daylight
2023-09-13T19:21:00.000,I 20,I 20 and Panola Rd Exit 71,,Rear End,2,Clear,Dry,Dusk
2022-06-17T18:19:00.000,I 20,I 20 and Panola Rd Exit 71,,Not a Collision with Motor Vehicle,1,Clear,Wet,Daylight
2022-12-21T13:18:00.000,I 20,I 20 and Panola Rd Exit 71,,Rear End,2,Clear,Dry,Daylight
2022-06-17T15:16:00.000,I 20,I 20 and Panola Rd Exit 71,,Rear End,2,Clear,Dry,Daylight
2022-09-17T17:07:00.000,I 20,I 20 and Panola Rd Exit 71,,Rear End,2,Clear,Dry,Daylight
2022-06-16T15:07:00.000,I 20,I 20 and Panola Rd Exit 71,,Angle Crash,2,Clear,Dry,Daylight
2022-08-21T15:42:00.000,I 20,I 20 and Panola Rd Exit 71,,Rear End,2,Clear,Dry,Daylight
2022-06-12T15:20:00.000,I 20,I 20 and Panola Rd Exit 71,,Rear End,2,Clear,Dry,Daylight
2023-07-21T20:05:00.000,I 20,I 20 and Panola Rd Exit 71,,Not a Collision with Motor Vehicle,1,Clear,Wet,Dark-Lighted
2024-02-24T16:08:00.000,I 20,I 20 and Panola Rd Exit 71,,Angle Crash,2,Clear,Dry,Daylight
2024-11-15T16:32:00.000,I 20,I 20 and Panola Rd Exit 71,,Angle Crash,2,Clear,Dry,Daylight
2024-03-19T21:25:00.000,I 20,I 20 and Panola Rd Exit 71,,Not a Collision with Motor Vehicle,1,Clear,Dry,Dark-Not Lighted
2024-10-17T15:23:00.000,I 20,I 20 and Panola Rd Exit 71,,Rear End,4,Clear,Dry,Daylight
2024-11-17T14:40:00.000,I 20,I 20 and Panola Rd Exit 71,,Rear End,2,Clear,Dry,Daylight
2024-09-20T14:57:00.000,I 20,I 20 and Panola Rd Exit 71,,Rear End,5,Clear,Dry,Daylight
2024-12-23T19:00:00.000,I 20,I 20 and Panola Rd Exit 71,,Angle Crash,2,Clear,Dry,Dark-Not Lighted
2024-12-15T14:24:00.000,I 20,I 20 and Panola Rd Exit 71,,Rear End,2,Clear,Dry,Daylight
2023-12-22T14:59:00.000,I 20,I 20 and Panola Rd Exit 71,,Rear End,2,Clear,Dry,Daylight
2023-07-26T18:04:00.000,I 20,I 20 and Panola Rd Exit 71,,Angle Crash,2,Clear,Dry,Daylight
2023-12-13T15:02:00.000,I 20,I 20 and Panola Rd Exit 71,,Rear End,2,Clear,Dry,Daylight
2023-07-24T17:50:00.000,I 20,I 20 and Panola Rd Exit 71,,Angle Crash,2,Clear,Dry,Daylight
2023-03-05T14:13:00.000,I 20,I 20 and Panola Rd Exit 71,,Rear End,2,Clear,Dry,Daylight
2023-09-08T16:17:00.000,I 20,I 20 and Panola Rd Exit 71,,Angle Crash,3,Clear,Dry,Daylight
2023-04-25T17:31:00.000,I 20,I 20 and Panola Rd Exit 71,,Rear End,5,Clear,Dry,Daylight
2023-10-18T18:15:00.000,I 20,I 20 and Panola Rd Exit 71,,Rear End,2,Clear,Dry,Daylight
2023-10-18T17:28:00.000,I 20,I 20 and Panola Rd Exit 71,,Angle Crash,2,Clear,Dry,Daylight
2023-12-22T18:33:00.000,I 20,I 20 and Panola Rd Exit 71,,Sideswipe-Same Direction,2,Clear,Dry,Dark-Not Lighted
2023-12-20T17:22:00.000,I 20,I 20 and Panola Rd Exit 71,,Angle Crash,2,Clear,Dry,Daylight
2024-12-15T14:30:00.000,I 20,I 20 and Panola Rd Exit 71,,Rear End,2,Clear,Dry,Daylight
2024-07-14T15:12:00.000,I 20,I 20 and Panola Rd Exit 71,,Angle Crash,2,Clear,Dry,Daylight
2024-10-18T15:15:00.000,I 20,I 20 and Panola Rd Exit 71,,Rear End,2,Clear,Dry,Daylight
2024-03-09T17:42:00.000,I 20,I 20 and Panola Rd Exit 71,,Rear End,2,Clear,Dry,Daylight
2024-07-14T15:12:00.000,I 20,I 20 and Panola Rd Exit 71,,Angle Crash,2,Clear,Dry,Daylight
2024-12-08T22:10:00.000,I 20,I 20 and Panola Rd Exit 71,,Rear End,2,Clear,Dry,Dark-Not Lighted
2024-09-08T17:31:00.000,I 20,I 20 and Panola Rd Exit 71,,Angle Crash,2,Clear,Dry,Daylight
2024-08-23T14:03:00.000,I 20,I 20 and Panola Rd Exit 71,,Rear End,3,Clear,Dry,Daylight
2024-07-21T19:15:00.000,I 20,I 20 and Panola Rd Exit 71,,Angle Crash,2,Rain,Wet,Daylight
2024-10-20T17:36:00.000,I 20,I 20 and Panola Rd Exit 71,,Rear End,2,Clear,Dry,Daylight
2024-11-01T17:24:00.000,I 20,I 20 and Panola Rd Exit 71,,Rear End,2,Clear,Dry,Dark-Not Lighted
2024-07-25T14:13:00.000,I 20,I 20 and Panola Rd Exit 71,,Rear End,2,Clear,Dry,Daylight
2024-11-19T00:08:00.000,I 20,I 20 and Panola Rd Exit 71,,Not a Collision with Motor Vehicle,1,Clear,Dry,Dark-Not Lighted
2024-07-26T17:04:00.000,I 20,I 20 and Panola Rd Exit 71,,Rear End,2,Clear,Dry,Daylight
2024-03-08T11:38:00.000,I 20,I 20 and Panola Rd Exit 71,,Not a Collision with Motor Vehicle,1,Rain,Wet,Dark-Lighted
2024-12-22T12:29:00.000,I 20,I 20 and Panola Rd Exit 71,,Rear End,2,Clear,Dry,Daylight
2024-12-15T14:42:00.000,I 20,I 20 and Panola Rd Exit 71,,Rear End,3,Clear,Dry,Daylight
2024-03-19T21:25:00.000,I 20,I 20 and Panola Rd Exit 71,,Rear End,2,Clear,Dry,Daylight
2024-10-10T14:50:00.000,I 20,I 20 and Panola Rd Exit 71,,Rear End,2,Clear,Dry,Daylight
2024-03-31T17:03:00.000,I 20,I 20 and Panola Rd Exit 71,,Rear End,2,Clear,Dry,Daylight
2024-06-20T08:33:00.000,I 20,I 20 and Panola Rd Exit 71,,Angle Crash,2,Clear,Dry,Daylight
2023-01-24T07:58:00.000,I 20,I 20 and Panola Rd Exit,,Rear End,2,Clear,Dry,Daylight
2021-12-19T02:38:00.000,I 20,I 20 and Panola Rd Exit,,Rear End,2,Cloudy,Dry,Dark-Not Lighted
2022-08-18T05:30:00.000,I 20,I 20 and Panola Rd Exit,,Rear End,2,Clear,Dry,Dark-Lighted
2022-06-04T17:00:00.000,I 20,I 20 and Panola Rd Exit,,Rear End,2,Clear,Dry,Daylight
2024-06-24T17:42:00.000,I 20,I 20 and Panola Rd Exit,,Rear End,2,Clear,Dry,Daylight
2024-01-21T12:30:00.000,I 20,I 20 and Panola Rd Exit,,Angle Crash,4,Clear,Dry,Daylight
2021-08-22T03:53:00.000,I 20,I 20 and Panola Rd Entry Rp,,Not a Collision with Motor Vehicle,1,Rain,Wet,Dark-Not Lighted
2021-09-04T03:00:00.000,I 20,I 20 and Panola Rd Entry Rp,,Rear End,2,Cloudy,Dry,Dark-Not Lighted
2021-02-17T05:58:00.000,I 20,I 20 and Panola Rd Entry Rp,,Angle Crash,2,Clear,Dry,Dark-Not Lighted
2024-06-06T09:00:00.000,I 20,I 20 and Panola Rd Entry Rp,,Rear End,2,Clear,Dry,Daylight
2024-10-29T07:10:00.000,I 20,I 20 and Panola Rd Entry Rp,,Sideswipe-Same Direction,2,Clear,Dry,Daylight
2024-11-05T10:00:00.000,I 20,I 20 and Panola Rd Entry Rp,,Rear End,2,Clear,Dry,Daylight
2024-08-16T12:00:00.000,I 20,I 20 and Panola Rd Entry Rp,,Rear End,3,Clear,Dry,Daylight
2024-06-22T10:30:00.000,I 20,I 20 and Panola Rd Entry Rp,,Rear End,2,Clear,Dry,Daylight
2023-11-25T16:48:00.000,I 20,I 20 and Panola Rd Ecit 71,,Rear End,2,Clear,Dry,Daylight
2024-02-06T15:09:00.000,I 20,I 20 and Panola Rd 71,,Rear End,2,Clear,Dry,Daylight
2021-02-11T16:21:00.000,I 20,I 20 and Panola Rd,,Rear End,3,Cloudy,Wet,Daylight
2021-02-19T06:28:00.000,I 20,I 20 and Panola Rd,,Not a Collision with Motor Vehicle,1,Cloudy,Dry,Daylight
2021-04-06T13:50:00.000,I 20,I 20 and Panola Rd,,Rear End,2,Clear,Dry,Daylight
2021-04-19T15:38:00.000,I 20,I 20 and Panola Rd,,Sideswipe-Same Direction,2,Clear,Dry,Daylight
2021-05-09T18:00:00.000,I 20,I 20 and Panola Rd,,Rear End,2,Cloudy,Dry,Daylight
2021-05-13T16:14:00.000,I 20,I 20 and Panola Rd,,Rear End,4,Clear,Dry,Daylight
2021-02-13T21:09:00.000,I 20,I 20 and Panola Rd,,Rear End,2,Cloudy,Dry,Dark-Lighted
2021-05-15T23:29:00.000,I 20,I 20 and Panola Rd,,Rear End,2,Clear,Dry,Dark-Lighted
2021-04-16T09:00:00.000,I 20,I 20 and Panola Rd,,Rear End,2,Clear,Dry,Daylight
2021-05-19T21:50:00.000,I 20,I 20 and Panola Rd,,Sideswipe-Same Direction,2,Clear,Dry,Dark-Lighted
2021-02-09T12:50:00.000,I 20,I 20 and Panola Rd,,Sideswipe-Same Direction,2,Clear,Dry,Daylight
2021-06-15T17:20:00.000,I 20,I 20 and Panola Rd,,Rear End,2,Clear,Dry,Daylight
2021-02-10T07:45:00.000,I 20,I 20 and Panola Rd,,Rear End,2,Clear,Dry,Daylight
2021-04-15T12:30:00.000,I 20,I 20 and Panola Rd,,Sideswipe-Same Direction,2,Clear,Dry,Daylight
2021-05-12T16:10:00.000,I 20,I 20 and Panola Rd,,Sideswipe-Same Direction,2,Cloudy,Dry,Daylight