Date and Time,Roadway (From Crash Report),Intersection Name (from Crash Report),KABCO Severity,Manner of Collision (Crash Level) ,# of Vehicles per crash ,Weather Conditions (Crash Level),Surface Condition (Crash Level) ,Light Conditions (Crash Level)
2021-06-06T15:20:00.000,I 20,I 20 and Panola Rd,,Rear End,2,Clear,Dry,Daylight
2021-06-18T21:40:00.000,I 20,I 20 and Panola Rd,,Rear End,2,Clear,Dry,Dark-Not Lighted
2021-08-24T07:00:00.000,I 20,I 20 and Panola Rd,,Rear End,2,Clear,Dry,Daylight
2021-12-10T05:22:00.000,I 20,I 20 and Panola Rd,,Rear End,2,Rain,Wet,Dark-Not Lighted
2021-09-23T12:45:00.000,I 20,I 20 and Panola Rd,,Sideswipe-Same Direction,2,Clear,Dry,Daylight
2021-12-21T15:20:00.000,I 20,I 20 and Panola Rd,,Rear End,2,Clear,Wet,Daylight
2021-07-27T18:30:00.000,I 20,I 20 and Panola Rd,,Not a Collision with Motor Vehicle,1,Rain,Wet,Daylight
2021-08-02T00:25:00.000,I 20,I 20 and Panola Rd,,Sideswipe-Same Direction,2,Clear,Dry,Dark-Lighted
2021-08-06T15:38:00.000,I 20,I 20 and Panola Rd,,Rear End,2,Clear,Dry,Daylight
2021-07-23T21:10:00.000,I 20,I 20 and Panola Rd,,Rear End,2,Clear,Dry,Dark-Not Lighted
2021-07-01T15:29:00.000,I 20,I 20 and Panola Rd,,Rear End,2,Clear,Dry,Daylight
2021-08-07T16:30:00.000,I 20,I 20 and Panola Rd,,Rear End,2,Clear,Wet,Daylight
2021-10-25T08:44:00.000,I 20,I 20 and Panola Rd,,Rear End,2,Clear,Dry,Daylight
2021-08-03T17:15:00.000,I 20,I 20 and Panola Rd,,Rear End,2,Cloudy,Dry,Daylight
2021-10-23T11:28:00.000,I 20,I 20 and Panola Rd,,Sideswipe-Same Direction,2,Clear,Dry,Daylight
2021-10-27T11:57:00.000,I 20,I 20 and Panola Rd,,Rear End,2,Clear,Dry,Daylight
2021-11-30T20:00:00.000,I 20,I 20 and Panola Rd,,Rear End,2,Clear,Dry,Dark-Lighted
2021-11-23T10:32:00.000,I 20,I 20 and Panola Rd,,Rear End,2,Clear,Dry,Daylight
2021-10-03T00:00:00.000,I 20,I 20 and Panola Rd,,Not a Collision with Motor Vehicle,1,Cloudy,Dry,Daylight
2021-09-03T08:50:00.000,I 20,I 20 and Panola Rd,,Rear End,2,Clear,Dry,Daylight
2021-10-29T15:51:00.000,I 20,I 20 and Panola Rd,,Rear End,2,Cloudy,Wet,Daylight
2021-12-06T16:05:00.000,I 20,I 20 and Panola Rd,,Rear End,2,Rain,Wet,Daylight
2021-11-24T18:00:00.000,I 20,I 20 and Panola Rd,,Sideswipe-Same Direction,2,Clear,Dry,Dark-Not Lighted
2021-09-10T13:13:00.000,I 20,I 20 and Panola Rd,,Rear End,4,Clear,Dry,Daylight
2021-11-30T15:00:00.000,I 20,I 20 and Panola Rd,,Angle Crash,2,Clear,Dry,Daylight
2021-08-31T21:21:00.000,I 20,I 20 and Panola Rd,,Rear End,2,Clear,Dry,Dark-Not Lighted
2021-12-03T21:35:00.000,I 20,I 20 and Panola Rd,,Sideswipe-Same Direction,2,Clear,Dry,Dark-Not Lighted
2021-09-14T07:45:00.000,I 20,I 20 and Panola Rd,,Rear End,2,Clear,Dry,Daylight
2021-09-05T13:44:00.000,I 20,I 20 and Panola Rd,,Rear End,2,Clear,Dry,Daylight
2021-10-26T08:44:00.000,I 20,I 20 and Panola Rd,,Sideswipe-Same Direction,2,Clear,Dry,Daylight
2021-08-18T18:45:00.000,I 20,I 20 and Panola Rd,,Not a Collision with Motor Vehicle,1,Clear,Dry,Daylight
2021-09-28T08:35:00.000,I 20,I 20 and Panola Rd,,Rear End,2,Clear,Dry,Daylight
2021-08-03T18:56:00.000,I 20,I 20 and Panola Rd,,Sideswipe-Same Direction,2,Rain,Wet,Daylight
2021-11-03T09:44:00.000,I 20,I 20 and Panola Rd,,Rear End,2,Clear,Dry,Daylight
2021-12-21T10:31:00.000,I 20,I 20 and Panola Rd,,Sideswipe-Same Direction,2,Rain,Wet,Daylight
2021-07-21T07:06:00.000,I 20,I 20 and Panola Rd,,Rear End,2,Clear,Dry,Daylight
2021-08-30T16:24:00.000,I 20,I 20 and Panola Rd,,Rear End,2,Rain,Wet,Daylight
2021-09-03T23:19:00.000,I 20,I 20 and Panola Rd,,Sideswipe-Same Direction,2,Clear,Dry,Dark-Lighted
2021-03-31T16:13:00.000,I 20,I 20 and Panola Rd,,Rear End,2,Rain,Wet,Daylight
2021-02-26T00:00:00.000,I 20,I 20 and Panola Rd,,Rear End,2,Cloudy,Wet,Daylight
2021-04-13T11:00:00.000,I 20,I 20 and Panola Rd,,Rear End,2,Clear,Dry,Daylight
2021-05-14T14:35:00.000,I 20,I 20 and Panola Rd,,Rear End,2,Clear,Dry,Daylight
2021-06-01T16:00:00.000,I 20,I 20 and Panola Rd,,Rear End,2,Clear,Dry,Daylight
2021-06-12T21:17:00.000,I 20,I 20 and Panola Rd,,Sideswipe-Same Direction,2,Rain,Wet,Dark-Lighted
2021-02-19T16:55:00.000,I 20,I 20 and Panola Rd,,Rear End,3,Clear,Dry,Dark-Lighted
2021-06-18T14:00:00.000,I 20,I 20 and Panola Rd,,Rear End,2,Clear,Dry,Daylight
2021-05-28T09:45:00.000,I 20,I 20 and Panola Rd,,Rear End,2,Clear,Dry,Daylight
2021-04-01T10:50:00.000,I 20,I 20 and Panola Rd,,Rear End,2,Clear,Dry,Daylight
2021-01-17T00:30:00.000,I 20,I 20 and Panola Rd,,Angle Crash,2,Clear,Dry,Dark-Lighted
2021-05-20T09:10:00.000,I 20,I 20 and Panola Rd,,Rear End,2,Clear,Dry,Daylight
2021-06-26T15:45:00.000,I 20,I 20 and Panola Rd,,Sideswipe-Same Direction,2,Clear,Dry,Daylight
2021-04-02T12:20:00.000,I 20,I 20 and Panola Rd,,Angle Crash,2,Clear,Dry,Daylight
2021-02-03T20:27:00.000,I 20,I 20 and Panola Rd,,Rear End,3,Clear,Dry,Dark-Lighted
2021-02-05T12:30:00.000,I 20,I 20 and Panola Rd,,Sideswipe-Same Direction,2,Clear,Dry,Daylight
2021-06-01T17:00:00.000,I 20,I 20 and Panola Rd,,Rear End,2,Clear,Dry,Daylight
2021-03-18T10:45:00.000,I 20,I 20 and Panola Rd,,Rear End,2,Clear,Wet,Daylight
2021-05-10T00:00:00.000,I 20,I 20 and Panola Rd,,Sideswipe-Same Direction,2,Clear,Dry,Daylight
2021-04-21T09:45:00.000,I 20,I 20 and Panola Rd,,Rear End,2,Clear,Dry,Daylight
2021-03-18T10:30:00.000,I 20,I 20 and Panola Rd,,Rear End,2,Cloudy,Wet,Daylight
2021-05-28T16:50:00.000,I 20,I 20 and Panola Rd,,Rear End,2,Clear,Dry,Daylight
2021-06-18T09:40:00.000,I 20,I 20 and Panola Rd,,Rear End,2,Clear,Dry,Daylight
2021-06-17T09:05:00.000,I 20,I 20 and Panola Rd,,Rear End,2,Clear,Dry,Daylight
2021-01-08T16:56:00.000,I 20,I 20 and Panola Rd,,Sideswipe-Same Direction,2,Cloudy,Dry,Daylight
2021-01-22T14:32:00.000,I 20,I 20 and Panola Rd,,Rear End,2,Clear,Dry,Daylight
2021-02-22T18:50:00.000,I 20,I 20 and Panola Rd,,Not a Collision with Motor Vehicle,1,Clear,Dry,Dark-Not Lighted
2021-01-15T08:00:00.000,I 20,I 20 and Panola Rd,,Sideswipe-Same Direction,2,Clear,Dry,Daylight
2021-03-11T10:10:00.000,I 20,I 20 and Panola Rd,,Rear End,2,Clear,Dry,Daylight
2021-05-15T15:20:00.000,I 20,I 20 and Panola Rd,,Rear End,2,Clear,Dry,Daylight
2021-05-11T02:00:00.000,I 20,I 20 and Panola Rd,,Sideswipe-Same Direction,2,Clear,Dry,Dark-Not Lighted
2021-04-06T00:00:00.000,I 20,I 20 and Panola Rd,,Rear End,2,Clear,Dry,Daylight
2021-02-18T19:21:00.000,I 20,I 20 and Panola Rd,,Rear End,3,Rain,Wet,Dark-Lighted
2021-02-21T19:22:00.000,I 20,I 20 and Panola Rd,,Rear End,2,Clear,Dry,Dark-Lighted
2021-03-25T16:42:00.000,I 20,I 20 and Panola Rd,,Sideswipe-Same Direction,2,Clear,Dry,Daylight
2021-03-28T19:00:00.000,I 20,I 20 and Panola Rd,,Rear End,2,Clear,Dry,Daylight
2021-05-15T04:07:00.000,I 20,I 20 and Panola Rd,,Not a Collision with Motor Vehicle,2,Clear,Dry,Dark-Not Lighted
2021-04-26T15:20:00.000,I 20,I 20 and Panola Rd,,Rear End,2,Clear,Dry,Daylight
2021-05-29T03:39:00.000,I 20,I 20 and Panola Rd,,Rear End,2,Clear,Wet,Dark-Lighted
2021-05-25T20:50:00.000,I 20,I 20 and Panola Rd,,Sideswipe-Same Direction,2,Clear,Dry,Dark-Not Lighted
2021-06-13T18:23:00.000,I 20,I 20 and Panola Rd,,Rear End,2,Clear,Dry,Daylight
2021-05-20T14:10:00.000,I 20,I 20 and Panola Rd,,Angle Crash,2,Clear,Dry,Daylight
2021-02-23T22:40:00.000,I 20,I 20 and Panola Rd,,Rear End,2,Clear,Dry,Dark-Not Lighted
2021-06-01T17:00:00.000,I 20,I 20 and Panola Rd,,Rear End,2,Clear,Dry,Daylight
2021-03-03T07:55:00.000,I 20,I 20 and Panola Rd,,Rear End,2,Clear,Dry,Daylight
2021-06-01T17:40:00.000,I 20,I 20 and Panola Rd,,Rear End,2,Clear,Dry,Daylight
2021-04-04T00:00:00.000,I 20,I 20 and Panola Rd,,Rear End,2,Clear,Dry,Daylight
2021-02-26T18:06:00.000,I 20,I 20 and Panola Rd,,Rear End,3,Clear,Dry,Daylight
2021-05-25T17:43:00.000,I 20,I 20 and Panola Rd,,Rear End,2,Clear,Dry,Daylight
2021-03-04T17:33:00.000,I 20,I 20 and Panola Rd,,Rear End,2,Clear,Dry,Daylight
2021-02-11T19:34:00.000,I 20,I 20 and Panola Rd,,Sideswipe-Same Direction,2,Cloudy,Wet,Dark-Lighted
2021-04-17T12:41:00.000,I 20,I 20 and Panola Rd,,Rear End,3,Clear,Dry,Daylight
2021-05-27T11:30:00.000,I 20,I 20 and Panola Rd,,Angle Crash,3,Clear,Dry,Daylight
2021-04-14T08:20:00.000,I 20,I 20 and Panola Rd,,Rear End,2,Clear,Dry,Daylight
2021-05-27T12:45:00.000,I 20,I 20 and Panola Rd,,Sideswipe-Same Direction,2,Clear,Dry,Daylight
2021-06-01T15:34:00.000,I 20,I 20 and Panola Rd,,Rear End,3,Clear,Dry,Daylight
2021-04-29T14:40:00.000,I 20,I 20 and Panola Rd,,Rear End,2,Clear,Dry,Daylight
2021-04-07T00:00:00.000,I 20,I 20 and Panola Rd,,Rear End,3,Clear,Dry,Daylight
2021-06-23T11:20:00.000,I 20,I 20 and Panola Rd,,Sideswipe-Same Direction,2,Clear,Dry,Daylight
2021-01-19T09:00:00.000,I 20,I 20 and Panola Rd,,Rear End,2,Clear,Dry,Daylight
2021-03-31T17:00:00.000,I 20,I 20 and Panola Rd,,Rear End,2,Clear,Dry,Daylight
2021-03-16T15:35:00.000,I 20,I 20 and Panola Rd,,Rear End,2,Clear,Wet,Daylight
2021-01-15T17:21:00.000,I 20,I 20 and Panola Rd,,Angle Crash,2,Clear,Dry,Daylight
2021-03-16T11:35:00.000,I 20,I 20 and Panola Rd,,Angle Crash,3,Rain,Wet,Daylight
2021-03-14T14:20:00.000,I 20,I 20 and Panola Rd,,Rear End,2,Clear,Dry,Daylight
2021-06-21T22:40:00.000,I 20,I 20 and Panola Rd,,Sideswipe-Same Direction,2,Cloudy,Wet,Dark-Lighted
2021-05-17T08:37:00.000,I 20,I 20 and Panola Rd,,Sideswipe-Same Direction,2,Clear,Dry,Daylight
2021-02-05T15:45:00.000,I 20,I 20 and Panola Rd,,Rear End,2,Clear,Dry,Daylight
2021-04-27T17:55:00.000,I 20,I 20 and Panola Rd,,Sideswipe-Same Direction,2,Clear,Dry,Daylight
2021-05-15T09:28:00.000,I 20,I 20 and Panola Rd,,Not a Collision with Motor Vehicle,2,Clear,Dry,Daylight
2021-05-28T08:08:00.000,I 20,I 20 and Panola Rd,,Sideswipe-Same Direction,2,Clear,Dry,Daylight
2021-06-22T09:49:00.000,I 20,I 20 and Panola Rd,,Sideswipe-Same Direction,2,Cloudy,Wet,Daylight
2021-04-26T03:00:00.000,I 20,I 20 and Panola Rd,,Rear End,2,Clear,Dry,Dark-Not Lighted
2021-07-20T18:00:00.000,I 20,I 20 and Panola Rd,,Rear End,3,Rain,Wet,Daylight
2021-12-17T19:45:00.000,I 20,I 20 and Panola Rd,,Rear End,2,Other,Dry,Dusk
2021-09-15T17:40:00.000,I 20,I 20 and Panola Rd,,Rear End,2,Rain,Wet,Daylight
2021-07-13T15:30:00.000,I 20,I 20 and Panola Rd,,Not a Collision with Motor Vehicle,1,Clear,Dry,Daylight
2021-08-05T14:44:00.000,I 20,I 20 and Panola Rd,,Not a Collision with Motor Vehicle,1,Clear,Dry,Daylight
2021-09-20T10:25:00.000,I 20,I 20 and Panola Rd,,Rear End,4,Rain,Wet,Daylight
2021-07-29T08:20:00.000,I 20,I 20 and Panola Rd,,Rear End,3,Clear,Dry,Daylight
2021-11-29T08:00:00.000,I 20,I 20 and Panola Rd,,Rear End,2,Clear,Dry,Daylight
2021-08-17T13:50:00.000,I 20,I 20 and Panola Rd,,Not a Collision with Motor Vehicle,1,Rain,Wet,Daylight
2021-10-20T13:35:00.000,I 20,I 20 and Panola Rd,,Rear End,4,Clear,Dry,Daylight
2021-10-30T14:46:00.000,I 20,I 20 and Panola Rd,,Rear End,2,Rain,Wet,Daylight
2021-09-04T05:20:00.000,I 20,I 20 and Panola Rd,,Rear End,3,Clear,Dry,Dark-Not Lighted
2021-09-02T20:45:00.000,I 20,I 20 and Panola Rd,,Rear End,2,Clear,Dry,Dark-Not Lighted
2021-12-08T14:00:00.000,I 20,I 20 and Panola Rd,,Rear End,2,Clear,Dry,Daylight
2021-10-07T18:00:00.000,I 20,I 20 and Panola Rd,,Rear End,3,Cloudy,Dry,Daylight
2021-10-06T07:50:00.000,I 20,I 20 and Panola Rd,,Rear End,2,Rain,Wet,Daylight
2021-10-26T19:23:00.000,I 20,I 20 and Panola Rd,,Rear End,2,Clear,Dry,Dark-Lighted
2021-12-12T18:10:00.000,I 20,I 20 and Panola Rd,,Rear End,2,Clear,Dry,Dark-Not Lighted
2021-07-20T11:45:00.000,I 20,I 20 and Panola Rd,,Rear End,3,Cloudy,Dry,Daylight
2021-11-01T19:00:00.000,I 20,I 20 and Panola Rd,,Rear End,2,Clear,Dry,Daylight
2021-12-06T15:20:00.000,I 20,I 20 and Panola Rd,,Sideswipe-Same Direction,2,Clear,Wet,Daylight
2021-10-14T13:00:00.000,I 20,I 20 and Panola Rd,,Rear End,2,Clear,Dry,Daylight
2021-11-27T10:35:00.000,I 20,I 20 and Panola Rd,,Rear End,2,Clear,Dry,Daylight
2021-10-17T23:51:00.000,I 20,I 20 and Panola Rd,,Not a Collision with Motor Vehicle,1,Clear,Dry,Dark-Not Lighted
2021-11-02T09:24:00.000,I 20,I 20 and Panola Rd,,Rear End,2,Clear,Dry,Daylight
2021-07-12T11:50:00.000,I 20,I 20 and Panola Rd,,Rear End,2,Clear,Dry,Daylight
2021-11-15T19:21:00.000,I 20,I 20 and Panola Rd,,Angle Crash,3,Clear,Dry,Dark-Not Lighted
2021-08-01T15:30:00.000,I 20,I 20 and Panola Rd,,Rear End,2,Cloudy,Dry,Daylight
2021-08-20T00:00:00.000,I 20,I 20 and Panola Rd,,Rear End,2,Clear,Dry,Daylight
2021-09-14T15:40:00.000,I 20,I 20 and Panola Rd,,Sideswipe-Same Direction,2,Clear,Dry,Daylight
2021-12-22T16:54:00.000,I 20,I 20 and Panola Rd,,Rear End,2,Clear,Dry,Daylight
2021-12-04T11:30:00.000,I 20,I 20 and Panola Rd,,Rear End,2,Clear,Dry,Daylight
2021-11-09T15:00:00.000,I 20,I 20 and Panola Rd,,Sideswipe-Same Direction,2,Clear,Dry,Daylight
2021-07-05T02:36:00.000,I 20,I 20 and Panola Rd,,Rear End,3,Clear,Dry,Dark-Not Lighted
2021-07-13T17:45:00.000,I 20,I 20 and Panola Rd,,Rear End,2,Clear,Dry,Daylight
2021-06-19T14:15:00.000,I 20,I 20 and Panola Rd,,Rear End,2,Rain,Wet,Daylight
2021-05-28T08:58:00.000,I 20,I 20 and Panola Rd,,Rear End,2,Clear,Dry,Daylight
2021-01-30T19:35:00.000,I 20,I 20 and Panola Rd,,Sideswipe-Same Direction,2,Clear,Dry,Dark-Lighted
2021-11-23T14:00:00.000,I 20,I 20 and Panola Rd,,Rear End,2,Clear,Dry,Daylight
2021-11-28T12:45:00.000,I 20,I 20 and Panola Rd,,Rear End,2,Cloudy,Dry,Daylight
2021-10-06T11:00:00.000,I 20,I 20 and Panola Rd,,Rear End,2,Cloudy,Wet,Daylight
2021-08-27T04:28:00.000,I 20,I 20 and Panola Rd,,Rear End,2,Clear,Dry,Dark-Not Lighted
2021-09-23T09:20:00.000,I 20,I 20 and Panola Rd,,Rear End,2,Clear,Dry,Daylight
2021-07-07T14:30:00.000,I 20,I 20 and Panola Rd,,Rear End,2,Clear,Dry,Daylight
2021-11-02T12:59:00.000,I 20,I 20 and Panola Rd,,Rear End,2,Clear,Dry,Daylight
2021-07-23T10:30:00.000,I 20,I 20 and Panola Rd,,Rear End,4,Clear,Dry,Daylight
2021-08-03T11:55:00.000,I 20,I 20 and Panola Rd,,Rear End,2,Cloudy,Dry,Daylight
2021-08-16T15:19:00.000,I 20,I 20 and Panola Rd,,Rear End,2,Cloudy,Wet,Daylight
2021-10-07T05:55:00.000,I 20,I 20 and Panola Rd,,Sideswipe-Same Direction,2,Clear,Dry,Dark-Not Lighted
2021-12-28T14:45:00.000,I 20,I 20 and Panola Rd,,Sideswipe-Same Direction,2,Clear,Dry,Daylight
2021-09-15T17:30:00.000,I 20,I 20 and Panola Rd,,Angle Crash,2,Clear,Dry,Daylight
2021-08-05T19:21:00.000,I 20,I 20 and Panola Rd,,Rear End,2,Clear,Dry,Daylight
2021-07-19T13:56:00.000,I 20,I 20 and Panola Rd,,Rear End,2,Clear,Dry,Daylight
2021-12-29T20:05:00.000,I 20,I 20 and Panola Rd,,Rear End,2,Cloudy,Dry,Dark-Lighted
2021-10-20T19:29:00.000,I 20,I 20 and Panola Rd,,Angle Crash,2,Clear,Dry,Dark-Not Lighted
2021-11-23T16:20:00.000,I 20,I 20 and Panola Rd,,Sideswipe-Same Direction,2,Clear,Dry,Daylight
2021-08-04T11:40:00.000,I 20,I 20 and Panola Rd,,Rear End,2,Clear,Dry,Daylight
2021-09-24T07:55:00.000,I 20,I 20 and Panola Rd,,Rear End,2,Clear,Dry,Daylight
2021-07-24T19:00:00.000,I 20,I 20 and Panola Rd,,Sideswipe-Same Direction,2,Clear,Dry,Daylight
2021-12-18T18:23:00.000,I 20,I 20 and Panola Rd,,Rear End,2,Rain,Wet,Dark-Lighted
2021-11-16T16:45:00.000,I 20,I 20 and Panola Rd,,Rear End,2,Clear,Dry,Daylight
2021-11-25T08:50:00.000,I 20,I 20 and Panola Rd,,Rear End,2,Clear,Dry,Daylight
2021-08-10T14:50:00.000,I 20,I 20 and Panola Rd,,Rear End,2,Clear,Dry,Daylight
2021-11-20T20:15:00.000,I 20,I 20 and Panola Rd,,Rear End,2,Clear,Dry,Dark-Lighted
2021-08-05T12:10:00.000,I 20,I 20 and Panola Rd,,Not a Collision with Motor Vehicle,2,Clear,Dry,Daylight
2021-12-03T14:40:00.000,I 20,I 20 and Panola Rd,,Angle Crash,2,Clear,Dry,Daylight
2021-09-03T11:27:00.000,I 20,I 20 and Panola Rd,,Angle Crash,2,Clear,Dry,Daylight
2021-11-17T10:30:00.000,I 20,I 20 and Panola Rd,,Not a Collision with Motor Vehicle,1,Clear,Dry,Daylight
2021-11-19T17:41:00.000,I 20,I 20 and Panola Rd,,Rear End,2,Clear,Dry,Dark-Lighted
2021-10-21T20:02:00.000,I 20,I 20 and Panola Rd,,Sideswipe-Same Direction,2,Clear,Dry,Dark-Lighted
2021-05-25T17:57:00.000,I 20,I 20 and Panola Rd,,Angle Crash,2,Clear,Dry,Daylight
2021-04-29T17:28:00.000,I 20,I 20 and Panola Rd,,Rear End,2,Clear,Dry,Daylight
2021-06-29T16:40:00.000,I 20,I 20 and Panola Rd,,Rear End,2,Clear,Dry,Daylight
2021-06-08T23:30:00.000,I 20,I 20 and Panola Rd,,Rear End,4,Cloudy,Wet,Dark-Not Lighted
2021-06-02T11:45:00.000,I 20,I 20 and Panola Rd,,Rear End,2,Clear,Dry,Daylight
2021-04-10T18:22:00.000,I 20,I 20 and Panola Rd,,Rear End,2,Clear,Dry,Daylight
2021-05-21T20:30:00.000,I 20,I 20 and Panola Rd,,Rear End,2,Clear,Dry,Dawn
2021-06-25T15:30:00.000,I 20,I 20 and Panola Rd,,Sideswipe-Same Direction,2,Clear,Dry,Daylight
2021-04-01T05:15:00.000,I 20,I 20 and Panola Rd,,Sideswipe-Same Direction,2,Clear,Dry,Dark-Not Lighted
2021-02-11T15:31:00.000,I 20,I 20 and Panola Rd,,Rear End,2,Cloudy,Wet,Daylight
2021-06-01T15:40:00.000,I 20,I 20 and Panola Rd,,Rear End,2,Clear,Dry,Daylight
2021-06-08T22:35:00.000,I 20,I 20 and Panola Rd,,Sideswipe-Same Direction,3,Cloudy,Wet,Dark-Lighted
2021-01-05T00:00:00.000,I 20,I 20 and Panola Rd,,Sideswipe-Same Direction,2,Clear,Dry,Dark-Not Lighted
2021-04-22T18:00:00.000,I 20,I 20 and Panola Rd,,Rear End,2,Clear,Dry,Daylight
2021-02-21T09:45:00.000,I 20,I 20 and Panola Rd,,Sideswipe-Same Direction,2,Clear,Dry,Daylight
2021-03-15T17:20:00.000,I 20,I 20 and Panola Rd,,Rear End,2,Clear,Dry,Daylight
2021-03-25T07:34:00.000,I 20,I 20 and Panola Rd,,Rear End,2,Rain,Wet,Dark-Lighted
2021-06-02T15:23:00.000,I 20,I 20 and Panola Rd,,Sideswipe-Same Direction,2,Clear,Dry,Daylight
2021-05-26T07:20:00.000,I 20,I 20 and Panola Rd,,Rear End,2,Clear,Dry,Daylight
2021-06-15T18:50:00.000,I 20,I 20 and Panola Rd,,Rear End,2,Clear,Dry,Daylight
2021-02-07T12:00:00.000,I 20,I 20 and Panola Rd,,Rear End,2,Clear,Dry,Daylight
2021-06-01T16:50:00.000,I 20,I 20 and Panola Rd,,Rear End,2,Clear,Dry,Daylight
2021-02-03T08:25:00.000,I 20,I 20 and Panola Rd,,Rear End,2,Clear,Dry,Daylight
2021-01-10T01:20:00.000,I 20,I 20 and Panola Rd,,Sideswipe-Same Direction,2,Cloudy,Dry,Dark-Not Lighted
2021-03-03T08:27:00.000,I 20,I 20 and Panola Rd,,Rear End,2,Clear,Dry,Daylight
2021-02-06T20:20:00.000,I 20,I 20 and Panola Rd,,Sideswipe-Same Direction,2,Rain,Wet,Dark-Not Lighted
2021-06-08T15:00:00.000,I 20,I 20 and Panola Rd,,Not a Collision with Motor Vehicle,1,Cloudy,Dry,Dark-Lighted
2021-06-24T16:00:00.000,I 20,I 20 and Panola Rd,,Sideswipe-Same Direction,2,Clear,Dry,Daylight
2021-03-06T15:20:00.000,I 20,I 20 and Panola Rd,,Not a Collision with Motor Vehicle,1,Clear,Dry,Daylight
2021-05-17T08:15:00.000,I 20,I 20 and Panola Rd,,Sideswipe-Same Direction,2,Clear,Dry,Daylight
2021-05-14T17:57:00.000,I 20,I 20 and Panola Rd,,Sideswipe-Same Direction,2,Clear,Dry,Daylight
2021-06-21T14:48:00.000,I 20,I 20 and Panola Rd,,Rear End,2,Clear,Dry,Daylight
2021-01-15T15:30:00.000,I 20,I 20 and Panola Rd,,Angle Crash,2,Clear,Dry,Daylight
2021-03-30T15:35:00.000,I 20,I 20 and Panola Rd,,Rear End,3,Clear,Dry,Daylight
2021-07-17T10:32:00.000,I 20,I 20 and Panola Rd,,Sideswipe-Same Direction,2,Clear,Dry,Daylight
2021-10-22T08:55:00.000,I 20,I 20 and Panola Rd,,Rear End,4,Clear,Dry,Daylight
2021-07-07T16:25:00.000,I 20,I 20 and Panola Rd,,Rear End,3,Clear,Dry,Daylight
2021-09-02T08:00:00.000,I 20,I 20 and Panola Rd,,Rear End,2,Clear,Dry,Daylight
2021-11-18T07:15:00.000,I 20,I 20 and Panola Rd,,Rear End,2,Clear,Dry,Daylight
2021-08-22T01:42:00.000,I 20,I 20 and Panola Rd,,Rear End,3,Clear,Dry,Dark-Lighted
2021-07-07T17:30:00.000,I 20,I 20 and Panola Rd,,Rear End,2,Clear,Dry,Daylight
2021-12-10T13:39:00.000,I 20,I 20 and Panola Rd,,Rear End,2,Fog,Dry,Daylight
2021-12-25T16:31:00.000,I 20,I 20 and Panola Rd,,Angle Crash,2,Cloudy,Dry,Daylight
2021-09-04T04:34:00.000,I 20,I 20 and Panola Rd,,Rear End,2,Clear,Dry,Dark-Lighted
2021-10-01T18:45:00.000,I 20,I 20 and Panola Rd,,Rear End,2,Clear,Dry,Daylight
2021-11-27T14:50:00.000,I 20,I 20 and Panola Rd,,Rear End,2,Clear,Dry,Daylight
2021-12-18T14:45:00.000,I 20,I 20 and Panola Rd,,Rear End,2,Cloudy,Wet,Daylight
2021-09-12T21:20:00.000,I 20,I 20 and Panola Rd,,Rear End,2,Clear,Dry,Dark-Lighted
2021-08-08T14:47:00.000,I 20,I 20 and Panola Rd,,Rear End,2,Clear,Dry,Daylight
2021-07-13T10:30:00.000,I 20,I 20 and Panola Rd,,Sideswipe-Same Direction,2,Clear,Dry,Daylight
2021-08-23T06:50:00.000,I 20,I 20 and Panola Rd,,Rear End,2,Fog,Dry,Dark-Not Lighted
2021-12-19T15:08:00.000,I 20,I 20 and Panola Rd,,Rear End,2,Clear,Dry,Daylight
2021-10-26T22:13:00.000,I 20,I 20 and Panola Rd,,Not a Collision with Motor Vehicle,1,Clear,Dry,Dark-Not Lighted
2021-09-04T14:30:00.000,I 20,I 20 and Panola Rd,,Angle Crash,2,Clear,Dry,Daylight
2021-07-26T21:40:00.000,I 20,I 20 and Panola Rd,,Angle Crash,2,Clear,Dry,Dark-Not Lighted
2021-08-20T08:29:00.000,I 20,I 20 and Panola Rd,,Not a Collision with Motor Vehicle,1,Clear,Dry,Daylight
2021-07-24T07:20:00.000,I 20,I 20 and Panola Rd,,Rear End,2,Clear,Dry,Daylight
2021-12-06T18:28:00.000,I 20,I 20 and Panola Rd,,Rear End,2,Cloudy,Wet,Dark-Not Lighted
2021-09-16T15:20:00.000,I 20,I 20 and Panola Rd,,Sideswipe-Same Direction,2,Rain,Wet,Daylight
2021-08-08T06:30:00.000,I 20,I 20 and Panola Rd,,Not a Collision with Motor Vehicle,1,Clear,Dry,Daylight
2021-09-17T19:00:00.000,I 20,I 20 and Panola Rd,,Rear End,2,Clear,Dry,Daylight
2021-07-09T18:03:00.000,I 20,I 20 and Panola Rd,,Rear End,3,Clear,Wet,Daylight
2021-12-28T17:00:00.000,I 20,I 20 and Panola Rd,,Sideswipe-Same Direction,2,Clear,Dry,Daylight
2021-11-24T18:00:00.000,I 20,I 20 and Panola Rd,,Angle Crash,2,Clear,Dry,Dark-Lighted
2021-11-21T13:52:00.000,I 20,I 20 and Panola Rd,,Rear End,5,Clear,Dry,Daylight
2021-07-20T08:40:00.000,I 20,I 20 and Panola Rd,,Sideswipe-Same Direction,2,Rain,Wet,Daylight
2021-07-02T11:24:00.000,I 20,I 20 and Panola Rd,,Rear End,2,Clear,Wet,Daylight
2021-12-29T23:40:00.000,I 20,I 20 and Panola Rd,,Rear End,2,Clear,Wet,Dark-Not Lighted
2021-11-21T08:15:00.000,I 20,I 20 and Panola Rd,,Sideswipe-Same Direction,3,Clear,Dry,Daylight
2021-09-16T16:36:00.000,I 20,I 20 and Panola Rd,,Sideswipe-Same Direction,2,Rain,Wet,Daylight