Date and Time,Roadway (From Crash Report),Intersection Name (from Crash Report),KABCO Severity,Manner of Collision (Crash Level) ,# of Vehicles per crash ,Weather Conditions (Crash Level),Surface Condition (Crash Level) ,Light Conditions (Crash Level)
2021-12-13T19:00:00.000,I 20,I 20 and Panola Rd,,Sideswipe-Same Direction,2,Clear,Dry,Dark-Lighted
2021-08-24T08:18:00.000,I 20,I 20 and Panola Rd,,Rear End,2,Clear,Dry,Daylight
2021-07-25T19:00:00.000,I 20,I 20 and Panola Rd,,Angle Crash,5,Cloudy,Wet,Daylight
2021-02-18T07:35:00.000,I 20,I 20 and Panola Rd,,Rear End,2,Rain,Wet,Dark-Lighted
2021-05-08T11:55:00.000,I 20,I 20 and Panola Rd,,Not a Collision with Motor Vehicle,1,Clear,Dry,Daylight
2021-03-03T16:33:00.000,I 20,I 20 and Panola Rd,,Rear End,2,Clear,Dry,Daylight
2021-03-01T13:43:00.000,I 20,I 20 and Panola Rd,,Not a Collision with Motor Vehicle,2,Clear,Dry,Daylight
2021-05-25T00:42:00.000,I 20,I 20 and Panola Rd,,Rear End,2,Clear,Dry,Dark-Lighted
2021-06-17T21:25:00.000,I 20,I 20 and Panola Rd,,Rear End,2,Clear,Dry,Daylight
2021-01-05T21:31:00.000,I 20,I 20 and Panola Rd,,Rear End,2,Clear,Dry,Dark-Lighted
2021-03-14T17:51:00.000,I 20,I 20 and Panola Rd,,Rear End,2,Clear,Dry,Daylight
2021-01-30T20:40:00.000,I 20,I 20 and Panola Rd,,Sideswipe-Same Direction,2,Clear,Dry,Dark-Not Lighted
2021-03-05T04:55:00.000,I 20,I 20 and Panola Rd,,Rear End,2,Clear,Dry,Dark-Lighted
2021-04-13T17:30:00.000,I 20,I 20 and Panola Rd,,Angle Crash,2,Clear,Dry,Daylight
2021-05-12T16:10:00.000,I 20,I 20 and Panola Rd,,Rear End,2,Rain,Wet,Daylight
2021-04-02T19:15:00.000,I 20,I 20 and Panola Rd,,Rear End,2,Clear,Dry,Daylight
2021-05-16T19:17:00.000,I 20,I 20 and Panola Rd,,Rear End,2,Clear,Dry,Daylight
2021-02-18T04:43:00.000,I 20,I 20 and Panola Rd,,Rear End,2,Rain,Wet,Dark-Not Lighted
2021-03-10T16:00:00.000,I 20,I 20 and Panola Rd,,Rear End,3,Clear,Dry,Daylight
2021-06-13T23:18:00.000,I 20,I 20 and Panola Rd,,Not a Collision with Motor Vehicle,1,Clear,Dry,Dark-Not Lighted
2021-01-13T17:30:00.000,I 20,I 20 and Panola Rd,,Angle Crash,2,Clear,Dry,Dark-Lighted
2021-04-06T15:33:00.000,I 20,I 20 and Panola Rd,,Sideswipe-Same Direction,2,Clear,Dry,Daylight
2021-01-01T05:56:00.000,I 20,I 20 and Panola Rd,,Rear End,2,Clear,Wet,Dark-Lighted
2021-04-01T09:15:00.000,I 20,I 20 and Panola Rd,,Sideswipe-Same Direction,2,Clear,Dry,Daylight
2021-02-23T00:00:00.000,I 20,I 20 and Panola Rd,,Sideswipe-Same Direction,2,Clear,Dry,Dark-Not Lighted
2021-01-01T05:25:00.000,I 20,I 20 and Panola Rd,,Not a Collision with Motor Vehicle,2,Clear,Wet,Dark-Lighted
2021-04-29T07:00:00.000,I 20,I 20 and Panola Rd,,Rear End,2,Clear,Dry,Daylight
2021-06-03T13:45:00.000,I 20,I 20 and Panola Rd,,Rear End,4,Clear,Dry,Daylight
2021-05-16T16:15:00.000,I 20,I 20 and Panola Rd,,Rear End,2,Clear,Dry,Daylight
2021-04-28T16:20:00.000,I 20,I 20 and Panola Rd,,Rear End,2,Clear,Dry,Daylight
2021-05-21T09:30:00.000,I 20,I 20 and Panola Rd,,Rear End,2,Clear,Dry,Daylight
2021-06-29T19:00:00.000,I 20,I 20 and Panola Rd,,Rear End,2,Clear,Dry,Daylight
2021-05-17T12:30:00.000,I 20,I 20 and Panola Rd,,Sideswipe-Same Direction,2,Clear,Dry,Daylight
2021-06-30T19:20:00.000,I 20,I 20 and Panola Rd,,Angle Crash,2,Clear,Dry,Daylight
2021-02-24T18:09:00.000,I 20,I 20 and Panola Rd,,Rear End,2,Clear,Dry,Daylight
2021-03-23T13:30:00.000,I 20,I 20 and Panola Rd,,Rear End,2,Clear,Dry,Daylight
2020-09-16T18:16:00.000,I 20,I 20 and Panola Rd,,Rear End,2,Rain,Wet,Daylight
2020-05-21T17:50:00.000,I 20,I 20 and Panola Rd,,Sideswipe-Same Direction,2,Clear,Dry,Daylight
2020-12-01T17:30:00.000,I 20,I 20 and Panola Rd,,Rear End,3,Clear,Dry,Daylight
2020-11-08T13:40:00.000,I 20,I 20 and Panola Rd,,Rear End,2,Clear,Dry,Daylight
2020-03-15T19:15:00.000,I 20,I 20 and Panola Rd,,Rear End,2,Clear,Dry,Daylight
2020-03-07T13:23:00.000,I 20,I 20 and Panola Rd,,Rear End,2,Clear,Dry,Daylight
2020-11-24T11:15:00.000,I 20,I 20 and Panola Rd,,Rear End,2,Clear,Dry,Daylight
2020-10-26T17:55:00.000,I 20,I 20 and Panola Rd,,Rear End,2,Clear,Dry,Daylight
2020-01-28T09:35:00.000,I 20,I 20 and Panola Rd,,Sideswipe-Same Direction,2,Clear,Dry,Daylight
2020-09-09T17:40:00.000,I 20,I 20 and Panola Rd,,Rear End,2,Clear,Dry,Daylight
2020-02-21T13:00:00.000,I 20,I 20 and Panola Rd,,Not a Collision with Motor Vehicle,2,Clear,Dry,Daylight
2020-02-26T07:49:00.000,I 20,I 20 and Panola Rd,,Angle Crash,2,Clear,Dry,Daylight
2020-04-20T09:14:00.000,I 20,I 20 and Panola Rd,,Not a Collision with Motor Vehicle,1,Cloudy,Wet,Daylight
2020-05-28T14:00:00.000,I 20,I 20 and Panola Rd,,Sideswipe-Same Direction,2,Clear,Dry,Daylight
2020-05-08T21:24:00.000,I 20,I 20 and Panola Rd,,Sideswipe-Same Direction,2,Rain,Wet,Dark-Not Lighted
2020-04-16T05:26:00.000,I 20,I 20 and Panola Rd,,Rear End,2,Clear,Dry,Dark-Not Lighted
2020-07-30T16:10:00.000,I 20,I 20 and Panola Rd,,Sideswipe-Same Direction,2,Clear,Dry,Daylight
2020-06-04T14:13:00.000,I 20,I 20 and Panola Rd,,Sideswipe-Same Direction,2,Clear,Dry,Daylight
2020-09-22T10:25:00.000,I 20,I 20 and Panola Rd,,Sideswipe-Same Direction,2,Clear,Dry,Daylight
2020-09-07T06:40:00.000,I 20,I 20 and Panola Rd,,Rear End,2,Clear,Dry,Daylight
2020-09-17T19:00:00.000,I 20,I 20 and Panola Rd,,Angle Crash,2,Rain,Wet,Daylight
2020-12-23T13:30:00.000,I 20,I 20 and Panola Rd,,Rear End,2,Clear,Dry,Daylight
2020-08-19T14:25:00.000,I 20,I 20 and Panola Rd,,Rear End,2,Clear,Dry,Daylight
2020-03-15T22:15:00.000,I 20,I 20 and Panola Rd,,Not a Collision with Motor Vehicle,1,Clear,Dry,Dark-Not Lighted
2020-02-09T01:00:00.000,I 20,I 20 and Panola Rd,,Sideswipe-Same Direction,2,Fog,Wet,Dark-Not Lighted
2023-02-13T07:30:00.000,I 20,I 20 and Panola Rd,,Rear End,4,Clear,Dry,Daylight
2023-06-30T18:20:00.000,I 20,I 20 and Panola Rd,,Rear End,3,Clear,Dry,Daylight
2023-07-07T17:30:00.000,I 20,I 20 and Panola Rd,,Rear End,2,Rain,Wet,Daylight
2023-01-17T16:30:00.000,I 20,I 20 and Panola Rd,,Rear End,2,Clear,Dry,Daylight
2023-08-28T16:08:00.000,I 20,I 20 and Panola Rd,,Rear End,2,Cloudy,Dry,Daylight
2023-03-15T17:30:00.000,I 20,I 20 and Panola Rd,,Rear End,2,Clear,Dry,Daylight
2023-05-20T19:30:00.000,I 20,I 20 and Panola Rd,,Rear End,2,Clear,Dry,Daylight
2023-02-03T23:45:00.000,I 20,I 20 and Panola Rd,,Sideswipe-Same Direction,2,Clear,Dry,Dark-Lighted
2023-12-29T22:30:00.000,I 20,I 20 and Panola Rd,,Rear End,2,Clear,Dry,Dark-Not Lighted
2023-05-19T09:30:00.000,I 20,I 20 and Panola Rd,,Rear End,2,Cloudy,Dry,Daylight
2023-03-01T08:23:00.000,I 20,I 20 and Panola Rd,,Sideswipe-Same Direction,2,Cloudy,Dry,Daylight
2023-04-13T16:20:00.000,I 20,I 20 and Panola Rd,,Rear End,2,Rain,Wet,Daylight
2023-03-16T14:30:00.000,I 20,I 20 and Panola Rd,,Angle Crash,2,Clear,Dry,Daylight
2023-03-05T17:24:00.000,I 20,I 20 and Panola Rd,,Rear End,2,Clear,Dry,Daylight
2023-10-21T02:30:00.000,I 20,I 20 and Panola Rd,,Rear End,2,Clear,Dry,Dark-Not Lighted
2023-10-10T09:20:00.000,I 20,I 20 and Panola Rd,,Rear End,2,Clear,Dry,Daylight
2023-03-17T09:35:00.000,I 20,I 20 and Panola Rd,,Rear End,2,Rain,Wet,Daylight
2023-08-02T10:16:00.000,I 20,I 20 and Panola Rd,,Rear End,3,Clear,Dry,Daylight
2023-05-28T18:00:00.000,I 20,I 20 and Panola Rd,,Rear End,2,Clear,Dry,Dawn
2023-10-25T18:30:00.000,I 20,I 20 and Panola Rd,,Sideswipe-Same Direction,2,Clear,Dry,Daylight
2023-01-26T21:36:00.000,I 20,I 20 and Panola Rd,,Angle Crash,2,Clear,Dry,Dark-Not Lighted
2023-02-25T16:00:00.000,I 20,I 20 and Panola Rd,,Rear End,2,Clear,Dry,Daylight
2023-03-11T18:35:00.000,I 20,I 20 and Panola Rd,,Rear End,2,Clear,Dry,Dark-Not Lighted
2023-10-14T03:11:00.000,I 20,I 20 and Panola Rd,,Rear End,2,Cloudy,Wet,Dark-Not Lighted
2023-07-31T19:27:00.000,I 20,I 20 and Panola Rd,,Rear End,2,Clear,Dry,Dark-Lighted
2023-01-09T18:30:00.000,I 20,I 20 and Panola Rd,,Rear End,2,Clear,Dry,Dusk
2023-06-12T06:27:00.000,I 20,I 20 and Panola Rd,,Rear End,3,Cloudy,Wet,Dark-Not Lighted
2023-08-29T05:35:00.000,I 20,I 20 and Panola Rd,,Sideswipe-Same Direction,2,Clear,Dry,Dark-Lighted
2023-05-10T04:50:00.000,I 20,I 20 and Panola Rd,,Rear End,2,Clear,Dry,Dark-Not Lighted
2023-01-07T17:20:00.000,I 20,I 20 and Panola Rd,,Angle Crash,3,Clear,Dry,Dark-Not Lighted
2023-08-12T17:25:00.000,I 20,I 20 and Panola Rd,,Rear End,2,Rain,Wet,Daylight
2023-08-11T08:48:00.000,I 20,I 20 and Panola Rd,,Rear End,2,Cloudy,Wet,Daylight
2023-09-11T22:37:00.000,I 20,I 20 and Panola Rd,,Sideswipe-Same Direction,2,Clear,Dry,Dark-Not Lighted
2023-10-24T17:02:00.000,I 20,I 20 and Panola Rd,,Rear End,2,Clear,Dry,Daylight
2023-06-10T13:00:00.000,I 20,I 20 and Panola Rd,,Rear End,2,Clear,Dry,Daylight
2023-04-17T00:48:00.000,I 20,I 20 and Panola Rd,,Not a Collision with Motor Vehicle,1,Clear,Dry,Daylight
2023-02-20T14:45:00.000,I 20,I 20 and Panola Rd,,Rear End,2,Clear,Dry,Daylight
2023-04-13T08:30:00.000,I 20,I 20 and Panola Rd,,Sideswipe-Same Direction,2,Clear,Dry,Daylight
2023-11-02T08:43:00.000,I 20,I 20 and Panola Rd,,Rear End,2,Clear,Dry,Daylight
2023-08-18T12:10:00.000,I 20,I 20 and Panola Rd,,Rear End,2,Clear,Dry,Daylight
2023-01-19T20:25:00.000,I 20,I 20 and Panola Rd,,Rear End,2,Clear,Dry,Dark-Lighted
2023-09-12T07:30:00.000,I 20,I 20 and Panola Rd,,Sideswipe-Same Direction,2,Clear,Dry,Daylight
2023-02-10T15:50:00.000,I 20,I 20 and Panola Rd,,Angle Crash,2,Clear,Dry,Daylight
2023-07-23T19:00:00.000,I 20,I 20 and Panola Rd,,Sideswipe-Same Direction,2,Clear,Dry,Daylight
2023-12-14T03:00:00.000,I 20,I 20 and Panola Rd,,Rear End,2,Clear,Dry,Dark-Not Lighted
2023-06-13T18:42:00.000,I 20,I 20 and Panola Rd,,Rear End,2,Clear,Dry,Daylight
2023-01-11T09:20:00.000,I 20,I 20 and Panola Rd,,Rear End,2,Cloudy,Dry,Daylight
2023-08-22T17:20:00.000,I 20,I 20 and Panola Rd,,Rear End,2,Clear,Dry,Daylight
2023-01-17T09:35:00.000,I 20,I 20 and Panola Rd,,Rear End,2,Cloudy,Wet,Daylight
2023-04-29T17:30:00.000,I 20,I 20 and Panola Rd,,Sideswipe-Same Direction,2,Clear,Dry,Daylight
2023-10-07T07:35:00.000,I 20,I 20 and Panola Rd,,Not a Collision with Motor Vehicle,1,Clear,Dry,Daylight
2023-05-06T20:38:00.000,I 20,I 20 and Panola Rd,,Rear End,2,Clear,Dry,Daylight
2023-10-20T13:59:00.000,I 20,I 20 and Panola Rd,,Rear End,2,Clear,Dry,Daylight
2023-03-16T10:48:00.000,I 20,I 20 and Panola Rd,,Rear End,2,Clear,Dry,Daylight
2023-07-09T13:00:00.000,I 20,I 20 and Panola Rd,,Rear End,2,Clear,Dry,Daylight
2023-04-15T11:26:00.000,I 20,I 20 and Panola Rd,,Rear End,2,Clear,Dry,Daylight
2023-05-09T07:15:00.000,I 20,I 20 and Panola Rd,,Rear End,2,Clear,Dry,Daylight
2023-02-25T16:34:00.000,I 20,I 20 and Panola Rd,,Rear End,2,Cloudy,Dry,Daylight
2023-02-01T19:34:00.000,I 20,I 20 and Panola Rd,,Sideswipe-Same Direction,2,Clear,Dry,Dark-Lighted
2023-12-26T06:40:00.000,I 20,I 20 and Panola Rd,,Sideswipe-Same Direction,2,Rain,Wet,Dark-Not Lighted
2023-10-15T11:50:00.000,I 20,I 20 and Panola Rd,,Rear End,2,Clear,Dry,Daylight
2023-07-14T18:46:00.000,I 20,I 20 and Panola Rd,,Angle Crash,2,Clear,Dry,Dusk
2023-04-14T14:50:00.000,I 20,I 20 and Panola Rd,,Rear End,2,Rain,Wet,Daylight
2023-02-28T15:00:00.000,I 20,I 20 and Panola Rd,,Rear End,2,Clear,Dry,Daylight
2023-12-05T23:35:00.000,I 20,I 20 and Panola Rd,,Sideswipe-Same Direction,2,Clear,Dry,Dark-Not Lighted
2023-08-31T18:00:00.000,I 20,I 20 and Panola Rd,,Rear End,2,Clear,Dry,Daylight
2023-03-14T16:00:00.000,I 20,I 20 and Panola Rd,,Rear End,3,Clear,Dry,Daylight
2023-09-25T16:54:00.000,I 20,I 20 and Panola Rd,,Angle Crash,2,Clear,Dry,Daylight
2023-03-08T06:50:00.000,I 20,I 20 and Panola Rd,,Sideswipe-Same Direction,2,Clear,Dry,Daylight
2023-01-16T13:23:00.000,I 20,I 20 and Panola Rd,,Rear End,2,Clear,Dry,Daylight
2023-09-22T08:19:00.000,I 20,I 20 and Panola Rd,,Rear End,3,Clear,Dry,Daylight
2023-06-06T06:34:00.000,I 20,I 20 and Panola Rd,,Rear End,2,Clear,Dry,Daylight
2023-03-06T17:45:00.000,I 20,I 20 and Panola Rd,,Rear End,2,Clear,Dry,Daylight
2023-08-11T11:40:00.000,I 20,I 20 and Panola Rd,,Rear End,2,Clear,Dry,Daylight
2023-06-22T10:30:00.000,I 20,I 20 and Panola Rd,,Rear End,2,Clear,Dry,Daylight
2023-08-23T17:40:00.000,I 20,I 20 and Panola Rd,,Angle Crash,2,Clear,Dry,Daylight
2023-12-05T15:45:00.000,I 20,I 20 and Panola Rd,,Sideswipe-Same Direction,2,Clear,Dry,Daylight
2023-05-31T06:11:00.000,I 20,I 20 and Panola Rd,,Rear End,2,Clear,Dry,Daylight
2023-06-15T06:00:00.000,I 20,I 20 and Panola Rd,,Rear End,2,Cloudy,Wet,Dark-Not Lighted
2023-10-04T10:26:00.000,I 20,I 20 and Panola Rd,,Rear End,2,Clear,Dry,Daylight
2023-10-31T18:50:00.000,I 20,I 20 and Panola Rd,,Sideswipe-Same Direction,2,Clear,Dry,Daylight
2023-07-20T17:00:00.000,I 20,I 20 and Panola Rd,,Rear End,3,Clear,Dry,Daylight
2023-07-19T11:09:00.000,I 20,I 20 and Panola Rd,,Rear End,2,Clear,Dry,Daylight
2023-06-02T23:50:00.000,I 20,I 20 and Panola Rd,,Rear End,2,Clear,Dry,Dark-Not Lighted
2023-08-04T11:15:00.000,I 20,I 20 and Panola Rd,,Rear End,2,Clear,Dry,Daylight
2023-07-18T23:25:00.000,I 20,I 20 and Panola Rd,,Sideswipe-Same Direction,2,Clear,Dry,Dark-Not Lighted
2023-06-17T16:00:00.000,I 20,I 20 and Panola Rd,,Rear End,2,Clear,Dry,Daylight
2023-06-02T22:28:00.000,I 20,I 20 and Panola Rd,,Angle Crash,2,Clear,Dry,Dark-Lighted
2023-02-03T07:03:00.000,I 20,I 20 and Panola Rd,,Rear End,3,Clear,Dry,Dark-Lighted
2023-08-31T06:30:00.000,I 20,I 20 and Panola Rd,,Rear End,3,Cloudy,Wet,Daylight
2023-04-10T07:30:00.000,I 20,I 20 and Panola Rd,,Sideswipe-Same Direction,2,Clear,Dry,Daylight
2023-10-25T06:39:00.000,I 20,I 20 and Panola Rd,,Angle Crash,2,Clear,Dry,Dark-Not Lighted
2023-08-14T00:00:00.000,I 20,I 20 and Panola Rd,,Sideswipe-Same Direction,2,Clear,Dry,Daylight
2023-10-31T08:27:00.000,I 20,I 20 and Panola Rd,,Rear End,2,Cloudy,Dry,Daylight
2023-07-17T06:58:00.000,I 20,I 20 and Panola Rd,,Rear End,2,Clear,Dry,Daylight
2023-11-12T00:33:00.000,I 20,I 20 and Panola Rd,,Sideswipe-Same Direction,2,Clear,Dry,Dark-Not Lighted
2023-08-22T01:57:00.000,I 20,I 20 and Panola Rd,,Rear End,2,Clear,Dry,Daylight
2023-12-08T18:20:00.000,I 20,I 20 and Panola Rd,,Rear End,2,Clear,Dry,Dark-Lighted
2023-06-01T02:30:00.000,I 20,I 20 and Panola Rd,,Not a Collision with Motor Vehicle,1,Clear,Dry,Daylight
2023-12-05T12:20:00.000,I 20,I 20 and Panola Rd,,Rear End,2,Clear,Dry,Daylight
2023-02-23T02:00:00.000,I 20,I 20 and Panola Rd,,Rear End,2,Clear,Dry,Dark-Not Lighted
2023-05-20T15:13:00.000,I 20,I 20 and Panola Rd,,Rear End,2,Clear,Dry,Daylight
2023-05-30T15:41:00.000,I 20,I 20 and Panola Rd,,Not a Collision with Motor Vehicle,1,Clear,Dry,Daylight
2023-02-25T16:00:00.000,I 20,I 20 and Panola Rd,,Rear End,2,Clear,Dry,Daylight
2023-02-24T07:48:00.000,I 20,I 20 and Panola Rd,,Rear End,2,Clear,Dry,Daylight
2023-05-07T15:55:00.000,I 20,I 20 and Panola Rd,,Rear End,2,Clear,Dry,Daylight
2023-04-02T08:15:00.000,I 20,I 20 and Panola Rd,,Not a Collision with Motor Vehicle,2,Clear,Dry,Daylight
2023-09-16T15:36:00.000,I 20,I 20 and Panola Rd,,Rear End,3,Rain,Wet,Daylight
2023-11-14T10:30:00.000,I 20,I 20 and Panola Rd,,Sideswipe-Same Direction,2,Clear,Dry,Daylight
2023-02-01T07:37:00.000,I 20,I 20 and Panola Rd,,Rear End,2,Cloudy,Dry,Daylight
2023-01-23T08:30:00.000,I 20,I 20 and Panola Rd,,Rear End,3,Clear,Dry,Daylight
2023-10-13T21:00:00.000,I 20,I 20 and Panola Rd,,Rear End,3,Rain,Wet,Dark-Not Lighted
2023-06-22T13:15:00.000,I 20,I 20 and Panola Rd,,Sideswipe-Same Direction,2,Cloudy,Dry,Daylight
2023-05-30T11:38:00.000,I 20,I 20 and Panola Rd,,Rear End,2,Clear,Dry,Daylight
2023-07-09T13:12:00.000,I 20,I 20 and Panola Rd,,Rear End,2,Clear,Dry,Daylight
2023-01-04T05:55:00.000,I 20,I 20 and Panola Rd,,Sideswipe-Same Direction,2,Rain,Wet,Dark-Lighted
2023-08-31T08:07:00.000,I 20,I 20 and Panola Rd,,Rear End,3,Cloudy,Dry,Daylight
2023-11-14T23:00:00.000,I 20,I 20 and Panola Rd,,Angle Crash,2,Clear,Dry,Dark-Not Lighted
2023-04-18T11:11:00.000,I 20,I 20 and Panola Rd,,Rear End,2,Clear,Dry,Daylight
2023-11-01T03:25:00.000,I 20,I 20 and Panola Rd,,Rear End,2,Clear,Dry,Dark-Lighted
2023-12-06T19:10:00.000,I 20,I 20 and Panola Rd,,Rear End,2,Clear,Dry,Dark-Not Lighted
2023-02-20T12:18:00.000,I 20,I 20 and Panola Rd,,Rear End,3,Clear,Dry,Daylight
2023-12-14T09:45:00.000,I 20,I 20 and Panola Rd,,Rear End,2,Clear,Dry,Daylight
2023-12-23T14:17:00.000,I 20,I 20 and Panola Rd,,Rear End,2,Clear,Dry,Daylight
2023-10-02T14:50:00.000,I 20,I 20 and Panola Rd,,Rear End,2,Clear,Dry,Daylight
2023-10-10T10:15:00.000,I 20,I 20 and Panola Rd,,Rear End,4,Clear,Dry,Daylight
2023-11-14T18:00:00.000,I 20,I 20 and Panola Rd,,Angle Crash,3,Clear,Dry,Dark-Not Lighted
2023-07-01T15:30:00.000,I 20,I 20 and Panola Rd,,Sideswipe-Same Direction,2,Clear,Dry,Daylight
2023-07-30T15:05:00.000,I 20,I 20 and Panola Rd,,Not a Collision with Motor Vehicle,1,Clear,Dry,Daylight
2023-09-11T08:22:00.000,I 20,I 20 and Panola Rd,,Rear End,3,Clear,Dry,Daylight
2023-07-25T01:38:00.000,I 20,I 20 and Panola Rd,,Not a Collision with Motor Vehicle,1,Clear,Dry,Dark-Not Lighted
2023-03-30T16:00:00.000,I 20,I 20 and Panola Rd,,Sideswipe-Same Direction,2,Clear,Dry,Daylight
2023-02-23T16:30:00.000,I 20,I 20 and Panola Rd,,Rear End,2,Cloudy,Dry,Daylight
2023-02-08T08:01:00.000,I 20,I 20 and Panola Rd,,Rear End,2,Clear,Dry,Daylight
2023-09-06T17:05:00.000,I 20,I 20 and Panola Rd,,Rear End,3,Clear,Dry,Daylight
2023-02-13T08:19:00.000,I 20,I 20 and Panola Rd,,Sideswipe-Same Direction,4,Clear,Dry,Daylight
2023-07-10T08:35:00.000,I 20,I 20 and Panola Rd,,Sideswipe-Same Direction,2,Cloudy,Wet,Daylight
2023-10-31T06:50:00.000,I 20,I 20 and Panola Rd,,Rear End,2,Clear,Dry,Dawn
2023-05-13T14:10:00.000,I 20,I 20 and Panola Rd,,Angle Crash,2,Clear,Dry,Daylight
2023-07-16T18:55:00.000,I 20,I 20 and Panola Rd,,Sideswipe-Same Direction,2,Clear,Dry,Dawn
2023-11-08T16:04:00.000,I 20,I 20 and Panola Rd,,Angle Crash,3,Clear,Dry,Daylight
2023-10-05T15:00:00.000,I 20,I 20 and Panola Rd,,Sideswipe-Same Direction,2,Clear,Dry,Daylight
2023-06-02T19:00:00.000,I 20,I 20 and Panola Rd,,Rear End,2,Clear,Dry,Daylight
2023-11-16T09:55:00.000,I 20,I 20 and Panola Rd,,Rear End,2,Clear,Dry,Daylight
2023-12-26T14:02:00.000,I 20,I 20 and Panola Rd,,Rear End,4,Rain,Wet,Daylight
2023-06-20T12:27:00.000,I 20,I 20 and Panola Rd,,Rear End,2,Clear,Dry,Daylight
2023-06-16T11:36:00.000,I 20,I 20 and Panola Rd,,Rear End,2,Clear,Dry,Daylight
2023-05-25T13:57:00.000,I 20,I 20 and Panola Rd,,Sideswipe-Same Direction,2,Clear,Dry,Daylight
2023-12-04T13:00:00.000,I 20,I 20 and Panola Rd,,Rear End,2,Clear,Dry,Daylight
2023-10-18T08:10:00.000,I 20,I 20 and Panola Rd,,Angle Crash,2,Clear,Dry,Daylight
2023-10-09T14:31:00.000,I 20,I 20 and Panola Rd,,Angle Crash,2,Clear,Dry,Daylight
2023-08-04T18:05:00.000,I 20,I 20 and Panola Rd,,Rear End,2,Clear,Dry,Daylight
2023-02-24T16:41:00.000,I 20,I 20 and Panola Rd,,Rear End,2,Rain,Wet,Daylight
2023-10-30T22:00:00.000,I 20,I 20 and Panola Rd,,Not a Collision with Motor Vehicle,1,Clear,Dry,Dark-Lighted
2023-02-20T16:15:00.000,I 20,I 20 and Panola Rd,,Rear End,2,Clear,Dry,Daylight
2023-10-11T10:06:00.000,I 20,I 20 and Panola Rd,,Sideswipe-Same Direction,2,Clear,Dry,Daylight
2023-07-31T00:15:00.000,I 20,I 20 and Panola Rd,,Angle Crash,2,Clear,Dry,Dark-Not Lighted
2023-02-10T18:26:00.000,I 20,I 20 and Panola Rd,,Rear End,2,Clear,Dry,Daylight
2023-11-27T16:29:00.000,I 20,I 20 and Panola Rd,,Rear End,2,Clear,Dry,Daylight
2023-10-17T16:00:00.000,I 20,I 20 and Panola Rd,,Rear End,2,Clear,Dry,Daylight
2023-05-29T11:01:00.000,I 20,I 20 and Panola Rd,,Sideswipe-Same Direction,2,Clear,Dry,Daylight
2023-03-05T21:18:00.000,I 20,I 20 and Panola Rd,,Rear End,2,Clear,Dry,Daylight
2023-04-14T14:20:00.000,I 20,I 20 and Panola Rd,,Angle Crash,2,Rain,Wet,Daylight
2023-06-30T16:20:00.000,I 20,I 20 and Panola Rd,,Rear End,3,Clear,Dry,Daylight
2023-05-09T15:24:00.000,I 20,I 20 and Panola Rd,,Sideswipe-Same Direction,2,Clear,Dry,Daylight
2023-04-29T02:00:00.000,I 20,I 20 and Panola Rd,,Rear End,2,Clear,Dry,Dark-Not Lighted
2023-06-13T13:40:00.000,I 20,I 20 and Panola Rd,,Rear End,2,Clear,Dry,Daylight
2023-09-08T18:09:00.000,I 20,I 20 and Panola Rd,,Rear End,2,Clear,Dry,Daylight
2023-02-15T15:05:00.000,I 20,I 20 and Panola Rd,,Rear End,2,Clear,Wet,Daylight
2023-02-18T11:47:00.000,I 20,I 20 and Panola Rd,,Rear End,3,Clear,Dry,Daylight
2023-01-04T18:20:00.000,I 20,I 20 and Panola Rd,,Angle Crash,4,Clear,Dry,Dark-Not Lighted
2023-10-29T12:30:00.000,I 20,I 20 and Panola Rd,,Angle Crash,2,Clear,Dry,Daylight
2023-07-21T18:10:00.000,I 20,I 20 and Panola Rd,,Rear End,2,Rain,Wet,Daylight
2023-01-17T16:30:00.000,I 20,I 20 and Panola Rd,,Rear End,2,Clear,Dry,Daylight
2023-07-08T20:30:00.000,I 20,I 20 and Panola Rd,,Rear End,2,Clear,Dry,Daylight
2023-04-01T13:45:00.000,I 20,I 20 and Panola Rd,,Rear End,2,Clear,Dry,Daylight
2023-04-09T14:40:00.000,I 20,I 20 and Panola Rd,,Angle Crash,2,Clear,Dry,Daylight
2023-05-21T18:00:00.000,I 20,I 20 and Panola Rd,,Rear End,2,Clear,Dry,Daylight
2023-09-14T06:45:00.000,I 20,I 20 and Panola Rd,,Sideswipe-Same Direction,2,Clear,Dry,Dark-Not Lighted
2023-01-26T07:00:00.000,I 20,I 20 and Panola Rd,,Sideswipe-Same Direction,2,Clear,Dry,Daylight
2023-10-02T13:04:00.000,I 20,I 20 and Panola Rd,,Rear End,3,Clear,Dry,Daylight
2023-02-20T11:25:00.000,I 20,I 20 and Panola Rd,,Sideswipe-Same Direction,2,Clear,Dry,Daylight
2023-02-23T18:30:00.000,I 20,I 20 and Panola Rd,,Rear End,2,Cloudy,Wet,Dark-Not Lighted
2023-11-17T13:45:00.000,I 20,I 20 and Panola Rd,,Rear End,2,Cloudy,Wet,Daylight
2023-11-19T11:55:00.000,I 20,I 20 and Panola Rd,,Rear End,2,Clear,Dry,Daylight
2023-05-14T18:47:00.000,I 20,I 20 and Panola Rd,,Rear End,2,Clear,Dry,Daylight
2023-08-20T15:22:00.000,I 20,I 20 and Panola Rd,,Not a Collision with Motor Vehicle,1,Clear,Dry,Daylight
2023-07-11T14:30:00.000,I 20,I 20 and Panola Rd,,Angle Crash,2,Clear,Dry,Daylight
2023-08-04T16:41:00.000,I 20,I 20 and Panola Rd,,Rear End,4,Cloudy,Dry,Daylight
2023-03-26T13:40:00.000,I 20,I 20 and Panola Rd,,Angle Crash,3,Rain,Wet,Daylight
2023-04-23T16:00:00.000,I 20,I 20 and Panola Rd,,Sideswipe-Same Direction,2,Clear,Dry,Daylight