Date and Time,Roadway (From Crash Report),Intersection Name (from Crash Report),KABCO Severity,Manner of Collision (Crash Level) ,# of Vehicles per crash ,Weather Conditions (Crash Level),Surface Condition (Crash Level) ,Light Conditions (Crash Level)
2020-05-21T17:30:00.000,I 20,I 20 and Panola Rd,,Rear End,2,Clear,Dry,Daylight
2020-01-18T15:03:00.000,I 20,I 20 and Panola Rd,,Rear End,2,Cloudy,Wet,Daylight
2020-07-30T15:19:00.000,I 20,I 20 and Panola Rd,,Angle Crash,2,Cloudy,Dry,Daylight
2020-05-08T14:22:00.000,I 20,I 20 and Panola Rd,,Sideswipe-Same Direction,2,Rain,Wet,Daylight
2020-12-31T17:45:00.000,I 20,I 20 and Panola Rd,,Rear End,2,Cloudy,Wet,Dark-Not Lighted
2020-10-30T23:30:00.000,I 20,I 20 and Panola Rd,,Rear End,2,Clear,Dry,Dark-Not Lighted
2020-07-23T18:18:00.000,I 20,I 20 and Panola Rd,,Rear End,2,Clear,Dry,Daylight
2020-09-29T15:54:00.000,I 20,I 20 and Panola Rd,,Rear End,2,Rain,Wet,Daylight
2020-09-26T11:10:00.000,I 20,I 20 and Panola Rd,,Rear End,2,Clear,Dry,Daylight
2020-08-19T08:40:00.000,I 20,I 20 and Panola Rd,,Rear End,2,Clear,Dry,Daylight
2020-06-16T14:20:00.000,I 20,I 20 and Panola Rd,,Rear End,2,Clear,Dry,Daylight
2020-06-26T14:40:00.000,I 20,I 20 and Panola Rd,,Rear End,2,Cloudy,Dry,Daylight
2020-08-19T21:50:00.000,I 20,I 20 and Panola Rd,,Sideswipe-Same Direction,3,Rain,Wet,Dark-Not Lighted
2020-11-19T17:24:00.000,I 20,I 20 and Panola Rd,,Rear End,3,Clear,Dry,Dark-Not Lighted
2020-01-28T19:31:00.000,I 20,I 20 and Panola Rd,,Rear End,2,Clear,Dry,Dark-Not Lighted
2020-02-12T15:00:00.000,I 20,I 20 and Panola Rd,,Rear End,2,Clear,Dry,Daylight
2020-09-25T15:25:00.000,I 20,I 20 and Panola Rd,,Rear End,5,Cloudy,Dry,Daylight
2020-09-18T14:19:00.000,I 20,I 20 and Panola Rd,,Rear End,3,Cloudy,Dry,Daylight
2020-07-23T10:20:00.000,I 20,I 20 and Panola Rd,,Angle Crash,2,Clear,Dry,Daylight
2020-02-14T18:30:00.000,I 20,I 20 and Panola Rd,,Rear End,4,Clear,Dry,Dawn
2020-06-03T12:00:00.000,I 20,I 20 and Panola Rd,,Rear End,2,Clear,Dry,Daylight
2020-10-05T17:45:00.000,I 20,I 20 and Panola Rd,,Rear End,2,Clear,Dry,Daylight
2020-08-28T14:50:00.000,I 20,I 20 and Panola Rd,,Sideswipe-Same Direction,2,Clear,Dry,Daylight
2020-11-23T19:00:00.000,I 20,I 20 and Panola Rd,,Sideswipe-Same Direction,2,Clear,Dry,Dark-Lighted
2020-02-16T06:55:00.000,I 20,I 20 and Panola Rd,,Not a Collision with Motor Vehicle,1,Clear,Dry,Dark-Not Lighted
2020-10-21T15:20:00.000,I 20,I 20 and Panola Rd,,Rear End,2,Clear,Dry,Daylight
2020-05-27T15:14:00.000,I 20,I 20 and Panola Rd,,Rear End,2,Rain,Wet,Daylight
2020-05-26T17:11:00.000,I 20,I 20 and Panola Rd,,Rear End,2,Clear,Dry,Daylight
2020-06-19T15:53:00.000,I 20,I 20 and Panola Rd,,Sideswipe-Same Direction,2,Clear,Dry,Daylight
2020-02-13T18:42:00.000,I 20,I 20 and Panola Rd,,Rear End,3,Clear,Dry,Dark-Not Lighted
2020-07-09T12:30:00.000,I 20,I 20 and Panola Rd,,Rear End,2,Clear,Dry,Daylight
2020-06-19T12:56:00.000,I 20,I 20 and Panola Rd,,Rear End,5,Clear,Dry,Daylight
2020-02-24T10:10:00.000,I 20,I 20 and Panola Rd,,Rear End,3,Rain,Wet,Daylight
2020-10-30T10:31:00.000,I 20,I 20 and Panola Rd,,Rear End,2,Clear,Dry,Daylight
2020-12-31T18:40:00.000,I 20,I 20 and Panola Rd,,Not a Collision with Motor Vehicle,2,Clear,Dry,Dark-Not Lighted
2020-12-15T18:04:00.000,I 20,I 20 and Panola Rd,,Sideswipe-Same Direction,2,Clear,Dry,Dark-Not Lighted
2020-12-04T08:05:00.000,I 20,I 20 and Panola Rd,,Sideswipe-Same Direction,3,Clear,Dry,Daylight
2020-08-27T01:39:00.000,I 20,I 20 and Panola Rd,,Rear End,2,Clear,Dry,Dark-Lighted
2020-08-24T17:45:00.000,I 20,I 20 and Panola Rd,,Rear End,2,Clear,Dry,Daylight
2020-02-29T20:46:00.000,I 20,I 20 and Panola Rd,,Rear End,2,Clear,Dry,Dark-Not Lighted
2020-07-02T13:30:00.000,I 20,I 20 and Panola Rd,,Rear End,2,Clear,Dry,Daylight
2020-02-13T07:10:00.000,I 20,I 20 and Panola Rd,,Rear End,3,Rain,Water (standing or moving),Dark-Not Lighted
2020-04-13T21:20:00.000,I 20,I 20 and Panola Rd,,Sideswipe-Same Direction,2,Clear,Dry,Dark-Not Lighted
2020-10-23T20:56:00.000,I 20,I 20 and Panola Rd,,Rear End,2,Clear,Dry,Dark-Lighted
2020-09-15T22:20:00.000,I 20,I 20 and Panola Rd,,Rear End,2,Cloudy,Dry,Dark-Not Lighted
2020-03-19T09:38:00.000,I 20,I 20 and Panola Rd,,Angle Crash,2,Fog,Wet,Daylight
2020-09-13T18:00:00.000,I 20,I 20 and Panola Rd,,Sideswipe-Same Direction,2,Clear,Dry,Daylight
2020-06-22T17:00:00.000,I 20,I 20 and Panola Rd,,Rear End,2,Clear,Dry,Daylight
2020-07-02T16:58:00.000,I 20,I 20 and Panola Rd,,Rear End,3,Clear,Dry,Daylight
2020-09-21T20:50:00.000,I 20,I 20 and Panola Rd,,Rear End,2,Clear,Dry,Dark-Lighted
2020-03-28T14:15:00.000,I 20,I 20 and Panola Rd,,Rear End,2,Clear,Dry,Daylight
2020-08-25T08:15:00.000,I 20,I 20 and Panola Rd,,Rear End,2,Rain,Wet,Daylight
2020-06-30T14:59:00.000,I 20,I 20 and Panola Rd,,Sideswipe-Same Direction,2,Clear,Dry,Daylight
2020-05-09T17:55:00.000,I 20,I 20 and Panola Rd,,Rear End,2,Clear,Dry,Daylight
2020-04-09T13:00:00.000,I 20,I 20 and Panola Rd,,Not a Collision with Motor Vehicle,2,Clear,Dry,Daylight
2020-10-14T13:55:00.000,I 20,I 20 and Panola Rd,,Angle Crash,2,Clear,Dry,Daylight
2020-08-10T19:19:00.000,I 20,I 20 and Panola Rd,,Not a Collision with Motor Vehicle,1,Clear,Dry,Daylight
2020-03-13T16:40:00.000,I 20,I 20 and Panola Rd,,Rear End,2,Clear,Dry,Daylight
2020-04-04T16:45:00.000,I 20,I 20 and Panola Rd,,Not a Collision with Motor Vehicle,1,Clear,Dry,Daylight
2020-02-12T22:30:00.000,I 20,I 20 and Panola Rd,,Rear End,2,Clear,Dry,Dark-Lighted
2020-12-10T09:29:00.000,I 20,I 20 and Panola Rd,,Sideswipe-Opposite Direction,2,Clear,Dry,Dark-Not Lighted
2020-09-15T08:12:00.000,I 20,I 20 and Panola Rd,,Rear End,2,Rain,Wet,Daylight
2020-04-09T20:50:00.000,I 20,I 20 and Panola Rd,,Not a Collision with Motor Vehicle,1,Clear,Dry,Dark-Lighted
2020-01-21T06:35:00.000,I 20,I 20 and Panola Rd,,Rear End,2,Clear,Dry,Dark-Not Lighted
2020-09-25T10:58:00.000,I 20,I 20 and Panola Rd,,Rear End,2,Cloudy,Wet,Daylight
2020-09-24T09:40:00.000,I 20,I 20 and Panola Rd,,Not a Collision with Motor Vehicle,1,Cloudy,Water (standing or moving),Daylight
2020-03-24T21:00:00.000,I 20,I 20 and Panola Rd,,Rear End,2,Clear,Dry,Dark-Lighted
2020-03-07T11:50:00.000,I 20,I 20 and Panola Rd,,Rear End,2,Clear,Dry,Daylight
2020-05-14T17:30:00.000,I 20,I 20 and Panola Rd,,Rear End,2,Clear,Dry,Daylight
2020-12-29T07:10:00.000,I 20,I 20 and Panola Rd,,Angle Crash,2,Clear,Dry,Daylight
2020-07-15T08:55:00.000,I 20,I 20 and Panola Rd,,Sideswipe-Same Direction,2,Clear,Dry,Daylight
2020-11-20T15:48:00.000,I 20,I 20 and Panola Rd,,Rear End,2,Clear,Dry,Dark-Not Lighted
2020-07-09T19:55:00.000,I 20,I 20 and Panola Rd,,Angle Crash,2,Rain,Wet,Dusk
2020-06-27T12:30:00.000,I 20,I 20 and Panola Rd,,Rear End,2,Cloudy,Dry,Daylight
2020-09-17T21:10:00.000,I 20,I 20 and Panola Rd,,Sideswipe-Same Direction,2,Clear,Wet,Dark-Not Lighted
2020-07-27T09:00:00.000,I 20,I 20 and Panola Rd,,Rear End,2,Clear,Dry,Daylight
2020-09-26T15:45:00.000,I 20,I 20 and Panola Rd,,Sideswipe-Same Direction,2,Clear,Dry,Daylight
2020-09-06T13:34:00.000,I 20,I 20 and Panola Rd,,Angle Crash,2,Clear,Dry,Daylight
2020-12-14T19:40:00.000,I 20,I 20 and Panola Rd,,Angle Crash,3,Clear,Dry,Dark-Lighted
2020-05-27T16:02:00.000,I 20,I 20 and Panola Rd,,Sideswipe-Same Direction,2,Clear,Dry,Daylight
2020-01-21T23:20:00.000,I 20,I 20 and Panola Rd,,Not a Collision with Motor Vehicle,1,Clear,Dry,Dark-Not Lighted
2020-12-15T09:00:00.000,I 20,I 20 and Panola Rd,,Rear End,2,Clear,Dry,Daylight
2020-09-20T17:55:00.000,I 20,I 20 and Panola Rd,,Rear End,4,Clear,Dry,Daylight
2020-10-18T11:40:00.000,I 20,I 20 and Panola Rd,,Sideswipe-Same Direction,2,Clear,Dry,Daylight
2020-09-22T10:00:00.000,I 20,I 20 and Panola Rd,,Rear End,2,Clear,Dry,Daylight
2020-07-24T18:17:00.000,I 20,I 20 and Panola Rd,,Rear End,2,Clear,Dry,Daylight
2020-11-08T19:45:00.000,I 20,I 20 and Panola Rd,,Rear End,2,Clear,Dry,Dark-Lighted
2020-07-13T20:30:00.000,I 20,I 20 and Panola Rd,,Head On,2,Clear,Dry,Daylight
2020-07-14T23:05:00.000,I 20,I 20 and Panola Rd,,Rear End,2,Clear,Dry,Dark-Not Lighted
2020-05-07T17:38:00.000,I 20,I 20 and Panola Rd,,Rear End,2,Clear,Dry,Daylight
2020-02-18T18:40:00.000,I 20,I 20 and Panola Rd,,Rear End,2,Rain,Wet,Dark-Not Lighted
2020-11-13T09:46:00.000,I 20,I 20 and Panola Rd,,Rear End,3,Clear,Dry,Daylight
2020-01-03T17:12:00.000,I 20,I 20 and Panola Rd,,Rear End,2,Rain,Wet,Dark-Not Lighted
2020-02-19T19:20:00.000,I 20,I 20 and Panola Rd,,Rear End,2,Clear,Dry,Dark-Lighted
2020-08-18T14:30:00.000,I 20,I 20 and Panola Rd,,Rear End,2,Clear,Dry,Daylight
2020-06-23T10:00:00.000,I 20,I 20 and Panola Rd,,Rear End,2,Cloudy,Dry,Daylight
2020-05-29T23:07:00.000,I 20,I 20 and Panola Rd,,Angle Crash,2,Clear,Dry,Dark-Not Lighted
2020-02-26T10:58:00.000,I 20,I 20 and Panola Rd,,Not a Collision with Motor Vehicle,1,Cloudy,Dry,Daylight
2020-11-13T08:29:00.000,I 20,I 20 and Panola Rd,,Rear End,2,Clear,Dry,Daylight
2020-01-16T14:45:00.000,I 20,I 20 and Panola Rd,,Rear End,2,Clear,Dry,Daylight
2020-07-14T23:09:00.000,I 20,I 20 and Panola Rd,,Rear End,2,Clear,Dry,Dark-Not Lighted
2020-08-31T19:48:00.000,I 20,I 20 and Panola Rd,,Not a Collision with Motor Vehicle,1,Clear,Dry,Daylight
2020-01-06T16:20:00.000,I 20,I 20 and Panola Rd,,Rear End,2,Clear,Dry,Daylight
2020-10-05T13:15:00.000,I 20,I 20 and Panola Rd,,Sideswipe-Same Direction,2,Clear,Dry,Daylight
2020-11-06T05:55:00.000,I 20,I 20 and Panola Rd,,Rear End,2,Clear,Dry,Daylight
2020-05-01T08:10:00.000,I 20,I 20 and Panola Rd,,Not a Collision with Motor Vehicle,1,Clear,Dry,Daylight
2020-11-08T18:15:00.000,I 20,I 20 and Panola Rd,,Rear End,3,Clear,Dry,Dark-Lighted
2020-08-09T16:00:00.000,I 20,I 20 and Panola Rd,,Sideswipe-Same Direction,3,Clear,Dry,Daylight
2020-10-16T11:23:00.000,I 20,I 20 and Panola Rd,,Rear End,2,Clear,Dry,Daylight
2020-09-05T16:18:00.000,I 20,I 20 and Panola Rd,,Rear End,2,Clear,Dry,Daylight
2020-09-29T22:22:00.000,I 20,I 20 and Panola Rd,,Sideswipe-Same Direction,2,Clear,Dry,Dark-Lighted
2020-12-04T07:18:00.000,I 20,I 20 and Panola Rd,,Rear End,2,Clear,Dry,Dark-Not Lighted
2020-08-11T00:30:00.000,I 20,I 20 and Panola Rd,,Sideswipe-Same Direction,2,Clear,Dry,Dark-Not Lighted
2020-07-10T13:34:00.000,I 20,I 20 and Panola Rd,,Rear End,2,Clear,Dry,Daylight
2020-09-20T13:20:00.000,I 20,I 20 and Panola Rd,,Sideswipe-Same Direction,2,Clear,Dry,Daylight
2020-03-12T16:45:00.000,I 20,I 20 and Panola Rd,,Rear End,2,Clear,Dry,Daylight
2020-01-01T12:30:00.000,I 20,I 20 and Panola Rd,,Not a Collision with Motor Vehicle,1,Clear,Dry,Daylight
2020-02-07T03:15:00.000,I 20,I 20 and Panola Rd,,Rear End,2,Clear,Wet,Dark-Not Lighted
2020-09-23T14:53:00.000,I 20,I 20 and Panola Rd,,Sideswipe-Same Direction,2,Clear,Dry,Daylight
2020-07-19T16:50:00.000,I 20,I 20 and Panola Rd,,Sideswipe-Opposite Direction,3,Clear,Dry,Daylight
2020-08-13T07:35:00.000,I 20,I 20 and Panola Rd,,Rear End,2,Clear,Dry,Daylight
2020-10-29T19:30:00.000,I 20,I 20 and Panola Rd,,Sideswipe-Opposite Direction,2,Clear,Dry,Dark-Lighted
2020-02-27T18:38:00.000,I 20,I 20 and Panola Rd,,Rear End,2,Clear,Dry,Daylight
2020-05-14T15:30:00.000,I 20,I 20 and Panola Rd,,Not a Collision with Motor Vehicle,1,Clear,Dry,Daylight
2020-10-23T18:44:00.000,I 20,I 20 and Panola Rd,,Rear End,2,Clear,Dry,Daylight
2020-06-11T03:09:00.000,I 20,I 20 and Panola Rd,,Not a Collision with Motor Vehicle,1,Cloudy,Other,Dark-Not Lighted
2020-12-16T10:11:00.000,I 20,I 20 and Panola Rd,,Rear End,2,Rain,Wet,Daylight
2020-10-24T14:55:00.000,I 20,I 20 and Panola Rd,,Rear End,3,Clear,Dry,Daylight
2020-02-19T17:55:00.000,I 20,I 20 and Panola Rd,,Sideswipe-Same Direction,2,Clear,Wet,Daylight
2020-03-08T21:00:00.000,I 20,I 20 and Panola Rd,,Angle Crash,2,Clear,Dry,Dark-Not Lighted
2020-10-01T16:31:00.000,I 20,I 20 and Panola Rd,,Rear End,2,Clear,Dry,Daylight
2020-12-10T21:35:00.000,I 20,I 20 and Panola Rd,,Rear End,2,Clear,Dry,Dark-Not Lighted
2020-01-07T08:36:00.000,I 20,I 20 and Panola Rd,,Rear End,2,Cloudy,Dry,Daylight
2020-02-11T06:30:00.000,I 20,I 20 and Panola Rd,,Sideswipe-Same Direction,2,Cloudy,Wet,Dark-Lighted
2020-04-28T07:30:00.000,I 20,I 20 and Panola Rd,,Rear End,2,Clear,Dry,Daylight
2020-02-23T19:30:00.000,I 20,I 20 and Panola Rd,,Rear End,2,Clear,Dry,Dark-Not Lighted
2020-08-26T18:29:00.000,I 20,I 20 and Panola Rd,,Angle Crash,2,Clear,Dry,Daylight
2020-12-25T00:40:00.000,I 20,I 20 and Panola Rd,,Rear End,2,Clear,Dry,Dark-Lighted
2020-09-24T14:30:00.000,I 20,I 20 and Panola Rd,,Rear End,2,Rain,Wet,Daylight
2020-07-29T11:10:00.000,I 20,I 20 and Panola Rd,,Rear End,2,Clear,Dry,Daylight
2020-01-24T14:12:00.000,I 20,I 20 and Panola Rd,,Rear End,2,Clear,Dry,Daylight
2020-03-05T15:00:00.000,I 20,I 20 and Panola Rd,,Rear End,2,Rain,Wet,Daylight
2020-04-18T17:30:00.000,I 20,I 20 and Panola Rd,,Rear End,2,Clear,Dry,Daylight
2020-08-02T17:00:00.000,I 20,I 20 and Panola Rd,,Rear End,2,Clear,Dry,Daylight
2020-10-30T19:38:00.000,I 20,I 20 and Panola Rd,,Rear End,2,Clear,Dry,Dark-Lighted
2020-10-09T18:30:00.000,I 20,I 20 and Panola Rd,,Rear End,2,Rain,Wet,Daylight
2020-12-24T12:51:00.000,I 20,I 20 and Panola Rd,,Rear End,3,Cloudy,Wet,Daylight
2020-10-08T08:30:00.000,I 20,I 20 and Panola Rd,,Rear End,3,Clear,Dry,Daylight
2020-11-11T19:30:00.000,I 20,I 20 and Panola Rd,,Rear End,2,Cloudy,Wet,Daylight
2020-12-11T08:03:00.000,I 20,I 20 and Panola Rd,,Not a Collision with Motor Vehicle,1,Clear,Dry,Daylight
2020-10-28T06:46:00.000,I 20,I 20 and Panola Rd,,Rear End,2,Cloudy,Wet,Dark-Lighted
2020-10-27T01:40:00.000,I 20,I 20 and Panola Rd,,Not a Collision with Motor Vehicle,1,Clear,Dry,Dark-Lighted
2020-06-20T12:36:00.000,I 20,I 20 and Panola Rd,,Rear End,2,Clear,Dry,Daylight
2020-03-24T13:29:00.000,I 20,I 20 and Panola Rd,,Rear End,2,Cloudy,Dry,Daylight
2020-06-18T05:43:00.000,I 20,I 20 and Panola Rd,,Angle Crash,2,Clear,Dry,Dark-Lighted
2020-08-17T13:10:00.000,I 20,I 20 and Panola Rd,,Rear End,2,Rain,Wet,Daylight
2020-08-15T20:00:00.000,I 20,I 20 and Panola Rd,,Angle Crash,2,Rain,Wet,Daylight
2020-06-15T14:00:00.000,I 20,I 20 and Panola Rd,,Angle Crash,3,Clear,Dry,Daylight
2020-09-25T15:45:00.000,I 20,I 20 and Panola Rd,,Angle Crash,2,Cloudy,Dry,Daylight
2020-08-02T16:59:00.000,I 20,I 20 and Panola Rd,,Rear End,2,Clear,Dry,Daylight
2020-06-27T12:30:00.000,I 20,I 20 and Panola Rd,,Rear End,2,Cloudy,Dry,Daylight
2020-01-21T06:49:00.000,I 20,I 20 and Panola Rd,,Rear End,2,Clear,Dry,Daylight
2020-03-01T15:00:00.000,I 20,I 20 and Panola Rd,,Rear End,2,Clear,Dry,Daylight
2020-06-26T09:42:00.000,I 20,I 20 and Panola Rd,,Rear End,2,Cloudy,Dry,Daylight
2020-11-28T02:36:00.000,I 20,I 20 and Panola Rd,,Rear End,2,Rain,Wet,Dark-Lighted
2020-06-29T05:50:00.000,I 20,I 20 and Panola Rd,,Sideswipe-Same Direction,2,Clear,Dry,Dark-Not Lighted
2020-05-27T15:35:00.000,I 20,I 20 and Panola Rd,,Rear End,2,Clear,Dry,Dusk
2020-04-18T17:20:00.000,I 20,I 20 and Panola Rd,,Angle Crash,2,Clear,Dry,Daylight
2020-12-22T06:40:00.000,I 20,I 20 and Panola Rd,,Rear End,2,Clear,Dry,Dark-Not Lighted
2020-12-24T16:58:00.000,I 20,I 20 and Panola Rd,,Rear End,3,Sleet,Wet,Daylight
2020-11-06T21:25:00.000,I 20,I 20 and Panola Rd,,Sideswipe-Same Direction,2,Clear,Dry,Daylight
2020-11-19T08:03:00.000,I 20,I 20 and Panola Rd,,Rear End,2,Clear,Dry,Daylight
2020-10-01T16:34:00.000,I 20,I 20 and Panola Rd,,Rear End,2,Clear,Dry,Daylight
2020-12-01T23:20:00.000,I 20,I 20 and Panola Rd,,Rear End,2,Clear,Dry,Dark-Lighted
2020-05-23T14:25:00.000,I 20,I 20 and Panola Rd,,Not a Collision with Motor Vehicle,2,Clear,Dry,Daylight
2020-06-20T00:35:00.000,I 20,I 20 and Panola Rd,,Not a Collision with Motor Vehicle,1,Clear,Dry,Dark-Not Lighted
2020-12-24T11:12:00.000,I 20,I 20 and Panola Rd,,Sideswipe-Same Direction,2,Cloudy,Wet,Daylight
2020-11-10T18:06:00.000,I 20,I 20 and Panola Rd,,Sideswipe-Same Direction,2,Rain,Wet,Dark-Lighted
2020-10-22T22:25:00.000,I 20,I 20 and Panola Rd,,Rear End,2,Clear,Dry,Dark-Not Lighted
2020-10-03T13:42:00.000,I 20,I 20 and Panola Rd,,Rear End,2,Clear,Dry,Daylight
2020-02-26T06:40:00.000,I 20,I 20 and Panola Rd,,Sideswipe-Same Direction,2,Clear,Dry,Dark-Lighted
2020-11-11T12:53:00.000,I 20,I 20 and Panola Rd,,Rear End,2,Rain,Wet,Daylight
2020-01-18T14:44:00.000,I 20,I 20 and Panola Rd,,Sideswipe-Same Direction,2,Rain,Wet,Daylight
2021-03-17T06:50:00.000,I 20,I 20 and Panola Rd,,Rear End,2,Clear,Dry,Dark-Not Lighted
2021-04-21T19:22:00.000,I 20,I 20 and Panola Rd,,Sideswipe-Same Direction,2,Clear,Dry,Daylight
2021-05-05T18:04:00.000,I 20,I 20 and Panola Rd,,Rear End,2,Clear,Dry,Daylight
2021-06-27T03:44:00.000,I 20,I 20 and Panola Rd,,Not a Collision with Motor Vehicle,1,Clear,Dry,Dark-Not Lighted
2021-06-21T17:25:00.000,I 20,I 20 and Panola Rd,,Angle Crash,2,Clear,Dry,Daylight
2021-02-26T12:30:00.000,I 20,I 20 and Panola Rd,,Rear End,2,Rain,Wet,Daylight
2021-04-13T09:50:00.000,I 20,I 20 and Panola Rd,,Rear End,2,Clear,Dry,Daylight
2021-05-05T18:04:00.000,I 20,I 20 and Panola Rd,,Rear End,2,Clear,Dry,Daylight
2021-02-19T07:55:00.000,I 20,I 20 and Panola Rd,,Rear End,2,Clear,Dry,Daylight
2021-05-10T10:00:00.000,I 20,I 20 and Panola Rd,,Rear End,3,Cloudy,Dry,Daylight
2021-02-03T19:06:00.000,I 20,I 20 and Panola Rd,,Rear End,2,Clear,Dry,Dark-Lighted
2021-03-08T17:18:00.000,I 20,I 20 and Panola Rd,,Angle Crash,2,Clear,Dry,Daylight
2021-06-17T17:05:00.000,I 20,I 20 and Panola Rd,,Rear End,2,Clear,Dry,Daylight
2021-02-03T18:55:00.000,I 20,I 20 and Panola Rd,,Rear End,2,Clear,Dry,Dark-Lighted
2021-03-05T13:30:00.000,I 20,I 20 and Panola Rd,,Rear End,2,Clear,Dry,Daylight
2021-02-26T12:35:00.000,I 20,I 20 and Panola Rd,,Rear End,2,Rain,Wet,Daylight
2021-06-15T11:18:00.000,I 20,I 20 and Panola Rd,,Sideswipe-Same Direction,2,Clear,Dry,Daylight
2021-06-18T15:08:00.000,I 20,I 20 and Panola Rd,,Rear End,2,Clear,Dry,Daylight
2021-04-14T13:40:00.000,I 20,I 20 and Panola Rd,,Rear End,3,Clear,Dry,Daylight
2021-03-29T08:50:00.000,I 20,I 20 and Panola Rd,,Rear End,2,Clear,Dry,Daylight
2021-06-03T10:30:00.000,I 20,I 20 and Panola Rd,,Rear End,2,Clear,Dry,Daylight
2021-01-19T15:30:00.000,I 20,I 20 and Panola Rd,,Not a Collision with Motor Vehicle,1,Clear,Dry,Daylight
2021-05-27T09:50:00.000,I 20,I 20 and Panola Rd,,Rear End,2,Clear,Dry,Daylight
2021-02-10T06:40:00.000,I 20,I 20 and Panola Rd,,Rear End,2,Clear,Dry,Dark-Not Lighted
2021-02-25T07:35:00.000,I 20,I 20 and Panola Rd,,Rear End,3,Clear,Dry,Daylight
2021-04-12T01:30:00.000,I 20,I 20 and Panola Rd,,Sideswipe-Same Direction,2,Clear,Dry,Dusk
2021-04-18T01:30:00.000,I 20,I 20 and Panola Rd,,Head On,4,Clear,Dry,Dark-Lighted
2021-03-03T00:00:00.000,I 20,I 20 and Panola Rd,,Rear End,2,Clear,Wet,Daylight
2021-04-22T13:20:00.000,I 20,I 20 and Panola Rd,,Rear End,2,Clear,Dry,Daylight
2021-03-13T15:22:00.000,I 20,I 20 and Panola Rd,,Rear End,2,Clear,Dry,Daylight
2021-02-15T06:26:00.000,I 20,I 20 and Panola Rd,,Angle Crash,2,Cloudy,Wet,Dark-Not Lighted
2021-03-09T09:45:00.000,I 20,I 20 and Panola Rd,,Rear End,2,Clear,Dry,Daylight
2021-04-26T18:50:00.000,I 20,I 20 and Panola Rd,,Not a Collision with Motor Vehicle,2,Clear,Dry,Daylight
2021-06-21T17:10:00.000,I 20,I 20 and Panola Rd,,Angle Crash,2,Clear,Dry,Daylight
2021-01-14T14:45:00.000,I 20,I 20 and Panola Rd,,Rear End,2,Clear,Dry,Daylight
2021-04-01T19:13:00.000,I 20,I 20 and Panola Rd,,Rear End,2,Clear,Dry,Daylight
2021-03-27T14:50:00.000,I 20,I 20 and Panola Rd,,Rear End,2,Clear,Dry,Daylight
2021-02-17T14:34:00.000,I 20,I 20 and Panola Rd,,Sideswipe-Same Direction,2,Clear,Dry,Daylight
2021-01-02T15:26:00.000,I 20,I 20 and Panola Rd,,Rear End,4,Clear,Dry,Daylight
2021-06-04T18:11:00.000,I 20,I 20 and Panola Rd,,Sideswipe-Same Direction,2,Clear,Dry,Daylight
2021-04-07T12:25:00.000,I 20,I 20 and Panola Rd,,Rear End,2,Clear,Dry,Daylight
2021-04-02T00:00:00.000,I 20,I 20 and Panola Rd,,Rear End,2,Clear,Dry,Dark-Lighted
2021-01-01T16:00:00.000,I 20,I 20 and Panola Rd,,Sideswipe-Same Direction,2,Rain,Wet,Daylight
2021-05-25T15:34:00.000,I 20,I 20 and Panola Rd,,Rear End,2,Clear,Dry,Daylight
2021-03-31T21:58:00.000,I 20,I 20 and Panola Rd,,Rear End,3,Clear,Dry,Dark-Not Lighted
2021-02-27T16:18:00.000,I 20,I 20 and Panola Rd,,Rear End,3,Clear,Dry,Daylight
2021-04-10T00:00:00.000,I 20,I 20 and Panola Rd,,Rear End,2,Cloudy,Wet,Daylight
2021-06-10T11:05:00.000,I 20,I 20 and Panola Rd,,Sideswipe-Same Direction,3,Clear,Dry,Daylight
2021-02-23T18:10:00.000,I 20,I 20 and Panola Rd,,Sideswipe-Same Direction,2,Clear,Dry,Dark-Not Lighted
2021-06-09T16:17:00.000,I 20,I 20 and Panola Rd,,Rear End,2,Clear,Dry,Daylight
2021-03-19T07:55:00.000,I 20,I 20 and Panola Rd,,Rear End,3,Clear,Dry,Daylight
2021-03-17T06:30:00.000,I 20,I 20 and Panola Rd,,Rear End,2,Clear,Dry,Dark-Not Lighted
2021-04-01T07:52:00.000,I 20,I 20 and Panola Rd,,Rear End,2,Clear,Dry,Daylight
2021-03-16T11:06:00.000,I 20,I 20 and Panola Rd,,Not a Collision with Motor Vehicle,1,Rain,Wet,Daylight
2021-05-10T12:10:00.000,I 20,I 20 and Panola Rd,,Sideswipe-Same Direction,2,Clear,Dry,Daylight
2021-02-06T16:06:00.000,I 20,I 20 and Panola Rd,,Rear End,3,Rain,Wet,Daylight
2021-06-14T08:40:00.000,I 20,I 20 and Panola Rd,,Rear End,2,Clear,Dry,Daylight
2021-04-08T18:10:00.000,I 20,I 20 and Panola Rd,,Sideswipe-Same Direction,2,Clear,Dry,Daylight
2021-05-21T14:20:00.000,I 20,I 20 and Panola Rd,,Rear End,2,Clear,Dry,Daylight
2021-02-10T06:55:00.000,I 20,I 20 and Panola Rd,,Rear End,2,Clear,Dry,Daylight
2021-06-16T13:48:00.000,I 20,I 20 and Panola Rd,,Rear End,2,Clear,Dry,Daylight
2021-05-06T09:20:00.000,I 20,I 20 and Panola Rd,,Sideswipe-Same Direction,2,Clear,Dry,Daylight
2021-03-25T15:27:00.000,I 20,I 20 and Panola Rd,,Sideswipe-Same Direction,2,Clear,Dry,Daylight
2021-06-10T11:05:00.000,I 20,I 20 and Panola Rd,,Rear End,2,Clear,Dry,Daylight
2021-03-13T14:31:00.000,I 20,I 20 and Panola Rd,,Rear End,2,Clear,Dry,Daylight
2021-04-22T22:22:00.000,I 20,I 20 and Panola Rd,,Not a Collision with Motor Vehicle,1,Clear,Dry,Dark-Lighted