Date and Time,Roadway (From Crash Report),Intersection Name (from Crash Report),KABCO Severity,Manner of Collision (Crash Level) ,# of Vehicles per crash ,Weather Conditions (Crash Level),Surface Condition (Crash Level) ,Light Conditions (Crash Level)
2021-01-09T00:42:00.000,I 20,I 20 and Panola Rd,,Rear End,3,Clear,Dry,Dark-Lighted
2021-04-19T23:00:00.000,I 20,I 20 and Panola Rd,,Rear End,2,Clear,Dry,Dark-Lighted
2021-04-01T09:28:00.000,I 20,I 20 and Panola Rd,,Rear End,5,Clear,Dry,Daylight
2021-03-12T11:10:00.000,I 20,I 20 and Panola Rd,,Rear End,2,Clear,Dry,Daylight
2021-02-24T14:20:00.000,I 20,I 20 and Panola Rd,,Rear End,2,Clear,Dry,Daylight
2021-05-26T14:30:00.000,I 20,I 20 and Panola Rd,,Rear End,2,Clear,Dry,Daylight
2021-05-27T14:26:00.000,I 20,I 20 and Panola Rd,,Rear End,2,Clear,Dry,Daylight
2021-11-27T00:00:00.000,I 20,I 20 and Panola Rd,,Sideswipe-Same Direction,2,Clear,Dry,Dark-Lighted
2021-12-21T18:40:00.000,I 20,I 20 and Panola Rd,,Rear End,2,Clear,Wet,Dark-Not Lighted
2021-08-13T00:00:00.000,I 20,I 20 and Panola Rd,,Rear End,2,Clear,Dry,Daylight
2021-12-03T00:00:00.000,I 20,I 20 and Panola Rd,,Rear End,2,Clear,Dry,Daylight
2021-10-22T18:30:00.000,I 20,I 20 and Panola Rd,,Rear End,2,Clear,Dry,Daylight
2021-08-12T16:55:00.000,I 20,I 20 and Panola Rd,,Rear End,2,Clear,Dry,Daylight
2021-12-20T14:40:00.000,I 20,I 20 and Panola Rd,,Rear End,3,Clear,Dry,Daylight
2021-09-15T10:25:00.000,I 20,I 20 and Panola Rd,,Rear End,2,Clear,Dry,Daylight
2021-10-03T01:09:00.000,I 20,I 20 and Panola Rd,,Rear End,2,Clear,Dry,Dark-Not Lighted
2021-09-07T00:00:00.000,I 20,I 20 and Panola Rd,,Not a Collision with Motor Vehicle,1,Clear,Dry,Dark-Not Lighted
2021-07-29T17:30:00.000,I 20,I 20 and Panola Rd,,Rear End,2,Clear,Dry,Daylight
2021-09-06T08:45:00.000,I 20,I 20 and Panola Rd,,Sideswipe-Same Direction,2,Clear,Dry,Daylight
2021-09-16T15:40:00.000,I 20,I 20 and Panola Rd,,Rear End,2,Rain,Wet,Daylight
2021-11-24T19:00:00.000,I 20,I 20 and Panola Rd,,Rear End,3,Clear,Dry,Dark-Not Lighted
2021-10-28T09:55:00.000,I 20,I 20 and Panola Rd,,Rear End,2,Rain,Wet,Daylight
2021-10-22T08:20:00.000,I 20,I 20 and Panola Rd,,Not a Collision with Motor Vehicle,1,Clear,Dry,Daylight
2021-10-05T16:15:00.000,I 20,I 20 and Panola Rd,,Rear End,2,Clear,Dry,Daylight
2021-09-30T06:13:00.000,I 20,I 20 and Panola Rd,,Rear End,2,Clear,Dry,Daylight
2021-08-08T21:38:00.000,I 20,I 20 and Panola Rd,,Sideswipe-Same Direction,2,Clear,Dry,Dark-Not Lighted
2021-09-13T17:30:00.000,I 20,I 20 and Panola Rd,,Rear End,2,Clear,Dry,Daylight
2021-12-16T20:27:00.000,I 20,I 20 and Panola Rd,,Head On,4,Clear,Dry,Dark-Lighted
2021-09-01T14:19:00.000,I 20,I 20 and Panola Rd,,Angle Crash,2,Clear,Dry,Daylight
2021-11-25T00:00:00.000,I 20,I 20 and Panola Rd,,Sideswipe-Same Direction,2,Clear,Dry,Dark-Lighted
2021-11-19T15:50:00.000,I 20,I 20 and Panola Rd,,Rear End,2,Clear,Dry,Daylight
2021-09-20T08:20:00.000,I 20,I 20 and Panola Rd,,Rear End,2,Rain,Wet,Daylight
2021-12-05T18:00:00.000,I 20,I 20 and Panola Rd,,Angle Crash,6,Clear,Dry,Dark-Not Lighted
2021-07-20T16:30:00.000,I 20,I 20 and Panola Rd,,Rear End,2,Rain,Wet,Daylight
2021-10-26T08:50:00.000,I 20,I 20 and Panola Rd,,Rear End,2,Clear,Dry,Daylight
2021-12-16T15:18:00.000,I 20,I 20 and Panola Rd,,Rear End,4,Clear,Dry,Daylight
2021-10-20T17:00:00.000,I 20,I 20 and Panola Rd,,Angle Crash,2,Clear,Dry,Daylight
2021-12-21T12:46:00.000,I 20,I 20 and Panola Rd,,Sideswipe-Same Direction,2,Cloudy,Wet,Daylight
2021-11-04T06:00:00.000,I 20,I 20 and Panola Rd,,Rear End,2,Clear,Dry,Dark-Lighted
2021-08-19T19:37:00.000,I 20,I 20 and Panola Rd,,Rear End,2,Cloudy,Wet,Daylight
2021-08-10T07:20:00.000,I 20,I 20 and Panola Rd,,Not a Collision with Motor Vehicle,1,Clear,Dry,Daylight
2021-12-08T10:00:00.000,I 20,I 20 and Panola Rd,,Rear End,2,Cloudy,Wet,Daylight
2021-10-01T10:30:00.000,I 20,I 20 and Panola Rd,,Rear End,2,Clear,Dry,Daylight
2021-08-10T07:00:00.000,I 20,I 20 and Panola Rd,,Not a Collision with Motor Vehicle,1,Clear,Dry,Daylight
2021-12-04T19:55:00.000,I 20,I 20 and Panola Rd,,Rear End,2,Clear,Dry,Dark-Lighted
2021-10-29T16:20:00.000,I 20,I 20 and Panola Rd,,Rear End,3,Rain,Wet,Daylight
2021-11-20T21:00:00.000,I 20,I 20 and Panola Rd,,Angle Crash,4,Clear,Dry,Dark-Not Lighted
2021-07-22T11:50:00.000,I 20,I 20 and Panola Rd,,Rear End,2,Clear,Dry,Daylight
2021-10-29T23:46:00.000,I 20,I 20 and Panola Rd,,Rear End,2,Rain,Wet,Dark-Not Lighted
2021-07-02T15:09:00.000,I 20,I 20 and Panola Rd,,Rear End,4,Cloudy,Wet,Daylight
2021-08-20T19:45:00.000,I 20,I 20 and Panola Rd,,Rear End,4,Clear,Dry,Daylight
2021-12-10T00:00:00.000,I 20,I 20 and Panola Rd,,Sideswipe-Same Direction,2,Cloudy,Wet,Daylight
2021-07-20T21:50:00.000,I 20,I 20 and Panola Rd,,Rear End,2,Clear,Dry,Dark-Not Lighted
2021-12-17T14:20:00.000,I 20,I 20 and Panola Rd,,Rear End,2,Cloudy,Dry,Daylight
2021-09-04T04:00:00.000,I 20,I 20 and Panola Rd,,Rear End,2,Clear,Dry,Dark-Lighted
2021-10-01T13:00:00.000,I 20,I 20 and Panola Rd,,Rear End,3,Cloudy,Dry,Daylight
2021-09-03T22:35:00.000,I 20,I 20 and Panola Rd,,Rear End,3,Clear,Dry,Dark-Lighted
2021-09-30T08:13:00.000,I 20,I 20 and Panola Rd,,Rear End,2,Clear,Dry,Daylight
2021-10-05T16:15:00.000,I 20,I 20 and Panola Rd,,Sideswipe-Same Direction,2,Clear,Wet,Daylight
2021-11-19T10:00:00.000,I 20,I 20 and Panola Rd,,Rear End,2,Clear,Dry,Daylight
2021-07-15T16:30:00.000,I 20,I 20 and Panola Rd,,Rear End,2,Clear,Dry,Daylight
2021-07-15T17:27:00.000,I 20,I 20 and Panola Rd,,Rear End,2,Clear,Dry,Daylight
2021-09-05T00:32:00.000,I 20,I 20 and Panola Rd,,Sideswipe-Same Direction,2,Clear,Dry,Dark-Lighted
2021-10-02T13:38:00.000,I 20,I 20 and Panola Rd,,Rear End,2,Clear,Dry,Daylight
2021-08-06T10:00:00.000,I 20,I 20 and Panola Rd,,Sideswipe-Same Direction,2,Clear,Dry,Daylight
2021-11-16T13:30:00.000,I 20,I 20 and Panola Rd,,Not a Collision with Motor Vehicle,2,Clear,Dry,Daylight
2021-08-02T12:30:00.000,I 20,I 20 and Panola Rd,,Rear End,2,Clear,Dry,Daylight
2021-12-14T17:50:00.000,I 20,I 20 and Panola Rd,,Rear End,2,Clear,Dry,Dark-Not Lighted
2021-12-10T12:30:00.000,I 20,I 20 and Panola Rd,,Rear End,2,Rain,Wet,Daylight
2021-10-18T14:49:00.000,I 20,I 20 and Panola Rd,,Sideswipe-Same Direction,2,Clear,Dry,Daylight
2021-12-13T00:10:00.000,I 20,I 20 and Panola Rd,,Angle Crash,2,Clear,Dry,Dark-Not Lighted
2021-10-25T01:29:00.000,I 20,I 20 and Panola Rd,,Not a Collision with Motor Vehicle,1,Clear,Dry,Dark-Not Lighted
2021-10-29T18:35:00.000,I 20,I 20 and Panola Rd,,Rear End,2,Rain,Wet,Dark-Lighted
2021-12-16T17:00:00.000,I 20,I 20 and Panola Rd,,Rear End,2,Clear,Dry,Daylight
2021-12-24T13:35:00.000,I 20,I 20 and Panola Rd,,Rear End,3,Clear,Dry,Daylight
2021-08-16T09:00:00.000,I 20,I 20 and Panola Rd,,Sideswipe-Same Direction,2,Cloudy,Dry,Daylight
2021-09-29T00:00:00.000,I 20,I 20 and Panola Rd,,Rear End,2,Clear,Dry,Daylight
2021-07-10T14:00:00.000,I 20,I 20 and Panola Rd,,Rear End,2,Rain,Wet,Daylight
2021-12-04T00:00:00.000,I 20,I 20 and Panola Rd,,Rear End,2,Clear,Dry,Daylight
2021-08-15T18:55:00.000,I 20,I 20 and Panola Rd,,Rear End,2,Clear,Dry,Daylight
2021-11-11T13:00:00.000,I 20,I 20 and Panola Rd,,Sideswipe-Same Direction,2,Clear,Dry,Daylight
2021-09-19T18:24:00.000,I 20,I 20 and Panola Rd,,Sideswipe-Same Direction,2,Cloudy,Dry,Daylight
2021-10-13T07:40:00.000,I 20,I 20 and Panola Rd,,Rear End,2,Clear,Dry,Daylight
2021-12-22T19:33:00.000,I 20,I 20 and Panola Rd,,Rear End,2,Clear,Dry,Dark-Lighted
2021-12-10T16:00:00.000,I 20,I 20 and Panola Rd,,Rear End,2,Cloudy,Wet,Daylight
2021-07-20T12:40:00.000,I 20,I 20 and Panola Rd,,Rear End,2,Rain,Wet,Daylight
2021-08-15T17:30:00.000,I 20,I 20 and Panola Rd,,Angle Crash,2,Clear,Dry,Daylight
2021-11-05T21:00:00.000,I 20,I 20 and Panola Rd,,Sideswipe-Same Direction,2,Clear,Dry,Dark-Lighted
2021-08-25T16:00:00.000,I 20,I 20 and Panola Rd,,Sideswipe-Same Direction,2,Clear,Dry,Daylight
2021-12-23T13:30:00.000,I 20,I 20 and Panola Rd,,Rear End,2,Clear,Dry,Daylight
2021-12-20T15:00:00.000,I 20,I 20 and Panola Rd,,Angle Crash,2,Clear,Dry,Daylight
2021-09-27T15:00:00.000,I 20,I 20 and Panola Rd,,Rear End,2,Clear,Dry,Daylight
2021-12-22T14:40:00.000,I 20,I 20 and Panola Rd,,Rear End,3,Clear,Dry,Daylight
2021-12-10T07:17:00.000,I 20,I 20 and Panola Rd,,Rear End,2,Rain,Wet,Daylight
2021-11-19T14:20:00.000,I 20,I 20 and Panola Rd,,Rear End,2,Clear,Dry,Daylight
2021-12-29T20:20:00.000,I 20,I 20 and Panola Rd,,Rear End,2,Clear,Wet,Dark-Not Lighted
2021-12-16T21:00:00.000,I 20,I 20 and Panola Rd,,Rear End,2,Clear,Dry,Dark-Not Lighted
2021-10-12T06:10:00.000,I 20,I 20 and Panola Rd,,Rear End,2,Clear,Dry,Daylight
2021-08-30T12:25:00.000,I 20,I 20 and Panola Rd,,Not a Collision with Motor Vehicle,2,Clear,Dry,Daylight
2021-12-29T16:40:00.000,I 20,I 20 and Panola Rd,,Rear End,3,Clear,Dry,Daylight
2021-09-18T16:00:00.000,I 20,I 20 and Panola Rd,,Rear End,2,Cloudy,Dry,Daylight
2021-08-10T00:00:00.000,I 20,I 20 and Panola Rd,,Not a Collision with Motor Vehicle,1,Clear,Dry,Dawn
2021-11-06T13:15:00.000,I 20,I 20 and Panola Rd,,Rear End,2,Clear,Dry,Daylight
2021-11-18T09:00:00.000,I 20,I 20 and Panola Rd,,Sideswipe-Same Direction,2,Clear,Dry,Daylight
2021-11-22T08:09:00.000,I 20,I 20 and Panola Rd,,Sideswipe-Same Direction,2,Rain,Wet,Daylight
2021-08-06T13:35:00.000,I 20,I 20 and Panola Rd,,Rear End,2,Cloudy,Dry,Daylight
2021-11-05T19:40:00.000,I 20,I 20 and Panola Rd,,Rear End,3,Clear,Dry,Dark-Not Lighted
2021-09-15T16:00:00.000,I 20,I 20 and Panola Rd,,Angle Crash,2,Clear,Dry,Daylight
2022-07-07T07:14:00.000,I 20,I 20 and Panola Rd,,Angle Crash,2,Clear,Dry,Daylight
2022-06-02T07:35:00.000,I 20,I 20 and Panola Rd,,Angle Crash,3,Clear,Dry,Daylight
2022-12-07T09:20:00.000,I 20,I 20 and Panola Rd,,Not a Collision with Motor Vehicle,1,Cloudy,Wet,Daylight
2022-10-26T10:55:00.000,I 20,I 20 and Panola Rd,,Rear End,2,Clear,Dry,Daylight
2022-05-20T11:25:00.000,I 20,I 20 and Panola Rd,,Not a Collision with Motor Vehicle,1,Clear,Dry,Daylight
2022-12-13T17:45:00.000,I 20,I 20 and Panola Rd,,Rear End,2,Clear,Dry,Dark-Not Lighted
2022-03-25T17:30:00.000,I 20,I 20 and Panola Rd,,Sideswipe-Same Direction,2,Clear,Dry,Daylight
2022-03-24T15:10:00.000,I 20,I 20 and Panola Rd,,Sideswipe-Same Direction,2,Clear,Dry,Daylight
2022-04-04T08:10:00.000,I 20,I 20 and Panola Rd,,Rear End,2,Clear,Dry,Daylight
2022-02-11T17:35:00.000,I 20,I 20 and Panola Rd,,Rear End,2,Clear,Dry,Dark-Not Lighted
2022-07-27T22:55:00.000,I 20,I 20 and Panola Rd,,Rear End,2,Clear,Dry,Dark-Not Lighted
2022-03-04T17:10:00.000,I 20,I 20 and Panola Rd,,Rear End,2,Clear,Dry,Daylight
2022-11-17T05:20:00.000,I 20,I 20 and Panola Rd,,Rear End,3,Clear,Dry,Dark-Not Lighted
2022-12-24T14:04:00.000,I 20,I 20 and Panola Rd,,Rear End,2,Clear,Dry,Daylight
2022-10-08T19:48:00.000,I 20,I 20 and Panola Rd,,Rear End,2,Clear,Dry,Dark-Not Lighted
2022-09-16T10:40:00.000,I 20,I 20 and Panola Rd,,Sideswipe-Same Direction,2,Clear,Dry,Daylight
2022-02-07T16:55:00.000,I 20,I 20 and Panola Rd,,Rear End,2,Clear,Dry,Daylight
2022-11-22T15:45:00.000,I 20,I 20 and Panola Rd,,Sideswipe-Same Direction,2,Clear,Dry,Daylight
2022-06-05T18:00:00.000,I 20,I 20 and Panola Rd,,Rear End,2,Clear,Dry,Daylight
2022-06-05T19:26:00.000,I 20,I 20 and Panola Rd,,Sideswipe-Same Direction,2,Clear,Dry,Daylight
2022-10-23T08:10:00.000,I 20,I 20 and Panola Rd,,Sideswipe-Same Direction,2,Clear,Dry,Dark-Not Lighted
2021-10-26T09:35:00.000,I 20,I 20 and Panola Rd,,Rear End,2,Clear,Dry,Daylight
2021-07-11T00:30:00.000,I 20,I 20 and Panola Rd,,Rear End,3,Clear,Dry,Dark-Lighted
2021-09-21T15:00:00.000,I 20,I 20 and Panola Rd,,Angle Crash,2,Clear,Dry,Daylight
2021-12-01T15:30:00.000,I 20,I 20 and Panola Rd,,Rear End,2,Clear,Dry,Daylight
2021-10-29T18:57:00.000,I 20,I 20 and Panola Rd,,Rear End,4,Rain,Wet,Dark-Lighted
2021-11-29T12:00:00.000,I 20,I 20 and Panola Rd,,Rear End,2,Clear,Dry,Daylight
2021-07-07T17:25:00.000,I 20,I 20 and Panola Rd,,Rear End,2,Clear,Dry,Daylight
2021-12-14T18:15:00.000,I 20,I 20 and Panola Rd,,Rear End,2,Clear,Dry,Dark-Not Lighted
2021-12-18T18:30:00.000,I 20,I 20 and Panola Rd,,Rear End,2,Cloudy,Wet,Dark-Not Lighted
2021-11-19T13:45:00.000,I 20,I 20 and Panola Rd,,Sideswipe-Same Direction,2,Clear,Dry,Daylight
2021-07-20T14:45:00.000,I 20,I 20 and Panola Rd,,Sideswipe-Same Direction,3,Cloudy,Wet,Daylight
2021-11-12T15:39:00.000,I 20,I 20 and Panola Rd,,Sideswipe-Same Direction,2,Clear,Dry,Daylight
2021-12-18T11:50:00.000,I 20,I 20 and Panola Rd,,Rear End,2,Clear,Dry,Daylight
2021-09-28T15:30:00.000,I 20,I 20 and Panola Rd,,Sideswipe-Same Direction,2,Clear,Dry,Daylight
2021-09-10T17:28:00.000,I 20,I 20 and Panola Rd,,Rear End,2,Clear,Dry,Daylight
2021-07-01T15:17:00.000,I 20,I 20 and Panola Rd,,Rear End,2,Clear,Dry,Daylight
2021-10-03T00:00:00.000,I 20,I 20 and Panola Rd,,Rear End,2,Clear,Dry,Dark-Not Lighted
2021-12-29T20:00:00.000,I 20,I 20 and Panola Rd,,Sideswipe-Same Direction,2,Rain,Wet,Dark-Not Lighted
2021-12-25T03:29:00.000,I 20,I 20 and Panola Rd,,Angle Crash,2,Clear,Dry,Dark-Not Lighted
2021-10-18T08:30:00.000,I 20,I 20 and Panola Rd,,Sideswipe-Same Direction,2,Clear,Dry,Daylight
2021-10-08T15:12:00.000,I 20,I 20 and Panola Rd,,Sideswipe-Same Direction,2,Clear,Dry,Daylight
2021-10-07T13:20:00.000,I 20,I 20 and Panola Rd,,Rear End,2,Cloudy,Dry,Daylight
2021-12-21T01:56:00.000,I 20,I 20 and Panola Rd,,Not a Collision with Motor Vehicle,1,Clear,Dry,Dark-Lighted
2021-11-23T13:17:00.000,I 20,I 20 and Panola Rd,,Rear End,3,Clear,Dry,Daylight
2021-11-06T13:45:00.000,I 20,I 20 and Panola Rd,,Angle Crash,2,Clear,Dry,Daylight
2021-07-24T12:40:00.000,I 20,I 20 and Panola Rd,,Rear End,2,Clear,Dry,Daylight
2021-10-19T16:10:00.000,I 20,I 20 and Panola Rd,,Rear End,3,Clear,Dry,Daylight
2021-10-08T19:51:00.000,I 20,I 20 and Panola Rd,,Rear End,2,Clear,Dry,Dark-Lighted
2021-11-06T14:00:00.000,I 20,I 20 and Panola Rd,,Rear End,2,Clear,Dry,Daylight
2021-07-28T08:33:00.000,I 20,I 20 and Panola Rd,,Angle Crash,2,Clear,Dry,Daylight
2022-02-05T09:27:00.000,I 20,I 20 and Panola Rd,,Rear End,2,Clear,Dry,Daylight
2022-07-03T10:00:00.000,I 20,I 20 and Panola Rd,,Not a Collision with Motor Vehicle,1,Clear,Dry,Daylight
2022-01-06T15:55:00.000,I 20,I 20 and Panola Rd,,Angle Crash,2,Rain,Wet,Daylight
2022-01-07T14:54:00.000,I 20,I 20 and Panola Rd,,Rear End,2,Clear,Dry,Daylight
2022-12-11T13:25:00.000,I 20,I 20 and Panola Rd,,Rear End,2,Rain,Wet,Daylight
2022-10-05T17:00:00.000,I 20,I 20 and Panola Rd,,Rear End,2,Clear,Dry,Daylight
2022-12-15T18:50:00.000,I 20,I 20 and Panola Rd,,Rear End,3,Clear,Dry,Dark-Lighted
2022-05-21T12:40:00.000,I 20,I 20 and Panola Rd,,Rear End,2,Clear,Dry,Daylight
2022-05-05T05:21:00.000,I 20,I 20 and Panola Rd,,Sideswipe-Same Direction,2,Clear,Dry,Dark-Not Lighted
2022-10-21T16:20:00.000,I 20,I 20 and Panola Rd,,Rear End,2,Clear,Dry,Daylight
2022-01-21T01:50:00.000,I 20,I 20 and Panola Rd,,Rear End,2,Clear,Wet,Dark-Lighted
2022-09-26T15:38:00.000,I 20,I 20 and Panola Rd,,Sideswipe-Same Direction,2,Clear,Dry,Daylight
2022-01-12T14:05:00.000,I 20,I 20 and Panola Rd,,Rear End,2,Clear,Dry,Daylight
2022-07-12T11:10:00.000,I 20,I 20 and Panola Rd,,Sideswipe-Same Direction,2,Cloudy,Dry,Daylight
2022-07-09T21:12:00.000,I 20,I 20 and Panola Rd,,Rear End,3,Cloudy,Dry,Dark-Not Lighted
2022-12-04T22:45:00.000,I 20,I 20 and Panola Rd,,Rear End,2,Clear,Dry,Dark-Not Lighted
2022-03-16T14:09:00.000,I 20,I 20 and Panola Rd,,Rear End,2,Cloudy,Dry,Daylight
2022-08-06T18:11:00.000,I 20,I 20 and Panola Rd,,Sideswipe-Same Direction,2,Clear,Dry,Dark-Lighted
2022-07-15T11:00:00.000,I 20,I 20 and Panola Rd,,Not a Collision with Motor Vehicle,2,Clear,Dry,Daylight
2022-09-01T09:20:00.000,I 20,I 20 and Panola Rd,,Rear End,2,Clear,Dry,Daylight
2022-10-18T10:30:00.000,I 20,I 20 and Panola Rd,,Rear End,2,Clear,Dry,Daylight
2022-03-24T14:36:00.000,I 20,I 20 and Panola Rd,,Sideswipe-Same Direction,2,Clear,Dry,Daylight
2022-02-18T13:06:00.000,I 20,I 20 and Panola Rd,,Rear End,2,Clear,Dry,Daylight
2022-05-20T14:30:00.000,I 20,I 20 and Panola Rd,,Sideswipe-Same Direction,2,Clear,Dry,Daylight
2022-06-05T06:00:00.000,I 20,I 20 and Panola Rd,,Rear End,2,Clear,Dry,Dawn
2022-01-25T09:20:00.000,I 20,I 20 and Panola Rd,,Rear End,2,Clear,Dry,Daylight
2022-06-06T10:20:00.000,I 20,I 20 and Panola Rd,,Rear End,4,Clear,Dry,Daylight
2022-10-12T16:50:00.000,I 20,I 20 and Panola Rd,,Rear End,3,Rain,Wet,Daylight
2022-03-10T18:23:00.000,I 20,I 20 and Panola Rd,,Rear End,2,Clear,Dry,Daylight
2022-07-16T22:55:00.000,I 20,I 20 and Panola Rd,,Rear End,2,Clear,Dry,Dark-Lighted
2022-09-16T09:10:00.000,I 20,I 20 and Panola Rd,,Rear End,2,Clear,Dry,Daylight
2022-02-03T14:26:00.000,I 20,I 20 and Panola Rd,,Rear End,2,Rain,Wet,Daylight
2022-03-15T16:30:00.000,I 20,I 20 and Panola Rd,,Rear End,2,Rain,Wet,Daylight
2022-08-31T00:00:00.000,I 20,I 20 and Panola Rd,,Rear End,2,Clear,Dry,Daylight
2022-01-27T23:01:00.000,I 20,I 20 and Panola Rd,,Not a Collision with Motor Vehicle,1,Clear,Dry,Dark-Lighted
2022-06-10T13:35:00.000,I 20,I 20 and Panola Rd,,Rear End,2,Clear,Dry,Daylight
2022-01-20T12:20:00.000,I 20,I 20 and Panola Rd,,Rear End,2,Rain,Wet,Daylight
2022-02-28T14:40:00.000,I 20,I 20 and Panola Rd,,Not a Collision with Motor Vehicle,1,Clear,Dry,Daylight
2022-02-11T22:00:00.000,I 20,I 20 and Panola Rd,,Rear End,4,Clear,Dry,Dark-Not Lighted
2022-05-31T10:55:00.000,I 20,I 20 and Panola Rd,,Sideswipe-Same Direction,2,Clear,Dry,Daylight
2022-03-02T09:20:00.000,I 20,I 20 and Panola Rd,,Rear End,3,Clear,Dry,Daylight
2022-06-06T14:15:00.000,I 20,I 20 and Panola Rd,,Sideswipe-Same Direction,2,Clear,Dry,Daylight
2022-05-18T16:38:00.000,I 20,I 20 and Panola Rd,,Rear End,2,Clear,Dry,Daylight
2022-04-15T14:05:00.000,I 20,I 20 and Panola Rd,,Rear End,2,Clear,Dry,Daylight
2022-07-21T08:48:00.000,I 20,I 20 and Panola Rd,,Rear End,2,Rain,Wet,Daylight
2022-12-05T16:41:00.000,I 20,I 20 and Panola Rd,,Sideswipe-Same Direction,2,Rain,Wet,Dark-Not Lighted
2022-06-18T13:50:00.000,I 20,I 20 and Panola Rd,,Sideswipe-Same Direction,2,Clear,Dry,Daylight
2022-12-31T17:00:00.000,I 20,I 20 and Panola Rd,,Rear End,2,Clear,Dry,Dark-Not Lighted
2022-05-18T18:36:00.000,I 20,I 20 and Panola Rd,,Rear End,2,Clear,Dry,Daylight
2022-06-02T06:20:00.000,I 20,I 20 and Panola Rd,,Not a Collision with Motor Vehicle,1,Clear,Dry,Daylight
2022-12-12T14:00:00.000,I 20,I 20 and Panola Rd,,Rear End,3,Clear,Dry,Daylight
2022-09-24T12:30:00.000,I 20,I 20 and Panola Rd,,Rear End,2,Clear,Dry,Daylight
2022-01-07T16:00:00.000,I 20,I 20 and Panola Rd,,Rear End,2,Clear,Dry,Daylight
2022-07-26T18:34:00.000,I 20,I 20 and Panola Rd,,Rear End,2,Clear,Dry,Daylight
2022-02-14T07:00:00.000,I 20,I 20 and Panola Rd,,Rear End,2,Clear,Dry,Daylight
2022-02-25T16:44:00.000,I 20,I 20 and Panola Rd,,Rear End,2,Clear,Dry,Daylight
2022-10-21T14:45:00.000,I 20,I 20 and Panola Rd,,Angle Crash,2,Clear,Dry,Daylight
2022-11-12T14:33:00.000,I 20,I 20 and Panola Rd,,Rear End,2,Cloudy,Dry,Daylight
2022-02-18T08:05:00.000,I 20,I 20 and Panola Rd,,Rear End,2,Cloudy,Dry,Daylight
2022-09-28T15:47:00.000,I 20,I 20 and Panola Rd,,Rear End,2,Clear,Dry,Daylight
2022-10-11T09:05:00.000,I 20,I 20 and Panola Rd,,Sideswipe-Same Direction,2,Clear,Dry,Daylight
2022-06-02T09:22:00.000,I 20,I 20 and Panola Rd,,Rear End,2,Clear,Dry,Daylight
2022-02-19T18:00:00.000,I 20,I 20 and Panola Rd,,Rear End,2,Clear,Dry,Dusk
2022-12-13T14:26:00.000,I 20,I 20 and Panola Rd,,Sideswipe-Same Direction,2,Cloudy,Dry,Daylight
2022-02-05T17:11:00.000,I 20,I 20 and Panola Rd,,Sideswipe-Same Direction,2,Clear,Dry,Daylight
2022-05-31T15:00:00.000,I 20,I 20 and Panola Rd,,Rear End,2,Clear,Dry,Daylight
2022-05-27T16:00:00.000,I 20,I 20 and Panola Rd,,Rear End,2,Clear,Dry,Daylight
2022-06-20T16:27:00.000,I 20,I 20 and Panola Rd,,Sideswipe-Same Direction,2,Clear,Dry,Daylight
2022-02-19T12:10:00.000,I 20,I 20 and Panola Rd,,Rear End,2,Clear,Dry,Daylight
2022-11-11T16:40:00.000,I 20,I 20 and Panola Rd,,Angle Crash,2,Clear,Dry,Dark-Lighted
2022-10-13T13:00:00.000,I 20,I 20 and Panola Rd,,Sideswipe-Same Direction,2,Clear,Dry,Daylight
2022-11-09T18:52:00.000,I 20,I 20 and Panola Rd,,Rear End,3,Clear,Dry,Dark-Not Lighted
2022-05-03T17:18:00.000,I 20,I 20 and Panola Rd,,Sideswipe-Same Direction,2,Clear,Dry,Daylight
2022-12-02T10:25:00.000,I 20,I 20 and Panola Rd,,Rear End,2,Clear,Dry,Daylight
2022-12-18T15:15:00.000,I 20,I 20 and Panola Rd,,Rear End,2,Clear,Dry,Daylight
2022-03-21T09:43:00.000,I 20,I 20 and Panola Rd,,Rear End,2,Clear,Dry,Daylight
2022-11-21T16:49:00.000,I 20,I 20 and Panola Rd,,Rear End,2,Clear,Dry,Dusk
2022-05-04T09:40:00.000,I 20,I 20 and Panola Rd,,Rear End,2,Clear,Dry,Daylight
2022-11-14T12:13:00.000,I 20,I 20 and Panola Rd,,Sideswipe-Same Direction,2,Clear,Dry,Daylight
2022-03-13T03:07:00.000,I 20,I 20 and Panola Rd,,Rear End,3,Clear,Dry,Dark-Lighted
2022-08-02T22:00:00.000,I 20,I 20 and Panola Rd,,Rear End,2,Clear,Dry,Dark-Not Lighted
2022-05-11T14:56:00.000,I 20,I 20 and Panola Rd,,Rear End,2,Clear,Dry,Daylight
2022-07-01T16:30:00.000,I 20,I 20 and Panola Rd,,Rear End,3,Clear,Dry,Daylight
2022-03-03T19:20:00.000,I 20,I 20 and Panola Rd,,Rear End,4,Clear,Dry,Daylight
2022-03-03T16:53:00.000,I 20,I 20 and Panola Rd,,Rear End,2,Clear,Dry,Daylight
2022-10-10T15:28:00.000,I 20,I 20 and Panola Rd,,Rear End,2,Clear,Dry,Daylight
2022-06-03T17:50:00.000,I 20,I 20 and Panola Rd,,Sideswipe-Same Direction,2,Clear,Dry,Daylight
2022-01-28T15:15:00.000,I 20,I 20 and Panola Rd,,Rear End,2,Clear,Dry,Daylight
2022-07-08T20:11:00.000,I 20,I 20 and Panola Rd,,Rear End,2,Clear,Dry,Daylight
2022-02-28T14:10:00.000,I 20,I 20 and Panola Rd,,Rear End,2,Clear,Dry,Daylight
2022-01-06T14:55:00.000,I 20,I 20 and Panola Rd,,Rear End,2,Rain,Wet,Daylight
2022-03-14T06:35:00.000,I 20,I 20 and Panola Rd,,Rear End,2,Clear,Dry,Dark-Not Lighted
2022-10-05T08:19:00.000,I 20,I 20 and Panola Rd,,Sideswipe-Same Direction,2,Clear,Dry,Daylight