Date and Time,Roadway (From Crash Report),Intersection Name (from Crash Report),KABCO Severity,Manner of Collision (Crash Level) ,# of Vehicles per crash ,Weather Conditions (Crash Level),Surface Condition (Crash Level) ,Light Conditions (Crash Level)
2022-12-20T11:15:00.000,I 20,I 20 and Panola Rd,,Rear End,2,Rain,Wet,Daylight
2022-08-31T09:00:00.000,I 20,I 20 and Panola Rd,,Rear End,2,Clear,Dry,Daylight
2022-03-04T18:50:00.000,I 20,I 20 and Panola Rd,,Angle Crash,2,Clear,Dry,Dark-Not Lighted
2022-07-07T15:13:00.000,I 20,I 20 and Panola Rd,,Rear End,2,Clear,Dry,Daylight
2022-02-05T14:07:00.000,I 20,I 20 and Panola Rd,,Rear End,2,Clear,Dry,Daylight
2022-08-05T10:30:00.000,I 20,I 20 and Panola Rd,,Not a Collision with Motor Vehicle,1,Clear,Dry,Daylight
2022-10-07T13:56:00.000,I 20,I 20 and Panola Rd,,Rear End,2,Clear,Dry,Daylight
2022-12-09T18:34:00.000,I 20,I 20 and Panola Rd,,Rear End,3,Rain,Wet,Dark-Not Lighted
2022-09-13T17:09:00.000,I 20,I 20 and Panola Rd,,Rear End,2,Clear,Dry,Daylight
2022-12-17T20:25:00.000,I 20,I 20 and Panola Rd,,Rear End,2,Clear,Dry,Dark-Not Lighted
2022-08-06T18:00:00.000,I 20,I 20 and Panola Rd,,Rear End,3,Clear,Dry,Daylight
2022-04-30T14:19:00.000,I 20,I 20 and Panola Rd,,Rear End,2,Clear,Dry,Daylight
2022-10-21T17:00:00.000,I 20,I 20 and Panola Rd,,Angle Crash,2,Clear,Dry,Daylight
2022-12-14T18:00:00.000,I 20,I 20 and Panola Rd,,Rear End,2,Clear,Dry,Daylight
2022-12-16T14:30:00.000,I 20,I 20 and Panola Rd,,Angle Crash,2,Clear,Dry,Daylight
2022-02-14T10:30:00.000,I 20,I 20 and Panola Rd,,Rear End,2,Clear,Dry,Daylight
2022-06-16T00:25:00.000,I 20,I 20 and Panola Rd,,Rear End,2,Clear,Dry,Dark-Not Lighted
2022-10-04T19:20:00.000,I 20,I 20 and Panola Rd,,Rear End,2,Clear,Dry,Daylight
2022-08-05T13:25:00.000,I 20,I 20 and Panola Rd,,Rear End,3,Clear,Dry,Daylight
2022-06-29T08:44:00.000,I 20,I 20 and Panola Rd,,Rear End,2,Cloudy,Dry,Daylight
2022-06-08T17:30:00.000,I 20,I 20 and Panola Rd,,Rear End,2,Clear,Dry,Daylight
2022-10-21T16:20:00.000,I 20,I 20 and Panola Rd,,Rear End,4,Clear,Dry,Daylight
2022-03-08T14:54:00.000,I 20,I 20 and Panola Rd,,Sideswipe-Same Direction,2,Rain,Wet,Daylight
2022-03-01T11:00:00.000,I 20,I 20 and Panola Rd,,Rear End,2,Clear,Dry,Daylight
2022-05-06T16:30:00.000,I 20,I 20 and Panola Rd,,Sideswipe-Same Direction,2,Clear,Dry,Daylight
2022-03-31T07:45:00.000,I 20,I 20 and Panola Rd,,Rear End,2,Rain,Wet,Daylight
2022-09-22T17:51:00.000,I 20,I 20 and Panola Rd,,Sideswipe-Same Direction,2,Clear,Dry,Daylight
2022-07-27T18:39:00.000,I 20,I 20 and Panola Rd,,Sideswipe-Same Direction,2,Clear,Dry,Daylight
2022-09-02T10:10:00.000,I 20,I 20 and Panola Rd,,Rear End,4,Clear,Dry,Daylight
2022-02-15T10:40:00.000,I 20,I 20 and Panola Rd,,Rear End,2,Clear,Dry,Daylight
2022-11-09T16:00:00.000,I 20,I 20 and Panola Rd,,Rear End,2,Clear,Dry,Daylight
2022-05-24T19:45:00.000,I 20,I 20 and Panola Rd,,Rear End,2,Clear,Dry,Daylight
2022-05-07T11:24:00.000,I 20,I 20 and Panola Rd,,Sideswipe-Same Direction,2,Clear,Dry,Daylight
2022-05-30T13:44:00.000,I 20,I 20 and Panola Rd,,Rear End,2,Clear,Dry,Daylight
2022-02-09T09:00:00.000,I 20,I 20 and Panola Rd,,Rear End,2,Clear,Dry,Daylight
2022-06-29T18:45:00.000,I 20,I 20 and Panola Rd,,Angle Crash,2,Cloudy,Dry,Daylight
2022-06-08T07:40:00.000,I 20,I 20 and Panola Rd,,Rear End,2,Cloudy,Dry,Daylight
2022-05-26T19:28:00.000,I 20,I 20 and Panola Rd,,Rear End,2,Clear,Dry,Daylight
2022-02-18T14:08:00.000,I 20,I 20 and Panola Rd,,Sideswipe-Same Direction,2,Clear,Dry,Daylight
2022-10-27T08:55:00.000,I 20,I 20 and Panola Rd,,Rear End,2,Clear,Dry,Daylight
2022-11-17T20:00:00.000,I 20,I 20 and Panola Rd,,Sideswipe-Same Direction,2,Clear,Dry,Dark-Not Lighted
2022-02-17T15:20:00.000,I 20,I 20 and Panola Rd,,Rear End,2,Cloudy,Dry,Daylight
2022-07-30T08:35:00.000,I 20,I 20 and Panola Rd,,Sideswipe-Same Direction,2,Clear,Dry,Daylight
2022-01-31T13:00:00.000,I 20,I 20 and Panola Rd,,Rear End,2,Clear,Dry,Daylight
2022-03-10T17:20:00.000,I 20,I 20 and Panola Rd,,Rear End,2,Clear,Dry,Daylight
2022-02-10T16:24:00.000,I 20,I 20 and Panola Rd,,Sideswipe-Same Direction,2,Clear,Dry,Daylight
2022-11-21T16:19:00.000,I 20,I 20 and Panola Rd,,Rear End,2,Clear,Dry,Dusk
2022-05-26T18:50:00.000,I 20,I 20 and Panola Rd,,Rear End,2,Rain,Wet,Daylight
2022-06-26T16:20:00.000,I 20,I 20 and Panola Rd,,Rear End,2,Clear,Dry,Daylight
2022-11-11T18:20:00.000,I 20,I 20 and Panola Rd,,Sideswipe-Same Direction,2,Cloudy,Wet,Dark-Not Lighted
2022-08-25T07:40:00.000,I 20,I 20 and Panola Rd,,Sideswipe-Same Direction,2,Clear,Dry,Daylight
2022-02-05T16:30:00.000,I 20,I 20 and Panola Rd,,Rear End,2,Clear,Dry,Daylight
2022-05-14T10:15:00.000,I 20,I 20 and Panola Rd,,Rear End,2,Clear,Dry,Daylight
2022-02-21T18:00:00.000,I 20,I 20 and Panola Rd,,Rear End,2,Rain,Wet,Dark-Not Lighted
2022-12-22T09:38:00.000,I 20,I 20 and Panola Rd,,Rear End,2,Rain,Wet,Daylight
2022-01-19T18:30:00.000,I 20,I 20 and Panola Rd,,Rear End,2,Clear,Dry,Dark-Not Lighted
2022-02-08T16:28:00.000,I 20,I 20 and Panola Rd,,Sideswipe-Same Direction,2,Clear,Dry,Daylight
2022-03-19T12:55:00.000,I 20,I 20 and Panola Rd,,Rear End,2,Clear,Dry,Daylight
2022-12-15T19:00:00.000,I 20,I 20 and Panola Rd,,Rear End,2,Clear,Dry,Dark-Not Lighted
2022-08-25T03:00:00.000,I 20,I 20 and Panola Rd,,Rear End,2,Clear,Dry,Dark-Not Lighted
2022-02-02T09:35:00.000,I 20,I 20 and Panola Rd,,Sideswipe-Same Direction,2,Cloudy,Dry,Daylight
2022-02-19T18:00:00.000,I 20,I 20 and Panola Rd,,Rear End,2,Clear,Dry,Dusk
2022-11-23T11:04:00.000,I 20,I 20 and Panola Rd,,Not a Collision with Motor Vehicle,1,Clear,Dry,Daylight
2022-10-26T16:15:00.000,I 20,I 20 and Panola Rd,,Not a Collision with Motor Vehicle,1,Clear,Dry,Daylight
2022-10-01T11:59:00.000,I 20,I 20 and Panola Rd,,Sideswipe-Same Direction,4,Clear,Dry,Daylight
2022-01-17T08:00:00.000,I 20,I 20 and Panola Rd,,Rear End,2,Clear,Dry,Daylight
2022-10-12T15:00:00.000,I 20,I 20 and Panola Rd,,Rear End,2,Rain,Wet,Daylight
2022-06-20T15:23:00.000,I 20,I 20 and Panola Rd,,Rear End,2,Clear,Dry,Daylight
2022-07-31T21:14:00.000,I 20,I 20 and Panola Rd,,Sideswipe-Same Direction,2,Clear,Dry,Dark-Not Lighted
2022-03-04T14:40:00.000,I 20,I 20 and Panola Rd,,Rear End,2,Clear,Dry,Daylight
2022-08-19T00:00:00.000,I 20,I 20 and Panola Rd,,Rear End,2,Clear,Dry,Daylight
2022-07-15T10:44:00.000,I 20,I 20 and Panola Rd,,Sideswipe-Same Direction,2,Clear,Dry,Daylight
2022-12-16T19:00:00.000,I 20,I 20 and Panola Rd,,Rear End,2,Clear,Dry,Dark-Lighted
2022-08-16T21:00:00.000,I 20,I 20 and Panola Rd,,Not a Collision with Motor Vehicle,1,Clear,Dry,Dark-Not Lighted
2023-03-05T10:36:00.000,I 20,I 20 and Panola Rd,,Sideswipe-Same Direction,2,Clear,Dry,Daylight
2023-02-23T10:30:00.000,I 20,I 20 and Panola Rd,,Not a Collision with Motor Vehicle,2,Clear,Dry,Daylight
2023-05-26T17:10:00.000,I 20,I 20 and Panola Rd,,Rear End,2,Clear,Dry,Daylight
2023-02-24T20:00:00.000,I 20,I 20 and Panola Rd,,Rear End,2,Clear,Wet,Dark-Lighted
2023-09-22T08:10:00.000,I 20,I 20 and Panola Rd,,Rear End,2,Clear,Dry,Daylight
2023-10-14T13:25:00.000,I 20,I 20 and Panola Rd,,Rear End,2,Clear,Dry,Daylight
2023-07-05T19:32:00.000,I 20,I 20 and Panola Rd,,Sideswipe-Same Direction,2,Clear,Dry,Daylight
2023-03-11T16:30:00.000,I 20,I 20 and Panola Rd,,Sideswipe-Same Direction,2,Clear,Dry,Daylight
2023-09-13T09:15:00.000,I 20,I 20 and Panola Rd,,Sideswipe-Same Direction,2,Cloudy,Wet,Daylight
2023-04-22T13:15:00.000,I 20,I 20 and Panola Rd,,Angle Crash,2,Cloudy,Dry,Daylight
2023-08-07T08:30:00.000,I 20,I 20 and Panola Rd,,Rear End,2,Clear,Dry,Daylight
2023-09-01T14:00:00.000,I 20,I 20 and Panola Rd,,Rear End,2,Clear,Dry,Daylight
2023-10-02T16:00:00.000,I 20,I 20 and Panola Rd,,Rear End,2,Clear,Dry,Daylight
2023-05-26T16:00:00.000,I 20,I 20 and Panola Rd,,Rear End,2,Clear,Dry,Daylight
2023-06-21T13:30:00.000,I 20,I 20 and Panola Rd,,Rear End,2,Rain,Wet,Daylight
2023-07-12T07:15:00.000,I 20,I 20 and Panola Rd,,Not a Collision with Motor Vehicle,2,Clear,Dry,Daylight
2023-12-13T18:00:00.000,I 20,I 20 and Panola Rd,,Angle Crash,2,Clear,Dry,Daylight
2023-09-15T18:42:00.000,I 20,I 20 and Panola Rd,,Rear End,2,Clear,Dry,Dusk
2023-09-28T16:40:00.000,I 20,I 20 and Panola Rd,,Sideswipe-Same Direction,2,Clear,Dry,Daylight
2024-04-09T06:39:00.000,I 20,I 20 and Panola Rd,,Rear End,2,Rain,Wet,Dark-Lighted
2024-04-04T01:10:00.000,I 20,I 20 and Panola Rd,,Not a Collision with Motor Vehicle,1,Clear,Dry,Dark-Not Lighted
2024-06-13T11:06:00.000,I 20,I 20 and Panola Rd,,Rear End,3,Clear,Dry,Daylight
2024-07-02T11:50:00.000,I 20,I 20 and Panola Rd,,Rear End,2,Clear,Dry,Daylight
2024-05-09T15:00:00.000,I 20,I 20 and Panola Rd,,Rear End,2,Clear,Dry,Daylight
2024-08-29T11:13:00.000,I 20,I 20 and Panola Rd,,Rear End,3,Clear,Dry,Daylight
2024-10-12T00:00:00.000,I 20,I 20 and Panola Rd,,Angle Crash,2,Clear,Dry,Daylight
2024-01-18T17:00:00.000,I 20,I 20 and Panola Rd,,Angle Crash,2,Clear,Dry,Daylight
2024-05-23T14:00:00.000,I 20,I 20 and Panola Rd,,Not a Collision with Motor Vehicle,2,Clear,Dry,Daylight
2024-06-03T00:20:00.000,I 20,I 20 and Panola Rd,,Not a Collision with Motor Vehicle,1,Rain,Wet,Dark-Lighted
2024-08-19T06:27:00.000,I 20,I 20 and Panola Rd,,Rear End,2,Clear,Dry,Daylight
2024-03-13T09:45:00.000,I 20,I 20 and Panola Rd,,Sideswipe-Opposite Direction,2,Clear,Dry,Daylight
2024-10-01T12:12:00.000,I 20,I 20 and Panola Rd,,Rear End,2,Clear,Dry,Daylight
2024-12-04T10:45:00.000,I 20,I 20 and Panola Rd,,Rear End,2,Clear,Dry,Daylight
2024-07-01T12:20:00.000,I 20,I 20 and Panola Rd,,Rear End,2,Clear,Dry,Daylight
2024-11-19T08:00:00.000,I 20,I 20 and Panola Rd,,Rear End,2,Rain,Wet,Daylight
2024-11-20T21:20:00.000,I 20,I 20 and Panola Rd,,Rear End,2,Clear,Dry,Dark-Lighted
2024-01-14T00:00:00.000,I 20,I 20 and Panola Rd,,Rear End,2,Clear,Dry,Dark-Lighted
2024-05-09T09:54:00.000,I 20,I 20 and Panola Rd,,Rear End,2,Rain,Wet,Daylight
2024-06-05T08:40:00.000,I 20,I 20 and Panola Rd,,Rear End,2,Clear,Dry,Daylight
2024-10-02T20:36:00.000,I 20,I 20 and Panola Rd,,Not a Collision with Motor Vehicle,1,Clear,Dry,Dark-Lighted
2024-02-03T16:30:00.000,I 20,I 20 and Panola Rd,,Angle Crash,2,Clear,Dry,Daylight
2024-04-18T11:40:00.000,I 20,I 20 and Panola Rd,,Rear End,2,Clear,Dry,Daylight
2024-07-09T07:51:00.000,I 20,I 20 and Panola Rd,,Angle Crash,2,Clear,Dry,Daylight
2024-05-05T04:12:00.000,I 20,I 20 and Panola Rd,,Sideswipe-Same Direction,3,Rain,Wet,Dark-Not Lighted
2024-03-29T07:53:00.000,I 20,I 20 and Panola Rd,,Rear End,3,Clear,Dry,Daylight
2024-03-29T08:20:00.000,I 20,I 20 and Panola Rd,,Rear End,2,Clear,Dry,Daylight
2024-03-02T20:50:00.000,I 20,I 20 and Panola Rd,,Rear End,2,Clear,Dry,Dark-Lighted
2024-03-29T11:09:00.000,I 20,I 20 and Panola Rd,,Rear End,2,Clear,Dry,Daylight
2024-05-17T18:51:00.000,I 20,I 20 and Panola Rd,,Rear End,2,Cloudy,Dry,Daylight
2024-10-16T23:06:00.000,I 20,I 20 and Panola Rd,,Sideswipe-Same Direction,2,Clear,Dry,Dark-Not Lighted
2024-10-16T14:11:00.000,I 20,I 20 and Panola Rd,,Rear End,4,Clear,Dry,Daylight
2024-03-16T13:50:00.000,I 20,I 20 and Panola Rd,,Rear End,2,Clear,Dry,Daylight
2024-06-20T12:30:00.000,I 20,I 20 and Panola Rd,,Rear End,3,Clear,Dry,Daylight
2024-03-19T08:13:00.000,I 20,I 20 and Panola Rd,,Rear End,2,Clear,Dry,Daylight
2024-01-24T15:48:00.000,I 20,I 20 and Panola Rd,,Rear End,2,Rain,Wet,Daylight
2024-09-05T00:40:00.000,I 20,I 20 and Panola Rd,,Sideswipe-Same Direction,2,Clear,Dry,Daylight
2024-02-23T10:05:00.000,I 20,I 20 and Panola Rd,,Rear End,2,Clear,Dry,Daylight
2024-06-11T00:00:00.000,I 20,I 20 and Panola Rd,,Rear End,2,Clear,Dry,Daylight
2024-02-28T08:50:00.000,I 20,I 20 and Panola Rd,,Rear End,2,Clear,Dry,Daylight
2024-03-17T23:40:00.000,I 20,I 20 and Panola Rd,,Sideswipe-Same Direction,2,Clear,Dry,Dark-Lighted
2024-05-18T02:50:00.000,I 20,I 20 and Panola Rd,,Angle Crash,2,Clear,Dry,Dark-Lighted
2024-05-02T18:40:00.000,I 20,I 20 and Panola Rd,,Rear End,2,Clear,Dry,Daylight
2024-10-28T14:21:00.000,I 20,I 20 and Panola Rd,,Rear End,4,Clear,Dry,Daylight
2024-01-10T19:00:00.000,I 20,I 20 and Panola Rd,,Sideswipe-Same Direction,2,Clear,Dry,Dark-Not Lighted
2024-01-19T07:45:00.000,I 20,I 20 and Panola Rd,,Rear End,3,Clear,Dry,Daylight
2024-10-17T19:40:00.000,I 20,I 20 and Panola Rd,,Rear End,2,Clear,Dry,Dusk
2024-02-17T10:50:00.000,I 20,I 20 and Panola Rd,,Rear End,4,Clear,Dry,Daylight
2024-07-17T00:00:00.000,I 20,I 20 and Panola Rd,,Rear End,2,Clear,Dry,Daylight
2024-05-31T16:13:00.000,I 20,I 20 and Panola Rd,,Rear End,4,Clear,Dry,Daylight
2024-08-28T06:00:00.000,I 20,I 20 and Panola Rd,,Not a Collision with Motor Vehicle,1,Clear,Dry,Dark-Not Lighted
2024-01-14T01:40:00.000,I 20,I 20 and Panola Rd,,Angle Crash,3,Clear,Dry,Dark-Not Lighted
2024-10-30T17:50:00.000,I 20,I 20 and Panola Rd,,Rear End,2,Clear,Dry,Daylight
2024-10-27T09:00:00.000,I 20,I 20 and Panola Rd,,Rear End,3,Clear,Dry,Daylight
2024-05-28T08:40:00.000,I 20,I 20 and Panola Rd,,Angle Crash,2,Clear,Dry,Daylight
2024-04-30T11:30:00.000,I 20,I 20 and Panola Rd,,Not a Collision with Motor Vehicle,1,Clear,Wet,Daylight
2024-02-29T18:13:00.000,I 20,I 20 and Panola Rd,,Angle Crash,2,Cloudy,Dry,Dark-Lighted
2024-04-22T07:00:00.000,I 20,I 20 and Panola Rd,,Rear End,2,Clear,Dry,Daylight
2024-09-08T20:50:00.000,I 20,I 20 and Panola Rd,,Rear End,2,Clear,Dry,Dark-Not Lighted
2024-07-21T02:00:00.000,I 20,I 20 and Panola Rd,,Sideswipe-Same Direction,2,Clear,Dry,Dark-Not Lighted
2024-07-04T10:04:00.000,I 20,I 20 and Panola Rd,,Angle Crash,2,Clear,Dry,Daylight
2024-11-06T18:26:00.000,I 20,I 20 and Panola Rd,,Rear End,2,Rain,Wet,Dark-Lighted
2024-10-14T15:45:00.000,I 20,I 20 and Panola Rd,,Not a Collision with Motor Vehicle,2,Clear,Dry,Daylight
2024-10-15T14:38:00.000,I 20,I 20 and Panola Rd,,Rear End,2,Clear,Dry,Daylight
2023-05-14T17:00:00.000,I 20,I 20 and Panola Rd,,Rear End,2,Cloudy,Dry,Daylight
2023-05-17T09:00:00.000,I 20,I 20 and Panola Rd,,Sideswipe-Same Direction,2,Clear,Dry,Daylight
2023-02-02T18:23:00.000,I 20,I 20 and Panola Rd,,Rear End,2,Rain,Wet,Dark-Lighted
2023-05-01T15:00:00.000,I 20,I 20 and Panola Rd,,Sideswipe-Same Direction,2,Clear,Dry,Daylight
2023-06-13T09:38:00.000,I 20,I 20 and Panola Rd,,Rear End,2,Clear,Dry,Daylight
2023-08-16T10:25:00.000,I 20,I 20 and Panola Rd,,Rear End,2,Clear,Dry,Daylight
2023-04-08T03:33:00.000,I 20,I 20 and Panola Rd,,Angle Crash,2,Cloudy,Dry,Dark-Not Lighted
2023-03-15T16:00:00.000,I 20,I 20 and Panola Rd,,Angle Crash,2,Clear,Dry,Daylight
2023-12-11T07:15:00.000,I 20,I 20 and Panola Rd,,Sideswipe-Same Direction,2,Clear,Dry,Daylight
2023-06-05T16:20:00.000,I 20,I 20 and Panola Rd,,Rear End,2,Clear,Dry,Daylight
2023-06-15T22:56:00.000,I 20,I 20 and Panola Rd,,Rear End,2,Clear,Dry,Dark-Lighted
2023-08-05T18:56:00.000,I 20,I 20 and Panola Rd,,Not a Collision with Motor Vehicle,2,Clear,Dry,Daylight
2024-11-07T22:00:00.000,I 20,I 20 and Panola Rd,,Not a Collision with Motor Vehicle,2,Cloudy,Dry,Dark-Lighted
2024-03-29T16:15:00.000,I 20,I 20 and Panola Rd,,Sideswipe-Opposite Direction,2,Clear,Dry,Daylight
2024-02-19T15:55:00.000,I 20,I 20 and Panola Rd,,Rear End,2,Clear,Dry,Daylight
2024-05-24T21:30:00.000,I 20,I 20 and Panola Rd,,Angle Crash,2,Cloudy,Dry,Dark-Lighted
2024-02-04T04:50:00.000,I 20,I 20 and Panola Rd,,Rear End,3,Clear,Dry,Dark-Lighted
2024-01-16T12:50:00.000,I 20,I 20 and Panola Rd,,Sideswipe-Same Direction,2,Clear,Dry,Daylight
2024-05-12T16:00:00.000,I 20,I 20 and Panola Rd,,Rear End,2,Clear,Dry,Daylight
2024-01-10T07:22:00.000,I 20,I 20 and Panola Rd,,Sideswipe-Same Direction,2,Clear,Dry,Daylight
2024-06-28T07:40:00.000,I 20,I 20 and Panola Rd,,Rear End,2,Clear,Dry,Daylight
2024-06-02T00:00:00.000,I 20,I 20 and Panola Rd,,Rear End,2,Clear,Dry,Dark-Lighted
2024-01-13T16:17:00.000,I 20,I 20 and Panola Rd,,Rear End,3,Clear,Dry,Dusk
2024-08-21T08:05:00.000,I 20,I 20 and Panola Rd,,Rear End,2,Clear,Dry,Daylight
2024-05-01T08:30:00.000,I 20,I 20 and Panola Rd,,Sideswipe-Same Direction,2,Clear,Dry,Daylight
2024-07-18T17:17:00.000,I 20,I 20 and Panola Rd,,Sideswipe-Same Direction,2,Rain,Wet,Daylight
2024-09-03T11:09:00.000,I 20,I 20 and Panola Rd,,Angle Crash,2,Clear,Dry,Daylight
2024-07-11T16:40:00.000,I 20,I 20 and Panola Rd,,Rear End,2,Clear,Dry,Daylight
2024-05-10T10:15:00.000,I 20,I 20 and Panola Rd,,Rear End,2,Cloudy,Dry,Daylight
2024-11-23T13:44:00.000,I 20,I 20 and Panola Rd,,Rear End,2,Clear,Dry,Daylight
2023-03-31T12:50:00.000,I 20,I 20 and Panola Rd,,Sideswipe-Same Direction,3,Clear,Dry,Daylight
2023-10-08T00:00:00.000,I 20,I 20 and Panola Rd,,Sideswipe-Same Direction,2,Clear,Dry,Dark-Not Lighted
2023-08-18T11:50:00.000,I 20,I 20 and Panola Rd,,Rear End,4,Clear,Dry,Daylight
2023-02-07T16:50:00.000,I 20,I 20 and Panola Rd,,Sideswipe-Same Direction,2,Clear,Dry,Daylight
2023-11-08T06:15:00.000,I 20,I 20 and Panola Rd,,Rear End,3,Clear,Dry,Daylight
2023-09-24T12:00:00.000,I 20,I 20 and Panola Rd,,Rear End,3,Clear,Dry,Daylight
2023-06-03T12:28:00.000,I 20,I 20 and Panola Rd,,Rear End,3,Clear,Dry,Daylight
2023-10-07T13:00:00.000,I 20,I 20 and Panola Rd,,Rear End,2,Clear,Dry,Daylight
2023-01-19T16:48:00.000,I 20,I 20 and Panola Rd,,Rear End,3,Clear,Dry,Daylight
2023-07-31T20:30:00.000,I 20,I 20 and Panola Rd,,Angle Crash,2,Clear,Dry,Dusk
2023-05-14T14:20:00.000,I 20,I 20 and Panola Rd,,Rear End,2,Clear,Dry,Daylight
2023-01-19T14:00:00.000,I 20,I 20 and Panola Rd,,Rear End,3,Clear,Dry,Daylight
2023-09-01T17:00:00.000,I 20,I 20 and Panola Rd,,Rear End,2,Clear,Dry,Daylight
2023-08-10T16:04:00.000,I 20,I 20 and Panola Rd,,Rear End,2,Clear,Dry,Daylight
2023-04-14T17:57:00.000,I 20,I 20 and Panola Rd,,Rear End,2,Clear,Dry,Daylight
2023-01-05T10:00:00.000,I 20,I 20 and Panola Rd,,Not a Collision with Motor Vehicle,1,Clear,Dry,Daylight
2023-08-17T18:00:00.000,I 20,I 20 and Panola Rd,,Rear End,2,Clear,Dry,Daylight
2023-03-17T14:25:00.000,I 20,I 20 and Panola Rd,,Rear End,2,Rain,Wet,Daylight
2023-04-18T08:48:00.000,I 20,I 20 and Panola Rd,,Rear End,2,Clear,Dry,Daylight
2023-10-24T14:46:00.000,I 20,I 20 and Panola Rd,,Rear End,2,Clear,Dry,Daylight
2023-12-18T17:56:00.000,I 20,I 20 and Panola Rd,,Rear End,3,Clear,Dry,Dark-Not Lighted
2023-09-03T03:29:00.000,I 20,I 20 and Panola Rd,,Rear End,2,Clear,Dry,Dark-Not Lighted
2023-03-19T18:40:00.000,I 20,I 20 and Panola Rd,,Rear End,4,Clear,Dry,Daylight
2023-06-10T15:30:00.000,I 20,I 20 and Panola Rd,,Sideswipe-Same Direction,2,Clear,Dry,Daylight
2023-02-18T19:43:00.000,I 20,I 20 and Panola Rd,,Not a Collision with Motor Vehicle,2,Clear,Dry,Dark-Not Lighted
2023-12-09T00:00:00.000,I 20,I 20 and Panola Rd,,Angle Crash,2,Rain,Wet,Daylight
2023-10-13T22:00:00.000,I 20,I 20 and Panola Rd,,Rear End,2,Cloudy,Wet,Dark-Not Lighted
2023-06-04T17:26:00.000,I 20,I 20 and Panola Rd,,Rear End,2,Clear,Dry,Daylight
2023-05-27T14:00:00.000,I 20,I 20 and Panola Rd,,Rear End,2,Clear,Dry,Daylight
2023-05-26T12:52:00.000,I 20,I 20 and Panola Rd,,Sideswipe-Same Direction,2,Clear,Dry,Daylight
2023-07-19T14:46:00.000,I 20,I 20 and Panola Rd,,Rear End,2,Clear,Dry,Dark-Lighted
2023-08-16T18:05:00.000,I 20,I 20 and Panola Rd,,Rear End,4,Clear,Dry,Daylight
2023-05-09T07:17:00.000,I 20,I 20 and Panola Rd,,Rear End,2,Clear,Dry,Daylight
2023-06-15T19:30:00.000,I 20,I 20 and Panola Rd,,Rear End,2,Clear,Dry,Daylight
2023-03-01T12:18:00.000,I 20,I 20 and Panola Rd,,Rear End,2,Clear,Dry,Daylight
2023-06-29T19:30:00.000,I 20,I 20 and Panola Rd,,Rear End,2,Clear,Dry,Dark-Lighted
2023-05-26T04:03:00.000,I 20,I 20 and Panola Rd,,Sideswipe-Same Direction,2,Clear,Dry,Dark-Not Lighted
2023-02-20T16:15:00.000,I 20,I 20 and Panola Rd,,Rear End,2,Clear,Dry,Daylight
2023-10-07T12:34:00.000,I 20,I 20 and Panola Rd,,Angle Crash,2,Clear,Dry,Daylight
2023-06-02T20:19:00.000,I 20,I 20 and Panola Rd,,Rear End,2,Clear,Dry,Dark-Not Lighted
2023-01-23T05:45:00.000,I 20,I 20 and Panola Rd,,Rear End,2,Clear,Dry,Dark-Lighted
2023-01-06T14:40:00.000,I 20,I 20 and Panola Rd,,Rear End,3,Clear,Dry,Daylight
2023-05-12T21:00:00.000,I 20,I 20 and Panola Rd,,Angle Crash,2,Clear,Dry,Dark-Not Lighted
2023-06-26T22:09:00.000,I 20,I 20 and Panola Rd,,Not a Collision with Motor Vehicle,1,Clear,Dry,Dark-Not Lighted
2023-01-03T17:39:00.000,I 20,I 20 and Panola Rd,,Rear End,2,Rain,Wet,Dark-Not Lighted
2023-11-12T01:10:00.000,I 20,I 20 and Panola Rd,,Sideswipe-Same Direction,2,Rain,Wet,Dark-Not Lighted
2023-04-06T11:27:00.000,I 20,I 20 and Panola Rd,,Rear End,2,Clear,Dry,Daylight
2023-08-08T14:22:00.000,I 20,I 20 and Panola Rd,,Rear End,2,Clear,Dry,Daylight
2023-06-10T16:00:00.000,I 20,I 20 and Panola Rd,,Rear End,2,Clear,Dry,Daylight
2023-11-25T20:40:00.000,I 20,I 20 and Panola Rd,,Not a Collision with Motor Vehicle,1,Clear,Dry,Dark-Not Lighted
2023-12-30T14:05:00.000,I 20,I 20 and Panola Rd,,Rear End,2,Clear,Dry,Daylight
2023-10-30T07:17:00.000,I 20,I 20 and Panola Rd,,Rear End,2,Clear,Dry,Daylight
2023-12-23T15:39:00.000,I 20,I 20 and Panola Rd,,Rear End,2,Clear,Dry,Daylight
2023-11-10T06:50:00.000,I 20,I 20 and Panola Rd,,Rear End,2,Clear,Dry,Daylight
2023-11-21T14:55:00.000,I 20,I 20 and Panola Rd,,Rear End,3,Rain,Wet,Daylight
2023-10-08T23:50:00.000,I 20,I 20 and Panola Rd,,Sideswipe-Same Direction,2,Clear,Dry,Dark-Not Lighted
2023-09-26T07:40:00.000,I 20,I 20 and Panola Rd,,Rear End,2,Clear,Dry,Daylight
2023-08-18T20:00:00.000,I 20,I 20 and Panola Rd,,Rear End,5,Clear,Dry,Daylight
2023-08-28T16:33:00.000,I 20,I 20 and Panola Rd,,Rear End,3,Clear,Dry,Daylight
2023-06-22T04:46:00.000,I 20,I 20 and Panola Rd,,Not a Collision with Motor Vehicle,1,Clear,Wet,Dark-Lighted
2023-02-01T16:30:00.000,I 20,I 20 and Panola Rd,,Rear End,2,Clear,Dry,Daylight
2023-03-07T10:15:00.000,I 20,I 20 and Panola Rd,,Rear End,2,Clear,Dry,Daylight
2023-05-13T13:42:00.000,I 20,I 20 and Panola Rd,,Rear End,2,Clear,Dry,Daylight
2023-07-31T17:54:00.000,I 20,I 20 and Panola Rd,,Rear End,2,Clear,Dry,Daylight