Date and Time,Roadway (From Crash Report),Intersection Name (from Crash Report),KABCO Severity,Manner of Collision (Crash Level) ,# of Vehicles per crash ,Weather Conditions (Crash Level),Surface Condition (Crash Level) ,Light Conditions (Crash Level)
2023-04-07T17:00:00.000,I 20,I 20 and Panola Rd,,Rear End,2,Cloudy,Dry,Daylight
2023-09-14T08:33:00.000,I 20,I 20 and Panola Rd,,Not a Collision with Motor Vehicle,1,Clear,Dry,Daylight
2023-09-14T20:11:00.000,I 20,I 20 and Panola Rd,,Rear End,2,Clear,Dry,Dusk
2023-05-05T10:02:00.000,I 20,I 20 and Panola Rd,,Rear End,2,Clear,Dry,Daylight
2023-07-14T14:27:00.000,I 20,I 20 and Panola Rd,,Rear End,2,Clear,Dry,Daylight
2023-02-25T14:25:00.000,I 20,I 20 and Panola Rd,,Rear End,2,Clear,Dry,Daylight
2023-09-28T19:00:00.000,I 20,I 20 and Panola Rd,,Rear End,3,Clear,Dry,Daylight
2023-07-02T04:15:00.000,I 20,I 20 and Panola Rd,,Rear End,2,Clear,Dry,Dark-Lighted
2023-07-08T14:00:00.000,I 20,I 20 and Panola Rd,,Rear End,2,Clear,Dry,Dawn
2023-07-01T20:14:00.000,I 20,I 20 and Panola Rd,,Angle Crash,2,Clear,Dry,Dawn
2023-08-26T13:15:00.000,I 20,I 20 and Panola Rd,,Rear End,2,Clear,Dry,Daylight
2023-09-29T10:21:00.000,I 20,I 20 and Panola Rd,,Angle Crash,2,Clear,Dry,Daylight
2023-03-26T13:46:00.000,I 20,I 20 and Panola Rd,,Sideswipe-Same Direction,2,Cloudy,Wet,Daylight
2023-10-14T21:30:00.000,I 20,I 20 and Panola Rd,,Rear End,2,Clear,Dry,Dark-Not Lighted
2023-10-12T11:47:00.000,I 20,I 20 and Panola Rd,,Rear End,2,Cloudy,Wet,Daylight
2023-03-31T00:45:00.000,I 20,I 20 and Panola Rd,,Sideswipe-Same Direction,2,Clear,Dry,Dark-Not Lighted
2023-02-06T06:36:00.000,I 20,I 20 and Panola Rd,,Rear End,2,Clear,Dry,Daylight
2023-06-11T11:36:00.000,I 20,I 20 and Panola Rd,,Rear End,2,Cloudy,Wet,Daylight
2023-07-07T10:30:00.000,I 20,I 20 and Panola Rd,,Angle Crash,2,Clear,Dry,Daylight
2023-01-16T14:00:00.000,I 20,I 20 and Panola Rd,,Sideswipe-Same Direction,2,Clear,Dry,Daylight
2023-11-06T20:45:00.000,I 20,I 20 and Panola Rd,,Angle Crash,2,Clear,Dry,Dark-Lighted
2023-09-22T09:25:00.000,I 20,I 20 and Panola Rd,,Rear End,2,Clear,Dry,Daylight
2023-08-16T18:20:00.000,I 20,I 20 and Panola Rd,,Sideswipe-Same Direction,2,Clear,Dry,Daylight
2023-06-04T03:10:00.000,I 20,I 20 and Panola Rd,,Rear End,2,Clear,Dry,Dark-Lighted
2023-08-23T18:21:00.000,I 20,I 20 and Panola Rd,,Angle Crash,3,Clear,Dry,Daylight
2023-06-03T07:00:00.000,I 20,I 20 and Panola Rd,,Sideswipe-Same Direction,2,Clear,Dry,Daylight
2023-07-06T11:03:00.000,I 20,I 20 and Panola Rd,,Not a Collision with Motor Vehicle,2,Clear,Dry,Daylight
2023-11-21T16:00:00.000,I 20,I 20 and Panola Rd,,Head On,2,Rain,Water (standing or moving),Daylight
2023-09-10T23:00:00.000,I 20,I 20 and Panola Rd,,Rear End,2,Clear,Dry,Dark-Lighted
2023-07-11T03:15:00.000,I 20,I 20 and Panola Rd,,Angle Crash,2,Clear,Dry,Dark-Lighted
2023-12-13T16:09:00.000,I 20,I 20 and Panola Rd,,Rear End,3,Clear,Dry,Daylight
2023-11-23T14:20:00.000,I 20,I 20 and Panola Rd,,Sideswipe-Same Direction,2,Clear,Dry,Daylight
2023-04-04T18:25:00.000,I 20,I 20 and Panola Rd,,Rear End,2,Clear,Dry,Daylight
2023-11-22T16:08:00.000,I 20,I 20 and Panola Rd,,Angle Crash,2,Clear,Dry,Daylight
2023-06-28T20:00:00.000,I 20,I 20 and Panola Rd,,Rear End,2,Clear,Dry,Daylight
2023-06-07T08:55:00.000,I 20,I 20 and Panola Rd,,Rear End,3,Clear,Dry,Daylight
2023-09-15T01:16:00.000,I 20,I 20 and Panola Rd,,Angle Crash,5,Clear,Dry,Dark-Not Lighted
2023-08-03T13:45:00.000,I 20,I 20 and Panola Rd,,Rear End,2,Clear,Dry,Daylight
2023-02-10T11:00:00.000,I 20,I 20 and Panola Rd,,Rear End,2,Clear,Dry,Daylight
2023-04-23T12:10:00.000,I 20,I 20 and Panola Rd,,Rear End,2,Clear,Dry,Daylight
2023-07-21T12:25:00.000,I 20,I 20 and Panola Rd,,Sideswipe-Same Direction,2,Clear,Dry,Daylight
2023-04-14T06:30:00.000,I 20,I 20 and Panola Rd,,Rear End,2,Clear,Wet,Dark-Lighted
2023-11-01T12:06:00.000,I 20,I 20 and Panola Rd,,Sideswipe-Same Direction,2,Clear,Dry,Daylight
2023-10-04T15:04:00.000,I 20,I 20 and Panola Rd,,Sideswipe-Same Direction,2,Clear,Dry,Daylight
2023-09-30T11:30:00.000,I 20,I 20 and Panola Rd,,Sideswipe-Same Direction,2,Clear,Dry,Daylight
2023-04-14T18:50:00.000,I 20,I 20 and Panola Rd,,Rear End,2,Clear,Dry,Daylight
2023-08-29T10:00:00.000,I 20,I 20 and Panola Rd,,Rear End,2,Clear,Dry,Daylight
2023-05-10T00:00:00.000,I 20,I 20 and Panola Rd,,Rear End,2,Clear,Dry,Daylight
2023-03-27T10:05:00.000,I 20,I 20 and Panola Rd,,Angle Crash,3,Clear,Wet,Daylight
2023-11-17T15:58:00.000,I 20,I 20 and Panola Rd,,Rear End,2,Clear,Wet,Daylight
2023-08-25T18:06:00.000,I 20,I 20 and Panola Rd,,Sideswipe-Same Direction,2,Clear,Dry,Daylight
2023-10-03T07:40:00.000,I 20,I 20 and Panola Rd,,Sideswipe-Same Direction,2,Clear,Dry,Daylight
2023-10-20T20:50:00.000,I 20,I 20 and Panola Rd,,Rear End,2,Clear,Dry,Dark-Lighted
2023-07-29T23:45:00.000,I 20,I 20 and Panola Rd,,Sideswipe-Same Direction,2,Clear,Dry,Dark-Lighted
2023-04-21T11:38:00.000,I 20,I 20 and Panola Rd,,Rear End,3,Clear,Dry,Daylight
2023-07-01T17:00:00.000,I 20,I 20 and Panola Rd,,Rear End,2,Clear,Dry,Daylight
2023-09-19T08:23:00.000,I 20,I 20 and Panola Rd,,Sideswipe-Same Direction,2,Clear,Dry,Daylight
2023-05-18T14:45:00.000,I 20,I 20 and Panola Rd,,Rear End,2,Clear,Dry,Daylight
2023-05-22T15:00:00.000,I 20,I 20 and Panola Rd,,Sideswipe-Same Direction,2,Clear,Dry,Daylight
2023-06-06T11:23:00.000,I 20,I 20 and Panola Rd,,Rear End,3,Clear,Dry,Daylight
2023-08-24T17:27:00.000,I 20,I 20 and Panola Rd,,Rear End,3,Clear,Dry,Daylight
2023-12-06T08:34:00.000,I 20,I 20 and Panola Rd,,Rear End,2,Cloudy,Dry,Daylight
2023-06-18T17:26:00.000,I 20,I 20 and Panola Rd,,Rear End,2,Clear,Dry,Daylight
2023-08-03T16:30:00.000,I 20,I 20 and Panola Rd,,Sideswipe-Same Direction,2,Rain,Wet,Daylight
2023-08-18T17:00:00.000,I 20,I 20 and Panola Rd,,Sideswipe-Same Direction,2,Clear,Dry,Dark-Lighted
2023-01-23T16:24:00.000,I 20,I 20 and Panola Rd,,Sideswipe-Same Direction,2,Clear,Dry,Daylight
2023-07-14T18:06:00.000,I 20,I 20 and Panola Rd,,Rear End,2,Clear,Dry,Daylight
2023-11-22T16:58:00.000,I 20,I 20 and Panola Rd,,Angle Crash,2,Clear,Dry,Dark-Lighted
2023-09-23T08:15:00.000,I 20,I 20 and Panola Rd,,Sideswipe-Same Direction,2,Clear,Dry,Daylight
2023-06-09T17:20:00.000,I 20,I 20 and Panola Rd,,Rear End,2,Clear,Dry,Daylight
2023-10-22T17:45:00.000,I 20,I 20 and Panola Rd,,Rear End,2,Clear,Dry,Daylight
2023-08-18T07:12:00.000,I 20,I 20 and Panola Rd,,Rear End,2,Clear,Dry,Daylight
2023-01-30T07:57:00.000,I 20,I 20 and Panola Rd,,Rear End,2,Rain,Wet,Daylight
2023-02-12T23:45:00.000,I 20,I 20 and Panola Rd,,Rear End,2,Clear,Dry,Dark-Lighted
2023-03-04T16:10:00.000,I 20,I 20 and Panola Rd,,Rear End,2,Clear,Dry,Daylight
2023-01-13T03:40:00.000,I 20,I 20 and Panola Rd,,Not a Collision with Motor Vehicle,1,Clear,Wet,Dark-Not Lighted
2023-04-20T17:37:00.000,I 20,I 20 and Panola Rd,,Rear End,5,Clear,Dry,Daylight
2023-04-27T15:22:00.000,I 20,I 20 and Panola Rd,,Sideswipe-Same Direction,2,Clear,Dry,Daylight
2023-09-30T00:00:00.000,I 20,I 20 and Panola Rd,,Rear End,2,Clear,Dry,Daylight
2023-01-15T18:10:00.000,I 20,I 20 and Panola Rd,,Sideswipe-Same Direction,2,Clear,Dry,Daylight
2023-05-16T18:10:00.000,I 20,I 20 and Panola Rd,,Sideswipe-Same Direction,2,Cloudy,Wet,Daylight
2023-11-10T16:02:00.000,I 20,I 20 and Panola Rd,,Rear End,2,Clear,Dry,Daylight
2023-08-10T03:50:00.000,I 20,I 20 and Panola Rd,,Rear End,2,Clear,Dry,Dark-Not Lighted
2023-06-15T16:30:00.000,I 20,I 20 and Panola Rd,,Rear End,2,Clear,Dry,Daylight
2023-02-28T11:18:00.000,I 20,I 20 and Panola Rd,,Rear End,2,Clear,Dry,Daylight
2023-07-20T16:50:00.000,I 20,I 20 and Panola Rd,,Rear End,2,Cloudy,Dry,Daylight
2023-04-16T07:10:00.000,I 20,I 20 and Panola Rd,,Not a Collision with Motor Vehicle,1,Cloudy,Wet,Daylight
2023-05-04T15:44:00.000,I 20,I 20 and Panola Rd,,Angle Crash,2,Clear,Dry,Daylight
2023-11-09T19:17:00.000,I 20,I 20 and Panola Rd,,Rear End,2,Clear,Dry,Daylight
2023-05-02T05:58:00.000,I 20,I 20 and Panola Rd,,Sideswipe-Same Direction,2,Clear,Dry,Dark-Lighted
2023-09-16T16:44:00.000,I 20,I 20 and Panola Rd,,Angle Crash,2,Cloudy,Wet,Daylight
2023-08-19T20:00:00.000,I 20,I 20 and Panola Rd,,Rear End,2,Clear,Dry,Daylight
2023-03-06T10:29:00.000,I 20,I 20 and Panola Rd,,Not a Collision with Motor Vehicle,2,Clear,Dry,Daylight
2023-05-08T20:20:00.000,I 20,I 20 and Panola Rd,,Not a Collision with Motor Vehicle,2,Clear,Dry,Dark-Not Lighted
2023-06-04T03:25:00.000,I 20,I 20 and Panola Rd,,Rear End,2,Clear,Dry,Dark-Not Lighted
2023-03-05T03:05:00.000,I 20,I 20 and Panola Rd,,Angle Crash,3,Clear,Dry,Dark-Not Lighted
2023-05-17T16:56:00.000,I 20,I 20 and Panola Rd,,Rear End,2,Clear,Dry,Daylight
2023-03-05T17:47:00.000,I 20,I 20 and Panola Rd,,Rear End,2,Clear,Dry,Daylight
2023-05-31T00:00:00.000,I 20,I 20 and Panola Rd,,Rear End,2,Clear,Dry,Daylight
2023-09-21T01:00:00.000,I 20,I 20 and Panola Rd,,Not a Collision with Motor Vehicle,1,Clear,Dry,Dark-Not Lighted
2023-09-03T03:29:00.000,I 20,I 20 and Panola Rd,,Rear End,2,Clear,Dry,Dark-Not Lighted
2023-03-30T16:00:00.000,I 20,I 20 and Panola Rd,,Sideswipe-Same Direction,2,Clear,Dry,Daylight
2023-06-10T17:10:00.000,I 20,I 20 and Panola Rd,,Rear End,2,Clear,Dry,Daylight
2023-06-21T16:30:00.000,I 20,I 20 and Panola Rd,,Sideswipe-Same Direction,2,Rain,Wet,Daylight
2024-11-23T18:27:00.000,I 20,I 20 and Panola Rd,,Rear End,2,Clear,Dry,Dark-Lighted
2024-01-21T18:10:00.000,I 20,I 20 and Panola Rd,,Rear End,2,Clear,Dry,Dark-Not Lighted
2024-08-06T00:18:00.000,I 20,I 20 and Panola Rd,,Sideswipe-Same Direction,2,Clear,Dry,Dark-Not Lighted
2024-12-26T17:24:00.000,I 20,I 20 and Panola Rd,,Rear End,2,Cloudy,Dry,Dusk
2024-02-01T13:11:00.000,I 20,I 20 and Panola Rd,,Rear End,3,Clear,Dry,Daylight
2024-12-08T21:44:00.000,I 20,I 20 and Panola Rd,,Angle Crash,2,Clear,Dry,Dark-Not Lighted
2024-12-17T18:08:00.000,I 20,I 20 and Panola Rd,,Sideswipe-Same Direction,2,Clear,Dry,Dark-Lighted
2024-04-19T11:02:00.000,I 20,I 20 and Panola Rd,,Rear End,5,Clear,Dry,Daylight
2024-01-22T11:40:00.000,I 20,I 20 and Panola Rd,,Angle Crash,2,Clear,Dry,Daylight
2024-05-23T11:05:00.000,I 20,I 20 and Panola Rd,,Rear End,2,Cloudy,Dry,Daylight
2024-09-20T21:11:00.000,I 20,I 20 and Panola Rd,,Rear End,2,Clear,Dry,Dark-Lighted
2024-10-12T14:21:00.000,I 20,I 20 and Panola Rd,,Rear End,2,Clear,Dry,Daylight
2024-05-12T03:30:00.000,I 20,I 20 and Panola Rd,,Rear End,3,Clear,Dry,Dark-Not Lighted
2024-02-07T15:15:00.000,I 20,I 20 and Panola Rd,,Rear End,2,Clear,Dry,Daylight
2024-10-04T12:00:00.000,I 20,I 20 and Panola Rd,,Sideswipe-Same Direction,2,Clear,Dry,Daylight
2024-06-15T18:00:00.000,I 20,I 20 and Panola Rd,,Rear End,2,Clear,Dry,Daylight
2024-09-21T11:34:00.000,I 20,I 20 and Panola Rd,,Sideswipe-Same Direction,2,Clear,Dry,Daylight
2024-03-31T17:00:00.000,I 20,I 20 and Panola Rd,,Rear End,3,Clear,Dry,Daylight
2024-05-07T14:55:00.000,I 20,I 20 and Panola Rd,,Sideswipe-Same Direction,2,Clear,Dry,Daylight
2024-09-08T17:31:00.000,I 20,I 20 and Panola Rd,,Rear End,2,Clear,Dry,Daylight
2024-05-08T16:00:00.000,I 20,I 20 and Panola Rd,,Rear End,2,Clear,Dry,Daylight
2024-07-15T07:55:00.000,I 20,I 20 and Panola Rd,,Angle Crash,2,Clear,Dry,Daylight
2024-10-23T15:39:00.000,I 20,I 20 and Panola Rd,,Rear End,2,Clear,Dry,Daylight
2024-10-03T08:00:00.000,I 20,I 20 and Panola Rd,,Sideswipe-Same Direction,2,Clear,Dry,Daylight
2024-01-02T07:35:00.000,I 20,I 20 and Panola Rd,,Sideswipe-Same Direction,3,Clear,Dry,Daylight
2024-10-25T23:35:00.000,I 20,I 20 and Panola Rd,,Sideswipe-Same Direction,2,Clear,Dry,Dark-Not Lighted
2024-05-25T12:25:00.000,I 20,I 20 and Panola Rd,,Rear End,2,Cloudy,Wet,Daylight
2024-11-12T07:00:00.000,I 20,I 20 and Panola Rd,,Sideswipe-Same Direction,2,Clear,Dry,Daylight
2024-05-29T17:40:00.000,I 20,I 20 and Panola Rd,,Rear End,2,Clear,Dry,Daylight
2024-02-22T15:00:00.000,I 20,I 20 and Panola Rd,,Sideswipe-Same Direction,2,Clear,Dry,Daylight
2024-06-16T16:41:00.000,I 20,I 20 and Panola Rd,,Rear End,2,Clear,Dry,Daylight
2024-11-05T16:46:00.000,I 20,I 20 and Panola Rd,,Sideswipe-Same Direction,2,Clear,Dry,Daylight
2024-02-04T00:06:00.000,I 20,I 20 and Panola Rd,,Angle Crash,5,Clear,Dry,Dark-Not Lighted
2024-04-28T02:58:00.000,I 20,I 20 and Panola Rd,,Sideswipe-Same Direction,2,Clear,Dry,Dark-Not Lighted
2024-11-05T15:45:00.000,I 20,I 20 and Panola Rd,,Rear End,2,Clear,Dry,Daylight
2024-09-11T13:50:00.000,I 20,I 20 and Panola Rd,,Sideswipe-Same Direction,2,Cloudy,Dry,Daylight
2024-09-07T23:30:00.000,I 20,I 20 and Panola Rd,,Rear End,2,Clear,Dry,Dark-Lighted
2024-03-20T10:25:00.000,I 20,I 20 and Panola Rd,,Rear End,2,Clear,Dry,Daylight
2024-01-15T23:15:00.000,I 20,I 20 and Panola Rd,,Rear End,3,Clear,Dry,Dark-Lighted
2024-12-10T17:22:00.000,I 20,I 20 and Panola Rd,,Sideswipe-Same Direction,2,Rain,Wet,Dark-Not Lighted
2024-09-24T08:59:00.000,I 20,I 20 and Panola Rd,,Not a Collision with Motor Vehicle,1,Cloudy,Dry,Daylight
2024-12-22T03:45:00.000,I 20,I 20 and Panola Rd,,Angle Crash,2,Clear,Dry,Dark-Lighted
2024-09-18T17:35:00.000,I 20,I 20 and Panola Rd,,Rear End,2,Cloudy,Dry,Daylight
2024-07-02T12:10:00.000,I 20,I 20 and Panola Rd,,Rear End,2,Clear,Dry,Daylight
2024-09-25T18:24:00.000,I 20,I 20 and Panola Rd,,Angle Crash,2,Clear,Dry,Daylight
2024-08-09T19:00:00.000,I 20,I 20 and Panola Rd,,Rear End,2,Clear,Dry,Daylight
2024-04-23T06:25:00.000,I 20,I 20 and Panola Rd,,Sideswipe-Same Direction,2,Clear,Dry,Daylight
2024-05-03T22:00:00.000,I 20,I 20 and Panola Rd,,Sideswipe-Same Direction,2,Clear,Dry,Daylight
2024-06-20T06:57:00.000,I 20,I 20 and Panola Rd,,Rear End,2,Clear,Dry,Daylight
2024-02-21T20:38:00.000,I 20,I 20 and Panola Rd,,Sideswipe-Same Direction,2,Clear,Dry,Dark-Lighted
2024-04-02T06:55:00.000,I 20,I 20 and Panola Rd,,Sideswipe-Same Direction,2,Cloudy,Dry,Dark-Not Lighted
2024-05-18T10:10:00.000,I 20,I 20 and Panola Rd,,Rear End,2,Cloudy,Dry,Daylight
2024-11-27T12:27:00.000,I 20,I 20 and Panola Rd,,Rear End,2,Clear,Dry,Daylight
2024-09-30T11:10:00.000,I 20,I 20 and Panola Rd,,Rear End,2,Cloudy,Dry,Daylight
2024-10-13T13:30:00.000,I 20,I 20 and Panola Rd,,Rear End,2,Clear,Dry,Daylight
2024-03-28T12:00:00.000,I 20,I 20 and Panola Rd,,Sideswipe-Same Direction,2,Clear,Dry,Daylight
2024-04-30T17:00:00.000,I 20,I 20 and Panola Rd,,Rear End,2,Clear,Dry,Daylight
2024-05-01T10:30:00.000,I 20,I 20 and Panola Rd,,Sideswipe-Same Direction,2,Clear,Dry,Daylight
2024-09-22T19:10:00.000,I 20,I 20 and Panola Rd,,Rear End,2,Clear,Dry,Dark-Not Lighted
2024-08-25T20:29:00.000,I 20,I 20 and Panola Rd,,Angle Crash,2,Clear,Dry,Dark-Lighted
2024-02-22T07:52:00.000,I 20,I 20 and Panola Rd,,Angle Crash,2,Clear,Dry,Daylight
2024-12-19T19:21:00.000,I 20,I 20 and Panola Rd,,Sideswipe-Same Direction,2,Clear,Dry,Dark-Lighted
2024-03-29T17:30:00.000,I 20,I 20 and Panola Rd,,Rear End,2,Clear,Dry,Daylight
2024-01-24T06:02:00.000,I 20,I 20 and Panola Rd,,Rear End,3,Rain,Wet,Dark-Lighted
2024-07-13T12:20:00.000,I 20,I 20 and Panola Rd,,Rear End,2,Clear,Dry,Daylight
2024-08-22T11:30:00.000,I 20,I 20 and Panola Rd,,Rear End,3,Clear,Dry,Daylight
2024-10-22T09:21:00.000,I 20,I 20 and Panola Rd,,Sideswipe-Same Direction,2,Clear,Dry,Daylight
2024-10-11T13:12:00.000,I 20,I 20 and Panola Rd,,Rear End,2,Clear,Dry,Daylight
2024-09-27T23:16:00.000,I 20,I 20 and Panola Rd,,Rear End,2,Clear,Dry,Dark-Not Lighted
2024-12-15T03:20:00.000,I 20,I 20 and Panola Rd,,Rear End,2,Clear,Dry,Dark-Not Lighted
2024-05-01T17:00:00.000,I 20,I 20 and Panola Rd,,Rear End,2,Clear,Dry,Daylight
2024-01-14T06:00:00.000,I 20,I 20 and Panola Rd,,Rear End,2,Clear,Dry,Dark-Lighted
2024-10-17T16:17:00.000,I 20,I 20 and Panola Rd,,Rear End,2,Clear,Dry,Daylight
2024-09-28T09:45:00.000,I 20,I 20 and Panola Rd,,Not a Collision with Motor Vehicle,1,Clear,Dry,Daylight
2024-11-02T21:45:00.000,I 20,I 20 and Panola Rd,,Not a Collision with Motor Vehicle,1,Clear,Dry,Dark-Lighted
2024-05-29T17:15:00.000,I 20,I 20 and Panola Rd,,Rear End,2,Clear,Dry,Daylight
2024-09-19T09:50:00.000,I 20,I 20 and Panola Rd,,Sideswipe-Same Direction,2,Clear,Dry,Daylight
2024-06-27T18:21:00.000,I 20,I 20 and Panola Rd,,Sideswipe-Same Direction,2,Clear,Wet,Daylight
2024-01-24T19:10:00.000,I 20,I 20 and Panola Rd,,Rear End,2,Rain,Wet,Dark-Not Lighted
2024-07-29T15:46:00.000,I 20,I 20 and Panola Rd,,Rear End,2,Rain,Wet,Daylight
2024-01-19T16:30:00.000,I 20,I 20 and Panola Rd,,Rear End,2,Clear,Dry,Daylight
2024-09-08T22:40:00.000,I 20,I 20 and Panola Rd,,Rear End,2,Clear,Dry,Dark-Lighted
2024-07-10T17:28:00.000,I 20,I 20 and Panola Rd,,Rear End,2,Clear,Dry,Daylight
2024-02-12T09:11:00.000,I 20,I 20 and Panola Rd,,Rear End,2,Rain,Wet,Daylight
2024-10-23T11:48:00.000,I 20,I 20 and Panola Rd,,Rear End,2,Clear,Dry,Daylight
2024-05-21T14:12:00.000,I 20,I 20 and Panola Rd,,Sideswipe-Same Direction,2,Clear,Dry,Daylight
2024-08-17T23:30:00.000,I 20,I 20 and Panola Rd,,Rear End,2,Rain,Wet,Dark-Not Lighted
2024-02-25T18:00:00.000,I 20,I 20 and Panola Rd,,Sideswipe-Same Direction,2,Clear,Dry,Daylight
2024-11-14T23:08:00.000,I 20,I 20 and Panola Rd,,Rear End,2,Clear,Dry,Dark-Not Lighted
2024-04-11T14:46:00.000,I 20,I 20 and Panola Rd,,Sideswipe-Same Direction,2,Clear,Dry,Daylight
2024-08-04T11:47:00.000,I 20,I 20 and Panola Rd,,Rear End,2,Clear,Dry,Daylight
2024-04-23T21:00:00.000,I 20,I 20 and Panola Rd,,Rear End,2,Clear,Dry,Dusk
2024-05-17T07:00:00.000,I 20,I 20 and Panola Rd,,Rear End,2,Clear,Dry,Daylight
2024-02-03T20:00:00.000,I 20,I 20 and Panola Rd,,Rear End,2,Clear,Dry,Dark-Not Lighted
2024-01-02T16:00:00.000,I 20,I 20 and Panola Rd,,Rear End,2,Clear,Dry,Daylight
2024-05-03T21:00:00.000,I 20,I 20 and Panola Rd,,Rear End,2,Clear,Dry,Dark-Lighted
2024-02-12T08:01:00.000,I 20,I 20 and Panola Rd,,Rear End,2,Cloudy,Wet,Daylight
2024-08-18T16:31:00.000,I 20,I 20 and Panola Rd,,Rear End,2,Rain,Wet,Daylight
2024-09-22T12:15:00.000,I 20,I 20 and Panola Rd,,Rear End,3,Clear,Dry,Daylight
2024-12-26T18:05:00.000,I 20,I 20 and Panola Rd,,Rear End,2,Clear,Dry,Dark-Lighted
2024-09-21T10:50:00.000,I 20,I 20 and Panola Rd,,Angle Crash,2,Clear,Dry,Daylight
2024-03-22T07:36:00.000,I 20,I 20 and Panola Rd,,Rear End,2,Clear,Dry,Daylight
2024-11-24T00:00:00.000,I 20,I 20 and Panola Rd,,Rear End,2,Clear,Dry,Dark-Not Lighted
2024-05-20T14:51:00.000,I 20,I 20 and Panola Rd,,Angle Crash,2,Clear,Dry,Daylight
2024-09-12T00:00:00.000,I 20,I 20 and Panola Rd,,Rear End,3,Rain,Wet,Dark-Not Lighted
2024-09-08T22:55:00.000,I 20,I 20 and Panola Rd,,Sideswipe-Same Direction,2,Clear,Dry,Dark-Not Lighted
2024-01-23T23:00:00.000,I 20,I 20 and Panola Rd,,Rear End,2,Clear,Dry,Dark-Lighted
2024-02-04T04:50:00.000,I 20,I 20 and Panola Rd,,Not a Collision with Motor Vehicle,1,Clear,Dry,Dark-Lighted
2024-08-25T19:37:00.000,I 20,I 20 and Panola Rd,,Rear End,2,Clear,Dry,Daylight
2024-08-30T19:00:00.000,I 20,I 20 and Panola Rd,,Rear End,2,Clear,Dry,Daylight
2024-03-28T10:30:00.000,I 20,I 20 and Panola Rd,,Rear End,2,Clear,Dry,Daylight
2024-05-24T18:40:00.000,I 20,I 20 and Panola Rd,,Rear End,2,Clear,Dry,Daylight
2024-03-09T17:15:00.000,I 20,I 20 and Panola Rd,,Not a Collision with Motor Vehicle,1,Cloudy,Wet,Daylight
2024-07-27T23:21:00.000,I 20,I 20 and Panola Rd,,Angle Crash,3,Clear,Dry,Dark-Lighted
2024-09-20T14:40:00.000,I 20,I 20 and Panola Rd,,Rear End,2,Clear,Dry,Daylight
2024-11-06T18:12:00.000,I 20,I 20 and Panola Rd,,Rear End,2,Rain,Wet,Dark-Lighted
2024-05-16T10:20:00.000,I 20,I 20 and Panola Rd,,Rear End,2,Clear,Dry,Daylight
2024-04-11T00:00:00.000,I 20,I 20 and Panola Rd,,Rear End,2,Cloudy,Dry,Daylight
2024-04-22T07:35:00.000,I 20,I 20 and Panola Rd,,Rear End,2,Clear,Dry,Daylight
2024-05-21T18:00:00.000,I 20,I 20 and Panola Rd,,Rear End,2,Clear,Dry,Daylight
2024-10-27T10:16:00.000,I 20,I 20 and Panola Rd,,Rear End,2,Clear,Dry,Daylight
2024-11-22T13:05:00.000,I 20,I 20 and Panola Rd,,Rear End,2,Clear,Dry,Daylight
2024-06-14T02:00:00.000,I 20,I 20 and Panola Rd,,Rear End,2,Clear,Dry,Dark-Not Lighted
2024-10-18T13:50:00.000,I 20,I 20 and Panola Rd,,Rear End,2,Clear,Dry,Daylight
2024-05-22T12:31:00.000,I 20,I 20 and Panola Rd,,Rear End,2,Clear,Dry,Daylight
2024-08-08T18:00:00.000,I 20,I 20 and Panola Rd,,Angle Crash,2,Clear,Dry,Daylight
2024-09-29T03:45:00.000,I 20,I 20 and Panola Rd,,Angle Crash,2,Rain,Wet,Dark-Not Lighted
2024-03-10T18:27:00.000,I 20,I 20 and Panola Rd,,Rear End,3,Clear,Dry,Daylight
2024-01-01T00:52:00.000,I 20,I 20 and Panola Rd,,Rear End,3,Clear,Dry,Dark-Lighted
2024-10-17T06:07:00.000,I 20,I 20 and Panola Rd,,Rear End,2,Clear,Dry,Dark-Not Lighted
2024-07-06T14:00:00.000,I 20,I 20 and Panola Rd,,Rear End,2,Clear,Dry,Daylight
2024-04-29T12:22:00.000,I 20,I 20 and Panola Rd,,Not a Collision with Motor Vehicle,1,Cloudy,Dry,Daylight
2024-04-03T00:30:00.000,I 20,I 20 and Panola Rd,,Sideswipe-Same Direction,2,Rain,Wet,Dark-Not Lighted
2024-04-22T10:05:00.000,I 20,I 20 and Panola Rd,,Angle Crash,2,Clear,Dry,Daylight
2024-03-29T18:55:00.000,I 20,I 20 and Panola Rd,,Rear End,2,Clear,Dry,Daylight
2024-03-17T15:12:00.000,I 20,I 20 and Panola Rd,,Rear End,2,Clear,Dry,Daylight
2024-08-22T09:00:00.000,I 20,I 20 and Panola Rd,,Rear End,2,Clear,Dry,Daylight
2024-09-25T09:10:00.000,I 20,I 20 and Panola Rd,,Sideswipe-Same Direction,2,Clear,Dry,Daylight
2024-06-05T16:08:00.000,I 20,I 20 and Panola Rd,,Rear End,2,Clear,Dry,Daylight
2024-07-19T19:00:00.000,I 20,I 20 and Panola Rd,,Rear End,2,Clear,Dry,Daylight
2024-03-06T22:45:00.000,I 20,I 20 and Panola Rd,,Not a Collision with Motor Vehicle,1,Cloudy,Dry,Dark-Not Lighted
2024-01-24T18:10:00.000,I 20,I 20 and Panola Rd,,Rear End,2,Rain,Wet,Dark-Not Lighted
2024-06-18T11:17:00.000,I 20,I 20 and Panola Rd,,Angle Crash,2,Clear,Dry,Daylight
2024-04-08T08:31:00.000,I 20,I 20 and Panola Rd,,Rear End,2,Clear,Dry,Daylight
2024-04-22T14:26:00.000,I 20,I 20 and Panola Rd,,Rear End,2,Clear,Dry,Daylight
2024-01-31T18:45:00.000,I 20,I 20 and Panola Rd,,Sideswipe-Same Direction,2,Clear,Dry,Dark-Not Lighted