Date and Time,Roadway (From Crash Report),Intersection Name (from Crash Report),KABCO Severity,Manner of Collision (Crash Level) ,# of Vehicles per crash ,Weather Conditions (Crash Level),Surface Condition (Crash Level) ,Light Conditions (Crash Level)
2024-08-12T14:30:00.000,I 20,I 20 and Panola Rd,,Rear End,3,Clear,Dry,Daylight
2024-01-31T00:00:00.000,I 20,I 20 and Panola Rd,,Rear End,2,Clear,Dry,Daylight
2024-06-15T11:17:00.000,I 20,I 20 and Panola Rd,,Angle Crash,2,Clear,Dry,Daylight
2024-09-19T10:15:00.000,I 20,I 20 and Panola Rd,,Sideswipe-Same Direction,2,Clear,Dry,Daylight
2024-08-15T06:30:00.000,I 20,I 20 and Panola Rd,,Sideswipe-Same Direction,2,Clear,Dry,Daylight
2024-05-22T12:05:00.000,I 20,I 20 and Panola Rd,,Rear End,2,Clear,Dry,Daylight
2024-04-11T07:40:00.000,I 20,I 20 and Panola Rd,,Rear End,2,Clear,Dry,Daylight
2024-02-15T08:00:00.000,I 20,I 20 and Panola Rd,,Rear End,2,Clear,Dry,Daylight
2024-05-13T09:07:00.000,I 20,I 20 and Panola Rd,,Rear End,2,Rain,Wet,Daylight
2024-01-10T06:45:00.000,I 20,I 20 and Panola Rd,,Rear End,2,Clear,Dry,Dark-Lighted
2024-09-11T15:00:00.000,I 20,I 20 and Panola Rd,,Angle Crash,3,Clear,Dry,Daylight
2024-09-16T00:00:00.000,I 20,I 20 and Panola Rd,,Angle Crash,2,Clear,Dry,Daylight
2024-04-17T09:49:00.000,I 20,I 20 and Panola Rd,,Rear End,2,Clear,Dry,Daylight
2024-11-26T19:04:00.000,I 20,I 20 and Panola Rd,,Angle Crash,2,Clear,Dry,Dark-Lighted
2024-03-28T17:02:00.000,I 20,I 20 and Panola Rd,,Rear End,2,Clear,Dry,Daylight
2024-10-18T16:36:00.000,I 20,I 20 and Panola Rd,,Rear End,3,Clear,Dry,Daylight
2024-08-28T06:00:00.000,I 20,I 20 and Panola Rd,,Not a Collision with Motor Vehicle,1,Clear,Dry,Dark-Not Lighted
2024-12-03T04:40:00.000,I 20,I 20 and Panola Rd,,Sideswipe-Same Direction,2,Clear,Dry,Dark-Not Lighted
2024-10-29T06:00:00.000,I 20,I 20 and Panola Rd,,Rear End,2,Clear,Dry,Dawn
2024-09-07T13:28:00.000,I 20,I 20 and Panola Rd,,Rear End,3,Clear,Dry,Daylight
2024-05-31T13:30:00.000,I 20,I 20 and Panola Rd,,Sideswipe-Opposite Direction,2,Clear,Dry,Daylight
2024-09-28T14:45:00.000,I 20,I 20 and Panola Rd,,Rear End,3,Clear,Dry,Daylight
2024-12-28T00:50:00.000,I 20,I 20 and Panola Rd,,Angle Crash,2,Rain,Wet,Dark-Not Lighted
2024-02-10T19:55:00.000,I 20,I 20 and Panola Rd,,Rear End,2,Rain,Wet,Dark-Not Lighted
2024-01-18T20:30:00.000,I 20,I 20 and Panola Rd,,Rear End,2,Clear,Dry,Dark-Not Lighted
2024-01-22T14:48:00.000,I 20,I 20 and Panola Rd,,Angle Crash,2,Clear,Dry,Daylight
2024-10-06T21:30:00.000,I 20,I 20 and Panola Rd,,Angle Crash,2,Clear,Dry,Dark-Lighted
2024-08-21T09:50:00.000,I 20,I 20 and Panola Rd,,Sideswipe-Same Direction,2,Clear,Dry,Daylight
2024-12-23T11:20:00.000,I 20,I 20 and Panola Rd,,Angle Crash,2,Clear,Dry,Daylight
2024-05-29T06:23:00.000,I 20,I 20 and Panola Rd,,Rear End,2,Clear,Dry,Daylight
2024-04-20T17:50:00.000,I 20,I 20 and Panola Rd,,Rear End,2,Clear,Dry,Daylight
2024-03-15T14:45:00.000,I 20,I 20 and Panola Rd,,Rear End,2,Rain,Wet,Daylight
2024-12-05T19:00:00.000,I 20,I 20 and Panola Rd,,Rear End,2,Clear,Dry,Dark-Lighted
2024-02-05T19:30:00.000,I 20,I 20 and Panola Rd,,Sideswipe-Same Direction,2,Clear,Dry,Dark-Not Lighted
2024-10-09T10:24:00.000,I 20,I 20 and Panola Rd,,Angle Crash,2,Clear,Dry,Daylight
2024-06-19T17:40:00.000,I 20,I 20 and Panola Rd,,Not a Collision with Motor Vehicle,1,Clear,Dry,Daylight
2024-06-11T06:47:00.000,I 20,I 20 and Panola Rd,,Rear End,2,Clear,Dry,Daylight
2024-03-06T16:41:00.000,I 20,I 20 and Panola Rd,,Rear End,2,Rain,Wet,Daylight
2024-07-11T01:46:00.000,I 20,I 20 and Panola Rd,,Not a Collision with Motor Vehicle,1,Clear,Dry,Dark-Lighted
2024-04-19T01:50:00.000,I 20,I 20 and Panola Rd,,Not a Collision with Motor Vehicle,1,Clear,Dry,Dark-Not Lighted
2024-02-27T12:03:00.000,I 20,I 20 and Panola Rd,,Sideswipe-Same Direction,2,Cloudy,Dry,Daylight
2024-08-13T18:43:00.000,I 20,I 20 and Panola Rd,,Angle Crash,2,Clear,Dry,Daylight
2024-09-02T23:00:00.000,I 20,I 20 and Panola Rd,,Rear End,5,Clear,Dry,Dark-Not Lighted
2024-07-29T23:30:00.000,I 20,I 20 and Panola Rd,,Rear End,2,Clear,Wet,Dark-Lighted
2024-02-15T11:07:00.000,I 20,I 20 and Panola Rd,,Sideswipe-Same Direction,2,Clear,Dry,Daylight
2024-07-05T01:57:00.000,I 20,I 20 and Panola Rd,,Not a Collision with Motor Vehicle,1,Clear,Dry,Dark-Lighted
2024-07-02T09:25:00.000,I 20,I 20 and Panola Rd,,Rear End,2,Clear,Dry,Daylight
2024-03-22T13:28:00.000,I 20,I 20 and Panola Rd,,Rear End,2,Rain,Wet,Daylight
2024-01-21T02:34:00.000,I 20,I 20 and Panola Rd,,Rear End,2,Clear,Dry,Dark-Not Lighted
2024-02-11T04:50:00.000,I 20,I 20 and Panola Rd,,Rear End,2,Clear,Dry,Dark-Lighted
2024-05-16T17:59:00.000,I 20,I 20 and Panola Rd,,Angle Crash,2,Clear,Dry,Daylight
2024-05-02T06:44:00.000,I 20,I 20 and Panola Rd,,Angle Crash,2,Clear,Dry,Daylight
2024-06-14T01:40:00.000,I 20,I 20 and Panola Rd,,Rear End,2,Clear,Dry,Dark-Not Lighted
2024-02-29T08:45:00.000,I 20,I 20 and Panola Rd,,Angle Crash,2,Clear,Dry,Daylight
2024-11-01T18:29:00.000,I 20,I 20 and Panola Rd,,Rear End,3,Cloudy,Dry,Dusk
2024-05-16T16:02:00.000,I 20,I 20 and Panola Rd,,Rear End,2,Clear,Dry,Daylight
2024-05-15T16:15:00.000,I 20,I 20 and Panola Rd,,Rear End,2,Clear,Dry,Daylight
2024-02-16T14:55:00.000,I 20,I 20 and Panola Rd,,Sideswipe-Opposite Direction,2,Clear,Dry,Daylight
2024-03-21T09:45:00.000,I 20,I 20 and Panola Rd,,Rear End,2,Clear,Dry,Daylight
2024-05-30T09:27:00.000,I 20,I 20 and Panola Rd,,Angle Crash,2,Clear,Dry,Daylight
2024-09-01T04:58:00.000,I 20,I 20 and Panola Rd,,Rear End,2,Clear,Dry,Dark-Not Lighted
2024-10-27T19:10:00.000,I 20,I 20 and Panola Rd,,Rear End,2,Clear,Dry,Dark-Not Lighted
2024-10-07T17:50:00.000,I 20,I 20 and Panola Rd,,Rear End,2,Clear,Dry,Daylight
2024-02-01T12:08:00.000,I 20,I 20 and Panola Rd,,Rear End,2,Clear,Dry,Daylight
2024-12-10T09:30:00.000,I 20,I 20 and Panola Rd,,Not a Collision with Motor Vehicle,1,Rain,Wet,Daylight
2024-02-06T09:43:00.000,I 20,I 20 and Panola Rd,,Rear End,3,Clear,Dry,Daylight
2024-07-06T13:43:00.000,I 20,I 20 and Panola Rd,,Rear End,2,Clear,Dry,Daylight
2024-10-30T05:30:00.000,I 20,I 20 and Panola Rd,,Rear End,4,Clear,Dry,Dark-Not Lighted
2024-01-13T04:28:00.000,I 20,I 20 and Panola Rd,,Rear End,2,Clear,Dry,Dark-Lighted
2024-11-03T13:19:00.000,I 20,I 20 and Panola Rd,,Rear End,2,Cloudy,Dry,Daylight
2024-01-02T07:23:00.000,I 20,I 20 and Panola Rd,,Rear End,3,Clear,Dry,Daylight
2024-10-02T12:35:00.000,I 20,I 20 and Panola Rd,,Sideswipe-Same Direction,2,Clear,Dry,Daylight
2024-06-09T00:04:00.000,I 20,I 20 and Panola Rd,,Rear End,2,Clear,Dry,Dark-Lighted
2024-04-23T14:50:00.000,I 20,I 20 and Panola Rd,,Angle Crash,2,Clear,Dry,Daylight
2024-04-14T15:49:00.000,I 20,I 20 and Panola Rd,,Rear End,2,Clear,Dry,Daylight
2024-04-23T07:15:00.000,I 20,I 20 and Panola Rd,,Sideswipe-Same Direction,2,Clear,Dry,Daylight
2024-08-17T14:49:00.000,I 20,I 20 and Panola Rd,,Rear End,3,Clear,Dry,Daylight
2024-03-20T00:55:00.000,I 20,I 20 and Panola Rd,,Rear End,3,Clear,Dry,Dark-Not Lighted
2024-05-10T19:16:00.000,I 20,I 20 and Panola Rd,,Rear End,2,Clear,Dry,Daylight
2024-08-06T08:43:00.000,I 20,I 20 and Panola Rd,,Rear End,2,Clear,Dry,Daylight
2024-03-11T18:00:00.000,I 20,I 20 and Panola Rd,,Rear End,2,Clear,Dry,Daylight
2024-03-09T02:00:00.000,I 20,I 20 and Panola Rd,,Not a Collision with Motor Vehicle,1,Rain,Wet,Dark-Not Lighted
2024-05-11T15:43:00.000,I 20,I 20 and Panola Rd,,Rear End,2,Clear,Dry,Daylight
2024-06-07T23:15:00.000,I 20,I 20 and Panola Rd,,Sideswipe-Same Direction,2,Clear,Dry,Dark-Not Lighted
2024-06-12T14:05:00.000,I 20,I 20 and Panola Rd,,Rear End,2,Clear,Dry,Daylight
2024-05-08T12:26:00.000,I 20,I 20 and Panola Rd,,Sideswipe-Same Direction,2,Clear,Dry,Daylight
2024-03-18T22:37:00.000,I 20,I 20 and Panola Rd,,Rear End,2,Clear,Dry,Dark-Not Lighted
2024-05-15T07:42:00.000,I 20,I 20 and Panola Rd,,Sideswipe-Same Direction,2,Cloudy,Dry,Daylight
2024-06-11T12:40:00.000,I 20,I 20 and Panola Rd,,Sideswipe-Same Direction,2,Clear,Dry,Daylight
2024-06-06T15:52:00.000,I 20,I 20 and Panola Rd,,Sideswipe-Same Direction,2,Clear,Dry,Daylight
2024-03-28T07:40:00.000,I 20,I 20 and Panola Rd,,Rear End,2,Clear,Dry,Daylight
2024-04-18T12:00:00.000,I 20,I 20 and Panola Rd,,Rear End,2,Clear,Dry,Daylight
2024-08-31T09:50:00.000,I 20,I 20 and Panola Rd,,Rear End,2,Clear,Dry,Daylight
2024-03-15T17:10:00.000,I 20,I 20 and Panola Rd,,Rear End,3,Clear,Dry,Daylight
2024-04-12T13:58:00.000,I 20,I 20 and Panola Rd,,Rear End,2,Clear,Dry,Daylight
2024-07-04T18:20:00.000,I 20,I 20 and Panola Rd,,Sideswipe-Same Direction,2,Clear,Dry,Daylight
2024-01-03T09:30:00.000,I 20,I 20 and Panola Rd,,Not a Collision with Motor Vehicle,1,Clear,Dry,Daylight
2024-05-02T10:25:00.000,I 20,I 20 and Panola Rd,,Rear End,2,Clear,Dry,Daylight
2024-01-26T14:46:00.000,I 20,I 20 and Panola Rd,,Rear End,2,Cloudy,Dry,Daylight
2024-03-06T17:04:00.000,I 20,I 20 and Panola Rd,,Sideswipe-Same Direction,2,Rain,Wet,Daylight
2024-03-23T00:05:00.000,I 20,I 20 and Panola Rd,,Rear End,2,Clear,Dry,Dark-Not Lighted
2024-12-28T13:50:00.000,I 20,I 20 and Panola Rd,,Rear End,2,Rain,Wet,Daylight
2024-10-02T15:26:00.000,I 20,I 20 and Panola Rd,,Rear End,2,Clear,Dry,Daylight
2024-09-25T21:00:00.000,I 20,I 20 and Panola Rd,,Sideswipe-Same Direction,2,Rain,Water (standing or moving),Dark-Not Lighted
2024-06-03T07:30:00.000,I 20,I 20 and Panola Rd,,Rear End,2,Clear,Dry,Daylight
2021-06-28T16:15:00.000,I 20,I 20 and Panola Industrial Blvd,,Not a Collision with Motor Vehicle,2,Clear,Dry,Daylight
2021-12-30T02:18:00.000,I 20,I 20 and Panola Industrial Blvd,,Not a Collision with Motor Vehicle,1,Rain,Wet,Dark-Not Lighted
2021-10-22T10:00:00.000,I 20,I 20 and Panola Industrial Blvd,,Rear End,2,Clear,Dry,Daylight
2023-11-03T14:20:00.000,I 20,I 20 and Panola Industrial Blvd,,Rear End,2,Clear,Dry,Daylight
2023-11-14T12:43:00.000,I 20,I 20 and Panola Industrial Blvd,,Angle Crash,2,Clear,Dry,Daylight
2022-07-01T19:50:00.000,I 20,I 20 and Panola Industrial Blvd,,Not a Collision with Motor Vehicle,2,Clear,Dry,Daylight
2020-06-02T16:00:00.000,I 20,I 20 and Panola Industrial Blvd,,Rear End,3,Clear,Dry,Daylight
2021-09-01T07:35:00.000,I 20,I 20 and Panola Industrial Blvd,,Sideswipe-Same Direction,2,Clear,Dry,Daylight
2022-07-01T19:20:00.000,I 20,I 20 and Panola Industrial Blvd,,Angle Crash,2,Clear,Dry,Daylight
2022-03-20T18:00:00.000,I 20,I 20 and Panola Industrial Blvd,,Angle Crash,2,Clear,Dry,Daylight
2022-02-20T06:00:00.000,I 20,I 20 and Panola Industrial Blvd,,Not a Collision with Motor Vehicle,1,Clear,Dry,Dark-Not Lighted
2024-09-21T16:00:00.000,I 20,I 20 and Panola Industrial Blvd,,Rear End,3,Clear,Dry,Daylight
2024-01-14T00:00:00.000,I 20,I 20 and Panola Industrial Blvd,,Rear End,2,Clear,Dry,Dark-Lighted
2024-10-28T10:21:00.000,I 20,I 20 and Panola Industrial Blvd,,Rear End,2,Cloudy,Dry,Daylight
2024-12-13T14:00:00.000,I 20,I 20 and Panola Industrial Blvd,,Rear End,2,Clear,Dry,Daylight
2024-12-03T08:50:00.000,I 20,I 20 and Panola Industrial Blvd,,Rear End,2,Clear,Dry,Daylight
2024-10-16T08:32:00.000,I 20,I 20 and Panola Industrial Blvd,,Rear End,2,Clear,Dry,Daylight
2024-06-21T13:25:00.000,I 20,I 20 and Panola Industrial Blvd,,Angle Crash,3,Clear,Dry,Daylight
2021-06-13T18:40:00.000,I 20,I 20 and Panola,,Rear End,2,Clear,Dry,Daylight
2020-12-17T15:00:00.000,I 20,I 20 and Panola,,Angle Crash,2,Clear,Dry,Daylight
2020-06-08T07:58:00.000,I 20,I 20 and Panola,,Sideswipe-Same Direction,2,Clear,Dry,Daylight
2022-04-15T16:00:00.000,I 20,I 20 and Panola,,Rear End,2,Clear,Dry,Daylight
2024-10-25T01:25:00.000,I 20,I 20 and Panola,,Sideswipe-Same Direction,2,Clear,Dry,Dark-Lighted
2020-08-07T15:25:00.000,I 20,I 20 and Panol Rd,,Sideswipe-Same Direction,2,Clear,Dry,Daylight
2020-06-07T20:40:00.000,I 20,I 20 and Panol Rd,,Angle Crash,3,Clear,Dry,Dark-Not Lighted
2024-07-10T10:50:00.000,I 20,I 20 and Panoal Rd Exit Rp,,Sideswipe-Same Direction,2,Clear,Dry,Daylight
2021-11-23T07:30:00.000,I 20,I 20 and Panloa Rd,,Rear End,2,Clear,Dry,Daylight
2023-03-19T17:40:00.000,I 20,I 20 and Panla Rd,,Rear End,2,Clear,Dry,Daylight
2022-04-26T17:23:00.000,I 20,I 20 and Oxford Road Opas,,Sideswipe-Same Direction,3,Clear,Dry,Daylight
2022-05-10T20:23:00.000,I 20,I 20 and Oxford Rd Opas,,Not a Collision with Motor Vehicle,1,Clear,Dry,Daylight
2023-01-04T20:23:00.000,I 20,I 20 and On Rp,,Not a Collision with Motor Vehicle,1,Cloudy,Dry,Dark-Lighted
2021-07-16T09:35:00.000,I 20,I 20 and On Ramp To I20 E From Washngton Rd,,Not a Collision with Motor Vehicle,1,Clear,Dry,Daylight
2024-09-26T06:59:00.000,I 20,I 20 and On Ramp From Wheeler Rd,,Not a Collision with Motor Vehicle,1,Rain,Wet,Dark-Lighted
2020-09-16T17:22:00.000,I 20,I 20 and On Ramp From Washington Rd,,Not a Collision with Motor Vehicle,1,Rain,Wet,Daylight
2021-06-01T17:21:00.000,I 20,I 20 and On Ramp From Washington Rd,,Sideswipe-Same Direction,2,Clear,Dry,Daylight
2024-07-18T22:42:00.000,I 20,I 20 and On Ramp From Sr,,Rear End,2,Cloudy,Dry,Dark-Not Lighted
2020-12-08T05:20:00.000,I 20,I 20 and On Ramp Exit 24,,Sideswipe-Same Direction,2,Clear,Dry,Dark-Not Lighted
2024-09-06T14:54:00.000,I 20,I 20 and On Ramp Exit 199,,Sideswipe-Same Direction,2,Cloudy,Dry,Daylight
2024-12-16T15:35:00.000,I 20,I 20 and On Ramp 200,,Sideswipe-Same Direction,2,Clear,Dry,Daylight
2021-05-28T20:40:00.000,I 20,I 20 and On Ramp 19,,Not a Collision with Motor Vehicle,1,Rain,Wet,Dark-Not Lighted
2021-07-27T16:59:00.000,I 20,I 20 and Old Wesley Chapel Rd,,Sideswipe-Same Direction,2,Clear,Dry,Daylight
2021-01-28T17:52:00.000,I 20,I 20 and Old Wesley Chapel Rd,,Sideswipe-Same Direction,2,Clear,Dry,Dark-Lighted
2022-04-23T03:45:00.000,I 20,I 20 and Old Wesley Chapel Rd,,Sideswipe-Same Direction,2,Clear,Dry,Dark-Lighted
2020-08-25T07:35:00.000,I 20,I 20 and Old Wesley Chapel Rd,,Rear End,2,Rain,Wet,Daylight
2020-11-28T12:40:00.000,I 20,I 20 and Old Wesley Chapel Rd,,Sideswipe-Opposite Direction,2,Clear,Wet,Daylight
2020-04-07T13:05:00.000,I 20,I 20 and Old Wesley Chapel Rd,,Sideswipe-Same Direction,2,Clear,Dry,Daylight
2020-10-29T10:30:00.000,I 20,I 20 and Old Wesley Chapel Rd,,Sideswipe-Same Direction,2,Cloudy,Dry,Daylight
2020-09-16T02:50:00.000,I 20,I 20 and Old Wesley Chapel Rd,,Not a Collision with Motor Vehicle,1,Clear,Dry,Dark-Lighted
2021-04-14T15:54:00.000,I 20,I 20 and Old Wesley Chapel Rd,,Sideswipe-Same Direction,2,Clear,Dry,Daylight
2021-03-15T17:00:00.000,I 20,I 20 and Old Wesley Chapel Rd,,Rear End,2,Cloudy,Dry,Daylight
2021-10-18T16:21:00.000,I 20,I 20 and Old Wesley Chapel Rd,,Rear End,2,Clear,Dry,Daylight
2022-12-18T02:30:00.000,I 20,I 20 and Old Wesley Chapel Rd,,Sideswipe-Same Direction,2,Clear,Dry,Dark-Lighted
2022-04-23T21:56:00.000,I 20,I 20 and Old Wesley Chapel Rd,,Not a Collision with Motor Vehicle,1,Clear,Dry,Dark-Not Lighted
2022-02-03T09:25:00.000,I 20,I 20 and Old Wesley Chapel Rd,,Sideswipe-Same Direction,2,Cloudy,Wet,Daylight
2022-12-25T01:58:00.000,I 20,I 20 and Old Wesley Chapel Rd,,Sideswipe-Same Direction,2,Clear,Dry,Dark-Not Lighted
2022-03-29T10:05:00.000,I 20,I 20 and Old Wesley Chapel Rd,,Rear End,2,Clear,Dry,Daylight
2024-07-28T15:25:00.000,I 20,I 20 and Old Wesley Chapel Rd,,Rear End,2,Rain,Wet,Daylight
2024-10-26T14:20:00.000,I 20,I 20 and Old Wesley Chapel Rd,,Rear End,3,Clear,Dry,Daylight
2024-07-23T00:00:00.000,I 20,I 20 and Old Wesley Chapel Rd,,Rear End,2,Cloudy,Dry,Dark-Lighted
2022-11-03T21:24:00.000,I 20,I 20 and Old Social Circle Rd,,Not a Collision with Motor Vehicle,1,Clear,Dry,Dark-Not Lighted
2023-02-20T18:50:00.000,I 20,I 20 and Old Social Circle Rd,,Sideswipe-Same Direction,2,Clear,Dry,Dark-Not Lighted
2024-06-15T07:31:00.000,I 20,I 20 and Old Social Circle Rd,,Not a Collision with Motor Vehicle,1,Clear,Dry,Daylight
2021-12-16T17:10:00.000,I 20,I 20 and Old Sewell Church Rd,,Sideswipe-Same Direction,2,Rain,Wet,Daylight
2021-07-02T16:53:00.000,I 20,I 20 and Old Oxford Rd,,Rear End,2,Cloudy,Wet,Daylight
2020-05-29T01:13:00.000,I 20,I 20 and Old Oxford Rd,,Rear End,1,Clear,Wet,Dark-Not Lighted
2020-12-10T18:10:00.000,I 20,I 20 and Old Oxford Rd,,Sideswipe-Same Direction,2,Clear,Dry,Dark-Not Lighted
2020-09-20T09:27:00.000,I 20,I 20 and Old Oxford Rd,,Sideswipe-Same Direction,1,Clear,Dry,Daylight
2021-05-11T14:42:00.000,I 20,I 20 and Old Oxford Rd,,Sideswipe-Same Direction,2,Clear,Dry,Daylight
2022-06-20T22:45:00.000,I 20,I 20 and Old Oxford Rd,,Sideswipe-Same Direction,2,Clear,Dry,Dark-Not Lighted
2022-03-26T02:15:00.000,I 20,I 20 and Old Oxford Rd,,Not a Collision with Motor Vehicle,1,Clear,Dry,Daylight
2022-01-20T16:04:00.000,I 20,I 20 and Old Oxford Rd,,Sideswipe-Same Direction,2,Cloudy,Dry,Daylight
2022-06-28T04:45:00.000,I 20,I 20 and Old Oxford Rd,,Angle Crash,4,Clear,Dry,Dusk
2022-08-06T21:20:00.000,I 20,I 20 and Old Oxford Rd,,Angle Crash,1,Rain,Wet,Dark-Not Lighted
2022-10-20T22:40:00.000,I 20,I 20 and Old Oxford Rd,,Rear End,2,Clear,Dry,Dark-Not Lighted
2023-05-13T12:00:00.000,I 20,I 20 and Old Oxford Rd,,Rear End,2,Clear,Dry,Daylight
2023-05-14T17:56:00.000,I 20,I 20 and Old Oxford Rd,,Not a Collision with Motor Vehicle,2,Rain,Wet,Daylight
2024-07-03T17:41:00.000,I 20,I 20 and Old Oxford Rd,,Sideswipe-Same Direction,2,Clear,Dry,Daylight
2024-12-21T20:45:00.000,I 20,I 20 and Old Oxford Rd,,Sideswipe-Same Direction,2,Clear,Dry,Dark-Lighted
2023-08-11T06:10:00.000,I 20,I 20 and Old Oxford Rd,,Rear End,2,Rain,Wet,Dark-Not Lighted
2023-02-10T08:38:00.000,I 20,I 20 and Old Oxford Rd,,Rear End,2,Cloudy,Wet,Daylight
2023-08-02T10:08:00.000,I 20,I 20 and Old Oxford Rd,,Rear End,2,Clear,Dry,Daylight
2023-09-05T02:37:00.000,I 20,I 20 and Old Oxford Rd,,Rear End,2,Clear,Dry,Dark-Lighted
2024-05-29T01:35:00.000,I 20,I 20 and Old Oxford Rd,,Not a Collision with Motor Vehicle,1,Clear,Dry,Dark-Not Lighted
2024-04-12T13:44:00.000,I 20,I 20 and Old Oxford Rd,,Rear End,2,Clear,Dry,Daylight
2024-09-03T06:52:00.000,I 20,I 20 and Old Oxford Rd,,Rear End,2,Cloudy,Dry,Dusk
2024-10-27T04:22:00.000,I 20,I 20 and Old Oxford Rd,,Head On,2,Clear,Dry,Dark-Not Lighted
2024-03-12T17:32:00.000,I 20,I 20 and Old Oxford Rd,,Angle Crash,2,Clear,Dry,Daylight
2023-04-06T23:04:00.000,I 20,I 20 and Old Oxford,,Not a Collision with Motor Vehicle,2,Clear,Dry,Dark-Not Lighted
2024-11-26T04:05:00.000,I 20,I 20 and Old Oxford,,Not a Collision with Motor Vehicle,1,Rain,Wet,Dark-Not Lighted
2020-01-07T11:38:00.000,I 20,I 20 and Old Mill Road Opas,,Rear End,2,Clear,Dry,Daylight
2022-11-25T09:06:00.000,I 20,I 20 and Old Mill Rd Opas,,Not a Collision with Motor Vehicle,1,Cloudy,Wet,Daylight
2023-08-28T05:14:00.000,I 20,I 20 and Old Mill Rd,,Not a Collision with Motor Vehicle,1,Rain,Wet,Dark-Not Lighted
2023-03-28T05:14:00.000,I 20,I 20 and Old Mill Rd,,Not a Collision with Motor Vehicle,1,Rain,Wet,Dark-Not Lighted
2022-07-31T15:00:00.000,I 20,I 20 and Old Hillandale Dr,,Rear End,3,Clear,Dry,Daylight
2024-03-03T07:10:00.000,I 20,I 20 and Old Hillandale Dr,,Not a Collision with Motor Vehicle,2,Clear,Dry,Daylight
2023-08-29T15:28:00.000,I 20,I 20 and Old Fairburn Road Opas,,Rear End,2,Clear,Dry,Daylight
2023-11-03T20:45:00.000,I 20,I 20 and Old Covington Rd,,Not a Collision with Motor Vehicle,1,Clear,Dry,Dark-Lighted
2024-12-20T08:00:00.000,I 20,I 20 and Old Covington Rd,,Rear End,2,Clear,Dry,Daylight
2023-01-18T05:13:00.000,I 20,I 20 and Old Atlanta Rd,,Not a Collision with Motor Vehicle,1,Fog,Wet,Dawn
2022-11-15T07:17:00.000,I 20,I 20 and Old Atlanta Rd,,Rear End,4,Rain,Wet,Daylight
2024-01-01T00:54:00.000,I 20,I 20 and Old Atlanta Rd,,Angle Crash,2,Clear,Dry,Dark-Not Lighted
2024-03-03T05:57:00.000,I 20,I 20 and Old Atlanta Rd,,Not a Collision with Motor Vehicle,1,Fog,Wet,Dark-Not Lighted
2023-07-18T17:15:00.000,I 20,I 20 and Old Atlanta Rd,,Not a Collision with Motor Vehicle,3,Clear,Dry,Daylight
2023-02-10T20:00:00.000,I 20,I 20 and Old Atlanta Rd,,Angle Crash,2,Cloudy,Dry,Dark-Lighted
2024-01-03T06:30:00.000,I 20,I 20 and Old Atlanta Rd,,Sideswipe-Same Direction,2,Clear,Dry,Dark-Not Lighted
2024-06-17T09:00:00.000,I 20,I 20 and Old Atlanta Hwy,,Sideswipe-Same Direction,2,Clear,Dry,Daylight
2021-08-02T19:36:00.000,I 20,I 20 and Old Atlanta Hwy,,Sideswipe-Same Direction,2,Clear,Dry,Daylight
2023-07-06T19:10:00.000,I 20,I 20 and Old Atlanta Hwy,,Not a Collision with Motor Vehicle,1,Cloudy,Wet,Daylight
2022-03-27T16:02:00.000,I 20,I 20 and Off Rp,,Sideswipe-Same Direction,2,Clear,Dry,Daylight
2021-09-19T09:00:00.000,I 20,I 20 and Oakridge Ct,,Not a Collision with Motor Vehicle,1,Rain,Wet,Daylight
2022-03-17T20:00:00.000,I 20,I 20 and Oakridge Ct,,Sideswipe-Same Direction,2,Clear,Dry,Dark-Lighted
2020-12-15T08:58:00.000,I 20,I 20 and Oak St,,Rear End,2,Clear,Dry,Daylight
2024-05-31T15:30:00.000,I 20,I 20 and Not At Intersection,,Rear End,3,Clear,Dry,Daylight
2024-11-20T15:57:00.000,I 20,I 20 and Not At An Intersection,,Rear End,2,Clear,Dry,Daylight
2024-11-11T06:13:00.000,I 20,I 20 and Northsouth,,Rear End,4,Cloudy,Wet,Dark-Not Lighted
2022-04-19T06:01:00.000,I 20,I 20 and Northside Dr,,Sideswipe-Same Direction,2,Clear,Dry,Dark-Lighted
2022-12-23T17:12:00.000,I 20,I 20 and Northside Dr,,Sideswipe-Same Direction,2,Clear,Dry,Daylight
2021-02-26T22:20:00.000,I 20,I 20 and No Name Brg,,Not a Collision with Motor Vehicle,1,Clear,Dry,Dark-Not Lighted
2021-03-13T17:20:00.000,I 20,I 20 and No Name Brg,,Not a Collision with Motor Vehicle,1,Clear,Dry,Daylight
2021-06-10T13:19:00.000,I 20,I 20 and No Name Brg,,Rear End,2,Clear,Dry,Daylight
2021-04-24T12:35:00.000,I 20,I 20 and No Name Brg,,Sideswipe-Opposite Direction,3,Clear,Dry,Daylight
2020-08-20T06:53:00.000,I 20,I 20 and No Name Brg,,Rear End,2,Clear,Dry,Dark-Lighted
2021-01-23T18:35:00.000,I 20,I 20 and No Name Brg,,Rear End,2,Clear,Dry,Dark-Not Lighted
2021-05-05T14:30:00.000,I 20,I 20 and No Name Brg,,Rear End,2,Clear,Dry,Daylight
2021-01-22T23:16:00.000,I 20,I 20 and No Name Brg,,Sideswipe-Same Direction,2,Clear,Dry,Dark-Not Lighted