Date and Time,Roadway (From Crash Report),Intersection Name (from Crash Report),KABCO Severity,Manner of Collision (Crash Level) ,# of Vehicles per crash ,Weather Conditions (Crash Level),Surface Condition (Crash Level) ,Light Conditions (Crash Level)
2021-01-13T20:06:00.000,I 20,I 20 and Moreland Ave,,Rear End,2,Clear,Dry,Dark-Lighted
2021-01-09T18:42:00.000,I 20,I 20 and Moreland Ave,,Rear End,3,Clear,Dry,Daylight
2021-01-27T14:20:00.000,I 20,I 20 and Moreland Ave,,Rear End,2,Cloudy,Dry,Daylight
2021-01-08T00:20:00.000,I 20,I 20 and Moreland Ave,,Rear End,4,Rain,Wet,Dark-Lighted
2021-02-18T23:07:00.000,I 20,I 20 and Moreland Ave,,Head On,1,Rain,Wet,Dark-Lighted
2021-06-08T16:30:00.000,I 20,I 20 and Moreland Ave,,Sideswipe-Same Direction,2,Cloudy,Dry,Daylight
2021-03-07T19:10:00.000,I 20,I 20 and Moreland Ave,,Rear End,2,Clear,Dry,Dark-Lighted
2021-01-14T14:06:00.000,I 20,I 20 and Moreland Ave,,Rear End,2,Clear,Dry,Daylight
2021-06-25T17:10:00.000,I 20,I 20 and Moreland Ave,,Rear End,2,Clear,Dry,Daylight
2021-12-13T19:09:00.000,I 20,I 20 and Moreland Ave,,Rear End,3,Clear,Dry,Dark-Lighted
2021-12-07T18:30:00.000,I 20,I 20 and Moreland Ave,,Sideswipe-Same Direction,3,Clear,Dry,Dark-Lighted
2021-07-23T16:54:00.000,I 20,I 20 and Moreland Ave,,Rear End,2,Cloudy,Dry,Daylight
2021-09-03T18:20:00.000,I 20,I 20 and Moreland Ave,,Rear End,2,Clear,Dry,Daylight
2021-06-20T18:55:00.000,I 20,I 20 and Moreland Ave,,Sideswipe-Same Direction,2,Clear,Dry,Daylight
2021-04-26T17:00:00.000,I 20,I 20 and Moreland Ave,,Rear End,2,Clear,Dry,Daylight
2021-06-10T17:02:00.000,I 20,I 20 and Moreland Ave,,Rear End,2,Clear,Dry,Daylight
2021-04-01T17:29:00.000,I 20,I 20 and Moreland Ave,,Rear End,4,Clear,Dry,Daylight
2021-02-06T19:24:00.000,I 20,I 20 and Moreland Ave,,Angle Crash,1,Rain,Wet,Dark-Lighted
2021-01-15T14:19:00.000,I 20,I 20 and Moreland Ave,,Rear End,2,Clear,Dry,Daylight
2021-06-11T11:50:00.000,I 20,I 20 and Moreland Ave,,Rear End,2,Clear,Dry,Daylight
2021-04-23T16:50:00.000,I 20,I 20 and Moreland Ave,,Rear End,2,Clear,Dry,Daylight
2021-05-20T19:24:00.000,I 20,I 20 and Moreland Ave,,Rear End,2,Clear,Dry,Daylight
2021-04-28T16:32:00.000,I 20,I 20 and Moreland Ave,,Sideswipe-Same Direction,2,Clear,Dry,Daylight
2021-01-29T19:13:00.000,I 20,I 20 and Moreland Ave,,Rear End,4,Clear,Dry,Dark-Lighted
2021-03-30T12:15:00.000,I 20,I 20 and Moreland Ave,,Sideswipe-Same Direction,2,Clear,Dry,Daylight
2021-03-14T21:27:00.000,I 20,I 20 and Moreland Ave,,Sideswipe-Same Direction,2,Clear,Dry,Dark-Lighted
2021-10-25T08:15:00.000,I 20,I 20 and Moreland Ave,,Rear End,2,Clear,Dry,Daylight
2021-09-27T07:59:00.000,I 20,I 20 and Moreland Ave,,Rear End,2,Clear,Dry,Daylight
2021-09-02T18:25:00.000,I 20,I 20 and Moreland Ave,,Rear End,3,Clear,Dry,Daylight
2021-09-16T08:10:00.000,I 20,I 20 and Moreland Ave,,Rear End,2,Rain,Wet,Daylight
2021-11-15T06:31:00.000,I 20,I 20 and Moreland Ave,,Sideswipe-Same Direction,2,Clear,Dry,Dark-Lighted
2021-10-01T14:30:00.000,I 20,I 20 and Moreland Ave,,Rear End,5,Clear,Dry,Daylight
2021-11-02T07:50:00.000,I 20,I 20 and Moreland Ave,,Sideswipe-Same Direction,2,Clear,Dry,Daylight
2021-04-27T17:00:00.000,I 20,I 20 and Moreland Ave,,Sideswipe-Same Direction,2,Clear,Dry,Daylight
2021-05-14T17:00:00.000,I 20,I 20 and Moreland Ave,,Rear End,2,Cloudy,Dry,Daylight
2021-09-20T06:11:00.000,I 20,I 20 and Moreland Ave,,Head On,2,Rain,Wet,Dark-Lighted
2021-07-14T08:30:00.000,I 20,I 20 and Moreland Ave,,Rear End,2,Clear,Dry,Daylight
2021-11-09T07:40:00.000,I 20,I 20 and Moreland Ave,,Rear End,2,Clear,Dry,Daylight
2021-11-20T19:27:00.000,I 20,I 20 and Moreland Ave,,Sideswipe-Same Direction,2,Clear,Dry,Dark-Lighted
2021-12-22T16:40:00.000,I 20,I 20 and Moreland Ave,,Sideswipe-Same Direction,2,Clear,Dry,Daylight
2021-09-30T14:00:00.000,I 20,I 20 and Moreland Ave,,Rear End,2,Clear,Dry,Daylight
2021-10-28T19:26:00.000,I 20,I 20 and Moreland Ave,,Not a Collision with Motor Vehicle,1,Cloudy,Wet,Dark-Lighted
2021-09-22T08:00:00.000,I 20,I 20 and Moreland Ave,,Rear End,3,Cloudy,Dry,Daylight
2021-11-22T10:59:00.000,I 20,I 20 and Moreland Ave,,Not a Collision with Motor Vehicle,1,Clear,Dry,Daylight
2021-01-01T07:40:00.000,I 20,I 20 and Moreland Ave,,Rear End,2,Rain,Wet,Daylight
2021-03-04T13:48:00.000,I 20,I 20 and Moreland Ave,,Sideswipe-Same Direction,2,Clear,Dry,Daylight
2021-02-07T06:00:00.000,I 20,I 20 and Moreland Ave,,Rear End,1,Rain,Wet,Dark-Lighted
2021-03-05T16:54:00.000,I 20,I 20 and Moreland Ave,,Rear End,2,Clear,Dry,Daylight
2021-05-06T15:03:00.000,I 20,I 20 and Moreland Ave,,Sideswipe-Same Direction,2,Clear,Dry,Daylight
2021-02-19T17:08:00.000,I 20,I 20 and Moreland Ave,,Sideswipe-Same Direction,2,Clear,Dry,Daylight
2021-01-01T08:48:00.000,I 20,I 20 and Moreland Ave,,Not a Collision with Motor Vehicle,1,Rain,Wet,Daylight
2021-03-12T15:05:00.000,I 20,I 20 and Moreland Ave,,Rear End,2,Clear,Dry,Daylight
2021-05-13T07:50:00.000,I 20,I 20 and Moreland Ave,,Rear End,2,Clear,Dry,Daylight
2021-08-10T20:40:00.000,I 20,I 20 and Moreland Ave,,Sideswipe-Same Direction,2,Clear,Dry,Dark-Not Lighted
2021-10-02T21:43:00.000,I 20,I 20 and Moreland Ave,,Sideswipe-Same Direction,3,Clear,Dry,Dark-Lighted
2021-09-23T07:53:00.000,I 20,I 20 and Moreland Ave,,Rear End,5,Clear,Dry,Daylight
2021-10-01T14:30:00.000,I 20,I 20 and Moreland Ave,,Rear End,2,Clear,Dry,Daylight
2021-08-31T20:00:00.000,I 20,I 20 and Moreland Ave,,Rear End,2,Rain,Wet,Dark-Lighted
2021-10-01T14:30:00.000,I 20,I 20 and Moreland Ave,,Rear End,4,Clear,Dry,Daylight
2021-10-21T12:57:00.000,I 20,I 20 and Moreland Ave,,Rear End,2,Cloudy,Dry,Daylight
2021-02-08T16:50:00.000,I 20,I 20 and Moreland Ave,,Sideswipe-Same Direction,2,Clear,Dry,Daylight
2021-01-01T09:15:00.000,I 20,I 20 and Moreland Ave,,Rear End,2,Rain,Wet,Daylight
2021-06-11T19:32:00.000,I 20,I 20 and Moreland Ave,,Rear End,3,Clear,Dry,Daylight
2020-03-31T11:05:00.000,I 20,I 20 and Moreland Ave,,Not a Collision with Motor Vehicle,1,Rain,Wet,Daylight
2020-01-02T14:09:00.000,I 20,I 20 and Moreland Ave,,Rear End,2,Rain,Wet,Daylight
2020-10-10T07:08:00.000,I 20,I 20 and Moreland Ave,,Rear End,2,Rain,Wet,Dark-Lighted
2023-02-24T18:26:00.000,I 20,I 20 and Moreland Ave,,Rear End,3,Rain,Wet,Dark-Lighted
2023-12-05T09:35:00.000,I 20,I 20 and Moreland Ave,,Not a Collision with Motor Vehicle,2,Clear,Dry,Daylight
2023-10-30T12:41:00.000,I 20,I 20 and Moreland Ave,,Sideswipe-Same Direction,2,Clear,Dry,Daylight
2023-07-06T07:15:00.000,I 20,I 20 and Moreland Ave,,Sideswipe-Same Direction,2,Clear,Dry,Daylight
2023-06-29T09:04:00.000,I 20,I 20 and Moreland Ave,,Rear End,2,Clear,Dry,Daylight
2023-06-08T07:48:00.000,I 20,I 20 and Moreland Ave,,Sideswipe-Same Direction,2,Clear,Dry,Daylight
2023-07-27T08:05:00.000,I 20,I 20 and Moreland Ave,,Rear End,3,Clear,Dry,Daylight
2023-09-29T19:06:00.000,I 20,I 20 and Moreland Ave,,Sideswipe-Same Direction,2,Clear,Dry,Dusk
2023-06-15T17:28:00.000,I 20,I 20 and Moreland Ave,,Rear End,2,Cloudy,Dry,Daylight
2023-01-23T08:33:00.000,I 20,I 20 and Moreland Ave,,Sideswipe-Same Direction,2,Cloudy,Dry,Daylight
2023-06-08T18:30:00.000,I 20,I 20 and Moreland Ave,,Sideswipe-Same Direction,2,Clear,Dry,Daylight
2023-05-19T18:25:00.000,I 20,I 20 and Moreland Ave,,Sideswipe-Same Direction,2,Cloudy,Dry,Daylight
2023-11-09T08:08:00.000,I 20,I 20 and Moreland Ave,,Rear End,2,Cloudy,Dry,Daylight
2023-05-05T16:00:00.000,I 20,I 20 and Moreland Ave,,Rear End,3,Clear,Dry,Daylight
2023-01-10T17:11:00.000,I 20,I 20 and Moreland Ave,,Rear End,2,Cloudy,Dry,Daylight
2023-04-18T07:52:00.000,I 20,I 20 and Moreland Ave,,Rear End,2,Clear,Dry,Daylight
2023-01-19T08:45:00.000,I 20,I 20 and Moreland Ave,,Rear End,2,Rain,Wet,Daylight
2023-06-09T19:10:00.000,I 20,I 20 and Moreland Ave,,Rear End,2,Clear,Dry,Daylight
2023-06-23T18:50:00.000,I 20,I 20 and Moreland Ave,,Sideswipe-Same Direction,2,Cloudy,Dry,Daylight
2023-05-22T19:03:00.000,I 20,I 20 and Moreland Ave,,Rear End,2,Clear,Wet,Daylight
2023-03-02T08:20:00.000,I 20,I 20 and Moreland Ave,,Rear End,2,Cloudy,Dry,Daylight
2023-09-26T15:38:00.000,I 20,I 20 and Moreland Ave,,Rear End,2,Cloudy,Dry,Daylight
2023-07-21T16:27:00.000,I 20,I 20 and Moreland Ave,,Rear End,2,Clear,Dry,Daylight
2023-10-19T16:40:00.000,I 20,I 20 and Moreland Ave,,Rear End,2,Clear,Dry,Daylight
2023-04-13T09:07:00.000,I 20,I 20 and Moreland Ave,,Rear End,2,Cloudy,Dry,Daylight
2023-09-17T03:49:00.000,I 20,I 20 and Moreland Ave,,Rear End,3,Rain,Wet,Dark-Lighted
2023-07-18T08:16:00.000,I 20,I 20 and Moreland Ave,,Rear End,2,Clear,Dry,Daylight
2023-06-29T08:44:00.000,I 20,I 20 and Moreland Ave,,Not a Collision with Motor Vehicle,1,Clear,Dry,Daylight
2023-12-25T12:30:00.000,I 20,I 20 and Moreland Ave,,Sideswipe-Same Direction,2,Clear,Wet,Daylight
2023-12-29T23:20:00.000,I 20,I 20 and Moreland Ave,,Not a Collision with Motor Vehicle,1,Clear,Dry,Dark-Not Lighted
2023-06-01T19:23:00.000,I 20,I 20 and Moreland Ave,,Sideswipe-Same Direction,2,Clear,Dry,Daylight
2023-12-21T14:30:00.000,I 20,I 20 and Moreland Ave,,Rear End,2,Clear,Dry,Daylight
2023-10-03T10:00:00.000,I 20,I 20 and Moreland Ave,,Rear End,2,Clear,Dry,Daylight
2023-01-31T18:02:00.000,I 20,I 20 and Moreland Ave,,Rear End,2,Clear,Dry,Dark-Not Lighted
2022-03-03T16:23:00.000,I 20,I 20 and Moreland Ave,,Rear End,2,Clear,Dry,Daylight
2022-04-26T11:08:00.000,I 20,I 20 and Moreland Ave,,Sideswipe-Same Direction,4,Rain,Wet,Daylight
2022-10-18T08:55:00.000,I 20,I 20 and Moreland Ave,,Rear End,2,Clear,Dry,Daylight
2022-12-01T19:45:00.000,I 20,I 20 and Moreland Ave,,Rear End,3,Clear,Dry,Daylight
2023-01-02T15:03:00.000,I 20,I 20 and Moreland Ave,,Angle Crash,2,Cloudy,Wet,Daylight
2022-10-20T18:58:00.000,I 20,I 20 and Moreland Ave,,Rear End,2,Clear,Dry,Daylight
2022-12-22T08:13:00.000,I 20,I 20 and Moreland Ave,,Not a Collision with Motor Vehicle,2,Cloudy,Wet,Dark-Not Lighted
2021-02-16T19:35:00.000,I 20,I 20 and Moreland Ave,,Rear End,2,Clear,Dry,Dark-Lighted
2020-01-03T20:07:00.000,I 20,I 20 and Moreland Ave,,Not a Collision with Motor Vehicle,1,Rain,Wet,Dark-Lighted
2020-04-14T07:20:00.000,I 20,I 20 and Moreland Ave,,Rear End,2,Clear,Dry,Daylight
2020-01-17T06:01:00.000,I 20,I 20 and Moreland Ave,,Rear End,2,Clear,Dry,Dark-Lighted
2020-01-10T19:43:00.000,I 20,I 20 and Moreland Ave,,Rear End,3,Clear,Dry,Dark-Not Lighted
2020-10-10T11:17:00.000,I 20,I 20 and Moreland Ave,,Rear End,2,Cloudy,Wet,Daylight
2020-02-13T06:35:00.000,I 20,I 20 and Moreland Ave,,Not a Collision with Motor Vehicle,1,Rain,Wet,Dark-Lighted
2020-07-30T00:22:00.000,I 20,I 20 and Moreland Ave,,Head On,1,Rain,Wet,Dark-Lighted
2020-05-01T07:04:00.000,I 20,I 20 and Moreland Ave,,Not a Collision with Motor Vehicle,1,Clear,Dry,Dark-Lighted
2020-05-01T17:37:00.000,I 20,I 20 and Moreland Ave,,Rear End,2,Clear,Dry,Daylight
2020-07-01T17:39:00.000,I 20,I 20 and Moreland Ave,,Rear End,2,Clear,Dry,Daylight
2020-07-08T02:29:00.000,I 20,I 20 and Moreland Ave,,Not a Collision with Motor Vehicle,1,Cloudy,Dry,Dark-Lighted
2020-10-31T23:11:00.000,I 20,I 20 and Moreland Ave,,Rear End,3,Clear,Dry,Dark-Lighted
2020-10-06T15:35:00.000,I 20,I 20 and Moreland Ave,,Rear End,2,Clear,Dry,Daylight
2020-02-01T04:24:00.000,I 20,I 20 and Moreland Ave,,Rear End,2,Clear,Dry,Dark-Lighted
2020-03-26T19:53:00.000,I 20,I 20 and Moreland Ave,,Not a Collision with Motor Vehicle,1,Clear,Dry,Dawn
2020-09-23T00:13:00.000,I 20,I 20 and Moreland Ave,,Not a Collision with Motor Vehicle,1,Clear,Dry,Dark-Lighted
2020-02-20T15:13:00.000,I 20,I 20 and Moreland Ave,,Not a Collision with Motor Vehicle,1,Rain,Wet,Daylight
2020-09-18T14:20:00.000,I 20,I 20 and Moreland Ave,,Rear End,3,Clear,Dry,Daylight
2020-10-11T14:55:00.000,I 20,I 20 and Moreland Ave,,Not a Collision with Motor Vehicle,1,Rain,Wet,Daylight
2020-02-05T17:08:00.000,I 20,I 20 and Moreland Ave,,Rear End,2,Rain,Wet,Dark-Lighted
2020-09-18T02:03:00.000,I 20,I 20 and Moreland Ave,,Head On,2,Clear,Dry,Dark-Lighted
2020-08-13T17:26:00.000,I 20,I 20 and Moreland Ave,,Sideswipe-Same Direction,2,Clear,Dry,Daylight
2020-06-24T21:56:00.000,I 20,I 20 and Moreland Ave,,Angle Crash,3,Clear,Wet,Daylight
2020-03-05T11:16:00.000,I 20,I 20 and Moreland Ave,,Rear End,2,Cloudy,Wet,Daylight
2020-12-21T15:13:00.000,I 20,I 20 and Moreland Ave,,Angle Crash,2,Clear,Dry,Daylight
2020-06-28T06:44:00.000,I 20,I 20 and Moreland Ave,,Sideswipe-Same Direction,4,Clear,Dry,Daylight
2020-04-01T14:05:00.000,I 20,I 20 and Moreland Ave,,Sideswipe-Same Direction,2,Clear,Dry,Daylight
2020-12-10T11:14:00.000,I 20,I 20 and Moreland Ave,,Not a Collision with Motor Vehicle,2,Clear,Dry,Daylight
2020-01-09T18:44:00.000,I 20,I 20 and Moreland Ave,,Rear End,2,Cloudy,Dry,Dark-Lighted
2020-02-27T08:27:00.000,I 20,I 20 and Moreland Ave,,Rear End,2,Clear,Dry,Daylight
2020-01-17T15:56:00.000,I 20,I 20 and Moreland Ave,,Rear End,2,Clear,Dry,Daylight
2020-11-29T19:44:00.000,I 20,I 20 and Moreland Ave,,Sideswipe-Same Direction,3,Rain,Wet,Dark-Lighted
2020-04-19T19:17:00.000,I 20,I 20 and Moreland Ave,,Sideswipe-Same Direction,2,Rain,Wet,Dark-Not Lighted
2020-02-23T15:20:00.000,I 20,I 20 and Moreland Ave,,Rear End,2,Clear,Dry,Daylight
2020-10-11T00:28:00.000,I 20,I 20 and Moreland Ave,,Angle Crash,2,Rain,Wet,Dark-Lighted
2020-01-26T02:49:00.000,I 20,I 20 and Moreland Ave,,Rear End,2,Clear,Dry,Dark-Lighted
2020-03-21T15:22:00.000,I 20,I 20 and Moreland Ave,,Rear End,2,Clear,Dry,Daylight
2020-09-03T00:44:00.000,I 20,I 20 and Moreland Ave,,Head On,2,Clear,Dry,Dark-Lighted
2020-01-28T09:00:00.000,I 20,I 20 and Moreland Ave,,Rear End,2,Clear,Dry,Daylight
2020-12-18T18:36:00.000,I 20,I 20 and Moreland Ave,,Rear End,3,Clear,Dry,Dark-Lighted
2020-08-14T15:21:00.000,I 20,I 20 and Moreland Ave,,Not a Collision with Motor Vehicle,1,Cloudy,Dry,Daylight
2020-10-10T06:56:00.000,I 20,I 20 and Moreland Ave,,Not a Collision with Motor Vehicle,1,Rain,Wet,Dark-Lighted
2020-05-29T13:18:00.000,I 20,I 20 and Moreland Ave,,Angle Crash,3,Clear,Dry,Daylight
2020-11-13T19:00:00.000,I 20,I 20 and Moreland Ave,,Rear End,3,Clear,Dry,Dark-Lighted
2020-09-21T16:10:00.000,I 20,I 20 and Moreland Ave,,Sideswipe-Same Direction,2,Clear,Dry,Daylight
2020-02-11T13:41:00.000,I 20,I 20 and Moreland Ave,,Rear End,2,Cloudy,Dry,Daylight
2020-09-05T18:01:00.000,I 20,I 20 and Moreland Ave,,Head On,2,Clear,Dry,Daylight
2020-04-28T19:17:00.000,I 20,I 20 and Moreland Ave,,Not a Collision with Motor Vehicle,1,Clear,Dry,Daylight
2020-03-04T07:01:00.000,I 20,I 20 and Moreland Ave,,Rear End,2,Rain,Water (standing or moving),Daylight
2020-08-30T19:55:00.000,I 20,I 20 and Moreland Ave,,Angle Crash,1,Rain,Wet,Dark-Lighted
2020-01-11T16:59:00.000,I 20,I 20 and Moreland Ave,,Not a Collision with Motor Vehicle,1,Rain,Wet,Daylight
2020-01-19T19:21:00.000,I 20,I 20 and Moreland Ave,,Rear End,2,Clear,Dry,Daylight
2020-10-18T20:48:00.000,I 20,I 20 and Moreland Ave,,Rear End,3,Clear,Dry,Dark-Lighted
2020-03-24T10:44:00.000,I 20,I 20 and Moreland Ave,,Rear End,1,Cloudy,Wet,Daylight
2020-11-13T18:16:00.000,I 20,I 20 and Moreland Ave,,Rear End,2,Clear,Dry,Dark-Lighted
2020-09-14T00:33:00.000,I 20,I 20 and Moreland Ave,,Sideswipe-Same Direction,3,Clear,Dry,Dark-Lighted
2020-03-11T07:50:00.000,I 20,I 20 and Moreland Ave,,Rear End,2,Clear,Dry,Dawn
2020-12-21T16:15:00.000,I 20,I 20 and Moreland Ave,,Sideswipe-Same Direction,2,Clear,Dry,Daylight
2020-05-29T12:50:00.000,I 20,I 20 and Moreland Ave,,Not a Collision with Motor Vehicle,1,Rain,Wet,Daylight
2020-09-16T23:33:00.000,I 20,I 20 and Moreland Ave,,Not a Collision with Motor Vehicle,1,Rain,Water (standing or moving),Dark-Lighted
2020-08-24T18:37:00.000,I 20,I 20 and Moreland Ave,,Sideswipe-Same Direction,2,Rain,Wet,Daylight
2020-05-29T16:40:00.000,I 20,I 20 and Moreland Ave,,Rear End,3,Clear,Dry,Daylight
2020-01-10T18:25:00.000,I 20,I 20 and Moreland Ave,,Sideswipe-Same Direction,2,Clear,Dry,Dark-Lighted
2020-01-21T06:40:00.000,I 20,I 20 and Moreland Ave,,Rear End,3,Clear,Dry,Daylight
2020-12-02T18:23:00.000,I 20,I 20 and Moreland Ave,,Rear End,2,Clear,Dry,Dark-Lighted
2020-08-14T02:31:00.000,I 20,I 20 and Moreland Ave,,Not a Collision with Motor Vehicle,1,Rain,Water (standing or moving),Dark-Lighted
2020-02-25T11:17:00.000,I 20,I 20 and Moreland Ave,,Sideswipe-Same Direction,2,Cloudy,Dry,Daylight
2020-11-29T21:26:00.000,I 20,I 20 and Moreland Ave,,Rear End,2,Rain,Wet,Dark-Not Lighted
2020-05-25T17:50:00.000,I 20,I 20 and Moreland Ave,,Not a Collision with Motor Vehicle,1,Rain,Wet,Daylight
2020-06-04T03:23:00.000,I 20,I 20 and Moreland Ave,,Sideswipe-Same Direction,2,Clear,Dry,Dark-Lighted
2020-10-15T20:06:00.000,I 20,I 20 and Moreland Ave,,Rear End,2,Cloudy,Dry,Dark-Lighted
2020-03-04T15:20:00.000,I 20,I 20 and Moreland Ave,,Rear End,2,Rain,Wet,Daylight
2020-03-10T12:13:00.000,I 20,I 20 and Moreland Ave,,Rear End,4,Rain,Wet,Daylight
2020-02-16T12:55:00.000,I 20,I 20 and Moreland Ave,,Rear End,2,Clear,Wet,Daylight
2020-08-13T23:22:00.000,I 20,I 20 and Moreland Ave,,Not a Collision with Motor Vehicle,1,Rain,Wet,Dark-Lighted
2020-02-15T14:01:00.000,I 20,I 20 and Moreland Ave,,Sideswipe-Same Direction,3,Clear,Dry,Daylight
2020-08-25T10:45:00.000,I 20,I 20 and Moreland Ave,,Not a Collision with Motor Vehicle,1,Rain,Wet,Daylight
2020-04-26T18:28:00.000,I 20,I 20 and Moreland Ave,,Not a Collision with Motor Vehicle,1,Clear,Dry,Daylight
2020-01-11T19:03:00.000,I 20,I 20 and Moreland Ave,,Not a Collision with Motor Vehicle,1,Rain,Wet,Dark-Lighted
2020-08-23T16:40:00.000,I 20,I 20 and Moreland Ave,,Rear End,4,Rain,Wet,Daylight
2020-01-13T09:24:00.000,I 20,I 20 and Moreland Ave,,Not a Collision with Motor Vehicle,1,Rain,Wet,Daylight
2020-03-27T08:42:00.000,I 20,I 20 and Moreland Ave,,Rear End,2,Clear,Dry,Daylight
2020-02-06T04:46:00.000,I 20,I 20 and Moreland Ave,,Rear End,3,Rain,Wet,Dark-Lighted
2020-03-03T18:52:00.000,I 20,I 20 and Moreland Ave,,Rear End,2,Clear,Dry,Daylight
2020-12-02T18:41:00.000,I 20,I 20 and Moreland Ave,,Sideswipe-Same Direction,2,Clear,Dry,Dark-Lighted
2020-03-09T22:23:00.000,I 20,I 20 and Moreland Ave,,Rear End,2,Clear,Dry,Dark-Not Lighted
2020-03-30T00:48:00.000,I 20,I 20 and Moreland Ave,,Not a Collision with Motor Vehicle,1,Clear,Dry,Dark-Lighted
2020-08-24T12:29:00.000,I 20,I 20 and Moreland Ave,,Rear End,2,Clear,Dry,Daylight
2020-04-14T09:40:00.000,I 20,I 20 and Moreland Ave,,Rear End,2,Clear,Dry,Daylight
2020-05-05T18:34:00.000,I 20,I 20 and Moreland Ave,,Sideswipe-Same Direction,2,Clear,Dry,Daylight
2020-11-11T12:53:00.000,I 20,I 20 and Moreland Ave,,Rear End,2,Rain,Wet,Daylight
2020-08-16T13:53:00.000,I 20,I 20 and Moreland Ave,,Sideswipe-Same Direction,2,Clear,Dry,Daylight
2020-12-31T05:17:00.000,I 20,I 20 and Moreland Ave,,Angle Crash,1,Rain,Wet,Dark-Lighted
2020-11-28T02:44:00.000,I 20,I 20 and Moreland Ave,,Angle Crash,1,Rain,Wet,Dark-Lighted
2020-09-24T15:00:00.000,I 20,I 20 and Moreland Ave,,Angle Crash,2,Rain,Wet,Daylight
2020-05-27T12:40:00.000,I 20,I 20 and Moreland Ave,,Angle Crash,2,Rain,Wet,Daylight
2020-03-23T14:00:00.000,I 20,I 20 and Moreland Ave,,Not a Collision with Motor Vehicle,1,Rain,Wet,Daylight
2020-05-21T23:09:00.000,I 20,I 20 and Moreland Ave,,Rear End,2,Clear,Dry,Dark-Lighted
2020-09-25T18:50:00.000,I 20,I 20 and Moreland Ave,,Not a Collision with Motor Vehicle,1,Clear,Dry,Daylight
2020-04-14T06:13:00.000,I 20,I 20 and Moreland Ave,,Not a Collision with Motor Vehicle,4,Clear,Dry,Dark-Lighted
2020-09-03T22:00:00.000,I 20,I 20 and Moreland Ave,,Sideswipe-Same Direction,2,(None),Dry,Dark-Lighted
2020-02-17T19:00:00.000,I 20,I 20 and Moreland Ave,,Rear End,2,Clear,Dry,Dark-Lighted
2020-07-15T14:27:00.000,I 20,I 20 and Moreland Ave,,Sideswipe-Same Direction,2,Rain,Wet,Daylight
2020-08-24T18:15:00.000,I 20,I 20 and Moreland Ave,,Not a Collision with Motor Vehicle,1,Rain,Wet,Daylight
2020-03-04T12:38:00.000,I 20,I 20 and Moreland Ave,,Rear End,2,Rain,Wet,Daylight
2020-11-26T08:03:00.000,I 20,I 20 and Moreland Ave,,Not a Collision with Motor Vehicle,1,Cloudy,Wet,Daylight
2020-02-27T08:32:00.000,I 20,I 20 and Moreland Ave,,Sideswipe-Same Direction,2,Clear,Dry,Daylight
2020-02-19T15:16:00.000,I 20,I 20 and Moreland Ave,,Rear End,2,Cloudy,Dry,Daylight
2020-03-10T12:16:00.000,I 20,I 20 and Moreland Ave,,Rear End,2,Rain,Wet,Daylight
2020-01-06T08:00:00.000,I 20,I 20 and Moreland Ave,,Rear End,2,Clear,Dry,Daylight
2020-11-10T00:14:00.000,I 20,I 20 and Moreland Ave,,Sideswipe-Same Direction,2,Clear,Dry,Dark-Lighted
2020-11-11T03:27:00.000,I 20,I 20 and Moreland Ave,,Angle Crash,1,Rain,Water (standing or moving),Dark-Lighted
2020-03-02T11:36:00.000,I 20,I 20 and Moreland Ave,,Not a Collision with Motor Vehicle,1,Rain,Wet,Daylight
2020-11-14T00:50:00.000,I 20,I 20 and Moreland Ave,,Sideswipe-Same Direction,2,Clear,Dry,Dark-Lighted
2020-01-08T17:00:00.000,I 20,I 20 and Moreland Ave,,Rear End,2,Clear,Dry,Daylight
2020-11-04T04:21:00.000,I 20,I 20 and Moreland Ave,,Angle Crash,1,Clear,Dry,Dark-Lighted
2020-09-10T06:30:00.000,I 20,I 20 and Moreland Ave,,Not a Collision with Motor Vehicle,2,Clear,Dry,Daylight
2020-01-16T08:54:00.000,I 20,I 20 and Moreland Ave,,Sideswipe-Same Direction,2,Clear,Dry,Daylight
2020-12-11T04:36:00.000,I 20,I 20 and Moreland Ave,,Head On,2,Clear,Dry,Daylight
2020-02-21T11:50:00.000,I 20,I 20 and Moreland Ave,,Rear End,2,Clear,Dry,Daylight
2020-12-12T19:18:00.000,I 20,I 20 and Moreland Ave,,Rear End,3,Rain,Wet,Dark-Lighted
2020-02-16T09:22:00.000,I 20,I 20 and Moreland Ave,,Not a Collision with Motor Vehicle,1,Rain,Wet,Daylight
2020-03-20T13:34:00.000,I 20,I 20 and Moreland Ave,,Rear End,2,Clear,Dry,Daylight
2020-11-09T13:55:00.000,I 20,I 20 and Moreland Ave,,Rear End,2,Clear,Dry,Daylight
2020-02-20T09:40:00.000,I 20,I 20 and Moreland Ave,,Sideswipe-Same Direction,2,Rain,Wet,Daylight
2020-03-10T13:10:00.000,I 20,I 20 and Moreland Ave,,Angle Crash,3,Cloudy,Wet,Daylight
2020-11-11T12:28:00.000,I 20,I 20 and Moreland Ave,,Sideswipe-Same Direction,2,Rain,Wet,Daylight