Date and Time,Roadway (From Crash Report),Intersection Name (from Crash Report),KABCO Severity,Manner of Collision (Crash Level) ,# of Vehicles per crash ,Weather Conditions (Crash Level),Surface Condition (Crash Level) ,Light Conditions (Crash Level)
2020-09-11T18:54:00.000,I 20,I 20 and Moreland Ave,,Rear End,2,Clear,Dry,Daylight
2020-02-28T09:00:00.000,I 20,I 20 and Moreland Ave,,Rear End,2,Clear,Dry,Daylight
2020-10-21T19:52:00.000,I 20,I 20 and Moreland Ave,,Rear End,2,Clear,Dry,Dark-Lighted
2020-03-14T18:07:00.000,I 20,I 20 and Moreland Ave,,Angle Crash,2,Clear,Dry,Daylight
2020-12-15T08:11:00.000,I 20,I 20 and Moreland Ave,,Sideswipe-Same Direction,2,Clear,Dry,Daylight
2020-03-05T06:30:00.000,I 20,I 20 and Moreland Ave,,Not a Collision with Motor Vehicle,1,Rain,Wet,Dark-Lighted
2020-11-05T09:45:00.000,I 20,I 20 and Moreland Ave,,Rear End,2,Clear,Dry,Daylight
2020-02-06T08:15:00.000,I 20,I 20 and Moreland Ave,,Not a Collision with Motor Vehicle,1,Rain,Wet,Daylight
2020-09-19T12:41:00.000,I 20,I 20 and Moreland Ave,,Rear End,2,Cloudy,Dry,Daylight
2020-11-26T02:50:00.000,I 20,I 20 and Moreland Ave,,Not a Collision with Motor Vehicle,1,Rain,Wet,Dark-Lighted
2020-01-13T05:56:00.000,I 20,I 20 and Moreland Ave,,Angle Crash,1,Rain,Wet,Dark-Lighted
2020-09-22T09:35:00.000,I 20,I 20 and Moreland Ave,,Rear End,2,Clear,Dry,Daylight
2020-01-31T15:44:00.000,I 20,I 20 and Moreland Ave,,Rear End,3,Cloudy,Dry,Daylight
2020-12-28T08:23:00.000,I 20,I 20 and Moreland Ave,,Rear End,3,Clear,Dry,Daylight
2020-09-24T14:45:00.000,I 20,I 20 and Moreland Ave,,Rear End,2,Rain,Wet,Daylight
2020-07-25T19:10:00.000,I 20,I 20 and Moreland Ave,,Not a Collision with Motor Vehicle,1,Rain,Wet,Dusk
2020-03-03T09:20:00.000,I 20,I 20 and Moreland Ave,,Not a Collision with Motor Vehicle,1,Rain,Wet,Daylight
2020-08-14T19:51:00.000,I 20,I 20 and Moreland Ave,,Sideswipe-Same Direction,2,Clear,Dry,Daylight
2020-02-16T03:34:00.000,I 20,I 20 and Moreland Ave,,Sideswipe-Same Direction,2,Clear,Dry,Daylight
2020-06-17T07:52:00.000,I 20,I 20 and Moreland Ave,,Not a Collision with Motor Vehicle,2,Clear,Dry,Daylight
2020-01-13T18:05:00.000,I 20,I 20 and Moreland Ave,,Rear End,3,Clear,Dry,Dark-Not Lighted
2020-01-22T09:41:00.000,I 20,I 20 and Moreland Ave,,Rear End,2,Clear,Dry,Daylight
2020-09-04T18:18:00.000,I 20,I 20 and Moreland Ave,,Rear End,2,Clear,Dry,Daylight
2020-09-14T23:51:00.000,I 20,I 20 and Moreland Ave,,Not a Collision with Motor Vehicle,1,Clear,Dry,Dark-Lighted
2020-01-09T09:10:00.000,I 20,I 20 and Moreland Ave,,Rear End,2,Clear,Dry,Daylight
2020-10-03T18:58:00.000,I 20,I 20 and Moreland Ave,,Rear End,2,Clear,Dry,Dusk
2020-05-19T12:00:00.000,I 20,I 20 and Moreland Ave,,Angle Crash,2,Cloudy,Dry,Daylight
2020-08-30T10:59:00.000,I 20,I 20 and Moreland Ave,,Rear End,2,Clear,Dry,Daylight
2020-02-21T17:14:00.000,I 20,I 20 and Moreland Ave,,Rear End,3,Clear,Dry,Daylight
2020-03-11T04:27:00.000,I 20,I 20 and Moreland Ave,,Sideswipe-Same Direction,2,Clear,Dry,Dark-Lighted
2020-10-11T14:09:00.000,I 20,I 20 and Moreland Ave,,Rear End,2,Rain,Dry,Daylight
2020-10-03T18:25:00.000,I 20,I 20 and Moreland Ave,,Rear End,2,Clear,Dry,Daylight
2020-02-08T18:29:00.000,I 20,I 20 and Moreland Ave,,Rear End,2,Clear,Dry,Dark-Lighted
2020-10-17T08:00:00.000,I 20,I 20 and Moreland Ave,,Not a Collision with Motor Vehicle,1,Clear,Dry,Daylight
2020-09-12T12:58:00.000,I 20,I 20 and Moreland Ave,,Angle Crash,3,Rain,Wet,Daylight
2020-03-14T18:10:00.000,I 20,I 20 and Moreland Ave,,Rear End,2,Clear,Dry,Daylight
2020-08-03T22:12:00.000,I 20,I 20 and Moreland Ave,,Sideswipe-Same Direction,2,Clear,Dry,Dark-Lighted
2020-10-27T19:15:00.000,I 20,I 20 and Moreland Ave,,Rear End,2,Clear,Dry,Dark-Lighted
2020-02-28T17:48:00.000,I 20,I 20 and Moreland Ave,,Rear End,2,Clear,Dry,Daylight
2020-03-01T15:37:00.000,I 20,I 20 and Moreland Ave,,Rear End,3,Clear,Dry,Daylight
2020-09-19T15:37:00.000,I 20,I 20 and Moreland Ave,,Sideswipe-Same Direction,2,Clear,Dry,Daylight
2020-11-04T23:45:00.000,I 20,I 20 and Moreland Ave,,Rear End,2,Clear,Dry,Daylight
2020-02-05T23:19:00.000,I 20,I 20 and Moreland Ave,,Not a Collision with Motor Vehicle,1,Rain,Wet,Dark-Lighted
2020-10-10T06:06:00.000,I 20,I 20 and Moreland Ave,,Not a Collision with Motor Vehicle,1,Rain,Wet,Dark-Lighted
2020-12-18T17:32:00.000,I 20,I 20 and Moreland Ave,,Rear End,2,Clear,Dry,Dusk
2020-08-28T10:12:00.000,I 20,I 20 and Moreland Ave,,Rear End,2,Cloudy,Dry,Daylight
2020-06-22T15:43:00.000,I 20,I 20 and Moreland Ave,,Not a Collision with Motor Vehicle,1,Rain,Wet,Daylight
2020-02-22T23:00:00.000,I 20,I 20 and Moreland Ave,,Rear End,2,Clear,Dry,Dark-Lighted
2020-05-25T18:30:00.000,I 20,I 20 and Moreland Ave,,Sideswipe-Same Direction,3,Rain,Wet,Daylight
2020-11-17T11:30:00.000,I 20,I 20 and Moreland Ave,,Sideswipe-Same Direction,2,Clear,Dry,Daylight
2020-01-21T06:40:00.000,I 20,I 20 and Moreland Ave,,Rear End,2,Clear,Dry,Daylight
2021-04-01T17:38:00.000,I 20,I 20 and Moreland Ave,,Rear End,2,Clear,Dry,Daylight
2021-05-12T13:05:00.000,I 20,I 20 and Moreland Ave,,Rear End,2,Rain,Wet,Daylight
2021-02-22T01:30:00.000,I 20,I 20 and Moreland Ave,,Rear End,2,Cloudy,Dry,Dark-Lighted
2021-06-25T17:25:00.000,I 20,I 20 and Moreland Ave,,Rear End,2,Clear,Dry,Daylight
2021-01-23T14:58:00.000,I 20,I 20 and Moreland Ave,,Rear End,4,Clear,Dry,Daylight
2021-05-04T19:15:00.000,I 20,I 20 and Moreland Ave,,Not a Collision with Motor Vehicle,1,Rain,Wet,Daylight
2021-01-08T04:49:00.000,I 20,I 20 and Moreland Ave,,Not a Collision with Motor Vehicle,1,Rain,Wet,Dark-Lighted
2021-02-13T04:48:00.000,I 20,I 20 and Moreland Ave,,Head On,1,Rain,Wet,Dark-Lighted
2021-02-11T08:40:00.000,I 20,I 20 and Moreland Ave,,Rear End,2,Rain,Wet,Daylight
2021-02-18T17:43:00.000,I 20,I 20 and Moreland Ave,,Rear End,3,Clear,Dry,Daylight
2021-02-20T02:23:00.000,I 20,I 20 and Moreland Ave,,Not a Collision with Motor Vehicle,1,Clear,Dry,Dark-Not Lighted
2021-01-01T13:00:00.000,I 20,I 20 and Moreland Ave,,Not a Collision with Motor Vehicle,1,Rain,Wet,Daylight
2021-05-12T13:36:00.000,I 20,I 20 and Moreland Ave,,Not a Collision with Motor Vehicle,1,Clear,Dry,Daylight
2021-02-11T11:35:00.000,I 20,I 20 and Moreland Ave,,Rear End,2,Rain,Dry,Daylight
2021-06-11T14:26:00.000,I 20,I 20 and Moreland Ave,,Rear End,2,Rain,Wet,Daylight
2021-01-24T04:34:00.000,I 20,I 20 and Moreland Ave,,Angle Crash,2,Clear,Dry,Dark-Lighted
2021-06-11T15:35:00.000,I 20,I 20 and Moreland Ave,,Rear End,2,Clear,Dry,Daylight
2021-03-14T11:34:00.000,I 20,I 20 and Moreland Ave,,Rear End,2,Clear,Dry,Daylight
2021-10-14T14:13:00.000,I 20,I 20 and Moreland Ave,,Rear End,5,Clear,Dry,Daylight
2021-12-24T16:33:00.000,I 20,I 20 and Moreland Ave,,Rear End,2,Clear,Dry,Daylight
2021-12-02T06:42:00.000,I 20,I 20 and Moreland Ave,,Sideswipe-Same Direction,2,Clear,Dry,Dark-Lighted
2021-07-20T04:07:00.000,I 20,I 20 and Moreland Ave,,Sideswipe-Same Direction,2,Rain,Wet,Daylight
2021-11-16T14:42:00.000,I 20,I 20 and Moreland Ave,,Sideswipe-Same Direction,2,Clear,Dry,Daylight
2021-09-29T08:38:00.000,I 20,I 20 and Moreland Ave,,Rear End,4,Clear,Dry,Daylight
2021-09-24T17:09:00.000,I 20,I 20 and Moreland Ave,,Rear End,3,Clear,Dry,Daylight
2021-10-01T14:30:00.000,I 20,I 20 and Moreland Ave,,Rear End,3,Clear,Dry,Daylight
2021-08-01T17:20:00.000,I 20,I 20 and Moreland Ave,,Angle Crash,3,Clear,Dry,Daylight
2021-10-11T13:35:00.000,I 20,I 20 and Moreland Ave,,Rear End,2,Clear,Dry,Daylight
2021-10-27T18:44:00.000,I 20,I 20 and Moreland Ave,,Rear End,2,Clear,Dry,Daylight
2021-12-07T07:59:00.000,I 20,I 20 and Moreland Ave,,Rear End,3,Cloudy,Dry,Daylight
2021-08-06T16:50:00.000,I 20,I 20 and Moreland Ave,,Rear End,2,Clear,Dry,Daylight
2021-08-17T07:45:00.000,I 20,I 20 and Moreland Ave,,Sideswipe-Same Direction,2,Rain,Wet,Daylight
2022-09-08T07:36:00.000,I 20,I 20 and Moreland Ave,,Rear End,2,Cloudy,Dry,Daylight
2022-08-16T16:19:00.000,I 20,I 20 and Moreland Ave,,Sideswipe-Same Direction,2,Clear,Dry,Daylight
2022-08-29T08:50:00.000,I 20,I 20 and Moreland Ave,,Rear End,3,Clear,Dry,Daylight
2022-12-05T09:09:00.000,I 20,I 20 and Moreland Ave,,Rear End,2,Cloudy,Wet,Daylight
2022-12-17T18:38:00.000,I 20,I 20 and Moreland Ave,,Sideswipe-Same Direction,3,Clear,Dry,Daylight
2021-10-18T06:42:00.000,I 20,I 20 and Moreland Ave,,Sideswipe-Same Direction,2,Clear,Dry,Dark-Lighted
2021-11-24T14:37:00.000,I 20,I 20 and Moreland Ave,,Rear End,2,Clear,Dry,Daylight
2021-09-28T08:01:00.000,I 20,I 20 and Moreland Ave,,Sideswipe-Same Direction,3,Clear,Dry,Daylight
2021-10-07T08:47:00.000,I 20,I 20 and Moreland Ave,,Rear End,3,Cloudy,Wet,Daylight
2022-09-12T10:23:00.000,I 20,I 20 and Moreland Ave,,Not a Collision with Motor Vehicle,1,Clear,Dry,Daylight
2022-04-28T18:19:00.000,I 20,I 20 and Moreland Ave,,Sideswipe-Same Direction,2,Clear,Dry,Daylight
2022-01-27T16:45:00.000,I 20,I 20 and Moreland Ave,,Sideswipe-Same Direction,2,Clear,Dry,Daylight
2022-11-29T09:03:00.000,I 20,I 20 and Moreland Ave,,Rear End,2,Clear,Dry,Daylight
2022-08-24T08:00:00.000,I 20,I 20 and Moreland Ave,,Rear End,2,Clear,Dry,Daylight
2022-09-08T00:00:00.000,I 20,I 20 and Moreland Ave,,Rear End,2,Clear,Dry,Daylight
2022-10-31T08:42:00.000,I 20,I 20 and Moreland Ave,,Rear End,2,Rain,Wet,Daylight
2022-10-27T14:36:00.000,I 20,I 20 and Moreland Ave,,Rear End,2,Clear,Dry,Daylight
2022-04-19T09:12:00.000,I 20,I 20 and Moreland Ave,,Rear End,3,Clear,Dry,Daylight
2022-02-01T08:12:00.000,I 20,I 20 and Moreland Ave,,Rear End,2,Clear,Dry,Daylight
2022-04-26T07:49:00.000,I 20,I 20 and Moreland Ave,,Rear End,3,Clear,Dry,Daylight
2022-09-27T07:30:00.000,I 20,I 20 and Moreland Ave,,Sideswipe-Same Direction,3,Clear,Dry,Daylight
2022-02-24T07:52:00.000,I 20,I 20 and Moreland Ave,,Rear End,2,Cloudy,Dry,Daylight
2022-04-26T08:58:00.000,I 20,I 20 and Moreland Ave,,Rear End,2,Clear,Dry,Daylight
2022-02-18T18:51:00.000,I 20,I 20 and Moreland Ave,,Rear End,2,Clear,Dry,Dark-Lighted
2022-07-21T10:49:00.000,I 20,I 20 and Moreland Ave,,Not a Collision with Motor Vehicle,1,Rain,Wet,Daylight
2022-11-08T16:25:00.000,I 20,I 20 and Moreland Ave,,Rear End,2,Clear,Dry,Daylight
2022-12-19T12:00:00.000,I 20,I 20 and Moreland Ave,,Rear End,2,Clear,Dry,Daylight
2022-05-23T07:10:00.000,I 20,I 20 and Moreland Ave,,Rear End,2,Clear,Wet,Daylight
2022-05-12T08:58:00.000,I 20,I 20 and Moreland Ave,,Sideswipe-Same Direction,2,Clear,Dry,Daylight
2022-12-15T09:10:00.000,I 20,I 20 and Moreland Ave,,Rear End,2,Clear,Dry,Daylight
2022-07-24T00:35:00.000,I 20,I 20 and Moreland Ave,,Sideswipe-Same Direction,2,Clear,Dry,Dark-Lighted
2022-02-07T06:20:00.000,I 20,I 20 and Moreland Ave,,Angle Crash,3,Clear,Dry,Dark-Lighted
2021-09-08T08:09:00.000,I 20,I 20 and Moreland Ave,,Sideswipe-Same Direction,2,Cloudy,Dry,Daylight
2021-11-04T10:20:00.000,I 20,I 20 and Moreland Ave,,Sideswipe-Same Direction,2,Rain,Wet,Daylight
2021-07-15T17:10:00.000,I 20,I 20 and Moreland Ave,,Rear End,2,Clear,Dry,Daylight
2021-09-02T07:56:00.000,I 20,I 20 and Moreland Ave,,Rear End,2,Clear,Dry,Daylight
2022-08-18T08:42:00.000,I 20,I 20 and Moreland Ave,,Rear End,2,Cloudy,Dry,Daylight
2022-05-20T15:26:00.000,I 20,I 20 and Moreland Ave,,Sideswipe-Same Direction,2,Clear,Dry,Daylight
2022-03-15T09:03:00.000,I 20,I 20 and Moreland Ave,,Rear End,2,Clear,Dry,Daylight
2022-10-17T17:19:00.000,I 20,I 20 and Moreland Ave,,Not a Collision with Motor Vehicle,1,Clear,Dry,Daylight
2022-02-24T17:48:00.000,I 20,I 20 and Moreland Ave,,Rear End,2,Clear,Dry,Daylight
2022-08-25T06:39:00.000,I 20,I 20 and Moreland Ave,,Head On,3,Rain,Wet,Daylight
2022-02-25T15:45:00.000,I 20,I 20 and Moreland Ave,,Sideswipe-Same Direction,2,Clear,Dry,Daylight
2022-08-19T16:01:00.000,I 20,I 20 and Moreland Ave,,Rear End,2,Cloudy,Wet,Daylight
2022-03-15T08:23:00.000,I 20,I 20 and Moreland Ave,,Rear End,4,Clear,Dry,Daylight
2022-04-26T07:49:00.000,I 20,I 20 and Moreland Ave,,Rear End,2,Clear,Dry,Daylight
2022-04-26T18:44:00.000,I 20,I 20 and Moreland Ave,,Sideswipe-Same Direction,2,Clear,Dry,Daylight
2022-05-16T19:07:00.000,I 20,I 20 and Moreland Ave,,Sideswipe-Same Direction,2,Clear,Dry,Daylight
2022-03-17T10:13:00.000,I 20,I 20 and Moreland Ave,,Sideswipe-Same Direction,2,Clear,Dry,Daylight
2022-11-03T15:46:00.000,I 20,I 20 and Moreland Ave,,Rear End,2,Clear,Dry,Daylight
2022-06-04T22:36:00.000,I 20,I 20 and Moreland Ave,,Sideswipe-Same Direction,3,Clear,Dry,Dark-Lighted
2022-08-19T15:58:00.000,I 20,I 20 and Moreland Ave,,Rear End,2,Cloudy,Wet,Daylight
2022-09-22T19:26:00.000,I 20,I 20 and Moreland Ave,,Rear End,2,Clear,Dry,Daylight
2022-10-07T17:07:00.000,I 20,I 20 and Moreland Ave,,Rear End,3,Clear,Dry,Daylight
2022-02-08T08:58:00.000,I 20,I 20 and Moreland Ave,,Sideswipe-Same Direction,2,Clear,Dry,Daylight
2022-02-28T13:13:00.000,I 20,I 20 and Moreland Ave,,Sideswipe-Same Direction,2,Clear,Dry,Daylight
2022-07-15T15:55:00.000,I 20,I 20 and Moreland Ave,,Rear End,3,Clear,Dry,Daylight
2022-07-24T00:33:00.000,I 20,I 20 and Moreland Ave,,Angle Crash,2,Clear,Dry,Dark-Lighted
2022-11-03T04:09:00.000,I 20,I 20 and Moreland Ave,,Rear End,2,Clear,Dry,Daylight
2022-05-06T10:11:00.000,I 20,I 20 and Moreland Ave,,Angle Crash,2,Rain,Wet,Daylight
2022-07-02T06:59:00.000,I 20,I 20 and Moreland Ave,,Not a Collision with Motor Vehicle,1,Clear,Dry,Daylight
2022-02-03T16:07:00.000,I 20,I 20 and Moreland Ave,,Rear End,3,Rain,Wet,Daylight
2022-06-07T08:04:00.000,I 20,I 20 and Moreland Ave,,Rear End,2,Clear,Dry,Daylight
2022-03-01T07:52:00.000,I 20,I 20 and Moreland Ave,,Sideswipe-Same Direction,2,Clear,Dry,Daylight
2022-03-08T12:38:00.000,I 20,I 20 and Moreland Ave,,Rear End,2,Rain,Wet,Daylight
2022-03-28T08:42:00.000,I 20,I 20 and Moreland Ave,,Rear End,2,Clear,Dry,Daylight
2022-02-24T18:16:00.000,I 20,I 20 and Moreland Ave,,Rear End,2,Clear,Dry,Daylight
2022-03-29T08:40:00.000,I 20,I 20 and Moreland Ave,,Rear End,3,Clear,Dry,Daylight
2022-08-07T18:27:00.000,I 20,I 20 and Moreland Ave,,Rear End,2,Clear,Dry,Daylight
2022-02-01T16:39:00.000,I 20,I 20 and Moreland Ave,,Rear End,2,Clear,Dry,Daylight
2022-10-14T17:46:00.000,I 20,I 20 and Moreland Ave,,Rear End,2,Clear,Dry,Daylight
2022-05-23T06:45:00.000,I 20,I 20 and Moreland Ave,,Not a Collision with Motor Vehicle,1,Rain,Wet,Daylight
2022-06-06T14:15:00.000,I 20,I 20 and Moreland Ave,,Sideswipe-Same Direction,3,Clear,Dry,Daylight
2022-09-08T08:04:00.000,I 20,I 20 and Moreland Ave,,Rear End,2,Clear,Dry,Daylight
2022-08-18T08:05:00.000,I 20,I 20 and Moreland Ave,,Rear End,3,Cloudy,Dry,Daylight
2022-04-28T16:46:00.000,I 20,I 20 and Moreland Ave,,Sideswipe-Same Direction,2,Clear,Dry,Daylight
2022-08-26T08:38:00.000,I 20,I 20 and Moreland Ave,,Rear End,2,Clear,Dry,Daylight
2022-08-02T17:45:00.000,I 20,I 20 and Moreland Ave,,Sideswipe-Same Direction,2,Clear,Dry,Daylight
2022-10-27T14:36:00.000,I 20,I 20 and Moreland Ave,,Rear End,2,Clear,Dry,Daylight
2022-05-06T10:57:00.000,I 20,I 20 and Moreland Ave,,Rear End,2,Cloudy,Wet,Daylight
2022-07-29T15:50:00.000,I 20,I 20 and Moreland Ave,,Not a Collision with Motor Vehicle,2,Clear,Dry,Daylight
2022-08-26T16:02:00.000,I 20,I 20 and Moreland Ave,,Rear End,3,Cloudy,Dry,Daylight
2023-06-30T14:22:00.000,I 20,I 20 and Moreland Ave,,Rear End,4,Rain,Wet,Daylight
2023-09-29T18:30:00.000,I 20,I 20 and Moreland Ave,,Rear End,2,Clear,Dry,Daylight
2023-09-14T00:00:00.000,I 20,I 20 and Moreland Ave,,Not a Collision with Motor Vehicle,1,Clear,Wet,Daylight
2023-11-10T23:20:00.000,I 20,I 20 and Moreland Ave,,Sideswipe-Same Direction,2,Clear,Dry,Dark-Lighted
2023-05-04T12:18:00.000,I 20,I 20 and Moreland Ave,,Rear End,2,Clear,Dry,Daylight
2023-04-21T17:59:00.000,I 20,I 20 and Moreland Ave,,Rear End,3,Clear,Dry,Daylight
2024-03-25T17:33:00.000,I 20,I 20 and Moreland Ave,,Sideswipe-Same Direction,2,Clear,Dry,Daylight
2024-04-18T15:00:00.000,I 20,I 20 and Moreland Ave,,Sideswipe-Same Direction,2,Clear,Dry,Daylight
2024-10-03T10:35:00.000,I 20,I 20 and Moreland Ave,,Sideswipe-Same Direction,2,Cloudy,Dry,Daylight
2024-02-02T13:15:00.000,I 20,I 20 and Moreland Ave,,Not a Collision with Motor Vehicle,1,Clear,Dry,Daylight
2024-05-21T07:20:00.000,I 20,I 20 and Moreland Ave,,Rear End,2,Clear,Dry,Daylight
2024-01-08T09:11:00.000,I 20,I 20 and Moreland Ave,,Rear End,2,Clear,Dry,Daylight
2024-09-17T10:45:00.000,I 20,I 20 and Moreland Ave,,Sideswipe-Same Direction,2,Clear,Dry,Daylight
2023-02-14T17:26:00.000,I 20,I 20 and Moreland Ave,,Rear End,2,Clear,Dry,Daylight
2024-10-04T18:08:00.000,I 20,I 20 and Moreland Ave,,Sideswipe-Same Direction,2,Clear,Dry,Daylight
2024-05-24T11:09:00.000,I 20,I 20 and Moreland Ave,,Not a Collision with Motor Vehicle,1,Cloudy,Dry,Daylight
2024-08-08T08:52:00.000,I 20,I 20 and Moreland Ave,,Rear End,2,Clear,Dry,Daylight
2023-01-31T08:00:00.000,I 20,I 20 and Moreland Ave,,Rear End,2,Fog,Dry,Daylight
2023-01-26T15:40:00.000,I 20,I 20 and Moreland Ave,,Rear End,2,Clear,Wet,Daylight
2023-10-06T15:50:00.000,I 20,I 20 and Moreland Ave,,Rear End,2,Clear,Dry,Daylight
2023-05-23T07:50:00.000,I 20,I 20 and Moreland Ave,,Rear End,2,Clear,Dry,Daylight
2023-09-26T12:20:00.000,I 20,I 20 and Moreland Ave,,Sideswipe-Same Direction,2,Cloudy,Dry,Daylight
2023-04-14T17:10:00.000,I 20,I 20 and Moreland Ave,,Rear End,2,Cloudy,Dry,Daylight
2023-04-11T07:45:00.000,I 20,I 20 and Moreland Ave,,Rear End,2,Clear,Dry,Daylight
2023-02-20T15:30:00.000,I 20,I 20 and Moreland Ave,,Sideswipe-Same Direction,3,Clear,Dry,Daylight
2023-10-28T00:57:00.000,I 20,I 20 and Moreland Ave,,Not a Collision with Motor Vehicle,1,Clear,Dry,Dark-Not Lighted
2023-10-10T08:18:00.000,I 20,I 20 and Moreland Ave,,Rear End,2,Clear,Dry,Daylight
2023-06-23T22:39:00.000,I 20,I 20 and Moreland Ave,,Not a Collision with Motor Vehicle,1,Clear,Dry,Dark-Not Lighted
2023-11-07T08:20:00.000,I 20,I 20 and Moreland Ave,,Rear End,4,Clear,Dry,Daylight
2023-12-11T09:23:00.000,I 20,I 20 and Moreland Ave,,Rear End,4,Clear,Dry,Daylight
2023-07-21T16:55:00.000,I 20,I 20 and Moreland Ave,,Rear End,2,Cloudy,Dry,Daylight
2023-04-11T18:53:00.000,I 20,I 20 and Moreland Ave,,Rear End,2,Clear,Dry,Daylight
2023-01-03T13:37:00.000,I 20,I 20 and Moreland Ave,,Sideswipe-Same Direction,3,Rain,Wet,Dark-Lighted
2023-04-27T07:44:00.000,I 20,I 20 and Moreland Ave,,Rear End,2,Rain,Wet,Daylight
2023-09-19T00:00:00.000,I 20,I 20 and Moreland Ave,,Rear End,2,Clear,Dry,Daylight
2023-12-14T18:15:00.000,I 20,I 20 and Moreland Ave,,Sideswipe-Same Direction,2,Clear,Dry,Dark-Not Lighted
2023-12-26T11:35:00.000,I 20,I 20 and Moreland Ave,,Sideswipe-Same Direction,2,Rain,Wet,Daylight
2023-08-04T17:08:00.000,I 20,I 20 and Moreland Ave,,Rear End,2,Clear,Dry,Daylight
2023-07-17T07:05:00.000,I 20,I 20 and Moreland Ave,,Sideswipe-Same Direction,2,Cloudy,Dry,Daylight
2023-03-27T08:50:00.000,I 20,I 20 and Moreland Ave,,Rear End,2,Rain,Wet,Daylight
2023-10-17T08:55:00.000,I 20,I 20 and Moreland Ave,,Rear End,3,Clear,Dry,Daylight
2023-04-14T14:41:00.000,I 20,I 20 and Moreland Ave,,Rear End,4,Clear,Wet,Daylight
2023-11-21T14:25:00.000,I 20,I 20 and Moreland Ave,,Rear End,3,Clear,Wet,Daylight
2023-09-29T14:00:00.000,I 20,I 20 and Moreland Ave,,Not a Collision with Motor Vehicle,2,Clear,Dry,Daylight
2023-09-29T18:15:00.000,I 20,I 20 and Moreland Ave,,Sideswipe-Same Direction,3,Clear,Dry,Daylight
2023-08-31T15:50:00.000,I 20,I 20 and Moreland Ave,,Sideswipe-Same Direction,3,Clear,Dry,Daylight
2023-09-14T19:23:00.000,I 20,I 20 and Moreland Ave,,Sideswipe-Same Direction,2,Rain,Wet,Daylight
2023-09-25T10:09:00.000,I 20,I 20 and Moreland Ave,,Sideswipe-Same Direction,2,Clear,Dry,Daylight
2023-11-24T12:40:00.000,I 20,I 20 and Moreland Ave,,Sideswipe-Same Direction,2,Clear,Dry,Daylight
2023-08-17T09:13:00.000,I 20,I 20 and Moreland Ave,,Rear End,2,Clear,Dry,Daylight
2023-05-11T15:36:00.000,I 20,I 20 and Moreland Ave,,Rear End,2,Cloudy,Dry,Daylight
2024-11-15T16:50:00.000,I 20,I 20 and Moreland Ave,,Rear End,2,Clear,Dry,Daylight
2024-03-26T18:05:00.000,I 20,I 20 and Moreland Ave,,Sideswipe-Same Direction,2,Rain,Wet,Daylight
2024-03-11T15:45:00.000,I 20,I 20 and Moreland Ave,,Rear End,2,Clear,Dry,Daylight
2024-01-26T07:50:00.000,I 20,I 20 and Moreland Ave,,Not a Collision with Motor Vehicle,1,Clear,Dry,Daylight
2024-03-25T16:52:00.000,I 20,I 20 and Moreland Ave,,Rear End,3,Clear,Dry,Daylight
2024-11-18T07:25:00.000,I 20,I 20 and Moreland Ave,,Sideswipe-Same Direction,2,Clear,Dry,Daylight
2024-10-22T18:50:00.000,I 20,I 20 and Moreland Ave,,Sideswipe-Same Direction,2,Clear,Dry,Daylight
2024-11-14T09:00:00.000,I 20,I 20 and Moreland Ave,,Rear End,2,Rain,Dry,Daylight
2024-07-11T09:48:00.000,I 20,I 20 and Moreland Ave,,Rear End,3,Clear,Dry,Daylight
2024-01-18T15:50:00.000,I 20,I 20 and Moreland Ave,,Sideswipe-Same Direction,2,Cloudy,Dry,Daylight
2024-12-10T11:05:00.000,I 20,I 20 and Moreland Ave,,Angle Crash,5,Rain,Wet,Daylight
2024-08-27T07:47:00.000,I 20,I 20 and Moreland Ave,,Rear End,2,Clear,Dry,Daylight
2024-06-20T08:30:00.000,I 20,I 20 and Moreland Ave,,Rear End,2,Clear,Dry,Daylight
2024-08-29T08:00:00.000,I 20,I 20 and Moreland Ave,,Rear End,2,Clear,Dry,Daylight
2024-04-26T23:44:00.000,I 20,I 20 and Moreland Ave,,Sideswipe-Same Direction,2,Clear,Dry,Dark-Not Lighted
2024-12-09T10:25:00.000,I 20,I 20 and Moreland Ave,,Sideswipe-Same Direction,2,Clear,Wet,Daylight
2024-03-26T09:00:00.000,I 20,I 20 and Moreland Ave,,Rear End,2,Rain,Wet,Daylight
2024-04-25T09:19:00.000,I 20,I 20 and Moreland Ave,,Rear End,3,Clear,Dry,Daylight
2024-10-04T18:03:00.000,I 20,I 20 and Moreland Ave,,Rear End,2,Clear,Dry,Daylight
2024-10-29T09:30:00.000,I 20,I 20 and Moreland Ave,,Sideswipe-Same Direction,2,Clear,Dry,Daylight
2024-03-05T07:54:00.000,I 20,I 20 and Moreland Ave,,Rear End,3,Clear,Dry,Daylight
2024-02-12T13:12:00.000,I 20,I 20 and Moreland Ave,,Angle Crash,2,Rain,Wet,Daylight
2024-03-26T18:06:00.000,I 20,I 20 and Moreland Ave,,Rear End,2,Clear,Wet,Daylight