Date and Time,Roadway (From Crash Report),Intersection Name (from Crash Report),KABCO Severity,Manner of Collision (Crash Level) ,# of Vehicles per crash ,Weather Conditions (Crash Level),Surface Condition (Crash Level) ,Light Conditions (Crash Level)
2024-01-16T06:10:00.000,I 20,I 20 and Moreland Ave,,Sideswipe-Same Direction,2,Rain,Wet,Dark-Lighted
2024-02-12T13:18:00.000,I 20,I 20 and Moreland Ave,,Not a Collision with Motor Vehicle,1,Rain,Wet,Daylight
2024-05-02T08:20:00.000,I 20,I 20 and Moreland Ave,,Rear End,3,Clear,Dry,Daylight
2024-06-15T23:23:00.000,I 20,I 20 and Moreland Ave,,Sideswipe-Same Direction,2,Clear,Dry,Dark-Lighted
2024-02-01T19:35:00.000,I 20,I 20 and Moreland Ave,,Rear End,2,Clear,Dry,Dark-Lighted
2024-08-19T09:20:00.000,I 20,I 20 and Moreland Ave,,Rear End,3,Clear,Dry,Daylight
2024-06-04T14:41:00.000,I 20,I 20 and Moreland Ave,,Rear End,3,Clear,Wet,Daylight
2024-12-12T15:50:00.000,I 20,I 20 and Moreland Ave,,Not a Collision with Motor Vehicle,1,Clear,Dry,Daylight
2024-02-23T17:35:00.000,I 20,I 20 and Moreland Ave,,Sideswipe-Same Direction,2,Clear,Dry,Daylight
2024-03-22T13:33:00.000,I 20,I 20 and Moreland Ave,,Sideswipe-Same Direction,2,Rain,Wet,Daylight
2024-06-04T14:03:00.000,I 20,I 20 and Moreland Ave,,Not a Collision with Motor Vehicle,1,Rain,Wet,Daylight
2024-10-22T11:46:00.000,I 20,I 20 and Moreland Ave,,Sideswipe-Same Direction,2,Clear,Dry,Daylight
2024-11-19T16:08:00.000,I 20,I 20 and Moreland Ave,,Rear End,2,Rain,Wet,Daylight
2024-10-25T13:20:00.000,I 20,I 20 and Moreland Ave,,Sideswipe-Same Direction,2,Clear,Dry,Daylight
2024-12-10T11:20:00.000,I 20,I 20 and Moreland Ave,,Rear End,2,Rain,Wet,Daylight
2024-11-14T07:06:00.000,I 20,I 20 and Moreland Ave,,Rear End,2,Rain,Wet,Daylight
2024-09-19T15:57:00.000,I 20,I 20 and Moreland Ave,,Rear End,2,Cloudy,Dry,Daylight
2024-01-18T08:45:00.000,I 20,I 20 and Moreland Ave,,Rear End,2,Clear,Dry,Daylight
2024-10-25T21:07:00.000,I 20,I 20 and Moreland Ave,,Not a Collision with Motor Vehicle,2,Clear,Dry,Dark-Lighted
2024-02-05T08:50:00.000,I 20,I 20 and Moreland Ave,,Rear End,4,Cloudy,Dry,Daylight
2024-02-29T09:09:00.000,I 20,I 20 and Moreland Ave,,Rear End,2,Clear,Dry,Daylight
2024-09-12T11:25:00.000,I 20,I 20 and Moreland Ave,,Rear End,2,Rain,Wet,Daylight
2024-07-01T17:45:00.000,I 20,I 20 and Moreland Ave,,Rear End,2,Clear,Dry,Daylight
2024-03-29T17:02:00.000,I 20,I 20 and Moreland Ave,,Rear End,2,Clear,Dry,Daylight
2024-09-19T18:36:00.000,I 20,I 20 and Moreland Ave,,Rear End,3,Cloudy,Dry,Daylight
2024-03-28T16:22:00.000,I 20,I 20 and Moreland Ave,,Sideswipe-Same Direction,2,Clear,Dry,Daylight
2024-03-01T11:02:00.000,I 20,I 20 and Moreland Ave,,Not a Collision with Motor Vehicle,1,Rain,Wet,Daylight
2024-10-17T18:30:00.000,I 20,I 20 and Moreland Ave,,Rear End,2,Clear,Dry,Daylight
2024-11-12T16:32:00.000,I 20,I 20 and Moreland Ave,,Not a Collision with Motor Vehicle,2,Clear,Dry,Daylight
2024-06-04T15:00:00.000,I 20,I 20 and Moreland Ave,,Rear End,2,Clear,Dry,Daylight
2024-08-12T14:20:00.000,I 20,I 20 and Moreland Ave,,Not a Collision with Motor Vehicle,1,Rain,Wet,Daylight
2024-11-05T12:07:00.000,I 20,I 20 and Moreland Ave,,Sideswipe-Same Direction,2,Clear,Dry,Daylight
2024-05-30T10:20:00.000,I 20,I 20 and Moreland Aave,,Sideswipe-Same Direction,2,Clear,Dry,Daylight
2020-11-01T01:50:00.000,I 20,I 20 and Moreland,,Not a Collision with Motor Vehicle,1,Clear,Dry,Dark-Lighted
2021-08-16T17:33:00.000,I 20,I 20 and Moreland,,Rear End,2,Rain,Wet,Daylight
2024-03-28T18:30:00.000,I 20,I 20 and Moreland,,Rear End,2,Clear,Dry,Daylight
2024-04-30T13:51:00.000,I 20,I 20 and Morealnd Ave,,Rear End,2,Clear,Dry,Daylight
2021-01-09T12:26:00.000,I 20,I 20 and Mooreland Ave,,Angle Crash,2,Clear,Dry,Daylight
2021-02-18T05:20:00.000,I 20,I 20 and Monticello Rd,,Sideswipe-Same Direction,2,Rain,Wet,Dark-Not Lighted
2021-05-21T23:00:00.000,I 20,I 20 and Monticello Rd,,Not a Collision with Motor Vehicle,1,Clear,Dry,Dark-Not Lighted
2021-01-04T03:50:00.000,I 20,I 20 and Monticello Rd,,Sideswipe-Same Direction,2,Clear,Dry,Dark-Not Lighted
2020-10-05T01:00:00.000,I 20,I 20 and Monticello Rd,,Not a Collision with Motor Vehicle,1,Clear,Dry,Dark-Not Lighted
2020-07-01T07:50:00.000,I 20,I 20 and Monticello Rd,,Not a Collision with Motor Vehicle,1,Clear,Dry,Daylight
2021-06-20T00:20:00.000,I 20,I 20 and Monticello Rd,,Sideswipe-Same Direction,2,Rain,Wet,Dark-Not Lighted
2024-11-01T23:07:00.000,I 20,I 20 and Mm78.8 To 78.9,,Head On,6,Clear,Dry,Dark-Not Lighted
2023-11-06T03:25:00.000,I 20,I 20 and Mm78.7,,Rear End,2,Clear,Dry,Dark-Not Lighted
2024-10-04T15:27:00.000,I 20,I 20 and Mm78.7,,Sideswipe-Same Direction,2,Cloudy,Dry,Daylight
2024-12-01T17:02:00.000,I 20,I 20 and Mm78.2,,Rear End,2,Clear,Dry,Daylight
2024-07-31T11:00:00.000,I 20,I 20 and Mm47.8,,Rear End,2,Clear,Dry,Daylight
2024-01-03T06:45:00.000,I 20,I 20 and Mm45.5,,Sideswipe-Same Direction,2,Clear,Dry,Dark-Not Lighted
2024-03-08T16:56:00.000,I 20,I 20 and Mm44.3,,Rear End,2,Clear,Dry,Daylight
2023-11-19T19:10:00.000,I 20,I 20 and Mm44 Exit Rp,,Sideswipe-Same Direction,2,Clear,Dry,Dark-Lighted
2020-06-15T18:42:00.000,I 20,I 20 and Mm44 Exit Rp,,Rear End,2,Cloudy,Dry,Daylight
2021-06-08T12:04:00.000,I 20,I 20 and Mm44 Exit Rp,,Rear End,2,Cloudy,Dry,Daylight
2021-07-02T12:20:00.000,I 20,I 20 and Mm44 Exit Rp,,Sideswipe-Same Direction,3,Cloudy,Dry,Daylight
2024-06-21T22:39:00.000,I 20,I 20 and Mm43.5,,Rear End,2,Clear,Dry,Dark-Not Lighted
2020-02-26T18:49:00.000,I 20,I 20 and Mm41 Exit Rp,,Rear End,2,Clear,Dry,Dark-Lighted
2021-10-02T23:35:00.000,I 20,I 20 and Mm41 Entrance Ramp From Lee Rd,,Rear End,2,Clear,Dry,Dark-Not Lighted
2024-01-24T19:37:00.000,I 20,I 20 and Mm40.6,,Rear End,4,Cloudy,Wet,Dark-Not Lighted
2024-01-24T18:35:00.000,I 20,I 20 and Mm40.6,,Rear End,2,Cloudy,Wet,Dark-Not Lighted
2023-09-01T17:32:00.000,I 20,I 20 and Mm38.8,,Sideswipe-Same Direction,2,Cloudy,Dry,Daylight
2024-07-04T19:15:00.000,I 20,I 20 and Mm38.8,,Angle Crash,1,Rain,Wet,Daylight
2023-12-08T11:57:00.000,I 20,I 20 and Mm38.2,,Rear End,2,Cloudy,Dry,Daylight
2024-02-07T07:52:00.000,I 20,I 20 and Mm30 Exit Rp,,Rear End,2,Clear,Dry,Daylight
2021-04-17T21:30:00.000,I 20,I 20 and Mm295,,Rear End,2,Clear,Dry,Dark-Not Lighted
2021-04-13T01:40:00.000,I 20,I 20 and Mm285,,Not a Collision with Motor Vehicle,1,Clear,Dry,Dark-Not Lighted
2024-01-21T07:40:00.000,I 20,I 20 and Mm23.5,,Sideswipe-Same Direction,2,Clear,Dry,Dark-Not Lighted
2021-04-18T14:31:00.000,I 20,I 20 and Mm225,,Not a Collision with Motor Vehicle,1,Clear,Dry,Daylight
2022-03-18T17:07:00.000,I 20,I 20 and Mm21.5,,Rear End,3,Cloudy,Wet,Daylight
2020-10-08T17:54:00.000,I 20,I 20 and Mm201,,Rear End,3,Clear,Dry,Daylight
2020-01-10T18:32:00.000,I 20,I 20 and Mm197,,Rear End,2,Cloudy,Dry,Dark-Not Lighted
2021-08-22T17:50:00.000,I 20,I 20 and Mm196,,Not a Collision with Motor Vehicle,1,Rain,Wet,Daylight
2020-04-11T22:35:00.000,I 20,I 20 and Mm196,,Not a Collision with Motor Vehicle,1,Clear,Dry,Dark-Lighted
2023-11-26T16:56:00.000,I 20,I 20 and Mm195,,Rear End,2,Rain,Wet,Daylight
2021-03-16T13:50:00.000,I 20,I 20 and Mm195,,Not a Collision with Motor Vehicle,1,Rain,Wet,Daylight
2021-07-03T03:29:00.000,I 20,I 20 and Mm195,,Not a Collision with Motor Vehicle,1,Clear,Dry,Dark-Lighted
2023-07-03T22:13:00.000,I 20,I 20 and Mm195,,Rear End,3,Clear,Dry,Dark-Lighted
2020-12-04T13:50:00.000,I 20,I 20 and Mm194,,Sideswipe-Same Direction,2,Cloudy,Dry,Daylight
2023-11-26T18:00:00.000,I 20,I 20 and Mm194,,Rear End,2,Rain,Wet,Dark-Lighted
2023-09-01T17:57:00.000,I 20,I 20 and Mm193,,Rear End,3,Cloudy,Dry,Daylight
2023-11-26T16:11:00.000,I 20,I 20 and Mm193,,Rear End,2,Rain,Wet,Daylight
2020-11-19T09:50:00.000,I 20,I 20 and Mm192,,Angle Crash,2,Clear,Dry,Daylight
2023-10-10T09:30:00.000,I 20,I 20 and Mm191,,Angle Crash,2,Clear,Dry,Daylight
2022-08-09T12:50:00.000,I 20,I 20 and Mm190 Off Rp,,Sideswipe-Same Direction,2,Clear,Dry,Daylight
2023-02-04T14:12:00.000,I 20,I 20 and Mm190,,Not a Collision with Motor Vehicle,1,Clear,Dry,Daylight
2022-12-08T06:30:00.000,I 20,I 20 and Mm190,,Rear End,5,Fog,Wet,Dark-Not Lighted
2024-06-13T16:27:00.000,I 20,I 20 and Mm190,,Not a Collision with Motor Vehicle,1,Clear,Dry,Daylight
2024-10-03T11:20:00.000,I 20,I 20 and Mm190,,Rear End,4,Clear,Dry,Daylight
2021-09-23T07:54:00.000,I 20,I 20 and Mm189,,Not a Collision with Motor Vehicle,1,Clear,Dry,Daylight
2023-04-10T07:49:00.000,I 20,I 20 and Mm189,,Rear End,2,Clear,Dry,Daylight
2024-10-16T14:59:00.000,I 20,I 20 and Mm189,,Angle Crash,2,Clear,Dry,Daylight
2020-09-01T16:34:00.000,I 20,I 20 and Mm188,,Not a Collision with Motor Vehicle,1,Cloudy,Dry,Daylight
2023-06-17T02:40:00.000,I 20,I 20 and Mm187,,Not a Collision with Motor Vehicle,1,Clear,Dry,Dark-Not Lighted
2020-01-17T15:00:00.000,I 20,I 20 and Mm1865,,Rear End,2,Clear,Dry,Daylight
2023-06-14T17:20:00.000,I 20,I 20 and Mm186,,Not a Collision with Motor Vehicle,1,Rain,Dry,Daylight
2020-01-31T23:00:00.000,I 20,I 20 and Mm186,,Not a Collision with Motor Vehicle,1,Cloudy,Wet,Dark-Not Lighted
2021-01-24T01:45:00.000,I 20,I 20 and Mm185,,Rear End,2,Clear,Dry,Dark-Not Lighted
2020-11-20T16:25:00.000,I 20,I 20 and Mm183,,Not a Collision with Motor Vehicle,2,Clear,Dry,Daylight
2023-01-12T19:00:00.000,I 20,I 20 and Mm183,,Angle Crash,2,Clear,Dry,Dark-Not Lighted
2020-02-06T21:00:00.000,I 20,I 20 and Mm182,,Not a Collision with Motor Vehicle,1,Rain,Wet,Dark-Lighted
2021-11-27T19:31:00.000,I 20,I 20 and Mm181,,Not a Collision with Motor Vehicle,1,Clear,Dry,Dark-Not Lighted
2023-03-31T16:24:00.000,I 20,I 20 and Mm180,,Rear End,2,Clear,Dry,Daylight
2020-04-27T21:55:00.000,I 20,I 20 and Mm179,,Not a Collision with Motor Vehicle,1,Clear,Dry,Dark-Not Lighted
2022-07-15T15:02:00.000,I 20,I 20 and Mm179,,Rear End,2,Cloudy,Dry,Daylight
2023-01-14T01:00:00.000,I 20,I 20 and Mm178,,Not a Collision with Motor Vehicle,1,Clear,Dry,Dark-Not Lighted
2023-03-25T09:45:00.000,I 20,I 20 and Mm178,,Not a Collision with Motor Vehicle,1,Rain,Wet,Daylight
2023-06-28T08:25:00.000,I 20,I 20 and Mm177,,Not a Collision with Motor Vehicle,1,Clear,Dry,Daylight
2021-03-14T16:35:00.000,I 20,I 20 and Mm177,,Rear End,2,Clear,Dry,Daylight
2020-06-10T13:54:00.000,I 20,I 20 and Mm177,,Not a Collision with Motor Vehicle,1,Cloudy,Dry,Daylight
2020-06-07T14:04:00.000,I 20,I 20 and Mm177,,Rear End,2,Clear,Dry,Daylight
2020-06-07T14:04:00.000,I 20,I 20 and Mm177,,Rear End,2,Clear,Dry,Daylight
2021-10-08T13:24:00.000,I 20,I 20 and Mm177,,Not a Collision with Motor Vehicle,1,Rain,Wet,Daylight
2024-01-09T10:50:00.000,I 20,I 20 and Mm177,,Not a Collision with Motor Vehicle,1,Rain,Wet,Daylight
2024-05-31T14:42:00.000,I 20,I 20 and Mm177,,Rear End,4,Clear,Dry,Daylight
2020-10-29T18:27:00.000,I 20,I 20 and Mm176,,Not a Collision with Motor Vehicle,1,Clear,Dry,Daylight
2024-09-26T17:05:00.000,I 20,I 20 and Mm176,,Not a Collision with Motor Vehicle,1,Rain,Wet,Daylight
2023-06-05T23:36:00.000,I 20,I 20 and Mm175,,Not a Collision with Motor Vehicle,2,Clear,Dry,Dark-Not Lighted
2023-06-05T23:36:00.000,I 20,I 20 and Mm175,,Not a Collision with Motor Vehicle,2,Clear,Dry,Dark-Not Lighted
2021-11-25T22:19:00.000,I 20,I 20 and Mm175,,Not a Collision with Motor Vehicle,1,Clear,Dry,Dark-Not Lighted
2022-02-25T07:31:00.000,I 20,I 20 and Mm175,,Not a Collision with Motor Vehicle,1,Clear,Dry,Daylight
2023-06-05T23:36:00.000,I 20,I 20 and Mm175,,Not a Collision with Motor Vehicle,1,Clear,Dry,Dark-Not Lighted
2023-06-05T23:36:00.000,I 20,I 20 and Mm175,,Not a Collision with Motor Vehicle,2,Clear,Dry,Dark-Not Lighted
2023-06-05T23:36:00.000,I 20,I 20 and Mm175,,Not a Collision with Motor Vehicle,2,Clear,Dry,Dark-Not Lighted
2024-08-11T00:25:00.000,I 20,I 20 and Mm175,,Sideswipe-Same Direction,2,Clear,Dry,Dark-Not Lighted
2024-09-12T07:06:00.000,I 20,I 20 and Mm175,,Not a Collision with Motor Vehicle,2,Cloudy,Wet,Daylight
2023-07-10T10:48:00.000,I 20,I 20 and Mm174,,Not a Collision with Motor Vehicle,1,Rain,Wet,Daylight
2020-02-01T17:55:00.000,I 20,I 20 and Mm174,,Sideswipe-Same Direction,2,Clear,Dry,Dark-Not Lighted
2023-11-08T03:12:00.000,I 20,I 20 and Mm174,,Sideswipe-Same Direction,2,Clear,Dry,Dark-Not Lighted
2021-01-01T21:16:00.000,I 20,I 20 and Mm173,,Not a Collision with Motor Vehicle,1,Rain,Wet,Dark-Not Lighted
2021-10-24T22:04:00.000,I 20,I 20 and Mm173,,Rear End,2,Clear,Dry,Dark-Not Lighted
2022-05-28T10:44:00.000,I 20,I 20 and Mm173,,Sideswipe-Same Direction,2,Clear,Dry,Daylight
2021-01-01T17:52:00.000,I 20,I 20 and Mm172,,Not a Collision with Motor Vehicle,1,Rain,Wet,Dark-Not Lighted
2020-09-16T18:35:00.000,I 20,I 20 and Mm172,,Not a Collision with Motor Vehicle,1,Rain,Wet,Daylight
2021-01-31T20:57:00.000,I 20,I 20 and Mm172,,Not a Collision with Motor Vehicle,1,Cloudy,Wet,Dark-Not Lighted
2021-09-21T10:07:00.000,I 20,I 20 and Mm172,,Not a Collision with Motor Vehicle,1,Cloudy,Dry,Daylight
2023-03-26T08:21:00.000,I 20,I 20 and Mm172,,Not a Collision with Motor Vehicle,1,Rain,Wet,Daylight
2024-12-11T07:17:00.000,I 20,I 20 and Mm171,,Not a Collision with Motor Vehicle,1,Rain,Wet,Daylight
2020-12-31T04:49:00.000,I 20,I 20 and Mm170,,Not a Collision with Motor Vehicle,1,Cloudy,Dry,Dark-Not Lighted
2022-10-14T22:11:00.000,I 20,I 20 and Mm170,,Not a Collision with Motor Vehicle,1,Clear,Dry,Dark-Not Lighted
2024-05-10T18:54:00.000,I 20,I 20 and Mm170,,Sideswipe-Same Direction,2,Clear,Dry,Daylight
2022-03-16T15:35:00.000,I 20,I 20 and Mm169,,Not a Collision with Motor Vehicle,1,Cloudy,Dry,Daylight
2023-03-25T10:53:00.000,I 20,I 20 and Mm169,,Not a Collision with Motor Vehicle,1,Rain,Wet,Daylight
2023-01-14T05:34:00.000,I 20,I 20 and Mm169,,Rear End,2,Clear,Dry,Dark-Not Lighted
2020-09-16T17:07:00.000,I 20,I 20 and Mm167,,Not a Collision with Motor Vehicle,1,Rain,Wet,Daylight
2023-04-01T11:18:00.000,I 20,I 20 and Mm167,,Not a Collision with Motor Vehicle,1,Rain,Dry,Daylight
2023-11-22T16:46:00.000,I 20,I 20 and Mm167,,Not a Collision with Motor Vehicle,1,Clear,Dry,Daylight
2024-11-26T00:00:00.000,I 20,I 20 and Mm166.5,,Not a Collision with Motor Vehicle,1,Cloudy,Dry,Daylight
2021-12-28T14:17:00.000,I 20,I 20 and Mm166,,Not a Collision with Motor Vehicle,1,Cloudy,Dry,Daylight
2021-11-11T13:56:00.000,I 20,I 20 and Mm166,,Not a Collision with Motor Vehicle,1,Rain,Wet,Daylight
2023-04-03T01:15:00.000,I 20,I 20 and Mm166,,Angle Crash,2,Clear,Dry,Dark-Not Lighted
2024-12-18T04:25:00.000,I 20,I 20 and Mm166,,Not a Collision with Motor Vehicle,1,Clear,Dry,Dark-Not Lighted
2023-11-21T20:55:00.000,I 20,I 20 and Mm165,,Not a Collision with Motor Vehicle,1,Rain,Wet,Dark-Not Lighted
2023-11-26T14:28:00.000,I 20,I 20 and Mm165,,Rear End,2,Rain,Wet,Daylight
2022-12-18T02:47:00.000,I 20,I 20 and Mm165,,Rear End,2,Clear,Dry,Dark-Not Lighted
2023-12-24T06:19:00.000,I 20,I 20 and Mm165,,Not a Collision with Motor Vehicle,1,Clear,Dry,Dark-Not Lighted
2024-06-14T17:15:00.000,I 20,I 20 and Mm165,,Not a Collision with Motor Vehicle,1,Clear,Dry,Daylight
2020-11-20T16:33:00.000,I 20,I 20 and Mm1635,,Rear End,2,Clear,Dry,Daylight
2023-09-17T05:25:00.000,I 20,I 20 and Mm162,,Sideswipe-Same Direction,2,Rain,Wet,Dark-Not Lighted
2020-08-11T04:53:00.000,I 20,I 20 and Mm161,,Not a Collision with Motor Vehicle,1,Clear,Dry,Dark-Not Lighted
2020-07-07T07:22:00.000,I 20,I 20 and Mm161,,Not a Collision with Motor Vehicle,1,Rain,Wet,Daylight
2022-01-14T21:03:00.000,I 20,I 20 and Mm160.5,,Not a Collision with Motor Vehicle,1,Clear,Dry,Dark-Not Lighted
2023-04-06T17:01:00.000,I 20,I 20 and Mm160,,Sideswipe-Same Direction,2,Cloudy,Dry,Daylight
2022-06-02T16:04:00.000,I 20,I 20 and Mm16.5,,Not a Collision with Motor Vehicle,1,Clear,Dry,Daylight
2020-12-23T20:32:00.000,I 20,I 20 and Mm159,,Not a Collision with Motor Vehicle,1,Clear,Dry,Dark-Not Lighted
2020-07-24T17:25:00.000,I 20,I 20 and Mm159,,Rear End,2,Clear,Dry,Daylight
2023-10-10T14:42:00.000,I 20,I 20 and Mm157,,Rear End,3,Clear,Dry,Daylight
2021-08-19T15:40:00.000,I 20,I 20 and Mm156,,Rear End,2,Clear,Dry,Daylight
2021-10-28T13:17:00.000,I 20,I 20 and Mm156,,Not a Collision with Motor Vehicle,1,Rain,Wet,Daylight
2021-03-28T15:18:00.000,I 20,I 20 and Mm155,,Sideswipe-Same Direction,2,Rain,Wet,Daylight
2021-08-12T15:59:00.000,I 20,I 20 and Mm155,,Not a Collision with Motor Vehicle,1,Rain,Wet,Daylight
2022-10-05T12:50:00.000,I 20,I 20 and Mm155,,Angle Crash,2,Clear,Dry,Daylight
2022-11-06T06:16:00.000,I 20,I 20 and Mm155,,Not a Collision with Motor Vehicle,1,Cloudy,Dry,Dawn
2024-08-03T14:47:00.000,I 20,I 20 and Mm155,,Not a Collision with Motor Vehicle,1,Rain,Wet,Daylight
2023-06-07T07:15:00.000,I 20,I 20 and Mm154 Entrance Rp,,Sideswipe-Same Direction,2,Clear,Dry,Daylight
2023-08-11T18:04:00.000,I 20,I 20 and Mm154,,Not a Collision with Motor Vehicle,2,Clear,Wet,Daylight
2021-10-04T10:53:00.000,I 20,I 20 and Mm154,,Not a Collision with Motor Vehicle,1,Cloudy,Dry,Daylight
2021-10-10T17:15:00.000,I 20,I 20 and Mm154,,Not a Collision with Motor Vehicle,2,Clear,Dry,Daylight
2022-11-13T20:21:00.000,I 20,I 20 and Mm154,,Not a Collision with Motor Vehicle,1,Clear,Dry,Dark-Not Lighted
2024-09-26T17:20:00.000,I 20,I 20 and Mm154,,Not a Collision with Motor Vehicle,1,Rain,Wet,Daylight
2024-04-29T07:35:00.000,I 20,I 20 and Mm154,,Not a Collision with Motor Vehicle,1,Clear,Dry,Daylight
2023-08-22T16:48:00.000,I 20,I 20 and Mm154,,Not a Collision with Motor Vehicle,1,Clear,Dry,Daylight
2023-06-06T16:41:00.000,I 20,I 20 and Mm154,,Not a Collision with Motor Vehicle,1,Rain,Wet,Daylight
2024-04-29T07:35:00.000,I 20,I 20 and Mm154,,Not a Collision with Motor Vehicle,1,Clear,Dry,Daylight
2024-04-29T07:35:00.000,I 20,I 20 and Mm154,,Not a Collision with Motor Vehicle,1,Clear,Dry,Daylight
2024-03-21T17:30:00.000,I 20,I 20 and Mm154,,Not a Collision with Motor Vehicle,1,Clear,Dry,Daylight
2022-02-23T04:49:00.000,I 20,I 20 and Mm153.5,,Angle Crash,2,Cloudy,Dry,Dark-Not Lighted
2023-08-12T19:38:00.000,I 20,I 20 and Mm153,,Not a Collision with Motor Vehicle,1,Rain,Wet,Dark-Not Lighted
2023-07-01T13:30:00.000,I 20,I 20 and Mm153,,Sideswipe-Same Direction,2,Clear,Dry,Daylight
2023-09-24T14:53:00.000,I 20,I 20 and Mm153,,Rear End,2,Clear,Dry,Daylight
2023-09-24T15:40:00.000,I 20,I 20 and Mm153,,Rear End,2,Clear,Dry,Daylight
2023-08-03T00:10:00.000,I 20,I 20 and Mm153,,Angle Crash,2,Clear,Dry,Dark-Not Lighted
2023-09-24T14:25:00.000,I 20,I 20 and Mm153,,Rear End,2,Clear,Dry,Daylight
2022-09-03T17:03:00.000,I 20,I 20 and Mm152,,Not a Collision with Motor Vehicle,1,Cloudy,Dry,Daylight
2023-07-18T14:30:00.000,I 20,I 20 and Mm152,,Not a Collision with Motor Vehicle,1,Clear,Dry,Daylight
2024-06-19T17:55:00.000,I 20,I 20 and Mm152,,Not a Collision with Motor Vehicle,1,Clear,Dry,Daylight
2023-05-14T16:40:00.000,I 20,I 20 and Mm151,,Not a Collision with Motor Vehicle,1,Clear,Dry,Daylight
2024-07-06T17:17:00.000,I 20,I 20 and Mm151,,Not a Collision with Motor Vehicle,1,Rain,Wet,Daylight
2022-04-16T04:34:00.000,I 20,I 20 and Mm150,,Not a Collision with Motor Vehicle,1,Cloudy,Dry,Dark-Not Lighted
2022-08-15T09:00:00.000,I 20,I 20 and Mm150,,Not a Collision with Motor Vehicle,1,Cloudy,Dry,Daylight
2022-08-15T09:00:00.000,I 20,I 20 and Mm150,,Not a Collision with Motor Vehicle,1,Cloudy,Dry,Daylight
2024-02-12T10:20:00.000,I 20,I 20 and Mm150,,Rear End,2,Rain,Wet,Daylight
2024-02-12T10:20:00.000,I 20,I 20 and Mm150,,Rear End,3,Rain,Wet,Daylight
2024-02-12T10:20:00.000,I 20,I 20 and Mm150,,Rear End,2,Cloudy,Wet,Daylight
2021-02-19T16:44:00.000,I 20,I 20 and Mm149,,Rear End,3,Cloudy,Dry,Daylight
2023-02-25T10:10:00.000,I 20,I 20 and Mm149,,Sideswipe-Same Direction,2,Cloudy,Wet,Daylight
2023-09-17T07:45:00.000,I 20,I 20 and Mm149,,Rear End,2,Rain,Wet,Daylight
2022-04-16T12:41:00.000,I 20,I 20 and Mm149,,Rear End,2,Cloudy,Dry,Daylight
2022-06-28T15:00:00.000,I 20,I 20 and Mm149,,Not a Collision with Motor Vehicle,1,Rain,Wet,Daylight
2023-06-10T04:43:00.000,I 20,I 20 and Mm149,,Not a Collision with Motor Vehicle,1,Clear,Dry,Dark-Not Lighted
2024-08-31T04:00:00.000,I 20,I 20 and Mm149,,Not a Collision with Motor Vehicle,1,Clear,Dry,Dark-Not Lighted
2023-07-01T10:35:00.000,I 20,I 20 and Mm148,,Rear End,2,Clear,Dry,Daylight
2022-09-06T09:00:00.000,I 20,I 20 and Mm148,,Not a Collision with Motor Vehicle,1,Cloudy,Dry,Daylight
2020-09-22T04:40:00.000,I 20,I 20 and Mm148,,Sideswipe-Same Direction,2,Clear,Dry,Dark-Not Lighted
2022-11-27T07:30:00.000,I 20,I 20 and Mm148,,Not a Collision with Motor Vehicle,1,Rain,Wet,Dark-Not Lighted
2021-08-17T19:10:00.000,I 20,I 20 and Mm148,,Rear End,2,Cloudy,Dry,Daylight
2024-04-13T21:11:00.000,I 20,I 20 and Mm148,,Not a Collision with Motor Vehicle,1,Clear,Dry,Dark-Not Lighted
2024-08-10T01:13:00.000,I 20,I 20 and Mm148,,Not a Collision with Motor Vehicle,1,Clear,Dry,Dark-Not Lighted
2023-06-01T13:45:00.000,I 20,I 20 and Mm148,,Rear End,2,Clear,Dry,Daylight
2023-07-01T10:29:00.000,I 20,I 20 and Mm148,,Rear End,3,Clear,Dry,Daylight
2022-04-21T10:00:00.000,I 20,I 20 and Mm147,,Rear End,2,Clear,Dry,Daylight
2020-07-14T12:06:00.000,I 20,I 20 and Mm147,,Sideswipe-Same Direction,2,Clear,Dry,Daylight
2024-06-05T17:10:00.000,I 20,I 20 and Mm147,,Not a Collision with Motor Vehicle,1,Rain,Wet,Daylight
2024-07-05T07:15:00.000,I 20,I 20 and Mm147,,Not a Collision with Motor Vehicle,1,Clear,Dry,Daylight
2023-04-02T16:44:00.000,I 20,I 20 and Mm146.5,,Rear End,2,Clear,Dry,Daylight
2022-11-27T10:15:00.000,I 20,I 20 and Mm146,,Rear End,3,Cloudy,Wet,Daylight
2022-12-27T20:30:00.000,I 20,I 20 and Mm146,,Angle Crash,2,Clear,Dry,Dark-Not Lighted
2024-07-28T10:58:00.000,I 20,I 20 and Mm146,,Not a Collision with Motor Vehicle,1,Rain,Wet,Daylight
2021-10-18T18:15:00.000,I 20,I 20 and Mm145.5,,Sideswipe-Same Direction,2,Clear,Dry,Daylight
2021-02-16T06:14:00.000,I 20,I 20 and Mm145,,Angle Crash,2,Cloudy,Wet,Dark-Not Lighted
2023-07-01T11:44:00.000,I 20,I 20 and Mm145,,Rear End,2,Clear,Dry,Daylight