Date and Time,Roadway (From Crash Report),Intersection Name (from Crash Report),KABCO Severity,Manner of Collision (Crash Level) ,# of Vehicles per crash ,Weather Conditions (Crash Level),Surface Condition (Crash Level) ,Light Conditions (Crash Level)
2022-09-10T13:00:00.000,I 20,I 20 and Mm145,,Sideswipe-Same Direction,2,Cloudy,Dry,Daylight
2022-09-21T09:25:00.000,I 20,I 20 and Mm145,,Sideswipe-Same Direction,2,Clear,Dry,Daylight
2024-10-20T13:10:00.000,I 20,I 20 and Mm145,,Not a Collision with Motor Vehicle,1,Clear,Dry,Daylight
2024-08-05T15:00:00.000,I 20,I 20 and Mm145,,Rear End,2,Rain,Wet,Daylight
2022-10-01T11:29:00.000,I 20,I 20 and Mm144,,Not a Collision with Motor Vehicle,1,Clear,Dry,Daylight
2022-05-19T22:35:00.000,I 20,I 20 and Mm144,,Not a Collision with Motor Vehicle,1,Clear,Dry,Dark-Not Lighted
2023-06-13T10:15:00.000,I 20,I 20 and Mm144,,Not a Collision with Motor Vehicle,1,Clear,Dry,Daylight
2021-10-18T18:12:00.000,I 20,I 20 and Mm143,,Sideswipe-Same Direction,2,Clear,Dry,Daylight
2023-07-15T17:38:00.000,I 20,I 20 and Mm143,,Sideswipe-Same Direction,2,Rain,Wet,Daylight
2024-05-05T14:51:00.000,I 20,I 20 and Mm141.5,,Angle Crash,2,Clear,Dry,Daylight
2021-10-15T02:02:00.000,I 20,I 20 and Mm140,,Sideswipe-Same Direction,2,Clear,Dry,Dark-Not Lighted
2021-10-15T02:00:00.000,I 20,I 20 and Mm140,,Not a Collision with Motor Vehicle,1,Clear,Dry,Dark-Not Lighted
2021-10-15T02:04:00.000,I 20,I 20 and Mm140,,Rear End,2,Clear,Dry,Dark-Not Lighted
2020-02-18T15:24:00.000,I 20,I 20 and Mm139,,Not a Collision with Motor Vehicle,1,Rain,Wet,Daylight
2023-06-13T10:04:00.000,I 20,I 20 and Mm138.5,,Angle Crash,2,Clear,Dry,Daylight
2020-12-20T15:44:00.000,I 20,I 20 and Mm138,,Angle Crash,2,Cloudy,Dry,Daylight
2024-06-30T19:30:00.000,I 20,I 20 and Mm136,,Rear End,3,Clear,Wet,Daylight
2023-10-24T13:12:00.000,I 20,I 20 and Mm136,,Sideswipe-Same Direction,2,Clear,Dry,Daylight
2024-05-17T22:25:00.000,I 20,I 20 and Mm136,,Not a Collision with Motor Vehicle,1,Cloudy,Dry,Dark-Not Lighted
2021-10-01T19:51:00.000,I 20,I 20 and Mm135,,Not a Collision with Motor Vehicle,1,Clear,Dry,Dark-Not Lighted
2021-07-09T05:29:00.000,I 20,I 20 and Mm135,,Not a Collision with Motor Vehicle,1,Cloudy,Dry,Dark-Not Lighted
2020-01-25T11:42:00.000,I 20,I 20 and Mm135,,Sideswipe-Same Direction,2,Cloudy,Dry,Daylight
2024-07-29T11:31:00.000,I 20,I 20 and Mm135,,Not a Collision with Motor Vehicle,1,Clear,Dry,Daylight
2022-11-06T15:52:00.000,I 20,I 20 and Mm134,,Sideswipe-Same Direction,3,Clear,Dry,Daylight
2021-10-01T00:06:00.000,I 20,I 20 and Mm133,,Sideswipe-Same Direction,2,Clear,Dry,Dark-Not Lighted
2022-05-21T23:07:00.000,I 20,I 20 and Mm133,,Sideswipe-Same Direction,2,Cloudy,Dry,Dark-Not Lighted
2023-08-15T16:10:00.000,I 20,I 20 and Mm133,,Rear End,6,Rain,Wet,Daylight
2022-06-02T12:18:00.000,I 20,I 20 and Mm132,,Not a Collision with Motor Vehicle,1,Clear,Dry,Daylight
2023-07-28T18:09:00.000,I 20,I 20 and Mm131.5,,Not a Collision with Motor Vehicle,1,Clear,Dry,Daylight
2020-08-23T22:04:00.000,I 20,I 20 and Mm131,,Sideswipe-Same Direction,1,Cloudy,Dry,Dark-Not Lighted
2023-11-04T19:17:00.000,I 20,I 20 and Mm13.5,,Rear End,2,Clear,Dry,Daylight
2024-06-13T14:47:00.000,I 20,I 20 and Mm129,,Rear End,2,Clear,Dry,Daylight
2020-07-11T12:54:00.000,I 20,I 20 and Mm1285,,Rear End,3,Clear,Dry,Daylight
2020-11-19T06:16:00.000,I 20,I 20 and Mm128,,Sideswipe-Same Direction,2,Clear,Dry,Dark-Not Lighted
2021-12-18T16:21:00.000,I 20,I 20 and Mm126,,Sideswipe-Same Direction,3,Rain,Wet,Daylight
2023-07-03T10:55:00.000,I 20,I 20 and Mm126,,Sideswipe-Same Direction,2,Clear,Dry,Daylight
2022-07-06T15:31:00.000,I 20,I 20 and Mm124,,Rear End,2,Cloudy,Wet,Daylight
2021-10-05T09:15:00.000,I 20,I 20 and Mm123,,Not a Collision with Motor Vehicle,1,Rain,Wet,Daylight
2020-06-13T16:18:00.000,I 20,I 20 and Mm123,,Rear End,2,Clear,Dry,Daylight
2024-05-16T10:50:00.000,I 20,I 20 and Mm123,,Angle Crash,2,Clear,Dry,Daylight
2022-01-05T15:50:00.000,I 20,I 20 and Mm121.5,,Angle Crash,2,Clear,Dry,Daylight
2022-06-22T21:22:00.000,I 20,I 20 and Mm121,,Not a Collision with Motor Vehicle,1,Clear,Dry,Dark-Not Lighted
2024-04-22T10:21:00.000,I 20,I 20 and Mm121,,Rear End,2,Clear,Dry,Daylight
2020-01-17T18:36:00.000,I 20,I 20 and Mm120,,Rear End,2,Cloudy,Dry,Dark-Not Lighted
2022-09-23T14:07:00.000,I 20,I 20 and Mm118.5,,Not a Collision with Motor Vehicle,1,Clear,Dry,Daylight
2020-07-14T15:24:00.000,I 20,I 20 and Mm118,,Sideswipe-Same Direction,2,Clear,Dry,Daylight
2023-05-30T16:34:00.000,I 20,I 20 and Mm117,,Not a Collision with Motor Vehicle,1,Clear,Dry,Daylight
2024-11-08T14:46:00.000,I 20,I 20 and Mm116,,Not a Collision with Motor Vehicle,1,Cloudy,Dry,Daylight
2021-02-06T12:07:00.000,I 20,I 20 and Mm115,,Sideswipe-Same Direction,2,Clear,Dry,Daylight
2022-08-14T13:17:00.000,I 20,I 20 and Mm115,,Not a Collision with Motor Vehicle,1,Clear,Dry,Daylight
2024-10-26T00:20:00.000,I 20,I 20 and Mm115,,Not a Collision with Motor Vehicle,1,Clear,Dry,Dark-Not Lighted
2023-02-04T16:07:00.000,I 20,I 20 and Mm114,,Sideswipe-Same Direction,2,Clear,Dry,Daylight
2020-09-06T22:23:00.000,I 20,I 20 and Mm114,,Angle Crash,2,Clear,Dry,Dark-Not Lighted
2022-08-11T17:58:00.000,I 20,I 20 and Mm114,,Rear End,3,Clear,Dry,Daylight
2024-12-10T07:46:00.000,I 20,I 20 and Mm114,,Not a Collision with Motor Vehicle,1,Rain,Wet,Daylight
2024-04-08T08:36:00.000,I 20,I 20 and Mm114,,Sideswipe-Same Direction,2,Clear,Dry,Daylight
2023-08-02T16:10:00.000,I 20,I 20 and Mm113,,Sideswipe-Same Direction,2,Cloudy,Dry,Daylight
2023-03-17T16:58:00.000,I 20,I 20 and Mm113,,Rear End,3,Rain,Wet,Daylight
2020-10-26T12:45:00.000,I 20,I 20 and Mm113,,Sideswipe-Same Direction,2,Clear,Dry,Daylight
2020-01-14T18:30:00.000,I 20,I 20 and Mm113,,Rear End,2,Rain,Wet,Dark-Not Lighted
2022-08-23T12:47:00.000,I 20,I 20 and Mm113,,Not a Collision with Motor Vehicle,1,Clear,Dry,Daylight
2022-10-20T17:29:00.000,I 20,I 20 and Mm112.5,,Rear End,3,Clear,Dry,Daylight
2021-09-20T04:16:00.000,I 20,I 20 and Mm112,,Rear End,2,Clear,Dry,Dark-Not Lighted
2022-10-28T11:23:00.000,I 20,I 20 and Mm112,,Rear End,2,Clear,Dry,Daylight
2022-03-27T19:19:00.000,I 20,I 20 and Mm112,,Not a Collision with Motor Vehicle,1,Clear,Dry,Daylight
2023-06-09T17:53:00.000,I 20,I 20 and Mm111,,Sideswipe-Same Direction,2,Clear,Dry,Daylight
2024-12-05T07:55:00.000,I 20,I 20 and Mm111,,Rear End,2,Clear,Dry,Daylight
2020-01-19T15:39:00.000,I 20,I 20 and Mm110,,Sideswipe-Same Direction,2,Clear,Dry,Daylight
2020-09-19T06:25:00.000,I 20,I 20 and Mm11-Mm24,,Rear End,2,Clear,Dry,Dark-Not Lighted
2021-11-27T12:47:00.000,I 20,I 20 and Mm11-24,,Rear End,2,Clear,Dry,Daylight
2021-02-25T18:12:00.000,I 20,I 20 and Mm11-13,,Sideswipe-Same Direction,2,Clear,Dry,Daylight
2021-05-30T16:00:00.000,I 20,I 20 and Mm11 Exit Rp,,Rear End,2,Clear,Dry,Daylight
2020-02-28T21:53:00.000,I 20,I 20 and Mm109,,Not a Collision with Motor Vehicle,1,Cloudy,Dry,Dark-Not Lighted
2020-02-06T12:45:00.000,I 20,I 20 and Mm109,,Angle Crash,2,Severe Thunderstorm or Tornadic,Wet,Daylight
2020-02-05T19:50:00.000,I 20,I 20 and Mm109,,Not a Collision with Motor Vehicle,1,Rain,Wet,Dark-Not Lighted
2020-07-06T14:23:00.000,I 20,I 20 and Mm109,,Sideswipe-Same Direction,2,Rain,Wet,Daylight
2020-02-18T07:42:00.000,I 20,I 20 and Mm109,,Not a Collision with Motor Vehicle,1,Rain,Wet,Dawn
2020-06-09T06:41:00.000,I 20,I 20 and Mm109,,Rear End,2,Cloudy,Dry,Daylight
2021-09-04T11:55:00.000,I 20,I 20 and Mm109,,Rear End,3,Clear,Dry,Daylight
2024-03-26T16:24:00.000,I 20,I 20 and Mm109,,Not a Collision with Motor Vehicle,1,Rain,Wet,Daylight
2022-04-27T04:57:00.000,I 20,I 20 and Mm108,,Not a Collision with Motor Vehicle,1,Clear,Dry,Dark-Not Lighted
2022-12-18T14:25:00.000,I 20,I 20 and Mm108,,Sideswipe-Same Direction,2,Clear,Dry,Daylight
2024-11-24T09:59:00.000,I 20,I 20 and Mm108,,Not a Collision with Motor Vehicle,2,Clear,Dry,Daylight
2020-01-03T11:17:00.000,I 20,I 20 and Mm106,,Not a Collision with Motor Vehicle,1,Rain,Water (standing or moving),Daylight
2020-07-01T19:34:00.000,I 20,I 20 and Mm106,,Angle Crash,2,Clear,Dry,Daylight
2020-01-03T11:17:00.000,I 20,I 20 and Mm106,,Not a Collision with Motor Vehicle,1,Rain,Water (standing or moving),Daylight
2021-11-28T14:41:00.000,I 20,I 20 and Mm106,,Rear End,3,Cloudy,Dry,Daylight
2023-07-16T21:14:00.000,I 20,I 20 and Mm104,,Rear End,2,Clear,Dry,Dark-Not Lighted
2020-10-09T10:03:00.000,I 20,I 20 and Mm103,,Not a Collision with Motor Vehicle,2,Cloudy,Dry,Daylight
2021-07-02T17:19:00.000,I 20,I 20 and Mm103,,Sideswipe-Same Direction,3,Clear,Dry,Daylight
2024-09-06T23:35:00.000,I 20,I 20 and Mm103,,Not a Collision with Motor Vehicle,1,Cloudy,Wet,Dark-Not Lighted
2024-05-26T01:05:00.000,I 20,I 20 and Mm102,,Not a Collision with Motor Vehicle,1,Clear,Dry,Dark-Not Lighted
2021-10-20T06:38:00.000,I 20,I 20 and Mm-45,,Rear End,3,Clear,Dry,Dark-Not Lighted
2024-12-04T07:00:00.000,I 20,I 20 and Mm-40.5,,Rear End,3,Clear,Dry,Daylight
2024-07-28T00:35:00.000,I 20,I 20 and Mm-24,,Angle Crash,2,Cloudy,Dry,Dark-Not Lighted
2023-09-11T19:53:00.000,I 20,I 20 and Mm-116,,Angle Crash,2,Clear,Dry,Daylight
2020-11-19T16:14:00.000,I 20,I 20 and Mm- 21,,Sideswipe-Opposite Direction,2,Clear,Dry,Daylight
2020-11-26T07:15:00.000,I 20,I 20 and Mm 99,,Not a Collision with Motor Vehicle,1,Rain,Wet,Daylight
2022-05-26T16:09:00.000,I 20,I 20 and Mm 99,,Rear End,5,Rain,Wet,Daylight
2024-10-27T08:30:00.000,I 20,I 20 and Mm 98,,Not a Collision with Motor Vehicle,1,Clear,Dry,Daylight
2024-09-28T02:25:00.000,I 20,I 20 and Mm 97.5,,Angle Crash,2,Clear,Dry,Dark-Not Lighted
2020-03-07T00:40:00.000,I 20,I 20 and Mm 97,,Rear End,2,Clear,Dry,Dark-Not Lighted
2024-02-09T17:35:00.000,I 20,I 20 and Mm 97,,Rear End,2,Clear,Dry,Daylight
2023-10-03T07:51:00.000,I 20,I 20 and Mm 96,,Sideswipe-Same Direction,2,Clear,Dry,Daylight
2022-11-27T12:00:00.000,I 20,I 20 and Mm 96,,Rear End,2,Clear,Dry,Daylight
2024-10-21T14:45:00.000,I 20,I 20 and Mm 96,,Not a Collision with Motor Vehicle,1,Clear,Dry,Daylight
2024-10-04T05:56:00.000,I 20,I 20 and Mm 96,,Not a Collision with Motor Vehicle,1,Clear,Dry,Dark-Not Lighted
2024-03-09T13:35:00.000,I 20,I 20 and Mm 96,,Angle Crash,2,Cloudy,Wet,Daylight
2023-12-31T00:57:00.000,I 20,I 20 and Mm 95.5,,Angle Crash,2,Cloudy,Dry,Dark-Not Lighted
2020-03-23T19:34:00.000,I 20,I 20 and Mm 95,,Not a Collision with Motor Vehicle,1,Rain,Wet,Dawn
2021-06-20T01:55:00.000,I 20,I 20 and Mm 95,,Angle Crash,1,Rain,Wet,Dark-Not Lighted
2024-10-18T08:50:00.000,I 20,I 20 and Mm 95,,Not a Collision with Motor Vehicle,1,Clear,Dry,Dawn
2024-10-18T08:50:00.000,I 20,I 20 and Mm 95,,Not a Collision with Motor Vehicle,1,Clear,Dry,Dawn
2020-02-16T10:40:00.000,I 20,I 20 and Mm 94,,Rear End,2,Rain,Wet,Daylight
2023-03-28T17:09:00.000,I 20,I 20 and Mm 94,,Not a Collision with Motor Vehicle,2,Clear,Dry,Daylight
2024-03-07T09:47:00.000,I 20,I 20 and Mm 93.3,,Sideswipe-Same Direction,2,Clear,Dry,Daylight
2023-04-08T12:46:00.000,I 20,I 20 and Mm 93,,Not a Collision with Motor Vehicle,1,Rain,Wet,Daylight
2023-06-06T19:22:00.000,I 20,I 20 and Mm 93,,Not a Collision with Motor Vehicle,1,Rain,Wet,Daylight
2022-07-31T11:33:00.000,I 20,I 20 and Mm 93,,Rear End,2,Clear,Dry,Daylight
2024-11-10T14:00:00.000,I 20,I 20 and Mm 93,,Sideswipe-Same Direction,2,Rain,Wet,Daylight
2024-01-04T16:43:00.000,I 20,I 20 and Mm 93,,Not a Collision with Motor Vehicle,1,Rain,Wet,Daylight
2023-04-08T12:21:00.000,I 20,I 20 and Mm 93,,Not a Collision with Motor Vehicle,1,Rain,Wet,Daylight
2023-04-10T13:00:00.000,I 20,I 20 and Mm 93,,Rear End,2,Clear,Dry,Daylight
2023-04-08T16:15:00.000,I 20,I 20 and Mm 93,,Angle Crash,2,Rain,Wet,Daylight
2023-04-08T15:23:00.000,I 20,I 20 and Mm 93,,Rear End,2,Rain,Wet,Daylight
2024-04-21T14:02:00.000,I 20,I 20 and Mm 93,,Not a Collision with Motor Vehicle,1,Rain,Wet,Daylight
2024-07-15T17:33:00.000,I 20,I 20 and Mm 92.5,,Not a Collision with Motor Vehicle,1,Rain,Wet,Daylight
2023-11-11T11:00:00.000,I 20,I 20 and Mm 92,,Not a Collision with Motor Vehicle,1,Rain,Wet,Daylight
2020-09-06T01:19:00.000,I 20,I 20 and Mm 912,,Sideswipe-Same Direction,3,Clear,Dry,Dark-Not Lighted
2022-12-16T22:12:00.000,I 20,I 20 and Mm 91 2,,Rear End,2,Clear,Dry,Dark-Not Lighted
2020-10-11T12:05:00.000,I 20,I 20 and Mm 91,,Rear End,4,Cloudy,Wet,Daylight
2020-02-13T11:28:00.000,I 20,I 20 and Mm 90,,Not a Collision with Motor Vehicle,1,Cloudy,Wet,Daylight
2020-05-06T14:50:00.000,I 20,I 20 and Mm 90,,Not a Collision with Motor Vehicle,1,Clear,Dry,Daylight
2024-10-23T06:25:00.000,I 20,I 20 and Mm 9.5,,Sideswipe-Same Direction,2,Clear,Dry,Dark-Lighted
2024-04-09T05:53:00.000,I 20,I 20 and Mm 9.5,,Not a Collision with Motor Vehicle,1,Rain,Wet,Dark-Not Lighted
2022-12-16T21:38:00.000,I 20,I 20 and Mm 9 1 2,,Rear End,2,Clear,Dry,Dark-Not Lighted
2024-06-19T07:54:00.000,I 20,I 20 and Mm 9 1 2,,Not a Collision with Motor Vehicle,1,Clear,Dry,Daylight
2022-02-05T05:47:00.000,I 20,I 20 and Mm 89 I20,,Angle Crash,2,Clear,Dry,Dark-Not Lighted
2024-07-25T18:19:00.000,I 20,I 20 and Mm 88.5,,Angle Crash,2,Rain,Wet,Daylight
2022-08-20T17:38:00.000,I 20,I 20 and Mm 88,,Sideswipe-Same Direction,3,Cloudy,Dry,Daylight
2024-12-09T08:05:00.000,I 20,I 20 and Mm 88,,Sideswipe-Same Direction,2,Cloudy,Wet,Daylight
2023-03-29T11:19:00.000,I 20,I 20 and Mm 88,,Not a Collision with Motor Vehicle,1,Clear,Dry,Daylight
2024-08-10T12:51:00.000,I 20,I 20 and Mm 88,,Rear End,2,Clear,Dry,Daylight
2023-12-05T15:34:00.000,I 20,I 20 and Mm 87,,Sideswipe-Same Direction,2,Clear,Dry,Daylight
2024-07-30T22:17:00.000,I 20,I 20 and Mm 86.5,,Not a Collision with Motor Vehicle,1,Rain,Wet,Dark-Not Lighted
2020-09-20T20:55:00.000,I 20,I 20 and Mm 86,,Angle Crash,1,Clear,Dry,Dark-Not Lighted
2022-12-03T20:35:00.000,I 20,I 20 and Mm 86,,Rear End,2,Clear,Wet,Dark-Not Lighted
2023-08-23T23:52:00.000,I 20,I 20 and Mm 84,,Not a Collision with Motor Vehicle,1,Clear,Dry,Dark-Lighted
2024-10-27T16:24:00.000,I 20,I 20 and Mm 84,,Not a Collision with Motor Vehicle,1,Clear,Dry,Daylight
2024-01-12T10:45:00.000,I 20,I 20 and Mm 83,,Not a Collision with Motor Vehicle,1,Rain,Wet,Daylight
2024-09-22T01:30:00.000,I 20,I 20 and Mm 82.5,,Rear End,2,Clear,Dry,Dark-Not Lighted
2023-08-05T20:14:00.000,I 20,I 20 and Mm 82,,Rear End,2,Clear,Dry,Dusk
2022-10-09T03:12:00.000,I 20,I 20 and Mm 80,,Not a Collision with Motor Vehicle,2,Clear,Dry,Dark-Not Lighted
2024-04-17T17:00:00.000,I 20,I 20 and Mm 80,,Rear End,3,Cloudy,Dry,Daylight
2024-07-15T23:35:00.000,I 20,I 20 and Mm 80,,Sideswipe-Same Direction,2,Clear,Dry,Dark-Lighted
2023-12-10T17:25:00.000,I 20,I 20 and Mm 8.5,,Rear End,2,Cloudy,Wet,Dusk
2024-07-16T13:50:00.000,I 20,I 20 and Mm 8.5,,Not a Collision with Motor Vehicle,1,Rain,Wet,Daylight
2024-06-18T11:00:00.000,I 20,I 20 and Mm 8.5,,Rear End,2,Clear,Dry,Daylight
2024-10-16T06:49:00.000,I 20,I 20 and Mm 8.5,,Sideswipe-Same Direction,2,Clear,Dry,Dark-Not Lighted
2024-12-07T22:53:00.000,I 20,I 20 and Mm 8.5,,Rear End,1,Clear,Dry,Dark-Not Lighted
2021-07-21T08:00:00.000,I 20,I 20 and Mm 78,,Sideswipe-Same Direction,2,Clear,Dry,Daylight
2023-08-31T06:55:00.000,I 20,I 20 and Mm 72.3,,Rear End,2,Clear,Dry,Dawn
2022-01-27T08:40:00.000,I 20,I 20 and Mm 71,,Rear End,2,Clear,Dry,Daylight
2023-01-28T15:10:00.000,I 20,I 20 and Mm 71,,Rear End,2,Clear,Dry,Daylight
2024-05-01T07:19:00.000,I 20,I 20 and Mm 71,,Rear End,2,Clear,Dry,Daylight
2024-09-12T18:57:00.000,I 20,I 20 and Mm 70.5,,Not a Collision with Motor Vehicle,1,Clear,Wet,Daylight
2023-09-16T08:22:00.000,I 20,I 20 and Mm 7.5,,Not a Collision with Motor Vehicle,1,Rain,Wet,Daylight
2024-02-23T00:00:00.000,I 20,I 20 and Mm 7.5,,Not a Collision with Motor Vehicle,1,Rain,Wet,Dark-Not Lighted
2024-08-02T15:50:00.000,I 20,I 20 and Mm 7.5,,Rear End,2,Cloudy,Dry,Daylight
2023-03-24T06:30:00.000,I 20,I 20 and Mm 69.8,,Rear End,2,Clear,Dry,Dark-Not Lighted
2023-06-29T06:23:00.000,I 20,I 20 and Mm 69.5,,Angle Crash,2,Clear,Dry,Dawn
2021-05-29T04:20:00.000,I 20,I 20 and Mm 69,,Rear End,2,Cloudy,Dry,Dark-Not Lighted
2020-11-21T18:25:00.000,I 20,I 20 and Mm 68,,Not a Collision with Motor Vehicle,1,Clear,Dry,Dark-Not Lighted
2020-11-21T18:25:00.000,I 20,I 20 and Mm 68,,Not a Collision with Motor Vehicle,1,Clear,Dry,Dark-Not Lighted
2021-10-01T16:50:00.000,I 20,I 20 and Mm 68,,Rear End,2,Clear,Dry,Daylight
2023-09-25T17:05:00.000,I 20,I 20 and Mm 67.5,,Rear End,2,Clear,Dry,Daylight
2023-09-16T10:41:00.000,I 20,I 20 and Mm 66.1 Columbia Dr,,Not a Collision with Motor Vehicle,1,Rain,Wet,Daylight
2020-12-23T21:01:00.000,I 20,I 20 and Mm 65,,Sideswipe-Same Direction,2,Cloudy,Wet,Dark-Not Lighted
2023-05-04T10:15:00.000,I 20,I 20 and Mm 61   Glenwood Ave,,Sideswipe-Same Direction,2,Clear,Dry,Daylight
2020-10-23T00:00:00.000,I 20,I 20 and Mm 60,,Sideswipe-Same Direction,1,Clear,Dry,Dark-Lighted
2022-02-10T08:55:00.000,I 20,I 20 and Mm 60,,Rear End,4,Clear,Dry,Daylight
2024-06-18T08:56:00.000,I 20,I 20 and Mm 60,,Rear End,2,Clear,Dry,Daylight
2024-07-06T14:20:00.000,I 20,I 20 and Mm 6.5,,Not a Collision with Motor Vehicle,1,Rain,Wet,Daylight
2024-07-12T15:58:00.000,I 20,I 20 and Mm 6.5,,Not a Collision with Motor Vehicle,2,Clear,Dry,Daylight
2024-07-20T11:15:00.000,I 20,I 20 and Mm 6.5,,Not a Collision with Motor Vehicle,1,Rain,Wet,Daylight
2024-03-26T13:40:00.000,I 20,I 20 and Mm 6.5,,Rear End,3,Rain,Wet,Daylight
2022-10-31T05:41:00.000,I 20,I 20 and Mm 59.1,,Not a Collision with Motor Vehicle,1,Rain,Wet,Dark-Not Lighted
2021-04-16T16:15:00.000,I 20,I 20 and Mm 59 Blvd,,Rear End,2,Clear,Dry,Daylight
2021-10-19T07:50:00.000,I 20,I 20 and Mm 59,,Rear End,3,Clear,Dry,Daylight
2021-04-28T17:07:00.000,I 20,I 20 and Mm 58,,Rear End,2,Clear,Dry,Daylight
2024-06-28T16:02:00.000,I 20,I 20 and Mm 58,,Not a Collision with Motor Vehicle,1,Clear,Dry,Daylight
2023-11-17T11:45:00.000,I 20,I 20 and Mm 56,,Sideswipe-Same Direction,2,Cloudy,Dry,Daylight
2023-10-28T20:00:00.000,I 20,I 20 and Mm 56,,Angle Crash,2,Clear,Dry,Dark-Not Lighted
2021-07-17T20:05:00.000,I 20,I 20 and Mm 56,,Sideswipe-Same Direction,2,Cloudy,Dry,Daylight
2022-12-06T15:17:00.000,I 20,I 20 and Mm 55.4,,Sideswipe-Same Direction,2,Cloudy,Wet,Daylight
2023-09-11T15:10:00.000,I 20,I 20 and Mm 54.8,,Sideswipe-Same Direction,1,Clear,Dry,Daylight
2020-08-26T10:44:00.000,I 20,I 20 and Mm 53,,Sideswipe-Same Direction,2,Clear,Dry,Daylight
2024-01-15T12:02:00.000,I 20,I 20 and Mm 52.5,,Not a Collision with Motor Vehicle,2,Clear,Dry,Daylight
2020-10-23T13:48:00.000,I 20,I 20 and Mm 52,,Rear End,2,Clear,Dry,Daylight
2024-03-19T15:28:00.000,I 20,I 20 and Mm 52,,Rear End,2,Clear,Dry,Daylight
2023-04-28T19:00:00.000,I 20,I 20 and Mm 50,,Angle Crash,2,Clear,Dry,Daylight
2024-05-31T15:40:00.000,I 20,I 20 and Mm 50,,Rear End,2,Clear,Dry,Daylight
2023-08-18T18:48:00.000,I 20,I 20 and Mm 50,,Sideswipe-Same Direction,2,Clear,Dry,Daylight
2023-08-12T17:01:00.000,I 20,I 20 and Mm 50,,Angle Crash,2,Clear,Wet,Daylight
2024-06-18T21:14:00.000,I 20,I 20 and Mm 50,,Angle Crash,2,Clear,Dry,Dark-Not Lighted
2024-09-11T10:35:00.000,I 20,I 20 and Mm 5.5,,Rear End,2,Clear,Dry,Daylight
2022-01-24T07:35:00.000,I 20,I 20 and Mm 49,,Not a Collision with Motor Vehicle,1,Clear,Dry,Daylight
2023-10-11T06:10:00.000,I 20,I 20 and Mm 49,,Angle Crash,2,Clear,Dry,Dark-Not Lighted
2023-10-11T06:15:00.000,I 20,I 20 and Mm 49,,Rear End,2,Clear,Dry,Dark-Not Lighted
2021-06-20T19:54:00.000,I 20,I 20 and Mm 45,,Angle Crash,2,Cloudy,Dry,Daylight
2022-10-04T08:39:00.000,I 20,I 20 and Mm 45,,Rear End,2,Cloudy,Dry,Dawn
2024-12-20T04:20:00.000,I 20,I 20 and Mm 45,,Sideswipe-Same Direction,2,Clear,Dry,Dark-Not Lighted
2023-12-06T12:01:00.000,I 20,I 20 and Mm 45,,Sideswipe-Same Direction,2,Clear,Dry,Daylight
2024-10-12T04:48:00.000,I 20,I 20 and Mm 45,,Angle Crash,2,Clear,Dry,Dark-Not Lighted
2022-10-22T01:22:00.000,I 20,I 20 and Mm 44.7,,Sideswipe-Same Direction,2,Clear,Dry,Dark-Not Lighted
2024-04-26T09:25:00.000,I 20,I 20 and Mm 44.4,,Rear End,2,Clear,Dry,Daylight
2021-07-02T13:47:00.000,I 20,I 20 and Mm 44 Thornton Rd Rp,,Rear End,2,Rain,Wet,Daylight
2024-11-01T08:55:00.000,I 20,I 20 and Mm 44 Exit Rp,,Sideswipe-Same Direction,2,Cloudy,Dry,Daylight
2024-07-08T06:55:00.000,I 20,I 20 and Mm 44 Exit Rp,,Sideswipe-Same Direction,3,Clear,Dry,Daylight
2021-06-22T13:30:00.000,I 20,I 20 and Mm 44 Entrance Rp,,Sideswipe-Same Direction,2,Clear,Dry,Daylight
2021-12-08T13:00:00.000,I 20,I 20 and Mm 44 Entrance Rp,,Sideswipe-Same Direction,2,Cloudy,Dry,Daylight
2024-07-24T17:24:00.000,I 20,I 20 and Mm 44 Entrance Rp,,Angle Crash,2,Cloudy,Dry,Daylight
2021-02-17T17:30:00.000,I 20,I 20 and Mm 44,,Rear End,2,Cloudy,Dry,Daylight
2021-01-25T22:40:00.000,I 20,I 20 and Mm 44,,Angle Crash,2,Cloudy,Dry,Dark-Not Lighted
2021-10-16T14:18:00.000,I 20,I 20 and Mm 44,,Not a Collision with Motor Vehicle,1,Clear,Dry,Daylight
2021-06-09T08:28:00.000,I 20,I 20 and Mm 44,,Rear End,2,Clear,Dry,Daylight
2021-02-02T23:20:00.000,I 20,I 20 and Mm 44,,Not a Collision with Motor Vehicle,1,Clear,Dry,Dark-Lighted
2021-11-10T17:30:00.000,I 20,I 20 and Mm 44,,Rear End,2,Clear,Dry,Dusk
2021-03-17T17:40:00.000,I 20,I 20 and Mm 44,,Rear End,2,Rain,Wet,Daylight
2021-06-20T21:20:00.000,I 20,I 20 and Mm 44,,Sideswipe-Same Direction,2,Clear,Dry,Dark-Not Lighted
2020-12-08T18:45:00.000,I 20,I 20 and Mm 44,,Rear End,2,Clear,Dry,Dark-Not Lighted
2023-03-08T15:43:00.000,I 20,I 20 and Mm 44,,Sideswipe-Same Direction,2,Clear,Dry,Daylight
2023-06-25T17:39:00.000,I 20,I 20 and Mm 44,,Sideswipe-Same Direction,2,Cloudy,Dry,Daylight
2023-01-22T00:40:00.000,I 20,I 20 and Mm 44,,Sideswipe-Same Direction,2,Rain,Wet,Dark-Not Lighted
2023-04-14T00:15:00.000,I 20,I 20 and Mm 44,,Not a Collision with Motor Vehicle,1,Cloudy,Wet,Dark-Not Lighted
2023-10-02T18:12:00.000,I 20,I 20 and Mm 44,,Sideswipe-Same Direction,2,Clear,Dry,Daylight
2023-08-21T16:34:00.000,I 20,I 20 and Mm 44,,Sideswipe-Same Direction,2,Clear,Dry,Daylight