Date and Time,Roadway (From Crash Report),Intersection Name (from Crash Report),KABCO Severity,Manner of Collision (Crash Level) ,# of Vehicles per crash ,Weather Conditions (Crash Level),Surface Condition (Crash Level) ,Light Conditions (Crash Level)
2022-06-20T13:20:00.000,I 20,I 20 and Mm 44,,Sideswipe-Same Direction,2,Clear,Dry,Daylight
2022-09-27T16:01:00.000,I 20,I 20 and Mm 44,,Rear End,3,Clear,Dry,Daylight
2020-11-10T07:00:00.000,I 20,I 20 and Mm 44,,Sideswipe-Same Direction,4,Clear,Dry,Daylight
2020-11-12T08:00:00.000,I 20,I 20 and Mm 44,,Rear End,4,Cloudy,Wet,Daylight
2020-12-21T18:30:00.000,I 20,I 20 and Mm 44,,Sideswipe-Same Direction,2,Clear,Dry,Dark-Not Lighted
2020-10-09T19:05:00.000,I 20,I 20 and Mm 44,,Rear End,2,Rain,Wet,Dark-Not Lighted
2020-01-30T13:24:00.000,I 20,I 20 and Mm 44,,Angle Crash,2,Clear,Dry,Daylight
2020-10-09T19:10:00.000,I 20,I 20 and Mm 44,,Rear End,2,Rain,Wet,Dark-Not Lighted
2020-12-17T02:00:00.000,I 20,I 20 and Mm 44,,Sideswipe-Same Direction,2,Clear,Dry,Dark-Not Lighted
2020-07-09T19:01:00.000,I 20,I 20 and Mm 44,,Not a Collision with Motor Vehicle,1,Rain,Wet,Daylight
2020-12-19T13:19:00.000,I 20,I 20 and Mm 44,,Sideswipe-Same Direction,2,Cloudy,Dry,Daylight
2021-05-28T15:15:00.000,I 20,I 20 and Mm 44,,Rear End,4,Rain,Wet,Daylight
2021-03-17T07:03:00.000,I 20,I 20 and Mm 44,,Rear End,2,Cloudy,Wet,Dawn
2021-03-24T09:10:00.000,I 20,I 20 and Mm 44,,Sideswipe-Same Direction,2,Cloudy,Dry,Daylight
2021-12-23T15:00:00.000,I 20,I 20 and Mm 44,,Rear End,2,Clear,Dry,Daylight
2021-09-29T17:15:00.000,I 20,I 20 and Mm 44,,Rear End,3,Clear,Dry,Daylight
2021-10-19T08:40:00.000,I 20,I 20 and Mm 44,,Sideswipe-Same Direction,2,Clear,Dry,Daylight
2021-12-17T17:35:00.000,I 20,I 20 and Mm 44,,Rear End,2,Clear,Dry,Dark-Lighted
2021-11-15T10:27:00.000,I 20,I 20 and Mm 44,,Not a Collision with Motor Vehicle,1,Clear,Dry,Daylight
2022-12-14T11:55:00.000,I 20,I 20 and Mm 44,,Angle Crash,2,Rain,Wet,Daylight
2022-02-07T18:10:00.000,I 20,I 20 and Mm 44,,Rear End,2,Clear,Dry,Dusk
2021-11-24T18:51:00.000,I 20,I 20 and Mm 44,,Rear End,2,Clear,Dry,Dark-Not Lighted
2022-04-14T17:43:00.000,I 20,I 20 and Mm 44,,Rear End,2,Clear,Dry,Daylight
2022-01-25T17:59:00.000,I 20,I 20 and Mm 44,,Rear End,3,Cloudy,Dry,Dark-Not Lighted
2022-07-13T17:00:00.000,I 20,I 20 and Mm 44,,Rear End,2,Other,Wet,Daylight
2022-01-14T19:20:00.000,I 20,I 20 and Mm 44,,Rear End,2,Clear,Dry,Dark-Lighted
2022-05-30T14:24:00.000,I 20,I 20 and Mm 44,,Sideswipe-Same Direction,2,Clear,Dry,Daylight
2022-06-13T01:00:00.000,I 20,I 20 and Mm 44,,Not a Collision with Motor Vehicle,1,Clear,Dry,Dark-Not Lighted
2022-01-23T19:20:00.000,I 20,I 20 and Mm 44,,Angle Crash,2,Clear,Dry,Dark-Not Lighted
2022-07-30T17:01:00.000,I 20,I 20 and Mm 44,,Rear End,3,Rain,Wet,Daylight
2022-02-24T07:19:00.000,I 20,I 20 and Mm 44,,Rear End,2,Cloudy,Dry,Daylight
2022-03-30T08:28:00.000,I 20,I 20 and Mm 44,,Rear End,2,Cloudy,Dry,Dawn
2022-08-17T07:32:00.000,I 20,I 20 and Mm 44,,Rear End,2,Clear,Dry,Daylight
2022-11-30T00:14:00.000,I 20,I 20 and Mm 44,,Not a Collision with Motor Vehicle,1,Rain,Wet,Dark-Not Lighted
2022-10-25T14:50:00.000,I 20,I 20 and Mm 44,,Rear End,2,Cloudy,Dry,Daylight
2022-03-15T12:00:00.000,I 20,I 20 and Mm 44,,Sideswipe-Same Direction,2,Cloudy,Dry,Daylight
2022-05-06T07:00:00.000,I 20,I 20 and Mm 44,,Angle Crash,3,Clear,Dry,Daylight
2022-10-25T08:40:00.000,I 20,I 20 and Mm 44,,Not a Collision with Motor Vehicle,2,Clear,Dry,Daylight
2022-05-27T01:48:00.000,I 20,I 20 and Mm 44,,Rear End,2,Cloudy,Wet,Dark-Not Lighted
2022-09-14T10:30:00.000,I 20,I 20 and Mm 44,,Rear End,2,Clear,Dry,Daylight
2024-03-06T05:48:00.000,I 20,I 20 and Mm 44,,Rear End,4,Cloudy,Wet,Dark-Not Lighted
2024-05-16T22:35:00.000,I 20,I 20 and Mm 44,,Angle Crash,2,Clear,Dry,Dark-Not Lighted
2024-04-23T10:02:00.000,I 20,I 20 and Mm 44,,Sideswipe-Same Direction,2,Clear,Dry,Daylight
2024-04-11T09:10:00.000,I 20,I 20 and Mm 44,,Rear End,2,Rain,Wet,Daylight
2024-10-01T07:01:00.000,I 20,I 20 and Mm 44,,Rear End,2,Cloudy,Dry,Daylight
2023-07-08T06:00:00.000,I 20,I 20 and Mm 44,,Sideswipe-Same Direction,2,Clear,Dry,Dawn
2023-08-21T17:16:00.000,I 20,I 20 and Mm 44,,Angle Crash,2,Clear,Dry,Daylight
2023-03-08T16:35:00.000,I 20,I 20 and Mm 44,,Rear End,2,Clear,Dry,Daylight
2023-08-31T17:08:00.000,I 20,I 20 and Mm 44,,Rear End,2,Clear,Dry,Daylight
2023-12-05T15:18:00.000,I 20,I 20 and Mm 44,,Angle Crash,2,Clear,Dry,Daylight
2023-02-26T08:16:00.000,I 20,I 20 and Mm 44,,Not a Collision with Motor Vehicle,1,Clear,Dry,Daylight
2023-06-19T06:56:00.000,I 20,I 20 and Mm 44,,Not a Collision with Motor Vehicle,1,Rain,Wet,Dawn
2023-01-18T10:28:00.000,I 20,I 20 and Mm 44,,Rear End,4,Clear,Dry,Daylight
2023-03-10T18:01:00.000,I 20,I 20 and Mm 44,,Sideswipe-Same Direction,2,Clear,Dry,Daylight
2024-05-16T21:43:00.000,I 20,I 20 and Mm 44,,Head On,2,Clear,Dry,Dark-Not Lighted
2024-11-14T16:25:00.000,I 20,I 20 and Mm 44,,Sideswipe-Same Direction,2,Cloudy,Dry,Daylight
2024-04-26T09:08:00.000,I 20,I 20 and Mm 44,,Angle Crash,2,Clear,Dry,Daylight
2024-09-04T16:10:00.000,I 20,I 20 and Mm 44,,Sideswipe-Same Direction,2,Clear,Dry,Daylight
2024-11-16T14:52:00.000,I 20,I 20 and Mm 44,,Rear End,2,Clear,Dry,Daylight
2024-11-27T15:08:00.000,I 20,I 20 and Mm 44,,Rear End,2,Clear,Dry,Daylight
2024-04-18T16:15:00.000,I 20,I 20 and Mm 44,,Rear End,2,Clear,Dry,Daylight
2024-04-23T10:02:00.000,I 20,I 20 and Mm 44,,Rear End,2,Clear,Dry,Daylight
2024-01-11T02:27:00.000,I 20,I 20 and Mm 44,,Rear End,2,Clear,Dry,Dark-Not Lighted
2024-10-14T06:44:00.000,I 20,I 20 and Mm 44,,Sideswipe-Same Direction,2,Clear,Dry,Dark-Not Lighted
2024-12-15T16:42:00.000,I 20,I 20 and Mm 44,,Angle Crash,2,Rain,Wet,Daylight
2024-04-28T12:10:00.000,I 20,I 20 and Mm 44,,Not a Collision with Motor Vehicle,2,Clear,Dry,Daylight
2024-08-28T07:20:00.000,I 20,I 20 and Mm 44,,Sideswipe-Same Direction,2,Clear,Dry,Daylight
2024-10-24T20:06:00.000,I 20,I 20 and Mm 44,,Not a Collision with Motor Vehicle,1,Clear,Dry,Dark-Not Lighted
2024-09-11T08:32:00.000,I 20,I 20 and Mm 44,,Sideswipe-Same Direction,3,Cloudy,Dry,Daylight
2024-12-15T17:22:00.000,I 20,I 20 and Mm 44,,Angle Crash,3,Rain,Wet,Daylight
2024-11-08T08:20:00.000,I 20,I 20 and Mm 44,,Sideswipe-Same Direction,3,Cloudy,Dry,Daylight
2024-05-15T07:54:00.000,I 20,I 20 and Mm 44,,Rear End,2,Clear,Dry,Daylight
2024-05-03T09:45:00.000,I 20,I 20 and Mm 44,,Sideswipe-Same Direction,2,Clear,Dry,Daylight
2021-01-13T11:29:00.000,I 20,I 20 and Mm 435,,Sideswipe-Same Direction,2,Clear,Dry,Daylight
2020-10-15T23:30:00.000,I 20,I 20 and Mm 435,,Not a Collision with Motor Vehicle,1,Clear,Dry,Dark-Not Lighted
2021-06-17T14:13:00.000,I 20,I 20 and Mm 435,,Sideswipe-Same Direction,2,Clear,Dry,Daylight
2024-11-22T17:01:00.000,I 20,I 20 and Mm 43.9,,Rear End,3,Clear,Dry,Daylight
2024-11-22T15:50:00.000,I 20,I 20 and Mm 43.9,,Rear End,2,Clear,Dry,Daylight
2024-10-24T18:03:00.000,I 20,I 20 and Mm 43.8,,Rear End,2,Clear,Dry,Daylight
2022-05-09T20:52:00.000,I 20,I 20 and Mm 43.5,,Not a Collision with Motor Vehicle,1,Clear,Dry,Dark-Not Lighted
2024-02-08T06:15:00.000,I 20,I 20 and Mm 43.5,,Rear End,2,Clear,Dry,Dark-Not Lighted
2022-08-06T10:56:00.000,I 20,I 20 and Mm 43.3,,Angle Crash,2,Clear,Dry,Daylight
2021-02-16T16:55:00.000,I 20,I 20 and Mm 43,,Rear End,2,Clear,Dry,Daylight
2021-11-08T07:55:00.000,I 20,I 20 and Mm 43,,Rear End,2,Clear,Dry,Daylight
2021-05-25T18:25:00.000,I 20,I 20 and Mm 43,,Rear End,2,Clear,Dry,Daylight
2021-02-16T16:21:00.000,I 20,I 20 and Mm 43,,Rear End,2,Clear,Dry,Daylight
2021-06-29T07:55:00.000,I 20,I 20 and Mm 43,,Not a Collision with Motor Vehicle,2,Clear,Dry,Daylight
2021-10-22T18:55:00.000,I 20,I 20 and Mm 43,,Sideswipe-Same Direction,2,Clear,Dry,Dark-Not Lighted
2021-09-10T18:49:00.000,I 20,I 20 and Mm 43,,Rear End,2,Clear,Dry,Daylight
2021-02-13T00:02:00.000,I 20,I 20 and Mm 43,,Rear End,1,Rain,Wet,Dark-Not Lighted
2021-03-24T08:30:00.000,I 20,I 20 and Mm 43,,Angle Crash,2,Cloudy,Dry,Daylight
2021-08-09T00:22:00.000,I 20,I 20 and Mm 43,,Not a Collision with Motor Vehicle,1,Clear,Dry,Daylight
2023-09-10T21:15:00.000,I 20,I 20 and Mm 43,,Sideswipe-Same Direction,2,Clear,Dry,Dark-Not Lighted
2023-12-25T20:14:00.000,I 20,I 20 and Mm 43,,Sideswipe-Same Direction,1,Rain,Wet,Dark-Not Lighted
2023-09-16T17:54:00.000,I 20,I 20 and Mm 43,,Sideswipe-Same Direction,2,Cloudy,Dry,Daylight
2023-04-07T17:00:00.000,I 20,I 20 and Mm 43,,Rear End,2,Clear,Dry,Daylight
2023-12-19T16:42:00.000,I 20,I 20 and Mm 43,,Rear End,2,Clear,Dry,Daylight
2020-12-21T08:45:00.000,I 20,I 20 and Mm 43,,Angle Crash,2,Cloudy,Dry,Daylight
2020-02-04T19:05:00.000,I 20,I 20 and Mm 43,,Sideswipe-Same Direction,2,Clear,Dry,Dark-Not Lighted
2020-11-12T09:10:00.000,I 20,I 20 and Mm 43,,Sideswipe-Same Direction,2,Cloudy,Dry,Daylight
2020-10-26T05:15:00.000,I 20,I 20 and Mm 43,,Not a Collision with Motor Vehicle,1,Clear,Dry,Dark-Not Lighted
2020-11-07T10:50:00.000,I 20,I 20 and Mm 43,,Not a Collision with Motor Vehicle,1,Rain,Wet,Daylight
2021-05-16T22:18:00.000,I 20,I 20 and Mm 43,,Rear End,2,Clear,Dry,Dark-Not Lighted
2021-08-23T16:17:00.000,I 20,I 20 and Mm 43,,Rear End,2,Cloudy,Dry,Daylight
2021-10-19T09:45:00.000,I 20,I 20 and Mm 43,,Sideswipe-Same Direction,2,Clear,Dry,Daylight
2021-08-13T17:15:00.000,I 20,I 20 and Mm 43,,Sideswipe-Same Direction,2,Clear,Dry,Daylight
2022-03-10T12:05:00.000,I 20,I 20 and Mm 43,,Not a Collision with Motor Vehicle,1,Clear,Dry,Daylight
2022-09-02T04:10:00.000,I 20,I 20 and Mm 43,,Angle Crash,2,Clear,Wet,Dark-Not Lighted
2022-11-20T02:57:00.000,I 20,I 20 and Mm 43,,Not a Collision with Motor Vehicle,1,Clear,Dry,Dark-Not Lighted
2021-08-09T00:35:00.000,I 20,I 20 and Mm 43,,Sideswipe-Opposite Direction,2,Clear,Dry,Dark-Lighted
2021-07-28T04:35:00.000,I 20,I 20 and Mm 43,,Sideswipe-Same Direction,2,Cloudy,Wet,Dark-Not Lighted
2022-02-17T17:10:00.000,I 20,I 20 and Mm 43,,Angle Crash,4,Cloudy,Dry,Daylight
2022-04-27T17:30:00.000,I 20,I 20 and Mm 43,,Rear End,2,Clear,Dry,Daylight
2022-12-22T16:00:00.000,I 20,I 20 and Mm 43,,Rear End,2,Cloudy,Dry,Daylight
2022-03-02T07:20:00.000,I 20,I 20 and Mm 43,,Not a Collision with Motor Vehicle,2,Clear,Dry,Daylight
2022-11-22T17:33:00.000,I 20,I 20 and Mm 43,,Rear End,2,Clear,Dry,Dark-Not Lighted
2022-04-22T19:35:00.000,I 20,I 20 and Mm 43,,Angle Crash,2,Clear,Dry,Dusk
2022-06-16T23:31:00.000,I 20,I 20 and Mm 43,,Rear End,2,Clear,Wet,Dark-Not Lighted
2024-06-21T15:35:00.000,I 20,I 20 and Mm 43,,Rear End,3,Clear,Dry,Daylight
2024-09-29T13:24:00.000,I 20,I 20 and Mm 43,,Head On,3,Clear,Dry,Daylight
2024-02-02T06:22:00.000,I 20,I 20 and Mm 43,,Sideswipe-Same Direction,2,Clear,Dry,Dark-Not Lighted
2024-03-18T17:40:00.000,I 20,I 20 and Mm 43,,Rear End,2,Clear,Dry,Daylight
2023-02-21T20:05:00.000,I 20,I 20 and Mm 43,,Rear End,2,Rain,Wet,Dawn
2023-06-01T16:50:00.000,I 20,I 20 and Mm 43,,Rear End,2,Clear,Dry,Daylight
2023-08-14T14:53:00.000,I 20,I 20 and Mm 43,,Sideswipe-Same Direction,2,Clear,Dry,Daylight
2023-05-25T16:38:00.000,I 20,I 20 and Mm 43,,Sideswipe-Same Direction,2,Clear,Dry,Daylight
2023-12-06T06:26:00.000,I 20,I 20 and Mm 43,,Rear End,2,Clear,Dry,Dark-Not Lighted
2024-06-21T14:42:00.000,I 20,I 20 and Mm 43,,Rear End,2,Clear,Dry,Daylight
2024-11-27T15:00:00.000,I 20,I 20 and Mm 43,,Rear End,2,Clear,Dry,Daylight
2024-06-12T17:22:00.000,I 20,I 20 and Mm 43,,Sideswipe-Same Direction,2,Clear,Dry,Daylight
2024-10-13T08:20:00.000,I 20,I 20 and Mm 43,,Not a Collision with Motor Vehicle,1,Clear,Dry,Daylight
2024-04-21T19:20:00.000,I 20,I 20 and Mm 43,,Sideswipe-Same Direction,2,Clear,Dry,Daylight
2024-02-14T18:45:00.000,I 20,I 20 and Mm 43,,Rear End,2,Clear,Dry,Dusk
2024-03-06T17:35:00.000,I 20,I 20 and Mm 43,,Rear End,3,Cloudy,Wet,Daylight
2024-09-17T13:40:00.000,I 20,I 20 and Mm 43,,Angle Crash,1,Clear,Dry,Daylight
2024-10-09T19:15:00.000,I 20,I 20 and Mm 43,,Sideswipe-Same Direction,2,Clear,Dry,Dusk
2024-10-08T07:50:00.000,I 20,I 20 and Mm 43,,Rear End,3,Clear,Dry,Daylight
2024-09-19T20:33:00.000,I 20,I 20 and Mm 43,,Sideswipe-Same Direction,2,Clear,Dry,Dark-Not Lighted
2024-09-18T18:24:00.000,I 20,I 20 and Mm 43,,Rear End,2,Cloudy,Dry,Daylight
2022-10-02T17:00:00.000,I 20,I 20 and Mm 42.5,,Sideswipe-Same Direction,2,Cloudy,Dry,Daylight
2022-07-14T14:23:00.000,I 20,I 20 and Mm 42-43,,Sideswipe-Same Direction,3,Clear,Dry,Daylight
2021-09-12T20:00:00.000,I 20,I 20 and Mm 42,,Angle Crash,2,Clear,Dry,Dark-Not Lighted
2021-02-18T12:50:00.000,I 20,I 20 and Mm 42,,Rear End,2,Rain,Wet,Daylight
2021-09-10T18:35:00.000,I 20,I 20 and Mm 42,,Rear End,3,Clear,Dry,Daylight
2021-01-10T21:52:00.000,I 20,I 20 and Mm 42,,Angle Crash,4,Clear,Dry,Dark-Not Lighted
2021-10-18T21:20:00.000,I 20,I 20 and Mm 42,,Sideswipe-Same Direction,2,Clear,Dry,Dark-Not Lighted
2023-03-22T00:00:00.000,I 20,I 20 and Mm 42,,Rear End,2,Clear,Dry,Dark-Not Lighted
2023-05-15T01:51:00.000,I 20,I 20 and Mm 42,,Rear End,2,Clear,Dry,Dark-Not Lighted
2023-12-19T19:05:00.000,I 20,I 20 and Mm 42,,Not a Collision with Motor Vehicle,1,Clear,Dry,Dark-Not Lighted
2023-04-22T11:45:00.000,I 20,I 20 and Mm 42,,Not a Collision with Motor Vehicle,2,Clear,Dry,Daylight
2023-12-08T08:15:00.000,I 20,I 20 and Mm 42,,(None),2,(None),(None),(None)
2023-07-26T15:20:00.000,I 20,I 20 and Mm 42,,Angle Crash,2,Clear,Dry,Daylight
2023-10-31T16:38:00.000,I 20,I 20 and Mm 42,,Sideswipe-Same Direction,2,Clear,Dry,Daylight
2023-05-12T21:30:00.000,I 20,I 20 and Mm 42,,Not a Collision with Motor Vehicle,1,Clear,Dry,Dark-Not Lighted
2020-12-22T10:10:00.000,I 20,I 20 and Mm 42,,Rear End,2,Clear,Dry,Daylight
2020-10-30T10:05:00.000,I 20,I 20 and Mm 42,,Rear End,2,Clear,Dry,Daylight
2020-12-06T20:38:00.000,I 20,I 20 and Mm 42,,Rear End,2,Cloudy,Wet,Dark-Not Lighted
2020-09-03T23:14:00.000,I 20,I 20 and Mm 42,,Rear End,2,Cloudy,Dry,Dark-Not Lighted
2021-04-27T20:26:00.000,I 20,I 20 and Mm 42,,Sideswipe-Same Direction,2,Clear,Dry,Dark-Not Lighted
2021-03-12T16:24:00.000,I 20,I 20 and Mm 42,,Sideswipe-Same Direction,2,Clear,Dry,Daylight
2021-06-23T21:48:00.000,I 20,I 20 and Mm 42,,Sideswipe-Same Direction,5,Cloudy,Dry,Dark-Not Lighted
2021-08-06T03:00:00.000,I 20,I 20 and Mm 42,,Rear End,2,Clear,Dry,Dark-Not Lighted
2021-08-31T15:00:00.000,I 20,I 20 and Mm 42,,Rear End,3,Rain,Wet,Daylight
2021-08-21T18:46:00.000,I 20,I 20 and Mm 42,,Sideswipe-Same Direction,2,Cloudy,Wet,Daylight
2022-10-15T17:11:00.000,I 20,I 20 and Mm 42,,Rear End,2,Clear,Dry,Daylight
2022-05-15T21:11:00.000,I 20,I 20 and Mm 42,,Sideswipe-Same Direction,3,Cloudy,Dry,Dark-Not Lighted
2022-05-31T19:37:00.000,I 20,I 20 and Mm 42,,Rear End,3,Clear,Dry,Daylight
2022-11-07T06:00:00.000,I 20,I 20 and Mm 42,,Sideswipe-Same Direction,2,Cloudy,Dry,Dark-Lighted
2022-04-23T02:54:00.000,I 20,I 20 and Mm 42,,Not a Collision with Motor Vehicle,1,Clear,Dry,Dark-Not Lighted
2022-02-11T05:30:00.000,I 20,I 20 and Mm 42,,Sideswipe-Same Direction,2,Clear,Dry,Dark-Not Lighted
2022-07-23T04:37:00.000,I 20,I 20 and Mm 42,,Rear End,2,Cloudy,Wet,Dark-Not Lighted
2023-09-21T16:55:00.000,I 20,I 20 and Mm 42,,Rear End,2,Clear,Dry,Daylight
2024-11-14T06:50:00.000,I 20,I 20 and Mm 42,,Sideswipe-Same Direction,2,Rain,Wet,Dark-Not Lighted
2024-02-26T13:51:00.000,I 20,I 20 and Mm 42,,Angle Crash,2,Clear,Dry,Daylight
2023-11-03T19:22:00.000,I 20,I 20 and Mm 42,,Rear End,2,Clear,Dry,Dark-Not Lighted
2024-03-29T18:05:00.000,I 20,I 20 and Mm 42,,Rear End,2,Clear,Dry,Daylight
2024-09-19T07:03:00.000,I 20,I 20 and Mm 42,,Sideswipe-Same Direction,2,Clear,Dry,Daylight
2024-07-28T14:50:00.000,I 20,I 20 and Mm 42,,Rear End,2,Rain,Wet,Daylight
2024-08-26T15:30:00.000,I 20,I 20 and Mm 42,,Sideswipe-Same Direction,2,Clear,Dry,Daylight
2024-07-14T18:18:00.000,I 20,I 20 and Mm 42,,Angle Crash,2,Clear,Dry,Daylight
2024-06-08T06:49:00.000,I 20,I 20 and Mm 42,,Sideswipe-Same Direction,2,Clear,Dry,Daylight
2024-01-29T16:04:00.000,I 20,I 20 and Mm 42,,Sideswipe-Same Direction,2,Clear,Dry,Daylight
2021-04-08T18:09:00.000,I 20,I 20 and Mm 415,,Sideswipe-Same Direction,1,Cloudy,Dry,Daylight
2024-06-14T18:33:00.000,I 20,I 20 and Mm 41.8,,Sideswipe-Same Direction,2,Clear,Dry,Daylight
2024-12-13T19:56:00.000,I 20,I 20 and Mm 41.4,,Rear End,2,Clear,Dry,Dark-Not Lighted
2023-05-10T00:11:00.000,I 20,I 20 and Mm 41 Exit Rp,,Rear End,2,Cloudy,Wet,Dark-Not Lighted
2023-03-27T19:16:00.000,I 20,I 20 and Mm 41 Exit Rp,,Angle Crash,3,Clear,Dry,Daylight
2023-04-25T15:20:00.000,I 20,I 20 and Mm 41 Exit Rp,,Sideswipe-Same Direction,2,Cloudy,Dry,Daylight
2021-01-22T15:52:00.000,I 20,I 20 and Mm 41,,Rear End,2,Cloudy,Dry,Daylight
2021-07-27T23:55:00.000,I 20,I 20 and Mm 41,,Sideswipe-Same Direction,2,Rain,Wet,Dark-Not Lighted
2021-05-30T22:39:00.000,I 20,I 20 and Mm 41,,Angle Crash,2,Cloudy,Dry,Dark-Not Lighted
2021-04-22T15:40:00.000,I 20,I 20 and Mm 41,,Angle Crash,2,Clear,Dry,Daylight
2021-05-07T23:35:00.000,I 20,I 20 and Mm 41,,Not a Collision with Motor Vehicle,1,Clear,Dry,Dark-Not Lighted
2021-06-09T09:05:00.000,I 20,I 20 and Mm 41,,Rear End,2,Clear,Dry,Daylight
2021-05-23T00:40:00.000,I 20,I 20 and Mm 41,,Not a Collision with Motor Vehicle,1,Clear,Dry,Dark-Not Lighted
2021-01-22T13:08:00.000,I 20,I 20 and Mm 41,,Rear End,2,Cloudy,Dry,Daylight
2021-05-08T12:50:00.000,I 20,I 20 and Mm 41,,Sideswipe-Same Direction,2,Clear,Dry,Daylight
2021-07-14T10:42:00.000,I 20,I 20 and Mm 41,,Sideswipe-Same Direction,2,Clear,Dry,Daylight
2021-12-18T18:56:00.000,I 20,I 20 and Mm 41,,Rear End,2,Rain,Wet,Dark-Not Lighted
2021-01-12T06:15:00.000,I 20,I 20 and Mm 41,,Rear End,2,Cloudy,Wet,Dark-Not Lighted
2021-12-05T16:42:00.000,I 20,I 20 and Mm 41,,Angle Crash,2,Clear,Dry,Daylight
2021-02-23T07:05:00.000,I 20,I 20 and Mm 41,,Rear End,2,Clear,Dry,Dawn
2023-07-22T20:00:00.000,I 20,I 20 and Mm 41,,Sideswipe-Same Direction,2,Clear,Dry,Daylight
2023-07-18T19:16:00.000,I 20,I 20 and Mm 41,,Angle Crash,2,Clear,Dry,Daylight
2023-04-16T04:25:00.000,I 20,I 20 and Mm 41,,Sideswipe-Same Direction,2,Rain,Wet,Dark-Not Lighted
2023-06-29T15:57:00.000,I 20,I 20 and Mm 41,,Angle Crash,2,Clear,Dry,Daylight
2023-04-07T15:27:00.000,I 20,I 20 and Mm 41,,Angle Crash,2,Clear,Dry,Daylight
2023-05-18T19:39:00.000,I 20,I 20 and Mm 41,,Not a Collision with Motor Vehicle,2,Cloudy,Dry,Daylight
2023-01-13T18:57:00.000,I 20,I 20 and Mm 41,,Rear End,2,Cloudy,Dry,Dark-Not Lighted
2021-02-02T18:15:00.000,I 20,I 20 and Mm 41,,Angle Crash,2,Clear,Dry,Dusk
2020-11-10T12:40:00.000,I 20,I 20 and Mm 41,,Sideswipe-Same Direction,2,Rain,Wet,Daylight
2020-06-12T16:58:00.000,I 20,I 20 and Mm 41,,Not a Collision with Motor Vehicle,2,Clear,Dry,Daylight
2021-01-07T03:35:00.000,I 20,I 20 and Mm 41,,Sideswipe-Same Direction,2,Clear,Dry,Dark-Not Lighted
2021-01-14T12:45:00.000,I 20,I 20 and Mm 41,,Not a Collision with Motor Vehicle,1,Clear,Dry,Daylight
2021-06-05T06:44:00.000,I 20,I 20 and Mm 41,,Sideswipe-Same Direction,2,Cloudy,Dry,Daylight
2021-09-26T03:55:00.000,I 20,I 20 and Mm 41,,Rear End,2,Clear,Dry,Dark-Not Lighted
2021-10-10T06:56:00.000,I 20,I 20 and Mm 41,,Rear End,2,Clear,Dry,Dark-Not Lighted
2021-11-28T16:06:00.000,I 20,I 20 and Mm 41,,Rear End,2,Cloudy,Dry,Daylight
2021-10-04T10:00:00.000,I 20,I 20 and Mm 41,,Rear End,2,Rain,Wet,Daylight
2022-08-22T06:23:00.000,I 20,I 20 and Mm 41,,Rear End,2,Clear,Dry,Daylight
2022-10-03T17:19:00.000,I 20,I 20 and Mm 41,,Rear End,2,Clear,Dry,Daylight
2022-03-09T03:07:00.000,I 20,I 20 and Mm 41,,Rear End,2,Rain,Wet,Dark-Not Lighted
2022-04-26T07:37:00.000,I 20,I 20 and Mm 41,,Rear End,2,Clear,Dry,Daylight
2022-11-30T01:15:00.000,I 20,I 20 and Mm 41,,Not a Collision with Motor Vehicle,1,Rain,Wet,Dark-Not Lighted
2022-12-27T17:18:00.000,I 20,I 20 and Mm 41,,Rear End,2,Clear,Dry,Daylight
2022-08-16T17:50:00.000,I 20,I 20 and Mm 41,,Rear End,2,Clear,Dry,Daylight
2022-03-23T18:10:00.000,I 20,I 20 and Mm 41,,Head On,3,Cloudy,Dry,Daylight
2023-07-20T10:00:00.000,I 20,I 20 and Mm 41,,Angle Crash,2,Clear,Dry,Daylight
2024-08-15T09:40:00.000,I 20,I 20 and Mm 41,,Sideswipe-Same Direction,2,Cloudy,Dry,Daylight
2024-06-30T00:05:00.000,I 20,I 20 and Mm 41,,Sideswipe-Same Direction,2,Clear,Dry,Dark-Not Lighted
2024-06-02T17:28:00.000,I 20,I 20 and Mm 41,,Not a Collision with Motor Vehicle,1,Clear,Dry,Daylight
2024-11-22T15:15:00.000,I 20,I 20 and Mm 41,,Not a Collision with Motor Vehicle,1,Clear,Dry,Daylight
2024-10-03T16:00:00.000,I 20,I 20 and Mm 41,,Rear End,1,Clear,Dry,Daylight
2023-05-26T17:43:00.000,I 20,I 20 and Mm 41,,Angle Crash,2,Clear,Dry,Daylight
2023-11-29T17:58:00.000,I 20,I 20 and Mm 41,,Rear End,2,Clear,Dry,Dark-Not Lighted
2023-08-16T20:01:00.000,I 20,I 20 and Mm 41,,Sideswipe-Same Direction,2,Clear,Dry,Daylight
2024-08-08T23:37:00.000,I 20,I 20 and Mm 41,,Rear End,2,Cloudy,Dry,Dark-Not Lighted
2024-05-24T16:28:00.000,I 20,I 20 and Mm 41,,Rear End,3,Cloudy,Dry,Daylight
2024-11-20T19:50:00.000,I 20,I 20 and Mm 41,,Rear End,3,Clear,Dry,Dark-Not Lighted
2024-07-01T06:10:00.000,I 20,I 20 and Mm 41,,Not a Collision with Motor Vehicle,1,Clear,Dry,Dawn
2024-08-13T08:55:00.000,I 20,I 20 and Mm 41,,Sideswipe-Same Direction,2,Clear,Dry,Daylight
2024-10-31T18:31:00.000,I 20,I 20 and Mm 41,,Rear End,2,Clear,Dry,Dusk
2024-07-10T18:34:00.000,I 20,I 20 and Mm 41,,Rear End,2,Clear,Dry,Daylight
2024-11-20T08:07:00.000,I 20,I 20 and Mm 41,,Rear End,3,Rain,Wet,Daylight
2024-02-01T17:45:00.000,I 20,I 20 and Mm 41,,Rear End,2,Clear,Dry,Daylight
2024-03-01T12:16:00.000,I 20,I 20 and Mm 41,,Rear End,2,Rain,Wet,Daylight
2024-06-08T16:40:00.000,I 20,I 20 and Mm 41,,Rear End,2,Clear,Dry,Daylight
2024-03-19T10:06:00.000,I 20,I 20 and Mm 41,,Rear End,2,Clear,Dry,Dark-Not Lighted
2022-10-02T15:53:00.000,I 20,I 20 and Mm 40.5,,Rear End,2,Cloudy,Dry,Daylight
2024-05-25T05:26:00.000,I 20,I 20 and Mm 40.5,,Rear End,2,Cloudy,Dry,Dark-Not Lighted
2021-08-11T23:46:00.000,I 20,I 20 and Mm 40,,Rear End,2,Cloudy,Wet,Dark-Not Lighted