Date and Time,Roadway (From Crash Report),Intersection Name (from Crash Report),KABCO Severity,Manner of Collision (Crash Level) ,# of Vehicles per crash ,Weather Conditions (Crash Level),Surface Condition (Crash Level) ,Light Conditions (Crash Level)
2021-05-21T17:31:00.000,I 20,I 20 and Mm 40,,Sideswipe-Same Direction,2,Clear,Dry,Daylight
2021-06-10T21:16:00.000,I 20,I 20 and Mm 40,,Rear End,2,Cloudy,Wet,Dark-Not Lighted
2021-05-21T07:25:00.000,I 20,I 20 and Mm 40,,Sideswipe-Same Direction,2,Clear,Dry,Daylight
2021-05-09T14:20:00.000,I 20,I 20 and Mm 40,,Not a Collision with Motor Vehicle,1,Clear,Dry,Daylight
2023-05-22T18:04:00.000,I 20,I 20 and Mm 40,,Rear End,2,Rain,Wet,Daylight
2023-02-10T14:51:00.000,I 20,I 20 and Mm 40,,Rear End,2,Cloudy,Dry,Daylight
2023-05-22T09:07:00.000,I 20,I 20 and Mm 40,,Sideswipe-Same Direction,2,Clear,Dry,Daylight
2022-11-12T06:35:00.000,I 20,I 20 and Mm 40,,Not a Collision with Motor Vehicle,1,Clear,Dry,Dark-Lighted
2021-06-06T13:48:00.000,I 20,I 20 and Mm 40,,Sideswipe-Same Direction,3,Cloudy,Dry,Daylight
2021-06-16T09:50:00.000,I 20,I 20 and Mm 40,,Not a Collision with Motor Vehicle,1,Clear,Dry,Daylight
2021-06-08T01:40:00.000,I 20,I 20 and Mm 40,,Rear End,2,Clear,Dry,Dark-Not Lighted
2021-09-13T05:40:00.000,I 20,I 20 and Mm 40,,Sideswipe-Same Direction,2,Clear,Dry,Dark-Not Lighted
2021-09-08T08:00:00.000,I 20,I 20 and Mm 40,,Sideswipe-Same Direction,2,Cloudy,Dry,Daylight
2021-09-30T18:52:00.000,I 20,I 20 and Mm 40,,Not a Collision with Motor Vehicle,1,Clear,Dry,Daylight
2021-08-02T12:10:00.000,I 20,I 20 and Mm 40,,Rear End,2,Clear,Dry,Daylight
2021-10-19T06:22:00.000,I 20,I 20 and Mm 40,,Rear End,2,Clear,Dry,Dark-Not Lighted
2021-10-28T18:14:00.000,I 20,I 20 and Mm 40,,Rear End,2,Cloudy,Wet,Daylight
2022-08-28T01:10:00.000,I 20,I 20 and Mm 40,,Rear End,2,Cloudy,Wet,Dark-Not Lighted
2022-05-21T23:04:00.000,I 20,I 20 and Mm 40,,Not a Collision with Motor Vehicle,1,Clear,Dry,Dark-Not Lighted
2022-03-24T03:00:00.000,I 20,I 20 and Mm 40,,Sideswipe-Same Direction,2,Clear,Dry,Dark-Not Lighted
2021-11-26T05:28:00.000,I 20,I 20 and Mm 40,,Not a Collision with Motor Vehicle,1,Clear,Dry,Dark-Not Lighted
2022-02-08T13:09:00.000,I 20,I 20 and Mm 40,,Sideswipe-Same Direction,3,Clear,Dry,Daylight
2022-07-19T18:18:00.000,I 20,I 20 and Mm 40,,Rear End,2,Clear,Dry,Daylight
2022-05-23T07:21:00.000,I 20,I 20 and Mm 40,,Rear End,2,Rain,Wet,Daylight
2022-12-12T06:08:00.000,I 20,I 20 and Mm 40,,Rear End,3,Clear,Dry,Dark-Not Lighted
2022-05-06T14:53:00.000,I 20,I 20 and Mm 40,,Rear End,3,Clear,Dry,Daylight
2024-08-14T07:52:00.000,I 20,I 20 and Mm 40,,Rear End,4,Clear,Dry,Daylight
2023-07-04T23:16:00.000,I 20,I 20 and Mm 40,,Rear End,2,Clear,Wet,Dark-Not Lighted
2023-06-07T03:49:00.000,I 20,I 20 and Mm 40,,Rear End,2,Clear,Dry,Dark-Not Lighted
2024-06-26T08:20:00.000,I 20,I 20 and Mm 40,,Not a Collision with Motor Vehicle,1,Clear,Dry,Daylight
2024-08-14T07:51:00.000,I 20,I 20 and Mm 40,,Rear End,2,Clear,Dry,Daylight
2024-06-29T17:22:00.000,I 20,I 20 and Mm 40,,Sideswipe-Same Direction,2,Cloudy,Dry,Daylight
2024-03-10T13:55:00.000,I 20,I 20 and Mm 40,,Not a Collision with Motor Vehicle,1,Clear,Dry,Daylight
2024-10-23T07:10:00.000,I 20,I 20 and Mm 40,,Sideswipe-Same Direction,2,Clear,Dry,Daylight
2024-11-17T06:00:00.000,I 20,I 20 and Mm 40,,Head On,4,Clear,Dry,Dark-Not Lighted
2024-05-22T06:35:00.000,I 20,I 20 and Mm 40,,Rear End,3,Clear,Dry,Dawn
2024-01-18T17:41:00.000,I 20,I 20 and Mm 40,,Angle Crash,2,Clear,Dry,Dusk
2023-12-10T03:55:00.000,I 20,I 20 and Mm 4.5,,Not a Collision with Motor Vehicle,1,Rain,Wet,Dark-Not Lighted
2023-02-06T06:48:00.000,I 20,I 20 and Mm 39.4,,Rear End,4,Clear,Dry,Dark-Not Lighted
2021-11-24T19:45:00.000,I 20,I 20 and Mm 39,,Not a Collision with Motor Vehicle,1,Clear,Dry,Dark-Not Lighted
2021-09-30T20:40:00.000,I 20,I 20 and Mm 39,,Rear End,3,Clear,Dry,Dark-Not Lighted
2021-08-12T16:00:00.000,I 20,I 20 and Mm 39,,Rear End,2,Clear,Dry,Daylight
2021-12-09T07:39:00.000,I 20,I 20 and Mm 39,,Rear End,2,Clear,Dry,Dawn
2023-12-26T16:11:00.000,I 20,I 20 and Mm 39,,Angle Crash,1,Rain,Wet,Daylight
2023-08-06T16:00:00.000,I 20,I 20 and Mm 39,,Angle Crash,2,Rain,Wet,Daylight
2022-12-05T16:31:00.000,I 20,I 20 and Mm 39,,Rear End,2,Rain,Wet,Daylight
2020-03-25T14:28:00.000,I 20,I 20 and Mm 39,,Angle Crash,2,Clear,Dry,Daylight
2022-04-02T19:57:00.000,I 20,I 20 and Mm 39,,Rear End,4,Cloudy,Dry,Daylight
2022-05-10T10:45:00.000,I 20,I 20 and Mm 39,,Sideswipe-Same Direction,2,Clear,Dry,Daylight
2022-10-15T20:07:00.000,I 20,I 20 and Mm 39,,Rear End,2,Clear,Dry,Dark-Not Lighted
2022-09-03T10:10:00.000,I 20,I 20 and Mm 39,,Sideswipe-Same Direction,2,Cloudy,Dry,Daylight
2022-06-15T10:50:00.000,I 20,I 20 and Mm 39,,Rear End,3,Clear,Dry,Daylight
2022-07-14T10:25:00.000,I 20,I 20 and Mm 39,,Angle Crash,2,Clear,Dry,Daylight
2022-09-30T16:03:00.000,I 20,I 20 and Mm 39,,Rear End,3,Clear,Dry,Daylight
2022-06-01T17:20:00.000,I 20,I 20 and Mm 39,,Sideswipe-Same Direction,2,Clear,Dry,Daylight
2023-10-26T14:08:00.000,I 20,I 20 and Mm 39,,Rear End,2,Clear,Dry,Daylight
2024-09-07T20:10:00.000,I 20,I 20 and Mm 39,,Rear End,2,Clear,Dry,Dark-Not Lighted
2023-08-22T23:45:00.000,I 20,I 20 and Mm 39,,Angle Crash,2,Clear,Dry,Dark-Not Lighted
2023-10-26T13:43:00.000,I 20,I 20 and Mm 39,,Rear End,2,Clear,Dry,Daylight
2023-03-23T15:49:00.000,I 20,I 20 and Mm 39,,Rear End,4,Clear,Dry,Daylight
2024-07-09T15:12:00.000,I 20,I 20 and Mm 39,,Not a Collision with Motor Vehicle,2,Cloudy,Dry,Daylight
2024-03-10T14:20:00.000,I 20,I 20 and Mm 39,,Rear End,2,Clear,Dry,Daylight
2024-08-30T23:00:00.000,I 20,I 20 and Mm 39,,Rear End,3,Cloudy,Wet,Dark-Lighted
2024-05-29T00:45:00.000,I 20,I 20 and Mm 39,,Sideswipe-Same Direction,2,Clear,Dry,Dark-Not Lighted
2024-07-14T21:35:00.000,I 20,I 20 and Mm 39,,Angle Crash,2,Clear,Dry,Dark-Not Lighted
2024-08-30T23:00:00.000,I 20,I 20 and Mm 39,,Sideswipe-Same Direction,2,Cloudy,Wet,Dark-Lighted
2024-07-03T17:25:00.000,I 20,I 20 and Mm 39,,Rear End,2,Clear,Dry,Daylight
2023-09-28T15:14:00.000,I 20,I 20 and Mm 38.8,,Sideswipe-Same Direction,3,Clear,Dry,Daylight
2024-04-09T07:03:00.000,I 20,I 20 and Mm 38.8,,Rear End,2,Rain,Wet,Daylight
2022-12-06T15:10:00.000,I 20,I 20 and Mm 38.7,,Sideswipe-Same Direction,2,Fog,Wet,Daylight
2024-11-19T06:24:00.000,I 20,I 20 and Mm 38.6,,Rear End,2,Rain,Wet,Dark-Not Lighted
2021-07-28T20:20:00.000,I 20,I 20 and Mm 38,,Not a Collision with Motor Vehicle,1,Clear,Dry,Dark-Not Lighted
2021-12-17T07:10:00.000,I 20,I 20 and Mm 38,,Rear End,2,Cloudy,Dry,Dawn
2020-11-05T16:35:00.000,I 20,I 20 and Mm 38,,Sideswipe-Same Direction,2,Clear,Dry,Daylight
2023-07-25T14:12:00.000,I 20,I 20 and Mm 38,,Not a Collision with Motor Vehicle,1,Clear,Dry,Daylight
2023-07-03T14:40:00.000,I 20,I 20 and Mm 38,,Not a Collision with Motor Vehicle,1,Clear,Dry,Daylight
2021-05-12T16:43:00.000,I 20,I 20 and Mm 38,,Sideswipe-Same Direction,2,Cloudy,Wet,Daylight
2021-09-16T05:55:00.000,I 20,I 20 and Mm 38,,Rear End,3,Rain,Wet,Dark-Not Lighted
2021-08-14T04:45:00.000,I 20,I 20 and Mm 38,,Rear End,2,Clear,Dry,Dark-Not Lighted
2022-11-10T05:23:00.000,I 20,I 20 and Mm 38,,Rear End,2,Clear,Dry,Dark-Not Lighted
2022-07-29T13:06:00.000,I 20,I 20 and Mm 38,,Sideswipe-Same Direction,2,Clear,Dry,Daylight
2021-12-06T07:03:00.000,I 20,I 20 and Mm 38,,Rear End,3,Cloudy,Dry,Dusk
2022-08-25T06:30:00.000,I 20,I 20 and Mm 38,,Rear End,2,Rain,Wet,Dark-Not Lighted
2022-08-23T18:06:00.000,I 20,I 20 and Mm 38,,Sideswipe-Same Direction,2,Cloudy,Dry,Daylight
2022-07-19T05:15:00.000,I 20,I 20 and Mm 38,,Sideswipe-Same Direction,2,Rain,Wet,Dark-Not Lighted
2022-02-27T23:40:00.000,I 20,I 20 and Mm 38,,Sideswipe-Same Direction,2,Cloudy,Wet,Dark-Not Lighted
2023-10-24T16:08:00.000,I 20,I 20 and Mm 38,,(None),1,(None),(None),(None)
2023-03-23T09:57:00.000,I 20,I 20 and Mm 38,,Sideswipe-Same Direction,3,Cloudy,Dry,Daylight
2023-06-24T01:47:00.000,I 20,I 20 and Mm 38,,Rear End,1,Clear,Dry,Dark-Not Lighted
2023-11-08T15:45:00.000,I 20,I 20 and Mm 38,,Sideswipe-Same Direction,2,Clear,Dry,Daylight
2023-01-26T17:34:00.000,I 20,I 20 and Mm 38,,Sideswipe-Same Direction,2,Clear,Dry,Daylight
2024-11-10T18:00:00.000,I 20,I 20 and Mm 38,,Rear End,2,Clear,Dry,Dark-Not Lighted
2024-01-14T13:01:00.000,I 20,I 20 and Mm 38,,Angle Crash,2,Clear,Dry,Daylight
2024-12-13T00:41:00.000,I 20,I 20 and Mm 38,,Angle Crash,2,Clear,Dry,Dark-Not Lighted
2024-12-14T17:35:00.000,I 20,I 20 and Mm 37.5,,Sideswipe-Same Direction,2,Clear,Dry,Dark-Not Lighted
2021-01-28T12:20:00.000,I 20,I 20 and Mm 37,,Sideswipe-Same Direction,3,Clear,Dry,Daylight
2021-12-17T07:34:00.000,I 20,I 20 and Mm 37,,Rear End,2,Fog,Dry,Dawn
2023-07-17T07:30:00.000,I 20,I 20 and Mm 37,,Not a Collision with Motor Vehicle,1,Clear,Dry,Daylight
2023-11-15T16:41:00.000,I 20,I 20 and Mm 37,,Rear End,2,Clear,Dry,Daylight
2020-09-22T02:40:00.000,I 20,I 20 and Mm 37,,Angle Crash,2,Clear,Dry,Dark-Not Lighted
2020-07-24T02:30:00.000,I 20,I 20 and Mm 37,,Sideswipe-Same Direction,2,Clear,Dry,Dark-Lighted
2021-03-08T15:53:00.000,I 20,I 20 and Mm 37,,Sideswipe-Same Direction,2,Clear,Dry,Daylight
2022-11-15T09:54:00.000,I 20,I 20 and Mm 37,,Sideswipe-Same Direction,3,Rain,Wet,Daylight
2022-05-09T13:50:00.000,I 20,I 20 and Mm 37,,Sideswipe-Same Direction,2,Clear,Dry,Daylight
2022-05-09T13:25:00.000,I 20,I 20 and Mm 37,,Rear End,2,Clear,Dry,Daylight
2022-11-08T07:53:00.000,I 20,I 20 and Mm 37,,Sideswipe-Same Direction,2,Clear,Dry,Daylight
2024-07-01T23:27:00.000,I 20,I 20 and Mm 37,,Sideswipe-Same Direction,2,Clear,Dry,Dark-Not Lighted
2024-07-16T22:35:00.000,I 20,I 20 and Mm 37,,Rear End,2,Clear,Dry,Dark-Not Lighted
2023-11-06T18:57:00.000,I 20,I 20 and Mm 36,,Rear End,3,Clear,Dry,Dark-Not Lighted
2022-11-22T10:40:00.000,I 20,I 20 and Mm 36,,Sideswipe-Same Direction,2,Cloudy,Dry,Daylight
2024-10-30T06:30:00.000,I 20,I 20 and Mm 36,,Sideswipe-Same Direction,3,Clear,Dry,Dark-Not Lighted
2024-10-02T07:58:00.000,I 20,I 20 and Mm 36,,Sideswipe-Same Direction,2,Clear,Dry,Daylight
2023-05-04T07:06:00.000,I 20,I 20 and Mm 35,,Rear End,2,Clear,Dry,Daylight
2022-06-03T11:12:00.000,I 20,I 20 and Mm 34.5,,Sideswipe-Same Direction,2,Cloudy,Dry,Daylight
2024-09-21T17:38:00.000,I 20,I 20 and Mm 34     Exit Rp,,Sideswipe-Same Direction,2,Cloudy,Dry,Daylight
2023-01-09T01:42:00.000,I 20,I 20 and Mm 34,,Angle Crash,2,Clear,Dry,Dark-Not Lighted
2022-07-10T15:17:00.000,I 20,I 20 and Mm 34,,Sideswipe-Same Direction,2,Cloudy,Dry,Daylight
2021-08-04T18:05:00.000,I 20,I 20 and Mm 34,,Not a Collision with Motor Vehicle,1,Clear,Dry,Daylight
2021-12-15T07:01:00.000,I 20,I 20 and Mm 33.5,,Rear End,2,Cloudy,Dry,Dawn
2021-09-11T22:10:00.000,I 20,I 20 and Mm 33,,Rear End,3,Cloudy,Dry,Dark-Not Lighted
2021-08-03T10:20:00.000,I 20,I 20 and Mm 33,,Rear End,2,Clear,Dry,Daylight
2021-09-20T04:51:00.000,I 20,I 20 and Mm 33,,Angle Crash,3,Rain,Wet,Dark-Not Lighted
2023-01-09T02:04:00.000,I 20,I 20 and Mm 33,,Angle Crash,2,Cloudy,Wet,Dark-Not Lighted
2023-11-07T00:52:00.000,I 20,I 20 and Mm 33,,(None),1,(None),(None),(None)
2020-09-25T01:40:00.000,I 20,I 20 and Mm 33,,Rear End,2,Rain,Wet,Dark-Not Lighted
2020-08-26T16:55:00.000,I 20,I 20 and Mm 33,,Not a Collision with Motor Vehicle,1,Clear,Dry,Daylight
2020-09-18T12:45:00.000,I 20,I 20 and Mm 33,,Sideswipe-Same Direction,2,Cloudy,Dry,Daylight
2020-10-05T05:25:00.000,I 20,I 20 and Mm 33,,Not a Collision with Motor Vehicle,1,Clear,Dry,Dark-Not Lighted
2021-10-10T10:23:00.000,I 20,I 20 and Mm 33,,Sideswipe-Same Direction,2,Clear,Dry,Daylight
2021-09-13T14:50:00.000,I 20,I 20 and Mm 33,,Not a Collision with Motor Vehicle,1,Clear,Dry,Daylight
2022-01-03T06:05:00.000,I 20,I 20 and Mm 33,,Rear End,2,Cloudy,Wet,Dark-Not Lighted
2024-05-06T00:38:00.000,I 20,I 20 and Mm 33,,Rear End,2,Rain,(None),Dark-Not Lighted
2024-03-31T11:43:00.000,I 20,I 20 and Mm 33,,Angle Crash,2,Clear,Dry,Daylight
2021-03-08T15:35:00.000,I 20,I 20 and Mm 325,,Not a Collision with Motor Vehicle,1,Clear,Dry,Daylight
2022-07-19T16:31:00.000,I 20,I 20 and Mm 32.5,,Not a Collision with Motor Vehicle,1,Rain,Wet,Daylight
2023-07-12T18:01:00.000,I 20,I 20 and Mm 32.2,,Sideswipe-Same Direction,2,Rain,Wet,Daylight
2021-06-10T16:40:00.000,I 20,I 20 and Mm 32,,Not a Collision with Motor Vehicle,1,Cloudy,Wet,Daylight
2023-11-17T13:53:00.000,I 20,I 20 and Mm 32,,Sideswipe-Same Direction,2,Cloudy,Dry,Daylight
2023-03-29T15:39:00.000,I 20,I 20 and Mm 32,,Sideswipe-Same Direction,2,Clear,Dry,Daylight
2023-08-11T18:03:00.000,I 20,I 20 and Mm 32,,Not a Collision with Motor Vehicle,1,Clear,Dry,Daylight
2021-07-30T15:58:00.000,I 20,I 20 and Mm 32,,Not a Collision with Motor Vehicle,3,Clear,Dry,Daylight
2022-11-06T12:50:00.000,I 20,I 20 and Mm 32,,Sideswipe-Same Direction,2,Clear,Dry,Daylight
2022-01-16T05:15:00.000,I 20,I 20 and Mm 32,,Not a Collision with Motor Vehicle,2,Clear,Wet,Dark-Not Lighted
2022-05-30T00:29:00.000,I 20,I 20 and Mm 32,,Sideswipe-Same Direction,2,Clear,Dry,Dark-Not Lighted
2024-10-18T01:25:00.000,I 20,I 20 and Mm 32,,Sideswipe-Same Direction,2,Clear,Dry,Dark-Not Lighted
2024-12-11T19:26:00.000,I 20,I 20 and Mm 32,,Sideswipe-Same Direction,2,Clear,Dry,Dark-Not Lighted
2024-06-13T21:15:00.000,I 20,I 20 and Mm 32,,Rear End,2,Clear,Dry,Dusk
2024-06-13T07:10:00.000,I 20,I 20 and Mm 32,,Sideswipe-Same Direction,2,Clear,Dry,Daylight
2024-08-21T09:10:00.000,I 20,I 20 and Mm 32,,Angle Crash,2,Clear,Dry,Daylight
2021-03-06T16:32:00.000,I 20,I 20 and Mm 31,,Rear End,3,Clear,Dry,Daylight
2021-12-26T23:10:00.000,I 20,I 20 and Mm 31,,Not a Collision with Motor Vehicle,1,Fog,Dry,Dark-Not Lighted
2021-10-24T22:01:00.000,I 20,I 20 and Mm 31,,Rear End,2,Clear,Dry,Dark-Not Lighted
2021-03-05T05:41:00.000,I 20,I 20 and Mm 31,,Rear End,2,Clear,Dry,Dark-Not Lighted
2023-08-06T14:05:00.000,I 20,I 20 and Mm 31,,Rear End,3,Rain,Wet,Daylight
2023-07-12T00:00:00.000,I 20,I 20 and Mm 31,,Rear End,3,Rain,Wet,Daylight
2020-02-10T09:50:00.000,I 20,I 20 and Mm 31,,Angle Crash,3,Cloudy,Dry,Daylight
2021-02-20T21:57:00.000,I 20,I 20 and Mm 31,,Sideswipe-Same Direction,1,Clear,Dry,Dark-Not Lighted
2022-10-15T22:07:00.000,I 20,I 20 and Mm 31,,Angle Crash,2,Clear,Dry,Dark-Not Lighted
2022-10-01T04:00:00.000,I 20,I 20 and Mm 31,,Sideswipe-Same Direction,2,Clear,Dry,Dark-Not Lighted
2021-11-01T09:51:00.000,I 20,I 20 and Mm 31,,Sideswipe-Same Direction,2,Clear,Dry,Daylight
2021-09-17T08:26:00.000,I 20,I 20 and Mm 31,,Sideswipe-Same Direction,2,Cloudy,Dry,Daylight
2022-01-30T01:00:00.000,I 20,I 20 and Mm 31,,Not a Collision with Motor Vehicle,1,Clear,Dry,Dark-Not Lighted
2022-10-24T08:20:00.000,I 20,I 20 and Mm 31,,Not a Collision with Motor Vehicle,1,Clear,Dry,Daylight
2022-08-08T01:55:00.000,I 20,I 20 and Mm 31,,Not a Collision with Motor Vehicle,1,Clear,Dry,Dark-Not Lighted
2024-12-17T20:50:00.000,I 20,I 20 and Mm 31,,Rear End,2,Clear,Dry,Dark-Not Lighted
2023-07-18T17:49:00.000,I 20,I 20 and Mm 31,,Angle Crash,2,Clear,Dry,Daylight
2023-05-22T16:20:00.000,I 20,I 20 and Mm 31,,Sideswipe-Same Direction,2,Cloudy,Dry,Daylight
2023-07-06T10:03:00.000,I 20,I 20 and Mm 31,,Rear End,2,Clear,Dry,Daylight
2024-07-24T18:40:00.000,I 20,I 20 and Mm 31,,Angle Crash,1,Rain,Wet,Daylight
2024-10-29T20:24:00.000,I 20,I 20 and Mm 31,,Sideswipe-Same Direction,2,Clear,Dry,Dark-Not Lighted
2024-03-19T12:00:00.000,I 20,I 20 and Mm 31,,Sideswipe-Same Direction,2,Clear,Dry,Daylight
2024-06-18T07:20:00.000,I 20,I 20 and Mm 31,,Not a Collision with Motor Vehicle,1,Clear,Dry,Daylight
2024-07-28T04:10:00.000,I 20,I 20 and Mm 31,,Rear End,2,Clear,Wet,Daylight
2024-06-05T22:23:00.000,I 20,I 20 and Mm 31,,Not a Collision with Motor Vehicle,1,Clear,Dry,Dark-Not Lighted
2024-05-15T17:01:00.000,I 20,I 20 and Mm 30.8,,Rear End,2,Clear,Dry,Daylight
2024-10-04T19:54:00.000,I 20,I 20 and Mm 30.2,,Rear End,2,Clear,Dry,Dark-Not Lighted
2024-10-30T11:50:00.000,I 20,I 20 and Mm 30 Off Rp,,Not a Collision with Motor Vehicle,1,Cloudy,Dry,Daylight
2024-10-24T20:50:00.000,I 20,I 20 and Mm 30 - Mm 34,,Sideswipe-Same Direction,2,Clear,Dry,Dark-Not Lighted
2021-08-31T17:00:00.000,I 20,I 20 and Mm 30,,Rear End,2,Cloudy,Wet,Daylight
2023-06-21T08:19:00.000,I 20,I 20 and Mm 30,,Rear End,2,Cloudy,Dry,Daylight
2022-05-20T00:30:00.000,I 20,I 20 and Mm 30,,Sideswipe-Same Direction,2,Clear,Dry,Dark-Lighted
2020-10-18T00:21:00.000,I 20,I 20 and Mm 30,,Not a Collision with Motor Vehicle,1,Clear,Dry,Dark-Not Lighted
2020-09-17T12:45:00.000,I 20,I 20 and Mm 30,,Not a Collision with Motor Vehicle,1,Cloudy,Wet,Daylight
2020-10-27T08:56:00.000,I 20,I 20 and Mm 30,,Angle Crash,2,Cloudy,Dry,Daylight
2020-11-24T05:35:00.000,I 20,I 20 and Mm 30,,Rear End,2,Clear,Dry,Dark-Not Lighted
2021-03-16T13:17:00.000,I 20,I 20 and Mm 30,,Angle Crash,2,Rain,Wet,Daylight
2022-02-01T04:40:00.000,I 20,I 20 and Mm 30,,Rear End,2,Clear,Dry,Dark-Not Lighted
2022-10-21T18:24:00.000,I 20,I 20 and Mm 30,,Angle Crash,2,Clear,Dry,Daylight
2022-01-27T06:34:00.000,I 20,I 20 and Mm 30,,Rear End,2,Clear,Dry,Dark-Not Lighted
2022-11-14T18:00:00.000,I 20,I 20 and Mm 30,,Sideswipe-Same Direction,2,Clear,Dry,Dark-Not Lighted
2023-04-10T10:05:00.000,I 20,I 20 and Mm 30,,Not a Collision with Motor Vehicle,1,Clear,Dry,Daylight
2023-11-28T19:45:00.000,I 20,I 20 and Mm 30,,Sideswipe-Same Direction,2,Cloudy,Dry,Dark-Not Lighted
2023-12-15T19:37:00.000,I 20,I 20 and Mm 30,,Angle Crash,2,Clear,Dry,Dark-Not Lighted
2024-04-03T06:39:00.000,I 20,I 20 and Mm 30,,Sideswipe-Same Direction,2,Cloudy,Dry,Dawn
2024-10-16T08:12:00.000,I 20,I 20 and Mm 30,,Rear End,2,Clear,Dry,Daylight
2024-11-01T16:02:00.000,I 20,I 20 and Mm 30,,Sideswipe-Same Direction,2,Clear,Dry,Daylight
2024-11-22T11:48:00.000,I 20,I 20 and Mm 30,,Rear End,3,Clear,Dry,Daylight
2024-09-26T14:18:00.000,I 20,I 20 and Mm 30,,Sideswipe-Same Direction,2,Rain,Wet,Daylight
2024-11-24T07:28:00.000,I 20,I 20 and Mm 30,,Not a Collision with Motor Vehicle,1,Clear,Dry,Daylight
2024-06-24T19:44:00.000,I 20,I 20 and Mm 30,,Not a Collision with Motor Vehicle,2,Clear,Dry,Daylight
2024-09-25T06:27:00.000,I 20,I 20 and Mm 30,,Sideswipe-Same Direction,3,Cloudy,Dry,Dark-Not Lighted
2024-05-19T02:14:00.000,I 20,I 20 and Mm 30,,Not a Collision with Motor Vehicle,1,Cloudy,Wet,Dark-Not Lighted
2024-12-10T23:50:00.000,I 20,I 20 and Mm 30,,Angle Crash,2,Rain,Wet,Dark-Not Lighted
2024-02-06T10:33:00.000,I 20,I 20 and Mm 30,,Sideswipe-Same Direction,2,Clear,Dry,Daylight
2024-05-27T08:50:00.000,I 20,I 20 and Mm 3.5,,Not a Collision with Motor Vehicle,1,Rain,Wet,Daylight
2021-04-11T23:50:00.000,I 20,I 20 and Mm 29,,Angle Crash,2,Clear,Dry,Dark-Not Lighted
2021-12-06T13:05:00.000,I 20,I 20 and Mm 29,,Sideswipe-Same Direction,2,Rain,Wet,Daylight
2021-12-27T23:25:00.000,I 20,I 20 and Mm 29,,Rear End,2,Clear,Dry,Dark-Not Lighted
2021-08-03T19:16:00.000,I 20,I 20 and Mm 29,,Not a Collision with Motor Vehicle,1,Cloudy,Dry,Daylight
2020-10-11T11:50:00.000,I 20,I 20 and Mm 29,,Not a Collision with Motor Vehicle,2,Rain,Wet,Daylight
2021-06-01T01:16:00.000,I 20,I 20 and Mm 29,,Rear End,2,Cloudy,Dry,Dark-Not Lighted
2021-07-16T10:30:00.000,I 20,I 20 and Mm 29,,Sideswipe-Same Direction,2,Cloudy,Dry,Daylight
2021-12-29T10:40:00.000,I 20,I 20 and Mm 29,,Sideswipe-Same Direction,2,Rain,Wet,Daylight
2022-05-16T16:02:00.000,I 20,I 20 and Mm 29,,Sideswipe-Same Direction,2,Cloudy,Dry,Daylight
2023-01-02T20:45:00.000,I 20,I 20 and Mm 29,,Not a Collision with Motor Vehicle,1,Cloudy,Wet,Dark-Not Lighted
2023-12-04T07:26:00.000,I 20,I 20 and Mm 29,,Sideswipe-Same Direction,2,Clear,Dry,Daylight
2024-12-24T14:20:00.000,I 20,I 20 and Mm 29,,Rear End,2,Clear,Dry,Daylight
2024-05-01T19:19:00.000,I 20,I 20 and Mm 29,,Not a Collision with Motor Vehicle,1,Clear,Dry,Daylight
2021-08-31T11:08:00.000,I 20,I 20 and Mm 285,,Not a Collision with Motor Vehicle,1,Rain,Wet,Daylight
2024-11-13T12:20:00.000,I 20,I 20 and Mm 28.6,,Sideswipe-Same Direction,2,Clear,Dry,Daylight
2021-11-30T06:14:00.000,I 20,I 20 and Mm 28,,Sideswipe-Same Direction,2,Clear,Dry,Daylight
2021-07-02T04:10:00.000,I 20,I 20 and Mm 28,,Rear End,2,Clear,Dry,Dark-Not Lighted
2021-09-27T17:21:00.000,I 20,I 20 and Mm 28,,Not a Collision with Motor Vehicle,2,Clear,Dry,Daylight
2023-04-09T23:10:00.000,I 20,I 20 and Mm 28,,Sideswipe-Same Direction,2,Clear,Dry,Dark-Not Lighted
2022-04-26T21:08:00.000,I 20,I 20 and Mm 28,,Sideswipe-Same Direction,1,Clear,Dry,Dark-Not Lighted
2020-11-26T02:09:00.000,I 20,I 20 and Mm 28,,Not a Collision with Motor Vehicle,1,Rain,Wet,Dark-Not Lighted
2021-02-25T19:40:00.000,I 20,I 20 and Mm 28,,Sideswipe-Same Direction,2,Clear,Dry,Dark-Not Lighted
2021-07-01T06:05:00.000,I 20,I 20 and Mm 28,,Sideswipe-Same Direction,2,Cloudy,Dry,Dawn
2021-07-01T07:40:00.000,I 20,I 20 and Mm 28,,Rear End,2,Cloudy,Dry,Daylight
2021-11-01T00:00:00.000,I 20,I 20 and Mm 28,,Sideswipe-Same Direction,2,Cloudy,Dry,Dark-Not Lighted
2022-06-16T19:20:00.000,I 20,I 20 and Mm 28,,Not a Collision with Motor Vehicle,1,Clear,Dry,Daylight
2022-12-20T23:43:00.000,I 20,I 20 and Mm 28,,Rear End,2,Clear,Dry,Dark-Not Lighted
2022-07-11T14:41:00.000,I 20,I 20 and Mm 28,,Sideswipe-Same Direction,2,Cloudy,Dry,Daylight
2022-11-23T10:00:00.000,I 20,I 20 and Mm 28,,Rear End,2,Clear,Dry,Daylight
2022-08-27T00:40:00.000,I 20,I 20 and Mm 28,,Not a Collision with Motor Vehicle,1,Clear,Dry,Dark-Not Lighted
2023-10-30T07:45:00.000,I 20,I 20 and Mm 28,,(None),1,(None),(None),(None)
2024-03-08T16:10:00.000,I 20,I 20 and Mm 28,,Sideswipe-Same Direction,2,Rain,Wet,Daylight
2024-07-12T08:00:00.000,I 20,I 20 and Mm 28,,Sideswipe-Same Direction,2,Clear,Dry,Daylight
2024-02-13T10:24:00.000,I 20,I 20 and Mm 28,,Sideswipe-Same Direction,2,Clear,Dry,Daylight
2024-01-19T14:35:00.000,I 20,I 20 and Mm 28,,Rear End,3,Clear,Dry,Daylight
2023-10-01T14:38:00.000,I 20,I 20 and Mm 27.8,,(None),2,(None),(None),(None)
2022-10-22T08:43:00.000,I 20,I 20 and Mm 27.7,,Rear End,3,Clear,Dry,Daylight