Date and Time,Roadway (From Crash Report),Intersection Name (from Crash Report),KABCO Severity,Manner of Collision (Crash Level) ,# of Vehicles per crash ,Weather Conditions (Crash Level),Surface Condition (Crash Level) ,Light Conditions (Crash Level)
2022-06-24T19:22:00.000,I 20,I 20 and Mm 27.5,,Not a Collision with Motor Vehicle,1,Cloudy,Wet,Daylight
2021-07-13T14:26:00.000,I 20,I 20 and Mm 27,,Angle Crash,2,Clear,Dry,Daylight
2023-10-13T06:23:00.000,I 20,I 20 and Mm 27,,Angle Crash,2,Cloudy,Dry,Dark-Not Lighted
2023-11-03T18:30:00.000,I 20,I 20 and Mm 27,,Angle Crash,2,Clear,Dry,Daylight
2023-04-18T20:15:00.000,I 20,I 20 and Mm 27,,Rear End,2,Clear,Dry,Dark-Not Lighted
2022-06-30T14:15:00.000,I 20,I 20 and Mm 27,,Sideswipe-Same Direction,2,Clear,Dry,Daylight
2020-11-16T22:38:00.000,I 20,I 20 and Mm 27,,Sideswipe-Same Direction,2,Clear,Dry,Daylight
2021-10-28T13:53:00.000,I 20,I 20 and Mm 27,,Not a Collision with Motor Vehicle,1,Rain,Wet,Daylight
2022-03-01T10:14:00.000,I 20,I 20 and Mm 27,,Rear End,2,Clear,Dry,Daylight
2024-09-18T06:30:00.000,I 20,I 20 and Mm 27,,Sideswipe-Same Direction,2,Clear,Dry,Dark-Lighted
2024-07-24T18:44:00.000,I 20,I 20 and Mm 27,,Not a Collision with Motor Vehicle,1,Rain,Wet,Daylight
2023-03-05T09:39:00.000,I 20,I 20 and Mm 27,,Sideswipe-Same Direction,2,Clear,Dry,Daylight
2023-06-14T14:20:00.000,I 20,I 20 and Mm 27,,Not a Collision with Motor Vehicle,1,Rain,Wet,Daylight
2023-06-23T12:03:00.000,I 20,I 20 and Mm 27,,Sideswipe-Same Direction,2,Clear,Dry,Daylight
2024-12-05T17:00:00.000,I 20,I 20 and Mm 27,,Rear End,2,Clear,Dry,Daylight
2024-12-29T04:11:00.000,I 20,I 20 and Mm 27,,Rear End,2,Rain,Wet,Dark-Not Lighted
2024-12-29T04:11:00.000,I 20,I 20 and Mm 27,,Not a Collision with Motor Vehicle,1,Rain,Wet,Dark-Not Lighted
2024-12-29T04:11:00.000,I 20,I 20 and Mm 27,,Not a Collision with Motor Vehicle,1,Rain,Wet,Dark-Not Lighted
2024-11-19T10:30:00.000,I 20,I 20 and Mm 26.7,,Not a Collision with Motor Vehicle,1,Rain,Wet,Daylight
2024-01-25T19:37:00.000,I 20,I 20 and Mm 26.6,,Sideswipe-Same Direction,2,Clear,Wet,Dark-Not Lighted
2024-11-20T08:15:00.000,I 20,I 20 and Mm 26.5,,Rear End,2,Clear,Wet,Daylight
2024-02-12T06:15:00.000,I 20,I 20 and Mm 26.5,,Not a Collision with Motor Vehicle,1,Rain,Wet,Dark-Not Lighted
2024-07-20T12:03:00.000,I 20,I 20 and Mm 26.5,,Not a Collision with Motor Vehicle,1,Rain,Wet,Daylight
2024-09-26T12:53:00.000,I 20,I 20 and Mm 26 Nr Exit Rp,,Rear End,3,Rain,Wet,Daylight
2021-07-18T15:30:00.000,I 20,I 20 and Mm 26,,Not a Collision with Motor Vehicle,1,Rain,Wet,Daylight
2021-03-31T16:40:00.000,I 20,I 20 and Mm 26,,Not a Collision with Motor Vehicle,1,Rain,Wet,Daylight
2020-10-10T18:35:00.000,I 20,I 20 and Mm 26,,Not a Collision with Motor Vehicle,1,Rain,Wet,Daylight
2020-03-05T14:27:00.000,I 20,I 20 and Mm 26,,Sideswipe-Same Direction,2,Clear,Wet,Daylight
2022-06-17T00:20:00.000,I 20,I 20 and Mm 26,,Angle Crash,2,Rain,Wet,Dark-Not Lighted
2021-07-18T22:51:00.000,I 20,I 20 and Mm 26,,Not a Collision with Motor Vehicle,1,Rain,Wet,Dark-Not Lighted
2022-11-22T13:30:00.000,I 20,I 20 and Mm 26,,Not a Collision with Motor Vehicle,2,Clear,Dry,Daylight
2022-07-14T18:04:00.000,I 20,I 20 and Mm 26,,Rear End,2,Clear,Dry,Daylight
2022-04-26T10:30:00.000,I 20,I 20 and Mm 26,,Not a Collision with Motor Vehicle,1,Rain,Wet,Daylight
2022-08-26T17:00:00.000,I 20,I 20 and Mm 26,,Sideswipe-Same Direction,2,Cloudy,Dry,Daylight
2022-12-14T20:45:00.000,I 20,I 20 and Mm 26,,Not a Collision with Motor Vehicle,1,Rain,Wet,Dark-Not Lighted
2024-04-20T11:33:00.000,I 20,I 20 and Mm 26,,Not a Collision with Motor Vehicle,1,Cloudy,Dry,Daylight
2024-09-26T16:30:00.000,I 20,I 20 and Mm 26,,Angle Crash,2,Rain,Wet,Daylight
2023-04-29T22:49:00.000,I 20,I 20 and Mm 26,,Not a Collision with Motor Vehicle,1,Rain,Wet,Dark-Not Lighted
2023-09-17T15:52:00.000,I 20,I 20 and Mm 26,,Not a Collision with Motor Vehicle,2,Clear,Dry,Daylight
2024-08-26T07:30:00.000,I 20,I 20 and Mm 26,,Not a Collision with Motor Vehicle,1,Clear,Dry,Dawn
2024-07-28T18:25:00.000,I 20,I 20 and Mm 26,,Not a Collision with Motor Vehicle,1,Rain,Wet,Daylight
2020-06-14T14:50:00.000,I 20,I 20 and Mm 25,,Not a Collision with Motor Vehicle,1,Rain,Wet,Daylight
2020-04-23T07:24:00.000,I 20,I 20 and Mm 25,,Angle Crash,2,Rain,Wet,Dark-Not Lighted
2021-05-22T16:10:00.000,I 20,I 20 and Mm 25,,Sideswipe-Same Direction,2,Clear,Dry,Daylight
2022-06-30T07:13:00.000,I 20,I 20 and Mm 25,,Sideswipe-Same Direction,2,Cloudy,Dry,Daylight
2023-09-16T09:34:00.000,I 20,I 20 and Mm 25,,Not a Collision with Motor Vehicle,1,Rain,Wet,Daylight
2024-08-26T08:00:00.000,I 20,I 20 and Mm 25,,Not a Collision with Motor Vehicle,1,Clear,Dry,Daylight
2024-12-11T07:02:00.000,I 20,I 20 and Mm 25,,Sideswipe-Same Direction,2,Clear,Dry,Daylight
2024-05-19T21:00:00.000,I 20,I 20 and Mm 25,,Not a Collision with Motor Vehicle,1,Clear,Dry,Dark-Lighted
2024-03-01T05:20:00.000,I 20,I 20 and Mm 25,,Sideswipe-Same Direction,2,Cloudy,Dry,Dusk
2024-08-13T11:19:00.000,I 20,I 20 and Mm 25,,Not a Collision with Motor Vehicle,1,(None),(None),(None)
2021-04-18T11:15:00.000,I 20,I 20 and Mm 245,,Not a Collision with Motor Vehicle,1,Clear,Dry,Daylight
2023-03-06T17:07:00.000,I 20,I 20 and Mm 24.5,,Rear End,2,Clear,Dry,Daylight
2024-09-03T21:00:00.000,I 20,I 20 and Mm 24.5,,Sideswipe-Same Direction,2,Clear,Dry,Dark-Not Lighted
2024-02-12T07:45:00.000,I 20,I 20 and Mm 24.5,,Not a Collision with Motor Vehicle,1,Rain,Wet,Dark-Not Lighted
2021-03-06T13:21:00.000,I 20,I 20 and Mm 24,,Rear End,2,Cloudy,Dry,Daylight
2021-03-29T20:30:00.000,I 20,I 20 and Mm 24,,Sideswipe-Same Direction,1,Clear,Dry,Dark-Not Lighted
2021-05-17T06:40:00.000,I 20,I 20 and Mm 24,,Sideswipe-Same Direction,2,Clear,Dry,Daylight
2021-03-05T10:55:00.000,I 20,I 20 and Mm 24,,Angle Crash,2,Clear,Dry,Daylight
2021-02-16T18:00:00.000,I 20,I 20 and Mm 24,,Sideswipe-Same Direction,2,Clear,Dry,Daylight
2021-04-23T19:00:00.000,I 20,I 20 and Mm 24,,Sideswipe-Same Direction,2,Clear,Dry,Dusk
2021-01-11T06:27:00.000,I 20,I 20 and Mm 24,,Not a Collision with Motor Vehicle,1,Clear,Dry,Dark-Not Lighted
2021-02-15T16:00:00.000,I 20,I 20 and Mm 24,,Rear End,3,Rain,Wet,Daylight
2020-10-25T16:14:00.000,I 20,I 20 and Mm 24,,Rear End,2,Cloudy,Dry,Daylight
2021-01-04T08:45:00.000,I 20,I 20 and Mm 24,,Sideswipe-Same Direction,2,Clear,Dry,Daylight
2021-04-22T07:52:00.000,I 20,I 20 and Mm 24,,Sideswipe-Same Direction,2,Clear,Dry,Daylight
2022-02-18T17:20:00.000,I 20,I 20 and Mm 24,,Not a Collision with Motor Vehicle,1,Clear,Dry,Daylight
2022-04-05T12:23:00.000,I 20,I 20 and Mm 24,,Not a Collision with Motor Vehicle,1,Rain,Wet,Daylight
2023-02-12T00:08:00.000,I 20,I 20 and Mm 24,,Not a Collision with Motor Vehicle,1,Rain,Wet,Dark-Not Lighted
2024-04-08T11:30:00.000,I 20,I 20 and Mm 24,,Sideswipe-Same Direction,2,Clear,Dry,Daylight
2024-05-26T04:30:00.000,I 20,I 20 and Mm 24,,Not a Collision with Motor Vehicle,1,Clear,Dry,Dark-Not Lighted
2023-04-19T18:53:00.000,I 20,I 20 and Mm 23.5,,Rear End,2,Clear,Dry,Daylight
2021-01-04T00:40:00.000,I 20,I 20 and Mm 23,,Not a Collision with Motor Vehicle,1,Clear,Dry,Dark-Not Lighted
2021-05-06T13:37:00.000,I 20,I 20 and Mm 23,,Sideswipe-Same Direction,2,Clear,Dry,Daylight
2023-10-30T16:51:00.000,I 20,I 20 and Mm 23,,Sideswipe-Same Direction,2,Clear,Dry,Daylight
2023-02-02T09:15:00.000,I 20,I 20 and Mm 23,,Not a Collision with Motor Vehicle,1,Rain,Wet,Daylight
2020-08-20T18:50:00.000,I 20,I 20 and Mm 23,,Rear End,4,Rain,Wet,Dusk
2020-11-21T21:48:00.000,I 20,I 20 and Mm 23,,Sideswipe-Same Direction,2,Clear,Dry,Daylight
2021-06-14T16:53:00.000,I 20,I 20 and Mm 23,,Rear End,2,Clear,Dry,Daylight
2022-10-28T14:56:00.000,I 20,I 20 and Mm 23,,Not a Collision with Motor Vehicle,2,Clear,Dry,Daylight
2022-09-08T12:00:00.000,I 20,I 20 and Mm 23,,Not a Collision with Motor Vehicle,1,Clear,Dry,Daylight
2022-02-21T15:46:00.000,I 20,I 20 and Mm 23,,Not a Collision with Motor Vehicle,1,Rain,Wet,Daylight
2024-04-13T14:41:00.000,I 20,I 20 and Mm 23,,Sideswipe-Same Direction,2,Clear,Dry,Daylight
2024-03-08T20:01:00.000,I 20,I 20 and Mm 23,,Not a Collision with Motor Vehicle,1,Rain,Wet,Dark-Not Lighted
2021-11-28T15:37:00.000,I 20,I 20 and Mm 22,,Rear End,2,Clear,Dry,Daylight
2021-04-18T12:10:00.000,I 20,I 20 and Mm 22,,Sideswipe-Same Direction,2,Clear,Dry,Daylight
2021-02-10T23:50:00.000,I 20,I 20 and Mm 22,,Not a Collision with Motor Vehicle,1,Cloudy,Dry,Dark-Not Lighted
2023-12-07T20:38:00.000,I 20,I 20 and Mm 22,,Angle Crash,2,Clear,Dry,Dark-Not Lighted
2020-12-21T13:37:00.000,I 20,I 20 and Mm 22,,Rear End,3,Clear,Dry,Daylight
2020-11-01T10:50:00.000,I 20,I 20 and Mm 22,,Sideswipe-Same Direction,2,Clear,Dry,Daylight
2020-09-25T22:40:00.000,I 20,I 20 and Mm 22,,Not a Collision with Motor Vehicle,1,Clear,Dry,Dark-Not Lighted
2020-02-16T16:53:00.000,I 20,I 20 and Mm 22,,Not a Collision with Motor Vehicle,2,Cloudy,Dry,Daylight
2021-02-24T15:40:00.000,I 20,I 20 and Mm 22,,Rear End,2,Clear,Dry,Daylight
2021-06-14T23:30:00.000,I 20,I 20 and Mm 22,,Sideswipe-Same Direction,2,Clear,Dry,Dark-Not Lighted
2021-10-23T13:50:00.000,I 20,I 20 and Mm 22,,Not a Collision with Motor Vehicle,1,Clear,Dry,Daylight
2022-12-21T04:05:00.000,I 20,I 20 and Mm 22,,Sideswipe-Same Direction,2,Clear,Dry,Dark-Not Lighted
2022-12-24T09:10:00.000,I 20,I 20 and Mm 22,,Rear End,2,Clear,Dry,Daylight
2024-06-07T16:00:00.000,I 20,I 20 and Mm 22,,Sideswipe-Same Direction,2,Clear,Dry,Daylight
2024-06-07T16:46:00.000,I 20,I 20 and Mm 22,,Rear End,2,Clear,Dry,Daylight
2023-03-29T06:59:00.000,I 20,I 20 and Mm 22,,Sideswipe-Same Direction,2,Clear,Dry,Dawn
2023-04-05T18:37:00.000,I 20,I 20 and Mm 22,,Sideswipe-Same Direction,2,Clear,Dry,Daylight
2023-06-09T20:35:00.000,I 20,I 20 and Mm 22,,Rear End,2,Clear,Dry,Daylight
2024-01-05T19:23:00.000,I 20,I 20 and Mm 22,,Not a Collision with Motor Vehicle,1,Clear,Dry,Dark-Not Lighted
2024-06-14T17:03:00.000,I 20,I 20 and Mm 22,,Rear End,2,Clear,Dry,Daylight
2021-01-18T13:50:00.000,I 20,I 20 and Mm 215,,Rear End,2,Clear,Dry,Daylight
2024-01-22T17:13:00.000,I 20,I 20 and Mm 21.5,,Sideswipe-Same Direction,2,Clear,Dry,Daylight
2024-06-28T19:56:00.000,I 20,I 20 and Mm 21.5,,Rear End,2,Clear,Dry,Daylight
2021-04-22T22:09:00.000,I 20,I 20 and Mm 21,,Sideswipe-Same Direction,2,Clear,Dry,Dark-Not Lighted
2021-02-06T07:00:00.000,I 20,I 20 and Mm 21,,Rear End,2,Cloudy,Dry,Dawn
2021-05-22T17:40:00.000,I 20,I 20 and Mm 21,,Angle Crash,2,Clear,Dry,Daylight
2021-07-26T08:44:00.000,I 20,I 20 and Mm 21,,Rear End,2,Clear,Dry,Daylight
2021-04-16T22:50:00.000,I 20,I 20 and Mm 21,,Sideswipe-Same Direction,3,Cloudy,Dry,Dark-Not Lighted
2023-11-29T17:02:00.000,I 20,I 20 and Mm 21,,Sideswipe-Same Direction,2,Cloudy,Dry,Daylight
2020-03-22T12:09:00.000,I 20,I 20 and Mm 21,,Sideswipe-Same Direction,2,Rain,Wet,Daylight
2020-12-01T15:34:00.000,I 20,I 20 and Mm 21,,Not a Collision with Motor Vehicle,2,Clear,Dry,Daylight
2020-12-10T15:02:00.000,I 20,I 20 and Mm 21,,Rear End,3,Clear,Dry,Daylight
2021-11-05T00:55:00.000,I 20,I 20 and Mm 21,,Rear End,2,Clear,Dry,Dark-Not Lighted
2022-11-28T17:55:00.000,I 20,I 20 and Mm 21,,Rear End,2,Clear,Dry,Daylight
2022-11-04T15:06:00.000,I 20,I 20 and Mm 21,,Not a Collision with Motor Vehicle,2,Clear,Dry,Daylight
2024-02-01T21:34:00.000,I 20,I 20 and Mm 21,,Sideswipe-Same Direction,2,Clear,Dry,Dark-Not Lighted
2024-05-25T17:26:00.000,I 20,I 20 and Mm 21,,Rear End,2,Clear,Dry,Daylight
2020-11-06T11:00:00.000,I 20,I 20 and Mm 205,,Sideswipe-Same Direction,2,Clear,Dry,Daylight
2021-09-03T16:42:00.000,I 20,I 20 and Mm 205,,Sideswipe-Same Direction,2,Clear,Dry,Daylight
2021-03-04T00:30:00.000,I 20,I 20 and Mm 201,,Sideswipe-Same Direction,2,Clear,Dry,Dark-Not Lighted
2021-12-27T19:00:00.000,I 20,I 20 and Mm 201,,Not a Collision with Motor Vehicle,3,Clear,Dry,Dark-Not Lighted
2020-09-25T18:01:00.000,I 20,I 20 and Mm 201,,Rear End,2,Clear,Dry,Daylight
2023-01-04T10:26:00.000,I 20,I 20 and Mm 201,,Not a Collision with Motor Vehicle,1,Rain,Wet,Daylight
2023-12-24T00:04:00.000,I 20,I 20 and Mm 200,,Not a Collision with Motor Vehicle,1,Clear,Dry,Dark-Lighted
2023-11-10T16:05:00.000,I 20,I 20 and Mm 200,,Rear End,2,Cloudy,Wet,Daylight
2023-04-21T23:43:00.000,I 20,I 20 and Mm 200,,Angle Crash,2,Clear,Dry,Dark-Not Lighted
2023-07-08T17:00:00.000,I 20,I 20 and Mm 200,,Sideswipe-Same Direction,2,Clear,Dry,Daylight
2021-01-27T04:45:00.000,I 20,I 20 and Mm 20,,Not a Collision with Motor Vehicle,1,Rain,Wet,Dark-Not Lighted
2021-10-25T23:15:00.000,I 20,I 20 and Mm 20,,Not a Collision with Motor Vehicle,1,Clear,Dry,Dark-Not Lighted
2021-11-29T09:10:00.000,I 20,I 20 and Mm 20,,Sideswipe-Same Direction,2,Clear,Dry,Daylight
2023-07-13T06:00:00.000,I 20,I 20 and Mm 20,,Sideswipe-Same Direction,2,Clear,Dry,Dawn
2020-12-21T12:35:00.000,I 20,I 20 and Mm 20,,Rear End,4,Clear,Dry,Daylight
2021-03-01T01:38:00.000,I 20,I 20 and Mm 20,,Rear End,2,Clear,Dry,Dark-Not Lighted
2021-05-15T18:10:00.000,I 20,I 20 and Mm 20,,Not a Collision with Motor Vehicle,1,Clear,Dry,Daylight
2022-12-09T23:32:00.000,I 20,I 20 and Mm 20,,Not a Collision with Motor Vehicle,1,Rain,Wet,Dark-Not Lighted
2022-03-03T06:05:00.000,I 20,I 20 and Mm 20,,Not a Collision with Motor Vehicle,1,Clear,Dry,Dark-Not Lighted
2024-01-03T16:35:00.000,I 20,I 20 and Mm 20,,Rear End,2,Cloudy,Dry,Daylight
2024-06-30T06:02:00.000,I 20,I 20 and Mm 20,,Rear End,2,Clear,Dry,Daylight
2024-03-14T03:49:00.000,I 20,I 20 and Mm 20,,Not a Collision with Motor Vehicle,1,Cloudy,Dry,Dark-Not Lighted
2024-09-30T17:20:00.000,I 20,I 20 and Mm 20,,Sideswipe-Same Direction,2,Cloudy,Dry,Daylight
2024-09-01T18:16:00.000,I 20,I 20 and Mm 2.5,,Not a Collision with Motor Vehicle,1,Rain,Wet,Daylight
2021-03-05T17:19:00.000,I 20,I 20 and Mm 199,,Rear End,2,Clear,Dry,Dark-Not Lighted
2022-01-16T20:15:00.000,I 20,I 20 and Mm 199,,Angle Crash,2,Rain,Wet,Dark-Lighted
2022-01-26T19:46:00.000,I 20,I 20 and Mm 198,,Rear End,3,Clear,Other,Dark-Not Lighted
2024-03-15T23:30:00.000,I 20,I 20 and Mm 198,,Angle Crash,2,Clear,Dry,Dark-Not Lighted
2024-03-11T20:26:00.000,I 20,I 20 and Mm 198,,Sideswipe-Same Direction,2,Clear,Dry,Dark-Not Lighted
2024-06-30T22:40:00.000,I 20,I 20 and Mm 197.4,,Rear End,2,Clear,Dry,Dark-Not Lighted
2020-12-06T11:25:00.000,I 20,I 20 and Mm 197,,Angle Crash,2,Clear,Dry,Daylight
2020-03-18T18:35:00.000,I 20,I 20 and Mm 197,,Not a Collision with Motor Vehicle,1,Rain,Wet,Daylight
2023-12-10T00:00:00.000,I 20,I 20 and Mm 196.8,,Not a Collision with Motor Vehicle,1,Rain,Wet,Daylight
2023-12-10T14:49:00.000,I 20,I 20 and Mm 196.8,,Not a Collision with Motor Vehicle,1,Rain,Wet,Daylight
2020-10-11T07:10:00.000,I 20,I 20 and Mm 196,,Angle Crash,2,Rain,Wet,Dawn
2024-04-21T14:41:00.000,I 20,I 20 and Mm 196,,Not a Collision with Motor Vehicle,1,Rain,Wet,Daylight
2021-02-14T06:59:00.000,I 20,I 20 and Mm 195,,Not a Collision with Motor Vehicle,1,Cloudy,Wet,Dusk
2021-09-01T08:05:00.000,I 20,I 20 and Mm 195,,Not a Collision with Motor Vehicle,1,Clear,Dry,Daylight
2021-03-02T16:40:00.000,I 20,I 20 and Mm 195,,Not a Collision with Motor Vehicle,1,Cloudy,Dry,Daylight
2023-04-16T13:05:00.000,I 20,I 20 and Mm 195,,Rear End,2,Clear,Dry,Daylight
2023-09-16T00:42:00.000,I 20,I 20 and Mm 195,,Rear End,2,Clear,Dry,Dark-Lighted
2023-04-16T13:00:00.000,I 20,I 20 and Mm 195,,Angle Crash,2,Clear,Dry,Daylight
2020-12-13T21:16:00.000,I 20,I 20 and Mm 195,,Angle Crash,2,Clear,Dry,Dark-Not Lighted
2021-01-15T11:10:00.000,I 20,I 20 and Mm 195,,Rear End,2,Clear,Dry,Daylight
2023-04-16T13:00:00.000,I 20,I 20 and Mm 195,,Not a Collision with Motor Vehicle,1,Clear,Dry,Daylight
2024-01-16T16:00:00.000,I 20,I 20 and Mm 195,,Not a Collision with Motor Vehicle,1,Clear,Dry,Daylight
2024-01-16T16:00:00.000,I 20,I 20 and Mm 195,,Not a Collision with Motor Vehicle,1,Clear,Dry,Daylight
2020-01-13T18:19:00.000,I 20,I 20 and Mm 194,,Rear End,3,Rain,Wet,Dark-Lighted
2021-09-29T16:50:00.000,I 20,I 20 and Mm 194,,Rear End,2,Clear,Dry,Daylight
2022-11-23T12:41:00.000,I 20,I 20 and Mm 194,,Rear End,2,Clear,Dry,Daylight
2022-11-26T11:08:00.000,I 20,I 20 and Mm 194,,Not a Collision with Motor Vehicle,2,Clear,Dry,Daylight
2023-12-18T20:21:00.000,I 20,I 20 and Mm 194,,Angle Crash,2,Clear,Dry,Dark-Lighted
2024-09-30T18:13:00.000,I 20,I 20 and Mm 194,,Not a Collision with Motor Vehicle,1,Clear,Dry,Daylight
2023-01-22T08:11:00.000,I 20,I 20 and Mm 193,,Not a Collision with Motor Vehicle,1,Rain,Wet,Dusk
2021-09-04T01:20:00.000,I 20,I 20 and Mm 192,,Rear End,3,Clear,Dry,Dark-Not Lighted
2022-08-02T15:15:00.000,I 20,I 20 and Mm 192,,Rear End,3,Clear,Dry,Daylight
2024-04-24T14:46:00.000,I 20,I 20 and Mm 192,,Angle Crash,3,Clear,Dry,Daylight
2023-08-30T23:16:00.000,I 20,I 20 and Mm 192,,Sideswipe-Same Direction,2,Rain,Wet,Dark-Not Lighted
2020-10-15T20:48:00.000,I 20,I 20 and Mm 191,,Rear End,2,Clear,Dry,Dark-Not Lighted
2022-04-11T10:25:00.000,I 20,I 20 and Mm 191,,Not a Collision with Motor Vehicle,2,Clear,Dry,Daylight
2022-06-04T21:08:00.000,I 20,I 20 and Mm 191,,Not a Collision with Motor Vehicle,1,Cloudy,Dry,Dark-Not Lighted
2024-12-10T14:15:00.000,I 20,I 20 and Mm 191,,Rear End,2,Cloudy,Wet,Daylight
2024-09-27T07:40:00.000,I 20,I 20 and Mm 191,,Not a Collision with Motor Vehicle,1,Severe Thunderstorm or Tornadic,Wet,Daylight
2023-08-31T07:48:00.000,I 20,I 20 and Mm 190 Exit Rp,,Rear End,2,Clear,Dry,Daylight
2021-12-03T08:35:00.000,I 20,I 20 and Mm 190,,Rear End,3,Clear,Dry,Daylight
2021-03-10T15:35:00.000,I 20,I 20 and Mm 190,,Rear End,3,Clear,Dry,Daylight
2021-04-12T07:45:00.000,I 20,I 20 and Mm 190,,Rear End,2,Clear,Dry,Daylight
2021-03-10T14:50:00.000,I 20,I 20 and Mm 190,,Rear End,3,Clear,Dry,Daylight
2020-10-27T16:15:00.000,I 20,I 20 and Mm 190,,Sideswipe-Same Direction,2,Clear,Dry,Daylight
2020-10-01T08:12:00.000,I 20,I 20 and Mm 190,,Rear End,2,Clear,Dry,Daylight
2020-09-29T11:13:00.000,I 20,I 20 and Mm 190,,Rear End,2,Clear,Dry,Daylight
2020-12-30T17:04:00.000,I 20,I 20 and Mm 190,,Sideswipe-Same Direction,2,Cloudy,Dry,Daylight
2020-08-12T07:23:00.000,I 20,I 20 and Mm 190,,Rear End,2,Clear,Dry,Daylight
2020-03-10T17:53:00.000,I 20,I 20 and Mm 190,,Rear End,2,Cloudy,Dry,Daylight
2022-08-30T17:40:00.000,I 20,I 20 and Mm 190,,Rear End,2,Clear,Dry,Daylight
2022-04-14T16:17:00.000,I 20,I 20 and Mm 190,,Rear End,3,Clear,Dry,Daylight
2022-02-15T17:00:00.000,I 20,I 20 and Mm 190,,Rear End,2,Clear,Dry,Daylight
2022-11-12T18:15:00.000,I 20,I 20 and Mm 190,,Rear End,3,Rain,Wet,Dark-Not Lighted
2024-06-24T19:38:00.000,I 20,I 20 and Mm 190,,Angle Crash,2,Clear,Dry,Daylight
2024-07-08T19:50:00.000,I 20,I 20 and Mm 190,,Sideswipe-Same Direction,2,Clear,Dry,Daylight
2023-12-02T01:33:00.000,I 20,I 20 and Mm 190,,Rear End,2,Rain,Wet,Dark-Not Lighted
2021-04-21T10:40:00.000,I 20,I 20 and Mm 19,,Sideswipe-Same Direction,2,Cloudy,Dry,Daylight
2021-02-15T19:45:00.000,I 20,I 20 and Mm 19,,Sideswipe-Same Direction,2,Rain,Wet,Dark-Not Lighted
2021-09-17T05:15:00.000,I 20,I 20 and Mm 19,,Sideswipe-Same Direction,2,Cloudy,Dry,Dark-Not Lighted
2021-12-10T01:20:00.000,I 20,I 20 and Mm 19,,Sideswipe-Same Direction,2,Cloudy,Wet,Dark-Not Lighted
2021-05-28T21:20:00.000,I 20,I 20 and Mm 19,,Sideswipe-Same Direction,2,Rain,Wet,Dark-Not Lighted
2021-05-05T18:00:00.000,I 20,I 20 and Mm 19,,Not a Collision with Motor Vehicle,1,Cloudy,Dry,Daylight
2020-09-01T06:38:00.000,I 20,I 20 and Mm 19,,Angle Crash,2,Clear,Dry,Dark-Not Lighted
2020-11-06T14:40:00.000,I 20,I 20 and Mm 19,,Not a Collision with Motor Vehicle,1,Clear,Dry,Daylight
2020-01-27T13:26:00.000,I 20,I 20 and Mm 19,,Sideswipe-Same Direction,2,Cloudy,Dry,Daylight
2022-08-28T23:10:00.000,I 20,I 20 and Mm 19,,Rear End,2,Clear,Dry,Dark-Not Lighted
2022-12-21T00:00:00.000,I 20,I 20 and Mm 19,,Sideswipe-Same Direction,2,Clear,Dry,Dark-Not Lighted
2024-09-20T13:15:00.000,I 20,I 20 and Mm 19,,Rear End,2,Clear,Dry,Daylight
2024-08-16T11:35:00.000,I 20,I 20 and Mm 19,,Rear End,3,Clear,Dry,Daylight
2022-12-31T11:50:00.000,I 20,I 20 and Mm 189,,Not a Collision with Motor Vehicle,1,Rain,Wet,Daylight
2024-02-19T09:02:00.000,I 20,I 20 and Mm 189,,Not a Collision with Motor Vehicle,1,Clear,Dry,Daylight
2020-02-24T18:52:00.000,I 20,I 20 and Mm 188,,Angle Crash,1,Rain,Wet,Dark-Not Lighted
2022-02-22T13:13:00.000,I 20,I 20 and Mm 188,,Rear End,3,Clear,Dry,Daylight
2024-04-07T14:19:00.000,I 20,I 20 and Mm 188,,Rear End,2,Clear,Dry,Daylight
2024-09-18T07:44:00.000,I 20,I 20 and Mm 188,,Rear End,3,Cloudy,Dry,Daylight
2024-04-07T14:40:00.000,I 20,I 20 and Mm 188,,Rear End,3,Clear,Dry,Daylight
2024-06-18T04:17:00.000,I 20,I 20 and Mm 188,,Not a Collision with Motor Vehicle,1,Clear,Dry,Dark-Not Lighted
2021-03-10T12:30:00.000,I 20,I 20 and Mm 187,,Not a Collision with Motor Vehicle,2,Clear,Dry,Daylight
2020-01-20T11:51:00.000,I 20,I 20 and Mm 187,,Angle Crash,2,Clear,Dry,Daylight
2020-12-29T06:16:00.000,I 20,I 20 and Mm 187,,Not a Collision with Motor Vehicle,1,Clear,Dry,Dark-Not Lighted
2022-12-06T13:35:00.000,I 20,I 20 and Mm 187,,Rear End,3,Cloudy,Wet,Daylight
2022-04-28T14:00:00.000,I 20,I 20 and Mm 187,,Not a Collision with Motor Vehicle,1,Clear,Dry,Daylight
2024-03-22T07:32:00.000,I 20,I 20 and Mm 187,,Rear End,3,Cloudy,Dry,Daylight
2021-11-16T11:55:00.000,I 20,I 20 and Mm 186,,Rear End,2,Clear,Dry,Daylight
2020-01-23T20:49:00.000,I 20,I 20 and Mm 186,,Angle Crash,2,Clear,Dry,Dark-Lighted
2021-10-22T15:50:00.000,I 20,I 20 and Mm 186,,Rear End,2,Clear,Dry,Daylight
2024-08-14T17:40:00.000,I 20,I 20 and Mm 186,,Angle Crash,2,Clear,Dry,Daylight
2024-09-18T08:10:00.000,I 20,I 20 and Mm 186,,Rear End,2,Cloudy,Dry,Daylight
2020-07-24T08:34:00.000,I 20,I 20 and Mm 185,,Not a Collision with Motor Vehicle,1,Clear,Dry,Daylight
2024-01-08T14:45:00.000,I 20,I 20 and Mm 185,,Not a Collision with Motor Vehicle,1,Clear,Dry,Daylight
2021-03-12T10:05:00.000,I 20,I 20 and Mm 184,,Not a Collision with Motor Vehicle,1,Clear,Dry,Daylight