Date and Time,Roadway (From Crash Report),Intersection Name (from Crash Report),KABCO Severity,Manner of Collision (Crash Level) ,# of Vehicles per crash ,Weather Conditions (Crash Level),Surface Condition (Crash Level) ,Light Conditions (Crash Level)
2020-01-20T11:49:00.000,I 20,I 20 and Mm 184,,Angle Crash,2,Clear,Dry,Daylight
2020-01-23T20:48:00.000,I 20,I 20 and Mm 184,,Angle Crash,2,Clear,Dry,Dark-Not Lighted
2022-01-08T15:53:00.000,I 20,I 20 and Mm 183 Exit,,Rear End,2,Cloudy,Dry,Daylight
2023-03-14T22:52:00.000,I 20,I 20 and Mm 183,,Not a Collision with Motor Vehicle,1,Clear,Dry,Dark-Not Lighted
2020-01-19T07:47:00.000,I 20,I 20 and Mm 183,,Rear End,2,Clear,Wet,Daylight
2024-04-07T00:49:00.000,I 20,I 20 and Mm 183,,Not a Collision with Motor Vehicle,1,Clear,Dry,Dark-Lighted
2021-07-07T13:15:00.000,I 20,I 20 and Mm 182,,Rear End,2,Cloudy,Dry,Daylight
2020-12-18T21:00:00.000,I 20,I 20 and Mm 182,,Rear End,2,Clear,Dry,Dark-Not Lighted
2022-03-11T19:17:00.000,I 20,I 20 and Mm 182,,Sideswipe-Same Direction,2,Rain,Wet,Dark-Not Lighted
2022-02-11T13:42:00.000,I 20,I 20 and Mm 182,,Not a Collision with Motor Vehicle,1,Clear,Dry,Daylight
2024-04-23T17:48:00.000,I 20,I 20 and Mm 182,,Rear End,2,Clear,Dry,Daylight
2024-09-27T10:15:00.000,I 20,I 20 and Mm 182,,Not a Collision with Motor Vehicle,1,Rain,Wet,Daylight
2020-01-03T16:07:00.000,I 20,I 20 and Mm 1815,,Sideswipe-Same Direction,2,Rain,Wet,Daylight
2020-09-29T12:45:00.000,I 20,I 20 and Mm 181,,Rear End,10,Clear,Dry,Daylight
2020-10-04T07:45:00.000,I 20,I 20 and Mm 181,,Not a Collision with Motor Vehicle,1,Clear,Dry,Daylight
2022-04-26T13:58:00.000,I 20,I 20 and Mm 181,,Not a Collision with Motor Vehicle,1,Rain,Wet,Daylight
2021-11-06T23:40:00.000,I 20,I 20 and Mm 180,,Rear End,2,Clear,Dry,Dark-Not Lighted
2023-06-26T13:45:00.000,I 20,I 20 and Mm 180,,Not a Collision with Motor Vehicle,2,Clear,Dry,Daylight
2022-05-16T18:00:00.000,I 20,I 20 and Mm 180,,Not a Collision with Motor Vehicle,3,Clear,Dry,Daylight
2022-10-22T06:18:00.000,I 20,I 20 and Mm 180,,Not a Collision with Motor Vehicle,2,Clear,Dry,Dark-Not Lighted
2022-04-02T12:10:00.000,I 20,I 20 and Mm 180,,Rear End,2,Clear,Dry,Daylight
2024-04-12T16:43:00.000,I 20,I 20 and Mm 18.5,,Not a Collision with Motor Vehicle,1,Clear,Dry,Daylight
2024-10-19T03:45:00.000,I 20,I 20 and Mm 18.5,,Not a Collision with Motor Vehicle,1,Clear,Dry,Dark-Not Lighted
2021-09-06T21:00:00.000,I 20,I 20 and Mm 18,,Not a Collision with Motor Vehicle,1,Cloudy,Dry,Dark-Not Lighted
2021-01-26T04:05:00.000,I 20,I 20 and Mm 18,,Not a Collision with Motor Vehicle,1,Rain,Wet,Dark-Not Lighted
2024-07-19T22:00:00.000,I 20,I 20 and Mm 18,,Not a Collision with Motor Vehicle,1,Rain,Wet,Dark-Not Lighted
2024-07-10T21:34:00.000,I 20,I 20 and Mm 18,,Sideswipe-Same Direction,2,Clear,Dry,Daylight
2022-03-17T13:57:00.000,I 20,I 20 and Mm 179.5,,Angle Crash,2,Clear,Dry,Daylight
2024-02-26T08:03:00.000,I 20,I 20 and Mm 179.5,,Angle Crash,2,Clear,Dry,Daylight
2023-12-29T19:05:00.000,I 20,I 20 and Mm 179,,Sideswipe-Same Direction,2,Cloudy,Dry,Dark-Not Lighted
2022-04-04T09:30:00.000,I 20,I 20 and Mm 179,,Rear End,3,Clear,Dry,Daylight
2020-09-26T23:06:00.000,I 20,I 20 and Mm 179,,Not a Collision with Motor Vehicle,1,Clear,Dry,Dark-Not Lighted
2020-06-07T14:52:00.000,I 20,I 20 and Mm 179,,Angle Crash,2,Clear,Dry,Daylight
2020-07-26T14:07:00.000,I 20,I 20 and Mm 179,,Not a Collision with Motor Vehicle,1,Cloudy,Dry,Daylight
2021-09-18T15:45:00.000,I 20,I 20 and Mm 179,,Sideswipe-Same Direction,2,Clear,Dry,Daylight
2021-07-28T17:11:00.000,I 20,I 20 and Mm 179,,Angle Crash,2,Clear,Dry,Daylight
2024-05-29T19:08:00.000,I 20,I 20 and Mm 179,,Not a Collision with Motor Vehicle,2,Clear,Dry,Daylight
2024-05-04T07:38:00.000,I 20,I 20 and Mm 179,,Not a Collision with Motor Vehicle,1,Rain,Wet,Daylight
2024-08-25T19:32:00.000,I 20,I 20 and Mm 179,,Rear End,2,Clear,Dry,Daylight
2023-07-11T22:08:00.000,I 20,I 20 and Mm 178.5,,Not a Collision with Motor Vehicle,1,Clear,Dry,Dark-Not Lighted
2024-07-05T12:48:00.000,I 20,I 20 and Mm 178.5,,Rear End,2,Clear,Dry,Daylight
2024-07-05T12:48:00.000,I 20,I 20 and Mm 178.5,,Rear End,2,Clear,Dry,Daylight
2021-03-08T19:45:00.000,I 20,I 20 and Mm 178,,Not a Collision with Motor Vehicle,1,Clear,Dry,Dark-Not Lighted
2023-10-05T08:40:00.000,I 20,I 20 and Mm 178,,Rear End,2,Clear,Dry,Daylight
2021-06-27T16:45:00.000,I 20,I 20 and Mm 178,,Sideswipe-Same Direction,2,Clear,Dry,Daylight
2021-11-02T15:05:00.000,I 20,I 20 and Mm 178,,Rear End,2,Clear,Dry,Daylight
2024-04-06T18:10:00.000,I 20,I 20 and Mm 178,,Rear End,3,Clear,Dry,Daylight
2023-10-29T01:45:00.000,I 20,I 20 and Mm 178,,Angle Crash,2,Clear,Dry,Dark-Not Lighted
2024-05-30T17:19:00.000,I 20,I 20 and Mm 178,,Rear End,5,Clear,Dry,Daylight
2024-05-23T15:48:00.000,I 20,I 20 and Mm 178,,Rear End,3,Clear,Dry,Daylight
2024-04-22T16:37:00.000,I 20,I 20 and Mm 178,,Rear End,3,Clear,Dry,Daylight
2024-08-25T19:03:00.000,I 20,I 20 and Mm 177.5,,Rear End,3,Clear,Dry,Daylight
2024-04-25T11:23:00.000,I 20,I 20 and Mm 177.5,,Sideswipe-Same Direction,2,Clear,Dry,Daylight
2021-11-28T14:38:00.000,I 20,I 20 and Mm 177,,Rear End,7,Clear,Dry,Daylight
2021-05-20T06:30:00.000,I 20,I 20 and Mm 177,,Sideswipe-Same Direction,1,Clear,Dry,Daylight
2021-09-20T15:13:00.000,I 20,I 20 and Mm 177,,Not a Collision with Motor Vehicle,1,Rain,Wet,Daylight
2023-05-26T05:27:00.000,I 20,I 20 and Mm 177,,Angle Crash,2,Clear,Dry,Dark-Not Lighted
2023-01-29T14:33:00.000,I 20,I 20 and Mm 177,,Rear End,2,Rain,Wet,Daylight
2020-09-27T17:42:00.000,I 20,I 20 and Mm 177,,Not a Collision with Motor Vehicle,1,Clear,Dry,Daylight
2020-04-07T16:22:00.000,I 20,I 20 and Mm 177,,Not a Collision with Motor Vehicle,1,Rain,Wet,Daylight
2020-08-10T20:42:00.000,I 20,I 20 and Mm 177,,Not a Collision with Motor Vehicle,1,Clear,Dry,Dark-Not Lighted
2021-07-11T15:50:00.000,I 20,I 20 and Mm 177,,Not a Collision with Motor Vehicle,1,Rain,Wet,Daylight
2024-05-10T12:35:00.000,I 20,I 20 and Mm 177,,Rear End,2,Clear,Wet,Daylight
2023-05-26T11:54:00.000,I 20,I 20 and Mm 177,,Rear End,2,Clear,Dry,Daylight
2024-12-12T10:35:00.000,I 20,I 20 and Mm 177,,Rear End,2,Clear,Dry,Daylight
2024-05-20T09:55:00.000,I 20,I 20 and Mm 177,,Rear End,2,Clear,Dry,Daylight
2024-04-24T12:51:00.000,I 20,I 20 and Mm 177,,Rear End,4,Clear,Dry,Daylight
2024-01-19T23:14:00.000,I 20,I 20 and Mm 177,,Rear End,2,Clear,Dry,Dark-Not Lighted
2021-11-02T14:39:00.000,I 20,I 20 and Mm 176.5,,Not a Collision with Motor Vehicle,1,Clear,Dry,Daylight
2023-10-12T17:27:00.000,I 20,I 20 and Mm 176.5,,Sideswipe-Same Direction,2,Cloudy,Wet,Daylight
2024-05-10T12:41:00.000,I 20,I 20 and Mm 176.5,,Not a Collision with Motor Vehicle,1,Clear,Dry,Daylight
2024-05-10T12:28:00.000,I 20,I 20 and Mm 176.5,,Rear End,3,Clear,Dry,Daylight
2024-05-25T06:33:00.000,I 20,I 20 and Mm 176.5,,Not a Collision with Motor Vehicle,1,Cloudy,Dry,Daylight
2021-11-02T14:05:00.000,I 20,I 20 and Mm 176,,Sideswipe-Same Direction,2,Clear,Dry,Daylight
2023-05-11T23:29:00.000,I 20,I 20 and Mm 176,,Angle Crash,2,Clear,Dry,Dark-Not Lighted
2023-07-15T19:03:00.000,I 20,I 20 and Mm 176,,Not a Collision with Motor Vehicle,1,Rain,Wet,Daylight
2023-02-27T11:18:00.000,I 20,I 20 and Mm 176,,Rear End,2,Clear,Dry,Daylight
2020-12-14T08:27:00.000,I 20,I 20 and Mm 176,,Not a Collision with Motor Vehicle,1,Rain,Wet,Daylight
2020-12-23T16:56:00.000,I 20,I 20 and Mm 176,,Sideswipe-Same Direction,2,Clear,Dry,Daylight
2020-12-23T18:03:00.000,I 20,I 20 and Mm 176,,Angle Crash,2,Clear,Dry,Dark-Not Lighted
2021-10-22T11:11:00.000,I 20,I 20 and Mm 176,,Rear End,2,Clear,Dry,Daylight
2021-11-03T14:13:00.000,I 20,I 20 and Mm 176,,Rear End,4,Clear,Dry,Daylight
2022-08-12T08:13:00.000,I 20,I 20 and Mm 176,,Sideswipe-Opposite Direction,2,Cloudy,Dry,Daylight
2022-07-31T16:55:00.000,I 20,I 20 and Mm 176,,Rear End,2,Clear,Dry,Daylight
2022-07-15T12:30:00.000,I 20,I 20 and Mm 176,,Rear End,2,Clear,Dry,Daylight
2022-06-23T18:16:00.000,I 20,I 20 and Mm 176,,Rear End,2,Clear,Dry,Daylight
2022-04-23T19:40:00.000,I 20,I 20 and Mm 176,,Rear End,2,Clear,Dry,Daylight
2022-04-23T19:05:00.000,I 20,I 20 and Mm 176,,Rear End,4,Clear,Dry,Daylight
2022-07-17T14:46:00.000,I 20,I 20 and Mm 176,,Rear End,2,Clear,Dry,Daylight
2024-08-25T19:42:00.000,I 20,I 20 and Mm 176,,Rear End,2,Clear,Dry,Daylight
2024-09-14T22:04:00.000,I 20,I 20 and Mm 176,,Rear End,2,Clear,Dry,Dark-Not Lighted
2024-05-20T10:55:00.000,I 20,I 20 and Mm 176,,Sideswipe-Same Direction,2,Clear,Dry,Daylight
2024-11-22T15:20:00.000,I 20,I 20 and Mm 176,,Sideswipe-Same Direction,2,Clear,Dry,Daylight
2021-02-15T15:58:00.000,I 20,I 20 and Mm 175,,Not a Collision with Motor Vehicle,1,Rain,Wet,Daylight
2020-09-17T08:02:00.000,I 20,I 20 and Mm 175,,Not a Collision with Motor Vehicle,1,Rain,Wet,Daylight
2023-05-11T23:27:00.000,I 20,I 20 and Mm 175,,Angle Crash,2,Clear,Dry,Dark-Not Lighted
2023-09-28T19:56:00.000,I 20,I 20 and Mm 175,,Not a Collision with Motor Vehicle,1,Clear,Dry,Dark-Not Lighted
2023-06-11T11:08:00.000,I 20,I 20 and Mm 175,,Rear End,2,Cloudy,Wet,Daylight
2020-08-21T23:53:00.000,I 20,I 20 and Mm 175,,Sideswipe-Same Direction,1,Cloudy,Wet,Dark-Not Lighted
2020-07-23T20:27:00.000,I 20,I 20 and Mm 175,,Not a Collision with Motor Vehicle,1,Rain,Wet,Dark-Not Lighted
2020-10-15T17:13:00.000,I 20,I 20 and Mm 175,,Rear End,2,Clear,Dry,Daylight
2022-08-05T15:40:00.000,I 20,I 20 and Mm 175,,Rear End,2,Clear,Dry,Daylight
2022-07-17T13:40:00.000,I 20,I 20 and Mm 175,,Rear End,2,Clear,Dry,Daylight
2022-07-29T15:09:00.000,I 20,I 20 and Mm 175,,Angle Crash,2,Clear,Dry,Daylight
2022-07-15T10:00:00.000,I 20,I 20 and Mm 175,,Rear End,2,Clear,Dry,Daylight
2022-07-30T11:48:00.000,I 20,I 20 and Mm 175,,Rear End,2,Clear,Dry,Daylight
2023-01-22T18:39:00.000,I 20,I 20 and Mm 175,,Rear End,2,Rain,Wet,Dark-Lighted
2023-04-16T06:39:00.000,I 20,I 20 and Mm 175,,Rear End,2,Cloudy,Wet,Dawn
2023-08-29T15:01:00.000,I 20,I 20 and Mm 175,,Rear End,2,Clear,Dry,Daylight
2024-08-18T06:00:00.000,I 20,I 20 and Mm 175,,Not a Collision with Motor Vehicle,1,Clear,Dry,Dark-Not Lighted
2024-05-27T08:14:00.000,I 20,I 20 and Mm 175,,Not a Collision with Motor Vehicle,1,Cloudy,Dry,Daylight
2024-04-05T03:54:00.000,I 20,I 20 and Mm 175,,Not a Collision with Motor Vehicle,1,Clear,Dry,Dark-Not Lighted
2022-08-05T23:43:00.000,I 20,I 20 and Mm 174.5,,Not a Collision with Motor Vehicle,1,Clear,Dry,Dark-Not Lighted
2021-07-14T13:55:00.000,I 20,I 20 and Mm 174,,Not a Collision with Motor Vehicle,1,Rain,Wet,Daylight
2023-11-24T09:12:00.000,I 20,I 20 and Mm 174,,Not a Collision with Motor Vehicle,1,Clear,Dry,Daylight
2023-06-21T17:20:00.000,I 20,I 20 and Mm 174,,Not a Collision with Motor Vehicle,1,Rain,Wet,Daylight
2020-10-15T16:07:00.000,I 20,I 20 and Mm 174,,Not a Collision with Motor Vehicle,1,Clear,Dry,Daylight
2020-08-27T21:45:00.000,I 20,I 20 and Mm 174,,Rear End,2,Clear,Dry,Dark-Not Lighted
2022-08-04T14:11:00.000,I 20,I 20 and Mm 174,,Sideswipe-Same Direction,2,Clear,Dry,Daylight
2024-01-26T15:48:00.000,I 20,I 20 and Mm 174,,Not a Collision with Motor Vehicle,1,Clear,Dry,Daylight
2024-02-10T17:20:00.000,I 20,I 20 and Mm 174,,Rear End,2,Cloudy,Dry,Dusk
2020-05-20T15:15:00.000,I 20,I 20 and Mm 1735,,Angle Crash,2,Clear,Wet,Daylight
2021-12-25T08:52:00.000,I 20,I 20 and Mm 173.5,,Not a Collision with Motor Vehicle,1,Clear,Wet,Daylight
2024-04-30T05:01:00.000,I 20,I 20 and Mm 173.5,,Rear End,2,Clear,Dry,Dark-Not Lighted
2024-05-30T00:31:00.000,I 20,I 20 and Mm 173.5,,Not a Collision with Motor Vehicle,1,Clear,Dry,Dark-Not Lighted
2021-11-20T18:24:00.000,I 20,I 20 and Mm 173,,Rear End,2,Clear,Dry,Dark-Not Lighted
2023-03-23T12:45:00.000,I 20,I 20 and Mm 173,,Not a Collision with Motor Vehicle,1,Clear,Dry,Daylight
2020-09-16T17:00:00.000,I 20,I 20 and Mm 173,,Not a Collision with Motor Vehicle,1,Clear,Wet,Daylight
2020-12-23T08:55:00.000,I 20,I 20 and Mm 173,,Rear End,2,Clear,Dry,Daylight
2020-10-17T12:09:00.000,I 20,I 20 and Mm 173,,Rear End,3,Clear,Dry,Daylight
2020-05-29T11:12:00.000,I 20,I 20 and Mm 173,,Angle Crash,2,Clear,Dry,Daylight
2023-12-01T18:43:00.000,I 20,I 20 and Mm 173,,Rear End,2,Clear,Dry,Dark-Not Lighted
2024-05-16T17:15:00.000,I 20,I 20 and Mm 173,,Rear End,2,Clear,Dry,Daylight
2021-08-28T23:25:00.000,I 20,I 20 and Mm 1725,,Not a Collision with Motor Vehicle,1,Clear,Dry,Dark-Not Lighted
2021-10-18T07:49:00.000,I 20,I 20 and Mm 172.5,,Sideswipe-Same Direction,1,Clear,Dry,Daylight
2022-01-15T00:00:00.000,I 20,I 20 and Mm 172 Exit,,Not a Collision with Motor Vehicle,1,Clear,Dry,Daylight
2021-09-25T11:38:00.000,I 20,I 20 and Mm 172,,Rear End,4,Clear,Dry,Daylight
2021-12-18T10:15:00.000,I 20,I 20 and Mm 172,,Not a Collision with Motor Vehicle,1,Cloudy,Dry,Daylight
2020-06-12T20:27:00.000,I 20,I 20 and Mm 172,,Not a Collision with Motor Vehicle,1,Clear,Dry,Daylight
2023-12-27T19:00:00.000,I 20,I 20 and Mm 172,,Rear End,2,Clear,Dry,Daylight
2022-09-18T16:00:00.000,I 20,I 20 and Mm 172,,Rear End,2,Clear,Dry,Daylight
2020-08-12T18:20:00.000,I 20,I 20 and Mm 172,,Sideswipe-Same Direction,2,Clear,Dry,Daylight
2020-09-27T16:52:00.000,I 20,I 20 and Mm 172,,Rear End,3,Clear,Dry,Daylight
2021-07-30T23:11:00.000,I 20,I 20 and Mm 172,,Rear End,2,Cloudy,Dry,Dark-Lighted
2022-07-31T13:07:00.000,I 20,I 20 and Mm 172,,Rear End,2,Clear,Dry,Daylight
2021-08-14T16:20:00.000,I 20,I 20 and Mm 172,,Not a Collision with Motor Vehicle,1,Rain,Wet,Daylight
2022-11-21T19:55:00.000,I 20,I 20 and Mm 172,,Not a Collision with Motor Vehicle,1,Clear,Dry,Dark-Not Lighted
2022-11-26T16:57:00.000,I 20,I 20 and Mm 172,,Sideswipe-Same Direction,2,Cloudy,Dry,Dusk
2022-11-11T21:42:00.000,I 20,I 20 and Mm 172,,Not a Collision with Motor Vehicle,1,Cloudy,Dry,Dark-Not Lighted
2024-10-11T12:00:00.000,I 20,I 20 and Mm 172,,Rear End,2,Clear,Dry,Daylight
2023-09-23T09:57:00.000,I 20,I 20 and Mm 172,,Not a Collision with Motor Vehicle,1,Clear,Dry,Daylight
2023-12-16T08:47:00.000,I 20,I 20 and Mm 172,,Rear End,2,Clear,Dry,Daylight
2024-05-15T12:30:00.000,I 20,I 20 and Mm 172,,Rear End,2,Cloudy,Dry,Daylight
2024-12-08T14:19:00.000,I 20,I 20 and Mm 172,,Rear End,2,Clear,Dry,Daylight
2024-05-06T07:50:00.000,I 20,I 20 and Mm 172,,Angle Crash,2,Rain,Wet,Daylight
2021-04-24T10:35:00.000,I 20,I 20 and Mm 1715,,Not a Collision with Motor Vehicle,1,Rain,Wet,Daylight
2021-06-17T16:33:00.000,I 20,I 20 and Mm 171,,Rear End,2,Clear,Dry,Daylight
2023-11-29T14:47:00.000,I 20,I 20 and Mm 171,,Rear End,2,Clear,Dry,Daylight
2023-02-11T14:19:00.000,I 20,I 20 and Mm 171,,Rear End,3,Rain,Wet,Daylight
2023-08-07T18:47:00.000,I 20,I 20 and Mm 171,,Not a Collision with Motor Vehicle,1,Rain,Wet,Daylight
2020-12-02T09:05:00.000,I 20,I 20 and Mm 171,,Rear End,2,Clear,Dry,Daylight
2020-07-18T06:58:00.000,I 20,I 20 and Mm 171,,Rear End,2,Clear,Dry,Daylight
2021-06-13T07:40:00.000,I 20,I 20 and Mm 171,,Sideswipe-Same Direction,3,Cloudy,Dry,Daylight
2021-01-11T09:00:00.000,I 20,I 20 and Mm 171,,Sideswipe-Same Direction,2,Cloudy,Dry,Daylight
2023-12-22T07:20:00.000,I 20,I 20 and Mm 171,,Not a Collision with Motor Vehicle,1,Clear,Dry,Dawn
2024-05-25T13:27:00.000,I 20,I 20 and Mm 171,,Not a Collision with Motor Vehicle,1,Rain,Wet,Daylight
2024-05-06T12:33:00.000,I 20,I 20 and Mm 171,,Not a Collision with Motor Vehicle,2,Clear,Dry,Daylight
2024-02-08T07:37:00.000,I 20,I 20 and Mm 171,,Sideswipe-Same Direction,2,Clear,Dry,Daylight
2020-10-28T17:20:00.000,I 20,I 20 and Mm 1705,,Not a Collision with Motor Vehicle,1,Rain,Wet,Daylight
2022-11-18T07:49:00.000,I 20,I 20 and Mm 170.5,,Angle Crash,2,Clear,Dry,Daylight
2021-11-21T22:50:00.000,I 20,I 20 and Mm 170,,Not a Collision with Motor Vehicle,1,Clear,Dry,Dark-Not Lighted
2020-12-01T17:41:00.000,I 20,I 20 and Mm 170,,Rear End,3,Clear,Dry,Dark-Not Lighted
2020-12-21T10:57:00.000,I 20,I 20 and Mm 170,,Sideswipe-Same Direction,3,Clear,Dry,Daylight
2021-09-21T15:19:00.000,I 20,I 20 and Mm 170,,Sideswipe-Same Direction,2,Clear,Dry,Daylight
2022-10-15T15:27:00.000,I 20,I 20 and Mm 170,,Not a Collision with Motor Vehicle,1,Clear,Dry,Daylight
2022-10-14T22:11:00.000,I 20,I 20 and Mm 170,,Rear End,2,Clear,Dry,Dark-Not Lighted
2022-11-18T07:50:00.000,I 20,I 20 and Mm 170,,Angle Crash,2,Clear,Dry,Daylight
2022-12-17T18:25:00.000,I 20,I 20 and Mm 170,,Not a Collision with Motor Vehicle,1,Cloudy,Dry,Dark-Not Lighted
2023-08-29T18:20:00.000,I 20,I 20 and Mm 170,,Not a Collision with Motor Vehicle,1,Rain,Wet,Daylight
2024-06-10T07:40:00.000,I 20,I 20 and Mm 170,,Not a Collision with Motor Vehicle,1,Rain,Wet,Daylight
2023-03-18T17:42:00.000,I 20,I 20 and Mm 170,,Rear End,2,Clear,Dry,Daylight
2023-08-03T19:00:00.000,I 20,I 20 and Mm 170,,Not a Collision with Motor Vehicle,1,Rain,Wet,Dawn
2023-08-29T16:54:00.000,I 20,I 20 and Mm 170,,Not a Collision with Motor Vehicle,1,Rain,Wet,Daylight
2024-06-10T08:10:00.000,I 20,I 20 and Mm 170,,Not a Collision with Motor Vehicle,1,Rain,Wet,Daylight
2024-01-03T08:14:00.000,I 20,I 20 and Mm 170,,Rear End,2,Clear,Dry,Daylight
2023-08-30T18:20:00.000,I 20,I 20 and Mm 17.5,,Not a Collision with Motor Vehicle,1,Rain,Wet,Daylight
2020-07-15T16:47:00.000,I 20,I 20 and Mm 17,,Sideswipe-Same Direction,2,Clear,Dry,Daylight
2020-10-28T02:50:00.000,I 20,I 20 and Mm 17,,Not a Collision with Motor Vehicle,1,Rain,Wet,Dark-Not Lighted
2020-10-07T23:35:00.000,I 20,I 20 and Mm 17,,Angle Crash,2,Clear,Dry,Dark-Not Lighted
2022-07-04T00:10:00.000,I 20,I 20 and Mm 17,,Not a Collision with Motor Vehicle,1,Clear,Dry,Dark-Not Lighted
2023-03-10T07:10:00.000,I 20,I 20 and Mm 17,,Rear End,2,Rain,Wet,Daylight
2024-03-24T00:30:00.000,I 20,I 20 and Mm 17,,Sideswipe-Same Direction,2,Clear,Dry,Dark-Not Lighted
2024-09-19T16:00:00.000,I 20,I 20 and Mm 17,,Not a Collision with Motor Vehicle,1,Clear,Dry,Daylight
2024-05-25T14:36:00.000,I 20,I 20 and Mm 169.5,,Rear End,2,Cloudy,Dry,Daylight
2023-12-26T07:50:00.000,I 20,I 20 and Mm 169,,Not a Collision with Motor Vehicle,1,Rain,Wet,Daylight
2020-09-14T15:10:00.000,I 20,I 20 and Mm 169,,Rear End,2,Clear,Dry,Daylight
2020-10-18T05:59:00.000,I 20,I 20 and Mm 169,,Sideswipe-Same Direction,2,Clear,Dry,Dark-Not Lighted
2020-08-26T18:39:00.000,I 20,I 20 and Mm 169,,Not a Collision with Motor Vehicle,1,Cloudy,Dry,Daylight
2020-01-31T13:55:00.000,I 20,I 20 and Mm 169,,Not a Collision with Motor Vehicle,1,Rain,Wet,Daylight
2020-12-29T16:24:00.000,I 20,I 20 and Mm 169,,Rear End,2,Cloudy,Dry,Dusk
2020-02-06T14:45:00.000,I 20,I 20 and Mm 169,,Not a Collision with Motor Vehicle,1,Rain,Wet,Daylight
2024-05-04T11:15:00.000,I 20,I 20 and Mm 169,,Not a Collision with Motor Vehicle,1,Rain,Wet,Daylight
2023-05-18T12:40:00.000,I 20,I 20 and Mm 169,,Not a Collision with Motor Vehicle,1,Rain,Wet,Daylight
2023-01-30T08:11:00.000,I 20,I 20 and Mm 169,,Not a Collision with Motor Vehicle,1,Cloudy,Wet,Daylight
2023-06-11T14:04:00.000,I 20,I 20 and Mm 169,,Angle Crash,2,Rain,Wet,Daylight
2021-04-12T17:15:00.000,I 20,I 20 and Mm 1685,,Not a Collision with Motor Vehicle,1,Clear,Dry,Daylight
2021-04-15T08:01:00.000,I 20,I 20 and Mm 1685,,Not a Collision with Motor Vehicle,1,Clear,Dry,Daylight
2024-06-26T11:32:00.000,I 20,I 20 and Mm 168.5,,Sideswipe-Same Direction,2,Clear,Dry,Daylight
2023-06-11T14:45:00.000,I 20,I 20 and Mm 168,,Rear End,2,Rain,Wet,Daylight
2023-01-27T23:15:00.000,I 20,I 20 and Mm 168,,Not a Collision with Motor Vehicle,1,Clear,Dry,Dark-Not Lighted
2020-09-12T16:00:00.000,I 20,I 20 and Mm 168,,Not a Collision with Motor Vehicle,1,Rain,Wet,Daylight
2020-12-24T19:12:00.000,I 20,I 20 and Mm 168,,Not a Collision with Motor Vehicle,1,Rain,Wet,Dark-Not Lighted
2020-11-23T12:01:00.000,I 20,I 20 and Mm 168,,Rear End,2,Clear,Dry,Daylight
2020-10-16T14:14:00.000,I 20,I 20 and Mm 168,,Rear End,2,Clear,Dry,Daylight
2020-06-06T12:01:00.000,I 20,I 20 and Mm 168,,Not a Collision with Motor Vehicle,1,Clear,Dry,Daylight
2020-11-23T10:20:00.000,I 20,I 20 and Mm 168,,Rear End,2,Clear,Dry,Daylight
2021-11-25T16:28:00.000,I 20,I 20 and Mm 168,,Rear End,2,Clear,Dry,Daylight
2022-12-23T06:20:00.000,I 20,I 20 and Mm 168,,Not a Collision with Motor Vehicle,1,Cloudy,Dry,Dark-Not Lighted
2022-08-07T15:05:00.000,I 20,I 20 and Mm 168,,Not a Collision with Motor Vehicle,1,Rain,Wet,Daylight
2024-05-23T13:30:00.000,I 20,I 20 and Mm 168,,Angle Crash,2,Clear,Dry,Daylight
2024-10-30T15:43:00.000,I 20,I 20 and Mm 168,,Sideswipe-Same Direction,2,Clear,Dry,Daylight
2021-04-07T11:11:00.000,I 20,I 20 and Mm 1675,,Sideswipe-Same Direction,2,Clear,Dry,Daylight
2022-02-24T07:06:00.000,I 20,I 20 and Mm 167.5,,Rear End,2,Clear,Dry,Daylight
2024-02-10T06:44:00.000,I 20,I 20 and Mm 167.5,,Not a Collision with Motor Vehicle,1,Clear,Dry,Dawn
2024-08-02T09:30:00.000,I 20,I 20 and Mm 167.5,,Sideswipe-Same Direction,2,Clear,Dry,Daylight
2022-05-25T10:15:00.000,I 20,I 20 and Mm 167,,Not a Collision with Motor Vehicle,2,Cloudy,Dry,Daylight
2023-10-09T12:20:00.000,I 20,I 20 and Mm 167,,Rear End,2,Clear,Dry,Daylight
2024-09-27T05:00:00.000,I 20,I 20 and Mm 167,,Not a Collision with Motor Vehicle,1,Severe Thunderstorm or Tornadic,Wet,Dark-Not Lighted
2022-11-06T12:00:00.000,I 20,I 20 and Mm 166.5,,Not a Collision with Motor Vehicle,1,Rain,Wet,Daylight
2021-08-21T23:20:00.000,I 20,I 20 and Mm 166,,Not a Collision with Motor Vehicle,1,Clear,Dry,Dark-Not Lighted
2022-01-27T06:35:00.000,I 20,I 20 and Mm 166,,Rear End,2,Clear,Dry,Dark-Not Lighted
2020-08-03T18:56:00.000,I 20,I 20 and Mm 166,,Not a Collision with Motor Vehicle,1,Rain,Wet,Dusk
2020-08-24T16:20:00.000,I 20,I 20 and Mm 166,,Not a Collision with Motor Vehicle,1,Rain,Wet,Daylight
2020-11-22T13:16:00.000,I 20,I 20 and Mm 166,,Rear End,3,Clear,Dry,Daylight
2021-07-01T19:40:00.000,I 20,I 20 and Mm 166,,Not a Collision with Motor Vehicle,1,Rain,Wet,Daylight
2021-07-01T19:40:00.000,I 20,I 20 and Mm 166,,Not a Collision with Motor Vehicle,1,Rain,Wet,Daylight