Date and Time,Roadway (From Crash Report),Intersection Name (from Crash Report),KABCO Severity,Manner of Collision (Crash Level) ,# of Vehicles per crash ,Weather Conditions (Crash Level),Surface Condition (Crash Level) ,Light Conditions (Crash Level)
2022-05-21T15:58:00.000,I 20,I 20 and Mm 166,,Not a Collision with Motor Vehicle,1,Rain,Wet,Daylight
2023-05-20T02:20:00.000,I 20,I 20 and Mm 166,,Not a Collision with Motor Vehicle,1,Clear,Dry,Dark-Not Lighted
2022-02-04T08:47:00.000,I 20,I 20 and Mm 165.5,,Not a Collision with Motor Vehicle,1,Rain,Wet,Dawn
2022-04-16T22:29:00.000,I 20,I 20 and Mm 165.5,,Sideswipe-Same Direction,2,Cloudy,Dry,Dark-Not Lighted
2021-02-22T11:35:00.000,I 20,I 20 and Mm 165,,Not a Collision with Motor Vehicle,1,Rain,Wet,Daylight
2021-05-08T14:20:00.000,I 20,I 20 and Mm 165,,Not a Collision with Motor Vehicle,1,Clear,Dry,Daylight
2021-11-29T03:00:00.000,I 20,I 20 and Mm 165,,Not a Collision with Motor Vehicle,1,Clear,Dry,Dark-Not Lighted
2021-04-03T22:02:00.000,I 20,I 20 and Mm 165,,Angle Crash,2,Clear,Dry,Dark-Not Lighted
2021-04-01T08:13:00.000,I 20,I 20 and Mm 165,,Angle Crash,2,Clear,Dry,Daylight
2021-11-29T00:04:00.000,I 20,I 20 and Mm 165,,Sideswipe-Same Direction,2,Clear,Dry,Dark-Not Lighted
2021-11-02T07:55:00.000,I 20,I 20 and Mm 165,,Not a Collision with Motor Vehicle,1,Clear,Dry,Daylight
2023-10-12T08:31:00.000,I 20,I 20 and Mm 165,,Sideswipe-Same Direction,2,Rain,Wet,Daylight
2023-12-25T11:31:00.000,I 20,I 20 and Mm 165,,Rear End,2,Rain,Wet,Daylight
2023-08-29T21:14:00.000,I 20,I 20 and Mm 165,,Sideswipe-Same Direction,2,Cloudy,Dry,Dark-Not Lighted
2023-07-16T22:22:00.000,I 20,I 20 and Mm 165,,Rear End,4,Clear,Dry,Dark-Not Lighted
2023-12-06T01:57:00.000,I 20,I 20 and Mm 165,,Rear End,2,Clear,Dry,Dark-Not Lighted
2020-08-31T12:50:00.000,I 20,I 20 and Mm 165,,Rear End,2,Cloudy,Dry,Daylight
2020-03-06T11:15:00.000,I 20,I 20 and Mm 165,,Sideswipe-Same Direction,2,Clear,Dry,Daylight
2020-01-02T09:53:00.000,I 20,I 20 and Mm 165,,Sideswipe-Same Direction,2,Cloudy,Dry,Daylight
2020-11-21T14:10:00.000,I 20,I 20 and Mm 165,,Rear End,3,Clear,Dry,Daylight
2020-11-22T15:04:00.000,I 20,I 20 and Mm 165,,Rear End,2,Clear,Dry,Daylight
2020-06-09T18:10:00.000,I 20,I 20 and Mm 165,,Not a Collision with Motor Vehicle,1,Rain,Wet,Daylight
2020-11-22T16:39:00.000,I 20,I 20 and Mm 165,,Rear End,2,Clear,Dry,Daylight
2021-04-03T10:47:00.000,I 20,I 20 and Mm 165,,Rear End,2,Clear,Dry,Daylight
2021-02-11T13:00:00.000,I 20,I 20 and Mm 165,,Sideswipe-Same Direction,2,Cloudy,Dry,Daylight
2021-07-21T08:45:00.000,I 20,I 20 and Mm 165,,Sideswipe-Same Direction,2,Clear,Dry,Daylight
2021-12-16T05:00:00.000,I 20,I 20 and Mm 165,,Not a Collision with Motor Vehicle,1,Clear,Dry,Dark-Not Lighted
2022-03-16T10:55:00.000,I 20,I 20 and Mm 165,,Not a Collision with Motor Vehicle,1,Rain,Wet,Daylight
2022-05-21T15:57:00.000,I 20,I 20 and Mm 165,,Not a Collision with Motor Vehicle,1,Rain,Wet,Daylight
2024-11-22T12:43:00.000,I 20,I 20 and Mm 165,,Rear End,2,Clear,Dry,Daylight
2023-09-15T18:21:00.000,I 20,I 20 and Mm 165,,Rear End,2,Clear,Dry,Daylight
2023-02-11T18:50:00.000,I 20,I 20 and Mm 165,,Not a Collision with Motor Vehicle,1,Rain,Wet,Dark-Not Lighted
2024-11-27T19:55:00.000,I 20,I 20 and Mm 165,,Angle Crash,2,Clear,Dry,Dark-Not Lighted
2024-07-16T08:23:00.000,I 20,I 20 and Mm 165,,Rear End,2,Clear,Dry,Daylight
2020-11-06T16:15:00.000,I 20,I 20 and Mm 1645,,Rear End,3,Clear,Dry,Dusk
2020-11-06T16:10:00.000,I 20,I 20 and Mm 1645,,Rear End,3,Clear,Dry,Daylight
2020-11-13T06:30:00.000,I 20,I 20 and Mm 1645,,Not a Collision with Motor Vehicle,1,Fog,Dry,Dark-Not Lighted
2023-06-25T18:00:00.000,I 20,I 20 and Mm 164.5,,Sideswipe-Same Direction,2,Clear,Dry,Daylight
2021-06-17T14:16:00.000,I 20,I 20 and Mm 164,,Not a Collision with Motor Vehicle,1,Clear,Dry,Daylight
2021-01-03T12:48:00.000,I 20,I 20 and Mm 164,,Rear End,2,Clear,Dry,Daylight
2022-07-06T15:06:00.000,I 20,I 20 and Mm 164,,Sideswipe-Same Direction,2,Cloudy,Wet,Daylight
2020-10-07T09:58:00.000,I 20,I 20 and Mm 164,,Rear End,2,Clear,Dry,Daylight
2021-05-07T21:53:00.000,I 20,I 20 and Mm 164,,Rear End,2,Clear,Dry,Dark-Not Lighted
2022-07-06T13:39:00.000,I 20,I 20 and Mm 164,,Not a Collision with Motor Vehicle,1,Rain,Wet,Daylight
2024-11-27T18:11:00.000,I 20,I 20 and Mm 164,,Angle Crash,2,Clear,Dry,Dark-Lighted
2023-01-03T20:30:00.000,I 20,I 20 and Mm 164,,Not a Collision with Motor Vehicle,1,Rain,Wet,Dark-Not Lighted
2024-07-20T11:21:00.000,I 20,I 20 and Mm 164,,Rear End,2,Cloudy,Wet,Daylight
2024-08-18T02:00:00.000,I 20,I 20 and Mm 164,,Not a Collision with Motor Vehicle,1,Cloudy,Dry,Dark-Not Lighted
2021-05-07T16:35:00.000,I 20,I 20 and Mm 1635,,Rear End,3,Clear,Dry,Daylight
2024-05-23T15:37:00.000,I 20,I 20 and Mm 163.5,,Not a Collision with Motor Vehicle,1,Cloudy,Dry,Daylight
2021-03-07T13:30:00.000,I 20,I 20 and Mm 163,,Not a Collision with Motor Vehicle,1,Clear,Dry,Daylight
2021-01-01T08:18:00.000,I 20,I 20 and Mm 163,,Sideswipe-Same Direction,2,Fog,Wet,Daylight
2021-07-14T15:22:00.000,I 20,I 20 and Mm 163,,Not a Collision with Motor Vehicle,1,Rain,Wet,Daylight
2023-09-01T22:49:00.000,I 20,I 20 and Mm 163,,Not a Collision with Motor Vehicle,1,Clear,Dry,Dark-Not Lighted
2023-06-25T20:52:00.000,I 20,I 20 and Mm 163,,Not a Collision with Motor Vehicle,1,Rain,Wet,Dark-Not Lighted
2020-10-07T08:33:00.000,I 20,I 20 and Mm 163,,Rear End,2,Clear,Dry,Daylight
2020-08-05T10:10:00.000,I 20,I 20 and Mm 163,,Rear End,3,Clear,Dry,Daylight
2021-02-06T19:53:00.000,I 20,I 20 and Mm 163,,Not a Collision with Motor Vehicle,1,Rain,Wet,Dark-Not Lighted
2021-08-22T18:35:00.000,I 20,I 20 and Mm 163,,Not a Collision with Motor Vehicle,1,Rain,Wet,Daylight
2022-12-03T20:12:00.000,I 20,I 20 and Mm 163,,Sideswipe-Same Direction,2,Cloudy,Wet,Dark-Not Lighted
2022-09-16T17:17:00.000,I 20,I 20 and Mm 163,,Sideswipe-Same Direction,2,Clear,Dry,Daylight
2024-10-29T06:15:00.000,I 20,I 20 and Mm 163,,Not a Collision with Motor Vehicle,1,Clear,Dry,Dark-Lighted
2024-10-16T08:45:00.000,I 20,I 20 and Mm 163,,Sideswipe-Same Direction,2,Clear,Dry,Daylight
2024-01-03T15:10:00.000,I 20,I 20 and Mm 163,,Angle Crash,2,Clear,Dry,Daylight
2024-03-14T10:29:00.000,I 20,I 20 and Mm 163,,Not a Collision with Motor Vehicle,1,Clear,Dry,Daylight
2022-12-25T13:28:00.000,I 20,I 20 and Mm 162.5,,Rear End,2,Clear,Dry,Daylight
2021-02-23T09:07:00.000,I 20,I 20 and Mm 162,,Not a Collision with Motor Vehicle,2,Clear,Dry,Daylight
2021-08-22T18:30:00.000,I 20,I 20 and Mm 162,,Sideswipe-Same Direction,2,Rain,Wet,Daylight
2021-03-25T16:20:00.000,I 20,I 20 and Mm 162,,Sideswipe-Same Direction,1,Clear,Dry,Daylight
2020-12-22T14:38:00.000,I 20,I 20 and Mm 162,,Sideswipe-Opposite Direction,2,Clear,Dry,Daylight
2023-02-24T22:54:00.000,I 20,I 20 and Mm 162,,Not a Collision with Motor Vehicle,1,Rain,Wet,Dark-Not Lighted
2023-03-17T18:49:00.000,I 20,I 20 and Mm 162,,Not a Collision with Motor Vehicle,1,Rain,Wet,Dark-Not Lighted
2020-12-22T15:05:00.000,I 20,I 20 and Mm 162,,Rear End,2,Clear,Dry,Daylight
2020-05-15T19:51:00.000,I 20,I 20 and Mm 162,,Not a Collision with Motor Vehicle,1,Clear,Dry,Daylight
2020-12-19T13:07:00.000,I 20,I 20 and Mm 162,,Rear End,2,Clear,Dry,Daylight
2021-12-20T11:06:00.000,I 20,I 20 and Mm 162,,Rear End,2,Clear,Dry,Daylight
2021-07-14T19:42:00.000,I 20,I 20 and Mm 162,,Rear End,2,Clear,Dry,Dark-Not Lighted
2022-08-07T15:14:00.000,I 20,I 20 and Mm 162,,Not a Collision with Motor Vehicle,1,Rain,Wet,Daylight
2022-11-23T19:16:00.000,I 20,I 20 and Mm 162,,Rear End,2,Cloudy,Dry,Dark-Not Lighted
2023-12-10T18:36:00.000,I 20,I 20 and Mm 162,,Not a Collision with Motor Vehicle,1,Rain,Wet,Dark-Not Lighted
2023-07-22T15:47:00.000,I 20,I 20 and Mm 162,,Rear End,2,Clear,Dry,Daylight
2024-11-06T16:35:00.000,I 20,I 20 and Mm 162,,Not a Collision with Motor Vehicle,1,Rain,Wet,Daylight
2024-05-18T13:56:00.000,I 20,I 20 and Mm 162,,Rear End,2,Rain,Wet,Daylight
2024-05-18T13:56:00.000,I 20,I 20 and Mm 162,,Rear End,2,Rain,Wet,Daylight
2024-11-27T18:56:00.000,I 20,I 20 and Mm 162,,Rear End,2,Clear,Dry,Dark-Lighted
2024-11-06T16:35:00.000,I 20,I 20 and Mm 162,,Not a Collision with Motor Vehicle,1,Rain,Wet,Daylight
2021-09-08T19:56:00.000,I 20,I 20 and Mm 1615,,Not a Collision with Motor Vehicle,2,Cloudy,Dry,Dusk
2022-03-30T12:21:00.000,I 20,I 20 and Mm 161.5,,Sideswipe-Same Direction,2,Clear,Dry,Daylight
2023-06-14T15:50:00.000,I 20,I 20 and Mm 161.5,,Not a Collision with Motor Vehicle,1,Rain,Wet,Daylight
2023-02-20T15:33:00.000,I 20,I 20 and Mm 161,,Not a Collision with Motor Vehicle,2,Clear,Dry,Daylight
2023-04-02T16:07:00.000,I 20,I 20 and Mm 161,,Sideswipe-Same Direction,2,Clear,Dry,Daylight
2020-01-31T12:45:00.000,I 20,I 20 and Mm 161,,Not a Collision with Motor Vehicle,1,Rain,Wet,Daylight
2020-12-01T13:25:00.000,I 20,I 20 and Mm 161,,Rear End,2,Clear,Dry,Daylight
2021-05-09T22:29:00.000,I 20,I 20 and Mm 161,,Rear End,2,Clear,Dry,Dark-Not Lighted
2022-12-07T05:05:00.000,I 20,I 20 and Mm 161,,Sideswipe-Same Direction,2,Fog,Wet,Dark-Not Lighted
2022-08-09T13:25:00.000,I 20,I 20 and Mm 161,,Sideswipe-Same Direction,2,Clear,Dry,Daylight
2022-02-06T12:17:00.000,I 20,I 20 and Mm 161,,Not a Collision with Motor Vehicle,2,Clear,Dry,Daylight
2023-06-19T06:54:00.000,I 20,I 20 and Mm 161,,Not a Collision with Motor Vehicle,1,Rain,Wet,Dawn
2023-12-10T09:53:00.000,I 20,I 20 and Mm 161,,Not a Collision with Motor Vehicle,1,Rain,Wet,Daylight
2024-11-03T11:59:00.000,I 20,I 20 and Mm 161,,Rear End,4,Cloudy,Dry,Daylight
2024-01-22T08:10:00.000,I 20,I 20 and Mm 161,,Angle Crash,2,Clear,Dry,Daylight
2021-04-22T01:16:00.000,I 20,I 20 and Mm 1605,,Rear End,1,Clear,Dry,Dark-Not Lighted
2023-10-09T22:52:00.000,I 20,I 20 and Mm 160.5,,Rear End,2,Clear,Dry,Dark-Not Lighted
2021-03-04T05:54:00.000,I 20,I 20 and Mm 160,,Sideswipe-Same Direction,2,Clear,Dry,Daylight
2021-03-04T13:52:00.000,I 20,I 20 and Mm 160,,Sideswipe-Same Direction,2,Clear,Dry,Daylight
2021-03-26T09:18:00.000,I 20,I 20 and Mm 160,,Not a Collision with Motor Vehicle,1,Rain,Wet,Daylight
2021-07-15T08:11:00.000,I 20,I 20 and Mm 160,,Sideswipe-Same Direction,2,Clear,Dry,Daylight
2021-09-03T22:56:00.000,I 20,I 20 and Mm 160,,Not a Collision with Motor Vehicle,2,Clear,Dry,Dark-Not Lighted
2021-03-26T20:49:00.000,I 20,I 20 and Mm 160,,Angle Crash,1,Cloudy,Wet,Dark-Not Lighted
2021-02-17T15:41:00.000,I 20,I 20 and Mm 160,,Sideswipe-Same Direction,2,Clear,Dry,Daylight
2021-05-07T18:32:00.000,I 20,I 20 and Mm 160,,Rear End,2,Clear,Dry,Daylight
2020-06-09T19:01:00.000,I 20,I 20 and Mm 160,,Not a Collision with Motor Vehicle,1,Rain,Wet,Daylight
2023-08-03T18:35:00.000,I 20,I 20 and Mm 160,,Not a Collision with Motor Vehicle,1,Rain,Wet,Daylight
2023-08-11T07:28:00.000,I 20,I 20 and Mm 160,,Angle Crash,2,Clear,Dry,Daylight
2020-12-19T11:02:00.000,I 20,I 20 and Mm 160,,Rear End,5,Clear,Dry,Daylight
2020-11-15T14:04:00.000,I 20,I 20 and Mm 160,,Rear End,3,Cloudy,Dry,Daylight
2021-09-28T15:57:00.000,I 20,I 20 and Mm 160,,Angle Crash,2,Clear,Dry,Daylight
2021-11-12T18:54:00.000,I 20,I 20 and Mm 160,,Sideswipe-Same Direction,2,Clear,Dry,Dark-Not Lighted
2022-01-04T08:33:00.000,I 20,I 20 and Mm 160,,Not a Collision with Motor Vehicle,1,Cloudy,Dry,Daylight
2022-04-15T15:20:00.000,I 20,I 20 and Mm 160,,Not a Collision with Motor Vehicle,1,Clear,Dry,Daylight
2022-03-31T09:53:00.000,I 20,I 20 and Mm 160,,Not a Collision with Motor Vehicle,1,Rain,Wet,Daylight
2022-02-01T21:44:00.000,I 20,I 20 and Mm 160,,Sideswipe-Same Direction,2,Cloudy,Dry,Dark-Lighted
2024-05-19T12:59:00.000,I 20,I 20 and Mm 160,,Not a Collision with Motor Vehicle,1,Rain,Wet,Daylight
2024-04-29T06:36:00.000,I 20,I 20 and Mm 160,,Not a Collision with Motor Vehicle,1,Clear,Dry,Daylight
2023-05-08T16:16:00.000,I 20,I 20 and Mm 160,,Sideswipe-Same Direction,2,Rain,Wet,Daylight
2023-04-16T20:50:00.000,I 20,I 20 and Mm 160,,Angle Crash,3,Cloudy,Wet,Dark-Not Lighted
2024-04-18T09:56:00.000,I 20,I 20 and Mm 160,,Sideswipe-Same Direction,2,Clear,Dry,Daylight
2024-07-25T21:01:00.000,I 20,I 20 and Mm 160,,Not a Collision with Motor Vehicle,1,Rain,Wet,Dark-Not Lighted
2024-01-27T17:50:00.000,I 20,I 20 and Mm 160,,Not a Collision with Motor Vehicle,1,Rain,Wet,Dusk
2022-04-18T06:55:00.000,I 20,I 20 and Mm 16.5,,Not a Collision with Motor Vehicle,2,Rain,Wet,Daylight
2021-08-18T13:49:00.000,I 20,I 20 and Mm 16,,Not a Collision with Motor Vehicle,1,Cloudy,Dry,Daylight
2021-05-03T14:55:00.000,I 20,I 20 and Mm 16,,Not a Collision with Motor Vehicle,2,Cloudy,Dry,Daylight
2020-11-16T03:55:00.000,I 20,I 20 and Mm 16,,Sideswipe-Same Direction,2,Clear,Dry,Dark-Not Lighted
2020-07-21T09:36:00.000,I 20,I 20 and Mm 16,,Not a Collision with Motor Vehicle,1,Clear,Dry,Daylight
2020-12-05T08:45:00.000,I 20,I 20 and Mm 16,,Rear End,2,Clear,Dry,Daylight
2021-05-08T14:40:00.000,I 20,I 20 and Mm 16,,Rear End,2,Clear,Dry,Daylight
2022-12-09T18:49:00.000,I 20,I 20 and Mm 16,,Rear End,2,Rain,Wet,Dark-Not Lighted
2022-09-03T01:35:00.000,I 20,I 20 and Mm 16,,Not a Collision with Motor Vehicle,1,Clear,Dry,Dark-Not Lighted
2024-03-24T01:07:00.000,I 20,I 20 and Mm 16,,Angle Crash,2,Clear,Dry,Dark-Not Lighted
2024-10-22T14:30:00.000,I 20,I 20 and Mm 16,,Sideswipe-Same Direction,2,Clear,Dry,Daylight
2024-05-15T08:15:00.000,I 20,I 20 and Mm 16,,Angle Crash,2,Clear,Dry,Daylight
2021-07-16T13:39:00.000,I 20,I 20 and Mm 159,,Angle Crash,2,Rain,Wet,Daylight
2021-06-18T09:05:00.000,I 20,I 20 and Mm 159,,Angle Crash,2,Clear,Dry,Daylight
2023-06-29T09:21:00.000,I 20,I 20 and Mm 159,,Rear End,2,Clear,Dry,Daylight
2020-07-24T16:25:00.000,I 20,I 20 and Mm 159,,Rear End,2,Clear,Dry,Daylight
2020-11-15T15:40:00.000,I 20,I 20 and Mm 159,,Rear End,3,Cloudy,Dry,Daylight
2022-03-13T11:14:00.000,I 20,I 20 and Mm 159,,Not a Collision with Motor Vehicle,1,Clear,Dry,Daylight
2024-06-30T18:51:00.000,I 20,I 20 and Mm 159,,Not a Collision with Motor Vehicle,1,Rain,Wet,Daylight
2021-08-11T11:19:00.000,I 20,I 20 and Mm 158,,Rear End,2,Clear,Dry,Daylight
2021-05-20T17:46:00.000,I 20,I 20 and Mm 158,,Not a Collision with Motor Vehicle,1,Clear,Dry,Daylight
2021-11-21T06:20:00.000,I 20,I 20 and Mm 158,,Angle Crash,3,Clear,Dry,Dark-Not Lighted
2023-07-22T01:49:00.000,I 20,I 20 and Mm 158,,Not a Collision with Motor Vehicle,1,Clear,Dry,Dark-Not Lighted
2020-09-11T17:05:00.000,I 20,I 20 and Mm 158,,Rear End,2,Clear,Dry,Daylight
2020-07-26T17:54:00.000,I 20,I 20 and Mm 158,,Angle Crash,2,Rain,Wet,Daylight
2021-11-21T06:15:00.000,I 20,I 20 and Mm 158,,Rear End,2,Clear,Dry,Dark-Not Lighted
2022-12-11T22:00:00.000,I 20,I 20 and Mm 158,,Not a Collision with Motor Vehicle,1,Rain,Wet,Dark-Not Lighted
2024-03-31T17:16:00.000,I 20,I 20 and Mm 158,,Sideswipe-Same Direction,2,Clear,Dry,Daylight
2024-01-12T16:58:00.000,I 20,I 20 and Mm 158,,Not a Collision with Motor Vehicle,1,Rain,Wet,Dusk
2021-06-12T16:17:00.000,I 20,I 20 and Mm 157,,Not a Collision with Motor Vehicle,1,Rain,Wet,Daylight
2021-01-19T21:00:00.000,I 20,I 20 and Mm 157,,Not a Collision with Motor Vehicle,1,Clear,Dry,Daylight
2021-03-04T05:57:00.000,I 20,I 20 and Mm 157,,Sideswipe-Same Direction,2,Clear,Dry,Dark-Not Lighted
2021-03-04T05:56:00.000,I 20,I 20 and Mm 157,,Not a Collision with Motor Vehicle,1,Clear,Dry,Dark-Not Lighted
2020-08-20T11:05:00.000,I 20,I 20 and Mm 157,,Angle Crash,2,Clear,Dry,Daylight
2020-09-11T15:05:00.000,I 20,I 20 and Mm 157,,Not a Collision with Motor Vehicle,1,Clear,Dry,Daylight
2022-01-06T07:37:00.000,I 20,I 20 and Mm 157,,Head On,2,Clear,Dry,Daylight
2022-05-14T14:45:00.000,I 20,I 20 and Mm 157,,Not a Collision with Motor Vehicle,1,Clear,Dry,Daylight
2022-05-14T13:45:00.000,I 20,I 20 and Mm 157,,Rear End,2,Clear,Dry,Daylight
2023-12-10T16:37:00.000,I 20,I 20 and Mm 157,,Not a Collision with Motor Vehicle,1,Rain,Wet,Daylight
2023-08-01T20:15:00.000,I 20,I 20 and Mm 157,,Not a Collision with Motor Vehicle,1,Rain,Dry,Daylight
2023-04-07T16:20:00.000,I 20,I 20 and Mm 157,,Sideswipe-Same Direction,2,Cloudy,Wet,Daylight
2023-06-11T15:00:00.000,I 20,I 20 and Mm 157,,Sideswipe-Same Direction,2,Rain,Wet,Daylight
2024-01-20T07:20:00.000,I 20,I 20 and Mm 157,,Not a Collision with Motor Vehicle,1,Clear,Dry,Dawn
2020-06-19T13:43:00.000,I 20,I 20 and Mm 1565,,Rear End,2,Clear,Dry,Daylight
2021-12-16T20:37:00.000,I 20,I 20 and Mm 156,,Not a Collision with Motor Vehicle,1,Cloudy,Wet,Dark-Not Lighted
2021-01-22T07:36:00.000,I 20,I 20 and Mm 156,,Rear End,2,Rain,Wet,Daylight
2023-12-10T09:23:00.000,I 20,I 20 and Mm 156,,Not a Collision with Motor Vehicle,1,Rain,Wet,Daylight
2023-02-11T21:06:00.000,I 20,I 20 and Mm 156,,Not a Collision with Motor Vehicle,1,Rain,Wet,Dark-Not Lighted
2023-06-09T16:12:00.000,I 20,I 20 and Mm 156,,Rear End,3,Clear,Dry,Daylight
2020-09-13T20:30:00.000,I 20,I 20 and Mm 156,,Not a Collision with Motor Vehicle,1,Rain,Wet,Dark-Not Lighted
2020-12-19T18:41:00.000,I 20,I 20 and Mm 156,,Not a Collision with Motor Vehicle,1,Clear,Dry,Dark-Not Lighted
2021-04-03T09:57:00.000,I 20,I 20 and Mm 156,,Sideswipe-Same Direction,2,Clear,Dry,Daylight
2021-05-13T10:20:00.000,I 20,I 20 and Mm 156,,Rear End,2,Clear,Dry,Daylight
2023-12-26T12:55:00.000,I 20,I 20 and Mm 156,,Rear End,3,Rain,Wet,Daylight
2023-12-26T11:57:00.000,I 20,I 20 and Mm 156,,Not a Collision with Motor Vehicle,1,Cloudy,Wet,Daylight
2024-05-19T19:53:00.000,I 20,I 20 and Mm 156,,Not a Collision with Motor Vehicle,1,Clear,Dry,Daylight
2020-12-16T01:31:00.000,I 20,I 20 and Mm 1555,,Not a Collision with Motor Vehicle,1,Rain,Wet,Dark-Not Lighted
2022-09-17T18:46:00.000,I 20,I 20 and Mm 155.5,,Angle Crash,2,Clear,Dry,Daylight
2021-03-07T15:25:00.000,I 20,I 20 and Mm 155,,Rear End,2,Clear,Dry,Daylight
2023-09-25T20:46:00.000,I 20,I 20 and Mm 155,,Sideswipe-Same Direction,2,Clear,Dry,Dark-Not Lighted
2023-12-26T12:16:00.000,I 20,I 20 and Mm 155,,Rear End,2,Rain,Wet,Daylight
2023-09-24T15:38:00.000,I 20,I 20 and Mm 155,,Rear End,3,Clear,Dry,Daylight
2020-08-02T07:49:00.000,I 20,I 20 and Mm 155,,Rear End,1,Clear,Dry,Daylight
2020-07-12T01:15:00.000,I 20,I 20 and Mm 155,,Not a Collision with Motor Vehicle,1,Clear,Dry,Dark-Not Lighted
2020-12-24T17:39:00.000,I 20,I 20 and Mm 155,,Sideswipe-Same Direction,1,Rain,Wet,Dark-Not Lighted
2020-12-18T08:22:00.000,I 20,I 20 and Mm 155,,Not a Collision with Motor Vehicle,1,Clear,Dry,Daylight
2022-09-08T15:55:00.000,I 20,I 20 and Mm 155,,Not a Collision with Motor Vehicle,1,Cloudy,Dry,Daylight
2023-12-26T12:17:00.000,I 20,I 20 and Mm 155,,Rear End,2,Rain,Wet,Daylight
2024-01-26T12:40:00.000,I 20,I 20 and Mm 154.5,,Angle Crash,1,Clear,Dry,Daylight
2021-08-01T15:50:00.000,I 20,I 20 and Mm 154,,Sideswipe-Same Direction,2,Clear,Dry,Daylight
2021-02-17T21:49:00.000,I 20,I 20 and Mm 154,,Angle Crash,2,Cloudy,Wet,Dark-Not Lighted
2020-07-13T12:55:00.000,I 20,I 20 and Mm 154,,Not a Collision with Motor Vehicle,1,Clear,Dry,Daylight
2023-06-09T15:21:00.000,I 20,I 20 and Mm 154,,Sideswipe-Same Direction,2,Clear,Dry,Daylight
2023-06-01T21:48:00.000,I 20,I 20 and Mm 154,,Not a Collision with Motor Vehicle,1,Cloudy,Dry,Dark-Not Lighted
2023-11-12T07:30:00.000,I 20,I 20 and Mm 154,,Not a Collision with Motor Vehicle,1,Cloudy,Wet,Daylight
2023-08-18T13:42:00.000,I 20,I 20 and Mm 154,,Not a Collision with Motor Vehicle,1,Clear,Dry,Daylight
2023-03-12T08:29:00.000,I 20,I 20 and Mm 154,,Not a Collision with Motor Vehicle,1,Rain,Wet,Daylight
2020-02-15T19:24:00.000,I 20,I 20 and Mm 154,,Not a Collision with Motor Vehicle,1,Clear,Dry,Daylight
2020-10-26T02:45:00.000,I 20,I 20 and Mm 154,,Not a Collision with Motor Vehicle,1,Cloudy,Dry,Dark-Not Lighted
2020-01-11T20:05:00.000,I 20,I 20 and Mm 154,,Not a Collision with Motor Vehicle,1,Rain,Wet,Dark-Not Lighted
2020-09-14T11:58:00.000,I 20,I 20 and Mm 154,,Not a Collision with Motor Vehicle,1,Cloudy,Dry,Daylight
2021-07-02T21:34:00.000,I 20,I 20 and Mm 154,,Rear End,2,Cloudy,Dry,Dark-Not Lighted
2021-10-02T07:35:00.000,I 20,I 20 and Mm 154,,Not a Collision with Motor Vehicle,1,Clear,Dry,Daylight
2021-08-19T13:52:00.000,I 20,I 20 and Mm 154,,Not a Collision with Motor Vehicle,1,Clear,Dry,Daylight
2021-08-11T10:29:00.000,I 20,I 20 and Mm 154,,Rear End,2,Clear,Dry,Daylight
2021-08-11T09:06:00.000,I 20,I 20 and Mm 154,,Rear End,2,Clear,Dry,Daylight
2021-08-16T07:03:00.000,I 20,I 20 and Mm 154,,Not a Collision with Motor Vehicle,1,Cloudy,Dry,Daylight
2022-03-01T14:45:00.000,I 20,I 20 and Mm 154,,Not a Collision with Motor Vehicle,1,Clear,Dry,Daylight
2023-04-16T05:15:00.000,I 20,I 20 and Mm 154,,Not a Collision with Motor Vehicle,1,Rain,Wet,Dark-Not Lighted
2024-05-27T15:25:00.000,I 20,I 20 and Mm 154,,Not a Collision with Motor Vehicle,1,Clear,Dry,Daylight
2024-04-28T13:28:00.000,I 20,I 20 and Mm 154,,Sideswipe-Same Direction,2,Clear,Dry,Daylight
2023-02-24T23:12:00.000,I 20,I 20 and Mm 154,,Not a Collision with Motor Vehicle,1,Rain,Wet,Dark-Not Lighted
2023-06-04T18:00:00.000,I 20,I 20 and Mm 154,,Angle Crash,2,Clear,Dry,Daylight
2023-05-07T07:50:00.000,I 20,I 20 and Mm 154,,Not a Collision with Motor Vehicle,1,Clear,Dry,Daylight
2024-04-29T07:35:00.000,I 20,I 20 and Mm 154,,Not a Collision with Motor Vehicle,1,Clear,Dry,Daylight
2024-10-15T06:50:00.000,I 20,I 20 and Mm 154,,Sideswipe-Same Direction,2,Clear,Dry,Dark-Not Lighted
2024-04-11T04:42:00.000,I 20,I 20 and Mm 154,,Not a Collision with Motor Vehicle,1,Rain,Wet,Dark-Not Lighted
2024-11-23T15:40:00.000,I 20,I 20 and Mm 154,,Angle Crash,2,Clear,Dry,Daylight
2024-04-29T07:35:00.000,I 20,I 20 and Mm 154,,Not a Collision with Motor Vehicle,1,Clear,Dry,Daylight
2024-04-21T15:00:00.000,I 20,I 20 and Mm 154,,Not a Collision with Motor Vehicle,1,Rain,Wet,Daylight
2024-03-27T19:26:00.000,I 20,I 20 and Mm 154,,Sideswipe-Same Direction,2,Cloudy,Dry,Daylight
2022-03-26T18:08:00.000,I 20,I 20 and Mm 153.5,,Rear End,2,Clear,Dry,Daylight
2021-05-06T16:21:00.000,I 20,I 20 and Mm 153,,Rear End,2,Cloudy,Dry,Daylight