Date and Time,Roadway (From Crash Report),Intersection Name (from Crash Report),KABCO Severity,Manner of Collision (Crash Level) ,# of Vehicles per crash ,Weather Conditions (Crash Level),Surface Condition (Crash Level) ,Light Conditions (Crash Level)
2021-06-14T19:44:00.000,I 20,I 20 and Mm 153,,Not a Collision with Motor Vehicle,1,Rain,Wet,Daylight
2022-02-03T13:26:00.000,I 20,I 20 and Mm 153,,Not a Collision with Motor Vehicle,2,Clear,Dry,Daylight
2024-06-04T18:08:00.000,I 20,I 20 and Mm 153,,Not a Collision with Motor Vehicle,2,Clear,Dry,Daylight
2024-07-19T20:14:00.000,I 20,I 20 and Mm 153,,Not a Collision with Motor Vehicle,1,Cloudy,Wet,Dark-Not Lighted
2023-09-18T15:45:00.000,I 20,I 20 and Mm 152,,Sideswipe-Same Direction,2,Clear,Dry,Daylight
2023-06-05T04:30:00.000,I 20,I 20 and Mm 152,,Not a Collision with Motor Vehicle,1,Clear,Dry,Dark-Not Lighted
2020-08-11T04:41:00.000,I 20,I 20 and Mm 151,,Angle Crash,2,Clear,Dry,Dark-Not Lighted
2020-10-30T16:02:00.000,I 20,I 20 and Mm 1505,,Rear End,2,Clear,Dry,Daylight
2021-03-07T21:45:00.000,I 20,I 20 and Mm 150,,Rear End,2,Clear,Dry,Dark-Not Lighted
2022-08-03T12:00:00.000,I 20,I 20 and Mm 150,,Not a Collision with Motor Vehicle,1,Clear,Dry,Daylight
2023-06-08T15:45:00.000,I 20,I 20 and Mm 150,,Sideswipe-Same Direction,2,Clear,Dry,Daylight
2024-03-26T08:23:00.000,I 20,I 20 and Mm 15 Exit Ramp Weigh Sta,,Rear End,2,Cloudy,Wet,Daylight
2021-10-08T11:06:00.000,I 20,I 20 and Mm 15,,Not a Collision with Motor Vehicle,1,Clear,Dry,Daylight
2020-11-08T02:10:00.000,I 20,I 20 and Mm 15,,Not a Collision with Motor Vehicle,1,Clear,Dry,Dark-Not Lighted
2021-01-03T23:13:00.000,I 20,I 20 and Mm 15,,Rear End,2,Clear,Dry,Dark-Not Lighted
2021-06-02T16:47:00.000,I 20,I 20 and Mm 15,,Sideswipe-Same Direction,2,Clear,Dry,Daylight
2021-11-11T18:59:00.000,I 20,I 20 and Mm 15,,Not a Collision with Motor Vehicle,1,Rain,Wet,Dark-Not Lighted
2022-09-20T14:03:00.000,I 20,I 20 and Mm 15,,Not a Collision with Motor Vehicle,1,Cloudy,Dry,Daylight
2022-09-28T05:55:00.000,I 20,I 20 and Mm 15,,Not a Collision with Motor Vehicle,1,Clear,Dry,Dark-Not Lighted
2022-01-04T15:27:00.000,I 20,I 20 and Mm 15,,Sideswipe-Same Direction,2,Clear,Dry,Daylight
2022-01-11T22:00:00.000,I 20,I 20 and Mm 15,,Not a Collision with Motor Vehicle,1,Cloudy,Dry,Dark-Not Lighted
2022-07-18T17:06:00.000,I 20,I 20 and Mm 15,,Not a Collision with Motor Vehicle,1,Cloudy,Dry,Daylight
2022-12-05T14:45:00.000,I 20,I 20 and Mm 15,,Not a Collision with Motor Vehicle,1,Rain,Wet,Daylight
2024-04-16T22:59:00.000,I 20,I 20 and Mm 15,,Sideswipe-Same Direction,2,Clear,Dry,Dark-Not Lighted
2023-02-18T04:34:00.000,I 20,I 20 and Mm 15,,Angle Crash,1,Clear,Dry,Dark-Not Lighted
2023-08-23T18:30:00.000,I 20,I 20 and Mm 15,,Rear End,2,Cloudy,Dry,Daylight
2023-02-17T04:23:00.000,I 20,I 20 and Mm 15,,Angle Crash,2,Rain,Wet,Dark-Not Lighted
2024-09-25T15:45:00.000,I 20,I 20 and Mm 15,,Angle Crash,2,Rain,Wet,Daylight
2020-10-21T20:33:00.000,I 20,I 20 and Mm 149,,Sideswipe-Same Direction,2,Clear,Dry,Dark-Not Lighted
2023-12-10T15:45:00.000,I 20,I 20 and Mm 148.5,,Not a Collision with Motor Vehicle,1,Rain,Wet,Daylight
2021-07-22T15:46:00.000,I 20,I 20 and Mm 148 Exit Rp,,Rear End,3,Cloudy,Dry,Daylight
2021-12-18T16:31:00.000,I 20,I 20 and Mm 148,,Not a Collision with Motor Vehicle,1,Rain,Wet,Dusk
2021-03-19T15:45:00.000,I 20,I 20 and Mm 148,,Rear End,1,Clear,Dry,Daylight
2023-12-27T02:10:00.000,I 20,I 20 and Mm 148,,Not a Collision with Motor Vehicle,1,Rain,Wet,Dark-Not Lighted
2022-06-23T10:55:00.000,I 20,I 20 and Mm 148,,Not a Collision with Motor Vehicle,1,Clear,Dry,Daylight
2022-11-27T16:15:00.000,I 20,I 20 and Mm 148,,Rear End,2,Clear,Dry,Daylight
2023-05-25T16:12:00.000,I 20,I 20 and Mm 148,,Not a Collision with Motor Vehicle,1,Clear,Dry,Daylight
2023-03-18T15:24:00.000,I 20,I 20 and Mm 147,,Not a Collision with Motor Vehicle,1,Clear,Dry,Daylight
2023-03-18T16:01:00.000,I 20,I 20 and Mm 147,,Rear End,2,Clear,Dry,Daylight
2024-06-29T14:30:00.000,I 20,I 20 and Mm 147,,Rear End,2,Rain,Wet,Daylight
2024-07-26T15:40:00.000,I 20,I 20 and Mm 147,,Rear End,2,Cloudy,Dry,Daylight
2020-11-25T22:09:00.000,I 20,I 20 and Mm 146,,Rear End,2,Rain,Wet,Dark-Not Lighted
2023-09-27T13:27:00.000,I 20,I 20 and Mm 146,,Sideswipe-Same Direction,2,Cloudy,Dry,Daylight
2024-05-05T01:56:00.000,I 20,I 20 and Mm 146,,Not a Collision with Motor Vehicle,1,Clear,Dry,Dark-Not Lighted
2023-03-01T08:57:00.000,I 20,I 20 and Mm 145,,Not a Collision with Motor Vehicle,1,Cloudy,Dry,Daylight
2021-07-22T15:45:00.000,I 20,I 20 and Mm 145,,Rear End,3,Cloudy,Dry,Daylight
2022-11-23T13:45:00.000,I 20,I 20 and Mm 145,,Rear End,2,Cloudy,Dry,Daylight
2023-03-01T08:19:00.000,I 20,I 20 and Mm 145,,Not a Collision with Motor Vehicle,1,Cloudy,Dry,Daylight
2024-08-05T13:58:00.000,I 20,I 20 and Mm 145,,Rear End,2,Rain,Wet,Daylight
2024-08-05T13:55:00.000,I 20,I 20 and Mm 145,,Not a Collision with Motor Vehicle,1,Rain,Wet,Daylight
2024-01-09T23:35:00.000,I 20,I 20 and Mm 145,,Not a Collision with Motor Vehicle,1,Clear,Dry,Dark-Not Lighted
2024-08-04T09:53:00.000,I 20,I 20 and Mm 144.5,,Sideswipe-Same Direction,2,Clear,Dry,Daylight
2023-04-30T08:20:00.000,I 20,I 20 and Mm 144,,Not a Collision with Motor Vehicle,1,Rain,Wet,Daylight
2023-03-17T18:10:00.000,I 20,I 20 and Mm 144,,Not a Collision with Motor Vehicle,1,Rain,Wet,Daylight
2023-04-01T11:50:00.000,I 20,I 20 and Mm 144,,Not a Collision with Motor Vehicle,1,Rain,Wet,Daylight
2023-03-31T03:19:00.000,I 20,I 20 and Mm 144,,Not a Collision with Motor Vehicle,1,Clear,Dry,Dark-Not Lighted
2023-12-03T03:00:00.000,I 20,I 20 and Mm 143,,Not a Collision with Motor Vehicle,1,Cloudy,Wet,Dark-Not Lighted
2020-11-14T06:38:00.000,I 20,I 20 and Mm 143,,Not a Collision with Motor Vehicle,1,Clear,Dry,Dark-Not Lighted
2022-11-10T23:31:00.000,I 20,I 20 and Mm 143,,Not a Collision with Motor Vehicle,1,Rain,Wet,Dark-Not Lighted
2021-07-12T11:09:00.000,I 20,I 20 and Mm 142,,Sideswipe-Same Direction,2,Clear,Dry,Daylight
2020-10-10T08:11:00.000,I 20,I 20 and Mm 1415,,Angle Crash,2,Rain,Wet,Daylight
2020-09-26T16:25:00.000,I 20,I 20 and Mm 141,,Not a Collision with Motor Vehicle,1,Clear,Dry,Daylight
2024-12-22T14:49:00.000,I 20,I 20 and Mm 141,,Not a Collision with Motor Vehicle,1,Clear,Dry,Daylight
2021-05-03T18:25:00.000,I 20,I 20 and Mm 140,,Not a Collision with Motor Vehicle,1,Rain,Wet,Daylight
2022-03-23T12:06:00.000,I 20,I 20 and Mm 140,,Sideswipe-Same Direction,2,Cloudy,Dry,Daylight
2023-08-01T12:54:00.000,I 20,I 20 and Mm 14,,Sideswipe-Same Direction,2,Clear,Dry,Daylight
2022-02-26T05:48:00.000,I 20,I 20 and Mm 14,,Rear End,2,Cloudy,Dry,Dark-Not Lighted
2022-06-14T05:10:00.000,I 20,I 20 and Mm 14,,Rear End,2,Cloudy,Dry,Daylight
2022-12-21T18:42:00.000,I 20,I 20 and Mm 14,,Not a Collision with Motor Vehicle,1,Clear,Dry,Dark-Not Lighted
2022-05-30T14:34:00.000,I 20,I 20 and Mm 14,,Rear End,2,Clear,Dry,Daylight
2022-11-22T20:29:00.000,I 20,I 20 and Mm 14,,Angle Crash,2,Clear,Dry,Dark-Not Lighted
2022-04-15T16:12:00.000,I 20,I 20 and Mm 14,,Not a Collision with Motor Vehicle,1,Clear,Dry,Daylight
2024-03-26T13:45:00.000,I 20,I 20 and Mm 14,,Not a Collision with Motor Vehicle,1,Rain,Wet,Daylight
2024-09-17T13:43:00.000,I 20,I 20 and Mm 14,,Rear End,2,Cloudy,Dry,Daylight
2024-06-09T14:00:00.000,I 20,I 20 and Mm 14,,Not a Collision with Motor Vehicle,1,Clear,Dry,Daylight
2021-08-15T16:12:00.000,I 20,I 20 and Mm 1395,,Angle Crash,3,Rain,Wet,Daylight
2020-12-24T13:01:00.000,I 20,I 20 and Mm 138,,Not a Collision with Motor Vehicle,1,Rain,Wet,Daylight
2021-09-29T04:35:00.000,I 20,I 20 and Mm 138,,Not a Collision with Motor Vehicle,1,Clear,Dry,Dark-Not Lighted
2021-12-21T09:55:00.000,I 20,I 20 and Mm 138,,Not a Collision with Motor Vehicle,1,Cloudy,Dry,Daylight
2024-05-15T15:42:00.000,I 20,I 20 and Mm 138,,Not a Collision with Motor Vehicle,1,Rain,Wet,Daylight
2021-11-04T01:00:00.000,I 20,I 20 and Mm 137,,Sideswipe-Same Direction,2,Rain,Wet,Dark-Not Lighted
2022-04-05T12:55:00.000,I 20,I 20 and Mm 137,,Rear End,2,Rain,Wet,Daylight
2022-04-05T11:17:00.000,I 20,I 20 and Mm 137,,Not a Collision with Motor Vehicle,1,Rain,Wet,Daylight
2020-07-22T12:43:00.000,I 20,I 20 and Mm 1365,,Not a Collision with Motor Vehicle,1,Clear,Dry,Daylight
2021-01-29T15:08:00.000,I 20,I 20 and Mm 136,,Not a Collision with Motor Vehicle,3,Clear,Dry,Daylight
2021-11-28T18:05:00.000,I 20,I 20 and Mm 136,,Rear End,4,Clear,Dry,Dark-Not Lighted
2020-12-05T11:37:00.000,I 20,I 20 and Mm 136,,Angle Crash,2,Clear,Dry,Daylight
2021-01-29T15:08:00.000,I 20,I 20 and Mm 136,,Not a Collision with Motor Vehicle,1,Clear,Dry,Daylight
2022-05-13T17:50:00.000,I 20,I 20 and Mm 136,,Rear End,6,Rain,Wet,Daylight
2021-08-24T19:29:00.000,I 20,I 20 and Mm 135,,Not a Collision with Motor Vehicle,1,Clear,Dry,Daylight
2020-03-30T12:19:00.000,I 20,I 20 and Mm 135,,Not a Collision with Motor Vehicle,1,Clear,Dry,Daylight
2020-09-28T07:36:00.000,I 20,I 20 and Mm 135,,Angle Crash,2,Rain,Wet,Dawn
2020-10-22T14:33:00.000,I 20,I 20 and Mm 135,,Not a Collision with Motor Vehicle,1,Clear,Dry,Daylight
2024-12-29T08:09:00.000,I 20,I 20 and Mm 135,,Not a Collision with Motor Vehicle,1,Rain,Wet,Daylight
2023-10-06T11:21:00.000,I 20,I 20 and Mm 135,,Not a Collision with Motor Vehicle,1,Clear,Dry,Daylight
2022-01-08T12:17:00.000,I 20,I 20 and Mm 134.5,,Rear End,5,Clear,Dry,Daylight
2024-05-17T13:59:00.000,I 20,I 20 and Mm 134.5,,Sideswipe-Same Direction,2,Clear,Dry,Daylight
2021-05-11T14:20:00.000,I 20,I 20 and Mm 134,,Sideswipe-Same Direction,2,Cloudy,Dry,Daylight
2020-07-10T18:20:00.000,I 20,I 20 and Mm 134,,Not a Collision with Motor Vehicle,1,Rain,Wet,Daylight
2020-09-21T18:27:00.000,I 20,I 20 and Mm 134,,Not a Collision with Motor Vehicle,1,Cloudy,Dry,Daylight
2021-08-04T20:54:00.000,I 20,I 20 and Mm 134,,Angle Crash,2,Cloudy,Dry,Dusk
2022-12-22T07:50:00.000,I 20,I 20 and Mm 134,,Not a Collision with Motor Vehicle,1,Cloudy,Wet,Daylight
2022-07-06T09:14:00.000,I 20,I 20 and Mm 134,,Not a Collision with Motor Vehicle,1,Clear,Dry,Daylight
2022-12-22T07:43:00.000,I 20,I 20 and Mm 134,,Rear End,2,Cloudy,Wet,Daylight
2024-05-02T12:20:00.000,I 20,I 20 and Mm 134,,Not a Collision with Motor Vehicle,1,Clear,Dry,Daylight
2020-03-11T00:49:00.000,I 20,I 20 and Mm 133,,Not a Collision with Motor Vehicle,1,Clear,Dry,Dark-Not Lighted
2020-04-24T15:26:00.000,I 20,I 20 and Mm 133,,Sideswipe-Same Direction,2,Clear,Dry,Daylight
2020-02-11T23:39:00.000,I 20,I 20 and Mm 133,,Not a Collision with Motor Vehicle,1,Cloudy,Wet,Dark-Not Lighted
2023-08-22T11:45:00.000,I 20,I 20 and Mm 133,,Rear End,2,Clear,Dry,Daylight
2024-05-15T16:25:00.000,I 20,I 20 and Mm 133,,Rear End,2,Rain,Wet,Daylight
2021-05-31T16:34:00.000,I 20,I 20 and Mm 132,,Not a Collision with Motor Vehicle,1,Clear,Dry,Daylight
2022-01-05T17:09:00.000,I 20,I 20 and Mm 131.5,,Rear End,2,Clear,Dry,Daylight
2021-09-10T23:41:00.000,I 20,I 20 and Mm 131,,Rear End,2,Clear,Dry,Dark-Not Lighted
2021-02-12T20:00:00.000,I 20,I 20 and Mm 131,,Rear End,2,Clear,Wet,Dark-Not Lighted
2023-08-21T10:10:00.000,I 20,I 20 and Mm 131,,Rear End,2,Clear,Dry,Daylight
2020-04-24T16:40:00.000,I 20,I 20 and Mm 130 Exit Rp,,Angle Crash,2,Clear,Dry,Daylight
2021-11-06T20:41:00.000,I 20,I 20 and Mm 130,,Angle Crash,2,Clear,Dry,Dark-Not Lighted
2021-12-11T16:44:00.000,I 20,I 20 and Mm 130,,Not a Collision with Motor Vehicle,1,Rain,Wet,Daylight
2021-09-25T01:24:00.000,I 20,I 20 and Mm 130,,Rear End,2,Clear,Dry,Dark-Not Lighted
2020-05-25T17:37:00.000,I 20,I 20 and Mm 130,,Not a Collision with Motor Vehicle,1,Rain,Wet,Daylight
2020-11-12T04:30:00.000,I 20,I 20 and Mm 130,,Angle Crash,1,Rain,Wet,Dark-Lighted
2020-05-25T17:37:00.000,I 20,I 20 and Mm 130,,Not a Collision with Motor Vehicle,1,Rain,Wet,Daylight
2024-07-19T17:12:00.000,I 20,I 20 and Mm 130,,Not a Collision with Motor Vehicle,1,Rain,Wet,Daylight
2024-05-21T18:15:00.000,I 20,I 20 and Mm 130,,Rear End,2,Clear,Dry,Daylight
2021-08-09T15:03:00.000,I 20,I 20 and Mm 13,,Not a Collision with Motor Vehicle,1,Rain,Wet,Daylight
2021-03-09T07:50:00.000,I 20,I 20 and Mm 13,,Sideswipe-Same Direction,2,Clear,Dry,Daylight
2023-02-14T06:44:00.000,I 20,I 20 and Mm 13,,Sideswipe-Same Direction,2,Clear,Dry,Dawn
2021-10-02T13:32:00.000,I 20,I 20 and Mm 13,,Not a Collision with Motor Vehicle,1,Clear,Dry,Daylight
2022-10-09T10:50:00.000,I 20,I 20 and Mm 13,,Sideswipe-Same Direction,2,Clear,Dry,Daylight
2022-09-11T14:00:00.000,I 20,I 20 and Mm 13,,Not a Collision with Motor Vehicle,1,Rain,Wet,Daylight
2022-05-21T11:17:00.000,I 20,I 20 and Mm 13,,Not a Collision with Motor Vehicle,1,Clear,Dry,Daylight
2024-07-21T04:40:00.000,I 20,I 20 and Mm 13,,Not a Collision with Motor Vehicle,1,Clear,Wet,Dark-Lighted
2024-11-13T11:10:00.000,I 20,I 20 and Mm 129,,Rear End,2,Clear,Dry,Daylight
2023-12-16T13:31:00.000,I 20,I 20 and Mm 129,,Sideswipe-Same Direction,2,Clear,Dry,Daylight
2020-07-30T17:10:00.000,I 20,I 20 and Mm 128,,Not a Collision with Motor Vehicle,1,Rain,Wet,Daylight
2020-08-22T18:50:00.000,I 20,I 20 and Mm 127,,Not a Collision with Motor Vehicle,1,Cloudy,Dry,Daylight
2021-09-18T15:21:00.000,I 20,I 20 and Mm 127,,Sideswipe-Same Direction,2,Clear,Dry,Daylight
2021-07-10T13:09:00.000,I 20,I 20 and Mm 127,,Not a Collision with Motor Vehicle,1,Rain,Wet,Daylight
2023-06-21T18:25:00.000,I 20,I 20 and Mm 126,,Angle Crash,2,Rain,Wet,Daylight
2020-09-10T15:30:00.000,I 20,I 20 and Mm 126,,Rear End,2,Rain,Dry,Daylight
2020-03-21T16:19:00.000,I 20,I 20 and Mm 126,,Rear End,2,Clear,Dry,Daylight
2023-06-21T15:02:00.000,I 20,I 20 and Mm 125.5,,Not a Collision with Motor Vehicle,1,Rain,Wet,Daylight
2021-05-14T13:43:00.000,I 20,I 20 and Mm 125,,Sideswipe-Same Direction,2,Clear,Dry,Daylight
2021-03-15T17:17:00.000,I 20,I 20 and Mm 125,,Sideswipe-Same Direction,2,Cloudy,Dry,Daylight
2022-09-25T07:30:00.000,I 20,I 20 and Mm 125,,Not a Collision with Motor Vehicle,1,Clear,Dry,Daylight
2023-04-05T15:42:00.000,I 20,I 20 and Mm 125,,Rear End,2,Clear,Dry,Daylight
2024-11-06T21:13:00.000,I 20,I 20 and Mm 125,,Sideswipe-Same Direction,2,Rain,Wet,Dark-Not Lighted
2024-05-28T19:19:00.000,I 20,I 20 and Mm 125,,Sideswipe-Same Direction,2,Clear,Dry,Daylight
2020-05-04T11:15:00.000,I 20,I 20 and Mm 1245,,Angle Crash,2,Clear,Dry,Daylight
2021-03-18T08:00:00.000,I 20,I 20 and Mm 1245,,Rear End,2,Rain,Wet,Daylight
2024-06-07T21:35:00.000,I 20,I 20 and Mm 124.5,,Rear End,2,Clear,Dry,Dark-Not Lighted
2023-04-05T15:42:00.000,I 20,I 20 and Mm 124,,Sideswipe-Same Direction,2,Clear,Dry,Daylight
2020-09-06T19:39:00.000,I 20,I 20 and Mm 124,,Not a Collision with Motor Vehicle,1,Clear,Dry,Daylight
2022-03-12T15:05:00.000,I 20,I 20 and Mm 124,,Not a Collision with Motor Vehicle,1,Clear,Dry,Daylight
2024-08-08T17:31:00.000,I 20,I 20 and Mm 123.5,,Not a Collision with Motor Vehicle,1,Rain,Wet,Daylight
2022-09-04T13:11:00.000,I 20,I 20 and Mm 123,,Not a Collision with Motor Vehicle,1,Rain,Wet,Daylight
2024-06-24T07:51:00.000,I 20,I 20 and Mm 123,,Not a Collision with Motor Vehicle,1,Rain,Wet,Daylight
2020-05-18T08:47:00.000,I 20,I 20 and Mm 1225,,Not a Collision with Motor Vehicle,1,Cloudy,Dry,Daylight
2021-07-27T09:50:00.000,I 20,I 20 and Mm 1225,,Rear End,2,Clear,Dry,Daylight
2020-04-15T16:54:00.000,I 20,I 20 and Mm 122,,Rear End,2,Clear,Dry,Daylight
2021-11-07T13:18:00.000,I 20,I 20 and Mm 122,,Angle Crash,3,Clear,Dry,Daylight
2023-03-24T13:38:00.000,I 20,I 20 and Mm 122,,Rear End,2,Clear,Dry,Daylight
2023-09-11T14:46:00.000,I 20,I 20 and Mm 122,,Not a Collision with Motor Vehicle,1,Rain,Wet,Daylight
2021-10-30T18:00:00.000,I 20,I 20 and Mm 121,,Rear End,2,Cloudy,Wet,Dark-Not Lighted
2020-01-31T17:30:00.000,I 20,I 20 and Mm 121,,Not a Collision with Motor Vehicle,1,Cloudy,Wet,Daylight
2021-12-06T15:06:00.000,I 20,I 20 and Mm 121,,Not a Collision with Motor Vehicle,1,Rain,Wet,Daylight
2022-08-09T16:07:00.000,I 20,I 20 and Mm 121,,Sideswipe-Same Direction,2,Cloudy,Dry,Daylight
2021-06-17T14:43:00.000,I 20,I 20 and Mm 1205,,Not a Collision with Motor Vehicle,1,Clear,Dry,Daylight
2020-03-28T05:16:00.000,I 20,I 20 and Mm 120,,Rear End,2,Cloudy,Dry,Dark-Not Lighted
2021-11-22T12:28:00.000,I 20,I 20 and Mm 120,,Sideswipe-Same Direction,2,Clear,Dry,Daylight
2022-07-01T12:09:00.000,I 20,I 20 and Mm 120,,Rear End,2,Cloudy,Dry,Daylight
2022-01-17T22:38:00.000,I 20,I 20 and Mm 120,,Angle Crash,2,Cloudy,Dry,Dark-Not Lighted
2023-04-28T12:44:00.000,I 20,I 20 and Mm 120,,Angle Crash,2,Clear,Dry,Daylight
2021-08-31T09:46:00.000,I 20,I 20 and Mm 12,,Not a Collision with Motor Vehicle,1,Rain,Wet,Daylight
2023-09-29T13:37:00.000,I 20,I 20 and Mm 12,,Rear End,2,Clear,Dry,Daylight
2020-12-19T16:58:00.000,I 20,I 20 and Mm 12,,Sideswipe-Same Direction,1,Cloudy,Dry,Daylight
2020-10-20T06:20:00.000,I 20,I 20 and Mm 12,,Sideswipe-Same Direction,2,Clear,Dry,Dark-Not Lighted
2020-04-29T19:05:00.000,I 20,I 20 and Mm 12,,Not a Collision with Motor Vehicle,1,Rain,Wet,Daylight
2021-04-12T03:37:00.000,I 20,I 20 and Mm 12,,Sideswipe-Same Direction,2,Clear,Dry,Dark-Not Lighted
2021-02-01T22:50:00.000,I 20,I 20 and Mm 12,,Not a Collision with Motor Vehicle,1,Clear,Dry,Dark-Not Lighted
2022-04-05T13:00:00.000,I 20,I 20 and Mm 12,,Not a Collision with Motor Vehicle,1,Rain,Wet,Daylight
2022-05-20T17:20:00.000,I 20,I 20 and Mm 12,,Not a Collision with Motor Vehicle,1,Clear,Dry,Daylight
2022-06-06T14:24:00.000,I 20,I 20 and Mm 12,,Sideswipe-Same Direction,2,Cloudy,Dry,Daylight
2024-11-18T15:47:00.000,I 20,I 20 and Mm 12,,Sideswipe-Same Direction,2,Clear,Dry,Daylight
2024-09-19T15:25:00.000,I 20,I 20 and Mm 12,,Rear End,2,Clear,Dry,Daylight
2022-03-16T07:33:00.000,I 20,I 20 and Mm 119,,Not a Collision with Motor Vehicle,1,Rain,Wet,Daylight
2022-05-21T17:55:00.000,I 20,I 20 and Mm 119,,Sideswipe-Same Direction,2,Cloudy,Wet,Daylight
2023-04-06T13:51:00.000,I 20,I 20 and Mm 119,,Not a Collision with Motor Vehicle,1,Clear,Dry,Daylight
2024-11-03T14:51:00.000,I 20,I 20 and Mm 119,,Sideswipe-Same Direction,2,Clear,Dry,Daylight
2020-09-25T14:54:00.000,I 20,I 20 and Mm 118,,Angle Crash,2,Clear,Dry,Daylight
2022-11-01T12:45:00.000,I 20,I 20 and Mm 118,,Sideswipe-Same Direction,2,Clear,Dry,Daylight
2022-07-12T08:07:00.000,I 20,I 20 and Mm 118,,Not a Collision with Motor Vehicle,1,Cloudy,Dry,Daylight
2024-10-30T21:51:00.000,I 20,I 20 and Mm 118,,Rear End,2,Cloudy,Dry,Dark-Not Lighted
2022-03-07T13:56:00.000,I 20,I 20 and Mm 117,,Not a Collision with Motor Vehicle,1,Clear,Dry,Daylight
2024-11-30T19:48:00.000,I 20,I 20 and Mm 117,,Rear End,3,Clear,Dry,Dark-Not Lighted
2021-05-23T17:31:00.000,I 20,I 20 and Mm 1165,,Not a Collision with Motor Vehicle,1,Clear,Dry,Daylight
2021-03-31T06:15:00.000,I 20,I 20 and Mm 116,,Rear End,2,Cloudy,Dry,Dark-Not Lighted
2020-05-07T10:00:00.000,I 20,I 20 and Mm 116,,Rear End,2,Clear,Wet,Daylight
2023-01-04T07:16:00.000,I 20,I 20 and Mm 116,,Head On,1,Rain,Wet,Dawn
2024-10-20T20:40:00.000,I 20,I 20 and Mm 115.5,,Not a Collision with Motor Vehicle,1,Clear,Dry,Dark-Not Lighted
2022-05-12T17:13:00.000,I 20,I 20 and Mm 115,,Rear End,2,Clear,Dry,Daylight
2020-01-28T23:09:00.000,I 20,I 20 and Mm 115,,Not a Collision with Motor Vehicle,1,Clear,Dry,Dark-Not Lighted
2024-05-15T15:21:00.000,I 20,I 20 and Mm 114.5,,Not a Collision with Motor Vehicle,1,Rain,Wet,Daylight
2021-12-10T19:58:00.000,I 20,I 20 and Mm 114,,Rear End,2,Rain,Wet,Dark-Not Lighted
2020-08-03T16:35:00.000,I 20,I 20 and Mm 114,,Not a Collision with Motor Vehicle,1,Rain,Wet,Daylight
2021-11-27T12:15:00.000,I 20,I 20 and Mm 114,,Rear End,2,Clear,Dry,Daylight
2022-05-12T00:00:00.000,I 20,I 20 and Mm 114,,Rear End,3,Clear,Dry,Daylight
2022-08-11T18:19:00.000,I 20,I 20 and Mm 114,,Rear End,5,Clear,Dry,Daylight
2022-08-25T17:42:00.000,I 20,I 20 and Mm 114,,Not a Collision with Motor Vehicle,1,Rain,Wet,Daylight
2024-09-24T10:00:00.000,I 20,I 20 and Mm 113.5,,Sideswipe-Same Direction,2,Cloudy,Dry,Daylight
2021-05-10T21:12:00.000,I 20,I 20 and Mm 113,,Rear End,2,Clear,Dry,Dark-Not Lighted
2021-03-10T11:05:00.000,I 20,I 20 and Mm 113,,Not a Collision with Motor Vehicle,1,Cloudy,Dry,Daylight
2021-02-03T14:48:00.000,I 20,I 20 and Mm 113,,Not a Collision with Motor Vehicle,2,Clear,Dry,Daylight
2021-12-10T17:31:00.000,I 20,I 20 and Mm 113,,Not a Collision with Motor Vehicle,2,Fog,Wet,Daylight
2022-03-01T12:44:00.000,I 20,I 20 and Mm 113,,Rear End,2,Clear,Dry,Daylight
2024-07-21T18:08:00.000,I 20,I 20 and Mm 113,,Angle Crash,2,Rain,Wet,Daylight
2023-10-07T05:08:00.000,I 20,I 20 and Mm 112,,Not a Collision with Motor Vehicle,1,Cloudy,Dry,Dark-Not Lighted
2022-12-19T09:22:00.000,I 20,I 20 and Mm 112,,Angle Crash,2,Clear,Dry,Daylight
2023-10-12T20:13:00.000,I 20,I 20 and Mm 112,,Angle Crash,2,Cloudy,Dry,Dark-Not Lighted
2024-07-04T09:13:00.000,I 20,I 20 and Mm 112,,Not a Collision with Motor Vehicle,1,Clear,Dry,Daylight
2020-07-10T16:47:00.000,I 20,I 20 and Mm 111,,Rear End,2,Cloudy,Dry,Daylight
2022-12-29T18:06:00.000,I 20,I 20 and Mm 111,,Rear End,2,Clear,Dry,Dark-Not Lighted
2022-08-27T16:01:00.000,I 20,I 20 and Mm 111,,Not a Collision with Motor Vehicle,1,Clear,Dry,Daylight
2022-03-17T07:10:00.000,I 20,I 20 and Mm 111,,Rear End,2,Fog,Wet,Dark-Not Lighted
2024-03-04T12:30:00.000,I 20,I 20 and Mm 111,,Not a Collision with Motor Vehicle,1,Clear,Dry,Daylight
2020-10-25T14:08:00.000,I 20,I 20 and Mm 1105,,Not a Collision with Motor Vehicle,1,Clear,Dry,Daylight
2024-11-06T11:36:00.000,I 20,I 20 and Mm 110.5,,Not a Collision with Motor Vehicle,1,Cloudy,Dry,Daylight
2023-11-02T22:15:00.000,I 20,I 20 and Mm 110,,Angle Crash,2,Clear,Dry,Dark-Not Lighted
2023-10-29T17:12:00.000,I 20,I 20 and Mm 110,,Not a Collision with Motor Vehicle,1,Clear,Dry,Daylight
2022-08-28T10:43:00.000,I 20,I 20 and Mm 110,,Not a Collision with Motor Vehicle,1,Clear,Dry,Daylight
2023-11-02T22:15:00.000,I 20,I 20 and Mm 110,,Rear End,2,Clear,Dry,Dark-Not Lighted
2023-06-25T16:08:00.000,I 20,I 20 and Mm 110,,Not a Collision with Motor Vehicle,1,Clear,Dry,Daylight