Date and Time,Roadway (From Crash Report),Intersection Name (from Crash Report),KABCO Severity,Manner of Collision (Crash Level) ,# of Vehicles per crash ,Weather Conditions (Crash Level),Surface Condition (Crash Level) ,Light Conditions (Crash Level)
2024-07-25T17:31:00.000,I 20,I 20 and Mm 11.5,,Rear End,2,Cloudy,Dry,Daylight
2021-06-21T19:15:00.000,I 20,I 20 and Mm 11,,Rear End,1,Rain,Wet,Daylight
2023-11-23T12:33:00.000,I 20,I 20 and Mm 11,,Sideswipe-Same Direction,2,Clear,Dry,Daylight
2023-11-12T05:13:00.000,I 20,I 20 and Mm 11,,Not a Collision with Motor Vehicle,1,Cloudy,Wet,Dark-Not Lighted
2024-06-30T00:55:00.000,I 20,I 20 and Mm 11,,Rear End,3,Clear,Dry,Dark-Lighted
2022-01-26T15:34:00.000,I 20,I 20 and Mm 11,,Not a Collision with Motor Vehicle,2,Cloudy,Dry,Daylight
2022-06-01T04:15:00.000,I 20,I 20 and Mm 11,,Angle Crash,2,Clear,Dry,Dark-Lighted
2022-03-01T21:20:00.000,I 20,I 20 and Mm 11,,Rear End,2,Clear,Dry,Dark-Lighted
2022-10-03T16:28:00.000,I 20,I 20 and Mm 11,,Not a Collision with Motor Vehicle,1,Clear,Dry,Daylight
2022-10-09T13:00:00.000,I 20,I 20 and Mm 11,,Sideswipe-Same Direction,1,Clear,Dry,Daylight
2022-11-02T04:07:00.000,I 20,I 20 and Mm 11,,Not a Collision with Motor Vehicle,1,Clear,Dry,Dark-Not Lighted
2022-02-16T11:00:00.000,I 20,I 20 and Mm 11,,Not a Collision with Motor Vehicle,1,Clear,Dry,Daylight
2024-10-18T15:53:00.000,I 20,I 20 and Mm 11,,Rear End,2,Clear,Dry,Daylight
2024-03-17T01:15:00.000,I 20,I 20 and Mm 11,,Not a Collision with Motor Vehicle,1,Clear,Dry,Dark-Not Lighted
2024-10-04T13:45:00.000,I 20,I 20 and Mm 11,,Sideswipe-Same Direction,2,Clear,Dry,Daylight
2024-06-25T14:40:00.000,I 20,I 20 and Mm 11,,Rear End,2,Clear,Dry,Daylight
2024-03-22T15:20:00.000,I 20,I 20 and Mm 109.5,,Sideswipe-Same Direction,2,Rain,Wet,Daylight
2022-09-05T13:26:00.000,I 20,I 20 and Mm 109,,Rear End,4,Rain,Wet,Daylight
2020-09-25T10:14:00.000,I 20,I 20 and Mm 109,,Not a Collision with Motor Vehicle,1,Cloudy,Wet,Daylight
2020-10-08T11:56:00.000,I 20,I 20 and Mm 109,,Rear End,2,Clear,Dry,Daylight
2020-04-09T20:28:00.000,I 20,I 20 and Mm 109,,Sideswipe-Same Direction,2,Cloudy,Dry,Dark-Lighted
2020-03-28T16:48:00.000,I 20,I 20 and Mm 109,,Not a Collision with Motor Vehicle,1,Clear,Dry,Daylight
2021-10-24T14:01:00.000,I 20,I 20 and Mm 109,,Sideswipe-Same Direction,2,Clear,Dry,Daylight
2022-10-21T07:35:00.000,I 20,I 20 and Mm 109,,Not a Collision with Motor Vehicle,1,Clear,Dry,Daylight
2022-06-14T19:19:00.000,I 20,I 20 and Mm 109,,Not a Collision with Motor Vehicle,1,Clear,Dry,Daylight
2023-12-20T21:35:00.000,I 20,I 20 and Mm 109,,Rear End,2,Clear,Dry,Dark-Not Lighted
2021-06-24T14:08:00.000,I 20,I 20 and Mm 108,,Rear End,3,Clear,Dry,Daylight
2021-11-01T19:20:00.000,I 20,I 20 and Mm 108,,Not a Collision with Motor Vehicle,2,Clear,Dry,Dark-Not Lighted
2020-02-04T18:26:00.000,I 20,I 20 and Mm 108,,Not a Collision with Motor Vehicle,1,Cloudy,Dry,Dark-Not Lighted
2021-06-24T14:08:00.000,I 20,I 20 and Mm 108,,Rear End,3,Clear,Dry,Daylight
2021-06-27T12:12:00.000,I 20,I 20 and Mm 108,,Not a Collision with Motor Vehicle,1,Clear,Dry,Daylight
2024-12-15T21:28:00.000,I 20,I 20 and Mm 108,,Sideswipe-Same Direction,2,Cloudy,Wet,Dark-Not Lighted
2021-05-21T18:04:00.000,I 20,I 20 and Mm 1075,,Sideswipe-Same Direction,2,Clear,Dry,Daylight
2021-12-11T22:08:00.000,I 20,I 20 and Mm 107,,Angle Crash,2,Rain,Wet,Dark-Not Lighted
2020-03-30T06:47:00.000,I 20,I 20 and Mm 107,,Sideswipe-Same Direction,2,Cloudy,Dry,Dark-Not Lighted
2022-09-22T19:41:00.000,I 20,I 20 and Mm 106.5,,Angle Crash,2,Clear,Dry,Daylight
2020-01-03T11:18:00.000,I 20,I 20 and Mm 106,,Angle Crash,3,Rain,Wet,Daylight
2021-05-14T14:31:00.000,I 20,I 20 and Mm 106,,Not a Collision with Motor Vehicle,1,Clear,Dry,Daylight
2021-07-04T22:01:00.000,I 20,I 20 and Mm 106,,Rear End,2,Clear,Dry,Dark-Not Lighted
2021-08-12T08:40:00.000,I 20,I 20 and Mm 106,,Not a Collision with Motor Vehicle,1,Clear,Dry,Daylight
2022-05-24T14:39:00.000,I 20,I 20 and Mm 106,,Angle Crash,2,Clear,Dry,Daylight
2022-01-01T10:02:00.000,I 20,I 20 and Mm 106,,Rear End,2,Cloudy,Wet,Daylight
2024-04-21T23:11:00.000,I 20,I 20 and Mm 106,,Sideswipe-Same Direction,2,Clear,Wet,Daylight
2021-04-24T18:31:00.000,I 20,I 20 and Mm 1055,,Not a Collision with Motor Vehicle,1,Rain,Wet,Daylight
2021-04-24T18:21:00.000,I 20,I 20 and Mm 1055,,Not a Collision with Motor Vehicle,1,Rain,Wet,Daylight
2022-09-24T07:44:00.000,I 20,I 20 and Mm 105.5,,Angle Crash,2,Clear,Dry,Daylight
2023-10-24T01:47:00.000,I 20,I 20 and Mm 105,,Rear End,2,Clear,Dry,Dark-Not Lighted
2020-12-06T14:40:00.000,I 20,I 20 and Mm 105,,Not a Collision with Motor Vehicle,1,Cloudy,Dry,Daylight
2022-09-25T19:15:00.000,I 20,I 20 and Mm 105,,Not a Collision with Motor Vehicle,1,Clear,Dry,Dark-Not Lighted
2024-02-07T14:25:00.000,I 20,I 20 and Mm 105,,Sideswipe-Same Direction,2,Clear,Dry,Daylight
2024-04-29T13:20:00.000,I 20,I 20 and Mm 105,,Rear End,2,Clear,Dry,Daylight
2020-03-03T11:28:00.000,I 20,I 20 and Mm 1045,,Not a Collision with Motor Vehicle,1,Cloudy,Dry,Daylight
2020-01-03T12:02:00.000,I 20,I 20 and Mm 104,,Rear End,2,Rain,Wet,Daylight
2022-12-24T16:01:00.000,I 20,I 20 and Mm 104,,Not a Collision with Motor Vehicle,1,Clear,Dry,Daylight
2022-02-19T19:42:00.000,I 20,I 20 and Mm 104,,Angle Crash,2,Clear,Dry,Dark-Not Lighted
2024-11-29T15:46:00.000,I 20,I 20 and Mm 104,,Not a Collision with Motor Vehicle,1,Clear,Dry,Daylight
2023-04-15T15:35:00.000,I 20,I 20 and Mm 104,,Not a Collision with Motor Vehicle,1,Clear,Dry,Daylight
2023-01-18T16:00:00.000,I 20,I 20 and Mm 104,,Angle Crash,2,Cloudy,Dry,Daylight
2023-09-08T16:25:00.000,I 20,I 20 and Mm 103.5,,Rear End,2,Clear,Dry,Daylight
2022-02-27T18:35:00.000,I 20,I 20 and Mm 103.5,,Not a Collision with Motor Vehicle,1,Cloudy,Wet,Dark-Not Lighted
2024-06-03T13:53:00.000,I 20,I 20 and Mm 103 Rest Area 52,,Not a Collision with Motor Vehicle,1,Clear,Dry,Daylight
2020-09-23T03:22:00.000,I 20,I 20 and Mm 103 Old Mill Road Brg,,Not a Collision with Motor Vehicle,1,Clear,Dry,Dark-Not Lighted
2021-08-29T12:32:00.000,I 20,I 20 and Mm 103,,Not a Collision with Motor Vehicle,1,Clear,Dry,Daylight
2021-07-02T17:19:00.000,I 20,I 20 and Mm 103,,Not a Collision with Motor Vehicle,1,Clear,Dry,Daylight
2021-12-27T05:49:00.000,I 20,I 20 and Mm 103,,Angle Crash,2,Fog,Dry,Dark-Not Lighted
2021-11-24T11:28:00.000,I 20,I 20 and Mm 103,,Rear End,3,Clear,Dry,Daylight
2020-01-03T13:50:00.000,I 20,I 20 and Mm 103,,Rear End,3,Rain,Wet,Daylight
2020-06-07T12:36:00.000,I 20,I 20 and Mm 103,,Angle Crash,1,Clear,Dry,Daylight
2021-08-29T12:32:00.000,I 20,I 20 and Mm 103,,Not a Collision with Motor Vehicle,1,Clear,Dry,Daylight
2021-12-27T05:47:00.000,I 20,I 20 and Mm 103,,Angle Crash,3,Fog,Dry,Dark-Not Lighted
2022-11-28T13:38:00.000,I 20,I 20 and Mm 103,,Sideswipe-Same Direction,2,Clear,Dry,Daylight
2023-06-21T22:32:00.000,I 20,I 20 and Mm 103,,Not a Collision with Motor Vehicle,1,Rain,Wet,Dark-Not Lighted
2024-12-11T19:49:00.000,I 20,I 20 and Mm 103,,Rear End,2,Clear,Dry,Dark-Not Lighted
2024-10-22T11:45:00.000,I 20,I 20 and Mm 103,,Not a Collision with Motor Vehicle,1,Clear,Dry,Daylight
2021-04-16T08:12:00.000,I 20,I 20 and Mm 1025,,Not a Collision with Motor Vehicle,1,Clear,Dry,Daylight
2020-06-09T17:05:00.000,I 20,I 20 and Mm 102,,Angle Crash,2,Rain,Wet,Daylight
2020-04-27T13:00:00.000,I 20,I 20 and Mm 102,,Sideswipe-Same Direction,2,Clear,Dry,Daylight
2020-02-06T12:35:00.000,I 20,I 20 and Mm 102,,Rear End,2,Rain,Dry,Daylight
2023-12-01T16:47:00.000,I 20,I 20 and Mm 102,,Rear End,2,Cloudy,Wet,Dusk
2022-08-08T15:33:00.000,I 20,I 20 and Mm 101,,Rear End,2,Clear,Dry,Daylight
2024-06-15T13:59:00.000,I 20,I 20 and Mm 101,,Rear End,2,Clear,Dry,Daylight
2024-10-25T17:47:00.000,I 20,I 20 and Mm 101,,Rear End,2,Clear,Dry,Daylight
2023-09-08T15:58:00.000,I 20,I 20 and Mm 101,,Not a Collision with Motor Vehicle,1,Clear,Dry,Daylight
2024-11-10T02:01:00.000,I 20,I 20 and Mm 101,,Head On,1,Clear,Dry,Dark-Not Lighted
2023-05-09T07:40:00.000,I 20,I 20 and Mm 100,,Sideswipe-Same Direction,2,Clear,Dry,Daylight
2022-10-02T13:25:00.000,I 20,I 20 and Mm 100,,Rear End,3,Clear,Dry,Daylight
2022-07-01T13:56:00.000,I 20,I 20 and Mm 10.5,,Rear End,2,Rain,Wet,Daylight
2022-11-05T08:45:00.000,I 20,I 20 and Mm 10.5,,Sideswipe-Same Direction,2,Clear,Dry,Daylight
2024-01-06T23:43:00.000,I 20,I 20 and Mm 10.5,,Rear End,2,Clear,Dry,Dark-Not Lighted
2022-02-24T22:26:00.000,I 20,I 20 and Mm 10 1 2,,Sideswipe-Same Direction,1,Clear,Dry,Dark-Lighted
2024-01-12T13:25:00.000,I 20,I 20 and Mm 10 1 12,,(None),1,(None),(None),(None)
2021-04-24T08:05:00.000,I 20,I 20 and Mm 10,,Head On,1,Rain,Wet,Daylight
2020-10-03T09:15:00.000,I 20,I 20 and Mm 10,,Angle Crash,2,Clear,Dry,Daylight
2021-09-08T17:50:00.000,I 20,I 20 and Mm 10,,Not a Collision with Motor Vehicle,1,Rain,Wet,Daylight
2022-04-05T13:58:00.000,I 20,I 20 and Mm 10,,Sideswipe-Same Direction,2,Rain,Wet,Daylight
2023-12-25T11:55:00.000,I 20,I 20 and Mm 10,,Not a Collision with Motor Vehicle,1,Rain,Wet,Dusk
2023-03-03T16:51:00.000,I 20,I 20 and Mm 10,,Not a Collision with Motor Vehicle,1,Cloudy,Wet,Daylight
2024-07-26T16:55:00.000,I 20,I 20 and Mm 10,,Sideswipe-Same Direction,2,Clear,Dry,Daylight
2024-08-27T12:15:00.000,I 20,I 20 and Mm 10,,Sideswipe-Same Direction,2,Clear,Dry,Dark-Not Lighted
2024-07-15T15:00:00.000,I 20,I 20 and Mm 1.5,,Rear End,2,Rain,Wet,Daylight
2023-07-25T16:45:00.000,I 20,I 20 and Mm 0.5,,Rear End,2,Clear,Dry,Daylight
2024-08-03T18:27:00.000,I 20,I 20 and Mm 0.5,,Rear End,2,Clear,Dry,Daylight
2021-10-08T10:35:00.000,I 20,I 20 and Mm .05,,Sideswipe-Same Direction,2,Cloudy,Dry,Daylight
2021-04-10T07:23:00.000,I 20,I 20 and Mm  178,,Not a Collision with Motor Vehicle,1,Clear,Dry,Dark-Not Lighted
2021-10-29T21:50:00.000,I 20,I 20 and Mlk On Rp,,Sideswipe-Same Direction,2,Rain,Wet,Dark-Lighted
2023-10-10T08:40:00.000,I 20,I 20 and Mlk Jr. Dr,,Not a Collision with Motor Vehicle,1,Clear,Dry,Daylight
2022-09-08T15:30:00.000,I 20,I 20 and Mlk Jr. Dr,,Not a Collision with Motor Vehicle,1,Cloudy,Dry,Daylight
2022-02-25T17:11:00.000,I 20,I 20 and Mlk Jr Dr.,,Rear End,2,Clear,Dry,Daylight
2021-10-21T18:20:00.000,I 20,I 20 and Mlk Jr Dr Underpass,,Rear End,2,Clear,Dry,Daylight
2021-02-01T17:10:00.000,I 20,I 20 and Mlk Jr Dr,,Rear End,2,Cloudy,Dry,Daylight
2021-08-13T06:55:00.000,I 20,I 20 and Mlk Jr Dr,,Not a Collision with Motor Vehicle,1,Clear,Dry,Dawn
2021-09-21T09:52:00.000,I 20,I 20 and Mlk Jr Dr,,Not a Collision with Motor Vehicle,1,Rain,Wet,Daylight
2021-10-29T16:38:00.000,I 20,I 20 and Mlk Jr Dr,,Rear End,2,Rain,Wet,Daylight
2021-10-07T08:35:00.000,I 20,I 20 and Mlk Jr Dr,,Rear End,2,Cloudy,Wet,Daylight
2023-11-17T16:50:00.000,I 20,I 20 and Mlk Jr Dr,,Not a Collision with Motor Vehicle,1,Clear,Dry,Daylight
2023-04-20T06:17:00.000,I 20,I 20 and Mlk Jr Dr,,Rear End,3,Clear,Dry,Dark-Lighted
2023-11-17T18:15:00.000,I 20,I 20 and Mlk Jr Dr,,Rear End,2,Cloudy,Dry,Dark-Lighted
2023-11-14T16:00:00.000,I 20,I 20 and Mlk Jr Dr,,Rear End,2,Clear,Dry,Daylight
2023-08-08T13:48:00.000,I 20,I 20 and Mlk Jr Dr,,Sideswipe-Same Direction,2,Cloudy,Dry,Daylight
2023-10-20T09:12:00.000,I 20,I 20 and Mlk Jr Dr,,Rear End,3,Cloudy,Wet,Daylight
2023-05-19T17:15:00.000,I 20,I 20 and Mlk Jr Dr,,Not a Collision with Motor Vehicle,1,Clear,Dry,Daylight
2023-08-08T17:00:00.000,I 20,I 20 and Mlk Jr Dr,,Rear End,2,Cloudy,Dry,Daylight
2023-04-27T17:24:00.000,I 20,I 20 and Mlk Jr Dr,,Rear End,2,Cloudy,Wet,Daylight
2023-06-30T13:42:00.000,I 20,I 20 and Mlk Jr Dr,,Sideswipe-Same Direction,2,Cloudy,Dry,Daylight
2023-11-02T17:10:00.000,I 20,I 20 and Mlk Jr Dr,,Sideswipe-Same Direction,2,Clear,Wet,Daylight
2023-07-13T16:53:00.000,I 20,I 20 and Mlk Jr Dr,,Rear End,2,Clear,Dry,Daylight
2023-08-08T13:38:00.000,I 20,I 20 and Mlk Jr Dr,,Not a Collision with Motor Vehicle,2,Cloudy,Dry,Daylight
2023-10-16T19:20:00.000,I 20,I 20 and Mlk Jr Dr,,Not a Collision with Motor Vehicle,1,Clear,Dry,Daylight
2023-08-08T08:39:00.000,I 20,I 20 and Mlk Jr Dr,,Rear End,3,Clear,Dry,Daylight
2023-09-19T09:20:00.000,I 20,I 20 and Mlk Jr Dr,,Rear End,2,Clear,Dry,Daylight
2023-05-02T09:53:00.000,I 20,I 20 and Mlk Jr Dr,,Sideswipe-Same Direction,2,Clear,Dry,Daylight
2023-05-04T14:47:00.000,I 20,I 20 and Mlk Jr Dr,,Rear End,3,Clear,Dry,Daylight
2023-05-16T18:10:00.000,I 20,I 20 and Mlk Jr Dr,,Rear End,2,Rain,Wet,Daylight
2023-08-11T08:35:00.000,I 20,I 20 and Mlk Jr Dr,,Rear End,3,Rain,Wet,Daylight
2023-04-28T10:26:00.000,I 20,I 20 and Mlk Jr Dr,,Not a Collision with Motor Vehicle,1,Clear,Dry,Daylight
2023-08-08T07:39:00.000,I 20,I 20 and Mlk Jr Dr,,Sideswipe-Same Direction,2,Clear,Dry,Daylight
2023-04-27T17:48:00.000,I 20,I 20 and Mlk Jr Dr,,Rear End,3,Cloudy,Wet,Daylight
2023-08-15T16:50:00.000,I 20,I 20 and Mlk Jr Dr,,Sideswipe-Same Direction,2,Cloudy,Dry,Daylight
2023-03-03T17:29:00.000,I 20,I 20 and Mlk Jr Dr,,Sideswipe-Same Direction,3,Cloudy,Wet,Daylight
2022-11-29T11:22:00.000,I 20,I 20 and Mlk Jr Dr,,Not a Collision with Motor Vehicle,2,Clear,Dry,Daylight
2020-06-26T01:45:00.000,I 20,I 20 and Mlk Jr Dr,,Not a Collision with Motor Vehicle,1,Cloudy,Wet,Dark-Not Lighted
2020-07-09T16:54:00.000,I 20,I 20 and Mlk Jr Dr,,Not a Collision with Motor Vehicle,2,Cloudy,Dry,Daylight
2020-11-19T18:56:00.000,I 20,I 20 and Mlk Jr Dr,,Sideswipe-Same Direction,2,Clear,Dry,Daylight
2020-03-23T16:15:00.000,I 20,I 20 and Mlk Jr Dr,,Sideswipe-Same Direction,3,Rain,Wet,Daylight
2020-11-11T13:10:00.000,I 20,I 20 and Mlk Jr Dr,,Angle Crash,2,Cloudy,Wet,Daylight
2020-06-08T11:38:00.000,I 20,I 20 and Mlk Jr Dr,,Rear End,2,Cloudy,Dry,Daylight
2020-10-02T05:50:00.000,I 20,I 20 and Mlk Jr Dr,,Sideswipe-Same Direction,1,Clear,Dry,Dark-Not Lighted
2020-12-06T21:37:00.000,I 20,I 20 and Mlk Jr Dr,,Sideswipe-Same Direction,4,Cloudy,Wet,Dark-Lighted
2020-01-06T16:36:00.000,I 20,I 20 and Mlk Jr Dr,,Rear End,2,Clear,Dry,Daylight
2020-07-02T07:29:00.000,I 20,I 20 and Mlk Jr Dr,,Not a Collision with Motor Vehicle,4,Clear,Dry,Daylight
2020-09-24T08:30:00.000,I 20,I 20 and Mlk Jr Dr,,Sideswipe-Same Direction,2,Rain,Wet,Daylight
2020-05-25T18:14:00.000,I 20,I 20 and Mlk Jr Dr,,Not a Collision with Motor Vehicle,1,Cloudy,Wet,Daylight
2020-05-05T19:18:00.000,I 20,I 20 and Mlk Jr Dr,,Sideswipe-Same Direction,2,Clear,Dry,Dusk
2021-06-18T18:54:00.000,I 20,I 20 and Mlk Jr Dr,,Rear End,2,Clear,Dry,Daylight
2021-09-20T16:48:00.000,I 20,I 20 and Mlk Jr Dr,,Rear End,3,Cloudy,Wet,Daylight
2021-08-31T13:05:00.000,I 20,I 20 and Mlk Jr Dr,,Rear End,2,Clear,Dry,Daylight
2022-12-05T17:40:00.000,I 20,I 20 and Mlk Jr Dr,,Sideswipe-Same Direction,2,Clear,Wet,Daylight
2022-12-02T15:27:00.000,I 20,I 20 and Mlk Jr Dr,,Sideswipe-Same Direction,3,Clear,Dry,Daylight
2022-02-14T19:24:00.000,I 20,I 20 and Mlk Jr Dr,,Rear End,2,Clear,Dry,Dark-Not Lighted
2022-03-28T11:52:00.000,I 20,I 20 and Mlk Jr Dr,,Rear End,2,Clear,Dry,Daylight
2022-05-13T10:24:00.000,I 20,I 20 and Mlk Jr Dr,,Not a Collision with Motor Vehicle,3,Cloudy,Dry,Daylight
2022-11-21T19:35:00.000,I 20,I 20 and Mlk Jr Dr,,Sideswipe-Same Direction,2,Clear,Dry,Dark-Lighted
2022-02-24T16:51:00.000,I 20,I 20 and Mlk Jr Dr,,Rear End,3,Clear,Dry,Daylight
2021-09-21T10:32:00.000,I 20,I 20 and Mlk Jr Dr,,Sideswipe-Same Direction,2,Cloudy,Wet,Daylight
2021-11-09T18:16:00.000,I 20,I 20 and Mlk Jr Dr,,Rear End,3,Clear,Dry,Dark-Lighted
2022-05-20T07:52:00.000,I 20,I 20 and Mlk Jr Dr,,Sideswipe-Same Direction,2,Cloudy,Dry,Daylight
2022-11-04T12:15:00.000,I 20,I 20 and Mlk Jr Dr,,Not a Collision with Motor Vehicle,2,Clear,Dry,Daylight
2022-08-22T10:37:00.000,I 20,I 20 and Mlk Jr Dr,,Sideswipe-Same Direction,2,Cloudy,Dry,Daylight
2022-09-13T10:25:00.000,I 20,I 20 and Mlk Jr Dr,,Sideswipe-Same Direction,2,Clear,Dry,Daylight
2022-08-16T10:15:00.000,I 20,I 20 and Mlk Jr Dr,,Rear End,2,Cloudy,Dry,Daylight
2022-03-07T15:50:00.000,I 20,I 20 and Mlk Jr Dr,,Sideswipe-Same Direction,2,Cloudy,Dry,Daylight
2022-09-05T17:00:00.000,I 20,I 20 and Mlk Jr Dr,,Sideswipe-Same Direction,2,Clear,Wet,Daylight
2022-12-05T17:41:00.000,I 20,I 20 and Mlk Jr Dr,,Rear End,2,Rain,Wet,Daylight
2022-11-21T20:41:00.000,I 20,I 20 and Mlk Jr Dr,,Rear End,2,Clear,Dry,Dark-Lighted
2022-01-03T07:30:00.000,I 20,I 20 and Mlk Jr Dr,,Rear End,2,Cloudy,Wet,Dawn
2022-12-09T15:49:00.000,I 20,I 20 and Mlk Jr Dr,,Rear End,2,Rain,Wet,Daylight
2023-05-08T09:17:00.000,I 20,I 20 and Mlk Jr Dr,,Rear End,3,Cloudy,Wet,Daylight
2023-10-05T16:55:00.000,I 20,I 20 and Mlk Jr Dr,,Rear End,2,Clear,Dry,Daylight
2023-05-19T15:14:00.000,I 20,I 20 and Mlk Jr Dr,,Not a Collision with Motor Vehicle,2,Clear,Dry,Daylight
2023-03-20T11:02:00.000,I 20,I 20 and Mlk Jr Dr,,Not a Collision with Motor Vehicle,2,Clear,Dry,Daylight
2024-05-21T15:20:00.000,I 20,I 20 and Mlk Jr Dr,,Rear End,2,Clear,Wet,Daylight
2024-07-04T19:41:00.000,I 20,I 20 and Mlk Jr Dr,,Sideswipe-Same Direction,3,Rain,Wet,Daylight
2024-05-27T18:15:00.000,I 20,I 20 and Mlk Jr Dr,,Rear End,2,Clear,Dry,Daylight
2024-05-27T09:39:00.000,I 20,I 20 and Mlk Jr Dr,,Rear End,2,Rain,Wet,Daylight
2024-02-05T08:46:00.000,I 20,I 20 and Mlk Jr Dr,,Rear End,2,Cloudy,Dry,Daylight
2023-05-04T16:13:00.000,I 20,I 20 and Mlk Jr Dr,,Rear End,3,Clear,Dry,Daylight
2023-05-19T16:38:00.000,I 20,I 20 and Mlk Jr Dr,,Not a Collision with Motor Vehicle,1,Clear,Dry,Daylight
2023-03-18T22:00:00.000,I 20,I 20 and Mlk Jr Dr,,Angle Crash,2,Cloudy,Dry,Dark-Lighted
2023-10-20T09:11:00.000,I 20,I 20 and Mlk Jr Dr,,Rear End,2,Cloudy,Wet,Daylight
2023-10-20T09:10:00.000,I 20,I 20 and Mlk Jr Dr,,Rear End,2,Cloudy,Wet,Daylight
2023-03-18T22:00:00.000,I 20,I 20 and Mlk Jr Dr,,Angle Crash,2,Cloudy,Dry,Dark-Lighted
2023-09-19T15:00:00.000,I 20,I 20 and Mlk Jr Dr,,Rear End,2,Clear,Dry,Daylight
2023-08-07T07:30:00.000,I 20,I 20 and Mlk Jr Dr,,Rear End,2,Clear,Dry,Daylight
2023-11-02T19:40:00.000,I 20,I 20 and Mlk Jr Dr,,Not a Collision with Motor Vehicle,1,Clear,Dry,Dark-Not Lighted
2023-08-07T09:28:00.000,I 20,I 20 and Mlk Jr Dr,,Not a Collision with Motor Vehicle,1,Cloudy,Dry,Daylight
2023-10-31T17:37:00.000,I 20,I 20 and Mlk Jr Dr,,Rear End,2,Clear,Dry,Daylight
2023-05-16T16:05:00.000,I 20,I 20 and Mlk Jr Dr,,Sideswipe-Same Direction,2,Clear,Dry,Daylight
2024-10-31T13:00:00.000,I 20,I 20 and Mlk Jr Dr,,Sideswipe-Same Direction,2,Clear,Dry,Daylight
2024-12-19T12:55:00.000,I 20,I 20 and Mlk Jr Dr,,Sideswipe-Same Direction,2,Clear,Dry,Daylight
2024-12-05T16:50:00.000,I 20,I 20 and Mlk Jr Dr,,Rear End,2,Clear,Dry,Dark-Lighted
2024-11-12T09:00:00.000,I 20,I 20 and Mlk Jr Dr,,Rear End,2,Clear,Dry,Daylight
2024-07-04T15:00:00.000,I 20,I 20 and Mlk Jr Dr,,Rear End,2,Clear,Dry,Daylight
2024-05-09T07:45:00.000,I 20,I 20 and Mlk Jr Dr,,Sideswipe-Same Direction,2,Cloudy,Dry,Daylight
2024-07-04T20:03:00.000,I 20,I 20 and Mlk Jr Dr,,Rear End,4,Rain,Wet,Daylight
2024-04-15T15:35:00.000,I 20,I 20 and Mlk Jr Dr,,Sideswipe-Same Direction,2,Clear,Dry,Daylight
2024-03-19T07:45:00.000,I 20,I 20 and Mlk Jr Dr,,Sideswipe-Same Direction,2,Clear,Dry,Daylight
2024-01-05T19:08:00.000,I 20,I 20 and Mlk Jr Dr,,Rear End,2,Clear,Dry,Dark-Lighted
2024-08-09T13:06:00.000,I 20,I 20 and Mlk Jr Dr,,Sideswipe-Same Direction,2,Cloudy,Dry,Daylight
2024-09-30T13:00:00.000,I 20,I 20 and Mlk Jr Dr,,Sideswipe-Same Direction,2,Clear,Dry,Daylight
2024-11-11T09:48:00.000,I 20,I 20 and Mlk Jr Dr,,Not a Collision with Motor Vehicle,1,Cloudy,Dry,Daylight
2024-11-27T19:26:00.000,I 20,I 20 and Mlk Jr Dr,,Not a Collision with Motor Vehicle,1,Clear,Dry,Dark-Lighted
2024-05-16T16:00:00.000,I 20,I 20 and Mlk Jr Dr,,Rear End,2,Clear,Dry,Daylight
2024-07-12T16:30:00.000,I 20,I 20 and Mlk Jr Dr,,Rear End,2,Cloudy,Dry,Daylight
2024-03-29T10:24:00.000,I 20,I 20 and Mlk Jr Dr,,Rear End,2,Clear,Dry,Daylight
2024-07-05T08:50:00.000,I 20,I 20 and Mlk Jr,,Rear End,2,Cloudy,Dry,Daylight
2024-12-13T06:23:00.000,I 20,I 20 and Mlk Jr,,Sideswipe-Same Direction,2,Clear,Dry,Daylight
2020-03-05T02:00:00.000,I 20,I 20 and Mlk Exit,,Rear End,2,Rain,Wet,Dark-Lighted
2024-02-24T02:50:00.000,I 20,I 20 and Mlk Dr.,,Not a Collision with Motor Vehicle,1,Clear,Dry,Dark-Lighted
2023-05-30T11:57:00.000,I 20,I 20 and Mlk Dr Dr,,Sideswipe-Same Direction,2,Clear,Dry,Daylight
2020-07-02T06:55:00.000,I 20,I 20 and Mlk Dr,,Rear End,3,Clear,Dry,Daylight
2020-05-18T21:50:00.000,I 20,I 20 and Mlk Dr,,Not a Collision with Motor Vehicle,1,Cloudy,Dry,Daylight
2022-07-23T20:45:00.000,I 20,I 20 and Mlk Dr,,Sideswipe-Same Direction,2,Clear,Dry,Dusk
2021-05-28T12:42:00.000,I 20,I 20 and Mlk  Jr Dr,,Not a Collision with Motor Vehicle,2,Clear,Dry,Daylight
2021-12-20T03:32:00.000,I 20,I 20 and Mle Marker 147,,Not a Collision with Motor Vehicle,1,Cloudy,Wet,Dark-Not Lighted
2024-05-28T22:02:00.000,I 20,I 20 and Mle Marker 117.5,,Sideswipe-Same Direction,2,Clear,Dry,Dark-Not Lighted
2021-05-28T12:28:00.000,I 20,I 20 and Ml King Jr Dr,,Not a Collision with Motor Vehicle,1,Cloudy,Dry,Daylight
2021-07-08T09:02:00.000,I 20,I 20 and Ml King Jr Dr,,Rear End,2,Clear,Dry,Daylight
2021-01-07T12:40:00.000,I 20,I 20 and Ml King Jr Dr,,Sideswipe-Same Direction,2,Clear,Dry,Daylight
2021-03-09T17:08:00.000,I 20,I 20 and Ml King Jr Dr,,Not a Collision with Motor Vehicle,1,Clear,Dry,Daylight
2021-05-28T12:55:00.000,I 20,I 20 and Ml King Jr Dr,,Not a Collision with Motor Vehicle,1,Cloudy,Dry,Daylight
2023-10-16T19:33:00.000,I 20,I 20 and Ml King Jr Dr,,Not a Collision with Motor Vehicle,1,Clear,Dry,Dark-Lighted
2023-10-16T20:47:00.000,I 20,I 20 and Ml King Jr Dr,,Not a Collision with Motor Vehicle,1,Clear,Dry,Dark-Lighted
2023-09-15T06:45:00.000,I 20,I 20 and Ml King Dr,,Sideswipe-Same Direction,2,Rain,Wet,Daylight
2023-04-18T18:05:00.000,I 20,I 20 and Ml King Blvd,,Rear End,2,Clear,Dry,Daylight
2023-01-09T15:00:00.000,I 20,I 20 and Ml Jing Blvd,,Sideswipe-Same Direction,2,Clear,Dry,Daylight