Date and Time,Roadway (From Crash Report),Intersection Name (from Crash Report),KABCO Severity,Manner of Collision (Crash Level) ,# of Vehicles per crash ,Weather Conditions (Crash Level),Surface Condition (Crash Level) ,Light Conditions (Crash Level)
2021-12-19T01:25:00.000,I 20,I 20 and Mirror Lake Blvd,,Sideswipe-Same Direction,1,Cloudy,Wet,Dark-Not Lighted
2020-10-30T10:15:00.000,I 20,I 20 and Mirror Lake Blvd,,Angle Crash,2,Cloudy,Dry,Daylight
2023-08-28T11:18:00.000,I 20,I 20 and Mirror Lake Blvd,,Sideswipe-Same Direction,2,Cloudy,Dry,Daylight
2023-06-30T22:18:00.000,I 20,I 20 and Mirror Lake Blvd,,Rear End,2,Clear,Dry,Dark-Lighted
2020-02-10T14:56:00.000,I 20,I 20 and Mirror Lake Blvd,,Rear End,2,Rain,Wet,Daylight
2022-12-29T12:35:00.000,I 20,I 20 and Mirror Lake Blvd,,Angle Crash,2,Clear,Dry,Daylight
2022-03-29T19:50:00.000,I 20,I 20 and Mirror Lake Blvd,,Rear End,2,Clear,Dry,Dusk
2022-07-02T16:37:00.000,I 20,I 20 and Mirror Lake Blvd,,Rear End,2,Cloudy,Dry,Daylight
2022-06-26T12:12:00.000,I 20,I 20 and Mirror Lake Blvd,,Rear End,2,Clear,Dry,Daylight
2022-08-06T17:49:00.000,I 20,I 20 and Mirror Lake Blvd,,Rear End,2,Cloudy,Dry,Daylight
2022-11-25T18:30:00.000,I 20,I 20 and Mirror Lake Blvd,,Rear End,2,Clear,Dry,Dark-Lighted
2022-04-01T18:10:00.000,I 20,I 20 and Mirror Lake Blvd,,Rear End,2,Clear,Dry,Daylight
2024-01-04T17:05:00.000,I 20,I 20 and Mirror Lake Blvd,,Rear End,2,Clear,Dry,Daylight
2023-05-12T10:59:00.000,I 20,I 20 and Mirror Lake Blvd,,Rear End,2,Clear,Dry,Daylight
2024-01-08T07:14:00.000,I 20,I 20 and Mirror Lake Blvd,,Rear End,2,Clear,Dry,Daylight
2022-11-27T14:30:00.000,I 20,I 20 and Mirror Lake Bld,,Angle Crash,2,Clear,Dry,Daylight
2021-02-19T10:15:00.000,I 20,I 20 and Minola Dr,,Sideswipe-Same Direction,2,Clear,Dry,Daylight
2021-09-17T15:20:00.000,I 20,I 20 and Minola Dr,,Rear End,2,Clear,Dry,Daylight
2021-09-10T17:10:00.000,I 20,I 20 and Minola Dr,,Rear End,2,Clear,Dry,Daylight
2021-08-07T15:25:00.000,I 20,I 20 and Minola Dr,,Rear End,3,Clear,Dry,Daylight
2021-07-30T16:50:00.000,I 20,I 20 and Minola Dr,,Angle Crash,3,Clear,Dry,Daylight
2021-02-18T06:00:00.000,I 20,I 20 and Minola Dr,,Rear End,2,Rain,Wet,Dark-Not Lighted
2020-02-27T15:17:00.000,I 20,I 20 and Minola Dr,,Rear End,3,Clear,Dry,Daylight
2020-06-04T17:10:00.000,I 20,I 20 and Minola Dr,,Angle Crash,2,Clear,Dry,Daylight
2023-08-28T10:10:00.000,I 20,I 20 and Minola Dr,,Angle Crash,2,Clear,Dry,Daylight
2023-06-09T15:00:00.000,I 20,I 20 and Minola Dr,,Rear End,2,Clear,Dry,Daylight
2023-01-20T06:20:00.000,I 20,I 20 and Minola Dr,,Rear End,2,Clear,Dry,Daylight
2020-06-17T18:10:00.000,I 20,I 20 and Minola Dr,,Rear End,4,Clear,Dry,Daylight
2020-12-27T18:20:00.000,I 20,I 20 and Minola Dr,,Rear End,2,Clear,Dry,Dark-Not Lighted
2020-02-27T20:33:00.000,I 20,I 20 and Minola Dr,,Rear End,2,Clear,Dry,Dark-Not Lighted
2020-05-01T14:20:00.000,I 20,I 20 and Minola Dr,,Rear End,2,Clear,Dry,Daylight
2020-02-26T19:04:00.000,I 20,I 20 and Minola Dr,,Rear End,2,Clear,Dry,Dark-Not Lighted
2020-11-16T15:20:00.000,I 20,I 20 and Minola Dr,,Sideswipe-Same Direction,2,Clear,Dry,Daylight
2020-06-26T18:55:00.000,I 20,I 20 and Minola Dr,,Head On,3,Clear,Dry,Daylight
2020-04-17T17:19:00.000,I 20,I 20 and Minola Dr,,Not a Collision with Motor Vehicle,2,Clear,Dry,Daylight
2020-12-19T19:00:00.000,I 20,I 20 and Minola Dr,,Rear End,2,Clear,Dry,Dark-Not Lighted
2020-10-18T16:05:00.000,I 20,I 20 and Minola Dr,,Angle Crash,2,Clear,Dry,Daylight
2020-02-26T18:56:00.000,I 20,I 20 and Minola Dr,,Rear End,2,Clear,Dry,Dark-Not Lighted
2020-09-02T18:15:00.000,I 20,I 20 and Minola Dr,,Rear End,2,Clear,Dry,Daylight
2020-07-14T21:50:00.000,I 20,I 20 and Minola Dr,,Rear End,4,Clear,Dry,Dark-Not Lighted
2020-06-10T16:00:00.000,I 20,I 20 and Minola Dr,,Sideswipe-Same Direction,2,Clear,Dry,Daylight
2021-03-01T18:10:00.000,I 20,I 20 and Minola Dr,,Sideswipe-Same Direction,2,Clear,Dry,Dark-Not Lighted
2021-03-23T15:25:00.000,I 20,I 20 and Minola Dr,,Angle Crash,2,Clear,Dry,Daylight
2021-06-27T15:50:00.000,I 20,I 20 and Minola Dr,,Rear End,4,Clear,Dry,Daylight
2021-06-19T17:15:00.000,I 20,I 20 and Minola Dr,,Rear End,2,Clear,Wet,Daylight
2021-05-24T14:00:00.000,I 20,I 20 and Minola Dr,,Rear End,3,Clear,Dry,Daylight
2021-07-31T18:00:00.000,I 20,I 20 and Minola Dr,,Rear End,3,Clear,Dry,Daylight
2021-09-03T15:25:00.000,I 20,I 20 and Minola Dr,,Sideswipe-Same Direction,2,Clear,Dry,Daylight
2021-08-28T14:55:00.000,I 20,I 20 and Minola Dr,,Sideswipe-Same Direction,2,Clear,Dry,Daylight
2021-09-10T19:16:00.000,I 20,I 20 and Minola Dr,,Sideswipe-Same Direction,2,Clear,Dry,Daylight
2021-07-24T18:20:00.000,I 20,I 20 and Minola Dr,,Not a Collision with Motor Vehicle,1,Clear,Dry,Daylight
2022-02-13T04:30:00.000,I 20,I 20 and Minola Dr,,Rear End,2,Clear,Dry,Dark-Lighted
2022-09-09T18:05:00.000,I 20,I 20 and Minola Dr,,Rear End,3,Clear,Dry,Daylight
2022-12-16T04:58:00.000,I 20,I 20 and Minola Dr,,Rear End,2,Clear,Dry,Dark-Not Lighted
2022-02-18T06:50:00.000,I 20,I 20 and Minola Dr,,Sideswipe-Same Direction,2,Cloudy,Wet,Dark-Not Lighted
2024-09-13T07:30:00.000,I 20,I 20 and Minola Dr,,Rear End,2,Clear,Dry,Daylight
2024-11-18T19:40:00.000,I 20,I 20 and Minola Dr,,Rear End,2,Clear,Dry,Dark-Not Lighted
2024-09-06T12:30:00.000,I 20,I 20 and Minola Dr,,Not a Collision with Motor Vehicle,1,Clear,Dry,Daylight
2024-09-24T19:17:00.000,I 20,I 20 and Minola Dr,,Angle Crash,3,Clear,Dry,Dark-Lighted
2024-10-10T18:24:00.000,I 20,I 20 and Minola Dr,,Rear End,2,Clear,Dry,Dark-Not Lighted
2024-10-24T15:00:00.000,I 20,I 20 and Minola Dr,,Rear End,2,Clear,Dry,Daylight
2024-03-22T20:30:00.000,I 20,I 20 and Minola Dr,,Sideswipe-Same Direction,2,Rain,Wet,Dark-Not Lighted
2024-10-24T15:40:00.000,I 20,I 20 and Minola Dr,,Rear End,2,Clear,Dry,Daylight
2020-05-22T18:31:00.000,I 20,I 20 and Miller Road Opas,,Rear End,2,Cloudy,Dry,Daylight
2024-08-12T08:52:00.000,I 20,I 20 and Miller Road,,Rear End,2,Clear,Dry,Daylight
2023-06-21T19:13:00.000,I 20,I 20 and Miller Rd.,,Rear End,2,Rain,Wet,Daylight
2021-09-05T02:40:00.000,I 20,I 20 and Miller Rd Opas,,Sideswipe-Same Direction,2,Cloudy,Dry,Dark-Not Lighted
2020-01-25T15:14:00.000,I 20,I 20 and Miller Rd Brg,,Rear End,2,Cloudy,Dry,Daylight
2021-05-18T16:45:00.000,I 20,I 20 and Miller Rd,,Rear End,2,Cloudy,Dry,Daylight
2021-08-23T16:46:00.000,I 20,I 20 and Miller Rd,,Rear End,2,Clear,Dry,Daylight
2021-10-29T18:58:00.000,I 20,I 20 and Miller Rd,,Rear End,4,Clear,Wet,Dark-Not Lighted
2021-05-18T14:40:00.000,I 20,I 20 and Miller Rd,,Rear End,2,Cloudy,Dry,Daylight
2021-06-09T15:39:00.000,I 20,I 20 and Miller Rd,,Rear End,4,Clear,Dry,Daylight
2021-05-11T09:45:00.000,I 20,I 20 and Miller Rd,,Rear End,2,Clear,Dry,Daylight
2021-12-10T16:51:00.000,I 20,I 20 and Miller Rd,,Rear End,2,Fog,Dry,Daylight
2021-03-26T16:30:00.000,I 20,I 20 and Miller Rd,,Rear End,2,Clear,Dry,Daylight
2021-09-27T00:00:00.000,I 20,I 20 and Miller Rd,,Rear End,5,Clear,Dry,Daylight
2021-08-10T15:50:00.000,I 20,I 20 and Miller Rd,,Angle Crash,3,Clear,Dry,Daylight
2021-09-04T13:20:00.000,I 20,I 20 and Miller Rd,,Rear End,3,Clear,Dry,Daylight
2021-10-28T16:20:00.000,I 20,I 20 and Miller Rd,,Rear End,4,Cloudy,Wet,Daylight
2021-01-05T21:00:00.000,I 20,I 20 and Miller Rd,,Sideswipe-Same Direction,3,Clear,Dry,Dark-Not Lighted
2021-06-01T13:50:00.000,I 20,I 20 and Miller Rd,,Rear End,2,Clear,Dry,Daylight
2021-01-13T17:02:00.000,I 20,I 20 and Miller Rd,,Rear End,2,Clear,Dry,Daylight
2021-02-11T04:28:00.000,I 20,I 20 and Miller Rd,,Rear End,2,Fog,Dry,Dark-Not Lighted
2020-07-06T21:19:00.000,I 20,I 20 and Miller Rd,,Sideswipe-Same Direction,2,Rain,Wet,Daylight
2023-03-25T23:15:00.000,I 20,I 20 and Miller Rd,,Sideswipe-Same Direction,3,Clear,Dry,Dark-Not Lighted
2023-10-06T12:58:00.000,I 20,I 20 and Miller Rd,,Rear End,3,Clear,Dry,Daylight
2023-07-09T19:00:00.000,I 20,I 20 and Miller Rd,,Rear End,2,Clear,Dry,Daylight
2023-12-29T12:20:00.000,I 20,I 20 and Miller Rd,,Rear End,2,Cloudy,Dry,Daylight
2023-05-27T11:10:00.000,I 20,I 20 and Miller Rd,,Angle Crash,2,Clear,Dry,Daylight
2023-07-15T13:00:00.000,I 20,I 20 and Miller Rd,,Rear End,2,Clear,Dry,Daylight
2023-01-15T02:56:00.000,I 20,I 20 and Miller Rd,,Rear End,2,Clear,Dry,Dark-Not Lighted
2023-07-07T16:00:00.000,I 20,I 20 and Miller Rd,,Rear End,4,Rain,Wet,Daylight
2023-10-05T17:00:00.000,I 20,I 20 and Miller Rd,,Rear End,3,Clear,Dry,Daylight
2023-08-03T20:00:00.000,I 20,I 20 and Miller Rd,,Rear End,2,Clear,Wet,Daylight
2023-10-12T08:23:00.000,I 20,I 20 and Miller Rd,,Rear End,3,Rain,Wet,Daylight
2023-06-05T16:11:00.000,I 20,I 20 and Miller Rd,,Rear End,2,Clear,Dry,Daylight
2023-01-19T09:20:00.000,I 20,I 20 and Miller Rd,,Head On,2,Rain,Wet,Daylight
2023-04-09T18:45:00.000,I 20,I 20 and Miller Rd,,Rear End,2,Clear,Dry,Daylight
2023-06-22T09:33:00.000,I 20,I 20 and Miller Rd,,Rear End,2,Rain,Wet,Dark-Not Lighted
2023-01-09T09:17:00.000,I 20,I 20 and Miller Rd,,Sideswipe-Same Direction,2,Cloudy,Dry,Daylight
2023-03-08T23:40:00.000,I 20,I 20 and Miller Rd,,Sideswipe-Same Direction,2,Clear,Dry,Dark-Not Lighted
2020-09-26T03:45:00.000,I 20,I 20 and Miller Rd,,Angle Crash,3,Clear,Dry,Dark-Not Lighted
2020-05-11T17:30:00.000,I 20,I 20 and Miller Rd,,Rear End,2,Clear,Dry,Daylight
2024-07-27T16:32:00.000,I 20,I 20 and Miller Rd,,Rear End,2,Clear,Dry,Daylight
2020-06-12T16:30:00.000,I 20,I 20 and Miller Rd,,Rear End,4,Clear,Dry,Daylight
2020-10-30T19:15:00.000,I 20,I 20 and Miller Rd,,Sideswipe-Same Direction,2,Clear,Dry,Dusk
2020-07-17T18:56:00.000,I 20,I 20 and Miller Rd,,Rear End,2,Clear,Dry,Daylight
2020-06-23T00:00:00.000,I 20,I 20 and Miller Rd,,Not a Collision with Motor Vehicle,2,Rain,Wet,Dawn
2020-02-18T06:20:00.000,I 20,I 20 and Miller Rd,,Rear End,2,Rain,Wet,Dark-Not Lighted
2020-06-13T11:56:00.000,I 20,I 20 and Miller Rd,,Sideswipe-Same Direction,2,Cloudy,Dry,Daylight
2020-07-16T17:30:00.000,I 20,I 20 and Miller Rd,,Rear End,2,Clear,Dry,Daylight
2020-11-19T13:29:00.000,I 20,I 20 and Miller Rd,,Sideswipe-Same Direction,2,Clear,Dry,Daylight
2020-11-19T13:29:00.000,I 20,I 20 and Miller Rd,,Rear End,2,Clear,Dry,Daylight
2020-11-20T14:16:00.000,I 20,I 20 and Miller Rd,,Sideswipe-Same Direction,2,Clear,Dry,Daylight
2020-12-11T10:36:00.000,I 20,I 20 and Miller Rd,,Rear End,2,Clear,Dry,Daylight
2020-12-04T19:25:00.000,I 20,I 20 and Miller Rd,,Rear End,4,Cloudy,Wet,Dark-Not Lighted
2020-10-02T18:11:00.000,I 20,I 20 and Miller Rd,,Rear End,3,Clear,Dry,Daylight
2020-01-24T17:37:00.000,I 20,I 20 and Miller Rd,,Rear End,2,Clear,Wet,Daylight
2020-10-07T13:25:00.000,I 20,I 20 and Miller Rd,,Sideswipe-Same Direction,2,Cloudy,Dry,Daylight
2020-09-11T16:46:00.000,I 20,I 20 and Miller Rd,,Rear End,2,Clear,Dry,Daylight
2020-08-15T22:55:00.000,I 20,I 20 and Miller Rd,,Sideswipe-Same Direction,4,Cloudy,Wet,Dark-Not Lighted
2020-07-12T01:00:00.000,I 20,I 20 and Miller Rd,,Rear End,3,Clear,Dry,Dark-Lighted
2020-01-31T09:10:00.000,I 20,I 20 and Miller Rd,,Rear End,3,Rain,Wet,Daylight
2020-06-02T11:31:00.000,I 20,I 20 and Miller Rd,,Not a Collision with Motor Vehicle,1,Clear,Dry,Daylight
2020-12-04T18:55:00.000,I 20,I 20 and Miller Rd,,Rear End,2,Cloudy,Dry,Dark-Not Lighted
2020-09-26T13:46:00.000,I 20,I 20 and Miller Rd,,Rear End,2,Clear,Dry,Daylight
2020-06-13T11:56:00.000,I 20,I 20 and Miller Rd,,Sideswipe-Same Direction,2,Cloudy,Dry,Daylight
2021-02-15T05:54:00.000,I 20,I 20 and Miller Rd,,Sideswipe-Same Direction,2,Rain,Wet,Dark-Not Lighted
2021-01-05T20:33:00.000,I 20,I 20 and Miller Rd,,Rear End,2,Clear,Dry,Dark-Not Lighted
2021-04-23T00:00:00.000,I 20,I 20 and Miller Rd,,Rear End,2,Clear,Dry,Daylight
2021-04-27T06:08:00.000,I 20,I 20 and Miller Rd,,Sideswipe-Same Direction,2,Clear,Dry,Dark-Lighted
2021-06-01T09:50:00.000,I 20,I 20 and Miller Rd,,Rear End,2,Clear,Dry,Daylight
2021-09-07T14:40:00.000,I 20,I 20 and Miller Rd,,Sideswipe-Same Direction,2,Cloudy,Dry,Daylight
2021-09-29T00:52:00.000,I 20,I 20 and Miller Rd,,Sideswipe-Same Direction,2,Clear,Dry,Dark-Lighted
2021-12-17T19:34:00.000,I 20,I 20 and Miller Rd,,Rear End,3,Clear,Dry,Dark-Not Lighted
2021-08-06T09:34:00.000,I 20,I 20 and Miller Rd,,Rear End,2,Clear,Dry,Daylight
2021-08-19T08:55:00.000,I 20,I 20 and Miller Rd,,Rear End,3,Clear,Dry,Daylight
2021-08-06T07:25:00.000,I 20,I 20 and Miller Rd,,Rear End,3,Clear,Dry,Daylight
2021-10-04T16:30:00.000,I 20,I 20 and Miller Rd,,Rear End,3,Clear,Wet,Daylight
2021-07-19T00:00:00.000,I 20,I 20 and Miller Rd,,Not a Collision with Motor Vehicle,1,Rain,Wet,Dark-Not Lighted
2021-07-15T11:00:00.000,I 20,I 20 and Miller Rd,,Rear End,2,Clear,Dry,Daylight
2022-11-04T14:00:00.000,I 20,I 20 and Miller Rd,,Angle Crash,2,Clear,Dry,Daylight
2022-05-07T15:15:00.000,I 20,I 20 and Miller Rd,,Rear End,3,Clear,Dry,Daylight
2022-12-31T00:00:00.000,I 20,I 20 and Miller Rd,,Sideswipe-Same Direction,5,Cloudy,Wet,Dark-Not Lighted
2021-08-31T16:30:00.000,I 20,I 20 and Miller Rd,,Sideswipe-Same Direction,2,Cloudy,Wet,Daylight
2021-09-30T18:50:00.000,I 20,I 20 and Miller Rd,,Sideswipe-Same Direction,2,Clear,Dry,Daylight
2021-07-19T00:50:00.000,I 20,I 20 and Miller Rd,,Rear End,3,Rain,Wet,Dark-Not Lighted
2022-06-24T08:45:00.000,I 20,I 20 and Miller Rd,,Sideswipe-Same Direction,2,Clear,Dry,Daylight
2022-05-18T09:25:00.000,I 20,I 20 and Miller Rd,,Rear End,3,Clear,Dry,Daylight
2022-05-19T18:16:00.000,I 20,I 20 and Miller Rd,,Rear End,2,Clear,Dry,Daylight
2022-11-17T09:12:00.000,I 20,I 20 and Miller Rd,,Rear End,2,Clear,Dry,Daylight
2022-12-01T12:42:00.000,I 20,I 20 and Miller Rd,,Rear End,3,Clear,Dry,Daylight
2022-09-16T04:45:00.000,I 20,I 20 and Miller Rd,,Rear End,2,Clear,Dry,Dark-Not Lighted
2022-02-06T22:42:00.000,I 20,I 20 and Miller Rd,,Rear End,4,Clear,Dry,Dark-Lighted
2021-08-25T08:30:00.000,I 20,I 20 and Miller Rd,,Rear End,2,Clear,Dry,Daylight
2022-05-04T21:43:00.000,I 20,I 20 and Miller Rd,,Sideswipe-Same Direction,2,Clear,Dry,Daylight
2022-08-10T17:01:00.000,I 20,I 20 and Miller Rd,,Rear End,2,Cloudy,Wet,Daylight
2022-06-02T14:45:00.000,I 20,I 20 and Miller Rd,,Rear End,2,Clear,Dry,Daylight
2022-11-22T00:00:00.000,I 20,I 20 and Miller Rd,,Sideswipe-Same Direction,2,Clear,Dry,Dark-Not Lighted
2022-07-27T14:33:00.000,I 20,I 20 and Miller Rd,,Not a Collision with Motor Vehicle,1,Clear,Dry,Daylight
2022-08-22T16:50:00.000,I 20,I 20 and Miller Rd,,Rear End,3,Cloudy,Wet,Daylight
2022-02-11T10:55:00.000,I 20,I 20 and Miller Rd,,Rear End,2,Clear,Dry,Daylight
2022-06-04T14:30:00.000,I 20,I 20 and Miller Rd,,Rear End,2,Clear,Dry,Daylight
2022-01-10T10:23:00.000,I 20,I 20 and Miller Rd,,Sideswipe-Same Direction,3,Clear,Dry,Daylight
2022-12-14T14:11:00.000,I 20,I 20 and Miller Rd,,Rear End,2,Rain,Wet,Daylight
2022-04-23T09:30:00.000,I 20,I 20 and Miller Rd,,Sideswipe-Same Direction,2,Clear,Dry,Daylight
2022-08-23T17:50:00.000,I 20,I 20 and Miller Rd,,Sideswipe-Same Direction,2,Clear,Dry,Daylight
2022-01-06T07:29:00.000,I 20,I 20 and Miller Rd,,Sideswipe-Same Direction,2,Clear,Dry,Daylight
2022-03-21T05:30:00.000,I 20,I 20 and Miller Rd,,Not a Collision with Motor Vehicle,2,Clear,Dry,Daylight
2022-08-12T15:55:00.000,I 20,I 20 and Miller Rd,,Rear End,2,Clear,Dry,Daylight
2022-08-11T17:45:00.000,I 20,I 20 and Miller Rd,,Rear End,2,Clear,Dry,Dark-Lighted
2022-10-11T09:36:00.000,I 20,I 20 and Miller Rd,,Rear End,2,Clear,Dry,Daylight
2022-07-15T14:55:00.000,I 20,I 20 and Miller Rd,,Rear End,2,Clear,Dry,Daylight
2022-01-20T11:15:00.000,I 20,I 20 and Miller Rd,,Rear End,2,Rain,Wet,Daylight
2022-04-07T09:56:00.000,I 20,I 20 and Miller Rd,,Rear End,3,Clear,Dry,Daylight
2022-06-25T15:00:00.000,I 20,I 20 and Miller Rd,,Rear End,2,Clear,Dry,Daylight
2022-05-19T22:06:00.000,I 20,I 20 and Miller Rd,,Sideswipe-Same Direction,2,Clear,Dry,Dark-Lighted
2022-11-08T09:23:00.000,I 20,I 20 and Miller Rd,,Rear End,2,Cloudy,Dry,Dark-Lighted
2022-11-11T17:50:00.000,I 20,I 20 and Miller Rd,,Rear End,2,Clear,Wet,Dark-Lighted
2022-05-07T01:00:00.000,I 20,I 20 and Miller Rd,,Rear End,4,Clear,Dry,Dark-Lighted
2022-08-22T17:00:00.000,I 20,I 20 and Miller Rd,,Rear End,3,Cloudy,Wet,Daylight
2022-05-10T09:30:00.000,I 20,I 20 and Miller Rd,,Rear End,2,Clear,Dry,Daylight
2022-05-06T16:01:00.000,I 20,I 20 and Miller Rd,,Rear End,2,Clear,Dry,Daylight
2024-03-11T01:00:00.000,I 20,I 20 and Miller Rd,,Rear End,2,Clear,Dry,Dark-Not Lighted
2024-08-14T23:10:00.000,I 20,I 20 and Miller Rd,,Sideswipe-Same Direction,2,Clear,Dry,Dark-Not Lighted
2024-08-21T17:57:00.000,I 20,I 20 and Miller Rd,,Rear End,2,Clear,Dry,Daylight
2024-10-11T23:30:00.000,I 20,I 20 and Miller Rd,,Sideswipe-Same Direction,2,Clear,Dry,Dark-Not Lighted
2023-12-08T22:30:00.000,I 20,I 20 and Miller Rd,,Sideswipe-Same Direction,3,Clear,Dry,Dark-Not Lighted
2023-10-05T17:00:00.000,I 20,I 20 and Miller Rd,,Rear End,2,Clear,Dry,Daylight
2023-06-05T16:11:00.000,I 20,I 20 and Miller Rd,,Rear End,2,Clear,Dry,Daylight
2023-02-03T18:29:00.000,I 20,I 20 and Miller Rd,,Sideswipe-Same Direction,2,Clear,Dry,Dark-Lighted
2023-11-09T02:29:00.000,I 20,I 20 and Miller Rd,,Angle Crash,2,Clear,Dry,Dark-Lighted
2023-10-24T09:18:00.000,I 20,I 20 and Miller Rd,,Sideswipe-Same Direction,2,Clear,Dry,Daylight
2023-12-14T12:23:00.000,I 20,I 20 and Miller Rd,,Rear End,2,Clear,Dry,Daylight
2023-11-04T20:00:00.000,I 20,I 20 and Miller Rd,,Rear End,2,Clear,Dry,Dark-Not Lighted
2023-07-14T17:55:00.000,I 20,I 20 and Miller Rd,,Rear End,6,Clear,Wet,Daylight
2023-01-10T16:10:00.000,I 20,I 20 and Miller Rd,,Rear End,2,Clear,Dry,Daylight
2023-01-20T18:19:00.000,I 20,I 20 and Miller Rd,,Not a Collision with Motor Vehicle,1,Clear,Dry,Dark-Lighted
2023-03-03T19:30:00.000,I 20,I 20 and Miller Rd,,Sideswipe-Same Direction,2,Rain,Wet,Dark-Lighted
2024-10-13T03:30:00.000,I 20,I 20 and Miller Rd,,Sideswipe-Same Direction,2,Clear,Dry,Dark-Not Lighted
2024-12-29T05:40:00.000,I 20,I 20 and Miller Rd,,Angle Crash,2,Rain,Wet,Dark-Not Lighted
2024-12-25T21:13:00.000,I 20,I 20 and Miller Rd,,Rear End,3,Clear,Dry,Dark-Not Lighted
2024-02-15T15:30:00.000,I 20,I 20 and Miller Rd,,Rear End,2,Clear,Dry,Daylight
2024-10-25T21:24:00.000,I 20,I 20 and Miller Rd,,Sideswipe-Same Direction,3,Clear,Dry,Dark-Lighted
2024-11-14T15:32:00.000,I 20,I 20 and Miller Rd,,Rear End,2,Clear,Dry,Daylight
2024-05-12T03:45:00.000,I 20,I 20 and Miller Rd,,Sideswipe-Same Direction,2,Clear,Dry,Dark-Not Lighted
2024-08-19T17:12:00.000,I 20,I 20 and Miller Rd,,Rear End,3,Clear,Dry,Daylight
2024-08-17T22:30:00.000,I 20,I 20 and Miller Rd,,Sideswipe-Same Direction,2,Clear,Dry,Dark-Not Lighted
2024-09-04T15:54:00.000,I 20,I 20 and Miller Rd,,Sideswipe-Same Direction,2,Clear,Dry,Daylight
2024-11-21T15:07:00.000,I 20,I 20 and Miller Rd,,Rear End,2,Clear,Dry,Daylight
2024-06-29T19:00:00.000,I 20,I 20 and Miller Rd,,Rear End,4,Clear,Dry,Daylight
2024-02-02T06:24:00.000,I 20,I 20 and Miller Rd,,Rear End,2,Clear,Dry,Dark-Not Lighted
2024-05-04T00:15:00.000,I 20,I 20 and Miller Rd,,Sideswipe-Same Direction,2,Clear,Dry,Dark-Not Lighted
2024-05-03T23:00:00.000,I 20,I 20 and Miller Rd,,Rear End,2,Clear,Dry,Dark-Not Lighted
2024-08-10T18:00:00.000,I 20,I 20 and Miller Rd,,Rear End,4,Clear,Dry,Daylight
2024-05-12T03:00:00.000,I 20,I 20 and Miller Rd,,Angle Crash,2,Clear,Dry,Dark-Not Lighted
2024-04-30T04:02:00.000,I 20,I 20 and Miller Rd,,Rear End,2,Clear,Dry,Dark-Not Lighted
2024-05-05T18:43:00.000,I 20,I 20 and Miller Rd,,Rear End,3,Cloudy,Wet,Daylight
2024-07-23T17:08:00.000,I 20,I 20 and Miller Rd,,Rear End,4,Cloudy,Dry,Daylight
2020-04-20T09:35:00.000,I 20,I 20 and Miller Dr,,Sideswipe-Same Direction,2,Cloudy,Wet,Daylight
2021-02-01T12:19:00.000,I 20,I 20 and Miller Academy Rd Opas,,Sideswipe-Same Direction,2,Cloudy,Dry,Daylight
2022-04-26T14:33:00.000,I 20,I 20 and Miller Academy Rd,,Not a Collision with Motor Vehicle,2,Cloudy,Dry,Daylight
2024-09-19T12:55:00.000,I 20,I 20 and Miller Academy Rd,,Rear End,2,Clear,Dry,Daylight
2023-02-07T16:16:00.000,I 20,I 20 and Miler Marker 82,,Not a Collision with Motor Vehicle,1,Clear,Dry,Daylight
2023-09-09T09:12:00.000,I 20,I 20 and Miler Marker 3,,Not a Collision with Motor Vehicle,1,Clear,Dry,Daylight
2023-03-30T19:15:00.000,I 20,I 20 and Miler Marker 130.5,,Rear End,3,Clear,Dry,Daylight
2022-08-15T19:23:00.000,I 20,I 20 and Milemarker 39,,Rear End,2,Clear,Dry,Daylight
2020-09-30T17:14:00.000,I 20,I 20 and Milemarker 201,,Rear End,5,Clear,Dry,Daylight
2023-02-28T13:34:00.000,I 20,I 20 and Mile Post 90,,Not a Collision with Motor Vehicle,1,Clear,Dry,Daylight
2021-02-04T08:25:00.000,I 20,I 20 and Mile Post 9,,Rear End,2,Cloudy,Dry,Daylight
2023-08-03T17:20:00.000,I 20,I 20 and Mile Post 89,,Rear End,2,Rain,Wet,Daylight
2023-11-25T19:25:00.000,I 20,I 20 and Mile Post 27,,Rear End,2,Clear,Dry,Dark-Not Lighted
2024-11-09T01:49:00.000,I 20,I 20 and Mile Post 149,,Not a Collision with Motor Vehicle,1,Fog,Wet,Dark-Not Lighted
2024-12-03T17:16:00.000,I 20,I 20 and Mile Mrker 200,,Sideswipe-Same Direction,2,Clear,Dry,Dusk
2024-07-15T15:08:00.000,I 20,I 20 and Mile Marker9 1 2,,Not a Collision with Motor Vehicle,1,Rain,Wet,Daylight
2022-07-10T07:00:00.000,I 20,I 20 and Mile Marker155.5,,Not a Collision with Motor Vehicle,1,Rain,Wet,Daylight
2024-03-02T19:25:00.000,I 20,I 20 and Mile Marker Zero,,Not a Collision with Motor Vehicle,1,Cloudy,Dry,Dark-Not Lighted
2023-03-10T16:40:00.000,I 20,I 20 and Mile Marker 99,,Rear End,4,Clear,Dry,Daylight
2023-12-01T18:16:00.000,I 20,I 20 and Mile Marker 99,,Rear End,2,Clear,Dry,Dark-Not Lighted
2024-01-26T23:10:00.000,I 20,I 20 and Mile Marker 99,,Angle Crash,3,Cloudy,Dry,Dark-Not Lighted
2021-03-06T19:07:00.000,I 20,I 20 and Mile Marker 98,,Sideswipe-Same Direction,2,Clear,Dry,Dark-Not Lighted
2023-07-31T07:05:00.000,I 20,I 20 and Mile Marker 98,,Rear End,2,Clear,Dry,Daylight
2021-11-24T10:37:00.000,I 20,I 20 and Mile Marker 98,,Rear End,7,Clear,Dry,Daylight
2022-11-27T17:08:00.000,I 20,I 20 and Mile Marker 98,,Rear End,2,Clear,Dry,Daylight
2022-09-16T18:43:00.000,I 20,I 20 and Mile Marker 97,,Rear End,2,Clear,Dry,Daylight