Date and Time,Roadway (From Crash Report),Intersection Name (from Crash Report),KABCO Severity,Manner of Collision (Crash Level) ,# of Vehicles per crash ,Weather Conditions (Crash Level),Surface Condition (Crash Level) ,Light Conditions (Crash Level)
2022-05-10T09:54:00.000,I 20,I 20 and Mile Marker 97,,Sideswipe-Same Direction,2,Clear,Dry,Daylight
2021-03-14T16:43:00.000,I 20,I 20 and Mile Marker 96,,Angle Crash,3,Clear,Dry,Daylight
2022-11-26T11:27:00.000,I 20,I 20 and Mile Marker 96,,Not a Collision with Motor Vehicle,1,Clear,Dry,Daylight
2024-03-17T01:47:00.000,I 20,I 20 and Mile Marker 96,,Angle Crash,2,Clear,Dry,Dark-Not Lighted
2021-09-03T11:27:00.000,I 20,I 20 and Mile Marker 95,,Rear End,2,Clear,Dry,Daylight
2024-08-26T14:52:00.000,I 20,I 20 and Mile Marker 94.5,,Sideswipe-Same Direction,2,Clear,Dry,Daylight
2023-11-26T15:35:00.000,I 20,I 20 and Mile Marker 94,,Rear End,2,Cloudy,Wet,Daylight
2021-05-28T09:58:00.000,I 20,I 20 and Mile Marker 94,,Rear End,2,Clear,Dry,Daylight
2022-05-16T11:49:00.000,I 20,I 20 and Mile Marker 94,,Sideswipe-Same Direction,2,Clear,Dry,Daylight
2022-02-28T13:16:00.000,I 20,I 20 and Mile Marker 94,,Sideswipe-Same Direction,2,Clear,Dry,Daylight
2023-12-18T21:04:00.000,I 20,I 20 and Mile Marker 94,,Angle Crash,2,Clear,Dry,Dark-Not Lighted
2024-11-27T18:55:00.000,I 20,I 20 and Mile Marker 94,,Rear End,2,Clear,Dry,Dark-Not Lighted
2021-10-19T22:47:00.000,I 20,I 20 and Mile Marker 93,,Not a Collision with Motor Vehicle,1,Clear,Dry,Dark-Not Lighted
2023-06-24T17:25:00.000,I 20,I 20 and Mile Marker 93,,Rear End,3,Clear,Dry,Daylight
2020-03-16T11:52:00.000,I 20,I 20 and Mile Marker 93,,Rear End,2,Cloudy,Dry,Daylight
2022-10-12T16:54:00.000,I 20,I 20 and Mile Marker 93,,Not a Collision with Motor Vehicle,1,Rain,Wet,Daylight
2022-01-02T16:15:00.000,I 20,I 20 and Mile Marker 93,,Rear End,3,Rain,Wet,Daylight
2023-07-28T16:13:00.000,I 20,I 20 and Mile Marker 93,,Rear End,2,Cloudy,Dry,Daylight
2024-03-01T08:48:00.000,I 20,I 20 and Mile Marker 93,,Not a Collision with Motor Vehicle,1,Rain,Wet,Daylight
2023-06-13T11:00:00.000,I 20,I 20 and Mile Marker 92,,Not a Collision with Motor Vehicle,1,Clear,Dry,Daylight
2023-04-13T12:57:00.000,I 20,I 20 and Mile Marker 92,,Not a Collision with Motor Vehicle,1,Rain,Dry,Daylight
2022-07-15T18:00:00.000,I 20,I 20 and Mile Marker 92,,Not a Collision with Motor Vehicle,1,Clear,Dry,Daylight
2022-07-09T10:15:00.000,I 20,I 20 and Mile Marker 92,,Not a Collision with Motor Vehicle,1,Rain,Wet,Daylight
2024-11-10T00:55:00.000,I 20,I 20 and Mile Marker 92,,Rear End,2,Clear,Dry,Dark-Not Lighted
2023-01-17T13:24:00.000,I 20,I 20 and Mile Marker 92,,Not a Collision with Motor Vehicle,1,Cloudy,Wet,Daylight
2024-03-24T12:01:00.000,I 20,I 20 and Mile Marker 92,,Rear End,10,Clear,Dry,Daylight
2021-09-29T14:26:00.000,I 20,I 20 and Mile Marker 91,,Not a Collision with Motor Vehicle,1,Clear,Dry,Daylight
2024-03-27T10:50:00.000,I 20,I 20 and Mile Marker 91,,Not a Collision with Motor Vehicle,1,Clear,Wet,Daylight
2023-08-28T15:48:00.000,I 20,I 20 and Mile Marker 90,,Not a Collision with Motor Vehicle,1,Clear,Dry,Daylight
2021-11-09T18:24:00.000,I 20,I 20 and Mile Marker 90,,Sideswipe-Same Direction,2,Clear,Dry,Dark-Lighted
2021-12-30T07:10:00.000,I 20,I 20 and Mile Marker 90,,Not a Collision with Motor Vehicle,1,Rain,Wet,Dark-Not Lighted
2022-11-01T11:57:00.000,I 20,I 20 and Mile Marker 90,,Rear End,2,Clear,Dry,Daylight
2024-10-31T20:28:00.000,I 20,I 20 and Mile Marker 90,,Angle Crash,3,Clear,Dry,Dark-Not Lighted
2022-01-24T17:19:00.000,I 20,I 20 and Mile Marker 9.5,,Sideswipe-Same Direction,2,Clear,Dry,Daylight
2020-01-27T17:50:00.000,I 20,I 20 and Mile Marker 9 Exit Rp,,Rear End,2,Clear,Dry,Daylight
2020-07-08T13:32:00.000,I 20,I 20 and Mile Marker 9 1 2,,Not a Collision with Motor Vehicle,1,Rain,Wet,Daylight
2021-06-06T21:35:00.000,I 20,I 20 and Mile Marker 9 1 2,,Not a Collision with Motor Vehicle,1,Rain,Wet,Dark-Not Lighted
2024-02-11T09:15:00.000,I 20,I 20 and Mile Marker 9 1 2,,Not a Collision with Motor Vehicle,1,Cloudy,Wet,Daylight
2024-03-08T09:45:00.000,I 20,I 20 and Mile Marker 9 1 2,,Sideswipe-Same Direction,1,Cloudy,Dry,Daylight
2024-11-19T09:00:00.000,I 20,I 20 and Mile Marker 9 1 2,,Not a Collision with Motor Vehicle,1,Rain,Water (standing or moving),Daylight
2021-02-03T01:12:00.000,I 20,I 20 and Mile Marker 9,,Rear End,1,Clear,Dry,Dark-Not Lighted
2023-07-10T00:33:00.000,I 20,I 20 and Mile Marker 89,,Sideswipe-Same Direction,2,Cloudy,Dry,Dark-Not Lighted
2020-10-14T17:09:00.000,I 20,I 20 and Mile Marker 89,,Sideswipe-Opposite Direction,2,Clear,Dry,Daylight
2023-10-13T15:17:00.000,I 20,I 20 and Mile Marker 89,,Sideswipe-Same Direction,2,Rain,Wet,Daylight
2024-12-21T20:31:00.000,I 20,I 20 and Mile Marker 89,,Not a Collision with Motor Vehicle,1,Clear,Dry,Dark-Not Lighted
2020-09-28T20:02:00.000,I 20,I 20 and Mile Marker 885,,Rear End,2,Clear,Dry,Dark-Not Lighted
2020-10-14T17:06:00.000,I 20,I 20 and Mile Marker 88,,Not a Collision with Motor Vehicle,1,Clear,Dry,Daylight
2020-06-08T09:52:00.000,I 20,I 20 and Mile Marker 88,,Sideswipe-Same Direction,3,Cloudy,Dry,Daylight
2022-02-14T11:49:00.000,I 20,I 20 and Mile Marker 88,,Sideswipe-Same Direction,2,Clear,Dry,Daylight
2022-10-29T22:39:00.000,I 20,I 20 and Mile Marker 88,,Angle Crash,2,Rain,Wet,Dark-Lighted
2022-10-22T17:15:00.000,I 20,I 20 and Mile Marker 88,,Sideswipe-Same Direction,2,Clear,Dry,Daylight
2022-10-29T22:39:00.000,I 20,I 20 and Mile Marker 88,,Angle Crash,2,Rain,Wet,Dark-Lighted
2022-10-29T22:39:00.000,I 20,I 20 and Mile Marker 88,,Sideswipe-Same Direction,2,Rain,Wet,Dark-Lighted
2022-03-26T12:07:00.000,I 20,I 20 and Mile Marker 88,,Sideswipe-Same Direction,2,Clear,Dry,Daylight
2022-10-29T22:39:00.000,I 20,I 20 and Mile Marker 88,,Angle Crash,2,Rain,Wet,Dark-Lighted
2024-03-07T07:18:00.000,I 20,I 20 and Mile Marker 88,,Sideswipe-Same Direction,5,Clear,Dry,Daylight
2021-04-22T18:48:00.000,I 20,I 20 and Mile Marker 87,,Rear End,2,Clear,Dry,Daylight
2023-12-23T18:41:00.000,I 20,I 20 and Mile Marker 87,,Sideswipe-Same Direction,2,Cloudy,Dry,Dark-Not Lighted
2021-02-07T18:44:00.000,I 20,I 20 and Mile Marker 87,,Sideswipe-Same Direction,2,Clear,Dry,Dark-Not Lighted
2022-12-10T02:12:00.000,I 20,I 20 and Mile Marker 87,,Sideswipe-Same Direction,8,Cloudy,Wet,Dark-Not Lighted
2022-10-24T14:00:00.000,I 20,I 20 and Mile Marker 87,,Sideswipe-Same Direction,2,Clear,Dry,Daylight
2024-07-13T20:00:00.000,I 20,I 20 and Mile Marker 87,,Not a Collision with Motor Vehicle,1,Clear,Dry,Daylight
2024-03-06T16:20:00.000,I 20,I 20 and Mile Marker 86.5,,Rear End,2,Cloudy,Wet,Daylight
2023-07-31T14:12:00.000,I 20,I 20 and Mile Marker 86,,Sideswipe-Same Direction,2,Clear,Dry,Daylight
2023-10-22T03:07:00.000,I 20,I 20 and Mile Marker 85,,Sideswipe-Same Direction,2,Clear,Dry,Dark-Not Lighted
2021-03-11T21:57:00.000,I 20,I 20 and Mile Marker 84,,Sideswipe-Same Direction,2,Clear,Dry,Dark-Not Lighted
2023-11-02T06:45:00.000,I 20,I 20 and Mile Marker 84,,Rear End,2,Clear,Dry,Dark-Lighted
2023-07-20T21:39:00.000,I 20,I 20 and Mile Marker 84,,Angle Crash,3,Cloudy,Wet,Dark-Lighted
2020-08-11T21:23:00.000,I 20,I 20 and Mile Marker 835,,Rear End,2,Cloudy,Dry,Dark-Not Lighted
2023-11-10T15:58:00.000,I 20,I 20 and Mile Marker 83,,Rear End,2,Cloudy,Wet,Daylight
2024-03-11T14:13:00.000,I 20,I 20 and Mile Marker 83,,Sideswipe-Same Direction,2,Clear,Dry,Daylight
2024-03-27T07:04:00.000,I 20,I 20 and Mile Marker 82.6,,Rear End,2,Cloudy,Wet,Dawn
2020-10-01T10:58:00.000,I 20,I 20 and Mile Marker 82,,Rear End,4,Clear,Dry,Daylight
2024-10-01T09:50:00.000,I 20,I 20 and Mile Marker 82,,Rear End,2,Other,Dry,Daylight
2020-05-16T13:17:00.000,I 20,I 20 and Mile Marker 80,,Not a Collision with Motor Vehicle,1,Clear,Dry,Daylight
2023-08-13T01:20:00.000,I 20,I 20 and Mile Marker 80,,Not a Collision with Motor Vehicle,2,Cloudy,Wet,Dark-Not Lighted
2020-03-24T17:00:00.000,I 20,I 20 and Mile Marker 8,,Angle Crash,2,Clear,Dry,Daylight
2024-02-12T09:20:00.000,I 20,I 20 and Mile Marker 8,,Not a Collision with Motor Vehicle,1,Rain,Wet,Daylight
2024-01-10T20:50:00.000,I 20,I 20 and Mile Marker 79.9,,Sideswipe-Same Direction,2,Cloudy,Dry,Dark-Not Lighted
2022-06-12T05:04:00.000,I 20,I 20 and Mile Marker 79,,Sideswipe-Same Direction,2,Clear,Dry,Dark-Lighted
2022-01-03T05:17:00.000,I 20,I 20 and Mile Marker 79,,Not a Collision with Motor Vehicle,1,Clear,Wet,Dark-Lighted
2024-06-05T20:00:00.000,I 20,I 20 and Mile Marker 79,,Sideswipe-Same Direction,2,Clear,Dry,Daylight
2023-03-08T17:01:00.000,I 20,I 20 and Mile Marker 78,,Sideswipe-Same Direction,2,Clear,Dry,Daylight
2024-09-25T16:03:00.000,I 20,I 20 and Mile Marker 78,,Sideswipe-Same Direction,2,Rain,Wet,Daylight
2021-04-20T21:25:00.000,I 20,I 20 and Mile Marker 77,,Angle Crash,2,Clear,Dry,Dark-Not Lighted
2021-04-20T21:25:00.000,I 20,I 20 and Mile Marker 77,,Angle Crash,1,Clear,Dry,Dark-Not Lighted
2023-03-08T17:03:00.000,I 20,I 20 and Mile Marker 77,,Sideswipe-Same Direction,3,Clear,Dry,Daylight
2024-09-01T01:06:00.000,I 20,I 20 and Mile Marker 76,,Sideswipe-Same Direction,2,Cloudy,Dry,Dark-Not Lighted
2023-08-07T16:30:00.000,I 20,I 20 and Mile Marker 74.2,,Sideswipe-Same Direction,2,Clear,Dry,Daylight
2023-11-17T19:44:00.000,I 20,I 20 and Mile Marker 74.1,,Rear End,4,Clear,Dry,Dark-Not Lighted
2020-02-05T10:10:00.000,I 20,I 20 and Mile Marker 74,,Rear End,2,Rain,Wet,Daylight
2020-02-11T06:14:00.000,I 20,I 20 and Mile Marker 71,,Rear End,2,Rain,Wet,Dark-Not Lighted
2024-05-06T00:16:00.000,I 20,I 20 and Mile Marker 70,,Angle Crash,3,Clear,Dry,Dark-Not Lighted
2024-05-06T01:10:00.000,I 20,I 20 and Mile Marker 70,,Sideswipe-Same Direction,2,Clear,Dry,Dark-Lighted
2023-11-07T19:02:00.000,I 20,I 20 and Mile Marker 7,,Sideswipe-Same Direction,2,Clear,Dry,Daylight
2021-09-16T16:23:00.000,I 20,I 20 and Mile Marker 68,,Rear End,2,Rain,Wet,Daylight
2021-04-28T15:21:00.000,I 20,I 20 and Mile Marker 60,,Rear End,2,Cloudy,Dry,Daylight
2021-04-28T14:40:00.000,I 20,I 20 and Mile Marker 60,,Not a Collision with Motor Vehicle,1,Clear,Dry,Daylight
2024-03-26T13:40:00.000,I 20,I 20 and Mile Marker 6.5,,Not a Collision with Motor Vehicle,1,Rain,Wet,Daylight
2021-03-16T18:42:00.000,I 20,I 20 and Mile Marker 6,,Not a Collision with Motor Vehicle,1,Rain,Wet,Daylight
2020-08-14T18:40:00.000,I 20,I 20 and Mile Marker 6,,Rear End,2,Rain,Wet,Daylight
2023-05-17T17:26:00.000,I 20,I 20 and Mile Marker 6,,Angle Crash,2,Rain,Wet,Daylight
2020-03-03T07:50:00.000,I 20,I 20 and Mile Marker 596,,Rear End,3,Rain,Wet,Dawn
2020-01-07T07:03:00.000,I 20,I 20 and Mile Marker 52,,Sideswipe-Same Direction,2,Cloudy,Dry,Dark-Lighted
2021-04-12T16:40:00.000,I 20,I 20 and Mile Marker 5 Exit Rp,,Sideswipe-Same Direction,2,Clear,Dry,Daylight
2021-01-31T18:35:00.000,I 20,I 20 and Mile Marker 5,,Not a Collision with Motor Vehicle,1,Cloudy,Wet,Dark-Not Lighted
2024-09-13T11:50:00.000,I 20,I 20 and Mile Marker 5,,Not a Collision with Motor Vehicle,1,Clear,Wet,Daylight
2022-08-22T10:56:00.000,I 20,I 20 and Mile Marker 48,,Rear End,3,Clear,Dry,Daylight
2024-04-15T07:35:00.000,I 20,I 20 and Mile Marker 48,,Rear End,2,Clear,Dry,Daylight
2021-03-08T14:00:00.000,I 20,I 20 and Mile Marker 47,,Sideswipe-Same Direction,2,Clear,Dry,Daylight
2022-10-13T09:00:00.000,I 20,I 20 and Mile Marker 46.4,,Rear End,2,Clear,Dry,Daylight
2023-12-22T14:26:00.000,I 20,I 20 and Mile Marker 44,,Rear End,2,Clear,Dry,Daylight
2023-11-29T17:59:00.000,I 20,I 20 and Mile Marker 44,,Rear End,3,Clear,Dry,Dark-Not Lighted
2021-12-18T11:54:00.000,I 20,I 20 and Mile Marker 44,,Rear End,3,Rain,Wet,Daylight
2022-09-22T04:30:00.000,I 20,I 20 and Mile Marker 44,,Rear End,2,Clear,Dry,Dark-Not Lighted
2022-08-03T17:42:00.000,I 20,I 20 and Mile Marker 44,,Rear End,2,Cloudy,Dry,Daylight
2022-02-19T20:25:00.000,I 20,I 20 and Mile Marker 44,,Rear End,2,Clear,Dry,Dark-Not Lighted
2022-01-09T16:31:00.000,I 20,I 20 and Mile Marker 44,,Not a Collision with Motor Vehicle,1,Clear,Wet,Daylight
2023-12-22T15:30:00.000,I 20,I 20 and Mile Marker 44,,Sideswipe-Same Direction,2,Clear,Dry,Daylight
2023-12-26T13:08:00.000,I 20,I 20 and Mile Marker 44,,Sideswipe-Same Direction,3,Cloudy,Wet,Daylight
2024-11-28T05:34:00.000,I 20,I 20 and Mile Marker 44,,Sideswipe-Same Direction,2,Rain,Wet,Dark-Not Lighted
2024-01-30T08:03:00.000,I 20,I 20 and Mile Marker 44,,Rear End,2,Clear,Dry,Daylight
2024-11-19T12:18:00.000,I 20,I 20 and Mile Marker 44,,Not a Collision with Motor Vehicle,1,Rain,Wet,Daylight
2020-12-06T21:40:00.000,I 20,I 20 and Mile Marker 43 Weigh Sta,,Sideswipe-Same Direction,2,Rain,Wet,Dark-Not Lighted
2023-10-18T08:44:00.000,I 20,I 20 and Mile Marker 43,,(None),2,(None),(None),(None)
2022-08-24T03:11:00.000,I 20,I 20 and Mile Marker 43,,Rear End,2,Clear,Dry,Dark-Not Lighted
2022-09-08T08:40:00.000,I 20,I 20 and Mile Marker 43,,Rear End,2,Clear,Dry,Daylight
2022-08-05T05:43:00.000,I 20,I 20 and Mile Marker 43,,Rear End,2,Clear,Dry,Dark-Not Lighted
2024-03-23T15:50:00.000,I 20,I 20 and Mile Marker 43,,Not a Collision with Motor Vehicle,1,Clear,Dry,Daylight
2023-05-25T15:48:00.000,I 20,I 20 and Mile Marker 42.8,,Rear End,2,Clear,Dry,Daylight
2023-03-24T11:01:00.000,I 20,I 20 and Mile Marker 42.6,,Sideswipe-Same Direction,2,Cloudy,Dry,Daylight
2021-01-10T21:32:00.000,I 20,I 20 and Mile Marker 42,,Angle Crash,2,Clear,Dry,Dark-Not Lighted
2024-10-26T04:50:00.000,I 20,I 20 and Mile Marker 42,,Rear End,2,Clear,Dry,Dark-Not Lighted
2022-07-25T06:48:00.000,I 20,I 20 and Mile Marker 41,,Sideswipe-Same Direction,2,Clear,Dry,Daylight
2022-01-27T04:06:00.000,I 20,I 20 and Mile Marker 41,,Rear End,2,Clear,Dry,Dark-Not Lighted
2024-10-02T07:00:00.000,I 20,I 20 and Mile Marker 40.2,,Rear End,2,Clear,Dry,Daylight
2020-05-22T20:00:00.000,I 20,I 20 and Mile Marker 4,,Not a Collision with Motor Vehicle,1,Rain,Wet,Daylight
2023-08-25T13:03:00.000,I 20,I 20 and Mile Marker 39.6,,Not a Collision with Motor Vehicle,1,Clear,Dry,Daylight
2024-03-01T14:30:00.000,I 20,I 20 and Mile Marker 39.4,,Rear End,2,Rain,Wet,Daylight
2023-04-30T19:26:00.000,I 20,I 20 and Mile Marker 39.2,,Not a Collision with Motor Vehicle,1,Cloudy,Dry,Daylight
2020-11-02T14:51:00.000,I 20,I 20 and Mile Marker 39,,Rear End,2,Clear,Dry,Daylight
2022-09-11T14:14:00.000,I 20,I 20 and Mile Marker 39,,Sideswipe-Same Direction,2,Clear,Dry,Daylight
2022-05-29T04:15:00.000,I 20,I 20 and Mile Marker 39,,Rear End,2,Clear,Dry,Dark-Not Lighted
2022-08-30T05:54:00.000,I 20,I 20 and Mile Marker 39,,Sideswipe-Same Direction,2,Clear,Dry,Daylight
2024-02-09T01:54:00.000,I 20,I 20 and Mile Marker 39,,Sideswipe-Same Direction,2,Clear,Dry,Dark-Not Lighted
2021-11-06T03:00:00.000,I 20,I 20 and Mile Marker 38,,Rear End,2,Clear,Dry,Dark-Not Lighted
2023-04-17T07:58:00.000,I 20,I 20 and Mile Marker 38,,Sideswipe-Same Direction,2,Clear,Dry,Daylight
2022-09-21T22:34:00.000,I 20,I 20 and Mile Marker 38,,Not a Collision with Motor Vehicle,1,Clear,Dry,Dark-Not Lighted
2022-10-20T19:23:00.000,I 20,I 20 and Mile Marker 38,,Not a Collision with Motor Vehicle,1,Clear,Dry,Dark-Not Lighted
2022-10-31T13:00:00.000,I 20,I 20 and Mile Marker 34,,Not a Collision with Motor Vehicle,1,Clear,Dry,Daylight
2022-01-07T07:05:00.000,I 20,I 20 and Mile Marker 33,,Sideswipe-Same Direction,2,Clear,Dry,Daylight
2023-03-23T08:39:00.000,I 20,I 20 and Mile Marker 32.2,,Sideswipe-Same Direction,2,Clear,Dry,Daylight
2022-02-23T02:01:00.000,I 20,I 20 and Mile Marker 32,,Not a Collision with Motor Vehicle,1,Clear,Dry,Dark-Not Lighted
2022-10-25T09:57:00.000,I 20,I 20 and Mile Marker 32,,Angle Crash,3,Clear,Dry,Daylight
2022-10-17T07:00:00.000,I 20,I 20 and Mile Marker 31,,Angle Crash,2,Clear,Dry,Daylight
2022-01-20T08:13:00.000,I 20,I 20 and Mile Marker 31,,Sideswipe-Same Direction,2,Clear,Wet,Daylight
2022-09-13T16:03:00.000,I 20,I 20 and Mile Marker 31,,Sideswipe-Same Direction,2,Clear,Dry,Daylight
2024-01-16T06:54:00.000,I 20,I 20 and Mile Marker 31,,Rear End,2,Rain,Wet,Dark-Lighted
2022-07-22T08:09:00.000,I 20,I 20 and Mile Marker 30 Post Rd,,Sideswipe-Same Direction,2,Clear,Dry,Daylight
2022-02-09T02:04:00.000,I 20,I 20 and Mile Marker 30,,Sideswipe-Same Direction,2,Clear,Dry,Dark-Not Lighted
2024-03-01T09:25:00.000,I 20,I 20 and Mile Marker 3.5,,Not a Collision with Motor Vehicle,1,Rain,Wet,Daylight
2020-11-21T17:10:00.000,I 20,I 20 and Mile Marker 3,,Angle Crash,2,Clear,Dry,Daylight
2020-10-10T22:40:00.000,I 20,I 20 and Mile Marker 29,,Angle Crash,2,Clear,Dry,Dark-Not Lighted
2020-03-06T07:55:00.000,I 20,I 20 and Mile Marker 29,,Angle Crash,2,Clear,Wet,Daylight
2022-04-28T15:49:00.000,I 20,I 20 and Mile Marker 29,,Not a Collision with Motor Vehicle,1,Clear,Dry,Daylight
2024-11-19T10:45:00.000,I 20,I 20 and Mile Marker 29,,Not a Collision with Motor Vehicle,1,Rain,Wet,Daylight
2022-08-19T20:04:00.000,I 20,I 20 and Mile Marker 28,,Angle Crash,2,Rain,Wet,Daylight
2023-03-31T00:13:00.000,I 20,I 20 and Mile Marker 27.4,,Sideswipe-Same Direction,2,Clear,Dry,Dark-Not Lighted
2022-05-02T16:10:00.000,I 20,I 20 and Mile Marker 26 Liberty Rd,,Sideswipe-Same Direction,2,Clear,Dry,Daylight
2021-06-20T10:05:00.000,I 20,I 20 and Mile Marker 26 Exit,,Sideswipe-Same Direction,2,Rain,Wet,Daylight
2021-07-11T14:02:00.000,I 20,I 20 and Mile Marker 26,,Not a Collision with Motor Vehicle,2,Clear,Dry,Daylight
2022-09-11T10:24:00.000,I 20,I 20 and Mile Marker 26,,Not a Collision with Motor Vehicle,1,Rain,Wet,Daylight
2020-07-19T14:40:00.000,I 20,I 20 and Mile Marker 26,,Head On,1,Rain,Wet,Daylight
2022-01-02T22:15:00.000,I 20,I 20 and Mile Marker 26,,Rear End,2,Rain,Wet,Dark-Lighted
2022-07-03T15:50:00.000,I 20,I 20 and Mile Marker 26,,Not a Collision with Motor Vehicle,1,Rain,Wet,Daylight
2022-05-02T16:10:00.000,I 20,I 20 and Mile Marker 26,,Sideswipe-Same Direction,2,Clear,Dry,Daylight
2022-07-03T15:49:00.000,I 20,I 20 and Mile Marker 26,,Rear End,2,Cloudy,Wet,Daylight
2024-11-30T23:15:00.000,I 20,I 20 and Mile Marker 26,,Not a Collision with Motor Vehicle,1,Clear,Dry,Dark-Not Lighted
2024-07-22T06:29:00.000,I 20,I 20 and Mile Marker 26,,Sideswipe-Same Direction,2,Clear,Dry,Daylight
2023-04-18T19:51:00.000,I 20,I 20 and Mile Marker 26,,Not a Collision with Motor Vehicle,2,Clear,Dry,Daylight
2021-08-07T16:35:00.000,I 20,I 20 and Mile Marker 255,,Angle Crash,1,Cloudy,Dry,Daylight
2023-03-20T17:17:00.000,I 20,I 20 and Mile Marker 25.8,,Angle Crash,2,Clear,Dry,Daylight
2023-02-16T23:20:00.000,I 20,I 20 and Mile Marker 25.7,,Rear End,2,Rain,Wet,Dark-Not Lighted
2024-01-09T03:52:00.000,I 20,I 20 and Mile Marker 25.7,,Not a Collision with Motor Vehicle,1,Rain,Wet,Dark-Not Lighted
2022-06-09T07:50:00.000,I 20,I 20 and Mile Marker 25.5,,Not a Collision with Motor Vehicle,1,Clear,Dry,Daylight
2024-01-12T13:10:00.000,I 20,I 20 and Mile Marker 25.5,,Head On,1,Rain,Wet,Daylight
2020-09-17T00:00:00.000,I 20,I 20 and Mile Marker 25,,Not a Collision with Motor Vehicle,1,Rain,Wet,Dark-Not Lighted
2021-05-08T08:30:00.000,I 20,I 20 and Mile Marker 25,,Not a Collision with Motor Vehicle,2,Clear,Dry,Daylight
2021-12-30T01:55:00.000,I 20,I 20 and Mile Marker 25,,Not a Collision with Motor Vehicle,1,Rain,Wet,Dark-Not Lighted
2021-11-19T06:23:00.000,I 20,I 20 and Mile Marker 25,,Not a Collision with Motor Vehicle,3,Clear,Dry,Dark-Not Lighted
2022-10-17T18:30:00.000,I 20,I 20 and Mile Marker 25,,Angle Crash,2,Clear,Dry,Daylight
2022-11-27T18:04:00.000,I 20,I 20 and Mile Marker 25,,Head On,1,Clear,Dry,Dark-Not Lighted
2022-05-09T21:40:00.000,I 20,I 20 and Mile Marker 25,,Sideswipe-Same Direction,2,Clear,Dry,Dark-Not Lighted
2024-07-09T22:18:00.000,I 20,I 20 and Mile Marker 25,,Sideswipe-Same Direction,2,Clear,Dry,Dark-Not Lighted
2024-01-06T04:55:00.000,I 20,I 20 and Mile Marker 25,,Not a Collision with Motor Vehicle,1,Rain,Wet,Dark-Not Lighted
2024-09-26T23:40:00.000,I 20,I 20 and Mile Marker 25,,Not a Collision with Motor Vehicle,1,Rain,Wet,Dark-Not Lighted
2024-03-08T22:40:00.000,I 20,I 20 and Mile Marker 25,,Sideswipe-Same Direction,2,Rain,Wet,Dark-Not Lighted
2024-08-20T08:14:00.000,I 20,I 20 and Mile Marker 25,,Not a Collision with Motor Vehicle,1,Clear,Dry,Daylight
2022-12-02T22:11:00.000,I 20,I 20 and Mile Marker 24.8,,Rear End,2,Clear,Dry,Dark-Not Lighted
2023-02-02T17:30:00.000,I 20,I 20 and Mile Marker 24.5,,Not a Collision with Motor Vehicle,1,Rain,Wet,Dusk
2023-07-15T17:20:00.000,I 20,I 20 and Mile Marker 24.5,,Head On,1,Cloudy,Dry,Daylight
2022-09-12T23:53:00.000,I 20,I 20 and Mile Marker 24.5,,Not a Collision with Motor Vehicle,1,Rain,Wet,Dark-Not Lighted
2024-01-08T16:27:00.000,I 20,I 20 and Mile Marker 24.5,,Rear End,4,Cloudy,Dry,Daylight
2023-01-29T18:50:00.000,I 20,I 20 and Mile Marker 24.5,,Head On,1,Rain,Wet,Dark-Not Lighted
2024-11-22T13:10:00.000,I 20,I 20 and Mile Marker 24.5,,Rear End,1,Clear,Dry,Daylight
2024-07-10T17:40:00.000,I 20,I 20 and Mile Marker 24.5,,Rear End,2,Cloudy,Wet,Daylight
2024-09-25T17:30:00.000,I 20,I 20 and Mile Marker 24.5,,Rear End,2,Rain,Wet,Daylight
2024-01-14T00:45:00.000,I 20,I 20 and Mile Marker 24.2,,Rear End,2,Clear,Dry,Dark-Not Lighted
2022-09-15T09:59:00.000,I 20,I 20 and Mile Marker 24 1 2,,Not a Collision with Motor Vehicle,2,Clear,Dry,Daylight
2023-08-07T17:34:00.000,I 20,I 20 and Mile Marker 24,,Angle Crash,1,Rain,Wet,Dusk
2023-10-11T21:40:00.000,I 20,I 20 and Mile Marker 24,,Not a Collision with Motor Vehicle,1,Rain,Wet,Dark-Not Lighted
2020-03-27T07:10:00.000,I 20,I 20 and Mile Marker 24,,Rear End,2,Clear,Dry,Daylight
2020-10-15T00:00:00.000,I 20,I 20 and Mile Marker 24,,Rear End,2,Clear,Dry,Daylight
2021-05-03T09:30:00.000,I 20,I 20 and Mile Marker 24,,Sideswipe-Same Direction,1,Rain,Wet,Daylight
2022-11-08T16:27:00.000,I 20,I 20 and Mile Marker 24,,Rear End,2,Cloudy,Dry,Daylight
2022-10-13T05:55:00.000,I 20,I 20 and Mile Marker 24,,Not a Collision with Motor Vehicle,1,Rain,Wet,Dark-Not Lighted