Date and Time,Roadway (From Crash Report),Intersection Name (from Crash Report),KABCO Severity,Manner of Collision (Crash Level) ,# of Vehicles per crash ,Weather Conditions (Crash Level),Surface Condition (Crash Level) ,Light Conditions (Crash Level)
2021-04-21T17:44:00.000,I 20,I 20 and Mile Marker 224,,Rear End,3,Clear,Dry,Daylight
2024-10-26T02:15:00.000,I 20,I 20 and Mile Marker 22,,Head On,1,Clear,Dry,Dark-Not Lighted
2022-09-21T03:00:00.000,I 20,I 20 and Mile Marker 21,,Rear End,2,Clear,Dry,Dark-Not Lighted
2024-04-30T05:45:00.000,I 20,I 20 and Mile Marker 21,,Sideswipe-Same Direction,2,Cloudy,Dry,Dark-Not Lighted
2021-02-23T11:00:00.000,I 20,I 20 and Mile Marker 201,,Sideswipe-Same Direction,2,Clear,Dry,Daylight
2020-12-16T18:21:00.000,I 20,I 20 and Mile Marker 201,,Sideswipe-Same Direction,2,Rain,Wet,Dark-Lighted
2022-01-17T15:15:00.000,I 20,I 20 and Mile Marker 201,,Rear End,2,Clear,Dry,Daylight
2021-06-07T07:41:00.000,I 20,I 20 and Mile Marker 200,,Sideswipe-Same Direction,2,Clear,Dry,Daylight
2022-11-30T09:51:00.000,I 20,I 20 and Mile Marker 200,,Sideswipe-Same Direction,2,Cloudy,Wet,Daylight
2022-06-02T14:47:00.000,I 20,I 20 and Mile Marker 200,,Sideswipe-Same Direction,2,Clear,Dry,Daylight
2024-05-14T22:17:00.000,I 20,I 20 and Mile Marker 200,,Rear End,2,Clear,Dry,Dark-Not Lighted
2024-10-25T16:29:00.000,I 20,I 20 and Mile Marker 200,,Not a Collision with Motor Vehicle,1,Clear,Dry,Daylight
2021-11-14T02:04:00.000,I 20,I 20 and Mile Marker 20,,Not a Collision with Motor Vehicle,1,Clear,Dry,Dark-Not Lighted
2020-11-01T08:25:00.000,I 20,I 20 and Mile Marker 2,,Angle Crash,2,Clear,Dry,Daylight
2020-04-08T17:04:00.000,I 20,I 20 and Mile Marker 2,,Not a Collision with Motor Vehicle,1,Clear,Dry,Daylight
2024-05-19T19:09:00.000,I 20,I 20 and Mile Marker 2,,Head On,2,Rain,Wet,Daylight
2024-10-21T08:38:00.000,I 20,I 20 and Mile Marker 199.5,,Sideswipe-Same Direction,2,Clear,Dry,Daylight
2024-04-09T07:47:00.000,I 20,I 20 and Mile Marker 199.,,Rear End,4,Rain,Wet,Daylight
2022-12-30T20:30:00.000,I 20,I 20 and Mile Marker 199,,Angle Crash,2,Clear,Dry,Dark-Not Lighted
2024-07-18T08:24:00.000,I 20,I 20 and Mile Marker 199,,Angle Crash,2,Clear,Dry,Daylight
2024-07-24T16:41:00.000,I 20,I 20 and Mile Marker 197.5,,Not a Collision with Motor Vehicle,3,Rain,Wet,Dark-Lighted
2021-01-08T12:26:00.000,I 20,I 20 and Mile Marker 197,,Not a Collision with Motor Vehicle,1,Rain,Wet,Daylight
2020-10-07T14:56:00.000,I 20,I 20 and Mile Marker 197,,Sideswipe-Same Direction,2,Clear,Dry,Daylight
2022-06-14T11:31:00.000,I 20,I 20 and Mile Marker 197,,Angle Crash,2,Rain,Wet,Daylight
2024-09-26T16:22:00.000,I 20,I 20 and Mile Marker 196.8,,Not a Collision with Motor Vehicle,1,Severe Thunderstorm or Tornadic,Wet,Daylight
2024-07-12T08:04:00.000,I 20,I 20 and Mile Marker 196.7,,Not a Collision with Motor Vehicle,1,Clear,Dry,Daylight
2024-08-22T13:22:00.000,I 20,I 20 and Mile Marker 196.4,,Sideswipe-Same Direction,2,Clear,Dry,Daylight
2021-01-26T12:28:00.000,I 20,I 20 and Mile Marker 196,,Not a Collision with Motor Vehicle,1,Rain,Wet,Daylight
2021-03-07T01:39:00.000,I 20,I 20 and Mile Marker 195 2,,Sideswipe-Same Direction,2,Clear,Dry,Dark-Lighted
2020-12-24T12:33:00.000,I 20,I 20 and Mile Marker 195,,Angle Crash,2,Rain,Water (standing or moving),Daylight
2021-03-07T01:39:00.000,I 20,I 20 and Mile Marker 195,,Sideswipe-Same Direction,2,Clear,Dry,Dark-Lighted
2024-10-14T16:05:00.000,I 20,I 20 and Mile Marker 195,,Sideswipe-Same Direction,2,Clear,Dry,Daylight
2023-11-18T22:37:00.000,I 20,I 20 and Mile Marker 194,,Not a Collision with Motor Vehicle,1,Clear,Dry,Dark-Not Lighted
2022-09-09T22:30:00.000,I 20,I 20 and Mile Marker 193,,Not a Collision with Motor Vehicle,1,Rain,Wet,Dark-Not Lighted
2021-04-25T16:23:00.000,I 20,I 20 and Mile Marker 193,,Rear End,2,Clear,Dry,Daylight
2022-03-14T12:36:00.000,I 20,I 20 and Mile Marker 192.5,,Rear End,2,Clear,Dry,Daylight
2022-08-02T15:14:00.000,I 20,I 20 and Mile Marker 192,,Not a Collision with Motor Vehicle,6,Clear,Dry,Daylight
2022-12-22T09:00:00.000,I 20,I 20 and Mile Marker 190,,Rear End,2,Rain,Wet,Daylight
2021-03-14T20:20:00.000,I 20,I 20 and Mile Marker 19,,Sideswipe-Same Direction,2,Clear,Dry,Dark-Not Lighted
2021-04-04T17:59:00.000,I 20,I 20 and Mile Marker 19,,Rear End,2,Clear,Dry,Daylight
2023-03-28T23:15:00.000,I 20,I 20 and Mile Marker 19,,Not a Collision with Motor Vehicle,1,Clear,Dry,Dark-Not Lighted
2023-07-25T16:10:00.000,I 20,I 20 and Mile Marker 19,,Angle Crash,2,Clear,Dry,Daylight
2022-04-25T17:40:00.000,I 20,I 20 and Mile Marker 19,,(None),2,(None),(None),(None)
2023-07-10T08:54:00.000,I 20,I 20 and Mile Marker 19,,Rear End,2,Cloudy,Wet,Daylight
2022-12-31T11:42:00.000,I 20,I 20 and Mile Marker 189,,Not a Collision with Motor Vehicle,1,Rain,Wet,Daylight
2023-07-10T11:34:00.000,I 20,I 20 and Mile Marker 189,,Rear End,3,Rain,Wet,Daylight
2023-07-10T11:13:00.000,I 20,I 20 and Mile Marker 189,,Angle Crash,2,Rain,Wet,Daylight
2021-04-24T11:37:00.000,I 20,I 20 and Mile Marker 185,,Rear End,2,Rain,Wet,Daylight
2022-09-04T04:45:00.000,I 20,I 20 and Mile Marker 180,,Angle Crash,2,Rain,Dry,Dark-Not Lighted
2021-11-27T21:23:00.000,I 20,I 20 and Mile Marker 18,,Head On,1,Clear,Dry,Dark-Not Lighted
2021-10-20T22:54:00.000,I 20,I 20 and Mile Marker 18,,Head On,1,Clear,Dry,Dark-Not Lighted
2024-06-25T17:01:00.000,I 20,I 20 and Mile Marker 18,,Rear End,2,Clear,Dry,Daylight
2022-09-04T04:46:00.000,I 20,I 20 and Mile Marker 179,,Angle Crash,2,Rain,Wet,Dark-Not Lighted
2023-05-29T15:28:00.000,I 20,I 20 and Mile Marker 178,,Rear End,2,Clear,Dry,Daylight
2020-08-14T13:40:00.000,I 20,I 20 and Mile Marker 177,,Not a Collision with Motor Vehicle,1,Cloudy,Dry,Daylight
2023-02-17T19:32:00.000,I 20,I 20 and Mile Marker 177,,Not a Collision with Motor Vehicle,1,Cloudy,Dry,Dark-Not Lighted
2022-09-23T13:48:00.000,I 20,I 20 and Mile Marker 176,,Rear End,4,Clear,Dry,Daylight
2022-12-29T18:41:00.000,I 20,I 20 and Mile Marker 176,,Not a Collision with Motor Vehicle,1,Clear,Dry,Dark-Not Lighted
2024-05-19T18:06:00.000,I 20,I 20 and Mile Marker 175.5,,Rear End,4,Clear,Dry,Daylight
2023-06-27T12:05:00.000,I 20,I 20 and Mile Marker 175,,Rear End,2,Clear,Dry,Daylight
2023-10-01T07:38:00.000,I 20,I 20 and Mile Marker 175,,Not a Collision with Motor Vehicle,1,Clear,Dry,Daylight
2022-10-20T19:00:00.000,I 20,I 20 and Mile Marker 175,,Rear End,4,Clear,Dry,Dark-Not Lighted
2022-09-12T09:16:00.000,I 20,I 20 and Mile Marker 175,,Rear End,2,Clear,Dry,Daylight
2022-09-23T12:37:00.000,I 20,I 20 and Mile Marker 175,,Rear End,2,Clear,Dry,Daylight
2024-12-21T23:01:00.000,I 20,I 20 and Mile Marker 175,,Sideswipe-Same Direction,2,Clear,Dry,Dark-Not Lighted
2024-07-03T18:32:00.000,I 20,I 20 and Mile Marker 175,,Not a Collision with Motor Vehicle,1,Clear,Dry,Daylight
2022-09-12T17:04:00.000,I 20,I 20 and Mile Marker 174.5,,Rear End,2,Clear,Dry,Daylight
2020-01-13T07:45:00.000,I 20,I 20 and Mile Marker 174,,Not a Collision with Motor Vehicle,1,Rain,Wet,Daylight
2023-01-22T19:19:00.000,I 20,I 20 and Mile Marker 174,,Not a Collision with Motor Vehicle,1,Rain,Wet,Dark-Not Lighted
2023-07-08T01:24:00.000,I 20,I 20 and Mile Marker 174,,Rear End,2,Clear,Dry,Dark-Not Lighted
2022-11-12T17:12:00.000,I 20,I 20 and Mile Marker 174,,Not a Collision with Motor Vehicle,1,Rain,Wet,Daylight
2024-12-14T20:55:00.000,I 20,I 20 and Mile Marker 173.5,,Not a Collision with Motor Vehicle,1,Clear,Dry,Dark-Not Lighted
2022-07-04T12:55:00.000,I 20,I 20 and Mile Marker 173,,Not a Collision with Motor Vehicle,1,Clear,Dry,Daylight
2021-08-01T00:44:00.000,I 20,I 20 and Mile Marker 173,,Rear End,2,Clear,Dry,Dark-Not Lighted
2022-08-10T14:01:00.000,I 20,I 20 and Mile Marker 173,,Sideswipe-Same Direction,2,Cloudy,Dry,Daylight
2024-05-09T16:47:00.000,I 20,I 20 and Mile Marker 173,,Rear End,2,Cloudy,Dry,Daylight
2022-07-01T14:36:00.000,I 20,I 20 and Mile Marker 172.5,,Not a Collision with Motor Vehicle,1,Rain,Wet,Daylight
2024-10-20T15:48:00.000,I 20,I 20 and Mile Marker 172.5,,Rear End,2,Clear,Dry,Daylight
2022-10-14T19:47:00.000,I 20,I 20 and Mile Marker 172,,Sideswipe-Same Direction,2,Clear,Dry,Dark-Not Lighted
2022-07-25T12:19:00.000,I 20,I 20 and Mile Marker 172,,Rear End,3,Clear,Dry,Daylight
2022-05-30T11:20:00.000,I 20,I 20 and Mile Marker 172,,Not a Collision with Motor Vehicle,1,Clear,Dry,Daylight
2024-05-10T12:39:00.000,I 20,I 20 and Mile Marker 172,,Rear End,2,Clear,Dry,Daylight
2023-01-04T07:43:00.000,I 20,I 20 and Mile Marker 172,,Not a Collision with Motor Vehicle,1,Rain,Wet,Daylight
2023-03-08T06:40:00.000,I 20,I 20 and Mile Marker 172,,Sideswipe-Same Direction,2,Cloudy,Dry,Daylight
2024-02-14T03:41:00.000,I 20,I 20 and Mile Marker 172,,Rear End,2,Clear,Dry,Dark-Not Lighted
2024-08-01T14:57:00.000,I 20,I 20 and Mile Marker 172,,Sideswipe-Same Direction,2,Clear,Dry,Daylight
2023-02-26T18:19:00.000,I 20,I 20 and Mile Marker 171,,Not a Collision with Motor Vehicle,1,Clear,Dry,Dark-Not Lighted
2023-03-14T09:15:00.000,I 20,I 20 and Mile Marker 171,,Rear End,2,Clear,Dry,Daylight
2023-01-25T12:29:00.000,I 20,I 20 and Mile Marker 171,,Not a Collision with Motor Vehicle,1,Rain,Wet,Daylight
2024-09-29T16:43:00.000,I 20,I 20 and Mile Marker 171,,Not a Collision with Motor Vehicle,1,Cloudy,Dry,Daylight
2022-07-04T15:46:00.000,I 20,I 20 and Mile Marker 170.5,,Angle Crash,2,Rain,Wet,Daylight
2023-04-21T14:11:00.000,I 20,I 20 and Mile Marker 170,,Sideswipe-Same Direction,2,Clear,Dry,Daylight
2022-07-04T14:55:00.000,I 20,I 20 and Mile Marker 170,,Not a Collision with Motor Vehicle,1,Rain,Wet,Daylight
2024-04-01T01:00:00.000,I 20,I 20 and Mile Marker 170,,Not a Collision with Motor Vehicle,1,Clear,Dry,Dark-Not Lighted
2022-09-02T13:40:00.000,I 20,I 20 and Mile Marker 169,,Rear End,2,Cloudy,Dry,Daylight
2022-03-20T14:55:00.000,I 20,I 20 and Mile Marker 169,,Angle Crash,2,Clear,Dry,Daylight
2024-02-12T14:18:00.000,I 20,I 20 and Mile Marker 169,,Not a Collision with Motor Vehicle,1,Rain,Wet,Daylight
2022-08-15T19:25:00.000,I 20,I 20 and Mile Marker 168.5,,Not a Collision with Motor Vehicle,1,Rain,Wet,Daylight
2024-01-06T07:51:00.000,I 20,I 20 and Mile Marker 168,,Sideswipe-Same Direction,2,Rain,Wet,Daylight
2022-11-27T15:17:00.000,I 20,I 20 and Mile Marker 166,,Rear End,3,Clear,Dry,Daylight
2022-11-27T09:13:00.000,I 20,I 20 and Mile Marker 166,,Not a Collision with Motor Vehicle,1,Rain,Wet,Daylight
2023-08-27T17:16:00.000,I 20,I 20 and Mile Marker 165,,Not a Collision with Motor Vehicle,1,Rain,Wet,Daylight
2024-03-08T15:32:00.000,I 20,I 20 and Mile Marker 165,,Sideswipe-Same Direction,2,Clear,Dry,Daylight
2022-06-15T18:37:00.000,I 20,I 20 and Mile Marker 164.5,,Rear End,2,Clear,Dry,Daylight
2023-07-17T18:19:00.000,I 20,I 20 and Mile Marker 164,,Not a Collision with Motor Vehicle,2,Clear,Dry,Daylight
2022-10-20T17:00:00.000,I 20,I 20 and Mile Marker 164,,Sideswipe-Same Direction,2,Clear,Dry,Daylight
2023-03-23T06:08:00.000,I 20,I 20 and Mile Marker 164,,Sideswipe-Same Direction,2,Clear,Dry,Dark-Not Lighted
2022-12-24T15:46:00.000,I 20,I 20 and Mile Marker 163,,Not a Collision with Motor Vehicle,1,Clear,Dry,Daylight
2022-10-17T18:04:00.000,I 20,I 20 and Mile Marker 163,,Sideswipe-Same Direction,2,Clear,Dry,Dusk
2022-09-10T18:53:00.000,I 20,I 20 and Mile Marker 163,,Not a Collision with Motor Vehicle,1,Rain,Wet,Daylight
2022-12-15T12:53:00.000,I 20,I 20 and Mile Marker 163,,Not a Collision with Motor Vehicle,1,Cloudy,Wet,Daylight
2022-08-25T10:58:00.000,I 20,I 20 and Mile Marker 163,,Not a Collision with Motor Vehicle,1,Rain,Wet,Daylight
2023-03-23T04:13:00.000,I 20,I 20 and Mile Marker 163,,Rear End,2,Clear,Dry,Dark-Not Lighted
2023-10-10T13:13:00.000,I 20,I 20 and Mile Marker 162,,Rear End,3,Clear,Dry,Daylight
2020-07-20T17:49:00.000,I 20,I 20 and Mile Marker 162,,Not a Collision with Motor Vehicle,1,Clear,Dry,Daylight
2022-11-23T08:59:00.000,I 20,I 20 and Mile Marker 162,,Sideswipe-Same Direction,2,Clear,Dry,Daylight
2024-11-13T00:00:00.000,I 20,I 20 and Mile Marker 162,,Rear End,2,Clear,Dry,Daylight
2020-10-26T14:00:00.000,I 20,I 20 and Mile Marker 1615,,Not a Collision with Motor Vehicle,1,Cloudy,Dry,Daylight
2023-01-30T12:56:00.000,I 20,I 20 and Mile Marker 161,,Sideswipe-Same Direction,2,Cloudy,Wet,Daylight
2020-04-29T20:23:00.000,I 20,I 20 and Mile Marker 161,,Not a Collision with Motor Vehicle,1,Rain,Wet,Dark-Not Lighted
2022-09-01T14:52:00.000,I 20,I 20 and Mile Marker 160,,Not a Collision with Motor Vehicle,1,Clear,Dry,Daylight
2020-10-05T23:00:00.000,I 20,I 20 and Mile Marker 16,,Not a Collision with Motor Vehicle,1,Clear,Dry,Dark-Not Lighted
2024-02-12T17:59:00.000,I 20,I 20 and Mile Marker 159.5,,Not a Collision with Motor Vehicle,1,Rain,Wet,Daylight
2023-08-30T13:31:00.000,I 20,I 20 and Mile Marker 159,,Not a Collision with Motor Vehicle,1,Rain,Wet,Daylight
2021-08-03T07:40:00.000,I 20,I 20 and Mile Marker 158,,Sideswipe-Same Direction,2,Cloudy,Dry,Daylight
2024-09-26T08:18:00.000,I 20,I 20 and Mile Marker 158,,Not a Collision with Motor Vehicle,1,Rain,Wet,Dawn
2023-08-30T14:33:00.000,I 20,I 20 and Mile Marker 157,,Not a Collision with Motor Vehicle,1,Rain,Wet,Daylight
2023-05-20T13:53:00.000,I 20,I 20 and Mile Marker 157,,Sideswipe-Same Direction,2,Clear,Dry,Daylight
2020-02-22T16:28:00.000,I 20,I 20 and Mile Marker 156,,Not a Collision with Motor Vehicle,1,Clear,Dry,Daylight
2021-05-06T16:42:00.000,I 20,I 20 and Mile Marker 154,,Rear End,2,Clear,Dry,Daylight
2023-03-03T17:17:00.000,I 20,I 20 and Mile Marker 154,,Not a Collision with Motor Vehicle,1,Cloudy,Dry,Daylight
2023-03-06T17:46:00.000,I 20,I 20 and Mile Marker 154,,Rear End,2,Clear,Dry,Daylight
2022-09-01T11:55:00.000,I 20,I 20 and Mile Marker 154,,Rear End,2,Clear,Dry,Daylight
2024-06-18T12:27:00.000,I 20,I 20 and Mile Marker 154,,Sideswipe-Same Direction,2,Clear,Dry,Daylight
2023-03-11T20:53:00.000,I 20,I 20 and Mile Marker 154,,Sideswipe-Same Direction,2,Clear,Dry,Dark-Not Lighted
2024-02-12T08:28:00.000,I 20,I 20 and Mile Marker 154,,Not a Collision with Motor Vehicle,1,Rain,Wet,Daylight
2024-07-24T06:18:00.000,I 20,I 20 and Mile Marker 154,,Not a Collision with Motor Vehicle,1,Fog,Dry,Daylight
2023-11-19T22:23:00.000,I 20,I 20 and Mile Marker 153.5,,Angle Crash,2,Clear,Dry,Dark-Not Lighted
2021-07-19T22:25:00.000,I 20,I 20 and Mile Marker 153,,Rear End,2,Cloudy,Dry,Dark-Not Lighted
2024-10-09T13:58:00.000,I 20,I 20 and Mile Marker 153,,Not a Collision with Motor Vehicle,1,Cloudy,Dry,Daylight
2020-10-16T11:29:00.000,I 20,I 20 and Mile Marker 1525,,Rear End,2,Clear,Dry,Daylight
2021-03-11T20:33:00.000,I 20,I 20 and Mile Marker 1525,,Angle Crash,2,Clear,Dry,Dark-Not Lighted
2021-05-16T01:25:00.000,I 20,I 20 and Mile Marker 152,,Rear End,2,Clear,Dry,Dark-Not Lighted
2020-10-15T18:56:00.000,I 20,I 20 and Mile Marker 152,,Rear End,2,Cloudy,Dry,Dusk
2020-08-16T13:03:00.000,I 20,I 20 and Mile Marker 152,,Rear End,2,Cloudy,Dry,Daylight
2021-06-25T08:02:00.000,I 20,I 20 and Mile Marker 152,,Sideswipe-Same Direction,2,Cloudy,Dry,Daylight
2021-03-26T15:05:00.000,I 20,I 20 and Mile Marker 152,,Rear End,5,Cloudy,Wet,Daylight
2021-10-29T07:32:00.000,I 20,I 20 and Mile Marker 152,,Sideswipe-Same Direction,2,Cloudy,Wet,Daylight
2021-07-13T15:49:00.000,I 20,I 20 and Mile Marker 152,,Rear End,2,Cloudy,Dry,Daylight
2024-12-24T13:09:00.000,I 20,I 20 and Mile Marker 152,,Not a Collision with Motor Vehicle,1,Clear,Dry,Daylight
2020-05-12T07:56:00.000,I 20,I 20 and Mile Marker 151,,Rear End,2,Clear,Dry,Daylight
2021-05-14T18:53:00.000,I 20,I 20 and Mile Marker 1505,,Rear End,2,Clear,Dry,Daylight
2021-11-14T17:55:00.000,I 20,I 20 and Mile Marker 150.5,,Rear End,4,Clear,Dry,Daylight
2023-08-30T15:38:00.000,I 20,I 20 and Mile Marker 150.5,,Not a Collision with Motor Vehicle,1,Rain,Wet,Daylight
2022-02-01T14:00:00.000,I 20,I 20 and Mile Marker 150.5,,Rear End,2,Clear,Dry,Daylight
2021-05-01T12:09:00.000,I 20,I 20 and Mile Marker 150,,Not a Collision with Motor Vehicle,2,Clear,Dry,Daylight
2022-03-25T14:14:00.000,I 20,I 20 and Mile Marker 150,,Sideswipe-Same Direction,2,Clear,Dry,Daylight
2020-08-11T15:34:00.000,I 20,I 20 and Mile Marker 1495,,Not a Collision with Motor Vehicle,1,Rain,Wet,Daylight
2021-11-14T17:55:00.000,I 20,I 20 and Mile Marker 149.5,,Sideswipe-Same Direction,3,Clear,Dry,Daylight
2022-04-04T12:37:00.000,I 20,I 20 and Mile Marker 149.5,,Not a Collision with Motor Vehicle,1,Clear,Dry,Daylight
2020-09-16T08:26:00.000,I 20,I 20 and Mile Marker 149,,Rear End,2,Cloudy,Wet,Daylight
2023-07-07T07:29:00.000,I 20,I 20 and Mile Marker 149,,Not a Collision with Motor Vehicle,1,Clear,Dry,Daylight
2021-05-16T14:40:00.000,I 20,I 20 and Mile Marker 1485,,Rear End,2,Clear,Dry,Daylight
2020-09-12T15:25:00.000,I 20,I 20 and Mile Marker 148,,Sideswipe-Same Direction,2,Rain,Wet,Daylight
2022-12-21T23:39:00.000,I 20,I 20 and Mile Marker 148,,Rear End,2,Rain,Wet,Dark-Not Lighted
2023-04-16T20:42:00.000,I 20,I 20 and Mile Marker 148,,Not a Collision with Motor Vehicle,1,Rain,Wet,Dark-Not Lighted
2023-05-05T19:51:00.000,I 20,I 20 and Mile Marker 148,,Sideswipe-Same Direction,3,Rain,Wet,Daylight
2024-11-10T08:08:00.000,I 20,I 20 and Mile Marker 147.5,,Rear End,2,Rain,Wet,Daylight
2020-09-28T07:43:00.000,I 20,I 20 and Mile Marker 1465,,Rear End,2,Cloudy,Wet,Daylight
2020-07-18T09:05:00.000,I 20,I 20 and Mile Marker 1465,,Sideswipe-Same Direction,2,Clear,Dry,Daylight
2021-07-31T16:56:00.000,I 20,I 20 and Mile Marker 1465,,Rear End,2,Clear,Dry,Daylight
2021-07-31T16:56:00.000,I 20,I 20 and Mile Marker 1465,,Rear End,2,Clear,Dry,Daylight
2021-10-28T21:30:00.000,I 20,I 20 and Mile Marker 146.5,,Not a Collision with Motor Vehicle,1,Rain,Wet,Dark-Not Lighted
2023-10-21T22:09:00.000,I 20,I 20 and Mile Marker 146.5,,Not a Collision with Motor Vehicle,1,Clear,Dry,Dark-Not Lighted
2020-08-05T12:02:00.000,I 20,I 20 and Mile Marker 146,,Rear End,2,Clear,Dry,Daylight
2021-02-11T08:12:00.000,I 20,I 20 and Mile Marker 146,,Rear End,2,Fog,Wet,Daylight
2022-02-03T18:13:00.000,I 20,I 20 and Mile Marker 146,,Rear End,2,Cloudy,Wet,Daylight
2021-11-17T07:45:00.000,I 20,I 20 and Mile Marker 145,,Sideswipe-Same Direction,2,Clear,Dry,Daylight
2022-05-03T14:13:00.000,I 20,I 20 and Mile Marker 145,,Rear End,2,Clear,Dry,Daylight
2024-02-28T09:54:00.000,I 20,I 20 and Mile Marker 145,,Angle Crash,2,Clear,Dry,Daylight
2021-10-19T23:06:00.000,I 20,I 20 and Mile Marker 144,,Rear End,2,Clear,Dry,Dark-Not Lighted
2024-02-21T10:17:00.000,I 20,I 20 and Mile Marker 144,,Not a Collision with Motor Vehicle,1,Clear,Dry,Daylight
2021-03-17T17:14:00.000,I 20,I 20 and Mile Marker 1425,,Not a Collision with Motor Vehicle,1,Rain,Wet,Daylight
2020-11-29T16:38:00.000,I 20,I 20 and Mile Marker 142,,Rear End,2,Rain,Wet,Daylight
2023-08-27T20:24:00.000,I 20,I 20 and Mile Marker 141.5,,Angle Crash,2,Rain,Wet,Dark-Not Lighted
2024-12-22T17:07:00.000,I 20,I 20 and Mile Marker 141,,Sideswipe-Same Direction,2,Clear,Dry,Daylight
2021-05-10T19:18:00.000,I 20,I 20 and Mile Marker 140,,Rear End,2,Clear,Dry,Daylight
2021-08-13T15:15:00.000,I 20,I 20 and Mile Marker 14,,Angle Crash,2,Clear,Dry,Daylight
2021-06-03T20:18:00.000,I 20,I 20 and Mile Marker 139,,Not a Collision with Motor Vehicle,2,Clear,Dry,Dusk
2022-04-18T18:04:00.000,I 20,I 20 and Mile Marker 139,,Angle Crash,2,Clear,Dry,Daylight
2021-04-24T09:02:00.000,I 20,I 20 and Mile Marker 138,,Not a Collision with Motor Vehicle,1,Rain,Wet,Daylight
2024-10-01T18:37:00.000,I 20,I 20 and Mile Marker 138,,Rear End,2,Clear,Dry,Daylight
2024-04-20T09:44:00.000,I 20,I 20 and Mile Marker 138,,Not a Collision with Motor Vehicle,1,Clear,Dry,Daylight
2022-03-01T04:36:00.000,I 20,I 20 and Mile Marker 137.5,,Not a Collision with Motor Vehicle,1,Clear,Dry,Dark-Not Lighted
2020-06-25T03:40:00.000,I 20,I 20 and Mile Marker 137,,Not a Collision with Motor Vehicle,1,Rain,Wet,Dark-Not Lighted
2020-07-26T15:34:00.000,I 20,I 20 and Mile Marker 136,,Not a Collision with Motor Vehicle,1,Clear,Dry,Daylight
2021-03-26T20:42:00.000,I 20,I 20 and Mile Marker 136,,Angle Crash,2,Cloudy,Dry,Dark-Not Lighted
2022-05-13T19:26:00.000,I 20,I 20 and Mile Marker 135.5,,Rear End,2,Cloudy,Wet,Daylight
2023-03-12T09:43:00.000,I 20,I 20 and Mile Marker 135,,Not a Collision with Motor Vehicle,1,Rain,Wet,Daylight
2023-03-03T18:01:00.000,I 20,I 20 and Mile Marker 134.5,,Not a Collision with Motor Vehicle,1,Clear,Dry,Daylight
2020-12-04T18:35:00.000,I 20,I 20 and Mile Marker 134,,Not a Collision with Motor Vehicle,1,Rain,Wet,Dark-Not Lighted
2021-06-05T13:50:00.000,I 20,I 20 and Mile Marker 134,,Angle Crash,2,Rain,Wet,Daylight
2022-07-03T14:08:00.000,I 20,I 20 and Mile Marker 134,,Rear End,3,Clear,Dry,Daylight
2023-04-30T03:46:00.000,I 20,I 20 and Mile Marker 134,,Not a Collision with Motor Vehicle,1,Rain,Wet,Dark-Not Lighted
2024-05-16T18:23:00.000,I 20,I 20 and Mile Marker 133.5,,Rear End,2,Clear,Dry,Daylight
2021-07-20T15:25:00.000,I 20,I 20 and Mile Marker 1325,,Not a Collision with Motor Vehicle,1,Rain,Wet,Daylight
2023-02-14T13:02:00.000,I 20,I 20 and Mile Marker 132,,Not a Collision with Motor Vehicle,2,Clear,Dry,Daylight
2022-06-02T15:54:00.000,I 20,I 20 and Mile Marker 132,,Rear End,2,Clear,Dry,Daylight
2023-08-15T15:48:00.000,I 20,I 20 and Mile Marker 132,,Rear End,2,Rain,Wet,Daylight
2023-03-30T15:50:00.000,I 20,I 20 and Mile Marker 131,,Rear End,3,Clear,Dry,Daylight
2022-03-17T13:28:00.000,I 20,I 20 and Mile Marker 130,,Angle Crash,3,Clear,Dry,Daylight
2023-04-30T06:40:00.000,I 20,I 20 and Mile Marker 130,,Sideswipe-Same Direction,2,Rain,Wet,Dark-Not Lighted
2020-04-24T16:38:00.000,I 20,I 20 and Mile Marker 129,,Angle Crash,2,Clear,Dry,Daylight
2023-06-21T00:00:00.000,I 20,I 20 and Mile Marker 127,,Not a Collision with Motor Vehicle,1,Rain,Wet,Daylight
2023-04-15T09:35:00.000,I 20,I 20 and Mile Marker 127,,Not a Collision with Motor Vehicle,1,Clear,Dry,Daylight