Date and Time,Roadway (From Crash Report),Intersection Name (from Crash Report),KABCO Severity,Manner of Collision (Crash Level) ,# of Vehicles per crash ,Weather Conditions (Crash Level),Surface Condition (Crash Level) ,Light Conditions (Crash Level)
2024-04-30T16:53:00.000,I 20,I 20 and Mile Marker 126.5,,Not a Collision with Motor Vehicle,1,Clear,Dry,Daylight
2022-03-21T14:19:00.000,I 20,I 20 and Mile Marker 126,,Rear End,2,Clear,Dry,Daylight
2024-01-28T04:12:00.000,I 20,I 20 and Mile Marker 126,,Rear End,2,Clear,Dry,Dark-Not Lighted
2023-05-27T16:23:00.000,I 20,I 20 and Mile Marker 125,,Not a Collision with Motor Vehicle,1,Clear,Dry,Daylight
2022-10-27T20:47:00.000,I 20,I 20 and Mile Marker 125,,Rear End,2,Clear,Dry,Dark-Not Lighted
2023-10-21T21:05:00.000,I 20,I 20 and Mile Marker 124.5,,Not a Collision with Motor Vehicle,1,Clear,Dry,Dark-Not Lighted
2024-05-31T12:58:00.000,I 20,I 20 and Mile Marker 124.5,,Rear End,2,Clear,Dry,Daylight
2024-09-18T20:30:00.000,I 20,I 20 and Mile Marker 124.5,,Not a Collision with Motor Vehicle,1,Clear,Dry,Dark-Not Lighted
2022-09-16T16:23:00.000,I 20,I 20 and Mile Marker 124,,Rear End,2,Clear,Dry,Daylight
2022-05-23T15:32:00.000,I 20,I 20 and Mile Marker 124,,Not a Collision with Motor Vehicle,1,Cloudy,Wet,Daylight
2024-03-08T13:00:00.000,I 20,I 20 and Mile Marker 124,,Sideswipe-Same Direction,2,Cloudy,Dry,Daylight
2024-05-18T17:36:00.000,I 20,I 20 and Mile Marker 124,,Angle Crash,2,Clear,Dry,Daylight
2020-10-27T03:46:00.000,I 20,I 20 and Mile Marker 123,,Rear End,3,Clear,Dry,Dark-Not Lighted
2022-12-11T11:46:00.000,I 20,I 20 and Mile Marker 123,,Not a Collision with Motor Vehicle,1,Cloudy,Dry,Daylight
2024-04-01T12:36:00.000,I 20,I 20 and Mile Marker 123,,Angle Crash,2,Clear,Dry,Daylight
2020-08-21T06:31:00.000,I 20,I 20 and Mile Marker 122,,Not a Collision with Motor Vehicle,1,Rain,Wet,Dark-Not Lighted
2024-07-14T11:39:00.000,I 20,I 20 and Mile Marker 122,,Angle Crash,3,Clear,Dry,Daylight
2023-01-04T07:40:00.000,I 20,I 20 and Mile Marker 122,,Not a Collision with Motor Vehicle,1,Rain,Wet,Dawn
2021-10-15T13:27:00.000,I 20,I 20 and Mile Marker 121,,Rear End,2,Clear,Dry,Daylight
2023-05-18T16:34:00.000,I 20,I 20 and Mile Marker 121,,Not a Collision with Motor Vehicle,1,Cloudy,Dry,Daylight
2021-09-20T15:24:00.000,I 20,I 20 and Mile Marker 120,,Not a Collision with Motor Vehicle,1,Rain,Wet,Daylight
2022-12-09T16:26:00.000,I 20,I 20 and Mile Marker 120,,Not a Collision with Motor Vehicle,1,Rain,Wet,Daylight
2024-02-15T18:43:00.000,I 20,I 20 and Mile Marker 120,,Not a Collision with Motor Vehicle,1,Clear,Dry,Daylight
2023-04-13T14:25:00.000,I 20,I 20 and Mile Marker 12,,Rear End,2,Rain,Wet,Daylight
2020-11-02T02:30:00.000,I 20,I 20 and Mile Marker 12,,Not a Collision with Motor Vehicle,1,Clear,Dry,Dark-Not Lighted
2024-01-09T10:13:00.000,I 20,I 20 and Mile Marker 118,,Not a Collision with Motor Vehicle,1,Rain,Wet,Daylight
2024-07-20T08:56:00.000,I 20,I 20 and Mile Marker 118,,Sideswipe-Same Direction,2,Rain,Wet,Daylight
2024-08-22T12:45:00.000,I 20,I 20 and Mile Marker 117.5,,Sideswipe-Same Direction,2,Clear,Dry,Daylight
2020-08-10T15:34:00.000,I 20,I 20 and Mile Marker 117,,Not a Collision with Motor Vehicle,1,Rain,Wet,Daylight
2020-08-10T15:34:00.000,I 20,I 20 and Mile Marker 117,,Not a Collision with Motor Vehicle,1,Rain,Wet,Daylight
2021-01-17T10:50:00.000,I 20,I 20 and Mile Marker 116,,Not a Collision with Motor Vehicle,2,Clear,Dry,Daylight
2022-12-12T00:07:00.000,I 20,I 20 and Mile Marker 116,,Angle Crash,3,Clear,Dry,Daylight
2023-06-23T14:28:00.000,I 20,I 20 and Mile Marker 116,,Not a Collision with Motor Vehicle,1,Clear,Wet,Daylight
2023-04-13T14:03:00.000,I 20,I 20 and Mile Marker 116,,Not a Collision with Motor Vehicle,1,Rain,Wet,Daylight
2023-03-02T13:43:00.000,I 20,I 20 and Mile Marker 116,,Not a Collision with Motor Vehicle,1,Cloudy,Dry,Daylight
2023-04-09T11:32:00.000,I 20,I 20 and Mile Marker 116,,Angle Crash,2,Clear,Dry,Daylight
2022-12-24T15:48:00.000,I 20,I 20 and Mile Marker 115,,Sideswipe-Same Direction,2,Clear,Dry,Daylight
2024-01-12T15:54:00.000,I 20,I 20 and Mile Marker 115,,Not a Collision with Motor Vehicle,1,Rain,Wet,Daylight
2020-12-17T14:51:00.000,I 20,I 20 and Mile Marker 1145,,Sideswipe-Same Direction,2,Cloudy,Dry,Daylight
2022-10-19T10:00:00.000,I 20,I 20 and Mile Marker 114,,Not a Collision with Motor Vehicle,1,Clear,Dry,Daylight
2024-06-05T19:56:00.000,I 20,I 20 and Mile Marker 114,,Not a Collision with Motor Vehicle,1,Clear,Dry,Daylight
2024-01-27T11:59:00.000,I 20,I 20 and Mile Marker 114,,Not a Collision with Motor Vehicle,1,Rain,Wet,Daylight
2024-05-25T21:04:00.000,I 20,I 20 and Mile Marker 114,,Rear End,3,Clear,Dry,Dark-Not Lighted
2022-10-28T14:55:00.000,I 20,I 20 and Mile Marker 113,,Rear End,3,Clear,Dry,Daylight
2022-08-08T07:15:00.000,I 20,I 20 and Mile Marker 113,,Not a Collision with Motor Vehicle,1,Clear,Dry,Daylight
2024-01-22T22:22:00.000,I 20,I 20 and Mile Marker 113,,Rear End,2,Clear,Dry,Dark-Not Lighted
2024-03-31T13:01:00.000,I 20,I 20 and Mile Marker 113,,Not a Collision with Motor Vehicle,1,Clear,Dry,Daylight
2024-08-25T11:07:00.000,I 20,I 20 and Mile Marker 113,,Angle Crash,2,Clear,Dry,Daylight
2022-09-24T12:14:00.000,I 20,I 20 and Mile Marker 112,,Not a Collision with Motor Vehicle,1,Clear,Dry,Daylight
2020-06-15T07:54:00.000,I 20,I 20 and Mile Marker 111,,Not a Collision with Motor Vehicle,1,Clear,Dry,Daylight
2020-08-06T11:58:00.000,I 20,I 20 and Mile Marker 111,,Not a Collision with Motor Vehicle,1,Clear,Dry,Daylight
2023-02-23T13:53:00.000,I 20,I 20 and Mile Marker 111,,Sideswipe-Same Direction,2,Cloudy,Dry,Daylight
2020-02-27T07:31:00.000,I 20,I 20 and Mile Marker 1105,,Not a Collision with Motor Vehicle,1,Clear,Dry,Daylight
2020-04-03T10:28:00.000,I 20,I 20 and Mile Marker 1105,,Not a Collision with Motor Vehicle,1,Clear,Dry,Daylight
2023-06-12T09:13:00.000,I 20,I 20 and Mile Marker 110.5,,Not a Collision with Motor Vehicle,1,Cloudy,Dry,Daylight
2021-04-10T22:05:00.000,I 20,I 20 and Mile Marker 110,,Sideswipe-Same Direction,1,Clear,Dry,Dark-Not Lighted
2021-02-07T12:35:00.000,I 20,I 20 and Mile Marker 110,,Not a Collision with Motor Vehicle,2,Clear,Dry,Daylight
2023-07-10T16:47:00.000,I 20,I 20 and Mile Marker 110,,Sideswipe-Same Direction,2,Clear,Dry,Daylight
2022-09-11T23:35:00.000,I 20,I 20 and Mile Marker 11 To 10,,Not a Collision with Motor Vehicle,1,Rain,Wet,Dark-Not Lighted
2020-06-15T15:32:00.000,I 20,I 20 and Mile Marker 11,,Sideswipe-Same Direction,2,Clear,Dry,Daylight
2022-10-25T05:34:00.000,I 20,I 20 and Mile Marker 11,,Angle Crash,2,Clear,Dry,Dark-Not Lighted
2022-06-08T23:26:00.000,I 20,I 20 and Mile Marker 11,,Not a Collision with Motor Vehicle,1,Rain,Wet,Dark-Lighted
2024-08-15T07:43:00.000,I 20,I 20 and Mile Marker 11,,Sideswipe-Same Direction,2,Cloudy,Dry,Daylight
2024-09-25T14:20:00.000,I 20,I 20 and Mile Marker 11,,Sideswipe-Same Direction,2,Rain,Wet,Daylight
2024-06-11T16:22:00.000,I 20,I 20 and Mile Marker 11,,Sideswipe-Same Direction,2,Clear,Dry,Daylight
2020-08-14T01:28:00.000,I 20,I 20 and Mile Marker 1095,,Rear End,3,Rain,Wet,Dark-Not Lighted
2023-03-18T23:06:00.000,I 20,I 20 and Mile Marker 109,,Rear End,2,Clear,Dry,Dark-Not Lighted
2023-03-18T23:08:00.000,I 20,I 20 and Mile Marker 109,,Angle Crash,2,Clear,Dry,Dark-Not Lighted
2022-10-09T12:05:00.000,I 20,I 20 and Mile Marker 109,,Not a Collision with Motor Vehicle,2,Clear,Dry,Daylight
2023-03-18T23:07:00.000,I 20,I 20 and Mile Marker 109,,Angle Crash,2,Clear,Dry,Dark-Not Lighted
2023-06-30T21:27:00.000,I 20,I 20 and Mile Marker 109,,Not a Collision with Motor Vehicle,1,Clear,Dry,Dark-Not Lighted
2023-05-09T13:07:00.000,I 20,I 20 and Mile Marker 109,,Not a Collision with Motor Vehicle,1,Clear,Dry,Daylight
2023-03-18T23:10:00.000,I 20,I 20 and Mile Marker 109,,Angle Crash,2,Clear,Dry,Dark-Not Lighted
2020-08-15T15:29:00.000,I 20,I 20 and Mile Marker 108,,Not a Collision with Motor Vehicle,1,Rain,Wet,Daylight
2020-08-15T15:29:00.000,I 20,I 20 and Mile Marker 108,,Not a Collision with Motor Vehicle,1,Rain,Wet,Daylight
2022-03-17T13:50:00.000,I 20,I 20 and Mile Marker 108,,Sideswipe-Same Direction,2,Clear,Dry,Daylight
2022-10-02T14:59:00.000,I 20,I 20 and Mile Marker 108,,Rear End,2,Clear,Dry,Daylight
2022-06-22T14:52:00.000,I 20,I 20 and Mile Marker 108,,Rear End,2,Clear,Dry,Daylight
2023-11-18T00:54:00.000,I 20,I 20 and Mile Marker 108,,Sideswipe-Same Direction,2,Clear,Dry,Dark-Not Lighted
2023-10-16T10:24:00.000,I 20,I 20 and Mile Marker 107.5,,Rear End,2,Clear,Dry,Daylight
2021-04-28T07:20:00.000,I 20,I 20 and Mile Marker 107,,Sideswipe-Same Direction,2,Clear,Dry,Dawn
2022-10-02T07:21:00.000,I 20,I 20 and Mile Marker 107,,Not a Collision with Motor Vehicle,1,Clear,Dry,Daylight
2022-09-18T20:19:00.000,I 20,I 20 and Mile Marker 107,,Rear End,2,Clear,Dry,Dark-Not Lighted
2024-11-15T21:30:00.000,I 20,I 20 and Mile Marker 107,,Rear End,2,Clear,Dry,Dark-Not Lighted
2023-03-10T00:14:00.000,I 20,I 20 and Mile Marker 106,,Angle Crash,2,Rain,Wet,Dark-Not Lighted
2020-01-03T11:19:00.000,I 20,I 20 and Mile Marker 106,,Rear End,4,Rain,Wet,Daylight
2021-06-02T14:59:00.000,I 20,I 20 and Mile Marker 105 Exit Rp,,Not a Collision with Motor Vehicle,1,Clear,Dry,Daylight
2020-10-25T13:56:00.000,I 20,I 20 and Mile Marker 105,,Not a Collision with Motor Vehicle,1,Cloudy,Dry,Daylight
2024-09-02T13:23:00.000,I 20,I 20 and Mile Marker 103.5,,Rear End,3,Clear,Dry,Daylight
2022-12-22T19:53:00.000,I 20,I 20 and Mile Marker 103 Rest Area Ram,,Angle Crash,2,Cloudy,Wet,Dark-Lighted
2020-10-09T20:54:00.000,I 20,I 20 and Mile Marker 103,,Rear End,3,Rain,Wet,Dark-Not Lighted
2022-05-15T13:00:00.000,I 20,I 20 and Mile Marker 103,,Not a Collision with Motor Vehicle,1,Clear,Dry,Daylight
2024-08-28T09:06:00.000,I 20,I 20 and Mile Marker 103,,Not a Collision with Motor Vehicle,1,Clear,Dry,Daylight
2023-04-01T13:33:00.000,I 20,I 20 and Mile Marker 102.5,,Rear End,2,Clear,Dry,Daylight
2022-04-14T20:40:00.000,I 20,I 20 and Mile Marker 102.5,,Sideswipe-Same Direction,2,Clear,Dry,Dark-Not Lighted
2022-08-04T12:41:00.000,I 20,I 20 and Mile Marker 102,,Not a Collision with Motor Vehicle,1,Clear,Dry,Daylight
2021-12-10T19:50:00.000,I 20,I 20 and Mile Marker 101,,Not a Collision with Motor Vehicle,1,Cloudy,Wet,Dark-Not Lighted
2023-08-22T13:32:00.000,I 20,I 20 and Mile Marker 101,,Sideswipe-Same Direction,2,Clear,Dry,Daylight
2021-04-07T15:17:00.000,I 20,I 20 and Mile Marker 101,,Not a Collision with Motor Vehicle,2,Clear,Dry,Daylight
2022-08-27T19:32:00.000,I 20,I 20 and Mile Marker 101,,Not a Collision with Motor Vehicle,1,Clear,Dry,Daylight
2024-07-07T17:32:00.000,I 20,I 20 and Mile Marker 101,,Rear End,3,Clear,Dry,Daylight
2022-10-25T12:58:00.000,I 20,I 20 and Mile Marker 100,,Sideswipe-Same Direction,2,Clear,Dry,Daylight
2023-08-31T15:39:00.000,I 20,I 20 and Mile Marker 10.5,,Sideswipe-Same Direction,2,Clear,Dry,Daylight
2021-06-26T11:02:00.000,I 20,I 20 and Mile Marker 10 1 2,,Not a Collision with Motor Vehicle,2,Clear,Dry,Daylight
2024-03-01T09:06:00.000,I 20,I 20 and Mile Marker 10 1 2,,Not a Collision with Motor Vehicle,1,Rain,Wet,Daylight
2021-01-27T20:19:00.000,I 20,I 20 and Mile Marker 10,,Rear End,2,Cloudy,Wet,Dark-Lighted
2023-06-25T15:20:00.000,I 20,I 20 and Mile Marker 10,,Sideswipe-Same Direction,2,Clear,Dry,Daylight
2023-08-16T00:20:00.000,I 20,I 20 and Mile Marker 10,,Not a Collision with Motor Vehicle,1,Clear,Dry,Dark-Not Lighted
2022-07-07T18:35:00.000,I 20,I 20 and Mile Marker 10,,Sideswipe-Same Direction,2,Cloudy,Dry,Daylight
2024-03-05T08:29:00.000,I 20,I 20 and Mile Marker 10,,Not a Collision with Motor Vehicle,1,Cloudy,Dry,Daylight
2024-07-25T17:35:00.000,I 20,I 20 and Mile Marker 10,,Sideswipe-Same Direction,2,Cloudy,Wet,Daylight
2024-08-19T19:12:00.000,I 20,I 20 and Mile Marker 1.5,,Rear End,2,Clear,Dry,Daylight
2020-08-20T13:45:00.000,I 20,I 20 and Mile Marker 1,,Not a Collision with Motor Vehicle,2,Clear,Dry,Daylight
2020-06-18T13:30:00.000,I 20,I 20 and Mile Marker 1,,Rear End,2,Clear,Dry,Daylight
2023-11-26T17:40:00.000,I 20,I 20 and Mile Marker  95,,Rear End,2,Cloudy,Wet,Dusk
2024-09-26T19:40:00.000,I 20,I 20 and Mile Marked 25.5,,Rear End,2,Rain,Wet,Dark-Not Lighted
2024-07-16T11:54:00.000,I 20,I 20 and Mile Mark 27,,Sideswipe-Same Direction,2,Cloudy,Dry,Daylight
2023-01-03T17:26:00.000,I 20,I 20 and Mile Maker 93,,Not a Collision with Motor Vehicle,1,Rain,Wet,Dark-Lighted
2020-07-19T14:40:00.000,I 20,I 20 and Mile Maker 26,,Sideswipe-Same Direction,1,Rain,Wet,Daylight
2024-06-26T02:18:00.000,I 20,I 20 and Mile Maker 200,,Not a Collision with Motor Vehicle,1,Clear,Dry,Dark-Lighted
2022-06-13T14:00:00.000,I 20,I 20 and Mile Maarker 93,,Rear End,2,Clear,Dry,Daylight
2023-07-08T01:24:00.000,I 20,I 20 and Mile Amrker 174,,Not a Collision with Motor Vehicle,5,Clear,Dry,Dark-Not Lighted
2023-08-27T20:36:00.000,I 20,I 20 and Mile Amrker 141,,Not a Collision with Motor Vehicle,1,Rain,Wet,Dark-Not Lighted
2021-10-11T05:50:00.000,I 20,I 20 and Mile 91,,Angle Crash,2,Clear,Dry,Dark-Not Lighted
2020-11-24T00:00:00.000,I 20,I 20 and Mile 85,,Sideswipe-Same Direction,2,Clear,Dry,Daylight
2021-06-30T16:24:00.000,I 20,I 20 and Mile 79,,Rear End,4,Clear,Dry,Dawn
2020-06-22T22:47:00.000,I 20,I 20 and Mile 79,,Not a Collision with Motor Vehicle,1,Clear,Dry,Dark-Lighted
2020-10-02T00:00:00.000,I 20,I 20 and Mile 79,,Rear End,2,Clear,Dry,Daylight
2021-07-15T17:44:00.000,I 20,I 20 and Mile 79,,Rear End,2,Clear,Dry,Daylight
2022-06-26T03:08:00.000,I 20,I 20 and Mile 78,,Sideswipe-Same Direction,2,Clear,Dry,Dark-Lighted
2020-12-05T22:20:00.000,I 20,I 20 and Mile 11,,Sideswipe-Same Direction,1,Clear,Dry,Dark-Lighted
2023-10-10T13:13:00.000,I 20,I 20 and Mile  Marker 162,,Rear End,2,Clear,Dry,Daylight
2023-03-03T17:10:00.000,I 20,I 20 and Midway Road Opas,,Rear End,2,Rain,Wet,Daylight
2022-09-08T06:24:00.000,I 20,I 20 and Midway Road Opas,,Not a Collision with Motor Vehicle,1,Cloudy,Dry,Dusk
2023-12-26T18:14:00.000,I 20,I 20 and Midway Road Opas,,Rear End,2,Cloudy,Wet,Dark-Not Lighted
2024-09-24T10:51:00.000,I 20,I 20 and Midway Road Opas,,Sideswipe-Same Direction,2,Clear,Dry,Daylight
2024-03-05T06:39:00.000,I 20,I 20 and Midway Road Opas,,Rear End,3,Cloudy,Dry,Dark-Not Lighted
2024-03-05T06:39:00.000,I 20,I 20 and Midway Road Opas,,Rear End,3,Cloudy,Dry,Dark-Not Lighted
2021-10-19T08:40:00.000,I 20,I 20 and Midway Rd,,Not a Collision with Motor Vehicle,1,Clear,Dry,Daylight
2020-11-05T21:40:00.000,I 20,I 20 and Midway Rd,,Not a Collision with Motor Vehicle,1,Clear,Dry,Dark-Not Lighted
2020-12-24T16:05:00.000,I 20,I 20 and Midway Rd,,Rear End,2,Snow,Wet,Daylight
2020-12-25T00:54:00.000,I 20,I 20 and Midway Rd,,Angle Crash,1,Cloudy,Wet,Dark-Not Lighted
2020-02-22T21:00:00.000,I 20,I 20 and Midway Rd,,Sideswipe-Same Direction,2,Clear,Dry,Dark-Not Lighted
2021-09-07T21:53:00.000,I 20,I 20 and Midway Rd,,Rear End,4,Cloudy,Dry,Dark-Not Lighted
2022-11-19T20:00:00.000,I 20,I 20 and Midway Rd,,Not a Collision with Motor Vehicle,1,Clear,Dry,Dark-Not Lighted
2022-07-10T04:30:00.000,I 20,I 20 and Midway Rd,,Angle Crash,2,Clear,Dry,Daylight
2022-06-25T03:47:00.000,I 20,I 20 and Midway Rd,,Not a Collision with Motor Vehicle,1,Rain,Wet,Dark-Not Lighted
2022-03-17T07:00:00.000,I 20,I 20 and Midway Rd,,Rear End,2,Fog,Wet,Dark-Not Lighted
2022-02-06T04:14:00.000,I 20,I 20 and Midway Rd,,Rear End,3,Clear,Dry,Dark-Not Lighted
2022-03-23T07:45:00.000,I 20,I 20 and Midway Rd,,Rear End,2,Rain,Wet,Dusk
2023-05-26T12:24:00.000,I 20,I 20 and Midway Rd,,Angle Crash,2,Clear,Dry,Daylight
2023-04-04T17:40:00.000,I 20,I 20 and Midway Rd,,Rear End,2,Clear,Dry,Daylight
2020-09-15T14:11:00.000,I 20,I 20 and Midway Brg,,Rear End,2,Cloudy,Dry,Daylight
2022-04-11T11:40:00.000,I 20,I 20 and Metropolitan Pky,,Sideswipe-Same Direction,2,Cloudy,Dry,Daylight
2021-08-31T19:34:00.000,I 20,I 20 and Memorial Glenwood Conn,,Not a Collision with Motor Vehicle,1,Rain,Wet,Daylight
2023-12-06T15:00:00.000,I 20,I 20 and Memorial Dr,,Head On,2,Clear,Dry,Daylight
2023-12-06T15:00:00.000,I 20,I 20 and Memorial Dr,,Angle Crash,2,Clear,Dry,Daylight
2020-02-04T10:37:00.000,I 20,I 20 and Memorial Dr,,Sideswipe-Same Direction,2,Cloudy,Dry,Daylight
2020-10-03T18:01:00.000,I 20,I 20 and Memorial Dr,,Rear End,4,Clear,Dry,Daylight
2024-09-06T12:40:00.000,I 20,I 20 and Memorial Dr,,Sideswipe-Same Direction,2,Cloudy,Dry,Daylight
2024-05-13T13:35:00.000,I 20,I 20 and Memorial Dr,,Not a Collision with Motor Vehicle,2,Cloudy,Dry,Daylight
2021-04-22T09:30:00.000,I 20,I 20 and Memorial   Glenwood Conn,,Rear End,2,Clear,Dry,Daylight
2023-12-06T15:00:00.000,I 20,I 20 and Memorial,,Angle Crash,2,Clear,Dry,Daylight
2021-02-16T15:07:00.000,I 20,I 20 and Mcpherson Ave,,Rear End,2,Clear,Dry,Daylight
2021-08-04T10:00:00.000,I 20,I 20 and Mcedonia,,Not a Collision with Motor Vehicle,1,Clear,Dry,Daylight
2020-12-13T11:14:00.000,I 20,I 20 and Mcduffie County Line,,Sideswipe-Same Direction,2,Cloudy,Dry,Daylight
2022-01-19T07:54:00.000,I 20,I 20 and Mcduffie County Line,,Angle Crash,2,Clear,Dry,Daylight
2024-06-04T10:46:00.000,I 20,I 20 and Mcduffie County Line,,Rear End,3,Cloudy,Dry,Daylight
2020-12-02T05:19:00.000,I 20,I 20 and Mcduffie County,,Rear End,2,Clear,Dry,Dark-Not Lighted
2020-09-15T00:05:00.000,I 20,I 20 and Mcduffie Co Line,,Not a Collision with Motor Vehicle,1,Rain,Wet,Dark-Not Lighted
2021-05-14T15:50:00.000,I 20,I 20 and Mcdaniels St,,Rear End,2,Clear,Dry,Daylight
2021-03-15T11:20:00.000,I 20,I 20 and Mcdaniels St,,Rear End,2,Cloudy,Dry,Daylight
2023-09-08T08:50:00.000,I 20,I 20 and Mcdaniels St,,Sideswipe-Same Direction,2,Clear,Dry,Daylight
2023-07-21T16:15:00.000,I 20,I 20 and Mcdaniels St,,Rear End,3,Clear,Dry,Daylight
2020-01-24T09:55:00.000,I 20,I 20 and Mcdaniels St,,Rear End,2,Rain,Wet,Daylight
2020-01-24T09:50:00.000,I 20,I 20 and Mcdaniels St,,Rear End,2,Rain,Wet,Daylight
2020-01-07T17:40:00.000,I 20,I 20 and Mcdaniels St,,Rear End,2,Clear,Dry,Daylight
2023-07-24T08:15:00.000,I 20,I 20 and Mcdaniels St,,Not a Collision with Motor Vehicle,5,Clear,Dry,Daylight
2021-12-22T18:36:00.000,I 20,I 20 and Mcdaniels Rd,,Sideswipe-Same Direction,2,Cloudy,Dry,Dark-Lighted
2023-08-10T16:55:00.000,I 20,I 20 and Mcdaniel Street Sw Opas,,Rear End,2,Clear,Dry,Daylight
2023-04-21T16:06:00.000,I 20,I 20 and Mcdaniel Street Overapss,,Sideswipe-Same Direction,2,Cloudy,Dry,Daylight
2021-06-04T13:29:00.000,I 20,I 20 and Mcdaniel Street Opas,,Rear End,3,Clear,Dry,Daylight
2021-06-10T09:05:00.000,I 20,I 20 and Mcdaniel Street Opas,,Sideswipe-Same Direction,2,Clear,Dry,Daylight
2021-09-16T17:00:00.000,I 20,I 20 and Mcdaniel Street Opas,,Rear End,2,Cloudy,Wet,Daylight
2023-07-21T18:30:00.000,I 20,I 20 and Mcdaniel Street Opas,,Sideswipe-Same Direction,2,Rain,Wet,Daylight
2022-06-23T14:51:00.000,I 20,I 20 and Mcdaniel Street Opas,,Rear End,2,Clear,Dry,Daylight
2020-10-01T19:15:00.000,I 20,I 20 and Mcdaniel Street Opas,,Not a Collision with Motor Vehicle,2,Clear,Dry,Daylight
2020-08-28T14:08:00.000,I 20,I 20 and Mcdaniel Street Opas,,Sideswipe-Same Direction,2,Clear,Dry,Daylight
2021-08-23T09:50:00.000,I 20,I 20 and Mcdaniel Street Opas,,Rear End,2,Clear,Dry,Daylight
2022-05-17T06:40:00.000,I 20,I 20 and Mcdaniel Street Opas,,Rear End,2,Clear,Dry,Daylight
2022-02-09T17:00:00.000,I 20,I 20 and Mcdaniel Street Opas,,Rear End,2,Clear,Dry,Daylight
2022-09-19T08:05:00.000,I 20,I 20 and Mcdaniel Street Opas,,Rear End,2,Clear,Dry,Daylight
2022-05-13T13:45:00.000,I 20,I 20 and Mcdaniel Street Opas,,Rear End,3,Clear,Dry,Daylight
2024-10-08T17:30:00.000,I 20,I 20 and Mcdaniel Street Opas,,Sideswipe-Same Direction,2,Clear,Dry,Daylight
2021-07-26T17:41:00.000,I 20,I 20 and Mcdaniel Street Exit Rp,,Sideswipe-Same Direction,2,Clear,Dry,Daylight
2020-12-24T09:09:00.000,I 20,I 20 and Mcdaniel St Sw Opas,,Not a Collision with Motor Vehicle,1,Rain,Wet,Daylight
2023-03-03T15:20:00.000,I 20,I 20 and Mcdaniel St Opas,,Sideswipe-Same Direction,2,Cloudy,Dry,Daylight
2023-08-15T15:53:00.000,I 20,I 20 and Mcdaniel St Opas,,Rear End,2,Clear,Wet,Daylight
2023-11-02T19:55:00.000,I 20,I 20 and Mcdaniel St Opas,,Rear End,2,Clear,Dry,Dark-Not Lighted
2021-12-10T09:53:00.000,I 20,I 20 and Mcdaniel St Opas,,Rear End,3,Cloudy,Wet,Daylight
2022-10-17T08:08:00.000,I 20,I 20 and Mcdaniel St Opas,,Sideswipe-Same Direction,2,Clear,Dry,Daylight
2022-09-02T11:16:00.000,I 20,I 20 and Mcdaniel St Opas,,Sideswipe-Same Direction,2,Clear,Dry,Daylight
2022-10-17T07:58:00.000,I 20,I 20 and Mcdaniel St Opas,,Rear End,2,Clear,Dry,Daylight
2022-07-25T09:45:00.000,I 20,I 20 and Mcdaniel St Opas,,Angle Crash,2,Cloudy,Dry,Daylight
2023-08-22T07:24:00.000,I 20,I 20 and Mcdaniel St Opas,,Rear End,2,Clear,Dry,Daylight
2024-11-15T16:22:00.000,I 20,I 20 and Mcdaniel St Opas,,Rear End,2,Clear,Dry,Daylight
2024-09-06T11:30:00.000,I 20,I 20 and Mcdaniel St Opas,,Rear End,2,Cloudy,Dry,Daylight
2020-10-11T11:53:00.000,I 20,I 20 and Mcdaniel St Exit Rp,,Rear End,3,Rain,Wet,Daylight
2021-03-05T18:56:00.000,I 20,I 20 and Mcdaniel St,,Rear End,2,Clear,Dry,Dark-Lighted
2021-03-09T13:20:00.000,I 20,I 20 and Mcdaniel St,,Angle Crash,2,Clear,Dry,Daylight
2021-03-23T11:40:00.000,I 20,I 20 and Mcdaniel St,,Sideswipe-Same Direction,2,Cloudy,Dry,Daylight
2021-05-18T17:48:00.000,I 20,I 20 and Mcdaniel St,,Rear End,2,Cloudy,Dry,Daylight
2021-09-16T18:27:00.000,I 20,I 20 and Mcdaniel St,,Rear End,3,Rain,Wet,Daylight
2021-12-21T19:06:00.000,I 20,I 20 and Mcdaniel St,,Sideswipe-Same Direction,2,Cloudy,Wet,Dark-Lighted
2021-11-17T16:40:00.000,I 20,I 20 and Mcdaniel St,,Rear End,2,Clear,Dry,Daylight
2021-09-16T16:55:00.000,I 20,I 20 and Mcdaniel St,,Rear End,2,Rain,Wet,Daylight
2021-02-28T22:24:00.000,I 20,I 20 and Mcdaniel St,,Sideswipe-Same Direction,2,Clear,Dry,Dark-Lighted
2021-04-12T12:13:00.000,I 20,I 20 and Mcdaniel St,,Rear End,2,Clear,Dry,Daylight
2021-12-14T16:31:00.000,I 20,I 20 and Mcdaniel St,,Sideswipe-Same Direction,3,Clear,Dry,Daylight