Date and Time,Roadway (From Crash Report),Intersection Name (from Crash Report),KABCO Severity,Manner of Collision (Crash Level) ,# of Vehicles per crash ,Weather Conditions (Crash Level),Surface Condition (Crash Level) ,Light Conditions (Crash Level)
2021-11-04T17:29:00.000,I 20,I 20 and Mcdaniel St,,Rear End,2,Cloudy,Wet,Daylight
2021-09-20T13:00:00.000,I 20,I 20 and Mcdaniel St,,Sideswipe-Same Direction,2,Rain,Wet,Daylight
2021-05-04T18:00:00.000,I 20,I 20 and Mcdaniel St,,Rear End,3,Rain,Wet,Daylight
2021-03-15T11:22:00.000,I 20,I 20 and Mcdaniel St,,Sideswipe-Same Direction,2,Cloudy,Dry,Daylight
2021-03-07T15:16:00.000,I 20,I 20 and Mcdaniel St,,Angle Crash,2,Clear,Dry,Daylight
2021-01-02T20:30:00.000,I 20,I 20 and Mcdaniel St,,Sideswipe-Same Direction,2,Clear,Dry,Daylight
2021-10-29T17:04:00.000,I 20,I 20 and Mcdaniel St,,Sideswipe-Same Direction,2,Rain,Wet,Daylight
2021-09-08T13:00:00.000,I 20,I 20 and Mcdaniel St,,Angle Crash,2,Cloudy,Dry,Daylight
2021-01-31T18:21:00.000,I 20,I 20 and Mcdaniel St,,Sideswipe-Same Direction,2,Rain,Wet,Dark-Lighted
2021-04-12T16:23:00.000,I 20,I 20 and Mcdaniel St,,Rear End,2,Clear,Dry,Daylight
2020-08-10T16:50:00.000,I 20,I 20 and Mcdaniel St,,Not a Collision with Motor Vehicle,1,Cloudy,Wet,Daylight
2023-07-13T07:50:00.000,I 20,I 20 and Mcdaniel St,,Sideswipe-Same Direction,1,Clear,Dry,Daylight
2023-03-03T14:10:00.000,I 20,I 20 and Mcdaniel St,,Rear End,2,Cloudy,Wet,Daylight
2023-08-10T06:22:00.000,I 20,I 20 and Mcdaniel St,,Sideswipe-Same Direction,2,Clear,Dry,Daylight
2023-06-08T18:15:00.000,I 20,I 20 and Mcdaniel St,,Rear End,2,Clear,Dry,Daylight
2023-12-15T09:05:00.000,I 20,I 20 and Mcdaniel St,,Sideswipe-Same Direction,2,Clear,Dry,Daylight
2023-02-02T18:45:00.000,I 20,I 20 and Mcdaniel St,,Rear End,3,Rain,Wet,Dark-Lighted
2023-06-08T16:50:00.000,I 20,I 20 and Mcdaniel St,,Rear End,3,Clear,Dry,Daylight
2023-06-06T08:59:00.000,I 20,I 20 and Mcdaniel St,,Rear End,2,Clear,Dry,Daylight
2023-01-03T18:45:00.000,I 20,I 20 and Mcdaniel St,,Angle Crash,2,Rain,Wet,Dark-Lighted
2023-12-07T18:11:00.000,I 20,I 20 and Mcdaniel St,,Rear End,2,Cloudy,Dry,Dark-Lighted
2023-11-20T07:56:00.000,I 20,I 20 and Mcdaniel St,,Rear End,2,Cloudy,Dry,Daylight
2023-01-24T14:48:00.000,I 20,I 20 and Mcdaniel St,,Sideswipe-Same Direction,2,Cloudy,Dry,Daylight
2023-02-02T15:00:00.000,I 20,I 20 and Mcdaniel St,,Rear End,2,Clear,Wet,Daylight
2023-11-13T18:04:00.000,I 20,I 20 and Mcdaniel St,,Rear End,2,Cloudy,Dry,Daylight
2023-10-31T07:33:00.000,I 20,I 20 and Mcdaniel St,,Rear End,2,Clear,Dry,Daylight
2020-01-11T15:55:00.000,I 20,I 20 and Mcdaniel St,,Sideswipe-Same Direction,2,Cloudy,Wet,Daylight
2020-07-07T14:30:00.000,I 20,I 20 and Mcdaniel St,,Sideswipe-Same Direction,2,Cloudy,Dry,Daylight
2020-07-15T10:46:00.000,I 20,I 20 and Mcdaniel St,,Rear End,2,Clear,Dry,Daylight
2020-01-24T15:17:00.000,I 20,I 20 and Mcdaniel St,,Rear End,2,Clear,Wet,Daylight
2020-02-19T06:40:00.000,I 20,I 20 and Mcdaniel St,,Rear End,2,Rain,Wet,Dawn
2020-01-24T09:07:00.000,I 20,I 20 and Mcdaniel St,,Rear End,2,Cloudy,Wet,Daylight
2020-02-27T17:00:00.000,I 20,I 20 and Mcdaniel St,,Sideswipe-Same Direction,2,Clear,Dry,Daylight
2020-10-18T18:16:00.000,I 20,I 20 and Mcdaniel St,,Sideswipe-Same Direction,2,Clear,Dry,Daylight
2020-05-15T14:10:00.000,I 20,I 20 and Mcdaniel St,,Rear End,2,Clear,Dry,Daylight
2020-01-24T09:07:00.000,I 20,I 20 and Mcdaniel St,,Rear End,2,Cloudy,Wet,Daylight
2020-10-16T22:53:00.000,I 20,I 20 and Mcdaniel St,,Angle Crash,2,Clear,Dry,Daylight
2020-12-17T07:09:00.000,I 20,I 20 and Mcdaniel St,,Angle Crash,4,Clear,Dry,Dark-Lighted
2020-02-18T18:38:00.000,I 20,I 20 and Mcdaniel St,,Rear End,2,Rain,Wet,Dark-Lighted
2020-02-19T07:36:00.000,I 20,I 20 and Mcdaniel St,,Rear End,3,Rain,Wet,Dawn
2020-09-25T06:00:00.000,I 20,I 20 and Mcdaniel St,,Sideswipe-Same Direction,2,Rain,Wet,Dark-Lighted
2020-09-14T13:47:00.000,I 20,I 20 and Mcdaniel St,,Rear End,2,Cloudy,Wet,Daylight
2020-06-12T18:30:00.000,I 20,I 20 and Mcdaniel St,,Sideswipe-Same Direction,2,Clear,Dry,Daylight
2020-03-12T16:52:00.000,I 20,I 20 and Mcdaniel St,,Sideswipe-Same Direction,2,Clear,Dry,Daylight
2020-01-22T16:15:00.000,I 20,I 20 and Mcdaniel St,,Rear End,2,Clear,Dry,Daylight
2020-04-17T15:00:00.000,I 20,I 20 and Mcdaniel St,,Rear End,2,Clear,Dry,Daylight
2020-11-11T14:35:00.000,I 20,I 20 and Mcdaniel St,,Sideswipe-Same Direction,2,Cloudy,Wet,Daylight
2020-07-31T17:55:00.000,I 20,I 20 and Mcdaniel St,,Sideswipe-Same Direction,3,Clear,Dry,Daylight
2020-09-20T16:14:00.000,I 20,I 20 and Mcdaniel St,,Rear End,3,Clear,Dry,Daylight
2020-05-04T04:02:00.000,I 20,I 20 and Mcdaniel St,,Rear End,2,Clear,Dry,Dark-Lighted
2020-06-12T19:32:00.000,I 20,I 20 and Mcdaniel St,,Rear End,2,Clear,Dry,Daylight
2020-06-05T09:10:00.000,I 20,I 20 and Mcdaniel St,,Sideswipe-Same Direction,2,Clear,Dry,Daylight
2020-10-09T22:40:00.000,I 20,I 20 and Mcdaniel St,,Rear End,2,Rain,Wet,Dark-Lighted
2020-04-17T15:00:00.000,I 20,I 20 and Mcdaniel St,,Sideswipe-Same Direction,2,Clear,Dry,Daylight
2020-10-23T23:40:00.000,I 20,I 20 and Mcdaniel St,,Rear End,2,Clear,Dry,Dark-Lighted
2020-10-28T08:32:00.000,I 20,I 20 and Mcdaniel St,,Rear End,2,Rain,Wet,Daylight
2020-03-03T16:15:00.000,I 20,I 20 and Mcdaniel St,,Angle Crash,2,Clear,Dry,Daylight
2020-09-01T22:52:00.000,I 20,I 20 and Mcdaniel St,,Sideswipe-Same Direction,2,Clear,Dry,Dark-Lighted
2020-10-15T15:50:00.000,I 20,I 20 and Mcdaniel St,,Sideswipe-Same Direction,2,Clear,Dry,Daylight
2020-12-27T18:16:00.000,I 20,I 20 and Mcdaniel St,,Rear End,2,Clear,Dry,Dark-Lighted
2020-06-06T16:42:00.000,I 20,I 20 and Mcdaniel St,,Angle Crash,2,Clear,Dry,Daylight
2020-01-24T09:46:00.000,I 20,I 20 and Mcdaniel St,,Rear End,2,Cloudy,Wet,Daylight
2020-01-14T18:15:00.000,I 20,I 20 and Mcdaniel St,,Rear End,2,Rain,Wet,Dark-Lighted
2020-02-18T17:56:00.000,I 20,I 20 and Mcdaniel St,,Angle Crash,2,Rain,Wet,Dark-Lighted
2020-11-17T08:05:00.000,I 20,I 20 and Mcdaniel St,,Sideswipe-Same Direction,2,Clear,Wet,Daylight
2020-01-07T09:50:00.000,I 20,I 20 and Mcdaniel St,,Sideswipe-Same Direction,2,Clear,Dry,Daylight
2020-04-01T09:03:00.000,I 20,I 20 and Mcdaniel St,,Sideswipe-Same Direction,2,Clear,Dry,Daylight
2020-05-25T20:16:00.000,I 20,I 20 and Mcdaniel St,,Rear End,2,Rain,Wet,Dark-Lighted
2021-05-04T15:43:00.000,I 20,I 20 and Mcdaniel St,,Angle Crash,2,Rain,Wet,Daylight
2021-06-08T12:14:00.000,I 20,I 20 and Mcdaniel St,,Sideswipe-Same Direction,2,Cloudy,Dry,Daylight
2021-01-31T18:24:00.000,I 20,I 20 and Mcdaniel St,,Angle Crash,2,Rain,Wet,Dark-Not Lighted
2021-05-21T16:15:00.000,I 20,I 20 and Mcdaniel St,,Sideswipe-Same Direction,2,Clear,Dry,Daylight
2021-07-27T18:35:00.000,I 20,I 20 and Mcdaniel St,,Rear End,2,Rain,Wet,Daylight
2021-07-29T13:12:00.000,I 20,I 20 and Mcdaniel St,,Sideswipe-Same Direction,2,Clear,Dry,Daylight
2021-08-10T18:53:00.000,I 20,I 20 and Mcdaniel St,,Rear End,2,Clear,Dry,Daylight
2021-12-16T22:34:00.000,I 20,I 20 and Mcdaniel St,,Sideswipe-Same Direction,2,Clear,Dry,Dark-Lighted
2021-12-10T18:18:00.000,I 20,I 20 and Mcdaniel St,,Sideswipe-Same Direction,2,Fog,Wet,Dark-Lighted
2021-07-12T13:10:00.000,I 20,I 20 and Mcdaniel St,,Sideswipe-Same Direction,2,Cloudy,Dry,Daylight
2022-09-20T17:25:00.000,I 20,I 20 and Mcdaniel St,,Rear End,4,Rain,Wet,Daylight
2022-02-22T06:25:00.000,I 20,I 20 and Mcdaniel St,,Sideswipe-Same Direction,2,Cloudy,Wet,Dark-Lighted
2022-12-03T14:16:00.000,I 20,I 20 and Mcdaniel St,,Rear End,2,Cloudy,Dry,Daylight
2022-02-24T15:05:00.000,I 20,I 20 and Mcdaniel St,,Rear End,2,Clear,Dry,Daylight
2021-11-04T17:08:00.000,I 20,I 20 and Mcdaniel St,,Rear End,2,Cloudy,Wet,Daylight
2021-12-30T10:50:00.000,I 20,I 20 and Mcdaniel St,,Rear End,2,Rain,Wet,Daylight
2022-02-24T19:53:00.000,I 20,I 20 and Mcdaniel St,,Rear End,4,Clear,Dry,Dark-Lighted
2022-08-18T12:30:00.000,I 20,I 20 and Mcdaniel St,,Rear End,2,Clear,Dry,Daylight
2022-09-16T17:49:00.000,I 20,I 20 and Mcdaniel St,,Sideswipe-Same Direction,2,Clear,Dry,Daylight
2022-10-11T17:59:00.000,I 20,I 20 and Mcdaniel St,,Rear End,3,Clear,Dry,Daylight
2022-05-17T09:18:00.000,I 20,I 20 and Mcdaniel St,,Sideswipe-Same Direction,2,Clear,Dry,Daylight
2022-04-26T11:51:00.000,I 20,I 20 and Mcdaniel St,,Rear End,2,Rain,Wet,Daylight
2022-01-06T12:37:00.000,I 20,I 20 and Mcdaniel St,,Rear End,2,Cloudy,Dry,Daylight
2022-05-24T23:00:00.000,I 20,I 20 and Mcdaniel St,,Not a Collision with Motor Vehicle,1,Cloudy,Dry,Dark-Lighted
2022-09-26T12:22:00.000,I 20,I 20 and Mcdaniel St,,Sideswipe-Same Direction,2,Clear,Dry,Daylight
2022-11-29T07:58:00.000,I 20,I 20 and Mcdaniel St,,Sideswipe-Same Direction,2,Clear,Dry,Daylight
2022-09-22T07:00:00.000,I 20,I 20 and Mcdaniel St,,Sideswipe-Same Direction,2,Clear,Dry,Daylight
2022-05-23T15:55:00.000,I 20,I 20 and Mcdaniel St,,Sideswipe-Same Direction,2,Clear,Dry,Daylight
2022-10-27T16:40:00.000,I 20,I 20 and Mcdaniel St,,Rear End,3,Clear,Dry,Daylight
2022-12-01T12:18:00.000,I 20,I 20 and Mcdaniel St,,Rear End,2,Clear,Dry,Daylight
2022-04-08T19:03:00.000,I 20,I 20 and Mcdaniel St,,Sideswipe-Same Direction,2,Clear,Dry,Daylight
2022-08-23T08:00:00.000,I 20,I 20 and Mcdaniel St,,Sideswipe-Same Direction,2,Clear,Dry,Daylight
2022-03-07T17:40:00.000,I 20,I 20 and Mcdaniel St,,Rear End,2,Rain,Wet,Daylight
2022-12-30T09:13:00.000,I 20,I 20 and Mcdaniel St,,Sideswipe-Same Direction,2,Clear,Dry,Daylight
2022-11-01T16:10:00.000,I 20,I 20 and Mcdaniel St,,Rear End,5,Clear,Dry,Daylight
2024-05-23T16:00:00.000,I 20,I 20 and Mcdaniel St,,Rear End,2,Cloudy,Dry,Daylight
2024-07-18T18:27:00.000,I 20,I 20 and Mcdaniel St,,Sideswipe-Same Direction,2,Rain,Wet,Daylight
2024-07-25T13:19:00.000,I 20,I 20 and Mcdaniel St,,Sideswipe-Same Direction,2,Cloudy,Dry,Daylight
2024-06-11T17:35:00.000,I 20,I 20 and Mcdaniel St,,Sideswipe-Same Direction,2,Clear,Dry,Daylight
2024-10-11T17:00:00.000,I 20,I 20 and Mcdaniel St,,Sideswipe-Same Direction,2,Clear,Dry,Daylight
2024-12-26T11:45:00.000,I 20,I 20 and Mcdaniel St,,Rear End,2,Clear,Dry,Daylight
2023-03-27T16:48:00.000,I 20,I 20 and Mcdaniel St,,Rear End,3,Cloudy,Dry,Daylight
2023-03-31T18:32:00.000,I 20,I 20 and Mcdaniel St,,Rear End,2,Clear,Dry,Daylight
2023-07-27T06:13:00.000,I 20,I 20 and Mcdaniel St,,Sideswipe-Same Direction,2,Clear,Dry,Dark-Lighted
2023-09-28T18:10:00.000,I 20,I 20 and Mcdaniel St,,Rear End,2,Clear,Dry,Daylight
2023-02-07T19:26:00.000,I 20,I 20 and Mcdaniel St,,Sideswipe-Same Direction,2,Clear,Dry,Dark-Not Lighted
2023-05-11T16:20:00.000,I 20,I 20 and Mcdaniel St,,Rear End,2,Cloudy,Dry,Daylight
2023-07-18T14:40:00.000,I 20,I 20 and Mcdaniel St,,Sideswipe-Same Direction,3,Clear,Dry,Daylight
2023-09-12T08:20:00.000,I 20,I 20 and Mcdaniel St,,Rear End,3,Clear,Dry,Daylight
2023-02-13T16:20:00.000,I 20,I 20 and Mcdaniel St,,Sideswipe-Same Direction,5,Clear,Dry,Daylight
2023-12-21T19:36:00.000,I 20,I 20 and Mcdaniel St,,Rear End,2,Clear,Dry,Dark-Lighted
2023-01-26T16:24:00.000,I 20,I 20 and Mcdaniel St,,Rear End,2,Clear,Dry,Daylight
2024-10-03T17:00:00.000,I 20,I 20 and Mcdaniel St,,Sideswipe-Same Direction,2,Clear,Dry,Daylight
2024-05-03T21:37:00.000,I 20,I 20 and Mcdaniel St,,Sideswipe-Same Direction,2,Clear,Dry,Dark-Not Lighted
2024-07-30T15:19:00.000,I 20,I 20 and Mcdaniel St,,Sideswipe-Same Direction,3,Cloudy,Wet,Daylight
2024-08-12T09:22:00.000,I 20,I 20 and Mcdaniel St,,Rear End,3,Clear,Dry,Daylight
2024-11-21T15:02:00.000,I 20,I 20 and Mcdaniel St,,Not a Collision with Motor Vehicle,2,Clear,Dry,Daylight
2024-10-03T17:00:00.000,I 20,I 20 and Mcdaniel St,,Sideswipe-Same Direction,2,Clear,Dry,Daylight
2024-07-22T17:53:00.000,I 20,I 20 and Mcdaniel St,,Sideswipe-Same Direction,2,Cloudy,Dry,Daylight
2024-12-10T18:45:00.000,I 20,I 20 and Mcdaniel St,,Rear End,2,Clear,Wet,Daylight
2024-07-29T16:49:00.000,I 20,I 20 and Mcdaniel St,,Rear End,4,Cloudy,Dry,Daylight
2024-12-10T19:08:00.000,I 20,I 20 and Mcdaniel St,,Sideswipe-Same Direction,2,Clear,Wet,Daylight
2024-06-10T08:20:00.000,I 20,I 20 and Mcdaniel St,,Rear End,2,Cloudy,Dry,Daylight
2024-08-06T17:50:00.000,I 20,I 20 and Mcdaniel St,,Sideswipe-Same Direction,2,Clear,Dry,Daylight
2024-07-12T10:10:00.000,I 20,I 20 and Mcdaniel St,,Sideswipe-Same Direction,2,Clear,Dry,Daylight
2024-05-16T15:20:00.000,I 20,I 20 and Mcdaniel St,,Sideswipe-Same Direction,2,Clear,Dry,Daylight
2024-11-26T14:41:00.000,I 20,I 20 and Mcdaniel St,,Sideswipe-Same Direction,3,Clear,Dry,Daylight
2024-04-11T11:58:00.000,I 20,I 20 and Mcdaniel St,,Rear End,2,Clear,Dry,Daylight
2024-04-18T18:41:00.000,I 20,I 20 and Mcdaniel St,,Sideswipe-Same Direction,2,Clear,Dry,Daylight
2024-07-22T17:53:00.000,I 20,I 20 and Mcdaniel St,,Angle Crash,2,Cloudy,Dry,Daylight
2024-04-18T17:40:00.000,I 20,I 20 and Mcdaniel St,,Rear End,2,Clear,Dry,Daylight
2024-12-02T17:15:00.000,I 20,I 20 and Mcdaniel St,,Rear End,2,Clear,Dry,Dark-Not Lighted
2024-05-16T16:30:00.000,I 20,I 20 and Mcdaniel St,,Rear End,3,Clear,Dry,Daylight
2024-06-07T18:00:00.000,I 20,I 20 and Mcdaniel St,,Sideswipe-Same Direction,2,Clear,Dry,Daylight
2024-11-15T06:30:00.000,I 20,I 20 and Mcdaniel St,,Sideswipe-Same Direction,2,Clear,Dry,Daylight
2024-05-23T08:18:00.000,I 20,I 20 and Mcdaniel St,,Sideswipe-Same Direction,2,Clear,Dry,Daylight
2024-07-12T22:29:00.000,I 20,I 20 and Mcdaniel St,,Sideswipe-Same Direction,3,Clear,Dry,Dark-Not Lighted
2024-08-12T18:40:00.000,I 20,I 20 and Mcdaniel St,,Rear End,2,Clear,Dry,Daylight
2024-12-20T22:55:00.000,I 20,I 20 and Mcdaniel St,,Not a Collision with Motor Vehicle,1,Clear,Dry,Dark-Lighted
2024-04-29T18:22:00.000,I 20,I 20 and Mcdaniel St,,Sideswipe-Same Direction,2,Cloudy,Dry,Daylight
2024-10-04T14:00:00.000,I 20,I 20 and Mcdaniel St,,Sideswipe-Same Direction,2,Clear,Dry,Daylight
2024-06-04T10:00:00.000,I 20,I 20 and Mcdaniel St,,Sideswipe-Same Direction,3,Clear,Dry,Daylight
2024-10-28T14:00:00.000,I 20,I 20 and Mcdaniel Mill Rd,,Sideswipe-Same Direction,2,Clear,Dry,Daylight
2020-03-13T09:30:00.000,I 20,I 20 and Mcdaniel,,Angle Crash,1,Clear,Dry,Daylight
2020-02-18T18:55:00.000,I 20,I 20 and Mcdaniel,,Rear End,3,Rain,Wet,Dark-Lighted
2021-04-01T13:11:00.000,I 20,I 20 and Mcdaniel,,Sideswipe-Same Direction,2,Clear,Dry,Daylight
2021-12-17T19:15:00.000,I 20,I 20 and Mcdanial St,,Rear End,2,Clear,Dry,Daylight
2022-07-14T09:25:00.000,I 20,I 20 and Maynerd Ter,,Sideswipe-Same Direction,2,Cloudy,Dry,Daylight
2022-02-10T08:30:00.000,I 20,I 20 and Maynerd Ter,,Rear End,2,Clear,Dry,Daylight
2021-04-02T18:45:00.000,I 20,I 20 and Maynard Terrance,,Not a Collision with Motor Vehicle,1,Clear,Dry,Daylight
2020-03-11T09:15:00.000,I 20,I 20 and Maynard Terrance,,Rear End,2,Cloudy,Dry,Daylight
2020-02-20T09:40:00.000,I 20,I 20 and Maynard Terrance,,Rear End,2,Rain,Wet,Daylight
2020-03-03T12:45:00.000,I 20,I 20 and Maynard Terrance,,Sideswipe-Same Direction,2,Cloudy,Wet,Daylight
2020-02-06T17:25:00.000,I 20,I 20 and Maynard Terrance,,Not a Collision with Motor Vehicle,1,Rain,Wet,Daylight
2023-10-10T15:52:00.000,I 20,I 20 and Maynard Terrance,,Rear End,3,Clear,Dry,Daylight
2020-03-20T00:00:00.000,I 20,I 20 and Maynard Terrace Opas,,Sideswipe-Same Direction,2,Clear,Dry,Daylight
2020-02-11T09:15:00.000,I 20,I 20 and Maynard Terrace Opas,,Rear End,2,Rain,Wet,Daylight
2020-12-24T11:30:00.000,I 20,I 20 and Maynard Terr,,Sideswipe-Same Direction,2,Rain,Wet,Daylight
2020-07-17T21:59:00.000,I 20,I 20 and Maynard Terr,,Rear End,2,Clear,Dry,Dark-Lighted
2024-11-21T12:50:00.000,I 20,I 20 and Maynard Terr,,Rear End,2,Clear,Dry,Daylight
2024-04-30T17:22:00.000,I 20,I 20 and Maynard Terr,,Rear End,2,Clear,Dry,Daylight
2024-10-11T11:47:00.000,I 20,I 20 and Maynard Terr,,Rear End,2,Clear,Dry,Daylight
2024-11-12T08:26:00.000,I 20,I 20 and Maynard Terr,,Rear End,2,Clear,Dry,Daylight
2021-04-23T19:00:00.000,I 20,I 20 and Maynard Ter,,Sideswipe-Same Direction,2,Clear,Dry,Daylight
2021-06-22T11:30:00.000,I 20,I 20 and Maynard Ter,,Sideswipe-Same Direction,2,Cloudy,Wet,Daylight
2021-09-09T09:00:00.000,I 20,I 20 and Maynard Ter,,Rear End,3,Clear,Dry,Daylight
2021-02-27T15:48:00.000,I 20,I 20 and Maynard Ter,,Sideswipe-Same Direction,3,Clear,Dry,Daylight
2021-01-19T01:53:00.000,I 20,I 20 and Maynard Ter,,Head On,1,Clear,Dry,Daylight
2021-01-02T00:57:00.000,I 20,I 20 and Maynard Ter,,Angle Crash,4,Cloudy,Wet,Dark-Lighted
2021-05-26T09:45:00.000,I 20,I 20 and Maynard Ter,,Rear End,2,Clear,Dry,Daylight
2021-12-28T10:57:00.000,I 20,I 20 and Maynard Ter,,Sideswipe-Same Direction,2,Cloudy,Dry,Daylight
2021-05-26T09:20:00.000,I 20,I 20 and Maynard Ter,,Rear End,2,Clear,Dry,Daylight
2021-09-08T08:12:00.000,I 20,I 20 and Maynard Ter,,Rear End,2,Clear,Dry,Daylight
2021-02-11T11:16:00.000,I 20,I 20 and Maynard Ter,,Rear End,2,Rain,Wet,Daylight
2023-03-14T10:20:00.000,I 20,I 20 and Maynard Ter,,Rear End,2,Clear,Dry,Daylight
2023-03-21T14:30:00.000,I 20,I 20 and Maynard Ter,,Not a Collision with Motor Vehicle,1,Clear,Dry,Daylight
2023-08-18T16:30:00.000,I 20,I 20 and Maynard Ter,,Sideswipe-Same Direction,2,Clear,Dry,Daylight
2023-09-12T08:34:00.000,I 20,I 20 and Maynard Ter,,Rear End,2,Cloudy,Dry,Daylight
2023-09-29T07:50:00.000,I 20,I 20 and Maynard Ter,,Sideswipe-Same Direction,2,Clear,Dry,Daylight
2023-08-11T13:09:00.000,I 20,I 20 and Maynard Ter,,Sideswipe-Same Direction,2,Clear,Dry,Daylight
2023-11-21T11:59:00.000,I 20,I 20 and Maynard Ter,,Not a Collision with Motor Vehicle,1,Rain,Wet,Daylight
2023-03-28T09:33:00.000,I 20,I 20 and Maynard Ter,,Rear End,2,Clear,Dry,Daylight
2022-11-13T01:56:00.000,I 20,I 20 and Maynard Ter,,Head On,2,Cloudy,Dry,Dark-Lighted
2022-02-08T17:44:00.000,I 20,I 20 and Maynard Ter,,Rear End,2,Clear,Dry,Daylight
2020-05-18T12:40:00.000,I 20,I 20 and Maynard Ter,,Not a Collision with Motor Vehicle,1,Rain,Wet,Daylight
2020-12-24T13:51:00.000,I 20,I 20 and Maynard Ter,,Sideswipe-Same Direction,2,Rain,Wet,Daylight
2020-10-25T00:10:00.000,I 20,I 20 and Maynard Ter,,Not a Collision with Motor Vehicle,1,Rain,Wet,Dark-Lighted
2020-03-04T23:54:00.000,I 20,I 20 and Maynard Ter,,Not a Collision with Motor Vehicle,1,Rain,Wet,Dark-Lighted
2020-11-19T15:15:00.000,I 20,I 20 and Maynard Ter,,Rear End,2,Clear,Dry,Daylight
2020-03-11T00:01:00.000,I 20,I 20 and Maynard Ter,,Angle Crash,2,Clear,Dry,Dark-Lighted
2020-05-20T04:02:00.000,I 20,I 20 and Maynard Ter,,Not a Collision with Motor Vehicle,1,Rain,Dry,Dark-Lighted
2020-08-17T11:55:00.000,I 20,I 20 and Maynard Ter,,Sideswipe-Same Direction,3,Clear,Dry,Daylight
2020-09-17T04:57:00.000,I 20,I 20 and Maynard Ter,,Not a Collision with Motor Vehicle,1,Rain,Wet,Dark-Lighted
2020-10-29T05:54:00.000,I 20,I 20 and Maynard Ter,,Head On,5,Rain,Wet,Dark-Lighted
2020-10-02T17:45:00.000,I 20,I 20 and Maynard Ter,,Rear End,2,Clear,Dry,Daylight
2020-02-28T18:40:00.000,I 20,I 20 and Maynard Ter,,Not a Collision with Motor Vehicle,1,Cloudy,Dry,Dark-Not Lighted
2020-03-06T09:31:00.000,I 20,I 20 and Maynard Ter,,Not a Collision with Motor Vehicle,1,Clear,Dry,Daylight
2020-10-10T22:27:00.000,I 20,I 20 and Maynard Ter,,Rear End,2,Rain,Wet,Dark-Lighted
2020-01-28T08:42:00.000,I 20,I 20 and Maynard Ter,,Rear End,3,Clear,Dry,Daylight
2020-04-23T09:15:00.000,I 20,I 20 and Maynard Ter,,Not a Collision with Motor Vehicle,1,Rain,Wet,Daylight
2020-10-18T04:15:00.000,I 20,I 20 and Maynard Ter,,Not a Collision with Motor Vehicle,2,Clear,Dry,Dark-Lighted
2020-08-09T21:52:00.000,I 20,I 20 and Maynard Ter,,Sideswipe-Same Direction,2,Rain,Wet,Dark-Lighted
2020-03-04T00:26:00.000,I 20,I 20 and Maynard Ter,,Angle Crash,2,Rain,Wet,Dark-Lighted
2020-12-02T11:29:00.000,I 20,I 20 and Maynard Ter,,Angle Crash,2,Clear,Dry,Daylight
2020-08-15T19:46:00.000,I 20,I 20 and Maynard Ter,,Angle Crash,2,Cloudy,Wet,Daylight
2020-08-30T15:00:00.000,I 20,I 20 and Maynard Ter,,Sideswipe-Same Direction,2,Clear,Dry,Daylight
2020-11-11T05:05:00.000,I 20,I 20 and Maynard Ter,,Not a Collision with Motor Vehicle,1,Rain,Water (standing or moving),Dark-Lighted
2020-11-26T03:17:00.000,I 20,I 20 and Maynard Ter,,Rear End,2,Rain,Wet,Dark-Lighted
2020-03-10T13:33:00.000,I 20,I 20 and Maynard Ter,,Rear End,2,Cloudy,Dry,Daylight
2020-08-09T21:22:00.000,I 20,I 20 and Maynard Ter,,Rear End,2,Rain,Wet,Dark-Lighted
2020-11-02T19:36:00.000,I 20,I 20 and Maynard Ter,,Angle Crash,2,Clear,Dry,Dark-Lighted
2020-10-06T22:06:00.000,I 20,I 20 and Maynard Ter,,Rear End,2,Clear,Dry,Dark-Lighted
2020-08-30T14:33:00.000,I 20,I 20 and Maynard Ter,,Sideswipe-Same Direction,2,Cloudy,Dry,Daylight
2020-08-25T09:16:00.000,I 20,I 20 and Maynard Ter,,Sideswipe-Same Direction,2,Rain,Wet,Daylight
2020-10-22T19:09:00.000,I 20,I 20 and Maynard Ter,,Sideswipe-Same Direction,2,Clear,Dry,Daylight
2021-05-20T13:34:00.000,I 20,I 20 and Maynard Ter,,Not a Collision with Motor Vehicle,3,Clear,Dry,Daylight
2021-04-12T15:10:00.000,I 20,I 20 and Maynard Ter,,Not a Collision with Motor Vehicle,1,Clear,Dry,Daylight
2021-02-03T17:10:00.000,I 20,I 20 and Maynard Ter,,Sideswipe-Same Direction,2,Clear,Dry,Daylight
2021-05-03T16:32:00.000,I 20,I 20 and Maynard Ter,,Not a Collision with Motor Vehicle,1,Cloudy,Wet,Daylight
2021-01-09T12:53:00.000,I 20,I 20 and Maynard Ter,,Sideswipe-Same Direction,2,Clear,Dry,Daylight
2021-02-21T04:51:00.000,I 20,I 20 and Maynard Ter,,Not a Collision with Motor Vehicle,1,Clear,Dry,Dark-Lighted
2021-09-13T16:10:00.000,I 20,I 20 and Maynard Ter,,Sideswipe-Same Direction,3,Clear,Dry,Daylight
2021-08-03T10:58:00.000,I 20,I 20 and Maynard Ter,,Rear End,2,Cloudy,Dry,Daylight
2021-10-14T15:00:00.000,I 20,I 20 and Maynard Ter,,Rear End,2,Clear,Dry,Daylight
2022-02-11T12:54:00.000,I 20,I 20 and Maynard Ter,,Sideswipe-Same Direction,2,Clear,Dry,Daylight
2021-11-19T15:47:00.000,I 20,I 20 and Maynard Ter,,Sideswipe-Same Direction,2,Clear,Dry,Daylight
2021-09-03T17:30:00.000,I 20,I 20 and Maynard Ter,,Rear End,2,Clear,Dry,Daylight
2022-04-01T17:25:00.000,I 20,I 20 and Maynard Ter,,Rear End,2,Clear,Dry,Daylight