Date and Time,Roadway (From Crash Report),Intersection Name (from Crash Report),KABCO Severity,Manner of Collision (Crash Level) ,# of Vehicles per crash ,Weather Conditions (Crash Level),Surface Condition (Crash Level) ,Light Conditions (Crash Level)
2022-02-19T16:30:00.000,I 20,I 20 and Maynard Ter,,Rear End,2,Clear,Dry,Daylight
2022-03-09T12:33:00.000,I 20,I 20 and Maynard Ter,,Sideswipe-Same Direction,2,Cloudy,Dry,Daylight
2021-09-13T17:40:00.000,I 20,I 20 and Maynard Ter,,Sideswipe-Same Direction,2,Clear,Dry,Daylight
2022-11-13T02:15:00.000,I 20,I 20 and Maynard Ter,,Rear End,2,Cloudy,Dry,Dark-Lighted
2022-08-25T13:28:00.000,I 20,I 20 and Maynard Ter,,Not a Collision with Motor Vehicle,1,Rain,Wet,Daylight
2022-09-20T07:20:00.000,I 20,I 20 and Maynard Ter,,Rear End,2,Clear,Dry,Daylight
2022-03-07T18:11:00.000,I 20,I 20 and Maynard Ter,,Rear End,2,Rain,Wet,Daylight
2022-12-23T20:07:00.000,I 20,I 20 and Maynard Ter,,Sideswipe-Same Direction,2,Clear,Dry,Dark-Lighted
2022-10-21T08:50:00.000,I 20,I 20 and Maynard Ter,,Angle Crash,2,Clear,Dry,Daylight
2022-11-08T07:55:00.000,I 20,I 20 and Maynard Ter,,Rear End,3,Cloudy,Dry,Daylight
2022-03-25T14:37:00.000,I 20,I 20 and Maynard Ter,,Angle Crash,2,Clear,Dry,Daylight
2022-08-22T14:59:00.000,I 20,I 20 and Maynard Ter,,Not a Collision with Motor Vehicle,1,Rain,Wet,Daylight
2022-10-07T18:30:00.000,I 20,I 20 and Maynard Ter,,Rear End,2,Clear,Dry,Daylight
2022-11-21T17:00:00.000,I 20,I 20 and Maynard Ter,,Sideswipe-Same Direction,2,Clear,Dry,Daylight
2022-08-26T17:40:00.000,I 20,I 20 and Maynard Ter,,Rear End,2,Clear,Dry,Daylight
2022-10-13T07:59:00.000,I 20,I 20 and Maynard Ter,,Not a Collision with Motor Vehicle,1,Rain,Wet,Dawn
2024-08-09T12:41:00.000,I 20,I 20 and Maynard Ter,,Not a Collision with Motor Vehicle,1,Clear,Dry,Daylight
2024-01-04T08:06:00.000,I 20,I 20 and Maynard Ter,,Rear End,2,Clear,Dry,Daylight
2023-12-14T18:15:00.000,I 20,I 20 and Maynard Ter,,Rear End,3,Clear,Dry,Dark-Not Lighted
2023-02-14T19:30:00.000,I 20,I 20 and Maynard Ter,,Sideswipe-Same Direction,2,Clear,Dry,Dark-Lighted
2023-08-25T11:28:00.000,I 20,I 20 and Maynard Ter,,Rear End,1,Clear,Dry,Daylight
2024-11-14T07:32:00.000,I 20,I 20 and Maynard Ter,,Sideswipe-Same Direction,2,Clear,Dry,Daylight
2024-07-25T17:26:00.000,I 20,I 20 and Maynard Ter,,Rear End,2,Rain,Wet,Daylight
2024-05-03T12:20:00.000,I 20,I 20 and Maynard Ter,,Not a Collision with Motor Vehicle,2,Clear,Dry,Daylight
2024-12-12T16:55:00.000,I 20,I 20 and Maynard Ter,,Sideswipe-Same Direction,2,Clear,Dry,Dusk
2024-05-31T18:11:00.000,I 20,I 20 and Maynard Ter,,Rear End,2,Clear,Dry,Daylight
2024-09-06T17:40:00.000,I 20,I 20 and Maynard Ter,,Rear End,2,Rain,Wet,Daylight
2024-01-09T15:00:00.000,I 20,I 20 and Maynard Ter,,Not a Collision with Motor Vehicle,1,Rain,Wet,Daylight
2024-01-08T09:15:00.000,I 20,I 20 and Maynard Ter,,Rear End,2,Cloudy,Dry,Daylight
2024-08-13T05:50:00.000,I 20,I 20 and Maynard Ter,,Rear End,2,Cloudy,Wet,Dark-Not Lighted
2024-10-11T11:40:00.000,I 20,I 20 and Maynard Ter,,Rear End,2,Clear,Dry,Daylight
2024-04-05T13:30:00.000,I 20,I 20 and Maynard Ter,,Sideswipe-Same Direction,2,Clear,Dry,Daylight
2024-06-27T16:21:00.000,I 20,I 20 and Maynard Ter,,Not a Collision with Motor Vehicle,1,Rain,Wet,Daylight
2024-11-07T19:15:00.000,I 20,I 20 and Maynard Ter,,Sideswipe-Same Direction,2,Clear,Dry,Dark-Lighted
2024-02-24T19:23:00.000,I 20,I 20 and Maynard Ter,,Rear End,2,Clear,Dry,Dark-Lighted
2023-04-21T08:51:00.000,I 20,I 20 and Marting Luther King Jr Dr,,Rear End,2,Clear,Dry,Daylight
2023-05-11T06:05:00.000,I 20,I 20 and Marting Luther King Dr,,Angle Crash,3,Clear,Dry,Daylight
2021-08-06T17:20:00.000,I 20,I 20 and Martin Luther Kink,,Sideswipe-Same Direction,3,Clear,Dry,Daylight
2021-11-08T15:10:00.000,I 20,I 20 and Martin Luther King Junior Driv,,Sideswipe-Same Direction,2,Clear,Dry,Daylight
2021-10-08T17:25:00.000,I 20,I 20 and Martin Luther King Junior Driv,,Not a Collision with Motor Vehicle,1,Clear,Dry,Daylight
2020-11-27T12:33:00.000,I 20,I 20 and Martin Luther King Junior Driv,,Sideswipe-Same Direction,2,Clear,Dry,Daylight
2020-10-29T08:00:00.000,I 20,I 20 and Martin Luther King Junior Driv,,Sideswipe-Same Direction,3,Cloudy,Wet,Daylight
2020-08-14T17:23:00.000,I 20,I 20 and Martin Luther King Junior Driv,,Rear End,2,Cloudy,Wet,Daylight
2020-10-27T16:12:00.000,I 20,I 20 and Martin Luther King Junior Driv,,Sideswipe-Same Direction,2,Cloudy,Dry,Daylight
2020-08-24T06:30:00.000,I 20,I 20 and Martin Luther King Junior Driv,,Sideswipe-Same Direction,2,Rain,Wet,Dawn
2020-05-27T10:58:00.000,I 20,I 20 and Martin Luther King Junior Driv,,Rear End,2,Rain,Wet,Daylight
2021-10-28T16:24:00.000,I 20,I 20 and Martin Luther King Junior Driv,,Rear End,2,Cloudy,Wet,Daylight
2021-12-29T10:12:00.000,I 20,I 20 and Martin Luther King Junior Driv,,Not a Collision with Motor Vehicle,1,Rain,Wet,Daylight
2022-04-05T15:00:00.000,I 20,I 20 and Martin Luther King Junior Driv,,Not a Collision with Motor Vehicle,1,Rain,Wet,Daylight
2022-06-14T09:23:00.000,I 20,I 20 and Martin Luther King Junior Driv,,Sideswipe-Same Direction,2,Clear,Dry,Daylight
2021-10-27T17:42:00.000,I 20,I 20 and Martin Luther King Junior Driv,,Sideswipe-Same Direction,3,Clear,Dry,Daylight
2022-08-05T18:40:00.000,I 20,I 20 and Martin Luther King Junior Driv,,Rear End,2,Cloudy,Wet,Daylight
2022-03-08T17:18:00.000,I 20,I 20 and Martin Luther King Junior Driv,,Sideswipe-Same Direction,3,Rain,Wet,Daylight
2022-09-13T06:58:00.000,I 20,I 20 and Martin Luther King Jr. Dr.,,Sideswipe-Same Direction,2,Clear,Dry,Daylight
2022-09-09T14:43:00.000,I 20,I 20 and Martin Luther King Jr. Dr.,,Sideswipe-Same Direction,2,Cloudy,Dry,Daylight
2022-05-10T18:32:00.000,I 20,I 20 and Martin Luther King Jr. Dr,,Head On,2,Clear,Dry,Daylight
2021-10-19T18:40:00.000,I 20,I 20 and Martin Luther King Jr. Dr,,Rear End,2,Clear,Dry,Daylight
2022-10-27T07:42:00.000,I 20,I 20 and Martin Luther King Jr. Dr,,Rear End,2,Clear,Dry,Daylight
2022-10-18T17:56:00.000,I 20,I 20 and Martin Luther King Jr. Dr,,Sideswipe-Same Direction,3,Clear,Dry,Daylight
2023-07-05T17:00:00.000,I 20,I 20 and Martin Luther King Jr. Dr,,Rear End,2,Clear,Dry,Daylight
2024-10-07T16:28:00.000,I 20,I 20 and Martin Luther King Jr. Dr,,Sideswipe-Same Direction,2,Clear,Dry,Daylight
2024-04-18T06:18:00.000,I 20,I 20 and Martin Luther King Jr Rd,,Rear End,2,Clear,Wet,Dark-Not Lighted
2023-02-06T18:23:00.000,I 20,I 20 and Martin Luther King Jr Opas,,Sideswipe-Same Direction,2,Clear,Dry,Dark-Not Lighted
2022-09-19T11:38:00.000,I 20,I 20 and Martin Luther King Jr Exit Ram,,Sideswipe-Same Direction,2,Clear,Dry,Daylight
2021-10-28T07:25:00.000,I 20,I 20 and Martin Luther King Jr Drive Un,,Sideswipe-Same Direction,3,Rain,Wet,Dark-Not Lighted
2020-02-11T06:30:00.000,I 20,I 20 and Martin Luther King Jr Drive Un,,Rear End,2,Cloudy,Wet,Daylight
2022-09-13T07:00:00.000,I 20,I 20 and Martin Luther King Jr Drive Un,,Sideswipe-Same Direction,2,Clear,Dry,Daylight
2022-04-05T09:18:00.000,I 20,I 20 and Martin Luther King Jr Drive Un,,Rear End,2,Cloudy,Wet,Daylight
2022-09-09T14:00:00.000,I 20,I 20 and Martin Luther King Jr Drive Un,,Angle Crash,2,Clear,Dry,Daylight
2021-06-14T18:40:00.000,I 20,I 20 and Martin Luther King Jr Dr,,Sideswipe-Same Direction,2,Clear,Dry,Daylight
2021-06-11T17:49:00.000,I 20,I 20 and Martin Luther King Jr Dr,,Sideswipe-Same Direction,2,Clear,Dry,Daylight
2021-08-31T12:39:00.000,I 20,I 20 and Martin Luther King Jr Dr,,Sideswipe-Same Direction,2,Rain,Wet,Daylight
2021-07-19T00:00:00.000,I 20,I 20 and Martin Luther King Jr Dr,,Angle Crash,2,Rain,Wet,Daylight
2021-08-13T18:25:00.000,I 20,I 20 and Martin Luther King Jr Dr,,Rear End,2,Clear,Dry,Daylight
2021-02-01T16:40:00.000,I 20,I 20 and Martin Luther King Jr Dr,,Not a Collision with Motor Vehicle,1,Clear,Dry,Daylight
2021-02-22T08:48:00.000,I 20,I 20 and Martin Luther King Jr Dr,,Sideswipe-Same Direction,2,Cloudy,Wet,Daylight
2021-03-17T16:00:00.000,I 20,I 20 and Martin Luther King Jr Dr,,Angle Crash,2,Rain,Wet,Daylight
2021-03-31T15:01:00.000,I 20,I 20 and Martin Luther King Jr Dr,,Sideswipe-Same Direction,2,Rain,Wet,Daylight
2021-01-22T07:55:00.000,I 20,I 20 and Martin Luther King Jr Dr,,Not a Collision with Motor Vehicle,1,Rain,Wet,Daylight
2021-03-01T06:30:00.000,I 20,I 20 and Martin Luther King Jr Dr,,Sideswipe-Same Direction,2,Rain,Wet,Dark-Lighted
2021-08-16T06:46:00.000,I 20,I 20 and Martin Luther King Jr Dr,,Sideswipe-Same Direction,2,Cloudy,Dry,Daylight
2021-11-04T12:29:00.000,I 20,I 20 and Martin Luther King Jr Dr,,Sideswipe-Same Direction,2,Rain,Wet,Daylight
2021-09-29T17:37:00.000,I 20,I 20 and Martin Luther King Jr Dr,,Sideswipe-Same Direction,2,Clear,Dry,Daylight
2021-08-25T17:58:00.000,I 20,I 20 and Martin Luther King Jr Dr,,Rear End,2,Clear,Dry,Daylight
2021-09-09T16:27:00.000,I 20,I 20 and Martin Luther King Jr Dr,,Rear End,2,Cloudy,Dry,Daylight
2021-11-04T13:44:00.000,I 20,I 20 and Martin Luther King Jr Dr,,Angle Crash,2,Rain,Wet,Daylight
2021-09-20T17:00:00.000,I 20,I 20 and Martin Luther King Jr Dr,,Rear End,2,Cloudy,Wet,Daylight
2021-06-10T17:48:00.000,I 20,I 20 and Martin Luther King Jr Dr,,Not a Collision with Motor Vehicle,1,Clear,Dry,Daylight
2021-06-05T23:59:00.000,I 20,I 20 and Martin Luther King Jr Dr,,Sideswipe-Same Direction,2,Cloudy,Wet,Dark-Lighted
2021-02-11T10:04:00.000,I 20,I 20 and Martin Luther King Jr Dr,,Rear End,2,Rain,Wet,Daylight
2021-01-22T08:05:00.000,I 20,I 20 and Martin Luther King Jr Dr,,Rear End,3,Rain,Wet,Daylight
2021-05-21T16:40:00.000,I 20,I 20 and Martin Luther King Jr Dr,,Rear End,2,Clear,Dry,Daylight
2021-11-22T15:20:00.000,I 20,I 20 and Martin Luther King Jr Dr,,Sideswipe-Same Direction,2,Clear,Dry,Daylight
2021-10-26T08:23:00.000,I 20,I 20 and Martin Luther King Jr Dr,,Rear End,2,Clear,Dry,Daylight
2021-04-06T09:57:00.000,I 20,I 20 and Martin Luther King Jr Dr,,Sideswipe-Same Direction,2,Clear,Dry,Daylight
2020-09-23T10:25:00.000,I 20,I 20 and Martin Luther King Jr Dr,,Sideswipe-Same Direction,2,Clear,Dry,Daylight
2020-08-07T14:25:00.000,I 20,I 20 and Martin Luther King Jr Dr,,Not a Collision with Motor Vehicle,2,Clear,Dry,Daylight
2023-02-10T13:28:00.000,I 20,I 20 and Martin Luther King Jr Dr,,Rear End,2,Cloudy,Dry,Daylight
2023-02-10T12:49:00.000,I 20,I 20 and Martin Luther King Jr Dr,,Sideswipe-Same Direction,2,Cloudy,Dry,Daylight
2023-11-24T13:00:00.000,I 20,I 20 and Martin Luther King Jr Dr,,Sideswipe-Same Direction,4,Clear,Dry,Daylight
2023-03-23T16:14:00.000,I 20,I 20 and Martin Luther King Jr Dr,,Rear End,2,Clear,Dry,Daylight
2023-01-17T16:57:00.000,I 20,I 20 and Martin Luther King Jr Dr,,Rear End,2,Clear,Dry,Daylight
2023-05-26T19:43:00.000,I 20,I 20 and Martin Luther King Jr Dr,,Sideswipe-Same Direction,2,Clear,Dry,Daylight
2023-06-30T12:02:00.000,I 20,I 20 and Martin Luther King Jr Dr,,Not a Collision with Motor Vehicle,1,Clear,Dry,Daylight
2023-09-29T14:59:00.000,I 20,I 20 and Martin Luther King Jr Dr,,Rear End,2,Clear,Dry,Daylight
2023-11-09T17:50:00.000,I 20,I 20 and Martin Luther King Jr Dr,,Rear End,2,Clear,Dry,Daylight
2023-06-23T14:25:00.000,I 20,I 20 and Martin Luther King Jr Dr,,Rear End,3,Cloudy,Dry,Daylight
2023-06-15T07:55:00.000,I 20,I 20 and Martin Luther King Jr Dr,,Sideswipe-Same Direction,2,Cloudy,Dry,Daylight
2023-06-20T17:40:00.000,I 20,I 20 and Martin Luther King Jr Dr,,Sideswipe-Same Direction,2,Cloudy,Wet,Daylight
2023-12-04T17:36:00.000,I 20,I 20 and Martin Luther King Jr Dr,,Rear End,2,Clear,Dry,Dawn
2022-12-13T18:01:00.000,I 20,I 20 and Martin Luther King Jr Dr,,Rear End,4,Clear,Dry,Dark-Lighted
2022-05-12T09:08:00.000,I 20,I 20 and Martin Luther King Jr Dr,,Sideswipe-Same Direction,2,Clear,Dry,Daylight
2020-10-02T13:20:00.000,I 20,I 20 and Martin Luther King Jr Dr,,Sideswipe-Same Direction,2,Clear,Dry,Daylight
2020-10-06T14:23:00.000,I 20,I 20 and Martin Luther King Jr Dr,,Sideswipe-Same Direction,2,Clear,Dry,Daylight
2020-01-28T07:05:00.000,I 20,I 20 and Martin Luther King Jr Dr,,Sideswipe-Same Direction,2,Clear,Dry,Dawn
2020-07-23T12:00:00.000,I 20,I 20 and Martin Luther King Jr Dr,,Rear End,2,Clear,Dry,Daylight
2020-11-24T10:19:00.000,I 20,I 20 and Martin Luther King Jr Dr,,Rear End,3,Clear,Dry,Daylight
2020-12-30T06:15:00.000,I 20,I 20 and Martin Luther King Jr Dr,,Sideswipe-Same Direction,2,Clear,Dry,Dark-Lighted
2020-03-11T18:00:00.000,I 20,I 20 and Martin Luther King Jr Dr,,Rear End,3,Clear,Wet,Daylight
2020-02-11T19:04:00.000,I 20,I 20 and Martin Luther King Jr Dr,,Not a Collision with Motor Vehicle,1,Rain,Wet,Dark-Not Lighted
2020-10-01T07:56:00.000,I 20,I 20 and Martin Luther King Jr Dr,,Sideswipe-Same Direction,2,Clear,Dry,Daylight
2020-03-13T11:50:00.000,I 20,I 20 and Martin Luther King Jr Dr,,Rear End,2,Cloudy,Dry,Daylight
2020-05-18T18:54:00.000,I 20,I 20 and Martin Luther King Jr Dr,,Not a Collision with Motor Vehicle,1,Cloudy,Dry,Daylight
2020-03-13T10:58:00.000,I 20,I 20 and Martin Luther King Jr Dr,,Sideswipe-Same Direction,2,Cloudy,Wet,Daylight
2020-11-23T08:30:00.000,I 20,I 20 and Martin Luther King Jr Dr,,Not a Collision with Motor Vehicle,1,Clear,Dry,Daylight
2020-11-25T08:55:00.000,I 20,I 20 and Martin Luther King Jr Dr,,Rear End,3,Cloudy,Dry,Daylight
2020-08-25T10:25:00.000,I 20,I 20 and Martin Luther King Jr Dr,,Sideswipe-Same Direction,2,Rain,Wet,Daylight
2020-07-30T16:25:00.000,I 20,I 20 and Martin Luther King Jr Dr,,Rear End,4,Cloudy,Dry,Daylight
2020-01-13T18:45:00.000,I 20,I 20 and Martin Luther King Jr Dr,,Not a Collision with Motor Vehicle,3,Rain,Wet,Dark-Not Lighted
2020-08-24T18:58:00.000,I 20,I 20 and Martin Luther King Jr Dr,,Rear End,3,Rain,Wet,Daylight
2020-08-18T16:27:00.000,I 20,I 20 and Martin Luther King Jr Dr,,Not a Collision with Motor Vehicle,3,Clear,Dry,Daylight
2020-05-26T08:40:00.000,I 20,I 20 and Martin Luther King Jr Dr,,Sideswipe-Same Direction,2,Cloudy,Dry,Daylight
2020-06-05T18:00:00.000,I 20,I 20 and Martin Luther King Jr Dr,,Not a Collision with Motor Vehicle,1,Cloudy,Wet,Daylight
2020-11-05T06:25:00.000,I 20,I 20 and Martin Luther King Jr Dr,,Not a Collision with Motor Vehicle,1,Clear,Dry,Dawn
2020-07-06T14:40:00.000,I 20,I 20 and Martin Luther King Jr Dr,,Rear End,2,Clear,Dry,Daylight
2020-02-11T06:25:00.000,I 20,I 20 and Martin Luther King Jr Dr,,Rear End,4,Rain,Wet,Dark-Lighted
2020-05-11T13:43:00.000,I 20,I 20 and Martin Luther King Jr Dr,,Sideswipe-Same Direction,2,Clear,Dry,Daylight
2020-03-03T12:35:00.000,I 20,I 20 and Martin Luther King Jr Dr,,Rear End,3,Clear,Wet,Daylight
2020-01-08T08:40:00.000,I 20,I 20 and Martin Luther King Jr Dr,,Rear End,2,Clear,Dry,Daylight
2020-07-28T12:45:00.000,I 20,I 20 and Martin Luther King Jr Dr,,Sideswipe-Same Direction,2,Cloudy,Dry,Daylight
2020-02-25T08:00:00.000,I 20,I 20 and Martin Luther King Jr Dr,,Rear End,3,Fog,Wet,Daylight
2020-06-10T19:12:00.000,I 20,I 20 and Martin Luther King Jr Dr,,Rear End,3,Clear,Wet,Daylight
2020-08-12T18:19:00.000,I 20,I 20 and Martin Luther King Jr Dr,,Sideswipe-Same Direction,2,Clear,Dry,Daylight
2020-11-06T12:52:00.000,I 20,I 20 and Martin Luther King Jr Dr,,Sideswipe-Same Direction,2,Clear,Dry,Daylight
2020-07-20T05:40:00.000,I 20,I 20 and Martin Luther King Jr Dr,,Sideswipe-Same Direction,2,Clear,Dry,Dark-Lighted
2020-07-23T11:05:00.000,I 20,I 20 and Martin Luther King Jr Dr,,Rear End,2,Clear,Dry,Daylight
2021-04-16T08:46:00.000,I 20,I 20 and Martin Luther King Jr Dr,,Not a Collision with Motor Vehicle,1,Clear,Dry,Daylight
2021-03-01T06:15:00.000,I 20,I 20 and Martin Luther King Jr Dr,,Rear End,2,Rain,Wet,Dark-Lighted
2021-01-01T17:15:00.000,I 20,I 20 and Martin Luther King Jr Dr,,Rear End,2,Cloudy,Wet,Daylight
2021-01-22T07:55:00.000,I 20,I 20 and Martin Luther King Jr Dr,,Rear End,2,Rain,Wet,Daylight
2021-02-24T13:05:00.000,I 20,I 20 and Martin Luther King Jr Dr,,Not a Collision with Motor Vehicle,1,Clear,Dry,Daylight
2021-02-24T12:45:00.000,I 20,I 20 and Martin Luther King Jr Dr,,Sideswipe-Same Direction,2,Clear,Dry,Daylight
2021-06-07T17:00:00.000,I 20,I 20 and Martin Luther King Jr Dr,,Sideswipe-Same Direction,2,Cloudy,Dry,Daylight
2021-02-25T17:55:00.000,I 20,I 20 and Martin Luther King Jr Dr,,Rear End,2,Clear,Dry,Daylight
2021-06-14T13:05:00.000,I 20,I 20 and Martin Luther King Jr Dr,,Sideswipe-Same Direction,2,Clear,Dry,Daylight
2021-06-09T13:40:00.000,I 20,I 20 and Martin Luther King Jr Dr,,Sideswipe-Same Direction,2,Clear,Dry,Daylight
2021-08-24T15:30:00.000,I 20,I 20 and Martin Luther King Jr Dr,,Not a Collision with Motor Vehicle,1,Clear,Dry,Daylight
2021-08-13T17:50:00.000,I 20,I 20 and Martin Luther King Jr Dr,,Rear End,2,Clear,Dry,Daylight
2021-10-11T12:44:00.000,I 20,I 20 and Martin Luther King Jr Dr,,Rear End,3,Clear,Dry,Daylight
2021-07-12T08:54:00.000,I 20,I 20 and Martin Luther King Jr Dr,,Sideswipe-Same Direction,2,Cloudy,Dry,Daylight
2021-07-02T08:22:00.000,I 20,I 20 and Martin Luther King Jr Dr,,Rear End,2,Clear,Wet,Daylight
2021-07-06T13:22:00.000,I 20,I 20 and Martin Luther King Jr Dr,,Sideswipe-Same Direction,2,Clear,Dry,Daylight
2021-08-26T08:12:00.000,I 20,I 20 and Martin Luther King Jr Dr,,Rear End,2,Cloudy,Wet,Daylight
2021-08-24T06:13:00.000,I 20,I 20 and Martin Luther King Jr Dr,,Sideswipe-Same Direction,2,Clear,Dry,Dark-Lighted
2021-11-22T13:12:00.000,I 20,I 20 and Martin Luther King Jr Dr,,Rear End,2,Clear,Dry,Daylight
2021-09-16T16:40:00.000,I 20,I 20 and Martin Luther King Jr Dr,,Rear End,2,Rain,Wet,Daylight
2022-08-22T12:00:00.000,I 20,I 20 and Martin Luther King Jr Dr,,Not a Collision with Motor Vehicle,1,Cloudy,Dry,Daylight
2022-08-16T06:45:00.000,I 20,I 20 and Martin Luther King Jr Dr,,Rear End,2,Clear,Dry,Dark-Lighted
2022-04-05T17:55:00.000,I 20,I 20 and Martin Luther King Jr Dr,,Sideswipe-Same Direction,2,Cloudy,Dry,Daylight
2022-11-08T08:41:00.000,I 20,I 20 and Martin Luther King Jr Dr,,Sideswipe-Same Direction,2,Clear,Dry,Daylight
2021-11-01T10:12:00.000,I 20,I 20 and Martin Luther King Jr Dr,,Rear End,2,Clear,Dry,Daylight
2021-07-14T17:42:00.000,I 20,I 20 and Martin Luther King Jr Dr,,Rear End,2,Cloudy,Dry,Daylight
2021-12-29T15:30:00.000,I 20,I 20 and Martin Luther King Jr Dr,,Sideswipe-Same Direction,2,Clear,Dry,Daylight
2021-09-03T18:27:00.000,I 20,I 20 and Martin Luther King Jr Dr,,Rear End,2,Clear,Dry,Daylight
2022-01-24T11:18:00.000,I 20,I 20 and Martin Luther King Jr Dr,,Rear End,2,Clear,Dry,Daylight
2022-02-17T19:10:00.000,I 20,I 20 and Martin Luther King Jr Dr,,Rear End,2,Clear,Dry,Daylight
2022-02-17T17:18:00.000,I 20,I 20 and Martin Luther King Jr Dr,,Sideswipe-Same Direction,3,Clear,Dry,Daylight
2022-02-01T18:50:00.000,I 20,I 20 and Martin Luther King Jr Dr,,Sideswipe-Same Direction,2,Clear,Dry,Dark-Lighted
2022-07-29T18:30:00.000,I 20,I 20 and Martin Luther King Jr Dr,,Sideswipe-Same Direction,2,Clear,Dry,Daylight
2022-11-21T19:25:00.000,I 20,I 20 and Martin Luther King Jr Dr,,Sideswipe-Same Direction,2,Clear,Dry,Dark-Lighted
2022-04-19T15:40:00.000,I 20,I 20 and Martin Luther King Jr Dr,,Sideswipe-Same Direction,2,Clear,Dry,Daylight
2022-07-12T14:40:00.000,I 20,I 20 and Martin Luther King Jr Dr,,Sideswipe-Same Direction,2,Clear,Dry,Daylight
2022-08-29T16:00:00.000,I 20,I 20 and Martin Luther King Jr Dr,,Rear End,3,Clear,Dry,Daylight
2022-08-30T17:00:00.000,I 20,I 20 and Martin Luther King Jr Dr,,Not a Collision with Motor Vehicle,1,Clear,Wet,Daylight
2022-07-19T16:04:00.000,I 20,I 20 and Martin Luther King Jr Dr,,Not a Collision with Motor Vehicle,1,Clear,Dry,Daylight
2021-12-04T19:24:00.000,I 20,I 20 and Martin Luther King Jr Dr,,Sideswipe-Same Direction,2,Clear,Dry,Dark-Lighted
2022-07-22T18:30:00.000,I 20,I 20 and Martin Luther King Jr Dr,,Sideswipe-Same Direction,2,Clear,Dry,Daylight
2022-03-15T16:26:00.000,I 20,I 20 and Martin Luther King Jr Dr,,Rear End,2,Cloudy,Dry,Daylight
2022-05-02T12:09:00.000,I 20,I 20 and Martin Luther King Jr Dr,,Not a Collision with Motor Vehicle,1,Clear,Dry,Daylight
2022-09-13T11:24:00.000,I 20,I 20 and Martin Luther King Jr Dr,,Sideswipe-Same Direction,2,Cloudy,Dry,Daylight
2022-09-13T08:42:00.000,I 20,I 20 and Martin Luther King Jr Dr,,Rear End,2,Clear,Dry,Daylight
2022-07-29T18:24:00.000,I 20,I 20 and Martin Luther King Jr Dr,,Rear End,2,Clear,Dry,Daylight
2022-08-25T16:31:00.000,I 20,I 20 and Martin Luther King Jr Dr,,Sideswipe-Same Direction,2,Rain,Wet,Daylight
2022-12-13T17:50:00.000,I 20,I 20 and Martin Luther King Jr Dr,,Rear End,2,Clear,Dry,Dark-Lighted
2022-08-11T08:10:00.000,I 20,I 20 and Martin Luther King Jr Dr,,Rear End,2,Clear,Dry,Daylight
2022-06-21T08:55:00.000,I 20,I 20 and Martin Luther King Jr Dr,,Rear End,3,Clear,Dry,Daylight
2022-04-28T08:53:00.000,I 20,I 20 and Martin Luther King Jr Dr,,Rear End,2,Clear,Dry,Daylight
2022-04-22T18:40:00.000,I 20,I 20 and Martin Luther King Jr Dr,,Sideswipe-Same Direction,2,Clear,Dry,Daylight
2022-11-14T16:00:00.000,I 20,I 20 and Martin Luther King Jr Dr,,Sideswipe-Same Direction,2,Cloudy,Dry,Daylight
2022-11-01T10:43:00.000,I 20,I 20 and Martin Luther King Jr Dr,,Sideswipe-Same Direction,2,Clear,Dry,Daylight
2022-11-11T13:09:00.000,I 20,I 20 and Martin Luther King Jr Dr,,Sideswipe-Same Direction,2,Rain,Wet,Daylight
2022-03-11T11:15:00.000,I 20,I 20 and Martin Luther King Jr Dr,,Sideswipe-Same Direction,2,Cloudy,Dry,Daylight
2022-04-28T18:48:00.000,I 20,I 20 and Martin Luther King Jr Dr,,Rear End,4,Clear,Dry,Daylight
2022-05-26T18:30:00.000,I 20,I 20 and Martin Luther King Jr Dr,,Sideswipe-Same Direction,2,Cloudy,Dry,Daylight
2022-02-17T19:00:00.000,I 20,I 20 and Martin Luther King Jr Dr,,Rear End,2,Clear,Dry,Dark-Lighted
2022-02-14T08:00:00.000,I 20,I 20 and Martin Luther King Jr Dr,,Rear End,2,Clear,Dry,Daylight
2022-08-09T16:38:00.000,I 20,I 20 and Martin Luther King Jr Dr,,Sideswipe-Same Direction,3,Cloudy,Dry,Daylight
2022-08-29T16:55:00.000,I 20,I 20 and Martin Luther King Jr Dr,,Rear End,2,Clear,Dry,Daylight