Date and Time,Roadway (From Crash Report),Intersection Name (from Crash Report),KABCO Severity,Manner of Collision (Crash Level) ,# of Vehicles per crash ,Weather Conditions (Crash Level),Surface Condition (Crash Level) ,Light Conditions (Crash Level)
2022-03-10T16:22:00.000,I 20,I 20 and Martin Luther King Jr Dr,,Rear End,2,Clear,Dry,Daylight
2022-05-03T17:21:00.000,I 20,I 20 and Martin Luther King Jr Dr,,Sideswipe-Same Direction,2,Clear,Dry,Daylight
2023-08-22T18:36:00.000,I 20,I 20 and Martin Luther King Jr Dr,,Rear End,2,Clear,Dry,Daylight
2023-05-15T16:58:00.000,I 20,I 20 and Martin Luther King Jr Dr,,Rear End,2,Clear,Dry,Daylight
2024-10-01T09:45:00.000,I 20,I 20 and Martin Luther King Jr Dr,,Sideswipe-Same Direction,2,Clear,Dry,Daylight
2024-11-21T18:40:00.000,I 20,I 20 and Martin Luther King Jr Dr,,Rear End,3,Clear,Dry,Daylight
2024-12-06T08:08:00.000,I 20,I 20 and Martin Luther King Jr Dr,,Rear End,2,Clear,Dry,Daylight
2024-05-02T19:07:00.000,I 20,I 20 and Martin Luther King Jr Dr,,Sideswipe-Same Direction,3,Clear,Dry,Daylight
2023-06-30T12:42:00.000,I 20,I 20 and Martin Luther King Jr Dr,,Not a Collision with Motor Vehicle,1,Clear,Dry,Daylight
2024-02-28T15:50:00.000,I 20,I 20 and Martin Luther King Jr Dr,,Rear End,2,Rain,Dry,Daylight
2023-12-25T14:02:00.000,I 20,I 20 and Martin Luther King Jr Dr,,Rear End,2,Clear,Wet,Daylight
2023-06-09T12:06:00.000,I 20,I 20 and Martin Luther King Jr Dr,,Rear End,2,Clear,Dry,Daylight
2023-07-20T19:20:00.000,I 20,I 20 and Martin Luther King Jr Dr,,Sideswipe-Same Direction,2,Rain,Wet,Daylight
2023-06-22T17:15:00.000,I 20,I 20 and Martin Luther King Jr Dr,,Rear End,2,Clear,Dry,Daylight
2023-06-23T00:00:00.000,I 20,I 20 and Martin Luther King Jr Dr,,Rear End,2,Cloudy,Dry,Daylight
2023-12-25T15:10:00.000,I 20,I 20 and Martin Luther King Jr Dr,,Rear End,2,Rain,Wet,Daylight
2023-06-20T15:35:00.000,I 20,I 20 and Martin Luther King Jr Dr,,Sideswipe-Same Direction,2,Rain,Wet,Daylight
2023-10-03T07:18:00.000,I 20,I 20 and Martin Luther King Jr Dr,,Rear End,2,Clear,Dry,Daylight
2023-07-14T12:39:00.000,I 20,I 20 and Martin Luther King Jr Dr,,Sideswipe-Same Direction,2,Clear,Dry,Daylight
2024-12-17T16:32:00.000,I 20,I 20 and Martin Luther King Jr Dr,,Sideswipe-Same Direction,2,Cloudy,Dry,Daylight
2024-04-26T08:00:00.000,I 20,I 20 and Martin Luther King Jr Dr,,Rear End,2,Cloudy,Dry,Daylight
2024-11-25T16:17:00.000,I 20,I 20 and Martin Luther King Jr Dr,,Sideswipe-Same Direction,2,Clear,Dry,Daylight
2024-12-03T14:48:00.000,I 20,I 20 and Martin Luther King Jr Dr,,Sideswipe-Same Direction,2,Clear,Dry,Daylight
2024-03-19T15:50:00.000,I 20,I 20 and Martin Luther King Jr Dr,,Rear End,2,Clear,Dry,Daylight
2024-11-18T07:50:00.000,I 20,I 20 and Martin Luther King Jr Dr,,Rear End,2,Clear,Dry,Daylight
2024-05-21T14:11:00.000,I 20,I 20 and Martin Luther King Jr Dr,,Rear End,3,Clear,Dry,Daylight
2024-09-03T15:07:00.000,I 20,I 20 and Martin Luther King Jr Dr,,Rear End,2,Clear,Dry,Daylight
2024-05-09T11:53:00.000,I 20,I 20 and Martin Luther King Jr Dr,,Angle Crash,2,Rain,Dry,Daylight
2024-03-21T12:50:00.000,I 20,I 20 and Martin Luther King Jr Dr,,Sideswipe-Same Direction,2,Clear,Dry,Daylight
2024-07-18T17:33:00.000,I 20,I 20 and Martin Luther King Jr Dr,,Sideswipe-Same Direction,2,Cloudy,Wet,Daylight
2024-04-23T07:24:00.000,I 20,I 20 and Martin Luther King Jr Dr,,Rear End,2,Clear,Dry,Daylight
2024-05-09T12:19:00.000,I 20,I 20 and Martin Luther King Jr Dr,,Rear End,2,Rain,Wet,Daylight
2024-12-17T18:37:00.000,I 20,I 20 and Martin Luther King Jr Dr,,Sideswipe-Same Direction,2,Clear,Dry,Daylight
2024-04-26T17:05:00.000,I 20,I 20 and Martin Luther King Jr Dr,,Rear End,3,Clear,Dry,Daylight
2024-10-21T13:12:00.000,I 20,I 20 and Martin Luther King Jr Dr,,Sideswipe-Same Direction,2,Clear,Dry,Daylight
2024-03-26T15:30:00.000,I 20,I 20 and Martin Luther King Jr Dr,,Sideswipe-Same Direction,2,Rain,Wet,Daylight
2024-07-09T16:53:00.000,I 20,I 20 and Martin Luther King Jr Dr,,Rear End,2,Rain,Wet,Daylight
2024-10-17T10:54:00.000,I 20,I 20 and Martin Luther King Jr Dr,,Sideswipe-Same Direction,2,Clear,Dry,Daylight
2024-10-22T23:35:00.000,I 20,I 20 and Martin Luther King Jr Dr,,Not a Collision with Motor Vehicle,1,Clear,Dry,Dark-Not Lighted
2024-05-31T16:34:00.000,I 20,I 20 and Martin Luther King Jr Dr,,Rear End,3,Clear,Dry,Daylight
2024-02-01T17:50:00.000,I 20,I 20 and Martin Luther King Jr Dr,,Not a Collision with Motor Vehicle,2,Clear,Dry,Daylight
2024-04-08T19:31:00.000,I 20,I 20 and Martin Luther King Jr Dr,,Sideswipe-Same Direction,2,Clear,Dry,Daylight
2024-09-03T16:41:00.000,I 20,I 20 and Martin Luther King Jr Dr,,Rear End,2,Clear,Dry,Daylight
2024-06-25T07:47:00.000,I 20,I 20 and Martin Luther King Jr Dr,,Rear End,3,Clear,Dry,Daylight
2024-10-04T06:41:00.000,I 20,I 20 and Martin Luther King Jr Dr,,Rear End,2,Clear,Dry,Dark-Not Lighted
2024-06-21T18:07:00.000,I 20,I 20 and Martin Luther King Jr Dr,,Rear End,2,Cloudy,Dry,Daylight
2021-09-07T15:53:00.000,I 20,I 20 and Martin Luther King Jr Bouleva,,Rear End,2,Cloudy,Wet,Daylight
2021-08-30T16:14:00.000,I 20,I 20 and Martin Luther King Jr Blvd,,Rear End,2,Clear,Dry,Daylight
2021-12-13T16:01:00.000,I 20,I 20 and Martin Luther King Jr Blvd,,Rear End,4,Clear,Dry,Daylight
2020-06-25T12:30:00.000,I 20,I 20 and Martin Luther King Jr Blvd,,Sideswipe-Same Direction,3,Cloudy,Dry,Daylight
2020-09-09T12:40:00.000,I 20,I 20 and Martin Luther King Jr Blvd,,Rear End,2,Clear,Dry,Daylight
2021-04-13T14:32:00.000,I 20,I 20 and Martin Luther King Jr,,Sideswipe-Same Direction,2,Clear,Dry,Daylight
2021-11-15T07:12:00.000,I 20,I 20 and Martin Luther King Jr,,Rear End,2,Clear,Dry,Daylight
2021-10-07T18:13:00.000,I 20,I 20 and Martin Luther King Jr,,Rear End,2,Clear,Wet,Daylight
2023-04-25T06:04:00.000,I 20,I 20 and Martin Luther King Jr,,Sideswipe-Same Direction,2,Clear,Dry,Dark-Lighted
2023-03-03T16:18:00.000,I 20,I 20 and Martin Luther King Jr,,Sideswipe-Same Direction,2,Cloudy,Dry,Daylight
2020-11-16T06:30:00.000,I 20,I 20 and Martin Luther King Jr,,Sideswipe-Same Direction,2,Clear,Dry,Daylight
2020-11-17T09:30:00.000,I 20,I 20 and Martin Luther King Jr,,Sideswipe-Same Direction,2,Clear,Dry,Daylight
2022-01-03T07:52:00.000,I 20,I 20 and Martin Luther King Jr,,Rear End,2,Cloudy,Wet,Daylight
2022-09-29T16:42:00.000,I 20,I 20 and Martin Luther King Jr,,Sideswipe-Same Direction,2,Clear,Dry,Daylight
2022-09-09T11:57:00.000,I 20,I 20 and Martin Luther King Jr,,Not a Collision with Motor Vehicle,1,Cloudy,Dry,Daylight
2022-01-03T08:40:00.000,I 20,I 20 and Martin Luther King Jr,,Rear End,2,Clear,Wet,Daylight
2022-08-23T20:00:00.000,I 20,I 20 and Martin Luther King Jr,,Not a Collision with Motor Vehicle,1,Clear,Dry,Dusk
2024-11-29T15:24:00.000,I 20,I 20 and Martin Luther King Jr,,Sideswipe-Same Direction,2,Clear,Dry,Daylight
2023-01-19T19:13:00.000,I 20,I 20 and Martin Luther King Jr,,Sideswipe-Same Direction,2,Clear,Dry,Dark-Not Lighted
2024-03-07T15:16:00.000,I 20,I 20 and Martin Luther King Jr,,Angle Crash,3,Clear,Dry,Daylight
2023-09-25T13:38:00.000,I 20,I 20 and Martin Luther King Je Dr,,Sideswipe-Same Direction,2,Clear,Dry,Daylight
2024-10-18T12:06:00.000,I 20,I 20 and Martin Luther King Exit Rp,,Rear End,2,Clear,Dry,Daylight
2020-12-30T18:55:00.000,I 20,I 20 and Martin Luther King Drive Jr,,Rear End,3,Clear,Dry,Dark-Lighted
2023-05-12T12:37:00.000,I 20,I 20 and Martin Luther King Dr.,,Angle Crash,2,Cloudy,Wet,Daylight
2021-09-07T14:48:00.000,I 20,I 20 and Martin Luther King Dr,,Sideswipe-Same Direction,3,Rain,Wet,Daylight
2022-03-17T16:33:00.000,I 20,I 20 and Martin Luther King Dr,,Rear End,2,Clear,Dry,Daylight
2020-03-30T16:46:00.000,I 20,I 20 and Martin Luther King Dr,,Not a Collision with Motor Vehicle,1,Clear,Dry,Daylight
2020-06-15T03:06:00.000,I 20,I 20 and Martin Luther King Dr,,Rear End,2,Clear,Dry,Daylight
2024-03-14T16:10:00.000,I 20,I 20 and Martin Luther King Dr,,Rear End,2,Clear,Dry,Daylight
2021-05-06T14:20:00.000,I 20,I 20 and Martin Luther King Blvd,,Sideswipe-Same Direction,2,Clear,Dry,Daylight
2022-03-08T19:36:00.000,I 20,I 20 and Martin Luther King Blvd,,Not a Collision with Motor Vehicle,2,Rain,Wet,Daylight
2021-11-25T16:03:00.000,I 20,I 20 and Martin Luther King Blvd,,Not a Collision with Motor Vehicle,1,Clear,Dry,Daylight
2021-07-26T13:45:00.000,I 20,I 20 and Martin Luther King Blvd,,Angle Crash,2,Clear,Dry,Daylight
2021-09-03T13:01:00.000,I 20,I 20 and Martin Luther King,,Rear End,4,Clear,Dry,Daylight
2022-05-13T11:03:00.000,I 20,I 20 and Martin Luther King,,Sideswipe-Same Direction,2,Cloudy,Dry,Daylight
2022-04-14T16:03:00.000,I 20,I 20 and Martin Luther King,,Sideswipe-Same Direction,2,Clear,Dry,Daylight
2022-08-30T08:23:00.000,I 20,I 20 and Martin Luther King,,Rear End,2,Cloudy,Dry,Daylight
2022-03-25T17:35:00.000,I 20,I 20 and Martin Luther King,,Sideswipe-Same Direction,3,Clear,Dry,Daylight
2024-10-31T17:42:00.000,I 20,I 20 and Martin Luther King,,Rear End,2,Cloudy,Dry,Daylight
2022-10-10T14:05:00.000,I 20,I 20 and Martin Luther Jr Dr,,Sideswipe-Same Direction,3,Clear,Dry,Daylight
2021-10-22T18:45:00.000,I 20,I 20 and Martin Luther  King Jr,,Sideswipe-Same Direction,2,Clear,Dry,Daylight
2021-03-08T14:13:00.000,I 20,I 20 and Martin Lurther King Jr Dr,,Sideswipe-Same Direction,2,Clear,Dry,Daylight
2021-08-26T07:50:00.000,I 20,I 20 and Martin Luhter King Jr Dr,,Sideswipe-Opposite Direction,2,Clear,Dry,Daylight
2021-02-03T20:42:00.000,I 20,I 20 and Martin L King Jr Dr,,Sideswipe-Same Direction,2,Clear,Dry,Daylight
2021-01-23T05:12:00.000,I 20,I 20 and Martin L King Jr Dr,,Angle Crash,2,Clear,Dry,Dark-Lighted
2021-01-02T02:08:00.000,I 20,I 20 and Martin L King Jr Dr,,Rear End,2,Clear,Wet,Dark-Lighted
2021-01-21T16:34:00.000,I 20,I 20 and Martin L King Jr Dr,,Rear End,2,Rain,Wet,Daylight
2021-02-21T19:58:00.000,I 20,I 20 and Martin L King Jr Dr,,Rear End,2,Clear,Dry,Dusk
2021-02-20T18:46:00.000,I 20,I 20 and Martin L King Jr Dr,,Rear End,2,Clear,Dry,Dark-Lighted
2021-01-17T14:10:00.000,I 20,I 20 and Martin L King Jr Dr,,Head On,1,Clear,Dry,Daylight
2021-03-03T10:37:00.000,I 20,I 20 and Martin L King Jr Dr,,Sideswipe-Same Direction,2,Clear,Dry,Daylight
2021-03-05T05:17:00.000,I 20,I 20 and Martin L King Jr Dr,,Head On,2,Clear,Dry,Dark-Lighted
2020-10-17T16:33:00.000,I 20,I 20 and Martin L King Jr Dr,,Angle Crash,2,Clear,Dry,Daylight
2023-09-18T08:36:00.000,I 20,I 20 and Martin L King Jr Dr,,Rear End,2,Clear,Dry,Daylight
2023-06-01T17:45:00.000,I 20,I 20 and Martin L King Jr Dr,,Sideswipe-Same Direction,2,Clear,Dry,Daylight
2022-11-17T14:59:00.000,I 20,I 20 and Martin L King Jr Dr,,Sideswipe-Same Direction,2,Clear,Dry,Daylight
2020-03-26T17:21:00.000,I 20,I 20 and Martin L King Jr Dr,,Sideswipe-Same Direction,2,Clear,Dry,Daylight
2020-02-05T21:53:00.000,I 20,I 20 and Martin L King Jr Dr,,Rear End,2,Rain,Wet,Dark-Lighted
2020-11-01T03:39:00.000,I 20,I 20 and Martin L King Jr Dr,,Sideswipe-Same Direction,2,Cloudy,Dry,Dark-Lighted
2020-09-30T23:38:00.000,I 20,I 20 and Martin L King Jr Dr,,Rear End,1,Clear,Dry,Dark-Lighted
2020-06-14T07:53:00.000,I 20,I 20 and Martin L King Jr Dr,,Sideswipe-Same Direction,2,Clear,Dry,Daylight
2020-11-28T15:19:00.000,I 20,I 20 and Martin L King Jr Dr,,Rear End,2,Clear,Dry,Daylight
2020-03-18T12:15:00.000,I 20,I 20 and Martin L King Jr Dr,,Not a Collision with Motor Vehicle,1,Cloudy,Dry,Daylight
2020-08-20T00:00:00.000,I 20,I 20 and Martin L King Jr Dr,,Head On,2,Clear,Wet,Dark-Lighted
2020-10-28T05:27:00.000,I 20,I 20 and Martin L King Jr Dr,,Sideswipe-Same Direction,2,Rain,Wet,Dark-Lighted
2020-08-19T23:24:00.000,I 20,I 20 and Martin L King Jr Dr,,Rear End,2,Rain,Wet,Dark-Lighted
2020-03-29T02:58:00.000,I 20,I 20 and Martin L King Jr Dr,,Head On,1,Clear,Dry,Dark-Not Lighted
2020-11-14T21:18:00.000,I 20,I 20 and Martin L King Jr Dr,,Sideswipe-Same Direction,2,Clear,Dry,Dark-Lighted
2020-12-04T21:12:00.000,I 20,I 20 and Martin L King Jr Dr,,Sideswipe-Same Direction,2,Other,Wet,Dark-Lighted
2020-10-10T23:46:00.000,I 20,I 20 and Martin L King Jr Dr,,Rear End,2,Rain,Wet,Dark-Lighted
2020-09-27T22:00:00.000,I 20,I 20 and Martin L King Jr Dr,,Sideswipe-Same Direction,3,Clear,Wet,Dark-Lighted
2020-10-21T20:21:00.000,I 20,I 20 and Martin L King Jr Dr,,Sideswipe-Same Direction,2,Clear,Dry,Dark-Lighted
2020-02-05T22:15:00.000,I 20,I 20 and Martin L King Jr Dr,,Rear End,2,Rain,Wet,Dark-Not Lighted
2020-11-30T21:49:00.000,I 20,I 20 and Martin L King Jr Dr,,Rear End,2,Snow,Wet,Dark-Lighted
2020-03-01T05:14:00.000,I 20,I 20 and Martin L King Jr Dr,,Not a Collision with Motor Vehicle,1,Clear,Dry,Dark-Not Lighted
2020-11-21T14:34:00.000,I 20,I 20 and Martin L King Jr Dr,,Sideswipe-Same Direction,2,Clear,Dry,Daylight
2020-07-20T02:04:00.000,I 20,I 20 and Martin L King Jr Dr,,Sideswipe-Same Direction,2,Clear,Dry,Dark-Lighted
2020-12-18T00:20:00.000,I 20,I 20 and Martin L King Jr Dr,,Rear End,2,Clear,Dry,Dark-Not Lighted
2020-09-28T21:54:00.000,I 20,I 20 and Martin L King Jr Dr,,Sideswipe-Same Direction,2,Cloudy,Dry,Dark-Lighted
2020-11-11T04:05:00.000,I 20,I 20 and Martin L King Jr Dr,,Rear End,2,Fog,Dry,Dark-Lighted
2020-07-01T23:50:00.000,I 20,I 20 and Martin L King Jr Dr,,Rear End,2,Clear,Dry,Dark-Lighted
2020-01-26T21:02:00.000,I 20,I 20 and Martin L King Jr Dr,,Sideswipe-Same Direction,2,Clear,Dry,Dark-Lighted
2020-02-02T16:17:00.000,I 20,I 20 and Martin L King Jr Dr,,Sideswipe-Same Direction,3,Clear,Dry,Daylight
2020-05-22T17:06:00.000,I 20,I 20 and Martin L King Jr Dr,,Rear End,2,Clear,Dry,Daylight
2020-10-11T02:38:00.000,I 20,I 20 and Martin L King Jr Dr,,Rear End,2,Cloudy,Wet,Dark-Lighted
2020-08-19T18:18:00.000,I 20,I 20 and Martin L King Jr Dr,,Rear End,3,Rain,Wet,Daylight
2020-07-03T11:25:00.000,I 20,I 20 and Martin L King Jr Dr,,Angle Crash,2,Clear,Dry,Daylight
2020-10-31T10:22:00.000,I 20,I 20 and Martin L King Jr Dr,,Rear End,2,Clear,Dry,Daylight
2020-02-11T22:22:00.000,I 20,I 20 and Martin L King Jr Dr,,Angle Crash,2,Cloudy,Wet,Dark-Lighted
2020-06-11T00:10:00.000,I 20,I 20 and Martin L King Jr Dr,,Sideswipe-Same Direction,2,Clear,Dry,Dark-Lighted
2020-11-18T08:44:00.000,I 20,I 20 and Martin L King Jr Dr,,Not a Collision with Motor Vehicle,2,Clear,Dry,Daylight
2020-02-05T21:06:00.000,I 20,I 20 and Martin L King Jr Dr,,Rear End,2,Rain,Wet,Dark-Lighted
2020-11-22T11:17:00.000,I 20,I 20 and Martin L King Jr Dr,,Sideswipe-Same Direction,3,Clear,Dry,Daylight
2020-07-11T11:16:00.000,I 20,I 20 and Martin L King Jr Dr,,Rear End,2,Clear,Dry,Daylight
2020-09-27T21:52:00.000,I 20,I 20 and Martin L King Jr Dr,,Angle Crash,2,Clear,Dry,Dark-Lighted
2020-11-01T03:57:00.000,I 20,I 20 and Martin L King Jr Dr,,Angle Crash,3,Clear,Dry,Dark-Lighted
2020-07-19T09:55:00.000,I 20,I 20 and Martin L King Jr Dr,,Rear End,2,Clear,Dry,Daylight
2020-05-05T21:51:00.000,I 20,I 20 and Martin L King Jr Dr,,Sideswipe-Same Direction,2,Clear,Dry,Dark-Lighted
2020-01-18T04:57:00.000,I 20,I 20 and Martin L King Jr Dr,,Sideswipe-Opposite Direction,2,Clear,Dry,Dark-Not Lighted
2020-11-08T01:19:00.000,I 20,I 20 and Martin L King Jr Dr,,Sideswipe-Same Direction,2,Clear,Dry,Daylight
2020-12-28T21:04:00.000,I 20,I 20 and Martin L King Jr Dr,,Rear End,2,Clear,Dry,Dark-Lighted
2020-05-19T21:31:00.000,I 20,I 20 and Martin L King Jr Dr,,Rear End,2,Clear,Dry,Daylight
2020-12-03T08:46:00.000,I 20,I 20 and Martin L King Jr Dr,,Angle Crash,2,Clear,Dry,Daylight
2020-03-10T05:20:00.000,I 20,I 20 and Martin L King Jr Dr,,Sideswipe-Same Direction,2,Clear,Dry,Dark-Lighted
2020-09-20T14:41:00.000,I 20,I 20 and Martin L King Jr Dr,,Rear End,2,Clear,Dry,Daylight
2020-08-26T21:36:00.000,I 20,I 20 and Martin L King Jr Dr,,Sideswipe-Same Direction,3,Clear,Dry,Dark-Lighted
2020-09-16T17:54:00.000,I 20,I 20 and Martin L King Jr Dr,,Rear End,2,Rain,Wet,Daylight
2020-09-14T21:32:00.000,I 20,I 20 and Martin L King Jr Dr,,Angle Crash,3,Clear,Dry,Dark-Lighted
2020-04-04T12:11:00.000,I 20,I 20 and Martin L King Jr Dr,,Sideswipe-Same Direction,2,Clear,Dry,Daylight
2020-07-08T03:07:00.000,I 20,I 20 and Martin L King Jr Dr,,Rear End,2,Clear,Dry,Dark-Lighted
2020-09-27T23:45:00.000,I 20,I 20 and Martin L King Jr Dr,,Rear End,2,Clear,Wet,Dark-Lighted
2020-07-06T20:55:00.000,I 20,I 20 and Martin L King Jr Dr,,Not a Collision with Motor Vehicle,1,Rain,Wet,Dark-Lighted
2020-10-25T09:41:00.000,I 20,I 20 and Martin L King Jr Dr,,Rear End,2,Cloudy,Wet,Daylight
2020-08-19T20:27:00.000,I 20,I 20 and Martin L King Jr Dr,,Not a Collision with Motor Vehicle,1,Rain,Wet,Dark-Lighted
2020-05-16T15:31:00.000,I 20,I 20 and Martin L King Jr Dr,,Not a Collision with Motor Vehicle,2,Clear,Dry,Daylight
2020-10-09T05:29:00.000,I 20,I 20 and Martin L King Jr Dr,,Sideswipe-Same Direction,3,Clear,Dry,Dark-Lighted
2020-07-30T22:12:00.000,I 20,I 20 and Martin L King Jr Dr,,Sideswipe-Same Direction,3,Clear,Dry,Dark-Lighted
2020-10-30T19:12:00.000,I 20,I 20 and Martin L King Jr Dr,,Rear End,2,Clear,Dry,Dark-Lighted
2020-02-05T21:04:00.000,I 20,I 20 and Martin L King Jr Dr,,Rear End,2,Rain,Wet,Dark-Lighted
2020-11-01T17:51:00.000,I 20,I 20 and Martin L King Jr Dr,,Sideswipe-Same Direction,2,Clear,Dry,Dark-Lighted
2020-08-19T22:32:00.000,I 20,I 20 and Martin L King Jr Dr,,Rear End,2,Cloudy,Wet,Dark-Lighted
2020-08-18T00:48:00.000,I 20,I 20 and Martin L King Jr Dr,,Head On,3,Clear,Dry,Dark-Lighted
2021-01-09T12:23:00.000,I 20,I 20 and Martin L King Jr Dr,,Sideswipe-Same Direction,3,Clear,Dry,Daylight
2021-01-23T04:14:00.000,I 20,I 20 and Martin L King Jr Dr,,Sideswipe-Same Direction,2,Clear,Dry,Dark-Lighted
2021-01-11T19:34:00.000,I 20,I 20 and Martin L King Jr Dr,,Angle Crash,2,Rain,Wet,Dark-Not Lighted
2021-02-12T01:40:00.000,I 20,I 20 and Martin L King Jr Dr,,Not a Collision with Motor Vehicle,1,Cloudy,Water (standing or moving),Dark-Lighted
2022-11-29T18:10:00.000,I 20,I 20 and Martin L King Jr Dr,,Sideswipe-Same Direction,2,Clear,Dry,Daylight
2022-10-18T09:29:00.000,I 20,I 20 and Martin L King Jr Dr,,Rear End,2,Clear,Dry,Daylight
2022-12-20T19:00:00.000,I 20,I 20 and Martin L King Jr Dr,,Sideswipe-Same Direction,2,Clear,Dry,Daylight
2022-09-23T14:08:00.000,I 20,I 20 and Martin L King Jr Dr,,Rear End,2,Clear,Dry,Daylight
2022-12-05T08:10:00.000,I 20,I 20 and Martin L King Jr Dr,,Rear End,2,Clear,Wet,Daylight
2022-11-29T19:30:00.000,I 20,I 20 and Martin L King Jr Dr,,Rear End,2,Clear,Dry,Daylight
2022-12-20T18:30:00.000,I 20,I 20 and Martin L King Jr Dr,,Rear End,2,Clear,Wet,Daylight
2022-12-20T17:50:00.000,I 20,I 20 and Martin L King Jr Dr,,Rear End,3,Clear,Wet,Daylight
2022-10-06T16:16:00.000,I 20,I 20 and Martin L King Jr Dr,,Rear End,3,Clear,Dry,Daylight
2024-09-30T16:07:00.000,I 20,I 20 and Martin L King Jr Dr,,Rear End,2,Clear,Dry,Daylight
2023-09-26T15:20:00.000,I 20,I 20 and Martin L King Jr Dr,,Rear End,3,Clear,Dry,Daylight
2023-12-28T19:30:00.000,I 20,I 20 and Martin L King Jr Dr,,Rear End,2,Clear,Dry,Daylight
2023-05-05T18:00:00.000,I 20,I 20 and Martin L King Jr Dr,,Rear End,2,Clear,Dry,Daylight
2024-08-06T09:06:00.000,I 20,I 20 and Martin L King Jr Dr,,Rear End,2,Clear,Dry,Daylight
2024-04-19T07:50:00.000,I 20,I 20 and Martin L King Jr Dr,,Rear End,2,Clear,Dry,Daylight
2022-10-11T15:30:00.000,I 20,I 20 and Martin L King Jr Blvd,,Sideswipe-Same Direction,2,Clear,Dry,Daylight
2020-09-19T15:43:00.000,I 20,I 20 and Martin L King Jr,,Rear End,2,Clear,Dry,Daylight
2021-02-12T18:28:00.000,I 20,I 20 and Marshalls Ln,,Sideswipe-Same Direction,2,Cloudy,Dry,Dawn
2020-11-19T16:15:00.000,I 20,I 20 and Marin Luther King Jr Dr,,Sideswipe-Same Direction,2,Clear,Dry,Daylight
2021-11-10T04:09:00.000,I 20,I 20 and Margarets Grove Rd.,,Sideswipe-Same Direction,2,Clear,Dry,Dark-Not Lighted
2021-10-08T05:17:00.000,I 20,I 20 and Margarets Grove Rd.,,Sideswipe-Same Direction,2,Rain,Wet,Dark-Not Lighted
2021-10-18T02:38:00.000,I 20,I 20 and Margarets Grove Rd.,,Not a Collision with Motor Vehicle,1,Clear,Dry,Dark-Not Lighted
2023-11-11T13:33:00.000,I 20,I 20 and Margarets Grove Rd.,,Not a Collision with Motor Vehicle,1,Rain,Wet,Daylight
2021-10-13T00:01:00.000,I 20,I 20 and Margarets Grove Rd.,,Not a Collision with Motor Vehicle,1,Clear,Dry,Dark-Not Lighted
2022-06-01T00:09:00.000,I 20,I 20 and Margarets Grove Rd.,,Sideswipe-Same Direction,2,Clear,Dry,Dark-Not Lighted
2024-10-26T16:19:00.000,I 20,I 20 and Margarets Grove Rd.,,Not a Collision with Motor Vehicle,1,Clear,Dry,Daylight
2024-09-21T06:54:00.000,I 20,I 20 and Margarets Grove Rd.,,Rear End,1,Clear,Dry,Dark-Not Lighted
2021-09-04T08:14:00.000,I 20,I 20 and Margarets Grove Rd,,Rear End,2,Clear,Dry,Daylight
2021-01-01T12:45:00.000,I 20,I 20 and Margarets Grove Rd,,Rear End,2,Rain,Wet,Daylight
2021-05-30T06:07:00.000,I 20,I 20 and Margarets Grove Rd,,Not a Collision with Motor Vehicle,1,Clear,Dry,Daylight
2021-03-28T05:52:00.000,I 20,I 20 and Margarets Grove Rd,,Not a Collision with Motor Vehicle,1,Cloudy,Dry,Dark-Not Lighted
2021-09-27T05:14:00.000,I 20,I 20 and Margarets Grove Rd,,Not a Collision with Motor Vehicle,1,Clear,Dry,Dark-Not Lighted
2021-07-12T12:39:00.000,I 20,I 20 and Margarets Grove Rd,,Not a Collision with Motor Vehicle,1,Clear,Dry,Daylight
2021-01-01T15:24:00.000,I 20,I 20 and Margarets Grove Rd,,Not a Collision with Motor Vehicle,1,Rain,Wet,Daylight
2021-09-20T23:53:00.000,I 20,I 20 and Margarets Grove Rd,,Not a Collision with Motor Vehicle,1,Clear,Dry,Dark-Not Lighted
2021-07-11T14:31:00.000,I 20,I 20 and Margarets Grove Rd,,Sideswipe-Same Direction,2,Clear,Dry,Daylight
2020-11-11T16:44:00.000,I 20,I 20 and Margarets Grove Rd,,Not a Collision with Motor Vehicle,1,Rain,Wet,Daylight
2023-01-19T06:30:00.000,I 20,I 20 and Margarets Grove Rd,,Not a Collision with Motor Vehicle,1,Clear,Dry,Dark-Not Lighted
2020-04-23T21:55:00.000,I 20,I 20 and Margarets Grove Rd,,Not a Collision with Motor Vehicle,1,Rain,Wet,Dark-Not Lighted
2020-11-29T17:10:00.000,I 20,I 20 and Margarets Grove Rd,,(None),2,Rain,Wet,Dusk