Date and Time,Roadway (From Crash Report),Intersection Name (from Crash Report),KABCO Severity,Manner of Collision (Crash Level) ,# of Vehicles per crash ,Weather Conditions (Crash Level),Surface Condition (Crash Level) ,Light Conditions (Crash Level)
2020-12-24T17:30:00.000,I 20,I 20 and Margarets Grove Rd,,Not a Collision with Motor Vehicle,1,Rain,Wet,Dusk
2020-12-24T16:20:00.000,I 20,I 20 and Margarets Grove Rd,,Rear End,2,Rain,Wet,Daylight
2020-08-31T18:37:00.000,I 20,I 20 and Margarets Grove Rd,,Rear End,2,Clear,Dry,Daylight
2020-11-11T16:50:00.000,I 20,I 20 and Margarets Grove Rd,,Not a Collision with Motor Vehicle,1,Rain,Wet,Daylight
2020-06-22T16:42:00.000,I 20,I 20 and Margarets Grove Rd,,Not a Collision with Motor Vehicle,2,Clear,Dry,Daylight
2020-09-03T20:09:00.000,I 20,I 20 and Margarets Grove Rd,,Sideswipe-Same Direction,2,Clear,Dry,Daylight
2020-02-17T00:56:00.000,I 20,I 20 and Margarets Grove Rd,,Not a Collision with Motor Vehicle,1,Rain,Wet,Dark-Not Lighted
2020-01-14T05:53:00.000,I 20,I 20 and Margarets Grove Rd,,Angle Crash,2,Cloudy,Wet,Dark-Not Lighted
2020-07-26T12:19:00.000,I 20,I 20 and Margarets Grove Rd,,Rear End,2,Clear,Dry,Daylight
2020-11-25T14:37:00.000,I 20,I 20 and Margarets Grove Rd,,Not a Collision with Motor Vehicle,1,Cloudy,Dry,Daylight
2020-07-10T18:35:00.000,I 20,I 20 and Margarets Grove Rd,,Not a Collision with Motor Vehicle,1,Rain,Wet,Daylight
2020-08-08T17:55:00.000,I 20,I 20 and Margarets Grove Rd,,Not a Collision with Motor Vehicle,1,Rain,Wet,Daylight
2020-04-29T17:11:00.000,I 20,I 20 and Margarets Grove Rd,,Not a Collision with Motor Vehicle,1,Rain,Wet,Daylight
2020-02-20T10:55:00.000,I 20,I 20 and Margarets Grove Rd,,Not a Collision with Motor Vehicle,1,Rain,Wet,Daylight
2020-08-04T05:54:00.000,I 20,I 20 and Margarets Grove Rd,,Not a Collision with Motor Vehicle,1,Cloudy,Dry,Dark-Not Lighted
2020-06-08T18:42:00.000,I 20,I 20 and Margarets Grove Rd,,Not a Collision with Motor Vehicle,1,Rain,Wet,Daylight
2020-10-23T11:07:00.000,I 20,I 20 and Margarets Grove Rd,,Rear End,2,Clear,Dry,Daylight
2020-01-03T17:11:00.000,I 20,I 20 and Margarets Grove Rd,,Not a Collision with Motor Vehicle,1,Rain,Wet,Daylight
2021-03-27T09:22:00.000,I 20,I 20 and Margarets Grove Rd,,Not a Collision with Motor Vehicle,1,Rain,Wet,Daylight
2021-07-28T21:28:00.000,I 20,I 20 and Margarets Grove Rd,,Not a Collision with Motor Vehicle,1,Clear,Dry,Dark-Not Lighted
2021-07-24T20:34:00.000,I 20,I 20 and Margarets Grove Rd,,Not a Collision with Motor Vehicle,1,Clear,Dry,Daylight
2022-02-13T00:55:00.000,I 20,I 20 and Margarets Grove Rd,,Sideswipe-Same Direction,2,Clear,Dry,Dark-Not Lighted
2022-04-26T17:31:00.000,I 20,I 20 and Margarets Grove Rd,,Rear End,2,Clear,Dry,Daylight
2022-01-02T08:33:00.000,I 20,I 20 and Margarets Grove Rd,,Not a Collision with Motor Vehicle,1,Rain,Wet,Daylight
2020-03-15T22:16:00.000,I 20,I 20 and Margaret's Grove Rod,,Head On,1,Clear,Dry,Dark-Not Lighted
2020-11-18T18:23:00.000,I 20,I 20 and Margaret Grove Rd,,Rear End,2,Clear,Dry,Dark-Not Lighted
2022-11-27T07:28:00.000,I 20,I 20 and Margaret Grove Rd,,Angle Crash,2,Rain,Wet,Daylight
2023-05-08T17:35:00.000,I 20,I 20 and Manyard Ter,,Rear End,5,Cloudy,Dry,Daylight
2023-03-03T13:50:00.000,I 20,I 20 and Mall Pkwy,,Sideswipe-Same Direction,2,Clear,Dry,Daylight
2023-06-04T01:44:00.000,I 20,I 20 and Mall Pkwy,,Sideswipe-Same Direction,2,Clear,Dry,Dark-Not Lighted
2020-06-29T22:45:00.000,I 20,I 20 and Mall Pkwy,,Rear End,3,Clear,Dry,Dark-Lighted
2020-12-19T15:34:00.000,I 20,I 20 and Mall Pkwy,,Rear End,2,Clear,Dry,Daylight
2020-10-29T00:02:00.000,I 20,I 20 and Mall Pkwy,,Rear End,2,Clear,Dry,Dark-Lighted
2022-01-03T21:00:00.000,I 20,I 20 and Mall Pkwy,,Sideswipe-Same Direction,2,Clear,Dry,Dark-Lighted
2022-05-19T19:00:00.000,I 20,I 20 and Mall Pkwy,,Not a Collision with Motor Vehicle,2,Clear,Dry,Daylight
2024-01-22T08:00:00.000,I 20,I 20 and Mall Pkwy,,Sideswipe-Same Direction,2,Clear,Dry,Daylight
2024-11-19T15:25:00.000,I 20,I 20 and Mall Pkwy,,Angle Crash,3,Rain,Wet,Daylight
2023-10-20T18:20:00.000,I 20,I 20 and M.M. 43,,(None),2,(None),(None),(None)
2023-06-04T02:10:00.000,I 20,I 20 and M.M. 42.8,,Not a Collision with Motor Vehicle,1,Clear,Dry,Dark-Not Lighted
2024-10-01T07:20:00.000,I 20,I 20 and M.M. 39,,Sideswipe-Same Direction,2,Cloudy,Dry,Daylight
2022-09-05T16:20:00.000,I 20,I 20 and M.L.King Jr Dr,,Sideswipe-Same Direction,2,Cloudy,Dry,Daylight
2021-12-17T22:35:00.000,I 20,I 20 and M.L.K. Jr. Dr,,Sideswipe-Same Direction,2,Clear,Dry,Dark-Lighted
2023-12-19T13:37:00.000,I 20,I 20 and M.L.K. Jr Dr,,Sideswipe-Same Direction,2,Clear,Dry,Daylight
2023-08-22T22:00:00.000,I 20,I 20 and M M 7,,Sideswipe-Same Direction,2,Clear,Dry,Dark-Not Lighted
2023-08-22T22:01:00.000,I 20,I 20 and M M 7,,Sideswipe-Same Direction,2,Clear,Dry,Dark-Not Lighted
2023-08-29T21:40:00.000,I 20,I 20 and M M 44,,Not a Collision with Motor Vehicle,1,Rain,Wet,Dark-Not Lighted
2024-05-26T13:09:00.000,I 20,I 20 and M M 43,,Not a Collision with Motor Vehicle,1,Clear,Dry,Daylight
2023-11-01T18:39:00.000,I 20,I 20 and M M 42,,Rear End,2,Clear,Dry,Dusk
2024-06-09T11:19:00.000,I 20,I 20 and M M 41,,Sideswipe-Same Direction,2,Clear,Dry,Daylight
2024-09-17T07:07:00.000,I 20,I 20 and M M 41,,Rear End,3,Clear,Dry,Dark-Not Lighted
2023-07-01T21:23:00.000,I 20,I 20 and M M 40,,Rear End,2,Clear,Dry,Dark-Not Lighted
2024-12-24T12:15:00.000,I 20,I 20 and M M 40,,Not a Collision with Motor Vehicle,3,Clear,Dry,Daylight
2023-05-22T17:52:00.000,I 20,I 20 and M M 40,,Rear End,2,Rain,Wet,Daylight
2023-07-17T18:42:00.000,I 20,I 20 and M M 40,,Rear End,2,Clear,Dry,Daylight
2023-10-30T06:34:00.000,I 20,I 20 and M M 39,,Rear End,2,Clear,Dry,Dark-Not Lighted
2024-03-20T06:17:00.000,I 20,I 20 and M M 39,,Angle Crash,2,Clear,Dry,Dark-Not Lighted
2024-02-06T11:03:00.000,I 20,I 20 and M M 39,,Rear End,2,Clear,Dry,Daylight
2024-10-14T03:48:00.000,I 20,I 20 and M M 38.2,,Not a Collision with Motor Vehicle,1,Clear,Dry,Dark-Not Lighted
2023-11-14T07:02:00.000,I 20,I 20 and M M 38,,Rear End,2,Clear,Dry,Dawn
2023-10-24T16:52:00.000,I 20,I 20 and M M 38,,Rear End,2,Clear,Dry,Daylight
2023-10-18T15:03:00.000,I 20,I 20 and M M 34,,Sideswipe-Same Direction,2,Clear,Dry,Daylight
2023-09-03T16:36:00.000,I 20,I 20 and M M 33,,Not a Collision with Motor Vehicle,2,Clear,Dry,Daylight
2023-11-01T15:24:00.000,I 20,I 20 and M M 32,,Rear End,3,Clear,Dry,Daylight
2023-08-13T06:00:00.000,I 20,I 20 and M M 32,,Not a Collision with Motor Vehicle,1,Clear,Wet,Dark-Not Lighted
2024-02-15T15:02:00.000,I 20,I 20 and M M 32,,Sideswipe-Same Direction,2,Clear,Dry,Daylight
2024-12-19T20:49:00.000,I 20,I 20 and M M 32,,Sideswipe-Same Direction,2,Clear,Dry,Dark-Not Lighted
2023-07-27T07:28:00.000,I 20,I 20 and M M 30,,Not a Collision with Motor Vehicle,1,Clear,Dry,Daylight
2023-10-14T18:31:00.000,I 20,I 20 and M M 29,,Angle Crash,2,Clear,Dry,Daylight
2023-05-29T03:48:00.000,I 20,I 20 and M M 29,,Head On,2,Clear,Dry,Dark-Not Lighted
2023-09-13T09:37:00.000,I 20,I 20 and M M 28,,Not a Collision with Motor Vehicle,2,Clear,Dry,Daylight
2023-11-07T17:13:00.000,I 20,I 20 and M M 28,,Rear End,3,Clear,Dry,Dusk
2023-12-20T11:32:00.000,I 20,I 20 and M M 27,,Rear End,2,Clear,Dry,Daylight
2024-01-02T09:40:00.000,I 20,I 20 and M M 23,,Sideswipe-Same Direction,2,Clear,Dry,Daylight
2024-01-24T11:45:00.000,I 20,I 20 and M M 20,,Not a Collision with Motor Vehicle,1,Rain,Wet,Daylight
2024-06-08T05:19:00.000,I 20,I 20 and M M 19,,Sideswipe-Same Direction,2,Clear,Dry,Daylight
2024-02-01T20:35:00.000,I 20,I 20 and M M 15,,Sideswipe-Same Direction,2,Clear,Dry,Dark-Not Lighted
2024-10-26T14:22:00.000,I 20,I 20 and M M 15,,Not a Collision with Motor Vehicle,2,Clear,Dry,Daylight
2023-06-27T11:41:00.000,I 20,I 20 and M M 12,,Not a Collision with Motor Vehicle,1,Clear,Dry,Daylight
2020-11-10T12:33:00.000,I 20,I 20 and M L King Jr Dr,,Rear End,3,Cloudy,Wet,Daylight
2021-09-22T08:52:00.000,I 20,I 20 and Lucile Ave,,Rear End,2,Cloudy,Wet,Daylight
2021-06-23T17:35:00.000,I 20,I 20 and Lowry Rd,,Sideswipe-Same Direction,2,Clear,Dry,Daylight
2023-09-05T09:20:00.000,I 20,I 20 and Lowry Blvd,,Rear End,2,Clear,Dry,Daylight
2020-11-02T07:40:00.000,I 20,I 20 and Lowery St,,Rear End,2,Clear,Dry,Daylight
2020-02-10T13:00:00.000,I 20,I 20 and Lowery St,,Sideswipe-Same Direction,2,Cloudy,Dry,Daylight
2020-02-11T06:17:00.000,I 20,I 20 and Lowery Boulevard Underpass,,Sideswipe-Same Direction,2,Rain,Wet,Dark-Lighted
2023-03-14T08:00:00.000,I 20,I 20 and Lowery Bouleavrd,,Rear End,2,Clear,Dry,Daylight
2020-05-14T21:53:00.000,I 20,I 20 and Lowery Blvd W End,,Angle Crash,2,Clear,Dry,Dark-Lighted
2020-01-30T10:12:00.000,I 20,I 20 and Lowery Blvd Underpass,,Sideswipe-Same Direction,3,Clear,Dry,Daylight
2023-04-28T17:45:00.000,I 20,I 20 and Lowery Blvd Exit,,Rear End,2,Clear,Dry,Daylight
2021-08-09T10:30:00.000,I 20,I 20 and Lowery Blvd,,Sideswipe-Same Direction,2,Clear,Dry,Daylight
2021-10-14T15:35:00.000,I 20,I 20 and Lowery Blvd,,Rear End,2,Clear,Dry,Daylight
2021-02-11T15:15:00.000,I 20,I 20 and Lowery Blvd,,Sideswipe-Same Direction,2,Cloudy,Wet,Daylight
2021-04-09T16:26:00.000,I 20,I 20 and Lowery Blvd,,Rear End,2,Clear,Dry,Daylight
2021-10-18T14:47:00.000,I 20,I 20 and Lowery Blvd,,Sideswipe-Same Direction,2,Clear,Dry,Daylight
2021-11-12T14:07:00.000,I 20,I 20 and Lowery Blvd,,Rear End,4,Clear,Dry,Daylight
2021-08-23T08:39:00.000,I 20,I 20 and Lowery Blvd,,Sideswipe-Same Direction,2,Clear,Dry,Daylight
2021-07-26T11:13:00.000,I 20,I 20 and Lowery Blvd,,Rear End,2,Clear,Dry,Daylight
2021-08-19T16:43:00.000,I 20,I 20 and Lowery Blvd,,Sideswipe-Same Direction,2,Cloudy,Wet,Daylight
2023-06-28T13:47:00.000,I 20,I 20 and Lowery Blvd,,Sideswipe-Same Direction,2,Clear,Dry,Daylight
2023-09-14T00:00:00.000,I 20,I 20 and Lowery Blvd,,Sideswipe-Same Direction,2,Cloudy,Wet,Daylight
2023-10-30T18:35:00.000,I 20,I 20 and Lowery Blvd,,Not a Collision with Motor Vehicle,1,Cloudy,Dry,Dark-Not Lighted
2023-08-09T12:24:00.000,I 20,I 20 and Lowery Blvd,,Not a Collision with Motor Vehicle,1,Clear,Dry,Daylight
2023-06-05T12:38:00.000,I 20,I 20 and Lowery Blvd,,Rear End,2,Cloudy,Dry,Daylight
2023-11-16T17:27:00.000,I 20,I 20 and Lowery Blvd,,Rear End,2,Clear,Dry,Daylight
2023-09-14T18:41:00.000,I 20,I 20 and Lowery Blvd,,Sideswipe-Same Direction,2,Cloudy,Wet,Daylight
2023-04-11T11:45:00.000,I 20,I 20 and Lowery Blvd,,Rear End,2,Clear,Dry,Daylight
2023-10-31T15:41:00.000,I 20,I 20 and Lowery Blvd,,Rear End,2,Clear,Dry,Daylight
2023-03-23T15:39:00.000,I 20,I 20 and Lowery Blvd,,Sideswipe-Same Direction,2,Clear,Dry,Daylight
2020-10-30T06:55:00.000,I 20,I 20 and Lowery Blvd,,Sideswipe-Same Direction,2,Cloudy,Dry,Daylight
2020-05-01T08:00:00.000,I 20,I 20 and Lowery Blvd,,Rear End,2,Clear,Dry,Daylight
2020-05-27T19:00:00.000,I 20,I 20 and Lowery Blvd,,Sideswipe-Same Direction,2,Cloudy,Wet,Dawn
2020-04-22T21:38:00.000,I 20,I 20 and Lowery Blvd,,Rear End,2,Clear,Dry,Dark-Lighted
2020-04-03T18:50:00.000,I 20,I 20 and Lowery Blvd,,Not a Collision with Motor Vehicle,1,Clear,Dry,Daylight
2020-03-17T16:30:00.000,I 20,I 20 and Lowery Blvd,,Sideswipe-Same Direction,2,Clear,Dry,Daylight
2020-01-16T09:20:00.000,I 20,I 20 and Lowery Blvd,,Rear End,2,Clear,Dry,Daylight
2020-04-13T19:35:00.000,I 20,I 20 and Lowery Blvd,,Sideswipe-Same Direction,2,Clear,Dry,Daylight
2020-03-02T15:05:00.000,I 20,I 20 and Lowery Blvd,,Sideswipe-Same Direction,1,Rain,Wet,Daylight
2020-08-31T07:25:00.000,I 20,I 20 and Lowery Blvd,,Not a Collision with Motor Vehicle,1,Cloudy,Wet,Daylight
2020-04-20T15:30:00.000,I 20,I 20 and Lowery Blvd,,Sideswipe-Same Direction,2,Clear,Dry,Daylight
2020-05-01T08:00:00.000,I 20,I 20 and Lowery Blvd,,Rear End,2,Clear,Dry,Daylight
2020-01-29T12:40:00.000,I 20,I 20 and Lowery Blvd,,Not a Collision with Motor Vehicle,1,Clear,Dry,Daylight
2020-01-10T00:00:00.000,I 20,I 20 and Lowery Blvd,,Sideswipe-Same Direction,2,Clear,Dry,Daylight
2020-10-30T07:02:00.000,I 20,I 20 and Lowery Blvd,,Sideswipe-Same Direction,2,Clear,Dry,Dark-Lighted
2020-06-09T12:13:00.000,I 20,I 20 and Lowery Blvd,,Not a Collision with Motor Vehicle,1,Clear,Dry,Daylight
2020-05-01T08:01:00.000,I 20,I 20 and Lowery Blvd,,Rear End,2,Clear,Dry,Daylight
2020-02-21T15:40:00.000,I 20,I 20 and Lowery Blvd,,Sideswipe-Same Direction,2,Clear,Dry,Daylight
2020-03-10T16:51:00.000,I 20,I 20 and Lowery Blvd,,Rear End,3,Clear,Dry,Daylight
2020-08-07T17:02:00.000,I 20,I 20 and Lowery Blvd,,Sideswipe-Same Direction,3,Clear,Dry,Daylight
2020-01-07T07:13:00.000,I 20,I 20 and Lowery Blvd,,Rear End,2,Clear,Wet,Daylight
2020-07-31T14:25:00.000,I 20,I 20 and Lowery Blvd,,Sideswipe-Same Direction,2,Clear,Dry,Daylight
2020-01-01T06:10:00.000,I 20,I 20 and Lowery Blvd,,Sideswipe-Same Direction,2,Clear,Dry,Dusk
2020-01-29T12:40:00.000,I 20,I 20 and Lowery Blvd,,Not a Collision with Motor Vehicle,1,Clear,Dry,Daylight
2020-06-22T17:01:00.000,I 20,I 20 and Lowery Blvd,,Not a Collision with Motor Vehicle,1,Cloudy,Wet,Daylight
2020-11-03T06:15:00.000,I 20,I 20 and Lowery Blvd,,Not a Collision with Motor Vehicle,2,Clear,Dry,Daylight
2020-01-29T12:40:00.000,I 20,I 20 and Lowery Blvd,,Not a Collision with Motor Vehicle,1,Clear,Dry,Daylight
2021-03-26T14:35:00.000,I 20,I 20 and Lowery Blvd,,Rear End,2,Clear,Dry,Daylight
2021-05-24T16:00:00.000,I 20,I 20 and Lowery Blvd,,Rear End,3,Clear,Dry,Daylight
2021-10-29T18:50:00.000,I 20,I 20 and Lowery Blvd,,Sideswipe-Same Direction,2,Clear,Wet,Daylight
2021-12-13T17:46:00.000,I 20,I 20 and Lowery Blvd,,Rear End,3,Clear,Dry,Dark-Lighted
2021-11-04T12:40:00.000,I 20,I 20 and Lowery Blvd,,Sideswipe-Same Direction,3,Cloudy,Dry,Daylight
2021-08-19T16:42:00.000,I 20,I 20 and Lowery Blvd,,Rear End,2,Cloudy,Wet,Daylight
2022-05-20T14:50:00.000,I 20,I 20 and Lowery Blvd,,Rear End,2,Clear,Dry,Daylight
2022-04-14T16:25:00.000,I 20,I 20 and Lowery Blvd,,Not a Collision with Motor Vehicle,1,Clear,Dry,Daylight
2021-11-19T19:30:00.000,I 20,I 20 and Lowery Blvd,,Rear End,2,Clear,Dry,Dark-Lighted
2022-10-21T09:00:00.000,I 20,I 20 and Lowery Blvd,,Rear End,2,Clear,Dry,Daylight
2022-11-29T11:15:00.000,I 20,I 20 and Lowery Blvd,,Not a Collision with Motor Vehicle,1,Clear,Dry,Daylight
2022-11-15T09:08:00.000,I 20,I 20 and Lowery Blvd,,Rear End,2,Rain,Wet,Daylight
2022-10-27T18:49:00.000,I 20,I 20 and Lowery Blvd,,Rear End,2,Clear,Dry,Dark-Lighted
2022-06-14T18:20:00.000,I 20,I 20 and Lowery Blvd,,Sideswipe-Same Direction,2,Clear,Dry,Daylight
2022-07-18T17:00:00.000,I 20,I 20 and Lowery Blvd,,Rear End,2,Clear,Dry,Daylight
2022-10-27T15:05:00.000,I 20,I 20 and Lowery Blvd,,Sideswipe-Same Direction,2,Clear,Dry,Daylight
2022-05-02T08:13:00.000,I 20,I 20 and Lowery Blvd,,Rear End,2,Clear,Dry,Daylight
2022-08-19T14:30:00.000,I 20,I 20 and Lowery Blvd,,Rear End,2,Cloudy,Dry,Daylight
2022-05-20T14:29:00.000,I 20,I 20 and Lowery Blvd,,Rear End,2,Clear,Dry,Daylight
2022-10-28T12:45:00.000,I 20,I 20 and Lowery Blvd,,Rear End,3,Cloudy,Dry,Daylight
2022-11-29T11:47:00.000,I 20,I 20 and Lowery Blvd,,Not a Collision with Motor Vehicle,1,Clear,Dry,Daylight
2022-11-29T11:45:00.000,I 20,I 20 and Lowery Blvd,,Not a Collision with Motor Vehicle,1,Clear,Dry,Daylight
2022-08-04T16:55:00.000,I 20,I 20 and Lowery Blvd,,Rear End,2,Clear,Dry,Daylight
2024-01-07T00:50:00.000,I 20,I 20 and Lowery Blvd,,Sideswipe-Same Direction,2,Clear,Dry,Dark-Lighted
2024-06-20T22:30:00.000,I 20,I 20 and Lowery Blvd,,Rear End,2,Clear,Dry,Dark-Lighted
2024-12-12T08:50:00.000,I 20,I 20 and Lowery Blvd,,Rear End,2,Clear,Dry,Daylight
2024-08-15T08:54:00.000,I 20,I 20 and Lowery Blvd,,Rear End,2,Clear,Dry,Daylight
2024-10-25T15:40:00.000,I 20,I 20 and Lowery Blvd,,Rear End,3,Clear,Dry,Daylight
2023-06-20T15:15:00.000,I 20,I 20 and Lowery Blvd,,Rear End,2,Cloudy,Dry,Daylight
2023-09-07T17:05:00.000,I 20,I 20 and Lowery Blvd,,Sideswipe-Same Direction,2,Clear,Dry,Daylight
2023-09-15T07:30:00.000,I 20,I 20 and Lowery Blvd,,Rear End,2,Rain,Wet,Daylight
2023-03-23T18:00:00.000,I 20,I 20 and Lowery Blvd,,Not a Collision with Motor Vehicle,1,Clear,Dry,Daylight
2023-03-27T10:21:00.000,I 20,I 20 and Lowery Blvd,,Sideswipe-Same Direction,2,Rain,Wet,Daylight
2023-01-30T15:56:00.000,I 20,I 20 and Lowery Blvd,,Sideswipe-Same Direction,2,Cloudy,Dry,Daylight
2023-03-23T15:29:00.000,I 20,I 20 and Lowery Blvd,,Not a Collision with Motor Vehicle,2,Clear,Dry,Daylight
2023-07-09T19:20:00.000,I 20,I 20 and Lowery Blvd,,Sideswipe-Same Direction,2,Clear,Dry,Daylight
2024-10-31T09:56:00.000,I 20,I 20 and Lowery Blvd,,Rear End,2,Clear,Dry,Daylight
2024-07-09T08:11:00.000,I 20,I 20 and Lowery Blvd,,Rear End,3,Clear,Dry,Daylight
2024-08-23T18:18:00.000,I 20,I 20 and Lowery Blvd,,Rear End,2,Clear,Dry,Daylight
2024-01-25T16:10:00.000,I 20,I 20 and Lowery Blvd,,Sideswipe-Same Direction,2,Cloudy,Wet,Daylight
2024-10-31T16:07:00.000,I 20,I 20 and Lowery Blvd,,Rear End,2,Clear,Dry,Daylight
2024-05-27T17:24:00.000,I 20,I 20 and Lowery Blvd,,Sideswipe-Same Direction,3,Cloudy,Wet,Daylight
2024-03-21T08:48:00.000,I 20,I 20 and Lowery Blvd,,Angle Crash,5,Clear,Dry,Daylight
2024-04-16T09:12:00.000,I 20,I 20 and Lowery Blvd,,Rear End,2,Clear,Dry,Daylight
2024-02-22T12:30:00.000,I 20,I 20 and Lowery Blvd,,Sideswipe-Same Direction,3,Clear,Dry,Daylight
2024-02-26T07:40:00.000,I 20,I 20 and Lowery Blvd,,Rear End,3,Clear,Dry,Daylight
2020-05-11T18:27:00.000,I 20,I 20 and Lowery,,Rear End,3,Clear,Dry,Daylight
2023-07-25T12:58:00.000,I 20,I 20 and Lower Blvd,,Rear End,2,Clear,Dry,Daylight
2024-03-30T13:38:00.000,I 20,I 20 and Louisville Road Opas,,Rear End,2,Clear,Dry,Daylight
2022-03-07T08:42:00.000,I 20,I 20 and Louisville Rd.,,Rear End,3,Clear,Dry,Daylight
2021-01-23T14:23:00.000,I 20,I 20 and Louisville Rd,,Not a Collision with Motor Vehicle,1,Clear,Dry,Daylight
2021-06-17T12:56:00.000,I 20,I 20 and Louisville Rd,,Rear End,2,Clear,Dry,Daylight
2023-09-22T16:11:00.000,I 20,I 20 and Louisville Rd,,Rear End,2,Clear,Dry,Daylight
2023-06-15T13:40:00.000,I 20,I 20 and Louisville Rd,,Sideswipe-Same Direction,2,Cloudy,Dry,Daylight
2020-02-21T16:30:00.000,I 20,I 20 and Louisville Rd,,Rear End,2,Clear,Dry,Daylight
2020-01-13T12:02:00.000,I 20,I 20 and Louisville Rd,,Sideswipe-Same Direction,2,Cloudy,Wet,Daylight
2020-05-01T15:06:00.000,I 20,I 20 and Louisville Rd,,Rear End,2,Clear,Dry,Daylight
2020-02-27T11:54:00.000,I 20,I 20 and Louisville Rd,,Angle Crash,2,Clear,Dry,Daylight
2021-09-08T14:00:00.000,I 20,I 20 and Louisville Rd,,Rear End,2,Rain,Wet,Daylight
2021-10-06T14:24:00.000,I 20,I 20 and Louisville Rd,,Not a Collision with Motor Vehicle,2,Rain,Wet,Daylight
2022-04-26T14:08:00.000,I 20,I 20 and Louisville Rd,,Not a Collision with Motor Vehicle,1,Rain,Wet,Daylight
2022-07-17T18:00:00.000,I 20,I 20 and Louisville Rd,,Sideswipe-Same Direction,2,Clear,Dry,Daylight
2022-07-17T17:25:00.000,I 20,I 20 and Louisville Rd,,Not a Collision with Motor Vehicle,1,Clear,Dry,Daylight
2023-05-25T19:33:00.000,I 20,I 20 and Louisville Rd,,Not a Collision with Motor Vehicle,1,Clear,Dry,Daylight
2024-11-25T07:40:00.000,I 20,I 20 and Louisville Rd,,Rear End,2,Clear,Dry,Daylight
2024-05-04T08:12:00.000,I 20,I 20 and Louisville Rd,,Not a Collision with Motor Vehicle,1,Rain,Wet,Daylight
2024-11-25T07:40:00.000,I 20,I 20 and Louisville Rd,,Rear End,2,Clear,Dry,Daylight
2024-11-28T13:12:00.000,I 20,I 20 and Louisville Rd,,Rear End,4,Clear,Dry,Daylight
2021-03-10T14:45:00.000,I 20,I 20 and Louiseville Rd Opas,,Rear End,2,Clear,Dry,Daylight
2023-01-17T16:50:00.000,I 20,I 20 and Longhorn St Underpass,,Angle Crash,2,Cloudy,Wet,Daylight
2020-11-06T13:07:00.000,I 20,I 20 and Logan St,,Rear End,2,Clear,Dry,Daylight
2021-10-31T18:49:00.000,I 20,I 20 and Lloyd Road Opas,,Sideswipe-Same Direction,2,Clear,Dry,Daylight
2023-01-05T19:55:00.000,I 20,I 20 and Lloyd Road Opas,,Sideswipe-Same Direction,2,Clear,Dry,Daylight
2024-04-26T06:30:00.000,I 20,I 20 and Lloyd Rd Opas,,Sideswipe-Same Direction,2,Clear,Dry,Dawn
2021-05-25T12:19:00.000,I 20,I 20 and Lloyd Rd,,Not a Collision with Motor Vehicle,1,Clear,Dry,Daylight
2021-09-08T08:54:00.000,I 20,I 20 and Lloyd Rd,,Sideswipe-Same Direction,2,Cloudy,Dry,Daylight
2021-02-11T15:39:00.000,I 20,I 20 and Lloyd Rd,,Sideswipe-Same Direction,2,Cloudy,Wet,Daylight
2023-11-25T18:00:00.000,I 20,I 20 and Lloyd Rd,,Angle Crash,2,Clear,Dry,Dark-Lighted
2023-01-22T04:24:00.000,I 20,I 20 and Lloyd Rd,,Not a Collision with Motor Vehicle,1,Rain,Wet,Dark-Lighted
2020-12-25T13:35:00.000,I 20,I 20 and Lloyd Rd,,Not a Collision with Motor Vehicle,1,Clear,Dry,Daylight
2020-02-20T10:40:00.000,I 20,I 20 and Lloyd Rd,,Not a Collision with Motor Vehicle,1,Rain,Wet,Daylight
2020-06-18T18:30:00.000,I 20,I 20 and Lloyd Rd,,Sideswipe-Same Direction,3,Cloudy,Wet,Dusk
2020-12-29T11:59:00.000,I 20,I 20 and Lloyd Rd,,Sideswipe-Same Direction,2,Clear,Dry,Daylight
2020-09-23T14:50:00.000,I 20,I 20 and Lloyd Rd,,Sideswipe-Same Direction,2,Clear,Dry,Daylight
2020-03-04T21:00:00.000,I 20,I 20 and Lloyd Rd,,Sideswipe-Same Direction,2,Rain,Wet,Dark-Not Lighted
2020-08-27T18:30:00.000,I 20,I 20 and Lloyd Rd,,Rear End,2,Rain,Wet,Daylight
2021-10-31T18:50:00.000,I 20,I 20 and Lloyd Rd,,Angle Crash,2,Cloudy,Dry,Daylight
2022-12-20T17:02:00.000,I 20,I 20 and Lloyd Rd,,Not a Collision with Motor Vehicle,1,Rain,Wet,Daylight
2022-12-01T12:30:00.000,I 20,I 20 and Lloyd Rd,,Rear End,2,Clear,Dry,Daylight
2022-01-02T15:37:00.000,I 20,I 20 and Lloyd Rd,,Not a Collision with Motor Vehicle,1,Rain,Wet,Daylight
2024-08-14T06:20:00.000,I 20,I 20 and Lloyd Rd,,Sideswipe-Same Direction,3,Clear,Dry,Daylight
2023-04-16T03:17:00.000,I 20,I 20 and Lloyd Rd,,Angle Crash,7,Rain,Wet,Dark-Lighted
2023-10-12T01:57:00.000,I 20,I 20 and Lloyd Rd,,Not a Collision with Motor Vehicle,1,Rain,Wet,Dark-Lighted
2024-03-26T19:42:00.000,I 20,I 20 and Lloyd Rd,,Angle Crash,2,Rain,Wet,Dusk
2024-11-28T06:25:00.000,I 20,I 20 and Lloyd Rd,,Not a Collision with Motor Vehicle,1,Cloudy,Wet,Dark-Not Lighted