Date and Time,Roadway (From Crash Report),Intersection Name (from Crash Report),KABCO Severity,Manner of Collision (Crash Level) ,# of Vehicles per crash ,Weather Conditions (Crash Level),Surface Condition (Crash Level) ,Light Conditions (Crash Level)
2021-03-18T02:40:00.000,I 20,I 20 and Lloyd Ct,,Not a Collision with Motor Vehicle,1,Rain,Wet,Dark-Lighted
2023-12-15T00:00:00.000,I 20,I 20 and Lloyd Ct,,Sideswipe-Same Direction,2,Clear,Dry,Daylight
2022-03-29T17:10:00.000,I 20,I 20 and Lithonuia Industrial Blvd,,Rear End,3,Clear,Dry,Daylight
2022-02-26T08:56:00.000,I 20,I 20 and Lithonia Industril Blvd,,Rear End,2,Clear,Dry,Daylight
2024-07-01T13:56:00.000,I 20,I 20 and Lithonia Industrial Way,,Sideswipe-Same Direction,2,Clear,Dry,Daylight
2022-11-18T11:15:00.000,I 20,I 20 and Lithonia Industrial Rd,,Rear End,2,Clear,Dry,Daylight
2022-03-06T03:05:00.000,I 20,I 20 and Lithonia Industrial Bvd,,Rear End,2,Clear,Dry,Dark-Lighted
2022-10-27T07:45:00.000,I 20,I 20 and Lithonia Industrial Blvd.,,Rear End,2,Clear,Dry,Daylight
2022-09-21T07:00:00.000,I 20,I 20 and Lithonia Industrial Blvd.,,Rear End,2,Clear,Dry,Daylight
2022-09-22T14:15:00.000,I 20,I 20 and Lithonia Industrial Blvd.,,Sideswipe-Same Direction,2,Clear,Dry,Daylight
2021-07-05T22:54:00.000,I 20,I 20 and Lithonia Industrial Blvd Exit Rp,,Sideswipe-Same Direction,2,Clear,Dry,Dark-Not Lighted
2023-11-15T06:12:00.000,I 20,I 20 and Lithonia Industrial Blvd Exit Rp,,Sideswipe-Same Direction,2,Rain,Wet,Dark-Not Lighted
2022-10-09T04:10:00.000,I 20,I 20 and Lithonia Industrial Blvd Exit Rp,,Angle Crash,2,Clear,Dry,Dark-Not Lighted
2024-03-26T08:30:00.000,I 20,I 20 and Lithonia Industrial Blvd Exit Rp,,Angle Crash,2,Rain,Wet,Daylight
2022-09-03T14:21:00.000,I 20,I 20 and Lithonia Industrial Blvd Exit 74,,Rear End,2,Clear,Dry,Daylight
2020-06-29T01:10:00.000,I 20,I 20 and Lithonia Industrial Blvd Exit,,Not a Collision with Motor Vehicle,1,Clear,Dry,Dark-Lighted
2022-08-26T19:12:00.000,I 20,I 20 and Lithonia Industrial Blvd Exit,,Rear End,2,Clear,Dry,Daylight
2022-03-12T02:55:00.000,I 20,I 20 and Lithonia Industrial Blvd Evans Mill Rd E,,Sideswipe-Same Direction,2,Rain,Wet,Dark-Not Lighted
2023-10-20T03:58:00.000,I 20,I 20 and Lithonia Industrial Blvd  Evans Mill Rd Rp,,Not a Collision with Motor Vehicle,1,Clear,Dry,Dark-Not Lighted
2021-03-21T16:32:00.000,I 20,I 20 and Lithonia Industrial Blvd,,Rear End,2,Clear,Dry,Daylight
2021-04-16T12:10:00.000,I 20,I 20 and Lithonia Industrial Blvd,,Rear End,2,Clear,Dry,Daylight
2021-06-18T15:49:00.000,I 20,I 20 and Lithonia Industrial Blvd,,Sideswipe-Same Direction,2,Clear,Dry,Daylight
2021-05-14T14:25:00.000,I 20,I 20 and Lithonia Industrial Blvd,,Angle Crash,2,Cloudy,Dry,Daylight
2021-11-24T20:00:00.000,I 20,I 20 and Lithonia Industrial Blvd,,Rear End,2,Clear,Dry,Dark-Not Lighted
2021-11-08T08:45:00.000,I 20,I 20 and Lithonia Industrial Blvd,,Rear End,2,Clear,Dry,Daylight
2021-12-21T13:00:00.000,I 20,I 20 and Lithonia Industrial Blvd,,Rear End,2,Rain,Wet,Daylight
2021-09-25T15:47:00.000,I 20,I 20 and Lithonia Industrial Blvd,,Rear End,2,Clear,Dry,Daylight
2021-07-24T13:17:00.000,I 20,I 20 and Lithonia Industrial Blvd,,Rear End,3,Clear,Dry,Daylight
2021-08-06T17:27:00.000,I 20,I 20 and Lithonia Industrial Blvd,,Sideswipe-Same Direction,2,Clear,Dry,Daylight
2021-01-07T15:00:00.000,I 20,I 20 and Lithonia Industrial Blvd,,Angle Crash,2,Clear,Dry,Daylight
2021-03-06T16:12:00.000,I 20,I 20 and Lithonia Industrial Blvd,,Sideswipe-Same Direction,2,Clear,Dry,Daylight
2021-06-01T17:00:00.000,I 20,I 20 and Lithonia Industrial Blvd,,Rear End,2,Clear,Dry,Daylight
2021-06-15T07:03:00.000,I 20,I 20 and Lithonia Industrial Blvd,,Rear End,2,Clear,Dry,Daylight
2021-05-13T13:50:00.000,I 20,I 20 and Lithonia Industrial Blvd,,Rear End,2,Clear,Dry,Daylight
2021-06-04T13:46:00.000,I 20,I 20 and Lithonia Industrial Blvd,,Rear End,2,Clear,Dry,Daylight
2021-06-09T18:43:00.000,I 20,I 20 and Lithonia Industrial Blvd,,Sideswipe-Same Direction,2,Clear,Dry,Daylight
2021-01-12T06:17:00.000,I 20,I 20 and Lithonia Industrial Blvd,,Sideswipe-Same Direction,4,Cloudy,Wet,Dark-Not Lighted
2021-02-03T12:37:00.000,I 20,I 20 and Lithonia Industrial Blvd,,Rear End,2,Clear,Dry,Daylight
2021-03-06T12:20:00.000,I 20,I 20 and Lithonia Industrial Blvd,,Angle Crash,2,Clear,Dry,Daylight
2021-02-24T19:31:00.000,I 20,I 20 and Lithonia Industrial Blvd,,Sideswipe-Same Direction,2,Clear,Dry,Daylight
2021-08-13T22:34:00.000,I 20,I 20 and Lithonia Industrial Blvd,,Rear End,2,Clear,Dry,Dark-Lighted
2021-09-27T06:02:00.000,I 20,I 20 and Lithonia Industrial Blvd,,Rear End,2,Clear,Dry,Dark-Lighted
2021-09-13T09:03:00.000,I 20,I 20 and Lithonia Industrial Blvd,,Rear End,2,Clear,Dry,Daylight
2021-12-24T20:44:00.000,I 20,I 20 and Lithonia Industrial Blvd,,Angle Crash,2,Clear,Dry,Dark-Not Lighted
2021-12-09T19:00:00.000,I 20,I 20 and Lithonia Industrial Blvd,,Rear End,2,Clear,Dry,Dark-Not Lighted
2021-08-23T15:27:00.000,I 20,I 20 and Lithonia Industrial Blvd,,Rear End,2,Clear,Dry,Daylight
2021-07-23T15:33:00.000,I 20,I 20 and Lithonia Industrial Blvd,,Rear End,2,Clear,Dry,Daylight
2021-09-22T13:00:00.000,I 20,I 20 and Lithonia Industrial Blvd,,Rear End,2,Clear,Dry,Daylight
2021-12-14T07:56:00.000,I 20,I 20 and Lithonia Industrial Blvd,,Rear End,2,Clear,Dry,Daylight
2021-09-07T17:30:00.000,I 20,I 20 and Lithonia Industrial Blvd,,Angle Crash,2,Clear,Dry,Daylight
2021-08-27T06:50:00.000,I 20,I 20 and Lithonia Industrial Blvd,,Rear End,2,Clear,Dry,Daylight
2021-11-19T00:00:00.000,I 20,I 20 and Lithonia Industrial Blvd,,Rear End,2,Clear,Dry,Dark-Lighted
2021-10-05T00:00:00.000,I 20,I 20 and Lithonia Industrial Blvd,,Rear End,2,Rain,Wet,Daylight
2021-08-20T23:55:00.000,I 20,I 20 and Lithonia Industrial Blvd,,Not a Collision with Motor Vehicle,2,Clear,Dry,Dark-Lighted
2021-05-26T11:04:00.000,I 20,I 20 and Lithonia Industrial Blvd,,Rear End,2,Clear,Dry,Daylight
2021-05-28T16:03:00.000,I 20,I 20 and Lithonia Industrial Blvd,,Rear End,2,Clear,Dry,Daylight
2021-03-03T16:54:00.000,I 20,I 20 and Lithonia Industrial Blvd,,Not a Collision with Motor Vehicle,1,Clear,Dry,Daylight
2021-02-24T07:51:00.000,I 20,I 20 and Lithonia Industrial Blvd,,Rear End,2,Clear,Dry,Daylight
2021-06-23T14:25:00.000,I 20,I 20 and Lithonia Industrial Blvd,,Rear End,2,Clear,Dry,Daylight
2021-05-31T19:10:00.000,I 20,I 20 and Lithonia Industrial Blvd,,Sideswipe-Same Direction,2,Clear,Dry,Daylight
2021-07-23T14:34:00.000,I 20,I 20 and Lithonia Industrial Blvd,,Not a Collision with Motor Vehicle,1,Clear,Dry,Daylight
2021-11-11T15:27:00.000,I 20,I 20 and Lithonia Industrial Blvd,,Sideswipe-Same Direction,2,Clear,Dry,Daylight
2021-11-22T15:39:00.000,I 20,I 20 and Lithonia Industrial Blvd,,Angle Crash,2,Clear,Dry,Daylight
2021-11-05T18:25:00.000,I 20,I 20 and Lithonia Industrial Blvd,,Rear End,2,Clear,Dry,Dark-Not Lighted
2021-03-26T08:30:00.000,I 20,I 20 and Lithonia Industrial Blvd,,Rear End,2,Clear,Dry,Daylight
2021-02-06T17:38:00.000,I 20,I 20 and Lithonia Industrial Blvd,,Sideswipe-Same Direction,2,Rain,Wet,Dark-Not Lighted
2021-01-29T18:30:00.000,I 20,I 20 and Lithonia Industrial Blvd,,Rear End,2,Clear,Dry,Dark-Lighted
2021-02-04T22:31:00.000,I 20,I 20 and Lithonia Industrial Blvd,,Not a Collision with Motor Vehicle,2,Cloudy,Dry,Dark-Lighted
2020-01-04T15:55:00.000,I 20,I 20 and Lithonia Industrial Blvd,,Not a Collision with Motor Vehicle,1,Clear,Dry,Daylight
2020-06-27T09:47:00.000,I 20,I 20 and Lithonia Industrial Blvd,,Not a Collision with Motor Vehicle,2,Cloudy,Dry,Daylight
2023-03-17T22:10:00.000,I 20,I 20 and Lithonia Industrial Blvd,,Rear End,2,Clear,Wet,Dark-Not Lighted
2023-03-31T19:48:00.000,I 20,I 20 and Lithonia Industrial Blvd,,Rear End,2,Clear,Dry,Dark-Not Lighted
2023-03-07T08:25:00.000,I 20,I 20 and Lithonia Industrial Blvd,,Rear End,2,Clear,Dry,Daylight
2023-06-29T09:00:00.000,I 20,I 20 and Lithonia Industrial Blvd,,Sideswipe-Same Direction,2,Clear,Dry,Daylight
2023-10-20T05:58:00.000,I 20,I 20 and Lithonia Industrial Blvd,,Rear End,3,Cloudy,Dry,Dark-Not Lighted
2023-05-02T15:19:00.000,I 20,I 20 and Lithonia Industrial Blvd,,Not a Collision with Motor Vehicle,1,Clear,Dry,Daylight
2023-08-15T07:37:00.000,I 20,I 20 and Lithonia Industrial Blvd,,Rear End,2,Clear,Dry,Daylight
2023-08-26T18:50:00.000,I 20,I 20 and Lithonia Industrial Blvd,,Rear End,2,Clear,Dry,Daylight
2023-07-25T22:41:00.000,I 20,I 20 and Lithonia Industrial Blvd,,Rear End,3,Clear,Dry,Dark-Not Lighted
2023-08-01T15:37:00.000,I 20,I 20 and Lithonia Industrial Blvd,,Sideswipe-Same Direction,2,Clear,Dry,Daylight
2023-11-16T07:15:00.000,I 20,I 20 and Lithonia Industrial Blvd,,Rear End,2,Cloudy,Dry,Daylight
2023-06-03T15:26:00.000,I 20,I 20 and Lithonia Industrial Blvd,,Angle Crash,3,Clear,Dry,Daylight
2023-09-28T08:19:00.000,I 20,I 20 and Lithonia Industrial Blvd,,Rear End,2,Clear,Dry,Daylight
2023-09-29T13:25:00.000,I 20,I 20 and Lithonia Industrial Blvd,,Rear End,2,Clear,Dry,Daylight
2023-07-13T07:52:00.000,I 20,I 20 and Lithonia Industrial Blvd,,Angle Crash,3,Clear,Dry,Daylight
2023-08-03T20:00:00.000,I 20,I 20 and Lithonia Industrial Blvd,,Sideswipe-Opposite Direction,2,Clear,Wet,Daylight
2023-10-23T13:51:00.000,I 20,I 20 and Lithonia Industrial Blvd,,Angle Crash,2,Clear,Dry,Daylight
2023-09-30T00:10:00.000,I 20,I 20 and Lithonia Industrial Blvd,,Rear End,2,Clear,Dry,Dark-Not Lighted
2023-09-16T00:00:00.000,I 20,I 20 and Lithonia Industrial Blvd,,Rear End,3,Clear,Dry,Dark-Not Lighted
2023-08-10T23:00:00.000,I 20,I 20 and Lithonia Industrial Blvd,,Angle Crash,2,Clear,Dry,Dark-Not Lighted
2023-12-27T14:45:00.000,I 20,I 20 and Lithonia Industrial Blvd,,Sideswipe-Same Direction,2,Clear,Dry,Daylight
2023-08-18T23:15:00.000,I 20,I 20 and Lithonia Industrial Blvd,,Angle Crash,2,Clear,Dry,Dark-Not Lighted
2023-03-19T18:15:00.000,I 20,I 20 and Lithonia Industrial Blvd,,Sideswipe-Same Direction,2,Clear,Dry,Daylight
2023-09-29T05:42:00.000,I 20,I 20 and Lithonia Industrial Blvd,,Sideswipe-Same Direction,2,Clear,Dry,Dark-Not Lighted
2023-03-06T12:21:00.000,I 20,I 20 and Lithonia Industrial Blvd,,Not a Collision with Motor Vehicle,1,Clear,Dry,Daylight
2023-07-19T17:23:00.000,I 20,I 20 and Lithonia Industrial Blvd,,Head On,2,Clear,Dry,Daylight
2023-01-13T20:09:00.000,I 20,I 20 and Lithonia Industrial Blvd,,Sideswipe-Same Direction,2,Clear,Dry,Dark-Lighted
2023-11-20T15:20:00.000,I 20,I 20 and Lithonia Industrial Blvd,,Rear End,2,Clear,Dry,Daylight
2023-04-09T15:30:00.000,I 20,I 20 and Lithonia Industrial Blvd,,Rear End,2,Clear,Dry,Daylight
2023-09-01T17:54:00.000,I 20,I 20 and Lithonia Industrial Blvd,,Rear End,2,Clear,Dry,Daylight
2023-11-17T23:29:00.000,I 20,I 20 and Lithonia Industrial Blvd,,Rear End,2,Clear,Dry,Dark-Not Lighted
2022-03-04T15:48:00.000,I 20,I 20 and Lithonia Industrial Blvd,,Sideswipe-Same Direction,2,Clear,Dry,Daylight
2022-02-24T09:30:00.000,I 20,I 20 and Lithonia Industrial Blvd,,Rear End,2,Clear,Dry,Daylight
2022-05-11T20:43:00.000,I 20,I 20 and Lithonia Industrial Blvd,,Sideswipe-Same Direction,2,Clear,Dry,Daylight
2022-07-11T05:50:00.000,I 20,I 20 and Lithonia Industrial Blvd,,Sideswipe-Same Direction,2,Cloudy,Dry,Dark-Not Lighted
2023-03-24T07:02:00.000,I 20,I 20 and Lithonia Industrial Blvd,,Rear End,2,Clear,Dry,Dawn
2020-07-16T00:00:00.000,I 20,I 20 and Lithonia Industrial Blvd,,Rear End,2,Clear,Dry,Dark-Lighted
2020-09-30T19:30:00.000,I 20,I 20 and Lithonia Industrial Blvd,,Rear End,2,Clear,Dry,Daylight
2020-12-08T06:55:00.000,I 20,I 20 and Lithonia Industrial Blvd,,Sideswipe-Same Direction,2,Clear,Dry,Dark-Lighted
2020-11-26T09:27:00.000,I 20,I 20 and Lithonia Industrial Blvd,,Sideswipe-Same Direction,2,Cloudy,Wet,Daylight
2020-12-18T20:45:00.000,I 20,I 20 and Lithonia Industrial Blvd,,Sideswipe-Same Direction,2,Clear,Dry,Dark-Not Lighted
2020-06-25T20:23:00.000,I 20,I 20 and Lithonia Industrial Blvd,,Sideswipe-Same Direction,2,Cloudy,Dry,Daylight
2020-09-29T20:23:00.000,I 20,I 20 and Lithonia Industrial Blvd,,Rear End,2,Clear,Dry,Dark-Not Lighted
2020-08-22T11:20:00.000,I 20,I 20 and Lithonia Industrial Blvd,,Angle Crash,2,Clear,Dry,Daylight
2020-02-14T22:51:00.000,I 20,I 20 and Lithonia Industrial Blvd,,Rear End,2,Clear,Dry,Dark-Not Lighted
2020-02-06T08:40:00.000,I 20,I 20 and Lithonia Industrial Blvd,,Sideswipe-Same Direction,2,Rain,Wet,Daylight
2020-07-09T15:57:00.000,I 20,I 20 and Lithonia Industrial Blvd,,Sideswipe-Same Direction,2,Cloudy,Dry,Daylight
2020-02-15T12:39:00.000,I 20,I 20 and Lithonia Industrial Blvd,,Rear End,4,Clear,Dry,Daylight
2020-04-17T15:24:00.000,I 20,I 20 and Lithonia Industrial Blvd,,Sideswipe-Same Direction,2,Clear,Dry,Daylight
2020-04-30T17:40:00.000,I 20,I 20 and Lithonia Industrial Blvd,,Sideswipe-Same Direction,2,Cloudy,Dry,Daylight
2020-02-19T15:42:00.000,I 20,I 20 and Lithonia Industrial Blvd,,Rear End,2,Cloudy,Dry,Daylight
2020-01-27T08:40:00.000,I 20,I 20 and Lithonia Industrial Blvd,,Sideswipe-Same Direction,2,Cloudy,Dry,Daylight
2020-11-20T17:43:00.000,I 20,I 20 and Lithonia Industrial Blvd,,Rear End,2,Clear,Dry,Dark-Not Lighted
2020-12-22T03:15:00.000,I 20,I 20 and Lithonia Industrial Blvd,,Rear End,2,Clear,Dry,Dark-Not Lighted
2020-02-14T21:43:00.000,I 20,I 20 and Lithonia Industrial Blvd,,Rear End,2,Clear,Dry,Dark-Lighted
2020-08-09T21:40:00.000,I 20,I 20 and Lithonia Industrial Blvd,,Angle Crash,2,Clear,Dry,Dark-Not Lighted
2020-04-05T23:37:00.000,I 20,I 20 and Lithonia Industrial Blvd,,Sideswipe-Same Direction,2,Clear,Dry,Dark-Not Lighted
2020-09-09T11:54:00.000,I 20,I 20 and Lithonia Industrial Blvd,,Rear End,2,Cloudy,Dry,Daylight
2020-09-01T18:36:00.000,I 20,I 20 and Lithonia Industrial Blvd,,Sideswipe-Same Direction,2,Clear,Dry,Daylight
2020-08-27T17:30:00.000,I 20,I 20 and Lithonia Industrial Blvd,,Not a Collision with Motor Vehicle,2,Clear,Dry,Daylight
2020-08-30T23:31:00.000,I 20,I 20 and Lithonia Industrial Blvd,,Sideswipe-Same Direction,2,Rain,Wet,Dark-Not Lighted
2020-06-23T01:40:00.000,I 20,I 20 and Lithonia Industrial Blvd,,Sideswipe-Same Direction,2,Clear,Dry,Dark-Not Lighted
2020-08-28T20:32:00.000,I 20,I 20 and Lithonia Industrial Blvd,,Rear End,2,Clear,Dry,Dark-Not Lighted
2020-09-17T17:11:00.000,I 20,I 20 and Lithonia Industrial Blvd,,Not a Collision with Motor Vehicle,1,Rain,Wet,Daylight
2020-11-05T12:45:00.000,I 20,I 20 and Lithonia Industrial Blvd,,Not a Collision with Motor Vehicle,1,Clear,Dry,Daylight
2020-12-09T12:07:00.000,I 20,I 20 and Lithonia Industrial Blvd,,Rear End,2,Clear,Dry,Daylight
2020-06-29T01:00:00.000,I 20,I 20 and Lithonia Industrial Blvd,,Angle Crash,2,Clear,Dry,Dark-Lighted
2020-01-26T13:20:00.000,I 20,I 20 and Lithonia Industrial Blvd,,Rear End,4,Cloudy,Dry,Daylight
2020-10-03T16:30:00.000,I 20,I 20 and Lithonia Industrial Blvd,,Rear End,2,Clear,Dry,Daylight
2020-02-21T15:47:00.000,I 20,I 20 and Lithonia Industrial Blvd,,Sideswipe-Same Direction,2,Clear,Dry,Dawn
2020-12-18T14:10:00.000,I 20,I 20 and Lithonia Industrial Blvd,,Rear End,2,Clear,Dry,Daylight
2020-11-20T17:17:00.000,I 20,I 20 and Lithonia Industrial Blvd,,Rear End,3,Clear,Dry,Dark-Lighted
2020-08-04T13:30:00.000,I 20,I 20 and Lithonia Industrial Blvd,,Sideswipe-Same Direction,2,Clear,Dry,Daylight
2020-07-03T14:16:00.000,I 20,I 20 and Lithonia Industrial Blvd,,Not a Collision with Motor Vehicle,1,Cloudy,Dry,Daylight
2020-02-16T17:48:00.000,I 20,I 20 and Lithonia Industrial Blvd,,Angle Crash,2,Cloudy,Wet,Daylight
2020-01-04T16:32:00.000,I 20,I 20 and Lithonia Industrial Blvd,,Sideswipe-Same Direction,2,Clear,Dry,Daylight
2020-02-16T19:20:00.000,I 20,I 20 and Lithonia Industrial Blvd,,Rear End,2,Cloudy,Wet,Dark-Not Lighted
2020-12-03T14:40:00.000,I 20,I 20 and Lithonia Industrial Blvd,,Angle Crash,2,Cloudy,Dry,Daylight
2020-09-18T13:50:00.000,I 20,I 20 and Lithonia Industrial Blvd,,Angle Crash,2,Clear,Dry,Daylight
2020-08-15T20:34:00.000,I 20,I 20 and Lithonia Industrial Blvd,,Not a Collision with Motor Vehicle,1,Rain,Wet,Daylight
2020-10-09T20:05:00.000,I 20,I 20 and Lithonia Industrial Blvd,,Rear End,2,Clear,Dry,Dark-Not Lighted
2020-06-10T21:00:00.000,I 20,I 20 and Lithonia Industrial Blvd,,Sideswipe-Same Direction,2,Cloudy,Dry,Dark-Not Lighted
2020-09-02T00:00:00.000,I 20,I 20 and Lithonia Industrial Blvd,,Rear End,2,Clear,Dry,Daylight
2020-07-12T03:34:00.000,I 20,I 20 and Lithonia Industrial Blvd,,Not a Collision with Motor Vehicle,1,Clear,Dry,Dark-Lighted
2020-04-21T21:30:00.000,I 20,I 20 and Lithonia Industrial Blvd,,Rear End,3,Clear,Dry,Dark-Not Lighted
2020-03-18T18:41:00.000,I 20,I 20 and Lithonia Industrial Blvd,,Rear End,2,Rain,Wet,Daylight
2020-06-12T17:00:00.000,I 20,I 20 and Lithonia Industrial Blvd,,Rear End,2,Clear,Dry,Daylight
2020-08-31T18:50:00.000,I 20,I 20 and Lithonia Industrial Blvd,,Rear End,2,Clear,Dry,Daylight
2020-05-15T15:20:00.000,I 20,I 20 and Lithonia Industrial Blvd,,Rear End,2,Clear,Dry,Daylight
2020-04-12T12:30:00.000,I 20,I 20 and Lithonia Industrial Blvd,,Rear End,2,Rain,Wet,Daylight
2020-03-07T21:09:00.000,I 20,I 20 and Lithonia Industrial Blvd,,Angle Crash,2,Clear,Dry,Dark-Not Lighted
2020-01-21T06:44:00.000,I 20,I 20 and Lithonia Industrial Blvd,,Rear End,2,Clear,Dry,Dark-Lighted
2020-05-15T16:00:00.000,I 20,I 20 and Lithonia Industrial Blvd,,Rear End,2,Clear,Dry,Daylight
2020-07-02T10:15:00.000,I 20,I 20 and Lithonia Industrial Blvd,,Not a Collision with Motor Vehicle,1,Clear,Dry,Daylight
2020-12-18T18:20:00.000,I 20,I 20 and Lithonia Industrial Blvd,,Rear End,3,Clear,Dry,Dark-Not Lighted
2020-08-18T21:02:00.000,I 20,I 20 and Lithonia Industrial Blvd,,Rear End,2,Clear,Dry,Dark-Not Lighted
2020-02-27T04:17:00.000,I 20,I 20 and Lithonia Industrial Blvd,,Rear End,2,Clear,Dry,Dark-Not Lighted
2020-01-09T19:50:00.000,I 20,I 20 and Lithonia Industrial Blvd,,Rear End,3,Clear,Dry,Dark-Not Lighted
2020-03-07T19:23:00.000,I 20,I 20 and Lithonia Industrial Blvd,,Sideswipe-Same Direction,2,Clear,Dry,Dark-Not Lighted
2021-06-26T11:55:00.000,I 20,I 20 and Lithonia Industrial Blvd,,Sideswipe-Same Direction,2,Clear,Dry,Daylight
2021-04-14T08:51:00.000,I 20,I 20 and Lithonia Industrial Blvd,,Rear End,2,Clear,Dry,Daylight
2021-03-19T11:10:00.000,I 20,I 20 and Lithonia Industrial Blvd,,Angle Crash,2,Clear,Dry,Daylight
2021-02-13T15:00:00.000,I 20,I 20 and Lithonia Industrial Blvd,,Rear End,2,Clear,Dry,Daylight
2021-06-01T15:00:00.000,I 20,I 20 and Lithonia Industrial Blvd,,Rear End,2,Clear,Dry,Daylight
2021-05-03T14:30:00.000,I 20,I 20 and Lithonia Industrial Blvd,,Angle Crash,2,Rain,Wet,Daylight
2021-01-07T17:25:00.000,I 20,I 20 and Lithonia Industrial Blvd,,Rear End,3,Cloudy,Wet,Daylight
2021-05-28T14:25:00.000,I 20,I 20 and Lithonia Industrial Blvd,,Rear End,2,Clear,Dry,Daylight
2021-03-23T16:45:00.000,I 20,I 20 and Lithonia Industrial Blvd,,Sideswipe-Same Direction,2,Clear,Dry,Daylight
2021-05-17T08:25:00.000,I 20,I 20 and Lithonia Industrial Blvd,,Rear End,2,Clear,Dry,Daylight
2021-06-04T11:45:00.000,I 20,I 20 and Lithonia Industrial Blvd,,Not a Collision with Motor Vehicle,1,Cloudy,Dry,Daylight
2021-01-18T10:30:00.000,I 20,I 20 and Lithonia Industrial Blvd,,Angle Crash,2,Clear,Dry,Daylight
2021-05-15T00:00:00.000,I 20,I 20 and Lithonia Industrial Blvd,,Sideswipe-Same Direction,2,Clear,Dry,Daylight
2021-01-29T17:40:00.000,I 20,I 20 and Lithonia Industrial Blvd,,Rear End,2,Clear,Dry,Daylight
2021-01-29T18:30:00.000,I 20,I 20 and Lithonia Industrial Blvd,,Rear End,2,Clear,Dry,Dark-Lighted
2021-06-10T18:19:00.000,I 20,I 20 and Lithonia Industrial Blvd,,Rear End,3,Clear,Dry,Daylight
2021-02-26T21:00:00.000,I 20,I 20 and Lithonia Industrial Blvd,,Rear End,2,Clear,Dry,Dark-Not Lighted
2021-05-11T18:15:00.000,I 20,I 20 and Lithonia Industrial Blvd,,Not a Collision with Motor Vehicle,1,Clear,Dry,Daylight
2021-09-08T20:20:00.000,I 20,I 20 and Lithonia Industrial Blvd,,Rear End,2,Clear,Dry,Dark-Not Lighted
2021-09-22T07:00:00.000,I 20,I 20 and Lithonia Industrial Blvd,,Angle Crash,2,Cloudy,Wet,Daylight
2021-08-03T08:20:00.000,I 20,I 20 and Lithonia Industrial Blvd,,Sideswipe-Same Direction,2,Cloudy,Wet,Daylight
2021-07-08T02:20:00.000,I 20,I 20 and Lithonia Industrial Blvd,,Sideswipe-Same Direction,2,Clear,Dry,Dark-Not Lighted
2021-11-17T11:34:00.000,I 20,I 20 and Lithonia Industrial Blvd,,Rear End,2,Clear,Dry,Daylight
2021-11-10T16:50:00.000,I 20,I 20 and Lithonia Industrial Blvd,,Rear End,3,Clear,Dry,Daylight
2021-08-12T13:00:00.000,I 20,I 20 and Lithonia Industrial Blvd,,Sideswipe-Same Direction,2,Clear,Dry,Daylight
2021-11-13T15:20:00.000,I 20,I 20 and Lithonia Industrial Blvd,,Rear End,2,Clear,Dry,Daylight
2021-08-26T00:00:00.000,I 20,I 20 and Lithonia Industrial Blvd,,Angle Crash,2,Clear,Dry,Daylight
2021-08-23T07:30:00.000,I 20,I 20 and Lithonia Industrial Blvd,,Sideswipe-Same Direction,2,Clear,Dry,Daylight
2021-10-27T10:41:00.000,I 20,I 20 and Lithonia Industrial Blvd,,Angle Crash,2,Clear,Dry,Daylight
2021-12-14T14:00:00.000,I 20,I 20 and Lithonia Industrial Blvd,,Sideswipe-Same Direction,2,Clear,Dry,Daylight
2021-10-24T22:40:00.000,I 20,I 20 and Lithonia Industrial Blvd,,Angle Crash,3,Clear,Dry,Daylight
2021-07-20T16:40:00.000,I 20,I 20 and Lithonia Industrial Blvd,,Rear End,2,Rain,Wet,Daylight
2021-12-27T17:00:00.000,I 20,I 20 and Lithonia Industrial Blvd,,Sideswipe-Same Direction,2,Clear,Dry,Dark-Not Lighted
2021-11-24T09:55:00.000,I 20,I 20 and Lithonia Industrial Blvd,,Sideswipe-Same Direction,2,Clear,Dry,Daylight
2021-10-15T15:00:00.000,I 20,I 20 and Lithonia Industrial Blvd,,Sideswipe-Same Direction,2,Clear,Dry,Daylight
2022-02-25T13:21:00.000,I 20,I 20 and Lithonia Industrial Blvd,,Sideswipe-Same Direction,2,Cloudy,Dry,Daylight
2022-11-22T11:45:00.000,I 20,I 20 and Lithonia Industrial Blvd,,Angle Crash,2,Clear,Dry,Daylight
2022-06-06T15:41:00.000,I 20,I 20 and Lithonia Industrial Blvd,,Not a Collision with Motor Vehicle,2,Cloudy,Dry,Daylight