Date and Time,Roadway (From Crash Report),Intersection Name (from Crash Report),KABCO Severity,Manner of Collision (Crash Level) ,# of Vehicles per crash ,Weather Conditions (Crash Level),Surface Condition (Crash Level) ,Light Conditions (Crash Level)
2020-10-16T16:26:00.000,I 20,I 20 and Lithonia Ind Blvd,,Rear End,2,Clear,Dry,Daylight
2020-02-29T19:35:00.000,I 20,I 20 and Lithonia Ind Blvd,,Rear End,2,Clear,Dry,Dark-Not Lighted
2020-03-17T07:15:00.000,I 20,I 20 and Lithonia Ind Blvd,,Not a Collision with Motor Vehicle,1,Cloudy,Wet,Dark-Lighted
2021-03-31T14:16:00.000,I 20,I 20 and Lithonia Ind Blvd,,Not a Collision with Motor Vehicle,1,Rain,Wet,Daylight
2021-05-08T13:10:00.000,I 20,I 20 and Lithonia Ind Blvd,,Rear End,2,Clear,Dry,Daylight
2021-08-18T20:11:00.000,I 20,I 20 and Lithonia Ind Blvd,,Rear End,2,Clear,Dry,Dark-Lighted
2021-07-09T14:00:00.000,I 20,I 20 and Lithonia Ind Blvd,,Sideswipe-Same Direction,2,Clear,Dry,Daylight
2022-11-06T09:40:00.000,I 20,I 20 and Lithonia Ind Blvd,,Not a Collision with Motor Vehicle,1,Clear,Dry,Daylight
2022-10-17T06:40:00.000,I 20,I 20 and Lithonia Ind Blvd,,Rear End,2,Clear,Dry,Daylight
2022-01-17T12:00:00.000,I 20,I 20 and Lithonia Ind Blvd,,Rear End,2,Clear,Dry,Daylight
2022-03-14T00:00:00.000,I 20,I 20 and Lithonia Ind Blvd,,Not a Collision with Motor Vehicle,1,Clear,Dry,Dark-Not Lighted
2022-01-31T07:40:00.000,I 20,I 20 and Lithonia Ind Blvd,,Angle Crash,2,Clear,Dry,Daylight
2022-09-02T15:00:00.000,I 20,I 20 and Lithonia Ind Blvd,,Rear End,4,Cloudy,Dry,Daylight
2023-10-23T23:40:00.000,I 20,I 20 and Lithonia Ind Blvd,,Not a Collision with Motor Vehicle,1,Clear,Dry,Dark-Not Lighted
2023-12-25T14:20:00.000,I 20,I 20 and Lithonia Ind Blvd,,Rear End,2,Rain,Wet,Daylight
2024-05-31T19:01:00.000,I 20,I 20 and Lithonia Ind Blvd,,Rear End,2,Clear,Dry,Daylight
2024-05-16T15:30:00.000,I 20,I 20 and Lithonia Ind Blvd,,Rear End,2,Clear,Dry,Daylight
2024-05-29T11:48:00.000,I 20,I 20 and Lithonia Ind Blvd,,Rear End,2,Clear,Dry,Daylight
2024-09-15T04:51:00.000,I 20,I 20 and Lithonia Ind Blvd,,Rear End,6,Rain,Wet,Dark-Not Lighted
2024-05-16T18:00:00.000,I 20,I 20 and Lithonia Ind Blvd,,Sideswipe-Same Direction,2,Clear,Dry,Daylight
2024-10-16T22:15:00.000,I 20,I 20 and Lithonia Ind Blvd,,Sideswipe-Same Direction,2,Clear,Dry,Dark-Not Lighted
2022-02-01T07:15:00.000,I 20,I 20 and Lithonia In Blvd,,Rear End,2,Clear,Dry,Daylight
2021-01-12T06:28:00.000,I 20,I 20 and Lithonia  Industrial Blvd,,Rear End,3,Cloudy,Wet,Dark-Not Lighted
2022-07-12T13:50:00.000,I 20,I 20 and Lithonia  Industrial Blvd,,Sideswipe-Same Direction,2,Cloudy,Dry,Daylight
2021-08-29T22:54:00.000,I 20,I 20 and Lithoina Industrial Blvd,,Rear End,2,Clear,Dry,Dark-Not Lighted
2022-08-09T09:00:00.000,I 20,I 20 and Lithionia Industrial Blvd.,,Rear End,2,Clear,Dry,Daylight
2024-10-01T11:30:00.000,I 20,I 20 and Lioyd Rd,,Not a Collision with Motor Vehicle,1,Cloudy,Dry,Daylight
2020-05-27T15:36:00.000,I 20,I 20 and Linkwoood Rd,,Angle Crash,2,Rain,Wet,Daylight
2022-12-05T18:05:00.000,I 20,I 20 and Linkwood Road Opas,,Rear End,2,Rain,Wet,Dark-Not Lighted
2022-04-12T14:56:00.000,I 20,I 20 and Linkwood Road Opas,,Rear End,2,Clear,Dry,Daylight
2024-05-21T15:10:00.000,I 20,I 20 and Linkwood Road Opas,,Sideswipe-Same Direction,2,Clear,Dry,Daylight
2024-07-18T17:55:00.000,I 20,I 20 and Linkwood Road Opas,,Sideswipe-Same Direction,2,Cloudy,Wet,Daylight
2021-06-15T18:17:00.000,I 20,I 20 and Linkwood Road Nw Opas,,Sideswipe-Same Direction,2,Clear,Dry,Daylight
2021-07-30T16:46:00.000,I 20,I 20 and Linkwood Rd Opas,,Rear End,2,Clear,Dry,Daylight
2022-07-19T09:40:00.000,I 20,I 20 and Linkwood Rd Opas,,Rear End,2,Rain,Wet,Daylight
2024-01-26T13:40:00.000,I 20,I 20 and Linkwood Rd Opas,,Sideswipe-Same Direction,2,Cloudy,Dry,Daylight
2024-08-09T17:59:00.000,I 20,I 20 and Linkwood Rd Opas,,Rear End,3,Clear,Dry,Daylight
2024-08-02T13:58:00.000,I 20,I 20 and Linkwood Rd Opas,,Sideswipe-Same Direction,3,Clear,Dry,Daylight
2021-07-23T16:03:00.000,I 20,I 20 and Linkwood Rd Nw Opas,,Rear End,2,Clear,Dry,Daylight
2024-11-15T11:12:00.000,I 20,I 20 and Linkwood Rd Nw Opas,,Rear End,3,Clear,Dry,Daylight
2021-03-16T19:10:00.000,I 20,I 20 and Linkwood Rd,,Not a Collision with Motor Vehicle,1,Rain,Wet,Daylight
2021-12-29T12:28:00.000,I 20,I 20 and Linkwood Rd,,Not a Collision with Motor Vehicle,1,Cloudy,Wet,Daylight
2021-09-03T15:30:00.000,I 20,I 20 and Linkwood Rd,,Sideswipe-Same Direction,2,Clear,Dry,Daylight
2023-04-20T13:07:00.000,I 20,I 20 and Linkwood Rd,,Rear End,2,Clear,Dry,Daylight
2023-05-26T10:02:00.000,I 20,I 20 and Linkwood Rd,,Sideswipe-Same Direction,2,Clear,Dry,Daylight
2023-03-03T15:45:00.000,I 20,I 20 and Linkwood Rd,,Sideswipe-Same Direction,2,Cloudy,Dry,Daylight
2022-10-31T11:34:00.000,I 20,I 20 and Linkwood Rd,,Rear End,3,Cloudy,Wet,Daylight
2020-05-27T16:12:00.000,I 20,I 20 and Linkwood Rd,,Rear End,2,Cloudy,Wet,Daylight
2020-09-10T16:50:00.000,I 20,I 20 and Linkwood Rd,,Rear End,2,Clear,Dry,Daylight
2021-07-26T14:10:00.000,I 20,I 20 and Linkwood Rd,,Sideswipe-Same Direction,2,Clear,Dry,Daylight
2021-10-07T12:08:00.000,I 20,I 20 and Linkwood Rd,,Not a Collision with Motor Vehicle,2,Cloudy,Wet,Daylight
2022-02-25T15:54:00.000,I 20,I 20 and Linkwood Rd,,Rear End,5,Clear,Dry,Daylight
2022-10-31T09:37:00.000,I 20,I 20 and Linkwood Rd,,Sideswipe-Same Direction,3,Cloudy,Wet,Daylight
2022-10-21T16:30:00.000,I 20,I 20 and Linkwood Rd,,Sideswipe-Same Direction,2,Clear,Dry,Daylight
2022-09-15T11:26:00.000,I 20,I 20 and Linkwood Rd,,Rear End,2,Clear,Dry,Daylight
2022-05-05T15:43:00.000,I 20,I 20 and Linkwood Rd,,Sideswipe-Same Direction,3,Clear,Dry,Daylight
2022-01-26T18:25:00.000,I 20,I 20 and Linkwood Rd,,Sideswipe-Same Direction,2,Clear,Dry,Dark-Lighted
2022-07-26T17:12:00.000,I 20,I 20 and Linkwood Rd,,Rear End,3,Clear,Dry,Daylight
2022-09-05T08:07:00.000,I 20,I 20 and Linkwood Rd,,Sideswipe-Same Direction,2,Cloudy,Wet,Daylight
2022-09-20T17:25:00.000,I 20,I 20 and Linkwood Rd,,Sideswipe-Same Direction,2,Clear,Dry,Daylight
2022-03-04T11:40:00.000,I 20,I 20 and Linkwood Rd,,Sideswipe-Same Direction,2,Clear,Dry,Daylight
2024-07-23T14:45:00.000,I 20,I 20 and Linkwood Rd,,Sideswipe-Same Direction,3,Cloudy,Dry,Daylight
2024-12-06T12:25:00.000,I 20,I 20 and Linkwood Rd,,Sideswipe-Same Direction,3,Clear,Dry,Daylight
2023-02-23T16:15:00.000,I 20,I 20 and Linkwood Rd,,Rear End,2,Cloudy,Dry,Daylight
2023-06-30T09:45:00.000,I 20,I 20 and Linkwood Rd,,Rear End,2,Clear,Dry,Daylight
2023-04-20T13:53:00.000,I 20,I 20 and Linkwood Rd,,Rear End,3,Clear,Dry,Daylight
2023-04-28T16:47:00.000,I 20,I 20 and Linkwood Rd,,Rear End,2,Clear,Dry,Daylight
2024-10-07T07:50:00.000,I 20,I 20 and Linkwood Rd,,Rear End,2,Clear,Dry,Daylight
2024-06-11T17:00:00.000,I 20,I 20 and Linkwood Rd,,Sideswipe-Same Direction,3,Clear,Dry,Daylight
2023-06-02T15:18:00.000,I 20,I 20 and Linkwood Drive Opas,,Rear End,2,Clear,Dry,Daylight
2024-11-18T10:39:00.000,I 20,I 20 and Linkwood Dr,,Sideswipe-Same Direction,2,Clear,Dry,Daylight
2024-06-25T16:55:00.000,I 20,I 20 and Linkwood,,Rear End,3,Clear,Dry,Daylight
2023-08-31T10:48:00.000,I 20,I 20 and Linkwood,,Rear End,2,Clear,Dry,Daylight
2024-11-29T11:31:00.000,I 20,I 20 and Linkwood,,Sideswipe-Same Direction,3,Cloudy,Dry,Daylight
2021-10-09T15:03:00.000,I 20,I 20 and Link Wood Rd,,Rear End,2,Clear,Dry,Daylight
2021-11-28T19:45:00.000,I 20,I 20 and Libery Rd,,Sideswipe-Same Direction,2,Clear,Dry,Dark-Lighted
2023-04-08T12:13:00.000,I 20,I 20 and Liberty Road On Rp,,Angle Crash,2,Rain,Wet,Daylight
2023-09-09T13:20:00.000,I 20,I 20 and Liberty Road On Rp,,Rear End,2,Clear,Dry,Daylight
2024-10-28T20:09:00.000,I 20,I 20 and Liberty Road On Rp,,Rear End,2,Clear,Dry,Dark-Not Lighted
2024-08-05T21:33:00.000,I 20,I 20 and Liberty Road On Rp,,Sideswipe-Same Direction,2,Clear,Dry,Dark-Not Lighted
2024-12-17T18:38:00.000,I 20,I 20 and Liberty Road On Rp,,Not a Collision with Motor Vehicle,2,Clear,Dry,Dark-Not Lighted
2024-09-27T04:23:00.000,I 20,I 20 and Liberty Road On Rp,,Not a Collision with Motor Vehicle,1,Rain,Wet,Dark-Not Lighted
2024-11-19T10:18:00.000,I 20,I 20 and Liberty Road Off Rp,,Angle Crash,2,Rain,Wet,Daylight
2023-09-19T12:07:00.000,I 20,I 20 and Liberty Road I20 Exit 26,,Sideswipe-Same Direction,2,Clear,Dry,Daylight
2021-09-03T14:46:00.000,I 20,I 20 and Liberty Road Exit Rp,,Rear End,2,Clear,Dry,Daylight
2022-12-15T00:15:00.000,I 20,I 20 and Liberty Road Exit Rp,,Not a Collision with Motor Vehicle,1,Rain,Wet,Dark-Not Lighted
2020-02-06T12:32:00.000,I 20,I 20 and Liberty Road Exit Rp,,Not a Collision with Motor Vehicle,1,Rain,Wet,Daylight
2021-07-07T14:55:00.000,I 20,I 20 and Liberty Road Exit Rp,,Rear End,2,Cloudy,Dry,Daylight
2023-08-10T09:05:00.000,I 20,I 20 and Liberty Road Exit 26 W Bound Off Rp,,Angle Crash,1,Rain,Wet,Daylight
2020-03-02T13:58:00.000,I 20,I 20 and Liberty Road Exit 26,,Not a Collision with Motor Vehicle,1,Rain,Wet,Daylight
2020-04-19T10:30:00.000,I 20,I 20 and Liberty Road Exit 26,,Not a Collision with Motor Vehicle,1,Rain,Water (standing or moving),Daylight
2021-06-15T10:33:00.000,I 20,I 20 and Liberty Road Exit 26,,Angle Crash,3,Clear,Dry,Daylight
2022-03-18T12:09:00.000,I 20,I 20 and Liberty Road Exit 26,,Angle Crash,3,Rain,Wet,Daylight
2022-05-13T16:55:00.000,I 20,I 20 and Liberty Road Exit 26,,Sideswipe-Same Direction,2,Clear,Dry,Daylight
2022-07-03T17:45:00.000,I 20,I 20 and Liberty Road Exit 26,,Sideswipe-Same Direction,3,Cloudy,Wet,Daylight
2024-11-17T04:00:00.000,I 20,I 20 and Liberty Road Exit 26,,Sideswipe-Same Direction,2,Clear,Dry,Dark-Not Lighted
2020-08-01T13:40:00.000,I 20,I 20 and Liberty Road Exit,,Sideswipe-Same Direction,2,Clear,Dry,Daylight
2020-03-09T00:00:00.000,I 20,I 20 and Liberty Road Entrance Rp,,Rear End,2,Clear,Dry,Daylight
2021-01-02T03:20:00.000,I 20,I 20 and Liberty Road Brg,,Sideswipe-Same Direction,2,Clear,Wet,Dark-Not Lighted
2021-10-24T02:05:00.000,I 20,I 20 and Liberty Road Brg,,Rear End,2,Clear,Dry,Dark-Not Lighted
2022-07-21T08:25:00.000,I 20,I 20 and Liberty Road Brg,,Angle Crash,1,Rain,Wet,Daylight
2024-10-18T20:31:00.000,I 20,I 20 and Liberty Road Brg,,Sideswipe-Same Direction,2,Clear,Dry,Dark-Not Lighted
2023-04-04T07:00:00.000,I 20,I 20 and Liberty Road 20 E Entrance Rp,,Sideswipe-Same Direction,2,Rain,Wet,Daylight
2021-10-12T01:40:00.000,I 20,I 20 and Liberty Rd Exit,,Sideswipe-Same Direction,2,Clear,Dry,Dark-Not Lighted
2021-07-22T18:00:00.000,I 20,I 20 and Liberty Rd Brg,,Rear End,2,Clear,Dry,Daylight
2021-02-09T17:00:00.000,I 20,I 20 and Liberty Rd,,Rear End,2,Clear,Dry,Daylight
2021-10-08T10:00:00.000,I 20,I 20 and Liberty Rd,,Sideswipe-Same Direction,2,Clear,Dry,Daylight
2021-10-03T17:27:00.000,I 20,I 20 and Liberty Rd,,Not a Collision with Motor Vehicle,1,Rain,Wet,Daylight
2021-11-29T07:23:00.000,I 20,I 20 and Liberty Rd,,Angle Crash,2,Clear,Dry,Dawn
2021-10-05T08:50:00.000,I 20,I 20 and Liberty Rd,,Sideswipe-Opposite Direction,2,Rain,Wet,Daylight
2021-10-22T16:39:00.000,I 20,I 20 and Liberty Rd,,Rear End,2,Clear,Dry,Daylight
2021-08-24T18:02:00.000,I 20,I 20 and Liberty Rd,,Rear End,2,Cloudy,Dry,Daylight
2021-05-18T23:50:00.000,I 20,I 20 and Liberty Rd,,Not a Collision with Motor Vehicle,1,Clear,Dry,Dark-Not Lighted
2021-03-22T11:49:00.000,I 20,I 20 and Liberty Rd,,Sideswipe-Same Direction,2,Clear,Dry,Daylight
2021-04-23T21:08:00.000,I 20,I 20 and Liberty Rd,,Rear End,3,Clear,Dry,Dark-Lighted
2021-06-24T11:34:00.000,I 20,I 20 and Liberty Rd,,Sideswipe-Same Direction,2,Rain,Wet,Daylight
2021-02-11T10:38:00.000,I 20,I 20 and Liberty Rd,,Sideswipe-Same Direction,2,Rain,Wet,Daylight
2021-11-09T14:36:00.000,I 20,I 20 and Liberty Rd,,Sideswipe-Same Direction,2,Clear,Dry,Daylight
2021-12-22T20:40:00.000,I 20,I 20 and Liberty Rd,,Rear End,2,Clear,Dry,Dark-Lighted
2021-07-21T17:32:00.000,I 20,I 20 and Liberty Rd,,Rear End,2,Cloudy,Dry,Daylight
2021-03-10T08:27:00.000,I 20,I 20 and Liberty Rd,,Sideswipe-Same Direction,2,Clear,Dry,Daylight
2021-12-11T14:30:00.000,I 20,I 20 and Liberty Rd,,Sideswipe-Same Direction,1,Rain,Wet,Daylight
2021-07-31T15:30:00.000,I 20,I 20 and Liberty Rd,,Sideswipe-Same Direction,2,Clear,Dry,Daylight
2021-10-02T21:25:00.000,I 20,I 20 and Liberty Rd,,Rear End,2,Clear,Dry,Dark-Lighted
2021-01-27T06:21:00.000,I 20,I 20 and Liberty Rd,,Not a Collision with Motor Vehicle,1,Rain,Wet,Dark-Not Lighted
2021-03-16T09:37:00.000,I 20,I 20 and Liberty Rd,,Rear End,2,Rain,Wet,Daylight
2021-03-20T16:15:00.000,I 20,I 20 and Liberty Rd,,Angle Crash,2,Clear,Dry,Daylight
2021-10-01T17:00:00.000,I 20,I 20 and Liberty Rd,,Head On,2,Cloudy,Dry,Daylight
2021-10-07T17:40:00.000,I 20,I 20 and Liberty Rd,,Rear End,2,Clear,Dry,Daylight
2021-10-26T13:15:00.000,I 20,I 20 and Liberty Rd,,Rear End,2,Clear,Dry,Daylight
2021-10-17T08:30:00.000,I 20,I 20 and Liberty Rd,,Rear End,2,Clear,Dry,Daylight
2021-08-24T06:26:00.000,I 20,I 20 and Liberty Rd,,Rear End,2,Clear,Dry,Dark-Lighted
2021-02-05T19:07:00.000,I 20,I 20 and Liberty Rd,,Rear End,2,Clear,Dry,Dark-Not Lighted
2021-02-24T06:50:00.000,I 20,I 20 and Liberty Rd,,Not a Collision with Motor Vehicle,2,Clear,Dry,Daylight
2021-04-30T07:18:00.000,I 20,I 20 and Liberty Rd,,Rear End,2,Clear,Dry,Dawn
2020-04-22T17:30:00.000,I 20,I 20 and Liberty Rd,,Rear End,2,Clear,Dry,Daylight
2023-02-24T07:58:00.000,I 20,I 20 and Liberty Rd,,Rear End,2,Clear,Wet,Daylight
2023-03-21T18:37:00.000,I 20,I 20 and Liberty Rd,,Rear End,2,Clear,Dry,Daylight
2023-12-28T06:20:00.000,I 20,I 20 and Liberty Rd,,Rear End,2,Clear,Dry,Dark-Not Lighted
2023-07-03T07:55:00.000,I 20,I 20 and Liberty Rd,,Rear End,2,Clear,Dry,Daylight
2023-11-06T18:50:00.000,I 20,I 20 and Liberty Rd,,Rear End,2,Clear,Dry,Dusk
2023-06-29T13:20:00.000,I 20,I 20 and Liberty Rd,,Rear End,2,Clear,Dry,Daylight
2023-03-31T15:38:00.000,I 20,I 20 and Liberty Rd,,Rear End,2,Clear,Dry,Daylight
2023-07-29T21:00:00.000,I 20,I 20 and Liberty Rd,,Rear End,2,Clear,Dry,Dark-Not Lighted
2023-11-14T10:50:00.000,I 20,I 20 and Liberty Rd,,Rear End,2,Clear,Dry,Daylight
2023-02-08T16:00:00.000,I 20,I 20 and Liberty Rd,,Rear End,2,Clear,Dry,Daylight
2023-05-04T06:32:00.000,I 20,I 20 and Liberty Rd,,Sideswipe-Same Direction,2,Clear,Dry,Daylight
2023-08-16T10:20:00.000,I 20,I 20 and Liberty Rd,,Rear End,2,Clear,Dry,Daylight
2023-11-22T13:00:00.000,I 20,I 20 and Liberty Rd,,Rear End,2,Clear,Dry,Daylight
2023-05-20T15:24:00.000,I 20,I 20 and Liberty Rd,,Rear End,2,Clear,Dry,Daylight
2023-06-16T01:20:00.000,I 20,I 20 and Liberty Rd,,Rear End,2,Cloudy,Dry,Dark-Not Lighted
2023-07-01T20:45:00.000,I 20,I 20 and Liberty Rd,,Sideswipe-Same Direction,2,Clear,Dry,Dark-Not Lighted
2023-06-07T16:55:00.000,I 20,I 20 and Liberty Rd,,Rear End,2,Clear,Dry,Daylight
2023-12-10T12:49:00.000,I 20,I 20 and Liberty Rd,,Not a Collision with Motor Vehicle,1,Rain,Wet,Daylight
2023-08-28T18:30:00.000,I 20,I 20 and Liberty Rd,,Not a Collision with Motor Vehicle,1,Rain,Wet,Daylight
2023-09-16T09:29:00.000,I 20,I 20 and Liberty Rd,,Not a Collision with Motor Vehicle,1,Rain,Water (standing or moving),Daylight
2023-09-20T18:00:00.000,I 20,I 20 and Liberty Rd,,Rear End,2,Clear,Dry,Daylight
2023-09-21T16:48:00.000,I 20,I 20 and Liberty Rd,,Rear End,2,Clear,Dry,Daylight
2023-09-12T16:35:00.000,I 20,I 20 and Liberty Rd,,Angle Crash,2,Clear,Dry,Daylight
2023-11-19T14:07:00.000,I 20,I 20 and Liberty Rd,,Rear End,2,Clear,Dry,Daylight
2023-09-15T06:15:00.000,I 20,I 20 and Liberty Rd,,Angle Crash,2,Clear,Dry,Dawn
2023-09-18T12:10:00.000,I 20,I 20 and Liberty Rd,,Rear End,2,Clear,Dry,Daylight
2023-01-20T11:10:00.000,I 20,I 20 and Liberty Rd,,Sideswipe-Same Direction,2,Clear,Dry,Daylight
2023-09-18T08:55:00.000,I 20,I 20 and Liberty Rd,,Rear End,2,Clear,Dry,Daylight
2023-12-09T07:46:00.000,I 20,I 20 and Liberty Rd,,Not a Collision with Motor Vehicle,1,Rain,Wet,Dusk
2023-08-28T19:26:00.000,I 20,I 20 and Liberty Rd,,Rear End,2,Rain,Wet,Daylight
2022-10-06T10:46:00.000,I 20,I 20 and Liberty Rd,,Rear End,2,Clear,Dry,Daylight
2020-12-28T13:00:00.000,I 20,I 20 and Liberty Rd,,Sideswipe-Same Direction,2,Cloudy,Dry,Daylight
2020-10-29T20:07:00.000,I 20,I 20 and Liberty Rd,,Sideswipe-Same Direction,2,Cloudy,Dry,Dark-Not Lighted
2020-05-30T00:33:00.000,I 20,I 20 and Liberty Rd,,Rear End,2,Clear,Dry,Dark-Not Lighted
2020-02-19T00:10:00.000,I 20,I 20 and Liberty Rd,,Not a Collision with Motor Vehicle,1,Rain,Wet,Dark-Not Lighted
2020-03-04T08:45:00.000,I 20,I 20 and Liberty Rd,,Not a Collision with Motor Vehicle,1,Rain,Wet,Daylight
2020-09-04T13:08:00.000,I 20,I 20 and Liberty Rd,,Rear End,2,Clear,Dry,Daylight
2020-07-24T22:30:00.000,I 20,I 20 and Liberty Rd,,Rear End,1,Clear,Dry,Dark-Not Lighted
2020-11-12T08:44:00.000,I 20,I 20 and Liberty Rd,,Rear End,2,Cloudy,Dry,Daylight
2020-11-06T19:30:00.000,I 20,I 20 and Liberty Rd,,Rear End,2,Clear,Dry,Dark-Not Lighted
2020-01-12T04:50:00.000,I 20,I 20 and Liberty Rd,,Not a Collision with Motor Vehicle,1,Clear,Dry,Dark-Not Lighted
2020-08-18T16:45:00.000,I 20,I 20 and Liberty Rd,,Rear End,2,Clear,Dry,Daylight
2020-11-29T21:45:00.000,I 20,I 20 and Liberty Rd,,Head On,1,Rain,Wet,Dark-Not Lighted
2020-02-19T10:12:00.000,I 20,I 20 and Liberty Rd,,Sideswipe-Same Direction,2,Clear,Wet,Daylight
2020-08-13T13:11:00.000,I 20,I 20 and Liberty Rd,,Not a Collision with Motor Vehicle,1,Clear,Dry,Daylight
2020-09-27T16:20:00.000,I 20,I 20 and Liberty Rd,,Rear End,2,Clear,Dry,Daylight
2020-07-31T09:45:00.000,I 20,I 20 and Liberty Rd,,Rear End,2,Clear,Dry,Daylight
2020-04-18T18:40:00.000,I 20,I 20 and Liberty Rd,,Rear End,2,Clear,Dry,Daylight
2020-05-22T21:47:00.000,I 20,I 20 and Liberty Rd,,Rear End,1,Rain,Wet,Dark-Not Lighted
2020-09-04T18:40:00.000,I 20,I 20 and Liberty Rd,,Rear End,2,Clear,Dry,Daylight
2020-01-02T15:40:00.000,I 20,I 20 and Liberty Rd,,Not a Collision with Motor Vehicle,1,Rain,Wet,Daylight
2020-09-23T20:37:00.000,I 20,I 20 and Liberty Rd,,Angle Crash,3,Clear,Dry,Dark-Lighted
2020-09-13T20:05:00.000,I 20,I 20 and Liberty Rd,,Rear End,2,Clear,Dry,Dark-Lighted
2020-02-06T11:50:00.000,I 20,I 20 and Liberty Rd,,Not a Collision with Motor Vehicle,1,Rain,Wet,Daylight
2020-10-31T03:40:00.000,I 20,I 20 and Liberty Rd,,Not a Collision with Motor Vehicle,1,Clear,Dry,Dark-Not Lighted
2020-05-15T06:25:00.000,I 20,I 20 and Liberty Rd,,Angle Crash,1,Clear,Dry,Dawn
2020-02-07T14:51:00.000,I 20,I 20 and Liberty Rd,,Rear End,2,Cloudy,Dry,Daylight
2020-08-22T15:27:00.000,I 20,I 20 and Liberty Rd,,Rear End,2,Clear,Dry,Daylight
2020-07-09T20:50:00.000,I 20,I 20 and Liberty Rd,,Not a Collision with Motor Vehicle,1,Rain,Wet,Dark-Not Lighted
2020-12-29T18:45:00.000,I 20,I 20 and Liberty Rd,,Rear End,2,Clear,Dry,Dark-Not Lighted
2020-12-13T23:00:00.000,I 20,I 20 and Liberty Rd,,Not a Collision with Motor Vehicle,1,Rain,Wet,Dark-Not Lighted
2020-06-10T08:40:00.000,I 20,I 20 and Liberty Rd,,Head On,1,Cloudy,Dry,Daylight
2020-09-28T18:25:00.000,I 20,I 20 and Liberty Rd,,Rear End,2,Clear,Dry,Daylight
2020-01-02T18:00:00.000,I 20,I 20 and Liberty Rd,,Sideswipe-Same Direction,2,Rain,Wet,Dark-Not Lighted
2020-11-01T18:35:00.000,I 20,I 20 and Liberty Rd,,Not a Collision with Motor Vehicle,1,Clear,Dry,Dark-Lighted
2020-04-19T20:00:00.000,I 20,I 20 and Liberty Rd,,Angle Crash,1,Rain,Wet,Dark-Not Lighted
2020-08-30T13:40:00.000,I 20,I 20 and Liberty Rd,,(None),2,(None),(None),(None)
2020-11-13T19:00:00.000,I 20,I 20 and Liberty Rd,,Sideswipe-Same Direction,2,Clear,Dry,Dark-Not Lighted
2021-03-12T21:00:00.000,I 20,I 20 and Liberty Rd,,(None),2,(None),(None),(None)
2021-03-22T15:10:00.000,I 20,I 20 and Liberty Rd,,Rear End,2,Clear,Dry,Daylight
2021-02-23T08:25:00.000,I 20,I 20 and Liberty Rd,,Rear End,2,Clear,Dry,Daylight
2021-02-11T10:40:00.000,I 20,I 20 and Liberty Rd,,Not a Collision with Motor Vehicle,1,Rain,Wet,Daylight
2021-01-20T15:23:00.000,I 20,I 20 and Liberty Rd,,Rear End,2,Cloudy,Dry,Daylight
2021-06-30T16:59:00.000,I 20,I 20 and Liberty Rd,,(None),2,(None),(None),(None)
2021-02-15T16:24:00.000,I 20,I 20 and Liberty Rd,,Rear End,2,Rain,Wet,Daylight
2021-10-29T13:15:00.000,I 20,I 20 and Liberty Rd,,Rear End,2,Rain,Wet,Daylight
2021-09-21T07:50:00.000,I 20,I 20 and Liberty Rd,,Rear End,2,Rain,Wet,Daylight
2021-10-14T17:15:00.000,I 20,I 20 and Liberty Rd,,Rear End,2,Clear,Dry,Daylight
2021-08-02T05:39:00.000,I 20,I 20 and Liberty Rd,,Sideswipe-Same Direction,2,Clear,Dry,Dark-Not Lighted
2021-07-20T13:43:00.000,I 20,I 20 and Liberty Rd,,Not a Collision with Motor Vehicle,1,Cloudy,Water (standing or moving),Daylight
2021-07-19T17:28:00.000,I 20,I 20 and Liberty Rd,,Sideswipe-Same Direction,2,Rain,Wet,Daylight
2021-07-17T16:15:00.000,I 20,I 20 and Liberty Rd,,Rear End,2,Cloudy,Dry,Daylight
2021-07-08T16:35:00.000,I 20,I 20 and Liberty Rd,,Rear End,2,Cloudy,Dry,Daylight
2021-07-27T16:05:00.000,I 20,I 20 and Liberty Rd,,Rear End,2,Clear,Dry,Daylight
2021-08-20T17:45:00.000,I 20,I 20 and Liberty Rd,,Rear End,2,Clear,Dry,Daylight
2021-07-07T18:32:00.000,I 20,I 20 and Liberty Rd,,Rear End,2,Cloudy,Dry,Daylight
2021-10-04T13:27:00.000,I 20,I 20 and Liberty Rd,,Sideswipe-Same Direction,3,Cloudy,Dry,Daylight
2022-12-21T23:50:00.000,I 20,I 20 and Liberty Rd,,Rear End,2,Rain,Wet,Dark-Lighted
2022-01-12T06:32:00.000,I 20,I 20 and Liberty Rd,,Not a Collision with Motor Vehicle,2,Cloudy,Dry,Daylight
2022-10-13T05:16:00.000,I 20,I 20 and Liberty Rd,,Rear End,2,Rain,Wet,Dark-Not Lighted
2021-07-18T21:05:00.000,I 20,I 20 and Liberty Rd,,Angle Crash,1,Rain,Wet,Dark-Not Lighted
2021-09-14T16:20:00.000,I 20,I 20 and Liberty Rd,,Rear End,2,Cloudy,Dry,Daylight
2021-12-09T16:54:00.000,I 20,I 20 and Liberty Rd,,Rear End,2,Cloudy,Dry,Daylight
2021-10-27T16:05:00.000,I 20,I 20 and Liberty Rd,,Angle Crash,2,Clear,Dry,Daylight
2022-05-25T13:15:00.000,I 20,I 20 and Liberty Rd,,Rear End,2,Cloudy,Dry,Daylight
2022-08-06T21:35:00.000,I 20,I 20 and Liberty Rd,,Not a Collision with Motor Vehicle,5,Cloudy,Dry,Dark-Not Lighted