Date and Time,Roadway (From Crash Report),Intersection Name (from Crash Report),KABCO Severity,Manner of Collision (Crash Level) ,# of Vehicles per crash ,Weather Conditions (Crash Level),Surface Condition (Crash Level) ,Light Conditions (Crash Level)
2022-01-29T16:06:00.000,I 20,I 20 and Liberty Rd,,Rear End,2,Clear,Dry,Daylight
2022-07-26T18:15:00.000,I 20,I 20 and Liberty Rd,,Rear End,2,Clear,Dry,Daylight
2022-10-25T08:05:00.000,I 20,I 20 and Liberty Rd,,Sideswipe-Same Direction,2,Clear,Dry,Daylight
2022-03-03T16:00:00.000,I 20,I 20 and Liberty Rd,,Rear End,2,Clear,Dry,Daylight
2022-08-05T08:15:00.000,I 20,I 20 and Liberty Rd,,Rear End,2,Clear,Dry,Daylight
2022-10-28T17:37:00.000,I 20,I 20 and Liberty Rd,,Rear End,2,Clear,Dry,Daylight
2022-01-05T20:20:00.000,I 20,I 20 and Liberty Rd,,Sideswipe-Same Direction,2,Clear,Dry,Dark-Not Lighted
2022-07-20T19:30:00.000,I 20,I 20 and Liberty Rd,,Rear End,2,Clear,Dry,Daylight
2022-06-14T13:10:00.000,I 20,I 20 and Liberty Rd,,Rear End,2,Clear,Dry,Daylight
2022-07-30T14:50:00.000,I 20,I 20 and Liberty Rd,,(None),2,(None),(None),(None)
2022-03-09T15:15:00.000,I 20,I 20 and Liberty Rd,,Rear End,2,Clear,Dry,Daylight
2021-11-27T11:55:00.000,I 20,I 20 and Liberty Rd,,Rear End,2,Clear,Dry,Daylight
2021-10-20T07:28:00.000,I 20,I 20 and Liberty Rd,,Rear End,2,Clear,Dry,Daylight
2021-07-05T05:50:00.000,I 20,I 20 and Liberty Rd,,Not a Collision with Motor Vehicle,2,Clear,Dry,Dark-Not Lighted
2021-07-08T06:12:00.000,I 20,I 20 and Liberty Rd,,Sideswipe-Same Direction,2,Cloudy,Wet,Dark-Not Lighted
2022-06-06T16:44:00.000,I 20,I 20 and Liberty Rd,,Rear End,2,Clear,Dry,Daylight
2022-09-13T16:20:00.000,I 20,I 20 and Liberty Rd,,Rear End,3,Clear,Dry,Daylight
2022-05-16T17:35:00.000,I 20,I 20 and Liberty Rd,,Rear End,3,Clear,Dry,Daylight
2022-11-01T14:27:00.000,I 20,I 20 and Liberty Rd,,Rear End,2,Clear,Dry,Daylight
2022-03-14T16:42:00.000,I 20,I 20 and Liberty Rd,,Sideswipe-Same Direction,2,Clear,Dry,Daylight
2022-07-17T11:11:00.000,I 20,I 20 and Liberty Rd,,Rear End,2,Clear,Dry,Daylight
2022-12-29T18:10:00.000,I 20,I 20 and Liberty Rd,,Rear End,2,Clear,Dry,Dusk
2022-05-06T08:35:00.000,I 20,I 20 and Liberty Rd,,Rear End,2,Rain,Wet,Daylight
2022-11-23T18:37:00.000,I 20,I 20 and Liberty Rd,,Rear End,2,Clear,Dry,Dark-Lighted
2022-06-13T18:15:00.000,I 20,I 20 and Liberty Rd,,Rear End,2,Clear,Dry,Daylight
2022-08-22T07:14:00.000,I 20,I 20 and Liberty Rd,,Angle Crash,2,Cloudy,Dry,Daylight
2022-03-30T07:47:00.000,I 20,I 20 and Liberty Rd,,Sideswipe-Same Direction,2,Cloudy,Dry,Daylight
2022-03-26T19:05:00.000,I 20,I 20 and Liberty Rd,,Rear End,2,Clear,Dry,Daylight
2022-12-08T10:00:00.000,I 20,I 20 and Liberty Rd,,Rear End,2,Clear,Wet,Daylight
2022-07-19T12:00:00.000,I 20,I 20 and Liberty Rd,,Rear End,2,Cloudy,Dry,Daylight
2022-01-05T19:05:00.000,I 20,I 20 and Liberty Rd,,Rear End,2,Clear,Dry,Dark-Lighted
2022-01-02T22:40:00.000,I 20,I 20 and Liberty Rd,,Angle Crash,1,Rain,Wet,Dark-Not Lighted
2022-06-24T23:00:00.000,I 20,I 20 and Liberty Rd,,Rear End,2,Severe Thunderstorm or Tornadic,Wet,Dark-Not Lighted
2022-05-26T22:04:00.000,I 20,I 20 and Liberty Rd,,Rear End,2,Rain,Wet,Dark-Lighted
2022-12-07T12:47:00.000,I 20,I 20 and Liberty Rd,,Rear End,2,Cloudy,Dry,Daylight
2022-12-14T18:03:00.000,I 20,I 20 and Liberty Rd,,Rear End,2,Rain,Wet,Dark-Not Lighted
2022-07-28T17:30:00.000,I 20,I 20 and Liberty Rd,,Sideswipe-Same Direction,2,Clear,Dry,Daylight
2022-12-03T11:15:00.000,I 20,I 20 and Liberty Rd,,Not a Collision with Motor Vehicle,1,Rain,Wet,Daylight
2022-06-14T17:40:00.000,I 20,I 20 and Liberty Rd,,Rear End,2,Clear,Dry,Daylight
2022-05-31T17:45:00.000,I 20,I 20 and Liberty Rd,,Rear End,2,Clear,Dry,Daylight
2022-07-25T17:50:00.000,I 20,I 20 and Liberty Rd,,Rear End,2,Clear,Dry,Daylight
2022-01-27T08:30:00.000,I 20,I 20 and Liberty Rd,,Rear End,2,Clear,Dry,Daylight
2022-03-19T20:51:00.000,I 20,I 20 and Liberty Rd,,Rear End,1,Clear,Dry,Dark-Lighted
2022-02-18T17:38:00.000,I 20,I 20 and Liberty Rd,,Rear End,2,Clear,Dry,Daylight
2022-01-15T06:16:00.000,I 20,I 20 and Liberty Rd,,Not a Collision with Motor Vehicle,1,Cloudy,Dry,Dark-Not Lighted
2022-06-05T16:05:00.000,I 20,I 20 and Liberty Rd,,Rear End,2,Clear,Dry,Daylight
2022-10-24T17:31:00.000,I 20,I 20 and Liberty Rd,,Rear End,2,Clear,Dry,Daylight
2022-09-08T18:20:00.000,I 20,I 20 and Liberty Rd,,Angle Crash,1,Clear,Dry,Daylight
2022-12-27T19:55:00.000,I 20,I 20 and Liberty Rd,,Rear End,2,Clear,Dry,Dark-Lighted
2024-09-11T16:36:00.000,I 20,I 20 and Liberty Rd,,Rear End,5,Cloudy,Dry,Daylight
2024-08-22T15:28:00.000,I 20,I 20 and Liberty Rd,,Rear End,2,Clear,Dry,Daylight
2024-02-12T08:07:00.000,I 20,I 20 and Liberty Rd,,Not a Collision with Motor Vehicle,1,Rain,Wet,Daylight
2024-10-06T10:59:00.000,I 20,I 20 and Liberty Rd,,Rear End,2,Clear,Dry,Daylight
2024-12-18T16:41:00.000,I 20,I 20 and Liberty Rd,,Sideswipe-Same Direction,2,Clear,Dry,Daylight
2024-12-12T06:50:00.000,I 20,I 20 and Liberty Rd,,Rear End,2,Clear,Dry,Dark-Lighted
2024-08-21T08:20:00.000,I 20,I 20 and Liberty Rd,,Rear End,2,Clear,Dry,Daylight
2024-10-21T15:26:00.000,I 20,I 20 and Liberty Rd,,Rear End,2,Clear,Dry,Daylight
2024-06-10T20:40:00.000,I 20,I 20 and Liberty Rd,,Not a Collision with Motor Vehicle,1,Clear,Dry,Daylight
2024-11-03T19:00:00.000,I 20,I 20 and Liberty Rd,,Sideswipe-Same Direction,2,Clear,Dry,Dark-Lighted
2024-05-28T17:50:00.000,I 20,I 20 and Liberty Rd,,Rear End,2,Clear,Dry,Daylight
2024-05-02T18:21:00.000,I 20,I 20 and Liberty Rd,,Sideswipe-Same Direction,2,Clear,Dry,Daylight
2024-12-20T08:15:00.000,I 20,I 20 and Liberty Rd,,Angle Crash,2,Clear,Dry,Daylight
2023-09-19T10:09:00.000,I 20,I 20 and Liberty Rd,,Rear End,2,Clear,Dry,Dark-Lighted
2023-08-15T15:37:00.000,I 20,I 20 and Liberty Rd,,Rear End,2,Clear,Dry,Daylight
2024-08-12T23:33:00.000,I 20,I 20 and Liberty Rd,,Rear End,2,Clear,Dry,Dark-Not Lighted
2023-10-28T14:24:00.000,I 20,I 20 and Liberty Rd,,Rear End,2,Clear,Dry,Daylight
2023-12-09T18:15:00.000,I 20,I 20 and Liberty Rd,,Angle Crash,2,Cloudy,Wet,Dark-Lighted
2023-01-25T08:10:00.000,I 20,I 20 and Liberty Rd,,Not a Collision with Motor Vehicle,1,Rain,Wet,Daylight
2023-05-11T11:00:00.000,I 20,I 20 and Liberty Rd,,Rear End,2,Clear,Dry,Daylight
2023-01-25T08:35:00.000,I 20,I 20 and Liberty Rd,,Not a Collision with Motor Vehicle,1,Rain,Wet,Daylight
2023-12-06T17:15:00.000,I 20,I 20 and Liberty Rd,,Rear End,2,Clear,Dry,Dark-Lighted
2023-02-20T13:47:00.000,I 20,I 20 and Liberty Rd,,Sideswipe-Same Direction,2,Clear,Dry,Daylight
2023-01-16T12:13:00.000,I 20,I 20 and Liberty Rd,,Rear End,2,Clear,Dry,Daylight
2023-12-05T20:59:00.000,I 20,I 20 and Liberty Rd,,Rear End,2,Clear,Dry,Dark-Not Lighted
2023-11-03T18:20:00.000,I 20,I 20 and Liberty Rd,,Angle Crash,2,Clear,Dry,Dusk
2023-10-15T09:31:00.000,I 20,I 20 and Liberty Rd,,Rear End,2,Cloudy,Dry,Daylight
2023-06-09T10:52:00.000,I 20,I 20 and Liberty Rd,,Rear End,2,Clear,Dry,Daylight
2023-11-29T17:50:00.000,I 20,I 20 and Liberty Rd,,Sideswipe-Same Direction,2,Clear,Dry,Dark-Lighted
2023-09-18T09:37:00.000,I 20,I 20 and Liberty Rd,,Rear End,2,Clear,Dry,Daylight
2023-10-01T13:00:00.000,I 20,I 20 and Liberty Rd,,Rear End,2,Clear,Dry,Daylight
2023-03-30T18:07:00.000,I 20,I 20 and Liberty Rd,,Rear End,2,Clear,Dry,Daylight
2023-03-21T17:37:00.000,I 20,I 20 and Liberty Rd,,Rear End,2,Clear,Dry,Daylight
2023-09-15T07:31:00.000,I 20,I 20 and Liberty Rd,,Sideswipe-Same Direction,2,Cloudy,Dry,Dawn
2023-06-24T17:30:00.000,I 20,I 20 and Liberty Rd,,Rear End,2,Clear,Dry,Daylight
2023-04-13T12:08:00.000,I 20,I 20 and Liberty Rd,,Rear End,2,Rain,Wet,Daylight
2024-06-26T20:00:00.000,I 20,I 20 and Liberty Rd,,Rear End,2,Cloudy,Dry,Daylight
2024-07-19T13:49:00.000,I 20,I 20 and Liberty Rd,,Rear End,2,Clear,Dry,Daylight
2024-08-07T09:55:00.000,I 20,I 20 and Liberty Rd,,Sideswipe-Same Direction,2,Clear,Dry,Daylight
2024-06-29T16:58:00.000,I 20,I 20 and Liberty Rd,,Not a Collision with Motor Vehicle,1,Clear,Dry,Daylight
2024-11-28T13:11:00.000,I 20,I 20 and Liberty Rd,,Rear End,2,Clear,Dry,Daylight
2024-01-15T12:00:00.000,I 20,I 20 and Liberty Rd,,Rear End,3,Clear,Dry,Daylight
2024-06-27T17:53:00.000,I 20,I 20 and Liberty Rd,,Rear End,2,Cloudy,Dry,Daylight
2024-02-22T18:14:00.000,I 20,I 20 and Liberty Rd,,Rear End,2,Cloudy,Dry,Daylight
2024-03-01T08:09:00.000,I 20,I 20 and Liberty Rd,,Head On,2,Rain,Wet,Daylight
2024-05-28T17:28:00.000,I 20,I 20 and Liberty Rd,,Rear End,2,Clear,Dry,Daylight
2024-07-02T11:26:00.000,I 20,I 20 and Liberty Rd,,Rear End,2,Clear,Dry,Daylight
2024-05-02T17:14:00.000,I 20,I 20 and Liberty Rd,,Rear End,2,Clear,Dry,Daylight
2024-01-23T17:23:00.000,I 20,I 20 and Liberty Rd,,Rear End,2,Clear,Dry,Dark-Not Lighted
2024-04-14T15:26:00.000,I 20,I 20 and Liberty Rd,,Rear End,2,Clear,Dry,Daylight
2024-04-27T21:34:00.000,I 20,I 20 and Liberty Rd,,Rear End,2,Clear,Dry,Dark-Not Lighted
2024-08-19T16:50:00.000,I 20,I 20 and Liberty Rd,,Rear End,2,Clear,Dry,Daylight
2024-11-14T13:30:00.000,I 20,I 20 and Liberty Rd,,Rear End,2,Clear,Dry,Daylight
2024-12-13T20:10:00.000,I 20,I 20 and Liberty Rd,,Rear End,2,Clear,Dry,Dark-Lighted
2024-02-04T13:18:00.000,I 20,I 20 and Liberty Rd,,Rear End,2,Rain,Wet,Daylight
2024-11-07T13:57:00.000,I 20,I 20 and Liberty Rd,,Rear End,2,Clear,Dry,Daylight
2024-02-11T20:10:00.000,I 20,I 20 and Liberty Rd,,Rear End,2,Rain,Wet,Dark-Not Lighted
2024-08-08T13:02:00.000,I 20,I 20 and Liberty Rd,,Rear End,2,Clear,Dry,Daylight
2024-06-22T09:32:00.000,I 20,I 20 and Liberty Rd,,Not a Collision with Motor Vehicle,1,Clear,Dry,Daylight
2024-03-01T12:56:00.000,I 20,I 20 and Liberty Rd,,Rear End,2,Rain,Wet,Daylight
2024-06-07T12:50:00.000,I 20,I 20 and Liberty Rd,,Rear End,2,Clear,Dry,Daylight
2024-07-30T14:30:00.000,I 20,I 20 and Liberty Rd,,Angle Crash,2,Clear,Dry,Daylight
2024-07-29T13:36:00.000,I 20,I 20 and Liberty Rd,,Rear End,2,Clear,Dry,Daylight
2024-07-19T13:04:00.000,I 20,I 20 and Liberty Rd,,Rear End,2,Clear,Dry,Daylight
2024-10-25T17:21:00.000,I 20,I 20 and Liberty Rd,,Rear End,2,Clear,Dry,Daylight
2024-07-02T15:37:00.000,I 20,I 20 and Liberty Rd,,Angle Crash,2,Clear,Dry,Daylight
2024-09-25T20:00:00.000,I 20,I 20 and Liberty Rd,,Sideswipe-Same Direction,2,Rain,Wet,Dark-Lighted
2024-03-29T12:47:00.000,I 20,I 20 and Liberty Rd,,Rear End,2,Clear,Dry,Daylight
2024-06-29T19:00:00.000,I 20,I 20 and Liberty Rd,,Rear End,2,Clear,Dry,Daylight
2024-09-06T13:35:00.000,I 20,I 20 and Liberty Rd,,Rear End,2,Cloudy,Dry,Daylight
2024-08-16T13:33:00.000,I 20,I 20 and Liberty Rd,,Rear End,2,Clear,Dry,Daylight
2024-12-13T15:25:00.000,I 20,I 20 and Liberty Rd,,Rear End,2,Cloudy,Dry,Daylight
2024-12-02T16:27:00.000,I 20,I 20 and Liberty Rd,,Rear End,2,Clear,Dry,Daylight
2024-10-13T13:11:00.000,I 20,I 20 and Liberty Rd,,Rear End,2,Clear,Dry,Daylight
2024-06-26T16:50:00.000,I 20,I 20 and Liberty Rd,,Sideswipe-Same Direction,2,Clear,Dry,Daylight
2023-01-02T18:30:00.000,I 20,I 20 and Liberty Hill Rd,,Not a Collision with Motor Vehicle,1,Clear,Wet,Dark-Not Lighted
2024-03-01T12:11:00.000,I 20,I 20 and Liberty Exit 26,,Not a Collision with Motor Vehicle,2,Rain,Wet,Daylight
2024-11-14T07:04:00.000,I 20,I 20 and Liberty,,Rear End,2,Rain,Wet,Dark-Not Lighted
2023-10-02T00:20:00.000,I 20,I 20 and Liberty,,Rear End,2,Clear,Dry,Dark-Not Lighted
2024-06-05T00:41:00.000,I 20,I 20 and Liberty,,Rear End,2,Clear,Dry,Dark-Not Lighted
2020-03-02T07:33:00.000,I 20,I 20 and Lewiston Rd,,Rear End,2,Cloudy,Dry,Daylight
2023-02-07T15:47:00.000,I 20,I 20 and Lewiston Rd,,Not a Collision with Motor Vehicle,1,Clear,Dry,Daylight
2020-12-22T18:25:00.000,I 20,I 20 and Lewiston Rd,,Not a Collision with Motor Vehicle,2,Clear,Dry,Dark-Not Lighted
2021-05-07T16:35:00.000,I 20,I 20 and Lewiston Rd,,Rear End,2,Clear,Dry,Daylight
2022-04-25T09:08:00.000,I 20,I 20 and Lewiston Rd,,Rear End,2,Clear,Dry,Daylight
2022-04-25T12:55:00.000,I 20,I 20 and Lewiston Rd,,Rear End,2,Cloudy,Dry,Daylight
2024-05-27T00:55:00.000,I 20,I 20 and Lewiston Rd,,Not a Collision with Motor Vehicle,1,Clear,Dry,Dark-Not Lighted
2023-09-25T08:23:00.000,I 20,I 20 and Lewiston Rd,,Rear End,2,Clear,Dry,Daylight
2023-11-29T07:43:00.000,I 20,I 20 and Lewiston Rd,,Rear End,2,Clear,Dry,Daylight
2023-11-29T07:43:00.000,I 20,I 20 and Lewiston Rd,,Rear End,2,Clear,Dry,Daylight
2023-08-17T15:17:00.000,I 20,I 20 and Lewiston Rd,,Not a Collision with Motor Vehicle,2,Clear,Dry,Daylight
2024-09-12T19:20:00.000,I 20,I 20 and Lewiston Rd,,Sideswipe-Same Direction,2,Cloudy,Dry,Daylight
2024-10-29T17:19:00.000,I 20,I 20 and Lewiston,,Rear End,2,Clear,Dry,Daylight
2024-11-11T23:54:00.000,I 20,I 20 and Lewiston,,Sideswipe-Same Direction,2,Clear,Dry,Dark-Not Lighted
2023-07-31T23:03:00.000,I 20,I 20 and Levans Road Brg,,Sideswipe-Same Direction,1,Clear,Dry,Dark-Not Lighted
2022-07-02T12:12:00.000,I 20,I 20 and Levans Rd,,Sideswipe-Same Direction,2,Clear,Dry,Daylight
2022-10-28T05:45:00.000,I 20,I 20 and Levans Rd,,Not a Collision with Motor Vehicle,1,Clear,Dry,Dark-Not Lighted
2022-06-14T14:36:00.000,I 20,I 20 and Levans Rd,,Sideswipe-Same Direction,2,Cloudy,Dry,Daylight
2024-11-13T01:55:00.000,I 20,I 20 and Levans,,Not a Collision with Motor Vehicle,1,Clear,Dry,Dark-Not Lighted
2022-06-06T18:30:00.000,I 20,I 20 and Leet St,,Rear End,2,Cloudy,Wet,Daylight
2020-06-25T11:00:00.000,I 20,I 20 and Lee Streetoverpass,,Not a Collision with Motor Vehicle,1,Cloudy,Wet,Daylight
2021-05-04T10:49:00.000,I 20,I 20 and Lee Street Opas,,Rear End,3,Clear,Dry,Daylight
2021-04-26T19:48:00.000,I 20,I 20 and Lee Street Opas,,Sideswipe-Same Direction,2,Clear,Dry,Daylight
2021-04-13T08:26:00.000,I 20,I 20 and Lee Street Opas,,Rear End,2,Clear,Dry,Daylight
2021-04-27T08:12:00.000,I 20,I 20 and Lee Street Opas,,Rear End,2,Clear,Dry,Daylight
2020-02-20T19:23:00.000,I 20,I 20 and Lee Street Opas,,Sideswipe-Same Direction,3,Cloudy,Wet,Dark-Lighted
2020-06-25T11:00:00.000,I 20,I 20 and Lee Street Opas,,Not a Collision with Motor Vehicle,1,Cloudy,Wet,Daylight
2020-06-25T11:00:00.000,I 20,I 20 and Lee Street Opas,,Not a Collision with Motor Vehicle,1,Cloudy,Wet,Daylight
2021-01-07T16:05:00.000,I 20,I 20 and Lee Street Opas,,Rear End,2,Rain,Wet,Daylight
2021-06-09T14:00:00.000,I 20,I 20 and Lee Street Opas,,Rear End,2,Clear,Dry,Daylight
2021-11-25T19:40:00.000,I 20,I 20 and Lee Street Opas,,Sideswipe-Same Direction,3,Clear,Dry,Dark-Lighted
2022-01-04T15:16:00.000,I 20,I 20 and Lee Street Opas,,Rear End,2,Clear,Dry,Daylight
2022-03-17T18:50:00.000,I 20,I 20 and Lee Street Opas,,Not a Collision with Motor Vehicle,1,Clear,Dry,Daylight
2022-08-29T17:30:00.000,I 20,I 20 and Lee Street Opas,,Rear End,2,Clear,Dry,Daylight
2022-04-12T13:38:00.000,I 20,I 20 and Lee Street Opas,,Sideswipe-Same Direction,2,Clear,Dry,Daylight
2023-07-07T11:00:00.000,I 20,I 20 and Lee Street Opas,,Rear End,2,Clear,Dry,Daylight
2023-02-06T17:24:00.000,I 20,I 20 and Lee Street Opas,,Rear End,2,Clear,Dry,Daylight
2023-01-17T16:30:00.000,I 20,I 20 and Lee Street Opas,,Rear End,2,Clear,Dry,Daylight
2024-09-09T17:48:00.000,I 20,I 20 and Lee Street Opas,,Not a Collision with Motor Vehicle,2,Clear,Dry,Daylight
2022-07-24T00:15:00.000,I 20,I 20 and Lee Street Exit,,Sideswipe-Same Direction,2,Cloudy,Dry,Dark-Not Lighted
2023-12-15T08:57:00.000,I 20,I 20 and Lee Steet Opas,,Rear End,2,Clear,Dry,Daylight
2023-05-30T14:42:00.000,I 20,I 20 and Lee St. Opas,,Rear End,2,Cloudy,Dry,Daylight
2023-12-11T16:00:00.000,I 20,I 20 and Lee St.,,Rear End,2,Clear,Dry,Daylight
2022-08-11T18:19:00.000,I 20,I 20 and Lee St Opas,,Rear End,3,Clear,Dry,Daylight
2024-08-09T12:50:00.000,I 20,I 20 and Lee St Opas,,Angle Crash,2,Clear,Dry,Daylight
2021-01-17T04:21:00.000,I 20,I 20 and Lee St,,Not a Collision with Motor Vehicle,1,Clear,Dry,Dark-Lighted
2021-04-01T13:11:00.000,I 20,I 20 and Lee St,,Sideswipe-Same Direction,2,Clear,Dry,Daylight
2021-10-29T16:29:00.000,I 20,I 20 and Lee St,,Sideswipe-Same Direction,2,Cloudy,Wet,Daylight
2021-01-06T18:22:00.000,I 20,I 20 and Lee St,,Rear End,3,Clear,Dry,Dark-Lighted
2021-01-15T20:45:00.000,I 20,I 20 and Lee St,,Angle Crash,2,Clear,Dry,Dark-Not Lighted
2021-01-10T18:22:00.000,I 20,I 20 and Lee St,,Rear End,3,Clear,Dry,Daylight
2021-12-07T18:32:00.000,I 20,I 20 and Lee St,,Rear End,2,Clear,Dry,Dark-Lighted
2021-11-12T11:40:00.000,I 20,I 20 and Lee St,,Sideswipe-Same Direction,2,Clear,Dry,Daylight
2021-01-15T18:27:00.000,I 20,I 20 and Lee St,,Angle Crash,3,Clear,Dry,Dark-Lighted
2021-01-15T20:28:00.000,I 20,I 20 and Lee St,,Rear End,3,Clear,Dry,Dark-Lighted
2021-05-07T16:25:00.000,I 20,I 20 and Lee St,,Rear End,2,Clear,Dry,Daylight
2021-01-29T23:41:00.000,I 20,I 20 and Lee St,,Sideswipe-Same Direction,3,Clear,Dry,Dark-Not Lighted
2021-03-06T20:02:00.000,I 20,I 20 and Lee St,,Rear End,2,Clear,Dry,Dark-Lighted
2021-05-06T07:34:00.000,I 20,I 20 and Lee St,,Sideswipe-Same Direction,2,Clear,Dry,Daylight
2021-01-20T16:08:00.000,I 20,I 20 and Lee St,,Rear End,2,Rain,Wet,Daylight
2021-03-26T13:45:00.000,I 20,I 20 and Lee St,,Rear End,2,Clear,Dry,Daylight
2020-02-04T17:50:00.000,I 20,I 20 and Lee St,,Rear End,2,Rain,Wet,Dusk
2020-09-24T22:11:00.000,I 20,I 20 and Lee St,,Sideswipe-Same Direction,2,Rain,Wet,Dark-Lighted
2023-09-07T17:11:00.000,I 20,I 20 and Lee St,,Rear End,2,Clear,Dry,Daylight
2023-03-07T10:07:00.000,I 20,I 20 and Lee St,,Sideswipe-Same Direction,3,Clear,Dry,Daylight
2023-06-20T16:54:00.000,I 20,I 20 and Lee St,,Rear End,2,Cloudy,Dry,Daylight
2023-12-15T10:10:00.000,I 20,I 20 and Lee St,,Sideswipe-Same Direction,2,Clear,Dry,Daylight
2023-01-09T14:45:00.000,I 20,I 20 and Lee St,,Sideswipe-Same Direction,2,Clear,Dry,Daylight
2023-02-07T09:25:00.000,I 20,I 20 and Lee St,,Sideswipe-Same Direction,2,Clear,Dry,Daylight
2023-12-28T15:40:00.000,I 20,I 20 and Lee St,,Rear End,2,Clear,Dry,Daylight
2023-10-02T07:10:00.000,I 20,I 20 and Lee St,,Rear End,4,Clear,Dry,Daylight
2023-10-27T16:30:00.000,I 20,I 20 and Lee St,,Rear End,2,Clear,Dry,Daylight
2023-03-17T08:55:00.000,I 20,I 20 and Lee St,,Sideswipe-Same Direction,2,Rain,Wet,Daylight
2023-05-04T18:40:00.000,I 20,I 20 and Lee St,,Sideswipe-Same Direction,2,Clear,Dry,Daylight
2023-10-27T14:57:00.000,I 20,I 20 and Lee St,,Rear End,2,Clear,Dry,Daylight
2023-03-24T07:35:00.000,I 20,I 20 and Lee St,,Sideswipe-Same Direction,2,Clear,Dry,Daylight
2023-05-23T13:34:00.000,I 20,I 20 and Lee St,,Not a Collision with Motor Vehicle,2,Cloudy,Dry,Daylight
2023-04-17T09:02:00.000,I 20,I 20 and Lee St,,Rear End,2,Clear,Dry,Daylight
2023-08-21T13:39:00.000,I 20,I 20 and Lee St,,Rear End,2,Cloudy,Dry,Daylight
2023-05-09T11:39:00.000,I 20,I 20 and Lee St,,Sideswipe-Same Direction,2,Clear,Dry,Daylight
2020-11-08T16:28:00.000,I 20,I 20 and Lee St,,Rear End,2,Clear,Dry,Daylight
2020-05-15T14:00:00.000,I 20,I 20 and Lee St,,Sideswipe-Same Direction,2,Clear,Dry,Daylight
2020-05-16T15:46:00.000,I 20,I 20 and Lee St,,Sideswipe-Same Direction,2,Clear,Dry,Daylight
2020-03-04T11:20:00.000,I 20,I 20 and Lee St,,Sideswipe-Same Direction,2,Rain,Wet,Daylight
2020-10-21T15:47:00.000,I 20,I 20 and Lee St,,Rear End,2,Clear,Dry,Daylight
2020-12-14T16:09:00.000,I 20,I 20 and Lee St,,Sideswipe-Same Direction,2,Clear,Dry,Daylight
2020-05-15T14:00:00.000,I 20,I 20 and Lee St,,Sideswipe-Same Direction,2,Clear,Dry,Daylight
2020-06-29T13:15:00.000,I 20,I 20 and Lee St,,Sideswipe-Same Direction,2,Clear,Dry,Daylight
2020-01-08T19:00:00.000,I 20,I 20 and Lee St,,Sideswipe-Same Direction,4,Clear,Dry,Dark-Lighted
2020-12-24T16:53:00.000,I 20,I 20 and Lee St,,Rear End,2,Rain,Wet,Daylight
2020-12-24T16:53:00.000,I 20,I 20 and Lee St,,Rear End,2,Rain,Wet,Daylight
2020-02-11T19:30:00.000,I 20,I 20 and Lee St,,Rear End,2,Cloudy,Wet,Dark-Lighted
2020-12-31T18:22:00.000,I 20,I 20 and Lee St,,Rear End,2,Rain,Wet,Daylight
2020-08-15T08:06:00.000,I 20,I 20 and Lee St,,Angle Crash,4,Cloudy,Dry,Daylight
2020-08-07T23:21:00.000,I 20,I 20 and Lee St,,Sideswipe-Same Direction,2,Rain,Wet,Dark-Lighted
2020-07-25T00:01:00.000,I 20,I 20 and Lee St,,Head On,3,Clear,Dry,Dark-Lighted
2020-12-09T11:30:00.000,I 20,I 20 and Lee St,,Sideswipe-Same Direction,2,Clear,Dry,Daylight
2020-07-16T18:00:00.000,I 20,I 20 and Lee St,,Sideswipe-Same Direction,2,Cloudy,Dry,Daylight
2020-03-12T16:03:00.000,I 20,I 20 and Lee St,,Sideswipe-Same Direction,2,Cloudy,Dry,Daylight
2020-06-02T14:59:00.000,I 20,I 20 and Lee St,,Sideswipe-Same Direction,2,Clear,Dry,Daylight
2020-12-16T03:11:00.000,I 20,I 20 and Lee St,,Rear End,3,Clear,Wet,Dark-Lighted
2020-12-15T08:12:00.000,I 20,I 20 and Lee St,,Rear End,3,Clear,Dry,Daylight
2020-01-24T15:33:00.000,I 20,I 20 and Lee St,,Rear End,2,Clear,Wet,Daylight
2020-07-25T00:49:00.000,I 20,I 20 and Lee St,,Rear End,2,Clear,Dry,Dark-Lighted
2020-02-10T19:37:00.000,I 20,I 20 and Lee St,,Sideswipe-Same Direction,2,Rain,Wet,Dark-Lighted
2020-10-01T12:06:00.000,I 20,I 20 and Lee St,,Sideswipe-Same Direction,2,Clear,Dry,Daylight
2020-02-11T06:02:00.000,I 20,I 20 and Lee St,,Rear End,2,Rain,Wet,Dark-Lighted
2020-03-02T19:18:00.000,I 20,I 20 and Lee St,,Rear End,3,Rain,Wet,Dark-Not Lighted
2020-02-11T17:17:00.000,I 20,I 20 and Lee St,,Sideswipe-Same Direction,2,Rain,Wet,Dawn
2020-06-21T18:49:00.000,I 20,I 20 and Lee St,,Angle Crash,2,Rain,Water (standing or moving),Dusk
2020-10-10T23:39:00.000,I 20,I 20 and Lee St,,Sideswipe-Same Direction,2,Rain,Wet,Dark-Lighted
2020-12-04T12:07:00.000,I 20,I 20 and Lee St,,Rear End,2,Cloudy,Dry,Daylight
2020-07-15T14:06:00.000,I 20,I 20 and Lee St,,Rear End,2,Cloudy,Wet,Daylight
2020-05-28T21:56:00.000,I 20,I 20 and Lee St,,Angle Crash,1,Clear,Dry,Dark-Lighted
2020-04-01T17:19:00.000,I 20,I 20 and Lee St,,Rear End,2,Clear,Dry,Daylight
2020-04-04T15:32:00.000,I 20,I 20 and Lee St,,Sideswipe-Same Direction,2,Clear,Dry,Daylight
2020-01-03T08:15:00.000,I 20,I 20 and Lee St,,Not a Collision with Motor Vehicle,1,Rain,Wet,Daylight