Date and Time,Roadway (From Crash Report),Intersection Name (from Crash Report),KABCO Severity,Manner of Collision (Crash Level) ,# of Vehicles per crash ,Weather Conditions (Crash Level),Surface Condition (Crash Level) ,Light Conditions (Crash Level)
2020-08-08T00:35:00.000,I 20,I 20 and Lee St,,Rear End,2,Clear,Dry,Dark-Lighted
2020-02-22T18:59:00.000,I 20,I 20 and Lee St,,Rear End,3,Clear,Dry,Daylight
2020-04-29T05:20:00.000,I 20,I 20 and Lee St,,Not a Collision with Motor Vehicle,1,Clear,Dry,Dark-Lighted
2020-06-20T14:21:00.000,I 20,I 20 and Lee St,,Sideswipe-Same Direction,3,Clear,Dry,Daylight
2020-02-04T15:04:00.000,I 20,I 20 and Lee St,,Rear End,2,Cloudy,Dry,Daylight
2020-02-07T10:55:00.000,I 20,I 20 and Lee St,,Sideswipe-Same Direction,2,Clear,Dry,Daylight
2020-09-14T16:33:00.000,I 20,I 20 and Lee St,,Sideswipe-Same Direction,2,Clear,Dry,Daylight
2020-06-18T14:00:00.000,I 20,I 20 and Lee St,,Rear End,2,Clear,Dry,Daylight
2020-04-10T13:25:00.000,I 20,I 20 and Lee St,,Not a Collision with Motor Vehicle,1,Clear,Dry,Daylight
2020-02-27T17:40:00.000,I 20,I 20 and Lee St,,Rear End,2,Clear,Dry,Daylight
2020-01-13T16:40:00.000,I 20,I 20 and Lee St,,Not a Collision with Motor Vehicle,1,Cloudy,Dry,Daylight
2020-10-03T16:01:00.000,I 20,I 20 and Lee St,,Rear End,2,Clear,Dry,Daylight
2020-11-14T09:51:00.000,I 20,I 20 and Lee St,,Sideswipe-Same Direction,2,Clear,Dry,Daylight
2020-07-24T03:09:00.000,I 20,I 20 and Lee St,,Sideswipe-Same Direction,2,Clear,Dry,Dark-Lighted
2020-06-18T14:20:00.000,I 20,I 20 and Lee St,,Rear End,2,Clear,Dry,Daylight
2020-01-24T18:37:00.000,I 20,I 20 and Lee St,,Rear End,3,Clear,Dry,Dark-Not Lighted
2020-10-09T17:10:00.000,I 20,I 20 and Lee St,,Rear End,3,Rain,Wet,Daylight
2020-11-21T16:41:00.000,I 20,I 20 and Lee St,,Rear End,4,Clear,Dry,Daylight
2020-01-23T17:21:00.000,I 20,I 20 and Lee St,,Sideswipe-Same Direction,2,Clear,Dry,Dark-Lighted
2021-03-06T02:24:00.000,I 20,I 20 and Lee St,,Rear End,3,Clear,Dry,Daylight
2021-05-19T22:00:00.000,I 20,I 20 and Lee St,,Rear End,2,Clear,Dry,Dark-Not Lighted
2021-06-24T10:05:00.000,I 20,I 20 and Lee St,,Sideswipe-Same Direction,2,Clear,Dry,Daylight
2021-03-22T11:43:00.000,I 20,I 20 and Lee St,,Sideswipe-Same Direction,2,Clear,Dry,Daylight
2021-03-06T18:46:00.000,I 20,I 20 and Lee St,,Rear End,2,Clear,Dry,Dark-Lighted
2021-01-05T11:20:00.000,I 20,I 20 and Lee St,,Not a Collision with Motor Vehicle,1,Clear,Dry,Daylight
2021-01-08T18:28:00.000,I 20,I 20 and Lee St,,Rear End,2,Cloudy,Wet,Dark-Lighted
2021-01-07T06:40:00.000,I 20,I 20 and Lee St,,Sideswipe-Same Direction,3,Cloudy,Dry,Dark-Lighted
2021-01-03T01:59:00.000,I 20,I 20 and Lee St,,Rear End,2,Clear,Dry,Dark-Lighted
2021-01-15T11:39:00.000,I 20,I 20 and Lee St,,Rear End,4,Clear,Dry,Daylight
2021-10-15T18:09:00.000,I 20,I 20 and Lee St,,Angle Crash,2,Clear,Dry,Daylight
2021-09-07T16:24:00.000,I 20,I 20 and Lee St,,Rear End,2,Cloudy,Dry,Daylight
2021-12-09T03:11:00.000,I 20,I 20 and Lee St,,Sideswipe-Same Direction,2,Clear,Dry,Dark-Lighted
2021-08-10T10:37:00.000,I 20,I 20 and Lee St,,Rear End,2,Clear,Dry,Daylight
2022-12-12T07:20:00.000,I 20,I 20 and Lee St,,Sideswipe-Same Direction,2,Cloudy,Dry,Dark-Not Lighted
2022-04-05T18:18:00.000,I 20,I 20 and Lee St,,Sideswipe-Same Direction,2,Cloudy,Dry,Daylight
2021-12-22T16:12:00.000,I 20,I 20 and Lee St,,Rear End,2,Clear,Dry,Daylight
2021-12-09T11:35:00.000,I 20,I 20 and Lee St,,Sideswipe-Same Direction,2,Cloudy,Dry,Daylight
2022-05-23T18:30:00.000,I 20,I 20 and Lee St,,Sideswipe-Same Direction,2,Cloudy,Dry,Daylight
2022-10-06T16:44:00.000,I 20,I 20 and Lee St,,Rear End,2,Clear,Dry,Daylight
2022-01-24T18:35:00.000,I 20,I 20 and Lee St,,Sideswipe-Same Direction,2,Clear,Dry,Daylight
2022-04-14T19:45:00.000,I 20,I 20 and Lee St,,Not a Collision with Motor Vehicle,1,Clear,Dry,Daylight
2022-04-29T16:50:00.000,I 20,I 20 and Lee St,,Rear End,3,Clear,Dry,Daylight
2022-07-22T14:28:00.000,I 20,I 20 and Lee St,,Rear End,4,Rain,Wet,Daylight
2021-11-08T14:57:00.000,I 20,I 20 and Lee St,,Rear End,2,Clear,Dry,Daylight
2021-07-30T14:15:00.000,I 20,I 20 and Lee St,,Sideswipe-Same Direction,2,Clear,Dry,Daylight
2022-12-12T17:40:00.000,I 20,I 20 and Lee St,,Rear End,2,Clear,Dry,Daylight
2022-09-01T16:03:00.000,I 20,I 20 and Lee St,,Sideswipe-Same Direction,2,Clear,Dry,Daylight
2022-06-21T15:47:00.000,I 20,I 20 and Lee St,,Rear End,2,Clear,Dry,Daylight
2022-02-25T18:43:00.000,I 20,I 20 and Lee St,,Rear End,2,Clear,Dry,Dark-Not Lighted
2022-02-25T00:00:00.000,I 20,I 20 and Lee St,,Sideswipe-Same Direction,2,Clear,Dry,Daylight
2022-01-25T14:26:00.000,I 20,I 20 and Lee St,,Sideswipe-Same Direction,2,Clear,Dry,Daylight
2022-10-18T15:57:00.000,I 20,I 20 and Lee St,,Rear End,2,Clear,Dry,Daylight
2022-06-06T18:20:00.000,I 20,I 20 and Lee St,,Rear End,2,Cloudy,Wet,Daylight
2022-11-01T08:15:00.000,I 20,I 20 and Lee St,,Not a Collision with Motor Vehicle,1,Clear,Dry,Daylight
2022-03-10T08:03:00.000,I 20,I 20 and Lee St,,Sideswipe-Same Direction,2,Clear,Dry,Daylight
2022-01-12T16:33:00.000,I 20,I 20 and Lee St,,Rear End,2,Clear,Dry,Daylight
2022-06-23T15:50:00.000,I 20,I 20 and Lee St,,Rear End,2,Clear,Dry,Daylight
2023-05-05T09:25:00.000,I 20,I 20 and Lee St,,Sideswipe-Same Direction,2,Cloudy,Dry,Daylight
2024-10-14T07:30:00.000,I 20,I 20 and Lee St,,Sideswipe-Same Direction,2,Clear,Dry,Daylight
2024-04-14T00:29:00.000,I 20,I 20 and Lee St,,Sideswipe-Same Direction,2,Clear,Dry,Dark-Not Lighted
2024-09-09T07:23:00.000,I 20,I 20 and Lee St,,Sideswipe-Same Direction,2,Clear,Dry,Daylight
2024-05-27T15:25:00.000,I 20,I 20 and Lee St,,Rear End,2,Clear,Dry,Daylight
2024-09-19T18:30:00.000,I 20,I 20 and Lee St,,Sideswipe-Same Direction,2,Clear,Dry,Daylight
2024-07-04T20:00:00.000,I 20,I 20 and Lee St,,Rear End,3,Rain,Wet,Daylight
2024-08-16T16:43:00.000,I 20,I 20 and Lee St,,Rear End,2,Cloudy,Dry,Daylight
2024-03-29T16:30:00.000,I 20,I 20 and Lee St,,Rear End,2,Clear,Dry,Daylight
2024-02-15T17:05:00.000,I 20,I 20 and Lee St,,Rear End,2,Clear,Dry,Daylight
2023-07-21T15:30:00.000,I 20,I 20 and Lee St,,Sideswipe-Same Direction,2,Cloudy,Dry,Daylight
2023-06-02T15:09:00.000,I 20,I 20 and Lee St,,Sideswipe-Same Direction,3,Clear,Dry,Daylight
2024-08-15T17:30:00.000,I 20,I 20 and Lee St,,Rear End,2,Clear,Dry,Daylight
2023-10-27T14:40:00.000,I 20,I 20 and Lee St,,Rear End,2,Clear,Dry,Daylight
2023-04-18T09:12:00.000,I 20,I 20 and Lee St,,Rear End,4,Clear,Dry,Daylight
2023-10-20T12:10:00.000,I 20,I 20 and Lee St,,Rear End,2,Cloudy,Dry,Daylight
2023-09-08T16:24:00.000,I 20,I 20 and Lee St,,Rear End,2,Clear,Dry,Daylight
2023-05-23T13:34:00.000,I 20,I 20 and Lee St,,Not a Collision with Motor Vehicle,2,Cloudy,Dry,Daylight
2023-09-18T13:00:00.000,I 20,I 20 and Lee St,,Rear End,2,Clear,Dry,Daylight
2023-05-16T17:27:00.000,I 20,I 20 and Lee St,,Rear End,3,Rain,Wet,Daylight
2023-10-17T17:30:00.000,I 20,I 20 and Lee St,,Rear End,3,Clear,Dry,Daylight
2023-04-18T09:12:00.000,I 20,I 20 and Lee St,,Rear End,2,Clear,Dry,Daylight
2023-04-25T13:00:00.000,I 20,I 20 and Lee St,,Sideswipe-Same Direction,2,Clear,Dry,Daylight
2023-08-17T13:40:00.000,I 20,I 20 and Lee St,,Sideswipe-Same Direction,2,Clear,Dry,Daylight
2023-09-12T18:40:00.000,I 20,I 20 and Lee St,,Not a Collision with Motor Vehicle,1,Clear,Dry,Daylight
2023-03-27T17:16:00.000,I 20,I 20 and Lee St,,Not a Collision with Motor Vehicle,2,Clear,Dry,Daylight
2023-02-28T17:31:00.000,I 20,I 20 and Lee St,,Rear End,2,Clear,Dry,Daylight
2024-03-01T13:02:00.000,I 20,I 20 and Lee St,,Sideswipe-Same Direction,2,Rain,Wet,Daylight
2024-12-31T17:35:00.000,I 20,I 20 and Lee St,,Rear End,2,Clear,Dry,Dark-Lighted
2024-10-22T18:14:00.000,I 20,I 20 and Lee St,,Sideswipe-Same Direction,2,Clear,Dry,Daylight
2024-12-31T17:35:00.000,I 20,I 20 and Lee St,,Rear End,2,Clear,Dry,Dark-Lighted
2024-10-23T05:58:00.000,I 20,I 20 and Lee St,,Rear End,4,Clear,Dry,Dark-Not Lighted
2024-08-27T06:38:00.000,I 20,I 20 and Lee St,,Rear End,2,Clear,Dry,Daylight
2024-12-10T17:17:00.000,I 20,I 20 and Lee St,,Rear End,2,Rain,Wet,Daylight
2024-04-25T13:40:00.000,I 20,I 20 and Lee St,,Rear End,2,Clear,Dry,Daylight
2024-08-27T06:26:00.000,I 20,I 20 and Lee St,,Rear End,2,Clear,Dry,Daylight
2024-03-11T17:38:00.000,I 20,I 20 and Lee St,,Sideswipe-Same Direction,2,Clear,Dry,Daylight
2024-02-13T16:43:00.000,I 20,I 20 and Lee St,,Rear End,2,Clear,Dry,Daylight
2024-12-01T10:15:00.000,I 20,I 20 and Lee St,,Rear End,2,Clear,Dry,Daylight
2024-07-02T18:00:00.000,I 20,I 20 and Lee St,,Rear End,2,Clear,Dry,Daylight
2024-12-09T09:13:00.000,I 20,I 20 and Lee St,,Rear End,2,Rain,Wet,Daylight
2024-08-09T17:21:00.000,I 20,I 20 and Lee St,,Sideswipe-Same Direction,2,Clear,Dry,Daylight
2024-10-22T17:00:00.000,I 20,I 20 and Lee St,,Rear End,2,Clear,Dry,Daylight
2024-10-08T18:12:00.000,I 20,I 20 and Lee St,,Rear End,2,Clear,Dry,Daylight
2024-04-25T06:35:00.000,I 20,I 20 and Lee St,,Rear End,2,Clear,Dry,Daylight
2024-03-18T12:39:00.000,I 20,I 20 and Lee St,,Sideswipe-Same Direction,2,Cloudy,Dry,Daylight
2024-03-28T18:20:00.000,I 20,I 20 and Lee St,,Sideswipe-Same Direction,2,Clear,Dry,Daylight
2023-04-07T06:25:00.000,I 20,I 20 and Lee Road Opas,,Sideswipe-Same Direction,2,Cloudy,Dry,Dark-Not Lighted
2023-10-05T06:31:00.000,I 20,I 20 and Lee Road On Rp,,Rear End,3,Clear,Dry,Dark-Not Lighted
2023-04-09T05:54:00.000,I 20,I 20 and Lee Road On Rp,,Angle Crash,2,Cloudy,Wet,Dark-Not Lighted
2023-04-09T05:54:00.000,I 20,I 20 and Lee Road On Rp,,Rear End,2,Cloudy,Wet,Dark-Not Lighted
2023-05-22T17:16:00.000,I 20,I 20 and Lee Road Off Rp,,Not a Collision with Motor Vehicle,1,Cloudy,Dry,Daylight
2023-03-23T06:51:00.000,I 20,I 20 and Lee Road Off Rp,,Angle Crash,2,Clear,Dry,Dark-Not Lighted
2024-09-05T10:40:00.000,I 20,I 20 and Lee Road Off Rp,,Rear End,2,Clear,Dry,Daylight
2022-05-10T16:49:00.000,I 20,I 20 and Lee Road Brg,,Rear End,1,Clear,Dry,Daylight
2023-08-17T09:45:00.000,I 20,I 20 and Lee Rd.,,Rear End,2,Clear,Dry,Daylight
2023-10-26T21:59:00.000,I 20,I 20 and Lee Rd.,,(None),2,(None),(None),(None)
2024-02-27T17:15:00.000,I 20,I 20 and Lee Rd Brg,,Rear End,2,Cloudy,Dry,Daylight
2020-06-27T10:44:00.000,I 20,I 20 and Lee Rd   Mm 41,,Rear End,2,Cloudy,Dry,Daylight
2021-06-16T10:03:00.000,I 20,I 20 and Lee Rd,,Sideswipe-Same Direction,2,Clear,Dry,Daylight
2021-04-06T18:12:00.000,I 20,I 20 and Lee Rd,,Not a Collision with Motor Vehicle,2,Clear,Dry,Daylight
2021-10-07T06:15:00.000,I 20,I 20 and Lee Rd,,Rear End,2,(None),Wet,(None)
2021-04-21T01:20:00.000,I 20,I 20 and Lee Rd,,Head On,1,Clear,Dry,Dark-Not Lighted
2021-04-12T05:45:00.000,I 20,I 20 and Lee Rd,,Rear End,2,Clear,Dry,Dark-Not Lighted
2021-06-16T00:00:00.000,I 20,I 20 and Lee Rd,,Rear End,2,Clear,Dry,Daylight
2021-06-12T12:50:00.000,I 20,I 20 and Lee Rd,,Sideswipe-Same Direction,2,Cloudy,Dry,Daylight
2021-06-10T23:30:00.000,I 20,I 20 and Lee Rd,,Angle Crash,2,Cloudy,Dry,Dark-Lighted
2021-05-05T23:19:00.000,I 20,I 20 and Lee Rd,,Angle Crash,3,Rain,Wet,Dark-Lighted
2021-10-02T13:10:00.000,I 20,I 20 and Lee Rd,,Not a Collision with Motor Vehicle,1,Clear,Dry,Daylight
2021-12-02T15:15:00.000,I 20,I 20 and Lee Rd,,Rear End,2,Clear,Dry,Daylight
2021-10-13T08:10:00.000,I 20,I 20 and Lee Rd,,Rear End,2,Fog,Dry,Daylight
2021-06-04T15:37:00.000,I 20,I 20 and Lee Rd,,Sideswipe-Same Direction,2,Clear,Dry,Daylight
2021-11-15T08:13:00.000,I 20,I 20 and Lee Rd,,Rear End,2,Clear,Dry,Daylight
2021-06-10T17:06:00.000,I 20,I 20 and Lee Rd,,Sideswipe-Same Direction,2,Clear,Dry,Daylight
2020-03-31T18:45:00.000,I 20,I 20 and Lee Rd,,Angle Crash,2,Rain,Wet,Daylight
2023-07-26T07:50:00.000,I 20,I 20 and Lee Rd,,Sideswipe-Same Direction,2,Clear,Dry,Daylight
2023-01-06T19:07:00.000,I 20,I 20 and Lee Rd,,Angle Crash,1,Clear,Dry,Dark-Not Lighted
2023-09-30T08:30:00.000,I 20,I 20 and Lee Rd,,(None),2,(None),(None),(None)
2023-02-28T23:30:00.000,I 20,I 20 and Lee Rd,,Angle Crash,2,Clear,Dry,Dark-Not Lighted
2023-04-12T15:44:00.000,I 20,I 20 and Lee Rd,,Angle Crash,1,Clear,Dry,Daylight
2023-11-20T23:00:00.000,I 20,I 20 and Lee Rd,,Rear End,2,Clear,Dry,Dark-Not Lighted
2023-06-28T19:37:00.000,I 20,I 20 and Lee Rd,,Sideswipe-Same Direction,2,Clear,Dry,Daylight
2023-09-09T16:11:00.000,I 20,I 20 and Lee Rd,,Rear End,2,Clear,Dry,Daylight
2023-05-15T16:16:00.000,I 20,I 20 and Lee Rd,,Sideswipe-Same Direction,2,Clear,Dry,Daylight
2023-08-03T17:01:00.000,I 20,I 20 and Lee Rd,,Not a Collision with Motor Vehicle,1,Rain,Wet,Daylight
2023-07-08T14:01:00.000,I 20,I 20 and Lee Rd,,Rear End,2,Cloudy,Dry,Daylight
2023-05-21T12:25:00.000,I 20,I 20 and Lee Rd,,Sideswipe-Same Direction,1,Clear,Dry,Daylight
2023-11-22T11:10:00.000,I 20,I 20 and Lee Rd,,(None),2,(None),(None),(None)
2023-09-11T14:40:00.000,I 20,I 20 and Lee Rd,,Angle Crash,2,Cloudy,Dry,Daylight
2023-08-01T15:35:00.000,I 20,I 20 and Lee Rd,,Sideswipe-Same Direction,2,Clear,Dry,Daylight
2023-08-14T06:26:00.000,I 20,I 20 and Lee Rd,,Rear End,4,Clear,Dry,Dusk
2023-01-19T05:30:00.000,I 20,I 20 and Lee Rd,,Rear End,2,Cloudy,Dry,Dark-Not Lighted
2023-02-01T08:20:00.000,I 20,I 20 and Lee Rd,,Sideswipe-Same Direction,3,Cloudy,Wet,Daylight
2023-10-26T15:45:00.000,I 20,I 20 and Lee Rd,,Rear End,2,Clear,Dry,Daylight
2023-02-15T07:50:00.000,I 20,I 20 and Lee Rd,,Angle Crash,3,Rain,Wet,Daylight
2023-08-24T08:15:00.000,I 20,I 20 and Lee Rd,,Rear End,2,Clear,Dry,Daylight
2023-08-14T16:40:00.000,I 20,I 20 and Lee Rd,,Rear End,2,Clear,Dry,Daylight
2023-01-23T09:12:00.000,I 20,I 20 and Lee Rd,,Rear End,2,Clear,Dry,Daylight
2023-10-17T09:28:00.000,I 20,I 20 and Lee Rd,,(None),2,(None),(None),(None)
2022-09-28T19:56:00.000,I 20,I 20 and Lee Rd,,Sideswipe-Same Direction,2,Cloudy,Dry,Daylight
2022-07-11T07:03:00.000,I 20,I 20 and Lee Rd,,Sideswipe-Same Direction,2,Cloudy,Dry,Daylight
2022-04-27T15:50:00.000,I 20,I 20 and Lee Rd,,Rear End,3,Clear,Dry,Daylight
2023-12-04T16:55:00.000,I 20,I 20 and Lee Rd,,Rear End,2,Clear,Dry,Daylight
2022-06-16T16:03:00.000,I 20,I 20 and Lee Rd,,Angle Crash,2,Cloudy,Dry,Daylight
2021-04-01T15:00:00.000,I 20,I 20 and Lee Rd,,Sideswipe-Same Direction,2,Clear,Dry,Daylight
2020-09-30T20:22:00.000,I 20,I 20 and Lee Rd,,Not a Collision with Motor Vehicle,1,Clear,Dry,Dark-Not Lighted
2020-02-23T03:25:00.000,I 20,I 20 and Lee Rd,,Sideswipe-Same Direction,3,Clear,Dry,Dark-Not Lighted
2020-09-18T06:50:00.000,I 20,I 20 and Lee Rd,,Head On,2,Clear,Dry,Dawn
2020-10-09T16:25:00.000,I 20,I 20 and Lee Rd,,Rear End,2,Rain,Wet,Daylight
2020-07-31T13:30:00.000,I 20,I 20 and Lee Rd,,Sideswipe-Same Direction,2,Cloudy,Dry,Daylight
2020-12-11T18:56:00.000,I 20,I 20 and Lee Rd,,Sideswipe-Same Direction,2,Cloudy,Dry,Dark-Lighted
2020-09-18T23:20:00.000,I 20,I 20 and Lee Rd,,Rear End,1,Clear,Dry,Dark-Lighted
2020-04-13T13:52:00.000,I 20,I 20 and Lee Rd,,Rear End,3,Clear,Dry,Daylight
2020-03-06T15:05:00.000,I 20,I 20 and Lee Rd,,Rear End,2,Clear,Dry,Daylight
2020-06-11T15:56:00.000,I 20,I 20 and Lee Rd,,Sideswipe-Same Direction,2,Clear,Dry,Daylight
2020-06-13T12:47:00.000,I 20,I 20 and Lee Rd,,Not a Collision with Motor Vehicle,1,Clear,Dry,Daylight
2020-10-22T15:55:00.000,I 20,I 20 and Lee Rd,,Rear End,2,Clear,Dry,Daylight
2020-09-02T17:46:00.000,I 20,I 20 and Lee Rd,,Angle Crash,2,Clear,Dry,Daylight
2020-11-10T06:28:00.000,I 20,I 20 and Lee Rd,,Angle Crash,2,Clear,Dry,Dark-Not Lighted
2020-02-23T04:08:00.000,I 20,I 20 and Lee Rd,,Sideswipe-Same Direction,3,Clear,Dry,Dark-Not Lighted
2020-04-10T11:28:00.000,I 20,I 20 and Lee Rd,,Not a Collision with Motor Vehicle,1,Clear,Dry,Daylight
2020-10-31T00:00:00.000,I 20,I 20 and Lee Rd,,Sideswipe-Same Direction,2,Clear,Dry,Dark-Not Lighted
2020-02-28T06:05:00.000,I 20,I 20 and Lee Rd,,Rear End,2,Fog,Dry,Dawn
2020-02-06T06:55:00.000,I 20,I 20 and Lee Rd,,Sideswipe-Same Direction,2,Severe Thunderstorm or Tornadic,Water (standing or moving),Dark-Not Lighted
2020-03-12T16:46:00.000,I 20,I 20 and Lee Rd,,Rear End,4,Cloudy,Dry,Daylight
2020-11-27T02:07:00.000,I 20,I 20 and Lee Rd,,Sideswipe-Same Direction,1,Clear,Dry,Dark-Lighted
2020-10-09T16:25:00.000,I 20,I 20 and Lee Rd,,Rear End,2,Rain,Wet,Daylight
2020-07-09T20:45:00.000,I 20,I 20 and Lee Rd,,Rear End,2,Cloudy,Wet,Dark-Not Lighted
2020-02-27T17:20:00.000,I 20,I 20 and Lee Rd,,Rear End,2,Clear,Dry,Daylight
2021-06-28T12:00:00.000,I 20,I 20 and Lee Rd,,Sideswipe-Same Direction,2,Clear,Dry,Daylight
2021-04-01T06:55:00.000,I 20,I 20 and Lee Rd,,Sideswipe-Same Direction,2,(None),Dry,(None)
2021-03-01T03:53:00.000,I 20,I 20 and Lee Rd,,Rear End,2,Cloudy,Dry,Dark-Not Lighted
2021-02-23T07:08:00.000,I 20,I 20 and Lee Rd,,Not a Collision with Motor Vehicle,1,Clear,Dry,Daylight
2021-04-23T09:54:00.000,I 20,I 20 and Lee Rd,,Rear End,2,Clear,Dry,Daylight
2021-02-20T18:16:00.000,I 20,I 20 and Lee Rd,,Rear End,2,Clear,Dry,Dusk
2021-02-11T12:13:00.000,I 20,I 20 and Lee Rd,,Rear End,2,Rain,Wet,Daylight
2021-05-26T01:32:00.000,I 20,I 20 and Lee Rd,,Rear End,2,Clear,Dry,Dark-Not Lighted
2021-05-30T07:24:00.000,I 20,I 20 and Lee Rd,,Sideswipe-Same Direction,2,Clear,Dry,Daylight
2021-10-16T06:25:00.000,I 20,I 20 and Lee Rd,,Sideswipe-Same Direction,2,Rain,Wet,Dark-Not Lighted
2021-07-08T15:29:00.000,I 20,I 20 and Lee Rd,,Sideswipe-Same Direction,2,Rain,Wet,Daylight
2021-08-16T22:54:00.000,I 20,I 20 and Lee Rd,,Sideswipe-Same Direction,2,Cloudy,Wet,Daylight
2021-11-17T07:00:00.000,I 20,I 20 and Lee Rd,,Rear End,2,Clear,Dry,Daylight
2021-09-07T15:47:00.000,I 20,I 20 and Lee Rd,,Sideswipe-Same Direction,2,Cloudy,Dry,Daylight
2021-07-23T09:25:00.000,I 20,I 20 and Lee Rd,,Not a Collision with Motor Vehicle,2,Clear,Dry,Daylight
2022-09-27T02:28:00.000,I 20,I 20 and Lee Rd,,Rear End,2,Clear,Dry,Dark-Not Lighted
2022-12-15T23:30:00.000,I 20,I 20 and Lee Rd,,Rear End,2,Clear,Dry,Dark-Not Lighted
2022-09-10T03:03:00.000,I 20,I 20 and Lee Rd,,Rear End,3,Rain,Wet,Dark-Not Lighted
2021-12-18T21:12:00.000,I 20,I 20 and Lee Rd,,Not a Collision with Motor Vehicle,1,Rain,Wet,Dark-Not Lighted
2021-12-24T18:40:00.000,I 20,I 20 and Lee Rd,,Rear End,2,Clear,Dry,Dark-Lighted
2022-07-30T08:47:00.000,I 20,I 20 and Lee Rd,,Not a Collision with Motor Vehicle,1,Cloudy,Dry,Daylight
2022-12-28T19:20:00.000,I 20,I 20 and Lee Rd,,Angle Crash,2,Clear,Dry,Dark-Not Lighted
2022-09-10T03:03:00.000,I 20,I 20 and Lee Rd,,Rear End,2,Rain,Wet,Dark-Not Lighted
2022-07-15T10:30:00.000,I 20,I 20 and Lee Rd,,Rear End,2,Clear,Dry,Daylight
2022-07-14T20:50:00.000,I 20,I 20 and Lee Rd,,Not a Collision with Motor Vehicle,1,Clear,Dry,Daylight
2022-04-08T14:25:00.000,I 20,I 20 and Lee Rd,,Sideswipe-Same Direction,2,Cloudy,Dry,Daylight
2022-08-12T10:02:00.000,I 20,I 20 and Lee Rd,,Rear End,2,Cloudy,Wet,Daylight
2022-04-26T19:30:00.000,I 20,I 20 and Lee Rd,,Rear End,2,Clear,Dry,Daylight
2021-12-30T06:50:00.000,I 20,I 20 and Lee Rd,,Rear End,2,Rain,Wet,Dark-Not Lighted
2022-07-29T06:27:00.000,I 20,I 20 and Lee Rd,,Not a Collision with Motor Vehicle,1,Cloudy,Dry,Daylight
2022-10-25T21:30:00.000,I 20,I 20 and Lee Rd,,Not a Collision with Motor Vehicle,1,Rain,Wet,Dark-Not Lighted
2022-08-28T00:35:00.000,I 20,I 20 and Lee Rd,,Rear End,2,Cloudy,Wet,Dark-Lighted
2022-11-09T13:10:00.000,I 20,I 20 and Lee Rd,,Angle,2,Clear,Dry,Daylight
2022-04-25T18:17:00.000,I 20,I 20 and Lee Rd,,Sideswipe-Same Direction,2,Cloudy,Dry,Daylight
2022-07-30T08:55:00.000,I 20,I 20 and Lee Rd,,Rear End,3,Clear,Dry,Daylight
2022-11-17T20:30:00.000,I 20,I 20 and Lee Rd,,Sideswipe-Same Direction,2,Clear,Dry,Dark-Not Lighted
2022-11-16T11:16:00.000,I 20,I 20 and Lee Rd,,Sideswipe-Same Direction,2,Clear,Dry,Daylight
2022-12-29T10:20:00.000,I 20,I 20 and Lee Rd,,Angle Crash,2,Clear,Dry,Daylight
2022-05-16T14:25:00.000,I 20,I 20 and Lee Rd,,Rear End,2,Cloudy,Dry,Daylight
2022-05-09T14:40:00.000,I 20,I 20 and Lee Rd,,Sideswipe-Same Direction,2,Clear,Dry,Daylight
2022-09-16T16:15:00.000,I 20,I 20 and Lee Rd,,Sideswipe-Same Direction,2,Cloudy,Dry,Daylight
2022-03-12T13:52:00.000,I 20,I 20 and Lee Rd,,Sideswipe-Same Direction,2,Clear,Dry,Daylight
2022-08-19T15:01:00.000,I 20,I 20 and Lee Rd,,Rear End,2,Cloudy,Dry,Daylight
2022-03-05T18:43:00.000,I 20,I 20 and Lee Rd,,Sideswipe-Opposite Direction,2,Clear,Dry,Daylight
2022-02-02T23:35:00.000,I 20,I 20 and Lee Rd,,Sideswipe-Same Direction,2,Rain,Wet,Dark-Not Lighted
2022-12-15T07:30:00.000,I 20,I 20 and Lee Rd,,Sideswipe-Same Direction,2,Cloudy,Wet,Daylight
2022-07-19T02:59:00.000,I 20,I 20 and Lee Rd,,Rear End,2,Clear,(None),Dark-Not Lighted
2022-08-04T03:09:00.000,I 20,I 20 and Lee Rd,,Not a Collision with Motor Vehicle,1,Cloudy,Dry,Dark-Not Lighted
2022-08-16T14:00:00.000,I 20,I 20 and Lee Rd,,Sideswipe-Same Direction,2,Clear,Dry,Daylight
2022-01-11T16:55:00.000,I 20,I 20 and Lee Rd,,Rear End,4,Clear,Dry,Daylight
2023-05-12T10:45:00.000,I 20,I 20 and Lee Rd,,Rear End,2,Rain,Wet,Daylight
2023-10-03T13:22:00.000,I 20,I 20 and Lee Rd,,Sideswipe-Same Direction,2,Clear,Dry,Daylight
2023-07-24T18:55:00.000,I 20,I 20 and Lee Rd,,Rear End,2,Clear,Dry,Daylight
2024-10-22T12:43:00.000,I 20,I 20 and Lee Rd,,Rear End,2,Clear,Dry,Daylight
2024-11-30T16:26:00.000,I 20,I 20 and Lee Rd,,Rear End,2,Clear,Dry,Daylight
2024-10-10T17:15:00.000,I 20,I 20 and Lee Rd,,Rear End,3,Clear,Dry,Daylight
2024-02-22T04:32:00.000,I 20,I 20 and Lee Rd,,(None),1,(None),(None),(None)
2024-07-11T13:40:00.000,I 20,I 20 and Lee Rd,,Rear End,2,Clear,Dry,Daylight
2023-05-08T11:26:00.000,I 20,I 20 and Lee Rd,,Rear End,2,Clear,Dry,Daylight
2024-03-12T08:34:00.000,I 20,I 20 and Lee Rd,,Rear End,2,Clear,Dry,Daylight
2023-07-10T08:05:00.000,I 20,I 20 and Lee Rd,,Rear End,2,Rain,Wet,Daylight
2023-08-24T06:15:00.000,I 20,I 20 and Lee Rd,,Rear End,2,Clear,Dry,Dark-Lighted
2023-04-30T13:00:00.000,I 20,I 20 and Lee Rd,,Angle Crash,2,Clear,Dry,Daylight
2023-06-21T15:39:00.000,I 20,I 20 and Lee Rd,,Rear End,2,Rain,Wet,Daylight
2023-02-10T08:29:00.000,I 20,I 20 and Lee Rd,,Rear End,2,Clear,Dry,Daylight