Date and Time,Roadway (From Crash Report),Intersection Name (from Crash Report),KABCO Severity,Manner of Collision (Crash Level) ,# of Vehicles per crash ,Weather Conditions (Crash Level),Surface Condition (Crash Level) ,Light Conditions (Crash Level)
2023-01-30T18:00:00.000,I 20,I 20 and Lee Rd,,Sideswipe-Same Direction,2,Clear,Dry,Daylight
2023-08-25T14:44:00.000,I 20,I 20 and Lee Rd,,Rear End,2,Clear,Dry,Daylight
2023-02-04T18:30:00.000,I 20,I 20 and Lee Rd,,Sideswipe-Same Direction,2,Clear,Dry,Dark-Not Lighted
2023-12-01T07:06:00.000,I 20,I 20 and Lee Rd,,(None),2,(None),(None),(None)
2023-02-18T12:52:00.000,I 20,I 20 and Lee Rd,,Sideswipe-Same Direction,2,Clear,Dry,Daylight
2023-07-10T07:17:00.000,I 20,I 20 and Lee Rd,,Head On,1,Rain,Wet,Daylight
2023-05-23T08:43:00.000,I 20,I 20 and Lee Rd,,Sideswipe-Same Direction,2,Cloudy,Wet,Daylight
2023-06-04T14:22:00.000,I 20,I 20 and Lee Rd,,Rear End,2,Clear,Dry,Daylight
2024-09-25T08:22:00.000,I 20,I 20 and Lee Rd,,Rear End,2,Cloudy,Wet,Daylight
2024-07-04T19:00:00.000,I 20,I 20 and Lee Rd,,Rear End,3,Cloudy,Wet,Daylight
2024-10-05T09:40:00.000,I 20,I 20 and Lee Rd,,Rear End,2,Clear,Dry,Daylight
2024-03-01T14:01:00.000,I 20,I 20 and Lee Rd,,Rear End,2,Rain,Wet,Daylight
2024-10-12T06:15:00.000,I 20,I 20 and Lee Rd,,Rear End,2,Clear,Dry,Dark-Lighted
2024-12-22T09:35:00.000,I 20,I 20 and Lee Rd,,Sideswipe-Same Direction,2,Clear,Dry,Daylight
2024-05-05T18:23:00.000,I 20,I 20 and Lee Rd,,Rear End,2,Clear,Dry,Daylight
2024-03-30T13:24:00.000,I 20,I 20 and Lee Rd,,Rear End,2,Clear,Dry,Daylight
2024-02-28T18:33:00.000,I 20,I 20 and Lee Rd,,Sideswipe-Same Direction,2,Cloudy,Dry,Dark-Lighted
2024-07-19T17:35:00.000,I 20,I 20 and Lee Rd,,Rear End,2,Cloudy,Wet,Daylight
2024-01-09T14:12:00.000,I 20,I 20 and Lee Rd,,Rear End,1,Cloudy,Wet,Daylight
2024-11-26T10:45:00.000,I 20,I 20 and Lee Rd,,Rear End,2,Cloudy,Dry,Daylight
2024-11-15T18:10:00.000,I 20,I 20 and Lee Rd,,Sideswipe-Same Direction,2,Clear,Dry,Dark-Lighted
2024-02-26T14:55:00.000,I 20,I 20 and Lee Rd,,Rear End,2,Clear,Dry,Daylight
2024-08-09T10:54:00.000,I 20,I 20 and Lee Rd,,Sideswipe-Same Direction,2,Clear,Dry,Daylight
2024-05-28T08:15:00.000,I 20,I 20 and Lee Rd,,Rear End,2,Clear,Dry,Daylight
2022-10-11T15:42:00.000,I 20,I 20 and Lawton Street Underpass,,Sideswipe-Same Direction,4,Cloudy,Dry,Daylight
2023-08-11T07:40:00.000,I 20,I 20 and Lawton St Underpass,,Rear End,3,Rain,Wet,Dark-Lighted
2021-01-19T15:00:00.000,I 20,I 20 and Lawton St,,Rear End,2,Clear,Dry,Daylight
2021-09-20T14:37:00.000,I 20,I 20 and Lawton St,,Angle Crash,3,Rain,Wet,Daylight
2021-12-20T15:30:00.000,I 20,I 20 and Lawton St,,Sideswipe-Same Direction,3,Cloudy,Dry,Daylight
2021-01-19T15:00:00.000,I 20,I 20 and Lawton St,,Rear End,2,Clear,Dry,Daylight
2022-07-22T08:32:00.000,I 20,I 20 and Lawton St,,Rear End,3,Clear,Dry,Daylight
2023-03-30T15:14:00.000,I 20,I 20 and Lawton St,,Rear End,2,Clear,Dry,Daylight
2024-04-22T10:00:00.000,I 20,I 20 and Lawton Rd,,Rear End,5,Clear,Dry,Daylight
2023-03-27T09:41:00.000,I 20,I 20 and Laurel Ave,,Rear End,3,Rain,Wet,Daylight
2022-01-24T10:27:00.000,I 20,I 20 and Lanhorn St,,Sideswipe-Same Direction,2,Clear,Dry,Daylight
2021-06-30T13:51:00.000,I 20,I 20 and Langorn St,,Not a Collision with Motor Vehicle,2,Clear,Dry,Daylight
2024-06-21T15:55:00.000,I 20,I 20 and Langhorne St,,Rear End,2,Clear,Dry,Daylight
2020-08-31T17:25:00.000,I 20,I 20 and Langhorne,,Angle Crash,1,Clear,Dry,Daylight
2021-02-11T14:10:00.000,I 20,I 20 and Langhorn Street Underpass,,Not a Collision with Motor Vehicle,2,Rain,Wet,Daylight
2020-01-02T13:25:00.000,I 20,I 20 and Langhorn Street Underpass,,Sideswipe-Same Direction,2,Rain,Wet,Daylight
2022-09-08T15:43:00.000,I 20,I 20 and Langhorn Street Underpass,,Sideswipe-Same Direction,2,Clear,Dry,Daylight
2021-01-26T06:50:00.000,I 20,I 20 and Langhorn Street Sw Underpass,,Sideswipe-Same Direction,2,Rain,Wet,Dark-Lighted
2022-01-20T06:00:00.000,I 20,I 20 and Langhorn Street Opas,,Rear End,2,Rain,Wet,Dark-Not Lighted
2022-01-20T06:00:00.000,I 20,I 20 and Langhorn Street Opas,,Rear End,5,Other,Wet,Dark-Lighted
2024-10-08T17:45:00.000,I 20,I 20 and Langhorn St Opas,,Rear End,2,Clear,Dry,Daylight
2021-06-21T18:07:00.000,I 20,I 20 and Langhorn St,,Not a Collision with Motor Vehicle,2,Cloudy,Dry,Daylight
2021-04-19T11:28:00.000,I 20,I 20 and Langhorn St,,Sideswipe-Same Direction,2,Clear,Dry,Daylight
2021-02-25T17:50:00.000,I 20,I 20 and Langhorn St,,Sideswipe-Same Direction,2,Cloudy,Dry,Daylight
2021-04-19T11:39:00.000,I 20,I 20 and Langhorn St,,Rear End,2,Clear,Dry,Daylight
2021-05-24T16:56:00.000,I 20,I 20 and Langhorn St,,Sideswipe-Same Direction,2,Clear,Dry,Daylight
2021-11-19T12:25:00.000,I 20,I 20 and Langhorn St,,Rear End,2,Clear,Dry,Daylight
2021-09-03T17:08:00.000,I 20,I 20 and Langhorn St,,Rear End,2,Clear,Dry,Daylight
2021-02-04T23:00:00.000,I 20,I 20 and Langhorn St,,Sideswipe-Same Direction,2,Clear,Dry,Dark-Lighted
2021-03-07T15:14:00.000,I 20,I 20 and Langhorn St,,Sideswipe-Opposite Direction,3,Clear,Dry,Daylight
2021-06-23T15:43:00.000,I 20,I 20 and Langhorn St,,Sideswipe-Same Direction,3,Clear,Dry,Daylight
2021-06-18T17:09:00.000,I 20,I 20 and Langhorn St,,Rear End,2,Clear,Dry,Daylight
2021-01-13T08:50:00.000,I 20,I 20 and Langhorn St,,Rear End,2,Clear,Dry,Daylight
2021-02-04T17:03:00.000,I 20,I 20 and Langhorn St,,Angle Crash,2,Clear,Dry,Daylight
2021-01-14T12:55:00.000,I 20,I 20 and Langhorn St,,Sideswipe-Same Direction,2,Clear,Dry,Daylight
2021-01-19T15:26:00.000,I 20,I 20 and Langhorn St,,Rear End,2,Cloudy,Dry,Daylight
2021-02-21T01:11:00.000,I 20,I 20 and Langhorn St,,Rear End,2,Clear,Dry,Dark-Not Lighted
2021-08-17T08:35:00.000,I 20,I 20 and Langhorn St,,Rear End,2,Rain,Wet,Daylight
2021-10-11T19:28:00.000,I 20,I 20 and Langhorn St,,Sideswipe-Same Direction,2,Clear,Dry,Dark-Lighted
2021-11-18T18:45:00.000,I 20,I 20 and Langhorn St,,Rear End,2,Clear,Dry,Dark-Lighted
2021-04-15T15:41:00.000,I 20,I 20 and Langhorn St,,Rear End,2,Clear,Wet,Daylight
2021-04-27T06:40:00.000,I 20,I 20 and Langhorn St,,Rear End,2,Clear,Dry,Daylight
2021-07-06T14:16:00.000,I 20,I 20 and Langhorn St,,Sideswipe-Same Direction,2,Clear,Dry,Daylight
2021-11-10T17:36:00.000,I 20,I 20 and Langhorn St,,Rear End,2,Clear,Dry,Dusk
2021-08-10T18:13:00.000,I 20,I 20 and Langhorn St,,Rear End,2,Clear,Dry,Daylight
2021-01-23T18:09:00.000,I 20,I 20 and Langhorn St,,Rear End,2,Clear,Dry,Dark-Lighted
2021-03-16T13:05:00.000,I 20,I 20 and Langhorn St,,Sideswipe-Same Direction,2,Rain,Wet,Daylight
2021-09-10T18:40:00.000,I 20,I 20 and Langhorn St,,Sideswipe-Same Direction,2,Clear,Dry,Daylight
2021-10-07T18:42:00.000,I 20,I 20 and Langhorn St,,Rear End,4,Cloudy,Wet,Daylight
2021-10-05T10:49:00.000,I 20,I 20 and Langhorn St,,Rear End,2,Rain,Wet,Daylight
2021-07-19T08:49:00.000,I 20,I 20 and Langhorn St,,Sideswipe-Same Direction,3,Cloudy,Wet,Daylight
2021-12-10T15:26:00.000,I 20,I 20 and Langhorn St,,Rear End,2,Rain,Wet,Daylight
2021-11-12T13:00:00.000,I 20,I 20 and Langhorn St,,Sideswipe-Same Direction,2,Clear,Dry,Daylight
2021-04-16T12:35:00.000,I 20,I 20 and Langhorn St,,Sideswipe-Same Direction,3,Clear,Dry,Daylight
2021-01-16T06:12:00.000,I 20,I 20 and Langhorn St,,Sideswipe-Same Direction,2,Clear,Dry,Daylight
2020-07-06T23:27:00.000,I 20,I 20 and Langhorn St,,Not a Collision with Motor Vehicle,1,Clear,Dry,Dawn
2020-02-28T10:33:00.000,I 20,I 20 and Langhorn St,,Sideswipe-Same Direction,2,Clear,Dry,Daylight
2020-10-26T12:23:00.000,I 20,I 20 and Langhorn St,,Rear End,2,Cloudy,Dry,Daylight
2023-12-12T18:47:00.000,I 20,I 20 and Langhorn St,,Rear End,2,Clear,Dry,Dark-Lighted
2023-11-17T17:35:00.000,I 20,I 20 and Langhorn St,,Sideswipe-Same Direction,2,Cloudy,Dry,Dusk
2023-06-08T16:43:00.000,I 20,I 20 and Langhorn St,,Sideswipe-Same Direction,2,Clear,Dry,Daylight
2023-11-20T16:31:00.000,I 20,I 20 and Langhorn St,,Rear End,4,Clear,Dry,Daylight
2023-10-20T15:07:00.000,I 20,I 20 and Langhorn St,,Sideswipe-Same Direction,2,Clear,Dry,Daylight
2023-04-04T17:15:00.000,I 20,I 20 and Langhorn St,,Rear End,3,Clear,Dry,Daylight
2023-03-24T17:00:00.000,I 20,I 20 and Langhorn St,,Rear End,3,Clear,Dry,Daylight
2023-07-11T16:46:00.000,I 20,I 20 and Langhorn St,,Sideswipe-Same Direction,2,Clear,Dry,Daylight
2023-01-06T11:38:00.000,I 20,I 20 and Langhorn St,,Rear End,2,Clear,Dry,Daylight
2023-01-19T13:40:00.000,I 20,I 20 and Langhorn St,,Sideswipe-Same Direction,2,Clear,Dry,Daylight
2022-09-18T10:28:00.000,I 20,I 20 and Langhorn St,,Not a Collision with Motor Vehicle,1,Clear,Dry,Daylight
2022-11-21T15:20:00.000,I 20,I 20 and Langhorn St,,Rear End,2,Clear,Dry,Daylight
2020-01-21T09:00:00.000,I 20,I 20 and Langhorn St,,Rear End,3,Cloudy,Dry,Daylight
2023-04-04T16:20:00.000,I 20,I 20 and Langhorn St,,Rear End,2,Clear,Dry,Daylight
2020-07-08T14:12:00.000,I 20,I 20 and Langhorn St,,Not a Collision with Motor Vehicle,2,Cloudy,Dry,Daylight
2020-04-30T11:29:00.000,I 20,I 20 and Langhorn St,,Not a Collision with Motor Vehicle,2,Clear,Dry,Daylight
2020-07-20T00:32:00.000,I 20,I 20 and Langhorn St,,Sideswipe-Same Direction,2,Clear,Dry,Dark-Lighted
2020-01-29T17:20:00.000,I 20,I 20 and Langhorn St,,Rear End,2,Clear,Dry,Daylight
2020-11-11T23:00:00.000,I 20,I 20 and Langhorn St,,Rear End,2,Rain,Wet,Dark-Lighted
2020-09-07T21:45:00.000,I 20,I 20 and Langhorn St,,Sideswipe-Same Direction,2,Clear,Dry,Dark-Not Lighted
2020-08-24T20:18:00.000,I 20,I 20 and Langhorn St,,Sideswipe-Same Direction,2,Rain,Wet,Dusk
2020-10-06T10:05:00.000,I 20,I 20 and Langhorn St,,Rear End,2,Clear,Dry,Daylight
2020-02-12T06:37:00.000,I 20,I 20 and Langhorn St,,Sideswipe-Same Direction,2,Cloudy,Dry,Dark-Not Lighted
2020-06-05T09:59:00.000,I 20,I 20 and Langhorn St,,Sideswipe-Same Direction,2,Clear,Dry,Daylight
2020-05-28T15:25:00.000,I 20,I 20 and Langhorn St,,Rear End,2,Clear,Dry,Daylight
2020-11-11T23:09:00.000,I 20,I 20 and Langhorn St,,Angle Crash,3,Rain,Wet,Dark-Lighted
2020-06-18T14:27:00.000,I 20,I 20 and Langhorn St,,Not a Collision with Motor Vehicle,1,Clear,Dry,Daylight
2020-01-12T13:11:00.000,I 20,I 20 and Langhorn St,,Rear End,2,Clear,Dry,Daylight
2020-02-28T09:47:00.000,I 20,I 20 and Langhorn St,,Rear End,4,Clear,Dry,Daylight
2020-08-15T17:03:00.000,I 20,I 20 and Langhorn St,,Sideswipe-Same Direction,2,Cloudy,Wet,Daylight
2020-09-16T20:29:00.000,I 20,I 20 and Langhorn St,,Sideswipe-Same Direction,2,Rain,Wet,Dark-Lighted
2020-03-13T10:31:00.000,I 20,I 20 and Langhorn St,,Angle Crash,5,Cloudy,Dry,Daylight
2020-09-02T08:03:00.000,I 20,I 20 and Langhorn St,,Sideswipe-Same Direction,2,Clear,Dry,Daylight
2020-08-07T01:31:00.000,I 20,I 20 and Langhorn St,,Rear End,2,Clear,Dry,Dark-Lighted
2020-02-25T15:00:00.000,I 20,I 20 and Langhorn St,,Sideswipe-Same Direction,2,Clear,Dry,Daylight
2020-02-05T21:35:00.000,I 20,I 20 and Langhorn St,,Rear End,3,Rain,Wet,Dark-Lighted
2020-08-16T12:38:00.000,I 20,I 20 and Langhorn St,,Angle Crash,2,Clear,Dry,Daylight
2020-06-26T19:02:00.000,I 20,I 20 and Langhorn St,,Not a Collision with Motor Vehicle,1,Cloudy,Dry,Daylight
2020-11-25T14:56:00.000,I 20,I 20 and Langhorn St,,Angle Crash,2,Clear,Wet,Daylight
2020-11-06T17:58:00.000,I 20,I 20 and Langhorn St,,Rear End,2,Clear,Dry,Dark-Lighted
2020-11-24T00:02:00.000,I 20,I 20 and Langhorn St,,Rear End,2,Clear,Dry,Dark-Lighted
2020-01-14T17:25:00.000,I 20,I 20 and Langhorn St,,Rear End,2,Rain,Wet,Dark-Not Lighted
2020-02-03T08:43:00.000,I 20,I 20 and Langhorn St,,Rear End,2,Clear,Dry,Daylight
2020-07-04T01:21:00.000,I 20,I 20 and Langhorn St,,Sideswipe-Same Direction,2,Clear,Dry,Dark-Lighted
2020-08-01T20:22:00.000,I 20,I 20 and Langhorn St,,Angle Crash,2,Clear,Dry,Daylight
2020-12-07T18:55:00.000,I 20,I 20 and Langhorn St,,Sideswipe-Same Direction,2,Cloudy,Dry,Dark-Lighted
2020-02-28T09:49:00.000,I 20,I 20 and Langhorn St,,Not a Collision with Motor Vehicle,1,Clear,Dry,Daylight
2020-07-06T21:28:00.000,I 20,I 20 and Langhorn St,,Sideswipe-Same Direction,2,Rain,Dry,Dark-Lighted
2020-02-26T20:05:00.000,I 20,I 20 and Langhorn St,,Rear End,2,Clear,Dry,Dark-Lighted
2020-08-31T08:00:00.000,I 20,I 20 and Langhorn St,,Not a Collision with Motor Vehicle,1,Clear,Dry,Daylight
2020-01-31T09:00:00.000,I 20,I 20 and Langhorn St,,Rear End,2,Rain,Wet,Daylight
2021-03-02T07:56:00.000,I 20,I 20 and Langhorn St,,Not a Collision with Motor Vehicle,3,Cloudy,Dry,Daylight
2021-04-19T13:25:00.000,I 20,I 20 and Langhorn St,,Rear End,2,Clear,Dry,Daylight
2021-02-02T15:55:00.000,I 20,I 20 and Langhorn St,,Rear End,2,Clear,Dry,Daylight
2021-01-02T22:27:00.000,I 20,I 20 and Langhorn St,,Rear End,5,Clear,Dry,Dark-Not Lighted
2021-04-16T12:03:00.000,I 20,I 20 and Langhorn St,,Sideswipe-Same Direction,2,Clear,Dry,Daylight
2021-06-04T16:54:00.000,I 20,I 20 and Langhorn St,,Rear End,4,Clear,Dry,Daylight
2021-01-01T02:46:00.000,I 20,I 20 and Langhorn St,,Sideswipe-Same Direction,2,Cloudy,Wet,Dark-Lighted
2021-01-05T10:35:00.000,I 20,I 20 and Langhorn St,,Angle Crash,2,Clear,Dry,Daylight
2021-04-27T06:30:00.000,I 20,I 20 and Langhorn St,,Sideswipe-Same Direction,2,Clear,Dry,Daylight
2021-01-19T12:19:00.000,I 20,I 20 and Langhorn St,,Not a Collision with Motor Vehicle,2,Clear,Dry,Daylight
2021-06-10T14:03:00.000,I 20,I 20 and Langhorn St,,Sideswipe-Same Direction,2,Clear,Dry,Daylight
2021-04-16T12:03:00.000,I 20,I 20 and Langhorn St,,Head On,2,Clear,Dry,Daylight
2021-03-06T01:52:00.000,I 20,I 20 and Langhorn St,,Angle Crash,3,Clear,Dry,Dark-Lighted
2021-10-21T13:43:00.000,I 20,I 20 and Langhorn St,,Rear End,2,Clear,Dry,Daylight
2021-07-28T13:48:00.000,I 20,I 20 and Langhorn St,,Rear End,3,Clear,Dry,Daylight
2021-07-19T12:02:00.000,I 20,I 20 and Langhorn St,,Rear End,2,Rain,Wet,Daylight
2021-10-15T21:40:00.000,I 20,I 20 and Langhorn St,,Sideswipe-Same Direction,2,Clear,Dry,Dark-Not Lighted
2021-12-13T08:41:00.000,I 20,I 20 and Langhorn St,,Rear End,2,Clear,Wet,Daylight
2022-04-01T18:30:00.000,I 20,I 20 and Langhorn St,,Sideswipe-Same Direction,2,Clear,Dry,Daylight
2021-11-23T15:00:00.000,I 20,I 20 and Langhorn St,,Sideswipe-Same Direction,3,Clear,Dry,Daylight
2021-09-09T10:46:00.000,I 20,I 20 and Langhorn St,,Not a Collision with Motor Vehicle,1,Clear,Dry,Daylight
2022-04-28T16:15:00.000,I 20,I 20 and Langhorn St,,Rear End,2,Clear,Dry,Daylight
2022-01-12T15:01:00.000,I 20,I 20 and Langhorn St,,Sideswipe-Same Direction,3,Clear,Dry,Daylight
2022-06-17T08:26:00.000,I 20,I 20 and Langhorn St,,Sideswipe-Same Direction,2,Clear,Dry,Daylight
2022-06-07T16:55:00.000,I 20,I 20 and Langhorn St,,Rear End,5,Cloudy,Dry,Daylight
2022-10-03T09:45:00.000,I 20,I 20 and Langhorn St,,Sideswipe-Same Direction,2,Clear,Dry,Daylight
2022-01-08T23:03:00.000,I 20,I 20 and Langhorn St,,Sideswipe-Same Direction,2,Clear,Dry,Dark-Lighted
2022-02-27T18:37:00.000,I 20,I 20 and Langhorn St,,Rear End,3,Rain,Wet,Daylight
2022-03-03T08:09:00.000,I 20,I 20 and Langhorn St,,Sideswipe-Same Direction,2,Clear,Dry,Daylight
2022-01-25T17:16:00.000,I 20,I 20 and Langhorn St,,Sideswipe-Same Direction,2,Clear,Dry,Daylight
2022-11-15T17:25:00.000,I 20,I 20 and Langhorn St,,Rear End,3,Cloudy,Wet,Daylight
2022-05-19T14:30:00.000,I 20,I 20 and Langhorn St,,Rear End,3,Clear,Dry,Daylight
2022-10-18T08:40:00.000,I 20,I 20 and Langhorn St,,Rear End,2,Clear,Dry,Daylight
2022-11-17T09:45:00.000,I 20,I 20 and Langhorn St,,Not a Collision with Motor Vehicle,1,Clear,Dry,Daylight
2022-11-01T17:00:00.000,I 20,I 20 and Langhorn St,,Sideswipe-Same Direction,2,Clear,Dry,Daylight
2022-06-10T14:23:00.000,I 20,I 20 and Langhorn St,,Rear End,2,Clear,Dry,Daylight
2022-02-03T15:30:00.000,I 20,I 20 and Langhorn St,,Rear End,2,Clear,Dry,Daylight
2022-04-05T13:35:00.000,I 20,I 20 and Langhorn St,,Rear End,2,Rain,Wet,Daylight
2023-12-19T09:02:00.000,I 20,I 20 and Langhorn St,,Rear End,2,Clear,Dry,Daylight
2024-04-15T07:39:00.000,I 20,I 20 and Langhorn St,,Rear End,3,Clear,Dry,Daylight
2024-04-08T13:20:00.000,I 20,I 20 and Langhorn St,,Rear End,4,Clear,Dry,Daylight
2024-12-03T18:52:00.000,I 20,I 20 and Langhorn St,,Sideswipe-Same Direction,2,Clear,Dry,Dark-Lighted
2024-12-05T16:01:00.000,I 20,I 20 and Langhorn St,,Sideswipe-Same Direction,2,Clear,Dry,Daylight
2024-04-26T07:20:00.000,I 20,I 20 and Langhorn St,,Sideswipe-Same Direction,2,Clear,Dry,Daylight
2024-05-27T15:33:00.000,I 20,I 20 and Langhorn St,,Sideswipe-Same Direction,2,Clear,Dry,Daylight
2024-01-11T19:50:00.000,I 20,I 20 and Langhorn St,,Sideswipe-Same Direction,2,Clear,Dry,Dark-Not Lighted
2024-12-23T08:03:00.000,I 20,I 20 and Langhorn St,,Rear End,2,Clear,Dry,Daylight
2024-01-04T08:30:00.000,I 20,I 20 and Langhorn St,,Rear End,2,Clear,Dry,Daylight
2024-03-26T09:07:00.000,I 20,I 20 and Langhorn St,,Not a Collision with Motor Vehicle,1,Cloudy,Dry,Daylight
2024-01-23T15:41:00.000,I 20,I 20 and Langhorn St,,Sideswipe-Same Direction,2,Cloudy,Dry,Daylight
2024-01-04T08:26:00.000,I 20,I 20 and Langhorn St,,Rear End,2,Clear,Dry,Daylight
2023-04-17T05:59:00.000,I 20,I 20 and Langhorn St,,Sideswipe-Same Direction,2,Cloudy,Dry,Dark-Lighted
2023-03-14T16:06:00.000,I 20,I 20 and Langhorn St,,Sideswipe-Same Direction,2,Clear,Dry,Daylight
2023-09-29T12:55:00.000,I 20,I 20 and Langhorn St,,Sideswipe-Same Direction,2,Cloudy,Dry,Daylight
2023-02-07T17:02:00.000,I 20,I 20 and Langhorn St,,Rear End,3,Clear,Dry,Daylight
2023-05-26T23:19:00.000,I 20,I 20 and Langhorn St,,Angle Crash,2,Clear,Dry,Dark-Lighted
2023-05-26T23:19:00.000,I 20,I 20 and Langhorn St,,Not a Collision with Motor Vehicle,1,Clear,Dry,Dark-Not Lighted
2023-03-23T15:30:00.000,I 20,I 20 and Langhorn St,,Rear End,2,Clear,Dry,Daylight
2023-08-07T06:33:00.000,I 20,I 20 and Langhorn St,,Rear End,2,Rain,Wet,Daylight
2023-04-28T16:52:00.000,I 20,I 20 and Langhorn St,,Rear End,2,Clear,Dry,Daylight
2023-01-06T11:55:00.000,I 20,I 20 and Langhorn St,,Not a Collision with Motor Vehicle,2,Clear,Dry,Daylight
2023-05-02T17:52:00.000,I 20,I 20 and Langhorn St,,Rear End,2,Clear,Dry,Daylight
2023-10-16T16:35:00.000,I 20,I 20 and Langhorn St,,Rear End,3,Cloudy,Dry,Daylight
2023-01-06T10:01:00.000,I 20,I 20 and Langhorn St,,Rear End,4,Clear,Dry,Daylight
2023-03-31T18:08:00.000,I 20,I 20 and Langhorn St,,Sideswipe-Same Direction,2,Cloudy,Dry,Daylight
2023-07-07T10:26:00.000,I 20,I 20 and Langhorn St,,Rear End,2,Clear,Dry,Daylight
2023-08-07T06:33:00.000,I 20,I 20 and Langhorn St,,Sideswipe-Same Direction,2,Rain,Wet,Daylight
2024-04-16T17:15:00.000,I 20,I 20 and Langhorn St,,Sideswipe-Same Direction,2,Clear,Dry,Daylight
2024-04-04T12:22:00.000,I 20,I 20 and Langhorn St,,Rear End,2,Clear,Dry,Daylight
2024-08-23T00:00:00.000,I 20,I 20 and Langhorn St,,Sideswipe-Same Direction,2,Clear,Dry,Daylight
2024-07-23T09:39:00.000,I 20,I 20 and Langhorn St,,Sideswipe-Same Direction,2,Cloudy,Dry,Daylight
2024-05-27T14:48:00.000,I 20,I 20 and Langhorn St,,Rear End,3,Cloudy,Wet,Daylight
2024-10-22T18:23:00.000,I 20,I 20 and Langhorn St,,Rear End,2,Clear,Dry,Daylight
2024-12-03T17:32:00.000,I 20,I 20 and Langhorn St,,Rear End,2,Clear,Dry,Dark-Lighted
2024-10-18T11:13:00.000,I 20,I 20 and Langhorn St,,Sideswipe-Same Direction,2,Clear,Dry,Daylight
2024-03-29T16:14:00.000,I 20,I 20 and Langhorn St,,Rear End,2,Clear,Dry,Daylight
2024-12-09T16:09:00.000,I 20,I 20 and Langhorn St,,Rear End,2,Rain,Wet,Daylight
2024-03-22T13:26:00.000,I 20,I 20 and Langhorn St,,Rear End,2,Clear,Wet,Daylight
2024-01-12T19:00:00.000,I 20,I 20 and Langhorn St,,Rear End,2,Clear,Wet,Dark-Not Lighted
2024-05-31T16:16:00.000,I 20,I 20 and Langhorn St,,Rear End,3,Clear,Dry,Daylight
2024-05-27T12:19:00.000,I 20,I 20 and Langhorn St,,Sideswipe-Same Direction,2,Clear,Dry,Daylight
2024-10-11T18:07:00.000,I 20,I 20 and Langhorn St,,Rear End,2,Clear,Dry,Daylight
2024-05-31T16:30:00.000,I 20,I 20 and Langhorn St,,Rear End,3,Clear,Dry,Daylight
2024-11-04T09:45:00.000,I 20,I 20 and Langhorn St,,Not a Collision with Motor Vehicle,1,Cloudy,Dry,Daylight
2021-12-16T17:45:00.000,I 20,I 20 and Langhorn Road Cascade Rd,,Rear End,2,Clear,Dry,Daylight
2023-11-10T18:50:00.000,I 20,I 20 and Langhorn Pkwy,,Rear End,3,Clear,Dry,Daylight
2023-11-10T18:53:00.000,I 20,I 20 and Langhorn Pkwy,,Sideswipe-Same Direction,2,Clear,Dry,Daylight
2023-11-10T17:40:00.000,I 20,I 20 and Langhorn Pkwy,,Rear End,2,Clear,Dry,Daylight
2022-03-17T00:35:00.000,I 20,I 20 and Langhorn Pkwy,,Not a Collision with Motor Vehicle,1,Cloudy,Wet,Dark-Lighted
2020-04-22T21:10:00.000,I 20,I 20 and Langhorn Dr,,Angle Crash,2,Cloudy,Dry,Dark-Lighted
2023-12-28T13:05:00.000,I 20,I 20 and Langhorn Dr,,Rear End,2,Clear,Dry,Daylight
2020-10-12T16:45:00.000,I 20,I 20 and Langhorn Ave,,Sideswipe-Same Direction,2,Clear,Dry,Daylight
2021-08-16T16:59:00.000,I 20,I 20 and Langhorn,,Rear End,2,Cloudy,Wet,Daylight
2021-06-10T17:45:00.000,I 20,I 20 and Langhorn,,Rear End,2,Clear,Dry,Daylight
2023-12-05T18:45:00.000,I 20,I 20 and Langhorn,,Rear End,2,Clear,Dry,Daylight
2023-10-03T17:30:00.000,I 20,I 20 and Langhorn,,Rear End,5,Clear,Dry,Daylight
2022-10-21T18:48:00.000,I 20,I 20 and Langhorn,,Sideswipe-Same Direction,2,Clear,Dry,Daylight
2021-10-26T17:31:00.000,I 20,I 20 and Langhorn,,Rear End,2,Clear,Dry,Daylight
2022-10-24T07:45:00.000,I 20,I 20 and Langhorn,,Sideswipe-Same Direction,2,Clear,Dry,Daylight
2022-08-05T18:02:00.000,I 20,I 20 and Langhorn,,Rear End,2,Rain,Wet,Daylight
2022-01-31T15:19:00.000,I 20,I 20 and Langhorn,,Sideswipe-Same Direction,2,Clear,Dry,Daylight
2022-04-22T17:57:00.000,I 20,I 20 and Langhorn,,Rear End,2,Clear,Dry,Daylight
2022-03-08T18:15:00.000,I 20,I 20 and Langhorn,,Rear End,2,Rain,Wet,Daylight
2024-04-12T12:00:00.000,I 20,I 20 and Langhorn,,Rear End,3,Clear,Dry,Daylight
2024-05-22T13:44:00.000,I 20,I 20 and Langhorn,,Sideswipe-Same Direction,3,Clear,Dry,Daylight
2024-02-05T18:35:00.000,I 20,I 20 and Langhorn,,Sideswipe-Same Direction,2,Clear,Dry,Dark-Lighted
2024-07-23T13:15:00.000,I 20,I 20 and Langhorn,,Sideswipe-Same Direction,2,Clear,Dry,Daylight