Date and Time,Roadway (From Crash Report),Intersection Name (from Crash Report),KABCO Severity,Manner of Collision (Crash Level) ,# of Vehicles per crash ,Weather Conditions (Crash Level),Surface Condition (Crash Level) ,Light Conditions (Crash Level)
2024-06-13T17:43:00.000,I 20,I 20 and Jimmie Dyess Pkwy,,Rear End,2,Clear,Dry,Daylight
2023-06-02T15:09:00.000,I 20,I 20 and J. Lowery,,Rear End,2,Clear,Dry,Daylight
2021-01-22T11:05:00.000,I 20,I 20 and Iris Dr,,Not a Collision with Motor Vehicle,1,Clear,Dry,Daylight
2023-03-10T00:00:00.000,I 20,I 20 and Iris Dr,,Angle Crash,2,Clear,Dry,Dark-Lighted
2023-11-18T15:36:00.000,I 20,I 20 and Iris Dr,,Rear End,2,Clear,Dry,Daylight
2023-08-30T07:07:00.000,I 20,I 20 and Iris Dr,,Sideswipe-Same Direction,2,Cloudy,Dry,Daylight
2020-12-04T18:43:00.000,I 20,I 20 and Iris Dr,,Sideswipe-Same Direction,2,Cloudy,Wet,Dark-Not Lighted
2020-12-04T18:13:00.000,I 20,I 20 and Iris Dr,,Rear End,4,Other,Wet,Dark-Not Lighted
2021-10-26T07:52:00.000,I 20,I 20 and Iris Dr,,Not a Collision with Motor Vehicle,2,Clear,Dry,Daylight
2022-04-18T18:00:00.000,I 20,I 20 and Iris Dr,,Rear End,2,Cloudy,Dry,Daylight
2022-06-26T03:05:00.000,I 20,I 20 and Iris Dr,,Angle Crash,2,Clear,Dry,Dark-Not Lighted
2022-03-13T18:00:00.000,I 20,I 20 and Iris Dr,,Not a Collision with Motor Vehicle,1,Clear,Dry,Daylight
2024-11-07T05:06:00.000,I 20,I 20 and Iris Dr,,Rear End,2,Clear,Dry,Dark-Lighted
2024-12-05T15:04:00.000,I 20,I 20 and Iris Dr,,Not a Collision with Motor Vehicle,1,Clear,Dry,Daylight
2023-07-03T09:56:00.000,I 20,I 20 and Iris Dr,,Sideswipe-Same Direction,2,Clear,Dry,Daylight
2023-01-06T21:39:00.000,I 20,I 20 and Iris Dr,,Sideswipe-Same Direction,2,Clear,Dry,Dark-Not Lighted
2024-04-30T17:25:00.000,I 20,I 20 and Iris Dr,,Rear End,4,Clear,Dry,Daylight
2024-12-10T19:32:00.000,I 20,I 20 and Iris Dr,,Sideswipe-Same Direction,2,Rain,Wet,Dark-Lighted
2020-06-24T12:45:00.000,I 20,I 20 and Interstae 285,,Sideswipe-Same Direction,2,Cloudy,Dry,Daylight
2020-07-24T17:20:00.000,I 20,I 20 and Interstae 285,,Sideswipe-Same Direction,3,Clear,Dry,Daylight
2024-03-20T16:40:00.000,I 20,I 20 and Insterstate 285,,Rear End,3,Clear,Dry,Daylight
2021-08-16T15:14:00.000,I 20,I 20 and Industrial Park Blvd,,Angle Crash,1,Rain,Wet,Daylight
2020-12-31T12:36:00.000,I 20,I 20 and Industrial Dr,,Not a Collision with Motor Vehicle,1,Rain,Wet,Daylight
2020-10-10T22:14:00.000,I 20,I 20 and Industrial Dr,,Not a Collision with Motor Vehicle,1,Rain,Wet,Dark-Lighted
2024-12-13T22:25:00.000,I 20,I 20 and Industrial Dr,,Sideswipe-Same Direction,2,Clear,Dry,Dark-Lighted
2021-12-15T17:30:00.000,I 20,I 20 and Industrial Blvd,,Rear End,2,Cloudy,Dry,Daylight
2024-09-06T09:52:00.000,I 20,I 20 and Industrial Blvd,,Rear End,2,Clear,Dry,Daylight
2024-09-13T11:30:00.000,I 20,I 20 and In The Area Of Mm 5,,Not a Collision with Motor Vehicle,1,Rain,Wet,Daylight
2021-08-10T19:50:00.000,I 20,I 20 and In The Area Of Mm 15,,Not a Collision with Motor Vehicle,1,Clear,Dry,Daylight
2023-02-14T16:41:00.000,I 20,I 20 and Iinterstate 285,,Angle Crash,2,Clear,Dry,Daylight
2023-10-19T17:48:00.000,I 20,I 20 and I285 Exit 51B,,Sideswipe-Same Direction,3,Cloudy,Dry,Daylight
2020-05-23T17:30:00.000,I 20,I 20 and I 8575,,Head On,1,Clear,Dry,Daylight
2021-06-21T13:02:00.000,I 85,I 20 and I 85,,Sideswipe-Same Direction,2,Clear,Dry,Daylight
2021-02-01T19:20:00.000,I 85,I 20 and I 85,,Rear End,2,Clear,Dry,Dark-Lighted
2021-02-02T14:29:00.000,I 85,I 20 and I 85,,Sideswipe-Same Direction,2,Clear,Dry,Daylight
2021-05-04T14:30:00.000,I 85,I 20 and I 85,,Rear End,3,Rain,Wet,Daylight
2021-04-27T10:02:00.000,I 85,I 20 and I 85,,Sideswipe-Same Direction,2,Clear,Dry,Daylight
2021-03-11T07:59:00.000,I 85,I 20 and I 85,,Rear End,2,Clear,Dry,Daylight
2021-05-25T13:00:00.000,I 85,I 20 and I 85,,Not a Collision with Motor Vehicle,2,Clear,Dry,Daylight
2021-03-05T12:36:00.000,I 85,I 20 and I 85,,Rear End,2,Clear,Dry,Daylight
2021-02-23T19:14:00.000,I 85,I 20 and I 85,,Sideswipe-Same Direction,2,Clear,Wet,Dusk
2021-03-18T09:30:00.000,I 85,I 20 and I 85,,Rear End,3,Rain,Wet,Daylight
2021-05-18T16:45:00.000,I 85,I 20 and I 85,,Sideswipe-Same Direction,2,Clear,Dry,Daylight
2021-04-12T14:20:00.000,I 85,I 20 and I 85,,Sideswipe-Same Direction,2,Clear,Dry,Daylight
2021-08-17T06:56:00.000,I 85,I 20 and I 85,,Angle Crash,2,Rain,Wet,Daylight
2021-07-05T13:20:00.000,I 85,I 20 and I 85,,Rear End,3,Clear,Dry,Daylight
2021-09-16T16:45:00.000,I 85,I 20 and I 85,,Sideswipe-Same Direction,2,Rain,Wet,Daylight
2021-09-23T14:00:00.000,I 85,I 20 and I 85,,Rear End,3,Clear,Dry,Daylight
2021-05-27T12:10:00.000,I 85,I 20 and I 85,,Rear End,2,Clear,Dry,Daylight
2021-03-16T14:46:00.000,I 85,I 20 and I 85,,Rear End,2,Rain,Wet,Daylight
2021-06-15T14:01:00.000,I 85,I 20 and I 85,,Angle Crash,3,Clear,Dry,Daylight
2021-03-24T14:43:00.000,I 85,I 20 and I 85,,Rear End,4,Clear,Dry,Daylight
2021-04-15T09:38:00.000,I 85,I 20 and I 85,,Rear End,2,Cloudy,Dry,Daylight
2021-03-31T12:00:00.000,I 85,I 20 and I 85,,Sideswipe-Same Direction,3,Rain,Wet,Daylight
2021-05-18T18:31:00.000,I 85,I 20 and I 85,,Rear End,2,Clear,Dry,Daylight
2021-05-07T08:50:00.000,I 85,I 20 and I 85,,Rear End,2,Clear,Dry,Daylight
2021-02-01T08:00:00.000,I 85,I 20 and I 85,,Rear End,2,Clear,Dry,Daylight
2021-03-26T14:37:00.000,I 85,I 20 and I 85,,Rear End,2,Clear,Dry,Daylight
2021-02-26T13:44:00.000,I 85,I 20 and I 85,,Rear End,3,Rain,Wet,Daylight
2021-02-26T15:08:00.000,I 85,I 20 and I 85,,Sideswipe-Same Direction,2,Rain,Wet,Daylight
2021-05-18T09:07:00.000,I 85,I 20 and I 85,,Rear End,2,Clear,Dry,Daylight
2021-06-10T10:06:00.000,I 85,I 20 and I 85,,Sideswipe-Same Direction,2,Clear,Dry,Daylight
2021-02-26T15:40:00.000,I 85,I 20 and I 85,,Rear End,3,Cloudy,Wet,Daylight
2021-05-28T11:04:00.000,I 85,I 20 and I 85,,Rear End,2,Clear,Dry,Daylight
2021-02-01T11:46:00.000,I 85,I 20 and I 85,,Sideswipe-Same Direction,2,Cloudy,Dry,Daylight
2021-04-15T08:27:00.000,I 85,I 20 and I 85,,Sideswipe-Same Direction,1,Clear,Dry,Daylight
2021-04-14T09:33:00.000,I 85,I 20 and I 85,,Rear End,2,Cloudy,Dry,Daylight
2021-01-27T19:49:00.000,I 85,I 20 and I 85,,Rear End,2,Cloudy,Wet,Dark-Lighted
2021-04-20T08:05:00.000,I 85,I 20 and I 85,,Sideswipe-Same Direction,2,Cloudy,Dry,Daylight
2021-09-16T16:10:00.000,I 85,I 20 and I 85,,Rear End,2,Rain,Wet,Daylight
2021-08-25T15:46:00.000,I 85,I 20 and I 85,,Sideswipe-Same Direction,2,Clear,Dry,Daylight
2021-09-07T15:17:00.000,I 85,I 20 and I 85,,Sideswipe-Same Direction,2,Cloudy,Wet,Daylight
2021-09-10T08:46:00.000,I 85,I 20 and I 85,,Sideswipe-Same Direction,2,Clear,Dry,Daylight
2021-07-26T15:15:00.000,I 85,I 20 and I 85,,Rear End,3,Cloudy,Dry,Daylight
2021-07-12T07:39:00.000,I 85,I 20 and I 85,,Angle Crash,2,Cloudy,Dry,Daylight
2021-07-04T00:34:00.000,I 85,I 20 and I 85,,Angle Crash,2,Clear,Dry,Dark-Lighted
2021-08-03T09:49:00.000,I 85,I 20 and I 85,,Rear End,2,Clear,Dry,Daylight
2021-09-10T07:31:00.000,I 85,I 20 and I 85,,Sideswipe-Same Direction,3,Clear,Dry,Daylight
2021-09-24T17:10:00.000,I 85,I 20 and I 85,,Rear End,2,Clear,Dry,Daylight
2021-09-09T07:35:00.000,I 85,I 20 and I 85,,Sideswipe-Same Direction,3,Clear,Dry,Daylight
2021-07-16T16:15:00.000,I 85,I 20 and I 85,,Rear End,3,Clear,Dry,Daylight
2021-08-26T15:40:00.000,I 85,I 20 and I 85,,Rear End,2,Clear,Dry,Daylight
2021-02-22T19:24:00.000,I 85,I 20 and I 85,,Rear End,2,Clear,Dry,Dark-Lighted
2021-01-08T14:35:00.000,I 85,I 20 and I 85,,Rear End,2,Rain,Wet,Daylight
2021-06-25T13:30:00.000,I 85,I 20 and I 85,,Rear End,2,Clear,Dry,Daylight
2021-05-27T15:01:00.000,I 85,I 20 and I 85,,Sideswipe-Same Direction,2,Clear,Dry,Daylight
2021-02-09T17:45:00.000,I 85,I 20 and I 85,,Sideswipe-Same Direction,2,Clear,Dry,Daylight
2021-02-24T19:20:00.000,I 85,I 20 and I 85,,Rear End,2,Clear,Dry,Dark-Lighted
2021-04-01T12:40:00.000,I 85,I 20 and I 85,,Rear End,2,Clear,Dry,Daylight
2021-07-12T09:50:00.000,I 85,I 20 and I 85,,Rear End,2,Cloudy,Dry,Daylight
2021-07-04T00:23:00.000,I 85,I 20 and I 85,,Sideswipe-Same Direction,2,Clear,Dry,Dark-Lighted
2021-09-16T06:16:00.000,I 85,I 20 and I 85,,Not a Collision with Motor Vehicle,1,Rain,Wet,Dark-Lighted
2021-08-16T10:00:00.000,I 85,I 20 and I 85,,Sideswipe-Same Direction,2,Clear,Dry,Daylight
2021-09-09T16:34:00.000,I 85,I 20 and I 85,,Sideswipe-Same Direction,2,Clear,Dry,Daylight
2021-08-31T09:24:00.000,I 85,I 20 and I 85,,Rear End,2,Rain,Wet,Daylight
2021-08-26T15:21:00.000,I 85,I 20 and I 85,,Rear End,2,Clear,Dry,Daylight
2021-07-26T16:51:00.000,I 85,I 20 and I 85,,Sideswipe-Same Direction,2,Clear,Dry,Daylight
2021-08-17T18:19:00.000,I 85,I 20 and I 85,,Sideswipe-Same Direction,2,Clear,Dry,Daylight
2021-08-06T08:19:00.000,I 85,I 20 and I 85,,Rear End,2,Clear,Dry,Daylight
2021-09-09T12:40:00.000,I 85,I 20 and I 85,,Sideswipe-Same Direction,2,Clear,Dry,Daylight
2021-07-29T15:52:00.000,I 85,I 20 and I 85,,Rear End,3,Clear,Dry,Daylight
2021-06-17T17:35:00.000,I 85,I 20 and I 85,,Sideswipe-Same Direction,2,Clear,Dry,Daylight
2021-05-21T19:26:00.000,I 85,I 20 and I 85,,Sideswipe-Same Direction,2,Clear,Dry,Daylight
2021-03-31T18:35:00.000,I 85,I 20 and I 85,,Rear End,2,Cloudy,Wet,Daylight
2021-02-09T15:45:00.000,I 85,I 20 and I 85,,Rear End,2,Cloudy,Dry,Daylight
2021-05-03T12:21:00.000,I 85,I 20 and I 85,,Rear End,2,Rain,Wet,Daylight
2020-12-11T11:06:00.000,I 85,I 20 and I 85,,Rear End,2,Clear,Dry,Daylight
2020-01-16T15:55:00.000,I 85,I 20 and I 85,,Sideswipe-Same Direction,2,Clear,Dry,Daylight
2020-07-07T14:48:00.000,I 85,I 20 and I 85,,Rear End,2,Cloudy,Dry,Daylight
2020-10-29T19:00:00.000,I 85,I 20 and I 85,,Sideswipe-Same Direction,2,Clear,Dry,Dark-Lighted
2020-01-03T15:22:00.000,I 85,I 20 and I 85,,Rear End,2,Cloudy,Wet,Daylight
2020-08-13T12:45:00.000,I 85,I 20 and I 85,,Sideswipe-Same Direction,2,Clear,Dry,Daylight
2020-04-02T15:20:00.000,I 85,I 20 and I 85,,Rear End,2,Clear,Dry,Daylight
2020-02-25T10:26:00.000,I 85,I 20 and I 85,,Sideswipe-Same Direction,2,Cloudy,Wet,Daylight
2023-07-18T12:00:00.000,I 85,I 20 and I 85,,Not a Collision with Motor Vehicle,2,Clear,Dry,Daylight
2020-11-12T08:30:00.000,I 85,I 20 and I 85,,Sideswipe-Same Direction,3,Clear,Dry,Daylight
2020-03-05T13:10:00.000,I 85,I 20 and I 85,,Rear End,2,Rain,Wet,Daylight
2020-05-08T14:22:00.000,I 85,I 20 and I 85,,Rear End,4,Cloudy,Wet,Daylight
2020-04-14T14:49:00.000,I 85,I 20 and I 85,,Sideswipe-Same Direction,2,Clear,Dry,Daylight
2021-08-13T10:10:00.000,I 85,I 20 and I 85,,Rear End,2,Clear,Dry,Daylight
2020-09-22T15:05:00.000,I 85,I 20 and I 85,,Rear End,4,Clear,Dry,Daylight
2020-07-16T19:27:00.000,I 85,I 20 and I 85,,Sideswipe-Same Direction,2,Clear,Dry,Daylight
2020-07-16T16:04:00.000,I 85,I 20 and I 85,,Rear End,3,Cloudy,Dry,Daylight
2020-01-13T13:15:00.000,I 85,I 20 and I 85,,Rear End,2,Cloudy,Other,Daylight
2020-01-07T09:30:00.000,I 85,I 20 and I 85,,Sideswipe-Same Direction,2,Clear,Dry,Daylight
2020-01-21T18:00:00.000,I 85,I 20 and I 85,,Rear End,2,Clear,Dry,Dark-Lighted
2020-11-23T16:42:00.000,I 85,I 20 and I 85,,Sideswipe-Same Direction,2,Clear,Dry,Daylight
2020-12-24T12:18:00.000,I 85,I 20 and I 85,,Rear End,2,Clear,Wet,Daylight
2020-11-27T02:01:00.000,I 85,I 20 and I 85,,Not a Collision with Motor Vehicle,1,Clear,Dry,Dark-Lighted
2020-08-10T15:26:00.000,I 85,I 20 and I 85,,Rear End,2,Rain,Wet,Daylight
2020-10-29T14:20:00.000,I 85,I 20 and I 85,,Rear End,3,Clear,Dry,Daylight
2020-04-06T18:41:00.000,I 85,I 20 and I 85,,Rear End,2,Clear,Dry,Daylight
2020-05-08T18:31:00.000,I 85,I 20 and I 85,,Sideswipe-Same Direction,5,Rain,Wet,Daylight
2020-12-09T12:01:00.000,I 85,I 20 and I 85,,Rear End,2,Clear,Dry,Daylight
2020-05-08T16:30:00.000,I 85,I 20 and I 85,,Sideswipe-Same Direction,2,Cloudy,Dry,Daylight
2020-03-24T10:53:00.000,I 85,I 20 and I 85,,Sideswipe-Same Direction,2,Rain,Wet,Daylight
2020-02-11T18:56:00.000,I 85,I 20 and I 85,,Sideswipe-Same Direction,2,Clear,Wet,Dark-Not Lighted
2020-07-29T19:12:00.000,I 85,I 20 and I 85,,Rear End,2,Cloudy,Dry,Daylight
2020-07-07T13:30:00.000,I 85,I 20 and I 85,,Sideswipe-Same Direction,2,Cloudy,Dry,Daylight
2020-09-18T11:52:00.000,I 85,I 20 and I 85,,Rear End,2,Clear,Dry,Daylight
2020-02-17T13:00:00.000,I 85,I 20 and I 85,,Sideswipe-Same Direction,2,Cloudy,Dry,Daylight
2020-03-10T09:12:00.000,I 85,I 20 and I 85,,Rear End,2,Rain,Wet,Daylight
2020-01-27T08:17:00.000,I 85,I 20 and I 85,,Rear End,2,Cloudy,Dry,Daylight
2020-01-23T11:20:00.000,I 85,I 20 and I 85,,Rear End,2,Rain,Wet,Daylight
2020-11-11T12:51:00.000,I 85,I 20 and I 85,,Rear End,1,Rain,Wet,Daylight
2020-01-14T10:35:00.000,I 85,I 20 and I 85,,Rear End,2,Rain,Wet,Daylight
2020-10-13T06:45:00.000,I 85,I 20 and I 85,,Rear End,5,Clear,Dry,Dark-Lighted
2020-03-06T18:07:00.000,I 85,I 20 and I 85,,Sideswipe-Same Direction,2,Clear,Dry,Daylight
2020-11-12T13:39:00.000,I 85,I 20 and I 85,,Rear End,2,Clear,Dry,Daylight
2020-03-23T17:15:00.000,I 85,I 20 and I 85,,Not a Collision with Motor Vehicle,2,Rain,Wet,Daylight
2020-02-06T06:00:00.000,I 85,I 20 and I 85,,Rear End,4,Cloudy,Wet,Dark-Lighted
2020-12-31T16:30:00.000,I 85,I 20 and I 85,,Sideswipe-Same Direction,2,Cloudy,Dry,Daylight
2020-09-10T13:03:00.000,I 85,I 20 and I 85,,Rear End,2,Cloudy,Dry,Daylight
2020-08-26T16:23:00.000,I 85,I 20 and I 85,,Rear End,3,Clear,Dry,Daylight
2020-05-08T18:31:00.000,I 85,I 20 and I 85,,Sideswipe-Same Direction,3,Rain,Wet,Dusk
2020-06-26T11:27:00.000,I 85,I 20 and I 85,,Angle Crash,2,Clear,Dry,Daylight
2020-01-23T08:20:00.000,I 85,I 20 and I 85,,Sideswipe-Same Direction,2,Cloudy,Dry,Daylight
2020-11-30T07:22:00.000,I 85,I 20 and I 85,,Rear End,2,Cloudy,Wet,Daylight
2020-05-15T17:50:00.000,I 85,I 20 and I 85,,Sideswipe-Same Direction,2,Clear,Dry,Daylight
2020-01-03T00:00:00.000,I 85,I 20 and I 85,,Rear End,2,Rain,Wet,Daylight
2020-11-11T14:40:00.000,I 85,I 20 and I 85,,Sideswipe-Same Direction,2,Cloudy,Dry,Daylight
2020-07-02T12:06:00.000,I 85,I 20 and I 85,,Rear End,2,Clear,Dry,Daylight
2020-07-23T12:49:00.000,I 85,I 20 and I 85,,Rear End,2,Clear,Dry,Daylight
2020-01-02T11:10:00.000,I 85,I 20 and I 85,,Not a Collision with Motor Vehicle,1,Rain,Wet,Daylight
2020-07-08T16:42:00.000,I 85,I 20 and I 85,,Rear End,2,Cloudy,Dry,Daylight
2020-01-09T18:24:00.000,I 85,I 20 and I 85,,Sideswipe-Same Direction,2,Clear,Dry,Dark-Lighted
2020-01-27T14:43:00.000,I 85,I 20 and I 85,,Rear End,2,Cloudy,Dry,Daylight
2020-02-12T08:21:00.000,I 85,I 20 and I 85,,Rear End,2,Clear,Wet,Daylight
2020-07-29T13:08:00.000,I 85,I 20 and I 85,,Rear End,3,Cloudy,Wet,Daylight
2020-07-30T12:40:00.000,I 85,I 20 and I 85,,Sideswipe-Same Direction,2,Cloudy,Dry,Daylight
2020-07-03T12:00:00.000,I 85,I 20 and I 85,,Rear End,2,Clear,Dry,Daylight
2020-05-08T16:44:00.000,I 85,I 20 and I 85,,Rear End,2,Cloudy,Dry,Daylight
2020-12-04T16:36:00.000,I 85,I 20 and I 85,,Sideswipe-Same Direction,2,Rain,Wet,Daylight
2020-08-10T16:02:00.000,I 85,I 20 and I 85,,Rear End,3,Rain,Wet,Daylight
2020-06-17T14:45:00.000,I 85,I 20 and I 85,,Rear End,2,Clear,Dry,Daylight
2020-02-12T10:26:00.000,I 85,I 20 and I 85,,Rear End,3,Cloudy,Wet,Daylight
2020-07-21T19:31:00.000,I 85,I 20 and I 85,,Rear End,2,Rain,Wet,Daylight
2020-08-04T13:24:00.000,I 85,I 20 and I 85,,Sideswipe-Same Direction,2,Clear,Dry,Daylight
2020-02-06T16:59:00.000,I 85,I 20 and I 85,,Rear End,2,Rain,Wet,Daylight
2020-11-05T16:30:00.000,I 85,I 20 and I 85,,Rear End,2,Clear,Dry,Daylight
2020-03-06T16:57:00.000,I 85,I 20 and I 85,,Sideswipe-Same Direction,2,Clear,Dry,Daylight
2020-11-02T12:13:00.000,I 85,I 20 and I 85,,Rear End,2,Clear,Dry,Daylight
2020-01-24T10:38:00.000,I 85,I 20 and I 85,,Sideswipe-Same Direction,2,Clear,Wet,Daylight
2020-02-20T18:07:00.000,I 85,I 20 and I 85,,Rear End,3,Cloudy,Wet,Daylight
2020-09-11T17:25:00.000,I 85,I 20 and I 85,,Sideswipe-Same Direction,2,Clear,Dry,Daylight
2020-03-17T16:40:00.000,I 85,I 20 and I 85,,Sideswipe-Same Direction,2,Clear,Dry,Daylight
2020-07-21T19:21:00.000,I 85,I 20 and I 85,,Rear End,3,Rain,Wet,Daylight
2020-12-01T18:10:00.000,I 85,I 20 and I 85,,Rear End,2,Clear,Dry,Dark-Not Lighted
2020-01-27T06:40:00.000,I 85,I 20 and I 85,,Rear End,3,Cloudy,Wet,Daylight
2020-03-05T10:42:00.000,I 85,I 20 and I 85,,Not a Collision with Motor Vehicle,1,Cloudy,Wet,Daylight
2020-10-06T17:10:00.000,I 85,I 20 and I 85,,Rear End,2,Clear,Dry,Daylight
2020-01-10T12:06:00.000,I 85,I 20 and I 85,,Sideswipe-Same Direction,2,Cloudy,Dry,Daylight
2020-01-01T13:32:00.000,I 85,I 20 and I 85,,Rear End,2,Clear,Dry,Daylight
2020-03-02T17:25:00.000,I 85,I 20 and I 85,,Not a Collision with Motor Vehicle,1,Rain,Wet,Daylight
2020-07-28T11:35:00.000,I 85,I 20 and I 85,,Sideswipe-Same Direction,2,Clear,Dry,Daylight
2020-01-20T17:20:00.000,I 85,I 20 and I 85,,Rear End,2,Clear,Dry,Daylight
2020-11-02T17:06:00.000,I 85,I 20 and I 85,,Rear End,2,Clear,Dry,Daylight
2020-12-31T16:20:00.000,I 85,I 20 and I 85,,Sideswipe-Same Direction,2,Cloudy,Dry,Daylight
2020-01-28T13:45:00.000,I 85,I 20 and I 85,,Sideswipe-Same Direction,2,Clear,Dry,Daylight
2020-03-11T19:01:00.000,I 85,I 20 and I 85,,Rear End,2,Cloudy,Wet,Daylight
2020-06-26T10:10:00.000,I 85,I 20 and I 85,,Sideswipe-Same Direction,2,Clear,Dry,Daylight
2020-06-23T14:00:00.000,I 85,I 20 and I 85,,Rear End,2,Clear,Dry,Daylight
2020-10-23T17:34:00.000,I 85,I 20 and I 85,,Sideswipe-Same Direction,2,Clear,Dry,Daylight
2020-11-05T14:45:00.000,I 85,I 20 and I 85,,Sideswipe-Same Direction,2,Clear,Dry,Daylight
2020-02-10T17:50:00.000,I 85,I 20 and I 85,,Sideswipe-Same Direction,2,Rain,Wet,Dark-Lighted
2020-08-24T07:42:00.000,I 85,I 20 and I 85,,Sideswipe-Same Direction,2,Rain,Wet,Daylight
2020-11-12T14:13:00.000,I 85,I 20 and I 85,,Rear End,2,Clear,Dry,Daylight
2020-12-15T14:40:00.000,I 85,I 20 and I 85,,Rear End,2,Clear,Dry,Daylight
2020-04-30T11:26:00.000,I 85,I 20 and I 85,,Sideswipe-Same Direction,2,Clear,Dry,Daylight
2020-08-14T11:58:00.000,I 85,I 20 and I 85,,Sideswipe-Same Direction,2,Cloudy,Dry,Daylight
2020-08-06T12:15:00.000,I 85,I 20 and I 85,,Sideswipe-Same Direction,2,Clear,Dry,Daylight
2020-04-06T18:15:00.000,I 85,I 20 and I 85,,Sideswipe-Same Direction,2,Clear,Dry,Daylight
2020-09-07T10:50:00.000,I 85,I 20 and I 85,,Sideswipe-Same Direction,2,Clear,Dry,Daylight
2020-07-24T08:05:00.000,I 85,I 20 and I 85,,Sideswipe-Same Direction,2,Clear,Dry,Daylight
2020-02-07T14:30:00.000,I 85,I 20 and I 85,,Sideswipe-Same Direction,3,Clear,Dry,Daylight
2020-03-13T15:39:00.000,I 85,I 20 and I 85,,Sideswipe-Same Direction,2,Cloudy,Dry,Daylight
2020-05-21T14:32:00.000,I 85,I 20 and I 85,,Rear End,2,Clear,Dry,Daylight
2020-07-27T13:09:00.000,I 85,I 20 and I 85,,Sideswipe-Same Direction,2,Clear,Dry,Daylight
2020-01-13T13:16:00.000,I 85,I 20 and I 85,,Rear End,2,Cloudy,Other,Daylight
2020-01-14T12:13:00.000,I 85,I 20 and I 85,,Rear End,2,Rain,Wet,Daylight
2020-10-06T17:10:00.000,I 85,I 20 and I 85,,Sideswipe-Same Direction,2,Clear,Dry,Daylight
2020-01-06T09:10:00.000,I 85,I 20 and I 85,,Sideswipe-Same Direction,2,Clear,Dry,Daylight
2020-11-13T17:56:00.000,I 85,I 20 and I 85,,Sideswipe-Same Direction,2,Clear,Dry,Dark-Lighted
2020-12-10T19:08:00.000,I 85,I 20 and I 85,,Rear End,2,Clear,Dry,Dark-Lighted
2020-02-28T08:45:00.000,I 85,I 20 and I 85,,Rear End,3,Clear,Dry,Daylight
2020-01-17T12:24:00.000,I 85,I 20 and I 85,,Rear End,2,Cloudy,Dry,Daylight
2020-04-29T19:30:00.000,I 85,I 20 and I 85,,Sideswipe-Same Direction,2,Rain,Wet,Dusk
2020-03-12T19:28:00.000,I 85,I 20 and I 85,,Sideswipe-Same Direction,2,Clear,Dry,Dawn
2020-12-17T15:02:00.000,I 85,I 20 and I 85,,Rear End,2,Cloudy,Dry,Daylight
2020-06-09T15:19:00.000,I 85,I 20 and I 85,,Rear End,3,Rain,Wet,Daylight
2020-06-18T09:34:00.000,I 85,I 20 and I 85,,Rear End,2,Clear,Dry,Daylight
2020-04-16T18:02:00.000,I 85,I 20 and I 85,,Sideswipe-Same Direction,2,Clear,Dry,Daylight
2020-10-28T13:12:00.000,I 85,I 20 and I 85,,Sideswipe-Same Direction,2,Cloudy,Dry,Daylight
2020-06-24T13:30:00.000,I 85,I 20 and I 85,,Sideswipe-Same Direction,3,Clear,Dry,Daylight
2020-04-20T06:13:00.000,I 85,I 20 and I 85,,Rear End,2,Clear,Dry,Dark-Not Lighted
2020-02-12T09:43:00.000,I 85,I 20 and I 85,,Rear End,3,Cloudy,Wet,Daylight
2020-01-27T08:16:00.000,I 85,I 20 and I 85,,Rear End,2,Cloudy,Wet,Daylight
2020-08-26T19:07:00.000,I 85,I 20 and I 85,,Rear End,2,Cloudy,Dry,Daylight
2020-11-02T13:02:00.000,I 85,I 20 and I 85,,Rear End,2,Clear,Dry,Daylight
2020-03-24T11:06:00.000,I 85,I 20 and I 85,,Not a Collision with Motor Vehicle,1,Rain,Wet,Daylight
2020-10-19T13:57:00.000,I 85,I 20 and I 85,,Rear End,2,Clear,Dry,Daylight
2020-07-17T13:00:00.000,I 85,I 20 and I 85,,Rear End,2,Clear,Dry,Daylight
2020-01-31T09:26:00.000,I 85,I 20 and I 85,,Rear End,2,Rain,Wet,Daylight
2020-01-27T08:17:00.000,I 85,I 20 and I 85,,Rear End,2,Cloudy,Wet,Daylight
2020-08-12T08:00:00.000,I 85,I 20 and I 85,,Sideswipe-Same Direction,2,Clear,Dry,Daylight
2020-01-10T17:50:00.000,I 85,I 20 and I 85,,Rear End,2,Cloudy,Dry,Dark-Lighted
2020-11-06T10:14:00.000,I 85,I 20 and I 85,,Sideswipe-Same Direction,2,Clear,Dry,Daylight
2020-03-24T11:50:00.000,I 85,I 20 and I 85,,Rear End,2,Cloudy,Wet,Daylight
2020-12-24T12:18:00.000,I 85,I 20 and I 85,,Rear End,2,Cloudy,Wet,Daylight
2020-03-06T13:21:00.000,I 85,I 20 and I 85,,Sideswipe-Same Direction,2,Clear,Dry,Daylight
2020-09-17T12:31:00.000,I 85,I 20 and I 85,,Rear End,3,Rain,Wet,Daylight
2020-01-01T15:50:00.000,I 85,I 20 and I 85,,Sideswipe-Same Direction,2,Clear,Dry,Daylight
2020-11-03T10:53:00.000,I 85,I 20 and I 85,,Sideswipe-Same Direction,2,Clear,Dry,Daylight
2020-08-15T22:50:00.000,I 85,I 20 and I 85,,Angle Crash,2,Clear,Dry,Dark-Lighted
2020-08-31T17:25:00.000,I 85,I 20 and I 85,,Rear End,2,Clear,Wet,Daylight
2020-10-15T13:28:00.000,I 85,I 20 and I 85,,Rear End,2,Cloudy,Dry,Daylight
2020-12-29T11:51:00.000,I 85,I 20 and I 85,,Angle Crash,2,Clear,Dry,Daylight
2021-05-26T18:45:00.000,I 85,I 20 and I 85,,Sideswipe-Same Direction,2,Clear,Dry,Daylight