Date and Time,Roadway (From Crash Report),Intersection Name (from Crash Report),KABCO Severity,Manner of Collision (Crash Level) ,# of Vehicles per crash ,Weather Conditions (Crash Level),Surface Condition (Crash Level) ,Light Conditions (Crash Level)
2021-04-05T00:00:00.000,I 85,I 20 and I 85,,Rear End,2,Clear,Dry,Daylight
2021-05-04T14:36:00.000,I 85,I 20 and I 85,,Angle Crash,2,Rain,Dry,Daylight
2021-06-01T10:20:00.000,I 85,I 20 and I 85,,Rear End,3,Cloudy,Dry,Daylight
2021-02-15T08:29:00.000,I 85,I 20 and I 85,,Rear End,2,Rain,Wet,Daylight
2021-06-10T09:15:00.000,I 85,I 20 and I 85,,Sideswipe-Same Direction,2,Clear,Dry,Daylight
2021-06-10T18:25:00.000,I 85,I 20 and I 85,,Rear End,2,Clear,Dry,Daylight
2021-02-05T15:09:00.000,I 85,I 20 and I 85,,Sideswipe-Same Direction,2,Clear,Dry,Daylight
2021-03-02T16:00:00.000,I 85,I 20 and I 85,,Rear End,2,Clear,Dry,Daylight
2021-03-30T16:37:00.000,I 85,I 20 and I 85,,Sideswipe-Same Direction,2,Clear,Dry,Daylight
2021-02-24T19:21:00.000,I 85,I 20 and I 85,,Rear End,3,Clear,Dry,Dark-Lighted
2021-06-22T08:21:00.000,I 85,I 20 and I 85,,Rear End,2,Rain,Wet,Daylight
2021-03-25T20:00:00.000,I 85,I 20 and I 85,,Sideswipe-Same Direction,2,Cloudy,Dry,Daylight
2021-01-22T19:00:00.000,I 85,I 20 and I 85,,Rear End,3,Clear,Dry,Dark-Lighted
2021-03-16T17:10:00.000,I 85,I 20 and I 85,,Sideswipe-Same Direction,2,Rain,Wet,Daylight
2021-06-10T09:23:00.000,I 85,I 20 and I 85,,Sideswipe-Same Direction,2,Clear,Dry,Daylight
2021-03-18T09:30:00.000,I 85,I 20 and I 85,,Rear End,3,Rain,Wet,Daylight
2021-03-31T15:54:00.000,I 85,I 20 and I 85,,Rear End,2,Rain,Wet,Daylight
2021-03-15T14:20:00.000,I 85,I 20 and I 85,,Rear End,2,Cloudy,Dry,Daylight
2021-06-10T06:49:00.000,I 85,I 20 and I 85,,Sideswipe-Same Direction,2,Clear,Dry,Dawn
2021-05-21T13:30:00.000,I 85,I 20 and I 85,,Rear End,2,Clear,Dry,Daylight
2021-06-07T07:56:00.000,I 85,I 20 and I 85,,Not a Collision with Motor Vehicle,1,Cloudy,Wet,Daylight
2021-05-07T19:25:00.000,I 85,I 20 and I 85,,Angle Crash,3,Clear,Dry,Daylight
2021-06-11T17:48:00.000,I 85,I 20 and I 85,,Sideswipe-Same Direction,2,Cloudy,Wet,Daylight
2021-03-02T06:33:00.000,I 85,I 20 and I 85,,Rear End,3,Cloudy,Dry,Daylight
2021-08-17T12:58:00.000,I 85,I 20 and I 85,,Rear End,3,Rain,Wet,Daylight
2021-08-23T17:22:00.000,I 85,I 20 and I 85,,Rear End,2,Clear,Dry,Daylight
2021-09-02T18:28:00.000,I 85,I 20 and I 85,,Sideswipe-Same Direction,2,Clear,Dry,Daylight
2021-08-20T13:50:00.000,I 85,I 20 and I 85,,Sideswipe-Same Direction,2,Clear,Dry,Daylight
2021-08-24T14:17:00.000,I 85,I 20 and I 85,,Rear End,2,Clear,Dry,Daylight
2021-08-20T09:04:00.000,I 85,I 20 and I 85,,Rear End,2,Cloudy,Dry,Daylight
2021-07-20T09:11:00.000,I 85,I 20 and I 85,,Sideswipe-Same Direction,2,Cloudy,Wet,Daylight
2021-07-29T15:52:00.000,I 85,I 20 and I 85,,Rear End,2,Clear,Dry,Daylight
2021-08-19T13:27:00.000,I 85,I 20 and I 85,,Rear End,2,Cloudy,Dry,Daylight
2021-09-17T13:12:00.000,I 85,I 20 and I 85,,Sideswipe-Same Direction,2,Cloudy,Dry,Daylight
2021-07-16T07:39:00.000,I 85,I 20 and I 85,,Rear End,3,Cloudy,Dry,Daylight
2021-07-09T10:23:00.000,I 85,I 20 and I 85,,Rear End,2,Clear,Dry,Daylight
2021-07-05T15:28:00.000,I 85,I 20 and I 85,,Angle Crash,2,Cloudy,Dry,Daylight
2021-07-22T07:51:00.000,I 85,I 20 and I 85,,Sideswipe-Same Direction,2,Clear,Dry,Daylight
2021-07-28T08:17:00.000,I 85,I 20 and I 85,,Rear End,2,Cloudy,Dry,Daylight
2021-07-02T11:31:00.000,I 85,I 20 and I 85,,Rear End,2,Clear,Dry,Daylight
2021-07-30T12:36:00.000,I 85,I 20 and I 85,,Rear End,2,Clear,Dry,Daylight
2021-09-16T16:45:00.000,I 85,I 20 and I 85,,Sideswipe-Same Direction,2,Cloudy,Wet,Daylight
2021-08-13T16:16:00.000,I 85,I 20 and I 85,,Rear End,2,Clear,Dry,Daylight
2021-09-10T14:50:00.000,I 85,I 20 and I 85,,Rear End,2,Cloudy,Dry,Daylight
2021-08-06T16:46:00.000,I 85,I 20 and I 85,,Sideswipe-Same Direction,2,Clear,Dry,Daylight
2021-09-23T14:40:00.000,I 85,I 20 and I 85,,Angle Crash,2,Clear,Dry,Daylight
2021-01-09T01:18:00.000,I 20,I 20 and I 7585,,Not a Collision with Motor Vehicle,1,Clear,Dry,Dark-Lighted
2021-03-19T20:33:00.000,I 20,I 20 and I 7585,,Rear End,2,(None),Dry,Dark-Not Lighted
2021-03-05T22:11:00.000,I 20,I 20 and I 7585,,Rear End,3,Clear,Dry,Dark-Lighted
2021-01-02T14:16:00.000,I 20,I 20 and I 7585,,Rear End,2,Clear,Dry,Daylight
2021-02-07T17:13:00.000,I 20,I 20 and I 7585,,Sideswipe-Same Direction,2,Clear,Dry,Daylight
2021-02-28T16:24:00.000,I 20,I 20 and I 7585,,Rear End,2,Clear,Dry,Daylight
2021-01-02T20:44:00.000,I 20,I 20 and I 7585,,Rear End,2,Clear,Dry,Dark-Lighted
2021-01-14T01:05:00.000,I 20,I 20 and I 7585,,Sideswipe-Same Direction,2,Clear,Dry,Dark-Lighted
2021-01-06T09:52:00.000,I 20,I 20 and I 7585,,Sideswipe-Same Direction,2,Clear,Dry,Daylight
2021-02-07T18:05:00.000,I 20,I 20 and I 7585,,Angle Crash,2,Clear,Dry,Dawn
2021-03-03T18:10:00.000,I 20,I 20 and I 7585,,Rear End,3,Clear,Dry,Dusk
2021-02-05T04:38:00.000,I 20,I 20 and I 7585,,Not a Collision with Motor Vehicle,1,Rain,Water (standing or moving),Dark-Lighted
2020-09-16T15:28:00.000,I 20,I 20 and I 7585,,Head On,1,Rain,Wet,Daylight
2020-11-01T18:14:00.000,I 20,I 20 and I 7585,,Rear End,2,Clear,Dry,Dark-Lighted
2020-10-18T19:57:00.000,I 20,I 20 and I 7585,,Rear End,2,Clear,Dry,Dark-Lighted
2020-05-17T14:22:00.000,I 20,I 20 and I 7585,,Angle Crash,4,Clear,Dry,Daylight
2020-10-17T17:22:00.000,I 20,I 20 and I 7585,,Rear End,2,Clear,Dry,Daylight
2020-02-05T01:30:00.000,I 20,I 20 and I 7585,,Not a Collision with Motor Vehicle,1,Rain,Wet,Dark-Lighted
2020-11-07T20:41:00.000,I 20,I 20 and I 7585,,Rear End,3,Clear,Dry,Dark-Lighted
2020-02-05T19:45:00.000,I 20,I 20 and I 7585,,Angle Crash,1,Rain,Wet,Dark-Lighted
2020-09-25T08:49:00.000,I 20,I 20 and I 7585,,Not a Collision with Motor Vehicle,1,Rain,Wet,Daylight
2020-06-07T19:27:00.000,I 20,I 20 and I 7585,,Rear End,2,Clear,Dry,Daylight
2020-11-15T03:27:00.000,I 20,I 20 and I 7585,,Rear End,2,Clear,Dry,Dark-Lighted
2020-03-24T05:18:00.000,I 20,I 20 and I 7585,,Not a Collision with Motor Vehicle,1,Clear,Wet,Dark-Lighted
2020-12-31T19:51:00.000,I 20,I 20 and I 7585,,Rear End,3,Rain,Wet,Dark-Lighted
2020-01-04T07:06:00.000,I 20,I 20 and I 7585,,Not a Collision with Motor Vehicle,1,Clear,Wet,Daylight
2020-02-18T23:48:00.000,I 20,I 20 and I 7585,,Not a Collision with Motor Vehicle,1,Rain,Wet,Dark-Lighted
2020-09-02T15:41:00.000,I 20,I 20 and I 7585,,Rear End,3,Clear,Dry,Daylight
2020-10-18T13:28:00.000,I 20,I 20 and I 7585,,Angle Crash,3,Clear,Dry,Daylight
2020-01-15T09:46:00.000,I 20,I 20 and I 7585,,Rear End,2,Clear,Dry,Daylight
2020-05-08T22:13:00.000,I 20,I 20 and I 7585,,Not a Collision with Motor Vehicle,1,Cloudy,Wet,Dark-Lighted
2020-03-04T20:03:00.000,I 20,I 20 and I 7585,,Not a Collision with Motor Vehicle,1,Rain,Wet,Dark-Not Lighted
2020-01-14T22:56:00.000,I 20,I 20 and I 7585,,Sideswipe-Same Direction,1,Clear,Dry,Dark-Lighted
2020-10-28T21:48:00.000,I 20,I 20 and I 7585,,Not a Collision with Motor Vehicle,1,Rain,Wet,Dark-Lighted
2020-05-02T13:45:00.000,I 20,I 20 and I 7585,,Rear End,3,Clear,Dry,(None)
2020-03-15T15:42:00.000,I 20,I 20 and I 7585,,Not a Collision with Motor Vehicle,1,Rain,Wet,Daylight
2020-09-26T20:04:00.000,I 20,I 20 and I 7585,,Sideswipe-Same Direction,2,Clear,Dry,Dark-Lighted
2020-12-16T13:04:00.000,I 20,I 20 and I 7585,,Rear End,4,Rain,Wet,Daylight
2020-12-12T17:33:00.000,I 20,I 20 and I 7585,,Rear End,2,Clear,Dry,Dark-Lighted
2020-12-16T09:10:00.000,I 20,I 20 and I 7585,,Angle Crash,2,Rain,Wet,Daylight
2020-05-17T15:18:00.000,I 20,I 20 and I 7585,,Angle Crash,2,Clear,Dry,Daylight
2020-03-27T21:03:00.000,I 20,I 20 and I 7585,,Angle Crash,1,Clear,Dry,Dark-Lighted
2020-09-16T17:11:00.000,I 20,I 20 and I 7585,,Rear End,2,Rain,Wet,Daylight
2020-09-05T01:39:00.000,I 20,I 20 and I 7585,,Sideswipe-Same Direction,2,Clear,Dry,Dark-Lighted
2020-03-08T14:28:00.000,I 20,I 20 and I 7585,,Rear End,3,Clear,Dry,Daylight
2020-08-19T09:07:00.000,I 20,I 20 and I 7585,,Sideswipe-Same Direction,2,Clear,Dry,Daylight
2020-12-13T00:49:00.000,I 20,I 20 and I 7585,,Head On,2,Clear,Wet,Dark-Lighted
2020-02-19T12:11:00.000,I 20,I 20 and I 7585,,Sideswipe-Same Direction,2,Cloudy,Dry,Daylight
2020-08-18T22:40:00.000,I 20,I 20 and I 7585,,Sideswipe-Same Direction,2,Rain,Wet,Dark-Lighted
2020-08-15T19:46:00.000,I 20,I 20 and I 7585,,Sideswipe-Same Direction,2,Clear,Dry,Dusk
2020-12-14T01:04:00.000,I 20,I 20 and I 7585,,Sideswipe-Same Direction,2,Rain,Wet,Dark-Lighted
2020-05-28T06:00:00.000,I 20,I 20 and I 7585,,Sideswipe-Same Direction,2,Rain,Wet,Dark-Lighted
2020-06-01T16:37:00.000,I 20,I 20 and I 7585,,Rear End,2,Clear,Dry,Daylight
2020-01-04T03:56:00.000,I 20,I 20 and I 7585,,Not a Collision with Motor Vehicle,1,Rain,Wet,Dark-Lighted
2020-10-10T10:19:00.000,I 20,I 20 and I 7585,,Not a Collision with Motor Vehicle,1,Rain,Wet,Daylight
2020-10-10T13:29:00.000,I 20,I 20 and I 7585,,Sideswipe-Same Direction,2,Cloudy,Wet,Daylight
2020-08-24T20:17:00.000,I 20,I 20 and I 7585,,Head On,2,Rain,Wet,Dark-Lighted
2020-01-30T23:03:00.000,I 20,I 20 and I 7585,,Not a Collision with Motor Vehicle,1,Clear,Dry,Dark-Not Lighted
2020-07-09T23:13:00.000,I 20,I 20 and I 7585,,Rear End,2,(None),Wet,Dark-Not Lighted
2020-09-13T11:59:00.000,I 20,I 20 and I 7585,,Rear End,2,Clear,Dry,Daylight
2020-01-04T13:37:00.000,I 20,I 20 and I 7585,,Rear End,3,Clear,Dry,Daylight
2020-08-23T22:57:00.000,I 20,I 20 and I 7585,,Sideswipe-Same Direction,2,Clear,Dry,Dark-Lighted
2020-09-14T05:31:00.000,I 20,I 20 and I 7585,,Not a Collision with Motor Vehicle,1,Clear,Dry,Dark-Not Lighted
2020-09-26T20:11:00.000,I 20,I 20 and I 7585,,Sideswipe-Same Direction,2,Clear,Dry,Dark-Lighted
2020-11-07T20:14:00.000,I 20,I 20 and I 7585,,Rear End,2,Clear,Dry,Daylight
2020-04-19T21:13:00.000,I 20,I 20 and I 7585,,Not a Collision with Motor Vehicle,1,Rain,Wet,Dark-Lighted
2020-03-23T19:41:00.000,I 20,I 20 and I 7585,,Not a Collision with Motor Vehicle,1,Rain,Water (standing or moving),Dark-Lighted
2020-08-24T23:30:00.000,I 20,I 20 and I 7585,,Angle Crash,2,Rain,Wet,Dark-Lighted
2020-08-29T11:18:00.000,I 20,I 20 and I 7585,,Angle Crash,2,Cloudy,Dry,Daylight
2020-10-09T21:37:00.000,I 20,I 20 and I 7585,,Rear End,2,Rain,Water (standing or moving),Dark-Lighted
2020-09-27T13:00:00.000,I 20,I 20 and I 7585,,Rear End,2,Clear,Dry,Daylight
2020-04-12T16:58:00.000,I 20,I 20 and I 7585,,Not a Collision with Motor Vehicle,1,Cloudy,Wet,Daylight
2020-10-07T21:41:00.000,I 20,I 20 and I 7585,,Rear End,2,Clear,Dry,Dark-Lighted
2020-02-22T19:37:00.000,I 20,I 20 and I 7585,,Rear End,2,Clear,Dry,Dark-Lighted
2020-12-27T23:03:00.000,I 20,I 20 and I 7585,,Sideswipe-Same Direction,2,Clear,Dry,Dark-Lighted
2020-12-12T18:46:00.000,I 20,I 20 and I 7585,,Rear End,2,Rain,Wet,Dark-Lighted
2020-06-24T23:21:00.000,I 20,I 20 and I 7585,,Not a Collision with Motor Vehicle,1,Rain,Wet,Dark-Lighted
2020-11-07T15:40:00.000,I 20,I 20 and I 7585,,Rear End,2,Clear,Dry,Daylight
2020-07-31T00:37:00.000,I 20,I 20 and I 7585,,Not a Collision with Motor Vehicle,1,Clear,Dry,Dark-Lighted
2020-11-24T02:30:00.000,I 20,I 20 and I 7585,,Not a Collision with Motor Vehicle,1,Clear,Dry,Dark-Lighted
2020-09-26T14:11:00.000,I 20,I 20 and I 7585,,Rear End,2,Clear,Dry,Daylight
2020-07-05T10:43:00.000,I 20,I 20 and I 7585,,Sideswipe-Same Direction,2,Clear,Dry,Daylight
2020-12-20T15:10:00.000,I 20,I 20 and I 7585,,Rear End,2,Clear,Dry,Daylight
2020-12-19T00:32:00.000,I 20,I 20 and I 7585,,Sideswipe-Same Direction,2,Clear,Dry,Dark-Lighted
2020-09-20T18:20:00.000,I 20,I 20 and I 7585,,Sideswipe-Same Direction,2,Clear,Dry,Daylight
2020-02-26T23:23:00.000,I 20,I 20 and I 7585,,Sideswipe-Same Direction,2,Clear,Dry,Dark-Lighted
2020-11-10T22:05:00.000,I 20,I 20 and I 7585,,Angle Crash,2,Rain,Wet,Dark-Lighted
2020-11-05T21:43:00.000,I 20,I 20 and I 7585,,Sideswipe-Same Direction,2,Clear,Dry,Dark-Lighted
2020-02-15T10:22:00.000,I 20,I 20 and I 7585,,Rear End,2,Clear,Dry,Daylight
2020-01-04T08:03:00.000,I 20,I 20 and I 7585,,Head On,3,Rain,Wet,Daylight
2020-09-12T13:48:00.000,I 20,I 20 and I 7585,,Angle Crash,1,Clear,Dry,Daylight
2020-02-16T11:40:00.000,I 20,I 20 and I 7585,,Sideswipe-Same Direction,1,Rain,Wet,Daylight
2020-08-18T22:11:00.000,I 20,I 20 and I 7585,,Angle Crash,2,Cloudy,Wet,Dark-Lighted
2020-10-02T01:51:00.000,I 20,I 20 and I 7585,,Sideswipe-Same Direction,2,Clear,Dry,Dark-Lighted
2020-08-02T18:20:00.000,I 20,I 20 and I 7585,,Not a Collision with Motor Vehicle,1,Rain,Wet,Daylight
2020-02-21T21:57:00.000,I 20,I 20 and I 7585,,Rear End,2,Clear,Dry,Dark-Lighted
2020-08-16T17:46:00.000,I 20,I 20 and I 7585,,Rear End,2,Clear,Dry,Daylight
2020-10-30T20:29:00.000,I 20,I 20 and I 7585,,Rear End,2,Clear,Dry,Dark-Lighted
2021-03-03T19:31:00.000,I 20,I 20 and I 7585,,Rear End,3,Clear,Dry,Dark-Lighted
2021-01-10T17:13:00.000,I 20,I 20 and I 7585,,Sideswipe-Same Direction,2,Clear,Dry,Daylight
2021-03-04T23:59:00.000,I 20,I 20 and I 7585,,Sideswipe-Same Direction,2,Clear,Dry,Dark-Lighted
2021-01-20T06:55:00.000,I 20,I 20 and I 7585,,Sideswipe-Same Direction,2,Cloudy,Dry,Dark-Lighted
2021-12-03T10:30:00.000,I 75,I 20 and I 75,,Rear End,2,Clear,Dry,Daylight
2021-10-28T20:00:00.000,I 75,I 20 and I 75,,Rear End,2,Clear,Wet,Dark-Lighted
2021-11-02T09:15:00.000,I 75,I 20 and I 75,,Sideswipe-Same Direction,2,Clear,Dry,Daylight
2021-12-07T16:40:00.000,I 75,I 20 and I 75,,Not a Collision with Motor Vehicle,1,Cloudy,Dry,Dawn
2021-01-01T03:34:00.000,I 75,I 20 and I 75,,Rear End,2,Rain,Wet,Dark-Not Lighted
2021-10-15T17:45:00.000,I 75,I 20 and I 75,,Rear End,2,Cloudy,Dry,Daylight
2021-12-09T13:56:00.000,I 75,I 20 and I 75,,Sideswipe-Same Direction,2,Clear,Dry,Daylight
2021-11-23T14:59:00.000,I 75,I 20 and I 75,,Rear End,2,Clear,Dry,Daylight
2021-10-29T15:30:00.000,I 75,I 20 and I 75,,Sideswipe-Same Direction,2,Cloudy,Wet,Daylight
2021-11-22T15:30:00.000,I 75,I 20 and I 75,,Sideswipe-Same Direction,2,Clear,Dry,Daylight
2021-09-27T13:03:00.000,I 75,I 20 and I 75,,Rear End,2,Clear,Dry,Daylight
2021-11-09T19:08:00.000,I 75,I 20 and I 75,,Rear End,2,Clear,Dry,Daylight
2021-11-01T15:57:00.000,I 75,I 20 and I 75,,Rear End,2,Clear,Dry,Daylight
2021-01-18T16:10:00.000,I 75,I 20 and I 75,,Rear End,2,Clear,Dry,Daylight
2021-12-05T01:42:00.000,I 75,I 20 and I 75,,Rear End,2,Clear,Dry,Dark-Lighted
2021-11-09T17:36:00.000,I 75,I 20 and I 75,,Sideswipe-Same Direction,2,Clear,Dry,Daylight
2021-10-14T16:40:00.000,I 75,I 20 and I 75,,Sideswipe-Same Direction,2,Clear,Dry,Daylight
2021-10-04T05:50:00.000,I 75,I 20 and I 75,,Sideswipe-Same Direction,3,Rain,Wet,Dark-Lighted
2021-10-19T12:33:00.000,I 75,I 20 and I 75,,Rear End,2,Clear,Dry,Daylight
2021-09-03T13:45:00.000,I 75,I 20 and I 75,,Rear End,2,Cloudy,Dry,Daylight
2020-08-25T18:50:00.000,I 75,I 20 and I 75,,Rear End,2,Rain,Wet,Daylight
2020-08-10T18:30:00.000,I 75,I 20 and I 75,,Sideswipe-Same Direction,2,Cloudy,Wet,Daylight
2023-10-24T17:17:00.000,I 75,I 20 and I 75,,Rear End,2,Clear,Dry,Daylight
2023-11-03T13:00:00.000,I 75,I 20 and I 75,,Sideswipe-Same Direction,2,Clear,Dry,Daylight
2023-10-03T19:47:00.000,I 75,I 20 and I 75,,Rear End,2,Clear,Dry,Dark-Not Lighted
2023-04-17T07:54:00.000,I 75,I 20 and I 75,,Sideswipe-Same Direction,2,Clear,Dry,Daylight
2023-10-24T14:14:00.000,I 75,I 20 and I 75,,Sideswipe-Same Direction,2,Clear,Dry,Daylight
2023-04-20T10:33:00.000,I 75,I 20 and I 75,,Sideswipe-Same Direction,2,Clear,Dry,Daylight
2023-08-24T13:18:00.000,I 75,I 20 and I 75,,Sideswipe-Same Direction,2,Clear,Dry,Daylight
2023-06-28T14:57:00.000,I 75,I 20 and I 75,,Sideswipe-Same Direction,2,Clear,Dry,Daylight
2023-04-28T07:40:00.000,I 75,I 20 and I 75,,Rear End,2,Cloudy,Wet,Daylight
2023-02-02T19:30:00.000,I 75,I 20 and I 75,,Rear End,2,Rain,Wet,Daylight
2023-10-27T12:25:00.000,I 75,I 20 and I 75,,Rear End,3,Cloudy,Dry,Daylight
2023-08-11T11:05:00.000,I 75,I 20 and I 75,,Rear End,2,Cloudy,Wet,Daylight
2023-11-30T07:50:00.000,I 75,I 20 and I 75,,Sideswipe-Same Direction,2,Clear,Dry,Daylight
2023-06-20T17:50:00.000,I 75,I 20 and I 75,,Rear End,3,Cloudy,Wet,Daylight
2023-03-21T13:15:00.000,I 75,I 20 and I 75,,Sideswipe-Same Direction,2,Cloudy,Dry,Daylight
2023-07-10T12:15:00.000,I 75,I 20 and I 75,,Rear End,2,Clear,Dry,Daylight
2023-09-21T06:55:00.000,I 75,I 20 and I 75,,Rear End,2,Cloudy,Dry,Dawn
2023-11-14T13:00:00.000,I 75,I 20 and I 75,,Sideswipe-Same Direction,2,Clear,Dry,Daylight
2023-08-25T11:00:00.000,I 75,I 20 and I 75,,Sideswipe-Same Direction,2,Clear,Dry,Daylight
2023-10-09T07:40:00.000,I 75,I 20 and I 75,,Rear End,2,Clear,Dry,Daylight
2023-04-13T17:44:00.000,I 75,I 20 and I 75,,Rear End,2,Rain,Wet,Daylight
2023-01-26T17:55:00.000,I 75,I 20 and I 75,,Rear End,2,Clear,Dry,Dark-Lighted
2023-11-25T08:00:00.000,I 75,I 20 and I 75,,Sideswipe-Same Direction,2,Clear,Dry,Daylight
2023-10-23T07:25:00.000,I 75,I 20 and I 75,,Sideswipe-Same Direction,2,Clear,Dry,Daylight
2023-12-11T17:40:00.000,I 75,I 20 and I 75,,Sideswipe-Same Direction,2,Clear,Dry,Dark-Lighted
2023-06-06T12:35:00.000,I 75,I 20 and I 75,,Rear End,2,Clear,Dry,Daylight
2023-08-28T15:34:00.000,I 75,I 20 and I 75,,Rear End,2,Cloudy,Dry,Daylight
2023-09-14T09:05:00.000,I 75,I 20 and I 75,,Sideswipe-Same Direction,3,Cloudy,Dry,Daylight
2023-04-17T11:01:00.000,I 75,I 20 and I 75,,Rear End,3,Clear,Dry,Daylight
2023-11-13T17:00:00.000,I 75,I 20 and I 75,,Sideswipe-Same Direction,2,Clear,Dry,Daylight
2023-08-19T22:47:00.000,I 75,I 20 and I 75,,Rear End,3,Clear,Dry,Dark-Lighted
2023-10-31T13:37:00.000,I 75,I 20 and I 75,,Sideswipe-Same Direction,2,Clear,Dry,Daylight
2023-05-01T14:09:00.000,I 75,I 20 and I 75,,Rear End,2,Clear,Dry,Daylight
2023-04-17T11:01:00.000,I 75,I 20 and I 75,,Rear End,2,Clear,Dry,Daylight
2023-08-15T17:55:00.000,I 75,I 20 and I 75,,Sideswipe-Same Direction,2,Cloudy,Wet,Daylight
2023-01-24T16:57:00.000,I 75,I 20 and I 75,,Rear End,2,Clear,Dry,Daylight
2023-03-30T14:18:00.000,I 75,I 20 and I 75,,Rear End,2,Clear,Dry,Daylight
2023-11-16T16:00:00.000,I 75,I 20 and I 75,,Rear End,2,Clear,Dry,Daylight
2023-03-03T12:16:00.000,I 75,I 20 and I 75,,Rear End,2,Cloudy,Wet,Daylight
2023-08-01T10:43:00.000,I 75,I 20 and I 75,,Sideswipe-Same Direction,2,Clear,Dry,Daylight
2023-08-07T08:20:00.000,I 75,I 20 and I 75,,Rear End,2,Clear,Dry,Daylight
2023-10-16T18:25:00.000,I 75,I 20 and I 75,,Rear End,2,Cloudy,Dry,Dusk
2023-10-31T16:10:00.000,I 75,I 20 and I 75,,Rear End,3,Clear,Dry,Daylight
2023-12-16T11:20:00.000,I 75,I 20 and I 75,,Sideswipe-Same Direction,2,Clear,Dry,Daylight
2023-06-30T16:39:00.000,I 75,I 20 and I 75,,Rear End,2,Cloudy,Wet,Daylight
2023-08-19T22:47:00.000,I 75,I 20 and I 75,,Rear End,2,Clear,Dry,Dark-Lighted
2023-12-21T16:13:00.000,I 75,I 20 and I 75,,Rear End,2,Clear,Dry,Daylight
2023-03-27T10:24:00.000,I 75,I 20 and I 75,,Sideswipe-Same Direction,2,Rain,Wet,Daylight
2023-04-14T11:33:00.000,I 75,I 20 and I 75,,Rear End,3,Cloudy,Wet,Daylight
2023-06-01T11:08:00.000,I 75,I 20 and I 75,,Rear End,2,Clear,Dry,Daylight
2023-11-07T12:37:00.000,I 75,I 20 and I 75,,Angle Crash,2,Clear,Dry,Daylight
2023-12-26T13:45:00.000,I 75,I 20 and I 75,,Rear End,2,Rain,Wet,Daylight
2023-09-08T14:33:00.000,I 75,I 20 and I 75,,Rear End,2,Clear,Dry,Daylight
2022-07-18T16:47:00.000,I 75,I 20 and I 75,,Rear End,2,Clear,Dry,Daylight
2022-05-03T16:03:00.000,I 75,I 20 and I 75,,Rear End,2,Clear,Dry,Daylight
2022-05-27T09:02:00.000,I 75,I 20 and I 75,,Rear End,2,Clear,Dry,Daylight
2022-10-14T07:07:00.000,I 75,I 20 and I 75,,Sideswipe-Same Direction,2,Clear,Dry,Dark-Lighted
2022-09-20T10:00:00.000,I 75,I 20 and I 75,,Sideswipe-Same Direction,2,Clear,Dry,Daylight
2022-07-22T12:05:00.000,I 75,I 20 and I 75,,Rear End,2,Clear,Dry,Daylight
2023-03-16T10:08:00.000,I 75,I 20 and I 75,,Sideswipe-Same Direction,2,Clear,Dry,Daylight
2023-08-04T13:02:00.000,I 75,I 20 and I 75,,Rear End,2,Clear,Dry,Daylight
2024-08-29T14:19:00.000,I 75,I 20 and I 75,,Rear End,3,Clear,Dry,Daylight
2020-08-25T15:30:00.000,I 75,I 20 and I 75,,Rear End,2,Rain,Wet,Daylight
2020-08-06T23:15:00.000,I 75,I 20 and I 75,,Angle Crash,1,Clear,Dry,Dark-Lighted
2020-08-12T18:25:00.000,I 75,I 20 and I 75,,Sideswipe-Same Direction,2,Clear,Dry,Daylight
2020-08-11T19:30:00.000,I 75,I 20 and I 75,,Rear End,2,Clear,Dry,Daylight
2020-02-18T14:46:00.000,I 75,I 20 and I 75,,Rear End,2,Cloudy,Wet,Daylight
2020-06-15T18:44:00.000,I 75,I 20 and I 75,,Sideswipe-Same Direction,2,Clear,Dry,Daylight
2020-12-29T22:30:00.000,I 75,I 20 and I 75,,Not a Collision with Motor Vehicle,1,Clear,Dry,Dark-Lighted
2020-03-07T21:58:00.000,I 75,I 20 and I 75,,Sideswipe-Same Direction,2,Clear,Dry,Dark-Lighted
2021-10-27T12:20:00.000,I 75,I 20 and I 75,,Rear End,2,Clear,Dry,Daylight
2021-10-18T18:45:00.000,I 75,I 20 and I 75,,Rear End,2,Cloudy,Dry,Dusk
2021-12-17T08:30:00.000,I 75,I 20 and I 75,,Rear End,3,Fog,Dry,Daylight
2021-10-28T16:04:00.000,I 75,I 20 and I 75,,Rear End,2,Cloudy,Wet,Daylight
2021-11-05T07:50:00.000,I 75,I 20 and I 75,,Rear End,2,Cloudy,Dry,Dawn
2021-12-16T10:00:00.000,I 75,I 20 and I 75,,Rear End,3,Cloudy,Dry,Daylight
2021-10-05T18:56:00.000,I 75,I 20 and I 75,,Rear End,2,Clear,Dry,Dark-Not Lighted
2021-10-12T15:20:00.000,I 75,I 20 and I 75,,Rear End,2,Clear,Dry,Daylight
2021-12-28T17:02:00.000,I 75,I 20 and I 75,,Rear End,2,Clear,Dry,Daylight
2021-11-01T18:18:00.000,I 75,I 20 and I 75,,Angle Crash,2,Clear,Dry,Daylight
2021-11-19T11:57:00.000,I 75,I 20 and I 75,,Sideswipe-Same Direction,2,Clear,Dry,Daylight
2021-10-29T12:29:00.000,I 75,I 20 and I 75,,Sideswipe-Same Direction,2,Cloudy,Dry,Daylight
2021-10-12T12:03:00.000,I 75,I 20 and I 75,,Rear End,2,Cloudy,Dry,Daylight
2022-06-23T09:32:00.000,I 75,I 20 and I 75,,Sideswipe-Same Direction,2,Clear,Dry,Daylight
2022-09-29T14:22:00.000,I 75,I 20 and I 75,,Sideswipe-Same Direction,2,Clear,Dry,Daylight
2022-12-23T17:15:00.000,I 75,I 20 and I 75,,Sideswipe-Same Direction,2,Clear,Dry,Dusk