Date and Time,Roadway (From Crash Report),Intersection Name (from Crash Report),KABCO Severity,Manner of Collision (Crash Level) ,# of Vehicles per crash ,Weather Conditions (Crash Level),Surface Condition (Crash Level) ,Light Conditions (Crash Level)
2022-05-05T19:45:00.000,I 75,I 20 and I 75,,Rear End,2,Clear,Dry,Daylight
2022-05-20T18:32:00.000,I 75,I 20 and I 75,,Sideswipe-Same Direction,2,Clear,Dry,Daylight
2022-11-04T15:00:00.000,I 75,I 20 and I 75,,Rear End,2,Clear,Dry,Daylight
2021-10-12T16:10:00.000,I 75,I 20 and I 75,,Rear End,2,Clear,Dry,Daylight
2021-07-20T14:15:00.000,I 75,I 20 and I 75,,Sideswipe-Same Direction,2,Rain,Wet,Daylight
2021-10-22T18:45:00.000,I 75,I 20 and I 75,,Sideswipe-Same Direction,2,Clear,Dry,Dawn
2022-08-26T07:28:00.000,I 75,I 20 and I 75,,Rear End,2,Clear,Dry,Daylight
2022-09-27T08:46:00.000,I 75,I 20 and I 75,,Sideswipe-Same Direction,2,Clear,Dry,Daylight
2022-11-28T15:38:00.000,I 75,I 20 and I 75,,Rear End,2,Clear,Dry,Daylight
2022-10-10T06:50:00.000,I 75,I 20 and I 75,,Rear End,5,Clear,Dry,Dark-Lighted
2022-10-06T09:31:00.000,I 75,I 20 and I 75,,Rear End,3,Clear,Dry,Daylight
2022-02-28T08:56:00.000,I 75,I 20 and I 75,,Rear End,2,Clear,Dry,Daylight
2022-06-19T12:00:00.000,I 75,I 20 and I 75,,Rear End,2,Clear,Dry,Daylight
2022-07-14T17:53:00.000,I 75,I 20 and I 75,,Rear End,2,Clear,Dry,Daylight
2022-11-15T08:02:00.000,I 75,I 20 and I 75,,Sideswipe-Same Direction,2,Rain,Wet,Daylight
2022-07-22T07:27:00.000,I 75,I 20 and I 75,,Rear End,2,Clear,Dry,Daylight
2022-04-28T06:50:00.000,I 75,I 20 and I 75,,Sideswipe-Same Direction,2,Clear,Dry,Daylight
2022-10-25T15:50:00.000,I 75,I 20 and I 75,,Sideswipe-Same Direction,2,Cloudy,Dry,Daylight
2022-03-21T13:41:00.000,I 75,I 20 and I 75,,Sideswipe-Same Direction,2,Clear,Dry,Daylight
2022-05-12T12:00:00.000,I 75,I 20 and I 75,,Sideswipe-Same Direction,2,Clear,Dry,Daylight
2022-10-04T14:27:00.000,I 75,I 20 and I 75,,Sideswipe-Same Direction,2,Clear,Dry,Daylight
2022-08-25T08:35:00.000,I 75,I 20 and I 75,,Not a Collision with Motor Vehicle,1,Rain,Wet,Daylight
2022-01-20T08:33:00.000,I 75,I 20 and I 75,,Sideswipe-Same Direction,2,Rain,Wet,Daylight
2022-03-28T14:38:00.000,I 75,I 20 and I 75,,Rear End,2,Cloudy,Dry,Daylight
2022-09-13T15:55:00.000,I 75,I 20 and I 75,,Rear End,2,Clear,Dry,Daylight
2022-08-11T12:53:00.000,I 75,I 20 and I 75,,Rear End,3,Cloudy,Dry,Daylight
2022-08-12T15:46:00.000,I 75,I 20 and I 75,,Rear End,2,Clear,Dry,Daylight
2022-08-02T14:10:00.000,I 75,I 20 and I 75,,Rear End,3,Clear,Dry,Daylight
2022-05-27T15:40:00.000,I 75,I 20 and I 75,,Sideswipe-Same Direction,2,Clear,Dry,Daylight
2022-08-19T12:07:00.000,I 75,I 20 and I 75,,Rear End,2,Rain,Wet,Daylight
2022-09-23T12:22:00.000,I 75,I 20 and I 75,,Sideswipe-Same Direction,2,Clear,Dry,Daylight
2022-04-19T16:14:00.000,I 75,I 20 and I 75,,Rear End,2,Clear,Dry,Daylight
2022-11-19T18:44:00.000,I 75,I 20 and I 75,,Sideswipe-Same Direction,2,Cloudy,Dry,Dark-Lighted
2022-02-04T19:28:00.000,I 75,I 20 and I 75,,Sideswipe-Same Direction,2,Clear,Dry,Dark-Lighted
2022-04-28T14:06:00.000,I 75,I 20 and I 75,,Rear End,2,Clear,Dry,Daylight
2022-11-22T12:43:00.000,I 75,I 20 and I 75,,Rear End,2,Clear,Dry,Daylight
2022-11-11T11:40:00.000,I 75,I 20 and I 75,,Rear End,2,Rain,Wet,Daylight
2022-10-10T10:08:00.000,I 75,I 20 and I 75,,Not a Collision with Motor Vehicle,1,Clear,Dry,Daylight
2022-05-05T14:49:00.000,I 75,I 20 and I 75,,Angle Crash,2,Clear,Dry,Daylight
2022-09-23T09:08:00.000,I 75,I 20 and I 75,,Sideswipe-Same Direction,3,Clear,Dry,Daylight
2022-03-31T09:20:00.000,I 75,I 20 and I 75,,Rear End,2,Cloudy,Wet,Daylight
2021-11-17T13:00:00.000,I 75,I 20 and I 75,,Rear End,2,Clear,Dry,Daylight
2021-11-26T11:40:00.000,I 75,I 20 and I 75,,Sideswipe-Same Direction,2,Clear,Dry,Daylight
2021-11-01T19:10:00.000,I 75,I 20 and I 75,,Rear End,2,Clear,Dry,Dark-Lighted
2022-10-25T07:42:00.000,I 75,I 20 and I 75,,Rear End,2,Clear,Dry,Daylight
2022-06-17T14:40:00.000,I 75,I 20 and I 75,,Rear End,3,Clear,Dry,Daylight
2022-11-25T14:30:00.000,I 75,I 20 and I 75,,Rear End,2,Cloudy,Dry,Daylight
2022-08-01T07:35:00.000,I 75,I 20 and I 75,,Rear End,2,Clear,Dry,Daylight
2022-10-28T13:28:00.000,I 75,I 20 and I 75,,Sideswipe-Same Direction,2,Cloudy,Dry,Daylight
2022-04-21T16:30:00.000,I 75,I 20 and I 75,,Sideswipe-Same Direction,2,Clear,Dry,Daylight
2022-02-04T14:38:00.000,I 75,I 20 and I 75,,Rear End,2,Cloudy,Wet,Daylight
2022-07-29T08:38:00.000,I 75,I 20 and I 75,,Rear End,3,Clear,Dry,Daylight
2022-03-03T18:55:00.000,I 75,I 20 and I 75,,Rear End,2,Clear,Dry,Dark-Lighted
2022-02-04T12:20:00.000,I 75,I 20 and I 75,,Rear End,2,Cloudy,Dry,Daylight
2022-05-06T07:40:00.000,I 75,I 20 and I 75,,Rear End,2,Cloudy,Wet,Daylight
2022-11-22T10:40:00.000,I 75,I 20 and I 75,,Rear End,2,Cloudy,Dry,Daylight
2022-08-23T18:09:00.000,I 75,I 20 and I 75,,Rear End,3,Clear,Dry,Daylight
2022-08-26T08:53:00.000,I 75,I 20 and I 75,,Rear End,2,Clear,Dry,Daylight
2022-07-28T12:06:00.000,I 75,I 20 and I 75,,Rear End,3,Clear,Dry,Daylight
2022-10-31T10:27:00.000,I 75,I 20 and I 75,,Rear End,2,Cloudy,Wet,Daylight
2022-05-06T06:51:00.000,I 75,I 20 and I 75,,Sideswipe-Same Direction,2,Cloudy,Dry,Dawn
2022-04-21T13:37:00.000,I 75,I 20 and I 75,,Sideswipe-Same Direction,2,Clear,Dry,Daylight
2022-03-29T15:12:00.000,I 75,I 20 and I 75,,Rear End,2,Clear,Dry,Daylight
2022-10-21T14:23:00.000,I 75,I 20 and I 75,,Rear End,2,Clear,Dry,Daylight
2022-11-18T19:45:00.000,I 75,I 20 and I 75,,Rear End,2,Clear,Dry,Dark-Lighted
2022-01-28T15:00:00.000,I 75,I 20 and I 75,,Rear End,2,Clear,Dry,Daylight
2022-04-04T12:50:00.000,I 75,I 20 and I 75,,Rear End,2,Cloudy,Dry,Daylight
2022-05-24T15:47:00.000,I 75,I 20 and I 75,,Rear End,3,Clear,Dry,Daylight
2022-02-04T13:45:00.000,I 75,I 20 and I 75,,Rear End,2,Cloudy,Dry,Daylight
2022-12-20T07:35:00.000,I 75,I 20 and I 75,,Sideswipe-Same Direction,2,Clear,Dry,Daylight
2022-02-07T14:20:00.000,I 75,I 20 and I 75,,Sideswipe-Same Direction,2,Cloudy,Dry,Daylight
2022-01-20T17:50:00.000,I 75,I 20 and I 75,,Sideswipe-Same Direction,2,Cloudy,Dry,Daylight
2022-06-02T08:57:00.000,I 75,I 20 and I 75,,Sideswipe-Same Direction,2,Clear,Dry,Daylight
2022-05-26T09:47:00.000,I 75,I 20 and I 75,,Rear End,3,Clear,Dry,Daylight
2022-08-26T08:09:00.000,I 75,I 20 and I 75,,Sideswipe-Same Direction,3,Clear,Dry,Daylight
2022-08-26T09:52:00.000,I 75,I 20 and I 75,,Rear End,2,Cloudy,Dry,Daylight
2022-07-18T16:13:00.000,I 75,I 20 and I 75,,Rear End,2,Clear,Dry,Daylight
2022-06-07T12:29:00.000,I 75,I 20 and I 75,,Angle Crash,2,Clear,Dry,Daylight
2022-02-14T06:47:00.000,I 75,I 20 and I 75,,Rear End,2,Clear,Dry,Dark-Lighted
2022-08-12T05:53:00.000,I 75,I 20 and I 75,,Rear End,2,Clear,Dry,Daylight
2022-08-26T09:05:00.000,I 75,I 20 and I 75,,Rear End,2,Clear,Dry,Daylight
2022-10-10T06:50:00.000,I 75,I 20 and I 75,,Rear End,6,Clear,Dry,Daylight
2022-11-11T15:00:00.000,I 75,I 20 and I 75,,Rear End,2,Cloudy,Wet,Daylight
2022-12-09T06:25:00.000,I 75,I 20 and I 75,,Rear End,2,Clear,Dry,Dark-Lighted
2022-04-14T13:32:00.000,I 75,I 20 and I 75,,Rear End,2,Clear,Dry,Daylight
2022-06-06T15:15:00.000,I 75,I 20 and I 75,,Rear End,2,Clear,Dry,Daylight
2022-01-21T17:15:00.000,I 75,I 20 and I 75,,Sideswipe-Same Direction,2,Cloudy,Dry,Daylight
2022-02-22T06:50:00.000,I 75,I 20 and I 75,,Angle Crash,4,Cloudy,Wet,Daylight
2022-02-04T16:13:00.000,I 75,I 20 and I 75,,Sideswipe-Same Direction,2,Cloudy,Dry,Daylight
2022-08-12T10:52:00.000,I 75,I 20 and I 75,,Sideswipe-Same Direction,2,Cloudy,Dry,Daylight
2022-09-12T12:35:00.000,I 75,I 20 and I 75,,Rear End,2,Clear,Dry,Daylight
2022-06-16T13:08:00.000,I 75,I 20 and I 75,,Rear End,3,Clear,Dry,Daylight
2022-08-14T17:35:00.000,I 75,I 20 and I 75,,Angle Crash,2,Cloudy,Dry,Daylight
2022-10-27T06:23:00.000,I 75,I 20 and I 75,,Sideswipe-Same Direction,2,Clear,Dry,Daylight
2022-11-10T13:30:00.000,I 75,I 20 and I 75,,Rear End,3,Rain,Wet,Daylight
2022-12-12T17:53:00.000,I 75,I 20 and I 75,,Rear End,4,Clear,Dry,Dark-Not Lighted
2022-02-03T16:25:00.000,I 75,I 20 and I 75,,Sideswipe-Same Direction,2,Rain,Wet,Daylight
2022-01-31T13:20:00.000,I 75,I 20 and I 75,,Sideswipe-Same Direction,2,Clear,Dry,Daylight
2022-08-18T12:54:00.000,I 75,I 20 and I 75,,Rear End,3,Clear,Dry,Daylight
2022-04-18T11:17:00.000,I 75,I 20 and I 75,,Rear End,2,Clear,Dry,Daylight
2022-09-15T17:01:00.000,I 75,I 20 and I 75,,Rear End,2,Clear,Dry,Daylight
2022-02-04T13:45:00.000,I 75,I 20 and I 75,,Rear End,2,Cloudy,Wet,Daylight
2022-08-02T15:40:00.000,I 75,I 20 and I 75,,Sideswipe-Same Direction,2,Clear,Dry,Daylight
2022-05-13T12:27:00.000,I 75,I 20 and I 75,,Sideswipe-Same Direction,2,Clear,Dry,Daylight
2022-09-30T11:23:00.000,I 75,I 20 and I 75,,Rear End,2,Cloudy,Dry,Daylight
2022-11-10T19:28:00.000,I 75,I 20 and I 75,,Sideswipe-Same Direction,2,Rain,Wet,Daylight
2022-06-30T10:04:00.000,I 75,I 20 and I 75,,Sideswipe-Same Direction,2,Clear,Dry,Daylight
2022-02-03T10:02:00.000,I 75,I 20 and I 75,,Rear End,2,Rain,Wet,Daylight
2022-08-02T14:10:00.000,I 75,I 20 and I 75,,Rear End,2,Clear,Dry,Daylight
2022-02-01T13:46:00.000,I 75,I 20 and I 75,,Sideswipe-Same Direction,2,Clear,Dry,Daylight
2022-09-16T12:38:00.000,I 75,I 20 and I 75,,Sideswipe-Same Direction,2,Clear,Dry,Daylight
2022-12-06T11:18:00.000,I 75,I 20 and I 75,,Sideswipe-Same Direction,3,Rain,Wet,Daylight
2022-02-23T13:55:00.000,I 75,I 20 and I 75,,Rear End,2,Cloudy,Dry,Daylight
2022-02-08T16:50:00.000,I 75,I 20 and I 75,,Rear End,2,Clear,Dry,Daylight
2022-01-12T06:31:00.000,I 75,I 20 and I 75,,Sideswipe-Same Direction,2,Clear,Dry,Dark-Lighted
2022-09-27T17:24:00.000,I 75,I 20 and I 75,,Sideswipe-Same Direction,2,Clear,Dry,Daylight
2022-08-22T07:53:00.000,I 75,I 20 and I 75,,Rear End,2,Clear,Dry,Daylight
2022-02-03T19:01:00.000,I 75,I 20 and I 75,,Sideswipe-Same Direction,2,Rain,Wet,Daylight
2022-08-12T10:40:00.000,I 75,I 20 and I 75,,Rear End,4,Clear,Dry,Daylight
2022-08-04T06:25:00.000,I 75,I 20 and I 75,,Rear End,3,Clear,Dry,Daylight
2022-06-06T09:35:00.000,I 75,I 20 and I 75,,Rear End,2,Clear,Dry,Daylight
2022-10-07T18:05:00.000,I 75,I 20 and I 75,,Rear End,2,Clear,Dry,Daylight
2022-04-14T13:43:00.000,I 75,I 20 and I 75,,Sideswipe-Same Direction,2,Clear,Dry,Daylight
2022-04-22T13:08:00.000,I 75,I 20 and I 75,,Rear End,2,Clear,Dry,Daylight
2023-07-11T16:01:00.000,I 75,I 20 and I 75,,Sideswipe-Same Direction,2,Clear,Dry,Daylight
2023-10-12T19:19:00.000,I 75,I 20 and I 75,,Rear End,2,Cloudy,Dry,Dark-Lighted
2023-09-14T16:37:00.000,I 75,I 20 and I 75,,Rear End,2,Rain,Wet,Daylight
2023-07-10T07:15:00.000,I 75,I 20 and I 75,,Rear End,2,Rain,Wet,Daylight
2023-05-16T17:09:00.000,I 75,I 20 and I 75,,Sideswipe-Same Direction,2,Rain,Wet,Daylight
2023-01-30T14:18:00.000,I 75,I 20 and I 75,,Rear End,2,Cloudy,Dry,Daylight
2023-02-09T17:26:00.000,I 75,I 20 and I 75,,Sideswipe-Same Direction,2,Cloudy,Dry,Daylight
2023-02-06T14:43:00.000,I 75,I 20 and I 75,,Sideswipe-Same Direction,2,Clear,Dry,Daylight
2024-09-02T00:55:00.000,I 75,I 20 and I 75,,Sideswipe-Same Direction,2,Clear,Dry,Daylight
2024-08-20T18:39:00.000,I 75,I 20 and I 75,,Sideswipe-Same Direction,2,Clear,Dry,Daylight
2024-05-02T07:50:00.000,I 75,I 20 and I 75,,Rear End,2,Clear,Dry,Daylight
2024-08-05T08:10:00.000,I 75,I 20 and I 75,,Sideswipe-Same Direction,2,Clear,Dry,Daylight
2024-06-14T17:22:00.000,I 75,I 20 and I 75,,Rear End,2,Cloudy,Dry,Daylight
2024-08-13T15:50:00.000,I 75,I 20 and I 75,,Rear End,2,Cloudy,Dry,Daylight
2024-03-25T16:10:00.000,I 75,I 20 and I 75,,Sideswipe-Same Direction,2,Clear,Dry,Daylight
2024-09-26T13:10:00.000,I 75,I 20 and I 75,,Sideswipe-Same Direction,3,Rain,Wet,Daylight
2024-12-05T11:36:00.000,I 75,I 20 and I 75,,Sideswipe-Same Direction,2,Clear,Dry,Daylight
2024-05-02T12:02:00.000,I 75,I 20 and I 75,,Sideswipe-Same Direction,2,Clear,Dry,Daylight
2024-04-26T15:06:00.000,I 75,I 20 and I 75,,Sideswipe-Same Direction,2,Clear,Dry,Daylight
2024-01-22T09:04:00.000,I 75,I 20 and I 75,,Angle Crash,2,Cloudy,Dry,Daylight
2024-09-03T09:00:00.000,I 75,I 20 and I 75,,Rear End,2,Cloudy,Dry,Daylight
2024-12-03T16:00:00.000,I 75,I 20 and I 75,,Sideswipe-Same Direction,2,Clear,Dry,Daylight
2024-01-23T06:15:00.000,I 75,I 20 and I 75,,Sideswipe-Same Direction,2,Rain,Wet,Daylight
2024-05-23T10:18:00.000,I 75,I 20 and I 75,,Rear End,2,Clear,Dry,Daylight
2024-10-14T14:10:00.000,I 75,I 20 and I 75,,Rear End,2,Clear,Dry,Daylight
2024-09-12T11:45:00.000,I 75,I 20 and I 75,,Rear End,2,Rain,Wet,Daylight
2024-09-16T11:30:00.000,I 75,I 20 and I 75,,Rear End,3,Clear,Dry,Daylight
2024-11-08T08:19:00.000,I 75,I 20 and I 75,,Sideswipe-Same Direction,2,Cloudy,Dry,Daylight
2024-06-07T16:40:00.000,I 75,I 20 and I 75,,Rear End,2,Clear,Dry,Daylight
2024-04-08T06:35:00.000,I 75,I 20 and I 75,,Sideswipe-Same Direction,2,Clear,Dry,Daylight
2024-04-15T06:54:00.000,I 75,I 20 and I 75,,Rear End,2,Clear,Dry,Dark-Lighted
2023-10-07T01:55:00.000,I 75,I 20 and I 75,,Rear End,2,Cloudy,Dry,Dark-Lighted
2023-05-25T16:16:00.000,I 75,I 20 and I 75,,Sideswipe-Same Direction,2,Clear,Dry,Daylight
2023-10-23T14:40:00.000,I 75,I 20 and I 75,,Sideswipe-Same Direction,2,Clear,Dry,Daylight
2023-06-22T09:15:00.000,I 75,I 20 and I 75,,Rear End,2,Rain,Wet,Daylight
2023-08-17T13:43:00.000,I 75,I 20 and I 75,,Rear End,4,Clear,Dry,Daylight
2024-06-06T19:44:00.000,I 75,I 20 and I 75,,Rear End,2,Cloudy,Wet,Daylight
2024-10-17T12:30:00.000,I 75,I 20 and I 75,,Rear End,2,Clear,Dry,Daylight
2024-10-01T12:35:00.000,I 75,I 20 and I 75,,Sideswipe-Same Direction,2,Cloudy,Dry,Daylight
2024-12-06T18:15:00.000,I 75,I 20 and I 75,,Rear End,2,Clear,Dry,Dark-Not Lighted
2023-03-09T16:20:00.000,I 75,I 20 and I 75,,Rear End,2,Cloudy,Dry,Daylight
2023-10-16T08:39:00.000,I 75,I 20 and I 75,,Rear End,2,Clear,Dry,Daylight
2023-03-08T10:00:00.000,I 75,I 20 and I 75,,Sideswipe-Same Direction,2,Clear,Dry,Daylight
2023-09-25T07:30:00.000,I 75,I 20 and I 75,,Rear End,5,Clear,Dry,Daylight
2023-01-30T13:35:00.000,I 75,I 20 and I 75,,Sideswipe-Same Direction,2,Cloudy,Dry,Daylight
2023-01-30T13:59:00.000,I 75,I 20 and I 75,,Rear End,2,Cloudy,Dry,Daylight
2023-03-03T12:34:00.000,I 75,I 20 and I 75,,Rear End,4,Cloudy,Wet,Daylight
2023-09-19T18:43:00.000,I 75,I 20 and I 75,,Rear End,2,Clear,Dry,Daylight
2023-02-24T14:11:00.000,I 75,I 20 and I 75,,Sideswipe-Same Direction,2,Cloudy,Dry,Daylight
2023-07-24T08:10:00.000,I 75,I 20 and I 75,,Rear End,2,Cloudy,Dry,Daylight
2023-01-16T11:15:00.000,I 75,I 20 and I 75,,Sideswipe-Same Direction,2,Clear,Dry,Daylight
2023-05-08T16:45:00.000,I 75,I 20 and I 75,,Angle Crash,2,Clear,Dry,Daylight
2023-02-14T06:52:00.000,I 75,I 20 and I 75,,Sideswipe-Same Direction,2,Cloudy,Dry,Dusk
2023-02-16T13:14:00.000,I 75,I 20 and I 75,,Rear End,2,Cloudy,Dry,Daylight
2023-06-24T00:03:00.000,I 75,I 20 and I 75,,Sideswipe-Same Direction,2,Clear,Dry,Dark-Not Lighted
2023-05-23T11:26:00.000,I 75,I 20 and I 75,,Sideswipe-Same Direction,2,Clear,Dry,Daylight
2023-10-23T11:00:00.000,I 75,I 20 and I 75,,Sideswipe-Same Direction,2,Clear,Dry,Daylight
2023-09-07T09:09:00.000,I 75,I 20 and I 75,,Rear End,2,Clear,Dry,Daylight
2023-12-11T17:15:00.000,I 75,I 20 and I 75,,Rear End,2,Clear,Dry,Dusk
2023-11-10T07:43:00.000,I 75,I 20 and I 75,,Sideswipe-Same Direction,2,Cloudy,Dry,Daylight
2023-03-17T07:50:00.000,I 75,I 20 and I 75,,Rear End,2,Rain,Wet,Dark-Not Lighted
2023-08-03T18:45:00.000,I 75,I 20 and I 75,,Sideswipe-Same Direction,2,Clear,Dry,Daylight
2023-04-10T11:18:00.000,I 75,I 20 and I 75,,Sideswipe-Same Direction,4,Clear,Dry,Daylight
2023-01-24T10:55:00.000,I 75,I 20 and I 75,,Rear End,2,Clear,Dry,Daylight
2023-08-29T18:14:00.000,I 75,I 20 and I 75,,Sideswipe-Same Direction,2,Clear,Dry,Daylight
2023-10-23T17:40:00.000,I 75,I 20 and I 75,,Rear End,3,Clear,Dry,Daylight
2023-08-03T18:45:00.000,I 75,I 20 and I 75,,Sideswipe-Same Direction,2,Clear,Dry,Daylight
2023-05-05T08:27:00.000,I 75,I 20 and I 75,,Sideswipe-Same Direction,2,Clear,Dry,Daylight
2023-02-19T19:21:00.000,I 75,I 20 and I 75,,Rear End,2,Clear,Dry,Dark-Not Lighted
2023-10-31T16:10:00.000,I 75,I 20 and I 75,,Rear End,2,Clear,Dry,Daylight
2023-12-28T19:13:00.000,I 75,I 20 and I 75,,Rear End,2,Clear,Dry,Dark-Lighted
2023-08-25T13:40:00.000,I 75,I 20 and I 75,,Sideswipe-Same Direction,2,Clear,Dry,Daylight
2023-05-04T06:50:00.000,I 75,I 20 and I 75,,Sideswipe-Same Direction,2,Clear,Dry,Daylight
2023-07-24T10:52:00.000,I 75,I 20 and I 75,,Sideswipe-Same Direction,2,Clear,Dry,Daylight
2023-05-01T12:56:00.000,I 75,I 20 and I 75,,Rear End,2,Clear,Dry,Daylight
2023-11-27T14:18:00.000,I 75,I 20 and I 75,,Rear End,2,Clear,Dry,Daylight
2023-08-22T15:32:00.000,I 75,I 20 and I 75,,Rear End,2,Clear,Dry,Daylight
2023-06-13T13:47:00.000,I 75,I 20 and I 75,,Rear End,2,Clear,Dry,Daylight
2023-04-21T06:52:00.000,I 75,I 20 and I 75,,Sideswipe-Same Direction,2,Clear,Dry,Dark-Lighted
2023-02-14T07:30:00.000,I 75,I 20 and I 75,,Sideswipe-Same Direction,2,Clear,Dry,Daylight
2024-11-12T15:54:00.000,I 75,I 20 and I 75,,Rear End,3,Clear,Dry,Daylight
2024-10-29T17:30:00.000,I 75,I 20 and I 75,,Rear End,2,Clear,Dry,Daylight
2024-07-22T14:20:00.000,I 75,I 20 and I 75,,Rear End,2,Clear,Dry,Daylight
2024-07-09T10:56:00.000,I 75,I 20 and I 75,,Rear End,2,Clear,Dry,Daylight
2024-05-03T17:00:00.000,I 75,I 20 and I 75,,Sideswipe-Same Direction,2,Clear,Dry,Daylight
2024-06-27T15:09:00.000,I 75,I 20 and I 75,,Sideswipe-Same Direction,2,Cloudy,Dry,Daylight
2024-02-19T10:33:00.000,I 75,I 20 and I 75,,Sideswipe-Same Direction,2,Clear,Dry,Daylight
2024-03-29T19:06:00.000,I 75,I 20 and I 75,,Rear End,2,Clear,Dry,Daylight
2024-10-21T13:34:00.000,I 75,I 20 and I 75,,Sideswipe-Same Direction,2,Clear,Dry,Daylight
2024-07-22T15:52:00.000,I 75,I 20 and I 75,,Rear End,2,Cloudy,Dry,Daylight
2024-11-21T19:45:00.000,I 75,I 20 and I 75,,Rear End,2,Clear,Dry,Dark-Lighted
2024-11-19T09:28:00.000,I 75,I 20 and I 75,,Rear End,2,Rain,Wet,Daylight
2024-03-11T13:42:00.000,I 75,I 20 and I 75,,Rear End,2,Clear,Dry,Daylight
2024-10-22T18:39:00.000,I 75,I 20 and I 75,,Rear End,2,Clear,Dry,Daylight
2024-03-28T08:28:00.000,I 75,I 20 and I 75,,Rear End,2,Cloudy,Dry,Daylight
2024-02-20T16:57:00.000,I 75,I 20 and I 75,,Rear End,2,Clear,Dry,Daylight
2024-09-13T13:45:00.000,I 75,I 20 and I 75,,Rear End,2,Clear,Dry,Daylight
2024-09-19T12:30:00.000,I 75,I 20 and I 75,,Rear End,2,Clear,Dry,Daylight
2024-06-07T18:28:00.000,I 75,I 20 and I 75,,Rear End,2,Clear,Dry,Daylight
2024-03-01T17:55:00.000,I 75,I 20 and I 75,,Rear End,2,Rain,Wet,Daylight
2024-05-21T18:55:00.000,I 75,I 20 and I 75,,Rear End,3,Clear,Dry,Daylight
2024-01-01T00:00:00.000,I 75,I 20 and I 75,,Rear End,2,Clear,Dry,Daylight
2024-01-02T12:01:00.000,I 75,I 20 and I 75,,Sideswipe-Same Direction,2,Clear,Dry,Daylight
2024-04-12T13:15:00.000,I 75,I 20 and I 75,,Rear End,2,Clear,Dry,Daylight
2024-12-02T17:37:00.000,I 75,I 20 and I 75,,Rear End,2,Clear,Dry,Dark-Lighted
2024-04-02T18:46:00.000,I 75,I 20 and I 75,,Sideswipe-Same Direction,2,Clear,Dry,Daylight
2024-03-05T18:35:00.000,I 75,I 20 and I 75,,Rear End,2,Rain,Wet,Dark-Not Lighted
2024-06-21T16:23:00.000,I 75,I 20 and I 75,,Rear End,2,Clear,Dry,Daylight
2024-05-16T14:30:00.000,I 75,I 20 and I 75,,Sideswipe-Same Direction,2,Cloudy,Dry,Daylight
2024-09-02T12:42:00.000,I 75,I 20 and I 75,,Sideswipe-Same Direction,3,Clear,Dry,Daylight
2024-08-02T18:39:00.000,I 75,I 20 and I 75,,Sideswipe-Same Direction,2,Clear,Dry,Daylight
2024-10-05T11:50:00.000,I 75,I 20 and I 75,,Rear End,2,Clear,Dry,Daylight
2024-07-01T18:16:00.000,I 75,I 20 and I 75,,Sideswipe-Same Direction,2,Clear,Dry,Daylight
2024-04-02T13:30:00.000,I 75,I 20 and I 75,,Rear End,2,Clear,Dry,Daylight
2024-11-13T06:39:00.000,I 75,I 20 and I 75,,Rear End,2,Clear,Dry,Dark-Lighted
2024-03-27T06:45:00.000,I 75,I 20 and I 75,,Rear End,4,Cloudy,Wet,Dawn
2024-04-01T16:00:00.000,I 75,I 20 and I 75,,Sideswipe-Same Direction,2,Clear,Dry,Daylight
2024-01-30T18:03:00.000,I 75,I 20 and I 75,,Rear End,2,Clear,Dry,Daylight
2024-11-04T19:10:00.000,I 75,I 20 and I 75,,Rear End,2,Clear,Dry,Daylight
2024-03-25T00:00:00.000,I 75,I 20 and I 75,,Rear End,2,Other,Dry,Daylight
2024-06-29T13:21:00.000,I 75,I 20 and I 75,,Rear End,2,Clear,Dry,Daylight
2024-08-20T04:22:00.000,I 75,I 20 and I 75,,Sideswipe-Same Direction,2,Clear,Dry,Daylight
2024-09-24T16:17:00.000,I 75,I 20 and I 75,,Rear End,3,Clear,Dry,Daylight
2024-09-23T12:50:00.000,I 75,I 20 and I 75,,Rear End,2,Clear,Dry,Daylight
2024-08-23T06:56:00.000,I 75,I 20 and I 75,,Sideswipe-Same Direction,2,Clear,Dry,Daylight
2024-03-19T16:43:00.000,I 75,I 20 and I 75,,Rear End,2,Clear,Dry,Daylight
2024-07-30T13:40:00.000,I 75,I 20 and I 75,,Rear End,3,Cloudy,Dry,Daylight
2024-12-10T19:50:00.000,I 75,I 20 and I 75,,Sideswipe-Same Direction,2,Rain,Wet,Dark-Lighted
2024-01-12T18:30:00.000,I 75,I 20 and I 75,,Rear End,3,Clear,Wet,Dark-Not Lighted
2024-07-11T14:30:00.000,I 75,I 20 and I 75,,Rear End,2,Clear,Wet,Daylight
2024-03-29T20:08:00.000,I 75,I 20 and I 75,,Angle Crash,2,Clear,Dry,Daylight
2024-03-11T14:25:00.000,I 75,I 20 and I 75,,Rear End,2,Clear,Dry,Daylight
2024-12-19T18:46:00.000,I 75,I 20 and I 75,,Sideswipe-Same Direction,2,Clear,Dry,Daylight
2024-01-11T16:00:00.000,I 75,I 20 and I 75,,Rear End,2,Clear,Dry,Daylight
2024-11-21T19:15:00.000,I 75,I 20 and I 75,,Sideswipe-Same Direction,2,Clear,Dry,Dark-Lighted
2024-01-22T07:01:00.000,I 75,I 20 and I 75,,Rear End,3,Clear,Dry,Daylight
2024-11-08T13:20:00.000,I 75,I 20 and I 75,,Rear End,2,Clear,Dry,Daylight
2024-07-01T14:20:00.000,I 75,I 20 and I 75,,Sideswipe-Same Direction,2,Clear,Dry,Daylight
2024-06-17T16:03:00.000,I 75,I 20 and I 75,,Rear End,2,Clear,Dry,Daylight
2024-05-20T15:10:00.000,I 75,I 20 and I 75,,Sideswipe-Same Direction,2,Clear,Dry,Daylight
2024-03-26T06:08:00.000,I 75,I 20 and I 75,,Sideswipe-Same Direction,2,Rain,Wet,Dark-Lighted
2024-03-29T20:08:00.000,I 75,I 20 and I 75,,Not a Collision with Motor Vehicle,1,Clear,Dry,Daylight