Date and Time,Roadway (From Crash Report),Intersection Name (from Crash Report),KABCO Severity,Manner of Collision (Crash Level) ,# of Vehicles per crash ,Weather Conditions (Crash Level),Surface Condition (Crash Level) ,Light Conditions (Crash Level)
2024-01-23T19:10:00.000,I 75,I 20 and I 75,,Rear End,2,Cloudy,Dry,Dusk
2024-08-16T18:46:00.000,I 75,I 20 and I 75,,Rear End,2,Clear,Dry,Daylight
2024-09-10T16:35:00.000,I 75,I 20 and I 75,,Rear End,2,Clear,Dry,Daylight
2024-12-23T16:10:00.000,I 75,I 20 and I 75,,Sideswipe-Same Direction,2,Clear,Dry,Daylight
2024-03-01T16:40:00.000,I 75,I 20 and I 75,,Rear End,2,Rain,Wet,Daylight
2024-11-18T10:00:00.000,I 75,I 20 and I 75,,Sideswipe-Same Direction,2,Clear,Dry,Daylight
2024-11-21T19:35:00.000,I 75,I 20 and I 75,,Sideswipe-Same Direction,2,Clear,Dry,Dark-Lighted
2024-08-20T09:25:00.000,I 75,I 20 and I 75,,Rear End,2,Clear,Dry,Daylight
2024-08-26T16:40:00.000,I 75,I 20 and I 75,,Rear End,2,Clear,Dry,Daylight
2024-09-10T07:08:00.000,I 75,I 20 and I 75,,Rear End,3,Clear,Dry,Daylight
2024-09-24T16:11:00.000,I 75,I 20 and I 75,,Rear End,2,Clear,Dry,Daylight
2024-09-02T14:50:00.000,I 75,I 20 and I 75,,Rear End,2,Clear,Dry,Daylight
2024-08-29T15:12:00.000,I 75,I 20 and I 75,,Rear End,2,Clear,Dry,Daylight
2024-02-06T16:50:00.000,I 75,I 20 and I 75,,Rear End,2,Clear,Dry,Daylight
2024-09-13T13:40:00.000,I 75,I 20 and I 75,,Rear End,2,Clear,Dry,Daylight
2024-12-05T14:00:00.000,I 75,I 20 and I 75,,Rear End,2,Clear,Dry,Daylight
2024-06-17T16:38:00.000,I 75,I 20 and I 75,,Not a Collision with Motor Vehicle,1,Clear,Dry,Daylight
2024-02-02T07:49:00.000,I 75,I 20 and I 75,,Rear End,2,Clear,Dry,Daylight
2024-12-31T16:30:00.000,I 75,I 20 and I 75,,Sideswipe-Same Direction,2,Clear,Dry,Daylight
2024-10-25T06:50:00.000,I 75,I 20 and I 75,,Sideswipe-Same Direction,2,Clear,Dry,Dark-Lighted
2024-05-31T10:47:00.000,I 75,I 20 and I 75,,Rear End,3,Clear,Dry,Daylight
2024-09-16T18:51:00.000,I 75,I 20 and I 75,,Rear End,3,Clear,Dry,Daylight
2024-05-06T17:44:00.000,I 75,I 20 and I 75,,Sideswipe-Same Direction,2,Clear,Dry,Daylight
2024-06-25T16:45:00.000,I 75,I 20 and I 75,,Rear End,2,Clear,Dry,Daylight
2024-06-21T11:30:00.000,I 75,I 20 and I 75,,Sideswipe-Same Direction,2,Clear,Dry,Daylight
2024-10-11T17:25:00.000,I 75,I 20 and I 75,,Rear End,2,Clear,Dry,Daylight
2024-12-09T19:30:00.000,I 75,I 20 and I 75,,Sideswipe-Same Direction,2,Rain,Wet,Dark-Not Lighted
2024-03-29T20:08:00.000,I 75,I 20 and I 75,,Head On,2,Clear,Dry,Daylight
2024-08-15T11:20:00.000,I 75,I 20 and I 75,,Rear End,2,Clear,Dry,Daylight
2024-12-12T16:44:00.000,I 75,I 20 and I 75,,Sideswipe-Same Direction,2,Clear,Dry,Daylight
2024-05-21T12:15:00.000,I 75,I 20 and I 75,,Rear End,2,Clear,Dry,Daylight
2024-09-24T15:51:00.000,I 75,I 20 and I 75,,Rear End,2,Clear,Dry,Daylight
2024-03-07T14:49:00.000,I 75,I 20 and I 75,,Rear End,2,Cloudy,Dry,Daylight
2024-06-06T15:00:00.000,I 75,I 20 and I 75,,Sideswipe-Same Direction,2,Clear,Dry,Daylight
2021-02-19T08:55:00.000,I 20,I 20 and I 520,,Not a Collision with Motor Vehicle,1,Cloudy,Wet,Daylight
2021-03-07T06:52:00.000,I 20,I 20 and I 520,,Sideswipe-Same Direction,2,Clear,Dry,Daylight
2021-04-01T17:03:00.000,I 20,I 20 and I 520,,Sideswipe-Same Direction,2,Clear,Dry,Daylight
2020-12-26T07:49:00.000,I 20,I 20 and I 520,,Rear End,2,Clear,Dry,Daylight
2023-02-02T19:54:00.000,I 20,I 20 and I 520,,Not a Collision with Motor Vehicle,1,Rain,Wet,Dark-Not Lighted
2023-02-06T13:09:00.000,I 20,I 20 and I 520,,Not a Collision with Motor Vehicle,1,Clear,Dry,Daylight
2023-02-09T08:07:00.000,I 20,I 20 and I 520,,Not a Collision with Motor Vehicle,1,Cloudy,Dry,Daylight
2020-03-25T06:34:00.000,I 20,I 20 and I 520,,Sideswipe-Same Direction,2,Cloudy,Wet,Dark-Not Lighted
2020-04-20T09:10:00.000,I 20,I 20 and I 520,,Not a Collision with Motor Vehicle,1,Clear,Wet,Daylight
2020-01-16T05:37:00.000,I 20,I 20 and I 520,,Not a Collision with Motor Vehicle,1,Rain,Water (standing or moving),Dark-Lighted
2020-03-05T15:32:00.000,I 20,I 20 and I 520,,Not a Collision with Motor Vehicle,1,Rain,Wet,Daylight
2020-03-02T18:05:00.000,I 20,I 20 and I 520,,Angle Crash,2,Rain,Wet,Dusk
2020-07-07T08:23:00.000,I 20,I 20 and I 520,,Not a Collision with Motor Vehicle,1,Rain,Water (standing or moving),Daylight
2020-09-17T16:42:00.000,I 20,I 20 and I 520,,Sideswipe-Same Direction,2,Cloudy,Dry,Daylight
2020-06-20T01:40:00.000,I 20,I 20 and I 520,,Not a Collision with Motor Vehicle,1,Clear,Dry,Dark-Lighted
2021-02-07T07:22:00.000,I 20,I 20 and I 520,,Not a Collision with Motor Vehicle,1,Clear,Wet,Daylight
2022-10-27T18:09:00.000,I 20,I 20 and I 520,,Sideswipe-Same Direction,2,Clear,Dry,Daylight
2022-11-25T06:09:00.000,I 20,I 20 and I 520,,Not a Collision with Motor Vehicle,1,Rain,Wet,Dark-Lighted
2022-05-26T15:33:00.000,I 20,I 20 and I 520,,Angle Crash,3,Cloudy,Dry,Daylight
2022-10-06T05:18:00.000,I 20,I 20 and I 520,,Not a Collision with Motor Vehicle,1,Clear,Dry,Dark-Not Lighted
2022-11-01T08:13:00.000,I 20,I 20 and I 520,,Not a Collision with Motor Vehicle,1,Clear,Dry,Daylight
2022-09-04T18:22:00.000,I 20,I 20 and I 520,,Not a Collision with Motor Vehicle,1,Rain,Wet,Daylight
2024-07-29T08:31:00.000,I 20,I 20 and I 520,,Angle Crash,2,Rain,Wet,Daylight
2024-08-24T13:06:00.000,I 20,I 20 and I 520,,Rear End,2,Clear,Dry,Daylight
2023-03-10T22:01:00.000,I 20,I 20 and I 520,,Not a Collision with Motor Vehicle,1,Clear,Dry,Dark-Not Lighted
2024-11-23T15:14:00.000,I 20,I 20 and I 520,,Angle Crash,2,Clear,Dry,Daylight
2024-07-11T10:04:00.000,I 20,I 20 and I 520,,Not a Collision with Motor Vehicle,1,Clear,Dry,Daylight
2021-01-02T09:40:00.000,I 20,I 20 and I 285,,Sideswipe-Same Direction,2,Clear,Wet,Daylight
2021-02-05T15:17:00.000,I 20,I 20 and I 285,,Rear End,3,Clear,Dry,Daylight
2021-01-30T18:00:00.000,I 20,I 20 and I 285,,Sideswipe-Same Direction,2,Cloudy,Wet,Dark-Lighted
2021-06-18T00:00:00.000,I 20,I 20 and I 285,,Not a Collision with Motor Vehicle,1,Clear,Dry,Daylight
2021-01-04T17:18:00.000,I 285,I 20 and I 285,,Not a Collision with Motor Vehicle,1,Cloudy,Dry,Daylight
2021-04-02T17:30:00.000,I 285,I 20 and I 285,,Rear End,2,Clear,Dry,Daylight
2021-06-04T00:15:00.000,I 285,I 20 and I 285,,Not a Collision with Motor Vehicle,1,Clear,Dry,Dark-Not Lighted
2021-02-10T16:41:00.000,I 20,I 20 and I 285,,Rear End,2,Clear,Dry,Daylight
2021-05-19T01:38:00.000,I 20,I 20 and I 285,,Rear End,3,Clear,Dry,Dark-Lighted
2021-02-04T14:50:00.000,I 285,I 20 and I 285,,Not a Collision with Motor Vehicle,2,Clear,Dry,Daylight
2021-06-18T18:44:00.000,I 285,I 20 and I 285,,Rear End,2,Clear,Dry,Daylight
2021-05-21T18:20:00.000,I 20,I 20 and I 285,,Rear End,3,Clear,Dry,Daylight
2021-01-04T06:35:00.000,I 285,I 20 and I 285,,Rear End,2,Clear,Dry,Dark-Not Lighted
2021-03-07T15:58:00.000,I 285,I 20 and I 285,,Rear End,5,Clear,Dry,Daylight
2021-01-15T14:45:00.000,I 285,I 20 and I 285,,Rear End,2,Clear,Dry,Daylight
2021-01-02T18:39:00.000,I 285,I 20 and I 285,,Rear End,5,Clear,Dry,Dark-Lighted
2021-05-10T17:50:00.000,I 20,I 20 and I 285,,Sideswipe-Same Direction,2,Clear,Dry,Daylight
2021-02-27T14:27:00.000,I 20,I 20 and I 285,,Sideswipe-Opposite Direction,2,Clear,Dry,Daylight
2021-02-13T20:50:00.000,I 285,I 20 and I 285,,Not a Collision with Motor Vehicle,1,Cloudy,Dry,Dark-Lighted
2021-06-25T11:23:00.000,I 20,I 20 and I 285,,Not a Collision with Motor Vehicle,1,Clear,Dry,Daylight
2021-06-09T10:16:00.000,I 20,I 20 and I 285,,Rear End,2,Cloudy,Dry,Daylight
2021-03-07T18:39:00.000,I 20,I 20 and I 285,,Rear End,2,Clear,Dry,Daylight
2021-01-15T19:38:00.000,I 20,I 20 and I 285,,Rear End,2,Clear,Dry,Dark-Lighted
2021-01-20T06:31:00.000,I 20,I 20 and I 285,,Sideswipe-Same Direction,2,Clear,Dry,Daylight
2021-05-01T03:47:00.000,I 20,I 20 and I 285,,Sideswipe-Same Direction,2,Clear,Dry,Dark-Not Lighted
2021-04-11T00:01:00.000,I 20,I 20 and I 285,,Angle Crash,2,Clear,Dry,Dark-Lighted
2021-01-07T15:52:00.000,I 285,I 20 and I 285,,Not a Collision with Motor Vehicle,1,Rain,Wet,Daylight
2021-04-23T10:36:00.000,I 285,I 20 and I 285,,Not a Collision with Motor Vehicle,2,Cloudy,Dry,Daylight
2021-04-02T17:40:00.000,I 20,I 20 and I 285,,Rear End,2,Clear,Dry,Daylight
2021-04-02T19:04:00.000,I 285,I 20 and I 285,,Sideswipe-Same Direction,2,Clear,Dry,Daylight
2021-02-23T16:24:00.000,I 285,I 20 and I 285,,Sideswipe-Same Direction,2,Clear,Dry,Daylight
2021-06-01T08:45:00.000,I 20,I 20 and I 285,,Rear End,2,Clear,Dry,Daylight
2021-03-18T03:26:00.000,I 20,I 20 and I 285,,Rear End,2,Rain,Wet,Dark-Lighted
2021-05-07T12:35:00.000,I 285,I 20 and I 285,,Rear End,2,Clear,Dry,Daylight
2021-01-15T14:53:00.000,I 20,I 20 and I 285,,Angle Crash,4,Clear,Dry,Daylight
2021-04-14T17:56:00.000,I 20,I 20 and I 285,,Sideswipe-Same Direction,2,Clear,Dry,Daylight
2021-04-20T12:38:00.000,I 20,I 20 and I 285,,Sideswipe-Same Direction,3,Clear,Dry,Daylight
2021-06-20T10:57:00.000,I 285,I 20 and I 285,,Angle Crash,2,Rain,Wet,Daylight
2021-01-06T11:31:00.000,I 20,I 20 and I 285,,Sideswipe-Same Direction,2,Clear,Dry,Daylight
2021-03-10T16:00:00.000,I 285,I 20 and I 285,,Sideswipe-Same Direction,2,Clear,Dry,Daylight
2021-01-01T10:07:00.000,I 20,I 20 and I 285,,Not a Collision with Motor Vehicle,1,Rain,Wet,Daylight
2021-01-21T22:20:00.000,I 20,I 20 and I 285,,Sideswipe-Same Direction,2,Clear,Dry,Dark-Lighted
2021-03-13T12:58:00.000,I 20,I 20 and I 285,,Angle Crash,3,Clear,Dry,Daylight
2021-01-22T08:00:00.000,I 20,I 20 and I 285,,Sideswipe-Same Direction,2,Cloudy,Dry,Daylight
2021-05-10T04:45:00.000,I 285,I 20 and I 285,,Sideswipe-Same Direction,2,Clear,Dry,Dark-Lighted
2021-02-08T11:18:00.000,I 20,I 20 and I 285,,Not a Collision with Motor Vehicle,1,Clear,Dry,Daylight
2021-04-12T05:40:00.000,I 285,I 20 and I 285,,Angle Crash,2,Clear,Dry,Dark-Not Lighted
2021-06-07T10:05:00.000,I 285,I 20 and I 285,,Rear End,2,Cloudy,Wet,Daylight
2021-06-20T14:15:00.000,I 285,I 20 and I 285,,Not a Collision with Motor Vehicle,1,Clear,Wet,Daylight
2021-06-20T08:24:00.000,I 20,I 20 and I 285,,Not a Collision with Motor Vehicle,1,Rain,Wet,Daylight
2021-04-27T07:08:00.000,I 285,I 20 and I 285,,Not a Collision with Motor Vehicle,1,Clear,Dry,Daylight
2021-03-16T16:00:00.000,I 20,I 20 and I 285,,Rear End,3,Rain,Wet,Daylight
2021-06-18T12:49:00.000,I 20,I 20 and I 285,,Rear End,2,Clear,Dry,Daylight
2021-09-16T16:20:00.000,I 20,I 20 and I 285,,Rear End,2,Rain,Wet,Dark-Lighted
2021-09-08T08:08:00.000,I 285,I 20 and I 285,,Rear End,4,Clear,Dry,Daylight
2021-09-21T16:20:00.000,I 285,I 20 and I 285,,Sideswipe-Same Direction,2,Cloudy,Dry,Daylight
2021-08-17T10:41:00.000,I 20,I 20 and I 285,,Rear End,3,Rain,Wet,Daylight
2021-07-12T17:01:00.000,I 20,I 20 and I 285,,Sideswipe-Same Direction,3,Cloudy,Wet,Daylight
2021-12-12T13:00:00.000,I 285,I 20 and I 285,,Rear End,2,Clear,Dry,Daylight
2021-10-21T16:30:00.000,I 285,I 20 and I 285,,Sideswipe-Opposite Direction,2,Clear,Dry,Daylight
2021-11-11T11:20:00.000,I 20,I 20 and I 285,,Rear End,2,Clear,Dry,Daylight
2021-08-25T13:32:00.000,I 20,I 20 and I 285,,Sideswipe-Same Direction,4,Clear,Dry,Daylight
2021-10-12T12:37:00.000,I 20,I 20 and I 285,,Rear End,2,Clear,Dry,Daylight
2021-10-08T10:20:00.000,I 285,I 20 and I 285,,Rear End,2,Clear,Dry,Daylight
2021-09-23T16:50:00.000,I 285,I 20 and I 285,,Rear End,2,Clear,Dry,Daylight
2021-09-05T14:02:00.000,I 285,I 20 and I 285,,Rear End,2,Clear,Dry,Daylight
2021-07-23T18:53:00.000,I 285,I 20 and I 285,,Sideswipe-Same Direction,2,Cloudy,Wet,Daylight
2021-12-29T10:25:00.000,I 20,I 20 and I 285,,Rear End,2,Rain,Wet,Daylight
2021-08-03T13:30:00.000,I 285,I 20 and I 285,,Sideswipe-Same Direction,2,Clear,Dry,Daylight
2021-12-30T12:39:00.000,I 285,I 20 and I 285,,Sideswipe-Same Direction,2,Rain,Wet,Daylight
2021-09-03T17:00:00.000,I 20,I 20 and I 285,,Rear End,2,Clear,Dry,Daylight
2021-09-30T14:20:00.000,I 285,I 20 and I 285,,Not a Collision with Motor Vehicle,2,Clear,Dry,Daylight
2021-09-26T17:42:00.000,I 285,I 20 and I 285,,Sideswipe-Same Direction,2,Clear,Dry,Daylight
2021-07-29T11:35:00.000,I 20,I 20 and I 285,,Sideswipe-Same Direction,2,Clear,Dry,Daylight
2021-12-29T13:00:00.000,I 285,I 20 and I 285,,Rear End,2,Cloudy,Wet,Daylight
2021-07-29T16:50:00.000,I 20,I 20 and I 285,,Angle Crash,2,Clear,Dry,Daylight
2021-12-16T18:25:00.000,I 20,I 20 and I 285,,Rear End,2,Cloudy,Dry,Dark-Not Lighted
2021-10-16T01:52:00.000,I 285,I 20 and I 285,,Sideswipe-Same Direction,2,Clear,Dry,Dark-Not Lighted
2021-09-10T20:00:00.000,I 285,I 20 and I 285,,Rear End,2,Clear,Dry,Dark-Lighted
2021-12-02T13:30:00.000,I 20,I 20 and I 285,,Rear End,2,Clear,Dry,Daylight
2021-12-22T11:22:00.000,I 20,I 20 and I 285,,Rear End,3,Clear,Dry,Daylight
2021-08-18T12:20:00.000,I 20,I 20 and I 285,,Rear End,2,Clear,Dry,Daylight
2021-12-10T08:35:00.000,I 285,I 20 and I 285,,Rear End,2,Rain,Wet,Daylight
2021-08-10T09:30:00.000,I 285,I 20 and I 285,,Rear End,3,Clear,Dry,Daylight
2021-07-16T18:14:00.000,I 285,I 20 and I 285,,Rear End,2,Cloudy,Dry,Daylight
2021-11-18T18:32:00.000,I 285,I 20 and I 285,,Sideswipe-Same Direction,2,Clear,Dry,Dark-Not Lighted
2021-09-14T11:35:00.000,I 285,I 20 and I 285,,Angle Crash,3,Clear,Dry,Daylight
2021-11-06T22:55:00.000,I 20,I 20 and I 285,,Sideswipe-Same Direction,2,Clear,Dry,Dark-Lighted
2021-10-18T15:22:00.000,I 20,I 20 and I 285,,Sideswipe-Same Direction,2,Clear,Dry,Daylight
2021-10-16T00:51:00.000,I 285,I 20 and I 285,,Angle Crash,2,Clear,Dry,Dark-Not Lighted
2021-10-08T12:19:00.000,I 285,I 20 and I 285,,Angle Crash,3,Clear,Dry,Daylight
2021-11-23T11:15:00.000,I 285,I 20 and I 285,,Sideswipe-Same Direction,3,Clear,Dry,Daylight
2021-07-08T06:58:00.000,I 20,I 20 and I 285,,Rear End,2,Clear,Dry,Daylight
2021-08-12T13:25:00.000,I 20,I 20 and I 285,,Sideswipe-Same Direction,2,Clear,Dry,Daylight
2021-07-22T13:00:00.000,I 285,I 20 and I 285,,Sideswipe-Same Direction,2,Clear,Dry,Daylight
2021-10-18T07:50:00.000,I 285,I 20 and I 285,,Rear End,2,Clear,Dry,Daylight
2021-11-19T17:36:00.000,I 285,I 20 and I 285,,Sideswipe-Same Direction,2,Clear,Dry,Dusk
2021-07-28T21:30:00.000,I 20,I 20 and I 285,,Rear End,2,Clear,Dry,Dark-Lighted
2021-07-17T14:26:00.000,I 20,I 20 and I 285,,Angle Crash,2,Clear,Dry,Daylight
2021-07-14T11:03:00.000,I 20,I 20 and I 285,,Not a Collision with Motor Vehicle,1,Cloudy,Dry,Daylight
2021-08-11T11:18:00.000,I 20,I 20 and I 285,,Rear End,2,Clear,Dry,Daylight
2021-12-30T15:15:00.000,I 20,I 20 and I 285,,Rear End,3,Rain,Wet,Daylight
2021-10-03T12:00:00.000,I 20,I 20 and I 285,,Sideswipe-Same Direction,2,Cloudy,Dry,Daylight
2021-09-07T14:21:00.000,I 20,I 20 and I 285,,Sideswipe-Same Direction,2,Clear,Dry,Daylight
2021-11-22T23:00:00.000,I 285,I 20 and I 285,,Rear End,4,Clear,Dry,Dark-Not Lighted
2021-06-13T16:35:00.000,I 285,I 20 and I 285,,Rear End,3,Clear,Dry,Daylight
2021-02-19T07:43:00.000,I 20,I 20 and I 285,,Sideswipe-Same Direction,2,Clear,Dry,Daylight
2021-03-10T14:15:00.000,I 20,I 20 and I 285,,Sideswipe-Same Direction,2,Clear,Dry,Daylight
2021-01-04T16:28:00.000,I 285,I 20 and I 285,,Sideswipe-Same Direction,2,Cloudy,Dry,Daylight
2021-03-12T16:26:00.000,I 20,I 20 and I 285,,Rear End,2,Clear,Dry,Daylight
2021-06-09T09:10:00.000,I 20,I 20 and I 285,,Rear End,2,Cloudy,Dry,Daylight
2021-03-08T20:10:00.000,I 285,I 20 and I 285,,Sideswipe-Same Direction,3,Clear,Dry,Dark-Lighted
2021-03-29T18:28:00.000,I 20,I 20 and I 285,,Rear End,2,Clear,Dry,Daylight
2021-04-09T14:12:00.000,I 20,I 20 and I 285,,Rear End,2,Clear,Dry,Daylight
2021-01-12T07:45:00.000,I 20,I 20 and I 285,,Rear End,2,Cloudy,Wet,Daylight
2021-06-05T17:45:00.000,I 285,I 20 and I 285,,Rear End,2,Cloudy,Dry,Daylight
2021-06-10T08:50:00.000,I 20,I 20 and I 285,,Rear End,2,Clear,Dry,Dark-Lighted
2021-06-25T07:19:00.000,I 20,I 20 and I 285,,Rear End,3,Clear,Dry,Daylight
2021-04-07T06:33:00.000,I 20,I 20 and I 285,,Rear End,3,Clear,Dry,Dark-Lighted
2021-05-31T15:38:00.000,I 20,I 20 and I 285,,Sideswipe-Same Direction,2,Clear,Dry,Daylight
2021-03-04T16:02:00.000,I 285,I 20 and I 285,,Sideswipe-Same Direction,2,Clear,Dry,Daylight
2021-03-02T11:58:00.000,I 285,I 20 and I 285,,Not a Collision with Motor Vehicle,1,Cloudy,Wet,Daylight
2021-06-28T16:40:00.000,I 20,I 20 and I 285,,Rear End,2,Clear,Dry,Daylight
2021-01-20T19:50:00.000,I 285,I 20 and I 285,,Sideswipe-Same Direction,2,Clear,Dry,Dark-Lighted
2021-06-17T14:05:00.000,I 285,I 20 and I 285,,Rear End,2,Clear,Dry,Daylight
2021-06-12T12:49:00.000,I 20,I 20 and I 285,,Not a Collision with Motor Vehicle,1,Clear,Dry,Daylight
2021-02-18T04:00:00.000,I 285,I 20 and I 285,,Sideswipe-Same Direction,2,Rain,Wet,Dark-Not Lighted
2021-02-16T16:28:00.000,I 285,I 20 and I 285,,Rear End,2,Clear,Dry,Daylight
2021-04-03T04:54:00.000,I 20,I 20 and I 285,,Not a Collision with Motor Vehicle,1,Clear,Dry,Dark-Not Lighted
2021-01-14T11:55:00.000,I 20,I 20 and I 285,,Sideswipe-Same Direction,2,Clear,Dry,Daylight
2021-05-19T18:30:00.000,I 20,I 20 and I 285,,Rear End,2,Clear,Dry,Daylight
2021-01-27T18:10:00.000,I 20,I 20 and I 285,,Sideswipe-Same Direction,2,Rain,Wet,Dark-Lighted
2021-02-22T18:24:00.000,I 285,I 20 and I 285,,Angle Crash,4,Clear,Dry,Dusk
2021-02-12T18:04:00.000,I 285,I 20 and I 285,,Sideswipe-Same Direction,2,Cloudy,Dry,Dark-Lighted
2021-01-11T12:00:00.000,I 285,I 20 and I 285,,Rear End,2,Rain,Wet,Daylight
2021-05-20T14:38:00.000,I 285,I 20 and I 285,,Sideswipe-Same Direction,2,Clear,Dry,Daylight
2021-06-25T17:35:00.000,I 20,I 20 and I 285,,Sideswipe-Same Direction,2,Clear,Dry,Daylight
2021-06-17T18:36:00.000,I 20,I 20 and I 285,,Rear End,2,Clear,Dry,Daylight
2021-06-20T10:30:00.000,I 285,I 20 and I 285,,Sideswipe-Opposite Direction,2,Rain,Wet,Daylight
2021-01-25T07:30:00.000,I 20,I 20 and I 285,,Sideswipe-Same Direction,2,Cloudy,Wet,Dark-Lighted
2021-02-05T02:16:00.000,I 285,I 20 and I 285,,Not a Collision with Motor Vehicle,1,Rain,Wet,Dark-Lighted
2021-06-21T07:20:00.000,I 20,I 20 and I 285,,Rear End,2,Cloudy,Dry,Daylight
2021-04-30T08:24:00.000,I 20,I 20 and I 285,,Rear End,2,Clear,Dry,Daylight
2021-03-23T19:01:00.000,I 285,I 20 and I 285,,Rear End,2,Cloudy,Dry,Daylight
2021-01-08T04:31:00.000,I 20,I 20 and I 285,,Sideswipe-Same Direction,2,Rain,Wet,Dark-Lighted
2021-04-03T15:45:00.000,I 285,I 20 and I 285,,Rear End,2,Clear,Dry,Daylight
2021-03-21T16:30:00.000,I 285,I 20 and I 285,,Sideswipe-Same Direction,2,Clear,Dry,Daylight
2021-05-17T13:15:00.000,I 285,I 20 and I 285,,Rear End,2,Clear,Dry,Daylight
2021-04-23T05:55:00.000,I 20,I 20 and I 285,,Angle Crash,2,Clear,Dry,Dark-Lighted
2021-01-04T15:50:00.000,I 20,I 20 and I 285,,Rear End,2,Clear,Dry,Daylight
2021-05-29T17:50:00.000,I 20,I 20 and I 285,,Rear End,2,Clear,Dry,Daylight
2021-04-05T13:50:00.000,I 285,I 20 and I 285,,Not a Collision with Motor Vehicle,2,Clear,Dry,Daylight
2021-04-16T16:04:00.000,I 285,I 20 and I 285,,Sideswipe-Same Direction,2,Cloudy,Dry,Daylight
2021-06-17T10:25:00.000,I 285,I 20 and I 285,,Rear End,2,Clear,Dry,Daylight
2021-02-27T20:17:00.000,I 285,I 20 and I 285,,Sideswipe-Same Direction,2,Clear,Dry,Dark-Lighted
2021-01-11T13:20:00.000,I 20,I 20 and I 285,,Rear End,2,Rain,Wet,Daylight
2021-05-20T11:45:00.000,I 285,I 20 and I 285,,Not a Collision with Motor Vehicle,2,Cloudy,Dry,Daylight
2021-03-22T15:30:00.000,I 285,I 20 and I 285,,Rear End,2,Clear,Dry,Daylight
2021-05-27T11:20:00.000,I 285,I 20 and I 285,,Rear End,2,Clear,Dry,Daylight
2021-01-22T11:05:00.000,I 285,I 20 and I 285,,Not a Collision with Motor Vehicle,1,Cloudy,Dry,Daylight
2021-06-03T16:30:00.000,I 285,I 20 and I 285,,Sideswipe-Same Direction,2,Cloudy,Dry,Daylight
2021-04-13T11:28:00.000,I 285,I 20 and I 285,,Rear End,2,Cloudy,Dry,Daylight
2021-01-19T14:12:00.000,I 285,I 20 and I 285,,Rear End,3,Clear,Dry,Daylight
2021-06-23T11:00:00.000,I 20,I 20 and I 285,,Not a Collision with Motor Vehicle,1,Clear,Dry,Daylight
2021-03-11T13:57:00.000,I 285,I 20 and I 285,,Sideswipe-Same Direction,2,Clear,Dry,Daylight
2021-04-03T20:00:00.000,I 285,I 20 and I 285,,Sideswipe-Same Direction,2,Clear,Dry,Daylight
2021-01-02T09:34:00.000,I 285,I 20 and I 285,,Not a Collision with Motor Vehicle,1,Clear,Dry,Daylight
2021-05-07T17:00:00.000,I 20,I 20 and I 285,,Rear End,2,Clear,Dry,Daylight
2021-06-03T15:02:00.000,I 285,I 20 and I 285,,Rear End,2,Cloudy,Dry,Daylight
2021-02-13T20:17:00.000,I 285,I 20 and I 285,,Not a Collision with Motor Vehicle,1,Cloudy,Dry,Dark-Lighted
2021-04-02T22:45:00.000,I 20,I 20 and I 285,,Rear End,2,Clear,Dry,Dark-Not Lighted
2021-02-17T13:00:00.000,I 20,I 20 and I 285,,Rear End,2,Clear,Dry,Daylight
2021-02-04T15:50:00.000,I 20,I 20 and I 285,,Rear End,2,Clear,Dry,Daylight
2021-03-18T15:40:00.000,I 285,I 20 and I 285,,Rear End,3,Clear,Dry,Daylight
2021-02-27T19:48:00.000,I 20,I 20 and I 285,,Sideswipe-Same Direction,2,Clear,Dry,Dark-Not Lighted
2021-03-31T06:33:00.000,I 20,I 20 and I 285,,Sideswipe-Same Direction,2,Cloudy,Dry,Dark-Not Lighted
2021-02-04T18:20:00.000,I 20,I 20 and I 285,,Rear End,1,Clear,Dry,Daylight
2021-02-25T17:43:00.000,I 285,I 20 and I 285,,Rear End,3,Clear,Dry,Daylight
2021-06-04T19:10:00.000,I 20,I 20 and I 285,,Rear End,2,Clear,Dry,Daylight
2021-05-02T22:26:00.000,I 20,I 20 and I 285,,Sideswipe-Same Direction,2,Clear,Dry,Dark-Lighted
2021-03-08T12:10:00.000,I 285,I 20 and I 285,,Sideswipe-Same Direction,2,Clear,Dry,Daylight
2021-02-05T18:50:00.000,I 20,I 20 and I 285,,Rear End,2,Clear,Dry,Dark-Lighted
2021-01-20T06:58:00.000,I 285,I 20 and I 285,,Rear End,2,Clear,Dry,Daylight
2021-02-11T06:05:00.000,I 20,I 20 and I 285,,Rear End,2,Clear,Dry,Dark-Lighted
2021-01-08T05:18:00.000,I 285,I 20 and I 285,,Sideswipe-Same Direction,2,Rain,Wet,Dark-Lighted
2021-06-02T15:00:00.000,I 285,I 20 and I 285,,Sideswipe-Same Direction,2,Clear,Dry,Daylight
2021-04-05T15:51:00.000,I 285,I 20 and I 285,,Rear End,2,Clear,Dry,Daylight
2021-05-20T18:37:00.000,I 285,I 20 and I 285,,Rear End,2,Clear,Dry,Daylight
2021-06-27T21:52:00.000,I 20,I 20 and I 285,,Angle Crash,2,Clear,Dry,Dark-Not Lighted