Date and Time,Roadway (From Crash Report),Intersection Name (from Crash Report),KABCO Severity,Manner of Collision (Crash Level) ,# of Vehicles per crash ,Weather Conditions (Crash Level),Surface Condition (Crash Level) ,Light Conditions (Crash Level)
2021-05-12T17:05:00.000,I 285,I 20 and I 285,,Rear End,2,Cloudy,Dry,Daylight
2021-05-21T13:18:00.000,I 285,I 20 and I 285,,Sideswipe-Same Direction,2,Clear,Dry,Daylight
2021-02-01T11:00:00.000,I 20,I 20 and I 285,,Rear End,2,Cloudy,Dry,Daylight
2021-03-03T00:35:00.000,I 285,I 20 and I 285,,Sideswipe-Same Direction,2,Rain,Wet,Dark-Lighted
2021-06-17T18:33:00.000,I 20,I 20 and I 285,,Rear End,2,Clear,Dry,Daylight
2021-05-06T09:56:00.000,I 20,I 20 and I 285,,Sideswipe-Same Direction,2,Clear,Dry,Daylight
2021-01-01T16:45:00.000,I 20,I 20 and I 285,,Not a Collision with Motor Vehicle,1,Cloudy,Wet,Daylight
2021-03-26T08:45:00.000,I 20,I 20 and I 285,,Not a Collision with Motor Vehicle,1,Cloudy,Wet,Daylight
2021-01-29T20:49:00.000,I 20,I 20 and I 285,,Rear End,2,Clear,Dry,Dark-Lighted
2021-04-05T08:35:00.000,I 285,I 20 and I 285,,Sideswipe-Same Direction,2,Clear,Dry,Daylight
2021-05-08T16:38:00.000,I 20,I 20 and I 285,,Rear End,2,Clear,Dry,Daylight
2021-03-26T11:28:00.000,I 20,I 20 and I 285,,Rear End,2,Clear,Dry,Daylight
2021-05-17T16:00:00.000,I 20,I 20 and I 285,,Rear End,2,Clear,Dry,Daylight
2021-03-25T12:33:00.000,I 20,I 20 and I 285,,Rear End,2,Cloudy,Dry,Daylight
2021-06-25T01:50:00.000,I 285,I 20 and I 285,,Angle Crash,2,Clear,Dry,Dark-Lighted
2021-03-10T08:25:00.000,I 20,I 20 and I 285,,Sideswipe-Same Direction,2,Clear,Dry,Daylight
2021-01-08T17:25:00.000,I 285,I 20 and I 285,,Rear End,3,Cloudy,Wet,Dark-Lighted
2021-06-07T13:10:00.000,I 20,I 20 and I 285,,Angle Crash,2,Clear,Dry,Daylight
2021-05-05T01:44:00.000,I 285,I 20 and I 285,,Not a Collision with Motor Vehicle,1,Rain,Wet,Dark-Not Lighted
2021-01-07T17:20:00.000,I 285,I 20 and I 285,,Rear End,2,Rain,Wet,Daylight
2021-01-29T11:00:00.000,I 20,I 20 and I 285,,Angle Crash,2,Clear,Dry,Daylight
2021-02-05T06:09:00.000,I 20,I 20 and I 285,,Rear End,2,Cloudy,Wet,Dark-Not Lighted
2021-03-05T09:20:00.000,I 20,I 20 and I 285,,Rear End,2,Clear,Dry,Daylight
2021-04-19T18:50:00.000,I 285,I 20 and I 285,,Not a Collision with Motor Vehicle,1,Clear,Dry,Daylight
2021-04-07T09:00:00.000,I 285,I 20 and I 285,,Not a Collision with Motor Vehicle,1,Clear,Dry,Daylight
2021-05-28T10:20:00.000,I 20,I 20 and I 285,,Angle Crash,3,Clear,Dry,Daylight
2021-01-08T17:00:00.000,I 285,I 20 and I 285,,Rear End,2,Clear,Dry,Dark-Not Lighted
2021-03-16T09:50:00.000,I 285,I 20 and I 285,,Rear End,2,Rain,Wet,Daylight
2021-08-28T16:00:00.000,I 285,I 20 and I 285,,Rear End,3,Clear,Dry,Daylight
2021-09-27T11:56:00.000,I 285,I 20 and I 285,,Sideswipe-Same Direction,2,Clear,Dry,Daylight
2021-08-20T16:00:00.000,I 20,I 20 and I 285,,Rear End,2,Clear,Dry,Daylight
2021-08-17T07:10:00.000,I 20,I 20 and I 285,,Not a Collision with Motor Vehicle,1,Rain,Wet,Daylight
2021-09-21T18:15:00.000,I 20,I 20 and I 285,,Rear End,2,Cloudy,Wet,Daylight
2021-10-14T15:59:00.000,I 20,I 20 and I 285,,Rear End,3,Clear,Dry,Daylight
2021-11-13T11:00:00.000,I 285,I 20 and I 285,,Sideswipe-Same Direction,2,Clear,Dry,Daylight
2021-12-23T13:20:00.000,I 285,I 20 and I 285,,Sideswipe-Same Direction,2,Clear,Dry,Daylight
2021-07-17T17:44:00.000,I 285,I 20 and I 285,,Rear End,2,Clear,Dry,Daylight
2021-08-09T17:09:00.000,I 285,I 20 and I 285,,Rear End,2,Clear,Dry,Daylight
2021-07-20T08:33:00.000,I 20,I 20 and I 285,,Not a Collision with Motor Vehicle,1,Rain,Water (standing or moving),Daylight
2021-12-03T13:04:00.000,I 20,I 20 and I 285,,Sideswipe-Same Direction,2,Clear,Dry,Daylight
2021-10-06T09:50:00.000,I 285,I 20 and I 285,,Not a Collision with Motor Vehicle,1,Clear,Wet,Daylight
2021-12-21T07:39:00.000,I 20,I 20 and I 285,,Sideswipe-Same Direction,2,Cloudy,Dry,Dawn
2021-12-03T15:47:00.000,I 285,I 20 and I 285,,Rear End,3,Clear,Dry,Daylight
2021-07-09T14:27:00.000,I 20,I 20 and I 285,,Rear End,3,Rain,Wet,Daylight
2021-12-11T20:05:00.000,I 285,I 20 and I 285,,Not a Collision with Motor Vehicle,1,Rain,Wet,Dark-Not Lighted
2021-10-03T06:15:00.000,I 285,I 20 and I 285,,Rear End,2,Clear,Dry,Dark-Lighted
2021-07-02T14:11:00.000,I 20,I 20 and I 285,,Sideswipe-Same Direction,2,Cloudy,Dry,Daylight
2021-09-16T12:12:00.000,I 285,I 20 and I 285,,Rear End,2,Clear,Wet,Daylight
2021-10-11T19:40:00.000,I 20,I 20 and I 285,,Not a Collision with Motor Vehicle,1,Clear,Dry,Daylight
2021-08-03T16:44:00.000,I 285,I 20 and I 285,,Rear End,2,Cloudy,Dry,Daylight
2021-09-08T06:32:00.000,I 20,I 20 and I 285,,Rear End,3,Clear,Dry,Daylight
2021-10-07T12:00:00.000,I 20,I 20 and I 285,,Rear End,3,Clear,Dry,Daylight
2021-08-27T19:45:00.000,I 285,I 20 and I 285,,Sideswipe-Same Direction,2,Cloudy,Wet,Daylight
2021-09-26T16:40:00.000,I 285,I 20 and I 285,,Rear End,2,Clear,Dry,Daylight
2021-12-23T14:55:00.000,I 20,I 20 and I 285,,Rear End,2,Clear,Dry,Daylight
2021-09-20T13:42:00.000,I 285,I 20 and I 285,,Not a Collision with Motor Vehicle,1,Rain,Wet,Daylight
2021-09-17T19:00:00.000,I 285,I 20 and I 285,,Rear End,3,Clear,Dry,Daylight
2021-09-23T13:13:00.000,I 20,I 20 and I 285,,Sideswipe-Same Direction,2,Clear,Dry,Daylight
2021-11-11T16:05:00.000,I 20,I 20 and I 285,,Rear End,2,Clear,Dry,Daylight
2021-08-27T08:45:00.000,I 20,I 20 and I 285,,Not a Collision with Motor Vehicle,2,Clear,Dry,Daylight
2021-09-04T11:18:00.000,I 285,I 20 and I 285,,Sideswipe-Same Direction,2,Clear,Dry,Daylight
2021-08-13T00:57:00.000,I 20,I 20 and I 285,,Angle Crash,2,Cloudy,Wet,Dark-Lighted
2021-11-13T21:45:00.000,I 285,I 20 and I 285,,Not a Collision with Motor Vehicle,1,Clear,Dry,Dark-Not Lighted
2021-10-22T16:00:00.000,I 20,I 20 and I 285,,Sideswipe-Same Direction,2,Clear,Dry,Daylight
2021-09-10T16:35:00.000,I 285,I 20 and I 285,,Rear End,2,Clear,Dry,Daylight
2021-08-31T13:20:00.000,I 285,I 20 and I 285,,Rear End,2,Rain,Wet,Daylight
2021-10-18T16:18:00.000,I 285,I 20 and I 285,,Rear End,2,Clear,Dry,Daylight
2021-07-30T09:19:00.000,I 285,I 20 and I 285,,Rear End,2,Clear,Dry,Daylight
2021-11-14T02:45:00.000,I 20,I 20 and I 285,,Not a Collision with Motor Vehicle,1,Clear,Dry,Dark-Lighted
2021-11-15T18:45:00.000,I 285,I 20 and I 285,,Sideswipe-Same Direction,2,Clear,Dry,Dark-Lighted
2021-09-24T07:50:00.000,I 285,I 20 and I 285,,Sideswipe-Same Direction,2,Clear,Dry,Daylight
2021-09-29T10:18:00.000,I 285,I 20 and I 285,,Angle Crash,2,Clear,Dry,Daylight
2021-09-28T11:41:00.000,I 20,I 20 and I 285,,Angle Crash,2,Clear,Dry,Daylight
2021-08-03T18:01:00.000,I 20,I 20 and I 285,,Rear End,2,Clear,Dry,Daylight
2021-10-30T22:14:00.000,I 285,I 20 and I 285,,Rear End,2,Clear,Dry,Dark-Not Lighted
2021-09-01T21:25:00.000,I 285,I 20 and I 285,,Not a Collision with Motor Vehicle,1,Clear,Dry,Dark-Not Lighted
2021-09-14T17:38:00.000,I 285,I 20 and I 285,,Rear End,3,Clear,Dry,Daylight
2021-08-10T14:30:00.000,I 285,I 20 and I 285,,Rear End,2,Clear,Dry,Daylight
2021-10-13T18:17:00.000,I 20,I 20 and I 285,,Sideswipe-Same Direction,2,Clear,Dry,Daylight
2021-08-30T09:08:00.000,I 285,I 20 and I 285,,Angle Crash,2,Cloudy,Dry,Daylight
2021-11-06T00:00:00.000,I 285,I 20 and I 285,,Rear End,2,Clear,Dry,Daylight
2021-10-03T00:03:00.000,I 20,I 20 and I 285,,Not a Collision with Motor Vehicle,1,Clear,Dry,Dark-Not Lighted
2021-01-19T15:15:00.000,I 285,I 20 and I 285,,Rear End,2,Cloudy,Dry,Daylight
2021-02-03T05:37:00.000,I 285,I 20 and I 285,,Sideswipe-Same Direction,2,Clear,Dry,Dark-Lighted
2021-12-03T07:29:00.000,I 285,I 20 and I 285,,Rear End,2,Clear,Dry,Daylight
2021-07-30T15:42:00.000,I 285,I 20 and I 285,,Sideswipe-Same Direction,3,Clear,Dry,Daylight
2021-09-30T11:10:00.000,I 20,I 20 and I 285,,Rear End,2,Cloudy,Dry,Daylight
2021-08-27T19:04:00.000,I 20,I 20 and I 285,,Rear End,2,Rain,Wet,Daylight
2021-08-30T19:50:00.000,I 285,I 20 and I 285,,Rear End,2,Clear,Dry,Daylight
2021-11-26T02:00:00.000,I 20,I 20 and I 285,,Not a Collision with Motor Vehicle,1,Cloudy,Wet,Dark-Lighted
2021-08-09T13:56:00.000,I 20,I 20 and I 285,,Sideswipe-Same Direction,2,Cloudy,Dry,Daylight
2021-11-01T03:43:00.000,I 20,I 20 and I 285,,Not a Collision with Motor Vehicle,1,Clear,Dry,Dark-Not Lighted
2021-07-08T06:42:00.000,I 20,I 20 and I 285,,Rear End,2,Cloudy,Wet,Daylight
2021-12-08T18:40:00.000,I 285,I 20 and I 285,,Rear End,2,Clear,Dry,Dark-Not Lighted
2021-11-20T12:00:00.000,I 285,I 20 and I 285,,Rear End,2,Clear,Dry,Daylight
2021-11-03T00:25:00.000,I 20,I 20 and I 285,,Not a Collision with Motor Vehicle,1,Clear,Dry,Dark-Not Lighted
2021-09-12T21:28:00.000,I 285,I 20 and I 285,,Angle Crash,3,Clear,Dry,Dark-Not Lighted
2021-12-28T12:26:00.000,I 285,I 20 and I 285,,Rear End,2,Cloudy,Dry,Daylight
2021-11-06T21:44:00.000,I 20,I 20 and I 285,,Angle Crash,2,Clear,Dry,Dark-Lighted
2021-09-29T08:50:00.000,I 285,I 20 and I 285,,Angle Crash,2,Clear,Dry,Daylight
2021-08-22T22:00:00.000,I 20,I 20 and I 285,,Not a Collision with Motor Vehicle,1,Clear,Dry,Dark-Not Lighted
2021-09-03T15:30:00.000,I 285,I 20 and I 285,,Rear End,3,Cloudy,Dry,Daylight
2021-12-22T00:31:00.000,I 20,I 20 and I 285,,Rear End,2,Cloudy,Dry,Dark-Not Lighted
2021-11-18T19:20:00.000,I 20,I 20 and I 285,,Rear End,2,Clear,Dry,Daylight
2021-08-02T17:23:00.000,I 20,I 20 and I 285,,Rear End,3,Clear,Dry,Daylight
2021-12-30T17:28:00.000,I 20,I 20 and I 285,,Rear End,3,Cloudy,Wet,Dark-Not Lighted
2021-08-25T10:10:00.000,I 20,I 20 and I 285,,Rear End,2,Clear,Dry,Daylight
2021-07-15T17:05:00.000,I 20,I 20 and I 285,,Rear End,2,Clear,Dry,Daylight
2021-10-20T10:20:00.000,I 285,I 20 and I 285,,Sideswipe-Same Direction,2,Clear,Dry,Daylight
2021-07-22T19:00:00.000,I 285,I 20 and I 285,,Sideswipe-Same Direction,2,Clear,Dry,Daylight
2021-07-05T03:20:00.000,I 20,I 20 and I 285,,Sideswipe-Same Direction,2,Clear,Dry,Dark-Not Lighted
2021-12-02T08:52:00.000,I 285,I 20 and I 285,,Sideswipe-Same Direction,2,Clear,Dry,Daylight
2021-10-07T19:25:00.000,I 20,I 20 and I 285,,Rear End,2,Cloudy,Dry,Dark-Not Lighted
2021-09-16T15:35:00.000,I 285,I 20 and I 285,,Rear End,2,Rain,Wet,Daylight
2021-12-19T21:49:00.000,I 20,I 20 and I 285,,Sideswipe-Same Direction,3,Clear,Dry,Dark-Lighted
2021-11-05T07:37:00.000,I 20,I 20 and I 285,,Sideswipe-Same Direction,2,Clear,Dry,Daylight
2021-12-30T19:49:00.000,I 20,I 20 and I 285,,Rear End,2,Clear,Wet,Daylight
2021-07-19T20:18:00.000,I 285,I 20 and I 285,,Not a Collision with Motor Vehicle,1,Rain,Wet,Dark-Lighted
2021-12-14T09:20:00.000,I 20,I 20 and I 285,,Angle Crash,3,Clear,Dry,Daylight
2021-09-20T14:00:00.000,I 20,I 20 and I 285,,Rear End,2,Clear,Wet,Daylight
2021-12-01T17:40:00.000,I 285,I 20 and I 285,,Rear End,3,Clear,Dry,Dawn
2021-09-30T00:00:00.000,I 285,I 20 and I 285,,Sideswipe-Same Direction,2,Clear,Dry,Daylight
2021-09-16T17:33:00.000,I 285,I 20 and I 285,,Rear End,2,Rain,Wet,Daylight
2021-07-09T15:23:00.000,I 20,I 20 and I 285,,Rear End,5,Rain,Wet,Daylight
2021-10-16T16:45:00.000,I 285,I 20 and I 285,,Sideswipe-Same Direction,2,Clear,Dry,Daylight
2021-08-29T18:40:00.000,I 285,I 20 and I 285,,Sideswipe-Opposite Direction,2,Clear,Dry,Daylight
2021-08-01T15:30:00.000,I 285,I 20 and I 285,,Rear End,3,Clear,Dry,Daylight
2021-09-11T03:00:00.000,I 285,I 20 and I 285,,Not a Collision with Motor Vehicle,1,Clear,Dry,Dark-Not Lighted
2021-08-23T10:11:00.000,I 20,I 20 and I 285,,Rear End,2,Clear,Dry,Daylight
2021-10-16T01:30:00.000,I 285,I 20 and I 285,,Sideswipe-Same Direction,2,Clear,Dry,Dark-Lighted
2021-11-18T16:05:00.000,I 285,I 20 and I 285,,Sideswipe-Same Direction,2,Clear,Dry,Daylight
2021-07-02T17:48:00.000,I 285,I 20 and I 285,,Rear End,2,Clear,Dry,Daylight
2021-12-30T17:36:00.000,I 285,I 20 and I 285,,Rear End,2,Cloudy,Wet,Dark-Not Lighted
2021-07-24T12:53:00.000,I 285,I 20 and I 285,,Rear End,3,Clear,Dry,Daylight
2021-07-11T14:50:00.000,I 285,I 20 and I 285,,Rear End,2,Clear,Dry,Daylight
2021-09-10T20:20:00.000,I 20,I 20 and I 285,,Rear End,2,Clear,Dry,Daylight
2021-07-14T15:30:00.000,I 20,I 20 and I 285,,Not a Collision with Motor Vehicle,1,Cloudy,Wet,Daylight
2021-11-12T02:55:00.000,I 285,I 20 and I 285,,Not a Collision with Motor Vehicle,1,Cloudy,Wet,Dark-Not Lighted
2021-07-17T09:46:00.000,I 20,I 20 and I 285,,Angle Crash,2,Clear,Dry,Daylight
2021-07-09T18:52:00.000,I 20,I 20 and I 285,,Angle Crash,2,Rain,Wet,Daylight
2021-07-09T15:57:00.000,I 20,I 20 and I 285,,Rear End,2,Rain,Wet,Daylight
2021-08-19T21:35:00.000,I 20,I 20 and I 285,,Not a Collision with Motor Vehicle,1,Cloudy,Wet,Dark-Not Lighted
2021-11-04T14:55:00.000,I 20,I 20 and I 285,,Angle Crash,2,Cloudy,Wet,Daylight
2021-10-14T11:20:00.000,I 285,I 20 and I 285,,Rear End,4,Clear,Dry,Daylight
2021-03-22T09:25:00.000,I 20,I 20 and I 285,,Rear End,2,Clear,Dry,Daylight
2021-03-22T15:00:00.000,I 285,I 20 and I 285,,Sideswipe-Same Direction,2,Clear,Dry,Daylight
2021-01-08T01:00:00.000,I 20,I 20 and I 285,,Rear End,2,Clear,Dry,Dark-Not Lighted
2021-06-23T16:20:00.000,I 285,I 20 and I 285,,Rear End,2,Clear,Dry,Daylight
2021-01-28T09:12:00.000,I 20,I 20 and I 285,,Rear End,2,Clear,Dry,Daylight
2021-04-19T20:00:00.000,I 20,I 20 and I 285,,Angle Crash,2,Clear,Dry,Daylight
2021-05-11T19:00:00.000,I 20,I 20 and I 285,,Rear End,2,Clear,Dry,Daylight
2021-05-14T07:52:00.000,I 285,I 20 and I 285,,Sideswipe-Same Direction,2,Cloudy,Dry,Daylight
2021-01-20T14:26:00.000,I 285,I 20 and I 285,,Sideswipe-Same Direction,2,Clear,Dry,Daylight
2021-03-12T17:44:00.000,I 285,I 20 and I 285,,Rear End,2,Clear,Dry,Daylight
2021-06-02T18:30:00.000,I 285,I 20 and I 285,,Sideswipe-Same Direction,2,Clear,Dry,Daylight
2021-06-01T10:50:00.000,I 20,I 20 and I 285,,Rear End,2,Clear,Dry,Daylight
2021-06-02T09:13:00.000,I 20,I 20 and I 285,,Angle Crash,2,Clear,Dry,Daylight
2021-04-16T12:43:00.000,I 20,I 20 and I 285,,Sideswipe-Same Direction,2,Clear,Dry,Daylight
2021-01-27T11:15:00.000,I 285,I 20 and I 285,,Rear End,2,Clear,Dry,Daylight
2021-01-25T10:40:00.000,I 20,I 20 and I 285,,Rear End,2,Clear,Dry,Daylight
2021-04-04T13:49:00.000,I 20,I 20 and I 285,,Sideswipe-Same Direction,2,Clear,Dry,Daylight
2021-06-23T12:56:00.000,I 285,I 20 and I 285,,Rear End,2,Clear,Dry,Daylight
2021-06-21T05:00:00.000,I 20,I 20 and I 285,,Angle Crash,2,Clear,Dry,Dark-Lighted
2021-06-01T18:40:00.000,I 285,I 20 and I 285,,Rear End,2,Clear,Dry,Daylight
2021-03-30T14:00:00.000,I 285,I 20 and I 285,,Rear End,2,Clear,Dry,Daylight
2021-02-13T07:58:00.000,I 285,I 20 and I 285,,Sideswipe-Same Direction,2,Rain,Wet,Daylight
2021-03-22T17:00:00.000,I 285,I 20 and I 285,,Rear End,3,Clear,Dry,Daylight
2021-06-30T16:02:00.000,I 285,I 20 and I 285,,Rear End,2,Clear,Dry,Daylight
2021-03-11T13:00:00.000,I 285,I 20 and I 285,,Sideswipe-Same Direction,2,Clear,Dry,Daylight
2021-03-11T07:30:00.000,I 285,I 20 and I 285,,Not a Collision with Motor Vehicle,1,Clear,Dry,Dark-Lighted
2021-01-22T14:10:00.000,I 20,I 20 and I 285,,Sideswipe-Same Direction,2,Clear,Dry,Daylight
2021-06-11T06:59:00.000,I 20,I 20 and I 285,,Rear End,2,Clear,Dry,Daylight
2021-05-03T08:30:00.000,I 20,I 20 and I 285,,Rear End,2,Rain,Wet,Daylight
2021-03-29T12:00:00.000,I 285,I 20 and I 285,,Not a Collision with Motor Vehicle,2,Clear,Dry,Daylight
2021-04-30T16:50:00.000,I 285,I 20 and I 285,,Angle Crash,4,Cloudy,Dry,Daylight
2021-06-20T12:00:00.000,I 285,I 20 and I 285,,Not a Collision with Motor Vehicle,3,Clear,Dry,Daylight
2021-03-22T10:20:00.000,I 20,I 20 and I 285,,Rear End,3,Clear,Dry,Daylight
2021-02-18T00:00:00.000,I 285,I 20 and I 285,,Not a Collision with Motor Vehicle,1,Rain,Wet,Dark-Not Lighted
2021-04-01T10:40:00.000,I 285,I 20 and I 285,,Rear End,2,Clear,Dry,Daylight
2021-03-11T18:30:00.000,I 20,I 20 and I 285,,Sideswipe-Same Direction,2,Clear,Dry,Daylight
2021-05-06T10:27:00.000,I 20,I 20 and I 285,,Sideswipe-Same Direction,2,Clear,Dry,Daylight
2021-01-26T13:26:00.000,I 285,I 20 and I 285,,Rear End,2,Clear,Dry,Daylight
2021-05-15T11:35:00.000,I 20,I 20 and I 285,,Sideswipe-Same Direction,2,Clear,Dry,Daylight
2021-04-30T17:19:00.000,I 285,I 20 and I 285,,Angle Crash,3,Cloudy,Dry,Daylight
2021-06-09T14:38:00.000,I 20,I 20 and I 285,,Sideswipe-Same Direction,2,Clear,Dry,Daylight
2021-02-03T00:33:00.000,I 20,I 20 and I 285,,Sideswipe-Same Direction,2,Clear,Dry,Dark-Not Lighted
2021-06-28T08:45:00.000,I 20,I 20 and I 285,,Sideswipe-Same Direction,3,Clear,Dry,Daylight
2021-03-09T06:24:00.000,I 20,I 20 and I 285,,Sideswipe-Same Direction,2,Clear,Dry,Daylight
2021-03-15T09:30:00.000,I 20,I 20 and I 285,,Rear End,2,Clear,Dry,Daylight
2021-02-19T16:00:00.000,I 20,I 20 and I 285,,Rear End,2,Clear,Dry,Daylight
2021-05-30T23:25:00.000,I 20,I 20 and I 285,,Rear End,2,Clear,Dry,Dark-Lighted
2021-06-18T15:42:00.000,I 285,I 20 and I 285,,Rear End,2,Clear,Dry,Daylight
2021-01-20T17:30:00.000,I 285,I 20 and I 285,,Sideswipe-Same Direction,2,Clear,Dry,Dark-Lighted
2021-03-17T17:03:00.000,I 20,I 20 and I 285,,Angle Crash,2,Rain,Wet,Daylight
2021-02-12T18:03:00.000,I 285,I 20 and I 285,,Rear End,2,Clear,Dry,Dark-Lighted
2021-01-18T09:51:00.000,I 285,I 20 and I 285,,Sideswipe-Same Direction,2,Clear,Dry,Daylight
2021-04-28T13:30:00.000,I 285,I 20 and I 285,,Sideswipe-Same Direction,2,Clear,Dry,Daylight
2021-06-03T08:20:00.000,I 20,I 20 and I 285,,Rear End,2,Clear,Dry,Daylight
2021-04-08T08:30:00.000,I 20,I 20 and I 285,,Sideswipe-Same Direction,2,Clear,Dry,Daylight
2021-06-23T14:02:00.000,I 285,I 20 and I 285,,Rear End,2,Clear,Dry,Daylight
2021-01-06T07:00:00.000,I 20,I 20 and I 285,,Not a Collision with Motor Vehicle,1,Clear,Dry,Dark-Not Lighted
2021-06-22T11:30:00.000,I 285,I 20 and I 285,,Sideswipe-Same Direction,2,Clear,Dry,Daylight
2021-12-10T14:27:00.000,I 20,I 20 and I 285,,Rear End,2,Fog,Wet,Daylight
2021-07-30T16:21:00.000,I 285,I 20 and I 285,,Sideswipe-Same Direction,2,Clear,Dry,Daylight
2021-07-02T17:15:00.000,I 20,I 20 and I 285,,Rear End,2,Cloudy,Dry,Daylight
2021-12-09T14:00:00.000,I 285,I 20 and I 285,,Sideswipe-Same Direction,2,Clear,Dry,Daylight
2021-11-05T19:50:00.000,I 20,I 20 and I 285,,Rear End,2,Cloudy,Dry,Dark-Not Lighted
2021-09-02T06:52:00.000,I 285,I 20 and I 285,,Rear End,2,Clear,Dry,Daylight
2021-09-12T21:28:00.000,I 285,I 20 and I 285,,Sideswipe-Same Direction,2,Clear,Dry,Dark-Not Lighted
2021-08-13T00:57:00.000,I 20,I 20 and I 285,,Not a Collision with Motor Vehicle,1,Cloudy,Wet,Dark-Lighted
2021-08-13T14:55:00.000,I 285,I 20 and I 285,,Rear End,2,Clear,Dry,Daylight
2021-12-29T13:00:00.000,I 285,I 20 and I 285,,Angle Crash,2,Cloudy,Wet,Daylight
2021-08-17T01:25:00.000,I 20,I 20 and I 285,,Not a Collision with Motor Vehicle,1,Rain,Wet,Daylight
2021-12-02T17:25:00.000,I 285,I 20 and I 285,,Sideswipe-Same Direction,2,Clear,Dry,Daylight
2021-09-20T13:03:00.000,I 20,I 20 and I 285,,Rear End,2,Rain,Wet,Daylight
2021-11-09T17:48:00.000,I 285,I 20 and I 285,,Rear End,2,Clear,Dry,Dark-Lighted
2021-11-04T10:32:00.000,I 285,I 20 and I 285,,Angle Crash,2,Rain,Wet,Daylight
2021-08-03T16:44:00.000,I 285,I 20 and I 285,,Rear End,3,Cloudy,Dry,Daylight
2021-08-03T13:27:00.000,I 285,I 20 and I 285,,Rear End,2,Clear,Dry,Daylight
2021-12-16T15:30:00.000,I 285,I 20 and I 285,,Rear End,4,Clear,Dry,Daylight
2021-09-09T13:00:00.000,I 20,I 20 and I 285,,Rear End,2,Clear,Dry,Daylight
2021-10-04T13:58:00.000,I 285,I 20 and I 285,,Rear End,2,Cloudy,Dry,Daylight
2021-09-20T09:50:00.000,I 285,I 20 and I 285,,Rear End,2,Rain,Wet,Daylight
2021-10-04T09:50:00.000,I 20,I 20 and I 285,,Rear End,2,Rain,Wet,Daylight
2021-09-13T00:00:00.000,I 285,I 20 and I 285,,Sideswipe-Same Direction,2,Clear,Dry,Daylight
2021-12-14T14:00:00.000,I 285,I 20 and I 285,,Sideswipe-Same Direction,2,Clear,Dry,Daylight
2021-12-13T13:08:00.000,I 285,I 20 and I 285,,Sideswipe-Same Direction,2,Clear,Dry,Daylight
2021-12-12T16:20:00.000,I 285,I 20 and I 285,,Sideswipe-Same Direction,2,Clear,Dry,Daylight
2021-11-24T17:20:00.000,I 20,I 20 and I 285,,Sideswipe-Same Direction,2,Clear,Dry,Dark-Lighted
2021-11-24T15:15:00.000,I 20,I 20 and I 285,,Angle Crash,2,Clear,Dry,Daylight
2021-10-28T06:45:00.000,I 20,I 20 and I 285,,Not a Collision with Motor Vehicle,2,Cloudy,Wet,Daylight
2021-10-22T17:20:00.000,I 285,I 20 and I 285,,Rear End,2,Clear,Dry,Daylight
2021-11-30T04:43:00.000,I 285,I 20 and I 285,,Not a Collision with Motor Vehicle,1,Clear,Dry,Dark-Not Lighted
2021-12-01T19:05:00.000,I 20,I 20 and I 285,,Sideswipe-Same Direction,2,Clear,Dry,Dark-Not Lighted
2021-09-02T16:08:00.000,I 20,I 20 and I 285,,Rear End,3,Clear,Dry,Daylight
2021-08-01T14:00:00.000,I 20,I 20 and I 285,,Angle Crash,2,Clear,Dry,Daylight
2021-11-23T13:40:00.000,I 285,I 20 and I 285,,Sideswipe-Same Direction,2,Clear,Dry,Daylight
2021-07-20T01:02:00.000,I 20,I 20 and I 285,,Not a Collision with Motor Vehicle,1,Rain,Wet,Dark-Not Lighted
2021-09-01T06:20:00.000,I 285,I 20 and I 285,,Not a Collision with Motor Vehicle,1,Clear,Wet,Dark-Not Lighted
2021-09-01T06:32:00.000,I 20,I 20 and I 285,,Rear End,2,Cloudy,Dry,Dark-Lighted
2021-11-18T15:26:00.000,I 285,I 20 and I 285,,Rear End,2,Cloudy,Dry,Daylight
2021-07-02T19:00:00.000,I 20,I 20 and I 285,,Rear End,4,Cloudy,Dry,Daylight
2021-07-29T12:43:00.000,I 20,I 20 and I 285,,Rear End,2,Cloudy,Dry,Daylight
2021-11-30T18:11:00.000,I 285,I 20 and I 285,,Sideswipe-Same Direction,2,Clear,Dry,Daylight
2021-09-08T08:00:00.000,I 285,I 20 and I 285,,Rear End,2,Clear,Dry,Daylight
2021-11-28T02:33:00.000,I 285,I 20 and I 285,,Rear End,2,Clear,Dry,Dark-Not Lighted
2021-08-25T10:40:00.000,I 285,I 20 and I 285,,Sideswipe-Same Direction,2,Clear,Dry,Daylight
2021-09-17T16:55:00.000,I 285,I 20 and I 285,,Sideswipe-Same Direction,2,Clear,Dry,Daylight
2021-02-02T14:25:00.000,I 20,I 20 and I 285,,Rear End,3,Clear,Dry,Daylight
2021-01-05T15:40:00.000,I 20,I 20 and I 285,,Sideswipe-Same Direction,2,Clear,Dry,Daylight
2021-02-05T06:27:00.000,I 20,I 20 and I 285,,Rear End,2,Clear,Wet,Dark-Lighted
2021-04-07T08:51:00.000,I 20,I 20 and I 285,,Rear End,3,Clear,Dry,Daylight