Date and Time,Roadway (From Crash Report),Intersection Name (from Crash Report),KABCO Severity,Manner of Collision (Crash Level) ,# of Vehicles per crash ,Weather Conditions (Crash Level),Surface Condition (Crash Level) ,Light Conditions (Crash Level)
2023-12-26T17:50:00.000,I 20,I 20 and I 285,,Rear End,2,Cloudy,Wet,Daylight
2023-09-01T00:38:00.000,I 20,I 20 and I 285,,Sideswipe-Same Direction,2,Clear,Dry,Dark-Lighted
2023-01-31T08:55:00.000,I 285,I 20 and I 285,,Rear End,2,Cloudy,Dry,Daylight
2023-07-28T14:30:00.000,I 285,I 20 and I 285,,Sideswipe-Same Direction,2,Clear,Dry,Daylight
2023-06-05T17:33:00.000,I 20,I 20 and I 285,,Rear End,2,Clear,Dry,Daylight
2023-06-14T11:23:00.000,I 20,I 20 and I 285,,Angle Crash,2,Cloudy,Wet,Daylight
2023-04-03T04:30:00.000,I 20,I 20 and I 285,,Not a Collision with Motor Vehicle,1,Clear,Dry,Dark-Not Lighted
2023-08-04T08:29:00.000,I 20,I 20 and I 285,,Angle Crash,2,Clear,Dry,Daylight
2023-10-10T19:15:00.000,I 20,I 20 and I 285,,Not a Collision with Motor Vehicle,1,Clear,Dry,Dark-Not Lighted
2023-09-28T15:18:00.000,I 285,I 20 and I 285,,Rear End,3,Clear,Dry,Daylight
2023-05-17T15:00:00.000,I 285,I 20 and I 285,,Rear End,2,Clear,Dry,Daylight
2023-05-04T09:45:00.000,I 20,I 20 and I 285,,Rear End,2,Clear,Dry,Daylight
2023-08-07T15:00:00.000,I 285,I 20 and I 285,,Sideswipe-Same Direction,2,Clear,Dry,Daylight
2023-12-04T10:50:00.000,I 285,I 20 and I 285,,Sideswipe-Same Direction,2,Clear,Dry,Daylight
2023-05-15T15:19:00.000,I 20,I 20 and I 285,,Rear End,2,Clear,Dry,Daylight
2023-01-13T09:46:00.000,I 285,I 20 and I 285,,Rear End,2,Cloudy,Dry,Daylight
2023-11-21T22:50:00.000,I 285,I 20 and I 285,,Not a Collision with Motor Vehicle,1,Cloudy,Wet,Dark-Not Lighted
2023-12-20T20:43:00.000,I 285,I 20 and I 285,,Not a Collision with Motor Vehicle,1,Clear,Dry,Dark-Lighted
2023-03-23T16:20:00.000,I 20,I 20 and I 285,,Angle Crash,2,Clear,Dry,Daylight
2023-12-10T17:00:00.000,I 285,I 20 and I 285,,Rear End,3,Rain,Wet,Dark-Not Lighted
2023-04-09T12:40:00.000,I 20,I 20 and I 285,,Rear End,2,Clear,Dry,Daylight
2023-05-05T13:36:00.000,I 285,I 20 and I 285,,Rear End,2,Rain,Wet,Daylight
2023-05-05T13:31:00.000,I 20,I 20 and I 285,,Sideswipe-Same Direction,3,Rain,Wet,Daylight
2023-01-31T19:35:00.000,I 20,I 20 and I 285,,Sideswipe-Same Direction,2,Clear,Dry,Dark-Lighted
2023-08-10T15:05:00.000,I 285,I 20 and I 285,,Rear End,2,Cloudy,Dry,Daylight
2023-12-22T15:13:00.000,I 285,I 20 and I 285,,Rear End,2,Clear,Dry,Daylight
2023-01-09T16:15:00.000,I 20,I 20 and I 285,,Rear End,2,Clear,Dry,Daylight
2023-11-15T10:23:00.000,I 285,I 20 and I 285,,Rear End,2,Clear,Dry,Daylight
2023-04-11T14:16:00.000,I 20,I 20 and I 285,,Sideswipe-Same Direction,2,Clear,Dry,Daylight
2023-11-16T18:00:00.000,I 20,I 20 and I 285,,Sideswipe-Same Direction,2,Cloudy,Dry,Dark-Lighted
2023-07-11T14:19:00.000,I 20,I 20 and I 285,,Sideswipe-Same Direction,2,Clear,Dry,Daylight
2023-01-20T15:40:00.000,I 285,I 20 and I 285,,Rear End,3,Clear,Dry,Daylight
2023-02-10T19:35:00.000,I 285,I 20 and I 285,,Rear End,3,Cloudy,Dry,Dusk
2023-10-24T12:52:00.000,I 285,I 20 and I 285,,Rear End,2,Clear,Dry,Daylight
2023-05-22T22:56:00.000,I 20,I 20 and I 285,,Not a Collision with Motor Vehicle,1,Cloudy,Wet,Dark-Lighted
2023-09-15T15:45:00.000,I 20,I 20 and I 285,,Rear End,2,Cloudy,Dry,Daylight
2023-12-13T10:15:00.000,I 285,I 20 and I 285,,Sideswipe-Same Direction,2,Clear,Dry,Daylight
2023-02-10T18:45:00.000,I 285,I 20 and I 285,,Sideswipe-Same Direction,3,Clear,Dry,Dark-Not Lighted
2023-12-03T02:00:00.000,I 285,I 20 and I 285,,Not a Collision with Motor Vehicle,1,Clear,Dry,Dark-Not Lighted
2023-10-04T07:00:00.000,I 20,I 20 and I 285,,Rear End,2,Clear,Dry,Daylight
2023-07-31T13:57:00.000,I 285,I 20 and I 285,,Rear End,2,Clear,Dry,Daylight
2023-08-17T07:09:00.000,I 20,I 20 and I 285,,Rear End,2,Clear,Dry,Daylight
2023-08-29T08:51:00.000,I 285,I 20 and I 285,,Sideswipe-Same Direction,2,Clear,Dry,Daylight
2023-04-12T08:30:00.000,I 285,I 20 and I 285,,Rear End,2,Clear,Dry,Daylight
2023-08-31T12:00:00.000,I 285,I 20 and I 285,,Rear End,2,Clear,Dry,Daylight
2023-12-19T17:00:00.000,I 20,I 20 and I 285,,Sideswipe-Same Direction,3,Clear,Dry,Daylight
2023-01-15T17:54:00.000,I 20,I 20 and I 285,,Rear End,2,Clear,Dry,Dusk
2023-06-29T09:18:00.000,I 285,I 20 and I 285,,Rear End,2,Clear,Dry,Daylight
2023-04-18T09:55:00.000,I 285,I 20 and I 285,,Rear End,2,Clear,Dry,Daylight
2023-08-04T11:11:00.000,I 285,I 20 and I 285,,Angle Crash,2,Clear,Dry,Daylight
2023-07-24T19:00:00.000,I 20,I 20 and I 285,,Rear End,2,Clear,Dry,Dark-Lighted
2023-12-19T15:05:00.000,I 20,I 20 and I 285,,Sideswipe-Same Direction,2,Clear,Dry,Daylight
2023-07-26T18:30:00.000,I 285,I 20 and I 285,,Angle Crash,2,Clear,Dry,Daylight
2023-04-17T17:15:00.000,I 285,I 20 and I 285,,Sideswipe-Same Direction,2,Clear,Dry,Daylight
2023-09-04T12:45:00.000,I 285,I 20 and I 285,,Rear End,2,Clear,Dry,Daylight
2023-03-21T16:58:00.000,I 285,I 20 and I 285,,Sideswipe-Same Direction,2,Clear,Dry,Daylight
2023-05-11T13:15:00.000,I 285,I 20 and I 285,,Rear End,2,Clear,Dry,Daylight
2023-04-09T20:26:00.000,I 285,I 20 and I 285,,Rear End,2,Clear,Dry,Dark-Not Lighted
2023-10-15T17:40:00.000,I 285,I 20 and I 285,,Sideswipe-Same Direction,2,Cloudy,Dry,Daylight
2023-01-06T18:01:00.000,I 285,I 20 and I 285,,Rear End,2,Clear,Dry,Dark-Not Lighted
2023-07-30T12:48:00.000,I 285,I 20 and I 285,,Sideswipe-Same Direction,2,Clear,Dry,Daylight
2023-11-07T12:55:00.000,I 285,I 20 and I 285,,Rear End,2,Clear,Dry,Daylight
2023-03-10T13:26:00.000,I 20,I 20 and I 285,,Sideswipe-Same Direction,2,Clear,Dry,Daylight
2023-06-16T16:17:00.000,I 285,I 20 and I 285,,Rear End,3,Cloudy,Dry,Daylight
2023-03-08T15:30:00.000,I 20,I 20 and I 285,,Rear End,2,Cloudy,Dry,Daylight
2023-06-21T22:35:00.000,I 285,I 20 and I 285,,Head On,2,Clear,Dry,Dark-Lighted
2023-09-28T14:00:00.000,I 285,I 20 and I 285,,Rear End,2,Clear,Dry,Daylight
2023-03-17T16:32:00.000,I 20,I 20 and I 285,,Rear End,2,Rain,Wet,Daylight
2023-09-23T17:30:00.000,I 20,I 20 and I 285,,Sideswipe-Same Direction,2,Clear,Dry,Daylight
2023-03-12T16:45:00.000,I 20,I 20 and I 285,,Rear End,2,Cloudy,Wet,Daylight
2023-04-28T07:02:00.000,I 20,I 20 and I 285,,Sideswipe-Same Direction,2,Cloudy,Wet,Daylight
2023-11-14T07:47:00.000,I 285,I 20 and I 285,,Rear End,2,Clear,Dry,Daylight
2023-11-13T08:45:00.000,I 20,I 20 and I 285,,Rear End,2,Clear,Dry,Daylight
2023-07-02T14:37:00.000,I 285,I 20 and I 285,,Rear End,2,Clear,Dry,Daylight
2023-11-04T22:00:00.000,I 20,I 20 and I 285,,Sideswipe-Same Direction,2,Clear,Dry,Dark-Lighted
2023-06-06T10:04:00.000,I 285,I 20 and I 285,,Not a Collision with Motor Vehicle,1,Clear,Dry,Daylight
2023-08-03T11:15:00.000,I 20,I 20 and I 285,,Rear End,2,Clear,Dry,Daylight
2023-12-08T17:50:00.000,I 20,I 20 and I 285,,Rear End,2,Clear,Dry,Daylight
2023-01-01T00:00:00.000,I 285,I 20 and I 285,,Not a Collision with Motor Vehicle,1,Fog,Dry,Dark-Not Lighted
2023-08-25T22:22:00.000,I 285,I 20 and I 285,,Sideswipe-Same Direction,2,Clear,Dry,Dark-Not Lighted
2023-03-05T19:40:00.000,I 20,I 20 and I 285,,Rear End,2,Clear,Dry,Dark-Lighted
2023-03-24T07:30:00.000,I 285,I 20 and I 285,,Rear End,2,Clear,Dry,Daylight
2023-07-29T17:36:00.000,I 285,I 20 and I 285,,Not a Collision with Motor Vehicle,2,Clear,Dry,Daylight
2023-12-21T05:09:00.000,I 20,I 20 and I 285,,Not a Collision with Motor Vehicle,1,Clear,Dry,Dark-Not Lighted
2023-01-16T15:50:00.000,I 20,I 20 and I 285,,Rear End,2,Clear,Dry,Daylight
2023-11-08T06:15:00.000,I 285,I 20 and I 285,,Rear End,2,Clear,Dry,Daylight
2023-10-06T13:50:00.000,I 285,I 20 and I 285,,Sideswipe-Same Direction,2,Clear,Dry,Daylight
2023-12-05T10:39:00.000,I 20,I 20 and I 285,,Sideswipe-Same Direction,2,Clear,Dry,Daylight
2023-10-27T14:35:00.000,I 285,I 20 and I 285,,Sideswipe-Same Direction,2,Clear,Dry,Daylight
2023-09-06T22:25:00.000,I 20,I 20 and I 285,,Rear End,2,Clear,Dry,Dark-Lighted
2023-06-29T11:41:00.000,I 20,I 20 and I 285,,Sideswipe-Same Direction,2,Clear,Dry,Daylight
2023-06-23T05:15:00.000,I 285,I 20 and I 285,,Rear End,2,Clear,Dry,Daylight
2023-11-29T17:30:00.000,I 20,I 20 and I 285,,Sideswipe-Same Direction,2,Clear,Dry,Daylight
2023-07-20T11:08:00.000,I 285,I 20 and I 285,,Rear End,2,Clear,Dry,Daylight
2023-10-30T07:26:00.000,I 20,I 20 and I 285,,Rear End,2,Clear,Dry,Daylight
2023-07-20T17:35:00.000,I 20,I 20 and I 285,,Rear End,2,Clear,Dry,Daylight
2023-02-13T16:25:00.000,I 20,I 20 and I 285,,Sideswipe-Same Direction,2,Clear,Dry,Daylight
2023-09-14T14:37:00.000,I 20,I 20 and I 285,,Not a Collision with Motor Vehicle,1,Rain,Wet,Daylight
2023-09-22T18:09:00.000,I 20,I 20 and I 285,,Sideswipe-Same Direction,2,Clear,Dry,Daylight
2023-07-12T18:35:00.000,I 285,I 20 and I 285,,Sideswipe-Same Direction,2,Cloudy,Dry,Daylight
2023-08-07T10:36:00.000,I 285,I 20 and I 285,,Sideswipe-Same Direction,2,Clear,Dry,Daylight
2023-02-03T17:32:00.000,I 20,I 20 and I 285,,Sideswipe-Same Direction,2,Clear,Dry,Daylight
2023-11-10T09:17:00.000,I 285,I 20 and I 285,,Rear End,2,Cloudy,Dry,Daylight
2023-10-17T14:30:00.000,I 285,I 20 and I 285,,Rear End,2,Clear,Dry,Daylight
2023-12-08T18:11:00.000,I 20,I 20 and I 285,,Rear End,2,Clear,Dry,Daylight
2023-07-25T15:02:00.000,I 20,I 20 and I 285,,Rear End,3,Clear,Dry,Daylight
2023-07-11T16:20:00.000,I 20,I 20 and I 285,,Sideswipe-Same Direction,2,Clear,Dry,Daylight
2023-08-31T18:20:00.000,I 20,I 20 and I 285,,Rear End,2,Clear,Dry,Daylight
2023-02-14T11:22:00.000,I 285,I 20 and I 285,,Sideswipe-Same Direction,2,Clear,Dry,Daylight
2023-01-26T22:55:00.000,I 20,I 20 and I 285,,Rear End,3,Clear,Dry,Dark-Not Lighted
2023-09-12T16:30:00.000,I 285,I 20 and I 285,,Rear End,4,Clear,Wet,Daylight
2023-06-13T07:25:00.000,I 285,I 20 and I 285,,Rear End,2,Clear,Dry,Daylight
2023-04-06T20:05:00.000,I 285,I 20 and I 285,,Not a Collision with Motor Vehicle,1,Rain,Wet,Dark-Not Lighted
2023-05-15T00:00:00.000,I 285,I 20 and I 285,,Sideswipe-Same Direction,2,Clear,Dry,Daylight
2023-08-27T01:42:00.000,I 20,I 20 and I 285,,Sideswipe-Same Direction,2,Clear,Dry,Dark-Not Lighted
2023-03-14T11:15:00.000,I 20,I 20 and I 285,,Sideswipe-Same Direction,2,Clear,Dry,Daylight
2023-09-15T07:12:00.000,I 285,I 20 and I 285,,Rear End,2,Cloudy,Dry,Dark-Lighted
2023-02-24T10:33:00.000,I 285,I 20 and I 285,,Rear End,3,Clear,Dry,Daylight
2023-04-24T17:37:00.000,I 20,I 20 and I 285,,Rear End,3,Clear,Dry,Daylight
2023-08-22T19:07:00.000,I 20,I 20 and I 285,,Rear End,2,Cloudy,Dry,Daylight
2023-06-01T08:05:00.000,I 285,I 20 and I 285,,Rear End,3,Cloudy,Dry,Daylight
2023-05-23T23:50:00.000,I 285,I 20 and I 285,,Not a Collision with Motor Vehicle,1,Clear,Dry,Dark-Not Lighted
2023-08-21T17:10:00.000,I 20,I 20 and I 285,,Rear End,2,Clear,Dry,Daylight
2023-05-18T12:00:00.000,I 285,I 20 and I 285,,Sideswipe-Same Direction,2,Clear,Dry,Daylight
2023-11-16T13:00:00.000,I 285,I 20 and I 285,,Sideswipe-Same Direction,2,Clear,Dry,Daylight
2023-10-22T15:45:00.000,I 285,I 20 and I 285,,Rear End,2,Clear,Dry,Daylight
2023-09-07T00:00:00.000,I 285,I 20 and I 285,,Sideswipe-Same Direction,2,Clear,Dry,Daylight
2023-04-15T18:30:00.000,I 285,I 20 and I 285,,Sideswipe-Same Direction,2,Clear,Dry,Daylight
2023-02-23T18:30:00.000,I 285,I 20 and I 285,,Rear End,2,Rain,Wet,Dark-Lighted
2023-11-25T19:30:00.000,I 285,I 20 and I 285,,Rear End,2,Clear,Dry,Dark-Not Lighted
2023-07-21T18:15:00.000,I 20,I 20 and I 285,,Rear End,3,Severe Thunderstorm or Tornadic,Wet,Daylight
2023-08-01T17:00:00.000,I 20,I 20 and I 285,,Rear End,2,Cloudy,Dry,Daylight
2023-09-12T18:35:00.000,I 20,I 20 and I 285,,Rear End,2,Clear,Dry,Daylight
2023-08-18T19:00:00.000,I 285,I 20 and I 285,,Rear End,2,Clear,Dry,Daylight
2023-02-14T07:15:00.000,I 285,I 20 and I 285,,Rear End,2,Clear,Dry,Daylight
2023-11-15T10:30:00.000,I 285,I 20 and I 285,,Rear End,2,Clear,Dry,Daylight
2023-03-07T18:30:00.000,I 20,I 20 and I 285,,Rear End,2,Clear,Dry,Daylight
2023-04-03T16:30:00.000,I 20,I 20 and I 285,,Rear End,2,Clear,Wet,Daylight
2023-01-26T17:10:00.000,I 20,I 20 and I 285,,Rear End,2,Clear,Dry,Daylight
2023-03-10T13:26:00.000,I 285,I 20 and I 285,,Sideswipe-Same Direction,2,Clear,Dry,Daylight
2023-03-07T15:08:00.000,I 285,I 20 and I 285,,Rear End,2,Clear,Dry,Daylight
2023-01-21T19:01:00.000,I 285,I 20 and I 285,,Sideswipe-Same Direction,2,Cloudy,Dry,Dark-Lighted
2023-03-21T14:42:00.000,I 20,I 20 and I 285,,Rear End,2,Clear,Dry,Daylight
2023-10-03T06:30:00.000,I 285,I 20 and I 285,,Rear End,2,Clear,Dry,Dark-Not Lighted
2023-09-12T16:54:00.000,I 285,I 20 and I 285,,Rear End,3,Cloudy,Dry,Daylight
2023-09-26T08:23:00.000,I 285,I 20 and I 285,,Rear End,2,Clear,Dry,Daylight
2023-06-19T16:50:00.000,I 20,I 20 and I 285,,Sideswipe-Same Direction,2,Clear,Wet,Daylight
2023-08-31T14:47:00.000,I 20,I 20 and I 285,,Sideswipe-Same Direction,2,Clear,Dry,Daylight
2023-06-01T06:38:00.000,I 285,I 20 and I 285,,Sideswipe-Same Direction,2,Clear,Dry,Daylight
2023-02-23T09:05:00.000,I 285,I 20 and I 285,,Rear End,2,Cloudy,Dry,Daylight
2023-02-14T15:37:00.000,I 285,I 20 and I 285,,Angle Crash,3,Clear,Dry,Daylight
2023-05-23T04:05:00.000,I 20,I 20 and I 285,,Not a Collision with Motor Vehicle,1,Clear,Wet,Dark-Not Lighted
2023-11-23T19:32:00.000,I 285,I 20 and I 285,,Rear End,2,Clear,Dry,Dark-Lighted
2023-11-27T15:07:00.000,I 20,I 20 and I 285,,Rear End,4,Cloudy,Dry,Daylight
2023-08-06T03:45:00.000,I 285,I 20 and I 285,,Not a Collision with Motor Vehicle,1,Clear,Dry,Dark-Not Lighted
2023-03-14T12:08:00.000,I 285,I 20 and I 285,,Sideswipe-Same Direction,2,Clear,Dry,Daylight
2023-06-12T06:00:00.000,I 285,I 20 and I 285,,Not a Collision with Motor Vehicle,1,Clear,Wet,Daylight
2023-12-01T13:30:00.000,I 20,I 20 and I 285,,Rear End,2,Cloudy,Dry,Daylight
2023-03-27T12:32:00.000,I 20,I 20 and I 285,,Sideswipe-Same Direction,2,Cloudy,Wet,Daylight
2023-08-17T15:30:00.000,I 285,I 20 and I 285,,Rear End,2,Clear,Dry,Daylight
2023-04-07T16:46:00.000,I 20,I 20 and I 285,,Angle Crash,3,Clear,Dry,Daylight
2023-01-25T22:00:00.000,I 20,I 20 and I 285,,Sideswipe-Same Direction,2,Clear,Dry,Dark-Not Lighted
2023-01-18T17:40:00.000,I 285,I 20 and I 285,,Rear End,4,Rain,Wet,Dark-Not Lighted
2023-06-19T19:00:00.000,I 20,I 20 and I 285,,Angle Crash,2,Cloudy,Wet,Daylight
2023-03-17T07:15:00.000,I 20,I 20 and I 285,,Sideswipe-Same Direction,2,Rain,Wet,Dark-Lighted
2023-08-24T16:45:00.000,I 285,I 20 and I 285,,Angle Crash,3,Clear,Dry,Daylight
2023-12-12T18:30:00.000,I 20,I 20 and I 285,,Sideswipe-Same Direction,2,Clear,Dry,Dark-Not Lighted
2023-03-20T17:25:00.000,I 20,I 20 and I 285,,Sideswipe-Same Direction,2,Clear,Dry,Daylight
2023-01-28T07:30:00.000,I 20,I 20 and I 285,,Not a Collision with Motor Vehicle,1,Clear,Dry,Dark-Lighted
2023-12-26T15:00:00.000,I 285,I 20 and I 285,,Rear End,2,Rain,Wet,Daylight
2023-10-26T19:32:00.000,I 285,I 20 and I 285,,Sideswipe-Same Direction,2,Clear,Dry,Dark-Lighted
2023-02-02T18:00:00.000,I 20,I 20 and I 285,,Rear End,2,Clear,Wet,Daylight
2023-10-30T19:10:00.000,I 285,I 20 and I 285,,Angle Crash,2,Clear,Dry,Dark-Not Lighted
2023-12-01T11:28:00.000,I 285,I 20 and I 285,,Not a Collision with Motor Vehicle,1,Clear,Wet,Daylight
2023-07-18T15:47:00.000,I 20,I 20 and I 285,,Rear End,2,Clear,Dry,Daylight
2023-05-24T15:40:00.000,I 285,I 20 and I 285,,Rear End,2,Clear,Dry,Daylight
2023-05-31T18:20:00.000,I 20,I 20 and I 285,,Rear End,2,Clear,Dry,Daylight
2023-06-13T14:28:00.000,I 285,I 20 and I 285,,Sideswipe-Same Direction,3,Clear,Dry,Daylight
2023-10-16T16:30:00.000,I 20,I 20 and I 285,,Rear End,2,Clear,Dry,Daylight
2023-11-22T21:37:00.000,I 285,I 20 and I 285,,Rear End,3,Clear,Dry,Dark-Not Lighted
2023-09-11T05:10:00.000,I 285,I 20 and I 285,,Not a Collision with Motor Vehicle,1,Clear,Dry,Dark-Not Lighted
2023-07-13T08:25:00.000,I 285,I 20 and I 285,,Rear End,2,Clear,Dry,Daylight
2023-10-19T08:20:00.000,I 20,I 20 and I 285,,Rear End,2,Clear,Dry,Daylight
2023-10-24T19:45:00.000,I 20,I 20 and I 285,,Rear End,2,Clear,Dry,Daylight
2023-06-07T22:56:00.000,I 20,I 20 and I 285,,Not a Collision with Motor Vehicle,1,Clear,Dry,Dark-Lighted
2023-06-15T11:06:00.000,I 285,I 20 and I 285,,Rear End,2,Clear,Dry,Daylight
2023-11-04T20:15:00.000,I 285,I 20 and I 285,,Sideswipe-Same Direction,2,Clear,Dry,Dark-Not Lighted
2023-04-03T11:05:00.000,I 20,I 20 and I 285,,Rear End,2,Rain,Wet,Daylight
2023-11-16T14:00:00.000,I 285,I 20 and I 285,,Sideswipe-Same Direction,2,Cloudy,Dry,Daylight
2023-08-09T08:24:00.000,I 285,I 20 and I 285,,Rear End,2,Clear,Dry,Daylight
2023-04-20T21:30:00.000,I 20,I 20 and I 285,,Rear End,2,Clear,Dry,Dark-Not Lighted
2023-03-07T09:45:00.000,I 285,I 20 and I 285,,Sideswipe-Same Direction,2,Clear,Dry,Daylight
2023-06-26T14:26:00.000,I 285,I 20 and I 285,,Sideswipe-Same Direction,2,Clear,Dry,Daylight
2023-03-16T07:35:00.000,I 20,I 20 and I 285,,Sideswipe-Same Direction,2,Clear,Dry,Daylight
2023-06-29T12:23:00.000,I 20,I 20 and I 285,,Rear End,3,Clear,Dry,Daylight
2023-06-29T00:00:00.000,I 285,I 20 and I 285,,Sideswipe-Same Direction,2,Clear,Dry,Daylight
2023-07-13T07:20:00.000,I 20,I 20 and I 285,,Rear End,2,Clear,Dry,Daylight
2023-02-10T21:45:00.000,I 20,I 20 and I 285,,Rear End,2,Cloudy,Dry,Dark-Lighted
2023-02-21T16:20:00.000,I 285,I 20 and I 285,,Rear End,2,Clear,Dry,Daylight
2023-07-30T23:19:00.000,I 20,I 20 and I 285,,Not a Collision with Motor Vehicle,1,Clear,Dry,Dark-Not Lighted
2023-10-09T09:45:00.000,I 20,I 20 and I 285,,Rear End,2,Clear,Dry,Daylight
2023-07-06T12:49:00.000,I 20,I 20 and I 285,,Rear End,3,Clear,Dry,Daylight
2023-01-20T23:20:00.000,I 285,I 20 and I 285,,Rear End,2,Clear,Dry,Dark-Lighted
2023-01-26T20:05:00.000,I 285,I 20 and I 285,,Angle Crash,2,Clear,Dry,Dark-Lighted
2023-04-06T18:10:00.000,I 285,I 20 and I 285,,Rear End,2,Cloudy,Wet,Daylight
2023-02-13T10:45:00.000,I 20,I 20 and I 285,,Sideswipe-Same Direction,2,Clear,Dry,Daylight
2023-08-08T15:24:00.000,I 20,I 20 and I 285,,Rear End,2,Cloudy,Dry,Daylight
2023-10-14T11:46:00.000,I 20,I 20 and I 285,,Rear End,4,Clear,Dry,Daylight
2023-10-26T13:30:00.000,I 20,I 20 and I 285,,Sideswipe-Same Direction,2,Clear,Dry,Daylight
2023-11-13T06:45:00.000,I 285,I 20 and I 285,,Angle Crash,2,Clear,Dry,Daylight
2023-03-09T19:09:00.000,I 20,I 20 and I 285,,Rear End,2,Cloudy,Dry,Daylight
2023-01-15T12:00:00.000,I 285,I 20 and I 285,,Rear End,2,Clear,Dry,Daylight
2023-01-09T15:59:00.000,I 285,I 20 and I 285,,Rear End,2,Clear,Dry,Daylight
2023-07-17T21:45:00.000,I 285,I 20 and I 285,,Angle Crash,3,Clear,Dry,Daylight
2023-07-16T00:00:00.000,I 285,I 20 and I 285,,Rear End,3,Clear,Dry,Dark-Not Lighted
2023-10-02T11:20:00.000,I 20,I 20 and I 285,,Rear End,3,Clear,Dry,Daylight
2023-03-06T12:52:00.000,I 285,I 20 and I 285,,Rear End,2,Clear,Dry,Daylight
2023-01-30T07:24:00.000,I 285,I 20 and I 285,,Rear End,2,Rain,Wet,Daylight
2023-11-12T13:56:00.000,I 285,I 20 and I 285,,Rear End,4,Cloudy,Dry,Daylight
2023-08-28T18:00:00.000,I 285,I 20 and I 285,,Rear End,2,Cloudy,Dry,Daylight
2023-01-21T06:30:00.000,I 20,I 20 and I 285,,Rear End,2,Clear,Dry,Dark-Lighted
2023-11-26T18:30:00.000,I 20,I 20 and I 285,,Sideswipe-Same Direction,3,Rain,Water (standing or moving),Dark-Not Lighted
2023-04-20T18:20:00.000,I 20,I 20 and I 285,,Angle Crash,2,Clear,Dry,Daylight
2023-03-11T16:35:00.000,I 285,I 20 and I 285,,Rear End,3,Clear,Dry,Daylight
2023-07-11T15:49:00.000,I 285,I 20 and I 285,,Rear End,2,Clear,Dry,Daylight
2023-12-26T17:45:00.000,I 285,I 20 and I 285,,Rear End,2,Cloudy,Wet,Dark-Lighted
2023-05-28T05:30:00.000,I 285,I 20 and I 285,,Not a Collision with Motor Vehicle,1,Clear,Dry,Dark-Lighted
2023-12-14T09:09:00.000,I 20,I 20 and I 285,,Sideswipe-Same Direction,2,Clear,Dry,Daylight
2023-03-10T11:00:00.000,I 20,I 20 and I 285,,Sideswipe-Same Direction,2,Clear,Dry,Daylight
2023-03-16T16:40:00.000,I 20,I 20 and I 285,,Rear End,2,Clear,Dry,Daylight
2022-01-11T16:12:00.000,I 20,I 20 and I 285,,Rear End,2,Clear,Dry,Daylight
2022-05-31T11:13:00.000,I 20,I 20 and I 285,,Sideswipe-Same Direction,2,Clear,Dry,Daylight
2022-10-11T12:17:00.000,I 285,I 20 and I 285,,Sideswipe-Same Direction,2,Clear,Dry,Daylight
2022-03-28T14:31:00.000,I 285,I 20 and I 285,,Rear End,3,Clear,Dry,Daylight
2022-07-07T17:45:00.000,I 285,I 20 and I 285,,Rear End,2,Cloudy,Dry,Daylight
2022-10-17T08:33:00.000,I 285,I 20 and I 285,,Rear End,3,Clear,Dry,Daylight
2022-02-27T12:45:00.000,I 285,I 20 and I 285,,Angle Crash,3,Cloudy,Wet,Daylight
2022-10-07T21:05:00.000,I 20,I 20 and I 285,,Rear End,2,Clear,Dry,Dark-Lighted
2022-05-12T21:15:00.000,I 285,I 20 and I 285,,Rear End,2,Clear,Dry,Dark-Not Lighted
2022-01-25T17:18:00.000,I 20,I 20 and I 285,,Sideswipe-Same Direction,2,Clear,Dry,Daylight
2022-10-22T15:45:00.000,I 285,I 20 and I 285,,Rear End,2,Clear,Dry,Daylight
2022-08-16T10:00:00.000,I 20,I 20 and I 285,,Rear End,2,Clear,Dry,Daylight
2022-05-17T16:49:00.000,I 20,I 20 and I 285,,Rear End,2,Clear,Dry,Daylight
2022-08-15T07:40:00.000,I 285,I 20 and I 285,,Sideswipe-Same Direction,2,Clear,Dry,Daylight
2022-10-23T16:20:00.000,I 285,I 20 and I 285,,Sideswipe-Same Direction,2,Clear,Dry,Daylight
2022-11-01T17:22:00.000,I 285,I 20 and I 285,,Sideswipe-Same Direction,2,Clear,Dry,Daylight
2022-06-14T15:55:00.000,I 20,I 20 and I 285,,Sideswipe-Same Direction,2,Cloudy,Dry,Daylight
2022-08-23T11:37:00.000,I 20,I 20 and I 285,,Rear End,2,Cloudy,Dry,Daylight
2022-12-20T12:36:00.000,I 20,I 20 and I 285,,Rear End,2,Clear,Wet,Daylight
2022-08-18T14:10:00.000,I 20,I 20 and I 285,,Sideswipe-Same Direction,2,Clear,Dry,Daylight
2022-04-04T06:55:00.000,I 20,I 20 and I 285,,Sideswipe-Same Direction,2,Clear,Dry,Daylight
2022-08-25T16:07:00.000,I 20,I 20 and I 285,,Sideswipe-Same Direction,2,Cloudy,Wet,Daylight
2022-07-14T07:20:00.000,I 285,I 20 and I 285,,Angle Crash,2,Clear,Dry,Dark-Not Lighted
2022-11-04T09:53:00.000,I 285,I 20 and I 285,,Sideswipe-Same Direction,2,Clear,Dry,Daylight
2022-09-21T16:28:00.000,I 20,I 20 and I 285,,Angle Crash,2,Clear,Dry,Daylight