Date and Time,Roadway (From Crash Report),Intersection Name (from Crash Report),KABCO Severity,Manner of Collision (Crash Level) ,# of Vehicles per crash ,Weather Conditions (Crash Level),Surface Condition (Crash Level) ,Light Conditions (Crash Level)
2022-04-12T05:57:00.000,I 20,I 20 and I 285,,Sideswipe-Same Direction,2,Clear,Dry,Dark-Not Lighted
2022-05-12T03:25:00.000,I 285,I 20 and I 285,,Sideswipe-Same Direction,2,Clear,Dry,Dark-Not Lighted
2022-05-29T23:40:00.000,I 20,I 20 and I 285,,Angle Crash,2,Clear,Dry,Dark-Not Lighted
2022-02-14T13:54:00.000,I 285,I 20 and I 285,,Rear End,2,Clear,Dry,Daylight
2022-12-26T14:12:00.000,I 285,I 20 and I 285,,Rear End,2,Clear,Dry,Daylight
2022-06-17T18:15:00.000,I 285,I 20 and I 285,,Angle Crash,2,Rain,Wet,Daylight
2022-02-05T10:45:00.000,I 285,I 20 and I 285,,Angle Crash,2,Clear,Dry,Daylight
2022-02-22T07:30:00.000,I 285,I 20 and I 285,,Not a Collision with Motor Vehicle,2,Clear,Dry,Daylight
2022-06-27T14:46:00.000,I 20,I 20 and I 285,,Sideswipe-Same Direction,2,Cloudy,Dry,Daylight
2022-10-04T17:26:00.000,I 20,I 20 and I 285,,Rear End,2,Clear,Dry,Daylight
2022-11-01T10:42:00.000,I 20,I 20 and I 285,,Sideswipe-Same Direction,2,Clear,Dry,Daylight
2022-11-14T17:44:00.000,I 20,I 20 and I 285,,Not a Collision with Motor Vehicle,1,Clear,Dry,Dark-Not Lighted
2022-05-22T02:15:00.000,I 20,I 20 and I 285,,Sideswipe-Same Direction,2,Clear,Dry,Dark-Lighted
2022-09-16T13:35:00.000,I 285,I 20 and I 285,,Rear End,2,Clear,Dry,Daylight
2022-08-13T16:00:00.000,I 285,I 20 and I 285,,Not a Collision with Motor Vehicle,1,Clear,Dry,Daylight
2022-01-06T17:30:00.000,I 20,I 20 and I 285,,Rear End,2,Cloudy,Wet,Daylight
2022-07-07T11:00:00.000,I 20,I 20 and I 285,,Rear End,2,Clear,Wet,Daylight
2023-05-29T13:45:00.000,I 285,I 20 and I 285,,Not a Collision with Motor Vehicle,1,Clear,Dry,Daylight
2023-01-10T19:20:00.000,I 285,I 20 and I 285,,Rear End,2,Cloudy,Dry,Dark-Not Lighted
2024-11-25T14:30:00.000,I 20,I 20 and I 285,,Sideswipe-Same Direction,2,Clear,Dry,Daylight
2022-03-27T22:30:00.000,I 285,I 20 and I 285,,Sideswipe-Same Direction,2,Clear,Dry,Dark-Not Lighted
2022-07-22T07:20:00.000,I 285,I 20 and I 285,,Rear End,2,Clear,Dry,Daylight
2021-02-24T08:03:00.000,I 20,I 20 and I 285,,Sideswipe-Same Direction,2,Clear,Dry,Daylight
2020-05-21T17:05:00.000,I 20,I 20 and I 285,,Sideswipe-Same Direction,2,Clear,Dry,Daylight
2021-02-23T11:20:00.000,I 285,I 20 and I 285,,Rear End,3,Clear,Dry,Daylight
2020-05-04T08:55:00.000,I 20,I 20 and I 285,,Sideswipe-Same Direction,2,Clear,Dry,Daylight
2022-11-25T08:44:00.000,I 20,I 20 and I 285,,Not a Collision with Motor Vehicle,1,Other,Other,Daylight
2023-03-30T14:00:00.000,I 285,I 20 and I 285,,Rear End,2,Clear,Dry,Daylight
2023-02-14T14:32:00.000,I 285,I 20 and I 285,,Sideswipe-Same Direction,3,Clear,Dry,Daylight
2023-11-27T16:35:00.000,I 20,I 20 and I 285,,Rear End,2,Clear,Dry,Daylight
2020-02-18T16:00:00.000,I 285,I 20 and I 285,,Rear End,2,Rain,Wet,Daylight
2020-03-30T20:55:00.000,I 20,I 20 and I 285,,Sideswipe-Same Direction,2,Clear,Dry,Dark-Not Lighted
2020-09-25T22:14:00.000,I 20,I 20 and I 285,,Rear End,2,Clear,Dry,Dark-Lighted
2023-08-17T18:40:00.000,I 20,I 20 and I 285,,Rear End,2,Clear,Dry,Daylight
2023-07-24T16:52:00.000,I 285,I 20 and I 285,,Rear End,3,Clear,Dry,Daylight
2023-04-14T19:34:00.000,I 285,I 20 and I 285,,Sideswipe-Same Direction,2,Clear,Dry,Daylight
2023-12-08T14:55:00.000,I 285,I 20 and I 285,,Rear End,3,Clear,Dry,Daylight
2023-03-26T10:00:00.000,I 20,I 20 and I 285,,Sideswipe-Same Direction,2,Rain,Wet,Daylight
2021-07-30T04:40:00.000,I 20,I 20 and I 285,,Sideswipe-Same Direction,2,Clear,Dry,Daylight
2021-08-01T15:00:00.000,I 285,I 20 and I 285,,Rear End,5,Clear,Dry,Daylight
2020-01-25T16:00:00.000,I 285,I 20 and I 285,,Rear End,2,Clear,Dry,Daylight
2020-09-30T16:42:00.000,I 20,I 20 and I 285,,Rear End,3,Clear,Dry,Daylight
2020-12-02T15:19:00.000,I 285,I 20 and I 285,,Rear End,2,Clear,Dry,Daylight
2020-03-07T15:25:00.000,I 20,I 20 and I 285,,Sideswipe-Same Direction,2,Clear,Dry,Daylight
2020-05-10T15:25:00.000,I 20,I 20 and I 285,,Sideswipe-Same Direction,2,Clear,Dry,Daylight
2020-08-19T03:04:00.000,I 285,I 20 and I 285,,Head On,1,Clear,Dry,Dark-Lighted
2020-10-19T13:30:00.000,I 285,I 20 and I 285,,Sideswipe-Same Direction,2,Clear,Dry,Daylight
2020-11-01T16:16:00.000,I 285,I 20 and I 285,,Sideswipe-Same Direction,2,Clear,Dry,Daylight
2020-03-18T17:33:00.000,I 285,I 20 and I 285,,Rear End,2,Clear,Dry,Daylight
2020-02-14T17:55:00.000,I 285,I 20 and I 285,,Rear End,3,Clear,Dry,Dark-Not Lighted
2020-08-13T09:35:00.000,I 20,I 20 and I 285,,Sideswipe-Same Direction,2,Clear,Dry,Daylight
2020-10-21T23:52:00.000,I 20,I 20 and I 285,,Rear End,2,Clear,Dry,Dark-Not Lighted
2020-06-30T17:47:00.000,I 285,I 20 and I 285,,Sideswipe-Same Direction,2,Rain,Wet,Daylight
2020-07-10T08:30:00.000,I 20,I 20 and I 285,,Rear End,2,Clear,Dry,Daylight
2020-07-09T13:00:00.000,I 285,I 20 and I 285,,Not a Collision with Motor Vehicle,2,Clear,Dry,Daylight
2020-08-01T18:32:00.000,I 20,I 20 and I 285,,Rear End,2,Clear,Dry,Daylight
2020-06-02T18:20:00.000,I 285,I 20 and I 285,,Sideswipe-Same Direction,2,Clear,Dry,Daylight
2020-03-24T11:20:00.000,I 285,I 20 and I 285,,Rear End,2,Cloudy,Dry,Daylight
2020-01-29T19:28:00.000,I 20,I 20 and I 285,,Rear End,2,Clear,Dry,Dark-Not Lighted
2020-08-10T18:24:00.000,I 20,I 20 and I 285,,Sideswipe-Same Direction,2,Clear,Wet,Daylight
2020-07-31T06:50:00.000,I 285,I 20 and I 285,,Rear End,3,Clear,Dry,Daylight
2020-10-31T00:05:00.000,I 285,I 20 and I 285,,Rear End,2,Clear,Dry,Dark-Lighted
2020-01-20T13:00:00.000,I 20,I 20 and I 285,,Rear End,2,Clear,Dry,Daylight
2020-06-26T09:28:00.000,I 20,I 20 and I 285,,Rear End,2,Clear,Dry,Daylight
2020-02-17T06:25:00.000,I 285,I 20 and I 285,,Sideswipe-Same Direction,2,Clear,Dry,Dark-Not Lighted
2020-08-14T15:10:00.000,I 285,I 20 and I 285,,Rear End,2,Rain,Wet,Daylight
2020-06-17T14:49:00.000,I 285,I 20 and I 285,,Rear End,2,Clear,Dry,Daylight
2020-02-19T01:30:00.000,I 20,I 20 and I 285,,Angle Crash,2,Rain,Wet,Dark-Not Lighted
2020-08-31T14:17:00.000,I 20,I 20 and I 285,,Rear End,2,Rain,Dry,Daylight
2020-05-07T17:20:00.000,I 285,I 20 and I 285,,Rear End,3,Clear,Dry,Daylight
2020-03-16T07:00:00.000,I 20,I 20 and I 285,,Sideswipe-Same Direction,2,Cloudy,Dry,Daylight
2020-12-03T11:23:00.000,I 20,I 20 and I 285,,Rear End,2,Clear,Dry,Daylight
2020-10-04T11:32:00.000,I 285,I 20 and I 285,,Rear End,2,Clear,Dry,Daylight
2020-11-13T12:43:00.000,I 285,I 20 and I 285,,Sideswipe-Same Direction,2,Clear,Dry,Daylight
2020-06-19T20:36:00.000,I 285,I 20 and I 285,,Sideswipe-Same Direction,2,Clear,Dry,Dusk
2020-12-16T19:32:00.000,I 20,I 20 and I 285,,Rear End,2,Rain,Wet,Dark-Lighted
2020-09-06T20:43:00.000,I 20,I 20 and I 285,,Rear End,2,Clear,Dry,Dark-Lighted
2020-04-30T22:03:00.000,I 285,I 20 and I 285,,Not a Collision with Motor Vehicle,1,Clear,Dry,Dark-Lighted
2020-09-18T17:30:00.000,I 285,I 20 and I 285,,Not a Collision with Motor Vehicle,1,Clear,Dry,Daylight
2020-12-03T00:00:00.000,I 285,I 20 and I 285,,Sideswipe-Same Direction,2,Clear,Dry,Daylight
2020-12-27T20:41:00.000,I 20,I 20 and I 285,,Rear End,3,Clear,Dry,Dark-Lighted
2020-10-25T11:13:00.000,I 20,I 20 and I 285,,Rear End,2,Cloudy,Dry,Daylight
2020-08-31T16:00:00.000,I 285,I 20 and I 285,,Rear End,2,Cloudy,Dry,Daylight
2020-01-11T14:50:00.000,I 20,I 20 and I 285,,Rear End,2,Cloudy,Wet,Daylight
2020-05-19T14:30:00.000,I 20,I 20 and I 285,,Sideswipe-Same Direction,2,Cloudy,Dry,Daylight
2020-11-04T12:00:00.000,I 20,I 20 and I 285,,Sideswipe-Same Direction,2,Clear,Dry,Daylight
2020-12-19T13:16:00.000,I 285,I 20 and I 285,,Rear End,2,Clear,Dry,Daylight
2020-09-26T15:57:00.000,I 285,I 20 and I 285,,Sideswipe-Same Direction,2,Clear,Dry,Daylight
2020-09-28T08:25:00.000,I 20,I 20 and I 285,,Sideswipe-Same Direction,2,Cloudy,Dry,Daylight
2020-11-06T17:55:00.000,I 285,I 20 and I 285,,Rear End,3,Clear,Dry,Daylight
2020-02-11T22:14:00.000,I 20,I 20 and I 285,,Sideswipe-Same Direction,4,Cloudy,Wet,Dark-Lighted
2020-08-21T01:00:00.000,I 285,I 20 and I 285,,Rear End,2,Clear,Dry,Dark-Lighted
2020-10-28T05:50:00.000,I 20,I 20 and I 285,,Sideswipe-Same Direction,2,Rain,Wet,Dark-Not Lighted
2020-03-04T16:15:00.000,I 285,I 20 and I 285,,Sideswipe-Same Direction,2,Rain,Wet,Daylight
2020-03-19T19:20:00.000,I 285,I 20 and I 285,,Sideswipe-Same Direction,2,Clear,Dry,Dusk
2020-06-28T06:09:00.000,I 20,I 20 and I 285,,Sideswipe-Same Direction,2,Clear,Dry,Daylight
2020-11-11T12:15:00.000,I 20,I 20 and I 285,,Not a Collision with Motor Vehicle,1,Rain,Wet,Daylight
2020-01-21T15:27:00.000,I 285,I 20 and I 285,,Rear End,2,Clear,Dry,Daylight
2020-06-04T15:02:00.000,I 20,I 20 and I 285,,Rear End,2,Cloudy,Dry,Daylight
2020-04-23T11:00:00.000,I 20,I 20 and I 285,,Angle Crash,2,Clear,Wet,Daylight
2020-11-09T00:00:00.000,I 20,I 20 and I 285,,Not a Collision with Motor Vehicle,1,Clear,Dry,Daylight
2020-07-26T07:03:00.000,I 20,I 20 and I 285,,Rear End,2,Clear,Wet,Daylight
2020-01-04T03:00:00.000,I 20,I 20 and I 285,,Not a Collision with Motor Vehicle,1,Clear,Wet,Daylight
2020-06-04T06:04:00.000,I 20,I 20 and I 285,,Sideswipe-Same Direction,2,Cloudy,Dry,Dawn
2020-11-29T03:00:00.000,I 20,I 20 and I 285,,Sideswipe-Same Direction,2,Clear,Dry,Dark-Not Lighted
2020-06-16T18:24:00.000,I 20,I 20 and I 285,,Sideswipe-Same Direction,2,Clear,Dry,Daylight
2020-11-29T20:03:00.000,I 20,I 20 and I 285,,Sideswipe-Same Direction,4,Rain,Wet,Dark-Lighted
2020-07-26T21:44:00.000,I 20,I 20 and I 285,,Rear End,5,Cloudy,Wet,Dark-Lighted
2020-08-17T15:18:00.000,I 20,I 20 and I 285,,Sideswipe-Same Direction,2,Clear,Dry,Daylight
2020-02-26T07:15:00.000,I 20,I 20 and I 285,,Sideswipe-Same Direction,2,Clear,Dry,Daylight
2020-03-24T04:52:00.000,I 20,I 20 and I 285,,Not a Collision with Motor Vehicle,1,Cloudy,Wet,Dark-Not Lighted
2020-08-21T12:33:00.000,I 285,I 20 and I 285,,Rear End,2,Cloudy,Wet,Daylight
2020-06-13T08:39:00.000,I 20,I 20 and I 285,,Rear End,3,Clear,Dry,Daylight
2020-07-17T15:20:00.000,I 285,I 20 and I 285,,Sideswipe-Same Direction,2,Clear,Dry,Daylight
2020-01-01T16:50:00.000,I 20,I 20 and I 285,,Rear End,2,Clear,Dry,Daylight
2020-12-10T14:15:00.000,I 285,I 20 and I 285,,Not a Collision with Motor Vehicle,1,Clear,Dry,Daylight
2020-09-11T17:26:00.000,I 285,I 20 and I 285,,Rear End,2,Clear,Dry,Daylight
2020-05-31T22:48:00.000,I 285,I 20 and I 285,,Head On,2,Clear,Dry,Dark-Not Lighted
2020-02-09T13:27:00.000,I 285,I 20 and I 285,,Rear End,2,Clear,Dry,Daylight
2020-06-23T16:54:00.000,I 20,I 20 and I 285,,Rear End,2,Cloudy,Dry,Daylight
2020-10-15T16:20:00.000,I 285,I 20 and I 285,,Rear End,2,Clear,Dry,Daylight
2020-02-11T05:20:00.000,I 20,I 20 and I 285,,Sideswipe-Same Direction,2,Rain,Wet,Dark-Lighted
2020-03-15T19:35:00.000,I 20,I 20 and I 285,,Not a Collision with Motor Vehicle,1,Clear,Dry,Dark-Not Lighted
2020-10-24T21:45:00.000,I 20,I 20 and I 285,,Rear End,2,Rain,Wet,Dark-Lighted
2020-01-03T08:21:00.000,I 285,I 20 and I 285,,Not a Collision with Motor Vehicle,1,Rain,Wet,Daylight
2020-01-08T19:08:00.000,I 20,I 20 and I 285,,Sideswipe-Same Direction,2,Clear,Dry,Dark-Lighted
2020-01-06T06:45:00.000,I 20,I 20 and I 285,,Rear End,2,Clear,Dry,Dusk
2020-10-11T14:32:00.000,I 285,I 20 and I 285,,Not a Collision with Motor Vehicle,1,Clear,Wet,Daylight
2020-09-28T16:42:00.000,I 285,I 20 and I 285,,Rear End,2,Clear,Dry,Daylight
2020-07-30T02:40:00.000,I 285,I 20 and I 285,,Not a Collision with Motor Vehicle,1,Rain,Wet,Dark-Not Lighted
2020-08-08T12:27:00.000,I 20,I 20 and I 285,,Rear End,2,Clear,Dry,Daylight
2020-12-16T17:36:00.000,I 20,I 20 and I 285,,Rear End,2,Rain,Wet,Dark-Lighted
2020-11-02T18:11:00.000,I 285,I 20 and I 285,,Rear End,2,Clear,Dry,Daylight
2020-06-21T18:25:00.000,I 285,I 20 and I 285,,Sideswipe-Same Direction,2,Rain,Wet,Daylight
2020-06-19T16:15:00.000,I 20,I 20 and I 285,,Rear End,5,Cloudy,Dry,Daylight
2020-09-15T23:31:00.000,I 285,I 20 and I 285,,Sideswipe-Same Direction,2,Clear,Dry,Dark-Lighted
2020-09-04T13:50:00.000,I 285,I 20 and I 285,,Rear End,2,Clear,Dry,Daylight
2020-04-04T12:41:00.000,I 20,I 20 and I 285,,Sideswipe-Same Direction,2,Clear,Dry,Daylight
2020-12-18T09:28:00.000,I 285,I 20 and I 285,,Rear End,2,Clear,Dry,Daylight
2020-10-31T15:49:00.000,I 285,I 20 and I 285,,Rear End,2,Clear,Dry,Daylight
2020-02-14T17:23:00.000,I 285,I 20 and I 285,,Sideswipe-Same Direction,2,Clear,Dry,Daylight
2020-12-14T16:09:00.000,I 20,I 20 and I 285,,Rear End,2,Clear,Dry,Daylight
2020-02-21T16:15:00.000,I 20,I 20 and I 285,,Sideswipe-Same Direction,2,Clear,Dry,Daylight
2020-02-15T22:50:00.000,I 20,I 20 and I 285,,Sideswipe-Same Direction,2,Clear,Dry,Dark-Lighted
2020-09-21T21:40:00.000,I 20,I 20 and I 285,,Rear End,2,Clear,Dry,Dark-Not Lighted
2020-11-19T09:45:00.000,I 285,I 20 and I 285,,Rear End,3,Clear,Dry,Daylight
2020-09-29T16:30:00.000,I 20,I 20 and I 285,,Rear End,2,Rain,Wet,Daylight
2020-01-23T16:15:00.000,I 20,I 20 and I 285,,Rear End,2,Rain,Wet,Daylight
2020-10-18T20:15:00.000,I 20,I 20 and I 285,,Sideswipe-Same Direction,2,Clear,Dry,Daylight
2020-03-23T17:57:00.000,I 285,I 20 and I 285,,Rear End,2,Rain,Wet,Daylight
2020-06-23T10:14:00.000,I 20,I 20 and I 285,,Rear End,2,Cloudy,Dry,Daylight
2020-07-16T17:28:00.000,I 285,I 20 and I 285,,Rear End,2,Clear,Dry,Daylight
2020-02-06T07:20:00.000,I 285,I 20 and I 285,,Sideswipe-Same Direction,2,Rain,Wet,Daylight
2020-10-09T20:44:00.000,I 285,I 20 and I 285,,(None),2,Rain,Wet,Dark-Lighted
2020-08-14T16:50:00.000,I 20,I 20 and I 285,,Sideswipe-Same Direction,3,Rain,Wet,Daylight
2020-09-17T15:45:00.000,I 20,I 20 and I 285,,Rear End,3,Rain,Wet,Daylight
2020-12-14T23:50:00.000,I 285,I 20 and I 285,,Angle Crash,2,Clear,Dry,Dark-Not Lighted
2020-01-20T10:57:00.000,I 20,I 20 and I 285,,Rear End,2,Clear,Dry,Daylight
2020-05-22T21:48:00.000,I 285,I 20 and I 285,,Not a Collision with Motor Vehicle,1,Rain,Wet,Dark-Not Lighted
2020-02-20T19:28:00.000,I 285,I 20 and I 285,,Sideswipe-Same Direction,2,Clear,Wet,Dark-Lighted
2020-04-30T21:13:00.000,I 285,I 20 and I 285,,Sideswipe-Same Direction,4,Clear,Dry,Dark-Lighted
2020-01-28T09:09:00.000,I 285,I 20 and I 285,,Sideswipe-Same Direction,2,Clear,Dry,Daylight
2020-04-26T17:17:00.000,I 20,I 20 and I 285,,Not a Collision with Motor Vehicle,1,Cloudy,Dry,Daylight
2020-07-11T18:59:00.000,I 285,I 20 and I 285,,Sideswipe-Same Direction,2,Clear,Dry,Daylight
2020-03-19T11:39:00.000,I 285,I 20 and I 285,,Sideswipe-Same Direction,2,Cloudy,Dry,Daylight
2020-12-09T18:45:00.000,I 285,I 20 and I 285,,Sideswipe-Same Direction,3,Clear,Dry,Dark-Not Lighted
2020-02-03T00:00:00.000,I 20,I 20 and I 285,,Rear End,2,Clear,Dry,Dark-Lighted
2020-01-20T11:39:00.000,I 20,I 20 and I 285,,Sideswipe-Same Direction,2,Clear,Dry,Daylight
2020-01-03T07:16:00.000,I 285,I 20 and I 285,,Not a Collision with Motor Vehicle,1,Rain,Wet,Dawn
2020-07-13T08:35:00.000,I 20,I 20 and I 285,,Rear End,2,Clear,Dry,Daylight
2020-08-11T16:38:00.000,I 285,I 20 and I 285,,Sideswipe-Same Direction,2,Clear,Dry,Daylight
2020-10-29T15:18:00.000,I 285,I 20 and I 285,,Sideswipe-Same Direction,2,Clear,Dry,Daylight
2020-01-04T00:10:00.000,I 20,I 20 and I 285,,Sideswipe-Same Direction,4,Rain,Wet,Dark-Not Lighted
2020-08-20T07:45:00.000,I 285,I 20 and I 285,,Rear End,2,Clear,Dry,Daylight
2020-08-17T06:57:00.000,I 20,I 20 and I 285,,Rear End,3,Clear,Dry,Daylight
2020-08-01T17:43:00.000,I 20,I 20 and I 285,,Not a Collision with Motor Vehicle,2,Clear,Dry,Daylight
2020-11-16T08:28:00.000,I 285,I 20 and I 285,,Rear End,3,Clear,Dry,Daylight
2020-12-22T18:00:00.000,I 20,I 20 and I 285,,Rear End,2,Clear,Dry,Dark-Not Lighted
2020-08-26T07:45:00.000,I 20,I 20 and I 285,,Rear End,2,Cloudy,Dry,Daylight
2020-01-01T19:00:00.000,I 20,I 20 and I 285,,Rear End,2,Clear,Dry,Dark-Lighted
2020-11-18T16:45:00.000,I 285,I 20 and I 285,,Rear End,2,Clear,Dry,Daylight
2020-06-01T12:10:00.000,I 285,I 20 and I 285,,Rear End,2,Clear,Dry,Daylight
2020-08-20T21:15:00.000,I 20,I 20 and I 285,,Rear End,2,Rain,Wet,Dark-Lighted
2020-08-26T13:25:00.000,I 285,I 20 and I 285,,Sideswipe-Same Direction,2,Clear,Dry,Daylight
2020-02-22T11:58:00.000,I 285,I 20 and I 285,,Rear End,3,Clear,Dry,Daylight
2020-03-12T06:53:00.000,I 285,I 20 and I 285,,Sideswipe-Opposite Direction,2,Cloudy,Wet,Dark-Not Lighted
2020-10-03T14:39:00.000,I 285,I 20 and I 285,,Rear End,2,Clear,Dry,Daylight
2020-05-30T18:20:00.000,I 20,I 20 and I 285,,Rear End,2,Clear,Dry,Dawn
2020-12-15T16:23:00.000,I 20,I 20 and I 285,,Sideswipe-Same Direction,2,Cloudy,Dry,Daylight
2020-11-22T17:52:00.000,I 20,I 20 and I 285,,Sideswipe-Same Direction,2,Clear,Dry,Dark-Lighted
2020-07-18T23:04:00.000,I 285,I 20 and I 285,,Rear End,3,Clear,Dry,Dark-Lighted
2020-06-04T14:00:00.000,I 285,I 20 and I 285,,Sideswipe-Same Direction,2,Clear,Dry,Daylight
2020-09-17T11:33:00.000,I 20,I 20 and I 285,,Rear End,2,Rain,Wet,Daylight
2020-09-08T15:10:00.000,I 285,I 20 and I 285,,Rear End,2,Clear,Dry,Daylight
2020-05-06T10:50:00.000,I 285,I 20 and I 285,,Rear End,2,Clear,Dry,Daylight
2020-03-23T12:00:00.000,I 285,I 20 and I 285,,Not a Collision with Motor Vehicle,1,Rain,Wet,Daylight
2020-10-15T22:30:00.000,I 285,I 20 and I 285,,Not a Collision with Motor Vehicle,2,Clear,Dry,Dark-Lighted
2020-06-04T05:57:00.000,I 20,I 20 and I 285,,Rear End,2,Clear,Dry,Daylight
2020-10-29T19:40:00.000,I 20,I 20 and I 285,,Sideswipe-Same Direction,2,Clear,Dry,Daylight
2020-12-11T19:00:00.000,I 285,I 20 and I 285,,Rear End,3,Clear,Dry,Daylight
2020-03-03T16:30:00.000,I 20,I 20 and I 285,,Rear End,2,Cloudy,Dry,Daylight
2020-02-20T14:02:00.000,I 285,I 20 and I 285,,Rear End,2,Rain,Wet,Daylight
2020-01-24T15:59:00.000,I 20,I 20 and I 285,,Sideswipe-Same Direction,2,Clear,Dry,Daylight
2020-02-12T18:40:00.000,I 285,I 20 and I 285,,Angle Crash,2,Clear,Dry,Dusk
2020-12-14T12:35:00.000,I 20,I 20 and I 285,,Angle Crash,2,Clear,Dry,Daylight
2020-03-01T16:30:00.000,I 20,I 20 and I 285,,Sideswipe-Same Direction,3,Clear,Dry,Daylight
2020-12-27T18:18:00.000,I 20,I 20 and I 285,,Sideswipe-Same Direction,4,Clear,Dry,Dark-Lighted
2020-08-14T11:00:00.000,I 20,I 20 and I 285,,Rear End,2,Cloudy,Dry,Daylight
2020-02-11T21:19:00.000,I 20,I 20 and I 285,,Sideswipe-Same Direction,3,Clear,Wet,Dark-Not Lighted
2020-12-20T22:16:00.000,I 20,I 20 and I 285,,Sideswipe-Same Direction,2,Clear,Dry,Dark-Not Lighted
2020-11-21T22:25:00.000,I 20,I 20 and I 285,,Angle Crash,2,Clear,Dry,Dark-Not Lighted
2020-04-15T17:20:00.000,I 285,I 20 and I 285,,Angle Crash,4,Clear,Dry,Daylight
2020-11-09T13:00:00.000,I 285,I 20 and I 285,,Head On,2,Clear,Dry,Daylight
2020-09-30T15:45:00.000,I 285,I 20 and I 285,,Sideswipe-Same Direction,2,Clear,Dry,Daylight
2020-03-06T19:10:00.000,I 285,I 20 and I 285,,Sideswipe-Same Direction,2,Clear,Dry,Dark-Not Lighted
2020-12-23T19:15:00.000,I 285,I 20 and I 285,,Rear End,3,Clear,Dry,Daylight
2020-09-22T15:12:00.000,I 285,I 20 and I 285,,Rear End,3,Cloudy,Dry,Daylight
2020-11-29T21:12:00.000,I 20,I 20 and I 285,,Angle Crash,2,Rain,Wet,Dark-Lighted
2020-03-23T17:55:00.000,I 285,I 20 and I 285,,Angle Crash,3,Rain,Wet,Daylight
2020-07-04T20:06:00.000,I 20,I 20 and I 285,,Rear End,2,Clear,Dry,Dusk
2020-03-11T13:15:00.000,I 285,I 20 and I 285,,Rear End,2,Cloudy,Dry,Daylight
2020-12-19T06:45:00.000,I 20,I 20 and I 285,,Angle Crash,2,Clear,Dry,Dark-Not Lighted
2020-06-11T11:48:00.000,I 20,I 20 and I 285,,Angle Crash,2,Clear,Dry,Daylight
2020-08-25T14:40:00.000,I 20,I 20 and I 285,,Rear End,2,Clear,Dry,Daylight
2020-02-19T13:33:00.000,I 285,I 20 and I 285,,Rear End,2,Clear,Dry,Daylight
2020-09-04T13:16:00.000,I 20,I 20 and I 285,,Rear End,2,Clear,Dry,Daylight
2020-10-28T04:40:00.000,I 285,I 20 and I 285,,Rear End,2,Clear,Dry,Dark-Lighted
2020-07-29T00:34:00.000,I 20,I 20 and I 285,,Not a Collision with Motor Vehicle,2,Clear,Dry,Dark-Not Lighted
2020-03-11T22:45:00.000,I 285,I 20 and I 285,,Head On,3,Cloudy,Wet,Dark-Not Lighted
2020-04-09T20:54:00.000,I 20,I 20 and I 285,,Rear End,3,Clear,Dry,Dark-Lighted
2020-03-23T23:49:00.000,I 285,I 20 and I 285,,Not a Collision with Motor Vehicle,1,Cloudy,Wet,Dark-Not Lighted
2020-02-21T03:00:00.000,I 285,I 20 and I 285,,Sideswipe-Same Direction,2,Cloudy,Wet,Dark-Lighted
2020-01-13T10:20:00.000,I 285,I 20 and I 285,,Rear End,2,Rain,Wet,Daylight
2020-02-22T14:19:00.000,I 20,I 20 and I 285,,Rear End,2,Clear,Dry,Daylight
2020-10-02T21:30:00.000,I 285,I 20 and I 285,,Sideswipe-Same Direction,2,Clear,Dry,Dark-Not Lighted
2020-09-18T16:05:00.000,I 285,I 20 and I 285,,Sideswipe-Same Direction,2,Clear,Dry,Daylight
2020-07-17T10:23:00.000,I 20,I 20 and I 285,,Rear End,2,Clear,Dry,Daylight
2020-11-06T08:00:00.000,I 285,I 20 and I 285,,Not a Collision with Motor Vehicle,2,Clear,Dry,Daylight
2020-08-06T19:07:00.000,I 20,I 20 and I 285,,Rear End,3,Clear,Dry,Daylight
2020-10-01T02:00:00.000,I 20,I 20 and I 285,,Not a Collision with Motor Vehicle,1,Clear,Dry,Dark-Lighted
2020-03-24T06:39:00.000,I 20,I 20 and I 285,,Rear End,2,Fog,Wet,Dark-Not Lighted
2020-03-12T06:40:00.000,I 20,I 20 and I 285,,Sideswipe-Same Direction,2,Cloudy,Wet,Dark-Lighted
2020-10-03T14:08:00.000,I 285,I 20 and I 285,,Sideswipe-Same Direction,2,Clear,Dry,Daylight
2020-05-22T13:15:00.000,I 20,I 20 and I 285,,Rear End,2,Clear,Dry,Daylight
2020-01-25T11:40:00.000,I 285,I 20 and I 285,,Rear End,3,Cloudy,Dry,Daylight
2020-05-20T14:30:00.000,I 20,I 20 and I 285,,Sideswipe-Same Direction,2,Clear,Dry,Daylight
2020-08-01T13:11:00.000,I 285,I 20 and I 285,,Sideswipe-Same Direction,2,Clear,Dry,Daylight
2020-03-02T05:53:00.000,I 20,I 20 and I 285,,Sideswipe-Same Direction,2,Clear,Dry,Dark-Lighted
2020-12-27T12:00:00.000,I 285,I 20 and I 285,,Sideswipe-Same Direction,2,Clear,Dry,Daylight
2020-12-04T22:50:00.000,I 20,I 20 and I 285,,Sideswipe-Same Direction,2,Clear,Dry,Dark-Lighted
2020-10-10T19:27:00.000,I 20,I 20 and I 285,,Not a Collision with Motor Vehicle,1,Rain,Wet,Dark-Lighted