Date and Time,Roadway (From Crash Report),Intersection Name (from Crash Report),KABCO Severity,Manner of Collision (Crash Level) ,# of Vehicles per crash ,Weather Conditions (Crash Level),Surface Condition (Crash Level) ,Light Conditions (Crash Level)
2020-05-11T13:23:00.000,I 285,I 20 and I 285,,Rear End,2,Clear,Dry,Daylight
2020-09-30T01:16:00.000,I 285,I 20 and I 285,,Sideswipe-Same Direction,2,Clear,Dry,Dark-Lighted
2020-11-03T16:17:00.000,I 20,I 20 and I 285,,Rear End,2,Clear,Dry,Daylight
2020-08-20T11:00:00.000,I 285,I 20 and I 285,,Rear End,2,Clear,Dry,Daylight
2020-10-30T18:51:00.000,I 20,I 20 and I 285,,Rear End,2,Clear,Dry,Dark-Not Lighted
2020-12-01T15:36:00.000,I 20,I 20 and I 285,,Sideswipe-Same Direction,2,Clear,Dry,Daylight
2020-08-04T08:10:00.000,I 20,I 20 and I 285,,Rear End,2,Clear,Dry,Daylight
2020-07-16T12:01:00.000,I 20,I 20 and I 285,,Rear End,2,Cloudy,Dry,Daylight
2020-10-30T13:10:00.000,I 20,I 20 and I 285,,Not a Collision with Motor Vehicle,1,Clear,Dry,Daylight
2020-12-29T13:00:00.000,I 285,I 20 and I 285,,Rear End,2,Cloudy,Dry,Daylight
2020-08-02T19:23:00.000,I 20,I 20 and I 285,,Sideswipe-Same Direction,2,Clear,Dry,Daylight
2020-01-30T11:35:00.000,I 20,I 20 and I 285,,Sideswipe-Same Direction,2,Clear,Dry,Daylight
2020-01-10T04:10:00.000,I 20,I 20 and I 285,,Rear End,2,Clear,Dry,Dark-Lighted
2020-05-05T09:40:00.000,I 20,I 20 and I 285,,Sideswipe-Same Direction,2,Clear,Dry,Daylight
2020-07-07T15:00:00.000,I 20,I 20 and I 285,,Rear End,2,Clear,Dry,Daylight
2020-12-22T20:00:00.000,I 285,I 20 and I 285,,Rear End,2,Clear,Dry,Dark-Lighted
2020-09-24T15:20:00.000,I 20,I 20 and I 285,,Not a Collision with Motor Vehicle,1,Rain,Wet,Daylight
2020-09-29T14:53:00.000,I 20,I 20 and I 285,,Sideswipe-Same Direction,2,Rain,Wet,Daylight
2020-06-03T12:31:00.000,I 285,I 20 and I 285,,Sideswipe-Same Direction,2,Clear,Dry,Daylight
2020-06-21T21:14:00.000,I 20,I 20 and I 285,,Rear End,2,Cloudy,Dry,Dark-Lighted
2020-01-17T20:55:00.000,I 285,I 20 and I 285,,Rear End,2,Clear,Dry,Dark-Not Lighted
2020-10-22T14:35:00.000,I 285,I 20 and I 285,,Rear End,2,Cloudy,Dry,Daylight
2020-08-05T09:58:00.000,I 20,I 20 and I 285,,Rear End,3,Clear,Dry,Daylight
2020-10-02T16:01:00.000,I 20,I 20 and I 285,,Not a Collision with Motor Vehicle,2,Clear,Dry,Daylight
2020-08-17T13:10:00.000,I 20,I 20 and I 285,,Rear End,2,Cloudy,Wet,Daylight
2020-08-07T16:39:00.000,I 285,I 20 and I 285,,Sideswipe-Same Direction,2,Clear,Dry,Daylight
2020-05-28T08:30:00.000,I 20,I 20 and I 285,,Rear End,2,Cloudy,Wet,Daylight
2020-10-08T16:34:00.000,I 285,I 20 and I 285,,Not a Collision with Motor Vehicle,2,Clear,Dry,Daylight
2020-12-28T14:33:00.000,I 285,I 20 and I 285,,Angle Crash,2,Cloudy,Dry,Daylight
2020-11-30T07:06:00.000,I 285,I 20 and I 285,,Not a Collision with Motor Vehicle,4,Cloudy,Wet,Dark-Not Lighted
2020-03-08T17:38:00.000,I 20,I 20 and I 285,,Angle Crash,2,Clear,Dry,Daylight
2020-09-12T04:24:00.000,I 20,I 20 and I 285,,Sideswipe-Same Direction,2,Clear,Dry,Dark-Lighted
2020-10-15T16:30:00.000,I 20,I 20 and I 285,,Sideswipe-Same Direction,2,Clear,Dry,Daylight
2020-10-27T08:25:00.000,I 20,I 20 and I 285,,Sideswipe-Same Direction,2,Cloudy,Dry,Daylight
2020-10-23T22:54:00.000,I 20,I 20 and I 285,,Rear End,2,Clear,Dry,Dark-Not Lighted
2020-09-18T02:08:00.000,I 20,I 20 and I 285,,Head On,2,Cloudy,Wet,Dark-Lighted
2020-10-02T12:28:00.000,I 285,I 20 and I 285,,Rear End,2,Clear,Dry,Daylight
2020-08-14T23:02:00.000,I 20,I 20 and I 285,,Angle Crash,2,Clear,Dry,Dark-Lighted
2020-06-01T14:59:00.000,I 285,I 20 and I 285,,Angle Crash,2,Clear,Dry,Daylight
2020-02-20T07:15:00.000,I 20,I 20 and I 285,,Rear End,2,Rain,Wet,Daylight
2020-11-25T19:09:00.000,I 285,I 20 and I 285,,Sideswipe-Same Direction,2,Rain,Wet,Dark-Lighted
2020-01-13T07:34:00.000,I 285,I 20 and I 285,,Sideswipe-Same Direction,2,Rain,Wet,Dark-Lighted
2020-12-14T07:20:00.000,I 20,I 20 and I 285,,Not a Collision with Motor Vehicle,1,Rain,Wet,Daylight
2020-01-15T14:05:00.000,I 285,I 20 and I 285,,Rear End,2,Cloudy,Dry,Daylight
2020-11-21T19:15:00.000,I 20,I 20 and I 285,,Rear End,2,Clear,Dry,Dark-Lighted
2020-11-09T20:51:00.000,I 20,I 20 and I 285,,Sideswipe-Same Direction,2,Clear,Dry,Dark-Not Lighted
2020-05-20T00:04:00.000,I 285,I 20 and I 285,,Angle Crash,3,Rain,Wet,Dark-Lighted
2020-02-06T16:48:00.000,I 20,I 20 and I 285,,Rear End,2,Rain,Wet,Daylight
2020-06-08T16:10:00.000,I 20,I 20 and I 285,,Rear End,2,Clear,Dry,Daylight
2020-02-29T16:20:00.000,I 285,I 20 and I 285,,Rear End,2,Clear,Dry,Daylight
2020-02-19T01:30:00.000,I 20,I 20 and I 285,,Angle Crash,2,Rain,Wet,Dark-Not Lighted
2020-08-26T18:00:00.000,I 20,I 20 and I 285,,Sideswipe-Same Direction,2,Clear,Dry,Daylight
2020-05-29T14:50:00.000,I 285,I 20 and I 285,,Sideswipe-Same Direction,2,Cloudy,Dry,Daylight
2020-03-03T15:45:00.000,I 285,I 20 and I 285,,Rear End,2,Cloudy,Dry,Daylight
2020-12-20T11:14:00.000,I 285,I 20 and I 285,,Angle Crash,2,Clear,Dry,Daylight
2020-07-21T14:27:00.000,I 285,I 20 and I 285,,Rear End,3,Clear,Dry,Daylight
2020-05-16T16:37:00.000,I 20,I 20 and I 285,,Sideswipe-Same Direction,2,Clear,Dry,Daylight
2020-08-24T07:00:00.000,I 285,I 20 and I 285,,Not a Collision with Motor Vehicle,1,Rain,Wet,Daylight
2020-06-05T00:23:00.000,I 20,I 20 and I 285,,Rear End,2,Clear,Dry,Dark-Lighted
2020-02-07T14:17:00.000,I 20,I 20 and I 285,,Rear End,2,Cloudy,Dry,Daylight
2020-09-17T06:29:00.000,I 20,I 20 and I 285,,Rear End,2,Rain,Wet,Dawn
2020-01-31T14:00:00.000,I 20,I 20 and I 285,,Rear End,3,Cloudy,Wet,Daylight
2020-03-11T16:51:00.000,I 285,I 20 and I 285,,Rear End,2,Rain,Wet,Daylight
2020-11-27T17:15:00.000,I 20,I 20 and I 285,,Rear End,2,Clear,Dry,Dawn
2020-08-10T15:59:00.000,I 285,I 20 and I 285,,Rear End,2,Severe Thunderstorm or Tornadic,Wet,Daylight
2020-07-29T14:57:00.000,I 285,I 20 and I 285,,Rear End,2,Clear,Dry,Daylight
2020-09-10T22:26:00.000,I 285,I 20 and I 285,,Sideswipe-Same Direction,2,Clear,Dry,Dark-Lighted
2020-09-09T03:04:00.000,I 20,I 20 and I 285,,Rear End,2,Clear,Dry,Dark-Lighted
2020-05-01T07:09:00.000,I 285,I 20 and I 285,,Sideswipe-Same Direction,2,Clear,Dry,Daylight
2020-10-03T13:50:00.000,I 285,I 20 and I 285,,Rear End,2,Clear,Dry,Dark-Lighted
2020-01-30T08:14:00.000,I 285,I 20 and I 285,,Not a Collision with Motor Vehicle,1,Clear,Dry,Daylight
2020-07-08T08:32:00.000,I 285,I 20 and I 285,,Sideswipe-Same Direction,2,Clear,Dry,Daylight
2020-01-19T02:58:00.000,I 20,I 20 and I 285,,Rear End,2,Rain,Wet,Dark-Lighted
2020-11-04T17:11:00.000,I 20,I 20 and I 285,,Sideswipe-Same Direction,2,Clear,Dry,Dark-Lighted
2020-07-26T06:35:00.000,I 20,I 20 and I 285,,Not a Collision with Motor Vehicle,1,Clear,Dry,Daylight
2020-11-19T13:09:00.000,I 285,I 20 and I 285,,Sideswipe-Same Direction,2,Clear,Dry,Daylight
2020-06-25T05:00:00.000,I 285,I 20 and I 285,,Not a Collision with Motor Vehicle,1,Rain,Wet,Dark-Lighted
2020-10-16T17:50:00.000,I 20,I 20 and I 285,,Rear End,2,Clear,Dry,Daylight
2020-09-19T14:00:00.000,I 20,I 20 and I 285,,Sideswipe-Same Direction,2,Clear,Dry,Daylight
2020-11-01T12:28:00.000,I 285,I 20 and I 285,,Sideswipe-Same Direction,2,Clear,Dry,Daylight
2020-11-30T05:40:00.000,I 285,I 20 and I 285,,Not a Collision with Motor Vehicle,1,Rain,Wet,Dark-Not Lighted
2020-09-17T07:42:00.000,I 20,I 20 and I 285,,Rear End,2,Rain,Wet,Daylight
2020-10-15T16:32:00.000,I 285,I 20 and I 285,,Rear End,2,Clear,Dry,Daylight
2020-09-14T14:34:00.000,I 20,I 20 and I 285,,Rear End,2,Rain,Wet,Daylight
2020-10-29T04:28:00.000,I 20,I 20 and I 285,,Sideswipe-Same Direction,2,Severe Thunderstorm or Tornadic,Wet,Dark-Not Lighted
2020-01-31T15:00:00.000,I 20,I 20 and I 285,,Not a Collision with Motor Vehicle,1,Cloudy,Dry,Daylight
2020-10-29T20:08:00.000,I 20,I 20 and I 285,,Rear End,2,Clear,Dry,Dark-Not Lighted
2020-08-04T14:15:00.000,I 285,I 20 and I 285,,Rear End,2,Clear,Dry,Daylight
2020-02-08T04:53:00.000,I 20,I 20 and I 285,,Sideswipe-Same Direction,3,Clear,Dry,Dark-Lighted
2020-09-15T15:07:00.000,I 285,I 20 and I 285,,Rear End,2,Cloudy,Dry,Daylight
2020-09-12T19:24:00.000,I 20,I 20 and I 285,,Not a Collision with Motor Vehicle,1,Clear,Dry,Dark-Lighted
2020-10-14T09:04:00.000,I 285,I 20 and I 285,,Angle Crash,2,Clear,Dry,Daylight
2020-04-03T00:13:00.000,I 20,I 20 and I 285,,Not a Collision with Motor Vehicle,1,Clear,Dry,Dark-Not Lighted
2020-04-26T17:17:00.000,I 20,I 20 and I 285,,Not a Collision with Motor Vehicle,1,Cloudy,Dry,Daylight
2020-02-06T14:44:00.000,I 20,I 20 and I 285,,Sideswipe-Same Direction,2,Rain,Wet,Daylight
2020-07-13T08:20:00.000,I 20,I 20 and I 285,,Rear End,2,Clear,Dry,Daylight
2020-06-19T09:28:00.000,I 20,I 20 and I 285,,Not a Collision with Motor Vehicle,1,Clear,Dry,Daylight
2020-06-26T10:03:00.000,I 285,I 20 and I 285,,Sideswipe-Same Direction,2,Clear,Dry,Daylight
2020-11-16T10:40:00.000,I 285,I 20 and I 285,,Rear End,2,Clear,Dry,Daylight
2020-12-04T20:25:00.000,I 20,I 20 and I 285,,Sideswipe-Same Direction,2,Clear,Dry,Daylight
2020-09-12T14:44:00.000,I 285,I 20 and I 285,,Angle Crash,3,Clear,Dry,Daylight
2020-06-28T06:30:00.000,I 20,I 20 and I 285,,Not a Collision with Motor Vehicle,1,Clear,Wet,Daylight
2020-08-21T19:38:00.000,I 20,I 20 and I 285,,Rear End,3,Rain,Wet,Daylight
2020-11-13T23:50:00.000,I 285,I 20 and I 285,,Angle Crash,2,Clear,Dry,Dark-Lighted
2020-02-29T08:34:00.000,I 20,I 20 and I 285,,Rear End,2,Clear,Dry,Daylight
2020-06-04T13:42:00.000,I 20,I 20 and I 285,,Sideswipe-Same Direction,3,Clear,Dry,Daylight
2020-08-31T15:30:00.000,I 20,I 20 and I 285,,Rear End,2,Clear,Dry,Daylight
2020-03-06T15:30:00.000,I 20,I 20 and I 285,,Sideswipe-Same Direction,2,Clear,Dry,Daylight
2020-08-16T07:40:00.000,I 285,I 20 and I 285,,Angle Crash,2,Clear,Dry,Daylight
2020-11-04T20:02:00.000,I 20,I 20 and I 285,,Rear End,2,Clear,Dry,Dark-Lighted
2020-09-16T12:28:00.000,I 285,I 20 and I 285,,Sideswipe-Same Direction,2,Rain,Dry,Daylight
2020-09-01T07:45:00.000,I 285,I 20 and I 285,,Rear End,2,Clear,Dry,Daylight
2020-12-17T08:52:00.000,I 20,I 20 and I 285,,Sideswipe-Same Direction,2,Cloudy,Dry,Daylight
2020-09-09T14:55:00.000,I 285,I 20 and I 285,,Sideswipe-Same Direction,2,Clear,Dry,Daylight
2020-10-27T07:40:00.000,I 20,I 20 and I 285,,Rear End,2,Cloudy,Dry,Daylight
2020-09-17T16:40:00.000,I 285,I 20 and I 285,,Head On,2,Rain,Wet,Daylight
2020-01-08T12:45:00.000,I 20,I 20 and I 285,,Sideswipe-Same Direction,2,Clear,Dry,Daylight
2020-08-18T15:04:00.000,I 20,I 20 and I 285,,Sideswipe-Same Direction,2,Clear,Dry,Daylight
2020-07-21T12:00:00.000,I 285,I 20 and I 285,,Not a Collision with Motor Vehicle,2,Clear,Dry,Daylight
2020-06-08T16:45:00.000,I 285,I 20 and I 285,,Rear End,4,Clear,Dry,Daylight
2020-03-09T07:30:00.000,I 20,I 20 and I 285,,Sideswipe-Same Direction,2,Clear,Dry,Daylight
2020-08-21T11:18:00.000,I 285,I 20 and I 285,,Rear End,2,Cloudy,Wet,Daylight
2020-12-06T13:20:00.000,I 20,I 20 and I 285,,Rear End,2,Cloudy,Dry,Daylight
2020-06-08T09:00:00.000,I 20,I 20 and I 285,,Sideswipe-Same Direction,2,Clear,Dry,Daylight
2020-10-31T07:45:00.000,I 285,I 20 and I 285,,Rear End,2,Clear,Dry,Daylight
2020-02-23T13:33:00.000,I 20,I 20 and I 285,,Rear End,3,Cloudy,Dry,Daylight
2020-01-22T18:17:00.000,I 20,I 20 and I 285,,Rear End,2,Clear,Dry,Dark-Lighted
2020-01-13T07:40:00.000,I 20,I 20 and I 285,,Rear End,2,Rain,Wet,Dawn
2020-11-06T15:20:00.000,I 285,I 20 and I 285,,Rear End,2,Clear,Dry,Daylight
2020-09-17T06:32:00.000,I 20,I 20 and I 285,,Not a Collision with Motor Vehicle,1,Rain,Wet,Dark-Lighted
2020-06-06T15:17:00.000,I 20,I 20 and I 285,,Rear End,2,Clear,Dry,Daylight
2020-02-07T19:45:00.000,I 285,I 20 and I 285,,Rear End,2,Cloudy,Dry,Dark-Lighted
2020-10-27T16:31:00.000,I 20,I 20 and I 285,,Sideswipe-Same Direction,2,Clear,Dry,Daylight
2020-07-18T14:29:00.000,I 285,I 20 and I 285,,Rear End,2,Clear,Dry,Daylight
2020-06-12T10:39:00.000,I 20,I 20 and I 285,,Angle Crash,2,Clear,Dry,Daylight
2020-10-21T22:28:00.000,I 20,I 20 and I 285,,Angle Crash,2,Clear,Dry,Dark-Not Lighted
2020-07-07T16:14:00.000,I 20,I 20 and I 285,,Rear End,2,Cloudy,Dry,Daylight
2020-07-30T02:30:00.000,I 285,I 20 and I 285,,Not a Collision with Motor Vehicle,1,Cloudy,Wet,Dark-Not Lighted
2020-09-25T18:45:00.000,I 285,I 20 and I 285,,Rear End,2,Clear,Dry,Daylight
2020-07-17T19:57:00.000,I 20,I 20 and I 285,,Rear End,4,Clear,Dry,Daylight
2020-06-27T15:00:00.000,I 285,I 20 and I 285,,Rear End,2,Clear,Dry,Daylight
2020-01-02T12:20:00.000,I 20,I 20 and I 285,,Head On,2,Rain,Wet,Daylight
2020-09-08T14:35:00.000,I 20,I 20 and I 285,,Rear End,2,Clear,Dry,Daylight
2020-07-15T21:28:00.000,I 20,I 20 and I 285,,Not a Collision with Motor Vehicle,1,Rain,Wet,Daylight
2020-09-03T02:22:00.000,I 20,I 20 and I 285,,Angle Crash,3,Clear,Dry,Dark-Lighted
2020-04-09T21:34:00.000,I 20,I 20 and I 285,,Rear End,2,Clear,Dry,Dark-Lighted
2020-02-05T08:08:00.000,I 20,I 20 and I 285,,Rear End,2,Clear,Dry,Daylight
2020-05-03T13:05:00.000,I 20,I 20 and I 285,,Angle Crash,2,Clear,Dry,Daylight
2020-12-12T06:25:00.000,I 20,I 20 and I 285,,Angle Crash,2,Clear,Dry,Dark-Lighted
2020-02-20T17:50:00.000,I 285,I 20 and I 285,,Sideswipe-Opposite Direction,2,Cloudy,Wet,Daylight
2020-01-20T09:40:00.000,I 20,I 20 and I 285,,Rear End,2,Clear,Dry,Daylight
2020-10-31T16:33:00.000,I 285,I 20 and I 285,,Rear End,2,Clear,Dry,Daylight
2020-06-28T11:17:00.000,I 20,I 20 and I 285,,Sideswipe-Same Direction,2,Clear,Dry,Daylight
2020-08-14T00:00:00.000,I 20,I 20 and I 285,,Not a Collision with Motor Vehicle,1,Clear,Dry,Dark-Not Lighted
2020-06-21T01:05:00.000,I 285,I 20 and I 285,,Not a Collision with Motor Vehicle,1,Clear,Dry,Dark-Not Lighted
2020-01-17T19:20:00.000,I 20,I 20 and I 285,,Sideswipe-Same Direction,2,Clear,Dry,Dark-Lighted
2020-11-01T00:33:00.000,I 20,I 20 and I 285,,Sideswipe-Same Direction,2,Cloudy,Dry,Dark-Not Lighted
2020-03-07T10:09:00.000,I 285,I 20 and I 285,,Rear End,2,Clear,Dry,Daylight
2020-04-20T02:03:00.000,I 20,I 20 and I 285,,Angle Crash,2,Rain,Water (standing or moving),Dark-Lighted
2020-09-16T12:28:00.000,I 20,I 20 and I 285,,Rear End,3,Rain,Wet,Daylight
2020-12-07T18:14:00.000,I 20,I 20 and I 285,,Sideswipe-Same Direction,2,Clear,Dry,Dusk
2020-07-07T15:55:00.000,I 285,I 20 and I 285,,Rear End,2,Clear,Dry,Daylight
2020-08-25T17:00:00.000,I 20,I 20 and I 285,,Rear End,2,Rain,Wet,Daylight
2020-08-11T00:02:00.000,I 20,I 20 and I 285,,Rear End,2,Clear,Dry,Dark-Not Lighted
2020-04-21T18:54:00.000,I 285,I 20 and I 285,,Sideswipe-Same Direction,2,Clear,Dry,Daylight
2020-12-11T20:00:00.000,I 20,I 20 and I 285,,Sideswipe-Same Direction,2,Clear,Dry,Dark-Lighted
2020-02-06T15:53:00.000,I 20,I 20 and I 285,,Rear End,2,Rain,Wet,Daylight
2020-09-22T07:20:00.000,I 20,I 20 and I 285,,Sideswipe-Same Direction,3,Clear,Dry,Daylight
2020-02-23T17:45:00.000,I 285,I 20 and I 285,,Angle Crash,3,Clear,Dry,Daylight
2020-03-21T17:36:00.000,I 20,I 20 and I 285,,Sideswipe-Same Direction,2,Clear,Dry,Daylight
2020-08-17T09:15:00.000,I 20,I 20 and I 285,,Sideswipe-Same Direction,2,Clear,Dry,Daylight
2020-01-13T09:56:00.000,I 20,I 20 and I 285,,Rear End,2,Rain,Wet,Daylight
2020-08-17T08:30:00.000,I 20,I 20 and I 285,,Rear End,2,Clear,Dry,Daylight
2020-06-28T17:50:00.000,I 20,I 20 and I 285,,Rear End,3,Clear,Dry,Daylight
2020-08-11T08:49:00.000,I 285,I 20 and I 285,,Rear End,2,Cloudy,Dry,Daylight
2020-09-21T16:40:00.000,I 285,I 20 and I 285,,Rear End,2,Clear,Dry,Daylight
2020-02-11T05:29:00.000,I 20,I 20 and I 285,,Rear End,4,Rain,Wet,Dark-Lighted
2020-09-17T16:50:00.000,I 285,I 20 and I 285,,Rear End,2,Rain,Wet,Daylight
2020-12-26T17:30:00.000,I 285,I 20 and I 285,,Rear End,2,Clear,Dry,Daylight
2020-12-08T13:20:00.000,I 20,I 20 and I 285,,Sideswipe-Same Direction,2,Clear,Dry,Daylight
2020-09-03T17:35:00.000,I 20,I 20 and I 285,,Sideswipe-Same Direction,4,Clear,Dry,Daylight
2020-07-29T13:15:00.000,I 20,I 20 and I 285,,Angle Crash,3,Cloudy,Wet,Daylight
2020-08-29T16:20:00.000,I 20,I 20 and I 285,,Rear End,3,Clear,Dry,Daylight
2020-12-02T23:31:00.000,I 285,I 20 and I 285,,Not a Collision with Motor Vehicle,1,Clear,Dry,Dark-Lighted
2020-04-23T01:00:00.000,I 20,I 20 and I 285,,Angle Crash,2,Rain,Wet,Dark-Lighted
2020-03-07T12:56:00.000,I 285,I 20 and I 285,,Rear End,2,Clear,Dry,Daylight
2020-03-06T10:40:00.000,I 20,I 20 and I 285,,Rear End,2,Clear,Dry,Daylight
2020-02-22T22:20:00.000,I 285,I 20 and I 285,,Rear End,2,Clear,Dry,Dark-Lighted
2020-05-15T11:45:00.000,I 285,I 20 and I 285,,Sideswipe-Same Direction,2,Cloudy,Dry,Daylight
2020-12-10T11:49:00.000,I 20,I 20 and I 285,,Rear End,2,Clear,Dry,Daylight
2020-09-17T16:30:00.000,I 20,I 20 and I 285,,Rear End,2,Cloudy,Wet,Daylight
2020-03-08T15:39:00.000,I 20,I 20 and I 285,,Rear End,2,Clear,Dry,Daylight
2020-08-31T12:30:00.000,I 20,I 20 and I 285,,Sideswipe-Same Direction,2,Cloudy,Dry,Daylight
2020-11-08T19:38:00.000,I 20,I 20 and I 285,,Rear End,2,Clear,Dry,Daylight
2020-11-12T07:13:00.000,I 20,I 20 and I 285,,Sideswipe-Same Direction,2,Cloudy,Wet,Daylight
2020-01-17T18:39:00.000,I 285,I 20 and I 285,,Rear End,1,Clear,Dry,Dark-Lighted
2020-10-27T15:00:00.000,I 20,I 20 and I 285,,Angle Crash,2,Clear,Dry,Daylight
2020-04-01T20:40:00.000,I 285,I 20 and I 285,,Sideswipe-Same Direction,2,Clear,Dry,Dark-Not Lighted
2020-12-21T18:11:00.000,I 20,I 20 and I 285,,Sideswipe-Same Direction,2,Clear,Dry,Dark-Lighted
2020-02-10T17:26:00.000,I 285,I 20 and I 285,,Sideswipe-Same Direction,2,Rain,Water (standing or moving),Daylight
2020-09-03T15:45:00.000,I 20,I 20 and I 285,,Rear End,2,Clear,Dry,Daylight
2020-02-22T01:10:00.000,I 20,I 20 and I 285,,Angle Crash,2,Clear,Dry,Daylight
2020-11-19T12:00:00.000,I 20,I 20 and I 285,,Rear End,2,Clear,Dry,Daylight
2020-06-12T17:00:00.000,I 285,I 20 and I 285,,Rear End,2,Clear,Dry,Daylight
2020-09-25T22:00:00.000,I 285,I 20 and I 285,,Sideswipe-Same Direction,2,Rain,Wet,Dark-Lighted
2020-04-27T16:15:00.000,I 20,I 20 and I 285,,Rear End,2,Clear,Dry,Daylight
2020-09-11T21:49:00.000,I 20,I 20 and I 285,,Sideswipe-Same Direction,2,Clear,Dry,Dark-Lighted
2020-10-13T17:00:00.000,I 285,I 20 and I 285,,Rear End,2,Clear,Dry,Daylight
2020-09-20T15:26:00.000,I 20,I 20 and I 285,,Sideswipe-Same Direction,2,Clear,Dry,Daylight
2020-12-14T10:00:00.000,I 20,I 20 and I 285,,Not a Collision with Motor Vehicle,1,Clear,Dry,Daylight
2020-11-12T22:20:00.000,I 285,I 20 and I 285,,Sideswipe-Same Direction,2,(None),Dry,Dark-Not Lighted
2020-09-24T19:25:00.000,I 20,I 20 and I 285,,Sideswipe-Same Direction,2,Rain,Wet,Dark-Not Lighted
2020-06-03T06:22:00.000,I 20,I 20 and I 285,,Sideswipe-Same Direction,2,Clear,Dry,Daylight
2020-04-04T20:45:00.000,I 285,I 20 and I 285,,Not a Collision with Motor Vehicle,1,Clear,Dry,Dark-Not Lighted
2020-03-16T16:15:00.000,I 20,I 20 and I 285,,Not a Collision with Motor Vehicle,1,Cloudy,Dry,Daylight
2020-11-12T16:20:00.000,I 285,I 20 and I 285,,Rear End,3,Clear,Dry,Daylight
2020-02-18T18:45:00.000,I 20,I 20 and I 285,,Rear End,2,Rain,Wet,Dark-Lighted
2020-09-09T08:35:00.000,I 20,I 20 and I 285,,Sideswipe-Same Direction,2,Cloudy,Dry,Daylight
2020-01-23T07:52:00.000,I 285,I 20 and I 285,,Rear End,2,Cloudy,Dry,Daylight
2020-08-18T17:25:00.000,I 285,I 20 and I 285,,Sideswipe-Same Direction,2,Clear,Oil,Daylight
2020-07-16T00:52:00.000,I 285,I 20 and I 285,,Not a Collision with Motor Vehicle,1,Clear,Dry,Dark-Not Lighted
2020-02-03T00:00:00.000,I 20,I 20 and I 285,,Rear End,3,Clear,Dry,Dark-Lighted
2020-10-18T04:35:00.000,I 285,I 20 and I 285,,Rear End,2,Clear,Dry,Daylight
2020-08-18T19:44:00.000,I 285,I 20 and I 285,,Sideswipe-Same Direction,2,Clear,Dry,Daylight
2020-02-16T11:00:00.000,I 285,I 20 and I 285,,Not a Collision with Motor Vehicle,1,Rain,Wet,Daylight
2020-02-05T13:40:00.000,I 285,I 20 and I 285,,Sideswipe-Same Direction,2,Cloudy,Dry,Daylight
2020-12-15T19:40:00.000,I 285,I 20 and I 285,,Sideswipe-Same Direction,3,Cloudy,Dry,Dark-Lighted
2020-11-04T15:00:00.000,I 285,I 20 and I 285,,Rear End,2,Clear,Dry,Daylight
2020-09-10T00:21:00.000,I 285,I 20 and I 285,,Rear End,2,Clear,Dry,Dark-Not Lighted
2020-08-16T23:15:00.000,I 285,I 20 and I 285,,Not a Collision with Motor Vehicle,1,Cloudy,Dry,Daylight
2020-11-24T20:14:00.000,I 20,I 20 and I 285,,Sideswipe-Same Direction,2,Clear,Dry,Dark-Lighted
2020-10-16T21:30:00.000,I 285,I 20 and I 285,,Sideswipe-Same Direction,2,Clear,Dry,Dusk
2020-06-21T01:05:00.000,I 285,I 20 and I 285,,Not a Collision with Motor Vehicle,1,Clear,Dry,Dark-Not Lighted
2020-06-15T17:22:00.000,I 285,I 20 and I 285,,Sideswipe-Same Direction,2,Clear,Dry,Daylight
2020-07-26T21:57:00.000,I 20,I 20 and I 285,,Rear End,2,Clear,Dry,Dark-Lighted
2020-10-02T05:53:00.000,I 20,I 20 and I 285,,Not a Collision with Motor Vehicle,1,Clear,Dry,Dark-Lighted
2020-04-16T12:30:00.000,I 285,I 20 and I 285,,Sideswipe-Same Direction,2,Cloudy,Dry,Daylight
2020-10-09T07:35:00.000,I 20,I 20 and I 285,,Sideswipe-Same Direction,3,Clear,Dry,Daylight
2020-09-17T06:40:00.000,I 20,I 20 and I 285,,Rear End,2,Rain,Wet,Daylight
2020-09-04T18:47:00.000,I 20,I 20 and I 285,,Rear End,2,Clear,Dry,Daylight
2020-02-05T19:37:00.000,I 285,I 20 and I 285,,Rear End,2,Cloudy,Wet,Dark-Not Lighted
2020-08-15T18:00:00.000,I 20,I 20 and I 285,,Sideswipe-Same Direction,2,Clear,Dry,Daylight
2020-06-18T14:39:00.000,I 285,I 20 and I 285,,Sideswipe-Same Direction,2,Cloudy,Dry,Daylight
2020-12-15T18:30:00.000,I 20,I 20 and I 285,,Sideswipe-Same Direction,2,Cloudy,Dry,Dark-Lighted
2020-07-01T09:35:00.000,I 285,I 20 and I 285,,Rear End,2,Cloudy,Dry,Daylight
2020-02-15T13:31:00.000,I 285,I 20 and I 285,,Rear End,2,Clear,Dry,Daylight
2020-07-16T00:00:00.000,I 20,I 20 and I 285,,Rear End,2,Cloudy,Wet,Daylight
2020-01-16T14:59:00.000,I 20,I 20 and I 285,,Not a Collision with Motor Vehicle,1,Cloudy,Dry,Daylight
2020-08-18T17:41:00.000,I 285,I 20 and I 285,,Rear End,2,Clear,Oil,Daylight
2020-08-26T09:40:00.000,I 20,I 20 and I 285,,Rear End,3,Cloudy,Dry,Daylight