Date and Time,Roadway (From Crash Report),Intersection Name (from Crash Report),KABCO Severity,Manner of Collision (Crash Level) ,# of Vehicles per crash ,Weather Conditions (Crash Level),Surface Condition (Crash Level) ,Light Conditions (Crash Level)
2020-03-05T18:08:00.000,I 285,I 20 and I 285,,Sideswipe-Same Direction,2,Clear,Wet,Dark-Lighted
2020-11-29T15:25:00.000,I 285,I 20 and I 285,,Rear End,2,Rain,Wet,Daylight
2020-08-09T23:53:00.000,I 20,I 20 and I 285,,Rear End,2,Clear,Dry,Dark-Lighted
2020-08-03T16:35:00.000,I 20,I 20 and I 285,,Sideswipe-Same Direction,2,Clear,Wet,Daylight
2020-10-15T16:10:00.000,I 285,I 20 and I 285,,Rear End,2,Clear,Dry,Daylight
2020-10-18T10:20:00.000,I 20,I 20 and I 285,,Not a Collision with Motor Vehicle,2,Clear,Dry,Daylight
2020-02-10T08:15:00.000,I 285,I 20 and I 285,,Not a Collision with Motor Vehicle,2,Cloudy,Dry,Dark-Lighted
2020-12-21T18:35:00.000,I 285,I 20 and I 285,,Rear End,2,Clear,Dry,Dark-Not Lighted
2020-02-20T14:30:00.000,I 285,I 20 and I 285,,Rear End,2,Rain,Wet,Daylight
2020-12-16T19:12:00.000,I 20,I 20 and I 285,,Rear End,2,Clear,Wet,Dark-Lighted
2020-02-28T12:45:00.000,I 20,I 20 and I 285,,Rear End,2,Clear,Dry,Daylight
2020-08-25T16:20:00.000,I 20,I 20 and I 285,,Not a Collision with Motor Vehicle,2,Rain,Wet,Daylight
2020-06-24T02:31:00.000,I 285,I 20 and I 285,,Angle Crash,1,Clear,Dry,Dark-Lighted
2020-11-19T10:04:00.000,I 20,I 20 and I 285,,Sideswipe-Same Direction,2,Clear,Dry,Daylight
2020-03-07T21:46:00.000,I 20,I 20 and I 285,,Rear End,2,Clear,Dry,Dark-Lighted
2020-12-03T13:23:00.000,I 285,I 20 and I 285,,Rear End,2,Clear,Dry,Daylight
2020-12-14T14:06:00.000,I 20,I 20 and I 285,,Not a Collision with Motor Vehicle,2,Clear,Dry,Daylight
2020-06-25T13:42:00.000,I 285,I 20 and I 285,,Rear End,2,Cloudy,Dry,Daylight
2020-05-08T14:05:00.000,I 20,I 20 and I 285,,Sideswipe-Same Direction,3,Rain,Wet,Daylight
2020-01-22T07:40:00.000,I 285,I 20 and I 285,,Rear End,2,Clear,Dry,Daylight
2020-11-11T06:40:00.000,I 20,I 20 and I 285,,Rear End,2,Clear,Wet,Dawn
2020-01-03T10:00:00.000,I 20,I 20 and I 285,,Rear End,2,Rain,Wet,Daylight
2020-04-07T02:33:00.000,I 285,I 20 and I 285,,Sideswipe-Same Direction,2,Clear,Dry,Dark-Lighted
2020-03-09T10:00:00.000,I 20,I 20 and I 285,,Sideswipe-Same Direction,2,Clear,Dry,Daylight
2020-07-09T17:30:00.000,I 285,I 20 and I 285,,Sideswipe-Same Direction,2,Cloudy,Dry,Daylight
2020-08-19T00:10:00.000,I 285,I 20 and I 285,,Not a Collision with Motor Vehicle,1,Clear,Dry,Dark-Not Lighted
2020-12-16T18:12:00.000,I 20,I 20 and I 285,,Angle Crash,2,Clear,Wet,Dark-Lighted
2020-04-04T20:45:00.000,I 285,I 20 and I 285,,Sideswipe-Same Direction,2,Clear,Dry,Dark-Not Lighted
2020-01-23T14:19:00.000,I 20,I 20 and I 285,,Sideswipe-Same Direction,3,Rain,Wet,Daylight
2020-11-25T17:56:00.000,I 285,I 20 and I 285,,Sideswipe-Same Direction,2,Rain,Wet,Dark-Lighted
2020-04-14T19:14:00.000,I 20,I 20 and I 285,,Rear End,2,Clear,Dry,Daylight
2020-09-20T10:30:00.000,I 285,I 20 and I 285,,Sideswipe-Opposite Direction,4,Clear,Dry,Daylight
2020-09-08T12:35:00.000,I 20,I 20 and I 285,,Rear End,2,Clear,Dry,Daylight
2020-06-22T03:52:00.000,I 20,I 20 and I 285,,Angle Crash,2,Clear,Dry,Dark-Not Lighted
2020-06-09T23:01:00.000,I 20,I 20 and I 285,,Sideswipe-Same Direction,2,Cloudy,Wet,Dark-Not Lighted
2020-10-15T12:56:00.000,I 285,I 20 and I 285,,Sideswipe-Same Direction,2,Clear,Dry,Daylight
2020-09-15T06:09:00.000,I 20,I 20 and I 285,,Sideswipe-Same Direction,2,Cloudy,Dry,Dark-Not Lighted
2020-12-17T20:08:00.000,I 20,I 20 and I 285,,Not a Collision with Motor Vehicle,1,Clear,Dry,Dark-Not Lighted
2020-12-02T10:00:00.000,I 20,I 20 and I 285,,Sideswipe-Same Direction,2,Clear,Dry,Daylight
2020-01-19T14:20:00.000,I 285,I 20 and I 285,,Rear End,3,Clear,Dry,Daylight
2020-02-27T16:50:00.000,I 20,I 20 and I 285,,Angle Crash,2,Clear,Dry,Daylight
2020-01-18T14:31:00.000,I 20,I 20 and I 285,,Sideswipe-Same Direction,2,Clear,Wet,Daylight
2020-03-29T01:20:00.000,I 285,I 20 and I 285,,Not a Collision with Motor Vehicle,1,Clear,Dry,Dark-Not Lighted
2020-01-24T13:43:00.000,I 285,I 20 and I 285,,Sideswipe-Same Direction,2,Cloudy,Wet,Daylight
2020-06-03T08:57:00.000,I 20,I 20 and I 285,,Rear End,2,Clear,Dry,Daylight
2020-01-28T08:11:00.000,I 285,I 20 and I 285,,Rear End,2,Clear,Dry,Daylight
2020-03-07T22:04:00.000,I 20,I 20 and I 285,,Rear End,2,Clear,Dry,Dark-Lighted
2020-10-10T11:15:00.000,I 285,I 20 and I 285,,Not a Collision with Motor Vehicle,1,Cloudy,Dry,Daylight
2020-08-09T12:50:00.000,I 20,I 20 and I 285,,Not a Collision with Motor Vehicle,1,Clear,Dry,Daylight
2020-06-08T21:30:00.000,I 20,I 20 and I 285,,Sideswipe-Same Direction,2,Clear,Dry,Dark-Not Lighted
2020-10-23T05:00:00.000,I 285,I 20 and I 285,,Angle Crash,3,Clear,Dry,Dark-Lighted
2020-02-06T06:53:00.000,I 20,I 20 and I 285,,Not a Collision with Motor Vehicle,1,Rain,Wet,Dark-Lighted
2020-06-06T20:45:00.000,I 20,I 20 and I 285,,Angle Crash,2,Clear,Dry,Daylight
2020-02-02T21:27:00.000,I 20,I 20 and I 285,,Sideswipe-Same Direction,2,Clear,Dry,Dark-Lighted
2020-03-26T20:12:00.000,I 285,I 20 and I 285,,Angle Crash,2,Clear,Dry,Dusk
2020-07-30T15:40:00.000,I 20,I 20 and I 285,,Sideswipe-Same Direction,2,Clear,Dry,Daylight
2020-11-24T14:41:00.000,I 20,I 20 and I 285,,Rear End,2,Clear,Dry,Daylight
2020-08-08T00:11:00.000,I 285,I 20 and I 285,,Angle Crash,3,Clear,Dry,Daylight
2020-02-03T09:30:00.000,I 20,I 20 and I 285,,Sideswipe-Same Direction,2,Clear,Dry,Daylight
2020-07-31T02:46:00.000,I 20,I 20 and I 285,,Sideswipe-Same Direction,2,Clear,Dry,Dark-Not Lighted
2020-10-23T16:10:00.000,I 285,I 20 and I 285,,Sideswipe-Same Direction,2,Clear,Dry,Daylight
2020-09-11T14:29:00.000,I 20,I 20 and I 285,,Sideswipe-Same Direction,2,Clear,Dry,Daylight
2020-06-10T18:30:00.000,I 20,I 20 and I 285,,Rear End,2,Cloudy,Wet,Daylight
2020-01-02T12:55:00.000,I 285,I 20 and I 285,,Rear End,2,Rain,Wet,Daylight
2020-07-19T14:55:00.000,I 20,I 20 and I 285,,Sideswipe-Same Direction,2,Clear,Dry,Daylight
2020-12-29T18:20:00.000,I 20,I 20 and I 285,,Rear End,2,Clear,Dry,Dusk
2020-12-10T17:00:00.000,I 20,I 20 and I 285,,Not a Collision with Motor Vehicle,1,Clear,Dry,Daylight
2020-07-18T08:19:00.000,I 285,I 20 and I 285,,Sideswipe-Same Direction,2,Clear,Dry,Daylight
2020-09-21T14:25:00.000,I 285,I 20 and I 285,,Rear End,2,Clear,Dry,Daylight
2020-12-01T18:09:00.000,I 20,I 20 and I 285,,Rear End,2,Clear,Dry,Dark-Not Lighted
2020-05-18T12:42:00.000,I 20,I 20 and I 285,,Sideswipe-Same Direction,2,Cloudy,Dry,Daylight
2020-04-13T03:13:00.000,I 285,I 20 and I 285,,Rear End,2,Rain,Water (standing or moving),Dark-Not Lighted
2020-06-26T10:30:00.000,I 20,I 20 and I 285,,Rear End,2,Clear,Dry,Daylight
2020-08-09T18:45:00.000,I 20,I 20 and I 285,,Not a Collision with Motor Vehicle,1,Clear,Dry,Daylight
2020-08-06T13:00:00.000,I 285,I 20 and I 285,,Not a Collision with Motor Vehicle,2,Clear,Dry,Daylight
2020-11-11T10:00:00.000,I 285,I 20 and I 285,,Angle Crash,2,Clear,Dry,Daylight
2020-11-03T14:25:00.000,I 20,I 20 and I 285,,Sideswipe-Same Direction,2,Clear,Dry,Daylight
2020-04-27T12:20:00.000,I 285,I 20 and I 285,,Rear End,2,Clear,Dry,Daylight
2020-02-24T16:50:00.000,I 285,I 20 and I 285,,Rear End,2,Rain,Wet,Daylight
2020-08-08T15:40:00.000,I 285,I 20 and I 285,,Rear End,2,Clear,Dry,Daylight
2020-01-23T14:36:00.000,I 285,I 20 and I 285,,Rear End,3,Clear,Dry,Daylight
2020-08-20T19:47:00.000,I 20,I 20 and I 285,,Angle Crash,3,Rain,Wet,Dark-Lighted
2020-12-14T07:20:00.000,I 20,I 20 and I 285,,Not a Collision with Motor Vehicle,1,Rain,Wet,Dawn
2020-01-04T05:50:00.000,I 20,I 20 and I 285,,Not a Collision with Motor Vehicle,1,Cloudy,Wet,Dark-Not Lighted
2020-09-07T18:35:00.000,I 20,I 20 and I 285,,Rear End,2,Clear,Dry,Daylight
2020-08-30T23:23:00.000,I 20,I 20 and I 285,,Not a Collision with Motor Vehicle,1,Rain,Wet,Dark-Not Lighted
2020-01-28T08:11:00.000,I 285,I 20 and I 285,,Rear End,3,Clear,Dry,Daylight
2020-07-09T20:12:00.000,I 285,I 20 and I 285,,Not a Collision with Motor Vehicle,1,Rain,Wet,Dusk
2020-09-21T12:00:00.000,I 20,I 20 and I 285,,Rear End,2,Clear,Dry,Daylight
2020-02-27T11:25:00.000,I 285,I 20 and I 285,,Sideswipe-Same Direction,2,Clear,Dry,Daylight
2020-07-15T22:57:00.000,I 285,I 20 and I 285,,Sideswipe-Same Direction,2,Cloudy,Dry,Dark-Not Lighted
2020-05-28T16:43:00.000,I 20,I 20 and I 285,,Angle Crash,3,Clear,Dry,Daylight
2020-07-21T03:03:00.000,I 20,I 20 and I 285,,Not a Collision with Motor Vehicle,1,Clear,Dry,Dark-Lighted
2020-04-14T14:10:00.000,I 285,I 20 and I 285,,Rear End,2,Clear,Dry,Daylight
2020-11-09T19:15:00.000,I 285,I 20 and I 285,,Sideswipe-Same Direction,2,Clear,Dry,Dark-Not Lighted
2020-09-12T16:16:00.000,I 285,I 20 and I 285,,Rear End,2,Clear,Dry,Daylight
2020-12-05T00:10:00.000,I 20,I 20 and I 285,,Sideswipe-Same Direction,3,Clear,Wet,Dark-Not Lighted
2020-02-29T15:00:00.000,I 285,I 20 and I 285,,Sideswipe-Same Direction,2,Clear,Dry,Daylight
2020-12-23T10:06:00.000,I 20,I 20 and I 285,,Sideswipe-Same Direction,2,Clear,Dry,Daylight
2020-05-20T14:49:00.000,I 20,I 20 and I 285,,Rear End,2,Clear,Dry,Daylight
2020-04-23T12:00:00.000,I 20,I 20 and I 285,,Rear End,2,Clear,Dry,Daylight
2020-07-20T13:25:00.000,I 285,I 20 and I 285,,Rear End,2,Cloudy,Dry,Daylight
2020-08-29T13:32:00.000,I 20,I 20 and I 285,,Rear End,2,Clear,Dry,Daylight
2020-09-17T11:05:00.000,I 285,I 20 and I 285,,Sideswipe-Same Direction,2,Rain,Wet,Daylight
2020-09-17T23:10:00.000,I 20,I 20 and I 285,,Rear End,2,Other,Wet,Dark-Lighted
2020-08-24T23:25:00.000,I 20,I 20 and I 285,,Rear End,2,Rain,Wet,Dark-Lighted
2020-07-01T10:49:00.000,I 285,I 20 and I 285,,Angle Crash,2,Cloudy,Dry,Daylight
2020-01-22T02:38:00.000,I 20,I 20 and I 285,,Rear End,2,Clear,Dry,Dark-Not Lighted
2020-11-18T16:30:00.000,I 20,I 20 and I 285,,Sideswipe-Same Direction,2,Clear,Dry,Daylight
2020-01-19T00:20:00.000,I 285,I 20 and I 285,,Not a Collision with Motor Vehicle,1,Rain,Wet,Dark-Lighted
2020-11-29T18:39:00.000,I 20,I 20 and I 285,,Rear End,5,Rain,Wet,Dark-Lighted
2020-08-24T15:45:00.000,I 20,I 20 and I 285,,Rear End,2,Clear,Dry,Daylight
2020-02-23T23:37:00.000,I 20,I 20 and I 285,,Sideswipe-Same Direction,4,Cloudy,Dry,Dark-Lighted
2020-01-30T05:40:00.000,I 20,I 20 and I 285,,Rear End,2,Clear,Dry,Dark-Not Lighted
2020-11-15T11:46:00.000,I 285,I 20 and I 285,,Rear End,2,Clear,Dry,Daylight
2020-12-31T13:00:00.000,I 20,I 20 and I 285,,Angle Crash,2,Rain,Wet,Daylight
2020-10-11T10:30:00.000,I 20,I 20 and I 285,,Not a Collision with Motor Vehicle,1,Rain,Wet,Daylight
2020-02-18T21:18:00.000,I 20,I 20 and I 285,,Rear End,3,Rain,Wet,Dark-Not Lighted
2020-07-13T17:33:00.000,I 20,I 20 and I 285,,Sideswipe-Same Direction,2,Clear,Dry,Daylight
2020-12-09T18:30:00.000,I 20,I 20 and I 285,,Sideswipe-Same Direction,2,Clear,Dry,Daylight
2020-06-29T12:46:00.000,I 20,I 20 and I 285,,Sideswipe-Same Direction,2,Clear,Dry,Daylight
2020-08-25T06:45:00.000,I 20,I 20 and I 285,,Rear End,2,Rain,Wet,Dark-Not Lighted
2020-02-18T06:42:00.000,I 20,I 20 and I 285,,Sideswipe-Same Direction,2,Rain,Wet,Dusk
2020-02-22T08:54:00.000,I 20,I 20 and I 285,,Rear End,3,Clear,Dry,Daylight
2020-10-14T16:35:00.000,I 285,I 20 and I 285,,Angle Crash,3,Clear,Dry,Daylight
2020-09-10T00:45:00.000,I 285,I 20 and I 285,,Sideswipe-Same Direction,2,Clear,Dry,Dark-Lighted
2020-11-02T11:50:00.000,I 20,I 20 and I 285,,Rear End,2,Clear,Dry,Daylight
2020-01-28T12:26:00.000,I 285,I 20 and I 285,,Sideswipe-Same Direction,2,Clear,Dry,Daylight
2020-03-11T15:25:00.000,I 20,I 20 and I 285,,Rear End,2,Rain,Wet,Daylight
2020-07-27T13:30:00.000,I 285,I 20 and I 285,,Not a Collision with Motor Vehicle,1,Clear,Dry,Daylight
2020-01-07T08:48:00.000,I 285,I 20 and I 285,,Rear End,2,Clear,Dry,Daylight
2020-04-10T14:18:00.000,I 20,I 20 and I 285,,Angle Crash,3,Clear,Dry,Daylight
2020-08-17T12:30:00.000,I 20,I 20 and I 285,,Rear End,2,Clear,Dry,Daylight
2020-06-01T13:50:00.000,I 285,I 20 and I 285,,Sideswipe-Same Direction,2,Clear,Dry,Daylight
2020-10-23T16:22:00.000,I 20,I 20 and I 285,,Sideswipe-Same Direction,2,Clear,Dry,Daylight
2020-11-19T14:09:00.000,I 285,I 20 and I 285,,Sideswipe-Same Direction,2,Clear,Dry,Daylight
2020-01-28T08:11:00.000,I 285,I 20 and I 285,,Rear End,2,Clear,Dry,Daylight
2021-04-03T16:45:00.000,I 285,I 20 and I 285,,Rear End,2,Clear,Dry,Daylight
2021-01-10T04:43:00.000,I 20,I 20 and I 285,,Not a Collision with Motor Vehicle,1,Clear,Dry,Dark-Lighted
2021-06-11T14:55:00.000,I 285,I 20 and I 285,,Sideswipe-Same Direction,2,Cloudy,Wet,Daylight
2021-05-13T17:52:00.000,I 20,I 20 and I 285,,Angle Crash,2,Clear,Dry,Daylight
2021-04-30T07:17:00.000,I 20,I 20 and I 285,,Not a Collision with Motor Vehicle,1,Clear,Dry,Daylight
2021-01-26T18:51:00.000,I 20,I 20 and I 285,,Sideswipe-Same Direction,2,Cloudy,Dry,Dark-Lighted
2021-01-05T13:17:00.000,I 285,I 20 and I 285,,Sideswipe-Same Direction,2,Clear,Dry,Daylight
2021-06-03T14:31:00.000,I 285,I 20 and I 285,,Sideswipe-Opposite Direction,2,Cloudy,Dry,Daylight
2021-04-29T14:10:00.000,I 285,I 20 and I 285,,Rear End,2,Cloudy,Dry,Daylight
2021-06-16T20:00:00.000,I 285,I 20 and I 285,,Not a Collision with Motor Vehicle,2,Clear,Dry,Daylight
2021-04-06T15:30:00.000,I 285,I 20 and I 285,,Rear End,2,Clear,Dry,Daylight
2021-03-07T17:03:00.000,I 20,I 20 and I 285,,Rear End,2,Clear,Dry,Daylight
2021-02-24T18:10:00.000,I 20,I 20 and I 285,,Rear End,2,Clear,Dry,Daylight
2021-03-22T00:00:00.000,I 285,I 20 and I 285,,Rear End,2,Clear,Dry,Daylight
2021-04-23T08:41:00.000,I 285,I 20 and I 285,,Angle Crash,2,Clear,Dry,Daylight
2021-02-02T10:15:00.000,I 285,I 20 and I 285,,Angle Crash,2,Clear,Dry,Daylight
2021-01-28T12:00:00.000,I 20,I 20 and I 285,,Sideswipe-Same Direction,2,Clear,Dry,Daylight
2021-03-22T06:22:00.000,I 20,I 20 and I 285,,Sideswipe-Same Direction,4,Clear,Dry,Daylight
2021-02-23T14:03:00.000,I 285,I 20 and I 285,,Rear End,2,Clear,Dry,Daylight
2021-06-10T12:35:00.000,I 20,I 20 and I 285,,Rear End,3,Clear,Dry,Daylight
2021-02-19T18:00:00.000,I 285,I 20 and I 285,,Rear End,3,Clear,Dry,Daylight
2021-03-04T12:00:00.000,I 20,I 20 and I 285,,Sideswipe-Same Direction,2,Cloudy,Dry,Daylight
2021-06-17T12:30:00.000,I 20,I 20 and I 285,,Rear End,2,Clear,Dry,Daylight
2021-05-07T19:41:00.000,I 285,I 20 and I 285,,Rear End,2,Clear,Dry,Dusk
2021-06-09T17:37:00.000,I 20,I 20 and I 285,,Sideswipe-Same Direction,2,Clear,Dry,Daylight
2021-02-24T16:50:00.000,I 20,I 20 and I 285,,Angle Crash,2,Clear,Dry,Daylight
2021-02-02T13:20:00.000,I 20,I 20 and I 285,,Not a Collision with Motor Vehicle,2,Clear,Dry,Daylight
2021-01-07T12:27:00.000,I 285,I 20 and I 285,,Sideswipe-Same Direction,2,Cloudy,Dry,Daylight
2021-03-14T05:36:00.000,I 285,I 20 and I 285,,Rear End,2,Cloudy,Dry,Dark-Lighted
2021-02-13T13:39:00.000,I 20,I 20 and I 285,,Angle Crash,2,Rain,Wet,Daylight
2021-03-10T16:05:00.000,I 20,I 20 and I 285,,Angle Crash,2,Clear,Dry,Daylight
2021-06-17T20:08:00.000,I 20,I 20 and I 285,,Rear End,3,Clear,Dry,Daylight
2021-05-21T18:20:00.000,I 20,I 20 and I 285,,Rear End,2,Clear,Dry,Daylight
2021-05-07T17:44:00.000,I 285,I 20 and I 285,,Rear End,2,Clear,Dry,Daylight
2021-06-03T12:30:00.000,I 20,I 20 and I 285,,Sideswipe-Same Direction,2,Clear,Dry,Daylight
2021-03-07T23:26:00.000,I 20,I 20 and I 285,,Sideswipe-Same Direction,2,Clear,Dry,Dark-Not Lighted
2021-05-26T17:00:00.000,I 285,I 20 and I 285,,Sideswipe-Same Direction,2,Clear,Dry,Daylight
2021-05-03T09:40:00.000,I 285,I 20 and I 285,,Rear End,2,Rain,Wet,Daylight
2021-04-06T13:11:00.000,I 20,I 20 and I 285,,Rear End,2,Clear,Dry,Daylight
2021-03-31T14:35:00.000,I 285,I 20 and I 285,,Sideswipe-Same Direction,2,Rain,Wet,Daylight
2021-01-08T02:50:00.000,I 20,I 20 and I 285,,Not a Collision with Motor Vehicle,1,Rain,Wet,Dark-Lighted
2021-05-20T17:10:00.000,I 20,I 20 and I 285,,Rear End,2,Clear,Dry,Daylight
2021-02-13T19:31:00.000,I 20,I 20 and I 285,,Rear End,2,Clear,Dry,Dark-Lighted
2021-01-11T18:32:00.000,I 20,I 20 and I 285,,Angle Crash,2,Rain,Wet,Dark-Not Lighted
2021-05-17T09:00:00.000,I 20,I 20 and I 285,,Angle Crash,2,Clear,Dry,Dark-Lighted
2021-06-25T13:40:00.000,I 285,I 20 and I 285,,Sideswipe-Same Direction,2,Clear,Dry,Daylight
2021-04-19T16:30:00.000,I 285,I 20 and I 285,,Rear End,3,Clear,Dry,Daylight
2021-03-07T14:36:00.000,I 285,I 20 and I 285,,Rear End,2,Clear,Dry,Daylight
2021-06-29T04:33:00.000,I 285,I 20 and I 285,,Not a Collision with Motor Vehicle,1,Clear,Dry,Dark-Lighted
2021-05-21T18:00:00.000,I 20,I 20 and I 285,,Rear End,2,Clear,Dry,Daylight
2021-02-25T17:58:00.000,I 285,I 20 and I 285,,Sideswipe-Same Direction,3,Clear,Dry,Daylight
2021-01-11T00:00:00.000,I 285,I 20 and I 285,,Rear End,2,Rain,Wet,Daylight
2021-06-24T14:37:00.000,I 20,I 20 and I 285,,Not a Collision with Motor Vehicle,2,Clear,Dry,Daylight
2021-06-15T15:50:00.000,I 285,I 20 and I 285,,Rear End,2,Clear,Dry,Daylight
2021-06-10T14:20:00.000,I 20,I 20 and I 285,,Rear End,4,Clear,Dry,Daylight
2021-02-22T00:00:00.000,I 285,I 20 and I 285,,Rear End,2,Clear,Dry,Daylight
2021-06-10T11:46:00.000,I 20,I 20 and I 285,,Rear End,2,Clear,Dry,Daylight
2021-06-29T07:53:00.000,I 285,I 20 and I 285,,Rear End,3,Cloudy,Wet,Daylight
2021-05-15T16:15:00.000,I 285,I 20 and I 285,,Angle Crash,2,Clear,Dry,Daylight
2021-01-29T06:58:00.000,I 20,I 20 and I 285,,Sideswipe-Same Direction,2,Clear,Dry,Daylight
2021-02-27T16:11:00.000,I 285,I 20 and I 285,,Rear End,2,Clear,Dry,Daylight
2021-01-07T00:20:00.000,I 20,I 20 and I 285,,Angle Crash,2,Clear,Dry,Dark-Lighted
2021-01-22T00:50:00.000,I 285,I 20 and I 285,,Rear End,3,Cloudy,Dry,Daylight
2021-04-15T15:35:00.000,I 285,I 20 and I 285,,Rear End,2,Clear,Dry,Daylight
2021-05-14T17:43:00.000,I 20,I 20 and I 285,,Rear End,2,Clear,Dry,Daylight
2021-04-02T18:55:00.000,I 285,I 20 and I 285,,Rear End,2,Clear,Dry,Daylight
2021-03-05T19:22:00.000,I 20,I 20 and I 285,,Rear End,3,Clear,Dry,Dark-Not Lighted
2021-01-08T17:25:00.000,I 285,I 20 and I 285,,Rear End,2,Cloudy,Wet,Dark-Lighted
2021-02-25T17:38:00.000,I 285,I 20 and I 285,,Sideswipe-Same Direction,2,Clear,Dry,Daylight
2021-02-13T15:20:00.000,I 20,I 20 and I 285,,Rear End,3,Cloudy,Wet,Daylight
2021-04-23T12:06:00.000,I 285,I 20 and I 285,,Rear End,2,Clear,Dry,Daylight
2021-03-08T15:28:00.000,I 20,I 20 and I 285,,Not a Collision with Motor Vehicle,1,Clear,Dry,Daylight
2021-01-04T14:56:00.000,I 20,I 20 and I 285,,Sideswipe-Same Direction,2,Clear,Dry,Daylight
2021-04-03T13:55:00.000,I 285,I 20 and I 285,,Rear End,4,Clear,Dry,Daylight
2021-06-20T09:30:00.000,I 285,I 20 and I 285,,Not a Collision with Motor Vehicle,1,Rain,Wet,Daylight
2021-05-22T17:33:00.000,I 285,I 20 and I 285,,Rear End,2,Clear,Dry,Daylight
2021-03-23T15:30:00.000,I 285,I 20 and I 285,,Rear End,2,Clear,Dry,Daylight
2021-01-31T17:11:00.000,I 285,I 20 and I 285,,Sideswipe-Same Direction,2,Rain,Wet,Daylight
2021-04-28T20:00:00.000,I 285,I 20 and I 285,,Rear End,2,Clear,Dry,Daylight
2021-03-25T06:20:00.000,I 285,I 20 and I 285,,Sideswipe-Same Direction,2,Rain,Wet,Dark-Lighted
2021-02-12T17:33:00.000,I 20,I 20 and I 285,,Rear End,2,Clear,Dry,Daylight
2021-06-20T14:50:00.000,I 285,I 20 and I 285,,Sideswipe-Same Direction,2,Clear,Dry,Daylight
2021-03-24T16:38:00.000,I 20,I 20 and I 285,,Rear End,2,Clear,Dry,Daylight
2021-01-04T22:00:00.000,I 20,I 20 and I 285,,Sideswipe-Same Direction,2,Clear,Dry,Dark-Lighted
2021-04-15T13:40:00.000,I 285,I 20 and I 285,,Rear End,2,Clear,Dry,Daylight
2021-03-03T07:24:00.000,I 20,I 20 and I 285,,Rear End,2,Clear,Wet,Daylight
2021-01-04T12:59:00.000,I 285,I 20 and I 285,,Rear End,2,Clear,Dry,Daylight
2021-01-18T05:15:00.000,I 285,I 20 and I 285,,Rear End,2,Clear,Dry,Dark-Lighted
2021-04-05T14:44:00.000,I 285,I 20 and I 285,,Rear End,3,Clear,Dry,Daylight
2021-02-01T12:27:00.000,I 20,I 20 and I 285,,Sideswipe-Same Direction,2,Cloudy,Dry,Daylight
2021-04-30T15:35:00.000,I 285,I 20 and I 285,,Sideswipe-Same Direction,2,Cloudy,Dry,Daylight
2021-01-08T14:50:00.000,I 20,I 20 and I 285,,Sideswipe-Same Direction,2,Cloudy,Wet,Daylight
2021-01-07T09:45:00.000,I 285,I 20 and I 285,,Angle Crash,2,Clear,Dry,Daylight
2021-01-25T23:30:00.000,I 285,I 20 and I 285,,Rear End,3,Cloudy,Wet,Dark-Lighted
2021-01-19T14:12:00.000,I 285,I 20 and I 285,,Rear End,2,Clear,Dry,Daylight
2021-01-06T23:33:00.000,I 285,I 20 and I 285,,Angle Crash,2,Clear,Dry,Dark-Lighted
2021-05-14T15:43:00.000,I 20,I 20 and I 285,,Sideswipe-Same Direction,2,Clear,Dry,Daylight
2021-04-27T17:43:00.000,I 20,I 20 and I 285,,Rear End,2,Clear,Dry,Daylight
2021-02-13T17:31:00.000,I 20,I 20 and I 285,,Angle Crash,3,Cloudy,Wet,Daylight
2021-04-13T11:28:00.000,I 285,I 20 and I 285,,Rear End,3,Cloudy,Dry,Daylight
2021-04-23T11:07:00.000,I 285,I 20 and I 285,,Sideswipe-Same Direction,2,Cloudy,Dry,Daylight
2021-06-08T11:00:00.000,I 285,I 20 and I 285,,Head On,2,Clear,Dry,Daylight
2021-01-17T16:30:00.000,I 20,I 20 and I 285,,Rear End,2,Clear,Dry,Daylight
2021-01-02T09:38:00.000,I 20,I 20 and I 285,,Rear End,2,Clear,Wet,Daylight
2021-05-25T13:45:00.000,I 20,I 20 and I 285,,Not a Collision with Motor Vehicle,1,Clear,Dry,Daylight
2021-04-18T22:40:00.000,I 285,I 20 and I 285,,Rear End,2,Clear,Dry,Dark-Lighted
2021-04-16T06:39:00.000,I 20,I 20 and I 285,,Sideswipe-Opposite Direction,2,Clear,Dry,Dark-Lighted
2021-06-01T10:02:00.000,I 20,I 20 and I 285,,Rear End,2,Clear,Dry,Daylight
2021-02-04T09:08:00.000,I 20,I 20 and I 285,,Angle Crash,2,Clear,Dry,Daylight
2021-01-02T20:20:00.000,I 20,I 20 and I 285,,Angle Crash,3,Clear,Dry,Dark-Lighted
2021-02-21T17:50:00.000,I 285,I 20 and I 285,,Rear End,2,Clear,Dry,Dusk
2021-02-15T07:24:00.000,I 20,I 20 and I 285,,Sideswipe-Same Direction,2,Rain,Wet,Daylight
2021-01-15T11:05:00.000,I 20,I 20 and I 285,,Rear End,4,Clear,Dry,Daylight
2021-02-24T19:01:00.000,I 285,I 20 and I 285,,Sideswipe-Same Direction,2,Clear,Dry,Dark-Not Lighted
2021-03-10T18:42:00.000,I 285,I 20 and I 285,,Sideswipe-Same Direction,2,Clear,Dry,Dark-Lighted