Date and Time,Roadway (From Crash Report),Intersection Name (from Crash Report),KABCO Severity,Manner of Collision (Crash Level) ,# of Vehicles per crash ,Weather Conditions (Crash Level),Surface Condition (Crash Level) ,Light Conditions (Crash Level)
2021-01-08T17:25:00.000,I 285,I 20 and I 285,,Rear End,2,Cloudy,Wet,Daylight
2021-04-30T15:00:00.000,I 285,I 20 and I 285,,Rear End,2,Cloudy,Dry,Daylight
2021-03-15T10:02:00.000,I 20,I 20 and I 285,,Rear End,2,Clear,Dry,Daylight
2021-02-13T19:15:00.000,I 20,I 20 and I 285,,Head On,3,Rain,Wet,Dark-Not Lighted
2021-04-18T02:00:00.000,I 20,I 20 and I 285,,Not a Collision with Motor Vehicle,1,Clear,Dry,Dark-Not Lighted
2021-02-13T22:00:00.000,I 20,I 20 and I 285,,Angle Crash,2,Clear,Wet,Dark-Lighted
2021-05-04T04:30:00.000,I 20,I 20 and I 285,,Not a Collision with Motor Vehicle,1,Clear,Dry,Dark-Lighted
2021-04-08T18:28:00.000,I 20,I 20 and I 285,,Rear End,2,Clear,Dry,Daylight
2021-01-09T19:04:00.000,I 285,I 20 and I 285,,Rear End,2,Clear,Dry,Dark-Lighted
2021-05-22T15:55:00.000,I 285,I 20 and I 285,,Rear End,2,Clear,Dry,Daylight
2021-01-13T13:37:00.000,I 20,I 20 and I 285,,Sideswipe-Same Direction,2,Clear,Dry,Daylight
2021-02-28T16:01:00.000,I 20,I 20 and I 285,,Angle Crash,2,Clear,Dry,Daylight
2021-04-26T14:00:00.000,I 20,I 20 and I 285,,Angle Crash,3,Clear,Dry,Daylight
2021-02-10T15:23:00.000,I 285,I 20 and I 285,,Rear End,2,Cloudy,Dry,Daylight
2021-06-04T17:35:00.000,I 285,I 20 and I 285,,Sideswipe-Same Direction,2,Clear,Dry,Daylight
2021-02-19T16:35:00.000,I 285,I 20 and I 285,,Rear End,3,Clear,Dry,Daylight
2021-01-24T04:17:00.000,I 20,I 20 and I 285,,Rear End,7,Clear,Dry,Dark-Lighted
2021-06-18T12:55:00.000,I 285,I 20 and I 285,,Sideswipe-Same Direction,2,Clear,Dry,Daylight
2021-01-14T03:54:00.000,I 20,I 20 and I 285,,Angle Crash,2,Clear,Dry,Dark-Lighted
2021-01-08T12:00:00.000,I 20,I 20 and I 285,,Rear End,2,Rain,Wet,Daylight
2021-05-07T14:33:00.000,I 20,I 20 and I 285,,Rear End,2,Clear,Dry,Daylight
2021-05-15T18:03:00.000,I 285,I 20 and I 285,,Rear End,2,Clear,Dry,Daylight
2021-10-11T18:50:00.000,I 20,I 20 and I 285,,Sideswipe-Same Direction,2,Clear,Dry,Daylight
2021-08-17T12:00:00.000,I 20,I 20 and I 285,,Not a Collision with Motor Vehicle,1,Rain,Wet,Daylight
2021-07-11T14:16:00.000,I 285,I 20 and I 285,,Rear End,2,Cloudy,Dry,Daylight
2021-12-03T05:08:00.000,I 20,I 20 and I 285,,Angle Crash,2,Clear,Dry,Dark-Lighted
2021-12-17T17:00:00.000,I 20,I 20 and I 285,,Rear End,2,Cloudy,Dry,Daylight
2021-07-06T13:30:00.000,I 285,I 20 and I 285,,Rear End,3,Clear,Dry,Daylight
2021-11-29T12:32:00.000,I 285,I 20 and I 285,,Not a Collision with Motor Vehicle,2,Clear,Dry,Daylight
2021-10-11T06:00:00.000,I 20,I 20 and I 285,,Sideswipe-Opposite Direction,3,Clear,Dry,Dark-Lighted
2021-07-11T00:25:00.000,I 285,I 20 and I 285,,Sideswipe-Same Direction,2,Clear,Dry,Dark-Lighted
2021-11-20T05:30:00.000,I 285,I 20 and I 285,,Not a Collision with Motor Vehicle,1,Clear,Dry,Dark-Lighted
2021-12-16T17:45:00.000,I 20,I 20 and I 285,,Rear End,2,Clear,Dry,Dark-Not Lighted
2021-08-17T16:30:00.000,I 285,I 20 and I 285,,Sideswipe-Same Direction,4,Clear,Dry,Daylight
2021-11-10T14:21:00.000,I 20,I 20 and I 285,,Rear End,2,Clear,Dry,Daylight
2021-12-14T16:15:00.000,I 285,I 20 and I 285,,Rear End,2,Clear,Dry,Daylight
2021-10-08T17:30:00.000,I 20,I 20 and I 285,,Angle Crash,2,Clear,Dry,Daylight
2021-12-08T18:20:00.000,I 285,I 20 and I 285,,Sideswipe-Same Direction,3,Clear,Dry,Dark-Lighted
2021-08-10T10:55:00.000,I 285,I 20 and I 285,,Rear End,2,Clear,Dry,Daylight
2021-07-29T16:49:00.000,I 285,I 20 and I 285,,Rear End,2,Cloudy,Other,Daylight
2021-08-03T18:34:00.000,I 20,I 20 and I 285,,Not a Collision with Motor Vehicle,1,Rain,Wet,Daylight
2021-10-11T06:00:00.000,I 285,I 20 and I 285,,Sideswipe-Opposite Direction,2,Clear,Dry,Dark-Lighted
2021-10-26T18:10:00.000,I 20,I 20 and I 285,,Rear End,2,Clear,Dry,Daylight
2021-09-23T17:50:00.000,I 285,I 20 and I 285,,Sideswipe-Same Direction,2,Clear,Dry,Daylight
2021-10-29T08:02:00.000,I 285,I 20 and I 285,,Rear End,2,Cloudy,Wet,Daylight
2021-07-05T02:20:00.000,I 285,I 20 and I 285,,Sideswipe-Same Direction,2,Clear,Dry,Dark-Not Lighted
2021-11-26T11:30:00.000,I 20,I 20 and I 285,,Sideswipe-Same Direction,2,Clear,Dry,Daylight
2021-09-07T14:16:00.000,I 20,I 20 and I 285,,Rear End,2,Cloudy,Dry,Daylight
2021-12-11T10:30:00.000,I 285,I 20 and I 285,,Not a Collision with Motor Vehicle,1,Rain,Wet,Dark-Not Lighted
2021-08-04T13:20:00.000,I 285,I 20 and I 285,,Rear End,2,Clear,Dry,Daylight
2021-08-16T15:00:00.000,I 20,I 20 and I 285,,Rear End,2,Rain,Wet,Daylight
2021-08-09T00:58:00.000,I 20,I 20 and I 285,,Rear End,2,Clear,Dry,Dark-Lighted
2021-12-08T13:41:00.000,I 20,I 20 and I 285,,Rear End,4,Clear,Dry,Daylight
2021-09-15T06:50:00.000,I 285,I 20 and I 285,,Sideswipe-Same Direction,2,Clear,Dry,Daylight
2021-07-28T18:37:00.000,I 285,I 20 and I 285,,Sideswipe-Same Direction,2,Clear,Dry,Daylight
2021-08-31T21:30:00.000,I 20,I 20 and I 285,,Rear End,3,Clear,Wet,Dark-Lighted
2021-10-17T14:29:00.000,I 285,I 20 and I 285,,Rear End,2,Clear,Dry,Daylight
2021-10-27T13:30:00.000,I 20,I 20 and I 285,,Sideswipe-Same Direction,2,Clear,Dry,Daylight
2021-08-30T19:06:00.000,I 20,I 20 and I 285,,Rear End,2,Rain,Wet,Dark-Lighted
2021-10-05T18:55:00.000,I 20,I 20 and I 285,,Rear End,3,Clear,Wet,Daylight
2021-08-24T14:33:00.000,I 20,I 20 and I 285,,Not a Collision with Motor Vehicle,1,Clear,Dry,Daylight
2021-12-06T16:58:00.000,I 20,I 20 and I 285,,Sideswipe-Same Direction,2,Clear,Wet,Daylight
2021-10-27T07:27:00.000,I 20,I 20 and I 285,,Rear End,2,Clear,Dry,Dawn
2021-10-17T14:09:00.000,I 285,I 20 and I 285,,Rear End,2,Clear,Dry,Daylight
2021-12-09T19:50:00.000,I 20,I 20 and I 285,,Rear End,3,Clear,Dry,Daylight
2021-08-09T02:00:00.000,I 285,I 20 and I 285,,Sideswipe-Same Direction,2,Clear,Dry,Dark-Lighted
2021-07-05T06:57:00.000,I 285,I 20 and I 285,,Sideswipe-Same Direction,2,Clear,Dry,Daylight
2021-09-01T06:13:00.000,I 20,I 20 and I 285,,Rear End,3,Cloudy,Wet,Dark-Not Lighted
2021-10-08T19:00:00.000,I 20,I 20 and I 285,,Sideswipe-Same Direction,2,Clear,Dry,Dark-Lighted
2021-09-29T13:20:00.000,I 285,I 20 and I 285,,Rear End,2,Clear,Dry,Daylight
2021-12-22T17:20:00.000,I 285,I 20 and I 285,,Rear End,2,Clear,Dry,Daylight
2021-08-18T12:19:00.000,I 20,I 20 and I 285,,Rear End,3,Clear,Dry,Daylight
2021-08-05T18:25:00.000,I 285,I 20 and I 285,,Rear End,2,Clear,Dry,Daylight
2021-10-05T15:10:00.000,I 285,I 20 and I 285,,Rear End,2,Rain,Wet,Daylight
2021-08-23T16:00:00.000,I 285,I 20 and I 285,,Rear End,2,Clear,Dry,Daylight
2021-07-29T11:28:00.000,I 20,I 20 and I 285,,Not a Collision with Motor Vehicle,2,Clear,Dry,Daylight
2021-11-21T11:00:00.000,I 285,I 20 and I 285,,Rear End,2,Clear,Dry,Daylight
2021-10-24T13:26:00.000,I 20,I 20 and I 285,,Sideswipe-Same Direction,2,Clear,Dry,Daylight
2021-09-20T02:42:00.000,I 20,I 20 and I 285,,Not a Collision with Motor Vehicle,1,Cloudy,Dry,Dark-Not Lighted
2021-11-28T14:35:00.000,I 285,I 20 and I 285,,Rear End,2,Clear,Dry,Daylight
2021-11-29T19:44:00.000,I 285,I 20 and I 285,,Rear End,2,Clear,Dry,Dark-Lighted
2021-11-22T15:08:00.000,I 285,I 20 and I 285,,Rear End,3,Clear,Dry,Daylight
2021-09-29T15:15:00.000,I 285,I 20 and I 285,,Sideswipe-Same Direction,2,Clear,Dry,Daylight
2021-11-22T11:30:00.000,I 285,I 20 and I 285,,Rear End,2,Clear,Dry,Daylight
2021-12-28T18:55:00.000,I 20,I 20 and I 285,,Sideswipe-Same Direction,2,Cloudy,Dry,Dark-Not Lighted
2021-10-05T13:40:00.000,I 285,I 20 and I 285,,Not a Collision with Motor Vehicle,1,Cloudy,Wet,Daylight
2021-11-30T14:30:00.000,I 285,I 20 and I 285,,Not a Collision with Motor Vehicle,1,Clear,Dry,Daylight
2021-11-24T18:00:00.000,I 285,I 20 and I 285,,Rear End,2,Clear,Dry,Dark-Not Lighted
2021-07-07T06:29:00.000,I 20,I 20 and I 285,,Sideswipe-Same Direction,2,Clear,Dry,Dawn
2021-07-28T05:35:00.000,I 20,I 20 and I 285,,Rear End,2,Clear,Dry,Daylight
2021-12-21T08:30:00.000,I 20,I 20 and I 285,,Sideswipe-Same Direction,3,Rain,Wet,Daylight
2021-07-26T11:45:00.000,I 285,I 20 and I 285,,Not a Collision with Motor Vehicle,1,Clear,Dry,Daylight
2021-12-19T09:37:00.000,I 20,I 20 and I 285,,Not a Collision with Motor Vehicle,1,Cloudy,Wet,Daylight
2021-08-06T16:30:00.000,I 285,I 20 and I 285,,Rear End,2,Clear,Dry,Daylight
2021-07-26T19:41:00.000,I 20,I 20 and I 285,,Sideswipe-Same Direction,2,Rain,Wet,Daylight
2021-08-16T17:10:00.000,I 20,I 20 and I 285,,Not a Collision with Motor Vehicle,3,Rain,Wet,Daylight
2021-07-19T10:59:00.000,I 20,I 20 and I 285,,Not a Collision with Motor Vehicle,1,Cloudy,Wet,Daylight
2021-09-06T20:59:00.000,I 285,I 20 and I 285,,Rear End,2,Cloudy,Dry,Dark-Lighted
2021-11-17T13:15:00.000,I 285,I 20 and I 285,,Rear End,3,Clear,Dry,Daylight
2021-11-28T21:20:00.000,I 285,I 20 and I 285,,Sideswipe-Same Direction,2,Clear,Dry,Dark-Lighted
2021-08-10T19:35:00.000,I 285,I 20 and I 285,,Sideswipe-Same Direction,2,Clear,Dry,Daylight
2021-10-22T07:45:00.000,I 285,I 20 and I 285,,Rear End,3,Clear,Dry,Daylight
2021-12-30T18:59:00.000,I 20,I 20 and I 285,,Sideswipe-Same Direction,4,Cloudy,Wet,Dark-Not Lighted
2021-12-30T17:25:00.000,I 285,I 20 and I 285,,Not a Collision with Motor Vehicle,1,Rain,Wet,Daylight
2021-10-20T16:25:00.000,I 285,I 20 and I 285,,Rear End,2,Clear,Dry,Daylight
2021-07-17T09:50:00.000,I 20,I 20 and I 285,,Rear End,2,Clear,Dry,Daylight
2021-07-19T17:50:00.000,I 20,I 20 and I 285,,Rear End,2,Rain,Wet,Daylight
2021-10-14T15:16:00.000,I 20,I 20 and I 285,,Sideswipe-Same Direction,2,Clear,Dry,Daylight
2021-11-17T14:00:00.000,I 285,I 20 and I 285,,Rear End,2,Clear,Dry,Daylight
2021-07-25T13:10:00.000,I 20,I 20 and I 285,,Rear End,2,Cloudy,Dry,Daylight
2021-11-22T19:50:00.000,I 285,I 20 and I 285,,Sideswipe-Same Direction,2,Clear,Dry,Dark-Not Lighted
2021-12-13T16:20:00.000,I 285,I 20 and I 285,,Sideswipe-Same Direction,3,Clear,Dry,Daylight
2021-11-11T19:00:00.000,I 285,I 20 and I 285,,Sideswipe-Same Direction,2,Clear,Dry,Dawn
2021-07-27T15:33:00.000,I 20,I 20 and I 285,,Sideswipe-Same Direction,2,Clear,Dry,Daylight
2021-08-19T15:58:00.000,I 20,I 20 and I 285,,Sideswipe-Same Direction,3,Rain,Wet,Daylight
2021-09-08T11:39:00.000,I 285,I 20 and I 285,,Sideswipe-Same Direction,2,Clear,Dry,Daylight
2021-09-22T15:36:00.000,I 285,I 20 and I 285,,Sideswipe-Same Direction,2,Clear,Dry,Daylight
2021-09-29T04:24:00.000,I 20,I 20 and I 285,,Not a Collision with Motor Vehicle,1,Clear,Dry,Dark-Not Lighted
2021-12-22T14:25:00.000,I 285,I 20 and I 285,,Rear End,2,Clear,Dry,Daylight
2021-07-31T04:03:00.000,I 285,I 20 and I 285,,Not a Collision with Motor Vehicle,2,Clear,Dry,Dark-Lighted
2021-08-18T15:00:00.000,I 20,I 20 and I 285,,Rear End,2,Clear,Dry,Daylight
2021-11-22T19:55:00.000,I 285,I 20 and I 285,,Sideswipe-Same Direction,2,Clear,Dry,Dark-Not Lighted
2021-09-18T03:20:00.000,I 285,I 20 and I 285,,Not a Collision with Motor Vehicle,1,Clear,Dry,Dark-Lighted
2021-07-12T08:00:00.000,I 285,I 20 and I 285,,Rear End,3,Clear,Dry,Daylight
2021-08-04T15:42:00.000,I 285,I 20 and I 285,,Rear End,3,Clear,Dry,Daylight
2021-07-09T17:40:00.000,I 285,I 20 and I 285,,Angle Crash,2,Clear,Wet,Daylight
2021-07-24T18:40:00.000,I 20,I 20 and I 285,,Sideswipe-Same Direction,2,Cloudy,Dry,Daylight
2021-10-19T07:00:00.000,I 285,I 20 and I 285,,Angle Crash,2,Clear,Dry,Daylight
2021-08-19T13:33:00.000,I 20,I 20 and I 285,,Sideswipe-Same Direction,2,Clear,Dry,Daylight
2021-10-22T17:20:00.000,I 20,I 20 and I 285,,Angle Crash,2,Clear,Dry,Daylight
2021-11-15T14:35:00.000,I 285,I 20 and I 285,,Sideswipe-Same Direction,2,Clear,Dry,Daylight
2021-08-29T19:19:00.000,I 285,I 20 and I 285,,Angle Crash,3,Clear,Dry,Daylight
2021-09-16T07:06:00.000,I 285,I 20 and I 285,,Not a Collision with Motor Vehicle,1,Rain,Wet,Daylight
2021-10-09T09:20:00.000,I 20,I 20 and I 285,,Rear End,2,Clear,Dry,Daylight
2021-11-26T14:50:00.000,I 285,I 20 and I 285,,Angle Crash,5,Clear,Dry,Daylight
2021-08-10T17:06:00.000,I 20,I 20 and I 285,,Rear End,2,Cloudy,Dry,Daylight
2021-08-04T16:59:00.000,I 20,I 20 and I 285,,Rear End,2,Clear,Dry,Daylight
2021-12-28T13:35:00.000,I 20,I 20 and I 285,,Rear End,2,Clear,Dry,Daylight
2021-11-15T08:47:00.000,I 285,I 20 and I 285,,Rear End,2,Clear,Dry,Daylight
2021-08-17T07:34:00.000,I 20,I 20 and I 285,,Not a Collision with Motor Vehicle,1,Rain,Wet,Daylight
2021-12-08T06:50:00.000,I 20,I 20 and I 285,,Angle Crash,3,Rain,Wet,Dark-Lighted
2021-11-13T13:45:00.000,I 285,I 20 and I 285,,Rear End,2,Clear,Dry,Daylight
2021-12-10T12:58:00.000,I 20,I 20 and I 285,,Rear End,2,Cloudy,Wet,Daylight
2021-10-04T17:15:00.000,I 285,I 20 and I 285,,Rear End,2,Cloudy,Dry,Daylight
2021-10-06T15:30:00.000,I 285,I 20 and I 285,,Rear End,2,Clear,Dry,Daylight
2021-08-30T11:01:00.000,I 285,I 20 and I 285,,Sideswipe-Same Direction,2,Cloudy,Dry,Daylight
2021-09-17T13:50:00.000,I 285,I 20 and I 285,,Rear End,2,Cloudy,Dry,Daylight
2021-07-26T13:11:00.000,I 285,I 20 and I 285,,Not a Collision with Motor Vehicle,1,Clear,Dry,Daylight
2021-08-17T08:55:00.000,I 285,I 20 and I 285,,Rear End,2,Rain,Wet,Daylight
2021-12-10T18:25:00.000,I 20,I 20 and I 285,,Rear End,2,Rain,Wet,Dark-Not Lighted
2021-08-30T07:12:00.000,I 285,I 20 and I 285,,Angle Crash,2,Cloudy,Dry,Daylight
2021-10-11T06:06:00.000,I 20,I 20 and I 285,,Rear End,2,Clear,Dry,Dark-Lighted
2021-07-19T12:11:00.000,I 20,I 20 and I 285,,Sideswipe-Same Direction,2,Rain,Wet,Daylight
2021-10-22T20:30:00.000,I 285,I 20 and I 285,,Not a Collision with Motor Vehicle,2,Clear,Dry,Daylight
2021-11-04T07:00:00.000,I 285,I 20 and I 285,,Sideswipe-Same Direction,2,Rain,Wet,Dark-Not Lighted
2021-08-09T15:10:00.000,I 285,I 20 and I 285,,Rear End,2,Clear,Dry,Daylight
2021-09-19T15:02:00.000,I 285,I 20 and I 285,,Not a Collision with Motor Vehicle,1,Cloudy,Wet,Daylight
2021-08-17T07:15:00.000,I 20,I 20 and I 285,,Not a Collision with Motor Vehicle,1,Rain,Wet,Daylight
2021-07-20T10:00:00.000,I 20,I 20 and I 285,,Rear End,2,Rain,Wet,Daylight
2021-08-29T00:30:00.000,I 20,I 20 and I 285,,Rear End,2,Clear,Dry,Dark-Lighted
2021-09-13T12:45:00.000,I 285,I 20 and I 285,,Rear End,2,Clear,Dry,Daylight
2021-12-28T09:09:00.000,I 20,I 20 and I 285,,Not a Collision with Motor Vehicle,2,Cloudy,Dry,Daylight
2021-08-10T06:15:00.000,I 20,I 20 and I 285,,Sideswipe-Same Direction,2,Clear,Dry,Dawn
2021-07-22T19:00:00.000,I 285,I 20 and I 285,,Sideswipe-Same Direction,2,Clear,Dry,Daylight
2021-10-18T15:36:00.000,I 20,I 20 and I 285,,Rear End,2,Clear,Dry,Daylight
2021-12-09T11:40:00.000,I 20,I 20 and I 285,,Sideswipe-Same Direction,2,Clear,Dry,Daylight
2021-09-08T10:34:00.000,I 20,I 20 and I 285,,Sideswipe-Same Direction,2,Clear,Dry,Daylight
2021-12-12T03:00:00.000,I 20,I 20 and I 285,,Not a Collision with Motor Vehicle,1,Clear,Dry,Dark-Not Lighted
2021-12-11T18:46:00.000,I 20,I 20 and I 285,,Sideswipe-Same Direction,3,Rain,Wet,Dark-Lighted
2021-08-27T11:25:00.000,I 20,I 20 and I 285,,Sideswipe-Same Direction,2,Clear,Dry,Daylight
2021-07-08T17:45:00.000,I 285,I 20 and I 285,,Angle Crash,2,Clear,Dry,Daylight
2021-10-07T15:45:00.000,I 20,I 20 and I 285,,Rear End,2,Clear,Wet,Daylight
2021-10-12T14:29:00.000,I 20,I 20 and I 285,,Sideswipe-Same Direction,2,Clear,Dry,Daylight
2021-07-20T17:06:00.000,I 285,I 20 and I 285,,Rear End,2,Rain,Wet,Daylight
2021-10-12T13:00:00.000,I 20,I 20 and I 285,,Sideswipe-Same Direction,2,Clear,Dry,Daylight
2021-12-14T19:00:00.000,I 20,I 20 and I 285,,Angle Crash,2,Clear,Dry,Dark-Not Lighted
2021-08-24T13:07:00.000,I 20,I 20 and I 285,,Rear End,2,Clear,Dry,Daylight
2021-12-08T19:38:00.000,I 20,I 20 and I 285,,Sideswipe-Same Direction,2,Clear,Dry,Dusk
2021-11-16T11:35:00.000,I 20,I 20 and I 285,,Rear End,2,Clear,Dry,Daylight
2021-09-20T10:14:00.000,I 285,I 20 and I 285,,Angle Crash,2,Rain,Wet,Daylight
2021-08-17T14:20:00.000,I 20,I 20 and I 285,,Not a Collision with Motor Vehicle,1,Cloudy,Wet,Daylight
2021-12-25T19:19:00.000,I 20,I 20 and I 285,,Sideswipe-Same Direction,2,Clear,Dry,Dark-Lighted
2021-08-16T08:16:00.000,I 285,I 20 and I 285,,Sideswipe-Same Direction,2,Clear,Dry,Daylight
2021-08-17T08:00:00.000,I 285,I 20 and I 285,,Rear End,2,Rain,Wet,Daylight
2021-11-28T19:38:00.000,I 20,I 20 and I 285,,Rear End,4,Clear,Dry,Dark-Lighted
2021-08-06T13:00:00.000,I 285,I 20 and I 285,,Sideswipe-Same Direction,2,Cloudy,Dry,Daylight
2022-05-17T08:54:00.000,I 285,I 20 and I 285,,Rear End,2,Clear,Dry,Daylight
2022-04-25T19:20:00.000,I 20,I 20 and I 285,,Rear End,2,Clear,Dry,Dusk
2022-02-27T06:25:00.000,I 285,I 20 and I 285,,Angle Crash,2,Rain,Wet,Daylight
2022-07-10T11:08:00.000,I 285,I 20 and I 285,,Sideswipe-Same Direction,2,Clear,Dry,Daylight
2022-08-15T13:48:00.000,I 285,I 20 and I 285,,Rear End,2,Clear,Dry,Daylight
2022-07-06T05:00:00.000,I 285,I 20 and I 285,,Not a Collision with Motor Vehicle,1,Clear,Dry,Dark-Not Lighted
2022-08-13T14:30:00.000,I 20,I 20 and I 285,,Sideswipe-Same Direction,2,Clear,Dry,Daylight
2022-03-28T15:56:00.000,I 20,I 20 and I 285,,Rear End,2,Clear,Dry,Daylight
2022-02-24T06:42:00.000,I 20,I 20 and I 285,,Rear End,3,Cloudy,Dry,Daylight
2022-12-27T14:45:00.000,I 285,I 20 and I 285,,Rear End,4,Clear,Dry,Daylight
2022-06-16T08:18:00.000,I 285,I 20 and I 285,,Rear End,3,Clear,Dry,Daylight
2022-05-26T09:00:00.000,I 285,I 20 and I 285,,Angle Crash,2,Rain,Wet,Daylight
2022-11-24T15:50:00.000,I 285,I 20 and I 285,,Sideswipe-Same Direction,2,Clear,Dry,Daylight
2022-04-25T19:40:00.000,I 20,I 20 and I 285,,Not a Collision with Motor Vehicle,2,Clear,Dry,Daylight
2022-04-11T10:05:00.000,I 285,I 20 and I 285,,Rear End,2,Clear,Dry,Daylight
2022-11-18T08:37:00.000,I 285,I 20 and I 285,,Sideswipe-Same Direction,2,Clear,Dry,Daylight
2022-10-14T14:22:00.000,I 20,I 20 and I 285,,Sideswipe-Same Direction,2,Clear,Dry,Daylight
2022-01-14T15:45:00.000,I 285,I 20 and I 285,,Angle Crash,2,Cloudy,Dry,Daylight
2022-12-22T14:30:00.000,I 20,I 20 and I 285,,Rear End,2,Cloudy,Dry,Daylight
2022-07-12T02:00:00.000,I 285,I 20 and I 285,,Rear End,2,Clear,Dry,Dark-Lighted
2022-05-21T17:05:00.000,I 285,I 20 and I 285,,Rear End,2,Clear,Dry,Daylight
2022-02-14T13:54:00.000,I 285,I 20 and I 285,,Rear End,3,Clear,Dry,Daylight
2022-12-16T14:30:00.000,I 285,I 20 and I 285,,Rear End,2,Clear,Dry,Daylight
2022-04-15T00:00:00.000,I 20,I 20 and I 285,,Sideswipe-Same Direction,2,Clear,Dry,Dawn
2022-12-20T17:38:00.000,I 20,I 20 and I 285,,Rear End,2,Rain,Wet,Dark-Not Lighted
2022-12-19T08:00:00.000,I 20,I 20 and I 285,,Sideswipe-Same Direction,2,Clear,Dry,Daylight
2022-12-15T07:59:00.000,I 285,I 20 and I 285,,Rear End,2,Cloudy,Wet,Daylight
2022-11-04T18:10:00.000,I 285,I 20 and I 285,,Rear End,2,Clear,Dry,Daylight
2022-10-18T18:18:00.000,I 20,I 20 and I 285,,Sideswipe-Same Direction,2,Clear,Dry,Daylight
2022-08-12T07:10:00.000,I 285,I 20 and I 285,,Sideswipe-Same Direction,2,Cloudy,Dry,Daylight
2022-07-06T00:00:00.000,I 20,I 20 and I 285,,Sideswipe-Same Direction,2,Clear,Dry,Dark-Not Lighted
2022-08-07T16:50:00.000,I 285,I 20 and I 285,,Rear End,4,Clear,Dry,Daylight
2022-06-16T12:53:00.000,I 285,I 20 and I 285,,Sideswipe-Same Direction,2,Clear,Dry,Daylight
2022-10-17T16:30:00.000,I 285,I 20 and I 285,,Angle Crash,2,Clear,Dry,Daylight
2022-03-09T15:15:00.000,I 285,I 20 and I 285,,Sideswipe-Same Direction,2,Clear,Dry,Daylight
2022-02-25T06:40:00.000,I 285,I 20 and I 285,,Sideswipe-Same Direction,2,Cloudy,Wet,Dark-Lighted
2022-12-15T08:25:00.000,I 20,I 20 and I 285,,Sideswipe-Same Direction,2,Cloudy,Dry,Daylight
2022-04-07T18:36:00.000,I 285,I 20 and I 285,,Sideswipe-Same Direction,2,Clear,Dry,Daylight
2022-03-29T10:50:00.000,I 285,I 20 and I 285,,Sideswipe-Same Direction,2,Clear,Dry,Daylight
2022-05-19T12:50:00.000,I 285,I 20 and I 285,,Sideswipe-Same Direction,2,Clear,Dry,Daylight
2022-08-17T14:45:00.000,I 20,I 20 and I 285,,Angle Crash,3,Clear,Dry,Daylight
2022-02-12T19:00:00.000,I 285,I 20 and I 285,,Sideswipe-Same Direction,2,Clear,Dry,Daylight
2022-10-06T13:38:00.000,I 20,I 20 and I 285,,Sideswipe-Same Direction,2,Clear,Dry,Daylight
2022-09-25T15:52:00.000,I 285,I 20 and I 285,,Rear End,2,Cloudy,Dry,Daylight
2022-04-12T08:45:00.000,I 20,I 20 and I 285,,Rear End,2,Clear,Dry,Daylight
2022-10-07T14:00:00.000,I 285,I 20 and I 285,,Rear End,2,Clear,Dry,Daylight
2022-11-10T16:35:00.000,I 285,I 20 and I 285,,Rear End,2,Cloudy,Dry,Daylight
2022-08-13T18:30:00.000,I 285,I 20 and I 285,,Rear End,2,Clear,Dry,Daylight
2022-07-29T10:50:00.000,I 20,I 20 and I 285,,Rear End,2,Clear,Dry,Daylight
2022-08-15T17:22:00.000,I 285,I 20 and I 285,,Rear End,2,Clear,Dry,Daylight
2022-05-20T14:00:00.000,I 285,I 20 and I 285,,Sideswipe-Same Direction,3,Clear,Dry,Daylight
2022-12-06T16:15:00.000,I 20,I 20 and I 285,,Rear End,2,Fog,Dry,Daylight
2022-09-23T11:00:00.000,I 285,I 20 and I 285,,Rear End,2,Clear,Dry,Daylight
2021-07-05T17:45:00.000,I 20,I 20 and I 285,,Rear End,3,Clear,Wet,Daylight
2021-11-24T18:15:00.000,I 20,I 20 and I 285,,Sideswipe-Same Direction,2,Clear,Dry,Dark-Lighted
2021-12-29T14:04:00.000,I 20,I 20 and I 285,,Sideswipe-Same Direction,2,Clear,Dry,Daylight
2021-12-30T18:35:00.000,I 20,I 20 and I 285,,Not a Collision with Motor Vehicle,1,Rain,Wet,Dark-Lighted
2021-07-11T14:25:00.000,I 285,I 20 and I 285,,Rear End,2,Clear,Dry,Daylight
2021-10-19T16:20:00.000,I 285,I 20 and I 285,,Rear End,2,Clear,Dry,Daylight
2021-09-03T12:51:00.000,I 20,I 20 and I 285,,Sideswipe-Same Direction,2,Clear,Dry,Daylight
2021-07-06T12:41:00.000,I 20,I 20 and I 285,,Sideswipe-Same Direction,2,Clear,Dry,Daylight
2021-07-20T06:30:00.000,I 20,I 20 and I 285,,Rear End,5,Rain,Wet,Daylight
2021-09-27T16:10:00.000,I 20,I 20 and I 285,,Sideswipe-Same Direction,2,Clear,Dry,Daylight
2021-08-13T19:00:00.000,I 20,I 20 and I 285,,Sideswipe-Same Direction,2,Clear,Dry,Daylight
2021-09-17T14:04:00.000,I 285,I 20 and I 285,,Rear End,2,Clear,Dry,Daylight
2021-12-30T19:23:00.000,I 285,I 20 and I 285,,Rear End,2,Cloudy,Wet,Dark-Not Lighted