Date and Time,Roadway (From Crash Report),Intersection Name (from Crash Report),KABCO Severity,Manner of Collision (Crash Level) ,# of Vehicles per crash ,Weather Conditions (Crash Level),Surface Condition (Crash Level) ,Light Conditions (Crash Level)
2021-10-25T22:01:00.000,I 20,I 20 and I 285,,Angle Crash,2,Clear,Dry,Dark-Lighted
2021-12-10T18:43:00.000,I 20,I 20 and I 285,,Rear End,2,Cloudy,Wet,Dark-Not Lighted
2021-09-20T17:34:00.000,I 20,I 20 and I 285,,Rear End,2,Rain,Wet,Daylight
2021-11-18T19:45:00.000,I 285,I 20 and I 285,,Rear End,3,Cloudy,Dry,Dark-Not Lighted
2021-11-12T17:01:00.000,I 20,I 20 and I 285,,Rear End,2,Clear,Dry,Daylight
2021-11-14T00:00:00.000,I 285,I 20 and I 285,,Sideswipe-Same Direction,2,Clear,Dry,Daylight
2021-10-05T08:45:00.000,I 285,I 20 and I 285,,Rear End,2,Rain,Wet,Daylight
2021-07-07T06:15:00.000,I 20,I 20 and I 285,,Sideswipe-Same Direction,2,Clear,Dry,Dark-Not Lighted
2021-08-29T00:00:00.000,I 285,I 20 and I 285,,Rear End,2,Clear,Dry,Daylight
2021-12-28T15:50:00.000,I 285,I 20 and I 285,,Rear End,2,Clear,Dry,Daylight
2021-11-12T09:15:00.000,I 20,I 20 and I 285,,Rear End,3,Clear,Wet,Daylight
2021-07-02T06:06:00.000,I 285,I 20 and I 285,,Angle Crash,2,Cloudy,Dry,Daylight
2021-10-01T18:19:00.000,I 20,I 20 and I 285,,Rear End,2,Clear,Dry,Daylight
2021-10-18T15:00:00.000,I 285,I 20 and I 285,,Rear End,2,Clear,Dry,Daylight
2021-09-19T12:00:00.000,I 20,I 20 and I 285,,Not a Collision with Motor Vehicle,1,Rain,Wet,Daylight
2021-12-29T15:57:00.000,I 20,I 20 and I 285,,Sideswipe-Same Direction,2,Clear,Dry,Daylight
2021-10-11T16:37:00.000,I 285,I 20 and I 285,,Sideswipe-Same Direction,2,Clear,Dry,Daylight
2021-08-31T17:30:00.000,I 20,I 20 and I 285,,Sideswipe-Same Direction,2,Cloudy,Dry,Daylight
2021-10-05T11:23:00.000,I 285,I 20 and I 285,,Rear End,2,Rain,Wet,Daylight
2021-07-18T08:54:00.000,I 285,I 20 and I 285,,Not a Collision with Motor Vehicle,1,Clear,Dry,Daylight
2021-10-16T01:30:00.000,I 285,I 20 and I 285,,Sideswipe-Same Direction,2,Clear,Dry,Dark-Lighted
2021-10-31T20:20:00.000,I 20,I 20 and I 285,,Rear End,2,Clear,Dry,Dark-Lighted
2021-07-08T17:45:00.000,I 285,I 20 and I 285,,Rear End,2,Cloudy,Dry,Daylight
2021-09-27T08:25:00.000,I 285,I 20 and I 285,,Rear End,2,Clear,Dry,Daylight
2021-08-11T19:40:00.000,I 285,I 20 and I 285,,Sideswipe-Same Direction,2,Clear,Dry,Daylight
2021-09-12T21:28:00.000,I 285,I 20 and I 285,,Rear End,2,Clear,Dry,Dark-Not Lighted
2021-10-25T09:45:00.000,I 285,I 20 and I 285,,Rear End,4,Clear,Dry,Daylight
2021-08-07T12:27:00.000,I 285,I 20 and I 285,,Rear End,3,Clear,Dry,Daylight
2021-09-29T15:50:00.000,I 285,I 20 and I 285,,Rear End,2,Clear,Dry,Daylight
2021-07-14T12:51:00.000,I 285,I 20 and I 285,,Rear End,2,Cloudy,Dry,Daylight
2021-10-25T13:07:00.000,I 20,I 20 and I 285,,Rear End,3,Clear,Dry,Daylight
2021-09-18T00:00:00.000,I 285,I 20 and I 285,,Rear End,2,Cloudy,Dry,Daylight
2021-12-03T13:02:00.000,I 20,I 20 and I 285,,Sideswipe-Same Direction,2,Clear,Dry,Daylight
2021-10-30T03:58:00.000,I 20,I 20 and I 285,,Rear End,2,Clear,Wet,Dark-Not Lighted
2021-09-28T15:00:00.000,I 285,I 20 and I 285,,Sideswipe-Same Direction,2,Clear,Dry,Daylight
2021-11-23T08:30:00.000,I 285,I 20 and I 285,,Rear End,2,Clear,Dry,Daylight
2021-12-13T10:58:00.000,I 20,I 20 and I 285,,Rear End,2,Clear,Dry,Daylight
2021-11-05T16:30:00.000,I 20,I 20 and I 285,,Rear End,2,Cloudy,Dry,Daylight
2021-09-23T23:15:00.000,I 20,I 20 and I 285,,Sideswipe-Same Direction,2,Clear,Dry,Dark-Not Lighted
2021-11-18T09:02:00.000,I 20,I 20 and I 285,,Sideswipe-Same Direction,2,Clear,Dry,Daylight
2021-09-22T14:15:00.000,I 285,I 20 and I 285,,Rear End,3,Clear,Dry,Daylight
2022-04-01T10:00:00.000,I 285,I 20 and I 285,,Rear End,2,Clear,Dry,Daylight
2022-11-21T07:22:00.000,I 20,I 20 and I 285,,Sideswipe-Same Direction,2,Clear,Dry,Dawn
2022-03-13T19:07:00.000,I 20,I 20 and I 285,,Sideswipe-Same Direction,2,Clear,Dry,Daylight
2022-03-25T23:15:00.000,I 20,I 20 and I 285,,Sideswipe-Same Direction,2,Clear,Dry,Dark-Not Lighted
2022-02-21T09:20:00.000,I 285,I 20 and I 285,,Rear End,3,Clear,Dry,Daylight
2022-07-05T02:25:00.000,I 285,I 20 and I 285,,Sideswipe-Same Direction,2,Clear,Dry,Dark-Lighted
2022-10-07T09:00:00.000,I 285,I 20 and I 285,,Sideswipe-Same Direction,2,Clear,Dry,Daylight
2022-03-19T00:31:00.000,I 285,I 20 and I 285,,Not a Collision with Motor Vehicle,1,Clear,Dry,Dark-Lighted
2022-04-08T08:55:00.000,I 285,I 20 and I 285,,Rear End,2,Clear,Dry,Daylight
2022-10-17T07:39:00.000,I 285,I 20 and I 285,,Rear End,2,Clear,Dry,Daylight
2022-03-02T18:00:00.000,I 20,I 20 and I 285,,Sideswipe-Same Direction,2,Clear,Dry,Daylight
2022-12-12T08:08:00.000,I 20,I 20 and I 285,,Sideswipe-Same Direction,2,Cloudy,Wet,Daylight
2022-02-17T12:00:00.000,I 285,I 20 and I 285,,Sideswipe-Same Direction,2,Cloudy,Dry,Daylight
2022-11-18T07:06:00.000,I 285,I 20 and I 285,,Rear End,2,Clear,Dry,Daylight
2022-02-21T11:00:00.000,I 20,I 20 and I 285,,Sideswipe-Same Direction,2,Clear,Dry,Daylight
2022-09-28T00:00:00.000,I 285,I 20 and I 285,,Rear End,4,Clear,Dry,Daylight
2022-12-20T17:22:00.000,I 285,I 20 and I 285,,Rear End,2,Rain,Wet,Daylight
2022-08-13T15:58:00.000,I 285,I 20 and I 285,,Rear End,2,Clear,Dry,Daylight
2022-04-15T18:25:00.000,I 285,I 20 and I 285,,Rear End,2,Clear,Dry,Daylight
2022-06-25T19:17:00.000,I 285,I 20 and I 285,,Sideswipe-Same Direction,2,Clear,Dry,Daylight
2022-02-09T05:09:00.000,I 20,I 20 and I 285,,Rear End,2,Clear,Dry,Dark-Not Lighted
2022-01-14T17:25:00.000,I 285,I 20 and I 285,,Rear End,2,Clear,Dry,Daylight
2022-01-03T14:04:00.000,I 20,I 20 and I 285,,Sideswipe-Same Direction,2,Clear,Dry,Daylight
2022-10-12T10:30:00.000,I 285,I 20 and I 285,,Rear End,3,Clear,Dry,Daylight
2022-11-11T18:20:00.000,I 285,I 20 and I 285,,Rear End,2,Cloudy,Wet,Dusk
2022-10-04T19:45:00.000,I 285,I 20 and I 285,,Rear End,2,Clear,Dry,Dark-Not Lighted
2022-08-16T08:16:00.000,I 285,I 20 and I 285,,Rear End,3,Cloudy,Dry,Daylight
2022-09-20T17:20:00.000,I 20,I 20 and I 285,,Sideswipe-Same Direction,2,Clear,Wet,Daylight
2022-04-12T16:40:00.000,I 20,I 20 and I 285,,Sideswipe-Same Direction,2,Clear,Dry,Daylight
2022-12-20T13:23:00.000,I 285,I 20 and I 285,,Rear End,2,Rain,Wet,Daylight
2022-01-03T07:57:00.000,I 20,I 20 and I 285,,Sideswipe-Same Direction,2,Cloudy,Wet,Daylight
2022-04-04T08:48:00.000,I 285,I 20 and I 285,,Rear End,3,Cloudy,Dry,Daylight
2022-09-19T15:40:00.000,I 20,I 20 and I 285,,Not a Collision with Motor Vehicle,2,Clear,Dry,Daylight
2022-04-17T05:00:00.000,I 285,I 20 and I 285,,Not a Collision with Motor Vehicle,2,Cloudy,Dry,Dark-Not Lighted
2022-06-29T10:30:00.000,I 285,I 20 and I 285,,Rear End,2,Clear,Dry,Daylight
2022-01-10T17:03:00.000,I 285,I 20 and I 285,,Rear End,2,Clear,Dry,Daylight
2022-12-12T18:53:00.000,I 285,I 20 and I 285,,Sideswipe-Same Direction,2,Clear,Dry,Dark-Not Lighted
2022-01-20T07:58:00.000,I 285,I 20 and I 285,,Rear End,2,Rain,Wet,Daylight
2022-01-10T16:11:00.000,I 20,I 20 and I 285,,Rear End,2,Clear,Dry,Daylight
2022-12-10T16:00:00.000,I 285,I 20 and I 285,,Rear End,2,Cloudy,Dry,Daylight
2022-07-12T09:27:00.000,I 285,I 20 and I 285,,Sideswipe-Same Direction,2,Clear,Dry,Daylight
2022-10-03T07:04:00.000,I 20,I 20 and I 285,,Rear End,2,Clear,Dry,Daylight
2022-07-23T06:58:00.000,I 285,I 20 and I 285,,Rear End,2,Clear,Dry,Daylight
2022-11-28T11:30:00.000,I 285,I 20 and I 285,,Sideswipe-Same Direction,2,Clear,Dry,Daylight
2022-04-26T14:35:00.000,I 20,I 20 and I 285,,Sideswipe-Same Direction,2,Cloudy,Dry,Daylight
2022-05-17T16:43:00.000,I 20,I 20 and I 285,,Rear End,2,Clear,Dry,Daylight
2022-08-01T10:32:00.000,I 285,I 20 and I 285,,Rear End,2,Cloudy,Dry,Daylight
2022-10-26T09:15:00.000,I 285,I 20 and I 285,,Rear End,2,Clear,Dry,Daylight
2022-02-22T15:10:00.000,I 285,I 20 and I 285,,Rear End,2,Clear,Dry,Daylight
2022-02-01T14:50:00.000,I 285,I 20 and I 285,,Angle Crash,4,Clear,Dry,Daylight
2022-03-02T15:25:00.000,I 285,I 20 and I 285,,Rear End,2,Clear,Dry,Daylight
2022-11-13T12:00:00.000,I 20,I 20 and I 285,,Sideswipe-Same Direction,2,Clear,Dry,Daylight
2022-02-04T13:27:00.000,I 285,I 20 and I 285,,Rear End,2,Cloudy,Dry,Daylight
2022-01-01T00:00:00.000,I 285,I 20 and I 285,,Sideswipe-Same Direction,2,Cloudy,Wet,Dark-Not Lighted
2022-09-16T13:17:00.000,I 285,I 20 and I 285,,Rear End,2,Clear,Dry,Daylight
2022-12-02T06:15:00.000,I 20,I 20 and I 285,,Sideswipe-Same Direction,2,Clear,Dry,Dusk
2022-05-05T21:20:00.000,I 20,I 20 and I 285,,Not a Collision with Motor Vehicle,1,Clear,Dry,Dark-Not Lighted
2022-12-02T17:00:00.000,I 285,I 20 and I 285,,Sideswipe-Same Direction,2,Clear,Dry,Dark-Not Lighted
2022-04-01T06:25:00.000,I 20,I 20 and I 285,,Not a Collision with Motor Vehicle,1,Clear,Dry,Daylight
2022-09-18T12:12:00.000,I 285,I 20 and I 285,,Rear End,2,Clear,Dry,Daylight
2022-04-26T07:03:00.000,I 20,I 20 and I 285,,Sideswipe-Same Direction,2,Clear,Dry,Daylight
2022-08-25T11:20:00.000,I 20,I 20 and I 285,,Angle Crash,2,Cloudy,Dry,Daylight
2022-07-03T10:30:00.000,I 285,I 20 and I 285,,Sideswipe-Same Direction,2,Clear,Dry,Daylight
2022-12-15T06:30:00.000,I 285,I 20 and I 285,,Rear End,4,Cloudy,Wet,Dark-Lighted
2022-01-31T23:00:00.000,I 285,I 20 and I 285,,Sideswipe-Same Direction,2,Clear,Dry,Dark-Lighted
2022-08-30T10:00:00.000,I 20,I 20 and I 285,,Rear End,2,Clear,Dry,Daylight
2022-02-12T12:00:00.000,I 285,I 20 and I 285,,Rear End,3,Clear,Dry,Daylight
2022-12-05T19:45:00.000,I 285,I 20 and I 285,,Sideswipe-Same Direction,2,Rain,Wet,Dark-Lighted
2022-11-01T07:05:00.000,I 285,I 20 and I 285,,Sideswipe-Same Direction,2,Cloudy,Dry,Dawn
2022-01-06T17:13:00.000,I 20,I 20 and I 285,,Rear End,2,Cloudy,Wet,Dark-Lighted
2022-03-22T20:00:00.000,I 285,I 20 and I 285,,Not a Collision with Motor Vehicle,3,Cloudy,Dry,Dark-Not Lighted
2022-11-30T19:01:00.000,I 285,I 20 and I 285,,Rear End,2,Clear,Dry,Dark-Lighted
2022-10-18T09:20:00.000,I 20,I 20 and I 285,,Rear End,2,Clear,Dry,Daylight
2022-04-29T18:30:00.000,I 20,I 20 and I 285,,Rear End,2,Clear,Dry,Daylight
2022-07-27T16:20:00.000,I 285,I 20 and I 285,,Rear End,2,Clear,Dry,Daylight
2022-04-04T06:40:00.000,I 20,I 20 and I 285,,Rear End,2,Clear,Dry,Dark-Not Lighted
2022-12-19T19:00:00.000,I 285,I 20 and I 285,,Rear End,2,Clear,Dry,Dark-Lighted
2022-11-29T08:07:00.000,I 285,I 20 and I 285,,Rear End,3,Clear,Dry,Daylight
2022-01-21T05:55:00.000,I 285,I 20 and I 285,,Angle Crash,2,Clear,Dry,Dark-Not Lighted
2022-10-30T02:35:00.000,I 20,I 20 and I 285,,Not a Collision with Motor Vehicle,1,Cloudy,Wet,Dark-Lighted
2022-02-18T16:11:00.000,I 285,I 20 and I 285,,Rear End,2,Clear,Dry,Daylight
2022-09-27T16:25:00.000,I 20,I 20 and I 285,,Rear End,2,Clear,Dry,Daylight
2022-04-28T19:20:00.000,I 285,I 20 and I 285,,Rear End,2,Clear,Dry,Daylight
2022-11-07T15:55:00.000,I 285,I 20 and I 285,,Rear End,3,Clear,Dry,Daylight
2022-11-29T10:35:00.000,I 285,I 20 and I 285,,Sideswipe-Same Direction,2,Clear,Dry,Daylight
2022-12-06T15:19:00.000,I 285,I 20 and I 285,,Rear End,3,Cloudy,Dry,Daylight
2022-01-20T12:10:00.000,I 20,I 20 and I 285,,Not a Collision with Motor Vehicle,1,Rain,Wet,Daylight
2022-08-06T08:00:00.000,I 285,I 20 and I 285,,Angle Crash,2,Clear,Dry,Daylight
2022-01-10T12:43:00.000,I 20,I 20 and I 285,,Sideswipe-Same Direction,2,Clear,Dry,Daylight
2022-12-30T19:10:00.000,I 285,I 20 and I 285,,Rear End,3,Clear,Dry,Dark-Not Lighted
2022-05-17T16:35:00.000,I 285,I 20 and I 285,,Rear End,2,Clear,Dry,Daylight
2022-08-12T07:15:00.000,I 285,I 20 and I 285,,Rear End,2,Cloudy,Dry,Daylight
2022-06-21T19:50:00.000,I 20,I 20 and I 285,,Not a Collision with Motor Vehicle,1,Clear,Dry,Daylight
2022-07-28T17:01:00.000,I 285,I 20 and I 285,,Rear End,2,Clear,Dry,Daylight
2022-08-22T08:45:00.000,I 285,I 20 and I 285,,Rear End,2,Rain,Wet,Daylight
2022-09-06T17:20:00.000,I 20,I 20 and I 285,,Rear End,2,Clear,Dry,Daylight
2022-09-23T15:25:00.000,I 20,I 20 and I 285,,Rear End,2,Clear,Dry,Daylight
2022-02-25T17:05:00.000,I 20,I 20 and I 285,,Rear End,2,Clear,Dry,Daylight
2022-06-11T11:00:00.000,I 285,I 20 and I 285,,Sideswipe-Same Direction,3,Clear,Dry,Daylight
2022-11-12T12:00:00.000,I 285,I 20 and I 285,,Rear End,4,Cloudy,Dry,Daylight
2022-07-01T23:02:00.000,I 285,I 20 and I 285,,Not a Collision with Motor Vehicle,1,Clear,Dry,Dark-Not Lighted
2022-04-27T17:59:00.000,I 20,I 20 and I 285,,Rear End,2,Clear,Dry,Daylight
2022-09-15T17:43:00.000,I 285,I 20 and I 285,,Rear End,2,Clear,Dry,Daylight
2022-11-11T07:58:00.000,I 20,I 20 and I 285,,Sideswipe-Same Direction,2,Rain,Wet,Daylight
2022-07-07T09:30:00.000,I 285,I 20 and I 285,,Sideswipe-Same Direction,2,Clear,Dry,Daylight
2022-02-10T04:50:00.000,I 285,I 20 and I 285,,Not a Collision with Motor Vehicle,1,Clear,Dry,Dark-Not Lighted
2022-07-16T00:40:00.000,I 285,I 20 and I 285,,Rear End,2,Clear,Dry,Dark-Lighted
2022-01-04T06:45:00.000,I 20,I 20 and I 285,,Sideswipe-Same Direction,2,Clear,Dry,Dark-Not Lighted
2022-12-01T22:00:00.000,I 285,I 20 and I 285,,Sideswipe-Same Direction,2,Clear,Dry,Dark-Lighted
2022-02-18T09:40:00.000,I 285,I 20 and I 285,,Rear End,2,Cloudy,Dry,Daylight
2022-01-18T14:00:00.000,I 285,I 20 and I 285,,Not a Collision with Motor Vehicle,1,Clear,Dry,Daylight
2022-05-02T13:04:00.000,I 20,I 20 and I 285,,Rear End,2,Clear,Dry,Daylight
2022-04-10T17:15:00.000,I 285,I 20 and I 285,,Sideswipe-Same Direction,2,Clear,Dry,Daylight
2022-04-12T12:50:00.000,I 20,I 20 and I 285,,Sideswipe-Same Direction,2,Clear,Dry,Daylight
2022-04-23T03:35:00.000,I 285,I 20 and I 285,,Rear End,2,Clear,Dry,Dark-Not Lighted
2022-08-12T14:20:00.000,I 285,I 20 and I 285,,Rear End,2,Clear,Dry,Daylight
2022-04-22T15:29:00.000,I 20,I 20 and I 285,,Sideswipe-Same Direction,2,Clear,Dry,Daylight
2022-12-04T18:50:00.000,I 285,I 20 and I 285,,Rear End,2,Clear,Dry,Dark-Not Lighted
2022-07-25T14:00:00.000,I 20,I 20 and I 285,,Not a Collision with Motor Vehicle,2,Clear,Dry,Daylight
2022-10-02T20:00:00.000,I 285,I 20 and I 285,,Rear End,2,Clear,Dry,Dark-Lighted
2022-03-05T15:42:00.000,I 20,I 20 and I 285,,Rear End,2,Clear,Dry,Daylight
2022-01-09T22:51:00.000,I 20,I 20 and I 285,,Not a Collision with Motor Vehicle,1,Cloudy,Wet,Dark-Lighted
2022-12-03T15:20:00.000,I 20,I 20 and I 285,,Sideswipe-Same Direction,2,Cloudy,Wet,Daylight
2022-10-15T19:10:00.000,I 285,I 20 and I 285,,Rear End,3,Clear,Dry,Dark-Not Lighted
2022-01-29T16:35:00.000,I 285,I 20 and I 285,,Sideswipe-Same Direction,2,Clear,Dry,Daylight
2022-08-08T17:30:00.000,I 20,I 20 and I 285,,Sideswipe-Same Direction,2,Cloudy,Dry,Daylight
2022-07-14T07:16:00.000,I 285,I 20 and I 285,,Rear End,2,Clear,Dry,Daylight
2022-08-27T05:50:00.000,I 285,I 20 and I 285,,Rear End,2,Clear,Dry,Dark-Lighted
2022-02-04T19:00:00.000,I 20,I 20 and I 285,,Sideswipe-Same Direction,2,Cloudy,Dry,Dark-Lighted
2022-05-13T21:52:00.000,I 285,I 20 and I 285,,Not a Collision with Motor Vehicle,1,Cloudy,Wet,Dark-Not Lighted
2022-08-09T15:00:00.000,I 285,I 20 and I 285,,Rear End,2,Clear,Dry,Daylight
2022-07-04T14:00:00.000,I 20,I 20 and I 285,,Not a Collision with Motor Vehicle,1,Cloudy,Dry,Daylight
2022-02-15T22:17:00.000,I 20,I 20 and I 285,,Not a Collision with Motor Vehicle,1,Clear,Dry,Dark-Not Lighted
2022-03-13T16:30:00.000,I 285,I 20 and I 285,,Rear End,3,Clear,Dry,Daylight
2022-06-25T00:39:00.000,I 20,I 20 and I 285,,Sideswipe-Same Direction,2,Clear,Dry,Dark-Not Lighted
2022-02-28T16:10:00.000,I 20,I 20 and I 285,,Rear End,2,Clear,Dry,Daylight
2022-04-28T18:44:00.000,I 20,I 20 and I 285,,Sideswipe-Same Direction,2,Clear,Dry,Daylight
2022-01-10T18:25:00.000,I 285,I 20 and I 285,,Rear End,2,Clear,Dry,Dusk
2022-05-04T18:00:00.000,I 20,I 20 and I 285,,Rear End,2,Clear,Dry,Daylight
2022-08-05T11:03:00.000,I 285,I 20 and I 285,,Rear End,3,Clear,Dry,Daylight
2022-12-04T23:59:00.000,I 20,I 20 and I 285,,Rear End,2,Clear,Dry,Dark-Not Lighted
2022-09-26T15:30:00.000,I 285,I 20 and I 285,,Angle Crash,2,Clear,Dry,Daylight
2022-01-06T17:59:00.000,I 20,I 20 and I 285,,Rear End,2,Cloudy,Wet,Dark-Lighted
2022-05-26T15:13:00.000,I 285,I 20 and I 285,,Rear End,2,Cloudy,Wet,Daylight
2022-04-30T04:57:00.000,I 20,I 20 and I 285,,Not a Collision with Motor Vehicle,1,Clear,Dry,Dark-Not Lighted
2022-09-28T08:00:00.000,I 285,I 20 and I 285,,Not a Collision with Motor Vehicle,1,Clear,Dry,Daylight
2022-10-30T20:29:00.000,I 20,I 20 and I 285,,Rear End,2,Cloudy,Wet,Dark-Not Lighted
2022-12-28T12:30:00.000,I 285,I 20 and I 285,,Rear End,2,Clear,Dry,Daylight
2022-05-31T08:00:00.000,I 285,I 20 and I 285,,Not a Collision with Motor Vehicle,2,Cloudy,Dry,Daylight
2022-11-11T11:49:00.000,I 20,I 20 and I 285,,Rear End,2,Rain,Wet,Daylight
2022-05-02T14:00:00.000,I 285,I 20 and I 285,,Rear End,4,Clear,Dry,Daylight
2022-04-26T04:00:00.000,I 285,I 20 and I 285,,Not a Collision with Motor Vehicle,2,Clear,Oil,Dark-Lighted
2022-04-03T22:47:00.000,I 20,I 20 and I 285,,Not a Collision with Motor Vehicle,1,Clear,Dry,Dark-Not Lighted
2022-07-11T14:25:00.000,I 20,I 20 and I 285,,Angle Crash,2,Cloudy,Dry,Daylight
2022-06-10T21:30:00.000,I 20,I 20 and I 285,,Angle Crash,3,Clear,Dry,Dark-Not Lighted
2022-05-31T11:50:00.000,I 20,I 20 and I 285,,Sideswipe-Same Direction,2,Clear,Dry,Daylight
2022-08-13T15:58:00.000,I 285,I 20 and I 285,,Rear End,3,Clear,Dry,Daylight
2022-02-18T13:34:00.000,I 20,I 20 and I 285,,Rear End,2,Clear,Dry,Daylight
2022-01-31T06:35:00.000,I 20,I 20 and I 285,,Sideswipe-Same Direction,2,Cloudy,Dry,Dark-Lighted
2022-02-12T14:09:00.000,I 285,I 20 and I 285,,Rear End,2,Clear,Dry,Daylight
2022-06-13T05:31:00.000,I 20,I 20 and I 285,,Not a Collision with Motor Vehicle,1,Clear,Dry,Dark-Not Lighted
2022-06-17T23:18:00.000,I 285,I 20 and I 285,,Sideswipe-Same Direction,2,Clear,Dry,Dark-Not Lighted
2022-09-26T17:22:00.000,I 285,I 20 and I 285,,Sideswipe-Same Direction,2,Clear,Dry,Daylight
2022-12-01T09:30:00.000,I 285,I 20 and I 285,,Angle Crash,3,Clear,Dry,Daylight
2022-06-23T16:11:00.000,I 20,I 20 and I 285,,Sideswipe-Same Direction,2,Clear,Dry,Daylight
2022-10-15T18:30:00.000,I 285,I 20 and I 285,,Sideswipe-Same Direction,2,Clear,Dry,Dark-Lighted
2022-02-03T09:00:00.000,I 20,I 20 and I 285,,Sideswipe-Same Direction,2,Cloudy,Wet,Daylight
2022-02-03T14:00:00.000,I 285,I 20 and I 285,,Sideswipe-Same Direction,2,Rain,Wet,Daylight
2022-03-01T00:06:00.000,I 20,I 20 and I 285,,Rear End,2,Clear,Dry,Dark-Lighted
2022-02-27T14:15:00.000,I 285,I 20 and I 285,,Rear End,2,Rain,Wet,Daylight
2022-04-28T19:50:00.000,I 285,I 20 and I 285,,Rear End,2,Clear,Dry,Daylight
2022-08-18T17:26:00.000,I 20,I 20 and I 285,,Sideswipe-Same Direction,2,Clear,Dry,Daylight
2022-10-03T16:46:00.000,I 20,I 20 and I 285,,Not a Collision with Motor Vehicle,1,Clear,Dry,Daylight
2022-04-11T10:15:00.000,I 285,I 20 and I 285,,Sideswipe-Same Direction,2,Clear,Dry,Daylight
2022-07-08T06:50:00.000,I 285,I 20 and I 285,,Rear End,2,Clear,Dry,Daylight
2022-01-13T16:25:00.000,I 285,I 20 and I 285,,Rear End,2,Clear,Dry,Dusk
2022-02-04T19:49:00.000,I 285,I 20 and I 285,,Not a Collision with Motor Vehicle,2,Clear,Dry,Dark-Lighted
2022-05-14T02:29:00.000,I 285,I 20 and I 285,,Not a Collision with Motor Vehicle,1,Clear,Dry,Dark-Not Lighted
2022-06-21T12:48:00.000,I 285,I 20 and I 285,,Rear End,2,Clear,Dry,Daylight
2022-01-20T18:06:00.000,I 20,I 20 and I 285,,Sideswipe-Same Direction,2,Cloudy,Wet,Dusk
2022-03-01T12:28:00.000,I 20,I 20 and I 285,,Sideswipe-Same Direction,2,Clear,Dry,Daylight
2022-03-29T17:50:00.000,I 285,I 20 and I 285,,Rear End,2,Clear,Dry,Daylight
2022-03-04T17:48:00.000,I 285,I 20 and I 285,,Sideswipe-Same Direction,2,Clear,Dry,Daylight
2022-02-03T11:51:00.000,I 285,I 20 and I 285,,Rear End,4,Rain,Wet,Daylight
2022-06-09T16:16:00.000,I 285,I 20 and I 285,,Rear End,2,Cloudy,Dry,Daylight
2022-12-02T12:58:00.000,I 20,I 20 and I 285,,Not a Collision with Motor Vehicle,1,Clear,Dry,Daylight
2022-11-02T16:24:00.000,I 20,I 20 and I 285,,Rear End,3,Clear,Dry,Daylight
2022-10-28T21:30:00.000,I 285,I 20 and I 285,,Sideswipe-Same Direction,2,Clear,Dry,Dark-Not Lighted
2022-09-08T19:32:00.000,I 20,I 20 and I 285,,Rear End,6,Clear,Dry,Daylight
2022-09-12T07:45:00.000,I 20,I 20 and I 285,,Sideswipe-Same Direction,2,Cloudy,Dry,Daylight
2022-03-31T16:34:00.000,I 20,I 20 and I 285,,Rear End,2,Clear,Dry,Daylight
2022-09-06T07:34:00.000,I 20,I 20 and I 285,,Rear End,2,Cloudy,Dry,Daylight
2022-10-13T16:35:00.000,I 285,I 20 and I 285,,Rear End,2,Clear,Dry,Daylight
2022-05-16T17:45:00.000,I 20,I 20 and I 285,,Rear End,3,Clear,Dry,Daylight
2022-04-17T21:30:00.000,I 285,I 20 and I 285,,Not a Collision with Motor Vehicle,2,Clear,Dry,Dark-Not Lighted
2022-02-15T16:54:00.000,I 285,I 20 and I 285,,Sideswipe-Same Direction,2,Clear,Dry,Daylight
2022-12-15T10:38:00.000,I 285,I 20 and I 285,,Rear End,3,Clear,Dry,Daylight
2022-06-24T11:27:00.000,I 20,I 20 and I 285,,Rear End,2,Cloudy,Dry,Daylight
2022-05-12T02:54:00.000,I 20,I 20 and I 285,,Not a Collision with Motor Vehicle,1,Cloudy,Dry,Dark-Not Lighted
2022-01-10T18:40:00.000,I 285,I 20 and I 285,,Rear End,2,Clear,Dry,Dark-Not Lighted
2022-10-18T17:40:00.000,I 285,I 20 and I 285,,Rear End,2,Clear,Dry,Daylight
2022-04-19T13:30:00.000,I 285,I 20 and I 285,,Not a Collision with Motor Vehicle,1,Clear,Dry,Daylight
2022-01-06T15:20:00.000,I 20,I 20 and I 285,,Rear End,2,Rain,Wet,Daylight
2022-11-01T18:20:00.000,I 20,I 20 and I 285,,Sideswipe-Same Direction,3,Clear,Dry,Daylight
2022-05-22T15:00:00.000,I 285,I 20 and I 285,,Rear End,2,Clear,Dry,Daylight
2022-01-09T15:15:00.000,I 20,I 20 and I 285,,Sideswipe-Same Direction,2,Clear,Dry,Daylight
2022-02-25T15:50:00.000,I 20,I 20 and I 285,,Rear End,2,Clear,Dry,Daylight
2022-04-13T23:36:00.000,I 285,I 20 and I 285,,Angle Crash,3,Clear,Dry,Dark-Not Lighted
2022-01-27T07:04:00.000,I 20,I 20 and I 285,,Rear End,4,Clear,Dry,Daylight
2022-01-21T07:30:00.000,I 285,I 20 and I 285,,Rear End,2,Cloudy,Dry,Dawn
2022-07-16T13:00:00.000,I 285,I 20 and I 285,,Rear End,2,Clear,Dry,Daylight