Date and Time,Roadway (From Crash Report),Intersection Name (from Crash Report),KABCO Severity,Manner of Collision (Crash Level) ,# of Vehicles per crash ,Weather Conditions (Crash Level),Surface Condition (Crash Level) ,Light Conditions (Crash Level)
2022-01-31T12:15:00.000,I 20,I 20 and I 285,,Angle Crash,2,Clear,Dry,Daylight
2022-05-06T12:08:00.000,I 285,I 20 and I 285,,Not a Collision with Motor Vehicle,1,Clear,Dry,Daylight
2022-12-27T13:25:00.000,I 20,I 20 and I 285,,Rear End,2,Clear,Dry,Daylight
2022-08-08T13:02:00.000,I 20,I 20 and I 285,,Rear End,2,Clear,Dry,Daylight
2022-06-21T10:15:00.000,I 20,I 20 and I 285,,Rear End,3,Clear,Dry,Daylight
2022-04-18T01:00:00.000,I 20,I 20 and I 285,,Not a Collision with Motor Vehicle,1,Clear,Wet,Dark-Not Lighted
2022-11-11T07:00:00.000,I 20,I 20 and I 285,,Rear End,2,Rain,Wet,Daylight
2022-07-10T18:00:00.000,I 20,I 20 and I 285,,Rear End,3,Clear,Dry,Daylight
2022-05-14T08:15:00.000,I 285,I 20 and I 285,,Sideswipe-Same Direction,2,Clear,Dry,Daylight
2022-11-28T18:25:00.000,I 20,I 20 and I 285,,Rear End,2,Clear,Dry,Daylight
2022-02-03T16:00:00.000,I 285,I 20 and I 285,,Rear End,2,Cloudy,Wet,Daylight
2022-01-24T14:10:00.000,I 20,I 20 and I 285,,Rear End,2,Clear,Dry,Daylight
2022-05-20T07:36:00.000,I 285,I 20 and I 285,,Rear End,2,Clear,Dry,Daylight
2021-08-17T14:20:00.000,I 20,I 20 and I 285,,Sideswipe-Same Direction,3,Rain,Wet,Daylight
2021-09-08T14:35:00.000,I 285,I 20 and I 285,,Sideswipe-Same Direction,2,Cloudy,Dry,Daylight
2021-11-15T16:02:00.000,I 20,I 20 and I 285,,Rear End,2,Clear,Dry,Daylight
2021-10-25T20:00:00.000,I 285,I 20 and I 285,,Not a Collision with Motor Vehicle,1,Clear,Dry,Dark-Lighted
2021-07-30T17:00:00.000,I 20,I 20 and I 285,,Rear End,2,Clear,Dry,Daylight
2021-07-14T04:42:00.000,I 285,I 20 and I 285,,Not a Collision with Motor Vehicle,1,Cloudy,Dry,Dark-Not Lighted
2021-08-16T14:30:00.000,I 20,I 20 and I 285,,Rear End,2,Rain,Wet,Daylight
2021-12-03T17:20:00.000,I 285,I 20 and I 285,,Rear End,2,Clear,Dry,Daylight
2021-08-24T16:20:00.000,I 20,I 20 and I 285,,Rear End,3,Clear,Dry,Daylight
2021-09-16T17:15:00.000,I 285,I 20 and I 285,,Angle Crash,2,Rain,Wet,Daylight
2021-09-15T05:12:00.000,I 20,I 20 and I 285,,Not a Collision with Motor Vehicle,1,Rain,Wet,Daylight
2021-11-15T07:38:00.000,I 20,I 20 and I 285,,Angle Crash,2,Clear,Dry,Daylight
2021-08-31T12:03:00.000,I 285,I 20 and I 285,,Not a Collision with Motor Vehicle,1,Rain,Wet,Daylight
2021-07-12T20:20:00.000,I 285,I 20 and I 285,,Not a Collision with Motor Vehicle,1,Rain,Wet,Dusk
2021-11-10T06:30:00.000,I 285,I 20 and I 285,,Rear End,2,Clear,Dry,Dawn
2021-10-27T11:25:00.000,I 285,I 20 and I 285,,Rear End,3,Clear,Dry,Daylight
2021-09-21T19:48:00.000,I 285,I 20 and I 285,,Rear End,2,Clear,Dry,Dark-Not Lighted
2021-12-28T17:18:00.000,I 20,I 20 and I 285,,Rear End,3,Clear,Dry,Daylight
2021-12-17T18:15:00.000,I 285,I 20 and I 285,,Rear End,2,Clear,Dry,Dark-Lighted
2021-07-01T14:38:00.000,I 20,I 20 and I 285,,Rear End,2,Clear,Dry,Daylight
2021-08-03T01:50:00.000,I 285,I 20 and I 285,,Not a Collision with Motor Vehicle,1,Rain,Wet,Dark-Not Lighted
2021-11-17T08:35:00.000,I 285,I 20 and I 285,,Angle Crash,2,Clear,Dry,Daylight
2021-09-20T13:03:00.000,I 20,I 20 and I 285,,Rear End,2,Rain,Wet,Daylight
2021-07-24T17:25:00.000,I 285,I 20 and I 285,,Sideswipe-Same Direction,2,Clear,Dry,Daylight
2021-11-22T15:51:00.000,I 285,I 20 and I 285,,Angle Crash,2,Clear,Dry,Daylight
2021-11-13T19:05:00.000,I 285,I 20 and I 285,,Rear End,2,Clear,Dry,Dark-Lighted
2021-09-22T10:38:00.000,I 285,I 20 and I 285,,Sideswipe-Same Direction,2,Clear,Dry,Daylight
2021-12-30T22:00:00.000,I 20,I 20 and I 285,,Not a Collision with Motor Vehicle,1,Rain,Wet,Dark-Lighted
2021-07-28T18:36:00.000,I 20,I 20 and I 285,,Angle Crash,3,Clear,Dry,Daylight
2021-11-02T11:05:00.000,I 20,I 20 and I 285,,Rear End,2,Clear,Dry,Daylight
2021-11-25T13:50:00.000,I 20,I 20 and I 285,,Rear End,2,Clear,Dry,Daylight
2021-08-27T06:45:00.000,I 20,I 20 and I 285,,Angle Crash,2,Clear,Dry,Dawn
2021-10-19T11:21:00.000,I 285,I 20 and I 285,,Rear End,3,Clear,Dry,Daylight
2022-09-22T12:06:00.000,I 20,I 20 and I 285,,Rear End,2,Clear,Dry,Daylight
2022-11-18T06:40:00.000,I 285,I 20 and I 285,,Rear End,2,Clear,Dry,Dusk
2022-08-18T19:40:00.000,I 285,I 20 and I 285,,Sideswipe-Same Direction,2,Clear,Dry,Daylight
2022-10-16T16:15:00.000,I 285,I 20 and I 285,,Rear End,3,Clear,Dry,Daylight
2022-12-01T09:30:00.000,I 285,I 20 and I 285,,Rear End,2,Clear,Dry,Daylight
2022-06-10T19:30:00.000,I 285,I 20 and I 285,,Rear End,2,Clear,Dry,Daylight
2022-06-14T06:00:00.000,I 20,I 20 and I 285,,Not a Collision with Motor Vehicle,1,Clear,Dry,Daylight
2022-02-25T16:06:00.000,I 20,I 20 and I 285,,Sideswipe-Same Direction,2,Clear,Dry,Daylight
2022-12-12T00:04:00.000,I 285,I 20 and I 285,,Not a Collision with Motor Vehicle,1,Fog,Wet,Dark-Lighted
2022-04-25T15:00:00.000,I 285,I 20 and I 285,,Not a Collision with Motor Vehicle,2,Clear,Dry,Daylight
2022-12-17T18:30:00.000,I 285,I 20 and I 285,,Sideswipe-Same Direction,3,Clear,Dry,Daylight
2022-10-20T16:12:00.000,I 20,I 20 and I 285,,Sideswipe-Same Direction,2,Clear,Dry,Daylight
2022-10-09T00:26:00.000,I 20,I 20 and I 285,,Not a Collision with Motor Vehicle,1,Clear,Dry,Dark-Lighted
2022-11-29T17:48:00.000,I 20,I 20 and I 285,,Rear End,2,Clear,Dry,Dark-Lighted
2022-03-10T18:10:00.000,I 285,I 20 and I 285,,Rear End,2,Clear,Dry,Daylight
2022-11-24T17:08:00.000,I 20,I 20 and I 285,,Sideswipe-Same Direction,2,Cloudy,Dry,Daylight
2022-08-09T11:35:00.000,I 20,I 20 and I 285,,Angle Crash,2,Clear,Dry,Daylight
2022-04-26T09:00:00.000,I 285,I 20 and I 285,,Sideswipe-Same Direction,2,Clear,Dry,Daylight
2022-12-05T11:47:00.000,I 285,I 20 and I 285,,Rear End,3,Rain,Wet,Daylight
2022-11-06T14:30:00.000,I 285,I 20 and I 285,,Rear End,2,Clear,Dry,Daylight
2022-07-01T14:30:00.000,I 285,I 20 and I 285,,Rear End,2,Cloudy,Dry,Daylight
2022-04-29T18:32:00.000,I 285,I 20 and I 285,,Rear End,2,Clear,Dry,Daylight
2022-03-18T08:19:00.000,I 285,I 20 and I 285,,Not a Collision with Motor Vehicle,1,Cloudy,Dry,Daylight
2022-08-19T19:00:00.000,I 20,I 20 and I 285,,Sideswipe-Same Direction,2,Cloudy,Dry,Daylight
2022-09-18T09:25:00.000,I 285,I 20 and I 285,,Rear End,2,Clear,Dry,Daylight
2022-07-05T01:30:00.000,I 285,I 20 and I 285,,Not a Collision with Motor Vehicle,1,Cloudy,Wet,Dark-Not Lighted
2022-08-26T17:14:00.000,I 20,I 20 and I 285,,Sideswipe-Same Direction,2,Cloudy,Dry,Daylight
2022-10-23T16:30:00.000,I 285,I 20 and I 285,,Sideswipe-Same Direction,2,Clear,Dry,Daylight
2022-05-27T12:25:00.000,I 285,I 20 and I 285,,Rear End,2,Clear,Dry,Daylight
2022-09-05T15:05:00.000,I 20,I 20 and I 285,,Angle Crash,4,Clear,Dry,Daylight
2022-02-15T10:53:00.000,I 20,I 20 and I 285,,Rear End,2,Clear,Dry,Daylight
2022-08-08T13:35:00.000,I 20,I 20 and I 285,,Sideswipe-Same Direction,2,Clear,Dry,Daylight
2022-03-03T17:12:00.000,I 285,I 20 and I 285,,Angle Crash,2,Clear,Dry,Daylight
2022-02-07T16:00:00.000,I 20,I 20 and I 285,,Rear End,2,Clear,Dry,Daylight
2022-11-21T11:32:00.000,I 285,I 20 and I 285,,Rear End,2,Clear,Dry,Daylight
2022-12-12T06:45:00.000,I 20,I 20 and I 285,,Rear End,2,Cloudy,Wet,Dark-Not Lighted
2022-08-31T08:00:00.000,I 285,I 20 and I 285,,Rear End,2,Clear,Dry,Daylight
2022-04-21T18:09:00.000,I 20,I 20 and I 285,,Rear End,2,Clear,Dry,Daylight
2022-03-24T16:40:00.000,I 20,I 20 and I 285,,Sideswipe-Same Direction,2,Clear,Dry,Daylight
2022-03-27T22:34:00.000,I 20,I 20 and I 285,,Not a Collision with Motor Vehicle,1,Clear,Dry,Dark-Not Lighted
2022-07-19T13:25:00.000,I 20,I 20 and I 285,,Rear End,2,Clear,Wet,Daylight
2022-11-20T18:00:00.000,I 20,I 20 and I 285,,Sideswipe-Same Direction,2,Clear,Dry,Dark-Not Lighted
2022-03-21T00:00:00.000,I 285,I 20 and I 285,,Sideswipe-Same Direction,2,Clear,Dry,Dark-Not Lighted
2022-02-22T13:20:00.000,I 285,I 20 and I 285,,Angle Crash,2,Clear,Dry,Daylight
2022-04-25T18:00:00.000,I 20,I 20 and I 285,,Angle Crash,2,Clear,Dry,Daylight
2022-08-31T20:15:00.000,I 285,I 20 and I 285,,Angle Crash,3,Clear,Dry,Dark-Not Lighted
2022-07-25T13:36:00.000,I 20,I 20 and I 285,,Rear End,2,Cloudy,Dry,Daylight
2022-03-02T03:00:00.000,I 285,I 20 and I 285,,Not a Collision with Motor Vehicle,1,Clear,Dry,Dark-Not Lighted
2022-02-09T18:00:00.000,I 285,I 20 and I 285,,Sideswipe-Same Direction,2,Clear,Dry,Daylight
2022-01-11T15:05:00.000,I 20,I 20 and I 285,,Sideswipe-Same Direction,2,Clear,Dry,Daylight
2022-06-13T18:30:00.000,I 285,I 20 and I 285,,Sideswipe-Same Direction,2,Clear,Dry,Daylight
2022-11-29T20:55:00.000,I 285,I 20 and I 285,,Not a Collision with Motor Vehicle,1,Rain,Wet,Dark-Not Lighted
2022-06-29T03:00:00.000,I 285,I 20 and I 285,,Not a Collision with Motor Vehicle,1,Clear,Dry,Dark-Lighted
2022-08-23T16:47:00.000,I 20,I 20 and I 285,,Rear End,2,Clear,Dry,Daylight
2022-10-22T13:25:00.000,I 285,I 20 and I 285,,Rear End,2,Clear,Dry,Daylight
2022-12-15T08:01:00.000,I 285,I 20 and I 285,,Rear End,2,Cloudy,Wet,Daylight
2022-09-18T17:40:00.000,I 285,I 20 and I 285,,Rear End,2,Clear,Dry,Daylight
2022-12-06T14:34:00.000,I 285,I 20 and I 285,,Sideswipe-Same Direction,2,Cloudy,Dry,Daylight
2022-01-02T15:30:00.000,I 285,I 20 and I 285,,Not a Collision with Motor Vehicle,1,Rain,Wet,Daylight
2022-02-15T05:40:00.000,I 285,I 20 and I 285,,Rear End,2,Clear,Dry,Daylight
2022-12-02T11:00:00.000,I 20,I 20 and I 285,,Sideswipe-Same Direction,2,Cloudy,Dry,Daylight
2022-10-10T17:09:00.000,I 285,I 20 and I 285,,Rear End,2,Clear,Dry,Daylight
2022-12-22T18:37:00.000,I 285,I 20 and I 285,,Rear End,3,Clear,Wet,Dark-Not Lighted
2022-05-26T02:34:00.000,I 285,I 20 and I 285,,Sideswipe-Same Direction,2,Rain,Wet,Dark-Not Lighted
2022-02-03T12:30:00.000,I 285,I 20 and I 285,,Not a Collision with Motor Vehicle,1,Clear,Dry,Daylight
2022-06-01T09:20:00.000,I 285,I 20 and I 285,,Rear End,2,Clear,Dry,Daylight
2022-04-15T16:25:00.000,I 20,I 20 and I 285,,Not a Collision with Motor Vehicle,1,Clear,Dry,Daylight
2022-03-31T12:50:00.000,I 285,I 20 and I 285,,Not a Collision with Motor Vehicle,1,Clear,Dry,Daylight
2022-08-15T19:37:00.000,I 20,I 20 and I 285,,Sideswipe-Same Direction,2,Clear,Dry,Daylight
2022-05-06T08:44:00.000,I 285,I 20 and I 285,,Rear End,2,Rain,Wet,Daylight
2022-06-22T11:40:00.000,I 20,I 20 and I 285,,Rear End,2,Clear,Dry,Daylight
2022-03-30T12:39:00.000,I 285,I 20 and I 285,,Rear End,6,Clear,Dry,Daylight
2022-12-29T13:30:00.000,I 20,I 20 and I 285,,Rear End,3,Clear,Dry,Daylight
2022-03-17T17:00:00.000,I 20,I 20 and I 285,,Rear End,2,Clear,Dry,Daylight
2022-01-28T08:30:00.000,I 285,I 20 and I 285,,Sideswipe-Same Direction,2,Clear,Dry,Daylight
2022-08-16T12:20:00.000,I 20,I 20 and I 285,,Rear End,2,Clear,Dry,Daylight
2022-03-29T18:00:00.000,I 20,I 20 and I 285,,Rear End,2,Clear,Dry,Daylight
2022-12-09T18:41:00.000,I 285,I 20 and I 285,,Rear End,2,Rain,Wet,Dark-Not Lighted
2022-02-10T17:10:00.000,I 20,I 20 and I 285,,Sideswipe-Same Direction,2,Clear,Dry,Daylight
2022-06-11T13:00:00.000,I 285,I 20 and I 285,,Sideswipe-Same Direction,2,Clear,Dry,Daylight
2022-12-05T11:35:00.000,I 285,I 20 and I 285,,Rear End,3,Rain,Wet,Daylight
2022-03-25T13:04:00.000,I 285,I 20 and I 285,,Sideswipe-Same Direction,2,Clear,Dry,Daylight
2022-01-22T11:20:00.000,I 20,I 20 and I 285,,Not a Collision with Motor Vehicle,1,Clear,Dry,Daylight
2022-02-14T17:28:00.000,I 20,I 20 and I 285,,Sideswipe-Same Direction,2,Clear,Dry,Daylight
2022-11-14T10:18:00.000,I 20,I 20 and I 285,,Rear End,2,Clear,Dry,Daylight
2022-12-20T21:05:00.000,I 20,I 20 and I 285,,Not a Collision with Motor Vehicle,1,Rain,Wet,Dark-Lighted
2022-02-03T05:50:00.000,I 20,I 20 and I 285,,Sideswipe-Same Direction,2,Rain,Wet,Dark-Not Lighted
2022-11-14T18:57:00.000,I 285,I 20 and I 285,,Sideswipe-Same Direction,3,Clear,Dry,Dark-Not Lighted
2022-06-15T09:50:00.000,I 285,I 20 and I 285,,Sideswipe-Same Direction,2,Clear,Dry,Daylight
2022-03-03T19:21:00.000,I 285,I 20 and I 285,,Not a Collision with Motor Vehicle,1,Clear,Dry,Daylight
2022-10-25T15:00:00.000,I 285,I 20 and I 285,,Sideswipe-Same Direction,2,Clear,Dry,Daylight
2022-08-14T02:37:00.000,I 20,I 20 and I 285,,Not a Collision with Motor Vehicle,1,Clear,Dry,Dark-Lighted
2022-05-18T10:08:00.000,I 285,I 20 and I 285,,Angle Crash,2,Clear,Dry,Daylight
2022-01-17T14:33:00.000,I 20,I 20 and I 285,,Rear End,2,Cloudy,Dry,Daylight
2022-10-08T03:50:00.000,I 285,I 20 and I 285,,Sideswipe-Same Direction,2,Clear,Dry,Dark-Not Lighted
2022-08-27T16:45:00.000,I 285,I 20 and I 285,,Rear End,3,Clear,Dry,Daylight
2022-11-20T06:40:00.000,I 285,I 20 and I 285,,Not a Collision with Motor Vehicle,1,Clear,Dry,Daylight
2022-03-29T10:56:00.000,I 285,I 20 and I 285,,Sideswipe-Same Direction,2,Clear,Dry,Daylight
2022-01-07T14:15:00.000,I 285,I 20 and I 285,,Sideswipe-Same Direction,2,Clear,Dry,Daylight
2022-08-25T13:36:00.000,I 285,I 20 and I 285,,Sideswipe-Same Direction,2,Rain,Wet,Daylight
2022-11-11T18:10:00.000,I 20,I 20 and I 285,,Rear End,2,Clear,Wet,Dark-Not Lighted
2022-03-10T09:15:00.000,I 285,I 20 and I 285,,Angle Crash,2,Clear,Dry,Daylight
2022-05-03T11:00:00.000,I 20,I 20 and I 285,,Rear End,2,Clear,Dry,Daylight
2022-09-26T16:27:00.000,I 20,I 20 and I 285,,Sideswipe-Same Direction,2,Clear,Dry,Daylight
2022-07-22T16:23:00.000,I 285,I 20 and I 285,,Not a Collision with Motor Vehicle,1,Clear,Dry,Daylight
2022-05-05T13:17:00.000,I 20,I 20 and I 285,,Rear End,5,Clear,Dry,Daylight
2022-11-09T18:05:00.000,I 20,I 20 and I 285,,Rear End,3,Clear,Dry,Dark-Lighted
2022-09-12T13:00:00.000,I 285,I 20 and I 285,,Rear End,2,Clear,Dry,Daylight
2022-06-30T04:30:00.000,I 285,I 20 and I 285,,Angle Crash,2,Clear,Dry,Dark-Lighted
2022-05-16T17:39:00.000,I 20,I 20 and I 285,,Rear End,2,Clear,Dry,Daylight
2022-04-21T12:55:00.000,I 285,I 20 and I 285,,Rear End,2,Clear,Dry,Daylight
2022-12-24T20:00:00.000,I 20,I 20 and I 285,,Not a Collision with Motor Vehicle,1,Clear,Dry,Dark-Lighted
2022-02-04T15:19:00.000,I 20,I 20 and I 285,,Rear End,2,Cloudy,Wet,Daylight
2022-04-16T15:23:00.000,I 285,I 20 and I 285,,Rear End,2,Clear,Dry,Daylight
2022-01-10T07:50:00.000,I 20,I 20 and I 285,,Rear End,2,Clear,Dry,Daylight
2022-06-25T14:00:00.000,I 20,I 20 and I 285,,Not a Collision with Motor Vehicle,2,Clear,Dry,Daylight
2022-10-31T06:00:00.000,I 285,I 20 and I 285,,Sideswipe-Same Direction,2,Rain,Wet,Dark-Lighted
2022-01-26T16:12:00.000,I 285,I 20 and I 285,,Sideswipe-Same Direction,4,Clear,Dry,Daylight
2022-01-06T18:29:00.000,I 20,I 20 and I 285,,Rear End,3,Clear,Wet,Dark-Lighted
2022-12-09T10:19:00.000,I 20,I 20 and I 285,,Rear End,2,Cloudy,Dry,Daylight
2022-05-23T12:40:00.000,I 20,I 20 and I 285,,Sideswipe-Same Direction,3,Rain,Wet,Daylight
2022-06-02T09:11:00.000,I 285,I 20 and I 285,,Sideswipe-Same Direction,2,Clear,Dry,Daylight
2022-08-04T17:10:00.000,I 285,I 20 and I 285,,Rear End,2,Clear,Dry,Daylight
2022-11-04T09:53:00.000,I 285,I 20 and I 285,,Rear End,3,Clear,Dry,Daylight
2022-08-16T16:05:00.000,I 285,I 20 and I 285,,Rear End,2,Cloudy,Dry,Daylight
2022-10-03T16:30:00.000,I 285,I 20 and I 285,,Angle Crash,2,Clear,Dry,Daylight
2022-10-31T07:32:00.000,I 285,I 20 and I 285,,Not a Collision with Motor Vehicle,1,Rain,Wet,Dark-Not Lighted
2022-05-26T06:40:00.000,I 20,I 20 and I 285,,Not a Collision with Motor Vehicle,1,Cloudy,Wet,Dusk
2022-06-21T15:43:00.000,I 285,I 20 and I 285,,Rear End,2,Clear,Dry,Daylight
2022-02-02T13:57:00.000,I 20,I 20 and I 285,,Rear End,2,Clear,Dry,Daylight
2022-05-17T18:30:00.000,I 285,I 20 and I 285,,Rear End,2,Clear,Dry,Daylight
2022-09-28T14:28:00.000,I 20,I 20 and I 285,,Rear End,3,Clear,Dry,Daylight
2022-04-19T16:23:00.000,I 285,I 20 and I 285,,Rear End,2,Clear,Dry,Daylight
2022-10-17T04:03:00.000,I 20,I 20 and I 285,,Rear End,2,Clear,Dry,Dark-Lighted
2022-10-24T19:20:00.000,I 20,I 20 and I 285,,Angle Crash,2,Clear,Dry,Dark-Not Lighted
2022-02-01T18:30:00.000,I 285,I 20 and I 285,,Rear End,2,Clear,Dry,Dark-Lighted
2022-10-16T16:00:00.000,I 285,I 20 and I 285,,Rear End,2,Clear,Dry,Daylight
2022-01-10T19:19:00.000,I 285,I 20 and I 285,,Rear End,3,Clear,Dry,Dark-Not Lighted
2022-01-26T13:30:00.000,I 285,I 20 and I 285,,Angle Crash,2,Clear,Dry,Daylight
2022-08-15T18:05:00.000,I 285,I 20 and I 285,,Rear End,2,Cloudy,Dry,Daylight
2022-04-28T11:00:00.000,I 285,I 20 and I 285,,Sideswipe-Same Direction,2,Clear,Dry,Daylight
2022-02-14T11:23:00.000,I 20,I 20 and I 285,,Rear End,2,Clear,Dry,Daylight
2022-09-07T08:40:00.000,I 285,I 20 and I 285,,Sideswipe-Same Direction,2,Clear,Dry,Daylight
2022-06-17T19:30:00.000,I 285,I 20 and I 285,,Sideswipe-Same Direction,2,Clear,Dry,Daylight
2022-08-08T17:30:00.000,I 20,I 20 and I 285,,Sideswipe-Same Direction,2,Cloudy,Dry,Daylight
2022-05-23T11:05:00.000,I 20,I 20 and I 285,,Head On,2,Rain,Wet,Daylight
2022-11-07T08:03:00.000,I 20,I 20 and I 285,,Not a Collision with Motor Vehicle,1,Clear,Dry,Daylight
2022-10-06T17:18:00.000,I 285,I 20 and I 285,,Not a Collision with Motor Vehicle,2,Clear,Dry,Daylight
2022-10-28T11:15:00.000,I 285,I 20 and I 285,,Rear End,2,Clear,Dry,Daylight
2022-03-15T20:20:00.000,I 285,I 20 and I 285,,Not a Collision with Motor Vehicle,1,Rain,Wet,Dark-Not Lighted
2022-06-23T15:46:00.000,I 285,I 20 and I 285,,Sideswipe-Same Direction,2,Clear,Dry,Daylight
2022-05-27T15:18:00.000,I 20,I 20 and I 285,,Rear End,2,Clear,Dry,Daylight
2022-04-07T15:15:00.000,I 20,I 20 and I 285,,Rear End,2,Clear,Dry,Daylight
2022-08-11T15:40:00.000,I 20,I 20 and I 285,,Sideswipe-Same Direction,2,Clear,Dry,Daylight
2022-03-08T11:20:00.000,I 285,I 20 and I 285,,Sideswipe-Same Direction,2,Cloudy,Dry,Daylight
2022-02-07T17:20:00.000,I 285,I 20 and I 285,,Rear End,3,Clear,Dry,Daylight
2022-09-27T18:12:00.000,I 20,I 20 and I 285,,Sideswipe-Same Direction,2,Clear,Dry,Daylight
2022-03-04T19:45:00.000,I 285,I 20 and I 285,,Rear End,2,Clear,Dry,Dark-Not Lighted
2022-05-29T14:10:00.000,I 20,I 20 and I 285,,Rear End,2,Clear,Dry,Daylight
2022-03-22T14:31:00.000,I 20,I 20 and I 285,,Sideswipe-Same Direction,2,Clear,Dry,Daylight
2022-10-21T16:30:00.000,I 285,I 20 and I 285,,Rear End,2,Clear,Dry,Daylight
2022-11-04T13:28:00.000,I 20,I 20 and I 285,,Sideswipe-Same Direction,2,Clear,Dry,Daylight
2022-08-21T18:05:00.000,I 20,I 20 and I 285,,Sideswipe-Same Direction,2,Clear,Dry,Daylight
2022-04-18T08:25:00.000,I 285,I 20 and I 285,,Rear End,2,Cloudy,Dry,Daylight
2022-05-02T08:40:00.000,I 20,I 20 and I 285,,Rear End,2,Clear,Dry,Daylight
2022-08-11T06:50:00.000,I 20,I 20 and I 285,,Rear End,2,Clear,Dry,Daylight
2022-05-24T13:15:00.000,I 20,I 20 and I 285,,Not a Collision with Motor Vehicle,1,Clear,Dry,Daylight
2022-10-29T14:15:00.000,I 285,I 20 and I 285,,Rear End,5,Clear,Dry,Daylight
2022-01-22T18:00:00.000,I 285,I 20 and I 285,,Sideswipe-Same Direction,2,Clear,Dry,Dusk
2022-05-04T06:30:00.000,I 20,I 20 and I 285,,Not a Collision with Motor Vehicle,1,Rain,Wet,Daylight
2022-11-26T17:30:00.000,I 285,I 20 and I 285,,Rear End,2,Clear,Dry,Dark-Not Lighted
2022-11-28T11:40:00.000,I 20,I 20 and I 285,,Not a Collision with Motor Vehicle,1,Clear,Dry,Daylight
2022-09-16T14:00:00.000,I 285,I 20 and I 285,,Sideswipe-Same Direction,2,Clear,Dry,Daylight
2022-06-23T14:01:00.000,I 20,I 20 and I 285,,Rear End,2,Clear,Dry,Daylight
2022-04-14T17:00:00.000,I 285,I 20 and I 285,,Not a Collision with Motor Vehicle,1,Clear,Dry,Daylight
2022-02-15T07:30:00.000,I 285,I 20 and I 285,,Sideswipe-Same Direction,2,Clear,Dry,Daylight
2022-09-19T10:54:00.000,I 20,I 20 and I 285,,Sideswipe-Same Direction,2,Clear,Dry,Daylight
2022-06-13T15:15:00.000,I 285,I 20 and I 285,,Sideswipe-Same Direction,2,Clear,Dry,Daylight
2022-10-25T18:45:00.000,I 20,I 20 and I 285,,Rear End,2,Cloudy,Dry,Daylight
2022-01-15T00:00:00.000,I 285,I 20 and I 285,,Rear End,2,Cloudy,Dry,Daylight
2022-10-22T20:30:00.000,I 285,I 20 and I 285,,Rear End,2,Clear,Dry,Dark-Not Lighted
2022-06-11T09:57:00.000,I 285,I 20 and I 285,,Sideswipe-Same Direction,2,Clear,Dry,Daylight
2022-01-04T15:30:00.000,I 285,I 20 and I 285,,Sideswipe-Same Direction,2,Clear,Dry,Daylight
2022-11-24T11:30:00.000,I 20,I 20 and I 285,,Sideswipe-Same Direction,2,Cloudy,Dry,Daylight
2022-06-21T21:30:00.000,I 285,I 20 and I 285,,Rear End,2,Clear,Dry,Dark-Not Lighted
2022-12-05T08:30:00.000,I 285,I 20 and I 285,,Rear End,2,Rain,Wet,Daylight
2022-11-04T17:18:00.000,I 20,I 20 and I 285,,Sideswipe-Same Direction,2,Clear,Dry,Daylight
2022-09-17T20:30:00.000,I 20,I 20 and I 285,,Sideswipe-Same Direction,2,Clear,Dry,Dark-Not Lighted
2022-10-12T07:00:00.000,I 285,I 20 and I 285,,Rear End,2,Cloudy,Wet,Dark-Lighted
2022-04-06T06:40:00.000,I 20,I 20 and I 285,,Angle Crash,2,Rain,Wet,Daylight
2022-12-12T14:19:00.000,I 285,I 20 and I 285,,Not a Collision with Motor Vehicle,1,Clear,Dry,Daylight
2022-10-17T04:33:00.000,I 20,I 20 and I 285,,Angle Crash,2,Clear,Dry,Dark-Lighted
2022-01-09T07:00:00.000,I 20,I 20 and I 285,,Angle Crash,2,Clear,Dry,Dawn
2022-07-21T09:30:00.000,I 285,I 20 and I 285,,Rear End,2,Rain,Wet,Daylight
2022-03-04T19:00:00.000,I 285,I 20 and I 285,,Rear End,2,Clear,Dry,Dark-Not Lighted
2022-09-08T06:30:00.000,I 285,I 20 and I 285,,Sideswipe-Same Direction,2,Clear,Dry,Dark-Lighted
2022-12-28T16:25:00.000,I 285,I 20 and I 285,,Sideswipe-Same Direction,2,Clear,Dry,Daylight
2022-11-07T10:04:00.000,I 20,I 20 and I 285,,Sideswipe-Same Direction,2,Cloudy,Dry,Daylight
2022-09-24T11:30:00.000,I 285,I 20 and I 285,,Rear End,2,Clear,Dry,Daylight
2022-05-03T13:30:00.000,I 20,I 20 and I 285,,Sideswipe-Same Direction,2,Clear,Dry,Daylight
2022-02-07T17:23:00.000,I 20,I 20 and I 285,,Rear End,3,Clear,Dry,Daylight
2022-11-04T15:01:00.000,I 20,I 20 and I 285,,Sideswipe-Same Direction,2,Clear,Dry,Daylight
2022-04-04T13:18:00.000,I 20,I 20 and I 285,,Rear End,2,Clear,Dry,Daylight
2022-12-08T16:11:00.000,I 20,I 20 and I 285,,Rear End,2,Cloudy,Dry,Daylight
2022-11-07T17:45:00.000,I 20,I 20 and I 285,,Rear End,2,Clear,Dry,Dark-Lighted
2022-05-24T16:29:00.000,I 20,I 20 and I 285,,Rear End,3,Clear,Dry,Daylight