Date and Time,Roadway (From Crash Report),Intersection Name (from Crash Report),KABCO Severity,Manner of Collision (Crash Level) ,# of Vehicles per crash ,Weather Conditions (Crash Level),Surface Condition (Crash Level) ,Light Conditions (Crash Level)
2022-09-23T11:35:00.000,I 20,I 20 and I 285,,Sideswipe-Same Direction,2,Clear,Dry,Daylight
2022-04-20T08:00:00.000,I 20,I 20 and I 285,,Sideswipe-Same Direction,2,Clear,Dry,Daylight
2022-07-13T16:25:00.000,I 285,I 20 and I 285,,Not a Collision with Motor Vehicle,1,Rain,Wet,Daylight
2022-04-10T16:42:00.000,I 285,I 20 and I 285,,Rear End,3,Clear,Dry,Daylight
2022-07-25T16:30:00.000,I 20,I 20 and I 285,,Rear End,2,Cloudy,Dry,Daylight
2022-11-30T10:00:00.000,I 20,I 20 and I 285,,Rear End,2,Rain,Wet,Daylight
2022-04-19T15:11:00.000,I 20,I 20 and I 285,,Sideswipe-Same Direction,2,Clear,Dry,Daylight
2022-01-05T10:35:00.000,I 20,I 20 and I 285,,Rear End,2,Clear,Dry,Daylight
2022-01-21T15:40:00.000,I 20,I 20 and I 285,,Rear End,2,Cloudy,Dry,Daylight
2022-01-25T15:54:00.000,I 20,I 20 and I 285,,Rear End,4,Cloudy,Dry,Daylight
2022-09-08T18:08:00.000,I 285,I 20 and I 285,,Sideswipe-Same Direction,2,Cloudy,Dry,Daylight
2022-01-08T15:40:00.000,I 285,I 20 and I 285,,Sideswipe-Same Direction,2,Clear,Dry,Daylight
2022-11-16T18:45:00.000,I 20,I 20 and I 285,,Sideswipe-Same Direction,2,Cloudy,Dry,Daylight
2022-02-11T07:06:00.000,I 20,I 20 and I 285,,Rear End,2,Clear,Dry,Daylight
2022-07-03T19:30:00.000,I 20,I 20 and I 285,,Angle Crash,2,Clear,Wet,Daylight
2022-09-27T18:30:00.000,I 285,I 20 and I 285,,Rear End,2,Clear,Dry,Daylight
2022-12-19T15:15:00.000,I 285,I 20 and I 285,,Sideswipe-Same Direction,3,Cloudy,Dry,Daylight
2022-12-03T14:07:00.000,I 20,I 20 and I 285,,Rear End,2,Cloudy,Wet,Daylight
2022-02-17T06:38:00.000,I 20,I 20 and I 285,,Sideswipe-Same Direction,2,Cloudy,Dry,Dark-Lighted
2022-06-30T04:11:00.000,I 285,I 20 and I 285,,Rear End,2,Clear,Dry,Dark-Not Lighted
2022-12-05T18:05:00.000,I 20,I 20 and I 285,,Rear End,2,Rain,Wet,Daylight
2022-10-26T19:50:00.000,I 285,I 20 and I 285,,Sideswipe-Same Direction,2,Clear,Dry,Dark-Lighted
2022-10-14T19:28:00.000,I 285,I 20 and I 285,,Sideswipe-Same Direction,4,Clear,Dry,Dark-Lighted
2022-06-02T12:26:00.000,I 20,I 20 and I 285,,Sideswipe-Same Direction,2,Cloudy,Dry,Daylight
2022-01-14T14:00:00.000,I 20,I 20 and I 285,,Sideswipe-Same Direction,2,Clear,Dry,Daylight
2022-08-16T08:51:00.000,I 285,I 20 and I 285,,Rear End,3,Clear,Dry,Daylight
2022-07-28T14:53:00.000,I 20,I 20 and I 285,,Sideswipe-Same Direction,5,Clear,Dry,Daylight
2022-06-27T03:41:00.000,I 285,I 20 and I 285,,Not a Collision with Motor Vehicle,1,Clear,Dry,Dark-Not Lighted
2022-03-21T12:45:00.000,I 20,I 20 and I 285,,Sideswipe-Same Direction,2,Clear,Dry,Daylight
2022-07-28T18:55:00.000,I 285,I 20 and I 285,,Sideswipe-Same Direction,2,Clear,Dry,Daylight
2022-12-06T11:52:00.000,I 20,I 20 and I 285,,Not a Collision with Motor Vehicle,1,Clear,Wet,Daylight
2022-09-24T16:30:00.000,I 285,I 20 and I 285,,Angle Crash,3,Clear,Dry,Daylight
2022-09-05T19:20:00.000,I 20,I 20 and I 285,,Sideswipe-Same Direction,2,Clear,Dry,Daylight
2022-02-11T15:13:00.000,I 20,I 20 and I 285,,Sideswipe-Same Direction,2,Clear,Dry,Daylight
2022-04-05T07:00:00.000,I 285,I 20 and I 285,,Rear End,2,Clear,Dry,Daylight
2022-06-03T18:56:00.000,I 285,I 20 and I 285,,Rear End,2,Cloudy,Dry,Daylight
2022-07-29T16:25:00.000,I 285,I 20 and I 285,,Rear End,2,Clear,Wet,Daylight
2022-08-08T13:47:00.000,I 20,I 20 and I 285,,Sideswipe-Same Direction,2,Clear,Dry,Daylight
2022-01-18T05:20:00.000,I 20,I 20 and I 285,,Rear End,2,Clear,Dry,Dark-Lighted
2022-10-22T20:10:00.000,I 285,I 20 and I 285,,Rear End,2,Clear,Dry,Dark-Not Lighted
2022-07-21T05:11:00.000,I 20,I 20 and I 285,,Rear End,2,Clear,Dry,Dark-Not Lighted
2022-04-25T09:00:00.000,I 285,I 20 and I 285,,Angle Crash,2,Clear,Dry,Daylight
2022-09-28T13:20:00.000,I 285,I 20 and I 285,,Angle Crash,2,Clear,Dry,Daylight
2022-09-20T12:18:00.000,I 285,I 20 and I 285,,Sideswipe-Same Direction,2,Clear,Dry,Daylight
2022-04-19T16:34:00.000,I 20,I 20 and I 285,,Sideswipe-Same Direction,2,Clear,Dry,Daylight
2022-06-23T16:00:00.000,I 20,I 20 and I 285,,Rear End,2,Clear,Dry,Daylight
2022-08-05T14:36:00.000,I 285,I 20 and I 285,,Sideswipe-Same Direction,2,Clear,Dry,Daylight
2022-11-14T12:05:00.000,I 285,I 20 and I 285,,Rear End,2,Clear,Dry,Daylight
2022-10-21T15:15:00.000,I 285,I 20 and I 285,,Rear End,2,Clear,Dry,Daylight
2022-01-21T11:25:00.000,I 285,I 20 and I 285,,Not a Collision with Motor Vehicle,1,Clear,Dry,Daylight
2022-07-05T18:35:00.000,I 20,I 20 and I 285,,Angle Crash,2,Clear,Dry,Daylight
2022-10-07T20:24:00.000,I 20,I 20 and I 285,,Rear End,4,Clear,Dry,Dark-Not Lighted
2022-01-04T08:00:00.000,I 285,I 20 and I 285,,Angle Crash,2,Clear,Dry,Daylight
2022-04-26T13:00:00.000,I 285,I 20 and I 285,,Rear End,2,Rain,Wet,Daylight
2022-08-26T17:15:00.000,I 285,I 20 and I 285,,Rear End,2,Clear,Dry,Daylight
2022-11-22T21:20:00.000,I 285,I 20 and I 285,,Angle Crash,2,Clear,Dry,Dark-Not Lighted
2022-12-30T10:17:00.000,I 285,I 20 and I 285,,Sideswipe-Same Direction,2,Clear,Dry,Daylight
2022-05-19T06:07:00.000,I 20,I 20 and I 285,,Sideswipe-Same Direction,2,Clear,Dry,Dawn
2022-11-05T15:00:00.000,I 20,I 20 and I 285,,Rear End,2,Cloudy,Dry,Daylight
2022-09-04T20:45:00.000,I 20,I 20 and I 285,,Rear End,2,Rain,Wet,Dark-Not Lighted
2022-11-02T10:36:00.000,I 20,I 20 and I 285,,Angle Crash,2,Clear,Dry,Daylight
2022-06-02T10:10:00.000,I 20,I 20 and I 285,,Sideswipe-Same Direction,2,Clear,Dry,Daylight
2022-01-18T17:30:00.000,I 285,I 20 and I 285,,Angle Crash,2,Clear,Dry,Daylight
2022-12-30T20:45:00.000,I 20,I 20 and I 285,,Angle Crash,2,Clear,Dry,Dark-Not Lighted
2022-07-09T07:55:00.000,I 285,I 20 and I 285,,Rear End,2,Rain,Wet,Daylight
2022-08-15T17:35:00.000,I 20,I 20 and I 285,,Sideswipe-Same Direction,2,Clear,Dry,Daylight
2022-11-19T17:50:00.000,I 285,I 20 and I 285,,Rear End,2,Clear,Dry,Dark-Lighted
2022-07-13T10:00:00.000,I 285,I 20 and I 285,,Rear End,2,Clear,Dry,Daylight
2022-07-07T16:45:00.000,I 20,I 20 and I 285,,Rear End,2,Clear,Dry,Daylight
2022-09-25T02:50:00.000,I 285,I 20 and I 285,,Angle Crash,2,Clear,Dry,Dark-Not Lighted
2022-06-28T07:30:00.000,I 20,I 20 and I 285,,Not a Collision with Motor Vehicle,2,Clear,Dry,Daylight
2022-06-07T10:51:00.000,I 285,I 20 and I 285,,Rear End,4,Clear,Dry,Daylight
2022-10-07T13:22:00.000,I 285,I 20 and I 285,,Rear End,3,Clear,Dry,Daylight
2022-03-25T08:28:00.000,I 20,I 20 and I 285,,Sideswipe-Same Direction,2,Clear,Dry,Daylight
2022-04-04T16:10:00.000,I 285,I 20 and I 285,,Rear End,2,Clear,Dry,Daylight
2022-11-08T13:20:00.000,I 20,I 20 and I 285,,Rear End,2,Clear,Dry,Daylight
2022-12-15T09:06:00.000,I 20,I 20 and I 285,,Sideswipe-Same Direction,2,Cloudy,Wet,Daylight
2022-03-24T15:16:00.000,I 285,I 20 and I 285,,Sideswipe-Same Direction,2,Clear,Dry,Daylight
2022-09-12T05:00:00.000,I 20,I 20 and I 285,,Rear End,2,Clear,Dry,Dark-Lighted
2022-09-22T13:18:00.000,I 285,I 20 and I 285,,Rear End,2,Clear,Dry,Daylight
2022-01-04T17:35:00.000,I 20,I 20 and I 285,,Rear End,2,Clear,Dry,Dusk
2022-06-14T18:10:00.000,I 20,I 20 and I 285,,Sideswipe-Same Direction,2,Cloudy,Dry,Daylight
2022-10-17T15:20:00.000,I 20,I 20 and I 285,,Angle Crash,2,Clear,Dry,Daylight
2022-02-10T17:25:00.000,I 20,I 20 and I 285,,Rear End,2,Clear,Dry,Daylight
2022-02-08T12:16:00.000,I 20,I 20 and I 285,,Rear End,2,Clear,Dry,Daylight
2022-04-18T04:11:00.000,I 285,I 20 and I 285,,Sideswipe-Same Direction,2,Cloudy,Dry,Dark-Not Lighted
2022-09-01T19:05:00.000,I 20,I 20 and I 285,,Rear End,3,Clear,Dry,Daylight
2022-10-14T22:00:00.000,I 285,I 20 and I 285,,Angle Crash,2,Clear,Dry,Dark-Lighted
2022-01-10T14:51:00.000,I 20,I 20 and I 285,,Sideswipe-Same Direction,2,Clear,Dry,Daylight
2022-12-09T18:30:00.000,I 20,I 20 and I 285,,Sideswipe-Same Direction,2,Rain,Wet,Dark-Not Lighted
2022-03-18T17:30:00.000,I 20,I 20 and I 285,,Rear End,2,Clear,Dry,Daylight
2022-11-03T12:58:00.000,I 285,I 20 and I 285,,Rear End,2,Clear,Dry,Daylight
2022-04-05T08:08:00.000,I 285,I 20 and I 285,,Sideswipe-Same Direction,2,Cloudy,Dry,Daylight
2022-10-05T16:35:00.000,I 285,I 20 and I 285,,Rear End,2,Clear,Dry,Daylight
2022-08-05T19:15:00.000,I 20,I 20 and I 285,,Sideswipe-Same Direction,2,Clear,Dry,Daylight
2022-04-29T16:20:00.000,I 285,I 20 and I 285,,Sideswipe-Same Direction,2,Clear,Dry,Daylight
2022-08-22T13:25:00.000,I 285,I 20 and I 285,,Sideswipe-Same Direction,3,Cloudy,Wet,Daylight
2022-08-26T14:50:00.000,I 285,I 20 and I 285,,Rear End,2,Clear,Dry,Daylight
2022-10-03T12:15:00.000,I 20,I 20 and I 285,,Sideswipe-Same Direction,2,Clear,Dry,Daylight
2022-01-05T14:48:00.000,I 20,I 20 and I 285,,Rear End,2,Clear,Dry,Daylight
2022-09-25T15:54:00.000,I 285,I 20 and I 285,,Rear End,2,Clear,Dry,Daylight
2022-11-11T05:40:00.000,I 20,I 20 and I 285,,Rear End,2,Rain,Wet,Daylight
2022-07-05T16:56:00.000,I 20,I 20 and I 285,,Rear End,3,Clear,Dry,Daylight
2022-02-17T14:20:00.000,I 20,I 20 and I 285,,Rear End,2,Cloudy,Dry,Daylight
2022-02-25T16:08:00.000,I 20,I 20 and I 285,,Sideswipe-Same Direction,2,Clear,Dry,Daylight
2022-06-02T00:00:00.000,I 20,I 20 and I 285,,Not a Collision with Motor Vehicle,1,Clear,Dry,Dark-Lighted
2022-06-13T11:08:00.000,I 285,I 20 and I 285,,Sideswipe-Same Direction,2,Clear,Dry,Daylight
2022-08-17T23:41:00.000,I 20,I 20 and I 285,,Angle Crash,2,Cloudy,Wet,Dark-Not Lighted
2022-07-19T09:35:00.000,I 20,I 20 and I 285,,Not a Collision with Motor Vehicle,1,Rain,Wet,Daylight
2022-08-15T16:50:00.000,I 20,I 20 and I 285,,Sideswipe-Same Direction,2,Clear,Dry,Daylight
2022-04-13T02:45:00.000,I 285,I 20 and I 285,,Not a Collision with Motor Vehicle,1,Cloudy,Dry,Dark-Not Lighted
2022-11-28T14:05:00.000,I 285,I 20 and I 285,,Sideswipe-Same Direction,2,Clear,Dry,Daylight
2022-01-06T17:50:00.000,I 20,I 20 and I 285,,Rear End,3,Rain,Wet,Dark-Not Lighted
2022-12-28T14:35:00.000,I 285,I 20 and I 285,,Rear End,2,Clear,Dry,Daylight
2022-03-02T06:50:00.000,I 285,I 20 and I 285,,Sideswipe-Same Direction,2,Clear,Dry,Daylight
2022-06-05T23:45:00.000,I 285,I 20 and I 285,,Not a Collision with Motor Vehicle,1,Clear,Dry,Dark-Not Lighted
2022-09-16T18:45:00.000,I 20,I 20 and I 285,,Rear End,2,Clear,Dry,Daylight
2022-03-24T00:53:00.000,I 285,I 20 and I 285,,Sideswipe-Same Direction,3,Clear,Dry,Dark-Not Lighted
2022-12-29T13:06:00.000,I 20,I 20 and I 285,,Sideswipe-Same Direction,2,Clear,Dry,Daylight
2022-11-30T08:00:00.000,I 20,I 20 and I 285,,Not a Collision with Motor Vehicle,1,Rain,Wet,Daylight
2022-07-27T11:00:00.000,I 20,I 20 and I 285,,Rear End,2,Clear,Dry,Daylight
2022-02-28T07:42:00.000,I 285,I 20 and I 285,,Rear End,3,Cloudy,Dry,Daylight
2022-02-10T16:47:00.000,I 285,I 20 and I 285,,Rear End,3,Clear,Dry,Daylight
2022-06-20T19:45:00.000,I 285,I 20 and I 285,,Sideswipe-Same Direction,2,Clear,Dry,Daylight
2022-07-28T15:43:00.000,I 20,I 20 and I 285,,Rear End,2,Rain,Wet,Daylight
2022-04-05T10:15:00.000,I 20,I 20 and I 285,,Sideswipe-Same Direction,2,Rain,Wet,Daylight
2022-09-02T22:50:00.000,I 20,I 20 and I 285,,Sideswipe-Same Direction,2,Cloudy,Dry,Dark-Lighted
2022-05-06T11:36:00.000,I 20,I 20 and I 285,,Rear End,2,Cloudy,Wet,Daylight
2022-03-18T13:49:00.000,I 285,I 20 and I 285,,Sideswipe-Same Direction,2,Rain,Wet,Daylight
2022-01-07T17:14:00.000,I 285,I 20 and I 285,,Sideswipe-Same Direction,2,Clear,Dry,Daylight
2022-10-28T21:45:00.000,I 20,I 20 and I 285,,Sideswipe-Same Direction,2,Clear,Dry,Dark-Lighted
2022-03-29T19:05:00.000,I 285,I 20 and I 285,,Not a Collision with Motor Vehicle,1,Clear,Dry,Daylight
2022-01-18T15:50:00.000,I 285,I 20 and I 285,,Rear End,2,Clear,Dry,Daylight
2022-05-31T11:30:00.000,I 20,I 20 and I 285,,Sideswipe-Same Direction,2,Clear,Dry,Daylight
2022-10-13T21:20:00.000,I 20,I 20 and I 285,,Angle Crash,3,Clear,Dry,Dark-Lighted
2022-02-07T08:15:00.000,I 285,I 20 and I 285,,Angle Crash,2,Clear,Dry,Daylight
2022-02-17T11:55:00.000,I 20,I 20 and I 285,,Sideswipe-Same Direction,2,Cloudy,Dry,Daylight
2022-07-28T11:40:00.000,I 20,I 20 and I 285,,Sideswipe-Same Direction,2,Clear,Dry,Daylight
2022-09-26T13:22:00.000,I 285,I 20 and I 285,,Rear End,3,Clear,Dry,Daylight
2022-06-10T10:43:00.000,I 285,I 20 and I 285,,Sideswipe-Same Direction,3,Clear,Dry,Daylight
2022-07-19T06:22:00.000,I 20,I 20 and I 285,,Not a Collision with Motor Vehicle,1,Rain,Wet,Dawn
2022-02-15T09:29:00.000,I 285,I 20 and I 285,,Angle Crash,2,Clear,Dry,Daylight
2022-09-26T14:17:00.000,I 20,I 20 and I 285,,Rear End,2,Clear,Dry,Daylight
2022-07-10T00:00:00.000,I 285,I 20 and I 285,,Not a Collision with Motor Vehicle,1,Rain,Wet,Daylight
2022-03-09T02:10:00.000,I 285,I 20 and I 285,,Sideswipe-Same Direction,2,Cloudy,Wet,Dark-Not Lighted
2022-08-25T07:32:00.000,I 285,I 20 and I 285,,Rear End,2,Rain,Wet,Daylight
2022-11-30T17:00:00.000,I 285,I 20 and I 285,,Rear End,2,Clear,Dry,Daylight
2022-12-27T11:25:00.000,I 20,I 20 and I 285,,Sideswipe-Same Direction,2,Clear,Dry,Daylight
2022-11-20T18:45:00.000,I 20,I 20 and I 285,,Rear End,2,Clear,Dry,Dark-Not Lighted
2022-12-03T15:01:00.000,I 285,I 20 and I 285,,Sideswipe-Same Direction,2,Cloudy,Wet,Daylight
2022-04-14T16:19:00.000,I 285,I 20 and I 285,,Rear End,3,Clear,Dry,Daylight
2022-08-11T19:35:00.000,I 285,I 20 and I 285,,Angle Crash,2,Clear,Dry,Daylight
2022-11-26T17:50:00.000,I 285,I 20 and I 285,,Rear End,3,Clear,Dry,Dark-Lighted
2022-11-15T08:23:00.000,I 285,I 20 and I 285,,Rear End,2,Rain,Wet,Dark-Lighted
2022-10-04T03:09:00.000,I 285,I 20 and I 285,,Rear End,2,Clear,Dry,Daylight
2022-06-07T01:31:00.000,I 285,I 20 and I 285,,Sideswipe-Same Direction,2,Clear,Dry,Dark-Not Lighted
2022-12-15T13:28:00.000,I 20,I 20 and I 285,,Sideswipe-Same Direction,2,Clear,Dry,Daylight
2022-08-13T19:54:00.000,I 285,I 20 and I 285,,Rear End,2,Clear,Dry,Dark-Not Lighted
2022-06-09T09:52:00.000,I 285,I 20 and I 285,,Rear End,2,Cloudy,Dry,Daylight
2022-03-07T17:03:00.000,I 20,I 20 and I 285,,Rear End,2,Rain,Wet,Daylight
2022-04-22T00:30:00.000,I 285,I 20 and I 285,,Sideswipe-Same Direction,2,Clear,Dry,Daylight
2022-12-05T15:28:00.000,I 285,I 20 and I 285,,Rear End,3,Rain,Wet,Daylight
2022-11-28T19:45:00.000,I 285,I 20 and I 285,,Rear End,2,Clear,Dry,Dark-Not Lighted
2022-01-27T13:15:00.000,I 285,I 20 and I 285,,Sideswipe-Same Direction,2,Clear,Dry,Daylight
2022-03-25T13:46:00.000,I 285,I 20 and I 285,,Sideswipe-Same Direction,2,Clear,Dry,Daylight
2022-11-16T15:20:00.000,I 285,I 20 and I 285,,Rear End,2,Clear,Dry,Daylight
2022-04-22T13:05:00.000,I 285,I 20 and I 285,,Sideswipe-Same Direction,2,Clear,Dry,Daylight
2022-07-26T13:24:00.000,I 20,I 20 and I 285,,Not a Collision with Motor Vehicle,2,Clear,Dry,Daylight
2022-12-13T18:36:00.000,I 285,I 20 and I 285,,Rear End,2,Cloudy,Dry,Dark-Not Lighted
2022-10-02T16:00:00.000,I 285,I 20 and I 285,,Sideswipe-Same Direction,2,Clear,Dry,Daylight
2022-06-13T14:00:00.000,I 285,I 20 and I 285,,Rear End,2,Clear,Dry,Daylight
2022-08-19T13:09:00.000,I 20,I 20 and I 285,,Rear End,2,Rain,Wet,Daylight
2022-05-09T18:15:00.000,I 20,I 20 and I 285,,Rear End,2,Clear,Dry,Daylight
2022-05-10T08:00:00.000,I 285,I 20 and I 285,,Rear End,3,Clear,Dry,Daylight
2022-09-28T09:00:00.000,I 285,I 20 and I 285,,Rear End,2,Clear,Dry,Daylight
2022-10-24T07:18:00.000,I 285,I 20 and I 285,,Not a Collision with Motor Vehicle,1,Clear,Dry,Dawn
2022-09-26T16:38:00.000,I 285,I 20 and I 285,,Sideswipe-Same Direction,2,Clear,Dry,Daylight
2022-08-02T21:36:00.000,I 20,I 20 and I 285,,Not a Collision with Motor Vehicle,1,Clear,Dry,Dark-Lighted
2022-05-15T11:45:00.000,I 285,I 20 and I 285,,Sideswipe-Same Direction,2,Clear,Dry,Daylight
2022-04-11T09:25:00.000,I 285,I 20 and I 285,,Rear End,2,Clear,Dry,Daylight
2022-05-07T16:03:00.000,I 285,I 20 and I 285,,Sideswipe-Same Direction,2,Cloudy,Dry,Daylight
2022-08-05T07:55:00.000,I 285,I 20 and I 285,,Rear End,2,Clear,Wet,Daylight
2022-12-02T16:25:00.000,I 20,I 20 and I 285,,Angle Crash,2,Clear,Dry,Daylight
2022-07-10T15:40:00.000,I 285,I 20 and I 285,,Sideswipe-Same Direction,2,Clear,Dry,Daylight
2022-08-22T08:30:00.000,I 285,I 20 and I 285,,Rear End,2,Cloudy,Wet,Daylight
2022-07-19T18:11:00.000,I 20,I 20 and I 285,,Rear End,2,Clear,Dry,Daylight
2022-06-09T15:46:00.000,I 20,I 20 and I 285,,Sideswipe-Same Direction,2,Cloudy,Dry,Daylight
2022-04-03T19:00:00.000,I 285,I 20 and I 285,,Sideswipe-Same Direction,2,Clear,Dry,Dark-Not Lighted
2022-12-20T14:40:00.000,I 20,I 20 and I 285,,Rear End,2,Clear,Wet,Daylight
2022-07-01T17:32:00.000,I 20,I 20 and I 285,,Rear End,4,Clear,Dry,Daylight
2022-12-06T13:20:00.000,I 20,I 20 and I 285,,Rear End,2,Clear,Dry,Daylight
2022-06-30T15:04:00.000,I 20,I 20 and I 285,,Rear End,2,Clear,Dry,Daylight
2022-04-27T02:18:00.000,I 285,I 20 and I 285,,Not a Collision with Motor Vehicle,1,Clear,Dry,Dark-Not Lighted
2022-10-05T08:52:00.000,I 285,I 20 and I 285,,Rear End,2,Clear,Dry,Daylight
2022-08-22T11:40:00.000,I 285,I 20 and I 285,,Not a Collision with Motor Vehicle,2,Clear,Dry,Daylight
2022-04-07T10:37:00.000,I 285,I 20 and I 285,,Sideswipe-Same Direction,2,Clear,Dry,Daylight
2022-07-13T13:29:00.000,I 285,I 20 and I 285,,Sideswipe-Same Direction,2,Clear,Dry,Daylight
2022-01-11T04:22:00.000,I 285,I 20 and I 285,,Sideswipe-Same Direction,2,Clear,Dry,Dark-Lighted
2022-11-20T13:07:00.000,I 285,I 20 and I 285,,Rear End,2,Clear,Dry,Daylight
2022-09-13T16:27:00.000,I 20,I 20 and I 285,,Rear End,2,Clear,Dry,Daylight
2022-12-02T19:02:00.000,I 285,I 20 and I 285,,Sideswipe-Same Direction,2,Clear,Dry,Dark-Not Lighted
2022-04-26T13:00:00.000,I 285,I 20 and I 285,,Rear End,3,Clear,Dry,Daylight
2022-08-22T17:46:00.000,I 285,I 20 and I 285,,Rear End,5,Cloudy,Dry,Daylight
2022-08-16T10:00:00.000,I 20,I 20 and I 285,,Rear End,2,Clear,Dry,Daylight
2022-11-16T16:50:00.000,I 20,I 20 and I 285,,Rear End,2,Clear,Dry,Daylight
2022-03-05T18:38:00.000,I 20,I 20 and I 285,,Rear End,2,Clear,Dry,Dark-Lighted
2022-09-06T00:23:00.000,I 20,I 20 and I 285,,Sideswipe-Same Direction,2,Cloudy,Dry,Dark-Lighted
2022-09-27T17:55:00.000,I 285,I 20 and I 285,,Sideswipe-Same Direction,2,Clear,Dry,Daylight
2022-09-30T00:27:00.000,I 20,I 20 and I 285,,Not a Collision with Motor Vehicle,2,Clear,Dry,Daylight
2022-07-26T11:01:00.000,I 285,I 20 and I 285,,Rear End,2,Clear,Dry,Daylight
2022-04-15T12:36:00.000,I 285,I 20 and I 285,,Sideswipe-Same Direction,2,Clear,Dry,Daylight
2022-03-10T07:34:00.000,I 285,I 20 and I 285,,Sideswipe-Same Direction,2,Clear,Dry,Daylight
2022-12-09T17:50:00.000,I 20,I 20 and I 285,,Sideswipe-Same Direction,2,Rain,Wet,Dark-Not Lighted
2022-05-02T16:15:00.000,I 20,I 20 and I 285,,Rear End,2,Clear,Dry,Daylight
2022-12-13T08:52:00.000,I 285,I 20 and I 285,,Sideswipe-Same Direction,3,Cloudy,Dry,Daylight
2022-12-15T18:25:00.000,I 20,I 20 and I 285,,Rear End,2,Clear,Dry,Daylight
2022-03-11T14:15:00.000,I 20,I 20 and I 285,,Sideswipe-Same Direction,2,Cloudy,Dry,Daylight
2022-08-04T14:00:00.000,I 285,I 20 and I 285,,Rear End,2,Clear,Dry,Daylight
2022-05-08T20:07:00.000,I 20,I 20 and I 285,,Sideswipe-Same Direction,2,Clear,Dry,Daylight
2022-04-14T14:55:00.000,I 285,I 20 and I 285,,Sideswipe-Same Direction,2,Clear,Dry,Daylight
2022-01-04T21:05:00.000,I 285,I 20 and I 285,,Sideswipe-Same Direction,2,Clear,Dry,Dark-Not Lighted
2022-02-15T18:00:00.000,I 285,I 20 and I 285,,Rear End,2,Clear,Dry,Daylight
2022-10-22T14:50:00.000,I 285,I 20 and I 285,,Rear End,2,Clear,Dry,Daylight
2022-10-03T11:40:00.000,I 20,I 20 and I 285,,Not a Collision with Motor Vehicle,2,Clear,Dry,Daylight
2022-05-09T08:37:00.000,I 285,I 20 and I 285,,Sideswipe-Same Direction,2,Clear,Dry,Daylight
2022-04-01T23:14:00.000,I 285,I 20 and I 285,,Rear End,2,Clear,Dry,Dark-Lighted
2022-07-29T18:46:00.000,I 20,I 20 and I 285,,Rear End,2,Clear,Dry,Daylight
2022-02-24T14:30:00.000,I 285,I 20 and I 285,,Rear End,2,Clear,Dry,Daylight
2022-07-07T18:02:00.000,I 20,I 20 and I 285,,Sideswipe-Same Direction,2,Cloudy,Dry,Daylight
2022-07-04T00:01:00.000,I 285,I 20 and I 285,,Not a Collision with Motor Vehicle,1,Clear,Wet,Dark-Not Lighted
2022-04-08T21:13:00.000,I 20,I 20 and I 285,,Angle Crash,2,Clear,Dry,Dark-Lighted
2022-01-14T08:45:00.000,I 20,I 20 and I 285,,Rear End,2,Clear,Dry,Daylight
2022-08-18T18:03:00.000,I 20,I 20 and I 285,,Rear End,2,Cloudy,Dry,Daylight
2022-10-14T18:00:00.000,I 285,I 20 and I 285,,Rear End,2,Clear,Dry,Daylight
2022-03-24T13:09:00.000,I 285,I 20 and I 285,,Not a Collision with Motor Vehicle,2,Clear,Dry,Daylight
2022-11-19T13:26:00.000,I 20,I 20 and I 285,,Sideswipe-Same Direction,2,Clear,Dry,Daylight
2022-07-05T10:18:00.000,I 20,I 20 and I 285,,Sideswipe-Same Direction,2,Clear,Wet,Daylight
2022-03-01T18:56:00.000,I 285,I 20 and I 285,,Sideswipe-Same Direction,2,Clear,Dry,Dark-Lighted
2022-07-01T08:00:00.000,I 285,I 20 and I 285,,Sideswipe-Same Direction,2,Clear,Dry,Daylight
2022-02-22T20:21:00.000,I 20,I 20 and I 285,,Rear End,2,Clear,Dry,Dark-Lighted
2022-02-11T17:08:00.000,I 285,I 20 and I 285,,Sideswipe-Same Direction,2,Clear,Dry,Daylight
2022-10-21T12:57:00.000,I 285,I 20 and I 285,,Rear End,2,Clear,Dry,Daylight
2022-09-02T18:30:00.000,I 20,I 20 and I 285,,Rear End,3,Rain,Wet,Daylight
2022-07-13T04:00:00.000,I 20,I 20 and I 285,,Sideswipe-Same Direction,2,Clear,Dry,Dark-Not Lighted
2022-04-01T17:38:00.000,I 20,I 20 and I 285,,Rear End,2,Clear,Dry,Daylight
2022-01-21T08:25:00.000,I 285,I 20 and I 285,,Rear End,2,Cloudy,Dry,Daylight
2022-09-20T11:32:00.000,I 20,I 20 and I 285,,Rear End,2,Clear,Dry,Daylight
2022-09-16T18:28:00.000,I 20,I 20 and I 285,,Rear End,2,Clear,Dry,Daylight
2022-10-12T15:39:00.000,I 285,I 20 and I 285,,Rear End,2,Rain,Wet,Daylight
2022-02-23T10:45:00.000,I 285,I 20 and I 285,,Rear End,2,Rain,Wet,Daylight
2022-09-20T17:42:00.000,I 20,I 20 and I 285,,Rear End,2,Clear,Wet,Daylight
2022-06-28T16:00:00.000,I 20,I 20 and I 285,,Sideswipe-Same Direction,2,Cloudy,Dry,Daylight