Date and Time,Roadway (From Crash Report),Intersection Name (from Crash Report),KABCO Severity,Manner of Collision (Crash Level) ,# of Vehicles per crash ,Weather Conditions (Crash Level),Surface Condition (Crash Level) ,Light Conditions (Crash Level)
2024-04-13T12:00:00.000,I 285,I 20 and I 285,,Rear End,3,Clear,Dry,Daylight
2024-07-11T10:15:00.000,I 285,I 20 and I 285,,Sideswipe-Same Direction,2,Clear,Dry,Daylight
2024-04-04T11:11:00.000,I 20,I 20 and I 285,,Rear End,2,Clear,Dry,Daylight
2024-10-22T06:54:00.000,I 285,I 20 and I 285,,Sideswipe-Same Direction,2,Clear,Dry,Daylight
2024-07-08T19:01:00.000,I 285,I 20 and I 285,,Rear End,2,Clear,Dry,Daylight
2024-10-26T20:42:00.000,I 285,I 20 and I 285,,Sideswipe-Same Direction,2,Clear,Dry,Dark-Not Lighted
2024-03-19T12:50:00.000,I 20,I 20 and I 285,,Sideswipe-Same Direction,2,Clear,Dry,Daylight
2024-04-24T17:30:00.000,I 285,I 20 and I 285,,Angle Crash,2,Clear,Dry,Daylight
2024-04-02T18:00:00.000,I 285,I 20 and I 285,,Sideswipe-Same Direction,2,Clear,Dry,Daylight
2024-11-19T07:50:00.000,I 285,I 20 and I 285,,Sideswipe-Same Direction,2,Rain,Wet,Daylight
2024-10-16T11:43:00.000,I 285,I 20 and I 285,,Sideswipe-Same Direction,2,Clear,Dry,Daylight
2024-08-18T20:50:00.000,I 285,I 20 and I 285,,Not a Collision with Motor Vehicle,1,Clear,Wet,Dusk
2024-06-07T17:59:00.000,I 285,I 20 and I 285,,Rear End,2,Clear,Dry,Daylight
2024-10-18T00:15:00.000,I 285,I 20 and I 285,,Not a Collision with Motor Vehicle,2,Clear,Dry,Dark-Not Lighted
2024-09-24T07:00:00.000,I 285,I 20 and I 285,,Rear End,3,Cloudy,Dry,Daylight
2024-09-09T17:00:00.000,I 285,I 20 and I 285,,Sideswipe-Same Direction,2,Clear,Dry,Daylight
2024-08-25T13:17:00.000,I 20,I 20 and I 285,,Sideswipe-Same Direction,2,Clear,Dry,Daylight
2024-06-27T13:33:00.000,I 285,I 20 and I 285,,Sideswipe-Same Direction,2,Cloudy,Dry,Daylight
2024-11-26T06:07:00.000,I 20,I 20 and I 285,,Rear End,2,Rain,Wet,Dark-Not Lighted
2024-10-12T00:09:00.000,I 285,I 20 and I 285,,Sideswipe-Opposite Direction,2,Clear,Dry,Dark-Lighted
2024-08-09T22:00:00.000,I 20,I 20 and I 285,,Rear End,3,Clear,Dry,Dark-Lighted
2024-07-29T11:00:00.000,I 20,I 20 and I 285,,Rear End,2,Clear,Dry,Daylight
2024-07-11T01:00:00.000,I 20,I 20 and I 285,,Not a Collision with Motor Vehicle,1,Clear,Dry,Dark-Lighted
2024-10-21T21:36:00.000,I 285,I 20 and I 285,,Rear End,2,Clear,Dry,Dark-Not Lighted
2024-10-11T12:16:00.000,I 285,I 20 and I 285,,Rear End,3,Clear,Dry,Daylight
2024-06-20T12:06:00.000,I 20,I 20 and I 285,,Sideswipe-Same Direction,2,Cloudy,Dry,Daylight
2024-05-15T06:30:00.000,I 285,I 20 and I 285,,Rear End,3,Cloudy,Dry,Daylight
2024-04-05T17:40:00.000,I 285,I 20 and I 285,,Rear End,2,Clear,Dry,Daylight
2024-07-18T23:30:00.000,I 20,I 20 and I 285,,Rear End,3,Clear,Dry,Dark-Lighted
2024-05-28T17:20:00.000,I 285,I 20 and I 285,,Sideswipe-Same Direction,2,Cloudy,Dry,Daylight
2024-10-22T09:21:00.000,I 285,I 20 and I 285,,Rear End,2,Clear,Dry,Daylight
2024-07-11T17:30:00.000,I 20,I 20 and I 285,,Rear End,4,Clear,Dry,Daylight
2024-07-14T14:20:00.000,I 20,I 20 and I 285,,Sideswipe-Same Direction,2,Clear,Dry,Daylight
2024-03-11T11:37:00.000,I 20,I 20 and I 285,,Sideswipe-Same Direction,2,Clear,Dry,Daylight
2024-12-19T10:25:00.000,I 20,I 20 and I 285,,Sideswipe-Same Direction,2,Clear,Dry,Daylight
2024-07-23T16:50:00.000,I 20,I 20 and I 285,,Rear End,2,Cloudy,Dry,Daylight
2024-10-11T00:45:00.000,I 20,I 20 and I 285,,Sideswipe-Same Direction,2,Snow,Dry,Dark-Lighted
2024-10-08T17:30:00.000,I 20,I 20 and I 285,,Rear End,3,Clear,Dry,Daylight
2024-06-13T02:40:00.000,I 285,I 20 and I 285,,Not a Collision with Motor Vehicle,1,Clear,Dry,Dark-Not Lighted
2024-08-09T10:02:00.000,I 20,I 20 and I 285,,Not a Collision with Motor Vehicle,1,Clear,Dry,Daylight
2024-05-29T13:30:00.000,I 20,I 20 and I 285,,Sideswipe-Opposite Direction,2,Clear,Dry,Daylight
2024-03-30T18:00:00.000,I 285,I 20 and I 285,,Rear End,3,Clear,Dry,Daylight
2024-03-25T17:00:00.000,I 20,I 20 and I 285,,Rear End,2,Clear,Dry,Daylight
2024-03-24T11:58:00.000,I 20,I 20 and I 285,,Sideswipe-Same Direction,2,Clear,Dry,Daylight
2024-12-31T17:51:00.000,I 285,I 20 and I 285,,Rear End,2,Clear,Dry,Dark-Lighted
2024-08-07T15:09:00.000,I 20,I 20 and I 285,,Sideswipe-Same Direction,2,Clear,Dry,Daylight
2024-07-01T08:38:00.000,I 285,I 20 and I 285,,Rear End,2,Clear,Dry,Daylight
2024-12-27T14:53:00.000,I 285,I 20 and I 285,,Rear End,2,Clear,Dry,Daylight
2024-10-25T15:45:00.000,I 285,I 20 and I 285,,Rear End,2,Clear,Dry,Daylight
2024-07-27T12:19:00.000,I 285,I 20 and I 285,,Rear End,2,Clear,Dry,Daylight
2024-09-23T12:58:00.000,I 285,I 20 and I 285,,Rear End,2,Clear,Dry,Daylight
2024-03-02T20:15:00.000,I 285,I 20 and I 285,,Sideswipe-Same Direction,2,Cloudy,Dry,Dark-Lighted
2024-02-26T15:30:00.000,I 285,I 20 and I 285,,Rear End,2,Clear,Dry,Daylight
2024-01-22T10:30:00.000,I 285,I 20 and I 285,,Rear End,3,Cloudy,Dry,Daylight
2024-06-30T14:04:00.000,I 20,I 20 and I 285,,Sideswipe-Same Direction,2,Cloudy,Dry,Daylight
2024-05-08T07:55:00.000,I 285,I 20 and I 285,,Angle Crash,2,Clear,Dry,Daylight
2024-02-29T12:14:00.000,I 20,I 20 and I 285,,Sideswipe-Same Direction,3,Clear,Dry,Daylight
2024-11-01T06:20:00.000,I 285,I 20 and I 285,,Rear End,3,Cloudy,Dry,Dark-Lighted
2024-06-28T15:28:00.000,I 20,I 20 and I 285,,Not a Collision with Motor Vehicle,1,Cloudy,Dry,Daylight
2024-09-20T12:30:00.000,I 20,I 20 and I 285,,Rear End,3,Cloudy,Dry,Daylight
2024-06-02T21:03:00.000,I 20,I 20 and I 285,,Rear End,2,Clear,Dry,Dark-Lighted
2024-12-03T07:45:00.000,I 285,I 20 and I 285,,Rear End,2,Clear,Dry,Daylight
2024-03-29T07:00:00.000,I 20,I 20 and I 285,,Rear End,2,Clear,Dry,Daylight
2024-12-28T01:28:00.000,I 20,I 20 and I 285,,Not a Collision with Motor Vehicle,1,Rain,Wet,Dark-Not Lighted
2024-04-08T13:53:00.000,I 20,I 20 and I 285,,Sideswipe-Same Direction,2,Clear,Dry,Daylight
2024-10-23T00:41:00.000,I 20,I 20 and I 285,,Not a Collision with Motor Vehicle,1,Clear,Dry,Dark-Not Lighted
2024-07-15T13:30:00.000,I 20,I 20 and I 285,,Rear End,2,Clear,Dry,Daylight
2024-12-18T19:16:00.000,I 20,I 20 and I 285,,Sideswipe-Same Direction,2,Clear,Dry,Daylight
2024-07-27T20:32:00.000,I 20,I 20 and I 285,,Not a Collision with Motor Vehicle,2,Clear,Dry,Dark-Not Lighted
2024-05-01T14:45:00.000,I 285,I 20 and I 285,,Rear End,2,Clear,Dry,Daylight
2024-12-22T18:00:00.000,I 285,I 20 and I 285,,Rear End,2,Clear,Dry,Dark-Not Lighted
2024-09-06T22:24:00.000,I 285,I 20 and I 285,,Rear End,2,Cloudy,Other,Dark-Not Lighted
2023-09-28T16:11:00.000,I 20,I 20 and I 285,,Rear End,2,Clear,Dry,Daylight
2023-04-18T11:49:00.000,I 285,I 20 and I 285,,Rear End,2,Clear,Dry,Daylight
2023-06-23T03:50:00.000,I 285,I 20 and I 285,,Not a Collision with Motor Vehicle,1,Clear,Dry,Dark-Lighted
2023-10-14T06:25:00.000,I 285,I 20 and I 285,,Rear End,2,Rain,Wet,Dark-Lighted
2023-02-09T18:30:00.000,I 20,I 20 and I 285,,Sideswipe-Same Direction,2,Rain,Wet,Dark-Lighted
2023-06-30T15:15:00.000,I 20,I 20 and I 285,,Rear End,2,Rain,Wet,Daylight
2023-12-02T13:00:00.000,I 285,I 20 and I 285,,Rear End,2,Clear,Dry,Daylight
2023-05-05T16:30:00.000,I 285,I 20 and I 285,,Rear End,2,Clear,Wet,Daylight
2023-02-08T18:50:00.000,I 285,I 20 and I 285,,Sideswipe-Same Direction,2,Clear,Dry,Daylight
2023-09-22T13:30:00.000,I 285,I 20 and I 285,,Rear End,2,Clear,Dry,Daylight
2023-06-02T09:00:00.000,I 285,I 20 and I 285,,Not a Collision with Motor Vehicle,2,Clear,Dry,Daylight
2023-07-03T13:17:00.000,I 20,I 20 and I 285,,Angle Crash,2,Cloudy,Dry,Daylight
2023-10-14T09:40:00.000,I 285,I 20 and I 285,,Not a Collision with Motor Vehicle,1,Cloudy,Dry,Daylight
2023-02-07T19:36:00.000,I 20,I 20 and I 285,,Sideswipe-Same Direction,2,Clear,Dry,Dark-Not Lighted
2023-09-28T07:00:00.000,I 285,I 20 and I 285,,Not a Collision with Motor Vehicle,1,Clear,Dry,Dark-Lighted
2023-02-10T10:33:00.000,I 285,I 20 and I 285,,Angle Crash,2,Cloudy,Dry,Daylight
2023-08-14T15:47:00.000,I 20,I 20 and I 285,,Sideswipe-Same Direction,2,Clear,Dry,Daylight
2023-04-06T16:11:00.000,I 20,I 20 and I 285,,Rear End,2,Clear,Dry,Daylight
2023-07-13T10:09:00.000,I 285,I 20 and I 285,,Sideswipe-Same Direction,2,Clear,Dry,Daylight
2023-07-13T12:15:00.000,I 20,I 20 and I 285,,Rear End,2,Clear,Dry,Daylight
2023-11-27T05:30:00.000,I 20,I 20 and I 285,,Not a Collision with Motor Vehicle,1,Clear,Dry,Dark-Not Lighted
2023-08-07T13:06:00.000,I 20,I 20 and I 285,,Angle Crash,3,Clear,Dry,Daylight
2023-03-27T14:36:00.000,I 20,I 20 and I 285,,Rear End,2,Clear,Dry,Daylight
2023-05-26T18:20:00.000,I 285,I 20 and I 285,,Rear End,2,Clear,Dry,Daylight
2023-09-02T16:58:00.000,I 285,I 20 and I 285,,Sideswipe-Same Direction,2,Clear,Dry,Daylight
2023-09-14T16:05:00.000,I 285,I 20 and I 285,,Rear End,2,Rain,Wet,Daylight
2023-11-09T15:55:00.000,I 20,I 20 and I 285,,Sideswipe-Same Direction,2,Clear,Dry,Daylight
2023-11-08T03:50:00.000,I 285,I 20 and I 285,,Sideswipe-Same Direction,2,Clear,Dry,Dark-Not Lighted
2023-02-16T17:08:00.000,I 20,I 20 and I 285,,Rear End,3,Cloudy,Dry,Daylight
2024-12-16T00:45:00.000,I 285,I 20 and I 285,,Sideswipe-Same Direction,2,Clear,Dry,Dark-Lighted
2024-08-18T06:23:00.000,I 20,I 20 and I 285,,Not a Collision with Motor Vehicle,1,Clear,Dry,Dark-Lighted
2024-03-05T16:00:00.000,I 20,I 20 and I 285,,Rear End,2,Clear,Wet,Daylight
2024-10-09T08:53:00.000,I 285,I 20 and I 285,,Rear End,2,Clear,Dry,Daylight
2024-11-01T17:20:00.000,I 285,I 20 and I 285,,Rear End,2,Clear,Dry,Daylight
2024-11-24T06:00:00.000,I 285,I 20 and I 285,,Not a Collision with Motor Vehicle,1,Clear,Dry,Dark-Not Lighted
2024-10-22T17:15:00.000,I 20,I 20 and I 285,,Rear End,2,Clear,Dry,Daylight
2024-09-23T04:22:00.000,I 285,I 20 and I 285,,Head On,3,Clear,Dry,Dark-Not Lighted
2024-09-04T20:45:00.000,I 20,I 20 and I 285,,Sideswipe-Opposite Direction,2,Clear,Dry,Daylight
2024-03-11T11:04:00.000,I 285,I 20 and I 285,,Rear End,2,Clear,Dry,Daylight
2024-08-09T19:50:00.000,I 20,I 20 and I 285,,Rear End,3,Clear,Dry,Daylight
2024-10-04T00:00:00.000,I 20,I 20 and I 285,,Sideswipe-Same Direction,2,Clear,Dry,Dark-Not Lighted
2024-07-03T19:15:00.000,I 20,I 20 and I 285,,Rear End,3,Clear,Dry,Daylight
2024-09-20T14:00:00.000,I 285,I 20 and I 285,,Sideswipe-Opposite Direction,2,Clear,Dry,Daylight
2024-11-20T00:00:00.000,I 285,I 20 and I 285,,Sideswipe-Same Direction,2,Rain,Wet,Dark-Not Lighted
2024-10-19T22:00:00.000,I 20,I 20 and I 285,,Not a Collision with Motor Vehicle,1,Clear,Dry,Dark-Not Lighted
2024-05-29T09:01:00.000,I 20,I 20 and I 285,,Sideswipe-Same Direction,2,Clear,Dry,Daylight
2024-10-23T19:10:00.000,I 285,I 20 and I 285,,Rear End,2,Clear,Dry,Dark-Lighted
2024-05-17T18:52:00.000,I 285,I 20 and I 285,,Rear End,2,Clear,Dry,Daylight
2024-04-23T10:00:00.000,I 285,I 20 and I 285,,Rear End,2,Clear,Dry,Daylight
2024-03-30T08:48:00.000,I 20,I 20 and I 285,,Sideswipe-Same Direction,2,Clear,Dry,Daylight
2024-02-29T15:37:00.000,I 20,I 20 and I 285,,Sideswipe-Same Direction,2,Clear,Dry,Daylight
2024-12-06T03:00:00.000,I 285,I 20 and I 285,,Rear End,2,Clear,Dry,Dark-Lighted
2024-11-05T10:06:00.000,I 285,I 20 and I 285,,Rear End,2,Clear,Dry,Daylight
2024-01-29T17:17:00.000,I 285,I 20 and I 285,,Rear End,2,Clear,Dry,Daylight
2024-07-25T11:54:00.000,I 20,I 20 and I 285,,Rear End,2,Clear,Dry,Daylight
2024-02-20T09:40:00.000,I 285,I 20 and I 285,,Not a Collision with Motor Vehicle,2,Clear,Dry,Daylight
2024-02-02T16:47:00.000,I 20,I 20 and I 285,,Rear End,2,Clear,Dry,Daylight
2024-01-23T08:18:00.000,I 285,I 20 and I 285,,Sideswipe-Same Direction,2,Rain,Wet,Daylight
2024-12-06T12:17:00.000,I 20,I 20 and I 285,,Sideswipe-Same Direction,2,Clear,Dry,Daylight
2024-08-26T14:30:00.000,I 20,I 20 and I 285,,Sideswipe-Same Direction,2,Clear,Dry,Daylight
2024-10-08T12:17:00.000,I 20,I 20 and I 285,,Sideswipe-Same Direction,2,Clear,Dry,Daylight
2024-10-21T06:45:00.000,I 285,I 20 and I 285,,Rear End,3,Cloudy,Dry,Daylight
2023-02-26T02:30:00.000,I 20,I 20 and I 285,,Rear End,2,Clear,Dry,Dark-Lighted
2023-07-18T12:00:00.000,I 285,I 20 and I 285,,Sideswipe-Same Direction,2,Clear,Dry,Daylight
2023-10-31T11:46:00.000,I 285,I 20 and I 285,,Rear End,2,Clear,Dry,Daylight
2023-01-19T18:40:00.000,I 285,I 20 and I 285,,Rear End,2,Clear,Dry,Dark-Not Lighted
2023-03-10T12:32:00.000,I 285,I 20 and I 285,,Sideswipe-Same Direction,2,Cloudy,Dry,Daylight
2023-11-24T13:11:00.000,I 285,I 20 and I 285,,Rear End,2,Clear,Dry,Daylight
2023-11-10T08:48:00.000,I 285,I 20 and I 285,,Angle Crash,2,Cloudy,Dry,Daylight
2023-01-02T18:27:00.000,I 285,I 20 and I 285,,Rear End,2,Cloudy,Dry,Dark-Not Lighted
2023-06-13T08:48:00.000,I 20,I 20 and I 285,,Sideswipe-Same Direction,2,Clear,Dry,Daylight
2023-07-17T11:00:00.000,I 20,I 20 and I 285,,Rear End,2,Clear,Dry,Daylight
2023-06-21T14:38:00.000,I 20,I 20 and I 285,,Rear End,2,Rain,Wet,Daylight
2023-03-30T08:30:00.000,I 285,I 20 and I 285,,Not a Collision with Motor Vehicle,1,Clear,Dry,Daylight
2023-01-02T13:15:00.000,I 285,I 20 and I 285,,Sideswipe-Same Direction,2,Cloudy,Dry,Daylight
2023-09-05T06:42:00.000,I 20,I 20 and I 285,,Rear End,2,Clear,Dry,Daylight
2023-01-31T11:35:00.000,I 20,I 20 and I 285,,Angle Crash,2,Cloudy,Dry,Daylight
2023-08-18T06:51:00.000,I 20,I 20 and I 285,,Sideswipe-Same Direction,2,Clear,Dry,Daylight
2023-08-10T17:05:00.000,I 20,I 20 and I 285,,Sideswipe-Same Direction,2,Clear,Dry,Daylight
2023-10-09T12:15:00.000,I 285,I 20 and I 285,,Sideswipe-Same Direction,3,Clear,Dry,Daylight
2023-06-22T13:55:00.000,I 20,I 20 and I 285,,Sideswipe-Same Direction,2,Cloudy,Dry,Daylight
2023-08-06T19:28:00.000,I 285,I 20 and I 285,,Sideswipe-Same Direction,2,Rain,Wet,Dusk
2023-07-13T13:00:00.000,I 285,I 20 and I 285,,Sideswipe-Same Direction,2,Clear,Dry,Daylight
2023-10-08T20:08:00.000,I 285,I 20 and I 285,,Rear End,2,Cloudy,Dry,Dark-Lighted
2023-06-16T07:45:00.000,I 20,I 20 and I 285,,Rear End,2,Cloudy,Dry,Daylight
2023-08-24T17:25:00.000,I 20,I 20 and I 285,,Sideswipe-Same Direction,2,Clear,Dry,Daylight
2023-01-30T09:20:00.000,I 285,I 20 and I 285,,Rear End,2,Cloudy,Wet,Daylight
2023-03-14T15:15:00.000,I 20,I 20 and I 285,,Not a Collision with Motor Vehicle,1,Clear,Dry,Daylight
2023-10-08T20:11:00.000,I 285,I 20 and I 285,,Rear End,2,Cloudy,Dry,Dark-Lighted
2023-05-05T16:10:00.000,I 20,I 20 and I 285,,Angle Crash,2,Cloudy,Wet,Daylight
2023-06-05T17:16:00.000,I 285,I 20 and I 285,,Rear End,3,Clear,Dry,Daylight
2023-07-04T19:44:00.000,I 285,I 20 and I 285,,Not a Collision with Motor Vehicle,1,Cloudy,Wet,Daylight
2023-05-01T17:34:00.000,I 20,I 20 and I 285,,Rear End,2,Clear,Dry,Daylight
2023-06-28T08:25:00.000,I 285,I 20 and I 285,,Rear End,2,Clear,Dry,Daylight
2023-12-22T10:00:00.000,I 285,I 20 and I 285,,Sideswipe-Same Direction,2,Rain,Dry,Daylight
2023-01-16T22:10:00.000,I 285,I 20 and I 285,,Rear End,2,Clear,Dry,Dark-Not Lighted
2023-07-11T08:10:00.000,I 20,I 20 and I 285,,Rear End,2,Clear,Dry,Daylight
2023-02-17T19:05:00.000,I 285,I 20 and I 285,,Sideswipe-Same Direction,2,Cloudy,Dry,Dark-Lighted
2023-08-25T16:40:00.000,I 20,I 20 and I 285,,Sideswipe-Same Direction,2,Clear,Dry,Daylight
2023-08-10T16:30:00.000,I 285,I 20 and I 285,,Sideswipe-Same Direction,2,Cloudy,Dry,Daylight
2023-09-29T12:00:00.000,I 20,I 20 and I 285,,Sideswipe-Same Direction,2,Clear,Dry,Daylight
2023-04-09T13:25:00.000,I 285,I 20 and I 285,,Rear End,2,Clear,Dry,Daylight
2023-11-01T14:30:00.000,I 20,I 20 and I 285,,Sideswipe-Same Direction,2,Clear,Dry,Daylight
2023-11-30T11:00:00.000,I 285,I 20 and I 285,,Sideswipe-Same Direction,2,Clear,Dry,Daylight
2023-03-03T15:00:00.000,I 285,I 20 and I 285,,Sideswipe-Same Direction,2,Clear,Dry,Daylight
2023-07-25T13:35:00.000,I 285,I 20 and I 285,,Rear End,4,Clear,Dry,Daylight
2023-04-19T17:20:00.000,I 285,I 20 and I 285,,Sideswipe-Same Direction,2,Clear,Dry,Daylight
2023-06-20T15:50:00.000,I 285,I 20 and I 285,,Rear End,2,Clear,Wet,Daylight
2023-06-20T22:15:00.000,I 285,I 20 and I 285,,Angle Crash,2,Clear,Dry,Dark-Lighted
2023-12-06T08:47:00.000,I 285,I 20 and I 285,,Rear End,2,Clear,Dry,Daylight
2023-10-02T10:50:00.000,I 20,I 20 and I 285,,Sideswipe-Same Direction,2,Clear,Dry,Daylight
2023-12-18T07:00:00.000,I 285,I 20 and I 285,,Not a Collision with Motor Vehicle,1,Clear,Dry,Dusk
2023-09-13T07:57:00.000,I 285,I 20 and I 285,,Rear End,2,Cloudy,Wet,Daylight
2023-02-17T10:15:00.000,I 20,I 20 and I 285,,Rear End,2,Cloudy,Dry,Daylight
2023-04-28T19:00:00.000,I 20,I 20 and I 285,,Angle Crash,2,Clear,Dry,Daylight
2023-03-26T00:58:00.000,I 285,I 20 and I 285,,Not a Collision with Motor Vehicle,1,Clear,Dry,Dark-Lighted
2023-07-14T21:00:00.000,I 285,I 20 and I 285,,Angle Crash,3,Clear,Wet,Dark-Lighted
2023-08-11T17:25:00.000,I 285,I 20 and I 285,,Angle Crash,2,Clear,Dry,Daylight
2023-01-10T09:53:00.000,I 285,I 20 and I 285,,Rear End,2,Clear,Dry,Daylight
2023-06-26T14:14:00.000,I 20,I 20 and I 285,,Sideswipe-Same Direction,2,Clear,Dry,Daylight
2023-07-03T17:00:00.000,I 285,I 20 and I 285,,Rear End,2,Clear,Dry,Daylight
2023-10-28T16:44:00.000,I 285,I 20 and I 285,,Rear End,5,Clear,Dry,Daylight
2023-02-27T18:02:00.000,I 285,I 20 and I 285,,Rear End,2,Clear,Dry,Daylight
2023-10-05T17:15:00.000,I 285,I 20 and I 285,,Rear End,2,Clear,Dry,Daylight
2023-01-06T18:50:00.000,I 285,I 20 and I 285,,Rear End,4,Clear,Dry,Dark-Not Lighted
2023-01-20T22:50:00.000,I 285,I 20 and I 285,,Angle Crash,2,Clear,Dry,Dark-Not Lighted
2023-10-31T16:55:00.000,I 20,I 20 and I 285,,Rear End,2,Clear,Dry,Daylight
2023-02-24T19:15:00.000,I 20,I 20 and I 285,,Sideswipe-Same Direction,2,Rain,Wet,Dark-Lighted
2023-02-10T18:52:00.000,I 285,I 20 and I 285,,Sideswipe-Same Direction,2,Clear,Dry,Dark-Lighted
2023-06-08T18:25:00.000,I 20,I 20 and I 285,,Sideswipe-Same Direction,2,Clear,Dry,Daylight
2023-05-01T09:30:00.000,I 285,I 20 and I 285,,Rear End,2,Clear,Dry,Daylight
2023-06-27T12:20:00.000,I 285,I 20 and I 285,,Sideswipe-Same Direction,2,Clear,Dry,Daylight
2023-12-14T11:51:00.000,I 285,I 20 and I 285,,Rear End,2,Clear,Dry,Daylight
2023-09-24T04:26:00.000,I 20,I 20 and I 285,,Not a Collision with Motor Vehicle,1,Clear,Dry,Dark-Lighted
2023-03-10T10:52:00.000,I 20,I 20 and I 285,,Sideswipe-Same Direction,2,Cloudy,Wet,Daylight
2023-08-04T16:07:00.000,I 20,I 20 and I 285,,Rear End,2,Clear,Dry,Daylight
2023-05-16T08:00:00.000,I 285,I 20 and I 285,,Rear End,2,Cloudy,Dry,Daylight
2023-06-08T14:35:00.000,I 20,I 20 and I 285,,Not a Collision with Motor Vehicle,1,Cloudy,Dry,Daylight
2023-11-27T16:51:00.000,I 20,I 20 and I 285,,Rear End,2,Cloudy,Dry,Daylight
2023-10-09T16:20:00.000,I 20,I 20 and I 285,,Rear End,2,Clear,Dry,Daylight
2023-04-24T05:55:00.000,I 20,I 20 and I 285,,Angle Crash,2,Clear,Dry,Dark-Not Lighted
2023-08-16T13:00:00.000,I 20,I 20 and I 285,,Sideswipe-Same Direction,2,Clear,Dry,Daylight
2023-09-21T12:20:00.000,I 20,I 20 and I 285,,Sideswipe-Same Direction,2,Cloudy,Dry,Daylight
2023-12-07T10:00:00.000,I 285,I 20 and I 285,,Rear End,3,Clear,Dry,Daylight
2023-04-04T13:55:00.000,I 285,I 20 and I 285,,Angle Crash,2,Clear,Dry,Daylight
2023-07-13T12:00:00.000,I 20,I 20 and I 285,,Rear End,2,Clear,Dry,Daylight
2023-06-23T14:07:00.000,I 285,I 20 and I 285,,Rear End,4,Clear,Dry,Daylight
2023-02-07T16:11:00.000,I 20,I 20 and I 285,,Rear End,2,Clear,Dry,Daylight
2023-02-02T07:42:00.000,I 285,I 20 and I 285,,Rear End,2,Rain,Wet,Daylight
2023-03-11T14:00:00.000,I 285,I 20 and I 285,,Sideswipe-Same Direction,2,Clear,Dry,Daylight
2023-03-09T08:07:00.000,I 285,I 20 and I 285,,Rear End,2,Clear,Dry,Daylight
2023-07-26T00:00:00.000,I 285,I 20 and I 285,,Rear End,2,Clear,Dry,Daylight
2023-10-16T00:49:00.000,I 20,I 20 and I 285,,Rear End,2,Clear,Dry,Dark-Not Lighted
2023-01-17T09:13:00.000,I 20,I 20 and I 285,,Rear End,3,Rain,Wet,Daylight
2023-07-10T13:20:00.000,I 20,I 20 and I 285,,Sideswipe-Same Direction,2,Cloudy,Dry,Daylight
2023-03-17T14:33:00.000,I 285,I 20 and I 285,,Rear End,2,Rain,Wet,Daylight
2023-06-26T07:25:00.000,I 285,I 20 and I 285,,Sideswipe-Same Direction,3,Clear,Dry,Daylight
2023-05-08T18:50:00.000,I 20,I 20 and I 285,,Sideswipe-Same Direction,2,Clear,Dry,Daylight
2023-12-16T14:20:00.000,I 20,I 20 and I 285,,Sideswipe-Opposite Direction,2,Clear,Dry,Dark-Lighted
2023-03-04T14:00:00.000,I 20,I 20 and I 285,,Rear End,3,Clear,Dry,Daylight
2023-08-15T14:25:00.000,I 285,I 20 and I 285,,Rear End,2,Rain,Wet,Daylight
2023-08-11T15:15:00.000,I 285,I 20 and I 285,,Rear End,2,Clear,Dry,Daylight
2023-10-28T13:50:00.000,I 285,I 20 and I 285,,Not a Collision with Motor Vehicle,1,Clear,Dry,Daylight
2023-08-04T16:00:00.000,I 20,I 20 and I 285,,Sideswipe-Same Direction,2,Clear,Dry,Daylight
2023-04-24T16:05:00.000,I 285,I 20 and I 285,,Sideswipe-Same Direction,2,Clear,Dry,Daylight
2023-02-06T12:53:00.000,I 20,I 20 and I 285,,Rear End,3,Clear,Dry,Daylight
2023-05-06T15:00:00.000,I 285,I 20 and I 285,,Rear End,2,Cloudy,Dry,Daylight
2023-10-27T12:48:00.000,I 285,I 20 and I 285,,Sideswipe-Same Direction,2,Clear,Dry,Daylight
2023-06-01T10:34:00.000,I 20,I 20 and I 285,,Rear End,3,Cloudy,Dry,Daylight
2023-06-09T16:55:00.000,I 285,I 20 and I 285,,Angle Crash,2,Clear,Dry,Daylight
2023-03-24T17:10:00.000,I 285,I 20 and I 285,,Rear End,2,Clear,Dry,Daylight
2023-11-16T18:18:00.000,I 20,I 20 and I 285,,Sideswipe-Same Direction,2,Clear,Dry,Dark-Lighted
2023-08-28T13:48:00.000,I 20,I 20 and I 285,,Rear End,3,Clear,Dry,Daylight
2023-07-25T09:52:00.000,I 20,I 20 and I 285,,Sideswipe-Same Direction,3,Cloudy,Dry,Daylight
2023-01-30T15:00:00.000,I 20,I 20 and I 285,,Sideswipe-Same Direction,2,Clear,Dry,Daylight
2023-04-08T22:00:00.000,I 20,I 20 and I 285,,Sideswipe-Same Direction,2,Clear,Dry,Daylight
2023-07-01T09:47:00.000,I 20,I 20 and I 285,,Sideswipe-Same Direction,2,Clear,Dry,Daylight
2023-10-27T16:25:00.000,I 285,I 20 and I 285,,Rear End,2,Clear,Dry,Daylight
2023-04-13T06:00:00.000,I 20,I 20 and I 285,,Rear End,3,Clear,Dry,Daylight
2023-11-16T19:36:00.000,I 285,I 20 and I 285,,Rear End,2,Cloudy,Dry,Dark-Not Lighted