Date and Time,Roadway (From Crash Report),Intersection Name (from Crash Report),KABCO Severity,Manner of Collision (Crash Level) ,# of Vehicles per crash ,Weather Conditions (Crash Level),Surface Condition (Crash Level) ,Light Conditions (Crash Level)
2023-03-27T14:45:00.000,I 285,I 20 and I 285,,Rear End,3,Clear,Dry,Daylight
2023-10-10T18:04:00.000,I 285,I 20 and I 285,,Sideswipe-Same Direction,2,Rain,Wet,Daylight
2023-12-21T18:15:00.000,I 285,I 20 and I 285,,Sideswipe-Same Direction,2,Clear,Dry,Dark-Not Lighted
2023-03-28T15:57:00.000,I 285,I 20 and I 285,,Rear End,2,Clear,Dry,Daylight
2023-08-19T01:47:00.000,I 285,I 20 and I 285,,Sideswipe-Same Direction,2,Clear,Dry,Dark-Lighted
2023-08-31T15:00:00.000,I 20,I 20 and I 285,,Rear End,3,Clear,Dry,Daylight
2023-09-22T16:00:00.000,I 285,I 20 and I 285,,Rear End,2,Clear,Dry,Daylight
2023-10-21T07:06:00.000,I 285,I 20 and I 285,,Angle Crash,2,Clear,Dry,Daylight
2023-11-16T09:39:00.000,I 285,I 20 and I 285,,Rear End,2,Clear,Dry,Daylight
2023-03-31T17:25:00.000,I 20,I 20 and I 285,,Sideswipe-Same Direction,2,Cloudy,Dry,Daylight
2023-03-10T08:18:00.000,I 20,I 20 and I 285,,Not a Collision with Motor Vehicle,1,Rain,Wet,Daylight
2023-07-31T15:50:00.000,I 285,I 20 and I 285,,Sideswipe-Same Direction,2,Clear,Dry,Daylight
2023-11-10T11:00:00.000,I 285,I 20 and I 285,,Rear End,3,Rain,Wet,Daylight
2023-06-09T23:30:00.000,I 285,I 20 and I 285,,Not a Collision with Motor Vehicle,1,Clear,Dry,Dark-Lighted
2023-04-29T18:00:00.000,I 20,I 20 and I 285,,Rear End,2,Cloudy,Dry,Daylight
2023-04-12T10:00:00.000,I 20,I 20 and I 285,,Rear End,2,Clear,Dry,Daylight
2023-04-28T17:43:00.000,I 20,I 20 and I 285,,Sideswipe-Same Direction,2,Clear,Dry,Daylight
2023-08-26T13:32:00.000,I 285,I 20 and I 285,,Rear End,2,Clear,Dry,Daylight
2023-11-13T09:34:00.000,I 285,I 20 and I 285,,Rear End,2,Clear,Dry,Daylight
2023-06-06T14:33:00.000,I 20,I 20 and I 285,,Sideswipe-Same Direction,2,Clear,Dry,Daylight
2023-08-11T18:38:00.000,I 285,I 20 and I 285,,Rear End,2,Cloudy,Dry,Daylight
2023-08-31T11:15:00.000,I 20,I 20 and I 285,,Not a Collision with Motor Vehicle,1,Clear,Dry,Daylight
2023-01-16T18:10:00.000,I 285,I 20 and I 285,,Sideswipe-Same Direction,2,Clear,Dry,Dark-Not Lighted
2023-09-22T07:59:00.000,I 285,I 20 and I 285,,Sideswipe-Same Direction,2,Clear,Dry,Daylight
2023-12-07T16:03:00.000,I 20,I 20 and I 285,,Sideswipe-Same Direction,2,Clear,Dry,Daylight
2023-12-20T20:00:00.000,I 285,I 20 and I 285,,Rear End,3,Clear,Dry,Dark-Lighted
2023-12-19T16:10:00.000,I 285,I 20 and I 285,,Sideswipe-Same Direction,2,Clear,Dry,Daylight
2023-12-11T12:40:00.000,I 285,I 20 and I 285,,Rear End,2,Clear,Dry,Daylight
2023-03-03T18:13:00.000,I 20,I 20 and I 285,,Rear End,2,Cloudy,Wet,Daylight
2023-07-17T12:49:00.000,I 285,I 20 and I 285,,Rear End,2,Cloudy,Dry,Daylight
2023-12-11T19:14:00.000,I 285,I 20 and I 285,,Rear End,3,Clear,Dry,Dark-Not Lighted
2023-07-18T09:12:00.000,I 285,I 20 and I 285,,Sideswipe-Same Direction,2,Clear,Dry,Daylight
2023-11-13T16:00:00.000,I 20,I 20 and I 285,,Sideswipe-Same Direction,2,Cloudy,Dry,Dusk
2023-02-23T16:29:00.000,I 20,I 20 and I 285,,Sideswipe-Same Direction,2,Cloudy,Dry,Daylight
2023-09-02T20:50:00.000,I 20,I 20 and I 285,,Rear End,2,Clear,Dry,Dark-Lighted
2023-06-18T16:00:00.000,I 20,I 20 and I 285,,Rear End,2,Clear,Dry,Daylight
2023-06-01T19:15:00.000,I 285,I 20 and I 285,,Not a Collision with Motor Vehicle,3,Clear,Dry,Daylight
2023-03-23T07:13:00.000,I 285,I 20 and I 285,,Rear End,4,Fog,Dry,Dark-Lighted
2023-03-10T09:42:00.000,I 20,I 20 and I 285,,Rear End,2,Cloudy,Wet,Daylight
2023-06-23T11:15:00.000,I 20,I 20 and I 285,,Sideswipe-Same Direction,2,Clear,Dry,Daylight
2023-12-19T17:42:00.000,I 20,I 20 and I 285,,Not a Collision with Motor Vehicle,2,Clear,Dry,Dark-Lighted
2023-04-06T16:10:00.000,I 20,I 20 and I 285,,Angle Crash,2,Cloudy,Dry,Daylight
2023-12-05T13:30:00.000,I 285,I 20 and I 285,,Sideswipe-Same Direction,3,Clear,Dry,Daylight
2023-07-12T09:00:00.000,I 285,I 20 and I 285,,Rear End,2,Clear,Dry,Daylight
2023-04-12T17:37:00.000,I 285,I 20 and I 285,,Sideswipe-Same Direction,2,Clear,Dry,Daylight
2023-12-24T15:50:00.000,I 20,I 20 and I 285,,Rear End,2,Clear,Dry,Daylight
2023-04-17T06:50:00.000,I 285,I 20 and I 285,,Rear End,2,Clear,Dry,Dawn
2023-04-28T19:33:00.000,I 20,I 20 and I 285,,Rear End,3,Clear,Dry,Daylight
2023-08-24T17:28:00.000,I 285,I 20 and I 285,,Rear End,2,Clear,Dry,Daylight
2023-08-29T13:14:00.000,I 285,I 20 and I 285,,Rear End,2,Clear,Dry,Daylight
2023-12-06T17:47:00.000,I 20,I 20 and I 285,,Sideswipe-Same Direction,2,Clear,Dry,Dark-Not Lighted
2023-11-20T18:50:00.000,I 20,I 20 and I 285,,Angle Crash,3,Cloudy,Dry,Dark-Not Lighted
2023-06-13T10:15:00.000,I 285,I 20 and I 285,,Rear End,5,Clear,Dry,Daylight
2023-12-02T10:41:00.000,I 20,I 20 and I 285,,Not a Collision with Motor Vehicle,1,Cloudy,Wet,Daylight
2023-10-24T15:59:00.000,I 285,I 20 and I 285,,Angle Crash,2,Clear,Dry,Daylight
2023-04-08T10:38:00.000,I 285,I 20 and I 285,,Rear End,3,Rain,Wet,Daylight
2023-03-17T10:57:00.000,I 20,I 20 and I 285,,Angle Crash,2,Rain,Wet,Daylight
2023-08-15T12:50:00.000,I 20,I 20 and I 285,,Sideswipe-Same Direction,2,Cloudy,Dry,Daylight
2023-06-28T14:12:00.000,I 20,I 20 and I 285,,Rear End,2,Cloudy,Dry,Daylight
2023-04-28T08:30:00.000,I 285,I 20 and I 285,,Rear End,2,Cloudy,Wet,Daylight
2023-02-17T18:17:00.000,I 285,I 20 and I 285,,Sideswipe-Same Direction,2,Clear,Dry,Daylight
2023-06-21T22:04:00.000,I 20,I 20 and I 285,,Not a Collision with Motor Vehicle,1,Cloudy,Wet,Dark-Lighted
2023-03-27T19:17:00.000,I 285,I 20 and I 285,,Rear End,2,Clear,Dry,Daylight
2023-04-06T16:45:00.000,I 20,I 20 and I 285,,Rear End,2,Clear,Dry,Daylight
2023-09-01T11:44:00.000,I 285,I 20 and I 285,,Rear End,2,Cloudy,Dry,Daylight
2023-08-11T08:10:00.000,I 20,I 20 and I 285,,Rear End,3,Rain,Wet,Daylight
2023-05-13T15:13:00.000,I 285,I 20 and I 285,,Rear End,2,Clear,Dry,Daylight
2023-02-14T18:18:00.000,I 20,I 20 and I 285,,Sideswipe-Same Direction,2,Clear,Dry,Daylight
2023-09-12T16:45:00.000,I 285,I 20 and I 285,,Rear End,2,Clear,Wet,Daylight
2023-06-22T14:25:00.000,I 285,I 20 and I 285,,Sideswipe-Same Direction,2,Cloudy,Snow,Daylight
2023-12-21T12:55:00.000,I 285,I 20 and I 285,,Sideswipe-Same Direction,2,Cloudy,Dry,Daylight
2023-03-26T16:45:00.000,I 285,I 20 and I 285,,Not a Collision with Motor Vehicle,1,Cloudy,Wet,Daylight
2023-05-24T09:35:00.000,I 285,I 20 and I 285,,Rear End,2,Clear,Dry,Daylight
2023-03-27T14:58:00.000,I 285,I 20 and I 285,,Rear End,2,Clear,Dry,Daylight
2023-03-24T17:12:00.000,I 285,I 20 and I 285,,Rear End,2,Clear,Dry,Daylight
2023-02-17T14:50:00.000,I 285,I 20 and I 285,,Rear End,2,Clear,Dry,Daylight
2023-06-08T17:05:00.000,I 20,I 20 and I 285,,Sideswipe-Same Direction,2,Cloudy,Dry,Daylight
2023-07-25T08:47:00.000,I 285,I 20 and I 285,,Rear End,2,Clear,Dry,Daylight
2023-11-27T14:20:00.000,I 285,I 20 and I 285,,Rear End,2,Clear,Dry,Daylight
2023-02-02T13:27:00.000,I 285,I 20 and I 285,,Sideswipe-Same Direction,2,Rain,Wet,Daylight
2023-12-08T18:15:00.000,I 285,I 20 and I 285,,Sideswipe-Same Direction,2,Clear,Dry,Dark-Lighted
2023-12-04T12:55:00.000,I 20,I 20 and I 285,,Rear End,2,Clear,Dry,Daylight
2023-07-10T14:18:00.000,I 20,I 20 and I 285,,Sideswipe-Same Direction,3,Clear,Dry,Daylight
2023-04-11T09:15:00.000,I 20,I 20 and I 285,,Sideswipe-Same Direction,2,Clear,Dry,Daylight
2023-08-14T18:52:00.000,I 285,I 20 and I 285,,Rear End,2,Cloudy,Dry,Daylight
2023-04-04T12:45:00.000,I 285,I 20 and I 285,,Rear End,3,Clear,Dry,Daylight
2023-05-25T14:45:00.000,I 285,I 20 and I 285,,Sideswipe-Same Direction,2,Clear,Dry,Daylight
2023-11-26T18:30:00.000,I 285,I 20 and I 285,,Rear End,2,Rain,Wet,Dark-Not Lighted
2023-09-17T06:45:00.000,I 285,I 20 and I 285,,Sideswipe-Same Direction,2,Clear,Wet,Dark-Lighted
2023-02-21T16:25:00.000,I 20,I 20 and I 285,,Rear End,2,Cloudy,Wet,Daylight
2023-01-03T15:58:00.000,I 285,I 20 and I 285,,Sideswipe-Same Direction,2,Rain,Wet,Daylight
2023-03-01T17:21:00.000,I 20,I 20 and I 285,,Rear End,2,Clear,Dry,Daylight
2023-03-08T08:36:00.000,I 20,I 20 and I 285,,Sideswipe-Same Direction,2,Clear,Dry,Daylight
2023-09-04T15:50:00.000,I 285,I 20 and I 285,,Sideswipe-Same Direction,2,Clear,Dry,Daylight
2023-10-30T06:45:00.000,I 20,I 20 and I 285,,Sideswipe-Same Direction,3,Clear,Dry,Daylight
2023-02-24T17:36:00.000,I 285,I 20 and I 285,,Sideswipe-Same Direction,3,Rain,Wet,Daylight
2023-06-01T18:55:00.000,I 285,I 20 and I 285,,Rear End,2,Clear,Dry,Daylight
2023-11-10T17:25:00.000,I 285,I 20 and I 285,,Rear End,2,Clear,Dry,Daylight
2023-10-18T07:21:00.000,I 285,I 20 and I 285,,Angle Crash,2,Clear,Dry,Daylight
2023-11-13T11:05:00.000,I 285,I 20 and I 285,,Rear End,2,Cloudy,Dry,Daylight
2023-01-20T12:30:00.000,I 285,I 20 and I 285,,Rear End,3,Clear,Dry,Daylight
2023-08-01T10:19:00.000,I 285,I 20 and I 285,,Rear End,3,Clear,Dry,Daylight
2023-02-20T15:44:00.000,I 285,I 20 and I 285,,Rear End,2,Clear,Dry,Daylight
2023-11-09T06:45:00.000,I 285,I 20 and I 285,,Rear End,4,Cloudy,Dry,Daylight
2023-10-10T14:30:00.000,I 285,I 20 and I 285,,Angle Crash,2,Clear,Dry,Daylight
2023-10-03T08:00:00.000,I 285,I 20 and I 285,,Rear End,2,Clear,Dry,Daylight
2023-12-05T10:55:00.000,I 285,I 20 and I 285,,Sideswipe-Same Direction,2,Clear,Dry,Daylight
2023-11-05T17:00:00.000,I 285,I 20 and I 285,,Angle Crash,2,Clear,Dry,Daylight
2023-06-19T12:05:00.000,I 285,I 20 and I 285,,Rear End,2,Cloudy,Dry,Daylight
2023-04-13T16:20:00.000,I 285,I 20 and I 285,,Sideswipe-Same Direction,2,Cloudy,Wet,Daylight
2023-05-13T15:20:00.000,I 285,I 20 and I 285,,Sideswipe-Same Direction,2,Clear,Dry,Daylight
2023-02-07T14:24:00.000,I 20,I 20 and I 285,,Rear End,3,Clear,Dry,Daylight
2023-03-20T18:45:00.000,I 20,I 20 and I 285,,Sideswipe-Same Direction,3,Clear,Dry,Daylight
2023-08-22T21:25:00.000,I 20,I 20 and I 285,,Sideswipe-Same Direction,2,Clear,Dry,Dark-Not Lighted
2023-10-08T15:31:00.000,I 285,I 20 and I 285,,Angle Crash,2,Clear,Dry,Daylight
2023-10-16T14:02:00.000,I 20,I 20 and I 285,,Sideswipe-Same Direction,2,Cloudy,Dry,Daylight
2023-07-30T14:15:00.000,I 285,I 20 and I 285,,Sideswipe-Same Direction,2,Clear,Dry,Daylight
2023-09-16T15:10:00.000,I 20,I 20 and I 285,,Sideswipe-Same Direction,2,Cloudy,Dry,Daylight
2023-08-29T10:20:00.000,I 285,I 20 and I 285,,Rear End,4,Cloudy,Dry,Daylight
2023-11-07T15:50:00.000,I 285,I 20 and I 285,,Rear End,2,Clear,Dry,Daylight
2023-08-18T13:00:00.000,I 285,I 20 and I 285,,Rear End,2,Clear,Dry,Daylight
2023-02-24T16:52:00.000,I 285,I 20 and I 285,,Rear End,2,Rain,Wet,Daylight
2023-12-18T00:00:00.000,I 20,I 20 and I 285,,Sideswipe-Same Direction,2,Clear,Dry,Daylight
2023-02-16T18:25:00.000,I 285,I 20 and I 285,,Sideswipe-Same Direction,2,Cloudy,Dry,Dark-Not Lighted
2023-11-15T10:05:00.000,I 20,I 20 and I 285,,Sideswipe-Same Direction,2,Clear,Dry,Daylight
2023-01-20T12:24:00.000,I 20,I 20 and I 285,,Rear End,2,Clear,Dry,Daylight
2023-09-19T17:10:00.000,I 20,I 20 and I 285,,Angle Crash,3,Clear,Dry,Daylight
2023-10-13T16:04:00.000,I 285,I 20 and I 285,,Angle Crash,2,Cloudy,Dry,Daylight
2023-11-02T18:00:00.000,I 20,I 20 and I 285,,Sideswipe-Same Direction,2,Clear,Dry,Daylight
2023-07-02T14:44:00.000,I 285,I 20 and I 285,,Rear End,2,Clear,Dry,Daylight
2023-02-13T19:05:00.000,I 20,I 20 and I 285,,Rear End,2,Clear,Dry,Dark-Not Lighted
2023-06-28T22:48:00.000,I 20,I 20 and I 285,,Not a Collision with Motor Vehicle,1,Clear,Dry,Dark-Lighted
2023-06-12T13:55:00.000,I 20,I 20 and I 285,,Rear End,2,Cloudy,Dry,Daylight
2023-05-15T14:23:00.000,I 285,I 20 and I 285,,Sideswipe-Same Direction,2,Clear,Dry,Daylight
2023-10-12T10:00:00.000,I 285,I 20 and I 285,,Rear End,2,Clear,Wet,Daylight
2023-05-01T00:07:00.000,I 285,I 20 and I 285,,Angle Crash,3,Clear,Dry,Dark-Not Lighted
2023-09-07T11:41:00.000,I 285,I 20 and I 285,,Sideswipe-Same Direction,2,Clear,Dry,Daylight
2023-06-08T17:43:00.000,I 20,I 20 and I 285,,Rear End,2,Cloudy,Dry,Daylight
2023-07-25T18:10:00.000,I 285,I 20 and I 285,,Sideswipe-Same Direction,2,Clear,Dry,Daylight
2023-04-07T10:47:00.000,I 285,I 20 and I 285,,Rear End,2,Clear,Dry,Daylight
2023-02-28T23:30:00.000,I 20,I 20 and I 285,,Sideswipe-Same Direction,2,Clear,Dry,Dark-Not Lighted
2023-07-10T10:13:00.000,I 285,I 20 and I 285,,Rear End,2,Cloudy,Wet,Daylight
2023-11-30T16:30:00.000,I 285,I 20 and I 285,,Sideswipe-Same Direction,2,Clear,Dry,Daylight
2023-06-08T17:00:00.000,I 285,I 20 and I 285,,Rear End,2,Cloudy,Dry,Daylight
2023-11-23T20:15:00.000,I 285,I 20 and I 285,,Rear End,2,Clear,Dry,Dark-Lighted
2023-02-24T21:13:00.000,I 20,I 20 and I 285,,Angle Crash,3,Cloudy,Dry,Dark-Not Lighted
2023-04-15T12:45:00.000,I 285,I 20 and I 285,,Rear End,2,Clear,Dry,Daylight
2023-11-10T18:00:00.000,I 285,I 20 and I 285,,Sideswipe-Same Direction,2,Clear,Dry,Dark-Lighted
2023-01-27T18:40:00.000,I 285,I 20 and I 285,,Rear End,2,Clear,Dry,Dark-Not Lighted
2023-04-29T12:59:00.000,I 285,I 20 and I 285,,Rear End,3,Clear,Dry,Daylight
2023-03-24T17:30:00.000,I 20,I 20 and I 285,,Sideswipe-Same Direction,3,Clear,Dry,Daylight
2023-04-18T17:40:00.000,I 20,I 20 and I 285,,Rear End,2,Clear,Dry,Daylight
2023-04-04T10:30:00.000,I 285,I 20 and I 285,,Sideswipe-Same Direction,2,Clear,Dry,Daylight
2023-09-16T13:25:00.000,I 285,I 20 and I 285,,Rear End,2,Rain,Wet,Daylight
2023-04-01T16:20:00.000,I 20,I 20 and I 285,,Not a Collision with Motor Vehicle,1,Clear,Dry,Daylight
2023-07-01T09:27:00.000,I 20,I 20 and I 285,,Rear End,3,Clear,Dry,Daylight
2023-05-16T10:30:00.000,I 285,I 20 and I 285,,Rear End,2,Clear,Dry,Daylight
2023-03-30T13:46:00.000,I 285,I 20 and I 285,,Not a Collision with Motor Vehicle,1,Clear,Dry,Daylight
2023-11-13T13:30:00.000,I 285,I 20 and I 285,,Rear End,2,Clear,Dry,Daylight
2023-11-17T07:34:00.000,I 20,I 20 and I 285,,Sideswipe-Same Direction,2,Clear,Dry,Daylight
2023-02-15T16:40:00.000,I 285,I 20 and I 285,,Rear End,3,Cloudy,Dry,Daylight
2023-02-23T20:00:00.000,I 285,I 20 and I 285,,Angle Crash,2,Cloudy,Wet,Dark-Lighted
2023-11-24T13:30:00.000,I 285,I 20 and I 285,,Rear End,3,Clear,Dry,Daylight
2023-08-11T17:40:00.000,I 20,I 20 and I 285,,Rear End,2,Cloudy,Dry,Daylight
2023-02-21T12:50:00.000,I 20,I 20 and I 285,,Rear End,2,Rain,Dry,Daylight
2023-12-22T13:25:00.000,I 285,I 20 and I 285,,Sideswipe-Same Direction,2,Clear,Dry,Daylight
2023-03-17T18:36:00.000,I 285,I 20 and I 285,,Rear End,2,Rain,Wet,Daylight
2023-08-30T18:10:00.000,I 20,I 20 and I 285,,Angle Crash,2,Clear,Dry,Daylight
2023-11-26T04:45:00.000,I 20,I 20 and I 285,,Sideswipe-Same Direction,2,Clear,Dry,Dark-Not Lighted
2023-09-12T15:55:00.000,I 285,I 20 and I 285,,Sideswipe-Same Direction,2,Clear,Dry,Daylight
2023-10-17T15:41:00.000,I 285,I 20 and I 285,,Sideswipe-Same Direction,2,Clear,Dry,Daylight
2023-10-16T13:20:00.000,I 20,I 20 and I 285,,Sideswipe-Same Direction,2,Clear,Dry,Daylight
2023-06-22T10:39:00.000,I 20,I 20 and I 285,,Rear End,3,Cloudy,Wet,Daylight
2023-01-09T12:41:00.000,I 285,I 20 and I 285,,Sideswipe-Same Direction,2,Clear,Dry,Daylight
2023-02-23T12:45:00.000,I 285,I 20 and I 285,,Rear End,2,Cloudy,Dry,Daylight
2023-05-14T13:40:00.000,I 285,I 20 and I 285,,Sideswipe-Same Direction,2,Clear,Dry,Daylight
2023-05-03T08:33:00.000,I 285,I 20 and I 285,,Rear End,2,Clear,Dry,Daylight
2023-11-22T16:25:00.000,I 20,I 20 and I 285,,Rear End,3,Clear,Dry,Dusk
2023-09-22T12:27:00.000,I 20,I 20 and I 285,,Sideswipe-Same Direction,2,Clear,Dry,Daylight
2023-09-19T11:50:00.000,I 285,I 20 and I 285,,Angle Crash,2,Clear,Dry,Daylight
2023-08-25T15:20:00.000,I 20,I 20 and I 285,,Sideswipe-Same Direction,2,Clear,Dry,Daylight
2023-08-18T12:30:00.000,I 20,I 20 and I 285,,Sideswipe-Same Direction,2,Clear,Dry,Daylight
2023-10-23T17:00:00.000,I 285,I 20 and I 285,,Rear End,3,Clear,Dry,Daylight
2023-04-06T15:00:00.000,I 20,I 20 and I 285,,Sideswipe-Same Direction,2,Clear,Dry,Daylight
2023-06-22T15:18:00.000,I 20,I 20 and I 285,,Sideswipe-Same Direction,2,Cloudy,Dry,Daylight
2023-10-12T14:53:00.000,I 20,I 20 and I 285,,Sideswipe-Same Direction,2,Cloudy,Dry,Daylight
2023-11-28T14:30:00.000,I 285,I 20 and I 285,,Rear End,3,Clear,Dry,Daylight
2023-11-03T09:53:00.000,I 285,I 20 and I 285,,Rear End,2,Clear,Dry,Daylight
2023-05-02T14:00:00.000,I 20,I 20 and I 285,,Rear End,2,Clear,Dry,Daylight
2023-12-30T12:00:00.000,I 285,I 20 and I 285,,Rear End,2,Clear,Dry,Daylight
2023-07-06T17:15:00.000,I 285,I 20 and I 285,,Sideswipe-Same Direction,2,Clear,Dry,Daylight
2023-11-03T13:01:00.000,I 285,I 20 and I 285,,Angle Crash,2,Clear,Dry,Daylight
2023-10-18T07:45:00.000,I 285,I 20 and I 285,,Rear End,2,Clear,Dry,Daylight
2023-11-29T10:55:00.000,I 285,I 20 and I 285,,Rear End,2,Clear,Dry,Daylight
2023-03-05T13:05:00.000,I 285,I 20 and I 285,,Rear End,2,Clear,Dry,Daylight
2023-03-04T21:25:00.000,I 285,I 20 and I 285,,Not a Collision with Motor Vehicle,1,Clear,Dry,Dark-Not Lighted
2023-01-19T12:35:00.000,I 285,I 20 and I 285,,Angle Crash,3,Clear,Dry,Daylight
2023-10-02T10:23:00.000,I 20,I 20 and I 285,,Sideswipe-Same Direction,2,Clear,Dry,Daylight
2023-05-04T06:43:00.000,I 20,I 20 and I 285,,Angle Crash,2,Clear,Dry,Daylight
2023-08-07T17:24:00.000,I 20,I 20 and I 285,,Rear End,2,Rain,Wet,Daylight
2023-04-01T06:20:00.000,I 20,I 20 and I 285,,Not a Collision with Motor Vehicle,1,Clear,Dry,Dark-Not Lighted
2023-02-08T10:28:00.000,I 20,I 20 and I 285,,Rear End,2,Clear,Dry,Daylight
2023-11-07T16:20:00.000,I 285,I 20 and I 285,,Rear End,2,Clear,Dry,Daylight
2023-09-22T10:02:00.000,I 285,I 20 and I 285,,Rear End,2,Clear,Dry,Daylight
2023-11-12T12:46:00.000,I 285,I 20 and I 285,,Rear End,3,Cloudy,Dry,Daylight
2023-07-24T00:00:00.000,I 285,I 20 and I 285,,Sideswipe-Same Direction,2,Clear,Dry,Daylight
2023-11-21T11:51:00.000,I 285,I 20 and I 285,,Sideswipe-Same Direction,2,Rain,Wet,Daylight
2023-06-13T08:25:00.000,I 285,I 20 and I 285,,Rear End,2,Clear,Dry,Daylight
2023-02-09T18:43:00.000,I 20,I 20 and I 285,,Rear End,2,Rain,Wet,Dark-Not Lighted
2024-09-09T13:00:00.000,I 285,I 20 and I 285,,Angle Crash,2,Clear,Dry,Daylight
2024-04-02T13:38:00.000,I 285,I 20 and I 285,,Rear End,3,Cloudy,Dry,Daylight
2024-03-20T15:52:00.000,I 285,I 20 and I 285,,Rear End,2,Clear,Dry,Daylight
2024-04-13T10:30:00.000,I 20,I 20 and I 285,,Angle Crash,2,Clear,Dry,Daylight
2024-10-01T12:15:00.000,I 285,I 20 and I 285,,Not a Collision with Motor Vehicle,1,Clear,Dry,Daylight
2024-01-05T12:33:00.000,I 285,I 20 and I 285,,Sideswipe-Same Direction,2,Clear,Dry,Daylight
2024-09-24T18:20:00.000,I 20,I 20 and I 285,,Rear End,2,Clear,Dry,Daylight
2024-06-26T07:45:00.000,I 285,I 20 and I 285,,Angle Crash,3,Cloudy,Dry,Daylight
2024-06-07T09:30:00.000,I 20,I 20 and I 285,,Rear End,2,Clear,Dry,Daylight
2024-11-08T18:50:00.000,I 285,I 20 and I 285,,Not a Collision with Motor Vehicle,2,Clear,Dry,Dark-Not Lighted
2024-02-29T18:35:00.000,I 20,I 20 and I 285,,Angle Crash,2,Cloudy,Dry,Dark-Not Lighted
2024-05-23T07:52:00.000,I 20,I 20 and I 285,,Sideswipe-Same Direction,2,Clear,Dry,Daylight
2024-04-18T08:10:00.000,I 20,I 20 and I 285,,Sideswipe-Same Direction,2,Clear,Wet,Daylight
2024-03-19T12:35:00.000,I 20,I 20 and I 285,,Rear End,2,Clear,Dry,Daylight
2024-06-16T15:09:00.000,I 20,I 20 and I 285,,Angle Crash,2,Clear,Dry,Daylight
2024-06-03T05:27:00.000,I 285,I 20 and I 285,,Rear End,2,Clear,Dry,Dark-Lighted
2024-03-27T16:45:00.000,I 285,I 20 and I 285,,Rear End,2,Clear,Dry,Daylight
2024-10-18T04:38:00.000,I 20,I 20 and I 285,,Sideswipe-Same Direction,2,Clear,Dry,Dark-Lighted
2024-09-06T16:49:00.000,I 20,I 20 and I 285,,Rear End,2,Rain,Wet,Daylight
2024-06-28T10:50:00.000,I 285,I 20 and I 285,,Rear End,2,Clear,Dry,Daylight
2024-04-12T11:11:00.000,I 285,I 20 and I 285,,Rear End,2,Clear,Dry,Daylight
2024-04-21T16:17:00.000,I 285,I 20 and I 285,,Rear End,2,Clear,Dry,Daylight
2024-07-25T08:45:00.000,I 20,I 20 and I 285,,Sideswipe-Same Direction,2,Cloudy,Wet,Daylight
2024-01-05T11:20:00.000,I 20,I 20 and I 285,,Sideswipe-Same Direction,2,Clear,Dry,Daylight
2024-02-05T05:00:00.000,I 285,I 20 and I 285,,Angle Crash,2,Rain,Wet,Dark-Not Lighted
2024-03-07T07:15:00.000,I 285,I 20 and I 285,,Sideswipe-Same Direction,2,Clear,Dry,Daylight
2024-01-29T11:00:00.000,I 20,I 20 and I 285,,Rear End,2,Clear,Dry,Daylight
2024-01-09T14:45:00.000,I 285,I 20 and I 285,,Rear End,2,Clear,Wet,Daylight
2024-06-27T11:34:00.000,I 285,I 20 and I 285,,Rear End,2,Cloudy,Dry,Daylight
2024-04-09T17:18:00.000,I 285,I 20 and I 285,,Rear End,3,Rain,Wet,Daylight
2024-10-18T08:05:00.000,I 20,I 20 and I 285,,Rear End,2,Clear,Dry,Daylight
2024-06-30T18:10:00.000,I 20,I 20 and I 285,,Sideswipe-Same Direction,2,Clear,Dry,Daylight
2024-08-19T18:59:00.000,I 20,I 20 and I 285,,Sideswipe-Same Direction,2,Cloudy,Dry,Daylight
2024-09-24T06:40:00.000,I 285,I 20 and I 285,,Rear End,2,Clear,Dry,Daylight
2024-12-01T18:00:00.000,I 20,I 20 and I 285,,Rear End,4,Clear,Dry,Dark-Not Lighted
2024-03-29T06:15:00.000,I 20,I 20 and I 285,,Rear End,2,Clear,Dry,Daylight
2024-04-06T13:20:00.000,I 285,I 20 and I 285,,Rear End,2,Clear,Dry,Daylight
2024-01-12T18:56:00.000,I 20,I 20 and I 285,,Rear End,2,Cloudy,Wet,Dark-Not Lighted
2024-12-12T14:00:00.000,I 20,I 20 and I 285,,Sideswipe-Same Direction,2,Clear,Dry,Daylight
2024-07-27T14:26:00.000,I 285,I 20 and I 285,,Sideswipe-Same Direction,2,Clear,Dry,Daylight
2024-02-12T18:10:00.000,I 20,I 20 and I 285,,Rear End,2,Cloudy,Wet,Dark-Not Lighted
2024-10-20T20:37:00.000,I 20,I 20 and I 285,,Sideswipe-Same Direction,2,Clear,Dry,Dark-Lighted
2024-03-30T05:30:00.000,I 285,I 20 and I 285,,Angle Crash,2,Clear,Dry,Dark-Lighted
2024-05-14T06:20:00.000,I 20,I 20 and I 285,,Rear End,2,Rain,Wet,Daylight
2024-10-17T08:20:00.000,I 285,I 20 and I 285,,Rear End,3,Clear,Dry,Daylight
2024-05-09T12:00:00.000,I 20,I 20 and I 285,,Sideswipe-Same Direction,2,Rain,Wet,Daylight
2024-10-10T06:00:00.000,I 20,I 20 and I 285,,Sideswipe-Same Direction,2,Clear,Dry,Dark-Not Lighted