Date and Time,Roadway (From Crash Report),Intersection Name (from Crash Report),KABCO Severity,Manner of Collision (Crash Level) ,# of Vehicles per crash ,Weather Conditions (Crash Level),Surface Condition (Crash Level) ,Light Conditions (Crash Level)
2024-06-19T14:00:00.000,I 285,I 20 and I 285,,Sideswipe-Same Direction,2,Clear,Dry,Daylight
2024-03-11T16:00:00.000,I 285,I 20 and I 285,,Rear End,2,Clear,Dry,Daylight
2024-11-06T13:27:00.000,I 20,I 20 and I 285,,Sideswipe-Same Direction,2,Cloudy,Wet,Daylight
2024-07-23T10:47:00.000,I 20,I 20 and I 285,,Sideswipe-Same Direction,2,Clear,Dry,Daylight
2024-08-02T18:13:00.000,I 20,I 20 and I 285,,Sideswipe-Same Direction,2,Clear,Dry,Daylight
2024-06-27T18:34:00.000,I 285,I 20 and I 285,,Rear End,2,Cloudy,Wet,Daylight
2024-08-09T06:43:00.000,I 285,I 20 and I 285,,Sideswipe-Same Direction,2,Clear,Dry,Daylight
2024-10-02T01:30:00.000,I 20,I 20 and I 285,,Rear End,2,Clear,Dry,Dark-Not Lighted
2024-01-02T09:30:00.000,I 20,I 20 and I 285,,Sideswipe-Same Direction,4,Clear,Dry,Daylight
2024-10-09T16:41:00.000,I 20,I 20 and I 285,,Angle Crash,2,Clear,Dry,Daylight
2024-08-05T14:36:00.000,I 20,I 20 and I 285,,Sideswipe-Same Direction,2,Clear,Dry,Daylight
2024-03-30T23:00:00.000,I 20,I 20 and I 285,,Sideswipe-Same Direction,2,Clear,Dry,Dark-Not Lighted
2024-12-12T07:45:00.000,I 285,I 20 and I 285,,Rear End,2,Clear,Dry,Daylight
2024-01-12T20:22:00.000,I 20,I 20 and I 285,,Rear End,3,Cloudy,Wet,Dark-Not Lighted
2024-06-19T14:52:00.000,I 285,I 20 and I 285,,Rear End,2,Clear,Dry,Daylight
2024-12-13T09:21:00.000,I 20,I 20 and I 285,,Sideswipe-Same Direction,2,Clear,Dry,Daylight
2024-07-09T16:07:00.000,I 20,I 20 and I 285,,Rear End,3,Clear,Dry,Daylight
2024-07-22T23:36:00.000,I 20,I 20 and I 285,,Rear End,2,Cloudy,Dry,Dark-Not Lighted
2024-04-26T19:00:00.000,I 285,I 20 and I 285,,Rear End,3,Clear,Dry,Daylight
2024-10-14T16:49:00.000,I 285,I 20 and I 285,,Angle Crash,2,Clear,Dry,Daylight
2024-03-07T20:00:00.000,I 285,I 20 and I 285,,Sideswipe-Same Direction,2,Clear,Dry,Dark-Not Lighted
2024-08-21T10:48:00.000,I 20,I 20 and I 285,,Angle Crash,2,Clear,Dry,Daylight
2024-05-13T13:20:00.000,I 20,I 20 and I 285,,Angle Crash,2,Cloudy,Dry,Daylight
2024-07-05T14:00:00.000,I 20,I 20 and I 285,,Angle Crash,2,Clear,Dry,Daylight
2024-11-08T14:10:00.000,I 285,I 20 and I 285,,Not a Collision with Motor Vehicle,1,Clear,Dry,Daylight
2024-07-18T18:25:00.000,I 20,I 20 and I 285,,Sideswipe-Same Direction,2,Cloudy,Dry,Daylight
2024-03-05T12:36:00.000,I 20,I 20 and I 285,,Sideswipe-Same Direction,2,Cloudy,Wet,Daylight
2024-08-03T23:41:00.000,I 285,I 20 and I 285,,Not a Collision with Motor Vehicle,1,Clear,Dry,Dark-Not Lighted
2024-01-18T18:18:00.000,I 285,I 20 and I 285,,Rear End,2,Clear,Dry,Dark-Not Lighted
2024-07-17T21:56:00.000,I 20,I 20 and I 285,,Rear End,2,Clear,Dry,Dark-Not Lighted
2024-08-01T12:31:00.000,I 285,I 20 and I 285,,Rear End,2,Clear,Dry,Daylight
2024-11-03T14:51:00.000,I 285,I 20 and I 285,,Rear End,2,Cloudy,Wet,Daylight
2024-06-18T16:30:00.000,I 20,I 20 and I 285,,Sideswipe-Same Direction,2,Clear,Dry,Daylight
2024-10-14T23:33:00.000,I 285,I 20 and I 285,,Rear End,2,Clear,Dry,Dark-Lighted
2024-03-01T10:03:00.000,I 20,I 20 and I 285,,Sideswipe-Same Direction,2,Rain,Wet,Daylight
2024-02-11T02:00:00.000,I 285,I 20 and I 285,,Angle Crash,2,Clear,Dry,Dark-Lighted
2024-09-20T11:06:00.000,I 20,I 20 and I 285,,Sideswipe-Same Direction,2,Cloudy,Dry,Daylight
2024-03-29T17:20:00.000,I 20,I 20 and I 285,,Rear End,2,Clear,Dry,Daylight
2024-05-11T23:52:00.000,I 285,I 20 and I 285,,Not a Collision with Motor Vehicle,2,Clear,Dry,Dark-Lighted
2024-03-05T19:30:00.000,I 285,I 20 and I 285,,Sideswipe-Same Direction,3,Rain,Dry,Dark-Not Lighted
2024-10-02T07:42:00.000,I 285,I 20 and I 285,,Rear End,2,Clear,Dry,Dawn
2024-02-26T11:24:00.000,I 20,I 20 and I 285,,Sideswipe-Same Direction,2,Clear,Dry,Daylight
2024-01-26T11:38:00.000,I 285,I 20 and I 285,,Rear End,2,Cloudy,Dry,Daylight
2024-10-19T18:40:00.000,I 285,I 20 and I 285,,Rear End,2,Clear,Dry,Dark-Not Lighted
2024-10-14T13:00:00.000,I 20,I 20 and I 285,,Rear End,2,Clear,Dry,Daylight
2024-09-20T16:00:00.000,I 20,I 20 and I 285,,Sideswipe-Opposite Direction,2,Clear,Dry,Daylight
2024-06-26T19:55:00.000,I 20,I 20 and I 285,,Sideswipe-Same Direction,2,Clear,Dry,Daylight
2024-01-19T11:35:00.000,I 285,I 20 and I 285,,Sideswipe-Same Direction,2,Clear,Dry,Daylight
2024-02-02T14:24:00.000,I 285,I 20 and I 285,,Rear End,2,Clear,Dry,Daylight
2024-03-04T18:44:00.000,I 285,I 20 and I 285,,Sideswipe-Same Direction,2,Cloudy,Dry,Dusk
2024-11-05T09:25:00.000,I 20,I 20 and I 285,,Sideswipe-Same Direction,2,Cloudy,Dry,Daylight
2024-09-24T06:53:00.000,I 285,I 20 and I 285,,Sideswipe-Same Direction,2,Clear,Dry,Daylight
2024-01-26T14:00:00.000,I 20,I 20 and I 285,,Sideswipe-Opposite Direction,2,Clear,Dry,Daylight
2024-11-19T21:00:00.000,I 20,I 20 and I 285,,Rear End,2,Rain,Wet,Dark-Lighted
2024-06-27T16:28:00.000,I 285,I 20 and I 285,,Rear End,3,Rain,Wet,Daylight
2024-04-24T16:28:00.000,I 285,I 20 and I 285,,Rear End,3,Cloudy,Dry,Daylight
2024-02-08T18:25:00.000,I 20,I 20 and I 285,,Sideswipe-Same Direction,2,Clear,Dry,Dark-Not Lighted
2024-10-12T11:45:00.000,I 20,I 20 and I 285,,Sideswipe-Same Direction,2,Clear,Dry,Daylight
2024-08-02T11:40:00.000,I 20,I 20 and I 285,,Sideswipe-Same Direction,2,Clear,Dry,Daylight
2024-10-14T10:30:00.000,I 285,I 20 and I 285,,Rear End,2,Clear,Dry,Dark-Lighted
2024-09-06T15:33:00.000,I 285,I 20 and I 285,,Sideswipe-Same Direction,2,Rain,Wet,Daylight
2024-11-05T06:30:00.000,I 285,I 20 and I 285,,Sideswipe-Same Direction,2,Clear,Dry,Daylight
2024-12-09T19:30:00.000,I 285,I 20 and I 285,,Rear End,3,Clear,Dry,Dark-Lighted
2024-09-06T06:36:00.000,I 20,I 20 and I 285,,Not a Collision with Motor Vehicle,1,Clear,Dry,Daylight
2024-10-12T13:00:00.000,I 285,I 20 and I 285,,Sideswipe-Same Direction,2,Clear,Dry,Daylight
2024-09-23T21:30:00.000,I 285,I 20 and I 285,,Rear End,3,Clear,Dry,Dark-Not Lighted
2024-06-28T17:30:00.000,I 20,I 20 and I 285,,Rear End,3,Clear,Dry,Daylight
2024-08-14T00:30:00.000,I 20,I 20 and I 285,,Sideswipe-Same Direction,2,Clear,Dry,Dark-Not Lighted
2024-09-06T19:00:00.000,I 285,I 20 and I 285,,Sideswipe-Same Direction,2,Clear,Dry,Daylight
2024-12-03T14:25:00.000,I 285,I 20 and I 285,,Sideswipe-Same Direction,2,Clear,Dry,Daylight
2024-01-26T15:45:00.000,I 20,I 20 and I 285,,Sideswipe-Same Direction,2,Cloudy,Dry,Daylight
2024-04-09T16:00:00.000,I 285,I 20 and I 285,,Rear End,2,Cloudy,Wet,Daylight
2024-02-22T15:50:00.000,I 285,I 20 and I 285,,Rear End,2,Clear,Dry,Daylight
2024-10-11T16:09:00.000,I 285,I 20 and I 285,,Sideswipe-Same Direction,2,Clear,Dry,Daylight
2024-10-11T18:00:00.000,I 20,I 20 and I 285,,Sideswipe-Same Direction,2,Clear,Dry,Daylight
2024-06-21T10:00:00.000,I 20,I 20 and I 285,,Rear End,2,Clear,Dry,Daylight
2024-11-11T18:30:00.000,I 285,I 20 and I 285,,Sideswipe-Same Direction,2,Clear,Dry,Dark-Lighted
2024-12-23T11:34:00.000,I 20,I 20 and I 285,,Sideswipe-Same Direction,2,Clear,Dry,Daylight
2024-01-12T16:15:00.000,I 20,I 20 and I 285,,Rear End,2,Rain,Wet,Daylight
2024-10-08T09:53:00.000,I 20,I 20 and I 285,,Sideswipe-Same Direction,2,Clear,Dry,Daylight
2024-09-25T17:55:00.000,I 285,I 20 and I 285,,Rear End,2,Clear,Dry,Daylight
2024-07-06T11:41:00.000,I 285,I 20 and I 285,,Not a Collision with Motor Vehicle,1,Clear,Dry,Daylight
2024-03-10T17:00:00.000,I 285,I 20 and I 285,,Rear End,2,Clear,Dry,Daylight
2024-12-11T06:25:00.000,I 20,I 20 and I 285,,Not a Collision with Motor Vehicle,1,Cloudy,Wet,Daylight
2024-05-23T13:08:00.000,I 285,I 20 and I 285,,Rear End,2,Cloudy,Dry,Daylight
2024-03-08T19:01:00.000,I 285,I 20 and I 285,,Rear End,4,Rain,Dry,Dark-Not Lighted
2024-07-16T08:59:00.000,I 285,I 20 and I 285,,Sideswipe-Same Direction,3,Clear,Dry,Daylight
2024-12-20T07:10:00.000,I 285,I 20 and I 285,,Sideswipe-Same Direction,2,Clear,Dry,Daylight
2024-05-13T22:30:00.000,I 285,I 20 and I 285,,Sideswipe-Same Direction,2,Clear,Dry,Dark-Lighted
2024-05-31T15:58:00.000,I 20,I 20 and I 285,,Sideswipe-Same Direction,3,Clear,Dry,Daylight
2024-05-06T14:22:00.000,I 20,I 20 and I 285,,Rear End,2,Clear,Dry,Daylight
2024-04-20T14:15:00.000,I 285,I 20 and I 285,,Rear End,2,Clear,Dry,Daylight
2024-06-25T13:36:00.000,I 285,I 20 and I 285,,Rear End,2,Clear,Dry,Daylight
2024-06-01T00:15:00.000,I 285,I 20 and I 285,,Head On,2,Clear,Dry,Dark-Lighted
2024-03-09T15:30:00.000,I 285,I 20 and I 285,,Rear End,2,Cloudy,Dry,Daylight
2024-03-18T17:00:00.000,I 20,I 20 and I 285,,Sideswipe-Same Direction,2,Clear,Dry,Daylight
2024-05-21T06:54:00.000,I 20,I 20 and I 285,,Sideswipe-Same Direction,2,Clear,Dry,Daylight
2024-08-22T18:05:00.000,I 20,I 20 and I 285,,Rear End,2,Clear,Dry,Daylight
2024-11-28T07:42:00.000,I 285,I 20 and I 285,,Not a Collision with Motor Vehicle,1,Clear,Wet,Daylight
2024-09-28T17:00:00.000,I 285,I 20 and I 285,,Sideswipe-Same Direction,2,Cloudy,Dry,Daylight
2024-06-06T08:25:00.000,I 285,I 20 and I 285,,Sideswipe-Same Direction,2,Cloudy,Dry,Daylight
2024-11-27T21:00:00.000,I 20,I 20 and I 285,,Sideswipe-Same Direction,2,Clear,Dry,Dark-Not Lighted
2024-01-11T12:20:00.000,I 285,I 20 and I 285,,Rear End,3,Clear,Dry,Daylight
2024-07-26T15:30:00.000,I 285,I 20 and I 285,,Sideswipe-Same Direction,2,Clear,Dry,Daylight
2024-07-16T15:30:00.000,I 285,I 20 and I 285,,Sideswipe-Same Direction,2,Clear,Dry,Daylight
2024-10-29T17:42:00.000,I 20,I 20 and I 285,,Sideswipe-Same Direction,2,Clear,Dry,Daylight
2024-07-01T12:08:00.000,I 20,I 20 and I 285,,Sideswipe-Same Direction,2,Clear,Dry,Daylight
2024-12-06T13:07:00.000,I 20,I 20 and I 285,,Sideswipe-Same Direction,2,Clear,Dry,Daylight
2024-02-02T12:30:00.000,I 285,I 20 and I 285,,Sideswipe-Same Direction,2,Clear,Dry,Daylight
2024-09-26T13:08:00.000,I 20,I 20 and I 285,,Sideswipe-Same Direction,2,Rain,Wet,Daylight
2024-12-29T18:22:00.000,I 285,I 20 and I 285,,Not a Collision with Motor Vehicle,1,Clear,Dry,Daylight
2024-10-18T08:04:00.000,I 20,I 20 and I 285,,Rear End,2,Clear,Dry,Daylight
2024-11-22T13:02:00.000,I 20,I 20 and I 285,,Sideswipe-Same Direction,2,Clear,Dry,Daylight
2024-11-19T11:10:00.000,I 285,I 20 and I 285,,Rear End,2,Rain,Wet,Daylight
2024-11-15T12:30:00.000,I 285,I 20 and I 285,,Sideswipe-Same Direction,2,Clear,Dry,Daylight
2024-02-20T16:38:00.000,I 285,I 20 and I 285,,Angle Crash,3,Clear,Dry,Daylight
2024-10-06T00:00:00.000,I 285,I 20 and I 285,,Rear End,2,Clear,Dry,Daylight
2024-05-17T11:45:00.000,I 285,I 20 and I 285,,Sideswipe-Same Direction,2,Cloudy,Dry,Daylight
2024-03-26T06:30:00.000,I 20,I 20 and I 285,,Rear End,2,Clear,Dry,Dark-Lighted
2024-07-25T07:27:00.000,I 285,I 20 and I 285,,Sideswipe-Same Direction,2,Cloudy,Dry,Daylight
2024-12-01T12:45:00.000,I 285,I 20 and I 285,,Rear End,3,Clear,Dry,Daylight
2024-06-24T19:50:00.000,I 20,I 20 and I 285,,Rear End,6,Clear,Dry,Daylight
2024-04-12T18:57:00.000,I 285,I 20 and I 285,,Angle Crash,3,Clear,Dry,Daylight
2024-04-16T13:57:00.000,I 285,I 20 and I 285,,Rear End,2,Clear,Dry,Daylight
2024-07-12T22:40:00.000,I 20,I 20 and I 285,,Rear End,3,Clear,Dry,Dark-Not Lighted
2024-04-26T18:38:00.000,I 285,I 20 and I 285,,Rear End,2,Cloudy,Dry,Daylight
2024-04-12T16:09:00.000,I 20,I 20 and I 285,,Rear End,2,Clear,Dry,Daylight
2024-01-29T14:03:00.000,I 285,I 20 and I 285,,Rear End,3,Clear,Dry,Daylight
2024-09-16T07:48:00.000,I 285,I 20 and I 285,,Rear End,3,Clear,Dry,Daylight
2024-10-13T10:50:00.000,I 285,I 20 and I 285,,Sideswipe-Same Direction,2,Clear,Dry,Daylight
2024-07-03T16:36:00.000,I 285,I 20 and I 285,,Sideswipe-Same Direction,2,Clear,Dry,Daylight
2024-11-19T07:00:00.000,I 20,I 20 and I 285,,Sideswipe-Same Direction,2,Rain,Wet,Daylight
2024-05-09T11:14:00.000,I 20,I 20 and I 285,,Sideswipe-Same Direction,2,Rain,Wet,Daylight
2024-12-10T18:20:00.000,I 285,I 20 and I 285,,Rear End,2,Rain,Wet,Dark-Not Lighted
2024-07-27T22:36:00.000,I 285,I 20 and I 285,,Rear End,2,Clear,Dry,Dark-Lighted
2024-07-22T21:10:00.000,I 285,I 20 and I 285,,Rear End,2,Clear,Wet,Dark-Lighted
2024-07-27T00:20:00.000,I 20,I 20 and I 285,,Rear End,4,Clear,Dry,Dark-Not Lighted
2024-09-02T18:32:00.000,I 285,I 20 and I 285,,Rear End,2,Cloudy,Dry,Daylight
2024-02-05T17:20:00.000,I 20,I 20 and I 285,,Sideswipe-Same Direction,2,Clear,Dry,Daylight
2024-02-03T15:30:00.000,I 285,I 20 and I 285,,Sideswipe-Same Direction,2,Clear,Dry,Daylight
2024-05-15T03:42:00.000,I 20,I 20 and I 285,,Not a Collision with Motor Vehicle,1,Clear,Dry,Dark-Not Lighted
2024-07-07T02:15:00.000,I 285,I 20 and I 285,,Not a Collision with Motor Vehicle,1,Clear,Dry,Dark-Not Lighted
2024-02-05T13:35:00.000,I 285,I 20 and I 285,,Rear End,2,Cloudy,Dry,Daylight
2024-10-14T18:00:00.000,I 20,I 20 and I 285,,Sideswipe-Same Direction,2,Clear,Dry,Daylight
2024-01-23T05:55:00.000,I 20,I 20 and I 285,,Sideswipe-Same Direction,2,Clear,Dry,Daylight
2024-10-18T16:10:00.000,I 285,I 20 and I 285,,Sideswipe-Same Direction,2,Clear,Dry,Daylight
2024-11-08T16:45:00.000,I 285,I 20 and I 285,,Rear End,2,Clear,Dry,Daylight
2024-11-26T13:30:00.000,I 285,I 20 and I 285,,Sideswipe-Same Direction,2,Clear,Dry,Daylight
2024-10-22T11:50:00.000,I 285,I 20 and I 285,,Rear End,7,Clear,Dry,Daylight
2024-11-20T21:00:00.000,I 285,I 20 and I 285,,Sideswipe-Same Direction,2,Clear,Dry,Dark-Lighted
2024-02-17T17:23:00.000,I 285,I 20 and I 285,,Rear End,2,Clear,Dry,Daylight
2024-06-24T13:41:00.000,I 20,I 20 and I 285,,Angle Crash,3,Clear,Dry,Daylight
2024-08-23T17:00:00.000,I 285,I 20 and I 285,,Sideswipe-Same Direction,2,Clear,Dry,Daylight
2024-02-12T17:30:00.000,I 285,I 20 and I 285,,Rear End,2,Cloudy,Wet,Daylight
2024-04-29T16:35:00.000,I 285,I 20 and I 285,,Rear End,2,Cloudy,Dry,Daylight
2024-09-03T12:57:00.000,I 285,I 20 and I 285,,Angle Crash,2,Clear,Dry,Daylight
2024-09-24T13:03:00.000,I 20,I 20 and I 285,,Sideswipe-Same Direction,2,Clear,Dry,Daylight
2024-01-08T08:03:00.000,I 285,I 20 and I 285,,Rear End,2,Cloudy,Dry,Daylight
2024-12-22T14:47:00.000,I 285,I 20 and I 285,,Rear End,3,Clear,Dry,Daylight
2024-11-16T23:47:00.000,I 20,I 20 and I 285,,Sideswipe-Same Direction,2,Clear,Dry,Dark-Lighted
2024-11-19T06:30:00.000,I 20,I 20 and I 285,,Sideswipe-Same Direction,2,Rain,Wet,Dark-Lighted
2024-06-30T17:43:00.000,I 285,I 20 and I 285,,Sideswipe-Same Direction,2,Clear,Dry,Daylight
2024-01-29T09:30:00.000,I 285,I 20 and I 285,,Rear End,2,Clear,Dry,Daylight
2024-06-28T16:30:00.000,I 20,I 20 and I 285,,Rear End,2,Cloudy,Dry,Daylight
2024-06-24T11:30:00.000,I 285,I 20 and I 285,,Sideswipe-Same Direction,2,Clear,Dry,Daylight
2024-05-07T18:02:00.000,I 20,I 20 and I 285,,Sideswipe-Same Direction,2,Clear,Dry,Daylight
2024-01-02T18:00:00.000,I 285,I 20 and I 285,,Rear End,2,Clear,Dry,Dark-Not Lighted
2024-05-18T16:30:00.000,I 285,I 20 and I 285,,Rear End,2,Clear,Dry,Daylight
2024-10-02T11:37:00.000,I 285,I 20 and I 285,,Rear End,2,Clear,Dry,Daylight
2024-07-24T07:45:00.000,I 20,I 20 and I 285,,Angle Crash,2,Cloudy,Dry,Daylight
2024-07-10T08:42:00.000,I 285,I 20 and I 285,,Rear End,2,Clear,Dry,Daylight
2024-12-23T09:53:00.000,I 285,I 20 and I 285,,Sideswipe-Same Direction,2,Clear,Dry,Dawn
2024-04-29T18:00:00.000,I 285,I 20 and I 285,,Sideswipe-Same Direction,2,Clear,Dry,Dark-Lighted
2024-01-10T09:35:00.000,I 285,I 20 and I 285,,Rear End,4,Clear,Dry,Daylight
2024-11-28T12:00:00.000,I 285,I 20 and I 285,,Rear End,2,Clear,Dry,Daylight
2024-02-18T17:55:00.000,I 285,I 20 and I 285,,Sideswipe-Same Direction,2,Clear,Dry,Daylight
2024-03-21T15:40:00.000,I 285,I 20 and I 285,,Sideswipe-Same Direction,2,Clear,Dry,Daylight
2024-02-19T06:28:00.000,I 20,I 20 and I 285,,Rear End,2,Clear,Dry,Dusk
2024-01-28T15:25:00.000,I 285,I 20 and I 285,,Rear End,2,Cloudy,Dry,Daylight
2024-12-19T15:10:00.000,I 285,I 20 and I 285,,Sideswipe-Same Direction,2,Clear,Dry,Daylight
2024-05-28T14:07:00.000,I 285,I 20 and I 285,,Rear End,4,Clear,Dry,Daylight
2024-06-12T17:06:00.000,I 20,I 20 and I 285,,Sideswipe-Same Direction,2,Clear,Dry,Daylight
2024-12-17T12:08:00.000,I 285,I 20 and I 285,,Rear End,2,Clear,Dry,Daylight
2024-04-06T17:25:00.000,I 20,I 20 and I 285,,Rear End,3,Clear,Dry,Daylight
2024-12-03T14:20:00.000,I 285,I 20 and I 285,,Sideswipe-Same Direction,2,Clear,Dry,Daylight
2024-02-06T11:42:00.000,I 20,I 20 and I 285,,Rear End,2,Clear,Dry,Daylight
2024-04-22T16:48:00.000,I 285,I 20 and I 285,,Rear End,2,Clear,Dry,Daylight
2024-10-02T19:48:00.000,I 285,I 20 and I 285,,Rear End,2,Clear,Dry,Dark-Not Lighted
2024-01-02T18:07:00.000,I 285,I 20 and I 285,,Rear End,2,Clear,Dry,Dark-Not Lighted
2024-01-01T18:43:00.000,I 20,I 20 and I 285,,Sideswipe-Same Direction,2,Clear,Dry,Dark-Not Lighted
2024-03-26T09:42:00.000,I 285,I 20 and I 285,,Not a Collision with Motor Vehicle,1,Cloudy,Wet,Daylight
2024-08-18T13:26:00.000,I 20,I 20 and I 285,,Sideswipe-Same Direction,2,Clear,Dry,Daylight
2024-07-04T15:55:00.000,I 285,I 20 and I 285,,Sideswipe-Same Direction,2,Clear,Dry,Daylight
2024-04-07T21:15:00.000,I 285,I 20 and I 285,,Angle Crash,2,Clear,Dry,Dark-Lighted
2024-09-03T06:22:00.000,I 20,I 20 and I 285,,Sideswipe-Same Direction,2,Clear,Dry,Dark-Not Lighted
2024-05-18T17:15:00.000,I 285,I 20 and I 285,,Rear End,2,Clear,Dry,Daylight
2024-10-24T13:48:00.000,I 20,I 20 and I 285,,Not a Collision with Motor Vehicle,1,Clear,Dry,Daylight
2024-03-21T04:33:00.000,I 20,I 20 and I 285,,Sideswipe-Same Direction,2,Clear,Dry,Daylight
2024-06-19T00:00:00.000,I 20,I 20 and I 285,,Rear End,2,Clear,Dry,Dark-Lighted
2024-03-19T17:55:00.000,I 285,I 20 and I 285,,Sideswipe-Same Direction,2,Clear,Dry,Daylight
2024-06-06T18:57:00.000,I 285,I 20 and I 285,,Sideswipe-Same Direction,2,Clear,Dry,Daylight
2024-08-29T00:30:00.000,I 285,I 20 and I 285,,Sideswipe-Same Direction,2,Clear,Dry,Dark-Not Lighted
2024-12-09T17:00:00.000,I 285,I 20 and I 285,,Sideswipe-Same Direction,2,Rain,Wet,Daylight
2024-09-06T06:54:00.000,I 20,I 20 and I 285,,Rear End,3,Cloudy,Dry,Daylight
2024-10-16T22:35:00.000,I 20,I 20 and I 285,,Not a Collision with Motor Vehicle,2,Clear,Dry,Dark-Not Lighted
2024-07-23T03:25:00.000,I 20,I 20 and I 285,,Rear End,3,Clear,Dry,Dark-Not Lighted
2024-11-09T15:49:00.000,I 285,I 20 and I 285,,Sideswipe-Same Direction,2,Cloudy,Dry,Daylight
2024-05-31T07:30:00.000,I 285,I 20 and I 285,,Sideswipe-Same Direction,2,Clear,Dry,Daylight
2024-05-31T12:45:00.000,I 285,I 20 and I 285,,Rear End,3,Clear,Dry,Daylight
2024-12-12T09:30:00.000,I 20,I 20 and I 285,,Sideswipe-Same Direction,2,Clear,Dry,Daylight
2024-10-23T04:25:00.000,I 285,I 20 and I 285,,Not a Collision with Motor Vehicle,1,Clear,Dry,Dark-Not Lighted
2024-12-30T19:17:00.000,I 285,I 20 and I 285,,Sideswipe-Same Direction,2,Clear,Dry,Dark-Lighted
2024-03-18T15:45:00.000,I 20,I 20 and I 285,,Sideswipe-Same Direction,2,Clear,Dry,Daylight
2024-10-05T16:38:00.000,I 285,I 20 and I 285,,Not a Collision with Motor Vehicle,1,Clear,Dry,Daylight
2024-06-14T18:50:00.000,I 285,I 20 and I 285,,Rear End,2,Clear,Dry,Daylight
2024-08-26T06:15:00.000,I 20,I 20 and I 285,,Rear End,2,Clear,Dry,Daylight
2024-05-17T18:32:00.000,I 20,I 20 and I 285,,Sideswipe-Same Direction,2,Cloudy,Dry,Daylight
2024-09-21T14:00:00.000,I 285,I 20 and I 285,,Rear End,3,Clear,Dry,Daylight
2024-11-26T07:16:00.000,I 285,I 20 and I 285,,Angle Crash,2,Rain,Wet,Daylight
2024-05-24T17:14:00.000,I 285,I 20 and I 285,,Rear End,3,Clear,Dry,Daylight
2024-07-12T10:38:00.000,I 20,I 20 and I 285,,Sideswipe-Same Direction,2,Clear,Dry,Daylight
2024-04-27T01:00:00.000,I 285,I 20 and I 285,,Not a Collision with Motor Vehicle,1,Clear,Dry,Dark-Lighted
2024-11-02T18:15:00.000,I 20,I 20 and I 285,,Sideswipe-Same Direction,2,Clear,Dry,Daylight
2024-02-12T15:50:00.000,I 20,I 20 and I 285,,Rear End,2,Cloudy,Wet,Daylight
2024-05-02T12:45:00.000,I 20,I 20 and I 285,,Sideswipe-Same Direction,2,Clear,Dry,Daylight
2024-06-06T08:48:00.000,I 285,I 20 and I 285,,Sideswipe-Same Direction,2,Cloudy,Dry,Daylight
2024-10-17T14:45:00.000,I 20,I 20 and I 285,,Sideswipe-Same Direction,2,Clear,Dry,Daylight
2024-07-15T19:23:00.000,I 285,I 20 and I 285,,Rear End,2,Clear,Dry,Daylight
2024-11-21T20:00:00.000,I 285,I 20 and I 285,,Rear End,2,Clear,Dry,Dark-Not Lighted
2024-12-20T19:00:00.000,I 20,I 20 and I 285,,Rear End,2,Clear,Dry,Dark-Not Lighted
2024-12-10T09:30:00.000,I 285,I 20 and I 285,,Sideswipe-Same Direction,2,Rain,Wet,Daylight
2024-07-09T12:00:00.000,I 285,I 20 and I 285,,Rear End,2,Clear,Dry,Daylight
2024-04-04T07:40:00.000,I 20,I 20 and I 285,,Rear End,2,Clear,Dry,Daylight
2024-05-29T06:00:00.000,I 20,I 20 and I 285,,Rear End,2,Clear,Dry,Dark-Not Lighted
2024-07-09T05:00:00.000,I 20,I 20 and I 285,,Rear End,3,Clear,Dry,Dark-Not Lighted
2024-11-14T09:13:00.000,I 285,I 20 and I 285,,Rear End,2,Rain,Wet,Daylight
2024-03-07T07:24:00.000,I 285,I 20 and I 285,,Rear End,2,Clear,Dry,Daylight
2024-05-02T17:34:00.000,I 20,I 20 and I 285,,Rear End,2,Clear,Dry,Daylight
2024-05-21T16:02:00.000,I 20,I 20 and I 285,,Sideswipe-Same Direction,2,Clear,Dry,Daylight
2024-02-23T17:30:00.000,I 285,I 20 and I 285,,Rear End,2,Clear,Dry,Daylight
2024-01-05T14:00:00.000,I 285,I 20 and I 285,,Rear End,3,Clear,Dry,Daylight
2024-10-21T10:28:00.000,I 20,I 20 and I 285,,Sideswipe-Same Direction,2,Clear,Dry,Daylight
2024-05-11T23:40:00.000,I 285,I 20 and I 285,,Angle Crash,5,Clear,Dry,Dark-Not Lighted
2024-09-13T14:55:00.000,I 20,I 20 and I 285,,Rear End,2,Cloudy,Dry,Daylight
2024-03-28T19:15:00.000,I 285,I 20 and I 285,,Rear End,2,Clear,Dry,Daylight
2024-06-03T09:50:00.000,I 20,I 20 and I 285,,Rear End,3,Clear,Dry,Daylight
2024-07-23T18:35:00.000,I 20,I 20 and I 285,,Sideswipe-Same Direction,2,Clear,Wet,Daylight
2024-09-12T18:50:00.000,I 20,I 20 and I 285,,Sideswipe-Same Direction,2,Rain,Wet,Daylight
2024-11-26T18:00:00.000,I 20,I 20 and I 285,,Sideswipe-Same Direction,2,Clear,Dry,Daylight
2024-08-16T08:04:00.000,I 285,I 20 and I 285,,Rear End,2,Clear,Dry,Daylight