Date and Time,Roadway (From Crash Report),Intersection Name (from Crash Report),KABCO Severity,Manner of Collision (Crash Level) ,# of Vehicles per crash ,Weather Conditions (Crash Level),Surface Condition (Crash Level) ,Light Conditions (Crash Level)
2024-10-21T10:30:00.000,I 285,I 20 and I 285,,Sideswipe-Same Direction,2,Clear,Dry,Daylight
2024-01-29T14:43:00.000,I 285,I 20 and I 285,,Rear End,2,Clear,Dry,Daylight
2024-08-30T16:58:00.000,I 20,I 20 and I 285,,Rear End,2,Rain,Wet,Daylight
2024-12-10T04:00:00.000,I 285,I 20 and I 285,,Not a Collision with Motor Vehicle,1,Rain,Wet,Dark-Not Lighted
2024-07-21T02:29:00.000,I 285,I 20 and I 285,,Sideswipe-Same Direction,3,Clear,Wet,Dark-Not Lighted
2024-05-29T12:20:00.000,I 20,I 20 and I 285,,Angle Crash,2,Clear,Dry,Daylight
2024-10-08T06:58:00.000,I 20,I 20 and I 285,,Sideswipe-Same Direction,2,Clear,Dry,Daylight
2024-02-16T08:28:00.000,I 285,I 20 and I 285,,Rear End,2,Cloudy,Dry,Daylight
2024-06-03T05:27:00.000,I 285,I 20 and I 285,,Rear End,2,Clear,Dry,Dark-Lighted
2024-02-05T09:52:00.000,I 20,I 20 and I 285,,Rear End,2,Cloudy,Wet,Daylight
2024-02-11T15:38:00.000,I 285,I 20 and I 285,,Not a Collision with Motor Vehicle,1,Cloudy,Dry,Daylight
2024-01-19T19:50:00.000,I 285,I 20 and I 285,,Rear End,4,Clear,Dry,Dark-Not Lighted
2024-10-24T12:40:00.000,I 20,I 20 and I 285,,Sideswipe-Same Direction,2,Clear,Dry,Daylight
2024-10-08T09:30:00.000,I 20,I 20 and I 285,,Rear End,3,Clear,Dry,Daylight
2024-06-29T17:15:00.000,I 20,I 20 and I 285,,Sideswipe-Opposite Direction,2,Clear,Dry,Daylight
2024-05-16T15:50:00.000,I 20,I 20 and I 285,,Rear End,2,Clear,Dry,Daylight
2024-07-09T18:50:00.000,I 20,I 20 and I 285,,Sideswipe-Same Direction,3,Rain,Wet,Daylight
2024-01-19T06:30:00.000,I 20,I 20 and I 285,,Sideswipe-Same Direction,2,Clear,Dry,Daylight
2024-05-05T22:00:00.000,I 20,I 20 and I 285,,Sideswipe-Same Direction,2,Clear,Dry,Dark-Not Lighted
2024-06-05T06:25:00.000,I 20,I 20 and I 285,,Rear End,2,Clear,Dry,Daylight
2024-11-20T23:00:00.000,I 285,I 20 and I 285,,Rear End,2,Clear,Dry,Dark-Lighted
2024-11-04T18:37:00.000,I 285,I 20 and I 285,,Rear End,2,Clear,Dry,Daylight
2024-05-04T00:10:00.000,I 285,I 20 and I 285,,Sideswipe-Same Direction,2,Clear,Dry,Dark-Lighted
2024-03-04T10:25:00.000,I 285,I 20 and I 285,,Sideswipe-Same Direction,2,Rain,Wet,Daylight
2024-02-23T08:00:00.000,I 20,I 20 and I 285,,Rear End,2,Clear,Wet,Daylight
2024-11-12T13:09:00.000,I 20,I 20 and I 285,,Angle Crash,2,Clear,Dry,Daylight
2024-04-25T09:00:00.000,I 285,I 20 and I 285,,Rear End,3,Clear,Dry,Daylight
2024-07-16T08:25:00.000,I 285,I 20 and I 285,,Sideswipe-Same Direction,2,Cloudy,Dry,Daylight
2024-12-21T22:50:00.000,I 20,I 20 and I 285,,Not a Collision with Motor Vehicle,1,Clear,Dry,Dark-Not Lighted
2024-03-06T23:30:00.000,I 20,I 20 and I 285,,Sideswipe-Same Direction,2,Clear,Dry,Dark-Not Lighted
2024-07-03T19:28:00.000,I 285,I 20 and I 285,,Not a Collision with Motor Vehicle,1,Clear,Dry,Daylight
2024-03-13T18:40:00.000,I 20,I 20 and I 285,,Rear End,2,Clear,Dry,Daylight
2024-07-01T18:06:00.000,I 285,I 20 and I 285,,Sideswipe-Same Direction,2,Clear,Dry,Daylight
2024-12-06T18:05:00.000,I 285,I 20 and I 285,,Rear End,2,Clear,Dry,Dark-Not Lighted
2024-02-28T15:20:00.000,I 20,I 20 and I 285,,Rear End,2,Clear,Wet,Daylight
2024-07-18T18:55:00.000,I 20,I 20 and I 285,,Rear End,2,Cloudy,Wet,Daylight
2024-11-01T05:47:00.000,I 285,I 20 and I 285,,Not a Collision with Motor Vehicle,1,Clear,Dry,Dark-Not Lighted
2024-05-05T22:43:00.000,I 285,I 20 and I 285,,Rear End,2,Other,Wet,Dark-Not Lighted
2024-03-10T13:39:00.000,I 285,I 20 and I 285,,Angle Crash,2,Clear,Dry,Daylight
2024-12-22T17:38:00.000,I 285,I 20 and I 285,,Rear End,2,Clear,Dry,Daylight
2024-01-07T16:08:00.000,I 285,I 20 and I 285,,Rear End,3,Clear,Dry,Daylight
2024-03-31T20:00:00.000,I 285,I 20 and I 285,,Rear End,2,Clear,Dry,Dusk
2024-08-24T03:40:00.000,I 20,I 20 and I 285,,Rear End,2,Clear,Dry,Dark-Lighted
2024-03-25T14:21:00.000,I 20,I 20 and I 285,,Sideswipe-Same Direction,2,Clear,Dry,Daylight
2024-11-04T19:30:00.000,I 20,I 20 and I 285,,Rear End,2,Clear,Dry,Dark-Not Lighted
2024-02-09T10:00:00.000,I 285,I 20 and I 285,,Angle Crash,2,Clear,Dry,Dark-Not Lighted
2024-04-18T08:30:00.000,I 285,I 20 and I 285,,Sideswipe-Same Direction,2,Clear,Dry,Daylight
2024-11-21T19:40:00.000,I 285,I 20 and I 285,,Sideswipe-Same Direction,2,Clear,Dry,Dark-Lighted
2024-05-29T19:00:00.000,I 20,I 20 and I 285,,Angle Crash,2,Clear,Dry,Daylight
2024-06-06T11:39:00.000,I 285,I 20 and I 285,,Rear End,2,Cloudy,Dry,Daylight
2024-03-27T18:35:00.000,I 20,I 20 and I 285,,Sideswipe-Same Direction,2,Clear,Dry,Daylight
2024-05-26T10:00:00.000,I 20,I 20 and I 285,,Sideswipe-Same Direction,2,Clear,Dry,Daylight
2024-05-16T17:16:00.000,I 20,I 20 and I 285,,Sideswipe-Same Direction,2,Cloudy,Dry,Daylight
2024-07-30T16:15:00.000,I 20,I 20 and I 285,,Rear End,2,Cloudy,Dry,Daylight
2024-02-12T17:30:00.000,I 20,I 20 and I 285,,Rear End,2,Rain,Wet,Daylight
2024-05-21T12:59:00.000,I 20,I 20 and I 285,,Sideswipe-Same Direction,2,Cloudy,Dry,Daylight
2024-12-08T15:23:00.000,I 285,I 20 and I 285,,Not a Collision with Motor Vehicle,1,Clear,Dry,Daylight
2024-11-06T15:48:00.000,I 285,I 20 and I 285,,Rear End,2,Clear,Wet,Daylight
2024-08-13T14:46:00.000,I 285,I 20 and I 285,,Rear End,3,Clear,Dry,Daylight
2024-10-25T17:35:00.000,I 285,I 20 and I 285,,Rear End,2,Clear,Dry,Daylight
2024-06-21T18:43:00.000,I 285,I 20 and I 285,,Rear End,3,Clear,Dry,Daylight
2024-09-26T14:24:00.000,I 20,I 20 and I 285,,Not a Collision with Motor Vehicle,1,Rain,Wet,Daylight
2024-01-11T16:33:00.000,I 20,I 20 and I 285,,Rear End,3,Clear,Dry,Daylight
2024-10-24T11:38:00.000,I 285,I 20 and I 285,,Rear End,2,Clear,Dry,Daylight
2024-06-03T18:40:00.000,I 285,I 20 and I 285,,Rear End,2,Cloudy,Dry,Daylight
2024-05-20T22:34:00.000,I 285,I 20 and I 285,,Angle Crash,2,Clear,Dry,Dark-Not Lighted
2024-12-20T11:58:00.000,I 20,I 20 and I 285,,Not a Collision with Motor Vehicle,1,Clear,Dry,Daylight
2024-03-13T14:59:00.000,I 20,I 20 and I 285,,Sideswipe-Same Direction,2,Clear,Dry,Daylight
2024-02-29T10:12:00.000,I 20,I 20 and I 285,,Rear End,2,Clear,Dry,Daylight
2024-05-14T15:58:00.000,I 20,I 20 and I 285,,Angle Crash,2,Clear,Dry,Daylight
2024-05-28T16:28:00.000,I 20,I 20 and I 285,,Rear End,2,Clear,Dry,Daylight
2024-02-08T14:40:00.000,I 20,I 20 and I 285,,Sideswipe-Same Direction,2,Cloudy,Dry,Daylight
2024-06-29T06:07:00.000,I 285,I 20 and I 285,,Not a Collision with Motor Vehicle,1,Clear,Dry,Daylight
2024-04-05T18:40:00.000,I 285,I 20 and I 285,,Sideswipe-Same Direction,2,Clear,Dry,Daylight
2024-01-10T12:04:00.000,I 285,I 20 and I 285,,Rear End,2,Clear,Dry,Daylight
2024-11-14T06:07:00.000,I 20,I 20 and I 285,,Rear End,2,Rain,Wet,Dark-Not Lighted
2024-08-26T17:59:00.000,I 285,I 20 and I 285,,Rear End,2,Clear,Dry,Daylight
2024-11-18T09:10:00.000,I 20,I 20 and I 285,,Sideswipe-Same Direction,2,Clear,Dry,Daylight
2024-06-19T10:45:00.000,I 20,I 20 and I 285,,Angle Crash,2,Cloudy,Dry,Daylight
2024-11-19T12:19:00.000,I 20,I 20 and I 285,,Not a Collision with Motor Vehicle,1,Rain,Wet,Daylight
2024-07-07T15:55:00.000,I 285,I 20 and I 285,,Rear End,3,Clear,Dry,Daylight
2024-07-03T17:15:00.000,I 20,I 20 and I 285,,Sideswipe-Same Direction,2,Clear,Dry,Daylight
2024-10-04T20:18:00.000,I 20,I 20 and I 285,,Rear End,3,Clear,Dry,Dark-Lighted
2024-12-13T09:00:00.000,I 285,I 20 and I 285,,Not a Collision with Motor Vehicle,1,Clear,Dry,Daylight
2024-05-02T15:41:00.000,I 285,I 20 and I 285,,Sideswipe-Same Direction,2,Clear,Dry,Daylight
2024-08-16T20:33:00.000,I 20,I 20 and I 285,,Sideswipe-Same Direction,4,Clear,Dry,Dark-Not Lighted
2024-01-13T13:38:00.000,I 285,I 20 and I 285,,Rear End,2,Clear,Dry,Daylight
2024-10-24T13:07:00.000,I 20,I 20 and I 285,,Sideswipe-Same Direction,2,Clear,Dry,Daylight
2024-10-31T00:00:00.000,I 285,I 20 and I 285,,Sideswipe-Same Direction,2,Clear,Dry,Daylight
2024-04-05T07:30:00.000,I 20,I 20 and I 285,,Not a Collision with Motor Vehicle,3,Clear,Dry,Daylight
2024-07-05T14:17:00.000,I 285,I 20 and I 285,,Rear End,2,Cloudy,Dry,Daylight
2024-03-14T08:00:00.000,I 285,I 20 and I 285,,Sideswipe-Same Direction,2,Clear,Dry,Daylight
2024-03-15T18:29:00.000,I 285,I 20 and I 285,,Rear End,2,Cloudy,Wet,Daylight
2024-03-15T10:43:00.000,I 285,I 20 and I 285,,Sideswipe-Same Direction,2,Clear,Wet,Daylight
2024-10-18T21:10:00.000,I 285,I 20 and I 285,,Rear End,2,Clear,Dry,Dark-Lighted
2024-06-29T12:26:00.000,I 20,I 20 and I 285,,Angle Crash,2,Clear,Dry,Daylight
2024-04-05T16:00:00.000,I 285,I 20 and I 285,,Rear End,3,Clear,Dry,Daylight
2024-12-09T07:41:00.000,I 20,I 20 and I 285,,Rear End,2,Cloudy,Wet,Daylight
2024-04-08T06:50:00.000,I 285,I 20 and I 285,,Sideswipe-Same Direction,2,Clear,Dry,Dawn
2024-06-26T07:00:00.000,I 20,I 20 and I 285,,Angle Crash,2,Cloudy,Dry,Daylight
2024-04-07T20:16:00.000,I 285,I 20 and I 285,,Rear End,2,Clear,Dry,Dark-Not Lighted
2024-11-22T07:00:00.000,I 285,I 20 and I 285,,Angle Crash,6,Clear,Dry,Daylight
2024-05-07T10:10:00.000,I 285,I 20 and I 285,,Rear End,2,Clear,Dry,Daylight
2024-12-30T11:50:00.000,I 285,I 20 and I 285,,Sideswipe-Same Direction,2,Clear,Dry,Daylight
2024-10-18T19:16:00.000,I 20,I 20 and I 285,,Sideswipe-Same Direction,2,Clear,Dry,Daylight
2024-04-03T22:00:00.000,I 20,I 20 and I 285,,Not a Collision with Motor Vehicle,1,Clear,Dry,Daylight
2024-06-04T06:00:00.000,I 20,I 20 and I 285,,Rear End,2,Clear,Dry,Daylight
2024-11-22T13:50:00.000,I 285,I 20 and I 285,,Rear End,2,Clear,Dry,Daylight
2024-02-20T15:56:00.000,I 20,I 20 and I 285,,Sideswipe-Same Direction,2,Clear,Dry,Daylight
2024-10-04T06:30:00.000,I 20,I 20 and I 285,,Rear End,3,Clear,Dry,Daylight
2024-06-02T16:31:00.000,I 285,I 20 and I 285,,Rear End,3,Cloudy,Dry,Daylight
2024-06-23T19:15:00.000,I 285,I 20 and I 285,,Rear End,2,Clear,Dry,Daylight
2024-07-01T08:55:00.000,I 20,I 20 and I 285,,Rear End,4,Clear,Dry,Daylight
2024-02-20T10:29:00.000,I 285,I 20 and I 285,,Rear End,2,Cloudy,Dry,Daylight
2024-05-24T12:27:00.000,I 285,I 20 and I 285,,Rear End,2,Rain,Wet,Daylight
2024-05-13T17:50:00.000,I 285,I 20 and I 285,,Rear End,2,Cloudy,Dry,Daylight
2024-11-17T22:35:00.000,I 285,I 20 and I 285,,Sideswipe-Same Direction,2,Clear,Dry,Dark-Not Lighted
2024-06-20T12:57:00.000,I 285,I 20 and I 285,,Sideswipe-Same Direction,2,Clear,Dry,Daylight
2024-10-11T11:00:00.000,I 285,I 20 and I 285,,Sideswipe-Same Direction,2,Clear,Dry,Daylight
2024-04-05T18:50:00.000,I 285,I 20 and I 285,,Sideswipe-Opposite Direction,2,Clear,Dry,Daylight
2024-06-22T17:10:00.000,I 20,I 20 and I 285,,Not a Collision with Motor Vehicle,2,Clear,Dry,Daylight
2024-10-31T21:00:00.000,I 20,I 20 and I 285,,Rear End,2,Clear,Dry,Dark-Lighted
2024-03-28T13:28:00.000,I 20,I 20 and I 285,,Rear End,3,Clear,Dry,Daylight
2024-06-20T16:20:00.000,I 20,I 20 and I 285,,Rear End,2,Clear,Dry,Daylight
2024-10-06T19:02:00.000,I 285,I 20 and I 285,,Rear End,2,Clear,Dry,Dark-Lighted
2024-04-26T17:43:00.000,I 20,I 20 and I 285,,Rear End,2,Clear,Dry,Daylight
2024-10-19T04:31:00.000,I 285,I 20 and I 285,,Not a Collision with Motor Vehicle,1,Clear,Dry,Dark-Not Lighted
2024-10-18T14:11:00.000,I 20,I 20 and I 285,,Sideswipe-Same Direction,2,Clear,Dry,Daylight
2024-05-20T01:11:00.000,I 285,I 20 and I 285,,Sideswipe-Same Direction,3,Clear,Dry,Dark-Not Lighted
2024-06-02T20:44:00.000,I 20,I 20 and I 285,,Sideswipe-Same Direction,2,Cloudy,Dry,Dark-Not Lighted
2024-02-19T15:00:00.000,I 285,I 20 and I 285,,Sideswipe-Same Direction,2,Clear,Dry,Daylight
2024-05-01T16:30:00.000,I 20,I 20 and I 285,,Rear End,2,Clear,Dry,Daylight
2024-07-07T16:45:00.000,I 285,I 20 and I 285,,Angle Crash,2,Clear,Dry,Daylight
2024-02-01T14:06:00.000,I 20,I 20 and I 285,,Sideswipe-Same Direction,2,Clear,Dry,Daylight
2024-01-18T23:47:00.000,I 20,I 20 and I 285,,Not a Collision with Motor Vehicle,1,Cloudy,Dry,Dark-Not Lighted
2024-12-29T16:46:00.000,I 20,I 20 and I 285,,Rear End,2,Clear,Dry,Daylight
2024-09-27T11:15:00.000,I 20,I 20 and I 285,,Sideswipe-Same Direction,2,Cloudy,Dry,Daylight
2024-08-18T15:45:00.000,I 285,I 20 and I 285,,Rear End,2,Rain,Wet,Daylight
2024-04-12T11:26:00.000,I 285,I 20 and I 285,,Rear End,2,Clear,Dry,Daylight
2024-01-13T08:36:00.000,I 20,I 20 and I 285,,Rear End,2,Clear,Dry,Daylight
2024-12-24T09:45:00.000,I 285,I 20 and I 285,,Sideswipe-Same Direction,2,Clear,Dry,Daylight
2024-11-26T20:40:00.000,I 20,I 20 and I 285,,Sideswipe-Same Direction,2,Clear,Dry,Dark-Lighted
2024-04-30T17:19:00.000,I 285,I 20 and I 285,,Sideswipe-Same Direction,2,Clear,Dry,Daylight
2024-08-09T10:54:00.000,I 285,I 20 and I 285,,Rear End,4,Clear,Dry,Daylight
2024-07-09T18:14:00.000,I 285,I 20 and I 285,,Rear End,2,Rain,Wet,Dark-Not Lighted
2024-06-27T19:30:00.000,I 20,I 20 and I 285,,Sideswipe-Same Direction,2,Rain,Wet,Daylight
2024-05-21T14:55:00.000,I 285,I 20 and I 285,,Rear End,2,Clear,Dry,Daylight
2024-04-05T16:45:00.000,I 285,I 20 and I 285,,Rear End,2,Clear,Dry,Daylight
2024-10-10T14:23:00.000,I 285,I 20 and I 285,,Rear End,2,Clear,Dry,Daylight
2024-06-24T10:45:00.000,I 285,I 20 and I 285,,Sideswipe-Same Direction,2,Clear,Dry,Daylight
2024-05-14T16:03:00.000,I 285,I 20 and I 285,,Sideswipe-Same Direction,2,Clear,Dry,Daylight
2024-11-15T19:00:00.000,I 285,I 20 and I 285,,Rear End,3,Clear,Dry,Dark-Lighted
2024-06-21T10:09:00.000,I 285,I 20 and I 285,,Sideswipe-Same Direction,2,Cloudy,Dry,Daylight
2024-03-25T19:00:00.000,I 20,I 20 and I 285,,Sideswipe-Same Direction,2,Clear,Dry,Dusk
2024-08-17T15:20:00.000,I 20,I 20 and I 285,,Sideswipe-Same Direction,2,Clear,Dry,Daylight
2024-04-07T18:40:00.000,I 20,I 20 and I 285,,Rear End,2,Clear,Dry,Daylight
2024-06-01T21:40:00.000,I 20,I 20 and I 285,,Sideswipe-Same Direction,2,Clear,Dry,Dark-Not Lighted
2024-03-04T20:35:00.000,I 285,I 20 and I 285,,Not a Collision with Motor Vehicle,1,Clear,Dry,Dark-Not Lighted
2024-10-15T08:00:00.000,I 285,I 20 and I 285,,Sideswipe-Same Direction,2,Clear,Dry,Daylight
2024-05-09T16:00:00.000,I 285,I 20 and I 285,,Rear End,2,Rain,Wet,Daylight
2024-05-24T17:15:00.000,I 20,I 20 and I 285,,Rear End,2,Clear,Dry,Daylight
2024-10-09T12:45:00.000,I 20,I 20 and I 285,,Sideswipe-Same Direction,2,Clear,Dry,Daylight
2024-08-07T18:30:00.000,I 20,I 20 and I 285,,Rear End,3,Clear,Dry,Daylight
2024-09-20T05:00:00.000,I 285,I 20 and I 285,,Not a Collision with Motor Vehicle,1,Clear,Dry,Dark-Lighted
2024-03-08T00:00:00.000,I 285,I 20 and I 285,,Not a Collision with Motor Vehicle,1,Clear,Dry,Daylight
2024-05-30T06:27:00.000,I 20,I 20 and I 285,,Sideswipe-Same Direction,2,Clear,Dry,Daylight
2024-11-14T20:10:00.000,I 20,I 20 and I 285,,Sideswipe-Same Direction,2,Clear,Dry,Dark-Lighted
2024-06-14T16:00:00.000,I 285,I 20 and I 285,,Sideswipe-Same Direction,2,Clear,Dry,Daylight
2024-01-26T11:20:00.000,I 20,I 20 and I 285,,Rear End,2,Clear,Dry,Daylight
2024-05-30T16:00:00.000,I 20,I 20 and I 285,,Rear End,3,Clear,Dry,Daylight
2024-07-11T14:15:00.000,I 285,I 20 and I 285,,Rear End,2,Clear,Dry,Daylight
2024-06-26T17:51:00.000,I 20,I 20 and I 285,,Not a Collision with Motor Vehicle,1,Clear,Dry,Daylight
2024-10-03T10:19:00.000,I 20,I 20 and I 285,,Sideswipe-Same Direction,2,Clear,Dry,Daylight
2024-07-10T17:30:00.000,I 285,I 20 and I 285,,Sideswipe-Same Direction,2,Clear,Dry,Daylight
2024-06-14T14:00:00.000,I 285,I 20 and I 285,,Rear End,2,Clear,Dry,Daylight
2024-12-17T23:01:00.000,I 285,I 20 and I 285,,Sideswipe-Same Direction,2,Clear,Dry,Dark-Not Lighted
2024-08-16T07:25:00.000,I 20,I 20 and I 285,,Rear End,2,Cloudy,Dry,Daylight
2024-08-16T06:25:00.000,I 20,I 20 and I 285,,Sideswipe-Same Direction,2,Cloudy,Dry,Daylight
2024-11-26T18:00:00.000,I 20,I 20 and I 285,,Rear End,2,Clear,Dry,Dark-Not Lighted
2024-07-09T08:16:00.000,I 285,I 20 and I 285,,Rear End,2,Clear,Dry,Daylight
2024-08-09T17:09:00.000,I 285,I 20 and I 285,,Sideswipe-Same Direction,2,Clear,Dry,Daylight
2024-05-09T06:18:00.000,I 285,I 20 and I 285,,Sideswipe-Same Direction,2,Clear,Dry,Dawn
2024-03-30T08:48:00.000,I 20,I 20 and I 285,,Rear End,3,Clear,Dry,Daylight
2024-07-19T16:18:00.000,I 285,I 20 and I 285,,Sideswipe-Same Direction,2,Cloudy,Dry,Daylight
2024-03-15T07:01:00.000,I 285,I 20 and I 285,,Not a Collision with Motor Vehicle,1,Clear,Dry,Daylight
2024-12-04T07:15:00.000,I 20,I 20 and I 285,,Sideswipe-Same Direction,2,Clear,Dry,Daylight
2024-08-15T12:00:00.000,I 20,I 20 and I 285,,Sideswipe-Same Direction,2,Cloudy,Dry,Daylight
2024-10-12T07:50:00.000,I 285,I 20 and I 285,,Rear End,2,Clear,Dry,Daylight
2024-05-26T14:43:00.000,I 285,I 20 and I 285,,Rear End,2,Clear,Dry,Daylight
2024-05-02T14:20:00.000,I 285,I 20 and I 285,,Rear End,3,Clear,Dry,Daylight
2024-10-03T20:24:00.000,I 285,I 20 and I 285,,Angle Crash,3,Clear,Dry,Dark-Lighted
2024-07-06T08:18:00.000,I 20,I 20 and I 285,,Not a Collision with Motor Vehicle,1,Clear,Dry,Daylight
2024-03-07T19:30:00.000,I 285,I 20 and I 285,,Sideswipe-Same Direction,2,Clear,Dry,Dark-Lighted
2024-08-22T15:30:00.000,I 285,I 20 and I 285,,Rear End,2,Clear,Dry,Daylight
2024-12-09T15:30:00.000,I 20,I 20 and I 285,,Rear End,2,Cloudy,Wet,Daylight
2024-07-24T11:30:00.000,I 20,I 20 and I 285,,Angle Crash,2,Cloudy,Dry,Daylight
2024-08-06T11:48:00.000,I 20,I 20 and I 285,,Angle Crash,2,Clear,Dry,Daylight
2024-07-23T18:31:00.000,I 285,I 20 and I 285,,Rear End,2,Cloudy,Dry,Daylight
2024-03-07T07:28:00.000,I 285,I 20 and I 285,,Sideswipe-Same Direction,2,Clear,Dry,Daylight
2024-08-08T10:02:00.000,I 285,I 20 and I 285,,Sideswipe-Same Direction,2,Clear,Dry,Daylight
2024-10-06T17:17:00.000,I 285,I 20 and I 285,,Rear End,2,Clear,Dry,Daylight
2024-08-16T19:15:00.000,I 20,I 20 and I 285,,Rear End,2,Clear,Dry,Daylight
2024-08-10T19:15:00.000,I 285,I 20 and I 285,,Not a Collision with Motor Vehicle,1,Clear,Dry,Daylight
2024-03-30T20:00:00.000,I 20,I 20 and I 285,,Not a Collision with Motor Vehicle,1,Clear,Dry,Daylight
2024-03-08T08:30:00.000,I 285,I 20 and I 285,,Rear End,3,Cloudy,Dry,Daylight
2024-08-31T06:01:00.000,I 285,I 20 and I 285,,Sideswipe-Same Direction,2,Clear,Dry,Dark-Not Lighted
2024-10-14T14:36:00.000,I 285,I 20 and I 285,,Rear End,3,Clear,Dry,Daylight
2024-05-18T18:44:00.000,I 285,I 20 and I 285,,Angle Crash,4,Cloudy,Dry,Dusk
2024-05-06T10:56:00.000,I 285,I 20 and I 285,,Rear End,2,Clear,Dry,Daylight
2024-08-27T07:20:00.000,I 285,I 20 and I 285,,Sideswipe-Same Direction,2,Clear,Dry,Daylight
2024-07-09T16:50:00.000,I 20,I 20 and I 285,,Rear End,2,Rain,Wet,Daylight
2024-02-14T18:15:00.000,I 20,I 20 and I 285,,Rear End,2,Clear,Dry,Dusk
2024-11-25T17:45:00.000,I 285,I 20 and I 285,,Rear End,2,Clear,Dry,Dark-Lighted
2024-07-11T15:00:00.000,I 20,I 20 and I 285,,Sideswipe-Same Direction,2,Clear,Dry,Daylight
2024-05-01T11:00:00.000,I 20,I 20 and I 285,,Sideswipe-Opposite Direction,2,Clear,Dry,Daylight
2024-08-26T13:00:00.000,I 20,I 20 and I 285,,Sideswipe-Same Direction,2,Clear,Dry,Daylight
2024-11-18T00:39:00.000,I 285,I 20 and I 285,,Not a Collision with Motor Vehicle,2,Clear,Dry,Dark-Not Lighted
2024-10-29T19:00:00.000,I 20,I 20 and I 285,,Sideswipe-Same Direction,2,Clear,Dry,Dark-Lighted
2024-11-10T16:58:00.000,I 285,I 20 and I 285,,Rear End,4,Cloudy,Wet,Daylight
2024-06-20T16:59:00.000,I 20,I 20 and I 285,,Rear End,2,Clear,Dry,Daylight
2024-03-22T07:41:00.000,I 20,I 20 and I 285,,Sideswipe-Same Direction,2,Cloudy,Dry,Daylight
2024-07-27T00:30:00.000,I 20,I 20 and I 285,,Rear End,2,Other,Wet,Dark-Not Lighted
2024-01-12T20:22:00.000,I 20,I 20 and I 285,,Sideswipe-Same Direction,2,Clear,Wet,Dark-Not Lighted
2024-04-07T15:15:00.000,I 285,I 20 and I 285,,Rear End,2,Clear,Dry,Daylight
2024-06-16T14:18:00.000,I 285,I 20 and I 285,,Rear End,2,Clear,Dry,Daylight
2024-06-07T06:13:00.000,I 20,I 20 and I 285,,Sideswipe-Same Direction,2,Clear,Dry,Daylight
2024-10-04T11:06:00.000,I 285,I 20 and I 285,,Sideswipe-Same Direction,3,Cloudy,Dry,Daylight
2024-03-08T13:40:00.000,I 20,I 20 and I 285,,Rear End,2,Cloudy,Dry,Daylight
2024-04-26T12:22:00.000,I 20,I 20 and I 285,,Sideswipe-Same Direction,2,Cloudy,Dry,Daylight
2024-05-06T18:17:00.000,I 20,I 20 and I 285,,Sideswipe-Same Direction,2,Clear,Dry,Daylight
2024-08-09T11:37:00.000,I 285,I 20 and I 285,,Sideswipe-Same Direction,2,Clear,Dry,Daylight
2024-03-25T18:35:00.000,I 285,I 20 and I 285,,Rear End,2,Clear,Dry,Daylight
2024-12-20T09:58:00.000,I 285,I 20 and I 285,,Rear End,3,Clear,Dry,Daylight
2024-06-07T08:45:00.000,I 285,I 20 and I 285,,Rear End,2,Clear,Dry,Daylight
2024-03-29T17:00:00.000,I 285,I 20 and I 285,,Sideswipe-Same Direction,2,Clear,Dry,Daylight
2024-05-09T13:51:00.000,I 285,I 20 and I 285,,Rear End,2,Cloudy,Wet,Daylight
2024-07-24T06:00:00.000,I 285,I 20 and I 285,,Sideswipe-Same Direction,2,Clear,Dry,Daylight
2024-07-17T11:00:00.000,I 285,I 20 and I 285,,Not a Collision with Motor Vehicle,2,Clear,Dry,Daylight
2024-02-02T12:35:00.000,I 285,I 20 and I 285,,Sideswipe-Same Direction,2,Clear,Dry,Daylight
2024-09-21T00:00:00.000,I 285,I 20 and I 285,,Rear End,2,Clear,Dry,Dark-Lighted
2024-01-02T14:15:00.000,I 285,I 20 and I 285,,Rear End,3,Clear,Dry,Daylight
2024-10-05T06:37:00.000,I 285,I 20 and I 285,,Sideswipe-Same Direction,2,Clear,Dry,Daylight
2024-10-11T18:00:00.000,I 285,I 20 and I 285,,Sideswipe-Same Direction,4,Clear,Dry,Daylight
2024-12-17T08:38:00.000,I 285,I 20 and I 285,,Rear End,2,Clear,Dry,Daylight
2024-08-20T16:05:00.000,I 20,I 20 and I 285,,Rear End,2,Clear,Dry,Daylight
2024-04-11T06:34:00.000,I 20,I 20 and I 285,,Sideswipe-Same Direction,2,Rain,Wet,Dark-Not Lighted
2024-03-22T08:00:00.000,I 20,I 20 and I 285,,Sideswipe-Same Direction,4,Clear,Dry,Daylight
2024-08-27T16:48:00.000,I 20,I 20 and I 285,,Rear End,2,Clear,Dry,Daylight
2024-10-15T19:53:00.000,I 285,I 20 and I 285,,Rear End,3,Clear,Dry,Daylight
2024-09-20T15:30:00.000,I 20,I 20 and I 285,,Sideswipe-Same Direction,2,Clear,Dry,Daylight
2024-03-29T15:38:00.000,I 285,I 20 and I 285,,Sideswipe-Same Direction,2,Clear,Dry,Daylight