Date and Time,Roadway (From Crash Report),Intersection Name (from Crash Report),KABCO Severity,Manner of Collision (Crash Level) ,# of Vehicles per crash ,Weather Conditions (Crash Level),Surface Condition (Crash Level) ,Light Conditions (Crash Level)
2024-07-27T14:20:00.000,I 285,I 20 and I 285,,Rear End,2,Clear,Dry,Daylight
2024-07-02T18:30:00.000,I 285,I 20 and I 285,,Angle Crash,2,Clear,Dry,Daylight
2024-04-15T17:05:00.000,I 20,I 20 and I 285,,Sideswipe-Same Direction,2,Clear,Dry,Daylight
2024-04-11T21:07:00.000,I 20,I 20 and I 285,,Not a Collision with Motor Vehicle,1,Cloudy,Wet,Dark-Not Lighted
2024-03-09T06:42:00.000,I 20,I 20 and I 285,,Angle Crash,2,Rain,Wet,Daylight
2024-04-17T00:00:00.000,I 285,I 20 and I 285,,Not a Collision with Motor Vehicle,1,Clear,Dry,Dark-Not Lighted
2024-01-23T08:00:00.000,I 285,I 20 and I 285,,Sideswipe-Same Direction,2,Rain,Wet,Daylight
2024-05-28T13:00:00.000,I 285,I 20 and I 285,,Rear End,2,Clear,Dry,Daylight
2024-02-24T18:38:00.000,I 285,I 20 and I 285,,Rear End,2,Clear,Dry,Dark-Lighted
2024-10-07T07:09:00.000,I 285,I 20 and I 285,,Rear End,2,Clear,Dry,Daylight
2024-04-26T15:25:00.000,I 20,I 20 and I 285,,Sideswipe-Same Direction,2,Cloudy,Dry,Daylight
2024-09-23T06:37:00.000,I 285,I 20 and I 285,,Angle Crash,2,Clear,Dry,Dark-Lighted
2024-01-21T15:00:00.000,I 285,I 20 and I 285,,Rear End,2,Clear,Dry,Daylight
2024-09-03T16:44:00.000,I 285,I 20 and I 285,,Rear End,2,Cloudy,Dry,Daylight
2024-01-17T12:27:00.000,I 20,I 20 and I 285,,Sideswipe-Same Direction,2,Clear,Dry,Daylight
2024-01-22T09:55:00.000,I 285,I 20 and I 285,,Sideswipe-Same Direction,2,Cloudy,Dry,Daylight
2024-04-26T23:39:00.000,I 20,I 20 and I 285,,Rear End,2,Clear,Dry,Dark-Not Lighted
2024-06-11T06:20:00.000,I 20,I 20 and I 285,,Sideswipe-Same Direction,4,Clear,Dry,Daylight
2024-04-29T13:06:00.000,I 285,I 20 and I 285,,Rear End,2,Clear,Dry,Daylight
2024-08-27T11:18:00.000,I 285,I 20 and I 285,,Sideswipe-Same Direction,2,Clear,Dry,Daylight
2024-05-18T17:09:00.000,I 285,I 20 and I 285,,Rear End,2,Cloudy,Dry,Dark-Not Lighted
2024-01-20T13:04:00.000,I 285,I 20 and I 285,,Sideswipe-Same Direction,2,Clear,Dry,Daylight
2024-03-22T16:45:00.000,I 285,I 20 and I 285,,Sideswipe-Same Direction,2,Rain,Wet,Daylight
2024-06-07T14:04:00.000,I 20,I 20 and I 285,,Rear End,2,Clear,Dry,Daylight
2024-06-20T12:57:00.000,I 285,I 20 and I 285,,Not a Collision with Motor Vehicle,2,Clear,Dry,Daylight
2024-01-13T15:05:00.000,I 285,I 20 and I 285,,Rear End,2,Clear,Dry,Daylight
2024-04-11T12:30:00.000,I 285,I 20 and I 285,,Rear End,2,Cloudy,Wet,Daylight
2024-06-11T14:40:00.000,I 285,I 20 and I 285,,Rear End,3,Clear,Dry,Daylight
2024-06-17T14:59:00.000,I 285,I 20 and I 285,,Rear End,4,Clear,Dry,Daylight
2024-09-01T22:50:00.000,I 285,I 20 and I 285,,Angle Crash,2,Clear,Dry,Dark-Lighted
2024-09-23T07:30:00.000,I 285,I 20 and I 285,,Sideswipe-Same Direction,2,Clear,Dry,Daylight
2024-11-19T08:00:00.000,I 285,I 20 and I 285,,Sideswipe-Same Direction,2,Cloudy,Wet,Daylight
2023-07-29T07:48:00.000,I 20,I 20 and I 2845,,Not a Collision with Motor Vehicle,1,Clear,Dry,Daylight
2021-02-22T06:24:00.000,I 20,I 20 and I 185,,Sideswipe-Same Direction,2,Clear,Dry,Dawn
2020-03-10T00:42:00.000,I 20,I 20 and I 155,,Sideswipe-Same Direction,2,Clear,Dry,Dark-Not Lighted
2021-02-13T11:38:00.000,I 20,I 20 and I -20 West Hwy,,Rear End,2,Rain,Wet,Daylight
2021-06-19T22:34:00.000,I 20,I 20 and Hwy70,,Angle Crash,2,Rain,Water (standing or moving),Dark-Lighted
2021-04-06T14:30:00.000,I 20,I 20 and Hwy44,,Not a Collision with Motor Vehicle,1,Clear,Dry,Daylight
2020-02-27T12:45:00.000,I 20,I 20 and Hwy138,,Rear End,2,Clear,Dry,Daylight
2022-01-07T20:06:00.000,I 20,I 20 and Hwy138,,Rear End,2,Clear,Dry,Dark-Not Lighted
2021-10-13T18:28:00.000,I 20,I 20 and Hwy. 27,,Rear End,2,Clear,Dry,Daylight
2021-02-09T17:55:00.000,I 20,I 20 and Hwy 92 - Fairburn Rd,,Rear End,2,Clear,Dry,Daylight
2021-10-11T04:05:00.000,I 20,I 20 and Hwy 92 - Fairburn Rd,,Angle Crash,1,Clear,Dry,Dark-Not Lighted
2022-10-08T14:57:00.000,I 20,I 20 and Hwy 92 - Fairburn Rd,,Sideswipe-Same Direction,2,Clear,Dry,Daylight
2020-01-02T16:48:00.000,I 20,I 20 and Hwy 92,,Not a Collision with Motor Vehicle,1,Rain,Wet,Daylight
2021-07-06T07:48:00.000,I 20,I 20 and Hwy 83,,Rear End,2,Clear,Dry,Daylight
2020-08-28T11:00:00.000,I 20,I 20 and Hwy 80 N  I20,,Sideswipe-Same Direction,2,Clear,Dry,Daylight
2023-08-05T06:15:00.000,I 20,I 20 and Hwy 80,,Not a Collision with Motor Vehicle,1,Fog,Dry,Dark-Not Lighted
2021-10-21T14:30:00.000,I 20,I 20 and Hwy 77,,Not a Collision with Motor Vehicle,1,Clear,Dry,Daylight
2021-08-15T16:35:00.000,I 20,I 20 and Hwy 77,,Not a Collision with Motor Vehicle,1,Rain,Wet,Daylight
2021-10-25T01:38:00.000,I 20,I 20 and Hwy 77,,Not a Collision with Motor Vehicle,1,Clear,Dry,Dark-Not Lighted
2021-06-04T13:58:00.000,I 20,I 20 and Hwy 77,,Rear End,2,Clear,Dry,Daylight
2020-06-01T09:21:00.000,I 20,I 20 and Hwy 77,,Not a Collision with Motor Vehicle,1,Clear,Dry,Daylight
2020-12-24T13:03:00.000,I 20,I 20 and Hwy 77,,Not a Collision with Motor Vehicle,1,Rain,Wet,Daylight
2020-11-15T02:48:00.000,I 20,I 20 and Hwy 77,,Not a Collision with Motor Vehicle,1,Clear,Dry,Dark-Not Lighted
2020-06-10T08:36:00.000,I 20,I 20 and Hwy 77,,Not a Collision with Motor Vehicle,1,Rain,Wet,Daylight
2020-02-02T15:44:00.000,I 20,I 20 and Hwy 77,,Sideswipe-Same Direction,2,Clear,Dry,Daylight
2020-05-24T08:25:00.000,I 20,I 20 and Hwy 77,,Not a Collision with Motor Vehicle,1,Clear,Dry,Daylight
2021-04-30T00:00:00.000,I 20,I 20 and Hwy 77,,Sideswipe-Same Direction,2,Clear,Dry,Daylight
2021-10-26T19:54:00.000,I 20,I 20 and Hwy 77,,Not a Collision with Motor Vehicle,1,Clear,Dry,Dark-Not Lighted
2021-09-24T13:11:00.000,I 20,I 20 and Hwy 77,,Not a Collision with Motor Vehicle,1,Clear,Dry,Daylight
2021-12-30T13:07:00.000,I 20,I 20 and Hwy 77,,Head On,1,Rain,Wet,Daylight
2021-09-06T17:16:00.000,I 20,I 20 and Hwy 77,,Rear End,2,Rain,Wet,Daylight
2021-12-18T16:07:00.000,I 20,I 20 and Hwy 77,,Not a Collision with Motor Vehicle,1,Rain,Wet,Daylight
2021-11-29T19:20:00.000,I 20,I 20 and Hwy 70,,Rear End,3,Clear,Dry,Dark-Not Lighted
2021-08-03T12:00:00.000,I 20,I 20 and Hwy 70,,Sideswipe-Same Direction,2,Clear,Dry,Daylight
2021-01-27T20:00:00.000,I 20,I 20 and Hwy 70,,Rear End,2,Clear,Wet,Dark-Lighted
2021-04-26T18:01:00.000,I 20,I 20 and Hwy 70,,Rear End,3,Clear,Dry,Daylight
2021-04-27T22:00:00.000,I 20,I 20 and Hwy 70,,Sideswipe-Same Direction,2,Clear,Dry,Dark-Lighted
2021-12-23T14:08:00.000,I 20,I 20 and Hwy 70,,Head On,3,Clear,Dry,Daylight
2021-06-02T17:58:00.000,I 20,I 20 and Hwy 70,,Rear End,2,Clear,Dry,Daylight
2020-12-26T21:46:00.000,I 20,I 20 and Hwy 70,,Sideswipe-Same Direction,2,Clear,Dry,Dark-Lighted
2020-09-17T02:06:00.000,I 20,I 20 and Hwy 70,,Not a Collision with Motor Vehicle,1,Rain,Wet,Dark-Not Lighted
2020-03-24T05:29:00.000,I 20,I 20 and Hwy 70,,Angle Crash,2,Clear,Wet,Dark-Not Lighted
2020-07-28T02:30:00.000,I 20,I 20 and Hwy 70,,Sideswipe-Same Direction,3,Clear,Dry,Dark-Lighted
2020-02-25T21:27:00.000,I 20,I 20 and Hwy 70,,Sideswipe-Same Direction,2,Clear,Dry,Dark-Not Lighted
2021-05-02T05:50:00.000,I 20,I 20 and Hwy 70,,Rear End,2,Clear,Dry,Dark-Lighted
2021-03-19T04:30:00.000,I 20,I 20 and Hwy 70,,Rear End,3,Clear,Dry,Dark-Lighted
2021-08-16T01:08:00.000,I 20,I 20 and Hwy 70,,Angle Crash,3,Clear,Dry,Dark-Lighted
2021-10-06T02:26:00.000,I 20,I 20 and Hwy 70,,Rear End,2,Rain,Wet,Dark-Lighted
2021-07-24T14:40:00.000,I 20,I 20 and Hwy 70,,Rear End,2,Clear,Dry,Daylight
2022-04-04T23:20:00.000,I 20,I 20 and Hwy 70,,Sideswipe-Same Direction,2,Clear,Dry,Dark-Lighted
2021-01-01T02:50:00.000,I 20,I 20 and Hwy 7,,Sideswipe-Same Direction,2,Clear,Wet,Dark-Lighted
2023-11-21T16:08:00.000,I 20,I 20 and Hwy 61,,Rear End,2,Rain,Wet,Daylight
2023-05-12T21:07:00.000,I 20,I 20 and Hwy 61,,Rear End,2,Clear,Dry,Dark-Lighted
2023-12-08T11:24:00.000,I 20,I 20 and Hwy 61,,Rear End,2,Cloudy,Dry,Daylight
2023-07-17T07:37:00.000,I 20,I 20 and Hwy 5 Sr5,,Angle Crash,2,Cloudy,Dry,Daylight
2022-10-24T04:01:00.000,I 20,I 20 and Hwy 5 Exit Rp,,Sideswipe-Same Direction,2,Clear,Dry,Dark-Not Lighted
2023-07-12T19:17:00.000,I 20,I 20 and Hwy 5 Exit Rp,,Rear End,2,Cloudy,Wet,Daylight
2023-01-19T18:36:00.000,I 20,I 20 and Hwy 5 Exit,,Rear End,2,Clear,Dry,Dark-Not Lighted
2021-09-03T07:51:00.000,I 20,I 20 and Hwy 5 Brg,,Sideswipe-Same Direction,2,Clear,Dry,Daylight
2023-05-12T06:22:00.000,I 20,I 20 and Hwy 5 Brg,,Not a Collision with Motor Vehicle,1,Clear,Dry,Daylight
2024-12-20T19:40:00.000,I 20,I 20 and Hwy 5 Brg,,Sideswipe-Same Direction,2,Clear,Dry,Dark-Not Lighted
2021-03-01T07:56:00.000,I 20,I 20 and Hwy 5,,Angle Crash,2,Rain,Wet,Daylight
2021-11-21T03:33:00.000,I 20,I 20 and Hwy 5,,Rear End,2,Clear,Dry,Dark-Not Lighted
2021-04-13T15:43:00.000,I 20,I 20 and Hwy 5,,Rear End,2,Clear,Dry,Daylight
2021-04-19T11:04:00.000,I 20,I 20 and Hwy 5,,Rear End,2,Clear,Dry,Daylight
2021-04-21T13:33:00.000,I 20,I 20 and Hwy 5,,Sideswipe-Same Direction,2,Clear,Dry,Daylight
2021-03-14T09:08:00.000,I 20,I 20 and Hwy 5,,Rear End,2,Clear,Dry,Daylight
2021-06-02T11:05:00.000,I 20,I 20 and Hwy 5,,Rear End,2,Clear,Dry,Daylight
2021-06-03T16:01:00.000,I 20,I 20 and Hwy 5,,Rear End,2,Clear,Dry,Daylight
2021-05-09T20:05:00.000,I 20,I 20 and Hwy 5,,Rear End,2,Cloudy,Dry,Dark-Not Lighted
2021-09-07T18:05:00.000,I 20,I 20 and Hwy 5,,Rear End,2,Clear,Dry,Daylight
2021-11-14T10:17:00.000,I 20,I 20 and Hwy 5,,Rear End,2,Clear,Dry,Daylight
2021-08-21T16:44:00.000,I 20,I 20 and Hwy 5,,Rear End,2,Cloudy,Dry,Daylight
2021-10-23T16:57:00.000,I 20,I 20 and Hwy 5,,Rear End,2,Clear,Dry,Daylight
2021-12-17T21:05:00.000,I 20,I 20 and Hwy 5,,Sideswipe-Same Direction,2,Clear,Dry,Dark-Lighted
2021-04-19T06:59:00.000,I 20,I 20 and Hwy 5,,Sideswipe-Same Direction,2,Clear,Dry,Daylight
2021-08-04T06:00:00.000,I 20,I 20 and Hwy 5,,Not a Collision with Motor Vehicle,1,Cloudy,Dry,Dark-Lighted
2021-08-23T06:51:00.000,I 20,I 20 and Hwy 5,,Rear End,2,Clear,Dry,Dawn
2020-09-18T08:15:00.000,I 20,I 20 and Hwy 5,,Rear End,2,Clear,Dry,Daylight
2023-05-31T19:41:00.000,I 20,I 20 and Hwy 5,,Rear End,2,Clear,Dry,Daylight
2023-09-09T11:13:00.000,I 20,I 20 and Hwy 5,,Rear End,3,Clear,Dry,Daylight
2023-11-03T13:21:00.000,I 20,I 20 and Hwy 5,,Angle Crash,2,Clear,Dry,Daylight
2023-11-02T17:16:00.000,I 20,I 20 and Hwy 5,,Rear End,2,Clear,Dry,Daylight
2023-12-01T19:16:00.000,I 20,I 20 and Hwy 5,,Rear End,2,Rain,Wet,Dark-Not Lighted
2023-12-24T13:05:00.000,I 20,I 20 and Hwy 5,,Angle Crash,4,Clear,Dry,Daylight
2023-11-25T11:29:00.000,I 20,I 20 and Hwy 5,,Rear End,2,Clear,Dry,Daylight
2023-08-04T10:58:00.000,I 20,I 20 and Hwy 5,,Sideswipe-Same Direction,3,Clear,Dry,Daylight
2023-11-25T14:46:00.000,I 20,I 20 and Hwy 5,,Rear End,2,Clear,Dry,Daylight
2022-06-26T20:00:00.000,I 20,I 20 and Hwy 5,,Angle Crash,2,Clear,Dry,Dark-Not Lighted
2020-11-14T16:33:00.000,I 20,I 20 and Hwy 5,,Angle Crash,2,Clear,Dry,Daylight
2020-01-11T14:42:00.000,I 20,I 20 and Hwy 5,,Rear End,2,Cloudy,Wet,Daylight
2020-04-09T17:38:00.000,I 20,I 20 and Hwy 5,,Rear End,2,Clear,Dry,Daylight
2020-09-02T16:20:00.000,I 20,I 20 and Hwy 5,,Rear End,2,Clear,Dry,Daylight
2020-04-28T07:19:00.000,I 20,I 20 and Hwy 5,,Rear End,2,Clear,Dry,Daylight
2020-02-12T15:21:00.000,I 20,I 20 and Hwy 5,,Rear End,2,Clear,Dry,Daylight
2020-12-16T18:12:00.000,I 20,I 20 and Hwy 5,,Sideswipe-Same Direction,2,Cloudy,Wet,Dark-Not Lighted
2020-08-03T17:53:00.000,I 20,I 20 and Hwy 5,,Rear End,2,Clear,Dry,Daylight
2020-01-12T11:55:00.000,I 20,I 20 and Hwy 5,,Rear End,2,Clear,Dry,Daylight
2020-01-04T19:36:00.000,I 20,I 20 and Hwy 5,,Sideswipe-Same Direction,2,Clear,Dry,Dark-Lighted
2021-05-18T11:55:00.000,I 20,I 20 and Hwy 5,,Rear End,2,Clear,Dry,Daylight
2021-07-05T15:32:00.000,I 20,I 20 and Hwy 5,,Rear End,2,Clear,Dry,Daylight
2021-12-26T20:27:00.000,I 20,I 20 and Hwy 5,,Rear End,2,Clear,Dry,Dark-Not Lighted
2021-10-20T13:48:00.000,I 20,I 20 and Hwy 5,,Rear End,2,Clear,Dry,Daylight
2021-12-11T22:35:00.000,I 20,I 20 and Hwy 5,,Angle Crash,2,Clear,Dry,Dark-Not Lighted
2021-10-21T20:46:00.000,I 20,I 20 and Hwy 5,,Sideswipe-Same Direction,2,Clear,Dry,Dark-Not Lighted
2021-11-24T23:00:00.000,I 20,I 20 and Hwy 5,,Not a Collision with Motor Vehicle,1,Clear,Dry,Dark-Not Lighted
2021-10-23T13:39:00.000,I 20,I 20 and Hwy 5,,Rear End,2,Clear,Dry,Daylight
2022-07-06T11:50:00.000,I 20,I 20 and Hwy 5,,Rear End,2,Clear,Dry,Daylight
2022-10-06T08:08:00.000,I 20,I 20 and Hwy 5,,Rear End,3,Clear,Dry,Daylight
2022-09-16T22:18:00.000,I 20,I 20 and Hwy 5,,Rear End,2,Clear,Dry,Dark-Lighted
2022-12-03T12:06:00.000,I 20,I 20 and Hwy 5,,Rear End,2,Rain,Water (standing or moving),Daylight
2022-05-13T16:52:00.000,I 20,I 20 and Hwy 5,,Sideswipe-Same Direction,2,Clear,Dry,Daylight
2022-08-04T22:16:00.000,I 20,I 20 and Hwy 5,,Sideswipe-Same Direction,2,Clear,Dry,Dark-Not Lighted
2022-05-07T08:11:00.000,I 20,I 20 and Hwy 5,,Rear End,3,Cloudy,Dry,Daylight
2022-11-15T11:53:00.000,I 20,I 20 and Hwy 5,,Rear End,2,Rain,Wet,Daylight
2022-01-07T13:42:00.000,I 20,I 20 and Hwy 5,,Angle Crash,2,Clear,Dry,Daylight
2022-06-24T22:35:00.000,I 20,I 20 and Hwy 5,,Not a Collision with Motor Vehicle,1,Severe Thunderstorm or Tornadic,Water (standing or moving),Dark-Not Lighted
2022-01-03T17:45:00.000,I 20,I 20 and Hwy 5,,Rear End,2,Clear,Dry,Dark-Lighted
2022-01-10T17:00:00.000,I 20,I 20 and Hwy 5,,Angle Crash,2,Clear,Dry,Daylight
2022-01-21T07:13:00.000,I 20,I 20 and Hwy 5,,Rear End,2,Cloudy,Dry,Dusk
2022-12-02T10:19:00.000,I 20,I 20 and Hwy 5,,Rear End,2,Cloudy,Dry,Daylight
2022-09-02T14:52:00.000,I 20,I 20 and Hwy 5,,Angle Crash,2,Clear,Dry,Daylight
2022-12-09T22:17:00.000,I 20,I 20 and Hwy 5,,Not a Collision with Motor Vehicle,1,Rain,Wet,Dark-Not Lighted
2022-06-08T10:59:00.000,I 20,I 20 and Hwy 5,,Rear End,2,Cloudy,Dry,Daylight
2022-08-23T13:52:00.000,I 20,I 20 and Hwy 5,,Sideswipe-Same Direction,2,Clear,Dry,Daylight
2022-07-13T15:14:00.000,I 20,I 20 and Hwy 5,,Rear End,2,Clear,Dry,Daylight
2022-11-02T23:31:00.000,I 20,I 20 and Hwy 5,,Sideswipe-Same Direction,2,Clear,Dry,Dark-Lighted
2022-09-17T07:02:00.000,I 20,I 20 and Hwy 5,,Sideswipe-Same Direction,2,Clear,Dry,Dawn
2022-10-31T16:09:00.000,I 20,I 20 and Hwy 5,,Sideswipe-Same Direction,2,Clear,Dry,Daylight
2022-11-09T18:58:00.000,I 20,I 20 and Hwy 5,,Rear End,2,Clear,Dry,Dark-Not Lighted
2022-12-03T12:43:00.000,I 20,I 20 and Hwy 5,,Rear End,2,Rain,Water (standing or moving),Daylight
2023-03-11T23:02:00.000,I 20,I 20 and Hwy 5,,Rear End,2,Clear,Dry,Dark-Not Lighted
2024-01-30T11:37:00.000,I 20,I 20 and Hwy 5,,Rear End,2,Clear,Dry,Daylight
2024-09-01T09:06:00.000,I 20,I 20 and Hwy 5,,Sideswipe-Same Direction,2,Clear,Dry,Daylight
2024-01-11T12:16:00.000,I 20,I 20 and Hwy 5,,Angle Crash,2,Clear,Dry,Daylight
2023-09-01T13:18:00.000,I 20,I 20 and Hwy 5,,Rear End,2,Clear,Dry,Daylight
2024-12-27T13:48:00.000,I 20,I 20 and Hwy 5,,Rear End,2,Cloudy,Dry,Daylight
2024-12-23T12:33:00.000,I 20,I 20 and Hwy 5,,Rear End,2,Clear,Dry,Daylight
2024-02-02T07:22:00.000,I 20,I 20 and Hwy 5,,Rear End,2,Clear,Dry,Daylight
2023-02-28T13:30:00.000,I 20,I 20 and Hwy 5,,Sideswipe-Same Direction,2,Clear,Dry,Daylight
2023-01-14T14:06:00.000,I 20,I 20 and Hwy 5,,Sideswipe-Same Direction,2,Clear,Dry,Daylight
2023-04-07T02:45:00.000,I 20,I 20 and Hwy 5,,Rear End,2,Clear,Dry,Dark-Not Lighted
2023-10-24T13:30:00.000,I 20,I 20 and Hwy 5,,Rear End,2,Clear,Dry,Daylight
2023-02-01T16:00:00.000,I 20,I 20 and Hwy 5,,Rear End,2,Clear,Dry,Daylight
2023-04-12T11:50:00.000,I 20,I 20 and Hwy 5,,Sideswipe-Same Direction,2,Clear,Dry,Daylight
2023-02-02T09:14:00.000,I 20,I 20 and Hwy 5,,Not a Collision with Motor Vehicle,2,Rain,Wet,Daylight
2023-09-06T09:04:00.000,I 20,I 20 and Hwy 5,,Rear End,2,Clear,Dry,Daylight
2024-04-30T11:36:00.000,I 20,I 20 and Hwy 5,,Angle Crash,2,Rain,Wet,Daylight
2024-01-19T15:50:00.000,I 20,I 20 and Hwy 5,,Rear End,2,Cloudy,Dry,Daylight
2024-07-07T13:52:00.000,I 20,I 20 and Hwy 5,,Sideswipe-Same Direction,2,Clear,Dry,Daylight
2024-10-08T11:55:00.000,I 20,I 20 and Hwy 5,,Sideswipe-Same Direction,2,Clear,Dry,Daylight
2024-12-04T13:16:00.000,I 20,I 20 and Hwy 5,,Sideswipe-Same Direction,2,Clear,Dry,Daylight
2024-11-22T20:44:00.000,I 20,I 20 and Hwy 5,,Sideswipe-Same Direction,2,Clear,Dry,Dark-Lighted
2024-11-23T12:57:00.000,I 20,I 20 and Hwy 5,,Rear End,2,Clear,Dry,Daylight
2021-10-29T19:04:00.000,I 20,I 20 and Hwy 44,,Rear End,2,Cloudy,Wet,Dark-Not Lighted
2021-07-02T16:59:00.000,I 20,I 20 and Hwy 44,,Not a Collision with Motor Vehicle,1,Rain,Wet,Daylight
2021-08-16T23:47:00.000,I 20,I 20 and Hwy 44,,Not a Collision with Motor Vehicle,1,Rain,Wet,Dark-Lighted
2021-10-01T21:37:00.000,I 20,I 20 and Hwy 44,,Rear End,2,Clear,Dry,Dark-Not Lighted
2020-06-08T16:59:00.000,I 20,I 20 and Hwy 44,,Not a Collision with Motor Vehicle,1,Clear,Dry,Daylight
2020-02-12T13:18:00.000,I 20,I 20 and Hwy 44,,Not a Collision with Motor Vehicle,1,Clear,Dry,Daylight
2020-09-07T14:15:00.000,I 20,I 20 and Hwy 44,,Sideswipe-Same Direction,2,Clear,Dry,Daylight
2020-04-12T12:59:00.000,I 20,I 20 and Hwy 44,,Not a Collision with Motor Vehicle,1,Rain,Wet,Daylight
2020-12-28T09:47:00.000,I 20,I 20 and Hwy 44,,Rear End,2,Clear,Dry,Daylight
2021-01-31T12:11:00.000,I 20,I 20 and Hwy 44,,Not a Collision with Motor Vehicle,1,Rain,Wet,Daylight
2021-02-18T09:10:00.000,I 20,I 20 and Hwy 44,,Sideswipe-Same Direction,2,Rain,Wet,Daylight
2021-06-30T18:56:00.000,I 20,I 20 and Hwy 44,,Not a Collision with Motor Vehicle,1,Rain,Wet,Daylight
2021-07-02T21:39:00.000,I 20,I 20 and Hwy 44,,Rear End,2,Cloudy,Wet,Dark-Not Lighted
2022-01-13T14:10:00.000,I 20,I 20 and Hwy 44,,Not a Collision with Motor Vehicle,2,Clear,Dry,Daylight
2022-02-05T21:40:00.000,I 20,I 20 and Hwy 278 Exit 101,,Not a Collision with Motor Vehicle,1,Clear,Dry,Dark-Not Lighted
2023-07-22T20:42:00.000,I 20,I 20 and Hwy 278,,Rear End,2,Clear,Dry,Daylight
2024-04-12T16:26:00.000,I 20,I 20 and Hwy 278,,(None),2,(None),(None),(None)
2021-07-28T16:30:00.000,I 20,I 20 and Hwy 27,,Rear End,2,Clear,Dry,Daylight
2021-10-01T13:30:00.000,I 20,I 20 and Hwy 27,,Rear End,2,Clear,Dry,Daylight
2021-10-24T13:10:00.000,I 20,I 20 and Hwy 27,,Rear End,2,Clear,Dry,Daylight
2023-04-26T15:54:00.000,I 20,I 20 and Hwy 27,,Rear End,2,Cloudy,Wet,Daylight
2023-06-22T16:40:00.000,I 20,I 20 and Hwy 27,,Rear End,2,Clear,Dry,Daylight
2020-05-13T16:20:00.000,I 20,I 20 and Hwy 27,,Rear End,2,Cloudy,Dry,Daylight
2021-11-06T16:30:00.000,I 20,I 20 and Hwy 27,,Rear End,2,Clear,Dry,Daylight
2021-11-12T08:35:00.000,I 20,I 20 and Hwy 27,,Rear End,2,Clear,Dry,Daylight
2022-09-30T10:25:00.000,I 20,I 20 and Hwy 27,,Rear End,2,Clear,Dry,Daylight
2022-08-31T18:07:00.000,I 20,I 20 and Hwy 27,,Rear End,2,Clear,Dry,Daylight
2022-12-22T18:35:00.000,I 20,I 20 and Hwy 27,,Rear End,2,Cloudy,Wet,Dark-Not Lighted
2022-08-25T17:31:00.000,I 20,I 20 and Hwy 27,,Rear End,2,Cloudy,Dry,Daylight
2022-01-17T17:00:00.000,I 20,I 20 and Hwy 27,,Rear End,2,Clear,Dry,Dark-Lighted
2022-09-19T21:26:00.000,I 20,I 20 and Hwy 27,,Rear End,2,Clear,Dry,Dark-Lighted
2022-01-05T15:13:00.000,I 20,I 20 and Hwy 27,,Rear End,2,Clear,Dry,Daylight
2024-05-29T21:40:00.000,I 20,I 20 and Hwy 27,,Rear End,1,Clear,Dry,Dark-Lighted
2023-12-02T16:13:00.000,I 20,I 20 and Hwy 27,,Rear End,2,Rain,Wet,Daylight
2023-06-07T14:04:00.000,I 20,I 20 and Hwy 27,,Rear End,2,Clear,Dry,Daylight
2024-07-12T19:22:00.000,I 20,I 20 and Hwy 27,,Rear End,2,Clear,Dry,Daylight
2024-08-16T17:40:00.000,I 20,I 20 and Hwy 27,,Rear End,2,Clear,Dry,Daylight
2021-11-07T17:34:00.000,I 20,I 20 and Hwy 15,,Not a Collision with Motor Vehicle,1,Clear,Dry,Daylight
2021-02-15T18:11:00.000,I 20,I 20 and Hwy 15,,Not a Collision with Motor Vehicle,1,Rain,Wet,Dark-Not Lighted
2020-01-24T10:50:00.000,I 20,I 20 and Hwy 15,,Not a Collision with Motor Vehicle,1,Rain,Water (standing or moving),Daylight
2020-03-31T13:29:00.000,I 20,I 20 and Hwy 15,,Not a Collision with Motor Vehicle,1,Rain,Wet,Daylight
2024-01-21T17:32:00.000,I 20,I 20 and Hwy 138 I20Wb,,Angle Crash,3,Clear,Dry,Daylight
2024-10-14T16:01:00.000,I 20,I 20 and Hwy 138 I20,,Angle Crash,3,Clear,Dry,Daylight
2021-07-23T08:40:00.000,I 20,I 20 and Hwy 138,,Rear End,3,Fog,Dry,Dark-Lighted
2021-07-01T01:26:00.000,I 20,I 20 and Hwy 138,,Rear End,3,Cloudy,Dry,Dark-Not Lighted
2021-06-04T10:54:00.000,I 20,I 20 and Hwy 138,,Not a Collision with Motor Vehicle,3,Clear,Dry,Daylight
2021-07-23T08:59:00.000,I 20,I 20 and Hwy 138,,Sideswipe-Same Direction,2,Cloudy,Dry,Dark-Not Lighted
2021-06-13T02:47:00.000,I 20,I 20 and Hwy 138,,Rear End,2,Clear,Dry,Dark-Not Lighted
2020-02-24T06:55:00.000,I 20,I 20 and Hwy 138,,Rear End,3,Rain,Wet,Dark-Not Lighted
2020-08-13T18:15:00.000,I 20,I 20 and Hwy 138,,Rear End,2,Clear,Dry,Daylight
2020-02-24T06:55:00.000,I 20,I 20 and Hwy 138,,Rear End,3,Rain,Wet,Dark-Not Lighted
2020-08-19T16:17:00.000,I 20,I 20 and Hwy 138,,Angle Crash,2,Clear,Dry,Daylight
2020-02-21T23:18:00.000,I 20,I 20 and Hwy 138,,Sideswipe-Same Direction,2,Clear,Dry,Dark-Lighted
2020-08-07T16:06:00.000,I 20,I 20 and Hwy 138,,Rear End,2,Cloudy,Dry,Daylight
2020-10-01T23:20:00.000,I 20,I 20 and Hwy 138,,Angle Crash,3,Clear,Dry,Dark-Lighted
2020-07-16T15:31:00.000,I 20,I 20 and Hwy 138,,Sideswipe-Same Direction,2,Cloudy,Dry,Daylight
2020-09-30T15:13:00.000,I 20,I 20 and Hwy 138,,Rear End,2,Clear,Dry,Daylight
2021-11-19T04:05:00.000,I 20,I 20 and Hwy 138,,Not a Collision with Motor Vehicle,1,Clear,Dry,Dark-Not Lighted
2022-10-01T04:58:00.000,I 20,I 20 and Hwy 138,,Angle Crash,2,Clear,Dry,Dark-Not Lighted
2022-03-24T10:00:00.000,I 20,I 20 and Hwy 138,,Angle Crash,2,Clear,Dry,Dark-Not Lighted
2022-01-21T19:25:00.000,I 20,I 20 and Hwy 138,,Not a Collision with Motor Vehicle,2,Cloudy,Dry,Daylight
2022-03-28T20:01:00.000,I 20,I 20 and Hwy 138,,Angle Crash,2,Clear,Dry,Daylight
2022-11-27T20:43:00.000,I 20,I 20 and Hwy 113 Exit 19,,Rear End,2,Clear,Dry,Dark-Not Lighted