Date and Time,Roadway (From Crash Report),Intersection Name (from Crash Report),KABCO Severity,Manner of Collision (Crash Level) ,# of Vehicles per crash ,Weather Conditions (Crash Level),Surface Condition (Crash Level) ,Light Conditions (Crash Level)
2020-09-01T14:10:00.000,I 20,I 20 and Hwy 113 Entrance Rp,,Sideswipe-Same Direction,2,Clear,Dry,Daylight
2022-08-09T20:34:00.000,I 20,I 20 and Hwy 113 Bridge Carrollton St.,,Angle Crash,2,Rain,Wet,Dark-Not Lighted
2021-04-09T13:07:00.000,I 20,I 20 and Hwy 113,,Not a Collision with Motor Vehicle,1,Cloudy,Dry,Daylight
2023-08-09T15:53:00.000,I 20,I 20 and Hwy 113,,Rear End,3,Clear,Dry,Daylight
2020-04-08T15:00:00.000,I 20,I 20 and Hwy 113,,Sideswipe-Same Direction,2,Cloudy,Dry,Daylight
2020-07-08T12:00:00.000,I 20,I 20 and Hwy 113,,Rear End,2,Cloudy,Dry,Daylight
2020-02-20T06:47:00.000,I 20,I 20 and Hwy 113,,Rear End,2,Rain,Wet,Dark-Not Lighted
2020-08-13T15:43:00.000,I 20,I 20 and Hwy 113,,Rear End,2,Clear,Dry,Daylight
2020-05-11T18:45:00.000,I 20,I 20 and Hwy 113,,Rear End,2,Cloudy,Dry,Daylight
2020-09-11T15:10:00.000,I 20,I 20 and Hwy 113,,Not a Collision with Motor Vehicle,1,Cloudy,Dry,Daylight
2020-09-16T22:50:00.000,I 20,I 20 and Hwy 113,,Not a Collision with Motor Vehicle,1,Rain,Wet,Dark-Not Lighted
2020-01-17T07:37:00.000,I 20,I 20 and Hwy 113,,Rear End,2,Clear,Dry,Daylight
2021-08-22T16:55:00.000,I 20,I 20 and Hwy 113,,Rear End,3,Rain,Wet,Daylight
2021-07-10T06:55:00.000,I 20,I 20 and Hwy 113,,Not a Collision with Motor Vehicle,1,Cloudy,Dry,Daylight
2022-07-13T17:27:00.000,I 20,I 20 and Hwy 113,,Rear End,2,Clear,Dry,Daylight
2022-09-25T02:30:00.000,I 20,I 20 and Hwy 113,,Not a Collision with Motor Vehicle,1,Clear,Dry,Dark-Not Lighted
2024-09-22T14:28:00.000,I 20,I 20 and Hwy 113,,Sideswipe-Same Direction,2,Clear,Dry,Daylight
2024-12-25T09:53:00.000,I 20,I 20 and Hwy 100 - Exit 5,,Rear End,2,Clear,Dry,Daylight
2023-01-17T19:55:00.000,I 20,I 20 and Hwy 100,,Not a Collision with Motor Vehicle,2,Fog,Wet,Dark-Not Lighted
2023-10-22T12:58:00.000,I 20,I 20 and Hwy 100,,Not a Collision with Motor Vehicle,1,Clear,Dry,Daylight
2023-03-08T11:20:00.000,I 20,I 20 and Hwy 100,,Not a Collision with Motor Vehicle,1,Clear,Dry,Daylight
2022-06-20T16:25:00.000,I 20,I 20 and Hwy 100,,Not a Collision with Motor Vehicle,1,Clear,Dry,Daylight
2020-02-11T16:02:00.000,I 20,I 20 and Hwy 100,,Not a Collision with Motor Vehicle,1,Clear,Dry,Daylight
2021-12-02T14:20:00.000,I 20,I 20 and Hwy 100,,Rear End,2,Clear,Dry,Daylight
2024-06-24T18:10:00.000,I 20,I 20 and Horizon S Pwky,,Rear End,2,Clear,Dry,Daylight
2021-12-20T18:07:00.000,I 20,I 20 and Horizon S Pkwy,,Rear End,2,Cloudy,Dry,Dark-Not Lighted
2021-07-17T11:52:00.000,I 20,I 20 and Horizon S Pkwy,,Rear End,2,Clear,Dry,Daylight
2021-12-10T08:57:00.000,I 20,I 20 and Horizon S Pkwy,,Not a Collision with Motor Vehicle,2,Rain,Wet,Daylight
2023-09-25T07:55:00.000,I 20,I 20 and Horizon S Pkwy,,Rear End,3,Clear,Dry,Daylight
2023-10-01T02:29:00.000,I 20,I 20 and Horizon S Pkwy,,Not a Collision with Motor Vehicle,1,Clear,Dry,Dark-Not Lighted
2023-03-19T13:04:00.000,I 20,I 20 and Horizon S Pkwy,,Rear End,2,Clear,Dry,Daylight
2020-05-20T02:35:00.000,I 20,I 20 and Horizon S Pkwy,,Not a Collision with Motor Vehicle,1,Clear,Dry,Dark-Lighted
2021-04-23T23:20:00.000,I 20,I 20 and Horizon S Pkwy,,Rear End,2,Clear,Dry,Dark-Not Lighted
2021-10-29T18:47:00.000,I 20,I 20 and Horizon S Pkwy,,Rear End,2,Clear,Dry,Dark-Lighted
2022-04-08T10:58:00.000,I 20,I 20 and Horizon S Pkwy,,Sideswipe-Same Direction,2,Clear,Dry,Daylight
2024-12-18T18:14:00.000,I 20,I 20 and Horizon S Pkwy,,Rear End,2,Clear,Dry,Dark-Not Lighted
2024-05-23T16:35:00.000,I 20,I 20 and Horizon S Pkwy,,Rear End,2,Clear,Dry,Daylight
2024-12-08T21:37:00.000,I 20,I 20 and Horizon S Pkwy,,Not a Collision with Motor Vehicle,1,Clear,Dry,Dark-Not Lighted
2024-10-21T21:46:00.000,I 20,I 20 and Horizon S Pkwy,,Rear End,3,Clear,Dry,Dark-Not Lighted
2023-07-14T15:09:00.000,I 20,I 20 and Horizon S Pkwy,,Rear End,2,Clear,Dry,Daylight
2023-06-20T17:45:00.000,I 20,I 20 and Horizon S Pkwy,,Not a Collision with Motor Vehicle,1,Cloudy,Wet,Daylight
2024-11-24T22:03:00.000,I 20,I 20 and Horizon S Pkwy,,Not a Collision with Motor Vehicle,1,Clear,Dry,Dark-Not Lighted
2024-09-13T19:00:00.000,I 20,I 20 and Horizon S Pkwy,,Angle Crash,2,Clear,Dry,Daylight
2024-12-02T02:21:00.000,I 20,I 20 and Horizon S Pkwy,,Not a Collision with Motor Vehicle,1,Clear,Dry,Dark-Not Lighted
2024-09-19T07:57:00.000,I 20,I 20 and Horizon S Pkwy,,Rear End,2,Clear,Dry,Daylight
2024-07-02T13:47:00.000,I 20,I 20 and Horizon S Pkwy,,Rear End,2,Clear,Dry,Daylight
2024-08-18T12:35:00.000,I 20,I 20 and Horizon S,,Sideswipe-Same Direction,2,Clear,Dry,Daylight
2020-06-29T17:37:00.000,I 20,I 20 and Horizion S Pkwy,,Rear End,2,Clear,Dry,Daylight
2021-09-22T18:37:00.000,I 20,I 20 and Horizion S Pkwy,,Rear End,2,Cloudy,Dry,Daylight
2023-04-07T16:19:00.000,I 20,I 20 and Homlmes Dr,,Rear End,2,Clear,Dry,Daylight
2023-10-30T07:00:00.000,I 20,I 20 and Homles Dr,,Rear End,2,Clear,Dry,Dark-Lighted
2023-04-14T17:25:00.000,I 20,I 20 and Homles Dr,,Sideswipe-Opposite Direction,5,Clear,Dry,Daylight
2022-12-08T07:02:00.000,I 20,I 20 and Homles Dr,,Rear End,2,Clear,Wet,Daylight
2023-01-31T00:39:00.000,I 20,I 20 and Homles Dr,,Rear End,3,Clear,Dry,Daylight
2023-04-21T18:00:00.000,I 20,I 20 and Holms Dr,,Rear End,3,Cloudy,Dry,Daylight
2020-03-11T18:50:00.000,I 20,I 20 and Holmes St,,Sideswipe-Same Direction,2,Rain,Wet,Daylight
2021-05-07T17:12:00.000,I 20,I 20 and Holmes Rd,,Rear End,2,Clear,Dry,Daylight
2020-04-29T05:45:00.000,I 20,I 20 and Holmes Drive Underpass,,Sideswipe-Same Direction,2,Clear,Dry,Daylight
2022-03-31T16:25:00.000,I 20,I 20 and Holmes Drive Underpass,,Rear End,3,Clear,Dry,Daylight
2022-08-23T16:10:00.000,I 20,I 20 and Holmes Dr Underpass,,Sideswipe-Same Direction,2,Cloudy,Dry,Daylight
2021-05-28T16:52:00.000,I 20,I 20 and Holmes Dr,,Rear End,2,Cloudy,Dry,Daylight
2021-08-26T16:40:00.000,I 20,I 20 and Holmes Dr,,Rear End,2,Clear,Dry,Daylight
2021-08-30T17:23:00.000,I 20,I 20 and Holmes Dr,,Sideswipe-Same Direction,2,Cloudy,Dry,Daylight
2021-10-01T16:11:00.000,I 20,I 20 and Holmes Dr,,Rear End,2,Clear,Dry,Daylight
2021-11-10T19:15:00.000,I 20,I 20 and Holmes Dr,,Sideswipe-Same Direction,2,Clear,Dry,Dark-Lighted
2021-03-15T11:13:00.000,I 20,I 20 and Holmes Dr,,Sideswipe-Same Direction,2,Clear,Dry,Daylight
2021-06-07T16:50:00.000,I 20,I 20 and Holmes Dr,,Sideswipe-Same Direction,2,Cloudy,Dry,Daylight
2021-02-04T18:50:00.000,I 20,I 20 and Holmes Dr,,Sideswipe-Same Direction,2,Clear,Dry,Daylight
2021-10-11T12:50:00.000,I 20,I 20 and Holmes Dr,,Sideswipe-Same Direction,2,Clear,Dry,Daylight
2021-05-28T08:18:00.000,I 20,I 20 and Holmes Dr,,Not a Collision with Motor Vehicle,1,Cloudy,Dry,Daylight
2021-05-06T18:09:00.000,I 20,I 20 and Holmes Dr,,Rear End,4,Clear,Dry,Daylight
2020-11-11T16:00:00.000,I 20,I 20 and Holmes Dr,,Sideswipe-Same Direction,2,Cloudy,Wet,Daylight
2023-03-30T15:55:00.000,I 20,I 20 and Holmes Dr,,Rear End,2,Clear,Dry,Daylight
2023-05-08T07:55:00.000,I 20,I 20 and Holmes Dr,,Rear End,2,Rain,Wet,Daylight
2023-05-16T16:50:00.000,I 20,I 20 and Holmes Dr,,Rear End,2,Rain,Dry,Daylight
2023-01-31T19:14:00.000,I 20,I 20 and Holmes Dr,,Rear End,2,Cloudy,Dry,Dark-Lighted
2023-02-14T14:17:00.000,I 20,I 20 and Holmes Dr,,Not a Collision with Motor Vehicle,1,Clear,Dry,Daylight
2023-08-28T19:20:00.000,I 20,I 20 and Holmes Dr,,Rear End,3,Rain,Wet,Daylight
2023-03-24T14:25:00.000,I 20,I 20 and Holmes Dr,,Rear End,2,Clear,Dry,Daylight
2023-03-09T16:48:00.000,I 20,I 20 and Holmes Dr,,Rear End,2,Cloudy,Dry,Daylight
2023-01-26T13:35:00.000,I 20,I 20 and Holmes Dr,,Sideswipe-Same Direction,2,Clear,Dry,Daylight
2023-08-15T08:25:00.000,I 20,I 20 and Holmes Dr,,Rear End,2,Clear,Dry,Daylight
2023-01-24T12:36:00.000,I 20,I 20 and Holmes Dr,,Rear End,3,Clear,Dry,Daylight
2023-04-20T12:34:00.000,I 20,I 20 and Holmes Dr,,Sideswipe-Same Direction,2,Clear,Dry,Daylight
2023-04-25T16:32:00.000,I 20,I 20 and Holmes Dr,,Rear End,2,Clear,Dry,Daylight
2023-03-31T14:15:00.000,I 20,I 20 and Holmes Dr,,Sideswipe-Same Direction,2,Cloudy,Dry,Daylight
2023-04-20T16:25:00.000,I 20,I 20 and Holmes Dr,,Sideswipe-Same Direction,2,Clear,Dry,Daylight
2023-06-15T18:05:00.000,I 20,I 20 and Holmes Dr,,Rear End,3,Cloudy,Dry,Daylight
2023-08-01T17:30:00.000,I 20,I 20 and Holmes Dr,,Rear End,2,Clear,Dry,Daylight
2023-09-11T10:30:00.000,I 20,I 20 and Holmes Dr,,Rear End,2,Clear,Dry,Daylight
2022-11-01T11:55:00.000,I 20,I 20 and Holmes Dr,,Rear End,2,Clear,Dry,Daylight
2022-08-29T17:30:00.000,I 20,I 20 and Holmes Dr,,Sideswipe-Same Direction,2,Clear,Dry,Daylight
2020-10-06T15:05:00.000,I 20,I 20 and Holmes Dr,,Rear End,2,Clear,Dry,Daylight
2020-01-14T08:30:00.000,I 20,I 20 and Holmes Dr,,Not a Collision with Motor Vehicle,1,Cloudy,Wet,Daylight
2020-12-18T15:02:00.000,I 20,I 20 and Holmes Dr,,Sideswipe-Same Direction,2,Clear,Dry,Daylight
2020-03-03T16:45:00.000,I 20,I 20 and Holmes Dr,,Rear End,2,Cloudy,Dry,Daylight
2020-03-25T16:50:00.000,I 20,I 20 and Holmes Dr,,Sideswipe-Same Direction,2,Clear,Dry,Daylight
2020-03-16T12:15:00.000,I 20,I 20 and Holmes Dr,,Rear End,2,Clear,Dry,Daylight
2020-11-16T17:50:00.000,I 20,I 20 and Holmes Dr,,Rear End,2,Clear,Dry,Dark-Lighted
2020-06-16T08:30:00.000,I 20,I 20 and Holmes Dr,,Sideswipe-Same Direction,2,Cloudy,Dry,Daylight
2020-12-04T13:00:00.000,I 20,I 20 and Holmes Dr,,Rear End,2,Cloudy,Wet,Daylight
2020-01-28T12:30:00.000,I 20,I 20 and Holmes Dr,,Not a Collision with Motor Vehicle,2,Clear,Dry,Daylight
2020-02-04T07:55:00.000,I 20,I 20 and Holmes Dr,,Sideswipe-Same Direction,2,Cloudy,Dry,Daylight
2020-12-11T11:05:00.000,I 20,I 20 and Holmes Dr,,Sideswipe-Same Direction,2,Clear,Dry,Daylight
2020-03-05T12:31:00.000,I 20,I 20 and Holmes Dr,,Not a Collision with Motor Vehicle,1,Rain,Wet,Daylight
2020-11-16T18:30:00.000,I 20,I 20 and Holmes Dr,,Rear End,3,Clear,Dry,Dark-Lighted
2020-09-01T08:42:00.000,I 20,I 20 and Holmes Dr,,Rear End,2,Clear,Dry,Daylight
2020-11-11T16:00:00.000,I 20,I 20 and Holmes Dr,,Rear End,3,Cloudy,Wet,Daylight
2020-01-29T06:55:00.000,I 20,I 20 and Holmes Dr,,Rear End,2,Clear,Dry,Dawn
2020-02-25T18:15:00.000,I 20,I 20 and Holmes Dr,,Rear End,4,Cloudy,Dry,Dusk
2020-06-12T07:25:00.000,I 20,I 20 and Holmes Dr,,Sideswipe-Same Direction,2,Clear,Dry,Daylight
2020-05-05T16:00:00.000,I 20,I 20 and Holmes Dr,,Not a Collision with Motor Vehicle,2,Clear,Dry,Daylight
2020-10-02T05:56:00.000,I 20,I 20 and Holmes Dr,,Sideswipe-Same Direction,2,Clear,Dry,Dark-Lighted
2020-10-02T05:56:00.000,I 20,I 20 and Holmes Dr,,Rear End,2,Clear,Dry,Dark-Lighted
2020-09-30T16:57:00.000,I 20,I 20 and Holmes Dr,,Sideswipe-Same Direction,2,Clear,Dry,Daylight
2020-10-02T05:59:00.000,I 20,I 20 and Holmes Dr,,Sideswipe-Same Direction,2,Clear,Dry,Dark-Lighted
2020-06-15T10:45:00.000,I 20,I 20 and Holmes Dr,,Not a Collision with Motor Vehicle,1,Clear,Dry,Daylight
2020-09-23T07:10:00.000,I 20,I 20 and Holmes Dr,,Sideswipe-Same Direction,2,Clear,Dry,Daylight
2021-03-22T09:48:00.000,I 20,I 20 and Holmes Dr,,Sideswipe-Same Direction,2,Clear,Dry,Daylight
2021-02-05T13:50:00.000,I 20,I 20 and Holmes Dr,,Rear End,2,Clear,Dry,Daylight
2021-06-03T08:55:00.000,I 20,I 20 and Holmes Dr,,Sideswipe-Same Direction,2,Cloudy,Dry,Daylight
2021-09-20T14:00:00.000,I 20,I 20 and Holmes Dr,,Not a Collision with Motor Vehicle,1,Rain,Wet,Daylight
2021-09-20T14:00:00.000,I 20,I 20 and Holmes Dr,,Sideswipe-Same Direction,2,Rain,Wet,Daylight
2022-08-15T15:50:00.000,I 20,I 20 and Holmes Dr,,Sideswipe-Same Direction,2,Clear,Dry,Daylight
2022-08-09T19:00:00.000,I 20,I 20 and Holmes Dr,,Rear End,3,Rain,Wet,Daylight
2022-12-05T17:32:00.000,I 20,I 20 and Holmes Dr,,Rear End,2,Rain,Wet,Daylight
2021-08-20T13:30:00.000,I 20,I 20 and Holmes Dr,,Sideswipe-Same Direction,2,Cloudy,Dry,Daylight
2022-06-21T11:25:00.000,I 20,I 20 and Holmes Dr,,Rear End,3,Clear,Dry,Daylight
2022-07-04T17:15:00.000,I 20,I 20 and Holmes Dr,,Rear End,2,Clear,Wet,Daylight
2022-07-07T18:20:00.000,I 20,I 20 and Holmes Dr,,Sideswipe-Same Direction,2,Clear,Dry,Daylight
2022-03-21T15:17:00.000,I 20,I 20 and Holmes Dr,,Not a Collision with Motor Vehicle,2,Clear,Dry,Daylight
2022-05-03T13:19:00.000,I 20,I 20 and Holmes Dr,,Rear End,3,Clear,Dry,Daylight
2022-05-03T12:11:00.000,I 20,I 20 and Holmes Dr,,Rear End,2,Clear,Dry,Daylight
2022-07-19T18:15:00.000,I 20,I 20 and Holmes Dr,,Rear End,2,Clear,Wet,Daylight
2022-12-22T11:35:00.000,I 20,I 20 and Holmes Dr,,Sideswipe-Same Direction,2,Cloudy,Wet,Daylight
2022-12-29T06:40:00.000,I 20,I 20 and Holmes Dr,,Rear End,2,Clear,Dry,Dark-Lighted
2022-07-04T17:15:00.000,I 20,I 20 and Holmes Dr,,Rear End,2,Clear,Wet,Daylight
2022-01-28T15:05:00.000,I 20,I 20 and Holmes Dr,,Rear End,2,Clear,Dry,Daylight
2022-03-18T18:43:00.000,I 20,I 20 and Holmes Dr,,Rear End,3,Cloudy,Dry,Daylight
2022-06-10T16:30:00.000,I 20,I 20 and Holmes Dr,,Rear End,3,Clear,Dry,Daylight
2022-11-29T17:58:00.000,I 20,I 20 and Holmes Dr,,Rear End,2,Clear,Dry,Daylight
2023-02-15T09:48:00.000,I 20,I 20 and Holmes Dr,,Rear End,2,Rain,Wet,Daylight
2023-10-09T12:04:00.000,I 20,I 20 and Holmes Dr,,Sideswipe-Same Direction,2,Clear,Dry,Daylight
2023-01-31T19:15:00.000,I 20,I 20 and Holmes Dr,,Rear End,3,Cloudy,Dry,Daylight
2023-04-07T16:30:00.000,I 20,I 20 and Holmes Dr,,Sideswipe-Same Direction,2,Clear,Dry,Daylight
2024-06-07T16:00:00.000,I 20,I 20 and Holmes Dr,,Not a Collision with Motor Vehicle,2,Clear,Dry,Daylight
2024-08-21T22:57:00.000,I 20,I 20 and Holmes Dr,,Not a Collision with Motor Vehicle,1,Clear,Dry,Dark-Not Lighted
2024-01-11T19:36:00.000,I 20,I 20 and Holmes Dr,,Rear End,2,Clear,Dry,Dark-Lighted
2024-05-31T17:34:00.000,I 20,I 20 and Holmes Dr,,Rear End,2,Clear,Dry,Daylight
2024-08-05T17:06:00.000,I 20,I 20 and Holmes Dr,,Rear End,2,Clear,Dry,Daylight
2024-01-08T07:34:00.000,I 20,I 20 and Holmes Dr,,Sideswipe-Same Direction,2,Clear,Dry,Daylight
2023-12-18T12:45:00.000,I 20,I 20 and Holmes Dr,,Sideswipe-Same Direction,2,Clear,Dry,Daylight
2023-03-09T16:49:00.000,I 20,I 20 and Holmes Dr,,Rear End,3,Cloudy,Dry,Daylight
2023-06-09T22:12:00.000,I 20,I 20 and Holmes Dr,,Sideswipe-Same Direction,2,Clear,Dry,Dark-Lighted
2023-11-10T18:31:00.000,I 20,I 20 and Holmes Dr,,Rear End,2,Clear,Dry,Dark-Lighted
2024-11-21T19:00:00.000,I 20,I 20 and Holmes Dr,,Rear End,2,Clear,Dry,Daylight
2024-08-27T17:03:00.000,I 20,I 20 and Holmes Dr,,Rear End,3,Clear,Dry,Daylight
2023-09-12T12:00:00.000,I 20,I 20 and Holmes Dr,,Sideswipe-Same Direction,2,Clear,Dry,Daylight
2023-01-06T09:35:00.000,I 20,I 20 and Holmes Dr,,Rear End,2,Clear,Dry,Daylight
2023-03-10T06:40:00.000,I 20,I 20 and Holmes Dr,,Head On,1,Clear,Wet,Daylight
2023-08-25T00:00:00.000,I 20,I 20 and Holmes Dr,,Sideswipe-Same Direction,3,Clear,Dry,Daylight
2023-01-02T14:25:00.000,I 20,I 20 and Holmes Dr,,Not a Collision with Motor Vehicle,1,Rain,Wet,Daylight
2023-08-31T16:34:00.000,I 20,I 20 and Holmes Dr,,Rear End,2,Clear,Dry,Daylight
2023-07-14T14:31:00.000,I 20,I 20 and Holmes Dr,,Rear End,2,Clear,Dry,Daylight
2023-01-24T13:11:00.000,I 20,I 20 and Holmes Dr,,Not a Collision with Motor Vehicle,1,Clear,Dry,Daylight
2023-12-25T17:00:00.000,I 20,I 20 and Holmes Dr,,Not a Collision with Motor Vehicle,1,Clear,Wet,Daylight
2023-06-12T08:55:00.000,I 20,I 20 and Holmes Dr,,Sideswipe-Same Direction,2,Clear,Dry,Daylight
2023-03-14T17:21:00.000,I 20,I 20 and Holmes Dr,,Rear End,2,Clear,Dry,Daylight
2023-03-10T16:45:00.000,I 20,I 20 and Holmes Dr,,Sideswipe-Same Direction,2,Clear,Snow,Daylight
2023-04-06T14:50:00.000,I 20,I 20 and Holmes Dr,,Rear End,2,Cloudy,Dry,Daylight
2023-12-08T18:22:00.000,I 20,I 20 and Holmes Dr,,Rear End,2,Cloudy,Dry,Dark-Lighted
2024-05-21T08:49:00.000,I 20,I 20 and Holmes Dr,,Sideswipe-Same Direction,2,Clear,Dry,Daylight
2024-05-17T15:23:00.000,I 20,I 20 and Holmes Dr,,Not a Collision with Motor Vehicle,2,Cloudy,Dry,Daylight
2024-10-10T09:30:00.000,I 20,I 20 and Holmes Dr,,Rear End,2,Clear,Dry,Daylight
2024-09-03T18:17:00.000,I 20,I 20 and Holmes Dr,,Rear End,2,Clear,Dry,Daylight
2024-08-27T15:50:00.000,I 20,I 20 and Holmes Dr,,Rear End,2,Clear,Dry,Daylight
2024-11-01T06:06:00.000,I 20,I 20 and Holmes Dr,,Sideswipe-Same Direction,2,Clear,Dry,Dark-Lighted
2024-01-11T18:25:00.000,I 20,I 20 and Holmes Dr,,Rear End,2,Clear,Dry,Dark-Not Lighted
2024-05-02T10:45:00.000,I 20,I 20 and Holmes Dr,,Sideswipe-Same Direction,2,Clear,Dry,Daylight
2024-10-10T13:07:00.000,I 20,I 20 and Holmes Dr,,Rear End,2,Clear,Dry,Daylight
2024-05-31T16:23:00.000,I 20,I 20 and Holmes Dr,,Rear End,2,Clear,Dry,Daylight
2024-07-09T17:26:00.000,I 20,I 20 and Holmes Dr,,Rear End,3,Rain,Wet,Daylight
2024-08-22T17:24:00.000,I 20,I 20 and Holmes Dr,,Sideswipe-Same Direction,2,Clear,Dry,Daylight
2024-08-29T12:45:00.000,I 20,I 20 and Holmes Dr,,Not a Collision with Motor Vehicle,1,Clear,Dry,Daylight
2024-01-11T18:25:00.000,I 20,I 20 and Holmes Dr,,Rear End,2,Clear,Dry,Dark-Not Lighted
2024-09-24T15:14:00.000,I 20,I 20 and Holmes Dr,,Not a Collision with Motor Vehicle,1,Clear,Dry,Daylight
2024-05-21T00:00:00.000,I 20,I 20 and Holmes Dr,,Rear End,2,Clear,Dry,Daylight
2024-10-01T14:00:00.000,I 20,I 20 and Holmes Dr,,Sideswipe-Same Direction,2,Clear,Dry,Daylight
2024-09-13T15:50:00.000,I 20,I 20 and Holmes Dr,,Rear End,2,Clear,Dry,Daylight
2024-05-03T05:40:00.000,I 20,I 20 and Holmes Dr,,Not a Collision with Motor Vehicle,1,Rain,Wet,Dark-Lighted
2024-09-27T00:00:00.000,I 20,I 20 and Holmes Dr,,Sideswipe-Same Direction,2,Rain,Wet,Daylight
2024-01-11T18:25:00.000,I 20,I 20 and Holmes Dr,,Rear End,2,Clear,Dry,Dark-Not Lighted
2024-11-22T12:35:00.000,I 20,I 20 and Holmes Dr,,Sideswipe-Same Direction,2,Clear,Dry,Daylight
2024-12-30T16:12:00.000,I 20,I 20 and Holmes Dr,,Sideswipe-Same Direction,2,Clear,Dry,Daylight
2024-10-22T13:56:00.000,I 20,I 20 and Holmes Dr,,Not a Collision with Motor Vehicle,6,Clear,Dry,Daylight
2023-08-03T17:11:00.000,I 20,I 20 and Holmes,,Sideswipe-Same Direction,2,Rain,Wet,Daylight
2020-10-12T11:15:00.000,I 20,I 20 and Holmes,,Sideswipe-Same Direction,2,Cloudy,Dry,Daylight
2023-02-27T09:00:00.000,I 20,I 20 and Hlll St,,Sideswipe-Same Direction,2,Clear,Dry,Daylight
2021-10-28T11:40:00.000,I 20,I 20 and Hillstreet,,Rear End,2,Rain,Wet,Daylight
2021-05-27T17:15:00.000,I 20,I 20 and Hillandale Rd,,Angle Crash,2,Clear,Dry,Daylight
2022-01-21T01:50:00.000,I 20,I 20 and Hillandale Rd,,Rear End,2,Clear,Dry,Dark-Not Lighted
2024-12-13T19:15:00.000,I 20,I 20 and Hillandale Park Dr,,Rear End,2,Clear,Dry,Dark-Not Lighted
2021-02-28T17:55:00.000,I 20,I 20 and Hillandale Dr,,Sideswipe-Same Direction,2,Clear,Dry,Daylight
2021-05-03T14:20:00.000,I 20,I 20 and Hillandale Dr,,Not a Collision with Motor Vehicle,1,Severe Thunderstorm or Tornadic,Wet,Daylight
2021-03-20T10:35:00.000,I 20,I 20 and Hillandale Dr,,Sideswipe-Same Direction,2,Clear,Dry,Daylight
2021-03-09T09:55:00.000,I 20,I 20 and Hillandale Dr,,Sideswipe-Same Direction,2,Clear,Dry,Daylight
2021-05-06T08:37:00.000,I 20,I 20 and Hillandale Dr,,Rear End,2,Clear,Dry,Daylight
2021-03-20T10:50:00.000,I 20,I 20 and Hillandale Dr,,Rear End,3,Clear,Dry,Daylight
2021-10-30T01:30:00.000,I 20,I 20 and Hillandale Dr,,Angle Crash,2,Clear,Dry,Dark-Lighted
2021-03-06T17:10:00.000,I 20,I 20 and Hillandale Dr,,Rear End,2,Clear,Dry,Daylight
2021-05-14T13:40:00.000,I 20,I 20 and Hillandale Dr,,Rear End,3,Clear,Dry,Daylight
2021-06-07T07:05:00.000,I 20,I 20 and Hillandale Dr,,Sideswipe-Same Direction,4,Cloudy,Wet,Daylight
2021-06-25T09:50:00.000,I 20,I 20 and Hillandale Dr,,Angle Crash,2,Clear,Dry,Daylight
2021-02-26T15:30:00.000,I 20,I 20 and Hillandale Dr,,Sideswipe-Same Direction,2,Cloudy,Dry,Daylight
2023-07-20T08:23:00.000,I 20,I 20 and Hillandale Dr,,Rear End,2,Clear,Dry,Daylight
2023-02-28T09:00:00.000,I 20,I 20 and Hillandale Dr,,Rear End,2,Clear,Dry,Daylight
2023-06-26T08:36:00.000,I 20,I 20 and Hillandale Dr,,Rear End,2,Clear,Dry,Daylight
2023-09-28T12:45:00.000,I 20,I 20 and Hillandale Dr,,Rear End,2,Clear,Dry,Daylight
2023-08-16T06:40:00.000,I 20,I 20 and Hillandale Dr,,Rear End,2,Clear,Dry,Daylight
2023-05-06T21:00:00.000,I 20,I 20 and Hillandale Dr,,Angle Crash,2,Clear,Dry,Dark-Lighted
2023-02-24T19:00:00.000,I 20,I 20 and Hillandale Dr,,Sideswipe-Same Direction,2,Clear,Dry,Dark-Not Lighted
2023-06-30T09:36:00.000,I 20,I 20 and Hillandale Dr,,Rear End,2,Cloudy,Dry,Daylight
2023-02-25T06:15:00.000,I 20,I 20 and Hillandale Dr,,Sideswipe-Same Direction,2,Clear,Dry,Dark-Not Lighted
2023-09-27T07:19:00.000,I 20,I 20 and Hillandale Dr,,Sideswipe-Same Direction,2,Clear,Dry,Daylight
2023-07-19T08:34:00.000,I 20,I 20 and Hillandale Dr,,Rear End,2,Clear,Dry,Daylight
2022-07-08T11:40:00.000,I 20,I 20 and Hillandale Dr,,Rear End,2,Clear,Dry,Daylight
2020-09-23T16:00:00.000,I 20,I 20 and Hillandale Dr,,Sideswipe-Same Direction,3,Clear,Dry,Daylight
2020-02-14T08:31:00.000,I 20,I 20 and Hillandale Dr,,Sideswipe-Same Direction,3,Clear,Dry,Daylight
2020-03-26T10:01:00.000,I 20,I 20 and Hillandale Dr,,Angle Crash,2,Clear,Dry,Daylight
2020-02-01T22:10:00.000,I 20,I 20 and Hillandale Dr,,Angle Crash,2,Clear,Dry,Dark-Not Lighted
2020-03-25T14:41:00.000,I 20,I 20 and Hillandale Dr,,Rear End,2,Clear,Dry,Daylight
2020-06-01T18:29:00.000,I 20,I 20 and Hillandale Dr,,Rear End,2,Clear,Dry,Daylight
2020-02-02T23:00:00.000,I 20,I 20 and Hillandale Dr,,Sideswipe-Same Direction,2,Clear,Dry,Dark-Not Lighted
2020-02-21T15:30:00.000,I 20,I 20 and Hillandale Dr,,Rear End,2,Clear,Dry,Daylight
2020-04-30T16:49:00.000,I 20,I 20 and Hillandale Dr,,Not a Collision with Motor Vehicle,3,Clear,Dry,Daylight
2021-03-29T13:57:00.000,I 20,I 20 and Hillandale Dr,,Rear End,2,Clear,Dry,Daylight
2021-05-04T23:00:00.000,I 20,I 20 and Hillandale Dr,,Sideswipe-Same Direction,2,Clear,Water (standing or moving),Dark-Lighted