Date and Time,Roadway (From Crash Report),Intersection Name (from Crash Report),KABCO Severity,Manner of Collision (Crash Level) ,# of Vehicles per crash ,Weather Conditions (Crash Level),Surface Condition (Crash Level) ,Light Conditions (Crash Level)
2021-04-29T06:55:00.000,I 20,I 20 and Hillandale Dr,,Sideswipe-Same Direction,2,Clear,Dry,Daylight
2021-02-22T07:15:00.000,I 20,I 20 and Hillandale Dr,,Rear End,2,Rain,Wet,Dark-Lighted
2021-05-11T11:10:00.000,I 20,I 20 and Hillandale Dr,,Rear End,2,Clear,Dry,Daylight
2021-07-01T09:08:00.000,I 20,I 20 and Hillandale Dr,,Rear End,2,Clear,Dry,Daylight
2021-10-01T18:20:00.000,I 20,I 20 and Hillandale Dr,,Sideswipe-Same Direction,2,Clear,Dry,Daylight
2021-08-08T20:30:00.000,I 20,I 20 and Hillandale Dr,,Sideswipe-Same Direction,2,Clear,Dry,Daylight
2021-08-29T03:54:00.000,I 20,I 20 and Hillandale Dr,,Not a Collision with Motor Vehicle,1,Clear,Dry,Dark-Lighted
2021-09-15T06:55:00.000,I 20,I 20 and Hillandale Dr,,Rear End,4,Clear,Dry,Daylight
2021-11-30T06:20:00.000,I 20,I 20 and Hillandale Dr,,Sideswipe-Same Direction,2,Clear,Dry,Daylight
2022-08-17T09:00:00.000,I 20,I 20 and Hillandale Dr,,Rear End,2,Rain,Wet,Daylight
2022-07-02T11:00:00.000,I 20,I 20 and Hillandale Dr,,Rear End,3,Clear,Dry,Daylight
2022-10-22T11:40:00.000,I 20,I 20 and Hillandale Dr,,Sideswipe-Same Direction,2,Clear,Dry,Daylight
2022-11-19T23:45:00.000,I 20,I 20 and Hillandale Dr,,Sideswipe-Same Direction,2,Clear,Dry,Dark-Not Lighted
2022-05-27T21:00:00.000,I 20,I 20 and Hillandale Dr,,Not a Collision with Motor Vehicle,1,Clear,Dry,Daylight
2022-06-18T17:30:00.000,I 20,I 20 and Hillandale Dr,,Sideswipe-Same Direction,2,Clear,Dry,Daylight
2022-12-28T15:00:00.000,I 20,I 20 and Hillandale Dr,,Rear End,2,Clear,Dry,Daylight
2022-01-18T09:00:00.000,I 20,I 20 and Hillandale Dr,,Rear End,2,Clear,Dry,Daylight
2022-06-29T17:38:00.000,I 20,I 20 and Hillandale Dr,,Not a Collision with Motor Vehicle,1,Clear,Dry,Daylight
2022-07-31T15:00:00.000,I 20,I 20 and Hillandale Dr,,Rear End,3,Clear,Dry,Daylight
2023-08-17T09:20:00.000,I 20,I 20 and Hillandale Dr,,Angle Crash,2,Clear,Dry,Daylight
2024-08-26T19:00:00.000,I 20,I 20 and Hillandale Dr,,Sideswipe-Same Direction,2,Clear,Dry,Daylight
2024-10-30T22:45:00.000,I 20,I 20 and Hillandale Dr,,Not a Collision with Motor Vehicle,1,Clear,Dry,Dark-Lighted
2024-12-22T11:30:00.000,I 20,I 20 and Hillandale Dr,,Sideswipe-Same Direction,2,Clear,Dry,Daylight
2024-07-24T12:10:00.000,I 20,I 20 and Hillandale Dr,,Angle Crash,2,Cloudy,Dry,Daylight
2024-05-04T02:30:00.000,I 20,I 20 and Hillandale Dr,,Sideswipe-Same Direction,2,Clear,Dry,Dark-Not Lighted
2024-01-15T23:00:00.000,I 20,I 20 and Hillandale Dr,,Not a Collision with Motor Vehicle,1,Clear,Dry,Dark-Not Lighted
2024-07-20T16:30:00.000,I 20,I 20 and Hillandale Dr,,Rear End,2,Clear,Dry,Daylight
2023-03-13T11:20:00.000,I 20,I 20 and Hillandale Dr,,Sideswipe-Same Direction,2,Clear,Dry,Daylight
2024-07-18T18:30:00.000,I 20,I 20 and Hillandale Dr,,Not a Collision with Motor Vehicle,1,Clear,Dry,Daylight
2023-01-18T22:29:00.000,I 20,I 20 and Hillandale Dr,,Rear End,2,Clear,Wet,Dark-Not Lighted
2023-03-15T08:30:00.000,I 20,I 20 and Hillandale Dr,,Rear End,2,Clear,Dry,Daylight
2023-05-27T15:05:00.000,I 20,I 20 and Hillandale Dr,,Rear End,2,Clear,Dry,Daylight
2023-01-29T23:20:00.000,I 20,I 20 and Hillandale Dr,,Sideswipe-Same Direction,2,Rain,Wet,Dark-Not Lighted
2024-10-31T22:00:00.000,I 20,I 20 and Hillandale Dr,,Rear End,2,Clear,Dry,Dark-Not Lighted
2024-04-08T13:20:00.000,I 20,I 20 and Hillandale Dr,,Rear End,5,Clear,Dry,Daylight
2024-05-03T21:20:00.000,I 20,I 20 and Hillandale Dr,,Sideswipe-Same Direction,4,Clear,Dry,Dark-Not Lighted
2024-06-08T02:30:00.000,I 20,I 20 and Hillandale Dr,,Rear End,2,Clear,Dry,Dark-Not Lighted
2024-05-09T15:57:00.000,I 20,I 20 and Hillandale Dr,,Rear End,2,Cloudy,Wet,Daylight
2024-09-24T22:50:00.000,I 20,I 20 and Hillandale Dr,,Not a Collision with Motor Vehicle,1,Clear,Dry,Dark-Not Lighted
2024-02-02T18:00:00.000,I 20,I 20 and Hillandale Dr,,Sideswipe-Same Direction,2,Clear,Dry,Daylight
2024-06-09T13:45:00.000,I 20,I 20 and Hillandale Dr,,Rear End,2,Clear,Dry,Daylight
2024-01-15T23:00:00.000,I 20,I 20 and Hillandale Dr,,Rear End,2,Clear,Dry,Dark-Not Lighted
2024-04-26T13:10:00.000,I 20,I 20 and Hillandale Dr,,Sideswipe-Same Direction,2,Clear,Dry,Daylight
2024-06-26T16:40:00.000,I 20,I 20 and Hillandale Dr,,Not a Collision with Motor Vehicle,1,Clear,Dry,Daylight
2024-05-30T16:00:00.000,I 20,I 20 and Hillandale Dr,,Rear End,3,Clear,Dry,Daylight
2024-06-12T00:00:00.000,I 20,I 20 and Hillandale Dr,,Sideswipe-Same Direction,3,Clear,Dry,Daylight
2024-12-04T04:53:00.000,I 20,I 20 and Hillandale Dr,,Sideswipe-Same Direction,2,Clear,Dry,Dark-Lighted
2024-05-14T00:00:00.000,I 20,I 20 and Hillandale Dr,,Sideswipe-Same Direction,2,Clear,Dry,Daylight
2024-03-18T12:35:00.000,I 20,I 20 and Hillandale Dr,,Sideswipe-Same Direction,2,Clear,Dry,Daylight
2024-09-02T18:09:00.000,I 20,I 20 and Hillandale Dr,,Rear End,2,Clear,Dry,Daylight
2024-05-30T16:00:00.000,I 20,I 20 and Hillandale Dr,,Rear End,3,Clear,Dry,Daylight
2021-01-27T07:44:00.000,I 20,I 20 and Hill Street Se Opas,,Angle Crash,3,Rain,Wet,Daylight
2024-11-07T15:34:00.000,I 20,I 20 and Hill Street Oveerpass,,Rear End,2,Clear,Dry,Daylight
2021-04-30T13:18:00.000,I 20,I 20 and Hill Street Opas,,Rear End,3,Clear,Dry,Daylight
2021-03-25T09:36:00.000,I 20,I 20 and Hill Street Opas,,Rear End,2,Rain,Wet,Daylight
2021-08-27T18:25:00.000,I 20,I 20 and Hill Street Opas,,Sideswipe-Same Direction,4,Clear,Dry,Daylight
2021-12-16T16:18:00.000,I 20,I 20 and Hill Street Opas,,Sideswipe-Same Direction,2,Clear,Dry,Daylight
2021-10-22T07:09:00.000,I 20,I 20 and Hill Street Opas,,Rear End,2,Clear,Dry,Dark-Lighted
2021-11-08T15:32:00.000,I 20,I 20 and Hill Street Opas,,Rear End,2,Clear,Dry,Daylight
2021-09-07T14:55:00.000,I 20,I 20 and Hill Street Opas,,Rear End,2,Rain,Wet,Daylight
2021-10-13T12:47:00.000,I 20,I 20 and Hill Street Opas,,Rear End,2,Clear,Dry,Daylight
2021-01-18T12:10:00.000,I 20,I 20 and Hill Street Opas,,Rear End,2,Clear,Dry,Daylight
2020-09-04T12:21:00.000,I 20,I 20 and Hill Street Opas,,Rear End,2,Cloudy,Dry,Daylight
2023-06-28T06:54:00.000,I 20,I 20 and Hill Street Opas,,Rear End,2,Clear,Dry,Daylight
2023-07-13T15:34:00.000,I 20,I 20 and Hill Street Opas,,Sideswipe-Same Direction,2,Clear,Dry,Daylight
2023-08-11T19:00:00.000,I 20,I 20 and Hill Street Opas,,Rear End,2,Clear,Dry,Daylight
2020-01-30T17:55:00.000,I 20,I 20 and Hill Street Opas,,Sideswipe-Same Direction,2,Clear,Dry,Daylight
2020-11-25T15:06:00.000,I 20,I 20 and Hill Street Opas,,Rear End,2,Clear,Dry,Daylight
2020-02-17T12:44:00.000,I 20,I 20 and Hill Street Opas,,Rear End,2,Cloudy,Dry,Daylight
2020-09-10T15:14:00.000,I 20,I 20 and Hill Street Opas,,Rear End,2,Clear,Dry,Daylight
2020-02-13T18:38:00.000,I 20,I 20 and Hill Street Opas,,Sideswipe-Same Direction,2,Clear,Dry,Dark-Lighted
2021-06-15T07:50:00.000,I 20,I 20 and Hill Street Opas,,Rear End,2,Clear,Dry,Daylight
2021-06-03T16:42:00.000,I 20,I 20 and Hill Street Opas,,Rear End,2,Clear,Dry,Daylight
2021-04-06T17:43:00.000,I 20,I 20 and Hill Street Opas,,Rear End,3,Clear,Dry,Daylight
2021-03-12T17:17:00.000,I 20,I 20 and Hill Street Opas,,Rear End,2,Clear,Dry,Daylight
2021-09-07T14:55:00.000,I 20,I 20 and Hill Street Opas,,Rear End,2,Rain,Wet,Daylight
2022-12-05T17:28:00.000,I 20,I 20 and Hill Street Opas,,Rear End,2,Rain,Wet,Dark-Not Lighted
2022-09-16T19:00:00.000,I 20,I 20 and Hill Street Opas,,Rear End,2,Clear,Dry,Daylight
2021-11-02T14:57:00.000,I 20,I 20 and Hill Street Opas,,Rear End,2,Clear,Dry,Daylight
2022-08-08T16:10:00.000,I 20,I 20 and Hill Street Opas,,Rear End,2,Cloudy,Wet,Daylight
2022-07-01T10:50:00.000,I 20,I 20 and Hill Street Opas,,Rear End,2,Clear,Dry,Daylight
2022-02-22T11:50:00.000,I 20,I 20 and Hill Street Opas,,Not a Collision with Motor Vehicle,1,Cloudy,Wet,Daylight
2022-09-16T18:20:00.000,I 20,I 20 and Hill Street Opas,,Rear End,2,Clear,Dry,Daylight
2022-07-29T12:00:00.000,I 20,I 20 and Hill Street Opas,,Rear End,2,Clear,Dry,Daylight
2022-04-15T06:10:00.000,I 20,I 20 and Hill Street Opas,,Rear End,2,Clear,Dry,Dark-Lighted
2022-05-02T07:30:00.000,I 20,I 20 and Hill Street Opas,,Sideswipe-Same Direction,2,Clear,Dry,Daylight
2022-07-29T12:28:00.000,I 20,I 20 and Hill Street Opas,,Sideswipe-Same Direction,2,Clear,Dry,Daylight
2022-01-25T09:39:00.000,I 20,I 20 and Hill Street Opas,,Rear End,2,Clear,Dry,Daylight
2023-09-08T17:25:00.000,I 20,I 20 and Hill Street Opas,,Rear End,2,Clear,Dry,Daylight
2023-04-27T07:28:00.000,I 20,I 20 and Hill Street Opas,,Rear End,2,Rain,Wet,Daylight
2024-12-05T18:20:00.000,I 20,I 20 and Hill Street Opas,,Rear End,2,Clear,Dry,Dark-Not Lighted
2023-06-28T07:00:00.000,I 20,I 20 and Hill Street Opas,,Rear End,2,Clear,Dry,Daylight
2023-06-28T06:54:00.000,I 20,I 20 and Hill Street Opas,,Rear End,2,Clear,Dry,Daylight
2024-06-04T15:10:00.000,I 20,I 20 and Hill Street Opas,,Rear End,3,Cloudy,Wet,Daylight
2021-07-26T14:48:00.000,I 20,I 20 and Hill Street Exit Rp,,Rear End,3,Clear,Dry,Daylight
2021-06-29T10:46:00.000,I 20,I 20 and Hill Street Exit Rp,,Rear End,3,Clear,Dry,Daylight
2021-07-26T14:48:00.000,I 20,I 20 and Hill Street Exit Rp,,Rear End,3,Clear,Dry,Daylight
2020-02-20T09:40:00.000,I 20,I 20 and Hill Street Exit,,Angle Crash,4,Rain,Wet,Daylight
2024-06-28T17:45:00.000,I 20,I 20 and Hill Still Opas,,Rear End,3,Cloudy,Dry,Daylight
2021-10-05T08:00:00.000,I 20,I 20 and Hill St Se Opas,,Angle Crash,2,Rain,Wet,Daylight
2023-03-10T17:34:00.000,I 20,I 20 and Hill St Opas,,Sideswipe-Same Direction,2,Clear,Dry,Daylight
2023-08-04T16:38:00.000,I 20,I 20 and Hill St Opas,,Rear End,2,Cloudy,Dry,Daylight
2023-04-06T17:44:00.000,I 20,I 20 and Hill St Opas,,Rear End,2,Clear,Dry,Daylight
2022-08-12T06:34:00.000,I 20,I 20 and Hill St Opas,,Sideswipe-Same Direction,2,Cloudy,Dry,Dawn
2021-12-20T14:05:00.000,I 20,I 20 and Hill St Opas,,Not a Collision with Motor Vehicle,2,Cloudy,Dry,Daylight
2021-09-24T09:53:00.000,I 20,I 20 and Hill St Opas,,Rear End,2,Clear,Dry,Daylight
2022-11-22T08:50:00.000,I 20,I 20 and Hill St Opas,,Rear End,4,Cloudy,Dry,Daylight
2021-09-23T11:11:00.000,I 20,I 20 and Hill St Opas,,Rear End,3,Clear,Dry,Daylight
2022-06-03T11:03:00.000,I 20,I 20 and Hill St Opas,,Rear End,2,Cloudy,Dry,Daylight
2022-11-29T08:05:00.000,I 20,I 20 and Hill St Opas,,Rear End,2,Clear,Dry,Daylight
2022-12-05T08:18:00.000,I 20,I 20 and Hill St Opas,,Rear End,3,Cloudy,Dry,Daylight
2022-06-03T10:25:00.000,I 20,I 20 and Hill St Opas,,Rear End,2,Cloudy,Dry,Daylight
2023-03-10T19:46:00.000,I 20,I 20 and Hill St Opas,,Sideswipe-Same Direction,2,Clear,Dry,Dark-Lighted
2024-11-22T13:09:00.000,I 20,I 20 and Hill St Opas,,Rear End,2,Clear,Dry,Daylight
2023-05-09T17:18:00.000,I 20,I 20 and Hill St Opas,,Rear End,4,Cloudy,Dry,Daylight
2024-10-11T16:52:00.000,I 20,I 20 and Hill St Opas,,Sideswipe-Same Direction,2,Clear,Dry,Daylight
2023-07-29T18:41:00.000,I 20,I 20 and Hill St Opas,,Rear End,2,Cloudy,Dry,Daylight
2023-04-06T14:21:00.000,I 20,I 20 and Hill St Opas,,Sideswipe-Same Direction,2,Clear,Dry,Daylight
2023-07-29T18:41:00.000,I 20,I 20 and Hill St Opas,,Rear End,2,Cloudy,Dry,Daylight
2020-07-28T14:34:00.000,I 20,I 20 and Hill St Off Rp,,Rear End,2,Clear,Dry,Daylight
2020-01-14T10:53:00.000,I 20,I 20 and Hill St Exit,,Rear End,2,Rain,Wet,Daylight
2021-01-07T23:13:00.000,I 20,I 20 and Hill St,,Sideswipe-Same Direction,4,Rain,Wet,Dark-Lighted
2021-01-02T17:06:00.000,I 20,I 20 and Hill St,,Rear End,2,Clear,Dry,Daylight
2021-01-31T22:13:00.000,I 20,I 20 and Hill St,,Sideswipe-Same Direction,2,Cloudy,Wet,Dark-Lighted
2021-04-26T08:29:00.000,I 20,I 20 and Hill St,,Not a Collision with Motor Vehicle,1,Clear,Dry,Daylight
2021-05-20T12:19:00.000,I 20,I 20 and Hill St,,Sideswipe-Same Direction,2,Clear,Dry,Daylight
2021-02-12T13:50:00.000,I 20,I 20 and Hill St,,Rear End,2,Cloudy,Dry,Daylight
2021-07-08T13:01:00.000,I 20,I 20 and Hill St,,Rear End,2,Cloudy,Dry,Daylight
2021-07-14T17:55:00.000,I 20,I 20 and Hill St,,Rear End,2,Clear,Dry,Daylight
2021-08-23T19:36:00.000,I 20,I 20 and Hill St,,Not a Collision with Motor Vehicle,1,Clear,Dry,Daylight
2021-07-16T16:33:00.000,I 20,I 20 and Hill St,,Rear End,2,Clear,Dry,Daylight
2021-10-01T09:57:00.000,I 20,I 20 and Hill St,,Rear End,2,Clear,Dry,Daylight
2021-07-02T11:42:00.000,I 20,I 20 and Hill St,,Angle Crash,2,Rain,Wet,Daylight
2021-12-09T07:00:00.000,I 20,I 20 and Hill St,,Sideswipe-Same Direction,2,Clear,Dry,Dark-Lighted
2021-05-28T13:40:00.000,I 20,I 20 and Hill St,,Rear End,2,Clear,Dry,Daylight
2021-03-13T17:32:00.000,I 20,I 20 and Hill St,,Rear End,2,Clear,Dry,Daylight
2021-03-06T15:17:00.000,I 20,I 20 and Hill St,,Rear End,2,Clear,Dry,Daylight
2021-02-20T04:20:00.000,I 20,I 20 and Hill St,,Rear End,2,Clear,Dry,Dark-Lighted
2021-05-14T19:11:00.000,I 20,I 20 and Hill St,,Rear End,2,Clear,Dry,Daylight
2021-03-07T17:19:00.000,I 20,I 20 and Hill St,,Rear End,2,Clear,Dry,Daylight
2021-04-09T10:00:00.000,I 20,I 20 and Hill St,,Rear End,2,Clear,Dry,Daylight
2021-04-05T14:04:00.000,I 20,I 20 and Hill St,,Sideswipe-Same Direction,2,Clear,Dry,Daylight
2021-01-11T14:15:00.000,I 20,I 20 and Hill St,,Rear End,3,Rain,Wet,Daylight
2021-02-21T15:07:00.000,I 20,I 20 and Hill St,,Rear End,2,Clear,Dry,Daylight
2021-03-22T15:25:00.000,I 20,I 20 and Hill St,,Sideswipe-Same Direction,2,Clear,Dry,Daylight
2021-01-14T20:04:00.000,I 20,I 20 and Hill St,,Sideswipe-Same Direction,2,Clear,Dry,Dark-Lighted
2021-02-01T16:54:00.000,I 20,I 20 and Hill St,,Angle Crash,2,Cloudy,Dry,Daylight
2021-03-08T09:00:00.000,I 20,I 20 and Hill St,,Rear End,2,Clear,Dry,Daylight
2021-11-02T06:45:00.000,I 20,I 20 and Hill St,,Rear End,3,Clear,Dry,Dark-Lighted
2021-08-17T09:30:00.000,I 20,I 20 and Hill St,,Not a Collision with Motor Vehicle,1,Rain,Dry,Daylight
2021-12-07T12:19:00.000,I 20,I 20 and Hill St,,Rear End,2,Cloudy,Wet,Daylight
2021-07-29T17:22:00.000,I 20,I 20 and Hill St,,Rear End,2,Clear,Dry,Daylight
2021-09-29T11:27:00.000,I 20,I 20 and Hill St,,Sideswipe-Same Direction,2,Cloudy,Dry,Daylight
2021-05-04T17:40:00.000,I 20,I 20 and Hill St,,Sideswipe-Same Direction,5,Rain,Wet,Daylight
2021-12-19T15:30:00.000,I 20,I 20 and Hill St,,Not a Collision with Motor Vehicle,1,Clear,Dry,Daylight
2021-10-12T18:02:00.000,I 20,I 20 and Hill St,,Rear End,2,Clear,Dry,Daylight
2021-09-16T16:11:00.000,I 20,I 20 and Hill St,,Rear End,3,Cloudy,Wet,Daylight
2021-09-10T08:55:00.000,I 20,I 20 and Hill St,,Sideswipe-Same Direction,2,Clear,Dry,Daylight
2021-09-13T11:29:00.000,I 20,I 20 and Hill St,,Rear End,2,Clear,Dry,Daylight
2021-11-11T18:05:00.000,I 20,I 20 and Hill St,,Rear End,3,Cloudy,Dry,Dark-Lighted
2021-12-20T19:23:00.000,I 20,I 20 and Hill St,,Rear End,2,Cloudy,Dry,Dark-Lighted
2021-08-13T14:22:00.000,I 20,I 20 and Hill St,,Rear End,2,Clear,Dry,Daylight
2021-09-20T09:51:00.000,I 20,I 20 and Hill St,,Rear End,2,Rain,Wet,Daylight
2021-09-22T07:00:00.000,I 20,I 20 and Hill St,,Rear End,2,Cloudy,Dry,Dawn
2021-04-09T12:09:00.000,I 20,I 20 and Hill St,,Rear End,2,Clear,Dry,Daylight
2021-01-10T21:50:00.000,I 20,I 20 and Hill St,,Sideswipe-Same Direction,4,Clear,Dry,Dark-Lighted
2021-03-07T17:00:00.000,I 20,I 20 and Hill St,,Rear End,2,Clear,Dry,Daylight
2021-10-12T14:58:00.000,I 20,I 20 and Hill St,,Rear End,3,Clear,Dry,Daylight
2021-12-08T13:15:00.000,I 20,I 20 and Hill St,,Rear End,2,Cloudy,Dry,Daylight
2021-07-26T18:30:00.000,I 20,I 20 and Hill St,,Sideswipe-Same Direction,2,Cloudy,Dry,Daylight
2021-09-22T17:42:00.000,I 20,I 20 and Hill St,,Sideswipe-Same Direction,2,Cloudy,Dry,Daylight
2021-10-26T09:30:00.000,I 20,I 20 and Hill St,,Sideswipe-Same Direction,2,Clear,Dry,Daylight
2021-07-08T18:00:00.000,I 20,I 20 and Hill St,,Rear End,2,Cloudy,Wet,Daylight
2021-08-31T09:28:00.000,I 20,I 20 and Hill St,,Rear End,4,Rain,Wet,Daylight
2021-04-14T09:27:00.000,I 20,I 20 and Hill St,,Rear End,2,Clear,Dry,Daylight
2021-01-05T09:50:00.000,I 20,I 20 and Hill St,,Rear End,2,Clear,Dry,Daylight
2021-03-13T19:43:00.000,I 20,I 20 and Hill St,,Rear End,5,Clear,Dry,Dark-Lighted
2021-06-01T10:27:00.000,I 20,I 20 and Hill St,,Rear End,2,Clear,Dry,Daylight
2021-03-22T14:45:00.000,I 20,I 20 and Hill St,,Rear End,3,Clear,Dry,Daylight
2020-10-04T02:36:00.000,I 20,I 20 and Hill St,,Rear End,4,Clear,Dry,Dark-Lighted
2020-06-12T14:04:00.000,I 20,I 20 and Hill St,,Rear End,2,Clear,Dry,Daylight
2020-10-11T14:47:00.000,I 20,I 20 and Hill St,,Rear End,3,Cloudy,Wet,Daylight
2020-07-31T18:42:00.000,I 20,I 20 and Hill St,,Rear End,2,Clear,Dry,Daylight
2020-01-02T13:10:00.000,I 20,I 20 and Hill St,,Rear End,2,Rain,Wet,Daylight
2020-11-20T17:11:00.000,I 20,I 20 and Hill St,,Rear End,2,Clear,Dry,Daylight
2020-12-05T16:45:00.000,I 20,I 20 and Hill St,,Rear End,2,Clear,Dry,Daylight
2023-08-13T13:12:00.000,I 20,I 20 and Hill St,,Rear End,2,Clear,Dry,Daylight
2023-04-06T07:41:00.000,I 20,I 20 and Hill St,,Rear End,2,Clear,Dry,Daylight
2023-06-02T10:55:00.000,I 20,I 20 and Hill St,,Sideswipe-Same Direction,2,Clear,Dry,Daylight
2023-09-14T18:11:00.000,I 20,I 20 and Hill St,,Rear End,5,Rain,Wet,Daylight
2023-05-18T09:38:00.000,I 20,I 20 and Hill St,,Rear End,2,Cloudy,Dry,Daylight
2023-08-18T15:50:00.000,I 20,I 20 and Hill St,,Sideswipe-Same Direction,2,Clear,Dry,Daylight
2023-12-16T09:55:00.000,I 20,I 20 and Hill St,,Rear End,2,Cloudy,Dry,Daylight
2023-06-08T07:25:00.000,I 20,I 20 and Hill St,,Rear End,2,Clear,Dry,Daylight
2023-08-31T07:25:00.000,I 20,I 20 and Hill St,,Rear End,2,Cloudy,Dry,Daylight
2023-10-03T22:21:00.000,I 20,I 20 and Hill St,,Not a Collision with Motor Vehicle,1,Clear,Dry,Dark-Lighted
2023-09-11T09:25:00.000,I 20,I 20 and Hill St,,Rear End,2,Clear,Dry,Daylight
2023-08-22T09:38:00.000,I 20,I 20 and Hill St,,Rear End,2,Clear,Dry,Daylight
2023-10-06T19:44:00.000,I 20,I 20 and Hill St,,Rear End,2,Rain,Wet,Dark-Lighted
2023-04-28T13:26:00.000,I 20,I 20 and Hill St,,Rear End,2,Clear,Dry,Daylight
2023-04-25T17:57:00.000,I 20,I 20 and Hill St,,Sideswipe-Same Direction,2,Clear,Dry,Daylight
2023-03-17T13:45:00.000,I 20,I 20 and Hill St,,Sideswipe-Same Direction,2,Rain,Wet,Daylight
2023-06-02T14:06:00.000,I 20,I 20 and Hill St,,Rear End,2,Clear,Dry,Daylight
2023-10-27T15:30:00.000,I 20,I 20 and Hill St,,Rear End,3,Clear,Dry,Daylight
2023-03-16T07:25:00.000,I 20,I 20 and Hill St,,Rear End,4,Cloudy,Dry,Daylight
2023-10-16T07:10:00.000,I 20,I 20 and Hill St,,Sideswipe-Same Direction,3,Clear,Dry,Daylight
2023-07-21T13:46:00.000,I 20,I 20 and Hill St,,Rear End,2,Cloudy,Dry,Daylight
2023-05-30T18:06:00.000,I 20,I 20 and Hill St,,Sideswipe-Same Direction,2,Clear,Dry,Daylight
2023-03-31T09:03:00.000,I 20,I 20 and Hill St,,Sideswipe-Same Direction,2,Clear,Dry,Daylight
2023-08-07T16:05:00.000,I 20,I 20 and Hill St,,Rear End,2,Clear,Dry,Daylight
2023-01-10T17:28:00.000,I 20,I 20 and Hill St,,Rear End,2,Cloudy,Dry,Daylight
2023-02-15T11:10:00.000,I 20,I 20 and Hill St,,Not a Collision with Motor Vehicle,1,Rain,Wet,Daylight
2023-04-20T13:44:00.000,I 20,I 20 and Hill St,,Rear End,3,Clear,Dry,Daylight
2023-07-20T17:20:00.000,I 20,I 20 and Hill St,,Rear End,2,Cloudy,Dry,Daylight
2023-11-03T07:45:00.000,I 20,I 20 and Hill St,,Rear End,2,Clear,Dry,Daylight
2023-12-21T18:23:00.000,I 20,I 20 and Hill St,,Rear End,2,Clear,Dry,Dark-Lighted
2023-12-11T12:01:00.000,I 20,I 20 and Hill St,,Sideswipe-Same Direction,2,Clear,Dry,Daylight
2023-02-06T09:30:00.000,I 20,I 20 and Hill St,,Rear End,3,Clear,Dry,Daylight
2023-12-19T00:02:00.000,I 20,I 20 and Hill St,,Rear End,2,Clear,Dry,Daylight
2022-03-31T18:19:00.000,I 20,I 20 and Hill St,,Rear End,3,Clear,Dry,Daylight
2022-12-08T07:20:00.000,I 20,I 20 and Hill St,,Rear End,2,Cloudy,Wet,Daylight
2022-04-15T07:53:00.000,I 20,I 20 and Hill St,,Rear End,1,Clear,Dry,Daylight
2022-11-18T16:14:00.000,I 20,I 20 and Hill St,,Rear End,2,Clear,Dry,Daylight
2022-05-19T14:38:00.000,I 20,I 20 and Hill St,,Rear End,2,Clear,Dry,Daylight
2022-04-19T19:05:00.000,I 20,I 20 and Hill St,,Rear End,2,Clear,Dry,Daylight
2020-06-25T07:45:00.000,I 20,I 20 and Hill St,,Rear End,3,Cloudy,Dry,Daylight
2020-06-12T14:04:00.000,I 20,I 20 and Hill St,,Rear End,2,Clear,Dry,Daylight
2020-10-23T13:09:00.000,I 20,I 20 and Hill St,,Rear End,2,Clear,Dry,Daylight
2020-12-12T14:32:00.000,I 20,I 20 and Hill St,,Rear End,3,Cloudy,Dry,Daylight
2020-01-18T18:20:00.000,I 20,I 20 and Hill St,,Angle Crash,2,Rain,Wet,Dark-Lighted
2020-07-04T18:30:00.000,I 20,I 20 and Hill St,,Rear End,3,Clear,Dry,Daylight
2020-10-04T15:52:00.000,I 20,I 20 and Hill St,,Rear End,2,Clear,Dry,Daylight
2020-06-25T07:45:00.000,I 20,I 20 and Hill St,,Rear End,2,Cloudy,Dry,Daylight
2020-07-13T13:10:00.000,I 20,I 20 and Hill St,,Rear End,4,Clear,Dry,Daylight
2020-01-20T13:10:00.000,I 20,I 20 and Hill St,,Rear End,2,Clear,Dry,Daylight
2020-07-15T14:14:00.000,I 20,I 20 and Hill St,,Sideswipe-Same Direction,2,Rain,Wet,Daylight
2020-06-23T19:00:00.000,I 20,I 20 and Hill St,,Not a Collision with Motor Vehicle,1,Clear,Dry,Daylight
2020-08-21T19:20:00.000,I 20,I 20 and Hill St,,Rear End,4,Severe Thunderstorm or Tornadic,Wet,Daylight
2020-06-12T14:24:00.000,I 20,I 20 and Hill St,,Sideswipe-Same Direction,2,Cloudy,Dry,Daylight
2020-01-11T18:07:00.000,I 20,I 20 and Hill St,,Sideswipe-Same Direction,2,Rain,Wet,Dark-Lighted
2020-10-28T11:26:00.000,I 20,I 20 and Hill St,,Rear End,2,Cloudy,Wet,Daylight
2020-03-10T09:00:00.000,I 20,I 20 and Hill St,,Rear End,2,Rain,Wet,Daylight
2020-10-09T20:22:00.000,I 20,I 20 and Hill St,,Rear End,3,Rain,Wet,Dark-Lighted
2020-09-05T19:15:00.000,I 20,I 20 and Hill St,,Rear End,3,Clear,Dry,Daylight
2020-06-08T13:30:00.000,I 20,I 20 and Hill St,,Rear End,2,Cloudy,Dry,Daylight
2020-02-28T13:13:00.000,I 20,I 20 and Hill St,,Rear End,2,Clear,Dry,Daylight
2020-07-24T15:22:00.000,I 20,I 20 and Hill St,,Rear End,3,Clear,Dry,Daylight