Date and Time,Roadway (From Crash Report),Intersection Name (from Crash Report),KABCO Severity,Manner of Collision (Crash Level) ,# of Vehicles per crash ,Weather Conditions (Crash Level),Surface Condition (Crash Level) ,Light Conditions (Crash Level)
2020-10-25T04:10:00.000,I 20,I 20 and Hill St,,Rear End,2,Cloudy,Wet,Dark-Lighted
2020-06-25T16:06:00.000,I 20,I 20 and Hill St,,Rear End,2,Cloudy,Dry,Daylight
2020-03-05T07:15:00.000,I 20,I 20 and Hill St,,Rear End,2,Rain,Wet,Dark-Lighted
2020-10-23T12:32:00.000,I 20,I 20 and Hill St,,Rear End,2,Clear,Dry,Daylight
2020-08-14T18:30:00.000,I 20,I 20 and Hill St,,Rear End,2,Cloudy,Dry,Daylight
2020-05-27T00:00:00.000,I 20,I 20 and Hill St,,Sideswipe-Same Direction,2,Clear,Dry,Dark-Not Lighted
2020-01-10T10:47:00.000,I 20,I 20 and Hill St,,Rear End,2,Clear,Dry,Daylight
2020-10-09T19:30:00.000,I 20,I 20 and Hill St,,Rear End,2,Rain,Wet,Dark-Lighted
2020-03-02T13:20:00.000,I 20,I 20 and Hill St,,Rear End,2,Rain,Wet,Daylight
2020-01-23T10:50:00.000,I 20,I 20 and Hill St,,Rear End,2,Cloudy,Dry,Daylight
2020-11-07T15:03:00.000,I 20,I 20 and Hill St,,Rear End,2,Cloudy,Dry,Daylight
2020-07-08T16:05:00.000,I 20,I 20 and Hill St,,Sideswipe-Same Direction,2,Cloudy,Dry,Daylight
2020-09-27T17:47:00.000,I 20,I 20 and Hill St,,Rear End,3,Rain,Wet,Daylight
2020-10-11T13:23:00.000,I 20,I 20 and Hill St,,Rear End,3,Clear,Dry,Daylight
2020-07-09T14:35:00.000,I 20,I 20 and Hill St,,Rear End,3,Rain,Wet,Daylight
2020-01-25T12:52:00.000,I 20,I 20 and Hill St,,Angle Crash,2,Clear,Dry,Daylight
2020-02-17T14:45:00.000,I 20,I 20 and Hill St,,Rear End,2,Cloudy,Dry,Daylight
2020-02-19T06:55:00.000,I 20,I 20 and Hill St,,(None),2,Cloudy,Dry,Daylight
2020-08-23T13:19:00.000,I 20,I 20 and Hill St,,Rear End,2,Cloudy,Dry,Daylight
2020-05-03T15:59:00.000,I 20,I 20 and Hill St,,Rear End,2,Clear,Dry,Daylight
2020-08-30T22:15:00.000,I 20,I 20 and Hill St,,Angle Crash,2,Rain,Wet,Dark-Lighted
2020-02-09T11:49:00.000,I 20,I 20 and Hill St,,Rear End,8,Clear,Dry,Daylight
2020-01-24T10:55:00.000,I 20,I 20 and Hill St,,Rear End,3,Rain,Wet,Daylight
2020-01-06T09:05:00.000,I 20,I 20 and Hill St,,Sideswipe-Opposite Direction,2,Clear,Dry,Daylight
2020-06-08T13:30:00.000,I 20,I 20 and Hill St,,Rear End,3,Cloudy,Dry,Daylight
2020-08-06T16:40:00.000,I 20,I 20 and Hill St,,Rear End,2,Rain,Wet,Daylight
2020-02-13T08:45:00.000,I 20,I 20 and Hill St,,Rear End,2,Rain,Wet,Daylight
2020-10-21T17:16:00.000,I 20,I 20 and Hill St,,Rear End,3,Clear,Dry,Daylight
2020-01-03T08:35:00.000,I 20,I 20 and Hill St,,Rear End,2,Rain,Wet,Daylight
2020-01-03T09:40:00.000,I 20,I 20 and Hill St,,Not a Collision with Motor Vehicle,1,Rain,Wet,Daylight
2020-07-15T21:05:00.000,I 20,I 20 and Hill St,,Rear End,2,Rain,Wet,Dark-Lighted
2020-01-14T10:50:00.000,I 20,I 20 and Hill St,,Rear End,2,Rain,Wet,Daylight
2020-08-30T18:59:00.000,I 20,I 20 and Hill St,,Angle Crash,2,Rain,Wet,Dusk
2020-07-29T23:45:00.000,I 20,I 20 and Hill St,,Angle Crash,2,Rain,Wet,Dark-Lighted
2020-07-24T15:15:00.000,I 20,I 20 and Hill St,,Rear End,2,Cloudy,Dry,Daylight
2020-07-31T13:00:00.000,I 20,I 20 and Hill St,,Rear End,3,Cloudy,Dry,Daylight
2020-10-17T16:43:00.000,I 20,I 20 and Hill St,,Rear End,2,Clear,Dry,Dark-Lighted
2020-02-29T11:18:00.000,I 20,I 20 and Hill St,,Rear End,4,Clear,Dry,Daylight
2020-06-26T13:36:00.000,I 20,I 20 and Hill St,,Rear End,2,Cloudy,Dry,Daylight
2020-08-15T12:34:00.000,I 20,I 20 and Hill St,,Rear End,2,Cloudy,Dry,Daylight
2020-02-18T08:03:00.000,I 20,I 20 and Hill St,,Sideswipe-Same Direction,2,Rain,Wet,Daylight
2020-11-11T12:42:00.000,I 20,I 20 and Hill St,,Rear End,2,Rain,Wet,Daylight
2020-08-04T11:41:00.000,I 20,I 20 and Hill St,,Rear End,2,Clear,Dry,Daylight
2020-09-27T18:03:00.000,I 20,I 20 and Hill St,,Sideswipe-Same Direction,2,Rain,Wet,Daylight
2020-09-05T14:05:00.000,I 20,I 20 and Hill St,,Rear End,4,Clear,Dry,Daylight
2020-08-14T17:10:00.000,I 20,I 20 and Hill St,,Sideswipe-Same Direction,3,Rain,Wet,Daylight
2020-06-30T13:50:00.000,I 20,I 20 and Hill St,,Rear End,2,Clear,Dry,Daylight
2020-03-06T12:11:00.000,I 20,I 20 and Hill St,,Rear End,2,Clear,Dry,Daylight
2020-08-31T21:35:00.000,I 20,I 20 and Hill St,,Rear End,2,Clear,Dry,Dark-Lighted
2020-11-18T08:00:00.000,I 20,I 20 and Hill St,,Rear End,2,Clear,Dry,Daylight
2020-07-17T14:20:00.000,I 20,I 20 and Hill St,,Rear End,2,Clear,Dry,Daylight
2020-08-21T12:05:00.000,I 20,I 20 and Hill St,,Rear End,2,Clear,Dry,Daylight
2020-08-21T10:00:00.000,I 20,I 20 and Hill St,,Not a Collision with Motor Vehicle,1,Rain,Wet,Daylight
2020-10-11T13:32:00.000,I 20,I 20 and Hill St,,Rear End,2,Rain,Wet,Daylight
2020-01-25T19:10:00.000,I 20,I 20 and Hill St,,Rear End,3,Clear,Dry,Dark-Lighted
2020-03-02T13:15:00.000,I 20,I 20 and Hill St,,Rear End,2,Rain,Wet,Daylight
2020-09-24T14:50:00.000,I 20,I 20 and Hill St,,Rear End,2,Rain,Wet,Dusk
2020-02-05T08:30:00.000,I 20,I 20 and Hill St,,Rear End,2,Cloudy,Wet,Daylight
2020-09-10T16:11:00.000,I 20,I 20 and Hill St,,Angle Crash,4,Clear,Dry,Daylight
2020-10-23T13:09:00.000,I 20,I 20 and Hill St,,Rear End,3,Clear,Dry,Daylight
2020-08-12T17:22:00.000,I 20,I 20 and Hill St,,Sideswipe-Same Direction,2,Cloudy,Dry,Daylight
2020-10-23T18:50:00.000,I 20,I 20 and Hill St,,Rear End,3,Clear,Dry,Daylight
2020-07-03T18:55:00.000,I 20,I 20 and Hill St,,Rear End,2,Clear,Dry,Daylight
2020-11-11T09:56:00.000,I 20,I 20 and Hill St,,Rear End,3,Cloudy,Wet,Daylight
2020-11-07T13:29:00.000,I 20,I 20 and Hill St,,Sideswipe-Same Direction,2,Cloudy,Dry,Daylight
2020-10-15T13:30:00.000,I 20,I 20 and Hill St,,Rear End,2,Cloudy,Dry,Daylight
2020-09-18T14:40:00.000,I 20,I 20 and Hill St,,Sideswipe-Same Direction,1,Cloudy,Dry,Daylight
2020-06-02T09:22:00.000,I 20,I 20 and Hill St,,Sideswipe-Same Direction,2,Clear,Dry,Daylight
2020-08-05T15:59:00.000,I 20,I 20 and Hill St,,Sideswipe-Same Direction,3,Clear,Dry,Daylight
2020-10-02T21:12:00.000,I 20,I 20 and Hill St,,Rear End,2,Clear,Dry,Dark-Lighted
2020-07-02T08:20:00.000,I 20,I 20 and Hill St,,Rear End,2,Clear,Dry,Daylight
2020-08-07T17:31:00.000,I 20,I 20 and Hill St,,Rear End,2,Clear,Dry,Daylight
2020-05-17T14:59:00.000,I 20,I 20 and Hill St,,Angle Crash,2,Clear,Dry,Daylight
2020-08-16T17:50:00.000,I 20,I 20 and Hill St,,Rear End,3,Clear,Dry,Daylight
2020-06-14T18:37:00.000,I 20,I 20 and Hill St,,Rear End,2,Clear,Dry,Daylight
2020-11-25T14:46:00.000,I 20,I 20 and Hill St,,Rear End,3,Cloudy,Dry,Daylight
2020-02-15T09:50:00.000,I 20,I 20 and Hill St,,Rear End,2,Clear,Dry,Daylight
2020-01-02T17:15:00.000,I 20,I 20 and Hill St,,Rear End,2,Rain,Wet,Daylight
2020-03-08T13:28:00.000,I 20,I 20 and Hill St,,Angle Crash,4,Clear,Dry,Daylight
2020-10-30T16:15:00.000,I 20,I 20 and Hill St,,Rear End,2,Clear,Dry,Daylight
2021-06-04T18:54:00.000,I 20,I 20 and Hill St,,Sideswipe-Same Direction,2,Cloudy,Dry,Daylight
2021-02-12T18:15:00.000,I 20,I 20 and Hill St,,Rear End,3,Cloudy,Wet,Dark-Lighted
2021-01-18T00:53:00.000,I 20,I 20 and Hill St,,Rear End,2,Clear,Dry,Dark-Lighted
2021-03-06T18:45:00.000,I 20,I 20 and Hill St,,Rear End,4,Clear,Dry,Dark-Lighted
2021-01-18T18:13:00.000,I 20,I 20 and Hill St,,Rear End,2,Clear,Dry,Daylight
2021-03-25T09:04:00.000,I 20,I 20 and Hill St,,Sideswipe-Same Direction,2,Rain,Wet,Daylight
2021-06-30T18:19:00.000,I 20,I 20 and Hill St,,Rear End,4,Clear,Dry,Daylight
2021-06-24T16:57:00.000,I 20,I 20 and Hill St,,Rear End,3,Clear,Dry,Daylight
2021-04-29T17:15:00.000,I 20,I 20 and Hill St,,Rear End,2,Clear,Dry,Daylight
2021-05-13T11:37:00.000,I 20,I 20 and Hill St,,Rear End,2,Clear,Dry,Daylight
2021-06-17T16:38:00.000,I 20,I 20 and Hill St,,Rear End,2,Clear,Dry,Daylight
2021-06-03T00:00:00.000,I 20,I 20 and Hill St,,Rear End,2,Clear,Dry,Daylight
2021-01-04T18:40:00.000,I 20,I 20 and Hill St,,Rear End,2,Cloudy,Dry,Daylight
2021-02-15T07:14:00.000,I 20,I 20 and Hill St,,Angle Crash,2,Cloudy,Wet,Dark-Not Lighted
2021-06-08T12:55:00.000,I 20,I 20 and Hill St,,Sideswipe-Same Direction,2,Cloudy,Dry,Daylight
2021-01-18T17:45:00.000,I 20,I 20 and Hill St,,Rear End,3,Clear,Dry,Daylight
2021-04-27T13:15:00.000,I 20,I 20 and Hill St,,Not a Collision with Motor Vehicle,1,Clear,Dry,Daylight
2021-01-26T07:40:00.000,I 20,I 20 and Hill St,,Rear End,2,Clear,Dry,Daylight
2021-04-26T15:58:00.000,I 20,I 20 and Hill St,,Rear End,2,Clear,Dry,Daylight
2021-02-22T09:13:00.000,I 20,I 20 and Hill St,,Rear End,3,Clear,Dry,Daylight
2021-05-10T07:54:00.000,I 20,I 20 and Hill St,,Rear End,2,Rain,Wet,Daylight
2021-04-08T19:31:00.000,I 20,I 20 and Hill St,,Rear End,2,Clear,Dry,Daylight
2021-11-15T06:34:00.000,I 20,I 20 and Hill St,,Rear End,2,Clear,Dry,Dark-Lighted
2021-09-16T07:40:00.000,I 20,I 20 and Hill St,,Rear End,2,Rain,Wet,Daylight
2021-11-23T19:11:00.000,I 20,I 20 and Hill St,,Sideswipe-Same Direction,2,Clear,Dry,Dark-Lighted
2021-10-04T08:03:00.000,I 20,I 20 and Hill St,,Rear End,3,Cloudy,Wet,Daylight
2021-10-28T15:30:00.000,I 20,I 20 and Hill St,,Rear End,2,Rain,Wet,Daylight
2021-07-06T16:35:00.000,I 20,I 20 and Hill St,,Sideswipe-Same Direction,3,Clear,Dry,Daylight
2021-09-10T18:36:00.000,I 20,I 20 and Hill St,,Rear End,2,Clear,Dry,Daylight
2021-07-08T17:35:00.000,I 20,I 20 and Hill St,,Rear End,2,Cloudy,Wet,Daylight
2021-08-23T08:05:00.000,I 20,I 20 and Hill St,,Rear End,2,Clear,Dry,Daylight
2021-07-08T11:49:00.000,I 20,I 20 and Hill St,,Rear End,2,Cloudy,Dry,Daylight
2021-12-21T16:15:00.000,I 20,I 20 and Hill St,,Sideswipe-Same Direction,2,Cloudy,Wet,Daylight
2021-07-22T13:51:00.000,I 20,I 20 and Hill St,,Rear End,2,Cloudy,Dry,Daylight
2021-12-31T17:16:00.000,I 20,I 20 and Hill St,,Not a Collision with Motor Vehicle,2,Clear,Dry,Daylight
2021-10-07T16:25:00.000,I 20,I 20 and Hill St,,Sideswipe-Same Direction,2,Cloudy,Wet,Daylight
2021-07-08T18:00:00.000,I 20,I 20 and Hill St,,Rear End,3,Cloudy,Wet,Daylight
2021-08-23T09:53:00.000,I 20,I 20 and Hill St,,Rear End,2,Clear,Dry,Daylight
2021-08-16T15:34:00.000,I 20,I 20 and Hill St,,Rear End,3,Cloudy,Wet,Daylight
2021-09-10T12:32:00.000,I 20,I 20 and Hill St,,Rear End,2,Clear,Dry,Daylight
2021-07-08T18:06:00.000,I 20,I 20 and Hill St,,Rear End,4,Cloudy,Dry,Daylight
2021-10-29T20:00:00.000,I 20,I 20 and Hill St,,Sideswipe-Same Direction,2,Rain,Wet,Dark-Not Lighted
2021-11-02T06:50:00.000,I 20,I 20 and Hill St,,Rear End,2,Clear,Dry,Dark-Lighted
2022-02-17T14:20:00.000,I 20,I 20 and Hill St,,Sideswipe-Same Direction,2,Clear,Dry,Daylight
2022-07-07T19:14:00.000,I 20,I 20 and Hill St,,Sideswipe-Same Direction,2,Cloudy,Dry,Daylight
2022-12-13T12:02:00.000,I 20,I 20 and Hill St,,Sideswipe-Same Direction,2,Cloudy,Dry,Daylight
2022-09-22T10:14:00.000,I 20,I 20 and Hill St,,Rear End,2,Clear,Dry,Daylight
2022-07-19T08:10:00.000,I 20,I 20 and Hill St,,Rear End,2,Cloudy,Wet,Daylight
2022-03-03T12:47:00.000,I 20,I 20 and Hill St,,Sideswipe-Same Direction,2,Clear,Dry,Daylight
2022-02-06T20:40:00.000,I 20,I 20 and Hill St,,Not a Collision with Motor Vehicle,1,Clear,Dry,Dark-Lighted
2022-07-28T13:12:00.000,I 20,I 20 and Hill St,,Rear End,2,Clear,Wet,Daylight
2022-12-01T07:29:00.000,I 20,I 20 and Hill St,,Rear End,2,Clear,Dry,Daylight
2022-02-24T16:34:00.000,I 20,I 20 and Hill St,,Rear End,2,Clear,Dry,Daylight
2022-06-20T18:05:00.000,I 20,I 20 and Hill St,,Rear End,2,Clear,Dry,Daylight
2022-08-04T18:50:00.000,I 20,I 20 and Hill St,,Rear End,3,Clear,Dry,Daylight
2022-04-07T16:45:00.000,I 20,I 20 and Hill St,,Rear End,2,Clear,Dry,Daylight
2022-11-22T11:05:00.000,I 20,I 20 and Hill St,,Rear End,2,Cloudy,Dry,Daylight
2022-01-11T13:02:00.000,I 20,I 20 and Hill St,,Sideswipe-Same Direction,5,Clear,Dry,Daylight
2022-09-02T16:25:00.000,I 20,I 20 and Hill St,,Sideswipe-Same Direction,2,Cloudy,Dry,Daylight
2022-02-07T07:35:00.000,I 20,I 20 and Hill St,,Rear End,2,Cloudy,Dry,Daylight
2022-05-10T18:29:00.000,I 20,I 20 and Hill St,,Rear End,2,Clear,Dry,Daylight
2022-11-04T08:32:00.000,I 20,I 20 and Hill St,,Rear End,2,Clear,Dry,Daylight
2022-03-04T14:35:00.000,I 20,I 20 and Hill St,,Rear End,2,Clear,Dry,Daylight
2022-11-08T17:10:00.000,I 20,I 20 and Hill St,,Rear End,2,Clear,Dry,Daylight
2022-03-01T18:15:00.000,I 20,I 20 and Hill St,,Rear End,2,Clear,Dry,Daylight
2022-05-20T16:51:00.000,I 20,I 20 and Hill St,,Rear End,3,Clear,Dry,Daylight
2022-09-09T16:40:00.000,I 20,I 20 and Hill St,,Rear End,3,Cloudy,Dry,Daylight
2022-09-01T14:40:00.000,I 20,I 20 and Hill St,,Rear End,2,Cloudy,Dry,Daylight
2022-02-28T07:00:00.000,I 20,I 20 and Hill St,,Rear End,3,Cloudy,Dry,Daylight
2022-09-13T08:20:00.000,I 20,I 20 and Hill St,,Rear End,2,Clear,Dry,Daylight
2022-08-09T10:34:00.000,I 20,I 20 and Hill St,,Rear End,3,Cloudy,Dry,Daylight
2022-11-04T14:22:00.000,I 20,I 20 and Hill St,,Rear End,2,Clear,Dry,Daylight
2022-12-30T14:11:00.000,I 20,I 20 and Hill St,,Rear End,2,Cloudy,Dry,Daylight
2022-06-03T16:18:00.000,I 20,I 20 and Hill St,,Sideswipe-Same Direction,3,Clear,Dry,Daylight
2022-11-15T10:16:00.000,I 20,I 20 and Hill St,,Rear End,2,Rain,Wet,Daylight
2022-11-04T14:11:00.000,I 20,I 20 and Hill St,,Rear End,2,Clear,Dry,Daylight
2022-03-17T16:24:00.000,I 20,I 20 and Hill St,,Sideswipe-Same Direction,2,Clear,Dry,Daylight
2022-10-11T09:58:00.000,I 20,I 20 and Hill St,,Rear End,2,Clear,Dry,Daylight
2022-09-16T16:58:00.000,I 20,I 20 and Hill St,,Rear End,2,Cloudy,Dry,Daylight
2022-12-03T14:38:00.000,I 20,I 20 and Hill St,,Rear End,2,Cloudy,Wet,Daylight
2022-05-30T10:50:00.000,I 20,I 20 and Hill St,,Sideswipe-Same Direction,2,Clear,Dry,Daylight
2022-10-13T09:40:00.000,I 20,I 20 and Hill St,,Rear End,2,Clear,Wet,Daylight
2022-12-29T12:54:00.000,I 20,I 20 and Hill St,,Rear End,3,Clear,Dry,Daylight
2022-07-01T16:30:00.000,I 20,I 20 and Hill St,,Rear End,2,Clear,Dry,Daylight
2022-03-03T09:51:00.000,I 20,I 20 and Hill St,,Rear End,3,Clear,Dry,Daylight
2022-10-20T18:08:00.000,I 20,I 20 and Hill St,,Rear End,2,Clear,Dry,Daylight
2022-06-21T12:38:00.000,I 20,I 20 and Hill St,,Sideswipe-Same Direction,2,Clear,Dry,Daylight
2022-05-27T11:00:00.000,I 20,I 20 and Hill St,,Sideswipe-Same Direction,2,Cloudy,Dry,Daylight
2022-04-21T18:13:00.000,I 20,I 20 and Hill St,,Sideswipe-Same Direction,2,Clear,Dry,Daylight
2022-10-03T14:13:00.000,I 20,I 20 and Hill St,,Sideswipe-Same Direction,2,Clear,Dry,Daylight
2022-09-22T15:45:00.000,I 20,I 20 and Hill St,,Rear End,2,Clear,Dry,Daylight
2022-02-07T08:10:00.000,I 20,I 20 and Hill St,,Rear End,2,Clear,Dry,Daylight
2022-05-10T10:35:00.000,I 20,I 20 and Hill St,,Rear End,2,Clear,Dry,Daylight
2022-11-03T09:23:00.000,I 20,I 20 and Hill St,,Sideswipe-Same Direction,2,Clear,Dry,Daylight
2022-07-23T20:30:00.000,I 20,I 20 and Hill St,,Rear End,2,Clear,Dry,Daylight
2022-09-08T07:59:00.000,I 20,I 20 and Hill St,,Rear End,2,Clear,Dry,Daylight
2022-09-21T16:00:00.000,I 20,I 20 and Hill St,,Head On,4,Clear,Dry,Daylight
2022-07-01T10:16:00.000,I 20,I 20 and Hill St,,Rear End,2,Clear,Dry,Daylight
2022-09-22T17:55:00.000,I 20,I 20 and Hill St,,Rear End,5,Rain,Wet,Daylight
2022-06-06T17:15:00.000,I 20,I 20 and Hill St,,Rear End,3,Clear,Wet,Daylight
2022-02-10T08:38:00.000,I 20,I 20 and Hill St,,Sideswipe-Same Direction,2,Clear,Dry,Daylight
2022-08-19T19:05:00.000,I 20,I 20 and Hill St,,Rear End,2,Clear,Dry,Daylight
2022-03-28T18:21:00.000,I 20,I 20 and Hill St,,Rear End,2,Clear,Dry,Daylight
2022-07-28T17:48:00.000,I 20,I 20 and Hill St,,Rear End,2,Rain,Wet,Daylight
2022-09-20T12:47:00.000,I 20,I 20 and Hill St,,Rear End,2,Clear,Dry,Daylight
2022-12-23T12:50:00.000,I 20,I 20 and Hill St,,Rear End,2,Clear,Dry,Daylight
2022-09-08T10:10:00.000,I 20,I 20 and Hill St,,Rear End,2,Clear,Dry,Daylight
2022-08-25T17:48:00.000,I 20,I 20 and Hill St,,Rear End,3,Cloudy,Dry,Daylight
2022-06-30T14:13:00.000,I 20,I 20 and Hill St,,Rear End,2,Cloudy,Dry,Daylight
2023-06-28T13:04:00.000,I 20,I 20 and Hill St,,Sideswipe-Same Direction,3,Clear,Dry,Daylight
2023-11-17T17:15:00.000,I 20,I 20 and Hill St,,Sideswipe-Same Direction,3,Rain,Wet,Daylight
2024-05-16T16:28:00.000,I 20,I 20 and Hill St,,Rear End,2,Clear,Dry,Daylight
2024-04-23T10:50:00.000,I 20,I 20 and Hill St,,Rear End,2,Clear,Dry,Daylight
2024-10-11T15:00:00.000,I 20,I 20 and Hill St,,Sideswipe-Same Direction,2,Clear,Dry,Daylight
2024-08-23T09:43:00.000,I 20,I 20 and Hill St,,Sideswipe-Same Direction,2,Clear,Dry,Daylight
2024-09-25T08:35:00.000,I 20,I 20 and Hill St,,Rear End,2,Cloudy,Dry,Daylight
2024-11-15T10:05:00.000,I 20,I 20 and Hill St,,Sideswipe-Same Direction,2,Clear,Dry,Dark-Lighted
2024-05-23T09:18:00.000,I 20,I 20 and Hill St,,Rear End,2,Clear,Dry,Daylight
2024-03-21T08:45:00.000,I 20,I 20 and Hill St,,Rear End,2,Clear,Dry,Daylight
2024-08-05T06:42:00.000,I 20,I 20 and Hill St,,Rear End,2,Clear,Dry,Daylight
2024-04-30T09:20:00.000,I 20,I 20 and Hill St,,Sideswipe-Same Direction,2,Cloudy,Wet,Daylight
2024-06-13T07:27:00.000,I 20,I 20 and Hill St,,Rear End,2,Clear,Dry,Daylight
2024-05-06T11:54:00.000,I 20,I 20 and Hill St,,Rear End,2,Cloudy,Dry,Daylight
2024-05-23T08:25:00.000,I 20,I 20 and Hill St,,Rear End,2,Cloudy,Dry,Daylight
2024-07-04T16:42:00.000,I 20,I 20 and Hill St,,Rear End,2,Clear,Dry,Daylight
2024-07-30T18:30:00.000,I 20,I 20 and Hill St,,Sideswipe-Same Direction,3,Clear,Dry,Daylight
2024-04-18T15:00:00.000,I 20,I 20 and Hill St,,Sideswipe-Same Direction,2,Clear,Dry,Daylight
2024-05-22T15:58:00.000,I 20,I 20 and Hill St,,Rear End,2,Clear,Dry,Daylight
2024-04-11T12:55:00.000,I 20,I 20 and Hill St,,Sideswipe-Same Direction,4,Cloudy,Wet,Daylight
2023-02-02T15:23:00.000,I 20,I 20 and Hill St,,Rear End,3,Rain,Wet,Daylight
2023-06-15T16:54:00.000,I 20,I 20 and Hill St,,Rear End,2,Clear,Dry,Daylight
2023-04-20T17:53:00.000,I 20,I 20 and Hill St,,Rear End,2,Clear,Dry,Daylight
2023-07-07T17:41:00.000,I 20,I 20 and Hill St,,Rear End,2,Rain,Wet,Daylight
2023-10-09T17:35:00.000,I 20,I 20 and Hill St,,Rear End,2,Clear,Dry,Daylight
2023-09-14T18:17:00.000,I 20,I 20 and Hill St,,Rear End,2,Rain,Wet,Daylight
2023-12-08T18:55:00.000,I 20,I 20 and Hill St,,Rear End,2,Clear,Dry,Daylight
2023-04-04T15:30:00.000,I 20,I 20 and Hill St,,Sideswipe-Same Direction,2,Clear,Dry,Daylight
2023-09-08T10:39:00.000,I 20,I 20 and Hill St,,Sideswipe-Same Direction,2,Clear,Dry,Daylight
2023-06-15T16:17:00.000,I 20,I 20 and Hill St,,Sideswipe-Same Direction,2,Clear,Dry,Daylight
2023-04-30T18:10:00.000,I 20,I 20 and Hill St,,Not a Collision with Motor Vehicle,1,Clear,Dry,Daylight
2023-05-03T16:22:00.000,I 20,I 20 and Hill St,,Rear End,2,Clear,Dry,Daylight
2023-08-28T07:55:00.000,I 20,I 20 and Hill St,,Rear End,2,Clear,Dry,Daylight
2023-05-04T17:30:00.000,I 20,I 20 and Hill St,,Rear End,2,Clear,Dry,Daylight
2023-06-28T16:37:00.000,I 20,I 20 and Hill St,,Rear End,2,Clear,Dry,Daylight
2023-09-01T16:15:00.000,I 20,I 20 and Hill St,,Rear End,2,Clear,Dry,Daylight
2023-10-09T12:05:00.000,I 20,I 20 and Hill St,,Rear End,2,Clear,Dry,Daylight
2023-06-09T17:37:00.000,I 20,I 20 and Hill St,,Rear End,2,Clear,Dry,Daylight
2023-09-26T10:30:00.000,I 20,I 20 and Hill St,,Sideswipe-Same Direction,2,Clear,Dry,Daylight
2023-08-29T09:36:00.000,I 20,I 20 and Hill St,,Rear End,2,Cloudy,Wet,Daylight
2023-10-03T06:44:00.000,I 20,I 20 and Hill St,,Sideswipe-Same Direction,3,Clear,Dry,Daylight
2023-02-23T09:10:00.000,I 20,I 20 and Hill St,,Rear End,2,Rain,Dry,Daylight
2023-08-18T18:00:00.000,I 20,I 20 and Hill St,,Sideswipe-Same Direction,2,Clear,Dry,Daylight
2023-07-21T13:45:00.000,I 20,I 20 and Hill St,,Rear End,2,Clear,Dry,Daylight
2023-07-21T13:46:00.000,I 20,I 20 and Hill St,,Rear End,2,Cloudy,Dry,Daylight
2024-06-17T05:29:00.000,I 20,I 20 and Hill St,,Rear End,2,Clear,Dry,Dark-Not Lighted
2024-06-21T16:04:00.000,I 20,I 20 and Hill St,,Not a Collision with Motor Vehicle,2,Cloudy,Dry,Daylight
2024-11-15T17:30:00.000,I 20,I 20 and Hill St,,Rear End,2,Clear,Dry,Dark-Not Lighted
2024-10-18T07:49:00.000,I 20,I 20 and Hill St,,Sideswipe-Same Direction,2,Clear,Dry,Daylight
2024-06-04T14:50:00.000,I 20,I 20 and Hill St,,Rear End,2,Clear,Dry,Daylight
2024-04-30T12:40:00.000,I 20,I 20 and Hill St,,Not a Collision with Motor Vehicle,1,Rain,Wet,Daylight
2024-06-18T18:44:00.000,I 20,I 20 and Hill St,,Rear End,2,Clear,Dry,Daylight
2024-04-26T23:25:00.000,I 20,I 20 and Hill St,,Sideswipe-Same Direction,2,Clear,Dry,Dark-Lighted
2024-03-05T07:54:00.000,I 20,I 20 and Hill St,,Sideswipe-Same Direction,2,Clear,Dry,Daylight
2024-03-11T15:16:00.000,I 20,I 20 and Hill St,,Rear End,3,Clear,Dry,Daylight
2024-03-01T16:33:00.000,I 20,I 20 and Hill St,,Rear End,2,Rain,Wet,Daylight
2024-04-19T08:50:00.000,I 20,I 20 and Hill St,,Sideswipe-Same Direction,2,Cloudy,Wet,Daylight
2024-07-11T15:03:00.000,I 20,I 20 and Hill St,,Rear End,2,Clear,Dry,Daylight
2024-05-06T16:28:00.000,I 20,I 20 and Hill St,,Rear End,2,Clear,Dry,Daylight
2024-08-05T06:44:00.000,I 20,I 20 and Hill St,,Rear End,2,Clear,Dry,Daylight
2024-03-29T18:36:00.000,I 20,I 20 and Hill St,,Rear End,3,Clear,Dry,Daylight
2024-04-02T16:40:00.000,I 20,I 20 and Hill St,,Rear End,3,Cloudy,Dry,Daylight
2024-10-08T10:49:00.000,I 20,I 20 and Hill St,,Rear End,2,Clear,Dry,Daylight
2024-11-07T07:55:00.000,I 20,I 20 and Hill St,,Sideswipe-Same Direction,2,Cloudy,Wet,Daylight
2024-08-13T10:20:00.000,I 20,I 20 and Hill St,,Rear End,2,Clear,Dry,Daylight
2024-05-24T14:10:00.000,I 20,I 20 and Hill St,,Sideswipe-Same Direction,2,Clear,Dry,Daylight
2024-05-01T20:24:00.000,I 20,I 20 and Hill St,,Not a Collision with Motor Vehicle,1,Clear,Dry,Dark-Lighted
2024-01-09T16:56:00.000,I 20,I 20 and Hill St,,Sideswipe-Same Direction,2,Cloudy,Dry,Daylight
2024-06-17T05:29:00.000,I 20,I 20 and Hill St,,Rear End,2,Clear,Dry,Dark-Not Lighted
2024-11-26T13:14:00.000,I 20,I 20 and Hill St,,Rear End,2,Clear,Dry,Daylight
2024-01-04T18:30:00.000,I 20,I 20 and Hill St,,Rear End,3,Clear,Dry,Daylight
2024-06-10T08:20:00.000,I 20,I 20 and Hill St,,Rear End,2,Clear,Dry,Daylight
2024-07-11T10:21:00.000,I 20,I 20 and Hill St,,Sideswipe-Same Direction,4,Clear,Dry,Daylight