Date and Time,Roadway (From Crash Report),Intersection Name (from Crash Report),KABCO Severity,Manner of Collision (Crash Level) ,# of Vehicles per crash ,Weather Conditions (Crash Level),Surface Condition (Crash Level) ,Light Conditions (Crash Level)
2024-05-28T17:33:00.000,I 20,I 20 and Hill St,,Rear End,2,Clear,Dry,Daylight
2024-09-19T08:55:00.000,I 20,I 20 and Hill St,,Sideswipe-Same Direction,2,Clear,Dry,Daylight
2024-08-05T06:42:00.000,I 20,I 20 and Hill St,,Rear End,3,Clear,Dry,Daylight
2024-03-29T07:30:00.000,I 20,I 20 and Hill St,,Sideswipe-Same Direction,2,Clear,Dry,Daylight
2024-03-12T10:48:00.000,I 20,I 20 and Hill St,,Rear End,3,Clear,Dry,Daylight
2021-02-15T06:06:00.000,I 20,I 20 and Hil St,,Sideswipe-Same Direction,4,Rain,Wet,Dark-Lighted
2021-03-05T10:54:00.000,I 20,I 20 and Hiill St,,Sideswipe-Same Direction,2,Clear,Dry,Daylight
2021-09-20T15:40:00.000,I 20,I 20 and Hihgway 142,,Sideswipe-Same Direction,2,Rain,Water (standing or moving),Daylight
2020-10-27T12:41:00.000,I 20,I 20 and Higway 20 138,,Sideswipe-Same Direction,2,Clear,Dry,Daylight
2020-09-04T16:42:00.000,I 20,I 20 and Highway138,,Angle Crash,2,Clear,Dry,Daylight
2023-10-14T00:30:00.000,I 20,I 20 and Highway 83,,Head On,1,Rain,Wet,Dark-Not Lighted
2021-06-01T01:33:00.000,I 20,I 20 and Highway 78,,Sideswipe-Same Direction,2,Clear,Dry,Dark-Not Lighted
2021-08-15T17:07:00.000,I 20,I 20 and Highway 77,,Rear End,2,Rain,Wet,Daylight
2021-08-28T17:47:00.000,I 20,I 20 and Highway 77,,(None),1,(None),(None),(None)
2021-01-29T16:37:00.000,I 20,I 20 and Highway 77,,Sideswipe-Same Direction,2,Clear,Dry,Daylight
2020-10-25T04:48:00.000,I 20,I 20 and Highway 77,,Not a Collision with Motor Vehicle,1,Rain,Wet,Dark-Not Lighted
2020-06-24T17:12:00.000,I 20,I 20 and Highway 77,,Not a Collision with Motor Vehicle,1,Rain,Wet,Daylight
2021-11-20T07:48:00.000,I 20,I 20 and Highway 77,,Not a Collision with Motor Vehicle,1,Clear,Dry,Daylight
2022-03-07T01:49:00.000,I 20,I 20 and Highway 77,,Not a Collision with Motor Vehicle,1,Clear,Dry,Dark-Not Lighted
2021-10-22T12:55:00.000,I 20,I 20 and Highway 77,,Not a Collision with Motor Vehicle,1,Clear,Dry,Daylight
2022-01-28T18:47:00.000,I 20,I 20 and Highway 77,,Sideswipe-Same Direction,2,Clear,Dry,Dark-Not Lighted
2022-01-09T19:42:00.000,I 20,I 20 and Highway 77,,Not a Collision with Motor Vehicle,1,Rain,Wet,Dark-Not Lighted
2022-01-20T14:05:00.000,I 20,I 20 and Highway 61 Brg,,Not a Collision with Motor Vehicle,1,Rain,Wet,Daylight
2021-10-24T15:58:00.000,I 20,I 20 and Highway 61,,Rear End,2,Clear,Dry,Daylight
2021-09-03T18:58:00.000,I 20,I 20 and Highway 61,,Rear End,2,Clear,Dry,Daylight
2021-04-17T12:41:00.000,I 20,I 20 and Highway 61,,Angle Crash,3,Cloudy,Dry,Daylight
2023-04-12T08:00:00.000,I 20,I 20 and Highway 61,,Rear End,2,Clear,Dry,Daylight
2022-10-07T07:50:00.000,I 20,I 20 and Highway 61,,Sideswipe-Same Direction,2,Clear,Dry,Daylight
2022-03-01T16:48:00.000,I 20,I 20 and Highway 61,,Sideswipe-Same Direction,2,Clear,Dry,Daylight
2020-09-26T02:30:00.000,I 20,I 20 and Highway 61,,Rear End,2,Clear,Dry,Dark-Lighted
2020-08-06T07:05:00.000,I 20,I 20 and Highway 61,,Head On,1,Clear,Dry,Daylight
2020-12-24T04:40:00.000,I 20,I 20 and Highway 61,,Sideswipe-Same Direction,2,Rain,Wet,Dark-Not Lighted
2021-08-18T14:10:00.000,I 20,I 20 and Highway 61,,Rear End,2,Clear,Dry,Daylight
2021-08-07T03:20:00.000,I 20,I 20 and Highway 61,,Rear End,2,Cloudy,Dry,Daylight
2021-09-03T21:00:00.000,I 20,I 20 and Highway 61,,Rear End,2,Clear,Dry,Dark-Lighted
2021-08-09T09:45:00.000,I 20,I 20 and Highway 61,,Not a Collision with Motor Vehicle,1,Clear,Dry,Daylight
2022-12-06T17:20:00.000,I 20,I 20 and Highway 61,,Not a Collision with Motor Vehicle,1,Cloudy,Wet,Daylight
2022-11-15T15:00:00.000,I 20,I 20 and Highway 61,,Rear End,2,Cloudy,Wet,Daylight
2021-08-08T15:30:00.000,I 20,I 20 and Highway 61,,Rear End,2,Clear,Dry,Daylight
2022-10-11T19:02:00.000,I 20,I 20 and Highway 61,,Rear End,2,Clear,Dry,Daylight
2022-04-22T04:58:00.000,I 20,I 20 and Highway 61,,Angle Crash,2,Clear,Dry,Dark-Not Lighted
2022-05-26T11:00:00.000,I 20,I 20 and Highway 61,,Rear End,2,Cloudy,Dry,Daylight
2023-01-11T18:22:00.000,I 20,I 20 and Highway 61,,Rear End,2,Clear,Dry,Dark-Not Lighted
2024-09-04T15:54:00.000,I 20,I 20 and Highway 61,,Rear End,2,Clear,Dry,Daylight
2023-04-08T11:25:00.000,I 20,I 20 and Highway 61,,Angle Crash,1,Rain,Wet,Daylight
2024-02-01T08:45:00.000,I 20,I 20 and Highway 61,,Not a Collision with Motor Vehicle,1,Clear,Dry,Daylight
2024-11-12T18:39:00.000,I 20,I 20 and Highway 61,,Angle Crash,2,Clear,Dry,Daylight
2023-01-12T15:55:00.000,I 20,I 20 and Highway 5 Brg,,Sideswipe-Same Direction,2,Rain,Wet,Daylight
2023-07-17T16:10:00.000,I 20,I 20 and Highway 5,,Sideswipe-Same Direction,2,Clear,Dry,Daylight
2021-10-23T20:05:00.000,I 20,I 20 and Highway 5,,Not a Collision with Motor Vehicle,1,Clear,Dry,Dark-Not Lighted
2024-08-26T14:40:00.000,I 20,I 20 and Highway 5,,Sideswipe-Same Direction,2,Clear,Dry,Daylight
2021-09-16T19:28:00.000,I 20,I 20 and Highway 44,,Not a Collision with Motor Vehicle,1,Rain,Wet,Dark-Not Lighted
2020-11-26T08:36:00.000,I 20,I 20 and Highway 44,,Not a Collision with Motor Vehicle,1,Rain,Wet,Daylight
2021-09-16T22:59:00.000,I 20,I 20 and Highway 44,,Not a Collision with Motor Vehicle,1,Rain,Wet,Dark-Not Lighted
2022-02-26T23:32:00.000,I 20,I 20 and Highway 44,,Not a Collision with Motor Vehicle,1,Clear,Dry,Dark-Not Lighted
2022-03-05T01:26:00.000,I 20,I 20 and Highway 44,,Not a Collision with Motor Vehicle,1,Clear,Dry,Dark-Not Lighted
2021-02-22T10:50:00.000,I 20,I 20 and Highway 278 Over Pass,,Rear End,2,Cloudy,Wet,Daylight
2021-04-27T16:54:00.000,I 20,I 20 and Highway 278 Over Pass,,Sideswipe-Opposite Direction,2,Clear,Dry,Daylight
2023-04-01T13:00:00.000,I 20,I 20 and Highway 278 Over Pass,,(None),4,(None),(None),(None)
2021-01-08T17:09:00.000,I 20,I 20 and Highway 278 Over Pass,,Sideswipe-Same Direction,1,Cloudy,Wet,Daylight
2020-12-24T15:31:00.000,I 20,I 20 and Highway 278 Over Pass,,Not a Collision with Motor Vehicle,1,Rain,Wet,Daylight
2022-05-28T15:40:00.000,I 20,I 20 and Highway 278 Over Pass,,Rear End,2,Clear,Dry,Daylight
2021-03-03T06:07:00.000,I 20,I 20 and Highway 278,,Head On,1,Rain,Wet,Dark-Not Lighted
2021-04-15T16:30:00.000,I 20,I 20 and Highway 278,,Sideswipe-Same Direction,2,Clear,Dry,Daylight
2021-04-16T23:59:00.000,I 20,I 20 and Highway 278,,Not a Collision with Motor Vehicle,1,Clear,Dry,Dark-Not Lighted
2021-06-19T14:02:00.000,I 20,I 20 and Highway 278,,Rear End,2,Clear,Dry,Daylight
2021-03-12T05:41:00.000,I 20,I 20 and Highway 278,,Rear End,2,Clear,Dry,Dark-Not Lighted
2021-05-20T13:40:00.000,I 20,I 20 and Highway 278,,Not a Collision with Motor Vehicle,1,Clear,Dry,Daylight
2021-03-26T06:07:00.000,I 20,I 20 and Highway 278,,Rear End,2,Severe Thunderstorm or Tornadic,Wet,Dark-Not Lighted
2021-06-13T07:50:00.000,I 20,I 20 and Highway 278,,Not a Collision with Motor Vehicle,1,Cloudy,Wet,Daylight
2021-09-07T15:30:00.000,I 20,I 20 and Highway 278,,Sideswipe-Same Direction,2,Clear,Dry,Daylight
2021-07-03T15:15:00.000,I 20,I 20 and Highway 278,,Rear End,2,Clear,Dry,Daylight
2021-07-26T12:45:00.000,I 20,I 20 and Highway 278,,Angle Crash,2,Clear,Dry,Daylight
2021-07-03T14:18:00.000,I 20,I 20 and Highway 278,,Sideswipe-Same Direction,2,Clear,Dry,Daylight
2021-05-12T22:20:00.000,I 20,I 20 and Highway 278,,Sideswipe-Same Direction,2,Clear,Dry,Dark-Not Lighted
2021-09-26T18:39:00.000,I 20,I 20 and Highway 278,,Not a Collision with Motor Vehicle,1,Clear,Dry,Daylight
2021-08-28T21:50:00.000,I 20,I 20 and Highway 278,,Rear End,2,Clear,Dry,Dark-Not Lighted
2020-06-23T22:30:00.000,I 20,I 20 and Highway 278,,Sideswipe-Same Direction,2,Cloudy,Dry,Dark-Lighted
2023-12-01T17:32:00.000,I 20,I 20 and Highway 278,,Rear End,3,Clear,Wet,Dark-Lighted
2023-11-26T18:31:00.000,I 20,I 20 and Highway 278,,Rear End,3,Rain,Wet,Dark-Not Lighted
2020-08-18T08:31:00.000,I 20,I 20 and Highway 278,,Rear End,2,Clear,Dry,Daylight
2020-09-23T06:58:00.000,I 20,I 20 and Highway 278,,Head On,1,Clear,Dry,Daylight
2020-07-29T15:05:00.000,I 20,I 20 and Highway 278,,Not a Collision with Motor Vehicle,1,Rain,Wet,Daylight
2020-09-27T15:40:00.000,I 20,I 20 and Highway 278,,Not a Collision with Motor Vehicle,1,Clear,Dry,Daylight
2020-10-20T05:51:00.000,I 20,I 20 and Highway 278,,Sideswipe-Same Direction,2,Clear,Dry,Dark-Not Lighted
2020-10-01T03:00:00.000,I 20,I 20 and Highway 278,,Rear End,2,Clear,Dry,Dark-Not Lighted
2020-04-17T21:00:00.000,I 20,I 20 and Highway 278,,Not a Collision with Motor Vehicle,1,Clear,Dry,Dusk
2020-02-19T13:50:00.000,I 20,I 20 and Highway 278,,Sideswipe-Same Direction,2,Cloudy,Wet,Daylight
2020-05-30T23:30:00.000,I 20,I 20 and Highway 278,,Not a Collision with Motor Vehicle,1,Clear,Dry,Dark-Not Lighted
2020-01-09T06:37:00.000,I 20,I 20 and Highway 278,,Not a Collision with Motor Vehicle,1,Clear,Dry,Dawn
2020-05-18T13:56:00.000,I 20,I 20 and Highway 278,,Sideswipe-Same Direction,2,Cloudy,Dry,Daylight
2020-09-18T16:45:00.000,I 20,I 20 and Highway 278,,Sideswipe-Same Direction,2,Clear,Dry,Daylight
2020-08-02T16:38:00.000,I 20,I 20 and Highway 278,,Angle Crash,1,Clear,Dry,Daylight
2020-10-03T02:49:00.000,I 20,I 20 and Highway 278,,Not a Collision with Motor Vehicle,1,Clear,Dry,Dark-Not Lighted
2021-04-17T15:57:00.000,I 20,I 20 and Highway 278,,Rear End,2,Clear,Dry,Daylight
2021-03-16T13:29:00.000,I 20,I 20 and Highway 278,,Sideswipe-Same Direction,2,Rain,Wet,Daylight
2021-08-03T11:30:00.000,I 20,I 20 and Highway 278,,Sideswipe-Same Direction,2,Clear,Dry,Daylight
2021-08-16T05:37:00.000,I 20,I 20 and Highway 278,,Rear End,2,Clear,Dry,Dark-Lighted
2021-08-05T17:00:00.000,I 20,I 20 and Highway 278,,Not a Collision with Motor Vehicle,1,Clear,Dry,Daylight
2022-07-05T15:15:00.000,I 20,I 20 and Highway 278,,Rear End,2,Cloudy,Dry,Daylight
2021-07-28T05:00:00.000,I 20,I 20 and Highway 278,,Sideswipe-Same Direction,2,Clear,Dry,Dark-Lighted
2022-01-05T08:57:00.000,I 20,I 20 and Highway 278,,Not a Collision with Motor Vehicle,1,Clear,Dry,Daylight
2021-07-21T06:19:00.000,I 20,I 20 and Highway 278,,Sideswipe-Same Direction,2,Clear,Dry,Dawn
2022-11-21T08:40:00.000,I 20,I 20 and Highway 278,,Not a Collision with Motor Vehicle,1,Clear,Dry,Daylight
2022-11-27T15:15:00.000,I 20,I 20 and Highway 278,,Sideswipe-Same Direction,2,Clear,Dry,Daylight
2022-01-08T15:23:00.000,I 20,I 20 and Highway 278,,Not a Collision with Motor Vehicle,1,Clear,Dry,Daylight
2021-07-13T17:45:00.000,I 20,I 20 and Highway 27 Opas,,Not a Collision with Motor Vehicle,1,Rain,Wet,Daylight
2021-01-24T17:00:00.000,I 20,I 20 and Highway 27,,Rear End,2,Clear,Dry,Daylight
2022-06-25T06:46:00.000,I 20,I 20 and Highway 27,,Rear End,2,Cloudy,Dry,Daylight
2020-12-08T06:50:00.000,I 20,I 20 and Highway 27,,Rear End,2,Clear,Dry,Dark-Not Lighted
2020-06-19T12:04:00.000,I 20,I 20 and Highway 27,,Rear End,2,Clear,Dry,Daylight
2021-01-08T05:18:00.000,I 20,I 20 and Highway 27,,Rear End,2,Rain,Wet,Dark-Not Lighted
2022-08-03T07:42:00.000,I 20,I 20 and Highway 27,,Rear End,2,Clear,Dry,Daylight
2022-07-22T16:35:00.000,I 20,I 20 and Highway 27,,Rear End,2,Clear,Dry,Daylight
2022-12-27T17:48:00.000,I 20,I 20 and Highway 27,,Rear End,2,Clear,Dry,Daylight
2021-10-30T14:40:00.000,I 20,I 20 and Highway 27,,Rear End,2,Rain,Wet,Daylight
2022-01-31T18:53:00.000,I 20,I 20 and Highway 27,,Rear End,2,Clear,Dry,Dark-Lighted
2022-08-01T13:20:00.000,I 20,I 20 and Highway 27,,Rear End,2,Cloudy,Dry,Daylight
2022-09-30T17:30:00.000,I 20,I 20 and Highway 27,,Rear End,2,Clear,Dry,Daylight
2022-11-21T17:25:00.000,I 20,I 20 and Highway 27,,Rear End,2,Clear,Dry,Daylight
2022-05-19T15:10:00.000,I 20,I 20 and Highway 27,,Sideswipe-Same Direction,2,Clear,Dry,Daylight
2024-06-21T14:18:00.000,I 20,I 20 and Highway 27,,Rear End,2,Clear,Dry,Daylight
2024-10-18T15:15:00.000,I 20,I 20 and Highway 27,,Rear End,2,Clear,Dry,Daylight
2024-06-19T15:15:00.000,I 20,I 20 and Highway 27,,Rear End,1,Clear,Dry,Daylight
2023-10-21T16:42:00.000,I 20,I 20 and Highway 27,,Rear End,2,Clear,Dry,Daylight
2024-02-29T16:27:00.000,I 20,I 20 and Highway 27,,Rear End,2,Clear,Dry,Daylight
2024-04-09T08:05:00.000,I 20,I 20 and Highway 27,,Rear End,2,Rain,Wet,Daylight
2024-06-15T08:00:00.000,I 20,I 20 and Highway 27,,Rear End,2,Clear,Dry,Daylight
2024-10-15T18:30:00.000,I 20,I 20 and Highway 27,,Angle Crash,2,Clear,Dry,Daylight
2024-06-22T13:12:00.000,I 20,I 20 and Highway 27,,Sideswipe-Same Direction,2,Clear,Dry,Daylight
2024-08-17T16:23:00.000,I 20,I 20 and Highway 27,,Rear End,2,Clear,Dry,Daylight
2024-06-28T15:30:00.000,I 20,I 20 and Highway 27,,Rear End,2,Clear,Dry,Daylight
2024-12-10T15:10:00.000,I 20,I 20 and Highway 27,,Rear End,2,Rain,Wet,Daylight
2024-04-09T17:30:00.000,I 20,I 20 and Highway 27,,Rear End,3,Rain,Wet,Dawn
2024-10-25T07:10:00.000,I 20,I 20 and Highway 27,,Rear End,2,Clear,Dry,Dark-Lighted
2020-04-19T13:00:00.000,I 20,I 20 and Highway 212,,Not a Collision with Motor Vehicle,1,Rain,Wet,Daylight
2020-07-12T21:56:00.000,I 20,I 20 and Highway 20  138,,Sideswipe-Same Direction,2,Clear,Dry,Dark-Not Lighted
2021-07-03T08:12:00.000,I 20,I 20 and Highway 162,,Sideswipe-Same Direction,2,Clear,Dry,Daylight
2022-02-24T03:34:00.000,I 20,I 20 and Highway 15,,Angle Crash,1,Clear,Dry,Dark-Not Lighted
2021-05-28T09:34:00.000,I 20,I 20 and Highway 142,,Rear End,2,Clear,Dry,Daylight
2021-05-31T13:10:00.000,I 20,I 20 and Highway 142,,Sideswipe-Same Direction,2,Clear,Dry,Daylight
2021-04-21T17:22:00.000,I 20,I 20 and Highway 142,,Not a Collision with Motor Vehicle,1,Clear,Dry,Daylight
2021-06-06T02:03:00.000,I 20,I 20 and Highway 142,,Rear End,2,Clear,Dry,Dark-Not Lighted
2021-06-24T17:20:00.000,I 20,I 20 and Highway 142,,Not a Collision with Motor Vehicle,2,Clear,Dry,Daylight
2021-04-09T18:44:00.000,I 20,I 20 and Highway 142,,Sideswipe-Same Direction,2,Clear,Dry,Daylight
2021-05-22T10:00:00.000,I 20,I 20 and Highway 142,,Not a Collision with Motor Vehicle,1,Clear,Dry,Daylight
2021-06-18T18:48:00.000,I 20,I 20 and Highway 142,,Rear End,2,Clear,Dry,Daylight
2021-01-31T07:53:00.000,I 20,I 20 and Highway 142,,Not a Collision with Motor Vehicle,1,Rain,Wet,Dark-Not Lighted
2021-10-01T17:14:00.000,I 20,I 20 and Highway 142,,Not a Collision with Motor Vehicle,2,Clear,Dry,Daylight
2021-08-03T06:47:00.000,I 20,I 20 and Highway 142,,Not a Collision with Motor Vehicle,1,Rain,Wet,Daylight
2021-07-09T17:35:00.000,I 20,I 20 and Highway 142,,Sideswipe-Same Direction,4,Rain,Wet,Daylight
2021-07-12T12:59:00.000,I 20,I 20 and Highway 142,,Rear End,3,Clear,Dry,Daylight
2021-03-20T03:53:00.000,I 20,I 20 and Highway 142,,Head On,1,Clear,Dry,Dark-Not Lighted
2021-06-03T23:17:00.000,I 20,I 20 and Highway 142,,Rear End,2,Clear,Dry,Dark-Not Lighted
2021-09-03T13:21:00.000,I 20,I 20 and Highway 142,,Rear End,3,Clear,Dry,Daylight
2021-10-29T03:45:00.000,I 20,I 20 and Highway 142,,Head On,1,Clear,Dry,Dark-Not Lighted
2021-04-10T13:50:00.000,I 20,I 20 and Highway 142,,Not a Collision with Motor Vehicle,1,Rain,Wet,Daylight
2021-06-21T18:36:00.000,I 20,I 20 and Highway 142,,Not a Collision with Motor Vehicle,1,Rain,Wet,Daylight
2021-04-23T17:55:00.000,I 20,I 20 and Highway 142,,Sideswipe-Same Direction,2,Clear,Dry,Daylight
2023-06-29T14:03:00.000,I 20,I 20 and Highway 142,,Rear End,2,Clear,Dry,Daylight
2023-02-02T18:35:00.000,I 20,I 20 and Highway 142,,Sideswipe-Same Direction,2,Rain,Wet,Dark-Not Lighted
2022-09-28T20:30:00.000,I 20,I 20 and Highway 142,,Not a Collision with Motor Vehicle,1,Clear,Dry,Daylight
2020-04-05T07:10:00.000,I 20,I 20 and Highway 142,,Not a Collision with Motor Vehicle,1,Clear,Dry,Dawn
2020-07-20T00:00:00.000,I 20,I 20 and Highway 142,,Rear End,2,Clear,Dry,Daylight
2020-09-30T06:35:00.000,I 20,I 20 and Highway 142,,Sideswipe-Same Direction,2,Clear,Dry,Dawn
2020-01-24T21:25:00.000,I 20,I 20 and Highway 142,,Rear End,1,Cloudy,Dry,Dark-Lighted
2020-10-06T01:14:00.000,I 20,I 20 and Highway 142,,Head On,1,Clear,Dry,Dark-Not Lighted
2020-07-31T18:31:00.000,I 20,I 20 and Highway 142,,Rear End,2,Clear,Dry,Daylight
2020-03-29T18:17:00.000,I 20,I 20 and Highway 142,,Not a Collision with Motor Vehicle,1,Clear,Dry,Daylight
2020-06-08T17:05:00.000,I 20,I 20 and Highway 142,,Not a Collision with Motor Vehicle,1,Clear,Dry,Daylight
2020-08-21T06:30:00.000,I 20,I 20 and Highway 142,,Rear End,2,Cloudy,Dry,Dawn
2020-07-15T11:51:00.000,I 20,I 20 and Highway 142,,Not a Collision with Motor Vehicle,1,Clear,Dry,Daylight
2020-10-11T17:00:00.000,I 20,I 20 and Highway 142,,Not a Collision with Motor Vehicle,1,Rain,Wet,Daylight
2020-09-17T06:40:00.000,I 20,I 20 and Highway 142,,Sideswipe-Same Direction,4,Rain,Water (standing or moving),Dark-Not Lighted
2020-08-23T21:10:00.000,I 20,I 20 and Highway 142,,Not a Collision with Motor Vehicle,1,Clear,Dry,Dark-Not Lighted
2020-07-20T14:10:00.000,I 20,I 20 and Highway 142,,Rear End,2,Clear,Dry,Daylight
2020-04-14T07:13:00.000,I 20,I 20 and Highway 142,,Rear End,2,Clear,Dry,Daylight
2020-04-19T17:40:00.000,I 20,I 20 and Highway 142,,Not a Collision with Motor Vehicle,1,Rain,Wet,Daylight
2020-03-09T16:34:00.000,I 20,I 20 and Highway 142,,Rear End,3,Cloudy,Dry,Daylight
2020-07-10T18:29:00.000,I 20,I 20 and Highway 142,,Angle Crash,1,Clear,Wet,Daylight
2020-03-11T14:36:00.000,I 20,I 20 and Highway 142,,Not a Collision with Motor Vehicle,1,Cloudy,Dry,Daylight
2020-07-04T09:29:00.000,I 20,I 20 and Highway 142,,Head On,3,Clear,Dry,Daylight
2020-11-29T23:45:00.000,I 20,I 20 and Highway 142,,Not a Collision with Motor Vehicle,1,Rain,Wet,Dark-Lighted
2020-03-29T15:33:00.000,I 20,I 20 and Highway 142,,Head On,1,Clear,Dry,Daylight
2020-07-14T16:48:00.000,I 20,I 20 and Highway 142,,Rear End,2,Clear,Dry,Daylight
2020-03-05T15:59:00.000,I 20,I 20 and Highway 142,,Not a Collision with Motor Vehicle,1,Rain,Wet,Daylight
2020-02-25T14:21:00.000,I 20,I 20 and Highway 142,,Not a Collision with Motor Vehicle,1,Clear,Dry,Daylight
2020-07-06T20:11:00.000,I 20,I 20 and Highway 142,,Rear End,2,Clear,Wet,Daylight
2020-06-23T13:56:00.000,I 20,I 20 and Highway 142,,Not a Collision with Motor Vehicle,1,Rain,Wet,Daylight
2020-04-01T09:35:00.000,I 20,I 20 and Highway 142,,Not a Collision with Motor Vehicle,1,Clear,Dry,Daylight
2020-09-17T06:55:00.000,I 20,I 20 and Highway 142,,Sideswipe-Same Direction,1,Rain,Wet,Dark-Not Lighted
2020-06-20T11:20:00.000,I 20,I 20 and Highway 142,,Not a Collision with Motor Vehicle,1,Clear,Dry,Daylight
2020-09-18T06:56:00.000,I 20,I 20 and Highway 142,,Angle Crash,1,Clear,Dry,Dawn
2020-03-01T15:55:00.000,I 20,I 20 and Highway 142,,Not a Collision with Motor Vehicle,1,Clear,Dry,Daylight
2020-02-20T14:45:00.000,I 20,I 20 and Highway 142,,Not a Collision with Motor Vehicle,1,Rain,Water (standing or moving),Daylight
2020-10-31T04:29:00.000,I 20,I 20 and Highway 142,,Not a Collision with Motor Vehicle,1,Clear,Dry,Dark-Not Lighted
2020-07-30T11:40:00.000,I 20,I 20 and Highway 142,,Not a Collision with Motor Vehicle,1,Clear,Dry,Daylight
2020-09-16T09:59:00.000,I 20,I 20 and Highway 142,,Rear End,4,Cloudy,Dry,Daylight
2020-05-02T12:56:00.000,I 20,I 20 and Highway 142,,Rear End,2,Clear,Dry,Daylight
2021-06-22T06:13:00.000,I 20,I 20 and Highway 142,,Head On,1,Rain,Wet,Dark-Lighted
2021-05-12T08:12:00.000,I 20,I 20 and Highway 142,,Not a Collision with Motor Vehicle,1,Rain,Wet,Daylight
2021-04-24T10:31:00.000,I 20,I 20 and Highway 142,,Not a Collision with Motor Vehicle,1,Rain,Wet,Daylight
2021-05-08T19:39:00.000,I 20,I 20 and Highway 142,,Not a Collision with Motor Vehicle,1,Clear,Dry,Daylight
2021-03-09T12:32:00.000,I 20,I 20 and Highway 142,,Rear End,2,Clear,Dry,Daylight
2021-03-12T10:51:00.000,I 20,I 20 and Highway 142,,Rear End,2,Clear,Dry,Daylight
2021-08-07T15:56:00.000,I 20,I 20 and Highway 142,,Rear End,2,Clear,Dry,Daylight
2021-08-17T15:38:00.000,I 20,I 20 and Highway 142,,Rear End,2,Rain,Wet,Daylight
2021-10-29T03:45:00.000,I 20,I 20 and Highway 142,,Head On,1,Clear,Dry,Dark-Not Lighted
2021-09-11T07:17:00.000,I 20,I 20 and Highway 142,,Sideswipe-Same Direction,2,Clear,Dry,Daylight
2021-07-31T05:39:00.000,I 20,I 20 and Highway 142,,Not a Collision with Motor Vehicle,1,Clear,Dry,Dark-Not Lighted
2022-10-08T20:30:00.000,I 20,I 20 and Highway 142,,Not a Collision with Motor Vehicle,1,Clear,Dry,Dark-Lighted
2021-07-21T05:47:00.000,I 20,I 20 and Highway 142,,Not a Collision with Motor Vehicle,1,Cloudy,Wet,Dark-Not Lighted
2023-02-09T04:45:00.000,I 20,I 20 and Highway 142,,Not a Collision with Motor Vehicle,1,Clear,Dry,Dark-Not Lighted
2021-07-06T09:12:00.000,I 20,I 20 and Highway 138,,Not a Collision with Motor Vehicle,1,Clear,Dry,Dark-Not Lighted
2021-07-08T19:58:00.000,I 20,I 20 and Highway 138,,Not a Collision with Motor Vehicle,2,Clear,Dry,Daylight
2021-07-20T19:10:00.000,I 20,I 20 and Highway 138,,Sideswipe-Same Direction,3,Rain,Wet,Daylight
2021-06-25T09:30:00.000,I 20,I 20 and Highway 138,,Rear End,3,Clear,Dry,Dark-Not Lighted
2020-01-26T13:10:00.000,I 20,I 20 and Highway 138,,Not a Collision with Motor Vehicle,1,Clear,Dry,Daylight
2020-07-12T17:13:00.000,I 20,I 20 and Highway 138,,Sideswipe-Same Direction,3,Clear,Dry,Daylight
2020-01-24T21:35:00.000,I 20,I 20 and Highway 138,,Sideswipe-Same Direction,2,Fog,Wet,Dark-Lighted
2020-03-08T19:15:00.000,I 20,I 20 and Highway 138,,Angle Crash,2,Clear,Dry,Daylight
2020-06-07T16:14:00.000,I 20,I 20 and Highway 138,,Sideswipe-Same Direction,2,Clear,Dry,Daylight
2020-05-22T16:04:00.000,I 20,I 20 and Highway 138,,Not a Collision with Motor Vehicle,1,Clear,Dry,Daylight
2020-03-02T17:30:00.000,I 20,I 20 and Highway 138,,Sideswipe-Same Direction,2,Rain,Wet,Dawn
2020-02-27T08:04:00.000,I 20,I 20 and Highway 138,,Sideswipe-Same Direction,2,Clear,Dry,Daylight
2020-06-14T20:50:00.000,I 20,I 20 and Highway 138,,Sideswipe-Same Direction,2,Rain,Wet,Dusk
2020-09-11T19:18:00.000,I 20,I 20 and Highway 138,,Angle Crash,4,Clear,Dry,Dark-Lighted