Date and Time,Roadway (From Crash Report),Intersection Name (from Crash Report),KABCO Severity,Manner of Collision (Crash Level) ,# of Vehicles per crash ,Weather Conditions (Crash Level),Surface Condition (Crash Level) ,Light Conditions (Crash Level)
2020-10-07T04:22:00.000,I 20,I 20 and Highway 138,,Rear End,1,Clear,Dry,Dark-Not Lighted
2020-03-03T10:40:00.000,I 20,I 20 and Highway 138,,Not a Collision with Motor Vehicle,3,Clear,Wet,Daylight
2020-02-03T14:00:00.000,I 20,I 20 and Highway 138,,Angle Crash,2,Clear,Dry,Daylight
2020-02-06T06:39:00.000,I 20,I 20 and Highway 138,,Rear End,2,Rain,Wet,Dark-Lighted
2020-06-25T06:25:00.000,I 20,I 20 and Highway 138,,Not a Collision with Motor Vehicle,1,Cloudy,Wet,Dawn
2020-10-03T14:27:00.000,I 20,I 20 and Highway 138,,Head On,1,Clear,Dry,Daylight
2020-04-27T20:44:00.000,I 20,I 20 and Highway 138,,Sideswipe-Same Direction,2,Clear,Dry,Dark-Lighted
2020-05-29T23:00:00.000,I 20,I 20 and Highway 138,,Angle Crash,2,Cloudy,Wet,Dark-Not Lighted
2020-10-10T20:00:00.000,I 20,I 20 and Highway 138,,Sideswipe-Same Direction,2,Rain,Wet,Dark-Lighted
2020-06-12T09:30:00.000,I 20,I 20 and Highway 138,,Rear End,3,Clear,Dry,Daylight
2020-09-13T14:07:00.000,I 20,I 20 and Highway 138,,Not a Collision with Motor Vehicle,1,Cloudy,Dry,Daylight
2020-03-13T20:48:00.000,I 20,I 20 and Highway 138,,Sideswipe-Same Direction,2,Clear,Dry,Dark-Not Lighted
2020-11-13T12:56:00.000,I 20,I 20 and Highway 138,,Sideswipe-Same Direction,2,Clear,Dry,Daylight
2020-02-18T07:05:00.000,I 20,I 20 and Highway 138,,Not a Collision with Motor Vehicle,1,Rain,Wet,Daylight
2020-07-19T00:28:00.000,I 20,I 20 and Highway 138,,Angle Crash,1,Cloudy,Dry,Dark-Not Lighted
2020-09-10T12:00:00.000,I 20,I 20 and Highway 138,,Head On,1,Clear,Dry,Daylight
2020-10-07T10:26:00.000,I 20,I 20 and Highway 138,,Rear End,2,Clear,Dry,Daylight
2020-10-01T12:49:00.000,I 20,I 20 and Highway 138,,Rear End,4,Clear,Dry,Daylight
2021-05-01T08:46:00.000,I 20,I 20 and Highway 138,,Not a Collision with Motor Vehicle,1,Clear,Dry,Dark-Not Lighted
2021-06-14T01:20:00.000,I 20,I 20 and Highway 138,,Rear End,2,Clear,Dry,Dark-Lighted
2021-07-01T02:20:00.000,I 20,I 20 and Highway 138,,Angle Crash,3,Cloudy,Dry,Dark-Not Lighted
2021-07-05T10:45:00.000,I 20,I 20 and Highway 138,,Sideswipe-Same Direction,2,Clear,Dry,Daylight
2022-01-17T18:43:00.000,I 20,I 20 and Highway 138,,Rear End,2,Cloudy,Dry,Daylight
2022-02-21T08:00:00.000,I 20,I 20 and Highway 138,,Rear End,2,Cloudy,Dry,Daylight
2024-10-24T16:56:00.000,I 20,I 20 and Highway 138,,Not a Collision with Motor Vehicle,2,Clear,Dry,Daylight
2024-10-15T00:00:00.000,I 20,I 20 and Highway 138,,Angle Crash,2,Clear,Dry,Dark-Lighted
2024-08-24T15:09:00.000,I 20,I 20 and Highway 138,,Rear End,4,Clear,Dry,Daylight
2024-11-07T06:25:00.000,I 20,I 20 and Highway 138,,Angle Crash,2,Cloudy,Wet,Dark-Lighted
2024-06-16T11:03:00.000,I 20,I 20 and Highway 138,,Head On,2,Clear,Dry,Daylight
2021-06-29T05:15:00.000,I 20,I 20 and Highway 113,,Not a Collision with Motor Vehicle,1,Rain,Wet,Dark-Not Lighted
2023-07-22T05:40:00.000,I 20,I 20 and Highway 113,,Head On,2,Clear,Dry,Dark-Not Lighted
2024-05-01T17:35:00.000,I 20,I 20 and Highway 113,,Rear End,2,Clear,Dry,Daylight
2024-04-26T18:45:00.000,I 20,I 20 and Highway 113,,Rear End,2,Clear,Dry,Daylight
2021-06-27T21:30:00.000,I 20,I 20 and Highway 11,,Angle Crash,1,Clear,Dry,Dark-Not Lighted
2021-07-12T14:22:00.000,I 20,I 20 and Highway 11,,Rear End,3,Clear,Dry,Daylight
2021-09-14T13:14:00.000,I 20,I 20 and Highway 11,,Not a Collision with Motor Vehicle,1,Clear,Dry,Daylight
2021-09-21T08:35:00.000,I 20,I 20 and Highway 11,,Rear End,2,Cloudy,Wet,Daylight
2021-05-24T04:25:00.000,I 20,I 20 and Highway 11,,Sideswipe-Same Direction,2,Clear,Dry,Dark-Not Lighted
2021-09-06T18:20:00.000,I 20,I 20 and Highway 11,,Not a Collision with Motor Vehicle,1,Rain,Wet,Daylight
2021-04-28T00:14:00.000,I 20,I 20 and Highway 11,,Not a Collision with Motor Vehicle,1,Clear,Dry,Dark-Not Lighted
2021-04-16T15:44:00.000,I 20,I 20 and Highway 11,,Rear End,2,Clear,Dry,Daylight
2021-05-23T03:34:00.000,I 20,I 20 and Highway 11,,Rear End,2,Clear,Dry,Dark-Not Lighted
2021-06-28T13:50:00.000,I 20,I 20 and Highway 11,,Rear End,2,Clear,Dry,Daylight
2021-10-01T04:48:00.000,I 20,I 20 and Highway 11,,Not a Collision with Motor Vehicle,1,Clear,Dry,Dark-Lighted
2021-08-19T18:14:00.000,I 20,I 20 and Highway 11,,Not a Collision with Motor Vehicle,1,Cloudy,Dry,Daylight
2021-06-26T11:00:00.000,I 20,I 20 and Highway 11,,Sideswipe-Same Direction,3,Clear,Dry,Daylight
2020-11-13T17:38:00.000,I 20,I 20 and Highway 11,,Rear End,2,Clear,Dry,Dusk
2020-07-18T11:07:00.000,I 20,I 20 and Highway 11,,Not a Collision with Motor Vehicle,1,Clear,Dry,Daylight
2023-04-28T00:20:00.000,I 20,I 20 and Highway 11,,Not a Collision with Motor Vehicle,1,Clear,Dry,Dark-Not Lighted
2020-10-31T00:29:00.000,I 20,I 20 and Highway 11,,Not a Collision with Motor Vehicle,1,Clear,Dry,Dark-Not Lighted
2020-10-25T19:20:00.000,I 20,I 20 and Highway 11,,Angle Crash,2,Clear,Dry,Dark-Lighted
2020-05-21T16:58:00.000,I 20,I 20 and Highway 11,,Rear End,2,Clear,Dry,Daylight
2020-01-21T15:49:00.000,I 20,I 20 and Highway 11,,Rear End,2,Clear,Dry,Daylight
2020-11-09T23:42:00.000,I 20,I 20 and Highway 11,,Not a Collision with Motor Vehicle,1,Cloudy,Dry,Dark-Not Lighted
2020-04-16T21:48:00.000,I 20,I 20 and Highway 11,,Not a Collision with Motor Vehicle,2,Clear,Dry,Dark-Lighted
2020-03-31T05:40:00.000,I 20,I 20 and Highway 11,,Not a Collision with Motor Vehicle,1,Clear,Dry,Dark-Not Lighted
2020-01-16T00:50:00.000,I 20,I 20 and Highway 11,,Not a Collision with Motor Vehicle,1,Clear,Dry,Dark-Not Lighted
2020-05-21T15:53:00.000,I 20,I 20 and Highway 11,,Angle Crash,2,Clear,Dry,Daylight
2020-07-06T12:50:00.000,I 20,I 20 and Highway 11,,Sideswipe-Same Direction,2,Cloudy,Dry,Daylight
2020-12-06T05:20:00.000,I 20,I 20 and Highway 11,,Not a Collision with Motor Vehicle,1,Clear,Dry,Dark-Not Lighted
2020-11-14T17:23:00.000,I 20,I 20 and Highway 11,,Sideswipe-Same Direction,2,Clear,Dry,Dusk
2020-05-09T14:11:00.000,I 20,I 20 and Highway 11,,(None),1,(None),(None),(None)
2020-12-24T17:35:00.000,I 20,I 20 and Highway 11,,Not a Collision with Motor Vehicle,2,Rain,Wet,Dark-Not Lighted
2020-04-09T23:50:00.000,I 20,I 20 and Highway 11,,Angle Crash,1,Clear,Dry,Dark-Lighted
2020-12-27T15:15:00.000,I 20,I 20 and Highway 11,,Head On,1,Clear,Dry,Daylight
2020-09-24T11:27:00.000,I 20,I 20 and Highway 11,,Sideswipe-Same Direction,1,Rain,Wet,Daylight
2020-05-11T11:32:00.000,I 20,I 20 and Highway 11,,Sideswipe-Same Direction,2,Clear,Dry,Daylight
2020-10-29T12:37:00.000,I 20,I 20 and Highway 11,,Not a Collision with Motor Vehicle,1,Clear,Dry,Daylight
2020-08-09T17:17:00.000,I 20,I 20 and Highway 11,,Head On,1,Clear,Dry,Daylight
2020-12-29T12:12:00.000,I 20,I 20 and Highway 11,,Rear End,2,Clear,Dry,Daylight
2020-06-14T21:04:00.000,I 20,I 20 and Highway 11,,Sideswipe-Same Direction,2,Cloudy,Dry,Dark-Not Lighted
2020-08-08T21:27:00.000,I 20,I 20 and Highway 11,,Not a Collision with Motor Vehicle,1,Clear,Dry,Dark-Lighted
2020-10-23T23:40:00.000,I 20,I 20 and Highway 11,,Angle Crash,1,Clear,Dry,Dark-Lighted
2020-03-26T16:12:00.000,I 20,I 20 and Highway 11,,Rear End,2,Clear,Dry,Daylight
2020-03-06T07:56:00.000,I 20,I 20 and Highway 11,,Rear End,2,Clear,Dry,Daylight
2020-06-21T12:40:00.000,I 20,I 20 and Highway 11,,Sideswipe-Same Direction,2,Clear,Dry,Daylight
2020-08-07T15:33:00.000,I 20,I 20 and Highway 11,,Rear End,2,Clear,Dry,Daylight
2020-06-06T15:20:00.000,I 20,I 20 and Highway 11,,Sideswipe-Opposite Direction,2,Cloudy,Dry,Daylight
2020-12-08T07:50:00.000,I 20,I 20 and Highway 11,,Not a Collision with Motor Vehicle,1,Clear,Dry,Daylight
2021-02-03T00:05:00.000,I 20,I 20 and Highway 11,,Rear End,3,Clear,Dry,Dark-Not Lighted
2021-06-03T06:33:00.000,I 20,I 20 and Highway 11,,Not a Collision with Motor Vehicle,1,Clear,Dry,Daylight
2021-02-24T17:55:00.000,I 20,I 20 and Highway 11,,Not a Collision with Motor Vehicle,1,Clear,Dry,Daylight
2021-03-13T11:30:00.000,I 20,I 20 and Highway 11,,Not a Collision with Motor Vehicle,1,Clear,Dry,Daylight
2021-05-03T17:15:00.000,I 20,I 20 and Highway 11,,Sideswipe-Same Direction,1,Rain,Wet,Daylight
2021-06-14T17:53:00.000,I 20,I 20 and Highway 11,,Angle Crash,2,Rain,Wet,Daylight
2021-06-02T07:27:00.000,I 20,I 20 and Highway 11,,Angle Crash,3,Cloudy,Dry,Daylight
2021-08-29T05:45:00.000,I 20,I 20 and Highway 11,,Sideswipe-Same Direction,2,Clear,Dry,Dark-Not Lighted
2021-09-27T13:00:00.000,I 20,I 20 and Highway 11,,Not a Collision with Motor Vehicle,1,Clear,Dry,Daylight
2021-09-30T16:05:00.000,I 20,I 20 and Highway 11,,Rear End,2,Clear,Dry,Daylight
2021-07-20T04:49:00.000,I 20,I 20 and Highway 11,,Not a Collision with Motor Vehicle,1,Rain,Wet,Dark-Not Lighted
2021-08-28T05:23:00.000,I 20,I 20 and Highway 11,,Not a Collision with Motor Vehicle,1,Clear,Dry,Dark-Not Lighted
2022-09-11T18:00:00.000,I 20,I 20 and Highway 11,,Rear End,2,Clear,Dry,Daylight
2023-09-26T17:40:00.000,I 20,I 20 and Highway 100,,Not a Collision with Motor Vehicle,4,Clear,Dry,Daylight
2023-02-10T07:58:00.000,I 20,I 20 and Highway 100,,Sideswipe-Same Direction,2,Clear,Dry,Daylight
2023-04-08T10:27:00.000,I 20,I 20 and Highway 100,,Not a Collision with Motor Vehicle,1,Rain,Wet,Daylight
2023-12-13T21:30:00.000,I 20,I 20 and Highway 100,,Not a Collision with Motor Vehicle,1,Clear,Dry,Dark-Not Lighted
2023-03-25T05:51:00.000,I 20,I 20 and Highway 100,,Not a Collision with Motor Vehicle,1,Rain,Wet,Dark-Not Lighted
2023-07-10T05:11:00.000,I 20,I 20 and Highway 100,,Not a Collision with Motor Vehicle,1,Rain,Wet,Dark-Not Lighted
2023-12-20T12:09:00.000,I 20,I 20 and Highway 100,,Rear End,2,Clear,Dry,Daylight
2021-06-30T11:57:00.000,I 20,I 20 and Highway 100,,Not a Collision with Motor Vehicle,1,Clear,Dry,Daylight
2023-12-25T11:45:00.000,I 20,I 20 and Highway 100,,Not a Collision with Motor Vehicle,1,Rain,Wet,Daylight
2023-08-29T21:55:00.000,I 20,I 20 and Highway 100,,Not a Collision with Motor Vehicle,1,Rain,Wet,Dark-Not Lighted
2023-04-08T14:12:00.000,I 20,I 20 and Highway 100,,Not a Collision with Motor Vehicle,1,Rain,Wet,Daylight
2023-02-10T08:11:00.000,I 20,I 20 and Highway 100,,Sideswipe-Same Direction,2,(None),Dry,Daylight
2023-07-27T19:03:00.000,I 20,I 20 and Highway 100,,Not a Collision with Motor Vehicle,1,Rain,Wet,Daylight
2024-06-04T02:49:00.000,I 20,I 20 and Highway 100,,Sideswipe-Same Direction,2,Clear,Dry,Dark-Not Lighted
2024-07-30T20:52:00.000,I 20,I 20 and Highway 100,,Sideswipe-Same Direction,2,Rain,Wet,Dark-Not Lighted
2024-04-17T15:23:00.000,I 20,I 20 and Highway 100,,Rear End,2,Clear,Dry,Daylight
2020-07-04T02:00:00.000,I 20,I 20 and Hightower Rd,,Rear End,2,Clear,Dry,Dark-Lighted
2022-01-23T22:02:00.000,I 20,I 20 and Highhway 77,,Sideswipe-Same Direction,2,Clear,Dry,Dark-Lighted
2021-09-08T12:54:00.000,I 20,I 20 and Highay 142,,Angle Crash,4,Clear,Dry,Daylight
2024-06-04T10:20:00.000,I 20,I 20 and Hi;Ll Street Opas,,Sideswipe-Same Direction,4,Clear,Dry,Daylight
2020-03-25T17:35:00.000,I 20,I 20 and Heholmes Dr,,Sideswipe-Same Direction,2,Clear,Dry,Daylight
2020-08-24T02:20:00.000,I 20,I 20 and Heholmes,,Rear End,2,Clear,Dry,Dark-Lighted
2020-07-10T09:48:00.000,I 20,I 20 and Heholmes,,Sideswipe-Same Direction,2,Clear,Dry,Daylight
2020-07-21T18:23:00.000,I 20,I 20 and Heholmes,,Sideswipe-Same Direction,3,Cloudy,Dry,Daylight
2021-03-03T09:04:00.000,I 20,I 20 and He Holmes Exit Rp,,Rear End,3,Clear,Dry,Daylight
2021-01-01T07:00:00.000,I 20,I 20 and He Holmes Dr,,Not a Collision with Motor Vehicle,1,Rain,Wet,Dark-Not Lighted
2021-07-28T11:00:00.000,I 20,I 20 and He Holmes Dr,,Not a Collision with Motor Vehicle,1,Clear,Dry,Daylight
2020-04-29T16:17:00.000,I 20,I 20 and He Holmes Dr,,Sideswipe-Same Direction,2,Rain,Wet,Daylight
2020-11-10T19:10:00.000,I 20,I 20 and He Holmes Dr,,Sideswipe-Same Direction,2,Rain,Wet,Daylight
2020-02-18T15:20:00.000,I 20,I 20 and He Holmes Dr,,Rear End,2,Rain,Wet,Daylight
2020-06-30T13:20:00.000,I 20,I 20 and He Holmes Dr,,Not a Collision with Motor Vehicle,1,Cloudy,Dry,Daylight
2020-09-10T16:55:00.000,I 20,I 20 and He Holmes Dr,,Sideswipe-Same Direction,2,Clear,Dry,Daylight
2020-04-10T10:35:00.000,I 20,I 20 and He Holmes Dr,,Rear End,2,Clear,Dry,Daylight
2020-04-14T15:05:00.000,I 20,I 20 and He Holmes Dr,,Not a Collision with Motor Vehicle,1,Clear,Dry,Daylight
2020-08-03T15:50:00.000,I 20,I 20 and He Holmes Dr,,Rear End,2,Clear,Wet,Daylight
2021-02-16T17:07:00.000,I 20,I 20 and He Holmes Dr,,Rear End,2,Clear,Dry,Daylight
2021-04-28T17:41:00.000,I 20,I 20 and He Holmes Dr,,Rear End,2,Clear,Dry,Daylight
2021-09-03T18:23:00.000,I 20,I 20 and He Holmes Dr,,Rear End,2,Clear,Dry,Daylight
2023-01-30T10:20:00.000,I 20,I 20 and He Holmes Dr,,Not a Collision with Motor Vehicle,1,Rain,Wet,Daylight
2021-09-22T17:20:00.000,I 20,I 20 and He Holmes,,Angle Crash,2,Cloudy,Dry,Daylight
2020-07-24T04:40:00.000,I 20,I 20 and Hazelbrand Rd,,Not a Collision with Motor Vehicle,1,Clear,Dry,Dark-Lighted
2020-07-19T14:48:00.000,I 20,I 20 and Hazelbrand Rd,,Angle Crash,1,Clear,Dry,Daylight
2020-01-03T12:00:00.000,I 20,I 20 and Hazelbrand Rd,,Head On,1,Rain,Wet,Daylight
2020-08-09T20:35:00.000,I 20,I 20 and Hazelbrand Rd,,Not a Collision with Motor Vehicle,1,Rain,Wet,Dark-Lighted
2020-01-24T07:27:00.000,I 20,I 20 and Hazelbrand Rd,,Not a Collision with Motor Vehicle,1,Rain,Wet,Daylight
2020-08-27T06:49:00.000,I 20,I 20 and Hazelbrand Rd,,Sideswipe-Same Direction,2,Clear,Dry,Daylight
2021-01-07T15:54:00.000,I 20,I 20 and Hazelbrand Rd,,Not a Collision with Motor Vehicle,1,Rain,Wet,Daylight
2021-02-11T13:40:00.000,I 20,I 20 and Hazelbrand Rd,,Not a Collision with Motor Vehicle,1,Rain,Wet,Daylight
2021-09-03T13:21:00.000,I 20,I 20 and Hazelbrand Rd,,Rear End,2,Clear,Dry,Daylight
2022-05-26T15:27:00.000,I 20,I 20 and Hazelbrand Rd,,Not a Collision with Motor Vehicle,1,Rain,Wet,Daylight
2024-01-25T10:26:00.000,I 20,I 20 and Hazelbrand Rd,,Not a Collision with Motor Vehicle,1,Rain,Wet,Daylight
2020-09-16T16:00:00.000,I 20,I 20 and Hazelbrand,,Not a Collision with Motor Vehicle,1,Rain,Wet,Daylight
2024-12-24T22:30:00.000,I 20,I 20 and Harper Dr,,Angle Crash,3,Clear,Dry,Dark-Not Lighted
2024-10-04T11:00:00.000,I 20,I 20 and Hamlton E Holmes Dr,,Angle Crash,2,Cloudy,Dry,Daylight
2020-10-30T17:34:00.000,I 20,I 20 and Hamliton Holmes Drive Underpas,,Sideswipe-Same Direction,2,Clear,Dry,Daylight
2020-11-17T14:15:00.000,I 20,I 20 and Hamilton Holmes Opas,,Not a Collision with Motor Vehicle,1,Clear,Dry,Daylight
2024-03-25T13:19:00.000,I 20,I 20 and Hamilton Holmes Driver,,Not a Collision with Motor Vehicle,1,Clear,Dry,Daylight
2020-12-17T07:15:00.000,I 20,I 20 and Hamilton Holmes Drive Underpas,,Sideswipe-Same Direction,2,Clear,Dry,Dawn
2021-06-24T15:56:00.000,I 20,I 20 and Hamilton Holmes Dr,,Rear End,2,Cloudy,Dry,Daylight
2020-12-21T08:46:00.000,I 20,I 20 and Hamilton Holmes Dr,,Rear End,2,Clear,Dry,Dark-Lighted
2024-03-25T13:14:00.000,I 20,I 20 and Hamilton Holmes Dr,,Not a Collision with Motor Vehicle,1,Clear,Dry,Daylight
2024-01-26T07:30:00.000,I 20,I 20 and Hamilton Holmes Dr,,Rear End,2,Clear,Dry,Daylight
2024-03-25T13:15:00.000,I 20,I 20 and Hamilton Holmes Dr,,Sideswipe-Same Direction,2,Clear,Dry,Daylight
2021-12-02T17:00:00.000,I 20,I 20 and Hamilton Holmes,,Not a Collision with Motor Vehicle,2,Clear,Dry,Dusk
2022-08-08T17:40:00.000,I 20,I 20 and Hamilton H.E Holmes Underpass,,Rear End,2,Clear,Dry,Daylight
2021-04-06T12:22:00.000,I 20,I 20 and Hamilton H Holmes Underpass,,Rear End,2,Clear,Dry,Daylight
2022-10-10T07:30:00.000,I 20,I 20 and Hamilton E. Holmes Drive Under,,Rear End,2,Clear,Dry,Daylight
2021-11-30T16:30:00.000,I 20,I 20 and Hamilton E. Holmes Dr,,Rear End,2,Clear,Dry,Daylight
2021-12-30T07:50:00.000,I 20,I 20 and Hamilton E. Holmes Dr,,Sideswipe-Same Direction,2,Rain,Wet,Daylight
2023-11-30T09:25:00.000,I 20,I 20 and Hamilton E. Holmes Dr,,Rear End,2,Clear,Dry,Daylight
2023-01-09T16:25:00.000,I 20,I 20 and Hamilton E. Holmes Dr,,Sideswipe-Same Direction,2,Clear,Dry,Daylight
2023-10-20T08:14:00.000,I 20,I 20 and Hamilton E. Holmes Dr,,Not a Collision with Motor Vehicle,1,Rain,Wet,Daylight
2023-09-14T15:52:00.000,I 20,I 20 and Hamilton E. Holmes Dr,,Rear End,2,Rain,Wet,Daylight
2022-05-17T08:42:00.000,I 20,I 20 and Hamilton E. Holmes Dr,,Rear End,2,Clear,Dry,Daylight
2022-05-17T08:42:00.000,I 20,I 20 and Hamilton E. Holmes Dr,,Rear End,2,Clear,Dry,Daylight
2021-11-01T09:52:00.000,I 20,I 20 and Hamilton E. Holmes Dr,,Not a Collision with Motor Vehicle,1,Clear,Dry,Daylight
2022-05-03T08:00:00.000,I 20,I 20 and Hamilton E. Holmes Dr,,Rear End,5,Clear,Dry,Daylight
2022-04-28T17:30:00.000,I 20,I 20 and Hamilton E. Holmes Dr,,Not a Collision with Motor Vehicle,1,Clear,Dry,Daylight
2022-11-17T07:32:00.000,I 20,I 20 and Hamilton E. Holmes Dr,,Rear End,2,Clear,Dry,Daylight
2022-11-10T19:20:00.000,I 20,I 20 and Hamilton E. Holmes Dr,,Rear End,4,Rain,Wet,Daylight
2022-11-18T18:33:00.000,I 20,I 20 and Hamilton E. Holmes Dr,,Sideswipe-Same Direction,2,Clear,Dry,Dusk
2022-02-28T06:58:00.000,I 20,I 20 and Hamilton E. Holmes Dr,,Rear End,2,Rain,Wet,Daylight
2022-07-21T16:52:00.000,I 20,I 20 and Hamilton E. Holmes Dr,,Rear End,2,Cloudy,Wet,Daylight
2022-06-21T16:50:00.000,I 20,I 20 and Hamilton E. Holmes Dr,,Sideswipe-Same Direction,2,Clear,Dry,Daylight
2022-10-13T10:25:00.000,I 20,I 20 and Hamilton E. Holmes Dr,,Rear End,2,Cloudy,Wet,Daylight
2022-05-26T18:40:00.000,I 20,I 20 and Hamilton E. Holmes Dr,,Sideswipe-Same Direction,2,Cloudy,Wet,Daylight
2022-07-11T14:40:00.000,I 20,I 20 and Hamilton E. Holmes Dr,,Angle Crash,2,Cloudy,Dry,Daylight
2023-09-25T14:02:00.000,I 20,I 20 and Hamilton E. Holmes Dr,,Angle Crash,2,Clear,Dry,Daylight
2023-05-05T15:00:00.000,I 20,I 20 and Hamilton E. Holmes Dr,,Rear End,2,Rain,Wet,Daylight
2023-02-24T16:44:00.000,I 20,I 20 and Hamilton E. Holmes Dr,,Sideswipe-Same Direction,2,Rain,Dry,Daylight
2023-09-25T13:59:00.000,I 20,I 20 and Hamilton E. Holmes Dr,,Sideswipe-Same Direction,2,Clear,Dry,Daylight
2023-02-27T06:52:00.000,I 20,I 20 and Hamilton E. Holmes Dr,,Rear End,2,Clear,Dry,Daylight
2023-09-08T14:29:00.000,I 20,I 20 and Hamilton E. Holmes Dr,,Rear End,4,Clear,Dry,Daylight
2024-08-29T13:00:00.000,I 20,I 20 and Hamilton E. Holmes Dr,,Sideswipe-Same Direction,2,Clear,Dry,Daylight
2024-12-09T17:03:00.000,I 20,I 20 and Hamilton E. Holmes Dr,,Rear End,2,Rain,Wet,Dawn
2024-05-31T17:05:00.000,I 20,I 20 and Hamilton E. Holmes Dr,,Sideswipe-Same Direction,2,Clear,Dry,Daylight
2024-03-05T15:14:00.000,I 20,I 20 and Hamilton E. Holmes Dr,,Sideswipe-Same Direction,2,Rain,Wet,Daylight
2024-09-16T19:22:00.000,I 20,I 20 and Hamilton E. Holmes Dr,,Sideswipe-Same Direction,3,Clear,Dry,Dusk
2023-05-25T11:57:00.000,I 20,I 20 and Hamilton E. Holmes,,Not a Collision with Motor Vehicle,1,Clear,Dry,Daylight
2023-01-12T11:48:00.000,I 20,I 20 and Hamilton E. Holmes,,Not a Collision with Motor Vehicle,1,Clear,Dry,Daylight
2022-04-05T13:51:00.000,I 20,I 20 and Hamilton E. Holmes,,Rear End,2,Rain,Wet,Daylight
2022-05-10T18:52:00.000,I 20,I 20 and Hamilton E. Holmes,,Rear End,2,Clear,Dry,Daylight
2022-03-08T17:15:00.000,I 20,I 20 and Hamilton E. Holmes,,Rear End,2,Rain,Wet,Daylight
2022-04-05T13:26:00.000,I 20,I 20 and Hamilton E. Holmes,,Sideswipe-Same Direction,2,Rain,Wet,Daylight
2022-08-23T16:13:00.000,I 20,I 20 and Hamilton E. Holmes,,Rear End,3,Cloudy,Dry,Daylight
2022-01-08T11:52:00.000,I 20,I 20 and Hamilton E. Holmes,,Sideswipe-Same Direction,2,Clear,Dry,Daylight
2024-02-02T11:05:00.000,I 20,I 20 and Hamilton E. Holmes,,Not a Collision with Motor Vehicle,1,Clear,Dry,Daylight
2024-07-11T12:33:00.000,I 20,I 20 and Hamilton E. Holmes,,Not a Collision with Motor Vehicle,2,Clear,Dry,Daylight
2023-10-20T18:05:00.000,I 20,I 20 and Hamilton E Homlmes Dr,,Rear End,2,Clear,Dry,Daylight
2022-08-29T17:07:00.000,I 20,I 20 and Hamilton E Homlmes,,Sideswipe-Same Direction,2,Clear,Dry,Daylight
2024-07-25T17:04:00.000,I 20,I 20 and Hamilton E Homles Dr,,Rear End,2,Rain,Wet,Daylight
2020-07-28T02:22:00.000,I 20,I 20 and Hamilton E Homles,,Head On,2,Clear,Dry,Dark-Lighted
2022-01-07T18:30:00.000,I 20,I 20 and Hamilton E Holmoes,,Sideswipe-Same Direction,3,Clear,Dry,Dark-Not Lighted
2022-05-13T17:49:00.000,I 20,I 20 and Hamilton E Holmes Rd,,Angle Crash,2,Clear,Dry,Daylight
2022-03-31T16:25:00.000,I 20,I 20 and Hamilton E Holmes Drive Underp,,Rear End,2,Clear,Dry,Daylight
2021-04-09T06:29:00.000,I 20,I 20 and Hamilton E Holmes Dr,,Sideswipe-Same Direction,2,Cloudy,Dry,Dawn
2021-02-19T01:53:00.000,I 20,I 20 and Hamilton E Holmes Dr,,Angle Crash,1,Cloudy,Wet,Dark-Lighted
2021-04-01T11:50:00.000,I 20,I 20 and Hamilton E Holmes Dr,,Not a Collision with Motor Vehicle,2,Clear,Dry,Daylight
2021-04-11T15:19:00.000,I 20,I 20 and Hamilton E Holmes Dr,,Sideswipe-Same Direction,3,Clear,Dry,Daylight
2021-03-24T11:20:00.000,I 20,I 20 and Hamilton E Holmes Dr,,Sideswipe-Same Direction,1,Cloudy,Dry,Daylight
2021-03-01T07:34:00.000,I 20,I 20 and Hamilton E Holmes Dr,,Not a Collision with Motor Vehicle,1,Rain,Wet,Daylight
2021-02-14T15:37:00.000,I 20,I 20 and Hamilton E Holmes Dr,,Sideswipe-Same Direction,2,Cloudy,Dry,Daylight
2021-07-08T16:53:00.000,I 20,I 20 and Hamilton E Holmes Dr,,Rear End,2,Rain,Wet,Daylight
2021-07-09T17:27:00.000,I 20,I 20 and Hamilton E Holmes Dr,,Rear End,2,Rain,Wet,Daylight
2021-07-30T16:54:00.000,I 20,I 20 and Hamilton E Holmes Dr,,Rear End,2,Clear,Dry,Daylight
2021-01-10T17:44:00.000,I 20,I 20 and Hamilton E Holmes Dr,,Angle Crash,2,Clear,Dry,Dark-Not Lighted
2021-01-01T15:19:00.000,I 20,I 20 and Hamilton E Holmes Dr,,Sideswipe-Same Direction,2,Rain,Wet,Daylight
2021-01-31T20:22:00.000,I 20,I 20 and Hamilton E Holmes Dr,,Rear End,2,Rain,Wet,Dark-Lighted
2021-01-08T22:06:00.000,I 20,I 20 and Hamilton E Holmes Dr,,Sideswipe-Same Direction,2,Clear,Dry,Dark-Lighted