Date and Time,Roadway (From Crash Report),Intersection Name (from Crash Report),KABCO Severity,Manner of Collision (Crash Level) ,# of Vehicles per crash ,Weather Conditions (Crash Level),Surface Condition (Crash Level) ,Light Conditions (Crash Level)
2024-11-29T12:44:00.000,I 20,I 20 and H E Holmes Dr,,Rear End,2,Clear,Dry,Daylight
2024-07-01T08:52:00.000,I 20,I 20 and H E Holmes Dr,,Sideswipe-Same Direction,2,Clear,Dry,Daylight
2024-07-30T13:05:00.000,I 20,I 20 and H E Holmes Dr,,Sideswipe-Same Direction,5,Cloudy,Dry,Daylight
2023-12-08T18:21:00.000,I 20,I 20 and H E Holmes Dr,,Rear End,2,Cloudy,Dry,Dark-Lighted
2024-05-17T09:10:00.000,I 20,I 20 and H E Holmes Dr,,Sideswipe-Same Direction,2,Cloudy,Wet,Daylight
2024-06-18T20:20:00.000,I 20,I 20 and H E Holmes Dr,,Not a Collision with Motor Vehicle,1,Cloudy,Dry,Daylight
2024-03-28T05:55:00.000,I 20,I 20 and H E Holmes Dr,,Not a Collision with Motor Vehicle,1,Clear,Dry,Dark-Lighted
2021-07-23T14:58:00.000,I 20,I 20 and H E Holmes,,Not a Collision with Motor Vehicle,1,Cloudy,Dry,Daylight
2021-07-15T17:41:00.000,I 20,I 20 and H E Holmes,,Rear End,3,Clear,Dry,Daylight
2020-07-14T16:30:00.000,I 20,I 20 and H E Holmes,,Not a Collision with Motor Vehicle,1,Clear,Dry,Daylight
2022-04-08T15:50:00.000,I 20,I 20 and H E Holmes,,Rear End,2,Clear,Dry,Daylight
2024-02-26T07:48:00.000,I 20,I 20 and H E Holmes,,Rear End,2,Clear,Dry,Daylight
2024-03-28T18:08:00.000,I 20,I 20 and H E Holmes,,Not a Collision with Motor Vehicle,2,Clear,Dry,Daylight
2022-09-22T08:00:00.000,I 20,I 20 and Greshm Rd,,Sideswipe-Same Direction,2,Clear,Dry,Daylight
2023-01-04T00:00:00.000,I 20,I 20 and Greshamn Rd,,Not a Collision with Motor Vehicle,1,Rain,Wet,Dark-Lighted
2021-03-24T09:50:00.000,I 20,I 20 and Gresham Road Exit Rp,,Sideswipe-Same Direction,2,Clear,Dry,Daylight
2021-12-24T17:45:00.000,I 20,I 20 and Gresham Road Exit,,Not a Collision with Motor Vehicle,2,Clear,Dry,Daylight
2023-06-02T19:42:00.000,I 20,I 20 and Gresham Rd.,,Rear End,2,Clear,Dry,Daylight
2022-04-12T16:40:00.000,I 20,I 20 and Gresham Rd.,,Not a Collision with Motor Vehicle,2,Clear,Dry,Daylight
2022-06-25T22:30:00.000,I 20,I 20 and Gresham Rd.,,Sideswipe-Same Direction,2,Clear,Dry,Dark-Lighted
2022-09-10T01:25:00.000,I 20,I 20 and Gresham Rd.,,Not a Collision with Motor Vehicle,1,Rain,Wet,Dark-Lighted
2023-05-05T23:00:00.000,I 20,I 20 and Gresham Rd.,,Sideswipe-Same Direction,2,Clear,Dry,Dark-Lighted
2023-09-16T12:00:00.000,I 20,I 20 and Gresham Rd.,,Not a Collision with Motor Vehicle,2,Clear,Wet,Daylight
2023-01-11T08:30:00.000,I 20,I 20 and Gresham Rd.,,Rear End,2,Cloudy,Dry,Daylight
2023-10-24T09:06:00.000,I 20,I 20 and Gresham Rd.,,Angle Crash,2,Clear,Dry,Daylight
2024-06-03T01:54:00.000,I 20,I 20 and Gresham Rd Exit,,Rear End,2,Rain,Wet,Dark-Not Lighted
2021-05-11T11:21:00.000,I 20,I 20 and Gresham Rd,,Not a Collision with Motor Vehicle,2,Clear,Dry,Daylight
2021-03-31T20:00:00.000,I 20,I 20 and Gresham Rd,,Rear End,2,Clear,Dry,Dark-Lighted
2021-06-19T03:25:00.000,I 20,I 20 and Gresham Rd,,Not a Collision with Motor Vehicle,1,Clear,Dry,Dark-Lighted
2021-06-13T17:15:00.000,I 20,I 20 and Gresham Rd,,Not a Collision with Motor Vehicle,1,Clear,Dry,Daylight
2021-04-22T22:25:00.000,I 20,I 20 and Gresham Rd,,Angle Crash,4,Clear,Dry,Dark-Lighted
2021-03-17T23:00:00.000,I 20,I 20 and Gresham Rd,,Sideswipe-Opposite Direction,2,Clear,Wet,Dark-Lighted
2021-10-08T22:39:00.000,I 20,I 20 and Gresham Rd,,Angle Crash,2,Clear,Dry,Dark-Not Lighted
2021-11-23T08:28:00.000,I 20,I 20 and Gresham Rd,,Rear End,3,Clear,Dry,Daylight
2021-09-01T00:12:00.000,I 20,I 20 and Gresham Rd,,Not a Collision with Motor Vehicle,1,Rain,Wet,Dark-Not Lighted
2021-07-18T02:30:00.000,I 20,I 20 and Gresham Rd,,Rear End,2,Clear,Dry,Dark-Not Lighted
2021-05-29T18:30:00.000,I 20,I 20 and Gresham Rd,,Rear End,2,Clear,Dry,Daylight
2021-03-08T07:52:00.000,I 20,I 20 and Gresham Rd,,Rear End,2,Clear,Dry,Daylight
2021-06-10T18:20:00.000,I 20,I 20 and Gresham Rd,,Rear End,2,Clear,Dry,Daylight
2021-05-18T19:14:00.000,I 20,I 20 and Gresham Rd,,Angle Crash,2,Clear,Dry,Daylight
2021-05-11T16:25:00.000,I 20,I 20 and Gresham Rd,,Not a Collision with Motor Vehicle,2,Clear,Dry,Daylight
2021-05-12T18:35:00.000,I 20,I 20 and Gresham Rd,,Rear End,2,Clear,Dry,Daylight
2021-12-18T05:32:00.000,I 20,I 20 and Gresham Rd,,Rear End,2,Cloudy,Wet,Dark-Lighted
2021-12-10T20:45:00.000,I 20,I 20 and Gresham Rd,,Angle Crash,2,Clear,Wet,Dark-Lighted
2021-11-30T13:35:00.000,I 20,I 20 and Gresham Rd,,Angle Crash,2,Clear,Dry,Daylight
2021-12-25T23:01:00.000,I 20,I 20 and Gresham Rd,,Not a Collision with Motor Vehicle,1,Clear,Dry,Dark-Lighted
2021-07-09T12:30:00.000,I 20,I 20 and Gresham Rd,,Rear End,2,Clear,Dry,Daylight
2021-07-25T01:50:00.000,I 20,I 20 and Gresham Rd,,Not a Collision with Motor Vehicle,1,Clear,Dry,Dark-Lighted
2021-08-07T03:00:00.000,I 20,I 20 and Gresham Rd,,Not a Collision with Motor Vehicle,1,Clear,Dry,Dark-Lighted
2021-02-28T19:30:00.000,I 20,I 20 and Gresham Rd,,Sideswipe-Same Direction,2,Clear,Dry,Daylight
2021-05-08T00:09:00.000,I 20,I 20 and Gresham Rd,,Not a Collision with Motor Vehicle,1,Clear,Dry,Dark-Lighted
2021-04-06T06:37:00.000,I 20,I 20 and Gresham Rd,,Not a Collision with Motor Vehicle,1,Clear,Dry,Dark-Lighted
2021-05-29T18:20:00.000,I 20,I 20 and Gresham Rd,,Rear End,2,Clear,Dry,Daylight
2021-10-13T18:35:00.000,I 20,I 20 and Gresham Rd,,Sideswipe-Same Direction,2,Clear,Dry,Daylight
2021-07-12T03:58:00.000,I 20,I 20 and Gresham Rd,,Sideswipe-Same Direction,2,Clear,Dry,Dark-Lighted
2021-11-17T02:30:00.000,I 20,I 20 and Gresham Rd,,Sideswipe-Same Direction,2,Clear,Dry,Dark-Lighted
2021-12-11T03:01:00.000,I 20,I 20 and Gresham Rd,,Angle Crash,3,Fog,Wet,Dark-Lighted
2021-12-14T08:45:00.000,I 20,I 20 and Gresham Rd,,Not a Collision with Motor Vehicle,1,Clear,Dry,Daylight
2021-09-25T17:18:00.000,I 20,I 20 and Gresham Rd,,Rear End,2,Clear,Dry,Daylight
2021-07-30T15:30:00.000,I 20,I 20 and Gresham Rd,,Sideswipe-Same Direction,3,Clear,Dry,Daylight
2021-07-24T07:45:00.000,I 20,I 20 and Gresham Rd,,Not a Collision with Motor Vehicle,2,Clear,Dry,Dawn
2021-05-09T04:00:00.000,I 20,I 20 and Gresham Rd,,Not a Collision with Motor Vehicle,1,Clear,Dry,Dark-Not Lighted
2021-04-24T08:06:00.000,I 20,I 20 and Gresham Rd,,Angle Crash,2,Rain,Wet,Daylight
2021-06-08T00:00:00.000,I 20,I 20 and Gresham Rd,,Sideswipe-Same Direction,2,Clear,Dry,Dark-Lighted
2021-06-07T20:00:00.000,I 20,I 20 and Gresham Rd,,Sideswipe-Same Direction,2,Clear,Dry,Dawn
2021-04-10T18:20:00.000,I 20,I 20 and Gresham Rd,,Not a Collision with Motor Vehicle,1,Clear,Dry,Daylight
2021-04-18T03:13:00.000,I 20,I 20 and Gresham Rd,,Angle Crash,3,Clear,Dry,Dark-Lighted
2020-01-14T18:15:00.000,I 20,I 20 and Gresham Rd,,Sideswipe-Same Direction,2,Rain,Wet,Dark-Lighted
2020-09-10T22:15:00.000,I 20,I 20 and Gresham Rd,,Rear End,2,Clear,Dry,Dark-Not Lighted
2020-08-10T13:18:00.000,I 20,I 20 and Gresham Rd,,Rear End,2,Clear,Wet,Daylight
2023-12-09T19:00:00.000,I 20,I 20 and Gresham Rd,,Sideswipe-Same Direction,2,Clear,Dry,Dark-Lighted
2023-12-21T03:10:00.000,I 20,I 20 and Gresham Rd,,Head On,2,Clear,Dry,Dark-Lighted
2023-07-30T19:28:00.000,I 20,I 20 and Gresham Rd,,Angle Crash,2,Clear,Dry,Daylight
2023-10-11T22:55:00.000,I 20,I 20 and Gresham Rd,,Not a Collision with Motor Vehicle,1,Rain,Wet,Dark-Lighted
2023-07-13T20:00:00.000,I 20,I 20 and Gresham Rd,,Sideswipe-Same Direction,2,Clear,Dry,Dark-Lighted
2023-07-11T18:00:00.000,I 20,I 20 and Gresham Rd,,Angle Crash,2,Clear,Dry,Daylight
2023-05-18T19:30:00.000,I 20,I 20 and Gresham Rd,,Not a Collision with Motor Vehicle,2,Cloudy,Dry,Daylight
2023-11-26T00:00:00.000,I 20,I 20 and Gresham Rd,,Not a Collision with Motor Vehicle,1,Clear,Dry,Dark-Lighted
2023-09-14T18:06:00.000,I 20,I 20 and Gresham Rd,,Angle Crash,2,Rain,Wet,Daylight
2023-12-19T23:30:00.000,I 20,I 20 and Gresham Rd,,Sideswipe-Same Direction,2,Clear,Dry,Dark-Lighted
2023-01-29T20:14:00.000,I 20,I 20 and Gresham Rd,,Angle Crash,2,Rain,Wet,Dark-Lighted
2023-04-08T18:10:00.000,I 20,I 20 and Gresham Rd,,Rear End,3,Rain,Wet,Daylight
2023-06-21T08:39:00.000,I 20,I 20 and Gresham Rd,,Rear End,2,Cloudy,Dry,Daylight
2023-12-20T10:20:00.000,I 20,I 20 and Gresham Rd,,Sideswipe-Same Direction,2,Clear,Dry,Daylight
2023-06-21T08:12:00.000,I 20,I 20 and Gresham Rd,,Rear End,2,Cloudy,Dry,Daylight
2023-07-22T08:45:00.000,I 20,I 20 and Gresham Rd,,Not a Collision with Motor Vehicle,1,Rain,Wet,Daylight
2023-11-16T17:13:00.000,I 20,I 20 and Gresham Rd,,Sideswipe-Same Direction,2,Clear,Dry,Daylight
2023-09-24T00:10:00.000,I 20,I 20 and Gresham Rd,,Sideswipe-Same Direction,3,Clear,Dry,Dark-Not Lighted
2023-06-28T12:30:00.000,I 20,I 20 and Gresham Rd,,Not a Collision with Motor Vehicle,2,Clear,Dry,Daylight
2023-06-06T10:20:00.000,I 20,I 20 and Gresham Rd,,Not a Collision with Motor Vehicle,1,Clear,Dry,Daylight
2023-06-02T09:50:00.000,I 20,I 20 and Gresham Rd,,Sideswipe-Same Direction,3,Clear,Dry,Daylight
2022-04-26T03:20:00.000,I 20,I 20 and Gresham Rd,,Not a Collision with Motor Vehicle,1,Clear,Dry,Dark-Not Lighted
2022-02-18T17:00:00.000,I 20,I 20 and Gresham Rd,,Rear End,2,Clear,Dry,Daylight
2023-06-19T04:10:00.000,I 20,I 20 and Gresham Rd,,Angle Crash,2,Rain,Wet,Dark-Lighted
2023-07-03T15:00:00.000,I 20,I 20 and Gresham Rd,,Not a Collision with Motor Vehicle,2,Clear,Dry,Daylight
2022-06-12T19:30:00.000,I 20,I 20 and Gresham Rd,,Not a Collision with Motor Vehicle,1,Clear,Dry,Daylight
2021-08-21T16:31:00.000,I 20,I 20 and Gresham Rd,,Rear End,2,Clear,Dry,Daylight
2021-07-12T00:17:00.000,I 20,I 20 and Gresham Rd,,Sideswipe-Same Direction,2,Clear,Dry,Dark-Lighted
2020-10-25T01:25:00.000,I 20,I 20 and Gresham Rd,,Not a Collision with Motor Vehicle,1,Cloudy,Wet,Dark-Lighted
2020-09-28T13:50:00.000,I 20,I 20 and Gresham Rd,,Not a Collision with Motor Vehicle,2,Clear,Dry,Daylight
2020-09-24T14:30:00.000,I 20,I 20 and Gresham Rd,,Not a Collision with Motor Vehicle,1,Rain,Wet,Daylight
2020-12-24T12:30:00.000,I 20,I 20 and Gresham Rd,,Not a Collision with Motor Vehicle,1,Rain,Wet,Daylight
2020-06-14T16:30:00.000,I 20,I 20 and Gresham Rd,,Not a Collision with Motor Vehicle,1,Rain,Wet,Daylight
2020-05-03T06:15:00.000,I 20,I 20 and Gresham Rd,,Sideswipe-Same Direction,2,Clear,Dry,Dark-Lighted
2020-08-21T19:45:00.000,I 20,I 20 and Gresham Rd,,Angle Crash,2,Rain,Wet,Daylight
2020-05-13T19:52:00.000,I 20,I 20 and Gresham Rd,,Rear End,2,Clear,Dry,Daylight
2020-11-29T20:45:00.000,I 20,I 20 and Gresham Rd,,Not a Collision with Motor Vehicle,1,Rain,Wet,Dark-Lighted
2020-03-15T06:20:00.000,I 20,I 20 and Gresham Rd,,Angle Crash,2,Clear,Dry,Daylight
2020-05-15T23:00:00.000,I 20,I 20 and Gresham Rd,,Sideswipe-Same Direction,2,Clear,Dry,Dark-Not Lighted
2020-06-17T13:14:00.000,I 20,I 20 and Gresham Rd,,Rear End,2,Clear,Dry,Daylight
2020-10-14T22:18:00.000,I 20,I 20 and Gresham Rd,,Rear End,2,Clear,Dry,Dark-Lighted
2020-06-14T19:55:00.000,I 20,I 20 and Gresham Rd,,Rear End,2,Rain,Wet,Daylight
2020-06-14T18:30:00.000,I 20,I 20 and Gresham Rd,,Rear End,2,Rain,Wet,Daylight
2020-06-15T05:20:00.000,I 20,I 20 and Gresham Rd,,Not a Collision with Motor Vehicle,1,Clear,Dry,Dark-Lighted
2020-06-14T18:00:00.000,I 20,I 20 and Gresham Rd,,Rear End,2,Clear,Wet,Daylight
2020-12-04T17:45:00.000,I 20,I 20 and Gresham Rd,,Angle Crash,2,Rain,Wet,Daylight
2020-10-31T22:35:00.000,I 20,I 20 and Gresham Rd,,Sideswipe-Same Direction,2,Clear,Dry,Dark-Lighted
2020-02-12T08:45:00.000,I 20,I 20 and Gresham Rd,,Rear End,3,Clear,Dry,Daylight
2020-04-10T11:05:00.000,I 20,I 20 and Gresham Rd,,Sideswipe-Same Direction,2,Clear,Dry,Daylight
2020-02-18T10:00:00.000,I 20,I 20 and Gresham Rd,,Angle Crash,2,Rain,Wet,Daylight
2020-06-27T12:00:00.000,I 20,I 20 and Gresham Rd,,Not a Collision with Motor Vehicle,2,Clear,Dry,Daylight
2020-04-07T15:00:00.000,I 20,I 20 and Gresham Rd,,Not a Collision with Motor Vehicle,1,Clear,Dry,Daylight
2020-01-21T20:00:00.000,I 20,I 20 and Gresham Rd,,Rear End,2,Clear,Dry,Dark-Lighted
2020-03-20T19:55:00.000,I 20,I 20 and Gresham Rd,,Not a Collision with Motor Vehicle,1,Clear,Dry,Daylight
2020-06-04T20:01:00.000,I 20,I 20 and Gresham Rd,,Not a Collision with Motor Vehicle,1,Rain,Wet,Daylight
2020-02-19T01:08:00.000,I 20,I 20 and Gresham Rd,,Not a Collision with Motor Vehicle,1,Rain,Wet,Dark-Not Lighted
2020-07-06T20:42:00.000,I 20,I 20 and Gresham Rd,,Angle Crash,2,Rain,Wet,Dark-Not Lighted
2020-10-25T00:15:00.000,I 20,I 20 and Gresham Rd,,Not a Collision with Motor Vehicle,1,Cloudy,Wet,Dark-Lighted
2020-06-14T18:20:00.000,I 20,I 20 and Gresham Rd,,Rear End,11,Rain,Wet,Daylight
2020-07-15T20:13:00.000,I 20,I 20 and Gresham Rd,,Not a Collision with Motor Vehicle,1,Severe Thunderstorm or Tornadic,Water (standing or moving),Daylight
2020-09-17T02:30:00.000,I 20,I 20 and Gresham Rd,,Not a Collision with Motor Vehicle,1,Rain,Water (standing or moving),Dark-Lighted
2020-03-15T05:50:00.000,I 20,I 20 and Gresham Rd,,Sideswipe-Same Direction,2,Clear,Dry,Dark-Not Lighted
2020-11-19T09:50:00.000,I 20,I 20 and Gresham Rd,,Angle Crash,2,Clear,Dry,Daylight
2020-09-13T04:17:00.000,I 20,I 20 and Gresham Rd,,Not a Collision with Motor Vehicle,1,Clear,Dry,Dark-Lighted
2020-06-29T20:00:00.000,I 20,I 20 and Gresham Rd,,Sideswipe-Same Direction,2,Clear,Dry,Daylight
2020-03-23T17:26:00.000,I 20,I 20 and Gresham Rd,,Sideswipe-Same Direction,4,Rain,Wet,Daylight
2020-03-24T19:30:00.000,I 20,I 20 and Gresham Rd,,Sideswipe-Same Direction,2,Clear,Dry,Daylight
2020-02-17T20:00:00.000,I 20,I 20 and Gresham Rd,,Rear End,3,Cloudy,Wet,Dark-Lighted
2020-08-16T18:56:00.000,I 20,I 20 and Gresham Rd,,Sideswipe-Same Direction,2,Clear,Dry,Daylight
2020-10-09T21:09:00.000,I 20,I 20 and Gresham Rd,,Angle Crash,2,Rain,Wet,Dark-Lighted
2020-12-14T06:22:00.000,I 20,I 20 and Gresham Rd,,Not a Collision with Motor Vehicle,1,Rain,Wet,Dark-Lighted
2020-05-17T20:00:00.000,I 20,I 20 and Gresham Rd,,Angle Crash,2,Clear,Dry,Dusk
2020-12-20T03:54:00.000,I 20,I 20 and Gresham Rd,,Sideswipe-Same Direction,2,Clear,Dry,Dark-Not Lighted
2020-08-03T14:28:00.000,I 20,I 20 and Gresham Rd,,Not a Collision with Motor Vehicle,1,Rain,Wet,Daylight
2020-06-15T21:58:00.000,I 20,I 20 and Gresham Rd,,Rear End,2,Clear,Dry,Dark-Lighted
2020-07-16T19:25:00.000,I 20,I 20 and Gresham Rd,,Not a Collision with Motor Vehicle,1,Clear,Dry,Daylight
2020-12-24T01:30:00.000,I 20,I 20 and Gresham Rd,,Angle Crash,2,Rain,Wet,Dark-Not Lighted
2021-03-29T17:11:00.000,I 20,I 20 and Gresham Rd,,Rear End,2,Clear,Dry,Daylight
2021-05-08T22:12:00.000,I 20,I 20 and Gresham Rd,,Head On,2,Clear,Dry,Dark-Lighted
2021-01-07T23:30:00.000,I 20,I 20 and Gresham Rd,,Not a Collision with Motor Vehicle,1,Rain,Wet,Dark-Lighted
2021-02-08T12:14:00.000,I 20,I 20 and Gresham Rd,,Angle Crash,3,Clear,Dry,Daylight
2021-05-12T22:30:00.000,I 20,I 20 and Gresham Rd,,Rear End,2,Clear,Wet,Dark-Not Lighted
2021-05-03T11:30:00.000,I 20,I 20 and Gresham Rd,,Not a Collision with Motor Vehicle,1,Rain,Wet,Daylight
2021-02-08T16:15:00.000,I 20,I 20 and Gresham Rd,,Sideswipe-Same Direction,2,Clear,Dry,Daylight
2021-03-17T14:02:00.000,I 20,I 20 and Gresham Rd,,Rear End,3,Rain,Wet,Daylight
2021-02-26T05:35:00.000,I 20,I 20 and Gresham Rd,,Not a Collision with Motor Vehicle,1,Rain,Wet,Dark-Lighted
2021-05-08T13:15:00.000,I 20,I 20 and Gresham Rd,,Rear End,2,Clear,Dry,Dark-Lighted
2021-01-09T22:10:00.000,I 20,I 20 and Gresham Rd,,Sideswipe-Same Direction,2,Clear,Dry,Dark-Lighted
2021-05-03T00:04:00.000,I 20,I 20 and Gresham Rd,,Rear End,2,Clear,Dry,Dark-Lighted
2021-01-27T18:55:00.000,I 20,I 20 and Gresham Rd,,Not a Collision with Motor Vehicle,1,Rain,Wet,Dark-Lighted
2021-02-06T22:19:00.000,I 20,I 20 and Gresham Rd,,Not a Collision with Motor Vehicle,2,Cloudy,Wet,Dark-Lighted
2021-08-15T22:30:00.000,I 20,I 20 and Gresham Rd,,Rear End,2,Clear,Dry,Dark-Lighted
2021-11-02T16:47:00.000,I 20,I 20 and Gresham Rd,,Rear End,2,Clear,Dry,Daylight
2021-07-18T04:45:00.000,I 20,I 20 and Gresham Rd,,Sideswipe-Same Direction,2,Clear,Dry,Dark-Not Lighted
2021-09-11T23:50:00.000,I 20,I 20 and Gresham Rd,,Sideswipe-Same Direction,2,Clear,Dry,Dark-Lighted
2021-12-10T06:15:00.000,I 20,I 20 and Gresham Rd,,Not a Collision with Motor Vehicle,1,Rain,Wet,Dark-Lighted
2021-10-03T17:17:00.000,I 20,I 20 and Gresham Rd,,Sideswipe-Same Direction,3,Clear,Dry,Daylight
2021-12-18T04:38:00.000,I 20,I 20 and Gresham Rd,,Angle Crash,2,Clear,Dry,Dark-Not Lighted
2021-08-08T21:30:00.000,I 20,I 20 and Gresham Rd,,Rear End,2,Clear,Dry,Daylight
2021-12-10T18:40:00.000,I 20,I 20 and Gresham Rd,,Rear End,2,Clear,Wet,Dark-Lighted
2021-07-20T21:19:00.000,I 20,I 20 and Gresham Rd,,Sideswipe-Same Direction,2,Cloudy,Dry,Dark-Lighted
2021-10-01T19:44:00.000,I 20,I 20 and Gresham Rd,,Angle Crash,2,Clear,Dry,Daylight
2021-10-11T15:30:00.000,I 20,I 20 and Gresham Rd,,Rear End,3,Clear,Dry,Daylight
2021-07-18T02:51:00.000,I 20,I 20 and Gresham Rd,,Not a Collision with Motor Vehicle,1,Clear,Dry,Dark-Lighted
2021-07-20T23:35:00.000,I 20,I 20 and Gresham Rd,,Rear End,2,Clear,Dry,Dark-Lighted
2021-09-01T00:13:00.000,I 20,I 20 and Gresham Rd,,Angle Crash,3,Rain,Wet,Dark-Not Lighted
2021-09-06T07:19:00.000,I 20,I 20 and Gresham Rd,,Sideswipe-Same Direction,2,Clear,Dry,Daylight
2022-08-06T21:40:00.000,I 20,I 20 and Gresham Rd,,Not a Collision with Motor Vehicle,1,Rain,Wet,Dark-Lighted
2022-06-25T18:20:00.000,I 20,I 20 and Gresham Rd,,Not a Collision with Motor Vehicle,2,Clear,Dry,Daylight
2022-01-06T08:30:00.000,I 20,I 20 and Gresham Rd,,Rear End,2,Clear,Dry,Daylight
2021-07-18T02:52:00.000,I 20,I 20 and Gresham Rd,,Sideswipe-Same Direction,2,Clear,Dry,Dark-Lighted
2021-07-06T04:13:00.000,I 20,I 20 and Gresham Rd,,Sideswipe-Same Direction,2,Clear,Dry,Dark-Lighted
2021-07-27T15:00:00.000,I 20,I 20 and Gresham Rd,,Not a Collision with Motor Vehicle,2,Rain,Wet,Daylight
2021-11-16T06:50:00.000,I 20,I 20 and Gresham Rd,,Sideswipe-Same Direction,2,Clear,Dry,Dark-Lighted
2022-08-06T22:41:00.000,I 20,I 20 and Gresham Rd,,Rear End,2,Rain,Wet,Dark-Not Lighted
2022-05-02T08:30:00.000,I 20,I 20 and Gresham Rd,,Sideswipe-Same Direction,2,Clear,Dry,Daylight
2022-06-21T12:40:00.000,I 20,I 20 and Gresham Rd,,Angle Crash,3,Clear,Dry,Daylight
2022-08-13T02:10:00.000,I 20,I 20 and Gresham Rd,,Not a Collision with Motor Vehicle,1,Clear,Dry,Dark-Lighted
2022-08-05T06:50:00.000,I 20,I 20 and Gresham Rd,,Sideswipe-Same Direction,3,Clear,Dry,Daylight
2022-04-29T14:00:00.000,I 20,I 20 and Gresham Rd,,Angle Crash,2,Clear,Dry,Daylight
2022-01-07T23:35:00.000,I 20,I 20 and Gresham Rd,,Rear End,2,Clear,Dry,Dark-Lighted
2022-05-28T15:00:00.000,I 20,I 20 and Gresham Rd,,Sideswipe-Same Direction,2,Clear,Dry,Daylight
2022-03-26T00:50:00.000,I 20,I 20 and Gresham Rd,,Sideswipe-Same Direction,2,Clear,Dry,Dark-Lighted
2022-01-18T08:10:00.000,I 20,I 20 and Gresham Rd,,Rear End,2,Clear,Dry,Daylight
2022-07-16T15:30:00.000,I 20,I 20 and Gresham Rd,,Sideswipe-Same Direction,2,Clear,Dry,Daylight
2022-01-20T21:50:00.000,I 20,I 20 and Gresham Rd,,Angle Crash,2,Clear,Dry,Dark-Lighted
2022-10-18T17:42:00.000,I 20,I 20 and Gresham Rd,,Angle Crash,2,Clear,Dry,Daylight
2022-12-04T02:30:00.000,I 20,I 20 and Gresham Rd,,Sideswipe-Same Direction,2,Clear,Dry,Dark-Lighted
2022-10-03T16:48:00.000,I 20,I 20 and Gresham Rd,,Rear End,2,Clear,Dry,Daylight
2022-11-15T08:45:00.000,I 20,I 20 and Gresham Rd,,Sideswipe-Opposite Direction,3,Rain,Wet,Daylight
2021-10-17T23:41:00.000,I 20,I 20 and Gresham Rd,,Sideswipe-Same Direction,2,Cloudy,Dry,Dark-Lighted
2022-01-29T01:00:00.000,I 20,I 20 and Gresham Rd,,Angle Crash,2,Clear,Dry,Daylight
2022-03-18T13:00:00.000,I 20,I 20 and Gresham Rd,,Angle Crash,2,Rain,Water (standing or moving),Daylight
2022-12-01T19:30:00.000,I 20,I 20 and Gresham Rd,,Sideswipe-Same Direction,2,Clear,Dry,Dark-Not Lighted
2022-07-24T23:29:00.000,I 20,I 20 and Gresham Rd,,Not a Collision with Motor Vehicle,1,Clear,Wet,Dark-Not Lighted
2022-06-06T14:15:00.000,I 20,I 20 and Gresham Rd,,Not a Collision with Motor Vehicle,1,Rain,Wet,Daylight
2022-02-23T17:00:00.000,I 20,I 20 and Gresham Rd,,Angle Crash,2,Clear,Dry,Daylight
2022-03-10T20:40:00.000,I 20,I 20 and Gresham Rd,,Sideswipe-Same Direction,2,Clear,Dry,Dark-Lighted
2022-03-23T18:50:00.000,I 20,I 20 and Gresham Rd,,Rear End,2,Clear,Dry,Daylight
2022-03-20T20:48:00.000,I 20,I 20 and Gresham Rd,,Sideswipe-Same Direction,2,Clear,Dry,Dark-Lighted
2022-02-11T05:10:00.000,I 20,I 20 and Gresham Rd,,Sideswipe-Same Direction,2,Clear,Dry,Dark-Lighted
2022-08-27T18:50:00.000,I 20,I 20 and Gresham Rd,,Sideswipe-Same Direction,2,Clear,Dry,Daylight
2022-01-16T04:22:00.000,I 20,I 20 and Gresham Rd,,Rear End,2,Rain,Wet,Dark-Not Lighted
2022-01-20T20:00:00.000,I 20,I 20 and Gresham Rd,,Rear End,2,Clear,Dry,Dark-Lighted
2022-01-31T12:30:00.000,I 20,I 20 and Gresham Rd,,Sideswipe-Same Direction,2,Clear,Dry,Dawn
2022-03-16T01:20:00.000,I 20,I 20 and Gresham Rd,,Not a Collision with Motor Vehicle,1,Rain,Wet,Dark-Not Lighted
2022-06-27T16:17:00.000,I 20,I 20 and Gresham Rd,,Angle Crash,2,Rain,Wet,Daylight
2022-10-27T15:20:00.000,I 20,I 20 and Gresham Rd,,Not a Collision with Motor Vehicle,1,Clear,Dry,Daylight
2022-10-30T04:20:00.000,I 20,I 20 and Gresham Rd,,Angle Crash,3,Clear,Dry,Dark-Lighted
2022-12-06T17:00:00.000,I 20,I 20 and Gresham Rd,,Not a Collision with Motor Vehicle,1,Cloudy,Wet,Daylight
2022-11-20T06:47:00.000,I 20,I 20 and Gresham Rd,,Rear End,2,Clear,Dry,Dawn
2022-10-30T04:05:00.000,I 20,I 20 and Gresham Rd,,Sideswipe-Same Direction,2,Clear,Dry,Dark-Lighted
2022-01-25T18:00:00.000,I 20,I 20 and Gresham Rd,,Angle Crash,2,Clear,Dry,Daylight
2022-01-23T11:55:00.000,I 20,I 20 and Gresham Rd,,Angle Crash,2,Clear,Dry,Daylight
2022-09-04T09:50:00.000,I 20,I 20 and Gresham Rd,,Not a Collision with Motor Vehicle,1,Cloudy,Wet,Daylight
2022-09-02T01:41:00.000,I 20,I 20 and Gresham Rd,,Sideswipe-Same Direction,2,Clear,Dry,Dark-Not Lighted