Date and Time,Roadway (From Crash Report),Intersection Name (from Crash Report),KABCO Severity,Manner of Collision (Crash Level) ,# of Vehicles per crash ,Weather Conditions (Crash Level),Surface Condition (Crash Level) ,Light Conditions (Crash Level)
2022-12-07T03:07:00.000,I 20,I 20 and Gresham Rd,,Rear End,2,Clear,Dry,Dark-Lighted
2022-02-21T17:00:00.000,I 20,I 20 and Gresham Rd,,Rear End,2,Clear,Dry,Daylight
2022-10-16T01:16:00.000,I 20,I 20 and Gresham Rd,,Not a Collision with Motor Vehicle,1,Clear,Dry,Dark-Lighted
2022-06-06T13:00:00.000,I 20,I 20 and Gresham Rd,,Not a Collision with Motor Vehicle,1,Clear,Dry,Daylight
2022-05-04T07:43:00.000,I 20,I 20 and Gresham Rd,,Sideswipe-Same Direction,2,Clear,Dry,Daylight
2022-02-21T23:34:00.000,I 20,I 20 and Gresham Rd,,Rear End,2,Rain,Wet,Dark-Not Lighted
2022-02-15T23:32:00.000,I 20,I 20 and Gresham Rd,,Angle Crash,2,Clear,Dry,Dark-Lighted
2022-10-11T20:40:00.000,I 20,I 20 and Gresham Rd,,Sideswipe-Same Direction,2,Clear,Dry,Dark-Lighted
2022-11-16T11:06:00.000,I 20,I 20 and Gresham Rd,,Sideswipe-Same Direction,2,Clear,Dry,Daylight
2022-02-22T23:45:00.000,I 20,I 20 and Gresham Rd,,Sideswipe-Same Direction,2,Clear,Dry,Dark-Lighted
2022-06-08T22:00:00.000,I 20,I 20 and Gresham Rd,,Angle Crash,2,Rain,Wet,Dark-Not Lighted
2022-11-28T11:38:00.000,I 20,I 20 and Gresham Rd,,Not a Collision with Motor Vehicle,1,Clear,Dry,Daylight
2022-07-30T16:19:00.000,I 20,I 20 and Gresham Rd,,Angle Crash,2,Rain,Wet,Daylight
2022-11-22T17:55:00.000,I 20,I 20 and Gresham Rd,,Rear End,2,Clear,Dry,Daylight
2022-11-29T14:38:00.000,I 20,I 20 and Gresham Rd,,Rear End,2,Clear,Dry,Daylight
2023-08-07T23:00:00.000,I 20,I 20 and Gresham Rd,,Not a Collision with Motor Vehicle,1,Clear,Dry,Dark-Not Lighted
2023-08-21T07:39:00.000,I 20,I 20 and Gresham Rd,,Sideswipe-Same Direction,2,Clear,Dry,Daylight
2024-03-01T18:20:00.000,I 20,I 20 and Gresham Rd,,Rear End,2,Rain,Wet,Dark-Lighted
2024-10-26T18:56:00.000,I 20,I 20 and Gresham Rd,,Not a Collision with Motor Vehicle,1,Clear,Dry,Daylight
2024-08-30T00:00:00.000,I 20,I 20 and Gresham Rd,,Rear End,2,Clear,Dry,Daylight
2024-06-22T17:00:00.000,I 20,I 20 and Gresham Rd,,Sideswipe-Same Direction,2,Clear,Dry,Daylight
2024-10-23T16:31:00.000,I 20,I 20 and Gresham Rd,,Angle Crash,2,Clear,Dry,Daylight
2024-03-24T09:38:00.000,I 20,I 20 and Gresham Rd,,Sideswipe-Same Direction,2,Clear,Dry,Daylight
2024-04-09T20:18:00.000,I 20,I 20 and Gresham Rd,,Rear End,3,Rain,Wet,Dark-Lighted
2024-07-29T14:20:00.000,I 20,I 20 and Gresham Rd,,Not a Collision with Motor Vehicle,1,Clear,Wet,Daylight
2024-12-24T15:18:00.000,I 20,I 20 and Gresham Rd,,Rear End,2,Clear,Dry,Daylight
2023-12-04T19:30:00.000,I 20,I 20 and Gresham Rd,,Not a Collision with Motor Vehicle,1,Clear,Dry,Dark-Lighted
2024-04-14T09:15:00.000,I 20,I 20 and Gresham Rd,,Angle Crash,2,Clear,Dry,Daylight
2024-10-16T23:07:00.000,I 20,I 20 and Gresham Rd,,Rear End,2,Clear,Dry,Dark-Lighted
2024-08-19T16:54:00.000,I 20,I 20 and Gresham Rd,,Sideswipe-Same Direction,2,Clear,Dry,Daylight
2024-05-05T17:40:00.000,I 20,I 20 and Gresham Rd,,Not a Collision with Motor Vehicle,1,Rain,Wet,Daylight
2023-11-14T16:47:00.000,I 20,I 20 and Gresham Rd,,Rear End,2,Clear,Dry,Daylight
2023-05-05T22:10:00.000,I 20,I 20 and Gresham Rd,,Sideswipe-Same Direction,2,Cloudy,Dry,Dark-Lighted
2023-03-24T12:00:00.000,I 20,I 20 and Gresham Rd,,Not a Collision with Motor Vehicle,1,Clear,Dry,Daylight
2023-10-05T20:00:00.000,I 20,I 20 and Gresham Rd,,Rear End,2,Clear,Dry,Daylight
2023-08-25T08:17:00.000,I 20,I 20 and Gresham Rd,,Sideswipe-Same Direction,2,Clear,Dry,Daylight
2023-01-26T20:00:00.000,I 20,I 20 and Gresham Rd,,Rear End,2,Clear,Dry,Dark-Lighted
2023-12-09T19:30:00.000,I 20,I 20 and Gresham Rd,,Rear End,2,Other,Wet,Dark-Lighted
2023-01-25T13:50:00.000,I 20,I 20 and Gresham Rd,,Rear End,2,Cloudy,Dry,Daylight
2023-01-20T00:00:00.000,I 20,I 20 and Gresham Rd,,Rear End,2,Clear,Dry,Daylight
2023-07-11T18:00:00.000,I 20,I 20 and Gresham Rd,,Angle Crash,2,Clear,Dry,Daylight
2023-12-10T01:40:00.000,I 20,I 20 and Gresham Rd,,Angle Crash,2,Rain,Wet,Dark-Not Lighted
2024-08-21T16:30:00.000,I 20,I 20 and Gresham Rd,,Sideswipe-Same Direction,2,Clear,Dry,Daylight
2024-12-29T06:16:00.000,I 20,I 20 and Gresham Rd,,Not a Collision with Motor Vehicle,1,Rain,Wet,Dark-Lighted
2024-03-18T07:17:00.000,I 20,I 20 and Gresham Rd,,Sideswipe-Same Direction,2,Clear,Dry,Daylight
2024-08-16T06:22:00.000,I 20,I 20 and Gresham Rd,,Not a Collision with Motor Vehicle,2,Clear,Dry,Dark-Lighted
2024-10-16T19:43:00.000,I 20,I 20 and Gresham Rd,,Not a Collision with Motor Vehicle,1,Clear,Dry,Dark-Not Lighted
2024-04-10T02:01:00.000,I 20,I 20 and Gresham Rd,,Not a Collision with Motor Vehicle,1,Clear,Wet,Dark-Lighted
2024-06-22T13:30:00.000,I 20,I 20 and Gresham Rd,,Angle Crash,2,Clear,Dry,Daylight
2024-10-03T15:20:00.000,I 20,I 20 and Gresham Rd,,Angle Crash,2,Clear,Dry,Daylight
2024-12-30T00:30:00.000,I 20,I 20 and Gresham Rd,,Rear End,4,Clear,Dry,Dark-Lighted
2024-04-19T11:46:00.000,I 20,I 20 and Gresham Rd,,Not a Collision with Motor Vehicle,2,Clear,Dry,Daylight
2024-01-09T17:45:00.000,I 20,I 20 and Gresham Rd,,Rear End,2,Clear,Dry,Daylight
2024-09-12T19:45:00.000,I 20,I 20 and Gresham Rd,,Not a Collision with Motor Vehicle,1,Rain,Wet,Dark-Lighted
2024-08-12T07:55:00.000,I 20,I 20 and Gresham Rd,,Sideswipe-Same Direction,2,Clear,Dry,Daylight
2024-02-17T18:00:00.000,I 20,I 20 and Gresham Rd,,Rear End,2,Clear,Dry,Dark-Lighted
2024-12-05T14:00:00.000,I 20,I 20 and Gresham Rd,,Angle Crash,2,Clear,Dry,Daylight
2024-12-05T05:45:00.000,I 20,I 20 and Gresham Rd,,Not a Collision with Motor Vehicle,2,Cloudy,Dry,Dark-Lighted
2024-09-12T19:23:00.000,I 20,I 20 and Gresham Rd,,Angle Crash,3,Rain,Wet,Dark-Not Lighted
2024-09-06T18:20:00.000,I 20,I 20 and Gresham Rd,,Angle Crash,2,Rain,Wet,Daylight
2024-07-28T21:55:00.000,I 20,I 20 and Gresham Rd,,Sideswipe-Same Direction,2,Rain,Wet,Dark-Lighted
2024-12-29T04:15:00.000,I 20,I 20 and Gresham Rd,,Sideswipe-Same Direction,2,Rain,Wet,Dark-Lighted
2024-12-05T01:50:00.000,I 20,I 20 and Gresham Rd,,Not a Collision with Motor Vehicle,2,Clear,Dry,Dark-Lighted
2024-09-09T15:45:00.000,I 20,I 20 and Gresham Rd,,Sideswipe-Same Direction,2,Clear,Dry,Daylight
2024-08-01T18:04:00.000,I 20,I 20 and Gresham Rd,,Not a Collision with Motor Vehicle,1,Clear,Dry,Daylight
2024-01-16T21:10:00.000,I 20,I 20 and Gresham Rd,,Rear End,2,Clear,Dry,Dark-Lighted
2024-07-05T14:00:00.000,I 20,I 20 and Gresham Rd,,Sideswipe-Opposite Direction,2,Rain,Wet,Daylight
2024-06-02T22:42:00.000,I 20,I 20 and Gresham Rd,,Rear End,2,Clear,Dry,Dark-Not Lighted
2024-08-24T18:20:00.000,I 20,I 20 and Gresham Rd,,Angle Crash,2,Clear,Dry,Daylight
2020-11-22T01:19:00.000,I 20,I 20 and Gresham,,Rear End,3,Clear,Dry,Dark-Lighted
2024-09-12T22:30:00.000,I 20,I 20 and Gresham,,Sideswipe-Same Direction,2,Cloudy,Wet,Dark-Lighted
2020-04-05T07:36:00.000,I 20,I 20 and Greene-Taliaferro County Line,,Not a Collision with Motor Vehicle,1,Clear,Dry,Daylight
2021-07-26T13:07:00.000,I 20,I 20 and Greene Morgan County Line,,Rear End,2,Clear,Dry,Daylight
2023-10-03T11:30:00.000,I 20,I 20 and Greene County Line,,Sideswipe-Same Direction,2,Clear,Dry,Daylight
2021-10-03T17:14:00.000,I 20,I 20 and Greasham Rd,,Sideswipe-Same Direction,2,Clear,Dry,Daylight
2022-12-30T07:00:00.000,I 20,I 20 and Golf Vista Cir,,Not a Collision with Motor Vehicle,1,Clear,Dry,Daylight
2023-08-18T08:04:00.000,I 20,I 20 and Glewood Ave,,Sideswipe-Same Direction,2,Clear,Dry,Daylight
2022-10-11T15:00:00.000,I 20,I 20 and Glenwoode Ave,,Sideswipe-Same Direction,3,Clear,Dry,Daylight
2021-09-06T20:05:00.000,I 20,I 20 and Glenwood Rd,,Not a Collision with Motor Vehicle,1,Clear,Dry,Dark-Lighted
2020-12-19T15:00:00.000,I 20,I 20 and Glenwood Rd,,Sideswipe-Same Direction,2,Clear,Dry,Daylight
2021-01-25T07:20:00.000,I 20,I 20 and Glenwood Rd,,Sideswipe-Same Direction,2,Cloudy,Wet,Daylight
2021-08-15T20:21:00.000,I 20,I 20 and Glenwood Rd,,Sideswipe-Same Direction,2,Clear,Dry,Dusk
2022-05-03T16:16:00.000,I 20,I 20 and Glenwood Rd,,Rear End,3,Clear,Dry,Daylight
2022-07-14T08:54:00.000,I 20,I 20 and Glenwood Rd,,Not a Collision with Motor Vehicle,1,Clear,Dry,Daylight
2022-05-18T08:30:00.000,I 20,I 20 and Glenwood Rd,,Sideswipe-Same Direction,2,Clear,Dry,Daylight
2023-04-19T17:00:00.000,I 20,I 20 and Glenwood Rd,,Rear End,2,Clear,Dry,Dark-Not Lighted
2023-01-10T00:00:00.000,I 20,I 20 and Glenwood Rd,,Sideswipe-Same Direction,2,Clear,Dry,Daylight
2023-10-20T06:28:00.000,I 20,I 20 and Glenwood Connector,,Not a Collision with Motor Vehicle,1,Clear,Wet,Daylight
2021-11-16T08:40:00.000,I 20,I 20 and Glenwood Avenuve Opas,,Rear End,2,Clear,Dry,Daylight
2020-11-06T15:00:00.000,I 20,I 20 and Glenwood Avenue Opas,,Rear End,3,Clear,Dry,Daylight
2023-01-17T07:33:00.000,I 20,I 20 and Glenwood Ave.,,Rear End,3,Rain,Wet,Dawn
2020-08-22T02:20:00.000,I 20,I 20 and Glenwood Ave Se Ave,,Rear End,2,Clear,Dry,Dark-Lighted
2024-09-24T18:07:00.000,I 20,I 20 and Glenwood Ave Opas,,Rear End,4,Clear,Dry,Daylight
2024-12-05T16:50:00.000,I 20,I 20 and Glenwood Ave Exit Rp,,Sideswipe-Same Direction,2,Clear,Dry,Daylight
2022-03-28T18:00:00.000,I 20,I 20 and Glenwood Ave Exit 61,,Rear End,3,Clear,Dry,Daylight
2021-09-29T09:33:00.000,I 20,I 20 and Glenwood Ave Exit,,Sideswipe-Same Direction,2,Clear,Dry,Daylight
2021-06-12T05:52:00.000,I 20,I 20 and Glenwood Ave,,Sideswipe-Same Direction,2,Cloudy,Dry,Dark-Lighted
2021-03-10T18:00:00.000,I 20,I 20 and Glenwood Ave,,Sideswipe-Same Direction,2,Clear,Dry,Daylight
2021-02-14T21:35:00.000,I 20,I 20 and Glenwood Ave,,Not a Collision with Motor Vehicle,1,Clear,Dry,Dark-Lighted
2021-05-24T08:05:00.000,I 20,I 20 and Glenwood Ave,,Sideswipe-Same Direction,2,Clear,Dry,Daylight
2021-02-15T11:50:00.000,I 20,I 20 and Glenwood Ave,,Not a Collision with Motor Vehicle,1,Cloudy,Wet,Daylight
2021-08-30T18:00:00.000,I 20,I 20 and Glenwood Ave,,Not a Collision with Motor Vehicle,1,Rain,Wet,Daylight
2021-09-23T08:25:00.000,I 20,I 20 and Glenwood Ave,,Rear End,2,Clear,Dry,Daylight
2021-04-25T17:59:00.000,I 20,I 20 and Glenwood Ave,,Sideswipe-Same Direction,2,Clear,Dry,Daylight
2021-01-14T19:15:00.000,I 20,I 20 and Glenwood Ave,,Sideswipe-Same Direction,2,Clear,Dry,Dark-Lighted
2021-05-26T13:27:00.000,I 20,I 20 and Glenwood Ave,,Rear End,2,Clear,Dry,Daylight
2021-02-28T00:39:00.000,I 20,I 20 and Glenwood Ave,,Sideswipe-Same Direction,2,Clear,Dry,Dark-Lighted
2021-02-06T19:45:00.000,I 20,I 20 and Glenwood Ave,,Angle Crash,2,Rain,Ice/Frost,Dark-Not Lighted
2021-02-11T18:00:00.000,I 20,I 20 and Glenwood Ave,,Rear End,2,Clear,Dry,Dark-Lighted
2021-01-15T19:14:00.000,I 20,I 20 and Glenwood Ave,,Sideswipe-Same Direction,1,Clear,Dry,Dark-Lighted
2021-07-25T13:40:00.000,I 20,I 20 and Glenwood Ave,,Angle Crash,2,Clear,Dry,Daylight
2021-08-15T15:00:00.000,I 20,I 20 and Glenwood Ave,,Rear End,2,Cloudy,Dry,Daylight
2021-09-17T18:50:00.000,I 20,I 20 and Glenwood Ave,,Rear End,2,Clear,Dry,Daylight
2021-10-24T00:08:00.000,I 20,I 20 and Glenwood Ave,,Rear End,2,Clear,Dry,Dark-Lighted
2021-12-10T06:51:00.000,I 20,I 20 and Glenwood Ave,,Sideswipe-Same Direction,2,Rain,Wet,Dark-Lighted
2021-05-15T22:45:00.000,I 20,I 20 and Glenwood Ave,,Sideswipe-Same Direction,3,Clear,Dry,Dark-Lighted
2021-05-08T01:13:00.000,I 20,I 20 and Glenwood Ave,,Not a Collision with Motor Vehicle,1,Clear,Dry,Dark-Lighted
2021-01-01T18:25:00.000,I 20,I 20 and Glenwood Ave,,Sideswipe-Opposite Direction,2,Cloudy,Wet,Dark-Lighted
2021-04-02T12:16:00.000,I 20,I 20 and Glenwood Ave,,Sideswipe-Same Direction,2,Clear,Dry,Daylight
2021-01-09T21:02:00.000,I 20,I 20 and Glenwood Ave,,Angle Crash,2,Clear,Dry,Dark-Lighted
2021-01-19T18:16:00.000,I 20,I 20 and Glenwood Ave,,Angle Crash,2,Clear,Dry,Dark-Not Lighted
2021-11-11T06:01:00.000,I 20,I 20 and Glenwood Ave,,Not a Collision with Motor Vehicle,1,Clear,Dry,Dark-Lighted
2021-12-07T19:30:00.000,I 20,I 20 and Glenwood Ave,,Sideswipe-Same Direction,2,Clear,Dry,Dark-Lighted
2021-09-16T08:25:00.000,I 20,I 20 and Glenwood Ave,,Rear End,2,Rain,Wet,Daylight
2021-11-03T23:39:00.000,I 20,I 20 and Glenwood Ave,,Sideswipe-Same Direction,2,Clear,Dry,Dark-Lighted
2021-05-20T18:00:00.000,I 20,I 20 and Glenwood Ave,,Rear End,2,Clear,Dry,Daylight
2021-02-20T04:05:00.000,I 20,I 20 and Glenwood Ave,,Sideswipe-Same Direction,2,Clear,Dry,Dark-Lighted
2021-04-22T09:56:00.000,I 20,I 20 and Glenwood Ave,,Rear End,3,Clear,Dry,Daylight
2020-08-10T13:55:00.000,I 20,I 20 and Glenwood Ave,,Rear End,3,Clear,Wet,Daylight
2020-09-12T12:50:00.000,I 20,I 20 and Glenwood Ave,,Not a Collision with Motor Vehicle,1,Rain,Wet,Dark-Lighted
2020-01-30T19:40:00.000,I 20,I 20 and Glenwood Ave,,Sideswipe-Same Direction,2,Clear,Dry,Dark-Lighted
2020-10-04T22:33:00.000,I 20,I 20 and Glenwood Ave,,Rear End,2,Clear,Dry,Dark-Lighted
2020-10-24T19:20:00.000,I 20,I 20 and Glenwood Ave,,Angle Crash,2,Rain,Wet,Dark-Lighted
2020-05-18T17:15:00.000,I 20,I 20 and Glenwood Ave,,Not a Collision with Motor Vehicle,1,Rain,Wet,Daylight
2023-04-11T16:55:00.000,I 20,I 20 and Glenwood Ave,,Rear End,2,Clear,Dry,Daylight
2023-10-19T18:16:00.000,I 20,I 20 and Glenwood Ave,,Rear End,3,Clear,Dry,Daylight
2023-08-30T21:00:00.000,I 20,I 20 and Glenwood Ave,,Not a Collision with Motor Vehicle,1,Severe Thunderstorm or Tornadic,Water (standing or moving),Dark-Not Lighted
2023-12-09T14:25:00.000,I 20,I 20 and Glenwood Ave,,Rear End,2,Cloudy,Other,Daylight
2023-06-01T10:27:00.000,I 20,I 20 and Glenwood Ave,,Rear End,3,Cloudy,Dry,Daylight
2023-04-20T08:30:00.000,I 20,I 20 and Glenwood Ave,,Rear End,2,Clear,Dry,Daylight
2023-03-26T09:30:00.000,I 20,I 20 and Glenwood Ave,,Not a Collision with Motor Vehicle,1,Rain,Dry,Daylight
2023-02-21T18:05:00.000,I 20,I 20 and Glenwood Ave,,Not a Collision with Motor Vehicle,2,Clear,Wet,Dark-Lighted
2023-07-17T14:00:00.000,I 20,I 20 and Glenwood Ave,,Sideswipe-Same Direction,3,Cloudy,Dry,Daylight
2023-12-11T10:50:00.000,I 20,I 20 and Glenwood Ave,,Rear End,2,Clear,Dry,Daylight
2022-04-12T08:48:00.000,I 20,I 20 and Glenwood Ave,,Rear End,2,Cloudy,Dry,Daylight
2020-02-02T08:30:00.000,I 20,I 20 and Glenwood Ave,,Sideswipe-Same Direction,2,Clear,Dry,Daylight
2020-04-21T20:09:00.000,I 20,I 20 and Glenwood Ave,,Not a Collision with Motor Vehicle,1,Clear,Dry,Daylight
2020-03-04T14:28:00.000,I 20,I 20 and Glenwood Ave,,Head On,2,Rain,Wet,Daylight
2020-07-18T03:07:00.000,I 20,I 20 and Glenwood Ave,,Rear End,2,Clear,Dry,Dark-Not Lighted
2020-12-14T06:31:00.000,I 20,I 20 and Glenwood Ave,,Not a Collision with Motor Vehicle,1,Rain,Wet,Dark-Lighted
2020-01-03T23:10:00.000,I 20,I 20 and Glenwood Ave,,Rear End,2,Rain,Wet,Dark-Lighted
2020-08-05T09:45:00.000,I 20,I 20 and Glenwood Ave,,Not a Collision with Motor Vehicle,2,Clear,Dry,Daylight
2020-01-29T08:10:00.000,I 20,I 20 and Glenwood Ave,,Rear End,2,Cloudy,Dry,Daylight
2020-01-02T14:10:00.000,I 20,I 20 and Glenwood Ave,,Not a Collision with Motor Vehicle,1,Rain,Wet,Daylight
2020-02-18T08:40:00.000,I 20,I 20 and Glenwood Ave,,Rear End,2,Rain,Wet,Daylight
2020-10-09T15:50:00.000,I 20,I 20 and Glenwood Ave,,Rear End,3,Rain,Wet,Daylight
2020-06-09T14:10:00.000,I 20,I 20 and Glenwood Ave,,Not a Collision with Motor Vehicle,1,Clear,Dry,Daylight
2020-03-13T09:00:00.000,I 20,I 20 and Glenwood Ave,,Not a Collision with Motor Vehicle,2,Clear,Dry,Daylight
2020-02-24T07:32:00.000,I 20,I 20 and Glenwood Ave,,Sideswipe-Same Direction,2,Rain,Wet,Daylight
2020-10-20T07:35:00.000,I 20,I 20 and Glenwood Ave,,Sideswipe-Same Direction,2,Clear,Dry,Dawn
2020-07-06T15:59:00.000,I 20,I 20 and Glenwood Ave,,Rear End,2,Clear,Dry,Daylight
2020-01-24T15:17:00.000,I 20,I 20 and Glenwood Ave,,Not a Collision with Motor Vehicle,1,Cloudy,Wet,Daylight
2020-01-06T19:44:00.000,I 20,I 20 and Glenwood Ave,,Sideswipe-Same Direction,2,Clear,Dry,Dark-Not Lighted
2020-11-20T06:05:00.000,I 20,I 20 and Glenwood Ave,,Angle Crash,2,Clear,Dry,Dark-Lighted
2020-11-11T20:04:00.000,I 20,I 20 and Glenwood Ave,,Sideswipe-Same Direction,2,Cloudy,Wet,Dark-Lighted
2020-04-11T00:10:00.000,I 20,I 20 and Glenwood Ave,,Not a Collision with Motor Vehicle,2,Clear,Dry,Dark-Lighted
2020-04-16T14:10:00.000,I 20,I 20 and Glenwood Ave,,Sideswipe-Same Direction,2,Clear,Dry,Daylight
2020-03-03T08:29:00.000,I 20,I 20 and Glenwood Ave,,Sideswipe-Same Direction,2,Rain,Wet,Daylight
2020-06-15T18:12:00.000,I 20,I 20 and Glenwood Ave,,Not a Collision with Motor Vehicle,3,Cloudy,Wet,Daylight
2020-03-04T06:53:00.000,I 20,I 20 and Glenwood Ave,,Sideswipe-Same Direction,2,Rain,Wet,Dark-Lighted
2020-08-11T11:38:00.000,I 20,I 20 and Glenwood Ave,,Angle Crash,2,Clear,Dry,Daylight
2020-12-18T21:02:00.000,I 20,I 20 and Glenwood Ave,,Rear End,3,Clear,Dry,Dark-Lighted
2020-01-29T08:25:00.000,I 20,I 20 and Glenwood Ave,,Rear End,2,Cloudy,Dry,Daylight
2020-05-01T11:40:00.000,I 20,I 20 and Glenwood Ave,,Not a Collision with Motor Vehicle,1,Clear,Dry,Daylight
2020-08-09T19:30:00.000,I 20,I 20 and Glenwood Ave,,Not a Collision with Motor Vehicle,1,Rain,Wet,Dusk
2020-07-02T10:30:00.000,I 20,I 20 and Glenwood Ave,,Sideswipe-Same Direction,2,Clear,Wet,Dark-Lighted
2020-01-27T08:25:00.000,I 20,I 20 and Glenwood Ave,,Rear End,2,Cloudy,Dry,Daylight
2020-09-27T17:20:00.000,I 20,I 20 and Glenwood Ave,,Angle Crash,2,Rain,Wet,Daylight
2020-09-21T22:10:00.000,I 20,I 20 and Glenwood Ave,,Rear End,3,Clear,Dry,Dark-Lighted
2020-11-21T03:11:00.000,I 20,I 20 and Glenwood Ave,,Rear End,2,Clear,Dry,Dark-Lighted
2020-09-23T11:30:00.000,I 20,I 20 and Glenwood Ave,,Rear End,3,Clear,Dry,Daylight
2020-12-30T18:50:00.000,I 20,I 20 and Glenwood Ave,,Angle Crash,2,Cloudy,Dry,Dark-Lighted
2020-07-27T00:25:00.000,I 20,I 20 and Glenwood Ave,,Angle Crash,2,Clear,Dry,Dark-Lighted
2020-11-12T19:08:00.000,I 20,I 20 and Glenwood Ave,,Rear End,2,Clear,Dry,Dark-Lighted
2020-03-07T17:00:00.000,I 20,I 20 and Glenwood Ave,,Rear End,2,Clear,Dry,Daylight
2020-08-10T13:55:00.000,I 20,I 20 and Glenwood Ave,,Not a Collision with Motor Vehicle,1,Clear,Wet,Daylight
2020-10-26T20:45:00.000,I 20,I 20 and Glenwood Ave,,Rear End,2,Clear,Dry,Dark-Lighted
2020-08-29T00:00:00.000,I 20,I 20 and Glenwood Ave,,Sideswipe-Same Direction,2,Clear,Dry,Daylight
2020-06-26T17:35:00.000,I 20,I 20 and Glenwood Ave,,Not a Collision with Motor Vehicle,2,Clear,Dry,Daylight
2020-07-01T02:35:00.000,I 20,I 20 and Glenwood Ave,,Sideswipe-Same Direction,2,Clear,Dry,Dark-Lighted
2020-11-11T20:35:00.000,I 20,I 20 and Glenwood Ave,,Not a Collision with Motor Vehicle,1,Clear,Wet,Dark-Lighted
2020-11-29T18:58:00.000,I 20,I 20 and Glenwood Ave,,Rear End,3,Rain,Wet,Dark-Not Lighted
2021-02-06T23:40:00.000,I 20,I 20 and Glenwood Ave,,Rear End,2,Rain,Wet,Dark-Lighted
2021-03-17T15:50:00.000,I 20,I 20 and Glenwood Ave,,Not a Collision with Motor Vehicle,1,Clear,Wet,Daylight
2021-03-12T14:25:00.000,I 20,I 20 and Glenwood Ave,,Not a Collision with Motor Vehicle,2,Clear,Dry,Daylight
2021-04-14T14:41:00.000,I 20,I 20 and Glenwood Ave,,Rear End,2,Clear,Dry,Daylight
2021-03-24T19:13:00.000,I 20,I 20 and Glenwood Ave,,Sideswipe-Same Direction,2,Clear,Dry,Daylight
2021-02-12T19:46:00.000,I 20,I 20 and Glenwood Ave,,Rear End,2,Clear,Dry,Dark-Lighted
2021-01-23T20:12:00.000,I 20,I 20 and Glenwood Ave,,Sideswipe-Same Direction,2,Clear,Dry,Daylight
2021-03-02T18:45:00.000,I 20,I 20 and Glenwood Ave,,Rear End,2,Rain,Wet,Dark-Lighted
2021-04-22T08:37:00.000,I 20,I 20 and Glenwood Ave,,Rear End,2,Clear,Dry,Daylight
2021-05-26T12:28:00.000,I 20,I 20 and Glenwood Ave,,Not a Collision with Motor Vehicle,2,Clear,Dry,Daylight
2021-08-01T21:10:00.000,I 20,I 20 and Glenwood Ave,,Sideswipe-Same Direction,2,Clear,Dry,Dark-Not Lighted
2021-10-28T18:56:00.000,I 20,I 20 and Glenwood Ave,,Sideswipe-Same Direction,2,Rain,Wet,Dark-Lighted
2021-12-22T15:36:00.000,I 20,I 20 and Glenwood Ave,,Angle Crash,3,Clear,Dry,Daylight
2021-11-20T01:07:00.000,I 20,I 20 and Glenwood Ave,,Head On,2,Clear,Dry,Dark-Lighted
2021-10-04T05:35:00.000,I 20,I 20 and Glenwood Ave,,Not a Collision with Motor Vehicle,1,Clear,Dry,Dark-Lighted
2021-08-05T18:07:00.000,I 20,I 20 and Glenwood Ave,,Sideswipe-Same Direction,2,Cloudy,Dry,Daylight
2021-12-10T06:38:00.000,I 20,I 20 and Glenwood Ave,,Not a Collision with Motor Vehicle,1,Rain,Wet,Daylight
2021-07-18T13:13:00.000,I 20,I 20 and Glenwood Ave,,Not a Collision with Motor Vehicle,1,Cloudy,Dry,Daylight
2021-12-10T07:05:00.000,I 20,I 20 and Glenwood Ave,,Not a Collision with Motor Vehicle,1,Rain,Wet,Daylight
2021-09-01T00:47:00.000,I 20,I 20 and Glenwood Ave,,Sideswipe-Same Direction,3,Rain,Wet,Dark-Lighted
2021-08-11T22:02:00.000,I 20,I 20 and Glenwood Ave,,Not a Collision with Motor Vehicle,1,Clear,Dry,Dark-Lighted
2021-09-12T01:00:00.000,I 20,I 20 and Glenwood Ave,,Sideswipe-Same Direction,2,Clear,Dry,Dark-Not Lighted
2021-09-20T19:55:00.000,I 20,I 20 and Glenwood Ave,,Sideswipe-Same Direction,2,Rain,Wet,Dark-Not Lighted
2022-08-16T08:30:00.000,I 20,I 20 and Glenwood Ave,,Sideswipe-Same Direction,2,Clear,Dry,Daylight
2022-08-23T02:26:00.000,I 20,I 20 and Glenwood Ave,,Not a Collision with Motor Vehicle,1,Cloudy,Dry,Dark-Lighted
2022-04-26T09:42:00.000,I 20,I 20 and Glenwood Ave,,Sideswipe-Same Direction,2,Clear,Dry,Daylight
2022-03-29T09:00:00.000,I 20,I 20 and Glenwood Ave,,Not a Collision with Motor Vehicle,2,Clear,Dry,Daylight
2022-06-06T17:00:00.000,I 20,I 20 and Glenwood Ave,,Not a Collision with Motor Vehicle,1,Rain,Wet,Daylight
2021-11-15T07:20:00.000,I 20,I 20 and Glenwood Ave,,Rear End,2,Clear,Dry,Daylight
2021-07-08T15:42:00.000,I 20,I 20 and Glenwood Ave,,Rear End,2,Clear,Wet,Daylight
2021-07-20T13:30:00.000,I 20,I 20 and Glenwood Ave,,Rear End,2,Cloudy,Dry,Daylight
2021-09-07T16:39:00.000,I 20,I 20 and Glenwood Ave,,Angle Crash,3,Rain,Wet,Daylight
2021-12-09T07:05:00.000,I 20,I 20 and Glenwood Ave,,Sideswipe-Same Direction,2,Cloudy,Dry,Dawn