Date and Time,Roadway (From Crash Report),Intersection Name (from Crash Report),KABCO Severity,Manner of Collision (Crash Level) ,# of Vehicles per crash ,Weather Conditions (Crash Level),Surface Condition (Crash Level) ,Light Conditions (Crash Level)
2020-10-05T14:55:00.000,I 20,I 20 and Fulton Industrial Blvd,,Rear End,2,Clear,Dry,Daylight
2020-07-12T18:01:00.000,I 20,I 20 and Fulton Industrial Blvd,,Rear End,2,Clear,Dry,Daylight
2020-12-16T17:51:00.000,I 20,I 20 and Fulton Industrial Blvd,,Rear End,4,Clear,Wet,Dark-Lighted
2020-11-25T18:10:00.000,I 20,I 20 and Fulton Industrial Blvd,,Rear End,3,Clear,Wet,Dark-Lighted
2020-11-28T03:56:00.000,I 20,I 20 and Fulton Industrial Blvd,,Head On,2,Clear,Wet,Dark-Lighted
2020-06-09T14:45:00.000,I 20,I 20 and Fulton Industrial Blvd,,Rear End,2,Cloudy,Dry,Daylight
2020-06-18T19:47:00.000,I 20,I 20 and Fulton Industrial Blvd,,Rear End,2,Clear,Dry,Daylight
2020-04-09T14:07:00.000,I 20,I 20 and Fulton Industrial Blvd,,Angle Crash,2,Clear,Dry,Daylight
2020-12-02T13:10:00.000,I 20,I 20 and Fulton Industrial Blvd,,Rear End,2,Clear,Dry,Daylight
2020-05-18T04:26:00.000,I 20,I 20 and Fulton Industrial Blvd,,Not a Collision with Motor Vehicle,1,Clear,Wet,Dusk
2020-05-15T10:20:00.000,I 20,I 20 and Fulton Industrial Blvd,,Sideswipe-Same Direction,2,Clear,Dry,Daylight
2020-12-07T07:10:00.000,I 20,I 20 and Fulton Industrial Blvd,,Sideswipe-Same Direction,2,Clear,Dry,Dawn
2020-12-20T17:23:00.000,I 20,I 20 and Fulton Industrial Blvd,,Sideswipe-Same Direction,2,Clear,Dry,Daylight
2020-06-26T10:46:00.000,I 20,I 20 and Fulton Industrial Blvd,,Sideswipe-Same Direction,2,Clear,Dry,Daylight
2020-11-20T18:17:00.000,I 20,I 20 and Fulton Industrial Blvd,,Rear End,2,Clear,Dry,Dark-Lighted
2020-10-29T11:28:00.000,I 20,I 20 and Fulton Industrial Blvd,,Rear End,2,Cloudy,Wet,Daylight
2020-10-20T09:50:00.000,I 20,I 20 and Fulton Industrial Blvd,,Sideswipe-Same Direction,2,Clear,Dry,Daylight
2020-06-08T18:00:00.000,I 20,I 20 and Fulton Industrial Blvd,,Rear End,2,Rain,Wet,Daylight
2020-12-02T14:55:00.000,I 20,I 20 and Fulton Industrial Blvd,,Rear End,2,Clear,Dry,Daylight
2020-01-27T14:02:00.000,I 20,I 20 and Fulton Industrial Blvd,,Rear End,2,Cloudy,Dry,Daylight
2020-11-10T04:47:00.000,I 20,I 20 and Fulton Industrial Blvd,,Not a Collision with Motor Vehicle,1,Clear,Dry,Dark-Lighted
2020-09-16T12:38:00.000,I 20,I 20 and Fulton Industrial Blvd,,Rear End,2,Rain,Wet,Daylight
2020-01-11T18:41:00.000,I 20,I 20 and Fulton Industrial Blvd,,Rear End,2,Rain,Wet,Dark-Lighted
2020-01-01T18:20:00.000,I 20,I 20 and Fulton Industrial Blvd,,Rear End,2,Clear,Dry,Dark-Not Lighted
2020-04-30T16:17:00.000,I 20,I 20 and Fulton Industrial Blvd,,Sideswipe-Same Direction,2,Clear,Dry,Daylight
2020-06-12T17:30:00.000,I 20,I 20 and Fulton Industrial Blvd,,Rear End,2,Clear,Dry,Daylight
2020-09-09T09:48:00.000,I 20,I 20 and Fulton Industrial Blvd,,Not a Collision with Motor Vehicle,1,Clear,Dry,Daylight
2020-07-01T11:12:00.000,I 20,I 20 and Fulton Industrial Blvd,,Rear End,2,Clear,Dry,Daylight
2020-12-16T18:55:00.000,I 20,I 20 and Fulton Industrial Blvd,,Rear End,3,Rain,Wet,Dark-Lighted
2020-02-13T17:05:00.000,I 20,I 20 and Fulton Industrial Blvd,,Sideswipe-Same Direction,2,Cloudy,Dry,Daylight
2020-07-27T04:38:00.000,I 20,I 20 and Fulton Industrial Blvd,,Rear End,2,Clear,Dry,Dark-Not Lighted
2020-07-20T13:47:00.000,I 20,I 20 and Fulton Industrial Blvd,,Rear End,2,Clear,Dry,Daylight
2020-07-30T08:24:00.000,I 20,I 20 and Fulton Industrial Blvd,,Sideswipe-Same Direction,2,Cloudy,Wet,Daylight
2020-01-11T18:53:00.000,I 20,I 20 and Fulton Industrial Blvd,,Not a Collision with Motor Vehicle,1,Rain,Wet,Dark-Not Lighted
2020-12-16T21:30:00.000,I 20,I 20 and Fulton Industrial Blvd,,Rear End,2,Clear,Wet,Dark-Not Lighted
2020-04-19T13:17:00.000,I 20,I 20 and Fulton Industrial Blvd,,Rear End,2,Cloudy,Wet,Daylight
2020-01-21T06:16:00.000,I 20,I 20 and Fulton Industrial Blvd,,Rear End,4,Clear,Dry,Dark-Not Lighted
2020-03-10T14:13:00.000,I 20,I 20 and Fulton Industrial Blvd,,Rear End,2,Cloudy,Wet,Daylight
2020-06-29T11:45:00.000,I 20,I 20 and Fulton Industrial Blvd,,Sideswipe-Same Direction,3,Clear,Dry,Daylight
2020-08-18T02:48:00.000,I 20,I 20 and Fulton Industrial Blvd,,Not a Collision with Motor Vehicle,1,Clear,Dry,Dark-Lighted
2020-02-24T11:15:00.000,I 20,I 20 and Fulton Industrial Blvd,,Sideswipe-Same Direction,2,Rain,Wet,Daylight
2020-02-03T16:27:00.000,I 20,I 20 and Fulton Industrial Blvd,,Rear End,2,Clear,Dry,Daylight
2020-05-07T17:45:00.000,I 20,I 20 and Fulton Industrial Blvd,,Rear End,2,Clear,Dry,Daylight
2020-01-02T19:28:00.000,I 20,I 20 and Fulton Industrial Blvd,,Rear End,2,Rain,Wet,Dark-Not Lighted
2020-07-09T18:30:00.000,I 20,I 20 and Fulton Industrial Blvd,,Rear End,3,Rain,Wet,Daylight
2020-06-11T10:30:00.000,I 20,I 20 and Fulton Industrial Blvd,,Sideswipe-Same Direction,3,Clear,Dry,Daylight
2020-09-22T02:17:00.000,I 20,I 20 and Fulton Industrial Blvd,,Rear End,3,Clear,Dry,Dark-Lighted
2020-06-25T20:55:00.000,I 20,I 20 and Fulton Industrial Blvd,,Sideswipe-Same Direction,2,Clear,Dry,Dusk
2020-09-04T20:31:00.000,I 20,I 20 and Fulton Industrial Blvd,,Sideswipe-Same Direction,2,Clear,Dry,Dark-Not Lighted
2020-11-29T22:45:00.000,I 20,I 20 and Fulton Industrial Blvd,,Angle Crash,2,Rain,Wet,Dark-Lighted
2020-01-24T15:03:00.000,I 20,I 20 and Fulton Industrial Blvd,,Rear End,3,Cloudy,Wet,Daylight
2020-09-19T01:09:00.000,I 20,I 20 and Fulton Industrial Blvd,,Not a Collision with Motor Vehicle,2,Clear,Dry,Dark-Not Lighted
2020-11-29T20:38:00.000,I 20,I 20 and Fulton Industrial Blvd,,Rear End,2,Rain,Wet,Dark-Lighted
2020-01-29T06:03:00.000,I 20,I 20 and Fulton Industrial Blvd,,Angle Crash,2,Clear,Dry,Dark-Not Lighted
2020-12-30T13:47:00.000,I 20,I 20 and Fulton Industrial Blvd,,Sideswipe-Same Direction,2,Clear,Dry,Daylight
2020-07-08T13:48:00.000,I 20,I 20 and Fulton Industrial Blvd,,Rear End,2,Cloudy,Dry,Daylight
2020-08-31T07:21:00.000,I 20,I 20 and Fulton Industrial Blvd,,Rear End,2,Cloudy,Dry,Daylight
2020-12-19T16:52:00.000,I 20,I 20 and Fulton Industrial Blvd,,Rear End,2,Clear,Dry,Daylight
2020-10-24T00:12:00.000,I 20,I 20 and Fulton Industrial Blvd,,Rear End,2,Clear,Dry,Dark-Lighted
2020-10-27T17:19:00.000,I 20,I 20 and Fulton Industrial Blvd,,Sideswipe-Same Direction,2,Clear,Dry,Daylight
2020-06-25T17:25:00.000,I 20,I 20 and Fulton Industrial Blvd,,Sideswipe-Same Direction,2,Cloudy,Dry,Daylight
2020-04-22T11:10:00.000,I 20,I 20 and Fulton Industrial Blvd,,Sideswipe-Same Direction,2,Clear,Dry,Daylight
2020-05-06T16:59:00.000,I 20,I 20 and Fulton Industrial Blvd,,Rear End,2,Clear,Dry,Daylight
2020-03-23T22:12:00.000,I 20,I 20 and Fulton Industrial Blvd,,Not a Collision with Motor Vehicle,1,Clear,Wet,Dusk
2020-11-26T02:36:00.000,I 20,I 20 and Fulton Industrial Blvd,,Not a Collision with Motor Vehicle,1,Rain,Wet,Dark-Not Lighted
2020-12-03T12:30:00.000,I 20,I 20 and Fulton Industrial Blvd,,Sideswipe-Same Direction,2,Clear,Dry,Daylight
2020-10-18T23:15:00.000,I 20,I 20 and Fulton Industrial Blvd,,Angle Crash,2,Clear,Dry,Dark-Not Lighted
2020-01-08T10:50:00.000,I 20,I 20 and Fulton Industrial Blvd,,Sideswipe-Same Direction,2,Clear,Dry,Daylight
2020-12-04T11:00:00.000,I 20,I 20 and Fulton Industrial Blvd,,Rear End,2,Cloudy,Wet,Daylight
2020-11-24T18:39:00.000,I 20,I 20 and Fulton Industrial Blvd,,Sideswipe-Same Direction,2,Clear,Dry,Dark-Not Lighted
2020-02-25T12:10:00.000,I 20,I 20 and Fulton Industrial Blvd,,Rear End,2,Cloudy,Dry,Daylight
2020-01-05T21:15:00.000,I 20,I 20 and Fulton Industrial Blvd,,Rear End,2,Clear,Dry,Dark-Not Lighted
2020-07-28T01:40:00.000,I 20,I 20 and Fulton Industrial Blvd,,Not a Collision with Motor Vehicle,1,Clear,Dry,Dark-Lighted
2020-10-22T12:55:00.000,I 20,I 20 and Fulton Industrial Blvd,,Rear End,2,Clear,Dry,Daylight
2020-07-30T18:58:00.000,I 20,I 20 and Fulton Industrial Blvd,,Sideswipe-Same Direction,2,Clear,Dry,Daylight
2020-09-02T16:02:00.000,I 20,I 20 and Fulton Industrial Blvd,,Rear End,2,Clear,Dry,Daylight
2020-10-23T16:37:00.000,I 20,I 20 and Fulton Industrial Blvd,,Rear End,2,Clear,Dry,Daylight
2020-10-25T19:00:00.000,I 20,I 20 and Fulton Industrial Blvd,,Sideswipe-Same Direction,2,Clear,Dry,Dark-Lighted
2020-11-23T08:00:00.000,I 20,I 20 and Fulton Industrial Blvd,,Sideswipe-Same Direction,2,Clear,Dry,Daylight
2020-08-26T07:45:00.000,I 20,I 20 and Fulton Industrial Blvd,,Sideswipe-Same Direction,2,Clear,Dry,Daylight
2020-09-15T15:49:00.000,I 20,I 20 and Fulton Industrial Blvd,,Sideswipe-Same Direction,2,Clear,Dry,Daylight
2020-01-27T17:35:00.000,I 20,I 20 and Fulton Industrial Blvd,,Sideswipe-Same Direction,2,Clear,Dry,Daylight
2020-01-03T10:15:00.000,I 20,I 20 and Fulton Industrial Blvd,,Rear End,2,Rain,Wet,Daylight
2020-07-24T06:40:00.000,I 20,I 20 and Fulton Industrial Blvd,,Rear End,2,Clear,Dry,Dawn
2020-10-21T14:42:00.000,I 20,I 20 and Fulton Industrial Blvd,,Rear End,2,Clear,Dry,Daylight
2020-04-23T07:57:00.000,I 20,I 20 and Fulton Industrial Blvd,,Sideswipe-Same Direction,2,Rain,Wet,Daylight
2020-09-28T06:55:00.000,I 20,I 20 and Fulton Industrial Blvd,,Rear End,2,Rain,Wet,Dawn
2020-08-25T19:32:00.000,I 20,I 20 and Fulton Industrial Blvd,,Not a Collision with Motor Vehicle,1,Rain,Wet,Dusk
2020-06-16T17:45:00.000,I 20,I 20 and Fulton Industrial Blvd,,Rear End,2,Clear,Dry,Daylight
2020-06-18T06:54:00.000,I 20,I 20 and Fulton Industrial Blvd,,Rear End,2,Clear,Dry,Daylight
2020-11-13T10:15:00.000,I 20,I 20 and Fulton Industrial Blvd,,Sideswipe-Same Direction,2,Clear,Dry,Daylight
2020-02-26T19:19:00.000,I 20,I 20 and Fulton Industrial Blvd,,Head On,2,Clear,Dry,Dark-Lighted
2020-03-15T03:17:00.000,I 20,I 20 and Fulton Industrial Blvd,,Angle Crash,3,Clear,Dry,Dark-Not Lighted
2020-07-09T18:00:00.000,I 20,I 20 and Fulton Industrial Blvd,,Rear End,2,Rain,Water (standing or moving),Daylight
2020-12-07T18:45:00.000,I 20,I 20 and Fulton Industrial Blvd,,Angle Crash,3,Clear,Dry,Dark-Not Lighted
2020-12-05T05:55:00.000,I 20,I 20 and Fulton Industrial Blvd,,Sideswipe-Same Direction,2,Clear,Dry,Dark-Not Lighted
2020-07-28T08:41:00.000,I 20,I 20 and Fulton Industrial Blvd,,Rear End,2,Clear,Dry,Daylight
2020-10-01T15:20:00.000,I 20,I 20 and Fulton Industrial Blvd,,Rear End,2,Clear,Dry,Daylight
2020-06-09T18:00:00.000,I 20,I 20 and Fulton Industrial Blvd,,Rear End,2,Rain,Wet,Daylight
2020-01-22T16:00:00.000,I 20,I 20 and Fulton Industrial Blvd,,Rear End,2,Clear,Dry,Daylight
2020-11-05T17:15:00.000,I 20,I 20 and Fulton Industrial Blvd,,Rear End,2,Clear,Dry,Daylight
2020-12-14T10:58:00.000,I 20,I 20 and Fulton Industrial Blvd,,Rear End,2,Clear,Dry,Daylight
2020-06-01T16:40:00.000,I 20,I 20 and Fulton Industrial Blvd,,Angle Crash,2,Cloudy,Dry,Daylight
2020-04-06T19:30:00.000,I 20,I 20 and Fulton Industrial Blvd,,Not a Collision with Motor Vehicle,1,Cloudy,Dry,Daylight
2020-10-09T04:40:00.000,I 20,I 20 and Fulton Industrial Blvd,,Rear End,2,Clear,Dry,Dark-Lighted
2020-09-28T09:28:00.000,I 20,I 20 and Fulton Industrial Blvd,,Rear End,2,Clear,Dry,Daylight
2020-12-10T18:17:00.000,I 20,I 20 and Fulton Industrial Blvd,,Rear End,3,Clear,Dry,Dark-Lighted
2020-10-30T16:42:00.000,I 20,I 20 and Fulton Industrial Blvd,,Rear End,3,Clear,Dry,Daylight
2020-12-18T10:24:00.000,I 20,I 20 and Fulton Industrial Blvd,,Rear End,2,Clear,Dry,Daylight
2020-01-01T22:26:00.000,I 20,I 20 and Fulton Industrial Blvd,,Rear End,2,Clear,Dry,Dark-Not Lighted
2020-07-27T02:32:00.000,I 20,I 20 and Fulton Industrial Blvd,,Angle Crash,1,Clear,Dry,Dark-Not Lighted
2020-01-03T09:39:00.000,I 20,I 20 and Fulton Industrial Blvd,,Rear End,2,Rain,Wet,Daylight
2020-05-23T01:30:00.000,I 20,I 20 and Fulton Industrial Blvd,,Head On,2,Rain,Wet,Dark-Lighted
2020-01-14T00:30:00.000,I 20,I 20 and Fulton Industrial Blvd,,Not a Collision with Motor Vehicle,1,Rain,Wet,Dark-Not Lighted
2020-10-02T19:37:00.000,I 20,I 20 and Fulton Industrial Blvd,,Rear End,2,Clear,Dry,Daylight
2020-10-07T20:25:00.000,I 20,I 20 and Fulton Industrial Blvd,,Rear End,2,Clear,Dry,Dark-Lighted
2021-06-30T09:29:00.000,I 20,I 20 and Fulton Industrial Blvd,,Rear End,2,Clear,Dry,Daylight
2021-03-12T10:15:00.000,I 20,I 20 and Fulton Industrial Blvd,,Rear End,2,Clear,Dry,Daylight
2021-04-02T14:20:00.000,I 20,I 20 and Fulton Industrial Blvd,,Sideswipe-Same Direction,2,Clear,Dry,Daylight
2021-01-22T09:31:00.000,I 20,I 20 and Fulton Industrial Blvd,,Sideswipe-Same Direction,2,Cloudy,Wet,Daylight
2021-02-04T19:14:00.000,I 20,I 20 and Fulton Industrial Blvd,,Rear End,2,Clear,Dry,Dark-Lighted
2021-06-14T20:23:00.000,I 20,I 20 and Fulton Industrial Blvd,,Rear End,2,Clear,Dry,Daylight
2021-02-07T16:06:00.000,I 20,I 20 and Fulton Industrial Blvd,,Rear End,2,Clear,Dry,Daylight
2021-01-27T07:25:00.000,I 20,I 20 and Fulton Industrial Blvd,,Sideswipe-Same Direction,2,Rain,Wet,Dark-Not Lighted
2021-02-04T06:37:00.000,I 20,I 20 and Fulton Industrial Blvd,,Rear End,4,Clear,Dry,Dark-Not Lighted
2021-02-03T09:52:00.000,I 20,I 20 and Fulton Industrial Blvd,,Sideswipe-Same Direction,2,Clear,Dry,Daylight
2021-02-18T20:40:00.000,I 20,I 20 and Fulton Industrial Blvd,,Rear End,2,Rain,Wet,Dark-Lighted
2021-02-25T12:56:00.000,I 20,I 20 and Fulton Industrial Blvd,,Sideswipe-Same Direction,2,Clear,Dry,Daylight
2021-05-25T14:07:00.000,I 20,I 20 and Fulton Industrial Blvd,,Sideswipe-Same Direction,3,Cloudy,Dry,Daylight
2021-03-22T14:45:00.000,I 20,I 20 and Fulton Industrial Blvd,,Sideswipe-Same Direction,2,Clear,Dry,Daylight
2021-03-24T11:39:00.000,I 20,I 20 and Fulton Industrial Blvd,,Rear End,2,Clear,Dry,Daylight
2021-01-25T17:45:00.000,I 20,I 20 and Fulton Industrial Blvd,,Rear End,2,Clear,Dry,Dusk
2021-04-23T18:42:00.000,I 20,I 20 and Fulton Industrial Blvd,,Sideswipe-Same Direction,2,Clear,Dry,Daylight
2021-02-27T04:59:00.000,I 20,I 20 and Fulton Industrial Blvd,,Rear End,2,Clear,Dry,Dark-Lighted
2021-06-19T20:23:00.000,I 20,I 20 and Fulton Industrial Blvd,,Rear End,2,Rain,Wet,Daylight
2021-01-20T08:55:00.000,I 20,I 20 and Fulton Industrial Blvd,,Not a Collision with Motor Vehicle,1,Clear,Dry,Daylight
2021-05-29T10:57:00.000,I 20,I 20 and Fulton Industrial Blvd,,Rear End,2,Clear,Dry,Daylight
2021-02-15T16:41:00.000,I 20,I 20 and Fulton Industrial Blvd,,Rear End,2,Rain,Wet,Daylight
2021-03-19T00:07:00.000,I 20,I 20 and Fulton Industrial Blvd,,Sideswipe-Same Direction,2,Clear,Dry,Dark-Not Lighted
2021-06-29T15:39:00.000,I 20,I 20 and Fulton Industrial Blvd,,Rear End,2,Clear,Dry,Daylight
2021-03-30T10:17:00.000,I 20,I 20 and Fulton Industrial Blvd,,Sideswipe-Same Direction,2,Cloudy,Dry,Daylight
2021-03-22T07:15:00.000,I 20,I 20 and Fulton Industrial Blvd,,Sideswipe-Same Direction,2,Clear,Dry,Dark-Not Lighted
2021-05-13T11:00:00.000,I 20,I 20 and Fulton Industrial Blvd,,Rear End,2,Clear,Dry,Daylight
2021-01-17T01:15:00.000,I 20,I 20 and Fulton Industrial Blvd,,Not a Collision with Motor Vehicle,1,Clear,Dry,Dark-Lighted
2021-02-05T10:08:00.000,I 20,I 20 and Fulton Industrial Blvd,,Rear End,2,Clear,Dry,Daylight
2021-04-17T12:39:00.000,I 20,I 20 and Fulton Industrial Blvd,,Rear End,4,Clear,Dry,Daylight
2021-03-08T20:38:00.000,I 20,I 20 and Fulton Industrial Blvd,,Not a Collision with Motor Vehicle,1,Clear,Dry,Dark-Not Lighted
2021-03-27T02:59:00.000,I 20,I 20 and Fulton Industrial Blvd,,Rear End,2,Clear,Dry,Dark-Not Lighted
2021-01-25T19:22:00.000,I 20,I 20 and Fulton Industrial Blvd,,Rear End,2,Clear,Dry,Dark-Lighted
2021-03-16T09:58:00.000,I 20,I 20 and Fulton Industrial Blvd,,Rear End,2,Rain,Wet,Daylight
2021-06-29T17:02:00.000,I 20,I 20 and Fulton Industrial Blvd,,Rear End,2,Clear,Dry,Daylight
2021-05-03T13:22:00.000,I 20,I 20 and Fulton Industrial Blvd,,Rear End,3,Rain,Wet,Daylight
2021-06-19T17:17:00.000,I 20,I 20 and Fulton Industrial Blvd,,Rear End,2,Rain,Wet,Daylight
2021-05-07T09:28:00.000,I 20,I 20 and Fulton Industrial Blvd,,Sideswipe-Same Direction,3,Clear,Dry,Daylight
2021-02-02T06:49:00.000,I 20,I 20 and Fulton Industrial Blvd,,Sideswipe-Same Direction,2,Clear,Dry,Dusk
2021-03-09T03:49:00.000,I 20,I 20 and Fulton Industrial Blvd,,Sideswipe-Same Direction,2,Clear,Dry,Dark-Not Lighted
2021-01-27T06:11:00.000,I 20,I 20 and Fulton Industrial Blvd,,Angle Crash,2,Rain,Water (standing or moving),Dark-Lighted
2021-06-08T15:25:00.000,I 20,I 20 and Fulton Industrial Blvd,,Sideswipe-Same Direction,2,Clear,Dry,Daylight
2021-04-23T16:41:00.000,I 20,I 20 and Fulton Industrial Blvd,,Sideswipe-Same Direction,2,Clear,Dry,Daylight
2021-05-04T17:52:00.000,I 20,I 20 and Fulton Industrial Blvd,,Sideswipe-Same Direction,2,Rain,Wet,Daylight
2021-06-29T21:52:00.000,I 20,I 20 and Fulton Industrial Blvd,,Sideswipe-Same Direction,2,Clear,Dry,Dark-Lighted
2021-03-07T18:35:00.000,I 20,I 20 and Fulton Industrial Blvd,,Rear End,2,Clear,Dry,Daylight
2021-08-15T19:52:00.000,I 20,I 20 and Fulton Industrial Blvd,,Sideswipe-Same Direction,2,Clear,Dry,Dark-Lighted
2021-12-30T12:17:00.000,I 20,I 20 and Fulton Industrial Blvd,,Rear End,2,Rain,Wet,Daylight
2021-12-10T20:15:00.000,I 20,I 20 and Fulton Industrial Blvd,,Sideswipe-Same Direction,2,Clear,Wet,Dark-Lighted
2021-09-21T07:23:00.000,I 20,I 20 and Fulton Industrial Blvd,,Rear End,3,Cloudy,Wet,Daylight
2021-07-28T07:15:00.000,I 20,I 20 and Fulton Industrial Blvd,,Rear End,2,Clear,Dry,Daylight
2021-09-11T11:58:00.000,I 20,I 20 and Fulton Industrial Blvd,,Sideswipe-Same Direction,2,Clear,Dry,Daylight
2021-07-12T14:06:00.000,I 20,I 20 and Fulton Industrial Blvd,,Rear End,3,Rain,Wet,Daylight
2021-11-15T13:08:00.000,I 20,I 20 and Fulton Industrial Blvd,,Sideswipe-Same Direction,2,Clear,Dry,Daylight
2021-11-09T10:09:00.000,I 20,I 20 and Fulton Industrial Blvd,,Sideswipe-Same Direction,2,Clear,Dry,Daylight
2021-12-24T20:24:00.000,I 20,I 20 and Fulton Industrial Blvd,,Rear End,5,Clear,Dry,Dark-Not Lighted
2021-07-07T17:00:00.000,I 20,I 20 and Fulton Industrial Blvd,,Sideswipe-Same Direction,2,Clear,Dry,Daylight
2021-08-23T06:12:00.000,I 20,I 20 and Fulton Industrial Blvd,,Not a Collision with Motor Vehicle,2,Clear,Dry,Dark-Lighted
2021-08-25T15:19:00.000,I 20,I 20 and Fulton Industrial Blvd,,Rear End,2,Clear,Dry,Daylight
2021-07-02T16:27:00.000,I 20,I 20 and Fulton Industrial Blvd,,Rear End,2,Clear,Dry,Daylight
2021-11-02T11:28:00.000,I 20,I 20 and Fulton Industrial Blvd,,Sideswipe-Same Direction,2,Clear,Dry,Daylight
2021-10-06T02:32:00.000,I 20,I 20 and Fulton Industrial Blvd,,Not a Collision with Motor Vehicle,1,Rain,Wet,Dark-Not Lighted
2021-11-05T20:03:00.000,I 20,I 20 and Fulton Industrial Blvd,,Rear End,2,Clear,Dry,Dark-Lighted
2021-07-25T04:40:00.000,I 20,I 20 and Fulton Industrial Blvd,,Sideswipe-Same Direction,2,Clear,Dry,Dark-Lighted
2021-07-21T17:49:00.000,I 20,I 20 and Fulton Industrial Blvd,,Rear End,2,Cloudy,Dry,Daylight
2021-07-01T14:42:00.000,I 20,I 20 and Fulton Industrial Blvd,,Rear End,2,Clear,Dry,Daylight
2021-09-29T15:18:00.000,I 20,I 20 and Fulton Industrial Blvd,,Angle Crash,2,Clear,Dry,Daylight
2021-08-27T22:52:00.000,I 20,I 20 and Fulton Industrial Blvd,,Sideswipe-Same Direction,2,Clear,Dry,Dark-Lighted
2021-09-02T13:53:00.000,I 20,I 20 and Fulton Industrial Blvd,,Rear End,2,Clear,Dry,Daylight
2021-10-04T17:39:00.000,I 20,I 20 and Fulton Industrial Blvd,,Rear End,2,Rain,Wet,Daylight
2021-08-15T16:40:00.000,I 20,I 20 and Fulton Industrial Blvd,,Sideswipe-Same Direction,3,Clear,Dry,Daylight
2021-12-10T16:45:00.000,I 20,I 20 and Fulton Industrial Blvd,,Rear End,2,Cloudy,Wet,Daylight
2021-11-15T20:07:00.000,I 20,I 20 and Fulton Industrial Blvd,,Rear End,1,Clear,Dry,Dark-Lighted
2021-07-27T17:56:00.000,I 20,I 20 and Fulton Industrial Blvd,,Rear End,2,Clear,Dry,Daylight
2021-09-16T13:14:00.000,I 20,I 20 and Fulton Industrial Blvd,,Rear End,2,Cloudy,Wet,Daylight
2021-12-02T22:33:00.000,I 20,I 20 and Fulton Industrial Blvd,,Not a Collision with Motor Vehicle,1,Clear,Dry,Dark-Lighted
2021-11-10T10:12:00.000,I 20,I 20 and Fulton Industrial Blvd,,Sideswipe-Opposite Direction,2,Clear,Dry,Daylight
2021-12-14T15:14:00.000,I 20,I 20 and Fulton Industrial Blvd,,Rear End,2,Clear,Dry,Daylight
2021-10-14T22:40:00.000,I 20,I 20 and Fulton Industrial Blvd,,Rear End,2,Clear,Dry,Dark-Lighted
2021-11-23T10:04:00.000,I 20,I 20 and Fulton Industrial Blvd,,Rear End,3,Clear,Dry,Daylight
2022-09-15T10:33:00.000,I 20,I 20 and Fulton Industrial Blvd,,Angle Crash,3,Clear,Dry,Daylight
2022-05-02T16:29:00.000,I 20,I 20 and Fulton Industrial Blvd,,Rear End,3,Clear,Dry,Daylight
2022-10-16T13:30:00.000,I 20,I 20 and Fulton Industrial Blvd,,Rear End,3,Clear,Dry,Daylight
2022-10-16T04:08:00.000,I 20,I 20 and Fulton Industrial Blvd,,Rear End,2,Clear,Dry,Dark-Lighted
2022-11-15T09:06:00.000,I 20,I 20 and Fulton Industrial Blvd,,Sideswipe-Same Direction,2,Rain,Wet,Daylight
2021-07-19T06:17:00.000,I 20,I 20 and Fulton Industrial Blvd,,Rear End,3,Cloudy,Wet,Daylight
2021-09-16T13:14:00.000,I 20,I 20 and Fulton Industrial Blvd,,Angle Crash,2,Cloudy,Wet,Daylight
2021-07-19T07:30:00.000,I 20,I 20 and Fulton Industrial Blvd,,Rear End,2,Rain,Wet,Daylight
2021-07-20T07:25:00.000,I 20,I 20 and Fulton Industrial Blvd,,Rear End,2,Rain,Wet,Daylight
2021-08-30T09:15:00.000,I 20,I 20 and Fulton Industrial Blvd,,Rear End,2,Clear,Dry,Daylight
2021-09-26T17:56:00.000,I 20,I 20 and Fulton Industrial Blvd,,Angle Crash,2,Clear,Dry,Daylight
2021-12-24T18:51:00.000,I 20,I 20 and Fulton Industrial Blvd,,Angle Crash,2,Clear,Dry,Daylight
2021-08-16T18:03:00.000,I 20,I 20 and Fulton Industrial Blvd,,Rear End,2,Cloudy,Wet,Daylight
2021-12-21T18:14:00.000,I 20,I 20 and Fulton Industrial Blvd,,Sideswipe-Same Direction,2,Other,Wet,Dark-Not Lighted
2021-07-27T13:35:00.000,I 20,I 20 and Fulton Industrial Blvd,,Rear End,2,Clear,Dry,Daylight
2021-07-25T17:24:00.000,I 20,I 20 and Fulton Industrial Blvd,,Sideswipe-Opposite Direction,2,Clear,Dry,Daylight
2021-10-29T12:50:00.000,I 20,I 20 and Fulton Industrial Blvd,,Sideswipe-Same Direction,2,Cloudy,Dry,Daylight
2022-06-15T16:39:00.000,I 20,I 20 and Fulton Industrial Blvd,,Rear End,2,Clear,Dry,Daylight