Date and Time,Roadway (From Crash Report),Intersection Name (from Crash Report),KABCO Severity,Manner of Collision (Crash Level) ,# of Vehicles per crash ,Weather Conditions (Crash Level),Surface Condition (Crash Level) ,Light Conditions (Crash Level)
2022-12-22T21:31:00.000,I 20,I 20 and Fulton Industrial Blvd,,Angle Crash,2,Rain,Wet,Dark-Not Lighted
2022-04-22T14:49:00.000,I 20,I 20 and Fulton Industrial Blvd,,Rear End,3,Clear,Dry,Daylight
2022-12-20T16:39:00.000,I 20,I 20 and Fulton Industrial Blvd,,Angle Crash,3,Cloudy,Wet,Dark-Lighted
2022-02-01T17:56:00.000,I 20,I 20 and Fulton Industrial Blvd,,Angle Crash,2,Clear,Dry,Daylight
2022-09-16T23:50:00.000,I 20,I 20 and Fulton Industrial Blvd,,Angle Crash,2,Clear,Dry,Daylight
2022-10-01T11:39:00.000,I 20,I 20 and Fulton Industrial Blvd,,Sideswipe-Same Direction,2,Clear,Dry,Daylight
2022-07-08T08:18:00.000,I 20,I 20 and Fulton Industrial Blvd,,Sideswipe-Same Direction,2,Clear,Dry,Daylight
2022-01-12T14:58:00.000,I 20,I 20 and Fulton Industrial Blvd,,Sideswipe-Same Direction,2,Clear,Dry,Daylight
2022-11-22T16:50:00.000,I 20,I 20 and Fulton Industrial Blvd,,Rear End,3,Clear,Dry,Daylight
2022-10-14T08:51:00.000,I 20,I 20 and Fulton Industrial Blvd,,Rear End,2,Clear,Dry,Daylight
2022-11-25T13:07:00.000,I 20,I 20 and Fulton Industrial Blvd,,Sideswipe-Same Direction,2,Cloudy,Dry,Daylight
2022-03-23T10:38:00.000,I 20,I 20 and Fulton Industrial Blvd,,Rear End,2,Cloudy,Wet,Daylight
2022-03-26T06:00:00.000,I 20,I 20 and Fulton Industrial Blvd,,Rear End,2,Clear,Dry,Dark-Not Lighted
2022-06-02T16:49:00.000,I 20,I 20 and Fulton Industrial Blvd,,Sideswipe-Same Direction,2,Clear,Dry,Daylight
2022-09-15T07:08:00.000,I 20,I 20 and Fulton Industrial Blvd,,Rear End,2,Clear,Dry,Daylight
2022-05-30T17:39:00.000,I 20,I 20 and Fulton Industrial Blvd,,Angle Crash,2,Cloudy,Dry,Daylight
2022-03-24T14:25:00.000,I 20,I 20 and Fulton Industrial Blvd,,Sideswipe-Same Direction,2,Clear,Dry,Daylight
2022-04-28T13:43:00.000,I 20,I 20 and Fulton Industrial Blvd,,Sideswipe-Same Direction,2,Clear,Dry,Daylight
2022-03-16T08:23:00.000,I 20,I 20 and Fulton Industrial Blvd,,Rear End,3,Rain,Wet,Daylight
2022-05-14T11:31:00.000,I 20,I 20 and Fulton Industrial Blvd,,Rear End,2,Clear,Dry,Daylight
2022-03-24T05:59:00.000,I 20,I 20 and Fulton Industrial Blvd,,Sideswipe-Same Direction,2,Clear,Dry,Dark-Not Lighted
2022-10-12T21:03:00.000,I 20,I 20 and Fulton Industrial Blvd,,Not a Collision with Motor Vehicle,1,Cloudy,Dry,Dark-Lighted
2022-08-15T18:29:00.000,I 20,I 20 and Fulton Industrial Blvd,,Rear End,2,Clear,Dry,Daylight
2022-08-07T13:27:00.000,I 20,I 20 and Fulton Industrial Blvd,,Rear End,2,Clear,Dry,Daylight
2022-02-09T11:45:00.000,I 20,I 20 and Fulton Industrial Blvd,,Sideswipe-Same Direction,2,Clear,Dry,Daylight
2022-10-23T12:12:00.000,I 20,I 20 and Fulton Industrial Blvd,,Rear End,3,Clear,Dry,Daylight
2022-10-14T18:16:00.000,I 20,I 20 and Fulton Industrial Blvd,,Rear End,4,Clear,Dry,Daylight
2022-10-30T00:51:00.000,I 20,I 20 and Fulton Industrial Blvd,,Sideswipe-Same Direction,3,Cloudy,Dry,Dark-Lighted
2022-04-10T01:58:00.000,I 20,I 20 and Fulton Industrial Blvd,,Not a Collision with Motor Vehicle,1,Clear,Dry,Dark-Not Lighted
2022-08-06T23:14:00.000,I 20,I 20 and Fulton Industrial Blvd,,Sideswipe-Same Direction,2,Rain,Water (standing or moving),Dark-Lighted
2022-06-10T08:08:00.000,I 20,I 20 and Fulton Industrial Blvd,,Rear End,2,Clear,Dry,Daylight
2022-02-09T07:12:00.000,I 20,I 20 and Fulton Industrial Blvd,,Not a Collision with Motor Vehicle,1,Clear,Dry,Daylight
2022-04-29T06:34:00.000,I 20,I 20 and Fulton Industrial Blvd,,Sideswipe-Same Direction,2,Clear,Dry,Daylight
2022-09-02T16:06:00.000,I 20,I 20 and Fulton Industrial Blvd,,Sideswipe-Same Direction,2,Rain,Wet,Daylight
2022-12-03T15:00:00.000,I 20,I 20 and Fulton Industrial Blvd,,Angle Crash,2,Rain,Wet,Daylight
2022-11-14T09:30:00.000,I 20,I 20 and Fulton Industrial Blvd,,Sideswipe-Same Direction,2,Clear,Dry,Daylight
2022-11-17T15:50:00.000,I 20,I 20 and Fulton Industrial Blvd,,Rear End,2,Clear,Dry,Daylight
2022-06-17T09:24:00.000,I 20,I 20 and Fulton Industrial Blvd,,Not a Collision with Motor Vehicle,1,Clear,Dry,Daylight
2022-11-18T10:38:00.000,I 20,I 20 and Fulton Industrial Blvd,,Rear End,2,Clear,Dry,Daylight
2022-10-18T14:17:00.000,I 20,I 20 and Fulton Industrial Blvd,,Rear End,2,Clear,Dry,Daylight
2022-11-17T01:46:00.000,I 20,I 20 and Fulton Industrial Blvd,,Angle Crash,2,Clear,Dry,Dark-Lighted
2022-11-22T19:10:00.000,I 20,I 20 and Fulton Industrial Blvd,,Angle Crash,2,Clear,Dry,Dark-Lighted
2022-07-13T06:24:00.000,I 20,I 20 and Fulton Industrial Blvd,,Rear End,3,Clear,Dry,Daylight
2022-01-31T18:49:00.000,I 20,I 20 and Fulton Industrial Blvd,,Sideswipe-Same Direction,2,Clear,Dry,Dark-Not Lighted
2022-01-17T06:19:00.000,I 20,I 20 and Fulton Industrial Blvd,,Sideswipe-Same Direction,2,Clear,Dry,Dark-Lighted
2022-08-16T09:35:00.000,I 20,I 20 and Fulton Industrial Blvd,,Sideswipe-Same Direction,2,Clear,Dry,Daylight
2022-01-13T16:37:00.000,I 20,I 20 and Fulton Industrial Blvd,,Rear End,2,Clear,Dry,Daylight
2022-01-11T17:52:00.000,I 20,I 20 and Fulton Industrial Blvd,,Angle Crash,2,Clear,Dry,Daylight
2022-11-17T15:19:00.000,I 20,I 20 and Fulton Industrial Blvd,,Sideswipe-Same Direction,2,Clear,Dry,Daylight
2022-11-16T03:45:00.000,I 20,I 20 and Fulton Industrial Blvd,,Not a Collision with Motor Vehicle,1,Clear,Dry,Dark-Not Lighted
2022-04-03T03:49:00.000,I 20,I 20 and Fulton Industrial Blvd,,Not a Collision with Motor Vehicle,1,Clear,Dry,Dark-Lighted
2022-10-30T00:39:00.000,I 20,I 20 and Fulton Industrial Blvd,,Rear End,2,Clear,Dry,Dark-Lighted
2021-08-02T09:20:00.000,I 20,I 20 and Fulton Industrial Blvd,,Rear End,2,Clear,Dry,Daylight
2021-10-05T03:48:00.000,I 20,I 20 and Fulton Industrial Blvd,,Sideswipe-Same Direction,2,Rain,Wet,Dark-Lighted
2021-11-29T11:18:00.000,I 20,I 20 and Fulton Industrial Blvd,,Sideswipe-Same Direction,2,Clear,Dry,Daylight
2021-09-12T21:20:00.000,I 20,I 20 and Fulton Industrial Blvd,,Rear End,2,Clear,Dry,Dark-Lighted
2021-09-25T11:18:00.000,I 20,I 20 and Fulton Industrial Blvd,,Sideswipe-Same Direction,2,Clear,Dry,Daylight
2021-08-16T07:04:00.000,I 20,I 20 and Fulton Industrial Blvd,,Angle Crash,2,Clear,Dry,Daylight
2021-11-26T23:57:00.000,I 20,I 20 and Fulton Industrial Blvd,,Angle Crash,4,Clear,Dry,Dark-Not Lighted
2021-08-19T09:14:00.000,I 20,I 20 and Fulton Industrial Blvd,,Sideswipe-Same Direction,2,Clear,Dry,Daylight
2022-08-01T07:00:00.000,I 20,I 20 and Fulton Industrial Blvd,,Sideswipe-Same Direction,3,Clear,Dry,Daylight
2022-07-02T13:12:00.000,I 20,I 20 and Fulton Industrial Blvd,,Rear End,2,Clear,Dry,Daylight
2022-05-19T16:13:00.000,I 20,I 20 and Fulton Industrial Blvd,,Rear End,4,Clear,Dry,Daylight
2022-06-05T14:04:00.000,I 20,I 20 and Fulton Industrial Blvd,,Sideswipe-Same Direction,2,Clear,Dry,Daylight
2022-09-04T17:50:00.000,I 20,I 20 and Fulton Industrial Blvd,,Rear End,2,Cloudy,Wet,Daylight
2022-11-27T09:58:00.000,I 20,I 20 and Fulton Industrial Blvd,,Rear End,2,Clear,Wet,Daylight
2022-04-07T18:40:00.000,I 20,I 20 and Fulton Industrial Blvd,,Rear End,2,Clear,Dry,Dark-Lighted
2022-03-14T17:37:00.000,I 20,I 20 and Fulton Industrial Blvd,,Sideswipe-Same Direction,2,Clear,Dry,Daylight
2022-03-16T14:31:00.000,I 20,I 20 and Fulton Industrial Blvd,,Rear End,2,Cloudy,Dry,Daylight
2022-08-15T07:07:00.000,I 20,I 20 and Fulton Industrial Blvd,,Sideswipe-Same Direction,2,Clear,Dry,Daylight
2022-05-03T15:50:00.000,I 20,I 20 and Fulton Industrial Blvd,,Rear End,3,Clear,Dry,Daylight
2022-08-30T00:01:00.000,I 20,I 20 and Fulton Industrial Blvd,,Sideswipe-Same Direction,2,Clear,Dry,Dark-Not Lighted
2022-11-30T12:29:00.000,I 20,I 20 and Fulton Industrial Blvd,,Angle Crash,2,Clear,Dry,Daylight
2022-09-26T14:14:00.000,I 20,I 20 and Fulton Industrial Blvd,,Rear End,2,Clear,Dry,Daylight
2022-11-06T22:46:00.000,I 20,I 20 and Fulton Industrial Blvd,,Rear End,2,Clear,Dry,Dark-Not Lighted
2022-12-07T07:00:00.000,I 20,I 20 and Fulton Industrial Blvd,,Sideswipe-Same Direction,2,Fog,Dry,Daylight
2022-10-28T19:13:00.000,I 20,I 20 and Fulton Industrial Blvd,,Rear End,2,Cloudy,Dry,Dawn
2022-03-21T07:35:00.000,I 20,I 20 and Fulton Industrial Blvd,,Rear End,2,Clear,Dry,Daylight
2022-12-13T21:42:00.000,I 20,I 20 and Fulton Industrial Blvd,,Rear End,3,Clear,Dry,Dark-Lighted
2022-11-15T09:06:00.000,I 20,I 20 and Fulton Industrial Blvd,,Rear End,2,Rain,Wet,Daylight
2022-01-05T15:29:00.000,I 20,I 20 and Fulton Industrial Blvd,,Rear End,1,Clear,Dry,Daylight
2022-11-01T16:29:00.000,I 20,I 20 and Fulton Industrial Blvd,,Rear End,2,Clear,Dry,Daylight
2022-01-26T06:54:00.000,I 20,I 20 and Fulton Industrial Blvd,,Sideswipe-Same Direction,2,Clear,Dry,Dark-Lighted
2022-12-04T19:28:00.000,I 20,I 20 and Fulton Industrial Blvd,,Not a Collision with Motor Vehicle,1,Clear,Dry,Dark-Lighted
2022-05-10T16:01:00.000,I 20,I 20 and Fulton Industrial Blvd,,Sideswipe-Same Direction,2,Clear,Dry,Daylight
2022-11-08T09:12:00.000,I 20,I 20 and Fulton Industrial Blvd,,Rear End,2,Clear,Dry,Daylight
2022-01-19T16:06:00.000,I 20,I 20 and Fulton Industrial Blvd,,Sideswipe-Same Direction,2,Clear,Dry,Daylight
2022-05-10T16:51:00.000,I 20,I 20 and Fulton Industrial Blvd,,Rear End,2,Clear,Dry,Daylight
2022-07-12T14:46:00.000,I 20,I 20 and Fulton Industrial Blvd,,Rear End,3,Clear,Dry,Daylight
2022-12-03T11:52:00.000,I 20,I 20 and Fulton Industrial Blvd,,Not a Collision with Motor Vehicle,1,Rain,Wet,Daylight
2022-06-11T04:16:00.000,I 20,I 20 and Fulton Industrial Blvd,,Not a Collision with Motor Vehicle,1,Clear,Dry,Dark-Lighted
2022-04-02T08:22:00.000,I 20,I 20 and Fulton Industrial Blvd,,Not a Collision with Motor Vehicle,1,Clear,Dry,Daylight
2022-12-05T14:21:00.000,I 20,I 20 and Fulton Industrial Blvd,,Rear End,2,Rain,Dry,Daylight
2022-07-30T07:08:00.000,I 20,I 20 and Fulton Industrial Blvd,,Not a Collision with Motor Vehicle,1,Clear,Wet,Daylight
2022-07-25T09:50:00.000,I 20,I 20 and Fulton Industrial Blvd,,Sideswipe-Same Direction,2,Clear,Dry,Daylight
2022-03-18T17:50:00.000,I 20,I 20 and Fulton Industrial Blvd,,Sideswipe-Same Direction,3,Cloudy,Wet,Daylight
2022-03-28T15:25:00.000,I 20,I 20 and Fulton Industrial Blvd,,Sideswipe-Same Direction,2,Clear,Wet,Daylight
2022-05-13T19:13:00.000,I 20,I 20 and Fulton Industrial Blvd,,Sideswipe-Same Direction,3,Clear,Dry,Daylight
2022-03-20T10:34:00.000,I 20,I 20 and Fulton Industrial Blvd,,Rear End,2,Clear,Dry,Daylight
2022-10-12T15:01:00.000,I 20,I 20 and Fulton Industrial Blvd,,Angle Crash,2,Rain,Wet,Daylight
2022-11-29T14:16:00.000,I 20,I 20 and Fulton Industrial Blvd,,Sideswipe-Same Direction,2,Clear,Dry,Daylight
2022-09-15T16:30:00.000,I 20,I 20 and Fulton Industrial Blvd,,Rear End,2,Clear,Dry,Daylight
2022-05-31T10:43:00.000,I 20,I 20 and Fulton Industrial Blvd,,Angle Crash,2,Clear,Dry,Daylight
2022-11-27T09:56:00.000,I 20,I 20 and Fulton Industrial Blvd,,Rear End,2,Clear,Wet,Daylight
2022-05-01T15:32:00.000,I 20,I 20 and Fulton Industrial Blvd,,Rear End,2,Clear,Dry,Daylight
2022-09-19T11:06:00.000,I 20,I 20 and Fulton Industrial Blvd,,Not a Collision with Motor Vehicle,1,Clear,Dry,Daylight
2022-06-29T15:47:00.000,I 20,I 20 and Fulton Industrial Blvd,,Rear End,3,Clear,Dry,Daylight
2022-09-12T21:57:00.000,I 20,I 20 and Fulton Industrial Blvd,,Rear End,2,Clear,Dry,Dark-Lighted
2022-07-25T05:00:00.000,I 20,I 20 and Fulton Industrial Blvd,,Not a Collision with Motor Vehicle,1,Clear,Dry,Daylight
2022-11-14T07:50:00.000,I 20,I 20 and Fulton Industrial Blvd,,Rear End,2,Clear,Dry,Daylight
2022-10-18T11:02:00.000,I 20,I 20 and Fulton Industrial Blvd,,Sideswipe-Same Direction,2,Clear,Dry,Daylight
2022-06-13T18:43:00.000,I 20,I 20 and Fulton Industrial Blvd,,Rear End,2,Clear,Dry,Daylight
2022-05-17T16:25:00.000,I 20,I 20 and Fulton Industrial Blvd,,Angle Crash,2,Clear,Dry,Daylight
2022-07-18T19:00:00.000,I 20,I 20 and Fulton Industrial Blvd,,Sideswipe-Same Direction,2,Clear,Dry,Daylight
2022-02-03T06:00:00.000,I 20,I 20 and Fulton Industrial Blvd,,Rear End,2,Rain,Wet,Dark-Not Lighted
2022-03-25T08:06:00.000,I 20,I 20 and Fulton Industrial Blvd,,Sideswipe-Same Direction,3,Clear,Dry,Daylight
2022-07-11T16:10:00.000,I 20,I 20 and Fulton Industrial Blvd,,Rear End,2,Cloudy,Dry,Daylight
2022-03-03T18:06:00.000,I 20,I 20 and Fulton Industrial Blvd,,Angle Crash,2,Clear,Dry,Daylight
2022-04-18T12:07:00.000,I 20,I 20 and Fulton Industrial Blvd,,Sideswipe-Same Direction,2,Clear,Dry,Daylight
2022-06-15T01:36:00.000,I 20,I 20 and Fulton Industrial Blvd,,Not a Collision with Motor Vehicle,1,Clear,Dry,Dark-Lighted
2022-10-23T00:47:00.000,I 20,I 20 and Fulton Industrial Blvd,,Rear End,2,Clear,Dry,Dark-Not Lighted
2022-01-01T07:47:00.000,I 20,I 20 and Fulton Industrial Blvd,,Angle Crash,3,Cloudy,Wet,Dark-Not Lighted
2022-02-16T17:58:00.000,I 20,I 20 and Fulton Industrial Blvd,,Rear End,2,Clear,Dry,Daylight
2022-06-07T21:30:00.000,I 20,I 20 and Fulton Industrial Blvd,,Angle Crash,2,Rain,Wet,Dark-Lighted
2022-02-12T20:00:00.000,I 20,I 20 and Fulton Industrial Blvd,,Not a Collision with Motor Vehicle,1,Clear,Dry,Dark-Not Lighted
2022-09-21T08:14:00.000,I 20,I 20 and Fulton Industrial Blvd,,Sideswipe-Same Direction,2,Clear,Dry,Daylight
2022-10-13T08:53:00.000,I 20,I 20 and Fulton Industrial Blvd,,Sideswipe-Same Direction,2,Rain,Wet,Daylight
2022-02-06T19:52:00.000,I 20,I 20 and Fulton Industrial Blvd,,Sideswipe-Same Direction,2,Clear,Dry,Dark-Lighted
2022-09-20T21:50:00.000,I 20,I 20 and Fulton Industrial Blvd,,Rear End,2,Clear,Dry,Dark-Not Lighted
2022-10-17T06:22:00.000,I 20,I 20 and Fulton Industrial Blvd,,Rear End,3,Clear,Dry,Dark-Lighted
2022-10-12T06:10:00.000,I 20,I 20 and Fulton Industrial Blvd,,Sideswipe-Same Direction,2,Clear,Dry,Dark-Lighted
2022-01-05T23:11:00.000,I 20,I 20 and Fulton Industrial Blvd,,Sideswipe-Same Direction,2,Clear,Dry,Dark-Lighted
2022-03-10T18:47:00.000,I 20,I 20 and Fulton Industrial Blvd,,Sideswipe-Same Direction,3,Clear,Dry,Dusk
2022-03-19T10:32:00.000,I 20,I 20 and Fulton Industrial Blvd,,Rear End,2,Clear,Dry,Daylight
2022-11-06T08:32:00.000,I 20,I 20 and Fulton Industrial Blvd,,Angle Crash,2,Clear,Dry,Daylight
2022-02-21T10:51:00.000,I 20,I 20 and Fulton Industrial Blvd,,Rear End,2,Clear,Dry,Daylight
2022-02-27T15:25:00.000,I 20,I 20 and Fulton Industrial Blvd,,Rear End,2,Clear,Water (standing or moving),Daylight
2022-07-01T08:15:00.000,I 20,I 20 and Fulton Industrial Blvd,,Rear End,2,Cloudy,Dry,Daylight
2022-09-15T15:43:00.000,I 20,I 20 and Fulton Industrial Blvd,,Sideswipe-Same Direction,2,Clear,Dry,Daylight
2022-05-05T21:15:00.000,I 20,I 20 and Fulton Industrial Blvd,,Angle Crash,3,Clear,Dry,Dark-Lighted
2022-02-22T13:58:00.000,I 20,I 20 and Fulton Industrial Blvd,,Rear End,4,Clear,Dry,Daylight
2022-05-05T15:30:00.000,I 20,I 20 and Fulton Industrial Blvd,,Sideswipe-Same Direction,2,Clear,Dry,Daylight
2022-01-27T15:43:00.000,I 20,I 20 and Fulton Industrial Blvd,,Rear End,2,Clear,Dry,Daylight
2022-05-20T18:35:00.000,I 20,I 20 and Fulton Industrial Blvd,,Sideswipe-Same Direction,2,Clear,Dry,Daylight
2022-12-23T16:03:00.000,I 20,I 20 and Fulton Industrial Blvd,,Rear End,2,Clear,Dry,Daylight
2022-11-22T14:41:00.000,I 20,I 20 and Fulton Industrial Blvd,,Rear End,2,Clear,Dry,Daylight
2022-01-08T10:58:00.000,I 20,I 20 and Fulton Industrial Blvd,,Sideswipe-Same Direction,2,Clear,Dry,Daylight
2022-02-09T21:30:00.000,I 20,I 20 and Fulton Industrial Blvd,,Rear End,2,Clear,Dry,Dark-Not Lighted
2022-05-24T20:37:00.000,I 20,I 20 and Fulton Industrial Blvd,,Sideswipe-Same Direction,2,Clear,Dry,Dark-Lighted
2022-04-19T08:42:00.000,I 20,I 20 and Fulton Industrial Blvd,,Sideswipe-Same Direction,2,Clear,Dry,Daylight
2022-12-17T18:11:00.000,I 20,I 20 and Fulton Industrial Blvd,,Angle Crash,2,Clear,Dry,Dark-Lighted
2022-05-24T18:47:00.000,I 20,I 20 and Fulton Industrial Blvd,,Rear End,3,Clear,Dry,Daylight
2022-02-06T19:49:00.000,I 20,I 20 and Fulton Industrial Blvd,,Rear End,3,Clear,Dry,Dark-Not Lighted
2022-06-08T11:16:00.000,I 20,I 20 and Fulton Industrial Blvd,,Rear End,2,Clear,Dry,Daylight
2022-04-01T11:02:00.000,I 20,I 20 and Fulton Industrial Blvd,,Rear End,2,Clear,Dry,Daylight
2022-07-08T11:30:00.000,I 20,I 20 and Fulton Industrial Blvd,,Sideswipe-Same Direction,2,Clear,Dry,Daylight
2022-05-31T10:13:00.000,I 20,I 20 and Fulton Industrial Blvd,,Rear End,3,Cloudy,Dry,Daylight
2022-06-10T08:00:00.000,I 20,I 20 and Fulton Industrial Blvd,,Sideswipe-Same Direction,2,Clear,Dry,Daylight
2022-09-23T17:36:00.000,I 20,I 20 and Fulton Industrial Blvd,,Rear End,2,Clear,Dry,Daylight
2022-03-24T13:48:00.000,I 20,I 20 and Fulton Industrial Blvd,,Rear End,2,Clear,Dry,Daylight
2022-11-15T06:47:00.000,I 20,I 20 and Fulton Industrial Blvd,,Rear End,2,Rain,Wet,Daylight
2022-08-10T17:10:00.000,I 20,I 20 and Fulton Industrial Blvd,,Sideswipe-Same Direction,2,Clear,Dry,Daylight
2022-02-05T01:39:00.000,I 20,I 20 and Fulton Industrial Blvd,,Not a Collision with Motor Vehicle,1,Clear,Dry,Dark-Lighted
2022-04-21T11:00:00.000,I 20,I 20 and Fulton Industrial Blvd,,Sideswipe-Same Direction,2,Cloudy,Dry,Daylight
2022-03-06T13:32:00.000,I 20,I 20 and Fulton Industrial Blvd,,Rear End,2,Clear,Dry,Daylight
2022-09-20T23:29:00.000,I 20,I 20 and Fulton Industrial Blvd,,Not a Collision with Motor Vehicle,1,Clear,Dry,Dark-Not Lighted
2022-11-30T03:47:00.000,I 20,I 20 and Fulton Industrial Blvd,,Sideswipe-Same Direction,2,Rain,Wet,Dark-Lighted
2022-01-26T12:10:00.000,I 20,I 20 and Fulton Industrial Blvd,,Sideswipe-Same Direction,2,Clear,Dry,Daylight
2022-01-24T10:24:00.000,I 20,I 20 and Fulton Industrial Blvd,,Sideswipe-Same Direction,2,Clear,Dry,Daylight
2022-12-06T07:08:00.000,I 20,I 20 and Fulton Industrial Blvd,,Angle Crash,3,Rain,Wet,Daylight
2022-08-23T08:05:00.000,I 20,I 20 and Fulton Industrial Blvd,,Sideswipe-Same Direction,2,Clear,Dry,Daylight
2022-03-23T07:12:00.000,I 20,I 20 and Fulton Industrial Blvd,,Sideswipe-Same Direction,2,Rain,Wet,Dark-Lighted
2022-11-07T23:06:00.000,I 20,I 20 and Fulton Industrial Blvd,,Rear End,2,Clear,Dry,Dark-Lighted
2022-05-20T17:32:00.000,I 20,I 20 and Fulton Industrial Blvd,,Rear End,2,Clear,Dry,Daylight
2022-11-25T01:12:00.000,I 20,I 20 and Fulton Industrial Blvd,,Rear End,2,Rain,Wet,Dark-Not Lighted
2022-07-29T14:14:00.000,I 20,I 20 and Fulton Industrial Blvd,,Sideswipe-Same Direction,2,Clear,Dry,Daylight
2022-11-28T10:44:00.000,I 20,I 20 and Fulton Industrial Blvd,,Rear End,2,Clear,Dry,Daylight
2022-12-14T10:59:00.000,I 20,I 20 and Fulton Industrial Blvd,,Rear End,2,Rain,Wet,Daylight
2022-09-12T10:32:00.000,I 20,I 20 and Fulton Industrial Blvd,,Rear End,2,Clear,Dry,Daylight
2022-05-21T10:00:00.000,I 20,I 20 and Fulton Industrial Blvd,,Sideswipe-Same Direction,2,Clear,Dry,Daylight
2022-03-11T14:48:00.000,I 20,I 20 and Fulton Industrial Blvd,,Rear End,3,Cloudy,Dry,Daylight
2022-02-22T15:43:00.000,I 20,I 20 and Fulton Industrial Blvd,,Rear End,2,Clear,Dry,Daylight
2022-05-27T15:35:00.000,I 20,I 20 and Fulton Industrial Blvd,,Rear End,2,Clear,Dry,Daylight
2022-06-19T15:21:00.000,I 20,I 20 and Fulton Industrial Blvd,,Rear End,2,Clear,Dry,Daylight
2022-06-26T14:37:00.000,I 20,I 20 and Fulton Industrial Blvd,,Rear End,2,Clear,Dry,Daylight
2022-05-15T15:30:00.000,I 20,I 20 and Fulton Industrial Blvd,,Rear End,2,Clear,Dry,Daylight
2022-08-28T15:09:00.000,I 20,I 20 and Fulton Industrial Blvd,,Sideswipe-Same Direction,2,Clear,Dry,Daylight
2022-06-14T06:19:00.000,I 20,I 20 and Fulton Industrial Blvd,,Sideswipe-Same Direction,2,Clear,Dry,Daylight
2022-07-08T12:11:00.000,I 20,I 20 and Fulton Industrial Blvd,,Rear End,2,Clear,Dry,Daylight
2022-11-02T09:59:00.000,I 20,I 20 and Fulton Industrial Blvd,,Sideswipe-Same Direction,2,Cloudy,Dry,Daylight
2022-03-11T10:58:00.000,I 20,I 20 and Fulton Industrial Blvd,,Rear End,2,Cloudy,Dry,Daylight
2022-06-21T16:07:00.000,I 20,I 20 and Fulton Industrial Blvd,,Rear End,2,Clear,Dry,Daylight
2022-04-15T08:19:00.000,I 20,I 20 and Fulton Industrial Blvd,,Rear End,2,Clear,Dry,Daylight
2022-04-29T13:52:00.000,I 20,I 20 and Fulton Industrial Blvd,,Rear End,2,Clear,Dry,Daylight
2022-08-15T15:39:00.000,I 20,I 20 and Fulton Industrial Blvd,,Rear End,1,Clear,Dry,Daylight
2022-11-23T18:41:00.000,I 20,I 20 and Fulton Industrial Blvd,,Rear End,4,Clear,Dry,Dark-Lighted
2022-06-22T04:34:00.000,I 20,I 20 and Fulton Industrial Blvd,,Sideswipe-Same Direction,3,Clear,Dry,Dark-Not Lighted
2023-07-14T09:02:00.000,I 20,I 20 and Fulton Industrial Blvd,,Sideswipe-Same Direction,2,Clear,Dry,Daylight
2023-11-26T19:00:00.000,I 20,I 20 and Fulton Industrial Blvd,,Rear End,2,Rain,Wet,Dark-Not Lighted
2023-11-16T12:15:00.000,I 20,I 20 and Fulton Industrial Blvd,,Sideswipe-Same Direction,2,Clear,Dry,Daylight
2023-01-20T07:15:00.000,I 20,I 20 and Fulton Industrial Blvd,,Sideswipe-Same Direction,2,Clear,Dry,Daylight
2023-12-22T11:32:00.000,I 20,I 20 and Fulton Industrial Blvd,,Angle Crash,2,Cloudy,Dry,Daylight
2023-03-12T06:05:00.000,I 20,I 20 and Fulton Industrial Blvd,,Sideswipe-Same Direction,2,Rain,Wet,Dark-Lighted
2023-04-06T10:09:00.000,I 20,I 20 and Fulton Industrial Blvd,,Rear End,2,Clear,Dry,Daylight
2023-07-21T22:56:00.000,I 20,I 20 and Fulton Industrial Blvd,,Rear End,2,Rain,Wet,Dark-Lighted
2023-09-22T18:40:00.000,I 20,I 20 and Fulton Industrial Blvd,,Sideswipe-Same Direction,2,Clear,Dry,Daylight
2023-07-14T09:48:00.000,I 20,I 20 and Fulton Industrial Blvd,,Rear End,2,Clear,Dry,Daylight
2024-07-21T20:00:00.000,I 20,I 20 and Fulton Industrial Blvd,,Angle Crash,2,Clear,Dry,Dusk
2024-12-10T16:30:00.000,I 20,I 20 and Fulton Industrial Blvd,,Rear End,2,Clear,Wet,Daylight
2024-08-14T10:57:00.000,I 20,I 20 and Fulton Industrial Blvd,,Rear End,2,Clear,Dry,Daylight
2024-01-13T22:56:00.000,I 20,I 20 and Fulton Industrial Blvd,,Rear End,2,Clear,Dry,Dark-Not Lighted
2024-05-22T06:37:00.000,I 20,I 20 and Fulton Industrial Blvd,,Rear End,2,Clear,Dry,Daylight