Date and Time,Roadway (From Crash Report),Intersection Name (from Crash Report),KABCO Severity,Manner of Collision (Crash Level) ,# of Vehicles per crash ,Weather Conditions (Crash Level),Surface Condition (Crash Level) ,Light Conditions (Crash Level)
2023-06-14T18:00:00.000,I 20,I 20 and Fulton Industrial,,Sideswipe-Same Direction,2,Cloudy,Wet,Daylight
2023-12-06T15:22:00.000,I 20,I 20 and Fulton Industrial,,Rear End,4,Clear,Dry,Daylight
2020-01-11T19:35:00.000,I 20,I 20 and Fulton Industrial,,Sideswipe-Same Direction,2,Rain,Wet,Dark-Lighted
2020-07-28T01:42:00.000,I 20,I 20 and Fulton Industrial,,Angle Crash,2,Clear,Dry,Dark-Not Lighted
2020-10-05T15:30:00.000,I 20,I 20 and Fulton Industrial,,Rear End,2,Clear,Dry,Daylight
2022-02-14T21:20:00.000,I 20,I 20 and Fulton Industrial,,Rear End,2,Clear,Dry,Dark-Not Lighted
2021-09-12T22:57:00.000,I 20,I 20 and Fulton Industrial,,Rear End,3,Clear,Dry,Dark-Lighted
2021-07-06T15:28:00.000,I 20,I 20 and Fulton Industrial,,Sideswipe-Same Direction,2,Clear,Dry,Daylight
2022-09-18T01:20:00.000,I 20,I 20 and Fulton Industrial,,Sideswipe-Same Direction,2,Clear,Dry,Dark-Lighted
2024-10-09T17:58:00.000,I 20,I 20 and Fulton Industrial,,Sideswipe-Same Direction,2,Clear,Dry,Daylight
2024-05-03T16:30:00.000,I 20,I 20 and Fulton Industrial,,Rear End,2,Clear,Dry,Daylight
2024-10-24T06:17:00.000,I 20,I 20 and Fulton Industrial,,Angle Crash,2,Clear,Dry,Daylight
2023-05-08T16:06:00.000,I 20,I 20 and Fulton Industrial,,Sideswipe-Same Direction,2,Clear,Dry,Daylight
2023-06-26T21:20:00.000,I 20,I 20 and Fulton Industrial,,Angle Crash,2,Clear,Dry,Dark-Lighted
2023-06-23T12:00:00.000,I 20,I 20 and Fulton Industrial,,Sideswipe-Same Direction,2,Cloudy,Dry,Daylight
2024-07-09T12:15:00.000,I 20,I 20 and Fulton Industrial,,Rear End,2,Clear,Dry,Daylight
2024-10-25T14:35:00.000,I 20,I 20 and Fulton Industrial,,Rear End,2,Clear,Dry,Daylight
2024-07-18T00:31:00.000,I 20,I 20 and Fulton Industrial,,Not a Collision with Motor Vehicle,1,Clear,Dry,Dark-Not Lighted
2024-01-01T04:30:00.000,I 20,I 20 and Fulton Industrial,,Sideswipe-Same Direction,4,Clear,Dry,Dark-Not Lighted
2024-05-14T17:25:00.000,I 20,I 20 and Fulton Industrial,,Rear End,2,Cloudy,Wet,Daylight
2024-05-30T16:00:00.000,I 20,I 20 and Fulton Industrial,,Rear End,2,Clear,Dry,Daylight
2024-05-29T17:00:00.000,I 20,I 20 and Fulton Industrial,,Sideswipe-Same Direction,2,Clear,Dry,Daylight
2024-12-17T06:40:00.000,I 20,I 20 and Fulton Industrial,,Rear End,3,Clear,Dry,Dawn
2020-08-14T23:30:00.000,I 20,I 20 and Fulton Industral Blvd,,Rear End,2,Clear,Dry,Dark-Lighted
2024-04-24T15:48:00.000,I 20,I 20 and Fulton Industral Blvd,,Rear End,2,Cloudy,Dry,Daylight
2020-09-15T16:30:00.000,I 20,I 20 and Fulton Industrail Boulvard Und,,Sideswipe-Same Direction,3,Clear,Dry,Daylight
2022-04-01T16:37:00.000,I 20,I 20 and Fulton Industrail Boulevard Un,,Rear End,2,Clear,Dry,Daylight
2022-08-22T15:30:00.000,I 20,I 20 and Fulton Industrail Blvd Underpa,,Sideswipe-Same Direction,2,Cloudy,Wet,Daylight
2023-10-10T17:10:00.000,I 20,I 20 and Fulton Industrail Blvd,,Rear End,2,Cloudy,Dry,Daylight
2020-01-02T18:45:00.000,I 20,I 20 and Fulton Industrail Blvd,,Rear End,2,Rain,Wet,Dark-Not Lighted
2020-07-21T15:32:00.000,I 20,I 20 and Fulton Industrail Blvd,,Rear End,2,Clear,Dry,Daylight
2020-01-04T18:59:00.000,I 20,I 20 and Fulton Industrail Blvd,,Angle Crash,2,Clear,Dry,Dark-Lighted
2022-03-21T08:07:00.000,I 20,I 20 and Fulton Industrail Blvd,,Rear End,2,Clear,Dry,Daylight
2022-04-04T14:40:00.000,I 20,I 20 and Fulton Industrail Blvd,,Rear End,2,Clear,Dry,Daylight
2024-04-18T05:51:00.000,I 20,I 20 and Fulton Industrail Blvd,,Rear End,2,Clear,Dry,Daylight
2024-02-29T13:06:00.000,I 20,I 20 and Fulton Industrail Blvd,,Sideswipe-Same Direction,2,Cloudy,Dry,Daylight
2023-10-04T13:59:00.000,I 20,I 20 and Fulton Industrail Blvd,,Sideswipe-Same Direction,2,Clear,Dry,Daylight
2021-11-01T12:05:00.000,I 20,I 20 and Fulton Industiral Blvd,,Sideswipe-Same Direction,2,Clear,Dry,Daylight
2023-10-13T16:43:00.000,I 20,I 20 and Fulton Industiral Blvd,,Angle Crash,2,Cloudy,Wet,Daylight
2021-07-10T16:49:00.000,I 20,I 20 and Fulton Industial Blvd,,Sideswipe-Same Direction,2,Rain,Wet,Daylight
2023-01-14T18:58:00.000,I 20,I 20 and Fulton Industial Blvd,,Not a Collision with Motor Vehicle,1,Clear,Dry,Dark-Lighted
2023-10-12T07:36:00.000,I 20,I 20 and Fulton Industial Blvd,,Rear End,2,Rain,Wet,Daylight
2023-03-07T10:11:00.000,I 20,I 20 and Fulton Industial Blvd,,Sideswipe-Same Direction,3,Clear,Dry,Daylight
2022-09-14T23:27:00.000,I 20,I 20 and Fulton Industal Blvd,,Sideswipe-Same Direction,2,Clear,Dry,Dusk
2024-06-04T06:18:00.000,I 20,I 20 and Fulton Indust.,,Rear End,3,Clear,Dry,Dusk
2022-07-09T13:01:00.000,I 20,I 20 and Fulton Indust Blvd,,Sideswipe-Same Direction,2,Rain,Wet,Daylight
2023-08-20T11:00:00.000,I 20,I 20 and Fulton Indusrial Blvd Exit 49,,Rear End,2,Clear,Dry,Dark-Lighted
2021-02-13T19:55:00.000,I 20,I 20 and Fulton Indusrial Blvd,,Angle Crash,2,Clear,Dry,Dark-Lighted
2022-09-23T09:14:00.000,I 20,I 20 and Fulton Indudtrial Blvd,,Rear End,2,Clear,Dry,Daylight
2024-12-19T15:16:00.000,I 20,I 20 and Fulton Indstrial Blvd,,Angle Crash,2,Clear,Dry,Daylight
2021-04-28T09:56:00.000,I 20,I 20 and Fulton Indistrial Blvd,,Sideswipe-Same Direction,2,Clear,Dry,Daylight
2021-12-02T21:49:00.000,I 20,I 20 and Fulton Ind. Blvd.,,Sideswipe-Same Direction,2,Clear,Dry,Dark-Lighted
2022-02-10T12:30:00.000,I 20,I 20 and Fulton Ind. Blvd.,,Sideswipe-Same Direction,2,Clear,Dry,Daylight
2022-07-11T15:33:00.000,I 20,I 20 and Fulton Ind Ustrial Blvd,,Sideswipe-Same Direction,2,Clear,Dry,Daylight
2022-06-30T20:33:00.000,I 20,I 20 and Fulton Ind Dlvd,,Rear End,3,Rain,Wet,Dusk
2020-08-19T08:49:00.000,I 20,I 20 and Fulton Ind Blvd Sr70,,Rear End,4,Clear,Dry,Daylight
2020-07-14T13:30:00.000,I 20,I 20 and Fulton Ind Blvd Sr70,,Sideswipe-Same Direction,2,Clear,Dry,Daylight
2020-09-17T05:40:00.000,I 20,I 20 and Fulton Ind Blvd Sr70,,Not a Collision with Motor Vehicle,1,Rain,Wet,Dark-Not Lighted
2020-05-08T16:40:00.000,I 20,I 20 and Fulton Ind Blvd Sr70,,Rear End,2,Cloudy,Dry,Daylight
2020-05-10T12:28:00.000,I 20,I 20 and Fulton Ind Blvd Sr70,,Not a Collision with Motor Vehicle,1,Clear,Dry,Daylight
2020-03-09T09:43:00.000,I 20,I 20 and Fulton Ind Blvd Sr70,,Rear End,4,Clear,Dry,Daylight
2020-08-20T15:00:00.000,I 20,I 20 and Fulton Ind Blvd Sr70,,Sideswipe-Same Direction,2,Cloudy,Dry,Daylight
2020-10-19T06:22:00.000,I 20,I 20 and Fulton Ind Blvd Sr70,,Rear End,2,Clear,Dry,Dark-Lighted
2020-09-25T11:47:00.000,I 20,I 20 and Fulton Ind Blvd Sr70,,Angle Crash,2,Clear,Dry,Daylight
2020-06-11T08:01:00.000,I 20,I 20 and Fulton Ind Blvd Sr70,,Sideswipe-Same Direction,3,Clear,Dry,Daylight
2020-06-25T17:00:00.000,I 20,I 20 and Fulton Ind Blvd Sr70,,Rear End,2,Cloudy,Dry,Daylight
2020-10-29T05:16:00.000,I 20,I 20 and Fulton Ind Blvd Sr70,,Not a Collision with Motor Vehicle,1,Severe Thunderstorm or Tornadic,Wet,Dark-Not Lighted
2020-06-19T08:50:00.000,I 20,I 20 and Fulton Ind Blvd Sr70,,Rear End,2,Clear,Dry,Daylight
2020-04-06T09:40:00.000,I 20,I 20 and Fulton Ind Blvd Sr70,,Rear End,2,Clear,Dry,Daylight
2020-05-08T14:54:00.000,I 20,I 20 and Fulton Ind Blvd Sr70,,Rear End,2,Cloudy,Wet,Daylight
2020-10-23T07:00:00.000,I 20,I 20 and Fulton Ind Blvd Sr70,,Sideswipe-Same Direction,2,Clear,Dry,Daylight
2020-08-24T16:25:00.000,I 20,I 20 and Fulton Ind Blvd Sr70,,Rear End,2,Cloudy,Dry,Daylight
2020-01-28T06:00:00.000,I 20,I 20 and Fulton Ind Blvd Sr70,,Sideswipe-Same Direction,2,Clear,Dry,Dark-Lighted
2020-05-04T16:34:00.000,I 20,I 20 and Fulton Ind Blvd Sr70,,Sideswipe-Same Direction,2,Cloudy,Dry,Daylight
2023-10-10T07:45:00.000,I 20,I 20 and Fulton Ind Blvd On Rp,,Rear End,3,Clear,Dry,Daylight
2021-04-08T06:55:00.000,I 20,I 20 and Fulton Ind Blvd Exit Rp,,Rear End,2,Clear,Dry,Daylight
2021-04-08T14:35:00.000,I 20,I 20 and Fulton Ind Blvd Exit Rp,,Sideswipe-Same Direction,2,Clear,Dry,Daylight
2020-05-05T07:10:00.000,I 20,I 20 and Fulton Ind Blvd Exit,,Sideswipe-Same Direction,2,Clear,Dry,Daylight
2021-07-14T17:40:00.000,I 20,I 20 and Fulton Ind Blvd,,Sideswipe-Same Direction,2,Cloudy,Wet,Daylight
2021-09-29T16:03:00.000,I 20,I 20 and Fulton Ind Blvd,,Rear End,4,Clear,Dry,Daylight
2021-02-17T13:38:00.000,I 20,I 20 and Fulton Ind Blvd,,Rear End,3,Clear,Dry,Daylight
2023-11-21T21:00:00.000,I 20,I 20 and Fulton Ind Blvd,,Rear End,2,Cloudy,Wet,Dark-Not Lighted
2023-05-07T14:27:00.000,I 20,I 20 and Fulton Ind Blvd,,Rear End,2,Clear,Dry,Daylight
2023-04-06T13:40:00.000,I 20,I 20 and Fulton Ind Blvd,,Rear End,2,Cloudy,Dry,Daylight
2023-10-07T21:30:00.000,I 20,I 20 and Fulton Ind Blvd,,Sideswipe-Same Direction,2,Clear,Dry,Dark-Not Lighted
2023-01-17T07:26:00.000,I 20,I 20 and Fulton Ind Blvd,,Rear End,2,Rain,Wet,Dark-Not Lighted
2023-07-06T19:35:00.000,I 20,I 20 and Fulton Ind Blvd,,Sideswipe-Same Direction,2,Cloudy,Dry,Daylight
2022-05-28T14:53:00.000,I 20,I 20 and Fulton Ind Blvd,,Rear End,4,Clear,Dry,Daylight
2022-03-12T14:43:00.000,I 20,I 20 and Fulton Ind Blvd,,Rear End,2,Clear,Dry,Daylight
2024-07-19T09:00:00.000,I 20,I 20 and Fulton Ind Blvd,,Rear End,2,Cloudy,Dry,Daylight
2024-04-04T16:14:00.000,I 20,I 20 and Fulton Ind Blvd,,Rear End,2,Clear,Dry,Daylight
2023-01-10T09:00:00.000,I 20,I 20 and Fulton Ind Blvd,,Rear End,3,Clear,Dry,Daylight
2023-01-23T16:50:00.000,I 20,I 20 and Fulton Ind Blvd,,Rear End,2,Clear,Wet,Daylight
2023-05-16T15:30:00.000,I 20,I 20 and Fulton Ind Blvd,,Rear End,3,Cloudy,Dry,Daylight
2023-02-16T13:35:00.000,I 20,I 20 and Fulton Ind Blvd,,Sideswipe-Same Direction,2,Cloudy,Dry,Daylight
2023-10-07T21:30:00.000,I 20,I 20 and Fulton Ind Blvd,,Sideswipe-Same Direction,2,Clear,Dry,Dark-Not Lighted
2024-11-27T09:30:00.000,I 20,I 20 and Fulton Ind Blvd,,Rear End,2,Clear,Dry,Daylight
2020-04-19T11:43:00.000,I 20,I 20 and Fulton County Line,,Sideswipe-Same Direction,3,Rain,Wet,Daylight
2024-03-13T07:59:00.000,I 20,I 20 and Fulton County Line,,Rear End,2,Clear,Dry,Daylight
2021-12-20T06:48:00.000,I 20,I 20 and Fulton  Industrial Blvd,,Rear End,3,Clear,Dry,Dark-Lighted
2021-12-14T15:17:00.000,I 20,I 20 and Fulto Industrial Blvd,,Rear End,2,Clear,Dry,Daylight
2024-12-10T17:50:00.000,I 20,I 20 and Fulto Industrial Blvd,,Rear End,2,Clear,Wet,Daylight
2024-05-08T17:05:00.000,I 20,I 20 and Fuklton Industrial Blvd,,Rear End,2,Cloudy,Dry,Daylight
2021-02-05T13:30:00.000,I 20,I 20 and From Pryor St,,Rear End,2,Clear,Dry,Daylight
2020-01-07T07:31:00.000,I 20,I 20 and From I75 85,,Not a Collision with Motor Vehicle,1,Clear,Wet,Dark-Not Lighted
2022-08-06T21:40:00.000,I 20,I 20 and Flatsholas Rd,,Head On,1,Rain,Wet,Dark-Not Lighted
2021-11-06T09:35:00.000,I 20,I 20 and Flatshoals Rd,,Sideswipe-Same Direction,2,Clear,Dry,Daylight
2021-08-03T06:30:00.000,I 20,I 20 and Flatshoals Rd,,Not a Collision with Motor Vehicle,1,Cloudy,Wet,Daylight
2023-03-26T01:10:00.000,I 20,I 20 and Flatshoals Rd,,Not a Collision with Motor Vehicle,1,Clear,Dry,Dark-Lighted
2024-08-18T02:25:00.000,I 20,I 20 and Flatshoals Rd,,Rear End,2,Rain,Wet,Dark-Lighted
2020-09-06T09:10:00.000,I 20,I 20 and Flatshoal Rd,,Not a Collision with Motor Vehicle,1,Clear,Dry,Daylight
2022-10-01T13:48:00.000,I 20,I 20 and Flats Shoals Rd.,,Rear End,2,Clear,Dry,Daylight
2024-10-25T00:00:00.000,I 20,I 20 and Flats Shls,,Sideswipe-Same Direction,2,Clear,Dry,Daylight
2021-12-03T07:44:00.000,I 20,I 20 and Flat Sholas Rd,,Not a Collision with Motor Vehicle,1,Clear,Dry,Daylight
2024-04-23T13:34:00.000,I 20,I 20 and Flat Shoals Road Opas,,Sideswipe-Same Direction,3,Clear,Dry,Daylight
2021-12-05T01:37:00.000,I 20,I 20 and Flat Shoals Road On-Ramp,,Angle Crash,2,Clear,Dry,Dark-Lighted
2022-11-15T13:47:00.000,I 20,I 20 and Flat Shoals Rd. Exit,,Rear End,2,Cloudy,Wet,Daylight
2022-10-30T21:45:00.000,I 20,I 20 and Flat Shoals Rd.,,Sideswipe-Same Direction,2,Rain,Wet,Dark-Lighted
2024-06-07T13:24:00.000,I 20,I 20 and Flat Shoals Rd.,,Rear End,2,Clear,Dry,Daylight
2021-10-05T06:30:00.000,I 20,I 20 and Flat Shoals Rd Se Opas,,Sideswipe-Same Direction,3,Rain,Wet,Dark-Lighted
2021-06-09T22:20:00.000,I 20,I 20 and Flat Shoals Rd Exit,,Sideswipe-Same Direction,2,Rain,Wet,Dark-Lighted
2021-06-02T07:46:00.000,I 20,I 20 and Flat Shoals Rd,,Rear End,2,Cloudy,Dry,Daylight
2021-06-03T15:54:00.000,I 20,I 20 and Flat Shoals Rd,,Not a Collision with Motor Vehicle,2,Clear,Dry,Daylight
2021-06-04T19:10:00.000,I 20,I 20 and Flat Shoals Rd,,Sideswipe-Same Direction,2,Clear,Dry,Daylight
2021-05-10T03:07:00.000,I 20,I 20 and Flat Shoals Rd,,Not a Collision with Motor Vehicle,1,Clear,Wet,Dark-Lighted
2021-06-11T17:14:00.000,I 20,I 20 and Flat Shoals Rd,,Angle Crash,2,Cloudy,Wet,Daylight
2021-04-24T16:25:00.000,I 20,I 20 and Flat Shoals Rd,,Sideswipe-Same Direction,2,Rain,Wet,Daylight
2021-05-07T05:08:00.000,I 20,I 20 and Flat Shoals Rd,,Rear End,2,Clear,Dry,Dark-Not Lighted
2021-02-22T07:14:00.000,I 20,I 20 and Flat Shoals Rd,,Rear End,2,Rain,Wet,Daylight
2021-01-12T21:14:00.000,I 20,I 20 and Flat Shoals Rd,,Sideswipe-Same Direction,2,Clear,Dry,Dark-Lighted
2021-05-03T12:34:00.000,I 20,I 20 and Flat Shoals Rd,,Not a Collision with Motor Vehicle,1,Rain,Water (standing or moving),Daylight
2021-08-09T08:40:00.000,I 20,I 20 and Flat Shoals Rd,,Rear End,2,Clear,Dry,Daylight
2021-10-20T18:31:00.000,I 20,I 20 and Flat Shoals Rd,,Rear End,2,Clear,Dry,Daylight
2021-11-21T21:00:00.000,I 20,I 20 and Flat Shoals Rd,,Sideswipe-Same Direction,2,Clear,Dry,Dark-Lighted
2021-02-02T22:46:00.000,I 20,I 20 and Flat Shoals Rd,,Sideswipe-Same Direction,2,Clear,Dry,Dark-Lighted
2021-06-20T03:05:00.000,I 20,I 20 and Flat Shoals Rd,,Not a Collision with Motor Vehicle,1,Rain,Wet,Dark-Lighted
2021-02-28T03:33:00.000,I 20,I 20 and Flat Shoals Rd,,Angle Crash,2,Clear,Dry,Dark-Lighted
2021-01-13T14:32:00.000,I 20,I 20 and Flat Shoals Rd,,Rear End,2,Clear,Dry,Daylight
2021-06-12T23:42:00.000,I 20,I 20 and Flat Shoals Rd,,Angle Crash,2,Cloudy,Wet,Dark-Not Lighted
2021-05-13T12:45:00.000,I 20,I 20 and Flat Shoals Rd,,Not a Collision with Motor Vehicle,1,Clear,Dry,Daylight
2021-03-28T08:40:00.000,I 20,I 20 and Flat Shoals Rd,,Sideswipe-Same Direction,2,Clear,Dry,Daylight
2021-06-02T21:00:00.000,I 20,I 20 and Flat Shoals Rd,,Angle Crash,3,Clear,Dry,Dark-Lighted
2021-04-02T13:30:00.000,I 20,I 20 and Flat Shoals Rd,,Rear End,2,Clear,Dry,Daylight
2021-04-24T20:40:00.000,I 20,I 20 and Flat Shoals Rd,,Rear End,2,Rain,Wet,Dark-Lighted
2021-08-08T22:40:00.000,I 20,I 20 and Flat Shoals Rd,,Not a Collision with Motor Vehicle,1,Clear,Wet,Dark-Lighted
2021-09-23T20:55:00.000,I 20,I 20 and Flat Shoals Rd,,Sideswipe-Same Direction,2,Clear,Dry,Dark-Lighted
2021-08-15T21:43:00.000,I 20,I 20 and Flat Shoals Rd,,Rear End,2,Cloudy,Dry,Dark-Lighted
2021-12-23T23:55:00.000,I 20,I 20 and Flat Shoals Rd,,Sideswipe-Same Direction,2,Clear,Dry,Dark-Lighted
2021-08-05T10:34:00.000,I 20,I 20 and Flat Shoals Rd,,Not a Collision with Motor Vehicle,1,Clear,Dry,Daylight
2021-08-01T06:27:00.000,I 20,I 20 and Flat Shoals Rd,,Not a Collision with Motor Vehicle,1,Clear,Dry,Dark-Lighted
2021-12-07T10:30:00.000,I 20,I 20 and Flat Shoals Rd,,Angle Crash,2,Clear,Dry,Daylight
2021-08-01T13:50:00.000,I 20,I 20 and Flat Shoals Rd,,Sideswipe-Same Direction,2,Clear,Dry,Daylight
2021-10-01T10:42:00.000,I 20,I 20 and Flat Shoals Rd,,Not a Collision with Motor Vehicle,1,Clear,Dry,Daylight
2021-12-19T03:10:00.000,I 20,I 20 and Flat Shoals Rd,,Angle Crash,2,Cloudy,Wet,Dark-Lighted
2021-09-17T08:20:00.000,I 20,I 20 and Flat Shoals Rd,,Sideswipe-Same Direction,2,Cloudy,Dry,Daylight
2021-01-01T07:20:00.000,I 20,I 20 and Flat Shoals Rd,,Not a Collision with Motor Vehicle,1,Rain,Wet,Dark-Lighted
2021-05-02T16:20:00.000,I 20,I 20 and Flat Shoals Rd,,Sideswipe-Same Direction,2,Clear,Dry,Daylight
2021-03-24T09:50:00.000,I 20,I 20 and Flat Shoals Rd,,Rear End,2,Clear,Dry,Daylight
2021-02-07T08:38:00.000,I 20,I 20 and Flat Shoals Rd,,Angle Crash,2,Cloudy,Dry,Daylight
2021-05-03T12:34:00.000,I 20,I 20 and Flat Shoals Rd,,Not a Collision with Motor Vehicle,1,Rain,Water (standing or moving),Daylight
2021-04-16T22:03:00.000,I 20,I 20 and Flat Shoals Rd,,Not a Collision with Motor Vehicle,1,Clear,Dry,Dark-Lighted
2021-07-09T15:00:00.000,I 20,I 20 and Flat Shoals Rd,,Not a Collision with Motor Vehicle,1,Rain,Wet,Daylight
2021-07-18T02:10:00.000,I 20,I 20 and Flat Shoals Rd,,Sideswipe-Opposite Direction,3,Cloudy,Dry,Dark-Lighted
2021-07-05T01:32:00.000,I 20,I 20 and Flat Shoals Rd,,Rear End,2,Clear,Dry,Dark-Not Lighted
2021-10-29T23:14:00.000,I 20,I 20 and Flat Shoals Rd,,Sideswipe-Same Direction,2,Rain,Wet,Dark-Lighted
2021-07-26T20:00:00.000,I 20,I 20 and Flat Shoals Rd,,Angle Crash,3,Rain,Wet,Dusk
2021-02-18T09:55:00.000,I 20,I 20 and Flat Shoals Rd,,Sideswipe-Same Direction,2,Rain,Wet,Daylight
2020-10-31T04:55:00.000,I 20,I 20 and Flat Shoals Rd,,Rear End,2,Clear,Dry,Dark-Lighted
2020-03-12T21:25:00.000,I 20,I 20 and Flat Shoals Rd,,Not a Collision with Motor Vehicle,1,Clear,Dry,Dark-Lighted
2020-10-16T15:00:00.000,I 20,I 20 and Flat Shoals Rd,,Not a Collision with Motor Vehicle,1,Clear,Dry,Daylight
2023-03-24T15:12:00.000,I 20,I 20 and Flat Shoals Rd,,Rear End,2,Clear,Dry,Daylight
2023-09-09T23:00:00.000,I 20,I 20 and Flat Shoals Rd,,Not a Collision with Motor Vehicle,1,Rain,Wet,Dark-Lighted
2023-08-05T12:00:00.000,I 20,I 20 and Flat Shoals Rd,,Angle Crash,2,Clear,Dry,Daylight
2023-10-12T00:00:00.000,I 20,I 20 and Flat Shoals Rd,,Sideswipe-Same Direction,2,Rain,Wet,Daylight
2023-04-01T06:15:00.000,I 20,I 20 and Flat Shoals Rd,,Not a Collision with Motor Vehicle,1,Clear,Dry,Dark-Lighted
2023-12-01T22:30:00.000,I 20,I 20 and Flat Shoals Rd,,Sideswipe-Same Direction,2,Clear,Dry,Dark-Lighted
2023-05-05T14:31:00.000,I 20,I 20 and Flat Shoals Rd,,Rear End,2,Rain,Wet,Daylight
2023-08-05T10:59:00.000,I 20,I 20 and Flat Shoals Rd,,Rear End,3,Clear,Dry,Daylight
2023-07-01T00:22:00.000,I 20,I 20 and Flat Shoals Rd,,Angle Crash,2,Cloudy,Dry,Dark-Lighted
2023-06-07T14:47:00.000,I 20,I 20 and Flat Shoals Rd,,Sideswipe-Same Direction,2,Clear,Dry,Daylight
2023-09-24T17:23:00.000,I 20,I 20 and Flat Shoals Rd,,Sideswipe-Same Direction,2,Clear,Dry,Daylight
2023-03-03T04:24:00.000,I 20,I 20 and Flat Shoals Rd,,Rear End,2,Clear,Dry,Dark-Not Lighted
2023-11-15T15:17:00.000,I 20,I 20 and Flat Shoals Rd,,Angle Crash,3,Clear,Dry,Daylight
2023-04-22T07:30:00.000,I 20,I 20 and Flat Shoals Rd,,Sideswipe-Same Direction,2,Clear,Dry,Daylight
2023-06-08T00:00:00.000,I 20,I 20 and Flat Shoals Rd,,Not a Collision with Motor Vehicle,1,Clear,Dry,Daylight
2023-05-25T18:03:00.000,I 20,I 20 and Flat Shoals Rd,,Rear End,2,Clear,Dry,Dark-Lighted
2023-01-01T06:00:00.000,I 20,I 20 and Flat Shoals Rd,,Angle Crash,2,Clear,Dry,Dawn
2023-12-16T19:50:00.000,I 20,I 20 and Flat Shoals Rd,,Angle Crash,3,Rain,Wet,Dark-Lighted
2023-05-22T09:00:00.000,I 20,I 20 and Flat Shoals Rd,,Sideswipe-Same Direction,3,Cloudy,Dry,Daylight
2023-09-13T01:55:00.000,I 20,I 20 and Flat Shoals Rd,,Sideswipe-Same Direction,2,Rain,Wet,Dark-Lighted
2023-12-22T10:10:00.000,I 20,I 20 and Flat Shoals Rd,,Rear End,4,Cloudy,Dry,Daylight
2023-09-05T08:40:00.000,I 20,I 20 and Flat Shoals Rd,,Rear End,2,Clear,Dry,Daylight
2023-04-16T04:40:00.000,I 20,I 20 and Flat Shoals Rd,,Rear End,2,Clear,Dry,Dark-Lighted
2023-06-30T22:48:00.000,I 20,I 20 and Flat Shoals Rd,,Rear End,2,Clear,Dry,Dark-Lighted
2023-05-13T13:00:00.000,I 20,I 20 and Flat Shoals Rd,,Sideswipe-Same Direction,2,Clear,Dry,Daylight
2023-01-23T13:45:00.000,I 20,I 20 and Flat Shoals Rd,,Angle Crash,2,Clear,Dry,Daylight
2023-05-08T09:00:00.000,I 20,I 20 and Flat Shoals Rd,,Not a Collision with Motor Vehicle,1,Cloudy,Dry,Daylight
2023-03-15T11:45:00.000,I 20,I 20 and Flat Shoals Rd,,Sideswipe-Same Direction,3,Clear,Dry,Daylight
2023-08-18T08:50:00.000,I 20,I 20 and Flat Shoals Rd,,Sideswipe-Same Direction,2,Clear,Dry,Daylight
2023-04-25T15:00:00.000,I 20,I 20 and Flat Shoals Rd,,Rear End,2,Clear,Dry,Daylight
2023-11-09T12:00:00.000,I 20,I 20 and Flat Shoals Rd,,Angle Crash,2,Clear,Dry,Daylight
2023-07-29T11:50:00.000,I 20,I 20 and Flat Shoals Rd,,Not a Collision with Motor Vehicle,2,Clear,Dry,Daylight
2022-02-18T21:36:00.000,I 20,I 20 and Flat Shoals Rd,,Rear End,2,Clear,Dry,Dark-Lighted
2022-05-24T19:00:00.000,I 20,I 20 and Flat Shoals Rd,,Sideswipe-Same Direction,2,Clear,Dry,Daylight
2022-01-29T00:45:00.000,I 20,I 20 and Flat Shoals Rd,,Angle Crash,2,Snow,Snow,Dark-Lighted
2022-05-08T09:15:00.000,I 20,I 20 and Flat Shoals Rd,,Sideswipe-Same Direction,2,Clear,Dry,Daylight
2021-10-26T00:00:00.000,I 20,I 20 and Flat Shoals Rd,,Sideswipe-Same Direction,2,Clear,Dry,Daylight
2020-07-28T18:49:00.000,I 20,I 20 and Flat Shoals Rd,,Not a Collision with Motor Vehicle,1,Rain,Wet,Daylight
2020-03-12T21:20:00.000,I 20,I 20 and Flat Shoals Rd,,Not a Collision with Motor Vehicle,1,Clear,Dry,Dark-Lighted
2020-10-04T14:40:00.000,I 20,I 20 and Flat Shoals Rd,,Angle Crash,2,Clear,Dry,Daylight
2020-01-09T08:51:00.000,I 20,I 20 and Flat Shoals Rd,,Rear End,2,Clear,Dry,Daylight
2020-12-27T17:30:00.000,I 20,I 20 and Flat Shoals Rd,,Sideswipe-Same Direction,3,Clear,Dry,Dark-Lighted
2020-07-29T12:31:00.000,I 20,I 20 and Flat Shoals Rd,,Sideswipe-Same Direction,2,Rain,Wet,Daylight
2020-01-11T19:55:00.000,I 20,I 20 and Flat Shoals Rd,,Rear End,4,Rain,Wet,Dark-Lighted
2020-03-21T22:35:00.000,I 20,I 20 and Flat Shoals Rd,,Not a Collision with Motor Vehicle,1,Clear,Dry,Dark-Lighted
2020-10-09T00:05:00.000,I 20,I 20 and Flat Shoals Rd,,Rear End,2,Clear,Dry,Dark-Lighted
2020-12-24T13:30:00.000,I 20,I 20 and Flat Shoals Rd,,Not a Collision with Motor Vehicle,1,Cloudy,Wet,Daylight
2020-12-14T08:20:00.000,I 20,I 20 and Flat Shoals Rd,,Sideswipe-Same Direction,2,Clear,Wet,Daylight
2020-06-29T03:42:00.000,I 20,I 20 and Flat Shoals Rd,,Not a Collision with Motor Vehicle,1,Clear,Dry,Dark-Lighted