Date and Time,Roadway (From Crash Report),Intersection Name (from Crash Report),KABCO Severity,Manner of Collision (Crash Level) ,# of Vehicles per crash ,Weather Conditions (Crash Level),Surface Condition (Crash Level) ,Light Conditions (Crash Level)
2020-12-15T01:15:00.000,I 20,I 20 and Flat Shoals Rd,,Sideswipe-Same Direction,2,Clear,Dry,Dark-Lighted
2020-02-05T01:50:00.000,I 20,I 20 and Flat Shoals Rd,,Sideswipe-Same Direction,2,Clear,Wet,Dark-Lighted
2020-03-05T13:09:00.000,I 20,I 20 and Flat Shoals Rd,,Sideswipe-Same Direction,2,Rain,Wet,Daylight
2020-10-31T04:50:00.000,I 20,I 20 and Flat Shoals Rd,,Rear End,2,Clear,Dry,Dark-Lighted
2020-10-29T18:33:00.000,I 20,I 20 and Flat Shoals Rd,,Sideswipe-Same Direction,2,Clear,Dry,Daylight
2020-03-28T09:39:00.000,I 20,I 20 and Flat Shoals Rd,,Sideswipe-Same Direction,2,Clear,Dry,Daylight
2020-07-04T15:15:00.000,I 20,I 20 and Flat Shoals Rd,,Angle Crash,3,Rain,Wet,Daylight
2020-11-19T23:18:00.000,I 20,I 20 and Flat Shoals Rd,,Sideswipe-Same Direction,4,Clear,Dry,Dark-Lighted
2020-10-31T08:54:00.000,I 20,I 20 and Flat Shoals Rd,,Rear End,2,Clear,Dry,Daylight
2020-04-23T10:30:00.000,I 20,I 20 and Flat Shoals Rd,,Sideswipe-Same Direction,2,Rain,Wet,Daylight
2020-07-29T06:00:00.000,I 20,I 20 and Flat Shoals Rd,,Sideswipe-Same Direction,2,Clear,Dry,Daylight
2020-03-09T11:44:00.000,I 20,I 20 and Flat Shoals Rd,,Not a Collision with Motor Vehicle,2,Rain,Wet,Daylight
2020-08-24T00:30:00.000,I 20,I 20 and Flat Shoals Rd,,Not a Collision with Motor Vehicle,1,Clear,Dry,Dark-Not Lighted
2020-01-16T07:39:00.000,I 20,I 20 and Flat Shoals Rd,,Angle Crash,2,Clear,Wet,Daylight
2020-12-10T16:30:00.000,I 20,I 20 and Flat Shoals Rd,,Sideswipe-Same Direction,2,Clear,Dry,Daylight
2020-06-04T19:45:00.000,I 20,I 20 and Flat Shoals Rd,,Angle Crash,2,Cloudy,Wet,Daylight
2020-02-13T10:55:00.000,I 20,I 20 and Flat Shoals Rd,,Not a Collision with Motor Vehicle,1,Cloudy,Wet,Daylight
2020-10-13T20:30:00.000,I 20,I 20 and Flat Shoals Rd,,Angle Crash,2,Clear,Dry,Dark-Lighted
2020-02-13T10:00:00.000,I 20,I 20 and Flat Shoals Rd,,Angle Crash,2,Rain,Wet,Daylight
2020-11-10T23:20:00.000,I 20,I 20 and Flat Shoals Rd,,Sideswipe-Same Direction,2,Rain,Wet,Dark-Not Lighted
2020-03-19T19:50:00.000,I 20,I 20 and Flat Shoals Rd,,Not a Collision with Motor Vehicle,1,Clear,Dry,Daylight
2020-06-30T17:50:00.000,I 20,I 20 and Flat Shoals Rd,,Not a Collision with Motor Vehicle,1,Rain,Wet,Daylight
2020-10-14T01:19:00.000,I 20,I 20 and Flat Shoals Rd,,Not a Collision with Motor Vehicle,2,Clear,Dry,Dark-Lighted
2020-11-22T02:25:00.000,I 20,I 20 and Flat Shoals Rd,,Rear End,2,Clear,Dry,Dark-Lighted
2020-01-21T22:29:00.000,I 20,I 20 and Flat Shoals Rd,,Sideswipe-Same Direction,2,Clear,Dry,Dark-Lighted
2020-08-01T10:03:00.000,I 20,I 20 and Flat Shoals Rd,,Rear End,3,Clear,Dry,Daylight
2020-03-23T14:00:00.000,I 20,I 20 and Flat Shoals Rd,,Not a Collision with Motor Vehicle,1,Rain,Wet,Daylight
2020-10-13T19:00:00.000,I 20,I 20 and Flat Shoals Rd,,Rear End,2,Clear,Dry,Dark-Lighted
2020-08-12T23:30:00.000,I 20,I 20 and Flat Shoals Rd,,Not a Collision with Motor Vehicle,2,Clear,Dry,Dark-Lighted
2020-05-21T13:36:00.000,I 20,I 20 and Flat Shoals Rd,,Sideswipe-Same Direction,2,Clear,Dry,Daylight
2020-06-08T19:10:00.000,I 20,I 20 and Flat Shoals Rd,,Angle Crash,2,Clear,Dry,Daylight
2020-12-19T22:10:00.000,I 20,I 20 and Flat Shoals Rd,,Sideswipe-Same Direction,3,Clear,Dry,Dark-Not Lighted
2020-03-23T20:20:00.000,I 20,I 20 and Flat Shoals Rd,,Not a Collision with Motor Vehicle,1,Clear,Wet,Dark-Lighted
2020-10-27T18:15:00.000,I 20,I 20 and Flat Shoals Rd,,Rear End,2,Cloudy,Dry,Daylight
2020-09-20T20:37:00.000,I 20,I 20 and Flat Shoals Rd,,Angle Crash,4,Clear,Dry,Dark-Lighted
2020-01-03T23:07:00.000,I 20,I 20 and Flat Shoals Rd,,Rear End,2,Cloudy,Wet,Dark-Not Lighted
2020-07-16T13:15:00.000,I 20,I 20 and Flat Shoals Rd,,Angle Crash,3,Clear,Dry,Daylight
2020-07-15T00:55:00.000,I 20,I 20 and Flat Shoals Rd,,Not a Collision with Motor Vehicle,1,Clear,Dry,Dark-Not Lighted
2020-03-30T00:00:00.000,I 20,I 20 and Flat Shoals Rd,,Angle Crash,2,Cloudy,Dry,Daylight
2020-03-23T21:12:00.000,I 20,I 20 and Flat Shoals Rd,,Rear End,2,Rain,Wet,Dark-Lighted
2020-06-10T17:50:00.000,I 20,I 20 and Flat Shoals Rd,,Not a Collision with Motor Vehicle,1,Cloudy,Dry,Daylight
2020-09-27T17:51:00.000,I 20,I 20 and Flat Shoals Rd,,Rear End,2,Rain,Wet,Daylight
2020-08-31T22:40:00.000,I 20,I 20 and Flat Shoals Rd,,Sideswipe-Same Direction,2,Clear,Dry,Daylight
2020-11-22T03:18:00.000,I 20,I 20 and Flat Shoals Rd,,Sideswipe-Same Direction,2,Clear,Dry,Dark-Lighted
2020-08-11T00:08:00.000,I 20,I 20 and Flat Shoals Rd,,Angle Crash,2,Clear,Dry,Dark-Lighted
2020-11-07T17:06:00.000,I 20,I 20 and Flat Shoals Rd,,Not a Collision with Motor Vehicle,1,Clear,Dry,Daylight
2020-11-05T00:50:00.000,I 20,I 20 and Flat Shoals Rd,,Not a Collision with Motor Vehicle,1,Clear,Dry,Dark-Lighted
2020-01-16T15:50:00.000,I 20,I 20 and Flat Shoals Rd,,Not a Collision with Motor Vehicle,2,Cloudy,Dry,Daylight
2020-05-20T03:45:00.000,I 20,I 20 and Flat Shoals Rd,,Sideswipe-Same Direction,2,Rain,Wet,Dark-Lighted
2020-08-21T19:15:00.000,I 20,I 20 and Flat Shoals Rd,,Not a Collision with Motor Vehicle,1,Cloudy,Wet,Daylight
2020-07-11T22:15:00.000,I 20,I 20 and Flat Shoals Rd,,Not a Collision with Motor Vehicle,1,Clear,Dry,Dark-Lighted
2020-03-03T09:30:00.000,I 20,I 20 and Flat Shoals Rd,,Angle Crash,2,Rain,Wet,Daylight
2020-01-03T22:29:00.000,I 20,I 20 and Flat Shoals Rd,,Sideswipe-Same Direction,2,Cloudy,Wet,Dark-Not Lighted
2020-03-14T05:38:00.000,I 20,I 20 and Flat Shoals Rd,,Not a Collision with Motor Vehicle,1,Clear,Dry,Dark-Not Lighted
2021-04-24T22:04:00.000,I 20,I 20 and Flat Shoals Rd,,Not a Collision with Motor Vehicle,1,Cloudy,Wet,Dark-Lighted
2021-05-09T23:55:00.000,I 20,I 20 and Flat Shoals Rd,,Sideswipe-Same Direction,3,Rain,Wet,Dark-Lighted
2021-05-26T00:30:00.000,I 20,I 20 and Flat Shoals Rd,,Rear End,2,Clear,Dry,Dark-Lighted
2021-04-13T19:58:00.000,I 20,I 20 and Flat Shoals Rd,,Sideswipe-Same Direction,2,Clear,Dry,Daylight
2021-01-08T08:56:00.000,I 20,I 20 and Flat Shoals Rd,,Angle Crash,3,Rain,Wet,Daylight
2021-02-09T19:15:00.000,I 20,I 20 and Flat Shoals Rd,,Rear End,2,Clear,Dry,Dark-Lighted
2021-06-14T13:05:00.000,I 20,I 20 and Flat Shoals Rd,,Not a Collision with Motor Vehicle,1,Clear,Dry,Daylight
2021-05-04T14:40:00.000,I 20,I 20 and Flat Shoals Rd,,Not a Collision with Motor Vehicle,1,Rain,Wet,Daylight
2021-05-15T14:50:00.000,I 20,I 20 and Flat Shoals Rd,,Sideswipe-Same Direction,2,Clear,Dry,Daylight
2021-01-10T02:14:00.000,I 20,I 20 and Flat Shoals Rd,,Rear End,2,Clear,Dry,Dark-Lighted
2021-03-19T22:00:00.000,I 20,I 20 and Flat Shoals Rd,,Rear End,2,Rain,Wet,Dark-Lighted
2021-05-03T13:40:00.000,I 20,I 20 and Flat Shoals Rd,,Not a Collision with Motor Vehicle,1,Severe Thunderstorm or Tornadic,Dry,Daylight
2021-04-24T15:36:00.000,I 20,I 20 and Flat Shoals Rd,,Sideswipe-Same Direction,2,Clear,Dry,Daylight
2021-02-06T00:24:00.000,I 20,I 20 and Flat Shoals Rd,,Not a Collision with Motor Vehicle,1,Clear,Dry,Dark-Lighted
2021-03-09T10:16:00.000,I 20,I 20 and Flat Shoals Rd,,Rear End,2,Clear,Dry,Daylight
2021-10-29T22:03:00.000,I 20,I 20 and Flat Shoals Rd,,Sideswipe-Same Direction,2,Rain,Wet,Dark-Lighted
2021-11-14T14:40:00.000,I 20,I 20 and Flat Shoals Rd,,Sideswipe-Same Direction,2,Clear,Dry,Daylight
2021-07-18T15:18:00.000,I 20,I 20 and Flat Shoals Rd,,Sideswipe-Same Direction,2,Clear,Dry,Daylight
2021-11-20T10:45:00.000,I 20,I 20 and Flat Shoals Rd,,Not a Collision with Motor Vehicle,2,Clear,Dry,Daylight
2021-11-25T19:47:00.000,I 20,I 20 and Flat Shoals Rd,,Sideswipe-Same Direction,2,Clear,Dry,Dawn
2021-10-29T23:36:00.000,I 20,I 20 and Flat Shoals Rd,,Rear End,2,Rain,Wet,Dark-Lighted
2021-12-23T19:41:00.000,I 20,I 20 and Flat Shoals Rd,,Not a Collision with Motor Vehicle,1,Clear,Dry,Dark-Lighted
2021-09-04T16:02:00.000,I 20,I 20 and Flat Shoals Rd,,Rear End,2,Clear,Dry,Daylight
2021-07-09T15:27:00.000,I 20,I 20 and Flat Shoals Rd,,Angle Crash,2,Rain,Wet,Daylight
2021-07-22T13:10:00.000,I 20,I 20 and Flat Shoals Rd,,Rear End,2,Clear,Dry,Daylight
2021-11-06T14:59:00.000,I 20,I 20 and Flat Shoals Rd,,Rear End,2,Clear,Dry,Daylight
2021-07-19T14:30:00.000,I 20,I 20 and Flat Shoals Rd,,Sideswipe-Same Direction,2,Cloudy,Dry,Daylight
2021-10-01T10:48:00.000,I 20,I 20 and Flat Shoals Rd,,Angle Crash,2,Clear,Dry,Daylight
2021-08-28T15:15:00.000,I 20,I 20 and Flat Shoals Rd,,Angle Crash,2,Clear,Dry,Daylight
2021-11-14T08:00:00.000,I 20,I 20 and Flat Shoals Rd,,Sideswipe-Same Direction,2,Clear,Dry,Daylight
2021-07-22T04:40:00.000,I 20,I 20 and Flat Shoals Rd,,Rear End,2,Clear,Dry,Dark-Lighted
2021-12-04T08:15:00.000,I 20,I 20 and Flat Shoals Rd,,Not a Collision with Motor Vehicle,1,Clear,Dry,Daylight
2021-08-22T15:00:00.000,I 20,I 20 and Flat Shoals Rd,,Not a Collision with Motor Vehicle,1,Rain,Wet,Daylight
2021-07-31T17:54:00.000,I 20,I 20 and Flat Shoals Rd,,Not a Collision with Motor Vehicle,1,Clear,Dry,Daylight
2021-12-24T18:14:00.000,I 20,I 20 and Flat Shoals Rd,,Sideswipe-Same Direction,2,Clear,Dry,Dark-Not Lighted
2022-02-04T13:40:00.000,I 20,I 20 and Flat Shoals Rd,,Rear End,2,Clear,Dry,Daylight
2022-07-02T07:00:00.000,I 20,I 20 and Flat Shoals Rd,,Not a Collision with Motor Vehicle,1,Clear,Dry,Daylight
2022-08-06T16:47:00.000,I 20,I 20 and Flat Shoals Rd,,Sideswipe-Same Direction,2,Clear,Dry,Daylight
2022-07-10T21:10:00.000,I 20,I 20 and Flat Shoals Rd,,Not a Collision with Motor Vehicle,1,Rain,Wet,Dark-Lighted
2022-12-30T14:34:00.000,I 20,I 20 and Flat Shoals Rd,,Sideswipe-Same Direction,2,Clear,Dry,Daylight
2021-07-23T02:33:00.000,I 20,I 20 and Flat Shoals Rd,,Rear End,2,Cloudy,Dry,Dark-Lighted
2021-08-16T21:05:00.000,I 20,I 20 and Flat Shoals Rd,,Angle Crash,3,Clear,Wet,Dark-Lighted
2021-10-04T07:05:00.000,I 20,I 20 and Flat Shoals Rd,,Not a Collision with Motor Vehicle,1,Clear,Dry,Daylight
2021-07-19T13:25:00.000,I 20,I 20 and Flat Shoals Rd,,Rear End,2,Rain,Wet,Daylight
2021-10-16T03:00:00.000,I 20,I 20 and Flat Shoals Rd,,Sideswipe-Same Direction,2,Clear,Dry,Dark-Not Lighted
2021-10-18T17:45:00.000,I 20,I 20 and Flat Shoals Rd,,Not a Collision with Motor Vehicle,2,Snow,Dry,Daylight
2021-12-11T14:35:00.000,I 20,I 20 and Flat Shoals Rd,,Not a Collision with Motor Vehicle,1,Rain,Wet,Daylight
2022-01-23T22:00:00.000,I 20,I 20 and Flat Shoals Rd,,Rear End,2,Clear,Dry,Dark-Not Lighted
2022-11-25T01:05:00.000,I 20,I 20 and Flat Shoals Rd,,Not a Collision with Motor Vehicle,1,Rain,Wet,Dark-Lighted
2022-08-08T18:10:00.000,I 20,I 20 and Flat Shoals Rd,,Sideswipe-Same Direction,2,Clear,Dry,Daylight
2022-08-27T01:40:00.000,I 20,I 20 and Flat Shoals Rd,,Sideswipe-Same Direction,2,Clear,Dry,Daylight
2022-06-26T22:33:00.000,I 20,I 20 and Flat Shoals Rd,,Sideswipe-Same Direction,2,Cloudy,Dry,Dark-Lighted
2022-09-23T02:26:00.000,I 20,I 20 and Flat Shoals Rd,,Rear End,2,Clear,Dry,Dark-Not Lighted
2022-03-17T20:06:00.000,I 20,I 20 and Flat Shoals Rd,,Rear End,2,Clear,Dry,Dawn
2022-09-12T07:23:00.000,I 20,I 20 and Flat Shoals Rd,,Not a Collision with Motor Vehicle,1,Cloudy,Dry,Daylight
2022-10-21T21:30:00.000,I 20,I 20 and Flat Shoals Rd,,Sideswipe-Same Direction,2,Clear,Dry,Dark-Not Lighted
2022-05-06T09:50:00.000,I 20,I 20 and Flat Shoals Rd,,Sideswipe-Same Direction,2,Rain,Dry,Daylight
2022-05-27T21:20:00.000,I 20,I 20 and Flat Shoals Rd,,Rear End,2,Clear,Dry,Dark-Not Lighted
2022-02-21T15:42:00.000,I 20,I 20 and Flat Shoals Rd,,Sideswipe-Same Direction,2,Rain,Dry,Daylight
2022-07-28T05:31:00.000,I 20,I 20 and Flat Shoals Rd,,Sideswipe-Opposite Direction,2,Clear,Dry,Daylight
2021-07-06T11:30:00.000,I 20,I 20 and Flat Shoals Rd,,Not a Collision with Motor Vehicle,1,Clear,Dry,Daylight
2021-12-10T22:38:00.000,I 20,I 20 and Flat Shoals Rd,,Angle Crash,3,Fog,Wet,Dark-Lighted
2022-03-08T17:40:00.000,I 20,I 20 and Flat Shoals Rd,,Not a Collision with Motor Vehicle,1,Rain,Wet,Daylight
2022-02-20T03:30:00.000,I 20,I 20 and Flat Shoals Rd,,Rear End,2,Clear,Dry,Dark-Lighted
2022-01-08T15:26:00.000,I 20,I 20 and Flat Shoals Rd,,Rear End,2,Clear,Dry,Daylight
2022-11-26T16:00:00.000,I 20,I 20 and Flat Shoals Rd,,Rear End,3,Clear,Dry,Daylight
2022-11-13T02:00:00.000,I 20,I 20 and Flat Shoals Rd,,Rear End,3,Clear,Dry,Dark-Lighted
2022-06-27T15:44:00.000,I 20,I 20 and Flat Shoals Rd,,Not a Collision with Motor Vehicle,1,Rain,Wet,Daylight
2022-10-03T21:45:00.000,I 20,I 20 and Flat Shoals Rd,,Sideswipe-Same Direction,2,Clear,Dry,Dark-Lighted
2022-07-01T13:20:00.000,I 20,I 20 and Flat Shoals Rd,,Not a Collision with Motor Vehicle,1,Rain,Water (standing or moving),Daylight
2022-09-10T13:50:00.000,I 20,I 20 and Flat Shoals Rd,,Sideswipe-Same Direction,2,Clear,Dry,Daylight
2022-11-18T04:00:00.000,I 20,I 20 and Flat Shoals Rd,,Rear End,2,Clear,Dry,Dark-Lighted
2022-10-30T15:00:00.000,I 20,I 20 and Flat Shoals Rd,,Not a Collision with Motor Vehicle,1,Cloudy,Wet,Daylight
2022-10-10T00:30:00.000,I 20,I 20 and Flat Shoals Rd,,Not a Collision with Motor Vehicle,1,Clear,Dry,Dark-Not Lighted
2022-03-14T20:00:00.000,I 20,I 20 and Flat Shoals Rd,,Rear End,2,Clear,Dry,Daylight
2022-05-06T10:57:00.000,I 20,I 20 and Flat Shoals Rd,,Rear End,2,Cloudy,Wet,Daylight
2022-09-30T18:00:00.000,I 20,I 20 and Flat Shoals Rd,,Sideswipe-Same Direction,2,Clear,Dry,Daylight
2022-08-13T01:58:00.000,I 20,I 20 and Flat Shoals Rd,,Sideswipe-Same Direction,2,Cloudy,Dry,Dark-Not Lighted
2022-03-25T19:39:00.000,I 20,I 20 and Flat Shoals Rd,,Sideswipe-Same Direction,2,Clear,Dry,Daylight
2022-10-08T09:39:00.000,I 20,I 20 and Flat Shoals Rd,,Not a Collision with Motor Vehicle,1,Clear,Dry,Daylight
2022-11-03T15:00:00.000,I 20,I 20 and Flat Shoals Rd,,Sideswipe-Same Direction,3,Clear,Dry,Daylight
2022-03-23T13:00:00.000,I 20,I 20 and Flat Shoals Rd,,Sideswipe-Opposite Direction,2,Cloudy,Dry,Daylight
2022-03-25T19:38:00.000,I 20,I 20 and Flat Shoals Rd,,Sideswipe-Same Direction,2,Clear,Dry,Daylight
2022-12-27T12:47:00.000,I 20,I 20 and Flat Shoals Rd,,Not a Collision with Motor Vehicle,1,Clear,Dry,Daylight
2022-02-03T20:45:00.000,I 20,I 20 and Flat Shoals Rd,,Sideswipe-Same Direction,3,Rain,Wet,Dark-Lighted
2022-01-21T08:25:00.000,I 20,I 20 and Flat Shoals Rd,,Sideswipe-Same Direction,2,Clear,Dry,Daylight
2022-01-02T15:40:00.000,I 20,I 20 and Flat Shoals Rd,,Sideswipe-Same Direction,2,Clear,Wet,Daylight
2022-04-02T15:30:00.000,I 20,I 20 and Flat Shoals Rd,,Not a Collision with Motor Vehicle,1,Clear,Dry,Daylight
2022-03-21T14:44:00.000,I 20,I 20 and Flat Shoals Rd,,Not a Collision with Motor Vehicle,1,Clear,Dry,Daylight
2022-11-15T06:00:00.000,I 20,I 20 and Flat Shoals Rd,,Sideswipe-Same Direction,2,Rain,Wet,Daylight
2022-05-12T18:50:00.000,I 20,I 20 and Flat Shoals Rd,,Not a Collision with Motor Vehicle,1,Clear,Dry,Daylight
2022-03-30T16:04:00.000,I 20,I 20 and Flat Shoals Rd,,Angle Crash,3,Clear,Dry,Daylight
2022-04-29T06:50:00.000,I 20,I 20 and Flat Shoals Rd,,Sideswipe-Same Direction,2,Clear,Dry,Dark-Not Lighted
2022-08-07T04:48:00.000,I 20,I 20 and Flat Shoals Rd,,Not a Collision with Motor Vehicle,1,Cloudy,Dry,Dark-Not Lighted
2022-03-10T18:40:00.000,I 20,I 20 and Flat Shoals Rd,,Rear End,2,Clear,Dry,Dawn
2022-12-30T14:35:00.000,I 20,I 20 and Flat Shoals Rd,,Sideswipe-Same Direction,2,Clear,Dry,Daylight
2022-10-21T21:50:00.000,I 20,I 20 and Flat Shoals Rd,,Not a Collision with Motor Vehicle,1,Clear,Dry,Dark-Not Lighted
2022-01-30T23:11:00.000,I 20,I 20 and Flat Shoals Rd,,Not a Collision with Motor Vehicle,1,Clear,Dry,Dark-Lighted
2022-06-28T00:00:00.000,I 20,I 20 and Flat Shoals Rd,,Sideswipe-Same Direction,2,Rain,Wet,Dark-Not Lighted
2023-12-16T17:50:00.000,I 20,I 20 and Flat Shoals Rd,,Rear End,2,Other,Wet,Daylight
2023-03-24T18:32:00.000,I 20,I 20 and Flat Shoals Rd,,Sideswipe-Same Direction,2,Clear,Dry,Daylight
2023-11-04T23:00:00.000,I 20,I 20 and Flat Shoals Rd,,Angle Crash,3,Clear,Dry,Dark-Not Lighted
2023-11-14T23:54:00.000,I 20,I 20 and Flat Shoals Rd,,Sideswipe-Same Direction,2,Clear,Dry,Dark-Not Lighted
2023-09-14T12:35:00.000,I 20,I 20 and Flat Shoals Rd,,Sideswipe-Same Direction,2,Cloudy,Dry,Daylight
2023-08-02T10:47:00.000,I 20,I 20 and Flat Shoals Rd,,Rear End,2,Clear,Dry,Daylight
2023-02-23T13:40:00.000,I 20,I 20 and Flat Shoals Rd,,Rear End,2,Cloudy,Dry,Daylight
2024-02-12T17:12:00.000,I 20,I 20 and Flat Shoals Rd,,Rear End,3,Clear,Wet,Daylight
2024-09-27T14:33:00.000,I 20,I 20 and Flat Shoals Rd,,Sideswipe-Same Direction,2,Cloudy,Wet,Daylight
2024-09-06T12:57:00.000,I 20,I 20 and Flat Shoals Rd,,Angle Crash,2,Clear,Dry,Daylight
2024-06-12T02:09:00.000,I 20,I 20 and Flat Shoals Rd,,Sideswipe-Same Direction,2,Clear,Dry,Dark-Lighted
2024-10-16T13:02:00.000,I 20,I 20 and Flat Shoals Rd,,Not a Collision with Motor Vehicle,2,Clear,Dry,Daylight
2024-01-14T19:10:00.000,I 20,I 20 and Flat Shoals Rd,,Sideswipe-Same Direction,4,Clear,Dry,Dark-Lighted
2024-01-06T02:20:00.000,I 20,I 20 and Flat Shoals Rd,,Not a Collision with Motor Vehicle,1,Rain,Wet,Dark-Lighted
2024-01-09T08:00:00.000,I 20,I 20 and Flat Shoals Rd,,Rear End,2,Rain,Wet,Daylight
2024-03-07T16:19:00.000,I 20,I 20 and Flat Shoals Rd,,Rear End,2,Clear,Dry,Daylight
2024-03-16T09:05:00.000,I 20,I 20 and Flat Shoals Rd,,Rear End,2,Cloudy,Dry,Daylight
2024-09-07T01:03:00.000,I 20,I 20 and Flat Shoals Rd,,Not a Collision with Motor Vehicle,1,Clear,Dry,Dark-Not Lighted
2023-04-29T23:00:00.000,I 20,I 20 and Flat Shoals Rd,,Angle Crash,2,Rain,Wet,Dark-Lighted
2023-07-25T16:40:00.000,I 20,I 20 and Flat Shoals Rd,,Sideswipe-Same Direction,2,Clear,Dry,Daylight
2024-10-14T07:56:00.000,I 20,I 20 and Flat Shoals Rd,,Not a Collision with Motor Vehicle,2,Clear,Dry,Daylight
2024-01-07T19:20:00.000,I 20,I 20 and Flat Shoals Rd,,Sideswipe-Same Direction,2,Clear,Dry,Dark-Not Lighted
2023-04-01T12:50:00.000,I 20,I 20 and Flat Shoals Rd,,Angle Crash,2,Clear,Dry,Daylight
2023-12-09T20:30:00.000,I 20,I 20 and Flat Shoals Rd,,Rear End,3,Rain,Wet,Dark-Lighted
2023-11-03T11:55:00.000,I 20,I 20 and Flat Shoals Rd,,Sideswipe-Same Direction,2,Clear,Dry,Daylight
2023-03-13T17:44:00.000,I 20,I 20 and Flat Shoals Rd,,Rear End,2,Clear,Dry,Daylight
2023-12-10T17:55:00.000,I 20,I 20 and Flat Shoals Rd,,Rear End,2,Rain,Wet,Dark-Lighted
2023-06-07T09:00:00.000,I 20,I 20 and Flat Shoals Rd,,Rear End,3,Clear,Dry,Daylight
2023-07-11T17:32:00.000,I 20,I 20 and Flat Shoals Rd,,Sideswipe-Same Direction,2,Clear,Dry,Daylight
2023-09-24T06:30:00.000,I 20,I 20 and Flat Shoals Rd,,Not a Collision with Motor Vehicle,1,Clear,Dry,Dark-Not Lighted
2023-01-07T01:31:00.000,I 20,I 20 and Flat Shoals Rd,,Rear End,2,Sleet,Oil,Dark-Lighted
2023-05-19T18:44:00.000,I 20,I 20 and Flat Shoals Rd,,Rear End,2,Clear,Dry,Daylight
2023-03-02T08:50:00.000,I 20,I 20 and Flat Shoals Rd,,Angle Crash,2,Cloudy,Dry,Daylight
2023-10-21T01:45:00.000,I 20,I 20 and Flat Shoals Rd,,Rear End,2,Clear,Dry,Dark-Lighted
2023-08-01T08:07:00.000,I 20,I 20 and Flat Shoals Rd,,Rear End,2,Clear,Dry,Daylight
2023-01-13T22:25:00.000,I 20,I 20 and Flat Shoals Rd,,Sideswipe-Same Direction,2,Clear,Dry,Dark-Not Lighted
2023-10-21T00:09:00.000,I 20,I 20 and Flat Shoals Rd,,Sideswipe-Same Direction,2,Clear,Dry,Dark-Lighted
2023-12-23T19:12:00.000,I 20,I 20 and Flat Shoals Rd,,Rear End,2,Clear,Dry,Dark-Not Lighted
2023-06-23T12:00:00.000,I 20,I 20 and Flat Shoals Rd,,Sideswipe-Same Direction,2,Clear,Dry,Daylight
2023-03-15T11:40:00.000,I 20,I 20 and Flat Shoals Rd,,Not a Collision with Motor Vehicle,2,Clear,Dry,Daylight
2023-12-13T12:30:00.000,I 20,I 20 and Flat Shoals Rd,,Rear End,2,Clear,Dry,Daylight
2023-08-29T16:37:00.000,I 20,I 20 and Flat Shoals Rd,,Head On,4,Clear,Dry,Daylight
2023-02-01T14:55:00.000,I 20,I 20 and Flat Shoals Rd,,Not a Collision with Motor Vehicle,1,Clear,Dry,Daylight
2024-06-14T11:45:00.000,I 20,I 20 and Flat Shoals Rd,,Angle Crash,2,Clear,Dry,Daylight
2024-10-14T07:19:00.000,I 20,I 20 and Flat Shoals Rd,,Sideswipe-Same Direction,2,Clear,Dry,Daylight
2024-02-07T03:30:00.000,I 20,I 20 and Flat Shoals Rd,,Rear End,2,Clear,Dry,Dark-Lighted
2024-10-13T13:50:00.000,I 20,I 20 and Flat Shoals Rd,,Sideswipe-Same Direction,3,Cloudy,Dry,Daylight
2024-10-24T19:27:00.000,I 20,I 20 and Flat Shoals Rd,,Rear End,3,Clear,Dry,Dark-Lighted
2024-03-18T00:00:00.000,I 20,I 20 and Flat Shoals Rd,,Angle Crash,2,Clear,Dry,Daylight
2024-01-27T10:52:00.000,I 20,I 20 and Flat Shoals Rd,,Angle Crash,2,Rain,Wet,Daylight
2024-08-18T16:18:00.000,I 20,I 20 and Flat Shoals Rd,,Angle Crash,2,Clear,Dry,Daylight
2024-07-01T07:56:00.000,I 20,I 20 and Flat Shoals Rd,,Angle Crash,2,Clear,Dry,Daylight
2024-06-09T10:55:00.000,I 20,I 20 and Flat Shoals Rd,,Not a Collision with Motor Vehicle,2,Clear,Dry,Daylight
2024-06-19T17:00:00.000,I 20,I 20 and Flat Shoals Rd,,Rear End,2,Clear,Dry,Daylight
2024-07-26T21:00:00.000,I 20,I 20 and Flat Shoals Rd,,Not a Collision with Motor Vehicle,1,Rain,Wet,Dark-Lighted
2024-04-19T21:00:00.000,I 20,I 20 and Flat Shoals Rd,,Rear End,3,Clear,Dry,Dark-Lighted
2024-03-11T08:10:00.000,I 20,I 20 and Flat Shoals Rd,,Not a Collision with Motor Vehicle,2,Clear,Dry,Daylight
2024-03-11T08:08:00.000,I 20,I 20 and Flat Shoals Rd,,Rear End,2,Clear,Dry,Daylight
2024-09-07T02:02:00.000,I 20,I 20 and Flat Shoals Rd,,Rear End,2,Clear,Dry,Dark-Not Lighted
2024-05-19T14:47:00.000,I 20,I 20 and Flat Shoals Rd,,Rear End,2,Clear,Dry,Daylight
2024-06-25T09:00:00.000,I 20,I 20 and Flat Shoals Rd,,Sideswipe-Same Direction,2,Clear,Dry,Daylight
2024-01-30T06:42:00.000,I 20,I 20 and Flat Shoals Rd,,Sideswipe-Same Direction,2,Clear,Dry,Dusk
2024-06-17T00:00:00.000,I 20,I 20 and Flat Shoals Rd,,Rear End,2,Clear,Dry,Daylight
2024-12-01T01:20:00.000,I 20,I 20 and Flat Shoals Rd,,Sideswipe-Same Direction,2,Clear,Dry,Dark-Not Lighted
2024-06-04T09:00:00.000,I 20,I 20 and Flat Shoals Rd,,Rear End,2,Clear,Dry,Daylight