Date and Time,Roadway (From Crash Report),Intersection Name (from Crash Report),KABCO Severity,Manner of Collision (Crash Level) ,# of Vehicles per crash ,Weather Conditions (Crash Level),Surface Condition (Crash Level) ,Light Conditions (Crash Level)
2024-11-27T20:15:00.000,I 20,I 20 and Flat Shoals Rd,,Rear End,2,Clear,Dry,Dark-Not Lighted
2024-04-08T18:30:00.000,I 20,I 20 and Flat Shoals Rd,,Angle Crash,2,Clear,Dry,Daylight
2024-11-19T18:30:00.000,I 20,I 20 and Flat Shoals Rd,,Sideswipe-Same Direction,2,Rain,Wet,Dark-Lighted
2024-09-05T14:48:00.000,I 20,I 20 and Flat Shoals Rd,,Sideswipe-Same Direction,2,Clear,Dry,Daylight
2024-12-16T20:28:00.000,I 20,I 20 and Flat Shoals Rd,,Rear End,2,Clear,Dry,Dark-Lighted
2024-08-31T22:18:00.000,I 20,I 20 and Flat Shoals Rd,,Rear End,2,Clear,Dry,Daylight
2024-10-07T23:32:00.000,I 20,I 20 and Flat Shoals Rd,,Rear End,2,Clear,Dry,Dark-Not Lighted
2024-01-14T21:10:00.000,I 20,I 20 and Flat Shoals Rd,,Sideswipe-Opposite Direction,2,Clear,Dry,Dark-Not Lighted
2024-08-22T14:02:00.000,I 20,I 20 and Flat Shoals Rd,,Sideswipe-Same Direction,2,Clear,Dry,Daylight
2024-08-30T14:35:00.000,I 20,I 20 and Flat Shoals Rd,,Rear End,2,Clear,Dry,Daylight
2024-05-02T20:55:00.000,I 20,I 20 and Flat Shoals Rd,,Sideswipe-Same Direction,3,Clear,Dry,Dark-Lighted
2024-01-20T00:16:00.000,I 20,I 20 and Flat Shoals Rd,,Angle Crash,2,Clear,Dry,Dark-Lighted
2024-01-03T08:00:00.000,I 20,I 20 and Flat Shoals Rd,,Sideswipe-Same Direction,2,Clear,Dry,Daylight
2024-04-21T08:42:00.000,I 20,I 20 and Flat Shoals Rd,,Not a Collision with Motor Vehicle,1,Rain,Wet,Daylight
2024-02-12T13:59:00.000,I 20,I 20 and Flat Shoals Rd,,Not a Collision with Motor Vehicle,1,Rain,Wet,Daylight
2024-08-31T22:17:00.000,I 20,I 20 and Flat Shoals Rd,,Sideswipe-Same Direction,2,Clear,Dry,Daylight
2024-04-26T16:15:00.000,I 20,I 20 and Flat Shoals Rd,,Sideswipe-Same Direction,2,Clear,Dry,Daylight
2024-08-15T20:10:00.000,I 20,I 20 and Flat Shoals Rd,,Sideswipe-Same Direction,2,Clear,Dry,Daylight
2024-08-20T07:45:00.000,I 20,I 20 and Flat Shoals Rd,,Angle Crash,3,Clear,Dry,Daylight
2024-06-07T14:00:00.000,I 20,I 20 and Flat Shoals Rd,,Sideswipe-Same Direction,2,Clear,Dry,Daylight
2024-10-17T19:45:00.000,I 20,I 20 and Flat Shoals Rd,,Sideswipe-Same Direction,2,Clear,Dry,Dark-Lighted
2024-02-20T09:17:00.000,I 20,I 20 and Flat Shoals Rd,,Not a Collision with Motor Vehicle,2,Clear,Dry,Daylight
2024-05-04T22:42:00.000,I 20,I 20 and Flat Shoals Rd,,Sideswipe-Same Direction,2,Clear,Dry,Dark-Not Lighted
2024-06-27T18:44:00.000,I 20,I 20 and Flat Shoals Rd,,Not a Collision with Motor Vehicle,1,Rain,Wet,Daylight
2024-06-21T00:00:00.000,I 20,I 20 and Flat Shoals Pkwy,,Not a Collision with Motor Vehicle,1,Clear,Dry,Dark-Not Lighted
2020-11-25T14:32:00.000,I 20,I 20 and Flat Shoals On Rp,,Sideswipe-Same Direction,1,Cloudy,Dry,Daylight
2020-08-13T22:30:00.000,I 20,I 20 and Flat Shoals Ave,,Not a Collision with Motor Vehicle,1,Rain,Water (standing or moving),Dark-Lighted
2021-10-21T14:50:00.000,I 20,I 20 and Flat Shoal Rd,,Angle Crash,2,Cloudy,Dry,Daylight
2022-07-10T21:03:00.000,I 20,I 20 and Flat Shoal Rd,,Not a Collision with Motor Vehicle,1,Cloudy,Wet,Dark-Lighted
2021-06-11T16:34:00.000,I 20,I 20 and Flat Shoal Rd,,Not a Collision with Motor Vehicle,1,Rain,Wet,Daylight
2021-11-26T16:10:00.000,I 20,I 20 and Flat Shoal Rd,,Rear End,2,Clear,Dry,Dawn
2021-10-19T20:51:00.000,I 20,I 20 and Flat Shoal Rd,,Not a Collision with Motor Vehicle,1,Clear,Dry,Daylight
2022-02-08T18:57:00.000,I 20,I 20 and Flat Shoal Rd,,Angle Crash,4,Clear,Dry,Dark-Lighted
2022-04-05T11:50:00.000,I 20,I 20 and Flat Shoal Rd,,Angle Crash,3,Rain,Wet,Daylight
2024-06-05T11:45:00.000,I 20,I 20 and Flat Shoal Rd,,Not a Collision with Motor Vehicle,2,Cloudy,Dry,Daylight
2021-07-06T16:36:00.000,I 20,I 20 and Flat Shls,,Sideswipe-Same Direction,2,Clear,Dry,Daylight
2020-11-02T19:36:00.000,I 20,I 20 and Flat Shls,,Angle Crash,2,Clear,Dry,Dark-Lighted
2021-04-07T04:45:00.000,I 20,I 20 and Flat Shls,,Angle Crash,2,Clear,Dry,Dark-Lighted
2022-05-30T14:34:00.000,I 20,I 20 and Flat Shls,,Not a Collision with Motor Vehicle,1,Clear,Dry,Daylight
2022-05-05T14:56:00.000,I 20,I 20 and Flat Shls,,Angle Crash,3,Clear,Dry,Daylight
2023-03-28T09:09:00.000,I 20,I 20 and Flat Shls,,Rear End,2,Clear,Dry,Daylight
2023-10-29T20:40:00.000,I 20,I 20 and Flat Shls,,Sideswipe-Same Direction,2,Clear,Dry,Dark-Not Lighted
2024-01-05T13:30:00.000,I 20,I 20 and Flat Shls,,Rear End,2,Clear,Dry,Daylight
2024-10-24T18:26:00.000,I 20,I 20 and Flat Shls,,Angle Crash,3,Clear,Dry,Dark-Lighted
2020-02-20T07:10:00.000,I 20,I 20 and Flat Rock Rd,,Rear End,2,Rain,Wet,Daylight
2023-07-11T13:32:00.000,I 20,I 20 and Flat  Shoals Rd,,Angle Crash,2,Clear,Dry,Daylight
2024-12-09T20:34:00.000,I 20,I 20 and Flast Shoals Rd,,Sideswipe-Same Direction,2,Rain,Wet,Dark-Not Lighted
2022-08-07T18:29:00.000,I 20,I 20 and Flast Schoals Rd,,Rear End,2,Clear,Dry,Daylight
2020-11-03T10:46:00.000,I 20,I 20 and Five Points Rd,,Sideswipe-Same Direction,2,Clear,Dry,Daylight
2024-01-27T17:44:00.000,I 20,I 20 and Firetower Road Opas,,Not a Collision with Motor Vehicle,1,Rain,Wet,Daylight
2021-02-06T12:08:00.000,I 20,I 20 and Fears Road Opas,,Sideswipe-Same Direction,2,Cloudy,Dry,Daylight
2021-07-02T16:37:00.000,I 20,I 20 and Fears Road Opas,,Rear End,3,Rain,Wet,Daylight
2022-05-10T10:09:00.000,I 20,I 20 and Fears Rd,,Sideswipe-Same Direction,2,Clear,Dry,Daylight
2024-04-08T12:15:00.000,I 20,I 20 and Fears Rd,,Sideswipe-Same Direction,2,Clear,Dry,Daylight
2024-02-26T07:10:00.000,I 20,I 20 and Fears Rd,,Not a Collision with Motor Vehicle,1,Clear,Dry,Daylight
2023-01-17T14:10:00.000,I 20,I 20 and Fayettville Rd Opas,,Not a Collision with Motor Vehicle,1,Clear,Wet,Daylight
2021-05-07T21:38:00.000,I 20,I 20 and Fayetteville Road Opas,,Sideswipe-Same Direction,2,Clear,Dry,Daylight
2021-08-22T00:00:00.000,I 20,I 20 and Fayetteville Rd,,Not a Collision with Motor Vehicle,1,Rain,Wet,Daylight
2021-09-22T16:02:00.000,I 20,I 20 and Fayetteville Rd,,Rear End,2,Cloudy,Dry,Daylight
2023-04-05T10:15:00.000,I 20,I 20 and Fayetteville Rd,,Sideswipe-Same Direction,2,Clear,Dry,Daylight
2023-08-26T06:25:00.000,I 20,I 20 and Fayetteville Rd,,Sideswipe-Same Direction,2,Clear,Dry,Daylight
2020-02-14T08:50:00.000,I 20,I 20 and Fayetteville Rd,,Not a Collision with Motor Vehicle,1,Clear,Dry,Daylight
2020-03-18T15:55:00.000,I 20,I 20 and Fayetteville Rd,,Rear End,2,Cloudy,Dry,Daylight
2022-07-04T14:54:00.000,I 20,I 20 and Fayetteville Rd,,Not a Collision with Motor Vehicle,1,Clear,Dry,Daylight
2022-07-28T10:00:00.000,I 20,I 20 and Fayetteville Rd,,Sideswipe-Same Direction,2,Clear,Dry,Daylight
2024-12-09T05:14:00.000,I 20,I 20 and Fayetteville Rd,,Rear End,3,Clear,Dry,Dark-Lighted
2021-08-28T20:49:00.000,I 20,I 20 and Fayettevill Rd,,Sideswipe-Same Direction,2,Clear,Dry,Dark-Not Lighted
2023-10-26T13:59:00.000,I 20,I 20 and Fatory Shoals Rd,,Rear End,2,Cloudy,Dry,Daylight
2023-08-29T08:30:00.000,I 20,I 20 and Fatcory Shoals Rd,,Rear End,2,Clear,Dry,Daylight
2023-11-10T11:50:00.000,I 20,I 20 and Fatcory Shoals Rd,,Rear End,3,Rain,Wet,Daylight
2020-04-18T00:34:00.000,I 20,I 20 and Fairview Rd,,Angle Crash,2,Clear,Dry,Dark-Not Lighted
2024-08-17T22:55:00.000,I 20,I 20 and Fairview Rd,,Rear End,2,Rain,Wet,Dark-Not Lighted
2021-07-28T10:23:00.000,I 20,I 20 and Fairurn Rd,,Sideswipe-Same Direction,2,Clear,Dry,Daylight
2021-04-01T09:15:00.000,I 20,I 20 and Fairington Rd,,Rear End,2,Clear,Dry,Daylight
2021-05-31T12:31:00.000,I 20,I 20 and Fairington Rd,,Sideswipe-Same Direction,2,Clear,Dry,Daylight
2020-06-13T13:45:00.000,I 20,I 20 and Fairington Rd,,Rear End,2,Clear,Dry,Daylight
2023-11-10T00:00:00.000,I 20,I 20 and Fairington Rd,,Rear End,2,Clear,Dry,Dark-Not Lighted
2023-02-08T06:31:00.000,I 20,I 20 and Fairington Rd,,Rear End,2,Cloudy,Dry,Daylight
2023-03-17T12:03:00.000,I 20,I 20 and Fairington Rd,,Rear End,3,Cloudy,Dry,Daylight
2023-03-08T08:00:00.000,I 20,I 20 and Fairington Rd,,Rear End,2,Clear,Dry,Daylight
2023-12-27T05:50:00.000,I 20,I 20 and Fairington Rd,,Sideswipe-Same Direction,2,Clear,Dry,Daylight
2020-11-27T17:24:00.000,I 20,I 20 and Fairington Rd,,Not a Collision with Motor Vehicle,1,Clear,Dry,Daylight
2020-06-18T04:40:00.000,I 20,I 20 and Fairington Rd,,Angle Crash,2,Clear,Dry,Daylight
2020-05-19T08:21:00.000,I 20,I 20 and Fairington Rd,,Not a Collision with Motor Vehicle,1,Cloudy,Dry,Daylight
2020-09-28T08:30:00.000,I 20,I 20 and Fairington Rd,,Not a Collision with Motor Vehicle,2,Clear,Dry,Daylight
2020-08-21T14:40:00.000,I 20,I 20 and Fairington Rd,,Angle Crash,2,Clear,Dry,Daylight
2021-01-23T02:20:00.000,I 20,I 20 and Fairington Rd,,Sideswipe-Same Direction,2,Clear,Dry,Dark-Not Lighted
2021-07-01T00:00:00.000,I 20,I 20 and Fairington Rd,,Sideswipe-Same Direction,2,Cloudy,Dry,Daylight
2021-08-15T06:45:00.000,I 20,I 20 and Fairington Rd,,Not a Collision with Motor Vehicle,1,Clear,Dry,Dawn
2022-03-19T14:00:00.000,I 20,I 20 and Fairington Rd,,Rear End,2,Clear,Dry,Daylight
2021-08-23T09:05:00.000,I 20,I 20 and Fairington Rd,,Sideswipe-Same Direction,6,Clear,Dry,Daylight
2022-08-18T18:20:00.000,I 20,I 20 and Fairington Rd,,Angle Crash,2,Clear,Dry,Daylight
2022-04-29T19:50:00.000,I 20,I 20 and Fairington Rd,,Rear End,2,Clear,Dry,Daylight
2022-09-26T06:35:00.000,I 20,I 20 and Fairington Rd,,Angle Crash,2,Clear,Dry,Dark-Not Lighted
2022-03-12T14:00:00.000,I 20,I 20 and Fairington Rd,,Sideswipe-Same Direction,2,Clear,Dry,Daylight
2022-05-27T14:00:00.000,I 20,I 20 and Fairington Rd,,Angle Crash,2,Clear,Dry,Daylight
2022-08-05T01:55:00.000,I 20,I 20 and Fairington Rd,,Rear End,2,Clear,Dry,Dark-Not Lighted
2022-04-12T23:45:00.000,I 20,I 20 and Fairington Rd,,Sideswipe-Same Direction,2,Clear,Dry,Dark-Not Lighted
2022-07-20T07:10:00.000,I 20,I 20 and Fairington Rd,,Rear End,2,Cloudy,Dry,Daylight
2024-10-05T18:15:00.000,I 20,I 20 and Fairington Rd,,Rear End,2,Clear,Dry,Dark-Lighted
2024-02-22T09:00:00.000,I 20,I 20 and Fairington Rd,,Sideswipe-Same Direction,2,Clear,Dry,Daylight
2024-07-09T21:41:00.000,I 20,I 20 and Fairington Rd,,Sideswipe-Same Direction,3,Clear,Dry,Dark-Not Lighted
2024-05-03T04:02:00.000,I 20,I 20 and Fairington Rd,,Not a Collision with Motor Vehicle,1,Rain,Wet,Dark-Not Lighted
2024-06-19T22:10:00.000,I 20,I 20 and Fairington Rd,,Not a Collision with Motor Vehicle,1,Clear,Dry,Dark-Not Lighted
2024-04-09T07:30:00.000,I 20,I 20 and Fairington Rd,,Not a Collision with Motor Vehicle,1,Rain,Wet,Daylight
2024-10-12T03:15:00.000,I 20,I 20 and Fairington Rd,,Not a Collision with Motor Vehicle,1,Clear,Dry,Dark-Not Lighted
2023-11-03T12:35:00.000,I 20,I 20 and Fairington Rd,,Rear End,2,Clear,Dry,Daylight
2023-07-12T03:36:00.000,I 20,I 20 and Fairington Rd,,Not a Collision with Motor Vehicle,1,Clear,Dry,Dark-Not Lighted
2023-09-19T08:00:00.000,I 20,I 20 and Fairington Rd,,Rear End,2,Clear,Dry,Daylight
2023-10-20T20:30:00.000,I 20,I 20 and Fairington Rd,,Rear End,2,Clear,Dry,Dark-Lighted
2023-06-10T00:00:00.000,I 20,I 20 and Fairington Rd,,Not a Collision with Motor Vehicle,2,Clear,Dry,Dark-Not Lighted
2024-01-11T23:56:00.000,I 20,I 20 and Fairington Rd,,Sideswipe-Same Direction,2,Clear,Dry,Dark-Not Lighted
2024-05-26T00:00:00.000,I 20,I 20 and Fairington Rd,,Not a Collision with Motor Vehicle,1,Clear,Dry,Dark-Not Lighted
2024-09-04T03:50:00.000,I 20,I 20 and Fairington Rd,,Not a Collision with Motor Vehicle,1,Clear,Dry,Dark-Not Lighted
2024-06-25T15:36:00.000,I 20,I 20 and Fairington Rd,,Rear End,2,Clear,Dry,Daylight
2024-05-31T07:52:00.000,I 20,I 20 and Fairington Rd,,Angle Crash,2,Clear,Dry,Daylight
2024-11-03T22:50:00.000,I 20,I 20 and Fairington Rd,,Not a Collision with Motor Vehicle,1,Clear,Dry,Dark-Not Lighted
2024-11-01T08:48:00.000,I 20,I 20 and Fairington Rd,,Not a Collision with Motor Vehicle,1,Clear,Dry,Daylight
2024-11-19T10:16:00.000,I 20,I 20 and Fairington Rd,,Angle Crash,2,Rain,Wet,Daylight
2024-06-13T17:50:00.000,I 20,I 20 and Fairington Rd,,Sideswipe-Same Direction,2,Clear,Dry,Daylight
2024-08-02T00:25:00.000,I 20,I 20 and Fairington Rd,,Rear End,2,Clear,Dry,Dark-Not Lighted
2024-11-29T12:50:00.000,I 20,I 20 and Fairington Rd,,Rear End,2,Clear,Dry,Daylight
2024-02-01T14:16:00.000,I 20,I 20 and Fairington Rd,,Rear End,2,Clear,Dry,Daylight
2024-10-10T09:27:00.000,I 20,I 20 and Fairington Rd,,Not a Collision with Motor Vehicle,1,Clear,Dry,Daylight
2024-07-22T09:20:00.000,I 20,I 20 and Fairington Rd,,Not a Collision with Motor Vehicle,2,Clear,Dry,Daylight
2024-04-29T17:30:00.000,I 20,I 20 and Fairington Rd,,Rear End,2,Clear,Dry,Daylight
2024-11-03T22:45:00.000,I 20,I 20 and Fairington Rd,,Angle Crash,2,Clear,Dry,Dark-Not Lighted
2024-10-30T07:46:00.000,I 20,I 20 and Fairington Rd,,Not a Collision with Motor Vehicle,2,Clear,Dry,Daylight
2024-06-24T01:30:00.000,I 20,I 20 and Fairington Rd,,Rear End,3,Clear,Dry,Dark-Lighted
2024-07-03T11:00:00.000,I 20,I 20 and Fairington Rd,,Rear End,2,Clear,Dry,Daylight
2024-06-24T08:45:00.000,I 20,I 20 and Fairington Rd,,Sideswipe-Same Direction,2,Clear,Dry,Daylight
2024-08-24T08:20:00.000,I 20,I 20 and Fairington Rd,,Rear End,2,Clear,Dry,Daylight
2021-05-15T17:35:00.000,I 20,I 20 and Fairington Pkwy,,Rear End,2,Clear,Dry,Daylight
2021-01-05T11:30:00.000,I 20,I 20 and Fairington Pkwy,,Not a Collision with Motor Vehicle,1,Clear,Dry,Daylight
2024-08-23T12:45:00.000,I 20,I 20 and Fairington Pkwy,,Angle Crash,2,Clear,Dry,Daylight
2020-12-22T00:42:00.000,I 20,I 20 and Fairfield Pl,,Rear End,3,Clear,Dry,Dark-Lighted
2021-11-10T18:50:00.000,I 20,I 20 and Fairfield Pl,,Rear End,2,Clear,Dry,Dark-Lighted
2021-04-29T15:00:00.000,I 20,I 20 and Fairburn Road Opas,,Rear End,2,Cloudy,Dry,Daylight
2021-02-02T09:30:00.000,I 20,I 20 and Fairburn Road Opas,,Rear End,2,Clear,Dry,Daylight
2021-07-12T11:55:00.000,I 20,I 20 and Fairburn Road Opas,,Sideswipe-Same Direction,2,Clear,Dry,Daylight
2021-06-08T07:30:00.000,I 20,I 20 and Fairburn Road Opas,,Sideswipe-Same Direction,2,Clear,Dry,Daylight
2021-05-26T06:30:00.000,I 20,I 20 and Fairburn Road Opas,,Sideswipe-Same Direction,2,Clear,Dry,Daylight
2021-03-31T11:44:00.000,I 20,I 20 and Fairburn Road Opas,,Rear End,2,Rain,Wet,Daylight
2021-06-30T16:10:00.000,I 20,I 20 and Fairburn Road Opas,,Sideswipe-Same Direction,2,Clear,Dry,Daylight
2021-03-18T11:58:00.000,I 20,I 20 and Fairburn Road Opas,,Rear End,2,Cloudy,Wet,Daylight
2021-07-12T14:12:00.000,I 20,I 20 and Fairburn Road Opas,,Not a Collision with Motor Vehicle,1,Clear,Dry,Daylight
2021-07-08T09:00:00.000,I 20,I 20 and Fairburn Road Opas,,Sideswipe-Same Direction,2,Clear,Dry,Daylight
2023-03-14T13:28:00.000,I 20,I 20 and Fairburn Road Opas,,Rear End,2,Clear,Dry,Daylight
2023-06-30T10:34:00.000,I 20,I 20 and Fairburn Road Opas,,Sideswipe-Same Direction,2,Clear,Dry,Daylight
2023-03-14T13:28:00.000,I 20,I 20 and Fairburn Road Opas,,Rear End,3,Clear,Dry,Daylight
2023-04-20T08:23:00.000,I 20,I 20 and Fairburn Road Opas,,Sideswipe-Same Direction,2,Clear,Dry,Daylight
2023-06-30T09:43:00.000,I 20,I 20 and Fairburn Road Opas,,Rear End,3,Clear,Dry,Daylight
2022-08-29T13:46:00.000,I 20,I 20 and Fairburn Road Opas,,Rear End,2,Clear,Dry,Daylight
2022-05-24T14:28:00.000,I 20,I 20 and Fairburn Road Opas,,Sideswipe-Same Direction,2,Clear,Dry,Daylight
2022-07-25T09:27:00.000,I 20,I 20 and Fairburn Road Opas,,Rear End,3,Clear,Dry,Daylight
2021-04-02T17:54:00.000,I 20,I 20 and Fairburn Road Opas,,Rear End,3,Clear,Dry,Daylight
2020-07-21T16:19:00.000,I 20,I 20 and Fairburn Road Opas,,Sideswipe-Same Direction,2,Clear,Dry,Daylight
2020-07-20T15:20:00.000,I 20,I 20 and Fairburn Road Opas,,Rear End,2,Clear,Dry,Daylight
2020-02-27T06:54:00.000,I 20,I 20 and Fairburn Road Opas,,Rear End,2,Clear,Dry,Dark-Not Lighted
2020-05-05T17:23:00.000,I 20,I 20 and Fairburn Road Opas,,Angle Crash,2,Clear,Dry,Daylight
2020-06-19T07:45:00.000,I 20,I 20 and Fairburn Road Opas,,Rear End,2,Cloudy,Dry,Daylight
2020-10-09T13:40:00.000,I 20,I 20 and Fairburn Road Opas,,Rear End,2,Cloudy,Wet,Daylight
2021-04-06T06:48:00.000,I 20,I 20 and Fairburn Road Opas,,Rear End,3,Clear,Dry,Daylight
2021-06-15T09:20:00.000,I 20,I 20 and Fairburn Road Opas,,Sideswipe-Same Direction,3,Clear,Dry,Daylight
2021-04-29T16:00:00.000,I 20,I 20 and Fairburn Road Opas,,Sideswipe-Same Direction,3,Clear,Dry,Daylight
2021-03-18T11:08:00.000,I 20,I 20 and Fairburn Road Opas,,Not a Collision with Motor Vehicle,1,Rain,Wet,Daylight
2021-04-29T14:20:00.000,I 20,I 20 and Fairburn Road Opas,,Rear End,2,Clear,Dry,Daylight
2021-03-26T07:04:00.000,I 20,I 20 and Fairburn Road Opas,,Rear End,2,Clear,Dry,Daylight
2021-12-08T11:56:00.000,I 20,I 20 and Fairburn Road Opas,,Rear End,2,Clear,Wet,Daylight
2021-07-15T14:37:00.000,I 20,I 20 and Fairburn Road Opas,,Rear End,2,Clear,Dry,Daylight
2021-08-26T06:30:00.000,I 20,I 20 and Fairburn Road Opas,,Rear End,2,Clear,Dry,Daylight
2021-09-16T08:10:00.000,I 20,I 20 and Fairburn Road Opas,,Rear End,2,Rain,Wet,Daylight
2021-12-27T17:28:00.000,I 20,I 20 and Fairburn Road Opas,,Rear End,2,Clear,Dry,Daylight
2021-11-08T06:10:00.000,I 20,I 20 and Fairburn Road Opas,,Sideswipe-Same Direction,4,Clear,Dry,Dark-Lighted
2022-06-06T15:41:00.000,I 20,I 20 and Fairburn Road Opas,,Rear End,3,Rain,Wet,Daylight
2022-01-10T09:17:00.000,I 20,I 20 and Fairburn Road Opas,,Rear End,2,Clear,Dry,Daylight
2022-06-06T15:41:00.000,I 20,I 20 and Fairburn Road Opas,,Rear End,2,Rain,Wet,Daylight
2022-05-09T17:40:00.000,I 20,I 20 and Fairburn Road Opas,,Sideswipe-Same Direction,2,Clear,Dry,Daylight
2022-03-31T08:00:00.000,I 20,I 20 and Fairburn Road Opas,,Rear End,2,Cloudy,Wet,Daylight
2022-02-03T10:52:00.000,I 20,I 20 and Fairburn Road Opas,,Sideswipe-Same Direction,2,Cloudy,Wet,Daylight
2022-04-11T11:55:00.000,I 20,I 20 and Fairburn Road Opas,,Rear End,2,Cloudy,Dry,Daylight
2022-04-14T07:20:00.000,I 20,I 20 and Fairburn Road Opas,,Sideswipe-Same Direction,2,Clear,Dry,Daylight
2022-06-20T18:23:00.000,I 20,I 20 and Fairburn Road Opas,,Sideswipe-Same Direction,2,Clear,Dry,Daylight
2022-07-28T18:38:00.000,I 20,I 20 and Fairburn Road Opas,,Rear End,2,Clear,Dry,Daylight
2022-08-26T08:27:00.000,I 20,I 20 and Fairburn Road Opas,,Sideswipe-Same Direction,3,Clear,Wet,Daylight
2022-01-27T15:05:00.000,I 20,I 20 and Fairburn Road Opas,,Rear End,2,Clear,Dry,Daylight
2022-10-03T19:08:00.000,I 20,I 20 and Fairburn Road Opas,,Rear End,3,Clear,Dry,Daylight
2022-11-15T17:00:00.000,I 20,I 20 and Fairburn Road Opas,,Sideswipe-Same Direction,2,Cloudy,Wet,Daylight
2022-06-07T18:39:00.000,I 20,I 20 and Fairburn Road Opas,,Rear End,6,Clear,Dry,Daylight
2022-06-28T15:55:00.000,I 20,I 20 and Fairburn Road Opas,,Rear End,3,Clear,Dry,Daylight
2022-08-22T13:30:00.000,I 20,I 20 and Fairburn Road Opas,,Rear End,2,Clear,Wet,Daylight
2022-08-25T06:37:00.000,I 20,I 20 and Fairburn Road Opas,,Sideswipe-Same Direction,3,Rain,Wet,Daylight
2022-10-18T14:30:00.000,I 20,I 20 and Fairburn Road Opas,,Rear End,2,Clear,Dry,Daylight
2022-12-30T11:33:00.000,I 20,I 20 and Fairburn Road Opas,,Rear End,2,Clear,Dry,Daylight
2022-08-01T15:00:00.000,I 20,I 20 and Fairburn Road Opas,,Sideswipe-Same Direction,2,Clear,Dry,Daylight
2022-10-11T19:36:00.000,I 20,I 20 and Fairburn Road Opas,,Sideswipe-Same Direction,3,Clear,Dry,Daylight
2022-02-15T08:00:00.000,I 20,I 20 and Fairburn Road Opas,,Sideswipe-Same Direction,2,Clear,Dry,Daylight
2022-04-25T18:05:00.000,I 20,I 20 and Fairburn Road Opas,,Rear End,2,Clear,Dry,Daylight
2022-07-05T16:45:00.000,I 20,I 20 and Fairburn Road Opas,,Sideswipe-Same Direction,2,Clear,Dry,Daylight
2022-03-31T18:30:00.000,I 20,I 20 and Fairburn Road Opas,,Rear End,2,Clear,Dry,Daylight
2022-02-15T08:39:00.000,I 20,I 20 and Fairburn Road Opas,,Rear End,2,Clear,Dry,Daylight
2022-06-21T15:47:00.000,I 20,I 20 and Fairburn Road Opas,,Sideswipe-Same Direction,2,Clear,Dry,Daylight
2024-07-25T10:07:00.000,I 20,I 20 and Fairburn Road Opas,,Rear End,2,Cloudy,Dry,Daylight
2024-08-16T15:07:00.000,I 20,I 20 and Fairburn Road Opas,,Not a Collision with Motor Vehicle,1,Clear,Dry,Daylight
2023-01-12T07:37:00.000,I 20,I 20 and Fairburn Road Opas,,Rear End,2,Clear,Dry,Daylight
2023-06-26T10:14:00.000,I 20,I 20 and Fairburn Road Opas,,Sideswipe-Same Direction,2,Clear,Dry,Daylight
2023-04-18T17:20:00.000,I 20,I 20 and Fairburn Road Opas,,Rear End,2,Clear,Dry,Daylight
2023-01-23T16:21:00.000,I 20,I 20 and Fairburn Road Opas,,Rear End,2,Clear,Dry,Daylight
2024-07-23T09:18:00.000,I 20,I 20 and Fairburn Road Opas,,Sideswipe-Same Direction,2,Clear,Dry,Daylight
2024-01-23T16:41:00.000,I 20,I 20 and Fairburn Road Opas,,Rear End,3,Cloudy,Dry,Daylight
2024-07-15T17:21:00.000,I 20,I 20 and Fairburn Road Opas,,Sideswipe-Same Direction,2,Clear,Wet,Daylight
2024-01-23T15:40:00.000,I 20,I 20 and Fairburn Road Opas,,Rear End,2,Cloudy,Dry,Daylight
2024-01-25T10:32:00.000,I 20,I 20 and Fairburn Road Opas,,Rear End,2,Cloudy,Wet,Daylight
2024-04-18T15:23:00.000,I 20,I 20 and Fairburn Road Opas,,Rear End,3,Clear,Dry,Daylight
2024-04-12T15:18:00.000,I 20,I 20 and Fairburn Road Opas,,Rear End,2,Clear,Dry,Daylight
2024-12-30T07:30:00.000,I 20,I 20 and Fairburn Road Opas,,Sideswipe-Same Direction,2,Clear,Dry,Daylight
2024-01-22T09:32:00.000,I 20,I 20 and Fairburn Road Opas,,Rear End,3,Clear,Dry,Daylight
2024-04-08T07:52:00.000,I 20,I 20 and Fairburn Road Opas,,Sideswipe-Same Direction,2,Clear,Dry,Daylight
2024-09-09T16:20:00.000,I 20,I 20 and Fairburn Road Opas,,Sideswipe-Same Direction,2,Clear,Dry,Daylight
2021-01-08T07:47:00.000,I 20,I 20 and Fairburn Road Nw Opas,,Rear End,2,Rain,Wet,Daylight
2020-11-23T13:29:00.000,I 20,I 20 and Fairburn Road Nw Opas,,Sideswipe-Same Direction,3,Clear,Dry,Daylight
2021-01-26T08:07:00.000,I 20,I 20 and Fairburn Road Ne Opas,,Rear End,3,Cloudy,Wet,Daylight
2023-02-08T06:35:00.000,I 20,I 20 and Fairburn Road Mm37,,Rear End,2,Clear,Dry,Dark-Not Lighted
2024-09-16T10:27:00.000,I 20,I 20 and Fairburn Road,,Rear End,2,Clear,Dry,Daylight