Date and Time,Roadway (From Crash Report),Intersection Name (from Crash Report),KABCO Severity,Manner of Collision (Crash Level) ,# of Vehicles per crash ,Weather Conditions (Crash Level),Surface Condition (Crash Level) ,Light Conditions (Crash Level)
2023-10-26T09:26:00.000,I 20,I 20 and Fairburn Rd,,Sideswipe-Same Direction,2,Clear,Dry,Daylight
2023-09-06T08:15:00.000,I 20,I 20 and Fairburn Rd,,Not a Collision with Motor Vehicle,1,Clear,Dry,Daylight
2023-09-24T19:30:00.000,I 20,I 20 and Fairburn Rd,,Angle Crash,2,Clear,Dry,Daylight
2023-02-20T14:05:00.000,I 20,I 20 and Fairburn Rd,,Sideswipe-Same Direction,2,Clear,Dry,Daylight
2023-02-08T23:08:00.000,I 20,I 20 and Fairburn Rd,,Sideswipe-Same Direction,2,Clear,Dry,Dark-Not Lighted
2023-05-30T11:16:00.000,I 20,I 20 and Fairburn Rd,,Sideswipe-Same Direction,2,Clear,Dry,Daylight
2024-04-25T06:30:00.000,I 20,I 20 and Fairburn Rd,,Rear End,2,Clear,Dry,Dawn
2024-04-15T13:49:00.000,I 20,I 20 and Fairburn Rd,,Rear End,2,Clear,Dry,Daylight
2024-01-12T07:34:00.000,I 20,I 20 and Fairburn Rd,,Rear End,2,Clear,Dry,Daylight
2024-03-05T08:08:00.000,I 20,I 20 and Fairburn Rd,,Rear End,1,Clear,Dry,Daylight
2024-03-05T08:04:00.000,I 20,I 20 and Fairburn Rd,,Rear End,2,Cloudy,Dry,Daylight
2024-12-12T09:16:00.000,I 20,I 20 and Fairburn Rd,,Rear End,2,Clear,Dry,Daylight
2024-05-15T23:05:00.000,I 20,I 20 and Fairburn Rd,,Sideswipe-Same Direction,2,Clear,Dry,Dark-Not Lighted
2024-04-25T06:25:00.000,I 20,I 20 and Fairburn Rd,,Rear End,2,Clear,Dry,Dawn
2024-02-29T06:04:00.000,I 20,I 20 and Fairburn Rd,,Sideswipe-Same Direction,2,Clear,Dry,Dark-Not Lighted
2024-12-12T19:28:00.000,I 20,I 20 and Fairburn Rd,,Rear End,2,Clear,Dry,Dark-Not Lighted
2024-07-25T23:20:00.000,I 20,I 20 and Fairburn Rd,,Sideswipe-Same Direction,2,Clear,Dry,Dark-Lighted
2024-12-19T06:54:00.000,I 20,I 20 and Fairburn Rd,,Sideswipe-Same Direction,2,Cloudy,Dry,Dawn
2024-06-20T14:08:00.000,I 20,I 20 and Fairburn Rd,,Rear End,2,Clear,Dry,Daylight
2024-05-08T17:35:00.000,I 20,I 20 and Fairburn Rd,,Rear End,2,Clear,Dry,Daylight
2024-10-16T16:39:00.000,I 20,I 20 and Fairburn Rd,,Sideswipe-Same Direction,2,Clear,Dry,Daylight
2022-04-05T13:07:00.000,I 20,I 20 and Fairburn Opas,,Sideswipe-Same Direction,2,Rain,Wet,Daylight
2022-03-01T22:14:00.000,I 20,I 20 and Fairburn Exit 37,,Sideswipe-Same Direction,2,Clear,Dry,Dark-Not Lighted
2021-10-18T09:36:00.000,I 20,I 20 and Fairburn Dr,,Rear End,2,Clear,Dry,Daylight
2021-03-21T17:52:00.000,I 20,I 20 and Fairburn,,Sideswipe-Same Direction,2,Cloudy,Dry,Daylight
2023-05-12T20:11:00.000,I 20,I 20 and Fairburn,,Rear End,2,Clear,Dry,Daylight
2023-08-24T06:55:00.000,I 20,I 20 and Fairburn,,Rear End,2,Clear,Dry,Daylight
2024-06-03T10:01:00.000,I 20,I 20 and Fairburn,,Rear End,2,Clear,Dry,Daylight
2024-06-21T07:30:00.000,I 20,I 20 and Fairburn,,Sideswipe-Same Direction,2,Clear,Dry,Daylight
2022-06-13T07:22:00.000,I 20,I 20 and Factory Shols Rd,,Rear End,2,Clear,Dry,Daylight
2022-12-14T12:45:00.000,I 20,I 20 and Factory Shoals Rd.,,Rear End,2,Rain,Wet,Daylight
2022-02-06T19:45:00.000,I 20,I 20 and Factory Shoals Rd Opas,,Angle Crash,3,Clear,Dry,Dark-Not Lighted
2021-04-17T22:09:00.000,I 20,I 20 and Factory Shoals Rd,,Sideswipe-Same Direction,2,Clear,Dry,Dark-Not Lighted
2021-01-22T08:11:00.000,I 20,I 20 and Factory Shoals Rd,,Sideswipe-Same Direction,3,Clear,Dry,Daylight
2021-05-29T15:45:00.000,I 20,I 20 and Factory Shoals Rd,,Rear End,2,Clear,Dry,Daylight
2021-01-23T20:24:00.000,I 20,I 20 and Factory Shoals Rd,,Sideswipe-Same Direction,2,Clear,Dry,Dark-Lighted
2021-04-27T07:14:00.000,I 20,I 20 and Factory Shoals Rd,,Rear End,2,Clear,Dry,Daylight
2021-03-12T07:46:00.000,I 20,I 20 and Factory Shoals Rd,,Rear End,2,Clear,Dry,Daylight
2021-03-09T20:33:00.000,I 20,I 20 and Factory Shoals Rd,,Sideswipe-Same Direction,2,Clear,Dry,Dark-Not Lighted
2021-02-06T11:36:00.000,I 20,I 20 and Factory Shoals Rd,,Sideswipe-Same Direction,2,Cloudy,Dry,Daylight
2021-05-04T18:27:00.000,I 20,I 20 and Factory Shoals Rd,,Rear End,2,Rain,Water (standing or moving),Daylight
2021-04-23T06:38:00.000,I 20,I 20 and Factory Shoals Rd,,Rear End,2,Clear,Dry,Daylight
2021-05-14T07:50:00.000,I 20,I 20 and Factory Shoals Rd,,Rear End,2,Clear,Dry,Daylight
2021-06-22T16:40:00.000,I 20,I 20 and Factory Shoals Rd,,Rear End,2,Cloudy,Dry,Daylight
2021-04-13T19:37:00.000,I 20,I 20 and Factory Shoals Rd,,Sideswipe-Same Direction,2,Clear,Dry,Daylight
2021-09-15T20:38:00.000,I 20,I 20 and Factory Shoals Rd,,Angle Crash,2,Rain,Wet,Dark-Not Lighted
2021-07-09T18:15:00.000,I 20,I 20 and Factory Shoals Rd,,Rear End,3,Rain,Wet,Daylight
2021-12-09T16:23:00.000,I 20,I 20 and Factory Shoals Rd,,Rear End,2,Cloudy,Dry,Daylight
2021-07-19T18:15:00.000,I 20,I 20 and Factory Shoals Rd,,Rear End,2,Rain,Wet,Dark-Lighted
2021-11-19T15:19:00.000,I 20,I 20 and Factory Shoals Rd,,Not a Collision with Motor Vehicle,1,Clear,Dry,Daylight
2021-08-25T16:38:00.000,I 20,I 20 and Factory Shoals Rd,,Rear End,2,Clear,Dry,Daylight
2021-11-03T06:55:00.000,I 20,I 20 and Factory Shoals Rd,,Sideswipe-Same Direction,2,Clear,Dry,Dark-Lighted
2021-08-13T18:07:00.000,I 20,I 20 and Factory Shoals Rd,,Rear End,2,Clear,Dry,Daylight
2021-04-09T13:43:00.000,I 20,I 20 and Factory Shoals Rd,,Rear End,2,Cloudy,Dry,Daylight
2021-01-14T07:01:00.000,I 20,I 20 and Factory Shoals Rd,,Not a Collision with Motor Vehicle,2,Clear,Dry,Dark-Not Lighted
2021-01-29T19:12:00.000,I 20,I 20 and Factory Shoals Rd,,Sideswipe-Same Direction,2,Clear,Dry,Dark-Lighted
2021-06-14T17:37:00.000,I 20,I 20 and Factory Shoals Rd,,Rear End,2,Clear,Dry,Daylight
2021-05-26T18:10:00.000,I 20,I 20 and Factory Shoals Rd,,Rear End,2,Clear,Dry,Daylight
2021-06-13T15:25:00.000,I 20,I 20 and Factory Shoals Rd,,Rear End,2,Clear,Dry,Daylight
2021-05-01T16:50:00.000,I 20,I 20 and Factory Shoals Rd,,Rear End,3,Cloudy,Dry,Daylight
2021-04-18T03:40:00.000,I 20,I 20 and Factory Shoals Rd,,Angle Crash,5,Clear,Dry,Dark-Not Lighted
2021-06-11T16:05:00.000,I 20,I 20 and Factory Shoals Rd,,Rear End,2,Rain,Wet,Daylight
2021-03-25T14:30:00.000,I 20,I 20 and Factory Shoals Rd,,Rear End,3,Cloudy,Wet,Daylight
2021-01-18T22:00:00.000,I 20,I 20 and Factory Shoals Rd,,Sideswipe-Same Direction,2,Clear,Dry,Dark-Not Lighted
2021-02-17T17:40:00.000,I 20,I 20 and Factory Shoals Rd,,Rear End,2,Cloudy,Dry,Daylight
2021-12-11T19:17:00.000,I 20,I 20 and Factory Shoals Rd,,Not a Collision with Motor Vehicle,1,Rain,Wet,Dark-Not Lighted
2021-10-10T22:30:00.000,I 20,I 20 and Factory Shoals Rd,,Rear End,2,Clear,Dry,Dark-Lighted
2021-10-23T07:24:00.000,I 20,I 20 and Factory Shoals Rd,,Rear End,2,Clear,Dry,Dawn
2021-04-05T13:36:00.000,I 20,I 20 and Factory Shoals Rd,,Rear End,2,Clear,Dry,Daylight
2021-09-17T14:46:00.000,I 20,I 20 and Factory Shoals Rd,,Sideswipe-Same Direction,2,Rain,Wet,Daylight
2021-07-24T03:00:00.000,I 20,I 20 and Factory Shoals Rd,,Rear End,3,Cloudy,Dry,Dark-Not Lighted
2021-09-30T08:14:00.000,I 20,I 20 and Factory Shoals Rd,,Rear End,2,Clear,Dry,Daylight
2021-10-07T15:25:00.000,I 20,I 20 and Factory Shoals Rd,,Rear End,3,Cloudy,Wet,Daylight
2021-12-11T14:50:00.000,I 20,I 20 and Factory Shoals Rd,,Rear End,2,Cloudy,Wet,Daylight
2021-12-06T15:18:00.000,I 20,I 20 and Factory Shoals Rd,,Rear End,2,Rain,Wet,Daylight
2021-11-04T01:10:00.000,I 20,I 20 and Factory Shoals Rd,,Angle Crash,2,Rain,Wet,Dark-Lighted
2021-11-09T09:22:00.000,I 20,I 20 and Factory Shoals Rd,,Rear End,2,Clear,Dry,Daylight
2021-12-06T08:54:00.000,I 20,I 20 and Factory Shoals Rd,,Not a Collision with Motor Vehicle,1,Rain,Wet,Daylight
2021-07-19T17:50:00.000,I 20,I 20 and Factory Shoals Rd,,Rear End,2,Rain,Wet,Daylight
2021-06-30T16:22:00.000,I 20,I 20 and Factory Shoals Rd,,Angle Crash,2,Clear,Dry,Daylight
2021-05-13T18:20:00.000,I 20,I 20 and Factory Shoals Rd,,Angle Crash,4,Clear,Dry,Daylight
2021-06-29T04:30:00.000,I 20,I 20 and Factory Shoals Rd,,Angle Crash,2,Rain,Water (standing or moving),Dark-Not Lighted
2021-06-29T05:00:00.000,I 20,I 20 and Factory Shoals Rd,,Sideswipe-Same Direction,2,Rain,Water (standing or moving),Dark-Not Lighted
2021-05-03T18:33:00.000,I 20,I 20 and Factory Shoals Rd,,Sideswipe-Same Direction,2,Cloudy,Wet,Daylight
2021-04-30T00:37:00.000,I 20,I 20 and Factory Shoals Rd,,Sideswipe-Same Direction,2,Clear,Wet,Dark-Not Lighted
2021-06-09T17:17:00.000,I 20,I 20 and Factory Shoals Rd,,Rear End,3,Clear,Wet,Daylight
2021-03-02T09:46:00.000,I 20,I 20 and Factory Shoals Rd,,Angle Crash,3,Cloudy,Dry,Daylight
2021-03-03T08:25:00.000,I 20,I 20 and Factory Shoals Rd,,Rear End,3,Clear,Dry,Daylight
2021-09-14T17:00:00.000,I 20,I 20 and Factory Shoals Rd,,Sideswipe-Same Direction,2,Clear,Dry,Daylight
2021-08-29T00:40:00.000,I 20,I 20 and Factory Shoals Rd,,Angle Crash,2,Clear,Dry,Dark-Lighted
2021-12-12T04:45:00.000,I 20,I 20 and Factory Shoals Rd,,Not a Collision with Motor Vehicle,1,Clear,Dry,Dark-Not Lighted
2021-12-18T18:40:00.000,I 20,I 20 and Factory Shoals Rd,,Rear End,2,Rain,Water (standing or moving),Dark-Lighted
2021-09-01T14:21:00.000,I 20,I 20 and Factory Shoals Rd,,Rear End,2,Clear,Dry,Daylight
2021-09-22T13:30:00.000,I 20,I 20 and Factory Shoals Rd,,Not a Collision with Motor Vehicle,1,Clear,Dry,Daylight
2021-02-24T06:52:00.000,I 20,I 20 and Factory Shoals Rd,,Sideswipe-Same Direction,2,Clear,Dry,Dusk
2021-05-28T16:07:00.000,I 20,I 20 and Factory Shoals Rd,,Rear End,3,Cloudy,Dry,Daylight
2021-04-04T22:40:00.000,I 20,I 20 and Factory Shoals Rd,,Sideswipe-Same Direction,2,Clear,Dry,Dark-Not Lighted
2021-01-15T16:00:00.000,I 20,I 20 and Factory Shoals Rd,,Rear End,2,Clear,Dry,Daylight
2021-04-03T19:32:00.000,I 20,I 20 and Factory Shoals Rd,,Rear End,4,Clear,Dry,Dusk
2021-02-11T11:42:00.000,I 20,I 20 and Factory Shoals Rd,,Rear End,2,Rain,Wet,Daylight
2020-07-29T13:43:00.000,I 20,I 20 and Factory Shoals Rd,,Sideswipe-Same Direction,2,Cloudy,Dry,Daylight
2020-01-18T02:20:00.000,I 20,I 20 and Factory Shoals Rd,,Rear End,2,Clear,Dry,Dark-Not Lighted
2020-07-07T23:16:00.000,I 20,I 20 and Factory Shoals Rd,,Rear End,2,Cloudy,Dry,Dark-Not Lighted
2020-01-19T20:18:00.000,I 20,I 20 and Factory Shoals Rd,,Rear End,2,Clear,Dry,Daylight
2020-08-25T14:30:00.000,I 20,I 20 and Factory Shoals Rd,,Rear End,2,Cloudy,Wet,Daylight
2023-10-24T08:00:00.000,I 20,I 20 and Factory Shoals Rd,,Rear End,2,Clear,Dry,Daylight
2023-07-21T16:10:00.000,I 20,I 20 and Factory Shoals Rd,,Rear End,2,Cloudy,Wet,Daylight
2023-04-12T15:23:00.000,I 20,I 20 and Factory Shoals Rd,,Sideswipe-Same Direction,2,Clear,Dry,Daylight
2023-07-10T06:49:00.000,I 20,I 20 and Factory Shoals Rd,,Rear End,2,Rain,Wet,Dawn
2023-02-15T07:14:00.000,I 20,I 20 and Factory Shoals Rd,,Rear End,2,Cloudy,Wet,Daylight
2023-10-03T09:16:00.000,I 20,I 20 and Factory Shoals Rd,,Rear End,2,Clear,Dry,Daylight
2023-06-30T15:10:00.000,I 20,I 20 and Factory Shoals Rd,,Rear End,2,Cloudy,Wet,Daylight
2023-05-15T17:15:00.000,I 20,I 20 and Factory Shoals Rd,,Sideswipe-Same Direction,2,Cloudy,Dry,Daylight
2023-12-05T17:45:00.000,I 20,I 20 and Factory Shoals Rd,,Rear End,2,Clear,Dry,Dawn
2023-10-09T17:46:00.000,I 20,I 20 and Factory Shoals Rd,,Sideswipe-Same Direction,2,Clear,Dry,Daylight
2023-07-05T17:30:00.000,I 20,I 20 and Factory Shoals Rd,,Rear End,3,Clear,Dry,Daylight
2023-01-23T17:00:00.000,I 20,I 20 and Factory Shoals Rd,,Rear End,2,Clear,Dry,Daylight
2023-07-12T17:30:00.000,I 20,I 20 and Factory Shoals Rd,,Rear End,2,Clear,Dry,Daylight
2023-02-15T14:46:00.000,I 20,I 20 and Factory Shoals Rd,,Rear End,3,Cloudy,Wet,Daylight
2023-10-25T20:16:00.000,I 20,I 20 and Factory Shoals Rd,,Rear End,2,Clear,Dry,Dark-Lighted
2023-03-01T17:30:00.000,I 20,I 20 and Factory Shoals Rd,,Sideswipe-Same Direction,2,Cloudy,Dry,Daylight
2023-03-06T15:48:00.000,I 20,I 20 and Factory Shoals Rd,,Rear End,3,Clear,Dry,Daylight
2023-06-21T07:00:00.000,I 20,I 20 and Factory Shoals Rd,,Rear End,2,Rain,Wet,Daylight
2023-11-29T16:54:00.000,I 20,I 20 and Factory Shoals Rd,,Sideswipe-Same Direction,2,Clear,Dry,Daylight
2023-05-23T16:40:00.000,I 20,I 20 and Factory Shoals Rd,,Sideswipe-Same Direction,2,Clear,Dry,Daylight
2023-01-20T06:45:00.000,I 20,I 20 and Factory Shoals Rd,,Rear End,2,Clear,Dry,Daylight
2023-01-09T11:56:00.000,I 20,I 20 and Factory Shoals Rd,,Rear End,2,Clear,Dry,Daylight
2023-02-01T07:34:00.000,I 20,I 20 and Factory Shoals Rd,,Angle Crash,2,Cloudy,Wet,Dawn
2023-09-01T07:32:00.000,I 20,I 20 and Factory Shoals Rd,,Sideswipe-Same Direction,2,Clear,Dry,Daylight
2023-05-01T17:19:00.000,I 20,I 20 and Factory Shoals Rd,,Rear End,2,Clear,Dry,Daylight
2023-03-09T18:13:00.000,I 20,I 20 and Factory Shoals Rd,,Rear End,2,Rain,Wet,Daylight
2023-04-14T11:30:00.000,I 20,I 20 and Factory Shoals Rd,,Rear End,3,Clear,Dry,Daylight
2023-03-10T15:53:00.000,I 20,I 20 and Factory Shoals Rd,,Rear End,2,Clear,Dry,Daylight
2023-10-13T18:08:00.000,I 20,I 20 and Factory Shoals Rd,,Rear End,2,Clear,Wet,Daylight
2023-07-22T12:25:00.000,I 20,I 20 and Factory Shoals Rd,,Rear End,2,Clear,Dry,Daylight
2023-07-30T16:22:00.000,I 20,I 20 and Factory Shoals Rd,,Rear End,3,Clear,Dry,Daylight
2023-06-07T14:50:00.000,I 20,I 20 and Factory Shoals Rd,,Rear End,3,Clear,Dry,Daylight
2023-11-10T13:20:00.000,I 20,I 20 and Factory Shoals Rd,,Rear End,2,Rain,Wet,Daylight
2023-09-25T07:51:00.000,I 20,I 20 and Factory Shoals Rd,,Sideswipe-Same Direction,2,Clear,Dry,Daylight
2023-10-25T13:44:00.000,I 20,I 20 and Factory Shoals Rd,,Rear End,4,Clear,Dry,Daylight
2023-05-30T02:50:00.000,I 20,I 20 and Factory Shoals Rd,,Rear End,2,Clear,Dry,Dark-Not Lighted
2023-01-10T06:55:00.000,I 20,I 20 and Factory Shoals Rd,,Rear End,2,Clear,Dry,Dark-Lighted
2023-08-27T12:09:00.000,I 20,I 20 and Factory Shoals Rd,,Sideswipe-Same Direction,2,Clear,Dry,Daylight
2023-03-09T15:00:00.000,I 20,I 20 and Factory Shoals Rd,,Rear End,2,Rain,Wet,Daylight
2023-03-15T15:43:00.000,I 20,I 20 and Factory Shoals Rd,,Sideswipe-Same Direction,2,Cloudy,Dry,Daylight
2023-09-21T23:39:00.000,I 20,I 20 and Factory Shoals Rd,,Rear End,2,Cloudy,Dry,Dark-Not Lighted
2023-03-02T17:54:00.000,I 20,I 20 and Factory Shoals Rd,,Sideswipe-Same Direction,2,Rain,Wet,Daylight
2023-10-19T16:18:00.000,I 20,I 20 and Factory Shoals Rd,,Rear End,2,Cloudy,Dry,Daylight
2023-03-31T06:45:00.000,I 20,I 20 and Factory Shoals Rd,,Sideswipe-Same Direction,2,Clear,Dry,Dark-Not Lighted
2023-10-29T22:00:00.000,I 20,I 20 and Factory Shoals Rd,,Rear End,2,Clear,Dry,Dark-Not Lighted
2023-08-11T17:50:00.000,I 20,I 20 and Factory Shoals Rd,,Sideswipe-Same Direction,2,Clear,Dry,Daylight
2023-02-08T14:05:00.000,I 20,I 20 and Factory Shoals Rd,,Rear End,2,Clear,Dry,Daylight
2023-09-18T14:15:00.000,I 20,I 20 and Factory Shoals Rd,,Rear End,2,Clear,Dry,Daylight
2023-07-05T17:30:00.000,I 20,I 20 and Factory Shoals Rd,,Sideswipe-Same Direction,2,Clear,Dry,Daylight
2023-10-18T17:00:00.000,I 20,I 20 and Factory Shoals Rd,,Rear End,2,Clear,Dry,Daylight
2023-04-22T19:26:00.000,I 20,I 20 and Factory Shoals Rd,,Rear End,2,Clear,Dry,Daylight
2023-08-16T17:52:00.000,I 20,I 20 and Factory Shoals Rd,,Rear End,3,Clear,Dry,Daylight
2023-02-24T05:59:00.000,I 20,I 20 and Factory Shoals Rd,,Head On,2,Clear,Dry,Daylight
2023-09-14T07:37:00.000,I 20,I 20 and Factory Shoals Rd,,Rear End,2,Clear,Dry,Daylight
2023-04-25T23:28:00.000,I 20,I 20 and Factory Shoals Rd,,Angle Crash,2,Clear,Dry,Dark-Not Lighted
2023-12-01T18:34:00.000,I 20,I 20 and Factory Shoals Rd,,Rear End,2,Cloudy,Wet,Dark-Not Lighted
2023-01-08T05:43:00.000,I 20,I 20 and Factory Shoals Rd,,Not a Collision with Motor Vehicle,1,Cloudy,Dry,Dark-Not Lighted
2023-02-23T13:37:00.000,I 20,I 20 and Factory Shoals Rd,,Sideswipe-Same Direction,2,Cloudy,Dry,Daylight
2023-04-19T20:08:00.000,I 20,I 20 and Factory Shoals Rd,,Rear End,2,Clear,Dry,Daylight
2023-06-23T16:35:00.000,I 20,I 20 and Factory Shoals Rd,,Rear End,2,Clear,Dry,Daylight
2023-06-22T08:41:00.000,I 20,I 20 and Factory Shoals Rd,,Rear End,3,Cloudy,Wet,Daylight
2023-05-26T15:05:00.000,I 20,I 20 and Factory Shoals Rd,,Rear End,2,Clear,Dry,Daylight
2023-06-30T15:11:00.000,I 20,I 20 and Factory Shoals Rd,,Rear End,3,Cloudy,Wet,Daylight
2023-04-24T07:29:00.000,I 20,I 20 and Factory Shoals Rd,,Rear End,2,Clear,Dry,Daylight
2023-11-06T16:00:00.000,I 20,I 20 and Factory Shoals Rd,,Rear End,2,Clear,Dry,Daylight
2023-05-01T05:18:00.000,I 20,I 20 and Factory Shoals Rd,,Not a Collision with Motor Vehicle,1,Clear,Dry,Dark-Lighted
2023-01-05T11:27:00.000,I 20,I 20 and Factory Shoals Rd,,Sideswipe-Same Direction,2,Clear,Dry,Daylight
2023-12-26T19:19:00.000,I 20,I 20 and Factory Shoals Rd,,Not a Collision with Motor Vehicle,1,Rain,Wet,Dark-Not Lighted
2023-05-03T17:48:00.000,I 20,I 20 and Factory Shoals Rd,,Rear End,4,Clear,Dry,Daylight
2023-10-23T15:46:00.000,I 20,I 20 and Factory Shoals Rd,,Angle Crash,2,Cloudy,Dry,Daylight
2023-05-16T19:06:00.000,I 20,I 20 and Factory Shoals Rd,,Rear End,2,Rain,Wet,Daylight
2023-06-29T18:18:00.000,I 20,I 20 and Factory Shoals Rd,,Sideswipe-Same Direction,2,Clear,Dry,Daylight
2023-11-21T12:57:00.000,I 20,I 20 and Factory Shoals Rd,,Rear End,2,Clear,Wet,Daylight
2023-02-10T17:25:00.000,I 20,I 20 and Factory Shoals Rd,,Sideswipe-Same Direction,2,Clear,Dry,Daylight
2023-10-29T20:32:00.000,I 20,I 20 and Factory Shoals Rd,,Rear End,3,Clear,Dry,Dark-Not Lighted
2023-04-09T18:36:00.000,I 20,I 20 and Factory Shoals Rd,,Rear End,2,Clear,Dry,Daylight
2023-07-27T16:16:00.000,I 20,I 20 and Factory Shoals Rd,,Rear End,3,Clear,Dry,Daylight
2023-06-26T08:20:00.000,I 20,I 20 and Factory Shoals Rd,,Rear End,2,Cloudy,Dry,Daylight
2023-04-04T13:50:00.000,I 20,I 20 and Factory Shoals Rd,,Rear End,2,Clear,Dry,Daylight
2023-11-29T18:00:00.000,I 20,I 20 and Factory Shoals Rd,,Sideswipe-Same Direction,2,Clear,Dry,Dark-Not Lighted
2023-02-28T17:18:00.000,I 20,I 20 and Factory Shoals Rd,,Rear End,2,Clear,Dry,Daylight
2023-10-13T20:35:00.000,I 20,I 20 and Factory Shoals Rd,,Sideswipe-Same Direction,3,Rain,Wet,Dark-Not Lighted
2023-01-17T16:30:00.000,I 20,I 20 and Factory Shoals Rd,,Rear End,3,Cloudy,Dry,Daylight
2023-11-04T00:25:00.000,I 20,I 20 and Factory Shoals Rd,,Not a Collision with Motor Vehicle,2,Clear,Dry,Dark-Lighted
2022-08-15T17:10:00.000,I 20,I 20 and Factory Shoals Rd,,Rear End,2,Clear,Dry,Daylight
2022-12-11T21:05:00.000,I 20,I 20 and Factory Shoals Rd,,Sideswipe-Same Direction,2,Clear,Dry,Daylight
2022-10-15T00:01:00.000,I 20,I 20 and Factory Shoals Rd,,Sideswipe-Same Direction,2,Clear,Dry,Dark-Not Lighted
2022-04-12T10:02:00.000,I 20,I 20 and Factory Shoals Rd,,Rear End,2,Clear,Dry,Daylight
2022-04-05T22:18:00.000,I 20,I 20 and Factory Shoals Rd,,Sideswipe-Same Direction,2,Clear,Dry,Dark-Not Lighted
2022-07-19T16:53:00.000,I 20,I 20 and Factory Shoals Rd,,Rear End,2,Rain,Wet,Daylight
2022-01-24T08:45:00.000,I 20,I 20 and Factory Shoals Rd,,Rear End,2,Clear,Dry,Daylight
2024-03-21T17:35:00.000,I 20,I 20 and Factory Shoals Rd,,Rear End,2,Clear,Dry,Daylight
2020-05-29T12:54:00.000,I 20,I 20 and Factory Shoals Rd,,Rear End,2,Clear,Dry,Daylight
2020-11-13T09:07:00.000,I 20,I 20 and Factory Shoals Rd,,Sideswipe-Same Direction,2,Clear,Dry,Daylight
2020-09-30T12:08:00.000,I 20,I 20 and Factory Shoals Rd,,Rear End,4,Clear,Dry,Daylight
2020-12-21T06:51:00.000,I 20,I 20 and Factory Shoals Rd,,Rear End,2,Cloudy,Dry,Dark-Not Lighted
2020-08-07T23:00:00.000,I 20,I 20 and Factory Shoals Rd,,Not a Collision with Motor Vehicle,2,Clear,Dry,Dark-Lighted
2020-07-28T17:35:00.000,I 20,I 20 and Factory Shoals Rd,,Rear End,3,Clear,Dry,Daylight
2020-12-17T17:20:00.000,I 20,I 20 and Factory Shoals Rd,,Rear End,5,Clear,Dry,Daylight
2020-11-10T08:18:00.000,I 20,I 20 and Factory Shoals Rd,,Angle Crash,2,Cloudy,Dry,Daylight
2020-05-07T16:40:00.000,I 20,I 20 and Factory Shoals Rd,,Rear End,2,Clear,Dry,Daylight
2020-01-21T07:15:00.000,I 20,I 20 and Factory Shoals Rd,,Rear End,2,Clear,Dry,Dusk
2020-11-22T05:40:00.000,I 20,I 20 and Factory Shoals Rd,,Rear End,2,Clear,Dry,Dark-Not Lighted
2020-07-23T07:46:00.000,I 20,I 20 and Factory Shoals Rd,,Sideswipe-Same Direction,2,Clear,Dry,Daylight
2020-08-27T09:05:00.000,I 20,I 20 and Factory Shoals Rd,,Rear End,2,Clear,Dry,Daylight
2020-10-09T14:35:00.000,I 20,I 20 and Factory Shoals Rd,,Rear End,2,Rain,Wet,Daylight
2020-06-14T02:17:00.000,I 20,I 20 and Factory Shoals Rd,,Angle Crash,2,Clear,Dry,Dark-Not Lighted
2020-07-01T11:35:00.000,I 20,I 20 and Factory Shoals Rd,,Rear End,3,Cloudy,Dry,Daylight
2020-12-12T05:38:00.000,I 20,I 20 and Factory Shoals Rd,,Sideswipe-Same Direction,2,Clear,Dry,Dark-Not Lighted
2020-12-08T12:15:00.000,I 20,I 20 and Factory Shoals Rd,,Rear End,2,Clear,Dry,Daylight
2020-01-26T00:40:00.000,I 20,I 20 and Factory Shoals Rd,,Rear End,2,Clear,Dry,Dark-Not Lighted
2020-08-07T23:00:00.000,I 20,I 20 and Factory Shoals Rd,,Angle Crash,2,Clear,Dry,Dark-Lighted
2020-06-03T17:25:00.000,I 20,I 20 and Factory Shoals Rd,,Rear End,2,Clear,Dry,Daylight
2020-07-24T17:30:00.000,I 20,I 20 and Factory Shoals Rd,,Sideswipe-Same Direction,2,Clear,Dry,Daylight
2020-10-04T08:55:00.000,I 20,I 20 and Factory Shoals Rd,,Rear End,2,Clear,Dry,Daylight
2020-10-03T03:00:00.000,I 20,I 20 and Factory Shoals Rd,,Angle Crash,2,Clear,Dry,Dark-Not Lighted
2020-08-20T17:10:00.000,I 20,I 20 and Factory Shoals Rd,,Rear End,2,Cloudy,Wet,Daylight
2020-12-04T23:23:00.000,I 20,I 20 and Factory Shoals Rd,,Not a Collision with Motor Vehicle,1,Clear,Dry,Dark-Not Lighted
2020-07-15T17:35:00.000,I 20,I 20 and Factory Shoals Rd,,Rear End,2,Clear,Dry,Daylight
2020-01-03T11:50:00.000,I 20,I 20 and Factory Shoals Rd,,Rear End,2,Rain,Wet,Daylight
2020-12-05T01:40:00.000,I 20,I 20 and Factory Shoals Rd,,Sideswipe-Same Direction,2,Clear,Dry,Dark-Not Lighted
2020-08-03T05:41:00.000,I 20,I 20 and Factory Shoals Rd,,Angle Crash,2,Clear,Dry,Dark-Lighted
2020-08-04T17:33:00.000,I 20,I 20 and Factory Shoals Rd,,Rear End,2,Clear,Dry,Daylight