Date and Time,Roadway (From Crash Report),Intersection Name (from Crash Report),KABCO Severity,Manner of Collision (Crash Level) ,# of Vehicles per crash ,Weather Conditions (Crash Level),Surface Condition (Crash Level) ,Light Conditions (Crash Level)
2020-08-11T11:07:00.000,I 20,I 20 and Factory Shoals Rd,,Sideswipe-Same Direction,2,Clear,Dry,Daylight
2020-08-21T17:41:00.000,I 20,I 20 and Factory Shoals Rd,,Rear End,2,Rain,Wet,Daylight
2020-10-15T17:40:00.000,I 20,I 20 and Factory Shoals Rd,,Not a Collision with Motor Vehicle,1,Clear,Dry,Daylight
2020-06-25T15:15:00.000,I 20,I 20 and Factory Shoals Rd,,Rear End,4,Clear,Dry,Daylight
2020-05-07T17:20:00.000,I 20,I 20 and Factory Shoals Rd,,Rear End,2,Clear,Dry,Daylight
2020-10-31T11:03:00.000,I 20,I 20 and Factory Shoals Rd,,Not a Collision with Motor Vehicle,1,Clear,Dry,Daylight
2020-07-29T18:06:00.000,I 20,I 20 and Factory Shoals Rd,,Rear End,2,Clear,Wet,Daylight
2020-11-09T06:54:00.000,I 20,I 20 and Factory Shoals Rd,,Not a Collision with Motor Vehicle,1,Cloudy,Dry,Dawn
2020-05-08T14:10:00.000,I 20,I 20 and Factory Shoals Rd,,Sideswipe-Same Direction,1,Rain,Wet,Daylight
2020-12-17T16:54:00.000,I 20,I 20 and Factory Shoals Rd,,Rear End,2,Clear,Dry,Daylight
2020-11-25T20:45:00.000,I 20,I 20 and Factory Shoals Rd,,Rear End,2,Rain,Wet,Dark-Not Lighted
2020-11-26T04:10:00.000,I 20,I 20 and Factory Shoals Rd,,Rear End,2,Rain,Wet,Dark-Lighted
2020-12-05T02:19:00.000,I 20,I 20 and Factory Shoals Rd,,Rear End,2,Clear,Dry,Dark-Not Lighted
2020-06-28T00:55:00.000,I 20,I 20 and Factory Shoals Rd,,Sideswipe-Same Direction,2,Cloudy,Wet,Dark-Not Lighted
2020-12-01T20:05:00.000,I 20,I 20 and Factory Shoals Rd,,Rear End,2,Clear,Dry,Dark-Not Lighted
2020-11-19T15:50:00.000,I 20,I 20 and Factory Shoals Rd,,Angle Crash,2,Clear,Dry,Daylight
2020-08-19T06:38:00.000,I 20,I 20 and Factory Shoals Rd,,Rear End,2,Clear,Dry,Daylight
2020-10-29T10:15:00.000,I 20,I 20 and Factory Shoals Rd,,Rear End,2,Clear,Dry,Daylight
2020-06-25T15:14:00.000,I 20,I 20 and Factory Shoals Rd,,Not a Collision with Motor Vehicle,1,Clear,Dry,Daylight
2020-07-24T15:10:00.000,I 20,I 20 and Factory Shoals Rd,,Rear End,1,Clear,Dry,Daylight
2020-03-12T07:42:00.000,I 20,I 20 and Factory Shoals Rd,,Rear End,2,Cloudy,Wet,Daylight
2020-11-20T17:16:00.000,I 20,I 20 and Factory Shoals Rd,,Rear End,2,Clear,Dry,Daylight
2020-08-07T23:00:00.000,I 20,I 20 and Factory Shoals Rd,,Not a Collision with Motor Vehicle,2,Clear,Dry,Dark-Not Lighted
2020-07-23T17:30:00.000,I 20,I 20 and Factory Shoals Rd,,Rear End,2,Clear,Dry,Daylight
2020-07-01T12:29:00.000,I 20,I 20 and Factory Shoals Rd,,Rear End,2,Clear,Dry,Daylight
2020-12-05T01:25:00.000,I 20,I 20 and Factory Shoals Rd,,Sideswipe-Same Direction,3,Clear,Dry,Dark-Not Lighted
2020-01-03T11:50:00.000,I 20,I 20 and Factory Shoals Rd,,Not a Collision with Motor Vehicle,1,Rain,Wet,Daylight
2021-05-21T16:15:00.000,I 20,I 20 and Factory Shoals Rd,,Rear End,2,Clear,Dry,Daylight
2021-04-09T13:35:00.000,I 20,I 20 and Factory Shoals Rd,,Sideswipe-Same Direction,2,Clear,Dry,Daylight
2021-01-29T00:00:00.000,I 20,I 20 and Factory Shoals Rd,,Sideswipe-Same Direction,3,Clear,Dry,Daylight
2021-04-28T13:37:00.000,I 20,I 20 and Factory Shoals Rd,,Rear End,2,Clear,Dry,Daylight
2021-02-08T15:25:00.000,I 20,I 20 and Factory Shoals Rd,,Rear End,3,Clear,Dry,Daylight
2021-04-14T08:50:00.000,I 20,I 20 and Factory Shoals Rd,,Rear End,2,Clear,Dry,Daylight
2021-03-22T18:44:00.000,I 20,I 20 and Factory Shoals Rd,,Rear End,3,Clear,Dry,Daylight
2021-06-04T16:14:00.000,I 20,I 20 and Factory Shoals Rd,,Not a Collision with Motor Vehicle,1,Clear,Dry,Daylight
2021-02-21T04:00:00.000,I 20,I 20 and Factory Shoals Rd,,Not a Collision with Motor Vehicle,1,Clear,Dry,Dark-Not Lighted
2021-04-19T12:45:00.000,I 20,I 20 and Factory Shoals Rd,,Rear End,2,Clear,Dry,Daylight
2021-03-17T11:38:00.000,I 20,I 20 and Factory Shoals Rd,,Rear End,2,Rain,Wet,Daylight
2021-04-19T17:06:00.000,I 20,I 20 and Factory Shoals Rd,,Sideswipe-Same Direction,2,Clear,Dry,Daylight
2021-04-23T16:13:00.000,I 20,I 20 and Factory Shoals Rd,,Sideswipe-Same Direction,2,Clear,Dry,Daylight
2021-05-27T17:45:00.000,I 20,I 20 and Factory Shoals Rd,,Sideswipe-Same Direction,2,Clear,Dry,Daylight
2021-04-21T18:40:00.000,I 20,I 20 and Factory Shoals Rd,,Sideswipe-Same Direction,2,Clear,Dry,Daylight
2021-06-15T19:34:00.000,I 20,I 20 and Factory Shoals Rd,,Rear End,2,Clear,Dry,Daylight
2021-04-19T18:46:00.000,I 20,I 20 and Factory Shoals Rd,,Rear End,3,Clear,Dry,Daylight
2021-05-14T08:52:00.000,I 20,I 20 and Factory Shoals Rd,,Rear End,2,Clear,Dry,Daylight
2021-02-14T01:55:00.000,I 20,I 20 and Factory Shoals Rd,,Not a Collision with Motor Vehicle,1,Rain,Wet,Dark-Not Lighted
2021-05-13T08:00:00.000,I 20,I 20 and Factory Shoals Rd,,Rear End,2,Clear,Dry,Daylight
2021-12-13T18:18:00.000,I 20,I 20 and Factory Shoals Rd,,Rear End,2,Cloudy,Dry,Dark-Not Lighted
2021-09-10T07:09:00.000,I 20,I 20 and Factory Shoals Rd,,Rear End,2,Clear,Dry,Daylight
2021-11-17T18:00:00.000,I 20,I 20 and Factory Shoals Rd,,Sideswipe-Same Direction,2,Clear,Dry,Dark-Lighted
2021-11-19T14:43:00.000,I 20,I 20 and Factory Shoals Rd,,Rear End,2,Clear,Dry,Daylight
2021-10-08T17:40:00.000,I 20,I 20 and Factory Shoals Rd,,Angle Crash,2,Clear,Dry,Daylight
2021-07-25T21:20:00.000,I 20,I 20 and Factory Shoals Rd,,Angle Crash,1,Clear,Dry,Daylight
2021-12-04T14:28:00.000,I 20,I 20 and Factory Shoals Rd,,Rear End,2,Cloudy,Dry,Daylight
2021-10-01T15:45:00.000,I 20,I 20 and Factory Shoals Rd,,Sideswipe-Same Direction,2,Clear,Dry,Daylight
2021-07-08T17:02:00.000,I 20,I 20 and Factory Shoals Rd,,Rear End,2,Clear,Dry,Daylight
2021-11-18T18:02:00.000,I 20,I 20 and Factory Shoals Rd,,Rear End,2,Clear,Dry,Dark-Not Lighted
2021-10-23T04:39:00.000,I 20,I 20 and Factory Shoals Rd,,Not a Collision with Motor Vehicle,1,Clear,Dry,Dark-Not Lighted
2021-08-03T17:34:00.000,I 20,I 20 and Factory Shoals Rd,,Sideswipe-Same Direction,2,Clear,Dry,Daylight
2021-07-11T12:36:00.000,I 20,I 20 and Factory Shoals Rd,,Sideswipe-Same Direction,2,Clear,Dry,Daylight
2021-12-18T15:30:00.000,I 20,I 20 and Factory Shoals Rd,,Rear End,2,Cloudy,Dry,Daylight
2021-09-14T08:10:00.000,I 20,I 20 and Factory Shoals Rd,,Rear End,2,Clear,Dry,Daylight
2021-07-01T07:48:00.000,I 20,I 20 and Factory Shoals Rd,,Rear End,2,Clear,Dry,Daylight
2021-10-19T18:28:00.000,I 20,I 20 and Factory Shoals Rd,,Rear End,2,Clear,Dry,Daylight
2021-09-02T09:40:00.000,I 20,I 20 and Factory Shoals Rd,,Rear End,1,Clear,Dry,Daylight
2021-12-21T18:15:00.000,I 20,I 20 and Factory Shoals Rd,,Rear End,2,Cloudy,Wet,Dark-Not Lighted
2021-11-30T18:35:00.000,I 20,I 20 and Factory Shoals Rd,,Rear End,2,Cloudy,Dry,Dark-Not Lighted
2021-07-21T14:34:00.000,I 20,I 20 and Factory Shoals Rd,,Rear End,2,Cloudy,Dry,Daylight
2021-10-11T18:39:00.000,I 20,I 20 and Factory Shoals Rd,,Rear End,2,Clear,Dry,Daylight
2021-12-30T16:31:00.000,I 20,I 20 and Factory Shoals Rd,,Rear End,2,Cloudy,Wet,Daylight
2021-11-16T07:53:00.000,I 20,I 20 and Factory Shoals Rd,,Sideswipe-Same Direction,2,Clear,Dry,Daylight
2021-08-23T07:43:00.000,I 20,I 20 and Factory Shoals Rd,,Rear End,2,Clear,Dry,Daylight
2021-07-14T08:50:00.000,I 20,I 20 and Factory Shoals Rd,,Rear End,2,Clear,Dry,Daylight
2021-10-10T21:52:00.000,I 20,I 20 and Factory Shoals Rd,,Sideswipe-Same Direction,2,Clear,Dry,Dark-Not Lighted
2021-11-30T08:31:00.000,I 20,I 20 and Factory Shoals Rd,,Rear End,2,Clear,Dry,Daylight
2022-03-31T15:50:00.000,I 20,I 20 and Factory Shoals Rd,,Rear End,2,Clear,Dry,Daylight
2022-05-01T07:23:00.000,I 20,I 20 and Factory Shoals Rd,,Rear End,2,Clear,Dry,Daylight
2022-07-05T17:06:00.000,I 20,I 20 and Factory Shoals Rd,,Rear End,4,Clear,Dry,Daylight
2022-04-07T10:32:00.000,I 20,I 20 and Factory Shoals Rd,,Rear End,3,Clear,Dry,Daylight
2022-02-09T12:08:00.000,I 20,I 20 and Factory Shoals Rd,,Rear End,2,Clear,Dry,Daylight
2022-06-16T09:25:00.000,I 20,I 20 and Factory Shoals Rd,,Sideswipe-Same Direction,2,Clear,Dry,Daylight
2022-07-26T07:53:00.000,I 20,I 20 and Factory Shoals Rd,,Rear End,3,Clear,Dry,Daylight
2022-08-02T18:57:00.000,I 20,I 20 and Factory Shoals Rd,,Rear End,2,Cloudy,Dry,Daylight
2021-11-06T16:03:00.000,I 20,I 20 and Factory Shoals Rd,,Rear End,2,Clear,Dry,Daylight
2021-12-08T08:37:00.000,I 20,I 20 and Factory Shoals Rd,,Rear End,4,Rain,Wet,Daylight
2021-12-07T14:04:00.000,I 20,I 20 and Factory Shoals Rd,,Sideswipe-Same Direction,2,Cloudy,Dry,Daylight
2021-07-30T16:20:00.000,I 20,I 20 and Factory Shoals Rd,,Rear End,2,Clear,Dry,Daylight
2021-11-08T18:18:00.000,I 20,I 20 and Factory Shoals Rd,,Rear End,2,Cloudy,Dry,Dark-Not Lighted
2022-08-29T08:18:00.000,I 20,I 20 and Factory Shoals Rd,,Rear End,2,Clear,Dry,Daylight
2022-02-17T18:43:00.000,I 20,I 20 and Factory Shoals Rd,,Rear End,1,Cloudy,Dry,Dark-Not Lighted
2022-09-16T18:10:00.000,I 20,I 20 and Factory Shoals Rd,,Rear End,2,Clear,Dry,Daylight
2022-12-07T12:50:00.000,I 20,I 20 and Factory Shoals Rd,,Rear End,4,Clear,Wet,Daylight
2022-02-23T13:29:00.000,I 20,I 20 and Factory Shoals Rd,,Sideswipe-Same Direction,2,Clear,Dry,Daylight
2022-02-10T06:41:00.000,I 20,I 20 and Factory Shoals Rd,,Rear End,2,Clear,Dry,Daylight
2022-12-30T18:30:00.000,I 20,I 20 and Factory Shoals Rd,,Sideswipe-Same Direction,2,Clear,Dry,Dark-Not Lighted
2022-06-24T16:53:00.000,I 20,I 20 and Factory Shoals Rd,,Rear End,3,Cloudy,Dry,Daylight
2022-10-15T00:00:00.000,I 20,I 20 and Factory Shoals Rd,,Sideswipe-Opposite Direction,4,Clear,Dry,Dark-Not Lighted
2022-07-08T16:10:00.000,I 20,I 20 and Factory Shoals Rd,,Rear End,2,Clear,Dry,Daylight
2022-01-18T19:27:00.000,I 20,I 20 and Factory Shoals Rd,,Rear End,2,Clear,Dry,Dark-Lighted
2022-12-10T14:10:00.000,I 20,I 20 and Factory Shoals Rd,,Rear End,2,Clear,Dry,Daylight
2022-10-07T23:16:00.000,I 20,I 20 and Factory Shoals Rd,,Sideswipe-Same Direction,2,Clear,Dry,Dark-Not Lighted
2022-06-07T18:09:00.000,I 20,I 20 and Factory Shoals Rd,,Rear End,2,Clear,Dry,Daylight
2022-03-13T09:34:00.000,I 20,I 20 and Factory Shoals Rd,,Rear End,2,Clear,Dry,Daylight
2022-05-16T17:00:00.000,I 20,I 20 and Factory Shoals Rd,,Rear End,2,Cloudy,Dry,Daylight
2022-10-21T07:30:00.000,I 20,I 20 and Factory Shoals Rd,,Rear End,2,Clear,Dry,Daylight
2022-09-27T07:17:00.000,I 20,I 20 and Factory Shoals Rd,,Rear End,2,Clear,Dry,Daylight
2022-09-20T08:47:00.000,I 20,I 20 and Factory Shoals Rd,,Rear End,2,Rain,Wet,Daylight
2022-02-06T13:35:00.000,I 20,I 20 and Factory Shoals Rd,,Sideswipe-Same Direction,2,Clear,Dry,Daylight
2022-06-16T17:33:00.000,I 20,I 20 and Factory Shoals Rd,,Rear End,2,Cloudy,Dry,Daylight
2022-04-15T17:40:00.000,I 20,I 20 and Factory Shoals Rd,,Rear End,3,Clear,Dry,Daylight
2022-12-15T07:08:00.000,I 20,I 20 and Factory Shoals Rd,,Rear End,2,Clear,Dry,Dawn
2022-06-28T17:00:00.000,I 20,I 20 and Factory Shoals Rd,,Sideswipe-Same Direction,2,Cloudy,Dry,Daylight
2022-08-02T18:27:00.000,I 20,I 20 and Factory Shoals Rd,,Rear End,2,Cloudy,Dry,Daylight
2022-03-16T17:40:00.000,I 20,I 20 and Factory Shoals Rd,,Sideswipe-Same Direction,2,Rain,Wet,Daylight
2022-07-22T12:20:00.000,I 20,I 20 and Factory Shoals Rd,,Rear End,3,Cloudy,Dry,Daylight
2022-03-11T15:24:00.000,I 20,I 20 and Factory Shoals Rd,,Rear End,2,Cloudy,Dry,Daylight
2022-07-13T17:02:00.000,I 20,I 20 and Factory Shoals Rd,,Rear End,2,Rain,Wet,Daylight
2022-10-25T13:30:00.000,I 20,I 20 and Factory Shoals Rd,,Rear End,3,Clear,Dry,Daylight
2022-04-24T18:45:00.000,I 20,I 20 and Factory Shoals Rd,,Angle Crash,2,Cloudy,Dry,Daylight
2021-09-16T14:37:00.000,I 20,I 20 and Factory Shoals Rd,,Rear End,2,Cloudy,Dry,Daylight
2021-10-08T14:34:00.000,I 20,I 20 and Factory Shoals Rd,,Rear End,2,Cloudy,Dry,Daylight
2021-07-21T04:26:00.000,I 20,I 20 and Factory Shoals Rd,,Not a Collision with Motor Vehicle,1,Cloudy,Wet,Dark-Not Lighted
2021-07-12T09:00:00.000,I 20,I 20 and Factory Shoals Rd,,Angle Crash,2,Clear,Dry,Daylight
2021-10-20T14:25:00.000,I 20,I 20 and Factory Shoals Rd,,Rear End,2,Clear,Dry,Daylight
2022-06-21T16:44:00.000,I 20,I 20 and Factory Shoals Rd,,Rear End,2,Clear,Dry,Daylight
2022-12-05T18:41:00.000,I 20,I 20 and Factory Shoals Rd,,Rear End,2,Rain,Wet,Dark-Not Lighted
2022-07-01T16:00:00.000,I 20,I 20 and Factory Shoals Rd,,Rear End,2,Clear,Dry,Daylight
2022-06-08T07:25:00.000,I 20,I 20 and Factory Shoals Rd,,Angle Crash,3,Cloudy,Dry,Daylight
2022-05-24T17:25:00.000,I 20,I 20 and Factory Shoals Rd,,Sideswipe-Same Direction,2,Clear,Dry,Daylight
2022-04-01T08:46:00.000,I 20,I 20 and Factory Shoals Rd,,Angle Crash,2,Clear,Dry,Daylight
2022-07-12T06:25:00.000,I 20,I 20 and Factory Shoals Rd,,Rear End,3,Cloudy,Dry,Daylight
2022-09-06T07:40:00.000,I 20,I 20 and Factory Shoals Rd,,Rear End,2,Clear,Dry,Daylight
2022-09-29T17:35:00.000,I 20,I 20 and Factory Shoals Rd,,Rear End,2,Clear,Dry,Daylight
2022-08-31T17:36:00.000,I 20,I 20 and Factory Shoals Rd,,Rear End,2,Clear,Dry,Daylight
2022-03-11T12:08:00.000,I 20,I 20 and Factory Shoals Rd,,Rear End,2,Cloudy,Dry,Daylight
2022-10-24T17:35:00.000,I 20,I 20 and Factory Shoals Rd,,Sideswipe-Same Direction,2,Clear,Dry,Daylight
2022-05-18T17:27:00.000,I 20,I 20 and Factory Shoals Rd,,Rear End,2,Clear,Dry,Daylight
2022-10-18T13:28:00.000,I 20,I 20 and Factory Shoals Rd,,Rear End,2,Clear,Dry,Daylight
2022-12-08T07:43:00.000,I 20,I 20 and Factory Shoals Rd,,Sideswipe-Same Direction,3,Cloudy,Dry,Daylight
2022-08-05T16:41:00.000,I 20,I 20 and Factory Shoals Rd,,Rear End,3,Cloudy,Dry,Daylight
2022-05-19T17:30:00.000,I 20,I 20 and Factory Shoals Rd,,Sideswipe-Same Direction,2,Clear,Dry,Daylight
2022-03-11T13:34:00.000,I 20,I 20 and Factory Shoals Rd,,Rear End,2,Cloudy,Dry,Daylight
2022-03-06T19:37:00.000,I 20,I 20 and Factory Shoals Rd,,Angle Crash,3,Clear,Dry,Dark-Not Lighted
2022-10-13T07:32:00.000,I 20,I 20 and Factory Shoals Rd,,Rear End,2,Rain,Wet,Daylight
2022-05-04T09:47:00.000,I 20,I 20 and Factory Shoals Rd,,Rear End,2,Clear,Dry,Daylight
2022-08-05T16:55:00.000,I 20,I 20 and Factory Shoals Rd,,Sideswipe-Same Direction,2,Clear,Dry,Daylight
2022-02-24T09:31:00.000,I 20,I 20 and Factory Shoals Rd,,Rear End,2,Cloudy,Dry,Daylight
2022-10-02T16:40:00.000,I 20,I 20 and Factory Shoals Rd,,Rear End,2,Clear,Dry,Daylight
2022-05-26T18:15:00.000,I 20,I 20 and Factory Shoals Rd,,Rear End,2,Cloudy,Wet,Daylight
2022-05-04T06:47:00.000,I 20,I 20 and Factory Shoals Rd,,Sideswipe-Same Direction,2,Clear,Dry,Daylight
2022-10-09T16:12:00.000,I 20,I 20 and Factory Shoals Rd,,Angle Crash,2,Clear,Dry,Daylight
2022-01-02T18:35:00.000,I 20,I 20 and Factory Shoals Rd,,Rear End,2,Cloudy,Wet,Dark-Not Lighted
2022-06-24T17:40:00.000,I 20,I 20 and Factory Shoals Rd,,Rear End,3,Cloudy,Dry,Daylight
2022-07-29T15:50:00.000,I 20,I 20 and Factory Shoals Rd,,Rear End,3,Clear,Dry,Daylight
2022-08-12T17:04:00.000,I 20,I 20 and Factory Shoals Rd,,Rear End,3,Clear,Dry,Daylight
2022-09-28T13:42:00.000,I 20,I 20 and Factory Shoals Rd,,Sideswipe-Same Direction,2,Clear,Dry,Daylight
2022-02-10T15:14:00.000,I 20,I 20 and Factory Shoals Rd,,Rear End,2,Clear,Dry,Daylight
2022-10-21T17:55:00.000,I 20,I 20 and Factory Shoals Rd,,Angle Crash,2,Clear,Dry,Daylight
2022-08-12T14:00:00.000,I 20,I 20 and Factory Shoals Rd,,Rear End,2,Clear,Dry,Daylight
2022-11-17T09:12:00.000,I 20,I 20 and Factory Shoals Rd,,Rear End,2,Clear,Dry,Daylight
2022-04-24T17:30:00.000,I 20,I 20 and Factory Shoals Rd,,Rear End,2,Clear,Dry,Daylight
2022-03-25T14:35:00.000,I 20,I 20 and Factory Shoals Rd,,Rear End,2,Clear,Dry,Daylight
2022-12-22T18:41:00.000,I 20,I 20 and Factory Shoals Rd,,Rear End,3,Rain,Wet,Dark-Lighted
2022-09-22T17:50:00.000,I 20,I 20 and Factory Shoals Rd,,Angle Crash,2,Clear,Dry,Daylight
2022-04-01T17:57:00.000,I 20,I 20 and Factory Shoals Rd,,Rear End,2,Clear,Dry,Daylight
2022-10-07T15:55:00.000,I 20,I 20 and Factory Shoals Rd,,Rear End,2,Clear,Dry,Daylight
2022-08-23T17:42:00.000,I 20,I 20 and Factory Shoals Rd,,Sideswipe-Same Direction,1,Clear,Dry,Daylight
2022-08-30T17:16:00.000,I 20,I 20 and Factory Shoals Rd,,Rear End,2,Clear,Dry,Daylight
2022-06-06T21:53:00.000,I 20,I 20 and Factory Shoals Rd,,Rear End,2,Clear,Dry,Dark-Not Lighted
2022-06-10T22:36:00.000,I 20,I 20 and Factory Shoals Rd,,Sideswipe-Same Direction,2,Clear,Dry,Dark-Lighted
2022-07-28T07:55:00.000,I 20,I 20 and Factory Shoals Rd,,Sideswipe-Same Direction,2,Clear,Dry,Daylight
2022-01-10T08:41:00.000,I 20,I 20 and Factory Shoals Rd,,Sideswipe-Same Direction,2,Clear,Dry,Daylight
2022-10-15T00:01:00.000,I 20,I 20 and Factory Shoals Rd,,Not a Collision with Motor Vehicle,1,Clear,Dry,Dark-Not Lighted
2022-05-09T08:18:00.000,I 20,I 20 and Factory Shoals Rd,,Rear End,3,Clear,Dry,Daylight
2022-04-19T17:25:00.000,I 20,I 20 and Factory Shoals Rd,,Rear End,2,Clear,Dry,Daylight
2022-07-18T08:11:00.000,I 20,I 20 and Factory Shoals Rd,,Rear End,2,Clear,Dry,Daylight
2022-12-06T15:35:00.000,I 20,I 20 and Factory Shoals Rd,,Rear End,2,Cloudy,Dry,Daylight
2022-11-03T12:42:00.000,I 20,I 20 and Factory Shoals Rd,,Angle Crash,2,Clear,Dry,Daylight
2022-07-30T15:46:00.000,I 20,I 20 and Factory Shoals Rd,,Rear End,2,Cloudy,Dry,Daylight
2022-12-29T19:08:00.000,I 20,I 20 and Factory Shoals Rd,,Angle Crash,2,Clear,Dry,Dark-Not Lighted
2022-12-28T16:27:00.000,I 20,I 20 and Factory Shoals Rd,,Rear End,2,Clear,Dry,Daylight
2022-12-06T15:56:00.000,I 20,I 20 and Factory Shoals Rd,,Rear End,2,Fog,Wet,Daylight
2022-12-05T17:10:00.000,I 20,I 20 and Factory Shoals Rd,,Rear End,2,Rain,Water (standing or moving),Dusk
2022-08-02T18:34:00.000,I 20,I 20 and Factory Shoals Rd,,Rear End,2,Cloudy,Dry,Daylight
2022-10-01T07:55:00.000,I 20,I 20 and Factory Shoals Rd,,Rear End,2,Clear,Dry,Daylight
2022-12-13T10:53:00.000,I 20,I 20 and Factory Shoals Rd,,Angle Crash,2,Cloudy,Dry,Daylight
2022-05-05T16:21:00.000,I 20,I 20 and Factory Shoals Rd,,Sideswipe-Same Direction,2,Clear,Dry,Daylight
2022-05-09T17:14:00.000,I 20,I 20 and Factory Shoals Rd,,Rear End,2,Clear,Dry,Daylight
2022-05-24T09:31:00.000,I 20,I 20 and Factory Shoals Rd,,Rear End,2,Clear,Dry,Daylight
2022-11-17T18:13:00.000,I 20,I 20 and Factory Shoals Rd,,Sideswipe-Same Direction,2,Clear,Dry,Daylight
2022-04-15T17:35:00.000,I 20,I 20 and Factory Shoals Rd,,Rear End,2,Clear,Dry,Daylight
2022-10-13T07:37:00.000,I 20,I 20 and Factory Shoals Rd,,Sideswipe-Same Direction,2,Rain,Wet,Daylight
2022-05-13T18:12:00.000,I 20,I 20 and Factory Shoals Rd,,Rear End,2,Clear,Dry,Daylight
2022-12-16T16:50:00.000,I 20,I 20 and Factory Shoals Rd,,Sideswipe-Same Direction,2,Clear,Dry,Dusk
2022-09-23T19:03:00.000,I 20,I 20 and Factory Shoals Rd,,Rear End,3,Clear,Dry,Daylight
2022-06-23T17:50:00.000,I 20,I 20 and Factory Shoals Rd,,Sideswipe-Same Direction,2,Cloudy,Dry,Daylight
2022-10-01T07:50:00.000,I 20,I 20 and Factory Shoals Rd,,Rear End,2,Clear,Dry,Daylight
2022-12-16T17:04:00.000,I 20,I 20 and Factory Shoals Rd,,Rear End,4,Clear,Dry,Daylight
2022-07-18T15:37:00.000,I 20,I 20 and Factory Shoals Rd,,Angle Crash,2,Clear,Dry,Daylight
2022-04-22T05:44:00.000,I 20,I 20 and Factory Shoals Rd,,Sideswipe-Same Direction,2,Clear,Dry,Dawn
2022-12-04T11:50:00.000,I 20,I 20 and Factory Shoals Rd,,Angle Crash,2,Clear,Dry,Daylight
2022-05-13T18:18:00.000,I 20,I 20 and Factory Shoals Rd,,Sideswipe-Same Direction,2,Clear,Dry,Daylight
2022-10-17T20:08:00.000,I 20,I 20 and Factory Shoals Rd,,Angle Crash,2,Clear,Dry,Dusk
2022-10-26T14:00:00.000,I 20,I 20 and Factory Shoals Rd,,Sideswipe-Same Direction,2,Clear,Dry,Daylight
2023-04-19T14:43:00.000,I 20,I 20 and Factory Shoals Rd,,Rear End,2,Clear,Dry,Daylight
2023-07-20T16:36:00.000,I 20,I 20 and Factory Shoals Rd,,Rear End,2,Clear,Dry,Daylight
2023-03-14T14:04:00.000,I 20,I 20 and Factory Shoals Rd,,Sideswipe-Same Direction,2,Clear,Dry,Daylight
2023-06-11T15:42:00.000,I 20,I 20 and Factory Shoals Rd,,Not a Collision with Motor Vehicle,1,Cloudy,Dry,Daylight
2023-11-30T06:45:00.000,I 20,I 20 and Factory Shoals Rd,,Rear End,2,Clear,Dry,Daylight
2023-09-27T19:19:00.000,I 20,I 20 and Factory Shoals Rd,,Not a Collision with Motor Vehicle,1,Clear,Dry,Dark-Not Lighted
2024-05-09T18:47:00.000,I 20,I 20 and Factory Shoals Rd,,Rear End,2,Cloudy,Dry,Daylight
2024-11-22T06:35:00.000,I 20,I 20 and Factory Shoals Rd,,Rear End,2,Clear,Dry,Daylight
2024-12-09T10:46:00.000,I 20,I 20 and Factory Shoals Rd,,Rear End,3,Rain,Wet,Daylight
2024-10-15T21:26:00.000,I 20,I 20 and Factory Shoals Rd,,Rear End,2,Cloudy,Dry,Dark-Not Lighted
2024-05-21T19:14:00.000,I 20,I 20 and Factory Shoals Rd,,Rear End,2,Clear,Dry,Daylight
2024-10-31T08:17:00.000,I 20,I 20 and Factory Shoals Rd,,Rear End,2,Clear,Dry,Daylight
2024-01-24T17:00:00.000,I 20,I 20 and Factory Shoals Rd,,Rear End,2,Rain,Wet,Dark-Not Lighted
2024-10-02T18:13:00.000,I 20,I 20 and Factory Shoals Rd,,Rear End,2,Clear,Dry,Daylight
2024-12-04T18:34:00.000,I 20,I 20 and Factory Shoals Rd,,Rear End,2,Cloudy,Dry,Dark-Not Lighted
2024-06-05T16:51:00.000,I 20,I 20 and Factory Shoals Rd,,Rear End,2,Cloudy,Dry,Daylight
2024-02-21T10:15:00.000,I 20,I 20 and Factory Shoals Rd,,Rear End,2,Clear,Dry,Daylight
2024-05-22T17:33:00.000,I 20,I 20 and Factory Shoals Rd,,Sideswipe-Same Direction,2,Clear,Dry,Daylight
2024-12-02T08:12:00.000,I 20,I 20 and Factory Shoals Rd,,Sideswipe-Same Direction,2,Clear,Dry,Daylight
2024-01-20T22:50:00.000,I 20,I 20 and Factory Shoals Rd,,Sideswipe-Same Direction,2,Clear,Dry,Dark-Not Lighted
2024-10-02T14:44:00.000,I 20,I 20 and Factory Shoals Rd,,Rear End,2,Clear,Dry,Daylight
2024-11-07T18:27:00.000,I 20,I 20 and Factory Shoals Rd,,Rear End,2,Cloudy,Dry,Dark-Not Lighted
2024-05-13T15:00:00.000,I 20,I 20 and Factory Shoals Rd,,Rear End,2,Clear,Dry,Daylight
2024-06-04T07:38:00.000,I 20,I 20 and Factory Shoals Rd,,Rear End,2,Clear,Dry,Daylight
2024-02-15T15:40:00.000,I 20,I 20 and Factory Shoals Rd,,Rear End,2,Clear,Dry,Daylight
2024-12-16T15:38:00.000,I 20,I 20 and Factory Shoals Rd,,Rear End,2,Clear,Dry,Daylight
2024-11-04T18:44:00.000,I 20,I 20 and Factory Shoals Rd,,Rear End,3,Clear,Dry,Dark-Not Lighted