Date and Time,Roadway (From Crash Report),Intersection Name (from Crash Report),KABCO Severity,Manner of Collision (Crash Level) ,# of Vehicles per crash ,Weather Conditions (Crash Level),Surface Condition (Crash Level) ,Light Conditions (Crash Level)
2024-12-16T18:20:00.000,I 20,I 20 and Factory Shoals Rd,,Rear End,3,Clear,Dry,Dark-Lighted
2024-03-14T09:52:00.000,I 20,I 20 and Factory Shoals Rd,,Rear End,2,Clear,Dry,Daylight
2024-02-02T17:00:00.000,I 20,I 20 and Factory Shoals Rd,,Sideswipe-Same Direction,2,Clear,Dry,Daylight
2024-09-18T08:01:00.000,I 20,I 20 and Factory Shoals Rd,,Angle Crash,2,Cloudy,Dry,Daylight
2024-01-11T14:30:00.000,I 20,I 20 and Factory Shoals Rd,,Sideswipe-Same Direction,2,Clear,Dry,Daylight
2024-12-13T15:05:00.000,I 20,I 20 and Factory Shoals Rd,,Rear End,3,Cloudy,Dry,Daylight
2024-02-20T17:53:00.000,I 20,I 20 and Factory Shoals Rd,,Rear End,3,Clear,Dry,Daylight
2024-09-10T16:23:00.000,I 20,I 20 and Factory Shoals Rd,,Rear End,2,Cloudy,Dry,Daylight
2024-06-13T14:50:00.000,I 20,I 20 and Factory Shoals Rd,,Rear End,2,Clear,Dry,Daylight
2024-12-11T07:10:00.000,I 20,I 20 and Factory Shoals Rd,,Sideswipe-Same Direction,2,Cloudy,Wet,Dark-Not Lighted
2023-08-16T16:24:00.000,I 20,I 20 and Factory Shoals Rd,,Rear End,3,Clear,Dry,Daylight
2024-10-03T09:27:00.000,I 20,I 20 and Factory Shoals Rd,,Rear End,2,Cloudy,Dry,Daylight
2024-10-23T08:40:00.000,I 20,I 20 and Factory Shoals Rd,,Sideswipe-Same Direction,2,Clear,Dry,Daylight
2024-11-20T14:30:00.000,I 20,I 20 and Factory Shoals Rd,,Sideswipe-Same Direction,2,Clear,Dry,Daylight
2024-01-08T19:51:00.000,I 20,I 20 and Factory Shoals Rd,,Rear End,2,Rain,Wet,Dark-Not Lighted
2024-12-28T15:47:00.000,I 20,I 20 and Factory Shoals Rd,,Rear End,3,Rain,Dry,Daylight
2024-07-09T18:00:00.000,I 20,I 20 and Factory Shoals Rd,,Rear End,2,Clear,Dry,Daylight
2024-12-16T07:29:00.000,I 20,I 20 and Factory Shoals Rd,,Rear End,2,Cloudy,Dry,Daylight
2024-01-23T18:00:00.000,I 20,I 20 and Factory Shoals Rd,,Rear End,2,Clear,Dry,Dark-Not Lighted
2023-08-24T06:50:00.000,I 20,I 20 and Factory Shoals Rd,,Rear End,2,Clear,Dry,Dark-Not Lighted
2023-01-18T21:30:00.000,I 20,I 20 and Factory Shoals Rd,,Rear End,2,Cloudy,Wet,Dark-Not Lighted
2023-10-15T03:35:00.000,I 20,I 20 and Factory Shoals Rd,,Angle Crash,2,Clear,Dry,Dark-Lighted
2023-06-09T06:17:00.000,I 20,I 20 and Factory Shoals Rd,,Rear End,2,Clear,Dry,Daylight
2023-08-24T06:52:00.000,I 20,I 20 and Factory Shoals Rd,,Angle Crash,2,Clear,Dry,Daylight
2023-11-04T01:22:00.000,I 20,I 20 and Factory Shoals Rd,,Angle Crash,2,Clear,Dry,Dark-Lighted
2023-04-18T15:50:00.000,I 20,I 20 and Factory Shoals Rd,,Rear End,2,Clear,Dry,Daylight
2023-08-18T15:30:00.000,I 20,I 20 and Factory Shoals Rd,,Rear End,2,Clear,Dry,Daylight
2023-10-23T08:19:00.000,I 20,I 20 and Factory Shoals Rd,,Rear End,2,Clear,Dry,Daylight
2023-03-23T13:28:00.000,I 20,I 20 and Factory Shoals Rd,,Angle Crash,2,Clear,Dry,Daylight
2023-11-10T12:06:00.000,I 20,I 20 and Factory Shoals Rd,,Rear End,2,Rain,Wet,Daylight
2023-10-01T20:40:00.000,I 20,I 20 and Factory Shoals Rd,,Angle Crash,2,Clear,Dry,Dark-Not Lighted
2023-10-10T07:28:00.000,I 20,I 20 and Factory Shoals Rd,,Not a Collision with Motor Vehicle,1,Clear,Dry,Daylight
2023-11-07T19:25:00.000,I 20,I 20 and Factory Shoals Rd,,Rear End,2,Cloudy,Dry,Dark-Not Lighted
2023-10-12T17:08:00.000,I 20,I 20 and Factory Shoals Rd,,Rear End,4,Clear,Dry,Daylight
2023-02-08T14:50:00.000,I 20,I 20 and Factory Shoals Rd,,Rear End,2,Cloudy,Dry,Daylight
2023-06-26T16:40:00.000,I 20,I 20 and Factory Shoals Rd,,Rear End,2,Clear,Dry,Daylight
2023-11-05T02:50:00.000,I 20,I 20 and Factory Shoals Rd,,Not a Collision with Motor Vehicle,1,Clear,Dry,Dark-Lighted
2023-11-26T18:13:00.000,I 20,I 20 and Factory Shoals Rd,,Rear End,2,Rain,Wet,Dark-Not Lighted
2023-10-06T19:01:00.000,I 20,I 20 and Factory Shoals Rd,,Rear End,2,Cloudy,Wet,Daylight
2023-11-08T16:18:00.000,I 20,I 20 and Factory Shoals Rd,,Angle Crash,2,Clear,Dry,Daylight
2023-09-29T18:06:00.000,I 20,I 20 and Factory Shoals Rd,,Rear End,2,Clear,Dry,Daylight
2023-03-10T08:30:00.000,I 20,I 20 and Factory Shoals Rd,,Rear End,3,Rain,Wet,Daylight
2023-04-09T17:25:00.000,I 20,I 20 and Factory Shoals Rd,,Not a Collision with Motor Vehicle,1,Clear,Dry,Daylight
2023-02-14T12:02:00.000,I 20,I 20 and Factory Shoals Rd,,Rear End,1,Clear,Dry,Daylight
2023-12-14T16:03:00.000,I 20,I 20 and Factory Shoals Rd,,Rear End,3,Clear,Dry,Daylight
2023-11-05T21:00:00.000,I 20,I 20 and Factory Shoals Rd,,Sideswipe-Same Direction,2,Clear,Dry,Daylight
2023-09-02T08:15:00.000,I 20,I 20 and Factory Shoals Rd,,Rear End,2,Clear,Dry,Daylight
2023-10-06T18:03:00.000,I 20,I 20 and Factory Shoals Rd,,Rear End,2,Cloudy,Wet,Daylight
2023-02-17T15:53:00.000,I 20,I 20 and Factory Shoals Rd,,Rear End,2,Cloudy,Dry,Daylight
2023-05-04T21:50:00.000,I 20,I 20 and Factory Shoals Rd,,Angle Crash,2,Cloudy,Dry,Dark-Not Lighted
2023-03-06T19:12:00.000,I 20,I 20 and Factory Shoals Rd,,Sideswipe-Same Direction,2,Clear,Dry,Dark-Lighted
2023-04-13T13:15:00.000,I 20,I 20 and Factory Shoals Rd,,Rear End,2,Rain,Wet,Daylight
2023-04-10T07:42:00.000,I 20,I 20 and Factory Shoals Rd,,Rear End,2,Clear,Dry,Daylight
2023-04-26T18:05:00.000,I 20,I 20 and Factory Shoals Rd,,Rear End,2,Cloudy,Dry,Daylight
2023-09-08T06:50:00.000,I 20,I 20 and Factory Shoals Rd,,Rear End,3,Clear,Dry,Dark-Not Lighted
2023-12-16T11:00:00.000,I 20,I 20 and Factory Shoals Rd,,Angle Crash,2,Cloudy,Dry,Daylight
2023-06-13T18:15:00.000,I 20,I 20 and Factory Shoals Rd,,Rear End,1,Cloudy,Dry,Daylight
2023-09-12T08:43:00.000,I 20,I 20 and Factory Shoals Rd,,Rear End,2,Clear,Dry,Daylight
2023-11-10T13:07:00.000,I 20,I 20 and Factory Shoals Rd,,Rear End,2,Rain,Wet,Daylight
2023-09-29T18:39:00.000,I 20,I 20 and Factory Shoals Rd,,Rear End,2,Clear,Dry,Daylight
2023-08-24T06:45:00.000,I 20,I 20 and Factory Shoals Rd,,Rear End,2,Clear,Dry,Daylight
2023-11-02T18:30:00.000,I 20,I 20 and Factory Shoals Rd,,Rear End,2,Clear,Dry,Dark-Lighted
2023-05-20T23:14:00.000,I 20,I 20 and Factory Shoals Rd,,Sideswipe-Same Direction,1,Rain,Wet,Dark-Not Lighted
2023-06-09T09:50:00.000,I 20,I 20 and Factory Shoals Rd,,Rear End,2,Clear,Dry,Daylight
2023-04-18T15:15:00.000,I 20,I 20 and Factory Shoals Rd,,Rear End,4,Clear,Dry,Daylight
2023-08-18T08:34:00.000,I 20,I 20 and Factory Shoals Rd,,Rear End,3,Clear,Dry,Daylight
2023-07-21T15:40:00.000,I 20,I 20 and Factory Shoals Rd,,Rear End,2,Cloudy,Wet,Daylight
2023-11-03T09:07:00.000,I 20,I 20 and Factory Shoals Rd,,Rear End,2,Clear,Dry,Daylight
2023-01-26T07:37:00.000,I 20,I 20 and Factory Shoals Rd,,Rear End,2,Clear,Dry,Daylight
2023-04-10T17:09:00.000,I 20,I 20 and Factory Shoals Rd,,Rear End,2,Cloudy,Dry,Daylight
2023-05-02T16:19:00.000,I 20,I 20 and Factory Shoals Rd,,Rear End,2,Clear,Dry,Daylight
2024-05-31T14:44:00.000,I 20,I 20 and Factory Shoals Rd,,Rear End,2,Cloudy,Dry,Daylight
2024-05-15T18:07:00.000,I 20,I 20 and Factory Shoals Rd,,Rear End,3,Clear,Dry,Daylight
2024-06-14T17:12:00.000,I 20,I 20 and Factory Shoals Rd,,Rear End,2,Clear,Dry,Daylight
2024-12-02T18:15:00.000,I 20,I 20 and Factory Shoals Rd,,Rear End,2,Clear,Dry,Dark-Lighted
2024-05-24T18:57:00.000,I 20,I 20 and Factory Shoals Rd,,Rear End,2,Cloudy,Dry,Daylight
2024-01-09T15:00:00.000,I 20,I 20 and Factory Shoals Rd,,Rear End,2,Clear,Dry,Daylight
2024-11-08T15:32:00.000,I 20,I 20 and Factory Shoals Rd,,Rear End,2,Cloudy,Dry,Daylight
2024-04-10T09:15:00.000,I 20,I 20 and Factory Shoals Rd,,Rear End,2,Cloudy,Wet,Daylight
2024-10-03T19:25:00.000,I 20,I 20 and Factory Shoals Rd,,Rear End,2,Clear,Dry,Dark-Not Lighted
2024-06-05T17:30:00.000,I 20,I 20 and Factory Shoals Rd,,Rear End,2,Cloudy,Dry,Daylight
2024-01-30T15:43:00.000,I 20,I 20 and Factory Shoals Rd,,Rear End,3,Clear,Dry,Daylight
2024-07-07T01:20:00.000,I 20,I 20 and Factory Shoals Rd,,Angle Crash,3,Clear,Dry,Dark-Lighted
2024-02-11T03:14:00.000,I 20,I 20 and Factory Shoals Rd,,Angle Crash,2,Rain,Wet,Dark-Not Lighted
2024-04-10T16:30:00.000,I 20,I 20 and Factory Shoals Rd,,Sideswipe-Same Direction,3,Rain,Wet,Daylight
2024-06-05T09:58:00.000,I 20,I 20 and Factory Shoals Rd,,Angle Crash,2,Clear,Dry,Daylight
2024-06-21T12:51:00.000,I 20,I 20 and Factory Shoals Rd,,Sideswipe-Same Direction,2,Clear,Dry,Daylight
2024-04-16T18:48:00.000,I 20,I 20 and Factory Shoals Rd,,Rear End,3,Clear,Dry,Daylight
2024-05-24T19:17:00.000,I 20,I 20 and Factory Shoals Rd,,Rear End,2,Cloudy,Dry,Daylight
2024-06-08T09:45:00.000,I 20,I 20 and Factory Shoals Rd,,Sideswipe-Same Direction,3,Clear,Dry,Daylight
2024-08-07T09:39:00.000,I 20,I 20 and Factory Shoals Rd,,Sideswipe-Same Direction,2,Clear,Dry,Daylight
2024-09-10T16:00:00.000,I 20,I 20 and Factory Shoals Rd,,Angle Crash,2,Clear,Dry,Daylight
2024-10-07T09:40:00.000,I 20,I 20 and Factory Shoals Rd,,Rear End,2,Clear,Dry,Daylight
2024-04-08T05:55:00.000,I 20,I 20 and Factory Shoals Rd,,Angle Crash,2,Clear,Dry,Daylight
2024-04-24T17:58:00.000,I 20,I 20 and Factory Shoals Rd,,Rear End,2,Clear,Dry,Daylight
2024-05-08T20:06:00.000,I 20,I 20 and Factory Shoals Rd,,Sideswipe-Same Direction,2,Clear,Dry,Daylight
2024-04-22T11:01:00.000,I 20,I 20 and Factory Shoals Rd,,Sideswipe-Same Direction,2,Cloudy,Dry,Daylight
2024-01-04T17:05:00.000,I 20,I 20 and Factory Shoals Rd,,Rear End,2,Cloudy,Dry,Daylight
2024-04-10T18:35:00.000,I 20,I 20 and Factory Shoals Rd,,Sideswipe-Same Direction,3,Rain,Wet,Daylight
2024-09-18T10:10:00.000,I 20,I 20 and Factory Shoals Rd,,Sideswipe-Same Direction,2,Clear,Dry,Daylight
2024-11-05T18:26:00.000,I 20,I 20 and Factory Shoals Rd,,Rear End,2,Clear,Dry,Daylight
2024-10-28T12:02:00.000,I 20,I 20 and Factory Shoals Rd,,Rear End,2,Clear,Dry,Daylight
2024-02-14T18:10:00.000,I 20,I 20 and Factory Shoals Rd,,Rear End,2,Clear,Dry,Dark-Not Lighted
2024-01-22T18:11:00.000,I 20,I 20 and Factory Shoals Rd,,Sideswipe-Same Direction,2,Clear,Dry,Dark-Not Lighted
2024-09-20T17:50:00.000,I 20,I 20 and Factory Shoals Rd,,Rear End,2,Clear,Dry,Dark-Not Lighted
2024-10-15T12:07:00.000,I 20,I 20 and Factory Shoals Rd,,Sideswipe-Same Direction,2,Clear,Dry,Daylight
2024-04-10T06:36:00.000,I 20,I 20 and Factory Shoals Rd,,Sideswipe-Same Direction,2,Clear,Dry,Dawn
2024-02-10T11:45:00.000,I 20,I 20 and Factory Shoals Rd,,Sideswipe-Same Direction,2,Cloudy,Dry,Daylight
2024-05-26T01:47:00.000,I 20,I 20 and Factory Shoals Rd,,Rear End,2,Clear,Dry,Dark-Lighted
2024-12-03T15:20:00.000,I 20,I 20 and Factory Shoals Rd,,Rear End,2,Clear,Dry,Daylight
2024-06-12T14:49:00.000,I 20,I 20 and Factory Shoals Rd,,Rear End,2,Cloudy,Dry,Daylight
2024-05-20T06:30:00.000,I 20,I 20 and Factory Shoals Rd,,Sideswipe-Same Direction,2,Clear,Dry,Daylight
2024-04-21T14:12:00.000,I 20,I 20 and Factory Shoals Rd,,Sideswipe-Same Direction,2,Rain,Wet,Daylight
2024-02-14T18:45:00.000,I 20,I 20 and Factory Shoals Rd,,Rear End,2,Clear,Dry,Dark-Not Lighted
2024-03-19T18:26:00.000,I 20,I 20 and Factory Shoals Rd,,Rear End,2,Clear,Dry,Daylight
2024-06-17T16:10:00.000,I 20,I 20 and Factory Shoals Rd,,Rear End,2,Clear,Dry,Daylight
2024-11-09T14:47:00.000,I 20,I 20 and Factory Shoals Rd,,Rear End,2,Cloudy,Dry,Daylight
2024-02-23T13:00:00.000,I 20,I 20 and Factory Shoals Rd,,Rear End,1,Clear,Dry,Daylight
2024-01-24T18:35:00.000,I 20,I 20 and Factory Shoals Rd,,Rear End,2,Rain,Wet,Dark-Not Lighted
2024-02-26T15:43:00.000,I 20,I 20 and Factory Shoals Rd,,Sideswipe-Same Direction,2,Clear,Dry,Daylight
2024-02-23T14:43:00.000,I 20,I 20 and Factory Shoals Rd,,Sideswipe-Same Direction,1,Clear,Dry,Daylight
2024-05-07T07:40:00.000,I 20,I 20 and Factory Shoals Rd,,Rear End,2,Clear,Dry,Daylight
2024-06-20T18:05:00.000,I 20,I 20 and Factory Shoals Rd,,Angle Crash,3,Clear,Dry,Daylight
2024-02-18T23:08:00.000,I 20,I 20 and Factory Shoals Rd,,Rear End,2,Clear,Dry,Dark-Not Lighted
2024-03-13T10:15:00.000,I 20,I 20 and Factory Shoals Rd,,Rear End,2,Clear,Dry,Daylight
2024-02-27T16:19:00.000,I 20,I 20 and Factory Shoals Rd,,Rear End,4,Clear,Dry,Daylight
2024-01-29T18:11:00.000,I 20,I 20 and Factory Shoals Rd,,Rear End,2,Clear,Dry,Dusk
2024-10-08T09:00:00.000,I 20,I 20 and Factory Shoals Rd,,Rear End,2,Clear,Dry,Daylight
2024-11-06T23:25:00.000,I 20,I 20 and Factory Shoals Rd,,Sideswipe-Same Direction,2,Clear,Dry,Dark-Not Lighted
2024-02-26T06:24:00.000,I 20,I 20 and Factory Shoals Rd,,Sideswipe-Same Direction,2,Cloudy,Dry,Dark-Lighted
2024-09-24T12:05:00.000,I 20,I 20 and Factory Shoals Rd,,Not a Collision with Motor Vehicle,1,Clear,Dry,Daylight
2024-05-03T15:15:00.000,I 20,I 20 and Factory Shoals Rd,,Rear End,2,Clear,Dry,Daylight
2024-05-19T10:10:00.000,I 20,I 20 and Factory Shoals Rd,,Angle Crash,2,Clear,Dry,Daylight
2024-05-13T12:04:00.000,I 20,I 20 and Factory Shoals Rd,,Rear End,2,Cloudy,Dry,Daylight
2020-01-27T18:25:00.000,I 20,I 20 and Factory Shoals Brg,,Rear End,3,Clear,Dry,Dark-Not Lighted
2023-10-13T19:30:00.000,I 20,I 20 and Factory Shoals,,Rear End,3,Rain,Wet,Dark-Not Lighted
2023-01-09T11:56:00.000,I 20,I 20 and Factory Shoals,,Rear End,2,Clear,Dry,Daylight
2023-08-02T07:11:00.000,I 20,I 20 and Factory Shoalrs,,Sideswipe-Same Direction,2,Clear,Dry,Daylight
2021-12-10T16:51:00.000,I 20,I 20 and Factory Shls,,Sideswipe-Same Direction,2,Cloudy,Dry,Daylight
2023-02-07T06:39:00.000,I 20,I 20 and Factory Shls,,Rear End,2,Clear,Dry,Dark-Lighted
2023-01-22T15:15:00.000,I 20,I 20 and Factory Shls,,Sideswipe-Same Direction,2,Cloudy,Dry,Daylight
2020-03-17T19:06:00.000,I 20,I 20 and Factory Shls,,Angle Crash,4,Clear,Dry,Daylight
2020-11-09T06:54:00.000,I 20,I 20 and Factory Shls,,Sideswipe-Same Direction,2,Clear,Dry,Daylight
2020-05-07T01:17:00.000,I 20,I 20 and Factory Shls,,Sideswipe-Same Direction,3,Clear,Dry,Daylight
2020-01-28T07:41:00.000,I 20,I 20 and Factory Shls,,Rear End,2,Clear,Dry,Daylight
2020-01-29T06:18:00.000,I 20,I 20 and Factory Shls,,Rear End,2,Clear,Dry,Daylight
2020-10-02T16:17:00.000,I 20,I 20 and Factory Shls,,Rear End,2,Clear,Dry,Daylight
2021-05-26T15:56:00.000,I 20,I 20 and Factory Shls,,Rear End,2,Clear,Dry,Daylight
2021-09-22T07:45:00.000,I 20,I 20 and Factory Shls,,Sideswipe-Same Direction,2,Cloudy,Dry,Daylight
2022-01-08T02:37:00.000,I 20,I 20 and Factory Shls,,Rear End,2,Clear,Dry,Dark-Not Lighted
2022-09-16T08:14:00.000,I 20,I 20 and Factory Shls,,Sideswipe-Same Direction,2,Clear,Dry,Daylight
2022-05-17T08:28:00.000,I 20,I 20 and Factory Shls,,Rear End,2,Clear,Dry,Daylight
2022-11-08T09:35:00.000,I 20,I 20 and Factory Shls,,Angle Crash,2,Clear,Dry,Daylight
2024-04-09T07:14:00.000,I 20,I 20 and Factory Shls,,Rear End,2,Rain,Wet,Daylight
2024-05-11T13:45:00.000,I 20,I 20 and Factory Shls,,Rear End,3,Clear,Dry,Daylight
2021-11-28T14:20:00.000,I 20,I 20 and Factory Shaols Rd,,Angle Crash,2,Cloudy,Dry,Daylight
2022-01-11T07:15:00.000,I 20,I 20 and Factory Shaols Rd,,Rear End,3,Clear,Dry,Daylight
2022-03-11T17:55:00.000,I 20,I 20 and Factory Shaols Rd,,Rear End,2,Cloudy,Dry,Daylight
2021-04-05T20:00:00.000,I 20,I 20 and Factory Schoals Rd,,Rear End,2,Clear,Dry,Dark-Not Lighted
2020-10-21T14:51:00.000,I 20,I 20 and Factory Schoals,,Rear End,2,Clear,Dry,Daylight
2021-05-03T06:45:00.000,I 20,I 20 and Factory,,Rear End,5,Rain,Dry,Daylight
2021-05-03T06:45:00.000,I 20,I 20 and Factory,,Rear End,5,Rain,Dry,Daylight
2020-01-16T08:28:00.000,I 20,I 20 and Factory,,Rear End,2,Cloudy,Wet,Daylight
2022-01-18T03:50:00.000,I 20,I 20 and Ext 84,,Sideswipe-Same Direction,2,Clear,Dry,Dark-Not Lighted
2024-04-24T00:20:00.000,I 20,I 20 and Ext 80,,Angle Crash,2,Clear,Dry,Dark-Not Lighted
2024-03-30T22:30:00.000,I 20,I 20 and Ext 78,,Sideswipe-Same Direction,2,Clear,Dry,Dark-Lighted
2020-01-09T18:30:00.000,I 20,I 20 and Ext 46,,Sideswipe-Same Direction,2,Clear,Dry,Dark-Lighted
2021-09-01T21:06:00.000,I 20,I 20 and Ext 37,,Sideswipe-Same Direction,2,Cloudy,Dry,Dark-Not Lighted
2022-07-24T16:38:00.000,I 20,I 20 and Ext 37,,Sideswipe-Same Direction,2,Clear,Dry,Daylight
2023-12-06T02:05:00.000,I 20,I 20 and Ext 36,,Sideswipe-Same Direction,1,Clear,Dry,Daylight
2022-07-08T14:45:00.000,I 20,I 20 and Ext 190,,Not a Collision with Motor Vehicle,1,Clear,Dry,Daylight
2024-10-11T15:54:00.000,I 20,I 20 and Ext 190,,Rear End,2,Clear,Dry,Daylight
2024-02-07T15:49:00.000,I 20,I 20 and Ext 190,,Rear End,2,Clear,Dry,Daylight
2022-01-27T23:58:00.000,I 20,I 20 and Exit196,,Not a Collision with Motor Vehicle,1,Clear,Dry,Dark-Lighted
2023-10-05T13:07:00.000,I 20,I 20 and Exit-78,,Sideswipe-Same Direction,2,Clear,Dry,Dark-Lighted
2021-04-16T15:22:00.000,I 20,I 20 and Exit-200,,Rear End,3,Clear,Dry,Daylight
2020-12-14T08:30:00.000,I 20,I 20 and Exit-195,,Rear End,2,Rain,Wet,Daylight
2022-01-05T18:27:00.000,I 20,I 20 and Exit-194,,Sideswipe-Same Direction,2,Clear,Dry,Dark-Lighted
2022-11-17T18:05:00.000,I 20,I 20 and Exit- 78,,Rear End,2,Clear,Dry,Dark-Lighted
2021-12-29T08:50:00.000,I 20,I 20 and Exit To Liberty Rd,,Not a Collision with Motor Vehicle,1,Rain,Wet,Daylight
2021-05-08T18:50:00.000,I 20,I 20 and Exit To Lee Rd,,Sideswipe-Same Direction,2,Clear,Dry,Daylight
2020-07-17T15:05:00.000,I 20,I 20 and Exit Rp,,Rear End,2,Clear,Dry,Daylight
2022-05-10T12:55:00.000,I 20,I 20 and Exit Rp,,Sideswipe-Same Direction,2,Clear,Dry,Daylight
2022-03-06T17:27:00.000,I 20,I 20 and Exit Ramp-Chapel Hiill Rd,,Not a Collision with Motor Vehicle,1,Clear,Dry,Daylight
2022-03-12T12:33:00.000,I 20,I 20 and Exit Ramp- Chapel Hill Rd,,Rear End,2,Clear,Dry,Daylight
2021-03-05T12:28:00.000,I 20,I 20 and Exit Ramp To Windsor St,,Rear End,2,Clear,Dry,Daylight
2020-06-10T15:00:00.000,I 20,I 20 and Exit Ramp To Windsor St,,Sideswipe-Same Direction,3,Cloudy,Wet,Daylight
2020-10-09T18:39:00.000,I 20,I 20 and Exit Ramp To Windsor St,,Rear End,2,Clear,Wet,Daylight
2020-07-06T14:19:00.000,I 20,I 20 and Exit Ramp To Windsor St,,Sideswipe-Same Direction,2,Cloudy,Dry,Daylight
2020-09-28T12:04:00.000,I 20,I 20 and Exit Ramp To Windsor St,,Sideswipe-Same Direction,2,Cloudy,Dry,Daylight
2020-02-06T08:30:00.000,I 20,I 20 and Exit Ramp To Six Flags Park,,Angle Crash,2,Rain,Wet,Daylight
2022-02-22T07:00:00.000,I 20,I 20 and Exit Ramp To Post Rd,,Rear End,2,Cloudy,Wet,Daylight
2023-12-25T01:00:00.000,I 20,I 20 and Exit Ramp To Panola Rd,,Rear End,2,Clear,Dry,Dark-Not Lighted
2020-01-16T09:53:00.000,I 20,I 20 and Exit Ramp To Moreland Ave,,Rear End,2,Clear,Dry,Daylight
2020-01-16T09:53:00.000,I 20,I 20 and Exit Ramp To Moreland Ave,,Rear End,3,Clear,Dry,Daylight
2020-09-24T15:10:00.000,I 20,I 20 and Exit Ramp To Moreland Ave,,Rear End,2,Rain,Wet,Daylight
2020-12-18T21:00:00.000,I 20,I 20 and Exit Ramp To Moreland,,Not a Collision with Motor Vehicle,1,Clear,Dry,Dark-Not Lighted
2020-06-05T14:38:00.000,I 20,I 20 and Exit Ramp To Mcdaniel St,,Rear End,2,Rain,Wet,Daylight
2020-07-06T19:06:00.000,I 20,I 20 and Exit Ramp To Martin Luther Kin,,Rear End,2,Rain,Wet,Daylight
2020-06-10T18:40:00.000,I 20,I 20 and Exit Ramp To Martin Luther Kin,,Rear End,2,Rain,Wet,Daylight
2020-02-06T10:00:00.000,I 20,I 20 and Exit Ramp To Martin Luther Kin,,Sideswipe-Same Direction,2,Rain,Wet,Daylight
2020-02-06T10:00:00.000,I 20,I 20 and Exit Ramp To Martin Luther Kin,,Rear End,3,Rain,Wet,Daylight
2020-09-21T19:27:00.000,I 20,I 20 and Exit Ramp To Lowery Blvd,,Sideswipe-Same Direction,2,Clear,Dry,Dusk
2020-10-28T11:57:00.000,I 20,I 20 and Exit Ramp To Langhorn St,,Not a Collision with Motor Vehicle,2,Cloudy,Wet,Daylight
2020-11-06T15:55:00.000,I 20,I 20 and Exit Ramp To Joseph E Lowery B,,Sideswipe-Same Direction,2,Clear,Dry,Daylight
2023-03-09T15:30:00.000,I 20,I 20 and Exit Ramp To I75 85 Rp,,Rear End,2,Clear,Wet,Daylight
2021-09-16T10:54:00.000,I 20,I 20 and Exit Ramp To I75 85,,Rear End,2,Rain,Wet,Daylight
2022-02-04T13:27:00.000,I 20,I 20 and Exit Ramp To I75 85,,Sideswipe-Same Direction,2,Cloudy,Dry,Daylight
2022-11-18T18:15:00.000,I 20,I 20 and Exit Ramp To I75 85,,Rear End,2,Clear,Dry,Daylight
2022-08-11T18:11:00.000,I 20,I 20 and Exit Ramp To I285,,Rear End,2,Clear,Dry,Daylight
2022-11-01T13:30:00.000,I 20,I 20 and Exit Ramp To I285,,Rear End,2,Clear,Dry,Daylight
2022-12-01T18:26:00.000,I 20,I 20 and Exit Ramp To I285,,Rear End,2,Clear,Dry,Daylight
2023-12-07T18:25:00.000,I 20,I 20 and Exit Ramp To I285,,Rear End,2,Clear,Dry,Daylight
2023-02-02T16:13:00.000,I 20,I 20 and Exit Ramp To I285,,Rear End,2,Clear,Wet,Daylight
2021-01-26T07:50:00.000,I 20,I 20 and Exit Ramp To Hill St,,Angle Crash,2,Cloudy,Wet,Daylight
2020-11-06T18:56:00.000,I 20,I 20 and Exit Ramp To Hill St,,Rear End,3,Clear,Dry,Dark-Lighted
2020-09-21T18:57:00.000,I 20,I 20 and Exit Ramp To Hill St,,Rear End,2,Clear,Dry,Daylight
2020-06-10T18:16:00.000,I 20,I 20 and Exit Ramp To Hill St,,Rear End,3,Rain,Wet,Daylight
2020-11-06T18:19:00.000,I 20,I 20 and Exit Ramp To Hill St,,Sideswipe-Same Direction,2,Cloudy,Dry,Dark-Lighted
2020-08-24T12:10:00.000,I 20,I 20 and Exit Ramp To Hill St,,Sideswipe-Same Direction,2,Cloudy,Dry,Daylight
2020-06-10T18:16:00.000,I 20,I 20 and Exit Ramp To Hill St,,Rear End,2,Rain,Wet,Daylight
2020-06-05T11:54:00.000,I 20,I 20 and Exit Ramp To Hill St,,Not a Collision with Motor Vehicle,1,Cloudy,Wet,Daylight
2020-06-10T18:16:00.000,I 20,I 20 and Exit Ramp To Hill St,,Rear End,2,Rain,Wet,Daylight
2021-01-26T07:46:00.000,I 20,I 20 and Exit Ramp To Hill St,,Angle Crash,2,Clear,Wet,Daylight
2020-02-11T06:45:00.000,I 20,I 20 and Exit Ramp To He Holmes Dr,,Sideswipe-Same Direction,2,Rain,Wet,Dawn
2020-12-14T11:44:00.000,I 20,I 20 and Exit Ramp To Glenwood Ave,,Sideswipe-Same Direction,3,Clear,Dry,Daylight
2020-09-08T07:12:00.000,I 20,I 20 and Exit Ramp To Glenwood Ave,,Sideswipe-Same Direction,2,Clear,Dry,Daylight
2020-05-24T07:43:00.000,I 20,I 20 and Exit Ramp To Flat Shoals Rd,,Sideswipe-Same Direction,2,Clear,Dry,Daylight
2020-07-03T15:57:00.000,I 20,I 20 and Exit Ramp To Flat Shoals Rd,,Sideswipe-Same Direction,2,Clear,Dry,Daylight