Date and Time,Roadway (From Crash Report),Intersection Name (from Crash Report),KABCO Severity,Manner of Collision (Crash Level) ,# of Vehicles per crash ,Weather Conditions (Crash Level),Surface Condition (Crash Level) ,Light Conditions (Crash Level)
2020-11-16T07:15:00.000,I 20,I 20 and Exit Ramp To Captiol Ave,,Rear End,2,Clear,Dry,Daylight
2021-12-07T08:38:00.000,I 20,I 20 and Exit Ramp To Capitol Ave,,Rear End,2,Cloudy,Dry,Daylight
2020-09-10T15:23:00.000,I 20,I 20 and Exit Ramp To Capitol Ave,,Rear End,2,Cloudy,Dry,Daylight
2020-06-19T18:56:00.000,I 20,I 20 and Exit Ramp To Capitol Ave,,Rear End,2,Cloudy,Dry,Daylight
2020-06-05T12:25:00.000,I 20,I 20 and Exit Ramp To Capitol Ave,,Rear End,2,Rain,Wet,Daylight
2020-10-28T07:14:00.000,I 20,I 20 and Exit Ramp To Capitol Ave,,Rear End,5,Rain,Wet,Daylight
2020-12-15T18:37:00.000,I 20,I 20 and Exit Ramp To Capitol Ave,,Rear End,2,Clear,Dry,Dark-Lighted
2022-10-03T12:59:00.000,I 20,I 20 and Exit Ramp To Capitol Ave,,Sideswipe-Same Direction,2,Clear,Dry,Daylight
2021-02-10T13:06:00.000,I 20,I 20 and Exit Ramp To Blvd,,Sideswipe-Same Direction,2,Clear,Dry,Daylight
2021-11-12T09:06:00.000,I 20,I 20 and Exit Ramp To Blvd,,Rear End,2,Clear,Dry,Daylight
2020-09-17T08:12:00.000,I 20,I 20 and Exit Ramp To Blvd,,Rear End,2,Rain,Wet,Daylight
2021-01-27T07:17:00.000,I 20,I 20 and Exit Ramp To Blvd,,Sideswipe-Same Direction,2,Cloudy,Wet,Dark-Lighted
2022-11-22T17:00:00.000,I 20,I 20 and Exit Ramp To Bill Kennedy Way,,Rear End,2,Cloudy,Dry,Dusk
2020-08-21T07:30:00.000,I 20,I 20 and Exit Ramp To 90,,Not a Collision with Motor Vehicle,1,Rain,Wet,Daylight
2023-05-26T10:40:00.000,I 20,I 20 and Exit Ramp Riverwatch Prky,,Rear End,2,Clear,Dry,Daylight
2024-03-26T03:59:00.000,I 20,I 20 and Exit Ramp I20 W To Thornton Rd,,Sideswipe-Same Direction,2,Clear,Dry,Dark-Not Lighted
2020-03-23T21:35:00.000,I 20,I 20 and Exit Ramp I20,,Not a Collision with Motor Vehicle,1,Rain,Wet,Dark-Not Lighted
2024-02-23T09:55:00.000,I 20,I 20 and Exit Ramp For Mm24,,Not a Collision with Motor Vehicle,2,Cloudy,Dry,Daylight
2021-04-12T16:17:00.000,I 20,I 20 and Exit Ramp Before Hwy 5,,Rear End,2,Clear,Dry,Daylight
2021-03-01T21:56:00.000,I 20,I 20 and Exit Ramp 9,,Sideswipe-Same Direction,2,Clear,Dry,Dark-Not Lighted
2022-12-26T04:55:00.000,I 20,I 20 and Exit Ramp 65,,Rear End,3,Clear,Dry,Dark-Not Lighted
2021-08-30T12:39:00.000,I 20,I 20 and Exit Ramp 55A,,Sideswipe-Same Direction,2,Clear,Dry,Daylight
2022-03-03T02:50:00.000,I 20,I 20 and Exit Ramp 46B,,Sideswipe-Same Direction,2,Clear,Dry,Dark-Not Lighted
2021-08-26T02:52:00.000,I 20,I 20 and Exit Ramp 44,,Not a Collision with Motor Vehicle,1,Clear,Dry,Dark-Not Lighted
2024-05-11T06:31:00.000,I 20,I 20 and Exit Ramp 44,,Rear End,2,Clear,Dry,Daylight
2024-05-01T23:40:00.000,I 20,I 20 and Exit Ramp 44,,Sideswipe-Same Direction,2,Cloudy,Dry,Dark-Not Lighted
2024-08-08T07:51:00.000,I 20,I 20 and Exit Ramp 44,,Rear End,2,Clear,Dry,Daylight
2024-08-25T16:20:00.000,I 20,I 20 and Exit Ramp 44,,Sideswipe-Same Direction,2,Clear,Dry,Daylight
2021-04-29T11:42:00.000,I 20,I 20 and Exit Ramp 34,,Rear End,2,Cloudy,Dry,Daylight
2022-02-05T16:15:00.000,I 20,I 20 and Exit Ramp 24,,Angle Crash,2,Clear,Dry,Daylight
2023-07-18T18:10:00.000,I 20,I 20 and Exit Ramp 19,,Sideswipe-Same Direction,2,Clear,Dry,Daylight
2020-12-07T13:48:00.000,I 20,I 20 and Exit Ramp 19,,Rear End,2,Clear,Dry,Daylight
2024-11-21T16:58:00.000,I 20,I 20 and Exit 98,,Sideswipe-Same Direction,2,Clear,Dry,Daylight
2024-09-03T05:23:00.000,I 20,I 20 and Exit 98,,Sideswipe-Same Direction,2,Clear,Dry,Dark-Not Lighted
2021-03-10T20:49:00.000,I 20,I 20 and Exit 93,,Sideswipe-Same Direction,2,Clear,Dry,Dark-Not Lighted
2024-05-12T03:45:00.000,I 20,I 20 and Exit 93,,Not a Collision with Motor Vehicle,1,Clear,Dry,Dark-Not Lighted
2023-03-17T18:07:00.000,I 20,I 20 and Exit 92,,Not a Collision with Motor Vehicle,1,Rain,Water (standing or moving),Daylight
2022-01-28T17:05:00.000,I 20,I 20 and Exit 92,,Sideswipe-Same Direction,2,Clear,Dry,Daylight
2022-04-20T16:40:00.000,I 20,I 20 and Exit 92,,Rear End,2,Clear,Dry,Daylight
2024-05-31T08:20:00.000,I 20,I 20 and Exit 92,,Sideswipe-Same Direction,2,Clear,Dry,Daylight
2024-12-17T05:50:00.000,I 20,I 20 and Exit 92,,Rear End,3,Clear,Dry,Dark-Lighted
2023-06-14T14:45:00.000,I 20,I 20 and Exit 92,,Sideswipe-Same Direction,2,Severe Thunderstorm or Tornadic,Wet,Daylight
2023-02-22T09:08:00.000,I 20,I 20 and Exit 92,,Angle Crash,2,Clear,Dry,Daylight
2024-11-27T23:15:00.000,I 20,I 20 and Exit 92,,Not a Collision with Motor Vehicle,1,Clear,Dry,Dark-Not Lighted
2024-02-12T12:15:00.000,I 20,I 20 and Exit 92,,Not a Collision with Motor Vehicle,1,Rain,Wet,Daylight
2024-06-03T00:00:00.000,I 20,I 20 and Exit 92,,Rear End,2,Rain,Wet,Dark-Lighted
2024-10-29T00:00:00.000,I 20,I 20 and Exit 92,,Not a Collision with Motor Vehicle,2,Clear,Dry,Dark-Lighted
2021-11-13T14:00:00.000,I 20,I 20 and Exit 90,,Not a Collision with Motor Vehicle,1,Clear,Dry,Daylight
2021-04-03T18:36:00.000,I 20,I 20 and Exit 90,,Sideswipe-Same Direction,2,Clear,Dry,Daylight
2021-04-03T19:19:00.000,I 20,I 20 and Exit 90,,Angle Crash,3,Clear,Dry,Daylight
2021-03-26T06:40:00.000,I 20,I 20 and Exit 90,,Sideswipe-Same Direction,2,Rain,Wet,Dark-Lighted
2023-02-28T13:59:00.000,I 20,I 20 and Exit 90,,Sideswipe-Same Direction,2,Clear,Dry,Daylight
2021-08-11T08:10:00.000,I 20,I 20 and Exit 90,,Not a Collision with Motor Vehicle,1,Clear,Dry,Daylight
2022-08-23T19:10:00.000,I 20,I 20 and Exit 90,,Not a Collision with Motor Vehicle,1,Cloudy,Dry,Daylight
2022-07-06T22:44:00.000,I 20,I 20 and Exit 90,,Not a Collision with Motor Vehicle,1,Clear,Dry,Dark-Not Lighted
2022-10-31T10:25:00.000,I 20,I 20 and Exit 90,,Not a Collision with Motor Vehicle,1,Rain,Wet,Daylight
2024-07-17T18:00:00.000,I 20,I 20 and Exit 90,,Sideswipe-Same Direction,2,Cloudy,Dry,Daylight
2023-02-10T08:05:00.000,I 20,I 20 and Exit 90,,Sideswipe-Same Direction,2,Cloudy,Wet,Daylight
2023-02-10T19:54:00.000,I 20,I 20 and Exit 90,,Sideswipe-Same Direction,2,Clear,Dry,Dark-Lighted
2024-11-03T15:05:00.000,I 20,I 20 and Exit 90,,Sideswipe-Same Direction,2,Cloudy,Dry,Daylight
2024-12-07T12:24:00.000,I 20,I 20 and Exit 90,,Rear End,2,Clear,Dry,Daylight
2024-06-01T15:55:00.000,I 20,I 20 and Exit 90,,Sideswipe-Same Direction,2,Clear,Dry,Daylight
2023-12-15T10:03:00.000,I 20,I 20 and Exit 9 On Rp,,Rear End,2,Clear,Dry,Daylight
2021-06-21T19:59:00.000,I 20,I 20 and Exit 9,,Not a Collision with Motor Vehicle,1,Rain,Wet,Dusk
2021-03-15T23:06:00.000,I 20,I 20 and Exit 9,,Not a Collision with Motor Vehicle,1,Rain,Wet,Dark-Not Lighted
2023-12-25T11:25:00.000,I 20,I 20 and Exit 9,,Not a Collision with Motor Vehicle,1,Rain,Wet,Daylight
2020-12-29T22:00:00.000,I 20,I 20 and Exit 9,,Not a Collision with Motor Vehicle,1,Rain,Wet,Dark-Not Lighted
2021-04-04T03:31:00.000,I 20,I 20 and Exit 9,,Sideswipe-Same Direction,2,Clear,Dry,Dark-Not Lighted
2021-07-07T13:10:00.000,I 20,I 20 and Exit 9,,Sideswipe-Same Direction,2,Cloudy,Dry,Daylight
2022-06-21T08:35:00.000,I 20,I 20 and Exit 9,,Angle Crash,2,Clear,Dry,Daylight
2022-11-03T08:04:00.000,I 20,I 20 and Exit 9,,Not a Collision with Motor Vehicle,1,Clear,Dry,Daylight
2022-12-14T22:20:00.000,I 20,I 20 and Exit 9,,Not a Collision with Motor Vehicle,1,Rain,Wet,Dark-Not Lighted
2024-09-17T16:50:00.000,I 20,I 20 and Exit 9,,Rear End,2,Clear,Dry,Daylight
2021-10-25T07:30:00.000,I 20,I 20 and Exit 88 Off Rp,,Angle Crash,1,Clear,Dry,Daylight
2021-04-15T12:24:00.000,I 20,I 20 and Exit 84 Rp,,Sideswipe-Same Direction,2,Clear,Dry,Daylight
2021-05-06T17:15:00.000,I 20,I 20 and Exit 84,,Not a Collision with Motor Vehicle,1,Clear,Dry,Daylight
2021-01-23T16:37:00.000,I 20,I 20 and Exit 84,,Angle Crash,2,Clear,Dry,Daylight
2021-04-01T07:30:00.000,I 20,I 20 and Exit 84,,Sideswipe-Same Direction,2,Clear,Dry,Daylight
2023-08-13T16:35:00.000,I 20,I 20 and Exit 84,,Rear End,4,Clear,Dry,Daylight
2020-08-03T17:44:00.000,I 20,I 20 and Exit 84,,Sideswipe-Same Direction,2,Clear,Dry,Daylight
2020-09-01T14:45:00.000,I 20,I 20 and Exit 84,,Sideswipe-Same Direction,2,Clear,Dry,Daylight
2020-06-26T20:50:00.000,I 20,I 20 and Exit 84,,Sideswipe-Same Direction,2,Clear,Dry,Dark-Lighted
2020-09-24T08:44:00.000,I 20,I 20 and Exit 84,,Not a Collision with Motor Vehicle,3,Clear,Dry,Daylight
2020-12-02T14:51:00.000,I 20,I 20 and Exit 84,,Rear End,2,Clear,Dry,Daylight
2020-01-11T02:05:00.000,I 20,I 20 and Exit 84,,Rear End,2,Cloudy,Dry,Dark-Not Lighted
2020-09-25T13:45:00.000,I 20,I 20 and Exit 84,,Sideswipe-Same Direction,2,Clear,Dry,Daylight
2021-08-07T22:53:00.000,I 20,I 20 and Exit 84,,Sideswipe-Same Direction,2,Clear,Dry,Dark-Lighted
2021-11-06T14:25:00.000,I 20,I 20 and Exit 84,,Rear End,2,Clear,Dry,Daylight
2022-06-17T19:20:00.000,I 20,I 20 and Exit 84,,Rear End,3,Rain,Wet,Daylight
2022-11-27T00:00:00.000,I 20,I 20 and Exit 84,,Sideswipe-Same Direction,2,Clear,Dry,Dark-Lighted
2022-05-23T09:54:00.000,I 20,I 20 and Exit 84,,Not a Collision with Motor Vehicle,1,Rain,Wet,Daylight
2024-06-03T07:18:00.000,I 20,I 20 and Exit 84,,Sideswipe-Same Direction,2,Clear,Dry,Daylight
2024-01-05T17:11:00.000,I 20,I 20 and Exit 84,,Rear End,2,Clear,Dry,Daylight
2024-12-14T18:27:00.000,I 20,I 20 and Exit 84,,Sideswipe-Same Direction,2,Clear,Dry,Dark-Lighted
2023-10-24T11:59:00.000,I 20,I 20 and Exit 82 Rp,,Sideswipe-Same Direction,2,Clear,Dry,Daylight
2021-05-24T03:08:00.000,I 20,I 20 and Exit 82,,Rear End,2,Clear,Dry,Dark-Not Lighted
2023-07-26T00:45:00.000,I 20,I 20 and Exit 82,,Sideswipe-Same Direction,2,Clear,Dry,Dark-Not Lighted
2020-10-10T21:00:00.000,I 20,I 20 and Exit 82,,Rear End,2,Rain,Wet,Dark-Lighted
2020-10-21T14:56:00.000,I 20,I 20 and Exit 82,,Sideswipe-Same Direction,2,Clear,Dry,Daylight
2020-04-28T14:25:00.000,I 20,I 20 and Exit 82,,Rear End,2,Clear,Dry,Daylight
2021-09-04T02:21:00.000,I 20,I 20 and Exit 82,,Sideswipe-Same Direction,3,Clear,Dry,Dark-Not Lighted
2022-10-16T02:25:00.000,I 20,I 20 and Exit 82,,Angle Crash,2,Clear,Dry,Dark-Lighted
2023-04-30T09:15:00.000,I 20,I 20 and Exit 80 W Ave,,Sideswipe-Same Direction,2,Rain,Wet,Daylight
2024-03-13T01:27:00.000,I 20,I 20 and Exit 80 W Ave,,Sideswipe-Opposite Direction,2,Cloudy,Dry,Dark-Not Lighted
2021-01-19T16:58:00.000,I 20,I 20 and Exit 80,,Sideswipe-Same Direction,2,Clear,Dry,Daylight
2021-06-23T15:19:00.000,I 20,I 20 and Exit 80,,Rear End,2,Clear,Dry,Daylight
2020-03-06T16:18:00.000,I 20,I 20 and Exit 80,,Rear End,2,Clear,Dry,Daylight
2020-10-02T23:19:00.000,I 20,I 20 and Exit 80,,Not a Collision with Motor Vehicle,2,Clear,Dry,Dark-Not Lighted
2021-10-10T22:30:00.000,I 20,I 20 and Exit 80,,Rear End,3,Clear,Dry,Dark-Lighted
2022-11-22T19:20:00.000,I 20,I 20 and Exit 80,,Rear End,2,Clear,Dry,Dark-Lighted
2022-10-09T04:19:00.000,I 20,I 20 and Exit 80,,Head On,2,Clear,Dry,Dark-Not Lighted
2022-09-05T20:28:00.000,I 20,I 20 and Exit 80,,Sideswipe-Same Direction,2,Clear,Dry,Dark-Lighted
2024-12-17T06:57:00.000,I 20,I 20 and Exit 80,,Rear End,2,Clear,Dry,Dawn
2024-12-26T10:25:00.000,I 20,I 20 and Exit 80,,Sideswipe-Same Direction,2,Clear,Dry,Daylight
2024-12-17T06:00:00.000,I 20,I 20 and Exit 80,,Sideswipe-Same Direction,2,Clear,Dry,Dark-Not Lighted
2023-11-15T06:24:00.000,I 20,I 20 and Exit 79,,Angle Crash,2,Rain,Wet,Daylight
2020-08-08T12:15:00.000,I 20,I 20 and Exit 78 Dr,,Sideswipe-Same Direction,2,Clear,Dry,Daylight
2021-01-08T11:29:00.000,I 20,I 20 and Exit 78,,Angle Crash,2,Rain,Wet,Daylight
2021-12-22T15:00:00.000,I 20,I 20 and Exit 78,,Sideswipe-Same Direction,2,Clear,Dry,Daylight
2021-02-26T19:07:00.000,I 20,I 20 and Exit 78,,Sideswipe-Same Direction,2,Other,Wet,Dark-Lighted
2021-04-11T04:31:00.000,I 20,I 20 and Exit 78,,Rear End,2,Clear,Dry,Dark-Lighted
2021-11-29T22:32:00.000,I 20,I 20 and Exit 78,,Sideswipe-Same Direction,3,Clear,Dry,Dark-Lighted
2021-01-14T18:11:00.000,I 20,I 20 and Exit 78,,Not a Collision with Motor Vehicle,1,Clear,Dry,Dark-Not Lighted
2023-12-18T20:51:00.000,I 20,I 20 and Exit 78,,Sideswipe-Same Direction,2,Clear,Dry,Daylight
2022-03-09T16:48:00.000,I 20,I 20 and Exit 78,,Rear End,2,Clear,Dry,Daylight
2020-07-28T22:25:00.000,I 20,I 20 and Exit 78,,Sideswipe-Same Direction,2,Clear,Dry,Dark-Not Lighted
2020-09-20T19:50:00.000,I 20,I 20 and Exit 78,,Not a Collision with Motor Vehicle,1,Clear,Dry,Dark-Not Lighted
2020-06-13T10:14:00.000,I 20,I 20 and Exit 78,,Rear End,8,Clear,Dry,Daylight
2020-02-19T06:48:00.000,I 20,I 20 and Exit 78,,Sideswipe-Same Direction,2,Clear,Wet,Dawn
2020-10-03T20:30:00.000,I 20,I 20 and Exit 78,,Sideswipe-Same Direction,2,Clear,Dry,Dark-Lighted
2020-06-22T23:48:00.000,I 20,I 20 and Exit 78,,Sideswipe-Same Direction,2,Clear,Wet,Dark-Not Lighted
2020-02-24T06:15:00.000,I 20,I 20 and Exit 78,,Not a Collision with Motor Vehicle,1,Rain,Wet,Dark-Lighted
2020-01-19T15:40:00.000,I 20,I 20 and Exit 78,,Angle Crash,2,Clear,Dry,Daylight
2020-11-19T08:03:00.000,I 20,I 20 and Exit 78,,Sideswipe-Same Direction,3,Clear,Dry,Daylight
2020-04-08T18:30:00.000,I 20,I 20 and Exit 78,,Angle Crash,2,Clear,Dry,Daylight
2021-09-16T20:43:00.000,I 20,I 20 and Exit 78,,Not a Collision with Motor Vehicle,1,Clear,Wet,Dark-Not Lighted
2021-07-05T02:41:00.000,I 20,I 20 and Exit 78,,Rear End,2,Clear,Dry,Dark-Lighted
2021-10-21T07:56:00.000,I 20,I 20 and Exit 78,,Sideswipe-Same Direction,2,Clear,Dry,Daylight
2022-02-03T22:36:00.000,I 20,I 20 and Exit 78,,Not a Collision with Motor Vehicle,1,Rain,Wet,Dark-Lighted
2022-12-01T20:06:00.000,I 20,I 20 and Exit 78,,Sideswipe-Same Direction,2,Clear,Dry,Dark-Lighted
2022-10-19T00:00:00.000,I 20,I 20 and Exit 78,,Sideswipe-Same Direction,2,Clear,Dry,Dark-Lighted
2022-07-01T03:30:00.000,I 20,I 20 and Exit 78,,Not a Collision with Motor Vehicle,1,Clear,Dry,Dark-Lighted
2022-04-10T22:38:00.000,I 20,I 20 and Exit 78,,Sideswipe-Same Direction,2,Clear,Dry,Dark-Lighted
2022-04-13T01:36:00.000,I 20,I 20 and Exit 78,,Rear End,2,Clear,Dry,Dark-Lighted
2022-05-14T22:15:00.000,I 20,I 20 and Exit 78,,Sideswipe-Same Direction,2,Clear,Dry,Dark-Not Lighted
2021-12-15T13:15:00.000,I 20,I 20 and Exit 78,,Angle Crash,2,Clear,Dry,Daylight
2022-06-03T19:07:00.000,I 20,I 20 and Exit 78,,Rear End,2,Clear,Dry,Daylight
2022-02-04T01:45:00.000,I 20,I 20 and Exit 78,,Sideswipe-Same Direction,2,Rain,Wet,Dark-Lighted
2022-07-09T10:12:00.000,I 20,I 20 and Exit 78,,Sideswipe-Same Direction,2,Rain,Wet,Daylight
2022-06-03T23:08:00.000,I 20,I 20 and Exit 78,,Sideswipe-Same Direction,2,Clear,Dry,Dark-Lighted
2024-08-15T17:40:00.000,I 20,I 20 and Exit 78,,Rear End,3,Clear,Dry,Daylight
2024-08-12T05:48:00.000,I 20,I 20 and Exit 78,,Sideswipe-Same Direction,2,Clear,Dry,Dark-Lighted
2024-11-08T17:58:00.000,I 20,I 20 and Exit 78,,Not a Collision with Motor Vehicle,1,Clear,Dry,Dark-Not Lighted
2024-12-03T15:40:00.000,I 20,I 20 and Exit 78,,Not a Collision with Motor Vehicle,2,Clear,Dry,Daylight
2024-11-07T07:22:00.000,I 20,I 20 and Exit 78,,Sideswipe-Same Direction,2,Cloudy,Wet,Dawn
2023-08-20T21:40:00.000,I 20,I 20 and Exit 78,,Sideswipe-Same Direction,2,Clear,Dry,Dark-Not Lighted
2023-07-22T14:30:00.000,I 20,I 20 and Exit 78,,Angle Crash,2,Clear,Dry,Daylight
2024-12-07T17:56:00.000,I 20,I 20 and Exit 78,,Not a Collision with Motor Vehicle,2,Clear,Dry,Dark-Lighted
2024-07-02T05:01:00.000,I 20,I 20 and Exit 78,,Sideswipe-Same Direction,2,Clear,Dry,Dark-Lighted
2024-12-10T03:15:00.000,I 20,I 20 and Exit 78,,Head On,3,Clear,Dry,Daylight
2024-07-21T16:00:00.000,I 20,I 20 and Exit 78,,Not a Collision with Motor Vehicle,1,Cloudy,Wet,Daylight
2024-12-21T01:55:00.000,I 20,I 20 and Exit 78,,Rear End,3,Clear,Dry,Dark-Not Lighted
2024-08-12T05:07:00.000,I 20,I 20 and Exit 78,,Angle Crash,2,Clear,Dry,Dark-Lighted
2024-04-19T15:29:00.000,I 20,I 20 and Exit 78,,Sideswipe-Same Direction,2,Clear,Dry,Daylight
2024-05-01T19:58:00.000,I 20,I 20 and Exit 78,,Rear End,2,Clear,Dry,Dusk
2024-10-28T20:27:00.000,I 20,I 20 and Exit 78,,Not a Collision with Motor Vehicle,1,Clear,Dry,Dark-Lighted
2024-11-15T14:33:00.000,I 20,I 20 and Exit 78,,Sideswipe-Same Direction,2,Clear,Dry,Daylight
2024-10-02T22:53:00.000,I 20,I 20 and Exit 78,,Angle Crash,2,Clear,Dry,Dark-Not Lighted
2024-12-04T04:20:00.000,I 20,I 20 and Exit 78,,Rear End,3,Clear,Dry,Dark-Not Lighted
2021-12-27T05:29:00.000,I 20,I 20 and Exit 75,,Sideswipe-Same Direction,2,Fog,Dry,Dark-Not Lighted
2022-11-22T17:46:00.000,I 20,I 20 and Exit 75,,Rear End,2,Clear,Dry,Dusk
2022-12-05T15:30:00.000,I 20,I 20 and Exit 75,,Not a Collision with Motor Vehicle,2,Rain,Wet,Daylight
2022-05-21T00:40:00.000,I 20,I 20 and Exit 75,,Not a Collision with Motor Vehicle,1,Clear,Dry,Dark-Not Lighted
2023-03-13T16:28:00.000,I 20,I 20 and Exit 75,,Rear End,2,Clear,Dry,Daylight
2024-05-29T01:00:00.000,I 20,I 20 and Exit 75,,Rear End,2,Clear,Dry,Dark-Lighted
2023-08-05T22:50:00.000,I 20,I 20 and Exit 75,,Sideswipe-Same Direction,2,Clear,Dry,Dark-Not Lighted
2023-11-01T04:02:00.000,I 20,I 20 and Exit 74 Evans Mill Rd,,Not a Collision with Motor Vehicle,1,Clear,Dry,Dark-Not Lighted
2023-10-25T07:00:00.000,I 20,I 20 and Exit 74,,Sideswipe-Same Direction,2,Clear,Dry,Daylight
2022-06-26T01:00:00.000,I 20,I 20 and Exit 74,,Sideswipe-Same Direction,2,Clear,Dry,Dark-Not Lighted
2022-06-05T00:07:00.000,I 20,I 20 and Exit 74,,Rear End,2,Clear,Dry,Dark-Not Lighted
2022-04-10T20:45:00.000,I 20,I 20 and Exit 74,,Not a Collision with Motor Vehicle,1,Clear,Dry,Dark-Not Lighted
2022-09-19T07:40:00.000,I 20,I 20 and Exit 74,,Rear End,2,Clear,Dry,Daylight
2024-11-04T23:05:00.000,I 20,I 20 and Exit 74,,Not a Collision with Motor Vehicle,1,Clear,Dry,Dark-Not Lighted
2023-04-11T22:55:00.000,I 20,I 20 and Exit 74,,Sideswipe-Same Direction,2,Clear,Dry,Dark-Not Lighted
2024-10-14T16:21:00.000,I 20,I 20 and Exit 74,,Sideswipe-Same Direction,2,Clear,Dry,Daylight
2024-06-09T02:44:00.000,I 20,I 20 and Exit 74,,Angle Crash,5,Clear,Dry,Dark-Not Lighted
2024-01-02T22:30:00.000,I 20,I 20 and Exit 74,,Rear End,2,Clear,Dry,Dark-Not Lighted
2024-04-06T19:26:00.000,I 20,I 20 and Exit 74,,Not a Collision with Motor Vehicle,1,Clear,Dry,Dark-Not Lighted
2024-11-03T22:59:00.000,I 20,I 20 and Exit 74,,Rear End,2,Clear,Dry,Dark-Not Lighted
2024-03-08T23:48:00.000,I 20,I 20 and Exit 71 Panola Rd,,Rear End,2,Rain,Wet,Dark-Not Lighted
2024-03-09T03:00:00.000,I 20,I 20 and Exit 71 Panola Rd,,Angle Crash,2,Rain,Wet,Dark-Lighted
2023-11-05T11:04:00.000,I 20,I 20 and Exit 71,,Rear End,3,Clear,Dry,Daylight
2023-06-24T13:17:00.000,I 20,I 20 and Exit 71,,Sideswipe-Same Direction,2,Clear,Dry,Daylight
2023-12-17T23:40:00.000,I 20,I 20 and Exit 71,,Rear End,2,Clear,Dry,Dark-Not Lighted
2023-12-09T11:45:00.000,I 20,I 20 and Exit 71,,Rear End,3,Cloudy,Wet,Daylight
2024-03-19T23:40:00.000,I 20,I 20 and Exit 71,,Rear End,2,Clear,Dry,Dark-Not Lighted
2022-12-06T07:55:00.000,I 20,I 20 and Exit 71,,Sideswipe-Same Direction,2,Rain,Wet,Daylight
2024-08-28T22:49:00.000,I 20,I 20 and Exit 71,,Sideswipe-Same Direction,2,Clear,Dry,Dark-Not Lighted
2024-05-18T21:21:00.000,I 20,I 20 and Exit 71,,Rear End,2,Rain,Wet,Daylight
2024-03-05T06:15:00.000,I 20,I 20 and Exit 71,,Rear End,2,Cloudy,Dry,Daylight
2024-10-14T16:11:00.000,I 20,I 20 and Exit 71,,Rear End,2,Clear,Dry,Daylight
2024-06-03T07:45:00.000,I 20,I 20 and Exit 71,,Rear End,2,Clear,Dry,Daylight
2024-07-24T11:06:00.000,I 20,I 20 and Exit 71,,Rear End,2,Clear,Dry,Daylight
2024-11-11T21:08:00.000,I 20,I 20 and Exit 71,,Rear End,2,Clear,Dry,Dark-Not Lighted
2023-04-08T23:56:00.000,I 20,I 20 and Exit 71,,Rear End,2,Clear,Dry,Dark-Not Lighted
2024-07-18T13:40:00.000,I 20,I 20 and Exit 71,,Angle Crash,2,Clear,Dry,Daylight
2024-11-17T16:00:00.000,I 20,I 20 and Exit 71,,Rear End,2,Clear,Dry,Daylight
2023-04-19T06:07:00.000,I 20,I 20 and Exit 71,,Rear End,2,Clear,Dry,Daylight
2023-09-26T11:00:00.000,I 20,I 20 and Exit 71,,Sideswipe-Same Direction,2,Clear,Dry,Daylight
2023-12-11T17:04:00.000,I 20,I 20 and Exit 71,,Rear End,2,Clear,Dry,Dark-Lighted
2023-06-23T23:40:00.000,I 20,I 20 and Exit 71,,Sideswipe-Same Direction,2,Clear,Dry,Dark-Lighted
2023-12-06T09:00:00.000,I 20,I 20 and Exit 71,,Rear End,2,Clear,Dry,Daylight
2023-12-17T23:40:00.000,I 20,I 20 and Exit 71,,Rear End,2,Clear,Dry,Dark-Not Lighted
2024-12-21T07:58:00.000,I 20,I 20 and Exit 71,,Rear End,3,Clear,Dry,Daylight
2024-07-06T11:44:00.000,I 20,I 20 and Exit 71,,Not a Collision with Motor Vehicle,2,Clear,Dry,Daylight
2024-10-09T10:00:00.000,I 20,I 20 and Exit 71,,Sideswipe-Same Direction,2,Clear,Dry,Daylight
2024-11-25T05:30:00.000,I 20,I 20 and Exit 71,,Sideswipe-Same Direction,2,Clear,Dry,Dark-Not Lighted
2024-05-11T19:16:00.000,I 20,I 20 and Exit 71,,Rear End,3,Clear,Dry,Daylight
2024-11-25T15:11:00.000,I 20,I 20 and Exit 71,,Rear End,2,Clear,Dry,Daylight
2024-05-21T13:10:00.000,I 20,I 20 and Exit 71,,Sideswipe-Same Direction,2,Clear,Dry,Daylight
2024-12-03T14:45:00.000,I 20,I 20 and Exit 71,,Sideswipe-Same Direction,3,Clear,Dry,Daylight
2024-06-28T02:54:00.000,I 20,I 20 and Exit 71,,Sideswipe-Same Direction,2,Clear,Dry,Dark-Not Lighted
2024-04-11T18:30:00.000,I 20,I 20 and Exit 71,,Sideswipe-Same Direction,2,Clear,Dry,Dark-Not Lighted
2024-11-19T00:00:00.000,I 20,I 20 and Exit 71,,Sideswipe-Same Direction,2,Clear,Wet,Dark-Not Lighted
2024-12-03T13:25:00.000,I 20,I 20 and Exit 71,,Sideswipe-Same Direction,2,Clear,Dry,Daylight
2024-10-23T09:31:00.000,I 20,I 20 and Exit 71,,Sideswipe-Same Direction,2,Clear,Dry,Daylight
2024-06-22T21:03:00.000,I 20,I 20 and Exit 71,,Not a Collision with Motor Vehicle,1,Clear,Dry,Daylight
2024-05-09T09:54:00.000,I 20,I 20 and Exit 71,,Rear End,2,Cloudy,Wet,Daylight
2024-12-14T10:10:00.000,I 20,I 20 and Exit 71,,Rear End,2,Clear,Dry,Daylight
2024-04-18T10:17:00.000,I 20,I 20 and Exit 71,,Rear End,2,Clear,Dry,Daylight
2024-05-20T18:59:00.000,I 20,I 20 and Exit 71,,Sideswipe-Same Direction,2,Clear,Dry,Daylight
2024-08-15T00:01:00.000,I 20,I 20 and Exit 71,,Rear End,3,Clear,Dry,Dark-Not Lighted