Date and Time,Roadway (From Crash Report),Intersection Name (from Crash Report),KABCO Severity,Manner of Collision (Crash Level) ,# of Vehicles per crash ,Weather Conditions (Crash Level),Surface Condition (Crash Level) ,Light Conditions (Crash Level)
2024-06-03T17:38:00.000,I 20,I 20 and Exit 200,,Sideswipe-Same Direction,2,Clear,Dry,Daylight
2024-07-03T16:58:00.000,I 20,I 20 and Exit 200,,Rear End,2,Clear,Dry,Daylight
2024-06-28T15:28:00.000,I 20,I 20 and Exit 200,,Rear End,2,Clear,Dry,Daylight
2024-11-25T08:23:00.000,I 20,I 20 and Exit 200,,Not a Collision with Motor Vehicle,1,Clear,Dry,Daylight
2024-10-10T18:44:00.000,I 20,I 20 and Exit 200,,Rear End,2,Clear,Dry,Dark-Lighted
2024-11-05T07:01:00.000,I 20,I 20 and Exit 199 Washington Rd,,Rear End,2,Rain,Wet,Daylight
2021-05-12T08:55:00.000,I 20,I 20 and Exit 199 Sign,,Not a Collision with Motor Vehicle,1,Rain,Wet,Daylight
2024-07-18T07:54:00.000,I 20,I 20 and Exit 199 On Rp,,Sideswipe-Same Direction,2,Clear,Dry,Daylight
2024-02-23T17:15:00.000,I 20,I 20 and Exit 199 Off Ramp Washington Rd,,Rear End,3,Cloudy,Dry,Daylight
2021-06-17T17:31:00.000,I 20,I 20 and Exit 199,,Sideswipe-Same Direction,2,Clear,Dry,Daylight
2021-03-19T22:08:00.000,I 20,I 20 and Exit 199,,Not a Collision with Motor Vehicle,1,Clear,Dry,Dark-Lighted
2023-12-29T15:36:00.000,I 20,I 20 and Exit 199,,Rear End,3,Cloudy,Dry,Daylight
2023-10-10T15:31:00.000,I 20,I 20 and Exit 199,,Rear End,2,Clear,Dry,Daylight
2020-03-12T20:58:00.000,I 20,I 20 and Exit 199,,Rear End,2,Clear,Dry,Dark-Lighted
2020-09-04T18:26:00.000,I 20,I 20 and Exit 199,,Rear End,2,Clear,Dry,Daylight
2020-11-19T17:13:00.000,I 20,I 20 and Exit 199,,Rear End,3,Clear,Dry,Dusk
2020-02-21T17:11:00.000,I 20,I 20 and Exit 199,,Sideswipe-Same Direction,2,Clear,Dry,Daylight
2020-05-02T23:30:00.000,I 20,I 20 and Exit 199,,Angle Crash,2,Clear,Dry,Dark-Lighted
2020-05-17T00:34:00.000,I 20,I 20 and Exit 199,,Rear End,2,Clear,Dry,Dark-Not Lighted
2021-03-21T03:39:00.000,I 20,I 20 and Exit 199,,Rear End,2,Rain,Wet,Dark-Lighted
2021-12-02T14:21:00.000,I 20,I 20 and Exit 199,,Rear End,2,Clear,Dry,Daylight
2022-01-20T19:18:00.000,I 20,I 20 and Exit 199,,Angle Crash,2,Cloudy,Wet,Dark-Lighted
2024-04-08T21:49:00.000,I 20,I 20 and Exit 199,,Sideswipe-Same Direction,2,Clear,Dry,Dark-Lighted
2024-05-09T11:13:00.000,I 20,I 20 and Exit 199,,Not a Collision with Motor Vehicle,1,Clear,Wet,Daylight
2023-07-26T08:47:00.000,I 20,I 20 and Exit 199,,Angle Crash,4,Clear,Dry,Daylight
2024-08-09T15:50:00.000,I 20,I 20 and Exit 199,,Rear End,2,Cloudy,Dry,Daylight
2024-06-03T18:18:00.000,I 20,I 20 and Exit 199,,Angle Crash,2,Clear,Dry,Daylight
2024-12-01T13:30:00.000,I 20,I 20 and Exit 199,,Rear End,2,Clear,Dry,Daylight
2024-02-16T23:31:00.000,I 20,I 20 and Exit 199,,Not a Collision with Motor Vehicle,1,Clear,Dry,Dark-Lighted
2024-09-26T17:15:00.000,I 20,I 20 and Exit 199,,Rear End,2,Severe Thunderstorm or Tornadic,Wet,Daylight
2024-12-27T18:03:00.000,I 20,I 20 and Exit 199,,Sideswipe-Same Direction,2,Clear,Dry,Dark-Not Lighted
2024-08-03T17:22:00.000,I 20,I 20 and Exit 199,,Not a Collision with Motor Vehicle,1,Rain,Wet,Daylight
2022-03-02T20:40:00.000,I 20,I 20 and Exit 197,,Angle Crash,2,Clear,Dry,Dark-Lighted
2023-02-11T16:30:00.000,I 20,I 20 and Exit 196B,,Not a Collision with Motor Vehicle,1,Rain,Wet,Dusk
2021-02-23T16:38:00.000,I 20,I 20 and Exit 196B,,Rear End,2,Clear,Dry,Daylight
2022-02-23T07:59:00.000,I 20,I 20 and Exit 196B,,Rear End,2,Clear,Dry,Daylight
2023-09-10T06:10:00.000,I 20,I 20 and Exit 196B,,Not a Collision with Motor Vehicle,1,Rain,Water (standing or moving),Dark-Not Lighted
2022-12-26T15:08:00.000,I 20,I 20 and Exit 196A-B,,Rear End,2,Clear,Dry,Daylight
2022-08-27T11:05:00.000,I 20,I 20 and Exit 196A-B,,Rear End,2,Clear,Dry,Daylight
2023-08-14T12:28:00.000,I 20,I 20 and Exit 196A-B,,Not a Collision with Motor Vehicle,2,Clear,Dry,Daylight
2024-01-07T16:00:00.000,I 20,I 20 and Exit 196A-B,,Sideswipe-Same Direction,2,Cloudy,Dry,Daylight
2020-12-03T14:00:00.000,I 20,I 20 and Exit 196-A Walton Way Ext,,Rear End,2,Clear,Dry,Daylight
2024-05-15T14:30:00.000,I 20,I 20 and Exit 196 Walton Way Ext,,Not a Collision with Motor Vehicle,1,Rain,Wet,Daylight
2024-12-06T00:00:00.000,I 20,I 20 and Exit 196 To Walton Way Ext,,Rear End,2,Clear,Dry,Daylight
2023-06-16T17:26:00.000,I 20,I 20 and Exit 196,,Rear End,3,Clear,Dry,Daylight
2023-01-16T13:10:00.000,I 20,I 20 and Exit 196,,Sideswipe-Same Direction,2,Clear,Dry,Daylight
2020-12-30T13:45:00.000,I 20,I 20 and Exit 196,,Angle Crash,2,Clear,Dry,Daylight
2020-11-27T06:06:00.000,I 20,I 20 and Exit 196,,Rear End,2,Clear,Dry,Daylight
2024-05-06T06:46:00.000,I 20,I 20 and Exit 196,,Sideswipe-Same Direction,2,Cloudy,Dry,Daylight
2021-01-07T19:31:00.000,I 20,I 20 and Exit 195,,Sideswipe-Same Direction,2,Rain,Wet,Dark-Lighted
2021-02-04T02:16:00.000,I 20,I 20 and Exit 195,,Sideswipe-Same Direction,2,Clear,Dry,Dark-Lighted
2023-11-25T06:46:00.000,I 20,I 20 and Exit 195,,Sideswipe-Same Direction,2,Clear,Dry,Daylight
2023-01-03T18:48:00.000,I 20,I 20 and Exit 195,,Sideswipe-Same Direction,2,Cloudy,Dry,Dark-Lighted
2023-11-03T18:03:00.000,I 20,I 20 and Exit 195,,Sideswipe-Same Direction,2,Clear,Dry,Daylight
2020-11-18T13:55:00.000,I 20,I 20 and Exit 195,,Rear End,2,Clear,Dry,Daylight
2021-09-16T00:35:00.000,I 20,I 20 and Exit 195,,Not a Collision with Motor Vehicle,1,Rain,Wet,Dark-Not Lighted
2021-12-29T23:33:00.000,I 20,I 20 and Exit 195,,Rear End,2,Cloudy,Wet,Dark-Not Lighted
2022-02-18T18:14:00.000,I 20,I 20 and Exit 195,,Rear End,3,Clear,Dry,Dusk
2024-05-23T08:32:00.000,I 20,I 20 and Exit 195,,Sideswipe-Same Direction,3,Clear,Dry,Daylight
2024-12-10T14:23:00.000,I 20,I 20 and Exit 195,,Not a Collision with Motor Vehicle,1,Cloudy,Wet,Daylight
2023-02-18T18:49:00.000,I 20,I 20 and Exit 195,,Sideswipe-Same Direction,3,Clear,Dry,Dark-Not Lighted
2024-05-07T13:14:00.000,I 20,I 20 and Exit 195,,Not a Collision with Motor Vehicle,2,Clear,Dry,Daylight
2024-05-07T12:40:00.000,I 20,I 20 and Exit 195,,Rear End,2,Clear,Dry,Daylight
2024-08-16T00:00:00.000,I 20,I 20 and Exit 195,,Rear End,2,Clear,Dry,Dark-Lighted
2023-03-21T15:53:00.000,I 20,I 20 and Exit 190 On Rp,,Sideswipe-Same Direction,2,Clear,Dry,Daylight
2023-05-21T20:40:00.000,I 20,I 20 and Exit 190 Lewiston Rd,,Not a Collision with Motor Vehicle,1,Clear,Dry,Dark-Not Lighted
2021-07-03T17:03:00.000,I 20,I 20 and Exit 190 Horizon S Pkwy,,Rear End,2,Clear,Dry,Daylight
2024-10-25T16:46:00.000,I 20,I 20 and Exit 190,,Rear End,2,Clear,Dry,Daylight
2024-10-10T15:30:00.000,I 20,I 20 and Exit 19 Off Rp,,Rear End,2,Clear,Dry,Daylight
2024-01-12T12:10:00.000,I 20,I 20 and Exit 19 Exit Rp,,Not a Collision with Motor Vehicle,1,Rain,Wet,Daylight
2021-01-27T11:05:00.000,I 20,I 20 and Exit 19 E On Rp,,Angle Crash,2,Cloudy,Wet,Daylight
2024-12-29T15:25:00.000,I 20,I 20 and Exit 19 E Bound On Rp,,Sideswipe-Same Direction,2,Cloudy,Dry,Daylight
2022-08-17T18:25:00.000,I 20,I 20 and Exit 19   Hwy 113,,Sideswipe-Same Direction,1,Clear,Dry,Daylight
2021-01-01T10:07:00.000,I 20,I 20 and Exit 19,,Angle Crash,1,Rain,Wet,Daylight
2021-07-10T16:35:00.000,I 20,I 20 and Exit 19,,Sideswipe-Same Direction,2,Cloudy,Dry,Daylight
2023-07-29T05:20:00.000,I 20,I 20 and Exit 19,,Rear End,2,Clear,Dry,Dark-Not Lighted
2020-10-09T07:49:00.000,I 20,I 20 and Exit 19,,Sideswipe-Same Direction,2,Cloudy,Dry,Daylight
2020-04-15T06:06:00.000,I 20,I 20 and Exit 19,,Angle Crash,1,Clear,Dry,Dark-Not Lighted
2020-12-24T06:33:00.000,I 20,I 20 and Exit 19,,Not a Collision with Motor Vehicle,1,Rain,Wet,Dark-Not Lighted
2022-03-07T00:13:00.000,I 20,I 20 and Exit 19,,Rear End,2,Clear,Dry,Dark-Not Lighted
2022-05-11T13:53:00.000,I 20,I 20 and Exit 19,,Rear End,2,Clear,Dry,Daylight
2024-07-24T16:02:00.000,I 20,I 20 and Exit 19,,Rear End,2,Cloudy,Dry,Daylight
2024-02-24T01:11:00.000,I 20,I 20 and Exit 19,,(None),4,(None),(None),(None)
2021-02-12T00:00:00.000,I 20,I 20 and Exit 183 Offramp,,Not a Collision with Motor Vehicle,1,Rain,Wet,Dark-Not Lighted
2023-04-01T14:05:00.000,I 20,I 20 and Exit 183,,Sideswipe-Same Direction,2,Clear,Dry,Daylight
2022-07-16T18:49:00.000,I 20,I 20 and Exit 175,,Rear End,3,Clear,Dry,Daylight
2022-09-15T21:58:00.000,I 20,I 20 and Exit 172,,Rear End,2,Clear,Dry,Dark-Not Lighted
2021-06-12T01:30:00.000,I 20,I 20 and Exit 138,,Head On,1,Cloudy,Wet,Dark-Not Lighted
2021-12-27T07:58:00.000,I 20,I 20 and Exit 121 Seven Islands Rd,,Rear End,2,Fog,Wet,Dawn
2023-04-23T17:14:00.000,I 20,I 20 and Exit 121 Seven Island Rd,,Rear End,5,Clear,Dry,Daylight
2021-09-14T20:31:00.000,I 20,I 20 and Exit 114  Off Rp,,Rear End,2,Clear,Dry,Dark-Lighted
2023-10-15T20:23:00.000,I 20,I 20 and Exit 11 Off Rp,,Rear End,2,Clear,Dry,Dark-Lighted
2022-03-16T17:55:00.000,I 20,I 20 and Exit 11 Off Rp,,Not a Collision with Motor Vehicle,1,Rain,Wet,Daylight
2023-07-23T15:12:00.000,I 20,I 20 and Exit 11,,Sideswipe-Same Direction,2,Clear,Dry,Daylight
2020-07-06T15:15:00.000,I 20,I 20 and Exit 11,,Not a Collision with Motor Vehicle,1,Rain,Wet,Daylight
2020-02-19T06:41:00.000,I 20,I 20 and Exit 11,,Not a Collision with Motor Vehicle,1,Rain,Wet,Dark-Lighted
2022-11-30T12:30:00.000,I 20,I 20 and Exit 11,,Not a Collision with Motor Vehicle,1,Clear,Dry,Daylight
2021-11-11T06:40:00.000,I 20,I 20 and Exit 11,,Sideswipe-Same Direction,2,Clear,Dry,Dawn
2022-08-22T07:15:00.000,I 20,I 20 and Exit 11,,Rear End,2,Cloudy,Dry,Daylight
2023-08-06T16:35:00.000,I 20,I 20 and Exit 11,,Not a Collision with Motor Vehicle,1,Rain,Wet,Daylight
2024-07-23T18:53:00.000,I 20,I 20 and Exit 11,,Sideswipe-Same Direction,2,Rain,Wet,Daylight
2021-08-10T11:00:00.000,I 20,I 20 and Exit 105 Newborn Rd Opas,,Sideswipe-Same Direction,2,Clear,Dry,Daylight
2020-10-18T14:05:00.000,I 20,I 20 and Exit 101 Social Cir,,Rear End,2,Clear,Dry,Daylight
2022-11-27T16:47:00.000,I 20,I 20 and Exit 101,,Rear End,2,Clear,Dry,Daylight
2024-07-09T12:50:00.000,I 20,I 20 and Exit 101,,Not a Collision with Motor Vehicle,1,Clear,Dry,Daylight
2021-03-31T16:08:00.000,I 20,I 20 and Exit 10,,Not a Collision with Motor Vehicle,1,Rain,Wet,Daylight
2023-02-17T13:34:00.000,I 20,I 20 and Exim Ramp To I285,,Rear End,2,Clear,Dry,Daylight
2023-07-12T18:20:00.000,I 20,I 20 and Ex 34,,Rear End,2,Rain,Wet,Daylight
2021-05-28T15:35:00.000,I 20,I 20 and Evas Mill Rd,,Rear End,2,Clear,Dry,Daylight
2020-07-02T18:06:00.000,I 20,I 20 and Evas Mill Rd,,Rear End,2,Clear,Dry,Daylight
2023-06-07T09:26:00.000,I 20,I 20 and Evas Mill Rd,,Sideswipe-Same Direction,2,Clear,Dry,Daylight
2021-05-13T18:30:00.000,I 20,I 20 and Evansmill Rd,,Rear End,2,Clear,Dry,Daylight
2020-05-03T16:35:00.000,I 20,I 20 and Evansmill Rd,,Angle Crash,2,Clear,Dry,Daylight
2020-10-10T21:15:00.000,I 20,I 20 and Evansmill Rd,,Not a Collision with Motor Vehicle,1,Rain,Water (standing or moving),Dark-Not Lighted
2021-05-13T18:30:00.000,I 20,I 20 and Evansmill Rd,,Rear End,3,Clear,Dry,Daylight
2021-09-07T06:18:00.000,I 20,I 20 and Evans Ml,,Rear End,2,Clear,Dry,Dark-Not Lighted
2021-07-15T05:40:00.000,I 20,I 20 and Evans Mills Rd Ext Rp,,Rear End,2,Clear,Dry,Dark-Not Lighted
2021-11-19T15:03:00.000,I 20,I 20 and Evans Mills Rd,,Rear End,2,Clear,Dry,Daylight
2022-06-02T00:05:00.000,I 20,I 20 and Evans Milll Rd,,Not a Collision with Motor Vehicle,1,Clear,Dry,Dark-Lighted
2022-11-11T19:06:00.000,I 20,I 20 and Evans Mill Road Opas,,Rear End,2,Cloudy,Wet,Dark-Not Lighted
2022-01-07T09:22:00.000,I 20,I 20 and Evans Mill Road Entry Rp,,Rear End,2,Clear,Dry,Daylight
2021-12-17T19:44:00.000,I 20,I 20 and Evans Mill Rd.,,Rear End,2,Clear,Dry,Dark-Not Lighted
2022-04-07T18:20:00.000,I 20,I 20 and Evans Mill Rd.,,Rear End,2,Clear,Dry,Daylight
2022-02-16T19:42:00.000,I 20,I 20 and Evans Mill Rd.,,Not a Collision with Motor Vehicle,6,Clear,Dry,Dark-Not Lighted
2024-02-16T15:50:00.000,I 20,I 20 and Evans Mill Rd.,,Rear End,2,Clear,Dry,Daylight
2024-01-23T14:12:00.000,I 20,I 20 and Evans Mill Rd.,,Sideswipe-Same Direction,2,Cloudy,Dry,Daylight
2024-08-17T22:00:00.000,I 20,I 20 and Evans Mill Rd.,,Rear End,2,Clear,Dry,Dark-Lighted
2024-07-11T15:45:00.000,I 20,I 20 and Evans Mill Rd.,,Rear End,2,Clear,Dry,Daylight
2024-03-22T12:45:00.000,I 20,I 20 and Evans Mill Rd.,,Rear End,2,Rain,Dry,Daylight
2024-10-18T08:00:00.000,I 20,I 20 and Evans Mill Rd.,,Sideswipe-Same Direction,3,Clear,Dry,Daylight
2024-11-01T19:01:00.000,I 20,I 20 and Evans Mill Rd.,,Rear End,2,Clear,Dry,Dark-Lighted
2024-07-30T14:33:00.000,I 20,I 20 and Evans Mill Rd.,,Angle Crash,2,Clear,Dry,Daylight
2024-02-29T15:41:00.000,I 20,I 20 and Evans Mill Rd.,,Rear End,2,Clear,Dry,Daylight
2024-06-21T17:23:00.000,I 20,I 20 and Evans Mill Rd.,,Angle Crash,2,Clear,Dry,Daylight
2024-11-01T20:18:00.000,I 20,I 20 and Evans Mill Rd.,,Rear End,2,Clear,Dry,Dark-Lighted
2021-02-28T04:13:00.000,I 20,I 20 and Evans Mill Rd Exit Rp,,Sideswipe-Same Direction,2,Cloudy,Dry,Dark-Not Lighted
2020-10-30T11:31:00.000,I 20,I 20 and Evans Mill Rd Exit Rp,,Rear End,2,Clear,Dry,Daylight
2022-06-03T03:05:00.000,I 20,I 20 and Evans Mill Rd Exit Rp,,Angle Crash,2,Clear,Dry,Dark-Not Lighted
2022-06-27T01:37:00.000,I 20,I 20 and Evans Mill Rd Exit Rp,,Sideswipe-Same Direction,2,Cloudy,Dry,Dark-Not Lighted
2022-11-05T00:47:00.000,I 20,I 20 and Evans Mill Rd Exit Rp,,Sideswipe-Same Direction,3,Clear,Dry,Dark-Not Lighted
2022-06-03T03:05:00.000,I 20,I 20 and Evans Mill Rd Exit Rp,,Angle Crash,2,Clear,Dry,Dark-Not Lighted
2023-02-13T23:12:00.000,I 20,I 20 and Evans Mill Rd Exit Rp,,Not a Collision with Motor Vehicle,1,Clear,Dry,Dark-Not Lighted
2024-09-24T06:30:00.000,I 20,I 20 and Evans Mill Rd Exit Rp,,Rear End,2,Clear,Dry,Dawn
2024-06-09T04:03:00.000,I 20,I 20 and Evans Mill Rd Exit Rp,,Rear End,2,Clear,Dry,Dark-Lighted
2024-10-10T23:35:00.000,I 20,I 20 and Evans Mill Rd Exit Rp,,Not a Collision with Motor Vehicle,1,Clear,Dry,Dark-Lighted
2022-04-24T10:45:00.000,I 20,I 20 and Evans Mill Rd Exit Rmp,,Rear End,2,Clear,Dry,Daylight
2022-05-13T17:08:00.000,I 20,I 20 and Evans Mill Rd Exit Ramp Exit 74,,Rear End,2,Clear,Dry,Daylight
2023-12-15T16:19:00.000,I 20,I 20 and Evans Mill Rd Exit 74,,Rear End,3,Clear,Dry,Daylight
2024-10-20T20:22:00.000,I 20,I 20 and Evans Mill Rd Exit 74,,Angle Crash,2,Clear,Dry,Daylight
2024-09-08T21:40:00.000,I 20,I 20 and Evans Mill Rd Exit 74,,Angle Crash,2,Clear,Dry,Dark-Not Lighted
2024-11-18T19:02:00.000,I 20,I 20 and Evans Mill Rd Exit 74,,Angle Crash,2,Clear,Dry,Dark-Not Lighted
2023-10-21T15:44:00.000,I 20,I 20 and Evans Mill Rd Exit 74,,Angle Crash,2,Clear,Dry,Daylight
2023-09-29T18:06:00.000,I 20,I 20 and Evans Mill Rd Exit 74,,Angle Crash,2,Clear,Dry,Dark-Not Lighted
2024-12-28T15:37:00.000,I 20,I 20 and Evans Mill Rd Exit 74,,Angle Crash,2,Rain,Wet,Daylight
2024-07-31T19:33:00.000,I 20,I 20 and Evans Mill Rd Exit 74,,Rear End,2,Clear,Dry,Daylight
2024-11-24T14:10:00.000,I 20,I 20 and Evans Mill Rd Exit 74,,Rear End,2,Clear,Dry,Daylight
2024-08-23T17:47:00.000,I 20,I 20 and Evans Mill Rd Exit 74,,Angle Crash,2,Clear,Dry,Daylight
2024-04-06T08:51:00.000,I 20,I 20 and Evans Mill Rd Exit 74,,Angle Crash,2,Clear,Dry,Daylight
2024-07-13T22:19:00.000,I 20,I 20 and Evans Mill Rd Exit 74,,Not a Collision with Motor Vehicle,1,Clear,Dry,Dark-Lighted
2024-10-31T17:10:00.000,I 20,I 20 and Evans Mill Rd Exit 74,,Not a Collision with Motor Vehicle,1,Clear,Dry,Daylight
2023-09-11T07:45:00.000,I 20,I 20 and Evans Mill Rd Exit,,Rear End,2,Clear,Dry,Daylight
2021-07-25T00:30:00.000,I 20,I 20 and Evans Mill Rd Exit,,Sideswipe-Same Direction,2,Cloudy,Dry,Dark-Not Lighted
2023-01-27T22:46:00.000,I 20,I 20 and Evans Mill Rd Exit,,Sideswipe-Same Direction,2,Clear,Dry,Dark-Not Lighted
2023-02-28T07:38:00.000,I 20,I 20 and Evans Mill Rd Exit,,Rear End,3,Clear,Dry,Daylight
2023-02-16T23:33:00.000,I 20,I 20 and Evans Mill Rd Entry Rp,,Sideswipe-Same Direction,2,Clear,Dry,Dark-Not Lighted
2022-01-14T13:05:00.000,I 20,I 20 and Evans Mill Rd Entry Rp,,Sideswipe-Same Direction,2,Clear,Dry,Daylight
2021-06-07T23:45:00.000,I 20,I 20 and Evans Mill Rd,,Sideswipe-Same Direction,2,Clear,Dry,Dark-Not Lighted
2021-05-19T09:10:00.000,I 20,I 20 and Evans Mill Rd,,Not a Collision with Motor Vehicle,1,Clear,Dry,Daylight
2021-03-11T07:00:00.000,I 20,I 20 and Evans Mill Rd,,Rear End,2,Clear,Dry,Daylight
2021-02-07T00:00:00.000,I 20,I 20 and Evans Mill Rd,,Angle Crash,2,Clear,Dry,Daylight
2021-07-20T18:25:00.000,I 20,I 20 and Evans Mill Rd,,Rear End,2,Cloudy,Wet,Daylight
2021-12-18T13:20:00.000,I 20,I 20 and Evans Mill Rd,,Sideswipe-Same Direction,2,Rain,Wet,Daylight
2021-11-09T23:30:00.000,I 20,I 20 and Evans Mill Rd,,Rear End,2,Clear,Dry,Dark-Lighted
2021-09-10T00:00:00.000,I 20,I 20 and Evans Mill Rd,,Rear End,3,Clear,Dry,Daylight
2021-07-12T08:30:00.000,I 20,I 20 and Evans Mill Rd,,Sideswipe-Same Direction,2,Clear,Dry,Daylight
2021-12-12T16:55:00.000,I 20,I 20 and Evans Mill Rd,,Sideswipe-Same Direction,2,Clear,Dry,Daylight
2021-03-21T20:21:00.000,I 20,I 20 and Evans Mill Rd,,Sideswipe-Same Direction,3,Clear,Dry,Dark-Not Lighted
2021-04-17T11:58:00.000,I 20,I 20 and Evans Mill Rd,,Sideswipe-Same Direction,2,Clear,Dry,Daylight
2021-04-06T19:00:00.000,I 20,I 20 and Evans Mill Rd,,Not a Collision with Motor Vehicle,2,Clear,Dry,Daylight
2021-02-22T08:40:00.000,I 20,I 20 and Evans Mill Rd,,Sideswipe-Same Direction,2,Rain,Wet,Daylight
2021-06-01T15:00:00.000,I 20,I 20 and Evans Mill Rd,,Sideswipe-Same Direction,2,Clear,Dry,Daylight
2021-02-01T16:48:00.000,I 20,I 20 and Evans Mill Rd,,Sideswipe-Same Direction,2,Cloudy,Dry,Daylight
2021-02-03T11:00:00.000,I 20,I 20 and Evans Mill Rd,,Angle Crash,2,Clear,Dry,Daylight
2021-03-14T13:40:00.000,I 20,I 20 and Evans Mill Rd,,Angle Crash,3,Clear,Dry,Daylight
2021-05-24T08:40:00.000,I 20,I 20 and Evans Mill Rd,,Rear End,3,Clear,Dry,Daylight
2021-04-24T11:29:00.000,I 20,I 20 and Evans Mill Rd,,Rear End,2,Cloudy,Wet,Daylight
2021-05-01T20:12:00.000,I 20,I 20 and Evans Mill Rd,,Rear End,2,Clear,Dry,Dark-Lighted
2021-01-12T06:15:00.000,I 20,I 20 and Evans Mill Rd,,Sideswipe-Same Direction,2,Clear,Wet,Dark-Lighted
2021-09-05T19:58:00.000,I 20,I 20 and Evans Mill Rd,,Rear End,2,Clear,Dry,Dark-Not Lighted
2021-07-08T19:50:00.000,I 20,I 20 and Evans Mill Rd,,Not a Collision with Motor Vehicle,1,Clear,Dry,Daylight
2021-09-24T16:48:00.000,I 20,I 20 and Evans Mill Rd,,Rear End,4,Clear,Dry,Daylight
2021-07-10T12:31:00.000,I 20,I 20 and Evans Mill Rd,,Rear End,2,Clear,Dry,Daylight
2021-07-06T16:46:00.000,I 20,I 20 and Evans Mill Rd,,Sideswipe-Same Direction,2,Clear,Dry,Daylight
2021-07-29T17:30:00.000,I 20,I 20 and Evans Mill Rd,,Angle Crash,2,Clear,Dry,Daylight
2021-07-08T19:19:00.000,I 20,I 20 and Evans Mill Rd,,Sideswipe-Same Direction,2,Clear,Dry,Daylight
2021-09-20T21:00:00.000,I 20,I 20 and Evans Mill Rd,,Rear End,2,Rain,Wet,Dark-Not Lighted
2021-07-16T00:00:00.000,I 20,I 20 and Evans Mill Rd,,Not a Collision with Motor Vehicle,1,Clear,Dry,Daylight
2021-07-08T15:10:00.000,I 20,I 20 and Evans Mill Rd,,Rear End,2,Clear,Dry,Daylight
2021-07-05T13:23:00.000,I 20,I 20 and Evans Mill Rd,,Rear End,2,Clear,Dry,Daylight
2021-08-19T20:14:00.000,I 20,I 20 and Evans Mill Rd,,Not a Collision with Motor Vehicle,1,Clear,Dry,Dark-Not Lighted
2021-07-04T10:05:00.000,I 20,I 20 and Evans Mill Rd,,Rear End,2,Clear,Dry,Daylight
2021-11-05T19:40:00.000,I 20,I 20 and Evans Mill Rd,,Sideswipe-Same Direction,2,Clear,Dry,Dark-Not Lighted
2021-12-10T17:00:00.000,I 20,I 20 and Evans Mill Rd,,Rear End,3,Cloudy,Wet,Dark-Not Lighted
2021-09-24T20:13:00.000,I 20,I 20 and Evans Mill Rd,,Sideswipe-Same Direction,2,Clear,Dry,Dark-Not Lighted
2021-12-31T14:57:00.000,I 20,I 20 and Evans Mill Rd,,Rear End,2,Cloudy,Wet,Daylight
2021-11-09T10:04:00.000,I 20,I 20 and Evans Mill Rd,,Rear End,2,Clear,Dry,Daylight
2021-09-22T18:20:00.000,I 20,I 20 and Evans Mill Rd,,Sideswipe-Same Direction,2,Clear,Dry,Daylight
2021-11-12T18:31:00.000,I 20,I 20 and Evans Mill Rd,,Rear End,2,Clear,Dry,Dark-Not Lighted
2021-11-17T18:25:00.000,I 20,I 20 and Evans Mill Rd,,Rear End,2,Clear,Dry,Daylight
2021-09-24T14:12:00.000,I 20,I 20 and Evans Mill Rd,,Rear End,3,Clear,Dry,Daylight
2021-11-11T08:30:00.000,I 20,I 20 and Evans Mill Rd,,Sideswipe-Same Direction,3,Cloudy,Dry,Daylight
2021-04-11T18:59:00.000,I 20,I 20 and Evans Mill Rd,,Rear End,3,Clear,Dry,Daylight
2021-02-27T08:40:00.000,I 20,I 20 and Evans Mill Rd,,Angle Crash,2,Clear,Dry,Daylight
2021-04-01T00:00:00.000,I 20,I 20 and Evans Mill Rd,,Rear End,2,Clear,Dry,Daylight
2021-04-26T08:40:00.000,I 20,I 20 and Evans Mill Rd,,Rear End,3,Clear,Dry,Daylight
2021-06-07T19:30:00.000,I 20,I 20 and Evans Mill Rd,,Sideswipe-Same Direction,2,Clear,Dry,Daylight
2021-04-09T19:38:00.000,I 20,I 20 and Evans Mill Rd,,Not a Collision with Motor Vehicle,1,Clear,Dry,Daylight
2021-05-27T17:37:00.000,I 20,I 20 and Evans Mill Rd,,Rear End,3,Clear,Dry,Daylight
2021-06-18T14:20:00.000,I 20,I 20 and Evans Mill Rd,,Rear End,2,Clear,Dry,Daylight
2021-01-26T06:30:00.000,I 20,I 20 and Evans Mill Rd,,Sideswipe-Same Direction,3,Rain,Wet,Dark-Not Lighted
2021-09-23T17:10:00.000,I 20,I 20 and Evans Mill Rd,,Rear End,2,Clear,Dry,Daylight
2021-09-01T22:00:00.000,I 20,I 20 and Evans Mill Rd,,Not a Collision with Motor Vehicle,1,Clear,Dry,Dark-Not Lighted
2021-10-23T05:55:00.000,I 20,I 20 and Evans Mill Rd,,Angle Crash,2,Clear,Dry,Dark-Not Lighted
2021-12-02T18:15:00.000,I 20,I 20 and Evans Mill Rd,,Angle Crash,2,Clear,Dry,Daylight
2021-07-24T14:37:00.000,I 20,I 20 and Evans Mill Rd,,Rear End,2,Clear,Dry,Daylight
2021-07-14T15:59:00.000,I 20,I 20 and Evans Mill Rd,,Sideswipe-Same Direction,3,Clear,Dry,Daylight
2021-12-08T07:49:00.000,I 20,I 20 and Evans Mill Rd,,Rear End,2,Clear,Dry,Daylight
2021-10-01T14:46:00.000,I 20,I 20 and Evans Mill Rd,,Rear End,2,Clear,Dry,Daylight
2021-03-27T15:20:00.000,I 20,I 20 and Evans Mill Rd,,Rear End,2,Clear,Dry,Daylight