Date and Time,Roadway (From Crash Report),Intersection Name (from Crash Report),KABCO Severity,Manner of Collision (Crash Level) ,# of Vehicles per crash ,Weather Conditions (Crash Level),Surface Condition (Crash Level) ,Light Conditions (Crash Level)
2021-06-27T00:23:00.000,I 20,I 20 and Evans Mill Rd,,Sideswipe-Same Direction,2,Clear,Dry,Dark-Not Lighted
2021-03-19T00:00:00.000,I 20,I 20 and Evans Mill Rd,,Rear End,2,Clear,Dry,Daylight
2021-03-13T08:13:00.000,I 20,I 20 and Evans Mill Rd,,Rear End,2,Clear,Dry,Daylight
2020-04-06T19:16:00.000,I 20,I 20 and Evans Mill Rd,,Angle Crash,2,Clear,Dry,Daylight
2020-12-22T18:36:00.000,I 20,I 20 and Evans Mill Rd,,Rear End,3,Clear,Dry,Dark-Not Lighted
2020-07-19T22:52:00.000,I 20,I 20 and Evans Mill Rd,,Not a Collision with Motor Vehicle,2,Clear,Dry,Dark-Not Lighted
2020-09-26T00:49:00.000,I 20,I 20 and Evans Mill Rd,,Angle Crash,2,Clear,Dry,Dark-Not Lighted
2020-01-07T06:21:00.000,I 20,I 20 and Evans Mill Rd,,Rear End,2,Rain,Wet,Dark-Not Lighted
2023-10-14T20:30:00.000,I 20,I 20 and Evans Mill Rd,,Angle Crash,2,Cloudy,Dry,Daylight
2023-05-21T00:40:00.000,I 20,I 20 and Evans Mill Rd,,Rear End,2,Rain,Wet,Dark-Lighted
2023-03-27T08:54:00.000,I 20,I 20 and Evans Mill Rd,,Rear End,2,Rain,Wet,Daylight
2023-05-13T13:00:00.000,I 20,I 20 and Evans Mill Rd,,Rear End,2,Clear,Dry,Daylight
2023-02-25T09:24:00.000,I 20,I 20 and Evans Mill Rd,,Sideswipe-Same Direction,2,Clear,Dry,Daylight
2023-11-13T18:00:00.000,I 20,I 20 and Evans Mill Rd,,Sideswipe-Same Direction,2,Clear,Dry,Daylight
2023-06-20T13:53:00.000,I 20,I 20 and Evans Mill Rd,,Sideswipe-Same Direction,2,Cloudy,Dry,Daylight
2023-06-29T06:50:00.000,I 20,I 20 and Evans Mill Rd,,Not a Collision with Motor Vehicle,2,Clear,Dry,Daylight
2023-05-21T15:40:00.000,I 20,I 20 and Evans Mill Rd,,Rear End,2,Clear,Dry,Daylight
2023-05-12T19:30:00.000,I 20,I 20 and Evans Mill Rd,,Not a Collision with Motor Vehicle,1,Clear,Dry,Dark-Lighted
2023-08-02T07:58:00.000,I 20,I 20 and Evans Mill Rd,,Angle Crash,2,Clear,Dry,Daylight
2023-06-21T14:38:00.000,I 20,I 20 and Evans Mill Rd,,Not a Collision with Motor Vehicle,1,Rain,Wet,Daylight
2023-05-07T00:00:00.000,I 20,I 20 and Evans Mill Rd,,Sideswipe-Same Direction,2,Clear,Dry,Daylight
2023-10-04T04:45:00.000,I 20,I 20 and Evans Mill Rd,,Sideswipe-Same Direction,3,Clear,Dry,Dark-Not Lighted
2023-05-26T18:57:00.000,I 20,I 20 and Evans Mill Rd,,Rear End,3,Clear,Dry,Daylight
2023-05-20T23:20:00.000,I 20,I 20 and Evans Mill Rd,,Rear End,2,Clear,Dry,Dark-Not Lighted
2023-02-22T12:30:00.000,I 20,I 20 and Evans Mill Rd,,Angle Crash,2,Clear,Dry,Daylight
2023-01-02T16:00:00.000,I 20,I 20 and Evans Mill Rd,,Not a Collision with Motor Vehicle,1,Clear,Dry,Daylight
2023-06-29T19:00:00.000,I 20,I 20 and Evans Mill Rd,,Rear End,2,Clear,Dry,Daylight
2023-12-01T17:55:00.000,I 20,I 20 and Evans Mill Rd,,Rear End,2,Clear,Wet,Dusk
2023-01-08T20:30:00.000,I 20,I 20 and Evans Mill Rd,,Not a Collision with Motor Vehicle,1,Rain,Wet,Dark-Not Lighted
2023-09-13T18:10:00.000,I 20,I 20 and Evans Mill Rd,,Sideswipe-Same Direction,2,Clear,Dry,Dark-Lighted
2023-03-09T08:00:00.000,I 20,I 20 and Evans Mill Rd,,Sideswipe-Same Direction,2,Rain,Dry,Daylight
2023-07-23T02:30:00.000,I 20,I 20 and Evans Mill Rd,,Sideswipe-Same Direction,2,Clear,Dry,Dark-Not Lighted
2023-10-20T07:07:00.000,I 20,I 20 and Evans Mill Rd,,Rear End,2,Rain,Wet,Dark-Not Lighted
2023-07-11T14:00:00.000,I 20,I 20 and Evans Mill Rd,,Not a Collision with Motor Vehicle,2,Cloudy,Dry,Daylight
2023-02-06T08:17:00.000,I 20,I 20 and Evans Mill Rd,,Rear End,2,Clear,Dry,Daylight
2023-07-17T20:32:00.000,I 20,I 20 and Evans Mill Rd,,Not a Collision with Motor Vehicle,1,Clear,Dry,Dark-Lighted
2023-05-22T09:38:00.000,I 20,I 20 and Evans Mill Rd,,Rear End,2,Cloudy,Wet,Daylight
2023-02-22T12:30:00.000,I 20,I 20 and Evans Mill Rd,,Sideswipe-Same Direction,2,Clear,Dry,Daylight
2023-04-07T16:53:00.000,I 20,I 20 and Evans Mill Rd,,Rear End,2,Clear,Dry,Daylight
2023-03-30T12:39:00.000,I 20,I 20 and Evans Mill Rd,,Rear End,2,Clear,Dry,Daylight
2023-03-06T14:36:00.000,I 20,I 20 and Evans Mill Rd,,Angle Crash,2,Clear,Dry,Daylight
2023-02-18T16:46:00.000,I 20,I 20 and Evans Mill Rd,,Rear End,2,Clear,Dry,Daylight
2023-08-05T17:45:00.000,I 20,I 20 and Evans Mill Rd,,Rear End,2,Clear,Dry,Daylight
2023-06-29T10:39:00.000,I 20,I 20 and Evans Mill Rd,,Rear End,2,Clear,Dry,Daylight
2023-06-15T23:54:00.000,I 20,I 20 and Evans Mill Rd,,Sideswipe-Same Direction,2,Clear,Dry,Dark-Not Lighted
2023-05-26T13:00:00.000,I 20,I 20 and Evans Mill Rd,,Rear End,2,Clear,Dry,Daylight
2023-02-01T06:55:00.000,I 20,I 20 and Evans Mill Rd,,Rear End,2,Cloudy,Wet,Daylight
2023-04-17T08:20:00.000,I 20,I 20 and Evans Mill Rd,,Sideswipe-Same Direction,2,Clear,Dry,Daylight
2023-07-25T00:00:00.000,I 20,I 20 and Evans Mill Rd,,Sideswipe-Same Direction,2,Clear,Dry,Daylight
2023-06-11T15:20:00.000,I 20,I 20 and Evans Mill Rd,,Rear End,2,Clear,Dry,Daylight
2023-06-20T01:17:00.000,I 20,I 20 and Evans Mill Rd,,Sideswipe-Same Direction,2,Cloudy,Dry,Daylight
2023-07-24T07:35:00.000,I 20,I 20 and Evans Mill Rd,,Rear End,2,Clear,Dry,Daylight
2023-09-09T16:30:00.000,I 20,I 20 and Evans Mill Rd,,Rear End,2,Clear,Dry,Daylight
2023-05-07T18:00:00.000,I 20,I 20 and Evans Mill Rd,,Rear End,2,Clear,Dry,Daylight
2023-11-02T06:25:00.000,I 20,I 20 and Evans Mill Rd,,Rear End,2,Clear,Dry,Daylight
2023-09-08T18:40:00.000,I 20,I 20 and Evans Mill Rd,,Rear End,2,Clear,Dry,Daylight
2023-05-27T02:43:00.000,I 20,I 20 and Evans Mill Rd,,Not a Collision with Motor Vehicle,1,Clear,Dry,Dark-Lighted
2023-01-04T01:20:00.000,I 20,I 20 and Evans Mill Rd,,Rear End,2,Rain,Wet,Dark-Lighted
2023-08-26T10:24:00.000,I 20,I 20 and Evans Mill Rd,,Sideswipe-Same Direction,2,Clear,Dry,Daylight
2023-08-01T15:29:00.000,I 20,I 20 and Evans Mill Rd,,Rear End,2,Clear,Dry,Daylight
2023-01-11T07:30:00.000,I 20,I 20 and Evans Mill Rd,,Angle Crash,2,Clear,Dry,Daylight
2023-07-01T23:40:00.000,I 20,I 20 and Evans Mill Rd,,Not a Collision with Motor Vehicle,1,Clear,Dry,Dark-Not Lighted
2023-01-13T17:05:00.000,I 20,I 20 and Evans Mill Rd,,Sideswipe-Same Direction,2,Clear,Dry,Daylight
2023-06-21T14:23:00.000,I 20,I 20 and Evans Mill Rd,,Rear End,2,Rain,Wet,Daylight
2023-03-30T19:30:00.000,I 20,I 20 and Evans Mill Rd,,Rear End,2,Clear,Dry,Daylight
2023-02-06T15:15:00.000,I 20,I 20 and Evans Mill Rd,,Not a Collision with Motor Vehicle,1,Clear,Dry,Daylight
2023-05-11T14:00:00.000,I 20,I 20 and Evans Mill Rd,,Rear End,2,Clear,Dry,Daylight
2023-05-21T11:33:00.000,I 20,I 20 and Evans Mill Rd,,Sideswipe-Same Direction,2,Clear,Dry,Daylight
2023-08-18T14:55:00.000,I 20,I 20 and Evans Mill Rd,,Rear End,2,Clear,Dry,Daylight
2023-10-03T06:48:00.000,I 20,I 20 and Evans Mill Rd,,Rear End,2,Clear,Dry,Dark-Not Lighted
2023-07-18T14:43:00.000,I 20,I 20 and Evans Mill Rd,,Not a Collision with Motor Vehicle,2,Clear,Dry,Daylight
2023-11-19T19:27:00.000,I 20,I 20 and Evans Mill Rd,,Sideswipe-Same Direction,2,Clear,Dry,Dark-Lighted
2023-02-02T19:50:00.000,I 20,I 20 and Evans Mill Rd,,Sideswipe-Same Direction,2,Cloudy,Wet,Dark-Not Lighted
2023-11-30T15:20:00.000,I 20,I 20 and Evans Mill Rd,,Angle Crash,2,Clear,Dry,Daylight
2023-02-23T12:50:00.000,I 20,I 20 and Evans Mill Rd,,Sideswipe-Same Direction,2,Cloudy,Dry,Daylight
2023-05-07T16:17:00.000,I 20,I 20 and Evans Mill Rd,,Rear End,2,Clear,Dry,Daylight
2023-12-17T03:48:00.000,I 20,I 20 and Evans Mill Rd,,Angle Crash,2,Clear,Wet,Dark-Not Lighted
2023-10-24T07:24:00.000,I 20,I 20 and Evans Mill Rd,,Rear End,2,Clear,Dry,Daylight
2023-11-25T14:26:00.000,I 20,I 20 and Evans Mill Rd,,Rear End,2,Clear,Dry,Daylight
2023-03-07T08:25:00.000,I 20,I 20 and Evans Mill Rd,,Rear End,3,Clear,Dry,Daylight
2023-04-19T15:30:00.000,I 20,I 20 and Evans Mill Rd,,Sideswipe-Same Direction,2,Clear,Dry,Daylight
2023-06-19T05:20:00.000,I 20,I 20 and Evans Mill Rd,,Sideswipe-Same Direction,2,Clear,Wet,Dark-Lighted
2023-03-08T08:37:00.000,I 20,I 20 and Evans Mill Rd,,Rear End,3,Clear,Dry,Daylight
2022-03-12T03:05:00.000,I 20,I 20 and Evans Mill Rd,,Not a Collision with Motor Vehicle,1,Rain,Wet,Dark-Lighted
2022-04-12T06:48:00.000,I 20,I 20 and Evans Mill Rd,,Rear End,3,Clear,Dry,Dark-Not Lighted
2022-04-03T00:00:00.000,I 20,I 20 and Evans Mill Rd,,Sideswipe-Same Direction,2,Clear,Dry,Dark-Not Lighted
2022-05-22T12:30:00.000,I 20,I 20 and Evans Mill Rd,,Sideswipe-Same Direction,2,Clear,Dry,Daylight
2022-10-03T17:18:00.000,I 20,I 20 and Evans Mill Rd,,Rear End,2,Clear,Dry,Daylight
2022-05-21T09:50:00.000,I 20,I 20 and Evans Mill Rd,,Not a Collision with Motor Vehicle,1,Clear,Dry,Daylight
2021-02-09T19:55:00.000,I 20,I 20 and Evans Mill Rd,,Sideswipe-Same Direction,2,Clear,Dry,Dark-Not Lighted
2022-02-16T06:30:00.000,I 20,I 20 and Evans Mill Rd,,Rear End,3,Clear,Dry,Dark-Lighted
2023-04-04T16:56:00.000,I 20,I 20 and Evans Mill Rd,,Sideswipe-Same Direction,2,Cloudy,Dry,Daylight
2020-11-16T11:39:00.000,I 20,I 20 and Evans Mill Rd,,Sideswipe-Same Direction,2,Clear,Dry,Daylight
2020-04-22T15:27:00.000,I 20,I 20 and Evans Mill Rd,,Sideswipe-Same Direction,2,Clear,Dry,Daylight
2020-08-13T23:17:00.000,I 20,I 20 and Evans Mill Rd,,Rear End,3,Rain,Wet,Dark-Lighted
2020-04-06T15:40:00.000,I 20,I 20 and Evans Mill Rd,,Not a Collision with Motor Vehicle,1,Clear,Dry,Daylight
2020-08-01T19:00:00.000,I 20,I 20 and Evans Mill Rd,,Sideswipe-Same Direction,2,Clear,Dry,Daylight
2020-02-06T15:11:00.000,I 20,I 20 and Evans Mill Rd,,Angle Crash,2,Rain,Wet,Daylight
2020-01-14T12:26:00.000,I 20,I 20 and Evans Mill Rd,,Not a Collision with Motor Vehicle,1,Rain,Wet,Daylight
2020-03-06T07:45:00.000,I 20,I 20 and Evans Mill Rd,,Rear End,2,Clear,Dry,Daylight
2020-11-25T17:22:00.000,I 20,I 20 and Evans Mill Rd,,Rear End,2,Rain,Wet,Dark-Not Lighted
2020-08-12T14:30:00.000,I 20,I 20 and Evans Mill Rd,,Sideswipe-Same Direction,3,Cloudy,Dry,Daylight
2020-01-28T07:01:00.000,I 20,I 20 and Evans Mill Rd,,Rear End,3,Clear,Dry,Dark-Not Lighted
2020-05-13T16:13:00.000,I 20,I 20 and Evans Mill Rd,,Rear End,2,Clear,Dry,Daylight
2020-06-30T09:00:00.000,I 20,I 20 and Evans Mill Rd,,Not a Collision with Motor Vehicle,2,Clear,Dry,Daylight
2020-09-06T11:21:00.000,I 20,I 20 and Evans Mill Rd,,Not a Collision with Motor Vehicle,2,Clear,Dry,Daylight
2020-12-31T14:40:00.000,I 20,I 20 and Evans Mill Rd,,Not a Collision with Motor Vehicle,1,Cloudy,Wet,Daylight
2020-01-13T07:34:00.000,I 20,I 20 and Evans Mill Rd,,Rear End,2,Rain,Wet,Dark-Lighted
2020-04-03T16:19:00.000,I 20,I 20 and Evans Mill Rd,,Angle Crash,2,Clear,Dry,Daylight
2020-12-26T21:40:00.000,I 20,I 20 and Evans Mill Rd,,Not a Collision with Motor Vehicle,1,Clear,Dry,Dark-Not Lighted
2020-06-20T12:33:00.000,I 20,I 20 and Evans Mill Rd,,Angle Crash,2,Clear,Dry,Daylight
2020-09-28T05:30:00.000,I 20,I 20 and Evans Mill Rd,,Not a Collision with Motor Vehicle,2,Clear,Dry,Dark-Lighted
2020-01-03T18:14:00.000,I 20,I 20 and Evans Mill Rd,,Rear End,2,Rain,Wet,Dark-Not Lighted
2020-02-16T19:15:00.000,I 20,I 20 and Evans Mill Rd,,Rear End,2,Clear,Wet,Dark-Not Lighted
2020-09-12T12:59:00.000,I 20,I 20 and Evans Mill Rd,,Angle Crash,2,Clear,Dry,Daylight
2020-02-05T09:35:00.000,I 20,I 20 and Evans Mill Rd,,Sideswipe-Same Direction,2,Cloudy,Dry,Daylight
2020-11-09T16:15:00.000,I 20,I 20 and Evans Mill Rd,,Not a Collision with Motor Vehicle,2,Clear,Dry,Daylight
2020-09-01T09:10:00.000,I 20,I 20 and Evans Mill Rd,,Rear End,2,Clear,Dry,Daylight
2020-07-07T05:45:00.000,I 20,I 20 and Evans Mill Rd,,Sideswipe-Same Direction,2,Rain,Wet,Dark-Not Lighted
2020-09-24T16:16:00.000,I 20,I 20 and Evans Mill Rd,,Sideswipe-Opposite Direction,2,Cloudy,Wet,Daylight
2020-10-16T19:05:00.000,I 20,I 20 and Evans Mill Rd,,Rear End,2,Clear,Dry,Dark-Not Lighted
2020-11-04T07:10:00.000,I 20,I 20 and Evans Mill Rd,,Sideswipe-Same Direction,2,Clear,Dry,Daylight
2020-03-06T00:00:00.000,I 20,I 20 and Evans Mill Rd,,Rear End,2,Clear,Dry,Daylight
2020-02-14T14:33:00.000,I 20,I 20 and Evans Mill Rd,,Rear End,2,Clear,Dry,Dawn
2020-06-01T16:21:00.000,I 20,I 20 and Evans Mill Rd,,Sideswipe-Same Direction,2,Clear,Dry,Daylight
2020-06-20T17:42:00.000,I 20,I 20 and Evans Mill Rd,,Rear End,2,Clear,Dry,Daylight
2020-04-13T07:15:00.000,I 20,I 20 and Evans Mill Rd,,Not a Collision with Motor Vehicle,1,Clear,Wet,Daylight
2020-08-15T22:15:00.000,I 20,I 20 and Evans Mill Rd,,Rear End,2,Cloudy,Wet,Dark-Not Lighted
2020-01-21T14:28:00.000,I 20,I 20 and Evans Mill Rd,,Angle Crash,3,Clear,Dry,Daylight
2020-10-09T18:16:00.000,I 20,I 20 and Evans Mill Rd,,Rear End,2,Clear,Dry,Dusk
2020-11-10T15:57:00.000,I 20,I 20 and Evans Mill Rd,,Sideswipe-Same Direction,2,Cloudy,Dry,Daylight
2020-03-11T19:28:00.000,I 20,I 20 and Evans Mill Rd,,Rear End,2,Rain,Wet,Daylight
2020-06-21T00:00:00.000,I 20,I 20 and Evans Mill Rd,,Not a Collision with Motor Vehicle,1,Clear,Dry,Dark-Not Lighted
2020-05-16T12:18:00.000,I 20,I 20 and Evans Mill Rd,,Not a Collision with Motor Vehicle,1,Clear,Dry,Daylight
2020-01-23T20:41:00.000,I 20,I 20 and Evans Mill Rd,,Sideswipe-Same Direction,2,Rain,Wet,Dark-Not Lighted
2020-10-14T16:20:00.000,I 20,I 20 and Evans Mill Rd,,Rear End,3,Clear,Dry,Daylight
2020-05-14T16:00:00.000,I 20,I 20 and Evans Mill Rd,,Rear End,2,Clear,Dry,Daylight
2020-09-30T00:00:00.000,I 20,I 20 and Evans Mill Rd,,Angle Crash,3,Clear,Dry,Dark-Lighted
2020-10-31T14:03:00.000,I 20,I 20 and Evans Mill Rd,,Head On,2,Clear,Dry,Daylight
2020-01-02T15:22:00.000,I 20,I 20 and Evans Mill Rd,,Rear End,2,Rain,Wet,Daylight
2020-02-10T15:07:00.000,I 20,I 20 and Evans Mill Rd,,Sideswipe-Same Direction,2,Rain,Wet,Daylight
2020-01-28T09:15:00.000,I 20,I 20 and Evans Mill Rd,,Not a Collision with Motor Vehicle,1,Clear,Dry,Daylight
2020-03-21T18:25:00.000,I 20,I 20 and Evans Mill Rd,,Angle Crash,2,Clear,Dry,Daylight
2020-03-06T08:33:00.000,I 20,I 20 and Evans Mill Rd,,Rear End,2,Clear,Dry,Daylight
2020-11-22T13:00:00.000,I 20,I 20 and Evans Mill Rd,,Angle Crash,4,Clear,Dry,Daylight
2020-06-08T14:00:00.000,I 20,I 20 and Evans Mill Rd,,Sideswipe-Same Direction,2,Clear,Dry,Daylight
2020-09-30T16:42:00.000,I 20,I 20 and Evans Mill Rd,,Sideswipe-Same Direction,2,Clear,Dry,Daylight
2020-10-03T14:50:00.000,I 20,I 20 and Evans Mill Rd,,Sideswipe-Same Direction,2,Clear,Dry,Daylight
2020-02-11T07:00:00.000,I 20,I 20 and Evans Mill Rd,,Rear End,2,Cloudy,Wet,Dawn
2020-01-03T19:11:00.000,I 20,I 20 and Evans Mill Rd,,Angle Crash,2,Rain,Wet,Dark-Not Lighted
2020-11-15T20:31:00.000,I 20,I 20 and Evans Mill Rd,,Not a Collision with Motor Vehicle,1,Clear,Dry,Dark-Not Lighted
2020-09-01T18:40:00.000,I 20,I 20 and Evans Mill Rd,,Rear End,2,Clear,Dry,Daylight
2020-09-27T18:00:00.000,I 20,I 20 and Evans Mill Rd,,Rear End,2,Rain,Wet,Daylight
2020-11-13T10:35:00.000,I 20,I 20 and Evans Mill Rd,,Not a Collision with Motor Vehicle,1,Clear,Dry,Daylight
2020-11-29T19:52:00.000,I 20,I 20 and Evans Mill Rd,,Not a Collision with Motor Vehicle,1,Rain,Wet,Dark-Not Lighted
2020-06-19T06:00:00.000,I 20,I 20 and Evans Mill Rd,,Angle Crash,2,Clear,Dry,Daylight
2020-10-10T22:30:00.000,I 20,I 20 and Evans Mill Rd,,Rear End,2,Rain,Wet,Dark-Lighted
2020-03-28T11:45:00.000,I 20,I 20 and Evans Mill Rd,,Not a Collision with Motor Vehicle,1,Clear,Dry,Daylight
2020-07-03T10:45:00.000,I 20,I 20 and Evans Mill Rd,,Rear End,2,Clear,Dry,Daylight
2020-12-31T15:32:00.000,I 20,I 20 and Evans Mill Rd,,Rear End,3,Rain,Wet,Daylight
2020-01-25T17:00:00.000,I 20,I 20 and Evans Mill Rd,,Angle Crash,2,Clear,Dry,Daylight
2020-02-05T00:00:00.000,I 20,I 20 and Evans Mill Rd,,Rear End,2,Rain,Wet,Daylight
2020-01-20T16:05:00.000,I 20,I 20 and Evans Mill Rd,,Rear End,2,Clear,Dry,Daylight
2020-12-04T15:00:00.000,I 20,I 20 and Evans Mill Rd,,Rear End,2,Rain,Wet,Daylight
2020-08-14T18:00:00.000,I 20,I 20 and Evans Mill Rd,,Rear End,2,Rain,Wet,Daylight
2020-08-21T00:00:00.000,I 20,I 20 and Evans Mill Rd,,Rear End,2,Rain,Wet,Daylight
2020-12-04T16:10:00.000,I 20,I 20 and Evans Mill Rd,,Angle Crash,2,Cloudy,Wet,Daylight
2020-10-10T21:15:00.000,I 20,I 20 and Evans Mill Rd,,Not a Collision with Motor Vehicle,1,Rain,Water (standing or moving),Dark-Not Lighted
2020-08-13T23:17:00.000,I 20,I 20 and Evans Mill Rd,,Not a Collision with Motor Vehicle,1,Rain,Wet,Dark-Lighted
2020-07-08T23:49:00.000,I 20,I 20 and Evans Mill Rd,,Rear End,2,Clear,Dry,Dark-Not Lighted
2020-04-26T00:20:00.000,I 20,I 20 and Evans Mill Rd,,Sideswipe-Same Direction,2,Clear,Dry,Dark-Not Lighted
2020-06-16T00:05:00.000,I 20,I 20 and Evans Mill Rd,,Rear End,2,Clear,Dry,Dark-Lighted
2020-05-13T16:00:00.000,I 20,I 20 and Evans Mill Rd,,Rear End,2,Clear,Dry,Daylight
2020-10-14T16:20:00.000,I 20,I 20 and Evans Mill Rd,,Rear End,3,Clear,Dry,Daylight
2020-08-21T09:21:00.000,I 20,I 20 and Evans Mill Rd,,Not a Collision with Motor Vehicle,1,Cloudy,Dry,Daylight
2020-09-29T23:45:00.000,I 20,I 20 and Evans Mill Rd,,Sideswipe-Same Direction,2,Clear,Dry,Dark-Lighted
2020-06-26T16:10:00.000,I 20,I 20 and Evans Mill Rd,,Sideswipe-Same Direction,2,Clear,Dry,Daylight
2020-03-03T06:33:00.000,I 20,I 20 and Evans Mill Rd,,Rear End,2,Cloudy,Wet,Daylight
2021-03-09T10:02:00.000,I 20,I 20 and Evans Mill Rd,,Sideswipe-Same Direction,2,Clear,Dry,Daylight
2021-04-19T14:22:00.000,I 20,I 20 and Evans Mill Rd,,Sideswipe-Same Direction,2,Clear,Dry,Daylight
2021-05-09T15:30:00.000,I 20,I 20 and Evans Mill Rd,,Rear End,2,Clear,Dry,Daylight
2021-04-16T13:15:00.000,I 20,I 20 and Evans Mill Rd,,Angle Crash,2,Clear,Dry,Daylight
2021-05-14T09:59:00.000,I 20,I 20 and Evans Mill Rd,,Sideswipe-Same Direction,2,Clear,Dry,Daylight
2021-06-27T00:30:00.000,I 20,I 20 and Evans Mill Rd,,Sideswipe-Opposite Direction,2,Clear,Dry,Dark-Not Lighted
2021-06-01T14:30:00.000,I 20,I 20 and Evans Mill Rd,,Sideswipe-Same Direction,2,Clear,Dry,Daylight
2021-03-13T14:37:00.000,I 20,I 20 and Evans Mill Rd,,Not a Collision with Motor Vehicle,1,Clear,Dry,Daylight
2021-04-30T15:02:00.000,I 20,I 20 and Evans Mill Rd,,Rear End,2,Clear,Dry,Daylight
2021-03-25T09:50:00.000,I 20,I 20 and Evans Mill Rd,,Rear End,2,Rain,Wet,Daylight
2021-01-18T19:43:00.000,I 20,I 20 and Evans Mill Rd,,Not a Collision with Motor Vehicle,1,Clear,Dry,Dark-Not Lighted
2021-01-26T23:05:00.000,I 20,I 20 and Evans Mill Rd,,Not a Collision with Motor Vehicle,1,Clear,Dry,Dark-Not Lighted
2021-03-20T21:57:00.000,I 20,I 20 and Evans Mill Rd,,Not a Collision with Motor Vehicle,1,Clear,Dry,Dark-Not Lighted
2021-02-04T11:00:00.000,I 20,I 20 and Evans Mill Rd,,Sideswipe-Same Direction,2,Cloudy,Dry,Dark-Not Lighted
2021-05-21T12:24:00.000,I 20,I 20 and Evans Mill Rd,,Rear End,2,Clear,Dry,Daylight
2021-03-23T20:01:00.000,I 20,I 20 and Evans Mill Rd,,Not a Collision with Motor Vehicle,1,Clear,Dry,Dark-Not Lighted
2021-04-03T17:15:00.000,I 20,I 20 and Evans Mill Rd,,Angle Crash,2,Clear,Dry,Daylight
2021-04-10T03:10:00.000,I 20,I 20 and Evans Mill Rd,,Rear End,2,Clear,Dry,Dark-Not Lighted
2021-06-17T17:35:00.000,I 20,I 20 and Evans Mill Rd,,Rear End,2,Clear,Dry,Daylight
2021-03-31T15:34:00.000,I 20,I 20 and Evans Mill Rd,,Sideswipe-Same Direction,2,Rain,Wet,Daylight
2021-02-23T08:11:00.000,I 20,I 20 and Evans Mill Rd,,Rear End,3,Clear,Dry,Daylight
2021-04-25T17:14:00.000,I 20,I 20 and Evans Mill Rd,,Angle Crash,2,Clear,Dry,Daylight
2021-06-26T01:57:00.000,I 20,I 20 and Evans Mill Rd,,Head On,5,Clear,Dry,Dark-Lighted
2021-10-29T19:30:00.000,I 20,I 20 and Evans Mill Rd,,Rear End,2,Rain,Wet,Dark-Lighted
2021-09-13T11:15:00.000,I 20,I 20 and Evans Mill Rd,,Not a Collision with Motor Vehicle,1,Clear,Dry,Daylight
2021-12-04T00:00:00.000,I 20,I 20 and Evans Mill Rd,,Rear End,2,Clear,Dry,Daylight
2021-10-27T07:15:00.000,I 20,I 20 and Evans Mill Rd,,Rear End,2,Clear,Dry,Daylight
2021-09-30T13:27:00.000,I 20,I 20 and Evans Mill Rd,,Not a Collision with Motor Vehicle,1,Clear,Dry,Daylight
2021-07-29T17:29:00.000,I 20,I 20 and Evans Mill Rd,,Rear End,3,Clear,Dry,Daylight
2021-09-20T07:30:00.000,I 20,I 20 and Evans Mill Rd,,Rear End,2,Rain,Wet,Daylight
2021-11-26T15:28:00.000,I 20,I 20 and Evans Mill Rd,,Rear End,3,Clear,Dry,Daylight
2021-09-21T06:30:00.000,I 20,I 20 and Evans Mill Rd,,Rear End,2,Cloudy,Wet,Daylight
2021-08-26T06:35:00.000,I 20,I 20 and Evans Mill Rd,,Rear End,2,Fog,Wet,Dark-Not Lighted
2021-07-26T21:00:00.000,I 20,I 20 and Evans Mill Rd,,Sideswipe-Same Direction,2,Rain,Wet,Dark-Not Lighted
2021-11-12T17:30:00.000,I 20,I 20 and Evans Mill Rd,,Rear End,2,Clear,Dry,Daylight
2021-12-21T16:20:00.000,I 20,I 20 and Evans Mill Rd,,Rear End,2,Cloudy,Wet,Daylight
2021-12-30T01:00:00.000,I 20,I 20 and Evans Mill Rd,,Sideswipe-Same Direction,2,Rain,Wet,Dark-Lighted
2021-07-05T13:50:00.000,I 20,I 20 and Evans Mill Rd,,Rear End,2,Clear,Dry,Daylight
2021-11-12T18:14:00.000,I 20,I 20 and Evans Mill Rd,,Rear End,2,Clear,Dry,Dark-Not Lighted
2021-09-10T16:43:00.000,I 20,I 20 and Evans Mill Rd,,Rear End,2,Clear,Dry,Daylight
2021-12-16T16:58:00.000,I 20,I 20 and Evans Mill Rd,,Rear End,4,Clear,Dry,Daylight
2021-11-28T13:00:00.000,I 20,I 20 and Evans Mill Rd,,Rear End,2,Clear,Dry,Daylight
2021-09-03T10:35:00.000,I 20,I 20 and Evans Mill Rd,,Rear End,2,Clear,Dry,Daylight
2021-07-03T14:32:00.000,I 20,I 20 and Evans Mill Rd,,Rear End,2,Clear,Dry,Daylight
2021-10-25T08:04:00.000,I 20,I 20 and Evans Mill Rd,,Rear End,2,Clear,Dry,Daylight
2021-10-12T00:00:00.000,I 20,I 20 and Evans Mill Rd,,Not a Collision with Motor Vehicle,1,Clear,Dry,Dark-Not Lighted
2021-11-18T17:40:00.000,I 20,I 20 and Evans Mill Rd,,Rear End,3,Clear,Dry,Dark-Not Lighted
2021-12-17T07:25:00.000,I 20,I 20 and Evans Mill Rd,,Rear End,2,Fog,Dry,Dawn
2021-09-07T14:27:00.000,I 20,I 20 and Evans Mill Rd,,Sideswipe-Same Direction,2,Clear,Dry,Daylight
2021-09-01T07:51:00.000,I 20,I 20 and Evans Mill Rd,,Rear End,2,Clear,Dry,Daylight
2021-07-20T16:00:00.000,I 20,I 20 and Evans Mill Rd,,Rear End,2,Rain,Wet,Daylight
2021-07-17T16:30:00.000,I 20,I 20 and Evans Mill Rd,,Rear End,2,Clear,Dry,Daylight