Date and Time,Roadway (From Crash Report),Intersection Name (from Crash Report),KABCO Severity,Manner of Collision (Crash Level) ,# of Vehicles per crash ,Weather Conditions (Crash Level),Surface Condition (Crash Level) ,Light Conditions (Crash Level)
2024-04-22T07:30:00.000,I 20,I 20 and Evans Mill Rd,,Rear End,2,Clear,Dry,Daylight
2024-12-30T21:13:00.000,I 20,I 20 and Evans Mill Rd,,Rear End,3,Clear,Dry,Dark-Not Lighted
2024-03-29T06:25:00.000,I 20,I 20 and Evans Mill Rd,,Angle Crash,2,Clear,Dry,Daylight
2024-01-03T11:48:00.000,I 20,I 20 and Evans Mill Rd,,Rear End,2,Clear,Dry,Daylight
2024-04-18T21:08:00.000,I 20,I 20 and Evans Mill Rd,,Angle Crash,2,Clear,Dry,Dark-Lighted
2024-06-21T16:39:00.000,I 20,I 20 and Evans Mill Rd,,Rear End,2,Clear,Dry,Daylight
2024-01-27T22:00:00.000,I 20,I 20 and Evans Mill Rd,,Angle Crash,2,Clear,Wet,Dark-Lighted
2024-06-09T13:00:00.000,I 20,I 20 and Evans Mill Rd,,Sideswipe-Same Direction,3,Clear,Dry,Daylight
2024-04-19T15:48:00.000,I 20,I 20 and Evans Mill Rd,,Rear End,2,Clear,Dry,Daylight
2024-05-03T11:05:00.000,I 20,I 20 and Evans Mill Rd,,Angle Crash,3,Clear,Dry,Daylight
2024-12-14T20:17:00.000,I 20,I 20 and Evans Mill Rd,,Angle Crash,3,Clear,Dry,Dark-Not Lighted
2024-10-06T14:41:00.000,I 20,I 20 and Evans Mill Rd,,Rear End,2,Clear,Dry,Daylight
2024-06-21T16:39:00.000,I 20,I 20 and Evans Mill Rd,,Rear End,3,Clear,Dry,Daylight
2024-07-28T10:44:00.000,I 20,I 20 and Evans Mill Rd,,Rear End,2,Clear,Dry,Daylight
2024-03-29T12:00:00.000,I 20,I 20 and Evans Mill Rd,,Rear End,2,Clear,Dry,Daylight
2024-02-16T16:30:00.000,I 20,I 20 and Evans Mill Rd,,Not a Collision with Motor Vehicle,4,Clear,Dry,Daylight
2024-08-25T17:06:00.000,I 20,I 20 and Evans Mill Rd,,Rear End,3,Clear,Dry,Daylight
2024-09-13T14:53:00.000,I 20,I 20 and Evans Mill Rd,,Rear End,2,Clear,Dry,Daylight
2024-12-24T00:31:00.000,I 20,I 20 and Evans Mill Rd,,Sideswipe-Same Direction,2,Clear,Dry,Dark-Not Lighted
2024-04-08T13:53:00.000,I 20,I 20 and Evans Mill Rd,,Sideswipe-Same Direction,2,Clear,Dry,Daylight
2024-04-18T18:00:00.000,I 20,I 20 and Evans Mill Rd,,Rear End,3,Clear,Dry,Dark-Lighted
2024-01-09T11:50:00.000,I 20,I 20 and Evans Mill Rd,,Not a Collision with Motor Vehicle,1,Rain,Wet,Daylight
2024-01-22T10:40:00.000,I 20,I 20 and Evans Mill Rd,,Not a Collision with Motor Vehicle,2,Clear,Dry,Daylight
2024-09-30T19:00:00.000,I 20,I 20 and Evans Mill Rd,,Sideswipe-Same Direction,2,Clear,Dry,Dark-Not Lighted
2024-10-27T23:53:00.000,I 20,I 20 and Evans Mill Rd,,Rear End,5,Clear,Dry,Dark-Not Lighted
2024-05-14T19:04:00.000,I 20,I 20 and Evans Mill Rd,,Angle Crash,2,Clear,Dry,Daylight
2024-12-28T18:31:00.000,I 20,I 20 and Evans Mill Rd,,Not a Collision with Motor Vehicle,1,Fog,Wet,Dark-Not Lighted
2024-11-20T05:25:00.000,I 20,I 20 and Evans Mill Rd,,Not a Collision with Motor Vehicle,1,Rain,Wet,Dark-Not Lighted
2024-07-13T23:27:00.000,I 20,I 20 and Evans Mill Rd,,Rear End,2,Clear,Dry,Dark-Not Lighted
2024-11-30T18:26:00.000,I 20,I 20 and Evans Mill Rd,,Rear End,2,Clear,Dry,Dark-Lighted
2024-05-30T00:00:00.000,I 20,I 20 and Evans Mill Rd,,Not a Collision with Motor Vehicle,2,Clear,Dry,Daylight
2024-12-10T07:30:00.000,I 20,I 20 and Evans Mill Rd,,Rear End,2,Clear,Dry,Daylight
2024-10-11T19:30:00.000,I 20,I 20 and Evans Mill Rd,,Angle Crash,2,Clear,Dry,Daylight
2024-01-21T16:40:00.000,I 20,I 20 and Evans Mill Rd,,Not a Collision with Motor Vehicle,3,Clear,Dry,Daylight
2024-04-25T07:51:00.000,I 20,I 20 and Evans Mill Exit 74,,Rear End,2,Clear,Dry,Daylight
2024-10-21T13:50:00.000,I 20,I 20 and Evans Mill Exit 74,,Not a Collision with Motor Vehicle,1,Clear,Dry,Daylight
2022-03-31T05:35:00.000,I 20,I 20 and Evans Mill Dr Off Rp,,Sideswipe-Same Direction,2,Rain,Wet,Dark-Not Lighted
2020-10-19T14:20:00.000,I 20,I 20 and Evans Mill Dr,,Sideswipe-Same Direction,2,Clear,Dry,Daylight
2020-07-17T13:54:00.000,I 20,I 20 and Evan Mills Rd,,Rear End,3,Clear,Dry,Daylight
2023-12-31T01:49:00.000,I 20,I 20 and Evan Mills Rd,,Sideswipe-Same Direction,2,Clear,Dry,Dark-Not Lighted
2020-11-19T08:40:00.000,I 20,I 20 and Evan Mill Rd,,Rear End,3,Clear,Dry,Daylight
2022-02-05T17:56:00.000,I 20,I 20 and Esast Of I20 Exit Ramp 37,,Rear End,3,Clear,Dry,Daylight
2021-05-13T18:51:00.000,I 20,I 20 and Entry Ramp To 285,,Sideswipe-Same Direction,2,Clear,Dry,Daylight
2023-05-22T16:30:00.000,I 20,I 20 and Entrence Ramp To I75 85,,Rear End,2,Clear,Wet,Daylight
2023-11-02T17:00:00.000,I 20,I 20 and Entrance Ramp To I75 85,,Sideswipe-Same Direction,2,Clear,Dry,Daylight
2021-08-03T08:10:00.000,I 20,I 20 and Entrance Ramp To I20 W Fro,,Rear End,3,Cloudy,Wet,Daylight
2021-12-10T09:06:00.000,I 20,I 20 and Entrance Ramp To I20 From M,,Sideswipe-Same Direction,2,Rain,Snow,Daylight
2021-09-16T08:53:00.000,I 20,I 20 and Entrance Ramp To I20 From,,Sideswipe-Same Direction,2,Rain,Wet,Daylight
2021-08-02T13:09:00.000,I 20,I 20 and Entrance Ramp To I20 From,,Not a Collision with Motor Vehicle,2,Clear,Dry,Daylight
2021-08-02T13:09:00.000,I 20,I 20 and Entrance Ramp To I20 From,,Not a Collision with Motor Vehicle,2,Clear,Dry,Daylight
2022-05-19T15:30:00.000,I 20,I 20 and Entrance Ramp To 75 85,,Rear End,2,Clear,Dry,Daylight
2021-09-28T18:22:00.000,I 20,I 20 and Entrance Ramp Ro Glenwood Ave,,Sideswipe-Same Direction,3,Clear,Dry,Daylight
2024-09-20T08:10:00.000,I 20,I 20 and Entrance Ramp Mm 30,,Rear End,2,Clear,Dry,Daylight
2021-08-30T17:01:00.000,I 20,I 20 and Entrance Ramp From Windsor Str,,Rear End,2,Clear,Dry,Daylight
2022-09-10T11:20:00.000,I 20,I 20 and Entrance Ramp From Sr1,,Angle Crash,2,Clear,Wet,Daylight
2021-05-03T18:10:00.000,I 20,I 20 and Entrance Ramp From Moreland Av,,Not a Collision with Motor Vehicle,1,Rain,Wet,Daylight
2024-10-01T07:38:00.000,I 20,I 20 and Entrance Ramp From Lee Rd,,Sideswipe-Same Direction,2,Clear,Dry,Daylight
2021-09-28T17:57:00.000,I 20,I 20 and Entrance Ramp From Langhorn St,,Rear End,2,Clear,Dry,Daylight
2021-01-25T16:42:00.000,I 20,I 20 and Entrance Ramp From I285,,Sideswipe-Same Direction,2,Clear,Dry,Daylight
2021-11-11T10:48:00.000,I 20,I 20 and Entrance Ramp From Glenwood Av,,Angle Crash,2,Cloudy,Dry,Daylight
2021-02-24T10:44:00.000,I 20,I 20 and Entrance Ramp From Fulton Indu,,Sideswipe-Same Direction,2,Clear,Dry,Daylight
2020-01-28T08:48:00.000,I 20,I 20 and Entrance Ramp From  Lowery Bou,,Rear End,2,Clear,Dry,Daylight
2020-01-09T08:12:00.000,I 20,I 20 and Entrance Ramp From,,Rear End,2,Clear,Dry,Daylight
2020-10-06T18:29:00.000,I 20,I 20 and Entrance Ramp From,,Sideswipe-Same Direction,2,Clear,Dry,Daylight
2020-01-22T08:27:00.000,I 20,I 20 and Entrance Ramp From,,Rear End,2,Clear,Dry,Daylight
2022-10-21T16:30:00.000,I 20,I 20 and Entrance Ramp E Bound,,Sideswipe-Same Direction,2,Clear,Dry,Daylight
2020-12-03T12:40:00.000,I 20,I 20 and Entrance Ramp 44,,Sideswipe-Same Direction,2,Clear,Dry,Daylight
2024-07-16T10:40:00.000,I 20,I 20 and Entrance Ramp 44,,Rear End,2,Clear,Dry,Daylight
2023-05-20T18:10:00.000,I 20,I 20 and Entrance Ramp 24,,Sideswipe-Same Direction,2,Clear,Dry,Daylight
2024-05-27T13:44:00.000,I 20,I 20 and Emory St,,Sideswipe-Same Direction,2,Cloudy,Dry,Daylight
2020-06-26T16:18:00.000,I 20,I 20 and Edgewood Dr,,Sideswipe-Same Direction,2,Cloudy,Dry,Daylight
2023-03-26T18:35:00.000,I 20,I 20 and Edgewood Ave,,Rear End,2,Clear,Dry,Daylight
2021-06-05T11:50:00.000,I 20,I 20 and Eatonton Rd,,Rear End,2,Cloudy,Dry,Daylight
2021-11-10T09:51:00.000,I 20,I 20 and Eatonton Rd,,Angle Crash,2,Clear,Dry,Daylight
2021-07-26T22:21:00.000,I 20,I 20 and Eatonton Rd,,Not a Collision with Motor Vehicle,1,Rain,Water (standing or moving),Dark-Not Lighted
2021-10-01T20:30:00.000,I 20,I 20 and Eatonton Rd,,Angle Crash,2,Clear,Dry,Dark-Not Lighted
2022-09-05T12:41:00.000,I 20,I 20 and Eatonton Rd,,Rear End,2,Clear,Wet,Daylight
2022-05-26T15:58:00.000,I 20,I 20 and Eatonton Rd,,Rear End,2,Cloudy,Wet,Daylight
2022-05-09T20:40:00.000,I 20,I 20 and Eatonton Rd,,Not a Collision with Motor Vehicle,3,Clear,Dry,Dusk
2022-02-02T01:50:00.000,I 20,I 20 and Eatonton Rd,,Sideswipe-Same Direction,1,Clear,Dry,Dark-Not Lighted
2021-07-15T14:27:00.000,I 20,I 20 and Eatonton Hwy,,Rear End,2,Clear,Dry,Daylight
2020-11-16T20:04:00.000,I 20,I 20 and Eastof I20 Exxit Ramp 30,,Not a Collision with Motor Vehicle,1,Clear,Dry,Dark-Not Lighted
2021-01-19T20:12:00.000,I 20,I 20 and Ea St Of I20 Exit Ramp 41,,Sideswipe-Same Direction,2,Clear,Dry,Dark-Not Lighted
2022-11-18T11:50:00.000,I 20,I 20 and E Wesley Chapel Way Way,,Rear End,3,Clear,Dry,Daylight
2021-05-28T15:25:00.000,I 20,I 20 and E Wesley Chapel Way,,Rear End,2,Clear,Dry,Daylight
2021-10-15T17:45:00.000,I 20,I 20 and E Wesley Chapel Way,,Rear End,2,Clear,Dry,Daylight
2021-12-21T15:00:00.000,I 20,I 20 and E Wesley Chapel Way,,Rear End,2,Clear,Wet,Daylight
2021-12-01T00:36:00.000,I 20,I 20 and E Wesley Chapel Way,,Not a Collision with Motor Vehicle,1,Clear,Dry,Dark-Lighted
2021-11-22T08:00:00.000,I 20,I 20 and E Wesley Chapel Way,,Angle Crash,2,Clear,Dry,Daylight
2021-08-25T15:34:00.000,I 20,I 20 and E Wesley Chapel Way,,Sideswipe-Same Direction,2,Clear,Dry,Daylight
2021-05-28T16:00:00.000,I 20,I 20 and E Wesley Chapel Way,,Sideswipe-Same Direction,4,Clear,Dry,Daylight
2021-11-24T13:15:00.000,I 20,I 20 and E Wesley Chapel Way,,Angle Crash,2,Clear,Dry,Daylight
2023-03-28T17:00:00.000,I 20,I 20 and E Wesley Chapel Way,,Angle Crash,2,Clear,Dry,Daylight
2023-04-18T09:00:00.000,I 20,I 20 and E Wesley Chapel Way,,Rear End,2,Clear,Dry,Daylight
2023-05-13T15:45:00.000,I 20,I 20 and E Wesley Chapel Way,,Sideswipe-Same Direction,2,Clear,Dry,Daylight
2023-06-04T17:30:00.000,I 20,I 20 and E Wesley Chapel Way,,Angle Crash,2,Clear,Dry,Daylight
2023-05-07T17:50:00.000,I 20,I 20 and E Wesley Chapel Way,,Rear End,3,Clear,Dry,Daylight
2023-03-17T13:00:00.000,I 20,I 20 and E Wesley Chapel Way,,Rear End,4,Cloudy,Dry,Daylight
2023-05-04T05:25:00.000,I 20,I 20 and E Wesley Chapel Way,,Sideswipe-Opposite Direction,2,Clear,Dry,Dark-Lighted
2020-11-24T18:25:00.000,I 20,I 20 and E Wesley Chapel Way,,Rear End,2,Clear,Dry,Dark-Not Lighted
2020-08-13T07:45:00.000,I 20,I 20 and E Wesley Chapel Way,,Rear End,3,Clear,Dry,Daylight
2020-02-07T18:20:00.000,I 20,I 20 and E Wesley Chapel Way,,Not a Collision with Motor Vehicle,1,Clear,Dry,Dusk
2020-12-07T21:00:00.000,I 20,I 20 and E Wesley Chapel Way,,Rear End,3,Clear,Dry,Daylight
2020-09-02T17:04:00.000,I 20,I 20 and E Wesley Chapel Way,,Angle Crash,2,Clear,Dry,Daylight
2021-06-19T13:05:00.000,I 20,I 20 and E Wesley Chapel Way,,Rear End,2,Rain,Wet,Daylight
2021-05-04T16:00:00.000,I 20,I 20 and E Wesley Chapel Way,,Rear End,2,Rain,Wet,Daylight
2021-10-15T17:45:00.000,I 20,I 20 and E Wesley Chapel Way,,Rear End,2,Clear,Dry,Daylight
2021-12-20T14:00:00.000,I 20,I 20 and E Wesley Chapel Way,,Angle Crash,3,Clear,Dry,Daylight
2021-11-10T15:10:00.000,I 20,I 20 and E Wesley Chapel Way,,Rear End,2,Clear,Dry,Daylight
2021-11-22T06:10:00.000,I 20,I 20 and E Wesley Chapel Way,,Not a Collision with Motor Vehicle,1,Clear,Dry,Dark-Not Lighted
2022-06-05T06:00:00.000,I 20,I 20 and E Wesley Chapel Way,,Sideswipe-Same Direction,2,Clear,Dry,Daylight
2022-03-12T20:00:00.000,I 20,I 20 and E Wesley Chapel Way,,Angle Crash,2,Clear,Dry,Daylight
2022-10-15T22:25:00.000,I 20,I 20 and E Wesley Chapel Way,,Rear End,2,Clear,Dry,Daylight
2022-02-15T21:00:00.000,I 20,I 20 and E Wesley Chapel Way,,Rear End,2,Clear,Dry,Dark-Not Lighted
2022-04-23T10:00:00.000,I 20,I 20 and E Wesley Chapel Way,,Not a Collision with Motor Vehicle,1,Clear,Dry,Daylight
2022-12-22T06:30:00.000,I 20,I 20 and E Wesley Chapel Way,,Rear End,2,Clear,Dry,Dark-Not Lighted
2022-12-18T05:00:00.000,I 20,I 20 and E Wesley Chapel Way,,Angle Crash,2,Clear,Dry,Dark-Lighted
2022-06-17T20:00:00.000,I 20,I 20 and E Wesley Chapel Way,,Rear End,2,Clear,Dry,Daylight
2024-02-03T23:18:00.000,I 20,I 20 and E Wesley Chapel Way,,Sideswipe-Same Direction,2,Clear,Dry,Daylight
2024-06-16T01:14:00.000,I 20,I 20 and E Wesley Chapel Way,,Sideswipe-Same Direction,3,Clear,Dry,Dark-Lighted
2024-11-01T15:30:00.000,I 20,I 20 and E Wesley Chapel Way,,Angle Crash,2,Clear,Dry,Daylight
2023-10-05T07:10:00.000,I 20,I 20 and E Wesley Chapel Way,,Rear End,2,Clear,Dry,Daylight
2023-06-30T21:00:00.000,I 20,I 20 and E Wesley Chapel Way,,Angle Crash,2,Clear,Dry,Daylight
2023-04-26T06:55:00.000,I 20,I 20 and E Wesley Chapel Way,,Rear End,4,Clear,Dry,Daylight
2023-08-04T16:00:00.000,I 20,I 20 and E Wesley Chapel Way,,Sideswipe-Same Direction,2,Clear,Dry,Daylight
2024-10-19T13:15:00.000,I 20,I 20 and E Wesley Chapel Way,,Sideswipe-Same Direction,2,Clear,Dry,Daylight
2024-07-05T12:30:00.000,I 20,I 20 and E Wesley Chapel Way,,Rear End,3,Clear,Dry,Daylight
2024-11-08T08:25:00.000,I 20,I 20 and E Wesley Chapel Way,,Rear End,2,Clear,Dry,Daylight
2022-02-22T23:46:00.000,I 20,I 20 and E Of Wesley Chapel Rd Exit Rp,,Sideswipe-Same Direction,2,Clear,Dry,Dark-Not Lighted
2021-09-14T19:50:00.000,I 20,I 20 and E Of Post Rd,,Angle Crash,2,Clear,Dry,Dark-Not Lighted
2022-02-24T15:29:00.000,I 20,I 20 and E Of Post Rd,,Rear End,2,Clear,Dry,Daylight
2022-04-29T11:45:00.000,I 20,I 20 and E Of Post Rd,,Rear End,2,Clear,Dry,Daylight
2021-02-23T09:07:00.000,I 20,I 20 and E Of Panoloa Rd,,Not a Collision with Motor Vehicle,1,Clear,Dry,Daylight
2022-02-20T00:59:00.000,I 20,I 20 and E Of Panola Rd,,Rear End,2,Clear,Dry,Dark-Not Lighted
2021-05-07T07:38:00.000,I 20,I 20 and E Of N County Line,,Rear End,2,Clear,Dry,Daylight
2023-08-03T19:38:00.000,I 20,I 20 and E Of Mm78,,Sideswipe-Same Direction,2,Rain,Wet,Daylight
2022-03-24T20:26:00.000,I 20,I 20 and E Of Lee Rd,,Rear End,2,Clear,Dry,Dark-Not Lighted
2021-03-14T11:38:00.000,I 20,I 20 and E Of I20 Exit Ramp 51A,,Sideswipe-Same Direction,2,Clear,Dry,Daylight
2021-09-03T16:51:00.000,I 20,I 20 and E Of I20 Exit Ramp 44,,Rear End,3,Clear,Dry,Daylight
2020-06-03T18:04:00.000,I 20,I 20 and E Of I20 Exit Ramp 44,,Sideswipe-Same Direction,2,Clear,Dry,Daylight
2020-10-28T17:10:00.000,I 20,I 20 and E Of I20 Exit Ramp 44,,Rear End,2,Cloudy,Dry,Daylight
2021-08-12T16:10:00.000,I 20,I 20 and E Of I20 Exit Ramp 44,,Sideswipe-Same Direction,2,Clear,Dry,Daylight
2021-10-08T17:58:00.000,I 20,I 20 and E Of I20 Exit Ramp 44,,Rear End,2,Clear,Dry,Daylight
2022-01-11T14:08:00.000,I 20,I 20 and E Of I20 Exit Ramp 44,,Sideswipe-Same Direction,2,Clear,Dry,Daylight
2021-10-04T17:26:00.000,I 20,I 20 and E Of I20 Exit Ramp 37,,Rear End,2,Rain,Wet,Daylight
2020-08-17T14:13:00.000,I 20,I 20 and E Of I20 Exit Ramp 37,,Rear End,2,Clear,Dry,Daylight
2021-11-17T04:54:00.000,I 20,I 20 and E Of I20 Exit Ramp 37,,Rear End,2,Clear,Dry,Dark-Not Lighted
2021-11-06T10:04:00.000,I 20,I 20 and E Of I20 Exit Ramp 37,,Sideswipe-Same Direction,2,Clear,Dry,Daylight
2022-06-11T23:46:00.000,I 20,I 20 and E Of I20 Exit Ramp 37,,Sideswipe-Same Direction,2,Clear,Dry,Dark-Not Lighted
2022-04-01T10:27:00.000,I 20,I 20 and E Of I20 Exit Ramp 37,,Sideswipe-Same Direction,2,Clear,Dry,Daylight
2022-05-10T16:47:00.000,I 20,I 20 and E Of I20 Exit Ramp 37,,Rear End,2,Clear,Dry,Daylight
2022-01-14T22:52:00.000,I 20,I 20 and E Of I20 Exit Ramp 37,,Rear End,3,Clear,Dry,Dark-Not Lighted
2021-06-25T16:38:00.000,I 20,I 20 and E Of I20 Exit Ramp 30,,Sideswipe-Same Direction,2,Clear,Dry,Daylight
2021-05-11T20:12:00.000,I 20,I 20 and E Of I20 Exit Ramp 30,,Not a Collision with Motor Vehicle,1,Cloudy,Dry,Daylight
2020-10-22T03:46:00.000,I 20,I 20 and E Of I20 Exit Ramp 30,,Not a Collision with Motor Vehicle,1,Clear,Dry,Dark-Not Lighted
2021-03-24T20:16:00.000,I 20,I 20 and E Of I20 Exit Ramp 30,,Sideswipe-Same Direction,2,Clear,Dry,Dark-Not Lighted
2021-03-26T12:20:00.000,I 20,I 20 and E Of I20 Exit Ramp 30,,Sideswipe-Same Direction,2,Clear,Dry,Daylight
2021-09-15T18:34:00.000,I 20,I 20 and E Of I20 Exit Ramp 26,,Not a Collision with Motor Vehicle,1,Rain,Wet,Daylight
2022-01-17T20:44:00.000,I 20,I 20 and E Of I20 Exit Ramp 26,,Sideswipe-Same Direction,2,Clear,Dry,Dark-Not Lighted
2020-08-23T06:17:00.000,I 20,I 20 and E Of I20 Exit Ramp 19,,Not a Collision with Motor Vehicle,1,Clear,Dry,Dark-Not Lighted
2020-03-08T03:09:00.000,I 20,I 20 and E Of I20 Exit Ramp 11,,Not a Collision with Motor Vehicle,1,Clear,Dry,Dark-Not Lighted
2021-06-10T16:04:00.000,I 20,I 20 and E Of I20 Entrance Rp,,Rear End,2,Cloudy,Dry,Daylight
2021-03-10T13:50:00.000,I 20,I 20 and E Of I20 Entrance Rp,,Rear End,4,Clear,Dry,Daylight
2021-07-16T15:15:00.000,I 20,I 20 and E Of I20 Entrance Rp,,Sideswipe-Same Direction,2,Clear,Dry,Daylight
2021-04-13T16:23:00.000,I 20,I 20 and E Of I20 Entrance Rp,,Not a Collision with Motor Vehicle,1,Clear,Dry,Daylight
2021-10-27T12:21:00.000,I 20,I 20 and E Of I20 Entrance Rp,,Rear End,3,Clear,Dry,Daylight
2020-07-06T15:51:00.000,I 20,I 20 and E Of I20 Entrance Rp,,Sideswipe-Same Direction,2,Clear,Dry,Daylight
2020-11-23T17:31:00.000,I 20,I 20 and E Of I20 Entrance Rp,,Rear End,2,Clear,Dry,Dark-Not Lighted
2020-09-07T19:12:00.000,I 20,I 20 and E Of I20 Entrance Rp,,Rear End,3,Clear,Dry,Daylight
2020-04-10T11:06:00.000,I 20,I 20 and E Of I20 Entrance Rp,,Not a Collision with Motor Vehicle,2,Clear,Dry,Daylight
2021-05-30T13:51:00.000,I 20,I 20 and E Of I20 Entrance Rp,,Angle Crash,2,Clear,Dry,Daylight
2022-01-15T23:54:00.000,I 20,I 20 and E Of I20 Entrance Rp,,Sideswipe-Same Direction,2,Rain,Wet,Dark-Not Lighted
2022-02-19T00:33:00.000,I 20,I 20 and E Of I20 Entrance Rp,,Sideswipe-Same Direction,2,Clear,Dry,Dark-Not Lighted
2021-06-11T15:08:00.000,I 20,I 20 and E Of I20 Entrance Ramp 44,,Sideswipe-Same Direction,2,Cloudy,Dry,Daylight
2020-08-22T09:34:00.000,I 20,I 20 and E Of I20 Entrance Ramp 11,,Rear End,2,Clear,Dry,Daylight
2023-03-04T00:00:00.000,I 20,I 20 and E Of Hamilton E. Holmes Dri,,Not a Collision with Motor Vehicle,1,Cloudy,Wet,Dark-Lighted
2020-08-05T16:36:00.000,I 20,I 20 and E Of Douglas County Line,,Sideswipe-Same Direction,2,Clear,Dry,Daylight
2020-01-24T13:24:00.000,I 20,I 20 and E Of Douglas   Cobb Co Lin,,Sideswipe-Same Direction,2,Rain,Wet,Daylight
2021-12-03T12:13:00.000,I 20,I 20 and E Of Bi-20 Exit Ramp 41,,Sideswipe-Same Direction,2,Clear,Dry,Daylight
2022-05-22T15:43:00.000,I 20,I 20 and E Cadley Rd,,Angle Crash,2,Clear,Dry,Daylight
2024-10-18T15:00:00.000,I 20,I 20 and E Cadley Rd,,Angle Crash,1,Clear,Dry,Daylight
2020-08-31T09:47:00.000,I 20,I 20 and E Bound On Ramp Exit 19,,Sideswipe-Same Direction,2,Cloudy,Dry,Daylight
2020-03-29T10:48:00.000,I 20,I 20 and E Bound Mm 17,,Not a Collision with Motor Vehicle,1,Clear,Dry,Daylight
2022-10-12T07:15:00.000,I 20,I 20 and E Bound Exit,,Sideswipe-Same Direction,2,Cloudy,Dry,Daylight
2022-12-31T13:46:00.000,I 20,I 20 and E Bound Entrance Rp,,Not a Collision with Motor Vehicle,1,(None),Wet,Daylight
2023-05-02T08:05:00.000,I 20,I 20 and Dr Martin Luther King Jr Dr,,Sideswipe-Same Direction,4,Clear,Dry,Daylight
2023-10-17T07:04:00.000,I 20,I 20 and Douglas County,,Rear End,2,Clear,Dry,Dark-Not Lighted
2020-05-04T00:10:00.000,I 20,I 20 and Douglas Carroll Line,,Not a Collision with Motor Vehicle,1,Clear,Dry,Dark-Not Lighted
2020-08-25T11:08:00.000,I 20,I 20 and Doris Dr,,Sideswipe-Same Direction,2,Rain,Wet,Daylight
2023-05-22T20:44:00.000,I 20,I 20 and Dogwood Industrial Cir,,Sideswipe-Same Direction,2,Rain,Wet,Dark-Not Lighted
2023-07-03T23:40:00.000,I 20,I 20 and Dogwood Dr,,Not a Collision with Motor Vehicle,3,Clear,Dry,Dark-Lighted
2020-02-16T19:58:00.000,I 20,I 20 and Dogwood Dr,,Rear End,2,Rain,Wet,Dark-Not Lighted
2022-01-08T12:10:00.000,I 20,I 20 and Dogwood Dr,,Sideswipe-Same Direction,2,Clear,Dry,Daylight
2022-05-30T12:00:00.000,I 20,I 20 and Dogwood Dr,,Not a Collision with Motor Vehicle,1,Clear,Dry,Daylight
2022-05-31T14:30:00.000,I 20,I 20 and Dogwood Dr,,Angle Crash,2,Clear,Dry,Daylight
2024-10-18T15:40:00.000,I 20,I 20 and Dogwood Dr,,Sideswipe-Same Direction,2,Clear,Dry,Daylight
2024-11-30T16:48:00.000,I 20,I 20 and Dogwood Dr,,Rear End,3,Clear,Dry,Daylight
2020-06-24T19:05:00.000,I 20,I 20 and Dogwood,,Sideswipe-Same Direction,2,Clear,Wet,Daylight
2020-01-18T21:54:00.000,I 20,I 20 and Dekalb County Line,,Rear End,2,Rain,Wet,Dark-Lighted
2021-11-11T23:20:00.000,I 20,I 20 and Dekalb County Line,,Angle Crash,2,Rain,Wet,Dark-Lighted
2021-07-11T12:48:00.000,I 20,I 20 and Dawn Dr,,Not a Collision with Motor Vehicle,1,Rain,Dry,Daylight
2020-01-13T07:40:00.000,I 20,I 20 and Dawn Dr,,Not a Collision with Motor Vehicle,1,Rain,Wet,Daylight
2022-01-16T13:30:00.000,I 20,I 20 and Dawn Ct,,Not a Collision with Motor Vehicle,1,Cloudy,Snow,Daylight
2020-11-29T16:00:00.000,I 20,I 20 and Daniel Road Opas,,Sideswipe-Same Direction,2,Rain,Wet,Dusk
2022-07-21T07:26:00.000,I 20,I 20 and Daniel Road Opas,,Angle Crash,1,Rain,Wet,Daylight
2021-02-04T05:32:00.000,I 20,I 20 and Daniel Road Brg,,Sideswipe-Same Direction,2,Clear,Dry,Dark-Not Lighted
2021-03-12T17:06:00.000,I 20,I 20 and Daniel Road Brg,,Sideswipe-Same Direction,2,Clear,Dry,Daylight
2022-08-28T02:50:00.000,I 20,I 20 and Daniel Road Brg,,Angle Crash,1,Clear,Dry,Dark-Not Lighted
2022-07-21T07:30:00.000,I 20,I 20 and Daniel Road Brg,,Not a Collision with Motor Vehicle,1,Rain,Wet,Daylight
2022-03-11T19:14:00.000,I 20,I 20 and Daniel Road Brg,,Not a Collision with Motor Vehicle,1,Clear,Dry,Dark-Not Lighted
2022-12-09T18:04:00.000,I 20,I 20 and Daniel Road Brg,,Not a Collision with Motor Vehicle,1,Rain,Wet,Dark-Not Lighted
2022-07-16T06:54:00.000,I 20,I 20 and Daniel Road Brg,,Rear End,2,Cloudy,Dry,Daylight
2024-03-01T12:00:00.000,I 20,I 20 and Daniel Road Brg,,Not a Collision with Motor Vehicle,1,Rain,Wet,Daylight
2021-10-10T15:00:00.000,I 20,I 20 and Daniel Rd.,,Rear End,2,Clear,Dry,Daylight
2023-03-27T09:14:00.000,I 20,I 20 and Daniel Rd.,,Sideswipe-Same Direction,2,Cloudy,Wet,Daylight
2021-02-16T12:59:00.000,I 20,I 20 and Daniel Rd,,Head On,2,Cloudy,Dry,Daylight
2021-05-16T13:42:00.000,I 20,I 20 and Daniel Rd,,Sideswipe-Same Direction,2,Clear,Dry,Daylight