Date and Time,Roadway (From Crash Report),Intersection Name (from Crash Report),KABCO Severity,Manner of Collision (Crash Level) ,# of Vehicles per crash ,Weather Conditions (Crash Level),Surface Condition (Crash Level) ,Light Conditions (Crash Level)
2021-03-16T14:04:00.000,I 20,I 20 and Daniel Rd,,Not a Collision with Motor Vehicle,1,Rain,Wet,Daylight
2020-03-09T09:00:00.000,I 20,I 20 and Daniel Rd,,Rear End,2,Clear,Dry,Daylight
2020-10-29T20:36:00.000,I 20,I 20 and Daniel Rd,,Sideswipe-Same Direction,2,Clear,Dry,Dark-Not Lighted
2021-08-31T09:35:00.000,I 20,I 20 and Daniel Rd,,Not a Collision with Motor Vehicle,1,Rain,Wet,Daylight
2021-09-24T23:40:00.000,I 20,I 20 and Daniel Rd,,Not a Collision with Motor Vehicle,1,Clear,Dry,Dark-Not Lighted
2021-08-17T11:18:00.000,I 20,I 20 and Daniel Rd,,Not a Collision with Motor Vehicle,1,Rain,Wet,Daylight
2023-12-14T10:43:00.000,I 20,I 20 and Daniel Rd,,Rear End,2,Clear,Dry,Daylight
2023-03-12T08:33:00.000,I 20,I 20 and Daniel Rd,,Not a Collision with Motor Vehicle,1,Rain,Wet,Daylight
2021-04-05T06:40:00.000,I 20,I 20 and Crowell Rd,,Rear End,3,Clear,Dry,Dawn
2021-07-25T17:39:00.000,I 20,I 20 and Crowell Rd,,Sideswipe-Same Direction,2,Clear,Dry,Daylight
2021-08-08T15:22:00.000,I 20,I 20 and Crowell Rd,,Sideswipe-Same Direction,2,Clear,Dry,Daylight
2023-03-02T21:25:00.000,I 20,I 20 and Crowell Rd,,Sideswipe-Same Direction,2,Rain,Wet,Dark-Not Lighted
2020-05-22T19:00:00.000,I 20,I 20 and Crowell Rd,,Rear End,3,Clear,Dry,Dusk
2020-12-01T08:00:00.000,I 20,I 20 and Crowell Rd,,Sideswipe-Same Direction,2,Clear,Dry,Daylight
2020-12-16T23:12:00.000,I 20,I 20 and Crowell Rd,,Angle Crash,2,Clear,Dry,Dark-Not Lighted
2021-07-19T18:33:00.000,I 20,I 20 and Crowell Rd,,Rear End,2,Rain,Wet,Daylight
2022-10-12T05:40:00.000,I 20,I 20 and Crowell Rd,,Sideswipe-Same Direction,1,Clear,Dry,Dark-Not Lighted
2024-12-07T14:21:00.000,I 20,I 20 and Crowell Rd,,Rear End,3,Clear,Dry,Daylight
2023-10-01T18:17:00.000,I 20,I 20 and Crowell Rd,,Rear End,2,Clear,Dry,Dark-Not Lighted
2024-12-02T11:00:00.000,I 20,I 20 and Crowell Rd,,Sideswipe-Same Direction,2,Clear,Dry,Daylight
2024-10-17T19:45:00.000,I 20,I 20 and Crowell Rd,,Rear End,2,Clear,Dry,Dark-Not Lighted
2022-06-27T01:40:00.000,I 20,I 20 and Covington Hwy,,Not a Collision with Motor Vehicle,1,Clear,Dry,Dark-Not Lighted
2022-12-13T11:35:00.000,I 20,I 20 and Covington Hwy,,Rear End,2,Clear,Dry,Daylight
2022-03-20T17:20:00.000,I 20,I 20 and Covington Hwy,,Angle Crash,2,Clear,Dry,Daylight
2024-03-25T22:50:00.000,I 20,I 20 and Covington Hwy,,Sideswipe-Same Direction,2,Cloudy,Dry,Dark-Lighted
2024-09-29T04:00:00.000,I 20,I 20 and Covington Hwy,,Rear End,2,Clear,Dry,Dark-Not Lighted
2022-06-30T07:35:00.000,I 20,I 20 and County Line Rd,,Rear End,2,Clear,Dry,Daylight
2022-05-27T19:00:00.000,I 20,I 20 and County Line Rd,,Rear End,2,Cloudy,Dry,Daylight
2021-03-08T16:46:00.000,I 20,I 20 and County Line Brg,,Rear End,3,Clear,Dry,Daylight
2023-10-05T04:35:00.000,I 20,I 20 and County Line Brg,,(None),2,(None),(None),(None)
2021-06-20T13:09:00.000,I 20,I 20 and County Line,,Rear End,2,Clear,Dry,Daylight
2021-04-15T12:44:00.000,I 20,I 20 and County Line,,Angle Crash,2,Clear,Dry,Daylight
2021-09-28T06:52:00.000,I 20,I 20 and County Line,,Rear End,2,Clear,Dry,Daylight
2021-12-15T06:43:00.000,I 20,I 20 and County Line,,Rear End,2,Clear,Dry,Daylight
2021-08-25T13:30:00.000,I 20,I 20 and County Line,,Sideswipe-Same Direction,2,Clear,Dry,Daylight
2021-05-14T12:39:00.000,I 20,I 20 and County Line,,Rear End,2,Cloudy,Dry,Daylight
2020-03-13T10:15:00.000,I 20,I 20 and County Line,,Rear End,3,Cloudy,Dry,Daylight
2020-08-24T08:27:00.000,I 20,I 20 and County Line,,Rear End,2,Rain,Wet,Daylight
2020-02-10T16:55:00.000,I 20,I 20 and County Line,,(None),2,(None),(None),(None)
2020-07-30T19:30:00.000,I 20,I 20 and County Line,,Sideswipe-Same Direction,1,Clear,Dry,Daylight
2020-08-21T10:23:00.000,I 20,I 20 and County Line,,Not a Collision with Motor Vehicle,1,Cloudy,Wet,Daylight
2021-03-28T15:00:00.000,I 20,I 20 and County Line,,Rear End,2,Cloudy,Dry,Daylight
2022-11-09T07:32:00.000,I 20,I 20 and County Line,,Rear End,2,Clear,Dry,Daylight
2021-07-19T13:36:00.000,I 20,I 20 and County Line,,Rear End,3,Cloudy,Dry,Daylight
2022-03-21T08:38:00.000,I 20,I 20 and County Line,,Rear End,3,Clear,Dry,Daylight
2022-02-23T08:40:00.000,I 20,I 20 and County Line,,Rear End,2,Rain,Wet,Daylight
2022-04-28T15:28:00.000,I 20,I 20 and County Line,,Not a Collision with Motor Vehicle,2,Clear,Wet,Daylight
2024-05-03T10:30:00.000,I 20,I 20 and County Line,,Rear End,2,Clear,Dry,Daylight
2023-06-23T13:41:00.000,I 20,I 20 and County Line,,Rear End,2,Clear,Dry,Daylight
2024-04-08T10:57:00.000,I 20,I 20 and County Line,,Rear End,3,Clear,Dry,Daylight
2022-06-04T23:09:00.000,I 20,I 20 and Coumbia Dr,,Not a Collision with Motor Vehicle,1,Clear,Dry,Dark-Not Lighted
2023-02-23T05:24:00.000,I 20,I 20 and Coumbia Dr,,Rear End,2,Cloudy,Dry,Dark-Lighted
2021-03-30T21:50:00.000,I 20,I 20 and Cook Rd,,Rear End,2,Clear,Dry,Dark-Lighted
2021-05-12T10:50:00.000,I 20,I 20 and Cook Rd,,Rear End,2,Cloudy,Wet,Daylight
2023-07-18T14:40:00.000,I 20,I 20 and Cook Rd,,Angle Crash,2,Clear,Dry,Daylight
2020-07-29T12:30:00.000,I 20,I 20 and Cook Rd,,Rear End,2,Rain,Wet,Daylight
2020-10-10T23:30:00.000,I 20,I 20 and Cook Rd,,Not a Collision with Motor Vehicle,1,Rain,Wet,Dark-Lighted
2020-06-15T07:30:00.000,I 20,I 20 and Cook Rd,,Angle Crash,3,Clear,Dry,Daylight
2020-07-29T00:30:00.000,I 20,I 20 and Cook Rd,,Not a Collision with Motor Vehicle,1,Clear,Dry,Daylight
2020-07-29T12:00:00.000,I 20,I 20 and Cook Rd,,Rear End,2,Rain,Wet,Daylight
2024-06-21T16:54:00.000,I 20,I 20 and Cook Rd,,Sideswipe-Same Direction,2,Clear,Dry,Daylight
2024-05-01T15:00:00.000,I 20,I 20 and Cook Rd,,Sideswipe-Same Direction,2,Clear,Dry,Daylight
2024-06-11T19:11:00.000,I 20,I 20 and Cook Rd,,Not a Collision with Motor Vehicle,1,Clear,Dry,Daylight
2024-10-17T07:50:00.000,I 20,I 20 and Cook Rd,,Rear End,2,Clear,Dry,Daylight
2024-12-10T16:55:00.000,I 20,I 20 and Connector Opas,,Rear End,2,Rain,Wet,Dusk
2021-08-22T02:30:00.000,I 20,I 20 and Connector,,Not a Collision with Motor Vehicle,1,Clear,Dry,Dark-Lighted
2024-01-05T13:15:00.000,I 20,I 20 and Connector,,Sideswipe-Same Direction,2,Clear,Dry,Daylight
2024-01-22T11:00:00.000,I 20,I 20 and Conn N On Rp,,Angle Crash,2,Clear,Dry,Daylight
2022-06-25T04:50:00.000,I 20,I 20 and Columboa Dr,,Not a Collision with Motor Vehicle,1,Clear,Dry,Dark-Not Lighted
2021-12-19T20:49:00.000,I 20,I 20 and Columbia Woods Dr,,Rear End,2,Clear,Dry,Dark-Lighted
2021-07-12T14:36:00.000,I 20,I 20 and Columbia Woods Dr,,Not a Collision with Motor Vehicle,1,Rain,Wet,Daylight
2022-03-31T06:12:00.000,I 20,I 20 and Columbia Woods Dr,,Sideswipe-Same Direction,2,Rain,Wet,Dark-Lighted
2022-02-27T18:38:00.000,I 20,I 20 and Columbia Woods Dr,,Sideswipe-Same Direction,2,Cloudy,Wet,Dark-Lighted
2022-02-20T20:27:00.000,I 20,I 20 and Columbia Woods Dr,,Sideswipe-Same Direction,2,Clear,Dry,Dark-Lighted
2022-02-27T11:12:00.000,I 20,I 20 and Columbia Woods Dr,,Rear End,2,Rain,Wet,Daylight
2024-07-23T18:00:00.000,I 20,I 20 and Columbia Woods Dr,,Rear End,2,Cloudy,Dry,Daylight
2023-02-23T00:00:00.000,I 20,I 20 and Columbia Woods Dr,,Sideswipe-Same Direction,2,Clear,Dry,Dark-Not Lighted
2024-09-26T16:40:00.000,I 20,I 20 and Columbia Woods Dr,,Not a Collision with Motor Vehicle,1,Rain,Wet,Daylight
2024-07-09T18:25:00.000,I 20,I 20 and Columbia Woods Dr,,Not a Collision with Motor Vehicle,1,Rain,Wet,Daylight
2022-03-31T06:40:00.000,I 20,I 20 and Columbia Drive Opas,,Not a Collision with Motor Vehicle,1,Rain,Wet,Dark-Not Lighted
2020-09-17T07:08:00.000,I 20,I 20 and Columbia Drive Exit,,Not a Collision with Motor Vehicle,1,Rain,Wet,Daylight
2022-06-07T08:40:00.000,I 20,I 20 and Columbia Dr. Exit,,Sideswipe-Same Direction,2,Cloudy,Dry,Daylight
2024-04-02T23:45:00.000,I 20,I 20 and Columbia Dr.   Exit 66,,Angle Crash,2,Rain,Wet,Dark-Lighted
2021-12-24T19:18:00.000,I 20,I 20 and Columbia Dr.,,Rear End,2,Clear,Dry,Dark-Lighted
2023-07-15T13:12:00.000,I 20,I 20 and Columbia Dr.,,Sideswipe-Same Direction,2,Clear,Dry,Daylight
2023-08-31T10:13:00.000,I 20,I 20 and Columbia Dr.,,Not a Collision with Motor Vehicle,1,Clear,Dry,Daylight
2024-03-04T20:28:00.000,I 20,I 20 and Columbia Dr.,,Rear End,2,Clear,Dry,Dark-Not Lighted
2023-03-08T14:04:00.000,I 20,I 20 and Columbia Dr.,,Sideswipe-Same Direction,2,Clear,Dry,Daylight
2024-04-23T06:36:00.000,I 20,I 20 and Columbia Dr.,,Rear End,2,Clear,Dry,Daylight
2021-05-27T16:00:00.000,I 20,I 20 and Columbia Dr,,Rear End,2,Clear,Dry,Daylight
2021-05-28T16:15:00.000,I 20,I 20 and Columbia Dr,,Rear End,2,Clear,Dry,Daylight
2021-03-18T11:00:00.000,I 20,I 20 and Columbia Dr,,Not a Collision with Motor Vehicle,1,Rain,Water (standing or moving),Daylight
2021-05-03T14:30:00.000,I 20,I 20 and Columbia Dr,,Angle Crash,2,Rain,Wet,Daylight
2021-05-08T21:18:00.000,I 20,I 20 and Columbia Dr,,Angle Crash,2,Clear,Dry,Dark-Lighted
2021-05-01T13:00:00.000,I 20,I 20 and Columbia Dr,,Not a Collision with Motor Vehicle,2,Clear,Dry,Daylight
2021-04-18T18:22:00.000,I 20,I 20 and Columbia Dr,,Angle Crash,2,Clear,Dry,Daylight
2021-06-09T21:50:00.000,I 20,I 20 and Columbia Dr,,Angle Crash,2,Rain,Wet,Dark-Not Lighted
2021-04-05T17:15:00.000,I 20,I 20 and Columbia Dr,,Not a Collision with Motor Vehicle,1,Clear,Dry,Daylight
2021-07-25T14:15:00.000,I 20,I 20 and Columbia Dr,,Sideswipe-Same Direction,2,Clear,Dry,Daylight
2021-08-31T16:58:00.000,I 20,I 20 and Columbia Dr,,Not a Collision with Motor Vehicle,1,Clear,Dry,Daylight
2021-07-09T16:35:00.000,I 20,I 20 and Columbia Dr,,Rear End,2,Rain,Wet,Daylight
2021-07-17T22:13:00.000,I 20,I 20 and Columbia Dr,,Sideswipe-Same Direction,2,Clear,Dry,Dark-Lighted
2021-10-05T10:20:00.000,I 20,I 20 and Columbia Dr,,Angle Crash,2,Rain,Wet,Daylight
2021-12-17T15:50:00.000,I 20,I 20 and Columbia Dr,,Angle Crash,2,Cloudy,Dry,Daylight
2021-08-21T23:00:00.000,I 20,I 20 and Columbia Dr,,Rear End,2,Clear,Dry,Dark-Lighted
2021-11-28T01:00:00.000,I 20,I 20 and Columbia Dr,,Sideswipe-Same Direction,2,Clear,Dry,Dark-Not Lighted
2021-10-24T16:37:00.000,I 20,I 20 and Columbia Dr,,Rear End,2,Clear,Dry,Daylight
2021-01-01T13:20:00.000,I 20,I 20 and Columbia Dr,,Not a Collision with Motor Vehicle,1,Rain,Wet,Daylight
2021-04-24T09:08:00.000,I 20,I 20 and Columbia Dr,,Angle Crash,3,Rain,Wet,Daylight
2021-06-22T05:59:00.000,I 20,I 20 and Columbia Dr,,Not a Collision with Motor Vehicle,1,Rain,Wet,Daylight
2021-05-08T21:15:00.000,I 20,I 20 and Columbia Dr,,Head On,3,Clear,Dry,Dark-Lighted
2021-01-01T12:40:00.000,I 20,I 20 and Columbia Dr,,Angle Crash,4,Rain,Wet,Daylight
2021-06-21T16:37:00.000,I 20,I 20 and Columbia Dr,,Rear End,2,Clear,Dry,Daylight
2021-03-10T22:34:00.000,I 20,I 20 and Columbia Dr,,Sideswipe-Same Direction,2,Cloudy,Dry,Dark-Lighted
2021-02-04T12:00:00.000,I 20,I 20 and Columbia Dr,,Sideswipe-Same Direction,2,Cloudy,Dry,Daylight
2021-05-14T15:30:00.000,I 20,I 20 and Columbia Dr,,Sideswipe-Opposite Direction,2,Clear,Dry,Daylight
2021-12-16T20:00:00.000,I 20,I 20 and Columbia Dr,,Rear End,2,Clear,Dry,Dark-Lighted
2021-11-08T18:01:00.000,I 20,I 20 and Columbia Dr,,Rear End,2,Clear,Dry,Dark-Lighted
2021-09-19T09:49:00.000,I 20,I 20 and Columbia Dr,,Not a Collision with Motor Vehicle,1,Rain,Wet,Daylight
2021-08-17T09:04:00.000,I 20,I 20 and Columbia Dr,,Rear End,2,Rain,Water (standing or moving),Daylight
2021-12-30T16:25:00.000,I 20,I 20 and Columbia Dr,,Angle Crash,2,Rain,Wet,Daylight
2021-09-04T09:13:00.000,I 20,I 20 and Columbia Dr,,Sideswipe-Same Direction,2,Clear,Dry,Daylight
2021-12-29T09:16:00.000,I 20,I 20 and Columbia Dr,,Rear End,5,Rain,Water (standing or moving),Daylight
2021-08-19T16:13:00.000,I 20,I 20 and Columbia Dr,,Not a Collision with Motor Vehicle,1,Rain,Wet,Daylight
2021-08-14T17:30:00.000,I 20,I 20 and Columbia Dr,,Sideswipe-Same Direction,2,Rain,Wet,Daylight
2021-10-13T15:30:00.000,I 20,I 20 and Columbia Dr,,Rear End,2,Clear,Dry,Daylight
2021-10-25T17:30:00.000,I 20,I 20 and Columbia Dr,,Rear End,2,Cloudy,Dry,Daylight
2021-05-02T15:07:00.000,I 20,I 20 and Columbia Dr,,Not a Collision with Motor Vehicle,1,Clear,Dry,Daylight
2021-03-09T17:00:00.000,I 20,I 20 and Columbia Dr,,Rear End,2,Clear,Dry,Daylight
2021-06-06T22:06:00.000,I 20,I 20 and Columbia Dr,,Rear End,2,Cloudy,Wet,Dark-Lighted
2021-02-13T06:57:00.000,I 20,I 20 and Columbia Dr,,Not a Collision with Motor Vehicle,1,Rain,Wet,Dark-Lighted
2021-06-19T22:10:00.000,I 20,I 20 and Columbia Dr,,Not a Collision with Motor Vehicle,1,Rain,Wet,Dark-Lighted
2021-02-14T21:00:00.000,I 20,I 20 and Columbia Dr,,Sideswipe-Same Direction,2,Clear,Dry,Dark-Lighted
2021-12-29T09:16:00.000,I 20,I 20 and Columbia Dr,,Not a Collision with Motor Vehicle,1,Severe Thunderstorm or Tornadic,Water (standing or moving),Daylight
2021-07-27T22:29:00.000,I 20,I 20 and Columbia Dr,,Not a Collision with Motor Vehicle,1,Cloudy,Wet,Dark-Not Lighted
2021-10-06T07:10:00.000,I 20,I 20 and Columbia Dr,,Not a Collision with Motor Vehicle,1,Rain,Wet,Dark-Lighted
2021-08-19T16:15:00.000,I 20,I 20 and Columbia Dr,,Not a Collision with Motor Vehicle,1,Rain,Wet,Daylight
2021-06-19T19:45:00.000,I 20,I 20 and Columbia Dr,,Not a Collision with Motor Vehicle,1,Rain,Wet,Dusk
2021-02-13T22:14:00.000,I 20,I 20 and Columbia Dr,,Rear End,2,Cloudy,Dry,Dark-Lighted
2021-02-16T20:10:00.000,I 20,I 20 and Columbia Dr,,Rear End,4,Clear,Dry,Daylight
2021-04-16T01:51:00.000,I 20,I 20 and Columbia Dr,,Angle Crash,2,Clear,Dry,Dark-Lighted
2021-06-19T12:50:00.000,I 20,I 20 and Columbia Dr,,Sideswipe-Same Direction,2,Rain,Wet,Daylight
2021-03-04T23:10:00.000,I 20,I 20 and Columbia Dr,,Sideswipe-Same Direction,2,Clear,Dry,Dark-Lighted
2020-01-13T17:15:00.000,I 20,I 20 and Columbia Dr,,Rear End,2,Cloudy,Wet,Daylight
2020-08-10T14:29:00.000,I 20,I 20 and Columbia Dr,,Angle Crash,3,Severe Thunderstorm or Tornadic,Wet,Daylight
2023-03-12T06:40:00.000,I 20,I 20 and Columbia Dr,,Not a Collision with Motor Vehicle,1,Rain,Wet,Dark-Lighted
2023-09-16T13:15:00.000,I 20,I 20 and Columbia Dr,,Not a Collision with Motor Vehicle,1,Rain,Wet,Daylight
2023-09-10T04:05:00.000,I 20,I 20 and Columbia Dr,,Rear End,2,Clear,Wet,Dark-Lighted
2023-09-16T13:18:00.000,I 20,I 20 and Columbia Dr,,Rear End,2,Cloudy,Wet,Daylight
2023-09-20T16:45:00.000,I 20,I 20 and Columbia Dr,,Sideswipe-Same Direction,2,Clear,Dry,Daylight
2023-07-28T23:00:00.000,I 20,I 20 and Columbia Dr,,Rear End,2,Clear,Dry,Dark-Lighted
2023-05-20T06:15:00.000,I 20,I 20 and Columbia Dr,,Not a Collision with Motor Vehicle,1,Rain,Wet,Dark-Lighted
2023-01-11T16:25:00.000,I 20,I 20 and Columbia Dr,,Angle Crash,2,Clear,Dry,Daylight
2023-08-28T19:58:00.000,I 20,I 20 and Columbia Dr,,Not a Collision with Motor Vehicle,1,Rain,Wet,Dark-Lighted
2023-09-14T09:00:00.000,I 20,I 20 and Columbia Dr,,Not a Collision with Motor Vehicle,1,Clear,Dry,Daylight
2023-12-24T20:35:00.000,I 20,I 20 and Columbia Dr,,Rear End,2,Rain,Wet,Dark-Not Lighted
2023-10-24T21:31:00.000,I 20,I 20 and Columbia Dr,,Not a Collision with Motor Vehicle,1,Clear,Dry,Dark-Lighted
2023-04-08T15:05:00.000,I 20,I 20 and Columbia Dr,,Rear End,2,Rain,Wet,Daylight
2023-06-07T17:30:00.000,I 20,I 20 and Columbia Dr,,Sideswipe-Same Direction,2,Clear,Dry,Daylight
2023-02-02T21:43:00.000,I 20,I 20 and Columbia Dr,,Not a Collision with Motor Vehicle,1,Rain,Water (standing or moving),Dark-Lighted
2023-02-10T23:00:00.000,I 20,I 20 and Columbia Dr,,Sideswipe-Same Direction,2,Clear,Dry,Dark-Not Lighted
2023-03-20T22:55:00.000,I 20,I 20 and Columbia Dr,,Sideswipe-Same Direction,2,Clear,Dry,Dark-Lighted
2023-02-08T21:00:00.000,I 20,I 20 and Columbia Dr,,Sideswipe-Same Direction,2,Clear,Dry,Dark-Not Lighted
2023-01-26T03:35:00.000,I 20,I 20 and Columbia Dr,,Rear End,2,Clear,Dry,Dark-Lighted
2023-12-25T12:53:00.000,I 20,I 20 and Columbia Dr,,Not a Collision with Motor Vehicle,1,Rain,Wet,Daylight
2023-02-02T17:45:00.000,I 20,I 20 and Columbia Dr,,Rear End,2,Rain,Wet,Dark-Lighted
2023-02-25T23:50:00.000,I 20,I 20 and Columbia Dr,,Not a Collision with Motor Vehicle,1,Clear,Dry,Daylight
2023-12-19T19:20:00.000,I 20,I 20 and Columbia Dr,,Sideswipe-Same Direction,2,Clear,Dry,Dark-Lighted
2023-06-19T07:39:00.000,I 20,I 20 and Columbia Dr,,Head On,3,Rain,Wet,Daylight
2023-02-26T20:05:00.000,I 20,I 20 and Columbia Dr,,Rear End,2,Clear,Dry,Dark-Lighted
2023-05-29T02:59:00.000,I 20,I 20 and Columbia Dr,,Not a Collision with Motor Vehicle,1,Clear,Dry,Dark-Lighted
2023-01-15T16:38:00.000,I 20,I 20 and Columbia Dr,,Sideswipe-Same Direction,2,Clear,Dry,Daylight
2023-07-22T14:09:00.000,I 20,I 20 and Columbia Dr,,Rear End,2,Clear,Dry,Daylight
2023-10-15T17:00:00.000,I 20,I 20 and Columbia Dr,,Rear End,2,Cloudy,Dry,Daylight
2023-05-30T18:52:00.000,I 20,I 20 and Columbia Dr,,Sideswipe-Same Direction,3,Clear,Dry,Daylight
2023-04-10T22:50:00.000,I 20,I 20 and Columbia Dr,,Sideswipe-Same Direction,2,Clear,Dry,Dark-Lighted
2023-02-11T20:20:00.000,I 20,I 20 and Columbia Dr,,Angle Crash,2,Rain,Wet,Dark-Not Lighted
2022-12-11T15:00:00.000,I 20,I 20 and Columbia Dr,,Not a Collision with Motor Vehicle,1,Rain,Wet,Daylight
2022-02-21T19:28:00.000,I 20,I 20 and Columbia Dr,,Head On,2,Rain,Wet,Dark-Not Lighted
2022-11-19T11:35:00.000,I 20,I 20 and Columbia Dr,,Rear End,2,Clear,Dry,Daylight
2022-12-05T19:54:00.000,I 20,I 20 and Columbia Dr,,Not a Collision with Motor Vehicle,1,Rain,Wet,Dark-Lighted
2021-11-12T19:15:00.000,I 20,I 20 and Columbia Dr,,Rear End,2,Clear,Dry,Dark-Not Lighted
2020-02-24T18:26:00.000,I 20,I 20 and Columbia Dr,,Rear End,2,Rain,Water (standing or moving),Dark-Lighted
2020-08-22T02:00:00.000,I 20,I 20 and Columbia Dr,,Not a Collision with Motor Vehicle,1,Clear,Dry,Dark-Lighted
2020-12-15T14:15:00.000,I 20,I 20 and Columbia Dr,,Not a Collision with Motor Vehicle,1,Clear,Dry,Daylight
2020-12-14T05:23:00.000,I 20,I 20 and Columbia Dr,,Not a Collision with Motor Vehicle,1,Rain,Wet,Dark-Lighted
2020-01-03T12:41:00.000,I 20,I 20 and Columbia Dr,,Not a Collision with Motor Vehicle,1,Rain,Wet,Daylight
2020-10-29T07:00:00.000,I 20,I 20 and Columbia Dr,,Sideswipe-Same Direction,2,Rain,Wet,Dark-Lighted
2020-10-10T05:50:00.000,I 20,I 20 and Columbia Dr,,Not a Collision with Motor Vehicle,1,Rain,Wet,Dark-Lighted
2020-12-16T08:00:00.000,I 20,I 20 and Columbia Dr,,Rear End,2,Rain,Wet,Daylight
2020-03-02T15:55:00.000,I 20,I 20 and Columbia Dr,,Angle Crash,2,Rain,Wet,Daylight
2020-02-06T18:00:00.000,I 20,I 20 and Columbia Dr,,Angle Crash,2,Rain,Wet,Daylight
2020-11-07T11:50:00.000,I 20,I 20 and Columbia Dr,,Not a Collision with Motor Vehicle,1,Cloudy,Wet,Daylight
2020-06-19T16:45:00.000,I 20,I 20 and Columbia Dr,,Rear End,2,Clear,Dry,Daylight
2020-07-06T18:10:00.000,I 20,I 20 and Columbia Dr,,Rear End,2,Rain,Wet,Daylight
2020-10-24T11:00:00.000,I 20,I 20 and Columbia Dr,,Not a Collision with Motor Vehicle,1,Clear,Dry,Daylight
2020-04-13T09:00:00.000,I 20,I 20 and Columbia Dr,,Rear End,2,Clear,Dry,Daylight
2020-01-11T19:20:00.000,I 20,I 20 and Columbia Dr,,Not a Collision with Motor Vehicle,1,Rain,Wet,Dark-Lighted
2020-08-19T21:32:00.000,I 20,I 20 and Columbia Dr,,Not a Collision with Motor Vehicle,1,Rain,Wet,Dark-Lighted
2020-02-20T12:37:00.000,I 20,I 20 and Columbia Dr,,Not a Collision with Motor Vehicle,1,Rain,Wet,Daylight
2020-09-16T21:40:00.000,I 20,I 20 and Columbia Dr,,Not a Collision with Motor Vehicle,1,Rain,Wet,Dark-Not Lighted
2020-12-30T23:39:00.000,I 20,I 20 and Columbia Dr,,Angle Crash,2,Clear,Dry,Dark-Lighted
2020-07-25T12:40:00.000,I 20,I 20 and Columbia Dr,,Rear End,2,Clear,Dry,Daylight
2020-12-31T12:39:00.000,I 20,I 20 and Columbia Dr,,Rear End,2,Fog,Dry,Daylight
2020-08-17T13:26:00.000,I 20,I 20 and Columbia Dr,,Not a Collision with Motor Vehicle,1,Cloudy,Water (standing or moving),Daylight
2020-01-03T09:27:00.000,I 20,I 20 and Columbia Dr,,Rear End,2,Clear,Dry,Daylight
2020-09-16T21:40:00.000,I 20,I 20 and Columbia Dr,,Not a Collision with Motor Vehicle,1,Rain,Wet,Dark-Not Lighted
2020-04-09T06:00:00.000,I 20,I 20 and Columbia Dr,,Not a Collision with Motor Vehicle,1,Rain,Wet,Dark-Not Lighted
2020-07-06T22:05:00.000,I 20,I 20 and Columbia Dr,,Not a Collision with Motor Vehicle,1,Rain,Wet,Dark-Lighted
2020-10-24T11:08:00.000,I 20,I 20 and Columbia Dr,,Not a Collision with Motor Vehicle,1,Clear,Dry,Daylight
2020-01-03T09:36:00.000,I 20,I 20 and Columbia Dr,,Not a Collision with Motor Vehicle,1,Rain,Wet,Daylight
2020-01-19T03:00:00.000,I 20,I 20 and Columbia Dr,,Sideswipe-Same Direction,2,Cloudy,Wet,Dark-Lighted
2020-06-06T17:30:00.000,I 20,I 20 and Columbia Dr,,Sideswipe-Same Direction,2,Clear,Dry,Daylight
2020-12-31T07:25:00.000,I 20,I 20 and Columbia Dr,,Rear End,2,Fog,Dry,Dark-Lighted
2020-12-31T07:25:00.000,I 20,I 20 and Columbia Dr,,Rear End,2,Fog,Dry,Dark-Lighted
2020-09-24T14:16:00.000,I 20,I 20 and Columbia Dr,,Not a Collision with Motor Vehicle,1,Rain,Wet,Daylight
2020-07-09T20:15:00.000,I 20,I 20 and Columbia Dr,,Angle Crash,2,Rain,Wet,Dark-Lighted
2020-12-18T22:00:00.000,I 20,I 20 and Columbia Dr,,Angle Crash,2,Clear,Dry,Dark-Lighted
2020-09-24T14:16:00.000,I 20,I 20 and Columbia Dr,,Rear End,2,Cloudy,Wet,Daylight
2020-08-25T18:48:00.000,I 20,I 20 and Columbia Dr,,Rear End,2,Cloudy,Dry,Dawn
2020-03-05T06:40:00.000,I 20,I 20 and Columbia Dr,,Rear End,2,Rain,Wet,Dark-Lighted
2020-04-09T05:30:00.000,I 20,I 20 and Columbia Dr,,Rear End,2,Rain,Wet,Dark-Not Lighted
2020-06-09T14:50:00.000,I 20,I 20 and Columbia Dr,,Not a Collision with Motor Vehicle,1,Rain,Wet,Daylight
2020-10-10T05:30:00.000,I 20,I 20 and Columbia Dr,,Not a Collision with Motor Vehicle,1,Rain,Wet,Dark-Lighted
2020-02-06T15:20:00.000,I 20,I 20 and Columbia Dr,,Not a Collision with Motor Vehicle,1,Rain,Wet,Daylight
2020-10-10T06:51:00.000,I 20,I 20 and Columbia Dr,,Rear End,2,Rain,Wet,Dark-Lighted