Date and Time,Roadway (From Crash Report),Intersection Name (from Crash Report),KABCO Severity,Manner of Collision (Crash Level) ,# of Vehicles per crash ,Weather Conditions (Crash Level),Surface Condition (Crash Level) ,Light Conditions (Crash Level)
2020-12-12T22:15:00.000,I 20,I 20 and Columbia Dr,,Angle Crash,2,Rain,Wet,Dark-Lighted
2020-09-17T07:08:00.000,I 20,I 20 and Columbia Dr,,Rear End,3,Rain,Wet,Daylight
2020-12-24T09:45:00.000,I 20,I 20 and Columbia Dr,,Not a Collision with Motor Vehicle,2,Rain,Wet,Daylight
2020-07-06T18:39:00.000,I 20,I 20 and Columbia Dr,,Not a Collision with Motor Vehicle,1,Rain,Wet,Daylight
2020-04-19T21:38:00.000,I 20,I 20 and Columbia Dr,,Not a Collision with Motor Vehicle,1,Rain,Wet,Dark-Not Lighted
2020-09-24T14:16:00.000,I 20,I 20 and Columbia Dr,,Not a Collision with Motor Vehicle,1,Rain,Wet,Daylight
2020-10-10T05:50:00.000,I 20,I 20 and Columbia Dr,,Angle Crash,2,Rain,Wet,Dark-Lighted
2020-08-09T00:23:00.000,I 20,I 20 and Columbia Dr,,Rear End,2,Clear,Dry,Dark-Lighted
2020-01-21T16:39:00.000,I 20,I 20 and Columbia Dr,,Rear End,2,Clear,Dry,Daylight
2020-12-28T16:21:00.000,I 20,I 20 and Columbia Dr,,Angle Crash,2,Clear,Dry,Daylight
2020-03-23T11:35:00.000,I 20,I 20 and Columbia Dr,,Not a Collision with Motor Vehicle,1,Rain,Wet,Daylight
2020-07-15T19:54:00.000,I 20,I 20 and Columbia Dr,,Angle Crash,3,Rain,Wet,Daylight
2020-03-05T13:40:00.000,I 20,I 20 and Columbia Dr,,Not a Collision with Motor Vehicle,1,Rain,Wet,Daylight
2021-02-07T08:54:00.000,I 20,I 20 and Columbia Dr,,Not a Collision with Motor Vehicle,1,Clear,Wet,Daylight
2021-06-27T17:30:00.000,I 20,I 20 and Columbia Dr,,Sideswipe-Same Direction,2,Clear,Dry,Daylight
2021-01-01T12:15:00.000,I 20,I 20 and Columbia Dr,,Not a Collision with Motor Vehicle,1,Clear,Wet,Daylight
2021-02-09T16:05:00.000,I 20,I 20 and Columbia Dr,,Rear End,2,Clear,Dry,Daylight
2021-02-13T08:51:00.000,I 20,I 20 and Columbia Dr,,Not a Collision with Motor Vehicle,1,Rain,Wet,Daylight
2021-04-24T07:04:00.000,I 20,I 20 and Columbia Dr,,Not a Collision with Motor Vehicle,1,Rain,Wet,Daylight
2021-03-18T11:00:00.000,I 20,I 20 and Columbia Dr,,Not a Collision with Motor Vehicle,1,Rain,Water (standing or moving),Daylight
2021-03-15T20:15:00.000,I 20,I 20 and Columbia Dr,,Not a Collision with Motor Vehicle,6,Clear,Dry,Dark-Lighted
2021-03-18T11:00:00.000,I 20,I 20 and Columbia Dr,,Not a Collision with Motor Vehicle,1,Rain,Water (standing or moving),Daylight
2021-03-18T16:42:00.000,I 20,I 20 and Columbia Dr,,Not a Collision with Motor Vehicle,1,Clear,Dry,Daylight
2021-05-03T17:40:00.000,I 20,I 20 and Columbia Dr,,Angle Crash,2,Rain,Wet,Daylight
2021-06-20T10:45:00.000,I 20,I 20 and Columbia Dr,,Not a Collision with Motor Vehicle,1,Clear,Dry,Daylight
2021-06-06T22:13:00.000,I 20,I 20 and Columbia Dr,,Rear End,3,Rain,Wet,Dark-Lighted
2021-06-19T22:10:00.000,I 20,I 20 and Columbia Dr,,Not a Collision with Motor Vehicle,1,Rain,Wet,Dark-Lighted
2021-01-05T15:14:00.000,I 20,I 20 and Columbia Dr,,Rear End,3,Clear,Dry,Daylight
2021-05-02T19:28:00.000,I 20,I 20 and Columbia Dr,,Not a Collision with Motor Vehicle,1,Clear,Dry,Daylight
2021-07-08T17:50:00.000,I 20,I 20 and Columbia Dr,,Sideswipe-Same Direction,2,Clear,Dry,Daylight
2021-09-27T08:25:00.000,I 20,I 20 and Columbia Dr,,Rear End,2,Clear,Dry,Daylight
2021-08-17T22:32:00.000,I 20,I 20 and Columbia Dr,,Not a Collision with Motor Vehicle,1,Clear,Dry,Dark-Not Lighted
2021-10-17T19:57:00.000,I 20,I 20 and Columbia Dr,,Rear End,3,Clear,Dry,Dark-Lighted
2021-08-23T15:36:00.000,I 20,I 20 and Columbia Dr,,Rear End,2,Clear,Dry,Daylight
2021-07-18T23:00:00.000,I 20,I 20 and Columbia Dr,,Not a Collision with Motor Vehicle,1,Clear,Wet,Dark-Lighted
2021-10-05T05:14:00.000,I 20,I 20 and Columbia Dr,,Not a Collision with Motor Vehicle,1,Rain,Water (standing or moving),Dark-Lighted
2021-11-11T20:50:00.000,I 20,I 20 and Columbia Dr,,Sideswipe-Same Direction,2,Rain,Wet,Dark-Lighted
2021-08-25T06:20:00.000,I 20,I 20 and Columbia Dr,,Sideswipe-Same Direction,2,Clear,Dry,Dark-Lighted
2021-11-17T00:00:00.000,I 20,I 20 and Columbia Dr,,Sideswipe-Same Direction,2,Clear,Dry,Daylight
2021-11-30T00:45:00.000,I 20,I 20 and Columbia Dr,,Not a Collision with Motor Vehicle,1,Clear,Dry,Dark-Lighted
2021-10-23T02:00:00.000,I 20,I 20 and Columbia Dr,,Rear End,2,Clear,Dry,Dark-Lighted
2021-11-07T00:45:00.000,I 20,I 20 and Columbia Dr,,Sideswipe-Same Direction,2,Clear,Dry,Dark-Not Lighted
2021-09-30T17:00:00.000,I 20,I 20 and Columbia Dr,,Rear End,2,Clear,Dry,Daylight
2022-11-05T04:30:00.000,I 20,I 20 and Columbia Dr,,Sideswipe-Same Direction,2,Clear,Dry,Dark-Lighted
2022-05-23T07:25:00.000,I 20,I 20 and Columbia Dr,,Not a Collision with Motor Vehicle,1,Rain,Wet,Dark-Not Lighted
2022-03-09T06:49:00.000,I 20,I 20 and Columbia Dr,,Not a Collision with Motor Vehicle,1,Rain,Wet,Dark-Lighted
2022-01-09T17:24:00.000,I 20,I 20 and Columbia Dr,,Not a Collision with Motor Vehicle,1,Rain,Wet,Dark-Not Lighted
2021-07-18T15:15:00.000,I 20,I 20 and Columbia Dr,,Sideswipe-Same Direction,2,Clear,Dry,Daylight
2021-09-23T17:45:00.000,I 20,I 20 and Columbia Dr,,Angle Crash,3,Clear,Dry,Daylight
2021-08-31T11:30:00.000,I 20,I 20 and Columbia Dr,,Not a Collision with Motor Vehicle,1,Rain,Water (standing or moving),Daylight
2021-09-04T00:00:00.000,I 20,I 20 and Columbia Dr,,Rear End,2,Clear,Dry,Daylight
2021-09-02T18:25:00.000,I 20,I 20 and Columbia Dr,,Sideswipe-Same Direction,2,Clear,Dry,Daylight
2021-10-15T19:46:00.000,I 20,I 20 and Columbia Dr,,Rear End,2,Clear,Dry,Dark-Lighted
2022-08-15T20:30:00.000,I 20,I 20 and Columbia Dr,,Not a Collision with Motor Vehicle,1,Rain,Wet,Dark-Not Lighted
2022-02-03T17:00:00.000,I 20,I 20 and Columbia Dr,,Not a Collision with Motor Vehicle,1,Rain,Wet,Daylight
2022-12-09T15:10:00.000,I 20,I 20 and Columbia Dr,,Not a Collision with Motor Vehicle,1,Rain,Wet,Daylight
2022-09-28T17:44:00.000,I 20,I 20 and Columbia Dr,,Rear End,2,Clear,Dry,Daylight
2022-06-12T00:23:00.000,I 20,I 20 and Columbia Dr,,Sideswipe-Same Direction,2,Clear,Dry,Dark-Not Lighted
2022-10-01T00:01:00.000,I 20,I 20 and Columbia Dr,,Not a Collision with Motor Vehicle,1,Clear,Dry,Dark-Not Lighted
2022-07-01T15:00:00.000,I 20,I 20 and Columbia Dr,,Angle Crash,4,Cloudy,Wet,Daylight
2022-03-10T07:00:00.000,I 20,I 20 and Columbia Dr,,Head On,2,Clear,Dry,Dark-Lighted
2022-03-08T14:35:00.000,I 20,I 20 and Columbia Dr,,Not a Collision with Motor Vehicle,1,Rain,Wet,Daylight
2022-10-13T16:45:00.000,I 20,I 20 and Columbia Dr,,Rear End,3,Clear,Dry,Daylight
2022-04-05T13:15:00.000,I 20,I 20 and Columbia Dr,,Rear End,2,Rain,Wet,Daylight
2022-11-13T22:03:00.000,I 20,I 20 and Columbia Dr,,Sideswipe-Same Direction,2,Clear,Dry,Dark-Lighted
2022-12-11T14:20:00.000,I 20,I 20 and Columbia Dr,,Not a Collision with Motor Vehicle,1,Rain,Wet,Daylight
2022-04-26T08:00:00.000,I 20,I 20 and Columbia Dr,,Rear End,2,Clear,Dry,Daylight
2022-02-21T16:55:00.000,I 20,I 20 and Columbia Dr,,Not a Collision with Motor Vehicle,1,Rain,Wet,Daylight
2022-07-25T08:27:00.000,I 20,I 20 and Columbia Dr,,Sideswipe-Same Direction,2,Clear,Dry,Daylight
2021-12-13T09:45:00.000,I 20,I 20 and Columbia Dr,,Rear End,2,Clear,Dry,Daylight
2021-10-17T19:57:00.000,I 20,I 20 and Columbia Dr,,Rear End,2,Clear,Dry,Dark-Lighted
2021-12-30T19:20:00.000,I 20,I 20 and Columbia Dr,,Not a Collision with Motor Vehicle,1,Clear,Wet,Dark-Not Lighted
2022-03-28T11:43:00.000,I 20,I 20 and Columbia Dr,,Sideswipe-Same Direction,2,Clear,Dry,Daylight
2022-08-08T17:10:00.000,I 20,I 20 and Columbia Dr,,Rear End,2,Cloudy,Dry,Daylight
2022-07-04T20:32:00.000,I 20,I 20 and Columbia Dr,,Not a Collision with Motor Vehicle,2,Rain,Wet,Daylight
2022-09-05T18:05:00.000,I 20,I 20 and Columbia Dr,,Not a Collision with Motor Vehicle,1,Rain,Wet,Daylight
2022-09-13T11:26:00.000,I 20,I 20 and Columbia Dr,,Not a Collision with Motor Vehicle,1,Clear,Dry,Daylight
2022-02-14T16:35:00.000,I 20,I 20 and Columbia Dr,,Sideswipe-Same Direction,2,Clear,Dry,Daylight
2022-02-22T22:52:00.000,I 20,I 20 and Columbia Dr,,Rear End,2,Clear,Dry,Dark-Lighted
2022-11-05T17:10:00.000,I 20,I 20 and Columbia Dr,,Rear End,2,Clear,Dry,Daylight
2022-08-15T20:55:00.000,I 20,I 20 and Columbia Dr,,Not a Collision with Motor Vehicle,1,Rain,Wet,Dark-Not Lighted
2022-04-18T14:48:00.000,I 20,I 20 and Columbia Dr,,Rear End,2,Clear,Dry,Daylight
2022-04-26T14:25:00.000,I 20,I 20 and Columbia Dr,,Rear End,2,Cloudy,Dry,Daylight
2022-05-12T02:50:00.000,I 20,I 20 and Columbia Dr,,Rear End,2,Clear,Dry,Dark-Not Lighted
2022-11-29T00:00:00.000,I 20,I 20 and Columbia Dr,,Rear End,2,Clear,Dry,Daylight
2022-10-20T17:50:00.000,I 20,I 20 and Columbia Dr,,Rear End,2,Clear,Dry,Daylight
2022-01-15T06:41:00.000,I 20,I 20 and Columbia Dr,,Sideswipe-Same Direction,2,Clear,Dry,Dark-Lighted
2022-03-04T16:15:00.000,I 20,I 20 and Columbia Dr,,Rear End,2,Clear,Dry,Daylight
2022-05-12T02:50:00.000,I 20,I 20 and Columbia Dr,,Rear End,2,Clear,Dry,Dark-Not Lighted
2022-02-21T20:10:00.000,I 20,I 20 and Columbia Dr,,Rear End,2,Rain,Wet,Dark-Lighted
2022-12-18T20:25:00.000,I 20,I 20 and Columbia Dr,,Not a Collision with Motor Vehicle,1,Clear,Dry,Dark-Lighted
2022-09-29T12:19:00.000,I 20,I 20 and Columbia Dr,,Rear End,2,Clear,Dry,Daylight
2022-11-11T07:44:00.000,I 20,I 20 and Columbia Dr,,Rear End,2,Rain,Wet,Daylight
2022-09-13T16:35:00.000,I 20,I 20 and Columbia Dr,,Rear End,2,Clear,Dry,Daylight
2022-09-13T15:50:00.000,I 20,I 20 and Columbia Dr,,Rear End,2,Clear,Dry,Daylight
2022-12-09T19:56:00.000,I 20,I 20 and Columbia Dr,,Sideswipe-Same Direction,2,Rain,Dry,Daylight
2022-01-15T23:50:00.000,I 20,I 20 and Columbia Dr,,Not a Collision with Motor Vehicle,1,Rain,Wet,Dark-Not Lighted
2022-01-01T04:24:00.000,I 20,I 20 and Columbia Dr,,Rear End,2,Clear,Dry,Dark-Not Lighted
2022-08-18T17:20:00.000,I 20,I 20 and Columbia Dr,,Not a Collision with Motor Vehicle,1,Clear,Dry,Daylight
2022-03-23T00:00:00.000,I 20,I 20 and Columbia Dr,,Not a Collision with Motor Vehicle,2,Rain,Wet,Daylight
2022-02-17T14:13:00.000,I 20,I 20 and Columbia Dr,,Not a Collision with Motor Vehicle,1,Clear,Dry,Daylight
2022-08-25T04:40:00.000,I 20,I 20 and Columbia Dr,,Sideswipe-Same Direction,2,Rain,Wet,Dark-Not Lighted
2022-11-04T20:40:00.000,I 20,I 20 and Columbia Dr,,Rear End,2,Clear,Dry,Dark-Not Lighted
2022-03-31T05:20:00.000,I 20,I 20 and Columbia Dr,,Rear End,2,Rain,Wet,Dark-Not Lighted
2022-11-26T05:20:00.000,I 20,I 20 and Columbia Dr,,Sideswipe-Same Direction,2,Clear,Dry,Dark-Lighted
2022-12-15T00:25:00.000,I 20,I 20 and Columbia Dr,,Not a Collision with Motor Vehicle,1,Rain,Wet,Dark-Lighted
2022-03-27T07:59:00.000,I 20,I 20 and Columbia Dr,,Sideswipe-Opposite Direction,2,Clear,Dry,Daylight
2022-11-07T08:09:00.000,I 20,I 20 and Columbia Dr,,Sideswipe-Same Direction,2,Clear,Dry,Daylight
2022-07-04T20:29:00.000,I 20,I 20 and Columbia Dr,,Not a Collision with Motor Vehicle,1,Rain,Wet,Daylight
2022-12-15T03:07:00.000,I 20,I 20 and Columbia Dr,,Not a Collision with Motor Vehicle,1,Rain,Wet,Dark-Not Lighted
2022-09-04T22:45:00.000,I 20,I 20 and Columbia Dr,,Not a Collision with Motor Vehicle,1,Rain,Wet,Dark-Lighted
2022-09-05T18:07:00.000,I 20,I 20 and Columbia Dr,,Angle Crash,2,Clear,Wet,Daylight
2022-09-20T18:00:00.000,I 20,I 20 and Columbia Dr,,Sideswipe-Same Direction,2,Clear,Dry,Daylight
2022-11-29T16:45:00.000,I 20,I 20 and Columbia Dr,,Sideswipe-Same Direction,2,Clear,Dry,Daylight
2022-05-28T09:40:00.000,I 20,I 20 and Columbia Dr,,Rear End,2,Clear,Dry,Daylight
2022-11-11T04:30:00.000,I 20,I 20 and Columbia Dr,,Not a Collision with Motor Vehicle,1,Rain,Wet,Dark-Lighted
2022-07-21T09:30:00.000,I 20,I 20 and Columbia Dr,,Not a Collision with Motor Vehicle,1,Rain,Wet,Daylight
2022-03-31T05:20:00.000,I 20,I 20 and Columbia Dr,,Not a Collision with Motor Vehicle,1,Rain,Wet,Dark-Not Lighted
2022-05-11T23:30:00.000,I 20,I 20 and Columbia Dr,,Sideswipe-Same Direction,2,Clear,Dry,Dark-Not Lighted
2024-06-02T23:30:00.000,I 20,I 20 and Columbia Dr,,Sideswipe-Same Direction,2,Rain,Water (standing or moving),Dark-Not Lighted
2024-09-08T17:23:00.000,I 20,I 20 and Columbia Dr,,Sideswipe-Same Direction,2,Clear,Dry,Daylight
2024-01-11T18:15:00.000,I 20,I 20 and Columbia Dr,,Sideswipe-Same Direction,2,Clear,Dry,Dark-Lighted
2024-11-19T08:40:00.000,I 20,I 20 and Columbia Dr,,Sideswipe-Same Direction,2,Rain,Wet,Dark-Not Lighted
2024-10-18T19:03:00.000,I 20,I 20 and Columbia Dr,,Rear End,2,Clear,Dry,Dawn
2024-10-21T21:25:00.000,I 20,I 20 and Columbia Dr,,Rear End,2,Clear,Dry,Dark-Lighted
2024-10-26T02:23:00.000,I 20,I 20 and Columbia Dr,,Sideswipe-Same Direction,6,Clear,Dry,Dark-Not Lighted
2024-06-15T21:42:00.000,I 20,I 20 and Columbia Dr,,Rear End,2,Clear,Dry,Dark-Lighted
2024-05-20T09:36:00.000,I 20,I 20 and Columbia Dr,,Not a Collision with Motor Vehicle,2,Clear,Dry,Daylight
2023-01-04T00:23:00.000,I 20,I 20 and Columbia Dr,,Angle Crash,2,Rain,Wet,Dark-Lighted
2024-10-29T15:45:00.000,I 20,I 20 and Columbia Dr,,Sideswipe-Same Direction,2,Clear,Dry,Daylight
2024-08-21T16:00:00.000,I 20,I 20 and Columbia Dr,,Rear End,2,Clear,Dry,Daylight
2023-07-26T20:00:00.000,I 20,I 20 and Columbia Dr,,Rear End,2,Clear,Dry,Daylight
2023-04-12T17:30:00.000,I 20,I 20 and Columbia Dr,,Angle Crash,4,Clear,Dry,Daylight
2023-05-12T11:25:00.000,I 20,I 20 and Columbia Dr,,Sideswipe-Same Direction,2,Rain,Wet,Daylight
2023-01-22T03:48:00.000,I 20,I 20 and Columbia Dr,,Rear End,2,Rain,Dry,Dark-Lighted
2023-06-11T18:31:00.000,I 20,I 20 and Columbia Dr,,Angle Crash,2,Cloudy,Wet,Daylight
2023-05-27T12:00:00.000,I 20,I 20 and Columbia Dr,,Rear End,2,Clear,Dry,Daylight
2023-08-05T12:39:00.000,I 20,I 20 and Columbia Dr,,Rear End,2,Clear,Dry,Daylight
2023-05-17T21:22:00.000,I 20,I 20 and Columbia Dr,,Not a Collision with Motor Vehicle,1,Clear,Dry,Dark-Not Lighted
2023-12-03T18:45:00.000,I 20,I 20 and Columbia Dr,,Not a Collision with Motor Vehicle,2,Clear,Dry,Dark-Lighted
2023-05-31T23:30:00.000,I 20,I 20 and Columbia Dr,,Not a Collision with Motor Vehicle,1,Clear,Dry,Dark-Not Lighted
2023-03-23T16:40:00.000,I 20,I 20 and Columbia Dr,,Rear End,2,Clear,Dry,Daylight
2023-10-16T21:30:00.000,I 20,I 20 and Columbia Dr,,Sideswipe-Same Direction,2,Clear,Dry,Dark-Lighted
2023-01-16T18:00:00.000,I 20,I 20 and Columbia Dr,,Rear End,2,Clear,Dry,Daylight
2023-11-14T19:20:00.000,I 20,I 20 and Columbia Dr,,Rear End,3,Clear,Dry,Dark-Not Lighted
2023-01-19T20:35:00.000,I 20,I 20 and Columbia Dr,,Rear End,2,Clear,Dry,Dark-Lighted
2023-03-11T14:55:00.000,I 20,I 20 and Columbia Dr,,Sideswipe-Same Direction,2,Clear,Dry,Daylight
2023-05-25T06:54:00.000,I 20,I 20 and Columbia Dr,,Not a Collision with Motor Vehicle,1,Clear,Dry,Daylight
2023-02-15T20:10:00.000,I 20,I 20 and Columbia Dr,,Rear End,2,Cloudy,Dry,Dark-Lighted
2024-11-04T20:15:00.000,I 20,I 20 and Columbia Dr,,Not a Collision with Motor Vehicle,1,Clear,Dry,Daylight
2024-01-22T20:00:00.000,I 20,I 20 and Columbia Dr,,Sideswipe-Same Direction,2,Clear,Dry,Dark-Lighted
2024-05-04T06:35:00.000,I 20,I 20 and Columbia Dr,,Not a Collision with Motor Vehicle,1,Rain,Wet,Daylight
2024-08-22T12:45:00.000,I 20,I 20 and Columbia Dr,,Rear End,2,Clear,Dry,Daylight
2024-05-29T17:50:00.000,I 20,I 20 and Columbia Dr,,Rear End,2,Clear,Dry,Daylight
2024-02-25T14:29:00.000,I 20,I 20 and Columbia Dr,,Sideswipe-Same Direction,2,Clear,Dry,Daylight
2024-11-17T01:45:00.000,I 20,I 20 and Columbia Dr,,Rear End,2,Clear,Dry,Dark-Lighted
2024-05-22T19:40:00.000,I 20,I 20 and Columbia Dr,,Angle Crash,2,Clear,Dry,Daylight
2024-04-03T11:03:00.000,I 20,I 20 and Columbia Dr,,Not a Collision with Motor Vehicle,1,Clear,Dry,Daylight
2024-06-12T15:24:00.000,I 20,I 20 and Columbia Dr,,Sideswipe-Same Direction,2,Clear,Dry,Daylight
2024-07-23T18:20:00.000,I 20,I 20 and Columbia Dr,,Rear End,3,Clear,Wet,Daylight
2024-05-12T00:04:00.000,I 20,I 20 and Columbia Dr,,Not a Collision with Motor Vehicle,1,Clear,Dry,Dark-Lighted
2024-10-20T18:00:00.000,I 20,I 20 and Columbia Dr,,Sideswipe-Same Direction,2,Clear,Dry,Daylight
2024-12-10T01:44:00.000,I 20,I 20 and Columbia Dr,,Rear End,3,Rain,Wet,Dark-Lighted
2024-06-06T14:30:00.000,I 20,I 20 and Columbia Dr,,Rear End,2,Clear,Dry,Daylight
2024-02-01T08:41:00.000,I 20,I 20 and Columbia Dr,,Rear End,2,Clear,Dry,Daylight
2024-06-04T09:15:00.000,I 20,I 20 and Columbia Dr,,Not a Collision with Motor Vehicle,1,Clear,Dry,Daylight
2024-09-02T14:40:00.000,I 20,I 20 and Columbia Dr,,Rear End,2,Clear,Dry,Daylight
2024-03-30T02:20:00.000,I 20,I 20 and Columbia Dr,,Rear End,2,Clear,Dry,Dark-Lighted
2024-04-11T20:15:00.000,I 20,I 20 and Columbia Dr,,Sideswipe-Opposite Direction,2,Rain,Wet,Dark-Not Lighted
2024-12-04T18:00:00.000,I 20,I 20 and Columbia Dr,,Rear End,3,Clear,Dry,Dark-Lighted
2024-12-23T16:45:00.000,I 20,I 20 and Columbia Dr,,Sideswipe-Same Direction,2,Clear,Dry,Daylight
2024-08-24T03:06:00.000,I 20,I 20 and Columbia Dr,,Sideswipe-Same Direction,2,Clear,Dry,Dark-Not Lighted
2024-09-06T16:15:00.000,I 20,I 20 and Columbia Dr,,Rear End,2,Cloudy,Dry,Daylight
2024-03-26T08:30:00.000,I 20,I 20 and Columbia Dr,,Sideswipe-Same Direction,2,Clear,Wet,Daylight
2024-05-21T12:57:00.000,I 20,I 20 and Columbia Dr,,Sideswipe-Same Direction,2,Cloudy,Dry,Daylight
2024-11-06T17:40:00.000,I 20,I 20 and Columbia Dr,,Rear End,2,Clear,Wet,Dark-Not Lighted
2024-07-29T13:30:00.000,I 20,I 20 and Columbia Dr,,Rear End,2,Rain,Wet,Daylight
2024-10-24T15:15:00.000,I 20,I 20 and Columbia Dr,,Rear End,3,Clear,Dry,Daylight
2024-05-04T07:50:00.000,I 20,I 20 and Columbia Dr,,Not a Collision with Motor Vehicle,1,Rain,Wet,Daylight
2024-06-24T06:00:00.000,I 20,I 20 and Columbia Dr,,Sideswipe-Same Direction,3,Clear,Wet,Dawn
2021-06-18T15:52:00.000,I 20,I 20 and Columbia County Line,,Rear End,3,Clear,Dry,Daylight
2021-10-25T16:16:00.000,I 20,I 20 and Columbia County Line,,Not a Collision with Motor Vehicle,2,Clear,Dry,Daylight
2021-07-20T14:50:00.000,I 20,I 20 and Columbia County Line,,Not a Collision with Motor Vehicle,2,Rain,Wet,Daylight
2020-11-09T05:21:00.000,I 20,I 20 and Columbia County Line,,Rear End,2,Cloudy,Dry,Dusk
2020-11-19T12:15:00.000,I 20,I 20 and Columbia County Line,,Sideswipe-Same Direction,2,Clear,Dry,Daylight
2022-05-05T08:41:00.000,I 20,I 20 and Columbia County Line,,Sideswipe-Same Direction,2,Clear,Dry,Daylight
2021-08-12T14:52:00.000,I 20,I 20 and Columbia County Line,,Not a Collision with Motor Vehicle,1,Rain,Wet,Daylight
2022-10-05T13:35:00.000,I 20,I 20 and Columbia County Line,,Not a Collision with Motor Vehicle,2,Clear,Dry,Daylight
2024-04-28T09:46:00.000,I 20,I 20 and Columbia County Line,,Rear End,2,Cloudy,Dry,Daylight
2021-09-16T20:53:00.000,I 20,I 20 and Coluimbia Dr,,Sideswipe-Same Direction,2,Cloudy,Dry,Dark-Lighted
2021-05-10T23:50:00.000,I 20,I 20 and Colombia Dr,,Rear End,2,Clear,Dry,Dark-Lighted
2022-11-03T13:41:00.000,I 20,I 20 and Collier Dr,,Rear End,2,Clear,Dry,Daylight
2024-03-22T13:15:00.000,I 20,I 20 and Collier Dr,,Sideswipe-Same Direction,2,Cloudy,Wet,Daylight
2020-06-19T11:16:00.000,I 20,I 20 and Cobbham Road Opas,,Rear End,2,Clear,Dry,Daylight
2023-12-29T20:06:00.000,I 20,I 20 and Cobbham Rd.,,Sideswipe-Same Direction,2,Clear,Dry,Dark-Not Lighted
2020-12-23T18:48:00.000,I 20,I 20 and Cobbham Rd,,Rear End,2,Clear,Dry,Dusk
2020-04-05T05:44:00.000,I 20,I 20 and Cobbham Rd,,Not a Collision with Motor Vehicle,1,Clear,Dry,Dark-Not Lighted
2021-04-04T05:18:00.000,I 20,I 20 and Cobbham Rd,,Not a Collision with Motor Vehicle,2,Clear,Dry,Dark-Not Lighted
2022-05-02T17:17:00.000,I 20,I 20 and Cobbham Rd,,Not a Collision with Motor Vehicle,1,Clear,Dry,Daylight
2024-11-15T07:12:00.000,I 20,I 20 and Cobbham Rd,,Rear End,3,Clear,Dry,Daylight
2022-03-22T10:28:00.000,I 20,I 20 and Cobb Fulton Line,,Rear End,2,Clear,Dry,Daylight
2021-06-09T17:22:00.000,I 20,I 20 and Clifton Street Se Opas,,Not a Collision with Motor Vehicle,1,Clear,Dry,Daylight
2021-12-21T18:53:00.000,I 20,I 20 and Clifton Street Opas,,Rear End,2,Cloudy,Wet,Dark-Lighted
2023-02-17T11:16:00.000,I 20,I 20 and Clifton Street Opas,,Sideswipe-Same Direction,5,Cloudy,Dry,Daylight
2022-04-07T13:00:00.000,I 20,I 20 and Clifton Street Bridge Opas,,Sideswipe-Same Direction,2,Clear,Dry,Daylight
2021-08-17T07:45:00.000,I 20,I 20 and Clifton St Opas,,Sideswipe-Same Direction,2,Rain,Wet,Daylight
2022-12-09T14:35:00.000,I 20,I 20 and Clifton St Opas,,Not a Collision with Motor Vehicle,1,Rain,Wet,Daylight
2023-05-08T18:17:00.000,I 20,I 20 and Clifton St Opas,,Rear End,2,Clear,Dry,Daylight
2024-07-29T14:40:00.000,I 20,I 20 and Clifton St Opas,,Not a Collision with Motor Vehicle,1,Rain,Wet,Daylight
2023-11-21T11:02:00.000,I 20,I 20 and Clifton St,,Angle Crash,3,Rain,Wet,Daylight
2023-07-11T07:50:00.000,I 20,I 20 and Clifton St,,Rear End,3,Clear,Dry,Daylight
2023-09-28T15:45:00.000,I 20,I 20 and Clifton St,,Sideswipe-Same Direction,2,Clear,Dry,Daylight
2020-08-31T10:05:00.000,I 20,I 20 and Clifton St,,Not a Collision with Motor Vehicle,1,Clear,Dry,Daylight
2021-05-19T15:25:00.000,I 20,I 20 and Clifton St,,Not a Collision with Motor Vehicle,2,Clear,Dry,Daylight
2021-12-29T09:45:00.000,I 20,I 20 and Clifton St,,Not a Collision with Motor Vehicle,1,Rain,Wet,Daylight
2023-07-21T19:34:00.000,I 20,I 20 and Clifton Road Opas,,Sideswipe-Same Direction,2,Rain,Wet,Daylight
2020-07-30T01:15:00.000,I 20,I 20 and Clifton Rd,,Rear End,2,Cloudy,Wet,Dark-Lighted
2022-05-23T11:08:00.000,I 20,I 20 and Claussen Rd,,Not a Collision with Motor Vehicle,1,Rain,Wet,Daylight
2022-05-15T12:55:00.000,I 20,I 20 and Clack Rd,,Not a Collision with Motor Vehicle,1,Clear,Dry,Daylight
2024-01-26T13:49:00.000,I 20,I 20 and Clack Rd,,Not a Collision with Motor Vehicle,2,Cloudy,Wet,Daylight
2020-03-10T16:21:00.000,I 20,I 20 and City Limit Sign,,Sideswipe-Same Direction,2,Clear,Dry,Daylight
2024-04-06T19:26:00.000,I 20,I 20 and Chupp Way Ln,,Sideswipe-Same Direction,2,Clear,Dry,Dark-Not Lighted