Date and Time,Roadway (From Crash Report),Intersection Name (from Crash Report),KABCO Severity,Manner of Collision (Crash Level) ,# of Vehicles per crash ,Weather Conditions (Crash Level),Surface Condition (Crash Level) ,Light Conditions (Crash Level)
2021-11-19T08:27:00.000,I 20,I 20 and Chupp Way Cir,,Rear End,3,Clear,Dry,Daylight
2020-05-22T00:00:00.000,I 20,I 20 and Chupp Way,,Not a Collision with Motor Vehicle,1,Rain,Wet,Dark-Not Lighted
2020-07-11T16:40:00.000,I 20,I 20 and Chupp Rd,,Rear End,2,Clear,Dry,Daylight
2022-05-27T17:00:00.000,I 20,I 20 and Chupp Rd,,Sideswipe-Same Direction,2,Clear,Dry,Daylight
2020-06-09T17:47:00.000,I 20,I 20 and Chico Road Opas,,Angle Crash,1,Rain,Wet,Daylight
2021-10-06T14:19:00.000,I 20,I 20 and Chico Rd.,,Not a Collision with Motor Vehicle,1,Rain,Wet,Daylight
2021-01-20T11:26:00.000,I 20,I 20 and Chico Rd,,Sideswipe-Same Direction,2,Other,Dry,Daylight
2021-06-28T08:01:00.000,I 20,I 20 and Chico Rd,,Sideswipe-Same Direction,1,Clear,Dry,Daylight
2021-12-11T17:25:00.000,I 20,I 20 and Chico Rd,,Not a Collision with Motor Vehicle,1,Rain,Wet,Dark-Not Lighted
2021-07-18T09:45:00.000,I 20,I 20 and Chico Rd,,Not a Collision with Motor Vehicle,1,Rain,Wet,Daylight
2021-04-24T08:59:00.000,I 20,I 20 and Chico Rd,,Angle Crash,2,Rain,Wet,Daylight
2021-05-12T09:50:00.000,I 20,I 20 and Chico Rd,,Not a Collision with Motor Vehicle,1,Rain,Wet,Daylight
2021-06-13T23:10:00.000,I 20,I 20 and Chico Rd,,Not a Collision with Motor Vehicle,1,Clear,Dry,Dark-Not Lighted
2021-07-20T08:02:00.000,I 20,I 20 and Chico Rd,,Not a Collision with Motor Vehicle,1,Rain,Wet,Daylight
2021-05-03T17:21:00.000,I 20,I 20 and Chico Rd,,Sideswipe-Same Direction,2,Rain,Wet,Daylight
2020-08-09T11:20:00.000,I 20,I 20 and Chico Rd,,Not a Collision with Motor Vehicle,1,Clear,Dry,Daylight
2021-05-29T16:07:00.000,I 20,I 20 and Chico Rd,,Not a Collision with Motor Vehicle,1,Clear,Dry,Daylight
2020-08-30T14:12:00.000,I 20,I 20 and Chico Rd,,Sideswipe-Same Direction,2,Clear,Dry,Daylight
2020-10-27T18:44:00.000,I 20,I 20 and Chico Rd,,Sideswipe-Same Direction,1,Clear,Dry,Daylight
2020-06-02T16:55:00.000,I 20,I 20 and Chico Rd,,Sideswipe-Same Direction,2,Clear,Dry,Daylight
2020-08-16T17:32:00.000,I 20,I 20 and Chico Rd,,Not a Collision with Motor Vehicle,1,Rain,Wet,Daylight
2020-05-25T09:01:00.000,I 20,I 20 and Chico Rd,,Not a Collision with Motor Vehicle,1,Clear,Wet,Daylight
2020-11-11T10:31:00.000,I 20,I 20 and Chico Rd,,Not a Collision with Motor Vehicle,1,Rain,Wet,Daylight
2021-06-22T19:41:00.000,I 20,I 20 and Chico Rd,,Head On,1,Rain,Wet,Daylight
2021-08-27T16:09:00.000,I 20,I 20 and Chico Rd,,Sideswipe-Same Direction,1,Cloudy,Dry,Daylight
2021-11-18T01:52:00.000,I 20,I 20 and Chico Rd,,Sideswipe-Same Direction,2,Clear,Dry,Dark-Not Lighted
2021-07-18T09:49:00.000,I 20,I 20 and Chico Rd,,Not a Collision with Motor Vehicle,1,Rain,Wet,Daylight
2021-08-01T16:45:00.000,I 20,I 20 and Chico Rd,,Rear End,2,Clear,Dry,Daylight
2021-08-19T18:50:00.000,I 20,I 20 and Chico Rd,,Not a Collision with Motor Vehicle,1,Rain,Water (standing or moving),Daylight
2021-10-06T14:26:00.000,I 20,I 20 and Chico Rd,,Angle Crash,2,Rain,Wet,Daylight
2021-08-17T11:48:00.000,I 20,I 20 and Chico Rd,,Not a Collision with Motor Vehicle,1,Rain,Wet,Daylight
2022-02-11T00:12:00.000,I 20,I 20 and Chico Rd,,Rear End,2,Clear,Dry,Dark-Not Lighted
2022-01-21T12:45:00.000,I 20,I 20 and Chico Rd,,Angle Crash,2,Cloudy,Dry,Daylight
2022-04-14T19:10:00.000,I 20,I 20 and Chico Rd,,Not a Collision with Motor Vehicle,2,Clear,Dry,Daylight
2022-12-19T09:23:00.000,I 20,I 20 and Chico Rd,,Sideswipe-Same Direction,2,Clear,Dry,Daylight
2021-02-23T08:09:00.000,I 20,I 20 and Cherokee Avenue Se Opas,,Rear End,2,Clear,Dry,Daylight
2021-01-27T08:25:00.000,I 20,I 20 and Cherokee Avenue Opas,,Sideswipe-Same Direction,2,Rain,Wet,Daylight
2023-03-10T08:23:00.000,I 20,I 20 and Cherokee Avenue Opas,,Rear End,3,Rain,Wet,Daylight
2020-06-19T09:00:00.000,I 20,I 20 and Cherokee Avenue Opas,,Sideswipe-Same Direction,2,Clear,Dry,Daylight
2021-06-11T14:51:00.000,I 20,I 20 and Cherokee Avenue Opas,,Sideswipe-Same Direction,2,Clear,Dry,Daylight
2022-10-13T08:17:00.000,I 20,I 20 and Cherokee Avenue Opas,,Rear End,2,Rain,Dry,Daylight
2022-03-01T15:55:00.000,I 20,I 20 and Cherokee Avenue Opas,,Rear End,3,Clear,Dry,Daylight
2024-10-07T18:10:00.000,I 20,I 20 and Cherokee Avenue Opas,,Sideswipe-Same Direction,5,Clear,Dry,Daylight
2021-07-29T08:34:00.000,I 20,I 20 and Cherokee Ave Se Opas,,Rear End,2,Clear,Dry,Daylight
2022-10-14T10:40:00.000,I 20,I 20 and Cherokee Ave Se Opas,,Rear End,2,Clear,Dry,Daylight
2021-10-15T09:49:00.000,I 20,I 20 and Cherokee Ave Opas,,Rear End,2,Clear,Dry,Daylight
2024-12-03T15:11:00.000,I 20,I 20 and Cherokee Ave Opas,,Sideswipe-Same Direction,2,Clear,Dry,Daylight
2024-10-29T08:37:00.000,I 20,I 20 and Cherokee Ave Opas,,Rear End,2,Clear,Dry,Daylight
2021-03-18T08:15:00.000,I 20,I 20 and Cherokee Ave,,Rear End,2,Rain,Wet,Daylight
2021-09-02T08:53:00.000,I 20,I 20 and Cherokee Ave,,Rear End,2,Clear,Dry,Daylight
2021-03-10T08:40:00.000,I 20,I 20 and Cherokee Ave,,Sideswipe-Same Direction,2,Clear,Dry,Daylight
2021-03-31T10:49:00.000,I 20,I 20 and Cherokee Ave,,Sideswipe-Same Direction,2,Rain,Wet,Daylight
2021-09-10T17:50:00.000,I 20,I 20 and Cherokee Ave,,Not a Collision with Motor Vehicle,1,Clear,Dry,Daylight
2021-07-09T13:50:00.000,I 20,I 20 and Cherokee Ave,,Rear End,2,Clear,Wet,Daylight
2021-08-02T09:35:00.000,I 20,I 20 and Cherokee Ave,,Not a Collision with Motor Vehicle,1,Clear,Dry,Daylight
2021-04-02T08:13:00.000,I 20,I 20 and Cherokee Ave,,Rear End,2,Clear,Dry,Daylight
2021-10-29T11:29:00.000,I 20,I 20 and Cherokee Ave,,Rear End,2,Cloudy,Dry,Daylight
2020-02-14T14:30:00.000,I 20,I 20 and Cherokee Ave,,Rear End,4,Clear,Dry,Daylight
2020-01-03T11:40:00.000,I 20,I 20 and Cherokee Ave,,Rear End,2,Rain,Wet,Daylight
2020-12-10T16:48:00.000,I 20,I 20 and Cherokee Ave,,Rear End,2,Clear,Dry,Daylight
2020-11-11T13:05:00.000,I 20,I 20 and Cherokee Ave,,Rear End,3,Clear,Dry,Daylight
2020-08-21T19:05:00.000,I 20,I 20 and Cherokee Ave,,Rear End,2,Rain,Snow,Daylight
2021-07-06T17:18:00.000,I 20,I 20 and Cherokee Ave,,Sideswipe-Same Direction,2,Clear,Dry,Daylight
2022-02-24T08:20:00.000,I 20,I 20 and Cherokee Ave,,Rear End,2,Clear,Dry,Daylight
2022-06-20T17:29:00.000,I 20,I 20 and Cherokee Ave,,Rear End,4,Clear,Dry,Daylight
2022-12-16T11:12:00.000,I 20,I 20 and Cherokee Ave,,Sideswipe-Same Direction,2,Clear,Dry,Daylight
2022-07-01T14:39:00.000,I 20,I 20 and Cherokee Ave,,Rear End,2,Rain,Wet,Daylight
2022-07-18T18:45:00.000,I 20,I 20 and Cherokee Ave,,Sideswipe-Same Direction,2,Cloudy,Dry,Daylight
2024-04-18T17:40:00.000,I 20,I 20 and Cherokee Ave,,Rear End,4,Clear,Dry,Daylight
2024-08-31T22:14:00.000,I 20,I 20 and Cherokee Ave,,Rear End,2,Cloudy,Dry,Dark-Lighted
2024-08-31T22:14:00.000,I 20,I 20 and Cherokee Ave,,Rear End,2,Cloudy,Dry,Dark-Lighted
2024-03-15T15:56:00.000,I 20,I 20 and Cherokee Ave,,Rear End,2,Cloudy,Dry,Daylight
2021-05-13T13:12:00.000,I 20,I 20 and Chattahoochee Riv,,Sideswipe-Same Direction,2,Clear,Dry,Daylight
2020-10-19T08:45:00.000,I 20,I 20 and Chattahoochee Riv,,Sideswipe-Same Direction,2,Clear,Dry,Daylight
2020-07-17T12:18:00.000,I 20,I 20 and Chattahoochee Riv,,Rear End,3,Clear,Dry,Daylight
2020-06-24T13:51:00.000,I 20,I 20 and Chattahochee Riv,,Rear End,2,Cloudy,Dry,Daylight
2021-09-19T09:40:00.000,I 20,I 20 and Charleston Ter,,Not a Collision with Motor Vehicle,1,Rain,Wet,Daylight
2023-03-05T00:00:00.000,I 20,I 20 and Charleston Ter,,Sideswipe-Same Direction,2,Clear,Dry,Daylight
2024-09-09T19:19:00.000,I 20,I 20 and Charleston Ter,,Rear End,2,Clear,Dry,Daylight
2023-06-24T16:18:00.000,I 20,I 20 and Charleston Pointe Ct,,Sideswipe-Same Direction,2,Clear,Dry,Daylight
2023-11-09T15:03:00.000,I 20,I 20 and Charleston Pointe,,Not a Collision with Motor Vehicle,1,Clear,Dry,Daylight
2022-09-21T10:40:00.000,I 20,I 20 and Charleston Ct,,Angle Crash,2,Clear,Dry,Daylight
2022-05-31T01:01:00.000,I 20,I 20 and Chapell Hill Bridg,,Rear End,2,Clear,Dry,Dark-Lighted
2022-07-25T07:39:00.000,I 20,I 20 and Chapel Hl,,Rear End,2,Clear,Dry,Daylight
2022-04-09T16:21:00.000,I 20,I 20 and Chapel Hl,,Rear End,2,Clear,Dry,Daylight
2022-04-02T17:35:00.000,I 20,I 20 and Chapel Hl,,Rear End,2,Clear,Dry,Daylight
2023-11-03T16:56:00.000,I 20,I 20 and Chapel Hl,,Rear End,2,Clear,Dry,Daylight
2024-04-21T21:28:00.000,I 20,I 20 and Chapel Hl,,Sideswipe-Same Direction,3,Clear,Dry,Dark-Not Lighted
2024-04-30T08:14:00.000,I 20,I 20 and Chapel Hl,,Rear End,2,Cloudy,Wet,Daylight
2023-04-25T14:22:00.000,I 20,I 20 and Chapel Hill Road On Rp,,Angle Crash,2,Clear,Dry,Daylight
2022-09-05T21:28:00.000,I 20,I 20 and Chapel Hill Road Entrance Rp,,Not a Collision with Motor Vehicle,1,Cloudy,Wet,Dark-Not Lighted
2021-09-24T23:33:00.000,I 20,I 20 and Chapel Hill Rd Exit,,Sideswipe-Same Direction,2,Clear,Dry,Dark-Lighted
2021-08-27T09:38:00.000,I 20,I 20 and Chapel Hill Rd Brg,,Rear End,2,Clear,Dry,Daylight
2022-10-27T06:02:00.000,I 20,I 20 and Chapel Hill Rd Brg,,Sideswipe-Same Direction,2,Clear,Dry,Dark-Lighted
2021-03-30T05:56:00.000,I 20,I 20 and Chapel Hill Rd,,Rear End,2,Clear,Dry,Dark-Not Lighted
2021-10-14T13:54:00.000,I 20,I 20 and Chapel Hill Rd,,Rear End,2,Clear,Dry,Daylight
2021-05-05T10:47:00.000,I 20,I 20 and Chapel Hill Rd,,Rear End,2,Clear,Dry,Daylight
2021-09-29T21:00:00.000,I 20,I 20 and Chapel Hill Rd,,Not a Collision with Motor Vehicle,3,Clear,Dry,Dark-Not Lighted
2021-12-15T06:37:00.000,I 20,I 20 and Chapel Hill Rd,,Angle Crash,2,Clear,Dry,Dark-Not Lighted
2021-11-02T08:46:00.000,I 20,I 20 and Chapel Hill Rd,,Rear End,2,Clear,Dry,Daylight
2021-11-27T18:09:00.000,I 20,I 20 and Chapel Hill Rd,,Sideswipe-Same Direction,2,Clear,Dry,Daylight
2021-06-09T07:17:00.000,I 20,I 20 and Chapel Hill Rd,,Angle Crash,2,Clear,Dry,Daylight
2021-07-10T18:11:00.000,I 20,I 20 and Chapel Hill Rd,,Rear End,2,Clear,Dry,Daylight
2020-02-03T16:40:00.000,I 20,I 20 and Chapel Hill Rd,,Rear End,2,Clear,Dry,Daylight
2020-05-30T12:54:00.000,I 20,I 20 and Chapel Hill Rd,,Rear End,2,Clear,Dry,Daylight
2023-03-03T10:33:00.000,I 20,I 20 and Chapel Hill Rd,,Not a Collision with Motor Vehicle,1,Cloudy,Wet,Daylight
2023-10-24T06:54:00.000,I 20,I 20 and Chapel Hill Rd,,Rear End,2,Clear,Dry,Dark-Not Lighted
2023-11-03T10:07:00.000,I 20,I 20 and Chapel Hill Rd,,Angle Crash,2,Clear,Dry,Daylight
2023-04-12T08:50:00.000,I 20,I 20 and Chapel Hill Rd,,Rear End,2,Clear,Dry,Daylight
2023-06-15T14:42:00.000,I 20,I 20 and Chapel Hill Rd,,Rear End,2,Clear,Dry,Daylight
2023-12-04T17:01:00.000,I 20,I 20 and Chapel Hill Rd,,Rear End,2,Clear,Dry,Daylight
2023-08-07T08:32:00.000,I 20,I 20 and Chapel Hill Rd,,Sideswipe-Same Direction,2,Clear,Dry,Daylight
2023-09-27T19:26:00.000,I 20,I 20 and Chapel Hill Rd,,Angle Crash,2,Clear,Dry,Daylight
2023-07-19T13:07:00.000,I 20,I 20 and Chapel Hill Rd,,Rear End,2,Clear,Dry,Daylight
2023-04-11T07:41:00.000,I 20,I 20 and Chapel Hill Rd,,Rear End,2,Clear,Dry,Daylight
2023-10-29T09:34:00.000,I 20,I 20 and Chapel Hill Rd,,Rear End,2,Clear,Dry,Daylight
2023-01-29T18:09:00.000,I 20,I 20 and Chapel Hill Rd,,Rear End,2,Rain,Wet,Dusk
2023-09-25T14:00:00.000,I 20,I 20 and Chapel Hill Rd,,Sideswipe-Same Direction,2,Clear,Dry,Daylight
2023-03-09T12:27:00.000,I 20,I 20 and Chapel Hill Rd,,Rear End,2,Cloudy,Dry,Daylight
2023-03-21T14:48:00.000,I 20,I 20 and Chapel Hill Rd,,Sideswipe-Same Direction,2,Clear,Dry,Daylight
2022-12-31T01:37:00.000,I 20,I 20 and Chapel Hill Rd,,Rear End,2,Clear,Wet,Dark-Not Lighted
2020-08-15T16:18:00.000,I 20,I 20 and Chapel Hill Rd,,Rear End,2,Clear,Dry,Daylight
2020-01-12T20:03:00.000,I 20,I 20 and Chapel Hill Rd,,Not a Collision with Motor Vehicle,1,Cloudy,Dry,Dark-Lighted
2020-10-04T19:14:00.000,I 20,I 20 and Chapel Hill Rd,,Rear End,2,Clear,Dry,Daylight
2020-07-15T15:58:00.000,I 20,I 20 and Chapel Hill Rd,,Sideswipe-Same Direction,2,Clear,Dry,Daylight
2020-08-30T15:44:00.000,I 20,I 20 and Chapel Hill Rd,,Rear End,2,Clear,Dry,Daylight
2020-08-10T17:08:00.000,I 20,I 20 and Chapel Hill Rd,,Rear End,2,Rain,Wet,Daylight
2020-08-14T22:07:00.000,I 20,I 20 and Chapel Hill Rd,,Rear End,2,Cloudy,Wet,Dark-Not Lighted
2020-08-09T17:13:00.000,I 20,I 20 and Chapel Hill Rd,,Rear End,2,Clear,Dry,Daylight
2020-03-13T10:07:00.000,I 20,I 20 and Chapel Hill Rd,,Rear End,3,Clear,Dry,Daylight
2020-05-01T15:09:00.000,I 20,I 20 and Chapel Hill Rd,,Rear End,2,Clear,Dry,Daylight
2020-06-04T21:09:00.000,I 20,I 20 and Chapel Hill Rd,,Not a Collision with Motor Vehicle,1,Clear,Dry,Dark-Not Lighted
2020-06-29T21:04:00.000,I 20,I 20 and Chapel Hill Rd,,Angle Crash,2,Clear,Dry,Dark-Lighted
2020-08-14T06:54:00.000,I 20,I 20 and Chapel Hill Rd,,Head On,3,Fog,Wet,Dusk
2020-05-16T15:35:00.000,I 20,I 20 and Chapel Hill Rd,,Rear End,2,Clear,Dry,Daylight
2020-10-05T09:27:00.000,I 20,I 20 and Chapel Hill Rd,,Angle Crash,2,Clear,Dry,Daylight
2020-11-24T14:57:00.000,I 20,I 20 and Chapel Hill Rd,,Rear End,2,Clear,Dry,Daylight
2021-03-29T06:53:00.000,I 20,I 20 and Chapel Hill Rd,,Rear End,2,Clear,Dry,Dusk
2021-06-19T11:16:00.000,I 20,I 20 and Chapel Hill Rd,,Rear End,2,Clear,Dry,Daylight
2021-10-30T06:57:00.000,I 20,I 20 and Chapel Hill Rd,,Not a Collision with Motor Vehicle,1,Clear,Dry,Dark-Lighted
2021-12-22T11:11:00.000,I 20,I 20 and Chapel Hill Rd,,Sideswipe-Same Direction,2,Clear,Dry,Daylight
2022-05-15T11:24:00.000,I 20,I 20 and Chapel Hill Rd,,Sideswipe-Same Direction,2,Clear,Dry,Daylight
2021-09-30T09:00:00.000,I 20,I 20 and Chapel Hill Rd,,Rear End,2,Clear,Dry,Daylight
2022-03-20T20:59:00.000,I 20,I 20 and Chapel Hill Rd,,Angle Crash,2,Clear,Dry,Dark-Not Lighted
2022-05-17T08:00:00.000,I 20,I 20 and Chapel Hill Rd,,Sideswipe-Same Direction,2,Clear,Dry,Daylight
2022-03-17T10:28:00.000,I 20,I 20 and Chapel Hill Rd,,Sideswipe-Same Direction,2,Clear,Dry,Daylight
2022-01-02T10:26:00.000,I 20,I 20 and Chapel Hill Rd,,Rear End,2,Rain,Wet,Daylight
2022-10-22T14:34:00.000,I 20,I 20 and Chapel Hill Rd,,Angle Crash,2,Clear,Dry,Daylight
2021-08-19T07:50:00.000,I 20,I 20 and Chapel Hill Rd,,Rear End,2,Clear,Dry,Daylight
2022-09-01T07:50:00.000,I 20,I 20 and Chapel Hill Rd,,Rear End,3,Clear,Dry,Daylight
2022-11-28T12:51:00.000,I 20,I 20 and Chapel Hill Rd,,Rear End,2,Clear,Dry,Daylight
2022-07-29T18:00:00.000,I 20,I 20 and Chapel Hill Rd,,Sideswipe-Same Direction,2,Rain,Wet,Daylight
2022-09-25T04:24:00.000,I 20,I 20 and Chapel Hill Rd,,Not a Collision with Motor Vehicle,1,Clear,Dry,Dark-Not Lighted
2022-06-14T15:24:00.000,I 20,I 20 and Chapel Hill Rd,,Angle Crash,2,Clear,Dry,Daylight
2022-01-31T16:05:00.000,I 20,I 20 and Chapel Hill Rd,,Rear End,2,Clear,Dry,Daylight
2022-06-03T20:14:00.000,I 20,I 20 and Chapel Hill Rd,,Not a Collision with Motor Vehicle,2,Clear,Dry,Daylight
2022-08-23T10:57:00.000,I 20,I 20 and Chapel Hill Rd,,Sideswipe-Same Direction,2,Clear,Dry,Daylight
2022-08-15T15:16:00.000,I 20,I 20 and Chapel Hill Rd,,Sideswipe-Same Direction,2,Clear,Dry,Daylight
2022-05-12T07:29:00.000,I 20,I 20 and Chapel Hill Rd,,Rear End,2,Clear,Dry,Daylight
2022-03-17T12:56:00.000,I 20,I 20 and Chapel Hill Rd,,Rear End,2,Clear,Dry,Daylight
2022-08-18T15:34:00.000,I 20,I 20 and Chapel Hill Rd,,Rear End,2,Clear,Dry,Daylight
2022-10-25T07:11:00.000,I 20,I 20 and Chapel Hill Rd,,Angle Crash,3,Clear,Dry,Dark-Not Lighted
2022-10-19T08:18:00.000,I 20,I 20 and Chapel Hill Rd,,Rear End,2,Clear,Dry,Daylight
2022-06-04T21:52:00.000,I 20,I 20 and Chapel Hill Rd,,Rear End,2,Clear,Dry,Dark-Not Lighted
2022-09-21T14:45:00.000,I 20,I 20 and Chapel Hill Rd,,Rear End,2,Clear,Dry,Daylight
2022-12-10T19:22:00.000,I 20,I 20 and Chapel Hill Rd,,Rear End,2,Clear,Dry,Dark-Lighted
2022-08-08T11:55:00.000,I 20,I 20 and Chapel Hill Rd,,Rear End,2,Clear,Dry,Daylight
2022-01-05T15:01:00.000,I 20,I 20 and Chapel Hill Rd,,Rear End,2,Clear,Dry,Daylight
2022-06-02T15:45:00.000,I 20,I 20 and Chapel Hill Rd,,Rear End,2,Clear,Dry,Daylight
2022-02-21T16:17:00.000,I 20,I 20 and Chapel Hill Rd,,Rear End,2,Rain,Wet,Daylight
2022-03-19T14:55:00.000,I 20,I 20 and Chapel Hill Rd,,Rear End,2,Clear,Dry,Daylight
2022-10-22T21:08:00.000,I 20,I 20 and Chapel Hill Rd,,Rear End,2,Clear,Dry,Dark-Not Lighted
2022-01-10T16:34:00.000,I 20,I 20 and Chapel Hill Rd,,Rear End,2,Clear,Dry,Daylight
2022-03-10T14:05:00.000,I 20,I 20 and Chapel Hill Rd,,Rear End,2,Clear,Dry,Daylight
2022-07-14T00:05:00.000,I 20,I 20 and Chapel Hill Rd,,Not a Collision with Motor Vehicle,1,Clear,Dry,Dark-Not Lighted
2023-01-04T01:48:00.000,I 20,I 20 and Chapel Hill Rd,,Sideswipe-Same Direction,2,Rain,Wet,Dark-Not Lighted
2024-04-01T17:17:00.000,I 20,I 20 and Chapel Hill Rd,,Sideswipe-Same Direction,2,Cloudy,Dry,Daylight
2024-07-17T14:26:00.000,I 20,I 20 and Chapel Hill Rd,,Rear End,2,Clear,Dry,Daylight
2024-11-03T11:40:00.000,I 20,I 20 and Chapel Hill Rd,,Rear End,2,Clear,Dry,Daylight
2024-01-22T21:06:00.000,I 20,I 20 and Chapel Hill Rd,,Rear End,3,Clear,Dry,Dark-Not Lighted
2024-02-08T10:55:00.000,I 20,I 20 and Chapel Hill Rd,,Rear End,2,Clear,Dry,Daylight
2024-10-15T15:29:00.000,I 20,I 20 and Chapel Hill Rd,,Angle Crash,2,Clear,Dry,Daylight
2023-02-24T06:36:00.000,I 20,I 20 and Chapel Hill Rd,,Sideswipe-Same Direction,2,Cloudy,Wet,Dark-Lighted
2024-12-16T06:38:00.000,I 20,I 20 and Chapel Hill Rd,,Rear End,2,Clear,Dry,Dark-Not Lighted
2023-09-19T13:00:00.000,I 20,I 20 and Chapel Hill Rd,,Angle Crash,3,Clear,Dry,Daylight
2023-03-21T18:09:00.000,I 20,I 20 and Chapel Hill Rd,,Rear End,2,Clear,Dry,Daylight
2023-06-08T15:50:00.000,I 20,I 20 and Chapel Hill Rd,,Sideswipe-Same Direction,2,Clear,Dry,Daylight
2023-11-03T09:33:00.000,I 20,I 20 and Chapel Hill Rd,,Rear End,2,Clear,Dry,Daylight
2023-12-14T08:19:00.000,I 20,I 20 and Chapel Hill Rd,,Rear End,2,Clear,Dry,Daylight
2023-04-28T13:06:00.000,I 20,I 20 and Chapel Hill Rd,,Rear End,2,Clear,Dry,Daylight
2023-11-23T13:10:00.000,I 20,I 20 and Chapel Hill Rd,,Not a Collision with Motor Vehicle,1,Clear,Dry,Daylight
2023-01-07T10:36:00.000,I 20,I 20 and Chapel Hill Rd,,Angle Crash,2,Clear,Dry,Daylight
2023-12-13T16:03:00.000,I 20,I 20 and Chapel Hill Rd,,Rear End,2,Clear,Dry,Daylight
2023-12-15T14:04:00.000,I 20,I 20 and Chapel Hill Rd,,Rear End,2,Clear,Dry,Daylight
2023-04-19T13:44:00.000,I 20,I 20 and Chapel Hill Rd,,Sideswipe-Same Direction,2,Clear,Dry,Daylight
2023-09-06T14:04:00.000,I 20,I 20 and Chapel Hill Rd,,Rear End,2,Clear,Dry,Daylight
2023-07-28T13:07:00.000,I 20,I 20 and Chapel Hill Rd,,Rear End,2,Clear,Dry,Daylight
2023-01-23T06:08:00.000,I 20,I 20 and Chapel Hill Rd,,Rear End,3,Rain,Wet,Dark-Not Lighted
2023-12-30T02:42:00.000,I 20,I 20 and Chapel Hill Rd,,Sideswipe-Same Direction,2,Clear,Dry,Dark-Not Lighted
2023-02-27T14:46:00.000,I 20,I 20 and Chapel Hill Rd,,Angle Crash,2,Clear,Dry,Daylight
2023-05-31T14:40:00.000,I 20,I 20 and Chapel Hill Rd,,Rear End,2,Clear,Dry,Daylight
2024-10-10T13:26:00.000,I 20,I 20 and Chapel Hill Rd,,Rear End,2,Clear,Dry,Daylight
2024-08-14T11:10:00.000,I 20,I 20 and Chapel Hill Rd,,Sideswipe-Same Direction,2,Cloudy,Dry,Daylight
2024-01-15T13:33:00.000,I 20,I 20 and Chapel Hill Rd,,Rear End,2,Clear,Dry,Daylight
2024-12-16T19:03:00.000,I 20,I 20 and Chapel Hill Rd,,Rear End,2,Clear,Dry,Dark-Lighted
2024-01-04T14:52:00.000,I 20,I 20 and Chapel Hill Rd,,Rear End,2,Clear,Dry,Daylight
2024-11-23T16:08:00.000,I 20,I 20 and Chapel Hill Rd,,Rear End,2,Clear,Dry,Daylight
2024-05-02T10:13:00.000,I 20,I 20 and Chapel Hill Rd,,Rear End,2,Clear,Dry,Daylight
2024-04-29T19:28:00.000,I 20,I 20 and Chapel Hill Rd,,Rear End,2,Clear,Dry,Daylight
2024-02-08T07:25:00.000,I 20,I 20 and Chapel Hill Rd,,Rear End,2,Clear,Dry,Daylight
2024-02-06T15:33:00.000,I 20,I 20 and Chapel Hill Rd,,Rear End,2,Clear,Dry,Daylight
2024-12-03T20:22:00.000,I 20,I 20 and Chapel Hill Rd,,Angle Crash,2,Clear,Dry,Dark-Not Lighted
2024-08-26T11:33:00.000,I 20,I 20 and Chapel Hill Rd,,Rear End,2,Clear,Dry,Daylight
2024-07-26T15:09:00.000,I 20,I 20 and Chapel Hill Rd,,Rear End,2,Clear,Dry,Daylight
2024-03-18T17:27:00.000,I 20,I 20 and Chapel Hill Rd,,Angle Crash,2,Clear,Dry,Daylight
2024-09-24T07:00:00.000,I 20,I 20 and Chapel Hill Rd,,Rear End,2,Clear,Dry,Daylight
2024-09-02T17:27:00.000,I 20,I 20 and Chapel Hill Rd,,Sideswipe-Same Direction,2,Clear,Dry,Daylight
2024-12-11T07:16:00.000,I 20,I 20 and Chapel Hill Rd,,Rear End,3,Cloudy,Dry,Dawn
2023-01-02T06:52:00.000,I 20,I 20 and Chapel Hill Exit Rp,,Not a Collision with Motor Vehicle,1,Clear,Dry,Dark-Not Lighted
2022-06-21T07:03:00.000,I 20,I 20 and Chapel Hill Exit Rp,,Sideswipe-Same Direction,2,Clear,Dry,Daylight
2024-01-09T08:18:00.000,I 20,I 20 and Chapel Hill Brg,,Angle Crash,2,Rain,Wet,Daylight
2023-05-11T17:00:00.000,I 20,I 20 and Chapel Hill Brg,,Sideswipe-Same Direction,2,Clear,Dry,Daylight
2024-07-01T07:41:00.000,I 20,I 20 and Chapel Hill Brg,,Angle Crash,2,Clear,Dry,Daylight
2023-04-05T10:41:00.000,I 20,I 20 and Chapel Hill,,Rear End,2,Clear,Dry,Daylight
2021-08-01T18:58:00.000,I 20,I 20 and Chapel Exit Rp,,Sideswipe-Same Direction,2,Clear,Dry,Daylight
2024-07-28T20:00:00.000,I 20,I 20 and Chander Rd,,Not a Collision with Motor Vehicle,1,Rain,Wet,Dark-Lighted
2023-06-28T07:45:00.000,I 20,I 20 and Chamblin Road Opas,,Not a Collision with Motor Vehicle,1,Clear,Dry,Daylight
2022-05-06T13:05:00.000,I 20,I 20 and Chamblin Rd Opas,,Sideswipe-Same Direction,2,Cloudy,Dry,Daylight
2021-01-23T06:29:00.000,I 20,I 20 and Chamblin Rd,,Not a Collision with Motor Vehicle,1,Clear,Dry,Dark-Not Lighted
2021-05-05T10:28:00.000,I 20,I 20 and Chamblin Rd,,Not a Collision with Motor Vehicle,1,Cloudy,Dry,Daylight
2023-01-23T15:14:00.000,I 20,I 20 and Chamblin Rd,,Sideswipe-Same Direction,2,Clear,Dry,Daylight
2023-03-27T09:08:00.000,I 20,I 20 and Chamblin Rd,,Rear End,3,Rain,Water (standing or moving),Daylight
2023-02-24T07:23:00.000,I 20,I 20 and Chamblin Rd,,Not a Collision with Motor Vehicle,1,Clear,Dry,Daylight