Date and Time,Roadway (From Crash Report),Intersection Name (from Crash Report),KABCO Severity,Manner of Collision (Crash Level) ,# of Vehicles per crash ,Weather Conditions (Crash Level),Surface Condition (Crash Level) ,Light Conditions (Crash Level)
2020-01-15T08:07:00.000,I 20,I 20 and Capitol Ave,,Rear End,2,Cloudy,Dry,Daylight
2020-08-21T11:56:00.000,I 20,I 20 and Capitol Ave,,Rear End,3,Clear,Wet,Daylight
2020-09-16T17:12:00.000,I 20,I 20 and Capitol Ave,,Rear End,2,Rain,Wet,Daylight
2020-02-01T13:10:00.000,I 20,I 20 and Capitol Ave,,Rear End,2,Cloudy,Dry,Daylight
2020-09-05T18:58:00.000,I 20,I 20 and Capitol Ave,,Rear End,2,Clear,Dry,Daylight
2020-07-17T14:20:00.000,I 20,I 20 and Capitol Ave,,Sideswipe-Same Direction,2,Clear,Dry,Daylight
2020-05-19T21:49:00.000,I 20,I 20 and Capitol Ave,,Not a Collision with Motor Vehicle,1,Clear,Dry,Dark-Lighted
2020-06-22T16:00:00.000,I 20,I 20 and Capitol Ave,,Rear End,2,Rain,Wet,Daylight
2020-12-19T12:45:00.000,I 20,I 20 and Capitol Ave,,Rear End,2,Clear,Dry,Daylight
2020-10-11T13:00:00.000,I 20,I 20 and Capitol Ave,,Angle Crash,2,Rain,Wet,Daylight
2020-03-12T18:46:00.000,I 20,I 20 and Capitol Ave,,Sideswipe-Same Direction,2,Clear,Dry,Daylight
2020-10-17T18:02:00.000,I 20,I 20 and Capitol Ave,,Rear End,2,Clear,Dry,Daylight
2020-08-16T16:45:00.000,I 20,I 20 and Capitol Ave,,Sideswipe-Same Direction,2,Clear,Dry,Daylight
2020-09-30T17:25:00.000,I 20,I 20 and Capitol Ave,,Sideswipe-Same Direction,2,Clear,Dry,Daylight
2020-12-04T18:17:00.000,I 20,I 20 and Capitol Ave,,Sideswipe-Same Direction,2,Rain,Wet,Dark-Lighted
2020-08-21T19:47:00.000,I 20,I 20 and Capitol Ave,,Rear End,2,Rain,Wet,Dark-Lighted
2020-02-23T13:57:00.000,I 20,I 20 and Capitol Ave,,Rear End,2,Clear,Dry,Daylight
2020-07-17T13:12:00.000,I 20,I 20 and Capitol Ave,,Rear End,3,Clear,Dry,Daylight
2020-02-06T09:20:00.000,I 20,I 20 and Capitol Ave,,Rear End,2,Cloudy,Wet,Daylight
2020-07-18T13:40:00.000,I 20,I 20 and Capitol Ave,,Rear End,3,Clear,Dry,Daylight
2020-04-11T15:06:00.000,I 20,I 20 and Capitol Ave,,Angle Crash,2,Clear,Dry,Daylight
2020-12-12T14:50:00.000,I 20,I 20 and Capitol Ave,,Rear End,3,Cloudy,Dry,Daylight
2020-12-05T18:16:00.000,I 20,I 20 and Capitol Ave,,Rear End,2,Clear,Dry,Daylight
2021-06-15T16:54:00.000,I 20,I 20 and Capitol Ave,,Rear End,3,Clear,Dry,Daylight
2021-03-15T15:30:00.000,I 20,I 20 and Capitol Ave,,Sideswipe-Same Direction,2,Clear,Dry,Daylight
2021-01-02T21:39:00.000,I 20,I 20 and Capitol Ave,,Rear End,4,Clear,Dry,Dark-Lighted
2021-04-08T18:26:00.000,I 20,I 20 and Capitol Ave,,Rear End,3,Clear,Dry,Daylight
2021-02-06T11:13:00.000,I 20,I 20 and Capitol Ave,,Sideswipe-Same Direction,2,Clear,Dry,Daylight
2021-04-08T18:26:00.000,I 20,I 20 and Capitol Ave,,Sideswipe-Same Direction,2,Clear,Dry,Daylight
2021-02-12T19:00:00.000,I 20,I 20 and Capitol Ave,,Rear End,2,Cloudy,Dry,Dark-Lighted
2021-04-14T08:45:00.000,I 20,I 20 and Capitol Ave,,Rear End,2,Clear,Dry,Daylight
2021-03-18T14:44:00.000,I 20,I 20 and Capitol Ave,,Sideswipe-Same Direction,2,Clear,Dry,Daylight
2021-04-02T15:00:00.000,I 20,I 20 and Capitol Ave,,Rear End,2,Clear,Dry,Daylight
2021-06-11T15:28:00.000,I 20,I 20 and Capitol Ave,,Rear End,3,Rain,Wet,Daylight
2021-03-06T02:17:00.000,I 20,I 20 and Capitol Ave,,Not a Collision with Motor Vehicle,1,Clear,Dry,Dark-Lighted
2021-01-01T16:40:00.000,I 20,I 20 and Capitol Ave,,Sideswipe-Same Direction,2,Rain,Wet,Daylight
2021-12-10T11:28:00.000,I 20,I 20 and Capitol Ave,,Rear End,2,Cloudy,Wet,Daylight
2021-11-12T14:12:00.000,I 20,I 20 and Capitol Ave,,Sideswipe-Same Direction,2,Clear,Dry,Daylight
2021-12-10T11:28:00.000,I 20,I 20 and Capitol Ave,,Rear End,2,Cloudy,Wet,Daylight
2021-07-05T15:24:00.000,I 20,I 20 and Capitol Ave,,Sideswipe-Same Direction,2,Clear,Dry,Daylight
2021-10-15T15:50:00.000,I 20,I 20 and Capitol Ave,,Rear End,2,Clear,Dry,Daylight
2021-07-13T18:50:00.000,I 20,I 20 and Capitol Ave,,Sideswipe-Same Direction,2,Cloudy,Dry,Daylight
2021-08-12T10:24:00.000,I 20,I 20 and Capitol Ave,,Sideswipe-Same Direction,4,Clear,Dry,Daylight
2022-01-31T10:45:00.000,I 20,I 20 and Capitol Ave,,Angle Crash,2,Clear,Dry,Daylight
2021-11-25T16:15:00.000,I 20,I 20 and Capitol Ave,,Rear End,2,Clear,Dry,Daylight
2021-12-23T11:37:00.000,I 20,I 20 and Capitol Ave,,Sideswipe-Same Direction,2,Clear,Dry,Daylight
2021-11-16T09:50:00.000,I 20,I 20 and Capitol Ave,,Sideswipe-Same Direction,2,Cloudy,Dry,Daylight
2021-07-20T15:45:00.000,I 20,I 20 and Capitol Ave,,Not a Collision with Motor Vehicle,1,Rain,Wet,Daylight
2021-11-08T17:00:00.000,I 20,I 20 and Capitol Ave,,Not a Collision with Motor Vehicle,1,Clear,Dry,Daylight
2022-02-03T06:55:00.000,I 20,I 20 and Capitol Ave,,Rear End,4,Rain,Wet,Dusk
2022-02-17T15:01:00.000,I 20,I 20 and Capitol Ave,,Sideswipe-Same Direction,2,Cloudy,Dry,Daylight
2022-12-02T10:56:00.000,I 20,I 20 and Capitol Ave,,Rear End,2,Cloudy,Dry,Daylight
2022-12-09T07:49:00.000,I 20,I 20 and Capitol Ave,,Rear End,2,Cloudy,Dry,Daylight
2022-12-06T15:02:00.000,I 20,I 20 and Capitol Ave,,Sideswipe-Same Direction,2,Cloudy,Dry,Daylight
2021-11-01T06:32:00.000,I 20,I 20 and Capitol Ave,,Rear End,2,Clear,Dry,Dark-Lighted
2021-09-07T14:09:00.000,I 20,I 20 and Capitol Ave,,Sideswipe-Same Direction,4,Clear,Dry,Daylight
2021-09-09T19:18:00.000,I 20,I 20 and Capitol Ave,,Rear End,7,Clear,Dry,Daylight
2021-10-28T18:10:00.000,I 20,I 20 and Capitol Ave,,Rear End,2,Rain,Wet,Daylight
2022-11-28T08:50:00.000,I 20,I 20 and Capitol Ave,,Rear End,2,Clear,Dry,Daylight
2022-06-03T10:21:00.000,I 20,I 20 and Capitol Ave,,Rear End,2,Cloudy,Dry,Daylight
2022-09-03T02:20:00.000,I 20,I 20 and Capitol Ave,,Not a Collision with Motor Vehicle,1,Clear,Dry,Dark-Lighted
2022-05-06T18:48:00.000,I 20,I 20 and Capitol Ave,,Rear End,2,Clear,Dry,Daylight
2022-07-23T21:15:00.000,I 20,I 20 and Capitol Ave,,Not a Collision with Motor Vehicle,1,Clear,Dry,Dark-Lighted
2022-11-07T07:20:00.000,I 20,I 20 and Capitol Ave,,Sideswipe-Same Direction,2,Cloudy,Dry,Daylight
2022-10-28T08:15:00.000,I 20,I 20 and Capitol Ave,,Rear End,2,Clear,Dry,Daylight
2022-12-16T15:35:00.000,I 20,I 20 and Capitol Ave,,Rear End,2,Clear,Dry,Daylight
2022-03-24T07:07:00.000,I 20,I 20 and Capitol Ave,,Rear End,2,Clear,Dry,Daylight
2022-04-07T17:50:00.000,I 20,I 20 and Capitol Ave,,Sideswipe-Same Direction,2,Clear,Dry,Daylight
2022-10-03T12:59:00.000,I 20,I 20 and Capitol Ave,,Rear End,2,Clear,Dry,Daylight
2022-09-26T13:50:00.000,I 20,I 20 and Capitol Ave,,Not a Collision with Motor Vehicle,2,Clear,Dry,Daylight
2022-01-29T18:05:00.000,I 20,I 20 and Capitol Ave,,Rear End,2,Clear,Dry,Dusk
2023-06-08T15:25:00.000,I 20,I 20 and Capitol Ave,,Rear End,2,Clear,Dry,Daylight
2024-02-08T17:47:00.000,I 20,I 20 and Capitol Ave,,Rear End,3,Clear,Dry,Daylight
2024-03-03T10:20:00.000,I 20,I 20 and Capitol Ave,,Rear End,2,Cloudy,Dry,Daylight
2023-04-05T20:40:00.000,I 20,I 20 and Capitol Ave,,Not a Collision with Motor Vehicle,1,Clear,Dry,Dark-Lighted
2023-10-17T11:30:00.000,I 20,I 20 and Capitol Ave,,Sideswipe-Same Direction,2,Clear,Dry,Daylight
2024-05-21T15:56:00.000,I 20,I 20 and Capitol Ave,,Rear End,3,Clear,Dry,Daylight
2023-11-13T15:50:00.000,I 20,I 20 and Capitol Ave,,Sideswipe-Same Direction,2,Clear,Dry,Daylight
2023-09-24T20:10:00.000,I 20,I 20 and Capitol Ave,,Not a Collision with Motor Vehicle,1,Clear,Dry,Dark-Lighted
2023-01-29T19:57:00.000,I 20,I 20 and Capitol Ave,,Not a Collision with Motor Vehicle,1,Rain,Wet,Dark-Lighted
2023-04-18T12:51:00.000,I 20,I 20 and Capitol Ave,,Not a Collision with Motor Vehicle,2,Clear,Dry,Daylight
2023-10-24T09:00:00.000,I 20,I 20 and Capitol Ave,,Rear End,2,Clear,Dry,Daylight
2023-10-17T11:35:00.000,I 20,I 20 and Capitol Ave,,Head On,2,Clear,Dry,Daylight
2023-06-26T19:08:00.000,I 20,I 20 and Capitol Ave,,Not a Collision with Motor Vehicle,1,Clear,Dry,Daylight
2023-10-17T11:30:00.000,I 20,I 20 and Capitol Ave,,Sideswipe-Same Direction,3,Clear,Dry,Daylight
2023-05-11T10:31:00.000,I 20,I 20 and Capitol Ave,,Rear End,2,Clear,Dry,Daylight
2023-01-10T09:22:00.000,I 20,I 20 and Capitol Ave,,Rear End,2,Clear,Dry,Daylight
2024-03-31T14:32:00.000,I 20,I 20 and Capitol Ave,,Rear End,2,Clear,Dry,Daylight
2024-08-12T17:32:00.000,I 20,I 20 and Capitol Ave,,Rear End,2,Cloudy,Dry,Daylight
2024-06-03T17:30:00.000,I 20,I 20 and Capitol Ave,,Sideswipe-Same Direction,2,Clear,Dry,Daylight
2024-02-29T08:00:00.000,I 20,I 20 and Capitol Ave,,Sideswipe-Same Direction,2,Clear,Dry,Daylight
2024-11-15T15:20:00.000,I 20,I 20 and Capitol Ave,,Rear End,2,Clear,Dry,Daylight
2024-06-07T13:29:00.000,I 20,I 20 and Capitol Ave,,Rear End,2,Cloudy,Dry,Daylight
2024-03-04T10:20:00.000,I 20,I 20 and Capitol Ave,,Rear End,2,Cloudy,Dry,Daylight
2024-03-31T14:32:00.000,I 20,I 20 and Capitol Ave,,Angle Crash,2,Clear,Dry,Daylight
2024-12-20T11:44:00.000,I 20,I 20 and Capitol Ave,,Rear End,2,Clear,Dry,Daylight
2024-06-26T11:25:00.000,I 20,I 20 and Capitol Ave,,Sideswipe-Same Direction,2,Clear,Dry,Daylight
2024-03-08T13:24:00.000,I 20,I 20 and Capitol Ave,,Rear End,2,Cloudy,Dry,Daylight
2024-06-03T15:39:00.000,I 20,I 20 and Capitol Ave,,Rear End,2,Clear,Dry,Daylight
2024-09-19T08:50:00.000,I 20,I 20 and Capitol Ave,,Rear End,2,Clear,Dry,Daylight
2024-11-19T08:45:00.000,I 20,I 20 and Capitol Ave,,Sideswipe-Same Direction,2,Rain,Wet,Daylight
2024-10-04T14:30:00.000,I 20,I 20 and Capitol Ave,,Rear End,2,Clear,Dry,Daylight
2024-01-09T12:52:00.000,I 20,I 20 and Capitol Ave,,Rear End,2,Cloudy,Wet,Daylight
2024-05-23T13:18:00.000,I 20,I 20 and Capitol Ave,,Sideswipe-Same Direction,2,Clear,Dry,Daylight
2024-11-15T15:20:00.000,I 20,I 20 and Capitol Ave,,Rear End,2,Clear,Dry,Daylight
2024-02-23T08:21:00.000,I 20,I 20 and Capitol Ave,,Rear End,3,Cloudy,Wet,Daylight
2024-02-16T19:12:00.000,I 20,I 20 and Capitol Ave,,Rear End,2,Clear,Dry,Daylight
2024-11-18T10:30:00.000,I 20,I 20 and Capitol Ave,,Sideswipe-Same Direction,2,Clear,Dry,Daylight
2024-11-15T16:30:00.000,I 20,I 20 and Capitol Ave,,Rear End,2,Clear,Dry,Daylight
2024-11-07T16:19:00.000,I 20,I 20 and Capitol Ave,,Rear End,2,Cloudy,Dry,Daylight
2024-12-13T13:25:00.000,I 20,I 20 and Capitol Ave,,Rear End,4,Clear,Dry,Daylight
2024-11-04T09:29:00.000,I 20,I 20 and Capitol Ave,,Rear End,2,Cloudy,Dry,Daylight
2022-06-06T14:43:00.000,I 20,I 20 and Capitol  Avenue Opas,,Sideswipe-Same Direction,2,Clear,Dry,Daylight
2021-04-28T15:55:00.000,I 20,I 20 and Capitol  Avenue Exit Rp,,Rear End,2,Clear,Dry,Daylight
2021-03-31T13:53:00.000,I 20,I 20 and Capitol  Ave Opas,,Angle Crash,3,Rain,Dry,Daylight
2021-03-08T10:15:00.000,I 20,I 20 and Capitil Ave,,Sideswipe-Same Direction,2,Clear,Dry,Daylight
2024-11-04T07:36:00.000,I 20,I 20 and Capital Ave Opas,,Sideswipe-Same Direction,2,Clear,Dry,Daylight
2021-01-25T12:00:00.000,I 20,I 20 and Capital Ave,,Sideswipe-Same Direction,2,Clear,Dry,Daylight
2021-01-25T06:45:00.000,I 20,I 20 and Capital Ave,,Rear End,3,Cloudy,Dry,Dusk
2020-09-03T18:55:00.000,I 20,I 20 and Capital Ave,,Rear End,3,Clear,Dry,Daylight
2020-12-11T21:53:00.000,I 20,I 20 and Capital Ave,,Rear End,2,Clear,Dry,Dark-Lighted
2023-01-06T11:53:00.000,I 20,I 20 and Capital Ave,,Rear End,2,Cloudy,Dry,Daylight
2023-11-10T16:11:00.000,I 20,I 20 and Capital Ave,,Rear End,2,Clear,Dry,Daylight
2020-01-24T17:13:00.000,I 20,I 20 and Capital Ave,,Rear End,2,Clear,Wet,Daylight
2020-12-07T13:09:00.000,I 20,I 20 and Capital Ave,,Rear End,2,Cloudy,Dry,Daylight
2020-03-03T07:22:00.000,I 20,I 20 and Capital Ave,,Rear End,2,Rain,Wet,Daylight
2020-10-12T14:57:00.000,I 20,I 20 and Capital Ave,,Sideswipe-Same Direction,2,Clear,Dry,Daylight
2020-07-11T10:23:00.000,I 20,I 20 and Capital Ave,,Rear End,3,Clear,Dry,Daylight
2020-03-04T23:41:00.000,I 20,I 20 and Capital Ave,,Sideswipe-Same Direction,2,Rain,Wet,Dark-Lighted
2020-03-02T12:35:00.000,I 20,I 20 and Capital Ave,,Rear End,2,Rain,Wet,Daylight
2020-08-03T13:23:00.000,I 20,I 20 and Capital Ave,,Rear End,2,Clear,Wet,Daylight
2020-09-17T10:45:00.000,I 20,I 20 and Capital Ave,,Not a Collision with Motor Vehicle,1,Rain,Wet,Daylight
2020-09-11T22:57:00.000,I 20,I 20 and Capital Ave,,Sideswipe-Same Direction,2,Clear,Dry,Dark-Lighted
2022-09-09T12:08:00.000,I 20,I 20 and Capital Ave,,Rear End,2,Clear,Dry,Daylight
2021-10-21T08:15:00.000,I 20,I 20 and Capital Ave,,Rear End,2,Clear,Dry,Daylight
2022-02-24T14:14:00.000,I 20,I 20 and Capital Ave,,Rear End,2,Clear,Dry,Daylight
2022-06-24T17:04:00.000,I 20,I 20 and Capital Ave,,Rear End,2,Clear,Dry,Daylight
2023-06-11T18:43:00.000,I 20,I 20 and Capital Ave,,Not a Collision with Motor Vehicle,1,Rain,Wet,Daylight
2024-01-26T19:25:00.000,I 20,I 20 and Capital Ave,,Rear End,2,Cloudy,Dry,Dark-Not Lighted
2024-07-08T09:40:00.000,I 20,I 20 and Capital Ave,,Rear End,2,Clear,Dry,Daylight
2023-09-15T11:55:00.000,I 20,I 20 and Capital Ave,,Rear End,2,Rain,Wet,Daylight
2023-10-27T12:55:00.000,I 20,I 20 and Capital Ave,,Rear End,2,Clear,Dry,Daylight
2024-06-04T14:19:00.000,I 20,I 20 and Capital Ave,,Rear End,4,Rain,Wet,Daylight
2024-06-12T09:00:00.000,I 20,I 20 and Capital Ave,,Rear End,2,Clear,Dry,Daylight
2021-07-23T17:36:00.000,I 20,I 20 and Candler Woods Dr,,Sideswipe-Same Direction,2,Clear,Dry,Daylight
2020-10-28T22:20:00.000,I 20,I 20 and Candler Woods Dr,,Sideswipe-Same Direction,2,Clear,Dry,Daylight
2022-10-09T20:40:00.000,I 20,I 20 and Candler Woods Dr,,Angle Crash,2,Clear,Dry,Dark-Lighted
2024-12-25T00:50:00.000,I 20,I 20 and Candler Woods Dr,,Not a Collision with Motor Vehicle,1,Clear,Dry,Dark-Lighted
2023-12-13T16:30:00.000,I 20,I 20 and Candler Woods Ct,,Rear End,2,Clear,Dry,Daylight
2023-08-10T08:45:00.000,I 20,I 20 and Candler Woods Ct,,Sideswipe-Same Direction,2,Clear,Dry,Daylight
2023-09-09T17:11:00.000,I 20,I 20 and Candler Woods Ct,,Not a Collision with Motor Vehicle,1,Clear,Wet,Dark-Lighted
2021-04-21T10:00:00.000,I 20,I 20 and Candler Woods Ct,,Sideswipe-Same Direction,2,Clear,Dry,Daylight
2024-08-09T11:50:00.000,I 20,I 20 and Candler Woods Ct,,Sideswipe-Same Direction,2,Clear,Dry,Daylight
2024-11-21T15:32:00.000,I 20,I 20 and Candler Woods Ct,,Angle Crash,2,Clear,Dry,Daylight
2024-10-21T18:33:00.000,I 20,I 20 and Candler Woods Ct,,Rear End,3,Clear,Dry,Daylight
2022-03-18T12:50:00.000,I 20,I 20 and Candler Rr,,Angle Crash,2,Rain,Wet,Daylight
2020-09-29T15:20:00.000,I 20,I 20 and Candler Road Opas,,Sideswipe-Same Direction,2,Rain,Wet,Daylight
2020-02-06T13:25:00.000,I 20,I 20 and Candler Road Opas,,Not a Collision with Motor Vehicle,1,Rain,Wet,Daylight
2020-10-25T00:20:00.000,I 20,I 20 and Candler Road Er,,Angle Crash,2,Rain,Wet,Dark-Not Lighted
2023-03-12T09:23:00.000,I 20,I 20 and Candler Rd. Rd,,Not a Collision with Motor Vehicle,1,Rain,Wet,Daylight
2023-04-16T04:10:00.000,I 20,I 20 and Candler Rd.,,Rear End,2,Cloudy,Wet,Dark-Lighted
2023-06-03T14:13:00.000,I 20,I 20 and Candler Rd.,,Sideswipe-Same Direction,2,Clear,Dry,Daylight
2022-08-31T16:00:00.000,I 20,I 20 and Candler Rd.,,Sideswipe-Same Direction,2,Clear,Dry,Daylight
2022-06-16T20:00:00.000,I 20,I 20 and Candler Rd.,,Sideswipe-Same Direction,2,Clear,Dry,Dark-Lighted
2022-01-16T09:30:00.000,I 20,I 20 and Candler Rd.,,Not a Collision with Motor Vehicle,1,Rain,Wet,Daylight
2023-04-08T13:35:00.000,I 20,I 20 and Candler Rd.,,Angle Crash,3,Rain,Wet,Daylight
2023-06-06T05:45:00.000,I 20,I 20 and Candler Rd.,,Sideswipe-Same Direction,2,Clear,Dry,Dawn
2023-02-04T06:45:00.000,I 20,I 20 and Candler Rd.,,Angle Crash,2,Clear,Dry,Dawn
2023-05-22T18:37:00.000,I 20,I 20 and Candler Rd.,,Rear End,2,Rain,Wet,Daylight
2023-06-19T17:03:00.000,I 20,I 20 and Candler Rd.,,Rear End,2,Clear,Dry,Daylight
2023-01-30T00:00:00.000,I 20,I 20 and Candler Rd.,,Sideswipe-Same Direction,3,Clear,Dry,Daylight
2023-03-17T11:15:00.000,I 20,I 20 and Candler Rd.,,Not a Collision with Motor Vehicle,2,Rain,Wet,Daylight
2023-03-12T10:08:00.000,I 20,I 20 and Candler Rd.,,Not a Collision with Motor Vehicle,1,Rain,Wet,Daylight
2024-08-07T05:23:00.000,I 20,I 20 and Candler Rd.,,Sideswipe-Same Direction,2,Clear,Dry,Daylight
2024-12-10T12:59:00.000,I 20,I 20 and Candler Rd.,,Not a Collision with Motor Vehicle,1,Rain,Wet,Daylight
2024-12-10T11:08:00.000,I 20,I 20 and Candler Rd.,,Angle Crash,2,Rain,Wet,Daylight
2024-12-10T13:58:00.000,I 20,I 20 and Candler Rd.,,Not a Collision with Motor Vehicle,1,Rain,Wet,Daylight
2024-12-10T12:31:00.000,I 20,I 20 and Candler Rd.,,Not a Collision with Motor Vehicle,1,Rain,Wet,Daylight
2023-05-25T00:52:00.000,I 20,I 20 and Candler Rd Exit,,Angle Crash,2,Clear,Dry,Dark-Lighted
2023-02-12T03:48:00.000,I 20,I 20 and Candler Rd Exit,,Not a Collision with Motor Vehicle,1,Rain,Wet,Dark-Lighted
2021-04-01T21:00:00.000,I 20,I 20 and Candler Rd,,Sideswipe-Same Direction,2,Clear,Dry,Daylight
2021-04-29T10:00:00.000,I 20,I 20 and Candler Rd,,Rear End,2,Cloudy,Dry,Daylight
2021-01-02T16:00:00.000,I 20,I 20 and Candler Rd,,Rear End,2,Clear,Dry,Daylight
2021-06-10T05:33:00.000,I 20,I 20 and Candler Rd,,Rear End,2,Cloudy,Dry,Dark-Not Lighted
2021-02-06T19:48:00.000,I 20,I 20 and Candler Rd,,Not a Collision with Motor Vehicle,1,Rain,Wet,Dark-Lighted
2021-03-17T15:15:00.000,I 20,I 20 and Candler Rd,,Angle Crash,2,Clear,Wet,Daylight
2021-01-26T05:16:00.000,I 20,I 20 and Candler Rd,,Not a Collision with Motor Vehicle,1,Rain,Wet,Dark-Lighted
2021-02-18T05:55:00.000,I 20,I 20 and Candler Rd,,Not a Collision with Motor Vehicle,1,Rain,Wet,Dark-Lighted
2021-06-06T05:21:00.000,I 20,I 20 and Candler Rd,,Not a Collision with Motor Vehicle,2,Clear,Dry,Dark-Not Lighted
2021-02-15T16:43:00.000,I 20,I 20 and Candler Rd,,Angle Crash,4,Rain,Wet,Daylight
2021-01-08T01:30:00.000,I 20,I 20 and Candler Rd,,Not a Collision with Motor Vehicle,1,Rain,Wet,Dark-Lighted
2021-05-03T14:00:00.000,I 20,I 20 and Candler Rd,,Not a Collision with Motor Vehicle,1,Rain,Wet,Daylight
2021-06-19T23:25:00.000,I 20,I 20 and Candler Rd,,Not a Collision with Motor Vehicle,1,Rain,Wet,Dark-Not Lighted
2021-12-30T11:40:00.000,I 20,I 20 and Candler Rd,,Not a Collision with Motor Vehicle,1,Rain,Wet,Daylight
2021-07-18T23:02:00.000,I 20,I 20 and Candler Rd,,Angle Crash,3,Rain,Wet,Dark-Not Lighted
2021-09-19T13:25:00.000,I 20,I 20 and Candler Rd,,Not a Collision with Motor Vehicle,1,Clear,Wet,Daylight
2021-12-29T11:20:00.000,I 20,I 20 and Candler Rd,,Not a Collision with Motor Vehicle,1,Rain,Wet,Daylight
2021-08-17T05:38:00.000,I 20,I 20 and Candler Rd,,Rear End,2,Rain,Wet,Dark-Lighted
2021-08-27T17:50:00.000,I 20,I 20 and Candler Rd,,Rear End,2,Clear,Dry,Daylight
2021-07-25T05:16:00.000,I 20,I 20 and Candler Rd,,Angle Crash,2,Clear,Dry,Dark-Lighted
2021-07-04T18:00:00.000,I 20,I 20 and Candler Rd,,Rear End,2,Clear,Dry,Daylight
2021-12-15T01:00:00.000,I 20,I 20 and Candler Rd,,Sideswipe-Same Direction,2,Clear,Dry,Dark-Lighted
2021-04-21T21:13:00.000,I 20,I 20 and Candler Rd,,Sideswipe-Same Direction,2,Clear,Dry,Dark-Not Lighted
2021-05-12T07:05:00.000,I 20,I 20 and Candler Rd,,Angle Crash,2,Rain,Wet,Daylight
2021-05-04T20:20:00.000,I 20,I 20 and Candler Rd,,Not a Collision with Motor Vehicle,1,Rain,Wet,Dark-Lighted
2021-06-24T23:55:00.000,I 20,I 20 and Candler Rd,,Angle Crash,2,Rain,Wet,Dark-Lighted
2021-06-06T22:15:00.000,I 20,I 20 and Candler Rd,,Not a Collision with Motor Vehicle,1,Rain,Wet,Dark-Lighted
2021-05-12T06:20:00.000,I 20,I 20 and Candler Rd,,Angle Crash,2,Rain,Wet,Dark-Lighted
2021-01-09T02:50:00.000,I 20,I 20 and Candler Rd,,Not a Collision with Motor Vehicle,1,Clear,Dry,Dark-Lighted
2021-05-04T23:00:00.000,I 20,I 20 and Candler Rd,,Rear End,2,Rain,Wet,Dark-Lighted
2021-01-27T06:39:00.000,I 20,I 20 and Candler Rd,,Not a Collision with Motor Vehicle,1,Rain,Wet,Dark-Not Lighted
2021-01-07T01:10:00.000,I 20,I 20 and Candler Rd,,Sideswipe-Same Direction,2,Rain,Wet,Dark-Lighted
2021-03-19T20:50:00.000,I 20,I 20 and Candler Rd,,Sideswipe-Same Direction,2,Rain,Wet,Dawn
2021-06-19T23:25:00.000,I 20,I 20 and Candler Rd,,Not a Collision with Motor Vehicle,1,Rain,Wet,Dark-Lighted
2021-03-21T22:00:00.000,I 20,I 20 and Candler Rd,,Sideswipe-Same Direction,2,Clear,Dry,Dark-Lighted
2021-04-28T20:20:00.000,I 20,I 20 and Candler Rd,,Sideswipe-Same Direction,2,Clear,Dry,Daylight
2021-06-30T17:00:00.000,I 20,I 20 and Candler Rd,,Rear End,2,Clear,Dry,Daylight
2021-01-09T10:17:00.000,I 20,I 20 and Candler Rd,,Sideswipe-Same Direction,2,Cloudy,Dry,Daylight
2021-04-24T10:36:00.000,I 20,I 20 and Candler Rd,,Not a Collision with Motor Vehicle,1,Rain,Water (standing or moving),Daylight
2021-01-08T00:00:00.000,I 20,I 20 and Candler Rd,,Not a Collision with Motor Vehicle,1,Rain,Wet,Dark-Lighted
2021-05-11T11:50:00.000,I 20,I 20 and Candler Rd,,Rear End,2,Clear,Dry,Daylight
2021-05-08T09:25:00.000,I 20,I 20 and Candler Rd,,Rear End,3,Clear,Dry,Daylight
2021-05-05T19:50:00.000,I 20,I 20 and Candler Rd,,Sideswipe-Same Direction,2,Clear,Dry,Daylight
2021-02-04T15:41:00.000,I 20,I 20 and Candler Rd,,Angle Crash,2,Clear,Dry,Daylight
2021-05-03T14:05:00.000,I 20,I 20 and Candler Rd,,Sideswipe-Same Direction,2,Rain,Wet,Daylight
2021-01-27T06:30:00.000,I 20,I 20 and Candler Rd,,Rear End,2,Rain,Wet,Dark-Not Lighted
2021-01-20T08:00:00.000,I 20,I 20 and Candler Rd,,Angle Crash,2,Clear,Dry,Daylight
2021-05-24T00:57:00.000,I 20,I 20 and Candler Rd,,Sideswipe-Same Direction,2,Clear,Dry,Dark-Lighted
2021-06-10T07:51:00.000,I 20,I 20 and Candler Rd,,Sideswipe-Same Direction,2,Cloudy,Dry,Daylight
2021-04-24T06:53:00.000,I 20,I 20 and Candler Rd,,Angle Crash,2,Rain,Wet,Dark-Not Lighted
2021-04-18T04:02:00.000,I 20,I 20 and Candler Rd,,Sideswipe-Same Direction,2,Clear,Dry,Dark-Lighted
2021-04-28T13:58:00.000,I 20,I 20 and Candler Rd,,Angle Crash,2,Clear,Dry,Daylight
2021-01-14T02:32:00.000,I 20,I 20 and Candler Rd,,Angle Crash,2,Clear,Dry,Dark-Not Lighted
2021-05-26T18:00:00.000,I 20,I 20 and Candler Rd,,Rear End,2,Clear,Dry,Daylight
2021-04-15T12:30:00.000,I 20,I 20 and Candler Rd,,Rear End,3,Clear,Dry,Daylight