Date and Time,Roadway (From Crash Report),Intersection Name (from Crash Report),KABCO Severity,Manner of Collision (Crash Level) ,# of Vehicles per crash ,Weather Conditions (Crash Level),Surface Condition (Crash Level) ,Light Conditions (Crash Level)
2020-01-31T19:30:00.000,I 20,I 20 and Candler Rd,,Not a Collision with Motor Vehicle,1,Clear,Dry,Dark-Lighted
2020-08-09T11:44:00.000,I 20,I 20 and Candler Rd,,Sideswipe-Same Direction,2,Clear,Dry,Daylight
2020-02-18T19:27:00.000,I 20,I 20 and Candler Rd,,Not a Collision with Motor Vehicle,2,Rain,Wet,Dark-Not Lighted
2020-07-15T04:25:00.000,I 20,I 20 and Candler Rd,,Rear End,2,Clear,Dry,Dark-Lighted
2020-08-20T18:20:00.000,I 20,I 20 and Candler Rd,,Angle Crash,2,Rain,Wet,Daylight
2020-04-29T00:20:00.000,I 20,I 20 and Candler Rd,,Rear End,2,Clear,Dry,Dark-Not Lighted
2020-12-19T18:24:00.000,I 20,I 20 and Candler Rd,,Angle Crash,2,Clear,Dry,Dark-Lighted
2020-12-13T10:31:00.000,I 20,I 20 and Candler Rd,,Rear End,2,Clear,Dry,Daylight
2020-08-15T19:25:00.000,I 20,I 20 and Candler Rd,,Angle Crash,4,Rain,Wet,Daylight
2020-02-13T00:00:00.000,I 20,I 20 and Candler Rd,,Head On,2,Clear,Dry,Daylight
2020-03-23T14:18:00.000,I 20,I 20 and Candler Rd,,Not a Collision with Motor Vehicle,1,Rain,Wet,Daylight
2020-07-11T16:17:00.000,I 20,I 20 and Candler Rd,,Rear End,2,Clear,Dry,Daylight
2020-12-14T05:23:00.000,I 20,I 20 and Candler Rd,,Sideswipe-Same Direction,2,Rain,Wet,Dark-Lighted
2020-02-05T14:59:00.000,I 20,I 20 and Candler Rd,,Sideswipe-Same Direction,2,Clear,Water (standing or moving),Daylight
2020-03-23T11:29:00.000,I 20,I 20 and Candler Rd,,Angle Crash,4,Rain,Water (standing or moving),Daylight
2020-04-20T20:10:00.000,I 20,I 20 and Candler Rd,,Rear End,3,Clear,Dry,Dark-Lighted
2020-03-17T08:05:00.000,I 20,I 20 and Candler Rd,,Rear End,2,Cloudy,Dry,Daylight
2020-06-24T21:53:00.000,I 20,I 20 and Candler Rd,,Rear End,2,Rain,Wet,Dark-Lighted
2020-01-02T20:17:00.000,I 20,I 20 and Candler Rd,,Not a Collision with Motor Vehicle,1,Rain,Wet,Dark-Lighted
2020-04-19T20:40:00.000,I 20,I 20 and Candler Rd,,Not a Collision with Motor Vehicle,1,Rain,Wet,Dark-Lighted
2020-11-07T23:05:00.000,I 20,I 20 and Candler Rd,,Angle Crash,2,Clear,Dry,Dark-Lighted
2020-09-12T10:00:00.000,I 20,I 20 and Candler Rd,,Angle Crash,2,Cloudy,Dry,Daylight
2020-02-21T02:55:00.000,I 20,I 20 and Candler Rd,,Rear End,2,Rain,Wet,Dark-Lighted
2020-10-01T00:15:00.000,I 20,I 20 and Candler Rd,,Rear End,2,Clear,Dry,Dark-Lighted
2020-01-02T13:59:00.000,I 20,I 20 and Candler Rd,,Not a Collision with Motor Vehicle,1,Rain,Wet,Daylight
2020-04-23T10:00:00.000,I 20,I 20 and Candler Rd,,Sideswipe-Same Direction,2,Rain,Wet,Daylight
2020-03-04T20:23:00.000,I 20,I 20 and Candler Rd,,Rear End,3,Rain,Wet,Dark-Lighted
2020-02-18T19:08:00.000,I 20,I 20 and Candler Rd,,Rear End,2,Rain,Wet,Dark-Lighted
2020-12-18T12:00:00.000,I 20,I 20 and Candler Rd,,Rear End,2,Clear,Dry,Daylight
2020-05-27T15:20:00.000,I 20,I 20 and Candler Rd,,Not a Collision with Motor Vehicle,1,Rain,Wet,Daylight
2020-08-05T16:00:00.000,I 20,I 20 and Candler Rd,,Sideswipe-Same Direction,2,Clear,Dry,Daylight
2020-06-30T13:00:00.000,I 20,I 20 and Candler Rd,,Sideswipe-Same Direction,2,Clear,Dry,Daylight
2020-07-03T18:22:00.000,I 20,I 20 and Candler Rd,,Sideswipe-Same Direction,2,Clear,Dry,Daylight
2020-02-18T11:00:00.000,I 20,I 20 and Candler Rd,,Not a Collision with Motor Vehicle,1,Rain,Wet,Daylight
2020-11-10T00:44:00.000,I 20,I 20 and Candler Rd,,Sideswipe-Same Direction,2,Clear,Dry,Dark-Lighted
2020-04-19T10:34:00.000,I 20,I 20 and Candler Rd,,Not a Collision with Motor Vehicle,1,Rain,Wet,Daylight
2020-01-25T14:22:00.000,I 20,I 20 and Candler Rd,,Not a Collision with Motor Vehicle,3,Clear,Dry,Daylight
2020-01-02T15:47:00.000,I 20,I 20 and Candler Rd,,Angle Crash,2,Rain,Wet,Daylight
2020-09-24T19:00:00.000,I 20,I 20 and Candler Rd,,Angle Crash,2,Rain,Wet,Daylight
2020-11-25T12:00:00.000,I 20,I 20 and Candler Rd,,Rear End,2,Cloudy,Dry,Daylight
2020-02-06T13:15:00.000,I 20,I 20 and Candler Rd,,Not a Collision with Motor Vehicle,1,Clear,Wet,Daylight
2020-09-06T01:45:00.000,I 20,I 20 and Candler Rd,,Sideswipe-Same Direction,2,Clear,Dry,Dark-Lighted
2020-07-06T04:50:00.000,I 20,I 20 and Candler Rd,,Sideswipe-Same Direction,2,Clear,Dry,Dark-Lighted
2020-11-11T12:31:00.000,I 20,I 20 and Candler Rd,,Not a Collision with Motor Vehicle,1,Rain,Wet,Daylight
2020-02-18T22:00:00.000,I 20,I 20 and Candler Rd,,Rear End,2,Rain,Wet,Dark-Not Lighted
2020-01-13T04:49:00.000,I 20,I 20 and Candler Rd,,Not a Collision with Motor Vehicle,1,Rain,Wet,Dark-Lighted
2020-08-20T19:15:00.000,I 20,I 20 and Candler Rd,,Angle Crash,2,Rain,Wet,Dark-Lighted
2020-07-29T12:43:00.000,I 20,I 20 and Candler Rd,,Sideswipe-Same Direction,2,Rain,Wet,Daylight
2020-11-17T03:32:00.000,I 20,I 20 and Candler Rd,,Rear End,2,Clear,Dry,Dark-Not Lighted
2020-10-14T13:30:00.000,I 20,I 20 and Candler Rd,,Not a Collision with Motor Vehicle,2,Clear,Dry,Daylight
2020-12-09T12:00:00.000,I 20,I 20 and Candler Rd,,Rear End,2,Clear,Dry,Daylight
2020-02-18T12:15:00.000,I 20,I 20 and Candler Rd,,Not a Collision with Motor Vehicle,1,Clear,Wet,Daylight
2020-06-27T17:50:00.000,I 20,I 20 and Candler Rd,,Rear End,2,Rain,Wet,Daylight
2020-10-10T13:30:00.000,I 20,I 20 and Candler Rd,,Sideswipe-Same Direction,3,Cloudy,Dry,Daylight
2020-10-10T04:04:00.000,I 20,I 20 and Candler Rd,,Sideswipe-Same Direction,2,Clear,Wet,Dark-Lighted
2020-06-14T04:07:00.000,I 20,I 20 and Candler Rd,,Angle Crash,2,Clear,Dry,Dark-Lighted
2020-09-17T01:20:00.000,I 20,I 20 and Candler Rd,,Not a Collision with Motor Vehicle,1,Rain,Wet,Dark-Lighted
2020-08-09T20:10:00.000,I 20,I 20 and Candler Rd,,Rear End,2,Rain,Wet,Dusk
2020-03-23T16:35:00.000,I 20,I 20 and Candler Rd,,Not a Collision with Motor Vehicle,2,Rain,Wet,Daylight
2020-12-23T20:40:00.000,I 20,I 20 and Candler Rd,,Rear End,2,Clear,Dry,Dark-Lighted
2020-08-03T15:35:00.000,I 20,I 20 and Candler Rd,,Angle Crash,2,Rain,Wet,Daylight
2020-05-18T18:00:00.000,I 20,I 20 and Candler Rd,,Rear End,3,Rain,Wet,Daylight
2020-07-29T12:43:00.000,I 20,I 20 and Candler Rd,,Rear End,2,Rain,Wet,Daylight
2020-08-15T19:30:00.000,I 20,I 20 and Candler Rd,,Not a Collision with Motor Vehicle,1,Rain,Wet,Daylight
2020-07-06T19:00:00.000,I 20,I 20 and Candler Rd,,Not a Collision with Motor Vehicle,1,Cloudy,Wet,Daylight
2020-02-27T15:00:00.000,I 20,I 20 and Candler Rd,,Rear End,2,Clear,Dry,Daylight
2020-08-07T23:35:00.000,I 20,I 20 and Candler Rd,,Not a Collision with Motor Vehicle,1,Clear,Wet,Dark-Lighted
2020-06-27T17:30:00.000,I 20,I 20 and Candler Rd,,Not a Collision with Motor Vehicle,1,Rain,Wet,Daylight
2020-07-16T20:00:00.000,I 20,I 20 and Candler Rd,,Not a Collision with Motor Vehicle,1,Clear,Dry,Dusk
2020-12-19T00:30:00.000,I 20,I 20 and Candler Rd,,Head On,2,Clear,Dry,Dark-Lighted
2020-08-27T21:45:00.000,I 20,I 20 and Candler Rd,,Rear End,2,Clear,Dry,Dusk
2020-01-13T09:18:00.000,I 20,I 20 and Candler Rd,,Not a Collision with Motor Vehicle,1,Rain,Wet,Daylight
2020-02-26T14:45:00.000,I 20,I 20 and Candler Rd,,Rear End,2,Clear,Dry,Daylight
2020-01-31T17:30:00.000,I 20,I 20 and Candler Rd,,Rear End,2,Clear,Dry,Daylight
2020-11-29T19:05:00.000,I 20,I 20 and Candler Rd,,Not a Collision with Motor Vehicle,1,Rain,Wet,Dark-Lighted
2020-06-14T20:54:00.000,I 20,I 20 and Candler Rd,,Sideswipe-Same Direction,2,Rain,Wet,Dusk
2020-02-05T23:20:00.000,I 20,I 20 and Candler Rd,,Not a Collision with Motor Vehicle,1,Clear,Wet,Dark-Lighted
2020-03-04T01:35:00.000,I 20,I 20 and Candler Rd,,Not a Collision with Motor Vehicle,1,Rain,Wet,Daylight
2020-02-06T07:01:00.000,I 20,I 20 and Candler Rd,,Not a Collision with Motor Vehicle,1,Rain,Wet,Dark-Lighted
2020-08-10T16:05:00.000,I 20,I 20 and Candler Rd,,Not a Collision with Motor Vehicle,1,Rain,Wet,Daylight
2020-08-01T12:19:00.000,I 20,I 20 and Candler Rd,,Rear End,2,Clear,Dry,Daylight
2020-12-24T08:10:00.000,I 20,I 20 and Candler Rd,,Head On,2,Clear,Wet,Daylight
2020-01-18T22:40:00.000,I 20,I 20 and Candler Rd,,Not a Collision with Motor Vehicle,1,Rain,Wet,Dark-Lighted
2020-12-24T07:30:00.000,I 20,I 20 and Candler Rd,,Sideswipe-Same Direction,2,Rain,Wet,Daylight
2020-04-24T22:50:00.000,I 20,I 20 and Candler Rd,,Angle,2,Clear,Dry,Dark-Lighted
2020-10-20T17:37:00.000,I 20,I 20 and Candler Rd,,Not a Collision with Motor Vehicle,1,Clear,Dry,Daylight
2020-05-18T17:45:00.000,I 20,I 20 and Candler Rd,,Not a Collision with Motor Vehicle,1,Rain,Wet,Daylight
2020-12-24T08:10:00.000,I 20,I 20 and Candler Rd,,Not a Collision with Motor Vehicle,1,Rain,Dry,Daylight
2020-02-13T07:16:00.000,I 20,I 20 and Candler Rd,,Not a Collision with Motor Vehicle,1,Rain,Wet,Daylight
2020-01-24T02:30:00.000,I 20,I 20 and Candler Rd,,Not a Collision with Motor Vehicle,1,Rain,Wet,Dark-Lighted
2020-02-18T12:15:00.000,I 20,I 20 and Candler Rd,,Not a Collision with Motor Vehicle,1,Clear,Wet,Daylight
2020-07-02T10:20:00.000,I 20,I 20 and Candler Rd,,Not a Collision with Motor Vehicle,2,Clear,Dry,Daylight
2020-05-27T16:10:00.000,I 20,I 20 and Candler Rd,,Rear End,4,Rain,Wet,Daylight
2020-06-02T23:00:00.000,I 20,I 20 and Candler Rd,,Sideswipe-Same Direction,2,Clear,Dry,Dark-Not Lighted
2020-12-18T23:15:00.000,I 20,I 20 and Candler Rd,,Not a Collision with Motor Vehicle,1,Clear,Dry,Dark-Lighted
2020-01-23T22:00:00.000,I 20,I 20 and Candler Rd,,Angle Crash,2,Rain,Wet,Dark-Lighted
2020-01-02T13:55:00.000,I 20,I 20 and Candler Rd,,Angle Crash,2,Rain,Wet,Daylight
2020-04-19T09:40:00.000,I 20,I 20 and Candler Rd,,Not a Collision with Motor Vehicle,1,Rain,Water (standing or moving),Daylight
2020-07-25T15:00:00.000,I 20,I 20 and Candler Rd,,Not a Collision with Motor Vehicle,1,Clear,Dry,Daylight
2020-02-29T16:00:00.000,I 20,I 20 and Candler Rd,,Angle Crash,2,Clear,Dry,Daylight
2020-03-02T11:39:00.000,I 20,I 20 and Candler Rd,,Not a Collision with Motor Vehicle,1,Rain,Wet,Dark-Lighted
2020-02-10T18:19:00.000,I 20,I 20 and Candler Rd,,Angle Crash,2,Rain,Water (standing or moving),Dark-Lighted
2020-07-26T04:00:00.000,I 20,I 20 and Candler Rd,,Angle Crash,2,Clear,Dry,Dark-Lighted
2020-03-16T06:38:00.000,I 20,I 20 and Candler Rd,,Angle Crash,3,Rain,Wet,Dark-Lighted
2020-07-28T18:48:00.000,I 20,I 20 and Candler Rd,,Rear End,2,Rain,Wet,Daylight
2020-06-27T17:55:00.000,I 20,I 20 and Candler Rd,,Not a Collision with Motor Vehicle,1,Rain,Wet,Daylight
2020-10-15T10:30:00.000,I 20,I 20 and Candler Rd,,Rear End,2,Clear,Dry,Daylight
2020-04-20T14:38:00.000,I 20,I 20 and Candler Rd,,Rear End,2,Clear,Dry,Daylight
2020-08-25T09:32:00.000,I 20,I 20 and Candler Rd,,Rear End,2,Rain,Wet,Daylight
2020-03-23T18:55:00.000,I 20,I 20 and Candler Rd,,Sideswipe-Same Direction,2,Rain,Wet,Dusk
2020-07-11T21:00:00.000,I 20,I 20 and Candler Rd,,Not a Collision with Motor Vehicle,1,Clear,Dry,Daylight
2020-09-17T20:00:00.000,I 20,I 20 and Candler Rd,,Rear End,2,Clear,Dry,Dusk
2020-10-29T14:29:00.000,I 20,I 20 and Candler Rd,,Angle Crash,2,Clear,Dry,Daylight
2020-12-04T15:15:00.000,I 20,I 20 and Candler Rd,,Not a Collision with Motor Vehicle,1,Rain,Wet,Daylight
2020-05-18T17:55:00.000,I 20,I 20 and Candler Rd,,Rear End,2,Rain,Wet,Daylight
2020-08-17T13:27:00.000,I 20,I 20 and Candler Rd,,Not a Collision with Motor Vehicle,1,Cloudy,Wet,Daylight
2020-07-27T18:50:00.000,I 20,I 20 and Candler Rd,,Rear End,2,Rain,Wet,Daylight
2020-11-10T23:19:00.000,I 20,I 20 and Candler Rd,,Sideswipe-Same Direction,2,Rain,Wet,Dark-Lighted
2020-02-06T11:39:00.000,I 20,I 20 and Candler Rd,,Not a Collision with Motor Vehicle,1,Rain,Wet,Daylight
2020-09-17T00:05:00.000,I 20,I 20 and Candler Rd,,Not a Collision with Motor Vehicle,1,Clear,Dry,Dark-Lighted
2020-12-24T18:11:00.000,I 20,I 20 and Candler Rd,,Angle Crash,2,Clear,Dry,Dark-Not Lighted
2020-10-24T19:25:00.000,I 20,I 20 and Candler Rd,,Rear End,3,Rain,Water (standing or moving),Dark-Lighted
2020-10-10T19:19:00.000,I 20,I 20 and Candler Rd,,Not a Collision with Motor Vehicle,1,Rain,Wet,Dark-Lighted
2020-06-14T20:00:00.000,I 20,I 20 and Candler Rd,,Not a Collision with Motor Vehicle,1,Rain,Wet,Daylight
2020-11-11T12:31:00.000,I 20,I 20 and Candler Rd,,Not a Collision with Motor Vehicle,1,Rain,Wet,Daylight
2020-01-02T15:30:00.000,I 20,I 20 and Candler Rd,,Not a Collision with Motor Vehicle,1,Rain,Water (standing or moving),Dusk
2020-11-29T20:10:00.000,I 20,I 20 and Candler Rd,,Not a Collision with Motor Vehicle,1,Rain,Wet,Dark-Lighted
2020-01-29T17:00:00.000,I 20,I 20 and Candler Rd,,Sideswipe-Same Direction,2,Clear,Dry,Daylight
2020-02-10T18:30:00.000,I 20,I 20 and Candler Rd,,Rear End,2,Rain,Water (standing or moving),Dark-Lighted
2020-08-21T19:39:00.000,I 20,I 20 and Candler Rd,,Not a Collision with Motor Vehicle,1,Rain,Wet,Daylight
2020-03-04T22:20:00.000,I 20,I 20 and Candler Rd,,Sideswipe-Same Direction,3,Rain,Wet,Dark-Lighted
2020-04-22T18:00:00.000,I 20,I 20 and Candler Rd,,Not a Collision with Motor Vehicle,1,Clear,Dry,Daylight
2020-09-17T05:55:00.000,I 20,I 20 and Candler Rd,,Not a Collision with Motor Vehicle,1,Rain,Wet,Dark-Lighted
2020-08-22T12:50:00.000,I 20,I 20 and Candler Rd,,Rear End,2,Clear,Dry,Daylight
2020-11-11T12:31:00.000,I 20,I 20 and Candler Rd,,Not a Collision with Motor Vehicle,1,Rain,Wet,Daylight
2020-09-16T12:00:00.000,I 20,I 20 and Candler Rd,,Rear End,2,Rain,Wet,Daylight
2020-01-12T18:42:00.000,I 20,I 20 and Candler Rd,,Angle Crash,2,Clear,Wet,Dark-Lighted
2020-08-25T09:38:00.000,I 20,I 20 and Candler Rd,,Not a Collision with Motor Vehicle,1,Rain,Wet,Daylight
2020-01-02T22:22:00.000,I 20,I 20 and Candler Rd,,Not a Collision with Motor Vehicle,1,Rain,Wet,Dark-Not Lighted
2020-01-30T16:07:00.000,I 20,I 20 and Candler Rd,,Rear End,2,Clear,Ice/Frost,Daylight
2020-02-06T11:00:00.000,I 20,I 20 and Candler Rd,,Not a Collision with Motor Vehicle,1,Rain,Wet,Daylight
2020-04-23T08:40:00.000,I 20,I 20 and Candler Rd,,Not a Collision with Motor Vehicle,1,Rain,Wet,Daylight
2020-03-23T13:09:00.000,I 20,I 20 and Candler Rd,,Not a Collision with Motor Vehicle,1,Rain,Wet,Daylight
2020-05-27T11:25:00.000,I 20,I 20 and Candler Rd,,Not a Collision with Motor Vehicle,1,Rain,Wet,Daylight
2020-07-27T18:50:00.000,I 20,I 20 and Candler Rd,,Not a Collision with Motor Vehicle,1,Rain,Wet,Daylight
2020-04-25T12:43:00.000,I 20,I 20 and Candler Rd,,Sideswipe-Opposite Direction,2,Clear,Dry,Daylight
2020-03-23T00:00:00.000,I 20,I 20 and Candler Rd,,Not a Collision with Motor Vehicle,1,Rain,Wet,Daylight
2020-03-11T16:00:00.000,I 20,I 20 and Candler Rd,,Not a Collision with Motor Vehicle,1,Rain,Wet,Daylight
2020-12-18T23:15:00.000,I 20,I 20 and Candler Rd,,Angle Crash,2,Clear,Dry,Dark-Lighted
2020-08-21T21:46:00.000,I 20,I 20 and Candler Rd,,Rear End,2,Clear,Wet,Dark-Lighted
2020-09-16T12:03:00.000,I 20,I 20 and Candler Rd,,Not a Collision with Motor Vehicle,1,Rain,Wet,Daylight
2021-01-31T09:20:00.000,I 20,I 20 and Candler Rd,,Not a Collision with Motor Vehicle,1,Rain,Wet,Daylight
2021-05-28T15:30:00.000,I 20,I 20 and Candler Rd,,Angle Crash,2,Clear,Dry,Daylight
2021-05-04T15:08:00.000,I 20,I 20 and Candler Rd,,Not a Collision with Motor Vehicle,1,Rain,Wet,Daylight
2021-03-20T16:00:00.000,I 20,I 20 and Candler Rd,,Not a Collision with Motor Vehicle,1,Clear,Dry,Daylight
2021-05-04T21:40:00.000,I 20,I 20 and Candler Rd,,Not a Collision with Motor Vehicle,1,Rain,Wet,Dark-Lighted
2021-05-23T07:10:00.000,I 20,I 20 and Candler Rd,,Sideswipe-Same Direction,2,Clear,Dry,Daylight
2021-06-19T22:15:00.000,I 20,I 20 and Candler Rd,,Not a Collision with Motor Vehicle,1,Rain,Wet,Dark-Lighted
2021-01-01T10:04:00.000,I 20,I 20 and Candler Rd,,Not a Collision with Motor Vehicle,1,Cloudy,Wet,Dark-Lighted
2021-06-11T19:10:00.000,I 20,I 20 and Candler Rd,,Sideswipe-Same Direction,2,Clear,Dry,Daylight
2021-01-12T22:30:00.000,I 20,I 20 and Candler Rd,,Sideswipe-Same Direction,2,Clear,Dry,Dark-Not Lighted
2021-04-29T12:24:00.000,I 20,I 20 and Candler Rd,,Rear End,2,Clear,Dry,Daylight
2021-04-17T10:00:00.000,I 20,I 20 and Candler Rd,,Sideswipe-Same Direction,2,Cloudy,Dry,Daylight
2021-05-05T06:25:00.000,I 20,I 20 and Candler Rd,,Rear End,2,Clear,Dry,Dawn
2021-05-12T07:56:00.000,I 20,I 20 and Candler Rd,,Angle Crash,2,Rain,Wet,Daylight
2021-03-31T16:30:00.000,I 20,I 20 and Candler Rd,,Not a Collision with Motor Vehicle,1,Rain,Wet,Daylight
2021-03-31T14:30:00.000,I 20,I 20 and Candler Rd,,Not a Collision with Motor Vehicle,1,Rain,Wet,Daylight
2021-04-24T21:36:00.000,I 20,I 20 and Candler Rd,,Angle Crash,3,Clear,Water (standing or moving),Dark-Not Lighted
2021-05-04T15:45:00.000,I 20,I 20 and Candler Rd,,Not a Collision with Motor Vehicle,1,Rain,Wet,Daylight
2021-02-21T18:13:00.000,I 20,I 20 and Candler Rd,,Rear End,6,Clear,Dry,Daylight
2021-06-10T16:10:00.000,I 20,I 20 and Candler Rd,,Angle Crash,2,Rain,Wet,Daylight
2021-02-07T00:51:00.000,I 20,I 20 and Candler Rd,,Not a Collision with Motor Vehicle,1,Cloudy,Wet,Dark-Lighted
2021-02-10T20:55:00.000,I 20,I 20 and Candler Rd,,Sideswipe-Same Direction,2,Clear,Dry,Dark-Lighted
2021-01-12T00:15:00.000,I 20,I 20 and Candler Rd,,Not a Collision with Motor Vehicle,1,Rain,Wet,Dark-Lighted
2021-03-09T03:10:00.000,I 20,I 20 and Candler Rd,,Sideswipe-Same Direction,2,Clear,Dry,Dark-Lighted
2021-04-03T17:25:00.000,I 20,I 20 and Candler Rd,,Not a Collision with Motor Vehicle,1,Clear,Dry,Daylight
2021-01-03T22:23:00.000,I 20,I 20 and Candler Rd,,Not a Collision with Motor Vehicle,1,Clear,Dry,Dark-Lighted
2021-05-04T15:47:00.000,I 20,I 20 and Candler Rd,,Not a Collision with Motor Vehicle,1,Rain,Wet,Daylight
2021-01-01T11:14:00.000,I 20,I 20 and Candler Rd,,Angle Crash,2,Rain,Water (standing or moving),Daylight
2021-02-18T05:55:00.000,I 20,I 20 and Candler Rd,,Not a Collision with Motor Vehicle,1,Rain,Wet,Dark-Lighted
2021-03-29T15:30:00.000,I 20,I 20 and Candler Rd,,Rear End,2,Clear,Dry,Daylight
2021-04-23T19:31:00.000,I 20,I 20 and Candler Rd,,Sideswipe-Same Direction,2,Clear,Dry,Daylight
2021-02-12T20:00:00.000,I 20,I 20 and Candler Rd,,Sideswipe-Same Direction,2,Clear,Dry,Dark-Lighted
2021-06-28T13:56:00.000,I 20,I 20 and Candler Rd,,Rear End,2,Clear,Dry,Daylight
2021-08-30T21:40:00.000,I 20,I 20 and Candler Rd,,Rear End,2,Clear,Dry,Dark-Not Lighted
2021-11-13T18:15:00.000,I 20,I 20 and Candler Rd,,Sideswipe-Same Direction,2,Clear,Dry,Dark-Lighted
2021-08-31T15:35:00.000,I 20,I 20 and Candler Rd,,Rear End,5,Clear,Dry,Daylight
2021-08-22T15:18:00.000,I 20,I 20 and Candler Rd,,Rear End,2,Rain,Wet,Daylight
2021-12-30T20:45:00.000,I 20,I 20 and Candler Rd,,Angle Crash,2,Clear,Wet,Dark-Lighted
2021-08-03T19:10:00.000,I 20,I 20 and Candler Rd,,Not a Collision with Motor Vehicle,1,Rain,Wet,Daylight
2021-09-16T16:39:00.000,I 20,I 20 and Candler Rd,,Angle Crash,2,Rain,Wet,Daylight
2021-12-06T14:00:00.000,I 20,I 20 and Candler Rd,,Angle Crash,3,Rain,Wet,Daylight
2021-12-18T12:10:00.000,I 20,I 20 and Candler Rd,,Rear End,2,Rain,Wet,Daylight
2021-12-18T23:03:00.000,I 20,I 20 and Candler Rd,,Not a Collision with Motor Vehicle,1,Rain,Wet,Dark-Lighted
2021-11-27T21:50:00.000,I 20,I 20 and Candler Rd,,Sideswipe-Same Direction,2,Clear,Dry,Dark-Lighted
2021-07-31T20:45:00.000,I 20,I 20 and Candler Rd,,Rear End,2,Clear,Dry,Dark-Lighted
2021-11-24T12:58:00.000,I 20,I 20 and Candler Rd,,Rear End,2,Clear,Dry,Daylight
2021-08-22T17:20:00.000,I 20,I 20 and Candler Rd,,Rear End,2,Clear,Wet,Daylight
2021-12-10T20:03:00.000,I 20,I 20 and Candler Rd,,Angle Crash,2,Cloudy,Wet,Dark-Not Lighted
2021-12-30T07:25:00.000,I 20,I 20 and Candler Rd,,Sideswipe-Same Direction,2,Rain,Wet,Daylight
2021-11-11T20:51:00.000,I 20,I 20 and Candler Rd,,Sideswipe-Same Direction,2,Rain,Wet,Dark-Not Lighted
2021-07-08T20:55:00.000,I 20,I 20 and Candler Rd,,Rear End,2,Rain,Wet,Dark-Lighted
2021-10-05T05:15:00.000,I 20,I 20 and Candler Rd,,Not a Collision with Motor Vehicle,1,Rain,Wet,Dark-Lighted
2021-12-11T15:29:00.000,I 20,I 20 and Candler Rd,,Rear End,2,Rain,Wet,Daylight
2021-08-17T06:20:00.000,I 20,I 20 and Candler Rd,,Not a Collision with Motor Vehicle,1,Rain,Wet,Daylight
2021-07-25T19:04:00.000,I 20,I 20 and Candler Rd,,Sideswipe-Same Direction,2,Cloudy,Dry,Daylight
2021-10-28T18:27:00.000,I 20,I 20 and Candler Rd,,Not a Collision with Motor Vehicle,1,Rain,Wet,Dark-Lighted
2021-07-06T15:51:00.000,I 20,I 20 and Candler Rd,,Rear End,2,Clear,Dry,Daylight
2021-08-22T17:00:00.000,I 20,I 20 and Candler Rd,,Rear End,2,Clear,Wet,Daylight
2021-08-31T16:00:00.000,I 20,I 20 and Candler Rd,,Not a Collision with Motor Vehicle,1,Rain,Water (standing or moving),Daylight
2021-12-06T14:00:00.000,I 20,I 20 and Candler Rd,,Angle Crash,2,Rain,Wet,Daylight
2021-08-31T20:10:00.000,I 20,I 20 and Candler Rd,,Not a Collision with Motor Vehicle,1,Clear,Dry,Dark-Lighted
2022-04-05T10:45:00.000,I 20,I 20 and Candler Rd,,Not a Collision with Motor Vehicle,1,Rain,Wet,Daylight
2022-02-24T18:32:00.000,I 20,I 20 and Candler Rd,,Not a Collision with Motor Vehicle,1,Clear,Dry,Daylight
2022-01-06T09:40:00.000,I 20,I 20 and Candler Rd,,Not a Collision with Motor Vehicle,1,Clear,Dry,Daylight
2022-03-12T02:38:00.000,I 20,I 20 and Candler Rd,,Sideswipe-Same Direction,2,Rain,Wet,Dark-Not Lighted
2022-12-14T23:15:00.000,I 20,I 20 and Candler Rd,,Rear End,3,Rain,Wet,Dark-Not Lighted
2022-04-01T20:53:00.000,I 20,I 20 and Candler Rd,,Sideswipe-Same Direction,2,Clear,Dry,Dark-Lighted
2022-11-04T23:20:00.000,I 20,I 20 and Candler Rd,,Rear End,2,Clear,Dry,Dark-Lighted
2022-03-01T20:45:00.000,I 20,I 20 and Candler Rd,,Not a Collision with Motor Vehicle,2,Clear,Dry,Dark-Not Lighted
2022-04-20T17:00:00.000,I 20,I 20 and Candler Rd,,Angle Crash,2,Clear,Dry,Daylight
2022-02-26T02:14:00.000,I 20,I 20 and Candler Rd,,Sideswipe-Same Direction,2,Clear,Dry,Dark-Not Lighted
2022-11-24T23:53:00.000,I 20,I 20 and Candler Rd,,Rear End,3,Rain,Wet,Dark-Lighted
2022-09-25T01:28:00.000,I 20,I 20 and Candler Rd,,Angle Crash,2,Clear,Dry,Dark-Lighted