Date and Time,Roadway (From Crash Report),Intersection Name (from Crash Report),KABCO Severity,Manner of Collision (Crash Level) ,# of Vehicles per crash ,Weather Conditions (Crash Level),Surface Condition (Crash Level) ,Light Conditions (Crash Level)
2022-01-03T23:15:00.000,I 20,I 20 and Candler Rd,,Sideswipe-Same Direction,2,Clear,Dry,Dark-Not Lighted
2022-10-19T00:00:00.000,I 20,I 20 and Candler Rd,,Angle Crash,2,Clear,Dry,Daylight
2021-10-30T22:59:00.000,I 20,I 20 and Candler Rd,,Sideswipe-Same Direction,2,Clear,Dry,Dark-Lighted
2021-07-17T16:38:00.000,I 20,I 20 and Candler Rd,,Angle Crash,5,Rain,Wet,Daylight
2021-09-29T16:10:00.000,I 20,I 20 and Candler Rd,,Angle Crash,2,Clear,Dry,Daylight
2021-07-04T23:53:00.000,I 20,I 20 and Candler Rd,,Not a Collision with Motor Vehicle,1,Clear,Dry,Dark-Not Lighted
2021-08-11T09:30:00.000,I 20,I 20 and Candler Rd,,Sideswipe-Same Direction,4,Clear,Dry,Daylight
2021-09-16T16:00:00.000,I 20,I 20 and Candler Rd,,Not a Collision with Motor Vehicle,1,Rain,Wet,Daylight
2021-11-03T21:15:00.000,I 20,I 20 and Candler Rd,,Sideswipe-Same Direction,2,Clear,Dry,Daylight
2021-08-09T15:00:00.000,I 20,I 20 and Candler Rd,,Rear End,2,Clear,Dry,Daylight
2021-09-25T11:20:00.000,I 20,I 20 and Candler Rd,,Sideswipe-Same Direction,2,Clear,Dry,Daylight
2022-10-13T05:40:00.000,I 20,I 20 and Candler Rd,,Not a Collision with Motor Vehicle,1,Rain,Dry,Daylight
2022-11-25T18:40:00.000,I 20,I 20 and Candler Rd,,Rear End,3,Clear,Dry,Dark-Not Lighted
2022-11-11T08:11:00.000,I 20,I 20 and Candler Rd,,Not a Collision with Motor Vehicle,1,Rain,Water (standing or moving),Daylight
2022-10-25T11:50:00.000,I 20,I 20 and Candler Rd,,Not a Collision with Motor Vehicle,1,Clear,Dry,Daylight
2022-12-05T15:26:00.000,I 20,I 20 and Candler Rd,,Not a Collision with Motor Vehicle,1,Rain,Wet,Daylight
2022-02-20T05:55:00.000,I 20,I 20 and Candler Rd,,Rear End,2,Clear,Dry,Dark-Lighted
2022-12-17T23:56:00.000,I 20,I 20 and Candler Rd,,Angle Crash,3,Clear,Dry,Dark-Lighted
2022-04-16T11:00:00.000,I 20,I 20 and Candler Rd,,Rear End,2,Cloudy,Dry,Daylight
2022-12-11T14:58:00.000,I 20,I 20 and Candler Rd,,Not a Collision with Motor Vehicle,1,Rain,Wet,Daylight
2022-05-06T14:46:00.000,I 20,I 20 and Candler Rd,,Sideswipe-Same Direction,2,Clear,Dry,Daylight
2022-12-13T21:00:00.000,I 20,I 20 and Candler Rd,,Sideswipe-Same Direction,2,Clear,Dry,Dark-Lighted
2022-02-27T11:14:00.000,I 20,I 20 and Candler Rd,,Rear End,5,Rain,Wet,Daylight
2022-02-23T09:52:00.000,I 20,I 20 and Candler Rd,,Angle Crash,2,Rain,Wet,Daylight
2022-03-09T06:05:00.000,I 20,I 20 and Candler Rd,,Rear End,2,Clear,Dry,Dark-Lighted
2022-01-29T03:35:00.000,I 20,I 20 and Candler Rd,,Not a Collision with Motor Vehicle,1,Snow,Ice/Frost,Dark-Lighted
2022-08-30T23:08:00.000,I 20,I 20 and Candler Rd,,Rear End,2,Clear,Dry,Dark-Not Lighted
2022-08-04T07:55:00.000,I 20,I 20 and Candler Rd,,Rear End,2,Clear,Dry,Daylight
2022-03-18T12:35:00.000,I 20,I 20 and Candler Rd,,Sideswipe-Opposite Direction,2,Rain,Wet,Daylight
2022-10-09T23:39:00.000,I 20,I 20 and Candler Rd,,Angle Crash,2,Clear,Dry,Dark-Lighted
2022-11-02T22:59:00.000,I 20,I 20 and Candler Rd,,Not a Collision with Motor Vehicle,1,Clear,Dry,Dark-Not Lighted
2022-11-29T23:00:00.000,I 20,I 20 and Candler Rd,,Rear End,3,Clear,Dry,Dark-Lighted
2022-03-26T19:00:00.000,I 20,I 20 and Candler Rd,,Sideswipe-Same Direction,2,Clear,Dry,Daylight
2022-03-31T05:34:00.000,I 20,I 20 and Candler Rd,,Not a Collision with Motor Vehicle,1,Rain,Wet,Dark-Lighted
2022-10-13T05:45:00.000,I 20,I 20 and Candler Rd,,Not a Collision with Motor Vehicle,1,Rain,Wet,Dark-Not Lighted
2022-12-09T15:55:00.000,I 20,I 20 and Candler Rd,,Rear End,3,Rain,Wet,Daylight
2022-04-16T06:50:00.000,I 20,I 20 and Candler Rd,,Not a Collision with Motor Vehicle,1,Rain,Wet,Dark-Not Lighted
2022-07-09T11:10:00.000,I 20,I 20 and Candler Rd,,Angle Crash,2,Rain,Wet,Daylight
2022-09-02T09:50:00.000,I 20,I 20 and Candler Rd,,Sideswipe-Same Direction,3,Clear,Dry,Daylight
2022-07-30T02:28:00.000,I 20,I 20 and Candler Rd,,Rear End,2,Rain,Water (standing or moving),Dark-Not Lighted
2022-11-18T20:11:00.000,I 20,I 20 and Candler Rd,,Angle Crash,2,Clear,Dry,Dark-Lighted
2022-07-31T18:37:00.000,I 20,I 20 and Candler Rd,,Angle Crash,2,Clear,Dry,Daylight
2022-03-20T19:30:00.000,I 20,I 20 and Candler Rd,,Rear End,3,Clear,Dry,Daylight
2022-08-13T18:46:00.000,I 20,I 20 and Candler Rd,,Sideswipe-Same Direction,2,Clear,Dry,Daylight
2022-11-29T21:35:00.000,I 20,I 20 and Candler Rd,,Not a Collision with Motor Vehicle,1,Rain,Wet,Dark-Lighted
2022-11-30T02:10:00.000,I 20,I 20 and Candler Rd,,Not a Collision with Motor Vehicle,1,Rain,Wet,Dark-Not Lighted
2022-07-30T11:50:00.000,I 20,I 20 and Candler Rd,,Angle Crash,2,Clear,Dry,Daylight
2022-03-01T07:45:00.000,I 20,I 20 and Candler Rd,,Sideswipe-Same Direction,2,Clear,Dry,Daylight
2022-12-09T20:28:00.000,I 20,I 20 and Candler Rd,,Rear End,2,Clear,Wet,Dark-Not Lighted
2022-08-27T10:25:00.000,I 20,I 20 and Candler Rd,,Rear End,2,Clear,Dry,Daylight
2022-03-21T16:30:00.000,I 20,I 20 and Candler Rd,,Rear End,2,Clear,Dry,Daylight
2022-04-13T03:46:00.000,I 20,I 20 and Candler Rd,,Sideswipe-Same Direction,2,Cloudy,Dry,Dark-Lighted
2022-03-31T15:37:00.000,I 20,I 20 and Candler Rd,,Rear End,2,Clear,Dry,Daylight
2022-10-29T01:48:00.000,I 20,I 20 and Candler Rd,,Rear End,2,Clear,Dry,Dark-Lighted
2022-08-19T13:50:00.000,I 20,I 20 and Candler Rd,,Not a Collision with Motor Vehicle,1,Rain,Wet,Daylight
2022-06-21T10:30:00.000,I 20,I 20 and Candler Rd,,Rear End,2,Clear,Dry,Daylight
2022-01-26T00:00:00.000,I 20,I 20 and Candler Rd,,Sideswipe-Same Direction,2,Clear,Dry,Daylight
2021-12-11T14:49:00.000,I 20,I 20 and Candler Rd,,Sideswipe-Same Direction,2,Rain,Wet,Daylight
2021-08-17T09:00:00.000,I 20,I 20 and Candler Rd,,Not a Collision with Motor Vehicle,1,Rain,Wet,Daylight
2021-12-30T08:30:00.000,I 20,I 20 and Candler Rd,,Not a Collision with Motor Vehicle,1,Rain,Wet,Dark-Not Lighted
2021-12-07T13:35:00.000,I 20,I 20 and Candler Rd,,Rear End,2,Clear,Dry,Daylight
2022-11-11T06:00:00.000,I 20,I 20 and Candler Rd,,Not a Collision with Motor Vehicle,1,Rain,Wet,Dark-Lighted
2022-03-08T09:30:00.000,I 20,I 20 and Candler Rd,,Rear End,2,Clear,Dry,Daylight
2022-12-18T11:45:00.000,I 20,I 20 and Candler Rd,,Rear End,2,Clear,Dry,Daylight
2022-07-23T10:23:00.000,I 20,I 20 and Candler Rd,,Rear End,3,Clear,Dry,Daylight
2022-07-04T21:19:00.000,I 20,I 20 and Candler Rd,,Sideswipe-Same Direction,2,Rain,Wet,Dark-Lighted
2022-05-02T16:00:00.000,I 20,I 20 and Candler Rd,,Rear End,2,Clear,Dry,Daylight
2022-03-20T15:30:00.000,I 20,I 20 and Candler Rd,,Sideswipe-Same Direction,2,Clear,Dry,Daylight
2022-03-12T01:28:00.000,I 20,I 20 and Candler Rd,,Not a Collision with Motor Vehicle,1,Rain,Wet,Dark-Lighted
2022-06-27T17:23:00.000,I 20,I 20 and Candler Rd,,Rear End,2,Rain,Wet,Daylight
2022-12-05T16:30:00.000,I 20,I 20 and Candler Rd,,Not a Collision with Motor Vehicle,2,Rain,Wet,Daylight
2022-04-06T16:25:00.000,I 20,I 20 and Candler Rd,,Not a Collision with Motor Vehicle,1,Rain,Wet,Daylight
2022-10-09T21:59:00.000,I 20,I 20 and Candler Rd,,Sideswipe-Same Direction,2,Clear,Dry,Dark-Not Lighted
2022-08-25T09:30:00.000,I 20,I 20 and Candler Rd,,Sideswipe-Same Direction,2,Clear,Dry,Daylight
2022-05-13T21:19:00.000,I 20,I 20 and Candler Rd,,Rear End,2,Rain,Wet,Dark-Not Lighted
2022-07-08T16:11:00.000,I 20,I 20 and Candler Rd,,Sideswipe-Same Direction,2,Clear,Dry,Daylight
2022-02-27T10:35:00.000,I 20,I 20 and Candler Rd,,Not a Collision with Motor Vehicle,1,Rain,Wet,Daylight
2022-07-31T07:00:00.000,I 20,I 20 and Candler Rd,,Rear End,2,Clear,Dry,Daylight
2022-08-04T08:28:00.000,I 20,I 20 and Candler Rd,,Sideswipe-Same Direction,2,Clear,Dry,Daylight
2022-07-27T16:51:00.000,I 20,I 20 and Candler Rd,,Rear End,2,Clear,Dry,Daylight
2022-06-08T23:50:00.000,I 20,I 20 and Candler Rd,,Sideswipe-Same Direction,2,Rain,Water (standing or moving),Dark-Not Lighted
2022-07-22T23:54:00.000,I 20,I 20 and Candler Rd,,Rear End,2,Clear,Dry,Dark-Not Lighted
2022-10-11T16:51:00.000,I 20,I 20 and Candler Rd,,Rear End,2,Clear,Dry,Daylight
2022-03-26T05:30:00.000,I 20,I 20 and Candler Rd,,Not a Collision with Motor Vehicle,2,Clear,Dry,Dark-Lighted
2022-12-05T15:38:00.000,I 20,I 20 and Candler Rd,,Not a Collision with Motor Vehicle,1,Rain,Wet,Daylight
2022-12-11T15:00:00.000,I 20,I 20 and Candler Rd,,Not a Collision with Motor Vehicle,1,Rain,Wet,Dawn
2022-05-07T14:48:00.000,I 20,I 20 and Candler Rd,,Angle Crash,2,Clear,Dry,Daylight
2022-10-02T02:10:00.000,I 20,I 20 and Candler Rd,,Not a Collision with Motor Vehicle,1,Clear,Dry,Dark-Lighted
2022-04-18T03:28:00.000,I 20,I 20 and Candler Rd,,Rear End,2,Clear,Dry,Dark-Not Lighted
2022-03-18T12:35:00.000,I 20,I 20 and Candler Rd,,Rear End,2,Clear,Dry,Daylight
2022-07-02T13:00:00.000,I 20,I 20 and Candler Rd,,Rear End,2,Clear,Dry,Daylight
2022-07-09T11:15:00.000,I 20,I 20 and Candler Rd,,Not a Collision with Motor Vehicle,2,Rain,Wet,Daylight
2022-08-27T05:00:00.000,I 20,I 20 and Candler Rd,,Rear End,2,Clear,Dry,Dark-Lighted
2022-05-08T13:05:00.000,I 20,I 20 and Candler Rd,,Rear End,2,Clear,Dry,Daylight
2022-07-22T16:00:00.000,I 20,I 20 and Candler Rd,,Sideswipe-Same Direction,2,Clear,Dry,Daylight
2022-02-04T03:00:00.000,I 20,I 20 and Candler Rd,,Angle Crash,2,Rain,Wet,Dark-Not Lighted
2022-09-06T14:37:00.000,I 20,I 20 and Candler Rd,,Angle Crash,2,Clear,Dry,Daylight
2022-02-03T17:00:00.000,I 20,I 20 and Candler Rd,,Rear End,2,Rain,Wet,Daylight
2022-12-24T17:23:00.000,I 20,I 20 and Candler Rd,,Rear End,2,Cloudy,Dry,Daylight
2022-06-16T20:30:00.000,I 20,I 20 and Candler Rd,,Sideswipe-Same Direction,2,Clear,Dry,Dusk
2022-07-21T08:55:00.000,I 20,I 20 and Candler Rd,,Not a Collision with Motor Vehicle,1,Rain,Wet,Dark-Not Lighted
2022-08-27T14:20:00.000,I 20,I 20 and Candler Rd,,Rear End,4,Clear,Dry,Daylight
2022-04-05T11:50:00.000,I 20,I 20 and Candler Rd,,Not a Collision with Motor Vehicle,1,Clear,Wet,Daylight
2022-04-10T00:55:00.000,I 20,I 20 and Candler Rd,,Rear End,2,Clear,Dry,Dark-Lighted
2022-02-17T23:59:00.000,I 20,I 20 and Candler Rd,,Sideswipe-Same Direction,2,Rain,Water (standing or moving),Dark-Lighted
2022-04-05T14:08:00.000,I 20,I 20 and Candler Rd,,Rear End,3,Rain,Wet,Daylight
2022-09-16T14:10:00.000,I 20,I 20 and Candler Rd,,Sideswipe-Same Direction,2,Clear,Dry,Daylight
2022-09-19T01:55:00.000,I 20,I 20 and Candler Rd,,Angle Crash,2,Clear,Dry,Dark-Lighted
2022-06-04T18:08:00.000,I 20,I 20 and Candler Rd,,Rear End,2,Clear,Dry,Daylight
2022-03-08T16:51:00.000,I 20,I 20 and Candler Rd,,Not a Collision with Motor Vehicle,1,Rain,Wet,Daylight
2022-12-09T00:00:00.000,I 20,I 20 and Candler Rd,,Angle Crash,3,Rain,Wet,Dark-Lighted
2022-07-10T07:55:00.000,I 20,I 20 and Candler Rd,,Angle Crash,2,Cloudy,Wet,Daylight
2022-01-02T07:00:00.000,I 20,I 20 and Candler Rd,,Not a Collision with Motor Vehicle,1,Rain,Wet,Daylight
2022-10-13T05:50:00.000,I 20,I 20 and Candler Rd,,Not a Collision with Motor Vehicle,1,Rain,Wet,Dark-Not Lighted
2022-04-16T13:15:00.000,I 20,I 20 and Candler Rd,,Sideswipe-Same Direction,2,Cloudy,Dry,Daylight
2022-01-16T09:40:00.000,I 20,I 20 and Candler Rd,,Not a Collision with Motor Vehicle,1,Sleet,Wet,Daylight
2022-12-14T14:20:00.000,I 20,I 20 and Candler Rd,,Angle Crash,2,Rain,Wet,Daylight
2022-05-07T23:33:00.000,I 20,I 20 and Candler Rd,,Rear End,2,Clear,Dry,Dark-Lighted
2022-04-06T23:10:00.000,I 20,I 20 and Candler Rd,,Sideswipe-Same Direction,2,Clear,Dry,Dark-Lighted
2022-11-29T22:40:00.000,I 20,I 20 and Candler Rd,,Rear End,2,Rain,Wet,Dark-Not Lighted
2022-04-28T13:30:00.000,I 20,I 20 and Candler Rd,,Not a Collision with Motor Vehicle,2,Clear,Dry,Daylight
2022-01-07T02:22:00.000,I 20,I 20 and Candler Rd,,Rear End,2,Clear,Dry,Dark-Lighted
2022-07-01T00:00:00.000,I 20,I 20 and Candler Rd,,Rear End,2,Clear,Wet,Daylight
2022-01-16T09:30:00.000,I 20,I 20 and Candler Rd,,Not a Collision with Motor Vehicle,1,Sleet,Ice/Frost,Daylight
2022-05-11T18:11:00.000,I 20,I 20 and Candler Rd,,Angle Crash,2,Clear,Dry,Daylight
2022-07-23T10:56:00.000,I 20,I 20 and Candler Rd,,Rear End,2,Clear,Dry,Daylight
2022-06-18T02:20:00.000,I 20,I 20 and Candler Rd,,Not a Collision with Motor Vehicle,1,Clear,Dry,Dark-Not Lighted
2022-03-12T23:12:00.000,I 20,I 20 and Candler Rd,,Not a Collision with Motor Vehicle,1,Clear,Dry,Dark-Not Lighted
2022-09-12T19:29:00.000,I 20,I 20 and Candler Rd,,Sideswipe-Same Direction,2,Clear,Dry,Daylight
2022-02-15T03:03:00.000,I 20,I 20 and Candler Rd,,Angle Crash,2,Clear,Dry,Dark-Lighted
2022-07-10T08:40:00.000,I 20,I 20 and Candler Rd,,Not a Collision with Motor Vehicle,1,Cloudy,Wet,Daylight
2022-01-31T21:00:00.000,I 20,I 20 and Candler Rd,,Angle Crash,3,Clear,Dry,Dark-Lighted
2022-03-08T18:15:00.000,I 20,I 20 and Candler Rd,,Rear End,2,Rain,Wet,Dark-Lighted
2022-11-09T18:30:00.000,I 20,I 20 and Candler Rd,,Sideswipe-Same Direction,2,Clear,Dry,Dark-Not Lighted
2022-02-14T13:30:00.000,I 20,I 20 and Candler Rd,,Sideswipe-Same Direction,2,Clear,Dry,Daylight
2022-09-02T23:01:00.000,I 20,I 20 and Candler Rd,,Rear End,2,Clear,Dry,Dark-Not Lighted
2022-07-09T11:15:00.000,I 20,I 20 and Candler Rd,,Angle Crash,2,Other,Wet,Daylight
2022-03-16T19:14:00.000,I 20,I 20 and Candler Rd,,Not a Collision with Motor Vehicle,1,Rain,Wet,Daylight
2022-02-27T19:30:00.000,I 20,I 20 and Candler Rd,,Rear End,2,Cloudy,Dry,Dark-Lighted
2022-08-01T22:45:00.000,I 20,I 20 and Candler Rd,,Not a Collision with Motor Vehicle,1,Clear,Dry,Dark-Lighted
2022-02-25T04:35:00.000,I 20,I 20 and Candler Rd,,Rear End,2,Clear,Dry,Dark-Not Lighted
2022-08-19T13:40:00.000,I 20,I 20 and Candler Rd,,Angle Crash,2,Clear,Dry,Daylight
2022-07-09T02:02:00.000,I 20,I 20 and Candler Rd,,Not a Collision with Motor Vehicle,1,Clear,Dry,Dark-Not Lighted
2022-04-16T01:00:00.000,I 20,I 20 and Candler Rd,,Rear End,2,Clear,Dry,Dark-Lighted
2022-01-10T19:00:00.000,I 20,I 20 and Candler Rd,,Not a Collision with Motor Vehicle,2,Clear,Dry,Dark-Lighted
2022-07-19T09:05:00.000,I 20,I 20 and Candler Rd,,Rear End,2,Rain,Wet,Daylight
2022-10-05T21:22:00.000,I 20,I 20 and Candler Rd,,Sideswipe-Opposite Direction,2,Clear,Dry,Dark-Lighted
2022-08-22T15:03:00.000,I 20,I 20 and Candler Rd,,Not a Collision with Motor Vehicle,1,Rain,Wet,Daylight
2022-01-29T01:35:00.000,I 20,I 20 and Candler Rd,,Sideswipe-Same Direction,2,Snow,Wet,Dark-Lighted
2022-02-03T16:15:00.000,I 20,I 20 and Candler Rd,,Angle Crash,2,Rain,Wet,Daylight
2022-04-05T14:30:00.000,I 20,I 20 and Candler Rd,,Not a Collision with Motor Vehicle,1,Rain,Wet,Daylight
2022-04-04T14:25:00.000,I 20,I 20 and Candler Rd,,Rear End,2,Clear,Dry,Daylight
2022-04-23T05:40:00.000,I 20,I 20 and Candler Rd,,Rear End,2,Clear,Dry,Dark-Not Lighted
2022-05-26T15:16:00.000,I 20,I 20 and Candler Rd,,Not a Collision with Motor Vehicle,2,Rain,Wet,Daylight
2022-05-23T07:55:00.000,I 20,I 20 and Candler Rd,,Rear End,2,Rain,Wet,Daylight
2022-04-17T22:30:00.000,I 20,I 20 and Candler Rd,,Sideswipe-Opposite Direction,2,Clear,Dry,Dark-Not Lighted
2022-02-14T20:46:00.000,I 20,I 20 and Candler Rd,,Sideswipe-Same Direction,2,Clear,Dry,Dark-Not Lighted
2022-11-11T06:04:00.000,I 20,I 20 and Candler Rd,,Not a Collision with Motor Vehicle,1,Clear,Wet,Dark-Lighted
2022-04-05T00:00:00.000,I 20,I 20 and Candler Rd,,Not a Collision with Motor Vehicle,1,Rain,Wet,Daylight
2022-11-30T06:29:00.000,I 20,I 20 and Candler Rd,,Rear End,2,Rain,Water (standing or moving),Daylight
2022-12-08T20:35:00.000,I 20,I 20 and Candler Rd,,Sideswipe-Same Direction,2,Clear,Dry,Dark-Lighted
2022-03-16T19:20:00.000,I 20,I 20 and Candler Rd,,Not a Collision with Motor Vehicle,1,Rain,Wet,Dark-Lighted
2022-06-18T21:48:00.000,I 20,I 20 and Candler Rd,,Sideswipe-Same Direction,2,Clear,Dry,Dark-Not Lighted
2022-05-26T15:30:00.000,I 20,I 20 and Candler Rd,,Not a Collision with Motor Vehicle,1,Rain,Wet,Daylight
2022-12-29T22:41:00.000,I 20,I 20 and Candler Rd,,Sideswipe-Same Direction,2,Clear,Dry,Dark-Lighted
2022-07-21T12:40:00.000,I 20,I 20 and Candler Rd,,Not a Collision with Motor Vehicle,1,Cloudy,Wet,Daylight
2022-04-16T05:50:00.000,I 20,I 20 and Candler Rd,,Rear End,2,Rain,Wet,Dark-Lighted
2022-05-11T18:25:00.000,I 20,I 20 and Candler Rd,,Sideswipe-Same Direction,2,Clear,Dry,Daylight
2022-06-02T13:00:00.000,I 20,I 20 and Candler Rd,,Rear End,2,Clear,Dry,Daylight
2022-05-18T22:30:00.000,I 20,I 20 and Candler Rd,,Not a Collision with Motor Vehicle,1,Clear,Dry,Dark-Not Lighted
2022-07-08T16:25:00.000,I 20,I 20 and Candler Rd,,Rear End,2,Clear,Dry,Daylight
2022-08-24T15:10:00.000,I 20,I 20 and Candler Rd,,Not a Collision with Motor Vehicle,1,Rain,Wet,Daylight
2022-11-18T20:00:00.000,I 20,I 20 and Candler Rd,,Sideswipe-Same Direction,2,Clear,Dry,Dark-Not Lighted
2022-10-30T10:00:00.000,I 20,I 20 and Candler Rd,,Sideswipe-Same Direction,2,Clear,Dry,Daylight
2022-12-20T16:31:00.000,I 20,I 20 and Candler Rd,,Not a Collision with Motor Vehicle,1,Rain,Wet,Daylight
2022-12-09T18:30:00.000,I 20,I 20 and Candler Rd,,Angle Crash,3,Rain,Wet,Daylight
2022-05-24T20:20:00.000,I 20,I 20 and Candler Rd,,Rear End,2,Clear,Dry,Dark-Lighted
2022-09-18T12:13:00.000,I 20,I 20 and Candler Rd,,Rear End,2,Clear,Dry,Daylight
2022-03-17T15:28:00.000,I 20,I 20 and Candler Rd,,Rear End,3,Clear,Dry,Daylight
2022-08-21T00:00:00.000,I 20,I 20 and Candler Rd,,Not a Collision with Motor Vehicle,1,Rain,Water (standing or moving),Dark-Lighted
2022-01-29T00:45:00.000,I 20,I 20 and Candler Rd,,Rear End,3,Snow,Wet,Dark-Lighted
2022-07-06T08:53:00.000,I 20,I 20 and Candler Rd,,Sideswipe-Same Direction,2,Clear,Dry,Daylight
2022-03-17T21:40:00.000,I 20,I 20 and Candler Rd,,Not a Collision with Motor Vehicle,1,Clear,Dry,Dark-Lighted
2022-03-17T09:14:00.000,I 20,I 20 and Candler Rd,,Rear End,2,Cloudy,Dry,Daylight
2022-02-18T00:00:00.000,I 20,I 20 and Candler Rd,,Not a Collision with Motor Vehicle,1,Rain,Water (standing or moving),Dark-Lighted
2022-11-08T08:08:00.000,I 20,I 20 and Candler Rd,,Sideswipe-Same Direction,2,Clear,Dry,Daylight
2022-09-29T12:13:00.000,I 20,I 20 and Candler Rd,,Not a Collision with Motor Vehicle,2,Clear,Dry,Daylight
2022-04-22T12:45:00.000,I 20,I 20 and Candler Rd,,Rear End,2,Clear,Dry,Daylight
2022-06-02T12:00:00.000,I 20,I 20 and Candler Rd,,Rear End,2,Clear,Dry,Daylight
2022-02-27T05:15:00.000,I 20,I 20 and Candler Rd,,Head On,2,Rain,Wet,Dark-Lighted
2022-06-08T23:45:00.000,I 20,I 20 and Candler Rd,,Not a Collision with Motor Vehicle,1,Rain,Wet,Dark-Lighted
2022-04-12T14:45:00.000,I 20,I 20 and Candler Rd,,Sideswipe-Same Direction,2,Clear,Dry,Daylight
2022-01-19T17:00:00.000,I 20,I 20 and Candler Rd,,Rear End,2,Clear,Dry,Daylight
2022-11-25T04:35:00.000,I 20,I 20 and Candler Rd,,Not a Collision with Motor Vehicle,1,Rain,Wet,Dark-Lighted
2022-06-18T07:00:00.000,I 20,I 20 and Candler Rd,,Sideswipe-Same Direction,2,Clear,Dry,Daylight
2022-01-02T00:00:00.000,I 20,I 20 and Candler Rd,,Rear End,2,Cloudy,Wet,Dark-Lighted
2022-09-23T21:00:00.000,I 20,I 20 and Candler Rd,,Rear End,2,Clear,Dry,Dark-Lighted
2022-12-18T00:15:00.000,I 20,I 20 and Candler Rd,,Rear End,3,Clear,Dry,Dark-Lighted
2022-07-26T13:30:00.000,I 20,I 20 and Candler Rd,,Angle Crash,2,Clear,Dry,Daylight
2022-01-12T13:00:00.000,I 20,I 20 and Candler Rd,,Rear End,2,Clear,Dry,Daylight
2022-06-28T15:55:00.000,I 20,I 20 and Candler Rd,,Rear End,2,Clear,Dry,Daylight
2022-03-08T18:05:00.000,I 20,I 20 and Candler Rd,,Sideswipe-Same Direction,2,Rain,Wet,Daylight
2022-12-09T15:15:00.000,I 20,I 20 and Candler Rd,,Not a Collision with Motor Vehicle,1,Rain,Wet,Daylight
2022-12-20T18:00:00.000,I 20,I 20 and Candler Rd,,Rear End,2,Clear,Dry,Dark-Lighted
2022-09-21T20:45:00.000,I 20,I 20 and Candler Rd,,Rear End,2,Clear,Dry,Dark-Lighted
2022-07-10T18:44:00.000,I 20,I 20 and Candler Rd,,Not a Collision with Motor Vehicle,1,Clear,Dry,Daylight
2022-09-04T22:20:00.000,I 20,I 20 and Candler Rd,,Not a Collision with Motor Vehicle,1,Rain,Wet,Dark-Lighted
2023-04-23T02:05:00.000,I 20,I 20 and Candler Rd,,Rear End,3,Clear,Dry,Dark-Lighted
2023-02-25T06:39:00.000,I 20,I 20 and Candler Rd,,Rear End,2,Cloudy,Dry,Dark-Lighted
2023-08-26T22:30:00.000,I 20,I 20 and Candler Rd,,Rear End,2,Clear,Dry,Dark-Not Lighted
2023-04-12T12:30:00.000,I 20,I 20 and Candler Rd,,Rear End,2,Clear,Dry,Daylight
2023-01-26T04:37:00.000,I 20,I 20 and Candler Rd,,Sideswipe-Same Direction,2,Clear,Dry,Dark-Not Lighted
2023-10-20T07:32:00.000,I 20,I 20 and Candler Rd,,Not a Collision with Motor Vehicle,1,Rain,Wet,Dark-Lighted
2023-10-17T07:00:00.000,I 20,I 20 and Candler Rd,,Not a Collision with Motor Vehicle,1,Clear,Dry,Dark-Lighted
2023-08-15T07:43:00.000,I 20,I 20 and Candler Rd,,Rear End,2,Clear,Dry,Daylight
2023-11-16T17:20:00.000,I 20,I 20 and Candler Rd,,Sideswipe-Same Direction,2,Clear,Dry,Daylight
2023-07-19T21:30:00.000,I 20,I 20 and Candler Rd,,Angle Crash,2,Clear,Dry,Dark-Lighted
2024-04-25T10:45:00.000,I 20,I 20 and Candler Rd,,Sideswipe-Same Direction,3,Clear,Dry,Daylight
2024-03-24T07:11:00.000,I 20,I 20 and Candler Rd,,Sideswipe-Same Direction,2,Clear,Dry,Daylight
2024-09-19T15:30:00.000,I 20,I 20 and Candler Rd,,Rear End,2,Clear,Dry,Daylight
2024-11-24T14:18:00.000,I 20,I 20 and Candler Rd,,Not a Collision with Motor Vehicle,1,Clear,Dry,Daylight
2024-04-10T19:00:00.000,I 20,I 20 and Candler Rd,,Not a Collision with Motor Vehicle,1,Rain,Wet,Daylight
2024-07-07T18:00:00.000,I 20,I 20 and Candler Rd,,Not a Collision with Motor Vehicle,1,Rain,Wet,Daylight
2024-05-09T11:34:00.000,I 20,I 20 and Candler Rd,,Rear End,2,Rain,Wet,Daylight
2024-02-11T19:31:00.000,I 20,I 20 and Candler Rd,,Not a Collision with Motor Vehicle,1,Rain,Water (standing or moving),Dark-Lighted
2024-05-16T09:45:00.000,I 20,I 20 and Candler Rd,,Sideswipe-Same Direction,2,Clear,Dry,Daylight
2024-12-17T23:00:00.000,I 20,I 20 and Candler Rd,,Sideswipe-Same Direction,2,Clear,Dry,Dark-Lighted