Date and Time,Roadway (From Crash Report),Intersection Name (from Crash Report),KABCO Severity,Manner of Collision (Crash Level) ,# of Vehicles per crash ,Weather Conditions (Crash Level),Surface Condition (Crash Level) ,Light Conditions (Crash Level)
2024-07-28T02:00:00.000,I 20,I 20 and Candler Rd,,Not a Collision with Motor Vehicle,1,Clear,Wet,Dark-Lighted
2024-12-11T00:00:00.000,I 20,I 20 and Candler Rd,,Not a Collision with Motor Vehicle,1,Rain,Wet,Dark-Lighted
2024-12-01T19:00:00.000,I 20,I 20 and Candler Rd,,Sideswipe-Same Direction,2,Clear,Dry,Dark-Lighted
2024-06-03T14:40:00.000,I 20,I 20 and Candler Rd,,Angle Crash,2,Clear,Dry,Daylight
2024-09-01T20:13:00.000,I 20,I 20 and Candler Rd,,Rear End,2,Clear,Dry,Dark-Lighted
2024-06-21T17:15:00.000,I 20,I 20 and Candler Rd,,Rear End,2,Clear,Dry,Daylight
2024-08-24T21:00:00.000,I 20,I 20 and Candler Rd,,Rear End,2,Clear,Dry,Daylight
2024-03-11T18:45:00.000,I 20,I 20 and Candler Rd,,Rear End,2,Clear,Dry,Daylight
2024-05-02T04:38:00.000,I 20,I 20 and Candler Rd,,Sideswipe-Same Direction,2,Clear,Dry,Dark-Not Lighted
2024-10-03T09:17:00.000,I 20,I 20 and Candler Rd,,Not a Collision with Motor Vehicle,2,Cloudy,Dry,Daylight
2024-02-17T18:00:00.000,I 20,I 20 and Candler Rd,,Sideswipe-Opposite Direction,2,Clear,Dry,Daylight
2024-04-07T19:03:00.000,I 20,I 20 and Candler Rd,,Sideswipe-Same Direction,2,Clear,Dry,Daylight
2024-09-01T18:15:00.000,I 20,I 20 and Candler Rd,,Rear End,2,Rain,Wet,Daylight
2024-07-18T15:35:00.000,I 20,I 20 and Candler Rd,,Not a Collision with Motor Vehicle,1,Rain,Wet,Daylight
2024-03-19T13:24:00.000,I 20,I 20 and Candler Rd,,Rear End,2,Clear,Dry,Daylight
2024-03-08T21:14:00.000,I 20,I 20 and Candler Rd,,Not a Collision with Motor Vehicle,1,Rain,Wet,Dark-Lighted
2024-02-28T17:04:00.000,I 20,I 20 and Candler Rd,,Not a Collision with Motor Vehicle,1,Clear,Wet,Daylight
2024-06-21T17:30:00.000,I 20,I 20 and Candler Rd,,Sideswipe-Same Direction,2,Clear,Dry,Daylight
2024-02-28T03:11:00.000,I 20,I 20 and Candler Rd,,Rear End,2,Clear,Dry,Dark-Lighted
2024-04-19T14:30:00.000,I 20,I 20 and Candler Rd,,Sideswipe-Same Direction,2,Clear,Dry,Daylight
2024-04-03T00:15:00.000,I 20,I 20 and Candler Rd,,Not a Collision with Motor Vehicle,1,Rain,Wet,Dark-Not Lighted
2024-03-02T22:10:00.000,I 20,I 20 and Candler Rd,,Sideswipe-Same Direction,2,Cloudy,Dry,Dark-Not Lighted
2024-08-01T21:50:00.000,I 20,I 20 and Candler Rd,,Rear End,2,Clear,Dry,Dark-Lighted
2023-03-25T07:03:00.000,I 20,I 20 and Candler Rd,,Not a Collision with Motor Vehicle,1,Rain,Dry,Dark-Lighted
2023-03-17T00:00:00.000,I 20,I 20 and Candler Rd,,Sideswipe-Same Direction,2,Rain,Wet,Daylight
2023-01-21T14:44:00.000,I 20,I 20 and Candler Rd,,Sideswipe-Same Direction,2,Cloudy,Dry,Daylight
2023-06-19T05:05:00.000,I 20,I 20 and Candler Rd,,Sideswipe-Same Direction,2,Rain,Wet,Dark-Lighted
2023-08-16T10:00:00.000,I 20,I 20 and Candler Rd,,Rear End,2,Clear,Dry,Daylight
2023-10-17T07:30:00.000,I 20,I 20 and Candler Rd,,Angle Crash,3,Clear,Dry,Daylight
2023-10-22T19:20:00.000,I 20,I 20 and Candler Rd,,Sideswipe-Same Direction,2,Clear,Dry,Dusk
2024-08-24T07:40:00.000,I 20,I 20 and Candler Rd,,Sideswipe-Same Direction,2,Clear,Dry,Daylight
2024-06-21T19:30:00.000,I 20,I 20 and Candler Rd,,Sideswipe-Opposite Direction,2,Clear,Dry,Daylight
2024-09-01T17:50:00.000,I 20,I 20 and Candler Rd,,Rear End,4,Rain,Wet,Daylight
2024-11-07T15:00:00.000,I 20,I 20 and Candler Rd,,Rear End,2,Clear,Dry,Daylight
2024-01-29T23:15:00.000,I 20,I 20 and Candler Rd,,Angle Crash,2,Clear,Dry,Dark-Lighted
2024-06-02T23:45:00.000,I 20,I 20 and Candler Rd,,Not a Collision with Motor Vehicle,1,Rain,Wet,Dark-Lighted
2024-06-12T14:16:00.000,I 20,I 20 and Candler Rd,,Rear End,2,Clear,Dry,Daylight
2023-12-31T13:35:00.000,I 20,I 20 and Candler Rd,,Rear End,2,Clear,Dry,Daylight
2023-04-26T15:30:00.000,I 20,I 20 and Candler Rd,,Rear End,2,Clear,Dry,Daylight
2023-02-11T20:15:00.000,I 20,I 20 and Candler Rd,,Rear End,2,Rain,Wet,Daylight
2023-09-28T08:10:00.000,I 20,I 20 and Candler Rd,,Rear End,2,Cloudy,Dry,Daylight
2023-02-06T07:50:00.000,I 20,I 20 and Candler Rd,,Rear End,2,Clear,Dry,Daylight
2023-02-02T23:00:00.000,I 20,I 20 and Candler Rd,,Not a Collision with Motor Vehicle,1,Rain,Wet,Dark-Not Lighted
2023-08-07T09:53:00.000,I 20,I 20 and Candler Rd,,Rear End,2,Clear,Dry,Daylight
2023-01-19T18:47:00.000,I 20,I 20 and Candler Rd,,Angle Crash,2,Clear,Dry,Dark-Lighted
2023-09-20T06:13:00.000,I 20,I 20 and Candler Rd,,Rear End,2,Clear,Dry,Daylight
2023-10-20T07:32:00.000,I 20,I 20 and Candler Rd,,Sideswipe-Same Direction,2,Rain,Wet,Dark-Lighted
2023-01-09T01:00:00.000,I 20,I 20 and Candler Rd,,Sideswipe-Same Direction,2,Cloudy,Dry,Dark-Not Lighted
2023-07-02T10:48:00.000,I 20,I 20 and Candler Rd,,Angle Crash,2,Clear,Dry,Daylight
2023-12-02T15:40:00.000,I 20,I 20 and Candler Rd,,Sideswipe-Same Direction,2,Clear,Dry,Daylight
2023-09-17T23:45:00.000,I 20,I 20 and Candler Rd,,Sideswipe-Same Direction,2,Clear,Dry,Dark-Not Lighted
2023-02-01T23:30:00.000,I 20,I 20 and Candler Rd,,Angle Crash,2,Cloudy,Wet,Dark-Lighted
2023-06-21T15:10:00.000,I 20,I 20 and Candler Rd,,Not a Collision with Motor Vehicle,1,Rain,Wet,Daylight
2023-04-29T22:00:00.000,I 20,I 20 and Candler Rd,,Not a Collision with Motor Vehicle,1,Rain,Wet,Dark-Lighted
2023-06-06T11:27:00.000,I 20,I 20 and Candler Rd,,Rear End,2,Clear,Dry,Daylight
2023-07-14T16:27:00.000,I 20,I 20 and Candler Rd,,Sideswipe-Same Direction,2,Clear,Dry,Daylight
2023-01-18T18:30:00.000,I 20,I 20 and Candler Rd,,Rear End,2,Cloudy,Wet,Dark-Lighted
2023-12-13T17:00:00.000,I 20,I 20 and Candler Rd,,Rear End,2,Clear,Dry,Daylight
2023-09-24T03:30:00.000,I 20,I 20 and Candler Rd,,Rear End,2,Clear,Dry,Dark-Not Lighted
2023-05-27T10:00:00.000,I 20,I 20 and Candler Rd,,Sideswipe-Same Direction,2,Clear,Dry,Daylight
2023-04-25T19:15:00.000,I 20,I 20 and Candler Rd,,Angle Crash,2,Clear,Dry,Dark-Lighted
2023-02-23T18:57:00.000,I 20,I 20 and Candler Rd,,Not a Collision with Motor Vehicle,1,Rain,Wet,Dark-Lighted
2023-01-31T07:08:00.000,I 20,I 20 and Candler Rd,,Sideswipe-Same Direction,2,Cloudy,Dry,Dusk
2023-09-20T22:26:00.000,I 20,I 20 and Candler Rd,,Sideswipe-Same Direction,2,Clear,Dry,Dark-Lighted
2023-12-05T19:50:00.000,I 20,I 20 and Candler Rd,,Rear End,2,Clear,Dry,Dark-Not Lighted
2023-11-26T21:45:00.000,I 20,I 20 and Candler Rd,,Not a Collision with Motor Vehicle,1,Rain,Wet,Dark-Lighted
2023-12-10T17:11:00.000,I 20,I 20 and Candler Rd,,Rear End,2,Rain,Wet,Dark-Lighted
2023-07-07T10:46:00.000,I 20,I 20 and Candler Rd,,Sideswipe-Same Direction,2,Clear,Dry,Daylight
2023-03-12T09:30:00.000,I 20,I 20 and Candler Rd,,Not a Collision with Motor Vehicle,1,Rain,Water (standing or moving),Daylight
2023-09-09T22:54:00.000,I 20,I 20 and Candler Rd,,Rear End,2,Rain,Wet,Dark-Lighted
2023-07-20T00:00:00.000,I 20,I 20 and Candler Rd,,Not a Collision with Motor Vehicle,2,Severe Thunderstorm or Tornadic,Wet,Dusk
2023-05-07T02:00:00.000,I 20,I 20 and Candler Rd,,Sideswipe-Same Direction,2,Clear,Dry,Dark-Lighted
2023-12-30T01:00:00.000,I 20,I 20 and Candler Rd,,Sideswipe-Same Direction,2,Clear,Dry,Dark-Not Lighted
2023-12-06T13:45:00.000,I 20,I 20 and Candler Rd,,Angle Crash,2,Clear,Dry,Daylight
2023-05-17T11:50:00.000,I 20,I 20 and Candler Rd,,Not a Collision with Motor Vehicle,1,Clear,Dry,Daylight
2023-04-06T18:50:00.000,I 20,I 20 and Candler Rd,,Not a Collision with Motor Vehicle,1,Cloudy,Wet,Daylight
2023-06-01T20:35:00.000,I 20,I 20 and Candler Rd,,Angle Crash,2,Clear,Dry,Daylight
2023-10-15T15:40:00.000,I 20,I 20 and Candler Rd,,Rear End,2,Cloudy,Dry,Daylight
2023-10-21T16:00:00.000,I 20,I 20 and Candler Rd,,Angle Crash,2,Clear,Dry,Daylight
2023-11-28T16:45:00.000,I 20,I 20 and Candler Rd,,Rear End,2,Clear,Dry,Daylight
2023-07-18T12:55:00.000,I 20,I 20 and Candler Rd,,Not a Collision with Motor Vehicle,2,Clear,Dry,Daylight
2023-03-03T23:58:00.000,I 20,I 20 and Candler Rd,,Sideswipe-Same Direction,2,Clear,Dry,Dark-Not Lighted
2023-02-20T13:45:00.000,I 20,I 20 and Candler Rd,,Sideswipe-Same Direction,2,Clear,Dry,Daylight
2023-12-01T08:45:00.000,I 20,I 20 and Candler Rd,,Angle Crash,2,Cloudy,Wet,Daylight
2023-09-21T14:03:00.000,I 20,I 20 and Candler Rd,,Sideswipe-Same Direction,3,Clear,Dry,Daylight
2023-03-07T08:22:00.000,I 20,I 20 and Candler Rd,,Sideswipe-Same Direction,2,Clear,Dry,Daylight
2024-09-27T04:38:00.000,I 20,I 20 and Candler Rd,,Not a Collision with Motor Vehicle,1,Rain,Wet,Dark-Not Lighted
2024-05-28T10:10:00.000,I 20,I 20 and Candler Rd,,Sideswipe-Same Direction,2,Clear,Dry,Daylight
2024-02-12T13:30:00.000,I 20,I 20 and Candler Rd,,Not a Collision with Motor Vehicle,1,Rain,Wet,Daylight
2024-02-11T19:31:00.000,I 20,I 20 and Candler Rd,,Not a Collision with Motor Vehicle,1,Rain,Water (standing or moving),Dark-Lighted
2024-05-22T02:15:00.000,I 20,I 20 and Candler Rd,,Sideswipe-Same Direction,2,Clear,Dry,Dark-Not Lighted
2024-11-19T12:39:00.000,I 20,I 20 and Candler Rd,,Not a Collision with Motor Vehicle,1,Rain,Wet,Daylight
2024-08-08T18:15:00.000,I 20,I 20 and Candler Rd,,Rear End,2,Clear,Dry,Daylight
2024-03-12T18:18:00.000,I 20,I 20 and Candler Rd,,Angle Crash,4,Clear,Dry,Dark-Not Lighted
2024-11-26T18:45:00.000,I 20,I 20 and Candler Rd,,Rear End,2,Clear,Dry,Dark-Not Lighted
2024-05-19T02:18:00.000,I 20,I 20 and Candler Rd,,Rear End,2,Clear,Dry,Dark-Lighted
2024-05-11T16:54:00.000,I 20,I 20 and Candler Rd,,Not a Collision with Motor Vehicle,1,Clear,Dry,Daylight
2024-09-01T00:18:00.000,I 20,I 20 and Candler Rd,,Rear End,2,Clear,Dry,Dark-Not Lighted
2024-11-19T11:10:00.000,I 20,I 20 and Candler Rd,,Not a Collision with Motor Vehicle,1,Rain,Wet,Daylight
2024-10-30T03:00:00.000,I 20,I 20 and Candler Rd,,Not a Collision with Motor Vehicle,1,Clear,Dry,Dark-Lighted
2024-12-08T14:17:00.000,I 20,I 20 and Candler Rd,,Sideswipe-Same Direction,2,Clear,Dry,Daylight
2024-07-21T14:00:00.000,I 20,I 20 and Candler Rd,,Not a Collision with Motor Vehicle,1,Rain,Wet,Daylight
2024-05-05T22:45:00.000,I 20,I 20 and Candler Rd,,Not a Collision with Motor Vehicle,2,Clear,Dry,Dark-Lighted
2024-07-13T00:08:00.000,I 20,I 20 and Candler Rd,,Rear End,2,Clear,Dry,Dark-Not Lighted
2024-10-16T22:00:00.000,I 20,I 20 and Candler Rd,,Rear End,2,Clear,Dry,Dark-Lighted
2024-09-26T13:21:00.000,I 20,I 20 and Candler Rd,,Not a Collision with Motor Vehicle,1,Rain,Wet,Daylight
2024-03-02T22:17:00.000,I 20,I 20 and Candler Rd,,Sideswipe-Same Direction,2,Clear,Dry,Dark-Lighted
2024-10-23T16:40:00.000,I 20,I 20 and Candler Rd,,Sideswipe-Same Direction,2,Clear,Dry,Daylight
2024-02-28T21:51:00.000,I 20,I 20 and Candler Rd,,Angle Crash,2,Clear,Dry,Dark-Lighted
2024-12-13T02:33:00.000,I 20,I 20 and Candler Rd,,Angle Crash,2,Clear,Dry,Dark-Not Lighted
2024-07-01T21:00:00.000,I 20,I 20 and Candler Rd,,Rear End,2,Clear,Dry,Dark-Lighted
2024-06-19T16:00:00.000,I 20,I 20 and Candler Rd,,Sideswipe-Same Direction,3,Clear,Dry,Daylight
2024-06-11T23:38:00.000,I 20,I 20 and Candler Rd,,Sideswipe-Same Direction,2,Clear,Dry,Dark-Lighted
2024-09-04T17:15:00.000,I 20,I 20 and Candler Rd,,Rear End,2,Clear,Dry,Daylight
2024-03-09T07:00:00.000,I 20,I 20 and Candler Rd,,Angle Crash,2,Rain,Wet,Daylight
2024-03-04T00:15:00.000,I 20,I 20 and Candler Rd,,Sideswipe-Same Direction,2,Fog,Dry,Dark-Lighted
2024-10-24T18:45:00.000,I 20,I 20 and Candler Rd,,Rear End,2,Clear,Dry,Dark-Not Lighted
2024-07-14T01:23:00.000,I 20,I 20 and Candler Rd,,Sideswipe-Same Direction,2,Clear,Dry,Dark-Lighted
2024-09-08T18:04:00.000,I 20,I 20 and Candler Rd,,Rear End,2,Clear,Dry,Daylight
2024-12-30T14:10:00.000,I 20,I 20 and Candler Rd,,Rear End,2,Clear,Dry,Daylight
2024-04-06T02:10:00.000,I 20,I 20 and Candler Rd,,Sideswipe-Same Direction,2,Clear,Dry,Dark-Lighted
2024-09-26T20:20:00.000,I 20,I 20 and Candler Rd,,Rear End,2,Rain,Wet,Dark-Lighted
2024-09-21T23:00:00.000,I 20,I 20 and Candler Rd,,Sideswipe-Same Direction,2,Clear,Dry,Dark-Lighted
2024-04-19T22:00:00.000,I 20,I 20 and Candler Rd,,Sideswipe-Same Direction,2,Clear,Dry,Dark-Lighted
2024-12-21T00:20:00.000,I 20,I 20 and Candler Rd,,Rear End,2,Clear,Dry,Dark-Not Lighted
2024-03-23T23:00:00.000,I 20,I 20 and Candler Rd,,Rear End,2,Clear,Dry,Dark-Lighted
2024-08-26T17:55:00.000,I 20,I 20 and Candler Rd,,Rear End,2,Clear,Dry,Daylight
2024-04-26T19:00:00.000,I 20,I 20 and Candler Rd,,Rear End,2,Clear,Dry,Daylight
2024-06-27T16:15:00.000,I 20,I 20 and Candler Rd,,Rear End,2,Rain,Wet,Daylight
2024-12-17T17:00:00.000,I 20,I 20 and Candler Rd,,Rear End,2,Clear,Dry,Daylight
2024-04-24T00:00:00.000,I 20,I 20 and Candler Rd,,Sideswipe-Opposite Direction,2,Clear,Dry,Daylight
2024-12-10T14:38:00.000,I 20,I 20 and Candler Rd,,Not a Collision with Motor Vehicle,1,Rain,Wet,Daylight
2024-01-08T21:50:00.000,I 20,I 20 and Candler Rd,,Not a Collision with Motor Vehicle,1,Rain,Wet,Dark-Lighted
2024-08-20T11:30:00.000,I 20,I 20 and Candler Rd,,Rear End,2,Cloudy,Dry,Daylight
2024-09-25T15:36:00.000,I 20,I 20 and Candler Rd,,Angle Crash,2,Clear,Wet,Daylight
2024-06-03T13:00:00.000,I 20,I 20 and Candler Rd,,Rear End,2,Clear,Dry,Daylight
2024-12-10T18:00:00.000,I 20,I 20 and Candler Rd,,Sideswipe-Same Direction,2,Rain,Wet,Dark-Not Lighted
2024-04-03T00:06:00.000,I 20,I 20 and Candler Rd,,Not a Collision with Motor Vehicle,1,Rain,Wet,Dark-Not Lighted
2024-07-24T20:20:00.000,I 20,I 20 and Candler Rd,,Sideswipe-Same Direction,2,Rain,Wet,Daylight
2024-09-23T10:00:00.000,I 20,I 20 and Candler Rd,,Sideswipe-Same Direction,2,Clear,Dry,Daylight
2024-11-12T10:20:00.000,I 20,I 20 and Candler Rd,,Sideswipe-Same Direction,2,Clear,Dry,Daylight
2024-04-16T21:21:00.000,I 20,I 20 and Candler Rd,,Angle Crash,2,Clear,Dry,Dark-Not Lighted
2024-12-28T10:45:00.000,I 20,I 20 and Candler Rd,,Not a Collision with Motor Vehicle,1,Rain,Wet,Dark-Lighted
2024-05-23T17:35:00.000,I 20,I 20 and Candler Rd,,Rear End,2,Clear,Dry,Daylight
2024-08-22T13:15:00.000,I 20,I 20 and Candler Rd,,Rear End,4,Clear,Dry,Daylight
2024-04-08T13:15:00.000,I 20,I 20 and Candler Rd,,Rear End,2,Clear,Dry,Daylight
2024-09-06T12:00:00.000,I 20,I 20 and Candler Rd,,Sideswipe-Same Direction,2,Clear,Dry,Daylight
2024-06-11T15:38:00.000,I 20,I 20 and Candler Rd,,Sideswipe-Same Direction,2,Clear,Dry,Daylight
2024-06-28T19:54:00.000,I 20,I 20 and Candler Rd,,Rear End,2,Cloudy,Wet,Daylight
2024-05-13T00:00:00.000,I 20,I 20 and Candler Rd,,Rear End,2,Clear,Dry,Dark-Lighted
2024-09-27T00:00:00.000,I 20,I 20 and Candler Rd,,Rear End,2,Rain,Wet,Dark-Not Lighted
2024-03-22T18:00:00.000,I 20,I 20 and Candler Rd,,Not a Collision with Motor Vehicle,1,Rain,Wet,Daylight
2024-02-12T16:15:00.000,I 20,I 20 and Candler Rd,,Rear End,2,Rain,Wet,Daylight
2024-10-06T14:50:00.000,I 20,I 20 and Candler Rd,,Angle Crash,2,Clear,Dry,Daylight
2024-03-26T18:15:00.000,I 20,I 20 and Candler Rd,,Rear End,2,Rain,Wet,Daylight
2024-05-25T00:45:00.000,I 20,I 20 and Candler Rd,,Rear End,2,Clear,Dry,Daylight
2024-07-30T10:00:00.000,I 20,I 20 and Candler Rd,,Rear End,2,Clear,Dry,Daylight
2024-05-15T13:35:00.000,I 20,I 20 and Candler Rd,,Angle Crash,2,Clear,Dry,Daylight
2024-04-18T16:00:00.000,I 20,I 20 and Candler Rd,,Rear End,2,Clear,Dry,Daylight
2024-10-01T06:41:00.000,I 20,I 20 and Candler Rd,,Rear End,2,Clear,Dry,Daylight
2024-05-03T19:40:00.000,I 20,I 20 and Candler Rd,,Rear End,2,Clear,Dry,Daylight
2024-09-26T15:00:00.000,I 20,I 20 and Candler Rd,,Sideswipe-Same Direction,2,Rain,Wet,Daylight
2024-02-16T00:00:00.000,I 20,I 20 and Candler Rd,,Rear End,3,Clear,Dry,Dark-Lighted
2024-06-19T14:30:00.000,I 20,I 20 and Candler Rd,,Sideswipe-Same Direction,2,Clear,Dry,Daylight
2024-01-19T15:22:00.000,I 20,I 20 and Candler Rd,,Rear End,2,Clear,Dry,Daylight
2024-04-15T19:20:00.000,I 20,I 20 and Candler Rd,,Angle Crash,2,Clear,Dry,Daylight
2024-04-18T00:30:00.000,I 20,I 20 and Candler Rd,,Not a Collision with Motor Vehicle,1,Cloudy,Dry,Dark-Lighted
2024-08-26T16:15:00.000,I 20,I 20 and Candler Rd,,Rear End,2,Clear,Dry,Daylight
2024-07-17T16:24:00.000,I 20,I 20 and Candler Rd,,Rear End,2,Cloudy,Dry,Daylight
2024-02-07T17:40:00.000,I 20,I 20 and Candler Rd,,Sideswipe-Same Direction,2,Clear,Dry,Daylight
2024-09-01T18:05:00.000,I 20,I 20 and Candler Rd,,Not a Collision with Motor Vehicle,1,Rain,Wet,Daylight
2024-10-04T15:00:00.000,I 20,I 20 and Candler Rd,,Angle Crash,2,Clear,Dry,Daylight
2024-07-31T10:25:00.000,I 20,I 20 and Candler Rd,,Sideswipe-Same Direction,2,Clear,Dry,Daylight
2024-05-07T08:30:00.000,I 20,I 20 and Candler Rd,,Rear End,2,Clear,Dry,Daylight
2024-12-10T14:38:00.000,I 20,I 20 and Candler Rd,,Not a Collision with Motor Vehicle,1,Rain,Wet,Daylight
2024-02-12T13:00:00.000,I 20,I 20 and Candler Rd,,Not a Collision with Motor Vehicle,1,Rain,Wet,Daylight
2024-11-22T00:30:00.000,I 20,I 20 and Candler Rd,,Sideswipe-Same Direction,2,Clear,Dry,Dark-Lighted
2024-05-05T13:09:00.000,I 20,I 20 and Candler Rd,,Sideswipe-Same Direction,2,Clear,Dry,Daylight
2024-02-09T10:00:00.000,I 20,I 20 and Candler Rd,,Sideswipe-Same Direction,2,Cloudy,Dry,Daylight
2024-09-25T18:46:00.000,I 20,I 20 and Candler Rd,,Not a Collision with Motor Vehicle,1,Rain,Wet,Dark-Lighted
2024-12-01T22:41:00.000,I 20,I 20 and Candler Rd,,Head On,5,Clear,Dry,Dark-Lighted
2024-01-20T18:38:00.000,I 20,I 20 and Candler Rd,,Sideswipe-Same Direction,2,Clear,Dry,Dark-Lighted
2024-05-21T12:45:00.000,I 20,I 20 and Candler Rd,,Angle Crash,2,Clear,Dry,Daylight
2024-05-03T18:35:00.000,I 20,I 20 and Candler Rd,,Rear End,2,Clear,Dry,Daylight
2024-05-12T02:20:00.000,I 20,I 20 and Candler Rd,,Head On,2,Clear,Dry,Dark-Lighted
2024-05-22T01:45:00.000,I 20,I 20 and Candler Rd,,Sideswipe-Same Direction,2,Clear,Dry,Dark-Lighted
2020-04-19T16:20:00.000,I 20,I 20 and Candler,,Angle Crash,2,Clear,Dry,Dawn
2024-01-08T14:50:00.000,I 20,I 20 and Candler,,Rear End,2,Clear,Dry,Daylight
2024-11-27T21:01:00.000,I 20,I 20 and Candler,,Rear End,2,Cloudy,Dry,Dark-Lighted
2024-04-12T15:50:00.000,I 20,I 20 and Candler,,Sideswipe-Same Direction,2,Clear,Dry,Daylight
2022-01-26T07:45:00.000,I 20,I 20 and Candle Rd,,Rear End,2,Clear,Dry,Dawn
2022-09-05T06:35:00.000,I 20,I 20 and Canal Bridge Opas,,Not a Collision with Motor Vehicle,1,Rain,Wet,Daylight
2021-09-10T21:38:00.000,I 20,I 20 and Campbelton St,,Rear End,2,Clear,Dry,Dark-Not Lighted
2021-08-16T14:15:00.000,I 20,I 20 and Campbellton St,,Rear End,2,Clear,Dry,Daylight
2023-02-21T07:59:00.000,I 20,I 20 and Campbellton St,,Rear End,2,Clear,Dry,Daylight
2023-02-16T15:50:00.000,I 20,I 20 and Campbellton St,,Rear End,2,Clear,Dry,Daylight
2023-07-05T07:12:00.000,I 20,I 20 and Campbellton St,,Not a Collision with Motor Vehicle,1,Clear,Dry,Daylight
2022-12-21T18:38:00.000,I 20,I 20 and Campbellton St,,Angle Crash,2,Clear,Dry,Dark-Lighted
2022-04-23T15:57:00.000,I 20,I 20 and Campbellton St,,Rear End,2,Clear,Dry,Daylight
2024-03-28T19:01:00.000,I 20,I 20 and Campbellton St,,Rear End,2,Clear,Dry,Daylight
2024-11-08T14:47:00.000,I 20,I 20 and Callum Ct,,Rear End,2,Clear,Dry,Daylight
2022-08-16T07:17:00.000,I 20,I 20 and Cagle St,,Rear End,3,Clear,Wet,Daylight
2023-01-25T07:12:00.000,I 20,I 20 and Cadley Road Opas,,Not a Collision with Motor Vehicle,1,Rain,Wet,Dark-Not Lighted
2024-02-17T06:03:00.000,I 20,I 20 and Cadley Road Opas,,Not a Collision with Motor Vehicle,1,Cloudy,Dry,Dark-Not Lighted
2024-06-06T15:09:00.000,I 20,I 20 and Cadley Road Opas,,Not a Collision with Motor Vehicle,1,Rain,Wet,Daylight
2021-01-01T17:15:00.000,I 20,I 20 and Cadley Rd,,Not a Collision with Motor Vehicle,1,Rain,Wet,Dusk
2020-06-02T08:50:00.000,I 20,I 20 and Cadley Rd,,Not a Collision with Motor Vehicle,2,Clear,Dry,Daylight
2022-04-15T04:11:00.000,I 20,I 20 and Cadley Rd,,Not a Collision with Motor Vehicle,1,Clear,Dry,Dark-Not Lighted
2022-12-25T14:00:00.000,I 20,I 20 and Cadley Rd,,Rear End,2,Clear,Dry,Daylight
2023-12-21T17:51:00.000,I 20,I 20 and Cadley Rd,,Angle Crash,1,Clear,Dry,Dark-Not Lighted
2023-12-25T11:01:00.000,I 20,I 20 and Cadley Rd,,Not a Collision with Motor Vehicle,1,Rain,Wet,Daylight
2024-11-14T10:52:00.000,I 20,I 20 and Cadley Rd,,Not a Collision with Motor Vehicle,1,Rain,Wet,Daylight
2024-11-15T13:26:00.000,I 20,I 20 and Cadley Rd,,Rear End,4,Clear,Dry,Daylight
2024-11-03T17:26:00.000,I 20,I 20 and Cadeley Road Opas,,Rear End,3,Clear,Dry,Daylight
2020-02-18T20:05:00.000,I 20,I 20 and Burton Rd,,Sideswipe-Same Direction,2,Rain,Wet,Dark-Lighted
2024-08-27T08:18:00.000,I 20,I 20 and Burton Rd,,Rear End,2,Clear,Dry,Daylight
2024-02-15T21:20:00.000,I 20,I 20 and Burton Rd,,Not a Collision with Motor Vehicle,1,Clear,Dry,Dark-Lighted
2020-10-13T07:06:00.000,I 20,I 20 and Burnt Hickory Rd,,Sideswipe-Same Direction,2,Clear,Dry,Dark-Not Lighted
2020-04-18T21:20:00.000,I 20,I 20 and Brownwood Road Opas,,Not a Collision with Motor Vehicle,2,Clear,Dry,Dark-Not Lighted
2021-08-18T16:25:00.000,I 20,I 20 and Brownwood Road Opas,,Sideswipe-Same Direction,2,Clear,Dry,Daylight
2022-05-10T10:11:00.000,I 20,I 20 and Brownwood Rd Opas,,Rear End,3,Clear,Dry,Daylight
2020-12-26T19:20:00.000,I 20,I 20 and Brownwood Rd,,Not a Collision with Motor Vehicle,1,Clear,Dry,Dark-Not Lighted
2023-10-01T16:25:00.000,I 20,I 20 and Brownwood Rd,,Not a Collision with Motor Vehicle,1,Clear,Dry,Daylight
2023-11-22T05:25:00.000,I 20,I 20 and Brownwood Rd,,Not a Collision with Motor Vehicle,1,Cloudy,Dry,Dark-Not Lighted
2024-04-13T00:00:00.000,I 20,I 20 and Brownwood Rd,,Sideswipe-Same Direction,2,Clear,Dry,Dark-Not Lighted
2023-01-10T16:30:00.000,I 20,I 20 and Brightstar Rd,,Not a Collision with Motor Vehicle,1,Clear,Dry,Daylight
2023-05-15T11:03:00.000,I 20,I 20 and Bright Star Rd Opas,,Not a Collision with Motor Vehicle,1,Clear,Dry,Daylight
2021-06-07T06:25:00.000,I 20,I 20 and Bright Star Rd,,Rear End,3,Cloudy,Wet,Dark-Not Lighted
2021-10-28T16:04:00.000,I 20,I 20 and Bright Star Rd,,Sideswipe-Same Direction,2,Rain,Wet,Daylight
2020-10-06T17:15:00.000,I 20,I 20 and Bright Star Rd,,Rear End,2,Clear,Dry,Daylight