Date and Time,Roadway (From Crash Report),Intersection Name (from Crash Report),KABCO Severity,Manner of Collision (Crash Level) ,# of Vehicles per crash ,Weather Conditions (Crash Level),Surface Condition (Crash Level) ,Light Conditions (Crash Level)
2020-06-04T16:10:00.000,I 20,I 20 and Bright Star Rd,,Not a Collision with Motor Vehicle,1,Clear,Dry,Daylight
2021-05-11T07:00:00.000,I 20,I 20 and Bright Star Rd,,Sideswipe-Same Direction,2,Clear,Dry,Daylight
2022-10-01T16:13:00.000,I 20,I 20 and Bright Star Rd,,Not a Collision with Motor Vehicle,1,Clear,Dry,Daylight
2022-12-13T09:58:00.000,I 20,I 20 and Bright Star Rd,,Not a Collision with Motor Vehicle,1,Cloudy,Dry,Daylight
2022-07-19T16:43:00.000,I 20,I 20 and Bright Star Rd,,Sideswipe-Same Direction,4,Rain,Wet,Daylight
2022-05-10T17:39:00.000,I 20,I 20 and Bright Star Rd,,Sideswipe-Same Direction,2,Clear,Dry,Daylight
2024-12-20T09:00:00.000,I 20,I 20 and Bright Star Rd,,Sideswipe-Same Direction,2,Clear,Dry,Daylight
2023-07-12T17:49:00.000,I 20,I 20 and Bright Star Rd,,Rear End,2,Rain,Wet,Daylight
2024-10-28T11:25:00.000,I 20,I 20 and Bright Star Rd,,Sideswipe-Same Direction,2,Clear,Dry,Daylight
2024-01-11T13:06:00.000,I 20,I 20 and Bright Star Rd,,Sideswipe-Same Direction,2,Clear,Dry,Daylight
2023-09-03T18:38:00.000,I 20,I 20 and Bremen Mt. Zion Rd Opas,,Not a Collision with Motor Vehicle,1,Clear,Dry,Daylight
2020-10-03T09:50:00.000,I 20,I 20 and Bremen Mt Zion Rd,,Angle Crash,1,Clear,Dry,Daylight
2020-05-22T19:43:00.000,I 20,I 20 and Bremen Mt Zion Brg,,Sideswipe-Opposite Direction,2,Rain,Wet,Dusk
2021-08-21T21:44:00.000,I 20,I 20 and Brannen Rd,,Rear End,2,Clear,Dry,Dark-Lighted
2023-08-04T19:20:00.000,I 20,I 20 and Brannen Rd,,Sideswipe-Same Direction,2,Cloudy,Dry,Daylight
2022-01-02T12:20:00.000,I 20,I 20 and Brannen Rd,,Not a Collision with Motor Vehicle,1,Rain,Wet,Daylight
2022-03-02T01:35:00.000,I 20,I 20 and Brannen Rd,,Rear End,2,Clear,Dry,Dark-Lighted
2023-04-21T04:31:00.000,I 20,I 20 and Brannen Rd,,Angle Crash,2,Clear,Dry,Dark-Lighted
2024-01-09T14:49:00.000,I 20,I 20 and Brannen Rd,,Sideswipe-Same Direction,2,Rain,Wet,Daylight
2020-09-08T13:52:00.000,I 20,I 20 and Braeburn Cir,,Angle Crash,2,Clear,Dry,Daylight
2022-04-28T18:09:00.000,I 20,I 20 and Braeburn Cir,,Sideswipe-Same Direction,2,Clear,Dry,Daylight
2023-04-11T17:30:00.000,I 20,I 20 and Boulveard,,Rear End,2,Clear,Dry,Daylight
2022-10-07T16:50:00.000,I 20,I 20 and Boulvard,,Rear End,3,Clear,Dry,Daylight
2020-10-01T13:26:00.000,I 20,I 20 and Boulevard Street Opas,,Not a Collision with Motor Vehicle,1,Clear,Dry,Daylight
2021-06-25T16:15:00.000,I 20,I 20 and Boulevard Southeast,,Rear End,2,Clear,Dry,Daylight
2021-09-09T08:30:00.000,I 20,I 20 and Boulevard Southeast,,Rear End,2,Cloudy,Dry,Daylight
2021-11-19T17:20:00.000,I 20,I 20 and Boulevard Southeast,,Sideswipe-Same Direction,2,Clear,Dry,Daylight
2021-07-22T08:35:00.000,I 20,I 20 and Boulevard Southeast,,Rear End,2,Clear,Dry,Daylight
2021-11-02T08:45:00.000,I 20,I 20 and Boulevard Southeast,,Sideswipe-Same Direction,2,Clear,Dry,Daylight
2022-06-02T07:50:00.000,I 20,I 20 and Boulevard Southeast,,Sideswipe-Same Direction,3,Clear,Dry,Daylight
2020-06-15T10:00:00.000,I 20,I 20 and Boulevard Southeast,,Not a Collision with Motor Vehicle,2,Clear,Dry,Daylight
2021-05-21T15:45:00.000,I 20,I 20 and Boulevard Southeast,,Rear End,2,Clear,Dry,Daylight
2021-05-21T15:50:00.000,I 20,I 20 and Boulevard Southeast,,Rear End,2,Clear,Dry,Daylight
2022-08-01T07:52:00.000,I 20,I 20 and Boulevard Southeast,,Rear End,2,Clear,Dry,Daylight
2022-11-18T15:45:00.000,I 20,I 20 and Boulevard Southeast,,Rear End,2,Clear,Dry,Daylight
2021-07-28T07:02:00.000,I 20,I 20 and Boulevard Southeast,,Sideswipe-Same Direction,3,Clear,Dry,Daylight
2021-07-23T16:22:00.000,I 20,I 20 and Boulevard Southeast,,Rear End,2,Clear,Dry,Daylight
2021-09-09T08:10:00.000,I 20,I 20 and Boulevard Southeast,,Rear End,3,Cloudy,Dry,Daylight
2022-10-31T09:10:00.000,I 20,I 20 and Boulevard Southeast,,Rear End,3,Cloudy,Wet,Daylight
2022-06-24T17:45:00.000,I 20,I 20 and Boulevard Southeast,,Rear End,2,Clear,Dry,Daylight
2024-03-24T15:42:00.000,I 20,I 20 and Boulevard Southeast,,Sideswipe-Same Direction,4,Cloudy,Dry,Daylight
2024-01-30T09:30:00.000,I 20,I 20 and Boulevard Southeast,,Sideswipe-Same Direction,2,Clear,Dry,Daylight
2021-08-23T09:00:00.000,I 20,I 20 and Boulevard Se Opas,,Rear End,2,Clear,Dry,Daylight
2024-09-26T15:03:00.000,I 20,I 20 and Boulevard Se Opas,,Angle Crash,2,Rain,Wet,Daylight
2022-10-17T07:47:00.000,I 20,I 20 and Boulevard Rd Opas,,Rear End,2,Clear,Dry,Daylight
2021-10-07T17:40:00.000,I 20,I 20 and Boulevard Opas,,Rear End,2,Cloudy,Wet,Daylight
2021-04-14T14:55:00.000,I 20,I 20 and Boulevard Opas,,Rear End,2,Clear,Dry,Daylight
2021-11-16T08:00:00.000,I 20,I 20 and Boulevard Opas,,Sideswipe-Same Direction,2,Clear,Dry,Daylight
2021-04-14T15:45:00.000,I 20,I 20 and Boulevard Opas,,Rear End,2,Clear,Dry,Daylight
2021-04-01T18:58:00.000,I 20,I 20 and Boulevard Opas,,Rear End,3,Clear,Dry,Daylight
2023-09-08T18:23:00.000,I 20,I 20 and Boulevard Opas,,Rear End,2,Clear,Dry,Daylight
2022-04-18T09:22:00.000,I 20,I 20 and Boulevard Opas,,Rear End,2,Clear,Dry,Daylight
2020-03-23T11:02:00.000,I 20,I 20 and Boulevard Opas,,Sideswipe-Same Direction,2,Rain,Wet,Daylight
2020-05-11T16:49:00.000,I 20,I 20 and Boulevard Opas,,Sideswipe-Same Direction,3,Clear,Dry,Daylight
2020-11-30T18:02:00.000,I 20,I 20 and Boulevard Opas,,Rear End,3,Clear,Dry,Dark-Lighted
2021-12-07T09:02:00.000,I 20,I 20 and Boulevard Opas,,Rear End,2,Cloudy,Dry,Daylight
2021-10-13T07:58:00.000,I 20,I 20 and Boulevard Opas,,Rear End,2,Clear,Dry,Daylight
2022-06-13T08:10:00.000,I 20,I 20 and Boulevard Opas,,Sideswipe-Same Direction,2,Clear,Dry,Daylight
2022-09-16T14:15:00.000,I 20,I 20 and Boulevard Opas,,Rear End,2,Cloudy,Dry,Daylight
2021-08-26T08:24:00.000,I 20,I 20 and Boulevard Opas,,Rear End,2,Clear,Dry,Daylight
2022-02-01T08:24:00.000,I 20,I 20 and Boulevard Opas,,Rear End,2,Clear,Dry,Daylight
2022-11-29T18:44:00.000,I 20,I 20 and Boulevard Opas,,Rear End,2,Cloudy,Wet,Dark-Not Lighted
2022-09-13T08:40:00.000,I 20,I 20 and Boulevard Opas,,Sideswipe-Same Direction,2,Clear,Dry,Daylight
2022-04-28T18:40:00.000,I 20,I 20 and Boulevard Opas,,Rear End,3,Clear,Dry,Daylight
2022-10-25T07:45:00.000,I 20,I 20 and Boulevard Opas,,Rear End,2,Clear,Dry,Daylight
2023-05-16T09:06:00.000,I 20,I 20 and Boulevard Opas,,Rear End,2,Clear,Dry,Daylight
2021-06-12T19:27:00.000,I 20,I 20 and Boulevard Dr,,Not a Collision with Motor Vehicle,3,Clear,Dry,Daylight
2023-01-13T15:47:00.000,I 20,I 20 and Boulevard Ave Opas,,Rear End,2,Cloudy,Dry,Daylight
2021-04-22T00:00:00.000,I 20,I 20 and Boulevard Ave,,Rear End,2,Clear,Dry,Daylight
2023-11-16T12:25:00.000,I 20,I 20 and Boulevard Ave,,Sideswipe-Same Direction,2,Clear,Dry,Daylight
2023-10-05T08:25:00.000,I 20,I 20 and Boulevard Ave,,Sideswipe-Same Direction,2,Clear,Dry,Daylight
2022-11-28T08:08:00.000,I 20,I 20 and Boulevard Ave,,Rear End,2,Clear,Dry,Daylight
2023-09-29T00:00:00.000,I 20,I 20 and Boulevard Ave,,Rear End,2,Clear,Dry,Daylight
2023-09-19T17:34:00.000,I 20,I 20 and Boulevard Ave,,Rear End,2,Clear,Dry,Daylight
2024-08-31T21:57:00.000,I 20,I 20 and Boulevard Ave,,Rear End,2,Clear,Dry,Dark-Not Lighted
2024-08-23T08:31:00.000,I 20,I 20 and Boulevard Ave,,Sideswipe-Same Direction,2,Clear,Dry,Daylight
2024-06-30T01:30:00.000,I 20,I 20 and Boulevard   Exit 59,,Rear End,2,Cloudy,Dry,Dark-Lighted
2022-10-11T15:45:00.000,I 20,I 20 and Bouldercrest Rd,,Sideswipe-Same Direction,2,Clear,Dry,Daylight
2023-05-27T00:00:00.000,I 20,I 20 and Boulder Creek Way,,Sideswipe-Same Direction,2,Clear,Dry,Daylight
2023-03-30T11:14:00.000,I 20,I 20 and Bobby Jones W Exit Rp,,Sideswipe-Same Direction,2,Clear,Dry,Daylight
2020-07-13T05:30:00.000,I 20,I 20 and Bobby Jones Onramp,,Angle Crash,2,Clear,Dry,Daylight
2023-05-09T13:23:00.000,I 20,I 20 and Bobby Jones Expy I520 Sr415Exit 196A-B,,Angle Crash,3,Clear,Dry,Daylight
2023-12-13T00:00:00.000,I 20,I 20 and Bobby Jones Expy I520 Sr415,,Not a Collision with Motor Vehicle,1,Clear,Dry,Daylight
2024-02-23T06:27:00.000,I 20,I 20 and Bobby Jones Expy I520,,Not a Collision with Motor Vehicle,1,Rain,Wet,Daylight
2021-07-21T09:34:00.000,I 20,I 20 and Bobby Jones Expy,,Angle Crash,2,Cloudy,Dry,Daylight
2022-11-23T14:09:00.000,I 20,I 20 and Bobby Jones Expy,,Rear End,2,Clear,Dry,Daylight
2022-01-21T21:42:00.000,I 20,I 20 and Bobby Jones Expy,,Not a Collision with Motor Vehicle,1,Sleet,Ice/Frost,Dark-Lighted
2021-10-06T15:15:00.000,I 20,I 20 and Bobby Jones Expy,,Not a Collision with Motor Vehicle,1,Rain,Wet,Daylight
2022-03-18T16:32:00.000,I 20,I 20 and Bobby Jones Expy,,Not a Collision with Motor Vehicle,1,Rain,Water (standing or moving),Daylight
2023-02-27T10:58:00.000,I 20,I 20 and Bobby Jones Expy,,Not a Collision with Motor Vehicle,1,Cloudy,Dry,Daylight
2020-11-21T21:45:00.000,I 20,I 20 and Bobby Jones Exp,,Not a Collision with Motor Vehicle,1,Clear,Dry,Dark-Lighted
2020-01-01T01:00:00.000,I 20,I 20 and Blacklawn Rd,,Not a Collision with Motor Vehicle,1,Clear,Dry,Daylight
2023-07-19T23:01:00.000,I 20,I 20 and Blacklawn Rd,,Not a Collision with Motor Vehicle,2,Clear,Dry,Dark-Not Lighted
2022-09-02T15:28:00.000,I 20,I 20 and Bill Kennrdy Way Opas,,Sideswipe-Same Direction,2,Clear,Dry,Daylight
2021-12-29T11:11:00.000,I 20,I 20 and Bill Kennedy Way Opas,,Angle Crash,2,Rain,Wet,Daylight
2021-10-28T16:08:00.000,I 20,I 20 and Bill Kennedy Way Opas,,Rear End,2,Cloudy,Dry,Daylight
2020-09-24T12:23:00.000,I 20,I 20 and Bill Kennedy Way Opas,,Not a Collision with Motor Vehicle,1,Rain,Wet,Daylight
2020-06-23T10:00:00.000,I 20,I 20 and Bill Kennedy Way Opas,,Rear End,2,Cloudy,Dry,Daylight
2020-05-13T17:21:00.000,I 20,I 20 and Bill Kennedy Way Opas,,Sideswipe-Same Direction,2,Clear,Dry,Daylight
2020-01-01T01:00:00.000,I 20,I 20 and Bill Kennedy Way Opas,,Sideswipe-Same Direction,2,Clear,Dry,Dark-Lighted
2020-03-23T11:44:00.000,I 20,I 20 and Bill Kennedy Way Opas,,Not a Collision with Motor Vehicle,1,Rain,Wet,Daylight
2020-03-05T11:41:00.000,I 20,I 20 and Bill Kennedy Way Opas,,Rear End,2,Rain,Wet,Daylight
2020-10-09T18:05:00.000,I 20,I 20 and Bill Kennedy Way Opas,,Rear End,2,Rain,Wet,Daylight
2020-05-08T02:30:00.000,I 20,I 20 and Bill Kennedy Way Opas,,Head On,2,Clear,Dry,Dark-Lighted
2021-05-27T16:30:00.000,I 20,I 20 and Bill Kennedy Way Opas,,Rear End,2,Clear,Dry,Daylight
2021-12-29T09:39:00.000,I 20,I 20 and Bill Kennedy Way Opas,,Rear End,2,Rain,Wet,Daylight
2022-10-06T08:40:00.000,I 20,I 20 and Bill Kennedy Way Opas,,Rear End,3,Clear,Dry,Daylight
2022-05-06T09:30:00.000,I 20,I 20 and Bill Kennedy Way Opas,,Sideswipe-Same Direction,2,Rain,Wet,Daylight
2022-05-06T13:30:00.000,I 20,I 20 and Bill Kennedy Way Opas,,Sideswipe-Same Direction,2,Clear,Dry,Daylight
2022-06-17T17:00:00.000,I 20,I 20 and Bill Kennedy Way Opas,,Rear End,2,Clear,Dry,Daylight
2022-05-27T09:55:00.000,I 20,I 20 and Bill Kennedy Way Opas,,Sideswipe-Same Direction,2,Cloudy,Dry,Daylight
2022-04-12T16:45:00.000,I 20,I 20 and Bill Kennedy Way Opas,,Rear End,2,Clear,Dry,Daylight
2022-05-09T16:00:00.000,I 20,I 20 and Bill Kennedy Way Opas,,Rear End,3,Clear,Dry,Daylight
2024-12-09T10:22:00.000,I 20,I 20 and Bill Kennedy Way Opas,,Not a Collision with Motor Vehicle,1,Rain,Wet,Daylight
2024-01-30T18:09:00.000,I 20,I 20 and Bill Kennedy Way Opas,,Rear End,3,Clear,Dry,Dark-Lighted
2024-03-28T15:58:00.000,I 20,I 20 and Bill Kennedy Way Opas,,Sideswipe-Same Direction,2,Clear,Dry,Daylight
2021-05-12T06:58:00.000,I 20,I 20 and Bill Kennedy Way,,Not a Collision with Motor Vehicle,1,Rain,Wet,Daylight
2021-03-18T08:10:00.000,I 20,I 20 and Bill Kennedy Way,,Not a Collision with Motor Vehicle,1,Rain,Wet,Daylight
2021-01-08T01:34:00.000,I 20,I 20 and Bill Kennedy Way,,Angle Crash,1,Rain,Wet,Dark-Lighted
2021-08-06T15:34:00.000,I 20,I 20 and Bill Kennedy Way,,Sideswipe-Same Direction,4,Clear,Dry,Daylight
2021-11-02T18:20:00.000,I 20,I 20 and Bill Kennedy Way,,Rear End,2,Clear,Dry,Daylight
2021-12-17T15:25:00.000,I 20,I 20 and Bill Kennedy Way,,Rear End,2,Clear,Dry,Daylight
2021-03-09T18:34:00.000,I 20,I 20 and Bill Kennedy Way,,Sideswipe-Same Direction,2,Clear,Dry,Daylight
2021-01-04T14:15:00.000,I 20,I 20 and Bill Kennedy Way,,Sideswipe-Same Direction,2,Clear,Dry,Daylight
2021-03-01T17:15:00.000,I 20,I 20 and Bill Kennedy Way,,Rear End,2,Cloudy,Dry,Daylight
2021-02-28T19:24:00.000,I 20,I 20 and Bill Kennedy Way,,Sideswipe-Same Direction,2,Clear,Dry,Daylight
2021-09-21T18:37:00.000,I 20,I 20 and Bill Kennedy Way,,Rear End,2,Clear,Dry,Daylight
2021-07-08T15:29:00.000,I 20,I 20 and Bill Kennedy Way,,Angle Crash,3,Rain,Wet,Daylight
2021-08-31T12:02:00.000,I 20,I 20 and Bill Kennedy Way,,Sideswipe-Same Direction,3,Rain,Wet,Daylight
2021-01-04T14:20:00.000,I 20,I 20 and Bill Kennedy Way,,Sideswipe-Same Direction,2,Clear,Dry,Daylight
2021-01-18T12:11:00.000,I 20,I 20 and Bill Kennedy Way,,Rear End,2,Clear,Dry,Daylight
2021-01-31T12:22:00.000,I 20,I 20 and Bill Kennedy Way,,Not a Collision with Motor Vehicle,1,Rain,Dry,Daylight
2021-03-18T10:42:00.000,I 20,I 20 and Bill Kennedy Way,,Angle Crash,2,Rain,Wet,Daylight
2021-01-27T09:21:00.000,I 20,I 20 and Bill Kennedy Way,,Not a Collision with Motor Vehicle,1,Rain,Wet,Daylight
2021-07-19T18:40:00.000,I 20,I 20 and Bill Kennedy Way,,Not a Collision with Motor Vehicle,1,Rain,Wet,Daylight
2021-06-15T10:56:00.000,I 20,I 20 and Bill Kennedy Way,,Sideswipe-Same Direction,3,Clear,Dry,Daylight
2021-01-01T11:15:00.000,I 20,I 20 and Bill Kennedy Way,,Not a Collision with Motor Vehicle,1,Rain,Wet,Daylight
2023-03-31T18:19:00.000,I 20,I 20 and Bill Kennedy Way,,Rear End,2,Cloudy,Dry,Daylight
2023-09-21T18:15:00.000,I 20,I 20 and Bill Kennedy Way,,Rear End,3,Clear,Dry,Daylight
2023-01-17T17:01:00.000,I 20,I 20 and Bill Kennedy Way,,Rear End,2,Cloudy,Dry,Daylight
2023-03-17T14:45:00.000,I 20,I 20 and Bill Kennedy Way,,Rear End,2,Rain,Wet,Daylight
2023-01-27T12:32:00.000,I 20,I 20 and Bill Kennedy Way,,Sideswipe-Same Direction,2,Clear,Dry,Daylight
2020-09-24T19:10:00.000,I 20,I 20 and Bill Kennedy Way,,Angle Crash,2,Rain,Wet,Dark-Lighted
2020-12-09T17:47:00.000,I 20,I 20 and Bill Kennedy Way,,Sideswipe-Same Direction,2,Clear,Dry,Dark-Lighted
2020-09-17T06:24:00.000,I 20,I 20 and Bill Kennedy Way,,Not a Collision with Motor Vehicle,1,Rain,Wet,Dark-Lighted
2020-07-20T14:00:00.000,I 20,I 20 and Bill Kennedy Way,,Angle Crash,2,Clear,Dry,Daylight
2020-01-11T15:19:00.000,I 20,I 20 and Bill Kennedy Way,,Sideswipe-Same Direction,3,Rain,Wet,Daylight
2020-03-04T10:18:00.000,I 20,I 20 and Bill Kennedy Way,,Not a Collision with Motor Vehicle,1,Rain,Wet,Daylight
2020-08-22T03:28:00.000,I 20,I 20 and Bill Kennedy Way,,Rear End,2,Clear,Dry,Dark-Lighted
2020-01-23T23:23:00.000,I 20,I 20 and Bill Kennedy Way,,Head On,4,Rain,Wet,Dark-Lighted
2020-01-16T12:11:00.000,I 20,I 20 and Bill Kennedy Way,,Rear End,2,Clear,Dry,Daylight
2020-02-23T01:56:00.000,I 20,I 20 and Bill Kennedy Way,,Rear End,2,Clear,Dry,Dark-Lighted
2020-07-16T14:45:00.000,I 20,I 20 and Bill Kennedy Way,,Rear End,2,Clear,Dry,Daylight
2020-09-17T03:41:00.000,I 20,I 20 and Bill Kennedy Way,,Not a Collision with Motor Vehicle,1,Rain,Wet,Dark-Lighted
2020-09-17T01:59:00.000,I 20,I 20 and Bill Kennedy Way,,Not a Collision with Motor Vehicle,1,Rain,Water (standing or moving),Dark-Lighted
2020-12-24T11:10:00.000,I 20,I 20 and Bill Kennedy Way,,Not a Collision with Motor Vehicle,1,Rain,Wet,Daylight
2020-09-23T17:33:00.000,I 20,I 20 and Bill Kennedy Way,,Angle Crash,3,Cloudy,Dry,Daylight
2020-10-24T23:41:00.000,I 20,I 20 and Bill Kennedy Way,,Not a Collision with Motor Vehicle,1,Rain,Wet,Dark-Lighted
2020-06-16T14:40:00.000,I 20,I 20 and Bill Kennedy Way,,Sideswipe-Same Direction,2,Clear,Dry,Daylight
2020-01-14T11:05:00.000,I 20,I 20 and Bill Kennedy Way,,Sideswipe-Same Direction,2,Rain,Wet,Daylight
2020-02-03T00:13:00.000,I 20,I 20 and Bill Kennedy Way,,Rear End,2,Clear,Dry,Dark-Lighted
2020-05-18T00:23:00.000,I 20,I 20 and Bill Kennedy Way,,Not a Collision with Motor Vehicle,1,Rain,Wet,Dark-Lighted
2020-12-21T16:00:00.000,I 20,I 20 and Bill Kennedy Way,,Sideswipe-Same Direction,2,Clear,Dry,Daylight
2020-09-29T11:54:00.000,I 20,I 20 and Bill Kennedy Way,,Angle Crash,2,Rain,Wet,Daylight
2020-01-07T17:47:00.000,I 20,I 20 and Bill Kennedy Way,,Sideswipe-Same Direction,2,Clear,Dry,Dark-Lighted
2020-04-26T05:39:00.000,I 20,I 20 and Bill Kennedy Way,,Rear End,2,Clear,Dry,Dark-Lighted
2020-10-03T12:18:00.000,I 20,I 20 and Bill Kennedy Way,,Sideswipe-Same Direction,2,Clear,Dry,Daylight
2020-01-10T19:38:00.000,I 20,I 20 and Bill Kennedy Way,,Rear End,2,Clear,Dry,Dark-Lighted
2020-09-29T11:55:00.000,I 20,I 20 and Bill Kennedy Way,,Not a Collision with Motor Vehicle,1,Rain,Wet,Daylight
2020-01-04T03:52:00.000,I 20,I 20 and Bill Kennedy Way,,Sideswipe-Same Direction,2,Rain,Wet,Dark-Lighted
2020-02-19T19:20:00.000,I 20,I 20 and Bill Kennedy Way,,Rear End,2,Rain,Wet,Daylight
2020-07-28T13:45:00.000,I 20,I 20 and Bill Kennedy Way,,Angle Crash,2,Rain,Wet,Daylight
2020-02-06T14:43:00.000,I 20,I 20 and Bill Kennedy Way,,Not a Collision with Motor Vehicle,1,Rain,Wet,Daylight
2020-06-30T14:00:00.000,I 20,I 20 and Bill Kennedy Way,,Rear End,3,Clear,Dry,Daylight
2021-05-03T12:00:00.000,I 20,I 20 and Bill Kennedy Way,,Angle Crash,2,Rain,Wet,Daylight
2021-02-18T05:14:00.000,I 20,I 20 and Bill Kennedy Way,,Not a Collision with Motor Vehicle,1,Rain,Wet,Dark-Lighted
2021-06-25T16:20:00.000,I 20,I 20 and Bill Kennedy Way,,Rear End,2,Clear,Dry,Daylight
2021-10-04T09:19:00.000,I 20,I 20 and Bill Kennedy Way,,Not a Collision with Motor Vehicle,1,Rain,Wet,Daylight
2021-08-31T10:08:00.000,I 20,I 20 and Bill Kennedy Way,,Rear End,2,Rain,Wet,Daylight
2021-10-19T17:20:00.000,I 20,I 20 and Bill Kennedy Way,,Rear End,2,Clear,Dry,Daylight
2021-11-08T16:05:00.000,I 20,I 20 and Bill Kennedy Way,,Rear End,2,Clear,Dry,Daylight
2021-08-17T11:22:00.000,I 20,I 20 and Bill Kennedy Way,,Not a Collision with Motor Vehicle,1,Rain,Wet,Daylight
2022-03-31T06:25:00.000,I 20,I 20 and Bill Kennedy Way,,Not a Collision with Motor Vehicle,1,Rain,Wet,Dark-Lighted
2022-05-27T13:28:00.000,I 20,I 20 and Bill Kennedy Way,,Rear End,2,Clear,Dry,Daylight
2021-11-08T16:14:00.000,I 20,I 20 and Bill Kennedy Way,,Rear End,2,Clear,Dry,Daylight
2022-06-16T15:11:00.000,I 20,I 20 and Bill Kennedy Way,,Rear End,2,Clear,Dry,Daylight
2022-03-14T08:06:00.000,I 20,I 20 and Bill Kennedy Way,,Sideswipe-Same Direction,2,Clear,Dry,Daylight
2022-11-11T07:22:00.000,I 20,I 20 and Bill Kennedy Way,,Not a Collision with Motor Vehicle,1,Rain,Wet,Daylight
2022-09-20T19:06:00.000,I 20,I 20 and Bill Kennedy Way,,Rear End,2,Clear,Dry,Daylight
2022-07-19T09:54:00.000,I 20,I 20 and Bill Kennedy Way,,Not a Collision with Motor Vehicle,1,Rain,Wet,Daylight
2022-04-05T10:37:00.000,I 20,I 20 and Bill Kennedy Way,,Sideswipe-Same Direction,2,Rain,Wet,Daylight
2022-08-29T15:30:00.000,I 20,I 20 and Bill Kennedy Way,,Rear End,2,Clear,Dry,Daylight
2022-10-14T18:06:00.000,I 20,I 20 and Bill Kennedy Way,,Rear End,3,Clear,Dry,Daylight
2022-02-03T17:12:00.000,I 20,I 20 and Bill Kennedy Way,,Rear End,2,Rain,Wet,Daylight
2022-04-05T11:47:00.000,I 20,I 20 and Bill Kennedy Way,,Not a Collision with Motor Vehicle,1,Rain,Wet,Daylight
2022-09-05T18:24:00.000,I 20,I 20 and Bill Kennedy Way,,Rear End,2,Cloudy,Wet,Daylight
2022-12-12T08:18:00.000,I 20,I 20 and Bill Kennedy Way,,Not a Collision with Motor Vehicle,1,Cloudy,Dry,Daylight
2022-09-20T00:00:00.000,I 20,I 20 and Bill Kennedy Way,,Rear End,3,Clear,Dry,Daylight
2022-02-07T12:40:00.000,I 20,I 20 and Bill Kennedy Way,,Sideswipe-Same Direction,2,Cloudy,Dry,Daylight
2022-12-06T10:02:00.000,I 20,I 20 and Bill Kennedy Way,,Sideswipe-Same Direction,2,Rain,Wet,Daylight
2022-02-21T18:17:00.000,I 20,I 20 and Bill Kennedy Way,,Not a Collision with Motor Vehicle,1,Rain,Wet,Dark-Lighted
2023-08-25T16:15:00.000,I 20,I 20 and Bill Kennedy Way,,Sideswipe-Same Direction,2,Clear,Dry,Daylight
2024-08-23T18:40:00.000,I 20,I 20 and Bill Kennedy Way,,Sideswipe-Same Direction,2,Clear,Dry,Daylight
2024-07-09T16:50:00.000,I 20,I 20 and Bill Kennedy Way,,Rear End,2,Rain,Wet,Daylight
2023-07-27T06:44:00.000,I 20,I 20 and Bill Kennedy Way,,Not a Collision with Motor Vehicle,1,Clear,Dry,Daylight
2023-11-17T17:01:00.000,I 20,I 20 and Bill Kennedy Way,,Rear End,2,Rain,Wet,Daylight
2023-10-12T07:48:00.000,I 20,I 20 and Bill Kennedy Way,,Rear End,3,Rain,Wet,Daylight
2023-01-17T17:52:00.000,I 20,I 20 and Bill Kennedy Way,,Rear End,2,Cloudy,Dry,Daylight
2023-12-06T15:13:00.000,I 20,I 20 and Bill Kennedy Way,,Sideswipe-Same Direction,2,Clear,Dry,Daylight
2023-04-10T18:35:00.000,I 20,I 20 and Bill Kennedy Way,,Sideswipe-Same Direction,2,Clear,Dry,Daylight
2023-06-08T17:59:00.000,I 20,I 20 and Bill Kennedy Way,,Rear End,2,Clear,Dry,Daylight
2023-07-25T21:52:00.000,I 20,I 20 and Bill Kennedy Way,,Rear End,2,Cloudy,Dry,Dark-Lighted
2024-02-02T07:48:00.000,I 20,I 20 and Bill Kennedy Way,,Rear End,2,Clear,Dry,Daylight
2024-05-02T16:28:00.000,I 20,I 20 and Bill Kennedy Way,,Rear End,5,Cloudy,Dry,Daylight
2024-12-09T10:55:00.000,I 20,I 20 and Bill Kennedy Way,,Sideswipe-Same Direction,2,Clear,Wet,Daylight
2024-07-12T16:58:00.000,I 20,I 20 and Bill Kennedy Way,,Rear End,3,Clear,Dry,Daylight
2024-10-04T15:45:00.000,I 20,I 20 and Bill Kennedy Way,,Rear End,2,Cloudy,Dry,Daylight
2024-04-23T09:05:00.000,I 20,I 20 and Bill Kennedy Way,,Rear End,2,Clear,Dry,Daylight
2023-03-03T18:04:00.000,I 20,I 20 and Bill Kennedy Pkwy,,Not a Collision with Motor Vehicle,1,Rain,Wet,Daylight
2021-09-20T19:31:00.000,I 20,I 20 and Bill Kennedy Pkwy,,Not a Collision with Motor Vehicle,1,Rain,Wet,Daylight
2021-09-20T19:32:00.000,I 20,I 20 and Bill Kennedy Pkwy,,Not a Collision with Motor Vehicle,1,Rain,Wet,Daylight