Date and Time,Roadway (From Crash Report),Intersection Name (from Crash Report),KABCO Severity,Manner of Collision (Crash Level) ,# of Vehicles per crash ,Weather Conditions (Crash Level),Surface Condition (Crash Level) ,Light Conditions (Crash Level)
2021-03-05T22:55:00.000,I 20,I 20 and Bill Kennedy Opas,,Sideswipe-Same Direction,2,Clear,Dry,Dark-Lighted
2023-12-07T16:45:00.000,I 20,I 20 and Bill Kennedy Opas,,Rear End,2,Clear,Dry,Daylight
2023-04-28T15:45:00.000,I 20,I 20 and Bill Kennedy Opas,,Rear End,2,Clear,Dry,Daylight
2020-06-24T16:24:00.000,I 20,I 20 and Bill Kennedy Opas,,Sideswipe-Same Direction,2,Cloudy,Dry,Daylight
2021-11-04T09:40:00.000,I 20,I 20 and Bill Kennedy Opas,,Rear End,2,Rain,Dry,Daylight
2022-07-22T16:22:00.000,I 20,I 20 and Bill Kennedy Opas,,Rear End,3,Clear,Dry,Daylight
2021-10-27T17:20:00.000,I 20,I 20 and Bill Kennedy Opas,,Rear End,2,Clear,Dry,Daylight
2022-08-23T08:39:00.000,I 20,I 20 and Bill Kennedy Opas,,Rear End,2,Cloudy,Dry,Daylight
2024-03-26T15:59:00.000,I 20,I 20 and Bill Kennedy Opas,,Not a Collision with Motor Vehicle,1,Rain,Wet,Daylight
2024-11-12T07:29:00.000,I 20,I 20 and Bill Kennedy Opas,,Rear End,2,Clear,Dry,Daylight
2024-03-01T16:16:00.000,I 20,I 20 and Bill Kennedy Opas,,Rear End,2,Rain,Wet,Daylight
2023-06-30T16:14:00.000,I 20,I 20 and Bill Kennedy Opas,,Rear End,3,Cloudy,Dry,Daylight
2023-08-14T17:58:00.000,I 20,I 20 and Bill Kennedy Opas,,Rear End,2,Clear,Dry,Daylight
2023-07-21T18:23:00.000,I 20,I 20 and Bill Kennedy Opas,,Rear End,2,Rain,Wet,Daylight
2023-09-28T19:58:00.000,I 20,I 20 and Bill Kennedy Opas,,Rear End,3,Clear,Dry,Dark-Lighted
2024-10-25T07:58:00.000,I 20,I 20 and Bill Kennedy Opas,,Sideswipe-Same Direction,2,Clear,Dry,Daylight
2024-01-29T07:07:00.000,I 20,I 20 and Bill Kennedy Opas,,Rear End,2,Cloudy,Dry,Daylight
2024-06-04T18:13:00.000,I 20,I 20 and Bill Kennedy Opas,,Rear End,2,Clear,Dry,Daylight
2024-01-16T06:28:00.000,I 20,I 20 and Bill Kennedy Opas,,Not a Collision with Motor Vehicle,1,Rain,Wet,Dark-Lighted
2024-03-29T15:22:00.000,I 20,I 20 and Bill Kennedy Opas,,Sideswipe-Same Direction,2,Clear,Dry,Daylight
2021-03-04T09:07:00.000,I 20,I 20 and Bill Kennedy Drive Opas,,Rear End,2,Clear,Dry,Daylight
2022-08-25T17:20:00.000,I 20,I 20 and Bill Kennedy Dr,,Rear End,2,Clear,Dry,Daylight
2023-09-22T17:02:00.000,I 20,I 20 and Bill Kennedy Ave,,Rear End,3,Clear,Dry,Daylight
2024-06-20T07:56:00.000,I 20,I 20 and Bill Kennedy Ave,,Rear End,2,Clear,Dry,Daylight
2021-05-12T13:04:00.000,I 20,I 20 and Bill Kennedy,,Not a Collision with Motor Vehicle,1,Rain,Wet,Daylight
2023-08-28T19:22:00.000,I 20,I 20 and Bill Kennedy,,Not a Collision with Motor Vehicle,1,Clear,Wet,Daylight
2020-02-04T17:25:00.000,I 20,I 20 and Bill Kennedy,,Rear End,2,Clear,Dry,Dark-Not Lighted
2020-02-28T20:13:00.000,I 20,I 20 and Bill Kennedy,,Angle Crash,2,Clear,Dry,Dark-Lighted
2020-03-11T16:00:00.000,I 20,I 20 and Bill Kennedy,,Rear End,3,Rain,Wet,Daylight
2021-04-16T16:38:00.000,I 20,I 20 and Bill Kennedy,,Rear End,2,Cloudy,Dry,Daylight
2021-04-16T17:33:00.000,I 20,I 20 and Bill Kennedy,,Sideswipe-Same Direction,2,Cloudy,Dry,Daylight
2021-08-10T12:22:00.000,I 20,I 20 and Bill Kennedy,,Rear End,3,Clear,Dry,Daylight
2022-07-19T09:04:00.000,I 20,I 20 and Bill Kennedy,,Rear End,2,Rain,Wet,Daylight
2022-07-19T08:16:00.000,I 20,I 20 and Bill Kennedy,,Rear End,2,Rain,Wet,Daylight
2022-03-25T16:46:00.000,I 20,I 20 and Bill Kennedy,,Rear End,3,Clear,Dry,Daylight
2022-07-19T09:03:00.000,I 20,I 20 and Bill Kennedy,,Rear End,2,Rain,Wet,Daylight
2022-07-04T17:50:00.000,I 20,I 20 and Bill Kennedy,,Not a Collision with Motor Vehicle,1,Clear,Dry,Daylight
2022-08-05T17:08:00.000,I 20,I 20 and Bill Kennedy,,Sideswipe-Same Direction,2,Cloudy,Dry,Daylight
2020-11-24T11:34:00.000,I 20,I 20 and Bill Kenneday Way,,Rear End,2,Clear,Dry,Daylight
2022-05-12T10:15:00.000,I 20,I 20 and Bill Kenneday Way,,Rear End,2,Clear,Dry,Daylight
2023-08-14T18:29:00.000,I 20,I 20 and Bill Kenndey Opas,,Rear End,2,Clear,Dry,Daylight
2022-05-09T16:00:00.000,I 20,I 20 and Bill Kenendy Way,,Rear End,3,Clear,Dry,Daylight
2022-09-19T11:26:00.000,I 20,I 20 and Bill Arp Rd,,Rear End,2,Clear,Dry,Daylight
2020-01-27T14:21:00.000,I 20,I 20 and Between Temple And Villa Rica,,Not a Collision with Motor Vehicle,1,Cloudy,Dry,Daylight
2021-11-06T20:15:00.000,I 20,I 20 and Between Mm19 -Mm22,,Sideswipe-Same Direction,2,Clear,Dry,Dark-Not Lighted
2022-09-04T18:05:00.000,I 20,I 20 and Between Exit 11 And Exit 9,,Not a Collision with Motor Vehicle,1,Rain,Wet,Daylight
2021-03-10T21:16:00.000,I 20,I 20 and Betrhany Rd,,Sideswipe-Same Direction,2,Clear,Dry,Dark-Not Lighted
2021-02-12T04:57:00.000,I 20,I 20 and Bethany Road Opas,,Sideswipe-Same Direction,2,Fog,Wet,Dark-Not Lighted
2021-02-12T04:57:00.000,I 20,I 20 and Bethany Road Opas,,Not a Collision with Motor Vehicle,1,Fog,Wet,Dark-Not Lighted
2021-02-12T04:57:00.000,I 20,I 20 and Bethany Road Opas,,Rear End,2,Fog,Wet,Dark-Not Lighted
2021-02-23T06:05:00.000,I 20,I 20 and Bethany Rd,,Not a Collision with Motor Vehicle,1,Clear,Dry,Dark-Not Lighted
2021-02-22T06:37:00.000,I 20,I 20 and Bethany Rd,,Not a Collision with Motor Vehicle,1,Rain,Wet,Dark-Not Lighted
2021-05-23T07:02:00.000,I 20,I 20 and Bethany Rd,,Not a Collision with Motor Vehicle,1,Clear,Dry,Dark-Not Lighted
2021-08-12T14:30:00.000,I 20,I 20 and Bethany Rd,,Not a Collision with Motor Vehicle,1,Rain,Wet,Daylight
2021-08-15T18:31:00.000,I 20,I 20 and Bethany Rd,,Angle Crash,1,Rain,Wet,Daylight
2021-01-09T07:51:00.000,I 20,I 20 and Bethany Rd,,Angle Crash,2,Clear,Dry,Daylight
2021-08-15T18:17:00.000,I 20,I 20 and Bethany Rd,,Not a Collision with Motor Vehicle,1,Rain,Wet,Daylight
2021-02-18T08:17:00.000,I 20,I 20 and Bethany Rd,,Not a Collision with Motor Vehicle,1,Rain,Wet,Daylight
2020-12-24T16:10:00.000,I 20,I 20 and Bethany Rd,,Not a Collision with Motor Vehicle,1,Rain,Water (standing or moving),Daylight
2020-12-14T07:14:00.000,I 20,I 20 and Bethany Rd,,Not a Collision with Motor Vehicle,1,Rain,Wet,Dusk
2023-12-09T08:40:00.000,I 20,I 20 and Bethany Rd,,Sideswipe-Same Direction,2,Cloudy,Wet,Daylight
2023-06-23T14:41:00.000,I 20,I 20 and Bethany Rd,,Sideswipe-Same Direction,2,Rain,Wet,Daylight
2023-02-05T05:30:00.000,I 20,I 20 and Bethany Rd,,Rear End,2,Cloudy,Dry,Dark-Not Lighted
2023-04-08T12:59:00.000,I 20,I 20 and Bethany Rd,,Sideswipe-Same Direction,2,Rain,Wet,Daylight
2022-11-27T07:19:00.000,I 20,I 20 and Bethany Rd,,Not a Collision with Motor Vehicle,1,Rain,Wet,Daylight
2020-09-15T23:10:00.000,I 20,I 20 and Bethany Rd,,Not a Collision with Motor Vehicle,1,Clear,Dry,Dark-Not Lighted
2020-09-13T23:10:00.000,I 20,I 20 and Bethany Rd,,Not a Collision with Motor Vehicle,1,Rain,Wet,Dark-Not Lighted
2020-08-08T18:18:00.000,I 20,I 20 and Bethany Rd,,Angle Crash,1,Rain,Wet,Daylight
2020-05-26T11:36:00.000,I 20,I 20 and Bethany Rd,,Not a Collision with Motor Vehicle,1,Rain,Water (standing or moving),Daylight
2020-07-02T17:23:00.000,I 20,I 20 and Bethany Rd,,Not a Collision with Motor Vehicle,1,Clear,Dry,Daylight
2020-03-05T06:03:00.000,I 20,I 20 and Bethany Rd,,Not a Collision with Motor Vehicle,1,Rain,Wet,Dark-Not Lighted
2020-11-01T01:50:00.000,I 20,I 20 and Bethany Rd,,Not a Collision with Motor Vehicle,1,Rain,Wet,Dark-Not Lighted
2021-03-07T00:24:00.000,I 20,I 20 and Bethany Rd,,Angle Crash,1,Clear,Dry,Daylight
2021-02-18T16:40:00.000,I 20,I 20 and Bethany Rd,,Not a Collision with Motor Vehicle,1,Rain,Wet,Daylight
2022-12-09T16:45:00.000,I 20,I 20 and Bethany Rd,,Not a Collision with Motor Vehicle,1,Rain,Wet,Daylight
2022-11-26T10:50:00.000,I 20,I 20 and Bethany Rd,,Sideswipe-Same Direction,2,Clear,Dry,Daylight
2023-04-08T12:39:00.000,I 20,I 20 and Bethany Rd,,Not a Collision with Motor Vehicle,1,Rain,Wet,Daylight
2024-05-04T09:29:00.000,I 20,I 20 and Bethany Rd,,Rear End,2,Rain,Wet,Daylight
2024-09-26T09:02:00.000,I 20,I 20 and Bethany Rd,,Not a Collision with Motor Vehicle,1,Rain,Wet,Daylight
2020-05-19T04:15:00.000,I 20,I 20 and Bethany Church Rd,,Not a Collision with Motor Vehicle,1,Rain,Wet,Dark-Not Lighted
2022-06-04T21:07:00.000,I 20,I 20 and Belair Rd,,Not a Collision with Motor Vehicle,1,Clear,Dry,Dark-Lighted
2024-07-10T07:10:00.000,I 20,I 20 and Before Wesley Chapel,,Rear End,3,Clear,Dry,Daylight
2024-05-06T09:25:00.000,I 20,I 20 and Before Panola Rd.,,Sideswipe-Same Direction,2,Clear,Dry,Daylight
2024-11-26T19:59:00.000,I 20,I 20 and Before Panola Rd,,Rear End,2,Clear,Dry,Dark-Lighted
2024-11-27T12:45:00.000,I 20,I 20 and Before I285 Entry Rp,,Angle Crash,2,Clear,Dry,Daylight
2024-04-09T08:58:00.000,I 20,I 20 and Before I285,,Rear End,2,Rain,Wet,Daylight
2024-05-28T07:36:00.000,I 20,I 20 and Before I285,,Sideswipe-Same Direction,2,Clear,Dry,Daylight
2024-11-11T16:00:00.000,I 20,I 20 and Before I285,,Rear End,2,Clear,Dry,Daylight
2024-07-08T10:59:00.000,I 20,I 20 and Before I285,,Rear End,4,Clear,Dry,Daylight
2024-07-08T12:04:00.000,I 20,I 20 and Before I285,,Sideswipe-Same Direction,2,Clear,Dry,Daylight
2024-06-02T02:25:00.000,I 20,I 20 and Before Gresham Rd,,Head On,3,Rain,Wet,Dark-Not Lighted
2023-07-17T14:04:00.000,I 20,I 20 and Before Fulton Industrial Blvd,,Rear End,2,Cloudy,Dry,Daylight
2023-07-01T05:00:00.000,I 20,I 20 and Before Exit 65 Candler Rd.,,Angle Crash,2,Clear,Wet,Dark-Lighted
2023-12-18T04:05:00.000,I 20,I 20 and Before Exit 63 Gresham Rd.,,Rear End,2,Clear,Dry,Dark-Lighted
2024-05-13T00:00:00.000,I 20,I 20 and Before Columbia Dr.,,Angle Crash,2,Rain,Wet,Daylight
2024-11-02T08:33:00.000,I 20,I 20 and Before Candler Rd.,,Sideswipe-Same Direction,3,Clear,Dry,Daylight
2020-04-19T09:40:00.000,I 20,I 20 and Before Candler Rd,,Not a Collision with Motor Vehicle,1,Rain,Wet,Daylight
2020-08-07T22:50:00.000,I 20,I 20 and Before  Boulevard Se Exit,,Angle Crash,3,Rain,Wet,Dark-Lighted
2021-08-17T07:58:00.000,I 20,I 20 and Barrows Grove Road Underpass,,Not a Collision with Motor Vehicle,1,Rain,Wet,Daylight
2022-01-02T08:00:00.000,I 20,I 20 and Barrow's Grove Rd,,Not a Collision with Motor Vehicle,1,Rain,Wet,Daylight
2020-11-06T14:39:00.000,I 20,I 20 and Bar J Rd Opas,,Rear End,2,Clear,Dry,Daylight
2020-12-18T08:10:00.000,I 20,I 20 and Bar J Rd Opas,,Not a Collision with Motor Vehicle,1,Clear,Dry,Daylight
2022-09-27T07:45:00.000,I 20,I 20 and Bar J Rd Opas,,Rear End,2,Clear,Dry,Daylight
2020-11-19T17:24:00.000,I 20,I 20 and Bar J Rd,,Rear End,2,Clear,Dry,Dusk
2020-06-26T00:30:00.000,I 20,I 20 and Bar J Rd,,Not a Collision with Motor Vehicle,1,Rain,Wet,Dark-Not Lighted
2023-06-06T21:15:00.000,I 20,I 20 and Baker Place Rd.,,Not a Collision with Motor Vehicle,1,Rain,Water (standing or moving),Dark-Not Lighted
2024-11-19T07:52:00.000,I 20,I 20 and Baker Place Rd.,,Rear End,2,Cloudy,Dry,Daylight
2021-10-19T07:35:00.000,I 20,I 20 and Baker Place Rd Opas,,Rear End,3,Clear,Dry,Daylight
2023-05-17T16:58:00.000,I 20,I 20 and Baker Place Rd,,Not a Collision with Motor Vehicle,1,Cloudy,Dry,Daylight
2023-06-12T08:23:00.000,I 20,I 20 and Baker Place Rd,,Rear End,3,Clear,Dry,Daylight
2022-07-16T20:04:00.000,I 20,I 20 and Baker Place Rd,,Rear End,2,Clear,Dry,Daylight
2020-03-09T09:07:00.000,I 20,I 20 and Baker Place Rd,,Rear End,2,Clear,Dry,Daylight
2020-08-24T11:03:00.000,I 20,I 20 and Baker Place Rd,,Not a Collision with Motor Vehicle,2,Cloudy,Dry,Daylight
2020-10-20T18:46:00.000,I 20,I 20 and Baker Place Rd,,Rear End,2,Clear,Dry,Dusk
2020-04-18T13:20:00.000,I 20,I 20 and Baker Place Rd,,Sideswipe-Same Direction,2,Clear,Dry,Daylight
2020-02-06T15:30:00.000,I 20,I 20 and Baker Place Rd,,Not a Collision with Motor Vehicle,1,Rain,Wet,Daylight
2020-05-27T08:04:00.000,I 20,I 20 and Baker Place Rd,,Sideswipe-Same Direction,2,Rain,Wet,Daylight
2020-10-09T09:48:00.000,I 20,I 20 and Baker Place Rd,,Rear End,2,Clear,Dry,Daylight
2020-03-08T03:18:00.000,I 20,I 20 and Baker Place Rd,,Not a Collision with Motor Vehicle,1,Clear,Dry,Dark-Not Lighted
2020-01-02T17:17:00.000,I 20,I 20 and Baker Place Rd,,Rear End,2,Rain,Wet,Daylight
2021-09-22T16:40:00.000,I 20,I 20 and Baker Place Rd,,Sideswipe-Same Direction,2,Cloudy,Dry,Daylight
2022-12-19T13:30:00.000,I 20,I 20 and Baker Place Rd,,Rear End,2,Clear,Dry,Daylight
2022-05-11T09:24:00.000,I 20,I 20 and Baker Place Rd,,Not a Collision with Motor Vehicle,2,Clear,Dry,Daylight
2022-03-21T18:06:00.000,I 20,I 20 and Baker Place Rd,,Rear End,2,Clear,Dry,Daylight
2023-06-27T11:12:00.000,I 20,I 20 and Baker Place Rd,,Rear End,2,Clear,Dry,Daylight
2024-03-29T14:14:00.000,I 20,I 20 and Baker Place Rd,,Sideswipe-Same Direction,2,Clear,Dry,Daylight
2023-05-25T18:26:00.000,I 20,I 20 and Baker Place Rd,,Rear End,3,Clear,Dry,Daylight
2023-05-25T17:34:00.000,I 20,I 20 and Baker Place Rd,,Rear End,2,Clear,Dry,Daylight
2024-09-20T07:42:00.000,I 20,I 20 and Baker Place Rd,,Rear End,2,Clear,Dry,Daylight
2024-05-04T13:20:00.000,I 20,I 20 and Baker Place Rd,,Rear End,4,Rain,Wet,Daylight
2024-05-10T19:04:00.000,I 20,I 20 and Baker Place Rd,,Not a Collision with Motor Vehicle,1,Clear,Dry,Daylight
2022-03-22T17:43:00.000,I 20,I 20 and Baker Pl Rd,,Not a Collision with Motor Vehicle,1,Clear,Dry,Daylight
2023-11-09T16:09:00.000,I 20,I 20 and Augusta Levee Rd,,Angle Crash,2,Clear,Dry,Daylight
2023-04-12T09:26:00.000,I 20,I 20 and Augusta Levee Rd,,Rear End,2,Clear,Dry,Daylight
2020-01-17T12:07:00.000,I 20,I 20 and Atwood St,,Rear End,2,Clear,Dry,Daylight
2024-12-22T06:43:00.000,I 20,I 20 and Atlantic Ave  Exit 9,,Rear End,2,Clear,Dry,Dark-Not Lighted
2021-06-30T13:01:00.000,I 20,I 20 and Atlantic Ave,,Rear End,2,Cloudy,Dry,Daylight
2023-01-08T18:58:00.000,I 20,I 20 and Atlantic Ave,,Sideswipe-Same Direction,2,Rain,Wet,Dark-Not Lighted
2023-03-26T12:09:00.000,I 20,I 20 and Atlantic Ave,,Sideswipe-Same Direction,2,Rain,Wet,Daylight
2023-03-12T08:31:00.000,I 20,I 20 and Atlantic Ave,,Not a Collision with Motor Vehicle,1,Rain,Wet,Daylight
2024-07-29T19:49:00.000,I 20,I 20 and Atlantic Ave,,Not a Collision with Motor Vehicle,1,Rain,Wet,Dark-Not Lighted
2023-03-20T16:05:00.000,I 20,I 20 and Atlantic Ave,,Rear End,2,Clear,Dry,Daylight
2024-12-01T10:20:00.000,I 20,I 20 and Atlantic Ave,,Sideswipe-Same Direction,2,Clear,Dry,Daylight
2023-06-09T14:45:00.000,I 20,I 20 and Atlanta Hwy,,Not a Collision with Motor Vehicle,1,Clear,Dry,Daylight
2022-02-05T05:41:00.000,I 20,I 20 and Atlanta Hwy,,Not a Collision with Motor Vehicle,1,Clear,Wet,Dark-Not Lighted
2022-05-24T10:35:00.000,I 20,I 20 and Atlanta Hwy,,Sideswipe-Same Direction,2,Clear,Dry,Daylight
2023-01-29T00:50:00.000,I 20,I 20 and Atlanta Hwy,,Not a Collision with Motor Vehicle,1,Rain,Wet,Dark-Not Lighted
2023-08-12T12:27:00.000,I 20,I 20 and At Mile Marker 24.5,,Not a Collision with Motor Vehicle,1,Clear,Dry,Daylight
2024-08-09T11:42:00.000,I 20,I 20 and At Flat Shoals Rd.,,Sideswipe-Same Direction,2,Clear,Dry,Daylight
2022-10-16T07:45:00.000,I 20,I 20 and Area Of Weight Sta,,Angle Crash,2,Clear,Dry,Daylight
2023-11-14T07:14:00.000,I 20,I 20 and Appling Harlem Rd,,Angle Crash,2,Clear,Dry,Daylight
2020-07-18T18:52:00.000,I 20,I 20 and Appling Harlem Rd,,Not a Collision with Motor Vehicle,1,Clear,Dry,Daylight
2024-04-22T12:26:00.000,I 20,I 20 and Appling Harlem Rd,,Rear End,3,Clear,Dry,Daylight
2024-11-14T20:00:00.000,I 20,I 20 and Appling Harlem Rd,,Not a Collision with Motor Vehicle,1,Cloudy,Wet,Dark-Not Lighted
2021-06-08T11:14:00.000,I 20,I 20 and Appling Harlem Hwy,,Sideswipe-Same Direction,2,Rain,Wet,Daylight
2023-09-01T11:53:00.000,I 20,I 20 and Appling Harlem,,Not a Collision with Motor Vehicle,1,Clear,Dry,Daylight
2024-06-03T21:24:00.000,I 20,I 20 and Appling Harlem,,Sideswipe-Same Direction,2,Clear,Dry,Dark-Not Lighted
2021-06-15T09:40:00.000,I 20,I 20 and Anderson Ave,,Rear End,2,Clear,Dry,Daylight
2020-08-04T14:26:00.000,I 20,I 20 and Anderson Ave,,Sideswipe-Same Direction,2,Clear,Dry,Daylight
2021-08-17T10:17:00.000,I 20,I 20 and Anderson Ave,,Sideswipe-Same Direction,4,Rain,Wet,Daylight
2023-03-24T12:28:00.000,I 20,I 20 and Anderson Ave,,Sideswipe-Same Direction,2,Clear,Dry,Daylight
2023-10-11T18:08:00.000,I 20,I 20 and Alovy Rd,,Not a Collision with Motor Vehicle,1,Rain,Wet,Daylight
2022-08-05T15:30:00.000,I 20,I 20 and Almond Road Opas,,Rear End,4,Clear,Dry,Daylight
2021-12-26T20:22:00.000,I 20,I 20 and Almond Road Brg,,Sideswipe-Same Direction,2,Clear,Dry,Dark-Not Lighted
2021-06-29T10:40:00.000,I 20,I 20 and Almond Rd,,Head On,1,Clear,Dry,Daylight
2021-03-19T16:50:00.000,I 20,I 20 and Almond Rd,,Sideswipe-Same Direction,2,Cloudy,Dry,Daylight
2021-07-12T10:10:00.000,I 20,I 20 and Almond Rd,,Rear End,2,Clear,Dry,Daylight
2021-09-16T07:20:00.000,I 20,I 20 and Almond Rd,,Rear End,2,Rain,Wet,Daylight
2021-02-14T13:00:00.000,I 20,I 20 and Almond Rd,,Angle Crash,1,Rain,Wet,Daylight
2021-04-19T16:19:00.000,I 20,I 20 and Almond Rd,,Not a Collision with Motor Vehicle,1,Clear,Dry,Daylight
2021-03-05T16:40:00.000,I 20,I 20 and Almond Rd,,Rear End,4,Clear,Dry,Daylight
2023-03-27T18:04:00.000,I 20,I 20 and Almond Rd,,Rear End,2,Clear,Dry,Daylight
2020-06-17T16:25:00.000,I 20,I 20 and Almond Rd,,Rear End,3,Clear,Dry,Daylight
2020-07-13T16:05:00.000,I 20,I 20 and Almond Rd,,Sideswipe-Same Direction,2,Clear,Dry,Daylight
2020-02-29T18:20:00.000,I 20,I 20 and Almond Rd,,Sideswipe-Same Direction,3,Clear,Dry,Dusk
2020-06-20T19:50:00.000,I 20,I 20 and Almond Rd,,Rear End,2,Clear,Dry,Daylight
2020-12-31T05:55:00.000,I 20,I 20 and Almond Rd,,Rear End,5,Rain,Wet,Dark-Not Lighted
2020-08-03T11:57:00.000,I 20,I 20 and Almond Rd,,Not a Collision with Motor Vehicle,1,Clear,Dry,Daylight
2020-01-28T08:11:00.000,I 20,I 20 and Almond Rd,,Rear End,2,Clear,Dry,Daylight
2021-06-05T17:16:00.000,I 20,I 20 and Almond Rd,,Sideswipe-Same Direction,2,Clear,Dry,Daylight
2021-02-14T17:23:00.000,I 20,I 20 and Almond Rd,,Sideswipe-Same Direction,2,Rain,Wet,Daylight
2022-07-25T08:06:00.000,I 20,I 20 and Almond Rd,,Sideswipe-Same Direction,2,Clear,Dry,Daylight
2023-07-08T18:44:00.000,I 20,I 20 and Almond Rd,,Sideswipe-Same Direction,2,Clear,Dry,Daylight
2024-09-04T16:55:00.000,I 20,I 20 and Almond Rd,,Sideswipe-Same Direction,2,Clear,Dry,Dusk
2024-05-25T10:24:00.000,I 20,I 20 and Almond Rd,,Not a Collision with Motor Vehicle,1,Cloudy,Dry,Daylight
2023-06-12T16:06:00.000,I 20,I 20 and Almond Rd,,Not a Collision with Motor Vehicle,1,Clear,Dry,Daylight
2023-04-26T19:18:00.000,I 20,I 20 and Almond Rd,,Sideswipe-Same Direction,2,Clear,Dry,Daylight
2023-06-12T16:06:00.000,I 20,I 20 and Almond Rd,,Not a Collision with Motor Vehicle,1,Clear,Dry,Daylight
2023-05-22T00:20:00.000,I 20,I 20 and Almond Rd,,Not a Collision with Motor Vehicle,1,Clear,Dry,Dark-Not Lighted
2024-03-07T09:30:00.000,I 20,I 20 and Almond Rd,,Sideswipe-Same Direction,2,Clear,Dry,Daylight
2024-01-08T23:10:00.000,I 20,I 20 and Almond Rd,,Not a Collision with Motor Vehicle,1,Rain,Wet,Dark-Lighted
2021-03-22T18:32:00.000,I 20,I 20 and Almon Road Over Pass,,Rear End,2,Clear,Dry,Daylight
2021-05-28T14:00:00.000,I 20,I 20 and Almon Road Opas,,Not a Collision with Motor Vehicle,3,Clear,Dry,Daylight
2023-02-07T17:20:00.000,I 20,I 20 and Almon Road Opas,,Angle Crash,2,Clear,Dry,Daylight
2021-05-13T21:21:00.000,I 20,I 20 and Almon Road Opas,,Not a Collision with Motor Vehicle,1,Clear,Dry,Daylight
2021-10-07T17:38:00.000,I 20,I 20 and Almon Road Opas,,Rear End,2,Rain,Wet,Daylight
2021-08-08T14:23:00.000,I 20,I 20 and Almon Road Opas,,Not a Collision with Motor Vehicle,1,Clear,Dry,Daylight
2024-11-22T11:22:00.000,I 20,I 20 and Almon Road Mile 88,,Rear End,1,Clear,Dry,Daylight
2023-10-06T13:15:00.000,I 20,I 20 and Almon Road Exit 88,,Sideswipe-Same Direction,2,Clear,Dry,Daylight
2024-12-10T15:17:00.000,I 20,I 20 and Almon Road Exit 88,,Rear End,2,Clear,Dry,Daylight
2020-08-14T21:00:00.000,I 20,I 20 and Almon Road Exit,,Not a Collision with Motor Vehicle,1,Rain,Dry,Dark-Not Lighted
2022-08-25T10:03:00.000,I 20,I 20 and Almon Road Brg,,Angle Crash,2,Cloudy,Dry,Daylight
2022-06-15T12:12:00.000,I 20,I 20 and Almon Road Brg,,Angle Crash,2,Clear,Dry,Daylight
2021-04-16T15:20:00.000,I 20,I 20 and Almon Rd,,Rear End,2,Clear,Dry,Daylight
2021-05-04T04:20:00.000,I 20,I 20 and Almon Rd,,Rear End,2,Rain,Wet,Dark-Not Lighted
2021-01-26T05:00:00.000,I 20,I 20 and Almon Rd,,Angle Crash,3,Clear,Dry,Dark-Not Lighted
2021-10-24T05:55:00.000,I 20,I 20 and Almon Rd,,Not a Collision with Motor Vehicle,1,Clear,Dry,Dark-Not Lighted
2021-09-09T09:16:00.000,I 20,I 20 and Almon Rd,,Rear End,2,Clear,Dry,Daylight
2021-12-10T11:45:00.000,I 20,I 20 and Almon Rd,,Sideswipe-Same Direction,2,Cloudy,Wet,Daylight
2021-05-19T13:25:00.000,I 20,I 20 and Almon Rd,,Rear End,2,Cloudy,Dry,Daylight
2021-06-29T08:55:00.000,I 20,I 20 and Almon Rd,,Not a Collision with Motor Vehicle,1,Cloudy,Dry,Daylight
2021-06-14T18:11:00.000,I 20,I 20 and Almon Rd,,Rear End,3,Cloudy,Wet,Daylight
2021-06-28T18:30:00.000,I 20,I 20 and Almon Rd,,Not a Collision with Motor Vehicle,1,Clear,Dry,Daylight
2021-02-15T06:55:00.000,I 20,I 20 and Almon Rd,,Not a Collision with Motor Vehicle,1,Rain,Wet,Dawn
2021-02-08T18:50:00.000,I 20,I 20 and Almon Rd,,Rear End,2,Clear,Dry,Dark-Lighted
2021-05-06T17:50:00.000,I 20,I 20 and Almon Rd,,Not a Collision with Motor Vehicle,2,Clear,Dry,Daylight
2021-02-15T06:55:00.000,I 20,I 20 and Almon Rd,,Rear End,4,Rain,Wet,Dawn
2021-04-24T05:26:00.000,I 20,I 20 and Almon Rd,,Rear End,2,Cloudy,Dry,Dark-Not Lighted
2021-07-16T21:19:00.000,I 20,I 20 and Almon Rd,,Angle Crash,2,Clear,Dry,Dark-Not Lighted
2021-07-22T19:39:00.000,I 20,I 20 and Almon Rd,,Rear End,2,Clear,Dry,Daylight
2021-07-26T13:24:00.000,I 20,I 20 and Almon Rd,,Rear End,2,Clear,Dry,Daylight
2021-10-28T01:22:00.000,I 20,I 20 and Almon Rd,,Not a Collision with Motor Vehicle,1,Clear,Dry,Dark-Not Lighted
2021-02-18T13:31:00.000,I 20,I 20 and Almon Rd,,Rear End,3,Rain,Wet,Daylight
2021-05-01T01:07:00.000,I 20,I 20 and Almon Rd,,Rear End,2,Clear,Dry,Dark-Not Lighted