Date and Time,Roadway (From Crash Report),Intersection Name (from Crash Report),KABCO Severity,Manner of Collision (Crash Level) ,# of Vehicles per crash ,Weather Conditions (Crash Level),Surface Condition (Crash Level) ,Light Conditions (Crash Level)
2021-06-29T14:30:00.000,I 20,I 20 and Almon Rd,,Sideswipe-Same Direction,2,Clear,Dry,Daylight
2021-06-29T08:50:00.000,I 20,I 20 and Almon Rd,,Not a Collision with Motor Vehicle,1,Cloudy,Dry,Daylight
2021-05-04T07:10:00.000,I 20,I 20 and Almon Rd,,Not a Collision with Motor Vehicle,1,Cloudy,Dry,Daylight
2021-06-10T03:43:00.000,I 20,I 20 and Almon Rd,,Rear End,2,Clear,Dry,Dark-Not Lighted
2021-12-13T07:54:00.000,I 20,I 20 and Almon Rd,,Sideswipe-Same Direction,2,Clear,Dry,Dawn
2021-08-31T12:16:00.000,I 20,I 20 and Almon Rd,,Rear End,2,Rain,Wet,Daylight
2021-07-20T18:40:00.000,I 20,I 20 and Almon Rd,,Rear End,2,Rain,Wet,Daylight
2021-01-27T09:10:00.000,I 20,I 20 and Almon Rd,,Not a Collision with Motor Vehicle,1,Rain,Wet,Daylight
2020-08-07T17:24:00.000,I 20,I 20 and Almon Rd,,Angle Crash,2,Clear,Dry,Daylight
2023-06-02T17:29:00.000,I 20,I 20 and Almon Rd,,Angle Crash,2,Clear,Dry,Daylight
2023-09-30T07:40:00.000,I 20,I 20 and Almon Rd,,Angle Crash,2,Clear,Dry,Daylight
2023-12-16T13:25:00.000,I 20,I 20 and Almon Rd,,Not a Collision with Motor Vehicle,1,Cloudy,Dry,Daylight
2023-12-19T15:36:00.000,I 20,I 20 and Almon Rd,,Rear End,2,Clear,Dry,Daylight
2023-05-30T07:16:00.000,I 20,I 20 and Almon Rd,,Not a Collision with Motor Vehicle,1,Clear,Dry,Daylight
2023-10-31T21:23:00.000,I 20,I 20 and Almon Rd,,Rear End,2,Clear,Dry,Dark-Not Lighted
2023-04-08T04:55:00.000,I 20,I 20 and Almon Rd,,Rear End,2,Clear,Dry,Dark-Not Lighted
2023-10-17T04:00:00.000,I 20,I 20 and Almon Rd,,Angle Crash,2,Clear,Dry,Dark-Not Lighted
2023-08-18T22:05:00.000,I 20,I 20 and Almon Rd,,Sideswipe-Same Direction,2,Cloudy,Dry,Dark-Not Lighted
2023-12-25T19:32:00.000,I 20,I 20 and Almon Rd,,Sideswipe-Same Direction,2,Rain,Wet,Dark-Not Lighted
2023-03-26T18:25:00.000,I 20,I 20 and Almon Rd,,Not a Collision with Motor Vehicle,1,Rain,Wet,Daylight
2023-07-17T13:14:00.000,I 20,I 20 and Almon Rd,,Sideswipe-Same Direction,2,Cloudy,Dry,Daylight
2023-12-28T21:35:00.000,I 20,I 20 and Almon Rd,,Sideswipe-Same Direction,2,Clear,Dry,Dark-Lighted
2023-10-16T18:14:00.000,I 20,I 20 and Almon Rd,,Rear End,2,Clear,Dry,Daylight
2023-06-11T23:42:00.000,I 20,I 20 and Almon Rd,,Rear End,2,Clear,Dry,Dark-Not Lighted
2022-06-24T18:50:00.000,I 20,I 20 and Almon Rd,,Rear End,2,Clear,Dry,Daylight
2022-10-29T22:39:00.000,I 20,I 20 and Almon Rd,,Rear End,2,Rain,Wet,Dark-Not Lighted
2020-10-16T03:20:00.000,I 20,I 20 and Almon Rd,,Rear End,2,Clear,Dry,Dark-Not Lighted
2020-07-02T09:20:00.000,I 20,I 20 and Almon Rd,,Sideswipe-Same Direction,2,Clear,Dry,Daylight
2020-03-11T06:12:00.000,I 20,I 20 and Almon Rd,,Sideswipe-Same Direction,2,Fog,Dry,Dark-Not Lighted
2020-03-14T17:24:00.000,I 20,I 20 and Almon Rd,,Not a Collision with Motor Vehicle,1,Clear,Dry,Daylight
2020-11-30T16:26:00.000,I 20,I 20 and Almon Rd,,Rear End,2,Clear,Dry,Daylight
2020-06-29T14:10:00.000,I 20,I 20 and Almon Rd,,(None),1,(None),(None),(None)
2020-07-18T11:58:00.000,I 20,I 20 and Almon Rd,,Angle Crash,2,Clear,Dry,Daylight
2020-12-03T19:20:00.000,I 20,I 20 and Almon Rd,,Sideswipe-Same Direction,2,Clear,Dry,Dark-Not Lighted
2020-07-09T07:00:00.000,I 20,I 20 and Almon Rd,,Sideswipe-Same Direction,3,Clear,Dry,Daylight
2020-02-27T08:15:00.000,I 20,I 20 and Almon Rd,,Rear End,2,Clear,Dry,Daylight
2020-12-15T15:00:00.000,I 20,I 20 and Almon Rd,,Sideswipe-Same Direction,2,Clear,Dry,Daylight
2020-06-10T01:08:00.000,I 20,I 20 and Almon Rd,,Not a Collision with Motor Vehicle,2,Clear,Wet,Dark-Not Lighted
2020-09-15T18:04:00.000,I 20,I 20 and Almon Rd,,Sideswipe-Same Direction,2,Clear,Dry,Daylight
2020-01-19T18:23:00.000,I 20,I 20 and Almon Rd,,Rear End,2,Clear,Dry,Dusk
2020-09-23T11:45:00.000,I 20,I 20 and Almon Rd,,Angle Crash,2,Clear,Dry,Daylight
2020-06-26T20:00:00.000,I 20,I 20 and Almon Rd,,Not a Collision with Motor Vehicle,1,Clear,Dry,Daylight
2020-02-29T13:50:00.000,I 20,I 20 and Almon Rd,,Not a Collision with Motor Vehicle,1,Clear,Dry,Daylight
2020-07-12T00:27:00.000,I 20,I 20 and Almon Rd,,Sideswipe-Opposite Direction,1,Clear,Dry,Dark-Not Lighted
2020-12-02T13:47:00.000,I 20,I 20 and Almon Rd,,Sideswipe-Same Direction,2,Clear,Dry,Daylight
2020-05-10T17:28:00.000,I 20,I 20 and Almon Rd,,Rear End,2,Clear,Dry,Daylight
2020-08-03T17:07:00.000,I 20,I 20 and Almon Rd,,Head On,1,Clear,Dry,Daylight
2020-02-24T16:00:00.000,I 20,I 20 and Almon Rd,,Head On,1,Rain,Wet,Daylight
2020-02-17T06:29:00.000,I 20,I 20 and Almon Rd,,Sideswipe-Same Direction,2,Fog,Wet,Dark-Not Lighted
2020-11-11T01:45:00.000,I 20,I 20 and Almon Rd,,Not a Collision with Motor Vehicle,1,Rain,Wet,Dark-Lighted
2020-12-04T19:50:00.000,I 20,I 20 and Almon Rd,,Rear End,2,Clear,Wet,Dark-Not Lighted
2020-06-08T10:35:00.000,I 20,I 20 and Almon Rd,,Rear End,2,Clear,Dry,Daylight
2020-05-29T02:00:00.000,I 20,I 20 and Almon Rd,,Sideswipe-Same Direction,2,Cloudy,Dry,Dark-Not Lighted
2020-10-10T11:30:00.000,I 20,I 20 and Almon Rd,,Sideswipe-Same Direction,2,Clear,Dry,Daylight
2020-11-08T13:00:00.000,I 20,I 20 and Almon Rd,,Sideswipe-Same Direction,2,Clear,Dry,Daylight
2021-05-04T04:21:00.000,I 20,I 20 and Almon Rd,,Angle Crash,4,Rain,Wet,Dark-Not Lighted
2021-03-28T12:40:00.000,I 20,I 20 and Almon Rd,,Sideswipe-Same Direction,3,Clear,Wet,Daylight
2021-05-18T22:21:00.000,I 20,I 20 and Almon Rd,,Sideswipe-Same Direction,3,Clear,Dry,Dark-Not Lighted
2021-05-04T15:02:00.000,I 20,I 20 and Almon Rd,,Rear End,2,Rain,Wet,Daylight
2021-02-26T11:24:00.000,I 20,I 20 and Almon Rd,,Rear End,2,Rain,Wet,Daylight
2021-01-11T18:15:00.000,I 20,I 20 and Almon Rd,,Sideswipe-Same Direction,2,Rain,Wet,Dark-Not Lighted
2021-01-25T18:40:00.000,I 20,I 20 and Almon Rd,,Sideswipe-Same Direction,2,Clear,Dry,Dark-Lighted
2021-01-07T09:03:00.000,I 20,I 20 and Almon Rd,,Angle Crash,2,Clear,Dry,Daylight
2021-05-05T00:00:00.000,I 20,I 20 and Almon Rd,,Rear End,2,Clear,Dry,Daylight
2021-11-08T09:45:00.000,I 20,I 20 and Almon Rd,,Not a Collision with Motor Vehicle,1,Clear,Dry,Daylight
2021-07-25T22:19:00.000,I 20,I 20 and Almon Rd,,Rear End,2,Clear,Dry,Dark-Lighted
2021-12-13T07:54:00.000,I 20,I 20 and Almon Rd,,Not a Collision with Motor Vehicle,2,Clear,Dry,Dusk
2021-11-10T06:52:00.000,I 20,I 20 and Almon Rd,,Not a Collision with Motor Vehicle,1,Clear,Dry,Daylight
2021-11-22T15:23:00.000,I 20,I 20 and Almon Rd,,Sideswipe-Same Direction,2,Clear,Dry,Daylight
2021-07-03T14:41:00.000,I 20,I 20 and Almon Rd,,Rear End,2,Clear,Dry,Daylight
2021-08-12T08:42:00.000,I 20,I 20 and Almon Rd,,Rear End,2,Clear,Dry,Daylight
2021-08-26T13:12:00.000,I 20,I 20 and Almon Rd,,Not a Collision with Motor Vehicle,2,Clear,Dry,Daylight
2021-11-13T12:40:00.000,I 20,I 20 and Almon Rd,,Rear End,2,Clear,Dry,Daylight
2021-09-09T16:57:00.000,I 20,I 20 and Almon Rd,,Not a Collision with Motor Vehicle,1,Clear,Dry,Daylight
2021-07-31T16:20:00.000,I 20,I 20 and Almon Rd,,Angle Crash,2,Clear,Dry,Daylight
2021-07-14T12:25:00.000,I 20,I 20 and Almon Rd,,Sideswipe-Same Direction,2,Clear,Dry,Daylight
2021-10-23T00:02:00.000,I 20,I 20 and Almon Rd,,Angle Crash,1,Clear,Dry,Dark-Not Lighted
2021-07-03T14:48:00.000,I 20,I 20 and Almon Rd,,Not a Collision with Motor Vehicle,1,Clear,Dry,Daylight
2021-10-17T08:46:00.000,I 20,I 20 and Almon Rd,,Sideswipe-Same Direction,2,Clear,Dry,Daylight
2022-06-28T16:50:00.000,I 20,I 20 and Almon Rd,,Rear End,2,Cloudy,Wet,Daylight
2022-04-06T05:30:00.000,I 20,I 20 and Almon Rd,,Angle Crash,1,Rain,Wet,Dark-Not Lighted
2022-09-05T22:35:00.000,I 20,I 20 and Almon Rd,,Not a Collision with Motor Vehicle,1,Cloudy,Dry,Dark-Lighted
2022-08-22T17:00:00.000,I 20,I 20 and Almon Rd,,Rear End,2,Cloudy,Wet,Daylight
2022-10-24T14:32:00.000,I 20,I 20 and Almon Rd,,Rear End,2,Clear,Dry,Daylight
2022-03-16T07:23:00.000,I 20,I 20 and Almon Rd,,Sideswipe-Same Direction,2,Rain,Wet,Daylight
2022-05-30T13:30:00.000,I 20,I 20 and Almon Rd,,Rear End,2,Clear,Dry,Daylight
2022-02-26T09:40:00.000,I 20,I 20 and Almon Rd,,Not a Collision with Motor Vehicle,2,Clear,Dry,Daylight
2022-08-06T11:20:00.000,I 20,I 20 and Almon Rd,,Sideswipe-Same Direction,2,Clear,Dry,Daylight
2022-01-14T06:18:00.000,I 20,I 20 and Almon Rd,,Rear End,2,Clear,Dry,Dark-Lighted
2021-08-31T12:08:00.000,I 20,I 20 and Almon Rd,,Not a Collision with Motor Vehicle,1,Rain,Wet,Daylight
2021-08-27T20:45:00.000,I 20,I 20 and Almon Rd,,Sideswipe-Same Direction,2,Clear,Dry,Dark-Not Lighted
2021-11-02T16:40:00.000,I 20,I 20 and Almon Rd,,Not a Collision with Motor Vehicle,1,Clear,Dry,Daylight
2022-09-06T15:46:00.000,I 20,I 20 and Almon Rd,,Rear End,2,Clear,Dry,Daylight
2022-07-07T18:49:00.000,I 20,I 20 and Almon Rd,,Not a Collision with Motor Vehicle,1,Rain,Wet,Daylight
2022-07-16T10:44:00.000,I 20,I 20 and Almon Rd,,Sideswipe-Same Direction,2,Clear,Dry,Daylight
2022-05-26T06:49:00.000,I 20,I 20 and Almon Rd,,Sideswipe-Same Direction,2,Rain,Wet,Daylight
2022-09-15T08:35:00.000,I 20,I 20 and Almon Rd,,Not a Collision with Motor Vehicle,1,Clear,Dry,Daylight
2022-09-21T13:34:00.000,I 20,I 20 and Almon Rd,,Sideswipe-Same Direction,2,Clear,Dry,Dusk
2022-03-25T21:01:00.000,I 20,I 20 and Almon Rd,,Rear End,2,Clear,Dry,Dark-Not Lighted
2022-08-15T19:15:00.000,I 20,I 20 and Almon Rd,,Not a Collision with Motor Vehicle,1,Cloudy,Wet,Daylight
2022-04-02T22:40:00.000,I 20,I 20 and Almon Rd,,Not a Collision with Motor Vehicle,1,Clear,Dry,Dark-Not Lighted
2022-05-19T05:20:00.000,I 20,I 20 and Almon Rd,,Angle Crash,2,Clear,Dry,Dark-Not Lighted
2022-03-06T23:55:00.000,I 20,I 20 and Almon Rd,,Not a Collision with Motor Vehicle,1,Clear,Dry,Dark-Lighted
2022-03-29T14:31:00.000,I 20,I 20 and Almon Rd,,Not a Collision with Motor Vehicle,1,Clear,Dry,Daylight
2022-05-21T15:41:00.000,I 20,I 20 and Almon Rd,,Angle Crash,2,Clear,Dry,Daylight
2022-07-15T19:10:00.000,I 20,I 20 and Almon Rd,,(None),1,(None),(None),(None)
2022-09-23T13:50:00.000,I 20,I 20 and Almon Rd,,Angle Crash,2,Clear,Dry,Daylight
2022-12-30T12:54:00.000,I 20,I 20 and Almon Rd,,Not a Collision with Motor Vehicle,1,Cloudy,Dry,Daylight
2022-05-01T20:49:00.000,I 20,I 20 and Almon Rd,,Not a Collision with Motor Vehicle,1,Clear,Dry,Dark-Not Lighted
2022-09-21T06:57:00.000,I 20,I 20 and Almon Rd,,Rear End,3,Clear,Dry,Daylight
2022-06-06T13:59:00.000,I 20,I 20 and Almon Rd,,Angle Crash,2,Clear,Dry,Daylight
2022-07-06T17:06:00.000,I 20,I 20 and Almon Rd,,Sideswipe-Same Direction,2,Clear,Dry,Daylight
2022-11-09T05:35:00.000,I 20,I 20 and Almon Rd,,Sideswipe-Same Direction,2,Clear,Dry,Dark-Not Lighted
2022-02-27T19:32:00.000,I 20,I 20 and Almon Rd,,Angle Crash,2,Clear,Dry,Dark-Not Lighted
2022-09-07T13:19:00.000,I 20,I 20 and Almon Rd,,Sideswipe-Same Direction,2,Clear,Dry,Daylight
2022-12-16T20:33:00.000,I 20,I 20 and Almon Rd,,Sideswipe-Same Direction,2,Clear,Dry,Dark-Not Lighted
2022-10-29T22:39:00.000,I 20,I 20 and Almon Rd,,Not a Collision with Motor Vehicle,1,Rain,Wet,Dark-Not Lighted
2022-06-28T21:48:00.000,I 20,I 20 and Almon Rd,,Not a Collision with Motor Vehicle,1,Rain,Wet,Dark-Lighted
2022-08-24T20:35:00.000,I 20,I 20 and Almon Rd,,Rear End,2,Clear,Dry,Dark-Not Lighted
2022-06-21T17:42:00.000,I 20,I 20 and Almon Rd,,Sideswipe-Same Direction,2,Clear,Dry,Daylight
2022-04-24T00:22:00.000,I 20,I 20 and Almon Rd,,Not a Collision with Motor Vehicle,1,Clear,Dry,Dark-Not Lighted
2022-01-01T09:05:00.000,I 20,I 20 and Almon Rd,,Not a Collision with Motor Vehicle,1,Cloudy,Wet,Daylight
2022-05-04T09:06:00.000,I 20,I 20 and Almon Rd,,Not a Collision with Motor Vehicle,1,Clear,Dry,Daylight
2022-10-14T14:42:00.000,I 20,I 20 and Almon Rd,,Angle Crash,2,Clear,Dry,Daylight
2022-06-14T18:30:00.000,I 20,I 20 and Almon Rd,,Sideswipe-Same Direction,3,Cloudy,Dry,Daylight
2022-10-29T22:38:00.000,I 20,I 20 and Almon Rd,,Sideswipe-Same Direction,2,Rain,Wet,Dark-Not Lighted
2022-09-21T06:59:00.000,I 20,I 20 and Almon Rd,,Not a Collision with Motor Vehicle,1,Clear,Dry,Daylight
2022-04-07T22:43:00.000,I 20,I 20 and Almon Rd,,Rear End,2,Clear,Dry,Dark-Not Lighted
2022-01-04T17:14:00.000,I 20,I 20 and Almon Rd,,Rear End,2,Clear,Dry,Dusk
2024-10-14T14:20:00.000,I 20,I 20 and Almon Rd,,Sideswipe-Same Direction,2,Clear,Dry,Daylight
2024-07-22T14:00:00.000,I 20,I 20 and Almon Rd,,Sideswipe-Same Direction,2,Clear,Dry,Daylight
2024-06-08T13:43:00.000,I 20,I 20 and Almon Rd,,Sideswipe-Same Direction,2,Clear,Dry,Daylight
2024-09-17T18:36:00.000,I 20,I 20 and Almon Rd,,Rear End,2,Clear,Dry,Daylight
2024-03-07T07:34:00.000,I 20,I 20 and Almon Rd,,Rear End,2,Clear,Dry,Daylight
2024-12-05T23:41:00.000,I 20,I 20 and Almon Rd,,Not a Collision with Motor Vehicle,1,Clear,Dry,Dark-Not Lighted
2023-12-18T06:00:00.000,I 20,I 20 and Almon Rd,,Sideswipe-Same Direction,4,Clear,Dry,Dark-Not Lighted
2023-05-05T04:37:00.000,I 20,I 20 and Almon Rd,,Rear End,2,Clear,Dry,Dark-Not Lighted
2023-03-13T11:14:00.000,I 20,I 20 and Almon Rd,,Rear End,2,Clear,Dry,Daylight
2023-02-23T18:10:00.000,I 20,I 20 and Almon Rd,,Angle Crash,2,Rain,Wet,Daylight
2023-12-19T05:00:00.000,I 20,I 20 and Almon Rd,,Rear End,2,Clear,Dry,Dark-Not Lighted
2023-10-30T05:45:00.000,I 20,I 20 and Almon Rd,,Rear End,2,Clear,Dry,Dark-Not Lighted
2023-04-20T13:44:00.000,I 20,I 20 and Almon Rd,,Sideswipe-Same Direction,2,Clear,Dry,Daylight
2023-02-11T17:29:00.000,I 20,I 20 and Almon Rd,,Angle Crash,2,Rain,Wet,Daylight
2023-07-01T15:05:00.000,I 20,I 20 and Almon Rd,,Sideswipe-Same Direction,2,Clear,Dry,Daylight
2023-12-19T05:20:00.000,I 20,I 20 and Almon Rd,,Rear End,2,Clear,Dry,Dark-Not Lighted
2023-12-11T20:20:00.000,I 20,I 20 and Almon Rd,,Sideswipe-Same Direction,2,Clear,Dry,Dark-Not Lighted
2023-11-29T10:32:00.000,I 20,I 20 and Almon Rd,,Sideswipe-Same Direction,2,Clear,Dry,Daylight
2023-04-27T15:20:00.000,I 20,I 20 and Almon Rd,,Rear End,2,Rain,Wet,Daylight
2023-06-09T13:35:00.000,I 20,I 20 and Almon Rd,,Rear End,2,Clear,Dry,Daylight
2023-03-12T09:02:00.000,I 20,I 20 and Almon Rd,,Not a Collision with Motor Vehicle,1,Rain,Water (standing or moving),Daylight
2023-10-16T08:02:00.000,I 20,I 20 and Almon Rd,,Rear End,2,Clear,Dry,Daylight
2023-07-21T11:00:00.000,I 20,I 20 and Almon Rd,,Sideswipe-Same Direction,3,Clear,Dry,Daylight
2023-05-28T13:33:00.000,I 20,I 20 and Almon Rd,,Sideswipe-Same Direction,2,Clear,Dry,Daylight
2024-12-27T00:20:00.000,I 20,I 20 and Almon Rd,,Rear End,4,Clear,Dry,Dark-Lighted
2024-09-13T22:10:00.000,I 20,I 20 and Almon Rd,,Rear End,2,Rain,Wet,Dark-Not Lighted
2024-06-28T14:56:00.000,I 20,I 20 and Almon Rd,,Rear End,2,Clear,Dry,Daylight
2024-04-09T06:36:00.000,I 20,I 20 and Almon Rd,,Rear End,2,Rain,Wet,Dark-Not Lighted
2024-11-08T18:18:00.000,I 20,I 20 and Almon Rd,,Rear End,2,Clear,Dry,Dark-Not Lighted
2024-05-23T05:43:00.000,I 20,I 20 and Almon Rd,,Not a Collision with Motor Vehicle,1,Clear,Dry,Dark-Lighted
2024-07-10T20:45:00.000,I 20,I 20 and Almon Rd,,Not a Collision with Motor Vehicle,1,Clear,Dry,Dark-Not Lighted
2024-09-20T00:10:00.000,I 20,I 20 and Almon Rd,,Not a Collision with Motor Vehicle,2,Clear,Dry,Dark-Not Lighted
2024-03-16T07:48:00.000,I 20,I 20 and Almon Rd,,Not a Collision with Motor Vehicle,1,Cloudy,Wet,Daylight
2024-06-02T14:22:00.000,I 20,I 20 and Almon Rd,,Not a Collision with Motor Vehicle,1,Rain,Wet,Daylight
2024-09-26T17:10:00.000,I 20,I 20 and Almon Rd,,Angle Crash,3,Rain,Dry,Daylight
2024-03-07T08:38:00.000,I 20,I 20 and Almon Rd,,Rear End,2,Clear,Dry,Daylight
2024-04-04T07:00:00.000,I 20,I 20 and Almon Rd,,Sideswipe-Same Direction,5,Clear,Dry,Daylight
2024-08-04T07:35:00.000,I 20,I 20 and Almon Rd,,Not a Collision with Motor Vehicle,1,Clear,Dry,Daylight
2024-07-13T16:21:00.000,I 20,I 20 and Almon Rd,,Rear End,2,Clear,Dry,Daylight
2024-12-05T18:33:00.000,I 20,I 20 and Almon Rd,,Rear End,3,Cloudy,Dry,Daylight
2024-12-10T14:48:00.000,I 20,I 20 and Almon Rd,,Angle Crash,4,Rain,Dry,Daylight
2024-10-31T16:39:00.000,I 20,I 20 and Almon Rd,,Sideswipe-Same Direction,2,Clear,Dry,Daylight
2024-02-12T07:10:00.000,I 20,I 20 and Almon Rd,,Not a Collision with Motor Vehicle,1,Rain,Wet,Daylight
2024-08-28T22:03:00.000,I 20,I 20 and Almon Rd,,Sideswipe-Same Direction,2,Clear,Dry,Dark-Lighted
2024-11-04T21:12:00.000,I 20,I 20 and Almon Rd,,Not a Collision with Motor Vehicle,1,Clear,Dry,Dark-Not Lighted
2024-12-15T13:32:00.000,I 20,I 20 and Almon Rd,,Not a Collision with Motor Vehicle,1,Rain,Wet,Daylight
2024-08-28T17:38:00.000,I 20,I 20 and Almon Rd,,Angle Crash,2,Clear,Dry,Daylight
2024-01-09T07:43:00.000,I 20,I 20 and Almon Rd,,Not a Collision with Motor Vehicle,1,Severe Thunderstorm or Tornadic,Water (standing or moving),Dark-Not Lighted
2024-10-12T05:36:00.000,I 20,I 20 and Almon Rd,,Rear End,2,Clear,Dry,Dark-Not Lighted
2024-08-31T05:13:00.000,I 20,I 20 and Almon Rd,,Rear End,2,Clear,Dry,Dark-Not Lighted
2024-02-24T12:35:00.000,I 20,I 20 and Almon Rd,,Sideswipe-Same Direction,2,Clear,Dry,Daylight
2024-10-17T07:56:00.000,I 20,I 20 and Almon Rd,,Sideswipe-Same Direction,2,Clear,Dry,Daylight
2024-02-01T09:06:00.000,I 20,I 20 and Almon Rd,,Not a Collision with Motor Vehicle,1,Clear,Dry,Daylight
2024-10-27T23:40:00.000,I 20,I 20 and Almon Rd,,Rear End,2,Clear,Dry,Dark-Not Lighted
2024-03-09T03:29:00.000,I 20,I 20 and Almon Rd,,Sideswipe-Same Direction,2,Rain,Wet,Dark-Not Lighted
2024-03-12T17:38:00.000,I 20,I 20 and Almon Rd,,Rear End,2,Clear,Dry,Daylight
2024-02-24T10:20:00.000,I 20,I 20 and Almon Rd,,Rear End,2,Clear,Dry,Daylight
2023-03-27T02:31:00.000,I 20,I 20 and Almon,,(None),3,(None),(None),(None)
2023-03-26T18:50:00.000,I 20,I 20 and Almon,,Rear End,2,Clear,Wet,Daylight
2024-07-24T20:00:00.000,I 20,I 20 and Almon,,Sideswipe-Same Direction,2,Rain,Wet,Daylight
2024-10-25T13:50:00.000,I 20,I 20 and Almon,,Sideswipe-Same Direction,2,Clear,Dry,Daylight
2024-07-19T16:22:00.000,I 20,I 20 and Almon,,Angle Crash,3,Clear,Dry,Daylight
2021-05-27T23:19:00.000,I 20,I 20 and Almom Road Opas,,Rear End,2,Clear,Dry,Dark-Not Lighted
2022-01-02T15:22:00.000,I 20,I 20 and Alcovy Road Opas,,Not a Collision with Motor Vehicle,1,Rain,Wet,Daylight
2023-11-11T05:15:00.000,I 20,I 20 and Alcovy Rd.,,Not a Collision with Motor Vehicle,1,Rain,Wet,Dark-Lighted
2022-06-02T21:40:00.000,I 20,I 20 and Alcovy Rd Hwy 142,,Not a Collision with Motor Vehicle,1,Clear,Dry,Dark-Not Lighted
2021-02-13T08:56:00.000,I 20,I 20 and Alcovy Rd,,Not a Collision with Motor Vehicle,1,Rain,Wet,Daylight
2021-12-30T09:53:00.000,I 20,I 20 and Alcovy Rd,,Not a Collision with Motor Vehicle,1,Severe Thunderstorm or Tornadic,Water (standing or moving),Daylight
2021-04-10T16:32:00.000,I 20,I 20 and Alcovy Rd,,Not a Collision with Motor Vehicle,1,Cloudy,Wet,Daylight
2021-02-04T12:33:00.000,I 20,I 20 and Alcovy Rd,,Sideswipe-Same Direction,1,Clear,Dry,Daylight
2021-11-01T08:20:00.000,I 20,I 20 and Alcovy Rd,,Rear End,2,Clear,Dry,Daylight
2021-12-30T09:41:00.000,I 20,I 20 and Alcovy Rd,,Angle Crash,1,Rain,Wet,Daylight
2021-06-19T21:39:00.000,I 20,I 20 and Alcovy Rd,,Not a Collision with Motor Vehicle,1,Rain,Wet,Dark-Not Lighted
2020-11-22T22:30:00.000,I 20,I 20 and Alcovy Rd,,Not a Collision with Motor Vehicle,1,Clear,Dry,Dark-Lighted
2023-02-11T15:08:00.000,I 20,I 20 and Alcovy Rd,,Not a Collision with Motor Vehicle,1,Rain,Wet,Daylight
2023-08-29T20:04:00.000,I 20,I 20 and Alcovy Rd,,Not a Collision with Motor Vehicle,1,Rain,Wet,Dark-Not Lighted
2023-02-27T21:20:00.000,I 20,I 20 and Alcovy Rd,,Sideswipe-Same Direction,2,Clear,Dry,Dark-Lighted
2023-10-11T20:39:00.000,I 20,I 20 and Alcovy Rd,,Not a Collision with Motor Vehicle,1,Rain,Wet,Dark-Not Lighted
2023-08-06T15:15:00.000,I 20,I 20 and Alcovy Rd,,Not a Collision with Motor Vehicle,1,Rain,Wet,Daylight
2023-07-09T02:04:00.000,I 20,I 20 and Alcovy Rd,,Rear End,2,Clear,Wet,Dark-Lighted
2023-06-22T12:41:00.000,I 20,I 20 and Alcovy Rd,,Rear End,2,Clear,Dry,Daylight
2023-02-27T09:40:00.000,I 20,I 20 and Alcovy Rd,,Rear End,2,Clear,Dry,Daylight
2020-02-24T10:45:00.000,I 20,I 20 and Alcovy Rd,,Not a Collision with Motor Vehicle,1,Rain,Wet,Daylight
2020-03-05T14:07:00.000,I 20,I 20 and Alcovy Rd,,Not a Collision with Motor Vehicle,1,Rain,Wet,Daylight
2020-05-25T18:41:00.000,I 20,I 20 and Alcovy Rd,,Not a Collision with Motor Vehicle,1,Rain,Wet,Daylight
2020-12-24T11:00:00.000,I 20,I 20 and Alcovy Rd,,Not a Collision with Motor Vehicle,1,Rain,Wet,Daylight
2020-09-24T13:29:00.000,I 20,I 20 and Alcovy Rd,,Angle Crash,3,Rain,Water (standing or moving),Daylight
2020-03-02T15:07:00.000,I 20,I 20 and Alcovy Rd,,Not a Collision with Motor Vehicle,1,Rain,Water (standing or moving),Daylight
2020-09-17T13:45:00.000,I 20,I 20 and Alcovy Rd,,(None),2,(None),(None),(None)
2020-07-31T12:00:00.000,I 20,I 20 and Alcovy Rd,,Angle Crash,2,Clear,Dry,Daylight
2020-01-02T15:03:00.000,I 20,I 20 and Alcovy Rd,,Sideswipe-Same Direction,2,Rain,Wet,Daylight
2020-03-02T15:07:00.000,I 20,I 20 and Alcovy Rd,,Not a Collision with Motor Vehicle,1,Rain,Water (standing or moving),Daylight
2020-10-05T08:01:00.000,I 20,I 20 and Alcovy Rd,,Rear End,3,Clear,Dry,Daylight
2021-03-26T05:43:00.000,I 20,I 20 and Alcovy Rd,,Sideswipe-Opposite Direction,1,Rain,Wet,Dark-Not Lighted
2021-03-07T01:04:00.000,I 20,I 20 and Alcovy Rd,,Head On,1,Clear,Dry,Dark-Not Lighted
2021-10-05T10:17:00.000,I 20,I 20 and Alcovy Rd,,Angle Crash,2,Rain,Wet,Daylight
2021-10-03T09:50:00.000,I 20,I 20 and Alcovy Rd,,Not a Collision with Motor Vehicle,1,Cloudy,Dry,Daylight
2022-02-11T17:53:00.000,I 20,I 20 and Alcovy Rd,,Not a Collision with Motor Vehicle,1,Clear,Dry,Daylight
2022-11-11T06:55:00.000,I 20,I 20 and Alcovy Rd,,Not a Collision with Motor Vehicle,1,Rain,Wet,Dawn
2022-10-03T06:28:00.000,I 20,I 20 and Alcovy Rd,,Angle Crash,2,Clear,Dry,Dark-Not Lighted
2022-09-04T17:02:00.000,I 20,I 20 and Alcovy Rd,,Not a Collision with Motor Vehicle,1,Rain,Wet,Daylight