Date and Time,Roadway (From Crash Report),Intersection Name (from Crash Report),KABCO Severity,Manner of Collision (Crash Level) ,# of Vehicles per crash ,Weather Conditions (Crash Level),Surface Condition (Crash Level) ,Light Conditions (Crash Level)
2021-12-09T08:26:00.000,I 20,I 20 and  Blvd,,Rear End,2,Clear,Dry,Daylight
2021-09-28T17:01:00.000,I 20,I 20 and  Blvd,,Sideswipe-Same Direction,2,Clear,Dry,Daylight
2021-07-01T18:00:00.000,I 20,I 20 and  Blvd,,Rear End,2,Clear,Dry,Daylight
2021-07-28T17:42:00.000,I 20,I 20 and  Blvd,,Rear End,2,Clear,Dry,Daylight
2021-11-18T18:14:00.000,I 20,I 20 and  Blvd,,Rear End,2,Clear,Dry,Dark-Lighted
2021-07-22T18:27:00.000,I 20,I 20 and  Blvd,,Rear End,3,Clear,Dry,Daylight
2021-11-23T13:03:00.000,I 20,I 20 and  Blvd,,Sideswipe-Same Direction,2,Clear,Dry,Daylight
2021-07-13T14:47:00.000,I 20,I 20 and  Blvd,,Rear End,2,Cloudy,Wet,Daylight
2021-03-08T15:00:00.000,I 20,I 20 and  Blvd,,Sideswipe-Opposite Direction,2,Clear,Dry,Daylight
2021-03-10T11:46:00.000,I 20,I 20 and  Blvd,,Not a Collision with Motor Vehicle,2,Clear,Dry,Daylight
2021-01-15T19:10:00.000,I 20,I 20 and  Blvd,,Sideswipe-Same Direction,2,Clear,Dry,Dark-Lighted
2021-02-28T17:20:00.000,I 20,I 20 and  Blvd,,Rear End,3,Clear,Dry,Daylight
2021-02-23T06:41:00.000,I 20,I 20 and  Blvd,,Rear End,2,Clear,Dry,Daylight
2021-03-21T15:08:00.000,I 20,I 20 and  Blvd,,Rear End,3,Clear,Dry,Daylight
2021-03-17T07:37:00.000,I 20,I 20 and  Blvd,,Angle Crash,2,Clear,Dry,Daylight
2021-06-17T08:00:00.000,I 20,I 20 and  Blvd,,Rear End,2,Clear,Dry,Daylight
2021-03-17T15:46:00.000,I 20,I 20 and  Blvd,,Rear End,3,Cloudy,Dry,Daylight
2021-06-18T18:00:00.000,I 20,I 20 and  Blvd,,Rear End,2,Clear,Dry,Daylight
2021-03-17T13:59:00.000,I 20,I 20 and  Blvd,,Angle Crash,2,Cloudy,Wet,Daylight
2021-01-23T04:56:00.000,I 20,I 20 and  Blvd,,Rear End,2,Clear,Dry,Dark-Lighted
2021-08-17T09:16:00.000,I 20,I 20 and  Blvd,,Rear End,2,Rain,Wet,Daylight
2021-12-02T08:06:00.000,I 20,I 20 and  Blvd,,Rear End,2,Clear,Dry,Daylight
2021-08-06T16:04:00.000,I 20,I 20 and  Blvd,,Rear End,2,Clear,Dry,Daylight
2021-11-01T08:59:00.000,I 20,I 20 and  Blvd,,Rear End,2,Clear,Dry,Daylight
2021-06-15T15:43:00.000,I 20,I 20 and  Blvd,,Sideswipe-Same Direction,2,Clear,Dry,Daylight
2021-09-03T16:23:00.000,I 20,I 20 and  Blvd,,Rear End,2,Clear,Dry,Daylight
2021-08-17T08:22:00.000,I 20,I 20 and  Blvd,,Rear End,2,Rain,Wet,Daylight
2021-02-13T15:58:00.000,I 20,I 20 and  Blvd,,Angle Crash,2,Clear,Dry,Daylight
2021-03-14T19:26:00.000,I 20,I 20 and  Blvd,,Rear End,2,Clear,Dry,Daylight
2021-01-24T02:53:00.000,I 20,I 20 and  Blvd,,Sideswipe-Same Direction,2,Clear,Dry,Dark-Lighted
2021-03-04T08:45:00.000,I 20,I 20 and  Blvd,,Rear End,4,Clear,Dry,Daylight
2021-12-17T11:35:00.000,I 20,I 20 and  Blvd,,Sideswipe-Same Direction,2,Cloudy,Dry,Daylight
2021-11-01T09:00:00.000,I 20,I 20 and  Blvd,,Rear End,2,Clear,Dry,Daylight
2021-07-01T09:05:00.000,I 20,I 20 and  Blvd,,Rear End,2,Clear,Dry,Daylight
2021-04-06T15:05:00.000,I 20,I 20 and  Blvd,,Rear End,3,Clear,Dry,Daylight
2021-03-17T13:06:00.000,I 20,I 20 and  Blvd,,Sideswipe-Same Direction,2,Cloudy,Wet,Daylight
2021-05-18T09:57:00.000,I 20,I 20 and  Blvd,,Not a Collision with Motor Vehicle,1,Cloudy,Dry,Daylight
2021-06-18T12:35:00.000,I 20,I 20 and  Blvd,,Rear End,2,Clear,Dry,Daylight
2021-02-13T14:27:00.000,I 20,I 20 and  Blvd,,Rear End,2,Rain,Wet,Daylight
2020-02-07T17:13:00.000,I 20,I 20 and  Blvd,,Rear End,2,Clear,Dry,Daylight
2020-05-11T17:15:00.000,I 20,I 20 and  Blvd,,Rear End,3,Clear,Dry,Daylight
2020-08-02T19:39:00.000,I 20,I 20 and  Blvd,,Rear End,2,Cloudy,Dry,Dusk
2023-01-19T07:38:00.000,I 20,I 20 and  Blvd,,Rear End,3,Cloudy,Wet,Daylight
2023-05-19T16:53:00.000,I 20,I 20 and  Blvd,,Sideswipe-Same Direction,4,Clear,Dry,Daylight
2023-01-27T19:45:00.000,I 20,I 20 and  Blvd,,Rear End,2,Clear,Dry,Dark-Lighted
2023-08-08T09:22:00.000,I 20,I 20 and  Blvd,,Rear End,2,Clear,Dry,Daylight
2023-08-28T08:35:00.000,I 20,I 20 and  Blvd,,Rear End,3,Clear,Dry,Daylight
2023-03-21T18:00:00.000,I 20,I 20 and  Blvd,,Rear End,2,Clear,Dry,Daylight
2023-01-27T20:00:00.000,I 20,I 20 and  Blvd,,Rear End,2,Clear,Dry,Dark-Lighted
2023-12-25T18:48:00.000,I 20,I 20 and  Blvd,,Rear End,2,Rain,Wet,Dark-Lighted
2023-04-27T16:15:00.000,I 20,I 20 and  Blvd,,Rear End,2,Cloudy,Wet,Daylight
2023-12-12T09:55:00.000,I 20,I 20 and  Blvd,,Rear End,2,Clear,Dry,Daylight
2023-08-22T08:15:00.000,I 20,I 20 and  Blvd,,Rear End,2,Clear,Dry,Daylight
2023-12-11T08:45:00.000,I 20,I 20 and  Blvd,,Rear End,3,Clear,Dry,Daylight
2023-04-25T17:15:00.000,I 20,I 20 and  Blvd,,Sideswipe-Same Direction,2,Cloudy,Dry,Daylight
2023-11-03T16:20:00.000,I 20,I 20 and  Blvd,,Rear End,2,Clear,Dry,Daylight
2023-07-13T14:28:00.000,I 20,I 20 and  Blvd,,Rear End,2,Clear,Dry,Daylight
2023-08-31T16:15:00.000,I 20,I 20 and  Blvd,,Rear End,2,Clear,Dry,Daylight
2023-05-26T15:17:00.000,I 20,I 20 and  Blvd,,Not a Collision with Motor Vehicle,2,Clear,Dry,Daylight
2023-12-14T19:47:00.000,I 20,I 20 and  Blvd,,Rear End,3,Clear,Dry,Daylight
2023-03-21T17:00:00.000,I 20,I 20 and  Blvd,,Rear End,2,Clear,Dry,Daylight
2023-11-02T08:11:00.000,I 20,I 20 and  Blvd,,Rear End,2,Clear,Wet,Daylight
2023-01-31T07:51:00.000,I 20,I 20 and  Blvd,,Rear End,2,Cloudy,Dry,Daylight
2023-04-30T18:01:00.000,I 20,I 20 and  Blvd,,Head On,3,Clear,Dry,Daylight
2023-12-06T15:12:00.000,I 20,I 20 and  Blvd,,Sideswipe-Same Direction,2,Clear,Dry,Daylight
2023-03-28T08:02:00.000,I 20,I 20 and  Blvd,,Sideswipe-Same Direction,2,Clear,Dry,Daylight
2023-10-06T15:54:00.000,I 20,I 20 and  Blvd,,Sideswipe-Same Direction,2,Clear,Dry,Daylight
2023-01-02T15:30:00.000,I 20,I 20 and  Blvd,,Not a Collision with Motor Vehicle,1,Cloudy,Wet,Daylight
2023-11-30T18:15:00.000,I 20,I 20 and  Blvd,,Sideswipe-Same Direction,2,Clear,Dry,Dark-Lighted
2023-02-02T15:33:00.000,I 20,I 20 and  Blvd,,Rear End,3,Rain,Wet,Daylight
2023-08-29T08:50:00.000,I 20,I 20 and  Blvd,,Rear End,2,Cloudy,Dry,Daylight
2023-05-05T00:55:00.000,I 20,I 20 and  Blvd,,Rear End,2,Clear,Dry,Daylight
2023-06-26T12:47:00.000,I 20,I 20 and  Blvd,,Rear End,2,Clear,Dry,Daylight
2023-01-31T16:43:00.000,I 20,I 20 and  Blvd,,Sideswipe-Same Direction,2,Cloudy,Dry,Daylight
2023-04-30T18:03:00.000,I 20,I 20 and  Blvd,,Head On,3,Clear,Dry,Daylight
2023-05-11T14:53:00.000,I 20,I 20 and  Blvd,,Sideswipe-Same Direction,2,Clear,Dry,Daylight
2023-09-05T08:06:00.000,I 20,I 20 and  Blvd,,Rear End,3,Clear,Dry,Daylight
2023-09-19T09:17:00.000,I 20,I 20 and  Blvd,,Rear End,2,Clear,Dry,Daylight
2023-10-24T09:45:00.000,I 20,I 20 and  Blvd,,Rear End,3,Clear,Dry,Daylight
2023-02-06T17:21:00.000,I 20,I 20 and  Blvd,,Rear End,3,Clear,Dry,Daylight
2023-09-14T18:34:00.000,I 20,I 20 and  Blvd,,Rear End,2,Clear,Wet,Daylight
2022-01-25T13:35:00.000,I 20,I 20 and  Blvd,,Sideswipe-Same Direction,3,Clear,Dry,Daylight
2022-08-10T12:00:00.000,I 20,I 20 and  Blvd,,Angle Crash,3,Clear,Dry,Daylight
2022-07-01T16:20:00.000,I 20,I 20 and  Blvd,,Sideswipe-Same Direction,2,Clear,Wet,Daylight
2022-08-19T12:54:00.000,I 20,I 20 and  Blvd,,Not a Collision with Motor Vehicle,1,Rain,Wet,Daylight
2022-05-03T08:12:00.000,I 20,I 20 and  Blvd,,Rear End,2,Clear,Dry,Daylight
2022-08-25T17:16:00.000,I 20,I 20 and  Blvd,,Rear End,2,Cloudy,Dry,Daylight
2022-12-20T00:50:00.000,I 20,I 20 and  Blvd,,Angle Crash,2,Clear,Wet,Daylight
2022-12-13T09:44:00.000,I 20,I 20 and  Blvd,,Rear End,2,Cloudy,Dry,Daylight
2021-08-26T14:58:00.000,I 20,I 20 and  Blvd,,Sideswipe-Same Direction,2,Clear,Dry,Daylight
2022-10-03T17:03:00.000,I 20,I 20 and  Blvd,,Rear End,2,Clear,Dry,Daylight
2022-08-19T20:15:00.000,I 20,I 20 and  Blvd,,Sideswipe-Opposite Direction,2,Clear,Dry,Daylight
2020-01-29T07:20:00.000,I 20,I 20 and  Blvd,,Rear End,2,Cloudy,Dry,Daylight
2020-09-30T13:06:00.000,I 20,I 20 and  Blvd,,Rear End,2,Clear,Dry,Daylight
2020-10-31T00:17:00.000,I 20,I 20 and  Blvd,,Rear End,5,Clear,Dry,Dark-Lighted
2020-02-06T06:00:00.000,I 20,I 20 and  Blvd,,Not a Collision with Motor Vehicle,2,Rain,Wet,Daylight
2020-05-21T16:10:00.000,I 20,I 20 and  Blvd,,Sideswipe-Same Direction,3,Clear,Dry,Daylight
2020-09-16T09:44:00.000,I 20,I 20 and  Blvd,,Head On,2,Cloudy,Dry,Daylight
2020-04-23T08:14:00.000,I 20,I 20 and  Blvd,,Not a Collision with Motor Vehicle,1,Rain,Wet,Daylight
2020-02-22T18:21:00.000,I 20,I 20 and  Blvd,,Sideswipe-Same Direction,2,Clear,Dry,Dark-Lighted
2020-09-19T11:56:00.000,I 20,I 20 and  Blvd,,Rear End,3,Cloudy,Dry,Daylight
2020-01-17T16:19:00.000,I 20,I 20 and  Blvd,,Rear End,2,Clear,Dry,Daylight
2020-08-17T14:01:00.000,I 20,I 20 and  Blvd,,Sideswipe-Same Direction,2,Cloudy,Dry,Daylight
2020-09-03T12:55:00.000,I 20,I 20 and  Blvd,,Not a Collision with Motor Vehicle,1,Clear,Dry,Daylight
2020-12-26T17:47:00.000,I 20,I 20 and  Blvd,,Rear End,2,Clear,Dry,Dark-Lighted
2020-06-24T16:24:00.000,I 20,I 20 and  Blvd,,Not a Collision with Motor Vehicle,1,Rain,Wet,Daylight
2020-03-14T07:50:00.000,I 20,I 20 and  Blvd,,Sideswipe-Same Direction,2,Clear,Dry,Daylight
2020-01-10T19:00:00.000,I 20,I 20 and  Blvd,,Rear End,2,Clear,Dry,Dark-Not Lighted
2020-03-09T08:20:00.000,I 20,I 20 and  Blvd,,Rear End,2,Clear,Dry,Daylight
2020-03-18T16:30:00.000,I 20,I 20 and  Blvd,,Not a Collision with Motor Vehicle,1,Cloudy,Wet,Daylight
2020-03-04T07:01:00.000,I 20,I 20 and  Blvd,,Not a Collision with Motor Vehicle,1,Rain,Wet,Daylight
2020-03-09T16:36:00.000,I 20,I 20 and  Blvd,,Sideswipe-Same Direction,2,Clear,Dry,Daylight
2020-12-26T16:26:00.000,I 20,I 20 and  Blvd,,Rear End,2,Clear,Dry,Daylight
2020-09-15T22:38:00.000,I 20,I 20 and  Blvd,,Rear End,2,Clear,Dry,Dark-Lighted
2020-03-10T15:55:00.000,I 20,I 20 and  Blvd,,Sideswipe-Same Direction,2,Cloudy,Dry,Daylight
2020-03-12T00:39:00.000,I 20,I 20 and  Blvd,,Rear End,2,Clear,Dry,Dark-Lighted
2020-09-17T05:47:00.000,I 20,I 20 and  Blvd,,Sideswipe-Same Direction,2,Rain,Wet,Dark-Lighted
2020-09-24T02:31:00.000,I 20,I 20 and  Blvd,,Rear End,2,Clear,Dry,Dark-Lighted
2020-08-06T16:38:00.000,I 20,I 20 and  Blvd,,Rear End,2,Rain,Wet,Daylight
2020-12-21T12:33:00.000,I 20,I 20 and  Blvd,,Not a Collision with Motor Vehicle,2,Clear,Dry,Daylight
2020-10-21T22:07:00.000,I 20,I 20 and  Blvd,,Rear End,2,Clear,Dry,Dark-Lighted
2020-01-16T10:10:00.000,I 20,I 20 and  Blvd,,Rear End,2,Clear,Dry,Daylight
2020-03-05T17:00:00.000,I 20,I 20 and  Blvd,,Rear End,2,Cloudy,Wet,Daylight
2020-01-14T07:43:00.000,I 20,I 20 and  Blvd,,Rear End,2,Cloudy,Wet,Daylight
2020-01-18T18:44:00.000,I 20,I 20 and  Blvd,,Angle Crash,2,Rain,Wet,Dark-Lighted
2020-08-14T17:42:00.000,I 20,I 20 and  Blvd,,Rear End,2,Rain,Wet,Daylight
2020-11-06T18:50:00.000,I 20,I 20 and  Blvd,,Rear End,4,Clear,Dry,Dark-Lighted
2020-11-11T13:02:00.000,I 20,I 20 and  Blvd,,Rear End,2,Clear,Dry,Daylight
2020-02-10T13:03:00.000,I 20,I 20 and  Blvd,,Head On,2,Rain,Wet,Daylight
2020-10-02T03:19:00.000,I 20,I 20 and  Blvd,,Sideswipe-Same Direction,2,Clear,Dry,Dark-Lighted
2020-12-13T17:38:00.000,I 20,I 20 and  Blvd,,Rear End,2,Clear,Dry,Daylight
2020-01-03T17:34:00.000,I 20,I 20 and  Blvd,,Rear End,2,Rain,Wet,Dark-Lighted
2020-05-21T11:51:00.000,I 20,I 20 and  Blvd,,Sideswipe-Same Direction,2,Clear,Dry,Daylight
2020-03-05T17:10:00.000,I 20,I 20 and  Blvd,,Rear End,4,Cloudy,Wet,Daylight
2020-02-05T19:30:00.000,I 20,I 20 and  Blvd,,Rear End,2,Cloudy,Wet,Dark-Lighted
2020-10-16T20:47:00.000,I 20,I 20 and  Blvd,,Rear End,2,Clear,Dry,Dark-Lighted
2020-02-14T18:24:00.000,I 20,I 20 and  Blvd,,Rear End,3,Clear,Dry,Daylight
2020-08-21T12:55:00.000,I 20,I 20 and  Blvd,,Rear End,2,Clear,Dry,Daylight
2020-07-01T21:49:00.000,I 20,I 20 and  Blvd,,Rear End,2,Clear,Dry,Dark-Lighted
2020-11-11T13:06:00.000,I 20,I 20 and  Blvd,,Rear End,2,Cloudy,Wet,Daylight
2020-08-25T09:00:00.000,I 20,I 20 and  Blvd,,Not a Collision with Motor Vehicle,2,Rain,Wet,Daylight
2020-12-01T07:33:00.000,I 20,I 20 and  Blvd,,Sideswipe-Same Direction,2,Clear,Dry,Daylight
2020-06-04T10:30:00.000,I 20,I 20 and  Blvd,,Not a Collision with Motor Vehicle,1,Clear,Dry,Daylight
2020-09-08T00:00:00.000,I 20,I 20 and  Blvd,,Sideswipe-Same Direction,2,Clear,Dry,Daylight
2020-02-09T19:33:00.000,I 20,I 20 and  Blvd,,Rear End,2,Clear,Dry,Dark-Lighted
2020-09-04T20:27:00.000,I 20,I 20 and  Blvd,,Rear End,2,Clear,Dry,Dawn
2020-02-13T12:15:00.000,I 20,I 20 and  Blvd,,Sideswipe-Same Direction,2,Clear,Dry,Daylight
2020-03-23T20:00:00.000,I 20,I 20 and  Blvd,,Not a Collision with Motor Vehicle,1,Rain,Wet,Dark-Lighted
2020-01-31T16:17:00.000,I 20,I 20 and  Blvd,,Rear End,2,Cloudy,Dry,Daylight
2020-03-07T21:48:00.000,I 20,I 20 and  Blvd,,Angle Crash,2,Clear,Dry,Dark-Lighted
2020-02-19T18:50:00.000,I 20,I 20 and  Blvd,,Rear End,2,Cloudy,Dry,Dark-Lighted
2020-08-02T18:21:00.000,I 20,I 20 and  Blvd,,Angle Crash,2,Rain,Wet,Daylight
2020-07-15T14:06:00.000,I 20,I 20 and  Blvd,,Not a Collision with Motor Vehicle,1,Cloudy,Wet,Daylight
2020-11-25T15:51:00.000,I 20,I 20 and  Blvd,,Rear End,2,Cloudy,Dry,Daylight
2020-01-03T17:21:00.000,I 20,I 20 and  Blvd,,Rear End,2,Rain,Wet,Dusk
2020-11-06T15:15:00.000,I 20,I 20 and  Blvd,,Sideswipe-Same Direction,2,Clear,Dry,Daylight
2020-09-30T02:54:00.000,I 20,I 20 and  Blvd,,Not a Collision with Motor Vehicle,1,Clear,Dry,Dark-Lighted
2020-12-21T16:38:00.000,I 20,I 20 and  Blvd,,Rear End,2,Clear,Dry,Daylight
2020-02-17T06:56:00.000,I 20,I 20 and  Blvd,,Angle Crash,3,Fog,Dry,Dawn
2020-09-12T12:55:00.000,I 20,I 20 and  Blvd,,Rear End,4,Rain,Wet,Daylight
2020-12-04T18:21:00.000,I 20,I 20 and  Blvd,,Sideswipe-Same Direction,3,Cloudy,Wet,Dark-Lighted
2020-10-10T11:56:00.000,I 20,I 20 and  Blvd,,Rear End,2,Cloudy,Dry,Daylight
2020-02-24T07:22:00.000,I 20,I 20 and  Blvd,,Sideswipe-Same Direction,2,Rain,Wet,Daylight
2020-07-25T23:25:00.000,I 20,I 20 and  Blvd,,Head On,2,Clear,Dry,Dark-Lighted
2020-01-06T09:10:00.000,I 20,I 20 and  Blvd,,Rear End,3,Clear,Dry,Daylight
2020-03-08T06:19:00.000,I 20,I 20 and  Blvd,,Sideswipe-Same Direction,2,Clear,Dry,Daylight
2020-01-28T06:50:00.000,I 20,I 20 and  Blvd,,Rear End,2,Clear,Dry,Daylight
2020-02-02T17:33:00.000,I 20,I 20 and  Blvd,,Sideswipe-Same Direction,2,Clear,Dry,Daylight
2020-08-07T17:24:00.000,I 20,I 20 and  Blvd,,Sideswipe-Same Direction,2,Clear,Dry,Daylight
2020-10-17T14:54:00.000,I 20,I 20 and  Blvd,,Sideswipe-Same Direction,2,Clear,Dry,Daylight
2020-06-10T19:20:00.000,I 20,I 20 and  Blvd,,Rear End,4,Rain,Wet,Daylight
2020-08-07T23:43:00.000,I 20,I 20 and  Blvd,,Angle Crash,2,Clear,Dry,Dark-Lighted
2020-11-29T01:37:00.000,I 20,I 20 and  Blvd,,Rear End,5,Clear,Dry,Dark-Lighted
2020-08-08T12:41:00.000,I 20,I 20 and  Blvd,,Angle Crash,2,Cloudy,Dry,Daylight
2020-11-22T16:46:00.000,I 20,I 20 and  Blvd,,Sideswipe-Same Direction,2,Clear,Dry,Daylight
2020-06-14T20:07:00.000,I 20,I 20 and  Blvd,,Angle Crash,2,Cloudy,Wet,Daylight
2020-09-28T08:59:00.000,I 20,I 20 and  Blvd,,Sideswipe-Same Direction,2,Cloudy,(None),Daylight
2020-05-19T22:42:00.000,I 20,I 20 and  Blvd,,Angle Crash,3,Rain,Water (standing or moving),Dark-Lighted
2020-03-12T18:02:00.000,I 20,I 20 and  Blvd,,Rear End,3,Cloudy,Dry,Daylight
2020-10-10T21:15:00.000,I 20,I 20 and  Blvd,,Sideswipe-Same Direction,2,Rain,Wet,Dark-Lighted
2020-12-11T11:14:00.000,I 20,I 20 and  Blvd,,Sideswipe-Same Direction,2,Clear,Dry,Daylight
2020-12-28T15:45:00.000,I 20,I 20 and  Blvd,,Sideswipe-Same Direction,2,Cloudy,Dry,Daylight
2020-01-07T08:38:00.000,I 20,I 20 and  Blvd,,Rear End,2,Clear,Wet,Daylight
2020-02-13T17:13:00.000,I 20,I 20 and  Blvd,,Rear End,4,Cloudy,Dry,Daylight
2020-05-13T08:43:00.000,I 20,I 20 and  Blvd,,Sideswipe-Same Direction,2,Clear,Dry,Daylight
2020-11-08T19:10:00.000,I 20,I 20 and  Blvd,,Rear End,2,Cloudy,Wet,Daylight
2020-10-05T21:56:00.000,I 20,I 20 and  Blvd,,Sideswipe-Same Direction,2,Clear,Dry,Daylight
2020-02-06T12:49:00.000,I 20,I 20 and  Blvd,,Sideswipe-Same Direction,2,Rain,Wet,Daylight
2020-01-04T19:53:00.000,I 20,I 20 and  Blvd,,Rear End,2,Clear,Dry,Daylight
2020-01-10T16:00:00.000,I 20,I 20 and  Blvd,,Rear End,2,Clear,Dry,Daylight
2020-12-10T08:31:00.000,I 20,I 20 and  Blvd,,Rear End,2,Clear,Dry,Daylight
2020-10-02T05:37:00.000,I 20,I 20 and  Blvd,,Rear End,2,Clear,Dry,Dark-Lighted
2020-06-10T19:10:00.000,I 20,I 20 and  Blvd,,Rear End,3,Rain,Wet,Daylight
2020-03-09T12:23:00.000,I 20,I 20 and  Blvd,,Sideswipe-Same Direction,2,Clear,Dry,Daylight
2020-08-02T18:27:00.000,I 20,I 20 and  Blvd,,Rear End,4,Rain,Wet,Daylight
2020-02-20T19:35:00.000,I 20,I 20 and  Blvd,,Angle Crash,2,Cloudy,Wet,Dark-Lighted
2020-01-07T07:30:00.000,I 20,I 20 and  Blvd,,Sideswipe-Same Direction,2,Clear,Dry,Daylight
2020-02-07T23:17:00.000,I 20,I 20 and  Blvd,,Rear End,2,Clear,Dry,Dark-Lighted
2020-02-26T00:00:00.000,I 20,I 20 and  Blvd,,Rear End,2,Clear,Dry,Daylight
2021-01-22T10:45:00.000,I 20,I 20 and  Blvd,,Sideswipe-Same Direction,2,Cloudy,Wet,Daylight
2021-05-21T12:50:00.000,I 20,I 20 and  Blvd,,Rear End,2,Clear,Dry,Daylight
2021-01-31T08:23:00.000,I 20,I 20 and  Blvd,,Not a Collision with Motor Vehicle,1,Rain,Wet,Daylight
2021-03-18T09:55:00.000,I 20,I 20 and  Blvd,,Rear End,2,Rain,Wet,Daylight
2021-03-06T19:58:00.000,I 20,I 20 and  Blvd,,Rear End,2,Clear,Dry,Dark-Lighted
2021-01-30T14:57:00.000,I 20,I 20 and  Blvd,,Sideswipe-Same Direction,2,Cloudy,Dry,Daylight
2021-04-14T16:13:00.000,I 20,I 20 and  Blvd,,Sideswipe-Same Direction,2,Cloudy,Dry,Daylight
2021-03-20T15:54:00.000,I 20,I 20 and  Blvd,,Rear End,2,Clear,Dry,Daylight
2021-03-07T22:45:00.000,I 20,I 20 and  Blvd,,Rear End,2,Clear,Dry,Dark-Lighted
2021-04-30T06:40:00.000,I 20,I 20 and  Blvd,,Not a Collision with Motor Vehicle,2,Clear,Dry,Dawn
2021-01-13T22:41:00.000,I 20,I 20 and  Blvd,,Rear End,2,Clear,Dry,Dark-Lighted
2021-03-29T08:17:00.000,I 20,I 20 and  Blvd,,Rear End,2,Clear,Dry,Daylight
2021-04-08T15:44:00.000,I 20,I 20 and  Blvd,,Rear End,2,Cloudy,Dry,Daylight
2021-03-20T17:42:00.000,I 20,I 20 and  Blvd,,Rear End,2,Clear,Dry,Daylight
2021-03-06T13:24:00.000,I 20,I 20 and  Blvd,,Angle Crash,2,Clear,Dry,Daylight
2021-12-10T20:36:00.000,I 20,I 20 and  Blvd,,Rear End,2,Fog,Wet,Dark-Lighted
2021-12-02T08:05:00.000,I 20,I 20 and  Blvd,,Sideswipe-Same Direction,2,Clear,Dry,Daylight
2021-09-16T16:36:00.000,I 20,I 20 and  Blvd,,Sideswipe-Same Direction,2,Cloudy,Wet,Daylight
2021-11-30T15:17:00.000,I 20,I 20 and  Blvd,,Rear End,3,Clear,Dry,Daylight
2021-09-07T17:28:00.000,I 20,I 20 and  Blvd,,Sideswipe-Same Direction,2,Clear,Dry,Daylight
2021-09-28T08:33:00.000,I 20,I 20 and  Blvd,,Rear End,2,Clear,Dry,Daylight
2021-10-25T16:41:00.000,I 20,I 20 and  Blvd,,Rear End,2,Cloudy,Dry,Daylight
2021-11-22T13:45:00.000,I 20,I 20 and  Blvd,,Rear End,2,Clear,Dry,Daylight
2021-07-15T08:35:00.000,I 20,I 20 and  Blvd,,Rear End,2,Clear,Dry,Daylight
2021-08-23T08:14:00.000,I 20,I 20 and  Blvd,,Rear End,2,Clear,Dry,Daylight
2021-07-26T19:00:00.000,I 20,I 20 and  Blvd,,Angle Crash,2,Rain,Wet,Daylight
2021-11-12T18:35:00.000,I 20,I 20 and  Blvd,,Rear End,2,Clear,Dry,Dark-Lighted
2021-10-18T19:33:00.000,I 20,I 20 and  Blvd,,Sideswipe-Same Direction,2,Clear,Dry,Dusk
2022-05-23T09:01:00.000,I 20,I 20 and  Blvd,,Sideswipe-Same Direction,2,Rain,Wet,Daylight
2022-02-03T07:43:00.000,I 20,I 20 and  Blvd,,Rear End,2,Rain,Wet,Daylight
2022-10-06T08:36:00.000,I 20,I 20 and  Blvd,,Sideswipe-Same Direction,2,Clear,Dry,Daylight
2022-11-03T07:26:00.000,I 20,I 20 and  Blvd,,Rear End,2,Clear,Dry,Dusk
2022-07-25T08:46:00.000,I 20,I 20 and  Blvd,,Rear End,2,Clear,Dry,Daylight
2022-01-07T09:50:00.000,I 20,I 20 and  Blvd,,Sideswipe-Same Direction,2,Clear,Dry,Daylight
2021-07-16T14:11:00.000,I 20,I 20 and  Blvd,,Rear End,2,Clear,Dry,Daylight
2021-12-22T13:38:00.000,I 20,I 20 and  Blvd,,Rear End,3,Clear,Dry,Daylight
2021-10-18T13:04:00.000,I 20,I 20 and  Blvd,,Sideswipe-Same Direction,2,Clear,Dry,Daylight
2021-07-27T16:55:00.000,I 20,I 20 and  Blvd,,Sideswipe-Same Direction,2,Clear,Dry,Daylight
2021-08-06T12:17:00.000,I 20,I 20 and  Blvd,,Sideswipe-Same Direction,2,Clear,Dry,Daylight
2021-09-16T13:09:00.000,I 20,I 20 and  Blvd,,Sideswipe-Same Direction,2,Rain,Wet,Daylight
2022-06-10T12:45:00.000,I 20,I 20 and  Blvd,,Rear End,2,Clear,Dry,Daylight
2022-10-14T18:06:00.000,I 20,I 20 and  Blvd,,Rear End,2,Clear,Dry,Daylight
2022-04-14T07:29:00.000,I 20,I 20 and  Blvd,,Rear End,2,Cloudy,Wet,Daylight
2022-03-28T06:40:00.000,I 20,I 20 and  Blvd,,Rear End,2,Clear,Dry,Dark-Lighted
2022-07-25T14:00:00.000,I 20,I 20 and  Blvd,,Sideswipe-Same Direction,2,Clear,Dry,Daylight
2022-07-28T18:00:00.000,I 20,I 20 and  Blvd,,Sideswipe-Same Direction,2,Cloudy,Dry,Daylight
2022-04-25T18:32:00.000,I 20,I 20 and  Blvd,,Rear End,2,Clear,Dry,Daylight
2022-10-21T16:02:00.000,I 20,I 20 and  Blvd,,Rear End,2,Clear,Dry,Daylight
2022-05-24T07:35:00.000,I 20,I 20 and  Blvd,,Rear End,3,Cloudy,Dry,Daylight
2022-10-07T19:20:00.000,I 20,I 20 and  Blvd,,Rear End,2,Clear,Dry,Dusk
2022-02-07T08:46:00.000,I 20,I 20 and  Blvd,,Rear End,2,Clear,Dry,Daylight
2022-09-29T08:17:00.000,I 20,I 20 and  Blvd,,Rear End,2,Clear,Dry,Daylight
2022-12-03T19:59:00.000,I 20,I 20 and  Blvd,,Sideswipe-Same Direction,2,Cloudy,Dry,Dark-Lighted
2022-03-04T18:05:00.000,I 20,I 20 and  Blvd,,Rear End,2,Clear,Dry,Daylight
2022-02-01T08:24:00.000,I 20,I 20 and  Blvd,,Rear End,2,Clear,Dry,Daylight
2021-07-07T08:20:00.000,I 20,I 20 and  Blvd,,Sideswipe-Same Direction,2,Cloudy,Dry,Daylight
2021-09-16T18:14:00.000,I 20,I 20 and  Blvd,,Rear End,2,Rain,Wet,Daylight
2021-12-17T11:34:00.000,I 20,I 20 and  Blvd,,Sideswipe-Same Direction,2,Cloudy,Dry,Daylight
2022-04-28T10:02:00.000,I 20,I 20 and  Blvd,,Sideswipe-Same Direction,2,Clear,Dry,Daylight
2022-03-03T19:17:00.000,I 20,I 20 and  Blvd,,Not a Collision with Motor Vehicle,1,Clear,Dry,Dark-Lighted
2022-12-19T18:36:00.000,I 20,I 20 and  Blvd,,Rear End,2,Cloudy,Dry,Dark-Not Lighted
2022-08-19T20:16:00.000,I 20,I 20 and  Blvd,,Rear End,2,Clear,Dry,Dusk
2022-05-09T15:30:00.000,I 20,I 20 and  Blvd,,Rear End,2,Clear,Dry,Daylight