Date and Time,Roadway (From Crash Report),Intersection Name (from Crash Report),KABCO Severity,Manner of Collision (Crash Level) ,# of Vehicles per crash ,Weather Conditions (Crash Level),Surface Condition (Crash Level) ,Light Conditions (Crash Level)
2022-12-19T18:36:00.000,I 20,I 20 and  Blvd,,Rear End,2,Cloudy,Dry,Dark-Not Lighted
2022-09-26T08:52:00.000,I 20,I 20 and  Blvd,,Rear End,2,Clear,Dry,Daylight
2022-07-12T18:15:00.000,I 20,I 20 and  Blvd,,Sideswipe-Same Direction,2,Clear,Dry,Daylight
2022-06-03T18:15:00.000,I 20,I 20 and  Blvd,,Sideswipe-Same Direction,2,Clear,Dry,Daylight
2022-11-08T08:55:00.000,I 20,I 20 and  Blvd,,Rear End,3,Clear,Dry,Daylight
2022-08-19T15:58:00.000,I 20,I 20 and  Blvd,,Rear End,2,Rain,Wet,Daylight
2022-07-01T14:05:00.000,I 20,I 20 and  Blvd,,Sideswipe-Same Direction,2,Clear,Wet,Daylight
2022-10-06T08:13:00.000,I 20,I 20 and  Blvd,,Rear End,2,Clear,Dry,Daylight
2022-03-22T08:25:00.000,I 20,I 20 and  Blvd,,Rear End,2,Clear,Dry,Daylight
2022-04-14T07:01:00.000,I 20,I 20 and  Blvd,,Rear End,2,Cloudy,Wet,Daylight
2022-08-08T08:30:00.000,I 20,I 20 and  Blvd,,Sideswipe-Same Direction,2,Clear,Dry,Daylight
2022-03-08T15:38:00.000,I 20,I 20 and  Blvd,,Not a Collision with Motor Vehicle,1,Rain,Wet,Daylight
2022-09-29T17:54:00.000,I 20,I 20 and  Blvd,,Sideswipe-Same Direction,3,Clear,Dry,Daylight
2022-12-01T15:15:00.000,I 20,I 20 and  Blvd,,Rear End,2,Clear,Dry,Daylight
2022-11-03T08:34:00.000,I 20,I 20 and  Blvd,,Rear End,3,Clear,Dry,Daylight
2022-06-10T13:18:00.000,I 20,I 20 and  Blvd,,Sideswipe-Same Direction,3,Clear,Dry,Daylight
2022-05-13T07:49:00.000,I 20,I 20 and  Blvd,,Rear End,2,Clear,Dry,Daylight
2022-03-03T15:19:00.000,I 20,I 20 and  Blvd,,Sideswipe-Same Direction,2,Clear,Dry,Daylight
2022-02-01T10:54:00.000,I 20,I 20 and  Blvd,,Rear End,4,Clear,Dry,Daylight
2022-02-03T14:50:00.000,I 20,I 20 and  Blvd,,Rear End,2,Rain,Wet,Daylight
2022-06-28T07:45:00.000,I 20,I 20 and  Blvd,,Rear End,3,Clear,Dry,Daylight
2022-02-03T08:01:00.000,I 20,I 20 and  Blvd,,Rear End,2,Rain,Wet,Daylight
2022-02-01T07:42:00.000,I 20,I 20 and  Blvd,,Rear End,3,Clear,Dry,Daylight
2022-02-15T14:36:00.000,I 20,I 20 and  Blvd,,Sideswipe-Same Direction,2,Clear,Dry,Daylight
2022-07-21T17:50:00.000,I 20,I 20 and  Blvd,,Rear End,2,Clear,Dry,Daylight
2022-11-03T07:25:00.000,I 20,I 20 and  Blvd,,Rear End,2,Clear,Dry,Dusk
2022-07-07T16:50:00.000,I 20,I 20 and  Blvd,,Rear End,2,Clear,Dry,Daylight
2022-01-31T11:25:00.000,I 20,I 20 and  Blvd,,Sideswipe-Same Direction,2,Clear,Dry,Daylight
2022-05-12T15:13:00.000,I 20,I 20 and  Blvd,,Rear End,2,Clear,Dry,Daylight
2022-12-29T13:15:00.000,I 20,I 20 and  Blvd,,Sideswipe-Same Direction,2,Clear,Dry,Daylight
2022-07-25T09:25:00.000,I 20,I 20 and  Blvd,,Rear End,2,Clear,Dry,Daylight
2022-12-05T07:32:00.000,I 20,I 20 and  Blvd,,Rear End,3,Cloudy,Dry,Daylight
2022-01-12T07:37:00.000,I 20,I 20 and  Blvd,,Rear End,2,Clear,Dry,Daylight
2022-05-10T08:13:00.000,I 20,I 20 and  Blvd,,Rear End,4,Clear,Dry,Daylight
2022-05-27T14:23:00.000,I 20,I 20 and  Blvd,,Sideswipe-Same Direction,2,Clear,Dry,Daylight
2023-07-25T16:45:00.000,I 20,I 20 and  Blvd,,Sideswipe-Same Direction,2,Clear,Dry,Daylight
2023-03-23T19:00:00.000,I 20,I 20 and  Blvd,,Sideswipe-Same Direction,3,Clear,Dry,Daylight
2023-09-12T17:17:00.000,I 20,I 20 and  Blvd,,Rear End,2,Clear,Dry,Daylight
2023-02-09T16:23:00.000,I 20,I 20 and  Blvd,,Sideswipe-Same Direction,2,Cloudy,Dry,Daylight
2023-03-14T09:45:00.000,I 20,I 20 and  Blvd,,Rear End,2,Clear,Dry,Daylight
2023-07-27T10:29:00.000,I 20,I 20 and  Blvd,,Rear End,2,Clear,Dry,Daylight
2023-01-27T19:45:00.000,I 20,I 20 and  Blvd,,Rear End,2,Clear,Dry,Dark-Lighted
2023-02-02T10:04:00.000,I 20,I 20 and  Blvd,,Rear End,2,Rain,Wet,Daylight
2024-12-17T17:25:00.000,I 20,I 20 and  Blvd,,Rear End,2,Clear,Dry,Daylight
2024-05-30T15:24:00.000,I 20,I 20 and  Blvd,,Sideswipe-Same Direction,2,Clear,Dry,Daylight
2024-04-22T08:45:00.000,I 20,I 20 and  Blvd,,Rear End,2,Clear,Dry,Daylight
2024-12-17T06:53:00.000,I 20,I 20 and  Blvd,,Sideswipe-Same Direction,2,Clear,Dry,Dark-Lighted
2024-07-25T08:20:00.000,I 20,I 20 and  Blvd,,Rear End,2,Cloudy,Dry,Daylight
2024-04-30T17:00:00.000,I 20,I 20 and  Blvd,,Rear End,2,Clear,Dry,Daylight
2024-12-02T11:42:00.000,I 20,I 20 and  Blvd,,Rear End,2,Clear,Dry,Daylight
2024-01-19T08:58:00.000,I 20,I 20 and  Blvd,,Sideswipe-Same Direction,3,Clear,Dry,Daylight
2024-04-30T17:00:00.000,I 20,I 20 and  Blvd,,Rear End,2,Clear,Dry,Daylight
2024-04-23T17:50:00.000,I 20,I 20 and  Blvd,,Rear End,2,Clear,Dry,Daylight
2024-05-09T08:32:00.000,I 20,I 20 and  Blvd,,Rear End,3,Rain,Wet,Daylight
2024-05-07T17:34:00.000,I 20,I 20 and  Blvd,,Rear End,2,Clear,Dry,Daylight
2024-07-26T10:49:00.000,I 20,I 20 and  Blvd,,Sideswipe-Same Direction,2,Cloudy,Dry,Daylight
2023-10-27T18:25:00.000,I 20,I 20 and  Blvd,,Rear End,2,Clear,Dry,Daylight
2023-05-26T14:29:00.000,I 20,I 20 and  Blvd,,Sideswipe-Same Direction,2,Cloudy,Dry,Daylight
2023-06-05T17:05:00.000,I 20,I 20 and  Blvd,,Rear End,3,Clear,Dry,Daylight
2024-03-31T00:17:00.000,I 20,I 20 and  Blvd,,Not a Collision with Motor Vehicle,3,Clear,Dry,Dark-Lighted
2024-02-16T22:00:00.000,I 20,I 20 and  Blvd,,Angle Crash,2,Clear,Dry,Dark-Lighted
2024-10-31T07:21:00.000,I 20,I 20 and  Blvd,,Rear End,2,Clear,Dry,Daylight
2024-03-01T16:05:00.000,I 20,I 20 and  Blvd,,Rear End,2,Rain,Wet,Daylight
2023-08-10T10:29:00.000,I 20,I 20 and  Blvd,,Sideswipe-Same Direction,2,Clear,Wet,Daylight
2023-10-24T07:40:00.000,I 20,I 20 and  Blvd,,Rear End,3,Clear,Dry,Daylight
2023-06-08T06:24:00.000,I 20,I 20 and  Blvd,,Sideswipe-Same Direction,2,Clear,Dry,Daylight
2023-11-13T15:25:00.000,I 20,I 20 and  Blvd,,Rear End,2,Clear,Dry,Daylight
2023-09-11T08:15:00.000,I 20,I 20 and  Blvd,,Rear End,2,Clear,Dry,Daylight
2023-08-24T16:18:00.000,I 20,I 20 and  Blvd,,Rear End,2,Clear,Dry,Daylight
2023-05-02T12:09:00.000,I 20,I 20 and  Blvd,,Sideswipe-Same Direction,3,Clear,Dry,Daylight
2023-10-20T17:35:00.000,I 20,I 20 and  Blvd,,Rear End,3,Clear,Dry,Daylight
2023-12-12T17:35:00.000,I 20,I 20 and  Blvd,,Rear End,2,Clear,Dry,Dark-Not Lighted
2023-03-24T16:05:00.000,I 20,I 20 and  Blvd,,Rear End,2,Clear,Dry,Daylight
2023-04-13T11:02:00.000,I 20,I 20 and  Blvd,,Rear End,2,Cloudy,Dry,Daylight
2023-08-04T17:00:00.000,I 20,I 20 and  Blvd,,Rear End,2,Clear,Dry,Daylight
2023-05-05T14:16:00.000,I 20,I 20 and  Blvd,,Rear End,4,Rain,Wet,Daylight
2023-08-04T12:49:00.000,I 20,I 20 and  Blvd,,Rear End,2,Clear,Dry,Daylight
2023-01-27T19:40:00.000,I 20,I 20 and  Blvd,,Sideswipe-Same Direction,2,Clear,Dry,Dark-Lighted
2023-11-03T16:10:00.000,I 20,I 20 and  Blvd,,Sideswipe-Same Direction,2,Clear,Dry,Daylight
2023-05-22T20:08:00.000,I 20,I 20 and  Blvd,,Rear End,2,Rain,Wet,Daylight
2023-07-21T11:38:00.000,I 20,I 20 and  Blvd,,Sideswipe-Same Direction,3,Cloudy,Dry,Daylight
2023-07-31T16:52:00.000,I 20,I 20 and  Blvd,,Rear End,3,Clear,Dry,Daylight
2023-11-21T15:29:00.000,I 20,I 20 and  Blvd,,Sideswipe-Same Direction,2,Clear,Wet,Daylight
2023-08-25T15:10:00.000,I 20,I 20 and  Blvd,,Rear End,2,Clear,Dry,Daylight
2023-07-10T07:03:00.000,I 20,I 20 and  Blvd,,Sideswipe-Same Direction,3,Rain,Wet,Daylight
2023-11-17T18:30:00.000,I 20,I 20 and  Blvd,,Rear End,2,Rain,Wet,Dark-Lighted
2023-11-13T18:32:00.000,I 20,I 20 and  Blvd,,Rear End,2,Clear,Dry,Dark-Lighted
2023-08-15T08:07:00.000,I 20,I 20 and  Blvd,,Rear End,3,Clear,Dry,Daylight
2023-12-06T06:44:00.000,I 20,I 20 and  Blvd,,Not a Collision with Motor Vehicle,1,Clear,Dry,Daylight
2023-02-21T08:24:00.000,I 20,I 20 and  Blvd,,Rear End,2,Cloudy,Dry,Daylight
2023-07-27T08:16:00.000,I 20,I 20 and  Blvd,,Rear End,2,Clear,Dry,Daylight
2023-06-23T14:25:00.000,I 20,I 20 and  Blvd,,Rear End,3,Clear,Dry,Daylight
2023-10-17T06:55:00.000,I 20,I 20 and  Blvd,,Rear End,3,Clear,Dry,Dark-Lighted
2023-05-12T15:49:00.000,I 20,I 20 and  Blvd,,Rear End,2,Clear,Dry,Daylight
2023-05-18T13:59:00.000,I 20,I 20 and  Blvd,,Not a Collision with Motor Vehicle,1,Clear,Dry,Daylight
2024-04-30T17:00:00.000,I 20,I 20 and  Blvd,,Rear End,2,Clear,Dry,Daylight
2024-09-20T17:00:00.000,I 20,I 20 and  Blvd,,Sideswipe-Same Direction,2,Clear,Dry,Daylight
2024-05-30T09:46:00.000,I 20,I 20 and  Blvd,,Rear End,2,Clear,Dry,Daylight
2024-07-12T16:30:00.000,I 20,I 20 and  Blvd,,Sideswipe-Same Direction,2,Clear,Dry,Daylight
2024-02-12T08:50:00.000,I 20,I 20 and  Blvd,,Not a Collision with Motor Vehicle,2,Rain,Wet,Daylight
2024-08-27T09:15:00.000,I 20,I 20 and  Blvd,,Rear End,2,Clear,Dry,Daylight
2024-08-23T18:58:00.000,I 20,I 20 and  Blvd,,Rear End,2,Clear,Dry,Daylight
2024-01-03T16:00:00.000,I 20,I 20 and  Blvd,,Sideswipe-Same Direction,2,Rain,Wet,Daylight
2024-01-22T09:10:00.000,I 20,I 20 and  Blvd,,Rear End,2,Clear,Dry,Daylight
2024-10-29T08:07:00.000,I 20,I 20 and  Blvd,,Rear End,3,Clear,Dry,Daylight
2024-03-31T00:20:00.000,I 20,I 20 and  Blvd,,Not a Collision with Motor Vehicle,1,Clear,Dry,Dark-Lighted
2024-04-30T09:38:00.000,I 20,I 20 and  Blvd,,Rear End,2,Cloudy,Wet,Daylight
2024-08-01T16:22:00.000,I 20,I 20 and  Blvd,,Rear End,2,Clear,Dry,Daylight
2024-02-28T15:55:00.000,I 20,I 20 and  Blvd,,Rear End,2,Rain,Wet,Daylight
2024-12-10T08:19:00.000,I 20,I 20 and  Blvd,,Rear End,2,Cloudy,Wet,Daylight
2024-04-30T17:00:00.000,I 20,I 20 and  Blvd,,Rear End,2,Clear,Dry,Daylight
2024-09-12T18:09:00.000,I 20,I 20 and  Blvd,,Sideswipe-Same Direction,3,Rain,Wet,Daylight
2024-03-28T09:22:00.000,I 20,I 20 and  Blvd,,Rear End,2,Clear,Dry,Daylight
2024-06-10T09:21:00.000,I 20,I 20 and  Blvd,,Sideswipe-Same Direction,2,Cloudy,Dry,Daylight
2024-02-06T09:15:00.000,I 20,I 20 and  Blvd,,Rear End,3,Clear,Dry,Daylight
2024-09-03T09:08:00.000,I 20,I 20 and  Blvd,,Rear End,2,Clear,Dry,Daylight
2024-02-29T09:15:00.000,I 20,I 20 and  Blvd,,Rear End,2,Clear,Dry,Daylight
2024-02-23T17:48:00.000,I 20,I 20 and  Blvd,,Sideswipe-Same Direction,2,Clear,Dry,Daylight
2024-12-17T17:50:00.000,I 20,I 20 and  Blvd,,Rear End,2,Clear,Dry,Daylight
2024-08-19T19:00:00.000,I 20,I 20 and  Blvd,,Sideswipe-Same Direction,2,Cloudy,Dry,Daylight
2024-06-25T07:35:00.000,I 20,I 20 and  Blvd,,Rear End,4,Clear,Dry,Daylight
2024-12-20T15:30:00.000,I 20,I 20 and  Blvd,,Sideswipe-Same Direction,2,Clear,Dry,Daylight
2024-11-28T11:28:00.000,I 20,I 20 and  Blvd,,Sideswipe-Same Direction,2,Clear,Dry,Daylight
2024-03-31T00:16:00.000,I 20,I 20 and  Blvd,,Angle Crash,2,Clear,Dry,Dark-Lighted
2024-03-07T15:45:00.000,I 20,I 20 and  Blvd,,Rear End,2,Clear,Dry,Daylight
2024-03-08T14:32:00.000,I 20,I 20 and  Blvd,,Sideswipe-Same Direction,2,Cloudy,Dry,Daylight
2024-11-27T15:17:00.000,I 20,I 20 and  Blvd,,Sideswipe-Same Direction,2,Clear,Dry,Daylight
2024-10-03T18:02:00.000,I 20,I 20 and  Blvd,,Not a Collision with Motor Vehicle,1,Cloudy,Dry,Daylight
2024-06-30T19:14:00.000,I 20,I 20 and  Blvd,,Not a Collision with Motor Vehicle,1,Clear,Dry,Daylight
2024-09-20T12:50:00.000,I 20,I 20 and  Blvd,,Rear End,2,Clear,Dry,Daylight
2024-05-21T08:00:00.000,I 20,I 20 and  Blvd,,Rear End,2,Clear,Dry,Daylight
2024-06-07T16:45:00.000,I 20,I 20 and  Blvd,,Head On,2,Cloudy,Dry,Daylight
2024-01-12T06:53:00.000,I 20,I 20 and  Blvd,,Sideswipe-Same Direction,2,Clear,Dry,Dark-Lighted
2024-08-29T16:17:00.000,I 20,I 20 and  Blvd,,Sideswipe-Same Direction,2,Cloudy,Dry,Daylight
2024-02-26T16:25:00.000,I 20,I 20 and  Blvd,,Sideswipe-Same Direction,2,Clear,Dry,Daylight
2024-08-16T08:39:00.000,I 20,I 20 and  Blvd,,Sideswipe-Same Direction,2,Cloudy,Dry,Daylight
2024-05-16T09:10:00.000,I 20,I 20 and  Blvd,,Sideswipe-Same Direction,2,Clear,Dry,Daylight
2024-10-04T12:37:00.000,I 20,I 20 and  Blvd,,Rear End,3,Cloudy,Dry,Daylight
2024-10-01T17:00:00.000,I 20,I 20 and  Blvd,,Rear End,2,Clear,Dry,Daylight
2024-09-09T09:21:00.000,I 20,I 20 and  Blvd,,Rear End,2,Cloudy,Dry,Daylight
2024-08-19T09:00:00.000,I 20,I 20 and  Blvd,,Not a Collision with Motor Vehicle,2,Clear,Dry,Daylight
2024-10-03T20:00:00.000,I 20,I 20 and  Blvd,,Rear End,2,Clear,Dry,Dark-Not Lighted
2024-05-14T09:32:00.000,I 20,I 20 and  Blvd,,Rear End,2,Clear,Wet,Daylight
2024-07-15T08:50:00.000,I 20,I 20 and  Blvd,,Rear End,2,Cloudy,Dry,Daylight
2024-06-06T10:32:00.000,I 20,I 20 and  Blvd,,Not a Collision with Motor Vehicle,2,Rain,Wet,Daylight
2024-12-30T14:20:00.000,I 20,I 20 and  Blvd,,Not a Collision with Motor Vehicle,2,Clear,Dry,Daylight
2024-09-03T09:30:00.000,I 20,I 20 and  Blvd,,Rear End,2,Clear,Dry,Daylight
2024-08-12T13:20:00.000,I 20,I 20 and  Blvd,,Sideswipe-Same Direction,2,Clear,Dry,Daylight
2024-07-30T16:20:00.000,I 20,I 20 and  Blvd,,Rear End,3,Cloudy,Wet,Daylight
2024-04-09T16:45:00.000,I 20,I 20 and  Blvd,,Rear End,3,Cloudy,Wet,Daylight
2024-04-30T13:05:00.000,I 20,I 20 and  Blvd,,Rear End,2,Clear,Dry,Daylight
2024-06-14T15:56:00.000,I 20,I 20 and  Blvd,,Rear End,2,Cloudy,Dry,Daylight
2024-08-19T08:15:00.000,I 20,I 20 and  Blvd,,Rear End,2,Clear,Dry,Daylight
2024-06-04T15:50:00.000,I 20,I 20 and  Blvd,,Sideswipe-Same Direction,2,Cloudy,Wet,Daylight
2024-06-20T17:40:00.000,I 20,I 20 and  Blvd,,Sideswipe-Same Direction,2,Clear,Dry,Daylight
2024-06-04T14:45:00.000,I 20,I 20 and  Blvd,,Rear End,2,Clear,Dry,Daylight
2020-07-15T17:48:00.000,I 285,I 185 and I 285,,Rear End,2,Clear,Dry,Daylight
2020-02-26T15:25:00.000,I 16,I 16 and Walke Dairy Road Opas,,Not a Collision with Motor Vehicle,1,Cloudy,Dry,Daylight
2020-12-14T03:50:00.000,I 16,I 16 and Walke Dairy Rd,,Angle Crash,2,Cloudy,Wet,Dark-Not Lighted
2023-12-10T06:35:00.000,I 16,I 16 and Walke Dairy Rd,,Not a Collision with Motor Vehicle,1,Clear,Dry,Dark-Not Lighted
2021-10-24T16:20:00.000,I 16,I 16 and Walke Dairy Rd,,Not a Collision with Motor Vehicle,1,Clear,Dry,Daylight
2024-09-07T12:18:00.000,I 16,I 16 and Walke Dairy Rd,,Rear End,2,Cloudy,Dry,Daylight
2023-12-31T10:30:00.000,I 16,I 16 and Walke Dairy Rd,,Angle Crash,2,Clear,Dry,Daylight
2023-08-27T13:22:00.000,I 16,I 16 and Walke Dairy Rd,,Angle Crash,2,Clear,Dry,Daylight
2024-02-26T14:20:00.000,I 16,I 16 and Walke Dairy Rd,,Angle Crash,2,Clear,Dry,Daylight
2024-10-14T06:29:00.000,I 16,I 16 and Walke Dairy Rd,,Sideswipe-Same Direction,2,Clear,Dry,Dark-Not Lighted
2024-06-20T16:45:00.000,I 16,I 16 and Walke Dairy,,Rear End,2,Clear,Dry,Daylight
2024-10-18T14:46:00.000,I 16,I 16 and Walk Dairy Rd,,Sideswipe-Same Direction,2,Clear,Dry,Daylight
2023-04-09T02:34:00.000,I 16,I 16 and W. Gwinnett St.,,Not a Collision with Motor Vehicle,1,Rain,Water (standing or moving),Dark-Lighted
2024-05-02T16:04:00.000,I 16,I 16 and W. 37Th Connector,,Sideswipe-Same Direction,2,Clear,Dry,Daylight
2021-05-29T15:42:00.000,I 16,I 16 and W Gwinnett St,,Sideswipe-Same Direction,2,Clear,Dry,Daylight
2022-04-18T07:53:00.000,I 16,I 16 and W Gwinnett St,,Sideswipe-Opposite Direction,2,Rain,Wet,Daylight
2022-03-07T15:34:00.000,I 16,I 16 and W Gwinnett St,,Sideswipe-Same Direction,2,Clear,Dry,Daylight
2024-07-26T18:44:00.000,I 16,I 16 and W Gwinnett St,,Not a Collision with Motor Vehicle,2,Severe Thunderstorm or Tornadic,Water (standing or moving),Daylight
2022-04-26T15:37:00.000,I 16,I 16 and W Bound Rest Area,,Not a Collision with Motor Vehicle,2,Cloudy,Dry,Daylight
2020-03-08T19:32:00.000,I 16,I 16 and W 37Th St Connector,,Angle Crash,2,Clear,Dry,Dark-Lighted
2021-05-31T13:30:00.000,I 16,I 16 and W 37Th St,,Sideswipe-Same Direction,2,Clear,Dry,Daylight
2023-01-05T16:12:00.000,I 16,I 16 and W 37Th St,,Angle Crash,2,Clear,Dry,Daylight
2023-12-14T18:15:00.000,I 16,I 16 and W 37Th St,,Sideswipe-Same Direction,2,Clear,Dry,Dark-Not Lighted
2024-01-18T15:00:00.000,I 16,I 16 and W 37Th St,,Rear End,2,Clear,Dry,Daylight
2024-06-14T18:44:00.000,I 16,I 16 and W 37Th St,,Rear End,3,Clear,Dry,Daylight
2023-04-17T02:40:00.000,I 16,I 16 and Vance Cir,,Rear End,2,Clear,Dry,Dark-Not Lighted
2021-02-11T14:35:00.000,I 16,I 16 and Us 441,,Not a Collision with Motor Vehicle,1,Cloudy,Dry,Daylight
2021-07-04T18:49:00.000,I 16,I 16 and Us 441,,Angle Crash,2,Clear,Dry,Daylight
2021-07-04T18:48:00.000,I 16,I 16 and Us 441,,Angle Crash,2,Clear,Dry,Daylight
2023-11-26T13:56:00.000,I 16,I 16 and Us 441,,Rear End,2,Rain,Wet,Daylight
2021-11-16T13:26:00.000,I 16,I 16 and Us 280,,Sideswipe-Same Direction,2,Clear,Dry,Daylight
2021-10-27T05:45:00.000,I 16,I 16 and Us 280,,Sideswipe-Same Direction,2,Clear,Dry,Dark-Not Lighted
2023-04-27T16:45:00.000,I 16,I 16 and Us 280,,Rear End,2,Clear,Dry,Daylight
2023-10-06T05:39:00.000,I 16,I 16 and Us 280,,Rear End,2,Clear,Dry,Dark-Lighted
2023-07-06T06:44:00.000,I 16,I 16 and Us 280,,Rear End,2,Clear,Dry,Daylight
2023-09-22T18:47:00.000,I 16,I 16 and Us 280,,Sideswipe-Same Direction,2,Clear,Dry,Daylight
2023-11-10T15:17:00.000,I 16,I 16 and Us 280,,Not a Collision with Motor Vehicle,1,Clear,Dry,Daylight
2024-07-30T00:17:00.000,I 16,I 16 and Us 280,,Not a Collision with Motor Vehicle,1,Clear,Dry,Dark-Not Lighted
2024-02-05T08:15:00.000,I 16,I 16 and Us 280,,Rear End,2,Rain,Wet,Daylight
2021-01-16T09:22:00.000,I 16,I 16 and Us 221,,Sideswipe-Same Direction,2,Clear,Dry,Daylight
2023-07-30T16:00:00.000,I 16,I 16 and Us 221,,Angle Crash,2,Rain,Wet,Daylight
2023-04-10T21:08:00.000,I 16,I 16 and Us 221,,Not a Collision with Motor Vehicle,1,Clear,Dry,Dark-Not Lighted
2022-09-04T18:35:00.000,I 16,I 16 and Us 19,,(None),1,(None),(None),(None)
2024-09-25T11:00:00.000,I 16,I 16 and Us 17,,Not a Collision with Motor Vehicle,1,Rain,Wet,Daylight
2024-08-17T16:36:00.000,I 16,I 16 and Us 17,,Sideswipe-Same Direction,2,Clear,Dry,Daylight
2024-11-13T10:10:00.000,I 16,I 16 and Unicorporated Chatham County Sign,,Rear End,2,Clear,Dry,Daylight
2021-03-30T19:30:00.000,I 16,I 16 and Turner Road Opas,,Not a Collision with Motor Vehicle,2,Clear,Dry,Daylight
2020-04-06T12:52:00.000,I 16,I 16 and Turner Road Opas,,Rear End,2,Clear,Dry,Daylight
2022-08-05T15:21:00.000,I 16,I 16 and Turner Road Opas,,Not a Collision with Motor Vehicle,1,Rain,Wet,Daylight
2022-04-26T00:18:00.000,I 16,I 16 and Turner Rd.,,Sideswipe-Same Direction,2,Clear,Dry,Dark-Not Lighted
2024-09-26T08:53:00.000,I 16,I 16 and Turner Rd.,,Not a Collision with Motor Vehicle,1,Severe Thunderstorm or Tornadic,Wet,Daylight
2020-06-18T20:30:00.000,I 16,I 16 and Turner Rd,,Not a Collision with Motor Vehicle,1,Rain,Wet,Dusk
2024-08-09T02:47:00.000,I 16,I 16 and Turner Rd,,Not a Collision with Motor Vehicle,1,Rain,Wet,Dusk
2021-12-20T21:57:00.000,I 16,I 16 and Tremont Rd,,Not a Collision with Motor Vehicle,2,Clear,Dry,Dark-Not Lighted
2023-06-10T22:27:00.000,I 16,I 16 and Tremont Rd,,Rear End,2,Clear,Dry,Dark-Lighted
2023-04-24T16:18:00.000,I 16,I 16 and Tremont Rd,,Rear End,2,Clear,Dry,Daylight
2023-02-06T07:30:00.000,I 16,I 16 and Tremont Rd,,Rear End,2,Clear,Dry,Daylight
2020-03-31T17:02:00.000,I 16,I 16 and Tremont Rd,,Not a Collision with Motor Vehicle,1,Rain,Wet,Daylight
2022-08-19T12:01:00.000,I 16,I 16 and Tremont Rd,,Angle Crash,2,Clear,Dry,Daylight
2022-05-23T00:00:00.000,I 16,I 16 and Tremont Rd,,Rear End,2,Cloudy,Dry,Daylight
2022-04-08T22:30:00.000,I 16,I 16 and Tremont Rd,,Angle Crash,2,Clear,Dry,Dark-Lighted
2022-03-19T12:32:00.000,I 16,I 16 and Tremont Rd,,Rear End,2,Clear,Dry,Daylight
2022-05-26T08:44:00.000,I 16,I 16 and Tremont Rd,,Sideswipe-Same Direction,2,Cloudy,Dry,Daylight
2024-04-29T11:47:00.000,I 16,I 16 and Tremont Rd,,Rear End,3,Clear,Dry,Daylight
2023-12-09T13:45:00.000,I 16,I 16 and Tremont Rd,,Angle Crash,2,Clear,Dry,Daylight
2021-07-23T16:45:00.000,I 16,I 16 and Tremont Ave,,Sideswipe-Same Direction,2,Clear,Dry,Daylight
2024-01-10T21:15:00.000,I 16,I 16 and Tidewater Cir,,Sideswipe-Same Direction,2,Clear,Dry,Dark-Lighted
2020-10-30T23:32:00.000,I 16,I 16 and The Rock Rd,,Rear End,2,Cloudy,Dry,Dark-Not Lighted
2020-10-30T23:32:00.000,I 16,I 16 and The Rock Rd,,Not a Collision with Motor Vehicle,1,Cloudy,Dry,Dark-Not Lighted
2020-08-30T18:55:00.000,I 16,I 16 and The Rock Rd,,Angle Crash,1,Rain,Wet,Daylight
2023-04-26T05:10:00.000,I 16,I 16 and Thairdell Rd,,Rear End,2,Clear,Dry,Dark-Not Lighted
2020-03-25T06:32:00.000,I 16,I 16 and Thairdell Rd,,Not a Collision with Motor Vehicle,1,Rain,Wet,Dark-Not Lighted
2020-01-07T06:20:00.000,I 16,I 16 and Thairdell Rd,,Rear End,2,Clear,Dry,Dark-Not Lighted
2021-10-03T06:25:00.000,I 16,I 16 and Thairdell Rd,,Not a Collision with Motor Vehicle,1,Cloudy,Dry,Dark-Not Lighted
2021-07-20T08:18:00.000,I 16,I 16 and Thairdell Rd,,Not a Collision with Motor Vehicle,1,Rain,Wet,Daylight
2022-06-25T02:15:00.000,I 16,I 16 and Thairdell Rd,,Head On,1,Clear,Dry,Dark-Not Lighted
2023-09-17T12:05:00.000,I 16,I 16 and Thairdell Rd,,Not a Collision with Motor Vehicle,1,Rain,Wet,Daylight
2023-07-05T10:07:00.000,I 16,I 16 and Thairdell Rd,,Not a Collision with Motor Vehicle,2,Clear,Dry,Daylight
2024-05-24T09:25:00.000,I 16,I 16 and Thairdell Rd,,Not a Collision with Motor Vehicle,1,Cloudy,Dry,Daylight
2024-10-14T09:39:00.000,I 16,I 16 and Thairdell Rd,,Rear End,2,Clear,Dry,Daylight
2024-01-17T04:53:00.000,I 16,I 16 and Thairdell Rd,,Not a Collision with Motor Vehicle,3,Clear,Dry,Dark-Not Lighted
2024-04-05T15:47:00.000,I 16,I 16 and Thairdell Rd,,Not a Collision with Motor Vehicle,1,Clear,Dry,Daylight
2024-12-09T16:15:00.000,I 16,I 16 and Thairdale Rd,,Not a Collision with Motor Vehicle,1,Rain,Wet,Daylight
2020-11-12T05:37:00.000,I 16,I 16 and Tar City Road Opas,,Not a Collision with Motor Vehicle,1,Cloudy,Dry,Dark-Not Lighted
2020-11-12T08:43:00.000,I 16,I 16 and Tar City Rd Opas,,Rear End,2,Rain,Wet,Dawn
2021-01-27T06:02:00.000,I 16,I 16 and Tar City Rd,,Angle Crash,1,Rain,Wet,Dark-Not Lighted
2020-05-17T20:57:00.000,I 16,I 16 and Tar City Rd,,Not a Collision with Motor Vehicle,1,Clear,Dry,Dark-Not Lighted
2020-10-27T10:23:00.000,I 16,I 16 and Tar City Rd,,Rear End,2,Clear,Dry,Daylight
2020-01-17T22:05:00.000,I 16,I 16 and Tar City,,Not a Collision with Motor Vehicle,1,Other,Wet,Dark-Not Lighted
2024-09-04T08:28:00.000,I 16,I 16 and String St,,Rear End,2,Clear,Dry,Daylight