Date and Time,Roadway (From Crash Report),Intersection Name (from Crash Report),KABCO Severity,Manner of Collision (Crash Level) ,# of Vehicles per crash ,Weather Conditions (Crash Level),Surface Condition (Crash Level) ,Light Conditions (Crash Level)
2022-03-21T13:49:00.000,I 16,I 16 and Stiles Ave,,Not a Collision with Motor Vehicle,2,Clear,Dry,Daylight
2024-04-07T00:05:00.000,I 16,I 16 and Stiles Ave,,Sideswipe-Opposite Direction,5,Clear,Dry,Dark-Lighted
2021-04-14T05:24:00.000,I 16,I 16 and Sr 96,,Not a Collision with Motor Vehicle,1,Clear,Dry,Dark-Not Lighted
2023-07-07T10:26:00.000,I 16,I 16 and Sr 96,,Sideswipe-Same Direction,2,Clear,Dry,Daylight
2023-03-31T06:41:00.000,I 16,I 16 and Sr 96,,Sideswipe-Same Direction,2,Clear,Dry,Dark-Not Lighted
2023-05-15T21:55:00.000,I 16,I 16 and Sr 96,,Rear End,2,Clear,Dry,Dark-Not Lighted
2023-06-08T04:22:00.000,I 16,I 16 and Sr 96,,Not a Collision with Motor Vehicle,1,Clear,Dry,Dark-Not Lighted
2023-11-07T07:12:00.000,I 16,I 16 and Sr 96,,Angle Crash,2,Clear,Dry,Daylight
2020-07-13T05:44:00.000,I 16,I 16 and Sr 96,,Rear End,2,Clear,Dry,Dawn
2020-11-11T18:04:00.000,I 16,I 16 and Sr 96,,Not a Collision with Motor Vehicle,1,Clear,Wet,Daylight
2020-12-07T06:38:00.000,I 16,I 16 and Sr 96,,Angle Crash,1,Clear,Wet,Dark-Not Lighted
2020-12-07T06:38:00.000,I 16,I 16 and Sr 96,,Angle Crash,2,Clear,Wet,Dark-Not Lighted
2020-12-07T06:38:00.000,I 16,I 16 and Sr 96,,Rear End,2,Clear,Dry,Dark-Not Lighted
2021-01-14T01:54:00.000,I 16,I 16 and Sr 96,,Not a Collision with Motor Vehicle,1,Clear,Dry,Dark-Not Lighted
2021-08-02T18:48:00.000,I 16,I 16 and Sr 96,,Not a Collision with Motor Vehicle,1,Rain,Wet,Daylight
2021-10-05T13:13:00.000,I 16,I 16 and Sr 96,,Not a Collision with Motor Vehicle,1,Rain,Wet,Daylight
2022-09-02T01:22:00.000,I 16,I 16 and Sr 96,,Rear End,2,Cloudy,Dry,Dark-Lighted
2022-11-14T06:44:00.000,I 16,I 16 and Sr 96,,Angle Crash,2,Clear,Dry,Daylight
2022-09-01T20:42:00.000,I 16,I 16 and Sr 96,,Sideswipe-Same Direction,2,Clear,Dry,Dark-Not Lighted
2023-06-23T16:14:00.000,I 16,I 16 and Sr 96,,Not a Collision with Motor Vehicle,1,Rain,Wet,Daylight
2024-08-04T14:45:00.000,I 16,I 16 and Sr 96,,Not a Collision with Motor Vehicle,1,Rain,Wet,Daylight
2021-07-15T01:03:00.000,I 16,I 16 and Sr 86,,Not a Collision with Motor Vehicle,1,Clear,Dry,Dark-Not Lighted
2022-11-29T20:59:00.000,I 16,I 16 and Sr 86,,Rear End,2,Clear,Dry,Dark-Not Lighted
2022-08-29T16:58:00.000,I 16,I 16 and Sr 86,,Not a Collision with Motor Vehicle,1,Rain,Wet,Daylight
2021-08-06T15:58:00.000,I 16,I 16 and Sr 73,,Not a Collision with Motor Vehicle,1,Rain,Wet,Daylight
2021-05-02T20:15:00.000,I 16,I 16 and Sr 73,,Not a Collision with Motor Vehicle,1,Cloudy,Dry,Dark-Not Lighted
2021-06-11T17:54:00.000,I 16,I 16 and Sr 73,,Sideswipe-Same Direction,2,Clear,Dry,Daylight
2021-09-18T19:00:00.000,I 16,I 16 and Sr 73,,Rear End,2,Clear,Dry,Daylight
2021-05-10T02:15:00.000,I 16,I 16 and Sr 73,,Sideswipe-Same Direction,2,Clear,Dry,Dark-Not Lighted
2021-02-02T05:26:00.000,I 16,I 16 and Sr 73,,Not a Collision with Motor Vehicle,1,Clear,Dry,Dark-Not Lighted
2023-06-26T13:00:00.000,I 16,I 16 and Sr 73,,Angle Crash,2,Cloudy,Dry,Daylight
2023-08-11T14:13:00.000,I 16,I 16 and Sr 73,,Rear End,2,Clear,Dry,Daylight
2023-05-01T11:47:00.000,I 16,I 16 and Sr 73,,Rear End,2,Clear,Dry,Daylight
2023-12-14T05:15:00.000,I 16,I 16 and Sr 73,,Not a Collision with Motor Vehicle,2,Cloudy,Dry,Dark-Not Lighted
2023-04-25T15:05:00.000,I 16,I 16 and Sr 73,,Not a Collision with Motor Vehicle,1,Rain,Wet,Daylight
2022-02-11T12:28:00.000,I 16,I 16 and Sr 73,,Sideswipe-Same Direction,2,Clear,Dry,Daylight
2020-10-03T08:58:00.000,I 16,I 16 and Sr 73,,Rear End,2,Clear,Dry,Daylight
2020-01-13T08:12:00.000,I 16,I 16 and Sr 73,,Rear End,2,Cloudy,Wet,Daylight
2020-05-25T12:48:00.000,I 16,I 16 and Sr 73,,Rear End,3,Rain,Wet,Daylight
2021-12-06T17:16:00.000,I 16,I 16 and Sr 73,,Rear End,2,Cloudy,Dry,Dusk
2022-04-26T22:37:00.000,I 16,I 16 and Sr 73,,Angle Crash,2,Clear,Dry,Dark-Lighted
2021-07-30T13:32:00.000,I 16,I 16 and Sr 73,,Not a Collision with Motor Vehicle,1,Clear,Dry,Daylight
2021-09-08T13:50:00.000,I 16,I 16 and Sr 73,,Not a Collision with Motor Vehicle,1,Clear,Dry,Daylight
2024-06-11T07:14:00.000,I 16,I 16 and Sr 73,,Rear End,2,Clear,Dry,Daylight
2024-03-07T15:10:00.000,I 16,I 16 and Sr 73,,Rear End,2,Clear,Dry,Daylight
2024-05-30T15:00:00.000,I 16,I 16 and Sr 73,,Sideswipe-Same Direction,2,Cloudy,Dry,Daylight
2024-07-24T08:30:00.000,I 16,I 16 and Sr 73,,Rear End,2,Cloudy,Dry,Daylight
2023-12-22T12:45:00.000,I 16,I 16 and Sr 73,,Rear End,2,Cloudy,Dry,Daylight
2024-09-12T21:40:00.000,I 16,I 16 and Sr 73,,Not a Collision with Motor Vehicle,1,Cloudy,Dry,Dark-Not Lighted
2023-11-26T18:13:00.000,I 16,I 16 and Sr 73,,Rear End,2,Rain,Wet,Dark-Lighted
2023-11-26T17:30:00.000,I 16,I 16 and Sr 73,,Rear End,2,Rain,Wet,Dark-Lighted
2023-12-14T05:15:00.000,I 16,I 16 and Sr 73,,Not a Collision with Motor Vehicle,2,Cloudy,Dry,Dark-Not Lighted
2024-10-18T09:45:00.000,I 16,I 16 and Sr 73,,Rear End,2,Clear,Dry,Daylight
2024-05-03T18:50:00.000,I 16,I 16 and Sr 73,,Sideswipe-Same Direction,2,Cloudy,Dry,Daylight
2024-01-12T19:35:00.000,I 16,I 16 and Sr 73,,Not a Collision with Motor Vehicle,1,Severe Thunderstorm or Tornadic,Wet,Dark-Not Lighted
2024-09-23T04:35:00.000,I 16,I 16 and Sr 73,,Not a Collision with Motor Vehicle,1,Cloudy,Dry,Dark-Not Lighted
2024-09-23T09:15:00.000,I 16,I 16 and Sr 73,,Sideswipe-Same Direction,2,Clear,Dry,Daylight
2024-08-26T10:48:00.000,I 16,I 16 and Sr 73,,Rear End,2,Clear,Dry,Daylight
2024-02-27T22:20:00.000,I 16,I 16 and Sr 73,,Sideswipe-Same Direction,2,Cloudy,Dry,Dark-Not Lighted
2021-04-17T10:10:00.000,I 16,I 16 and Sr 67,,Not a Collision with Motor Vehicle,1,Clear,Dry,Daylight
2021-10-25T13:00:00.000,I 16,I 16 and Sr 67,,Rear End,2,Clear,Dry,Daylight
2021-11-09T09:55:00.000,I 16,I 16 and Sr 67,,Not a Collision with Motor Vehicle,1,Clear,Dry,Daylight
2021-05-19T19:47:00.000,I 16,I 16 and Sr 67,,Not a Collision with Motor Vehicle,1,Clear,Dry,Dusk
2021-06-03T14:14:00.000,I 16,I 16 and Sr 67,,Angle Crash,2,Cloudy,Dry,Daylight
2021-08-15T18:33:00.000,I 16,I 16 and Sr 67,,Not a Collision with Motor Vehicle,1,Cloudy,Dry,Daylight
2021-02-14T03:25:00.000,I 16,I 16 and Sr 67,,Not a Collision with Motor Vehicle,1,Rain,Wet,Dark-Not Lighted
2020-05-27T18:20:00.000,I 16,I 16 and Sr 67,,Rear End,2,Clear,Dry,Daylight
2023-04-30T19:28:00.000,I 16,I 16 and Sr 67,,Rear End,2,Clear,Dry,Daylight
2023-09-07T17:28:00.000,I 16,I 16 and Sr 67,,Rear End,2,Clear,Dry,Daylight
2023-07-15T12:17:00.000,I 16,I 16 and Sr 67,,Rear End,2,Clear,Dry,Daylight
2023-07-20T16:30:00.000,I 16,I 16 and Sr 67,,Rear End,2,Cloudy,Dry,Daylight
2023-07-19T18:00:00.000,I 16,I 16 and Sr 67,,Rear End,3,Cloudy,Dry,Daylight
2023-11-20T15:00:00.000,I 16,I 16 and Sr 67,,Rear End,2,Clear,Dry,Daylight
2023-10-21T07:05:00.000,I 16,I 16 and Sr 67,,Not a Collision with Motor Vehicle,1,Clear,Dry,Dawn
2022-03-27T16:09:00.000,I 16,I 16 and Sr 67,,Rear End,2,Clear,Dry,Daylight
2020-12-29T17:21:00.000,I 16,I 16 and Sr 67,,Rear End,2,Clear,Dry,Daylight
2020-12-16T14:12:00.000,I 16,I 16 and Sr 67,,Sideswipe-Same Direction,2,Cloudy,Dry,Daylight
2020-10-08T16:05:00.000,I 16,I 16 and Sr 67,,Rear End,2,Clear,Dry,Daylight
2020-02-04T05:35:00.000,I 16,I 16 and Sr 67,,Rear End,2,Clear,Dry,Daylight
2020-07-16T14:03:00.000,I 16,I 16 and Sr 67,,Rear End,2,Clear,Dry,Daylight
2020-11-27T17:08:00.000,I 16,I 16 and Sr 67,,Rear End,2,Clear,Dry,Daylight
2020-02-27T16:54:00.000,I 16,I 16 and Sr 67,,Angle Crash,2,Clear,Dry,Daylight
2020-07-16T14:03:00.000,I 16,I 16 and Sr 67,,Rear End,2,Clear,Dry,Daylight
2020-05-31T13:50:00.000,I 16,I 16 and Sr 67,,Rear End,2,Clear,Dry,Daylight
2021-05-01T00:35:00.000,I 16,I 16 and Sr 67,,Angle Crash,2,Cloudy,Dry,Dark-Not Lighted
2021-06-09T13:18:00.000,I 16,I 16 and Sr 67,,Rear End,2,Cloudy,Dry,Daylight
2021-03-14T09:00:00.000,I 16,I 16 and Sr 67,,Not a Collision with Motor Vehicle,1,Clear,Dry,Daylight
2021-08-11T20:21:00.000,I 16,I 16 and Sr 67,,Not a Collision with Motor Vehicle,1,Rain,Wet,Dark-Not Lighted
2021-08-03T17:20:00.000,I 16,I 16 and Sr 67,,Not a Collision with Motor Vehicle,1,Cloudy,Dry,Daylight
2021-09-13T11:24:00.000,I 16,I 16 and Sr 67,,Not a Collision with Motor Vehicle,2,Clear,Dry,Daylight
2021-10-28T09:50:00.000,I 16,I 16 and Sr 67,,Sideswipe-Same Direction,2,Rain,Wet,Daylight
2022-07-09T14:15:00.000,I 16,I 16 and Sr 67,,Not a Collision with Motor Vehicle,1,Cloudy,Dry,Daylight
2021-10-08T16:00:00.000,I 16,I 16 and Sr 67,,Rear End,2,Cloudy,Dry,Daylight
2022-09-02T19:30:00.000,I 16,I 16 and Sr 67,,Not a Collision with Motor Vehicle,1,Cloudy,Wet,Dusk
2022-08-18T09:24:00.000,I 16,I 16 and Sr 67,,Angle Crash,2,Cloudy,Dry,Daylight
2022-09-09T17:16:00.000,I 16,I 16 and Sr 67,,Not a Collision with Motor Vehicle,1,Rain,Wet,Daylight
2022-09-21T17:05:00.000,I 16,I 16 and Sr 67,,Rear End,2,Clear,Dry,Daylight
2022-02-18T17:34:00.000,I 16,I 16 and Sr 67,,Rear End,2,Clear,Dry,Daylight
2021-08-08T18:00:00.000,I 16,I 16 and Sr 67,,Not a Collision with Motor Vehicle,1,Rain,Wet,Daylight
2022-02-25T17:54:00.000,I 16,I 16 and Sr 67,,Sideswipe-Same Direction,2,Clear,Dry,Daylight
2022-01-10T07:53:00.000,I 16,I 16 and Sr 67,,Not a Collision with Motor Vehicle,1,Cloudy,Wet,Daylight
2022-10-25T17:44:00.000,I 16,I 16 and Sr 67,,Rear End,2,Clear,Dry,Daylight
2022-06-09T13:08:00.000,I 16,I 16 and Sr 67,,Sideswipe-Same Direction,2,Cloudy,Dry,Daylight
2022-06-02T14:21:00.000,I 16,I 16 and Sr 67,,Rear End,2,Cloudy,Dry,Daylight
2022-05-26T22:45:00.000,I 16,I 16 and Sr 67,,Not a Collision with Motor Vehicle,1,Rain,Wet,Dark-Not Lighted
2022-02-28T15:53:00.000,I 16,I 16 and Sr 67,,Rear End,2,Clear,Dry,Daylight
2022-09-22T13:52:00.000,I 16,I 16 and Sr 67,,Angle Crash,3,Clear,Dry,Daylight
2022-05-17T14:57:00.000,I 16,I 16 and Sr 67,,Not a Collision with Motor Vehicle,1,Clear,Dry,Daylight
2023-11-06T10:45:00.000,I 16,I 16 and Sr 67,,Not a Collision with Motor Vehicle,1,Cloudy,Dry,Daylight
2023-06-19T16:23:00.000,I 16,I 16 and Sr 67,,Rear End,2,Cloudy,Dry,Daylight
2024-03-31T12:43:00.000,I 16,I 16 and Sr 67,,Angle Crash,2,Clear,Dry,Daylight
2024-08-19T14:14:00.000,I 16,I 16 and Sr 67,,Rear End,2,Clear,Dry,Daylight
2023-10-27T16:09:00.000,I 16,I 16 and Sr 67,,Rear End,2,Clear,Dry,Daylight
2024-03-26T16:20:00.000,I 16,I 16 and Sr 67,,Rear End,4,Cloudy,Dry,Daylight
2023-11-16T16:50:00.000,I 16,I 16 and Sr 67,,Rear End,2,Clear,Dry,Daylight
2023-10-21T07:05:00.000,I 16,I 16 and Sr 67,,Not a Collision with Motor Vehicle,1,Clear,Dry,Dawn
2023-10-19T16:20:00.000,I 16,I 16 and Sr 67,,Not a Collision with Motor Vehicle,1,Cloudy,Dry,Daylight
2023-11-04T16:40:00.000,I 16,I 16 and Sr 67,,Sideswipe-Same Direction,2,Clear,Dry,Daylight
2023-02-07T18:19:00.000,I 16,I 16 and Sr 67,,Not a Collision with Motor Vehicle,1,Clear,Dry,Dark-Not Lighted
2024-12-03T12:05:00.000,I 16,I 16 and Sr 67,,Rear End,2,Clear,Dry,Daylight
2024-08-03T19:45:00.000,I 16,I 16 and Sr 67,,Not a Collision with Motor Vehicle,1,Cloudy,Dry,Dusk
2024-05-06T05:16:00.000,I 16,I 16 and Sr 67,,Rear End,2,Clear,Dry,Dawn
2024-08-12T17:12:00.000,I 16,I 16 and Sr 67,,Rear End,2,Clear,Dry,Daylight
2024-01-23T17:35:00.000,I 16,I 16 and Sr 67,,Sideswipe-Same Direction,2,Cloudy,Dry,Dark-Not Lighted
2024-02-14T17:33:00.000,I 16,I 16 and Sr 67,,Rear End,2,Clear,Dry,Daylight
2024-02-14T10:09:00.000,I 16,I 16 and Sr 67,,Rear End,2,Clear,Dry,Daylight
2024-03-22T15:20:00.000,I 16,I 16 and Sr 67,,Rear End,2,Cloudy,Wet,Daylight
2024-06-09T18:25:00.000,I 16,I 16 and Sr 67,,Rear End,2,Cloudy,Dry,Daylight
2021-09-19T14:58:00.000,I 16,I 16 and Sr 57,,Not a Collision with Motor Vehicle,1,Rain,Wet,Daylight
2021-02-14T13:39:00.000,I 16,I 16 and Sr 57,,Not a Collision with Motor Vehicle,1,Rain,Wet,Daylight
2021-12-20T12:49:00.000,I 16,I 16 and Sr 57,,Sideswipe-Same Direction,2,Cloudy,Dry,Daylight
2023-06-18T20:00:00.000,I 16,I 16 and Sr 57,,Rear End,3,Cloudy,Dry,Dusk
2020-12-24T17:15:00.000,I 16,I 16 and Sr 57,,Not a Collision with Motor Vehicle,1,Rain,Wet,Dusk
2020-06-08T16:36:00.000,I 16,I 16 and Sr 57,,Not a Collision with Motor Vehicle,1,Rain,Wet,Daylight
2020-12-24T18:36:00.000,I 16,I 16 and Sr 57,,Angle Crash,2,Rain,Wet,Dark-Not Lighted
2020-06-17T16:18:00.000,I 16,I 16 and Sr 57,,Sideswipe-Same Direction,2,Clear,Dry,Daylight
2021-02-01T13:25:00.000,I 16,I 16 and Sr 57,,Rear End,2,Cloudy,Dry,Daylight
2022-04-29T15:15:00.000,I 16,I 16 and Sr 57,,Rear End,2,Clear,Dry,Daylight
2022-11-02T22:38:00.000,I 16,I 16 and Sr 57,,Not a Collision with Motor Vehicle,1,Clear,Dry,Dark-Not Lighted
2022-07-10T16:15:00.000,I 16,I 16 and Sr 57,,Sideswipe-Same Direction,2,Rain,Wet,Daylight
2022-01-14T08:26:00.000,I 16,I 16 and Sr 57,,Sideswipe-Same Direction,2,Clear,Dry,Daylight
2022-07-24T19:40:00.000,I 16,I 16 and Sr 57,,Not a Collision with Motor Vehicle,1,Rain,Wet,Daylight
2023-08-02T18:25:00.000,I 16,I 16 and Sr 57,,Not a Collision with Motor Vehicle,1,Cloudy,Dry,Daylight
2021-09-29T08:05:00.000,I 16,I 16 and Sr 56,,Sideswipe-Same Direction,2,Clear,Dry,Daylight
2021-01-26T16:45:00.000,I 16,I 16 and Sr 56,,Not a Collision with Motor Vehicle,1,Rain,Wet,Daylight
2023-03-10T13:24:00.000,I 16,I 16 and Sr 56,,Sideswipe-Same Direction,2,Rain,Wet,Daylight
2020-09-25T17:22:00.000,I 16,I 16 and Sr 56,,Sideswipe-Same Direction,2,Rain,Wet,Daylight
2020-12-06T08:31:00.000,I 16,I 16 and Sr 56,,Not a Collision with Motor Vehicle,1,Clear,Dry,Daylight
2020-08-18T16:30:00.000,I 16,I 16 and Sr 56,,Not a Collision with Motor Vehicle,1,Cloudy,Dry,Daylight
2020-09-25T17:00:00.000,I 16,I 16 and Sr 56,,Sideswipe-Same Direction,2,Rain,Wet,Daylight
2020-06-12T16:40:00.000,I 16,I 16 and Sr 56,,Not a Collision with Motor Vehicle,1,Cloudy,Wet,Daylight
2020-02-05T21:55:00.000,I 16,I 16 and Sr 56,,Rear End,2,Rain,Wet,Dark-Not Lighted
2020-08-18T14:00:00.000,I 16,I 16 and Sr 56,,Not a Collision with Motor Vehicle,1,Rain,Wet,Daylight
2020-09-25T15:50:00.000,I 16,I 16 and Sr 56,,Rear End,2,Rain,Wet,Daylight
2020-04-08T03:40:00.000,I 16,I 16 and Sr 56,,Not a Collision with Motor Vehicle,1,Cloudy,Wet,Dark-Not Lighted
2020-10-25T04:37:00.000,I 16,I 16 and Sr 56,,Not a Collision with Motor Vehicle,1,Clear,Dry,Dark-Not Lighted
2022-04-05T16:30:00.000,I 16,I 16 and Sr 56,,Rear End,2,Severe Thunderstorm or Tornadic,Water (standing or moving),Daylight
2022-01-09T16:26:00.000,I 16,I 16 and Sr 56,,Not a Collision with Motor Vehicle,1,Clear,Dry,Daylight
2022-01-02T12:50:00.000,I 16,I 16 and Sr 56,,Not a Collision with Motor Vehicle,1,Rain,Wet,Daylight
2022-12-30T06:57:00.000,I 16,I 16 and Sr 56,,Not a Collision with Motor Vehicle,1,Clear,Dry,Daylight
2023-01-05T07:44:00.000,I 16,I 16 and Sr 56,,Angle Crash,2,Cloudy,Dry,Daylight
2024-04-23T17:35:00.000,I 16,I 16 and Sr 56,,Rear End,2,Clear,Dry,Daylight
2023-03-15T22:30:00.000,I 16,I 16 and Sr 56,,Not a Collision with Motor Vehicle,1,Clear,Dry,Dark-Not Lighted
2023-08-16T14:43:00.000,I 16,I 16 and Sr 56,,Not a Collision with Motor Vehicle,1,Clear,Dry,Daylight
2023-12-01T17:40:00.000,I 16,I 16 and Sr 56,,Not a Collision with Motor Vehicle,1,Clear,Dry,Dark-Not Lighted
2024-10-14T13:15:00.000,I 16,I 16 and Sr 56,,Not a Collision with Motor Vehicle,1,Clear,Dry,Daylight
2024-06-29T15:52:00.000,I 16,I 16 and Sr 56,,Not a Collision with Motor Vehicle,1,Rain,Wet,Daylight
2024-02-12T07:41:00.000,I 16,I 16 and Sr 56,,Not a Collision with Motor Vehicle,1,Rain,Wet,Daylight
2024-07-07T17:20:00.000,I 16,I 16 and Sr 56,,Not a Collision with Motor Vehicle,1,Rain,Wet,Daylight
2022-09-27T07:24:00.000,I 16,I 16 and Sr 540,,Not a Collision with Motor Vehicle,1,Clear,Dry,Daylight
2024-10-12T18:38:00.000,I 16,I 16 and Sr 540,,Sideswipe-Same Direction,2,Clear,Dry,Dark-Lighted
2024-08-15T08:00:00.000,I 16,I 16 and Sr 540,,Not a Collision with Motor Vehicle,1,Clear,Dry,Daylight
2024-11-22T15:00:00.000,I 16,I 16 and Sr 540,,Sideswipe-Same Direction,2,Clear,Dry,Daylight
2024-06-13T17:00:00.000,I 16,I 16 and Sr 540,,Sideswipe-Same Direction,2,Clear,Dry,Daylight
2024-10-16T15:02:00.000,I 16,I 16 and Sr 540,,Rear End,2,Clear,Dry,Daylight
2024-04-01T00:00:00.000,I 16,I 16 and Sr 540,,Not a Collision with Motor Vehicle,2,Clear,Dry,Daylight
2024-11-11T18:20:00.000,I 16,I 16 and Sr 540,,Rear End,5,Clear,Dry,Daylight
2024-11-22T09:55:00.000,I 16,I 16 and Sr 540,,Sideswipe-Same Direction,2,Clear,Dry,Daylight
2024-11-29T12:13:00.000,I 16,I 16 and Sr 540,,Rear End,3,Clear,Dry,Daylight
2024-12-13T10:11:00.000,I 16,I 16 and Sr 540,,Sideswipe-Same Direction,2,Clear,Dry,Daylight
2024-09-17T15:52:00.000,I 16,I 16 and Sr 540,,Sideswipe-Same Direction,2,Clear,Dry,Daylight
2024-10-09T15:50:00.000,I 16,I 16 and Sr 540,,Sideswipe-Same Direction,2,Clear,Dry,Daylight
2024-08-02T13:36:00.000,I 16,I 16 and Sr 540,,Sideswipe-Same Direction,2,Clear,Dry,Daylight
2024-10-04T14:54:00.000,I 16,I 16 and Sr 540,,Rear End,2,Clear,Dry,Daylight
2024-06-16T08:58:00.000,I 16,I 16 and Sr 540,,Rear End,2,Clear,Dry,Daylight
2024-12-30T09:16:00.000,I 16,I 16 and Sr 540,,Rear End,2,Clear,Dry,Daylight
2022-06-26T11:00:00.000,I 16,I 16 and Sr 516,,Sideswipe-Same Direction,2,Clear,Dry,Daylight
2024-06-16T14:37:00.000,I 16,I 16 and Sr 46,,Not a Collision with Motor Vehicle,1,Cloudy,Dry,Daylight
2021-12-26T12:18:00.000,I 16,I 16 and Sr 404,,Rear End,2,Clear,Dry,Daylight
2021-03-18T07:56:00.000,I 16,I 16 and Sr 404,,Sideswipe-Same Direction,2,Cloudy,Dry,Dawn
2021-04-18T12:58:00.000,I 16,I 16 and Sr 404,,Rear End,2,Clear,Dry,Daylight
2023-01-09T06:17:00.000,I 16,I 16 and Sr 404,,Rear End,2,Clear,Dry,Dark-Not Lighted
2024-05-16T22:54:00.000,I 16,I 16 and Sr 404,,Angle Crash,2,Clear,Dry,Dark-Lighted
2021-03-22T05:02:00.000,I 16,I 16 and Sr 358,,Sideswipe-Same Direction,2,Clear,Dry,Dark-Not Lighted
2020-12-21T19:56:00.000,I 16,I 16 and Sr 358,,Sideswipe-Same Direction,2,Clear,Dry,Dark-Not Lighted
2020-03-31T14:40:00.000,I 16,I 16 and Sr 358,,Not a Collision with Motor Vehicle,1,Rain,Wet,Daylight
2020-03-07T22:12:00.000,I 16,I 16 and Sr 358,,Rear End,1,Clear,Dry,Dark-Not Lighted
2021-07-14T18:21:00.000,I 16,I 16 and Sr 358,,Not a Collision with Motor Vehicle,1,Clear,Dry,Daylight
2022-10-03T21:37:00.000,I 16,I 16 and Sr 358,,Not a Collision with Motor Vehicle,1,Clear,Dry,Dark-Not Lighted
2023-06-16T07:15:00.000,I 16,I 16 and Sr 358,,Angle Crash,2,Cloudy,Dry,Daylight
2023-01-07T08:20:00.000,I 16,I 16 and Sr 358,,Not a Collision with Motor Vehicle,1,Clear,Dry,Daylight
2024-07-18T15:46:00.000,I 16,I 16 and Sr 358,,Not a Collision with Motor Vehicle,1,Rain,Wet,Daylight
2024-05-23T16:40:00.000,I 16,I 16 and Sr 358,,Not a Collision with Motor Vehicle,1,Clear,Dry,Daylight
2024-07-18T15:42:00.000,I 16,I 16 and Sr 358,,Not a Collision with Motor Vehicle,1,Clear,Dry,Daylight
2024-09-13T20:40:00.000,I 16,I 16 and Sr 358,,Not a Collision with Motor Vehicle,1,Cloudy,Wet,Dark-Not Lighted
2021-03-03T13:30:00.000,I 16,I 16 and Sr 338,,Rear End,3,Clear,Dry,Daylight
2021-03-24T09:28:00.000,I 16,I 16 and Sr 338,,Rear End,2,Cloudy,Dry,Daylight
2021-06-07T22:54:00.000,I 16,I 16 and Sr 338,,Sideswipe-Same Direction,2,Rain,Wet,Daylight
2021-06-10T11:26:00.000,I 16,I 16 and Sr 338,,Not a Collision with Motor Vehicle,1,Clear,Dry,Daylight
2021-09-15T16:38:00.000,I 16,I 16 and Sr 338,,Not a Collision with Motor Vehicle,1,Rain,Wet,Daylight
2021-12-09T09:56:00.000,I 16,I 16 and Sr 338,,Rear End,2,Fog,Dry,Daylight
2021-09-20T03:32:00.000,I 16,I 16 and Sr 338,,Rear End,2,Cloudy,Dry,Dark-Not Lighted
2021-03-09T19:00:00.000,I 16,I 16 and Sr 338,,Not a Collision with Motor Vehicle,1,Clear,Dry,Dark-Not Lighted
2021-03-19T21:46:00.000,I 16,I 16 and Sr 338,,Not a Collision with Motor Vehicle,1,Clear,Dry,Dark-Not Lighted
2020-03-03T16:49:00.000,I 16,I 16 and Sr 338,,Not a Collision with Motor Vehicle,1,Rain,Wet,Daylight
2023-05-01T21:04:00.000,I 16,I 16 and Sr 338,,Not a Collision with Motor Vehicle,1,Clear,Dry,Dark-Not Lighted
2023-05-29T13:12:00.000,I 16,I 16 and Sr 338,,Sideswipe-Same Direction,2,Cloudy,Dry,Daylight
2023-03-08T19:00:00.000,I 16,I 16 and Sr 338,,Not a Collision with Motor Vehicle,1,Clear,Dry,Dark-Not Lighted
2020-06-23T18:59:00.000,I 16,I 16 and Sr 338,,Not a Collision with Motor Vehicle,1,Rain,Wet,Daylight
2020-06-10T15:14:00.000,I 16,I 16 and Sr 338,,Sideswipe-Same Direction,3,Clear,Dry,Daylight
2021-02-18T23:15:00.000,I 16,I 16 and Sr 338,,Not a Collision with Motor Vehicle,1,Rain,Wet,Dark-Not Lighted
2021-05-05T09:41:00.000,I 16,I 16 and Sr 338,,Not a Collision with Motor Vehicle,1,Cloudy,Dry,Daylight
2021-09-15T17:00:00.000,I 16,I 16 and Sr 338,,Not a Collision with Motor Vehicle,1,Rain,Wet,Daylight
2021-12-08T01:31:00.000,I 16,I 16 and Sr 338,,Rear End,2,Rain,Wet,Dark-Not Lighted
2022-12-11T18:18:00.000,I 16,I 16 and Sr 338,,Rear End,2,Cloudy,Dry,Dark-Not Lighted
2022-12-09T20:08:00.000,I 16,I 16 and Sr 338,,Not a Collision with Motor Vehicle,1,Clear,Dry,Dark-Not Lighted
2022-07-12T17:24:00.000,I 16,I 16 and Sr 338,,Not a Collision with Motor Vehicle,1,Cloudy,Dry,Daylight
2022-11-14T09:44:00.000,I 16,I 16 and Sr 338,,Rear End,2,Clear,Dry,Daylight
2022-08-16T03:12:00.000,I 16,I 16 and Sr 338,,Not a Collision with Motor Vehicle,1,Clear,Dry,Dark-Not Lighted
2024-07-18T15:46:00.000,I 16,I 16 and Sr 338,,Rear End,2,Rain,Wet,Daylight
2024-06-29T23:38:00.000,I 16,I 16 and Sr 338,,Rear End,2,Clear,Dry,Dark-Not Lighted
2024-06-19T11:10:00.000,I 16,I 16 and Sr 338,,Not a Collision with Motor Vehicle,1,Clear,Dry,Daylight
2024-06-17T16:00:00.000,I 16,I 16 and Sr 338,,Rear End,2,Clear,Dry,Daylight
2023-08-08T13:15:00.000,I 16,I 16 and Sr 338,,Sideswipe-Same Direction,2,Clear,Dry,Daylight
2023-12-06T21:39:00.000,I 16,I 16 and Sr 338,,Head On,3,Clear,Dry,Dark-Not Lighted
2023-10-08T02:30:00.000,I 16,I 16 and Sr 338,,Not a Collision with Motor Vehicle,1,Clear,Dry,Dark-Not Lighted
2023-06-28T08:35:00.000,I 16,I 16 and Sr 338,,Sideswipe-Same Direction,2,Clear,Dry,Daylight