Date and Time,Roadway (From Crash Report),Intersection Name (from Crash Report),KABCO Severity,Manner of Collision (Crash Level) ,# of Vehicles per crash ,Weather Conditions (Crash Level),Surface Condition (Crash Level) ,Light Conditions (Crash Level)
2024-11-19T13:45:00.000,I 16,I 16 and Sr 338,,Rear End,2,Rain,Wet,Daylight
2024-08-17T16:05:00.000,I 16,I 16 and Sr 338,,Not a Collision with Motor Vehicle,1,Rain,Wet,Daylight
2024-09-09T18:46:00.000,I 16,I 16 and Sr 338,,Rear End,2,Clear,Dry,Daylight
2024-07-04T13:24:00.000,I 16,I 16 and Sr 338,,Not a Collision with Motor Vehicle,1,Rain,Wet,Daylight
2024-07-04T13:30:00.000,I 16,I 16 and Sr 338,,Angle Crash,2,Rain,Wet,Daylight
2024-06-17T15:20:00.000,I 16,I 16 and Sr 338,,Sideswipe-Same Direction,2,Clear,Dry,Daylight
2024-07-22T16:38:00.000,I 16,I 16 and Sr 338,,Angle Crash,2,Clear,Dry,Daylight
2024-12-18T20:23:00.000,I 16,I 16 and Sr 338,,Sideswipe-Same Direction,3,Clear,Dry,Dark-Not Lighted
2024-02-13T21:44:00.000,I 16,I 16 and Sr 338,,Sideswipe-Same Direction,2,Clear,Dry,Dark-Not Lighted
2021-09-15T22:30:00.000,I 16,I 16 and Sr 31,,Not a Collision with Motor Vehicle,1,Rain,Wet,Daylight
2021-03-08T14:48:00.000,I 16,I 16 and Sr 31,,Angle Crash,3,Clear,Dry,Daylight
2023-10-27T14:00:00.000,I 16,I 16 and Sr 31,,Angle Crash,2,Clear,Dry,Daylight
2023-07-29T10:31:00.000,I 16,I 16 and Sr 31,,Not a Collision with Motor Vehicle,1,Rain,Wet,Daylight
2023-05-15T02:50:00.000,I 16,I 16 and Sr 31,,Rear End,2,Clear,Dry,Daylight
2023-01-15T18:30:00.000,I 16,I 16 and Sr 31,,Rear End,2,Clear,Dry,Dark-Lighted
2023-06-01T19:04:00.000,I 16,I 16 and Sr 31,,Angle Crash,2,Clear,Dry,Daylight
2021-01-28T12:47:00.000,I 16,I 16 and Sr 31,,Not a Collision with Motor Vehicle,1,Clear,Dry,Daylight
2020-10-23T15:59:00.000,I 16,I 16 and Sr 31,,Sideswipe-Same Direction,3,Rain,Wet,Daylight
2020-10-23T15:59:00.000,I 16,I 16 and Sr 31,,Not a Collision with Motor Vehicle,1,Rain,Wet,Daylight
2020-04-30T15:57:00.000,I 16,I 16 and Sr 31,,Rear End,2,Cloudy,Dry,Daylight
2020-04-19T18:33:00.000,I 16,I 16 and Sr 31,,Not a Collision with Motor Vehicle,1,Rain,Wet,Daylight
2020-10-23T15:59:00.000,I 16,I 16 and Sr 31,,Rear End,2,Rain,Wet,Daylight
2020-07-23T17:42:00.000,I 16,I 16 and Sr 31,,Rear End,2,Clear,Dry,Daylight
2020-03-21T13:44:00.000,I 16,I 16 and Sr 31,,Rear End,2,Cloudy,Dry,Daylight
2020-10-29T06:47:00.000,I 16,I 16 and Sr 31,,Sideswipe-Same Direction,2,Clear,Dry,Daylight
2020-10-24T02:16:00.000,I 16,I 16 and Sr 31,,Not a Collision with Motor Vehicle,1,Clear,Dry,Dark-Not Lighted
2020-08-02T15:45:00.000,I 16,I 16 and Sr 31,,Not a Collision with Motor Vehicle,1,Rain,Wet,Daylight
2020-07-22T22:13:00.000,I 16,I 16 and Sr 31,,Not a Collision with Motor Vehicle,1,Clear,Dry,Dark-Not Lighted
2020-11-28T11:28:00.000,I 16,I 16 and Sr 31,,Angle Crash,2,Cloudy,Dry,Daylight
2020-07-06T23:15:00.000,I 16,I 16 and Sr 31,,Not a Collision with Motor Vehicle,1,Rain,Wet,Dark-Not Lighted
2021-06-08T18:05:00.000,I 16,I 16 and Sr 31,,Not a Collision with Motor Vehicle,1,Rain,Wet,Daylight
2021-03-11T18:46:00.000,I 16,I 16 and Sr 31,,Not a Collision with Motor Vehicle,1,Clear,Dry,Daylight
2021-03-09T07:20:00.000,I 16,I 16 and Sr 31,,Rear End,2,Clear,Dry,Daylight
2021-07-11T12:33:00.000,I 16,I 16 and Sr 31,,Not a Collision with Motor Vehicle,1,Rain,Wet,Daylight
2021-08-28T00:27:00.000,I 16,I 16 and Sr 31,,Rear End,2,Clear,Dry,Dark-Not Lighted
2022-03-11T07:53:00.000,I 16,I 16 and Sr 31,,Rear End,2,Cloudy,Dry,Daylight
2022-08-18T07:38:00.000,I 16,I 16 and Sr 31,,Rear End,2,Cloudy,Dry,Daylight
2022-06-01T03:44:00.000,I 16,I 16 and Sr 31,,Not a Collision with Motor Vehicle,1,Clear,Dry,Dark-Not Lighted
2022-03-26T11:45:00.000,I 16,I 16 and Sr 31,,Rear End,2,Clear,Dry,Daylight
2022-06-01T03:44:00.000,I 16,I 16 and Sr 31,,Angle Crash,2,Clear,Dry,Dark-Not Lighted
2022-03-11T07:53:00.000,I 16,I 16 and Sr 31,,Sideswipe-Same Direction,2,Cloudy,Dry,Daylight
2022-10-07T19:15:00.000,I 16,I 16 and Sr 31,,Sideswipe-Same Direction,2,Clear,Dry,Daylight
2022-08-18T06:36:00.000,I 16,I 16 and Sr 31,,Rear End,2,Clear,Dry,Dawn
2022-07-29T10:13:00.000,I 16,I 16 and Sr 31,,Sideswipe-Same Direction,2,Clear,Dry,Daylight
2022-09-06T07:49:00.000,I 16,I 16 and Sr 31,,Rear End,2,Clear,Dry,Daylight
2022-08-08T16:04:00.000,I 16,I 16 and Sr 31,,Not a Collision with Motor Vehicle,1,Rain,Wet,Daylight
2022-03-17T13:40:00.000,I 16,I 16 and Sr 31,,Sideswipe-Same Direction,2,Clear,Dry,Daylight
2022-08-14T13:17:00.000,I 16,I 16 and Sr 31,,Rear End,2,Clear,Dry,Daylight
2024-08-21T17:57:00.000,I 16,I 16 and Sr 31,,Angle Crash,2,Clear,Dry,Daylight
2024-05-14T17:15:00.000,I 16,I 16 and Sr 31,,Rear End,2,Clear,Dry,Daylight
2023-02-01T08:10:00.000,I 16,I 16 and Sr 31,,Rear End,2,Fog,Wet,Daylight
2023-06-01T19:04:00.000,I 16,I 16 and Sr 31,,Angle Crash,2,Clear,Dry,Daylight
2023-12-21T12:55:00.000,I 16,I 16 and Sr 31,,Rear End,2,Clear,Dry,Daylight
2023-12-17T09:14:00.000,I 16,I 16 and Sr 31,,Angle Crash,2,Rain,Wet,Daylight
2024-03-17T18:16:00.000,I 16,I 16 and Sr 31,,Angle Crash,2,Rain,Wet,Daylight
2024-02-22T21:09:00.000,I 16,I 16 and Sr 31,,Not a Collision with Motor Vehicle,1,Clear,Dry,Dark-Not Lighted
2024-09-02T17:37:00.000,I 16,I 16 and Sr 31,,Not a Collision with Motor Vehicle,1,Rain,Wet,Daylight
2024-09-19T06:04:00.000,I 16,I 16 and Sr 31,,Rear End,2,Clear,Dry,Dark-Not Lighted
2024-07-29T14:40:00.000,I 16,I 16 and Sr 31,,Angle Crash,2,Rain,Wet,Daylight
2024-09-18T14:40:00.000,I 16,I 16 and Sr 31,,Sideswipe-Same Direction,2,Clear,Dry,Daylight
2024-04-12T14:11:00.000,I 16,I 16 and Sr 31,,Rear End,2,Clear,Dry,Daylight
2024-03-29T11:40:00.000,I 16,I 16 and Sr 31,,Rear End,2,Clear,Dry,Daylight
2021-03-26T10:08:00.000,I 16,I 16 and Sr 307,,Not a Collision with Motor Vehicle,1,Clear,Dry,Daylight
2021-10-19T04:58:00.000,I 16,I 16 and Sr 307,,Not a Collision with Motor Vehicle,1,Clear,Dry,Dark-Not Lighted
2020-05-05T21:07:00.000,I 16,I 16 and Sr 307,,Angle Crash,2,Clear,Dry,Dark-Not Lighted
2020-05-05T22:03:00.000,I 16,I 16 and Sr 307,,Sideswipe-Same Direction,2,Clear,Dry,Dark-Not Lighted
2020-05-05T21:06:00.000,I 16,I 16 and Sr 307,,Angle Crash,3,Clear,Dry,Dark-Not Lighted
2021-09-01T12:56:00.000,I 16,I 16 and Sr 307,,Rear End,3,Clear,Dry,Daylight
2022-10-21T14:00:00.000,I 16,I 16 and Sr 307,,Angle Crash,2,Clear,Dry,Daylight
2022-10-21T13:39:00.000,I 16,I 16 and Sr 307,,Sideswipe-Same Direction,2,Clear,Dry,Daylight
2022-04-04T19:50:00.000,I 16,I 16 and Sr 307,,Rear End,4,Clear,Dry,Dark-Not Lighted
2024-08-17T09:09:00.000,I 16,I 16 and Sr 307,,Sideswipe-Same Direction,2,Clear,Dry,Daylight
2024-12-17T08:50:00.000,I 16,I 16 and Sr 307,,Rear End,2,Rain,Wet,Daylight
2023-07-20T11:24:00.000,I 16,I 16 and Sr 307,,Rear End,2,Clear,Dry,Daylight
2024-02-27T10:25:00.000,I 16,I 16 and Sr 307,,Not a Collision with Motor Vehicle,1,Clear,Dry,Daylight
2024-07-23T18:05:00.000,I 16,I 16 and Sr 307,,Rear End,2,Cloudy,Dry,Daylight
2021-06-26T12:15:00.000,I 16,I 16 and Sr 30,,Rear End,3,Clear,Dry,Daylight
2021-08-19T06:30:00.000,I 16,I 16 and Sr 30,,Not a Collision with Motor Vehicle,1,Cloudy,Dry,Daylight
2021-12-09T16:50:00.000,I 16,I 16 and Sr 30,,Sideswipe-Same Direction,2,Clear,Dry,Daylight
2021-04-24T20:32:00.000,I 16,I 16 and Sr 30,,Not a Collision with Motor Vehicle,1,Rain,Wet,Dark-Not Lighted
2021-06-26T12:00:00.000,I 16,I 16 and Sr 30,,Rear End,2,Rain,Wet,Daylight
2021-11-18T15:31:00.000,I 16,I 16 and Sr 30,,Not a Collision with Motor Vehicle,1,Clear,Dry,Daylight
2021-08-14T08:53:00.000,I 16,I 16 and Sr 30,,Sideswipe-Same Direction,2,Clear,Dry,Daylight
2021-02-26T06:34:00.000,I 16,I 16 and Sr 30,,Rear End,3,Clear,Dry,Daylight
2020-06-04T12:55:00.000,I 16,I 16 and Sr 30,,Rear End,2,Cloudy,Dry,Daylight
2021-02-26T12:19:00.000,I 16,I 16 and Sr 30,,Sideswipe-Same Direction,1,Clear,Dry,Daylight
2021-04-19T12:18:00.000,I 16,I 16 and Sr 30,,Rear End,3,Clear,Dry,Daylight
2021-06-26T12:15:00.000,I 16,I 16 and Sr 30,,Rear End,2,Clear,Dry,Daylight
2021-05-07T10:15:00.000,I 16,I 16 and Sr 30,,Not a Collision with Motor Vehicle,1,Clear,Dry,Daylight
2021-07-17T16:34:00.000,I 16,I 16 and Sr 30,,Not a Collision with Motor Vehicle,1,Rain,Wet,Daylight
2021-11-07T11:30:00.000,I 16,I 16 and Sr 30,,Angle Crash,3,Clear,Dry,Daylight
2021-12-08T11:55:00.000,I 16,I 16 and Sr 30,,Sideswipe-Same Direction,2,Rain,Wet,Daylight
2022-05-11T21:14:00.000,I 16,I 16 and Sr 30,,Not a Collision with Motor Vehicle,1,Clear,Dry,Dark-Not Lighted
2022-06-15T23:53:00.000,I 16,I 16 and Sr 30,,Rear End,2,Clear,Dry,Dark-Not Lighted
2023-05-27T23:10:00.000,I 16,I 16 and Sr 30,,Rear End,2,Cloudy,Wet,Dark-Not Lighted
2024-04-03T08:40:00.000,I 16,I 16 and Sr 30,,Sideswipe-Same Direction,2,Rain,Wet,Daylight
2024-03-22T16:33:00.000,I 16,I 16 and Sr 30,,Rear End,2,Rain,Wet,Daylight
2024-03-28T06:40:00.000,I 16,I 16 and Sr 30,,Rear End,2,Rain,Wet,Dark-Not Lighted
2024-04-02T08:30:00.000,I 16,I 16 and Sr 30,,Not a Collision with Motor Vehicle,3,Clear,Dry,Daylight
2021-04-26T10:11:00.000,I 16,I 16 and Sr 297,,Not a Collision with Motor Vehicle,1,Clear,Dry,Daylight
2021-06-21T06:46:00.000,I 16,I 16 and Sr 297,,Not a Collision with Motor Vehicle,1,Clear,Dry,Daylight
2021-04-19T09:23:00.000,I 16,I 16 and Sr 297,,Rear End,2,Clear,Dry,Daylight
2021-02-01T06:07:00.000,I 16,I 16 and Sr 297,,Sideswipe-Same Direction,2,Clear,Dry,Dark-Not Lighted
2021-06-25T10:06:00.000,I 16,I 16 and Sr 297,,Not a Collision with Motor Vehicle,2,Clear,Dry,Daylight
2023-05-09T13:40:00.000,I 16,I 16 and Sr 297,,Rear End,2,Clear,Dry,Daylight
2023-07-17T16:05:00.000,I 16,I 16 and Sr 297,,Rear End,2,Clear,Dry,Daylight
2023-08-13T14:58:00.000,I 16,I 16 and Sr 297,,Rear End,2,Clear,Dry,Daylight
2023-03-31T12:14:00.000,I 16,I 16 and Sr 297,,Not a Collision with Motor Vehicle,1,Clear,Dry,Daylight
2020-10-23T21:35:00.000,I 16,I 16 and Sr 297,,Not a Collision with Motor Vehicle,1,Clear,Dry,Daylight
2020-10-01T16:30:00.000,I 16,I 16 and Sr 297,,Not a Collision with Motor Vehicle,1,Clear,Dry,Daylight
2020-10-07T06:30:00.000,I 16,I 16 and Sr 297,,Sideswipe-Same Direction,2,Fog,Dry,Dark-Not Lighted
2020-05-18T09:30:00.000,I 16,I 16 and Sr 297,,Rear End,2,Cloudy,Dry,Daylight
2020-01-06T18:43:00.000,I 16,I 16 and Sr 297,,Rear End,2,Clear,Dry,Dark-Not Lighted
2022-11-06T16:20:00.000,I 16,I 16 and Sr 297,,Not a Collision with Motor Vehicle,1,Cloudy,Wet,Daylight
2022-01-27T07:35:00.000,I 16,I 16 and Sr 297,,Sideswipe-Same Direction,2,Clear,Dry,Daylight
2023-08-11T00:48:00.000,I 16,I 16 and Sr 297,,Not a Collision with Motor Vehicle,1,Cloudy,Wet,Dark-Not Lighted
2023-06-01T03:30:00.000,I 16,I 16 and Sr 297,,Sideswipe-Same Direction,2,Clear,Dry,Dark-Not Lighted
2024-04-04T07:03:00.000,I 16,I 16 and Sr 297,,Rear End,2,Clear,Dry,Daylight
2023-03-12T17:34:00.000,I 16,I 16 and Sr 297,,Not a Collision with Motor Vehicle,1,Cloudy,Wet,Daylight
2023-02-19T04:48:00.000,I 16,I 16 and Sr 297,,Not a Collision with Motor Vehicle,1,Clear,Dry,Dark-Not Lighted
2023-04-17T23:18:00.000,I 16,I 16 and Sr 297,,Angle Crash,2,Clear,Dry,Dark-Not Lighted
2023-06-05T09:44:00.000,I 16,I 16 and Sr 297,,Rear End,2,Clear,Dry,Daylight
2021-03-28T16:55:00.000,I 16,I 16 and Sr 29,,Not a Collision with Motor Vehicle,1,Rain,Wet,Daylight
2021-04-18T15:02:00.000,I 16,I 16 and Sr 29,,Not a Collision with Motor Vehicle,1,Clear,Dry,Daylight
2023-04-08T15:22:00.000,I 16,I 16 and Sr 29,,Not a Collision with Motor Vehicle,1,Rain,Wet,Daylight
2023-02-20T21:00:00.000,I 16,I 16 and Sr 29,,Not a Collision with Motor Vehicle,1,Clear,Dry,Dark-Not Lighted
2023-06-01T14:50:00.000,I 16,I 16 and Sr 29,,Sideswipe-Same Direction,2,Clear,Dry,Daylight
2023-09-29T15:00:00.000,I 16,I 16 and Sr 29,,Not a Collision with Motor Vehicle,1,Clear,Dry,Daylight
2021-02-18T13:05:00.000,I 16,I 16 and Sr 29,,Angle Crash,2,Rain,Wet,Daylight
2020-11-05T20:53:00.000,I 16,I 16 and Sr 29,,Rear End,2,Clear,Dry,Dark-Not Lighted
2020-12-24T16:15:00.000,I 16,I 16 and Sr 29,,Not a Collision with Motor Vehicle,1,Rain,Wet,Daylight
2020-07-12T19:02:00.000,I 16,I 16 and Sr 29,,Not a Collision with Motor Vehicle,1,Clear,Dry,Daylight
2020-01-10T15:21:00.000,I 16,I 16 and Sr 29,,Angle Crash,2,Cloudy,Dry,Daylight
2020-01-20T07:20:00.000,I 16,I 16 and Sr 29,,Not a Collision with Motor Vehicle,1,Clear,Dry,Daylight
2021-01-02T20:25:00.000,I 16,I 16 and Sr 29,,Not a Collision with Motor Vehicle,1,Rain,Wet,Dark-Not Lighted
2021-06-28T20:41:00.000,I 16,I 16 and Sr 29,,Not a Collision with Motor Vehicle,1,Rain,Wet,Dark-Not Lighted
2021-01-02T14:20:00.000,I 16,I 16 and Sr 29,,Not a Collision with Motor Vehicle,1,Rain,Wet,Daylight
2021-09-11T10:29:00.000,I 16,I 16 and Sr 29,,Not a Collision with Motor Vehicle,1,Clear,Dry,Daylight
2021-08-27T13:36:00.000,I 16,I 16 and Sr 29,,Not a Collision with Motor Vehicle,1,Rain,Wet,Daylight
2022-07-26T15:01:00.000,I 16,I 16 and Sr 29,,Rear End,3,Clear,Dry,Daylight
2022-06-24T06:54:00.000,I 16,I 16 and Sr 29,,Rear End,2,Clear,Dry,Daylight
2022-03-07T16:18:00.000,I 16,I 16 and Sr 29,,Sideswipe-Same Direction,2,Clear,Dry,Daylight
2024-12-22T18:35:00.000,I 16,I 16 and Sr 29,,Sideswipe-Same Direction,2,Clear,Dry,Dark-Not Lighted
2024-01-08T10:08:00.000,I 16,I 16 and Sr 29,,Angle Crash,2,Cloudy,Dry,Daylight
2023-04-13T11:30:00.000,I 16,I 16 and Sr 29,,Not a Collision with Motor Vehicle,1,Rain,Wet,Daylight
2023-05-12T19:48:00.000,I 16,I 16 and Sr 29,,Not a Collision with Motor Vehicle,1,Rain,Wet,Dark-Not Lighted
2023-06-16T08:50:00.000,I 16,I 16 and Sr 29,,Not a Collision with Motor Vehicle,1,Cloudy,Dry,Daylight
2023-11-18T14:05:00.000,I 16,I 16 and Sr 29,,Rear End,2,Clear,Dry,Daylight
2024-04-10T23:09:00.000,I 16,I 16 and Sr 29,,Not a Collision with Motor Vehicle,1,Rain,Wet,Dark-Not Lighted
2024-09-26T16:16:00.000,I 16,I 16 and Sr 29,,Not a Collision with Motor Vehicle,1,Rain,Wet,Daylight
2024-12-01T17:07:00.000,I 16,I 16 and Sr 29,,Angle Crash,2,Clear,Dry,Daylight
2024-04-24T19:10:00.000,I 16,I 16 and Sr 29,,Not a Collision with Motor Vehicle,1,Clear,Dry,Daylight
2021-06-26T12:45:00.000,I 16,I 16 and Sr 280,,Angle Crash,2,Clear,Dry,Daylight
2023-08-04T11:13:00.000,I 16,I 16 and Sr 280,,Angle Crash,2,Clear,Wet,Daylight
2021-03-22T05:02:00.000,I 16,I 16 and Sr 278,,Sideswipe-Same Direction,2,Clear,Dry,Dark-Not Lighted
2021-06-06T19:30:00.000,I 16,I 16 and Sr 278,,Not a Collision with Motor Vehicle,1,Rain,Wet,Daylight
2021-08-02T18:49:00.000,I 16,I 16 and Sr 278,,Not a Collision with Motor Vehicle,1,Rain,Wet,Daylight
2021-06-06T19:12:00.000,I 16,I 16 and Sr 278,,Not a Collision with Motor Vehicle,1,Rain,Wet,Daylight
2021-12-17T16:47:00.000,I 16,I 16 and Sr 278,,Not a Collision with Motor Vehicle,1,Clear,Dry,Daylight
2023-07-20T11:06:00.000,I 16,I 16 and Sr 278,,Not a Collision with Motor Vehicle,1,Cloudy,Dry,Daylight
2023-12-24T11:50:00.000,I 16,I 16 and Sr 278,,Not a Collision with Motor Vehicle,1,Cloudy,Dry,Daylight
2020-08-30T07:30:00.000,I 16,I 16 and Sr 278,,Not a Collision with Motor Vehicle,1,Clear,Dry,Daylight
2020-01-08T11:37:00.000,I 16,I 16 and Sr 278,,Not a Collision with Motor Vehicle,1,Clear,Dry,Daylight
2020-07-06T11:10:00.000,I 16,I 16 and Sr 278,,Not a Collision with Motor Vehicle,1,Rain,Wet,Daylight
2021-03-22T05:02:00.000,I 16,I 16 and Sr 278,,Not a Collision with Motor Vehicle,1,Clear,Dry,Dark-Not Lighted
2021-03-22T05:02:00.000,I 16,I 16 and Sr 278,,Sideswipe-Same Direction,2,Clear,Dry,Dark-Not Lighted
2021-03-12T19:53:00.000,I 16,I 16 and Sr 278,,Not a Collision with Motor Vehicle,1,Clear,Dry,Daylight
2021-03-22T05:02:00.000,I 16,I 16 and Sr 278,,Sideswipe-Same Direction,2,Clear,Dry,Dark-Not Lighted
2021-10-02T20:30:00.000,I 16,I 16 and Sr 278,,Not a Collision with Motor Vehicle,1,Clear,Dry,Dark-Not Lighted
2022-07-09T13:24:00.000,I 16,I 16 and Sr 278,,Not a Collision with Motor Vehicle,1,Rain,Wet,Daylight
2021-09-08T15:35:00.000,I 16,I 16 and Sr 278,,Not a Collision with Motor Vehicle,1,Cloudy,Wet,Daylight
2022-03-19T16:54:00.000,I 16,I 16 and Sr 278,,Angle Crash,2,Clear,Dry,Daylight
2022-03-16T09:35:00.000,I 16,I 16 and Sr 278,,Sideswipe-Same Direction,2,Rain,Wet,Daylight
2022-08-29T19:40:00.000,I 16,I 16 and Sr 278,,Not a Collision with Motor Vehicle,1,Rain,Wet,Daylight
2022-11-10T16:10:00.000,I 16,I 16 and Sr 278,,Angle Crash,2,Rain,Wet,Daylight
2022-07-20T16:38:00.000,I 16,I 16 and Sr 278,,Sideswipe-Same Direction,2,Clear,Dry,Daylight
2022-07-12T18:38:00.000,I 16,I 16 and Sr 278,,Not a Collision with Motor Vehicle,1,Clear,Wet,Daylight
2022-05-15T21:58:00.000,I 16,I 16 and Sr 278,,Angle Crash,2,Cloudy,Dry,Dark-Not Lighted
2022-01-05T02:03:00.000,I 16,I 16 and Sr 278,,Not a Collision with Motor Vehicle,1,Cloudy,Dry,Dark-Not Lighted
2024-01-29T05:29:00.000,I 16,I 16 and Sr 278,,Rear End,2,Clear,Dry,Dark-Not Lighted
2024-12-18T15:05:00.000,I 16,I 16 and Sr 278,,Not a Collision with Motor Vehicle,1,Cloudy,Dry,Daylight
2023-01-30T04:57:00.000,I 16,I 16 and Sr 278,,Not a Collision with Motor Vehicle,1,Clear,Wet,Daylight
2023-03-12T12:20:00.000,I 16,I 16 and Sr 278,,Not a Collision with Motor Vehicle,1,Rain,Wet,Daylight
2023-11-22T05:06:00.000,I 16,I 16 and Sr 278,,Angle Crash,2,Clear,Wet,Dark-Not Lighted
2024-07-02T08:04:00.000,I 16,I 16 and Sr 278,,Angle Crash,2,Cloudy,Dry,Daylight
2024-07-23T13:21:00.000,I 16,I 16 and Sr 278,,Rear End,2,Clear,Dry,Daylight
2021-03-14T19:50:00.000,I 16,I 16 and Sr 26,,Not a Collision with Motor Vehicle,1,Clear,Dry,Dark-Not Lighted
2021-08-02T18:27:00.000,I 16,I 16 and Sr 26,,Not a Collision with Motor Vehicle,1,Rain,Wet,Daylight
2021-05-10T05:11:00.000,I 16,I 16 and Sr 26,,Rear End,2,Clear,Dry,Daylight
2021-02-20T07:15:00.000,I 16,I 16 and Sr 26,,Not a Collision with Motor Vehicle,1,Clear,Dry,Dark-Not Lighted
2021-01-02T19:08:00.000,I 16,I 16 and Sr 26,,Sideswipe-Same Direction,2,Rain,Wet,Daylight
2020-04-29T07:55:00.000,I 16,I 16 and Sr 26,,Not a Collision with Motor Vehicle,1,Clear,Dry,Daylight
2023-05-25T17:15:00.000,I 16,I 16 and Sr 26,,Not a Collision with Motor Vehicle,1,Clear,Dry,Daylight
2023-09-09T15:09:00.000,I 16,I 16 and Sr 26,,Not a Collision with Motor Vehicle,1,Rain,Wet,Daylight
2022-05-31T17:25:00.000,I 16,I 16 and Sr 26,,Not a Collision with Motor Vehicle,1,Clear,Dry,Daylight
2020-07-31T14:17:00.000,I 16,I 16 and Sr 26,,Sideswipe-Same Direction,2,Cloudy,Dry,Daylight
2020-11-17T18:45:00.000,I 16,I 16 and Sr 26,,Not a Collision with Motor Vehicle,2,Clear,Dry,Dark-Not Lighted
2020-11-20T23:35:00.000,I 16,I 16 and Sr 26,,Not a Collision with Motor Vehicle,1,Clear,Dry,Dark-Not Lighted
2020-12-29T19:55:00.000,I 16,I 16 and Sr 26,,Not a Collision with Motor Vehicle,1,Clear,Dry,Dark-Lighted
2020-04-30T07:23:00.000,I 16,I 16 and Sr 26,,Not a Collision with Motor Vehicle,1,Clear,Dry,Daylight
2021-03-02T07:21:00.000,I 16,I 16 and Sr 26,,Sideswipe-Same Direction,2,Cloudy,Dry,Daylight
2021-08-15T22:27:00.000,I 16,I 16 and Sr 26,,Rear End,2,Cloudy,Dry,Dark-Not Lighted
2022-10-28T07:03:00.000,I 16,I 16 and Sr 26,,Not a Collision with Motor Vehicle,1,Clear,Dry,Dark-Not Lighted
2021-11-30T12:12:00.000,I 16,I 16 and Sr 26,,Rear End,3,Clear,Dry,Daylight
2022-08-03T19:21:00.000,I 16,I 16 and Sr 26,,Not a Collision with Motor Vehicle,1,Rain,Wet,Daylight
2022-10-12T20:36:00.000,I 16,I 16 and Sr 26,,Angle Crash,2,Rain,Wet,Dark-Not Lighted
2021-08-19T21:02:00.000,I 16,I 16 and Sr 26,,Not a Collision with Motor Vehicle,1,Clear,Dry,Dark-Not Lighted
2022-12-22T10:46:00.000,I 16,I 16 and Sr 26,,Angle Crash,2,Cloudy,Wet,Daylight
2024-10-04T15:20:00.000,I 16,I 16 and Sr 26,,Not a Collision with Motor Vehicle,1,Cloudy,Dry,Daylight
2023-08-30T13:26:00.000,I 16,I 16 and Sr 26,,Not a Collision with Motor Vehicle,1,Rain,Wet,Daylight
2023-10-12T08:34:00.000,I 16,I 16 and Sr 26,,Not a Collision with Motor Vehicle,2,Rain,Wet,Daylight
2024-05-24T15:55:00.000,I 16,I 16 and Sr 26,,Not a Collision with Motor Vehicle,1,Cloudy,Dry,Daylight
2024-11-03T18:02:00.000,I 16,I 16 and Sr 26,,Not a Collision with Motor Vehicle,1,Cloudy,Dry,Daylight
2024-06-16T13:30:00.000,I 16,I 16 and Sr 26,,Not a Collision with Motor Vehicle,2,Clear,Dry,Daylight
2024-10-12T04:45:00.000,I 16,I 16 and Sr 26,,Angle Crash,1,Clear,Dry,Dark-Not Lighted
2024-07-28T14:51:00.000,I 16,I 16 and Sr 26,,Angle Crash,2,Cloudy,Dry,Daylight
2024-09-30T21:28:00.000,I 16,I 16 and Sr 26,,Rear End,2,Clear,Dry,Dark-Not Lighted
2024-02-03T13:00:00.000,I 16,I 16 and Sr 26,,Rear End,2,Clear,Dry,Daylight
2024-09-30T21:54:00.000,I 16,I 16 and Sr 26,,Not a Collision with Motor Vehicle,1,Clear,Dry,Dark-Not Lighted
2021-03-18T11:02:00.000,I 16,I 16 and Sr 257,,Not a Collision with Motor Vehicle,1,Clear,Wet,Daylight
2021-01-06T00:24:00.000,I 16,I 16 and Sr 257,,Rear End,2,Clear,Dry,Dark-Not Lighted
2021-01-17T22:47:00.000,I 16,I 16 and Sr 257,,Sideswipe-Same Direction,2,Clear,Dry,Dark-Not Lighted
2021-03-21T23:22:00.000,I 16,I 16 and Sr 257,,Rear End,2,Clear,Dry,Dark-Not Lighted
2021-03-02T03:10:00.000,I 16,I 16 and Sr 257,,Rear End,2,Rain,Wet,Dark-Not Lighted
2021-11-25T21:44:00.000,I 16,I 16 and Sr 257,,Head On,2,Clear,Dry,Dark-Not Lighted
2021-01-23T17:30:00.000,I 16,I 16 and Sr 257,,Not a Collision with Motor Vehicle,1,Clear,Dry,Daylight
2021-01-02T17:00:00.000,I 16,I 16 and Sr 257,,Not a Collision with Motor Vehicle,1,Rain,Wet,Daylight
2021-03-02T03:10:00.000,I 16,I 16 and Sr 257,,Rear End,2,Rain,Wet,Dark-Not Lighted
2021-03-06T11:43:00.000,I 16,I 16 and Sr 257,,Not a Collision with Motor Vehicle,1,Cloudy,Dry,Daylight
2021-01-06T00:24:00.000,I 16,I 16 and Sr 257,,Rear End,2,Clear,Dry,Dark-Not Lighted
2020-07-07T15:37:00.000,I 16,I 16 and Sr 257,,Not a Collision with Motor Vehicle,1,Rain,Wet,Daylight
2023-12-04T13:45:00.000,I 16,I 16 and Sr 257,,Not a Collision with Motor Vehicle,1,Cloudy,Dry,Daylight
2023-12-11T10:42:00.000,I 16,I 16 and Sr 257,,Angle Crash,2,Clear,Dry,Daylight
2023-07-23T00:00:00.000,I 16,I 16 and Sr 257,,Angle Crash,2,Clear,Dry,Dark-Not Lighted