Date and Time,Roadway (From Crash Report),Intersection Name (from Crash Report),KABCO Severity,Manner of Collision (Crash Level) ,# of Vehicles per crash ,Weather Conditions (Crash Level),Surface Condition (Crash Level) ,Light Conditions (Crash Level)
2023-04-01T16:51:00.000,I 16,I 16 and Sr 257,,Rear End,2,Clear,Dry,Daylight
2023-05-16T17:56:00.000,I 16,I 16 and Sr 257,,Not a Collision with Motor Vehicle,1,Clear,Dry,Daylight
2020-04-07T11:43:00.000,I 16,I 16 and Sr 257,,Angle Crash,2,Clear,Dry,Daylight
2020-04-16T18:18:00.000,I 16,I 16 and Sr 257,,Rear End,2,Clear,Dry,Daylight
2020-06-18T18:45:00.000,I 16,I 16 and Sr 257,,Not a Collision with Motor Vehicle,1,Clear,Dry,Daylight
2020-10-01T10:10:00.000,I 16,I 16 and Sr 257,,Not a Collision with Motor Vehicle,1,Clear,Dry,Daylight
2020-10-24T21:40:00.000,I 16,I 16 and Sr 257,,Not a Collision with Motor Vehicle,1,Rain,Wet,Dark-Not Lighted
2020-03-22T15:50:00.000,I 16,I 16 and Sr 257,,Not a Collision with Motor Vehicle,1,Rain,Wet,Daylight
2020-12-11T11:03:00.000,I 16,I 16 and Sr 257,,Angle Crash,2,Clear,Dry,Daylight
2020-04-28T16:54:00.000,I 16,I 16 and Sr 257,,Not a Collision with Motor Vehicle,1,Clear,Dry,Daylight
2020-10-08T21:47:00.000,I 16,I 16 and Sr 257,,Not a Collision with Motor Vehicle,1,Clear,Dry,Dark-Not Lighted
2020-11-16T18:30:00.000,I 16,I 16 and Sr 257,,Angle Crash,2,Clear,Dry,Dark-Not Lighted
2021-05-14T04:28:00.000,I 16,I 16 and Sr 257,,Rear End,2,Clear,Dry,Dark-Not Lighted
2021-01-06T00:24:00.000,I 16,I 16 and Sr 257,,Rear End,2,Clear,Dry,Dark-Not Lighted
2021-08-22T21:40:00.000,I 16,I 16 and Sr 257,,Not a Collision with Motor Vehicle,1,Rain,Wet,Dark-Not Lighted
2022-08-26T13:15:00.000,I 16,I 16 and Sr 257,,Not a Collision with Motor Vehicle,1,Rain,Wet,Daylight
2021-10-20T10:26:00.000,I 16,I 16 and Sr 257,,Not a Collision with Motor Vehicle,2,Clear,Dry,Daylight
2022-09-19T07:24:00.000,I 16,I 16 and Sr 257,,Angle Crash,2,Clear,Dry,Daylight
2022-10-23T20:54:00.000,I 16,I 16 and Sr 257,,Not a Collision with Motor Vehicle,1,Clear,Dry,Dark-Not Lighted
2022-01-21T07:03:00.000,I 16,I 16 and Sr 257,,Not a Collision with Motor Vehicle,1,Cloudy,Wet,Daylight
2022-04-07T12:20:00.000,I 16,I 16 and Sr 257,,Not a Collision with Motor Vehicle,1,Clear,Dry,Daylight
2022-03-12T11:33:00.000,I 16,I 16 and Sr 257,,Sideswipe-Same Direction,2,Clear,Dry,Daylight
2022-07-16T16:48:00.000,I 16,I 16 and Sr 257,,Not a Collision with Motor Vehicle,1,Rain,Water (standing or moving),Daylight
2022-03-16T13:37:00.000,I 16,I 16 and Sr 257,,Sideswipe-Same Direction,2,Clear,Dry,Daylight
2022-11-18T14:26:00.000,I 16,I 16 and Sr 257,,Rear End,2,Clear,Dry,Daylight
2022-09-04T17:01:00.000,I 16,I 16 and Sr 257,,Not a Collision with Motor Vehicle,1,Rain,Wet,Daylight
2023-09-29T08:15:00.000,I 16,I 16 and Sr 257,,Rear End,2,Clear,Dry,Daylight
2023-03-25T16:08:00.000,I 16,I 16 and Sr 257,,Not a Collision with Motor Vehicle,1,Rain,Wet,Daylight
2024-06-08T13:00:00.000,I 16,I 16 and Sr 257,,Not a Collision with Motor Vehicle,1,Clear,Dry,Daylight
2024-04-07T13:41:00.000,I 16,I 16 and Sr 257,,Rear End,3,Clear,Dry,Daylight
2023-06-09T22:48:00.000,I 16,I 16 and Sr 257,,Rear End,2,Clear,Dry,Dark-Not Lighted
2023-01-17T19:38:00.000,I 16,I 16 and Sr 257,,Rear End,2,Rain,Wet,Dark-Not Lighted
2023-02-11T13:25:00.000,I 16,I 16 and Sr 257,,Angle Crash,2,Rain,Wet,Daylight
2024-05-04T17:20:00.000,I 16,I 16 and Sr 257,,Angle Crash,3,Rain,Wet,Daylight
2024-04-02T17:50:00.000,I 16,I 16 and Sr 257,,Sideswipe-Same Direction,2,Cloudy,Dry,Daylight
2024-10-14T05:17:00.000,I 16,I 16 and Sr 257,,Angle Crash,2,Clear,Dry,Dark-Not Lighted
2024-03-06T17:13:00.000,I 16,I 16 and Sr 257,,Not a Collision with Motor Vehicle,1,Rain,Wet,Daylight
2024-09-26T23:26:00.000,I 16,I 16 and Sr 257,,Rear End,2,Rain,Wet,Dark-Not Lighted
2022-06-09T14:27:00.000,I 16,I 16 and Sr 23,,Angle Crash,2,Rain,Wet,Daylight
2020-03-06T15:26:00.000,I 16,I 16 and Sr 23,,Rear End,2,Clear,Dry,Daylight
2021-10-07T08:09:00.000,I 16,I 16 and Sr 23,,Rear End,2,Cloudy,Dry,Daylight
2023-06-24T12:36:00.000,I 16,I 16 and Sr 221,,Sideswipe-Same Direction,2,Cloudy,Dry,Daylight
2023-05-31T10:18:00.000,I 16,I 16 and Sr 221,,Not a Collision with Motor Vehicle,1,Cloudy,Dry,Daylight
2023-12-06T01:40:00.000,I 16,I 16 and Sr 21,,Not a Collision with Motor Vehicle,1,Clear,Dry,Dark-Lighted
2022-02-14T08:06:00.000,I 16,I 16 and Sr 21,,Rear End,2,Clear,Dry,Daylight
2021-01-12T12:42:00.000,I 16,I 16 and Sr 204,,Rear End,2,Cloudy,Dry,Daylight
2021-03-09T17:48:00.000,I 16,I 16 and Sr 204,,Sideswipe-Same Direction,2,Clear,Dry,Daylight
2020-02-04T09:31:00.000,I 16,I 16 and Sr 204,,Not a Collision with Motor Vehicle,2,Clear,Dry,Daylight
2021-04-18T12:55:00.000,I 16,I 16 and Sr 204,,Rear End,2,Clear,Dry,Daylight
2021-07-20T00:00:00.000,I 16,I 16 and Sr 204,,Not a Collision with Motor Vehicle,1,Rain,Wet,Daylight
2024-07-22T06:29:00.000,I 16,I 16 and Sr 204,,Not a Collision with Motor Vehicle,1,Clear,Dry,Daylight
2021-02-15T19:13:00.000,I 16,I 16 and Sr 199,,Not a Collision with Motor Vehicle,1,Rain,Wet,Dark-Not Lighted
2021-02-23T17:35:00.000,I 16,I 16 and Sr 199,,Not a Collision with Motor Vehicle,1,Clear,Dry,Daylight
2021-06-17T05:54:00.000,I 16,I 16 and Sr 199,,Sideswipe-Same Direction,2,Clear,Dry,Dark-Not Lighted
2021-06-27T17:25:00.000,I 16,I 16 and Sr 199,,Not a Collision with Motor Vehicle,1,Rain,Wet,Daylight
2021-03-06T14:26:00.000,I 16,I 16 and Sr 199,,Not a Collision with Motor Vehicle,2,Clear,Dry,Daylight
2020-11-19T05:19:00.000,I 16,I 16 and Sr 199,,Rear End,2,Clear,Dry,Dark-Not Lighted
2020-02-25T22:27:00.000,I 16,I 16 and Sr 199,,Not a Collision with Motor Vehicle,1,Clear,Dry,Dark-Not Lighted
2023-04-26T22:24:00.000,I 16,I 16 and Sr 199,,Rear End,2,Clear,Dry,Dark-Not Lighted
2023-08-27T19:08:00.000,I 16,I 16 and Sr 199,,Not a Collision with Motor Vehicle,1,Rain,Wet,Daylight
2023-11-23T23:25:00.000,I 16,I 16 and Sr 199,,Head On,2,Cloudy,Dry,Dark-Not Lighted
2023-12-01T13:16:00.000,I 16,I 16 and Sr 199,,Not a Collision with Motor Vehicle,1,Cloudy,Dry,Daylight
2023-10-27T01:00:00.000,I 16,I 16 and Sr 199,,Angle Crash,2,Clear,Dry,Dark-Not Lighted
2023-08-27T18:58:00.000,I 16,I 16 and Sr 199,,Not a Collision with Motor Vehicle,1,Rain,Wet,Daylight
2023-10-26T22:35:00.000,I 16,I 16 and Sr 199,,Head On,2,Clear,Dry,Dark-Not Lighted
2023-10-02T18:53:00.000,I 16,I 16 and Sr 199,,Not a Collision with Motor Vehicle,1,Clear,Dry,Dusk
2020-10-01T12:48:00.000,I 16,I 16 and Sr 199,,Not a Collision with Motor Vehicle,1,Clear,Dry,Daylight
2020-11-19T07:59:00.000,I 16,I 16 and Sr 199,,Rear End,4,Clear,Dry,Daylight
2020-03-16T13:40:00.000,I 16,I 16 and Sr 199,,Not a Collision with Motor Vehicle,1,Clear,Dry,Daylight
2020-05-25T13:41:00.000,I 16,I 16 and Sr 199,,Not a Collision with Motor Vehicle,1,Rain,Wet,Daylight
2020-01-03T19:17:00.000,I 16,I 16 and Sr 199,,Rear End,2,Rain,Wet,Dark-Not Lighted
2020-05-25T13:41:00.000,I 16,I 16 and Sr 199,,Rear End,2,Rain,Wet,Daylight
2020-08-11T08:47:00.000,I 16,I 16 and Sr 199,,Rear End,2,Clear,Dry,Daylight
2020-11-25T18:10:00.000,I 16,I 16 and Sr 199,,Head On,2,Cloudy,Dry,Dark-Not Lighted
2020-11-19T09:20:00.000,I 16,I 16 and Sr 199,,Rear End,4,Clear,Dry,Daylight
2020-05-11T22:01:00.000,I 16,I 16 and Sr 199,,Rear End,2,Clear,Dry,Dark-Not Lighted
2020-08-10T18:04:00.000,I 16,I 16 and Sr 199,,Not a Collision with Motor Vehicle,1,Rain,Wet,Daylight
2020-09-17T04:43:00.000,I 16,I 16 and Sr 199,,Not a Collision with Motor Vehicle,1,Rain,Wet,Dark-Not Lighted
2020-07-23T21:44:00.000,I 16,I 16 and Sr 199,,Sideswipe-Same Direction,2,Clear,Dry,Dark-Not Lighted
2020-05-01T16:35:00.000,I 16,I 16 and Sr 199,,Rear End,2,Clear,Dry,Daylight
2021-02-03T05:58:00.000,I 16,I 16 and Sr 199,,Rear End,2,Clear,Dry,Dark-Not Lighted
2021-06-12T17:10:00.000,I 16,I 16 and Sr 199,,Not a Collision with Motor Vehicle,1,Rain,Wet,Daylight
2021-05-14T07:21:00.000,I 16,I 16 and Sr 199,,Sideswipe-Same Direction,2,Clear,Dry,Daylight
2021-06-02T00:00:00.000,I 16,I 16 and Sr 199,,Rear End,2,Cloudy,Dry,Daylight
2021-03-08T21:50:00.000,I 16,I 16 and Sr 199,,Rear End,3,Clear,Dry,Dark-Not Lighted
2021-06-11T13:11:00.000,I 16,I 16 and Sr 199,,Not a Collision with Motor Vehicle,1,Rain,Wet,Daylight
2021-09-22T16:50:00.000,I 16,I 16 and Sr 199,,Not a Collision with Motor Vehicle,1,Rain,Wet,Daylight
2021-09-09T01:58:00.000,I 16,I 16 and Sr 199,,Not a Collision with Motor Vehicle,1,Rain,Wet,Dark-Not Lighted
2022-07-04T18:28:00.000,I 16,I 16 and Sr 199,,Not a Collision with Motor Vehicle,1,Rain,Wet,Daylight
2022-08-25T07:28:00.000,I 16,I 16 and Sr 199,,Not a Collision with Motor Vehicle,1,Rain,Wet,Daylight
2022-03-14T18:09:00.000,I 16,I 16 and Sr 199,,Rear End,2,Clear,Dry,Daylight
2022-01-06T11:28:00.000,I 16,I 16 and Sr 199,,Sideswipe-Same Direction,2,Clear,Dry,Daylight
2022-03-15T17:38:00.000,I 16,I 16 and Sr 199,,Rear End,2,Cloudy,Dry,Daylight
2023-12-16T09:15:00.000,I 16,I 16 and Sr 199,,Rear End,2,Cloudy,Dry,Daylight
2024-03-04T11:14:00.000,I 16,I 16 and Sr 199,,Sideswipe-Same Direction,2,Cloudy,Dry,Daylight
2024-06-28T17:12:00.000,I 16,I 16 and Sr 199,,Not a Collision with Motor Vehicle,1,Rain,Wet,Daylight
2024-06-28T17:12:00.000,I 16,I 16 and Sr 199,,Not a Collision with Motor Vehicle,1,Rain,Wet,Daylight
2023-11-05T13:50:00.000,I 16,I 16 and Sr 199,,Angle Crash,3,Clear,Dry,Daylight
2023-08-02T18:45:00.000,I 16,I 16 and Sr 199,,Not a Collision with Motor Vehicle,1,Clear,Dry,Daylight
2023-04-26T22:24:00.000,I 16,I 16 and Sr 199,,Sideswipe-Same Direction,2,Clear,Dry,Dark-Not Lighted
2023-08-02T14:09:00.000,I 16,I 16 and Sr 199,,Not a Collision with Motor Vehicle,1,Clear,Dry,Daylight
2023-04-11T07:25:00.000,I 16,I 16 and Sr 199,,Not a Collision with Motor Vehicle,1,Clear,Dry,Daylight
2024-05-24T16:34:00.000,I 16,I 16 and Sr 199,,Rear End,3,Clear,Dry,Daylight
2024-01-12T02:27:00.000,I 16,I 16 and Sr 199,,Sideswipe-Same Direction,2,Cloudy,Dry,Dark-Not Lighted
2024-04-08T15:49:00.000,I 16,I 16 and Sr 199,,Rear End,2,Clear,Dry,Daylight
2024-03-04T11:58:00.000,I 16,I 16 and Sr 199,,Rear End,2,Clear,Dry,Daylight
2024-08-17T13:31:00.000,I 16,I 16 and Sr 199,,Not a Collision with Motor Vehicle,1,Rain,Wet,Daylight
2024-02-07T08:02:00.000,I 16,I 16 and Sr 199,,Angle Crash,2,Clear,Dry,Daylight
2024-10-19T22:20:00.000,I 16,I 16 and Sr 199,,Not a Collision with Motor Vehicle,2,Clear,Dry,Dark-Not Lighted
2024-01-12T00:56:00.000,I 16,I 16 and Sr 199,,Rear End,2,Cloudy,Dry,Dark-Not Lighted
2024-06-09T17:42:00.000,I 16,I 16 and Sr 199,,Rear End,3,Clear,Dry,Daylight
2021-04-24T10:38:00.000,I 16,I 16 and Sr 19,,Not a Collision with Motor Vehicle,1,Rain,Wet,Daylight
2021-01-25T09:50:00.000,I 16,I 16 and Sr 19,,Rear End,2,Clear,Dry,Daylight
2021-02-12T07:48:00.000,I 16,I 16 and Sr 19,,Not a Collision with Motor Vehicle,1,Rain,Wet,Daylight
2021-05-09T23:17:00.000,I 16,I 16 and Sr 19,,Rear End,2,Clear,Dry,Dark-Not Lighted
2021-01-11T20:26:00.000,I 16,I 16 and Sr 19,,Not a Collision with Motor Vehicle,1,Rain,Wet,Dark-Not Lighted
2021-08-28T13:08:00.000,I 16,I 16 and Sr 19,,Not a Collision with Motor Vehicle,1,Rain,Wet,Daylight
2023-01-30T06:43:00.000,I 16,I 16 and Sr 19,,Angle Crash,2,Rain,Wet,Dark-Not Lighted
2023-01-30T06:44:00.000,I 16,I 16 and Sr 19,,Angle Crash,2,Rain,Wet,Dark-Not Lighted
2023-11-05T06:25:00.000,I 16,I 16 and Sr 19,,Rear End,2,Clear,Dry,Dawn
2023-04-23T23:15:00.000,I 16,I 16 and Sr 19,,Rear End,3,Clear,Dry,Dark-Not Lighted
2023-10-09T23:49:00.000,I 16,I 16 and Sr 19,,Rear End,2,Clear,Dry,Dark-Not Lighted
2022-05-25T10:37:00.000,I 16,I 16 and Sr 19,,Not a Collision with Motor Vehicle,1,Clear,Dry,Daylight
2022-06-01T08:01:00.000,I 16,I 16 and Sr 19,,Rear End,2,Clear,Dry,Daylight
2020-02-23T19:16:00.000,I 16,I 16 and Sr 19,,Rear End,2,Clear,Dry,Dark-Not Lighted
2020-12-06T12:26:00.000,I 16,I 16 and Sr 19,,Rear End,2,Clear,Dry,Daylight
2020-07-06T06:17:00.000,I 16,I 16 and Sr 19,,Sideswipe-Same Direction,2,Cloudy,Wet,Dark-Not Lighted
2020-11-29T11:55:00.000,I 16,I 16 and Sr 19,,Not a Collision with Motor Vehicle,1,Cloudy,Dry,Daylight
2020-07-23T23:10:00.000,I 16,I 16 and Sr 19,,Not a Collision with Motor Vehicle,1,Clear,Dry,Dark-Not Lighted
2021-01-25T10:45:00.000,I 16,I 16 and Sr 19,,Sideswipe-Same Direction,2,Clear,Dry,Daylight
2021-06-26T04:44:00.000,I 16,I 16 and Sr 19,,Not a Collision with Motor Vehicle,1,Clear,Dry,Dark-Not Lighted
2021-05-19T13:31:00.000,I 16,I 16 and Sr 19,,Angle Crash,2,Cloudy,Dry,Daylight
2021-10-17T13:40:00.000,I 16,I 16 and Sr 19,,Rear End,2,Clear,Dry,Daylight
2021-09-05T14:00:00.000,I 16,I 16 and Sr 19,,Sideswipe-Same Direction,2,Clear,Dry,Daylight
2021-11-21T18:03:00.000,I 16,I 16 and Sr 19,,Rear End,2,Clear,Dry,Dark-Not Lighted
2021-12-28T12:00:00.000,I 16,I 16 and Sr 19,,Not a Collision with Motor Vehicle,2,Clear,Dry,Daylight
2022-07-23T09:18:00.000,I 16,I 16 and Sr 19,,Sideswipe-Same Direction,2,Clear,Dry,Daylight
2022-06-03T23:53:00.000,I 16,I 16 and Sr 19,,Not a Collision with Motor Vehicle,1,Rain,Wet,Dark-Not Lighted
2022-03-19T09:45:00.000,I 16,I 16 and Sr 19,,Not a Collision with Motor Vehicle,1,Rain,Wet,Daylight
2022-04-18T07:56:00.000,I 16,I 16 and Sr 19,,Rear End,2,Cloudy,Dry,Daylight
2022-03-19T19:37:00.000,I 16,I 16 and Sr 19,,Not a Collision with Motor Vehicle,1,Clear,Dry,Dusk
2022-03-08T12:12:00.000,I 16,I 16 and Sr 19,,Rear End,2,Clear,Dry,Daylight
2022-02-04T07:40:00.000,I 16,I 16 and Sr 19,,Sideswipe-Same Direction,2,Rain,Wet,Dusk
2022-04-06T09:00:00.000,I 16,I 16 and Sr 19,,Sideswipe-Same Direction,2,Cloudy,Wet,Daylight
2024-05-03T15:16:00.000,I 16,I 16 and Sr 19,,Not a Collision with Motor Vehicle,1,Rain,Wet,Daylight
2024-09-30T16:36:00.000,I 16,I 16 and Sr 19,,Not a Collision with Motor Vehicle,1,Clear,Dry,Daylight
2024-11-06T21:27:00.000,I 16,I 16 and Sr 19,,Not a Collision with Motor Vehicle,1,Rain,Wet,Dark-Not Lighted
2023-03-29T08:00:00.000,I 16,I 16 and Sr 19,,Not a Collision with Motor Vehicle,1,Clear,Dry,Daylight
2023-07-30T17:02:00.000,I 16,I 16 and Sr 19,,Sideswipe-Same Direction,2,Rain,Wet,Daylight
2023-02-11T20:00:00.000,I 16,I 16 and Sr 19,,Rear End,2,Rain,Wet,Dark-Not Lighted
2023-01-22T16:25:00.000,I 16,I 16 and Sr 19,,Not a Collision with Motor Vehicle,1,Rain,Wet,Daylight
2023-10-02T14:15:00.000,I 16,I 16 and Sr 19,,Not a Collision with Motor Vehicle,1,Clear,Dry,Daylight
2023-10-04T16:45:00.000,I 16,I 16 and Sr 19,,Not a Collision with Motor Vehicle,1,Clear,Dry,Daylight
2023-12-04T16:40:00.000,I 16,I 16 and Sr 19,,Angle Crash,2,Clear,Dry,Daylight
2023-11-23T12:59:00.000,I 16,I 16 and Sr 19,,Not a Collision with Motor Vehicle,1,Cloudy,Dry,Daylight
2024-03-30T15:50:00.000,I 16,I 16 and Sr 19,,Rear End,2,Cloudy,Dry,Daylight
2024-09-02T17:45:00.000,I 16,I 16 and Sr 19,,Not a Collision with Motor Vehicle,1,Rain,Wet,Daylight
2024-05-10T06:53:00.000,I 16,I 16 and Sr 19,,Not a Collision with Motor Vehicle,1,Rain,Wet,Daylight
2024-07-03T15:51:00.000,I 16,I 16 and Sr 19,,Rear End,2,Cloudy,Dry,Daylight
2024-09-25T13:00:00.000,I 16,I 16 and Sr 19,,Sideswipe-Same Direction,1,Cloudy,Dry,Daylight
2024-09-17T17:39:00.000,I 16,I 16 and Sr 19,,Not a Collision with Motor Vehicle,1,Clear,Dry,Daylight
2024-07-19T23:13:00.000,I 16,I 16 and Sr 19,,Rear End,2,Cloudy,Dry,Dark-Not Lighted
2024-03-31T13:51:00.000,I 16,I 16 and Sr 19,,Not a Collision with Motor Vehicle,1,Clear,Dry,Daylight
2024-01-18T01:47:00.000,I 16,I 16 and Sr 19,,Not a Collision with Motor Vehicle,1,Cloudy,Wet,Dark-Not Lighted
2024-10-18T18:40:00.000,I 16,I 16 and Sr 19,,Not a Collision with Motor Vehicle,1,Clear,Dry,Daylight
2023-04-29T19:00:00.000,I 16,I 16 and Sr 171,,Not a Collision with Motor Vehicle,1,Rain,Wet,Dusk
2020-03-12T07:35:00.000,I 16,I 16 and Sr 17,,Angle Crash,2,Cloudy,Dry,Daylight
2021-02-03T07:49:00.000,I 16,I 16 and Sr 17,,Rear End,2,Clear,Dry,Daylight
2021-06-01T12:55:00.000,I 16,I 16 and Sr 15,,Rear End,2,Clear,Dry,Daylight
2021-06-23T11:56:00.000,I 16,I 16 and Sr 15,,Sideswipe-Same Direction,2,Clear,Dry,Daylight
2023-04-05T18:21:00.000,I 16,I 16 and Sr 15,,Angle Crash,2,Clear,Dry,Daylight
2023-06-11T15:32:00.000,I 16,I 16 and Sr 15,,Not a Collision with Motor Vehicle,1,Rain,Wet,Daylight
2023-08-09T13:00:00.000,I 16,I 16 and Sr 15,,Not a Collision with Motor Vehicle,1,Clear,Dry,Daylight
2022-12-16T20:03:00.000,I 16,I 16 and Sr 15,,Not a Collision with Motor Vehicle,1,Clear,Dry,Dark-Not Lighted
2020-01-27T18:05:00.000,I 16,I 16 and Sr 15,,Not a Collision with Motor Vehicle,1,Clear,Dry,Daylight
2020-07-24T17:30:00.000,I 16,I 16 and Sr 15,,Not a Collision with Motor Vehicle,1,Rain,Wet,Daylight
2020-08-24T13:47:00.000,I 16,I 16 and Sr 15,,Not a Collision with Motor Vehicle,1,Rain,Wet,Daylight
2020-02-18T08:09:00.000,I 16,I 16 and Sr 15,,Not a Collision with Motor Vehicle,1,Rain,Wet,Daylight
2020-07-05T14:35:00.000,I 16,I 16 and Sr 15,,Not a Collision with Motor Vehicle,1,Clear,Dry,Daylight
2020-04-17T18:05:00.000,I 16,I 16 and Sr 15,,Rear End,2,Clear,Dry,Daylight
2020-10-19T11:00:00.000,I 16,I 16 and Sr 15,,Not a Collision with Motor Vehicle,1,Clear,Dry,Daylight
2020-09-03T18:54:00.000,I 16,I 16 and Sr 15,,Rear End,2,Clear,Dry,Daylight
2020-08-24T13:15:00.000,I 16,I 16 and Sr 15,,Not a Collision with Motor Vehicle,1,Rain,Wet,Daylight
2020-12-31T06:14:00.000,I 16,I 16 and Sr 15,,Rear End,1,Fog,Dry,Dark-Not Lighted
2020-08-23T11:15:00.000,I 16,I 16 and Sr 15,,Not a Collision with Motor Vehicle,1,Rain,Wet,Daylight
2020-12-31T06:14:00.000,I 16,I 16 and Sr 15,,Rear End,2,Fog,Dry,Dark-Not Lighted
2021-01-05T11:10:00.000,I 16,I 16 and Sr 15,,Not a Collision with Motor Vehicle,1,Clear,Dry,Daylight
2021-06-19T13:17:00.000,I 16,I 16 and Sr 15,,Not a Collision with Motor Vehicle,1,Rain,Wet,Daylight
2022-12-20T18:38:00.000,I 16,I 16 and Sr 15,,Not a Collision with Motor Vehicle,1,Rain,Wet,Dark-Not Lighted
2021-11-19T05:34:00.000,I 16,I 16 and Sr 15,,Not a Collision with Motor Vehicle,1,Clear,Dry,Dark-Not Lighted
2022-04-02T13:50:00.000,I 16,I 16 and Sr 15,,Sideswipe-Same Direction,2,Clear,Dry,Daylight
2022-07-11T06:09:00.000,I 16,I 16 and Sr 15,,Rear End,2,Cloudy,Dry,Dawn
2022-05-26T17:54:00.000,I 16,I 16 and Sr 15,,Not a Collision with Motor Vehicle,1,Rain,Wet,Daylight
2024-03-22T08:09:00.000,I 16,I 16 and Sr 15,,Not a Collision with Motor Vehicle,1,Rain,Wet,Daylight
2024-11-06T13:38:00.000,I 16,I 16 and Sr 15,,Not a Collision with Motor Vehicle,1,Rain,Wet,Daylight
2024-04-14T10:17:00.000,I 16,I 16 and Sr 15,,Not a Collision with Motor Vehicle,1,Clear,Dry,Daylight
2024-11-04T13:55:00.000,I 16,I 16 and Sr 15,,Angle Crash,2,Cloudy,Wet,Daylight
2023-05-26T16:10:00.000,I 16,I 16 and Sr 15,,Not a Collision with Motor Vehicle,1,Cloudy,Dry,Daylight
2023-11-24T09:24:00.000,I 16,I 16 and Sr 15,,Rear End,2,Clear,Dry,Daylight
2023-02-18T17:10:00.000,I 16,I 16 and Sr 15,,Not a Collision with Motor Vehicle,1,Clear,Dry,Daylight
2024-07-04T13:15:00.000,I 16,I 16 and Sr 15,,Sideswipe-Same Direction,2,Clear,Dry,Daylight
2024-02-12T08:10:00.000,I 16,I 16 and Sr 15,,Not a Collision with Motor Vehicle,1,Rain,Wet,Daylight
2024-03-14T07:41:00.000,I 16,I 16 and Sr 15,,Rear End,2,Clear,Dry,Daylight
2024-08-06T15:08:00.000,I 16,I 16 and Sr 15,,Not a Collision with Motor Vehicle,1,Rain,Wet,Daylight
2024-11-06T13:54:00.000,I 16,I 16 and Sr 15,,Not a Collision with Motor Vehicle,1,Rain,Wet,Daylight
2024-03-08T04:22:00.000,I 16,I 16 and Sr 15,,Not a Collision with Motor Vehicle,1,Cloudy,Dry,Dark-Not Lighted
2020-10-16T16:20:00.000,I 16,I 16 and Sr 129,,Angle Crash,2,Clear,Dry,Daylight
2021-12-06T09:12:00.000,I 16,I 16 and Sr 129,,Not a Collision with Motor Vehicle,1,Clear,Dry,Daylight
2022-05-30T15:10:00.000,I 16,I 16 and Sr 129,,Not a Collision with Motor Vehicle,1,Rain,Wet,Daylight
2023-02-09T04:50:00.000,I 16,I 16 and Sr 121,,Rear End,2,Cloudy,Dry,Dark-Not Lighted
2021-07-11T17:34:00.000,I 16,I 16 and Sr 121,,Not a Collision with Motor Vehicle,1,Rain,Wet,Daylight
2021-08-22T16:53:00.000,I 16,I 16 and Sr 121,,Not a Collision with Motor Vehicle,1,Rain,Water (standing or moving),Daylight
2021-12-31T20:40:00.000,I 16,I 16 and Sr 121,,Not a Collision with Motor Vehicle,1,Cloudy,Dry,Dark-Lighted
2022-07-15T14:06:00.000,I 16,I 16 and Sr 121,,Not a Collision with Motor Vehicle,1,Cloudy,Dry,Daylight
2022-06-11T20:13:00.000,I 16,I 16 and Sr 121,,Not a Collision with Motor Vehicle,1,Rain,Wet,Dusk
2022-01-24T15:24:00.000,I 16,I 16 and Sr 121,,Angle Crash,2,Clear,Dry,Daylight
2022-04-18T19:52:00.000,I 16,I 16 and Sr 121,,Rear End,2,Clear,Dry,Daylight
2024-08-29T11:35:00.000,I 16,I 16 and Sr 121,,Angle Crash,2,Clear,Dry,Daylight
2023-07-23T15:20:00.000,I 16,I 16 and Sr 121,,Not a Collision with Motor Vehicle,1,Severe Thunderstorm or Tornadic,Wet,Daylight
2021-01-31T14:20:00.000,I 16,I 16 and Sr 119,,Not a Collision with Motor Vehicle,1,Clear,Dry,Daylight
2021-03-14T14:35:00.000,I 16,I 16 and Sr 119,,Rear End,4,Clear,Dry,Daylight
2021-09-19T13:04:00.000,I 16,I 16 and Sr 119,,Rear End,2,Rain,Wet,Daylight
2021-02-24T16:14:00.000,I 16,I 16 and Sr 119,,Rear End,2,Clear,Dry,Daylight
2021-01-05T09:15:00.000,I 16,I 16 and Sr 119,,Sideswipe-Same Direction,2,Clear,Dry,Daylight
2022-12-28T18:55:00.000,I 16,I 16 and Sr 119,,Not a Collision with Motor Vehicle,1,Clear,Dry,Dark-Not Lighted
2020-01-20T14:00:00.000,I 16,I 16 and Sr 119,,Sideswipe-Same Direction,2,Clear,Dry,Daylight
2020-07-27T15:54:00.000,I 16,I 16 and Sr 119,,Rear End,2,Clear,Dry,Daylight
2021-04-26T08:15:00.000,I 16,I 16 and Sr 119,,Rear End,2,Clear,Dry,Daylight
2021-04-03T05:00:00.000,I 16,I 16 and Sr 119,,Not a Collision with Motor Vehicle,1,Clear,Dry,Dark-Not Lighted
2021-04-29T16:00:00.000,I 16,I 16 and Sr 119,,Rear End,2,Clear,Dry,Daylight
2021-04-23T16:10:00.000,I 16,I 16 and Sr 119,,Rear End,4,Clear,Dry,Daylight
2021-11-03T07:00:00.000,I 16,I 16 and Sr 119,,Sideswipe-Same Direction,2,Clear,Dry,Dawn
2021-08-14T12:39:00.000,I 16,I 16 and Sr 119,,Not a Collision with Motor Vehicle,1,Cloudy,Dry,Daylight