Date and Time,Roadway (From Crash Report),Intersection Name (from Crash Report),KABCO Severity,Manner of Collision (Crash Level) ,# of Vehicles per crash ,Weather Conditions (Crash Level),Surface Condition (Crash Level) ,Light Conditions (Crash Level)
2021-09-20T06:45:00.000,I 16,I 16 and Sr 119,,Rear End,2,Rain,Wet,Daylight
2021-07-26T11:21:00.000,I 16,I 16 and Sr 119,,Not a Collision with Motor Vehicle,1,Cloudy,Dry,Daylight
2022-03-16T14:35:00.000,I 16,I 16 and Sr 119,,Rear End,2,Rain,Wet,Daylight
2022-11-17T16:20:00.000,I 16,I 16 and Sr 119,,Sideswipe-Same Direction,2,Cloudy,Dry,Daylight
2022-03-16T14:01:00.000,I 16,I 16 and Sr 119,,Sideswipe-Same Direction,2,Rain,Wet,Daylight
2022-02-04T10:20:00.000,I 16,I 16 and Sr 119,,Sideswipe-Same Direction,2,Clear,Dry,Daylight
2022-03-31T15:47:00.000,I 16,I 16 and Sr 119,,Rear End,2,Cloudy,Wet,Daylight
2022-03-16T14:35:00.000,I 16,I 16 and Sr 119,,Not a Collision with Motor Vehicle,1,Rain,Wet,Daylight
2022-05-17T16:20:00.000,I 16,I 16 and Sr 119,,Not a Collision with Motor Vehicle,1,Clear,Dry,Daylight
2022-03-31T13:57:00.000,I 16,I 16 and Sr 119,,Not a Collision with Motor Vehicle,1,Rain,Wet,Daylight
2022-10-31T16:47:00.000,I 16,I 16 and Sr 119,,Angle Crash,2,Clear,Dry,Daylight
2022-07-03T19:35:00.000,I 16,I 16 and Sr 119,,Not a Collision with Motor Vehicle,1,Rain,Wet,Daylight
2023-06-06T18:55:00.000,I 16,I 16 and Sr 119,,Not a Collision with Motor Vehicle,1,Clear,Dry,Daylight
2023-07-10T16:10:00.000,I 16,I 16 and Sr 119,,Rear End,2,Cloudy,Dry,Daylight
2023-12-12T17:50:00.000,I 16,I 16 and Sr 119,,Not a Collision with Motor Vehicle,5,Cloudy,Dry,Dark-Not Lighted
2024-06-29T13:47:00.000,I 16,I 16 and Sr 119,,Sideswipe-Same Direction,2,Clear,Dry,Daylight
2024-02-26T18:48:00.000,I 16,I 16 and Sr 119,,Not a Collision with Motor Vehicle,3,Clear,Dry,Dark-Lighted
2021-07-14T00:10:00.000,I 16,I 16 and Sr 112,,Not a Collision with Motor Vehicle,1,Clear,Dry,Dark-Not Lighted
2021-04-04T19:14:00.000,I 16,I 16 and Sr 112,,Sideswipe-Same Direction,2,Clear,Dry,Daylight
2021-12-18T21:53:00.000,I 16,I 16 and Sr 112,,Not a Collision with Motor Vehicle,1,Rain,Wet,Dark-Not Lighted
2021-09-16T08:13:00.000,I 16,I 16 and Sr 112,,Not a Collision with Motor Vehicle,1,Rain,Wet,Daylight
2021-11-01T22:17:00.000,I 16,I 16 and Sr 112,,Rear End,2,Clear,Dry,Dark-Not Lighted
2021-06-19T11:01:00.000,I 16,I 16 and Sr 112,,Angle Crash,2,Rain,Wet,Daylight
2020-10-30T03:19:00.000,I 16,I 16 and Sr 112,,Sideswipe-Same Direction,2,Clear,Dry,Daylight
2023-08-16T13:05:00.000,I 16,I 16 and Sr 112,,Not a Collision with Motor Vehicle,2,Clear,Dry,Daylight
2023-12-30T22:49:00.000,I 16,I 16 and Sr 112,,Not a Collision with Motor Vehicle,1,Clear,Dry,Dark-Not Lighted
2023-12-08T18:34:00.000,I 16,I 16 and Sr 112,,Not a Collision with Motor Vehicle,1,Clear,Dry,Dark-Not Lighted
2023-03-25T12:34:00.000,I 16,I 16 and Sr 112,,Not a Collision with Motor Vehicle,1,Rain,Wet,Daylight
2023-06-21T15:54:00.000,I 16,I 16 and Sr 112,,Sideswipe-Same Direction,3,Rain,Wet,Daylight
2020-10-31T00:30:00.000,I 16,I 16 and Sr 112,,Rear End,4,Clear,Dry,Dark-Not Lighted
2020-02-08T21:42:00.000,I 16,I 16 and Sr 112,,Angle Crash,2,Fog,Dry,Dark-Not Lighted
2020-10-04T14:21:00.000,I 16,I 16 and Sr 112,,Rear End,4,Clear,Dry,Daylight
2020-08-01T23:33:00.000,I 16,I 16 and Sr 112,,Rear End,4,Clear,Dry,Dark-Not Lighted
2020-06-01T08:53:00.000,I 16,I 16 and Sr 112,,Sideswipe-Same Direction,2,Clear,Dry,Daylight
2020-12-29T04:50:00.000,I 16,I 16 and Sr 112,,Rear End,2,Clear,Dry,Dark-Not Lighted
2020-01-31T22:15:00.000,I 16,I 16 and Sr 112,,Not a Collision with Motor Vehicle,1,Cloudy,Dry,Dark-Not Lighted
2020-09-25T08:12:00.000,I 16,I 16 and Sr 112,,Not a Collision with Motor Vehicle,1,Rain,Wet,Daylight
2020-11-06T10:49:00.000,I 16,I 16 and Sr 112,,Not a Collision with Motor Vehicle,1,Clear,Dry,Daylight
2020-08-09T17:00:00.000,I 16,I 16 and Sr 112,,Not a Collision with Motor Vehicle,1,Clear,Dry,Daylight
2020-06-22T16:15:00.000,I 16,I 16 and Sr 112,,Not a Collision with Motor Vehicle,2,Cloudy,Dry,Daylight
2020-09-09T14:08:00.000,I 16,I 16 and Sr 112,,Rear End,3,Clear,Dry,Daylight
2021-04-02T17:35:00.000,I 16,I 16 and Sr 112,,Angle Crash,2,Clear,Dry,Daylight
2021-12-10T06:52:00.000,I 16,I 16 and Sr 112,,Not a Collision with Motor Vehicle,1,Rain,Wet,Dawn
2021-08-14T17:00:00.000,I 16,I 16 and Sr 112,,Not a Collision with Motor Vehicle,1,Rain,Wet,Daylight
2021-12-04T09:48:00.000,I 16,I 16 and Sr 112,,Not a Collision with Motor Vehicle,1,Rain,Wet,Daylight
2022-03-05T23:46:00.000,I 16,I 16 and Sr 112,,Rear End,2,Clear,Dry,Dark-Not Lighted
2022-03-14T18:25:00.000,I 16,I 16 and Sr 112,,Angle Crash,2,Clear,Dry,Daylight
2022-07-05T13:16:00.000,I 16,I 16 and Sr 112,,Not a Collision with Motor Vehicle,1,Rain,Wet,Daylight
2022-09-14T05:11:00.000,I 16,I 16 and Sr 112,,Rear End,2,Clear,Dry,Dark-Not Lighted
2022-04-20T19:20:00.000,I 16,I 16 and Sr 112,,Sideswipe-Same Direction,1,Clear,Dry,Daylight
2022-01-01T20:05:00.000,I 16,I 16 and Sr 112,,Angle Crash,2,Clear,Dry,Dark-Not Lighted
2022-08-19T15:24:00.000,I 16,I 16 and Sr 112,,Not a Collision with Motor Vehicle,1,Rain,Wet,Daylight
2022-04-04T16:30:00.000,I 16,I 16 and Sr 112,,Not a Collision with Motor Vehicle,1,Clear,Dry,Daylight
2022-08-06T22:48:00.000,I 16,I 16 and Sr 112,,Not a Collision with Motor Vehicle,1,Rain,Water (standing or moving),Dark-Not Lighted
2022-09-10T17:20:00.000,I 16,I 16 and Sr 112,,Not a Collision with Motor Vehicle,1,Cloudy,Dry,Daylight
2022-08-21T01:15:00.000,I 16,I 16 and Sr 112,,Not a Collision with Motor Vehicle,1,Rain,Wet,Dark-Not Lighted
2022-03-25T11:35:00.000,I 16,I 16 and Sr 112,,Sideswipe-Same Direction,2,Clear,Dry,Daylight
2023-07-19T17:47:00.000,I 16,I 16 and Sr 112,,Angle Crash,1,Clear,Wet,Daylight
2024-09-26T08:40:00.000,I 16,I 16 and Sr 112,,Not a Collision with Motor Vehicle,1,Rain,Wet,Daylight
2023-02-16T11:35:00.000,I 16,I 16 and Sr 112,,Not a Collision with Motor Vehicle,1,Cloudy,Dry,Daylight
2023-11-28T22:09:00.000,I 16,I 16 and Sr 112,,Angle Crash,2,Clear,Dry,Dark-Not Lighted
2023-01-30T05:22:00.000,I 16,I 16 and Sr 112,,Not a Collision with Motor Vehicle,1,Clear,Wet,Daylight
2023-06-21T15:35:00.000,I 16,I 16 and Sr 112,,Not a Collision with Motor Vehicle,1,Rain,Wet,Daylight
2023-09-03T21:42:00.000,I 16,I 16 and Sr 112,,Angle Crash,2,Cloudy,Dry,Dark-Not Lighted
2023-03-25T12:30:00.000,I 16,I 16 and Sr 112,,Not a Collision with Motor Vehicle,1,Rain,Wet,Daylight
2024-01-09T11:28:00.000,I 16,I 16 and Sr 112,,Not a Collision with Motor Vehicle,1,Rain,Wet,Daylight
2024-07-12T15:12:00.000,I 16,I 16 and Sr 112,,Rear End,2,Clear,Dry,Daylight
2024-02-04T17:57:00.000,I 16,I 16 and Sr 112,,Angle Crash,1,Rain,Wet,Daylight
2024-08-11T19:04:00.000,I 16,I 16 and Sr 112,,Not a Collision with Motor Vehicle,1,Clear,Dry,Daylight
2024-06-03T09:36:00.000,I 16,I 16 and Sr 112,,Not a Collision with Motor Vehicle,1,Clear,Dry,Daylight
2024-09-25T21:40:00.000,I 16,I 16 and Sr 112,,Not a Collision with Motor Vehicle,1,Cloudy,Dry,Dark-Not Lighted
2024-04-10T11:37:00.000,I 16,I 16 and Sr 112,,Rear End,3,Clear,Dry,Daylight
2024-05-11T17:50:00.000,I 16,I 16 and Sr 112,,Angle Crash,1,Clear,Dry,Daylight
2024-04-10T10:05:00.000,I 16,I 16 and Sr 112,,Not a Collision with Motor Vehicle,1,Clear,Dry,Daylight
2021-03-05T12:45:00.000,I 16,I 16 and Sr  30 Hwy 280,,Rear End,2,Clear,Dry,Daylight
2021-03-29T13:53:00.000,I 16,I 16 and Sr  30 Hwy 280,,Sideswipe-Same Direction,2,Clear,Dry,Daylight
2024-10-02T13:58:00.000,I 16,I 16 and Sqoda Rd,,Not a Collision with Motor Vehicle,1,Cloudy,Dry,Daylight
2024-08-06T11:50:00.000,I 16,I 16 and Sqoda Rd,,Rear End,2,Cloudy,Wet,Daylight
2023-02-23T19:00:00.000,I 16,I 16 and Springs St Exit Rp,,Sideswipe-Same Direction,2,Clear,Dry,Dark-Not Lighted
2023-11-17T18:02:00.000,I 16,I 16 and Spring Street Exit Ramp Exit,,Sideswipe-Same Direction,2,Clear,Dry,Dark-Lighted
2024-03-16T19:35:00.000,I 16,I 16 and Spring Street Exit 1A,,Angle Crash,2,Clear,Dry,Dark-Lighted
2023-04-14T16:00:00.000,I 16,I 16 and Spring St.,,Rear End,2,Cloudy,Dry,Daylight
2020-02-19T16:17:00.000,I 16,I 16 and Spring St Rp,,Rear End,2,Cloudy,Dry,Daylight
2021-11-28T02:31:00.000,I 16,I 16 and Spring St Off Rp,,Not a Collision with Motor Vehicle,1,Clear,Dry,Dark-Not Lighted
2022-04-18T16:46:00.000,I 16,I 16 and Spring St Ext 1A,,Rear End,2,Clear,Dry,Daylight
2023-07-09T11:20:00.000,I 16,I 16 and Spring St Exit Rp,,Sideswipe-Same Direction,2,Clear,Dry,Daylight
2023-03-27T07:00:00.000,I 16,I 16 and Spring St Exit Ramp 1A,,Rear End,3,Rain,Wet,Daylight
2023-03-04T12:46:00.000,I 16,I 16 and Spring St Exit 1A,,Rear End,2,Clear,Dry,Daylight
2022-11-12T13:15:00.000,I 16,I 16 and Spring St Exit 1A,,Angle Crash,2,Cloudy,Dry,Daylight
2023-09-17T15:35:00.000,I 16,I 16 and Spring St Exit,,Rear End,2,Clear,Dry,Daylight
2020-08-26T17:42:00.000,I 16,I 16 and Spring St Exit,,Sideswipe-Same Direction,2,Clear,Dry,Daylight
2020-04-28T17:24:00.000,I 16,I 16 and Spring St Exit,,Rear End,3,Clear,Dry,Daylight
2022-03-14T18:18:00.000,I 16,I 16 and Spring St Exit,,Rear End,2,Clear,Dry,Daylight
2024-06-21T16:42:00.000,I 16,I 16 and Spring St Exit,,Rear End,2,Clear,Dry,Daylight
2024-05-11T13:30:00.000,I 16,I 16 and Spring St Exit,,Rear End,2,Clear,Dry,Daylight
2020-07-13T14:31:00.000,I 16,I 16 and Spring St Entrance Rp,,Rear End,2,Clear,Dry,Daylight
2021-10-21T19:34:00.000,I 16,I 16 and Spring St,,Angle Crash,2,Clear,Dry,Dusk
2021-10-21T18:19:00.000,I 16,I 16 and Spring St,,Sideswipe-Same Direction,2,Clear,Dry,Daylight
2021-09-17T12:02:00.000,I 16,I 16 and Spring St,,Sideswipe-Same Direction,2,Cloudy,Dry,Daylight
2021-01-18T13:21:00.000,I 16,I 16 and Spring St,,Rear End,2,Clear,Dry,Daylight
2021-06-29T13:03:00.000,I 16,I 16 and Spring St,,Rear End,2,Clear,Dry,Daylight
2021-02-15T17:52:00.000,I 16,I 16 and Spring St,,Sideswipe-Same Direction,2,Rain,Wet,Dusk
2021-09-09T16:27:00.000,I 16,I 16 and Spring St,,Rear End,2,Clear,Dry,Daylight
2021-08-17T16:20:00.000,I 16,I 16 and Spring St,,Rear End,2,Cloudy,Dry,Daylight
2021-08-11T16:42:00.000,I 16,I 16 and Spring St,,Sideswipe-Same Direction,2,Clear,Dry,Daylight
2020-12-24T16:20:00.000,I 16,I 16 and Spring St,,Rear End,2,Rain,Wet,Daylight
2023-05-06T12:10:00.000,I 16,I 16 and Spring St,,Rear End,3,Clear,Dry,Daylight
2023-01-09T17:34:00.000,I 16,I 16 and Spring St,,Rear End,2,Clear,Dry,Daylight
2023-10-21T18:23:00.000,I 16,I 16 and Spring St,,Rear End,3,Clear,Dry,Daylight
2023-10-20T21:02:00.000,I 16,I 16 and Spring St,,Sideswipe-Same Direction,2,Clear,Dry,Dark-Lighted
2023-07-26T08:54:00.000,I 16,I 16 and Spring St,,Not a Collision with Motor Vehicle,2,Clear,Dry,Daylight
2020-05-25T11:05:00.000,I 16,I 16 and Spring St,,Not a Collision with Motor Vehicle,2,Clear,Dry,Daylight
2020-09-19T13:13:00.000,I 16,I 16 and Spring St,,Rear End,2,Cloudy,Dry,Daylight
2020-09-08T15:34:00.000,I 16,I 16 and Spring St,,Rear End,2,Clear,Dry,Daylight
2020-07-30T18:06:00.000,I 16,I 16 and Spring St,,Rear End,2,Clear,Dry,Daylight
2020-10-13T15:32:00.000,I 16,I 16 and Spring St,,Sideswipe-Same Direction,2,Clear,Dry,Daylight
2020-09-23T17:12:00.000,I 16,I 16 and Spring St,,Sideswipe-Same Direction,2,Cloudy,Dry,Daylight
2020-07-25T05:07:00.000,I 16,I 16 and Spring St,,Not a Collision with Motor Vehicle,1,Clear,Dry,Dark-Lighted
2020-10-13T16:38:00.000,I 16,I 16 and Spring St,,Rear End,2,Clear,Dry,Daylight
2020-11-25T13:07:00.000,I 16,I 16 and Spring St,,Angle Crash,2,Clear,Dry,Daylight
2020-12-17T18:23:00.000,I 16,I 16 and Spring St,,Rear End,2,Clear,Dry,Dark-Not Lighted
2020-06-19T17:42:00.000,I 16,I 16 and Spring St,,Rear End,3,Clear,Dry,Daylight
2020-06-23T16:44:00.000,I 16,I 16 and Spring St,,Sideswipe-Same Direction,2,Clear,Dry,Daylight
2020-06-29T14:06:00.000,I 16,I 16 and Spring St,,Sideswipe-Same Direction,2,Cloudy,Dry,Daylight
2020-11-03T08:03:00.000,I 16,I 16 and Spring St,,Rear End,2,Clear,Dry,Daylight
2020-08-13T16:34:00.000,I 16,I 16 and Spring St,,Rear End,2,Cloudy,Dry,Daylight
2020-07-31T15:08:00.000,I 16,I 16 and Spring St,,Angle Crash,2,Cloudy,Dry,Daylight
2020-03-01T19:35:00.000,I 16,I 16 and Spring St,,Sideswipe-Same Direction,2,Clear,Dry,Dark-Lighted
2020-03-13T16:37:00.000,I 16,I 16 and Spring St,,Angle Crash,2,Clear,Dry,Daylight
2020-04-22T01:19:00.000,I 16,I 16 and Spring St,,Not a Collision with Motor Vehicle,1,Clear,Dry,Dark-Not Lighted
2020-03-06T18:29:00.000,I 16,I 16 and Spring St,,Rear End,2,Clear,Dry,Daylight
2020-02-14T07:04:00.000,I 16,I 16 and Spring St,,Rear End,2,Clear,Dry,Daylight
2020-03-17T04:40:00.000,I 16,I 16 and Spring St,,Not a Collision with Motor Vehicle,1,Clear,Dry,Dark-Not Lighted
2020-01-28T16:54:00.000,I 16,I 16 and Spring St,,Angle Crash,2,Clear,Dry,Daylight
2020-04-16T15:09:00.000,I 16,I 16 and Spring St,,Sideswipe-Same Direction,2,Clear,Dry,Daylight
2020-01-10T10:57:00.000,I 16,I 16 and Spring St,,Sideswipe-Same Direction,2,Clear,Dry,Daylight
2020-08-10T18:18:00.000,I 16,I 16 and Spring St,,Rear End,2,Rain,Wet,Daylight
2021-01-30T07:00:00.000,I 16,I 16 and Spring St,,Rear End,2,Clear,Dry,Dark-Not Lighted
2021-04-26T20:47:00.000,I 16,I 16 and Spring St,,Rear End,2,Clear,Dry,Dark-Not Lighted
2021-01-12T08:14:00.000,I 16,I 16 and Spring St,,Sideswipe-Opposite Direction,2,Cloudy,Wet,Daylight
2021-03-11T09:04:00.000,I 16,I 16 and Spring St,,Sideswipe-Same Direction,2,Clear,Dry,Daylight
2022-06-28T15:56:00.000,I 16,I 16 and Spring St,,Rear End,2,Cloudy,Dry,Daylight
2022-10-24T09:58:00.000,I 16,I 16 and Spring St,,Sideswipe-Same Direction,2,Clear,Dry,Daylight
2022-11-10T11:04:00.000,I 16,I 16 and Spring St,,Sideswipe-Same Direction,2,Cloudy,Dry,Daylight
2022-08-19T09:39:00.000,I 16,I 16 and Spring St,,Sideswipe-Same Direction,2,Cloudy,Dry,Daylight
2022-09-22T14:37:00.000,I 16,I 16 and Spring St,,Sideswipe-Same Direction,2,Clear,Dry,Daylight
2022-05-28T15:13:00.000,I 16,I 16 and Spring St,,Not a Collision with Motor Vehicle,2,Clear,Dry,Daylight
2022-11-30T07:56:00.000,I 16,I 16 and Spring St,,Rear End,2,Rain,Wet,Daylight
2022-10-05T13:28:00.000,I 16,I 16 and Spring St,,Sideswipe-Same Direction,2,Clear,Dry,Daylight
2022-02-18T10:43:00.000,I 16,I 16 and Spring St,,Rear End,2,Clear,Dry,Daylight
2022-11-14T15:53:00.000,I 16,I 16 and Spring St,,Sideswipe-Same Direction,2,Cloudy,Dry,Daylight
2022-03-01T09:51:00.000,I 16,I 16 and Spring St,,Rear End,2,Clear,Dry,Daylight
2022-03-30T12:50:00.000,I 16,I 16 and Spring St,,Sideswipe-Same Direction,2,Clear,Dry,Daylight
2022-05-10T01:48:00.000,I 16,I 16 and Spring St,,Rear End,2,Clear,Dry,Dark-Not Lighted
2022-01-09T17:30:00.000,I 16,I 16 and Spring St,,Rear End,4,Cloudy,Dry,Dark-Lighted
2022-11-05T13:53:00.000,I 16,I 16 and Spring St,,Rear End,3,Clear,Dry,Daylight
2022-04-07T09:53:00.000,I 16,I 16 and Spring St,,Rear End,2,Clear,Dry,Daylight
2023-06-15T10:18:00.000,I 16,I 16 and Spring St,,Rear End,3,Clear,Wet,Daylight
2024-03-05T07:30:00.000,I 16,I 16 and Spring St,,Rear End,2,Clear,Dry,Daylight
2023-08-18T17:26:00.000,I 16,I 16 and Spring St,,Rear End,2,Clear,Dry,Daylight
2023-03-07T17:09:00.000,I 16,I 16 and Spring St,,Rear End,2,Clear,Dry,Daylight
2023-04-20T00:52:00.000,I 16,I 16 and Spring St,,Sideswipe-Same Direction,2,Clear,Dry,Dark-Not Lighted
2023-02-24T14:26:00.000,I 16,I 16 and Spring St,,Rear End,2,Cloudy,Dry,Daylight
2024-12-12T21:25:00.000,I 16,I 16 and Spring St,,Sideswipe-Same Direction,2,Clear,Dry,Dark-Lighted
2024-07-25T14:10:00.000,I 16,I 16 and Spring St,,Sideswipe-Same Direction,2,Clear,Dry,Daylight
2024-03-09T22:00:00.000,I 16,I 16 and Spring St,,Not a Collision with Motor Vehicle,1,Clear,Dry,Dark-Lighted
2024-02-13T14:30:00.000,I 16,I 16 and Spring St,,Sideswipe-Same Direction,2,Clear,Dry,Daylight
2024-03-28T21:30:00.000,I 16,I 16 and Spring St,,Angle Crash,2,Clear,Dry,Dark-Lighted
2024-01-23T14:25:00.000,I 16,I 16 and Spring St,,Sideswipe-Same Direction,2,Cloudy,Dry,Daylight
2020-11-18T14:32:00.000,I 16,I 16 and Sinkhole Road Opas,,Not a Collision with Motor Vehicle,1,Clear,Dry,Daylight
2022-01-08T16:21:00.000,I 16,I 16 and Sinkhole Road Opas,,Not a Collision with Motor Vehicle,1,Clear,Dry,Daylight
2024-06-26T02:40:00.000,I 16,I 16 and Sinkhole Road Opas,,Not a Collision with Motor Vehicle,1,Clear,Dry,Dark-Not Lighted
2021-06-23T15:09:00.000,I 16,I 16 and Sinkhole Rd,,Not a Collision with Motor Vehicle,1,Clear,Dry,Daylight
2023-07-23T16:50:00.000,I 16,I 16 and Sinkhole Rd,,Not a Collision with Motor Vehicle,1,Rain,Wet,Daylight
2022-01-03T14:08:00.000,I 16,I 16 and Sinkhole Rd,,Not a Collision with Motor Vehicle,1,Cloudy,Dry,Daylight
2022-04-25T11:42:00.000,I 16,I 16 and Sinkhole Rd,,Not a Collision with Motor Vehicle,1,Clear,Dry,Daylight
2021-11-13T15:25:00.000,I 16,I 16 and Sinkhole Rd,,Not a Collision with Motor Vehicle,1,Clear,Dry,Daylight
2022-08-13T10:35:00.000,I 16,I 16 and Sinkhole Rd,,Not a Collision with Motor Vehicle,1,Cloudy,Dry,Daylight
2022-07-06T03:32:00.000,I 16,I 16 and Sinkhole Rd,,Rear End,2,Clear,Dry,Dark-Not Lighted
2022-01-20T17:07:00.000,I 16,I 16 and Sinkhole Rd,,Not a Collision with Motor Vehicle,2,Cloudy,Dry,Dusk
2022-08-18T19:20:00.000,I 16,I 16 and Sinkhole Rd,,Not a Collision with Motor Vehicle,1,Severe Thunderstorm or Tornadic,Wet,Dusk
2021-12-03T15:12:00.000,I 16,I 16 and Sgoda Road Exit 12 Off Rp,,Not a Collision with Motor Vehicle,1,Clear,Dry,Daylight
2021-05-24T19:03:00.000,I 16,I 16 and Sgoda Rd,,Not a Collision with Motor Vehicle,1,Clear,Dry,Daylight
2021-03-28T09:27:00.000,I 16,I 16 and Sgoda Rd,,Not a Collision with Motor Vehicle,1,Clear,Dry,Daylight
2021-03-18T15:55:00.000,I 16,I 16 and Sgoda Rd,,Angle Crash,2,Clear,Dry,Daylight
2021-07-03T06:35:00.000,I 16,I 16 and Sgoda Rd,,Not a Collision with Motor Vehicle,1,Clear,Dry,Daylight
2021-07-09T17:38:00.000,I 16,I 16 and Sgoda Rd,,Not a Collision with Motor Vehicle,1,Severe Thunderstorm or Tornadic,Wet,Daylight
2023-09-08T21:40:00.000,I 16,I 16 and Sgoda Rd,,Not a Collision with Motor Vehicle,1,Clear,Dry,Dark-Not Lighted
2023-11-14T20:50:00.000,I 16,I 16 and Sgoda Rd,,Rear End,9,Cloudy,Dry,Dark-Not Lighted
2022-08-03T04:48:00.000,I 16,I 16 and Sgoda Rd,,Not a Collision with Motor Vehicle,2,Clear,Dry,Dark-Not Lighted
2020-08-30T17:52:00.000,I 16,I 16 and Sgoda Rd,,Not a Collision with Motor Vehicle,1,Rain,Wet,Daylight
2020-09-23T04:02:00.000,I 16,I 16 and Sgoda Rd,,Not a Collision with Motor Vehicle,1,Clear,Dry,Dark-Not Lighted
2020-03-28T19:30:00.000,I 16,I 16 and Sgoda Rd,,Not a Collision with Motor Vehicle,1,Clear,Dry,Dark-Not Lighted
2020-11-21T10:57:00.000,I 16,I 16 and Sgoda Rd,,Not a Collision with Motor Vehicle,1,Clear,Dry,Daylight
2020-10-29T22:06:00.000,I 16,I 16 and Sgoda Rd,,Not a Collision with Motor Vehicle,1,Other,Dry,Dark-Not Lighted
2020-05-11T04:11:00.000,I 16,I 16 and Sgoda Rd,,Not a Collision with Motor Vehicle,1,Clear,Dry,Dark-Not Lighted
2020-02-17T11:40:00.000,I 16,I 16 and Sgoda Rd,,Not a Collision with Motor Vehicle,1,Cloudy,Wet,Daylight
2020-11-12T11:32:00.000,I 16,I 16 and Sgoda Rd,,Rear End,2,Cloudy,Dry,Daylight
2020-04-23T23:20:00.000,I 16,I 16 and Sgoda Rd,,Not a Collision with Motor Vehicle,1,Cloudy,Wet,Dark-Not Lighted
2020-11-08T20:48:00.000,I 16,I 16 and Sgoda Rd,,Not a Collision with Motor Vehicle,1,Clear,Dry,Dark-Not Lighted
2020-08-30T18:06:00.000,I 16,I 16 and Sgoda Rd,,Rear End,2,Rain,Wet,Daylight
2020-10-07T10:10:00.000,I 16,I 16 and Sgoda Rd,,Sideswipe-Same Direction,2,Clear,Dry,Daylight
2020-04-23T23:20:00.000,I 16,I 16 and Sgoda Rd,,Not a Collision with Motor Vehicle,1,Cloudy,Wet,Dark-Not Lighted
2020-03-13T17:12:00.000,I 16,I 16 and Sgoda Rd,,Sideswipe-Same Direction,2,Clear,Dry,Daylight
2020-05-29T14:30:00.000,I 16,I 16 and Sgoda Rd,,Sideswipe-Same Direction,1,Clear,Dry,Daylight
2020-10-10T20:05:00.000,I 16,I 16 and Sgoda Rd,,Not a Collision with Motor Vehicle,2,Clear,Dry,Dark-Not Lighted
2021-11-05T19:38:00.000,I 16,I 16 and Sgoda Rd,,Not a Collision with Motor Vehicle,1,Clear,Dry,Dark-Not Lighted
2021-11-22T07:56:00.000,I 16,I 16 and Sgoda Rd,,Not a Collision with Motor Vehicle,1,Rain,Wet,Daylight
2022-03-22T20:29:00.000,I 16,I 16 and Sgoda Rd,,Angle Crash,2,Clear,Dry,Dark-Not Lighted
2022-05-23T14:32:00.000,I 16,I 16 and Sgoda Rd,,Not a Collision with Motor Vehicle,1,Rain,Wet,Daylight
2022-01-01T00:18:00.000,I 16,I 16 and Sgoda Rd,,Not a Collision with Motor Vehicle,1,Clear,Dry,Dark-Not Lighted
2022-08-03T17:38:00.000,I 16,I 16 and Sgoda Rd,,Not a Collision with Motor Vehicle,1,Cloudy,Dry,Daylight
2022-08-03T16:21:00.000,I 16,I 16 and Sgoda Rd,,Head On,4,Clear,Dry,Daylight
2021-07-25T17:37:00.000,I 16,I 16 and Sgoda Rd,,Rear End,2,Clear,Dry,Daylight
2021-11-25T20:02:00.000,I 16,I 16 and Sgoda Rd,,Rear End,2,Clear,Dry,Dark-Not Lighted
2022-01-19T13:19:00.000,I 16,I 16 and Sgoda Rd,,Not a Collision with Motor Vehicle,1,Clear,Dry,Daylight
2022-08-09T14:06:00.000,I 16,I 16 and Sgoda Rd,,Angle Crash,2,Clear,Dry,Daylight
2022-08-21T05:11:00.000,I 16,I 16 and Sgoda Rd,,Not a Collision with Motor Vehicle,1,Rain,Wet,Dark-Not Lighted
2022-07-28T08:39:00.000,I 16,I 16 and Sgoda Rd,,Not a Collision with Motor Vehicle,1,Clear,Dry,Dark-Not Lighted
2022-11-10T18:17:00.000,I 16,I 16 and Sgoda Rd,,Not a Collision with Motor Vehicle,1,Rain,Wet,Dark-Not Lighted
2023-10-03T17:49:00.000,I 16,I 16 and Sgoda Rd,,Sideswipe-Same Direction,2,Clear,Dry,Daylight
2024-11-21T06:42:00.000,I 16,I 16 and Sgoda Rd,,Not a Collision with Motor Vehicle,1,Clear,Dry,Daylight
2023-05-18T17:13:00.000,I 16,I 16 and Sgoda Rd,,Not a Collision with Motor Vehicle,1,Rain,Wet,Daylight
2023-11-14T19:33:00.000,I 16,I 16 and Sgoda Rd,,Rear End,3,Clear,Dry,Dark-Not Lighted
2024-04-13T01:00:00.000,I 16,I 16 and Sgoda Rd,,Not a Collision with Motor Vehicle,1,Clear,Dry,Dark-Not Lighted
2024-05-30T16:04:00.000,I 16,I 16 and Sgoda Rd,,Rear End,2,Clear,Dry,Daylight
2024-06-19T13:00:00.000,I 16,I 16 and Sgoda Rd,,Rear End,2,Clear,Dry,Daylight
2024-10-02T12:30:00.000,I 16,I 16 and Sgoda Rd,,Rear End,4,Clear,Dry,Daylight