Date and Time,Roadway (From Crash Report),Intersection Name (from Crash Report),KABCO Severity,Manner of Collision (Crash Level) ,# of Vehicles per crash ,Weather Conditions (Crash Level),Surface Condition (Crash Level) ,Light Conditions (Crash Level)
2024-12-19T15:00:00.000,I 16,I 16 and Sgoda Rd,,Rear End,2,Clear,Dry,Daylight
2024-09-23T14:29:00.000,I 16,I 16 and Sgoda,,Rear End,2,Clear,Dry,Daylight
2022-10-11T12:50:00.000,I 16,I 16 and Second St Exit,,Not a Collision with Motor Vehicle,1,Clear,Dry,Daylight
2022-08-31T15:45:00.000,I 16,I 16 and Second St Exit,,Sideswipe-Same Direction,3,Clear,Dry,Daylight
2022-09-16T13:36:00.000,I 16,I 16 and Second St,,Rear End,2,Clear,Dry,Daylight
2022-12-05T05:41:00.000,I 16,I 16 and Second St,,Rear End,2,Clear,Dry,Dark-Not Lighted
2022-03-18T11:15:00.000,I 16,I 16 and Second St,,Sideswipe-Same Direction,2,Cloudy,Dry,Daylight
2021-11-19T16:20:00.000,I 16,I 16 and Scales,,Not a Collision with Motor Vehicle,1,Clear,Dry,Daylight
2024-01-04T13:25:00.000,I 16,I 16 and Sb; Jimmy Deloach Pkwy,,Angle Crash,1,Clear,Dry,Daylight
2023-12-17T09:02:00.000,I 16,I 16 and S.R. 441,,Not a Collision with Motor Vehicle,1,Rain,Wet,Daylight
2024-06-30T16:11:00.000,I 16,I 16 and S.R. 441,,Not a Collision with Motor Vehicle,1,Rain,Wet,Daylight
2023-12-03T18:54:00.000,I 16,I 16 and S.R. 199,,Not a Collision with Motor Vehicle,1,Clear,Dry,Dark-Not Lighted
2024-11-07T06:23:00.000,I 16,I 16 and S.R. 199,,Not a Collision with Motor Vehicle,1,Rain,Wet,Dark-Lighted
2024-11-16T18:00:00.000,I 16,I 16 and S.R. 19,,Not a Collision with Motor Vehicle,1,Clear,Dry,Dark-Not Lighted
2020-03-18T12:59:00.000,I 16,I 16 and S Lewis St,,(None),2,(None),(None),(None)
2022-06-13T15:48:00.000,I 16,I 16 and S Lewis St,,Rear End,2,Clear,Dry,Daylight
2024-08-17T16:55:00.000,I 16,I 16 and S Lewis St,,Sideswipe-Same Direction,2,Clear,Dry,Daylight
2023-06-23T15:04:00.000,I 16,I 16 and S Lewis St,,Rear End,2,Clear,Dry,Daylight
2024-01-12T16:42:00.000,I 16,I 16 and S Lewis St,,Not a Collision with Motor Vehicle,1,Rain,Wet,Dusk
2020-01-27T16:50:00.000,I 16,I 16 and Riverside Dr,,Angle Crash,2,Clear,Dry,Daylight
2021-11-19T13:42:00.000,I 16,I 16 and Red Hill Church Rd,,Not a Collision with Motor Vehicle,1,Clear,Dry,Daylight
2020-09-03T18:00:00.000,I 16,I 16 and Red Hill Church Rd,,Not a Collision with Motor Vehicle,1,Clear,Dry,Daylight
2024-01-22T15:42:00.000,I 16,I 16 and Red Hill Church Rd,,Rear End,2,Clear,Dry,Daylight
2020-11-20T22:02:00.000,I 16,I 16 and Ramp To Old River Rd,,Rear End,2,Clear,Dry,Dark-Not Lighted
2023-04-24T18:07:00.000,I 16,I 16 and Ramp To I95,,Sideswipe-Same Direction,2,Rain,Wet,Dark-Not Lighted
2020-01-31T01:11:00.000,I 16,I 16 and Ramp To I516,,Not a Collision with Motor Vehicle,1,Clear,Dry,Dark-Not Lighted
2023-12-11T20:30:00.000,I 16,I 16 and Pulaski-Excelsior Rd,,Not a Collision with Motor Vehicle,1,Clear,Dry,Dark-Not Lighted
2021-09-30T07:00:00.000,I 16,I 16 and Pulaski Rd,,Not a Collision with Motor Vehicle,1,Clear,Dry,Dawn
2024-04-18T16:11:00.000,I 16,I 16 and Poooler Pkwy,,Rear End,2,Clear,Dry,Daylight
2020-05-01T08:04:00.000,I 16,I 16 and Pooler Pwy,,Rear End,2,Clear,Dry,Daylight
2022-03-31T14:43:00.000,I 16,I 16 and Pooler Pwy,,Not a Collision with Motor Vehicle,1,Rain,Wet,Daylight
2021-04-16T16:23:00.000,I 16,I 16 and Pooler Pwky,,Rear End,2,Clear,Dry,Daylight
2023-07-02T11:19:00.000,I 16,I 16 and Pooler Pwky,,Rear End,2,Clear,Dry,Daylight
2021-10-06T11:27:00.000,I 16,I 16 and Pooler Pkwy.,,Rear End,2,Cloudy,Dry,Daylight
2022-09-03T19:11:00.000,I 16,I 16 and Pooler Pkwy.,,Rear End,2,Rain,Wet,Daylight
2022-11-11T18:10:00.000,I 16,I 16 and Pooler Pkwy.,,Rear End,2,Clear,Wet,Dark-Not Lighted
2022-09-07T21:22:00.000,I 16,I 16 and Pooler Pkwy.,,Rear End,2,Clear,Dry,Daylight
2022-09-08T17:50:00.000,I 16,I 16 and Pooler Pkwy.,,Rear End,2,Clear,Dry,Daylight
2021-04-28T15:18:00.000,I 16,I 16 and Pooler Pkwy,,Rear End,2,Clear,Dry,Daylight
2021-02-14T16:49:00.000,I 16,I 16 and Pooler Pkwy,,Not a Collision with Motor Vehicle,1,Rain,Wet,Daylight
2021-03-19T15:21:00.000,I 16,I 16 and Pooler Pkwy,,Rear End,2,Clear,Dry,Daylight
2021-04-26T15:35:00.000,I 16,I 16 and Pooler Pkwy,,Rear End,2,Clear,Dry,Daylight
2021-04-28T02:45:00.000,I 16,I 16 and Pooler Pkwy,,Rear End,2,Clear,Dry,Dark-Not Lighted
2021-03-25T17:01:00.000,I 16,I 16 and Pooler Pkwy,,Rear End,2,Clear,Dry,Daylight
2021-05-12T16:52:00.000,I 16,I 16 and Pooler Pkwy,,Rear End,2,Rain,Wet,Daylight
2021-12-14T17:49:00.000,I 16,I 16 and Pooler Pkwy,,Rear End,2,Clear,Dry,Dark-Lighted
2021-08-23T14:29:00.000,I 16,I 16 and Pooler Pkwy,,Rear End,2,Cloudy,Wet,Daylight
2021-11-14T18:05:00.000,I 16,I 16 and Pooler Pkwy,,Sideswipe-Same Direction,2,Clear,Dry,Dark-Not Lighted
2021-11-23T16:29:00.000,I 16,I 16 and Pooler Pkwy,,Rear End,2,Clear,Dry,Daylight
2021-11-26T12:00:00.000,I 16,I 16 and Pooler Pkwy,,Rear End,2,Clear,Dry,Daylight
2021-02-10T13:22:00.000,I 16,I 16 and Pooler Pkwy,,Rear End,2,Cloudy,Wet,Daylight
2021-04-08T11:45:00.000,I 16,I 16 and Pooler Pkwy,,Rear End,2,Clear,Dry,Daylight
2021-05-29T12:39:00.000,I 16,I 16 and Pooler Pkwy,,Rear End,2,Clear,Dry,Daylight
2021-05-02T18:30:00.000,I 16,I 16 and Pooler Pkwy,,Rear End,2,Clear,Dry,Dusk
2021-01-05T17:51:00.000,I 16,I 16 and Pooler Pkwy,,Rear End,2,Clear,Dry,Dark-Lighted
2021-06-12T21:22:00.000,I 16,I 16 and Pooler Pkwy,,Not a Collision with Motor Vehicle,1,Rain,Wet,Dark-Lighted
2021-06-12T15:34:00.000,I 16,I 16 and Pooler Pkwy,,Rear End,2,Clear,Dry,Daylight
2021-01-05T15:23:00.000,I 16,I 16 and Pooler Pkwy,,Rear End,2,Clear,Dry,Daylight
2021-02-17T10:30:00.000,I 16,I 16 and Pooler Pkwy,,Rear End,2,Cloudy,Dry,Daylight
2021-03-19T10:57:00.000,I 16,I 16 and Pooler Pkwy,,Rear End,2,Clear,Dry,Daylight
2021-01-16T11:04:00.000,I 16,I 16 and Pooler Pkwy,,Rear End,2,Clear,Dry,Daylight
2021-04-07T20:23:00.000,I 16,I 16 and Pooler Pkwy,,Rear End,2,Clear,Dry,Dark-Lighted
2021-06-04T08:46:00.000,I 16,I 16 and Pooler Pkwy,,Not a Collision with Motor Vehicle,1,Cloudy,Dry,Daylight
2021-01-03T16:31:00.000,I 16,I 16 and Pooler Pkwy,,Rear End,2,Clear,Dry,Daylight
2021-03-26T14:24:00.000,I 16,I 16 and Pooler Pkwy,,Rear End,2,Clear,Dry,Daylight
2021-04-08T17:38:00.000,I 16,I 16 and Pooler Pkwy,,Rear End,2,Clear,Dry,Daylight
2021-04-14T16:50:00.000,I 16,I 16 and Pooler Pkwy,,Rear End,2,Clear,Dry,Daylight
2021-06-08T18:25:00.000,I 16,I 16 and Pooler Pkwy,,Rear End,2,Clear,Dry,Daylight
2021-04-02T00:03:00.000,I 16,I 16 and Pooler Pkwy,,Not a Collision with Motor Vehicle,1,Clear,Dry,Dark-Not Lighted
2021-07-07T16:35:00.000,I 16,I 16 and Pooler Pkwy,,Rear End,2,Clear,Dry,Daylight
2021-09-23T07:39:00.000,I 16,I 16 and Pooler Pkwy,,Rear End,2,Clear,Dry,Dawn
2021-08-06T11:03:00.000,I 16,I 16 and Pooler Pkwy,,Rear End,2,Clear,Dry,Daylight
2021-08-19T15:55:00.000,I 16,I 16 and Pooler Pkwy,,Rear End,2,Clear,Dry,Daylight
2021-12-17T18:25:00.000,I 16,I 16 and Pooler Pkwy,,Rear End,2,Cloudy,Wet,Dark-Lighted
2021-11-30T16:35:00.000,I 16,I 16 and Pooler Pkwy,,Rear End,2,Clear,Dry,Daylight
2021-09-06T16:42:00.000,I 16,I 16 and Pooler Pkwy,,Rear End,2,Clear,Dry,Daylight
2021-08-25T09:11:00.000,I 16,I 16 and Pooler Pkwy,,Sideswipe-Same Direction,2,Rain,Wet,Daylight
2021-11-16T11:02:00.000,I 16,I 16 and Pooler Pkwy,,Rear End,2,Clear,Dry,Daylight
2021-08-09T16:40:00.000,I 16,I 16 and Pooler Pkwy,,Sideswipe-Same Direction,2,Clear,Dry,Daylight
2021-09-17T13:52:00.000,I 16,I 16 and Pooler Pkwy,,Rear End,2,Cloudy,Dry,Daylight
2021-08-13T15:00:00.000,I 16,I 16 and Pooler Pkwy,,Sideswipe-Same Direction,2,Clear,Dry,Daylight
2021-11-02T07:27:00.000,I 16,I 16 and Pooler Pkwy,,Rear End,2,Clear,Dry,Daylight
2021-10-09T09:00:00.000,I 16,I 16 and Pooler Pkwy,,Rear End,2,Cloudy,Dry,Daylight
2021-09-24T07:56:00.000,I 16,I 16 and Pooler Pkwy,,Rear End,2,Clear,Dry,Daylight
2021-07-31T11:14:00.000,I 16,I 16 and Pooler Pkwy,,Rear End,2,Clear,Dry,Daylight
2021-12-13T18:33:00.000,I 16,I 16 and Pooler Pkwy,,Rear End,2,Clear,Dry,Dark-Lighted
2021-04-05T14:51:00.000,I 16,I 16 and Pooler Pkwy,,Rear End,2,Clear,Dry,Daylight
2021-06-29T18:08:00.000,I 16,I 16 and Pooler Pkwy,,Rear End,2,Clear,Dry,Daylight
2021-01-10T02:21:00.000,I 16,I 16 and Pooler Pkwy,,Not a Collision with Motor Vehicle,1,Clear,Dry,Dark-Not Lighted
2021-04-09T12:39:00.000,I 16,I 16 and Pooler Pkwy,,Rear End,2,Cloudy,Dry,Daylight
2021-02-12T08:45:00.000,I 16,I 16 and Pooler Pkwy,,Rear End,2,Fog,Dry,Daylight
2021-03-04T17:00:00.000,I 16,I 16 and Pooler Pkwy,,Rear End,2,Clear,Dry,Daylight
2021-03-24T13:13:00.000,I 16,I 16 and Pooler Pkwy,,Rear End,2,Clear,Dry,Daylight
2021-06-02T14:12:00.000,I 16,I 16 and Pooler Pkwy,,Rear End,2,Cloudy,Wet,Daylight
2021-04-07T16:05:00.000,I 16,I 16 and Pooler Pkwy,,Rear End,2,Clear,Dry,Daylight
2021-04-17T23:40:00.000,I 16,I 16 and Pooler Pkwy,,Rear End,2,Clear,Dry,Dark-Lighted
2021-02-02T06:08:00.000,I 16,I 16 and Pooler Pkwy,,Rear End,2,Clear,Dry,Dark-Not Lighted
2021-06-18T18:50:00.000,I 16,I 16 and Pooler Pkwy,,Rear End,2,Clear,Dry,Daylight
2021-11-13T17:35:00.000,I 16,I 16 and Pooler Pkwy,,Rear End,2,Clear,Dry,Daylight
2021-07-19T06:46:00.000,I 16,I 16 and Pooler Pkwy,,Not a Collision with Motor Vehicle,1,Cloudy,Dry,Daylight
2021-09-17T12:05:00.000,I 16,I 16 and Pooler Pkwy,,Rear End,2,Clear,Dry,Daylight
2021-08-30T17:04:00.000,I 16,I 16 and Pooler Pkwy,,Rear End,2,Clear,Dry,Daylight
2021-10-15T16:24:00.000,I 16,I 16 and Pooler Pkwy,,Rear End,2,Clear,Dry,Daylight
2021-08-08T17:35:00.000,I 16,I 16 and Pooler Pkwy,,Not a Collision with Motor Vehicle,1,Cloudy,Dry,Daylight
2021-07-23T07:40:00.000,I 16,I 16 and Pooler Pkwy,,Sideswipe-Same Direction,1,Clear,Dry,Daylight
2021-11-02T17:51:00.000,I 16,I 16 and Pooler Pkwy,,Rear End,2,Clear,Dry,Daylight
2021-04-08T19:20:00.000,I 16,I 16 and Pooler Pkwy,,Rear End,2,Clear,Dry,Daylight
2021-03-10T07:27:00.000,I 16,I 16 and Pooler Pkwy,,Rear End,2,Clear,Dry,Daylight
2021-05-19T11:11:00.000,I 16,I 16 and Pooler Pkwy,,Rear End,2,Clear,Dry,Daylight
2021-06-01T12:47:00.000,I 16,I 16 and Pooler Pkwy,,Sideswipe-Same Direction,2,Clear,Dry,Daylight
2021-04-13T02:10:00.000,I 16,I 16 and Pooler Pkwy,,Not a Collision with Motor Vehicle,1,Clear,Dry,Dark-Lighted
2021-04-08T11:10:00.000,I 16,I 16 and Pooler Pkwy,,Rear End,2,Clear,Dry,Daylight
2021-02-18T15:23:00.000,I 16,I 16 and Pooler Pkwy,,Rear End,2,Cloudy,Dry,Daylight
2021-03-23T14:09:00.000,I 16,I 16 and Pooler Pkwy,,Rear End,2,Cloudy,Dry,Daylight
2021-03-04T13:45:00.000,I 16,I 16 and Pooler Pkwy,,Rear End,2,Clear,Dry,Daylight
2021-03-12T19:04:00.000,I 16,I 16 and Pooler Pkwy,,Rear End,2,Clear,Dry,Dark-Lighted
2021-04-24T18:40:00.000,I 16,I 16 and Pooler Pkwy,,Not a Collision with Motor Vehicle,1,Rain,Wet,Daylight
2021-01-02T18:27:00.000,I 16,I 16 and Pooler Pkwy,,Rear End,2,Cloudy,Wet,Dark-Lighted
2021-04-21T19:05:00.000,I 16,I 16 and Pooler Pkwy,,Rear End,2,Clear,Dry,Daylight
2020-12-04T08:34:00.000,I 16,I 16 and Pooler Pkwy,,Rear End,2,Clear,Dry,Daylight
2020-12-04T10:03:00.000,I 16,I 16 and Pooler Pkwy,,Rear End,4,Clear,Dry,Daylight
2023-04-04T17:32:00.000,I 16,I 16 and Pooler Pkwy,,Sideswipe-Same Direction,2,Clear,Dry,Daylight
2023-12-05T19:01:00.000,I 16,I 16 and Pooler Pkwy,,Rear End,2,Clear,Dry,Dark-Not Lighted
2023-08-14T18:52:00.000,I 16,I 16 and Pooler Pkwy,,(None),2,(None),(None),(None)
2023-03-01T09:39:00.000,I 16,I 16 and Pooler Pkwy,,Rear End,2,Cloudy,Dry,Daylight
2023-11-07T07:30:00.000,I 16,I 16 and Pooler Pkwy,,Rear End,2,Clear,Dry,Daylight
2023-11-07T07:27:00.000,I 16,I 16 and Pooler Pkwy,,Rear End,2,Clear,Dry,Daylight
2023-06-13T16:19:00.000,I 16,I 16 and Pooler Pkwy,,Rear End,2,Clear,Dry,Daylight
2023-11-21T07:39:00.000,I 16,I 16 and Pooler Pkwy,,Rear End,2,Rain,Wet,Dark-Lighted
2023-03-16T12:58:00.000,I 16,I 16 and Pooler Pkwy,,Rear End,2,Clear,Dry,Daylight
2023-11-08T07:56:00.000,I 16,I 16 and Pooler Pkwy,,Angle Crash,2,Clear,Dry,Daylight
2023-11-15T14:19:00.000,I 16,I 16 and Pooler Pkwy,,Rear End,2,Rain,Wet,Daylight
2023-11-08T07:15:00.000,I 16,I 16 and Pooler Pkwy,,Rear End,2,Clear,Dry,Daylight
2023-01-31T16:30:00.000,I 16,I 16 and Pooler Pkwy,,Rear End,2,Clear,Dry,Daylight
2023-12-28T07:45:00.000,I 16,I 16 and Pooler Pkwy,,Rear End,2,Clear,Dry,Daylight
2023-10-03T14:50:00.000,I 16,I 16 and Pooler Pkwy,,Not a Collision with Motor Vehicle,1,Clear,Dry,Daylight
2023-03-28T18:30:00.000,I 16,I 16 and Pooler Pkwy,,Rear End,2,Rain,Wet,Daylight
2023-10-19T16:33:00.000,I 16,I 16 and Pooler Pkwy,,Rear End,2,Clear,Dry,Daylight
2023-08-01T18:07:00.000,I 16,I 16 and Pooler Pkwy,,Rear End,2,Clear,Dry,Daylight
2023-09-26T05:24:00.000,I 16,I 16 and Pooler Pkwy,,Head On,1,Clear,Dry,Dark-Lighted
2023-07-16T12:47:00.000,I 16,I 16 and Pooler Pkwy,,Sideswipe-Same Direction,2,Clear,Dry,Daylight
2023-11-15T07:48:00.000,I 16,I 16 and Pooler Pkwy,,Sideswipe-Same Direction,2,Cloudy,Dry,Dawn
2023-05-19T16:33:00.000,I 16,I 16 and Pooler Pkwy,,Rear End,2,Clear,Dry,Daylight
2023-12-03T12:12:00.000,I 16,I 16 and Pooler Pkwy,,Rear End,2,Cloudy,Wet,Daylight
2023-05-13T16:15:00.000,I 16,I 16 and Pooler Pkwy,,Rear End,2,Clear,Dry,Daylight
2023-08-05T12:52:00.000,I 16,I 16 and Pooler Pkwy,,Rear End,2,Clear,Dry,Daylight
2023-07-24T10:29:00.000,I 16,I 16 and Pooler Pkwy,,Rear End,2,Clear,Dry,Daylight
2023-01-10T14:24:00.000,I 16,I 16 and Pooler Pkwy,,Rear End,2,Clear,Dry,Daylight
2023-04-29T12:29:00.000,I 16,I 16 and Pooler Pkwy,,Rear End,2,Clear,Dry,Daylight
2023-06-16T11:25:00.000,I 16,I 16 and Pooler Pkwy,,Rear End,2,Cloudy,Dry,Daylight
2023-11-29T09:10:00.000,I 16,I 16 and Pooler Pkwy,,Rear End,3,Clear,Dry,Daylight
2023-05-13T12:45:00.000,I 16,I 16 and Pooler Pkwy,,Sideswipe-Same Direction,2,Clear,Dry,Daylight
2023-07-21T11:56:00.000,I 16,I 16 and Pooler Pkwy,,Rear End,2,Clear,Dry,Daylight
2023-06-03T00:33:00.000,I 16,I 16 and Pooler Pkwy,,Not a Collision with Motor Vehicle,1,Clear,Dry,Dark-Lighted
2023-10-16T12:35:00.000,I 16,I 16 and Pooler Pkwy,,Rear End,2,Clear,Dry,Daylight
2023-12-05T16:28:00.000,I 16,I 16 and Pooler Pkwy,,Rear End,2,Clear,Dry,Daylight
2023-08-10T15:51:00.000,I 16,I 16 and Pooler Pkwy,,Sideswipe-Same Direction,2,Clear,Dry,Daylight
2023-12-10T16:22:00.000,I 16,I 16 and Pooler Pkwy,,Rear End,2,Rain,Wet,Daylight
2023-09-04T11:40:00.000,I 16,I 16 and Pooler Pkwy,,Rear End,2,Clear,Dry,Daylight
2023-04-26T17:24:00.000,I 16,I 16 and Pooler Pkwy,,Rear End,2,Clear,Dry,Daylight
2023-03-01T12:50:00.000,I 16,I 16 and Pooler Pkwy,,Angle Crash,2,Clear,Dry,Daylight
2023-08-08T18:04:00.000,I 16,I 16 and Pooler Pkwy,,Rear End,2,Cloudy,Dry,Daylight
2023-11-10T12:35:00.000,I 16,I 16 and Pooler Pkwy,,Rear End,2,Clear,Dry,Daylight
2023-01-23T18:19:00.000,I 16,I 16 and Pooler Pkwy,,Rear End,2,Clear,Dry,Dark-Lighted
2023-09-04T16:34:00.000,I 16,I 16 and Pooler Pkwy,,Rear End,2,Clear,Dry,Daylight
2023-02-09T17:23:00.000,I 16,I 16 and Pooler Pkwy,,Rear End,2,Clear,Dry,Daylight
2023-03-17T03:17:00.000,I 16,I 16 and Pooler Pkwy,,Rear End,2,Clear,Dry,Dark-Not Lighted
2023-11-07T07:20:00.000,I 16,I 16 and Pooler Pkwy,,Rear End,2,Clear,Dry,Daylight
2023-10-02T15:44:00.000,I 16,I 16 and Pooler Pkwy,,Sideswipe-Same Direction,2,Clear,Dry,Daylight
2023-09-14T17:57:00.000,I 16,I 16 and Pooler Pkwy,,Rear End,2,Cloudy,Dry,Daylight
2023-11-09T07:11:00.000,I 16,I 16 and Pooler Pkwy,,Sideswipe-Same Direction,2,Clear,Dry,Daylight
2023-11-30T15:03:00.000,I 16,I 16 and Pooler Pkwy,,Rear End,2,Clear,Dry,Daylight
2023-10-13T19:30:00.000,I 16,I 16 and Pooler Pkwy,,Rear End,2,Cloudy,Wet,Dark-Lighted
2023-11-02T12:45:00.000,I 16,I 16 and Pooler Pkwy,,Rear End,2,Clear,Dry,Daylight
2023-03-06T07:58:00.000,I 16,I 16 and Pooler Pkwy,,Rear End,2,Clear,Dry,Daylight
2023-04-06T16:30:00.000,I 16,I 16 and Pooler Pkwy,,Rear End,2,Clear,Dry,Daylight
2023-06-20T15:57:00.000,I 16,I 16 and Pooler Pkwy,,Rear End,2,Cloudy,Dry,Daylight
2023-04-08T00:10:00.000,I 16,I 16 and Pooler Pkwy,,Not a Collision with Motor Vehicle,1,Rain,Wet,Dark-Lighted
2023-08-24T17:52:00.000,I 16,I 16 and Pooler Pkwy,,Rear End,2,Clear,Dry,Daylight
2023-02-03T11:35:00.000,I 16,I 16 and Pooler Pkwy,,Rear End,2,Cloudy,Wet,Daylight
2023-03-09T07:04:00.000,I 16,I 16 and Pooler Pkwy,,Rear End,2,Clear,Dry,Daylight
2023-04-16T17:32:00.000,I 16,I 16 and Pooler Pkwy,,Rear End,2,Clear,Dry,Daylight
2023-06-09T08:30:00.000,I 16,I 16 and Pooler Pkwy,,Rear End,2,Clear,Dry,Daylight
2023-10-11T15:46:00.000,I 16,I 16 and Pooler Pkwy,,Rear End,2,Cloudy,Dry,Daylight
2022-07-19T08:25:00.000,I 16,I 16 and Pooler Pkwy,,Not a Collision with Motor Vehicle,1,Clear,Dry,Daylight
2022-02-03T12:53:00.000,I 16,I 16 and Pooler Pkwy,,Rear End,2,Cloudy,Dry,Daylight
2022-08-28T12:25:00.000,I 16,I 16 and Pooler Pkwy,,Rear End,2,Cloudy,Dry,Daylight
2022-04-14T11:16:00.000,I 16,I 16 and Pooler Pkwy,,Angle,2,Cloudy,Dry,Daylight
2022-09-19T18:38:00.000,I 16,I 16 and Pooler Pkwy,,Not a Collision with Motor Vehicle,1,Clear,Dry,Daylight
2021-06-25T17:46:00.000,I 16,I 16 and Pooler Pkwy,,Not a Collision with Motor Vehicle,1,Clear,Dry,Daylight
2020-12-11T13:48:00.000,I 16,I 16 and Pooler Pkwy,,Rear End,3,Clear,Dry,Daylight
2020-11-04T13:50:00.000,I 16,I 16 and Pooler Pkwy,,Rear End,2,Clear,Dry,Daylight
2020-04-17T17:00:00.000,I 16,I 16 and Pooler Pkwy,,Rear End,2,Clear,Dry,Daylight
2020-09-23T05:55:00.000,I 16,I 16 and Pooler Pkwy,,Rear End,2,Clear,Dry,Dark-Not Lighted
2020-10-29T20:15:00.000,I 16,I 16 and Pooler Pkwy,,Sideswipe-Same Direction,2,Rain,Wet,Dark-Not Lighted
2020-02-15T19:10:00.000,I 16,I 16 and Pooler Pkwy,,Rear End,2,Clear,Dry,Dark-Lighted
2020-11-03T08:10:00.000,I 16,I 16 and Pooler Pkwy,,Rear End,2,Clear,Dry,Daylight
2020-05-26T07:18:00.000,I 16,I 16 and Pooler Pkwy,,Not a Collision with Motor Vehicle,1,Rain,Wet,Daylight
2020-01-17T14:42:00.000,I 16,I 16 and Pooler Pkwy,,Not a Collision with Motor Vehicle,1,Clear,Dry,Daylight
2020-11-13T16:24:00.000,I 16,I 16 and Pooler Pkwy,,Rear End,2,Clear,Dry,Daylight
2020-03-25T17:16:00.000,I 16,I 16 and Pooler Pkwy,,Rear End,2,Clear,Dry,Daylight
2020-07-14T15:15:00.000,I 16,I 16 and Pooler Pkwy,,Rear End,2,Clear,Dry,Daylight
2020-03-26T16:29:00.000,I 16,I 16 and Pooler Pkwy,,Rear End,2,Clear,Dry,Daylight
2020-02-02T13:12:00.000,I 16,I 16 and Pooler Pkwy,,Not a Collision with Motor Vehicle,1,Clear,Dry,Daylight
2020-01-29T07:00:00.000,I 16,I 16 and Pooler Pkwy,,Not a Collision with Motor Vehicle,1,Clear,Dry,Dawn
2020-11-24T13:57:00.000,I 16,I 16 and Pooler Pkwy,,Sideswipe-Same Direction,2,Clear,Dry,Daylight
2020-08-10T09:16:00.000,I 16,I 16 and Pooler Pkwy,,Rear End,4,Clear,Dry,Daylight
2020-01-15T14:06:00.000,I 16,I 16 and Pooler Pkwy,,Rear End,2,Clear,Dry,Daylight
2020-08-24T17:25:00.000,I 16,I 16 and Pooler Pkwy,,Rear End,2,Cloudy,Dry,Daylight
2020-09-23T12:01:00.000,I 16,I 16 and Pooler Pkwy,,Rear End,2,Clear,Dry,Daylight
2020-08-24T16:34:00.000,I 16,I 16 and Pooler Pkwy,,Rear End,2,Clear,Dry,Daylight
2020-04-04T18:40:00.000,I 16,I 16 and Pooler Pkwy,,Rear End,2,Clear,Dry,Daylight
2020-02-25T18:40:00.000,I 16,I 16 and Pooler Pkwy,,Rear End,2,Clear,Dry,Dusk
2020-07-14T16:16:00.000,I 16,I 16 and Pooler Pkwy,,Rear End,2,Clear,Dry,Daylight
2020-05-04T16:07:00.000,I 16,I 16 and Pooler Pkwy,,Sideswipe-Same Direction,2,Clear,Dry,Daylight
2020-07-25T18:13:00.000,I 16,I 16 and Pooler Pkwy,,Angle Crash,2,Rain,Wet,Daylight
2020-10-07T08:30:00.000,I 16,I 16 and Pooler Pkwy,,Rear End,2,Clear,Dry,Daylight
2020-09-25T17:53:00.000,I 16,I 16 and Pooler Pkwy,,Rear End,2,Clear,Dry,Daylight
2020-08-14T17:10:00.000,I 16,I 16 and Pooler Pkwy,,Rear End,2,Cloudy,Dry,Daylight
2020-04-08T14:30:00.000,I 16,I 16 and Pooler Pkwy,,Rear End,2,Clear,Dry,Daylight
2020-01-09T17:06:00.000,I 16,I 16 and Pooler Pkwy,,Rear End,2,Clear,Dry,Daylight
2020-08-23T10:05:00.000,I 16,I 16 and Pooler Pkwy,,Sideswipe-Same Direction,1,Rain,Wet,Daylight
2020-04-28T16:47:00.000,I 16,I 16 and Pooler Pkwy,,Rear End,2,Clear,Dry,Daylight
2020-01-26T12:48:00.000,I 16,I 16 and Pooler Pkwy,,Not a Collision with Motor Vehicle,1,Clear,Dry,Daylight
2020-08-24T16:34:00.000,I 16,I 16 and Pooler Pkwy,,Rear End,2,Clear,Dry,Daylight
2020-07-10T15:25:00.000,I 16,I 16 and Pooler Pkwy,,Rear End,2,Cloudy,Dry,Daylight
2020-08-23T10:10:00.000,I 16,I 16 and Pooler Pkwy,,Sideswipe-Same Direction,2,Rain,Wet,Daylight
2020-04-21T18:56:00.000,I 16,I 16 and Pooler Pkwy,,Rear End,2,Clear,Dry,Daylight
2020-10-27T22:22:00.000,I 16,I 16 and Pooler Pkwy,,Rear End,2,Clear,Dry,Dark-Not Lighted
2020-06-10T07:27:00.000,I 16,I 16 and Pooler Pkwy,,Rear End,2,Clear,Dry,Daylight
2020-09-19T13:02:00.000,I 16,I 16 and Pooler Pkwy,,Rear End,2,Cloudy,Dry,Daylight
2020-03-26T14:49:00.000,I 16,I 16 and Pooler Pkwy,,Rear End,2,Clear,Dry,Daylight
2020-01-23T13:14:00.000,I 16,I 16 and Pooler Pkwy,,Rear End,2,Clear,Dry,Daylight
2020-08-17T17:48:00.000,I 16,I 16 and Pooler Pkwy,,Rear End,2,Cloudy,Dry,Daylight
2020-02-14T12:50:00.000,I 16,I 16 and Pooler Pkwy,,Rear End,2,Clear,Dry,Daylight
2020-05-18T07:46:00.000,I 16,I 16 and Pooler Pkwy,,Sideswipe-Same Direction,2,Clear,Dry,Daylight
2020-08-24T11:10:00.000,I 16,I 16 and Pooler Pkwy,,Rear End,2,Clear,Dry,Daylight
2020-07-18T18:53:00.000,I 16,I 16 and Pooler Pkwy,,Rear End,2,Clear,Dry,Daylight
2020-11-20T12:55:00.000,I 16,I 16 and Pooler Pkwy,,Rear End,2,Clear,Dry,Daylight
2020-10-18T23:55:00.000,I 16,I 16 and Pooler Pkwy,,Not a Collision with Motor Vehicle,1,Clear,Dry,Dark-Not Lighted
2020-03-30T07:55:00.000,I 16,I 16 and Pooler Pkwy,,Rear End,2,Clear,Dry,Daylight
2020-11-10T06:40:00.000,I 16,I 16 and Pooler Pkwy,,Not a Collision with Motor Vehicle,1,Rain,Wet,Daylight
2020-05-15T16:15:00.000,I 16,I 16 and Pooler Pkwy,,Rear End,2,Clear,Dry,Daylight
2020-11-13T17:05:00.000,I 16,I 16 and Pooler Pkwy,,Rear End,2,Clear,Dry,Daylight
2020-11-17T12:48:00.000,I 16,I 16 and Pooler Pkwy,,Rear End,4,Clear,Dry,Daylight
2020-04-27T07:27:00.000,I 16,I 16 and Pooler Pkwy,,Rear End,2,Clear,Dry,Daylight