Date and Time,Roadway (From Crash Report),Intersection Name (from Crash Report),KABCO Severity,Manner of Collision (Crash Level) ,# of Vehicles per crash ,Weather Conditions (Crash Level),Surface Condition (Crash Level) ,Light Conditions (Crash Level)
2020-06-16T17:48:00.000,I 16,I 16 and Pooler Pkwy,,Rear End,2,Clear,Dry,Dawn
2020-03-01T13:24:00.000,I 16,I 16 and Pooler Pkwy,,Rear End,2,Clear,Dry,Daylight
2020-11-04T08:15:00.000,I 16,I 16 and Pooler Pkwy,,Rear End,2,Clear,Dry,Daylight
2020-12-06T12:23:00.000,I 16,I 16 and Pooler Pkwy,,Rear End,2,Clear,Dry,Dusk
2020-01-18T04:33:00.000,I 16,I 16 and Pooler Pkwy,,Sideswipe-Same Direction,1,Clear,Dry,Dark-Lighted
2020-01-10T18:15:00.000,I 16,I 16 and Pooler Pkwy,,Rear End,3,Cloudy,Dry,Dark-Not Lighted
2020-07-16T16:56:00.000,I 16,I 16 and Pooler Pkwy,,Angle Crash,2,Clear,Dry,Daylight
2020-08-11T17:35:00.000,I 16,I 16 and Pooler Pkwy,,Rear End,2,Clear,Dry,Daylight
2020-05-28T16:19:00.000,I 16,I 16 and Pooler Pkwy,,Rear End,2,Clear,Dry,Daylight
2020-09-12T06:34:00.000,I 16,I 16 and Pooler Pkwy,,Rear End,2,Clear,Dry,Dark-Lighted
2020-09-29T16:15:00.000,I 16,I 16 and Pooler Pkwy,,Rear End,2,Rain,Wet,Daylight
2020-06-14T15:00:00.000,I 16,I 16 and Pooler Pkwy,,Rear End,2,Clear,Dry,Daylight
2020-09-05T19:28:00.000,I 16,I 16 and Pooler Pkwy,,Angle Crash,1,Rain,Wet,Dusk
2020-09-23T07:05:00.000,I 16,I 16 and Pooler Pkwy,,Rear End,2,Clear,Dry,Daylight
2020-06-18T13:26:00.000,I 16,I 16 and Pooler Pkwy,,Rear End,2,Clear,Dry,Daylight
2020-03-12T18:29:00.000,I 16,I 16 and Pooler Pkwy,,Rear End,2,Clear,Dry,Daylight
2020-07-13T10:05:00.000,I 16,I 16 and Pooler Pkwy,,Rear End,2,Clear,Dry,(None)
2020-09-24T19:37:00.000,I 16,I 16 and Pooler Pkwy,,Rear End,2,Clear,Dry,Dark-Lighted
2020-01-23T16:48:00.000,I 16,I 16 and Pooler Pkwy,,Rear End,2,Clear,Dry,Daylight
2020-06-23T20:05:00.000,I 16,I 16 and Pooler Pkwy,,Not a Collision with Motor Vehicle,1,Rain,Wet,Dusk
2020-10-03T14:58:00.000,I 16,I 16 and Pooler Pkwy,,Rear End,2,Clear,Dry,Daylight
2020-09-11T10:50:00.000,I 16,I 16 and Pooler Pkwy,,Rear End,2,Cloudy,Dry,Daylight
2020-12-06T11:05:00.000,I 16,I 16 and Pooler Pkwy,,Rear End,2,Clear,Dry,Daylight
2020-08-29T15:50:00.000,I 16,I 16 and Pooler Pkwy,,Rear End,2,Cloudy,Dry,Daylight
2020-08-10T15:07:00.000,I 16,I 16 and Pooler Pkwy,,Rear End,4,Clear,Dry,Daylight
2020-09-11T19:00:00.000,I 16,I 16 and Pooler Pkwy,,Rear End,2,Cloudy,Dry,Daylight
2020-09-23T07:14:00.000,I 16,I 16 and Pooler Pkwy,,Rear End,2,Clear,Dry,Daylight
2020-06-15T12:36:00.000,I 16,I 16 and Pooler Pkwy,,Rear End,2,Clear,Dry,Daylight
2020-05-03T11:53:00.000,I 16,I 16 and Pooler Pkwy,,Rear End,2,Clear,Dry,Daylight
2020-11-19T10:50:00.000,I 16,I 16 and Pooler Pkwy,,Rear End,2,Clear,Dry,Daylight
2020-01-30T13:54:00.000,I 16,I 16 and Pooler Pkwy,,Rear End,2,Clear,Dry,Daylight
2020-09-30T07:53:00.000,I 16,I 16 and Pooler Pkwy,,Rear End,3,Clear,Dry,Daylight
2020-08-30T19:10:00.000,I 16,I 16 and Pooler Pkwy,,Rear End,2,Clear,Dry,Daylight
2020-11-11T07:58:00.000,I 16,I 16 and Pooler Pkwy,,Not a Collision with Motor Vehicle,1,Cloudy,Wet,Daylight
2020-11-04T07:10:00.000,I 16,I 16 and Pooler Pkwy,,Rear End,2,Clear,Dry,Daylight
2020-07-24T18:52:00.000,I 16,I 16 and Pooler Pkwy,,Rear End,2,Clear,Wet,Daylight
2020-02-18T08:07:00.000,I 16,I 16 and Pooler Pkwy,,Rear End,3,Rain,Wet,Daylight
2020-01-25T15:05:00.000,I 16,I 16 and Pooler Pkwy,,Rear End,2,Clear,Dry,Daylight
2020-10-01T16:03:00.000,I 16,I 16 and Pooler Pkwy,,Not a Collision with Motor Vehicle,1,Clear,Dry,Daylight
2020-01-02T20:37:00.000,I 16,I 16 and Pooler Pkwy,,Not a Collision with Motor Vehicle,1,Clear,Dry,Daylight
2020-07-29T16:05:00.000,I 16,I 16 and Pooler Pkwy,,Sideswipe-Same Direction,2,Clear,Dry,Daylight
2020-02-05T08:06:00.000,I 16,I 16 and Pooler Pkwy,,Not a Collision with Motor Vehicle,1,Clear,Dry,Daylight
2020-11-16T18:09:00.000,I 16,I 16 and Pooler Pkwy,,Not a Collision with Motor Vehicle,1,Clear,Dry,Dark-Not Lighted
2020-09-25T22:15:00.000,I 16,I 16 and Pooler Pkwy,,Not a Collision with Motor Vehicle,1,Rain,Wet,Dark-Lighted
2020-01-06T01:45:00.000,I 16,I 16 and Pooler Pkwy,,Not a Collision with Motor Vehicle,1,Clear,Dry,Dark-Not Lighted
2020-06-30T07:06:00.000,I 16,I 16 and Pooler Pkwy,,Rear End,2,Clear,Dry,Daylight
2020-07-05T13:36:00.000,I 16,I 16 and Pooler Pkwy,,Rear End,2,Clear,Dry,Daylight
2020-08-09T17:56:00.000,I 16,I 16 and Pooler Pkwy,,Sideswipe-Same Direction,2,Cloudy,Wet,Daylight
2020-01-17T17:54:00.000,I 16,I 16 and Pooler Pkwy,,Rear End,2,Clear,Dry,Dark-Lighted
2020-07-07T16:37:00.000,I 16,I 16 and Pooler Pkwy,,Rear End,2,Rain,Wet,Daylight
2020-10-30T11:58:00.000,I 16,I 16 and Pooler Pkwy,,Rear End,2,Clear,Dry,Daylight
2021-04-21T08:46:00.000,I 16,I 16 and Pooler Pkwy,,Rear End,2,Clear,Dry,Daylight
2021-05-04T08:51:00.000,I 16,I 16 and Pooler Pkwy,,Rear End,2,Clear,Dry,Daylight
2021-01-31T16:05:00.000,I 16,I 16 and Pooler Pkwy,,Rear End,2,Clear,Dry,Daylight
2021-01-27T14:23:00.000,I 16,I 16 and Pooler Pkwy,,Not a Collision with Motor Vehicle,1,Rain,Wet,Daylight
2021-02-14T16:36:00.000,I 16,I 16 and Pooler Pkwy,,Head On,1,Rain,Wet,Dark-Lighted
2021-05-07T15:43:00.000,I 16,I 16 and Pooler Pkwy,,Not a Collision with Motor Vehicle,1,Clear,Dry,Daylight
2021-04-14T18:12:00.000,I 16,I 16 and Pooler Pkwy,,Rear End,2,Cloudy,Dry,Daylight
2021-04-21T19:05:00.000,I 16,I 16 and Pooler Pkwy,,Rear End,2,Clear,Dry,Daylight
2021-04-21T17:59:00.000,I 16,I 16 and Pooler Pkwy,,Rear End,3,Clear,Dry,Daylight
2021-06-11T17:45:00.000,I 16,I 16 and Pooler Pkwy,,Rear End,2,Cloudy,Dry,Daylight
2021-03-01T16:55:00.000,I 16,I 16 and Pooler Pkwy,,Rear End,2,Cloudy,Dry,Daylight
2021-03-24T10:14:00.000,I 16,I 16 and Pooler Pkwy,,Sideswipe-Same Direction,2,Cloudy,Dry,Daylight
2021-02-24T15:32:00.000,I 16,I 16 and Pooler Pkwy,,Rear End,2,Clear,Dry,Daylight
2021-04-20T19:10:00.000,I 16,I 16 and Pooler Pkwy,,Rear End,2,Clear,Dry,Daylight
2021-05-14T04:09:00.000,I 16,I 16 and Pooler Pkwy,,Not a Collision with Motor Vehicle,1,Clear,Dry,Dark-Lighted
2021-05-17T08:32:00.000,I 16,I 16 and Pooler Pkwy,,Rear End,2,Clear,Dry,Daylight
2021-02-01T13:38:00.000,I 16,I 16 and Pooler Pkwy,,Rear End,2,Cloudy,Dry,Daylight
2021-01-22T07:37:00.000,I 16,I 16 and Pooler Pkwy,,Rear End,2,Rain,Wet,Dawn
2021-05-07T13:54:00.000,I 16,I 16 and Pooler Pkwy,,Rear End,2,Clear,Dry,Daylight
2021-06-30T07:38:00.000,I 16,I 16 and Pooler Pkwy,,Rear End,2,Clear,Dry,Daylight
2021-03-09T08:09:00.000,I 16,I 16 and Pooler Pkwy,,Rear End,2,Clear,Dry,Daylight
2021-05-11T17:56:00.000,I 16,I 16 and Pooler Pkwy,,Rear End,2,Clear,Dry,Daylight
2021-03-08T18:04:00.000,I 16,I 16 and Pooler Pkwy,,Rear End,2,Clear,Dry,Dusk
2021-06-02T17:15:00.000,I 16,I 16 and Pooler Pkwy,,Not a Collision with Motor Vehicle,1,Rain,Wet,Daylight
2021-05-20T17:15:00.000,I 16,I 16 and Pooler Pkwy,,Rear End,2,Clear,Dry,Daylight
2021-01-02T05:38:00.000,I 16,I 16 and Pooler Pkwy,,Head On,2,Clear,Dry,Dark-Not Lighted
2021-08-01T23:42:00.000,I 16,I 16 and Pooler Pkwy,,Rear End,2,Clear,Dry,Dark-Lighted
2021-09-24T06:16:00.000,I 16,I 16 and Pooler Pkwy,,Not a Collision with Motor Vehicle,1,Clear,Dry,Dark-Not Lighted
2021-12-27T11:03:00.000,I 16,I 16 and Pooler Pkwy,,Not a Collision with Motor Vehicle,1,Clear,Dry,Daylight
2021-07-06T13:06:00.000,I 16,I 16 and Pooler Pkwy,,Rear End,2,Clear,Dry,Daylight
2021-07-12T09:07:00.000,I 16,I 16 and Pooler Pkwy,,Rear End,2,Clear,Dry,Daylight
2021-11-14T12:40:00.000,I 16,I 16 and Pooler Pkwy,,Rear End,2,Clear,Dry,Daylight
2021-11-09T06:38:00.000,I 16,I 16 and Pooler Pkwy,,Rear End,2,Clear,Dry,Daylight
2021-08-11T07:14:00.000,I 16,I 16 and Pooler Pkwy,,Rear End,2,Clear,Dry,Daylight
2021-11-24T17:56:00.000,I 16,I 16 and Pooler Pkwy,,Rear End,2,Clear,Dry,Dark-Lighted
2021-11-08T14:16:00.000,I 16,I 16 and Pooler Pkwy,,Angle Crash,2,Clear,Dry,Daylight
2021-10-19T17:25:00.000,I 16,I 16 and Pooler Pkwy,,Rear End,2,Clear,Dry,Daylight
2021-11-16T07:52:00.000,I 16,I 16 and Pooler Pkwy,,Sideswipe-Same Direction,2,Clear,Dry,Daylight
2021-07-11T20:20:00.000,I 16,I 16 and Pooler Pkwy,,Rear End,2,Rain,Wet,Daylight
2021-12-14T16:36:00.000,I 16,I 16 and Pooler Pkwy,,Rear End,2,Clear,Dry,Daylight
2021-12-08T17:09:00.000,I 16,I 16 and Pooler Pkwy,,Rear End,2,Cloudy,Wet,Daylight
2021-10-04T06:20:00.000,I 16,I 16 and Pooler Pkwy,,Not a Collision with Motor Vehicle,1,Clear,Dry,Dark-Lighted
2021-10-20T12:08:00.000,I 16,I 16 and Pooler Pkwy,,Rear End,2,Clear,Dry,Daylight
2021-11-20T19:15:00.000,I 16,I 16 and Pooler Pkwy,,Rear End,2,Clear,Dry,Dark-Lighted
2021-11-23T16:00:00.000,I 16,I 16 and Pooler Pkwy,,Angle Crash,3,Clear,Dry,Daylight
2021-09-20T15:39:00.000,I 16,I 16 and Pooler Pkwy,,Sideswipe-Same Direction,2,Rain,Wet,Daylight
2021-07-08T14:30:00.000,I 16,I 16 and Pooler Pkwy,,Rear End,2,Clear,Dry,Daylight
2021-10-26T09:06:00.000,I 16,I 16 and Pooler Pkwy,,Rear End,2,Clear,Dry,Daylight
2021-09-17T13:07:00.000,I 16,I 16 and Pooler Pkwy,,Rear End,3,Cloudy,Dry,Daylight
2021-11-02T13:05:00.000,I 16,I 16 and Pooler Pkwy,,Rear End,2,Clear,Dry,Daylight
2021-12-20T12:28:00.000,I 16,I 16 and Pooler Pkwy,,Rear End,2,Clear,Dry,Daylight
2021-10-26T17:59:00.000,I 16,I 16 and Pooler Pkwy,,Rear End,2,Clear,Dry,Daylight
2021-12-10T10:28:00.000,I 16,I 16 and Pooler Pkwy,,Rear End,2,Cloudy,Dry,Daylight
2021-09-25T16:04:00.000,I 16,I 16 and Pooler Pkwy,,Rear End,2,Clear,Dry,Daylight
2021-08-04T16:40:00.000,I 16,I 16 and Pooler Pkwy,,Rear End,2,Clear,Dry,Daylight
2022-09-12T08:23:00.000,I 16,I 16 and Pooler Pkwy,,Rear End,2,Cloudy,Dry,Daylight
2022-01-05T06:40:00.000,I 16,I 16 and Pooler Pkwy,,Rear End,2,Cloudy,Dry,Dark-Not Lighted
2022-01-04T14:50:00.000,I 16,I 16 and Pooler Pkwy,,Rear End,3,Clear,Dry,Daylight
2022-12-10T19:25:00.000,I 16,I 16 and Pooler Pkwy,,Rear End,2,Clear,Dry,Daylight
2022-04-05T11:45:00.000,I 16,I 16 and Pooler Pkwy,,Not a Collision with Motor Vehicle,2,Clear,Dry,Daylight
2022-09-26T08:20:00.000,I 16,I 16 and Pooler Pkwy,,Rear End,2,Clear,Dry,Daylight
2022-02-18T20:20:00.000,I 16,I 16 and Pooler Pkwy,,Rear End,2,Clear,Dry,Dark-Not Lighted
2021-08-30T17:04:00.000,I 16,I 16 and Pooler Pkwy,,Rear End,2,Clear,Dry,Daylight
2021-07-05T15:30:00.000,I 16,I 16 and Pooler Pkwy,,Rear End,2,Clear,Dry,Daylight
2021-09-24T08:13:00.000,I 16,I 16 and Pooler Pkwy,,Rear End,2,Clear,Dry,Daylight
2021-09-30T15:03:00.000,I 16,I 16 and Pooler Pkwy,,Rear End,2,Clear,Dry,Daylight
2021-11-08T07:15:00.000,I 16,I 16 and Pooler Pkwy,,Rear End,2,Clear,Dry,Daylight
2021-10-19T19:11:00.000,I 16,I 16 and Pooler Pkwy,,Rear End,2,Clear,Dry,Dark-Lighted
2021-11-12T14:48:00.000,I 16,I 16 and Pooler Pkwy,,Rear End,2,Clear,Dry,Daylight
2022-09-26T17:16:00.000,I 16,I 16 and Pooler Pkwy,,Sideswipe-Same Direction,2,Clear,Dry,Daylight
2022-06-01T17:00:00.000,I 16,I 16 and Pooler Pkwy,,Not a Collision with Motor Vehicle,1,Clear,Dry,Daylight
2022-10-31T12:22:00.000,I 16,I 16 and Pooler Pkwy,,Rear End,2,Cloudy,Dry,Daylight
2022-03-30T10:04:00.000,I 16,I 16 and Pooler Pkwy,,Rear End,2,Cloudy,Dry,Daylight
2022-07-06T13:09:00.000,I 16,I 16 and Pooler Pkwy,,Rear End,3,Clear,Dry,Daylight
2022-06-06T15:59:00.000,I 16,I 16 and Pooler Pkwy,,Rear End,2,Cloudy,Dry,Daylight
2022-01-08T06:28:00.000,I 16,I 16 and Pooler Pkwy,,Not a Collision with Motor Vehicle,1,Clear,Dry,Dark-Not Lighted
2022-02-23T12:20:00.000,I 16,I 16 and Pooler Pkwy,,Sideswipe-Same Direction,2,Clear,Dry,Daylight
2022-04-02T15:35:00.000,I 16,I 16 and Pooler Pkwy,,Rear End,2,Clear,Dry,Daylight
2022-03-16T14:29:00.000,I 16,I 16 and Pooler Pkwy,,Not a Collision with Motor Vehicle,1,Rain,Wet,Daylight
2022-07-12T17:44:00.000,I 16,I 16 and Pooler Pkwy,,Rear End,2,Cloudy,Dry,Daylight
2022-07-25T15:52:00.000,I 16,I 16 and Pooler Pkwy,,Rear End,2,Cloudy,Dry,Daylight
2022-04-04T08:22:00.000,I 16,I 16 and Pooler Pkwy,,Rear End,2,Clear,Dry,Daylight
2022-06-29T10:44:00.000,I 16,I 16 and Pooler Pkwy,,Not a Collision with Motor Vehicle,1,Rain,Dry,Daylight
2022-03-09T07:00:00.000,I 16,I 16 and Pooler Pkwy,,Rear End,4,Cloudy,Dry,Dawn
2022-05-21T18:10:00.000,I 16,I 16 and Pooler Pkwy,,Rear End,2,Cloudy,Dry,Daylight
2022-09-21T07:30:00.000,I 16,I 16 and Pooler Pkwy,,Rear End,2,Clear,Dry,Daylight
2022-04-07T12:08:00.000,I 16,I 16 and Pooler Pkwy,,Rear End,2,Clear,Dry,Daylight
2022-10-16T18:15:00.000,I 16,I 16 and Pooler Pkwy,,Angle Crash,1,Clear,Dry,Daylight
2022-11-06T14:44:00.000,I 16,I 16 and Pooler Pkwy,,Rear End,2,Rain,Wet,Daylight
2022-09-22T08:21:00.000,I 16,I 16 and Pooler Pkwy,,Rear End,2,Clear,Dry,Daylight
2022-01-31T11:25:00.000,I 16,I 16 and Pooler Pkwy,,Rear End,2,Clear,Dry,Daylight
2022-06-09T14:49:00.000,I 16,I 16 and Pooler Pkwy,,Rear End,2,Cloudy,Dry,Daylight
2022-01-05T16:19:00.000,I 16,I 16 and Pooler Pkwy,,Rear End,2,Clear,Dry,Daylight
2022-11-23T07:57:00.000,I 16,I 16 and Pooler Pkwy,,Sideswipe-Same Direction,2,Clear,Dry,Daylight
2022-04-20T08:34:00.000,I 16,I 16 and Pooler Pkwy,,Rear End,2,Clear,Dry,Daylight
2022-06-18T09:52:00.000,I 16,I 16 and Pooler Pkwy,,Rear End,2,Clear,Dry,Daylight
2022-07-18T10:00:00.000,I 16,I 16 and Pooler Pkwy,,Rear End,2,Clear,Dry,Daylight
2022-03-08T09:16:00.000,I 16,I 16 and Pooler Pkwy,,Rear End,2,Cloudy,Dry,Daylight
2022-10-10T14:35:00.000,I 16,I 16 and Pooler Pkwy,,Rear End,2,Clear,Dry,Daylight
2021-07-10T14:51:00.000,I 16,I 16 and Pooler Pkwy,,Rear End,2,Clear,Dry,Daylight
2021-09-03T19:49:00.000,I 16,I 16 and Pooler Pkwy,,Rear End,2,Clear,Dry,Daylight
2021-08-10T20:00:00.000,I 16,I 16 and Pooler Pkwy,,Head On,1,Clear,Dry,Daylight
2021-08-05T06:19:00.000,I 16,I 16 and Pooler Pkwy,,Not a Collision with Motor Vehicle,1,Clear,Dry,(None)
2022-07-24T13:32:00.000,I 16,I 16 and Pooler Pkwy,,Rear End,2,Clear,Dry,Daylight
2022-05-09T16:40:00.000,I 16,I 16 and Pooler Pkwy,,Rear End,2,Clear,Dry,Daylight
2022-03-11T09:15:00.000,I 16,I 16 and Pooler Pkwy,,Rear End,2,Cloudy,Dry,Daylight
2022-08-20T17:55:00.000,I 16,I 16 and Pooler Pkwy,,Not a Collision with Motor Vehicle,1,Rain,Wet,Daylight
2022-02-04T07:42:00.000,I 16,I 16 and Pooler Pkwy,,Rear End,2,Clear,Dry,Daylight
2022-10-19T12:40:00.000,I 16,I 16 and Pooler Pkwy,,Rear End,2,Clear,Dry,Daylight
2022-08-03T15:55:00.000,I 16,I 16 and Pooler Pkwy,,Rear End,2,Rain,Wet,Daylight
2022-05-20T16:57:00.000,I 16,I 16 and Pooler Pkwy,,Rear End,2,Clear,Dry,Daylight
2022-05-16T06:58:00.000,I 16,I 16 and Pooler Pkwy,,Rear End,3,Clear,Dry,Daylight
2022-04-11T07:20:00.000,I 16,I 16 and Pooler Pkwy,,Rear End,2,Clear,Dry,Daylight
2022-06-18T03:51:00.000,I 16,I 16 and Pooler Pkwy,,Rear End,2,Clear,Dry,Dark-Not Lighted
2022-07-19T14:56:00.000,I 16,I 16 and Pooler Pkwy,,Rear End,2,Rain,Wet,Daylight
2022-08-03T18:38:00.000,I 16,I 16 and Pooler Pkwy,,Rear End,2,Cloudy,Wet,Daylight
2022-11-11T13:15:00.000,I 16,I 16 and Pooler Pkwy,,Not a Collision with Motor Vehicle,1,Rain,Wet,Daylight
2022-08-27T09:49:00.000,I 16,I 16 and Pooler Pkwy,,Rear End,2,Clear,Dry,Daylight
2022-03-16T13:31:00.000,I 16,I 16 and Pooler Pkwy,,Rear End,2,Rain,Wet,Daylight
2022-09-07T11:05:00.000,I 16,I 16 and Pooler Pkwy,,Sideswipe-Same Direction,2,Clear,Dry,Daylight
2022-10-11T18:25:00.000,I 16,I 16 and Pooler Pkwy,,Rear End,3,Clear,Dry,Daylight
2022-03-23T06:30:00.000,I 16,I 16 and Pooler Pkwy,,Angle Crash,2,Clear,Dry,Dark-Not Lighted
2022-12-12T07:30:00.000,I 16,I 16 and Pooler Pkwy,,Rear End,2,Cloudy,Dry,Daylight
2022-06-08T08:00:00.000,I 16,I 16 and Pooler Pkwy,,Rear End,2,Clear,Dry,Daylight
2022-06-18T09:52:00.000,I 16,I 16 and Pooler Pkwy,,Rear End,2,Clear,Dry,Daylight
2022-06-15T10:35:00.000,I 16,I 16 and Pooler Pkwy,,Rear End,2,Clear,Dry,Daylight
2022-02-03T16:05:00.000,I 16,I 16 and Pooler Pkwy,,Rear End,2,Clear,Dry,Daylight
2022-04-06T08:27:00.000,I 16,I 16 and Pooler Pkwy,,Rear End,2,Clear,Dry,Dusk
2022-09-24T15:38:00.000,I 16,I 16 and Pooler Pkwy,,Rear End,2,Clear,Dry,Daylight
2022-06-15T07:35:00.000,I 16,I 16 and Pooler Pkwy,,Sideswipe-Same Direction,2,Clear,Dry,Daylight
2022-05-05T18:55:00.000,I 16,I 16 and Pooler Pkwy,,Rear End,2,Clear,Dry,Daylight
2022-01-05T11:42:00.000,I 16,I 16 and Pooler Pkwy,,Rear End,2,Clear,Dry,Daylight
2022-08-10T14:21:00.000,I 16,I 16 and Pooler Pkwy,,Sideswipe-Same Direction,2,Clear,Dry,Daylight
2022-06-01T18:22:00.000,I 16,I 16 and Pooler Pkwy,,Sideswipe-Same Direction,2,Clear,Dry,Daylight
2022-04-25T21:58:00.000,I 16,I 16 and Pooler Pkwy,,Rear End,2,Clear,Dry,Dark-Lighted
2022-05-16T06:30:00.000,I 16,I 16 and Pooler Pkwy,,Sideswipe-Same Direction,2,Clear,Dry,Daylight
2022-10-05T06:36:00.000,I 16,I 16 and Pooler Pkwy,,Head On,1,Clear,Dry,Dark-Not Lighted
2022-11-18T11:40:00.000,I 16,I 16 and Pooler Pkwy,,Rear End,2,Clear,Dry,Daylight
2022-08-16T07:55:00.000,I 16,I 16 and Pooler Pkwy,,Rear End,2,Clear,Dry,Daylight
2022-05-04T16:30:00.000,I 16,I 16 and Pooler Pkwy,,Rear End,2,Clear,Dry,Daylight
2022-07-12T15:49:00.000,I 16,I 16 and Pooler Pkwy,,Rear End,2,Cloudy,Dry,Daylight
2022-11-04T12:50:00.000,I 16,I 16 and Pooler Pkwy,,Rear End,2,Clear,Dry,Daylight
2022-11-05T00:10:00.000,I 16,I 16 and Pooler Pkwy,,Not a Collision with Motor Vehicle,1,Cloudy,Dry,Dark-Not Lighted
2022-11-02T09:53:00.000,I 16,I 16 and Pooler Pkwy,,Rear End,2,Cloudy,Dry,Daylight
2022-11-13T03:55:00.000,I 16,I 16 and Pooler Pkwy,,Rear End,2,Clear,Dry,Daylight
2022-08-02T02:00:00.000,I 16,I 16 and Pooler Pkwy,,Not a Collision with Motor Vehicle,1,Clear,Dry,Dark-Not Lighted
2022-05-26T12:56:00.000,I 16,I 16 and Pooler Pkwy,,Rear End,2,Clear,Dry,Daylight
2022-08-14T17:47:00.000,I 16,I 16 and Pooler Pkwy,,Rear End,2,Clear,Dry,Daylight
2022-09-20T11:26:00.000,I 16,I 16 and Pooler Pkwy,,Rear End,2,Clear,Dry,Daylight
2022-04-12T18:30:00.000,I 16,I 16 and Pooler Pkwy,,Rear End,2,Clear,Dry,Dusk
2022-09-23T14:17:00.000,I 16,I 16 and Pooler Pkwy,,Rear End,2,Clear,Dry,Daylight
2022-12-07T06:50:00.000,I 16,I 16 and Pooler Pkwy,,Rear End,2,Clear,Dry,Dawn
2022-06-30T18:19:00.000,I 16,I 16 and Pooler Pkwy,,Rear End,2,Clear,Dry,Daylight
2022-10-03T06:46:00.000,I 16,I 16 and Pooler Pkwy,,Rear End,2,Cloudy,Dry,Dawn
2022-04-01T09:51:00.000,I 16,I 16 and Pooler Pkwy,,Rear End,2,Clear,Dry,Daylight
2022-12-15T10:25:00.000,I 16,I 16 and Pooler Pkwy,,Rear End,2,Rain,Wet,Daylight
2022-03-08T12:53:00.000,I 16,I 16 and Pooler Pkwy,,Angle Crash,2,Cloudy,Dry,Daylight
2022-08-29T15:07:00.000,I 16,I 16 and Pooler Pkwy,,Rear End,2,Clear,Dry,Daylight
2022-01-24T18:32:00.000,I 16,I 16 and Pooler Pkwy,,Rear End,2,Other,Dry,Dark-Lighted
2022-02-15T15:30:00.000,I 16,I 16 and Pooler Pkwy,,Rear End,2,Clear,Dry,Daylight
2022-03-31T18:20:00.000,I 16,I 16 and Pooler Pkwy,,Angle Crash,2,Clear,Dry,Daylight
2022-11-07T20:56:00.000,I 16,I 16 and Pooler Pkwy,,Rear End,2,Clear,Dry,Dark-Lighted
2022-10-01T18:40:00.000,I 16,I 16 and Pooler Pkwy,,Not a Collision with Motor Vehicle,1,Clear,Dry,Daylight
2022-09-22T16:47:00.000,I 16,I 16 and Pooler Pkwy,,Rear End,2,Clear,Dry,Daylight
2022-04-04T17:00:00.000,I 16,I 16 and Pooler Pkwy,,Rear End,2,Clear,Dry,Daylight
2022-11-11T16:12:00.000,I 16,I 16 and Pooler Pkwy,,Rear End,2,Cloudy,Wet,Daylight
2022-11-17T18:01:00.000,I 16,I 16 and Pooler Pkwy,,Rear End,2,Clear,Dry,Dark-Lighted
2022-09-19T11:47:00.000,I 16,I 16 and Pooler Pkwy,,Rear End,2,Clear,Dry,Daylight
2022-12-31T10:47:00.000,I 16,I 16 and Pooler Pkwy,,Rear End,2,Cloudy,Wet,Daylight
2023-11-29T11:50:00.000,I 16,I 16 and Pooler Pkwy,,Sideswipe-Same Direction,2,Clear,Dry,Daylight
2023-05-08T17:22:00.000,I 16,I 16 and Pooler Pkwy,,Rear End,2,Clear,Dry,Daylight
2023-11-08T07:14:00.000,I 16,I 16 and Pooler Pkwy,,Rear End,2,Clear,Dry,Daylight
2023-10-01T13:46:00.000,I 16,I 16 and Pooler Pkwy,,Not a Collision with Motor Vehicle,1,Clear,Dry,Daylight
2023-10-13T16:05:00.000,I 16,I 16 and Pooler Pkwy,,Angle Crash,2,Rain,Wet,Daylight
2023-06-23T18:43:00.000,I 16,I 16 and Pooler Pkwy,,Rear End,2,Clear,Dry,Daylight
2023-03-27T18:10:00.000,I 16,I 16 and Pooler Pkwy,,Rear End,2,Cloudy,Wet,Daylight
2023-09-05T17:10:00.000,I 16,I 16 and Pooler Pkwy,,Rear End,2,Clear,Dry,Daylight
2024-09-14T05:20:00.000,I 16,I 16 and Pooler Pkwy,,Not a Collision with Motor Vehicle,1,Clear,Dry,Dark-Not Lighted
2024-11-17T16:59:00.000,I 16,I 16 and Pooler Pkwy,,Rear End,2,Clear,Dry,Daylight
2024-10-18T20:55:00.000,I 16,I 16 and Pooler Pkwy,,Rear End,2,Clear,Dry,Dark-Lighted
2024-11-21T07:09:00.000,I 16,I 16 and Pooler Pkwy,,Rear End,2,Clear,Dry,Daylight
2024-12-15T20:50:00.000,I 16,I 16 and Pooler Pkwy,,Rear End,2,Clear,Dry,Dark-Lighted
2024-02-12T08:55:00.000,I 16,I 16 and Pooler Pkwy,,Rear End,2,Rain,Wet,Daylight
2024-04-25T15:00:00.000,I 16,I 16 and Pooler Pkwy,,Rear End,2,Clear,Dry,Daylight
2024-09-01T14:59:00.000,I 16,I 16 and Pooler Pkwy,,Rear End,2,Clear,Dry,Daylight
2024-10-15T16:41:00.000,I 16,I 16 and Pooler Pkwy,,Rear End,2,Clear,Dry,Daylight
2024-09-30T02:25:00.000,I 16,I 16 and Pooler Pkwy,,Not a Collision with Motor Vehicle,1,Clear,Dry,Dark-Lighted
2024-07-03T15:14:00.000,I 16,I 16 and Pooler Pkwy,,Rear End,3,Clear,Dry,Daylight
2024-09-12T13:02:00.000,I 16,I 16 and Pooler Pkwy,,Rear End,2,Cloudy,Dry,Daylight
2024-08-06T18:02:00.000,I 16,I 16 and Pooler Pkwy,,Not a Collision with Motor Vehicle,1,Rain,Wet,Daylight
2024-02-14T07:32:00.000,I 16,I 16 and Pooler Pkwy,,Rear End,2,Clear,Dry,Dawn
2024-12-14T12:30:00.000,I 16,I 16 and Pooler Pkwy,,Rear End,2,Clear,Dry,Daylight
2024-03-16T11:56:00.000,I 16,I 16 and Pooler Pkwy,,Rear End,2,Clear,Dry,Daylight
2024-11-07T08:04:00.000,I 16,I 16 and Pooler Pkwy,,Not a Collision with Motor Vehicle,1,Rain,Wet,Dawn
2024-02-07T01:20:00.000,I 16,I 16 and Pooler Pkwy,,Head On,1,Clear,Dry,Dark-Not Lighted
2024-07-03T12:30:00.000,I 16,I 16 and Pooler Pkwy,,Not a Collision with Motor Vehicle,1,Rain,Wet,Daylight
2024-02-11T15:10:00.000,I 16,I 16 and Pooler Pkwy,,Rear End,2,Cloudy,Dry,Daylight
2024-11-13T07:24:00.000,I 16,I 16 and Pooler Pkwy,,Rear End,4,Clear,Dry,Daylight
2024-12-03T11:30:00.000,I 16,I 16 and Pooler Pkwy,,Rear End,2,Clear,Dry,Daylight