Date and Time,Roadway (From Crash Report),Intersection Name (from Crash Report),KABCO Severity,Manner of Collision (Crash Level) ,# of Vehicles per crash ,Weather Conditions (Crash Level),Surface Condition (Crash Level) ,Light Conditions (Crash Level)
2020-09-03T07:20:00.000,I 16,I 16 and Old River Rd,,Head On,2,Clear,Dry,Daylight
2020-10-30T08:35:00.000,I 16,I 16 and Old River Rd,,Sideswipe-Same Direction,2,Clear,Dry,Daylight
2020-03-05T13:17:00.000,I 16,I 16 and Old River Rd,,Rear End,2,Rain,Wet,Daylight
2020-08-18T16:44:00.000,I 16,I 16 and Old River Rd,,Rear End,2,Cloudy,Dry,Daylight
2020-04-15T21:42:00.000,I 16,I 16 and Old River Rd,,Not a Collision with Motor Vehicle,4,Clear,Dry,Dark-Not Lighted
2020-03-18T17:45:00.000,I 16,I 16 and Old River Rd,,Not a Collision with Motor Vehicle,1,Clear,Dry,Daylight
2020-07-17T16:27:00.000,I 16,I 16 and Old River Rd,,Not a Collision with Motor Vehicle,1,Rain,Wet,Daylight
2020-12-17T06:02:00.000,I 16,I 16 and Old River Rd,,Not a Collision with Motor Vehicle,1,Clear,Dry,Dark-Not Lighted
2020-07-21T17:39:00.000,I 16,I 16 and Old River Rd,,Sideswipe-Same Direction,2,Clear,Dry,Daylight
2020-12-24T18:48:00.000,I 16,I 16 and Old River Rd,,Not a Collision with Motor Vehicle,1,Rain,Wet,Dark-Not Lighted
2020-01-27T06:54:00.000,I 16,I 16 and Old River Rd,,Rear End,3,Rain,Wet,Dark-Not Lighted
2020-04-02T07:52:00.000,I 16,I 16 and Old River Rd,,Not a Collision with Motor Vehicle,1,Clear,Dry,Dark-Not Lighted
2020-09-06T04:09:00.000,I 16,I 16 and Old River Rd,,Not a Collision with Motor Vehicle,1,Clear,Dry,Dark-Not Lighted
2020-05-16T23:00:00.000,I 16,I 16 and Old River Rd,,Not a Collision with Motor Vehicle,1,Clear,Dry,Dark-Not Lighted
2020-10-09T06:50:00.000,I 16,I 16 and Old River Rd,,Rear End,2,Cloudy,Dry,Dawn
2020-11-29T16:24:00.000,I 16,I 16 and Old River Rd,,Not a Collision with Motor Vehicle,1,Cloudy,Wet,Daylight
2021-02-16T06:48:00.000,I 16,I 16 and Old River Rd,,Rear End,2,Clear,Dry,Daylight
2021-04-24T14:00:00.000,I 16,I 16 and Old River Rd,,Not a Collision with Motor Vehicle,1,Rain,Wet,Daylight
2021-06-21T16:50:00.000,I 16,I 16 and Old River Rd,,Rear End,3,Clear,Dry,Daylight
2021-03-19T08:58:00.000,I 16,I 16 and Old River Rd,,Not a Collision with Motor Vehicle,1,Clear,Dry,Daylight
2021-02-28T14:12:00.000,I 16,I 16 and Old River Rd,,Rear End,2,Clear,Dry,Daylight
2021-05-14T11:06:00.000,I 16,I 16 and Old River Rd,,Sideswipe-Same Direction,2,Clear,Dry,Daylight
2021-08-03T20:14:00.000,I 16,I 16 and Old River Rd,,Not a Collision with Motor Vehicle,1,Rain,Wet,Dark-Not Lighted
2021-10-18T06:19:00.000,I 16,I 16 and Old River Rd,,Rear End,3,Clear,Dry,Dark-Not Lighted
2021-07-09T08:50:00.000,I 16,I 16 and Old River Rd,,Sideswipe-Same Direction,2,Clear,Dry,Daylight
2021-09-13T12:40:00.000,I 16,I 16 and Old River Rd,,Sideswipe-Same Direction,1,Clear,Dry,Daylight
2021-08-22T17:15:00.000,I 16,I 16 and Old River Rd,,Not a Collision with Motor Vehicle,1,Rain,Wet,Daylight
2021-10-26T03:40:00.000,I 16,I 16 and Old River Rd,,Angle Crash,1,Clear,Dry,Dark-Not Lighted
2021-09-09T23:49:00.000,I 16,I 16 and Old River Rd,,Not a Collision with Motor Vehicle,1,Clear,Dry,Dark-Not Lighted
2022-07-14T17:24:00.000,I 16,I 16 and Old River Rd,,Not a Collision with Motor Vehicle,1,Rain,Wet,Daylight
2021-09-21T09:55:00.000,I 16,I 16 and Old River Rd,,Sideswipe-Same Direction,2,Cloudy,Dry,Daylight
2021-12-26T05:30:00.000,I 16,I 16 and Old River Rd,,Sideswipe-Same Direction,2,Clear,Dry,Daylight
2022-06-03T17:28:00.000,I 16,I 16 and Old River Rd,,Rear End,2,Rain,Wet,Daylight
2022-07-20T15:06:00.000,I 16,I 16 and Old River Rd,,Not a Collision with Motor Vehicle,1,Rain,Wet,Daylight
2022-11-23T11:40:00.000,I 16,I 16 and Old River Rd,,Angle Crash,2,Cloudy,Dry,Daylight
2022-05-30T19:18:00.000,I 16,I 16 and Old River Rd,,Not a Collision with Motor Vehicle,2,Cloudy,Dry,Daylight
2022-01-26T15:26:00.000,I 16,I 16 and Old River Rd,,Angle Crash,2,Clear,Dry,Daylight
2022-12-06T17:00:00.000,I 16,I 16 and Old River Rd,,Not a Collision with Motor Vehicle,1,Clear,Dry,Daylight
2022-08-07T05:42:00.000,I 16,I 16 and Old River Rd,,Rear End,2,Clear,Dry,Dark-Not Lighted
2022-06-04T18:07:00.000,I 16,I 16 and Old River Rd,,Rear End,2,Rain,Wet,Daylight
2022-10-28T13:19:00.000,I 16,I 16 and Old River Rd,,Sideswipe-Same Direction,2,Clear,Dry,Daylight
2022-10-07T20:35:00.000,I 16,I 16 and Old River Rd,,Not a Collision with Motor Vehicle,1,Clear,Dry,Dark-Not Lighted
2022-01-10T06:18:00.000,I 16,I 16 and Old River Rd,,Not a Collision with Motor Vehicle,2,Clear,Dry,Dark-Lighted
2022-06-03T16:58:00.000,I 16,I 16 and Old River Rd,,Not a Collision with Motor Vehicle,1,Rain,Wet,Daylight
2022-05-01T17:51:00.000,I 16,I 16 and Old River Rd,,Rear End,2,Rain,Wet,Daylight
2022-08-30T17:00:00.000,I 16,I 16 and Old River Rd,,Rear End,2,Clear,Dry,Daylight
2022-10-12T08:38:00.000,I 16,I 16 and Old River Rd,,Sideswipe-Same Direction,2,Cloudy,Dry,Daylight
2022-09-09T21:48:00.000,I 16,I 16 and Old River Rd,,Not a Collision with Motor Vehicle,1,Rain,Wet,Dark-Not Lighted
2022-11-11T13:50:00.000,I 16,I 16 and Old River Rd,,Head On,1,Rain,Wet,Daylight
2022-04-11T09:25:00.000,I 16,I 16 and Old River Rd,,Not a Collision with Motor Vehicle,1,Clear,Dry,Daylight
2022-11-27T16:06:00.000,I 16,I 16 and Old River Rd,,Rear End,3,Clear,Dry,Daylight
2022-02-17T07:52:00.000,I 16,I 16 and Old River Rd,,Rear End,2,Clear,Dry,Daylight
2022-12-12T12:50:00.000,I 16,I 16 and Old River Rd,,Sideswipe-Same Direction,2,Cloudy,Dry,Daylight
2022-05-01T18:03:00.000,I 16,I 16 and Old River Rd,,Not a Collision with Motor Vehicle,1,Rain,Wet,Daylight
2022-11-18T02:10:00.000,I 16,I 16 and Old River Rd,,Rear End,2,Clear,Dry,Dark-Not Lighted
2022-11-08T16:43:00.000,I 16,I 16 and Old River Rd,,Rear End,2,Clear,Dry,Daylight
2022-05-01T18:19:00.000,I 16,I 16 and Old River Rd,,Not a Collision with Motor Vehicle,1,Rain,Wet,Dusk
2022-05-31T13:00:00.000,I 16,I 16 and Old River Rd,,Not a Collision with Motor Vehicle,1,Rain,Wet,Daylight
2022-04-24T17:55:00.000,I 16,I 16 and Old River Rd,,Head On,2,Clear,Dry,Daylight
2023-07-28T12:58:00.000,I 16,I 16 and Old River Rd,,Not a Collision with Motor Vehicle,1,Rain,Wet,Daylight
2024-07-22T18:50:00.000,I 16,I 16 and Old River Rd,,Not a Collision with Motor Vehicle,1,Rain,Wet,Daylight
2024-04-03T09:35:00.000,I 16,I 16 and Old River Rd,,Not a Collision with Motor Vehicle,1,Rain,Wet,Daylight
2024-04-12T15:48:00.000,I 16,I 16 and Old River Rd,,Rear End,2,Clear,Dry,Daylight
2023-08-01T16:51:00.000,I 16,I 16 and Old River Rd,,Rear End,2,Cloudy,Dry,Daylight
2023-05-18T20:23:00.000,I 16,I 16 and Old River Rd,,Rear End,2,Rain,Wet,Dark-Not Lighted
2023-03-18T12:32:00.000,I 16,I 16 and Old River Rd,,Sideswipe-Same Direction,2,Clear,Dry,Daylight
2023-11-02T06:00:00.000,I 16,I 16 and Old River Rd,,Rear End,2,Clear,Dry,Dark-Not Lighted
2023-08-25T07:00:00.000,I 16,I 16 and Old River Rd,,Sideswipe-Same Direction,2,Clear,Water (standing or moving),Daylight
2023-07-31T00:33:00.000,I 16,I 16 and Old River Rd,,Head On,2,Clear,Dry,Dark-Not Lighted
2023-12-16T22:00:00.000,I 16,I 16 and Old River Rd,,Not a Collision with Motor Vehicle,1,Rain,Wet,Dark-Not Lighted
2023-10-12T05:07:00.000,I 16,I 16 and Old River Rd,,Angle Crash,2,Rain,Wet,Dark-Not Lighted
2023-03-18T06:37:00.000,I 16,I 16 and Old River Rd,,Not a Collision with Motor Vehicle,1,Rain,Wet,Dark-Not Lighted
2023-12-10T15:45:00.000,I 16,I 16 and Old River Rd,,Not a Collision with Motor Vehicle,1,Rain,Wet,Daylight
2023-08-25T19:08:00.000,I 16,I 16 and Old River Rd,,Not a Collision with Motor Vehicle,1,Clear,Dry,Daylight
2024-05-18T12:23:00.000,I 16,I 16 and Old River Rd,,Angle Crash,1,Rain,Wet,Daylight
2024-04-15T16:32:00.000,I 16,I 16 and Old River Rd,,Not a Collision with Motor Vehicle,1,Clear,Dry,Daylight
2024-04-12T18:10:00.000,I 16,I 16 and Old River Rd,,Sideswipe-Same Direction,2,Clear,Dry,Daylight
2024-11-24T16:00:00.000,I 16,I 16 and Old River Rd,,Angle Crash,1,Clear,Dry,Daylight
2024-07-31T16:40:00.000,I 16,I 16 and Old River Rd,,Sideswipe-Same Direction,2,Clear,Dry,Daylight
2024-10-09T20:00:00.000,I 16,I 16 and Old River Rd,,Not a Collision with Motor Vehicle,1,Clear,Dry,Dark-Not Lighted
2024-12-20T09:10:00.000,I 16,I 16 and Old River Rd,,Sideswipe-Same Direction,2,Clear,Dry,Daylight
2024-11-11T19:15:00.000,I 16,I 16 and Old River Rd,,Not a Collision with Motor Vehicle,1,Clear,Dry,Dark-Not Lighted
2024-11-15T16:05:00.000,I 16,I 16 and Old River Rd,,Sideswipe-Same Direction,2,Clear,Dry,Daylight
2024-02-19T18:00:00.000,I 16,I 16 and Old River Rd,,Rear End,2,Clear,Dry,Dark-Lighted
2024-04-19T16:37:00.000,I 16,I 16 and Old River Rd,,Rear End,3,Clear,Dry,Daylight
2024-06-20T16:52:00.000,I 16,I 16 and Old River Rd,,Rear End,2,Clear,Dry,Daylight
2024-04-21T16:00:00.000,I 16,I 16 and Old River Rd,,Not a Collision with Motor Vehicle,1,Rain,Wet,Daylight
2024-04-11T09:09:00.000,I 16,I 16 and Old River Rd,,Sideswipe-Same Direction,2,Rain,Wet,Dark-Not Lighted
2021-05-03T21:02:00.000,I 16,I 16 and Old River On Rp,,Sideswipe-Same Direction,2,Cloudy,Dry,Dark-Not Lighted
2023-08-28T11:05:00.000,I 16,I 16 and Old River,,Not a Collision with Motor Vehicle,2,Cloudy,Dry,Daylight
2024-10-26T20:29:00.000,I 16,I 16 and Old River,,Rear End,2,Clear,Dry,Dark-Not Lighted
2020-07-24T12:27:00.000,I 16,I 16 and Old Riv,,Not a Collision with Motor Vehicle,1,Rain,Wet,Daylight
2022-04-11T09:30:00.000,I 16,I 16 and Old Riv,,Not a Collision with Motor Vehicle,1,Clear,Dry,Daylight
2020-09-15T17:00:00.000,I 16,I 16 and Old Dean Forest Rd,,Angle Crash,2,Cloudy,Dry,Daylight
2022-04-25T18:07:00.000,I 16,I 16 and Old Dean Forest Rd,,Rear End,2,Clear,Dry,Dusk
2020-03-04T16:05:00.000,I 16,I 16 and Old Cyler Opas,,Sideswipe-Same Direction,1,Rain,Wet,Daylight
2020-04-15T07:19:00.000,I 16,I 16 and Ohoopee River Brg,,Not a Collision with Motor Vehicle,1,Rain,Wet,Daylight
2024-11-04T04:30:00.000,I 16,I 16 and Ogmulgee E Ramp6,,Not a Collision with Motor Vehicle,1,Clear,Dry,Dawn
2021-11-30T08:42:00.000,I 16,I 16 and Ogeechee Rd,,Rear End,2,Clear,Dry,Daylight
2021-05-14T17:30:00.000,I 16,I 16 and Ogeechee Rd,,Rear End,2,Clear,Dry,Daylight
2020-09-28T13:43:00.000,I 16,I 16 and Ogeechee Rd,,Rear End,2,Clear,Dry,Daylight
2022-03-25T09:25:00.000,I 16,I 16 and Ogeechee Rd,,Angle Crash,2,Clear,Dry,Daylight
2021-09-11T19:53:00.000,I 16,I 16 and Ogeechee Rd,,Angle Crash,2,Clear,Dry,Dark-Lighted
2024-12-17T08:17:00.000,I 16,I 16 and Ogeechee Rd,,Rear End,2,Rain,Wet,Daylight
2022-10-06T15:25:00.000,I 16,I 16 and Off Ramp To Dean Forest Rd,,Rear End,2,Clear,Dry,Daylight
2020-11-14T19:09:00.000,I 16,I 16 and Off Ramp I95,,Sideswipe-Same Direction,2,Clear,Dry,Dark-Not Lighted
2023-07-05T00:00:00.000,I 16,I 16 and Off Ramp  Jimmy Deloach Pky,,Not a Collision with Motor Vehicle,1,Cloudy,Wet,Dark-Not Lighted
2021-05-21T19:52:00.000,I 16,I 16 and Ocmulgee E Exit Rp,,Not a Collision with Motor Vehicle,1,Clear,Dry,Daylight
2020-04-23T14:34:00.000,I 16,I 16 and Ocmulgee E Blvd Rp,,Not a Collision with Motor Vehicle,1,Rain,Wet,Daylight
2021-02-05T10:40:00.000,I 16,I 16 and Ocmulgee E Blvd,,Rear End,2,Cloudy,Wet,Daylight
2021-04-05T14:14:00.000,I 16,I 16 and Ocmulgee E Blvd,,Rear End,2,Clear,Dry,Daylight
2021-07-03T08:05:00.000,I 16,I 16 and Ocmulgee E Blvd,,Rear End,2,Cloudy,Dry,Daylight
2021-01-28T11:06:00.000,I 16,I 16 and Ocmulgee E Blvd,,Sideswipe-Same Direction,2,Clear,Dry,Daylight
2023-01-10T15:35:00.000,I 16,I 16 and Ocmulgee E Blvd,,Not a Collision with Motor Vehicle,1,Clear,Dry,Daylight
2020-10-20T13:49:00.000,I 16,I 16 and Ocmulgee E Blvd,,Angle Crash,2,Clear,Dry,Daylight
2020-11-11T05:05:00.000,I 16,I 16 and Ocmulgee E Blvd,,Rear End,2,Rain,Wet,Dark-Lighted
2020-01-29T08:19:00.000,I 16,I 16 and Ocmulgee E Blvd,,Rear End,2,Cloudy,Dry,Daylight
2020-01-15T08:03:00.000,I 16,I 16 and Ocmulgee E Blvd,,Rear End,3,Rain,Wet,Daylight
2020-07-06T20:30:00.000,I 16,I 16 and Ocmulgee E Blvd,,Sideswipe-Same Direction,2,Clear,Dry,Dusk
2020-07-27T06:08:00.000,I 16,I 16 and Ocmulgee E Blvd,,Rear End,2,Clear,Dry,Dawn
2021-09-16T17:00:00.000,I 16,I 16 and Ocmulgee E Blvd,,Rear End,2,Cloudy,Dry,Daylight
2022-02-28T11:10:00.000,I 16,I 16 and Ocmulgee E Blvd,,Rear End,3,Clear,Dry,Daylight
2022-10-21T13:06:00.000,I 16,I 16 and Ocmulgee E Blvd,,Rear End,2,Clear,Dry,Daylight
2022-03-09T18:21:00.000,I 16,I 16 and Ocmulgee E Blvd,,Sideswipe-Opposite Direction,2,Clear,Dry,Dark-Not Lighted
2022-11-15T15:43:00.000,I 16,I 16 and Ocmulgee E Blvd,,Not a Collision with Motor Vehicle,1,Cloudy,Dry,Daylight
2022-08-12T07:58:00.000,I 16,I 16 and Ocmulgee E Blvd,,Sideswipe-Same Direction,2,Cloudy,Dry,Daylight
2022-11-04T14:55:00.000,I 16,I 16 and Ocmulgee E Blvd,,Angle Crash,2,Clear,Dry,Daylight
2022-04-27T04:52:00.000,I 16,I 16 and Ocmulgee E Blvd,,Not a Collision with Motor Vehicle,1,Clear,Dry,Dark-Not Lighted
2022-12-13T09:08:00.000,I 16,I 16 and Ocmulgee E Blvd,,Not a Collision with Motor Vehicle,1,Cloudy,Dry,Daylight
2023-06-01T07:45:00.000,I 16,I 16 and Ocmulgee E Blvd,,Rear End,2,Clear,Dry,Daylight
2024-07-24T20:21:00.000,I 16,I 16 and Ocmulgee E Blvd,,Sideswipe-Opposite Direction,2,Rain,Wet,Dark-Not Lighted
2024-08-18T11:39:00.000,I 16,I 16 and Ocmulgee E Blvd,,Sideswipe-Same Direction,2,Clear,Dry,Daylight
2024-04-29T00:00:00.000,I 16,I 16 and Ocmulgee E Blvd,,Rear End,2,Clear,Dry,Daylight
2024-11-16T05:36:00.000,I 16,I 16 and Ocmulgee E Blvd,,Not a Collision with Motor Vehicle,1,Clear,Dry,Dark-Not Lighted
2023-04-17T06:40:00.000,I 16,I 16 and Ocmulgee Blvd Exit 6,,Sideswipe-Same Direction,2,Clear,Dry,Dawn
2020-02-25T09:13:00.000,I 16,I 16 and Ocmulgee,,Not a Collision with Motor Vehicle,1,Rain,Wet,Daylight
2022-01-27T17:11:00.000,I 16,I 16 and Ocmulgee,,Sideswipe-Same Direction,2,Clear,Dry,Daylight
2022-10-31T13:40:00.000,I 16,I 16 and Ocmulgee,,Rear End,2,Cloudy,Dry,Daylight
2023-05-14T23:03:00.000,I 16,I 16 and Oakhurst Rd,,Not a Collision with Motor Vehicle,1,Rain,Wet,Dark-Not Lighted
2021-04-22T07:59:00.000,I 16,I 16 and Nevils Groveland Rd,,Not a Collision with Motor Vehicle,1,Clear,Dry,Daylight
2023-03-12T14:55:00.000,I 16,I 16 and Nevils Groveland Rd,,Not a Collision with Motor Vehicle,1,Rain,Wet,Daylight
2020-10-10T15:05:00.000,I 16,I 16 and Nevils Groveland Rd,,Rear End,2,Cloudy,Dry,Daylight
2020-09-13T14:30:00.000,I 16,I 16 and Nevils Groveland Rd,,Rear End,3,Rain,Wet,Daylight
2022-07-22T19:17:00.000,I 16,I 16 and Nevils Groveland Rd,,Not a Collision with Motor Vehicle,1,Rain,Wet,Daylight
2024-06-23T17:00:00.000,I 16,I 16 and Nevils Denmarkroad,,Rear End,2,Cloudy,Dry,Daylight
2022-04-17T14:48:00.000,I 16,I 16 and Nevil's Denmark Rd,,Sideswipe-Same Direction,2,Clear,Dry,Daylight
2023-11-04T07:06:00.000,I 16,I 16 and Near Mm 26,,Not a Collision with Motor Vehicle,1,Clear,Dry,Dark-Not Lighted
2021-12-04T22:06:00.000,I 16,I 16 and Near Mile Marker 135,,Sideswipe-Same Direction,2,Clear,Dry,Dark-Not Lighted
2021-04-26T11:12:00.000,I 16,I 16 and N Ave,,Angle Crash,2,Clear,Dry,Daylight
2023-06-16T08:52:00.000,I 16,I 16 and N Ave,,Rear End,2,Clear,Dry,Daylight
2023-06-21T17:04:00.000,I 16,I 16 and N Ave,,Angle Crash,2,Rain,Wet,Dusk
2022-07-11T12:50:00.000,I 16,I 16 and N Ave,,Angle Crash,2,Cloudy,Dry,Daylight
2020-07-13T16:37:00.000,I 16,I 16 and N Ave,,Rear End,2,Clear,Dry,Daylight
2020-03-04T16:24:00.000,I 16,I 16 and N Ave,,Rear End,2,Rain,Wet,Daylight
2022-09-12T18:18:00.000,I 16,I 16 and N Ave,,Rear End,2,Clear,Dry,Dark-Not Lighted
2022-11-04T13:10:00.000,I 16,I 16 and N Ave,,Rear End,2,Clear,Dry,Daylight
2022-08-17T10:23:00.000,I 16,I 16 and N Ave,,Rear End,2,Clear,Dry,Daylight
2024-08-10T12:41:00.000,I 16,I 16 and N Ave,,Sideswipe-Same Direction,2,Clear,Dry,Daylight
2024-06-05T08:57:00.000,I 16,I 16 and N Ave,,Sideswipe-Same Direction,2,Clear,Dry,Daylight
2024-06-19T09:49:00.000,I 16,I 16 and N Ave,,Sideswipe-Same Direction,2,Clear,Dry,Daylight
2024-08-02T11:29:00.000,I 16,I 16 and N Ave,,Sideswipe-Same Direction,2,Clear,Dry,Daylight
2023-03-26T13:35:00.000,I 16,I 16 and N Ave,,Not a Collision with Motor Vehicle,1,Clear,Dry,Daylight
2023-03-27T13:44:00.000,I 16,I 16 and N Ave,,Not a Collision with Motor Vehicle,1,Clear,Dry,Daylight
2024-11-07T14:23:00.000,I 16,I 16 and N Ave,,Rear End,3,Cloudy,Dry,Daylight
2024-07-23T10:15:00.000,I 16,I 16 and N Ave,,Angle Crash,2,Clear,Dry,Daylight
2024-07-10T13:40:00.000,I 16,I 16 and N Ave,,Sideswipe-Same Direction,2,Clear,Dry,Daylight
2024-09-08T13:45:00.000,I 16,I 16 and N Ave,,Angle Crash,2,Clear,Dry,Daylight
2024-08-23T09:48:00.000,I 16,I 16 and N Ave,,Sideswipe-Same Direction,2,Clear,Dry,Daylight
2024-10-18T13:50:00.000,I 16,I 16 and N Ave,,Rear End,2,Clear,Dry,Daylight
2024-02-14T07:47:00.000,I 16,I 16 and N Ave,,Sideswipe-Same Direction,2,Clear,Dry,Daylight
2024-06-28T11:37:00.000,I 16,I 16 and N Ave,,Rear End,2,Cloudy,Dry,Daylight
2024-12-08T13:50:00.000,I 16,I 16 and N Ave,,Angle Crash,2,Clear,Dry,Daylight
2024-04-17T08:20:00.000,I 16,I 16 and N Ave,,Sideswipe-Same Direction,2,Clear,Dry,Daylight
2024-04-03T13:56:00.000,I 16,I 16 and N Ave,,Rear End,2,Clear,Dry,Daylight
2024-02-23T15:31:00.000,I 16,I 16 and N Ave,,Rear End,2,Clear,Dry,Daylight
2021-07-31T16:30:00.000,I 16,I 16 and Mp915,,Rear End,3,Rain,Wet,Daylight
2024-01-23T13:10:00.000,I 16,I 16 and Mp165,,Sideswipe-Same Direction,2,Clear,Dry,Daylight
2023-08-30T16:55:00.000,I 16,I 16 and Mp113,,Not a Collision with Motor Vehicle,1,Rain,Wet,Daylight
2020-01-08T10:42:00.000,I 16,I 16 and Mp 935,,Sideswipe-Same Direction,1,Clear,Dry,Daylight
2021-02-18T11:35:00.000,I 16,I 16 and Mp 765,,Not a Collision with Motor Vehicle,1,Rain,Wet,Daylight
2024-04-21T18:30:00.000,I 16,I 16 and Mp 129,,Rear End,2,Rain,Wet,Daylight
2021-04-15T18:14:00.000,I 16,I 16 and Montgomwry St,,Sideswipe-Same Direction,2,Clear,Dry,Dark-Lighted
2023-06-29T14:45:00.000,I 16,I 16 and Mm99 - Mm94,,Not a Collision with Motor Vehicle,2,Clear,Dry,Daylight
2022-02-27T15:45:00.000,I 16,I 16 and Mm76.5,,Not a Collision with Motor Vehicle,1,Cloudy,Dry,Daylight
2022-11-14T23:05:00.000,I 16,I 16 and Mm70.5,,Rear End,2,Cloudy,Dry,Dark-Not Lighted
2022-11-04T14:47:00.000,I 16,I 16 and Mm47.5,,(None),1,(None),(None),(None)
2022-08-09T20:59:00.000,I 16,I 16 and Mm24.5,,Not a Collision with Motor Vehicle,1,Rain,Wet,Dark-Lighted
2021-10-20T20:36:00.000,I 16,I 16 and Mm19.5,,Not a Collision with Motor Vehicle,1,Clear,Dry,Dark-Not Lighted
2021-10-14T14:11:00.000,I 16,I 16 and Mm166,,Rear End,2,Clear,Dry,Daylight
2023-07-22T02:14:00.000,I 16,I 16 and Mm164,,Sideswipe-Same Direction,1,Clear,Wet,Daylight
2021-08-28T01:15:00.000,I 16,I 16 and Mm164,,Not a Collision with Motor Vehicle,1,Cloudy,Wet,Dark-Not Lighted
2023-11-20T10:00:00.000,I 16,I 16 and Mm161,,Sideswipe-Same Direction,2,Cloudy,Dry,Daylight
2023-09-11T07:10:00.000,I 16,I 16 and Mm161,,Rear End,3,Clear,Dry,Daylight
2022-09-13T19:40:00.000,I 16,I 16 and Mm161,,Rear End,2,Clear,Dry,Dark-Not Lighted
2021-01-14T13:19:00.000,I 16,I 16 and Mm160,,Rear End,2,Clear,Dry,Daylight
2020-06-20T04:45:00.000,I 16,I 16 and Mm160,,Sideswipe-Same Direction,2,Clear,Dry,Dark-Not Lighted
2023-12-08T09:21:00.000,I 16,I 16 and Mm160,,Sideswipe-Same Direction,2,Cloudy,Dry,Daylight
2024-03-07T15:34:00.000,I 16,I 16 and Mm160,,Sideswipe-Same Direction,2,Clear,Dry,Daylight
2023-04-30T04:34:00.000,I 16,I 16 and Mm160,,Sideswipe-Same Direction,2,Cloudy,Wet,Dark-Lighted
2024-08-21T08:35:00.000,I 16,I 16 and Mm160,,Rear End,3,Clear,Dry,Daylight
2024-05-20T05:20:00.000,I 16,I 16 and Mm160,,Sideswipe-Same Direction,2,Clear,Dry,Dusk
2021-02-26T14:00:00.000,I 16,I 16 and Mm159,,Rear End,2,Cloudy,Dry,Daylight
2023-04-19T08:50:00.000,I 16,I 16 and Mm159,,Angle Crash,3,Clear,Dry,Daylight
2020-09-13T00:15:00.000,I 16,I 16 and Mm159,,Rear End,1,Clear,Dry,Dark-Not Lighted
2021-03-22T21:01:00.000,I 16,I 16 and Mm158,,Angle Crash,4,Clear,Dry,Daylight
2020-08-04T17:00:00.000,I 16,I 16 and Mm154,,Rear End,2,Rain,Wet,Daylight
2023-11-06T06:50:00.000,I 16,I 16 and Mm152,,Not a Collision with Motor Vehicle,1,Clear,Dry,Dusk
2024-04-06T22:28:00.000,I 16,I 16 and Mm152,,Rear End,2,Clear,Dry,Dark-Not Lighted
2024-12-20T16:54:00.000,I 16,I 16 and Mm152,,Rear End,2,Clear,Dry,Daylight
2024-01-29T07:45:00.000,I 16,I 16 and Mm151,,Rear End,2,Clear,Dry,Daylight
2022-03-31T15:25:00.000,I 16,I 16 and Mm150,,Rear End,2,Clear,Wet,Daylight
2024-12-02T18:20:00.000,I 16,I 16 and Mm150,,Rear End,2,Clear,Dry,Dark-Not Lighted
2021-03-26T08:30:00.000,I 16,I 16 and Mm149,,Not a Collision with Motor Vehicle,1,Cloudy,Dry,Daylight
2024-09-28T11:40:00.000,I 16,I 16 and Mm149,,Not a Collision with Motor Vehicle,2,Clear,Dry,Daylight
2021-05-18T05:55:00.000,I 16,I 16 and Mm148,,Sideswipe-Same Direction,2,Clear,Dry,Daylight
2020-10-13T17:25:00.000,I 16,I 16 and Mm148,,Rear End,2,Clear,Dry,Daylight
2022-06-09T16:50:00.000,I 16,I 16 and Mm148,,Not a Collision with Motor Vehicle,1,Rain,Wet,Daylight
2022-10-09T19:20:00.000,I 16,I 16 and Mm147.5,,Not a Collision with Motor Vehicle,1,Clear,Dry,Dark-Not Lighted
2023-10-18T08:54:00.000,I 16,I 16 and Mm146,,Rear End,2,Clear,Dry,Daylight
2022-10-07T12:30:00.000,I 16,I 16 and Mm146,,Angle Crash,2,Clear,Dry,Daylight
2021-04-11T19:58:00.000,I 16,I 16 and Mm1455,,Rear End,3,Clear,Dry,Dusk
2021-07-04T08:00:00.000,I 16,I 16 and Mm145,,Not a Collision with Motor Vehicle,1,Clear,Dry,Daylight
2024-04-25T13:22:00.000,I 16,I 16 and Mm145,,Angle Crash,3,Clear,Dry,Daylight
2024-11-13T11:25:00.000,I 16,I 16 and Mm144,,Rear End,2,Clear,Dry,Daylight
2022-12-20T12:55:00.000,I 16,I 16 and Mm143,,Rear End,2,Rain,Wet,Daylight
2023-03-19T22:10:00.000,I 16,I 16 and Mm140.5,,Rear End,2,Clear,Dry,Dark-Not Lighted
2022-03-25T14:00:00.000,I 16,I 16 and Mm139,,Rear End,2,Clear,Dry,Daylight
2021-05-24T10:25:00.000,I 16,I 16 and Mm138,,Rear End,2,Clear,Dry,Daylight
2023-05-31T19:00:00.000,I 16,I 16 and Mm138,,Angle Crash,2,Rain,Wet,Daylight