Date and Time,Roadway (From Crash Report),Intersection Name (from Crash Report),KABCO Severity,Manner of Collision (Crash Level) ,# of Vehicles per crash ,Weather Conditions (Crash Level),Surface Condition (Crash Level) ,Light Conditions (Crash Level)
2024-06-21T09:15:00.000,I 16,I 16 and Mm138,,Rear End,2,Clear,Dry,Daylight
2024-04-09T03:14:00.000,I 16,I 16 and Mm137.5,,Rear End,2,Clear,Dry,Dark-Not Lighted
2020-08-18T17:00:00.000,I 16,I 16 and Mm137,,Not a Collision with Motor Vehicle,1,Rain,Wet,Daylight
2021-01-04T11:00:00.000,I 16,I 16 and Mm137,,Rear End,2,Clear,Dry,Daylight
2022-07-07T13:45:00.000,I 16,I 16 and Mm137,,Angle Crash,2,Clear,Dry,Daylight
2024-12-09T07:15:00.000,I 16,I 16 and Mm137,,Rear End,2,Clear,Dry,Daylight
2021-10-11T14:04:00.000,I 16,I 16 and Mm136.5,,Not a Collision with Motor Vehicle,1,Clear,Dry,Daylight
2021-09-07T22:32:00.000,I 16,I 16 and Mm136,,Not a Collision with Motor Vehicle,3,Clear,Dry,Dark-Not Lighted
2021-04-20T15:25:00.000,I 16,I 16 and Mm136,,Rear End,2,Clear,Dry,Daylight
2021-04-06T15:40:00.000,I 16,I 16 and Mm135,,Rear End,2,Clear,Dry,Daylight
2021-03-20T12:32:00.000,I 16,I 16 and Mm135,,Sideswipe-Same Direction,1,Clear,Dry,Daylight
2021-06-03T18:30:00.000,I 16,I 16 and Mm135,,Not a Collision with Motor Vehicle,1,Rain,Wet,Daylight
2021-02-16T20:37:00.000,I 16,I 16 and Mm135,,Not a Collision with Motor Vehicle,1,Clear,Dry,Dark-Not Lighted
2023-04-24T07:12:00.000,I 16,I 16 and Mm135,,Angle Crash,2,Clear,Dry,Daylight
2024-04-19T04:39:00.000,I 16,I 16 and Mm135,,Angle Crash,2,Clear,Dry,Dark-Not Lighted
2021-03-17T22:39:00.000,I 16,I 16 and Mm1345,,Not a Collision with Motor Vehicle,1,Clear,Dry,Dark-Not Lighted
2021-10-02T03:25:00.000,I 16,I 16 and Mm134.5,,Not a Collision with Motor Vehicle,1,Clear,Dry,Dark-Not Lighted
2024-05-30T02:30:00.000,I 16,I 16 and Mm134,,Rear End,2,Clear,Dry,Dark-Not Lighted
2022-04-30T14:53:00.000,I 16,I 16 and Mm133.5,,Rear End,2,Clear,Dry,Daylight
2021-02-16T01:09:00.000,I 16,I 16 and Mm133,,Not a Collision with Motor Vehicle,1,Rain,Wet,Dark-Not Lighted
2023-06-22T04:23:00.000,I 16,I 16 and Mm133,,Not a Collision with Motor Vehicle,1,Rain,Wet,Dark-Not Lighted
2021-02-12T11:20:00.000,I 16,I 16 and Mm132,,Rear End,2,Rain,Wet,Daylight
2021-06-16T17:15:00.000,I 16,I 16 and Mm132,,Not a Collision with Motor Vehicle,1,Clear,Dry,Daylight
2021-07-31T01:32:00.000,I 16,I 16 and Mm132,,Not a Collision with Motor Vehicle,1,Clear,Dry,Dark-Not Lighted
2022-03-26T17:40:00.000,I 16,I 16 and Mm132,,Rear End,3,Clear,Dry,Daylight
2021-10-15T10:53:00.000,I 16,I 16 and Mm131,,Rear End,2,Clear,Dry,Daylight
2021-06-04T23:45:00.000,I 16,I 16 and Mm130,,Not a Collision with Motor Vehicle,1,Rain,Wet,Dark-Not Lighted
2021-01-04T13:12:00.000,I 16,I 16 and Mm130,,Not a Collision with Motor Vehicle,2,Clear,Dry,Daylight
2021-07-19T15:30:00.000,I 16,I 16 and Mm130,,Not a Collision with Motor Vehicle,1,Clear,Dry,Daylight
2021-09-07T03:05:00.000,I 16,I 16 and Mm130,,Not a Collision with Motor Vehicle,1,Clear,Dry,Dark-Not Lighted
2023-10-15T18:24:00.000,I 16,I 16 and Mm130,,Rear End,2,Clear,Dry,Daylight
2021-08-14T02:43:00.000,I 16,I 16 and Mm129,,Not a Collision with Motor Vehicle,1,Clear,Dry,Dark-Not Lighted
2021-07-21T08:45:00.000,I 16,I 16 and Mm1285,,Not a Collision with Motor Vehicle,1,Cloudy,Dry,Daylight
2022-08-22T16:00:00.000,I 16,I 16 and Mm128,,Rear End,2,Rain,Wet,Daylight
2024-06-08T21:50:00.000,I 16,I 16 and Mm128,,Sideswipe-Same Direction,2,Clear,Dry,Dark-Not Lighted
2024-06-21T14:00:00.000,I 16,I 16 and Mm128,,Sideswipe-Same Direction,2,Clear,Dry,Daylight
2024-05-18T15:10:00.000,I 16,I 16 and Mm128,,Sideswipe-Same Direction,2,Rain,Wet,Daylight
2021-04-24T17:17:00.000,I 16,I 16 and Mm127,,Not a Collision with Motor Vehicle,1,Rain,Wet,Daylight
2023-05-25T09:28:00.000,I 16,I 16 and Mm127,,Not a Collision with Motor Vehicle,1,Clear,Dry,Daylight
2023-12-12T17:40:00.000,I 16,I 16 and Mm127,,Not a Collision with Motor Vehicle,2,Clear,Dry,Dark-Not Lighted
2020-12-12T09:30:00.000,I 16,I 16 and Mm127,,Angle Crash,2,Clear,Dry,Daylight
2020-11-09T16:32:00.000,I 16,I 16 and Mm127,,Sideswipe-Same Direction,2,Clear,Dry,Daylight
2023-07-17T21:24:00.000,I 16,I 16 and Mm127,,Not a Collision with Motor Vehicle,1,Clear,Dry,Dark-Not Lighted
2024-07-16T15:10:00.000,I 16,I 16 and Mm127,,Angle Crash,2,Clear,Dry,Daylight
2021-08-02T21:46:00.000,I 16,I 16 and Mm126,,Not a Collision with Motor Vehicle,1,Rain,Wet,Dark-Not Lighted
2022-03-24T10:56:00.000,I 16,I 16 and Mm126,,Not a Collision with Motor Vehicle,1,Clear,Dry,Daylight
2023-11-13T05:11:00.000,I 16,I 16 and Mm126,,Not a Collision with Motor Vehicle,1,Clear,Dry,Dark-Not Lighted
2021-07-07T23:45:00.000,I 16,I 16 and Mm125,,Not a Collision with Motor Vehicle,1,Rain,Wet,Dark-Not Lighted
2023-06-21T14:25:00.000,I 16,I 16 and Mm125,,Not a Collision with Motor Vehicle,1,Rain,Wet,Daylight
2020-04-01T11:30:00.000,I 16,I 16 and Mm125,,Angle Crash,2,Clear,Dry,Daylight
2021-10-05T20:30:00.000,I 16,I 16 and Mm125,,Not a Collision with Motor Vehicle,1,Clear,Dry,Dark-Not Lighted
2021-11-22T22:33:00.000,I 16,I 16 and Mm124,,Not a Collision with Motor Vehicle,1,Clear,Dry,Dark-Not Lighted
2021-11-22T22:53:00.000,I 16,I 16 and Mm124,,Not a Collision with Motor Vehicle,1,Clear,Dry,Dark-Not Lighted
2022-07-12T00:35:00.000,I 16,I 16 and Mm124,,Rear End,2,Clear,Dry,Dark-Not Lighted
2021-09-10T05:26:00.000,I 16,I 16 and Mm123,,Rear End,2,Clear,Dry,Dark-Not Lighted
2021-09-10T05:26:00.000,I 16,I 16 and Mm123,,Sideswipe-Same Direction,2,Clear,Dry,Dark-Not Lighted
2022-03-26T23:54:00.000,I 16,I 16 and Mm123,,Not a Collision with Motor Vehicle,1,Clear,Dry,Dark-Not Lighted
2022-03-27T00:13:00.000,I 16,I 16 and Mm123,,Not a Collision with Motor Vehicle,1,Clear,Dry,Dark-Not Lighted
2022-03-27T00:14:00.000,I 16,I 16 and Mm123,,Not a Collision with Motor Vehicle,1,Clear,Dry,Dark-Not Lighted
2021-03-14T11:33:00.000,I 16,I 16 and Mm122,,Sideswipe-Same Direction,2,Clear,Dry,Daylight
2021-07-02T13:26:00.000,I 16,I 16 and Mm122,,Not a Collision with Motor Vehicle,1,Rain,Wet,Daylight
2024-11-26T15:54:00.000,I 16,I 16 and Mm122,,Sideswipe-Same Direction,2,Clear,Dry,Daylight
2023-02-06T00:05:00.000,I 16,I 16 and Mm121.5,,Rear End,2,Clear,Dry,Dark-Not Lighted
2021-07-22T17:29:00.000,I 16,I 16 and Mm121,,Not a Collision with Motor Vehicle,2,Clear,Dry,Daylight
2023-02-06T03:45:00.000,I 16,I 16 and Mm120,,Not a Collision with Motor Vehicle,1,Clear,Dry,Dark-Not Lighted
2021-03-04T14:00:00.000,I 16,I 16 and Mm119,,Sideswipe-Same Direction,1,Clear,Dry,Daylight
2024-06-23T15:40:00.000,I 16,I 16 and Mm119,,Not a Collision with Motor Vehicle,1,Rain,Wet,Daylight
2023-04-05T14:57:00.000,I 16,I 16 and Mm117,,Not a Collision with Motor Vehicle,1,Clear,Dry,Daylight
2023-06-23T16:20:00.000,I 16,I 16 and Mm116,,Not a Collision with Motor Vehicle,1,Clear,Dry,Daylight
2022-04-18T07:25:00.000,I 16,I 16 and Mm116,,Not a Collision with Motor Vehicle,1,Rain,Wet,Daylight
2021-06-03T20:15:00.000,I 16,I 16 and Mm115,,Not a Collision with Motor Vehicle,1,Rain,Wet,Daylight
2024-06-23T22:37:00.000,I 16,I 16 and Mm115,,Angle Crash,2,Clear,Dry,Dark-Not Lighted
2021-01-31T18:05:00.000,I 16,I 16 and Mm114,,Not a Collision with Motor Vehicle,2,Rain,Wet,Daylight
2021-01-31T18:25:00.000,I 16,I 16 and Mm114,,Not a Collision with Motor Vehicle,2,Rain,Wet,Daylight
2021-01-31T17:10:00.000,I 16,I 16 and Mm114,,Not a Collision with Motor Vehicle,2,Rain,Wet,Daylight
2023-12-12T20:30:00.000,I 16,I 16 and Mm114,,Sideswipe-Same Direction,2,Clear,Dry,Dark-Not Lighted
2020-09-13T22:51:00.000,I 16,I 16 and Mm114,,Not a Collision with Motor Vehicle,1,Clear,Dry,Dark-Not Lighted
2023-12-14T05:15:00.000,I 16,I 16 and Mm114,,Not a Collision with Motor Vehicle,1,Clear,Dry,Dark-Not Lighted
2023-12-14T05:05:00.000,I 16,I 16 and Mm114,,Not a Collision with Motor Vehicle,2,Clear,Dry,Dark-Not Lighted
2024-07-25T20:15:00.000,I 16,I 16 and Mm114,,Not a Collision with Motor Vehicle,1,Rain,Wet,Daylight
2023-07-28T18:42:00.000,I 16,I 16 and Mm113,,Not a Collision with Motor Vehicle,2,Rain,Wet,Daylight
2020-10-31T01:24:00.000,I 16,I 16 and Mm113,,Not a Collision with Motor Vehicle,1,Clear,Dry,Dark-Not Lighted
2022-11-21T20:30:00.000,I 16,I 16 and Mm113,,Angle Crash,2,Clear,Dry,Dark-Not Lighted
2022-07-24T20:49:00.000,I 16,I 16 and Mm113,,Not a Collision with Motor Vehicle,1,Rain,Wet,Dark-Not Lighted
2021-06-03T19:20:00.000,I 16,I 16 and Mm112,,Not a Collision with Motor Vehicle,1,Rain,Wet,Daylight
2021-07-11T15:31:00.000,I 16,I 16 and Mm112,,Not a Collision with Motor Vehicle,1,Rain,Wet,Daylight
2022-11-21T20:56:00.000,I 16,I 16 and Mm112,,Angle Crash,2,Clear,Dry,Dark-Not Lighted
2022-11-21T20:50:00.000,I 16,I 16 and Mm112,,Angle Crash,2,Clear,Dry,Dark-Not Lighted
2022-11-21T20:52:00.000,I 16,I 16 and Mm112,,Angle Crash,2,Clear,Dry,Dark-Not Lighted
2024-11-06T21:05:00.000,I 16,I 16 and Mm112,,Not a Collision with Motor Vehicle,1,Rain,Wet,Dark-Not Lighted
2024-05-14T12:45:00.000,I 16,I 16 and Mm112,,Not a Collision with Motor Vehicle,1,Cloudy,Dry,Daylight
2022-05-25T21:00:00.000,I 16,I 16 and Mm111,,Not a Collision with Motor Vehicle,1,Clear,Dry,Dark-Not Lighted
2022-07-08T14:14:00.000,I 16,I 16 and Mm110,,Not a Collision with Motor Vehicle,1,Rain,Wet,Daylight
2023-12-30T17:40:00.000,I 16,I 16 and Mm110,,Not a Collision with Motor Vehicle,1,Clear,Dry,Daylight
2021-05-07T05:30:00.000,I 16,I 16 and Mm109,,Not a Collision with Motor Vehicle,1,Clear,Dry,Dark-Not Lighted
2020-10-26T19:10:00.000,I 16,I 16 and Mm108,,Rear End,2,Clear,Dry,Dark-Not Lighted
2021-01-27T23:22:00.000,I 16,I 16 and Mm107,,Rear End,2,Clear,Dry,Dark-Not Lighted
2020-12-15T18:47:00.000,I 16,I 16 and Mm107,,Rear End,2,Clear,Dry,Dark-Not Lighted
2021-02-14T09:48:00.000,I 16,I 16 and Mm106,,Not a Collision with Motor Vehicle,1,Rain,Wet,Daylight
2021-08-20T18:10:00.000,I 16,I 16 and Mm105,,Sideswipe-Same Direction,2,Clear,Dry,Daylight
2021-04-21T15:12:00.000,I 16,I 16 and Mm104,,Rear End,2,Clear,Dry,Daylight
2021-03-13T10:35:00.000,I 16,I 16 and Mm102,,Rear End,2,Clear,Dry,Daylight
2020-07-12T18:55:00.000,I 16,I 16 and Mm102,,Rear End,2,Clear,Dry,Daylight
2022-06-09T14:26:00.000,I 16,I 16 and Mm101,,Rear End,2,Rain,Wet,Daylight
2024-01-06T15:40:00.000,I 16,I 16 and Mm101,,Rear End,2,Cloudy,Dry,Daylight
2023-03-17T12:10:00.000,I 16,I 16 and Mm10.5,,Not a Collision with Motor Vehicle,1,Clear,Dry,Daylight
2022-08-23T02:20:00.000,I 16,I 16 and Mm10.5,,Not a Collision with Motor Vehicle,1,Clear,Dry,Dark-Not Lighted
2024-09-16T08:35:00.000,I 16,I 16 and Mm-160,,Rear End,2,Clear,Dry,Daylight
2023-12-04T11:00:00.000,I 16,I 16 and Mm-159,,Rear End,3,Clear,Dry,Daylight
2020-09-01T13:55:00.000,I 16,I 16 and Mm-1555,,Not a Collision with Motor Vehicle,2,Clear,Dry,Daylight
2024-02-26T07:27:00.000,I 16,I 16 and Mm-153,,Rear End,2,Clear,Dry,Daylight
2020-10-26T19:43:00.000,I 16,I 16 and Mm-143 Rp,,Not a Collision with Motor Vehicle,1,Cloudy,Dry,Dark-Lighted
2021-09-29T21:35:00.000,I 16,I 16 and Mm 97,,Angle Crash,2,Clear,Dry,Dark-Not Lighted
2023-06-18T20:00:00.000,I 16,I 16 and Mm 97,,Rear End,3,Clear,Dry,Daylight
2024-07-05T17:28:00.000,I 16,I 16 and Mm 97,,Not a Collision with Motor Vehicle,1,Clear,Wet,Daylight
2021-09-29T21:34:00.000,I 16,I 16 and Mm 95,,Angle Crash,2,Clear,Dry,Dark-Not Lighted
2024-12-01T10:13:00.000,I 16,I 16 and Mm 95,,Angle Crash,3,Clear,Dry,Daylight
2020-08-10T20:41:00.000,I 16,I 16 and Mm 94,,Sideswipe-Same Direction,1,Rain,Wet,Dark-Not Lighted
2022-07-18T09:30:00.000,I 16,I 16 and Mm 90,,Rear End,2,Clear,Dry,Daylight
2024-06-05T04:34:00.000,I 16,I 16 and Mm 90,,Rear End,2,Clear,Dry,Dark-Not Lighted
2023-06-23T02:02:00.000,I 16,I 16 and Mm 88,,Rear End,2,Rain,Wet,Dark-Not Lighted
2024-09-23T15:12:00.000,I 16,I 16 and Mm 87,,Not a Collision with Motor Vehicle,1,Clear,Dry,Daylight
2024-08-05T15:30:00.000,I 16,I 16 and Mm 86,,Not a Collision with Motor Vehicle,1,Rain,Wet,Daylight
2024-09-05T18:18:00.000,I 16,I 16 and Mm 84.5,,Rear End,2,Clear,Dry,Daylight
2022-11-13T21:31:00.000,I 16,I 16 and Mm 81.5,,Sideswipe-Same Direction,2,Clear,Dry,Dark-Not Lighted
2024-12-10T17:35:00.000,I 16,I 16 and Mm 81,,Sideswipe-Same Direction,2,Clear,Dry,Dark-Not Lighted
2024-11-29T12:15:00.000,I 16,I 16 and Mm 80.5,,Angle Crash,2,Clear,Dry,Daylight
2024-09-03T00:34:00.000,I 16,I 16 and Mm 80,,Rear End,2,Clear,Dry,Dark-Not Lighted
2023-05-11T05:10:00.000,I 16,I 16 and Mm 8.5,,Not a Collision with Motor Vehicle,1,Clear,Dry,Dark-Not Lighted
2023-05-11T05:10:00.000,I 16,I 16 and Mm 8.5,,Not a Collision with Motor Vehicle,1,Clear,Dry,Dark-Not Lighted
2022-05-03T07:38:00.000,I 16,I 16 and Mm 8.5,,Not a Collision with Motor Vehicle,1,Clear,Dry,Daylight
2022-12-15T04:36:00.000,I 16,I 16 and Mm 8.5,,Not a Collision with Motor Vehicle,1,Rain,Wet,Dark-Not Lighted
2020-08-15T11:08:00.000,I 16,I 16 and Mm 79,,Not a Collision with Motor Vehicle,1,Clear,Dry,Daylight
2024-07-07T17:30:00.000,I 16,I 16 and Mm 79,,Not a Collision with Motor Vehicle,1,Rain,Wet,Daylight
2022-04-11T10:25:00.000,I 16,I 16 and Mm 78,,Sideswipe-Same Direction,2,Clear,Dry,Daylight
2021-11-15T05:25:00.000,I 16,I 16 and Mm 77.5,,Not a Collision with Motor Vehicle,1,Clear,Dry,Dark-Not Lighted
2024-11-06T17:18:00.000,I 16,I 16 and Mm 77,,Not a Collision with Motor Vehicle,1,Rain,Wet,Dusk
2022-04-27T06:35:00.000,I 16,I 16 and Mm 75.5,,Not a Collision with Motor Vehicle,1,Clear,Dry,Dawn
2021-12-14T15:05:00.000,I 16,I 16 and Mm 75,,Sideswipe-Same Direction,2,Clear,Dry,Daylight
2024-10-15T09:36:00.000,I 16,I 16 and Mm 74,,Rear End,2,Clear,Dry,Daylight
2024-10-27T16:46:00.000,I 16,I 16 and Mm 73.5,,Rear End,2,Clear,Dry,Daylight
2024-06-28T11:50:00.000,I 16,I 16 and Mm 73,,Not a Collision with Motor Vehicle,1,Rain,Wet,Daylight
2020-02-06T16:06:00.000,I 16,I 16 and Mm 70,,Not a Collision with Motor Vehicle,1,Rain,Wet,Daylight
2022-09-04T13:54:00.000,I 16,I 16 and Mm 70,,Not a Collision with Motor Vehicle,1,Rain,Water (standing or moving),Daylight
2024-09-26T11:20:00.000,I 16,I 16 and Mm 70,,Not a Collision with Motor Vehicle,1,Rain,Wet,Daylight
2021-10-08T17:40:00.000,I 16,I 16 and Mm 69,,Sideswipe-Same Direction,2,Cloudy,Dry,Daylight
2020-04-19T14:30:00.000,I 16,I 16 and Mm 685,,Not a Collision with Motor Vehicle,1,Rain,Water (standing or moving),Daylight
2020-04-19T13:55:00.000,I 16,I 16 and Mm 675,,Not a Collision with Motor Vehicle,1,Severe Thunderstorm or Tornadic,Water (standing or moving),Daylight
2023-09-14T16:50:00.000,I 16,I 16 and Mm 67 Exit Rp,,Not a Collision with Motor Vehicle,1,Rain,Water (standing or moving),Daylight
2020-10-23T14:00:00.000,I 16,I 16 and Mm 67,,Not a Collision with Motor Vehicle,1,Cloudy,Dry,Daylight
2022-04-25T10:00:00.000,I 16,I 16 and Mm 67,,Not a Collision with Motor Vehicle,1,Clear,Dry,Daylight
2024-10-07T13:13:00.000,I 16,I 16 and Mm 67,,Sideswipe-Same Direction,2,Cloudy,Dry,Daylight
2024-12-27T09:00:00.000,I 16,I 16 and Mm 67,,Sideswipe-Same Direction,2,Rain,Wet,Daylight
2023-02-02T20:05:00.000,I 16,I 16 and Mm 65,,Not a Collision with Motor Vehicle,1,Rain,Wet,Dark-Not Lighted
2022-06-16T23:53:00.000,I 16,I 16 and Mm 61,,Rear End,2,Cloudy,Dry,Dark-Not Lighted
2022-08-09T20:00:00.000,I 16,I 16 and Mm 61,,Not a Collision with Motor Vehicle,1,Clear,Dry,Dark-Lighted
2023-06-23T18:45:00.000,I 16,I 16 and Mm 60,,Sideswipe-Same Direction,2,Cloudy,Dry,Daylight
2024-06-21T17:42:00.000,I 16,I 16 and Mm 58,,(None),1,(None),(None),(None)
2022-04-10T10:46:00.000,I 16,I 16 and Mm 56,,Rear End,2,Clear,Dry,Daylight
2020-06-05T16:04:00.000,I 16,I 16 and Mm 55,,Angle Crash,1,Rain,Wet,Daylight
2022-09-09T14:05:00.000,I 16,I 16 and Mm 54,,Angle Crash,2,Clear,Dry,Daylight
2022-09-29T23:47:00.000,I 16,I 16 and Mm 51,,Angle Crash,2,Cloudy,Dry,Dark-Not Lighted
2022-09-30T17:53:00.000,I 16,I 16 and Mm 50,,Sideswipe-Same Direction,2,Clear,Dry,Daylight
2023-10-23T15:45:00.000,I 16,I 16 and Mm 48,,Rear End,2,Clear,Dry,Daylight
2024-07-08T07:44:00.000,I 16,I 16 and Mm 46,,Rear End,2,Clear,Dry,Daylight
2021-06-12T18:55:00.000,I 16,I 16 and Mm 455,,Rear End,2,Rain,Wet,Daylight
2023-01-17T19:40:00.000,I 16,I 16 and Mm 44,,Rear End,2,Rain,Wet,Dark-Lighted
2022-03-15T16:28:00.000,I 16,I 16 and Mm 44,,Not a Collision with Motor Vehicle,1,Cloudy,Dry,Daylight
2020-10-17T03:09:00.000,I 16,I 16 and Mm 42,,Not a Collision with Motor Vehicle,1,Clear,Dry,Dark-Not Lighted
2022-08-21T14:49:00.000,I 16,I 16 and Mm 42,,Rear End,2,Cloudy,Dry,Daylight
2022-06-29T11:40:00.000,I 16,I 16 and Mm 40,,Sideswipe-Same Direction,2,Clear,Dry,Daylight
2022-06-27T07:35:00.000,I 16,I 16 and Mm 40,,Rear End,4,Cloudy,Dry,Daylight
2022-07-27T21:52:00.000,I 16,I 16 and Mm 39,,Rear End,2,Cloudy,Dry,Dark-Not Lighted
2023-03-28T13:44:00.000,I 16,I 16 and Mm 37,,Sideswipe-Same Direction,1,Rain,Wet,Daylight
2022-08-18T17:52:00.000,I 16,I 16 and Mm 37,,Not a Collision with Motor Vehicle,1,Rain,Wet,Daylight
2020-03-10T17:51:00.000,I 16,I 16 and Mm 36,,Rear End,2,Cloudy,Dry,Daylight
2024-07-26T04:52:00.000,I 16,I 16 and Mm 36,,Sideswipe-Same Direction,2,Clear,Dry,(None)
2024-06-10T00:38:00.000,I 16,I 16 and Mm 36,,(None),1,(None),(None),(None)
2022-04-04T23:33:00.000,I 16,I 16 and Mm 35.5,,Not a Collision with Motor Vehicle,1,Clear,Dry,Dark-Not Lighted
2022-08-10T14:44:00.000,I 16,I 16 and Mm 34,,Sideswipe-Same Direction,2,Clear,Dry,Daylight
2022-05-24T21:20:00.000,I 16,I 16 and Mm 33,,Not a Collision with Motor Vehicle,1,Clear,Wet,Daylight
2021-07-06T19:53:00.000,I 16,I 16 and Mm 315,,Not a Collision with Motor Vehicle,1,Rain,Wet,Dark-Not Lighted
2022-07-07T18:24:00.000,I 16,I 16 and Mm 31,,Not a Collision with Motor Vehicle,1,Rain,Wet,Daylight
2022-08-19T15:15:00.000,I 16,I 16 and Mm 30,,Not a Collision with Motor Vehicle,1,Rain,Wet,Daylight
2022-11-11T20:36:00.000,I 16,I 16 and Mm 29.5,,Not a Collision with Motor Vehicle,1,Rain,Wet,Dark-Not Lighted
2020-10-18T05:23:00.000,I 16,I 16 and Mm 29,,Not a Collision with Motor Vehicle,1,Clear,Dry,Dark-Not Lighted
2022-07-06T10:00:00.000,I 16,I 16 and Mm 29,,Not a Collision with Motor Vehicle,2,Clear,Dry,Daylight
2022-04-07T08:57:00.000,I 16,I 16 and Mm 29,,Not a Collision with Motor Vehicle,1,Cloudy,Wet,Daylight
2022-12-18T03:18:00.000,I 16,I 16 and Mm 28.5,,Not a Collision with Motor Vehicle,1,Clear,Dry,Dark-Not Lighted
2021-02-12T09:02:00.000,I 16,I 16 and Mm 28,,Rear End,2,Rain,Wet,Daylight
2020-04-09T07:19:00.000,I 16,I 16 and Mm 28,,Not a Collision with Motor Vehicle,1,Rain,Wet,Daylight
2024-08-03T19:05:00.000,I 16,I 16 and Mm 28,,Not a Collision with Motor Vehicle,1,Rain,Wet,Daylight
2021-02-21T16:50:00.000,I 16,I 16 and Mm 27,,Sideswipe-Same Direction,2,Clear,Dry,Daylight
2022-09-12T21:22:00.000,I 16,I 16 and Mm 27,,Rear End,1,Clear,Dry,Dark-Not Lighted
2022-05-26T22:30:00.000,I 16,I 16 and Mm 27,,Rear End,2,Cloudy,Wet,Dark-Not Lighted
2022-12-07T20:40:00.000,I 16,I 16 and Mm 27,,Rear End,2,Cloudy,Dry,Dark-Not Lighted
2022-11-26T18:38:00.000,I 16,I 16 and Mm 26,,Sideswipe-Same Direction,2,Cloudy,Wet,Dusk
2020-02-18T10:40:00.000,I 16,I 16 and Mm 245,,Not a Collision with Motor Vehicle,1,Rain,Wet,Daylight
2020-04-23T15:27:00.000,I 16,I 16 and Mm 245,,Not a Collision with Motor Vehicle,1,Rain,Wet,Daylight
2020-08-08T14:03:00.000,I 16,I 16 and Mm 245,,Not a Collision with Motor Vehicle,1,Rain,Wet,Daylight
2024-10-08T00:26:00.000,I 16,I 16 and Mm 24.5,,Not a Collision with Motor Vehicle,1,Clear,Dry,Dark-Not Lighted
2021-04-08T18:25:00.000,I 16,I 16 and Mm 24,,Not a Collision with Motor Vehicle,1,Clear,Dry,Dark-Not Lighted
2022-11-27T22:10:00.000,I 16,I 16 and Mm 24,,Not a Collision with Motor Vehicle,1,Cloudy,Dry,Dark-Not Lighted
2020-01-06T06:14:00.000,I 16,I 16 and Mm 23,,Not a Collision with Motor Vehicle,1,Clear,Dry,Dark-Lighted
2022-07-27T15:57:00.000,I 16,I 16 and Mm 23,,Not a Collision with Motor Vehicle,1,Cloudy,Dry,Daylight
2024-10-31T19:06:00.000,I 16,I 16 and Mm 22.5,,Not a Collision with Motor Vehicle,1,Clear,Dry,Dark-Not Lighted
2021-10-05T23:43:00.000,I 16,I 16 and Mm 22,,Not a Collision with Motor Vehicle,1,Rain,Wet,Dark-Not Lighted
2023-01-04T08:45:00.000,I 16,I 16 and Mm 21.5,,Sideswipe-Opposite Direction,1,Rain,Wet,Daylight
2023-03-25T18:56:00.000,I 16,I 16 and Mm 21,,Not a Collision with Motor Vehicle,1,Cloudy,Dry,Daylight
2020-04-22T06:18:00.000,I 16,I 16 and Mm 21,,Not a Collision with Motor Vehicle,1,Clear,Dry,Dark-Not Lighted
2022-06-10T22:34:00.000,I 16,I 16 and Mm 21,,Not a Collision with Motor Vehicle,1,Clear,Dry,Dark-Not Lighted
2023-05-12T17:29:00.000,I 16,I 16 and Mm 21,,Rear End,1,Rain,Wet,Daylight
2024-04-03T14:52:00.000,I 16,I 16 and Mm 21,,Not a Collision with Motor Vehicle,1,Clear,Dry,Daylight
2020-06-29T04:12:00.000,I 16,I 16 and Mm 205,,Not a Collision with Motor Vehicle,1,Clear,Dry,Dark-Not Lighted
2021-09-07T04:17:00.000,I 16,I 16 and Mm 205,,Sideswipe-Same Direction,2,Clear,Dry,Dark-Not Lighted
2023-11-06T08:03:00.000,I 16,I 16 and Mm 20.5,,Not a Collision with Motor Vehicle,1,Clear,Dry,Daylight
2023-12-14T05:39:00.000,I 16,I 16 and Mm 20,,(None),1,(None),(None),(None)
2022-06-23T06:49:00.000,I 16,I 16 and Mm 18.5,,Not a Collision with Motor Vehicle,1,Clear,Dry,Daylight
2021-08-14T16:03:00.000,I 16,I 16 and Mm 18,,Not a Collision with Motor Vehicle,1,Rain,Wet,Daylight
2021-06-13T20:37:00.000,I 16,I 16 and Mm 18,,Not a Collision with Motor Vehicle,1,Cloudy,Wet,Dark-Not Lighted
2024-08-16T10:59:00.000,I 16,I 16 and Mm 17.5,,Sideswipe-Same Direction,2,Clear,Dry,Daylight
2022-07-05T01:31:00.000,I 16,I 16 and Mm 17,,Not a Collision with Motor Vehicle,1,Cloudy,Wet,Dark-Not Lighted
2022-10-01T00:41:00.000,I 16,I 16 and Mm 166,,Angle Crash,2,Clear,Dry,Dark-Lighted
2023-10-27T23:30:00.000,I 16,I 16 and Mm 165,,Sideswipe-Same Direction,2,Clear,Dry,Dark-Lighted
2020-12-27T23:21:00.000,I 16,I 16 and Mm 165,,Sideswipe-Same Direction,2,Clear,Dry,Dark-Lighted
2020-11-23T15:27:00.000,I 16,I 16 and Mm 165,,Sideswipe-Same Direction,2,Clear,Dry,Daylight