Date and Time,Roadway (From Crash Report),Intersection Name (from Crash Report),KABCO Severity,Manner of Collision (Crash Level) ,# of Vehicles per crash ,Weather Conditions (Crash Level),Surface Condition (Crash Level) ,Light Conditions (Crash Level)
2022-10-01T00:40:00.000,I 16,I 16 and Mm 165,,Angle Crash,2,Clear,Dry,Dark-Lighted
2022-12-07T16:43:00.000,I 16,I 16 and Mm 165,,Rear End,2,Clear,Dry,Daylight
2024-09-22T02:19:00.000,I 16,I 16 and Mm 165,,Angle Crash,2,Clear,Dry,Dark-Lighted
2024-03-25T10:10:00.000,I 16,I 16 and Mm 165,,Sideswipe-Same Direction,2,Clear,Dry,Daylight
2023-10-13T03:00:00.000,I 16,I 16 and Mm 164B,,Not a Collision with Motor Vehicle,1,Cloudy,Dry,Dark-Lighted
2020-08-11T17:05:00.000,I 16,I 16 and Mm 164A,,Not a Collision with Motor Vehicle,1,Rain,Wet,Daylight
2024-04-23T09:26:00.000,I 16,I 16 and Mm 164A,,Rear End,2,Clear,Dry,Daylight
2021-02-23T07:46:00.000,I 16,I 16 and Mm 164,,Sideswipe-Same Direction,2,Clear,Dry,Daylight
2021-08-14T01:09:00.000,I 16,I 16 and Mm 164,,Not a Collision with Motor Vehicle,1,Clear,Dry,Dark-Not Lighted
2020-01-27T05:44:00.000,I 16,I 16 and Mm 164,,Not a Collision with Motor Vehicle,1,Rain,Wet,Dark-Lighted
2020-01-22T07:34:00.000,I 16,I 16 and Mm 164,,Rear End,2,Clear,Dry,Daylight
2020-03-05T06:09:00.000,I 16,I 16 and Mm 164,,Not a Collision with Motor Vehicle,2,Clear,Wet,Dawn
2020-02-14T17:40:00.000,I 16,I 16 and Mm 164,,Rear End,2,Clear,Dry,Daylight
2020-09-26T00:06:00.000,I 16,I 16 and Mm 164,,Not a Collision with Motor Vehicle,1,Rain,Wet,Dark-Lighted
2020-01-10T21:55:00.000,I 16,I 16 and Mm 164,,Not a Collision with Motor Vehicle,1,Other,Wet,Dark-Lighted
2024-09-16T13:58:00.000,I 16,I 16 and Mm 164,,Sideswipe-Same Direction,2,Clear,Dry,Daylight
2024-11-16T03:24:00.000,I 16,I 16 and Mm 164,,Not a Collision with Motor Vehicle,1,Clear,Dry,Dark-Lighted
2022-11-27T13:00:00.000,I 16,I 16 and Mm 163.5,,Not a Collision with Motor Vehicle,1,Rain,Wet,Daylight
2023-08-07T22:24:00.000,I 16,I 16 and Mm 163,,Sideswipe-Same Direction,2,Rain,Wet,Dark-Not Lighted
2021-07-14T20:11:00.000,I 16,I 16 and Mm 163,,Not a Collision with Motor Vehicle,1,Clear,Dry,Dark-Lighted
2021-11-28T17:10:00.000,I 16,I 16 and Mm 163,,Not a Collision with Motor Vehicle,1,Cloudy,Wet,Dusk
2021-07-23T01:45:00.000,I 16,I 16 and Mm 163,,Head On,2,Clear,Dry,Dark-Lighted
2021-07-24T21:27:00.000,I 16,I 16 and Mm 163,,Angle Crash,2,Clear,Dry,Dark-Not Lighted
2022-09-29T01:00:00.000,I 16,I 16 and Mm 163,,Not a Collision with Motor Vehicle,1,Cloudy,Dry,Dark-Not Lighted
2024-01-20T00:10:00.000,I 16,I 16 and Mm 163,,Rear End,2,Clear,Dry,Dark-Not Lighted
2023-10-16T22:04:00.000,I 16,I 16 and Mm 163,,Not a Collision with Motor Vehicle,1,Clear,Dry,Dark-Lighted
2023-08-07T22:14:00.000,I 16,I 16 and Mm 163,,Not a Collision with Motor Vehicle,1,Rain,Wet,Dark-Not Lighted
2024-09-21T17:00:00.000,I 16,I 16 and Mm 163,,Rear End,2,Clear,Dry,Daylight
2021-12-09T03:05:00.000,I 16,I 16 and Mm 162,,Head On,3,Clear,Dry,Dark-Not Lighted
2020-08-16T02:20:00.000,I 16,I 16 and Mm 162,,Rear End,2,Clear,Dry,Dark-Lighted
2020-01-09T17:37:00.000,I 16,I 16 and Mm 162,,Rear End,2,Clear,Dry,Daylight
2020-01-13T18:02:00.000,I 16,I 16 and Mm 162,,Rear End,2,Clear,Dry,Dark-Lighted
2020-07-13T17:11:00.000,I 16,I 16 and Mm 162,,Rear End,2,Clear,Dry,Daylight
2021-03-10T15:01:00.000,I 16,I 16 and Mm 162,,Not a Collision with Motor Vehicle,1,Clear,Dry,Daylight
2021-09-09T15:59:00.000,I 16,I 16 and Mm 162,,Rear End,2,Clear,Dry,Daylight
2022-05-10T10:30:00.000,I 16,I 16 and Mm 162,,Sideswipe-Same Direction,2,Clear,Dry,Daylight
2024-02-27T00:00:00.000,I 16,I 16 and Mm 162,,Rear End,2,Clear,Dry,Daylight
2024-06-24T03:59:00.000,I 16,I 16 and Mm 162,,Not a Collision with Motor Vehicle,1,Clear,Dry,Dark-Not Lighted
2021-06-16T17:13:00.000,I 16,I 16 and Mm 161,,Rear End,2,Clear,Dry,Daylight
2023-02-15T09:33:00.000,I 16,I 16 and Mm 161,,Rear End,2,Clear,Dry,Daylight
2020-01-08T09:03:00.000,I 16,I 16 and Mm 161,,Not a Collision with Motor Vehicle,1,Clear,Dry,Daylight
2020-12-11T07:26:00.000,I 16,I 16 and Mm 161,,Rear End,3,Clear,Dry,Daylight
2020-09-23T05:51:00.000,I 16,I 16 and Mm 161,,Not a Collision with Motor Vehicle,1,Clear,Dry,Dark-Lighted
2021-01-08T00:26:00.000,I 16,I 16 and Mm 160,,Not a Collision with Motor Vehicle,1,Cloudy,Wet,Dark-Not Lighted
2021-01-08T00:26:00.000,I 16,I 16 and Mm 160,,Sideswipe-Same Direction,2,Cloudy,Wet,Dark-Not Lighted
2020-02-08T23:32:00.000,I 16,I 16 and Mm 160,,Not a Collision with Motor Vehicle,1,Clear,Dry,Dark-Lighted
2020-01-27T17:04:00.000,I 16,I 16 and Mm 160,,Rear End,2,Clear,Dry,Daylight
2020-03-26T21:47:00.000,I 16,I 16 and Mm 160,,Sideswipe-Same Direction,2,Clear,Dry,Dark-Not Lighted
2020-10-25T03:16:00.000,I 16,I 16 and Mm 160,,Not a Collision with Motor Vehicle,1,Clear,Dry,Dark-Lighted
2020-03-03T07:42:00.000,I 16,I 16 and Mm 160,,Rear End,2,Cloudy,Dry,Daylight
2022-10-24T09:30:00.000,I 16,I 16 and Mm 160,,Sideswipe-Same Direction,2,Clear,Dry,Daylight
2023-10-18T15:20:00.000,I 16,I 16 and Mm 160,,Rear End,2,Clear,Dry,Daylight
2023-08-25T10:20:00.000,I 16,I 16 and Mm 160,,Rear End,3,Clear,Dry,Daylight
2024-03-10T01:32:00.000,I 16,I 16 and Mm 160,,Angle Crash,2,Cloudy,Dry,Dark-Not Lighted
2022-06-27T19:04:00.000,I 16,I 16 and Mm 16,,Not a Collision with Motor Vehicle,1,Rain,Wet,Daylight
2022-10-08T11:51:00.000,I 16,I 16 and Mm 159.5,,Rear End,2,Clear,Dry,Daylight
2021-01-18T18:33:00.000,I 16,I 16 and Mm 159,,Rear End,2,Clear,Dry,Dusk
2022-05-28T01:30:00.000,I 16,I 16 and Mm 159,,Rear End,2,Clear,Dry,Dark-Not Lighted
2022-03-21T07:19:00.000,I 16,I 16 and Mm 159,,Sideswipe-Same Direction,2,Clear,Dry,Daylight
2023-05-25T15:59:00.000,I 16,I 16 and Mm 158.5,,Rear End,3,Cloudy,Dry,Daylight
2022-12-20T02:08:00.000,I 16,I 16 and Mm 158.5,,Head On,1,Rain,Wet,Dark-Lighted
2022-08-18T07:58:00.000,I 16,I 16 and Mm 158.5,,Rear End,2,Clear,Wet,Daylight
2023-01-04T07:07:00.000,I 16,I 16 and Mm 158.5,,Rear End,2,Cloudy,Dry,Daylight
2024-05-17T16:37:00.000,I 16,I 16 and Mm 158.5,,Rear End,4,Cloudy,Dry,Daylight
2020-02-26T00:10:00.000,I 16,I 16 and Mm 158,,Rear End,2,Clear,Dry,Dark-Not Lighted
2020-09-18T11:32:00.000,I 16,I 16 and Mm 158,,Rear End,2,Cloudy,Dry,Daylight
2021-05-18T07:10:00.000,I 16,I 16 and Mm 158,,Rear End,2,Clear,Dry,Daylight
2021-08-10T06:45:00.000,I 16,I 16 and Mm 158,,Rear End,2,Clear,Dry,Daylight
2022-08-17T07:27:00.000,I 16,I 16 and Mm 158,,Rear End,7,Clear,Dry,Daylight
2022-10-17T07:21:00.000,I 16,I 16 and Mm 158,,Rear End,2,Clear,Dry,Daylight
2023-09-14T02:39:00.000,I 16,I 16 and Mm 158,,Sideswipe-Same Direction,2,Clear,Dry,Dark-Not Lighted
2024-08-18T16:38:00.000,I 16,I 16 and Mm 158,,Rear End,2,Clear,Dry,Daylight
2024-12-06T13:21:00.000,I 16,I 16 and Mm 158,,Not a Collision with Motor Vehicle,1,Clear,Dry,Daylight
2023-05-17T08:22:00.000,I 16,I 16 and Mm 157,,Rear End,3,Clear,Dry,Daylight
2023-10-25T07:03:00.000,I 16,I 16 and Mm 157,,Rear End,3,Clear,Dry,Daylight
2020-11-24T09:53:00.000,I 16,I 16 and Mm 157,,Not a Collision with Motor Vehicle,1,Clear,Dry,Daylight
2020-08-18T14:00:00.000,I 16,I 16 and Mm 157,,Not a Collision with Motor Vehicle,2,Clear,Dry,Daylight
2022-05-26T16:40:00.000,I 16,I 16 and Mm 157,,Sideswipe-Same Direction,2,Clear,Dry,Daylight
2022-09-15T08:08:00.000,I 16,I 16 and Mm 157,,Rear End,2,Cloudy,Dry,Daylight
2024-10-05T22:50:00.000,I 16,I 16 and Mm 157,,Head On,1,Clear,Dry,Dark-Not Lighted
2024-11-01T07:25:00.000,I 16,I 16 and Mm 157,,Rear End,2,Clear,Dry,Dawn
2024-08-14T21:30:00.000,I 16,I 16 and Mm 157,,Rear End,2,Clear,Dry,Dark-Not Lighted
2024-10-04T06:45:00.000,I 16,I 16 and Mm 157,,Rear End,2,Cloudy,Dry,Dawn
2020-03-06T07:32:00.000,I 16,I 16 and Mm 1565,,Rear End,2,Cloudy,Dry,Daylight
2022-08-26T07:10:00.000,I 16,I 16 and Mm 156.5,,Sideswipe-Same Direction,3,Clear,Dry,Dawn
2020-02-28T08:35:00.000,I 16,I 16 and Mm 156,,Rear End,4,Clear,Dry,Daylight
2022-10-07T11:28:00.000,I 16,I 16 and Mm 156,,Rear End,2,Clear,Dry,Daylight
2022-10-07T12:31:00.000,I 16,I 16 and Mm 156,,Sideswipe-Same Direction,2,Clear,Dry,Daylight
2024-08-12T08:05:00.000,I 16,I 16 and Mm 156,,Rear End,2,Clear,Dry,Daylight
2024-04-26T13:43:00.000,I 16,I 16 and Mm 156,,Not a Collision with Motor Vehicle,1,Clear,Dry,Daylight
2021-08-10T08:00:00.000,I 16,I 16 and Mm 155,,Sideswipe-Same Direction,2,Clear,Dry,Daylight
2020-01-26T15:59:00.000,I 16,I 16 and Mm 155,,Not a Collision with Motor Vehicle,1,Clear,Dry,Daylight
2020-09-29T11:02:00.000,I 16,I 16 and Mm 155,,Rear End,2,Clear,Dry,Daylight
2023-12-21T06:55:00.000,I 16,I 16 and Mm 155,,Sideswipe-Same Direction,2,Clear,Dry,Dawn
2023-07-08T12:20:00.000,I 16,I 16 and Mm 155,,Not a Collision with Motor Vehicle,1,Clear,Dry,Daylight
2020-07-30T03:50:00.000,I 16,I 16 and Mm 155,,Sideswipe-Same Direction,2,Clear,Wet,Dark-Lighted
2020-08-10T15:51:00.000,I 16,I 16 and Mm 155,,Rear End,3,Clear,Dry,Daylight
2022-04-08T12:24:00.000,I 16,I 16 and Mm 155,,Sideswipe-Opposite Direction,2,Clear,Dry,Daylight
2022-10-26T06:42:00.000,I 16,I 16 and Mm 155,,Rear End,2,Clear,Dry,Dark-Not Lighted
2024-05-03T17:32:00.000,I 16,I 16 and Mm 155,,Angle Crash,2,Clear,Dry,Daylight
2024-05-03T17:32:00.000,I 16,I 16 and Mm 155,,Rear End,2,Clear,Dry,Daylight
2022-10-19T00:15:00.000,I 16,I 16 and Mm 154.5,,Not a Collision with Motor Vehicle,1,Clear,Dry,Dark-Not Lighted
2020-07-25T19:41:00.000,I 16,I 16 and Mm 154,,Rear End,2,Clear,Dry,Daylight
2020-12-04T10:42:00.000,I 16,I 16 and Mm 154,,Rear End,2,Clear,Dry,Daylight
2022-05-17T18:57:00.000,I 16,I 16 and Mm 154,,Rear End,2,Clear,Dry,Dusk
2024-05-03T18:00:00.000,I 16,I 16 and Mm 154,,Rear End,4,Clear,Dry,Daylight
2023-08-14T15:00:00.000,I 16,I 16 and Mm 153,,Rear End,2,Clear,Dry,Daylight
2024-09-18T15:27:00.000,I 16,I 16 and Mm 153,,Not a Collision with Motor Vehicle,1,Rain,Wet,Dark-Lighted
2023-06-06T01:43:00.000,I 16,I 16 and Mm 152,,Not a Collision with Motor Vehicle,1,Clear,Dry,Dark-Not Lighted
2020-07-10T06:30:00.000,I 16,I 16 and Mm 152,,Not a Collision with Motor Vehicle,1,Clear,Dry,Dark-Not Lighted
2021-12-21T20:06:00.000,I 16,I 16 and Mm 152,,Rear End,2,Rain,Wet,Dark-Not Lighted
2022-05-26T15:08:00.000,I 16,I 16 and Mm 152,,Sideswipe-Same Direction,2,Clear,Dry,Daylight
2022-01-20T23:55:00.000,I 16,I 16 and Mm 152,,Rear End,2,Rain,Wet,Dark-Not Lighted
2023-07-26T21:19:00.000,I 16,I 16 and Mm 152,,Not a Collision with Motor Vehicle,1,Clear,Dry,Dark-Not Lighted
2024-07-20T23:44:00.000,I 16,I 16 and Mm 152,,Not a Collision with Motor Vehicle,1,Rain,Wet,Dark-Not Lighted
2024-01-29T07:40:00.000,I 16,I 16 and Mm 152,,Rear End,2,Clear,Dry,Daylight
2020-09-18T18:44:00.000,I 16,I 16 and Mm 151,,Not a Collision with Motor Vehicle,1,Rain,Wet,Daylight
2023-05-21T19:49:00.000,I 16,I 16 and Mm 151,,Rear End,2,Cloudy,Wet,Daylight
2024-03-22T18:13:00.000,I 16,I 16 and Mm 151,,Rear End,2,Rain,Wet,Daylight
2022-09-21T17:07:00.000,I 16,I 16 and Mm 150.5,,Rear End,2,Clear,Dry,Daylight
2020-06-02T12:40:00.000,I 16,I 16 and Mm 150,,Angle Crash,3,Clear,Dry,Daylight
2022-10-13T07:27:00.000,I 16,I 16 and Mm 150,,Rear End,2,Clear,Dry,Daylight
2022-01-19T23:09:00.000,I 16,I 16 and Mm 150,,Not a Collision with Motor Vehicle,1,Clear,Dry,Dark-Not Lighted
2023-01-15T07:47:00.000,I 16,I 16 and Mm 150,,Sideswipe-Same Direction,2,Clear,Dry,Daylight
2024-07-09T18:45:00.000,I 16,I 16 and Mm 150,,Not a Collision with Motor Vehicle,1,Clear,Dry,Daylight
2020-03-05T11:34:00.000,I 16,I 16 and Mm 149,,Not a Collision with Motor Vehicle,1,Rain,Wet,Daylight
2020-07-02T07:20:00.000,I 16,I 16 and Mm 149,,Angle Crash,3,Clear,Dry,Daylight
2022-10-13T17:09:00.000,I 16,I 16 and Mm 149,,Rear End,2,Clear,Dry,Daylight
2023-08-03T18:40:00.000,I 16,I 16 and Mm 149,,Rear End,2,Clear,Dry,Daylight
2023-05-21T17:55:00.000,I 16,I 16 and Mm 148.5,,Not a Collision with Motor Vehicle,1,Rain,Wet,Daylight
2020-08-05T02:35:00.000,I 16,I 16 and Mm 148,,Angle Crash,4,Cloudy,Dry,Dark-Not Lighted
2020-03-25T10:18:00.000,I 16,I 16 and Mm 148,,Not a Collision with Motor Vehicle,2,Clear,Dry,Daylight
2020-08-07T16:10:00.000,I 16,I 16 and Mm 148,,Not a Collision with Motor Vehicle,1,Rain,Wet,Daylight
2020-05-30T04:35:00.000,I 16,I 16 and Mm 148,,Not a Collision with Motor Vehicle,1,Cloudy,Dry,Dark-Not Lighted
2020-08-07T16:00:00.000,I 16,I 16 and Mm 148,,Rear End,2,Rain,Wet,Daylight
2021-07-10T06:50:00.000,I 16,I 16 and Mm 148,,Not a Collision with Motor Vehicle,1,Clear,Dry,Daylight
2024-07-18T07:21:00.000,I 16,I 16 and Mm 148,,Rear End,2,Clear,Dry,Daylight
2024-03-09T08:00:00.000,I 16,I 16 and Mm 148,,Not a Collision with Motor Vehicle,1,Rain,Wet,Daylight
2022-08-28T04:25:00.000,I 16,I 16 and Mm 147.5,,Sideswipe-Same Direction,2,Clear,Dry,Dark-Not Lighted
2022-10-13T17:15:00.000,I 16,I 16 and Mm 147.5,,Sideswipe-Same Direction,2,Clear,Dry,Daylight
2022-04-08T10:52:00.000,I 16,I 16 and Mm 147.5,,Not a Collision with Motor Vehicle,1,Clear,Dry,Daylight
2024-01-24T14:15:00.000,I 16,I 16 and Mm 147.5,,Rear End,5,Rain,Wet,Daylight
2023-06-20T21:29:00.000,I 16,I 16 and Mm 147,,Angle Crash,2,Rain,Wet,Dark-Not Lighted
2023-07-10T06:05:00.000,I 16,I 16 and Mm 147,,Sideswipe-Same Direction,2,Clear,Dry,Daylight
2022-12-28T07:33:00.000,I 16,I 16 and Mm 147,,Not a Collision with Motor Vehicle,1,Clear,Dry,Daylight
2020-11-10T22:59:00.000,I 16,I 16 and Mm 147,,Sideswipe-Same Direction,2,Rain,Wet,Dark-Not Lighted
2022-12-10T14:00:00.000,I 16,I 16 and Mm 147,,Not a Collision with Motor Vehicle,1,Cloudy,Wet,Daylight
2022-11-10T21:30:00.000,I 16,I 16 and Mm 147,,Angle Crash,2,Rain,Wet,Dark-Not Lighted
2020-10-29T12:30:00.000,I 16,I 16 and Mm 1465,,Rear End,2,Rain,Wet,Daylight
2020-10-29T12:30:00.000,I 16,I 16 and Mm 1465,,Not a Collision with Motor Vehicle,1,Rain,Wet,Daylight
2022-03-17T14:50:00.000,I 16,I 16 and Mm 146.5,,Sideswipe-Same Direction,2,Clear,Dry,Daylight
2022-06-17T21:45:00.000,I 16,I 16 and Mm 146.5,,Not a Collision with Motor Vehicle,1,Rain,Wet,Dark-Not Lighted
2020-10-25T17:05:00.000,I 16,I 16 and Mm 146,,Rear End,2,Clear,Dry,Daylight
2021-10-29T15:36:00.000,I 16,I 16 and Mm 146,,Rear End,2,Clear,Dry,Daylight
2023-05-31T17:05:00.000,I 16,I 16 and Mm 145.5,,Not a Collision with Motor Vehicle,2,Cloudy,Dry,Daylight
2024-11-15T07:30:00.000,I 16,I 16 and Mm 145,,Angle Crash,3,Cloudy,Dry,Daylight
2020-08-18T07:33:00.000,I 16,I 16 and Mm 1445,,Rear End,2,Clear,Dry,Daylight
2021-06-04T20:00:00.000,I 16,I 16 and Mm 144 I16,,(None),1,(None),(None),(None)
2021-06-04T20:00:00.000,I 16,I 16 and Mm 144 I16,,Rear End,1,Clear,Dry,Dusk
2020-07-17T08:09:00.000,I 16,I 16 and Mm 144,,Rear End,2,Clear,Dry,Daylight
2020-12-17T06:57:00.000,I 16,I 16 and Mm 1435,,Rear End,2,Cloudy,Dry,Daylight
2020-01-11T08:30:00.000,I 16,I 16 and Mm 143,,Not a Collision with Motor Vehicle,1,Cloudy,Wet,Daylight
2022-06-29T09:19:00.000,I 16,I 16 and Mm 143,,Not a Collision with Motor Vehicle,1,Clear,Dry,Daylight
2024-12-25T19:13:00.000,I 16,I 16 and Mm 143,,Angle Crash,2,Clear,Dry,Dark-Not Lighted
2024-12-25T19:13:00.000,I 16,I 16 and Mm 143,,Angle Crash,2,Clear,Dry,Dark-Not Lighted
2021-04-16T14:59:00.000,I 16,I 16 and Mm 1425,,Not a Collision with Motor Vehicle,2,Clear,Dry,Daylight
2020-09-07T11:45:00.000,I 16,I 16 and Mm 142,,Rear End,3,Clear,Dry,Daylight
2020-11-07T05:50:00.000,I 16,I 16 and Mm 142,,Rear End,3,Rain,Wet,Dark-Not Lighted
2020-11-07T05:50:00.000,I 16,I 16 and Mm 142,,Rear End,2,Rain,Wet,Dark-Not Lighted
2020-11-07T05:50:00.000,I 16,I 16 and Mm 142,,Angle Crash,4,Rain,Wet,Dark-Not Lighted
2020-11-10T11:13:00.000,I 16,I 16 and Mm 142,,Not a Collision with Motor Vehicle,1,Cloudy,Wet,Daylight
2024-06-28T14:49:00.000,I 16,I 16 and Mm 142,,Rear End,3,Cloudy,Wet,Daylight
2023-03-16T17:22:00.000,I 16,I 16 and Mm 141,,Rear End,2,Clear,Dry,Daylight
2021-04-19T11:53:00.000,I 16,I 16 and Mm 141,,Sideswipe-Same Direction,1,Clear,Dry,Daylight
2021-04-19T11:21:00.000,I 16,I 16 and Mm 141,,Rear End,2,Clear,Dry,Daylight
2024-09-26T09:15:00.000,I 16,I 16 and Mm 141,,Not a Collision with Motor Vehicle,1,Rain,Wet,Daylight
2023-03-16T15:56:00.000,I 16,I 16 and Mm 141,,Rear End,2,Clear,Dry,Daylight
2024-07-23T04:58:00.000,I 16,I 16 and Mm 141,,Sideswipe-Same Direction,4,Clear,Dry,Dark-Not Lighted
2022-03-02T14:58:00.000,I 16,I 16 and Mm 140,,Not a Collision with Motor Vehicle,1,Clear,Dry,Daylight
2024-02-05T06:50:00.000,I 16,I 16 and Mm 140,,Rear End,3,Clear,Wet,Dark-Not Lighted
2022-03-16T14:00:00.000,I 16,I 16 and Mm 139,,Angle Crash,2,Rain,Wet,Daylight
2023-08-30T07:46:00.000,I 16,I 16 and Mm 139,,Not a Collision with Motor Vehicle,1,Rain,Wet,Daylight
2024-02-10T12:00:00.000,I 16,I 16 and Mm 139,,Sideswipe-Same Direction,4,Clear,Dry,Daylight
2020-09-07T07:12:00.000,I 16,I 16 and Mm 138,,Rear End,2,Clear,Dry,Daylight
2021-08-01T20:00:00.000,I 16,I 16 and Mm 137,,Not a Collision with Motor Vehicle,1,Rain,Wet,Dusk
2023-07-19T15:26:00.000,I 16,I 16 and Mm 137,,Rear End,3,Clear,Dry,Daylight
2024-05-31T15:47:00.000,I 16,I 16 and Mm 137,,Angle Crash,2,Clear,Dry,Daylight
2024-05-31T17:12:00.000,I 16,I 16 and Mm 137,,Rear End,2,Clear,Dry,Daylight
2024-05-31T16:48:00.000,I 16,I 16 and Mm 137,,Not a Collision with Motor Vehicle,1,Clear,Dry,Daylight
2024-07-20T16:45:00.000,I 16,I 16 and Mm 137,,Not a Collision with Motor Vehicle,2,Clear,Dry,Daylight
2024-03-14T22:30:00.000,I 16,I 16 and Mm 137,,Not a Collision with Motor Vehicle,2,Clear,Dry,Dark-Not Lighted
2023-09-04T14:55:00.000,I 16,I 16 and Mm 136,,Rear End,2,Clear,Dry,Daylight
2023-11-05T21:39:00.000,I 16,I 16 and Mm 136,,Not a Collision with Motor Vehicle,1,Clear,Dry,Dark-Not Lighted
2024-10-30T06:16:00.000,I 16,I 16 and Mm 136,,Angle Crash,2,Clear,Dry,Dark-Not Lighted
2024-10-18T06:50:00.000,I 16,I 16 and Mm 136,,Sideswipe-Same Direction,2,Clear,Dry,Dark-Not Lighted
2021-09-23T23:18:00.000,I 16,I 16 and Mm 135,,Not a Collision with Motor Vehicle,1,Clear,Dry,Dawn
2024-09-28T08:30:00.000,I 16,I 16 and Mm 135,,Angle Crash,2,Clear,Dry,Daylight
2023-04-22T22:35:00.000,I 16,I 16 and Mm 134,,Angle Crash,1,Clear,Dry,Dark-Not Lighted
2023-09-15T14:50:00.000,I 16,I 16 and Mm 134,,Rear End,2,Clear,Dry,Daylight
2021-03-14T11:41:00.000,I 16,I 16 and Mm 1335,,Sideswipe-Same Direction,2,Clear,Dry,Daylight
2021-03-14T11:42:00.000,I 16,I 16 and Mm 1335,,Sideswipe-Same Direction,2,Clear,Dry,Daylight
2021-03-14T11:43:00.000,I 16,I 16 and Mm 133,,Sideswipe-Same Direction,2,Clear,Dry,Daylight
2023-04-06T17:40:00.000,I 16,I 16 and Mm 133,,Sideswipe-Same Direction,2,Clear,Dry,Daylight
2020-01-24T19:52:00.000,I 16,I 16 and Mm 133,,Not a Collision with Motor Vehicle,1,Rain,Wet,Dark-Not Lighted
2021-03-14T11:33:00.000,I 16,I 16 and Mm 133,,Sideswipe-Same Direction,2,Clear,Dry,Daylight
2024-03-07T18:35:00.000,I 16,I 16 and Mm 133,,Sideswipe-Same Direction,1,Clear,Dry,Dusk
2024-05-10T08:15:00.000,I 16,I 16 and Mm 133,,Not a Collision with Motor Vehicle,1,Rain,Wet,Daylight
2024-03-13T17:55:00.000,I 16,I 16 and Mm 132.5,,Not a Collision with Motor Vehicle,1,Clear,Dry,Daylight
2023-11-23T18:50:00.000,I 16,I 16 and Mm 132 Exit,,Not a Collision with Motor Vehicle,1,Clear,Dry,Dark-Not Lighted
2023-09-30T04:50:00.000,I 16,I 16 and Mm 132,,Not a Collision with Motor Vehicle,1,Cloudy,Dry,Dark-Not Lighted
2020-05-29T13:24:00.000,I 16,I 16 and Mm 132,,Angle Crash,1,Cloudy,Dry,Daylight
2023-06-17T17:51:00.000,I 16,I 16 and Mm 131,,Not a Collision with Motor Vehicle,1,Cloudy,Wet,Daylight
2024-06-21T13:06:00.000,I 16,I 16 and Mm 131,,Not a Collision with Motor Vehicle,1,Clear,Dry,Daylight
2020-01-11T20:03:00.000,I 16,I 16 and Mm 13,,Not a Collision with Motor Vehicle,1,Rain,Wet,Dark-Not Lighted
2023-08-16T14:48:00.000,I 16,I 16 and Mm 129,,Not a Collision with Motor Vehicle,2,Clear,Dry,Daylight
2024-11-09T11:55:00.000,I 16,I 16 and Mm 129,,Rear End,2,Clear,Dry,Daylight
2024-05-18T03:19:00.000,I 16,I 16 and Mm 128,,Not a Collision with Motor Vehicle,1,Clear,Dry,Dark-Not Lighted
2023-04-11T10:12:00.000,I 16,I 16 and Mm 127.5,,Angle Crash,2,Clear,Dry,Daylight
2023-10-03T02:16:00.000,I 16,I 16 and Mm 127,,Not a Collision with Motor Vehicle,1,Clear,Dry,Dark-Not Lighted
2023-04-08T16:00:00.000,I 16,I 16 and Mm 127,,Sideswipe-Same Direction,2,Rain,Wet,Daylight
2023-05-17T10:12:00.000,I 16,I 16 and Mm 127,,Not a Collision with Motor Vehicle,1,Clear,Dry,Daylight
2024-02-27T03:15:00.000,I 16,I 16 and Mm 127,,Sideswipe-Same Direction,3,Clear,Dry,Dark-Lighted
2024-08-15T12:11:00.000,I 16,I 16 and Mm 127,,Sideswipe-Same Direction,2,Clear,Dry,Daylight
2024-08-08T12:52:00.000,I 16,I 16 and Mm 127,,Sideswipe-Same Direction,2,Clear,Dry,Daylight
2020-09-03T00:42:00.000,I 16,I 16 and Mm 126,,Not a Collision with Motor Vehicle,1,Clear,Dry,Dark-Not Lighted
2023-09-22T22:37:00.000,I 16,I 16 and Mm 126,,Angle Crash,1,Clear,Dry,Dark-Not Lighted
2024-03-22T15:23:00.000,I 16,I 16 and Mm 126,,Rear End,2,Rain,Wet,Daylight
2020-04-13T07:14:00.000,I 16,I 16 and Mm 1255,,Sideswipe-Same Direction,1,Rain,Wet,Dark-Not Lighted
2022-01-22T19:30:00.000,I 16,I 16 and Mm 125.5,,Not a Collision with Motor Vehicle,1,Clear,Dry,Dark-Not Lighted
2023-05-24T23:53:00.000,I 16,I 16 and Mm 124,,Not a Collision with Motor Vehicle,1,Clear,Dry,Dark-Not Lighted
2020-05-04T09:26:00.000,I 16,I 16 and Mm 124,,Not a Collision with Motor Vehicle,1,Clear,Dry,Daylight
2022-05-13T18:10:00.000,I 16,I 16 and Mm 124,,Not a Collision with Motor Vehicle,1,Rain,Wet,Dark-Not Lighted
2020-01-15T23:43:00.000,I 16,I 16 and Mm 123,,Not a Collision with Motor Vehicle,1,Clear,Dry,Dark-Not Lighted
2021-08-22T17:48:00.000,I 16,I 16 and Mm 123,,Not a Collision with Motor Vehicle,1,Cloudy,Wet,Daylight
2024-05-06T23:00:00.000,I 16,I 16 and Mm 123,,Not a Collision with Motor Vehicle,1,Rain,Dry,Dark-Not Lighted
2023-05-03T05:10:00.000,I 16,I 16 and Mm 121,,Sideswipe-Same Direction,2,Clear,Dry,Dark-Not Lighted
2024-05-30T15:11:00.000,I 16,I 16 and Mm 121,,Not a Collision with Motor Vehicle,2,Clear,Dry,Daylight