Date and Time,Roadway (From Crash Report),Intersection Name (from Crash Report),KABCO Severity,Manner of Collision (Crash Level) ,# of Vehicles per crash ,Weather Conditions (Crash Level),Surface Condition (Crash Level) ,Light Conditions (Crash Level)
2023-07-31T06:12:00.000,I 16,I 16 and Mm 120,,Sideswipe-Same Direction,2,Clear,Dry,Dark-Not Lighted
2020-04-19T17:14:00.000,I 16,I 16 and Mm 12,,Not a Collision with Motor Vehicle,1,Rain,Wet,Daylight
2021-10-03T18:52:00.000,I 16,I 16 and Mm 12,,Not a Collision with Motor Vehicle,1,Rain,Wet,Dark-Lighted
2024-05-22T05:59:00.000,I 16,I 16 and Mm 12,,Sideswipe-Same Direction,2,Clear,Dry,Dark-Not Lighted
2023-06-12T16:13:00.000,I 16,I 16 and Mm 117,,Sideswipe-Same Direction,2,Clear,Dry,Daylight
2024-05-19T16:18:00.000,I 16,I 16 and Mm 116,,Angle Crash,2,Rain,Wet,Daylight
2020-09-29T16:20:00.000,I 16,I 16 and Mm 1145,,Not a Collision with Motor Vehicle,1,Rain,Wet,Daylight
2022-04-09T06:10:00.000,I 16,I 16 and Mm 114,,Not a Collision with Motor Vehicle,1,Clear,Dry,Daylight
2020-03-12T00:00:00.000,I 16,I 16 and Mm 114,,Sideswipe-Same Direction,1,Clear,Dry,Daylight
2023-12-14T05:18:00.000,I 16,I 16 and Mm 114,,Not a Collision with Motor Vehicle,2,Clear,Dry,Dark-Not Lighted
2024-03-06T02:50:00.000,I 16,I 16 and Mm 113,,Not a Collision with Motor Vehicle,1,Rain,Wet,Dark-Not Lighted
2021-04-18T12:39:00.000,I 16,I 16 and Mm 1125,,Sideswipe-Same Direction,2,Clear,Dry,Daylight
2024-10-03T14:17:00.000,I 16,I 16 and Mm 11.5,,Sideswipe-Same Direction,2,Clear,Dry,Daylight
2020-08-28T17:15:00.000,I 16,I 16 and Mm 108,,Rear End,2,Clear,Dry,Daylight
2020-07-18T19:29:00.000,I 16,I 16 and Mm 106,,Sideswipe-Same Direction,2,Clear,Dry,Daylight
2024-11-25T10:31:00.000,I 16,I 16 and Mm 106,,Not a Collision with Motor Vehicle,1,Clear,Dry,Daylight
2021-05-07T08:17:00.000,I 16,I 16 and Mm 105,,Not a Collision with Motor Vehicle,2,Clear,Dry,Daylight
2023-11-02T10:00:00.000,I 16,I 16 and Mm 104,,Sideswipe-Same Direction,1,Clear,Dry,Daylight
2021-09-28T12:52:00.000,I 16,I 16 and Mm 104,,Sideswipe-Same Direction,2,Clear,Dry,Daylight
2023-07-10T12:52:00.000,I 16,I 16 and Mm 103,,Sideswipe-Same Direction,2,Cloudy,Dry,Daylight
2020-10-22T13:00:00.000,I 16,I 16 and Mm 102,,Rear End,2,Clear,Dry,Daylight
2023-04-07T14:55:00.000,I 16,I 16 and Mm 102,,Angle Crash,1,Clear,Dry,Daylight
2024-06-17T16:50:00.000,I 16,I 16 and Mm 102,,Rear End,3,Clear,Dry,Daylight
2020-11-20T06:04:00.000,I 16,I 16 and Mm 10,,Sideswipe-Same Direction,2,Clear,Dry,Dark-Not Lighted
2022-09-05T03:09:00.000,I 16,I 16 and Mm 10,,Not a Collision with Motor Vehicle,1,Rain,Wet,Dark-Not Lighted
2023-03-23T02:30:00.000,I 16,I 16 and Mm 10,,Sideswipe-Same Direction,2,Clear,Dry,Dark-Not Lighted
2023-12-17T17:15:00.000,I 16,I 16 and Mlk Jr Blvd Exit 2,,Angle Crash,2,Clear,Dry,Daylight
2024-04-24T07:15:00.000,I 16,I 16 and Mlk Jr Blvd 1-16 Entrance Rp,,Rear End,2,Clear,Dry,Daylight
2020-07-26T05:33:00.000,I 16,I 16 and Mlk Jr Blvd,,Not a Collision with Motor Vehicle,1,Clear,Dry,Dark-Lighted
2023-06-28T18:11:00.000,I 16,I 16 and Mlk Exit Rp,,Rear End,2,Clear,Dry,Daylight
2024-02-06T18:26:00.000,I 16,I 16 and Mlk Exit Rp,,Not a Collision with Motor Vehicle,1,Clear,Dry,Dark-Not Lighted
2022-12-15T00:00:00.000,I 16,I 16 and Mlk Blvd Exit 2,,Not a Collision with Motor Vehicle,1,Rain,Wet,Dark-Not Lighted
2023-10-01T02:15:00.000,I 16,I 16 and Mlk Blvd,,Angle Crash,2,Clear,Dry,Dark-Lighted
2022-02-03T16:00:00.000,I 16,I 16 and Mlk Blvd,,Rear End,2,Clear,Dry,Daylight
2022-12-08T18:54:00.000,I 16,I 16 and Mlk Blvd,,Rear End,2,Clear,Dry,Dark-Not Lighted
2024-05-07T16:37:00.000,I 16,I 16 and Mlk Blvd,,Sideswipe-Same Direction,2,Clear,Dry,Daylight
2023-12-08T10:23:00.000,I 16,I 16 and Minter Tweed Rd,,Angle Crash,2,Cloudy,Dry,Daylight
2023-12-08T10:23:00.000,I 16,I 16 and Minter Tweed Rd,,Head On,2,Cloudy,Dry,Daylight
2023-10-22T03:49:00.000,I 16,I 16 and Minter Tweed Rd,,(None),1,(None),(None),(None)
2023-09-17T04:42:00.000,I 16,I 16 and Minter Tweed Rd,,Not a Collision with Motor Vehicle,1,Clear,Dry,Dark-Not Lighted
2022-11-09T10:14:00.000,I 16,I 16 and Minter Tweed Rd,,Sideswipe-Same Direction,2,Clear,Dry,Daylight
2020-02-14T15:23:00.000,I 16,I 16 and Minter Tweed Rd,,Angle Crash,2,Clear,Dry,Daylight
2020-11-08T19:55:00.000,I 16,I 16 and Minter Tweed Rd,,Not a Collision with Motor Vehicle,1,Clear,Dry,Dark-Not Lighted
2022-10-21T08:42:00.000,I 16,I 16 and Minter Tweed Rd,,Angle Crash,3,Clear,Dry,Daylight
2022-04-21T12:02:00.000,I 16,I 16 and Minter Tweed Rd,,Sideswipe-Same Direction,2,Clear,Dry,Daylight
2024-06-28T17:45:00.000,I 16,I 16 and Minter Tweed Rd,,Angle Crash,2,Rain,Wet,Daylight
2024-06-28T18:03:00.000,I 16,I 16 and Minter Tweed Rd,,Not a Collision with Motor Vehicle,1,Rain,Wet,Daylight
2024-08-03T19:23:00.000,I 16,I 16 and Minter Tweed Rd,,Not a Collision with Motor Vehicle,1,Rain,Wet,Daylight
2024-07-10T08:09:00.000,I 16,I 16 and Minter Tweed Rd,,Not a Collision with Motor Vehicle,1,Cloudy,Dry,Daylight
2024-11-05T13:39:00.000,I 16,I 16 and Minter Tweed Rd,,Not a Collision with Motor Vehicle,2,Cloudy,Dry,Daylight
2024-11-29T15:00:00.000,I 16,I 16 and Minter Tweed Rd,,Not a Collision with Motor Vehicle,1,Cloudy,Dry,Daylight
2024-06-28T17:44:00.000,I 16,I 16 and Minter Tweed Rd,,Not a Collision with Motor Vehicle,1,Rain,Wet,Daylight
2024-11-06T22:14:00.000,I 16,I 16 and Minter Tweed,,(None),1,(None),(None),(None)
2020-08-31T16:20:00.000,I 16,I 16 and Minter Springs Rd,,Angle Crash,1,Rain,Wet,Daylight
2021-04-11T01:49:00.000,I 16,I 16 and Minter Blue Springs Rd,,Not a Collision with Motor Vehicle,1,Clear,Dry,Dark-Not Lighted
2024-08-14T21:10:00.000,I 16,I 16 and Minter Blue Springs Rd,,Sideswipe-Same Direction,2,Clear,Dry,Dark-Not Lighted
2020-07-05T17:14:00.000,I 16,I 16 and Minter Blue Springs Church Roa,,Not a Collision with Motor Vehicle,1,Rain,Wet,Daylight
2024-06-18T09:27:00.000,I 16,I 16 and Minter Blue Spring Rd,,Angle Crash,2,Clear,Dry,Daylight
2020-06-21T04:42:00.000,I 16,I 16 and Minter Blue Church Rd,,Angle Crash,2,Clear,Dry,Dark-Lighted
2023-09-05T15:00:00.000,I 16,I 16 and Milermarker 151,,Not a Collision with Motor Vehicle,1,Clear,Dry,Daylight
2020-06-14T14:33:00.000,I 16,I 16 and Milepost 99,,Sideswipe-Same Direction,2,Clear,Dry,Daylight
2020-11-26T16:12:00.000,I 16,I 16 and Milepost 98,,Rear End,3,Clear,Dry,Daylight
2022-07-02T20:46:00.000,I 16,I 16 and Milepost 28.5,,Not a Collision with Motor Vehicle,1,Rain,Wet,Dark-Not Lighted
2024-10-24T20:50:00.000,I 16,I 16 and Milepost 25.5,,Not a Collision with Motor Vehicle,1,Clear,Dry,Dark-Not Lighted
2023-02-22T07:28:00.000,I 16,I 16 and Milepost 23,,Not a Collision with Motor Vehicle,1,Clear,Dry,Daylight
2022-10-19T09:50:00.000,I 16,I 16 and Milepost 2,,Rear End,4,Clear,Dry,Daylight
2022-11-25T12:39:00.000,I 16,I 16 and Milepost 18,,Sideswipe-Same Direction,2,Rain,Wet,Daylight
2022-07-02T18:48:00.000,I 16,I 16 and Milepost 17,,Sideswipe-Same Direction,2,Rain,Wet,Dawn
2021-06-07T14:59:00.000,I 16,I 16 and Milepost 136,,Not a Collision with Motor Vehicle,1,Rain,Wet,Daylight
2021-08-22T16:43:00.000,I 16,I 16 and Milepost 131,,Rear End,2,Cloudy,Wet,Daylight
2021-04-22T18:29:00.000,I 16,I 16 and Milepost 127,,Sideswipe-Same Direction,2,Clear,Dry,Daylight
2023-02-20T01:33:00.000,I 16,I 16 and Milepost 12,,Not a Collision with Motor Vehicle,2,Clear,Dry,Dark-Not Lighted
2023-05-12T23:36:00.000,I 16,I 16 and Milepost 12,,Not a Collision with Motor Vehicle,1,Rain,Wet,Dark-Not Lighted
2021-05-29T11:13:00.000,I 16,I 16 and Milepost 117,,Sideswipe-Same Direction,2,Clear,Dry,Daylight
2020-11-18T15:22:00.000,I 16,I 16 and Milepost 115,,Not a Collision with Motor Vehicle,2,Clear,Dry,Daylight
2020-11-18T15:22:00.000,I 16,I 16 and Milepost 115,,Not a Collision with Motor Vehicle,2,Clear,Dry,Daylight
2021-09-16T12:26:00.000,I 16,I 16 and Milepost 110,,Not a Collision with Motor Vehicle,1,Rain,Wet,Daylight
2022-07-28T00:00:00.000,I 16,I 16 and Milepost 11.5,,Not a Collision with Motor Vehicle,2,Clear,Dry,Dark-Not Lighted
2023-06-22T19:31:00.000,I 16,I 16 and Milepost 11,,Not a Collision with Motor Vehicle,1,Rain,Wet,Dawn
2021-03-11T15:51:00.000,I 16,I 16 and Milepost 101,,Not a Collision with Motor Vehicle,1,Clear,Dry,Daylight
2023-06-11T05:23:00.000,I 16,I 16 and Milepost 10,,Sideswipe-Same Direction,2,Clear,Dry,Dark-Not Lighted
2023-05-16T11:17:00.000,I 16,I 16 and Milepost 10,,Sideswipe-Same Direction,2,Clear,Dry,Daylight
2020-07-10T16:58:00.000,I 16,I 16 and Milepost 1,,Rear End,2,Cloudy,Dry,Daylight
2023-01-04T16:50:00.000,I 16,I 16 and Milemarker 65,,Rear End,2,Cloudy,Dry,Daylight
2020-10-12T13:15:00.000,I 16,I 16 and Milemarker 63,,Angle Crash,2,Clear,Dry,Daylight
2024-01-29T07:50:00.000,I 16,I 16 and Milemarker 152,,Rear End,2,Clear,Dry,Daylight
2023-12-13T18:10:00.000,I 16,I 16 and Milemarker 138,,Sideswipe-Same Direction,2,Cloudy,Dry,Dark-Not Lighted
2023-12-05T06:58:00.000,I 16,I 16 and Milemarker 137,,Rear End,2,Cloudy,Dry,Dawn
2023-09-17T14:57:00.000,I 16,I 16 and Milemarker 137,,Not a Collision with Motor Vehicle,1,Rain,Wet,Daylight
2024-04-11T16:37:00.000,I 16,I 16 and Milemarker 136.5,,Rear End,2,Clear,Dry,Daylight
2024-01-07T13:09:00.000,I 16,I 16 and Milemarker 136,,Sideswipe-Same Direction,2,Cloudy,Dry,Daylight
2023-05-23T14:40:00.000,I 16,I 16 and Milemarker 135.5,,Not a Collision with Motor Vehicle,1,Clear,Dry,Daylight
2023-10-06T12:28:00.000,I 16,I 16 and Milemarker 134.5,,Not a Collision with Motor Vehicle,2,Cloudy,Dry,Daylight
2023-09-14T20:38:00.000,I 16,I 16 and Milemarker 132.5,,Not a Collision with Motor Vehicle,1,Rain,Wet,Dark-Not Lighted
2022-11-18T16:19:00.000,I 16,I 16 and Milemarker 132,,Angle Crash,2,Clear,Dry,Daylight
2023-08-18T21:53:00.000,I 16,I 16 and Milemarker 131.5,,Not a Collision with Motor Vehicle,1,Cloudy,Dry,Dark-Not Lighted
2023-10-10T23:34:00.000,I 16,I 16 and Milemarker 131.5,,Not a Collision with Motor Vehicle,1,Cloudy,Dry,Dark-Not Lighted
2023-03-29T16:45:00.000,I 16,I 16 and Milemarker 130,,Rear End,2,Cloudy,Dry,Daylight
2023-12-24T18:33:00.000,I 16,I 16 and Milemarker 127.5,,Not a Collision with Motor Vehicle,1,Cloudy,Dry,Dark-Not Lighted
2022-01-18T05:56:00.000,I 16,I 16 and Milemarker 125,,Sideswipe-Same Direction,2,Clear,Dry,Dark-Not Lighted
2024-12-11T08:30:00.000,I 16,I 16 and Milemarker 124,,Not a Collision with Motor Vehicle,1,Rain,Wet,Daylight
2021-06-15T21:53:00.000,I 16,I 16 and Milemarker 123,,Rear End,2,Clear,Dry,Dark-Not Lighted
2023-07-02T17:52:00.000,I 16,I 16 and Milemarker 123,,Sideswipe-Same Direction,2,Cloudy,Dry,Daylight
2024-11-07T08:28:00.000,I 16,I 16 and Milemarker 123,,Not a Collision with Motor Vehicle,1,Rain,Wet,Daylight
2023-09-03T07:34:00.000,I 16,I 16 and Milemarker 122,,Sideswipe-Same Direction,2,Clear,Dry,Daylight
2023-12-29T06:13:00.000,I 16,I 16 and Milemarker 121,,Rear End,2,Clear,Dry,Dark-Not Lighted
2024-02-28T13:36:00.000,I 16,I 16 and Milemarker 121,,Sideswipe-Same Direction,2,Cloudy,Dry,Daylight
2021-10-18T01:55:00.000,I 16,I 16 and Milemarker 116.5,,Not a Collision with Motor Vehicle,1,Clear,Dry,Dark-Not Lighted
2021-10-27T10:15:00.000,I 16,I 16 and Milemarker 116,,Rear End,2,Clear,Dry,Daylight
2024-08-06T18:00:00.000,I 16,I 16 and Milemarker 115.5,,Not a Collision with Motor Vehicle,1,Rain,Wet,Daylight
2024-08-17T12:24:00.000,I 16,I 16 and Milemarker 115,,Rear End,2,Clear,Dry,Daylight
2023-10-15T16:07:00.000,I 16,I 16 and Milemarker 114,,Not a Collision with Motor Vehicle,2,Cloudy,Dry,Daylight
2023-09-07T10:27:00.000,I 16,I 16 and Milemarker 114,,Sideswipe-Same Direction,2,Cloudy,Dry,Daylight
2023-06-21T06:46:00.000,I 16,I 16 and Milemarker 113,,Sideswipe-Same Direction,2,Cloudy,Dry,Daylight
2023-03-28T15:40:00.000,I 16,I 16 and Milemarker 113,,Not a Collision with Motor Vehicle,1,Rain,Wet,Daylight
2023-08-23T17:51:00.000,I 16,I 16 and Milemarker 108,,Not a Collision with Motor Vehicle,2,Clear,Dry,Daylight
2024-10-26T16:41:00.000,I 16,I 16 and Milemarker 106,,Not a Collision with Motor Vehicle,1,Clear,Dry,Daylight
2020-05-24T22:34:00.000,I 16,I 16 and Milemarker 105,,Not a Collision with Motor Vehicle,1,Clear,Dry,Dark-Not Lighted
2021-02-23T09:26:00.000,I 16,I 16 and Milemarker 1,,Rear End,2,Clear,Dry,Daylight
2024-08-06T22:39:00.000,I 16,I 16 and Milemarker  114.5,,Not a Collision with Motor Vehicle,1,Rain,Wet,Dark-Not Lighted
2024-04-21T13:33:00.000,I 16,I 16 and Mile-Marker 21,,Not a Collision with Motor Vehicle,1,Rain,Wet,Daylight
2021-05-07T12:43:00.000,I 16,I 16 and Mile Post 95,,Angle Crash,2,Clear,Dry,Daylight
2021-10-06T07:58:00.000,I 16,I 16 and Mile Post 9.5,,Not a Collision with Motor Vehicle,1,Rain,Wet,Daylight
2023-02-20T07:33:00.000,I 16,I 16 and Mile Post 9.5,,Not a Collision with Motor Vehicle,1,Clear,Dry,Daylight
2021-05-09T08:07:00.000,I 16,I 16 and Mile Post 9,,Not a Collision with Motor Vehicle,1,Clear,Dry,Daylight
2022-09-01T11:54:00.000,I 16,I 16 and Mile Post 9,,Rear End,2,Clear,Dry,Daylight
2024-11-01T14:48:00.000,I 16,I 16 and Mile Post 9,,Not a Collision with Motor Vehicle,1,Clear,Dry,Daylight
2024-03-07T15:40:00.000,I 16,I 16 and Mile Post 67,,Rear End,2,Cloudy,Dry,Daylight
2022-07-12T14:18:00.000,I 16,I 16 and Mile Post 6.5,,Not a Collision with Motor Vehicle,1,Cloudy,Dry,Daylight
2023-06-18T15:50:00.000,I 16,I 16 and Mile Post 32,,Not a Collision with Motor Vehicle,1,Clear,Dry,Daylight
2024-11-02T16:56:00.000,I 16,I 16 and Mile Post 32,,Sideswipe-Same Direction,2,Clear,Dry,Daylight
2021-04-24T17:23:00.000,I 16,I 16 and Mile Post 31,,Not a Collision with Motor Vehicle,1,Rain,Wet,Daylight
2022-09-17T21:38:00.000,I 16,I 16 and Mile Post 31,,Rear End,2,Clear,Dry,Dark-Not Lighted
2022-02-13T03:20:00.000,I 16,I 16 and Mile Post 31,,Not a Collision with Motor Vehicle,1,Clear,Dry,Dark-Not Lighted
2021-03-04T19:03:00.000,I 16,I 16 and Mile Post 30,,Sideswipe-Same Direction,2,Clear,Dry,Dark-Not Lighted
2023-11-09T14:28:00.000,I 16,I 16 and Mile Post 30,,Rear End,2,Clear,Dry,Daylight
2024-07-03T15:47:00.000,I 16,I 16 and Mile Post 30,,(None),1,(None),(None),(None)
2024-10-18T05:56:00.000,I 16,I 16 and Mile Post 30,,Not a Collision with Motor Vehicle,1,Clear,Dry,Dark-Not Lighted
2024-06-30T21:42:00.000,I 16,I 16 and Mile Post 30,,Not a Collision with Motor Vehicle,1,Cloudy,Dry,Dark-Not Lighted
2020-08-22T16:29:00.000,I 16,I 16 and Mile Post 3,,Sideswipe-Same Direction,2,Rain,Wet,Daylight
2020-11-26T04:45:00.000,I 16,I 16 and Mile Post 295,,Rear End,2,Clear,Dry,Dark-Not Lighted
2023-06-12T16:58:00.000,I 16,I 16 and Mile Post 29.5,,Head On,1,Clear,Wet,Daylight
2023-12-09T16:11:00.000,I 16,I 16 and Mile Post 29.5,,Sideswipe-Same Direction,2,Clear,Dry,Daylight
2021-09-20T13:18:00.000,I 16,I 16 and Mile Post 29,,Not a Collision with Motor Vehicle,1,Rain,Wet,Daylight
2021-09-15T17:37:00.000,I 16,I 16 and Mile Post 29,,Not a Collision with Motor Vehicle,1,Rain,Wet,Daylight
2022-02-05T01:28:00.000,I 16,I 16 and Mile Post 29,,Rear End,2,Clear,Dry,Dark-Not Lighted
2024-01-26T17:50:00.000,I 16,I 16 and Mile Post 28.5,,Not a Collision with Motor Vehicle,2,Clear,Dry,Dusk
2021-09-07T16:16:00.000,I 16,I 16 and Mile Post 27,,Not a Collision with Motor Vehicle,1,Rain,Wet,Daylight
2022-10-20T04:41:00.000,I 16,I 16 and Mile Post 27,,Not a Collision with Motor Vehicle,1,Clear,Dry,Dark-Not Lighted
2024-06-11T02:31:00.000,I 16,I 16 and Mile Post 27,,Not a Collision with Motor Vehicle,1,Clear,Dry,Dark-Not Lighted
2020-12-08T09:17:00.000,I 16,I 16 and Mile Post 26,,Head On,1,Clear,Dry,Dawn
2021-10-05T13:16:00.000,I 16,I 16 and Mile Post 25,,Not a Collision with Motor Vehicle,1,Rain,Wet,Daylight
2023-04-29T22:41:00.000,I 16,I 16 and Mile Post 25,,Not a Collision with Motor Vehicle,1,Rain,Wet,Dark-Not Lighted
2024-07-08T09:05:00.000,I 16,I 16 and Mile Post 25,,Rear End,2,Cloudy,Wet,Daylight
2020-08-03T17:15:00.000,I 16,I 16 and Mile Post 245,,Not a Collision with Motor Vehicle,1,Rain,Wet,Daylight
2020-08-03T17:15:00.000,I 16,I 16 and Mile Post 245,,Not a Collision with Motor Vehicle,1,Rain,Wet,Daylight
2023-04-13T10:45:00.000,I 16,I 16 and Mile Post 24.5,,Not a Collision with Motor Vehicle,1,Rain,Wet,Daylight
2022-05-21T12:07:00.000,I 16,I 16 and Mile Post 24.5,,Not a Collision with Motor Vehicle,1,Rain,Wet,Daylight
2021-11-24T22:02:00.000,I 16,I 16 and Mile Post 24,,Not a Collision with Motor Vehicle,1,Clear,Dry,Dark-Not Lighted
2021-12-08T08:02:00.000,I 16,I 16 and Mile Post 24,,Not a Collision with Motor Vehicle,1,Rain,Wet,Daylight
2022-04-24T11:09:00.000,I 16,I 16 and Mile Post 24,,Not a Collision with Motor Vehicle,1,Clear,Dry,Daylight
2024-02-11T21:47:00.000,I 16,I 16 and Mile Post 24,,Not a Collision with Motor Vehicle,1,Rain,Wet,Dark-Lighted
2023-03-17T18:37:00.000,I 16,I 16 and Mile Post 24,,Not a Collision with Motor Vehicle,1,Rain,Wet,Daylight
2024-10-30T17:31:00.000,I 16,I 16 and Mile Post 24,,Not a Collision with Motor Vehicle,1,Clear,Dry,Daylight
2024-03-10T16:17:00.000,I 16,I 16 and Mile Post 24,,Not a Collision with Motor Vehicle,2,Clear,Dry,Daylight
2024-03-13T18:53:00.000,I 16,I 16 and Mile Post 24,,Not a Collision with Motor Vehicle,1,Clear,Dry,Dark-Not Lighted
2021-09-20T08:37:00.000,I 16,I 16 and Mile Post 235,,Not a Collision with Motor Vehicle,1,Rain,Wet,Daylight
2021-10-09T05:17:00.000,I 16,I 16 and Mile Post 23,,Rear End,2,Clear,Dry,Dark-Not Lighted
2024-07-23T20:15:00.000,I 16,I 16 and Mile Post 23,,Sideswipe-Same Direction,2,Clear,Dry,Dark-Lighted
2021-02-22T10:03:00.000,I 16,I 16 and Mile Post 225,,Not a Collision with Motor Vehicle,1,Rain,Wet,Daylight
2021-04-24T10:26:00.000,I 16,I 16 and Mile Post 22,,Not a Collision with Motor Vehicle,1,Rain,Wet,Daylight
2021-12-08T09:04:00.000,I 16,I 16 and Mile Post 22,,Not a Collision with Motor Vehicle,1,Rain,Wet,Daylight
2022-04-11T21:30:00.000,I 16,I 16 and Mile Post 22,,Not a Collision with Motor Vehicle,1,Clear,Dry,Dark-Not Lighted
2022-04-11T21:30:00.000,I 16,I 16 and Mile Post 22,,Not a Collision with Motor Vehicle,1,Clear,Dry,Dark-Not Lighted
2021-07-19T13:37:00.000,I 16,I 16 and Mile Post 215,,Not a Collision with Motor Vehicle,1,Rain,Wet,Daylight
2023-09-14T17:27:00.000,I 16,I 16 and Mile Post 21.5,,Not a Collision with Motor Vehicle,1,Rain,Wet,Daylight
2024-11-02T03:41:00.000,I 16,I 16 and Mile Post 21,,Angle Crash,1,Clear,Dry,Dark-Not Lighted
2024-09-03T15:20:00.000,I 16,I 16 and Mile Post 21,,(None),1,(None),(None),(None)
2024-10-27T14:35:00.000,I 16,I 16 and Mile Post 21,,Angle Crash,2,Clear,Dry,Daylight
2022-03-12T09:19:00.000,I 16,I 16 and Mile Post 20.5,,Not a Collision with Motor Vehicle,1,Other,Dry,Daylight
2024-10-14T20:59:00.000,I 16,I 16 and Mile Post 20.5,,Not a Collision with Motor Vehicle,1,Clear,Dry,Dark-Not Lighted
2022-04-22T23:09:00.000,I 16,I 16 and Mile Post 20,,Not a Collision with Motor Vehicle,1,Clear,Dry,Dark-Not Lighted
2024-06-05T21:20:00.000,I 16,I 16 and Mile Post 20,,Not a Collision with Motor Vehicle,1,Clear,Dry,Dark-Not Lighted
2024-09-20T14:51:00.000,I 16,I 16 and Mile Post 20,,Sideswipe-Same Direction,2,Clear,Dry,Daylight
2022-09-23T10:45:00.000,I 16,I 16 and Mile Post 2,,Rear End,2,Clear,Dry,Daylight
2021-05-08T11:31:00.000,I 16,I 16 and Mile Post 195,,Rear End,3,Clear,Dry,Daylight
2022-09-02T20:22:00.000,I 16,I 16 and Mile Post 19.5,,Not a Collision with Motor Vehicle,2,Clear,Dry,Dark-Not Lighted
2023-09-05T20:26:00.000,I 16,I 16 and Mile Post 19,,Not a Collision with Motor Vehicle,1,Clear,Dry,Dark-Not Lighted
2024-02-11T18:56:00.000,I 16,I 16 and Mile Post 19,,Not a Collision with Motor Vehicle,1,Rain,Wet,Dark-Not Lighted
2022-06-28T18:10:00.000,I 16,I 16 and Mile Post 18.5,,Not a Collision with Motor Vehicle,1,Rain,Wet,Daylight
2023-11-14T21:51:00.000,I 16,I 16 and Mile Post 18,,Not a Collision with Motor Vehicle,1,Clear,Dry,Dark-Not Lighted
2022-05-07T14:08:00.000,I 16,I 16 and Mile Post 18,,Rear End,2,Clear,Dry,Dawn
2022-08-17T10:09:00.000,I 16,I 16 and Mile Post 18,,Sideswipe-Same Direction,2,Clear,Dry,Daylight
2022-09-30T06:24:00.000,I 16,I 16 and Mile Post 18,,Not a Collision with Motor Vehicle,1,Clear,Dry,Dark-Not Lighted
2024-05-09T06:38:00.000,I 16,I 16 and Mile Post 17.5,,Sideswipe-Same Direction,2,Cloudy,Dry,Daylight
2021-10-08T18:54:00.000,I 16,I 16 and Mile Post 17,,Not a Collision with Motor Vehicle,1,Clear,Dry,Daylight
2022-08-03T08:45:00.000,I 16,I 16 and Mile Post 17,,Sideswipe-Same Direction,2,Clear,Dry,Daylight
2022-09-04T20:53:00.000,I 16,I 16 and Mile Post 17,,Not a Collision with Motor Vehicle,1,Rain,Wet,Dark-Not Lighted
2024-09-26T07:31:00.000,I 16,I 16 and Mile Post 17,,Not a Collision with Motor Vehicle,1,Rain,Wet,Daylight
2024-06-03T22:16:00.000,I 16,I 16 and Mile Post 17,,(None),2,(None),(None),(None)
2022-03-25T12:54:00.000,I 16,I 16 and Mile Post 16.5,,Not a Collision with Motor Vehicle,1,Clear,Dry,Daylight
2022-01-16T05:52:00.000,I 16,I 16 and Mile Post 16.5,,Sideswipe-Same Direction,2,Rain,Wet,Dark-Not Lighted
2024-07-19T16:06:00.000,I 16,I 16 and Mile Post 16.5,,Head On,1,Rain,Wet,Daylight
2024-06-07T21:22:00.000,I 16,I 16 and Mile Post 16.5,,Not a Collision with Motor Vehicle,1,(None),(None),(None)
2024-07-21T16:57:00.000,I 16,I 16 and Mile Post 16,,Not a Collision with Motor Vehicle,1,Rain,Wet,Daylight
2022-06-17T08:19:00.000,I 16,I 16 and Mile Post 159,,Not a Collision with Motor Vehicle,3,Cloudy,Dry,Daylight
2021-09-21T16:57:00.000,I 16,I 16 and Mile Post 155,,Not a Collision with Motor Vehicle,1,Clear,Dry,Daylight
2024-10-02T21:30:00.000,I 16,I 16 and Mile Post 151,,Rear End,2,Clear,Dry,Dark-Not Lighted
2023-09-13T17:27:00.000,I 16,I 16 and Mile Post 151,,Angle Crash,4,Rain,Wet,Daylight
2023-09-05T19:43:00.000,I 16,I 16 and Mile Post 15.5,,Not a Collision with Motor Vehicle,1,Clear,Dry,Dark-Not Lighted
2024-03-09T12:12:00.000,I 16,I 16 and Mile Post 15.5,,Sideswipe-Same Direction,2,Rain,Wet,Daylight
2024-06-18T10:24:00.000,I 16,I 16 and Mile Post 15,,Not a Collision with Motor Vehicle,1,Clear,Dry,Daylight