Date and Time,Roadway (From Crash Report),Intersection Name (from Crash Report),KABCO Severity,Manner of Collision (Crash Level) ,# of Vehicles per crash ,Weather Conditions (Crash Level),Surface Condition (Crash Level) ,Light Conditions (Crash Level)
2021-04-08T14:03:00.000,I 16,I 16 and Mile Post 1415,,Rear End,2,Clear,Dry,Daylight
2021-08-23T00:24:00.000,I 16,I 16 and Mile Post 135,,Not a Collision with Motor Vehicle,1,Rain,Wet,Dark-Not Lighted
2023-11-13T21:25:00.000,I 16,I 16 and Mile Post 13,,Not a Collision with Motor Vehicle,1,Clear,Dry,Dark-Not Lighted
2023-12-06T02:25:00.000,I 16,I 16 and Mile Post 13,,Not a Collision with Motor Vehicle,1,Clear,Dry,Dark-Not Lighted
2023-12-12T07:06:00.000,I 16,I 16 and Mile Post 12,,Not a Collision with Motor Vehicle,1,Clear,Dry,Daylight
2024-10-11T10:43:00.000,I 16,I 16 and Mile Post 12,,Not a Collision with Motor Vehicle,1,Clear,Dry,Daylight
2024-07-18T19:55:00.000,I 16,I 16 and Mile Post 12,,Angle Crash,2,Rain,Wet,Daylight
2024-07-28T13:27:00.000,I 16,I 16 and Mile Post 12,,Angle Crash,2,Clear,Dry,Daylight
2021-09-02T12:35:00.000,I 16,I 16 and Mile Post 1175,,Not a Collision with Motor Vehicle,1,Clear,Dry,Daylight
2023-04-08T18:11:00.000,I 16,I 16 and Mile Post 11.5,,Not a Collision with Motor Vehicle,1,Rain,Wet,Daylight
2024-10-08T15:33:00.000,I 16,I 16 and Mile Post 11,,Not a Collision with Motor Vehicle,1,Clear,Dry,Daylight
2022-08-17T15:57:00.000,I 16,I 16 and Mile Post 10,,Not a Collision with Motor Vehicle,1,Rain,Wet,Daylight
2024-09-19T06:12:00.000,I 16,I 16 and Mile Poat 28.5,,Not a Collision with Motor Vehicle,3,Clear,Dry,Dark-Not Lighted
2024-06-14T18:45:00.000,I 16,I 16 and Mile Marker135.5,,Rear End,3,Clear,Dry,Daylight
2023-06-21T02:56:00.000,I 16,I 16 and Mile Marker124,,Not a Collision with Motor Vehicle,1,Rain,Wet,Dark-Not Lighted
2024-11-10T11:50:00.000,I 16,I 16 and Mile Marker 99B Exit Rp,,Sideswipe-Same Direction,2,Cloudy,Dry,Daylight
2020-07-27T20:30:00.000,I 16,I 16 and Mile Marker 99,,Not a Collision with Motor Vehicle,1,Rain,Wet,Dusk
2020-10-05T06:15:00.000,I 16,I 16 and Mile Marker 99,,Sideswipe-Same Direction,2,Clear,Dry,Dark-Not Lighted
2023-05-22T13:45:00.000,I 16,I 16 and Mile Marker 99,,Rear End,3,Clear,Dry,Daylight
2024-03-17T21:18:00.000,I 16,I 16 and Mile Marker 99,,Not a Collision with Motor Vehicle,1,Rain,Wet,Dark-Not Lighted
2023-12-23T13:57:00.000,I 16,I 16 and Mile Marker 98,,Not a Collision with Motor Vehicle,1,Clear,Dry,Daylight
2021-07-11T16:27:00.000,I 16,I 16 and Mile Marker 98,,Not a Collision with Motor Vehicle,1,Clear,Dry,Daylight
2022-02-04T03:48:00.000,I 16,I 16 and Mile Marker 98,,Not a Collision with Motor Vehicle,1,Clear,Dry,Dark-Not Lighted
2022-11-06T16:38:00.000,I 16,I 16 and Mile Marker 97,,Not a Collision with Motor Vehicle,1,Rain,Wet,Daylight
2024-03-09T06:12:00.000,I 16,I 16 and Mile Marker 97,,Not a Collision with Motor Vehicle,1,Rain,Wet,Dark-Not Lighted
2022-09-30T20:51:00.000,I 16,I 16 and Mile Marker 96.5,,Sideswipe-Same Direction,2,Cloudy,Dry,Dark-Not Lighted
2023-01-18T13:25:00.000,I 16,I 16 and Mile Marker 96,,Sideswipe-Same Direction,2,Cloudy,Dry,Daylight
2021-10-04T21:40:00.000,I 16,I 16 and Mile Marker 96,,Not a Collision with Motor Vehicle,1,Cloudy,Wet,Dark-Not Lighted
2022-11-06T16:28:00.000,I 16,I 16 and Mile Marker 96,,Not a Collision with Motor Vehicle,1,Rain,Wet,Daylight
2022-09-30T20:47:00.000,I 16,I 16 and Mile Marker 96,,Sideswipe-Same Direction,2,Cloudy,Dry,Dark-Not Lighted
2022-06-29T14:00:00.000,I 16,I 16 and Mile Marker 96,,Not a Collision with Motor Vehicle,1,Rain,Wet,Daylight
2024-12-01T11:53:00.000,I 16,I 16 and Mile Marker 96,,Rear End,3,Clear,Dry,Daylight
2024-10-29T15:15:00.000,I 16,I 16 and Mile Marker 96,,Rear End,2,Clear,Dry,Daylight
2020-10-11T02:40:00.000,I 16,I 16 and Mile Marker 95,,Not a Collision with Motor Vehicle,1,Rain,Wet,Dark-Not Lighted
2021-07-15T12:25:00.000,I 16,I 16 and Mile Marker 95,,Not a Collision with Motor Vehicle,1,Clear,Dry,Daylight
2022-07-01T15:15:00.000,I 16,I 16 and Mile Marker 95,,Not a Collision with Motor Vehicle,1,Rain,Wet,Daylight
2022-10-22T03:00:00.000,I 16,I 16 and Mile Marker 95,,Not a Collision with Motor Vehicle,1,Clear,Dry,Dark-Not Lighted
2023-04-06T13:07:00.000,I 16,I 16 and Mile Marker 95,,Sideswipe-Same Direction,2,Clear,Dry,Daylight
2023-02-14T21:00:00.000,I 16,I 16 and Mile Marker 95,,Not a Collision with Motor Vehicle,1,Clear,Dry,Dark-Not Lighted
2024-11-04T10:05:00.000,I 16,I 16 and Mile Marker 95,,Not a Collision with Motor Vehicle,1,Clear,Dry,Daylight
2024-12-01T10:11:00.000,I 16,I 16 and Mile Marker 95,,Not a Collision with Motor Vehicle,1,Clear,Dry,Daylight
2020-10-13T07:02:00.000,I 16,I 16 and Mile Marker 94,,Sideswipe-Same Direction,2,Clear,Dry,Dawn
2021-06-02T13:04:00.000,I 16,I 16 and Mile Marker 94,,Sideswipe-Same Direction,2,Clear,Dry,Daylight
2021-01-31T16:40:00.000,I 16,I 16 and Mile Marker 935,,Not a Collision with Motor Vehicle,1,Rain,Wet,Daylight
2021-10-17T20:40:00.000,I 16,I 16 and Mile Marker 93,,Not a Collision with Motor Vehicle,1,Clear,Dry,Dark-Not Lighted
2021-02-13T17:26:00.000,I 16,I 16 and Mile Marker 93,,Not a Collision with Motor Vehicle,1,Rain,Wet,Daylight
2021-11-02T04:13:00.000,I 16,I 16 and Mile Marker 93,,Rear End,2,Clear,Dry,Dark-Not Lighted
2021-06-18T22:28:00.000,I 16,I 16 and Mile Marker 93,,Not a Collision with Motor Vehicle,1,Clear,Dry,Dark-Not Lighted
2020-12-24T13:48:00.000,I 16,I 16 and Mile Marker 93,,Not a Collision with Motor Vehicle,1,Rain,Wet,Daylight
2022-10-16T08:04:00.000,I 16,I 16 and Mile Marker 93,,Head On,1,Clear,Dry,Daylight
2024-08-04T13:34:00.000,I 16,I 16 and Mile Marker 93,,Not a Collision with Motor Vehicle,1,Rain,Wet,Daylight
2022-01-02T19:40:00.000,I 16,I 16 and Mile Marker 92.5,,Not a Collision with Motor Vehicle,1,Rain,Wet,Dark-Not Lighted
2021-03-12T14:15:00.000,I 16,I 16 and Mile Marker 92,,Rear End,2,Clear,Dry,Daylight
2021-05-10T08:55:00.000,I 16,I 16 and Mile Marker 92,,Not a Collision with Motor Vehicle,1,Cloudy,Dry,Daylight
2024-04-07T09:49:00.000,I 16,I 16 and Mile Marker 92,,Not a Collision with Motor Vehicle,1,Cloudy,Dry,Daylight
2023-10-22T16:32:00.000,I 16,I 16 and Mile Marker 92,,Rear End,2,Cloudy,Dry,Daylight
2021-06-07T06:02:00.000,I 16,I 16 and Mile Marker 915,,Sideswipe-Same Direction,2,Clear,Dry,Dawn
2024-12-30T16:50:00.000,I 16,I 16 and Mile Marker 91.5,,Not a Collision with Motor Vehicle,1,Clear,Dry,Daylight
2022-10-08T02:17:00.000,I 16,I 16 and Mile Marker 91,,Not a Collision with Motor Vehicle,1,Cloudy,Dry,Dark-Not Lighted
2021-01-03T17:25:00.000,I 16,I 16 and Mile Marker 905,,Not a Collision with Motor Vehicle,1,Clear,Dry,Daylight
2021-04-26T10:16:00.000,I 16,I 16 and Mile Marker 90,,Sideswipe-Same Direction,2,Clear,Dry,Daylight
2020-12-09T17:55:00.000,I 16,I 16 and Mile Marker 90,,Rear End,2,Clear,Dry,Dark-Not Lighted
2022-09-30T20:52:00.000,I 16,I 16 and Mile Marker 90,,Sideswipe-Same Direction,2,Cloudy,Dry,Dark-Not Lighted
2023-10-24T14:16:00.000,I 16,I 16 and Mile Marker 9.5,,Not a Collision with Motor Vehicle,2,Clear,Dry,Daylight
2021-10-13T03:00:00.000,I 16,I 16 and Mile Marker 9,,Not a Collision with Motor Vehicle,1,Clear,Dry,Dark-Not Lighted
2021-06-01T15:30:00.000,I 16,I 16 and Mile Marker 89,,Not a Collision with Motor Vehicle,1,Clear,Dry,Daylight
2024-08-14T08:40:00.000,I 16,I 16 and Mile Marker 88.5,,Not a Collision with Motor Vehicle,1,Clear,Dry,Daylight
2021-05-04T14:50:00.000,I 16,I 16 and Mile Marker 88,,Angle Crash,2,Clear,Dry,Daylight
2021-06-06T17:39:00.000,I 16,I 16 and Mile Marker 87,,Not a Collision with Motor Vehicle,1,Rain,Wet,Daylight
2021-06-20T13:44:00.000,I 16,I 16 and Mile Marker 86,,Angle Crash,2,Rain,Wet,Daylight
2021-04-24T04:56:00.000,I 16,I 16 and Mile Marker 86,,Rear End,2,Clear,Dry,Dark-Not Lighted
2022-02-23T15:38:00.000,I 16,I 16 and Mile Marker 86,,Head On,2,Clear,Dry,Daylight
2024-03-27T18:20:00.000,I 16,I 16 and Mile Marker 86,,Sideswipe-Same Direction,2,Rain,Wet,Daylight
2021-04-08T13:19:00.000,I 16,I 16 and Mile Marker 84,,Sideswipe-Same Direction,2,Clear,Dry,Daylight
2022-01-02T14:28:00.000,I 16,I 16 and Mile Marker 84,,Not a Collision with Motor Vehicle,1,Rain,Wet,Daylight
2021-10-06T15:02:00.000,I 16,I 16 and Mile Marker 83,,Sideswipe-Same Direction,2,Rain,Wet,Daylight
2021-08-02T11:30:00.000,I 16,I 16 and Mile Marker 83,,Not a Collision with Motor Vehicle,2,Clear,Dry,Daylight
2021-12-05T09:45:00.000,I 16,I 16 and Mile Marker 83,,Not a Collision with Motor Vehicle,1,Cloudy,Dry,Daylight
2020-12-29T08:49:00.000,I 16,I 16 and Mile Marker 82,,Not a Collision with Motor Vehicle,1,Clear,Dry,Daylight
2024-07-29T15:05:00.000,I 16,I 16 and Mile Marker 82,,Sideswipe-Same Direction,2,Cloudy,Dry,Daylight
2021-01-29T16:50:00.000,I 16,I 16 and Mile Marker 81,,Not a Collision with Motor Vehicle,1,Clear,Dry,Daylight
2023-10-05T23:13:00.000,I 16,I 16 and Mile Marker 81,,Rear End,2,Clear,Dry,Dark-Not Lighted
2022-05-18T09:48:00.000,I 16,I 16 and Mile Marker 81,,Sideswipe-Same Direction,2,Clear,Dry,Daylight
2021-12-07T20:00:00.000,I 16,I 16 and Mile Marker 80,,Rear End,2,Cloudy,Dry,Dark-Not Lighted
2021-10-01T18:10:00.000,I 16,I 16 and Mile Marker 80,,Sideswipe-Same Direction,2,Clear,Dry,Daylight
2024-10-20T14:34:00.000,I 16,I 16 and Mile Marker 80,,Rear End,3,Clear,Dry,Daylight
2021-11-11T09:19:00.000,I 16,I 16 and Mile Marker 78,,Not a Collision with Motor Vehicle,1,Clear,Dry,Daylight
2022-09-12T06:50:00.000,I 16,I 16 and Mile Marker 78,,Rear End,3,Clear,Dry,Dawn
2021-07-30T12:49:00.000,I 16,I 16 and Mile Marker 78,,Sideswipe-Same Direction,2,Clear,Dry,Daylight
2020-12-24T12:55:00.000,I 16,I 16 and Mile Marker 78,,Not a Collision with Motor Vehicle,1,Rain,Wet,Daylight
2021-08-23T14:52:00.000,I 16,I 16 and Mile Marker 78,,Sideswipe-Same Direction,4,Clear,Dry,Daylight
2024-11-10T17:15:00.000,I 16,I 16 and Mile Marker 78,,Not a Collision with Motor Vehicle,1,Cloudy,Wet,Dusk
2024-12-25T19:13:00.000,I 16,I 16 and Mile Marker 78,,Rear End,2,Cloudy,Dry,Dark-Not Lighted
2023-03-08T06:00:00.000,I 16,I 16 and Mile Marker 77,,Sideswipe-Same Direction,2,Clear,Dry,Dark-Not Lighted
2021-10-22T12:10:00.000,I 16,I 16 and Mile Marker 77,,Sideswipe-Same Direction,2,Clear,Dry,Daylight
2022-11-06T16:00:00.000,I 16,I 16 and Mile Marker 77,,Not a Collision with Motor Vehicle,1,Rain,Wet,Daylight
2021-07-22T08:50:00.000,I 16,I 16 and Mile Marker 76,,Not a Collision with Motor Vehicle,1,Clear,Dry,Daylight
2021-01-29T22:42:00.000,I 16,I 16 and Mile Marker 76,,Rear End,2,Cloudy,Dry,Dark-Not Lighted
2023-03-25T12:45:00.000,I 16,I 16 and Mile Marker 76,,Angle Crash,1,Rain,Wet,Daylight
2021-08-28T11:40:00.000,I 16,I 16 and Mile Marker 76,,Not a Collision with Motor Vehicle,1,Rain,Wet,Daylight
2021-12-12T05:45:00.000,I 16,I 16 and Mile Marker 75,,Not a Collision with Motor Vehicle,1,Cloudy,Wet,Dark-Not Lighted
2020-09-07T08:29:00.000,I 16,I 16 and Mile Marker 75,,Rear End,2,Clear,Dry,Daylight
2022-07-19T17:10:00.000,I 16,I 16 and Mile Marker 75,,Rear End,2,Cloudy,Wet,Daylight
2021-11-19T11:03:00.000,I 16,I 16 and Mile Marker 74,,Rear End,2,Clear,Dry,Daylight
2023-07-23T12:30:00.000,I 16,I 16 and Mile Marker 74,,Angle Crash,2,Clear,Dry,Daylight
2021-04-24T10:00:00.000,I 16,I 16 and Mile Marker 73,,Not a Collision with Motor Vehicle,1,Rain,Wet,Daylight
2021-06-01T14:35:00.000,I 16,I 16 and Mile Marker 72,,Rear End,2,Clear,Dry,Daylight
2021-04-14T15:49:00.000,I 16,I 16 and Mile Marker 72,,Rear End,2,Clear,Dry,Daylight
2022-08-27T20:06:00.000,I 16,I 16 and Mile Marker 72,,Not a Collision with Motor Vehicle,1,Rain,Wet,Dark-Lighted
2021-01-02T14:12:00.000,I 16,I 16 and Mile Marker 71 Exit Rp,,Rear End,2,Rain,Wet,Daylight
2021-02-15T19:20:00.000,I 16,I 16 and Mile Marker 71,,Not a Collision with Motor Vehicle,1,Rain,Wet,Dark-Not Lighted
2021-07-21T17:49:00.000,I 16,I 16 and Mile Marker 71,,Not a Collision with Motor Vehicle,1,Rain,Wet,Daylight
2021-05-04T13:00:00.000,I 16,I 16 and Mile Marker 71,,Rear End,2,Clear,Dry,Daylight
2021-07-10T12:33:00.000,I 16,I 16 and Mile Marker 71,,Rear End,2,Cloudy,Dry,Daylight
2022-02-03T13:35:00.000,I 16,I 16 and Mile Marker 71,,Not a Collision with Motor Vehicle,1,Clear,Dry,Daylight
2021-12-14T00:00:00.000,I 16,I 16 and Mile Marker 7,,Rear End,6,Clear,Dry,Daylight
2021-01-06T22:36:00.000,I 16,I 16 and Mile Marker 7,,Not a Collision with Motor Vehicle,1,Clear,Dry,Dark-Not Lighted
2022-11-08T22:00:00.000,I 16,I 16 and Mile Marker 7,,Not a Collision with Motor Vehicle,2,Clear,Dry,Dark-Not Lighted
2020-09-15T11:57:00.000,I 16,I 16 and Mile Marker 695,,Rear End,2,Clear,Dry,Daylight
2021-08-05T07:34:00.000,I 16,I 16 and Mile Marker 69,,Sideswipe-Same Direction,2,Clear,Dry,Daylight
2022-11-11T23:14:00.000,I 16,I 16 and Mile Marker 69,,Not a Collision with Motor Vehicle,1,Clear,Wet,Dark-Not Lighted
2021-06-06T17:50:00.000,I 16,I 16 and Mile Marker 68,,Not a Collision with Motor Vehicle,1,Rain,Wet,Daylight
2021-08-01T20:02:00.000,I 16,I 16 and Mile Marker 68,,Not a Collision with Motor Vehicle,1,Rain,Wet,Daylight
2022-08-12T19:38:00.000,I 16,I 16 and Mile Marker 67.5,,Not a Collision with Motor Vehicle,1,Rain,Wet,Daylight
2021-05-20T10:10:00.000,I 16,I 16 and Mile Marker 67 Exit Rp,,Not a Collision with Motor Vehicle,1,Clear,Dry,Daylight
2023-11-17T15:30:00.000,I 16,I 16 and Mile Marker 67,,Rear End,2,Rain,Wet,Daylight
2023-11-17T17:00:00.000,I 16,I 16 and Mile Marker 67,,Not a Collision with Motor Vehicle,1,Rain,Wet,Daylight
2020-09-20T20:30:00.000,I 16,I 16 and Mile Marker 67,,Head On,1,Clear,Dry,Dark-Not Lighted
2021-06-12T15:57:00.000,I 16,I 16 and Mile Marker 67,,Not a Collision with Motor Vehicle,1,Rain,Wet,Daylight
2022-07-14T03:45:00.000,I 16,I 16 and Mile Marker 67,,Rear End,2,Cloudy,Dry,Dark-Not Lighted
2023-10-12T11:50:00.000,I 16,I 16 and Mile Marker 67,,Angle Crash,2,Rain,Wet,Daylight
2021-04-24T08:35:00.000,I 16,I 16 and Mile Marker 66,,Not a Collision with Motor Vehicle,1,Rain,Wet,Daylight
2021-09-20T17:25:00.000,I 16,I 16 and Mile Marker 66,,Not a Collision with Motor Vehicle,1,Rain,Wet,Daylight
2021-09-17T21:22:00.000,I 16,I 16 and Mile Marker 66,,Rear End,2,Clear,Dry,Dark-Not Lighted
2022-06-23T17:37:00.000,I 16,I 16 and Mile Marker 66,,Not a Collision with Motor Vehicle,2,Clear,Dry,Daylight
2024-12-11T07:51:00.000,I 16,I 16 and Mile Marker 66,,Not a Collision with Motor Vehicle,1,Rain,Wet,Daylight
2022-05-22T16:53:00.000,I 16,I 16 and Mile Marker 65,,Not a Collision with Motor Vehicle,1,Clear,Wet,Daylight
2020-05-29T07:48:00.000,I 16,I 16 and Mile Marker 63,,Not a Collision with Motor Vehicle,1,Cloudy,Wet,Daylight
2022-01-08T05:50:00.000,I 16,I 16 and Mile Marker 63,,Sideswipe-Same Direction,2,Clear,Dry,Dark-Not Lighted
2023-07-07T18:35:00.000,I 16,I 16 and Mile Marker 62,,Not a Collision with Motor Vehicle,1,Rain,Wet,Daylight
2022-01-03T01:51:00.000,I 16,I 16 and Mile Marker 61,,Rear End,2,Rain,Wet,Dark-Not Lighted
2022-10-21T08:41:00.000,I 16,I 16 and Mile Marker 61,,Angle Crash,2,Clear,Dry,Daylight
2022-12-16T16:29:00.000,I 16,I 16 and Mile Marker 6,,Sideswipe-Same Direction,2,Clear,Dry,Daylight
2024-06-19T20:45:00.000,I 16,I 16 and Mile Marker 6,,Not a Collision with Motor Vehicle,1,Clear,Dry,Dark-Not Lighted
2022-07-02T14:12:00.000,I 16,I 16 and Mile Marker 58 W Bound,,Not a Collision with Motor Vehicle,1,Rain,Wet,Daylight
2023-04-11T07:20:00.000,I 16,I 16 and Mile Marker 58,,Angle Crash,2,Clear,Dry,Daylight
2023-04-11T08:10:00.000,I 16,I 16 and Mile Marker 58,,Angle Crash,2,Clear,Dry,Daylight
2022-08-18T13:28:00.000,I 16,I 16 and Mile Marker 52,,Not a Collision with Motor Vehicle,1,Cloudy,Dry,Daylight
2022-01-20T11:05:00.000,I 16,I 16 and Mile Marker 50,,Sideswipe-Same Direction,2,Clear,Dry,Daylight
2022-08-25T07:50:00.000,I 16,I 16 and Mile Marker 50,,Not a Collision with Motor Vehicle,1,Rain,Wet,Daylight
2022-05-16T12:20:00.000,I 16,I 16 and Mile Marker 50,,Not a Collision with Motor Vehicle,1,Clear,Dry,Daylight
2020-05-09T05:38:00.000,I 16,I 16 and Mile Marker 5,,Rear End,2,Clear,Dry,Dark-Not Lighted
2020-11-13T23:54:00.000,I 16,I 16 and Mile Marker 46,,Not a Collision with Motor Vehicle,1,Clear,Dry,Dark-Not Lighted
2023-03-29T03:22:00.000,I 16,I 16 and Mile Marker 45,,(None),2,(None),(None),(None)
2020-01-13T14:41:00.000,I 16,I 16 and Mile Marker 45,,Angle Crash,1,Rain,Wet,Daylight
2022-06-15T21:24:00.000,I 16,I 16 and Mile Marker 45,,Not a Collision with Motor Vehicle,1,Cloudy,Dry,Dark-Not Lighted
2023-01-11T06:05:00.000,I 16,I 16 and Mile Marker 43,,Angle Crash,2,Clear,Dry,Dark-Not Lighted
2023-03-25T12:51:00.000,I 16,I 16 and Mile Marker 43,,Not a Collision with Motor Vehicle,1,Cloudy,Wet,Daylight
2023-01-05T14:39:00.000,I 16,I 16 and Mile Marker 40,,Angle Crash,2,Clear,Dry,Daylight
2024-06-03T10:30:00.000,I 16,I 16 and Mile Marker 4.5,,Rear End,2,Cloudy,Dry,Daylight
2023-03-27T00:00:00.000,I 16,I 16 and Mile Marker 4,,Not a Collision with Motor Vehicle,1,Clear,Dry,Daylight
2022-11-07T06:30:00.000,I 16,I 16 and Mile Marker 38,,Not a Collision with Motor Vehicle,1,Clear,Dry,Dawn
2024-10-26T05:35:00.000,I 16,I 16 and Mile Marker 38,,Not a Collision with Motor Vehicle,1,Clear,Dry,Dark-Not Lighted
2023-04-10T13:25:00.000,I 16,I 16 and Mile Marker 37,,Rear End,2,Clear,Dry,Daylight
2022-12-05T19:35:00.000,I 16,I 16 and Mile Marker 37,,Sideswipe-Same Direction,1,Cloudy,Wet,Dark-Not Lighted
2021-11-07T13:11:00.000,I 16,I 16 and Mile Marker 36,,Not a Collision with Motor Vehicle,1,Clear,Dry,Dark-Not Lighted
2022-09-10T15:50:00.000,I 16,I 16 and Mile Marker 36,,Not a Collision with Motor Vehicle,1,Rain,Wet,Daylight
2022-09-14T17:35:00.000,I 16,I 16 and Mile Marker 36,,Sideswipe-Same Direction,2,Clear,Dry,Daylight
2021-09-14T11:02:00.000,I 16,I 16 and Mile Marker 34,,Rear End,2,Clear,Dry,Daylight
2022-06-28T03:30:00.000,I 16,I 16 and Mile Marker 34,,Not a Collision with Motor Vehicle,1,Rain,Wet,Dark-Not Lighted
2023-01-15T15:44:00.000,I 16,I 16 and Mile Marker 34,,Not a Collision with Motor Vehicle,1,Clear,Dry,Daylight
2022-08-26T12:30:00.000,I 16,I 16 and Mile Marker 33.5,,Not a Collision with Motor Vehicle,1,Rain,Wet,Daylight
2022-10-24T13:07:00.000,I 16,I 16 and Mile Marker 33,,Not a Collision with Motor Vehicle,1,Clear,Dry,Daylight
2020-02-18T10:47:00.000,I 16,I 16 and Mile Marker 32,,Not a Collision with Motor Vehicle,1,Rain,Wet,Daylight
2020-02-18T08:07:00.000,I 16,I 16 and Mile Marker 32,,Not a Collision with Motor Vehicle,1,Rain,Wet,Daylight
2022-01-01T20:06:00.000,I 16,I 16 and Mile Marker 32,,Not a Collision with Motor Vehicle,1,Clear,Dry,Dark-Not Lighted
2022-09-23T19:10:00.000,I 16,I 16 and Mile Marker 32,,Not a Collision with Motor Vehicle,1,Clear,Dry,Daylight
2024-11-11T01:06:00.000,I 16,I 16 and Mile Marker 31.5,,Not a Collision with Motor Vehicle,1,Rain,Wet,Dark-Not Lighted
2024-10-20T19:42:00.000,I 16,I 16 and Mile Marker 31.5,,Not a Collision with Motor Vehicle,1,Clear,Dry,Dark-Not Lighted
2023-05-14T22:40:00.000,I 16,I 16 and Mile Marker 31,,Rear End,2,Clear,Dry,Dark-Not Lighted
2024-10-12T20:57:00.000,I 16,I 16 and Mile Marker 31,,Not a Collision with Motor Vehicle,1,Clear,Dry,Dark-Lighted
2024-08-17T13:22:00.000,I 16,I 16 and Mile Marker 31,,Rear End,2,Rain,Wet,Daylight
2020-11-13T02:53:00.000,I 16,I 16 and Mile Marker 305,,Not a Collision with Motor Vehicle,1,Clear,Dry,Dark-Not Lighted
2024-11-06T19:21:00.000,I 16,I 16 and Mile Marker 30.5,,Not a Collision with Motor Vehicle,1,Rain,Wet,Dark-Not Lighted
2021-03-03T19:00:00.000,I 16,I 16 and Mile Marker 30,,Not a Collision with Motor Vehicle,2,Clear,Dry,Dark-Not Lighted
2022-09-27T06:40:00.000,I 16,I 16 and Mile Marker 30,,Angle Crash,2,Clear,Dry,Daylight
2024-11-21T12:28:00.000,I 16,I 16 and Mile Marker 30,,Not a Collision with Motor Vehicle,2,Clear,Dry,Daylight
2021-09-11T06:28:00.000,I 16,I 16 and Mile Marker 3,,Not a Collision with Motor Vehicle,1,Clear,Dry,Dark-Not Lighted
2023-11-15T11:40:00.000,I 16,I 16 and Mile Marker 3,,Not a Collision with Motor Vehicle,1,Clear,Dry,Daylight
2024-09-13T13:27:00.000,I 16,I 16 and Mile Marker 29.5,,Not a Collision with Motor Vehicle,1,Rain,Wet,Daylight
2020-07-28T08:00:00.000,I 16,I 16 and Mile Marker 29,,Rear End,2,Clear,Dry,Daylight
2022-04-16T19:27:00.000,I 16,I 16 and Mile Marker 29,,Not a Collision with Motor Vehicle,1,Clear,Dry,Dusk
2024-10-24T16:02:00.000,I 16,I 16 and Mile Marker 29,,Not a Collision with Motor Vehicle,2,Clear,Dry,Daylight
2024-08-25T04:02:00.000,I 16,I 16 and Mile Marker 29,,(None),1,(None),(None),(None)
2024-10-16T15:43:00.000,I 16,I 16 and Mile Marker 29,,Not a Collision with Motor Vehicle,1,Clear,Dry,Dark-Not Lighted
2024-12-23T07:10:00.000,I 16,I 16 and Mile Marker 28,,Sideswipe-Same Direction,1,Clear,Dry,Daylight
2020-05-22T19:58:00.000,I 16,I 16 and Mile Marker 275,,Not a Collision with Motor Vehicle,1,Rain,Wet,Dusk
2021-03-06T21:00:00.000,I 16,I 16 and Mile Marker 27,,Not a Collision with Motor Vehicle,1,Clear,Dry,Dark-Not Lighted
2021-11-25T02:01:00.000,I 16,I 16 and Mile Marker 27,,Not a Collision with Motor Vehicle,1,Clear,Dry,Dark-Not Lighted
2021-10-08T04:33:00.000,I 16,I 16 and Mile Marker 27,,Not a Collision with Motor Vehicle,1,Rain,Wet,Dark-Not Lighted
2022-03-31T20:10:00.000,I 16,I 16 and Mile Marker 27,,Not a Collision with Motor Vehicle,2,Clear,Dry,Dark-Not Lighted
2024-12-29T10:51:00.000,I 16,I 16 and Mile Marker 27,,Not a Collision with Motor Vehicle,1,Cloudy,Dry,Daylight
2024-09-19T15:37:00.000,I 16,I 16 and Mile Marker 27,,Sideswipe-Same Direction,2,Clear,Dry,Daylight
2023-05-12T15:55:00.000,I 16,I 16 and Mile Marker 25.5,,Not a Collision with Motor Vehicle,1,Rain,Wet,Daylight
2023-03-27T13:49:00.000,I 16,I 16 and Mile Marker 25.5,,Sideswipe-Same Direction,2,Rain,Wet,Daylight
2020-10-30T20:45:00.000,I 16,I 16 and Mile Marker 25,,Not a Collision with Motor Vehicle,1,Clear,Dry,Dark-Lighted
2021-07-06T20:48:00.000,I 16,I 16 and Mile Marker 245,,Not a Collision with Motor Vehicle,1,Rain,Wet,Dark-Not Lighted