Date and Time,Roadway (From Crash Report),Intersection Name (from Crash Report),KABCO Severity,Manner of Collision (Crash Level) ,# of Vehicles per crash ,Weather Conditions (Crash Level),Surface Condition (Crash Level) ,Light Conditions (Crash Level)
2022-04-12T07:07:00.000,I 16,I 16 and Mile Marker 24.5,,Not a Collision with Motor Vehicle,1,Clear,Dry,Dark-Not Lighted
2023-01-25T08:11:00.000,I 16,I 16 and Mile Marker 24,,Angle Crash,3,Rain,Wet,Daylight
2023-06-19T16:30:00.000,I 16,I 16 and Mile Marker 23.5,,Not a Collision with Motor Vehicle,1,Rain,Wet,Daylight
2023-12-19T12:20:00.000,I 16,I 16 and Mile Marker 23,,Sideswipe-Same Direction,2,Clear,Dry,Daylight
2021-09-29T07:42:00.000,I 16,I 16 and Mile Marker 22,,Not a Collision with Motor Vehicle,1,Clear,Dry,Daylight
2021-07-09T18:13:00.000,I 16,I 16 and Mile Marker 22,,Not a Collision with Motor Vehicle,1,Rain,Wet,Dusk
2020-01-16T23:05:00.000,I 16,I 16 and Mile Marker 215,,Rear End,2,Clear,Dry,Dark-Not Lighted
2020-11-08T19:44:00.000,I 16,I 16 and Mile Marker 215,,Not a Collision with Motor Vehicle,1,Cloudy,Dry,Dark-Not Lighted
2024-03-29T12:13:00.000,I 16,I 16 and Mile Marker 21.5,,Sideswipe-Same Direction,2,Clear,Dry,Daylight
2024-11-21T16:02:00.000,I 16,I 16 and Mile Marker 21,,Not a Collision with Motor Vehicle,2,Clear,Dry,Daylight
2021-06-07T14:41:00.000,I 16,I 16 and Mile Marker 205,,Not a Collision with Motor Vehicle,1,Rain,Wet,Daylight
2021-11-04T13:51:00.000,I 16,I 16 and Mile Marker 20,,Not a Collision with Motor Vehicle,1,Clear,Dry,Daylight
2020-05-29T12:37:00.000,I 16,I 16 and Mile Marker 20,,Not a Collision with Motor Vehicle,1,Clear,Dry,Daylight
2023-11-27T07:48:00.000,I 16,I 16 and Mile Marker 20,,Not a Collision with Motor Vehicle,1,Clear,Dry,Daylight
2022-05-31T10:55:00.000,I 16,I 16 and Mile Marker 2 Exit Rp,,Not a Collision with Motor Vehicle,1,Cloudy,Dry,Daylight
2023-01-04T14:03:00.000,I 16,I 16 and Mile Marker 2,,Sideswipe-Same Direction,3,Clear,Wet,Daylight
2022-05-25T08:47:00.000,I 16,I 16 and Mile Marker 2,,Not a Collision with Motor Vehicle,3,Cloudy,Dry,Daylight
2022-06-01T15:14:00.000,I 16,I 16 and Mile Marker 2,,Sideswipe-Same Direction,2,Clear,Dry,Daylight
2022-05-05T14:40:00.000,I 16,I 16 and Mile Marker 2,,Sideswipe-Same Direction,2,Clear,Dry,Daylight
2022-05-12T13:42:00.000,I 16,I 16 and Mile Marker 2,,Sideswipe-Same Direction,2,Clear,Dry,Daylight
2024-12-01T15:00:00.000,I 16,I 16 and Mile Marker 2,,Rear End,7,Clear,Dry,Daylight
2024-12-01T14:46:00.000,I 16,I 16 and Mile Marker 2,,Rear End,3,Clear,Dry,Daylight
2024-03-20T19:17:00.000,I 16,I 16 and Mile Marker 2,,Not a Collision with Motor Vehicle,2,Clear,Dry,Daylight
2024-06-28T12:12:00.000,I 16,I 16 and Mile Marker 2,,Sideswipe-Same Direction,3,Clear,Dry,Daylight
2020-04-24T11:00:00.000,I 16,I 16 and Mile Marker 19,,Not a Collision with Motor Vehicle,1,Clear,Dry,Daylight
2022-03-15T10:57:00.000,I 16,I 16 and Mile Marker 19,,Not a Collision with Motor Vehicle,1,Clear,Dry,Daylight
2022-05-07T09:04:00.000,I 16,I 16 and Mile Marker 18,,Not a Collision with Motor Vehicle,1,Clear,Dry,Daylight
2022-05-20T05:05:00.000,I 16,I 16 and Mile Marker 18,,Not a Collision with Motor Vehicle,1,Clear,Dry,Dark-Not Lighted
2023-01-16T18:29:00.000,I 16,I 16 and Mile Marker 18,,Not a Collision with Motor Vehicle,1,Clear,Dry,Dark-Not Lighted
2023-06-15T06:08:00.000,I 16,I 16 and Mile Marker 18,,Not a Collision with Motor Vehicle,1,Cloudy,Wet,Dark-Lighted
2023-05-14T22:45:00.000,I 16,I 16 and Mile Marker 18,,Angle Crash,3,Clear,Dry,Dark-Not Lighted
2020-09-14T15:23:00.000,I 16,I 16 and Mile Marker 175,,Rear End,2,Clear,Dry,Daylight
2020-09-20T09:24:00.000,I 16,I 16 and Mile Marker 17,,Not a Collision with Motor Vehicle,1,Clear,Dry,Daylight
2023-07-04T18:39:00.000,I 16,I 16 and Mile Marker 17,,Not a Collision with Motor Vehicle,1,Rain,Wet,Daylight
2023-07-07T20:06:00.000,I 16,I 16 and Mile Marker 166,,Rear End,2,Rain,Wet,Daylight
2021-07-03T02:25:00.000,I 16,I 16 and Mile Marker 166,,Not a Collision with Motor Vehicle,1,Clear,Dry,Dark-Lighted
2021-07-17T04:50:00.000,I 16,I 16 and Mile Marker 165,,Not a Collision with Motor Vehicle,1,Clear,Dry,Dark-Lighted
2022-03-18T03:55:00.000,I 16,I 16 and Mile Marker 165,,Not a Collision with Motor Vehicle,1,Clear,Dry,Dark-Lighted
2022-10-01T01:30:00.000,I 16,I 16 and Mile Marker 165,,Rear End,2,Cloudy,Dry,Dark-Lighted
2022-06-14T12:22:00.000,I 16,I 16 and Mile Marker 165,,Sideswipe-Same Direction,2,Clear,Dry,Daylight
2022-09-01T18:20:00.000,I 16,I 16 and Mile Marker 164,,Rear End,2,Rain,Water (standing or moving),Daylight
2022-09-01T18:00:00.000,I 16,I 16 and Mile Marker 164,,Rear End,2,Rain,Water (standing or moving),Daylight
2021-11-28T01:20:00.000,I 16,I 16 and Mile Marker 163,,Sideswipe-Same Direction,2,Clear,Dry,Dark-Not Lighted
2020-06-19T03:02:00.000,I 16,I 16 and Mile Marker 163,,Angle Crash,1,Clear,Dry,Dark-Lighted
2020-06-02T11:02:00.000,I 16,I 16 and Mile Marker 163,,Rear End,2,Clear,Dry,Daylight
2022-07-25T16:30:00.000,I 16,I 16 and Mile Marker 163,,Rear End,3,Clear,Dry,Daylight
2022-01-19T09:46:00.000,I 16,I 16 and Mile Marker 163,,Rear End,2,Cloudy,Dry,Daylight
2023-02-19T00:41:00.000,I 16,I 16 and Mile Marker 163,,Rear End,3,Clear,Dry,Dark-Lighted
2023-03-15T15:59:00.000,I 16,I 16 and Mile Marker 163,,Angle Crash,2,Clear,Dry,Daylight
2021-04-19T15:14:00.000,I 16,I 16 and Mile Marker 162,,Rear End,2,Clear,Dry,Daylight
2024-03-21T22:30:00.000,I 16,I 16 and Mile Marker 162,,Not a Collision with Motor Vehicle,1,Clear,Dry,Dark-Not Lighted
2023-03-18T02:36:00.000,I 16,I 16 and Mile Marker 161,,Sideswipe-Same Direction,3,Rain,Wet,Dark-Not Lighted
2020-08-08T22:25:00.000,I 16,I 16 and Mile Marker 161,,Not a Collision with Motor Vehicle,1,Clear,Dry,Dark-Lighted
2023-01-16T05:10:00.000,I 16,I 16 and Mile Marker 161,,Sideswipe-Same Direction,2,Cloudy,Dry,Dark-Not Lighted
2023-06-07T13:30:00.000,I 16,I 16 and Mile Marker 160,,Rear End,2,Cloudy,Dry,Daylight
2023-07-10T09:55:00.000,I 16,I 16 and Mile Marker 160,,Not a Collision with Motor Vehicle,1,Clear,Dry,Daylight
2020-07-07T18:05:00.000,I 16,I 16 and Mile Marker 160,,Rear End,2,Clear,Dry,Daylight
2021-03-06T09:00:00.000,I 16,I 16 and Mile Marker 160,,Not a Collision with Motor Vehicle,1,Clear,Dry,Daylight
2022-01-09T19:08:00.000,I 16,I 16 and Mile Marker 16.5,,Not a Collision with Motor Vehicle,1,Rain,Wet,Dusk
2024-07-19T16:10:00.000,I 16,I 16 and Mile Marker 16.5,,Rear End,2,Rain,Wet,Daylight
2024-07-11T09:15:00.000,I 16,I 16 and Mile Marker 16.5,,Not a Collision with Motor Vehicle,1,Clear,Dry,Daylight
2020-01-03T09:03:00.000,I 16,I 16 and Mile Marker 16,,Sideswipe-Same Direction,2,Cloudy,Dry,Daylight
2021-12-06T16:37:00.000,I 16,I 16 and Mile Marker 16,,Not a Collision with Motor Vehicle,1,Rain,Wet,Dusk
2024-07-05T23:43:00.000,I 16,I 16 and Mile Marker 16,,(None),1,(None),(None),(None)
2023-10-09T11:45:00.000,I 16,I 16 and Mile Marker 159,,Sideswipe-Same Direction,2,Clear,Dry,Daylight
2022-01-19T07:02:00.000,I 16,I 16 and Mile Marker 159,,Rear End,2,Clear,Dry,Daylight
2020-07-07T18:09:00.000,I 16,I 16 and Mile Marker 159,,Rear End,2,Cloudy,Wet,Daylight
2021-01-15T18:20:00.000,I 16,I 16 and Mile Marker 159,,Rear End,3,Rain,Wet,Dark-Lighted
2022-04-28T22:00:00.000,I 16,I 16 and Mile Marker 159,,Rear End,2,Clear,Dry,Dark-Not Lighted
2020-06-19T07:48:00.000,I 16,I 16 and Mile Marker 158,,Rear End,2,Clear,Dry,Daylight
2024-08-02T19:42:00.000,I 16,I 16 and Mile Marker 157B I95,,Rear End,2,Rain,Wet,Dark-Lighted
2020-07-14T03:26:00.000,I 16,I 16 and Mile Marker 1575 Exit 157B,,Rear End,2,Clear,Dry,Dark-Not Lighted
2024-05-29T06:51:00.000,I 16,I 16 and Mile Marker 157 A,,Sideswipe-Same Direction,2,Clear,Dry,Daylight
2020-02-19T17:22:00.000,I 16,I 16 and Mile Marker 157,,Not a Collision with Motor Vehicle,2,Clear,Dry,Daylight
2024-06-05T00:12:00.000,I 16,I 16 and Mile Marker 157,,Rear End,2,Clear,Dry,Dark-Not Lighted
2024-08-19T10:00:00.000,I 16,I 16 and Mile Marker 157,,Not a Collision with Motor Vehicle,1,Clear,Dry,Daylight
2020-01-26T15:59:00.000,I 16,I 16 and Mile Marker 155,,Not a Collision with Motor Vehicle,1,Clear,Dry,Daylight
2024-01-25T22:30:00.000,I 16,I 16 and Mile Marker 154,,Angle Crash,1,Cloudy,Wet,Dark-Not Lighted
2021-05-20T06:25:00.000,I 16,I 16 and Mile Marker 152,,Rear End,2,Clear,Dry,Daylight
2020-05-08T07:10:00.000,I 16,I 16 and Mile Marker 152,,Not a Collision with Motor Vehicle,1,Clear,Dry,Daylight
2024-03-05T07:25:00.000,I 16,I 16 and Mile Marker 152,,Not a Collision with Motor Vehicle,1,Fog,Dry,Daylight
2024-07-03T14:42:00.000,I 16,I 16 and Mile Marker 152,,Angle Crash,2,Cloudy,Wet,Daylight
2021-05-20T16:00:00.000,I 16,I 16 and Mile Marker 151,,Not a Collision with Motor Vehicle,1,Clear,Dry,Daylight
2022-08-20T12:45:00.000,I 16,I 16 and Mile Marker 151,,Rear End,2,Clear,Dry,Daylight
2023-03-12T16:50:00.000,I 16,I 16 and Mile Marker 151,,Sideswipe-Same Direction,2,Rain,Wet,Daylight
2020-09-04T13:25:00.000,I 16,I 16 and Mile Marker 150,,Rear End,2,Clear,Dry,Daylight
2022-10-25T08:50:00.000,I 16,I 16 and Mile Marker 150,,Sideswipe-Same Direction,2,Clear,Dry,Daylight
2022-08-15T17:41:00.000,I 16,I 16 and Mile Marker 150,,Sideswipe-Same Direction,2,Clear,Dry,Daylight
2023-11-26T11:24:00.000,I 16,I 16 and Mile Marker 15.5,,Not a Collision with Motor Vehicle,1,Rain,Wet,Daylight
2024-11-26T14:52:00.000,I 16,I 16 and Mile Marker 15.5,,Not a Collision with Motor Vehicle,1,Cloudy,Dry,Daylight
2023-04-01T15:18:00.000,I 16,I 16 and Mile Marker 15,,Not a Collision with Motor Vehicle,1,Clear,Dry,Daylight
2020-01-03T16:29:00.000,I 16,I 16 and Mile Marker 15,,Not a Collision with Motor Vehicle,1,Rain,Wet,Daylight
2020-12-31T09:47:00.000,I 16,I 16 and Mile Marker 15,,Not a Collision with Motor Vehicle,1,Clear,Dry,Daylight
2022-08-19T13:54:00.000,I 16,I 16 and Mile Marker 15,,Not a Collision with Motor Vehicle,1,Rain,Wet,Daylight
2024-12-24T02:09:00.000,I 16,I 16 and Mile Marker 15,,Not a Collision with Motor Vehicle,1,Clear,Dry,Dark-Not Lighted
2023-11-12T15:05:00.000,I 16,I 16 and Mile Marker 15,,Sideswipe-Same Direction,3,Cloudy,Dry,Daylight
2022-12-16T14:15:00.000,I 16,I 16 and Mile Marker 149,,Sideswipe-Same Direction,2,Clear,Dry,Daylight
2021-08-03T20:55:00.000,I 16,I 16 and Mile Marker 149,,Not a Collision with Motor Vehicle,1,Rain,Wet,Dark-Not Lighted
2020-09-07T11:45:00.000,I 16,I 16 and Mile Marker 148,,Rear End,2,Cloudy,Dry,Daylight
2020-04-23T17:38:00.000,I 16,I 16 and Mile Marker 148,,Not a Collision with Motor Vehicle,1,Rain,Wet,Daylight
2020-04-19T17:30:00.000,I 16,I 16 and Mile Marker 148,,Not a Collision with Motor Vehicle,1,Rain,Wet,Daylight
2020-04-23T17:38:00.000,I 16,I 16 and Mile Marker 148,,Not a Collision with Motor Vehicle,1,Rain,Wet,Daylight
2020-09-07T11:30:00.000,I 16,I 16 and Mile Marker 148,,Rear End,2,Cloudy,Dry,Daylight
2021-08-28T14:45:00.000,I 16,I 16 and Mile Marker 148,,Sideswipe-Same Direction,2,Clear,Dry,Daylight
2021-04-11T19:02:00.000,I 16,I 16 and Mile Marker 1465,,Rear End,2,Clear,Dry,Daylight
2023-03-12T16:00:00.000,I 16,I 16 and Mile Marker 146.5,,Not a Collision with Motor Vehicle,1,Rain,Wet,Daylight
2020-06-20T16:25:00.000,I 16,I 16 and Mile Marker 146,,Not a Collision with Motor Vehicle,1,Clear,Dry,Daylight
2023-05-18T18:22:00.000,I 16,I 16 and Mile Marker 146,,Not a Collision with Motor Vehicle,1,Rain,Wet,Daylight
2023-04-19T16:43:00.000,I 16,I 16 and Mile Marker 145,,Rear End,2,Clear,Dry,Daylight
2024-02-09T11:27:00.000,I 16,I 16 and Mile Marker 145,,Not a Collision with Motor Vehicle,1,Clear,Dry,Daylight
2020-02-12T07:14:00.000,I 16,I 16 and Mile Marker 144,,Rear End,2,Clear,Dry,Daylight
2021-10-16T20:45:00.000,I 16,I 16 and Mile Marker 144,,Not a Collision with Motor Vehicle,1,Clear,Dry,Dark-Lighted
2021-03-15T16:08:00.000,I 16,I 16 and Mile Marker 143,,Rear End,3,Clear,Dry,Daylight
2023-02-27T04:50:00.000,I 16,I 16 and Mile Marker 143,,Angle Crash,2,Clear,Dry,Dark-Not Lighted
2024-02-05T06:08:00.000,I 16,I 16 and Mile Marker 143,,Angle Crash,2,Cloudy,Dry,Daylight
2021-05-13T05:36:00.000,I 16,I 16 and Mile Marker 142,,Rear End,3,Cloudy,Dry,Dawn
2022-09-02T08:34:00.000,I 16,I 16 and Mile Marker 141,,Sideswipe-Same Direction,2,Clear,Dry,Daylight
2023-06-05T18:51:00.000,I 16,I 16 and Mile Marker 141,,Rear End,2,Clear,Dry,Daylight
2023-07-15T13:45:00.000,I 16,I 16 and Mile Marker 140,,Angle Crash,2,Clear,Dry,Daylight
2023-01-14T14:16:00.000,I 16,I 16 and Mile Marker 140,,Sideswipe-Same Direction,2,Clear,Dry,Daylight
2022-08-17T08:40:00.000,I 16,I 16 and Mile Marker 140,,Sideswipe-Same Direction,2,Clear,Dry,Daylight
2023-06-17T22:14:00.000,I 16,I 16 and Mile Marker 140,,Angle Crash,2,Rain,Wet,Dark-Not Lighted
2021-03-21T16:17:00.000,I 16,I 16 and Mile Marker 1395,,Not a Collision with Motor Vehicle,1,Rain,Wet,Daylight
2024-02-05T16:00:00.000,I 16,I 16 and Mile Marker 139,,Angle Crash,2,Rain,Wet,Daylight
2023-04-23T13:45:00.000,I 16,I 16 and Mile Marker 139,,Sideswipe-Same Direction,2,Clear,Dry,Daylight
2024-02-12T18:10:00.000,I 16,I 16 and Mile Marker 139,,Sideswipe-Same Direction,2,Rain,Wet,Dark-Not Lighted
2022-02-15T17:01:00.000,I 16,I 16 and Mile Marker 138,,Angle Crash,2,Clear,Dry,Daylight
2021-07-03T13:58:00.000,I 16,I 16 and Mile Marker 138,,Rear End,2,Clear,Dry,Daylight
2022-12-12T18:00:00.000,I 16,I 16 and Mile Marker 138,,(None),2,(None),(None),(None)
2021-08-13T16:55:00.000,I 16,I 16 and Mile Marker 1375,,Rear End,2,Clear,Dry,Daylight
2021-05-14T12:12:00.000,I 16,I 16 and Mile Marker 137,,Not a Collision with Motor Vehicle,1,Clear,Dry,Daylight
2021-05-05T19:32:00.000,I 16,I 16 and Mile Marker 137,,Not a Collision with Motor Vehicle,1,Clear,Dry,Daylight
2021-06-08T17:43:00.000,I 16,I 16 and Mile Marker 137,,Rear End,2,Clear,Dry,Daylight
2021-01-25T07:13:00.000,I 16,I 16 and Mile Marker 137,,Rear End,2,Cloudy,Dry,Dawn
2021-04-21T15:15:00.000,I 16,I 16 and Mile Marker 137,,Sideswipe-Same Direction,1,Clear,Dry,Daylight
2021-01-02T16:53:00.000,I 16,I 16 and Mile Marker 137,,Not a Collision with Motor Vehicle,1,Rain,Wet,Daylight
2023-06-17T22:48:00.000,I 16,I 16 and Mile Marker 137,,Not a Collision with Motor Vehicle,1,Rain,Wet,Dark-Not Lighted
2020-02-17T22:57:00.000,I 16,I 16 and Mile Marker 137,,Rear End,2,Cloudy,Dry,Dark-Not Lighted
2020-02-27T05:50:00.000,I 16,I 16 and Mile Marker 137,,Rear End,2,Clear,Dry,Daylight
2021-02-25T15:57:00.000,I 16,I 16 and Mile Marker 137,,Rear End,2,Clear,Dry,Daylight
2021-07-17T11:55:00.000,I 16,I 16 and Mile Marker 137,,Rear End,2,Clear,Dry,Daylight
2021-12-17T05:00:00.000,I 16,I 16 and Mile Marker 137,,Not a Collision with Motor Vehicle,1,Cloudy,Wet,Dark-Not Lighted
2022-11-02T06:28:00.000,I 16,I 16 and Mile Marker 137,,Sideswipe-Same Direction,2,Clear,Dry,Dark-Not Lighted
2022-12-11T00:38:00.000,I 16,I 16 and Mile Marker 137,,Not a Collision with Motor Vehicle,1,Clear,Dry,Dark-Not Lighted
2023-02-23T09:20:00.000,I 16,I 16 and Mile Marker 137,,Not a Collision with Motor Vehicle,1,Clear,Dry,Daylight
2023-08-01T21:00:00.000,I 16,I 16 and Mile Marker 137,,Not a Collision with Motor Vehicle,1,Clear,Dry,Dark-Not Lighted
2023-04-29T20:15:00.000,I 16,I 16 and Mile Marker 137,,Rear End,2,Rain,Wet,Dark-Not Lighted
2024-09-02T10:20:00.000,I 16,I 16 and Mile Marker 137,,Not a Collision with Motor Vehicle,1,Rain,Wet,Daylight
2021-05-01T00:40:00.000,I 16,I 16 and Mile Marker 1365,,Angle Crash,2,Cloudy,Dry,Dark-Not Lighted
2022-11-01T17:27:00.000,I 16,I 16 and Mile Marker 136.5,,Rear End,2,Clear,Dry,Daylight
2022-01-02T23:07:00.000,I 16,I 16 and Mile Marker 136.5,,Not a Collision with Motor Vehicle,1,Rain,Wet,Dark-Not Lighted
2022-07-05T15:30:00.000,I 16,I 16 and Mile Marker 136.5,,Not a Collision with Motor Vehicle,1,Clear,Dry,Daylight
2024-07-07T16:06:00.000,I 16,I 16 and Mile Marker 136.5,,Rear End,2,Clear,Dry,Daylight
2021-06-08T13:28:00.000,I 16,I 16 and Mile Marker 136,,Rear End,2,Clear,Dry,Daylight
2023-06-23T15:53:00.000,I 16,I 16 and Mile Marker 136,,Not a Collision with Motor Vehicle,1,Clear,Dry,Daylight
2023-05-27T12:23:00.000,I 16,I 16 and Mile Marker 136,,Not a Collision with Motor Vehicle,1,Rain,Wet,Daylight
2020-12-23T15:50:00.000,I 16,I 16 and Mile Marker 136,,Sideswipe-Same Direction,2,Clear,Dry,Daylight
2021-02-24T08:02:00.000,I 16,I 16 and Mile Marker 136,,Rear End,2,Clear,Dry,Daylight
2022-11-02T08:25:00.000,I 16,I 16 and Mile Marker 136,,Rear End,2,Clear,Dry,Daylight
2022-01-03T17:35:00.000,I 16,I 16 and Mile Marker 136,,Sideswipe-Same Direction,2,Cloudy,Dry,Daylight
2022-02-20T10:14:00.000,I 16,I 16 and Mile Marker 136,,Not a Collision with Motor Vehicle,1,Clear,Dry,Daylight
2023-06-23T15:53:00.000,I 16,I 16 and Mile Marker 136,,Rear End,2,Clear,Dry,Daylight
2023-06-23T15:53:00.000,I 16,I 16 and Mile Marker 136,,Rear End,2,Clear,Dry,Daylight
2023-12-12T18:18:00.000,I 16,I 16 and Mile Marker 136,,Sideswipe-Same Direction,2,Cloudy,Dry,Dark-Not Lighted
2024-06-14T18:41:00.000,I 16,I 16 and Mile Marker 136,,Angle Crash,2,Clear,Dry,Daylight
2024-09-17T08:18:00.000,I 16,I 16 and Mile Marker 136,,Rear End,2,Clear,Dry,Daylight
2021-07-08T17:40:00.000,I 16,I 16 and Mile Marker 135,,Rear End,2,Clear,Dry,Daylight
2021-07-09T00:00:00.000,I 16,I 16 and Mile Marker 135,,Rear End,2,Clear,Dry,Daylight
2023-05-21T18:50:00.000,I 16,I 16 and Mile Marker 135,,Not a Collision with Motor Vehicle,1,Rain,Wet,Daylight
2020-09-30T22:08:00.000,I 16,I 16 and Mile Marker 135,,Not a Collision with Motor Vehicle,1,Clear,Dry,Dark-Not Lighted
2020-11-25T20:57:00.000,I 16,I 16 and Mile Marker 135,,Not a Collision with Motor Vehicle,1,Clear,Dry,Dark-Not Lighted
2020-01-30T19:40:00.000,I 16,I 16 and Mile Marker 135,,Rear End,2,Clear,Dry,Dark-Not Lighted
2020-08-18T18:10:00.000,I 16,I 16 and Mile Marker 135,,Not a Collision with Motor Vehicle,1,Rain,Wet,Daylight
2020-11-25T20:55:00.000,I 16,I 16 and Mile Marker 135,,Rear End,2,Clear,Dry,Dark-Not Lighted
2020-12-01T18:51:00.000,I 16,I 16 and Mile Marker 135,,Not a Collision with Motor Vehicle,3,Clear,Dry,Dark-Not Lighted
2021-03-17T04:40:00.000,I 16,I 16 and Mile Marker 135,,Not a Collision with Motor Vehicle,1,Fog,Wet,Dark-Lighted
2021-06-27T00:07:00.000,I 16,I 16 and Mile Marker 135,,Not a Collision with Motor Vehicle,1,Clear,Dry,Dark-Not Lighted
2022-08-07T18:23:00.000,I 16,I 16 and Mile Marker 135,,Rear End,2,Clear,Dry,Daylight
2022-12-06T16:32:00.000,I 16,I 16 and Mile Marker 135,,Rear End,3,Clear,Dry,Daylight
2024-06-28T16:30:00.000,I 16,I 16 and Mile Marker 135,,Not a Collision with Motor Vehicle,1,Rain,Wet,Daylight
2024-03-01T15:24:00.000,I 16,I 16 and Mile Marker 135,,Not a Collision with Motor Vehicle,1,Rain,Wet,Daylight
2023-08-30T15:34:00.000,I 16,I 16 and Mile Marker 135,,Not a Collision with Motor Vehicle,1,Rain,Wet,Daylight
2023-11-07T16:08:00.000,I 16,I 16 and Mile Marker 135,,Sideswipe-Same Direction,2,Clear,Dry,Daylight
2024-06-07T05:42:00.000,I 16,I 16 and Mile Marker 135,,Sideswipe-Same Direction,2,Cloudy,Dry,Dawn
2024-06-07T01:00:00.000,I 16,I 16 and Mile Marker 135,,Not a Collision with Motor Vehicle,1,Clear,Dry,Dark-Not Lighted
2023-05-27T13:23:00.000,I 16,I 16 and Mile Marker 134.5,,Not a Collision with Motor Vehicle,1,Rain,Wet,Daylight
2021-06-05T10:27:00.000,I 16,I 16 and Mile Marker 134,,Rear End,2,Clear,Dry,Daylight
2021-01-16T07:20:00.000,I 16,I 16 and Mile Marker 134,,Not a Collision with Motor Vehicle,1,Clear,Dry,Dawn
2023-09-04T15:50:00.000,I 16,I 16 and Mile Marker 134,,Not a Collision with Motor Vehicle,1,Clear,Dry,Daylight
2022-08-12T23:25:00.000,I 16,I 16 and Mile Marker 134,,Not a Collision with Motor Vehicle,1,Clear,Dry,Daylight
2020-10-30T19:14:00.000,I 16,I 16 and Mile Marker 134,,Not a Collision with Motor Vehicle,2,Clear,Dry,Dark-Not Lighted
2020-06-18T07:34:00.000,I 16,I 16 and Mile Marker 134,,Rear End,2,Clear,Dry,Daylight
2022-02-10T02:25:00.000,I 16,I 16 and Mile Marker 134,,Rear End,2,Clear,Dry,Dark-Not Lighted
2024-07-23T16:24:00.000,I 16,I 16 and Mile Marker 134,,Rear End,2,Clear,Dry,Daylight
2023-01-02T03:00:00.000,I 16,I 16 and Mile Marker 134,,Not a Collision with Motor Vehicle,1,Clear,Dry,Daylight
2024-11-04T06:20:00.000,I 16,I 16 and Mile Marker 134,,Not a Collision with Motor Vehicle,1,Clear,Dry,Dawn
2024-10-15T17:20:00.000,I 16,I 16 and Mile Marker 134,,Sideswipe-Same Direction,2,Clear,Dry,Daylight
2024-01-26T14:15:00.000,I 16,I 16 and Mile Marker 134,,Not a Collision with Motor Vehicle,2,Clear,Dry,Daylight
2023-01-22T19:38:00.000,I 16,I 16 and Mile Marker 133.5,,Not a Collision with Motor Vehicle,1,Rain,Wet,Dark-Not Lighted
2023-07-04T01:10:00.000,I 16,I 16 and Mile Marker 133.5,,Sideswipe-Same Direction,2,Clear,Dry,Dark-Not Lighted
2021-06-05T15:20:00.000,I 16,I 16 and Mile Marker 133,,Rear End,2,Clear,Dry,Daylight
2021-01-14T19:07:00.000,I 16,I 16 and Mile Marker 133,,Rear End,2,Cloudy,Dry,Dark-Not Lighted
2023-05-13T21:27:00.000,I 16,I 16 and Mile Marker 133,,Rear End,2,Clear,Dry,Dark-Not Lighted
2020-10-18T20:45:00.000,I 16,I 16 and Mile Marker 133,,Not a Collision with Motor Vehicle,1,Clear,Dry,Dark-Not Lighted
2020-07-04T02:40:00.000,I 16,I 16 and Mile Marker 133,,Rear End,2,Clear,Dry,Dark-Not Lighted
2021-06-04T14:55:00.000,I 16,I 16 and Mile Marker 133,,Rear End,2,Cloudy,Wet,Daylight
2021-09-08T17:40:00.000,I 16,I 16 and Mile Marker 133,,Not a Collision with Motor Vehicle,1,Rain,Wet,Daylight
2021-07-13T16:00:00.000,I 16,I 16 and Mile Marker 133,,Not a Collision with Motor Vehicle,1,Rain,Wet,Daylight
2022-09-10T19:00:00.000,I 16,I 16 and Mile Marker 133,,Not a Collision with Motor Vehicle,1,Rain,Wet,Daylight
2022-12-08T18:25:00.000,I 16,I 16 and Mile Marker 133,,Not a Collision with Motor Vehicle,1,Clear,Dry,Dark-Not Lighted
2024-07-14T19:00:00.000,I 16,I 16 and Mile Marker 133,,Not a Collision with Motor Vehicle,1,Clear,Dry,Daylight
2023-09-04T20:55:00.000,I 16,I 16 and Mile Marker 133,,Not a Collision with Motor Vehicle,1,Clear,Dry,Dark-Not Lighted