Date and Time,Roadway (From Crash Report),Intersection Name (from Crash Report),KABCO Severity,Manner of Collision (Crash Level) ,# of Vehicles per crash ,Weather Conditions (Crash Level),Surface Condition (Crash Level) ,Light Conditions (Crash Level)
2023-04-08T18:47:00.000,I 16,I 16 and Mile Marker 133,,Not a Collision with Motor Vehicle,1,Rain,Wet,Dusk
2024-06-14T17:00:00.000,I 16,I 16 and Mile Marker 133,,Sideswipe-Same Direction,2,Clear,Dry,Daylight
2024-07-23T06:28:00.000,I 16,I 16 and Mile Marker 133,,Rear End,2,Clear,Dry,Daylight
2021-10-31T04:45:00.000,I 16,I 16 and Mile Marker 132,,Not a Collision with Motor Vehicle,1,Clear,Dry,Dark-Not Lighted
2023-10-16T05:44:00.000,I 16,I 16 and Mile Marker 132,,Sideswipe-Same Direction,2,Rain,Wet,Dark-Not Lighted
2023-02-20T15:05:00.000,I 16,I 16 and Mile Marker 132,,Angle Crash,2,Clear,Dry,Daylight
2020-12-10T08:45:00.000,I 16,I 16 and Mile Marker 132,,Rear End,2,Clear,Dry,Daylight
2020-12-10T06:50:00.000,I 16,I 16 and Mile Marker 132,,Not a Collision with Motor Vehicle,1,Clear,Dry,Dawn
2022-07-01T17:20:00.000,I 16,I 16 and Mile Marker 132,,Rear End,2,Cloudy,Dry,Daylight
2022-06-20T16:00:00.000,I 16,I 16 and Mile Marker 132,,Not a Collision with Motor Vehicle,1,Clear,Dry,Daylight
2022-03-21T12:00:00.000,I 16,I 16 and Mile Marker 132,,Not a Collision with Motor Vehicle,1,Clear,Dry,Daylight
2022-09-08T22:35:00.000,I 16,I 16 and Mile Marker 132,,Sideswipe-Same Direction,2,Rain,Wet,Dark-Not Lighted
2022-06-20T05:47:00.000,I 16,I 16 and Mile Marker 132,,Rear End,2,Clear,Dry,Daylight
2024-10-09T06:15:00.000,I 16,I 16 and Mile Marker 132,,Sideswipe-Same Direction,2,Clear,Dry,Dark-Not Lighted
2024-05-06T07:53:00.000,I 16,I 16 and Mile Marker 132,,Sideswipe-Same Direction,2,Cloudy,Dry,Daylight
2023-04-13T15:35:00.000,I 16,I 16 and Mile Marker 132,,Not a Collision with Motor Vehicle,1,Rain,Wet,Daylight
2023-04-13T15:48:00.000,I 16,I 16 and Mile Marker 132,,Rear End,2,Rain,Wet,Daylight
2024-05-15T03:15:00.000,I 16,I 16 and Mile Marker 132,,Not a Collision with Motor Vehicle,2,Cloudy,Dry,Dark-Not Lighted
2021-10-14T08:15:00.000,I 16,I 16 and Mile Marker 131.5,,Not a Collision with Motor Vehicle,1,Clear,Dry,Daylight
2020-06-05T21:17:00.000,I 16,I 16 and Mile Marker 131,,Not a Collision with Motor Vehicle,1,Rain,Wet,Dark-Not Lighted
2020-06-08T17:29:00.000,I 16,I 16 and Mile Marker 131,,Sideswipe-Same Direction,2,Rain,Wet,Daylight
2021-08-22T16:26:00.000,I 16,I 16 and Mile Marker 131,,Not a Collision with Motor Vehicle,1,Rain,Wet,Daylight
2022-06-28T15:00:00.000,I 16,I 16 and Mile Marker 131,,Not a Collision with Motor Vehicle,1,Rain,Wet,Daylight
2022-03-31T15:40:00.000,I 16,I 16 and Mile Marker 131,,Rear End,2,Cloudy,Wet,Daylight
2023-07-30T19:50:00.000,I 16,I 16 and Mile Marker 130,,Not a Collision with Motor Vehicle,1,Rain,Wet,Daylight
2022-07-28T20:45:00.000,I 16,I 16 and Mile Marker 130,,Not a Collision with Motor Vehicle,2,Clear,Dry,Dark-Not Lighted
2022-06-11T18:55:00.000,I 16,I 16 and Mile Marker 130,,Not a Collision with Motor Vehicle,1,Rain,Wet,Daylight
2024-06-13T15:25:00.000,I 16,I 16 and Mile Marker 130,,Sideswipe-Same Direction,2,Clear,Dry,Daylight
2023-06-19T10:00:00.000,I 16,I 16 and Mile Marker 130,,Not a Collision with Motor Vehicle,1,Clear,Dry,Daylight
2024-04-01T17:35:00.000,I 16,I 16 and Mile Marker 130,,Rear End,3,Clear,Dry,Daylight
2024-12-01T09:13:00.000,I 16,I 16 and Mile Marker 13.5,,Not a Collision with Motor Vehicle,1,Clear,Dry,Daylight
2022-09-01T21:00:00.000,I 16,I 16 and Mile Marker 13,,Sideswipe-Same Direction,2,Cloudy,Dry,Dark-Not Lighted
2021-11-26T05:34:00.000,I 16,I 16 and Mile Marker 129,,Angle Crash,2,Rain,Wet,Dark-Not Lighted
2023-06-11T16:48:00.000,I 16,I 16 and Mile Marker 129,,Not a Collision with Motor Vehicle,1,Rain,Wet,Daylight
2022-01-21T10:10:00.000,I 16,I 16 and Mile Marker 129,,Sideswipe-Same Direction,2,Rain,Wet,Dark-Not Lighted
2023-10-31T10:50:00.000,I 16,I 16 and Mile Marker 129,,Sideswipe-Same Direction,2,Clear,Dry,Daylight
2023-03-30T12:20:00.000,I 16,I 16 and Mile Marker 129,,Rear End,2,Clear,Dry,Daylight
2024-07-02T08:14:00.000,I 16,I 16 and Mile Marker 129,,Not a Collision with Motor Vehicle,2,Rain,Wet,Daylight
2021-10-26T17:39:00.000,I 16,I 16 and Mile Marker 128,,Not a Collision with Motor Vehicle,1,Clear,Dry,Daylight
2023-09-06T04:53:00.000,I 16,I 16 and Mile Marker 128,,Not a Collision with Motor Vehicle,1,Clear,Dry,Dark-Not Lighted
2020-10-12T16:45:00.000,I 16,I 16 and Mile Marker 128,,Sideswipe-Same Direction,2,Cloudy,Dry,Daylight
2020-05-18T13:30:00.000,I 16,I 16 and Mile Marker 128,,Not a Collision with Motor Vehicle,1,Rain,Wet,Daylight
2022-04-09T13:20:00.000,I 16,I 16 and Mile Marker 128,,Sideswipe-Same Direction,2,Cloudy,Dry,Daylight
2022-01-02T03:20:00.000,I 16,I 16 and Mile Marker 128,,Not a Collision with Motor Vehicle,1,Clear,Dry,Dark-Not Lighted
2022-04-14T12:20:00.000,I 16,I 16 and Mile Marker 128,,Not a Collision with Motor Vehicle,2,Cloudy,Dry,Daylight
2022-11-27T16:23:00.000,I 16,I 16 and Mile Marker 128,,Not a Collision with Motor Vehicle,1,Clear,Dry,Daylight
2023-09-14T15:03:00.000,I 16,I 16 and Mile Marker 128,,Sideswipe-Same Direction,2,Clear,Dry,Daylight
2024-07-21T19:20:00.000,I 16,I 16 and Mile Marker 128,,Not a Collision with Motor Vehicle,1,Rain,Wet,Daylight
2024-08-26T09:42:00.000,I 16,I 16 and Mile Marker 128,,Sideswipe-Same Direction,2,Cloudy,Dry,Daylight
2023-04-13T19:35:00.000,I 16,I 16 and Mile Marker 127.5,,Not a Collision with Motor Vehicle,1,Rain,Wet,Daylight
2022-10-27T16:18:00.000,I 16,I 16 and Mile Marker 127 Exit Rp,,Not a Collision with Motor Vehicle,1,Clear,Dry,Daylight
2022-07-16T18:20:00.000,I 16,I 16 and Mile Marker 127 Exit Rp,,Not a Collision with Motor Vehicle,1,Clear,Dry,Daylight
2020-07-23T14:25:00.000,I 16,I 16 and Mile Marker 127,,Not a Collision with Motor Vehicle,1,Clear,Dry,Daylight
2023-05-03T15:18:00.000,I 16,I 16 and Mile Marker 127,,Rear End,2,Clear,Dry,Daylight
2023-03-15T20:18:00.000,I 16,I 16 and Mile Marker 127,,Not a Collision with Motor Vehicle,1,Clear,Dry,Dark-Not Lighted
2023-02-24T16:15:00.000,I 16,I 16 and Mile Marker 127,,Rear End,2,Clear,Dry,Daylight
2020-03-13T23:30:00.000,I 16,I 16 and Mile Marker 127,,Not a Collision with Motor Vehicle,1,Clear,Dry,Dark-Not Lighted
2020-05-27T03:00:00.000,I 16,I 16 and Mile Marker 127,,Not a Collision with Motor Vehicle,1,Cloudy,Dry,Daylight
2020-11-09T14:45:00.000,I 16,I 16 and Mile Marker 127,,Rear End,2,Rain,Wet,Daylight
2020-03-13T23:30:00.000,I 16,I 16 and Mile Marker 127,,Not a Collision with Motor Vehicle,2,Clear,Dry,Dark-Not Lighted
2021-08-22T17:50:00.000,I 16,I 16 and Mile Marker 127,,Not a Collision with Motor Vehicle,1,Rain,Wet,Daylight
2022-05-12T16:50:00.000,I 16,I 16 and Mile Marker 127,,Not a Collision with Motor Vehicle,1,Clear,Dry,Daylight
2022-08-14T17:10:00.000,I 16,I 16 and Mile Marker 127,,Sideswipe-Same Direction,2,Clear,Dry,Daylight
2024-06-14T06:19:00.000,I 16,I 16 and Mile Marker 127,,Sideswipe-Same Direction,2,Clear,Dry,Daylight
2023-04-18T07:20:00.000,I 16,I 16 and Mile Marker 127,,Not a Collision with Motor Vehicle,1,Clear,Dry,Daylight
2023-05-03T15:38:00.000,I 16,I 16 and Mile Marker 127,,Rear End,2,Clear,Dry,Daylight
2024-08-10T01:19:00.000,I 16,I 16 and Mile Marker 127,,Not a Collision with Motor Vehicle,2,Clear,Dry,Dark-Not Lighted
2024-10-14T15:30:00.000,I 16,I 16 and Mile Marker 127,,Rear End,2,Clear,Dry,Daylight
2024-06-28T15:30:00.000,I 16,I 16 and Mile Marker 127,,Not a Collision with Motor Vehicle,1,Rain,Wet,Daylight
2020-03-30T11:06:00.000,I 16,I 16 and Mile Marker 126,,Not a Collision with Motor Vehicle,1,Clear,Dry,Daylight
2020-05-18T13:56:00.000,I 16,I 16 and Mile Marker 126,,Not a Collision with Motor Vehicle,1,Rain,Wet,Daylight
2022-04-07T22:25:00.000,I 16,I 16 and Mile Marker 126,,Not a Collision with Motor Vehicle,1,Clear,Dry,Dark-Not Lighted
2022-04-07T22:25:00.000,I 16,I 16 and Mile Marker 126,,Not a Collision with Motor Vehicle,1,Clear,Dry,Dark-Not Lighted
2022-11-17T08:13:00.000,I 16,I 16 and Mile Marker 126,,Not a Collision with Motor Vehicle,1,Cloudy,Dry,Daylight
2023-08-06T19:19:00.000,I 16,I 16 and Mile Marker 126,,Not a Collision with Motor Vehicle,1,Rain,Wet,Daylight
2020-07-16T15:45:00.000,I 16,I 16 and Mile Marker 125,,Sideswipe-Same Direction,1,Clear,Dry,Daylight
2020-02-11T11:05:00.000,I 16,I 16 and Mile Marker 125,,Not a Collision with Motor Vehicle,1,Cloudy,Dry,Daylight
2023-08-15T20:45:00.000,I 16,I 16 and Mile Marker 125,,Not a Collision with Motor Vehicle,1,Rain,Wet,Dark-Not Lighted
2024-08-05T23:05:00.000,I 16,I 16 and Mile Marker 125,,Not a Collision with Motor Vehicle,1,Rain,Wet,Dark-Not Lighted
2021-04-21T18:38:00.000,I 16,I 16 and Mile Marker 124,,Not a Collision with Motor Vehicle,2,Clear,Dry,Daylight
2023-03-31T18:15:00.000,I 16,I 16 and Mile Marker 124,,Not a Collision with Motor Vehicle,1,Clear,Dry,Daylight
2023-11-03T14:58:00.000,I 16,I 16 and Mile Marker 124,,Not a Collision with Motor Vehicle,1,Cloudy,Dry,Daylight
2021-04-21T18:38:00.000,I 16,I 16 and Mile Marker 124,,Not a Collision with Motor Vehicle,2,Clear,Dry,Daylight
2021-04-21T18:38:00.000,I 16,I 16 and Mile Marker 124,,Not a Collision with Motor Vehicle,2,Clear,Dry,Daylight
2021-08-08T18:32:00.000,I 16,I 16 and Mile Marker 124,,Not a Collision with Motor Vehicle,1,Rain,Wet,Daylight
2022-08-06T15:44:00.000,I 16,I 16 and Mile Marker 124,,Sideswipe-Same Direction,2,Rain,Wet,Daylight
2022-08-27T17:05:00.000,I 16,I 16 and Mile Marker 124,,Not a Collision with Motor Vehicle,1,Rain,Wet,Daylight
2024-05-03T02:36:00.000,I 16,I 16 and Mile Marker 124,,Not a Collision with Motor Vehicle,1,Clear,Dry,Dark-Not Lighted
2024-06-04T11:40:00.000,I 16,I 16 and Mile Marker 124,,Sideswipe-Same Direction,2,Clear,Dry,Daylight
2024-06-29T19:40:00.000,I 16,I 16 and Mile Marker 124,,Not a Collision with Motor Vehicle,1,Cloudy,Wet,Daylight
2020-07-17T13:04:00.000,I 16,I 16 and Mile Marker 1235,,Rear End,2,Cloudy,Dry,Daylight
2021-11-22T22:33:00.000,I 16,I 16 and Mile Marker 123.5,,Rear End,2,Clear,Dry,Dark-Not Lighted
2022-05-30T19:20:00.000,I 16,I 16 and Mile Marker 123.5,,Not a Collision with Motor Vehicle,1,Rain,Wet,Daylight
2021-07-17T12:10:00.000,I 16,I 16 and Mile Marker 123,,Sideswipe-Same Direction,2,Clear,Dry,Daylight
2020-10-07T20:39:00.000,I 16,I 16 and Mile Marker 123,,Rear End,2,Clear,Dry,Dark-Not Lighted
2021-07-19T06:13:00.000,I 16,I 16 and Mile Marker 123,,Rear End,2,Clear,Dry,Daylight
2022-01-04T17:50:00.000,I 16,I 16 and Mile Marker 123,,Not a Collision with Motor Vehicle,1,Clear,Dry,Dusk
2022-10-11T20:35:00.000,I 16,I 16 and Mile Marker 123,,Not a Collision with Motor Vehicle,1,Clear,Dry,Dark-Not Lighted
2024-06-01T09:41:00.000,I 16,I 16 and Mile Marker 123,,Not a Collision with Motor Vehicle,2,Clear,Dry,Daylight
2023-06-23T21:36:00.000,I 16,I 16 and Mile Marker 123,,Not a Collision with Motor Vehicle,1,Rain,Wet,Dark-Not Lighted
2024-03-22T02:47:00.000,I 16,I 16 and Mile Marker 123,,Not a Collision with Motor Vehicle,1,Clear,Dry,Dark-Not Lighted
2024-06-01T09:42:00.000,I 16,I 16 and Mile Marker 123,,Angle Crash,2,Clear,Dry,Daylight
2024-05-01T09:41:00.000,I 16,I 16 and Mile Marker 123,,Not a Collision with Motor Vehicle,2,Clear,Dry,Daylight
2023-06-04T21:22:00.000,I 16,I 16 and Mile Marker 122,,Angle Crash,1,Clear,Dry,Dark-Not Lighted
2020-02-21T08:09:00.000,I 16,I 16 and Mile Marker 122,,Not a Collision with Motor Vehicle,2,Clear,Dry,Daylight
2021-01-27T06:18:00.000,I 16,I 16 and Mile Marker 122,,Not a Collision with Motor Vehicle,1,Cloudy,Dry,Dark-Not Lighted
2021-12-30T14:50:00.000,I 16,I 16 and Mile Marker 122,,Sideswipe-Same Direction,2,Clear,Dry,Daylight
2022-11-20T21:50:00.000,I 16,I 16 and Mile Marker 122,,Rear End,2,Cloudy,Dry,Dark-Not Lighted
2022-05-25T13:08:00.000,I 16,I 16 and Mile Marker 122,,Sideswipe-Same Direction,2,Clear,Dry,Daylight
2022-10-16T23:00:00.000,I 16,I 16 and Mile Marker 122,,Not a Collision with Motor Vehicle,1,Clear,Dry,Dark-Not Lighted
2023-03-25T22:50:00.000,I 16,I 16 and Mile Marker 122,,Not a Collision with Motor Vehicle,1,Clear,Wet,Dark-Not Lighted
2023-09-09T16:25:00.000,I 16,I 16 and Mile Marker 122,,Not a Collision with Motor Vehicle,1,Clear,Dry,Daylight
2024-11-02T13:47:00.000,I 16,I 16 and Mile Marker 122,,Not a Collision with Motor Vehicle,1,Clear,Dry,Daylight
2022-11-10T19:00:00.000,I 16,I 16 and Mile Marker 121.5,,Not a Collision with Motor Vehicle,1,Rain,Wet,Dark-Not Lighted
2021-09-26T20:00:00.000,I 16,I 16 and Mile Marker 121,,Not a Collision with Motor Vehicle,1,Clear,Dry,Dark-Not Lighted
2020-11-20T15:36:00.000,I 16,I 16 and Mile Marker 121,,Not a Collision with Motor Vehicle,2,Clear,Dry,Daylight
2022-04-14T12:44:00.000,I 16,I 16 and Mile Marker 121,,Not a Collision with Motor Vehicle,2,Clear,Dry,Daylight
2022-01-19T11:38:00.000,I 16,I 16 and Mile Marker 121,,Sideswipe-Same Direction,2,Clear,Dry,Daylight
2022-08-27T17:25:00.000,I 16,I 16 and Mile Marker 121,,Not a Collision with Motor Vehicle,1,Rain,Wet,Daylight
2024-08-12T09:14:00.000,I 16,I 16 and Mile Marker 121,,Not a Collision with Motor Vehicle,1,Clear,Dry,Daylight
2023-05-12T18:58:00.000,I 16,I 16 and Mile Marker 121,,Not a Collision with Motor Vehicle,2,Cloudy,Dry,Daylight
2023-01-10T17:28:00.000,I 16,I 16 and Mile Marker 121,,Not a Collision with Motor Vehicle,1,Clear,Dry,Daylight
2020-05-30T12:27:00.000,I 16,I 16 and Mile Marker 120,,Not a Collision with Motor Vehicle,1,Clear,Dry,Daylight
2023-02-19T11:08:00.000,I 16,I 16 and Mile Marker 120,,Rear End,2,Clear,Dry,Daylight
2024-08-19T18:50:00.000,I 16,I 16 and Mile Marker 120,,Not a Collision with Motor Vehicle,1,Clear,Dry,Daylight
2024-08-19T18:55:00.000,I 16,I 16 and Mile Marker 120,,Not a Collision with Motor Vehicle,1,Clear,Dry,Daylight
2023-06-22T17:34:00.000,I 16,I 16 and Mile Marker 120,,Not a Collision with Motor Vehicle,1,Rain,Wet,Daylight
2020-02-22T17:47:00.000,I 16,I 16 and Mile Marker 12,,Not a Collision with Motor Vehicle,1,Cloudy,Dry,Daylight
2022-09-04T18:44:00.000,I 16,I 16 and Mile Marker 12,,Not a Collision with Motor Vehicle,1,Rain,Wet,Dusk
2024-11-28T02:54:00.000,I 16,I 16 and Mile Marker 12,,Not a Collision with Motor Vehicle,1,Clear,Dry,Dark-Not Lighted
2020-05-13T16:42:00.000,I 16,I 16 and Mile Marker 1195,,Rear End,2,Clear,Dry,Daylight
2023-07-15T15:00:00.000,I 16,I 16 and Mile Marker 119,,Not a Collision with Motor Vehicle,1,Rain,Wet,Daylight
2020-04-20T17:23:00.000,I 16,I 16 and Mile Marker 119,,Not a Collision with Motor Vehicle,1,Clear,Dry,Daylight
2021-05-09T19:06:00.000,I 16,I 16 and Mile Marker 119,,Not a Collision with Motor Vehicle,1,Clear,Dry,Daylight
2022-06-22T18:55:00.000,I 16,I 16 and Mile Marker 119,,Not a Collision with Motor Vehicle,1,Clear,Dry,Daylight
2022-02-14T22:04:00.000,I 16,I 16 and Mile Marker 119,,Not a Collision with Motor Vehicle,1,Clear,Dry,Dark-Not Lighted
2023-10-01T06:30:00.000,I 16,I 16 and Mile Marker 119,,Not a Collision with Motor Vehicle,1,Clear,Dry,Dark-Not Lighted
2021-09-06T12:15:00.000,I 16,I 16 and Mile Marker 118,,Sideswipe-Same Direction,2,Clear,Dry,Daylight
2023-04-24T21:45:00.000,I 16,I 16 and Mile Marker 118,,Not a Collision with Motor Vehicle,1,Clear,Dry,Dark-Not Lighted
2023-06-26T06:32:00.000,I 16,I 16 and Mile Marker 118,,Not a Collision with Motor Vehicle,2,Clear,Dry,Daylight
2020-08-10T22:34:00.000,I 16,I 16 and Mile Marker 118,,Not a Collision with Motor Vehicle,1,Clear,Dry,Dark-Not Lighted
2024-11-05T20:28:00.000,I 16,I 16 and Mile Marker 118,,Not a Collision with Motor Vehicle,1,Clear,Dry,Dark-Not Lighted
2021-10-24T18:15:00.000,I 16,I 16 and Mile Marker 117,,Sideswipe-Same Direction,2,Clear,Dry,Daylight
2023-06-10T11:46:00.000,I 16,I 16 and Mile Marker 117,,Not a Collision with Motor Vehicle,2,Clear,Dry,Daylight
2021-09-05T19:51:00.000,I 16,I 16 and Mile Marker 117,,Not a Collision with Motor Vehicle,1,Clear,Dry,Daylight
2022-05-11T04:50:00.000,I 16,I 16 and Mile Marker 117,,Not a Collision with Motor Vehicle,1,Clear,Dry,Dark-Not Lighted
2022-05-20T19:40:00.000,I 16,I 16 and Mile Marker 117,,Not a Collision with Motor Vehicle,1,Rain,Wet,Dark-Not Lighted
2022-04-18T07:05:00.000,I 16,I 16 and Mile Marker 117,,Not a Collision with Motor Vehicle,1,Rain,Wet,Daylight
2022-12-12T10:52:00.000,I 16,I 16 and Mile Marker 117,,Not a Collision with Motor Vehicle,1,Cloudy,Dry,Daylight
2024-10-22T07:10:00.000,I 16,I 16 and Mile Marker 117,,Not a Collision with Motor Vehicle,1,Clear,Dry,Dawn
2021-11-09T12:20:00.000,I 16,I 16 and Mile Marker 116 Off,,Sideswipe-Same Direction,2,Clear,Dry,Daylight
2020-11-17T06:10:00.000,I 16,I 16 and Mile Marker 116,,Sideswipe-Same Direction,2,Clear,Dry,Dawn
2020-10-01T20:20:00.000,I 16,I 16 and Mile Marker 116,,Not a Collision with Motor Vehicle,1,Clear,Dry,Dark-Not Lighted
2022-10-28T21:28:00.000,I 16,I 16 and Mile Marker 116,,Not a Collision with Motor Vehicle,1,Clear,Dry,Dark-Not Lighted
2022-06-30T10:53:00.000,I 16,I 16 and Mile Marker 116,,Sideswipe-Same Direction,2,Clear,Dry,Daylight
2024-01-26T11:30:00.000,I 16,I 16 and Mile Marker 116,,Rear End,2,Clear,Dry,Daylight
2023-11-26T18:05:00.000,I 16,I 16 and Mile Marker 116,,Rear End,3,Rain,Wet,Dark-Lighted
2023-07-30T02:10:00.000,I 16,I 16 and Mile Marker 115,,Not a Collision with Motor Vehicle,1,Rain,Wet,Dark-Not Lighted
2023-12-17T21:05:00.000,I 16,I 16 and Mile Marker 115,,Sideswipe-Same Direction,2,Cloudy,Dry,Dark-Not Lighted
2020-07-26T13:15:00.000,I 16,I 16 and Mile Marker 115,,Rear End,2,Clear,Dry,Daylight
2021-09-03T11:27:00.000,I 16,I 16 and Mile Marker 115,,Sideswipe-Same Direction,2,Clear,Dry,Daylight
2022-08-16T07:40:00.000,I 16,I 16 and Mile Marker 115,,Rear End,2,Clear,Dry,Daylight
2022-08-21T21:27:00.000,I 16,I 16 and Mile Marker 115,,Not a Collision with Motor Vehicle,1,Rain,Wet,Dark-Not Lighted
2024-10-09T21:40:00.000,I 16,I 16 and Mile Marker 115,,Not a Collision with Motor Vehicle,1,Clear,Dry,Dark-Not Lighted
2024-06-29T18:10:00.000,I 16,I 16 and Mile Marker 115,,Not a Collision with Motor Vehicle,1,Rain,Wet,Daylight
2023-03-17T23:25:00.000,I 16,I 16 and Mile Marker 115,,Not a Collision with Motor Vehicle,1,Rain,Wet,Dark-Not Lighted
2023-12-05T05:49:00.000,I 16,I 16 and Mile Marker 115,,Rear End,2,Cloudy,Dry,Dark-Not Lighted
2024-07-02T07:40:00.000,I 16,I 16 and Mile Marker 115,,Not a Collision with Motor Vehicle,1,Rain,Wet,Daylight
2024-11-29T20:30:00.000,I 16,I 16 and Mile Marker 115,,Sideswipe-Same Direction,2,Clear,Dry,Dark-Not Lighted
2020-03-13T13:05:00.000,I 16,I 16 and Mile Marker 1145,,Not a Collision with Motor Vehicle,2,Clear,Dry,Daylight
2020-08-04T08:58:00.000,I 16,I 16 and Mile Marker 1145,,Rear End,2,Clear,Dry,Daylight
2021-11-13T15:10:00.000,I 16,I 16 and Mile Marker 114.5,,Not a Collision with Motor Vehicle,1,Clear,Dry,Daylight
2022-07-10T13:50:00.000,I 16,I 16 and Mile Marker 114.5,,Sideswipe-Same Direction,2,Cloudy,Dry,Daylight
2020-09-20T20:50:00.000,I 16,I 16 and Mile Marker 114,,Not a Collision with Motor Vehicle,1,Clear,Dry,Dark-Not Lighted
2020-05-20T18:12:00.000,I 16,I 16 and Mile Marker 114,,Not a Collision with Motor Vehicle,1,Rain,Wet,Daylight
2020-05-20T17:38:00.000,I 16,I 16 and Mile Marker 114,,Not a Collision with Motor Vehicle,1,Rain,Wet,Daylight
2022-07-11T10:00:00.000,I 16,I 16 and Mile Marker 114,,Not a Collision with Motor Vehicle,1,Cloudy,Dry,Daylight
2022-06-11T20:50:00.000,I 16,I 16 and Mile Marker 114,,Not a Collision with Motor Vehicle,1,Rain,Wet,Dark-Not Lighted
2022-11-06T15:25:00.000,I 16,I 16 and Mile Marker 114,,Not a Collision with Motor Vehicle,1,Rain,Wet,Daylight
2023-01-22T19:10:00.000,I 16,I 16 and Mile Marker 114,,Not a Collision with Motor Vehicle,1,Rain,Wet,Dark-Not Lighted
2021-10-16T20:18:00.000,I 16,I 16 and Mile Marker 113,,Not a Collision with Motor Vehicle,1,Clear,Dry,Dark-Not Lighted
2023-05-27T16:05:00.000,I 16,I 16 and Mile Marker 113,,Not a Collision with Motor Vehicle,1,Rain,Wet,Daylight
2023-09-14T18:29:00.000,I 16,I 16 and Mile Marker 113,,Not a Collision with Motor Vehicle,1,Rain,Wet,Daylight
2022-01-02T19:50:00.000,I 16,I 16 and Mile Marker 113,,Not a Collision with Motor Vehicle,1,Rain,Wet,Dark-Not Lighted
2023-05-13T02:42:00.000,I 16,I 16 and Mile Marker 113,,Angle Crash,2,Clear,Dry,Dark-Not Lighted
2023-03-10T07:30:00.000,I 16,I 16 and Mile Marker 113,,Not a Collision with Motor Vehicle,1,Rain,Wet,Daylight
2023-07-04T16:08:00.000,I 16,I 16 and Mile Marker 113,,Not a Collision with Motor Vehicle,1,Rain,Wet,Daylight
2023-03-19T16:47:00.000,I 16,I 16 and Mile Marker 113,,Not a Collision with Motor Vehicle,1,Clear,Dry,Daylight
2024-11-07T14:35:00.000,I 16,I 16 and Mile Marker 113,,Rear End,3,Cloudy,Wet,Daylight
2024-10-21T12:07:00.000,I 16,I 16 and Mile Marker 113,,Rear End,2,Clear,Dry,Daylight
2020-07-14T18:50:00.000,I 16,I 16 and Mile Marker 112,,Rear End,2,Clear,Dry,Daylight
2020-08-21T00:02:00.000,I 16,I 16 and Mile Marker 112,,Sideswipe-Opposite Direction,2,Cloudy,Wet,Dark-Lighted
2021-05-21T12:58:00.000,I 16,I 16 and Mile Marker 112,,Not a Collision with Motor Vehicle,1,Clear,Dry,Daylight
2021-04-15T15:43:00.000,I 16,I 16 and Mile Marker 112,,Not a Collision with Motor Vehicle,1,Cloudy,Dry,Daylight
2021-07-18T19:31:00.000,I 16,I 16 and Mile Marker 112,,Not a Collision with Motor Vehicle,1,Rain,Wet,Daylight
2022-05-04T19:00:00.000,I 16,I 16 and Mile Marker 112,,Rear End,2,Clear,Dry,Daylight
2023-01-04T16:14:00.000,I 16,I 16 and Mile Marker 112,,Not a Collision with Motor Vehicle,1,Cloudy,Wet,Daylight
2023-08-02T15:48:00.000,I 16,I 16 and Mile Marker 112,,Not a Collision with Motor Vehicle,1,Rain,Wet,Daylight
2024-02-13T18:28:00.000,I 16,I 16 and Mile Marker 112,,Rear End,2,Clear,Dry,Dark-Not Lighted
2021-03-28T22:15:00.000,I 16,I 16 and Mile Marker 111,,Sideswipe-Same Direction,2,Cloudy,Dry,Dark-Not Lighted
2022-09-16T17:47:00.000,I 16,I 16 and Mile Marker 111,,Sideswipe-Same Direction,2,Clear,Dry,Daylight