Date and Time,Roadway (From Crash Report),Intersection Name (from Crash Report),KABCO Severity,Manner of Collision (Crash Level) ,# of Vehicles per crash ,Weather Conditions (Crash Level),Surface Condition (Crash Level) ,Light Conditions (Crash Level)
2022-02-21T10:10:00.000,I 16,I 16 and Mile Marker 111,,Sideswipe-Same Direction,2,Clear,Dry,Daylight
2022-06-11T03:20:00.000,I 16,I 16 and Mile Marker 111,,Angle Crash,2,Cloudy,Dry,Dark-Not Lighted
2023-03-10T10:45:00.000,I 16,I 16 and Mile Marker 111,,Not a Collision with Motor Vehicle,1,Rain,Wet,Daylight
2024-03-04T04:15:00.000,I 16,I 16 and Mile Marker 111,,Sideswipe-Same Direction,3,Clear,Dry,Dark-Not Lighted
2023-05-12T23:25:00.000,I 16,I 16 and Mile Marker 110,,Sideswipe-Same Direction,2,Cloudy,Dry,Dark-Not Lighted
2024-03-25T00:10:00.000,I 16,I 16 and Mile Marker 110,,Not a Collision with Motor Vehicle,1,Clear,Dry,Dark-Not Lighted
2024-03-15T16:52:00.000,I 16,I 16 and Mile Marker 110,,Not a Collision with Motor Vehicle,1,Rain,Wet,Daylight
2024-03-09T07:40:00.000,I 16,I 16 and Mile Marker 110,,Not a Collision with Motor Vehicle,1,Rain,Wet,Daylight
2024-02-15T05:15:00.000,I 16,I 16 and Mile Marker 110,,Not a Collision with Motor Vehicle,1,Cloudy,Dry,Dark-Not Lighted
2024-04-08T15:50:00.000,I 16,I 16 and Mile Marker 110,,Not a Collision with Motor Vehicle,1,Clear,Dry,Daylight
2023-06-22T19:29:00.000,I 16,I 16 and Mile Marker 11,,Not a Collision with Motor Vehicle,1,Rain,Wet,Dawn
2022-06-20T23:23:00.000,I 16,I 16 and Mile Marker 11,,Not a Collision with Motor Vehicle,1,Clear,Dry,Dark-Not Lighted
2024-08-30T12:52:00.000,I 16,I 16 and Mile Marker 11,,Not a Collision with Motor Vehicle,1,Rain,Wet,Daylight
2024-10-08T19:55:00.000,I 16,I 16 and Mile Marker 11,,Rear End,2,Clear,Dry,Dark-Not Lighted
2022-07-02T13:56:00.000,I 16,I 16 and Mile Marker 109,,Rear End,2,Clear,Dry,Daylight
2022-11-06T15:45:00.000,I 16,I 16 and Mile Marker 109,,Not a Collision with Motor Vehicle,1,Rain,Wet,Daylight
2024-07-07T17:40:00.000,I 16,I 16 and Mile Marker 109,,Not a Collision with Motor Vehicle,1,Rain,Wet,Daylight
2020-06-12T14:35:00.000,I 16,I 16 and Mile Marker 108,,Rear End,2,Rain,Wet,Daylight
2024-07-31T18:30:00.000,I 16,I 16 and Mile Marker 108,,Not a Collision with Motor Vehicle,1,Rain,Wet,Daylight
2020-03-23T02:20:00.000,I 16,I 16 and Mile Marker 1075,,Rear End,2,Cloudy,Dry,Dark-Not Lighted
2021-06-10T20:15:00.000,I 16,I 16 and Mile Marker 107,,Not a Collision with Motor Vehicle,1,Clear,Dry,Dusk
2021-11-17T23:14:00.000,I 16,I 16 and Mile Marker 107,,Not a Collision with Motor Vehicle,1,Clear,Dry,Dark-Not Lighted
2022-08-27T00:00:00.000,I 16,I 16 and Mile Marker 107,,Not a Collision with Motor Vehicle,1,Cloudy,Dry,Dark-Not Lighted
2024-07-24T17:40:00.000,I 16,I 16 and Mile Marker 107,,Not a Collision with Motor Vehicle,1,Rain,Wet,Daylight
2024-07-24T17:30:00.000,I 16,I 16 and Mile Marker 107,,Not a Collision with Motor Vehicle,1,Rain,Wet,Daylight
2021-09-02T19:42:00.000,I 16,I 16 and Mile Marker 106,,Sideswipe-Same Direction,4,Clear,Dry,Daylight
2023-12-21T16:08:00.000,I 16,I 16 and Mile Marker 106,,Not a Collision with Motor Vehicle,1,Clear,Dry,Daylight
2020-07-05T17:35:00.000,I 16,I 16 and Mile Marker 106,,Not a Collision with Motor Vehicle,1,Rain,Wet,Daylight
2024-10-18T19:17:00.000,I 16,I 16 and Mile Marker 106,,Sideswipe-Same Direction,2,Clear,Dry,Dark-Not Lighted
2023-08-02T08:54:00.000,I 16,I 16 and Mile Marker 105.5,,Rear End,2,Clear,Dry,Daylight
2022-12-11T16:53:00.000,I 16,I 16 and Mile Marker 105.5,,Rear End,2,Clear,Dry,Daylight
2020-02-24T20:08:00.000,I 16,I 16 and Mile Marker 105,,Rear End,2,Rain,Wet,Dark-Not Lighted
2021-03-24T10:28:00.000,I 16,I 16 and Mile Marker 105,,Not a Collision with Motor Vehicle,1,Cloudy,Dry,Daylight
2020-01-07T14:20:00.000,I 16,I 16 and Mile Marker 104 - Mile Marker,,Angle Crash,2,Clear,Dry,Daylight
2020-02-07T14:20:00.000,I 16,I 16 and Mile Marker 104 - Mile Marker,,Angle Crash,2,Clear,Dry,Daylight
2021-06-22T16:59:00.000,I 16,I 16 and Mile Marker 104,,Rear End,2,Rain,Wet,Daylight
2021-03-07T20:01:00.000,I 16,I 16 and Mile Marker 104,,Sideswipe-Same Direction,2,Clear,Dry,Dark-Lighted
2022-01-02T17:07:00.000,I 16,I 16 and Mile Marker 104,,Not a Collision with Motor Vehicle,1,Rain,Wet,Daylight
2020-12-24T13:07:00.000,I 16,I 16 and Mile Marker 103,,Rear End,2,Rain,Wet,Daylight
2020-01-31T04:53:00.000,I 16,I 16 and Mile Marker 103,,Not a Collision with Motor Vehicle,1,Rain,Wet,Dark-Not Lighted
2023-06-29T19:33:00.000,I 16,I 16 and Mile Marker 103,,Not a Collision with Motor Vehicle,1,Clear,Dry,Daylight
2020-08-14T14:48:00.000,I 16,I 16 and Mile Marker 102,,Sideswipe-Same Direction,2,Clear,Dry,Daylight
2022-06-29T10:50:00.000,I 16,I 16 and Mile Marker 102,,Not a Collision with Motor Vehicle,1,Rain,Wet,Daylight
2024-02-04T19:05:00.000,I 16,I 16 and Mile Marker 102,,Not a Collision with Motor Vehicle,1,Rain,Wet,Dark-Not Lighted
2023-06-16T03:35:00.000,I 16,I 16 and Mile Marker 101,,Not a Collision with Motor Vehicle,1,Cloudy,Wet,Dark-Not Lighted
2022-08-22T18:26:00.000,I 16,I 16 and Mile Marker 101,,Not a Collision with Motor Vehicle,1,Cloudy,Dry,Daylight
2023-03-11T22:50:00.000,I 16,I 16 and Mile Marker 101,,Not a Collision with Motor Vehicle,1,Clear,Dry,Dark-Not Lighted
2023-09-12T06:27:00.000,I 16,I 16 and Mile Marker 101,,Sideswipe-Same Direction,2,Clear,Dry,Dark-Not Lighted
2023-09-12T06:27:00.000,I 16,I 16 and Mile Marker 101,,Sideswipe-Same Direction,1,Clear,Dry,Dark-Not Lighted
2023-07-10T11:45:00.000,I 16,I 16 and Mile Marker 101,,Not a Collision with Motor Vehicle,1,Rain,Wet,Daylight
2021-04-25T19:17:00.000,I 16,I 16 and Mile Marker 100,,Not a Collision with Motor Vehicle,1,Clear,Dry,Daylight
2020-08-07T19:23:00.000,I 16,I 16 and Mile Marker 100,,Angle Crash,2,Clear,Dry,Daylight
2021-06-11T14:14:00.000,I 16,I 16 and Mile Marker 10,,Not a Collision with Motor Vehicle,1,Rain,Wet,Daylight
2020-01-10T20:21:00.000,I 16,I 16 and Mile Marker 10,,Not a Collision with Motor Vehicle,1,Clear,Dry,Dark-Lighted
2020-09-24T14:17:00.000,I 16,I 16 and Mile Marker 10,,Not a Collision with Motor Vehicle,1,Rain,Wet,Daylight
2020-09-26T14:00:00.000,I 16,I 16 and Mile Marker 10,,Sideswipe-Same Direction,2,Clear,Dry,Daylight
2022-08-13T01:26:00.000,I 16,I 16 and Mile Marker 10,,Rear End,3,Clear,Dry,Dark-Not Lighted
2022-02-05T02:02:00.000,I 16,I 16 and Mile Marker 10,,Sideswipe-Opposite Direction,1,Clear,Dry,Dark-Not Lighted
2023-11-26T20:35:00.000,I 16,I 16 and Mile Marker 1,,Rear End,3,Rain,Wet,Dark-Not Lighted
2020-06-26T20:22:00.000,I 16,I 16 and Mile Marker 1,,Rear End,2,Cloudy,Dry,Daylight
2020-03-10T16:19:00.000,I 16,I 16 and Mile Marker 1,,Rear End,2,Cloudy,Dry,Daylight
2020-03-25T16:17:00.000,I 16,I 16 and Mile Marker 1,,Sideswipe-Same Direction,2,Clear,Dry,Daylight
2022-02-15T11:00:00.000,I 16,I 16 and Mile Marker 1,,Sideswipe-Same Direction,2,Clear,Dry,Daylight
2023-11-17T18:18:00.000,I 16,I 16 and Mile Marker 1,,Rear End,3,Clear,Dry,Dark-Not Lighted
2024-05-18T21:15:00.000,I 16,I 16 and Mile Marker 1,,Not a Collision with Motor Vehicle,1,Clear,Dry,Daylight
2021-06-28T13:20:00.000,I 16,I 16 and Mile Marker 0,,Sideswipe-Same Direction,2,Clear,Dry,Daylight
2020-02-25T14:54:00.000,I 16,I 16 and Mile Marker 0,,Sideswipe-Same Direction,2,Cloudy,Dry,Daylight
2021-07-10T21:09:00.000,I 16,I 16 and Mile Marker,,Sideswipe-Same Direction,1,Cloudy,Dry,Dark-Lighted
2022-07-13T08:49:00.000,I 16,I 16 and Mile Markeer 76,,Angle Crash,2,Cloudy,Dry,Daylight
2020-04-19T18:42:00.000,I 16,I 16 and Mile Mark 24,,Not a Collision with Motor Vehicle,1,Rain,Wet,Daylight
2024-01-06T05:08:00.000,I 16,I 16 and Mile Marer 30.5,,Not a Collision with Motor Vehicle,1,Rain,Wet,Dark-Not Lighted
2021-09-29T15:45:00.000,I 16,I 16 and Mile Maker 127,,Sideswipe-Same Direction,2,Clear,Dry,Daylight
2023-12-28T18:23:00.000,I 16,I 16 and Mile Maker 119,,Not a Collision with Motor Vehicle,1,Clear,Dry,Dark-Not Lighted
2023-01-01T00:00:00.000,I 16,I 16 and Mile Amrker 146,,Sideswipe-Same Direction,1,Fog,Other,Daylight
2022-11-17T14:17:00.000,I 16,I 16 and Mile 6,,Sideswipe-Same Direction,2,Clear,Dry,Daylight
2022-03-09T22:36:00.000,I 16,I 16 and Mile 2,,Not a Collision with Motor Vehicle,1,Clear,Dry,Dark-Not Lighted
2023-01-03T20:25:00.000,I 16,I 16 and Mile 2,,Rear End,3,Rain,Wet,Dark-Not Lighted
2024-09-26T01:44:00.000,I 16,I 16 and Mile 19.5,,Not a Collision with Motor Vehicle,1,Rain,Wet,Dark-Not Lighted
2023-01-15T23:13:00.000,I 16,I 16 and Mile 164B,,Not a Collision with Motor Vehicle,1,Clear,Dry,Daylight
2022-07-11T09:58:00.000,I 16,I 16 and Mile 164B,,Sideswipe-Opposite Direction,2,Clear,Dry,Daylight
2023-06-16T13:23:00.000,I 16,I 16 and Mile 164B,,Angle Crash,2,Clear,Dry,Daylight
2022-11-29T07:48:00.000,I 16,I 16 and Mile 164A,,Angle Crash,2,Clear,Dry,Daylight
2020-02-18T17:42:00.000,I 16,I 16 and Mile 164,,Rear End,3,Cloudy,Dry,Daylight
2022-05-02T08:02:00.000,I 16,I 16 and Mile 164,,Sideswipe-Same Direction,2,Clear,Dry,Daylight
2024-04-10T15:40:00.000,I 16,I 16 and Mile 164,,Sideswipe-Same Direction,2,Clear,Dry,Daylight
2023-03-15T08:49:00.000,I 16,I 16 and Mile 163,,Rear End,2,Clear,Dry,Daylight
2022-12-12T16:02:00.000,I 16,I 16 and Mile 162,,Rear End,3,Cloudy,Dry,Daylight
2022-09-30T01:44:00.000,I 16,I 16 and Mile 162,,Not a Collision with Motor Vehicle,1,Rain,Water (standing or moving),Dark-Not Lighted
2023-01-23T10:48:00.000,I 16,I 16 and Mile 160,,Rear End,2,Clear,Dry,Daylight
2020-08-15T08:30:00.000,I 16,I 16 and Mile  Marker 113,,Sideswipe-Same Direction,2,Clear,Dry,Daylight
2023-01-16T00:57:00.000,I 16,I 16 and Miile 164A,,Not a Collision with Motor Vehicle,1,Clear,Dry,Dark-Not Lighted
2024-07-30T14:02:00.000,I 16,I 16 and Mccoy Rd,,Not a Collision with Motor Vehicle,1,Clear,Dry,Daylight
2022-08-12T15:52:00.000,I 16,I 16 and Martin Luther King Jr. Bvld.,,Rear End,2,Clear,Dry,Daylight
2024-07-19T10:30:00.000,I 16,I 16 and Martin Luther King Jr. Blvd.,,Sideswipe-Same Direction,2,Clear,Dry,Daylight
2021-04-12T20:00:00.000,I 16,I 16 and Martin Luther King Jr Blvd,,Not a Collision with Motor Vehicle,2,Clear,Dry,Dusk
2021-12-16T11:21:00.000,I 16,I 16 and Martin Luther King Jr Blvd,,Not a Collision with Motor Vehicle,1,Clear,Dry,Daylight
2021-11-26T22:37:00.000,I 16,I 16 and Martin Luther King Jr Blvd,,Not a Collision with Motor Vehicle,1,Clear,Dry,Dark-Lighted
2020-02-18T18:45:00.000,I 16,I 16 and Martin Luther King Jr Blvd,,Angle Crash,2,Clear,Dry,Dark-Not Lighted
2021-07-02T18:50:00.000,I 16,I 16 and Martin Luther King Jr Blvd,,Angle Crash,2,Cloudy,Dry,Daylight
2024-07-27T20:59:00.000,I 16,I 16 and Martin Luther King Jr Blvd,,Not a Collision with Motor Vehicle,1,Clear,Dry,Dark-Not Lighted
2022-07-18T09:59:00.000,I 16,I 16 and Martin Luther King Jr,,Rear End,2,Clear,Dry,Daylight
2022-12-12T15:33:00.000,I 16,I 16 and Martin Luther King Jr,,Rear End,2,Cloudy,Dry,Daylight
2023-09-15T11:21:00.000,I 16,I 16 and Martin Luther King Blvd-Exit 2,,Sideswipe-Same Direction,2,Rain,Wet,Daylight
2023-10-11T15:59:00.000,I 16,I 16 and Martin Luther King Blvd-Exit 2,,Not a Collision with Motor Vehicle,1,Rain,Wet,Daylight
2023-10-16T13:37:00.000,I 16,I 16 and Martin Luther King Blvd-Exit 2,,Rear End,2,Cloudy,Dry,Daylight
2020-03-19T16:25:00.000,I 16,I 16 and Martin Luther King Blvd,,Sideswipe-Same Direction,2,Clear,Dry,Daylight
2022-02-12T12:54:00.000,I 16,I 16 and Martin Luther King Blvd,,Not a Collision with Motor Vehicle,1,Clear,Dry,Daylight
2022-05-01T04:11:00.000,I 16,I 16 and Martin Luther King Blvd,,Not a Collision with Motor Vehicle,1,Clear,Dry,Dark-Not Lighted
2021-06-20T12:40:00.000,I 16,I 16 and Martin Luther King,,Rear End,4,Rain,Wet,Daylight
2022-09-19T08:27:00.000,I 16,I 16 and Martin Luther King,,Rear End,2,Clear,Dry,Daylight
2023-11-12T09:55:00.000,I 16,I 16 and Mark Marker 25.5,,Rear End,3,Cloudy,Wet,Daylight
2020-04-15T18:43:00.000,I 16,I 16 and Marion Rd,,Rear End,2,Clear,Dry,Daylight
2022-10-07T00:41:00.000,I 16,I 16 and Macon,,(None),1,(None),(None),(None)
2022-11-03T21:09:00.000,I 16,I 16 and M M 29.5,,Not a Collision with Motor Vehicle,1,Clear,Dry,Dusk
2022-10-14T11:22:00.000,I 16,I 16 and Lynes Pkwy,,Rear End,2,Clear,Dry,Daylight
2023-03-27T08:52:00.000,I 16,I 16 and Lower Poplar Rd,,Rear End,2,Severe Thunderstorm or Tornadic,Water (standing or moving),Daylight
2022-07-21T14:52:00.000,I 16,I 16 and Lousiville Rd,,Not a Collision with Motor Vehicle,1,Rain,Water (standing or moving),Daylight
2023-01-02T17:23:00.000,I 16,I 16 and Louisville Rd,,Not a Collision with Motor Vehicle,1,Clear,Dry,Daylight
2022-06-04T11:28:00.000,I 16,I 16 and Louisville Rd,,Rear End,2,Clear,Dry,Daylight
2024-05-05T20:49:00.000,I 16,I 16 and Little Neck Rd.,,Rear End,2,Clear,Dry,Dark-Not Lighted
2023-02-15T07:15:00.000,I 16,I 16 and Little Neck Rd,,Sideswipe-Opposite Direction,2,Clear,Dry,Daylight
2023-10-30T15:18:00.000,I 16,I 16 and Little Neck Rd,,Sideswipe-Same Direction,2,Clear,Dry,Daylight
2020-06-16T14:10:00.000,I 16,I 16 and Little Neck Rd,,Not a Collision with Motor Vehicle,1,Clear,Dry,Daylight
2020-12-23T09:00:00.000,I 16,I 16 and Little Neck Rd,,Rear End,2,Clear,Dry,Daylight
2021-01-27T17:00:00.000,I 16,I 16 and Little Neck Rd,,Sideswipe-Same Direction,2,Cloudy,Wet,Daylight
2021-12-21T03:31:00.000,I 16,I 16 and Little Neck Rd,,Sideswipe-Same Direction,2,Rain,Wet,Dark-Not Lighted
2022-07-11T18:42:00.000,I 16,I 16 and Little Neck Rd,,Not a Collision with Motor Vehicle,1,Rain,Wet,Daylight
2022-02-24T13:30:00.000,I 16,I 16 and Little Neck Rd,,Rear End,2,Clear,Dry,Daylight
2023-12-23T15:00:00.000,I 16,I 16 and Little Neck Rd,,Not a Collision with Motor Vehicle,1,Clear,Dry,Daylight
2023-08-25T15:15:00.000,I 16,I 16 and Little Neck Rd,,Rear End,2,Clear,Dry,Daylight
2024-11-08T18:29:00.000,I 16,I 16 and Little Neck Rd,,Rear End,2,Clear,Wet,Dark-Lighted
2023-09-25T07:55:00.000,I 16,I 16 and Little Neck Rd,,Sideswipe-Same Direction,2,Clear,Dry,(None)
2023-02-07T17:20:00.000,I 16,I 16 and Little Neck Rd,,Sideswipe-Same Direction,2,Clear,Dry,Daylight
2024-04-26T13:31:00.000,I 16,I 16 and Little Neck Rd,,Rear End,2,Clear,Dry,Daylight
2021-06-13T00:22:00.000,I 16,I 16 and Liberty St,,Sideswipe-Same Direction,2,Rain,Wet,Dark-Lighted
2020-08-09T14:46:00.000,I 16,I 16 and Lake Church Road Opas,,Not a Collision with Motor Vehicle,1,Rain,Wet,Daylight
2020-08-13T16:03:00.000,I 16,I 16 and Lake Church Rd,,Not a Collision with Motor Vehicle,1,Rain,Wet,Daylight
2022-02-20T07:14:00.000,I 16,I 16 and Lake Church Rd,,Not a Collision with Motor Vehicle,1,Clear,Dry,Dawn
2022-07-25T23:24:00.000,I 16,I 16 and Lake Church Rd,,Not a Collision with Motor Vehicle,1,Clear,Dry,Dark-Not Lighted
2024-07-02T08:45:00.000,I 16,I 16 and Lake Church Rd,,Not a Collision with Motor Vehicle,1,Rain,Wet,Daylight
2022-06-11T05:04:00.000,I 16,I 16 and Lake Chruch Rd,,Rear End,2,Clear,Dry,Dark-Not Lighted
2020-08-25T00:50:00.000,I 16,I 16 and Kennedy Bridge Rd,,Not a Collision with Motor Vehicle,1,Rain,Wet,Dark-Not Lighted
2022-06-06T11:59:00.000,I 16,I 16 and Kennedy Bridge Rd,,Not a Collision with Motor Vehicle,1,Cloudy,Dry,Daylight
2022-04-27T14:38:00.000,I 16,I 16 and Kennedy Bridge Rd,,Sideswipe-Same Direction,2,Clear,Dry,Daylight
2020-08-17T18:37:00.000,I 16,I 16 and Kennedy Bridge Rd,,Angle Crash,2,Clear,Dry,Daylight
2020-08-07T16:55:00.000,I 16,I 16 and Kennedy Bridge Rd,,Not a Collision with Motor Vehicle,1,Rain,Wet,Daylight
2020-04-30T14:58:00.000,I 16,I 16 and Kennedy Bridge Rd,,Not a Collision with Motor Vehicle,2,Clear,Dry,Daylight
2021-06-20T15:17:00.000,I 16,I 16 and Kennedy Bridge Rd,,Not a Collision with Motor Vehicle,1,Rain,Wet,Daylight
2022-10-14T23:35:00.000,I 16,I 16 and Kennedy Bridge Rd,,Rear End,2,Clear,Dry,Dark-Not Lighted
2023-09-13T10:00:00.000,I 16,I 16 and Jimmy Deloach Pkwy,,Sideswipe-Same Direction,2,Clear,Dry,Daylight
2023-03-31T17:55:00.000,I 16,I 16 and Jimmy Deloach Pkwy,,Sideswipe-Same Direction,2,Clear,Dry,Daylight
2020-09-12T18:22:00.000,I 16,I 16 and Jimmy Deloach Pkwy,,Not a Collision with Motor Vehicle,1,Clear,Dry,Daylight
2024-05-09T15:25:00.000,I 16,I 16 and Jimmy Deloach Pkwy,,Rear End,2,Rain,Wet,Dusk
2024-11-21T08:11:00.000,I 16,I 16 and Jimmy Deloach Pkwy,,Rear End,2,Clear,Dry,Daylight
2024-12-15T20:35:00.000,I 16,I 16 and Jimmy Deloach Pkwy,,Not a Collision with Motor Vehicle,1,Clear,Dry,Dark-Not Lighted
2024-04-22T03:38:00.000,I 16,I 16 and Jimmy Deloach Pkwy,,Rear End,3,Cloudy,Wet,Dark-Not Lighted
2024-11-12T15:54:00.000,I 16,I 16 and Jimmy Deloach Pkwy,,Sideswipe-Same Direction,2,Clear,Dry,Daylight
2023-05-04T21:05:00.000,I 16,I 16 and Jimmy Deloach Pkwy,,Not a Collision with Motor Vehicle,1,Clear,Dry,Dark-Not Lighted
2023-08-18T22:23:00.000,I 16,I 16 and Jimmy Deloach Pkwy,,Rear End,2,Clear,Dry,Dark-Lighted
2024-08-06T00:21:00.000,I 16,I 16 and Jimmy Deloach Pkwy,,Sideswipe-Same Direction,2,Rain,Wet,Dark-Not Lighted
2024-07-27T15:27:00.000,I 16,I 16 and Jimmy Deloach Pkwy,,Sideswipe-Same Direction,2,Clear,Dry,Daylight
2024-11-12T07:22:00.000,I 16,I 16 and Jimmy Deloach Pkwy,,Rear End,2,Cloudy,Dry,Daylight
2024-10-02T00:50:00.000,I 16,I 16 and Jimmy Deloach Pkwy,,Not a Collision with Motor Vehicle,1,Clear,Dry,Dark-Not Lighted
2024-01-29T15:10:00.000,I 16,I 16 and Jimmy Deloach Pkwy,,Sideswipe-Same Direction,2,Clear,Dry,Daylight
2024-09-26T07:03:00.000,I 16,I 16 and Jimmy Deloach Pkwy,,Sideswipe-Same Direction,2,Rain,Wet,Dark-Not Lighted
2024-06-12T12:30:00.000,I 16,I 16 and Jimmy Deloach Pkwy,,Sideswipe-Same Direction,2,Clear,Dry,Daylight
2024-01-24T18:15:00.000,I 16,I 16 and Jimmy Deloach Park Way,,Sideswipe-Same Direction,2,Rain,Wet,Dusk
2024-02-26T16:24:00.000,I 16,I 16 and Jimmy Deloach Opas,,Rear End,3,Clear,Dry,Daylight
2024-11-10T09:05:00.000,I 16,I 16 and Jimmy Deloach Opas,,Sideswipe-Same Direction,2,Rain,Wet,Daylight
2024-11-18T07:05:00.000,I 16,I 16 and Jimmy Deloach Exit,,Rear End,3,Clear,Dry,Daylight
2023-07-13T13:30:00.000,I 16,I 16 and Jimmy Deloach,,Not a Collision with Motor Vehicle,1,Rain,Wet,Daylight
2024-07-08T16:20:00.000,I 16,I 16 and Jimmy Deloa J Pkwy,,Angle Crash,2,Rain,Wet,Daylight
2024-09-26T05:36:00.000,I 16,I 16 and Jimmy Delaoch,,Not a Collision with Motor Vehicle,1,Rain,Wet,Dark-Not Lighted
2024-01-04T07:10:00.000,I 16,I 16 and Jernigan Rd. Opas,,Not a Collision with Motor Vehicle,1,Clear,Dry,Dawn
2023-07-10T16:01:00.000,I 16,I 16 and Jernigan Rd. Opas,,Not a Collision with Motor Vehicle,1,Cloudy,Wet,Daylight
2023-08-11T20:15:00.000,I 16,I 16 and Jernigan Rd. Opas,,Not a Collision with Motor Vehicle,1,Rain,Wet,Dusk
2021-04-19T16:04:00.000,I 16,I 16 and Jernigan Rd,,Sideswipe-Same Direction,2,Clear,Dry,Daylight
2021-06-13T23:48:00.000,I 95,I 16 and I 95,,Sideswipe-Same Direction,2,Rain,Wet,Dark-Not Lighted
2021-05-06T17:30:00.000,I 95,I 16 and I 95,,Sideswipe-Same Direction,2,Clear,Dry,Daylight
2021-02-14T12:20:00.000,I 95,I 16 and I 95,,Angle Crash,2,Rain,Wet,Daylight
2021-01-08T23:10:00.000,I 95,I 16 and I 95,,Sideswipe-Same Direction,2,Rain,Wet,Dark-Not Lighted
2021-02-25T08:30:00.000,I 95,I 16 and I 95,,Not a Collision with Motor Vehicle,1,Clear,Dry,Daylight
2021-09-21T07:16:00.000,I 95,I 16 and I 95,,Rear End,2,Clear,Wet,Daylight
2021-11-11T11:11:00.000,I 95,I 16 and I 95,,Sideswipe-Same Direction,2,Clear,Dry,Daylight
2021-12-17T19:30:00.000,I 95,I 16 and I 95,,Not a Collision with Motor Vehicle,1,Clear,Dry,Dark-Not Lighted
2021-07-15T12:52:00.000,I 95,I 16 and I 95,,Sideswipe-Same Direction,2,Clear,Dry,Daylight
2021-11-24T11:44:00.000,I 95,I 16 and I 95,,Rear End,2,Clear,Dry,Daylight
2021-09-22T20:12:00.000,I 95,I 16 and I 95,,Not a Collision with Motor Vehicle,1,Rain,Wet,Dark-Not Lighted
2021-10-15T08:39:00.000,I 95,I 16 and I 95,,Sideswipe-Same Direction,2,Clear,Dry,Daylight
2021-09-02T06:25:00.000,I 95,I 16 and I 95,,Rear End,3,Clear,Dry,Daylight
2021-12-27T19:49:00.000,I 95,I 16 and I 95,,Angle Crash,2,Clear,Dry,Dark-Not Lighted
2021-05-12T11:25:00.000,I 95,I 16 and I 95,,Not a Collision with Motor Vehicle,1,Cloudy,Dry,Daylight
2021-01-13T11:38:00.000,I 95,I 16 and I 95,,Sideswipe-Same Direction,2,Cloudy,Dry,Daylight
2021-01-15T04:33:00.000,I 95,I 16 and I 95,,Not a Collision with Motor Vehicle,1,Clear,Dry,Dark-Not Lighted
2021-05-23T14:29:00.000,I 95,I 16 and I 95,,Sideswipe-Same Direction,2,Clear,Dry,Daylight
2021-05-21T22:50:00.000,I 95,I 16 and I 95,,Sideswipe-Same Direction,2,Clear,Dry,Dark-Not Lighted
2021-03-11T16:23:00.000,I 95,I 16 and I 95,,Rear End,2,Clear,Dry,Daylight
2021-02-17T08:06:00.000,I 95,I 16 and I 95,,Rear End,2,Cloudy,Dry,Daylight
2021-05-23T16:14:00.000,I 95,I 16 and I 95,,Rear End,2,Clear,Dry,Daylight
2021-03-06T00:55:00.000,I 95,I 16 and I 95,,Rear End,2,Clear,Dry,Dark-Not Lighted
2021-06-01T15:39:00.000,I 95,I 16 and I 95,,Not a Collision with Motor Vehicle,1,Clear,Dry,Daylight
2021-06-11T23:00:00.000,I 95,I 16 and I 95,,Sideswipe-Same Direction,2,Clear,Dry,Dark-Not Lighted
2021-04-20T04:00:00.000,I 95,I 16 and I 95,,Sideswipe-Same Direction,2,Clear,Dry,Dark-Not Lighted
2021-06-26T00:01:00.000,I 95,I 16 and I 95,,Sideswipe-Same Direction,2,Clear,Dry,Dark-Not Lighted
2021-03-03T20:55:00.000,I 95,I 16 and I 95,,Sideswipe-Same Direction,2,Clear,Dry,Dark-Lighted
2021-05-28T09:27:00.000,I 95,I 16 and I 95,,Sideswipe-Same Direction,2,Clear,Dry,Daylight
2021-02-16T07:42:00.000,I 95,I 16 and I 95,,Rear End,2,Clear,Wet,Daylight
2021-06-13T16:55:00.000,I 95,I 16 and I 95,,Sideswipe-Same Direction,1,Cloudy,Wet,Daylight
2021-06-16T18:58:00.000,I 95,I 16 and I 95,,Sideswipe-Same Direction,2,Clear,Dry,Daylight
2021-04-11T12:40:00.000,I 95,I 16 and I 95,,Angle Crash,2,Cloudy,Dry,Daylight
2021-06-22T05:04:00.000,I 95,I 16 and I 95,,Sideswipe-Same Direction,2,Clear,Dry,Dark-Not Lighted
2021-06-24T04:47:00.000,I 95,I 16 and I 95,,Not a Collision with Motor Vehicle,1,Clear,Dry,Dark-Lighted
2021-04-22T05:00:00.000,I 95,I 16 and I 95,,Rear End,3,(None),(None),(None)
2021-05-03T00:00:00.000,I 95,I 16 and I 95,,Rear End,2,Clear,Dry,Daylight