Date and Time,Roadway (From Crash Report),Intersection Name (from Crash Report),KABCO Severity,Manner of Collision (Crash Level) ,# of Vehicles per crash ,Weather Conditions (Crash Level),Surface Condition (Crash Level) ,Light Conditions (Crash Level)
2021-02-27T15:30:00.000,I 95,I 16 and I 95,,Not a Collision with Motor Vehicle,1,Clear,Dry,Daylight
2021-05-17T07:55:00.000,I 95,I 16 and I 95,,Rear End,2,Clear,Dry,Daylight
2021-04-20T17:45:00.000,I 95,I 16 and I 95,,Rear End,2,Clear,Dry,Dark-Not Lighted
2021-06-07T14:35:00.000,I 95,I 16 and I 95,,Sideswipe-Same Direction,2,Clear,Wet,Daylight
2021-05-10T14:21:00.000,I 95,I 16 and I 95,,Rear End,2,Cloudy,Dry,Daylight
2021-06-17T17:54:00.000,I 95,I 16 and I 95,,Not a Collision with Motor Vehicle,1,Clear,Dry,Daylight
2021-08-01T01:58:00.000,I 95,I 16 and I 95,,Sideswipe-Same Direction,2,Clear,Dry,Dark-Not Lighted
2021-11-22T13:08:00.000,I 95,I 16 and I 95,,Sideswipe-Same Direction,2,Clear,Dry,Daylight
2021-07-19T16:20:00.000,I 95,I 16 and I 95,,Rear End,2,Rain,Wet,Daylight
2021-11-28T20:53:00.000,I 95,I 16 and I 95,,Angle Crash,2,Clear,Dry,Dark-Not Lighted
2021-11-20T19:05:00.000,I 95,I 16 and I 95,,Angle Crash,2,Clear,Dry,Dark-Lighted
2021-07-28T20:30:00.000,I 95,I 16 and I 95,,Sideswipe-Same Direction,2,Clear,Dry,Daylight
2021-10-22T08:13:00.000,I 95,I 16 and I 95,,Rear End,3,Clear,Dry,Dawn
2021-08-11T23:12:00.000,I 95,I 16 and I 95,,Sideswipe-Same Direction,2,Clear,Dry,Dark-Not Lighted
2021-11-07T05:20:00.000,I 95,I 16 and I 95,,Rear End,4,Rain,Wet,Dark-Lighted
2021-10-08T06:26:00.000,I 95,I 16 and I 95,,Sideswipe-Same Direction,2,Clear,Dry,Dark-Not Lighted
2021-09-04T10:58:00.000,I 95,I 16 and I 95,,Sideswipe-Same Direction,2,Clear,Dry,Daylight
2021-12-02T23:00:00.000,I 95,I 16 and I 95,,Sideswipe-Same Direction,2,Clear,Dry,Dark-Not Lighted
2021-12-21T19:05:00.000,I 95,I 16 and I 95,,Rear End,2,Rain,Wet,Dark-Lighted
2021-12-21T19:30:00.000,I 95,I 16 and I 95,,Sideswipe-Same Direction,2,Rain,Wet,Dark-Not Lighted
2021-09-08T20:00:00.000,I 95,I 16 and I 95,,Sideswipe-Same Direction,3,Clear,Wet,Dark-Not Lighted
2021-08-17T07:27:00.000,I 95,I 16 and I 95,,Not a Collision with Motor Vehicle,1,Cloudy,Wet,Dawn
2021-11-05T15:35:00.000,I 95,I 16 and I 95,,Sideswipe-Same Direction,2,Rain,Wet,Daylight
2021-11-27T02:49:00.000,I 95,I 16 and I 95,,Not a Collision with Motor Vehicle,1,Clear,Dry,Dark-Not Lighted
2021-11-14T11:29:00.000,I 95,I 16 and I 95,,Head On,1,Clear,Dry,Daylight
2021-10-04T14:22:00.000,I 95,I 16 and I 95,,Sideswipe-Same Direction,2,Clear,Dry,Daylight
2021-11-20T17:30:00.000,I 95,I 16 and I 95,,Not a Collision with Motor Vehicle,2,Clear,Dry,Dark-Not Lighted
2021-09-09T12:12:00.000,I 95,I 16 and I 95,,Sideswipe-Same Direction,2,Clear,Dry,Daylight
2021-08-06T18:23:00.000,I 95,I 16 and I 95,,Rear End,2,Clear,Wet,Daylight
2021-12-17T13:48:00.000,I 95,I 16 and I 95,,Sideswipe-Same Direction,2,Cloudy,Dry,Daylight
2021-07-31T12:08:00.000,I 95,I 16 and I 95,,Sideswipe-Same Direction,2,Clear,Dry,Daylight
2021-12-13T14:03:00.000,I 95,I 16 and I 95,,Sideswipe-Same Direction,2,Clear,Dry,Daylight
2021-09-03T20:37:00.000,I 95,I 16 and I 95,,Rear End,2,Clear,Dry,Dark-Not Lighted
2021-12-23T19:02:00.000,I 95,I 16 and I 95,,Rear End,3,Clear,Dry,Dark-Not Lighted
2021-09-05T16:30:00.000,I 95,I 16 and I 95,,Sideswipe-Same Direction,2,Cloudy,Dry,Daylight
2021-10-06T21:40:00.000,I 95,I 16 and I 95,,Not a Collision with Motor Vehicle,1,Clear,Dry,Dark-Lighted
2021-03-15T14:20:00.000,I 95,I 16 and I 95,,Rear End,2,Cloudy,Dry,Daylight
2021-01-06T07:42:00.000,I 95,I 16 and I 95,,Not a Collision with Motor Vehicle,1,Clear,Dry,Daylight
2021-04-29T14:42:00.000,I 95,I 16 and I 95,,Rear End,2,Cloudy,Dry,Daylight
2021-01-25T09:22:00.000,I 95,I 16 and I 95,,Sideswipe-Same Direction,2,Clear,Dry,Daylight
2021-02-06T21:25:00.000,I 95,I 16 and I 95,,Sideswipe-Same Direction,2,Rain,Wet,Dark-Not Lighted
2021-01-21T10:40:00.000,I 95,I 16 and I 95,,Sideswipe-Same Direction,2,Cloudy,Dry,Daylight
2021-03-02T20:50:00.000,I 95,I 16 and I 95,,Not a Collision with Motor Vehicle,1,Rain,Wet,Dark-Not Lighted
2021-01-20T07:35:00.000,I 95,I 16 and I 95,,Sideswipe-Same Direction,2,Clear,Dry,Daylight
2021-05-13T08:56:00.000,I 95,I 16 and I 95,,Not a Collision with Motor Vehicle,1,Cloudy,Wet,Daylight
2021-06-13T23:17:00.000,I 95,I 16 and I 95,,Sideswipe-Same Direction,2,Rain,Wet,Dark-Not Lighted
2021-05-10T20:10:00.000,I 95,I 16 and I 95,,Sideswipe-Same Direction,2,Clear,Dry,Dark-Not Lighted
2021-08-14T16:16:00.000,I 95,I 16 and I 95,,Head On,1,Cloudy,Dry,Daylight
2021-10-12T01:30:00.000,I 95,I 16 and I 95,,Rear End,2,Clear,Dry,Dark-Not Lighted
2021-09-30T21:20:00.000,I 95,I 16 and I 95,,Sideswipe-Same Direction,2,Clear,Dry,Dark-Not Lighted
2021-07-10T10:50:00.000,I 95,I 16 and I 95,,Rear End,4,Clear,Dry,Daylight
2021-10-10T16:28:00.000,I 95,I 16 and I 95,,Not a Collision with Motor Vehicle,1,Clear,Dry,Daylight
2021-08-12T00:03:00.000,I 95,I 16 and I 95,,Sideswipe-Same Direction,2,Clear,Dry,Dark-Not Lighted
2021-12-21T19:42:00.000,I 95,I 16 and I 95,,Rear End,2,Rain,Wet,Dark-Lighted
2021-08-31T18:55:00.000,I 95,I 16 and I 95,,Sideswipe-Same Direction,2,Clear,Dry,Daylight
2021-07-25T03:59:00.000,I 95,I 16 and I 95,,Rear End,2,Clear,Dry,Dark-Not Lighted
2021-11-06T15:14:00.000,I 95,I 16 and I 95,,Sideswipe-Same Direction,2,Rain,Wet,Daylight
2021-08-03T17:30:00.000,I 95,I 16 and I 95,,Not a Collision with Motor Vehicle,1,Rain,Wet,Daylight
2021-09-24T22:26:00.000,I 95,I 16 and I 95,,Sideswipe-Same Direction,2,Clear,Dry,Dark-Not Lighted
2021-09-11T14:27:00.000,I 95,I 16 and I 95,,Sideswipe-Same Direction,2,Clear,Dry,Daylight
2021-11-20T18:00:00.000,I 95,I 16 and I 95,,Rear End,2,Clear,Dry,Dark-Not Lighted
2021-08-06T21:15:00.000,I 95,I 16 and I 95,,Sideswipe-Same Direction,2,Cloudy,Dry,Dark-Not Lighted
2021-10-09T16:50:00.000,I 95,I 16 and I 95,,Not a Collision with Motor Vehicle,1,Cloudy,Wet,Daylight
2021-03-05T10:44:00.000,I 95,I 16 and I 95,,Sideswipe-Same Direction,2,Clear,Dry,Daylight
2021-06-05T06:45:00.000,I 95,I 16 and I 95,,Not a Collision with Motor Vehicle,1,Clear,Dry,Dawn
2021-05-10T12:45:00.000,I 95,I 16 and I 95,,Rear End,2,Clear,Dry,Daylight
2021-04-12T07:43:00.000,I 95,I 16 and I 95,,Rear End,3,Clear,Dry,Daylight
2021-03-02T16:13:00.000,I 95,I 16 and I 95,,Rear End,2,Rain,Wet,Daylight
2021-06-27T16:05:00.000,I 95,I 16 and I 95,,Rear End,2,Clear,Dry,Daylight
2021-06-14T17:10:00.000,I 95,I 16 and I 95,,Sideswipe-Same Direction,2,Clear,Dry,Daylight
2021-04-29T05:19:00.000,I 95,I 16 and I 95,,Sideswipe-Same Direction,2,Clear,Dry,Dark-Not Lighted
2020-10-04T04:18:00.000,I 95,I 16 and I 95,,Not a Collision with Motor Vehicle,1,Clear,Dry,Dark-Not Lighted
2020-12-23T13:20:00.000,I 95,I 16 and I 95,,Rear End,2,Clear,Dry,Daylight
2020-10-13T08:25:00.000,I 95,I 16 and I 95,,Sideswipe-Same Direction,2,Clear,Dry,Daylight
2020-08-08T10:35:00.000,I 95,I 16 and I 95,,Sideswipe-Same Direction,2,Clear,Dry,Daylight
2020-02-13T09:00:00.000,I 95,I 16 and I 95,,Sideswipe-Same Direction,3,Cloudy,Dry,Daylight
2020-12-18T17:56:00.000,I 95,I 16 and I 95,,Rear End,3,Clear,Dry,Dark-Lighted
2020-01-14T14:48:00.000,I 95,I 16 and I 95,,Not a Collision with Motor Vehicle,1,Clear,Dry,Daylight
2020-05-02T18:27:00.000,I 95,I 16 and I 95,,Not a Collision with Motor Vehicle,1,Clear,Dry,Daylight
2020-01-03T12:55:00.000,I 95,I 16 and I 95,,Angle Crash,2,Cloudy,Dry,Daylight
2020-10-07T08:28:00.000,I 95,I 16 and I 95,,Angle Crash,2,Cloudy,Dry,Daylight
2023-01-20T07:23:00.000,I 95,I 16 and I 95,,Sideswipe-Same Direction,2,Clear,Dry,Daylight
2023-04-08T00:45:00.000,I 95,I 16 and I 95,,Head On,1,Rain,Wet,Dark-Not Lighted
2023-07-28T15:20:00.000,I 95,I 16 and I 95,,Sideswipe-Same Direction,2,Cloudy,Dry,Daylight
2023-06-07T07:45:00.000,I 95,I 16 and I 95,,Not a Collision with Motor Vehicle,1,Clear,Dry,Daylight
2023-05-30T08:00:00.000,I 95,I 16 and I 95,,Rear End,2,Clear,Dry,Daylight
2023-12-20T06:00:00.000,I 95,I 16 and I 95,,Sideswipe-Same Direction,2,Clear,Dry,Dark-Not Lighted
2023-12-14T08:09:00.000,I 95,I 16 and I 95,,Rear End,2,Clear,Dry,Daylight
2023-07-12T15:15:00.000,I 95,I 16 and I 95,,Rear End,2,Rain,Wet,Daylight
2023-06-19T14:35:00.000,I 95,I 16 and I 95,,Sideswipe-Same Direction,2,Rain,Wet,Daylight
2023-01-12T14:30:00.000,I 95,I 16 and I 95,,(None),2,(None),(None),(None)
2023-10-30T17:32:00.000,I 95,I 16 and I 95,,Rear End,2,Clear,Dry,Daylight
2023-07-15T01:11:00.000,I 95,I 16 and I 95,,Rear End,2,Clear,Dry,Dark-Not Lighted
2023-12-27T13:25:00.000,I 95,I 16 and I 95,,Rear End,2,Clear,Dry,Daylight
2023-03-03T16:06:00.000,I 95,I 16 and I 95,,Rear End,2,Clear,Dry,Daylight
2023-02-22T07:44:00.000,I 95,I 16 and I 95,,Rear End,4,Clear,Dry,Daylight
2023-02-28T14:54:00.000,I 95,I 16 and I 95,,Sideswipe-Same Direction,2,Clear,Dry,Daylight
2023-10-12T10:05:00.000,I 95,I 16 and I 95,,Not a Collision with Motor Vehicle,1,Rain,Wet,Daylight
2023-04-22T14:27:00.000,I 95,I 16 and I 95,,Rear End,2,Clear,Dry,Daylight
2023-06-21T13:40:00.000,I 95,I 16 and I 95,,Sideswipe-Same Direction,2,Cloudy,Dry,Daylight
2023-09-12T22:40:00.000,I 95,I 16 and I 95,,Sideswipe-Same Direction,2,Clear,Dry,Dark-Not Lighted
2023-05-30T07:45:00.000,I 95,I 16 and I 95,,Rear End,2,Clear,Dry,Daylight
2023-06-16T10:54:00.000,I 95,I 16 and I 95,,Sideswipe-Same Direction,2,Cloudy,Dry,Daylight
2023-04-22T17:19:00.000,I 95,I 16 and I 95,,Sideswipe-Same Direction,2,Rain,Wet,Daylight
2023-01-28T08:25:00.000,I 95,I 16 and I 95,,Sideswipe-Same Direction,2,Clear,Dry,Daylight
2023-07-29T13:10:00.000,I 95,I 16 and I 95,,Rear End,2,Cloudy,Wet,Daylight
2023-06-10T06:30:00.000,I 95,I 16 and I 95,,Rear End,2,Clear,Dry,Daylight
2023-02-10T17:53:00.000,I 95,I 16 and I 95,,Sideswipe-Same Direction,2,Rain,Wet,Dark-Not Lighted
2023-08-06T19:35:00.000,I 95,I 16 and I 95,,Sideswipe-Same Direction,2,Cloudy,Dry,Daylight
2023-09-17T17:25:00.000,I 95,I 16 and I 95,,Rear End,2,Rain,Wet,Daylight
2023-10-10T07:29:00.000,I 95,I 16 and I 95,,Not a Collision with Motor Vehicle,1,Clear,Dry,Daylight
2023-10-08T04:44:00.000,I 95,I 16 and I 95,,Not a Collision with Motor Vehicle,1,Clear,Dry,Dark-Not Lighted
2023-04-20T21:00:00.000,I 95,I 16 and I 95,,Sideswipe-Same Direction,2,Clear,Dry,Dark-Not Lighted
2023-08-02T10:45:00.000,I 95,I 16 and I 95,,Sideswipe-Same Direction,2,Cloudy,Dry,Daylight
2023-06-10T08:45:00.000,I 95,I 16 and I 95,,Sideswipe-Same Direction,2,Clear,Dry,Daylight
2023-03-06T08:47:00.000,I 95,I 16 and I 95,,Sideswipe-Same Direction,2,Clear,Dry,Daylight
2023-10-14T07:47:00.000,I 95,I 16 and I 95,,Rear End,3,Cloudy,Wet,Dark-Lighted
2023-05-11T04:47:00.000,I 95,I 16 and I 95,,Sideswipe-Same Direction,2,Clear,Dry,Dark-Not Lighted
2023-08-17T06:45:00.000,I 95,I 16 and I 95,,Rear End,3,Clear,Dry,Daylight
2023-03-15T00:30:00.000,I 95,I 16 and I 95,,Angle Crash,2,Clear,Dry,Dark-Not Lighted
2023-10-12T09:14:00.000,I 95,I 16 and I 95,,Not a Collision with Motor Vehicle,1,Rain,Wet,Daylight
2023-10-17T11:08:00.000,I 95,I 16 and I 95,,Sideswipe-Same Direction,2,Clear,Dry,Daylight
2023-10-19T16:35:00.000,I 95,I 16 and I 95,,Sideswipe-Same Direction,2,Clear,Dry,Daylight
2023-07-10T21:50:00.000,I 95,I 16 and I 95,,Sideswipe-Same Direction,2,Clear,Dry,Dark-Not Lighted
2023-07-26T15:00:00.000,I 95,I 16 and I 95,,Sideswipe-Same Direction,2,Clear,Dry,Daylight
2023-06-18T14:16:00.000,I 95,I 16 and I 95,,Sideswipe-Same Direction,2,Cloudy,Dry,Daylight
2023-10-30T16:53:00.000,I 95,I 16 and I 95,,Rear End,2,Clear,Dry,Daylight
2023-06-29T19:24:00.000,I 95,I 16 and I 95,,Sideswipe-Same Direction,2,Clear,Dry,Daylight
2023-06-09T00:46:00.000,I 95,I 16 and I 95,,Not a Collision with Motor Vehicle,1,Cloudy,Wet,Dark-Not Lighted
2023-04-14T12:40:00.000,I 95,I 16 and I 95,,Rear End,2,Clear,Dry,Daylight
2023-04-23T18:06:00.000,I 95,I 16 and I 95,,Head On,1,Clear,Dry,Daylight
2023-10-12T07:40:00.000,I 95,I 16 and I 95,,Not a Collision with Motor Vehicle,1,Rain,Wet,Daylight
2023-01-14T14:15:00.000,I 95,I 16 and I 95,,Sideswipe-Same Direction,2,Clear,Dry,Daylight
2023-01-10T12:10:00.000,I 95,I 16 and I 95,,Sideswipe-Same Direction,2,Clear,Dry,Daylight
2023-10-16T17:49:00.000,I 95,I 16 and I 95,,Rear End,2,Clear,Dry,Daylight
2023-12-30T15:07:00.000,I 95,I 16 and I 95,,Sideswipe-Same Direction,2,Clear,Dry,Daylight
2023-11-03T18:18:00.000,I 95,I 16 and I 95,,Sideswipe-Same Direction,2,Clear,Dry,Dusk
2023-12-01T11:00:00.000,I 95,I 16 and I 95,,Sideswipe-Same Direction,2,Cloudy,Dry,Daylight
2023-11-29T16:50:00.000,I 95,I 16 and I 95,,Sideswipe-Same Direction,2,Clear,Dry,Dusk
2023-07-28T08:49:00.000,I 95,I 16 and I 95,,Not a Collision with Motor Vehicle,1,Rain,Wet,Daylight
2023-01-02T16:40:00.000,I 95,I 16 and I 95,,Rear End,2,Clear,Dry,Daylight
2023-03-16T13:08:00.000,I 95,I 16 and I 95,,Rear End,3,Clear,Dry,Daylight
2023-09-17T17:02:00.000,I 95,I 16 and I 95,,Rear End,3,Rain,Wet,Daylight
2023-06-16T08:30:00.000,I 95,I 16 and I 95,,Not a Collision with Motor Vehicle,1,Cloudy,Wet,Dark-Not Lighted
2023-01-04T16:50:00.000,I 95,I 16 and I 95,,Sideswipe-Same Direction,2,Cloudy,Wet,Daylight
2023-03-15T12:22:00.000,I 95,I 16 and I 95,,Not a Collision with Motor Vehicle,1,Clear,Dry,Daylight
2023-01-06T01:52:00.000,I 95,I 16 and I 95,,Angle Crash,1,Clear,Dry,Dark-Not Lighted
2023-09-23T05:48:00.000,I 95,I 16 and I 95,,Not a Collision with Motor Vehicle,1,Clear,Dry,Dark-Not Lighted
2023-03-04T13:42:00.000,I 95,I 16 and I 95,,Sideswipe-Same Direction,2,Clear,Dry,Daylight
2023-02-02T20:30:00.000,I 95,I 16 and I 95,,Sideswipe-Same Direction,2,Rain,Wet,Dark-Not Lighted
2023-10-15T03:33:00.000,I 95,I 16 and I 95,,Sideswipe-Same Direction,2,Clear,Dry,Dark-Not Lighted
2023-10-12T05:40:00.000,I 95,I 16 and I 95,,Not a Collision with Motor Vehicle,1,Rain,Wet,Dark-Not Lighted
2023-09-17T14:42:00.000,I 95,I 16 and I 95,,Not a Collision with Motor Vehicle,1,Rain,Wet,Daylight
2023-10-20T17:08:00.000,I 95,I 16 and I 95,,Rear End,2,Clear,Dry,Daylight
2023-08-14T11:10:00.000,I 95,I 16 and I 95,,Sideswipe-Same Direction,2,Clear,Dry,Daylight
2023-02-13T19:55:00.000,I 95,I 16 and I 95,,Sideswipe-Same Direction,2,Clear,Dry,Dark-Not Lighted
2022-02-08T17:18:00.000,I 95,I 16 and I 95,,Sideswipe-Same Direction,2,Clear,Dry,Daylight
2022-12-05T17:16:00.000,I 95,I 16 and I 95,,Angle Crash,2,Cloudy,Dry,Dusk
2022-11-23T16:59:00.000,I 95,I 16 and I 95,,Rear End,4,Cloudy,Dry,Daylight
2022-06-03T23:44:00.000,I 95,I 16 and I 95,,Sideswipe-Same Direction,2,Clear,Dry,Dark-Not Lighted
2022-04-07T21:01:00.000,I 95,I 16 and I 95,,Sideswipe-Same Direction,3,Clear,Dry,Dark-Not Lighted
2022-03-22T06:35:00.000,I 95,I 16 and I 95,,Sideswipe-Same Direction,2,Clear,Dry,Dark-Not Lighted
2022-06-04T11:50:00.000,I 95,I 16 and I 95,,Sideswipe-Same Direction,2,Clear,Dry,Daylight
2022-07-20T05:43:00.000,I 95,I 16 and I 95,,Sideswipe-Same Direction,2,Cloudy,Wet,Dark-Not Lighted
2022-07-05T14:25:00.000,I 95,I 16 and I 95,,Sideswipe-Same Direction,2,Clear,Dry,Daylight
2023-01-25T20:03:00.000,I 95,I 16 and I 95,,Rear End,2,Rain,Wet,Dark-Not Lighted
2023-11-02T15:40:00.000,I 95,I 16 and I 95,,Rear End,2,Clear,Dry,Daylight
2021-12-14T16:15:00.000,I 95,I 16 and I 95,,Sideswipe-Same Direction,2,Clear,Dry,Daylight
2020-04-19T17:45:00.000,I 95,I 16 and I 95,,Rear End,2,Rain,Wet,Daylight
2020-08-09T05:30:00.000,I 95,I 16 and I 95,,Not a Collision with Motor Vehicle,1,Clear,Dry,Dark-Not Lighted
2020-11-10T07:44:00.000,I 95,I 16 and I 95,,Rear End,2,Cloudy,Wet,Daylight
2020-10-29T12:10:00.000,I 95,I 16 and I 95,,Sideswipe-Same Direction,2,Cloudy,Dry,Daylight
2020-06-10T21:53:00.000,I 95,I 16 and I 95,,Sideswipe-Same Direction,2,Clear,Dry,Dusk
2020-02-06T16:24:00.000,I 95,I 16 and I 95,,Rear End,3,Cloudy,Wet,Daylight
2020-08-06T12:31:00.000,I 95,I 16 and I 95,,Sideswipe-Same Direction,2,Clear,Dry,Daylight
2020-05-04T16:10:00.000,I 95,I 16 and I 95,,Sideswipe-Same Direction,2,Clear,Dry,Daylight
2020-01-20T16:15:00.000,I 95,I 16 and I 95,,Rear End,2,Clear,Dry,Daylight
2020-01-09T17:00:00.000,I 95,I 16 and I 95,,Rear End,2,Clear,Dry,Dusk
2020-09-22T06:00:00.000,I 95,I 16 and I 95,,Sideswipe-Same Direction,2,Clear,Dry,Dark-Not Lighted
2020-09-09T12:45:00.000,I 95,I 16 and I 95,,Rear End,3,Rain,Wet,Daylight
2020-01-29T22:40:00.000,I 95,I 16 and I 95,,Angle Crash,2,Rain,Wet,Dark-Not Lighted
2020-07-19T16:38:00.000,I 95,I 16 and I 95,,Not a Collision with Motor Vehicle,1,Clear,Dry,Daylight
2020-06-13T07:04:00.000,I 95,I 16 and I 95,,Not a Collision with Motor Vehicle,2,Cloudy,Wet,Daylight
2020-10-10T10:54:00.000,I 95,I 16 and I 95,,Angle Crash,2,Clear,Wet,Daylight
2020-12-10T18:55:00.000,I 95,I 16 and I 95,,Sideswipe-Same Direction,2,Clear,Dry,Dusk
2020-03-27T17:10:00.000,I 95,I 16 and I 95,,Angle Crash,2,Clear,Dry,Daylight
2020-12-23T13:03:00.000,I 95,I 16 and I 95,,Rear End,3,Clear,Dry,Daylight
2020-07-31T06:56:00.000,I 95,I 16 and I 95,,Sideswipe-Same Direction,2,Clear,Dry,Daylight
2020-06-01T07:14:00.000,I 95,I 16 and I 95,,Sideswipe-Same Direction,2,Clear,Dry,Daylight
2020-12-14T09:38:00.000,I 95,I 16 and I 95,,Rear End,2,Clear,Dry,Daylight
2020-02-19T14:00:00.000,I 95,I 16 and I 95,,Not a Collision with Motor Vehicle,1,Clear,Dry,Daylight
2020-09-04T10:38:00.000,I 95,I 16 and I 95,,Sideswipe-Same Direction,2,Clear,Dry,Daylight
2020-09-21T10:13:00.000,I 95,I 16 and I 95,,Sideswipe-Same Direction,2,Clear,Dry,Daylight
2020-11-27T18:07:00.000,I 95,I 16 and I 95,,Sideswipe-Same Direction,2,Clear,Dry,Dusk
2020-05-30T16:49:00.000,I 95,I 16 and I 95,,Sideswipe-Same Direction,2,Clear,Dry,Daylight
2020-03-03T07:26:00.000,I 95,I 16 and I 95,,Rear End,3,Clear,Dry,Dawn
2020-10-24T18:58:00.000,I 95,I 16 and I 95,,Rear End,2,Clear,Dry,Dark-Not Lighted
2020-02-06T15:40:00.000,I 95,I 16 and I 95,,Sideswipe-Same Direction,2,Cloudy,Wet,Daylight
2020-07-27T15:44:00.000,I 95,I 16 and I 95,,Sideswipe-Same Direction,2,Clear,Dry,Daylight
2020-01-13T19:46:00.000,I 95,I 16 and I 95,,Angle Crash,2,Clear,Dry,Dark-Not Lighted
2020-02-27T05:00:00.000,I 95,I 16 and I 95,,Not a Collision with Motor Vehicle,1,Clear,Dry,Dark-Not Lighted
2020-08-20T18:46:00.000,I 95,I 16 and I 95,,Angle Crash,2,Cloudy,Dry,Daylight
2020-03-04T07:27:00.000,I 95,I 16 and I 95,,Rear End,2,Cloudy,Dry,Daylight
2020-02-10T08:05:00.000,I 95,I 16 and I 95,,Sideswipe-Same Direction,2,Clear,Dry,Daylight
2020-07-04T19:00:00.000,I 95,I 16 and I 95,,Not a Collision with Motor Vehicle,1,Clear,Dry,Daylight
2020-11-11T14:19:00.000,I 95,I 16 and I 95,,Sideswipe-Same Direction,2,Cloudy,Dry,Daylight
2020-12-01T22:20:00.000,I 95,I 16 and I 95,,Rear End,2,Clear,Dry,Dark-Not Lighted
2020-07-20T14:18:00.000,I 95,I 16 and I 95,,Angle Crash,3,Clear,Dry,Daylight
2020-11-19T13:24:00.000,I 95,I 16 and I 95,,Not a Collision with Motor Vehicle,1,Clear,Dry,Daylight
2020-05-26T18:37:00.000,I 95,I 16 and I 95,,Not a Collision with Motor Vehicle,1,Rain,Wet,Daylight
2020-01-06T19:44:00.000,I 95,I 16 and I 95,,Sideswipe-Same Direction,1,Clear,Dry,Dark-Lighted
2020-11-18T09:31:00.000,I 95,I 16 and I 95,,Rear End,3,Clear,Dry,Daylight
2020-09-28T05:15:00.000,I 95,I 16 and I 95,,Sideswipe-Same Direction,2,Rain,Wet,Dark-Not Lighted
2020-09-04T12:18:00.000,I 95,I 16 and I 95,,Sideswipe-Same Direction,2,Clear,Dry,Daylight
2020-05-01T17:25:00.000,I 95,I 16 and I 95,,Sideswipe-Same Direction,2,Clear,Dry,Daylight
2020-01-16T06:40:00.000,I 95,I 16 and I 95,,Sideswipe-Same Direction,2,Clear,Dry,Dawn
2020-07-29T11:30:00.000,I 95,I 16 and I 95,,Sideswipe-Same Direction,2,Clear,Dry,Daylight
2020-10-27T14:37:00.000,I 95,I 16 and I 95,,Rear End,2,Clear,Dry,Daylight
2020-08-04T11:41:00.000,I 95,I 16 and I 95,,Sideswipe-Same Direction,2,Clear,Dry,Daylight
2020-01-28T07:49:00.000,I 95,I 16 and I 95,,Rear End,2,Clear,Dry,Daylight
2020-08-01T10:20:00.000,I 95,I 16 and I 95,,Rear End,2,Clear,Dry,Daylight
2020-07-21T16:35:00.000,I 95,I 16 and I 95,,Rear End,2,Cloudy,Dry,Daylight
2020-09-30T17:54:00.000,I 95,I 16 and I 95,,Sideswipe-Same Direction,2,Clear,Dry,Daylight
2020-07-30T15:32:00.000,I 95,I 16 and I 95,,Rear End,2,Cloudy,Wet,Daylight
2020-12-10T16:46:00.000,I 95,I 16 and I 95,,Sideswipe-Same Direction,2,Clear,Dry,Daylight
2020-07-08T21:48:00.000,I 95,I 16 and I 95,,Sideswipe-Same Direction,2,Clear,Dry,Dark-Not Lighted
2020-07-27T21:59:00.000,I 95,I 16 and I 95,,Angle Crash,1,Clear,Dry,Dark-Lighted
2020-06-19T14:38:00.000,I 95,I 16 and I 95,,Sideswipe-Same Direction,2,Clear,Dry,Daylight
2020-06-08T01:00:00.000,I 95,I 16 and I 95,,Not a Collision with Motor Vehicle,1,Clear,Dry,Dark-Not Lighted
2020-07-13T11:00:00.000,I 95,I 16 and I 95,,Sideswipe-Same Direction,2,Clear,Dry,Daylight
2020-08-09T05:30:00.000,I 95,I 16 and I 95,,Not a Collision with Motor Vehicle,2,Clear,Dry,Dark-Not Lighted
2020-06-12T15:52:00.000,I 95,I 16 and I 95,,Rear End,2,Rain,Wet,Daylight
2020-09-04T14:40:00.000,I 95,I 16 and I 95,,Sideswipe-Same Direction,2,Clear,Dry,Daylight
2020-10-26T16:00:00.000,I 95,I 16 and I 95,,Rear End,2,Cloudy,Dry,Daylight
2020-11-02T08:15:00.000,I 95,I 16 and I 95,,Sideswipe-Same Direction,2,Clear,Dry,Daylight
2020-09-28T07:50:00.000,I 95,I 16 and I 95,,Rear End,2,Rain,Wet,Daylight
2020-12-07T10:42:00.000,I 95,I 16 and I 95,,Sideswipe-Same Direction,2,Clear,Dry,Daylight
2020-11-12T12:11:00.000,I 95,I 16 and I 95,,Sideswipe-Same Direction,2,Rain,Wet,Daylight
2020-10-28T04:30:00.000,I 95,I 16 and I 95,,Sideswipe-Same Direction,2,Clear,Dry,Daylight
2020-08-26T13:06:00.000,I 95,I 16 and I 95,,Not a Collision with Motor Vehicle,1,Clear,Dry,Daylight
2020-12-20T10:48:00.000,I 95,I 16 and I 95,,Rear End,2,Cloudy,Wet,Daylight
2020-08-04T14:32:00.000,I 95,I 16 and I 95,,Sideswipe-Same Direction,2,Cloudy,Dry,Daylight
2020-07-29T14:35:00.000,I 95,I 16 and I 95,,Sideswipe-Same Direction,2,Cloudy,Dry,Daylight
2020-06-09T13:48:00.000,I 95,I 16 and I 95,,Sideswipe-Same Direction,2,Clear,Dry,Daylight