Date and Time,Roadway (From Crash Report),Intersection Name (from Crash Report),KABCO Severity,Manner of Collision (Crash Level) ,# of Vehicles per crash ,Weather Conditions (Crash Level),Surface Condition (Crash Level) ,Light Conditions (Crash Level)
2020-05-30T08:00:00.000,I 95,I 16 and I 95,,Sideswipe-Same Direction,2,Clear,Dry,Daylight
2020-02-05T07:48:00.000,I 95,I 16 and I 95,,Rear End,2,Clear,Dry,Daylight
2020-12-09T12:05:00.000,I 95,I 16 and I 95,,Not a Collision with Motor Vehicle,1,Clear,Dry,Daylight
2021-02-09T09:10:00.000,I 95,I 16 and I 95,,Rear End,2,Rain,Wet,Daylight
2021-03-17T07:30:00.000,I 95,I 16 and I 95,,Not a Collision with Motor Vehicle,1,Cloudy,Wet,Daylight
2021-03-22T07:46:00.000,I 95,I 16 and I 95,,Rear End,2,Clear,Dry,Daylight
2021-01-02T21:00:00.000,I 95,I 16 and I 95,,Not a Collision with Motor Vehicle,1,Rain,Wet,Daylight
2021-05-10T12:00:00.000,I 95,I 16 and I 95,,Not a Collision with Motor Vehicle,2,Cloudy,Dry,Daylight
2021-04-29T14:33:00.000,I 95,I 16 and I 95,,Sideswipe-Same Direction,3,Clear,Dry,Daylight
2021-01-14T02:20:00.000,I 95,I 16 and I 95,,Rear End,2,Clear,Dry,Dark-Not Lighted
2021-02-10T20:20:00.000,I 95,I 16 and I 95,,Angle Crash,2,Rain,Wet,Dark-Not Lighted
2021-06-15T07:45:00.000,I 95,I 16 and I 95,,Sideswipe-Same Direction,2,Clear,Dry,Daylight
2021-02-06T21:14:00.000,I 95,I 16 and I 95,,Rear End,4,Rain,Wet,Dark-Not Lighted
2021-06-04T19:45:00.000,I 95,I 16 and I 95,,Rear End,2,Rain,Wet,Daylight
2021-03-28T12:49:00.000,I 95,I 16 and I 95,,Sideswipe-Same Direction,2,Clear,Dry,Daylight
2021-02-18T05:40:00.000,I 95,I 16 and I 95,,Sideswipe-Same Direction,2,Rain,Wet,Dark-Not Lighted
2021-05-31T23:00:00.000,I 95,I 16 and I 95,,Angle Crash,2,Clear,Dry,Dark-Lighted
2021-03-28T20:15:00.000,I 95,I 16 and I 95,,Rear End,2,Rain,Wet,Dark-Not Lighted
2021-01-16T23:48:00.000,I 95,I 16 and I 95,,Not a Collision with Motor Vehicle,1,Clear,Dry,Dark-Not Lighted
2021-04-25T07:06:00.000,I 95,I 16 and I 95,,Not a Collision with Motor Vehicle,1,Clear,Wet,Daylight
2021-06-20T19:13:00.000,I 95,I 16 and I 95,,Not a Collision with Motor Vehicle,1,Clear,Dry,Daylight
2021-01-24T21:40:00.000,I 95,I 16 and I 95,,Not a Collision with Motor Vehicle,1,Clear,Dry,Dark-Lighted
2021-04-30T05:30:00.000,I 95,I 16 and I 95,,Sideswipe-Same Direction,2,Clear,Dry,Dark-Not Lighted
2021-02-18T06:15:00.000,I 95,I 16 and I 95,,Rear End,2,Rain,Wet,Dark-Not Lighted
2021-03-14T22:03:00.000,I 95,I 16 and I 95,,Sideswipe-Same Direction,2,Clear,Dry,Dark-Lighted
2021-06-10T23:04:00.000,I 95,I 16 and I 95,,Sideswipe-Same Direction,2,Clear,Dry,Dark-Lighted
2021-01-22T10:44:00.000,I 95,I 16 and I 95,,Not a Collision with Motor Vehicle,1,Rain,Wet,Daylight
2021-03-15T16:05:00.000,I 95,I 16 and I 95,,Rear End,2,Clear,Dry,Daylight
2021-10-14T18:00:00.000,I 95,I 16 and I 95,,Rear End,2,Clear,Dry,Daylight
2021-08-19T18:11:00.000,I 95,I 16 and I 95,,Sideswipe-Same Direction,2,Clear,Dry,Daylight
2021-07-10T11:38:00.000,I 95,I 16 and I 95,,Rear End,2,Clear,Dry,Daylight
2021-11-21T14:39:00.000,I 95,I 16 and I 95,,Rear End,2,Clear,Dry,Daylight
2021-07-23T18:19:00.000,I 95,I 16 and I 95,,Rear End,2,Clear,Dry,Daylight
2021-10-18T18:06:00.000,I 95,I 16 and I 95,,Rear End,2,Clear,Dry,Daylight
2021-10-04T22:00:00.000,I 95,I 16 and I 95,,Rear End,2,Clear,Dry,Dark-Not Lighted
2021-07-29T15:16:00.000,I 95,I 16 and I 95,,Sideswipe-Same Direction,2,Clear,Dry,Daylight
2021-11-20T17:24:00.000,I 95,I 16 and I 95,,Rear End,2,Clear,Dry,Daylight
2021-07-01T22:23:00.000,I 95,I 16 and I 95,,Sideswipe-Same Direction,2,Cloudy,Dry,Dark-Not Lighted
2021-07-26T15:12:00.000,I 95,I 16 and I 95,,Sideswipe-Same Direction,2,Clear,Dry,Daylight
2021-10-19T06:28:00.000,I 95,I 16 and I 95,,Not a Collision with Motor Vehicle,1,Clear,Dry,Dark-Not Lighted
2021-07-27T09:45:00.000,I 95,I 16 and I 95,,Sideswipe-Same Direction,2,Rain,Wet,Daylight
2021-08-02T18:13:00.000,I 95,I 16 and I 95,,Rear End,2,Rain,Wet,Daylight
2021-08-17T08:13:00.000,I 95,I 16 and I 95,,Rear End,2,Clear,Dry,Daylight
2021-09-30T07:30:00.000,I 95,I 16 and I 95,,Sideswipe-Same Direction,3,Clear,Dry,Daylight
2021-11-24T19:11:00.000,I 95,I 16 and I 95,,Not a Collision with Motor Vehicle,1,Clear,Dry,Dark-Not Lighted
2021-10-18T17:20:00.000,I 95,I 16 and I 95,,Sideswipe-Same Direction,4,Clear,Dry,Daylight
2021-10-29T19:41:00.000,I 95,I 16 and I 95,,Sideswipe-Same Direction,2,Clear,Dry,Dark-Not Lighted
2021-11-04T02:58:00.000,I 95,I 16 and I 95,,Not a Collision with Motor Vehicle,1,Clear,Dry,Dark-Not Lighted
2021-10-08T13:12:00.000,I 95,I 16 and I 95,,Rear End,2,Cloudy,Wet,Daylight
2021-11-07T17:02:00.000,I 95,I 16 and I 95,,Sideswipe-Same Direction,2,Clear,Dry,Daylight
2021-07-01T13:17:00.000,I 95,I 16 and I 95,,Rear End,2,Clear,Dry,Daylight
2021-07-01T11:50:00.000,I 95,I 16 and I 95,,Rear End,2,Cloudy,Dry,Daylight
2021-10-03T12:50:00.000,I 95,I 16 and I 95,,Sideswipe-Same Direction,2,Clear,Dry,Daylight
2021-11-09T20:20:00.000,I 95,I 16 and I 95,,Sideswipe-Same Direction,2,Clear,Dry,Dark-Not Lighted
2021-10-18T17:45:00.000,I 95,I 16 and I 95,,Sideswipe-Same Direction,2,Clear,Dry,Daylight
2021-11-12T10:12:00.000,I 95,I 16 and I 95,,Sideswipe-Same Direction,2,Clear,Dry,Daylight
2021-12-21T19:42:00.000,I 95,I 16 and I 95,,Rear End,2,Rain,Wet,Dark-Not Lighted
2021-12-05T21:44:00.000,I 95,I 16 and I 95,,Sideswipe-Same Direction,2,Clear,Dry,Dark-Lighted
2021-07-02T03:26:00.000,I 95,I 16 and I 95,,Not a Collision with Motor Vehicle,1,Clear,Dry,Dark-Not Lighted
2022-04-26T07:51:00.000,I 95,I 16 and I 95,,Rear End,2,Clear,Dry,Daylight
2022-09-22T08:28:00.000,I 95,I 16 and I 95,,Sideswipe-Same Direction,2,Clear,Dry,Daylight
2022-09-17T00:25:00.000,I 95,I 16 and I 95,,Rear End,2,Clear,Dry,Dark-Not Lighted
2022-05-09T22:17:00.000,I 95,I 16 and I 95,,Sideswipe-Same Direction,2,Clear,Dry,Dark-Not Lighted
2022-09-13T18:09:00.000,I 95,I 16 and I 95,,Sideswipe-Same Direction,2,Clear,Dry,Daylight
2022-10-07T02:05:00.000,I 95,I 16 and I 95,,Not a Collision with Motor Vehicle,1,Clear,Dry,Dark-Not Lighted
2022-11-16T22:20:00.000,I 95,I 16 and I 95,,Sideswipe-Same Direction,2,Clear,Dry,Dark-Lighted
2022-12-09T07:01:00.000,I 95,I 16 and I 95,,Sideswipe-Same Direction,2,Clear,Dry,Daylight
2022-08-09T06:18:00.000,I 95,I 16 and I 95,,Rear End,2,Clear,Dry,Dawn
2022-03-01T13:59:00.000,I 95,I 16 and I 95,,Rear End,2,Clear,Dry,Daylight
2021-08-03T04:00:00.000,I 95,I 16 and I 95,,Not a Collision with Motor Vehicle,1,Clear,Dry,Dark-Not Lighted
2021-11-20T02:54:00.000,I 95,I 16 and I 95,,Angle Crash,2,Clear,Dry,Dark-Lighted
2021-11-24T19:16:00.000,I 95,I 16 and I 95,,Rear End,2,Clear,Dry,Dark-Lighted
2021-12-30T07:10:00.000,I 95,I 16 and I 95,,Not a Collision with Motor Vehicle,1,Cloudy,Dry,Dawn
2021-12-17T19:40:00.000,I 95,I 16 and I 95,,Not a Collision with Motor Vehicle,1,Clear,Dry,Dark-Not Lighted
2021-09-07T17:18:00.000,I 95,I 16 and I 95,,Rear End,4,Clear,Dry,Daylight
2021-07-19T16:10:00.000,I 95,I 16 and I 95,,Sideswipe-Same Direction,2,Rain,Wet,Daylight
2021-12-21T19:05:00.000,I 95,I 16 and I 95,,Rear End,2,Rain,Wet,Dark-Lighted
2021-10-03T21:35:00.000,I 95,I 16 and I 95,,Rear End,2,Clear,Dry,Daylight
2021-09-20T07:45:00.000,I 95,I 16 and I 95,,Rear End,2,Rain,Wet,Daylight
2021-12-03T17:20:00.000,I 95,I 16 and I 95,,Rear End,2,Clear,Dry,Dusk
2021-09-11T06:20:00.000,I 95,I 16 and I 95,,Sideswipe-Same Direction,2,Clear,Dry,Dark-Not Lighted
2021-07-22T13:35:00.000,I 95,I 16 and I 95,,Sideswipe-Same Direction,2,Clear,Dry,Daylight
2022-12-09T05:07:00.000,I 95,I 16 and I 95,,Rear End,2,Clear,Dry,Dark-Not Lighted
2022-04-16T17:22:00.000,I 95,I 16 and I 95,,Sideswipe-Same Direction,2,Clear,Dry,Daylight
2022-11-10T11:14:00.000,I 95,I 16 and I 95,,Not a Collision with Motor Vehicle,1,Rain,Wet,Daylight
2022-08-30T07:31:00.000,I 95,I 16 and I 95,,Sideswipe-Same Direction,2,Cloudy,Wet,Daylight
2022-08-17T07:43:00.000,I 95,I 16 and I 95,,Sideswipe-Same Direction,2,Clear,Dry,Daylight
2022-01-11T07:37:00.000,I 95,I 16 and I 95,,Sideswipe-Same Direction,2,Clear,Dry,Daylight
2022-09-09T09:39:00.000,I 95,I 16 and I 95,,Sideswipe-Same Direction,2,Rain,Wet,Daylight
2022-03-02T19:25:00.000,I 95,I 16 and I 95,,Rear End,2,Clear,Dry,Dark-Not Lighted
2022-05-08T10:11:00.000,I 95,I 16 and I 95,,Angle Crash,3,Clear,Dry,Daylight
2022-12-20T13:04:00.000,I 95,I 16 and I 95,,Sideswipe-Same Direction,2,Rain,Wet,Daylight
2022-02-17T07:43:00.000,I 95,I 16 and I 95,,Rear End,2,Clear,Dry,Daylight
2022-04-07T11:54:00.000,I 95,I 16 and I 95,,Sideswipe-Same Direction,2,Cloudy,Dry,Daylight
2022-07-22T15:40:00.000,I 95,I 16 and I 95,,Sideswipe-Same Direction,2,Clear,Dry,Daylight
2022-05-06T14:28:00.000,I 95,I 16 and I 95,,Angle Crash,2,Clear,Dry,Daylight
2022-08-01T17:15:00.000,I 95,I 16 and I 95,,Sideswipe-Same Direction,2,Clear,Dry,Daylight
2022-02-22T07:43:00.000,I 95,I 16 and I 95,,Rear End,3,Clear,Dry,Daylight
2022-05-19T22:02:00.000,I 95,I 16 and I 95,,Sideswipe-Same Direction,2,Clear,Dry,Dark-Lighted
2022-02-28T14:35:00.000,I 95,I 16 and I 95,,Rear End,2,Clear,Dry,Daylight
2022-05-24T08:49:00.000,I 95,I 16 and I 95,,Sideswipe-Same Direction,1,Clear,Dry,Daylight
2022-02-08T14:19:00.000,I 95,I 16 and I 95,,Rear End,2,Clear,Dry,Daylight
2022-11-14T11:50:00.000,I 95,I 16 and I 95,,Not a Collision with Motor Vehicle,1,Clear,Dry,Daylight
2022-06-09T15:00:00.000,I 95,I 16 and I 95,,Rear End,2,Clear,Dry,Daylight
2022-06-09T16:33:00.000,I 95,I 16 and I 95,,Rear End,2,Cloudy,Dry,Daylight
2022-02-20T03:00:00.000,I 95,I 16 and I 95,,Sideswipe-Same Direction,2,Clear,Dry,Dark-Not Lighted
2022-03-02T15:05:00.000,I 95,I 16 and I 95,,Sideswipe-Same Direction,2,Clear,Dry,Daylight
2022-08-07T16:47:00.000,I 95,I 16 and I 95,,Not a Collision with Motor Vehicle,1,Rain,Wet,Daylight
2022-01-11T13:28:00.000,I 95,I 16 and I 95,,Sideswipe-Same Direction,2,Clear,Dry,Daylight
2022-02-21T18:42:00.000,I 95,I 16 and I 95,,Sideswipe-Same Direction,2,Clear,Dry,Dark-Lighted
2022-02-03T17:00:00.000,I 95,I 16 and I 95,,Sideswipe-Same Direction,2,Clear,Dry,Daylight
2022-07-09T11:27:00.000,I 95,I 16 and I 95,,Rear End,2,Clear,Dry,Daylight
2022-05-01T16:27:00.000,I 95,I 16 and I 95,,Rear End,2,Clear,Dry,Daylight
2022-12-16T17:36:00.000,I 95,I 16 and I 95,,Rear End,2,Clear,Dry,Daylight
2022-12-01T18:10:00.000,I 95,I 16 and I 95,,Sideswipe-Same Direction,2,Clear,Dry,Dark-Lighted
2022-06-07T18:40:00.000,I 95,I 16 and I 95,,Sideswipe-Same Direction,2,Clear,Dry,Daylight
2022-02-28T14:38:00.000,I 95,I 16 and I 95,,Rear End,2,Cloudy,Dry,Daylight
2022-10-25T12:59:00.000,I 95,I 16 and I 95,,Angle Crash,2,Clear,Dry,Daylight
2022-10-07T00:25:00.000,I 95,I 16 and I 95,,Rear End,2,Clear,Dry,Dark-Not Lighted
2022-01-19T16:58:00.000,I 95,I 16 and I 95,,Angle Crash,2,Clear,Dry,Daylight
2021-09-29T17:00:00.000,I 95,I 16 and I 95,,Sideswipe-Same Direction,2,Clear,Dry,Daylight
2021-11-24T19:05:00.000,I 95,I 16 and I 95,,Sideswipe-Same Direction,2,Clear,Dry,Dark-Not Lighted
2021-09-21T07:20:00.000,I 95,I 16 and I 95,,Angle Crash,5,Rain,Wet,Dusk
2021-09-29T07:07:00.000,I 95,I 16 and I 95,,Rear End,2,Clear,Dry,Daylight
2021-10-19T07:27:00.000,I 95,I 16 and I 95,,Rear End,2,Clear,Dry,Dawn
2021-11-18T09:21:00.000,I 95,I 16 and I 95,,Sideswipe-Same Direction,2,Clear,Dry,Daylight
2021-09-20T08:35:00.000,I 95,I 16 and I 95,,Rear End,2,Rain,Wet,Daylight
2021-11-20T07:58:00.000,I 95,I 16 and I 95,,Head On,1,Clear,Dry,Dark-Not Lighted
2022-10-18T07:40:00.000,I 95,I 16 and I 95,,Rear End,2,Clear,Dry,Daylight
2022-08-09T07:50:00.000,I 95,I 16 and I 95,,Rear End,2,Clear,Dry,Daylight
2022-05-27T12:45:00.000,I 95,I 16 and I 95,,Rear End,3,Clear,Dry,Daylight
2022-09-18T15:40:00.000,I 95,I 16 and I 95,,Sideswipe-Same Direction,2,Clear,Dry,Daylight
2022-08-30T07:40:00.000,I 95,I 16 and I 95,,Rear End,2,Cloudy,Wet,Daylight
2022-03-19T11:48:00.000,I 95,I 16 and I 95,,Rear End,2,(None),(None),(None)
2022-02-19T21:15:00.000,I 95,I 16 and I 95,,Rear End,2,Clear,Dry,Dark-Not Lighted
2022-05-22T13:23:00.000,I 95,I 16 and I 95,,Rear End,2,Cloudy,Dry,Daylight
2022-03-01T18:00:00.000,I 95,I 16 and I 95,,Sideswipe-Same Direction,2,Clear,Dry,Dark-Not Lighted
2022-04-16T11:35:00.000,I 95,I 16 and I 95,,Sideswipe-Same Direction,3,Cloudy,Dry,Daylight
2022-10-06T09:28:00.000,I 95,I 16 and I 95,,Sideswipe-Same Direction,3,Clear,Dry,Daylight
2022-04-20T13:03:00.000,I 95,I 16 and I 95,,Angle Crash,3,Clear,Dry,Daylight
2022-02-13T21:20:00.000,I 95,I 16 and I 95,,Head On,1,Clear,Dry,Dark-Not Lighted
2022-05-10T05:30:00.000,I 95,I 16 and I 95,,Sideswipe-Same Direction,2,Clear,Dry,Dark-Not Lighted
2022-06-17T06:02:00.000,I 95,I 16 and I 95,,Rear End,2,Clear,Dry,Dawn
2022-01-17T11:30:00.000,I 95,I 16 and I 95,,Sideswipe-Same Direction,2,Clear,Dry,Daylight
2022-05-11T23:22:00.000,I 95,I 16 and I 95,,Sideswipe-Same Direction,2,Clear,Dry,Daylight
2022-10-18T18:12:00.000,I 95,I 16 and I 95,,Rear End,2,Clear,Dry,Daylight
2022-01-12T07:30:00.000,I 95,I 16 and I 95,,Sideswipe-Same Direction,2,Clear,Dry,Daylight
2022-05-24T21:53:00.000,I 95,I 16 and I 95,,Rear End,2,Clear,Dry,Dark-Not Lighted
2022-06-22T15:55:00.000,I 95,I 16 and I 95,,Not a Collision with Motor Vehicle,1,Clear,Dry,Daylight
2022-12-24T17:24:00.000,I 95,I 16 and I 95,,Angle Crash,2,Clear,Dry,Dusk
2022-12-21T21:41:00.000,I 95,I 16 and I 95,,Rear End,2,Clear,Dry,Dark-Not Lighted
2022-04-04T09:25:00.000,I 95,I 16 and I 95,,Sideswipe-Same Direction,2,Clear,Dry,Daylight
2022-05-25T07:47:00.000,I 95,I 16 and I 95,,Rear End,3,Clear,Dry,Daylight
2022-08-12T15:25:00.000,I 95,I 16 and I 95,,Sideswipe-Same Direction,2,Cloudy,Dry,Daylight
2022-01-03T13:20:00.000,I 95,I 16 and I 95,,Sideswipe-Same Direction,2,Cloudy,Dry,Daylight
2022-04-16T08:55:00.000,I 95,I 16 and I 95,,Sideswipe-Same Direction,2,Cloudy,Dry,Daylight
2022-12-30T00:10:00.000,I 95,I 16 and I 95,,Not a Collision with Motor Vehicle,2,Clear,Dry,Dark-Not Lighted
2022-02-01T15:30:00.000,I 95,I 16 and I 95,,Rear End,2,Clear,Dry,Daylight
2022-10-18T17:10:00.000,I 95,I 16 and I 95,,Rear End,3,Clear,Dry,Daylight
2022-01-05T12:18:00.000,I 95,I 16 and I 95,,Angle Crash,2,Clear,Dry,Daylight
2022-02-09T07:27:00.000,I 95,I 16 and I 95,,Not a Collision with Motor Vehicle,1,Clear,Dry,Daylight
2022-07-22T17:12:00.000,I 95,I 16 and I 95,,Rear End,3,Clear,Dry,Daylight
2022-08-12T13:30:00.000,I 95,I 16 and I 95,,Sideswipe-Same Direction,2,Cloudy,Dry,Daylight
2022-04-05T18:09:00.000,I 95,I 16 and I 95,,Sideswipe-Same Direction,2,Rain,Wet,Daylight
2022-04-01T14:40:00.000,I 95,I 16 and I 95,,Sideswipe-Same Direction,2,Clear,Dry,Daylight
2022-06-29T05:00:00.000,I 95,I 16 and I 95,,Sideswipe-Same Direction,2,Clear,Dry,Dark-Not Lighted
2022-12-14T09:25:00.000,I 95,I 16 and I 95,,Rear End,2,Clear,Dry,Daylight
2022-06-30T10:14:00.000,I 95,I 16 and I 95,,Sideswipe-Same Direction,2,Clear,Dry,Daylight
2022-10-05T07:30:00.000,I 95,I 16 and I 95,,Rear End,2,Clear,Dry,Daylight
2022-04-29T08:00:00.000,I 95,I 16 and I 95,,Rear End,2,Clear,Dry,Daylight
2022-07-05T17:52:00.000,I 95,I 16 and I 95,,Sideswipe-Same Direction,2,Clear,Dry,Daylight
2022-08-31T13:13:00.000,I 95,I 16 and I 95,,Not a Collision with Motor Vehicle,1,Cloudy,Dry,Daylight
2022-07-22T16:18:00.000,I 95,I 16 and I 95,,Sideswipe-Same Direction,2,Cloudy,Dry,Daylight
2022-11-03T02:55:00.000,I 95,I 16 and I 95,,Sideswipe-Same Direction,2,Clear,Dry,Dark-Not Lighted
2022-05-06T15:14:00.000,I 95,I 16 and I 95,,Rear End,2,Clear,Dry,Daylight
2022-03-02T07:50:00.000,I 95,I 16 and I 95,,Rear End,2,Clear,Dry,Daylight
2022-06-09T15:00:00.000,I 95,I 16 and I 95,,Rear End,2,Cloudy,Dry,Daylight
2022-03-16T14:30:00.000,I 95,I 16 and I 95,,Sideswipe-Same Direction,2,Rain,Wet,Daylight
2022-06-12T22:50:00.000,I 95,I 16 and I 95,,Angle Crash,2,Clear,Dry,Dark-Not Lighted
2022-10-17T17:20:00.000,I 95,I 16 and I 95,,Rear End,2,Clear,Dry,Daylight
2022-06-22T15:15:00.000,I 95,I 16 and I 95,,Angle Crash,2,Clear,Dry,Daylight
2022-07-28T20:00:00.000,I 95,I 16 and I 95,,Rear End,3,Clear,Dry,Daylight
2022-12-28T18:00:00.000,I 95,I 16 and I 95,,Rear End,2,Clear,Dry,Dark-Not Lighted
2022-05-02T06:53:00.000,I 95,I 16 and I 95,,Rear End,2,Clear,Dry,Daylight
2022-06-21T17:46:00.000,I 95,I 16 and I 95,,Not a Collision with Motor Vehicle,1,Clear,Dry,Daylight
2022-08-01T13:08:00.000,I 95,I 16 and I 95,,Sideswipe-Same Direction,2,Cloudy,Dry,Daylight
2022-03-23T04:30:00.000,I 95,I 16 and I 95,,Sideswipe-Same Direction,2,Clear,Dry,Dark-Not Lighted
2022-12-13T19:30:00.000,I 95,I 16 and I 95,,Not a Collision with Motor Vehicle,1,Clear,Dry,Dark-Not Lighted
2022-02-26T19:06:00.000,I 95,I 16 and I 95,,Sideswipe-Same Direction,2,Clear,Dry,Dark-Not Lighted
2022-07-22T22:07:00.000,I 95,I 16 and I 95,,Sideswipe-Same Direction,2,Clear,Dry,Dark-Not Lighted
2022-06-02T02:32:00.000,I 95,I 16 and I 95,,Not a Collision with Motor Vehicle,1,Clear,Dry,Dark-Not Lighted
2022-10-05T18:02:00.000,I 95,I 16 and I 95,,Rear End,2,Clear,Dry,Daylight
2022-12-03T13:15:00.000,I 95,I 16 and I 95,,Rear End,2,Clear,Dry,Daylight
2022-12-05T15:51:00.000,I 95,I 16 and I 95,,Sideswipe-Same Direction,2,Clear,Dry,Daylight
2022-05-10T02:24:00.000,I 95,I 16 and I 95,,Sideswipe-Same Direction,2,Clear,Dry,Dark-Lighted
2022-04-24T19:04:00.000,I 95,I 16 and I 95,,Sideswipe-Opposite Direction,2,Clear,Dry,Daylight
2022-04-21T21:40:00.000,I 95,I 16 and I 95,,Rear End,2,Clear,Dry,Dark-Not Lighted
2022-07-29T14:24:00.000,I 95,I 16 and I 95,,Sideswipe-Same Direction,2,Clear,Dry,Daylight
2022-10-01T04:22:00.000,I 95,I 16 and I 95,,Not a Collision with Motor Vehicle,1,Clear,Dry,Dark-Not Lighted
2022-02-28T14:38:00.000,I 95,I 16 and I 95,,Rear End,2,Cloudy,Dry,Daylight
2022-10-06T08:03:00.000,I 95,I 16 and I 95,,Sideswipe-Same Direction,2,Clear,Dry,Daylight
2022-09-01T07:15:00.000,I 95,I 16 and I 95,,Rear End,2,Clear,Dry,Daylight
2022-07-20T16:03:00.000,I 95,I 16 and I 95,,Not a Collision with Motor Vehicle,1,Rain,Wet,Daylight
2022-11-20T02:14:00.000,I 95,I 16 and I 95,,Not a Collision with Motor Vehicle,1,Rain,Wet,Dark-Not Lighted
2022-04-28T07:20:00.000,I 95,I 16 and I 95,,Rear End,2,Clear,Dry,Daylight
2022-02-18T18:45:00.000,I 95,I 16 and I 95,,Rear End,2,Clear,Dry,Dark-Not Lighted
2022-11-08T18:34:00.000,I 95,I 16 and I 95,,Sideswipe-Same Direction,2,Clear,Dry,Dark-Not Lighted
2022-05-26T21:41:00.000,I 95,I 16 and I 95,,Sideswipe-Same Direction,2,Clear,Dry,Dark-Not Lighted
2022-05-11T05:12:00.000,I 95,I 16 and I 95,,Rear End,1,Clear,Dry,Dark-Lighted
2022-11-08T16:23:00.000,I 95,I 16 and I 95,,Sideswipe-Same Direction,2,Clear,Dry,Daylight
2022-04-13T07:51:00.000,I 95,I 16 and I 95,,Rear End,2,Clear,Dry,Daylight
2022-02-07T08:02:00.000,I 95,I 16 and I 95,,Sideswipe-Same Direction,2,Cloudy,Wet,Daylight
2022-02-20T19:09:00.000,I 95,I 16 and I 95,,Sideswipe-Same Direction,2,Clear,Dry,Dark-Not Lighted
2022-03-04T07:38:00.000,I 95,I 16 and I 95,,Rear End,2,Clear,Dry,Daylight
2022-10-14T14:47:00.000,I 95,I 16 and I 95,,Sideswipe-Same Direction,2,Clear,Dry,Daylight
2022-08-16T11:02:00.000,I 95,I 16 and I 95,,Angle Crash,2,Clear,Dry,Daylight
2022-10-05T23:04:00.000,I 95,I 16 and I 95,,Rear End,2,Clear,Dry,Dark-Not Lighted
2022-04-20T17:43:00.000,I 95,I 16 and I 95,,Not a Collision with Motor Vehicle,1,Clear,Dry,Daylight
2022-11-21T22:14:00.000,I 95,I 16 and I 95,,Sideswipe-Same Direction,2,Clear,Dry,Dark-Lighted
2022-11-15T18:49:00.000,I 95,I 16 and I 95,,Not a Collision with Motor Vehicle,1,Cloudy,Dry,Dark-Not Lighted
2023-04-05T12:15:00.000,I 95,I 16 and I 95,,Not a Collision with Motor Vehicle,1,Clear,Dry,Daylight
2023-11-03T05:10:00.000,I 95,I 16 and I 95,,Not a Collision with Motor Vehicle,1,Clear,Dry,Dark-Not Lighted
2023-09-23T06:45:00.000,I 95,I 16 and I 95,,Rear End,2,Clear,Dry,Daylight
2023-10-20T19:40:00.000,I 95,I 16 and I 95,,Sideswipe-Same Direction,2,Clear,Dry,Dark-Lighted
2023-04-08T12:38:00.000,I 95,I 16 and I 95,,Rear End,2,Rain,Wet,Daylight
2023-12-19T04:52:00.000,I 95,I 16 and I 95,,Head On,1,Clear,Dry,Dark-Not Lighted
2023-01-25T05:45:00.000,I 95,I 16 and I 95,,Sideswipe-Same Direction,2,Clear,Dry,Dark-Not Lighted
2023-11-13T08:15:00.000,I 95,I 16 and I 95,,Sideswipe-Same Direction,2,Clear,Dry,Daylight
2024-08-05T21:35:00.000,I 95,I 16 and I 95,,Not a Collision with Motor Vehicle,1,Rain,Wet,Dark-Lighted
2024-10-09T07:00:00.000,I 95,I 16 and I 95,,Rear End,2,Cloudy,Dry,Daylight
2024-01-10T09:11:00.000,I 95,I 16 and I 95,,Not a Collision with Motor Vehicle,1,Rain,Wet,Daylight
2024-06-25T14:12:00.000,I 95,I 16 and I 95,,Rear End,2,Clear,Dry,Daylight
2024-01-19T07:50:00.000,I 95,I 16 and I 95,,Sideswipe-Same Direction,2,Cloudy,Dry,Daylight
2024-05-29T15:58:00.000,I 95,I 16 and I 95,,Sideswipe-Same Direction,2,Clear,Dry,Daylight
2024-11-29T11:11:00.000,I 95,I 16 and I 95,,Sideswipe-Same Direction,2,Clear,Dry,Daylight
2024-05-25T21:27:00.000,I 95,I 16 and I 95,,Not a Collision with Motor Vehicle,1,Cloudy,Dry,Dark-Not Lighted
2024-03-26T08:51:00.000,I 95,I 16 and I 95,,Not a Collision with Motor Vehicle,1,Clear,Dry,Daylight
2024-11-27T15:30:00.000,I 95,I 16 and I 95,,Rear End,2,Clear,Dry,Daylight
2024-09-26T04:50:00.000,I 95,I 16 and I 95,,Not a Collision with Motor Vehicle,1,Rain,Wet,Dark-Not Lighted
2024-04-24T06:15:00.000,I 95,I 16 and I 95,,Rear End,3,Clear,Dry,Daylight
2024-12-26T18:53:00.000,I 95,I 16 and I 95,,Sideswipe-Same Direction,2,Clear,Wet,Dark-Not Lighted
2024-08-05T18:11:00.000,I 95,I 16 and I 95,,Not a Collision with Motor Vehicle,1,Rain,Wet,Dark-Not Lighted
2024-12-09T12:00:00.000,I 95,I 16 and I 95,,Rear End,2,Cloudy,Dry,Daylight
2024-11-01T15:10:00.000,I 95,I 16 and I 95,,Rear End,3,Clear,Dry,Daylight
2024-12-09T22:00:00.000,I 95,I 16 and I 95,,Rear End,2,Cloudy,Wet,Dark-Not Lighted
2024-06-26T10:17:00.000,I 95,I 16 and I 95,,Sideswipe-Same Direction,2,Clear,Dry,Daylight
2024-08-17T00:43:00.000,I 95,I 16 and I 95,,Sideswipe-Same Direction,2,Clear,Dry,Dark-Not Lighted
2024-04-11T06:12:00.000,I 95,I 16 and I 95,,Sideswipe-Same Direction,2,Rain,Wet,Dark-Not Lighted