Date and Time,Roadway (From Crash Report),Intersection Name (from Crash Report),KABCO Severity,Manner of Collision (Crash Level) ,# of Vehicles per crash ,Weather Conditions (Crash Level),Surface Condition (Crash Level) ,Light Conditions (Crash Level)
2024-11-07T05:00:00.000,I 95,I 16 and I 95,,Angle Crash,1,Rain,Wet,Dark-Not Lighted
2024-02-06T15:35:00.000,I 95,I 16 and I 95,,Sideswipe-Same Direction,2,Clear,Dry,Daylight
2024-01-09T15:39:00.000,I 95,I 16 and I 95,,Not a Collision with Motor Vehicle,1,Rain,Wet,Daylight
2024-05-06T17:47:00.000,I 95,I 16 and I 95,,Sideswipe-Same Direction,2,Clear,Dry,Daylight
2024-12-29T10:15:00.000,I 95,I 16 and I 95,,Rear End,3,Rain,Wet,Daylight
2024-05-29T16:02:00.000,I 95,I 16 and I 95,,Not a Collision with Motor Vehicle,1,Clear,Dry,Daylight
2024-11-04T20:55:00.000,I 95,I 16 and I 95,,Sideswipe-Same Direction,2,Clear,Wet,Dark-Lighted
2024-03-29T11:12:00.000,I 95,I 16 and I 95,,Rear End,3,Clear,Dry,Daylight
2024-03-01T02:35:00.000,I 95,I 16 and I 95,,Rear End,2,Clear,Dry,Dark-Not Lighted
2024-12-14T11:20:00.000,I 95,I 16 and I 95,,Rear End,2,Clear,Dry,Daylight
2024-03-21T15:40:00.000,I 95,I 16 and I 95,,Sideswipe-Same Direction,2,Clear,Dry,Daylight
2024-02-22T02:00:00.000,I 95,I 16 and I 95,,Sideswipe-Same Direction,1,Clear,Dry,(None)
2024-01-16T06:30:00.000,I 95,I 16 and I 95,,Rear End,3,Clear,Dry,Dark-Lighted
2024-11-11T08:30:00.000,I 95,I 16 and I 95,,Rear End,2,Cloudy,Dry,Daylight
2024-10-28T07:28:00.000,I 95,I 16 and I 95,,Rear End,2,Cloudy,Dry,Dawn
2024-08-09T08:50:00.000,I 95,I 16 and I 95,,Sideswipe-Same Direction,3,Cloudy,Dry,Daylight
2024-11-18T14:50:00.000,I 95,I 16 and I 95,,Sideswipe-Same Direction,2,Clear,Dry,Daylight
2024-10-17T16:45:00.000,I 95,I 16 and I 95,,Rear End,3,Clear,Dry,Daylight
2024-04-30T08:25:00.000,I 95,I 16 and I 95,,Sideswipe-Same Direction,2,Clear,Dry,Daylight
2023-02-09T01:10:00.000,I 95,I 16 and I 95,,Sideswipe-Same Direction,2,Clear,Dry,Dark-Not Lighted
2023-04-05T18:16:00.000,I 95,I 16 and I 95,,Not a Collision with Motor Vehicle,1,Clear,Dry,Daylight
2023-04-29T01:25:00.000,I 95,I 16 and I 95,,Head On,1,Clear,Dry,Dark-Not Lighted
2023-02-21T17:51:00.000,I 95,I 16 and I 95,,Sideswipe-Same Direction,2,Clear,Dry,Dark-Not Lighted
2023-11-30T14:21:00.000,I 95,I 16 and I 95,,Not a Collision with Motor Vehicle,1,Clear,Dry,Daylight
2024-09-26T09:23:00.000,I 95,I 16 and I 95,,Not a Collision with Motor Vehicle,1,Rain,Wet,Daylight
2024-06-05T17:44:00.000,I 95,I 16 and I 95,,Rear End,3,Rain,Wet,Daylight
2024-03-19T07:43:00.000,I 95,I 16 and I 95,,Sideswipe-Same Direction,2,Clear,Dry,Daylight
2024-02-04T21:10:00.000,I 95,I 16 and I 95,,Not a Collision with Motor Vehicle,1,Rain,Wet,Dark-Not Lighted
2024-12-28T08:09:00.000,I 95,I 16 and I 95,,Angle Crash,2,Rain,Wet,Daylight
2024-06-21T22:33:00.000,I 95,I 16 and I 95,,Not a Collision with Motor Vehicle,1,Rain,Wet,Dark-Not Lighted
2024-02-09T11:40:00.000,I 95,I 16 and I 95,,Sideswipe-Same Direction,2,Clear,Dry,Daylight
2024-03-14T03:30:00.000,I 95,I 16 and I 95,,Rear End,2,Clear,Dry,Dark-Not Lighted
2023-07-27T18:26:00.000,I 95,I 16 and I 95,,Not a Collision with Motor Vehicle,1,Cloudy,Dry,Daylight
2023-03-18T01:07:00.000,I 95,I 16 and I 95,,Sideswipe-Same Direction,2,Rain,Wet,Dark-Not Lighted
2023-04-22T19:00:00.000,I 95,I 16 and I 95,,Not a Collision with Motor Vehicle,2,Clear,Dry,Daylight
2023-12-12T08:08:00.000,I 95,I 16 and I 95,,Sideswipe-Same Direction,2,Clear,Dry,Daylight
2023-10-16T16:00:00.000,I 95,I 16 and I 95,,Sideswipe-Same Direction,3,Clear,Dry,Daylight
2023-12-25T09:20:00.000,I 95,I 16 and I 95,,Not a Collision with Motor Vehicle,1,Rain,Wet,Daylight
2023-06-24T20:30:00.000,I 95,I 16 and I 95,,Not a Collision with Motor Vehicle,1,Clear,Dry,Dark-Not Lighted
2023-09-16T17:08:00.000,I 95,I 16 and I 95,,Sideswipe-Same Direction,2,Clear,Dry,Daylight
2023-01-19T04:19:00.000,I 95,I 16 and I 95,,Not a Collision with Motor Vehicle,1,Clear,Dry,Dark-Not Lighted
2023-11-17T12:18:00.000,I 95,I 16 and I 95,,Head On,1,Clear,Dry,Daylight
2023-07-26T07:25:00.000,I 95,I 16 and I 95,,Sideswipe-Same Direction,2,Clear,Dry,Daylight
2023-12-09T14:06:00.000,I 95,I 16 and I 95,,Angle Crash,2,Clear,Dry,Daylight
2023-08-03T14:43:00.000,I 95,I 16 and I 95,,Sideswipe-Same Direction,2,Cloudy,Dry,Daylight
2023-02-23T16:06:00.000,I 95,I 16 and I 95,,Sideswipe-Same Direction,2,Clear,Dry,Daylight
2023-03-03T15:25:00.000,I 95,I 16 and I 95,,Rear End,5,Clear,Dry,Daylight
2023-06-10T06:15:00.000,I 95,I 16 and I 95,,Sideswipe-Same Direction,2,Clear,Dry,Daylight
2023-09-05T14:45:00.000,I 95,I 16 and I 95,,Not a Collision with Motor Vehicle,1,Clear,Dry,Daylight
2023-10-31T11:15:00.000,I 95,I 16 and I 95,,Sideswipe-Same Direction,2,Clear,Dry,Daylight
2023-06-18T09:23:00.000,I 95,I 16 and I 95,,Not a Collision with Motor Vehicle,1,Clear,Dry,Daylight
2023-04-25T00:35:00.000,I 95,I 16 and I 95,,Sideswipe-Same Direction,2,Clear,Dry,Dark-Not Lighted
2023-02-21T17:17:00.000,I 95,I 16 and I 95,,Not a Collision with Motor Vehicle,1,Clear,Dry,Daylight
2023-10-29T17:03:00.000,I 95,I 16 and I 95,,Head On,1,Clear,Dry,Dark-Lighted
2023-04-14T13:13:00.000,I 95,I 16 and I 95,,Rear End,2,Clear,Dry,Daylight
2023-04-14T12:54:00.000,I 95,I 16 and I 95,,Sideswipe-Same Direction,2,Clear,Dry,Daylight
2023-11-06T16:52:00.000,I 95,I 16 and I 95,,Sideswipe-Same Direction,2,Clear,Dry,Daylight
2023-11-02T11:30:00.000,I 95,I 16 and I 95,,Angle Crash,2,Clear,Dry,Daylight
2023-12-24T21:30:00.000,I 95,I 16 and I 95,,Not a Collision with Motor Vehicle,1,Cloudy,Dry,Dark-Lighted
2023-11-18T15:56:00.000,I 95,I 16 and I 95,,Not a Collision with Motor Vehicle,1,Clear,Dry,Daylight
2023-12-29T12:34:00.000,I 95,I 16 and I 95,,Rear End,3,Clear,Dry,Daylight
2023-02-21T18:30:00.000,I 95,I 16 and I 95,,Sideswipe-Same Direction,2,Clear,Dry,Dark-Not Lighted
2023-05-12T20:16:00.000,I 95,I 16 and I 95,,Head On,1,Clear,Dry,Daylight
2023-06-20T06:04:00.000,I 95,I 16 and I 95,,Not a Collision with Motor Vehicle,1,Rain,Wet,Dark-Not Lighted
2023-03-21T07:41:00.000,I 95,I 16 and I 95,,Sideswipe-Same Direction,2,Clear,Dry,Daylight
2023-04-06T09:58:00.000,I 95,I 16 and I 95,,Sideswipe-Same Direction,2,Clear,Dry,Daylight
2023-11-10T22:50:00.000,I 95,I 16 and I 95,,Not a Collision with Motor Vehicle,1,Clear,Dry,Dark-Not Lighted
2023-04-08T20:12:00.000,I 95,I 16 and I 95,,Sideswipe-Same Direction,2,Rain,Wet,Dark-Not Lighted
2023-11-22T10:08:00.000,I 95,I 16 and I 95,,Sideswipe-Same Direction,2,Rain,Wet,Daylight
2023-01-02T04:38:00.000,I 95,I 16 and I 95,,Not a Collision with Motor Vehicle,1,Cloudy,Dry,Dark-Not Lighted
2023-04-08T00:27:00.000,I 95,I 16 and I 95,,Sideswipe-Same Direction,2,Clear,Dry,Dark-Not Lighted
2023-11-02T14:00:00.000,I 95,I 16 and I 95,,Rear End,2,Clear,Dry,Daylight
2023-06-19T09:30:00.000,I 95,I 16 and I 95,,Angle Crash,2,Clear,Dry,Daylight
2023-02-21T19:45:00.000,I 95,I 16 and I 95,,Not a Collision with Motor Vehicle,1,Clear,Dry,Dark-Not Lighted
2023-04-07T15:28:00.000,I 95,I 16 and I 95,,Not a Collision with Motor Vehicle,1,Clear,Dry,Daylight
2023-12-19T12:18:00.000,I 95,I 16 and I 95,,Rear End,2,Clear,Dry,Daylight
2023-02-05T04:59:00.000,I 95,I 16 and I 95,,Rear End,2,Clear,Dry,Dark-Lighted
2023-10-27T19:35:00.000,I 95,I 16 and I 95,,Sideswipe-Same Direction,2,Clear,Dry,Dark-Not Lighted
2023-11-06T09:50:00.000,I 95,I 16 and I 95,,Sideswipe-Same Direction,2,Clear,Dry,Daylight
2023-09-29T07:27:00.000,I 95,I 16 and I 95,,Sideswipe-Same Direction,2,Cloudy,Dry,Dawn
2023-06-08T13:52:00.000,I 95,I 16 and I 95,,Rear End,2,Clear,Dry,Daylight
2023-07-29T11:21:00.000,I 95,I 16 and I 95,,Rear End,2,Rain,Wet,Daylight
2023-10-20T20:05:00.000,I 95,I 16 and I 95,,Not a Collision with Motor Vehicle,1,Clear,Dry,Dark-Not Lighted
2023-05-15T18:00:00.000,I 95,I 16 and I 95,,Sideswipe-Same Direction,2,Clear,Dry,Daylight
2023-06-03T15:20:00.000,I 95,I 16 and I 95,,Sideswipe-Same Direction,2,Clear,Wet,Daylight
2024-04-29T15:55:00.000,I 95,I 16 and I 95,,Sideswipe-Same Direction,2,Clear,Dry,Daylight
2024-01-09T15:35:00.000,I 95,I 16 and I 95,,Not a Collision with Motor Vehicle,1,Rain,Wet,Daylight
2024-12-26T15:52:00.000,I 95,I 16 and I 95,,Rear End,2,Clear,Dry,Daylight
2024-01-02T18:09:00.000,I 95,I 16 and I 95,,Rear End,3,Clear,Dry,Daylight
2024-09-04T16:45:00.000,I 95,I 16 and I 95,,Not a Collision with Motor Vehicle,1,Clear,Dry,Daylight
2024-02-22T21:45:00.000,I 95,I 16 and I 95,,Sideswipe-Same Direction,2,Clear,Dry,Dark-Not Lighted
2024-12-09T21:23:00.000,I 95,I 16 and I 95,,Rear End,3,Cloudy,Dry,Dark-Not Lighted
2024-04-21T17:10:00.000,I 95,I 16 and I 95,,Sideswipe-Same Direction,2,Rain,Wet,Daylight
2024-11-27T20:56:00.000,I 95,I 16 and I 95,,Sideswipe-Same Direction,2,Clear,Dry,Dark-Lighted
2024-01-04T06:49:00.000,I 95,I 16 and I 95,,Sideswipe-Same Direction,2,Clear,Wet,Daylight
2024-05-14T08:30:00.000,I 95,I 16 and I 95,,Sideswipe-Same Direction,2,Rain,Wet,Daylight
2024-08-05T16:45:00.000,I 95,I 16 and I 95,,Not a Collision with Motor Vehicle,1,Rain,Wet,Daylight
2024-10-09T01:55:00.000,I 95,I 16 and I 95,,Not a Collision with Motor Vehicle,1,Clear,Dry,Dark-Not Lighted
2024-01-11T03:09:00.000,I 95,I 16 and I 95,,Sideswipe-Same Direction,2,Clear,Dry,Dusk
2024-10-03T18:50:00.000,I 95,I 16 and I 95,,Sideswipe-Same Direction,2,Clear,Dry,Daylight
2024-04-25T09:50:00.000,I 95,I 16 and I 95,,Not a Collision with Motor Vehicle,1,Clear,Dry,Daylight
2024-12-23T19:15:00.000,I 95,I 16 and I 95,,Rear End,2,Rain,Wet,Dark-Not Lighted
2024-09-26T13:48:00.000,I 95,I 16 and I 95,,Not a Collision with Motor Vehicle,1,Rain,Wet,Daylight
2024-09-26T08:35:00.000,I 95,I 16 and I 95,,Not a Collision with Motor Vehicle,1,Rain,Wet,Daylight
2024-07-07T12:14:00.000,I 95,I 16 and I 95,,Sideswipe-Same Direction,2,Clear,Dry,Daylight
2024-03-30T10:12:00.000,I 95,I 16 and I 95,,Angle Crash,2,Clear,Dry,Daylight
2024-02-01T00:00:00.000,I 95,I 16 and I 95,,Not a Collision with Motor Vehicle,1,Clear,Dry,Dark-Not Lighted
2024-08-17T21:47:00.000,I 95,I 16 and I 95,,Not a Collision with Motor Vehicle,1,Clear,Wet,Dark-Not Lighted
2024-06-16T11:20:00.000,I 95,I 16 and I 95,,Sideswipe-Same Direction,2,Clear,Dry,Daylight
2024-08-02T13:55:00.000,I 95,I 16 and I 95,,Angle Crash,2,Rain,Wet,Daylight
2024-01-03T01:00:00.000,I 95,I 16 and I 95,,Not a Collision with Motor Vehicle,1,Clear,Dry,Dark-Not Lighted
2024-08-05T15:25:00.000,I 95,I 16 and I 95,,Rear End,2,Rain,Wet,Daylight
2024-07-24T04:50:00.000,I 95,I 16 and I 95,,Not a Collision with Motor Vehicle,1,Rain,Wet,Dark-Not Lighted
2024-05-24T13:15:00.000,I 95,I 16 and I 95,,Rear End,3,Clear,Dry,Daylight
2024-04-12T17:01:00.000,I 95,I 16 and I 95,,Rear End,2,Clear,Dry,Daylight
2024-05-08T05:30:00.000,I 95,I 16 and I 95,,Not a Collision with Motor Vehicle,2,Clear,Dry,Dawn
2024-05-19T17:37:00.000,I 95,I 16 and I 95,,Not a Collision with Motor Vehicle,1,Rain,Wet,Daylight
2024-08-01T12:01:00.000,I 95,I 16 and I 95,,Sideswipe-Same Direction,2,Cloudy,Dry,Daylight
2024-08-20T10:30:00.000,I 95,I 16 and I 95,,Sideswipe-Same Direction,2,Clear,Dry,Daylight
2024-01-25T07:20:00.000,I 95,I 16 and I 95,,Rear End,2,Cloudy,Wet,(None)
2024-01-08T18:30:00.000,I 95,I 16 and I 95,,Sideswipe-Same Direction,2,Clear,Dry,Dusk
2024-11-01T10:46:00.000,I 95,I 16 and I 95,,Sideswipe-Same Direction,2,Clear,Dry,Daylight
2024-10-28T15:20:00.000,I 95,I 16 and I 95,,Rear End,2,Clear,Dry,Daylight
2024-09-26T05:07:00.000,I 95,I 16 and I 95,,Angle Crash,2,Rain,Wet,Dark-Not Lighted
2024-12-23T19:21:00.000,I 95,I 16 and I 95,,Rear End,5,Rain,Wet,Dusk
2024-02-07T06:45:00.000,I 95,I 16 and I 95,,Rear End,2,Clear,Dry,Daylight
2024-10-12T13:12:00.000,I 95,I 16 and I 95,,Rear End,3,Clear,Dry,Daylight
2024-01-26T17:35:00.000,I 95,I 16 and I 95,,Sideswipe-Same Direction,2,Clear,Dry,Daylight
2024-06-06T17:44:00.000,I 95,I 16 and I 95,,Rear End,2,Clear,Dry,Daylight
2024-01-06T09:21:00.000,I 95,I 16 and I 95,,Angle Crash,2,Rain,Wet,Daylight
2024-10-23T14:03:00.000,I 95,I 16 and I 95,,Sideswipe-Same Direction,2,Clear,Dry,Daylight
2024-09-28T22:10:00.000,I 95,I 16 and I 95,,Not a Collision with Motor Vehicle,1,Clear,Dry,Dark-Not Lighted
2024-05-23T16:28:00.000,I 95,I 16 and I 95,,Sideswipe-Same Direction,2,Clear,Dry,Daylight
2024-11-12T07:35:00.000,I 95,I 16 and I 95,,Rear End,2,Clear,Dry,Daylight
2024-04-11T07:40:00.000,I 95,I 16 and I 95,,Not a Collision with Motor Vehicle,1,Rain,Wet,Daylight
2024-05-03T10:36:00.000,I 95,I 16 and I 95,,Rear End,4,Clear,Dry,Daylight
2024-03-20T16:43:00.000,I 95,I 16 and I 95,,Rear End,4,Clear,Dry,Daylight
2024-03-21T07:26:00.000,I 95,I 16 and I 95,,Sideswipe-Same Direction,2,Clear,Dry,Daylight
2024-04-22T18:30:00.000,I 95,I 16 and I 95,,Rear End,2,Clear,Dry,Daylight
2024-02-14T00:24:00.000,I 95,I 16 and I 95,,Not a Collision with Motor Vehicle,1,Clear,Dry,Dark-Not Lighted
2024-11-03T03:00:00.000,I 95,I 16 and I 95,,Not a Collision with Motor Vehicle,1,Clear,Dry,Dark-Lighted
2024-04-01T13:08:00.000,I 95,I 16 and I 95,,Rear End,2,Cloudy,Dry,Daylight
2024-11-05T03:55:00.000,I 95,I 16 and I 95,,Not a Collision with Motor Vehicle,1,Clear,Wet,Dark-Not Lighted
2024-08-06T18:02:00.000,I 95,I 16 and I 95,,Not a Collision with Motor Vehicle,1,Rain,Wet,Daylight
2024-10-27T11:18:00.000,I 95,I 16 and I 95,,Sideswipe-Same Direction,2,Clear,Dry,Daylight
2024-06-30T00:42:00.000,I 95,I 16 and I 95,,Sideswipe-Same Direction,2,Clear,Dry,Dark-Not Lighted
2024-06-25T13:12:00.000,I 95,I 16 and I 95,,Rear End,4,Clear,Dry,Daylight
2024-12-11T06:40:00.000,I 95,I 16 and I 95,,Rear End,2,Rain,Wet,Dawn
2024-02-15T23:09:00.000,I 95,I 16 and I 95,,Not a Collision with Motor Vehicle,1,Clear,Dry,Dark-Not Lighted
2024-09-23T16:26:00.000,I 95,I 16 and I 95,,Not a Collision with Motor Vehicle,1,Clear,Dry,Daylight
2024-06-09T11:11:00.000,I 95,I 16 and I 95,,Angle Crash,3,Clear,Dry,Daylight
2024-01-05T02:25:00.000,I 95,I 16 and I 95,,Sideswipe-Same Direction,2,Clear,Dry,Dark-Not Lighted
2024-01-28T22:08:00.000,I 95,I 16 and I 95,,Not a Collision with Motor Vehicle,2,Clear,Dry,Dark-Not Lighted
2024-06-04T06:22:00.000,I 95,I 16 and I 95,,Sideswipe-Same Direction,2,Clear,Dry,Daylight
2024-02-19T10:23:00.000,I 95,I 16 and I 95,,Sideswipe-Same Direction,2,Cloudy,Dry,Daylight
2024-04-26T06:59:00.000,I 95,I 16 and I 95,,Angle Crash,2,Fog,Dry,Daylight
2024-12-17T11:19:00.000,I 95,I 16 and I 95,,Angle Crash,2,Cloudy,Wet,Daylight
2024-12-11T06:59:00.000,I 95,I 16 and I 95,,Rear End,2,Rain,Wet,Dark-Not Lighted
2024-12-05T16:35:00.000,I 95,I 16 and I 95,,Rear End,2,Clear,Dry,Daylight
2024-10-07T17:15:00.000,I 95,I 16 and I 95,,Sideswipe-Same Direction,2,Clear,Dry,Daylight
2024-04-25T15:45:00.000,I 95,I 16 and I 95,,Sideswipe-Same Direction,2,Clear,Dry,Daylight
2024-08-05T14:15:00.000,I 95,I 16 and I 95,,Not a Collision with Motor Vehicle,1,Rain,Wet,Daylight
2024-06-10T16:47:00.000,I 95,I 16 and I 95,,Sideswipe-Same Direction,2,Rain,Wet,Daylight
2024-02-29T06:50:00.000,I 95,I 16 and I 95,,Sideswipe-Same Direction,2,Cloudy,Dry,Daylight
2024-06-20T13:55:00.000,I 95,I 16 and I 95,,Sideswipe-Same Direction,2,Clear,Dry,Daylight
2024-08-05T16:05:00.000,I 95,I 16 and I 95,,Not a Collision with Motor Vehicle,1,Rain,Wet,Daylight
2024-12-04T11:35:00.000,I 95,I 16 and I 95,,Sideswipe-Same Direction,2,Clear,Dry,Daylight
2024-12-11T06:20:00.000,I 95,I 16 and I 95,,Sideswipe-Opposite Direction,5,Rain,Wet,Dark-Not Lighted
2024-04-12T15:50:00.000,I 95,I 16 and I 95,,Rear End,2,Clear,Dry,Daylight
2024-05-23T18:50:00.000,I 95,I 16 and I 95,,Sideswipe-Same Direction,3,Clear,Dry,Daylight
2024-12-12T12:43:00.000,I 95,I 16 and I 95,,Sideswipe-Same Direction,2,Clear,Dry,Daylight
2024-10-28T05:30:00.000,I 95,I 16 and I 95,,Sideswipe-Same Direction,2,Cloudy,Dry,Dawn
2024-03-06T11:42:00.000,I 95,I 16 and I 95,,Sideswipe-Same Direction,2,Cloudy,Dry,Daylight
2024-06-24T05:30:00.000,I 95,I 16 and I 95,,Rear End,2,Clear,Dry,Dark-Not Lighted
2024-03-01T14:37:00.000,I 95,I 16 and I 95,,Sideswipe-Same Direction,2,Rain,Wet,Daylight
2024-03-08T06:50:00.000,I 95,I 16 and I 95,,Rear End,2,Cloudy,Dry,Daylight
2024-09-26T05:15:00.000,I 95,I 16 and I 95,,Not a Collision with Motor Vehicle,1,Rain,Wet,Dark-Not Lighted
2024-09-23T11:34:00.000,I 95,I 16 and I 95,,Sideswipe-Same Direction,2,Clear,Dry,Daylight
2024-09-14T02:23:00.000,I 95,I 16 and I 95,,Not a Collision with Motor Vehicle,1,Cloudy,Wet,Dark-Not Lighted
2024-05-13T18:00:00.000,I 95,I 16 and I 95,,Head On,1,Cloudy,Dry,Daylight
2024-01-18T11:00:00.000,I 95,I 16 and I 95,,Sideswipe-Same Direction,2,Clear,Dry,Daylight
2024-05-06T11:57:00.000,I 95,I 16 and I 95,,Sideswipe-Same Direction,2,Clear,Dry,Daylight
2024-05-11T21:35:00.000,I 95,I 16 and I 95,,Sideswipe-Same Direction,2,Clear,Dry,Dark-Not Lighted
2024-01-24T05:57:00.000,I 95,I 16 and I 95,,Sideswipe-Same Direction,2,Cloudy,Wet,Dark-Lighted
2024-06-05T01:49:00.000,I 95,I 16 and I 95,,Sideswipe-Same Direction,2,Clear,Dry,Dark-Not Lighted
2024-05-25T19:30:00.000,I 95,I 16 and I 95,,Not a Collision with Motor Vehicle,1,Clear,Dry,(None)
2024-11-07T04:57:00.000,I 95,I 16 and I 95,,Rear End,2,Rain,Wet,Dark-Not Lighted
2024-02-13T13:31:00.000,I 95,I 16 and I 95,,Rear End,3,Clear,Dry,Daylight
2024-04-11T19:05:00.000,I 95,I 16 and I 95,,Head On,2,Clear,Dry,Daylight
2024-05-15T08:46:00.000,I 95,I 16 and I 95,,Sideswipe-Same Direction,2,Cloudy,Dry,Daylight
2024-01-12T18:05:00.000,I 95,I 16 and I 95,,Sideswipe-Same Direction,2,Rain,Wet,Dusk
2024-03-20T12:50:00.000,I 95,I 16 and I 95,,Sideswipe-Same Direction,2,Clear,Dry,Daylight
2024-01-05T21:30:00.000,I 95,I 16 and I 95,,Head On,1,Clear,Dry,Dark-Not Lighted
2024-04-25T10:51:00.000,I 95,I 16 and I 95,,Not a Collision with Motor Vehicle,2,Clear,Dry,Daylight
2024-09-15T15:22:00.000,I 95,I 16 and I 95,,Sideswipe-Same Direction,2,Cloudy,Dry,Daylight
2024-08-09T16:47:00.000,I 95,I 16 and I 95,,Sideswipe-Same Direction,2,Clear,Dry,Daylight
2024-03-13T09:09:00.000,I 95,I 16 and I 95,,Sideswipe-Same Direction,2,Clear,Dry,Daylight
2024-12-19T04:38:00.000,I 95,I 16 and I 95,,Not a Collision with Motor Vehicle,1,Rain,Wet,Dusk
2024-05-20T13:06:00.000,I 95,I 16 and I 95,,Sideswipe-Same Direction,2,Clear,Dry,Daylight
2024-11-21T16:00:00.000,I 95,I 16 and I 95,,Rear End,4,Clear,Dry,Daylight
2024-02-07T06:15:00.000,I 95,I 16 and I 95,,Sideswipe-Same Direction,2,Clear,Dry,Dark-Not Lighted
2024-11-15T15:47:00.000,I 95,I 16 and I 95,,Rear End,2,Clear,Dry,Daylight
2024-01-14T17:21:00.000,I 95,I 16 and I 95,,Rear End,2,Clear,Dry,Daylight
2024-05-23T16:16:00.000,I 95,I 16 and I 95,,Sideswipe-Same Direction,2,Clear,Dry,Daylight
2024-11-02T21:24:00.000,I 95,I 16 and I 95,,Not a Collision with Motor Vehicle,1,Clear,Dry,Dark-Not Lighted
2024-07-06T17:13:00.000,I 95,I 16 and I 95,,Not a Collision with Motor Vehicle,1,Clear,Dry,Daylight
2024-10-09T15:05:00.000,I 95,I 16 and I 95,,Not a Collision with Motor Vehicle,1,Cloudy,Dry,Daylight
2024-04-12T11:30:00.000,I 95,I 16 and I 95,,Not a Collision with Motor Vehicle,1,Clear,Dry,Dark-Not Lighted
2024-05-16T03:50:00.000,I 95,I 16 and I 95,,Not a Collision with Motor Vehicle,1,Clear,Dry,Dark-Not Lighted
2024-02-23T15:00:00.000,I 95,I 16 and I 95,,Rear End,2,Clear,Dry,Daylight
2024-11-07T05:28:00.000,I 95,I 16 and I 95,,Sideswipe-Same Direction,2,Rain,Wet,Dark-Not Lighted
2024-08-23T14:00:00.000,I 95,I 16 and I 95,,Sideswipe-Same Direction,2,Clear,Dry,Daylight
2024-06-08T16:10:00.000,I 95,I 16 and I 95,,Sideswipe-Same Direction,2,Clear,Dry,Daylight
2024-10-05T03:40:00.000,I 95,I 16 and I 95,,Not a Collision with Motor Vehicle,1,Clear,Dry,Dark-Not Lighted
2024-04-11T06:10:00.000,I 95,I 16 and I 95,,Not a Collision with Motor Vehicle,1,Rain,Wet,Dark-Not Lighted
2024-11-21T16:00:00.000,I 95,I 16 and I 95,,Not a Collision with Motor Vehicle,1,Clear,Dry,Daylight
2021-06-25T17:39:00.000,I 75,I 16 and I 75,,Angle Crash,4,Clear,Dry,Daylight
2021-06-09T22:57:00.000,I 75,I 16 and I 75,,Sideswipe-Same Direction,2,Clear,Dry,Dark-Not Lighted
2021-06-18T12:14:00.000,I 75,I 16 and I 75,,Angle Crash,2,Clear,Dry,Daylight
2021-09-29T00:19:00.000,I 75,I 16 and I 75,,Not a Collision with Motor Vehicle,1,Clear,Dry,Dark-Not Lighted
2021-04-03T15:39:00.000,I 75,I 16 and I 75,,Not a Collision with Motor Vehicle,1,Clear,Dry,Daylight
2021-02-03T17:31:00.000,I 75,I 16 and I 75,,Rear End,2,Clear,Dry,Daylight
2021-07-20T06:19:00.000,I 75,I 16 and I 75,,Angle Crash,2,Cloudy,Wet,Daylight
2021-11-04T17:37:00.000,I 75,I 16 and I 75,,Sideswipe-Same Direction,3,Clear,Dry,Daylight
2021-07-20T11:49:00.000,I 75,I 16 and I 75,,Sideswipe-Same Direction,2,Clear,Dry,Daylight
2021-08-24T19:14:00.000,I 75,I 16 and I 75,,Rear End,2,Cloudy,Dry,Daylight
2021-11-18T20:07:00.000,I 75,I 16 and I 75,,Not a Collision with Motor Vehicle,1,Clear,Dry,Daylight
2021-12-16T08:25:00.000,I 75,I 16 and I 75,,Rear End,2,Cloudy,Wet,Daylight
2021-04-25T18:16:00.000,I 75,I 16 and I 75,,Not a Collision with Motor Vehicle,1,Clear,Dry,Daylight
2021-06-03T23:17:00.000,I 75,I 16 and I 75,,Not a Collision with Motor Vehicle,1,Clear,Dry,Dark-Lighted
2021-12-03T08:08:00.000,I 75,I 16 and I 75,,Sideswipe-Same Direction,2,Clear,Dry,Daylight
2021-11-15T10:34:00.000,I 75,I 16 and I 75,,Not a Collision with Motor Vehicle,1,Clear,Dry,Daylight
2021-10-23T14:01:00.000,I 75,I 16 and I 75,,Sideswipe-Same Direction,2,Clear,Dry,Daylight
2021-09-06T11:47:00.000,I 75,I 16 and I 75,,Not a Collision with Motor Vehicle,2,Cloudy,Dry,Daylight
2021-09-12T02:53:00.000,I 75,I 16 and I 75,,Not a Collision with Motor Vehicle,1,Clear,Dry,Dark-Not Lighted
2021-05-14T15:09:00.000,I 75,I 16 and I 75,,Rear End,4,Clear,Dry,Daylight
2021-03-13T19:38:00.000,I 75,I 16 and I 75,,Rear End,2,Clear,Dry,Dark-Lighted
2021-03-03T18:56:00.000,I 75,I 16 and I 75,,Rear End,2,Clear,Dry,Dark-Not Lighted
2021-01-29T16:40:00.000,I 75,I 16 and I 75,,Angle Crash,2,Clear,Dry,Daylight
2020-04-15T17:40:00.000,I 75,I 16 and I 75,,Rear End,4,Clear,Dry,Daylight