Date and Time,Roadway (From Crash Report),Intersection Name (from Crash Report),KABCO Severity,Manner of Collision (Crash Level) ,# of Vehicles per crash ,Weather Conditions (Crash Level),Surface Condition (Crash Level) ,Light Conditions (Crash Level)
2020-10-01T10:38:00.000,I 75,I 16 and I 75,,Rear End,3,Clear,Dry,Daylight
2020-05-25T12:17:00.000,I 75,I 16 and I 75,,Not a Collision with Motor Vehicle,2,Clear,Dry,Daylight
2023-10-12T12:47:00.000,I 75,I 16 and I 75,,Rear End,3,Clear,Dry,Daylight
2023-01-26T11:43:00.000,I 75,I 16 and I 75,,Angle Crash,2,Clear,Dry,Daylight
2023-02-05T15:49:00.000,I 75,I 16 and I 75,,Rear End,2,Clear,Dry,Daylight
2023-12-29T16:45:00.000,I 75,I 16 and I 75,,Sideswipe-Same Direction,2,Clear,Dry,Daylight
2023-10-24T07:09:00.000,I 75,I 16 and I 75,,Sideswipe-Same Direction,2,Clear,Dry,Dawn
2023-08-29T13:10:00.000,I 75,I 16 and I 75,,Sideswipe-Same Direction,2,Clear,Dry,Daylight
2023-03-01T15:45:00.000,I 75,I 16 and I 75,,Rear End,2,Clear,Dry,Daylight
2023-05-28T01:35:00.000,I 75,I 16 and I 75,,Sideswipe-Same Direction,2,Clear,Dry,Dark-Lighted
2023-03-10T19:15:00.000,I 75,I 16 and I 75,,Rear End,2,Cloudy,Wet,Dark-Not Lighted
2023-01-02T16:34:00.000,I 75,I 16 and I 75,,Not a Collision with Motor Vehicle,1,Clear,Dry,Daylight
2023-06-18T13:56:00.000,I 75,I 16 and I 75,,Rear End,2,Clear,Dry,Daylight
2023-07-18T21:12:00.000,I 75,I 16 and I 75,,Sideswipe-Same Direction,2,Clear,Dry,Dark-Not Lighted
2022-08-30T18:16:00.000,I 75,I 16 and I 75,,Rear End,3,Clear,Dry,Daylight
2023-04-16T17:05:00.000,I 75,I 16 and I 75,,Rear End,2,Clear,Dry,Daylight
2020-08-07T10:58:00.000,I 75,I 16 and I 75,,Not a Collision with Motor Vehicle,2,Cloudy,Dry,Daylight
2020-12-22T15:10:00.000,I 75,I 16 and I 75,,Not a Collision with Motor Vehicle,2,Clear,Dry,Daylight
2020-12-19T15:18:00.000,I 75,I 16 and I 75,,Not a Collision with Motor Vehicle,1,Clear,Dry,Daylight
2020-06-05T14:19:00.000,I 75,I 16 and I 75,,Rear End,4,Cloudy,Wet,Daylight
2020-01-22T11:52:00.000,I 75,I 16 and I 75,,Angle Crash,2,Clear,Dry,Daylight
2020-04-15T17:40:00.000,I 75,I 16 and I 75,,Rear End,2,Clear,Dry,Daylight
2020-09-08T16:19:00.000,I 75,I 16 and I 75,,Not a Collision with Motor Vehicle,1,Clear,Dry,Daylight
2020-07-05T16:49:00.000,I 75,I 16 and I 75,,Rear End,2,Clear,Dry,Daylight
2020-12-28T14:19:00.000,I 75,I 16 and I 75,,Rear End,2,Clear,Dry,Daylight
2020-07-15T15:40:00.000,I 75,I 16 and I 75,,Not a Collision with Motor Vehicle,2,Clear,Dry,Daylight
2020-02-10T08:33:00.000,I 75,I 16 and I 75,,Sideswipe-Same Direction,2,Cloudy,Dry,Daylight
2020-02-17T16:38:00.000,I 75,I 16 and I 75,,Rear End,2,Clear,Dry,Daylight
2020-05-24T19:18:00.000,I 75,I 16 and I 75,,Sideswipe-Same Direction,2,Rain,Wet,Dusk
2020-02-14T11:41:00.000,I 75,I 16 and I 75,,Rear End,3,Clear,Dry,Daylight
2020-01-13T08:30:00.000,I 75,I 16 and I 75,,Rear End,3,Rain,Wet,Daylight
2020-09-05T11:40:00.000,I 75,I 16 and I 75,,Sideswipe-Same Direction,2,Clear,Dry,Daylight
2020-06-02T11:46:00.000,I 75,I 16 and I 75,,Sideswipe-Same Direction,2,Cloudy,Dry,Daylight
2020-11-26T14:37:00.000,I 75,I 16 and I 75,,Not a Collision with Motor Vehicle,1,Clear,Dry,Daylight
2020-08-10T08:45:00.000,I 75,I 16 and I 75,,Rear End,2,Clear,Dry,Daylight
2020-12-18T08:37:00.000,I 75,I 16 and I 75,,Sideswipe-Same Direction,2,Clear,Dry,Daylight
2020-09-04T11:53:00.000,I 75,I 16 and I 75,,Sideswipe-Same Direction,2,Clear,Dry,Daylight
2020-12-22T11:13:00.000,I 75,I 16 and I 75,,Not a Collision with Motor Vehicle,2,Clear,Dry,Daylight
2020-06-13T18:36:00.000,I 75,I 16 and I 75,,Not a Collision with Motor Vehicle,1,Clear,Dry,Daylight
2020-01-10T18:44:00.000,I 75,I 16 and I 75,,Rear End,2,Clear,Dry,Dark-Not Lighted
2020-09-10T00:00:00.000,I 75,I 16 and I 75,,Not a Collision with Motor Vehicle,2,Clear,Oil,Dark-Not Lighted
2020-11-16T08:05:00.000,I 75,I 16 and I 75,,Rear End,3,Clear,Dry,Daylight
2020-10-15T11:39:00.000,I 75,I 16 and I 75,,Sideswipe-Same Direction,2,Cloudy,Dry,Daylight
2020-06-25T17:34:00.000,I 75,I 16 and I 75,,Rear End,2,Rain,Wet,Daylight
2020-05-28T14:05:00.000,I 75,I 16 and I 75,,Sideswipe-Opposite Direction,2,Clear,Dry,Daylight
2020-03-11T13:32:00.000,I 75,I 16 and I 75,,Sideswipe-Same Direction,2,Clear,Dry,Daylight
2020-07-14T11:50:00.000,I 75,I 16 and I 75,,Sideswipe-Same Direction,2,Clear,Dry,Daylight
2020-10-22T15:31:00.000,I 75,I 16 and I 75,,Rear End,2,Cloudy,Dry,Daylight
2020-08-05T14:50:00.000,I 75,I 16 and I 75,,Sideswipe-Same Direction,2,Cloudy,Dry,Daylight
2020-07-03T14:51:00.000,I 75,I 16 and I 75,,Rear End,2,Clear,Dry,Daylight
2020-06-22T15:35:00.000,I 75,I 16 and I 75,,Sideswipe-Same Direction,2,Clear,Dry,Daylight
2020-09-25T15:52:00.000,I 75,I 16 and I 75,,Rear End,2,Clear,Dry,Daylight
2020-09-22T10:34:00.000,I 75,I 16 and I 75,,Rear End,2,Clear,Dry,Daylight
2020-12-22T10:22:00.000,I 75,I 16 and I 75,,Sideswipe-Same Direction,2,Clear,Dry,Daylight
2020-10-22T14:36:00.000,I 75,I 16 and I 75,,Rear End,2,Cloudy,Dry,Daylight
2020-11-16T07:42:00.000,I 75,I 16 and I 75,,Rear End,2,Clear,Dry,Daylight
2020-08-10T04:00:00.000,I 75,I 16 and I 75,,Not a Collision with Motor Vehicle,1,Clear,Water (standing or moving),Dark-Lighted
2020-11-11T14:35:00.000,I 75,I 16 and I 75,,Angle Crash,2,Cloudy,Wet,Daylight
2020-06-19T14:07:00.000,I 75,I 16 and I 75,,Rear End,2,Clear,Dry,Daylight
2020-10-08T09:14:00.000,I 75,I 16 and I 75,,Not a Collision with Motor Vehicle,1,Clear,Dry,Daylight
2020-04-14T00:30:00.000,I 75,I 16 and I 75,,Not a Collision with Motor Vehicle,1,Clear,Dry,Dark-Not Lighted
2021-01-31T18:09:00.000,I 75,I 16 and I 75,,Not a Collision with Motor Vehicle,1,Rain,Wet,Dark-Lighted
2021-06-23T14:20:00.000,I 75,I 16 and I 75,,Sideswipe-Same Direction,2,Clear,Dry,Daylight
2021-04-01T16:21:00.000,I 75,I 16 and I 75,,Sideswipe-Same Direction,2,Clear,Dry,Daylight
2021-02-22T18:55:00.000,I 75,I 16 and I 75,,Angle Crash,2,Clear,Dry,Daylight
2021-05-14T12:50:00.000,I 75,I 16 and I 75,,Rear End,2,Clear,Dry,Daylight
2021-06-23T07:32:00.000,I 75,I 16 and I 75,,Rear End,2,Clear,Dry,Daylight
2021-04-30T12:21:00.000,I 75,I 16 and I 75,,Rear End,3,Clear,Dry,Daylight
2021-02-22T06:01:00.000,I 75,I 16 and I 75,,Not a Collision with Motor Vehicle,1,Clear,Dry,Dark-Not Lighted
2021-04-05T07:33:00.000,I 75,I 16 and I 75,,Rear End,2,Clear,Dry,Daylight
2021-05-06T15:16:00.000,I 75,I 16 and I 75,,Angle Crash,3,Clear,Dry,Dawn
2021-01-21T13:55:00.000,I 75,I 16 and I 75,,Rear End,2,Cloudy,Wet,Daylight
2021-09-12T03:10:00.000,I 75,I 16 and I 75,,Not a Collision with Motor Vehicle,1,Clear,Dry,Dark-Not Lighted
2021-07-26T18:38:00.000,I 75,I 16 and I 75,,Not a Collision with Motor Vehicle,1,Clear,Dry,Daylight
2021-07-13T14:35:00.000,I 75,I 16 and I 75,,Sideswipe-Same Direction,2,Cloudy,Dry,Daylight
2021-11-16T07:56:00.000,I 75,I 16 and I 75,,Sideswipe-Same Direction,2,Clear,Dry,Daylight
2021-09-22T13:22:00.000,I 75,I 16 and I 75,,Sideswipe-Same Direction,2,Cloudy,Dry,Daylight
2021-09-22T13:44:00.000,I 75,I 16 and I 75,,Rear End,2,Clear,Dry,Daylight
2021-12-14T20:06:00.000,I 75,I 16 and I 75,,Angle Crash,2,Clear,Dry,Dark-Lighted
2021-11-25T05:55:00.000,I 75,I 16 and I 75,,Rear End,2,Clear,Dry,Dark-Not Lighted
2021-10-12T18:00:00.000,I 75,I 16 and I 75,,Rear End,5,Clear,Dry,Daylight
2021-07-08T11:08:00.000,I 75,I 16 and I 75,,Rear End,4,Cloudy,Dry,Daylight
2021-07-26T18:14:00.000,I 75,I 16 and I 75,,Sideswipe-Same Direction,2,Clear,Dry,Daylight
2021-07-21T06:35:00.000,I 75,I 16 and I 75,,Not a Collision with Motor Vehicle,1,Cloudy,Ice/Frost,Dawn
2022-04-04T13:44:00.000,I 75,I 16 and I 75,,Rear End,2,Clear,Dry,Daylight
2022-10-09T16:37:00.000,I 75,I 16 and I 75,,Rear End,3,Clear,Dry,Daylight
2021-12-26T14:10:00.000,I 75,I 16 and I 75,,Rear End,2,Clear,Dry,Daylight
2021-07-14T17:32:00.000,I 75,I 16 and I 75,,Not a Collision with Motor Vehicle,1,Cloudy,Dry,Daylight
2021-07-05T15:35:00.000,I 75,I 16 and I 75,,Angle Crash,2,Clear,Dry,Daylight
2022-02-09T13:41:00.000,I 75,I 16 and I 75,,Angle Crash,2,Clear,Dry,Daylight
2022-12-27T10:42:00.000,I 75,I 16 and I 75,,Sideswipe-Same Direction,2,Clear,Dry,Daylight
2022-07-15T09:01:00.000,I 75,I 16 and I 75,,Sideswipe-Same Direction,4,Clear,Dry,Daylight
2022-04-07T17:44:00.000,I 75,I 16 and I 75,,Rear End,2,Clear,Dry,Daylight
2022-09-15T16:55:00.000,I 75,I 16 and I 75,,Rear End,3,Clear,Dry,Daylight
2022-04-19T07:37:00.000,I 75,I 16 and I 75,,Rear End,2,Clear,Dry,Daylight
2022-01-27T07:28:00.000,I 75,I 16 and I 75,,Sideswipe-Same Direction,2,Clear,Dry,Daylight
2022-11-03T17:07:00.000,I 75,I 16 and I 75,,Angle Crash,2,Clear,Dry,Daylight
2022-11-03T18:00:00.000,I 75,I 16 and I 75,,Rear End,2,Clear,Dry,Daylight
2022-06-14T11:55:00.000,I 75,I 16 and I 75,,Sideswipe-Same Direction,2,Cloudy,Dry,Daylight
2021-11-22T12:28:00.000,I 75,I 16 and I 75,,Sideswipe-Same Direction,2,Clear,Dry,Daylight
2022-05-15T21:09:00.000,I 75,I 16 and I 75,,Not a Collision with Motor Vehicle,1,Clear,Dry,Dark-Not Lighted
2022-02-27T10:59:00.000,I 75,I 16 and I 75,,Not a Collision with Motor Vehicle,1,Cloudy,Dry,Daylight
2022-02-14T09:35:00.000,I 75,I 16 and I 75,,Not a Collision with Motor Vehicle,1,Clear,Dry,Daylight
2022-04-12T23:27:00.000,I 75,I 16 and I 75,,Not a Collision with Motor Vehicle,1,Clear,Dry,Dark-Not Lighted
2022-08-24T08:20:00.000,I 75,I 16 and I 75,,Rear End,3,Cloudy,Wet,Daylight
2022-10-27T17:45:00.000,I 75,I 16 and I 75,,Not a Collision with Motor Vehicle,1,Clear,Dry,Daylight
2022-06-17T18:47:00.000,I 75,I 16 and I 75,,Not a Collision with Motor Vehicle,1,Cloudy,Dry,Daylight
2022-08-01T18:15:00.000,I 75,I 16 and I 75,,Rear End,2,Clear,Dry,Daylight
2022-02-07T17:47:00.000,I 75,I 16 and I 75,,Not a Collision with Motor Vehicle,1,Clear,Dry,Daylight
2022-01-14T14:48:00.000,I 75,I 16 and I 75,,Rear End,3,Clear,Dry,Daylight
2022-05-28T12:31:00.000,I 75,I 16 and I 75,,Rear End,4,Clear,Dry,Daylight
2022-01-20T07:10:00.000,I 75,I 16 and I 75,,Rear End,2,Rain,Wet,Daylight
2022-01-04T16:01:00.000,I 75,I 16 and I 75,,Rear End,2,Clear,Dry,Daylight
2022-04-27T13:16:00.000,I 75,I 16 and I 75,,Angle Crash,2,Clear,Dry,Daylight
2022-01-14T12:35:00.000,I 75,I 16 and I 75,,Angle Crash,2,Clear,Dry,Daylight
2022-12-29T15:50:00.000,I 75,I 16 and I 75,,Rear End,2,Clear,Dry,Daylight
2022-12-26T16:20:00.000,I 75,I 16 and I 75,,Angle Crash,2,Clear,Dry,Daylight
2022-07-25T14:23:00.000,I 75,I 16 and I 75,,Rear End,3,Clear,Dry,Daylight
2022-03-04T08:56:00.000,I 75,I 16 and I 75,,Sideswipe-Same Direction,2,Clear,Dry,Daylight
2022-04-19T18:37:00.000,I 75,I 16 and I 75,,Angle Crash,2,Clear,Dry,Daylight
2022-07-07T11:15:00.000,I 75,I 16 and I 75,,Rear End,2,Clear,Dry,Daylight
2022-01-14T11:59:00.000,I 75,I 16 and I 75,,Rear End,2,Clear,Dry,Daylight
2022-03-03T09:46:00.000,I 75,I 16 and I 75,,Angle Crash,2,Clear,Dry,Daylight
2022-04-24T16:16:00.000,I 75,I 16 and I 75,,Sideswipe-Same Direction,2,Clear,Dry,Daylight
2022-01-26T16:42:00.000,I 75,I 16 and I 75,,Rear End,2,Clear,Dry,Daylight
2023-11-14T15:44:00.000,I 75,I 16 and I 75,,Angle Crash,2,Cloudy,Dry,Dawn
2023-08-07T19:36:00.000,I 75,I 16 and I 75,,Rear End,2,Severe Thunderstorm or Tornadic,Wet,Daylight
2023-01-16T13:06:00.000,I 75,I 16 and I 75,,Angle Crash,2,Clear,Dry,Daylight
2024-04-26T14:54:00.000,I 75,I 16 and I 75,,Rear End,4,Clear,Dry,Daylight
2024-02-19T17:26:00.000,I 75,I 16 and I 75,,Rear End,2,Clear,Dry,Daylight
2024-10-30T07:02:00.000,I 75,I 16 and I 75,,Angle Crash,2,Clear,Dry,Dark-Lighted
2024-05-02T14:12:00.000,I 75,I 16 and I 75,,Rear End,2,Clear,Dry,Daylight
2024-04-25T11:13:00.000,I 75,I 16 and I 75,,Sideswipe-Same Direction,2,Clear,Dry,Daylight
2024-06-29T17:14:00.000,I 75,I 16 and I 75,,Rear End,2,Clear,Dry,Daylight
2024-05-28T15:22:00.000,I 75,I 16 and I 75,,Rear End,2,Clear,Dry,Daylight
2024-11-21T12:25:00.000,I 75,I 16 and I 75,,Sideswipe-Opposite Direction,2,Clear,Dry,Daylight
2024-01-19T00:51:00.000,I 75,I 16 and I 75,,Angle Crash,2,Rain,Wet,Dark-Not Lighted
2024-10-16T10:00:00.000,I 75,I 16 and I 75,,Angle Crash,2,Clear,Dry,Daylight
2024-07-08T16:55:00.000,I 75,I 16 and I 75,,Sideswipe-Same Direction,2,Clear,Dry,Daylight
2024-12-16T08:04:00.000,I 75,I 16 and I 75,,Rear End,2,Cloudy,Dry,Daylight
2024-06-08T09:11:00.000,I 75,I 16 and I 75,,Sideswipe-Same Direction,2,Clear,Dry,Daylight
2023-07-01T16:30:00.000,I 75,I 16 and I 75,,Rear End,2,Clear,Dry,Daylight
2023-02-10T13:21:00.000,I 75,I 16 and I 75,,Rear End,3,Clear,Dry,Daylight
2023-12-01T17:57:00.000,I 75,I 16 and I 75,,Rear End,3,Clear,Dry,Dark-Not Lighted
2023-04-02T13:16:00.000,I 75,I 16 and I 75,,Rear End,2,Clear,Dry,Daylight
2023-10-22T16:45:00.000,I 75,I 16 and I 75,,Sideswipe-Same Direction,2,Clear,Dry,Daylight
2023-05-25T03:10:00.000,I 75,I 16 and I 75,,Not a Collision with Motor Vehicle,1,Clear,Dry,Dark-Not Lighted
2023-05-14T17:11:00.000,I 75,I 16 and I 75,,Rear End,2,Clear,Dry,Daylight
2023-01-29T21:56:00.000,I 75,I 16 and I 75,,Not a Collision with Motor Vehicle,1,Rain,Wet,Dark-Not Lighted
2023-03-18T12:44:00.000,I 75,I 16 and I 75,,Rear End,2,Clear,Dry,Daylight
2023-11-20T19:59:00.000,I 75,I 16 and I 75,,Rear End,2,Clear,Dry,Dark-Not Lighted
2023-11-28T06:52:00.000,I 75,I 16 and I 75,,Rear End,2,Clear,Dry,Daylight
2023-12-07T12:56:00.000,I 75,I 16 and I 75,,Rear End,2,Clear,Dry,Daylight
2023-01-18T11:54:00.000,I 75,I 16 and I 75,,Rear End,2,Cloudy,Dry,Daylight
2023-03-16T11:08:00.000,I 75,I 16 and I 75,,Rear End,2,Cloudy,Dry,Daylight
2023-03-23T21:11:00.000,I 75,I 16 and I 75,,Angle Crash,2,Clear,Dry,Dark-Not Lighted
2024-07-25T18:35:00.000,I 75,I 16 and I 75,,Sideswipe-Same Direction,2,Clear,Dry,Daylight
2024-10-01T18:58:00.000,I 75,I 16 and I 75,,Angle Crash,2,Clear,Dry,Daylight
2024-09-12T12:46:00.000,I 75,I 16 and I 75,,Rear End,2,Clear,Dry,Daylight
2024-06-30T16:20:00.000,I 75,I 16 and I 75,,Rear End,2,Clear,Dry,Daylight
2024-06-10T08:20:00.000,I 75,I 16 and I 75,,Sideswipe-Same Direction,2,Clear,Dry,Daylight
2024-03-29T16:57:00.000,I 75,I 16 and I 75,,Rear End,2,Clear,Dry,Daylight
2024-03-13T07:33:00.000,I 75,I 16 and I 75,,Rear End,4,Clear,Dry,Daylight
2024-12-10T00:00:00.000,I 75,I 16 and I 75,,Not a Collision with Motor Vehicle,1,Rain,Water (standing or moving),Daylight
2024-05-24T11:24:00.000,I 75,I 16 and I 75,,Rear End,2,Clear,Dry,Daylight
2024-04-19T15:50:00.000,I 75,I 16 and I 75,,Rear End,3,Clear,Dry,Daylight
2024-07-02T14:00:00.000,I 75,I 16 and I 75,,Rear End,5,Clear,Dry,Daylight
2024-09-11T08:35:00.000,I 75,I 16 and I 75,,Rear End,2,Clear,Dry,Daylight
2024-11-21T12:20:00.000,I 75,I 16 and I 75,,Rear End,2,Clear,Dry,Daylight
2024-06-29T15:44:00.000,I 75,I 16 and I 75,,Rear End,2,Clear,Dry,Daylight
2024-04-03T11:34:00.000,I 75,I 16 and I 75,,Rear End,3,Clear,Dry,Daylight
2024-06-12T11:13:00.000,I 75,I 16 and I 75,,Rear End,2,Cloudy,Dry,Daylight
2024-08-08T15:17:00.000,I 75,I 16 and I 75,,Rear End,2,Clear,Dry,Daylight
2024-10-30T15:50:00.000,I 75,I 16 and I 75,,Rear End,2,Clear,Dry,Daylight
2024-10-11T11:34:00.000,I 75,I 16 and I 75,,Rear End,2,Clear,Dry,Daylight
2024-03-08T14:55:00.000,I 75,I 16 and I 75,,Rear End,2,Clear,Dry,Daylight
2024-11-21T11:32:00.000,I 75,I 16 and I 75,,Angle Crash,2,Clear,Dry,Daylight
2024-06-26T10:16:00.000,I 75,I 16 and I 75,,Sideswipe-Same Direction,2,Clear,Dry,Daylight
2024-07-23T12:29:00.000,I 75,I 16 and I 75,,Rear End,2,Clear,Dry,Daylight
2024-10-27T16:22:00.000,I 75,I 16 and I 75,,Rear End,2,Clear,Dry,Daylight
2024-12-08T03:30:00.000,I 75,I 16 and I 75,,Not a Collision with Motor Vehicle,1,Clear,Dry,Dark-Lighted
2024-09-03T00:36:00.000,I 75,I 16 and I 75,,Not a Collision with Motor Vehicle,1,Clear,Dry,Dark-Not Lighted
2024-06-21T09:47:00.000,I 75,I 16 and I 75,,Sideswipe-Same Direction,2,Clear,Dry,Daylight
2024-09-18T12:55:00.000,I 75,I 16 and I 75,,Sideswipe-Same Direction,2,Clear,Dry,Daylight
2022-09-14T09:49:00.000,I 16,I 16 and I 616,,Rear End,2,Clear,Dry,Daylight
2021-07-14T06:50:00.000,I 16,I 16 and I 575,,Sideswipe-Same Direction,2,Clear,Dry,Daylight
2021-05-20T16:27:00.000,I 16,I 16 and I 516,,Angle Crash,2,Clear,Dry,Daylight
2021-05-25T10:09:00.000,I 16,I 16 and I 516,,Sideswipe-Same Direction,2,Clear,Dry,Daylight
2021-03-16T17:06:00.000,I 16,I 16 and I 516,,Sideswipe-Same Direction,2,Clear,Dry,Daylight
2021-03-18T16:15:00.000,I 16,I 16 and I 516,,Sideswipe-Same Direction,2,Cloudy,Wet,Daylight
2021-11-19T15:38:00.000,I 16,I 16 and I 516,,Rear End,2,Clear,Dry,Daylight
2021-09-23T14:55:00.000,I 16,I 16 and I 516,,Sideswipe-Same Direction,2,Clear,Dry,Daylight
2021-07-18T16:25:00.000,I 16,I 16 and I 516,,Not a Collision with Motor Vehicle,1,Severe Thunderstorm or Tornadic,Water (standing or moving),Daylight
2021-10-27T20:58:00.000,I 16,I 16 and I 516,,Rear End,2,Clear,Dry,Dark-Not Lighted
2021-11-05T20:19:00.000,I 16,I 16 and I 516,,Not a Collision with Motor Vehicle,1,Rain,Wet,Dark-Not Lighted
2021-01-02T16:56:00.000,I 16,I 16 and I 516,,Not a Collision with Motor Vehicle,1,Rain,Wet,Dark-Lighted
2021-11-12T07:47:00.000,I 16,I 16 and I 516,,Rear End,2,Clear,Dry,Daylight
2020-05-06T03:15:00.000,I 16,I 16 and I 516,,Not a Collision with Motor Vehicle,1,Clear,Dry,Dark-Not Lighted
2023-09-25T09:30:00.000,I 16,I 16 and I 516,,Not a Collision with Motor Vehicle,1,Clear,Dry,Daylight
2023-01-21T22:53:00.000,I 16,I 16 and I 516,,Sideswipe-Same Direction,2,Clear,Dry,Dark-Not Lighted
2023-11-18T05:13:00.000,I 16,I 16 and I 516,,Not a Collision with Motor Vehicle,1,Clear,Dry,Dark-Lighted
2023-11-13T17:55:00.000,I 16,I 16 and I 516,,Angle Crash,2,Clear,Dry,Dark-Not Lighted
2023-09-08T12:23:00.000,I 16,I 16 and I 516,,Angle Crash,2,Clear,Dry,Daylight
2023-11-23T23:35:00.000,I 16,I 16 and I 516,,Rear End,3,Clear,Dry,Dark-Lighted
2023-11-10T02:04:00.000,I 16,I 16 and I 516,,Not a Collision with Motor Vehicle,1,Clear,Dry,Dark-Not Lighted
2022-07-26T22:43:00.000,I 16,I 16 and I 516,,Not a Collision with Motor Vehicle,1,Clear,Dry,Dark-Not Lighted
2020-07-13T10:50:00.000,I 16,I 16 and I 516,,Rear End,2,Clear,Dry,Daylight
2020-04-23T06:40:00.000,I 16,I 16 and I 516,,Angle Crash,2,Clear,Dry,Daylight
2020-01-23T07:44:00.000,I 16,I 16 and I 516,,Rear End,2,Cloudy,Dry,Daylight
2020-12-12T12:03:00.000,I 16,I 16 and I 516,,Rear End,3,Clear,Dry,Daylight
2020-02-06T08:30:00.000,I 16,I 16 and I 516,,Not a Collision with Motor Vehicle,2,Cloudy,Dry,Dawn
2020-12-01T17:08:00.000,I 16,I 16 and I 516,,Rear End,2,Clear,Dry,Dusk
2020-08-04T08:45:00.000,I 16,I 16 and I 516,,Angle Crash,2,Cloudy,Dry,Daylight
2020-08-27T17:22:00.000,I 16,I 16 and I 516,,Rear End,2,Clear,Dry,Daylight
2020-05-06T05:45:00.000,I 16,I 16 and I 516,,Not a Collision with Motor Vehicle,2,Clear,Dry,Dawn
2020-11-25T14:07:00.000,I 16,I 16 and I 516,,Sideswipe-Same Direction,2,Clear,Dry,Daylight
2020-10-03T18:10:00.000,I 16,I 16 and I 516,,Sideswipe-Same Direction,2,Cloudy,Dry,Daylight
2020-01-28T15:57:00.000,I 16,I 16 and I 516,,Rear End,2,Clear,Dry,Daylight
2020-12-13T07:33:00.000,I 16,I 16 and I 516,,Not a Collision with Motor Vehicle,1,Cloudy,Wet,Daylight
2020-12-16T15:50:00.000,I 16,I 16 and I 516,,Sideswipe-Same Direction,2,Rain,Wet,Dark-Not Lighted
2020-10-19T18:21:00.000,I 16,I 16 and I 516,,Angle Crash,2,Clear,Dry,Daylight
2021-01-01T07:39:00.000,I 16,I 16 and I 516,,Not a Collision with Motor Vehicle,1,Cloudy,Wet,Daylight
2021-06-04T16:43:00.000,I 16,I 16 and I 516,,Sideswipe-Same Direction,2,Cloudy,Dry,Daylight
2021-04-29T14:10:00.000,I 16,I 16 and I 516,,Angle Crash,2,Clear,Dry,Daylight
2021-09-10T14:39:00.000,I 16,I 16 and I 516,,Rear End,2,Clear,Dry,Daylight
2021-10-20T13:28:00.000,I 16,I 16 and I 516,,Angle Crash,2,Clear,Dry,Daylight
2021-11-20T14:37:00.000,I 16,I 16 and I 516,,Not a Collision with Motor Vehicle,1,Clear,Dry,Daylight
2021-10-08T17:05:00.000,I 16,I 16 and I 516,,Angle Crash,4,Clear,Dry,Daylight
2022-03-01T17:01:00.000,I 16,I 16 and I 516,,Rear End,2,Clear,Dry,Daylight
2021-10-14T17:28:00.000,I 16,I 16 and I 516,,Angle Crash,3,Clear,Dry,Daylight
2021-12-22T20:29:00.000,I 16,I 16 and I 516,,Angle Crash,2,Clear,Dry,Dark-Not Lighted
2022-12-17T11:30:00.000,I 16,I 16 and I 516,,Sideswipe-Same Direction,2,Clear,Dry,Daylight
2022-03-22T06:51:00.000,I 16,I 16 and I 516,,Rear End,2,Clear,Dry,Dawn
2022-05-08T14:44:00.000,I 16,I 16 and I 516,,Angle Crash,2,Cloudy,Dry,Daylight
2022-03-31T15:38:00.000,I 16,I 16 and I 516,,Head On,2,Clear,Dry,Daylight
2022-10-22T13:32:00.000,I 16,I 16 and I 516,,Not a Collision with Motor Vehicle,6,Clear,Dry,Daylight
2022-07-03T09:57:00.000,I 16,I 16 and I 516,,Angle Crash,2,Clear,Dry,Daylight
2021-08-16T08:00:00.000,I 16,I 16 and I 516,,Rear End,2,Rain,Wet,Daylight
2021-11-19T17:26:00.000,I 16,I 16 and I 516,,Rear End,3,Clear,Dry,Daylight
2021-09-17T00:00:00.000,I 16,I 16 and I 516,,Sideswipe-Same Direction,3,Cloudy,Dry,Daylight
2022-01-21T12:09:00.000,I 16,I 16 and I 516,,Rear End,3,Clear,Dry,Daylight
2022-05-03T15:07:00.000,I 16,I 16 and I 516,,Angle Crash,2,Clear,Dry,Daylight
2022-04-12T12:51:00.000,I 16,I 16 and I 516,,Sideswipe-Same Direction,2,Clear,Dry,Daylight
2022-04-01T00:00:00.000,I 16,I 16 and I 516,,Angle Crash,2,Clear,Dry,Daylight
2022-09-22T05:46:00.000,I 16,I 16 and I 516,,Not a Collision with Motor Vehicle,1,Clear,Dry,Dark-Not Lighted
2022-06-09T16:32:00.000,I 16,I 16 and I 516,,Rear End,2,Rain,Wet,Daylight
2022-04-27T17:55:00.000,I 16,I 16 and I 516,,Angle Crash,2,Clear,Dry,Daylight
2022-01-15T16:18:00.000,I 16,I 16 and I 516,,Not a Collision with Motor Vehicle,1,Clear,Dry,Daylight
2022-03-23T17:08:00.000,I 16,I 16 and I 516,,Rear End,4,Rain,Wet,Daylight
2022-03-08T17:21:00.000,I 16,I 16 and I 516,,Rear End,2,Clear,Dry,Daylight
2022-04-29T21:20:00.000,I 16,I 16 and I 516,,Rear End,2,Clear,Dry,Dark-Lighted
2022-11-07T14:08:00.000,I 16,I 16 and I 516,,Rear End,3,Clear,Dry,Daylight
2022-08-05T00:59:00.000,I 16,I 16 and I 516,,Not a Collision with Motor Vehicle,1,Clear,Dry,Dark-Not Lighted
2022-04-20T14:16:00.000,I 16,I 16 and I 516,,Sideswipe-Same Direction,2,Clear,Dry,Daylight