Date and Time,Roadway (From Crash Report),Intersection Name (from Crash Report),KABCO Severity,Manner of Collision (Crash Level) ,# of Vehicles per crash ,Weather Conditions (Crash Level),Surface Condition (Crash Level) ,Light Conditions (Crash Level)
2022-03-16T14:30:00.000,I 16,I 16 and I 516,,Not a Collision with Motor Vehicle,1,Rain,Wet,Daylight
2022-04-11T14:59:00.000,I 16,I 16 and I 516,,Rear End,2,Clear,Dry,Daylight
2022-05-31T10:45:00.000,I 16,I 16 and I 516,,Not a Collision with Motor Vehicle,1,Clear,Dry,Daylight
2022-01-05T17:48:00.000,I 16,I 16 and I 516,,Sideswipe-Same Direction,2,Clear,Dry,Dark-Lighted
2022-02-26T19:21:00.000,I 16,I 16 and I 516,,Angle Crash,2,Cloudy,Dry,Dark-Not Lighted
2022-02-13T19:40:00.000,I 16,I 16 and I 516,,Rear End,2,Clear,Dry,Dusk
2022-07-10T16:28:00.000,I 16,I 16 and I 516,,Not a Collision with Motor Vehicle,1,Cloudy,Wet,Daylight
2022-04-06T13:16:00.000,I 16,I 16 and I 516,,Rear End,2,Cloudy,Dry,Daylight
2022-07-18T11:15:00.000,I 16,I 16 and I 516,,Angle Crash,2,Clear,Dry,Daylight
2023-04-20T16:55:00.000,I 16,I 16 and I 516,,Rear End,2,Clear,Dry,Daylight
2024-06-22T01:10:00.000,I 16,I 16 and I 516,,Not a Collision with Motor Vehicle,1,Rain,Wet,Dark-Not Lighted
2024-04-15T17:54:00.000,I 16,I 16 and I 516,,Rear End,2,Clear,Dry,Daylight
2024-01-17T09:10:00.000,I 16,I 16 and I 516,,Angle Crash,2,Clear,Dry,Daylight
2024-02-22T17:48:00.000,I 16,I 16 and I 516,,Rear End,2,Clear,Dry,Dusk
2024-04-25T16:00:00.000,I 16,I 16 and I 516,,Rear End,2,Clear,Dry,Daylight
2024-11-07T14:33:00.000,I 16,I 16 and I 516,,Angle Crash,2,Rain,Water (standing or moving),Daylight
2024-08-28T15:43:00.000,I 16,I 16 and I 516,,Angle Crash,2,Clear,Dry,Daylight
2024-04-04T17:20:00.000,I 16,I 16 and I 516,,Rear End,2,Clear,Dry,Daylight
2024-11-23T15:30:00.000,I 16,I 16 and I 516,,Sideswipe-Same Direction,2,Clear,Dry,Dusk
2024-12-05T07:15:00.000,I 16,I 16 and I 516,,Rear End,2,Cloudy,Dry,Dawn
2024-04-19T06:57:00.000,I 16,I 16 and I 516,,Angle Crash,2,Clear,Dry,Daylight
2024-12-01T12:00:00.000,I 16,I 16 and I 516,,Angle Crash,2,Clear,Dry,Daylight
2023-02-23T07:36:00.000,I 16,I 16 and I 516,,Rear End,2,Clear,Dry,Daylight
2023-02-06T17:17:00.000,I 16,I 16 and I 516,,Rear End,3,Clear,Dry,Daylight
2023-01-12T09:40:00.000,I 16,I 16 and I 516,,Sideswipe-Same Direction,2,Clear,Dry,Daylight
2023-02-08T14:44:00.000,I 16,I 16 and I 516,,Sideswipe-Same Direction,2,Clear,Dry,Daylight
2023-03-02T11:37:00.000,I 16,I 16 and I 516,,Angle Crash,2,Clear,Dry,Daylight
2023-07-24T16:30:00.000,I 16,I 16 and I 516,,Sideswipe-Same Direction,2,Cloudy,Dry,Daylight
2023-03-03T17:26:00.000,I 16,I 16 and I 516,,Rear End,2,Clear,Dry,Daylight
2024-04-10T16:47:00.000,I 16,I 16 and I 516,,Rear End,2,Clear,Dry,Daylight
2024-04-06T11:25:00.000,I 16,I 16 and I 516,,Rear End,3,Clear,Dry,Daylight
2024-05-13T07:20:00.000,I 16,I 16 and I 516,,Rear End,2,Clear,Dry,Daylight
2024-07-18T16:40:00.000,I 16,I 16 and I 516,,Not a Collision with Motor Vehicle,2,Clear,Dry,Daylight
2024-03-23T18:48:00.000,I 16,I 16 and I 516,,Rear End,2,Clear,Dry,Daylight
2024-12-24T10:50:00.000,I 16,I 16 and I 516,,Sideswipe-Same Direction,2,Clear,Dry,Daylight
2024-12-15T09:30:00.000,I 16,I 16 and I 516,,Rear End,2,Clear,Dry,Daylight
2024-07-19T17:43:00.000,I 16,I 16 and I 516,,Angle Crash,2,Rain,Wet,Daylight
2024-03-24T14:30:00.000,I 16,I 16 and I 516,,Rear End,3,Clear,Dry,Daylight
2024-12-10T15:55:00.000,I 16,I 16 and I 516,,Rear End,2,Clear,Dry,Daylight
2024-04-05T10:07:00.000,I 16,I 16 and I 516,,Rear End,2,Clear,Dry,Daylight
2024-02-16T20:17:00.000,I 16,I 16 and I 516,,Rear End,2,Clear,Dry,Dark-Not Lighted
2024-04-24T16:45:00.000,I 16,I 16 and I 516,,Sideswipe-Same Direction,2,Clear,Dry,Daylight
2024-08-27T12:36:00.000,I 16,I 16 and I 516,,Angle Crash,2,Clear,Dry,Daylight
2024-01-18T10:30:00.000,I 16,I 16 and I 516,,Not a Collision with Motor Vehicle,1,Clear,Dry,Daylight
2024-12-09T09:04:00.000,I 16,I 16 and I 516,,Rear End,3,Cloudy,Dry,Daylight
2024-11-15T12:44:00.000,I 16,I 16 and I 516,,Angle Crash,2,Clear,Dry,Daylight
2024-12-18T06:30:00.000,I 16,I 16 and I 516,,Angle Crash,2,Fog,Dry,Dark-Not Lighted
2024-09-03T16:31:00.000,I 16,I 16 and I 516,,Rear End,2,Clear,Dry,Daylight
2024-07-29T15:30:00.000,I 16,I 16 and I 516,,Angle Crash,2,Clear,Dry,Daylight
2024-02-14T20:27:00.000,I 16,I 16 and I 516,,Sideswipe-Same Direction,2,Clear,Dry,Dark-Not Lighted
2024-09-28T12:23:00.000,I 16,I 16 and I 516,,Angle Crash,2,Clear,Dry,Daylight
2024-12-09T08:40:00.000,I 16,I 16 and I 516,,Sideswipe-Same Direction,2,Cloudy,Dry,Daylight
2024-03-19T23:45:00.000,I 16,I 16 and I 516,,Angle Crash,2,Clear,Dry,Dark-Lighted
2024-04-16T14:27:00.000,I 16,I 16 and I 516,,Sideswipe-Same Direction,2,Clear,Dry,Daylight
2020-05-30T19:59:00.000,I 16,I 16 and I 1455,,Not a Collision with Motor Vehicle,1,Rain,Wet,Daylight
2024-03-29T17:46:00.000,I 16,I 16 and Hwy280,,Rear End,2,Clear,Dry,Daylight
2024-04-28T16:07:00.000,I 16,I 16 and Hwy-80 Mm 137,,Angle Crash,2,Clear,Dry,Daylight
2021-12-21T14:25:00.000,I 16,I 16 and Hwy 96,,Sideswipe-Same Direction,2,Rain,Wet,Daylight
2021-07-12T19:13:00.000,I 16,I 16 and Hwy 96,,Not a Collision with Motor Vehicle,1,Rain,Wet,Daylight
2023-03-03T14:02:00.000,I 16,I 16 and Hwy 96,,Not a Collision with Motor Vehicle,2,Clear,Dry,Daylight
2022-09-26T07:20:00.000,I 16,I 16 and Hwy 96,,(None),1,(None),(None),(None)
2023-09-15T14:35:00.000,I 16,I 16 and Hwy 96,,Angle Crash,3,Rain,Wet,Daylight
2023-09-15T13:26:00.000,I 16,I 16 and Hwy 96,,Not a Collision with Motor Vehicle,1,Rain,Wet,Daylight
2024-07-07T03:55:00.000,I 16,I 16 and Hwy 67,,Not a Collision with Motor Vehicle,1,Cloudy,Dry,Dark-Not Lighted
2023-04-15T00:04:00.000,I 16,I 16 and Hwy 67,,(None),1,(None),(None),(None)
2023-10-15T03:15:00.000,I 16,I 16 and Hwy 67,,Not a Collision with Motor Vehicle,1,Clear,Dry,Dark-Not Lighted
2024-12-05T17:32:00.000,I 16,I 16 and Hwy 67,,Rear End,2,Clear,Dry,Dark-Lighted
2021-12-30T21:34:00.000,I 16,I 16 and Hwy 57,,Not a Collision with Motor Vehicle,1,Severe Thunderstorm or Tornadic,Water (standing or moving),Dark-Not Lighted
2022-05-31T16:45:00.000,I 16,I 16 and Hwy 57,,Angle Crash,2,Clear,Dry,Daylight
2024-11-19T21:35:00.000,I 16,I 16 and Hwy 57,,Sideswipe-Same Direction,2,Rain,Wet,Dark-Not Lighted
2024-09-26T08:49:00.000,I 16,I 16 and Hwy 57,,Not a Collision with Motor Vehicle,1,Rain,Wet,Daylight
2024-05-04T20:17:00.000,I 16,I 16 and Hwy 57,,Not a Collision with Motor Vehicle,1,Rain,Wet,Dawn
2024-12-18T04:00:00.000,I 16,I 16 and Hwy 57,,Sideswipe-Same Direction,2,Fog,Dry,Dark-Not Lighted
2023-05-20T00:00:00.000,I 16,I 16 and Hwy 516,,Sideswipe-Same Direction,2,Clear,Dry,Dark-Not Lighted
2020-03-05T06:09:00.000,I 16,I 16 and Hwy 516,,Head On,2,Cloudy,Dry,Dark-Lighted
2022-11-06T12:34:00.000,I 16,I 16 and Hwy 516,,Rear End,2,Rain,Wet,Daylight
2024-12-13T09:20:00.000,I 16,I 16 and Hwy 46,,Sideswipe-Same Direction,2,Clear,Dry,Daylight
2021-08-31T12:52:00.000,I 16,I 16 and Hwy 441,,(None),1,(None),(None),(None)
2021-10-31T18:30:00.000,I 16,I 16 and Hwy 358,,Rear End,2,Clear,Dry,Dawn
2024-03-17T17:35:00.000,I 16,I 16 and Hwy 358,,Not a Collision with Motor Vehicle,1,Rain,Wet,Daylight
2024-03-06T18:40:00.000,I 16,I 16 and Hwy 358,,Rear End,2,Cloudy,Wet,Dark-Not Lighted
2021-10-26T20:30:00.000,I 16,I 16 and Hwy 338,,(None),1,(None),(None),(None)
2024-10-06T00:22:00.000,I 16,I 16 and Hwy 301,,Not a Collision with Motor Vehicle,1,Clear,Dry,Dark-Not Lighted
2021-12-28T00:01:00.000,I 16,I 16 and Hwy 297,,Not a Collision with Motor Vehicle,1,Cloudy,Dry,Dark-Not Lighted
2021-01-31T18:28:00.000,I 16,I 16 and Hwy 280 Overpass Exit 143,,Not a Collision with Motor Vehicle,1,Rain,Wet,Dark-Not Lighted
2020-05-30T09:07:00.000,I 16,I 16 and Hwy 280 Opas,,Sideswipe-Same Direction,2,Cloudy,Dry,Daylight
2020-02-04T09:22:00.000,I 16,I 16 and Hwy 280 Exit Rp,,Not a Collision with Motor Vehicle,1,Clear,Dry,Daylight
2021-05-21T17:45:00.000,I 16,I 16 and Hwy 280 Exit 143,,Rear End,2,Clear,Dry,Daylight
2023-10-07T03:30:00.000,I 16,I 16 and Hwy 280 Exit 143,,Not a Collision with Motor Vehicle,1,Clear,Dry,Dark-Not Lighted
2023-02-11T14:18:00.000,I 16,I 16 and Hwy 280 Exit 143,,Angle Crash,1,Rain,Wet,Daylight
2021-07-27T12:10:00.000,I 16,I 16 and Hwy 280 Exit 143,,Not a Collision with Motor Vehicle,1,Cloudy,Dry,Daylight
2023-11-22T09:22:00.000,I 16,I 16 and Hwy 280 Exit 143,,Sideswipe-Same Direction,1,Rain,Wet,Daylight
2023-11-05T10:04:00.000,I 16,I 16 and Hwy 280 Exit,,Angle Crash,1,Clear,Dry,Daylight
2021-05-02T11:41:00.000,I 16,I 16 and Hwy 280,,Rear End,2,Cloudy,Dry,Daylight
2021-03-12T14:17:00.000,I 16,I 16 and Hwy 280,,Angle Crash,2,Clear,Dry,Daylight
2021-07-18T16:13:00.000,I 16,I 16 and Hwy 280,,Rear End,4,Clear,Dry,Daylight
2021-04-24T11:44:00.000,I 16,I 16 and Hwy 280,,Not a Collision with Motor Vehicle,1,Rain,Wet,Daylight
2021-04-30T00:00:00.000,I 16,I 16 and Hwy 280,,Not a Collision with Motor Vehicle,1,Clear,Dry,Dark-Not Lighted
2021-07-22T19:44:00.000,I 16,I 16 and Hwy 280,,Not a Collision with Motor Vehicle,1,Rain,Wet,Daylight
2021-03-26T11:34:00.000,I 16,I 16 and Hwy 280,,Not a Collision with Motor Vehicle,1,Clear,Dry,Daylight
2021-08-23T18:49:00.000,I 16,I 16 and Hwy 280,,Sideswipe-Same Direction,2,Rain,Wet,Daylight
2021-02-18T07:28:00.000,I 16,I 16 and Hwy 280,,Sideswipe-Same Direction,2,Rain,Wet,Daylight
2023-02-27T15:46:00.000,I 16,I 16 and Hwy 280,,Sideswipe-Same Direction,2,Clear,Dry,Dark-Not Lighted
2023-12-22T14:46:00.000,I 16,I 16 and Hwy 280,,Rear End,2,Clear,Dry,Daylight
2023-03-18T01:56:00.000,I 16,I 16 and Hwy 280,,Not a Collision with Motor Vehicle,1,Clear,Dry,Dark-Not Lighted
2023-11-22T05:53:00.000,I 16,I 16 and Hwy 280,,Rear End,2,Rain,Wet,Dark-Not Lighted
2023-07-13T16:32:00.000,I 16,I 16 and Hwy 280,,Rear End,2,Clear,Dry,Daylight
2023-05-08T05:47:00.000,I 16,I 16 and Hwy 280,,Sideswipe-Same Direction,1,Clear,Dry,Dark-Lighted
2023-08-24T13:29:00.000,I 16,I 16 and Hwy 280,,Not a Collision with Motor Vehicle,1,Clear,Dry,Daylight
2023-11-26T03:42:00.000,I 16,I 16 and Hwy 280,,Not a Collision with Motor Vehicle,1,Clear,Dry,Dark-Not Lighted
2023-11-07T14:23:00.000,I 16,I 16 and Hwy 280,,Angle Crash,2,Clear,Dry,Daylight
2022-07-27T17:09:00.000,I 16,I 16 and Hwy 280,,Rear End,2,Clear,Dry,Daylight
2022-08-25T18:55:00.000,I 16,I 16 and Hwy 280,,Not a Collision with Motor Vehicle,1,Rain,Wet,Daylight
2022-10-05T17:28:00.000,I 16,I 16 and Hwy 280,,Rear End,2,Clear,Dry,Daylight
2020-10-17T03:07:00.000,I 16,I 16 and Hwy 280,,Head On,1,Clear,Dry,Daylight
2020-11-02T07:18:00.000,I 16,I 16 and Hwy 280,,Rear End,2,Clear,Dry,Dark-Lighted
2020-07-06T17:16:00.000,I 16,I 16 and Hwy 280,,Sideswipe-Same Direction,2,Rain,Wet,Dusk
2020-06-04T17:36:00.000,I 16,I 16 and Hwy 280,,Rear End,2,Cloudy,Wet,Daylight
2020-08-18T07:28:00.000,I 16,I 16 and Hwy 280,,Head On,1,Clear,Dry,Daylight
2020-06-04T17:12:00.000,I 16,I 16 and Hwy 280,,Rear End,2,Clear,Dry,Daylight
2021-02-02T17:22:00.000,I 16,I 16 and Hwy 280,,Sideswipe-Same Direction,2,Clear,Dry,Dusk
2021-07-05T11:41:00.000,I 16,I 16 and Hwy 280,,Head On,1,Clear,Dry,Daylight
2021-10-22T23:16:00.000,I 16,I 16 and Hwy 280,,Head On,1,Clear,Dry,Dark-Not Lighted
2022-08-01T07:29:00.000,I 16,I 16 and Hwy 280,,Not a Collision with Motor Vehicle,1,Clear,Dry,Daylight
2022-11-19T13:20:00.000,I 16,I 16 and Hwy 280,,Rear End,2,Clear,Dry,Daylight
2022-08-18T10:19:00.000,I 16,I 16 and Hwy 280,,Rear End,2,Clear,Dry,Daylight
2022-05-24T06:04:00.000,I 16,I 16 and Hwy 280,,Rear End,1,Fog,Dry,Dawn
2022-02-18T07:28:00.000,I 16,I 16 and Hwy 280,,Rear End,2,Rain,Wet,Daylight
2022-04-12T11:29:00.000,I 16,I 16 and Hwy 280,,Rear End,2,Clear,Dry,Daylight
2022-11-15T15:31:00.000,I 16,I 16 and Hwy 280,,Rear End,2,Clear,Dry,Daylight
2022-05-12T06:51:00.000,I 16,I 16 and Hwy 280,,Rear End,2,Clear,Dry,Daylight
2021-12-26T03:45:00.000,I 16,I 16 and Hwy 280,,Head On,1,Clear,Dry,Dark-Not Lighted
2022-09-11T17:10:00.000,I 16,I 16 and Hwy 280,,Not a Collision with Motor Vehicle,1,Rain,Wet,Daylight
2022-09-09T19:49:00.000,I 16,I 16 and Hwy 280,,Rear End,2,Rain,Wet,Dark-Not Lighted
2022-03-02T16:58:00.000,I 16,I 16 and Hwy 280,,Not a Collision with Motor Vehicle,4,Clear,Dry,Daylight
2022-07-01T11:41:00.000,I 16,I 16 and Hwy 280,,Not a Collision with Motor Vehicle,1,Rain,Wet,Daylight
2022-02-10T21:05:00.000,I 16,I 16 and Hwy 280,,Angle Crash,2,Clear,Dry,Dark-Not Lighted
2022-09-05T15:58:00.000,I 16,I 16 and Hwy 280,,Angle Crash,1,Rain,Wet,Daylight
2022-09-02T13:30:00.000,I 16,I 16 and Hwy 280,,Rear End,2,Clear,Dry,Daylight
2022-09-11T17:04:00.000,I 16,I 16 and Hwy 280,,(None),1,(None),(None),(None)
2022-10-18T13:43:00.000,I 16,I 16 and Hwy 280,,Rear End,2,Clear,Dry,Daylight
2022-09-04T14:12:00.000,I 16,I 16 and Hwy 280,,Head On,1,Cloudy,Wet,Daylight
2022-05-01T17:35:00.000,I 16,I 16 and Hwy 280,,Not a Collision with Motor Vehicle,1,Rain,Wet,Daylight
2022-04-26T12:31:00.000,I 16,I 16 and Hwy 280,,Rear End,3,Clear,Dry,Daylight
2022-09-02T16:16:00.000,I 16,I 16 and Hwy 280,,Rear End,2,Clear,Dry,Daylight
2022-09-05T19:14:00.000,I 16,I 16 and Hwy 280,,Not a Collision with Motor Vehicle,1,Cloudy,Dry,Daylight
2022-08-29T21:40:00.000,I 16,I 16 and Hwy 280,,Rear End,6,Rain,Wet,Dark-Not Lighted
2022-03-24T22:12:00.000,I 16,I 16 and Hwy 280,,Sideswipe-Same Direction,2,Rain,Wet,Dark-Lighted
2022-08-31T15:10:00.000,I 16,I 16 and Hwy 280,,Sideswipe-Same Direction,2,Clear,Dry,Daylight
2022-06-22T14:33:00.000,I 16,I 16 and Hwy 280,,Sideswipe-Same Direction,2,Clear,Dry,Daylight
2022-10-18T19:51:00.000,I 16,I 16 and Hwy 280,,Rear End,2,Clear,Dry,Dark-Lighted
2022-07-14T17:21:00.000,I 16,I 16 and Hwy 280,,Not a Collision with Motor Vehicle,1,Rain,Wet,Daylight
2023-02-24T23:12:00.000,I 16,I 16 and Hwy 280,,Not a Collision with Motor Vehicle,1,Clear,Dry,Dark-Lighted
2023-04-28T06:23:00.000,I 16,I 16 and Hwy 280,,Sideswipe-Same Direction,2,Clear,Dry,Dark-Not Lighted
2023-11-02T21:02:00.000,I 16,I 16 and Hwy 280,,Not a Collision with Motor Vehicle,1,Clear,Dry,Dark-Not Lighted
2023-03-13T16:28:00.000,I 16,I 16 and Hwy 280,,Not a Collision with Motor Vehicle,1,Clear,Dry,Daylight
2023-04-10T06:51:00.000,I 16,I 16 and Hwy 280,,Rear End,2,Cloudy,Dry,Daylight
2023-06-26T16:40:00.000,I 16,I 16 and Hwy 280,,Rear End,2,Clear,Dry,Daylight
2023-12-23T10:51:00.000,I 16,I 16 and Hwy 280,,Not a Collision with Motor Vehicle,1,Clear,Dry,Daylight
2023-10-25T22:25:00.000,I 16,I 16 and Hwy 280,,Not a Collision with Motor Vehicle,1,Clear,Dry,Dark-Not Lighted
2023-09-06T12:25:00.000,I 16,I 16 and Hwy 280,,Rear End,2,Clear,Dry,Daylight
2023-03-08T11:52:00.000,I 16,I 16 and Hwy 280,,Not a Collision with Motor Vehicle,1,Clear,Dry,Daylight
2023-10-31T11:20:00.000,I 16,I 16 and Hwy 280,,Sideswipe-Same Direction,2,Clear,Dry,Daylight
2023-11-16T17:14:00.000,I 16,I 16 and Hwy 280,,Rear End,2,Clear,Dry,Dark-Not Lighted
2023-08-14T17:30:00.000,I 16,I 16 and Hwy 280,,Not a Collision with Motor Vehicle,1,Cloudy,Dry,Daylight
2023-09-18T10:02:00.000,I 16,I 16 and Hwy 280,,Not a Collision with Motor Vehicle,2,Clear,Dry,Daylight
2023-10-30T06:40:00.000,I 16,I 16 and Hwy 280,,Sideswipe-Same Direction,2,Fog,Dry,Dawn
2023-07-23T02:31:00.000,I 16,I 16 and Hwy 280,,Not a Collision with Motor Vehicle,1,Clear,Dry,Dark-Not Lighted
2023-03-22T16:16:00.000,I 16,I 16 and Hwy 280,,Sideswipe-Same Direction,2,Cloudy,Dry,Daylight
2024-02-02T13:37:00.000,I 16,I 16 and Hwy 280,,Rear End,2,Clear,Dry,Daylight
2024-12-28T04:37:00.000,I 16,I 16 and Hwy 280,,Not a Collision with Motor Vehicle,1,Cloudy,Wet,Dark-Not Lighted
2024-12-08T12:07:00.000,I 16,I 16 and Hwy 280,,Head On,1,Clear,Dry,Daylight
2022-07-02T19:09:00.000,I 16,I 16 and Hwy 278,,Not a Collision with Motor Vehicle,1,Rain,Wet,Daylight
2023-10-24T05:53:00.000,I 16,I 16 and Hwy 26,,Not a Collision with Motor Vehicle,1,Clear,Dry,Dark-Not Lighted
2022-03-31T22:19:00.000,I 16,I 16 and Hwy 26,,Head On,1,Clear,Dry,Dark-Not Lighted
2022-12-13T17:36:00.000,I 16,I 16 and Hwy 257,,Angle Crash,2,Clear,Dry,Dark-Not Lighted
2020-04-09T02:50:00.000,I 16,I 16 and Hwy 23,,Sideswipe-Same Direction,2,Clear,Dry,Dark-Not Lighted
2024-10-15T09:15:00.000,I 16,I 16 and Hwy 199,,Not a Collision with Motor Vehicle,1,Clear,Dry,Daylight
2024-03-14T13:07:00.000,I 16,I 16 and Hwy 19,,Rear End,2,Clear,Dry,Daylight
2024-04-20T10:30:00.000,I 16,I 16 and Hwy 19,,Rear End,2,Clear,Dry,Daylight
2020-04-29T00:00:00.000,I 16,I 16 and Hwy 17,,Sideswipe-Same Direction,2,Clear,Dry,Daylight
2024-09-24T12:09:00.000,I 16,I 16 and Hwy 129,,Sideswipe-Same Direction,2,Clear,(None),Daylight
2022-08-18T05:32:00.000,I 16,I 16 and Hwy 119 Exit 137,,Not a Collision with Motor Vehicle,1,Rain,Wet,Dark-Lighted
2024-01-09T14:01:00.000,I 16,I 16 and Hwy 119 Bulloch County Line,,Not a Collision with Motor Vehicle,1,Rain,Wet,Daylight
2021-07-13T15:06:00.000,I 16,I 16 and Hwy 119,,Sideswipe-Same Direction,2,Rain,Wet,Daylight
2023-10-27T09:20:00.000,I 16,I 16 and Hwy 119,,Rear End,2,Clear,Dry,Daylight
2023-06-17T23:14:00.000,I 16,I 16 and Hwy 119,,Not a Collision with Motor Vehicle,1,Rain,Wet,Dark-Not Lighted
2023-01-22T13:54:00.000,I 16,I 16 and Hwy 119,,Not a Collision with Motor Vehicle,1,Rain,Wet,Daylight
2020-03-04T13:20:00.000,I 16,I 16 and Hwy 119,,Not a Collision with Motor Vehicle,1,Rain,Water (standing or moving),Daylight
2021-03-19T10:34:00.000,I 16,I 16 and Hwy 119,,Rear End,2,Clear,Dry,Daylight
2021-06-27T06:55:00.000,I 16,I 16 and Hwy 119,,Sideswipe-Same Direction,1,Clear,Dry,Daylight
2021-04-16T17:23:00.000,I 16,I 16 and Hwy 119,,Sideswipe-Same Direction,1,Clear,Dry,Daylight
2022-05-15T17:12:00.000,I 16,I 16 and Hwy 119,,Not a Collision with Motor Vehicle,1,Rain,Wet,Daylight
2022-09-11T16:38:00.000,I 16,I 16 and Hwy 119,,Angle Crash,1,Rain,Wet,Daylight
2022-08-18T06:48:00.000,I 16,I 16 and Hwy 119,,Rear End,2,Rain,Wet,Dawn
2022-09-28T19:37:00.000,I 16,I 16 and Hwy 119,,Not a Collision with Motor Vehicle,2,Clear,Dry,Dark-Not Lighted
2022-08-18T06:35:00.000,I 16,I 16 and Hwy 119,,Angle Crash,2,Rain,Wet,Dawn
2022-06-04T17:48:00.000,I 16,I 16 and Hwy 119,,Not a Collision with Motor Vehicle,1,Rain,Wet,Daylight
2022-08-03T14:43:00.000,I 16,I 16 and Hwy 119,,Not a Collision with Motor Vehicle,1,Rain,Wet,Daylight
2023-11-03T07:36:00.000,I 16,I 16 and Hwy 112 Exit 32,,Not a Collision with Motor Vehicle,1,Clear,Dry,Dusk
2021-08-16T22:29:00.000,I 16,I 16 and Hwy 112,,Not a Collision with Motor Vehicle,1,Rain,Wet,Dark-Not Lighted
2022-09-10T16:13:00.000,I 16,I 16 and Hwy 112,,Not a Collision with Motor Vehicle,1,Rain,Wet,Daylight
2022-03-31T16:20:00.000,I 16,I 16 and Huber Sgoda Rd,,Not a Collision with Motor Vehicle,1,Clear,Dry,Daylight
2023-03-24T10:00:00.000,I 16,I 16 and Huber Clay Rd,,Not a Collision with Motor Vehicle,1,Clear,Dry,Daylight
2021-12-24T19:08:00.000,I 16,I 16 and Huber Clay Rd,,Not a Collision with Motor Vehicle,1,Clear,Dry,Dark-Not Lighted
2023-10-03T14:07:00.000,I 16,I 16 and Huber Clay Rd,,Rear End,3,Clear,Dry,Daylight
2021-06-24T18:40:00.000,I 16,I 16 and Highway 96,,Rear End,1,Clear,Dry,Daylight
2021-04-27T09:27:00.000,I 16,I 16 and Highway 96,,Rear End,2,Clear,Dry,Daylight
2021-10-28T06:03:00.000,I 16,I 16 and Highway 96,,Sideswipe-Same Direction,2,Rain,Wet,Dark-Not Lighted
2021-05-07T16:40:00.000,I 16,I 16 and Highway 96,,Not a Collision with Motor Vehicle,1,Clear,Dry,Daylight
2021-11-14T10:37:00.000,I 16,I 16 and Highway 96,,Sideswipe-Same Direction,3,Clear,Dry,Daylight
2023-06-22T14:34:00.000,I 16,I 16 and Highway 96,,Not a Collision with Motor Vehicle,1,Rain,Wet,Daylight
2020-08-08T14:00:00.000,I 16,I 16 and Highway 96,,Not a Collision with Motor Vehicle,1,Rain,Wet,Daylight
2020-11-11T17:39:00.000,I 16,I 16 and Highway 96,,Not a Collision with Motor Vehicle,1,Rain,Wet,Daylight
2020-02-06T16:39:00.000,I 16,I 16 and Highway 96,,Not a Collision with Motor Vehicle,1,Rain,Wet,Daylight
2020-01-04T12:00:00.000,I 16,I 16 and Highway 96,,Angle Crash,2,Clear,Dry,Daylight
2020-05-15T21:30:00.000,I 16,I 16 and Highway 96,,Not a Collision with Motor Vehicle,1,Clear,Dry,Dusk
2021-06-04T20:24:00.000,I 16,I 16 and Highway 96,,Not a Collision with Motor Vehicle,1,Cloudy,Dry,Dark-Not Lighted
2021-03-28T15:36:00.000,I 16,I 16 and Highway 96,,Not a Collision with Motor Vehicle,1,Rain,Wet,Daylight
2021-11-23T11:37:00.000,I 16,I 16 and Highway 96,,Not a Collision with Motor Vehicle,2,Clear,Dry,Daylight
2022-05-14T09:54:00.000,I 16,I 16 and Highway 96,,Not a Collision with Motor Vehicle,1,Clear,Dry,Daylight
2022-08-18T17:18:00.000,I 16,I 16 and Highway 96,,Not a Collision with Motor Vehicle,1,Rain,Wet,Daylight
2022-12-21T07:20:00.000,I 16,I 16 and Highway 96,,Sideswipe-Same Direction,2,Clear,Dry,Daylight
2022-09-02T11:22:00.000,I 16,I 16 and Highway 96,,Not a Collision with Motor Vehicle,2,Clear,Dry,Daylight
2022-08-10T13:21:00.000,I 16,I 16 and Highway 96,,Not a Collision with Motor Vehicle,1,Clear,Dry,Daylight
2022-07-04T14:53:00.000,I 16,I 16 and Highway 96,,Not a Collision with Motor Vehicle,1,Clear,Dry,Daylight
2022-06-20T07:39:00.000,I 16,I 16 and Highway 96,,Sideswipe-Opposite Direction,1,Clear,Dry,Daylight
2024-04-30T06:47:00.000,I 16,I 16 and Highway 96,,Rear End,2,Clear,Dry,Dawn
2024-07-18T20:56:00.000,I 16,I 16 and Highway 96,,Not a Collision with Motor Vehicle,1,Rain,Wet,Dark-Not Lighted
2024-06-29T15:20:00.000,I 16,I 16 and Highway 96,,Not a Collision with Motor Vehicle,1,Rain,Wet,Daylight
2024-01-13T11:37:00.000,I 16,I 16 and Highway 96,,Sideswipe-Same Direction,2,Clear,Dry,Daylight
2024-06-24T16:57:00.000,I 16,I 16 and Highway 96,,Not a Collision with Motor Vehicle,3,Clear,Dry,Daylight
2024-03-22T16:07:00.000,I 16,I 16 and Highway 96,,Not a Collision with Motor Vehicle,1,Rain,Wet,Daylight
2024-04-21T11:40:00.000,I 16,I 16 and Highway 67,,Rear End,2,Rain,Wet,Daylight
2024-10-14T21:37:00.000,I 16,I 16 and Highway 67,,Not a Collision with Motor Vehicle,1,Clear,Dry,Dark-Not Lighted