Date and Time,Roadway (From Crash Report),Intersection Name (from Crash Report),KABCO Severity,Manner of Collision (Crash Level) ,# of Vehicles per crash ,Weather Conditions (Crash Level),Surface Condition (Crash Level) ,Light Conditions (Crash Level)
2024-09-25T17:12:00.000,I 16,I 16 and Exit 2,,Sideswipe-Same Direction,2,Cloudy,Dry,Daylight
2024-04-10T11:47:00.000,I 16,I 16 and Exit 2,,Sideswipe-Same Direction,2,Cloudy,Dry,Daylight
2024-05-22T15:27:00.000,I 16,I 16 and Exit 2,,Rear End,2,Clear,Dry,Daylight
2024-10-31T12:20:00.000,I 16,I 16 and Exit 2,,Sideswipe-Same Direction,2,Clear,Dry,Daylight
2024-04-23T07:49:00.000,I 16,I 16 and Exit 2,,Rear End,3,Clear,Dry,Daylight
2024-09-29T12:10:00.000,I 16,I 16 and Exit 2,,Rear End,2,Clear,Dry,Daylight
2024-12-04T08:06:00.000,I 16,I 16 and Exit 2,,Sideswipe-Same Direction,2,Clear,Dry,Daylight
2024-11-15T07:17:00.000,I 16,I 16 and Exit 2,,Rear End,2,Clear,Dry,Daylight
2024-12-16T14:28:00.000,I 16,I 16 and Exit 2,,Not a Collision with Motor Vehicle,1,Clear,Dry,Daylight
2024-11-06T14:52:00.000,I 16,I 16 and Exit 2,,Not a Collision with Motor Vehicle,1,Rain,Wet,Daylight
2024-03-29T12:13:00.000,I 16,I 16 and Exit 2,,Rear End,2,Clear,Dry,Daylight
2024-03-22T16:47:00.000,I 16,I 16 and Exit 2,,Not a Collision with Motor Vehicle,2,Rain,Water (standing or moving),Daylight
2024-03-29T12:18:00.000,I 16,I 16 and Exit 2,,Rear End,2,Clear,Dry,Daylight
2024-04-11T16:40:00.000,I 16,I 16 and Exit 2,,Angle Crash,2,Cloudy,Dry,Daylight
2024-09-19T16:35:00.000,I 16,I 16 and Exit 2,,Rear End,3,Clear,Dry,Daylight
2024-12-10T21:27:00.000,I 16,I 16 and Exit 2,,Rear End,2,Rain,Wet,Dark-Lighted
2024-07-26T14:32:00.000,I 16,I 16 and Exit 2,,Sideswipe-Same Direction,2,Cloudy,Dry,Daylight
2022-11-09T10:04:00.000,I 16,I 16 and Exit 1B,,Sideswipe-Same Direction,2,Cloudy,Dry,Daylight
2022-07-30T14:24:00.000,I 16,I 16 and Exit 1B,,Sideswipe-Same Direction,2,Rain,Wet,Daylight
2024-01-24T01:56:00.000,I 16,I 16 and Exit 1B,,Not a Collision with Motor Vehicle,1,Rain,Wet,Dark-Lighted
2024-07-11T11:23:00.000,I 16,I 16 and Exit 1B,,Sideswipe-Same Direction,2,Clear,Dry,Daylight
2024-10-10T06:15:00.000,I 16,I 16 and Exit 1B,,Not a Collision with Motor Vehicle,1,Clear,Dry,Daylight
2024-01-03T11:18:00.000,I 16,I 16 and Exit 1B,,Not a Collision with Motor Vehicle,1,Cloudy,Dry,Daylight
2020-12-14T18:36:00.000,I 16,I 16 and Exit 1A,,Sideswipe-Same Direction,2,Clear,Dry,Dusk
2023-06-30T13:32:00.000,I 16,I 16 and Exit 1A,,Sideswipe-Same Direction,2,Clear,Dry,Daylight
2023-01-10T09:07:00.000,I 16,I 16 and Exit 1A,,Sideswipe-Same Direction,2,Clear,Dry,Daylight
2020-12-14T18:36:00.000,I 16,I 16 and Exit 1A,,Sideswipe-Same Direction,2,Clear,Dry,Dusk
2020-12-14T18:36:00.000,I 16,I 16 and Exit 1A,,Rear End,2,Clear,Dry,Dusk
2022-08-08T05:48:00.000,I 16,I 16 and Exit 1A,,Rear End,2,Clear,Dry,Dawn
2023-05-09T14:47:00.000,I 16,I 16 and Exit 1A,,Rear End,2,Clear,Dry,Daylight
2023-11-06T09:51:00.000,I 16,I 16 and Exit 1A,,Sideswipe-Same Direction,2,Clear,Dry,Daylight
2023-07-01T06:07:00.000,I 16,I 16 and Exit 1A,,Not a Collision with Motor Vehicle,1,Clear,Dry,Dark-Not Lighted
2024-01-13T13:26:00.000,I 16,I 16 and Exit 1A,,Not a Collision with Motor Vehicle,1,Clear,Dry,Daylight
2024-02-02T15:11:00.000,I 16,I 16 and Exit 1A,,Sideswipe-Same Direction,2,Clear,Dry,Daylight
2021-11-01T07:08:00.000,I 16,I 16 and Exit 18 Bullard Rd.,,Sideswipe-Same Direction,2,Clear,Dry,Dark-Not Lighted
2021-09-29T15:03:00.000,I 16,I 16 and Exit 18 Bullard Rd,,Angle Crash,1,Clear,Dry,Daylight
2023-08-22T17:35:00.000,I 16,I 16 and Exit 18 Bullard Rd,,Sideswipe-Same Direction,2,Clear,Dry,Daylight
2021-09-16T08:07:00.000,I 16,I 16 and Exit 166,,Rear End,2,Clear,Dry,Daylight
2023-11-13T10:18:00.000,I 16,I 16 and Exit 165,,Sideswipe-Same Direction,2,Clear,Dry,Daylight
2023-10-26T14:14:00.000,I 16,I 16 and Exit 165,,Rear End,3,Clear,Dry,Daylight
2023-04-13T10:48:00.000,I 16,I 16 and Exit 165,,Rear End,3,Cloudy,Dry,Daylight
2020-12-09T06:41:00.000,I 16,I 16 and Exit 165,,Rear End,2,Clear,Dry,Dawn
2021-01-12T00:00:00.000,I 16,I 16 and Exit 165,,Sideswipe-Same Direction,2,Cloudy,Dry,Daylight
2022-01-31T07:25:00.000,I 16,I 16 and Exit 165,,Rear End,3,Cloudy,Dry,Daylight
2024-08-20T14:20:00.000,I 16,I 16 and Exit 165,,Sideswipe-Same Direction,2,Clear,Dry,Daylight
2024-03-04T17:00:00.000,I 16,I 16 and Exit 165,,Rear End,2,Clear,Dry,Daylight
2023-08-15T10:37:00.000,I 16,I 16 and Exit 164B,,Sideswipe-Same Direction,2,Clear,Dry,Daylight
2020-06-17T18:25:00.000,I 16,I 16 and Exit 164B,,Angle Crash,3,Clear,Dry,Daylight
2022-03-29T18:15:00.000,I 16,I 16 and Exit 164B,,Sideswipe-Same Direction,2,Clear,Dry,Daylight
2022-05-23T00:00:00.000,I 16,I 16 and Exit 164B,,Sideswipe-Same Direction,2,Rain,Wet,Dusk
2023-11-24T22:27:00.000,I 16,I 16 and Exit 164B,,Rear End,2,Clear,Dry,Dark-Lighted
2023-03-28T12:50:00.000,I 16,I 16 and Exit 164B,,Angle Crash,2,Cloudy,Wet,Daylight
2024-08-29T16:02:00.000,I 16,I 16 and Exit 164B,,Rear End,2,Clear,Dry,Daylight
2023-07-23T12:15:00.000,I 16,I 16 and Exit 164A,,Rear End,2,Clear,Dry,Daylight
2022-06-21T18:30:00.000,I 16,I 16 and Exit 164A,,Angle Crash,2,Clear,Dry,Daylight
2022-07-25T15:07:00.000,I 16,I 16 and Exit 164A,,Sideswipe-Same Direction,2,Clear,Dry,Daylight
2022-05-06T12:30:00.000,I 16,I 16 and Exit 164A,,Sideswipe-Same Direction,2,Clear,Dry,Daylight
2023-09-23T18:29:00.000,I 16,I 16 and Exit 164A,,Angle Crash,2,Clear,Dry,Daylight
2024-01-08T20:23:00.000,I 16,I 16 and Exit 164A,,Not a Collision with Motor Vehicle,2,Clear,Wet,Dark-Lighted
2024-06-17T06:35:00.000,I 16,I 16 and Exit 164A,,Rear End,4,Clear,Dry,Dawn
2024-01-08T20:23:00.000,I 16,I 16 and Exit 164A,,Not a Collision with Motor Vehicle,2,Clear,Dry,Dark-Lighted
2024-05-27T12:10:00.000,I 16,I 16 and Exit 164A,,Sideswipe-Same Direction,3,Cloudy,Dry,Daylight
2024-06-25T10:43:00.000,I 16,I 16 and Exit 164A,,Sideswipe-Same Direction,2,Clear,Dry,Daylight
2024-01-22T07:20:00.000,I 16,I 16 and Exit 164A,,Rear End,2,Clear,Dry,Daylight
2024-11-28T23:10:00.000,I 16,I 16 and Exit 164A,,Not a Collision with Motor Vehicle,1,Clear,Dry,Dark-Not Lighted
2024-09-16T06:40:00.000,I 16,I 16 and Exit 164A,,Sideswipe-Same Direction,2,Clear,Dry,Dark-Lighted
2024-05-19T11:25:00.000,I 16,I 16 and Exit 164 A,,Sideswipe-Same Direction,2,Clear,Dry,Daylight
2021-12-28T16:10:00.000,I 16,I 16 and Exit 164,,Sideswipe-Same Direction,2,Clear,Dry,Daylight
2021-09-15T11:39:00.000,I 16,I 16 and Exit 164,,Angle Crash,2,Clear,Dry,Daylight
2021-08-06T15:54:00.000,I 16,I 16 and Exit 164,,Rear End,2,Rain,Wet,Daylight
2022-10-11T17:50:00.000,I 16,I 16 and Exit 164,,Rear End,2,Clear,Dry,Daylight
2023-07-10T16:49:00.000,I 16,I 16 and Exit 164,,Not a Collision with Motor Vehicle,1,Clear,Wet,Daylight
2023-07-10T07:10:00.000,I 16,I 16 and Exit 164,,Not a Collision with Motor Vehicle,1,Clear,Dry,Daylight
2023-06-05T14:51:00.000,I 16,I 16 and Exit 164,,Not a Collision with Motor Vehicle,1,Clear,Dry,Daylight
2024-04-09T08:56:00.000,I 16,I 16 and Exit 164,,Rear End,2,Clear,Dry,Daylight
2024-03-23T12:55:00.000,I 16,I 16 and Exit 164,,Sideswipe-Same Direction,2,Cloudy,Dry,Daylight
2024-09-22T13:40:00.000,I 16,I 16 and Exit 162 Rp,,Rear End,2,Clear,Dry,Daylight
2021-03-26T01:50:00.000,I 16,I 16 and Exit 162,,Not a Collision with Motor Vehicle,1,Clear,Dry,Dark-Not Lighted
2021-05-15T10:25:00.000,I 16,I 16 and Exit 162,,Rear End,2,Clear,Dry,Daylight
2021-03-05T15:44:00.000,I 16,I 16 and Exit 162,,Rear End,2,Clear,Dry,Daylight
2023-04-26T15:43:00.000,I 16,I 16 and Exit 162,,Rear End,2,Rain,Wet,Daylight
2023-12-15T16:24:00.000,I 16,I 16 and Exit 162,,Not a Collision with Motor Vehicle,1,Clear,Dry,Daylight
2023-08-29T16:24:00.000,I 16,I 16 and Exit 162,,Rear End,2,Cloudy,Wet,Daylight
2023-04-06T13:52:00.000,I 16,I 16 and Exit 162,,Rear End,2,Clear,Dry,Daylight
2023-07-22T02:07:00.000,I 16,I 16 and Exit 162,,Not a Collision with Motor Vehicle,1,Rain,Wet,Dark-Not Lighted
2023-08-14T08:34:00.000,I 16,I 16 and Exit 162,,Rear End,2,Clear,Dry,Daylight
2023-05-24T00:00:00.000,I 16,I 16 and Exit 162,,Rear End,2,Clear,Dry,Daylight
2022-11-08T19:24:00.000,I 16,I 16 and Exit 162,,Rear End,2,Clear,Dry,Dark-Not Lighted
2021-07-20T14:26:00.000,I 16,I 16 and Exit 162,,Rear End,2,Cloudy,Wet,Daylight
2022-09-02T19:44:00.000,I 16,I 16 and Exit 162,,Rear End,2,Clear,Dry,Daylight
2022-04-16T02:14:00.000,I 16,I 16 and Exit 162,,Not a Collision with Motor Vehicle,1,Clear,Dry,Dark-Not Lighted
2022-11-08T18:04:00.000,I 16,I 16 and Exit 162,,Rear End,4,Clear,Dry,Dark-Not Lighted
2024-10-28T13:23:00.000,I 16,I 16 and Exit 162,,Rear End,2,Clear,Dry,Daylight
2024-10-04T16:30:00.000,I 16,I 16 and Exit 162,,Rear End,3,Rain,Wet,Daylight
2024-11-17T03:15:00.000,I 16,I 16 and Exit 162,,Not a Collision with Motor Vehicle,1,Clear,Dry,Dark-Not Lighted
2023-02-17T09:44:00.000,I 16,I 16 and Exit 162,,Rear End,2,Clear,Dry,Daylight
2023-04-10T11:00:00.000,I 16,I 16 and Exit 162,,Rear End,3,Clear,Dry,Daylight
2024-02-21T07:18:00.000,I 16,I 16 and Exit 162,,Not a Collision with Motor Vehicle,2,Clear,Dry,Daylight
2024-08-02T14:11:00.000,I 16,I 16 and Exit 162,,Rear End,2,Cloudy,Dry,Daylight
2024-05-22T00:00:00.000,I 16,I 16 and Exit 162,,Rear End,2,Clear,Dry,Daylight
2024-07-09T17:34:00.000,I 16,I 16 and Exit 162,,Rear End,2,Clear,Dry,Daylight
2024-05-01T17:28:00.000,I 16,I 16 and Exit 162,,Rear End,2,Cloudy,Dry,Daylight
2024-06-04T16:08:00.000,I 16,I 16 and Exit 162,,Angle Crash,2,Clear,Dry,Daylight
2024-11-25T13:57:00.000,I 16,I 16 and Exit 162,,Sideswipe-Same Direction,2,Clear,Dry,Daylight
2024-11-25T18:00:00.000,I 16,I 16 and Exit 162,,Rear End,2,Clear,Dry,Dark-Not Lighted
2024-04-13T14:30:00.000,I 16,I 16 and Exit 162,,Rear End,3,Clear,Dry,Daylight
2024-09-23T17:59:00.000,I 16,I 16 and Exit 162,,Rear End,2,Clear,Dry,Daylight
2021-02-02T17:59:00.000,I 16,I 16 and Exit 161,,Sideswipe-Same Direction,2,Clear,Dry,Dark-Not Lighted
2021-06-26T13:07:00.000,I 16,I 16 and Exit 160 Off Rp,,Rear End,2,Clear,Dry,Daylight
2020-01-09T07:01:00.000,I 16,I 16 and Exit 160 Dean Forest Rd,,Rear End,2,Clear,Dry,Dawn
2021-07-09T09:40:00.000,I 16,I 16 and Exit 160,,Not a Collision with Motor Vehicle,1,Clear,Dry,Daylight
2023-05-03T14:38:00.000,I 16,I 16 and Exit 160,,Sideswipe-Same Direction,2,Clear,Dry,Daylight
2023-09-24T01:57:00.000,I 16,I 16 and Exit 160,,Angle Crash,3,Clear,Dry,Dark-Not Lighted
2023-11-01T20:27:00.000,I 16,I 16 and Exit 160,,Angle Crash,2,Cloudy,Dry,Dark-Not Lighted
2023-04-19T12:51:00.000,I 16,I 16 and Exit 160,,Angle Crash,2,Clear,Dry,Daylight
2023-03-06T07:12:00.000,I 16,I 16 and Exit 160,,Rear End,3,Clear,Dry,Daylight
2023-01-17T06:45:00.000,I 16,I 16 and Exit 160,,Rear End,3,Clear,Dry,Daylight
2024-06-01T10:56:00.000,I 16,I 16 and Exit 160,,Not a Collision with Motor Vehicle,1,Clear,Dry,Daylight
2023-02-09T04:25:00.000,I 16,I 16 and Exit 160,,Sideswipe-Same Direction,2,Cloudy,Dry,Dark-Not Lighted
2024-03-05T12:30:00.000,I 16,I 16 and Exit 160,,Sideswipe-Same Direction,2,Cloudy,Dry,Daylight
2024-07-08T17:45:00.000,I 16,I 16 and Exit 160,,Rear End,2,Cloudy,Wet,Daylight
2024-11-07T07:11:00.000,I 16,I 16 and Exit 160,,Rear End,4,Clear,Wet,Dark-Lighted
2024-04-06T08:55:00.000,I 16,I 16 and Exit 160,,Rear End,2,Clear,Dry,Daylight
2024-12-17T13:40:00.000,I 16,I 16 and Exit 160,,Sideswipe-Same Direction,2,Cloudy,Dry,Daylight
2024-12-05T16:15:00.000,I 16,I 16 and Exit 160,,Rear End,3,Clear,Dry,Daylight
2023-03-05T19:54:00.000,I 16,I 16 and Exit 157B,,Not a Collision with Motor Vehicle,1,Clear,Dry,Dark-Not Lighted
2022-02-22T07:55:00.000,I 16,I 16 and Exit 157,,Rear End,3,Clear,Dry,Daylight
2022-08-08T12:00:00.000,I 16,I 16 and Exit 157,,Sideswipe-Same Direction,2,Clear,Dry,Daylight
2024-06-13T10:00:00.000,I 16,I 16 and Exit 152 Jimmy Deloach Pkwy,,Rear End,2,Clear,Dry,Daylight
2024-08-15T18:10:00.000,I 16,I 16 and Exit 152 Bloomingdale Rd.,,Rear End,2,Clear,Dry,Daylight
2023-08-30T11:45:00.000,I 16,I 16 and Exit 152 Bloomingdale Rd,,Not a Collision with Motor Vehicle,1,Rain,Wet,Daylight
2023-02-05T05:00:00.000,I 16,I 16 and Exit 152 Bloomingdale Rd,,Not a Collision with Motor Vehicle,1,Clear,Dry,Dark-Not Lighted
2023-04-25T16:00:00.000,I 16,I 16 and Exit 152 Bloomingdale Rd,,Rear End,2,Rain,Wet,Daylight
2022-03-24T10:00:00.000,I 16,I 16 and Exit 152,,Rear End,2,Rain,Wet,Daylight
2024-02-21T07:18:00.000,I 16,I 16 and Exit 152,,Sideswipe-Same Direction,2,Clear,Dry,Daylight
2024-11-25T17:45:00.000,I 16,I 16 and Exit 152,,Not a Collision with Motor Vehicle,1,Clear,Dry,Dark-Lighted
2024-07-23T17:45:00.000,I 16,I 16 and Exit 152,,Rear End,2,Clear,Dry,Daylight
2024-10-29T06:26:00.000,I 16,I 16 and Exit 152,,Rear End,3,Clear,Dry,Dark-Lighted
2024-09-08T16:40:00.000,I 16,I 16 and Exit 152,,Not a Collision with Motor Vehicle,1,Rain,Wet,Daylight
2021-06-29T16:00:00.000,I 16,I 16 and Exit 151,,Sideswipe-Same Direction,2,Clear,Dry,Daylight
2021-07-04T19:27:00.000,I 16,I 16 and Exit 148 Old River Rd,,Not a Collision with Motor Vehicle,1,Clear,Dry,Daylight
2023-12-17T10:00:00.000,I 16,I 16 and Exit 148,,Not a Collision with Motor Vehicle,1,Rain,Wet,Daylight
2023-05-29T23:50:00.000,I 16,I 16 and Exit 148,,Not a Collision with Motor Vehicle,1,Clear,Dry,Dark-Not Lighted
2020-04-09T08:34:00.000,I 16,I 16 and Exit 148,,Not a Collision with Motor Vehicle,1,Rain,Wet,Daylight
2023-03-20T17:04:00.000,I 16,I 16 and Exit 143,,Not a Collision with Motor Vehicle,2,Clear,Dry,Daylight
2022-01-13T04:03:00.000,I 16,I 16 and Exit 143,,Rear End,2,Clear,Dry,Dark-Not Lighted
2023-12-20T05:45:00.000,I 16,I 16 and Exit 143,,Angle Crash,2,Clear,Dry,Dark-Not Lighted
2023-01-18T17:00:00.000,I 16,I 16 and Exit 143,,Angle Crash,2,Clear,Dry,Daylight
2021-04-06T09:30:00.000,I 16,I 16 and Exit 137,,Sideswipe-Same Direction,2,Clear,Dry,Daylight
2021-07-10T16:42:00.000,I 16,I 16 and Exit 137,,Not a Collision with Motor Vehicle,1,Rain,Wet,Daylight
2021-06-07T16:25:00.000,I 16,I 16 and Exit 137,,Not a Collision with Motor Vehicle,1,Rain,Wet,Daylight
2023-04-23T08:32:00.000,I 16,I 16 and Exit 137,,Not a Collision with Motor Vehicle,1,Clear,Dry,Daylight
2020-06-28T21:22:00.000,I 16,I 16 and Exit 127 Exit Rp,,Rear End,3,Clear,Dry,Dark-Not Lighted
2020-06-28T21:22:00.000,I 16,I 16 and Exit 127 Exit Rp,,Not a Collision with Motor Vehicle,1,Clear,Dry,Dark-Not Lighted
2021-04-12T19:40:00.000,I 16,I 16 and Exit 127,,Sideswipe-Same Direction,1,Clear,Dry,Daylight
2023-11-26T04:36:00.000,I 16,I 16 and Exit 127,,Not a Collision with Motor Vehicle,1,Cloudy,Dry,Dark-Not Lighted
2023-09-19T06:15:00.000,I 16,I 16 and Exit 127,,Not a Collision with Motor Vehicle,1,Clear,Dry,Dark-Not Lighted
2021-09-17T16:49:00.000,I 16,I 16 and Exit 127,,Not a Collision with Motor Vehicle,2,Clear,Dry,Daylight
2023-01-25T15:00:00.000,I 16,I 16 and Exit 127,,Not a Collision with Motor Vehicle,1,Rain,Wet,Daylight
2024-01-23T18:31:00.000,I 16,I 16 and Exit 12 Sgoda Rd,,Not a Collision with Motor Vehicle,2,Clear,Dry,Dark-Not Lighted
2021-03-25T06:05:00.000,I 16,I 16 and Exit 12,,Not a Collision with Motor Vehicle,1,Clear,Dry,Dark-Not Lighted
2023-05-28T06:14:00.000,I 16,I 16 and Exit 12,,Not a Collision with Motor Vehicle,1,Clear,Dry,Daylight
2024-05-18T11:56:00.000,I 16,I 16 and Exit 12,,Not a Collision with Motor Vehicle,1,Clear,Dry,Daylight
2021-06-14T17:50:00.000,I 16,I 16 and Exit 111,,Not a Collision with Motor Vehicle,1,Clear,Dry,Daylight
2022-03-23T10:18:00.000,I 16,I 16 and Exit 111,,Not a Collision with Motor Vehicle,1,Cloudy,Dry,Daylight
2024-12-10T14:34:00.000,I 16,I 16 and Exit 104  Highway 121,,Sideswipe-Same Direction,2,Clear,Dry,Daylight
2021-01-02T13:36:00.000,I 16,I 16 and Exit 104,,Not a Collision with Motor Vehicle,1,Rain,Wet,Daylight
2020-03-30T11:40:00.000,I 16,I 16 and Exit 104,,Not a Collision with Motor Vehicle,1,Cloudy,Dry,Daylight
2022-08-03T16:14:00.000,I 16,I 16 and Exit 104,,Not a Collision with Motor Vehicle,1,Rain,Water (standing or moving),Daylight
2022-07-10T21:50:00.000,I 16,I 16 and Exit 104,,Not a Collision with Motor Vehicle,1,Rain,Wet,Dark-Not Lighted
2020-06-18T23:38:00.000,I 16,I 16 and Exit 1,,Not a Collision with Motor Vehicle,1,Cloudy,Dry,Dark-Not Lighted
2022-11-28T08:15:00.000,I 16,I 16 and Exit 1,,Sideswipe-Same Direction,2,Clear,Dry,Daylight
2022-09-01T09:10:00.000,I 16,I 16 and Exit 1,,Rear End,2,Clear,Dry,Daylight
2020-07-26T01:34:00.000,I 16,I 16 and Exit  24,,Not a Collision with Motor Vehicle,1,Rain,Wet,Dark-Lighted
2021-12-11T19:55:00.000,I 16,I 16 and Excelsior Church Road Opas,,Not a Collision with Motor Vehicle,1,Clear,Dry,Dark-Not Lighted
2020-06-05T18:05:00.000,I 16,I 16 and Excelsior Church Road Exit 111,,Not a Collision with Motor Vehicle,1,Rain,Wet,Daylight
2020-11-28T04:21:00.000,I 16,I 16 and Excelsior Church Rd Opas,,Not a Collision with Motor Vehicle,1,Rain,Wet,Dark-Not Lighted
2023-08-11T17:12:00.000,I 16,I 16 and Excelsior Church Rd,,Not a Collision with Motor Vehicle,1,Cloudy,Wet,Daylight
2023-01-17T19:21:00.000,I 16,I 16 and Excelsior Church Rd,,Rear End,2,Clear,Dry,Dark-Not Lighted
2023-10-09T13:30:00.000,I 16,I 16 and Excelsior Church Rd,,Not a Collision with Motor Vehicle,2,Clear,Dry,Daylight
2023-06-24T20:53:00.000,I 16,I 16 and Excelsior Church Rd,,Angle Crash,2,Clear,Dry,Dark-Not Lighted
2020-02-10T21:38:00.000,I 16,I 16 and Excelsior Church Rd,,Not a Collision with Motor Vehicle,1,(None),Dry,Dark-Not Lighted
2021-06-26T17:42:00.000,I 16,I 16 and Excelsior Church Rd,,Not a Collision with Motor Vehicle,1,Cloudy,Dry,Daylight
2021-05-21T00:45:00.000,I 16,I 16 and Excelsior Church Rd,,Not a Collision with Motor Vehicle,1,Clear,Dry,Dark-Not Lighted
2021-09-18T10:55:00.000,I 16,I 16 and Excelsior Church Rd,,Not a Collision with Motor Vehicle,1,Cloudy,Dry,Daylight
2022-09-16T18:00:00.000,I 16,I 16 and Excelsior Church Rd,,Rear End,2,Clear,Dry,Daylight
2022-04-02T01:42:00.000,I 16,I 16 and Excelsior Church Rd,,Not a Collision with Motor Vehicle,1,Clear,Dry,Dark-Not Lighted
2022-05-28T16:19:00.000,I 16,I 16 and Excelsior Church Rd,,Rear End,2,Clear,Dry,Daylight
2022-09-16T17:47:00.000,I 16,I 16 and Excelsior Church Rd,,Sideswipe-Same Direction,2,Clear,Dry,Daylight
2022-09-03T18:54:00.000,I 16,I 16 and Excelsior Church Rd,,Not a Collision with Motor Vehicle,1,Rain,Wet,Daylight
2022-09-18T14:00:00.000,I 16,I 16 and Excelsior Church Rd,,Not a Collision with Motor Vehicle,1,Clear,Dry,Daylight
2022-11-28T07:44:00.000,I 16,I 16 and Excelsior Church Rd,,Rear End,3,Clear,Dry,Daylight
2022-07-03T15:49:00.000,I 16,I 16 and Excelsior Church Rd,,Not a Collision with Motor Vehicle,1,Rain,Wet,Daylight
2022-07-17T14:51:00.000,I 16,I 16 and Excelsior Church Rd,,Not a Collision with Motor Vehicle,1,Rain,Wet,Daylight
2023-01-24T05:01:00.000,I 16,I 16 and Excelsior Church Rd,,Head On,1,Clear,Dry,Dark-Not Lighted
2023-08-01T12:59:00.000,I 16,I 16 and Excelsior Church Rd,,Not a Collision with Motor Vehicle,1,Clear,Dry,Daylight
2023-01-22T16:26:00.000,I 16,I 16 and Excelsior Church Rd,,Not a Collision with Motor Vehicle,1,Rain,Water (standing or moving),Daylight
2024-02-08T15:15:00.000,I 16,I 16 and Excelsior Church Rd,,Sideswipe-Same Direction,2,Clear,Dry,Daylight
2024-02-08T14:49:00.000,I 16,I 16 and Excelsior Church Rd,,Not a Collision with Motor Vehicle,1,Clear,Dry,Daylight
2024-10-18T14:45:00.000,I 16,I 16 and Excelsior Church Rd,,Not a Collision with Motor Vehicle,2,Clear,Dry,Daylight
2021-06-21T23:00:00.000,I 16,I 16 and Excelsior Church,,Not a Collision with Motor Vehicle,1,Clear,Dry,Dusk
2020-02-04T17:45:00.000,I 16,I 16 and Ex 165,,Rear End,2,Clear,Dry,Dawn
2021-02-04T10:35:00.000,I 16,I 16 and Entrance Rp,,Not a Collision with Motor Vehicle,2,Clear,Dry,Daylight
2021-01-18T09:01:00.000,I 16,I 16 and Entrance Rp,,Sideswipe-Same Direction,2,Clear,Dry,Daylight
2020-08-10T07:02:00.000,I 16,I 16 and Entrance Rp,,Not a Collision with Motor Vehicle,1,Clear,Water (standing or moving),Dawn
2020-06-07T12:45:00.000,I 16,I 16 and Entrance Rp,,Rear End,2,Cloudy,Dry,Daylight
2021-10-18T11:24:00.000,I 16,I 16 and Entrance Rp,,Sideswipe-Same Direction,2,Clear,Dry,Daylight
2022-12-15T16:52:00.000,I 16,I 16 and Entrance Rp,,Sideswipe-Same Direction,2,Clear,Dry,Daylight
2022-12-15T15:42:00.000,I 16,I 16 and Entrance Rp,,Rear End,2,Clear,Dry,Daylight
2021-05-09T19:49:00.000,I 16,I 16 and Entrance Ramp To I16,,Not a Collision with Motor Vehicle,1,Clear,Dry,Daylight
2020-08-02T13:35:00.000,I 16,I 16 and Entrance Ramp To I16,,Sideswipe-Same Direction,2,Clear,Dry,Daylight
2020-11-20T11:29:00.000,I 16,I 16 and Entrance Ramp To I16,,Rear End,2,Clear,Dry,Daylight
2020-03-12T15:56:00.000,I 16,I 16 and Entrance Ramp To I16,,Rear End,2,Cloudy,Dry,Daylight
2021-11-17T18:29:00.000,I 16,I 16 and Entrance Ramp To I16,,Sideswipe-Same Direction,2,Clear,Dry,Dark-Not Lighted
2022-01-06T22:31:00.000,I 16,I 16 and Entrance Ramp To I16,,Not a Collision with Motor Vehicle,1,Clear,Dry,Dark-Not Lighted
2020-04-03T10:30:00.000,I 16,I 16 and Entrance Ramp From Hig,,Sideswipe-Same Direction,2,Clear,Dry,Daylight
2023-04-08T21:10:00.000,I 16,I 16 and Entrance Ramp From Coliseum Dr,,Rear End,2,Rain,Wet,Dark-Not Lighted
2023-10-20T14:30:00.000,I 16,I 16 and Entrance Ramp From Coliseum,,Angle Crash,2,Clear,Dry,Daylight
2022-12-30T09:07:00.000,I 16,I 16 and Entrance Ramp Coliseum Dr,,Sideswipe-Same Direction,2,Clear,Dry,Daylight
2024-11-01T16:44:00.000,I 16,I 16 and Endley St,,Angle Crash,5,Clear,Dry,Daylight
2021-06-20T12:32:00.000,I 16,I 16 and Emory Hwy,,Sideswipe-Same Direction,2,Cloudy,Wet,Daylight
2023-01-27T10:24:00.000,I 16,I 16 and Emery Hwy,,Angle Crash,2,Clear,Dry,Daylight
2020-06-01T08:40:00.000,I 16,I 16 and Effingham County Line,,Sideswipe-Same Direction,2,Clear,Dry,Daylight
2024-08-05T14:47:00.000,I 16,I 16 and Effingham County Line,,Not a Collision with Motor Vehicle,1,Rain,Wet,Daylight