Date and Time,Roadway (From Crash Report),Intersection Name (from Crash Report),KABCO Severity,Manner of Collision (Crash Level) ,# of Vehicles per crash ,Weather Conditions (Crash Level),Surface Condition (Crash Level) ,Light Conditions (Crash Level)
2022-03-31T16:45:00.000,I 16,I 16 and Dean Forest Rd,,Rear End,4,Cloudy,Wet,Daylight
2022-03-09T10:50:00.000,I 16,I 16 and Dean Forest Rd,,Rear End,2,Clear,Dry,Daylight
2021-10-26T06:25:00.000,I 16,I 16 and Dean Forest Rd,,Rear End,2,Clear,Dry,Dawn
2021-10-22T07:38:00.000,I 16,I 16 and Dean Forest Rd,,Rear End,2,Clear,Dry,Daylight
2022-08-23T14:20:00.000,I 16,I 16 and Dean Forest Rd,,Rear End,2,Clear,Dry,Daylight
2022-10-04T18:19:00.000,I 16,I 16 and Dean Forest Rd,,Rear End,2,Clear,Dry,Daylight
2022-11-20T21:20:00.000,I 16,I 16 and Dean Forest Rd,,Not a Collision with Motor Vehicle,1,Clear,Dry,Dark-Not Lighted
2022-06-15T06:55:00.000,I 16,I 16 and Dean Forest Rd,,Rear End,2,Clear,Dry,Daylight
2022-11-19T17:45:00.000,I 16,I 16 and Dean Forest Rd,,Not a Collision with Motor Vehicle,1,Clear,Dry,Dark-Not Lighted
2022-10-24T16:53:00.000,I 16,I 16 and Dean Forest Rd,,(None),1,(None),(None),(None)
2022-02-11T12:45:00.000,I 16,I 16 and Dean Forest Rd,,Angle Crash,2,Clear,Dry,Daylight
2022-10-31T11:13:00.000,I 16,I 16 and Dean Forest Rd,,Rear End,1,Clear,Dry,Daylight
2022-11-29T12:23:00.000,I 16,I 16 and Dean Forest Rd,,Sideswipe-Same Direction,2,Clear,Dry,Daylight
2022-10-17T08:45:00.000,I 16,I 16 and Dean Forest Rd,,Rear End,2,Clear,Dry,Daylight
2022-08-25T10:37:00.000,I 16,I 16 and Dean Forest Rd,,Sideswipe-Same Direction,2,Clear,Dry,Daylight
2022-12-10T21:55:00.000,I 16,I 16 and Dean Forest Rd,,Sideswipe-Same Direction,2,Clear,Dry,Dark-Not Lighted
2022-11-06T21:30:00.000,I 16,I 16 and Dean Forest Rd,,Not a Collision with Motor Vehicle,1,Clear,Dry,Dark-Not Lighted
2022-01-28T13:45:00.000,I 16,I 16 and Dean Forest Rd,,Rear End,2,Clear,Dry,Daylight
2022-09-26T10:00:00.000,I 16,I 16 and Dean Forest Rd,,Sideswipe-Same Direction,2,Clear,Dry,Daylight
2022-09-19T13:36:00.000,I 16,I 16 and Dean Forest Rd,,Sideswipe-Same Direction,2,Clear,Dry,Daylight
2022-02-16T11:25:00.000,I 16,I 16 and Dean Forest Rd,,Rear End,3,Cloudy,(None),(None)
2022-03-30T11:38:00.000,I 16,I 16 and Dean Forest Rd,,Rear End,2,Clear,Dry,Daylight
2022-12-31T13:56:00.000,I 16,I 16 and Dean Forest Rd,,Sideswipe-Same Direction,2,Cloudy,Dry,Daylight
2022-01-21T05:55:00.000,I 16,I 16 and Dean Forest Rd,,Sideswipe-Same Direction,2,Rain,Wet,Dark-Not Lighted
2022-05-19T10:36:00.000,I 16,I 16 and Dean Forest Rd,,Angle Crash,2,Clear,Dry,Daylight
2022-02-23T15:23:00.000,I 16,I 16 and Dean Forest Rd,,Rear End,2,Clear,Dry,Daylight
2022-01-06T14:42:00.000,I 16,I 16 and Dean Forest Rd,,Rear End,2,Clear,Dry,Daylight
2022-07-25T21:38:00.000,I 16,I 16 and Dean Forest Rd,,Rear End,2,Clear,Dry,Dark-Not Lighted
2022-10-24T13:20:00.000,I 16,I 16 and Dean Forest Rd,,Sideswipe-Same Direction,2,Clear,Dry,Daylight
2022-06-27T11:31:00.000,I 16,I 16 and Dean Forest Rd,,Angle Crash,2,Clear,Dry,Daylight
2022-08-25T15:45:00.000,I 16,I 16 and Dean Forest Rd,,Sideswipe-Same Direction,2,Cloudy,Dry,Daylight
2022-03-25T21:36:00.000,I 16,I 16 and Dean Forest Rd,,Angle Crash,2,Clear,Dry,Dark-Lighted
2022-06-27T18:40:00.000,I 16,I 16 and Dean Forest Rd,,Rear End,2,Clear,Dry,Daylight
2022-10-18T14:38:00.000,I 16,I 16 and Dean Forest Rd,,Sideswipe-Same Direction,2,Clear,Dry,Daylight
2022-06-06T16:45:00.000,I 16,I 16 and Dean Forest Rd,,Not a Collision with Motor Vehicle,1,Clear,Dry,Daylight
2022-06-02T14:32:00.000,I 16,I 16 and Dean Forest Rd,,Rear End,2,Clear,Dry,Daylight
2022-02-08T14:20:00.000,I 16,I 16 and Dean Forest Rd,,Rear End,4,Clear,Dry,Daylight
2022-10-22T17:50:00.000,I 16,I 16 and Dean Forest Rd,,Not a Collision with Motor Vehicle,1,Clear,Dry,Daylight
2022-04-13T09:14:00.000,I 16,I 16 and Dean Forest Rd,,Sideswipe-Same Direction,2,Clear,Dry,Daylight
2022-07-08T14:33:00.000,I 16,I 16 and Dean Forest Rd,,Not a Collision with Motor Vehicle,1,Clear,Dry,Daylight
2022-01-17T09:59:00.000,I 16,I 16 and Dean Forest Rd,,Not a Collision with Motor Vehicle,1,Clear,Dry,Daylight
2022-02-25T16:24:00.000,I 16,I 16 and Dean Forest Rd,,Rear End,3,Clear,Dry,Daylight
2022-06-17T23:03:00.000,I 16,I 16 and Dean Forest Rd,,Not a Collision with Motor Vehicle,1,Rain,Wet,Dark-Not Lighted
2022-07-18T10:11:00.000,I 16,I 16 and Dean Forest Rd,,Sideswipe-Same Direction,2,Clear,Dry,Daylight
2022-09-23T16:41:00.000,I 16,I 16 and Dean Forest Rd,,Rear End,2,Clear,Dry,Daylight
2022-08-16T07:07:00.000,I 16,I 16 and Dean Forest Rd,,Rear End,2,Clear,Dry,Daylight
2022-09-28T02:39:00.000,I 16,I 16 and Dean Forest Rd,,Not a Collision with Motor Vehicle,1,Clear,Dry,Dark-Lighted
2023-05-24T11:06:00.000,I 16,I 16 and Dean Forest Rd,,Rear End,2,Clear,Dry,Daylight
2024-06-07T13:53:00.000,I 16,I 16 and Dean Forest Rd,,Sideswipe-Same Direction,2,Clear,Dry,Daylight
2024-09-24T08:05:00.000,I 16,I 16 and Dean Forest Rd,,Rear End,2,Clear,Dry,Daylight
2024-07-29T17:15:00.000,I 16,I 16 and Dean Forest Rd,,Rear End,2,Cloudy,Dry,Daylight
2024-09-21T20:55:00.000,I 16,I 16 and Dean Forest Rd,,Rear End,2,Clear,Dry,Dark-Not Lighted
2024-08-17T15:54:00.000,I 16,I 16 and Dean Forest Rd,,Rear End,2,Clear,Dry,Daylight
2024-12-03T10:00:00.000,I 16,I 16 and Dean Forest Rd,,Rear End,2,Clear,Dry,Daylight
2024-12-16T11:48:00.000,I 16,I 16 and Dean Forest Rd,,Rear End,2,Clear,Dry,Daylight
2024-05-15T08:15:00.000,I 16,I 16 and Dean Forest Rd,,Rear End,2,Clear,Dry,Daylight
2024-11-03T02:45:00.000,I 16,I 16 and Dean Forest Rd,,Sideswipe-Same Direction,2,Clear,Dry,Dark-Not Lighted
2024-07-22T17:26:00.000,I 16,I 16 and Dean Forest Rd,,Rear End,2,Rain,Wet,Daylight
2024-08-01T07:58:00.000,I 16,I 16 and Dean Forest Rd,,Rear End,2,Clear,Water (standing or moving),Daylight
2023-04-21T13:33:00.000,I 16,I 16 and Dean Forest Rd,,Angle Crash,2,Clear,Dry,Daylight
2023-06-16T06:11:00.000,I 16,I 16 and Dean Forest Rd,,Not a Collision with Motor Vehicle,1,Rain,Wet,Dark-Not Lighted
2023-06-30T17:57:00.000,I 16,I 16 and Dean Forest Rd,,Rear End,2,Clear,Dry,Daylight
2023-08-19T15:20:00.000,I 16,I 16 and Dean Forest Rd,,Not a Collision with Motor Vehicle,1,Clear,Dry,Daylight
2023-10-16T18:28:00.000,I 16,I 16 and Dean Forest Rd,,Angle Crash,2,Clear,Dry,Daylight
2023-03-06T14:03:00.000,I 16,I 16 and Dean Forest Rd,,Rear End,2,Clear,Dry,Daylight
2023-04-05T11:42:00.000,I 16,I 16 and Dean Forest Rd,,Sideswipe-Same Direction,2,Clear,Dry,Daylight
2023-08-23T05:55:00.000,I 16,I 16 and Dean Forest Rd,,Rear End,2,Clear,Dry,Dawn
2023-04-15T02:17:00.000,I 16,I 16 and Dean Forest Rd,,Not a Collision with Motor Vehicle,1,Clear,Dry,Dark-Not Lighted
2023-01-28T21:00:00.000,I 16,I 16 and Dean Forest Rd,,Head On,1,Clear,Dry,Dark-Lighted
2023-04-03T09:22:00.000,I 16,I 16 and Dean Forest Rd,,Rear End,2,Clear,Dry,Daylight
2023-09-05T08:31:00.000,I 16,I 16 and Dean Forest Rd,,Rear End,2,Clear,Dry,Daylight
2023-02-24T08:40:00.000,I 16,I 16 and Dean Forest Rd,,Sideswipe-Same Direction,3,Clear,Dry,Daylight
2023-04-07T13:46:00.000,I 16,I 16 and Dean Forest Rd,,Rear End,2,Clear,Dry,Daylight
2023-10-05T12:35:00.000,I 16,I 16 and Dean Forest Rd,,Sideswipe-Same Direction,2,Clear,Dry,Daylight
2023-05-01T12:43:00.000,I 16,I 16 and Dean Forest Rd,,Angle Crash,2,Clear,Dry,Daylight
2023-09-06T13:48:00.000,I 16,I 16 and Dean Forest Rd,,Rear End,2,Clear,Dry,Daylight
2023-05-25T11:55:00.000,I 16,I 16 and Dean Forest Rd,,Angle Crash,2,Clear,Dry,Daylight
2023-11-03T08:45:00.000,I 16,I 16 and Dean Forest Rd,,Angle Crash,1,Clear,Dry,Daylight
2023-06-17T09:06:00.000,I 16,I 16 and Dean Forest Rd,,Angle Crash,2,Clear,Dry,Daylight
2023-04-22T13:17:00.000,I 16,I 16 and Dean Forest Rd,,Rear End,2,Clear,Dry,Daylight
2023-10-24T17:05:00.000,I 16,I 16 and Dean Forest Rd,,Rear End,3,Clear,Dry,Daylight
2023-07-13T07:21:00.000,I 16,I 16 and Dean Forest Rd,,Angle Crash,2,Clear,Dry,Daylight
2024-12-12T08:19:00.000,I 16,I 16 and Dean Forest Rd,,Rear End,5,Clear,Dry,Daylight
2024-10-23T21:03:00.000,I 16,I 16 and Dean Forest Rd,,Sideswipe-Same Direction,2,Clear,Dry,Dark-Not Lighted
2024-02-21T07:30:00.000,I 16,I 16 and Dean Forest Rd,,Rear End,2,Clear,Dry,Daylight
2024-03-18T12:08:00.000,I 16,I 16 and Dean Forest Rd,,Rear End,2,Cloudy,Dry,Daylight
2024-09-19T09:10:00.000,I 16,I 16 and Dean Forest Rd,,Sideswipe-Same Direction,2,Clear,Dry,Daylight
2024-05-08T15:28:00.000,I 16,I 16 and Dean Forest Rd,,Rear End,2,Clear,Dry,Daylight
2024-03-25T09:18:00.000,I 16,I 16 and Dean Forest Rd,,Rear End,2,Clear,Dry,Daylight
2024-10-09T19:58:00.000,I 16,I 16 and Dean Forest Rd,,Angle Crash,2,Clear,Dry,Dark-Not Lighted
2024-04-14T16:26:00.000,I 16,I 16 and Dean Forest Rd,,Rear End,2,Clear,Dry,Daylight
2024-12-04T07:34:00.000,I 16,I 16 and Dean Forest Rd,,Rear End,2,Clear,Dry,Daylight
2024-03-29T19:09:00.000,I 16,I 16 and Dean Forest Rd,,Rear End,2,Clear,Dry,Dusk
2024-01-15T13:48:00.000,I 16,I 16 and Dean Forest Rd,,Sideswipe-Same Direction,2,Clear,Dry,Daylight
2024-09-21T05:11:00.000,I 16,I 16 and Dean Forest Rd,,Not a Collision with Motor Vehicle,1,Clear,Dry,Dark-Not Lighted
2024-03-13T10:05:00.000,I 16,I 16 and Dean Forest Rd,,Sideswipe-Same Direction,2,Clear,Dry,Daylight
2024-04-26T18:53:00.000,I 16,I 16 and Dean Forest Rd,,Rear End,2,Clear,Dry,Daylight
2024-04-12T12:46:00.000,I 16,I 16 and Dean Forest Rd,,Rear End,2,Clear,Dry,Daylight
2024-08-26T09:36:00.000,I 16,I 16 and Dean Forest Rd,,Rear End,2,Clear,Dry,Daylight
2024-05-24T11:17:00.000,I 16,I 16 and Dean Forest Rd,,Sideswipe-Same Direction,2,Clear,Dry,Daylight
2024-04-08T08:10:00.000,I 16,I 16 and Dean Forest Rd,,Rear End,2,Clear,Dry,Daylight
2024-02-12T14:18:00.000,I 16,I 16 and Dean Forest Rd,,Rear End,2,Rain,Wet,Daylight
2024-01-03T07:45:00.000,I 16,I 16 and Dean Forest Rd,,Rear End,3,Clear,Dry,Daylight
2024-01-29T06:51:00.000,I 16,I 16 and Dean Forest Rd,,Rear End,2,Clear,Dry,Daylight
2024-01-24T15:25:00.000,I 16,I 16 and Dean Forest Rd,,Rear End,3,Cloudy,Wet,Daylight
2024-01-04T08:25:00.000,I 16,I 16 and Dean Forest Rd,,Sideswipe-Same Direction,2,Clear,Dry,Daylight
2024-08-14T15:15:00.000,I 16,I 16 and Dean Forest Rd,,Sideswipe-Same Direction,2,Cloudy,Dry,Daylight
2024-07-10T15:12:00.000,I 16,I 16 and Dean Forest Rd,,Sideswipe-Same Direction,2,Clear,Dry,Daylight
2024-10-30T07:24:00.000,I 16,I 16 and Dean Forest Rd,,Rear End,2,Clear,Dry,Daylight
2024-02-22T08:00:00.000,I 16,I 16 and Dean Forest Rd,,Rear End,2,Clear,Dry,Daylight
2024-03-15T08:14:00.000,I 16,I 16 and Dean Forest Rd,,Not a Collision with Motor Vehicle,1,Clear,Dry,Daylight
2024-05-30T16:10:00.000,I 16,I 16 and Dean Forest Rd,,Angle Crash,2,Clear,Dry,Daylight
2024-03-14T07:59:00.000,I 16,I 16 and Dean Forest Rd,,Sideswipe-Same Direction,2,Clear,Dry,Daylight
2024-03-05T12:55:00.000,I 16,I 16 and Dean Forest Rd,,Rear End,2,Cloudy,Dry,Daylight
2024-10-30T11:21:00.000,I 16,I 16 and Dean Forest Rd,,Not a Collision with Motor Vehicle,1,Clear,Dry,Daylight
2021-01-06T06:06:00.000,I 16,I 16 and Dean Forest On Rp,,Rear End,3,Clear,Dry,Dark-Lighted
2023-09-11T09:06:00.000,I 16,I 16 and Dean Forest On Rp,,Rear End,2,Clear,Dry,Daylight
2022-09-23T16:17:00.000,I 16,I 16 and Dean Forest On Rp,,Sideswipe-Same Direction,4,Clear,Dry,Daylight
2024-01-04T08:20:00.000,I 16,I 16 and Dean Forest Off Rp,,Rear End,2,Clear,Dry,Daylight
2023-11-28T07:55:00.000,I 16,I 16 and Dean Forest Off Rp,,Angle Crash,2,Clear,Dry,Daylight
2024-03-18T06:44:00.000,I 16,I 16 and Dean Forest Off Rp,,Rear End,2,Clear,Dry,Dawn
2022-09-27T09:13:00.000,I 16,I 16 and Dean Forest Exit Rp,,Sideswipe-Same Direction,2,Clear,Dry,Daylight
2022-09-26T12:20:00.000,I 16,I 16 and Dean Forest Exit Rp,,Rear End,2,Clear,Dry,Daylight
2023-07-12T11:00:00.000,I 16,I 16 and Dean Forest Exit Rp,,Sideswipe-Same Direction,2,Clear,Dry,Daylight
2024-11-24T14:20:00.000,I 16,I 16 and Dean Forest Exit,,Rear End,2,Clear,Dry,Daylight
2023-10-23T10:00:00.000,I 16,I 16 and Dean Forest Dr,,Rear End,2,Clear,Dry,Daylight
2022-03-23T15:06:00.000,I 16,I 16 and Dean Forest Dr,,Rear End,2,Rain,Wet,Daylight
2024-12-14T04:45:00.000,I 16,I 16 and Dean Forest,,Not a Collision with Motor Vehicle,2,Clear,Dry,Dark-Not Lighted
2024-05-30T09:35:00.000,I 16,I 16 and Dean Forest,,Rear End,2,Clear,Dry,Daylight
2023-11-21T21:00:00.000,I 16,I 16 and Dean Foreest Rd,,Sideswipe-Same Direction,2,Cloudy,Dry,Dark-Not Lighted
2021-07-06T17:00:00.000,I 16,I 16 and Dead End Rd,,Rear End,3,Clear,Dry,Daylight
2021-02-26T19:42:00.000,I 16,I 16 and Cuyler Rd Opas,,Rear End,2,Clear,Dry,Dark-Not Lighted
2021-09-20T12:57:00.000,I 16,I 16 and Crooked Run Rd,,Not a Collision with Motor Vehicle,1,Rain,Wet,Daylight
2023-05-08T14:44:00.000,I 16,I 16 and Crooked Run Rd,,Rear End,2,Clear,Dry,Daylight
2023-09-17T12:42:00.000,I 16,I 16 and Crooked Run Rd,,Not a Collision with Motor Vehicle,1,Rain,Wet,Daylight
2023-05-15T21:32:00.000,I 16,I 16 and County Line,,Not a Collision with Motor Vehicle,1,Clear,Dry,Dark-Not Lighted
2022-09-08T10:55:00.000,I 16,I 16 and County Line,,Not a Collision with Motor Vehicle,2,Clear,Dry,Daylight
2021-11-10T17:36:00.000,I 16,I 16 and Cool Springs Rd,,Not a Collision with Motor Vehicle,1,Clear,Dry,Daylight
2021-05-23T18:30:00.000,I 16,I 16 and Cool Springs Rd,,Angle Crash,2,Clear,Dry,Daylight
2021-11-18T14:31:00.000,I 16,I 16 and Cool Springs Rd,,Rear End,2,Clear,Dry,Daylight
2023-11-23T22:38:00.000,I 16,I 16 and Cool Springs Rd,,Not a Collision with Motor Vehicle,1,Clear,Dry,Dark-Not Lighted
2020-07-13T11:18:00.000,I 16,I 16 and Cool Springs Rd,,Rear End,2,Clear,Dry,Daylight
2022-05-20T18:30:00.000,I 16,I 16 and Cool Springs Rd,,Not a Collision with Motor Vehicle,1,Clear,Dry,Daylight
2022-08-06T17:50:00.000,I 16,I 16 and Cool Springs Rd,,Not a Collision with Motor Vehicle,1,Rain,Wet,Daylight
2023-05-22T12:40:00.000,I 16,I 16 and Cool Springs Rd,,Not a Collision with Motor Vehicle,1,Cloudy,Dry,Daylight
2024-06-29T12:34:00.000,I 16,I 16 and Cool Springs Rd,,Angle Crash,2,Rain,Wet,Daylight
2023-05-22T15:01:00.000,I 16,I 16 and Cool Springs Rd,,Sideswipe-Same Direction,2,Cloudy,Dry,Daylight
2024-09-09T07:45:00.000,I 16,I 16 and Cool Springs Rd,,Sideswipe-Same Direction,2,Clear,Dry,Daylight
2022-12-29T09:30:00.000,I 16,I 16 and Colliseum Dr,,Sideswipe-Same Direction,2,Clear,Dry,Daylight
2024-11-26T00:09:00.000,I 16,I 16 and Colisuem Dr,,Not a Collision with Motor Vehicle,1,Clear,Dry,Dark-Not Lighted
2022-10-02T16:30:00.000,I 16,I 16 and Coliseum Exit,,Sideswipe-Same Direction,2,Clear,Dry,Daylight
2020-10-15T06:42:00.000,I 16,I 16 and Coliseum Dr Exit Rp,,Rear End,2,Clear,Dry,Dawn
2022-01-04T14:20:00.000,I 16,I 16 and Coliseum Dr Exit Rp,,Sideswipe-Same Direction,2,Clear,Dry,Daylight
2023-10-06T16:29:00.000,I 16,I 16 and Coliseum Dr Exit Rp,,Not a Collision with Motor Vehicle,1,Clear,Dry,Daylight
2023-09-11T17:39:00.000,I 16,I 16 and Coliseum Dr Exit,,Rear End,2,Clear,Dry,Daylight
2022-12-21T21:42:00.000,I 16,I 16 and Coliseum Dr Exit,,Sideswipe-Same Direction,2,Rain,Wet,Daylight
2020-12-03T07:59:00.000,I 16,I 16 and Coliseum Dr Entrance Rp,,Angle Crash,2,Cloudy,Dry,Daylight
2022-03-29T15:37:00.000,I 16,I 16 and Coliseum Dr Entrance Rp,,Sideswipe-Same Direction,2,Clear,Dry,Daylight
2021-02-09T16:40:00.000,I 16,I 16 and Coliseum Dr Entrance,,Not a Collision with Motor Vehicle,2,Cloudy,Dry,Daylight
2021-06-20T13:47:00.000,I 16,I 16 and Coliseum Dr,,Rear End,3,Rain,Wet,Daylight
2021-07-13T15:40:00.000,I 16,I 16 and Coliseum Dr,,Sideswipe-Same Direction,2,Clear,Dry,Daylight
2021-04-02T16:15:00.000,I 16,I 16 and Coliseum Dr,,Rear End,2,Clear,Dry,Daylight
2020-06-10T00:56:00.000,I 16,I 16 and Coliseum Dr,,Rear End,2,Clear,Dry,Dark-Lighted
2023-06-25T17:18:00.000,I 16,I 16 and Coliseum Dr,,Rear End,2,Clear,Dry,Daylight
2023-09-25T06:24:00.000,I 16,I 16 and Coliseum Dr,,Not a Collision with Motor Vehicle,1,Clear,Dry,Daylight
2023-01-04T12:19:00.000,I 16,I 16 and Coliseum Dr,,Angle Crash,2,Cloudy,Wet,Daylight
2023-10-06T22:00:00.000,I 16,I 16 and Coliseum Dr,,Sideswipe-Same Direction,2,Clear,Dry,Daylight
2023-03-15T10:05:00.000,I 16,I 16 and Coliseum Dr,,Rear End,2,Clear,Dry,Daylight
2020-03-11T16:21:00.000,I 16,I 16 and Coliseum Dr,,Rear End,2,Cloudy,Dry,Daylight
2020-11-13T12:12:00.000,I 16,I 16 and Coliseum Dr,,Not a Collision with Motor Vehicle,1,Clear,Dry,Daylight
2020-03-18T07:18:00.000,I 16,I 16 and Coliseum Dr,,Rear End,2,Clear,Dry,Daylight
2020-02-27T13:35:00.000,I 16,I 16 and Coliseum Dr,,Sideswipe-Same Direction,2,Clear,Dry,Daylight
2020-12-24T15:09:00.000,I 16,I 16 and Coliseum Dr,,Not a Collision with Motor Vehicle,1,Rain,Wet,Daylight
2021-07-23T10:23:00.000,I 16,I 16 and Coliseum Dr,,Rear End,2,Cloudy,Dry,Daylight
2022-09-02T14:07:00.000,I 16,I 16 and Coliseum Dr,,Rear End,2,Clear,Dry,Daylight
2022-04-24T14:58:00.000,I 16,I 16 and Coliseum Dr,,Rear End,2,Clear,Dry,Daylight
2022-09-13T17:45:00.000,I 16,I 16 and Coliseum Dr,,Sideswipe-Same Direction,2,Cloudy,Dry,Daylight
2022-12-02T12:16:00.000,I 16,I 16 and Coliseum Dr,,Rear End,2,Clear,Dry,Daylight
2022-10-18T15:58:00.000,I 16,I 16 and Coliseum Dr,,Not a Collision with Motor Vehicle,2,Clear,Dry,Daylight
2022-06-30T17:45:00.000,I 16,I 16 and Coliseum Dr,,Rear End,2,Clear,Dry,Daylight
2022-03-07T17:32:00.000,I 16,I 16 and Coliseum Dr,,Rear End,2,Rain,Wet,Daylight
2022-05-02T08:20:00.000,I 16,I 16 and Coliseum Dr,,Sideswipe-Same Direction,2,Clear,Dry,Daylight
2022-10-13T12:20:00.000,I 16,I 16 and Coliseum Dr,,Not a Collision with Motor Vehicle,1,Clear,Dry,Daylight
2022-02-03T09:02:00.000,I 16,I 16 and Coliseum Dr,,Sideswipe-Same Direction,2,Cloudy,Dry,Daylight
2022-09-29T15:57:00.000,I 16,I 16 and Coliseum Dr,,Rear End,2,Cloudy,Dry,Daylight
2022-03-07T09:31:00.000,I 16,I 16 and Coliseum Dr,,Sideswipe-Same Direction,2,Clear,Dry,Daylight
2024-02-02T15:11:00.000,I 16,I 16 and Coliseum Dr,,Rear End,4,Clear,Dry,Daylight
2024-08-28T10:25:00.000,I 16,I 16 and Coliseum Dr,,Not a Collision with Motor Vehicle,1,Clear,Dry,Daylight
2024-02-29T16:38:00.000,I 16,I 16 and Coliseum Dr,,Not a Collision with Motor Vehicle,1,Cloudy,Dry,Daylight
2024-07-26T22:37:00.000,I 16,I 16 and Coliseum Dr,,Angle Crash,2,Rain,Wet,Dark-Lighted
2024-06-25T14:08:00.000,I 16,I 16 and Coliseum Dr,,Sideswipe-Same Direction,2,Clear,Dry,Daylight
2023-09-22T00:00:00.000,I 16,I 16 and Coliseum Dr,,Sideswipe-Same Direction,2,Clear,Dry,Daylight
2024-12-16T17:30:00.000,I 16,I 16 and Coliseum Dr,,Sideswipe-Same Direction,2,Clear,Dry,Dark-Lighted
2024-01-24T09:34:00.000,I 16,I 16 and Coliseum Dr,,Sideswipe-Same Direction,2,Rain,Wet,Daylight
2024-02-29T20:02:00.000,I 16,I 16 and Coliseum Dr,,Sideswipe-Same Direction,2,Rain,Wet,Dark-Lighted
2024-11-10T04:31:00.000,I 16,I 16 and Coliseum Dr,,Sideswipe-Same Direction,2,Clear,Dry,Dark-Not Lighted
2024-04-24T12:44:00.000,I 16,I 16 and Coliseum Dr,,Rear End,2,Clear,Dry,Daylight
2024-01-24T12:58:00.000,I 16,I 16 and Coliseum Dr,,Sideswipe-Same Direction,2,Cloudy,Dry,Daylight
2024-04-16T12:28:00.000,I 16,I 16 and Chatham Pkwy Rp,,Angle Crash,2,Clear,Dry,Daylight
2023-06-26T16:59:00.000,I 16,I 16 and Chatham Pkwy On Rp,,Rear End,2,Clear,Dry,Daylight
2022-04-07T17:08:00.000,I 16,I 16 and Chatham Pkwy Exit,,Rear End,2,Clear,Dry,Dusk
2021-04-22T16:08:00.000,I 16,I 16 and Chatham Pkwy,,Rear End,2,Clear,Dry,Daylight
2021-01-07T07:17:00.000,I 16,I 16 and Chatham Pkwy,,Rear End,6,Cloudy,Dry,Daylight
2021-12-08T17:52:00.000,I 16,I 16 and Chatham Pkwy,,Rear End,2,Clear,Dry,Dark-Not Lighted
2021-11-27T01:17:00.000,I 16,I 16 and Chatham Pkwy,,Sideswipe-Same Direction,2,Clear,Dry,Dark-Not Lighted
2021-10-22T14:39:00.000,I 16,I 16 and Chatham Pkwy,,Rear End,2,Clear,Dry,Daylight
2021-06-22T16:42:00.000,I 16,I 16 and Chatham Pkwy,,Rear End,2,Cloudy,Dry,Daylight
2021-06-15T13:08:00.000,I 16,I 16 and Chatham Pkwy,,Rear End,2,Clear,Dry,Daylight
2021-04-04T18:47:00.000,I 16,I 16 and Chatham Pkwy,,Not a Collision with Motor Vehicle,1,Clear,Dry,Daylight
2021-06-27T18:59:00.000,I 16,I 16 and Chatham Pkwy,,Rear End,2,Clear,Dry,Daylight
2021-10-31T19:49:00.000,I 16,I 16 and Chatham Pkwy,,Rear End,3,Clear,Dry,Dark-Lighted
2021-12-15T12:07:00.000,I 16,I 16 and Chatham Pkwy,,Sideswipe-Same Direction,2,Clear,Dry,Daylight
2021-08-27T20:38:00.000,I 16,I 16 and Chatham Pkwy,,Rear End,2,Clear,Dry,Dark-Lighted
2021-09-11T18:03:00.000,I 16,I 16 and Chatham Pkwy,,Not a Collision with Motor Vehicle,1,Clear,Dry,Daylight
2021-08-13T20:46:00.000,I 16,I 16 and Chatham Pkwy,,Angle Crash,2,Clear,Dry,Dark-Not Lighted
2021-09-25T15:00:00.000,I 16,I 16 and Chatham Pkwy,,Not a Collision with Motor Vehicle,1,Clear,Dry,Daylight
2021-10-12T17:02:00.000,I 16,I 16 and Chatham Pkwy,,Rear End,2,Clear,Dry,Daylight
2021-11-29T22:36:00.000,I 16,I 16 and Chatham Pkwy,,Not a Collision with Motor Vehicle,1,Clear,Dry,Dark-Not Lighted
2021-05-08T19:29:00.000,I 16,I 16 and Chatham Pkwy,,Rear End,2,Clear,Dry,Daylight
2021-04-01T15:11:00.000,I 16,I 16 and Chatham Pkwy,,Not a Collision with Motor Vehicle,1,Clear,Dry,Daylight
2021-04-04T17:05:00.000,I 16,I 16 and Chatham Pkwy,,Rear End,2,Clear,Dry,Daylight
2021-06-15T13:24:00.000,I 16,I 16 and Chatham Pkwy,,Rear End,2,Clear,Dry,Daylight
2021-01-26T17:25:00.000,I 16,I 16 and Chatham Pkwy,,Rear End,3,Clear,Dry,Dawn
2021-08-10T20:37:00.000,I 16,I 16 and Chatham Pkwy,,Rear End,3,Clear,Dry,Dark-Not Lighted
2021-11-11T14:57:00.000,I 16,I 16 and Chatham Pkwy,,Rear End,2,Clear,Dry,Daylight
2021-03-29T18:20:00.000,I 16,I 16 and Chatham Pkwy,,Not a Collision with Motor Vehicle,1,Clear,Dry,Daylight
2021-03-22T12:45:00.000,I 16,I 16 and Chatham Pkwy,,Rear End,2,Clear,Dry,Daylight
2020-06-17T08:42:00.000,I 16,I 16 and Chatham Pkwy,,Rear End,2,Clear,Dry,Daylight
2020-03-09T15:47:00.000,I 16,I 16 and Chatham Pkwy,,Rear End,3,Clear,Dry,Daylight
2020-12-07T17:00:00.000,I 16,I 16 and Chatham Pkwy,,Not a Collision with Motor Vehicle,1,Clear,Dry,Dusk