Date and Time,Roadway (From Crash Report),Intersection Name (from Crash Report),KABCO Severity,Manner of Collision (Crash Level) ,# of Vehicles per crash ,Weather Conditions (Crash Level),Surface Condition (Crash Level) ,Light Conditions (Crash Level)
2023-08-14T08:35:00.000,I 16,I 16 and Chatham Pkwy,,Rear End,2,Clear,Dry,Daylight
2023-06-30T14:40:00.000,I 16,I 16 and Chatham Pkwy,,Rear End,2,Clear,Dry,Daylight
2023-01-12T16:21:00.000,I 16,I 16 and Chatham Pkwy,,Sideswipe-Same Direction,2,Clear,Dry,Daylight
2023-12-07T08:20:00.000,I 16,I 16 and Chatham Pkwy,,Rear End,2,Clear,Dry,Daylight
2023-11-06T12:48:00.000,I 16,I 16 and Chatham Pkwy,,Sideswipe-Same Direction,2,Clear,Dry,Daylight
2023-09-25T08:55:00.000,I 16,I 16 and Chatham Pkwy,,Sideswipe-Same Direction,2,Clear,Dry,Daylight
2023-07-24T16:00:00.000,I 16,I 16 and Chatham Pkwy,,Angle Crash,2,Clear,Dry,Daylight
2023-10-31T20:15:00.000,I 16,I 16 and Chatham Pkwy,,Rear End,2,Rain,Wet,Dark-Not Lighted
2023-01-28T07:53:00.000,I 16,I 16 and Chatham Pkwy,,Rear End,2,Clear,Dry,Daylight
2023-10-25T05:41:00.000,I 16,I 16 and Chatham Pkwy,,Not a Collision with Motor Vehicle,1,Clear,Dry,Dark-Not Lighted
2023-01-26T07:35:00.000,I 16,I 16 and Chatham Pkwy,,Rear End,3,Clear,Dry,Daylight
2023-01-19T11:13:00.000,I 16,I 16 and Chatham Pkwy,,Angle Crash,2,Clear,Dry,Daylight
2023-01-06T16:23:00.000,I 16,I 16 and Chatham Pkwy,,Rear End,2,Clear,Dry,Daylight
2023-04-29T07:40:00.000,I 16,I 16 and Chatham Pkwy,,Not a Collision with Motor Vehicle,1,Cloudy,Dry,Daylight
2023-02-22T09:40:00.000,I 16,I 16 and Chatham Pkwy,,Not a Collision with Motor Vehicle,2,Clear,Dry,Daylight
2023-05-07T00:38:00.000,I 16,I 16 and Chatham Pkwy,,Sideswipe-Same Direction,2,Clear,Dry,Dark-Not Lighted
2023-03-25T14:22:00.000,I 16,I 16 and Chatham Pkwy,,Rear End,2,Clear,Dry,Daylight
2023-02-01T13:28:00.000,I 16,I 16 and Chatham Pkwy,,Rear End,2,Clear,Dry,Daylight
2022-03-04T15:11:00.000,I 16,I 16 and Chatham Pkwy,,Not a Collision with Motor Vehicle,1,Clear,Dry,Daylight
2022-06-13T15:12:00.000,I 16,I 16 and Chatham Pkwy,,Rear End,2,Clear,Dry,Daylight
2022-05-22T13:37:00.000,I 16,I 16 and Chatham Pkwy,,Angle Crash,2,Rain,Water (standing or moving),Daylight
2022-02-17T17:27:00.000,I 16,I 16 and Chatham Pkwy,,Rear End,2,Clear,Dry,Daylight
2022-08-31T15:00:00.000,I 16,I 16 and Chatham Pkwy,,Rear End,2,Clear,Dry,Daylight
2023-03-24T09:06:00.000,I 16,I 16 and Chatham Pkwy,,Rear End,2,Clear,Dry,Daylight
2023-01-03T15:30:00.000,I 16,I 16 and Chatham Pkwy,,Rear End,3,Clear,Dry,Daylight
2020-09-15T18:10:00.000,I 16,I 16 and Chatham Pkwy,,Rear End,2,Clear,Dry,Daylight
2020-09-02T14:27:00.000,I 16,I 16 and Chatham Pkwy,,Rear End,2,Clear,Dry,Daylight
2020-08-27T16:39:00.000,I 16,I 16 and Chatham Pkwy,,Rear End,2,Clear,Dry,Daylight
2020-05-03T19:51:00.000,I 16,I 16 and Chatham Pkwy,,Sideswipe-Same Direction,2,Clear,Dry,Dusk
2020-09-09T07:44:00.000,I 16,I 16 and Chatham Pkwy,,Rear End,2,Cloudy,Dry,Daylight
2020-12-30T07:00:00.000,I 16,I 16 and Chatham Pkwy,,Rear End,2,Clear,Dry,Daylight
2020-11-29T13:19:00.000,I 16,I 16 and Chatham Pkwy,,Rear End,2,Cloudy,Dry,Daylight
2020-02-08T21:50:00.000,I 16,I 16 and Chatham Pkwy,,Rear End,3,Clear,Dry,Dusk
2020-09-25T06:32:00.000,I 16,I 16 and Chatham Pkwy,,Rear End,2,Rain,Wet,Dawn
2020-04-03T06:16:00.000,I 16,I 16 and Chatham Pkwy,,Rear End,2,Clear,Dry,Dark-Lighted
2020-12-21T17:17:00.000,I 16,I 16 and Chatham Pkwy,,Rear End,2,Cloudy,Dry,Daylight
2020-05-25T22:53:00.000,I 16,I 16 and Chatham Pkwy,,Sideswipe-Same Direction,2,Clear,Dry,Dark-Not Lighted
2020-07-18T13:18:00.000,I 16,I 16 and Chatham Pkwy,,Rear End,2,Clear,Dry,Daylight
2020-04-06T10:40:00.000,I 16,I 16 and Chatham Pkwy,,Not a Collision with Motor Vehicle,1,Clear,Dry,Daylight
2020-10-28T15:04:00.000,I 16,I 16 and Chatham Pkwy,,Rear End,2,Clear,Dry,Daylight
2020-09-24T16:20:00.000,I 16,I 16 and Chatham Pkwy,,Rear End,2,Clear,Dry,Daylight
2020-06-29T13:34:00.000,I 16,I 16 and Chatham Pkwy,,Rear End,2,Clear,Dry,Daylight
2020-03-30T13:31:00.000,I 16,I 16 and Chatham Pkwy,,Not a Collision with Motor Vehicle,1,Clear,Dry,Daylight
2020-09-04T15:48:00.000,I 16,I 16 and Chatham Pkwy,,Angle Crash,2,Clear,Dry,Daylight
2020-03-06T17:34:00.000,I 16,I 16 and Chatham Pkwy,,Rear End,3,Clear,Dry,Daylight
2020-07-09T07:31:00.000,I 16,I 16 and Chatham Pkwy,,Rear End,2,Clear,Dry,Daylight
2020-01-04T19:52:00.000,I 16,I 16 and Chatham Pkwy,,Rear End,2,Clear,Dry,Dark-Not Lighted
2020-05-23T04:54:00.000,I 16,I 16 and Chatham Pkwy,,Not a Collision with Motor Vehicle,1,Cloudy,Dry,Dark-Not Lighted
2020-02-06T08:22:00.000,I 16,I 16 and Chatham Pkwy,,Rear End,2,Cloudy,Dry,Daylight
2020-01-13T18:45:00.000,I 16,I 16 and Chatham Pkwy,,Not a Collision with Motor Vehicle,1,Clear,Dry,Dark-Not Lighted
2020-06-05T17:00:00.000,I 16,I 16 and Chatham Pkwy,,Rear End,3,Clear,Dry,Daylight
2020-07-02T17:30:00.000,I 16,I 16 and Chatham Pkwy,,Rear End,2,Rain,Wet,Daylight
2020-10-15T10:22:00.000,I 16,I 16 and Chatham Pkwy,,Rear End,2,Clear,Dry,Daylight
2020-03-11T18:20:00.000,I 16,I 16 and Chatham Pkwy,,Rear End,2,Clear,Dry,Daylight
2020-01-09T15:10:00.000,I 16,I 16 and Chatham Pkwy,,Angle Crash,2,Clear,Dry,Daylight
2020-11-12T13:00:00.000,I 16,I 16 and Chatham Pkwy,,Not a Collision with Motor Vehicle,1,Rain,Wet,Daylight
2020-09-02T08:05:00.000,I 16,I 16 and Chatham Pkwy,,Rear End,2,Clear,Dry,Daylight
2020-11-03T08:16:00.000,I 16,I 16 and Chatham Pkwy,,Rear End,2,Clear,Dry,Daylight
2020-11-19T09:50:00.000,I 16,I 16 and Chatham Pkwy,,Rear End,2,Clear,Dry,Daylight
2021-04-06T16:44:00.000,I 16,I 16 and Chatham Pkwy,,Rear End,2,Clear,Dry,Daylight
2021-03-17T00:00:00.000,I 16,I 16 and Chatham Pkwy,,Rear End,2,Cloudy,Dry,Daylight
2021-01-08T10:56:00.000,I 16,I 16 and Chatham Pkwy,,Rear End,2,Rain,Wet,Daylight
2021-01-21T14:33:00.000,I 16,I 16 and Chatham Pkwy,,Rear End,2,Cloudy,Dry,Daylight
2021-03-26T02:00:00.000,I 16,I 16 and Chatham Pkwy,,Not a Collision with Motor Vehicle,1,Clear,Dry,Dark-Not Lighted
2021-05-08T17:56:00.000,I 16,I 16 and Chatham Pkwy,,Rear End,3,Clear,Dry,Daylight
2021-04-23T17:51:00.000,I 16,I 16 and Chatham Pkwy,,Rear End,2,Clear,Dry,Daylight
2021-05-19T15:47:00.000,I 16,I 16 and Chatham Pkwy,,Rear End,3,Rain,Wet,Daylight
2021-11-25T22:50:00.000,I 16,I 16 and Chatham Pkwy,,Angle Crash,3,Clear,Dry,Dark-Not Lighted
2021-12-02T13:00:00.000,I 16,I 16 and Chatham Pkwy,,Rear End,2,Clear,Dry,Daylight
2021-09-16T16:33:00.000,I 16,I 16 and Chatham Pkwy,,Rear End,2,Cloudy,Wet,Dark-Lighted
2021-09-03T15:30:00.000,I 16,I 16 and Chatham Pkwy,,Not a Collision with Motor Vehicle,1,Clear,Dry,Daylight
2021-11-19T13:27:00.000,I 16,I 16 and Chatham Pkwy,,Rear End,2,Clear,Dry,Daylight
2021-12-28T16:20:00.000,I 16,I 16 and Chatham Pkwy,,Rear End,4,Clear,Dry,Dawn
2021-11-27T01:17:00.000,I 16,I 16 and Chatham Pkwy,,Sideswipe-Same Direction,2,Clear,Dry,Dark-Not Lighted
2021-10-17T11:12:00.000,I 16,I 16 and Chatham Pkwy,,Rear End,2,Clear,Dry,Daylight
2021-09-20T12:04:00.000,I 16,I 16 and Chatham Pkwy,,Not a Collision with Motor Vehicle,1,Rain,Wet,Daylight
2021-12-28T18:02:00.000,I 16,I 16 and Chatham Pkwy,,Sideswipe-Same Direction,2,Clear,Dry,Dark-Lighted
2021-09-11T19:20:00.000,I 16,I 16 and Chatham Pkwy,,Sideswipe-Same Direction,2,Clear,Dry,Daylight
2022-04-11T00:00:00.000,I 16,I 16 and Chatham Pkwy,,Rear End,2,Clear,Dry,Daylight
2022-01-18T12:51:00.000,I 16,I 16 and Chatham Pkwy,,Sideswipe-Same Direction,2,Clear,Dry,Daylight
2022-03-17T17:30:00.000,I 16,I 16 and Chatham Pkwy,,Rear End,3,Clear,Dry,Daylight
2022-04-20T17:52:00.000,I 16,I 16 and Chatham Pkwy,,Rear End,3,Clear,Dry,Dusk
2022-07-19T21:38:00.000,I 16,I 16 and Chatham Pkwy,,Sideswipe-Same Direction,2,Clear,Dry,Dark-Not Lighted
2022-10-06T13:29:00.000,I 16,I 16 and Chatham Pkwy,,Sideswipe-Same Direction,2,Clear,Dry,Daylight
2022-07-27T16:39:00.000,I 16,I 16 and Chatham Pkwy,,Rear End,2,Clear,Dry,Daylight
2021-08-19T18:15:00.000,I 16,I 16 and Chatham Pkwy,,Not a Collision with Motor Vehicle,1,Cloudy,Dry,Daylight
2022-03-23T17:12:00.000,I 16,I 16 and Chatham Pkwy,,Angle Crash,2,Rain,Wet,Daylight
2022-11-14T12:45:00.000,I 16,I 16 and Chatham Pkwy,,Rear End,2,Cloudy,Dry,Daylight
2022-02-01T13:00:00.000,I 16,I 16 and Chatham Pkwy,,Sideswipe-Same Direction,2,Clear,Dry,Daylight
2022-09-28T15:27:00.000,I 16,I 16 and Chatham Pkwy,,Rear End,4,Clear,Dry,Daylight
2022-02-07T17:11:00.000,I 16,I 16 and Chatham Pkwy,,Rear End,2,Clear,Dry,Daylight
2022-10-23T05:39:00.000,I 16,I 16 and Chatham Pkwy,,Rear End,2,Clear,Dry,Dark-Not Lighted
2022-03-18T09:15:00.000,I 16,I 16 and Chatham Pkwy,,Not a Collision with Motor Vehicle,1,Clear,Dry,Daylight
2022-07-11T08:35:00.000,I 16,I 16 and Chatham Pkwy,,Rear End,2,Clear,Dry,Dawn
2022-10-12T16:48:00.000,I 16,I 16 and Chatham Pkwy,,Rear End,2,Cloudy,Dry,Daylight
2022-04-06T14:09:00.000,I 16,I 16 and Chatham Pkwy,,Sideswipe-Same Direction,3,Clear,Dry,Daylight
2022-03-10T17:13:00.000,I 16,I 16 and Chatham Pkwy,,Rear End,2,Cloudy,Dry,Daylight
2022-02-01T10:41:00.000,I 16,I 16 and Chatham Pkwy,,Rear End,3,Clear,Dry,Daylight
2022-11-21T22:17:00.000,I 16,I 16 and Chatham Pkwy,,Rear End,2,Clear,Dry,Dark-Lighted
2022-04-20T16:23:00.000,I 16,I 16 and Chatham Pkwy,,Rear End,3,Clear,Dry,Daylight
2022-10-05T00:00:00.000,I 16,I 16 and Chatham Pkwy,,Angle Crash,2,Clear,Dry,Dark-Not Lighted
2022-09-19T16:51:00.000,I 16,I 16 and Chatham Pkwy,,Rear End,2,Clear,Dry,Daylight
2022-03-12T19:56:00.000,I 16,I 16 and Chatham Pkwy,,Rear End,3,Clear,Dry,Dark-Lighted
2022-09-09T16:59:00.000,I 16,I 16 and Chatham Pkwy,,Not a Collision with Motor Vehicle,1,Rain,Wet,Dark-Lighted
2022-10-27T12:06:00.000,I 16,I 16 and Chatham Pkwy,,Not a Collision with Motor Vehicle,1,Clear,Dry,Daylight
2022-03-15T22:32:00.000,I 16,I 16 and Chatham Pkwy,,Angle Crash,2,Rain,Wet,Dark-Not Lighted
2022-03-21T15:00:00.000,I 16,I 16 and Chatham Pkwy,,Rear End,2,Clear,Dry,Daylight
2022-05-16T10:06:00.000,I 16,I 16 and Chatham Pkwy,,Head On,2,Clear,Dry,Daylight
2022-11-07T18:25:00.000,I 16,I 16 and Chatham Pkwy,,Angle Crash,2,Clear,Dry,Dark-Not Lighted
2022-01-29T08:27:00.000,I 16,I 16 and Chatham Pkwy,,Rear End,2,Clear,Dry,Daylight
2022-10-27T07:46:00.000,I 16,I 16 and Chatham Pkwy,,Rear End,2,Clear,Dry,Daylight
2022-06-29T08:25:00.000,I 16,I 16 and Chatham Pkwy,,Rear End,2,Clear,Dry,Daylight
2022-03-11T07:39:00.000,I 16,I 16 and Chatham Pkwy,,Rear End,2,Cloudy,Dry,Daylight
2022-04-28T17:04:00.000,I 16,I 16 and Chatham Pkwy,,Sideswipe-Same Direction,2,Clear,Dry,Daylight
2022-05-22T14:24:00.000,I 16,I 16 and Chatham Pkwy,,Not a Collision with Motor Vehicle,1,Rain,Water (standing or moving),Daylight
2022-07-11T17:37:00.000,I 16,I 16 and Chatham Pkwy,,Rear End,2,Severe Thunderstorm or Tornadic,Water (standing or moving),Daylight
2022-07-15T22:11:00.000,I 16,I 16 and Chatham Pkwy,,Rear End,2,Clear,Dry,Dark-Not Lighted
2022-11-06T01:49:00.000,I 16,I 16 and Chatham Pkwy,,Not a Collision with Motor Vehicle,1,Cloudy,Wet,Dark-Not Lighted
2022-01-19T16:00:00.000,I 16,I 16 and Chatham Pkwy,,Rear End,3,Clear,Dry,Daylight
2022-02-25T17:43:00.000,I 16,I 16 and Chatham Pkwy,,Rear End,2,Clear,Dry,Daylight
2022-06-02T10:20:00.000,I 16,I 16 and Chatham Pkwy,,Rear End,2,Clear,Dry,Daylight
2022-07-11T15:56:00.000,I 16,I 16 and Chatham Pkwy,,Sideswipe-Same Direction,2,Clear,Dry,Daylight
2022-09-13T13:54:00.000,I 16,I 16 and Chatham Pkwy,,Rear End,2,Clear,Dry,Daylight
2023-11-27T16:00:00.000,I 16,I 16 and Chatham Pkwy,,Rear End,2,Clear,Dry,Dark-Not Lighted
2023-01-17T09:55:00.000,I 16,I 16 and Chatham Pkwy,,Rear End,2,Clear,Dry,Daylight
2023-09-27T16:56:00.000,I 16,I 16 and Chatham Pkwy,,Rear End,2,Clear,Dry,Daylight
2024-04-15T10:11:00.000,I 16,I 16 and Chatham Pkwy,,Rear End,2,Clear,Dry,Daylight
2024-09-21T18:30:00.000,I 16,I 16 and Chatham Pkwy,,Rear End,2,Clear,Dry,Dark-Not Lighted
2024-10-22T17:40:00.000,I 16,I 16 and Chatham Pkwy,,Rear End,3,Clear,Dry,Daylight
2024-09-23T12:37:00.000,I 16,I 16 and Chatham Pkwy,,Sideswipe-Same Direction,2,Clear,Dry,Daylight
2024-04-03T13:04:00.000,I 16,I 16 and Chatham Pkwy,,Rear End,2,Rain,Wet,Daylight
2024-12-09T10:03:00.000,I 16,I 16 and Chatham Pkwy,,Rear End,2,Clear,Dry,Daylight
2024-05-27T18:50:00.000,I 16,I 16 and Chatham Pkwy,,Not a Collision with Motor Vehicle,1,Clear,Dry,Daylight
2024-07-21T00:05:00.000,I 16,I 16 and Chatham Pkwy,,Rear End,2,Rain,Wet,Dark-Not Lighted
2024-01-10T18:28:00.000,I 16,I 16 and Chatham Pkwy,,Rear End,3,Clear,Dry,Dark-Not Lighted
2024-04-19T16:16:00.000,I 16,I 16 and Chatham Pkwy,,Rear End,2,Clear,Dry,Daylight
2024-12-18T06:52:00.000,I 16,I 16 and Chatham Pkwy,,Rear End,2,Clear,Dry,Dark-Lighted
2024-10-22T09:32:00.000,I 16,I 16 and Chatham Pkwy,,Rear End,2,Clear,Dry,Daylight
2024-08-23T14:40:00.000,I 16,I 16 and Chatham Pkwy,,Angle Crash,2,Clear,Dry,Daylight
2024-04-22T15:11:00.000,I 16,I 16 and Chatham Pkwy,,Not a Collision with Motor Vehicle,1,Clear,Dry,Daylight
2023-02-01T10:41:00.000,I 16,I 16 and Chatham Pkwy,,Rear End,4,Clear,Dry,Daylight
2023-01-19T10:45:00.000,I 16,I 16 and Chatham Pkwy,,Rear End,3,Clear,Dry,Daylight
2024-05-17T08:10:00.000,I 16,I 16 and Chatham Pkwy,,Rear End,2,Clear,Dry,Daylight
2023-12-18T03:57:00.000,I 16,I 16 and Chatham Pkwy,,Not a Collision with Motor Vehicle,1,Clear,Mud,Daylight
2023-07-06T09:29:00.000,I 16,I 16 and Chatham Pkwy,,Rear End,2,Clear,Dry,Daylight
2023-12-12T08:29:00.000,I 16,I 16 and Chatham Pkwy,,Angle Crash,2,Clear,Dry,Daylight
2023-06-27T07:30:00.000,I 16,I 16 and Chatham Pkwy,,Rear End,2,Clear,Dry,Daylight
2023-03-29T17:00:00.000,I 16,I 16 and Chatham Pkwy,,Rear End,2,Clear,Dry,Daylight
2023-12-16T13:23:00.000,I 16,I 16 and Chatham Pkwy,,Rear End,2,Clear,Dry,Daylight
2023-07-30T11:45:00.000,I 16,I 16 and Chatham Pkwy,,Not a Collision with Motor Vehicle,1,Clear,Dry,Daylight
2023-05-02T17:40:00.000,I 16,I 16 and Chatham Pkwy,,Rear End,2,Clear,Dry,Daylight
2023-03-26T17:00:00.000,I 16,I 16 and Chatham Pkwy,,Angle Crash,2,Rain,Wet,Daylight
2023-07-31T00:26:00.000,I 16,I 16 and Chatham Pkwy,,Not a Collision with Motor Vehicle,1,Clear,Dry,Dark-Not Lighted
2023-01-13T15:51:00.000,I 16,I 16 and Chatham Pkwy,,Rear End,2,Clear,Dry,Daylight
2024-01-10T18:28:00.000,I 16,I 16 and Chatham Pkwy,,Sideswipe-Same Direction,2,Clear,Dry,Dark-Not Lighted
2024-05-03T15:40:00.000,I 16,I 16 and Chatham Pkwy,,Rear End,2,Clear,Dry,Daylight
2024-04-02T16:34:00.000,I 16,I 16 and Chatham Pkwy,,Not a Collision with Motor Vehicle,1,Clear,Dry,Daylight
2024-03-11T21:50:00.000,I 16,I 16 and Chatham Pkwy,,Not a Collision with Motor Vehicle,1,Clear,Dry,Dark-Lighted
2024-10-16T14:02:00.000,I 16,I 16 and Chatham Pkwy,,Sideswipe-Same Direction,2,Clear,Dry,Daylight
2024-05-06T17:25:00.000,I 16,I 16 and Chatham Pkwy,,Rear End,2,Clear,Dry,Daylight
2024-04-10T22:46:00.000,I 16,I 16 and Chatham Pkwy,,Rear End,2,Clear,Dry,Dark-Not Lighted
2024-09-05T06:50:00.000,I 16,I 16 and Chatham Pkwy,,Sideswipe-Same Direction,2,Cloudy,Dry,Dawn
2024-09-06T20:22:00.000,I 16,I 16 and Chatham Pkwy,,Not a Collision with Motor Vehicle,1,Rain,Water (standing or moving),Dark-Not Lighted
2024-06-24T17:52:00.000,I 16,I 16 and Chatham Pkwy,,Rear End,2,Clear,Dry,Daylight
2024-07-11T15:26:00.000,I 16,I 16 and Chatham Pkwy,,Not a Collision with Motor Vehicle,2,Clear,Dry,Daylight
2024-08-16T09:20:00.000,I 16,I 16 and Chatham Pkwy,,Rear End,2,Clear,Dry,Daylight
2024-11-20T15:37:00.000,I 16,I 16 and Chatham Pkwy,,Angle Crash,2,Clear,Dry,Daylight
2024-01-10T18:28:00.000,I 16,I 16 and Chatham Pkwy,,Rear End,3,Clear,Dry,Dark-Not Lighted
2024-04-09T12:40:00.000,I 16,I 16 and Chatham Pkwy,,Rear End,2,Clear,Dry,Daylight
2024-02-02T13:50:00.000,I 16,I 16 and Chatham Pkwy,,Rear End,2,Clear,Dry,Daylight
2024-10-09T16:50:00.000,I 16,I 16 and Chatham Pkwy,,Rear End,2,Cloudy,Dry,Daylight
2024-07-11T16:42:00.000,I 16,I 16 and Chatham Pkwy,,Rear End,4,Clear,Dry,Daylight
2024-06-16T03:24:00.000,I 16,I 16 and Chatham Pkwy,,Not a Collision with Motor Vehicle,1,Clear,Dry,Dark-Not Lighted
2024-12-24T14:00:00.000,I 16,I 16 and Chatham Pkwy,,Not a Collision with Motor Vehicle,1,Clear,Dry,Daylight
2024-01-11T15:08:00.000,I 16,I 16 and Chatham Pkwy,,Rear End,2,Clear,Dry,Daylight
2024-03-03T02:10:00.000,I 16,I 16 and Chatham Parkway Rp,,Not a Collision with Motor Vehicle,1,Fog,Wet,Dark-Not Lighted
2024-05-23T13:03:00.000,I 16,I 16 and Chatham Parkway Onramp,,Sideswipe-Same Direction,2,Cloudy,Dry,Daylight
2020-09-07T11:43:00.000,I 16,I 16 and Chatham County Line,,Rear End,2,Cloudy,Dry,Daylight
2021-07-11T08:32:00.000,I 16,I 16 and Canoochee Road Opas,,Rear End,2,Clear,Dry,Daylight
2022-10-18T20:05:00.000,I 16,I 16 and Canoochee Rd,,Not a Collision with Motor Vehicle,1,Clear,Dry,Dark-Not Lighted
2022-08-07T12:00:00.000,I 16,I 16 and Canoochee Rd,,Not a Collision with Motor Vehicle,1,Rain,Wet,Daylight
2022-06-09T14:27:00.000,I 16,I 16 and Canoochee Rd,,Rear End,3,Rain,Wet,Daylight
2024-07-28T05:01:00.000,I 16,I 16 and Canoochee Rd,,Not a Collision with Motor Vehicle,1,Clear,Dry,Dark-Not Lighted
2023-03-17T22:57:00.000,I 16,I 16 and Canoochee Rd,,Not a Collision with Motor Vehicle,1,Rain,Wet,Dark-Not Lighted
2023-01-28T08:23:00.000,I 16,I 16 and Bunger Pit Rd,,Rear End,3,Clear,Dry,Daylight
2022-09-07T00:05:00.000,I 16,I 16 and Bunger Pit Rd,,Not a Collision with Motor Vehicle,3,Clear,Dry,Dark-Not Lighted
2022-04-22T02:14:00.000,I 16,I 16 and Bunger Pit Rd,,Rear End,2,Clear,Dry,Dark-Lighted
2024-02-16T11:52:00.000,I 16,I 16 and Bunger Pit Rd,,Rear End,3,Clear,Dry,Daylight
2024-08-18T00:00:00.000,I 16,I 16 and Bunger Pit Rd,,Rear End,2,Clear,Dry,Dark-Lighted
2024-12-11T07:39:00.000,I 16,I 16 and Bunger Pit Rd,,Rear End,2,Cloudy,Wet,Daylight
2024-02-13T08:47:00.000,I 16,I 16 and Bunger Pit Rd,,Rear End,3,Clear,Dry,Daylight
2021-03-03T03:37:00.000,I 16,I 16 and Bullard Rd Exit 12,,Sideswipe-Same Direction,2,Rain,Wet,Dark-Not Lighted
2021-05-08T11:23:00.000,I 16,I 16 and Bullard Rd,,Not a Collision with Motor Vehicle,1,Clear,Dry,Daylight
2021-11-26T12:07:00.000,I 16,I 16 and Bullard Rd,,Sideswipe-Same Direction,2,Clear,Dry,Daylight
2021-12-08T20:04:00.000,I 16,I 16 and Bullard Rd,,Sideswipe-Same Direction,2,Clear,Dry,Dark-Lighted
2021-01-05T14:59:00.000,I 16,I 16 and Bullard Rd,,Not a Collision with Motor Vehicle,3,Clear,Dry,Daylight
2021-07-23T13:18:00.000,I 16,I 16 and Bullard Rd,,Not a Collision with Motor Vehicle,1,Severe Thunderstorm or Tornadic,Wet,Daylight
2021-04-21T12:08:00.000,I 16,I 16 and Bullard Rd,,Not a Collision with Motor Vehicle,1,Clear,Dry,Daylight
2023-06-07T15:04:00.000,I 16,I 16 and Bullard Rd,,Rear End,2,Cloudy,Dry,Daylight
2023-06-12T12:47:00.000,I 16,I 16 and Bullard Rd,,Not a Collision with Motor Vehicle,1,Cloudy,Dry,Daylight
2023-12-07T17:20:00.000,I 16,I 16 and Bullard Rd,,Not a Collision with Motor Vehicle,1,Clear,Dry,Dark-Not Lighted
2023-02-23T03:00:00.000,I 16,I 16 and Bullard Rd,,Not a Collision with Motor Vehicle,1,Clear,Dry,Dark-Not Lighted
2020-04-09T07:30:00.000,I 16,I 16 and Bullard Rd,,Not a Collision with Motor Vehicle,1,(None),(None),(None)
2020-10-20T18:31:00.000,I 16,I 16 and Bullard Rd,,Sideswipe-Same Direction,2,Clear,Dry,Daylight
2020-12-30T08:28:00.000,I 16,I 16 and Bullard Rd,,Not a Collision with Motor Vehicle,1,Clear,Dry,Daylight
2020-12-03T17:21:00.000,I 16,I 16 and Bullard Rd,,Sideswipe-Same Direction,2,Clear,Dry,Daylight
2020-06-10T12:31:00.000,I 16,I 16 and Bullard Rd,,Rear End,2,Cloudy,Dry,Daylight
2020-02-04T22:46:00.000,I 16,I 16 and Bullard Rd,,Not a Collision with Motor Vehicle,1,Clear,Dry,Dark-Not Lighted
2021-01-30T07:42:00.000,I 16,I 16 and Bullard Rd,,Rear End,2,Clear,Dry,Daylight
2021-07-07T18:30:00.000,I 16,I 16 and Bullard Rd,,Not a Collision with Motor Vehicle,1,Rain,Wet,Daylight
2021-08-22T20:15:00.000,I 16,I 16 and Bullard Rd,,Not a Collision with Motor Vehicle,1,Rain,Wet,Dark-Not Lighted
2022-08-03T19:18:00.000,I 16,I 16 and Bullard Rd,,Angle Crash,1,Rain,Wet,Daylight
2022-06-27T17:55:00.000,I 16,I 16 and Bullard Rd,,Not a Collision with Motor Vehicle,1,Rain,Wet,Daylight
2022-12-26T07:58:00.000,I 16,I 16 and Bullard Rd,,Sideswipe-Same Direction,2,Clear,Dry,Daylight
2024-04-11T06:25:00.000,I 16,I 16 and Bullard Rd,,Not a Collision with Motor Vehicle,1,Clear,Wet,Dark-Not Lighted
2023-11-15T18:11:00.000,I 16,I 16 and Bullard Rd,,Head On,1,Cloudy,Dry,Dark-Not Lighted
2023-04-22T13:06:00.000,I 16,I 16 and Bullard Rd,,Not a Collision with Motor Vehicle,1,Clear,Dry,Daylight
2023-05-07T12:11:00.000,I 16,I 16 and Bullard Rd,,Not a Collision with Motor Vehicle,1,Clear,Dry,Daylight
2023-07-07T10:12:00.000,I 16,I 16 and Bullard Rd,,Not a Collision with Motor Vehicle,1,Clear,Dry,Daylight
2024-10-23T23:41:00.000,I 16,I 16 and Bullard Rd,,Not a Collision with Motor Vehicle,1,Clear,Dry,Dark-Not Lighted
2024-03-06T13:55:00.000,I 16,I 16 and Bullard Rd,,Not a Collision with Motor Vehicle,1,Rain,Wet,Daylight
2024-07-17T18:55:00.000,I 16,I 16 and Bullard Rd,,Not a Collision with Motor Vehicle,1,Rain,Wet,Daylight
2023-09-12T06:00:00.000,I 16,I 16 and Bullard,,Rear End,2,Clear,Dry,Dark-Not Lighted
2023-03-26T12:30:00.000,I 16,I 16 and Bullard,,Rear End,2,Rain,Wet,Daylight
2021-09-16T13:43:00.000,I 16,I 16 and Bryan County Line,,Sideswipe-Same Direction,2,Rain,Wet,Daylight
2023-07-19T11:10:00.000,I 16,I 16 and Bryan County Line,,Sideswipe-Same Direction,2,Clear,Dry,Daylight
2021-09-18T10:03:00.000,I 16,I 16 and Bryan County Line,,Not a Collision with Motor Vehicle,1,Clear,Dry,Daylight
2021-08-03T20:46:00.000,I 16,I 16 and Bryan County Line,,Not a Collision with Motor Vehicle,1,Rain,Wet,Dark-Not Lighted
2023-07-02T23:40:00.000,I 16,I 16 and Bryan County Line,,Not a Collision with Motor Vehicle,1,Clear,Dry,Dark-Not Lighted
2024-09-18T16:20:00.000,I 16,I 16 and Bryan County Line,,Sideswipe-Same Direction,2,Rain,Wet,Daylight
2021-02-19T22:57:00.000,I 16,I 16 and Bryan Bulloch County Line,,Not a Collision with Motor Vehicle,1,Clear,Dry,Dark-Not Lighted