Date and Time,Roadway (From Crash Report),Intersection Name (from Crash Report),KABCO Severity,Manner of Collision (Crash Level) ,# of Vehicles per crash ,Weather Conditions (Crash Level),Surface Condition (Crash Level) ,Light Conditions (Crash Level)
2023-03-30T16:27:00.000,I 16,I 16 and Blun Ave,,Rear End,2,Clear,Dry,Daylight
2021-10-30T04:12:00.000,I 16,I 16 and Blun Ave,,Rear End,2,Clear,Dry,Dark-Lighted
2023-01-28T11:17:00.000,I 16,I 16 and Bloomingdale Rd.,,Sideswipe-Same Direction,2,Clear,Dry,Daylight
2023-04-25T15:55:00.000,I 16,I 16 and Bloomingdale Rd Exit 152,,Rear End,2,Rain,Wet,Daylight
2024-07-12T21:40:00.000,I 16,I 16 and Bloomingdale Rd Exit 152,,Not a Collision with Motor Vehicle,1,Clear,Dry,Dark-Not Lighted
2021-12-15T19:19:00.000,I 16,I 16 and Bloomingdale Rd Exit,,Rear End,2,Clear,Dry,Dark-Lighted
2021-02-22T15:00:00.000,I 16,I 16 and Bloomingdale Rd,,Rear End,2,Cloudy,Wet,Daylight
2021-04-18T23:38:00.000,I 16,I 16 and Bloomingdale Rd,,Rear End,2,Clear,Dry,Dark-Not Lighted
2021-01-28T12:00:00.000,I 16,I 16 and Bloomingdale Rd,,Rear End,2,Clear,Dry,Daylight
2021-10-21T01:50:00.000,I 16,I 16 and Bloomingdale Rd,,Sideswipe-Same Direction,2,Clear,Dry,Dark-Not Lighted
2021-05-06T12:46:00.000,I 16,I 16 and Bloomingdale Rd,,Not a Collision with Motor Vehicle,1,Clear,Dry,Daylight
2021-04-24T12:00:00.000,I 16,I 16 and Bloomingdale Rd,,Not a Collision with Motor Vehicle,1,Rain,Wet,Daylight
2021-06-09T14:55:00.000,I 16,I 16 and Bloomingdale Rd,,Sideswipe-Same Direction,2,Cloudy,Dry,Daylight
2021-09-05T21:20:00.000,I 16,I 16 and Bloomingdale Rd,,Rear End,2,Clear,Dry,Dark-Not Lighted
2021-09-09T19:36:00.000,I 16,I 16 and Bloomingdale Rd,,Rear End,2,Cloudy,Dry,Dusk
2021-11-20T22:15:00.000,I 16,I 16 and Bloomingdale Rd,,Not a Collision with Motor Vehicle,1,Clear,Dry,Dark-Not Lighted
2021-10-10T02:54:00.000,I 16,I 16 and Bloomingdale Rd,,Not a Collision with Motor Vehicle,1,Clear,Dry,Dark-Not Lighted
2021-10-11T16:30:00.000,I 16,I 16 and Bloomingdale Rd,,Rear End,2,Cloudy,Dry,Daylight
2021-05-28T10:51:00.000,I 16,I 16 and Bloomingdale Rd,,Sideswipe-Same Direction,2,Clear,Dry,Daylight
2020-10-21T14:52:00.000,I 16,I 16 and Bloomingdale Rd,,Not a Collision with Motor Vehicle,1,Rain,Wet,Daylight
2023-03-30T16:25:00.000,I 16,I 16 and Bloomingdale Rd,,Rear End,2,Clear,Dry,Daylight
2023-07-10T08:43:00.000,I 16,I 16 and Bloomingdale Rd,,Sideswipe-Same Direction,2,Cloudy,Dry,Daylight
2020-03-06T08:33:00.000,I 16,I 16 and Bloomingdale Rd,,Rear End,2,Cloudy,Dry,Daylight
2020-03-23T19:20:00.000,I 16,I 16 and Bloomingdale Rd,,Angle Crash,3,Clear,Dry,Daylight
2020-07-27T08:15:00.000,I 16,I 16 and Bloomingdale Rd,,Sideswipe-Same Direction,2,Clear,Dry,Daylight
2020-10-20T06:37:00.000,I 16,I 16 and Bloomingdale Rd,,Rear End,2,Clear,Dry,Dark-Not Lighted
2020-04-06T13:41:00.000,I 16,I 16 and Bloomingdale Rd,,Rear End,2,Clear,Dry,Daylight
2020-11-19T17:22:00.000,I 16,I 16 and Bloomingdale Rd,,Not a Collision with Motor Vehicle,2,Clear,Dry,Dark-Not Lighted
2020-07-18T05:08:00.000,I 16,I 16 and Bloomingdale Rd,,Not a Collision with Motor Vehicle,1,Clear,Dry,Dark-Not Lighted
2020-07-17T13:00:00.000,I 16,I 16 and Bloomingdale Rd,,Rear End,2,Clear,Dry,Daylight
2020-09-04T14:06:00.000,I 16,I 16 and Bloomingdale Rd,,Rear End,2,Clear,Dry,Daylight
2020-01-27T06:18:00.000,I 16,I 16 and Bloomingdale Rd,,Not a Collision with Motor Vehicle,1,Clear,Wet,Dark-Not Lighted
2021-06-25T13:10:00.000,I 16,I 16 and Bloomingdale Rd,,Not a Collision with Motor Vehicle,2,Clear,Dry,Daylight
2021-10-14T08:30:00.000,I 16,I 16 and Bloomingdale Rd,,Not a Collision with Motor Vehicle,1,Clear,Dry,Daylight
2021-07-27T07:32:00.000,I 16,I 16 and Bloomingdale Rd,,Not a Collision with Motor Vehicle,1,Rain,Dry,Daylight
2022-04-07T15:21:00.000,I 16,I 16 and Bloomingdale Rd,,Sideswipe-Same Direction,2,Clear,Dry,Daylight
2022-02-24T16:20:00.000,I 16,I 16 and Bloomingdale Rd,,Angle Crash,2,Clear,Dry,Daylight
2022-12-17T14:05:00.000,I 16,I 16 and Bloomingdale Rd,,Not a Collision with Motor Vehicle,1,Clear,Dry,Daylight
2022-10-10T06:00:00.000,I 16,I 16 and Bloomingdale Rd,,Not a Collision with Motor Vehicle,1,Clear,Dry,Daylight
2021-09-06T16:52:00.000,I 16,I 16 and Bloomingdale Rd,,Rear End,2,Clear,Dry,Daylight
2022-07-08T17:40:00.000,I 16,I 16 and Bloomingdale Rd,,Rear End,2,Cloudy,Wet,Daylight
2022-10-13T17:50:00.000,I 16,I 16 and Bloomingdale Rd,,Not a Collision with Motor Vehicle,1,Clear,Dry,Daylight
2024-10-26T01:50:00.000,I 16,I 16 and Bloomingdale Rd,,Not a Collision with Motor Vehicle,1,Clear,Dry,Dark-Not Lighted
2024-10-29T06:48:00.000,I 16,I 16 and Bloomingdale Rd,,Rear End,4,Clear,Dry,Dark-Lighted
2024-09-18T15:25:00.000,I 16,I 16 and Bloomingdale Rd,,Rear End,4,Rain,Wet,Daylight
2024-05-16T16:00:00.000,I 16,I 16 and Bloomingdale Rd,,Sideswipe-Same Direction,2,Clear,Dry,Daylight
2023-01-30T12:13:00.000,I 16,I 16 and Bloomingdale Rd,,Not a Collision with Motor Vehicle,1,Rain,Wet,Dark-Not Lighted
2023-09-08T17:55:00.000,I 16,I 16 and Bloomingdale Rd,,Rear End,2,Clear,Dry,Daylight
2023-04-10T17:30:00.000,I 16,I 16 and Bloomingdale Rd,,Rear End,4,Clear,Dry,Daylight
2024-12-13T18:19:00.000,I 16,I 16 and Bloomingdale Rd,,Rear End,3,Clear,Dry,Dark-Not Lighted
2024-11-15T16:05:00.000,I 16,I 16 and Bloomingdale Rd,,Rear End,2,Clear,Dry,Daylight
2024-04-24T16:50:00.000,I 16,I 16 and Bloomingdale Rd,,Rear End,2,Clear,Dry,Daylight
2023-07-29T18:29:00.000,I 16,I 16 and Bloomingdale City Limits,,Rear End,3,Cloudy,Dry,Daylight
2024-10-16T01:52:00.000,I 16,I 16 and Bloomingdale City Limits,,Not a Collision with Motor Vehicle,1,Clear,Dry,Dark-Not Lighted
2024-11-18T08:30:00.000,I 16,I 16 and Bloomingdale,,Rear End,2,Clear,Dry,Daylight
2021-01-14T07:40:00.000,I 16,I 16 and Bloomindale Rd,,Not a Collision with Motor Vehicle,1,Clear,Dry,Daylight
2023-06-08T19:43:00.000,I 16,I 16 and Bloomimgdale Rd,,Not a Collision with Motor Vehicle,1,Rain,Wet,Dusk
2021-08-03T22:52:00.000,I 16,I 16 and Blomingdale Rd,,Not a Collision with Motor Vehicle,1,Rain,Wet,Dark-Not Lighted
2020-12-11T11:10:00.000,I 16,I 16 and Bleckley County Line,,Not a Collision with Motor Vehicle,1,Clear,Dry,Daylight
2021-05-07T16:02:00.000,I 16,I 16 and Bibb County Line,,Not a Collision with Motor Vehicle,1,Clear,Dry,Daylight
2022-05-28T16:04:00.000,I 16,I 16 and Between Mile Marker 90 And 91,,Not a Collision with Motor Vehicle,2,Clear,Dry,Daylight
2022-01-31T16:45:00.000,I 16,I 16 and Before 162,,Rear End,2,Clear,Dry,Daylight
2021-02-07T03:23:00.000,I 16,I 16 and Atlantic Coastal Hwy,,Not a Collision with Motor Vehicle,1,Clear,Wet,Dark-Lighted
2021-01-06T12:30:00.000,I 16,I 16 and Ash Branch Church Road Overpas,,Rear End,2,Clear,Dry,Daylight
2021-03-20T14:03:00.000,I 16,I 16 and Ash Branch Church Rd,,Sideswipe-Same Direction,2,Cloudy,Dry,Daylight
2021-06-03T13:45:00.000,I 16,I 16 and Ash Branch Church Rd,,Rear End,2,Rain,Wet,Daylight
2023-07-10T20:00:00.000,I 16,I 16 and Ash Branch Church Rd,,Sideswipe-Same Direction,2,Cloudy,Dry,Dusk
2023-10-28T10:47:00.000,I 16,I 16 and Ash Branch Church Rd,,Sideswipe-Same Direction,2,Clear,Dry,Daylight
2022-10-30T01:36:00.000,I 16,I 16 and Ash Branch Church Rd,,Not a Collision with Motor Vehicle,1,Rain,Wet,Dark-Not Lighted
2021-01-07T16:00:00.000,I 16,I 16 and Ash Branch Church Rd,,Sideswipe-Same Direction,3,Cloudy,Dry,Daylight
2021-04-26T08:43:00.000,I 16,I 16 and Ash Branch Church Rd,,Not a Collision with Motor Vehicle,1,Clear,Dry,Daylight
2021-03-13T09:45:00.000,I 16,I 16 and Ash Branch Church Rd,,Not a Collision with Motor Vehicle,1,Clear,Dry,Daylight
2021-11-28T05:20:00.000,I 16,I 16 and Ash Branch Church Rd,,Rear End,2,Clear,Dry,Dark-Not Lighted
2021-09-25T20:27:00.000,I 16,I 16 and Ash Branch Church Rd,,Rear End,2,Clear,Dry,Dark-Not Lighted
2021-12-19T03:35:00.000,I 16,I 16 and Ash Branch Church Rd,,Not a Collision with Motor Vehicle,1,Cloudy,Dry,Dark-Not Lighted
2022-07-02T19:33:00.000,I 16,I 16 and Ash Branch Church Rd,,Not a Collision with Motor Vehicle,1,Rain,Wet,Daylight
2022-04-05T18:48:00.000,I 16,I 16 and Ash Branch Church Rd,,Not a Collision with Motor Vehicle,1,Rain,Wet,Daylight
2022-10-06T08:15:00.000,I 16,I 16 and Ash Branch Church Rd,,Sideswipe-Same Direction,2,Clear,Dry,Daylight
2022-09-11T01:02:00.000,I 16,I 16 and Ash Branch Church Rd,,Not a Collision with Motor Vehicle,1,Cloudy,Dry,Dark-Not Lighted
2022-05-24T16:34:00.000,I 16,I 16 and Ash Branch Church Rd,,Not a Collision with Motor Vehicle,1,Rain,Wet,Daylight
2022-05-30T00:00:00.000,I 16,I 16 and Ash Branch Church Rd,,Not a Collision with Motor Vehicle,1,Clear,Dry,Dark-Not Lighted
2022-10-03T10:45:00.000,I 16,I 16 and Ash Branch Church Rd,,Rear End,3,Cloudy,Dry,Daylight
2022-10-01T22:11:00.000,I 16,I 16 and Ash Branch Church Rd,,Not a Collision with Motor Vehicle,1,Clear,Dry,Dark-Not Lighted
2023-08-28T12:11:00.000,I 16,I 16 and Ash Branch Church Rd,,Rear End,2,Cloudy,Dry,Daylight
2024-11-01T08:50:00.000,I 16,I 16 and Ash Branch Church Rd,,Sideswipe-Same Direction,2,Clear,Dry,Daylight
2024-10-04T04:25:00.000,I 16,I 16 and Ash Branch Church Rd,,Not a Collision with Motor Vehicle,1,Cloudy,Dry,Dark-Not Lighted
2023-11-22T11:30:00.000,I 16,I 16 and Ash Branch Church Rd,,Not a Collision with Motor Vehicle,1,Cloudy,Dry,Daylight
2023-04-23T16:35:00.000,I 16,I 16 and Arcola Rd,,Angle Crash,2,Clear,Dry,Daylight
2022-02-01T09:36:00.000,I 16,I 16 and After Chatham Parkway Exit,,Rear End,3,Clear,Dry,Daylight
2024-04-10T12:13:00.000,I 16,I 16 and Adkins Pl,,Sideswipe-Same Direction,2,Cloudy,Dry,Daylight
2022-02-24T08:00:00.000,I 16,I 16 and 95 S Bound,,Rear End,2,Clear,Dry,Daylight
2022-02-23T12:18:00.000,I 16,I 16 and 95 On Rp,,Sideswipe-Same Direction,2,Clear,Dry,Daylight
2022-05-24T07:38:00.000,I 16,I 16 and 95 Off Rp,,Rear End,2,Clear,Dry,Daylight
2022-05-13T08:32:00.000,I 16,I 16 and 95 Off Rp,,Rear End,2,Clear,Dry,Daylight
2022-02-10T07:30:00.000,I 16,I 16 and 95 N Bound,,Sideswipe-Same Direction,2,Clear,Dry,Daylight
2020-10-15T17:48:00.000,I 16,I 16 and 95 Mile Marker,,Not a Collision with Motor Vehicle,1,Clear,Dry,Daylight
2021-10-25T19:15:00.000,I 16,I 16 and 58 Exit Rp,,Not a Collision with Motor Vehicle,1,Clear,Dry,Dark-Not Lighted
2023-10-22T23:12:00.000,I 16,I 16 and 49 Exit,,Not a Collision with Motor Vehicle,1,Clear,Dry,Dark-Not Lighted
2020-06-12T20:20:00.000,I 16,I 16 and 37Th St Connector,,Sideswipe-Same Direction,2,Cloudy,Wet,Dusk
2021-12-16T06:57:00.000,I 16,I 16 and 37Th St Connector,,Rear End,2,Clear,Dry,Dark-Lighted
2022-06-30T14:50:00.000,I 16,I 16 and 37Th St Connecter Exit 165,,Sideswipe-Same Direction,2,Clear,Dry,Daylight
2022-03-22T16:21:00.000,I 16,I 16 and 37Th Connector,,Rear End,2,Cloudy,Dry,Daylight
2022-11-09T08:16:00.000,I 16,I 16 and 37Th Connector,,Angle Crash,2,Cloudy,Dry,Daylight
2024-02-28T10:25:00.000,I 16,I 16 and 37Th Connector,,Sideswipe-Same Direction,2,Clear,Dry,Daylight
2021-09-20T08:13:00.000,I 16,I 16 and 37 Connector,,Rear End,2,Rain,Wet,Daylight
2020-07-07T15:30:00.000,I 16,I 16 and 35 Mile Marker,,(None),1,(None),(None),(None)
2023-08-11T13:49:00.000,I 16,I 16 and 301-South,,Rear End,2,Clear,Dry,Daylight
2024-11-25T03:37:00.000,I 16,I 16 and 30 Milepost,,Not a Collision with Motor Vehicle,1,Clear,Dry,Dark-Not Lighted
2020-08-24T14:59:00.000,I 16,I 16 and 25 Mile Marker,,Not a Collision with Motor Vehicle,1,Rain,Wet,Daylight
2020-12-03T19:25:00.000,I 16,I 16 and 24 Mm,,(None),1,(None),(None),(None)
2021-08-17T05:55:00.000,I 16,I 16 and 24 Mm,,Not a Collision with Motor Vehicle,1,Rain,Wet,Dark-Lighted
2021-01-07T02:54:00.000,I 16,I 16 and 24 Exit Rp,,Not a Collision with Motor Vehicle,1,Clear,Dry,Dark-Lighted
2020-08-11T16:20:00.000,I 16,I 16 and 20 Mile Marker,,Head On,1,Cloudy,Dry,Daylight
2023-05-05T16:07:00.000,I 16,I 16 and 2 Nd Street Rp,,Rear End,2,Rain,Wet,Daylight
2022-10-27T00:26:00.000,I 16,I 16 and 2 Nd St Exit,,Not a Collision with Motor Vehicle,1,Clear,Dry,Dark-Not Lighted
2021-02-15T13:36:00.000,I 16,I 16 and 2 Nd St,,Not a Collision with Motor Vehicle,1,Rain,Water (standing or moving),Daylight
2020-01-20T17:52:00.000,I 16,I 16 and 2 Nd St,,Rear End,2,Clear,Dry,Daylight
2021-08-29T18:23:00.000,I 16,I 16 and 2 Nd St,,Not a Collision with Motor Vehicle,1,Clear,Dry,Daylight
2022-01-15T10:27:00.000,I 16,I 16 and 2 Nd St,,Not a Collision with Motor Vehicle,1,Clear,Dry,Daylight
2022-11-23T21:02:00.000,I 16,I 16 and 2 Nd St,,Not a Collision with Motor Vehicle,1,Clear,Dry,Dark-Not Lighted
2024-11-21T16:07:00.000,I 16,I 16 and 2 Nd St,,Rear End,4,Clear,Dry,Daylight
2024-07-08T00:00:00.000,I 16,I 16 and 2 Nd St,,Not a Collision with Motor Vehicle,1,Clear,Wet,Dark-Not Lighted
2024-01-06T07:21:00.000,I 16,I 16 and 2 Nd St,,Sideswipe-Opposite Direction,2,Clear,Dry,Daylight
2024-06-20T10:04:00.000,I 16,I 16 and 2 Nd St,,Rear End,2,Clear,Dry,Daylight
2021-02-06T09:01:00.000,I 16,I 16 and 1B Exit,,Not a Collision with Motor Vehicle,1,Cloudy,Dry,Daylight
2024-11-26T18:00:00.000,I 16,I 16 and 18 Entrance Rp,,Not a Collision with Motor Vehicle,1,Clear,Dry,Dark-Not Lighted
2020-07-22T21:51:00.000,I 16,I 16 and 175 Mile Marker,,Head On,2,Cloudy,Dry,Dark-Not Lighted
2020-10-07T04:07:00.000,I 16,I 16 and 17 Mile Marker,,Rear End,2,Fog,Dry,Dark-Not Lighted
2021-05-24T10:37:00.000,I 16,I 16 and 165 Ext,,Rear End,2,Clear,Dry,Daylight
2021-10-28T07:10:00.000,I 16,I 16 and 164 On-Ramp,,Angle Crash,2,Clear,Dry,Dawn
2021-02-28T00:01:00.000,I 16,I 16 and 16 Mm,,Not a Collision with Motor Vehicle,1,Clear,Dry,Dark-Not Lighted
2022-09-01T17:34:00.000,I 16,I 16 and 158Mm,,Angle Crash,2,Rain,Wet,Daylight
2023-08-17T06:11:00.000,I 16,I 16 and 158.5,,Angle Crash,2,Clear,Dry,Dark-Not Lighted
2021-08-11T14:10:00.000,I 16,I 16 and 158 Mm,,Rear End,2,Clear,Dry,Daylight
2023-09-28T22:29:00.000,I 16,I 16 and 158 Mile Marker,,Rear End,2,Clear,Dry,Dark-Not Lighted
2023-08-07T06:24:00.000,I 16,I 16 and 158 Mile Marker,,Sideswipe-Same Direction,2,Clear,Dry,Daylight
2022-12-20T18:56:00.000,I 16,I 16 and 157 Mm,,Not a Collision with Motor Vehicle,1,Rain,Wet,Dark-Lighted
2023-09-14T02:39:00.000,I 16,I 16 and 157 Mile Marker,,Not a Collision with Motor Vehicle,1,Clear,Dry,Daylight
2024-01-26T18:00:00.000,I 16,I 16 and 157 Mile Marker,,Not a Collision with Motor Vehicle,1,Clear,Dry,Daylight
2024-07-12T18:26:00.000,I 16,I 16 and 157 Mile Marker,,Sideswipe-Same Direction,2,Clear,Dry,Daylight
2024-07-05T03:16:00.000,I 16,I 16 and 157 Mile Marker,,Not a Collision with Motor Vehicle,1,Clear,Dry,Daylight
2023-10-17T07:44:00.000,I 16,I 16 and 156 Mile Marker,,Rear End,2,Clear,Dry,Daylight
2023-07-08T12:43:00.000,I 16,I 16 and 155 Mile Marker,,Sideswipe-Same Direction,2,Clear,Dry,Daylight
2023-12-17T14:46:00.000,I 16,I 16 and 148.8 Mile Marker,,Sideswipe-Same Direction,2,Rain,Wet,Daylight
2023-12-17T12:30:00.000,I 16,I 16 and 148.5 Mile Marker,,Not a Collision with Motor Vehicle,1,Rain,Wet,Daylight
2023-12-17T10:38:00.000,I 16,I 16 and 148.5,,Not a Collision with Motor Vehicle,1,Rain,Wet,Daylight
2020-05-30T20:14:00.000,I 16,I 16 and 1455 Mm I16,,Not a Collision with Motor Vehicle,1,Rain,Wet,Daylight
2022-09-16T18:10:00.000,I 16,I 16 and 143 E Bound Off Rp,,(None),2,(None),(None),(None)
2020-10-18T00:36:00.000,I 16,I 16 and 143 1 2 Mm I16,,Angle Crash,1,Clear,Dry,Dark-Not Lighted
2021-02-11T08:22:00.000,I 16,I 16 and 1405 Mile Marker,,Sideswipe-Same Direction,3,Cloudy,Wet,Daylight
2023-10-15T03:06:00.000,I 16,I 16 and 140.5 Mm,,Not a Collision with Motor Vehicle,1,Clear,Dry,Dark-Not Lighted
2020-06-10T19:53:00.000,I 16,I 16 and 14 Mile Marker,,Head On,1,Rain,Wet,Dusk
2020-08-16T09:15:00.000,I 16,I 16 and 135 Mile Marker,,Not a Collision with Motor Vehicle,1,Cloudy,Dry,Daylight
2021-03-17T20:40:00.000,I 16,I 16 and 134Mm,,Not a Collision with Motor Vehicle,1,Clear,Dry,Dark-Not Lighted
2021-04-22T10:46:00.000,I 16,I 16 and 132 Exit,,Rear End,3,Clear,Dry,Daylight
2024-09-18T04:40:00.000,I 16,I 16 and 13.5 Mile Post,,Not a Collision with Motor Vehicle,1,Clear,Dry,Dark-Not Lighted
2020-05-22T21:42:00.000,I 16,I 16 and 125Mm,,Not a Collision with Motor Vehicle,1,Rain,Wet,Dark-Lighted
2020-10-25T00:48:00.000,I 16,I 16 and 125 Mile Marker,,Not a Collision with Motor Vehicle,1,Rain,Wet,Dark-Not Lighted
2024-10-22T06:11:00.000,I 16,I 16 and 12.5 Mm,,Not a Collision with Motor Vehicle,1,Clear,Wet,Daylight
2021-08-08T12:47:00.000,I 16,I 16 and 111 On Rp,,Not a Collision with Motor Vehicle,1,Rain,Wet,Daylight
2021-07-07T16:08:00.000,I 16,I 16 and 111 On Rp,,Not a Collision with Motor Vehicle,1,Rain,Wet,Daylight
2021-06-20T15:24:00.000,I 16,I 16 and 1045 Mm,,Not a Collision with Motor Vehicle,1,Snow,Wet,Daylight
2020-09-28T08:52:00.000,I 16,I 16 and 104 W On Rp,,Not a Collision with Motor Vehicle,1,Rain,Wet,Daylight
2022-08-11T15:31:00.000,I 16,I 16 and 104 Exit,,Not a Collision with Motor Vehicle,1,Rain,Wet,Daylight
2024-03-24T16:14:00.000,I 16,I 16 and 1-516,,Rear End,2,Clear,Dry,Daylight
2023-06-13T23:54:00.000,I 16,I 16 and 1-16 Mm14,,Not a Collision with Motor Vehicle,1,Cloudy,Wet,Dark-Not Lighted
2022-11-24T05:15:00.000,I 16,I 16 and 1-16 Mm 28.5,,Not a Collision with Motor Vehicle,1,Rain,Wet,Dark-Not Lighted
2021-09-07T11:00:00.000,I 75,I 14 and I 75,,Not a Collision with Motor Vehicle,2,Clear,Dry,Daylight
2020-10-29T08:45:00.000,I 285,I 120 and I 285,,Not a Collision with Motor Vehicle,1,Cloudy,Wet,Dawn
2022-03-19T14:00:00.000,I 285,I 020 and I 285,,Rear End,2,Clear,Dry,Daylight
2022-04-30T13:30:00.000,I 285,I 020 and I 285,,Rear End,3,Clear,Dry,Daylight
2022-08-13T11:30:00.000,I 285,Hwy78 and I 285,,Rear End,2,Clear,Dry,Daylight
2022-09-28T15:32:00.000,I 285,Hwy78 and I 285,,Rear End,2,Cloudy,Dry,Daylight
2023-05-20T23:47:00.000,I 285,Hwy78 and I 285,,Rear End,2,Rain,Wet,Dark-Not Lighted
2020-02-06T19:07:00.000,I 20,Hwy5 and I 20,,Rear End,2,Rain,Wet,Dark-Not Lighted
2022-10-15T19:31:00.000,I 20,Hwy5 and I 20,,Rear End,2,Clear,Dry,Dark-Not Lighted
2023-06-21T15:59:00.000,I 20,Hwy5 and I 20,,Angle Crash,2,Rain,Wet,Daylight
2023-11-06T16:51:00.000,I 285,Hw78 and I 285,,Rear End,2,Clear,Dry,Daylight
2023-07-07T13:52:00.000,I 20,Hill and I 20,,Sideswipe-Same Direction,2,Clear,Dry,Daylight
2023-04-26T07:31:00.000,I 85,Gra and I 85,,Angle Crash,2,Cloudy,Dry,Daylight
2024-07-01T13:15:00.000,Sr 140,Gaines and Sr 140,,Not a Collision with Motor Vehicle,2,Clear,Dry,Daylight
2023-08-22T17:39:00.000,Sr 120,Ga92 and Sr 120,,Sideswipe-Same Direction,2,Clear,Dry,Daylight
2020-01-29T06:26:00.000,Sr 120,Ga92 and Sr 120,,Rear End,2,Clear,Dry,Dark-Not Lighted
2021-04-05T16:34:00.000,Sr 120,Ga92 and Sr 120,,Rear End,2,Clear,Dry,Daylight
2021-01-01T11:26:00.000,I 75,Ga92 and I 75,,Not a Collision with Motor Vehicle,1,Rain,Wet,Dark-Not Lighted
2024-10-19T12:06:00.000,I 75,Ga92 and I 75,,Rear End,2,Clear,Dry,Daylight
2021-12-18T14:28:00.000,I 20,Ga83 and I 20,,Not a Collision with Motor Vehicle,1,Rain,Wet,Daylight
2022-09-18T16:25:00.000,I 75,Ga7 and I 75,,Sideswipe-Same Direction,2,Clear,Dry,Daylight
2024-03-30T05:24:00.000,I 75,Ga7 and I 75,,Not a Collision with Motor Vehicle,1,Clear,Dry,Dark-Lighted
2023-07-31T06:27:00.000,I 75,Ga61 and I 75,,Not a Collision with Motor Vehicle,1,Clear,Dry,Dawn
2022-12-14T14:40:00.000,I 20,Ga6 and I 20,,Angle Crash,2,Rain,Wet,Daylight
2020-01-24T12:55:00.000,I 75,Ga53 and I 75,,Rear End,2,Cloudy,Wet,Daylight
2020-06-11T17:17:00.000,I 75,Ga52 and I 75,,Sideswipe-Same Direction,2,Clear,Dry,Daylight
2020-07-03T00:44:00.000,I 75,Ga52 and I 75,,Not a Collision with Motor Vehicle,1,Clear,Dry,Dark-Not Lighted
2020-10-29T09:07:00.000,I 75,Ga52 and I 75,,Not a Collision with Motor Vehicle,1,Cloudy,Wet,Daylight
2020-01-02T17:45:00.000,Sr 140,Ga400 and Sr 140,,Rear End,3,Rain,Wet,Dark-Lighted
2022-08-22T11:19:00.000,I 285,Ga400 and I 285,,Not a Collision with Motor Vehicle,1,Clear,Dry,Daylight
2023-07-02T18:58:00.000,I 16,Ga4 and I 16,,Not a Collision with Motor Vehicle,1,Clear,Dry,Daylight
2023-07-16T12:47:00.000,I 16,Ga4 and I 16,,Rear End,3,Clear,Dry,Daylight
2024-05-07T17:10:00.000,I 95,Ga38 and I 95,,Not a Collision with Motor Vehicle,1,Clear,Dry,Daylight
2024-11-17T01:30:00.000,I 95,Ga38 and I 95,,Rear End,2,Clear,Dry,Dark-Not Lighted
2023-11-26T15:35:00.000,I 75,Ga38 and I 75,,Sideswipe-Same Direction,2,Rain,Wet,Daylight
2023-12-23T04:56:00.000,I 85,Ga34 and I 85,,Not a Collision with Motor Vehicle,1,Clear,Dry,Dark-Not Lighted
2023-04-02T19:56:00.000,I 85,Ga34 and I 85,,Not a Collision with Motor Vehicle,1,Clear,Dry,Daylight
2021-01-01T11:25:00.000,I 85,Ga34 and I 85,,Not a Collision with Motor Vehicle,1,Rain,Wet,Daylight
2023-06-14T09:14:00.000,I 85,Ga34 and I 85,,Not a Collision with Motor Vehicle,1,Rain,Wet,Daylight
2024-07-17T14:54:00.000,I 85,Ga34 and I 85,,Not a Collision with Motor Vehicle,1,Rain,Wet,Daylight
2024-04-28T00:40:00.000,I 85,Ga34 and I 85,,Sideswipe-Same Direction,2,Clear,Dry,Dark-Lighted
2024-12-19T07:09:00.000,I 85,Ga34 and I 85,,Angle Crash,2,Clear,Dry,Daylight
2021-05-02T16:20:00.000,I 75,Ga32 and I 75,,Sideswipe-Same Direction,2,Cloudy,Dry,Daylight
2021-06-17T07:00:00.000,I 75,Ga30 and I 75,,Rear End,2,Clear,Dry,Daylight
2023-02-15T01:58:00.000,I 75,Ga3 and I 75,,Not a Collision with Motor Vehicle,1,Clear,Dry,Dark-Not Lighted
2020-06-23T16:16:00.000,I 75,Ga3 and I 75,,Rear End,2,Clear,Dry,Daylight
2020-10-07T10:47:00.000,I 75,Ga3 and I 75,,Rear End,2,Clear,Dry,Daylight
2020-09-17T08:33:00.000,I 75,Ga3 and I 75,,Not a Collision with Motor Vehicle,1,Rain,Wet,Daylight
2020-07-18T06:22:00.000,I 75,Ga3 and I 75,,Sideswipe-Same Direction,2,Clear,Dry,Dawn
2020-09-17T09:26:00.000,I 75,Ga3 and I 75,,Not a Collision with Motor Vehicle,1,Rain,Wet,Daylight
2020-06-30T16:34:00.000,I 75,Ga3 and I 75,,Not a Collision with Motor Vehicle,1,Cloudy,Wet,Daylight
2020-08-08T06:23:00.000,I 75,Ga3 and I 75,,Not a Collision with Motor Vehicle,1,Clear,Dry,Dark-Not Lighted
2020-08-13T12:28:00.000,I 75,Ga3 and I 75,,Not a Collision with Motor Vehicle,1,Cloudy,Dry,Daylight