Date and Time,Roadway (From Crash Report),Intersection Name (from Crash Report),KABCO Severity,Manner of Collision (Crash Level) ,# of Vehicles per crash ,Weather Conditions (Crash Level),Surface Condition (Crash Level) ,Light Conditions (Crash Level)
2020-03-24T07:45:00.000,I 75,Ga3 and I 75,,Sideswipe-Same Direction,2,Rain,Wet,Dawn
2020-03-26T14:14:00.000,I 75,Ga3 and I 75,,Rear End,2,Clear,Dry,Daylight
2022-08-12T17:35:00.000,I 75,Ga3 and I 75,,Rear End,2,Clear,Dry,Daylight
2023-10-12T07:02:00.000,I 75,Ga3 and I 75,,Not a Collision with Motor Vehicle,1,Cloudy,Wet,Dark-Not Lighted
2023-07-02T17:03:00.000,I 75,Ga3 and I 75,,Not a Collision with Motor Vehicle,1,Rain,Wet,Daylight
2023-03-11T05:25:00.000,I 20,Ga24 and I 20,,Not a Collision with Motor Vehicle,1,Cloudy,Wet,Dark-Not Lighted
2023-10-23T15:30:00.000,I 20,Ga24 and I 20,,Sideswipe-Same Direction,2,Clear,Dry,Daylight
2020-09-29T18:25:00.000,I 85,Ga20 and I 85,,Sideswipe-Same Direction,2,Clear,Dry,Daylight
2020-03-17T06:55:00.000,I 85,Ga20 and I 85,,Sideswipe-Same Direction,2,Cloudy,Wet,Daylight
2020-02-06T11:15:00.000,I 85,Ga20 and I 85,,Not a Collision with Motor Vehicle,1,Rain,Wet,Daylight
2020-09-09T18:10:00.000,I 85,Ga20 and I 85,,Not a Collision with Motor Vehicle,1,Clear,Dry,Daylight
2020-11-24T14:45:00.000,I 85,Ga20 and I 85,,Rear End,2,Clear,Dry,Daylight
2020-02-21T13:55:00.000,I 85,Ga20 and I 85,,Not a Collision with Motor Vehicle,1,Clear,Dry,Daylight
2020-01-16T00:00:00.000,I 85,Ga20 and I 85,,Rear End,2,Clear,Dry,Daylight
2020-11-09T16:55:00.000,I 85,Ga20 and I 85,,Rear End,2,Clear,Dry,Daylight
2022-01-16T11:01:00.000,I 85,Ga20 and I 85,,Not a Collision with Motor Vehicle,1,Snow,Snow,Daylight
2022-11-21T06:40:00.000,I 85,Ga20 and I 85,,Sideswipe-Same Direction,2,Clear,Dry,Dark-Not Lighted
2022-12-05T12:25:00.000,I 85,Ga20 and I 85,,Sideswipe-Same Direction,2,Rain,Wet,Daylight
2024-05-09T09:40:00.000,I 85,Ga20 and I 85,,Rear End,2,Cloudy,Wet,Daylight
2023-02-03T17:23:00.000,I 75,Ga2 and I 75,,Rear End,2,Clear,Dry,Daylight
2023-06-15T15:03:00.000,I 75,Ga2 and I 75,,Rear End,2,Cloudy,Wet,Daylight
2023-09-13T08:13:00.000,I 75,Ga2 and I 75,,Sideswipe-Same Direction,2,Clear,Dry,Daylight
2024-09-02T10:33:00.000,I 16,Ga19 and I 16,,Sideswipe-Same Direction,2,Clear,Dry,Daylight
2021-12-18T20:03:00.000,I 285,Ga141 and I 285,,Angle Crash,2,Rain,Wet,Dark-Not Lighted
2022-02-07T18:09:00.000,I 285,Ga141 and I 285,,Sideswipe-Same Direction,2,Clear,Dry,Dusk
2021-08-28T03:05:00.000,I 85,Ga14 and I 85,,Not a Collision with Motor Vehicle,1,Clear,Dry,Dark-Not Lighted
2021-07-17T03:34:00.000,I 85,Ga14 and I 85,,Angle Crash,2,Clear,Dry,Dark-Not Lighted
2021-08-17T10:15:00.000,I 85,Ga14 and I 85,,Sideswipe-Same Direction,2,Rain,Wet,Daylight
2021-06-24T01:06:00.000,I 85,Ga14 and I 85,,Angle Crash,2,Clear,Dry,Dark-Not Lighted
2021-05-12T06:11:00.000,I 85,Ga14 and I 85,,Angle Crash,2,Rain,Wet,Daylight
2020-12-31T12:16:00.000,I 85,Ga14 and I 85,,Not a Collision with Motor Vehicle,1,Cloudy,Dry,Daylight
2020-09-09T11:43:00.000,I 85,Ga14 and I 85,,Sideswipe-Same Direction,1,Clear,Dry,Daylight
2021-12-06T05:49:00.000,I 85,Ga14 and I 85,,Angle Crash,2,Clear,Dry,Dark-Not Lighted
2022-06-09T05:14:00.000,I 85,Ga14 and I 85,,Not a Collision with Motor Vehicle,1,Cloudy,Wet,Dark-Not Lighted
2023-06-19T04:42:00.000,I 85,Ga14 and I 85,,Not a Collision with Motor Vehicle,1,Rain,Wet,Dawn
2024-02-12T08:44:00.000,I 85,Ga14 and I 85,,Not a Collision with Motor Vehicle,1,Rain,Wet,Daylight
2024-05-14T18:05:00.000,I 85,Ga14 and I 85,,Rear End,3,Clear,Dry,Daylight
2023-07-21T19:26:00.000,I 85,Ga13 and I 85,,Rear End,2,Rain,Wet,Daylight
2023-07-21T19:26:00.000,I 85,Ga13 and I 85,,Rear End,2,Rain,Wet,Daylight
2023-03-03T13:31:00.000,I 85,Ga13 and I 85,,Rear End,2,Clear,Dry,Daylight
2023-08-29T10:00:00.000,I 85,Ga13 and I 85,,Rear End,2,Cloudy,Wet,Daylight
2023-07-20T15:18:00.000,I 85,Ga13 and I 85,,Rear End,2,Clear,Dry,Daylight
2020-01-08T09:58:00.000,I 85,Ga13 and I 85,,Rear End,2,Clear,Dry,Daylight
2020-01-14T07:46:00.000,I 85,Ga13 and I 85,,Angle Crash,2,Cloudy,Wet,Daylight
2021-07-02T08:40:00.000,I 85,Ga13 and I 85,,Rear End,2,Cloudy,Wet,Daylight
2021-12-06T18:00:00.000,I 85,Ga13 and I 85,,Rear End,2,Cloudy,Wet,Dark-Lighted
2021-07-02T09:15:00.000,I 85,Ga13 and I 85,,Rear End,2,Cloudy,Wet,Daylight
2021-07-22T15:00:00.000,I 85,Ga13 and I 85,,Rear End,3,Clear,Dry,Daylight
2022-02-25T10:10:00.000,I 85,Ga13 and I 85,,Sideswipe-Same Direction,2,Rain,Wet,Daylight
2022-05-03T12:08:00.000,I 85,Ga13 and I 85,,Rear End,3,Clear,Dry,Daylight
2023-11-21T08:52:00.000,I 85,Ga13 and I 85,,Rear End,2,Rain,Wet,Daylight
2021-11-29T21:48:00.000,I 285,Ga13 and I 285,,Rear End,2,Clear,Dry,Dark-Lighted
2023-02-14T06:36:00.000,Sr 120,Ga101 and Sr 120,,Angle Crash,2,Clear,Dry,Dark-Not Lighted
2023-02-09T15:05:00.000,Sr 140,Ga1 and Sr 140,,Rear End,2,Cloudy,Wet,Daylight
2021-04-14T08:25:00.000,I 85,G140 and I 85,,Sideswipe-Same Direction,2,Clear,Dry,Daylight
2021-05-20T19:30:00.000,Sr 120,Fox Dr and Sr 120,,Not a Collision with Motor Vehicle,1,Clear,Dry,Daylight
2021-11-22T17:23:00.000,Sr 120,Fox Dr and Sr 120,,Rear End,2,Clear,Dry,Dusk
2021-08-19T18:17:00.000,Sr 120,Fox Dr and Sr 120,,Not a Collision with Motor Vehicle,1,Cloudy,Dry,Daylight
2021-06-14T15:26:00.000,Sr 120,Fox Dr and Sr 120,,Rear End,2,Clear,Dry,Daylight
2020-01-08T06:52:00.000,Sr 120,Fox Dr and Sr 120,,Rear End,3,Clear,Dry,Dusk
2020-01-08T07:00:00.000,Sr 120,Fox Dr and Sr 120,,Rear End,2,Clear,Dry,Daylight
2021-02-18T11:48:00.000,Sr 120,Fox Dr and Sr 120,,Sideswipe-Same Direction,2,Cloudy,Wet,Daylight
2022-10-26T18:15:00.000,Sr 120,Fox Dr and Sr 120,,Rear End,2,Clear,Dry,Daylight
2022-11-18T08:48:00.000,Sr 120,Fox Dr and Sr 120,,Sideswipe-Same Direction,2,Clear,Dry,Daylight
2022-05-01T17:48:00.000,Sr 120,Fox Dr and Sr 120,,Rear End,2,Cloudy,Dry,Daylight
2022-05-01T17:48:00.000,Sr 120,Fox Dr and Sr 120,,Rear End,2,Cloudy,Dry,Daylight
2022-01-29T00:46:00.000,Sr 120,Fox Dr and Sr 120,,Rear End,2,Snow,Wet,Dark-Not Lighted
2024-05-20T14:42:00.000,Sr 120,Fox Dr and Sr 120,,Rear End,2,Clear,Dry,Daylight
2024-03-22T08:39:00.000,Sr 120,Fox Dr and Sr 120,,Sideswipe-Same Direction,2,Clear,Dry,Daylight
2023-07-26T18:16:00.000,Sr 120,Fox Dr and Sr 120,,Rear End,2,Clear,Dry,Daylight
2023-09-13T16:45:00.000,Sr 120,Fox Dr and Sr 120,,Not a Collision with Motor Vehicle,1,Cloudy,Dry,Daylight
2023-05-28T21:45:00.000,Sr 120,Fox Dr and Sr 120,,Angle Crash,2,Clear,Dry,Dark-Not Lighted
2023-12-14T06:21:00.000,Sr 120,Fox Dr and Sr 120,,Sideswipe-Same Direction,2,Clear,Dry,Dark-Not Lighted
2024-06-20T12:25:00.000,Sr 120,Fox Dr and Sr 120,,Angle Crash,2,Clear,Dry,Daylight
2024-08-30T18:11:00.000,Sr 120,Fox Dr and Sr 120,,Not a Collision with Motor Vehicle,1,Clear,Dry,Daylight
2024-09-17T07:16:00.000,I 85,Flat and I 85,,Rear End,2,Clear,Dry,Daylight
2021-03-28T06:17:00.000,I 20,Fib and I 20,,Rear End,2,Rain,Wet,Dark-Lighted
2021-05-13T09:19:00.000,I 20,Fib and I 20,,Angle Crash,2,Clear,Dry,Daylight
2021-03-13T12:30:00.000,I 20,Fib and I 20,,Rear End,2,Clear,Dry,Daylight
2021-08-25T12:55:00.000,I 20,Fib and I 20,,Rear End,2,Clear,Dry,Daylight
2020-12-20T19:44:00.000,I 20,Fib and I 20,,Sideswipe-Same Direction,2,Clear,Dry,Dark-Lighted
2021-03-17T15:00:00.000,I 20,Fib and I 20,,Rear End,2,Clear,Wet,Daylight
2022-08-23T09:50:00.000,I 20,Fib and I 20,,Rear End,4,Clear,Dry,Daylight
2022-04-05T13:18:00.000,I 20,Fib and I 20,,Sideswipe-Same Direction,2,Rain,Wet,Daylight
2022-08-22T14:45:00.000,I 20,Fib and I 20,,Rear End,3,Clear,Wet,Daylight
2022-01-15T09:00:00.000,I 20,Fib and I 20,,Sideswipe-Same Direction,2,Rain,Ice/Frost,Dark-Not Lighted
2022-08-22T14:45:00.000,I 20,Fib and I 20,,Rear End,3,Rain,Wet,Daylight
2023-04-07T13:29:00.000,I 20,Fib and I 20,,Sideswipe-Same Direction,2,Clear,Dry,Daylight
2024-11-07T14:20:00.000,I 20,Fib and I 20,,Sideswipe-Same Direction,2,Clear,Dry,Daylight
2023-03-28T08:53:00.000,I 75,Fair and I 75,,Sideswipe-Same Direction,4,Clear,Dry,Daylight
2021-04-30T11:15:00.000,I 20,Fact and I 20,,Rear End,2,Cloudy,Dry,Daylight
2022-06-07T21:50:00.000,I 75,Ern and I 75,,Not a Collision with Motor Vehicle,1,Rain,Wet,Dark-Not Lighted
2022-06-28T20:25:00.000,I 75,Ern and I 75,,Rear End,2,Rain,Wet,Dusk
2024-11-21T00:09:00.000,I 75,Ern and I 75,,Not a Collision with Motor Vehicle,1,Cloudy,Dry,Dark-Not Lighted
2021-07-31T14:10:00.000,I 285,Entry and I 285,,Angle Crash,2,Clear,Dry,Daylight
2024-12-28T21:08:00.000,Sr 140,Dog Ln and Sr 140,,Not a Collision with Motor Vehicle,1,Clear,Wet,Dark-Lighted
2021-07-02T15:10:00.000,I 75,Delk and I 75,,Rear End,2,Cloudy,Dry,Daylight
2021-09-11T04:15:00.000,I 75,Delk and I 75,,Head On,2,Clear,Dry,Dark-Lighted
2023-12-26T05:28:00.000,I 75,Delk and I 75,,Head On,2,Rain,Wet,Dark-Lighted
2023-12-26T05:28:00.000,I 75,Delk and I 75,,Head On,2,Rain,Wet,Dark-Lighted
2023-08-19T03:52:00.000,I 75,Delk and I 75,,Angle Crash,2,Clear,Dry,Dark-Not Lighted
2023-05-10T17:00:00.000,I 75,Delk and I 75,,Angle Crash,3,Clear,Dry,Daylight
2023-01-03T15:57:00.000,I 75,Delk and I 75,,Rear End,2,Rain,Wet,Daylight
2024-12-03T14:38:00.000,I 75,Delk and I 75,,Angle Crash,2,Clear,Dry,Daylight
2024-10-07T11:00:00.000,I 75,Delk and I 75,,Rear End,4,Clear,Dry,Daylight
2024-07-19T13:27:00.000,I 75,Delk and I 75,,Angle Crash,2,Clear,Dry,Daylight
2023-03-27T12:05:00.000,I 75,Delk and I 75,,Rear End,3,Cloudy,Dry,Daylight
2023-04-01T08:22:00.000,I 75,Delk and I 75,,Angle Crash,4,Clear,Dry,Daylight
2023-05-10T11:55:00.000,I 75,Delk and I 75,,Angle Crash,2,Clear,Dry,Daylight
2023-06-14T17:54:00.000,I 75,Delk and I 75,,Angle Crash,2,Cloudy,Wet,Daylight
2023-01-25T11:57:00.000,I 75,Delk and I 75,,Sideswipe-Same Direction,2,Cloudy,Wet,Daylight
2024-08-14T11:11:00.000,I 75,Delk and I 75,,Sideswipe-Same Direction,2,Clear,Dry,Daylight
2024-06-27T08:04:00.000,I 75,Delk and I 75,,Sideswipe-Same Direction,2,Clear,Dry,Daylight
2024-10-18T04:44:00.000,I 75,Delk and I 75,,Sideswipe-Same Direction,2,Clear,Dry,Daylight
2024-05-09T13:40:00.000,I 75,Delk and I 75,,Sideswipe-Same Direction,3,Cloudy,Wet,Daylight
2024-12-17T12:11:00.000,I 75,Delk and I 75,,Not a Collision with Motor Vehicle,1,Cloudy,Dry,Daylight
2022-08-31T17:00:00.000,I 75,Cwg and I 75,,Rear End,2,Clear,Dry,Daylight
2024-12-02T01:33:00.000,I 75,Cwg and I 75,,Sideswipe-Same Direction,2,Clear,Ice/Frost,Dark-Lighted
2022-03-31T07:41:00.000,Sr 120,Costco and Sr 120,,Rear End,2,Cloudy,Wet,Daylight
2024-09-07T16:45:00.000,I 75,Conn and I 75,,Sideswipe-Same Direction,2,Clear,Dry,Daylight
2023-03-30T10:23:00.000,I 285,Cobb and I 285,,Sideswipe-Same Direction,2,Clear,Dry,Daylight
2023-06-14T06:55:00.000,I 285,Cobb and I 285,,Angle Crash,2,Cloudy,Dry,Daylight
2024-08-13T18:02:00.000,I 285,Cobb and I 285,,Rear End,3,Cloudy,Dry,Daylight
2024-11-02T23:50:00.000,I 285,Cobb and I 285,,Sideswipe-Same Direction,2,Clear,Dry,Dark-Not Lighted
2024-10-26T14:20:00.000,I 285,Cobb and I 285,,Rear End,2,Clear,Dry,Daylight
2024-06-17T13:50:00.000,I 285,Cobb and I 285,,Not a Collision with Motor Vehicle,2,Clear,Dry,Daylight
2023-05-14T13:20:00.000,Sr 120,Bus 6 and Sr 120,,Angle Crash,2,Clear,Dry,Daylight
2020-01-13T07:20:00.000,Sr 120,Bus 6 and Sr 120,,Angle Crash,2,Rain,Wet,Dawn
2020-02-23T01:15:00.000,Sr 120,Bus 6 and Sr 120,,Rear End,2,Clear,Dry,Dark-Not Lighted
2021-02-13T15:30:00.000,Sr 120,Bus 6 and Sr 120,,Rear End,2,Cloudy,Dry,Daylight
2023-05-04T06:15:00.000,I 75,Ave and I 75,,Sideswipe-Same Direction,2,Clear,Dry,Dark-Not Lighted
2023-03-09T12:37:00.000,I 95,99 A and I 95,,Sideswipe-Same Direction,2,Clear,Dry,Daylight
2021-02-07T17:30:00.000,I 85,985 and I 85,,Rear End,2,Clear,Dry,Dark-Not Lighted
2022-05-26T21:50:00.000,I 85,985 and I 85,,Sideswipe-Same Direction,2,Rain,Wet,Dark-Not Lighted
2024-07-18T10:50:00.000,I 85,985 and I 85,,Sideswipe-Same Direction,2,Clear,Dry,Daylight
2024-06-17T00:44:00.000,I 85,985 and I 85,,Sideswipe-Same Direction,3,Clear,Dry,Dark-Not Lighted
2024-11-18T05:45:00.000,I 85,985 and I 85,,Not a Collision with Motor Vehicle,1,Clear,Dry,Dark-Lighted
2024-06-21T17:01:00.000,I 85,985 and I 85,,Sideswipe-Same Direction,3,Clear,Dry,Daylight
2023-07-13T15:07:00.000,I 95,97Mm and I 95,,Not a Collision with Motor Vehicle,1,Cloudy,Dry,Daylight
2024-05-19T16:29:00.000,I 20,97Mm and I 20,,Sideswipe-Same Direction,2,Clear,Dry,Daylight
2023-03-31T06:41:00.000,I 16,96 and I 16,,Sideswipe-Same Direction,2,Clear,Dry,Dark-Not Lighted
2024-07-08T11:20:00.000,I 16,96 and I 16,,Not a Collision with Motor Vehicle,1,Cloudy,Dry,Daylight
2021-05-03T09:45:00.000,I 20,95 and I 20,,Not a Collision with Motor Vehicle,1,Rain,Wet,Daylight
2021-09-05T06:23:00.000,I 16,95 and I 16,,Not a Collision with Motor Vehicle,1,Clear,Dry,Daylight
2021-06-02T15:52:00.000,I 16,95 and I 16,,Rear End,2,Rain,Wet,Daylight
2022-04-02T05:35:00.000,I 16,95 and I 16,,Not a Collision with Motor Vehicle,1,Clear,Dry,Dawn
2023-08-22T07:33:00.000,I 16,95 and I 16,,Sideswipe-Same Direction,3,Clear,Dry,Daylight
2023-07-18T22:10:00.000,I 16,95 and I 16,,Head On,1,Clear,Dry,Dark-Not Lighted
2024-09-18T06:54:00.000,I 16,95 and I 16,,Not a Collision with Motor Vehicle,2,Cloudy,Dry,Dawn
2024-12-10T06:50:00.000,I 16,95 and I 16,,Sideswipe-Same Direction,2,Cloudy,Dry,Daylight
2024-12-10T11:36:00.000,I 20,93Mm and I 20,,Not a Collision with Motor Vehicle,1,Rain,Wet,Daylight
2024-03-08T21:16:00.000,I 20,92Mm and I 20,,Not a Collision with Motor Vehicle,1,Rain,Wet,Dark-Not Lighted
2020-12-23T14:40:00.000,I 95,90Mm and I 95,,Sideswipe-Same Direction,2,Clear,Dry,Daylight
2020-09-16T17:38:00.000,I 95,88Mm and I 95,,Rear End,2,Rain,Wet,Daylight
2021-12-22T18:00:00.000,I 95,87Mm and I 95,,Sideswipe-Same Direction,2,Rain,Wet,Dark-Lighted
2021-01-26T08:21:00.000,I 85,85 and I 85,,Rear End,2,Cloudy,Wet,Daylight
2020-03-23T11:40:00.000,I 85,85 and I 85,,Sideswipe-Same Direction,2,Rain,Wet,Daylight
2023-11-26T02:44:00.000,I 85,85 and I 85,,Not a Collision with Motor Vehicle,1,Clear,Dry,Dark-Lighted
2023-06-06T15:00:00.000,I 75,85 and I 75,,Not a Collision with Motor Vehicle,1,Clear,Dry,Daylight
2020-10-11T02:54:00.000,I 75,85 and I 75,,Rear End,2,Clear,Dry,Dark-Lighted
2024-11-14T06:45:00.000,I 75,85 and I 75,,Rear End,2,Rain,Wet,Daylight
2021-03-15T15:11:00.000,I 285,85 and I 285,,Sideswipe-Same Direction,2,Clear,Dry,Daylight
2021-06-12T11:20:00.000,I 285,85 and I 285,,Rear End,3,Clear,Dry,Daylight
2020-11-24T18:35:00.000,I 285,85 and I 285,,Sideswipe-Same Direction,2,Clear,Dry,Dark-Lighted
2023-04-15T14:17:00.000,I 285,85 and I 285,,Rear End,2,Clear,Dry,Daylight
2023-01-27T12:51:00.000,I 285,85 and I 285,,Sideswipe-Same Direction,2,Clear,Dry,Daylight
2023-09-02T20:33:00.000,I 285,85 and I 285,,Sideswipe-Same Direction,3,Clear,Dry,Dark-Not Lighted
2023-06-14T13:20:00.000,I 285,85 and I 285,,Rear End,4,Rain,Wet,Daylight
2020-05-29T12:54:00.000,I 285,85 and I 285,,Rear End,2,Clear,Dry,Daylight
2021-06-14T00:25:00.000,I 285,85 and I 285,,Rear End,2,Cloudy,Dry,Dark-Not Lighted
2021-02-12T18:54:00.000,I 285,85 and I 285,,Rear End,2,Clear,Dry,Dark-Not Lighted
2021-10-22T14:09:00.000,I 285,85 and I 285,,Angle Crash,2,Clear,Dry,Daylight
2022-07-01T12:00:00.000,I 285,85 and I 285,,Sideswipe-Same Direction,2,Clear,Dry,Daylight
2022-05-14T16:56:00.000,I 285,85 and I 285,,Sideswipe-Same Direction,2,Clear,Dry,Daylight
2022-01-05T17:30:00.000,I 285,85 and I 285,,Rear End,4,Clear,Dry,Dark-Not Lighted
2023-08-09T09:15:00.000,I 285,85 and I 285,,Rear End,2,Clear,Dry,Daylight
2023-11-14T10:25:00.000,I 285,85 and I 285,,Sideswipe-Same Direction,2,Clear,Dry,Daylight
2024-08-19T02:45:00.000,I 285,85 and I 285,,Angle Crash,2,Clear,Dry,Dark-Lighted
2024-09-06T14:30:00.000,I 20,85 and I 20,,Rear End,2,Clear,Dry,Daylight
2021-10-17T16:30:00.000,I 285,85 Sb and I 285,,Rear End,3,Clear,Dry,Daylight
2021-01-13T20:43:00.000,I 285,85 Rp and I 285,,Rear End,3,Clear,Dry,Dark-Lighted
2021-10-17T15:05:00.000,I 285,85 Rp and I 285,,Rear End,2,Clear,Dry,Daylight
2021-10-18T15:58:00.000,I 285,85 Rp and I 285,,Rear End,2,Clear,Dry,Daylight
2022-05-16T21:30:00.000,I 285,85 On and I 285,,Not a Collision with Motor Vehicle,1,Clear,Dry,Dark-Not Lighted
2024-04-01T10:36:00.000,I 20,84Mm and I 20,,Sideswipe-Same Direction,2,Clear,Dry,Daylight
2023-08-30T08:45:00.000,I 20,84 and I 20,,Sideswipe-Same Direction,2,Clear,Dry,Daylight
2024-10-09T16:23:00.000,I 20,83 and I 20,,Sideswipe-Same Direction,2,Clear,Dry,Daylight
2024-11-26T12:36:00.000,I 20,80Mm and I 20,,Not a Collision with Motor Vehicle,1,Clear,Wet,Daylight
2022-12-22T15:18:00.000,I 95,79Mm and I 95,,Sideswipe-Same Direction,2,Clear,Dry,Daylight
2021-04-10T11:40:00.000,I 285,78 and I 285,,Not a Collision with Motor Vehicle,1,Rain,Wet,Daylight
2023-09-22T17:00:00.000,I 285,78 and I 285,,Not a Collision with Motor Vehicle,1,Clear,Dry,Daylight
2023-04-13T14:45:00.000,I 285,78 and I 285,,Rear End,2,Rain,Wet,Daylight
2020-10-14T16:35:00.000,I 285,78 and I 285,,Rear End,2,Clear,Dry,Daylight
2021-07-28T06:30:00.000,I 285,78 and I 285,,Sideswipe-Same Direction,2,Fog,Dry,Dusk
2021-09-16T14:46:00.000,I 285,78 and I 285,,Rear End,2,Clear,Dry,Daylight
2024-01-16T08:30:00.000,I 285,78 and I 285,,Sideswipe-Same Direction,2,Clear,Dry,Daylight
2023-05-11T16:04:00.000,I 285,78 and I 285,,Rear End,2,Cloudy,Dry,Daylight
2023-06-05T17:00:00.000,I 285,78 and I 285,,Sideswipe-Same Direction,2,Clear,Dry,Daylight
2024-09-12T12:00:00.000,I 285,78 and I 285,,Sideswipe-Same Direction,2,Rain,Wet,Daylight
2020-10-23T04:26:00.000,I 95,77Mm and I 95,,Rear End,2,Clear,Dry,Dark-Not Lighted
2022-01-20T16:56:00.000,I 95,77Mm and I 95,,Sideswipe-Same Direction,2,Cloudy,Dry,Daylight
2024-01-09T11:48:00.000,I 20,77Mm and I 20,,Angle Crash,2,Rain,Wet,Daylight
2021-06-20T14:04:00.000,I 20,77 and I 20,,Sideswipe-Same Direction,1,Rain,Wet,Daylight
2022-09-09T15:05:00.000,I 95,76Mm and I 95,,Not a Collision with Motor Vehicle,1,Rain,Water (standing or moving),Daylight
2023-05-24T14:45:00.000,I 95,76Mm and I 95,,Not a Collision with Motor Vehicle,1,Clear,Dry,Daylight
2021-11-11T08:30:00.000,I 95,76 and I 95,,Sideswipe-Same Direction,2,Clear,Dry,Daylight
2022-02-17T22:40:00.000,I 95,75Mm and I 95,,Not a Collision with Motor Vehicle,1,Cloudy,Dry,Dark-Not Lighted
2021-12-30T16:10:00.000,I 85,75 and I 85,,Sideswipe-Same Direction,2,Rain,Wet,Daylight
2023-06-26T14:20:00.000,I 85,75 and I 85,,Rear End,5,Cloudy,Dry,Daylight
2023-05-12T12:10:00.000,I 85,75 and I 85,,Sideswipe-Same Direction,2,Clear,Dry,Daylight
2021-06-28T00:00:00.000,I 285,75 and I 285,,Sideswipe-Same Direction,2,Clear,Dry,Dark-Not Lighted
2021-09-10T10:45:00.000,I 285,75 and I 285,,Sideswipe-Same Direction,2,Clear,Dry,Daylight
2021-06-01T04:40:00.000,I 285,75 and I 285,,Not a Collision with Motor Vehicle,1,Clear,Dry,Dark-Not Lighted
2023-12-25T16:20:00.000,I 285,75 and I 285,,Not a Collision with Motor Vehicle,1,Rain,Wet,Daylight
2023-10-23T15:45:00.000,I 285,75 and I 285,,Rear End,3,Clear,Dry,Daylight
2020-10-28T16:00:00.000,I 285,75 and I 285,,Sideswipe-Same Direction,2,Rain,Wet,Daylight
2020-09-08T21:50:00.000,I 285,75 and I 285,,Rear End,2,Clear,Dry,Dark-Lighted
2020-04-14T21:25:00.000,I 285,75 and I 285,,Sideswipe-Same Direction,2,Clear,Dry,Dark-Not Lighted
2020-08-28T16:52:00.000,I 285,75 and I 285,,Rear End,2,Clear,Dry,Daylight
2021-05-19T17:20:00.000,I 285,75 and I 285,,Rear End,2,Clear,Dry,Daylight
2021-03-03T19:20:00.000,I 285,75 and I 285,,Sideswipe-Same Direction,2,Clear,Dry,Dark-Lighted
2021-03-17T10:23:00.000,I 285,75 and I 285,,Sideswipe-Same Direction,2,Rain,Wet,Daylight
2021-11-04T11:00:00.000,I 285,75 and I 285,,Sideswipe-Same Direction,2,Clear,Dry,Daylight
2021-09-28T20:40:00.000,I 285,75 and I 285,,Sideswipe-Same Direction,2,Clear,Dry,Dark-Lighted
2024-11-06T19:55:00.000,I 285,75 and I 285,,Rear End,2,Clear,Dry,Dark-Not Lighted
2023-03-28T17:11:00.000,I 285,75 and I 285,,Rear End,2,Clear,Dry,Daylight
2023-12-25T14:30:00.000,I 285,75 and I 285,,Sideswipe-Same Direction,2,Rain,Wet,Daylight
2023-01-30T13:41:00.000,I 285,75 and I 285,,Sideswipe-Same Direction,2,Cloudy,Dry,Daylight
2024-08-27T05:40:00.000,I 285,75 and I 285,,Not a Collision with Motor Vehicle,1,Clear,Dry,Dark-Not Lighted
2024-01-12T19:45:00.000,I 285,75 and I 285,,Rear End,2,Cloudy,Wet,Dark-Not Lighted
2024-04-15T18:27:00.000,I 285,75 and I 285,,Rear End,2,Clear,Dry,Daylight
2022-06-30T10:42:00.000,I 20,75 and I 20,,Angle Crash,2,Clear,Dry,Daylight
2021-10-15T12:10:00.000,I 16,75 and I 16,,Rear End,2,Clear,Dry,Daylight
2024-10-31T06:39:00.000,I 95,73 and I 95,,Sideswipe-Same Direction,2,Clear,Dry,Dark-Not Lighted
2024-10-23T09:29:00.000,I 95,72Mm and I 95,,Sideswipe-Same Direction,2,Clear,Dry,Daylight
2023-03-27T15:46:00.000,I 75,7 and I 75,,Sideswipe-Same Direction,2,Clear,Dry,Daylight
2023-05-13T17:20:00.000,I 75,7 and I 75,,Rear End,2,Clear,Dry,Daylight
2024-07-04T15:45:00.000,I 75,7 and I 75,,Rear End,2,Clear,Dry,Daylight
2021-08-11T00:12:00.000,I 95,69 and I 95,,Angle Crash,2,Clear,Dry,Dark-Not Lighted
2023-05-31T14:41:00.000,I 75,675 and I 75,,Rear End,2,Cloudy,Dry,Daylight
2020-05-27T10:27:00.000,I 75,675 and I 75,,Not a Collision with Motor Vehicle,1,Rain,Wet,Daylight
2022-04-21T19:47:00.000,I 75,675 and I 75,,Sideswipe-Same Direction,2,Clear,Dry,Dusk
2022-05-03T14:37:00.000,I 75,675 and I 75,,Sideswipe-Same Direction,2,Clear,Dry,Daylight
2024-10-14T11:27:00.000,I 75,675 and I 75,,Sideswipe-Same Direction,2,Clear,Dry,Daylight
2024-09-21T16:19:00.000,I 75,675 and I 75,,Sideswipe-Same Direction,2,Clear,Dry,Daylight
2023-10-18T20:21:00.000,I 75,675 and I 75,,Angle Crash,2,Clear,Dry,Dark-Lighted
2023-09-14T07:02:00.000,I 75,675 and I 75,,Rear End,2,Clear,Dry,Daylight
2024-11-12T10:49:00.000,I 75,675 and I 75,,Rear End,2,Clear,Dry,Daylight
2024-12-28T10:41:00.000,I 75,675 and I 75,,Rear End,2,Cloudy,Wet,Daylight
2024-09-02T16:01:00.000,I 75,675 and I 75,,Rear End,2,Clear,Dry,Daylight