Date and Time,Roadway (From Crash Report),Intersection Name (from Crash Report),KABCO Severity,Manner of Collision (Crash Level) ,# of Vehicles per crash ,Weather Conditions (Crash Level),Surface Condition (Crash Level) ,Light Conditions (Crash Level)
2024-07-21T16:33:00.000,I 75,675 and I 75,,Rear End,3,Rain,Wet,Daylight
2024-07-18T08:20:00.000,I 75,675 and I 75,,Rear End,2,Clear,Dry,Daylight
2024-07-29T13:54:00.000,I 75,675 and I 75,,Sideswipe-Opposite Direction,2,Clear,Dry,Daylight
2024-07-22T10:46:00.000,I 75,675 and I 75,,Rear End,3,Cloudy,Dry,Daylight
2023-03-26T06:35:00.000,I 285,675 and I 285,,Not a Collision with Motor Vehicle,1,Rain,Wet,Dark-Lighted
2022-09-10T05:20:00.000,I 285,675 and I 285,,Angle Crash,2,Rain,Wet,Dark-Not Lighted
2022-01-04T23:15:00.000,I 285,675 and I 285,,Not a Collision with Motor Vehicle,1,Clear,Dry,Dark-Lighted
2022-03-30T14:20:00.000,I 285,675 and I 285,,Rear End,2,Clear,Dry,Daylight
2021-02-02T06:20:00.000,I 95,66 and I 95,,Angle Crash,2,Clear,Dry,Dark-Not Lighted
2022-10-27T23:30:00.000,I 75,64 and I 75,,Sideswipe-Same Direction,2,Clear,Dry,Dark-Lighted
2023-11-25T04:31:00.000,I 16,63.5 and I 16,,(None),1,(None),(None),(None)
2023-04-28T07:47:00.000,I 85,63 and I 85,,Rear End,2,Cloudy,Wet,Daylight
2024-08-16T17:07:00.000,I 85,63 and I 85,,Not a Collision with Motor Vehicle,1,Clear,Dry,Daylight
2022-11-10T19:59:00.000,I 75,63 B and I 75,,Not a Collision with Motor Vehicle,1,Rain,Wet,Dark-Lighted
2021-02-13T07:45:00.000,I 75,62 and I 75,,Not a Collision with Motor Vehicle,1,Rain,Wet,Daylight
2023-02-10T14:59:00.000,I 75,62 and I 75,,Angle Crash,3,Rain,Wet,Daylight
2022-11-20T01:37:00.000,I 75,62 and I 75,,Angle Crash,3,Rain,Wet,Dark-Lighted
2021-08-10T01:13:00.000,I 75,61 and I 75,,Not a Collision with Motor Vehicle,1,Cloudy,Dry,Dark-Lighted
2021-09-21T11:00:00.000,I 75,5Th and I 75,,Sideswipe-Same Direction,2,Clear,Dry,Daylight
2022-08-12T10:45:00.000,I 75,5Th and I 75,,Rear End,2,Cloudy,Wet,Daylight
2023-10-11T14:20:00.000,I 75,575 and I 75,,Rear End,2,Cloudy,Dry,Daylight
2022-05-12T14:46:00.000,I 75,575 and I 75,,Rear End,2,Clear,Dry,Daylight
2023-04-02T12:55:00.000,I 75,575 and I 75,,Sideswipe-Same Direction,2,Clear,Dry,Daylight
2023-07-14T15:10:00.000,I 75,575 and I 75,,Sideswipe-Same Direction,2,Clear,Dry,Daylight
2023-03-31T20:51:00.000,I 75,575 and I 75,,Sideswipe-Same Direction,2,Clear,Dry,Dark-Not Lighted
2020-06-02T17:58:00.000,I 20,56B and I 20,,Rear End,2,Clear,Dry,Daylight
2023-08-17T13:43:00.000,I 16,56 and I 16,,Rear End,2,Clear,Dry,Daylight
2024-07-08T04:52:00.000,I 16,56 and I 16,,Angle Crash,2,Cloudy,Dry,Dark-Not Lighted
2023-02-22T12:21:00.000,I 85,54 and I 85,,Rear End,2,Cloudy,Dry,Daylight
2024-06-25T15:50:00.000,I 85,54 and I 85,,Sideswipe-Same Direction,2,Clear,Dry,Daylight
2024-08-04T23:24:00.000,I 85,54 and I 85,,Rear End,2,Clear,Dry,Dark-Not Lighted
2024-08-27T13:40:00.000,I 85,54 and I 85,,Not a Collision with Motor Vehicle,2,Clear,Dry,Daylight
2023-04-24T14:30:00.000,I 75,54 and I 75,,Sideswipe-Same Direction,2,Clear,Dry,Daylight
2023-05-13T15:05:00.000,I 85,53Mm and I 85,,Angle Crash,2,Cloudy,Dry,Daylight
2024-06-13T22:25:00.000,I 75,53 and I 75,,Angle Crash,2,Clear,Dry,Dark-Not Lighted
2022-10-29T13:25:00.000,I 85,52 and I 85,,Not a Collision with Motor Vehicle,1,Clear,Dry,Daylight
2023-02-17T10:10:00.000,I 85,52 and I 85,,Not a Collision with Motor Vehicle,1,Cloudy,Wet,Daylight
2020-03-05T09:32:00.000,I 75,52 and I 75,,Not a Collision with Motor Vehicle,1,Rain,Wet,Daylight
2023-09-14T21:30:00.000,I 16,516 and I 16,,Not a Collision with Motor Vehicle,1,Rain,Water (standing or moving),Dark-Lighted
2020-07-16T13:22:00.000,I 16,516 and I 16,,Angle Crash,2,Clear,Dry,Daylight
2022-02-12T18:32:00.000,I 16,516 and I 16,,Angle Crash,2,Clear,Dry,Dark-Lighted
2022-02-03T18:21:00.000,I 16,516 and I 16,,Rear End,2,Clear,Dry,Dark-Lighted
2022-09-19T16:17:00.000,I 16,516 and I 16,,Sideswipe-Same Direction,2,Clear,Dry,Daylight
2023-06-12T06:04:00.000,I 16,51 and I 16,,Sideswipe-Same Direction,2,Rain,Wet,Dark-Lighted
2024-09-09T10:50:00.000,I 16,5-16 and I 16,,Sideswipe-Same Direction,2,Clear,Dry,Daylight
2023-07-07T04:32:00.000,I 75,49 and I 75,,Sideswipe-Same Direction,2,Clear,Dry,Dark-Lighted
2024-09-08T01:02:00.000,I 75,49 and I 75,,Not a Collision with Motor Vehicle,1,Clear,Dry,Dark-Not Lighted
2024-11-08T17:28:00.000,I 75,49 and I 75,,Sideswipe-Same Direction,2,Clear,Dry,Daylight
2021-08-22T22:15:00.000,I 16,48 and I 16,,Not a Collision with Motor Vehicle,1,Rain,Wet,Dark-Not Lighted
2020-04-23T10:37:00.000,I 75,475 and I 75,,Not a Collision with Motor Vehicle,1,Rain,Wet,Daylight
2023-04-24T08:04:00.000,I 16,441 and I 16,,(None),2,(None),(None),(None)
2023-09-20T12:30:00.000,I 16,441 and I 16,,(None),2,(None),(None),(None)
2023-11-01T04:14:00.000,I 16,441 and I 16,,Not a Collision with Motor Vehicle,1,Clear,Dry,Dark-Not Lighted
2023-10-12T08:45:00.000,I 16,441 and I 16,,Not a Collision with Motor Vehicle,1,Rain,Wet,Daylight
2020-03-05T10:04:00.000,I 75,44 and I 75,,Not a Collision with Motor Vehicle,1,Rain,Wet,Daylight
2024-12-13T18:52:00.000,I 20,43.6 and I 20,,Rear End,3,Clear,Dry,Dark-Lighted
2024-07-06T18:39:00.000,I 16,43 and I 16,,(None),1,(None),(None),(None)
2020-08-28T11:20:00.000,I 75,40Mm and I 75,,Sideswipe-Same Direction,1,Clear,Dry,Daylight
2024-12-28T08:40:00.000,I-75,401 and I-75,,Sideswipe-Same Direction,2,Clear,Dry,Daylight
2024-10-06T10:01:00.000,I-75,401 and I-75,,Angle Crash,2,Clear,Dry,Daylight
2021-06-24T11:50:00.000,I 85,400S and I 85,,Rear End,2,Clear,Dry,Daylight
2021-02-11T16:25:00.000,I 85,400S and I 85,,Sideswipe-Same Direction,2,Rain,Wet,Daylight
2021-03-31T12:30:00.000,I 85,400S and I 85,,Rear End,2,Rain,Wet,Daylight
2023-12-18T09:20:00.000,I 85,400S and I 85,,Rear End,2,Clear,Dry,Daylight
2023-03-14T07:25:00.000,I 85,400S and I 85,,Rear End,2,Clear,Dry,Daylight
2023-04-06T07:20:00.000,I 85,400S and I 85,,Sideswipe-Same Direction,2,Clear,Dry,Daylight
2020-11-03T06:55:00.000,I 85,400S and I 85,,Sideswipe-Same Direction,4,Clear,Dry,Daylight
2020-12-10T16:40:00.000,I 85,400S and I 85,,Sideswipe-Same Direction,2,Clear,Dry,Daylight
2020-02-21T09:00:00.000,I 85,400S and I 85,,Sideswipe-Same Direction,2,Clear,Dry,Daylight
2020-01-03T15:25:00.000,I 85,400S and I 85,,Rear End,2,Rain,Wet,Daylight
2021-09-13T17:00:00.000,I 85,400S and I 85,,Rear End,4,Clear,Dry,Daylight
2021-09-13T14:30:00.000,I 85,400S and I 85,,Sideswipe-Same Direction,2,Clear,Dry,Daylight
2021-11-26T15:30:00.000,I 85,400S and I 85,,Rear End,2,Clear,Dry,Daylight
2022-02-18T16:50:00.000,I 85,400S and I 85,,Sideswipe-Same Direction,2,Clear,Dry,Daylight
2022-05-20T18:20:00.000,I 85,400S and I 85,,Rear End,2,Clear,Dry,Daylight
2021-09-08T07:25:00.000,I 85,400S and I 85,,Sideswipe-Same Direction,2,Clear,Dry,Daylight
2022-08-15T15:20:00.000,I 85,400S and I 85,,Rear End,2,Clear,Dry,Daylight
2022-04-07T17:40:00.000,I 85,400S and I 85,,Rear End,2,Clear,Dry,Daylight
2022-02-07T08:25:00.000,I 85,400S and I 85,,Rear End,2,Clear,Dry,Daylight
2023-04-21T13:30:00.000,I 85,400S and I 85,,Rear End,2,Clear,Dry,Daylight
2023-12-26T18:50:00.000,I 85,400S and I 85,,Rear End,5,Cloudy,Wet,Daylight
2023-08-07T10:00:00.000,I 85,400S and I 85,,Rear End,2,Clear,Dry,Daylight
2023-12-08T08:50:00.000,I 85,400S and I 85,,Rear End,3,Clear,Dry,Daylight
2023-07-06T12:25:00.000,I 85,400S and I 85,,Rear End,2,Clear,Dry,Daylight
2024-02-15T16:00:00.000,I 85,400S and I 85,,Rear End,2,Clear,Dry,Daylight
2024-04-26T15:50:00.000,I 85,400S and I 85,,Sideswipe-Same Direction,2,Clear,Dry,Daylight
2024-03-18T17:30:00.000,I 85,400S and I 85,,Rear End,2,Clear,Dry,Daylight
2023-12-28T18:00:00.000,I 285,400S and I 285,,Sideswipe-Same Direction,2,Clear,Dry,Dark-Lighted
2024-11-21T19:05:00.000,I 85,400 and I 85,,Rear End,4,Clear,Dry,Daylight
2020-11-11T08:56:00.000,I 285,400 and I 285,,Sideswipe-Same Direction,2,Clear,Wet,Daylight
2024-04-26T11:12:00.000,I 285,400 and I 285,,Angle Crash,2,Cloudy,Dry,Daylight
2023-11-25T00:00:00.000,I 75,3` and I 75,,Rear End,2,Clear,Dry,Daylight
2020-10-09T12:30:00.000,I 75,3Mm and I 75,,Sideswipe-Same Direction,2,Rain,Wet,Daylight
2023-10-12T05:10:00.000,I 20,38.2 and I 20,,(None),2,(None),(None),(None)
2023-04-01T11:45:00.000,I 75,38 and I 75,,Rear End,3,Clear,Dry,Daylight
2023-04-21T12:18:00.000,I 20,37 and I 20,,Sideswipe-Same Direction,2,Clear,Dry,Daylight
2021-11-09T07:15:00.000,I 20,37 and I 20,,Rear End,2,Clear,Dry,Daylight
2022-06-15T12:14:00.000,I 20,37 and I 20,,Sideswipe-Same Direction,2,Clear,Dry,Daylight
2021-03-14T23:10:00.000,I 75,36 and I 75,,Rear End,2,Clear,Dry,Dark-Lighted
2020-08-15T16:55:00.000,I 85,35Mm and I 85,,Not a Collision with Motor Vehicle,1,Rain,Wet,Daylight
2024-12-18T19:10:00.000,I 16,358 and I 16,,Rear End,2,Clear,Dry,Dark-Not Lighted
2024-07-26T16:50:00.000,I 75,352 and I 75,,Head On,1,Cloudy,Dry,Daylight
2021-04-23T07:26:00.000,I 20,35 and I 20,,Angle Crash,2,Clear,Dry,Daylight
2021-04-22T07:26:00.000,I 20,35 and I 20,,Angle Crash,2,Clear,Dry,Daylight
2023-09-29T08:53:00.000,I 75,345 and I 75,,(None),2,(None),(None),(None)
2021-01-16T12:20:00.000,I 75,341 and I 75,,Sideswipe-Same Direction,1,Cloudy,Dry,Daylight
2021-03-31T07:30:00.000,I 75,341 and I 75,,Sideswipe-Same Direction,2,Rain,Wet,Daylight
2020-05-29T01:30:00.000,I 75,341 and I 75,,Sideswipe-Same Direction,2,Rain,Wet,Dark-Not Lighted
2024-11-13T17:23:00.000,I 75,341 and I 75,,Rear End,2,Clear,Dry,Dusk
2024-04-20T18:15:00.000,I 75,340 and I 75,,Not a Collision with Motor Vehicle,1,Cloudy,Dry,Daylight
2023-08-18T05:45:00.000,I 285,34 and I 285,,Not a Collision with Motor Vehicle,1,Clear,Dry,Daylight
2021-10-27T19:03:00.000,I 285,33B and I 285,,Sideswipe-Same Direction,2,Clear,Dry,Dark-Lighted
2020-12-30T22:36:00.000,I 75,339 and I 75,,Rear End,2,Clear,Dry,Dark-Not Lighted
2021-11-12T05:19:00.000,I 75,339 and I 75,,Sideswipe-Same Direction,2,Clear,Wet,Dark-Not Lighted
2022-04-10T21:34:00.000,I 75,339 and I 75,,Not a Collision with Motor Vehicle,1,Clear,Dry,Dark-Not Lighted
2021-09-21T08:01:00.000,I 75,339 and I 75,,Rear End,2,Cloudy,Wet,Daylight
2024-07-01T21:36:00.000,I 75,339 and I 75,,Sideswipe-Same Direction,2,Clear,Dry,Dark-Not Lighted
2024-07-17T07:15:00.000,I 75,338 and I 75,,Not a Collision with Motor Vehicle,1,Clear,Wet,Daylight
2023-06-19T14:25:00.000,I 16,338 and I 16,,Sideswipe-Same Direction,2,Cloudy,Dry,Daylight
2024-10-16T08:18:00.000,I 16,338 and I 16,,Sideswipe-Same Direction,2,Clear,Dry,Daylight
2021-09-28T10:08:00.000,I 75,337 and I 75,,Sideswipe-Same Direction,2,Clear,Dry,Daylight
2021-08-19T15:23:00.000,I 75,337 and I 75,,Angle Crash,2,Clear,Wet,Daylight
2021-09-03T21:18:00.000,I 75,337 and I 75,,Rear End,2,Clear,Dry,Dark-Not Lighted
2020-10-03T13:15:00.000,I 75,337 and I 75,,Not a Collision with Motor Vehicle,1,Clear,Dry,Daylight
2021-10-13T02:49:00.000,I 75,337 and I 75,,Not a Collision with Motor Vehicle,1,Fog,Dry,Dark-Not Lighted
2023-12-02T15:45:00.000,I 75,337 and I 75,,Not a Collision with Motor Vehicle,1,Rain,Wet,Daylight
2023-10-06T18:40:00.000,I 75,337 and I 75,,Rear End,3,Rain,Wet,Daylight
2021-06-22T06:04:00.000,I 75,336 and I 75,,Not a Collision with Motor Vehicle,1,Rain,Wet,Dark-Lighted
2020-09-22T17:48:00.000,I 75,336 and I 75,,Not a Collision with Motor Vehicle,1,Clear,Dry,Dusk
2021-07-24T16:53:00.000,I 75,336 and I 75,,Rear End,2,Clear,Dry,Daylight
2022-08-28T18:54:00.000,I 75,336 and I 75,,Sideswipe-Same Direction,2,Clear,Dry,Daylight
2022-04-13T05:35:00.000,I 75,336 and I 75,,Rear End,2,Clear,Dry,Dark-Not Lighted
2024-09-16T13:37:00.000,I 75,331 and I 75,,Not a Collision with Motor Vehicle,1,Clear,Dry,Daylight
2021-11-22T09:01:00.000,I 75,329 and I 75,,Not a Collision with Motor Vehicle,1,Clear,Dry,Daylight
2020-12-08T16:19:00.000,I 75,328 and I 75,,Not a Collision with Motor Vehicle,1,Clear,Dry,Daylight
2021-04-14T13:17:00.000,I 75,328 and I 75,,Sideswipe-Same Direction,2,Cloudy,Dry,Daylight
2024-11-16T20:26:00.000,I 75,328 and I 75,,Not a Collision with Motor Vehicle,1,Clear,Dry,Dark-Not Lighted
2023-08-11T13:49:00.000,I 75,327 and I 75,,Rear End,3,Clear,Dry,Daylight
2023-08-18T11:11:00.000,I 75,327 and I 75,,Not a Collision with Motor Vehicle,1,Clear,Dry,Daylight
2021-04-03T13:39:00.000,I 75,327 and I 75,,Rear End,2,Clear,Dry,Daylight
2021-10-18T03:03:00.000,I 75,327 and I 75,,Rear End,3,Clear,Dry,Dark-Lighted
2022-07-24T22:11:00.000,I 75,327 and I 75,,Rear End,2,Cloudy,Dry,Dark-Not Lighted
2021-04-01T23:59:00.000,I 75,326 and I 75,,Rear End,2,Clear,Dry,Dark-Lighted
2023-10-10T15:10:00.000,I 75,326 and I 75,,Not a Collision with Motor Vehicle,1,Clear,Dry,Daylight
2020-03-18T18:30:00.000,I 75,326 and I 75,,Sideswipe-Same Direction,2,Clear,Dry,Daylight
2020-12-30T22:46:00.000,I 75,326 and I 75,,Rear End,2,Clear,Dry,Dark-Not Lighted
2021-03-18T10:47:00.000,I 75,326 and I 75,,Rear End,2,Clear,Dry,Daylight
2024-10-18T00:34:00.000,I 75,326 and I 75,,Sideswipe-Same Direction,4,Clear,Dry,Dark-Not Lighted
2021-10-16T06:27:00.000,I 75,325 and I 75,,Sideswipe-Same Direction,2,Rain,Wet,Dark-Not Lighted
2020-01-18T00:34:00.000,I 75,325 and I 75,,Not a Collision with Motor Vehicle,1,Clear,Dry,Dark-Not Lighted
2024-03-12T17:17:00.000,I 75,325 and I 75,,Sideswipe-Same Direction,2,Clear,Dry,Daylight
2023-10-23T15:43:00.000,I 75,324 and I 75,,Not a Collision with Motor Vehicle,1,Clear,Dry,Daylight
2022-08-26T21:57:00.000,I 75,32 and I 75,,Not a Collision with Motor Vehicle,1,Rain,Wet,Dark-Not Lighted
2024-08-03T00:23:00.000,I 75,32 and I 75,,Rear End,2,Clear,Dry,Dark-Not Lighted
2024-02-02T15:10:00.000,I 85,31`7 and I 85,,Rear End,3,Clear,Dry,Daylight
2021-10-08T06:20:00.000,I 75,31Mm and I 75,,Not a Collision with Motor Vehicle,2,Cloudy,Dry,Dark-Not Lighted
2023-09-09T18:45:00.000,I 85,317 and I 85,,Rear End,2,Clear,Wet,Daylight
2023-07-01T13:05:00.000,I 85,317 and I 85,,Rear End,2,Clear,Dry,Daylight
2023-12-15T22:20:00.000,I 85,317 and I 85,,Rear End,2,Clear,Dry,Dark-Not Lighted
2023-07-01T15:00:00.000,I 85,317 and I 85,,Rear End,2,Clear,Dry,Daylight
2024-05-21T19:50:00.000,I 85,317 and I 85,,Rear End,2,Clear,Dry,Daylight
2023-12-16T18:15:00.000,I 85,317 and I 85,,Rear End,2,Rain,Wet,Dark-Not Lighted
2023-07-30T00:40:00.000,I 85,317 and I 85,,Angle Crash,2,Clear,Dry,Dark-Not Lighted
2024-02-21T08:38:00.000,I 85,317 and I 85,,Rear End,2,Clear,Dry,Daylight
2023-01-07T06:03:00.000,I 85,316 and I 85,,Rear End,2,Clear,Dry,Dark-Lighted
2023-01-07T06:03:00.000,I 85,316 and I 85,,Angle Crash,1,Clear,Dry,Dark-Lighted
2020-06-30T22:15:00.000,I 85,316 and I 85,,Sideswipe-Same Direction,2,Clear,Dry,Dark-Not Lighted
2021-07-13T05:45:00.000,I 85,316 and I 85,,Angle Crash,2,Cloudy,Dry,Dawn
2021-08-17T04:40:00.000,I 85,316 and I 85,,Not a Collision with Motor Vehicle,1,Rain,Wet,Dark-Lighted
2021-10-02T11:06:00.000,I 85,316 and I 85,,Sideswipe-Same Direction,2,Clear,Dry,Daylight
2022-12-17T15:20:00.000,I 85,316 and I 85,,Sideswipe-Same Direction,2,Clear,Dry,Daylight
2022-03-23T20:30:00.000,I 85,316 and I 85,,Angle Crash,2,Clear,Dry,Dark-Lighted
2023-01-07T06:03:00.000,I 85,316 and I 85,,Rear End,2,Clear,Dry,Dark-Lighted
2023-04-14T04:40:00.000,I 85,316 and I 85,,Sideswipe-Same Direction,2,Rain,Wet,Dark-Lighted
2023-06-14T14:57:00.000,I 85,316 and I 85,,Not a Collision with Motor Vehicle,1,Rain,Wet,Daylight
2023-06-18T12:06:00.000,I 85,316 and I 85,,Rear End,2,Clear,Dry,Daylight
2024-10-30T07:45:00.000,I 85,316 and I 85,,Rear End,4,Clear,Dry,Dark-Lighted
2024-11-30T03:31:00.000,I 85,316 and I 85,,Head On,2,Clear,Dry,Dark-Lighted
2023-05-30T10:22:00.000,I 75,31 and I 75,,Rear End,2,Clear,Dry,Daylight
2023-08-28T13:30:00.000,I 75,31 and I 75,,Rear End,2,Clear,Dry,Daylight
2024-06-12T14:50:00.000,I 75,31 and I 75,,Sideswipe-Same Direction,2,Clear,Dry,Daylight
2024-06-24T17:03:00.000,I 16,31 and I 16,,Sideswipe-Same Direction,2,Clear,Dry,Daylight
2023-07-31T13:04:00.000,I 75,300 and I 75,,Angle Crash,2,Cloudy,Dry,Daylight
2024-08-18T05:26:00.000,I 75,300 and I 75,,Rear End,2,Clear,Dry,Dark-Not Lighted
2021-08-09T15:50:00.000,I 285,2O and I 285,,Rear End,4,Clear,Dry,Daylight
2023-05-06T22:59:00.000,I 16,297 and I 16,,Not a Collision with Motor Vehicle,1,Clear,Dry,Dark-Not Lighted
2023-05-09T11:20:00.000,I 16,297 and I 16,,Not a Collision with Motor Vehicle,1,Clear,Dry,Daylight
2020-12-12T11:20:00.000,I 75,291 and I 75,,Not a Collision with Motor Vehicle,1,Clear,Dry,Daylight
2021-10-17T20:45:00.000,I 75,290 and I 75,,Not a Collision with Motor Vehicle,2,Clear,Dry,Dark-Not Lighted
2024-11-21T19:17:00.000,I 85,29 and I 85,,Sideswipe-Same Direction,2,Clear,Dry,Dark-Not Lighted
2023-08-29T16:38:00.000,I 16,29 and I 16,,Not a Collision with Motor Vehicle,1,Cloudy,Dry,Daylight
2024-10-29T12:02:00.000,I 16,29 and I 16,,Not a Collision with Motor Vehicle,1,Clear,Dry,Daylight
2024-06-26T16:38:00.000,I 16,29 and I 16,,Not a Collision with Motor Vehicle,1,Clear,Dry,Daylight
2022-07-04T02:07:00.000,I 16,28Mm and I 16,,Not a Collision with Motor Vehicle,1,Cloudy,Wet,Dark-Not Lighted
2022-04-15T21:11:00.000,I 75,286 and I 75,,Sideswipe-Same Direction,3,Clear,Dry,Dark-Not Lighted
2021-10-16T19:48:00.000,I 85,285 and I 85,,Sideswipe-Same Direction,2,Clear,Dry,Dark-Lighted
2021-06-20T15:30:00.000,I 85,285 and I 85,,Rear End,2,Cloudy,Wet,Daylight
2021-03-22T06:40:00.000,I 85,285 and I 85,,Sideswipe-Same Direction,2,Clear,Dry,Daylight
2020-10-09T20:00:00.000,I 85,285 and I 85,,Rear End,2,Rain,Wet,Daylight
2023-09-11T14:05:00.000,I 85,285 and I 85,,Sideswipe-Same Direction,2,Clear,Dry,Daylight
2023-04-05T17:46:00.000,I 85,285 and I 85,,Rear End,2,Clear,Dry,Daylight
2023-10-30T14:02:00.000,I 85,285 and I 85,,Rear End,2,Clear,Dry,Daylight
2023-07-17T05:00:00.000,I 85,285 and I 85,,Angle Crash,2,Clear,Dry,Dark-Lighted
2022-02-19T14:24:00.000,I 85,285 and I 85,,Sideswipe-Same Direction,2,Clear,Dry,Daylight
2020-01-15T21:20:00.000,I 85,285 and I 85,,Sideswipe-Same Direction,2,Clear,Dry,Dark-Lighted
2020-10-09T15:58:00.000,I 85,285 and I 85,,Not a Collision with Motor Vehicle,1,Rain,Wet,Daylight
2020-04-24T13:34:00.000,I 85,285 and I 85,,Sideswipe-Same Direction,3,Clear,Dry,Daylight
2020-12-11T15:20:00.000,I 85,285 and I 85,,Sideswipe-Same Direction,2,Clear,Dry,Daylight
2020-10-09T21:30:00.000,I 85,285 and I 85,,Angle Crash,2,Rain,Wet,Dusk
2020-01-30T09:45:00.000,I 85,285 and I 85,,Rear End,2,Clear,Dry,Daylight
2020-01-13T00:00:00.000,I 85,285 and I 85,,Sideswipe-Same Direction,2,Rain,Wet,Dark-Not Lighted
2020-04-20T02:52:00.000,I 85,285 and I 85,,Not a Collision with Motor Vehicle,1,Rain,Wet,Dark-Lighted
2020-01-22T10:40:00.000,I 85,285 and I 85,,Rear End,2,Clear,Dry,Daylight
2020-07-17T13:53:00.000,I 85,285 and I 85,,Rear End,2,Clear,Dry,Daylight
2020-02-10T15:43:00.000,I 85,285 and I 85,,Rear End,2,Rain,Wet,Daylight
2021-06-24T14:39:00.000,I 85,285 and I 85,,Rear End,3,Clear,Dry,Daylight
2021-03-08T16:37:00.000,I 85,285 and I 85,,Sideswipe-Same Direction,2,Clear,Dry,Daylight
2021-04-01T00:11:00.000,I 85,285 and I 85,,Not a Collision with Motor Vehicle,2,Clear,Dry,Daylight
2021-08-20T17:30:00.000,I 85,285 and I 85,,Rear End,2,Cloudy,Dry,Daylight
2022-08-08T17:56:00.000,I 85,285 and I 85,,Sideswipe-Same Direction,2,Clear,Dry,Daylight
2022-09-13T16:49:00.000,I 85,285 and I 85,,Rear End,3,Clear,Dry,Daylight
2021-09-03T15:35:00.000,I 85,285 and I 85,,Angle Crash,2,Clear,Dry,Daylight
2022-09-04T05:00:00.000,I 85,285 and I 85,,Rear End,2,Cloudy,Wet,Dark-Lighted
2022-06-24T15:07:00.000,I 85,285 and I 85,,Sideswipe-Same Direction,2,Clear,Dry,Daylight
2022-05-16T10:00:00.000,I 85,285 and I 85,,Angle Crash,2,Clear,Dry,Daylight
2022-06-18T16:52:00.000,I 85,285 and I 85,,Sideswipe-Same Direction,2,Clear,Dry,Daylight
2022-05-10T19:52:00.000,I 85,285 and I 85,,Sideswipe-Same Direction,2,Clear,Dry,Daylight
2022-05-06T00:25:00.000,I 85,285 and I 85,,Sideswipe-Same Direction,2,Clear,Dry,Dark-Lighted
2022-06-01T16:42:00.000,I 85,285 and I 85,,Rear End,3,Clear,Dry,Daylight
2022-08-21T16:48:00.000,I 85,285 and I 85,,Sideswipe-Same Direction,3,Cloudy,Wet,Daylight
2022-03-03T18:54:00.000,I 85,285 and I 85,,Rear End,2,Clear,Dry,Daylight
2022-10-17T17:24:00.000,I 85,285 and I 85,,Rear End,2,Clear,Dry,Daylight
2022-09-19T17:25:00.000,I 85,285 and I 85,,Angle Crash,2,Clear,Dry,Daylight
2022-09-19T16:10:00.000,I 85,285 and I 85,,Rear End,2,Clear,Dry,Daylight
2022-05-18T10:00:00.000,I 85,285 and I 85,,Rear End,2,Clear,Dry,Daylight
2022-03-18T15:40:00.000,I 85,285 and I 85,,Rear End,2,Cloudy,Wet,Daylight
2023-03-03T06:00:00.000,I 85,285 and I 85,,Angle Crash,2,Cloudy,Wet,Daylight
2024-10-21T21:20:00.000,I 85,285 and I 85,,Rear End,2,Clear,Dry,Dark-Lighted
2024-07-04T11:00:00.000,I 85,285 and I 85,,Sideswipe-Same Direction,3,Clear,Dry,Daylight
2024-12-05T18:14:00.000,I 85,285 and I 85,,Rear End,5,Clear,Dry,Daylight
2023-05-20T18:20:00.000,I 85,285 and I 85,,Rear End,4,Cloudy,Dry,Daylight
2023-01-18T20:26:00.000,I 85,285 and I 85,,Rear End,3,Cloudy,Wet,Dark-Lighted
2023-07-17T15:00:00.000,I 85,285 and I 85,,Sideswipe-Same Direction,2,Cloudy,Dry,Daylight
2023-09-29T15:45:00.000,I 85,285 and I 85,,Rear End,2,Clear,Dry,Daylight
2023-10-22T00:33:00.000,I 85,285 and I 85,,Rear End,3,Clear,Dry,Dark-Lighted
2024-11-07T05:15:00.000,I 85,285 and I 85,,Sideswipe-Same Direction,3,Cloudy,Wet,Dark-Lighted
2024-11-25T07:50:00.000,I 85,285 and I 85,,Rear End,2,Clear,Dry,Daylight
2024-05-17T16:56:00.000,I 85,285 and I 85,,Rear End,2,Clear,Dry,Daylight
2021-06-10T19:21:00.000,I 75,285 and I 75,,Rear End,2,Clear,Dry,Daylight
2021-02-12T14:20:00.000,I 75,285 and I 75,,Angle Crash,2,Clear,Dry,Daylight
2021-09-15T10:25:00.000,I 75,285 and I 75,,Sideswipe-Same Direction,2,Clear,Wet,Dark-Not Lighted
2021-07-28T23:00:00.000,I 75,285 and I 75,,Rear End,2,Clear,Wet,Dark-Lighted
2021-08-12T10:00:00.000,I 75,285 and I 75,,Angle Crash,2,Clear,Dry,Daylight