Date and Time,Roadway (From Crash Report),Intersection Name (from Crash Report),KABCO Severity,Manner of Collision (Crash Level) ,# of Vehicles per crash ,Weather Conditions (Crash Level),Surface Condition (Crash Level) ,Light Conditions (Crash Level)
2024-11-23T15:50:00.000,I 95,21 and I 95,,Rear End,2,Clear,(None),(None)
2024-11-27T17:50:00.000,I 95,21 and I 95,,Rear End,2,Cloudy,Dry,Dark-Not Lighted
2021-08-14T22:04:00.000,I-75,20Eb and I-75,,Rear End,2,Clear,Dry,Dusk
2023-07-28T17:00:00.000,I 285,20Eb and I 285,,Sideswipe-Same Direction,2,Clear,Dry,Daylight
2021-03-28T18:47:00.000,I 75,208 and I 75,,Rear End,4,Cloudy,Dry,Daylight
2021-08-20T05:34:00.000,I 75,205 and I 75,,Rear End,2,Clear,Dry,Dark-Not Lighted
2021-05-10T06:55:00.000,I 95,204 and I 95,,Sideswipe-Same Direction,2,Clear,Dry,Dark-Not Lighted
2023-04-20T00:07:00.000,I 95,204 and I 95,,Sideswipe-Same Direction,2,Clear,Dry,Dark-Not Lighted
2024-12-08T15:38:00.000,I 95,204 and I 95,,Sideswipe-Same Direction,1,Clear,Dry,Daylight
2024-10-14T18:05:00.000,I 95,204 and I 95,,Angle Crash,2,Clear,Dry,Daylight
2024-04-09T13:30:00.000,I 95,204 and I 95,,Sideswipe-Same Direction,2,Cloudy,Dry,Daylight
2024-06-22T00:02:00.000,I 95,204 and I 95,,Sideswipe-Same Direction,2,Rain,Wet,Dark-Not Lighted
2023-04-23T04:00:00.000,I 16,20.5 and I 16,,Not a Collision with Motor Vehicle,1,Clear,Dry,Dark-Not Lighted
2021-08-24T12:03:00.000,I 285,20 and I 285,,Sideswipe-Opposite Direction,2,Clear,Dry,Daylight
2021-11-02T19:15:00.000,I 285,20 and I 285,,Rear End,3,Clear,Dry,Dark-Not Lighted
2021-11-15T16:26:00.000,I 285,20 and I 285,,Rear End,2,Clear,Dry,Daylight
2021-05-03T09:40:00.000,I 285,20 and I 285,,Rear End,2,Rain,Wet,Daylight
2021-04-24T14:00:00.000,I 285,20 and I 285,,Sideswipe-Same Direction,2,Clear,Dry,Daylight
2020-05-22T14:10:00.000,I 285,20 and I 285,,Rear End,2,Clear,Dry,Daylight
2023-07-27T07:03:00.000,I 285,20 and I 285,,Sideswipe-Same Direction,3,Clear,Dry,Daylight
2023-07-30T18:30:00.000,I 285,20 and I 285,,Sideswipe-Same Direction,2,Clear,Dry,Daylight
2023-10-02T00:00:00.000,I 285,20 and I 285,,Rear End,2,Clear,Dry,Daylight
2023-10-28T15:45:00.000,I 285,20 and I 285,,Rear End,2,Clear,Dry,Daylight
2020-04-03T16:15:00.000,I 285,20 and I 285,,Rear End,2,Clear,Dry,Daylight
2020-07-27T17:05:00.000,I 285,20 and I 285,,Rear End,2,Clear,Dry,Daylight
2021-01-07T07:03:00.000,I 285,20 and I 285,,Rear End,4,Clear,Dry,Dark-Not Lighted
2021-08-30T14:25:00.000,I 285,20 and I 285,,Rear End,2,Clear,Dry,Daylight
2021-12-02T12:03:00.000,I 285,20 and I 285,,Not a Collision with Motor Vehicle,1,Clear,Dry,Daylight
2021-09-30T22:50:00.000,I 285,20 and I 285,,Sideswipe-Same Direction,2,Clear,Dry,Dark-Lighted
2022-07-19T11:45:00.000,I 285,20 and I 285,,Sideswipe-Same Direction,2,Cloudy,Wet,Daylight
2022-01-19T12:00:00.000,I 285,20 and I 285,,Rear End,3,Clear,Dry,Daylight
2022-08-13T08:50:00.000,I 285,20 and I 285,,Sideswipe-Same Direction,2,Cloudy,Dry,Daylight
2024-11-20T15:38:00.000,I 285,20 and I 285,,Rear End,2,Clear,Dry,Daylight
2024-05-31T18:30:00.000,I 285,20 and I 285,,Angle Crash,2,Clear,Dry,Daylight
2023-01-18T19:18:00.000,I 285,20 and I 285,,Sideswipe-Same Direction,2,Clear,Wet,Dark-Lighted
2023-10-16T19:00:00.000,I 285,20 and I 285,,Sideswipe-Same Direction,2,Cloudy,Dry,Daylight
2024-11-22T11:00:00.000,I 285,20 and I 285,,Rear End,3,Clear,Dry,Daylight
2024-11-06T18:30:00.000,I 285,20 and I 285,,Rear End,2,Clear,Dry,Dark-Lighted
2024-10-03T11:18:00.000,I 285,20 and I 285,,Sideswipe-Same Direction,3,Clear,Dry,Daylight
2024-11-23T00:00:00.000,I 285,20 and I 285,,Rear End,3,Clear,Dry,Daylight
2020-11-17T23:43:00.000,I 20,20 and I 20,,Sideswipe-Same Direction,2,Clear,Dry,Dark-Not Lighted
2024-08-27T22:53:00.000,I 20,20 and I 20,,Rear End,2,Clear,Dry,Dark-Not Lighted
2020-07-01T20:10:00.000,I 16,19Mm and I 16,,Not a Collision with Motor Vehicle,1,Rain,Wet,Daylight
2024-08-22T07:20:00.000,I 16,199 and I 16,,Rear End,2,Cloudy,Dry,Daylight
2022-05-20T12:45:00.000,I 20,198 and I 20,,Sideswipe-Same Direction,2,Clear,Dry,Daylight
2023-07-05T09:18:00.000,I 16,19 and I 16,,Not a Collision with Motor Vehicle,1,Clear,Dry,Daylight
2024-12-17T23:50:00.000,I 16,19 and I 16,,Rear End,2,Clear,Dry,Dark-Not Lighted
2024-12-30T11:10:00.000,I 16,19 and I 16,,Not a Collision with Motor Vehicle,1,Clear,Dry,Daylight
2022-03-18T13:57:00.000,I 75,188 and I 75,,Not a Collision with Motor Vehicle,1,Rain,Wet,Daylight
2024-07-21T14:46:00.000,I 75,188 and I 75,,Rear End,2,Rain,Wet,Daylight
2024-11-05T12:55:00.000,I 75,186 and I 75,,Angle Crash,2,Clear,Dry,Daylight
2024-08-02T06:20:00.000,I 85,185 and I 85,,Sideswipe-Same Direction,2,Clear,Dry,Daylight
2023-03-29T06:50:00.000,I 85,18 and I 85,,Rear End,3,Clear,Dry,Dark-Not Lighted
2021-06-17T17:40:00.000,I 85,17Th and I 85,,Rear End,2,Clear,Dry,Daylight
2021-11-04T14:59:00.000,I 85,17Th and I 85,,Rear End,2,Cloudy,Dry,Daylight
2020-03-24T18:49:00.000,I 85,17Th and I 85,,Sideswipe-Same Direction,2,Clear,Dry,Daylight
2020-07-24T12:45:00.000,I 85,17Th and I 85,,Rear End,2,Clear,Dry,Daylight
2020-06-12T13:16:00.000,I 85,17Th and I 85,,Rear End,2,Clear,Dry,Daylight
2020-06-17T09:20:00.000,I 85,17Th and I 85,,Sideswipe-Same Direction,4,Clear,Dry,Daylight
2020-01-10T19:07:00.000,I 85,17Th and I 85,,Rear End,2,Clear,Dry,Dark-Lighted
2020-01-24T09:25:00.000,I 85,17Th and I 85,,Rear End,2,Cloudy,Wet,Daylight
2020-06-12T12:27:00.000,I 85,17Th and I 85,,Rear End,2,Clear,Dry,Daylight
2020-02-11T19:36:00.000,I 85,17Th and I 85,,Rear End,2,Rain,Wet,Dark-Lighted
2020-08-04T16:49:00.000,I 85,17Th and I 85,,Rear End,2,Clear,Dry,Daylight
2021-09-14T10:48:00.000,I 85,17Th and I 85,,Rear End,2,Clear,Dry,Daylight
2022-08-25T08:30:00.000,I 85,17Th and I 85,,Sideswipe-Same Direction,2,Rain,Wet,Daylight
2024-11-15T16:40:00.000,I 85,17Th and I 85,,Rear End,2,Clear,Dry,Daylight
2024-08-02T18:35:00.000,I 85,17Th and I 85,,Sideswipe-Same Direction,2,Clear,Dry,Daylight
2024-07-23T10:26:00.000,I 85,17Th and I 85,,Sideswipe-Same Direction,2,Clear,Dry,Daylight
2021-08-09T15:30:00.000,I 75,17Th and I 75,,Sideswipe-Same Direction,2,Clear,Dry,Daylight
2023-01-10T17:56:00.000,I 75,17Th and I 75,,Sideswipe-Same Direction,2,Cloudy,Dry,Dark-Lighted
2020-01-03T16:48:00.000,I 75,17Th and I 75,,Sideswipe-Same Direction,2,Rain,Wet,Dark-Lighted
2024-11-25T13:00:00.000,I 75,17Th and I 75,,Sideswipe-Same Direction,2,Clear,Dry,Daylight
2021-12-24T15:45:00.000,I 16,175 and I 16,,Not a Collision with Motor Vehicle,2,Clear,Dry,Daylight
2024-11-04T22:28:00.000,I 20,171 and I 20,,Rear End,2,Clear,Dry,Dark-Not Lighted
2024-12-04T16:14:00.000,I 16,171 and I 16,,Rear End,2,Clear,Dry,Daylight
2021-01-26T13:40:00.000,I 285,1675 and I 285,,Sideswipe-Opposite Direction,2,Clear,Dry,Daylight
2022-04-23T00:23:00.000,I 285,1675 and I 285,,Not a Collision with Motor Vehicle,1,Clear,Dry,Dark-Lighted
2023-12-10T07:25:00.000,I-75,166 and I-75,,Rear End,2,Rain,Water (standing or moving),Daylight
2020-06-14T22:50:00.000,I 85,166 and I 85,,Sideswipe-Same Direction,3,Cloudy,Wet,Dark-Lighted
2023-03-20T12:14:00.000,I 285,166 and I 285,,Sideswipe-Same Direction,2,Clear,Dry,Daylight
2020-09-05T23:05:00.000,I 16,165 and I 16,,Angle Crash,2,Rain,Water (standing or moving),Dark-Not Lighted
2024-07-28T02:56:00.000,I 16,165 and I 16,,Sideswipe-Same Direction,2,Clear,Dry,Dark-Not Lighted
2020-11-13T06:33:00.000,I 20,1645 and I 20,,Rear End,2,Fog,Dry,Dark-Not Lighted
2020-04-02T15:20:00.000,I 16,164 and I 16,,Sideswipe-Same Direction,2,Clear,Dry,Daylight
2021-03-29T18:05:00.000,I 16,163 and I 16,,Angle Crash,2,Clear,Dry,Daylight
2021-08-20T15:37:00.000,I 16,162 and I 16,,Sideswipe-Same Direction,2,Cloudy,Dry,Daylight
2023-05-20T22:41:00.000,I 95,16 and I 95,,Rear End,2,Clear,Dry,Dark-Not Lighted
2023-08-11T19:54:00.000,I 95,16 and I 95,,Not a Collision with Motor Vehicle,1,Cloudy,Wet,Dusk
2024-12-24T00:50:00.000,I 95,16 and I 95,,Angle Crash,2,Clear,Dry,Dark-Lighted
2024-10-28T06:54:00.000,I 95,16 and I 95,,Rear End,2,Cloudy,Dry,Dawn
2023-03-27T15:11:00.000,I 95,16 and I 95,,Angle Crash,3,Cloudy,Dry,Daylight
2024-10-07T22:44:00.000,I 95,16 and I 95,,Sideswipe-Same Direction,2,Clear,Dry,Dark-Not Lighted
2024-11-16T03:15:00.000,I 95,16 and I 95,,Not a Collision with Motor Vehicle,1,Clear,Dry,Dark-Not Lighted
2024-11-07T01:50:00.000,I 95,16 and I 95,,Sideswipe-Same Direction,2,Rain,Wet,Dark-Not Lighted
2024-08-06T13:23:00.000,I 95,16 and I 95,,Not a Collision with Motor Vehicle,1,Cloudy,Wet,Daylight
2024-06-30T04:28:00.000,I 95,16 and I 95,,Rear End,2,Clear,Dry,Dark-Not Lighted
2024-11-22T12:03:00.000,I 75,16 and I 75,,Rear End,2,Clear,Dry,Daylight
2023-08-15T18:30:00.000,I 16,16 and I 16,,Not a Collision with Motor Vehicle,1,Rain,Wet,Daylight
2024-07-17T10:42:00.000,I 75,159 and I 75,,Not a Collision with Motor Vehicle,1,Clear,Dry,Daylight
2021-05-04T17:26:00.000,I 16,157 and I 16,,Rear End,2,Rain,Wet,Daylight
2020-06-18T17:30:00.000,I 75,155S and I 75,,Sideswipe-Same Direction,2,Cloudy,Dry,Daylight
2022-05-24T22:19:00.000,I 75,155 and I 75,,Not a Collision with Motor Vehicle,1,Rain,Wet,Dark-Not Lighted
2024-11-26T06:51:00.000,I 85,154 and I 85,,Sideswipe-Same Direction,2,Cloudy,Wet,Dark-Not Lighted
2023-03-20T07:08:00.000,I 85,15 and I 85,,Sideswipe-Same Direction,2,Clear,Dry,Dawn
2020-02-04T11:53:00.000,I 85,14Th and I 85,,Not a Collision with Motor Vehicle,1,Clear,Dry,Daylight
2020-09-24T17:00:00.000,I 85,14Th and I 85,,Rear End,3,Rain,Wet,Daylight
2020-08-06T12:51:00.000,I 85,14Th and I 85,,Sideswipe-Same Direction,2,Clear,Dry,Daylight
2020-01-07T18:00:00.000,I 85,14Th and I 85,,Rear End,2,Clear,Dry,Dark-Lighted
2020-06-19T19:10:00.000,I 85,14Th and I 85,,Rear End,3,Clear,Dry,Daylight
2020-02-06T19:25:00.000,I 85,14Th and I 85,,Rear End,2,Rain,Wet,Dark-Lighted
2021-08-09T13:20:00.000,I 75,14Th and I 75,,Rear End,2,Clear,Dry,Daylight
2023-06-20T19:00:00.000,I 75,14Th and I 75,,Rear End,2,Cloudy,Wet,Daylight
2023-08-21T12:00:00.000,I 75,14Th and I 75,,Rear End,2,Clear,Dry,Daylight
2021-12-12T16:47:00.000,I 85,148 and I 85,,Rear End,1,Clear,Dry,Daylight
2021-01-13T11:43:00.000,I 85,143 and I 85,,Sideswipe-Same Direction,2,Cloudy,Dry,Daylight
2023-09-15T12:00:00.000,I 16,143 and I 16,,Sideswipe-Same Direction,1,Cloudy,Dry,Daylight
2024-12-13T22:30:00.000,I 20,142 and I 20,,Angle Crash,2,Clear,Dry,Dark-Lighted
2024-05-27T10:19:00.000,I 20,142 and I 20,,Not a Collision with Motor Vehicle,1,Rain,Wet,Daylight
2024-10-13T15:43:00.000,I 20,142 and I 20,,Angle Crash,2,Clear,Dry,Daylight
2024-11-17T02:43:00.000,I 20,142 and I 20,,Not a Collision with Motor Vehicle,1,Clear,Dry,Dark-Not Lighted
2021-03-02T15:25:00.000,I 285,141 and I 285,,Rear End,2,Cloudy,Dry,Daylight
2021-05-13T08:08:00.000,I 285,141 and I 285,,Rear End,2,Clear,Dry,Daylight
2021-06-21T15:00:00.000,I 285,141 and I 285,,Sideswipe-Same Direction,2,Cloudy,Dry,Daylight
2021-06-24T19:30:00.000,I 285,141 and I 285,,Rear End,2,Clear,Dry,Daylight
2021-05-06T16:00:00.000,I 285,141 and I 285,,Rear End,2,Clear,Dry,Daylight
2021-02-18T07:30:00.000,I 285,141 and I 285,,Head On,1,Rain,Wet,Daylight
2021-04-18T16:54:00.000,I 285,141 and I 285,,Sideswipe-Same Direction,2,Clear,Dry,Daylight
2021-03-02T09:00:00.000,I 285,141 and I 285,,Rear End,2,Cloudy,Dry,Daylight
2021-01-07T18:04:00.000,I 285,141 and I 285,,Rear End,2,Rain,Wet,Dark-Lighted
2021-02-02T18:12:00.000,I 285,141 and I 285,,Rear End,2,Clear,Dry,Dark-Lighted
2021-02-25T14:42:00.000,I 285,141 and I 285,,Angle Crash,2,Clear,Dry,Daylight
2021-02-03T17:51:00.000,I 285,141 and I 285,,Angle Crash,2,Clear,Dry,Daylight
2021-04-09T11:54:00.000,I 285,141 and I 285,,Sideswipe-Same Direction,2,Clear,Dry,Daylight
2021-06-22T14:00:00.000,I 285,141 and I 285,,Rear End,2,Clear,Dry,Daylight
2021-04-29T09:15:00.000,I 285,141 and I 285,,Rear End,2,Clear,Dry,Daylight
2021-05-26T03:50:00.000,I 285,141 and I 285,,Rear End,2,Cloudy,Dry,Daylight
2021-01-08T15:21:00.000,I 285,141 and I 285,,Rear End,2,Cloudy,Wet,Daylight
2021-10-18T09:28:00.000,I 285,141 and I 285,,Rear End,2,Clear,Dry,Daylight
2021-11-16T06:51:00.000,I 285,141 and I 285,,Rear End,2,Clear,Dry,Daylight
2021-11-11T13:15:00.000,I 285,141 and I 285,,Rear End,2,Clear,Dry,Daylight
2021-08-12T17:20:00.000,I 285,141 and I 285,,Rear End,2,Clear,Dry,Daylight
2021-12-02T17:07:00.000,I 285,141 and I 285,,Sideswipe-Same Direction,2,Clear,Dry,Dark-Not Lighted
2021-10-03T21:50:00.000,I 285,141 and I 285,,Sideswipe-Same Direction,2,Cloudy,Snow,Dark-Lighted
2021-07-26T21:43:00.000,I 285,141 and I 285,,Not a Collision with Motor Vehicle,1,Clear,Dry,Dark-Lighted
2021-11-15T10:19:00.000,I 285,141 and I 285,,Angle Crash,2,Clear,Dry,Daylight
2021-10-12T16:54:00.000,I 285,141 and I 285,,Sideswipe-Same Direction,3,Clear,Dry,Daylight
2021-11-10T12:01:00.000,I 285,141 and I 285,,Rear End,2,Clear,Dry,Daylight
2021-09-14T16:30:00.000,I 285,141 and I 285,,Rear End,2,Cloudy,Dry,Daylight
2021-12-14T07:33:00.000,I 285,141 and I 285,,Rear End,2,Cloudy,Dry,Daylight
2021-08-14T19:06:00.000,I 285,141 and I 285,,Rear End,2,Rain,Wet,Daylight
2021-07-15T15:33:00.000,I 285,141 and I 285,,Rear End,2,Clear,Dry,Daylight
2021-07-30T14:45:00.000,I 285,141 and I 285,,Rear End,3,Clear,Dry,Daylight
2021-09-13T08:05:00.000,I 285,141 and I 285,,Rear End,5,Clear,Dry,Daylight
2021-10-30T15:05:00.000,I 285,141 and I 285,,Not a Collision with Motor Vehicle,1,Rain,Wet,Daylight
2021-11-30T09:24:00.000,I 285,141 and I 285,,Rear End,2,Clear,Dry,Daylight
2021-11-30T16:11:00.000,I 285,141 and I 285,,Rear End,2,Clear,Dry,Daylight
2021-09-17T15:27:00.000,I 285,141 and I 285,,Rear End,2,Cloudy,Dry,Daylight
2021-10-29T06:59:00.000,I 285,141 and I 285,,Rear End,2,Clear,Dry,Dark-Lighted
2021-06-02T13:56:00.000,I 285,141 and I 285,,Rear End,2,Cloudy,Dry,Daylight
2021-01-14T08:33:00.000,I 285,141 and I 285,,Rear End,3,Clear,Dry,Daylight
2021-03-03T17:31:00.000,I 285,141 and I 285,,Rear End,2,Clear,Dry,Daylight
2021-04-23T12:47:00.000,I 285,141 and I 285,,Rear End,2,Clear,Dry,Daylight
2021-06-29T14:22:00.000,I 285,141 and I 285,,Rear End,2,Cloudy,Dry,Daylight
2021-05-25T09:42:00.000,I 285,141 and I 285,,Rear End,2,Clear,Dry,Daylight
2021-01-12T08:32:00.000,I 285,141 and I 285,,Rear End,2,Cloudy,Wet,Daylight
2021-02-08T12:27:00.000,I 285,141 and I 285,,Rear End,2,Clear,Dry,Daylight
2021-04-28T10:26:00.000,I 285,141 and I 285,,Rear End,2,Cloudy,Dry,Daylight
2021-06-10T18:04:00.000,I 285,141 and I 285,,Rear End,3,Rain,Wet,Daylight
2021-06-16T19:04:00.000,I 285,141 and I 285,,Rear End,2,Clear,Dry,Daylight
2021-03-14T12:33:00.000,I 285,141 and I 285,,Not a Collision with Motor Vehicle,1,Clear,Dry,Daylight
2021-06-22T19:16:00.000,I 285,141 and I 285,,Sideswipe-Same Direction,2,Clear,Dry,Daylight
2021-06-07T09:23:00.000,I 285,141 and I 285,,Sideswipe-Same Direction,2,Clear,Dry,Daylight
2021-06-08T12:33:00.000,I 285,141 and I 285,,Sideswipe-Same Direction,2,Clear,Dry,Daylight
2021-06-11T14:36:00.000,I 285,141 and I 285,,Rear End,2,Clear,Dry,Daylight
2021-01-17T17:35:00.000,I 285,141 and I 285,,Rear End,2,Clear,Dry,Daylight
2021-02-08T17:54:00.000,I 285,141 and I 285,,Rear End,2,Cloudy,Dry,Daylight
2021-04-15T14:16:00.000,I 285,141 and I 285,,Sideswipe-Opposite Direction,2,Cloudy,Dry,Dark-Lighted
2021-04-13T10:38:00.000,I 285,141 and I 285,,Angle Crash,2,Clear,Dry,Daylight
2021-03-12T08:03:00.000,I 285,141 and I 285,,Sideswipe-Same Direction,2,Cloudy,Dry,Daylight
2021-06-08T12:27:00.000,I 285,141 and I 285,,Sideswipe-Same Direction,2,Cloudy,Dry,Daylight
2021-04-26T08:49:00.000,I 285,141 and I 285,,Rear End,2,Clear,Dry,Daylight
2021-04-15T19:31:00.000,I 285,141 and I 285,,Rear End,2,Clear,Dry,Daylight
2021-05-07T08:58:00.000,I 285,141 and I 285,,Rear End,2,Clear,Dry,Daylight
2021-05-08T09:08:00.000,I 285,141 and I 285,,Rear End,2,Clear,Dry,Daylight
2021-04-01T06:56:00.000,I 285,141 and I 285,,Rear End,2,Clear,Dry,Dark-Lighted
2021-03-25T15:56:00.000,I 285,141 and I 285,,Rear End,2,Cloudy,Wet,Daylight
2021-02-03T14:37:00.000,I 285,141 and I 285,,Angle Crash,2,Clear,Dry,Daylight
2021-03-13T18:19:00.000,I 285,141 and I 285,,Rear End,2,Clear,Dry,Daylight
2021-05-27T03:50:00.000,I 285,141 and I 285,,Rear End,2,Cloudy,Dry,Daylight
2021-05-11T17:00:00.000,I 285,141 and I 285,,Head On,2,Cloudy,Dry,Daylight
2021-09-01T18:47:00.000,I 285,141 and I 285,,Sideswipe-Same Direction,2,Clear,Dry,Daylight
2021-09-03T14:58:00.000,I 285,141 and I 285,,Rear End,2,Cloudy,Dry,Daylight
2021-11-23T17:55:00.000,I 285,141 and I 285,,Sideswipe-Same Direction,3,Cloudy,Dry,Dark-Lighted
2021-09-21T08:05:00.000,I 285,141 and I 285,,Rear End,2,Cloudy,Dry,Daylight
2021-08-23T16:40:00.000,I 285,141 and I 285,,Rear End,2,Cloudy,Dry,Daylight
2021-12-02T09:26:00.000,I 285,141 and I 285,,Rear End,2,Clear,Dry,Daylight
2021-11-04T05:52:00.000,I 285,141 and I 285,,Sideswipe-Same Direction,2,Clear,Dry,Daylight
2021-09-23T18:47:00.000,I 285,141 and I 285,,Rear End,2,Clear,Dry,Daylight
2021-11-02T09:55:00.000,I 285,141 and I 285,,Rear End,2,Clear,Dry,Daylight
2021-08-01T12:30:00.000,I 285,141 and I 285,,Rear End,2,Clear,Dry,Daylight
2021-10-25T07:36:00.000,I 285,141 and I 285,,Rear End,2,Clear,Dry,Daylight
2021-09-14T07:13:00.000,I 285,141 and I 285,,Rear End,2,Cloudy,Dry,Daylight
2021-11-18T10:51:00.000,I 285,141 and I 285,,Rear End,2,Clear,Dry,Daylight
2021-07-20T07:38:00.000,I 285,141 and I 285,,Rear End,2,Cloudy,Wet,Daylight
2021-10-22T14:43:00.000,I 285,141 and I 285,,Rear End,2,Clear,Dry,Daylight
2021-11-24T12:17:00.000,I 285,141 and I 285,,Rear End,2,Clear,Dry,Daylight
2021-09-20T13:38:00.000,I 285,141 and I 285,,Rear End,2,Rain,Wet,Daylight
2021-12-16T19:46:00.000,I 285,141 and I 285,,Rear End,2,Clear,Dry,Dark-Not Lighted
2021-10-01T15:01:00.000,I 285,141 and I 285,,Rear End,3,Clear,Dry,Daylight
2021-12-09T09:03:00.000,I 285,141 and I 285,,Rear End,2,Clear,Dry,Daylight
2021-09-16T13:35:00.000,I 285,141 and I 285,,Rear End,2,Cloudy,Dry,Daylight
2021-08-18T10:12:00.000,I 285,141 and I 285,,Sideswipe-Same Direction,2,Clear,Dry,Daylight
2021-07-02T19:40:00.000,I 285,141 and I 285,,Rear End,2,Cloudy,Dry,Daylight
2021-11-08T18:42:00.000,I 285,141 and I 285,,Rear End,2,Clear,Dry,Dark-Lighted
2021-07-28T10:25:00.000,I 285,141 and I 285,,Rear End,2,Cloudy,Dry,Daylight
2021-03-19T11:00:00.000,I 285,141 and I 285,,Sideswipe-Same Direction,2,Clear,Dry,Daylight
2021-06-08T07:36:00.000,I 285,141 and I 285,,Sideswipe-Same Direction,2,Cloudy,Dry,Daylight
2021-01-06T16:02:00.000,I 285,141 and I 285,,Sideswipe-Same Direction,2,Clear,Dry,Daylight
2021-05-20T15:51:00.000,I 285,141 and I 285,,Rear End,2,Clear,Dry,Daylight
2021-06-12T15:57:00.000,I 285,141 and I 285,,Rear End,2,Clear,Dry,Daylight
2021-09-22T15:11:00.000,I 285,141 and I 285,,Rear End,2,Cloudy,Dry,Daylight
2021-10-05T11:59:00.000,I 285,141 and I 285,,Rear End,2,Rain,Wet,Daylight
2021-09-21T10:48:00.000,I 285,141 and I 285,,Rear End,2,Cloudy,Dry,Daylight
2021-08-06T08:19:00.000,I 285,141 and I 285,,Rear End,2,Clear,Dry,Daylight
2021-10-08T16:14:00.000,I 285,141 and I 285,,Rear End,3,Clear,Dry,Daylight
2021-10-31T18:16:00.000,I 285,141 and I 285,,Not a Collision with Motor Vehicle,1,Clear,Dry,Daylight
2021-12-08T10:31:00.000,I 285,141 and I 285,,Sideswipe-Same Direction,2,Clear,Wet,Daylight
2021-09-24T08:38:00.000,I 285,141 and I 285,,Rear End,2,Clear,Dry,Daylight
2021-10-15T23:01:00.000,I 285,141 and I 285,,Sideswipe-Same Direction,2,Clear,Dry,Dark-Lighted
2021-10-17T01:36:00.000,I 285,141 and I 285,,Angle Crash,2,Clear,Dry,Dark-Lighted
2021-10-27T04:59:00.000,I 285,141 and I 285,,Sideswipe-Same Direction,2,Clear,Dry,Dark-Lighted
2021-09-28T16:50:00.000,I 285,141 and I 285,,Sideswipe-Same Direction,2,Clear,Dry,Daylight
2021-11-11T17:05:00.000,I 285,141 and I 285,,Not a Collision with Motor Vehicle,1,Cloudy,Dry,Daylight
2021-09-21T18:15:00.000,I 285,141 and I 285,,Sideswipe-Same Direction,2,Clear,Dry,Daylight
2021-08-12T17:30:00.000,I 285,141 and I 285,,Rear End,2,Clear,Dry,Daylight
2021-09-23T17:25:00.000,I 285,141 and I 285,,Rear End,2,Cloudy,Dry,Daylight
2021-10-05T09:23:00.000,I 285,141 and I 285,,Rear End,3,Rain,Wet,Daylight
2021-12-23T08:03:00.000,I 285,141 and I 285,,Rear End,2,Clear,Dry,Daylight
2021-11-01T16:13:00.000,I 285,141 and I 285,,Rear End,2,Cloudy,Dry,Daylight
2021-11-22T14:40:00.000,I 285,141 and I 285,,Rear End,2,Clear,Dry,Daylight
2021-09-08T08:26:00.000,I 285,141 and I 285,,Sideswipe-Same Direction,2,Cloudy,Wet,Daylight
2021-09-19T14:42:00.000,I 285,141 and I 285,,Rear End,2,Cloudy,Dry,Daylight
2021-09-03T15:56:00.000,I 285,141 and I 285,,Sideswipe-Same Direction,2,Clear,Dry,Daylight
2021-08-23T16:30:00.000,I 285,141 and I 285,,Angle Crash,2,Clear,Dry,Daylight
2021-11-24T12:09:00.000,I 285,141 and I 285,,Sideswipe-Same Direction,2,Clear,Dry,Daylight
2021-01-20T18:43:00.000,I 285,141 and I 285,,Rear End,2,Clear,Dry,Dark-Lighted
2021-04-30T16:59:00.000,I 285,141 and I 285,,Rear End,2,Clear,Dry,Daylight
2021-02-17T07:50:00.000,I 285,141 and I 285,,Rear End,2,Clear,Ice/Frost,Daylight
2021-06-30T09:34:00.000,I 285,141 and I 285,,Rear End,2,Clear,Dry,Daylight
2021-02-05T14:06:00.000,I 285,141 and I 285,,Rear End,2,Clear,Dry,Daylight
2021-02-15T17:33:00.000,I 285,141 and I 285,,Rear End,2,Rain,Wet,Daylight
2021-03-20T22:12:00.000,I 285,141 and I 285,,Rear End,2,Cloudy,Dry,Dark-Not Lighted
2021-01-14T07:03:00.000,I 285,141 and I 285,,Rear End,2,Clear,Dry,Dark-Lighted
2021-04-20T12:32:00.000,I 285,141 and I 285,,Angle Crash,2,Clear,Dry,Daylight
2021-05-27T17:19:00.000,I 285,141 and I 285,,Rear End,3,Cloudy,Dry,Daylight
2021-06-09T18:00:00.000,I 285,141 and I 285,,Rear End,2,Cloudy,Dry,Daylight
2021-01-12T09:50:00.000,I 285,141 and I 285,,Rear End,2,Clear,Dry,Daylight
2021-02-18T16:43:00.000,I 285,141 and I 285,,Sideswipe-Same Direction,2,Cloudy,Wet,Daylight
2021-09-06T21:32:00.000,I 285,141 and I 285,,Rear End,2,Clear,Dry,Dark-Not Lighted
2021-07-30T07:58:00.000,I 285,141 and I 285,,Rear End,2,Clear,Dry,Daylight