Date and Time,Roadway (From Crash Report),Intersection Name (from Crash Report),KABCO Severity,Manner of Collision (Crash Level) ,# of Vehicles per crash ,Weather Conditions (Crash Level),Surface Condition (Crash Level) ,Light Conditions (Crash Level)
2021-08-17T13:30:00.000,I 285,141 and I 285,,Rear End,2,Rain,Wet,Daylight
2021-07-15T16:08:00.000,I 285,141 and I 285,,Rear End,2,Clear,Dry,Daylight
2021-11-21T11:41:00.000,I 285,141 and I 285,,Rear End,2,Clear,Dry,Daylight
2021-12-10T18:15:00.000,I 285,141 and I 285,,Rear End,2,Clear,Dry,Dark-Not Lighted
2021-07-22T16:18:00.000,I 285,141 and I 285,,Rear End,2,Clear,Dry,Daylight
2021-12-17T07:41:00.000,I 285,141 and I 285,,Rear End,2,Clear,Dry,Daylight
2021-10-03T18:36:00.000,I 285,141 and I 285,,Rear End,3,Clear,Wet,Daylight
2021-09-01T08:57:00.000,I 285,141 and I 285,,Rear End,2,Cloudy,Dry,Daylight
2021-12-10T19:44:00.000,I 285,141 and I 285,,Angle Crash,2,Clear,Dry,Dark-Lighted
2021-07-11T14:50:00.000,I 285,141 and I 285,,Angle Crash,2,Clear,Dry,Daylight
2021-07-06T14:52:00.000,I 285,141 and I 285,,Rear End,2,Cloudy,Dry,Daylight
2021-10-15T16:17:00.000,I 285,141 and I 285,,Rear End,3,Cloudy,Dry,Daylight
2021-08-11T14:08:00.000,I 285,141 and I 285,,Rear End,2,Rain,Wet,Daylight
2021-08-19T08:38:00.000,I 285,141 and I 285,,Rear End,2,Cloudy,Dry,Daylight
2021-10-21T15:16:00.000,I 285,141 and I 285,,Rear End,2,Clear,Dry,Daylight
2021-09-24T20:45:00.000,I 285,141 and I 285,,Rear End,2,Clear,Dry,Dark-Not Lighted
2021-10-16T17:34:00.000,I 285,141 and I 285,,Rear End,2,Clear,Dry,Daylight
2021-07-02T07:08:00.000,I 285,141 and I 285,,Rear End,2,Rain,Wet,Daylight
2021-09-14T20:26:00.000,I 285,141 and I 285,,Sideswipe-Same Direction,2,Clear,Dry,Dark-Not Lighted
2021-09-15T18:50:00.000,I 285,141 and I 285,,Rear End,2,Rain,Wet,Daylight
2021-09-08T06:48:00.000,I 285,141 and I 285,,Rear End,2,Cloudy,Wet,Dark-Not Lighted
2021-07-26T18:06:00.000,I 285,141 and I 285,,Rear End,2,Clear,Dry,Daylight
2021-04-12T14:54:00.000,I 285,141 and I 285,,Rear End,2,Clear,Dry,Daylight
2021-05-10T09:23:00.000,I 285,141 and I 285,,Rear End,2,Cloudy,Wet,Daylight
2021-06-04T20:26:00.000,I 285,141 and I 285,,Angle Crash,2,Clear,Dry,Dusk
2021-06-24T16:00:00.000,I 285,141 and I 285,,Rear End,2,Cloudy,Dry,Daylight
2021-05-07T07:18:00.000,I 285,141 and I 285,,Rear End,2,Clear,Dry,Daylight
2021-03-02T13:18:00.000,I 285,141 and I 285,,Sideswipe-Same Direction,2,Cloudy,Dry,Daylight
2021-04-30T08:47:00.000,I 285,141 and I 285,,Rear End,2,Clear,Dry,Daylight
2021-02-23T10:06:00.000,I 285,141 and I 285,,Sideswipe-Same Direction,2,Cloudy,Dry,Daylight
2021-05-14T16:24:00.000,I 285,141 and I 285,,Rear End,3,Clear,Dry,Daylight
2021-02-12T13:50:00.000,I 285,141 and I 285,,Sideswipe-Same Direction,2,Cloudy,Wet,Daylight
2021-05-07T07:11:00.000,I 285,141 and I 285,,(None),3,(None),(None),(None)
2021-01-29T18:36:00.000,I 285,141 and I 285,,Rear End,4,Clear,Dry,Dark-Lighted
2020-10-30T08:28:00.000,I 285,141 and I 285,,Sideswipe-Same Direction,2,Cloudy,Dry,Daylight
2020-02-03T08:33:00.000,I 285,141 and I 285,,Rear End,2,Clear,Dry,Daylight
2020-09-14T17:50:00.000,I 285,141 and I 285,,Rear End,2,Clear,Dry,Daylight
2020-05-23T08:24:00.000,I 285,141 and I 285,,Rear End,2,Clear,Dry,Daylight
2020-03-01T06:31:00.000,I 285,141 and I 285,,Rear End,2,Clear,Dry,Dark-Lighted
2020-07-06T09:47:00.000,I 285,141 and I 285,,Rear End,2,Rain,Wet,Daylight
2020-09-24T13:47:00.000,I 285,141 and I 285,,Sideswipe-Same Direction,3,Rain,Wet,Daylight
2020-01-18T17:41:00.000,I 285,141 and I 285,,Angle Crash,2,Clear,Dry,Dark-Lighted
2020-11-12T18:00:00.000,I 285,141 and I 285,,Rear End,2,Clear,Dry,Dark-Not Lighted
2020-09-22T18:18:00.000,I 285,141 and I 285,,Rear End,2,Clear,Dry,Daylight
2020-01-30T09:03:00.000,I 285,141 and I 285,,Rear End,2,Clear,Dry,Daylight
2020-02-03T01:30:00.000,I 285,141 and I 285,,Not a Collision with Motor Vehicle,1,Clear,Dry,Dark-Lighted
2020-11-24T17:55:00.000,I 285,141 and I 285,,Rear End,2,Clear,Dry,Dark-Not Lighted
2020-06-27T18:58:00.000,I 285,141 and I 285,,Not a Collision with Motor Vehicle,1,Cloudy,Wet,Daylight
2020-02-26T10:30:00.000,I 285,141 and I 285,,Sideswipe-Same Direction,2,Cloudy,Dry,Daylight
2020-09-21T14:26:00.000,I 285,141 and I 285,,Sideswipe-Same Direction,2,Clear,Dry,Daylight
2020-10-09T13:31:00.000,I 285,141 and I 285,,Sideswipe-Same Direction,2,Rain,Wet,Daylight
2020-07-31T14:41:00.000,I 285,141 and I 285,,Rear End,2,Clear,Dry,Daylight
2020-07-06T16:03:00.000,I 285,141 and I 285,,Sideswipe-Same Direction,2,Cloudy,Dry,Daylight
2020-08-10T08:37:00.000,I 285,141 and I 285,,Rear End,2,Cloudy,Dry,Daylight
2020-07-20T14:08:00.000,I 285,141 and I 285,,Sideswipe-Same Direction,2,Cloudy,Dry,Daylight
2020-01-08T10:52:00.000,I 285,141 and I 285,,Rear End,2,Clear,Dry,Daylight
2020-01-17T08:02:00.000,I 285,141 and I 285,,Rear End,2,Clear,Dry,Daylight
2020-12-07T10:44:00.000,I 285,141 and I 285,,Sideswipe-Same Direction,2,Cloudy,Dry,Daylight
2020-09-17T12:53:00.000,I 285,141 and I 285,,Rear End,2,Cloudy,Dry,Daylight
2023-03-02T20:00:00.000,I 285,141 and I 285,,Sideswipe-Same Direction,2,Clear,Wet,Dark-Lighted
2023-07-04T13:44:00.000,I 285,141 and I 285,,Rear End,2,Clear,Dry,Daylight
2023-01-06T07:00:00.000,I 285,141 and I 285,,Rear End,3,Clear,Dry,Dark-Lighted
2023-05-21T16:16:00.000,I 285,141 and I 285,,Rear End,3,Clear,Dry,Daylight
2023-02-28T20:43:00.000,I 285,141 and I 285,,Rear End,2,Clear,Dry,Dark-Not Lighted
2023-07-05T11:10:00.000,I 285,141 and I 285,,Rear End,2,Rain,Wet,Daylight
2023-08-21T15:13:00.000,I 285,141 and I 285,,Rear End,2,Cloudy,Dry,Daylight
2023-11-29T06:44:00.000,I 285,141 and I 285,,Rear End,2,Clear,Dry,Dark-Not Lighted
2023-03-03T15:50:00.000,I 285,141 and I 285,,Sideswipe-Same Direction,2,Clear,Dry,Daylight
2023-10-07T16:28:00.000,I 285,141 and I 285,,Rear End,2,Clear,Dry,Daylight
2023-06-30T15:56:00.000,I 285,141 and I 285,,Sideswipe-Same Direction,2,Cloudy,Dry,Daylight
2023-05-19T14:49:00.000,I 285,141 and I 285,,Rear End,2,Clear,Dry,Daylight
2023-04-10T19:08:00.000,I 285,141 and I 285,,Rear End,2,Clear,Dry,Daylight
2023-10-25T07:08:00.000,I 285,141 and I 285,,Rear End,2,Clear,Dry,Daylight
2023-04-27T14:45:00.000,I 285,141 and I 285,,Angle Crash,2,Cloudy,Wet,Daylight
2023-11-16T11:48:00.000,I 285,141 and I 285,,Head On,2,Clear,Dry,Daylight
2023-07-30T13:26:00.000,I 285,141 and I 285,,Rear End,2,Cloudy,Dry,Daylight
2023-02-25T16:46:00.000,I 285,141 and I 285,,Rear End,2,Cloudy,Dry,Daylight
2023-05-15T13:07:00.000,I 285,141 and I 285,,Rear End,2,Clear,Dry,Daylight
2023-06-22T14:30:00.000,I 285,141 and I 285,,Rear End,2,Cloudy,Wet,Daylight
2023-01-09T12:01:00.000,I 285,141 and I 285,,Rear End,2,Cloudy,Dry,Daylight
2023-01-14T14:59:00.000,I 285,141 and I 285,,Rear End,2,Cloudy,Dry,Daylight
2023-11-11T12:44:00.000,I 285,141 and I 285,,Rear End,2,Cloudy,Wet,Daylight
2023-06-01T07:22:00.000,I 285,141 and I 285,,Rear End,3,Cloudy,Dry,Daylight
2023-02-02T18:00:00.000,I 285,141 and I 285,,Angle Crash,2,Rain,Wet,Dark-Lighted
2023-06-29T09:46:00.000,I 285,141 and I 285,,Sideswipe-Same Direction,2,Cloudy,Dry,Daylight
2023-06-23T16:00:00.000,I 285,141 and I 285,,Sideswipe-Same Direction,2,Cloudy,Dry,Daylight
2023-03-04T10:00:00.000,I 285,141 and I 285,,Rear End,2,Clear,Dry,Daylight
2023-07-19T14:36:00.000,I 285,141 and I 285,,Not a Collision with Motor Vehicle,1,Clear,Dry,Daylight
2023-01-25T23:35:00.000,I 285,141 and I 285,,Not a Collision with Motor Vehicle,1,Clear,Dry,Dark-Not Lighted
2023-01-30T07:59:00.000,I 285,141 and I 285,,Rear End,2,Rain,Wet,Daylight
2023-05-17T12:06:00.000,I 285,141 and I 285,,Sideswipe-Same Direction,4,Cloudy,Dry,Daylight
2023-10-05T09:40:00.000,I 285,141 and I 285,,Angle Crash,2,Clear,Dry,Daylight
2023-03-16T09:36:00.000,I 285,141 and I 285,,Rear End,2,Clear,Dry,Daylight
2023-06-16T08:04:00.000,I 285,141 and I 285,,Rear End,2,Cloudy,Dry,Daylight
2023-11-03T15:30:00.000,I 285,141 and I 285,,Rear End,2,Clear,Dry,Daylight
2023-02-24T19:33:00.000,I 285,141 and I 285,,Angle Crash,2,Clear,Wet,Dark-Lighted
2023-12-10T14:25:00.000,I 285,141 and I 285,,Rear End,2,Rain,Wet,Daylight
2023-01-05T18:48:00.000,I 285,141 and I 285,,Sideswipe-Same Direction,2,Clear,Dry,Dark-Lighted
2023-04-13T16:30:00.000,I 285,141 and I 285,,Sideswipe-Same Direction,2,Cloudy,Wet,Daylight
2023-06-26T07:34:00.000,I 285,141 and I 285,,Rear End,2,Cloudy,Dry,Daylight
2023-10-12T19:45:00.000,I 285,141 and I 285,,Sideswipe-Same Direction,2,Clear,Dry,Dark-Not Lighted
2023-09-27T15:18:00.000,I 285,141 and I 285,,Rear End,2,Clear,Dry,Daylight
2023-06-10T16:19:00.000,I 285,141 and I 285,,Sideswipe-Same Direction,2,Cloudy,Dry,Daylight
2023-10-31T07:55:00.000,I 285,141 and I 285,,Rear End,3,Cloudy,Dry,Daylight
2023-08-03T18:48:00.000,I 285,141 and I 285,,Rear End,4,Clear,Dry,Daylight
2023-01-17T09:33:00.000,I 285,141 and I 285,,Rear End,2,Rain,Wet,Daylight
2023-06-22T07:48:00.000,I 285,141 and I 285,,Rear End,2,Cloudy,Wet,Daylight
2023-06-27T14:41:00.000,I 285,141 and I 285,,Rear End,2,Cloudy,Dry,Daylight
2023-01-11T18:43:00.000,I 285,141 and I 285,,Rear End,2,Clear,Dry,Dark-Lighted
2023-07-26T14:38:00.000,I 285,141 and I 285,,Rear End,2,Clear,Dry,Daylight
2023-01-16T17:00:00.000,I 285,141 and I 285,,Rear End,2,Clear,Dry,Daylight
2023-05-23T09:25:00.000,I 285,141 and I 285,,Rear End,3,Cloudy,Wet,Daylight
2023-12-20T10:45:00.000,I 285,141 and I 285,,Rear End,2,Clear,Dry,Daylight
2023-03-23T16:04:00.000,I 285,141 and I 285,,Sideswipe-Same Direction,2,Clear,Dry,Daylight
2023-03-03T17:30:00.000,I 285,141 and I 285,,Rear End,2,Cloudy,Wet,Daylight
2023-01-05T13:52:00.000,I 285,141 and I 285,,Rear End,2,Cloudy,Dry,Daylight
2023-08-07T07:36:00.000,I 285,141 and I 285,,Rear End,2,Cloudy,Dry,Daylight
2023-05-24T17:15:00.000,I 285,141 and I 285,,Sideswipe-Same Direction,2,Clear,Dry,Daylight
2023-11-04T12:01:00.000,I 285,141 and I 285,,Rear End,2,Clear,Dry,Daylight
2023-07-24T10:00:00.000,I 285,141 and I 285,,Rear End,2,Clear,Dry,Daylight
2023-12-01T07:06:00.000,I 285,141 and I 285,,Rear End,2,Rain,Wet,Dark-Not Lighted
2023-09-10T13:47:00.000,I 285,141 and I 285,,Rear End,2,Cloudy,Dry,Daylight
2023-03-29T18:20:00.000,I 285,141 and I 285,,Sideswipe-Same Direction,2,Clear,Dry,Daylight
2023-03-26T20:10:00.000,I 285,141 and I 285,,Rear End,2,Cloudy,Wet,Dark-Not Lighted
2023-06-24T12:23:00.000,I 285,141 and I 285,,Rear End,2,Cloudy,Dry,Daylight
2023-09-02T09:50:00.000,I 285,141 and I 285,,Rear End,2,Clear,Dry,Daylight
2023-03-13T10:15:00.000,I 285,141 and I 285,,Rear End,2,Clear,Dry,Daylight
2023-03-28T13:15:00.000,I 285,141 and I 285,,Angle Crash,1,Cloudy,Dry,Daylight
2023-06-19T15:35:00.000,I 285,141 and I 285,,Rear End,2,Cloudy,Wet,Daylight
2023-05-04T07:26:00.000,I 285,141 and I 285,,Angle Crash,2,Clear,Dry,Daylight
2023-05-20T15:16:00.000,I 285,141 and I 285,,Not a Collision with Motor Vehicle,1,Clear,Dry,Daylight
2023-01-04T05:09:00.000,I 285,141 and I 285,,Rear End,2,Rain,Wet,Dark-Lighted
2023-09-26T09:50:00.000,I 285,141 and I 285,,Rear End,2,Clear,Dry,Daylight
2023-11-16T19:54:00.000,I 285,141 and I 285,,Rear End,3,Clear,Dry,Dark-Not Lighted
2023-11-17T08:02:00.000,I 285,141 and I 285,,Rear End,2,Clear,Dry,Daylight
2023-03-19T05:00:00.000,I 285,141 and I 285,,Sideswipe-Same Direction,2,Clear,Dry,Dark-Not Lighted
2023-10-04T16:45:00.000,I 285,141 and I 285,,Rear End,2,Clear,Dry,Daylight
2023-03-21T17:17:00.000,I 285,141 and I 285,,Angle Crash,2,Clear,Dry,Daylight
2023-04-24T10:00:00.000,I 285,141 and I 285,,Sideswipe-Same Direction,2,Cloudy,Dry,Daylight
2023-12-16T19:02:00.000,I 285,141 and I 285,,Sideswipe-Same Direction,2,Rain,Wet,Dark-Not Lighted
2023-05-12T18:05:00.000,I 285,141 and I 285,,Rear End,2,Cloudy,Wet,Daylight
2023-04-25T18:16:00.000,I 285,141 and I 285,,Rear End,3,Clear,Dry,Daylight
2023-07-08T18:07:00.000,I 285,141 and I 285,,Rear End,2,Cloudy,Wet,Daylight
2023-10-30T09:07:00.000,I 285,141 and I 285,,Rear End,2,Clear,Dry,Daylight
2023-02-03T17:38:00.000,I 285,141 and I 285,,Rear End,2,Clear,Dry,Daylight
2023-08-17T16:17:00.000,I 285,141 and I 285,,Rear End,2,Cloudy,Dry,Daylight
2023-04-11T17:41:00.000,I 285,141 and I 285,,Rear End,2,Clear,Dry,Daylight
2023-10-27T13:29:00.000,I 285,141 and I 285,,Rear End,2,Clear,Dry,Daylight
2023-02-17T17:30:00.000,I 285,141 and I 285,,Rear End,2,Cloudy,Dry,Daylight
2023-07-11T11:47:00.000,I 285,141 and I 285,,Rear End,2,Clear,Dry,Daylight
2023-01-20T16:20:00.000,I 285,141 and I 285,,Rear End,2,Clear,Dry,Daylight
2023-08-31T06:51:00.000,I 285,141 and I 285,,Rear End,2,Cloudy,Wet,Daylight
2023-10-24T07:20:00.000,I 285,141 and I 285,,Sideswipe-Same Direction,2,Clear,Dry,Daylight
2023-05-15T15:58:00.000,I 285,141 and I 285,,Rear End,2,Clear,Dry,Daylight
2023-01-23T06:55:00.000,I 285,141 and I 285,,Rear End,2,Clear,Dry,Daylight
2023-11-25T12:05:00.000,I 285,141 and I 285,,Rear End,2,Clear,Dry,Daylight
2023-11-17T19:35:00.000,I 285,141 and I 285,,Sideswipe-Same Direction,2,Cloudy,Dry,Dark-Not Lighted
2023-07-28T10:48:00.000,I 285,141 and I 285,,Rear End,2,Clear,Dry,Daylight
2023-02-02T07:55:00.000,I 285,141 and I 285,,Rear End,2,Rain,Wet,Daylight
2023-01-07T21:14:00.000,I 285,141 and I 285,,Sideswipe-Same Direction,2,Clear,Dry,Dark-Not Lighted
2023-06-05T13:25:00.000,I 285,141 and I 285,,Not a Collision with Motor Vehicle,2,Clear,Dry,Daylight
2023-03-07T12:00:00.000,I 285,141 and I 285,,Angle Crash,2,Cloudy,Dry,Daylight
2023-10-24T06:45:00.000,I 285,141 and I 285,,Rear End,3,Clear,Dry,Dark-Lighted
2023-11-02T09:30:00.000,I 285,141 and I 285,,Sideswipe-Same Direction,2,Clear,Dry,Daylight
2023-11-27T17:45:00.000,I 285,141 and I 285,,Sideswipe-Same Direction,2,Clear,Dry,Dark-Not Lighted
2023-09-27T16:51:00.000,I 285,141 and I 285,,Sideswipe-Same Direction,2,Cloudy,Dry,Daylight
2023-08-07T18:40:00.000,I 285,141 and I 285,,Rear End,3,Rain,Wet,Daylight
2023-04-04T12:06:00.000,I 285,141 and I 285,,Rear End,2,Clear,Dry,Daylight
2023-01-13T17:16:00.000,I 285,141 and I 285,,Rear End,2,Clear,Dry,Daylight
2023-10-24T10:48:00.000,I 285,141 and I 285,,Sideswipe-Same Direction,2,Clear,Dry,Daylight
2023-06-07T07:41:00.000,I 285,141 and I 285,,Rear End,2,Clear,Dry,Daylight
2023-01-30T07:59:00.000,I 285,141 and I 285,,Sideswipe-Same Direction,2,Rain,Wet,Daylight
2023-06-23T15:49:00.000,I 285,141 and I 285,,Sideswipe-Same Direction,2,Cloudy,Wet,Daylight
2023-11-07T17:10:00.000,I 285,141 and I 285,,Angle Crash,2,Clear,Dry,Daylight
2023-02-10T06:30:00.000,I 285,141 and I 285,,Angle Crash,2,Clear,Wet,Dark-Not Lighted
2023-03-02T18:56:00.000,I 285,141 and I 285,,Rear End,9,Cloudy,Wet,Dark-Not Lighted
2023-08-17T17:23:00.000,I 285,141 and I 285,,Sideswipe-Same Direction,2,Clear,Dry,Daylight
2023-06-19T15:46:00.000,I 285,141 and I 285,,Rear End,7,Cloudy,Dry,Daylight
2023-08-07T17:40:00.000,I 285,141 and I 285,,Rear End,2,Rain,Wet,Dark-Lighted
2023-09-15T13:53:00.000,I 285,141 and I 285,,Rear End,2,Clear,Dry,Daylight
2023-03-15T18:43:00.000,I 285,141 and I 285,,Rear End,2,Clear,Dry,Daylight
2023-06-04T15:46:00.000,I 285,141 and I 285,,Rear End,3,Cloudy,Dry,Daylight
2023-08-15T08:53:00.000,I 285,141 and I 285,,Rear End,4,Clear,Dry,Daylight
2023-05-21T18:06:00.000,I 285,141 and I 285,,Rear End,2,Clear,Dry,Daylight
2023-03-27T12:34:00.000,I 285,141 and I 285,,Angle Crash,3,Clear,Dry,Daylight
2023-03-14T13:03:00.000,I 285,141 and I 285,,Rear End,2,Clear,Dry,Daylight
2023-02-28T15:15:00.000,I 285,141 and I 285,,Rear End,2,Clear,Dry,Daylight
2023-09-12T18:28:00.000,I 285,141 and I 285,,Rear End,2,Clear,Dry,Daylight
2023-06-29T09:30:00.000,I 285,141 and I 285,,Sideswipe-Same Direction,2,Cloudy,Dry,Daylight
2023-11-09T07:20:00.000,I 285,141 and I 285,,Angle Crash,3,Clear,Dry,Daylight
2023-05-18T16:37:00.000,I 285,141 and I 285,,Rear End,3,Cloudy,Dry,Daylight
2023-12-29T14:13:00.000,I 285,141 and I 285,,Not a Collision with Motor Vehicle,2,Clear,Dry,Daylight
2023-04-22T13:41:00.000,I 285,141 and I 285,,Rear End,2,Clear,Dry,Daylight
2023-01-06T18:45:00.000,I 285,141 and I 285,,Rear End,2,Clear,Dry,Dark-Lighted
2023-01-27T16:34:00.000,I 285,141 and I 285,,Rear End,2,Clear,Dry,Daylight
2023-07-21T09:44:00.000,I 285,141 and I 285,,Rear End,2,Cloudy,Dry,Daylight
2023-03-26T12:32:00.000,I 285,141 and I 285,,Rear End,2,Cloudy,Wet,Daylight
2023-01-18T18:50:00.000,I 285,141 and I 285,,Rear End,2,Rain,Wet,Dark-Lighted
2023-03-16T09:46:00.000,I 285,141 and I 285,,Rear End,2,Cloudy,Dry,Daylight
2023-12-07T07:19:00.000,I 285,141 and I 285,,Rear End,2,Clear,Dry,Daylight
2023-04-13T14:37:00.000,I 285,141 and I 285,,Rear End,2,Rain,Wet,Daylight
2023-07-19T05:51:00.000,I 285,141 and I 285,,Rear End,2,Clear,Dry,Dark-Lighted
2023-10-15T00:30:00.000,I 285,141 and I 285,,Sideswipe-Same Direction,2,Cloudy,Dry,Dark-Not Lighted
2023-10-06T06:49:00.000,I 285,141 and I 285,,Rear End,2,Clear,Dry,Dark-Not Lighted
2023-09-06T16:39:00.000,I 285,141 and I 285,,Rear End,2,Clear,Dry,Daylight
2023-06-07T12:04:00.000,I 285,141 and I 285,,Rear End,2,Clear,Dry,Daylight
2023-11-03T20:28:00.000,I 285,141 and I 285,,Sideswipe-Same Direction,3,Clear,Dry,Dark-Not Lighted
2023-06-21T17:19:00.000,I 285,141 and I 285,,Rear End,3,Cloudy,Wet,Daylight
2023-03-09T19:11:00.000,I 285,141 and I 285,,Rear End,2,Clear,Dry,Daylight
2023-05-12T18:38:00.000,I 285,141 and I 285,,Rear End,2,Cloudy,Wet,Daylight
2023-02-09T08:55:00.000,I 285,141 and I 285,,Rear End,2,Cloudy,Dry,Daylight
2023-04-13T14:20:00.000,I 285,141 and I 285,,Rear End,2,Rain,Wet,Daylight
2023-06-14T17:13:00.000,I 285,141 and I 285,,Sideswipe-Same Direction,3,Cloudy,Wet,Daylight
2023-05-06T14:46:00.000,I 285,141 and I 285,,Rear End,2,Clear,Dry,Daylight
2023-07-18T18:38:00.000,I 285,141 and I 285,,Rear End,2,Clear,Dry,Daylight
2023-10-10T09:41:00.000,I 285,141 and I 285,,Rear End,2,Clear,Dry,Daylight
2023-01-05T16:47:00.000,I 285,141 and I 285,,Sideswipe-Same Direction,2,Clear,Dry,Daylight
2023-07-22T11:09:00.000,I 285,141 and I 285,,Rear End,2,Clear,Dry,Daylight
2023-06-15T18:19:00.000,I 285,141 and I 285,,Rear End,4,Cloudy,Dry,Daylight
2023-12-13T21:57:00.000,I 285,141 and I 285,,Rear End,2,Clear,Dry,Dark-Not Lighted
2023-05-02T16:46:00.000,I 285,141 and I 285,,Rear End,2,Cloudy,Dry,Daylight
2023-02-15T19:02:00.000,I 285,141 and I 285,,Rear End,4,Clear,Dry,Dark-Lighted
2023-12-06T09:00:00.000,I 285,141 and I 285,,Rear End,2,Clear,Dry,Daylight
2023-04-03T15:50:00.000,I 285,141 and I 285,,Rear End,3,Clear,Dry,Daylight
2023-03-22T09:11:00.000,I 285,141 and I 285,,Rear End,2,Rain,Wet,Daylight
2023-07-21T13:54:00.000,I 285,141 and I 285,,Rear End,2,Cloudy,Dry,Daylight
2023-12-14T14:19:00.000,I 285,141 and I 285,,Rear End,2,Clear,Dry,Daylight
2023-07-31T20:00:00.000,I 285,141 and I 285,,Rear End,2,Clear,Dry,Daylight
2023-02-20T12:24:00.000,I 285,141 and I 285,,Not a Collision with Motor Vehicle,1,Clear,Dry,Daylight
2023-01-09T19:02:00.000,I 285,141 and I 285,,Sideswipe-Same Direction,2,Clear,Dry,Dark-Lighted
2023-07-10T17:00:00.000,I 285,141 and I 285,,Rear End,3,Cloudy,Dry,Daylight
2023-01-30T09:08:00.000,I 285,141 and I 285,,Rear End,2,Cloudy,Wet,Daylight
2023-08-31T12:18:00.000,I 285,141 and I 285,,Rear End,2,Cloudy,Dry,Daylight
2023-01-20T08:50:00.000,I 285,141 and I 285,,Rear End,3,Cloudy,Dry,Daylight
2023-06-13T16:05:00.000,I 285,141 and I 285,,Rear End,2,Clear,Dry,Daylight
2023-06-01T16:00:00.000,I 285,141 and I 285,,Sideswipe-Same Direction,2,Cloudy,Dry,Daylight
2023-09-14T10:05:00.000,I 285,141 and I 285,,Rear End,2,Cloudy,Dry,Daylight
2023-03-23T16:04:00.000,I 285,141 and I 285,,Rear End,2,Clear,Dry,Daylight
2023-08-02T12:55:00.000,I 285,141 and I 285,,Rear End,2,Clear,Dry,Daylight
2023-05-22T17:01:00.000,I 285,141 and I 285,,Rear End,2,Clear,Dry,Daylight
2023-09-21T09:57:00.000,I 285,141 and I 285,,Rear End,2,Clear,Dry,Daylight
2023-06-17T16:02:00.000,I 285,141 and I 285,,Rear End,2,Clear,Dry,Daylight
2023-07-31T13:52:00.000,I 285,141 and I 285,,Rear End,2,Clear,Dry,Daylight
2023-05-05T18:01:00.000,I 285,141 and I 285,,Sideswipe-Same Direction,2,Cloudy,Dry,Daylight
2023-01-17T08:52:00.000,I 285,141 and I 285,,Sideswipe-Same Direction,2,Rain,Wet,Daylight
2023-04-21T23:29:00.000,I 285,141 and I 285,,Angle Crash,2,Clear,Dry,Dark-Lighted
2022-08-10T17:05:00.000,I 285,141 and I 285,,Rear End,2,Clear,Dry,Daylight
2022-08-17T11:00:00.000,I 285,141 and I 285,,Rear End,2,Cloudy,Dry,Daylight
2022-11-19T19:21:00.000,I 285,141 and I 285,,Rear End,2,Clear,Dry,Dark-Not Lighted
2022-04-01T08:50:00.000,I 285,141 and I 285,,Rear End,2,Clear,Dry,Daylight
2022-04-05T13:29:00.000,I 285,141 and I 285,,Rear End,2,Rain,Wet,Daylight
2022-12-10T01:12:00.000,I 285,141 and I 285,,Rear End,2,Rain,Wet,Dark-Not Lighted
2022-03-16T15:21:00.000,I 285,141 and I 285,,Sideswipe-Same Direction,2,Clear,Dry,Daylight
2022-03-30T09:31:00.000,I 285,141 and I 285,,Rear End,2,Clear,Dry,Daylight
2022-07-07T16:40:00.000,I 285,141 and I 285,,Sideswipe-Same Direction,2,Cloudy,Wet,Daylight
2022-02-11T15:27:00.000,I 285,141 and I 285,,Rear End,2,Cloudy,Dry,Daylight
2022-09-30T07:20:00.000,I 285,141 and I 285,,Rear End,2,Clear,Dry,Daylight
2022-10-27T15:43:00.000,I 285,141 and I 285,,Rear End,2,Clear,Dry,Daylight
2022-12-07T08:06:00.000,I 285,141 and I 285,,Sideswipe-Same Direction,2,Cloudy,Wet,Daylight
2022-08-03T12:43:00.000,I 285,141 and I 285,,Rear End,2,Clear,Dry,Daylight
2022-11-10T19:04:00.000,I 285,141 and I 285,,Rear End,2,Rain,Wet,Dark-Not Lighted
2022-02-12T12:10:00.000,I 285,141 and I 285,,Rear End,2,Clear,Dry,Daylight
2022-01-11T22:00:00.000,I 285,141 and I 285,,Rear End,2,Clear,Dry,Dark-Not Lighted
2022-08-01T08:07:00.000,I 285,141 and I 285,,Rear End,2,Clear,Dry,Daylight
2022-07-26T07:35:00.000,I 285,141 and I 285,,Rear End,5,Clear,Dry,Daylight
2022-07-29T22:00:00.000,I 285,141 and I 285,,Sideswipe-Same Direction,2,Cloudy,Wet,Dark-Lighted
2021-03-31T09:15:00.000,I 285,141 and I 285,,Rear End,2,Rain,Wet,Daylight