Date and Time,Roadway (From Crash Report),Intersection Name (from Crash Report),KABCO Severity,Manner of Collision (Crash Level) ,# of Vehicles per crash ,Weather Conditions (Crash Level),Surface Condition (Crash Level) ,Light Conditions (Crash Level)
2020-09-17T09:04:00.000,I 285,141 and I 285,,Sideswipe-Same Direction,2,Cloudy,Dry,Daylight
2021-01-31T14:25:00.000,I 285,141 and I 285,,Rear End,2,Cloudy,Wet,Daylight
2022-07-12T18:00:00.000,I 285,141 and I 285,,Rear End,3,Clear,Dry,Daylight
2022-11-12T11:51:00.000,I 285,141 and I 285,,Rear End,2,Cloudy,Dry,Daylight
2020-10-02T09:34:00.000,I 285,141 and I 285,,Rear End,2,Clear,Dry,Daylight
2021-03-26T07:22:00.000,I 285,141 and I 285,,Angle Crash,2,Cloudy,Wet,Dawn
2021-11-23T17:55:00.000,I 285,141 and I 285,,Rear End,2,Clear,Dry,Dark-Not Lighted
2024-05-01T18:22:00.000,I 285,141 and I 285,,Rear End,2,Clear,Dry,Daylight
2020-11-16T09:08:00.000,I 285,141 and I 285,,Sideswipe-Same Direction,2,Cloudy,Dry,Daylight
2020-12-01T13:18:00.000,I 285,141 and I 285,,Rear End,2,Clear,Dry,Daylight
2020-10-08T08:09:00.000,I 285,141 and I 285,,Rear End,2,Cloudy,Dry,Daylight
2020-03-11T17:27:00.000,I 285,141 and I 285,,Rear End,2,Cloudy,Dry,Daylight
2020-01-09T12:11:00.000,I 285,141 and I 285,,Not a Collision with Motor Vehicle,1,Clear,Dry,Daylight
2020-08-25T20:55:00.000,I 285,141 and I 285,,Not a Collision with Motor Vehicle,1,Clear,Wet,Dark-Not Lighted
2020-08-28T03:17:00.000,I 285,141 and I 285,,Angle Crash,2,Clear,Dry,Dark-Not Lighted
2020-07-03T09:39:00.000,I 285,141 and I 285,,Rear End,2,Clear,Dry,Daylight
2020-03-10T00:03:00.000,I 285,141 and I 285,,Not a Collision with Motor Vehicle,1,Clear,Dry,Dark-Lighted
2020-05-28T10:47:00.000,I 285,141 and I 285,,Angle Crash,2,Cloudy,Wet,Daylight
2020-11-30T10:11:00.000,I 285,141 and I 285,,Sideswipe-Same Direction,2,Cloudy,Dry,Daylight
2020-05-18T14:26:00.000,I 285,141 and I 285,,Rear End,2,Cloudy,Dry,Daylight
2020-06-30T17:41:00.000,I 285,141 and I 285,,Sideswipe-Same Direction,2,Rain,Wet,Daylight
2020-10-15T07:26:00.000,I 285,141 and I 285,,Sideswipe-Same Direction,2,Cloudy,Dry,Daylight
2020-07-23T20:27:00.000,I 285,141 and I 285,,Angle Crash,2,Clear,Dry,Daylight
2020-11-24T16:28:00.000,I 285,141 and I 285,,Rear End,2,Clear,Dry,Daylight
2020-09-03T08:47:00.000,I 285,141 and I 285,,Rear End,3,Clear,Dry,Daylight
2020-09-09T09:49:00.000,I 285,141 and I 285,,Rear End,2,Cloudy,Dry,Daylight
2020-11-11T13:16:00.000,I 285,141 and I 285,,Rear End,2,Cloudy,Wet,Daylight
2020-02-26T17:06:00.000,I 285,141 and I 285,,Sideswipe-Same Direction,2,Clear,Dry,Daylight
2020-12-14T11:51:00.000,I 285,141 and I 285,,Not a Collision with Motor Vehicle,2,Cloudy,Dry,Daylight
2020-01-14T16:13:00.000,I 285,141 and I 285,,Sideswipe-Same Direction,2,Rain,Wet,Daylight
2020-02-21T18:51:00.000,I 285,141 and I 285,,Rear End,3,Clear,Dry,Dark-Not Lighted
2020-06-14T14:08:00.000,I 285,141 and I 285,,Head On,2,Clear,Dry,Daylight
2020-12-04T18:50:00.000,I 285,141 and I 285,,Rear End,2,Clear,Wet,Dark-Lighted
2020-06-16T07:16:00.000,I 285,141 and I 285,,Sideswipe-Same Direction,2,Clear,Dry,Daylight
2020-12-23T13:38:00.000,I 285,141 and I 285,,Angle Crash,2,Clear,Dry,Daylight
2020-03-05T07:30:00.000,I 285,141 and I 285,,Rear End,2,Rain,Wet,Daylight
2020-03-06T13:09:00.000,I 285,141 and I 285,,Sideswipe-Same Direction,2,Cloudy,Dry,Daylight
2020-03-02T11:45:00.000,I 285,141 and I 285,,Angle Crash,2,Rain,Wet,Daylight
2020-02-27T16:32:00.000,I 285,141 and I 285,,Sideswipe-Same Direction,2,Cloudy,Dry,Daylight
2020-07-03T04:24:00.000,I 285,141 and I 285,,Sideswipe-Same Direction,2,Clear,Dry,Dark-Not Lighted
2020-01-06T14:22:00.000,I 285,141 and I 285,,Rear End,2,Cloudy,Dry,Daylight
2020-07-27T14:27:00.000,I 285,141 and I 285,,Sideswipe-Same Direction,2,Clear,Dry,Daylight
2020-09-09T12:10:00.000,I 285,141 and I 285,,Rear End,2,Clear,Dry,Daylight
2020-10-22T01:07:00.000,I 285,141 and I 285,,Rear End,2,Clear,Dry,Daylight
2020-12-21T19:05:00.000,I 285,141 and I 285,,Rear End,2,Clear,Dry,Dark-Not Lighted
2020-12-11T15:02:00.000,I 285,141 and I 285,,Sideswipe-Same Direction,2,Clear,Dry,Daylight
2020-09-16T17:21:00.000,I 285,141 and I 285,,Angle Crash,2,Cloudy,Wet,Daylight
2020-11-25T08:26:00.000,I 285,141 and I 285,,Rear End,2,Clear,Dry,Daylight
2020-10-23T11:51:00.000,I 285,141 and I 285,,Rear End,3,Clear,Dry,Daylight
2020-09-03T09:06:00.000,I 285,141 and I 285,,Rear End,2,Clear,Dry,Daylight
2020-10-15T11:02:00.000,I 285,141 and I 285,,Sideswipe-Same Direction,2,Cloudy,Dry,Daylight
2020-10-10T13:00:00.000,I 285,141 and I 285,,Rear End,2,Cloudy,Dry,Daylight
2020-10-11T15:16:00.000,I 285,141 and I 285,,Rear End,2,Cloudy,Dry,Daylight
2020-04-01T13:14:00.000,I 285,141 and I 285,,Rear End,3,Clear,Dry,Daylight
2020-07-05T12:50:00.000,I 285,141 and I 285,,Rear End,2,Clear,Dry,Daylight
2020-10-08T18:43:00.000,I 285,141 and I 285,,Rear End,2,Clear,Dry,Dusk
2020-12-16T08:56:00.000,I 285,141 and I 285,,Rear End,2,Rain,Wet,Daylight
2020-01-28T14:15:00.000,I 285,141 and I 285,,Rear End,2,Cloudy,Dry,Daylight
2020-08-24T07:49:00.000,I 285,141 and I 285,,Rear End,2,Rain,Wet,Daylight
2020-05-06T16:01:00.000,I 285,141 and I 285,,Rear End,2,Clear,Dry,Daylight
2020-04-14T14:50:00.000,I 285,141 and I 285,,Rear End,2,Clear,Dry,Daylight
2020-10-07T17:42:00.000,I 285,141 and I 285,,Sideswipe-Same Direction,2,Clear,Dry,Daylight
2020-07-10T08:19:00.000,I 285,141 and I 285,,Rear End,2,Clear,Dry,Daylight
2020-12-02T10:03:00.000,I 285,141 and I 285,,Rear End,2,Clear,Dry,Daylight
2020-02-25T10:00:00.000,I 285,141 and I 285,,Rear End,2,Cloudy,Wet,Daylight
2020-12-11T19:55:00.000,I 285,141 and I 285,,Sideswipe-Same Direction,2,Clear,Dry,Dark-Not Lighted
2020-11-25T19:01:00.000,I 285,141 and I 285,,Angle Crash,2,Rain,Wet,Dark-Not Lighted
2020-10-25T12:50:00.000,I 285,141 and I 285,,Rear End,2,Cloudy,Dry,Daylight
2020-05-19T08:02:00.000,I 285,141 and I 285,,Rear End,2,Clear,Dry,Daylight
2020-12-16T09:36:00.000,I 285,141 and I 285,,Rear End,2,Rain,Wet,Daylight
2020-10-01T14:57:00.000,I 285,141 and I 285,,Sideswipe-Same Direction,2,Cloudy,Dry,Daylight
2020-03-10T06:31:00.000,I 285,141 and I 285,,Rear End,2,Rain,Wet,Dark-Lighted
2020-10-22T17:27:00.000,I 285,141 and I 285,,Sideswipe-Same Direction,2,Clear,Dry,Daylight
2020-02-28T15:39:00.000,I 285,141 and I 285,,Rear End,2,Cloudy,Dry,Daylight
2020-10-09T16:48:00.000,I 285,141 and I 285,,Rear End,2,Cloudy,Wet,Daylight
2020-07-16T09:32:00.000,I 285,141 and I 285,,Rear End,2,Clear,Dry,Daylight
2020-01-21T19:29:00.000,I 285,141 and I 285,,Sideswipe-Same Direction,2,Clear,Dry,Dark-Not Lighted
2020-08-19T10:11:00.000,I 285,141 and I 285,,Rear End,2,Cloudy,Dry,Daylight
2020-04-02T16:42:00.000,I 285,141 and I 285,,Sideswipe-Same Direction,2,Clear,Dry,Daylight
2020-12-29T16:53:00.000,I 285,141 and I 285,,Rear End,2,Clear,Dry,Daylight
2020-06-01T04:11:00.000,I 285,141 and I 285,,Not a Collision with Motor Vehicle,1,Clear,Dry,Dark-Not Lighted
2020-01-13T09:44:00.000,I 285,141 and I 285,,Rear End,2,Rain,Wet,Daylight
2020-03-28T13:52:00.000,I 285,141 and I 285,,Rear End,2,Clear,Dry,Daylight
2020-12-19T19:17:00.000,I 285,141 and I 285,,Rear End,2,Cloudy,Dry,Dark-Not Lighted
2020-02-21T18:45:00.000,I 285,141 and I 285,,Sideswipe-Same Direction,2,Clear,Dry,Dark-Not Lighted
2020-10-05T12:50:00.000,I 285,141 and I 285,,Sideswipe-Same Direction,2,Clear,Dry,Daylight
2020-12-19T08:24:00.000,I 285,141 and I 285,,Rear End,2,Clear,Dry,Daylight
2020-01-08T16:45:00.000,I 285,141 and I 285,,Angle Crash,2,Clear,Dry,Daylight
2020-05-22T10:08:00.000,I 285,141 and I 285,,Sideswipe-Same Direction,2,Cloudy,Dry,Daylight
2020-11-20T17:12:00.000,I 285,141 and I 285,,Sideswipe-Same Direction,2,Cloudy,Dry,Daylight
2020-08-04T16:20:00.000,I 285,141 and I 285,,Rear End,2,Clear,Dry,Daylight
2020-10-19T11:43:00.000,I 285,141 and I 285,,Sideswipe-Same Direction,3,Clear,Dry,Daylight
2020-03-06T17:06:00.000,I 285,141 and I 285,,Rear End,2,Clear,Dry,Daylight
2020-12-23T14:13:00.000,I 285,141 and I 285,,Rear End,3,Clear,Dry,Daylight
2020-01-22T07:22:00.000,I 285,141 and I 285,,Rear End,2,Clear,Dry,Daylight
2020-01-27T11:06:00.000,I 285,141 and I 285,,Rear End,2,Cloudy,Wet,Daylight
2020-02-10T17:44:00.000,I 285,141 and I 285,,Rear End,2,Rain,Wet,Dark-Lighted
2020-10-20T11:39:00.000,I 285,141 and I 285,,Sideswipe-Same Direction,2,Clear,Dry,Daylight
2020-10-14T13:36:00.000,I 285,141 and I 285,,Rear End,3,Clear,Dry,Daylight
2020-07-09T15:16:00.000,I 285,141 and I 285,,Rear End,2,Clear,Dry,Daylight
2020-12-09T10:37:00.000,I 285,141 and I 285,,Rear End,2,Cloudy,Dry,Daylight
2020-12-12T13:30:00.000,I 285,141 and I 285,,Rear End,2,Clear,Dry,Daylight
2020-10-10T10:42:00.000,I 285,141 and I 285,,Rear End,2,Rain,Wet,Daylight
2020-02-24T08:11:00.000,I 285,141 and I 285,,Rear End,2,Rain,Dry,Daylight
2020-11-22T15:31:00.000,I 285,141 and I 285,,Rear End,2,Cloudy,Dry,Daylight
2020-03-06T08:12:00.000,I 285,141 and I 285,,Rear End,2,Clear,Wet,Daylight
2020-02-05T11:00:00.000,I 285,141 and I 285,,Rear End,2,Cloudy,Wet,Daylight
2020-10-24T08:20:00.000,I 285,141 and I 285,,Rear End,2,Clear,Dry,Daylight
2020-10-15T16:06:00.000,I 285,141 and I 285,,Sideswipe-Same Direction,2,Clear,Dry,Daylight
2020-09-08T16:49:00.000,I 285,141 and I 285,,Rear End,3,Clear,Dry,Daylight
2020-01-07T16:30:00.000,I 285,141 and I 285,,Rear End,2,Clear,Dry,Daylight
2020-12-24T20:09:00.000,I 285,141 and I 285,,Rear End,2,Clear,Wet,Dark-Lighted
2020-01-20T08:57:00.000,I 285,141 and I 285,,Rear End,2,Clear,Dry,Daylight
2020-07-11T13:30:00.000,I 285,141 and I 285,,Rear End,2,Cloudy,Dry,Daylight
2020-02-01T18:15:00.000,I 285,141 and I 285,,Rear End,3,Cloudy,Dry,Daylight
2020-12-13T10:48:00.000,I 285,141 and I 285,,Rear End,2,Clear,Dry,Daylight
2020-12-16T08:12:00.000,I 285,141 and I 285,,Sideswipe-Same Direction,2,Rain,Wet,Daylight
2020-01-07T18:17:00.000,I 285,141 and I 285,,Rear End,2,Clear,Dry,Dark-Lighted
2020-10-15T11:28:00.000,I 285,141 and I 285,,Rear End,2,Cloudy,Dry,Daylight
2020-06-09T18:27:00.000,I 285,141 and I 285,,Angle Crash,2,Rain,Wet,Daylight
2020-02-12T17:00:00.000,I 285,141 and I 285,,Rear End,2,Clear,Dry,Daylight
2020-07-03T17:59:00.000,I 285,141 and I 285,,Sideswipe-Same Direction,2,Clear,Dry,Daylight
2020-03-01T13:06:00.000,I 285,141 and I 285,,Rear End,2,Cloudy,Dry,Daylight
2020-10-14T08:05:00.000,I 285,141 and I 285,,Rear End,2,Clear,Dry,Daylight
2020-09-09T16:04:00.000,I 285,141 and I 285,,Rear End,2,Clear,Dry,Daylight
2020-05-14T08:51:00.000,I 285,141 and I 285,,Rear End,2,Cloudy,Dry,Daylight
2020-04-09T10:21:00.000,I 285,141 and I 285,,Rear End,2,Clear,Dry,Daylight
2020-02-29T14:57:00.000,I 285,141 and I 285,,Rear End,2,Clear,Dry,Daylight
2020-12-17T09:05:00.000,I 285,141 and I 285,,Rear End,2,Cloudy,Dry,Daylight
2020-02-20T07:01:00.000,I 285,141 and I 285,,Sideswipe-Same Direction,2,Rain,Wet,Daylight
2020-10-30T15:20:00.000,I 285,141 and I 285,,Rear End,2,Clear,Dry,Daylight
2020-03-02T17:30:00.000,I 285,141 and I 285,,Rear End,2,Clear,Dry,Daylight
2020-01-25T10:34:00.000,I 285,141 and I 285,,Rear End,2,Cloudy,Dry,Daylight
2020-11-05T17:30:00.000,I 285,141 and I 285,,Rear End,2,Clear,Dry,Daylight
2020-08-05T17:27:00.000,I 285,141 and I 285,,Rear End,2,Clear,Dry,Daylight
2020-02-10T20:35:00.000,I 285,141 and I 285,,Angle Crash,2,Rain,Wet,Dark-Lighted
2020-09-19T22:57:00.000,I 285,141 and I 285,,Sideswipe-Same Direction,2,Clear,Dry,Dark-Not Lighted
2020-11-19T14:09:00.000,I 285,141 and I 285,,Sideswipe-Same Direction,2,Clear,Dry,Daylight
2020-12-06T12:18:00.000,I 285,141 and I 285,,Rear End,2,Clear,Dry,Daylight
2020-10-15T16:06:00.000,I 285,141 and I 285,,Rear End,2,Clear,Dry,Daylight
2020-11-21T10:08:00.000,I 285,141 and I 285,,Rear End,2,Clear,Dry,Daylight
2020-09-25T06:45:00.000,I 285,141 and I 285,,Rear End,2,Rain,Wet,Dark-Lighted
2020-03-11T16:03:00.000,I 285,141 and I 285,,Rear End,2,Cloudy,Dry,Daylight
2020-11-02T20:28:00.000,I 285,141 and I 285,,Rear End,2,Clear,Dry,Dark-Lighted
2020-08-05T15:20:00.000,I 285,141 and I 285,,Sideswipe-Same Direction,2,Cloudy,Dry,Daylight
2020-04-16T16:02:00.000,I 285,141 and I 285,,Sideswipe-Same Direction,2,Clear,Dry,Daylight
2020-02-25T16:56:00.000,I 285,141 and I 285,,Rear End,2,Cloudy,Dry,Daylight
2020-12-18T08:08:00.000,I 285,141 and I 285,,Rear End,2,Cloudy,Dry,Daylight
2020-02-24T12:45:00.000,I 285,141 and I 285,,Rear End,2,Rain,Wet,Daylight
2020-01-08T16:58:00.000,I 285,141 and I 285,,Rear End,2,Clear,Dry,Daylight
2020-06-18T12:29:00.000,I 285,141 and I 285,,Rear End,2,Clear,Dry,Daylight
2020-05-29T15:25:00.000,I 285,141 and I 285,,Sideswipe-Same Direction,3,Rain,Wet,Daylight
2020-10-15T16:06:00.000,I 285,141 and I 285,,Rear End,2,Clear,Dry,Daylight
2020-07-27T17:38:00.000,I 285,141 and I 285,,Rear End,3,Clear,Dry,Daylight
2020-01-14T23:30:00.000,I 285,141 and I 285,,Not a Collision with Motor Vehicle,1,Clear,Dry,Dark-Lighted
2020-08-13T23:51:00.000,I 285,141 and I 285,,Not a Collision with Motor Vehicle,1,Rain,Wet,Dark-Not Lighted
2020-11-01T15:56:00.000,I 285,141 and I 285,,Rear End,2,Cloudy,Dry,Daylight
2020-12-18T15:57:00.000,I 285,141 and I 285,,Sideswipe-Same Direction,2,Clear,Dry,Daylight
2020-01-25T15:53:00.000,I 285,141 and I 285,,Rear End,2,Cloudy,Dry,Daylight
2020-05-17T16:32:00.000,I 285,141 and I 285,,Rear End,2,Clear,Dry,Daylight
2020-06-09T14:06:00.000,I 285,141 and I 285,,Rear End,2,Rain,Wet,Daylight
2020-10-22T09:27:00.000,I 285,141 and I 285,,Rear End,2,Cloudy,Dry,Daylight
2020-10-07T07:00:00.000,I 285,141 and I 285,,Rear End,2,Cloudy,Dry,Daylight
2020-03-02T19:10:00.000,I 285,141 and I 285,,Sideswipe-Same Direction,2,Clear,Dry,Dark-Not Lighted
2020-03-04T17:52:00.000,I 285,141 and I 285,,Sideswipe-Same Direction,2,Rain,Wet,Daylight
2020-09-25T19:47:00.000,I 285,141 and I 285,,(None),3,(None),(None),(None)
2020-10-16T21:36:00.000,I 285,141 and I 285,,Rear End,2,Clear,Dry,Dark-Not Lighted
2020-12-18T17:22:00.000,I 285,141 and I 285,,Rear End,2,Cloudy,Dry,Daylight
2020-02-20T19:45:00.000,I 285,141 and I 285,,Rear End,2,Clear,Wet,Dark-Lighted
2020-08-11T19:15:00.000,I 285,141 and I 285,,Rear End,2,Clear,Dry,Daylight
2020-10-02T08:05:00.000,I 285,141 and I 285,,Rear End,2,Clear,Dry,Daylight
2020-09-09T16:16:00.000,I 285,141 and I 285,,Rear End,2,Clear,Dry,Daylight
2020-10-03T21:50:00.000,I 285,141 and I 285,,Rear End,3,Clear,Dry,Dark-Not Lighted
2020-01-24T12:17:00.000,I 285,141 and I 285,,Rear End,2,Cloudy,Wet,Daylight
2020-09-26T18:02:00.000,I 285,141 and I 285,,Angle Crash,3,Clear,Dry,Daylight
2020-08-21T15:33:00.000,I 285,141 and I 285,,Rear End,2,Clear,Dry,Daylight
2020-03-17T17:13:00.000,I 285,141 and I 285,,Rear End,2,Clear,Dry,Daylight
2020-01-13T07:40:00.000,I 285,141 and I 285,,Sideswipe-Same Direction,2,Rain,Wet,Dark-Lighted
2020-10-09T06:48:00.000,I 285,141 and I 285,,Rear End,2,Clear,Dry,Dark-Lighted
2020-11-16T10:30:00.000,I 285,141 and I 285,,Rear End,2,Clear,Dry,Daylight
2020-07-18T18:36:00.000,I 285,141 and I 285,,Sideswipe-Same Direction,2,Clear,Dry,Daylight
2020-09-23T18:37:00.000,I 285,141 and I 285,,(None),3,Clear,Dry,Daylight
2020-09-03T08:23:00.000,I 285,141 and I 285,,Rear End,2,Clear,Dry,Daylight
2020-04-28T08:45:00.000,I 285,141 and I 285,,Rear End,3,Clear,Dry,Daylight
2020-09-14T12:53:00.000,I 285,141 and I 285,,Rear End,2,Clear,Dry,Daylight
2020-08-12T07:54:00.000,I 285,141 and I 285,,Rear End,2,Clear,Dry,Daylight
2020-06-30T17:45:00.000,I 285,141 and I 285,,Sideswipe-Same Direction,2,Rain,Wet,Daylight
2020-12-08T17:20:00.000,I 285,141 and I 285,,Angle Crash,1,Clear,Dry,Dawn
2020-10-23T18:06:00.000,I 285,141 and I 285,,Rear End,2,Clear,Dry,Daylight
2020-07-10T10:45:00.000,I 285,141 and I 285,,Not a Collision with Motor Vehicle,1,Clear,Dry,Daylight
2020-08-08T15:28:00.000,I 285,141 and I 285,,Not a Collision with Motor Vehicle,1,Clear,Dry,Daylight
2020-12-14T21:13:00.000,I 285,141 and I 285,,Angle Crash,2,Clear,Dry,Dark-Lighted
2020-06-17T18:29:00.000,I 285,141 and I 285,,Rear End,2,Cloudy,Dry,Daylight
2020-02-06T17:54:00.000,I 285,141 and I 285,,Sideswipe-Same Direction,2,Rain,Wet,Daylight
2020-11-04T12:46:00.000,I 285,141 and I 285,,Rear End,2,Clear,Dry,Daylight
2020-06-17T14:31:00.000,I 285,141 and I 285,,Sideswipe-Same Direction,2,Cloudy,Dry,Daylight
2020-08-07T17:50:00.000,I 285,141 and I 285,,Rear End,3,Clear,Dry,Daylight
2020-04-11T12:22:00.000,I 285,141 and I 285,,Rear End,2,Clear,Dry,Daylight
2020-04-07T08:37:00.000,I 285,141 and I 285,,Rear End,2,Clear,Dry,Daylight
2020-02-26T17:15:00.000,I 285,141 and I 285,,Rear End,2,Cloudy,Dry,Daylight
2020-07-11T08:31:00.000,I 285,141 and I 285,,Rear End,2,Cloudy,Dry,Daylight
2020-02-21T14:12:00.000,I 285,141 and I 285,,Rear End,2,Cloudy,Dry,Daylight
2020-03-03T08:16:00.000,I 285,141 and I 285,,Rear End,2,Rain,Wet,Daylight
2020-01-07T10:37:00.000,I 285,141 and I 285,,Sideswipe-Same Direction,2,Clear,Dry,Daylight
2020-01-10T09:10:00.000,I 285,141 and I 285,,Sideswipe-Same Direction,2,Clear,Dry,Daylight
2020-02-10T10:26:00.000,I 285,141 and I 285,,Rear End,2,Cloudy,Dry,Daylight
2020-07-20T10:30:00.000,I 285,141 and I 285,,Rear End,2,Clear,Dry,Daylight
2020-02-26T16:01:00.000,I 285,141 and I 285,,Rear End,2,Rain,Wet,Daylight
2020-09-01T15:25:00.000,I 285,141 and I 285,,Rear End,2,Clear,Dry,Daylight
2020-04-25T13:09:00.000,I 285,141 and I 285,,Rear End,2,Clear,Dry,Daylight
2020-10-28T12:05:00.000,I 285,141 and I 285,,Rear End,2,Rain,Wet,Daylight
2020-05-26T07:35:00.000,I 285,141 and I 285,,Rear End,2,Cloudy,Dry,Daylight
2020-09-19T17:40:00.000,I 285,141 and I 285,,Sideswipe-Same Direction,2,Clear,Dry,Daylight
2020-06-01T23:49:00.000,I 285,141 and I 285,,Not a Collision with Motor Vehicle,2,Clear,Dry,Dark-Lighted
2020-01-06T16:47:00.000,I 285,141 and I 285,,Head On,2,Cloudy,Dry,Daylight
2020-12-12T14:38:00.000,I 285,141 and I 285,,Rear End,2,Cloudy,Dry,Daylight
2020-12-18T13:48:00.000,I 285,141 and I 285,,Angle Crash,2,Clear,Dry,Daylight
2020-12-11T16:17:00.000,I 285,141 and I 285,,Rear End,2,Clear,Dry,Daylight
2020-11-10T07:52:00.000,I 285,141 and I 285,,Rear End,3,Cloudy,Dry,Daylight
2020-10-01T15:50:00.000,I 285,141 and I 285,,Sideswipe-Same Direction,2,Clear,Dry,Daylight
2020-07-28T14:23:00.000,I 285,141 and I 285,,Rear End,2,Cloudy,Wet,Daylight
2020-03-14T10:08:00.000,I 285,141 and I 285,,Rear End,2,Cloudy,Dry,Daylight
2020-12-08T17:02:00.000,I 285,141 and I 285,,Sideswipe-Same Direction,2,Clear,Dry,Daylight
2020-02-10T19:25:00.000,I 285,141 and I 285,,Sideswipe-Same Direction,2,Rain,Wet,Dark-Lighted
2020-02-18T07:34:00.000,I 285,141 and I 285,,Rear End,2,Rain,Wet,Daylight
2020-10-20T10:12:00.000,I 285,141 and I 285,,Rear End,2,Clear,Dry,Daylight
2020-02-21T12:24:00.000,I 285,141 and I 285,,Rear End,2,Clear,Dry,Daylight
2020-08-31T08:54:00.000,I 285,141 and I 285,,Rear End,2,Rain,Wet,Daylight
2020-02-11T12:17:00.000,I 285,141 and I 285,,Rear End,2,Cloudy,Wet,Daylight
2020-01-17T18:42:00.000,I 285,141 and I 285,,Sideswipe-Same Direction,2,Cloudy,Dry,Dark-Not Lighted
2020-11-17T02:00:00.000,I 285,141 and I 285,,Sideswipe-Same Direction,2,Clear,Dry,Dark-Not Lighted
2020-11-11T21:48:00.000,I 285,141 and I 285,,Rear End,2,Rain,Wet,Dark-Lighted
2020-10-12T12:54:00.000,I 285,141 and I 285,,Sideswipe-Same Direction,1,Clear,Dry,Daylight
2020-12-19T13:46:00.000,I 285,141 and I 285,,Rear End,2,Cloudy,Dry,Daylight
2020-03-18T10:06:00.000,I 285,141 and I 285,,Angle Crash,3,Clear,Dry,Daylight
2020-03-11T16:56:00.000,I 285,141 and I 285,,Rear End,2,Cloudy,Dry,Daylight
2020-09-23T07:22:00.000,I 285,141 and I 285,,Rear End,2,Clear,Dry,Daylight
2020-07-27T15:02:00.000,I 285,141 and I 285,,Rear End,2,Clear,Dry,Daylight
2020-11-20T13:31:00.000,I 285,141 and I 285,,Sideswipe-Same Direction,2,Cloudy,Dry,Daylight
2020-12-31T11:22:00.000,I 285,141 and I 285,,Rear End,2,Cloudy,Dry,Daylight
2020-09-23T12:04:00.000,I 285,141 and I 285,,Sideswipe-Same Direction,2,Clear,Dry,Daylight
2020-01-30T19:38:00.000,I 285,141 and I 285,,Rear End,2,Clear,Dry,Dark-Not Lighted
2020-10-02T07:50:00.000,I 285,141 and I 285,,Rear End,2,Clear,Dry,Daylight
2020-07-13T18:59:00.000,I 285,141 and I 285,,Rear End,2,Clear,Dry,Daylight
2020-11-02T06:10:00.000,I 285,141 and I 285,,Sideswipe-Same Direction,2,Clear,Dry,Dark-Not Lighted
2020-11-09T09:41:00.000,I 285,141 and I 285,,Rear End,2,Cloudy,Dry,Daylight
2020-09-17T14:52:00.000,I 285,141 and I 285,,Sideswipe-Same Direction,2,Clear,Dry,Daylight
2020-02-27T07:42:00.000,I 285,141 and I 285,,Rear End,2,Clear,Dry,Daylight
2020-09-08T11:18:00.000,I 285,141 and I 285,,Rear End,2,Clear,Dry,Daylight
2020-01-10T19:36:00.000,I 285,141 and I 285,,Sideswipe-Same Direction,2,Clear,Dry,Dark-Not Lighted
2021-05-17T13:46:00.000,I 285,141 and I 285,,Rear End,2,Clear,Dry,Daylight
2021-06-07T08:41:00.000,I 285,141 and I 285,,Rear End,2,Clear,Dry,Daylight
2021-06-11T18:25:00.000,I 285,141 and I 285,,Angle Crash,2,Clear,Wet,Daylight
2021-05-06T15:13:00.000,I 285,141 and I 285,,Rear End,3,Clear,Dry,Daylight
2021-02-04T15:14:00.000,I 285,141 and I 285,,Rear End,2,Cloudy,Dry,Daylight
2021-02-01T18:18:00.000,I 285,141 and I 285,,Rear End,2,Clear,Dry,Dark-Lighted
2021-02-15T14:08:00.000,I 285,141 and I 285,,Rear End,2,Rain,Wet,Daylight
2021-03-04T09:36:00.000,I 285,141 and I 285,,Not a Collision with Motor Vehicle,1,Clear,Dry,Daylight
2021-02-10T18:53:00.000,I 285,141 and I 285,,Rear End,2,Clear,Dry,Dark-Not Lighted
2021-04-29T16:20:00.000,I 285,141 and I 285,,Sideswipe-Same Direction,2,Cloudy,Dry,Daylight
2021-02-23T14:50:00.000,I 285,141 and I 285,,Rear End,3,Cloudy,Dry,Daylight
2021-01-09T14:42:00.000,I 285,141 and I 285,,Rear End,3,Clear,Dry,Daylight
2021-04-25T17:49:00.000,I 285,141 and I 285,,Rear End,3,Clear,Dry,Daylight
2021-04-28T16:30:00.000,I 285,141 and I 285,,Rear End,2,Cloudy,Dry,Daylight
2021-01-05T07:50:00.000,I 285,141 and I 285,,Rear End,2,Clear,Dry,Daylight
2021-05-08T19:44:00.000,I 285,141 and I 285,,Rear End,2,Cloudy,Dry,Daylight
2021-06-17T17:39:00.000,I 285,141 and I 285,,Rear End,3,Clear,Dry,Daylight