Date and Time,Roadway (From Crash Report),Intersection Name (from Crash Report),KABCO Severity,Manner of Collision (Crash Level) ,# of Vehicles per crash ,Weather Conditions (Crash Level),Surface Condition (Crash Level) ,Light Conditions (Crash Level)
2021-06-10T07:17:00.000,I 285,141 and I 285,,Rear End,2,Clear,Dry,Daylight
2021-04-16T16:22:00.000,I 285,141 and I 285,,Rear End,2,Clear,Dry,Daylight
2021-02-01T08:53:00.000,I 285,141 and I 285,,Rear End,2,Clear,Dry,Daylight
2021-04-02T13:13:00.000,I 285,141 and I 285,,Sideswipe-Same Direction,2,Clear,Dry,Daylight
2021-01-25T15:41:00.000,I 285,141 and I 285,,Rear End,2,Clear,Dry,Daylight
2021-01-17T14:20:00.000,I 285,141 and I 285,,Sideswipe-Same Direction,2,Cloudy,Dry,Daylight
2021-06-17T14:12:00.000,I 285,141 and I 285,,Rear End,2,Clear,Dry,Daylight
2021-03-09T08:23:00.000,I 285,141 and I 285,,Rear End,2,Clear,Dry,Daylight
2021-04-28T07:22:00.000,I 285,141 and I 285,,Rear End,2,Clear,Dry,Daylight
2021-03-26T11:09:00.000,I 285,141 and I 285,,Sideswipe-Same Direction,2,Cloudy,Dry,Daylight
2021-04-08T17:33:00.000,I 285,141 and I 285,,Sideswipe-Same Direction,2,Clear,Dry,Daylight
2021-02-24T10:00:00.000,I 285,141 and I 285,,Rear End,3,Clear,Dry,Daylight
2021-03-29T17:41:00.000,I 285,141 and I 285,,Rear End,2,Clear,Dry,Daylight
2021-05-06T16:06:00.000,I 285,141 and I 285,,Rear End,2,Cloudy,Dry,Daylight
2021-02-10T11:39:00.000,I 285,141 and I 285,,Sideswipe-Same Direction,2,Clear,Dry,Daylight
2021-02-17T20:12:00.000,I 285,141 and I 285,,Sideswipe-Same Direction,2,Cloudy,Dry,Dark-Not Lighted
2021-02-05T14:24:00.000,I 285,141 and I 285,,Rear End,2,Clear,Dry,Daylight
2021-06-19T16:42:00.000,I 285,141 and I 285,,Rear End,2,Rain,Wet,Daylight
2021-06-10T19:37:00.000,I 285,141 and I 285,,Rear End,2,Rain,Wet,Daylight
2021-03-01T10:26:00.000,I 285,141 and I 285,,Rear End,3,Cloudy,Wet,Daylight
2021-06-19T20:23:00.000,I 285,141 and I 285,,Rear End,2,Rain,Wet,Daylight
2021-04-08T15:22:00.000,I 285,141 and I 285,,Sideswipe-Same Direction,2,Clear,Dry,Daylight
2021-02-03T13:10:00.000,I 285,141 and I 285,,Rear End,2,Clear,Dry,Daylight
2021-03-28T13:00:00.000,I 285,141 and I 285,,Sideswipe-Same Direction,2,Clear,Dry,Daylight
2021-04-29T17:16:00.000,I 285,141 and I 285,,Angle Crash,2,Clear,Dry,Daylight
2021-04-02T18:15:00.000,I 285,141 and I 285,,Rear End,2,Clear,Dry,Daylight
2021-03-07T15:29:00.000,I 285,141 and I 285,,Rear End,2,Clear,Dry,Daylight
2021-01-24T14:01:00.000,I 285,141 and I 285,,Rear End,2,Clear,Dry,Daylight
2021-02-09T13:17:00.000,I 285,141 and I 285,,Rear End,2,Clear,Dry,Daylight
2021-01-20T20:09:00.000,I 285,141 and I 285,,Rear End,2,Clear,Dry,Dark-Not Lighted
2021-01-05T13:05:00.000,I 285,141 and I 285,,Rear End,2,Clear,Dry,Daylight
2021-02-14T03:39:00.000,I 285,141 and I 285,,Not a Collision with Motor Vehicle,1,Cloudy,Dry,Dark-Not Lighted
2021-09-13T14:40:00.000,I 285,141 and I 285,,Sideswipe-Same Direction,2,Clear,Dry,Daylight
2021-11-02T15:46:00.000,I 285,141 and I 285,,Angle Crash,2,Cloudy,Dry,Daylight
2021-11-24T16:08:00.000,I 285,141 and I 285,,Sideswipe-Same Direction,2,Clear,Dry,Daylight
2021-07-07T15:40:00.000,I 285,141 and I 285,,Rear End,2,Cloudy,Dry,Daylight
2021-12-05T14:49:00.000,I 285,141 and I 285,,Rear End,4,Clear,Dry,Daylight
2021-11-23T09:00:00.000,I 285,141 and I 285,,Rear End,3,Cloudy,Dry,Daylight
2021-12-21T16:38:00.000,I 285,141 and I 285,,Rear End,2,Rain,Wet,Daylight
2021-12-10T07:32:00.000,I 285,141 and I 285,,Rear End,2,Rain,Wet,Dawn
2021-12-09T07:03:00.000,I 285,141 and I 285,,Rear End,3,Clear,Dry,Daylight
2021-12-18T20:40:00.000,I 285,141 and I 285,,Rear End,2,Rain,Wet,Dark-Not Lighted
2021-07-31T16:22:00.000,I 285,141 and I 285,,Rear End,2,Cloudy,Dry,Daylight
2021-07-17T14:15:00.000,I 285,141 and I 285,,Rear End,2,Cloudy,Dry,Daylight
2021-10-14T07:55:00.000,I 285,141 and I 285,,Rear End,2,Cloudy,Dry,Daylight
2021-09-18T14:27:00.000,I 285,141 and I 285,,Sideswipe-Same Direction,2,Clear,Dry,Daylight
2021-10-09T15:50:00.000,I 285,141 and I 285,,Rear End,2,Cloudy,Dry,Daylight
2021-11-12T17:32:00.000,I 285,141 and I 285,,Angle Crash,2,Clear,Dry,Dark-Not Lighted
2021-12-21T16:11:00.000,I 285,141 and I 285,,Sideswipe-Same Direction,2,Cloudy,Wet,Daylight
2021-12-21T15:53:00.000,I 285,141 and I 285,,Rear End,2,Clear,Dry,Daylight
2021-11-02T12:55:00.000,I 285,141 and I 285,,Rear End,3,Clear,Dry,Daylight
2021-12-17T17:49:00.000,I 285,141 and I 285,,Rear End,2,Clear,Dry,Dark-Not Lighted
2021-07-14T14:25:00.000,I 285,141 and I 285,,Rear End,2,Clear,Dry,Daylight
2021-09-24T14:38:00.000,I 285,141 and I 285,,Rear End,2,Cloudy,Dry,Daylight
2021-12-12T18:57:00.000,I 285,141 and I 285,,Rear End,2,Clear,Dry,Dark-Not Lighted
2021-07-22T09:55:00.000,I 285,141 and I 285,,Rear End,2,Cloudy,Dry,Daylight
2021-11-03T15:06:00.000,I 285,141 and I 285,,Rear End,2,Clear,Dry,Daylight
2021-10-14T15:45:00.000,I 285,141 and I 285,,Rear End,2,Cloudy,Dry,Daylight
2021-09-17T10:22:00.000,I 285,141 and I 285,,Sideswipe-Same Direction,4,Cloudy,Dry,Daylight
2021-07-27T18:54:00.000,I 285,141 and I 285,,Rear End,3,Cloudy,Wet,Daylight
2021-12-15T14:00:00.000,I 285,141 and I 285,,Rear End,2,Cloudy,Dry,Daylight
2021-09-14T20:16:00.000,I 285,141 and I 285,,Sideswipe-Same Direction,2,Clear,Dry,Dark-Lighted
2021-10-06T07:47:00.000,I 285,141 and I 285,,Rear End,2,Cloudy,Wet,Daylight
2021-12-20T21:25:00.000,I 285,141 and I 285,,Rear End,2,Cloudy,Dry,Dark-Lighted
2021-11-20T20:37:00.000,I 285,141 and I 285,,Rear End,2,Clear,Dry,Dark-Lighted
2021-09-21T17:50:00.000,I 285,141 and I 285,,Rear End,2,Clear,Dry,Daylight
2021-10-15T19:59:00.000,I 285,141 and I 285,,Rear End,3,Clear,Dry,Dark-Lighted
2021-09-18T12:25:00.000,I 285,141 and I 285,,Rear End,2,Clear,Dry,Daylight
2021-07-14T16:07:00.000,I 285,141 and I 285,,Rear End,2,Clear,Dry,Daylight
2021-11-11T14:02:00.000,I 285,141 and I 285,,Angle Crash,2,Clear,Dry,Daylight
2021-10-24T10:11:00.000,I 285,141 and I 285,,Rear End,2,Clear,Dry,Daylight
2021-07-15T14:16:00.000,I 285,141 and I 285,,Angle Crash,2,Clear,Dry,Daylight
2021-09-03T14:30:00.000,I 285,141 and I 285,,Sideswipe-Opposite Direction,2,Clear,Dry,Daylight
2021-10-13T17:02:00.000,I 285,141 and I 285,,Rear End,2,Cloudy,Dry,Daylight
2021-07-08T06:47:00.000,I 285,141 and I 285,,Rear End,2,Cloudy,Dry,Daylight
2021-07-27T09:58:00.000,I 285,141 and I 285,,Sideswipe-Same Direction,2,Clear,Dry,Daylight
2021-11-24T10:50:00.000,I 285,141 and I 285,,Rear End,2,Clear,Dry,Dark-Not Lighted
2021-10-30T17:40:00.000,I 285,141 and I 285,,Rear End,2,Rain,Wet,Daylight
2021-07-26T19:00:00.000,I 285,141 and I 285,,Not a Collision with Motor Vehicle,1,Clear,Dry,Daylight
2021-12-20T14:07:00.000,I 285,141 and I 285,,Not a Collision with Motor Vehicle,3,Clear,Dry,Daylight
2021-12-16T16:00:00.000,I 285,141 and I 285,,Sideswipe-Same Direction,2,Clear,Dry,Daylight
2021-09-01T11:13:00.000,I 285,141 and I 285,,Rear End,2,Clear,Dry,Daylight
2021-10-04T16:16:00.000,I 285,141 and I 285,,Rear End,2,Cloudy,Dry,Daylight
2021-10-03T18:59:00.000,I 285,141 and I 285,,Rear End,2,Rain,Wet,Dusk
2021-07-08T12:28:00.000,I 285,141 and I 285,,Rear End,3,Cloudy,Dry,Daylight
2021-08-16T08:30:00.000,I 285,141 and I 285,,Rear End,2,Clear,Dry,Daylight
2021-08-10T14:58:00.000,I 285,141 and I 285,,Rear End,3,Clear,Dry,Daylight
2021-10-22T03:05:00.000,I 285,141 and I 285,,Not a Collision with Motor Vehicle,1,Cloudy,Wet,Dark-Not Lighted
2021-08-13T08:33:00.000,I 285,141 and I 285,,Angle Crash,2,Clear,Dry,Daylight
2021-10-29T14:41:00.000,I 285,141 and I 285,,Rear End,2,Rain,Dry,Daylight
2021-08-07T18:45:00.000,I 285,141 and I 285,,Rear End,4,Cloudy,Wet,Daylight
2021-09-24T19:09:00.000,I 285,141 and I 285,,Rear End,2,Clear,Dry,Daylight
2021-10-26T13:05:00.000,I 285,141 and I 285,,Rear End,2,Clear,Dry,Daylight
2021-07-27T08:34:00.000,I 285,141 and I 285,,Sideswipe-Same Direction,2,Cloudy,Dry,Daylight
2021-08-13T07:24:00.000,I 285,141 and I 285,,Rear End,2,Clear,Dry,Daylight
2021-09-27T06:19:00.000,I 285,141 and I 285,,Sideswipe-Same Direction,2,Clear,Dry,Dark-Not Lighted
2021-11-29T15:19:00.000,I 285,141 and I 285,,Angle Crash,2,Clear,Dry,Daylight
2022-11-08T10:40:00.000,I 285,141 and I 285,,Rear End,2,Clear,Dry,Daylight
2022-12-08T23:13:00.000,I 285,141 and I 285,,Rear End,2,Clear,Dry,Dark-Not Lighted
2022-11-08T09:52:00.000,I 285,141 and I 285,,Rear End,2,Clear,Dry,Daylight
2022-09-16T07:33:00.000,I 285,141 and I 285,,Rear End,3,Clear,Dry,Daylight
2022-05-16T09:36:00.000,I 285,141 and I 285,,Rear End,3,Clear,Dry,Daylight
2022-07-25T14:01:00.000,I 285,141 and I 285,,Rear End,2,Clear,Dry,Daylight
2022-02-14T18:03:00.000,I 285,141 and I 285,,Sideswipe-Same Direction,2,Clear,Dry,Daylight
2022-12-29T12:00:00.000,I 285,141 and I 285,,Rear End,2,Clear,Dry,Daylight
2022-03-18T07:48:00.000,I 285,141 and I 285,,Rear End,2,Clear,Dry,Daylight
2022-02-11T14:24:00.000,I 285,141 and I 285,,Rear End,2,Cloudy,Dry,Daylight
2022-08-10T19:52:00.000,I 285,141 and I 285,,Rear End,2,Clear,Dry,Daylight
2022-11-04T13:35:00.000,I 285,141 and I 285,,Rear End,2,Clear,Dry,Daylight
2022-06-27T08:46:00.000,I 285,141 and I 285,,Sideswipe-Opposite Direction,3,Clear,Dry,Daylight
2022-12-05T09:04:00.000,I 285,141 and I 285,,Rear End,2,Clear,Wet,Daylight
2022-12-31T13:25:00.000,I 285,141 and I 285,,Rear End,2,Rain,Wet,Daylight
2022-09-30T18:00:00.000,I 285,141 and I 285,,Sideswipe-Same Direction,2,Clear,Dry,Daylight
2022-09-02T17:48:00.000,I 285,141 and I 285,,Sideswipe-Same Direction,2,Rain,Wet,Daylight
2022-06-14T17:56:00.000,I 285,141 and I 285,,Rear End,2,Clear,Dry,Daylight
2022-08-24T15:47:00.000,I 285,141 and I 285,,Rear End,2,Clear,Dry,Daylight
2022-05-05T11:29:00.000,I 285,141 and I 285,,Rear End,2,Clear,Dry,Daylight
2022-03-13T13:56:00.000,I 285,141 and I 285,,Rear End,2,Clear,Dry,Daylight
2022-02-11T10:43:00.000,I 285,141 and I 285,,Rear End,2,Clear,Dry,Daylight
2022-07-09T15:27:00.000,I 285,141 and I 285,,Sideswipe-Same Direction,2,Clear,Dry,Daylight
2022-01-30T13:01:00.000,I 285,141 and I 285,,Rear End,2,Clear,Dry,Daylight
2022-05-24T19:22:00.000,I 285,141 and I 285,,Rear End,2,Clear,Dry,Daylight
2022-12-07T14:46:00.000,I 285,141 and I 285,,Rear End,2,Clear,Dry,Daylight
2021-10-27T15:12:00.000,I 285,141 and I 285,,Sideswipe-Same Direction,2,Clear,Dry,Daylight
2021-09-04T09:43:00.000,I 285,141 and I 285,,Rear End,2,Clear,Wet,Daylight
2021-10-25T07:32:00.000,I 285,141 and I 285,,Rear End,2,Clear,Dry,Daylight
2021-10-22T17:19:00.000,I 285,141 and I 285,,Rear End,3,Cloudy,Dry,Daylight
2021-10-08T20:50:00.000,I 285,141 and I 285,,Rear End,2,Clear,Dry,Dark-Not Lighted
2021-11-22T07:08:00.000,I 285,141 and I 285,,Rear End,2,Clear,Wet,Daylight
2021-11-09T07:48:00.000,I 285,141 and I 285,,Sideswipe-Same Direction,2,Clear,Dry,Daylight
2021-07-01T09:04:00.000,I 285,141 and I 285,,Rear End,2,Clear,Dry,Daylight
2021-11-10T16:05:00.000,I 285,141 and I 285,,Rear End,2,Clear,Dry,Daylight
2021-11-01T13:00:00.000,I 285,141 and I 285,,Sideswipe-Same Direction,2,Clear,Dry,Daylight
2021-09-29T09:28:00.000,I 285,141 and I 285,,Rear End,2,Cloudy,Dry,Daylight
2021-08-13T17:26:00.000,I 285,141 and I 285,,Rear End,2,Cloudy,Dry,Daylight
2021-12-06T21:10:00.000,I 285,141 and I 285,,Rear End,2,Clear,Dry,Dark-Lighted
2021-10-12T16:06:00.000,I 285,141 and I 285,,Rear End,2,Clear,Dry,Daylight
2021-07-27T17:40:00.000,I 285,141 and I 285,,Sideswipe-Same Direction,2,Cloudy,Wet,Daylight
2021-12-19T11:35:00.000,I 285,141 and I 285,,Rear End,2,Clear,Dry,Daylight
2021-09-19T20:27:00.000,I 285,141 and I 285,,Angle Crash,4,Clear,Dry,Dark-Not Lighted
2021-09-01T21:47:00.000,I 285,141 and I 285,,Rear End,3,Clear,Dry,Dark-Lighted
2021-09-21T18:53:00.000,I 285,141 and I 285,,Sideswipe-Same Direction,2,Clear,Dry,Daylight
2021-12-07T17:11:00.000,I 285,141 and I 285,,Rear End,2,Clear,Dry,Daylight
2021-07-27T19:04:00.000,I 285,141 and I 285,,Rear End,2,Clear,Dry,Daylight
2021-11-08T18:35:00.000,I 285,141 and I 285,,Rear End,2,Cloudy,Dry,Dark-Lighted
2021-07-22T12:27:00.000,I 285,141 and I 285,,Rear End,2,Clear,Dry,Daylight
2021-12-22T15:29:00.000,I 285,141 and I 285,,Rear End,2,Clear,Dry,Daylight
2021-12-22T14:14:00.000,I 285,141 and I 285,,Rear End,2,Clear,Dry,Daylight
2021-08-18T20:15:00.000,I 285,141 and I 285,,Angle Crash,4,Clear,Dry,Daylight
2021-07-23T15:45:00.000,I 285,141 and I 285,,Rear End,2,Clear,Dry,Daylight
2022-08-19T13:50:00.000,I 285,141 and I 285,,Not a Collision with Motor Vehicle,2,Cloudy,Dry,Daylight
2022-12-15T06:45:00.000,I 285,141 and I 285,,Rear End,2,Rain,Wet,Dark-Not Lighted
2022-07-02T03:30:00.000,I 285,141 and I 285,,Angle Crash,2,Clear,Dry,Dark-Not Lighted
2022-08-28T16:41:00.000,I 285,141 and I 285,,Rear End,2,Clear,Dry,Daylight
2022-06-21T19:06:00.000,I 285,141 and I 285,,Rear End,2,Clear,Dry,Daylight
2022-04-24T15:20:00.000,I 285,141 and I 285,,Rear End,2,Clear,Dry,Daylight
2022-10-28T15:41:00.000,I 285,141 and I 285,,Rear End,2,Clear,Dry,Daylight
2022-06-10T08:00:00.000,I 285,141 and I 285,,Sideswipe-Same Direction,2,Clear,Dry,Daylight
2022-09-10T11:35:00.000,I 285,141 and I 285,,Rear End,2,Cloudy,Wet,Daylight
2022-04-20T15:44:00.000,I 285,141 and I 285,,Rear End,2,Cloudy,Dry,Daylight
2022-10-14T21:21:00.000,I 285,141 and I 285,,Rear End,2,Clear,Dry,Dark-Not Lighted
2022-03-07T09:38:00.000,I 285,141 and I 285,,Rear End,2,Clear,Dry,Daylight
2022-10-13T05:28:00.000,I 285,141 and I 285,,Not a Collision with Motor Vehicle,1,Rain,Wet,Dark-Not Lighted
2022-12-02T08:26:00.000,I 285,141 and I 285,,Rear End,2,Clear,Dry,Daylight
2022-06-16T07:00:00.000,I 285,141 and I 285,,Rear End,2,Clear,Dry,Daylight
2022-06-13T14:09:00.000,I 285,141 and I 285,,Rear End,2,Clear,Dry,Daylight
2022-06-07T18:29:00.000,I 285,141 and I 285,,Rear End,2,Cloudy,Dry,Daylight
2022-06-14T06:25:00.000,I 285,141 and I 285,,Sideswipe-Same Direction,2,Clear,Dry,Daylight
2022-05-19T16:09:00.000,I 285,141 and I 285,,Rear End,2,Clear,Dry,Daylight
2022-08-17T08:16:00.000,I 285,141 and I 285,,Sideswipe-Same Direction,2,Cloudy,Dry,Daylight
2022-06-02T19:24:00.000,I 285,141 and I 285,,Sideswipe-Same Direction,2,Clear,Dry,Daylight
2022-02-16T15:19:00.000,I 285,141 and I 285,,Rear End,2,Cloudy,Dry,Daylight
2022-05-25T17:35:00.000,I 285,141 and I 285,,Sideswipe-Same Direction,2,Rain,Wet,Daylight
2022-05-26T17:28:00.000,I 285,141 and I 285,,Rear End,2,Cloudy,Dry,Daylight
2022-04-16T20:03:00.000,I 285,141 and I 285,,Rear End,2,Clear,Dry,Dark-Lighted
2022-02-03T04:08:00.000,I 285,141 and I 285,,Sideswipe-Same Direction,2,Rain,Wet,Dark-Lighted
2022-01-03T06:50:00.000,I 285,141 and I 285,,Rear End,2,Clear,Dry,Dark-Lighted
2022-09-16T15:55:00.000,I 285,141 and I 285,,Rear End,2,Clear,Dry,Daylight
2022-08-12T21:09:00.000,I 285,141 and I 285,,Sideswipe-Same Direction,2,Clear,Dry,Dark-Lighted
2022-10-25T06:59:00.000,I 285,141 and I 285,,Rear End,2,Clear,Dry,Dark-Not Lighted
2022-12-22T17:59:00.000,I 285,141 and I 285,,Rear End,2,Clear,Dry,Daylight
2022-05-27T18:39:00.000,I 285,141 and I 285,,Rear End,2,Clear,Dry,Daylight
2022-03-29T14:00:00.000,I 285,141 and I 285,,Rear End,2,Clear,Dry,Daylight
2022-06-11T17:30:00.000,I 285,141 and I 285,,Rear End,3,Clear,Dry,Daylight
2022-04-24T13:35:00.000,I 285,141 and I 285,,Rear End,2,Clear,Dry,Daylight
2022-04-24T15:56:00.000,I 285,141 and I 285,,Sideswipe-Same Direction,2,Clear,Dry,Daylight
2022-05-02T06:58:00.000,I 285,141 and I 285,,Rear End,2,Clear,Dry,Daylight
2022-05-02T08:03:00.000,I 285,141 and I 285,,Rear End,2,Clear,Dry,Daylight
2022-10-18T20:20:00.000,I 285,141 and I 285,,Angle Crash,2,Clear,Dry,Dark-Not Lighted
2022-02-11T07:48:00.000,I 285,141 and I 285,,Rear End,2,Cloudy,Dry,Daylight
2022-11-30T10:18:00.000,I 285,141 and I 285,,Rear End,2,Cloudy,Wet,Daylight
2022-06-27T08:46:00.000,I 285,141 and I 285,,Sideswipe-Same Direction,2,Clear,Dry,Daylight
2022-11-28T10:05:00.000,I 285,141 and I 285,,Sideswipe-Same Direction,2,Cloudy,Dry,Daylight
2022-03-04T19:46:00.000,I 285,141 and I 285,,Rear End,2,Clear,Dry,Dark-Not Lighted
2022-09-26T16:09:00.000,I 285,141 and I 285,,Sideswipe-Same Direction,2,Clear,Dry,Daylight
2022-11-02T07:20:00.000,I 285,141 and I 285,,Rear End,2,Clear,Dry,Daylight
2022-09-27T09:18:00.000,I 285,141 and I 285,,Rear End,4,Clear,Dry,Daylight
2022-10-15T21:09:00.000,I 285,141 and I 285,,Rear End,2,Clear,Dry,Daylight
2022-11-11T15:28:00.000,I 285,141 and I 285,,Sideswipe-Same Direction,2,Cloudy,Wet,Daylight
2022-11-26T16:53:00.000,I 285,141 and I 285,,Rear End,4,Clear,Dry,Daylight
2022-05-01T16:40:00.000,I 285,141 and I 285,,Rear End,3,Clear,Dry,Daylight
2022-02-07T18:20:00.000,I 285,141 and I 285,,Rear End,2,Cloudy,Dry,Dark-Not Lighted
2022-04-23T22:00:00.000,I 285,141 and I 285,,Sideswipe-Same Direction,2,Cloudy,Dry,Dark-Not Lighted
2022-05-27T18:01:00.000,I 285,141 and I 285,,Rear End,2,Clear,Dry,Daylight
2022-11-10T11:59:00.000,I 285,141 and I 285,,Rear End,2,Cloudy,Dry,Daylight
2022-08-16T19:15:00.000,I 285,141 and I 285,,Sideswipe-Same Direction,2,Clear,Dry,Daylight
2022-05-03T11:03:00.000,I 285,141 and I 285,,Rear End,2,Clear,Dry,Daylight
2022-01-05T18:30:00.000,I 285,141 and I 285,,Rear End,2,Clear,Dry,Dark-Not Lighted
2022-08-13T08:29:00.000,I 285,141 and I 285,,Not a Collision with Motor Vehicle,1,Clear,Dry,Daylight
2022-09-10T13:35:00.000,I 285,141 and I 285,,Rear End,2,Cloudy,Dry,Daylight
2022-03-08T17:46:00.000,I 285,141 and I 285,,Rear End,2,Rain,Wet,Daylight
2022-01-25T13:13:00.000,I 285,141 and I 285,,Head On,2,Clear,Dry,Daylight
2022-08-03T15:43:00.000,I 285,141 and I 285,,Rear End,2,Clear,Dry,Daylight
2022-08-19T22:36:00.000,I 285,141 and I 285,,Rear End,2,Cloudy,Wet,Dark-Not Lighted
2022-10-27T13:09:00.000,I 285,141 and I 285,,Rear End,2,Cloudy,Dry,Daylight
2022-05-18T08:50:00.000,I 285,141 and I 285,,Not a Collision with Motor Vehicle,1,Clear,Dry,Daylight
2022-08-30T10:56:00.000,I 285,141 and I 285,,Rear End,2,Clear,Dry,Daylight
2022-05-10T17:07:00.000,I 285,141 and I 285,,Rear End,2,Clear,Dry,Daylight
2022-08-19T16:47:00.000,I 285,141 and I 285,,Rear End,2,Clear,Dry,Daylight
2022-03-07T18:30:00.000,I 285,141 and I 285,,Sideswipe-Same Direction,2,Cloudy,Wet,Daylight
2022-06-21T13:42:00.000,I 285,141 and I 285,,Not a Collision with Motor Vehicle,1,Clear,Dry,Daylight
2022-11-18T20:48:00.000,I 285,141 and I 285,,Rear End,2,Clear,Dry,Dark-Not Lighted
2022-03-11T09:13:00.000,I 285,141 and I 285,,Rear End,3,Clear,Dry,Daylight
2022-09-23T22:41:00.000,I 285,141 and I 285,,Rear End,2,Clear,Dry,Dark-Lighted
2022-09-20T10:00:00.000,I 285,141 and I 285,,Sideswipe-Same Direction,2,Clear,Dry,Daylight
2022-08-11T11:11:00.000,I 285,141 and I 285,,Rear End,2,Cloudy,Dry,Daylight
2022-08-30T10:40:00.000,I 285,141 and I 285,,Sideswipe-Same Direction,2,Clear,Dry,Daylight
2022-01-03T13:59:00.000,I 285,141 and I 285,,Rear End,2,Clear,Dry,Daylight
2022-05-11T08:35:00.000,I 285,141 and I 285,,Rear End,2,Clear,Dry,Daylight
2022-02-10T07:47:00.000,I 285,141 and I 285,,Rear End,2,Clear,Dry,Daylight
2022-01-08T21:56:00.000,I 285,141 and I 285,,Rear End,5,Clear,Dry,Dark-Not Lighted
2022-03-14T13:39:00.000,I 285,141 and I 285,,Rear End,3,Clear,Dry,Daylight
2022-09-04T16:45:00.000,I 285,141 and I 285,,Rear End,2,Rain,Wet,Daylight
2022-08-02T09:31:00.000,I 285,141 and I 285,,Rear End,4,Clear,Dry,Daylight
2022-05-09T11:54:00.000,I 285,141 and I 285,,Rear End,2,Cloudy,Dry,Daylight
2022-07-11T08:56:00.000,I 285,141 and I 285,,Sideswipe-Same Direction,2,Cloudy,Dry,Daylight
2022-05-23T14:00:00.000,I 285,141 and I 285,,Sideswipe-Same Direction,2,Clear,Dry,Daylight
2022-04-30T09:11:00.000,I 285,141 and I 285,,Rear End,2,Cloudy,Dry,Daylight
2022-11-30T07:27:00.000,I 285,141 and I 285,,Sideswipe-Same Direction,2,Rain,Wet,Daylight
2022-05-04T09:30:00.000,I 285,141 and I 285,,Rear End,3,Clear,Wet,Daylight
2022-07-12T14:24:00.000,I 285,141 and I 285,,Sideswipe-Same Direction,2,Clear,Dry,Daylight
2022-12-28T06:20:00.000,I 285,141 and I 285,,Sideswipe-Same Direction,4,Clear,Dry,Dark-Lighted
2022-11-19T12:03:00.000,I 285,141 and I 285,,Rear End,2,Clear,Dry,Daylight
2022-09-02T07:48:00.000,I 285,141 and I 285,,Rear End,2,Clear,Dry,Daylight
2022-08-25T19:42:00.000,I 285,141 and I 285,,Rear End,2,Clear,Dry,Daylight
2022-01-02T15:23:00.000,I 285,141 and I 285,,Rear End,2,Cloudy,Wet,Daylight
2022-10-07T18:47:00.000,I 285,141 and I 285,,Sideswipe-Same Direction,2,Clear,Dry,Daylight
2022-08-19T13:45:00.000,I 285,141 and I 285,,Rear End,2,Clear,Dry,Daylight
2022-06-06T18:24:00.000,I 285,141 and I 285,,Rear End,2,Cloudy,Wet,Dusk
2022-10-07T19:38:00.000,I 285,141 and I 285,,Rear End,2,Clear,Dry,Dusk
2022-08-04T20:00:00.000,I 285,141 and I 285,,Rear End,3,Clear,Dry,Daylight
2022-06-06T18:27:00.000,I 285,141 and I 285,,Rear End,2,Clear,Wet,Daylight
2022-11-10T01:00:00.000,I 285,141 and I 285,,Not a Collision with Motor Vehicle,1,Clear,Dry,Dark-Lighted
2022-06-23T12:00:00.000,I 285,141 and I 285,,Angle Crash,2,Clear,Dry,Daylight
2022-03-02T11:18:00.000,I 285,141 and I 285,,Rear End,2,Cloudy,Dry,Daylight
2022-10-21T15:30:00.000,I 285,141 and I 285,,Rear End,2,Clear,Dry,Daylight
2022-05-31T15:08:00.000,I 285,141 and I 285,,Sideswipe-Same Direction,2,Cloudy,Dry,Daylight
2022-03-31T10:49:00.000,I 285,141 and I 285,,Rear End,2,Cloudy,Dry,Daylight
2022-01-26T17:50:00.000,I 285,141 and I 285,,Rear End,2,Clear,Dry,Dark-Not Lighted
2022-07-28T21:09:00.000,I 285,141 and I 285,,(None),1,(None),(None),(None)
2022-12-10T19:15:00.000,I 285,141 and I 285,,Angle Crash,2,Clear,Dry,Dark-Not Lighted
2022-06-27T06:40:00.000,I 285,141 and I 285,,Rear End,2,Clear,Dry,Dawn
2021-07-14T03:09:00.000,I 285,141 and I 285,,Not a Collision with Motor Vehicle,1,Cloudy,Dry,Dark-Not Lighted
2021-10-01T08:15:00.000,I 285,141 and I 285,,Sideswipe-Same Direction,2,Clear,Dry,Daylight
2021-11-08T13:50:00.000,I 285,141 and I 285,,Rear End,2,Clear,Dry,Daylight
2021-08-04T17:35:00.000,I 285,141 and I 285,,Sideswipe-Same Direction,2,Clear,Dry,Daylight