Date and Time,Roadway (From Crash Report),Intersection Name (from Crash Report),KABCO Severity,Manner of Collision (Crash Level) ,# of Vehicles per crash ,Weather Conditions (Crash Level),Surface Condition (Crash Level) ,Light Conditions (Crash Level)
2021-10-21T19:50:00.000,I 285,141 and I 285,,Sideswipe-Same Direction,2,Cloudy,Dry,Dark-Lighted
2021-10-01T19:36:00.000,I 285,141 and I 285,,Rear End,2,Clear,Dry,Dark-Lighted
2021-07-27T08:45:00.000,I 285,141 and I 285,,Sideswipe-Same Direction,2,Cloudy,Dry,Daylight
2021-11-16T10:34:00.000,I 285,141 and I 285,,Rear End,2,Clear,Dry,Daylight
2021-11-18T09:55:00.000,I 285,141 and I 285,,Rear End,2,Cloudy,Dry,Daylight
2021-09-19T15:00:00.000,I 285,141 and I 285,,Sideswipe-Same Direction,2,Cloudy,Dry,Daylight
2021-08-31T15:50:00.000,I 285,141 and I 285,,Sideswipe-Same Direction,2,Cloudy,Dry,Daylight
2021-07-22T18:01:00.000,I 285,141 and I 285,,Rear End,2,Clear,Dry,Daylight
2021-11-15T16:57:00.000,I 285,141 and I 285,,Rear End,2,Clear,Dry,Daylight
2021-10-02T17:50:00.000,I 285,141 and I 285,,Angle Crash,2,Clear,Dry,Daylight
2021-12-21T12:38:00.000,I 285,141 and I 285,,Sideswipe-Same Direction,2,Rain,Wet,Daylight
2021-10-23T17:43:00.000,I 285,141 and I 285,,Rear End,2,Clear,Dry,Daylight
2021-12-04T08:18:00.000,I 285,141 and I 285,,Rear End,2,Clear,Dry,Daylight
2021-08-23T14:48:00.000,I 285,141 and I 285,,Rear End,2,Clear,Dry,Daylight
2021-10-25T14:36:00.000,I 285,141 and I 285,,Rear End,3,Clear,Dry,Daylight
2022-03-29T15:30:00.000,I 285,141 and I 285,,Rear End,4,Clear,Dry,Daylight
2022-08-12T17:07:00.000,I 285,141 and I 285,,Sideswipe-Same Direction,2,Clear,Dry,Daylight
2022-12-30T18:50:00.000,I 285,141 and I 285,,Sideswipe-Same Direction,2,Clear,Dry,Dark-Lighted
2022-05-11T14:51:00.000,I 285,141 and I 285,,Sideswipe-Same Direction,2,Clear,Dry,Daylight
2022-12-02T10:27:00.000,I 285,141 and I 285,,Rear End,2,Cloudy,Dry,Daylight
2022-04-26T14:52:00.000,I 285,141 and I 285,,Rear End,3,Cloudy,Dry,Daylight
2022-04-28T15:40:00.000,I 285,141 and I 285,,Sideswipe-Same Direction,2,Clear,Dry,Daylight
2022-04-03T21:57:00.000,I 285,141 and I 285,,Sideswipe-Same Direction,2,Clear,Dry,Dark-Lighted
2022-01-26T09:03:00.000,I 285,141 and I 285,,Rear End,2,Cloudy,Dry,Daylight
2022-05-15T12:01:00.000,I 285,141 and I 285,,Rear End,2,Clear,Dry,Daylight
2022-01-29T14:06:00.000,I 285,141 and I 285,,Sideswipe-Same Direction,2,Clear,Dry,Daylight
2022-07-28T09:31:00.000,I 285,141 and I 285,,Rear End,2,Clear,Dry,Daylight
2022-07-22T10:02:00.000,I 285,141 and I 285,,Rear End,2,Clear,Dry,Daylight
2022-11-09T09:08:00.000,I 285,141 and I 285,,Rear End,2,Cloudy,Dry,Daylight
2022-10-20T09:10:00.000,I 285,141 and I 285,,Rear End,2,Clear,Dry,Daylight
2022-03-30T16:46:00.000,I 285,141 and I 285,,Rear End,2,Clear,Dry,Daylight
2022-06-10T11:11:00.000,I 285,141 and I 285,,Rear End,2,Clear,Dry,Daylight
2022-06-27T15:09:00.000,I 285,141 and I 285,,Rear End,2,Clear,Dry,Daylight
2022-12-10T14:10:00.000,I 285,141 and I 285,,Rear End,2,Cloudy,Dry,Daylight
2022-03-21T07:24:00.000,I 285,141 and I 285,,Rear End,2,Clear,Dry,Daylight
2022-08-23T15:16:00.000,I 285,141 and I 285,,Rear End,2,Cloudy,Wet,Daylight
2022-02-17T18:05:00.000,I 285,141 and I 285,,Rear End,2,Cloudy,Dry,Daylight
2022-11-14T07:48:00.000,I 285,141 and I 285,,Angle Crash,2,Clear,Dry,Daylight
2022-09-13T15:45:00.000,I 285,141 and I 285,,Rear End,2,Clear,Dry,Daylight
2022-11-15T10:45:00.000,I 285,141 and I 285,,Sideswipe-Same Direction,2,Rain,Wet,Daylight
2022-09-21T09:25:00.000,I 285,141 and I 285,,Sideswipe-Same Direction,2,Clear,Dry,Dusk
2022-08-10T18:41:00.000,I 285,141 and I 285,,Sideswipe-Same Direction,2,Cloudy,Wet,Daylight
2022-03-18T12:11:00.000,I 285,141 and I 285,,Sideswipe-Same Direction,2,Cloudy,Wet,Daylight
2022-12-10T20:48:00.000,I 285,141 and I 285,,Rear End,3,Cloudy,Wet,Dark-Not Lighted
2022-06-10T17:46:00.000,I 285,141 and I 285,,Rear End,2,Cloudy,Dry,Daylight
2022-11-27T03:44:00.000,I 285,141 and I 285,,Not a Collision with Motor Vehicle,1,Rain,Wet,Dark-Not Lighted
2022-10-26T14:01:00.000,I 285,141 and I 285,,Rear End,2,Clear,Dry,Daylight
2022-03-08T18:10:00.000,I 285,141 and I 285,,Rear End,2,Rain,Wet,Daylight
2022-08-27T10:30:00.000,I 285,141 and I 285,,Rear End,2,Cloudy,Dry,Daylight
2022-12-14T09:15:00.000,I 285,141 and I 285,,Rear End,2,Cloudy,Dry,Daylight
2022-02-23T07:07:00.000,I 285,141 and I 285,,Rear End,2,Cloudy,Dry,Daylight
2022-08-16T07:07:00.000,I 285,141 and I 285,,Rear End,2,Clear,Dry,Daylight
2022-03-03T16:03:00.000,I 285,141 and I 285,,Sideswipe-Same Direction,2,Cloudy,Dry,Daylight
2022-10-01T13:01:00.000,I 285,141 and I 285,,Rear End,2,Clear,Dry,Daylight
2022-04-22T16:46:00.000,I 285,141 and I 285,,Rear End,2,Cloudy,Dry,Daylight
2022-07-28T10:09:00.000,I 285,141 and I 285,,Rear End,3,Clear,Dry,Daylight
2022-08-30T16:46:00.000,I 285,141 and I 285,,Rear End,2,Clear,Dry,Daylight
2022-08-25T07:38:00.000,I 285,141 and I 285,,Rear End,2,Rain,Wet,Daylight
2022-11-13T06:23:00.000,I 285,141 and I 285,,Angle Crash,2,Clear,Dry,Dark-Lighted
2022-04-21T19:55:00.000,I 285,141 and I 285,,Rear End,3,Clear,Dry,Dusk
2022-08-01T20:11:00.000,I 285,141 and I 285,,Rear End,2,Cloudy,Dry,Daylight
2022-09-20T19:26:00.000,I 285,141 and I 285,,Sideswipe-Same Direction,2,Clear,Dry,Daylight
2022-01-24T17:20:00.000,I 285,141 and I 285,,Rear End,2,Clear,Dry,Dawn
2022-02-04T18:23:00.000,I 285,141 and I 285,,Rear End,3,Cloudy,Wet,Dark-Not Lighted
2022-06-18T16:07:00.000,I 285,141 and I 285,,Rear End,4,Clear,Dry,Daylight
2022-11-27T20:05:00.000,I 285,141 and I 285,,Rear End,3,Cloudy,Dry,Dark-Not Lighted
2022-07-20T17:30:00.000,I 285,141 and I 285,,Sideswipe-Same Direction,2,Clear,Dry,Daylight
2022-12-07T18:07:00.000,I 285,141 and I 285,,Rear End,2,Rain,Wet,Dark-Lighted
2022-07-13T21:12:00.000,I 285,141 and I 285,,Rear End,2,Clear,Dry,Dark-Lighted
2022-11-01T15:44:00.000,I 285,141 and I 285,,Angle Crash,2,Clear,Dry,Daylight
2022-02-10T11:18:00.000,I 285,141 and I 285,,Rear End,5,Clear,Dry,Daylight
2022-05-11T19:39:00.000,I 285,141 and I 285,,Angle Crash,2,Clear,Dry,Daylight
2022-07-28T21:09:00.000,I 285,141 and I 285,,Angle Crash,2,Clear,Dry,Daylight
2022-05-02T18:45:00.000,I 285,141 and I 285,,Rear End,2,Clear,Dry,Daylight
2022-05-06T14:59:00.000,I 285,141 and I 285,,Sideswipe-Same Direction,2,Clear,Dry,Daylight
2022-08-30T20:50:00.000,I 285,141 and I 285,,Sideswipe-Same Direction,2,Clear,Wet,Dark-Not Lighted
2022-12-20T16:49:00.000,I 285,141 and I 285,,Rear End,2,Clear,Dry,Daylight
2022-09-15T15:42:00.000,I 285,141 and I 285,,Rear End,2,Clear,Dry,Daylight
2022-02-24T06:45:00.000,I 285,141 and I 285,,Rear End,2,Clear,Dry,Dawn
2022-11-11T06:25:00.000,I 285,141 and I 285,,Sideswipe-Same Direction,2,Rain,Wet,Dark-Not Lighted
2022-04-07T18:50:00.000,I 285,141 and I 285,,Sideswipe-Same Direction,2,Clear,Dry,Daylight
2022-03-23T12:30:00.000,I 285,141 and I 285,,Sideswipe-Same Direction,3,Cloudy,Dry,Daylight
2022-11-19T21:40:00.000,I 285,141 and I 285,,Sideswipe-Same Direction,2,Clear,Dry,Dark-Not Lighted
2022-03-14T16:00:00.000,I 285,141 and I 285,,Rear End,2,Clear,Dry,Daylight
2022-03-07T14:37:00.000,I 285,141 and I 285,,Rear End,3,Clear,Dry,Daylight
2022-12-16T18:26:00.000,I 285,141 and I 285,,Rear End,2,Clear,Dry,Dark-Not Lighted
2022-06-13T19:15:00.000,I 285,141 and I 285,,Sideswipe-Same Direction,2,Cloudy,Dry,Daylight
2022-06-17T07:50:00.000,I 285,141 and I 285,,Sideswipe-Same Direction,2,Clear,Dry,Daylight
2022-10-25T19:15:00.000,I 285,141 and I 285,,Rear End,3,Clear,Dry,Dark-Lighted
2022-11-12T13:00:00.000,I 285,141 and I 285,,Sideswipe-Same Direction,3,Cloudy,Dry,Daylight
2022-08-17T10:17:00.000,I 285,141 and I 285,,Rear End,2,Rain,Wet,Daylight
2022-06-27T09:18:00.000,I 285,141 and I 285,,Rear End,2,Cloudy,Dry,Daylight
2022-09-23T07:20:00.000,I 285,141 and I 285,,Rear End,2,Clear,Dry,Daylight
2022-08-13T14:35:00.000,I 285,141 and I 285,,Rear End,2,Clear,Dry,Daylight
2022-02-17T06:25:00.000,I 285,141 and I 285,,Head On,2,Cloudy,Wet,Dark-Not Lighted
2022-11-30T19:33:00.000,I 285,141 and I 285,,Sideswipe-Same Direction,2,Clear,Dry,Dark-Lighted
2022-03-08T18:48:00.000,I 285,141 and I 285,,Sideswipe-Same Direction,3,Rain,Wet,Dark-Lighted
2022-11-11T07:10:00.000,I 285,141 and I 285,,Rear End,2,Rain,Wet,Dawn
2022-09-28T21:04:00.000,I 285,141 and I 285,,Rear End,2,Clear,Dry,Dark-Lighted
2022-10-25T06:43:00.000,I 285,141 and I 285,,Angle Crash,2,Clear,Dry,Dark-Lighted
2022-10-17T07:59:00.000,I 285,141 and I 285,,Rear End,2,Clear,Dry,Daylight
2022-08-16T17:43:00.000,I 285,141 and I 285,,Rear End,2,Clear,Dry,Daylight
2022-02-13T10:50:00.000,I 285,141 and I 285,,Rear End,2,Clear,Dry,Daylight
2022-08-29T09:05:00.000,I 285,141 and I 285,,Sideswipe-Same Direction,2,Clear,Dry,Daylight
2022-09-30T15:30:00.000,I 285,141 and I 285,,Rear End,2,Clear,Dry,Daylight
2022-07-17T15:50:00.000,I 285,141 and I 285,,Rear End,2,Clear,Dry,Daylight
2022-05-13T19:12:00.000,I 285,141 and I 285,,Rear End,2,Cloudy,Dry,Daylight
2022-04-19T12:54:00.000,I 285,141 and I 285,,Rear End,2,Clear,Dry,Daylight
2022-03-29T20:17:00.000,I 285,141 and I 285,,Rear End,2,Clear,Dry,Dark-Not Lighted
2022-04-27T13:08:00.000,I 285,141 and I 285,,Rear End,2,Clear,Dry,Daylight
2022-09-30T17:08:00.000,I 285,141 and I 285,,Rear End,2,Clear,Wet,Daylight
2022-04-30T15:04:00.000,I 285,141 and I 285,,Angle Crash,3,Clear,Dry,Daylight
2022-11-04T19:40:00.000,I 285,141 and I 285,,Rear End,2,Clear,Dry,Dark-Not Lighted
2022-03-19T15:27:00.000,I 285,141 and I 285,,Rear End,2,Cloudy,Dry,Daylight
2022-10-08T14:12:00.000,I 285,141 and I 285,,Rear End,2,Clear,Dry,Daylight
2022-11-11T13:26:00.000,I 285,141 and I 285,,Sideswipe-Same Direction,2,Rain,Wet,Daylight
2022-05-04T09:15:00.000,I 285,141 and I 285,,Sideswipe-Same Direction,3,Clear,Wet,Daylight
2022-03-31T15:26:00.000,I 285,141 and I 285,,Rear End,2,Cloudy,Dry,Daylight
2022-11-07T14:20:00.000,I 285,141 and I 285,,Rear End,2,Clear,Dry,Daylight
2022-05-16T07:30:00.000,I 285,141 and I 285,,Rear End,3,Clear,Dry,Daylight
2022-03-15T07:23:00.000,I 285,141 and I 285,,Rear End,2,Cloudy,Dry,Daylight
2022-11-19T23:02:00.000,I 285,141 and I 285,,Sideswipe-Same Direction,2,Clear,Dry,Dark-Not Lighted
2022-03-19T13:02:00.000,I 285,141 and I 285,,Rear End,2,Clear,Dry,Daylight
2022-12-29T09:30:00.000,I 285,141 and I 285,,Rear End,2,Clear,Dry,Daylight
2022-11-08T17:25:00.000,I 285,141 and I 285,,Sideswipe-Same Direction,2,Clear,Dry,Dark-Not Lighted
2022-12-13T18:35:00.000,I 285,141 and I 285,,Rear End,2,Clear,Dry,Dark-Not Lighted
2022-03-18T13:51:00.000,I 285,141 and I 285,,Rear End,2,Rain,Wet,Daylight
2022-09-26T17:15:00.000,I 285,141 and I 285,,Rear End,2,Clear,Dry,Daylight
2022-01-01T11:15:00.000,I 285,141 and I 285,,Sideswipe-Same Direction,2,Cloudy,Dry,Daylight
2022-05-11T07:42:00.000,I 285,141 and I 285,,Rear End,4,Clear,Dry,Daylight
2022-01-12T12:13:00.000,I 285,141 and I 285,,Rear End,2,Cloudy,Dry,Daylight
2022-06-23T15:30:00.000,I 285,141 and I 285,,Angle Crash,2,Clear,Dry,Daylight
2022-03-02T08:29:00.000,I 285,141 and I 285,,Rear End,3,Clear,Dry,Daylight
2022-04-27T14:26:00.000,I 285,141 and I 285,,Rear End,2,Clear,Dry,Daylight
2022-06-16T08:24:00.000,I 285,141 and I 285,,Rear End,2,Clear,Dry,Daylight
2022-11-16T11:00:00.000,I 285,141 and I 285,,Rear End,2,Clear,Dry,Dark-Not Lighted
2022-02-02T12:03:00.000,I 285,141 and I 285,,Rear End,2,Clear,Dry,Daylight
2022-02-14T07:10:00.000,I 285,141 and I 285,,Rear End,2,Clear,Dry,Daylight
2022-10-29T18:09:00.000,I 285,141 and I 285,,Rear End,2,Cloudy,Dry,Daylight
2022-10-18T07:47:00.000,I 285,141 and I 285,,Angle Crash,2,Cloudy,Dry,Daylight
2022-07-12T15:24:00.000,I 285,141 and I 285,,Rear End,2,Clear,Dry,Daylight
2022-01-08T09:36:00.000,I 285,141 and I 285,,Sideswipe-Same Direction,2,Clear,Dry,Daylight
2022-06-22T20:00:00.000,I 285,141 and I 285,,Sideswipe-Same Direction,2,Clear,Dry,Daylight
2022-08-11T18:00:00.000,I 285,141 and I 285,,Sideswipe-Same Direction,3,Clear,Dry,Daylight
2022-12-09T19:56:00.000,I 285,141 and I 285,,Rear End,2,Rain,Wet,Dark-Not Lighted
2022-12-06T20:00:00.000,I 285,141 and I 285,,Rear End,2,Clear,Dry,Dark-Lighted
2022-03-18T12:00:00.000,I 285,141 and I 285,,Rear End,2,Rain,Wet,Daylight
2022-11-18T09:01:00.000,I 285,141 and I 285,,Rear End,2,Cloudy,Dry,Daylight
2022-07-28T07:45:00.000,I 285,141 and I 285,,Rear End,3,Clear,Dry,Daylight
2022-07-07T14:35:00.000,I 285,141 and I 285,,Rear End,2,Cloudy,Dry,Daylight
2022-08-04T05:27:00.000,I 285,141 and I 285,,Not a Collision with Motor Vehicle,1,Cloudy,Dry,Dark-Lighted
2022-08-08T15:01:00.000,I 285,141 and I 285,,Rear End,2,Cloudy,Wet,Daylight
2022-12-13T17:25:00.000,I 285,141 and I 285,,Sideswipe-Same Direction,2,Clear,Dry,Dark-Not Lighted
2022-12-01T12:40:00.000,I 285,141 and I 285,,Rear End,2,Clear,Dry,Daylight
2022-07-13T21:12:00.000,I 285,141 and I 285,,Rear End,2,Clear,Dry,Dark-Lighted
2022-12-10T19:00:00.000,I 285,141 and I 285,,Rear End,2,Clear,Dry,Dark-Not Lighted
2022-01-14T07:45:00.000,I 285,141 and I 285,,Rear End,2,Clear,Dry,Daylight
2022-05-14T17:27:00.000,I 285,141 and I 285,,Sideswipe-Same Direction,2,Clear,Dry,Daylight
2022-09-24T09:01:00.000,I 285,141 and I 285,,Rear End,2,Cloudy,Dry,Daylight
2022-01-04T06:20:00.000,I 285,141 and I 285,,Rear End,2,Clear,Dry,Dark-Not Lighted
2022-02-02T08:02:00.000,I 285,141 and I 285,,Rear End,2,Clear,Dry,Daylight
2022-07-21T07:43:00.000,I 285,141 and I 285,,Rear End,2,Rain,Wet,Daylight
2022-05-26T14:43:00.000,I 285,141 and I 285,,Sideswipe-Same Direction,2,Rain,Wet,Daylight
2022-07-07T07:58:00.000,I 285,141 and I 285,,Rear End,3,Cloudy,Dry,Daylight
2022-04-26T14:52:00.000,I 285,141 and I 285,,Rear End,3,Cloudy,Dry,Daylight
2022-06-20T16:20:00.000,I 285,141 and I 285,,Sideswipe-Same Direction,2,Clear,Dry,Daylight
2022-03-21T08:30:00.000,I 285,141 and I 285,,Rear End,2,Clear,Dry,Daylight
2022-11-17T16:35:00.000,I 285,141 and I 285,,Sideswipe-Same Direction,2,Clear,Dry,Daylight
2022-11-11T20:18:00.000,I 285,141 and I 285,,Angle Crash,2,Clear,Wet,Dark-Lighted
2022-09-04T11:00:00.000,I 285,141 and I 285,,Rear End,2,Clear,Dry,Daylight
2022-04-11T10:07:00.000,I 285,141 and I 285,,Rear End,2,Cloudy,Dry,Daylight
2022-08-04T17:05:00.000,I 285,141 and I 285,,Sideswipe-Same Direction,2,Clear,Dry,Daylight
2022-09-16T12:50:00.000,I 285,141 and I 285,,Rear End,2,Clear,Dry,Daylight
2022-05-13T16:29:00.000,I 285,141 and I 285,,Rear End,2,Clear,Dry,Daylight
2022-10-15T19:30:00.000,I 285,141 and I 285,,Sideswipe-Same Direction,2,Clear,Dry,Daylight
2022-11-16T17:47:00.000,I 285,141 and I 285,,Rear End,3,Clear,Dry,Dusk
2022-08-29T16:30:00.000,I 285,141 and I 285,,(None),2,(None),(None),(None)
2022-04-08T11:35:00.000,I 285,141 and I 285,,Rear End,2,Cloudy,Dry,Daylight
2022-05-17T20:02:00.000,I 285,141 and I 285,,Not a Collision with Motor Vehicle,1,Clear,Dry,Daylight
2022-08-10T07:21:00.000,I 285,141 and I 285,,Rear End,2,Clear,Dry,Daylight
2022-08-08T06:45:00.000,I 285,141 and I 285,,Sideswipe-Same Direction,2,Clear,Dry,Daylight
2022-04-28T16:06:00.000,I 285,141 and I 285,,Sideswipe-Same Direction,2,Clear,Dry,Daylight
2022-06-12T19:10:00.000,I 285,141 and I 285,,Sideswipe-Same Direction,2,Clear,Dry,Daylight
2022-12-09T07:09:00.000,I 285,141 and I 285,,Rear End,3,Cloudy,Dry,Dusk
2022-02-03T12:55:00.000,I 285,141 and I 285,,Rear End,2,Rain,Wet,Daylight
2022-06-30T00:06:00.000,I 285,141 and I 285,,Rear End,2,Cloudy,Wet,Dark-Not Lighted
2022-08-05T08:57:00.000,I 285,141 and I 285,,Rear End,2,Clear,Dry,Daylight
2022-04-08T09:11:00.000,I 285,141 and I 285,,Rear End,2,Clear,Dry,Daylight
2022-08-06T14:30:00.000,I 285,141 and I 285,,Rear End,2,Clear,Dry,Daylight
2022-09-18T17:43:00.000,I 285,141 and I 285,,Sideswipe-Same Direction,2,Clear,Dry,Daylight
2022-11-17T18:33:00.000,I 285,141 and I 285,,Rear End,2,Clear,Dry,Dark-Lighted
2022-01-22T17:26:00.000,I 285,141 and I 285,,Rear End,2,Clear,Dry,Daylight
2022-04-07T08:37:00.000,I 285,141 and I 285,,Rear End,2,Clear,Dry,Daylight
2022-06-16T17:44:00.000,I 285,141 and I 285,,Sideswipe-Same Direction,2,Clear,Dry,Daylight
2022-11-15T07:10:00.000,I 285,141 and I 285,,Rear End,2,Rain,Wet,Daylight
2022-08-20T14:18:00.000,I 285,141 and I 285,,Rear End,3,Rain,Wet,Daylight
2022-10-31T08:48:00.000,I 285,141 and I 285,,Rear End,2,Rain,Wet,Daylight
2022-11-05T07:30:00.000,I 285,141 and I 285,,Not a Collision with Motor Vehicle,1,Clear,Dry,Daylight
2022-12-29T14:50:00.000,I 285,141 and I 285,,Rear End,2,Clear,Dry,Daylight
2022-12-07T23:27:00.000,I 285,141 and I 285,,Rear End,3,Clear,Dry,Dark-Lighted
2022-01-01T20:13:00.000,I 285,141 and I 285,,Sideswipe-Same Direction,2,Cloudy,Dry,Dark-Lighted
2022-11-04T21:45:00.000,I 285,141 and I 285,,Rear End,2,Clear,Dry,Dark-Not Lighted
2022-12-09T15:43:00.000,I 285,141 and I 285,,Sideswipe-Same Direction,2,Rain,Wet,Daylight
2022-08-23T07:40:00.000,I 285,141 and I 285,,Rear End,2,Cloudy,Dry,Daylight
2022-07-19T17:02:00.000,I 285,141 and I 285,,Rear End,2,Rain,Wet,Daylight
2022-06-07T23:30:00.000,I 285,141 and I 285,,Not a Collision with Motor Vehicle,1,Rain,Wet,Dark-Not Lighted
2022-05-15T12:59:00.000,I 285,141 and I 285,,Angle Crash,2,Clear,Dry,Daylight
2022-09-08T18:15:00.000,I 285,141 and I 285,,Rear End,2,Clear,Dry,Daylight
2022-11-04T16:39:00.000,I 285,141 and I 285,,Rear End,2,Cloudy,Dry,Daylight
2022-11-30T08:30:00.000,I 285,141 and I 285,,Sideswipe-Same Direction,2,Rain,Wet,Daylight
2022-11-29T09:16:00.000,I 285,141 and I 285,,Rear End,2,Clear,Dry,Daylight
2022-02-27T18:15:00.000,I 285,141 and I 285,,Sideswipe-Same Direction,2,Clear,Dry,Dark-Lighted
2022-10-24T17:33:00.000,I 285,141 and I 285,,Rear End,2,Clear,Dry,Daylight
2022-08-26T19:50:00.000,I 285,141 and I 285,,Rear End,2,Clear,Dry,Daylight
2022-10-16T23:45:00.000,I 285,141 and I 285,,Angle Crash,2,Clear,Dry,Dark-Not Lighted
2022-06-21T09:01:00.000,I 285,141 and I 285,,Sideswipe-Same Direction,2,Clear,Dry,Daylight
2022-11-16T07:00:00.000,I 285,141 and I 285,,Rear End,2,Clear,Dry,Daylight
2022-02-03T16:56:00.000,I 285,141 and I 285,,Rear End,2,Rain,Wet,Dusk
2022-07-03T05:04:00.000,I 285,141 and I 285,,Not a Collision with Motor Vehicle,1,Cloudy,Wet,Dark-Not Lighted
2022-09-09T07:27:00.000,I 285,141 and I 285,,Rear End,2,Clear,Dry,Daylight
2022-09-02T13:45:00.000,I 285,141 and I 285,,Angle Crash,2,Clear,Dry,Daylight
2022-06-09T12:51:00.000,I 285,141 and I 285,,Rear End,2,Cloudy,Dry,Daylight
2022-10-14T21:41:00.000,I 285,141 and I 285,,Rear End,2,Clear,Dry,Dark-Not Lighted
2022-06-05T17:03:00.000,I 285,141 and I 285,,Rear End,3,Clear,Dry,Daylight
2022-02-11T17:20:00.000,I 285,141 and I 285,,Rear End,2,Clear,Dry,Daylight
2022-10-14T15:24:00.000,I 285,141 and I 285,,Sideswipe-Same Direction,2,Clear,Dry,Daylight
2022-01-07T00:19:00.000,I 285,141 and I 285,,Rear End,2,Cloudy,Dry,Dark-Not Lighted
2022-12-10T20:02:00.000,I 285,141 and I 285,,(None),2,Rain,Wet,Dark-Not Lighted
2022-03-23T23:23:00.000,I 285,141 and I 285,,Not a Collision with Motor Vehicle,1,Clear,Dry,Dark-Not Lighted
2022-11-23T10:33:00.000,I 285,141 and I 285,,Sideswipe-Same Direction,2,Clear,Dry,Daylight
2022-02-26T09:54:00.000,I 285,141 and I 285,,Rear End,2,Cloudy,Dry,Daylight
2022-11-27T15:23:00.000,I 285,141 and I 285,,Rear End,2,Clear,Dry,Daylight
2022-06-15T06:39:00.000,I 285,141 and I 285,,Rear End,2,Clear,Dry,Daylight
2022-10-28T17:51:00.000,I 285,141 and I 285,,Rear End,2,Cloudy,Dry,Daylight
2022-12-10T19:35:00.000,I 285,141 and I 285,,Rear End,2,Clear,Dry,Dark-Not Lighted
2022-03-28T11:54:00.000,I 285,141 and I 285,,Sideswipe-Same Direction,2,Cloudy,Dry,Daylight
2022-03-19T14:02:00.000,I 285,141 and I 285,,Rear End,2,Clear,Dry,Daylight
2022-06-26T14:45:00.000,I 285,141 and I 285,,Rear End,2,Clear,Dry,Daylight
2022-02-25T16:42:00.000,I 285,141 and I 285,,Angle Crash,2,Clear,Dry,Daylight
2022-08-11T19:16:00.000,I 285,141 and I 285,,Rear End,2,Cloudy,Dry,Daylight
2022-03-05T03:29:00.000,I 285,141 and I 285,,Sideswipe-Same Direction,2,Clear,Dry,Dark-Not Lighted
2022-10-22T08:00:00.000,I 285,141 and I 285,,Rear End,2,Clear,Dry,Daylight
2022-10-30T16:15:00.000,I 285,141 and I 285,,Sideswipe-Same Direction,2,Rain,Wet,Daylight
2022-12-28T20:27:00.000,I 285,141 and I 285,,Rear End,2,Clear,Dry,Dark-Not Lighted
2022-06-11T16:43:00.000,I 285,141 and I 285,,Rear End,2,Clear,Dry,Daylight
2022-10-14T07:30:00.000,I 285,141 and I 285,,Rear End,2,Clear,Dry,Daylight
2022-09-23T17:50:00.000,I 285,141 and I 285,,Rear End,3,Clear,Dry,Daylight
2022-03-17T18:01:00.000,I 285,141 and I 285,,Rear End,2,Clear,Dry,Daylight
2022-05-12T07:40:00.000,I 285,141 and I 285,,Rear End,2,Cloudy,Dry,Daylight
2022-12-12T18:33:00.000,I 285,141 and I 285,,Sideswipe-Same Direction,2,Clear,Dry,Dark-Not Lighted
2022-11-08T17:25:00.000,I 285,141 and I 285,,Sideswipe-Same Direction,2,Clear,Dry,Dusk
2022-02-04T14:11:00.000,I 285,141 and I 285,,Rear End,2,Cloudy,Dry,Daylight
2022-03-04T06:33:00.000,I 285,141 and I 285,,Rear End,2,Clear,Dry,Daylight
2022-05-16T18:30:00.000,I 285,141 and I 285,,Rear End,3,Cloudy,Dry,Daylight
2023-03-22T06:15:00.000,I 285,141 and I 285,,Rear End,2,Cloudy,Dry,Dark-Not Lighted
2023-07-11T12:42:00.000,I 285,141 and I 285,,Sideswipe-Same Direction,2,Clear,Dry,Daylight
2023-09-16T03:13:00.000,I 285,141 and I 285,,Rear End,2,Cloudy,Dry,Dark-Not Lighted
2023-07-28T06:42:00.000,I 285,141 and I 285,,Rear End,2,Cloudy,Dry,Daylight
2023-09-15T11:23:00.000,I 285,141 and I 285,,Rear End,2,Rain,Wet,Daylight
2023-01-26T13:00:00.000,I 285,141 and I 285,,Rear End,2,Clear,Dry,Daylight
2023-12-12T13:00:00.000,I 285,141 and I 285,,Rear End,2,Clear,Dry,Daylight
2023-05-21T10:55:00.000,I 285,141 and I 285,,Rear End,2,Cloudy,Dry,Daylight
2023-09-01T19:42:00.000,I 285,141 and I 285,,Rear End,2,Cloudy,Dry,Daylight
2023-12-08T10:40:00.000,I 285,141 and I 285,,Rear End,2,Clear,Dry,Daylight
2023-07-27T08:56:00.000,I 285,141 and I 285,,Rear End,2,Clear,Dry,Daylight
2023-12-31T09:40:00.000,I 285,141 and I 285,,Sideswipe-Same Direction,2,Cloudy,Dry,Daylight