Date and Time,Roadway (From Crash Report),Intersection Name (from Crash Report),KABCO Severity,Manner of Collision (Crash Level) ,# of Vehicles per crash ,Weather Conditions (Crash Level),Surface Condition (Crash Level) ,Light Conditions (Crash Level)
2023-02-03T23:00:00.000,I 285,141 and I 285,,Rear End,2,Clear,Dry,Dark-Not Lighted
2023-08-22T09:58:00.000,I 285,141 and I 285,,Rear End,3,Clear,Dry,Daylight
2023-07-16T13:55:00.000,I 285,141 and I 285,,Rear End,2,Clear,Dry,Daylight
2023-07-12T15:19:00.000,I 285,141 and I 285,,Sideswipe-Same Direction,2,Cloudy,Dry,Daylight
2023-02-01T10:08:00.000,I 285,141 and I 285,,Sideswipe-Same Direction,2,Cloudy,Dry,Daylight
2023-05-29T19:50:00.000,I 285,141 and I 285,,Rear End,2,Clear,Dry,Daylight
2023-05-22T17:15:00.000,I 285,141 and I 285,,Sideswipe-Same Direction,2,Cloudy,Dry,Daylight
2024-01-18T07:48:00.000,I 285,141 and I 285,,Rear End,2,Cloudy,Dry,Daylight
2024-03-07T10:22:00.000,I 285,141 and I 285,,Angle Crash,2,Clear,Dry,Daylight
2024-03-21T17:00:00.000,I 285,141 and I 285,,Sideswipe-Same Direction,2,Clear,Dry,Daylight
2024-06-27T10:46:00.000,I 285,141 and I 285,,Angle Crash,2,Clear,Dry,Daylight
2024-11-01T06:30:00.000,I 285,141 and I 285,,Angle Crash,2,Clear,Dry,Dark-Lighted
2024-01-23T17:59:00.000,I 285,141 and I 285,,Rear End,2,Cloudy,Dry,Dark-Lighted
2024-02-23T09:15:00.000,I 285,141 and I 285,,Rear End,4,Clear,Dry,Daylight
2024-03-07T17:00:00.000,I 285,141 and I 285,,Rear End,2,Clear,Dry,Daylight
2024-01-14T11:18:00.000,I 285,141 and I 285,,Rear End,2,Cloudy,Dry,Daylight
2024-06-30T16:41:00.000,I 285,141 and I 285,,Sideswipe-Same Direction,2,Clear,Dry,Daylight
2024-06-06T13:17:00.000,I 285,141 and I 285,,Rear End,2,Clear,Dry,Daylight
2024-05-11T14:19:00.000,I 285,141 and I 285,,Rear End,2,Clear,Dry,Daylight
2024-01-05T16:19:00.000,I 285,141 and I 285,,Sideswipe-Same Direction,2,Clear,Dry,Daylight
2024-03-05T13:05:00.000,I 285,141 and I 285,,Rear End,2,Rain,Wet,Daylight
2024-05-15T09:04:00.000,I 285,141 and I 285,,Rear End,2,Clear,Dry,Daylight
2024-07-19T06:25:00.000,I 285,141 and I 285,,Sideswipe-Same Direction,2,Cloudy,Wet,Daylight
2024-06-20T18:42:00.000,I 285,141 and I 285,,Rear End,2,Cloudy,Dry,Daylight
2024-05-29T11:00:00.000,I 285,141 and I 285,,Rear End,2,Clear,Dry,Daylight
2024-03-14T08:33:00.000,I 285,141 and I 285,,Rear End,2,Clear,Dry,Daylight
2024-05-21T09:15:00.000,I 285,141 and I 285,,Rear End,2,Clear,Dry,Daylight
2024-06-19T18:30:00.000,I 285,141 and I 285,,Rear End,2,Clear,Dry,Daylight
2024-05-08T14:50:00.000,I 285,141 and I 285,,Not a Collision with Motor Vehicle,1,Cloudy,Dry,Daylight
2024-12-09T21:00:00.000,I 285,141 and I 285,,Angle Crash,2,Rain,Wet,Dark-Lighted
2024-01-06T11:39:00.000,I 285,141 and I 285,,Not a Collision with Motor Vehicle,1,Cloudy,Wet,Daylight
2024-12-19T15:12:00.000,I 285,141 and I 285,,Angle Crash,2,Clear,Dry,Daylight
2024-04-26T08:12:00.000,I 285,141 and I 285,,Rear End,3,Clear,Dry,Daylight
2024-05-02T16:05:00.000,I 285,141 and I 285,,Rear End,2,Clear,Dry,Daylight
2024-03-30T01:01:00.000,I 285,141 and I 285,,Not a Collision with Motor Vehicle,1,Clear,Dry,Dark-Not Lighted
2024-03-18T08:57:00.000,I 285,141 and I 285,,Rear End,2,Clear,Dry,Daylight
2024-05-02T16:44:00.000,I 285,141 and I 285,,Sideswipe-Same Direction,2,Clear,Dry,Daylight
2024-02-10T18:37:00.000,I 285,141 and I 285,,Rear End,2,Clear,Dry,Dark-Lighted
2024-01-11T15:08:00.000,I 285,141 and I 285,,Angle Crash,2,Clear,Dry,Daylight
2024-03-16T05:15:00.000,I 285,141 and I 285,,Not a Collision with Motor Vehicle,1,Clear,Dry,Dark-Not Lighted
2024-05-23T16:15:00.000,I 285,141 and I 285,,Rear End,2,Clear,Dry,Daylight
2024-05-06T17:46:00.000,I 285,141 and I 285,,Rear End,3,Clear,Dry,Daylight
2024-03-28T11:01:00.000,I 285,141 and I 285,,Sideswipe-Same Direction,2,Cloudy,Dry,Daylight
2024-05-14T22:58:00.000,I 285,141 and I 285,,Not a Collision with Motor Vehicle,1,Clear,Dry,Dark-Not Lighted
2023-05-21T12:21:00.000,I 285,141 and I 285,,Rear End,2,Cloudy,Dry,Daylight
2023-05-01T09:27:00.000,I 285,141 and I 285,,Rear End,2,Clear,Dry,Daylight
2023-06-22T13:12:00.000,I 285,141 and I 285,,Sideswipe-Same Direction,2,Cloudy,Dry,Daylight
2023-01-24T23:29:00.000,I 285,141 and I 285,,Not a Collision with Motor Vehicle,1,Clear,Dry,Dark-Not Lighted
2023-07-12T18:29:00.000,I 285,141 and I 285,,Rear End,2,Clear,Dry,Daylight
2023-08-04T11:11:00.000,I 285,141 and I 285,,Sideswipe-Same Direction,2,Clear,Dry,Daylight
2023-05-24T13:43:00.000,I 285,141 and I 285,,Sideswipe-Same Direction,2,Clear,Dry,Daylight
2023-03-12T19:42:00.000,I 285,141 and I 285,,Rear End,2,Cloudy,Wet,Dark-Not Lighted
2023-12-11T06:26:00.000,I 285,141 and I 285,,Sideswipe-Same Direction,2,Cloudy,Dry,Daylight
2023-04-23T21:48:00.000,I 285,141 and I 285,,Angle Crash,3,Clear,Dry,Dark-Lighted
2023-08-28T10:00:00.000,I 285,141 and I 285,,Rear End,2,Clear,Dry,Daylight
2023-03-18T19:35:00.000,I 285,141 and I 285,,Rear End,2,Cloudy,Dry,Dark-Not Lighted
2024-02-06T22:55:00.000,I 285,141 and I 285,,Head On,1,Clear,Dry,Dark-Lighted
2024-02-26T09:22:00.000,I 285,141 and I 285,,Rear End,2,Clear,Dry,Daylight
2024-05-14T09:17:00.000,I 285,141 and I 285,,Sideswipe-Same Direction,2,Rain,Wet,Daylight
2024-03-06T18:44:00.000,I 285,141 and I 285,,Rear End,2,Cloudy,Dry,Dark-Lighted
2023-06-22T12:00:00.000,I 285,141 and I 285,,Rear End,2,Cloudy,Dry,Daylight
2023-05-14T22:27:00.000,I 285,141 and I 285,,Sideswipe-Same Direction,2,Clear,Dry,Dark-Not Lighted
2023-03-23T09:20:00.000,I 285,141 and I 285,,Sideswipe-Same Direction,2,Cloudy,Dry,Daylight
2023-01-02T21:54:00.000,I 285,141 and I 285,,Angle Crash,2,Cloudy,Dry,Dark-Not Lighted
2023-10-04T08:01:00.000,I 285,141 and I 285,,Rear End,2,Clear,Dry,Daylight
2023-01-24T23:30:00.000,I 285,141 and I 285,,Not a Collision with Motor Vehicle,1,Clear,Dry,Dark-Not Lighted
2023-08-08T16:38:00.000,I 285,141 and I 285,,Rear End,2,Cloudy,Dry,Daylight
2023-10-10T06:43:00.000,I 285,141 and I 285,,Rear End,2,Clear,Dry,Daylight
2023-04-23T18:40:00.000,I 285,141 and I 285,,Rear End,2,Cloudy,Dry,Daylight
2023-03-24T18:05:00.000,I 285,141 and I 285,,Rear End,2,Clear,Dry,Daylight
2023-01-30T18:55:00.000,I 285,141 and I 285,,Rear End,2,Cloudy,Dry,Dark-Not Lighted
2023-02-10T18:33:00.000,I 285,141 and I 285,,Rear End,2,Clear,Dry,Dark-Lighted
2023-07-06T06:38:00.000,I 285,141 and I 285,,Rear End,2,Cloudy,Dry,Daylight
2023-02-28T15:32:00.000,I 285,141 and I 285,,Rear End,2,Cloudy,Dry,Daylight
2023-01-14T02:00:00.000,I 285,141 and I 285,,Angle Crash,2,Clear,Dry,Dark-Lighted
2023-06-21T22:22:00.000,I 285,141 and I 285,,Rear End,2,Cloudy,Dry,Dark-Lighted
2023-12-24T13:01:00.000,I 285,141 and I 285,,Rear End,2,Clear,Dry,Daylight
2023-12-04T08:51:00.000,I 285,141 and I 285,,Rear End,2,Clear,Dry,Daylight
2023-05-05T14:12:00.000,I 285,141 and I 285,,Angle Crash,2,Cloudy,Wet,Daylight
2023-01-26T16:00:00.000,I 285,141 and I 285,,Sideswipe-Opposite Direction,2,Clear,Dry,Daylight
2023-02-24T09:05:00.000,I 285,141 and I 285,,Rear End,2,Clear,Dry,Daylight
2023-04-26T16:41:00.000,I 285,141 and I 285,,Rear End,2,Rain,Wet,Daylight
2023-09-22T09:18:00.000,I 285,141 and I 285,,Rear End,2,Clear,Dry,Daylight
2023-08-28T07:00:00.000,I 285,141 and I 285,,Rear End,2,Cloudy,Wet,Daylight
2023-05-11T08:50:00.000,I 285,141 and I 285,,Rear End,2,Clear,Dry,Daylight
2023-05-22T08:01:00.000,I 285,141 and I 285,,Rear End,2,Cloudy,Dry,Daylight
2023-09-14T15:47:00.000,I 285,141 and I 285,,Sideswipe-Same Direction,2,Rain,Wet,Daylight
2023-05-25T19:00:00.000,I 285,141 and I 285,,Rear End,2,Clear,Dry,Daylight
2023-06-22T13:46:00.000,I 285,141 and I 285,,Sideswipe-Same Direction,3,Cloudy,Dry,Daylight
2023-09-09T13:13:00.000,I 285,141 and I 285,,Rear End,2,Clear,Dry,Daylight
2023-02-20T07:45:00.000,I 285,141 and I 285,,Sideswipe-Same Direction,2,Clear,Dry,Daylight
2023-01-22T23:14:00.000,I 285,141 and I 285,,Angle Crash,2,Rain,Wet,Dark-Lighted
2023-04-08T11:20:00.000,I 285,141 and I 285,,Rear End,2,Rain,Wet,Daylight
2023-04-29T18:31:00.000,I 285,141 and I 285,,Rear End,2,Cloudy,Dry,Daylight
2023-09-28T19:35:00.000,I 285,141 and I 285,,Rear End,2,Clear,Dry,Daylight
2023-12-01T07:37:00.000,I 285,141 and I 285,,Rear End,2,Rain,Wet,Daylight
2023-03-18T21:22:00.000,I 285,141 and I 285,,Rear End,2,Cloudy,Dry,Dark-Not Lighted
2023-08-20T14:45:00.000,I 285,141 and I 285,,Rear End,2,Clear,Dry,Daylight
2023-05-01T08:28:00.000,I 285,141 and I 285,,Rear End,2,Clear,Dry,Daylight
2023-10-25T07:44:00.000,I 285,141 and I 285,,Rear End,2,Clear,Dry,Daylight
2023-06-14T16:40:00.000,I 285,141 and I 285,,Sideswipe-Same Direction,2,Cloudy,Dry,Daylight
2023-01-05T16:08:00.000,I 285,141 and I 285,,Not a Collision with Motor Vehicle,2,Clear,Dry,Daylight
2023-03-06T07:55:00.000,I 285,141 and I 285,,Rear End,3,Cloudy,Dry,Daylight
2023-04-27T17:30:00.000,I 285,141 and I 285,,Angle Crash,2,Cloudy,Wet,Daylight
2023-01-06T07:37:00.000,I 285,141 and I 285,,Rear End,2,Clear,Dry,Daylight
2023-05-11T06:51:00.000,I 285,141 and I 285,,Rear End,2,Clear,Dry,Daylight
2023-08-15T07:17:00.000,I 285,141 and I 285,,Rear End,2,Clear,Dry,Daylight
2023-06-21T07:52:00.000,I 285,141 and I 285,,Rear End,2,Cloudy,Dry,Daylight
2023-07-06T17:15:00.000,I 285,141 and I 285,,Sideswipe-Same Direction,2,Clear,Dry,Daylight
2023-07-01T03:44:00.000,I 285,141 and I 285,,Rear End,2,Clear,Dry,Dark-Not Lighted
2023-06-27T10:26:00.000,I 285,141 and I 285,,Rear End,2,Clear,Dry,Daylight
2023-04-25T16:30:00.000,I 285,141 and I 285,,Rear End,2,Clear,Dry,Daylight
2023-06-26T18:20:00.000,I 285,141 and I 285,,Not a Collision with Motor Vehicle,2,Clear,Dry,Daylight
2023-11-04T12:01:00.000,I 285,141 and I 285,,Rear End,3,Clear,Dry,Daylight
2023-01-16T14:35:00.000,I 285,141 and I 285,,Sideswipe-Same Direction,2,Clear,Dry,Daylight
2023-02-06T09:07:00.000,I 285,141 and I 285,,Rear End,2,Clear,Dry,Daylight
2023-07-25T09:19:00.000,I 285,141 and I 285,,Rear End,2,Cloudy,Dry,Daylight
2023-03-07T09:15:00.000,I 285,141 and I 285,,Rear End,2,Clear,Dry,Daylight
2023-07-12T15:49:00.000,I 285,141 and I 285,,Rear End,4,Clear,Dry,Daylight
2023-08-01T18:00:00.000,I 285,141 and I 285,,Rear End,2,Clear,Dry,Daylight
2023-02-10T17:51:00.000,I 285,141 and I 285,,Rear End,2,Clear,Dry,Daylight
2023-04-06T17:55:00.000,I 285,141 and I 285,,Rear End,3,Rain,Wet,Daylight
2023-11-01T07:33:00.000,I 285,141 and I 285,,Rear End,2,Cloudy,Dry,Dusk
2023-10-13T15:18:00.000,I 285,141 and I 285,,Sideswipe-Same Direction,2,Clear,Dry,Daylight
2023-01-11T06:20:00.000,I 285,141 and I 285,,Sideswipe-Same Direction,2,Clear,Dry,Dark-Not Lighted
2023-09-11T13:55:00.000,I 285,141 and I 285,,Rear End,2,Clear,Dry,Daylight
2023-01-24T23:29:00.000,I 285,141 and I 285,,Not a Collision with Motor Vehicle,1,Clear,Dry,Dark-Not Lighted
2023-09-19T09:32:00.000,I 285,141 and I 285,,Sideswipe-Same Direction,2,Cloudy,Dry,Daylight
2023-01-09T10:11:00.000,I 285,141 and I 285,,Rear End,2,Cloudy,Dry,Daylight
2023-05-19T17:18:00.000,I 285,141 and I 285,,Rear End,2,Cloudy,Dry,Daylight
2023-09-24T14:46:00.000,I 285,141 and I 285,,Angle Crash,2,Clear,Dry,Daylight
2023-03-26T23:40:00.000,I 285,141 and I 285,,Not a Collision with Motor Vehicle,1,Rain,Wet,Dark-Lighted
2023-07-12T12:54:00.000,I 285,141 and I 285,,Rear End,2,Clear,Dry,Dark-Lighted
2023-08-25T07:29:00.000,I 285,141 and I 285,,Not a Collision with Motor Vehicle,2,Clear,Dry,Daylight
2023-01-05T19:20:00.000,I 285,141 and I 285,,Sideswipe-Same Direction,2,Clear,Dry,Dark-Not Lighted
2023-04-04T15:35:00.000,I 285,141 and I 285,,Rear End,2,Clear,Dry,Daylight
2023-11-30T16:19:00.000,I 285,141 and I 285,,Sideswipe-Same Direction,2,Clear,Dry,Daylight
2023-07-11T18:01:00.000,I 285,141 and I 285,,Rear End,2,Clear,Dry,Daylight
2023-01-02T14:50:00.000,I 285,141 and I 285,,Rear End,2,Rain,Wet,Daylight
2023-06-14T18:24:00.000,I 285,141 and I 285,,Rear End,3,Clear,Wet,Daylight
2023-05-20T07:39:00.000,I 285,141 and I 285,,Rear End,2,Rain,Wet,Daylight
2023-12-15T19:38:00.000,I 285,141 and I 285,,Rear End,2,Clear,Dry,Dark-Lighted
2023-11-30T17:18:00.000,I 285,141 and I 285,,Not a Collision with Motor Vehicle,1,Clear,Dry,Dusk
2023-03-04T10:00:00.000,I 285,141 and I 285,,Rear End,2,Clear,Dry,Daylight
2023-01-21T07:30:00.000,I 285,141 and I 285,,Rear End,2,Cloudy,Dry,Dawn
2023-09-11T12:46:00.000,I 285,141 and I 285,,Sideswipe-Same Direction,2,Cloudy,Dry,Daylight
2023-04-27T15:53:00.000,I 285,141 and I 285,,Rear End,2,Cloudy,Dry,Daylight
2023-05-17T10:34:00.000,I 285,141 and I 285,,Rear End,2,Cloudy,Dry,Daylight
2023-08-23T07:20:00.000,I 285,141 and I 285,,Sideswipe-Same Direction,2,Clear,Dry,Daylight
2023-06-23T17:38:00.000,I 285,141 and I 285,,Rear End,2,Clear,Dry,Daylight
2023-05-19T06:22:00.000,I 285,141 and I 285,,Rear End,2,Cloudy,Dry,Daylight
2023-07-18T07:36:00.000,I 285,141 and I 285,,Rear End,2,Clear,Dry,Daylight
2023-06-21T17:45:00.000,I 285,141 and I 285,,Rear End,2,Cloudy,Wet,Daylight
2023-05-18T14:23:00.000,I 285,141 and I 285,,Rear End,2,Cloudy,Dry,Daylight
2023-01-19T20:06:00.000,I 285,141 and I 285,,Rear End,2,Clear,Dry,Dark-Lighted
2023-12-11T06:55:00.000,I 285,141 and I 285,,Rear End,2,Clear,Dry,Dark-Lighted
2023-05-23T07:16:00.000,I 285,141 and I 285,,Rear End,2,Cloudy,Wet,Daylight
2023-09-17T14:56:00.000,I 285,141 and I 285,,Rear End,2,Clear,Dry,Daylight
2023-03-31T15:23:00.000,I 285,141 and I 285,,Rear End,2,Clear,Dry,Daylight
2023-03-06T17:00:00.000,I 285,141 and I 285,,Rear End,2,Clear,Dry,Daylight
2023-09-28T18:50:00.000,I 285,141 and I 285,,Angle Crash,2,Clear,Dry,Daylight
2023-06-15T17:30:00.000,I 285,141 and I 285,,Rear End,2,Clear,Dry,Daylight
2023-12-25T21:19:00.000,I 285,141 and I 285,,Sideswipe-Same Direction,4,Rain,Wet,Dark-Lighted
2023-06-14T07:50:00.000,I 285,141 and I 285,,Rear End,3,Cloudy,Dry,Daylight
2023-06-14T12:58:00.000,I 285,141 and I 285,,Rear End,2,Rain,Wet,Daylight
2023-06-27T07:50:00.000,I 285,141 and I 285,,Rear End,2,Clear,Dry,Daylight
2023-11-29T16:55:00.000,I 285,141 and I 285,,Rear End,2,Clear,Dry,Daylight
2023-06-13T16:12:00.000,I 285,141 and I 285,,Rear End,2,Cloudy,Dry,Daylight
2023-02-07T17:40:00.000,I 285,141 and I 285,,Rear End,2,Clear,Dry,Daylight
2023-06-02T18:10:00.000,I 285,141 and I 285,,Rear End,2,Clear,Dry,Daylight
2023-01-12T16:25:00.000,I 285,141 and I 285,,Rear End,2,Rain,Wet,Daylight
2023-01-03T15:48:00.000,I 285,141 and I 285,,Rear End,2,Rain,Wet,Daylight
2023-08-24T20:25:00.000,I 285,141 and I 285,,Head On,2,Clear,Dry,Dark-Lighted
2023-01-24T23:40:00.000,I 285,141 and I 285,,Not a Collision with Motor Vehicle,1,Cloudy,Dry,Dark-Not Lighted
2023-05-04T15:02:00.000,I 285,141 and I 285,,Rear End,2,Clear,Dry,Daylight
2023-09-19T20:25:00.000,I 285,141 and I 285,,Angle Crash,2,Clear,Dry,Dark-Not Lighted
2023-02-15T20:06:00.000,I 285,141 and I 285,,Rear End,2,Clear,Dry,Daylight
2023-07-14T11:50:00.000,I 285,141 and I 285,,Sideswipe-Same Direction,2,Clear,Dry,Daylight
2023-05-20T15:08:00.000,I 285,141 and I 285,,Rear End,2,Cloudy,Dry,Daylight
2023-10-31T17:27:00.000,I 285,141 and I 285,,Sideswipe-Same Direction,2,Clear,Dry,Daylight
2023-09-11T10:00:00.000,I 285,141 and I 285,,Rear End,2,Clear,Dry,Daylight
2023-09-29T11:25:00.000,I 285,141 and I 285,,Sideswipe-Same Direction,2,Clear,Dry,Daylight
2023-08-19T20:25:00.000,I 285,141 and I 285,,Rear End,2,Clear,Dry,Daylight
2023-03-05T13:00:00.000,I 285,141 and I 285,,Rear End,2,Clear,Dry,Daylight
2023-06-17T18:15:00.000,I 285,141 and I 285,,Angle Crash,2,Clear,Dry,Daylight
2023-04-11T15:44:00.000,I 285,141 and I 285,,Rear End,2,Clear,Dry,Daylight
2023-11-25T10:37:00.000,I 285,141 and I 285,,Angle Crash,2,Clear,Dry,Daylight
2023-04-26T16:10:00.000,I 285,141 and I 285,,Rear End,2,Cloudy,Wet,Daylight
2023-03-28T19:50:00.000,I 285,141 and I 285,,Rear End,2,Clear,Dry,Daylight
2023-11-16T08:50:00.000,I 285,141 and I 285,,Angle Crash,2,Clear,Dry,Daylight
2023-12-01T21:00:00.000,I 285,141 and I 285,,Angle Crash,2,Clear,Dry,Daylight
2023-06-23T15:56:00.000,I 285,141 and I 285,,Rear End,2,Clear,Dry,Daylight
2023-04-13T16:18:00.000,I 285,141 and I 285,,Sideswipe-Same Direction,2,Clear,Dry,Daylight
2023-03-29T18:37:00.000,I 285,141 and I 285,,Angle Crash,2,Clear,Dry,Daylight
2023-04-25T14:57:00.000,I 285,141 and I 285,,Sideswipe-Same Direction,2,Clear,Dry,Daylight
2023-06-13T20:42:00.000,I 285,141 and I 285,,Rear End,2,Clear,Dry,Daylight
2023-08-23T10:02:00.000,I 285,141 and I 285,,Sideswipe-Same Direction,2,Clear,Dry,Daylight
2023-01-20T19:32:00.000,I 285,141 and I 285,,Rear End,2,Clear,Dry,Dark-Lighted
2023-07-13T16:12:00.000,I 285,141 and I 285,,Sideswipe-Same Direction,2,Cloudy,Dry,Daylight
2023-06-01T11:37:00.000,I 285,141 and I 285,,Sideswipe-Same Direction,2,Clear,Dry,Daylight
2023-08-15T12:03:00.000,I 285,141 and I 285,,Rear End,2,Clear,Dry,Daylight
2023-11-02T14:19:00.000,I 285,141 and I 285,,Sideswipe-Same Direction,2,Clear,Dry,Daylight
2023-06-26T14:40:00.000,I 285,141 and I 285,,Rear End,2,Clear,Dry,Daylight
2023-04-27T07:46:00.000,I 285,141 and I 285,,Sideswipe-Same Direction,2,Rain,Wet,Daylight
2023-07-27T17:03:00.000,I 285,141 and I 285,,Rear End,2,Clear,Dry,Daylight
2023-01-10T15:57:00.000,I 285,141 and I 285,,Angle Crash,2,Clear,Dry,Daylight
2023-10-18T12:10:00.000,I 285,141 and I 285,,Sideswipe-Same Direction,2,Clear,Dry,Daylight
2023-08-10T17:50:00.000,I 285,141 and I 285,,Rear End,2,Cloudy,Dry,Daylight
2023-05-14T14:02:00.000,I 285,141 and I 285,,Sideswipe-Same Direction,2,Clear,Dry,Daylight
2023-01-11T06:59:00.000,I 285,141 and I 285,,Rear End,2,Clear,Dry,Dark-Not Lighted
2023-03-15T09:30:00.000,I 285,141 and I 285,,Rear End,2,Clear,Dry,Daylight
2024-06-17T17:40:00.000,I 285,141 and I 285,,Rear End,2,Clear,Dry,Daylight
2024-01-24T17:46:00.000,I 285,141 and I 285,,Rear End,2,Rain,Wet,Dark-Not Lighted
2024-04-14T23:40:00.000,I 285,141 and I 285,,Sideswipe-Same Direction,2,Clear,Dry,Dark-Not Lighted
2024-06-11T16:22:00.000,I 285,141 and I 285,,Rear End,2,Clear,Dry,Daylight
2024-07-08T09:54:00.000,I 285,141 and I 285,,Sideswipe-Same Direction,2,Clear,Dry,Daylight
2024-06-05T07:17:00.000,I 285,141 and I 285,,Rear End,2,Cloudy,Dry,Daylight
2024-01-30T11:16:00.000,I 285,141 and I 285,,Rear End,2,Clear,Dry,Daylight
2024-03-06T18:43:00.000,I 285,141 and I 285,,Sideswipe-Same Direction,2,Cloudy,Wet,Dusk
2024-05-15T18:19:00.000,I 285,141 and I 285,,Rear End,2,Clear,Dry,Daylight
2024-06-18T14:55:00.000,I 285,141 and I 285,,Sideswipe-Same Direction,2,Cloudy,Dry,Daylight
2024-02-24T16:13:00.000,I 285,141 and I 285,,Sideswipe-Same Direction,2,Clear,Dry,Daylight
2024-03-01T18:16:00.000,I 285,141 and I 285,,Rear End,4,Rain,Wet,Dark-Not Lighted
2024-05-17T07:42:00.000,I 285,141 and I 285,,Sideswipe-Same Direction,2,Cloudy,Dry,Daylight
2024-03-25T11:58:00.000,I 285,141 and I 285,,Rear End,2,Clear,Dry,Daylight
2024-01-05T08:48:00.000,I 285,141 and I 285,,Angle Crash,2,Clear,Dry,Daylight
2024-04-16T10:00:00.000,I 285,141 and I 285,,Rear End,2,Clear,Dry,Daylight
2024-05-16T21:39:00.000,I 285,141 and I 285,,Sideswipe-Same Direction,2,Cloudy,Dry,Dark-Not Lighted
2024-01-21T06:52:00.000,I 285,141 and I 285,,Sideswipe-Same Direction,4,Clear,Dry,Dark-Not Lighted
2024-02-18T21:28:00.000,I 285,141 and I 285,,Angle Crash,2,Clear,Dry,Dark-Not Lighted
2024-07-08T08:13:00.000,I 285,141 and I 285,,Angle Crash,2,Clear,Dry,Daylight
2024-06-04T06:58:00.000,I 285,141 and I 285,,Rear End,2,Clear,Dry,Daylight
2024-04-23T18:55:00.000,I 285,141 and I 285,,Rear End,2,Clear,Dry,Daylight
2024-03-01T07:45:00.000,I 285,141 and I 285,,Sideswipe-Same Direction,2,Rain,Wet,Daylight
2024-05-04T21:39:00.000,I 285,141 and I 285,,Sideswipe-Same Direction,2,Clear,Dry,Dark-Lighted
2024-02-20T16:35:00.000,I 285,141 and I 285,,Sideswipe-Same Direction,2,Clear,Dry,Daylight
2024-01-31T10:08:00.000,I 285,141 and I 285,,Rear End,2,Cloudy,Dry,Daylight
2024-01-23T10:21:00.000,I 285,141 and I 285,,Rear End,2,Cloudy,Wet,Daylight
2024-04-11T09:04:00.000,I 285,141 and I 285,,Rear End,2,Rain,Wet,Daylight
2024-01-13T20:28:00.000,I 285,141 and I 285,,Angle Crash,2,Clear,Dry,Dark-Not Lighted
2024-02-09T19:13:00.000,I 285,141 and I 285,,Rear End,2,Cloudy,Dry,Dark-Lighted
2024-10-24T08:30:00.000,I 285,141 and I 285,,Rear End,2,Clear,Dry,Daylight
2024-04-25T15:55:00.000,I 285,141 and I 285,,Rear End,2,Clear,Dry,Daylight
2024-03-11T09:25:00.000,I 285,141 and I 285,,Rear End,2,Clear,Dry,Daylight
2024-05-06T07:35:00.000,I 285,141 and I 285,,Sideswipe-Same Direction,2,Clear,Dry,Daylight
2024-01-11T15:40:00.000,I 285,141 and I 285,,Rear End,6,Clear,Dry,Daylight
2024-03-21T15:14:00.000,I 285,141 and I 285,,Sideswipe-Same Direction,2,Clear,Dry,Daylight
2024-06-18T14:02:00.000,I 285,141 and I 285,,Rear End,2,Cloudy,Dry,Daylight
2024-03-09T12:44:00.000,I 285,141 and I 285,,Rear End,2,Cloudy,Wet,Daylight
2024-04-10T14:59:00.000,I 285,141 and I 285,,Sideswipe-Same Direction,2,Cloudy,Dry,Daylight
2024-03-28T18:35:00.000,I 285,141 and I 285,,Rear End,2,Clear,Dry,Daylight
2024-05-03T21:15:00.000,I 285,141 and I 285,,Rear End,3,Clear,Dry,Dark-Not Lighted
2024-02-08T15:45:00.000,I 285,141 and I 285,,Sideswipe-Same Direction,2,Clear,Dry,Daylight
2024-02-27T17:08:00.000,I 285,141 and I 285,,Rear End,2,Rain,Wet,Daylight
2024-12-19T09:36:00.000,I 285,141 and I 285,,Angle Crash,2,Clear,Dry,Daylight
2024-04-06T16:01:00.000,I 285,141 and I 285,,Rear End,3,Clear,Dry,Daylight
2024-02-15T06:15:00.000,I 285,141 and I 285,,Rear End,2,Clear,Dry,Dark-Lighted
2024-06-26T08:45:00.000,I 285,141 and I 285,,Rear End,2,Clear,Dry,Daylight
2024-02-08T11:12:00.000,I 285,141 and I 285,,Not a Collision with Motor Vehicle,1,Clear,Dry,Daylight
2024-01-13T19:00:00.000,I 285,141 and I 285,,Rear End,2,Cloudy,Dry,Daylight
2024-03-05T12:40:00.000,I 285,141 and I 285,,Angle Crash,2,Rain,Wet,Daylight
2024-06-30T15:17:00.000,I 285,141 and I 285,,Rear End,2,Clear,Dry,Daylight
2024-03-20T16:04:00.000,I 285,141 and I 285,,Rear End,2,Clear,Dry,Daylight