Date and Time,Roadway (From Crash Report),Intersection Name (from Crash Report),KABCO Severity,Manner of Collision (Crash Level) ,# of Vehicles per crash ,Weather Conditions (Crash Level),Surface Condition (Crash Level) ,Light Conditions (Crash Level)
2024-07-25T14:42:00.000,I 285,141 and I 285,,Rear End,3,Cloudy,Dry,Daylight
2024-01-12T15:58:00.000,I 285,141 and I 285,,Rear End,2,Rain,Wet,Daylight
2024-05-08T14:50:00.000,I 285,141 and I 285,,Rear End,2,Clear,Dry,Daylight
2024-02-20T14:00:00.000,I 285,141 and I 285,,Angle Crash,2,Clear,Dry,Daylight
2024-04-18T16:44:00.000,I 285,141 and I 285,,Rear End,2,Clear,Dry,Daylight
2024-02-07T15:30:00.000,I 285,141 and I 285,,Rear End,2,Cloudy,Dry,Daylight
2024-03-18T08:09:00.000,I 285,141 and I 285,,Rear End,2,Clear,Dry,Daylight
2024-11-17T07:00:00.000,I 285,141 and I 285,,Angle Crash,2,Clear,Dry,Daylight
2024-01-30T10:37:00.000,I 285,141 and I 285,,Rear End,2,Clear,Dry,Daylight
2024-01-04T10:02:00.000,I 285,141 and I 285,,Angle Crash,2,Clear,Dry,Daylight
2024-04-23T10:29:00.000,I 285,141 and I 285,,Rear End,2,Clear,Dry,Daylight
2024-10-19T12:07:00.000,I 285,141 and I 285,,Not a Collision with Motor Vehicle,2,Clear,Dry,Daylight
2024-02-03T10:20:00.000,I 285,141 and I 285,,Rear End,2,Clear,Dry,Daylight
2024-02-25T14:36:00.000,I 285,141 and I 285,,Head On,1,Clear,Dry,Daylight
2024-02-13T08:02:00.000,I 285,141 and I 285,,Rear End,2,Clear,Dry,Daylight
2024-08-20T08:36:00.000,I 285,141 and I 285,,Rear End,3,Clear,Dry,Daylight
2024-02-24T14:27:00.000,I 285,141 and I 285,,Sideswipe-Same Direction,2,Clear,Dry,Daylight
2024-01-05T16:20:00.000,I 285,141 and I 285,,Rear End,2,Clear,Dry,Daylight
2024-04-13T11:10:00.000,I 285,141 and I 285,,Rear End,2,Clear,Dry,Daylight
2024-05-31T10:16:00.000,I 285,141 and I 285,,Angle Crash,2,Clear,Dry,Daylight
2024-01-15T06:33:00.000,I 285,141 and I 285,,Not a Collision with Motor Vehicle,1,Clear,Dry,Dark-Lighted
2024-02-23T06:50:00.000,I 285,141 and I 285,,Sideswipe-Same Direction,2,Cloudy,Dry,Daylight
2024-05-06T07:50:00.000,I 285,141 and I 285,,Not a Collision with Motor Vehicle,2,Clear,Dry,Daylight
2024-06-11T10:14:00.000,I 285,141 and I 285,,Angle Crash,2,Clear,Dry,Daylight
2024-02-01T07:10:00.000,I 285,141 and I 285,,Rear End,3,Cloudy,Dry,Daylight
2024-12-13T09:35:00.000,I 285,141 and I 285,,Rear End,2,Clear,Dry,Daylight
2024-03-08T16:44:00.000,I 285,141 and I 285,,Sideswipe-Same Direction,2,Cloudy,Dry,Daylight
2024-06-25T19:09:00.000,I 285,141 and I 285,,Rear End,2,Clear,Dry,Daylight
2024-03-12T22:54:00.000,I 285,141 and I 285,,Sideswipe-Same Direction,2,Clear,Dry,Dark-Not Lighted
2024-12-14T14:45:00.000,I 285,141 and I 285,,Angle Crash,3,Cloudy,Dry,Daylight
2024-06-11T14:17:00.000,I 285,141 and I 285,,Sideswipe-Same Direction,2,Cloudy,Dry,Daylight
2024-03-08T07:55:00.000,I 285,141 and I 285,,Rear End,2,Cloudy,Dry,Daylight
2024-05-22T09:17:00.000,I 285,141 and I 285,,Sideswipe-Same Direction,2,Clear,Dry,Daylight
2024-01-14T13:20:00.000,I 285,141 and I 285,,Rear End,2,Cloudy,Dry,Daylight
2024-01-17T15:20:00.000,I 285,141 and I 285,,Sideswipe-Same Direction,2,Cloudy,Dry,Daylight
2024-03-30T15:59:00.000,I 285,141 and I 285,,Not a Collision with Motor Vehicle,1,Clear,Dry,Daylight
2024-01-30T14:29:00.000,I 285,141 and I 285,,Rear End,2,Clear,Dry,Daylight
2024-05-28T07:24:00.000,I 285,141 and I 285,,Sideswipe-Same Direction,2,Clear,Dry,Daylight
2024-03-20T17:09:00.000,I 285,141 and I 285,,Angle Crash,2,Clear,Dry,Daylight
2024-04-03T06:45:00.000,I 285,141 and I 285,,Rear End,2,Cloudy,Wet,Dark-Not Lighted
2024-10-14T15:19:00.000,I 285,141 and I 285,,Angle Crash,2,Clear,Dry,Daylight
2024-06-23T13:46:00.000,I 285,141 and I 285,,Rear End,2,Clear,Dry,Daylight
2024-04-11T18:10:00.000,I 285,141 and I 285,,Rear End,2,Cloudy,Wet,Daylight
2024-05-13T15:10:00.000,I 285,141 and I 285,,Rear End,2,Cloudy,Dry,Daylight
2024-06-23T17:58:00.000,I 285,141 and I 285,,Sideswipe-Same Direction,2,Clear,Dry,Daylight
2024-03-14T18:25:00.000,I 285,141 and I 285,,Angle Crash,2,Clear,Dry,Daylight
2024-03-05T15:22:00.000,I 285,141 and I 285,,Angle Crash,2,Rain,Wet,Daylight
2024-05-29T18:20:00.000,I 285,141 and I 285,,Sideswipe-Same Direction,2,Clear,Dry,Daylight
2024-06-19T15:15:00.000,I 285,141 and I 285,,Sideswipe-Same Direction,2,Cloudy,Dry,Daylight
2024-04-15T18:45:00.000,I 285,141 and I 285,,Sideswipe-Same Direction,2,Clear,Dry,Daylight
2024-05-28T16:00:00.000,I 285,141 and I 285,,Rear End,3,Cloudy,Dry,Daylight
2024-12-19T11:30:00.000,I 285,141 and I 285,,Rear End,2,Clear,Dry,Daylight
2024-07-05T09:45:00.000,I 285,141 and I 285,,Rear End,2,Clear,Dry,Daylight
2024-03-09T14:11:00.000,I 285,141 and I 285,,Sideswipe-Same Direction,2,Cloudy,Wet,Daylight
2024-06-05T13:49:00.000,I 285,141 and I 285,,Rear End,2,Clear,Dry,Daylight
2024-03-05T14:20:00.000,I 285,141 and I 285,,Angle Crash,2,Rain,Wet,Daylight
2024-06-14T19:50:00.000,I 285,141 and I 285,,Rear End,4,Clear,Dry,Daylight
2024-04-28T17:58:00.000,I 285,141 and I 285,,Angle Crash,2,Clear,Dry,Daylight
2024-04-09T13:40:00.000,I 285,141 and I 285,,Angle Crash,1,Rain,Wet,Daylight
2024-03-18T22:45:00.000,I 285,141 and I 285,,Sideswipe-Same Direction,2,Cloudy,Dry,Dark-Lighted
2024-03-14T17:20:00.000,I 285,141 and I 285,,Rear End,2,Clear,Dry,Daylight
2024-01-26T14:48:00.000,I 285,141 and I 285,,Rear End,2,Cloudy,Dry,Daylight
2024-04-09T19:00:00.000,I 285,141 and I 285,,Sideswipe-Same Direction,2,Cloudy,Dry,Daylight
2024-01-11T15:27:00.000,I 285,141 and I 285,,Rear End,2,Clear,Dry,Daylight
2024-02-19T15:51:00.000,I 285,141 and I 285,,Rear End,3,Cloudy,Dry,Daylight
2023-03-28T16:50:00.000,I 85,140 and I 85,,Rear End,2,Cloudy,Dry,Daylight
2024-12-27T00:01:00.000,I 75,140 and I 75,,Angle Crash,2,Cloudy,Dry,Dark-Not Lighted
2021-08-25T18:25:00.000,I 85,13S and I 85,,Rear End,2,Rain,Wet,Daylight
2020-09-15T07:58:00.000,I 285,139S and I 285,,Sideswipe-Same Direction,2,Rain,Wet,Daylight
2023-04-29T11:20:00.000,I 85,138 and I 85,,Rear End,2,Clear,Dry,Daylight
2023-12-26T01:25:00.000,I 85,138 and I 85,,Angle Crash,3,Rain,Wet,Dark-Lighted
2023-09-08T22:55:00.000,I 85,138 and I 85,,Not a Collision with Motor Vehicle,3,Clear,Dry,Daylight
2023-03-17T20:29:00.000,I 85,138 and I 85,,Sideswipe-Same Direction,2,Rain,Wet,Daylight
2023-12-03T21:30:00.000,I 85,138 and I 85,,Rear End,2,Clear,Dry,Dark-Lighted
2023-09-02T03:08:00.000,I 85,138 and I 85,,Sideswipe-Same Direction,2,Clear,Dry,Dark-Lighted
2020-01-13T17:55:00.000,I 85,138 and I 85,,Rear End,2,Cloudy,Dry,Dark-Lighted
2022-12-25T00:16:00.000,I 85,138 and I 85,,Not a Collision with Motor Vehicle,1,Clear,Dry,Dark-Lighted
2023-05-08T16:34:00.000,I 85,138 and I 85,,Rear End,2,Clear,Dry,Daylight
2023-01-04T18:40:00.000,I 85,138 and I 85,,Rear End,2,Clear,Dry,Dark-Lighted
2022-09-07T11:33:00.000,I 75,138 and I 75,,Sideswipe-Same Direction,2,Clear,Dry,Daylight
2021-06-22T11:25:00.000,I 20,138 and I 20,,Not a Collision with Motor Vehicle,1,Rain,Wet,Dark-Lighted
2024-10-13T14:42:00.000,I 75,136 and I 75,,Sideswipe-Same Direction,2,Clear,Dry,Daylight
2024-11-27T08:50:00.000,I 75,136 and I 75,,Sideswipe-Same Direction,2,Clear,Dry,Daylight
2022-08-25T11:15:00.000,I 75,135 and I 75,,Sideswipe-Same Direction,2,Cloudy,Wet,Daylight
2023-08-14T17:35:00.000,I 75,133 and I 75,,Sideswipe-Same Direction,3,Clear,Dry,Daylight
2024-08-12T23:44:00.000,I 75,133 and I 75,,Angle Crash,2,Clear,Dry,Dark-Not Lighted
2024-10-08T21:28:00.000,I 75,133 and I 75,,Rear End,3,Cloudy,Dry,Dark-Not Lighted
2024-09-23T07:10:00.000,I 85,13 and I 85,,Rear End,3,Clear,Dry,Daylight
2021-01-11T08:33:00.000,I 285,13 and I 285,,Sideswipe-Opposite Direction,2,Cloudy,Dry,Daylight
2021-06-28T17:58:00.000,I 285,13 and I 285,,Rear End,2,Clear,Dry,Daylight
2021-01-15T18:59:00.000,I 285,13 and I 285,,Sideswipe-Same Direction,2,Clear,Dry,Dark-Lighted
2021-01-08T15:30:00.000,I 285,13 and I 285,,Sideswipe-Same Direction,2,Cloudy,Wet,Daylight
2021-06-12T10:00:00.000,I 285,13 and I 285,,Not a Collision with Motor Vehicle,2,Cloudy,Dry,Daylight
2021-04-07T08:58:00.000,I 285,13 and I 285,,Rear End,2,Clear,Dry,Daylight
2021-03-05T15:06:00.000,I 285,13 and I 285,,Angle Crash,4,Clear,Dry,Daylight
2021-03-06T18:23:00.000,I 285,13 and I 285,,Rear End,3,Clear,Dry,Daylight
2021-02-04T06:40:00.000,I 285,13 and I 285,,Rear End,2,Clear,Dry,Dark-Not Lighted
2021-04-18T15:04:00.000,I 285,13 and I 285,,Sideswipe-Same Direction,2,Clear,Dry,Daylight
2021-01-02T14:40:00.000,I 285,13 and I 285,,Rear End,2,Clear,Dry,Daylight
2021-04-10T14:16:00.000,I 285,13 and I 285,,Rear End,2,Cloudy,Wet,Daylight
2021-01-04T03:03:00.000,I 285,13 and I 285,,Not a Collision with Motor Vehicle,1,Clear,Dry,Dark-Not Lighted
2021-09-15T17:08:00.000,I 285,13 and I 285,,Sideswipe-Same Direction,2,Cloudy,Dry,Daylight
2021-10-20T08:54:00.000,I 285,13 and I 285,,Rear End,2,Clear,Dry,Daylight
2021-11-08T14:46:00.000,I 285,13 and I 285,,Sideswipe-Same Direction,2,Clear,Dry,Daylight
2021-09-14T16:38:00.000,I 285,13 and I 285,,Rear End,2,Clear,Dry,Daylight
2021-08-30T09:43:00.000,I 285,13 and I 285,,Rear End,2,Clear,Dry,Daylight
2021-10-12T08:58:00.000,I 285,13 and I 285,,Rear End,3,Clear,Dry,Daylight
2021-12-02T16:45:00.000,I 285,13 and I 285,,Rear End,2,Clear,Dry,Daylight
2021-08-29T12:30:00.000,I 285,13 and I 285,,Not a Collision with Motor Vehicle,1,Clear,Dry,Daylight
2021-07-23T16:32:00.000,I 285,13 and I 285,,Sideswipe-Same Direction,2,Clear,Dry,Daylight
2021-08-01T17:08:00.000,I 285,13 and I 285,,Rear End,3,Clear,Dry,Daylight
2021-10-11T15:30:00.000,I 285,13 and I 285,,Rear End,2,Clear,Dry,Daylight
2021-12-30T14:09:00.000,I 285,13 and I 285,,Sideswipe-Same Direction,2,Rain,Wet,Daylight
2021-10-11T23:27:00.000,I 285,13 and I 285,,Angle Crash,1,Clear,Dry,Dark-Not Lighted
2021-09-03T13:38:00.000,I 285,13 and I 285,,Sideswipe-Same Direction,2,Clear,Dry,Daylight
2021-02-25T06:38:00.000,I 285,13 and I 285,,Rear End,2,Clear,Dry,Daylight
2021-03-19T14:16:00.000,I 285,13 and I 285,,Sideswipe-Same Direction,2,Clear,Dry,Daylight
2021-01-16T04:23:00.000,I 285,13 and I 285,,Not a Collision with Motor Vehicle,1,Clear,Dry,Dark-Not Lighted
2021-04-30T16:19:00.000,I 285,13 and I 285,,Rear End,2,Clear,Dry,Daylight
2021-05-11T07:33:00.000,I 285,13 and I 285,,Rear End,2,Clear,Dry,Daylight
2021-01-28T20:30:00.000,I 285,13 and I 285,,Sideswipe-Same Direction,2,Clear,Dry,Dark-Lighted
2021-05-07T08:25:00.000,I 285,13 and I 285,,Rear End,2,Cloudy,Dry,Daylight
2021-06-21T17:03:00.000,I 285,13 and I 285,,Rear End,2,Cloudy,Dry,Daylight
2021-04-03T23:35:00.000,I 285,13 and I 285,,Sideswipe-Same Direction,2,Clear,Dry,Dark-Not Lighted
2021-06-16T07:51:00.000,I 285,13 and I 285,,Rear End,2,Clear,Dry,Daylight
2021-05-07T17:04:00.000,I 285,13 and I 285,,Rear End,2,Cloudy,Dry,Daylight
2021-04-06T18:10:00.000,I 285,13 and I 285,,Angle Crash,2,Cloudy,Dry,Dark-Lighted
2021-05-08T17:30:00.000,I 285,13 and I 285,,Sideswipe-Same Direction,2,Clear,Dry,Daylight
2021-03-29T08:08:00.000,I 285,13 and I 285,,Rear End,3,Clear,Dry,Daylight
2021-03-26T10:23:00.000,I 285,13 and I 285,,Not a Collision with Motor Vehicle,1,Cloudy,Wet,Daylight
2021-01-24T18:30:00.000,I 285,13 and I 285,,Rear End,2,Rain,Wet,Dark-Lighted
2021-06-06T15:14:00.000,I 285,13 and I 285,,Angle Crash,2,Clear,Dry,Daylight
2021-04-20T16:56:00.000,I 285,13 and I 285,,Sideswipe-Same Direction,3,Cloudy,Dry,Daylight
2021-02-02T08:01:00.000,I 285,13 and I 285,,Rear End,2,Clear,Dry,Daylight
2021-03-25T17:14:00.000,I 285,13 and I 285,,Angle Crash,2,Cloudy,Wet,Daylight
2021-05-15T15:37:00.000,I 285,13 and I 285,,Sideswipe-Same Direction,2,Clear,Dry,Daylight
2021-03-16T15:09:00.000,I 285,13 and I 285,,Sideswipe-Same Direction,2,Cloudy,Wet,Daylight
2021-08-04T14:31:00.000,I 285,13 and I 285,,Angle Crash,2,Clear,Dry,Daylight
2021-09-03T17:23:00.000,I 285,13 and I 285,,Sideswipe-Same Direction,2,Clear,Dry,Daylight
2021-11-15T12:54:00.000,I 285,13 and I 285,,Sideswipe-Same Direction,2,Clear,Dry,Dark-Lighted
2021-10-08T09:10:00.000,I 285,13 and I 285,,Sideswipe-Same Direction,2,Clear,Dry,Daylight
2021-11-02T15:40:00.000,I 285,13 and I 285,,Angle Crash,2,Clear,Dry,Daylight
2021-09-05T21:00:00.000,I 285,13 and I 285,,Sideswipe-Same Direction,2,Clear,Dry,Dark-Lighted
2021-09-09T23:10:00.000,I 285,13 and I 285,,Not a Collision with Motor Vehicle,1,Clear,Dry,Dark-Not Lighted
2021-09-06T17:36:00.000,I 285,13 and I 285,,Rear End,2,Cloudy,Dry,Daylight
2021-07-24T03:30:00.000,I 285,13 and I 285,,Not a Collision with Motor Vehicle,1,Clear,Dry,Dark-Not Lighted
2021-07-20T12:18:00.000,I 285,13 and I 285,,Rear End,2,Cloudy,Dry,Daylight
2021-09-01T18:56:00.000,I 285,13 and I 285,,Sideswipe-Same Direction,2,Clear,Dry,Daylight
2021-07-27T10:49:00.000,I 285,13 and I 285,,Rear End,3,Clear,Dry,Daylight
2021-08-24T22:29:00.000,I 285,13 and I 285,,Not a Collision with Motor Vehicle,1,Clear,Dry,Dark-Lighted
2021-09-28T14:10:00.000,I 285,13 and I 285,,Rear End,2,Clear,Dry,Daylight
2021-11-09T08:24:00.000,I 285,13 and I 285,,Rear End,2,Clear,Dry,Daylight
2021-10-30T04:30:00.000,I 285,13 and I 285,,Head On,1,Clear,Dry,Dark-Lighted
2021-09-09T05:35:00.000,I 285,13 and I 285,,Angle Crash,2,Clear,Dry,Dark-Not Lighted
2021-09-25T07:12:00.000,I 285,13 and I 285,,Sideswipe-Same Direction,3,Cloudy,Dry,Daylight
2021-09-11T04:10:00.000,I 285,13 and I 285,,Not a Collision with Motor Vehicle,1,Clear,Dry,Dark-Not Lighted
2021-07-22T16:31:00.000,I 285,13 and I 285,,Rear End,3,Clear,Dry,Daylight
2021-07-22T16:31:00.000,I 285,13 and I 285,,Rear End,3,Clear,Dry,Daylight
2021-10-19T22:02:00.000,I 285,13 and I 285,,Sideswipe-Same Direction,2,Clear,Dry,Dark-Not Lighted
2021-10-26T16:22:00.000,I 285,13 and I 285,,Rear End,3,Clear,Dry,Daylight
2021-09-30T23:10:00.000,I 285,13 and I 285,,Not a Collision with Motor Vehicle,1,Clear,Dry,Dark-Not Lighted
2021-08-11T15:46:00.000,I 285,13 and I 285,,Rear End,4,Cloudy,Dry,Daylight
2021-06-21T16:27:00.000,I 285,13 and I 285,,Rear End,2,Cloudy,Dry,Daylight
2021-05-07T15:28:00.000,I 285,13 and I 285,,Rear End,3,Clear,Dry,Daylight
2021-05-23T16:50:00.000,I 285,13 and I 285,,Rear End,2,Clear,Dry,Daylight
2021-05-13T23:28:00.000,I 285,13 and I 285,,Not a Collision with Motor Vehicle,1,Cloudy,Wet,Dark-Not Lighted
2021-01-01T21:23:00.000,I 285,13 and I 285,,Not a Collision with Motor Vehicle,1,Clear,Dry,Dark-Lighted
2021-06-27T06:06:00.000,I 285,13 and I 285,,Not a Collision with Motor Vehicle,1,Rain,Wet,Daylight
2021-02-12T14:22:00.000,I 285,13 and I 285,,Sideswipe-Same Direction,3,Cloudy,Dry,Daylight
2021-01-31T12:25:00.000,I 285,13 and I 285,,Sideswipe-Same Direction,2,Rain,Wet,Daylight
2021-05-19T17:45:00.000,I 285,13 and I 285,,Angle Crash,2,Clear,Dry,Daylight
2021-06-19T18:11:00.000,I 285,13 and I 285,,Rear End,3,Rain,Wet,Daylight
2021-01-19T06:36:00.000,I 285,13 and I 285,,Rear End,2,Clear,Dry,Dark-Lighted
2021-03-25T16:09:00.000,I 285,13 and I 285,,Rear End,2,Cloudy,Dry,Daylight
2021-01-28T23:19:00.000,I 285,13 and I 285,,Not a Collision with Motor Vehicle,1,Clear,Dry,Dark-Not Lighted
2021-01-12T15:27:00.000,I 285,13 and I 285,,Rear End,2,Cloudy,Dry,Daylight
2021-02-03T09:01:00.000,I 285,13 and I 285,,Sideswipe-Same Direction,2,Clear,Dry,Daylight
2021-07-15T11:42:00.000,I 285,13 and I 285,,Rear End,2,Clear,Dry,Daylight
2021-08-03T15:50:00.000,I 285,13 and I 285,,Sideswipe-Same Direction,2,Clear,Dry,Daylight
2021-08-30T16:50:00.000,I 285,13 and I 285,,Head On,2,Cloudy,Wet,Daylight
2021-08-19T10:07:00.000,I 285,13 and I 285,,Rear End,3,Cloudy,Dry,Daylight
2021-11-08T13:45:00.000,I 285,13 and I 285,,Sideswipe-Same Direction,2,Clear,Dry,Daylight
2021-07-07T09:19:00.000,I 285,13 and I 285,,Sideswipe-Same Direction,3,Cloudy,Dry,Daylight
2021-09-24T16:27:00.000,I 285,13 and I 285,,Rear End,2,Cloudy,Dry,Daylight
2021-11-12T06:00:00.000,I 285,13 and I 285,,Not a Collision with Motor Vehicle,1,Clear,Wet,Dark-Not Lighted
2021-10-04T09:46:00.000,I 285,13 and I 285,,Rear End,2,Cloudy,Dry,Daylight
2021-09-30T17:03:00.000,I 285,13 and I 285,,Rear End,2,Cloudy,Dry,Daylight
2021-09-06T13:38:00.000,I 285,13 and I 285,,Not a Collision with Motor Vehicle,1,Clear,Dry,Dark-Not Lighted
2021-05-16T12:15:00.000,I 285,13 and I 285,,Angle Crash,2,Clear,Dry,Daylight
2021-06-07T14:43:00.000,I 285,13 and I 285,,Rear End,2,Rain,Wet,Daylight
2021-04-05T13:48:00.000,I 285,13 and I 285,,Head On,2,Cloudy,Dry,Daylight
2021-04-17T19:55:00.000,I 285,13 and I 285,,Rear End,3,Clear,Dry,Daylight
2021-05-23T16:44:00.000,I 285,13 and I 285,,Rear End,2,Clear,Dry,Daylight
2021-01-01T18:16:00.000,I 285,13 and I 285,,Not a Collision with Motor Vehicle,1,Clear,Wet,Dark-Lighted
2021-03-29T19:06:00.000,I 285,13 and I 285,,Rear End,4,Clear,Dry,Daylight
2020-03-07T08:21:00.000,I 285,13 and I 285,,Not a Collision with Motor Vehicle,1,Cloudy,Dry,Daylight
2020-02-06T17:26:00.000,I 285,13 and I 285,,Sideswipe-Same Direction,2,Cloudy,Wet,Daylight
2020-09-29T17:01:00.000,I 285,13 and I 285,,Not a Collision with Motor Vehicle,1,Rain,Wet,Daylight
2020-01-23T17:29:00.000,I 285,13 and I 285,,Angle Crash,2,Cloudy,Dry,Dark-Lighted
2020-10-23T11:48:00.000,I 285,13 and I 285,,Rear End,4,Clear,Dry,Daylight
2023-10-07T19:55:00.000,I 285,13 and I 285,,Rear End,2,Clear,Dry,Dark-Not Lighted
2023-08-09T17:50:00.000,I 285,13 and I 285,,Rear End,2,Cloudy,Dry,Daylight
2023-06-15T17:33:00.000,I 285,13 and I 285,,Rear End,2,Clear,Dry,Daylight
2023-10-30T16:54:00.000,I 285,13 and I 285,,Rear End,2,Cloudy,Dry,Daylight
2023-03-17T23:32:00.000,I 285,13 and I 285,,Not a Collision with Motor Vehicle,1,Cloudy,Wet,Dark-Not Lighted
2023-01-26T03:14:00.000,I 285,13 and I 285,,Sideswipe-Same Direction,2,Clear,Dry,Dark-Lighted
2023-05-15T18:00:00.000,I 285,13 and I 285,,Sideswipe-Same Direction,2,Clear,Dry,Daylight
2023-10-11T13:59:00.000,I 285,13 and I 285,,Sideswipe-Same Direction,2,Clear,Dry,Daylight
2023-03-15T18:15:00.000,I 285,13 and I 285,,Rear End,2,Clear,Dry,Daylight
2023-06-14T17:30:00.000,I 285,13 and I 285,,Rear End,3,Clear,Dry,Daylight
2023-04-23T13:51:00.000,I 285,13 and I 285,,Rear End,3,Cloudy,Dry,Daylight
2023-08-12T21:50:00.000,I 285,13 and I 285,,Angle Crash,2,Clear,Dry,Daylight
2023-04-23T13:17:00.000,I 285,13 and I 285,,Rear End,2,Clear,Dry,Daylight
2023-01-10T21:25:00.000,I 285,13 and I 285,,Not a Collision with Motor Vehicle,1,Clear,Dry,Dark-Not Lighted
2023-12-21T06:15:00.000,I 285,13 and I 285,,Sideswipe-Same Direction,2,Clear,Dry,Dark-Not Lighted
2023-04-24T15:59:00.000,I 285,13 and I 285,,Rear End,2,Clear,Dry,Daylight
2023-03-16T10:12:00.000,I 285,13 and I 285,,Sideswipe-Same Direction,2,Cloudy,Dry,Daylight
2023-02-20T14:05:00.000,I 285,13 and I 285,,Sideswipe-Same Direction,2,Clear,Dry,Daylight
2023-06-28T08:17:00.000,I 285,13 and I 285,,Not a Collision with Motor Vehicle,2,Clear,Dry,Daylight
2023-09-08T09:25:00.000,I 285,13 and I 285,,Rear End,2,Cloudy,Dry,Daylight
2023-03-01T08:02:00.000,I 285,13 and I 285,,Sideswipe-Same Direction,2,Clear,Dry,Daylight
2023-09-11T06:20:00.000,I 285,13 and I 285,,Rear End,2,Clear,Dry,Dawn
2023-07-15T13:31:00.000,I 285,13 and I 285,,Rear End,2,Cloudy,Dry,Daylight
2023-05-26T13:15:00.000,I 285,13 and I 285,,Sideswipe-Same Direction,2,Clear,Dry,Daylight
2023-10-03T20:50:00.000,I 285,13 and I 285,,Rear End,2,Clear,Dry,Dark-Not Lighted
2023-04-05T15:29:00.000,I 285,13 and I 285,,Sideswipe-Same Direction,2,Cloudy,Dry,Daylight
2023-03-17T22:05:00.000,I 285,13 and I 285,,Not a Collision with Motor Vehicle,1,Cloudy,Wet,Dark-Not Lighted
2023-06-12T06:27:00.000,I 285,13 and I 285,,Angle Crash,3,Cloudy,Wet,Daylight
2023-08-16T17:17:00.000,I 285,13 and I 285,,Angle Crash,2,Clear,Dry,Daylight
2023-09-01T21:21:00.000,I 285,13 and I 285,,Sideswipe-Same Direction,2,Cloudy,Dry,Dark-Not Lighted
2023-08-21T19:00:00.000,I 285,13 and I 285,,Rear End,2,Clear,Dry,Daylight
2023-11-27T14:10:00.000,I 285,13 and I 285,,Sideswipe-Same Direction,2,Clear,Dry,Daylight
2023-02-03T08:48:00.000,I 285,13 and I 285,,Not a Collision with Motor Vehicle,1,Clear,Dry,Daylight
2023-03-03T20:57:00.000,I 285,13 and I 285,,Sideswipe-Same Direction,2,Clear,Dry,Dark-Lighted
2023-04-19T16:32:00.000,I 285,13 and I 285,,Rear End,3,Clear,Dry,Daylight
2023-02-15T16:56:00.000,I 285,13 and I 285,,Rear End,2,Cloudy,Wet,Dusk
2023-01-17T09:03:00.000,I 285,13 and I 285,,Sideswipe-Opposite Direction,2,Cloudy,Wet,Daylight
2023-01-08T13:29:00.000,I 285,13 and I 285,,Rear End,2,Clear,Dry,Daylight
2023-09-07T14:15:00.000,I 285,13 and I 285,,Not a Collision with Motor Vehicle,2,Clear,Dry,Daylight
2023-03-01T17:46:00.000,I 285,13 and I 285,,Rear End,2,Clear,Dry,Daylight
2023-07-22T22:45:00.000,I 285,13 and I 285,,Not a Collision with Motor Vehicle,1,Clear,Dry,Dark-Not Lighted
2023-10-04T15:08:00.000,I 285,13 and I 285,,Rear End,2,Clear,Dry,Daylight
2023-05-15T15:12:00.000,I 285,13 and I 285,,Rear End,3,Clear,Dry,Daylight
2023-04-21T16:18:00.000,I 285,13 and I 285,,Rear End,2,Clear,Dry,Daylight
2023-08-22T15:41:00.000,I 285,13 and I 285,,Rear End,2,Cloudy,Dry,Daylight
2023-08-20T19:43:00.000,I 285,13 and I 285,,Rear End,2,Clear,Dry,Daylight
2023-10-27T05:04:00.000,I 285,13 and I 285,,Head On,1,Cloudy,Dry,Dark-Not Lighted
2023-07-08T17:58:00.000,I 285,13 and I 285,,Sideswipe-Same Direction,2,Rain,Wet,Daylight
2023-04-29T18:00:00.000,I 285,13 and I 285,,Rear End,3,Clear,Dry,Daylight
2023-09-01T16:31:00.000,I 285,13 and I 285,,Rear End,2,Clear,Dry,Daylight
2023-11-04T11:43:00.000,I 285,13 and I 285,,Rear End,3,Clear,Dry,Daylight
2023-03-22T18:42:00.000,I 285,13 and I 285,,Rear End,2,Clear,Dry,Daylight
2023-05-15T13:37:00.000,I 285,13 and I 285,,Rear End,4,Clear,Dry,Daylight
2023-03-03T03:15:00.000,I 285,13 and I 285,,Not a Collision with Motor Vehicle,1,Rain,Wet,Dark-Not Lighted
2023-06-14T15:48:00.000,I 285,13 and I 285,,Rear End,2,Cloudy,Wet,Daylight
2023-04-23T13:51:00.000,I 285,13 and I 285,,Rear End,4,Clear,Dry,Daylight
2023-01-22T12:14:00.000,I 285,13 and I 285,,Head On,1,Rain,Wet,Daylight