Date and Time,Roadway (From Crash Report),Intersection Name (from Crash Report),KABCO Severity,Manner of Collision (Crash Level) ,# of Vehicles per crash ,Weather Conditions (Crash Level),Surface Condition (Crash Level) ,Light Conditions (Crash Level)
2023-10-17T18:09:00.000,I 285,13 and I 285,,Sideswipe-Same Direction,2,Clear,Dry,Daylight
2023-07-21T13:28:00.000,I 285,13 and I 285,,Rear End,2,Clear,Dry,Daylight
2023-12-17T14:49:00.000,I 285,13 and I 285,,Rear End,3,Cloudy,Wet,Daylight
2023-04-27T18:50:00.000,I 285,13 and I 285,,Rear End,2,Cloudy,Wet,Daylight
2023-01-16T16:44:00.000,I 285,13 and I 285,,Sideswipe-Same Direction,2,Clear,Dry,Daylight
2023-11-14T08:00:00.000,I 285,13 and I 285,,Rear End,2,Cloudy,Dry,Daylight
2023-10-23T16:30:00.000,I 285,13 and I 285,,Sideswipe-Same Direction,2,Clear,Dry,Daylight
2023-04-21T15:45:00.000,I 285,13 and I 285,,Angle Crash,3,Clear,Dry,Daylight
2023-08-09T12:45:00.000,I 285,13 and I 285,,Not a Collision with Motor Vehicle,1,Clear,Dry,Dark-Not Lighted
2023-09-01T21:34:00.000,I 285,13 and I 285,,Rear End,2,Cloudy,Dry,Dark-Not Lighted
2023-09-14T08:24:00.000,I 285,13 and I 285,,Sideswipe-Same Direction,2,Cloudy,Dry,Dusk
2023-05-05T02:08:00.000,I 285,13 and I 285,,Not a Collision with Motor Vehicle,1,Clear,Dry,Dark-Lighted
2023-02-10T13:03:00.000,I 285,13 and I 285,,Angle Crash,2,Clear,Dry,Daylight
2023-11-21T16:40:00.000,I 285,13 and I 285,,Rear End,2,Rain,Wet,Daylight
2023-04-24T17:25:00.000,I 285,13 and I 285,,Rear End,2,Clear,Dry,Daylight
2023-12-15T08:51:00.000,I 285,13 and I 285,,Rear End,2,Cloudy,Dry,Daylight
2023-06-14T08:08:00.000,I 285,13 and I 285,,Not a Collision with Motor Vehicle,1,Clear,Dry,Daylight
2023-04-26T17:20:00.000,I 285,13 and I 285,,Rear End,2,Cloudy,Dry,Daylight
2023-02-15T15:45:00.000,I 285,13 and I 285,,Rear End,2,Clear,Dry,Daylight
2023-04-10T17:33:00.000,I 285,13 and I 285,,Sideswipe-Same Direction,2,Clear,Dry,Daylight
2023-03-09T10:15:00.000,I 285,13 and I 285,,Sideswipe-Same Direction,2,Cloudy,Dry,Daylight
2023-10-12T23:09:00.000,I 285,13 and I 285,,Not a Collision with Motor Vehicle,1,Clear,Dry,Dark-Not Lighted
2023-07-11T18:45:00.000,I 285,13 and I 285,,Angle Crash,2,Clear,Dry,Daylight
2023-03-14T21:45:00.000,I 285,13 and I 285,,Sideswipe-Same Direction,3,Clear,Dry,Dark-Not Lighted
2023-09-19T19:10:00.000,I 285,13 and I 285,,Angle Crash,2,Clear,Dry,Dark-Not Lighted
2023-08-09T17:20:00.000,I 285,13 and I 285,,Sideswipe-Same Direction,2,Cloudy,Dry,Daylight
2023-08-17T08:27:00.000,I 285,13 and I 285,,Sideswipe-Same Direction,2,Clear,Dry,Daylight
2023-08-01T18:49:00.000,I 285,13 and I 285,,Rear End,2,Clear,Dry,Daylight
2023-03-08T00:14:00.000,I 285,13 and I 285,,Angle Crash,1,Clear,Dry,Dark-Lighted
2023-11-16T14:25:00.000,I 285,13 and I 285,,Angle Crash,2,Clear,Dry,Daylight
2023-02-28T09:23:00.000,I 285,13 and I 285,,Not a Collision with Motor Vehicle,1,Clear,Dry,Daylight
2023-02-14T08:04:00.000,I 285,13 and I 285,,Rear End,2,Cloudy,Dry,Daylight
2023-04-24T16:30:00.000,I 285,13 and I 285,,Sideswipe-Same Direction,2,Clear,Dry,Daylight
2023-08-20T15:16:00.000,I 285,13 and I 285,,Rear End,2,Clear,Dry,Daylight
2023-11-12T13:56:00.000,I 285,13 and I 285,,Rear End,2,Cloudy,Dry,Daylight
2023-05-08T19:50:00.000,I 285,13 and I 285,,Sideswipe-Same Direction,4,Clear,Dry,Daylight
2023-02-14T13:34:00.000,I 285,13 and I 285,,Rear End,5,Clear,Dry,Daylight
2023-02-14T13:34:00.000,I 285,13 and I 285,,Rear End,5,Cloudy,Dry,Daylight
2023-10-18T17:08:00.000,I 285,13 and I 285,,Sideswipe-Same Direction,2,Clear,Dry,Daylight
2023-05-09T21:58:00.000,I 285,13 and I 285,,Sideswipe-Same Direction,2,Clear,Dry,Dark-Lighted
2023-02-12T20:56:00.000,I 285,13 and I 285,,Not a Collision with Motor Vehicle,1,Clear,Dry,Dark-Not Lighted
2023-02-09T12:39:00.000,I 285,13 and I 285,,Sideswipe-Same Direction,2,Cloudy,Dry,Daylight
2023-12-08T06:48:00.000,I 285,13 and I 285,,Angle Crash,1,Clear,Dry,Dark-Not Lighted
2023-05-26T11:37:00.000,I 285,13 and I 285,,Sideswipe-Same Direction,2,Clear,Dry,Daylight
2023-02-17T17:54:00.000,I 285,13 and I 285,,Sideswipe-Same Direction,2,Clear,Dry,Daylight
2023-11-28T18:49:00.000,I 285,13 and I 285,,Angle Crash,2,Clear,Dry,Dark-Not Lighted
2023-09-07T14:12:00.000,I 285,13 and I 285,,Rear End,2,Clear,Dry,Daylight
2023-01-18T16:01:00.000,I 285,13 and I 285,,Rear End,2,Rain,Wet,Daylight
2023-12-30T17:16:00.000,I 285,13 and I 285,,Rear End,2,Clear,Dry,Daylight
2023-11-28T22:00:00.000,I 285,13 and I 285,,Angle Crash,2,Cloudy,Wet,Dark-Not Lighted
2023-06-22T17:49:00.000,I 285,13 and I 285,,Rear End,4,Clear,Dry,Daylight
2023-06-16T04:35:00.000,I 285,13 and I 285,,Not a Collision with Motor Vehicle,1,Clear,Dry,Dark-Lighted
2023-09-15T19:46:00.000,I 285,13 and I 285,,Rear End,2,Cloudy,Dry,Daylight
2023-11-21T13:43:00.000,I 285,13 and I 285,,Rear End,2,Rain,Wet,Daylight
2023-08-06T11:00:00.000,I 285,13 and I 285,,Not a Collision with Motor Vehicle,1,Cloudy,Dry,Daylight
2022-05-06T06:24:00.000,I 285,13 and I 285,,Rear End,3,Cloudy,Dry,Daylight
2022-02-19T18:46:00.000,I 285,13 and I 285,,Rear End,2,Clear,Dry,Dark-Lighted
2022-05-26T08:57:00.000,I 285,13 and I 285,,Sideswipe-Same Direction,2,Cloudy,Dry,Daylight
2022-12-22T12:30:00.000,I 285,13 and I 285,,Rear End,3,Clear,Dry,Daylight
2022-05-05T17:36:00.000,I 285,13 and I 285,,Rear End,2,Clear,Dry,Daylight
2022-05-17T15:45:00.000,I 285,13 and I 285,,Sideswipe-Same Direction,2,Clear,Dry,Daylight
2022-12-30T20:00:00.000,I 285,13 and I 285,,Sideswipe-Same Direction,2,Clear,Dry,Dark-Not Lighted
2022-05-19T07:10:00.000,I 285,13 and I 285,,Rear End,2,Clear,Dry,Daylight
2020-10-02T19:02:00.000,I 285,13 and I 285,,Sideswipe-Same Direction,2,Clear,Dry,Daylight
2020-01-23T18:42:00.000,I 285,13 and I 285,,Angle Crash,3,Clear,Dry,Dark-Lighted
2020-11-25T00:14:00.000,I 285,13 and I 285,,Not a Collision with Motor Vehicle,1,Clear,Dry,Dark-Not Lighted
2020-07-22T08:42:00.000,I 285,13 and I 285,,Sideswipe-Same Direction,2,Cloudy,Dry,Daylight
2020-08-07T16:24:00.000,I 285,13 and I 285,,Rear End,2,Cloudy,Dry,Daylight
2020-01-08T16:38:00.000,I 285,13 and I 285,,Rear End,3,Clear,Dry,Daylight
2020-10-19T18:21:00.000,I 285,13 and I 285,,Sideswipe-Same Direction,2,Clear,Dry,Daylight
2020-12-04T13:51:00.000,I 285,13 and I 285,,Sideswipe-Opposite Direction,2,Rain,Wet,Daylight
2020-08-15T15:27:00.000,I 285,13 and I 285,,Rear End,3,Cloudy,Wet,Daylight
2020-12-31T13:30:00.000,I 285,13 and I 285,,Rear End,2,Cloudy,Dry,Daylight
2020-07-09T18:17:00.000,I 285,13 and I 285,,Rear End,2,Clear,Dry,Daylight
2020-01-12T16:29:00.000,I 285,13 and I 285,,Rear End,2,Clear,Dry,Daylight
2020-11-25T00:13:00.000,I 285,13 and I 285,,Not a Collision with Motor Vehicle,1,Clear,Dry,Dark-Lighted
2020-12-05T14:10:00.000,I 285,13 and I 285,,Head On,2,Cloudy,Dry,Daylight
2020-06-23T13:38:00.000,I 285,13 and I 285,,Sideswipe-Same Direction,2,Cloudy,Dry,Daylight
2020-07-09T17:45:00.000,I 285,13 and I 285,,Rear End,2,Clear,Dry,Daylight
2020-02-13T19:58:00.000,I 285,13 and I 285,,Sideswipe-Same Direction,2,Cloudy,Dry,Dark-Not Lighted
2020-07-18T18:14:00.000,I 285,13 and I 285,,Rear End,2,Clear,Dry,Daylight
2020-03-06T20:32:00.000,I 285,13 and I 285,,Rear End,2,Clear,Dry,Dark-Not Lighted
2020-09-11T17:16:00.000,I 285,13 and I 285,,Sideswipe-Same Direction,2,Cloudy,Dry,Daylight
2020-06-27T07:49:00.000,I 285,13 and I 285,,Not a Collision with Motor Vehicle,1,Clear,Dry,Daylight
2020-05-29T14:32:00.000,I 285,13 and I 285,,Angle Crash,2,Clear,Wet,Daylight
2020-04-04T16:15:00.000,I 285,13 and I 285,,Rear End,2,Clear,Dry,Daylight
2020-03-29T21:01:00.000,I 285,13 and I 285,,Head On,1,Clear,Dry,Dark-Lighted
2020-06-09T15:12:00.000,I 285,13 and I 285,,Rear End,3,Clear,Dry,Daylight
2020-11-25T22:45:00.000,I 285,13 and I 285,,Not a Collision with Motor Vehicle,1,Clear,Wet,Dark-Not Lighted
2020-11-05T16:24:00.000,I 285,13 and I 285,,Rear End,2,Clear,Dry,Daylight
2020-12-05T17:49:00.000,I 285,13 and I 285,,Rear End,2,Clear,Dry,Dark-Lighted
2020-10-31T14:35:00.000,I 285,13 and I 285,,Sideswipe-Same Direction,2,Clear,Dry,Daylight
2020-07-21T11:04:00.000,I 285,13 and I 285,,Rear End,2,Clear,Dry,Daylight
2020-06-14T01:00:00.000,I 285,13 and I 285,,Not a Collision with Motor Vehicle,1,Clear,Dry,Dark-Lighted
2020-06-10T23:55:00.000,I 285,13 and I 285,,Sideswipe-Same Direction,2,Clear,Wet,Dark-Not Lighted
2020-10-09T09:21:00.000,I 285,13 and I 285,,Angle Crash,2,Clear,Dry,Daylight
2020-10-31T10:05:00.000,I 285,13 and I 285,,Rear End,2,Clear,Dry,Daylight
2020-07-09T17:06:00.000,I 285,13 and I 285,,Sideswipe-Same Direction,2,Cloudy,Dry,Daylight
2020-12-18T18:09:00.000,I 285,13 and I 285,,Rear End,2,Clear,Dry,Dark-Not Lighted
2020-01-30T16:49:00.000,I 285,13 and I 285,,Sideswipe-Same Direction,2,Clear,Dry,Daylight
2020-08-28T18:30:00.000,I 285,13 and I 285,,Rear End,2,Cloudy,Dry,Daylight
2020-06-05T15:01:00.000,I 285,13 and I 285,,Rear End,2,Cloudy,Dry,Daylight
2020-07-22T13:31:00.000,I 285,13 and I 285,,Sideswipe-Same Direction,2,Cloudy,Dry,Daylight
2020-11-10T07:42:00.000,I 285,13 and I 285,,Rear End,2,Cloudy,Dry,Daylight
2020-02-25T18:57:00.000,I 285,13 and I 285,,Angle Crash,2,Cloudy,Dry,Dark-Not Lighted
2020-12-28T22:43:00.000,I 285,13 and I 285,,Not a Collision with Motor Vehicle,1,Clear,Dry,Dark-Lighted
2020-02-20T16:02:00.000,I 285,13 and I 285,,Rear End,2,Rain,Wet,Daylight
2020-02-21T20:00:00.000,I 285,13 and I 285,,Rear End,2,Clear,Dry,Dark-Not Lighted
2020-09-14T18:57:00.000,I 285,13 and I 285,,Rear End,2,Clear,Dry,Daylight
2020-12-29T09:24:00.000,I 285,13 and I 285,,Not a Collision with Motor Vehicle,1,Clear,Dry,(None)
2020-11-30T18:20:00.000,I 285,13 and I 285,,Angle Crash,2,Sleet,Wet,Dark-Lighted
2020-03-25T17:09:00.000,I 285,13 and I 285,,Rear End,3,Clear,Dry,Daylight
2020-07-27T16:39:00.000,I 285,13 and I 285,,Rear End,2,Cloudy,Wet,Daylight
2020-03-06T15:07:00.000,I 285,13 and I 285,,Rear End,2,Cloudy,Dry,Daylight
2020-01-05T15:32:00.000,I 285,13 and I 285,,Angle Crash,2,Clear,Dry,Daylight
2020-11-22T01:26:00.000,I 285,13 and I 285,,Angle Crash,1,Clear,Dry,Dark-Lighted
2020-09-16T14:30:00.000,I 285,13 and I 285,,Rear End,2,Rain,Wet,Daylight
2020-02-10T18:09:00.000,I 285,13 and I 285,,Rear End,2,Rain,Wet,Dark-Lighted
2020-10-16T18:19:00.000,I 285,13 and I 285,,Sideswipe-Same Direction,2,Clear,Dry,Daylight
2020-12-05T14:10:00.000,I 285,13 and I 285,,Rear End,2,Cloudy,Dry,Daylight
2020-02-13T14:19:00.000,I 285,13 and I 285,,Rear End,4,Clear,Dry,Daylight
2020-08-25T14:59:00.000,I 285,13 and I 285,,Rear End,2,Rain,Wet,Daylight
2020-09-17T08:49:00.000,I 285,13 and I 285,,Angle Crash,2,Rain,Wet,Daylight
2020-03-05T18:13:00.000,I 285,13 and I 285,,Rear End,3,Cloudy,Wet,Daylight
2020-05-01T17:00:00.000,I 285,13 and I 285,,Rear End,2,Clear,Dry,Daylight
2020-06-24T16:49:00.000,I 285,13 and I 285,,Rear End,2,Cloudy,Wet,Daylight
2020-03-31T18:44:00.000,I 285,13 and I 285,,Angle Crash,2,Cloudy,Wet,Daylight
2020-11-12T06:36:00.000,I 285,13 and I 285,,Sideswipe-Same Direction,3,Cloudy,Wet,Dark-Lighted
2020-01-06T07:50:00.000,I 285,13 and I 285,,Sideswipe-Same Direction,2,Cloudy,Dry,Daylight
2020-02-13T16:57:00.000,I 285,13 and I 285,,Rear End,3,Cloudy,Dry,Daylight
2020-06-09T17:54:00.000,I 285,13 and I 285,,Rear End,3,Rain,Wet,Daylight
2020-12-11T20:38:00.000,I 285,13 and I 285,,Angle Crash,2,Clear,Dry,Dark-Not Lighted
2020-12-11T19:08:00.000,I 285,13 and I 285,,Rear End,2,Clear,Dry,Dark-Not Lighted
2020-07-23T15:53:00.000,I 285,13 and I 285,,Sideswipe-Same Direction,2,Cloudy,Dry,Daylight
2020-08-08T16:37:00.000,I 285,13 and I 285,,Rear End,3,Cloudy,Dry,Daylight
2020-08-07T18:01:00.000,I 285,13 and I 285,,Head On,2,Clear,Dry,Daylight
2020-08-29T20:33:00.000,I 285,13 and I 285,,Not a Collision with Motor Vehicle,1,Cloudy,Dry,Dark-Not Lighted
2020-08-08T14:51:00.000,I 285,13 and I 285,,Rear End,4,Cloudy,Dry,Daylight
2020-06-05T13:21:00.000,I 285,13 and I 285,,Rear End,2,Cloudy,Dry,Daylight
2020-02-01T16:47:00.000,I 285,13 and I 285,,Rear End,2,Cloudy,Dry,Daylight
2020-12-02T15:59:00.000,I 285,13 and I 285,,Sideswipe-Same Direction,2,Clear,Dry,Daylight
2020-11-03T01:03:00.000,I 285,13 and I 285,,Not a Collision with Motor Vehicle,1,Clear,Dry,Dark-Lighted
2020-01-31T18:49:00.000,I 285,13 and I 285,,Sideswipe-Same Direction,2,Cloudy,Dry,Dark-Lighted
2020-03-09T19:09:00.000,I 285,13 and I 285,,Angle Crash,2,Clear,Dry,Daylight
2020-10-30T13:52:00.000,I 285,13 and I 285,,Rear End,2,Clear,Dry,Daylight
2020-06-16T17:02:00.000,I 285,13 and I 285,,Rear End,2,Clear,Dry,Daylight
2020-12-14T14:21:00.000,I 285,13 and I 285,,Rear End,2,Clear,Dry,Daylight
2020-02-04T07:30:00.000,I 285,13 and I 285,,Rear End,2,Rain,Dry,Daylight
2020-11-24T21:20:00.000,I 285,13 and I 285,,Sideswipe-Same Direction,2,Clear,Dry,Dark-Not Lighted
2020-06-14T14:39:00.000,I 285,13 and I 285,,Sideswipe-Same Direction,2,Clear,Dry,Daylight
2020-07-10T15:05:00.000,I 285,13 and I 285,,Rear End,2,Clear,Dry,Daylight
2020-07-18T14:24:00.000,I 285,13 and I 285,,Rear End,2,Cloudy,Dry,Daylight
2020-07-24T13:08:00.000,I 285,13 and I 285,,Rear End,2,Clear,Dry,Daylight
2020-01-16T15:55:00.000,I 285,13 and I 285,,Sideswipe-Same Direction,2,Clear,Dry,Daylight
2020-12-05T14:24:00.000,I 285,13 and I 285,,Sideswipe-Same Direction,2,Clear,Dry,Daylight
2020-08-10T17:43:00.000,I 285,13 and I 285,,Sideswipe-Same Direction,2,Clear,Dry,Daylight
2020-08-20T06:29:00.000,I 285,13 and I 285,,Rear End,2,Cloudy,Dry,Daylight
2020-12-19T16:22:00.000,I 285,13 and I 285,,Not a Collision with Motor Vehicle,1,Clear,Dry,Daylight
2020-03-14T21:24:00.000,I 285,13 and I 285,,Sideswipe-Same Direction,2,Clear,Dry,Dark-Lighted
2020-06-12T14:20:00.000,I 285,13 and I 285,,Rear End,2,Clear,Dry,Daylight
2020-04-23T16:20:00.000,I 285,13 and I 285,,Rear End,2,Clear,Dry,Daylight
2020-11-02T16:56:00.000,I 285,13 and I 285,,Rear End,2,Cloudy,Dry,Daylight
2020-12-12T11:54:00.000,I 285,13 and I 285,,Rear End,2,Clear,Dry,Daylight
2020-08-29T00:32:00.000,I 285,13 and I 285,,Angle Crash,1,Clear,Dry,Dark-Lighted
2020-05-29T14:27:00.000,I 285,13 and I 285,,Rear End,2,Clear,Dry,Daylight
2020-02-05T19:16:00.000,I 285,13 and I 285,,Rear End,2,Cloudy,Wet,Dark-Not Lighted
2020-02-20T18:45:00.000,I 285,13 and I 285,,Rear End,4,Cloudy,Wet,Dark-Not Lighted
2020-10-29T04:12:00.000,I 285,13 and I 285,,Head On,2,Rain,Wet,Daylight
2020-02-20T15:23:00.000,I 285,13 and I 285,,Sideswipe-Opposite Direction,2,Rain,Wet,Daylight
2020-06-27T17:23:00.000,I 285,13 and I 285,,Rear End,2,Clear,Dry,Daylight
2020-12-01T16:45:00.000,I 285,13 and I 285,,Rear End,2,Cloudy,Dry,Daylight
2020-11-13T15:21:00.000,I 285,13 and I 285,,Rear End,2,Clear,Dry,Daylight
2020-12-16T16:48:00.000,I 285,13 and I 285,,Rear End,2,Rain,Wet,Daylight
2020-10-27T19:03:00.000,I 285,13 and I 285,,Angle Crash,2,Clear,Dry,Dark-Not Lighted
2020-02-12T07:40:00.000,I 285,13 and I 285,,Rear End,2,Cloudy,Dry,Daylight
2020-01-07T13:14:00.000,I 285,13 and I 285,,Rear End,2,Cloudy,Dry,Daylight
2020-10-02T19:30:00.000,I 285,13 and I 285,,Angle Crash,2,Clear,Dry,Dusk
2021-05-03T22:01:00.000,I 285,13 and I 285,,Not a Collision with Motor Vehicle,1,Cloudy,Wet,Dark-Not Lighted
2021-03-18T14:47:00.000,I 285,13 and I 285,,Sideswipe-Same Direction,2,Cloudy,Dry,Daylight
2021-04-14T08:38:00.000,I 285,13 and I 285,,Rear End,2,Cloudy,Dry,Daylight
2021-06-29T07:56:00.000,I 285,13 and I 285,,Rear End,4,Cloudy,Wet,Daylight
2021-02-25T08:53:00.000,I 285,13 and I 285,,Rear End,3,Clear,Dry,Daylight
2021-04-22T16:04:00.000,I 285,13 and I 285,,Sideswipe-Same Direction,2,Cloudy,Dry,Daylight
2021-02-26T12:40:00.000,I 285,13 and I 285,,Rear End,2,Rain,Wet,Daylight
2021-01-15T18:31:00.000,I 285,13 and I 285,,Sideswipe-Same Direction,2,Cloudy,Dry,Daylight
2021-05-28T20:02:00.000,I 285,13 and I 285,,Rear End,3,Cloudy,Dry,Daylight
2021-03-12T19:51:00.000,I 285,13 and I 285,,Head On,2,Cloudy,Dry,Dark-Lighted
2021-05-06T20:05:00.000,I 285,13 and I 285,,Rear End,2,Cloudy,Dry,Daylight
2021-01-28T18:53:00.000,I 285,13 and I 285,,Rear End,2,Clear,Dry,Dark-Not Lighted
2021-04-21T14:46:00.000,I 285,13 and I 285,,Sideswipe-Same Direction,2,Clear,Dry,Daylight
2021-05-23T16:56:00.000,I 285,13 and I 285,,Rear End,2,Clear,Dry,Daylight
2021-06-07T01:11:00.000,I 285,13 and I 285,,Not a Collision with Motor Vehicle,1,Cloudy,Wet,Dark-Not Lighted
2021-02-12T06:00:00.000,I 285,13 and I 285,,Not a Collision with Motor Vehicle,1,Rain,Wet,Dark-Not Lighted
2021-02-06T19:55:00.000,I 285,13 and I 285,,Sideswipe-Same Direction,2,Rain,Wet,Dark-Not Lighted
2021-03-03T07:50:00.000,I 285,13 and I 285,,Rear End,2,Clear,Wet,Daylight
2021-03-30T14:56:00.000,I 285,13 and I 285,,Sideswipe-Opposite Direction,2,Clear,Dry,Daylight
2021-03-05T15:20:00.000,I 285,13 and I 285,,Sideswipe-Same Direction,2,Clear,Dry,Daylight
2021-06-16T16:42:00.000,I 285,13 and I 285,,Rear End,2,Clear,Dry,Daylight
2021-02-01T18:18:00.000,I 285,13 and I 285,,Rear End,3,Clear,Dry,Dark-Lighted
2021-05-28T15:30:00.000,I 285,13 and I 285,,Sideswipe-Same Direction,2,Clear,Dry,Daylight
2021-01-11T18:34:00.000,I 285,13 and I 285,,Sideswipe-Same Direction,2,Rain,Wet,Dark-Lighted
2021-04-12T22:06:00.000,I 285,13 and I 285,,Not a Collision with Motor Vehicle,1,Clear,Dry,Dark-Not Lighted
2021-04-22T18:30:00.000,I 285,13 and I 285,,Sideswipe-Same Direction,2,Cloudy,Dry,Daylight
2021-03-19T14:16:00.000,I 285,13 and I 285,,Rear End,2,Clear,Dry,Daylight
2021-01-19T06:36:00.000,I 285,13 and I 285,,Rear End,2,Clear,Dry,Dark-Lighted
2021-05-03T13:48:00.000,I 285,13 and I 285,,Rear End,2,Rain,Wet,Daylight
2021-02-05T19:48:00.000,I 285,13 and I 285,,Angle Crash,2,Clear,Dry,Dark-Lighted
2021-12-17T09:39:00.000,I 285,13 and I 285,,Rear End,2,Cloudy,Dry,Daylight
2021-12-11T21:28:00.000,I 285,13 and I 285,,Rear End,2,Rain,Wet,Dark-Not Lighted
2021-08-16T09:52:00.000,I 285,13 and I 285,,Sideswipe-Same Direction,2,Clear,Dry,Daylight
2021-09-23T08:21:00.000,I 285,13 and I 285,,Rear End,2,Clear,Dry,Daylight
2021-08-20T19:22:00.000,I 285,13 and I 285,,Angle Crash,4,Clear,Dry,Daylight
2021-08-21T01:16:00.000,I 285,13 and I 285,,Not a Collision with Motor Vehicle,1,Clear,Dry,Dark-Not Lighted
2021-08-14T12:59:00.000,I 285,13 and I 285,,Rear End,2,Cloudy,Dry,Daylight
2021-09-24T15:43:00.000,I 285,13 and I 285,,Rear End,3,Clear,Dry,Daylight
2021-07-20T12:18:00.000,I 285,13 and I 285,,Rear End,2,Cloudy,Dry,Daylight
2021-09-05T10:47:00.000,I 285,13 and I 285,,Angle Crash,3,Clear,Dry,Daylight
2021-07-24T10:59:00.000,I 285,13 and I 285,,Rear End,2,Clear,Dry,Daylight
2021-11-24T12:49:00.000,I 285,13 and I 285,,Angle Crash,2,Clear,Dry,Daylight
2021-11-20T08:39:00.000,I 285,13 and I 285,,Sideswipe-Same Direction,2,Clear,Dry,Daylight
2021-10-12T16:30:00.000,I 285,13 and I 285,,Rear End,2,Clear,Dry,Daylight
2021-09-07T06:15:00.000,I 285,13 and I 285,,Head On,1,Cloudy,Dry,Dark-Not Lighted
2021-09-05T00:14:00.000,I 285,13 and I 285,,Angle Crash,1,Clear,Dry,Dark-Not Lighted
2021-09-14T08:25:00.000,I 285,13 and I 285,,Sideswipe-Same Direction,2,Clear,Dry,Daylight
2021-10-29T11:53:00.000,I 285,13 and I 285,,Sideswipe-Same Direction,4,Cloudy,Dry,Daylight
2021-07-12T15:10:00.000,I 285,13 and I 285,,Angle Crash,1,Rain,Wet,Daylight
2021-08-30T10:07:00.000,I 285,13 and I 285,,Rear End,2,Clear,Dry,Daylight
2021-11-24T15:41:00.000,I 285,13 and I 285,,Sideswipe-Same Direction,2,Cloudy,Dry,Daylight
2021-10-07T11:49:00.000,I 285,13 and I 285,,Rear End,2,Cloudy,Dry,Daylight
2021-07-14T09:38:00.000,I 285,13 and I 285,,Rear End,2,Clear,Dry,Daylight
2021-08-10T21:48:00.000,I 285,13 and I 285,,Not a Collision with Motor Vehicle,1,Cloudy,Dry,Dark-Not Lighted
2021-08-12T15:20:00.000,I 285,13 and I 285,,Rear End,2,Clear,Dry,Daylight
2021-07-09T17:57:00.000,I 285,13 and I 285,,Angle Crash,2,Clear,Dry,Daylight
2021-09-20T17:40:00.000,I 285,13 and I 285,,Rear End,2,Rain,Wet,Daylight
2021-10-21T16:11:00.000,I 285,13 and I 285,,Sideswipe-Same Direction,2,Clear,Dry,Daylight
2021-09-29T03:00:00.000,I 285,13 and I 285,,Rear End,2,Clear,Dry,Dark-Not Lighted
2021-07-11T14:34:00.000,I 285,13 and I 285,,Rear End,3,Clear,Dry,Daylight
2021-11-17T07:47:00.000,I 285,13 and I 285,,Rear End,2,Clear,Dry,Daylight
2022-01-12T08:20:00.000,I 285,13 and I 285,,Rear End,3,Clear,Dry,Daylight
2022-05-19T07:22:00.000,I 285,13 and I 285,,Angle Crash,2,Clear,Dry,Daylight
2022-12-21T17:49:00.000,I 285,13 and I 285,,Sideswipe-Same Direction,2,Clear,Dry,Dark-Not Lighted
2022-05-23T10:31:00.000,I 285,13 and I 285,,Rear End,2,Cloudy,Wet,Daylight
2022-08-22T21:13:00.000,I 285,13 and I 285,,Sideswipe-Same Direction,2,Clear,Dry,Daylight
2022-12-16T17:25:00.000,I 285,13 and I 285,,Rear End,2,Clear,Dry,Daylight
2021-09-01T07:46:00.000,I 285,13 and I 285,,Sideswipe-Same Direction,2,Cloudy,Wet,Daylight
2021-07-06T08:09:00.000,I 285,13 and I 285,,Rear End,2,Cloudy,Dry,Daylight
2021-10-21T07:25:00.000,I 285,13 and I 285,,Sideswipe-Same Direction,2,Clear,Dry,Dawn
2021-11-21T12:04:00.000,I 285,13 and I 285,,Sideswipe-Same Direction,3,Cloudy,Dry,Daylight
2021-12-11T15:44:00.000,I 285,13 and I 285,,Rear End,2,Rain,Wet,Daylight
2021-08-18T16:03:00.000,I 285,13 and I 285,,Rear End,2,Clear,Dry,Daylight
2021-09-02T08:01:00.000,I 285,13 and I 285,,Angle Crash,2,Cloudy,Dry,Daylight
2021-09-07T16:36:00.000,I 285,13 and I 285,,Rear End,2,Clear,Dry,Daylight
2021-08-09T15:44:00.000,I 285,13 and I 285,,Rear End,3,Clear,Dry,Daylight
2021-11-04T00:23:00.000,I 285,13 and I 285,,Sideswipe-Same Direction,2,Rain,Wet,Dark-Lighted
2021-07-19T13:15:00.000,I 285,13 and I 285,,Rear End,2,Cloudy,Wet,Daylight
2021-08-14T13:11:00.000,I 285,13 and I 285,,Rear End,3,Cloudy,Dry,Daylight
2021-11-14T02:17:00.000,I 285,13 and I 285,,Head On,1,Cloudy,Dry,Dark-Not Lighted
2022-06-06T17:33:00.000,I 285,13 and I 285,,Rear End,2,Clear,Wet,Daylight
2022-10-03T15:30:00.000,I 285,13 and I 285,,Rear End,2,Clear,Dry,Daylight
2022-06-27T21:25:00.000,I 285,13 and I 285,,Angle Crash,2,Clear,Dry,Dark-Not Lighted
2022-02-18T17:55:00.000,I 285,13 and I 285,,Sideswipe-Same Direction,2,Clear,Dry,Daylight