Date and Time,Roadway (From Crash Report),Intersection Name (from Crash Report),KABCO Severity,Manner of Collision (Crash Level) ,# of Vehicles per crash ,Weather Conditions (Crash Level),Surface Condition (Crash Level) ,Light Conditions (Crash Level)
2022-09-08T15:03:00.000,I 285,13 and I 285,,Angle Crash,2,Clear,Dry,Daylight
2022-02-18T19:52:00.000,I 285,13 and I 285,,Sideswipe-Same Direction,2,Clear,Dry,Daylight
2022-05-06T12:21:00.000,I 285,13 and I 285,,Rear End,2,Cloudy,Dry,Daylight
2022-07-27T00:05:00.000,I 285,13 and I 285,,Not a Collision with Motor Vehicle,1,Clear,Dry,Dark-Not Lighted
2022-06-30T17:51:00.000,I 285,13 and I 285,,Rear End,2,Cloudy,Dry,Daylight
2022-04-29T02:30:00.000,I 285,13 and I 285,,Sideswipe-Same Direction,2,Clear,Dry,Dark-Not Lighted
2022-04-08T11:14:00.000,I 285,13 and I 285,,Sideswipe-Same Direction,2,Clear,Dry,Daylight
2022-08-05T15:05:00.000,I 285,13 and I 285,,Rear End,3,Clear,Dry,Daylight
2022-08-27T16:59:00.000,I 285,13 and I 285,,Rear End,2,Cloudy,Dry,Daylight
2022-08-05T13:16:00.000,I 285,13 and I 285,,Rear End,3,Clear,Dry,Daylight
2022-01-18T13:17:00.000,I 285,13 and I 285,,Sideswipe-Same Direction,2,Clear,Dry,Daylight
2022-06-09T02:20:00.000,I 285,13 and I 285,,Not a Collision with Motor Vehicle,1,Cloudy,Wet,Dark-Not Lighted
2022-01-06T18:00:00.000,I 285,13 and I 285,,Rear End,2,Cloudy,Dry,Dark-Not Lighted
2022-02-05T10:25:00.000,I 285,13 and I 285,,Head On,1,Clear,Dry,Daylight
2022-06-01T18:58:00.000,I 285,13 and I 285,,Rear End,2,Clear,Dry,Daylight
2022-04-16T11:40:00.000,I 285,13 and I 285,,Rear End,2,Cloudy,Dry,Daylight
2022-03-09T11:12:00.000,I 285,13 and I 285,,Angle Crash,2,Cloudy,Wet,Daylight
2022-12-31T11:58:00.000,I 285,13 and I 285,,Rear End,2,Rain,Wet,Daylight
2022-02-14T13:40:00.000,I 285,13 and I 285,,Rear End,2,Clear,Dry,Daylight
2022-11-05T21:10:00.000,I 285,13 and I 285,,Sideswipe-Same Direction,2,Clear,Dry,Dark-Not Lighted
2022-05-15T17:57:00.000,I 285,13 and I 285,,Rear End,2,Clear,Dry,Daylight
2022-04-24T12:35:00.000,I 285,13 and I 285,,Rear End,3,Clear,Dry,Daylight
2022-07-25T12:50:00.000,I 285,13 and I 285,,Sideswipe-Same Direction,2,Clear,Dry,Daylight
2022-02-16T14:09:00.000,I 285,13 and I 285,,Angle Crash,2,Clear,Dry,Daylight
2022-08-20T15:29:00.000,I 285,13 and I 285,,Rear End,2,Rain,Wet,Daylight
2022-03-18T19:38:00.000,I 285,13 and I 285,,Rear End,2,Cloudy,Wet,Daylight
2022-10-27T08:15:00.000,I 285,13 and I 285,,Angle Crash,2,Clear,Dry,Daylight
2022-04-29T19:18:00.000,I 285,13 and I 285,,Rear End,3,Clear,Dry,Daylight
2022-03-25T10:30:00.000,I 285,13 and I 285,,Sideswipe-Same Direction,3,Cloudy,Dry,Daylight
2022-09-13T09:10:00.000,I 285,13 and I 285,,Angle Crash,2,Clear,Dry,Daylight
2022-02-10T19:45:00.000,I 285,13 and I 285,,Rear End,4,Clear,Dry,Dark-Not Lighted
2022-08-16T15:14:00.000,I 285,13 and I 285,,Rear End,2,Clear,Dry,Daylight
2022-10-10T03:59:00.000,I 285,13 and I 285,,Sideswipe-Same Direction,2,Clear,Dry,Dark-Not Lighted
2022-06-29T15:30:00.000,I 285,13 and I 285,,Rear End,2,Clear,Dry,Daylight
2022-07-13T16:36:00.000,I 285,13 and I 285,,Rear End,2,Clear,Wet,Daylight
2022-12-05T12:37:00.000,I 285,13 and I 285,,Rear End,2,Cloudy,Wet,Daylight
2022-12-15T07:27:00.000,I 285,13 and I 285,,Angle Crash,2,Clear,Wet,Daylight
2022-03-28T05:35:00.000,I 285,13 and I 285,,Not a Collision with Motor Vehicle,1,Clear,Dry,Dark-Not Lighted
2022-11-28T12:56:00.000,I 285,13 and I 285,,Angle Crash,3,Clear,Dry,Daylight
2022-08-12T23:39:00.000,I 285,13 and I 285,,Sideswipe-Same Direction,2,Clear,Dry,Dark-Lighted
2022-05-31T16:21:00.000,I 285,13 and I 285,,Sideswipe-Same Direction,2,Cloudy,Dry,Daylight
2022-05-08T08:21:00.000,I 285,13 and I 285,,Not a Collision with Motor Vehicle,1,Cloudy,Dry,Daylight
2022-07-16T16:15:00.000,I 285,13 and I 285,,Rear End,3,Clear,Dry,Daylight
2022-10-30T15:40:00.000,I 285,13 and I 285,,Angle Crash,2,Clear,Wet,Daylight
2022-02-01T18:30:00.000,I 285,13 and I 285,,Rear End,2,Clear,Dry,Dark-Not Lighted
2022-10-04T00:04:00.000,I 285,13 and I 285,,Not a Collision with Motor Vehicle,2,Clear,Dry,Dark-Not Lighted
2022-06-30T02:49:00.000,I 285,13 and I 285,,Not a Collision with Motor Vehicle,1,Clear,Wet,Dark-Lighted
2022-03-25T10:43:00.000,I 285,13 and I 285,,Sideswipe-Same Direction,2,Clear,Dry,Daylight
2022-09-06T18:35:00.000,I 285,13 and I 285,,Rear End,2,Clear,Dry,Daylight
2022-12-27T18:02:00.000,I 285,13 and I 285,,Rear End,3,Clear,Dry,Dark-Not Lighted
2022-09-15T20:30:00.000,I 285,13 and I 285,,Not a Collision with Motor Vehicle,1,Clear,Dry,Dark-Not Lighted
2022-04-23T15:19:00.000,I 285,13 and I 285,,Rear End,2,Clear,Dry,Daylight
2021-12-01T18:48:00.000,I 285,13 and I 285,,Sideswipe-Same Direction,2,Clear,Dry,Dark-Not Lighted
2021-09-01T16:24:00.000,I 285,13 and I 285,,Rear End,2,Cloudy,Dry,Daylight
2021-12-07T07:24:00.000,I 285,13 and I 285,,Rear End,2,Clear,Dry,Daylight
2021-11-20T09:25:00.000,I 285,13 and I 285,,Rear End,2,Clear,Dry,Daylight
2021-10-17T02:45:00.000,I 285,13 and I 285,,Not a Collision with Motor Vehicle,1,Clear,Dry,Dark-Not Lighted
2021-08-22T21:33:00.000,I 285,13 and I 285,,Not a Collision with Motor Vehicle,1,Clear,Dry,Dark-Not Lighted
2022-06-09T14:34:00.000,I 285,13 and I 285,,Sideswipe-Same Direction,2,Clear,Dry,Daylight
2022-10-17T09:50:00.000,I 285,13 and I 285,,Rear End,2,Cloudy,Dry,Daylight
2022-02-08T15:48:00.000,I 285,13 and I 285,,Rear End,2,Clear,Dry,Daylight
2022-06-10T13:45:00.000,I 285,13 and I 285,,Rear End,2,Clear,(None),Daylight
2022-02-12T13:36:00.000,I 285,13 and I 285,,Rear End,2,Clear,Dry,Daylight
2022-05-31T15:15:00.000,I 285,13 and I 285,,Angle Crash,2,Clear,Dry,Daylight
2022-02-12T13:30:00.000,I 285,13 and I 285,,Rear End,2,Clear,Dry,Daylight
2022-04-24T11:02:00.000,I 285,13 and I 285,,Rear End,2,Clear,Dry,Daylight
2022-08-30T11:32:00.000,I 285,13 and I 285,,Rear End,2,Clear,Dry,Daylight
2022-10-31T16:04:00.000,I 285,13 and I 285,,Rear End,2,Clear,Dry,Daylight
2022-05-06T14:16:00.000,I 285,13 and I 285,,Sideswipe-Same Direction,2,Clear,Dry,Daylight
2022-03-22T09:30:00.000,I 285,13 and I 285,,Rear End,4,Clear,Dry,Daylight
2022-05-16T18:32:00.000,I 285,13 and I 285,,Rear End,2,Clear,Dry,Daylight
2022-05-11T09:08:00.000,I 285,13 and I 285,,Angle Crash,2,Clear,Dry,Daylight
2022-08-06T19:33:00.000,I 285,13 and I 285,,Rear End,3,Clear,Dry,Daylight
2022-04-16T14:38:00.000,I 285,13 and I 285,,Rear End,2,Clear,Dry,Daylight
2022-08-05T08:27:00.000,I 285,13 and I 285,,Sideswipe-Same Direction,2,Clear,Dry,Daylight
2022-02-22T08:05:00.000,I 285,13 and I 285,,Not a Collision with Motor Vehicle,2,Cloudy,Wet,Daylight
2022-02-17T16:19:00.000,I 285,13 and I 285,,Sideswipe-Same Direction,2,Clear,Dry,Daylight
2022-03-22T13:55:00.000,I 285,13 and I 285,,Rear End,2,Clear,Dry,Daylight
2022-11-10T07:59:00.000,I 285,13 and I 285,,Angle Crash,2,Clear,Dry,Daylight
2022-10-30T15:13:00.000,I 285,13 and I 285,,Rear End,2,Rain,Wet,Daylight
2022-03-22T11:32:00.000,I 285,13 and I 285,,Rear End,3,Clear,Dry,Daylight
2022-08-18T12:05:00.000,I 285,13 and I 285,,Not a Collision with Motor Vehicle,1,Cloudy,Wet,Dark-Not Lighted
2022-04-04T15:30:00.000,I 285,13 and I 285,,Sideswipe-Same Direction,2,Clear,Dry,Daylight
2022-03-09T16:58:00.000,I 285,13 and I 285,,Rear End,2,Cloudy,Dry,Daylight
2022-05-27T14:06:00.000,I 285,13 and I 285,,Rear End,2,Clear,Dry,Daylight
2022-08-31T08:59:00.000,I 285,13 and I 285,,Rear End,3,Clear,Dry,Daylight
2022-11-27T23:18:00.000,I 285,13 and I 285,,Not a Collision with Motor Vehicle,1,Clear,Dry,Dark-Lighted
2022-07-29T14:32:00.000,I 285,13 and I 285,,Rear End,2,Cloudy,Dry,Daylight
2022-05-01T17:10:00.000,I 285,13 and I 285,,Rear End,2,Clear,Dry,Daylight
2022-07-16T17:08:00.000,I 285,13 and I 285,,Angle Crash,2,Clear,Dry,Daylight
2022-06-14T20:35:00.000,I 285,13 and I 285,,Rear End,2,Clear,Dry,Daylight
2022-06-13T11:07:00.000,I 285,13 and I 285,,Rear End,2,Clear,Dry,Daylight
2022-01-14T19:20:00.000,I 285,13 and I 285,,Sideswipe-Same Direction,2,Clear,Dry,Dark-Not Lighted
2022-05-31T02:20:00.000,I 285,13 and I 285,,Not a Collision with Motor Vehicle,1,Clear,Dry,Dark-Not Lighted
2022-06-27T17:00:00.000,I 285,13 and I 285,,Rear End,2,Clear,Dry,Daylight
2022-07-25T05:52:00.000,I 285,13 and I 285,,Not a Collision with Motor Vehicle,1,Clear,Dry,Dawn
2022-05-25T12:55:00.000,I 285,13 and I 285,,Rear End,2,Cloudy,Dry,Daylight
2022-12-08T18:19:00.000,I 285,13 and I 285,,Sideswipe-Same Direction,2,Clear,Dry,Dark-Not Lighted
2022-09-12T04:30:00.000,I 285,13 and I 285,,Not a Collision with Motor Vehicle,1,Cloudy,Wet,Dark-Not Lighted
2022-09-07T14:45:00.000,I 285,13 and I 285,,Sideswipe-Same Direction,2,Clear,Dry,Daylight
2022-02-23T18:16:00.000,I 285,13 and I 285,,Sideswipe-Same Direction,2,Cloudy,Dry,Daylight
2022-02-10T19:45:00.000,I 285,13 and I 285,,Rear End,5,Clear,Dry,Dark-Not Lighted
2022-06-24T10:35:00.000,I 285,13 and I 285,,Rear End,3,Clear,Dry,Daylight
2022-11-17T09:10:00.000,I 285,13 and I 285,,Rear End,2,Clear,Dry,Daylight
2022-11-05T19:12:00.000,I 285,13 and I 285,,Rear End,4,Clear,Dry,Daylight
2022-02-01T19:12:00.000,I 285,13 and I 285,,Rear End,2,Clear,Dry,Daylight
2022-05-10T15:33:00.000,I 285,13 and I 285,,Sideswipe-Same Direction,2,Clear,Dry,Daylight
2022-02-11T19:45:00.000,I 285,13 and I 285,,Sideswipe-Same Direction,2,Clear,Dry,Dark-Not Lighted
2022-09-19T20:25:00.000,I 285,13 and I 285,,Sideswipe-Same Direction,2,Clear,Dry,Dark-Not Lighted
2022-03-30T15:25:00.000,I 285,13 and I 285,,Rear End,2,Clear,Dry,Daylight
2022-03-13T21:30:00.000,I 285,13 and I 285,,Rear End,2,Clear,Dry,Dark-Not Lighted
2022-12-18T03:17:00.000,I 285,13 and I 285,,Not a Collision with Motor Vehicle,1,Clear,Dry,Dark-Not Lighted
2022-11-27T03:08:00.000,I 285,13 and I 285,,Angle Crash,2,Rain,Wet,Dark-Lighted
2022-05-14T20:30:00.000,I 285,13 and I 285,,Sideswipe-Same Direction,2,Clear,Dry,Daylight
2022-03-08T23:44:00.000,I 285,13 and I 285,,Not a Collision with Motor Vehicle,1,Rain,Wet,Dark-Not Lighted
2022-12-03T19:27:00.000,I 285,13 and I 285,,Not a Collision with Motor Vehicle,1,Clear,Wet,Dark-Not Lighted
2022-08-29T17:56:00.000,I 285,13 and I 285,,Angle Crash,2,Clear,Dry,Daylight
2022-03-16T09:42:00.000,I 285,13 and I 285,,Rear End,3,Rain,Wet,Daylight
2022-07-18T19:20:00.000,I 285,13 and I 285,,Rear End,2,Clear,Wet,Daylight
2022-07-21T13:02:00.000,I 285,13 and I 285,,Angle Crash,3,Cloudy,Dry,Daylight
2022-02-24T22:00:00.000,I 285,13 and I 285,,Not a Collision with Motor Vehicle,1,Clear,Dry,Dark-Not Lighted
2022-06-03T12:09:00.000,I 285,13 and I 285,,Sideswipe-Same Direction,2,Clear,Dry,Daylight
2022-09-06T12:00:00.000,I 285,13 and I 285,,Sideswipe-Same Direction,2,Clear,Dry,Daylight
2022-04-30T13:47:00.000,I 285,13 and I 285,,Rear End,2,Clear,Dry,Daylight
2022-09-23T13:03:00.000,I 285,13 and I 285,,Angle Crash,2,Cloudy,Dry,Daylight
2022-04-19T09:07:00.000,I 285,13 and I 285,,Rear End,2,Clear,Dry,Daylight
2022-07-15T08:31:00.000,I 285,13 and I 285,,Rear End,2,Clear,Dry,Daylight
2022-02-25T16:43:00.000,I 285,13 and I 285,,Rear End,3,Clear,Dry,Daylight
2022-01-27T16:58:00.000,I 285,13 and I 285,,Sideswipe-Same Direction,2,Clear,Dry,Daylight
2022-06-16T05:38:00.000,I 285,13 and I 285,,Not a Collision with Motor Vehicle,1,Clear,Dry,Dark-Not Lighted
2022-06-13T02:37:00.000,I 285,13 and I 285,,Not a Collision with Motor Vehicle,1,Clear,Dry,Dark-Not Lighted
2022-06-05T06:09:00.000,I 285,13 and I 285,,Sideswipe-Same Direction,2,Clear,Dry,Daylight
2022-09-15T21:06:00.000,I 285,13 and I 285,,Rear End,2,Clear,Dry,Dark-Lighted
2022-05-16T16:27:00.000,I 285,13 and I 285,,Rear End,2,Clear,Dry,Daylight
2022-08-30T18:06:00.000,I 285,13 and I 285,,Rear End,2,Cloudy,Dry,Daylight
2022-04-22T13:42:00.000,I 285,13 and I 285,,Rear End,2,Clear,Dry,Daylight
2022-02-06T01:45:00.000,I 285,13 and I 285,,Not a Collision with Motor Vehicle,1,Clear,Dry,Dark-Not Lighted
2022-03-22T09:30:00.000,I 285,13 and I 285,,Rear End,2,Clear,Dry,Daylight
2022-03-22T15:32:00.000,I 285,13 and I 285,,Rear End,2,Clear,Dry,Daylight
2022-11-19T20:25:00.000,I 285,13 and I 285,,Not a Collision with Motor Vehicle,1,Clear,Dry,Dark-Not Lighted
2022-03-20T04:30:00.000,I 285,13 and I 285,,Not a Collision with Motor Vehicle,1,Clear,Dry,Dark-Not Lighted
2022-12-22T16:52:00.000,I 285,13 and I 285,,Rear End,3,Cloudy,Dry,Daylight
2022-02-05T11:31:00.000,I 285,13 and I 285,,Rear End,3,Clear,Dry,Daylight
2022-05-26T17:09:00.000,I 285,13 and I 285,,Rear End,2,Cloudy,Wet,Daylight
2022-05-09T13:55:00.000,I 285,13 and I 285,,Sideswipe-Same Direction,2,Clear,Dry,Daylight
2022-05-09T19:23:00.000,I 285,13 and I 285,,Rear End,2,Clear,Dry,Daylight
2022-11-12T01:41:00.000,I 285,13 and I 285,,Not a Collision with Motor Vehicle,1,Cloudy,Wet,Dark-Not Lighted
2022-03-27T16:36:00.000,I 285,13 and I 285,,Rear End,2,Clear,Dry,Daylight
2022-05-22T17:11:00.000,I 285,13 and I 285,,Angle Crash,2,Clear,Dry,Daylight
2022-07-04T14:23:00.000,I 285,13 and I 285,,Angle Crash,2,Clear,Dry,Daylight
2022-06-22T22:09:00.000,I 285,13 and I 285,,Rear End,2,Clear,Dry,Dark-Not Lighted
2022-10-17T17:09:00.000,I 285,13 and I 285,,Angle Crash,3,Clear,Dry,Daylight
2022-06-06T17:55:00.000,I 285,13 and I 285,,Rear End,2,Clear,Wet,Daylight
2022-05-31T15:41:00.000,I 285,13 and I 285,,Rear End,2,Cloudy,Dry,Daylight
2022-02-02T21:20:00.000,I 285,13 and I 285,,Not a Collision with Motor Vehicle,1,Rain,Wet,Dark-Not Lighted
2022-01-12T00:15:00.000,I 285,13 and I 285,,Not a Collision with Motor Vehicle,1,Clear,Dry,Dark-Not Lighted
2022-08-03T14:15:00.000,I 285,13 and I 285,,Sideswipe-Same Direction,2,Cloudy,Dry,Daylight
2022-03-09T16:20:00.000,I 285,13 and I 285,,Angle Crash,2,Clear,Dry,Daylight
2022-01-28T17:50:00.000,I 285,13 and I 285,,Rear End,2,Clear,Dry,Daylight
2022-06-16T05:38:00.000,I 285,13 and I 285,,Not a Collision with Motor Vehicle,1,Clear,Dry,Dark-Not Lighted
2022-05-22T02:06:00.000,I 285,13 and I 285,,Rear End,2,Clear,Dry,Dark-Not Lighted
2022-12-09T07:10:00.000,I 285,13 and I 285,,Rear End,4,Cloudy,Dry,Daylight
2022-09-16T21:44:00.000,I 285,13 and I 285,,Sideswipe-Same Direction,2,Clear,Dry,Dark-Lighted
2022-04-17T13:45:00.000,I 285,13 and I 285,,Rear End,2,Clear,Dry,Daylight
2022-10-19T15:30:00.000,I 285,13 and I 285,,Angle Crash,2,Clear,Dry,Daylight
2022-10-17T15:18:00.000,I 285,13 and I 285,,Rear End,2,Clear,Dry,Daylight
2022-04-20T09:28:00.000,I 285,13 and I 285,,Rear End,2,Clear,Dry,Dusk
2023-09-07T11:09:00.000,I 285,13 and I 285,,Rear End,2,Clear,Dry,Daylight
2023-11-29T09:00:00.000,I 285,13 and I 285,,Angle Crash,2,Clear,Dry,Daylight
2023-06-21T17:00:00.000,I 285,13 and I 285,,Rear End,2,Clear,Dry,Daylight
2023-01-07T16:50:00.000,I 285,13 and I 285,,Angle Crash,2,Clear,Dry,Daylight
2023-01-18T07:33:00.000,I 285,13 and I 285,,Rear End,3,Fog,Wet,Daylight
2023-12-10T13:28:00.000,I 285,13 and I 285,,Rear End,2,Rain,Wet,Daylight
2023-04-20T16:48:00.000,I 285,13 and I 285,,Rear End,2,Clear,Dry,Daylight
2023-02-10T13:06:00.000,I 285,13 and I 285,,Rear End,2,Clear,Dry,Daylight
2023-08-22T14:41:00.000,I 285,13 and I 285,,Sideswipe-Same Direction,2,Cloudy,Dry,Daylight
2023-04-29T18:00:00.000,I 285,13 and I 285,,Rear End,2,Clear,Dry,Daylight
2024-01-31T14:30:00.000,I 285,13 and I 285,,Rear End,3,Cloudy,Dry,Daylight
2024-01-03T17:00:00.000,I 285,13 and I 285,,Angle Crash,2,Cloudy,Dry,Daylight
2024-02-11T20:14:00.000,I 285,13 and I 285,,Not a Collision with Motor Vehicle,1,Rain,Wet,Dark-Not Lighted
2024-02-01T19:17:00.000,I 285,13 and I 285,,Rear End,2,Clear,Dry,Dark-Not Lighted
2024-02-21T12:24:00.000,I 285,13 and I 285,,Not a Collision with Motor Vehicle,1,Clear,Dry,Daylight
2024-06-01T00:31:00.000,I 285,13 and I 285,,Sideswipe-Same Direction,1,Clear,Dry,Dark-Not Lighted
2024-04-21T13:26:00.000,I 285,13 and I 285,,Rear End,3,Rain,Wet,Daylight
2024-01-27T00:58:00.000,I 285,13 and I 285,,Not a Collision with Motor Vehicle,1,Clear,Dry,Dark-Not Lighted
2024-11-16T10:41:00.000,I 285,13 and I 285,,Rear End,2,Clear,Dry,Daylight
2024-04-19T09:55:00.000,I 285,13 and I 285,,Rear End,2,Cloudy,Dry,Daylight
2024-03-18T09:28:00.000,I 285,13 and I 285,,Sideswipe-Same Direction,2,Clear,Dry,Daylight
2024-03-17T02:09:00.000,I 285,13 and I 285,,Not a Collision with Motor Vehicle,1,Clear,Dry,Dark-Not Lighted
2024-02-05T07:05:00.000,I 285,13 and I 285,,Angle Crash,1,Rain,Wet,Daylight
2024-12-12T18:07:00.000,I 285,13 and I 285,,Sideswipe-Same Direction,2,Clear,Dry,Dark-Not Lighted
2024-05-04T15:39:00.000,I 285,13 and I 285,,Not a Collision with Motor Vehicle,1,Clear,Dry,Daylight
2024-12-10T10:54:00.000,I 285,13 and I 285,,Rear End,2,Rain,Wet,Daylight
2024-06-07T23:15:00.000,I 285,13 and I 285,,Head On,1,Clear,Dry,Dark-Not Lighted
2024-05-23T11:22:00.000,I 285,13 and I 285,,Angle Crash,3,Clear,Dry,Daylight
2023-03-09T19:36:00.000,I 285,13 and I 285,,Rear End,4,Clear,Dry,Dark-Lighted
2023-11-07T19:25:00.000,I 285,13 and I 285,,Sideswipe-Same Direction,2,Clear,Dry,Dark-Not Lighted
2023-05-21T14:25:00.000,I 285,13 and I 285,,Sideswipe-Same Direction,2,Cloudy,Dry,Daylight
2023-09-21T08:56:00.000,I 285,13 and I 285,,Rear End,2,Clear,Dry,Daylight
2023-04-28T20:59:00.000,I 285,13 and I 285,,Rear End,3,Clear,Dry,Dark-Lighted
2023-09-14T18:43:00.000,I 285,13 and I 285,,Angle Crash,2,Clear,Dry,Daylight
2024-02-12T09:33:00.000,I 285,13 and I 285,,Rear End,2,Rain,Wet,Daylight
2024-06-15T22:07:00.000,I 285,13 and I 285,,Rear End,2,Clear,Dry,Daylight
2024-01-19T11:31:00.000,I 285,13 and I 285,,Sideswipe-Same Direction,2,Clear,Dry,Daylight
2024-01-26T04:09:00.000,I 285,13 and I 285,,Not a Collision with Motor Vehicle,1,Clear,Wet,Dark-Not Lighted
2023-01-18T18:40:00.000,I 285,13 and I 285,,Rear End,3,Rain,Wet,Dark-Not Lighted
2023-01-12T10:15:00.000,I 285,13 and I 285,,Sideswipe-Same Direction,2,Cloudy,Dry,Daylight
2023-05-30T04:00:00.000,I 285,13 and I 285,,Head On,1,Cloudy,Dry,Dark-Lighted
2023-03-17T16:15:00.000,I 285,13 and I 285,,Sideswipe-Same Direction,2,Rain,Wet,Daylight
2023-01-11T07:00:00.000,I 285,13 and I 285,,Sideswipe-Same Direction,2,Clear,Dry,Daylight
2023-06-14T17:45:00.000,I 285,13 and I 285,,Sideswipe-Same Direction,2,Clear,Wet,Daylight
2023-02-05T00:34:00.000,I 285,13 and I 285,,Not a Collision with Motor Vehicle,1,Clear,Wet,Dark-Lighted
2023-03-29T15:34:00.000,I 285,13 and I 285,,Sideswipe-Same Direction,2,Clear,Dry,Daylight
2023-06-16T22:00:00.000,I 285,13 and I 285,,Not a Collision with Motor Vehicle,1,Clear,Dry,Dark-Not Lighted
2023-07-11T13:55:00.000,I 285,13 and I 285,,Angle Crash,2,Clear,Dry,Daylight
2023-08-20T12:20:00.000,I 285,13 and I 285,,Sideswipe-Same Direction,2,Clear,Dry,Daylight
2023-11-16T13:50:00.000,I 285,13 and I 285,,Rear End,2,Clear,Dry,Daylight
2023-01-14T00:04:00.000,I 285,13 and I 285,,Sideswipe-Same Direction,1,Clear,Dry,Dark-Not Lighted
2023-08-03T13:02:00.000,I 285,13 and I 285,,Angle Crash,2,Clear,Dry,Daylight
2023-07-16T00:05:00.000,I 285,13 and I 285,,Not a Collision with Motor Vehicle,1,Clear,Dry,Dark-Not Lighted
2023-12-05T10:38:00.000,I 285,13 and I 285,,Sideswipe-Same Direction,2,Clear,Dry,Daylight
2023-03-09T15:42:00.000,I 285,13 and I 285,,Angle Crash,2,Cloudy,Dry,Daylight
2023-03-15T03:41:00.000,I 285,13 and I 285,,Not a Collision with Motor Vehicle,1,Clear,Dry,Dark-Not Lighted
2023-12-21T05:55:00.000,I 285,13 and I 285,,Angle Crash,3,Clear,Dry,Dark-Lighted
2023-08-17T09:58:00.000,I 285,13 and I 285,,Rear End,2,Clear,Dry,Daylight
2023-08-02T15:05:00.000,I 285,13 and I 285,,Not a Collision with Motor Vehicle,1,Clear,Dry,Daylight
2023-12-03T10:20:00.000,I 285,13 and I 285,,Angle Crash,2,Cloudy,Dry,Daylight
2023-01-14T20:00:00.000,I 285,13 and I 285,,Sideswipe-Same Direction,2,Clear,Dry,Dark-Lighted
2023-11-09T06:10:00.000,I 285,13 and I 285,,Not a Collision with Motor Vehicle,1,Clear,Dry,Dark-Not Lighted
2023-01-26T06:20:00.000,I 285,13 and I 285,,Not a Collision with Motor Vehicle,1,Clear,Dry,Dark-Lighted
2023-02-07T20:18:00.000,I 285,13 and I 285,,Angle Crash,2,Clear,Dry,Dark-Lighted
2023-11-08T16:00:00.000,I 285,13 and I 285,,Rear End,2,Clear,Dry,Daylight
2023-03-03T03:15:00.000,I 285,13 and I 285,,Angle Crash,2,Rain,Wet,Dark-Not Lighted
2023-04-01T19:12:00.000,I 285,13 and I 285,,Rear End,3,Clear,Dry,Daylight
2023-07-22T06:43:00.000,I 285,13 and I 285,,Not a Collision with Motor Vehicle,1,Rain,Wet,Dark-Not Lighted
2023-01-20T09:30:00.000,I 285,13 and I 285,,Sideswipe-Same Direction,2,Clear,Dry,Daylight
2023-02-21T15:18:00.000,I 285,13 and I 285,,Sideswipe-Same Direction,2,Cloudy,Wet,Daylight
2023-12-10T13:47:00.000,I 285,13 and I 285,,Angle Crash,2,Clear,Wet,Daylight
2023-09-14T16:28:00.000,I 285,13 and I 285,,Angle Crash,2,Rain,Wet,Daylight
2023-01-30T01:57:00.000,I 285,13 and I 285,,Not a Collision with Motor Vehicle,1,Rain,Wet,Dark-Not Lighted
2023-06-13T09:14:00.000,I 285,13 and I 285,,Sideswipe-Same Direction,2,Clear,Dry,Daylight
2023-01-17T18:36:00.000,I 285,13 and I 285,,Rear End,2,Clear,Dry,Dark-Lighted
2023-05-20T23:54:00.000,I 285,13 and I 285,,Not a Collision with Motor Vehicle,1,Clear,Wet,Dark-Not Lighted
2023-02-14T22:45:00.000,I 285,13 and I 285,,Not a Collision with Motor Vehicle,1,Cloudy,Dry,Dark-Not Lighted
2023-12-16T19:15:00.000,I 285,13 and I 285,,Rear End,2,Rain,Wet,Dark-Not Lighted
2023-02-26T04:30:00.000,I 285,13 and I 285,,Not a Collision with Motor Vehicle,1,Cloudy,Dry,Dark-Not Lighted
2023-01-01T19:32:00.000,I 285,13 and I 285,,Not a Collision with Motor Vehicle,1,Clear,Dry,Dark-Not Lighted
2023-12-12T09:19:00.000,I 285,13 and I 285,,Rear End,2,Cloudy,Dry,Dark-Lighted
2023-01-25T12:30:00.000,I 285,13 and I 285,,Sideswipe-Same Direction,2,Cloudy,Dry,Daylight
2023-05-23T16:33:00.000,I 285,13 and I 285,,Rear End,2,Cloudy,Dry,Daylight
2023-02-22T09:00:00.000,I 285,13 and I 285,,Sideswipe-Same Direction,2,Cloudy,Dry,Daylight
2023-02-05T00:31:00.000,I 285,13 and I 285,,Not a Collision with Motor Vehicle,1,Cloudy,Wet,Dark-Not Lighted
2023-01-02T14:57:00.000,I 285,13 and I 285,,Rear End,2,Clear,Wet,Daylight