Date and Time,Roadway (From Crash Report),Intersection Name (from Crash Report),KABCO Severity,Manner of Collision (Crash Level) ,# of Vehicles per crash ,Weather Conditions (Crash Level),Surface Condition (Crash Level) ,Light Conditions (Crash Level)
2023-03-10T13:53:00.000,I 285,13 and I 285,,Rear End,3,Clear,Dry,Daylight
2023-12-21T19:10:00.000,I 285,13 and I 285,,Angle Crash,2,Clear,Dry,Dark-Not Lighted
2023-01-12T22:57:00.000,I 285,13 and I 285,,Not a Collision with Motor Vehicle,1,Cloudy,Wet,Dark-Not Lighted
2023-10-25T09:32:00.000,I 285,13 and I 285,,Sideswipe-Same Direction,2,Clear,Dry,Daylight
2023-05-27T00:12:00.000,I 285,13 and I 285,,Not a Collision with Motor Vehicle,1,Clear,Dry,Dark-Not Lighted
2023-03-17T00:39:00.000,I 285,13 and I 285,,Not a Collision with Motor Vehicle,1,Clear,Dry,Dark-Not Lighted
2023-11-18T14:21:00.000,I 285,13 and I 285,,Angle Crash,2,Clear,Dry,Daylight
2023-02-11T13:53:00.000,I 285,13 and I 285,,Rear End,2,Rain,Wet,Daylight
2023-05-16T18:00:00.000,I 285,13 and I 285,,Not a Collision with Motor Vehicle,1,Clear,Dry,Daylight
2023-06-29T22:00:00.000,I 285,13 and I 285,,Not a Collision with Motor Vehicle,1,Clear,Dry,Dark-Not Lighted
2023-05-26T15:42:00.000,I 285,13 and I 285,,Rear End,3,Clear,Dry,Daylight
2023-04-27T17:00:00.000,I 285,13 and I 285,,Rear End,2,Cloudy,Wet,Daylight
2023-07-01T15:24:00.000,I 285,13 and I 285,,Rear End,2,Clear,Dry,Daylight
2023-10-23T18:06:00.000,I 285,13 and I 285,,Rear End,3,Cloudy,Dry,Daylight
2023-06-27T17:36:00.000,I 285,13 and I 285,,Sideswipe-Same Direction,2,Clear,Dry,Daylight
2023-06-17T07:37:00.000,I 285,13 and I 285,,Angle Crash,3,Clear,Dry,Daylight
2023-03-16T21:10:00.000,I 285,13 and I 285,,Angle Crash,2,Clear,Dry,Dusk
2023-04-02T17:36:00.000,I 285,13 and I 285,,Rear End,3,Cloudy,Dry,Daylight
2023-01-27T21:27:00.000,I 285,13 and I 285,,Sideswipe-Same Direction,1,Clear,Dry,Dark-Not Lighted
2023-04-26T15:04:00.000,I 285,13 and I 285,,Sideswipe-Same Direction,2,Cloudy,Wet,Daylight
2023-11-07T22:44:00.000,I 285,13 and I 285,,Head On,1,Clear,Dry,Dark-Not Lighted
2023-08-15T15:41:00.000,I 285,13 and I 285,,Sideswipe-Same Direction,2,Clear,Dry,Daylight
2023-05-01T23:28:00.000,I 285,13 and I 285,,Angle Crash,2,Clear,Dry,Dark-Not Lighted
2024-01-23T02:00:00.000,I 285,13 and I 285,,Not a Collision with Motor Vehicle,1,Clear,Dry,Dark-Not Lighted
2024-06-16T22:32:00.000,I 285,13 and I 285,,Not a Collision with Motor Vehicle,1,Clear,Dry,Dark-Not Lighted
2024-06-19T16:02:00.000,I 285,13 and I 285,,Angle Crash,2,Cloudy,Dry,Daylight
2024-11-17T16:53:00.000,I 285,13 and I 285,,Not a Collision with Motor Vehicle,1,Clear,Dry,Daylight
2024-10-23T13:38:00.000,I 285,13 and I 285,,Angle Crash,2,Clear,Dry,Daylight
2024-04-25T22:42:00.000,I 285,13 and I 285,,Angle Crash,2,Clear,Dry,Dark-Lighted
2024-06-02T10:40:00.000,I 285,13 and I 285,,Rear End,2,Cloudy,Dry,Daylight
2024-04-12T13:07:00.000,I 285,13 and I 285,,Sideswipe-Same Direction,2,Clear,Dry,Daylight
2024-04-21T13:37:00.000,I 285,13 and I 285,,Rear End,2,Rain,Wet,Daylight
2024-05-11T22:10:00.000,I 285,13 and I 285,,Not a Collision with Motor Vehicle,1,Clear,Dry,Dark-Not Lighted
2024-07-02T10:11:00.000,I 285,13 and I 285,,Not a Collision with Motor Vehicle,1,Clear,Dry,Daylight
2024-11-20T12:58:00.000,I 285,13 and I 285,,Rear End,2,Clear,Dry,Daylight
2024-03-10T15:03:00.000,I 285,13 and I 285,,Sideswipe-Same Direction,2,Clear,Dry,Daylight
2024-03-08T12:42:00.000,I 285,13 and I 285,,Sideswipe-Same Direction,2,Cloudy,Dry,Daylight
2024-02-13T08:45:00.000,I 285,13 and I 285,,Rear End,2,Clear,Dry,Daylight
2024-05-29T14:50:00.000,I 285,13 and I 285,,Rear End,2,Clear,Dry,Daylight
2024-01-31T23:40:00.000,I 285,13 and I 285,,Not a Collision with Motor Vehicle,1,Cloudy,Dry,Dark-Not Lighted
2024-01-03T08:01:00.000,I 285,13 and I 285,,Angle Crash,2,Cloudy,Dry,Daylight
2024-04-29T11:19:00.000,I 285,13 and I 285,,Rear End,3,Cloudy,Dry,Daylight
2024-03-19T17:35:00.000,I 285,13 and I 285,,Rear End,2,Clear,Dry,Daylight
2024-03-18T16:20:00.000,I 285,13 and I 285,,Angle Crash,2,Clear,Dry,Daylight
2024-02-15T20:50:00.000,I 285,13 and I 285,,Sideswipe-Same Direction,2,Cloudy,Dry,Dark-Not Lighted
2024-03-03T16:44:00.000,I 285,13 and I 285,,Not a Collision with Motor Vehicle,1,Clear,Dry,Daylight
2024-02-19T20:40:00.000,I 285,13 and I 285,,Sideswipe-Same Direction,2,Cloudy,Dry,Dark-Lighted
2024-03-03T21:07:00.000,I 285,13 and I 285,,Head On,1,Clear,Dry,Dark-Not Lighted
2024-02-15T10:09:00.000,I 285,13 and I 285,,Rear End,4,Clear,Dry,Daylight
2024-11-16T10:41:00.000,I 285,13 and I 285,,Rear End,3,Clear,Dry,Daylight
2024-04-16T21:30:00.000,I 285,13 and I 285,,Rear End,2,Clear,Dry,Dark-Not Lighted
2024-04-08T02:18:00.000,I 285,13 and I 285,,Not a Collision with Motor Vehicle,1,Cloudy,Dry,Dark-Not Lighted
2024-04-16T10:16:00.000,I 285,13 and I 285,,Not a Collision with Motor Vehicle,1,Cloudy,Dry,Daylight
2024-05-25T02:14:00.000,I 285,13 and I 285,,Not a Collision with Motor Vehicle,1,Cloudy,Dry,Dark-Not Lighted
2024-05-27T04:08:00.000,I 285,13 and I 285,,Not a Collision with Motor Vehicle,1,Clear,Dry,Dark-Not Lighted
2024-01-10T17:41:00.000,I 285,13 and I 285,,Rear End,2,Clear,Dry,Dark-Lighted
2024-01-01T01:18:00.000,I 285,13 and I 285,,Not a Collision with Motor Vehicle,1,Clear,Dry,Dark-Not Lighted
2024-02-23T10:10:00.000,I 285,13 and I 285,,Sideswipe-Same Direction,2,Cloudy,Dry,Daylight
2024-01-07T18:40:00.000,I 285,13 and I 285,,Rear End,2,Clear,Dry,Dark-Not Lighted
2024-01-12T22:22:00.000,I 285,13 and I 285,,Rear End,2,Cloudy,Wet,Dark-Not Lighted
2024-02-14T07:47:00.000,I 285,13 and I 285,,Sideswipe-Same Direction,2,Clear,Dry,Daylight
2024-03-29T13:30:00.000,I 285,13 and I 285,,Sideswipe-Same Direction,2,Clear,Dry,Daylight
2024-05-30T15:36:00.000,I 285,13 and I 285,,Rear End,2,Clear,Dry,Daylight
2024-01-19T18:33:00.000,I 285,13 and I 285,,Rear End,2,Cloudy,Wet,Dark-Not Lighted
2024-06-17T21:40:00.000,I 285,13 and I 285,,Rear End,2,Clear,Dry,Dark-Not Lighted
2024-12-07T16:00:00.000,I 285,13 and I 285,,Angle Crash,2,Clear,Dry,Daylight
2024-01-30T16:34:00.000,I 285,13 and I 285,,Rear End,2,Clear,Dry,Daylight
2024-02-25T13:48:00.000,I 285,13 and I 285,,Rear End,2,Cloudy,Dry,Daylight
2024-03-14T14:04:00.000,I 285,13 and I 285,,Rear End,2,Cloudy,Dry,Daylight
2024-10-19T13:44:00.000,I 285,13 and I 285,,Rear End,4,Clear,Dry,Daylight
2024-02-12T22:46:00.000,I 285,13 and I 285,,Not a Collision with Motor Vehicle,1,Cloudy,Wet,Dark-Not Lighted
2024-05-06T00:07:00.000,I 285,13 and I 285,,Not a Collision with Motor Vehicle,1,Clear,Dry,Dark-Not Lighted
2024-08-02T06:44:00.000,I 285,13 and I 285,,Sideswipe-Same Direction,2,Clear,Dry,Daylight
2024-03-09T20:05:00.000,I 285,13 and I 285,,Sideswipe-Same Direction,2,Clear,Dry,Dark-Not Lighted
2024-03-17T16:22:00.000,I 285,13 and I 285,,Rear End,2,Clear,Dry,Daylight
2024-04-22T06:33:00.000,I 285,13 and I 285,,Not a Collision with Motor Vehicle,1,Clear,Dry,Dawn
2024-01-01T09:39:00.000,I 285,13 and I 285,,Not a Collision with Motor Vehicle,1,Clear,Dry,Daylight
2024-04-24T12:45:00.000,I 285,13 and I 285,,Sideswipe-Same Direction,2,Clear,Dry,Daylight
2024-05-01T13:33:00.000,I 285,13 and I 285,,Sideswipe-Same Direction,2,Clear,Dry,Daylight
2024-03-23T06:20:00.000,I 285,13 and I 285,,Not a Collision with Motor Vehicle,1,Cloudy,Wet,Dark-Not Lighted
2024-04-20T05:41:00.000,I 285,13 and I 285,,Not a Collision with Motor Vehicle,1,Clear,Dry,Dark-Not Lighted
2024-06-11T17:39:00.000,I 285,13 and I 285,,Rear End,2,Clear,Dry,Daylight
2024-01-11T15:15:00.000,I 285,13 and I 285,,Rear End,2,Clear,Dry,Daylight
2024-03-11T14:03:00.000,I 285,13 and I 285,,Angle Crash,2,Clear,Dry,Daylight
2024-04-22T12:10:00.000,I 285,13 and I 285,,Rear End,2,Clear,Dry,Daylight
2024-03-09T12:44:00.000,I 285,13 and I 285,,Rear End,2,Cloudy,Wet,Daylight
2024-06-01T00:25:00.000,I 285,13 and I 285,,Sideswipe-Same Direction,2,Clear,Dry,Dark-Not Lighted
2024-08-04T23:37:00.000,I 285,13 and I 285,,Not a Collision with Motor Vehicle,1,Clear,Dry,Dark-Not Lighted
2024-03-01T14:10:00.000,I 285,13 and I 285,,Rear End,2,Rain,Wet,Daylight
2024-02-06T20:00:00.000,I 285,13 and I 285,,Rear End,3,Cloudy,Dry,Dark-Not Lighted
2024-01-23T22:09:00.000,I 285,13 and I 285,,Not a Collision with Motor Vehicle,1,Clear,Dry,Dark-Lighted
2024-04-12T09:49:00.000,I 285,13 and I 285,,Sideswipe-Same Direction,3,Clear,Dry,Daylight
2024-04-24T14:07:00.000,I 285,13 and I 285,,Rear End,3,Clear,Dry,Daylight
2024-02-10T14:15:00.000,I 285,13 and I 285,,Rear End,4,Cloudy,Dry,Daylight
2024-04-27T23:44:00.000,I 285,13 and I 285,,Not a Collision with Motor Vehicle,1,Clear,Dry,Dark-Not Lighted
2021-04-17T18:00:00.000,I 85,129 and I 85,,Rear End,2,Clear,Dry,Daylight
2021-07-30T16:58:00.000,I 85,129 and I 85,,Rear End,2,Clear,Dry,Daylight
2023-05-09T06:30:00.000,I 85,129 and I 85,,Sideswipe-Same Direction,2,Clear,Dry,Daylight
2023-02-14T10:31:00.000,I 85,129 and I 85,,Sideswipe-Same Direction,2,Clear,Dry,Daylight
2021-10-21T07:03:00.000,I 85,129 and I 85,,Rear End,2,Clear,Dry,Dark-Not Lighted
2022-08-10T15:13:00.000,I 85,129 and I 85,,Rear End,2,Rain,Wet,Daylight
2022-07-26T07:15:00.000,I 85,129 and I 85,,Sideswipe-Same Direction,2,Clear,Dry,Daylight
2022-11-27T15:53:00.000,I 85,129 and I 85,,Rear End,2,Clear,Dry,Daylight
2022-12-28T10:00:00.000,I 85,129 and I 85,,Sideswipe-Same Direction,2,Clear,Dry,Daylight
2022-11-13T17:00:00.000,I 85,129 and I 85,,Rear End,2,Clear,Dry,Daylight
2022-08-25T06:18:00.000,I 85,129 and I 85,,Rear End,2,Rain,Wet,Dark-Not Lighted
2024-10-31T15:06:00.000,I 85,129 and I 85,,Sideswipe-Same Direction,2,Clear,Dry,Daylight
2024-03-12T18:00:00.000,I 85,129 and I 85,,Not a Collision with Motor Vehicle,1,Clear,Dry,Daylight
2023-10-27T09:09:00.000,I 85,129 and I 85,,Rear End,2,Clear,Dry,Daylight
2023-02-20T05:32:00.000,I 85,129 and I 85,,Sideswipe-Same Direction,2,Clear,Dry,Dawn
2023-03-27T10:25:00.000,I 85,129 and I 85,,Sideswipe-Same Direction,2,Clear,Wet,Daylight
2024-01-19T15:52:00.000,I 85,129 and I 85,,Sideswipe-Same Direction,2,Clear,Dry,Daylight
2024-10-25T18:04:00.000,I 85,129 and I 85,,Sideswipe-Same Direction,1,Clear,Dry,Daylight
2024-03-12T10:00:00.000,I 85,129 and I 85,,Rear End,2,Clear,Dry,Daylight
2024-05-21T08:52:00.000,I 85,129 and I 85,,Rear End,2,Clear,Dry,Daylight
2024-04-18T22:15:00.000,I 85,129 and I 85,,Not a Collision with Motor Vehicle,2,Clear,Dry,Dark-Not Lighted
2021-01-23T11:54:00.000,I 285,1285 and I 285,,Angle Crash,2,Clear,Dry,Daylight
2022-09-10T22:37:00.000,I 285,1285 and I 285,,Sideswipe-Same Direction,2,Clear,Dry,Dark-Not Lighted
2023-06-23T21:38:00.000,I 75,122 and I 75,,Rear End,5,Cloudy,Wet,Dark-Not Lighted
2024-05-22T01:12:00.000,I 75,122 and I 75,,Not a Collision with Motor Vehicle,1,Clear,Dry,Dark-Not Lighted
2024-05-04T18:29:00.000,I 75,122 and I 75,,Rear End,2,Rain,Wet,Daylight
2022-10-25T17:41:00.000,I 285,120 and I 285,,Rear End,2,Clear,Dry,Daylight
2021-11-23T12:40:00.000,I 285,12.8 and I 285,,Rear End,3,Cloudy,Dry,Daylight
2024-11-22T18:09:00.000,I 20,12 and I 20,,Rear End,2,Clear,Dry,Dark-Not Lighted
2024-11-03T19:18:00.000,I 20,12 and I 20,,(None),1,(None),(None),(None)
2024-08-28T22:56:00.000,I 75,113 and I 75,,Sideswipe-Same Direction,2,Clear,Dry,Dark-Not Lighted
2024-06-10T15:38:00.000,I 20,113 and I 20,,Angle Crash,2,Clear,Dry,Daylight
2024-10-20T01:53:00.000,I 75,112 and I 75,,Not a Collision with Motor Vehicle,1,Clear,Dry,Dark-Not Lighted
2023-07-12T11:15:00.000,I 16,112 and I 16,,Not a Collision with Motor Vehicle,1,Clear,Dry,Daylight
2023-03-10T16:12:00.000,I 20,11 and I 20,,Sideswipe-Same Direction,2,Cloudy,Dry,Daylight
2020-10-05T14:05:00.000,I 85,10Th and I 85,,Rear End,2,Clear,Dry,Daylight
2020-08-13T14:10:00.000,I 85,10Th and I 85,,Rear End,3,Clear,Dry,Daylight
2020-08-24T09:11:00.000,I 85,10Th and I 85,,Sideswipe-Same Direction,4,Rain,Wet,Daylight
2020-01-22T08:22:00.000,I 85,10Th and I 85,,Rear End,5,Clear,Dry,Daylight
2020-02-25T06:14:00.000,I 85,10Th and I 85,,Rear End,2,Cloudy,Wet,Dark-Lighted
2020-02-24T08:35:00.000,I 85,10Th and I 85,,Rear End,2,Rain,Wet,Daylight
2020-01-29T09:10:00.000,I 85,10Th and I 85,,Sideswipe-Same Direction,2,Cloudy,Dry,Daylight
2020-06-26T11:31:00.000,I 85,10Th and I 85,,Sideswipe-Same Direction,2,Clear,Dry,Daylight
2020-02-25T06:14:00.000,I 85,10Th and I 85,,Rear End,3,Cloudy,Wet,Dark-Lighted
2020-09-22T15:56:00.000,I 85,10Th and I 85,,Rear End,2,Clear,Dry,Daylight
2020-01-10T14:30:00.000,I 75,10Th and I 75,,Rear End,2,Cloudy,Dry,Daylight
2021-08-26T12:15:00.000,I 75,10Th and I 75,,Rear End,2,Clear,Dry,Daylight
2022-09-22T15:35:00.000,I 75,10Th and I 75,,Rear End,2,Clear,Dry,Daylight
2022-03-10T09:10:00.000,I 75,10Th and I 75,,Rear End,2,Clear,Dry,Daylight
2024-05-13T12:09:00.000,I 75,10Th and I 75,,Rear End,2,Clear,Dry,Daylight
2023-12-04T14:58:00.000,I 285,10B and I 285,,Rear End,2,Clear,Dry,Daylight
2022-07-01T11:20:00.000,I 95,109 and I 95,,Rear End,3,Rain,Wet,Daylight
2024-08-10T18:40:00.000,I 85,109 and I 85,,Sideswipe-Same Direction,2,Clear,Dry,Daylight
2020-03-08T14:39:00.000,I 95,106 and I 95,,Not a Collision with Motor Vehicle,1,Clear,Dry,Daylight
2023-01-05T16:58:00.000,I 95,105 and I 95,,Rear End,3,Clear,Dry,Daylight
2020-06-13T22:10:00.000,I 16,105 and I 16,,Not a Collision with Motor Vehicle,2,Clear,Dry,Dark-Not Lighted
2022-11-23T18:48:00.000,I 95,102 and I 95,,Rear End,2,Clear,Dry,Dark-Not Lighted
2023-08-31T15:36:00.000,I 75,102 and I 75,,Sideswipe-Same Direction,3,Clear,Dry,Daylight
2024-08-14T13:45:00.000,I 20,100 and I 20,,Rear End,4,Clear,Dry,Daylight
2024-01-29T11:32:00.000,I 16,1-95 and I 16,,Sideswipe-Same Direction,2,Clear,Dry,Daylight
2021-02-10T05:55:00.000,I 16,1-95 and I 16,,Rear End,3,Rain,Wet,Dusk
2021-03-07T04:04:00.000,I 16,1-95 and I 16,,Not a Collision with Motor Vehicle,1,Clear,Dry,Dark-Not Lighted
2021-02-05T07:27:00.000,I 16,1-95 and I 16,,Not a Collision with Motor Vehicle,1,Cloudy,Wet,Daylight
2021-10-25T06:57:00.000,I 16,1-95 and I 16,,Rear End,2,Rain,Wet,Dark-Not Lighted
2021-08-26T08:39:00.000,I 16,1-95 and I 16,,Rear End,3,Clear,Dry,Daylight
2024-11-04T10:00:00.000,I 285,1-20 and I 285,,Sideswipe-Same Direction,2,Clear,Dry,Daylight
2023-06-10T13:30:00.000,I 95,1-16 and I 95,,Sideswipe-Same Direction,2,Clear,Dry,Daylight
2020-10-27T21:12:00.000,I 95,1-16 and I 95,,Sideswipe-Same Direction,2,Clear,Dry,Dark-Not Lighted
2020-12-16T19:05:00.000,I 95,1-16 and I 95,,Sideswipe-Same Direction,2,Rain,Wet,(None)
2021-10-26T17:57:00.000,I 95,1-16 and I 95,,Sideswipe-Same Direction,2,Clear,Dry,Daylight
2022-08-27T21:48:00.000,I 95,1-16 and I 95,,Not a Collision with Motor Vehicle,1,Cloudy,Wet,Dark-Not Lighted
2022-03-04T05:39:00.000,I 95,1-16 and I 95,,Rear End,2,Clear,Dry,Dark-Not Lighted
2023-07-23T22:40:00.000,I 95,1-16 and I 95,,Not a Collision with Motor Vehicle,1,Cloudy,Wet,Dark-Not Lighted
2024-08-08T19:05:00.000,I 95,1-16 and I 95,,Head On,1,Clear,Dry,Daylight
2024-03-29T15:40:00.000,I 95,1-16 and I 95,,Sideswipe-Same Direction,2,Clear,Dry,Daylight
2023-02-06T07:25:00.000,I 75,1-16 and I 75,,Sideswipe-Same Direction,2,Clear,Dry,Dawn
2023-11-01T10:14:00.000,I 285,1 85 and I 285,,Sideswipe-Same Direction,2,Clear,Dry,Daylight
2021-10-27T15:45:00.000,I 75,1 75 and I 75,,Rear End,2,Clear,Dry,Daylight
2023-07-01T16:20:00.000,I 75,1 16 and I 75,,Sideswipe-Same Direction,3,Clear,Dry,Daylight
2022-03-16T08:00:00.000,I 85,00 and I 85,,Angle Crash,2,Rain,Wet,Dawn
2023-02-02T12:47:00.000,I 285,0 and I 285,,Rear End,2,Rain,Wet,Daylight
2023-05-30T00:06:00.000,I 285,0 and I 285,,Angle Crash,2,Clear,Dry,Dark-Not Lighted
2021-02-08T09:10:00.000,I 20,-285 and I 20,,Sideswipe-Same Direction,2,Clear,Dry,Daylight
2021-09-10T21:37:00.000,I-75,!248 and I-75,,Rear End,2,Clear,Dry,Dark-Not Lighted
2021-06-05T04:40:00.000,I 285,,,Rear End,2,Clear,Dry,Dark-Not Lighted
2021-03-04T17:35:00.000,I 20,,,Sideswipe-Same Direction,2,Clear,Dry,Daylight
2021-03-28T16:50:00.000,I 285,,,Rear End,2,Cloudy,Dry,Daylight
2021-06-17T16:20:00.000,I 285,,,Rear End,2,Clear,Dry,Daylight
2021-02-20T13:00:00.000,I 85,,,Rear End,2,Clear,Dry,Daylight
2021-05-31T01:06:00.000,I 75,,,Not a Collision with Motor Vehicle,1,Clear,Dry,Dark-Not Lighted
2021-06-04T15:10:00.000,I 285,,,Rear End,2,Clear,Dry,Daylight
2021-04-06T07:40:00.000,I 20,,,Rear End,3,Clear,Dry,Daylight
2021-02-23T18:06:00.000,I 75,,,Angle Crash,2,Clear,Dry,Daylight
2021-06-28T08:43:00.000,I 16,,,Not a Collision with Motor Vehicle,1,Clear,Dry,Daylight
2021-05-21T00:00:00.000,I 85,,,Sideswipe-Same Direction,2,Clear,Dry,Daylight
2021-04-23T04:00:00.000,I 75,,,Not a Collision with Motor Vehicle,1,Clear,Dry,Dark-Lighted
2021-02-16T13:33:00.000,I 285,,,Sideswipe-Same Direction,2,Cloudy,Dry,Daylight
2021-06-05T18:01:00.000,I 75,,,Not a Collision with Motor Vehicle,1,Clear,Dry,Daylight
2021-05-13T08:36:00.000,I 285,,,Angle Crash,2,Clear,Dry,Daylight
2021-02-09T12:22:00.000,I 285,,,Rear End,2,Clear,Dry,Daylight
2021-04-21T17:24:00.000,I 75,,,Rear End,2,Clear,Dry,Daylight
2021-05-28T15:12:00.000,I 20,,,Rear End,2,Cloudy,Dry,Daylight
2021-03-22T17:31:00.000,I 85,,,Rear End,2,Clear,Dry,Daylight
2021-02-10T15:10:00.000,I 20,,,Sideswipe-Same Direction,2,Cloudy,Dry,Daylight
2021-03-03T09:52:00.000,I 16,,,Rear End,2,Cloudy,Wet,Daylight
2021-01-01T00:06:00.000,I 285,,,Rear End,2,Rain,Wet,Dark-Lighted
2021-01-08T12:32:00.000,I 285,,,Rear End,2,Rain,Wet,Daylight
2021-01-11T17:45:00.000,I 85,,,Rear End,2,Rain,Wet,Dark-Not Lighted
2021-04-22T06:50:00.000,I 75,,,Rear End,2,Clear,Dry,Dawn
2021-05-04T12:15:00.000,I 75,,,Rear End,2,Rain,Wet,Daylight
2021-05-30T23:45:00.000,I 20,,,Sideswipe-Same Direction,2,Clear,Dry,Dark-Not Lighted
2021-05-17T14:11:00.000,I 75,,,Not a Collision with Motor Vehicle,1,Cloudy,Dry,Daylight
2021-03-25T20:40:00.000,I 75,,,Sideswipe-Same Direction,2,Cloudy,Dry,Dark-Not Lighted
2021-03-06T00:50:00.000,I 20,,,Rear End,2,Clear,Dry,Dark-Not Lighted
2021-04-30T15:42:00.000,I 85,,,Sideswipe-Same Direction,2,Clear,Dry,Daylight
2021-06-05T22:25:00.000,I 85,,,Not a Collision with Motor Vehicle,1,Clear,Dry,Dark-Lighted
2021-06-05T11:21:00.000,I 85,,,Not a Collision with Motor Vehicle,1,Clear,Dry,Daylight
2021-04-21T21:25:00.000,I 20,,,Not a Collision with Motor Vehicle,1,Clear,Dry,Dark-Not Lighted
2021-04-01T06:00:00.000,I 16,,,Not a Collision with Motor Vehicle,2,Clear,Dry,Dark-Not Lighted
2021-01-26T04:42:00.000,I 75,,,Not a Collision with Motor Vehicle,1,Severe Thunderstorm or Tornadic,Wet,Dark-Lighted
2021-05-09T13:06:00.000,I 20,,,Sideswipe-Same Direction,2,Clear,Dry,Daylight
2021-05-15T19:35:00.000,I 285,,,Angle Crash,2,Clear,Dry,Daylight
2021-02-19T14:35:00.000,I 75,,,Rear End,2,Clear,Dry,Daylight
2021-05-12T15:29:00.000,I 75,,,Rear End,3,Cloudy,Wet,Daylight
2021-02-20T12:03:00.000,I 85,,,Not a Collision with Motor Vehicle,1,Clear,Dry,Daylight
2021-03-27T12:57:00.000,I 75,,,Sideswipe-Same Direction,2,Clear,Dry,Daylight
2021-04-02T20:00:00.000,I 75,,,Sideswipe-Same Direction,2,Clear,Dry,Daylight
2021-06-27T14:16:00.000,I 16,,,Sideswipe-Same Direction,1,Rain,Wet,Daylight
2021-05-12T19:25:00.000,I 85,,,Sideswipe-Same Direction,2,Cloudy,Wet,Daylight
2021-02-26T13:53:00.000,I 75,,,Rear End,1,Cloudy,Wet,Daylight
2021-03-26T07:07:00.000,I 75,,,Sideswipe-Same Direction,2,Cloudy,Wet,Dark-Not Lighted
2021-03-19T12:00:00.000,I 85,,,Sideswipe-Same Direction,2,Clear,Dry,Daylight
2021-02-12T22:51:00.000,I 75,,,Not a Collision with Motor Vehicle,1,Rain,Wet,Dark-Lighted
2021-01-03T18:25:00.000,I 95,,,Not a Collision with Motor Vehicle,2,Clear,Dry,Dark-Lighted
2021-03-25T22:41:00.000,I 85,,,Angle Crash,2,Rain,Wet,Dark-Lighted
2021-01-13T13:05:00.000,I 20,,,Rear End,2,Clear,Dry,Daylight
2021-03-13T07:22:00.000,I 75,,,Not a Collision with Motor Vehicle,1,Cloudy,Dry,Daylight
2021-03-05T07:42:00.000,I 85,,,Angle Crash,3,Clear,Dry,Daylight
2021-05-04T00:00:00.000,I 16,,,Rear End,4,Clear,Dry,Daylight
2021-06-26T06:05:00.000,I 75,,,Not a Collision with Motor Vehicle,2,Clear,Dry,Daylight
2021-06-01T22:44:00.000,I 75,,,Not a Collision with Motor Vehicle,1,Clear,Dry,Daylight
2021-03-22T17:27:00.000,I 20,,,Rear End,2,Clear,Dry,Daylight
2021-04-27T17:50:00.000,I 285,,,Sideswipe-Same Direction,2,Clear,Dry,Daylight
2021-06-17T23:50:00.000,I 20,,,Sideswipe-Same Direction,2,Clear,Dry,Dark-Not Lighted
2021-02-27T16:23:00.000,I 20,,,Angle Crash,2,Clear,Dry,Daylight
2021-04-09T14:05:00.000,I 75,,,Sideswipe-Same Direction,2,Clear,Dry,Daylight
2021-04-28T18:26:00.000,I 75,,,Rear End,2,Clear,Dry,Daylight
2021-04-22T14:27:00.000,I 85,,,Angle Crash,2,Clear,Dry,Daylight
2021-02-06T03:45:00.000,I 75,,,Sideswipe-Same Direction,2,Cloudy,Dry,Dark-Not Lighted
2021-03-16T19:00:00.000,I 285,,,Sideswipe-Same Direction,2,Cloudy,Wet,Dark-Not Lighted
2021-06-08T20:50:00.000,I 285,,,Angle Crash,2,Cloudy,Dry,Dark-Not Lighted
2021-06-07T15:13:00.000,I 285,,,Sideswipe-Same Direction,2,Cloudy,Dry,Daylight
2021-02-12T22:14:00.000,I 285,,,Rear End,2,Cloudy,Dry,Dark-Not Lighted
2021-01-16T21:23:00.000,I 20,,,Not a Collision with Motor Vehicle,1,Clear,Dry,Dark-Lighted
2021-04-05T09:40:00.000,I 285,,,Sideswipe-Same Direction,2,Clear,Dry,Daylight
2021-05-24T01:50:00.000,I 285,,,Not a Collision with Motor Vehicle,1,Clear,Dry,Dark-Lighted
2021-02-25T16:01:00.000,I 75,,,Sideswipe-Same Direction,2,Clear,Dry,Daylight
2021-05-29T01:00:00.000,I 20,,,Sideswipe-Same Direction,2,Clear,Dry,Dark-Lighted
2021-03-17T15:24:00.000,I 285,,,Rear End,2,Cloudy,Wet,Daylight
2021-03-09T17:10:00.000,I 20,,,Sideswipe-Same Direction,1,Clear,Dry,Daylight
2021-02-16T11:14:00.000,I 75,,,Sideswipe-Same Direction,2,Other,Dry,Daylight
2021-05-09T15:25:00.000,I 20,,,Rear End,2,Clear,Dry,Daylight
2021-04-14T12:49:00.000,I 20,,,Angle Crash,2,Clear,Dry,Daylight
2021-01-01T11:28:00.000,I 85,,,Not a Collision with Motor Vehicle,1,Rain,Wet,Daylight
2021-06-08T16:45:00.000,I 20,,,Rear End,2,Cloudy,Dry,Daylight