Date and Time,Roadway (From Crash Report),Intersection Name (from Crash Report),KABCO Severity,Manner of Collision (Crash Level) ,# of Vehicles per crash ,Weather Conditions (Crash Level),Surface Condition (Crash Level) ,Light Conditions (Crash Level)
2021-05-23T11:12:00.000,I 285,,,Rear End,3,Clear,Dry,Daylight
2021-03-18T05:28:00.000,I 20,,,Sideswipe-Same Direction,2,Cloudy,Dry,Dark-Not Lighted
2021-06-24T02:09:00.000,I 285,,,Rear End,2,Clear,Dry,Dark-Not Lighted
2021-03-18T17:15:00.000,I 20,,,Sideswipe-Same Direction,2,Cloudy,Dry,Daylight
2021-03-08T13:00:00.000,I 75,,,Sideswipe-Same Direction,2,Clear,Dry,Daylight
2021-01-03T05:45:00.000,I 20,,,Rear End,2,Clear,Dry,Dark-Lighted
2021-02-28T16:13:00.000,I 20,,,(None),2,(None),(None),(None)
2021-06-07T20:02:00.000,I 16,,,(None),1,(None),(None),(None)
2021-06-23T08:40:00.000,I 85,,,Rear End,2,Clear,Dry,Daylight
2021-05-28T12:09:00.000,I 95,,,Not a Collision with Motor Vehicle,1,Clear,Dry,Daylight
2021-04-06T13:10:00.000,I 20,,,Rear End,2,Clear,Dry,Daylight
2021-06-11T22:55:00.000,I 75,,,Rear End,2,Clear,Dry,Dark-Not Lighted
2021-01-02T18:15:00.000,I 75,,,Rear End,2,Clear,Dry,Dark-Not Lighted
2021-05-26T07:45:00.000,I 85,,,Sideswipe-Same Direction,2,Clear,Dry,Daylight
2021-01-16T18:23:00.000,I 75,,,Sideswipe-Same Direction,2,Clear,Dry,Dark-Lighted
2021-03-19T00:00:00.000,I 20,,,Sideswipe-Same Direction,2,Clear,Dry,Dark-Lighted
2021-02-25T00:00:00.000,I 285,,,Rear End,2,Clear,Dry,Daylight
2021-04-10T09:05:00.000,I 85,,,Not a Collision with Motor Vehicle,1,Rain,Wet,Daylight
2021-04-13T14:40:00.000,I 75,,,Rear End,2,Clear,Dry,Daylight
2021-06-27T09:40:00.000,I 16,,,Not a Collision with Motor Vehicle,1,Cloudy,Dry,Daylight
2021-05-04T12:07:00.000,I 75,,,Not a Collision with Motor Vehicle,1,Rain,Wet,Daylight
2021-05-14T10:40:00.000,I 75,,,Sideswipe-Same Direction,2,Clear,Dry,Daylight
2021-04-09T11:27:00.000,I 75,,,Rear End,2,Clear,Dry,Daylight
2021-02-17T19:45:00.000,I 20,,,Rear End,2,Cloudy,Dry,Dark-Not Lighted
2021-04-25T19:22:00.000,I 20,,,Not a Collision with Motor Vehicle,1,Clear,Dry,Daylight
2021-02-14T10:20:00.000,I 75,,,Not a Collision with Motor Vehicle,1,Cloudy,Wet,Daylight
2021-02-19T11:20:00.000,I 85,,,Rear End,2,Clear,Dry,Daylight
2021-04-13T07:13:00.000,I 285,,,Sideswipe-Same Direction,2,Clear,Dry,Daylight
2021-02-28T03:23:00.000,I 16,,,Sideswipe-Same Direction,2,Clear,Dry,Dark-Not Lighted
2021-03-18T06:28:00.000,I 95,,,Angle Crash,2,Cloudy,Dry,Dark-Lighted
2021-04-27T16:30:00.000,I 85,,,Angle Crash,2,Clear,Dry,Daylight
2021-04-03T17:55:00.000,I 20,,,Rear End,2,Clear,Dry,Daylight
2021-02-07T01:50:00.000,I 285,,,Not a Collision with Motor Vehicle,1,Rain,Wet,Dark-Lighted
2021-05-26T02:10:00.000,I 75,,,Angle Crash,2,Clear,Dry,Dark-Not Lighted
2021-05-19T07:45:00.000,I 75,,,Rear End,3,Clear,Dry,Daylight
2021-06-14T07:10:00.000,I 20,,,Sideswipe-Same Direction,2,Clear,Dry,Daylight
2021-04-02T18:26:00.000,I 75,,,Not a Collision with Motor Vehicle,1,Clear,Dry,Daylight
2021-04-15T12:00:00.000,I 285,,,Rear End,2,Clear,Dry,Daylight
2021-05-10T12:20:00.000,I 75,,,Sideswipe-Same Direction,2,Clear,Dry,Daylight
2021-03-10T15:00:00.000,I 285,,,Sideswipe-Same Direction,2,Clear,Dry,Daylight
2021-05-18T16:45:00.000,I 85,,,Rear End,2,Clear,Dry,Daylight
2021-04-20T13:44:00.000,I 85,,,Not a Collision with Motor Vehicle,1,Clear,Dry,Daylight
2021-05-04T11:57:00.000,I 95,,,Sideswipe-Same Direction,2,Clear,Dry,Daylight
2021-05-04T23:11:00.000,I 85,,,Not a Collision with Motor Vehicle,1,Rain,Wet,Dark-Not Lighted
2021-01-18T19:30:00.000,I 285,,,Angle Crash,2,Clear,Dry,Dark-Lighted
2021-03-05T16:40:00.000,I 75,,,Rear End,2,Cloudy,Dry,Daylight
2021-03-22T12:08:00.000,I 285,,,Sideswipe-Same Direction,2,Clear,Dry,Daylight
2021-06-19T18:25:00.000,I 85,,,Angle Crash,2,Rain,Wet,Daylight
2021-06-14T05:00:00.000,I 75,,,Angle Crash,2,Clear,Dry,Dawn
2021-03-08T03:31:00.000,I 85,,,Not a Collision with Motor Vehicle,1,Clear,Dry,Dark-Not Lighted
2021-03-25T17:59:00.000,I 75,,,Sideswipe-Same Direction,3,Rain,Wet,Daylight
2021-06-29T18:15:00.000,I 285,,,Sideswipe-Same Direction,2,Clear,Dry,Daylight
2021-05-01T06:09:00.000,I 75,,,Rear End,2,Clear,Dry,Dark-Not Lighted
2021-05-04T12:50:00.000,I 75,,,Not a Collision with Motor Vehicle,1,Rain,Wet,Daylight
2021-05-05T08:30:00.000,I 20,,,Rear End,2,Cloudy,Dry,Daylight
2021-05-21T14:48:00.000,I 285,,,Rear End,2,Clear,Dry,Daylight
2021-03-14T17:15:00.000,I 75,,,Rear End,2,Cloudy,Dry,Daylight
2021-03-12T15:57:00.000,I 285,,,Sideswipe-Same Direction,3,Clear,Dry,Daylight
2021-01-19T16:52:00.000,I 75,,,Rear End,2,Cloudy,Dry,Daylight
2021-02-27T01:24:00.000,I 20,,,Rear End,2,Clear,Dry,Dark-Lighted
2021-06-21T13:20:00.000,I 85,,,Not a Collision with Motor Vehicle,2,Cloudy,Dry,Daylight
2021-02-04T15:40:00.000,I 20,,,Rear End,3,Cloudy,Dry,Daylight
2021-03-13T20:11:00.000,I 75,,,Not a Collision with Motor Vehicle,1,Cloudy,Dry,Dark-Not Lighted
2021-02-28T02:13:00.000,I 75,,,Angle Crash,3,Clear,Dry,Dark-Not Lighted
2021-06-06T18:06:00.000,I 85,,,Rear End,2,Clear,Dry,Daylight
2021-05-05T16:56:00.000,I 20,,,Sideswipe-Same Direction,1,Cloudy,Dry,Daylight
2021-02-26T15:00:00.000,I 75,,,Rear End,2,Rain,Wet,Daylight
2021-02-26T15:00:00.000,I 75,,,Rear End,2,Cloudy,Wet,Daylight
2021-06-07T01:30:00.000,I-75,,,Rear End,3,Clear,Dry,Dark-Lighted
2021-03-21T18:26:00.000,I 85,,,Sideswipe-Same Direction,2,Cloudy,Dry,Daylight
2021-06-19T22:33:00.000,I 85,,,Not a Collision with Motor Vehicle,1,Rain,Wet,Dark-Not Lighted
2021-05-05T08:55:00.000,I 75,,,Not a Collision with Motor Vehicle,1,Clear,Dry,Daylight
2021-01-28T17:22:00.000,I 20,,,Rear End,2,Clear,Dry,Daylight
2021-03-17T15:19:00.000,Sr 141,,,Angle Crash,2,Rain,Wet,Daylight
2021-01-31T02:15:00.000,I 285,,,Angle Crash,3,Rain,Wet,Dark-Lighted
2021-06-25T18:15:00.000,I 20,,,Sideswipe-Same Direction,2,Clear,Dry,Daylight
2021-02-15T12:59:00.000,I 285,,,Sideswipe-Same Direction,2,Clear,Wet,Daylight
2021-04-19T19:28:00.000,I 285,,,Not a Collision with Motor Vehicle,1,Clear,Dry,Daylight
2021-06-19T23:04:00.000,I 285,,,Angle Crash,2,Rain,Wet,Dark-Lighted
2021-03-12T15:00:00.000,I 85,,,Rear End,2,Clear,Dry,Daylight
2021-06-14T08:44:00.000,I 75,,,Rear End,2,Clear,Dry,Daylight
2021-06-29T08:20:00.000,I 75,,,Sideswipe-Same Direction,2,Cloudy,Dry,Daylight
2021-02-05T15:08:00.000,I 20,,,Sideswipe-Same Direction,2,Cloudy,Dry,Daylight
2021-01-28T10:09:00.000,I 75,,,Rear End,2,Clear,Dry,Daylight
2021-03-20T15:05:00.000,I 85,,,Rear End,2,Clear,Dry,Daylight
2021-01-09T18:00:00.000,I 75,,,Not a Collision with Motor Vehicle,1,Clear,Dry,Dusk
2021-04-09T22:31:00.000,I 20,,,Not a Collision with Motor Vehicle,1,Clear,Dry,Dark-Not Lighted
2021-05-03T22:10:00.000,I 285,,,Rear End,2,Clear,Wet,Dark-Lighted
2021-04-08T08:38:00.000,I 285,,,Sideswipe-Same Direction,2,Cloudy,Dry,Daylight
2021-06-25T08:06:00.000,I 85,,,Sideswipe-Same Direction,2,Cloudy,Dry,Daylight
2021-06-02T09:20:00.000,I 75,,,Head On,2,Rain,Wet,Daylight
2021-06-18T21:15:00.000,I 285,,,Angle Crash,2,Clear,Dry,Dark-Lighted
2021-01-05T20:15:00.000,I 75,,,Rear End,2,Clear,Dry,Dark-Lighted
2021-06-24T07:06:00.000,I 95,,,Rear End,2,Cloudy,Dry,Daylight
2021-05-23T17:56:00.000,I 75,,,Sideswipe-Same Direction,2,Clear,Dry,Daylight
2021-05-21T10:10:00.000,I 285,,,Sideswipe-Same Direction,2,Clear,Dry,Daylight
2021-05-19T18:17:00.000,I 285,,,Rear End,2,Cloudy,Dry,Daylight
2021-05-21T17:46:00.000,I 285,,,Rear End,2,Clear,Dry,Daylight
2021-03-08T18:11:00.000,I 20,,,Sideswipe-Same Direction,2,Clear,Dry,Daylight
2021-03-31T01:30:00.000,I 85,,,Rear End,2,Clear,Dry,Dark-Not Lighted
2021-06-23T12:20:00.000,I 75,,,Angle Crash,2,Clear,Dry,Daylight
2021-04-24T18:10:00.000,I 75,,,Sideswipe-Same Direction,2,Cloudy,Wet,Daylight
2021-05-05T05:39:00.000,I-75,,,Rear End,2,Cloudy,Wet,Dark-Lighted
2021-02-07T03:45:00.000,I 75,,,Not a Collision with Motor Vehicle,1,Rain,Wet,Dark-Lighted
2021-06-10T13:12:00.000,I 20,,,Rear End,2,Cloudy,Dry,Daylight
2021-04-21T08:54:00.000,I 285,,,Rear End,2,Clear,Dry,Daylight
2021-03-20T10:50:00.000,I 20,,,Not a Collision with Motor Vehicle,1,Clear,Dry,Daylight
2021-06-04T00:37:00.000,I 285,,,Not a Collision with Motor Vehicle,1,Clear,Dry,Dark-Not Lighted
2021-05-17T17:25:00.000,I 75,,,Sideswipe-Same Direction,2,Clear,Dry,Daylight
2021-03-29T13:08:00.000,I 20,,,Rear End,2,Clear,Dry,Daylight
2021-02-05T18:45:00.000,I 75,,,Not a Collision with Motor Vehicle,2,Cloudy,Dry,Dark-Not Lighted
2021-06-04T10:22:00.000,I 95,,,Angle Crash,2,Clear,Dry,Daylight
2021-04-03T12:15:00.000,I 75,,,Rear End,2,Clear,Dry,Daylight
2021-05-06T01:10:00.000,I-75,,,Sideswipe-Same Direction,2,Clear,Dry,Dark-Lighted
2021-06-09T17:07:00.000,I 16,,,Rear End,2,Cloudy,Wet,Daylight
2021-06-19T19:20:00.000,I 285,,,Not a Collision with Motor Vehicle,1,Rain,Dry,Daylight
2021-01-13T12:11:00.000,I 75,,,Not a Collision with Motor Vehicle,1,Clear,Dry,Daylight
2021-04-24T08:30:00.000,I 20,,,Not a Collision with Motor Vehicle,1,Rain,Wet,Daylight
2021-05-02T13:13:00.000,I 16,,,Sideswipe-Same Direction,2,Clear,Dry,Daylight
2021-05-28T00:00:00.000,I 20,,,Rear End,2,Rain,Wet,Dark-Lighted
2021-01-01T16:40:00.000,I 20,,,Not a Collision with Motor Vehicle,1,Rain,Wet,Daylight
2021-05-01T01:15:00.000,I 75,,,Sideswipe-Same Direction,2,Clear,Dry,Dark-Not Lighted
2021-05-08T06:30:00.000,I 20,,,Sideswipe-Same Direction,2,Clear,Dry,Daylight
2021-06-08T02:48:00.000,I 16,,,Not a Collision with Motor Vehicle,1,Rain,Wet,Dark-Lighted
2021-01-17T20:35:00.000,I 285,,,Angle Crash,2,Clear,Dry,Dark-Not Lighted
2021-04-02T18:35:00.000,I 75,,,Rear End,2,Clear,Dry,Daylight
2021-02-10T20:25:00.000,I 20,,,Sideswipe-Same Direction,2,Clear,Dry,Dark-Not Lighted
2021-03-08T10:37:00.000,I 75,,,Not a Collision with Motor Vehicle,1,Clear,Dry,Daylight
2021-03-17T16:02:00.000,I 285,,,Rear End,3,Cloudy,Wet,Daylight
2021-01-06T18:04:00.000,I 85,,,(None),2,(None),(None),(None)
2021-01-17T02:10:00.000,I 20,,,Not a Collision with Motor Vehicle,1,Clear,Dry,Dark-Not Lighted
2021-01-14T18:04:00.000,I 75,,,Rear End,2,Clear,Dry,Dark-Not Lighted
2021-01-24T14:45:00.000,I 285,,,Sideswipe-Same Direction,2,Clear,Dry,Daylight
2021-04-18T23:50:00.000,I 285,,,Not a Collision with Motor Vehicle,1,Clear,Dry,Dark-Lighted
2021-02-07T20:30:00.000,I 85,,,Rear End,2,Clear,Dry,Dark-Not Lighted
2021-01-18T16:55:00.000,I 285,,,Sideswipe-Same Direction,2,Clear,Dry,Daylight
2021-06-24T23:43:00.000,I 85,,,Sideswipe-Same Direction,1,Clear,Dry,Dark-Not Lighted
2021-04-23T13:49:00.000,I 285,,,Rear End,2,Clear,Dry,Daylight
2021-06-25T07:22:00.000,I 75,,,Sideswipe-Same Direction,2,Cloudy,Dry,Daylight
2021-06-14T18:26:00.000,I 285,,,Rear End,2,Cloudy,Dry,Daylight
2021-04-12T12:12:00.000,I 85,,,Rear End,2,Clear,Dry,Daylight
2021-03-21T18:25:00.000,I 85,,,Sideswipe-Same Direction,2,Cloudy,Dry,Daylight
2021-03-31T13:11:00.000,I 85,,,Not a Collision with Motor Vehicle,1,Rain,Wet,Daylight
2021-01-16T16:45:00.000,I 75,,,Rear End,2,Cloudy,Dry,Daylight
2021-04-09T16:20:00.000,I 85,,,Sideswipe-Same Direction,2,Clear,Dry,Daylight
2021-04-24T11:15:00.000,I 75,,,Not a Collision with Motor Vehicle,1,Rain,Wet,Daylight
2021-03-05T02:05:00.000,I 85,,,Rear End,2,Clear,Dry,Dark-Not Lighted
2021-01-25T13:20:00.000,I 285,,,Sideswipe-Same Direction,2,Cloudy,Dry,Daylight
2021-05-06T14:30:00.000,I 85,,,Sideswipe-Same Direction,3,Clear,Dry,Daylight
2021-05-30T16:05:00.000,I 285,,,Sideswipe-Same Direction,3,Clear,Dry,Daylight
2021-01-03T15:15:00.000,I 85,,,Sideswipe-Same Direction,2,Clear,Dry,Daylight
2021-02-25T19:27:00.000,I 20,,,Sideswipe-Same Direction,2,Clear,Dry,Dark-Not Lighted
2021-06-14T10:45:00.000,I 75,,,Rear End,2,Clear,Dry,Daylight
2021-03-19T05:55:00.000,I 85,,,Sideswipe-Same Direction,2,Clear,Dry,Dark-Lighted
2021-02-25T05:37:00.000,I 75,,,Sideswipe-Same Direction,1,Clear,Dry,Dark-Lighted
2021-02-05T18:45:00.000,I 85,,,Rear End,2,Cloudy,Dry,Dusk
2021-06-16T17:15:00.000,I 95,,,Sideswipe-Same Direction,2,Clear,Dry,Daylight
2021-06-02T15:50:00.000,I 75,,,Rear End,2,Cloudy,Wet,Daylight
2021-02-11T03:30:00.000,I 285,,,Not a Collision with Motor Vehicle,1,Cloudy,Wet,Dark-Not Lighted
2021-06-22T10:18:00.000,I 75,,,Not a Collision with Motor Vehicle,1,Rain,Wet,Daylight
2021-05-07T17:40:00.000,I 85,,,Sideswipe-Same Direction,2,Clear,Dry,Daylight
2021-05-17T09:43:00.000,I 75,,,Not a Collision with Motor Vehicle,1,Clear,Dry,Daylight
2021-04-30T09:20:00.000,I 285,,,Rear End,2,Clear,Dry,Daylight
2021-04-12T06:18:00.000,I 285,,,Not a Collision with Motor Vehicle,2,Clear,Dry,Dark-Not Lighted
2021-06-23T00:00:00.000,I 285,,,Sideswipe-Same Direction,2,Clear,Dry,Daylight
2021-06-22T20:50:00.000,I 20,,,Sideswipe-Same Direction,2,Clear,Dry,Daylight
2021-06-26T15:34:00.000,I 95,,,Rear End,2,Clear,Dry,Daylight
2021-04-28T15:05:00.000,I 285,,,Angle Crash,2,Clear,Dry,Daylight
2021-05-07T10:58:00.000,I 75,,,Not a Collision with Motor Vehicle,1,Clear,Dry,Daylight
2021-04-07T18:28:00.000,I 75,,,Sideswipe-Same Direction,2,Clear,Dry,Daylight
2021-04-28T07:05:00.000,I 20,,,Sideswipe-Same Direction,2,Clear,Dry,Daylight
2021-03-18T17:00:00.000,I 285,,,Rear End,2,Clear,Dry,Daylight
2021-06-27T15:15:00.000,I 20,,,Not a Collision with Motor Vehicle,1,Cloudy,Wet,Daylight
2021-01-28T10:55:00.000,I 85,,,Head On,1,Clear,Dry,Daylight
2021-03-25T07:02:00.000,I 285,,,Rear End,3,Rain,Wet,Dark-Not Lighted
2021-05-08T02:27:00.000,I 85,,,Sideswipe-Same Direction,2,Clear,Dry,Dark-Not Lighted
2021-05-13T18:21:00.000,I 20,,,Sideswipe-Same Direction,2,Clear,Dry,Daylight
2021-01-31T10:45:00.000,I 285,,,Not a Collision with Motor Vehicle,1,Rain,Wet,Daylight
2021-05-18T13:46:00.000,I 16,,,Angle Crash,2,Clear,Dry,Daylight
2021-05-02T01:10:00.000,I 20,,,Sideswipe-Same Direction,2,Clear,Dry,Dark-Not Lighted
2021-02-06T23:10:00.000,I 16,,,Not a Collision with Motor Vehicle,1,Rain,Wet,Dark-Not Lighted
2021-03-16T07:54:00.000,I 85,,,Sideswipe-Same Direction,3,Rain,Wet,Daylight
2021-03-31T01:00:00.000,I 20,,,Not a Collision with Motor Vehicle,1,Rain,Wet,Dark-Not Lighted
2021-03-18T09:30:00.000,I 285,,,Rear End,3,Rain,Wet,Daylight
2021-03-28T11:05:00.000,I 75,,,Rear End,3,Rain,Wet,Daylight
2021-05-31T04:50:00.000,I 20,,,Rear End,2,Clear,Dry,Dark-Not Lighted
2021-06-15T17:31:00.000,I 20,,,Sideswipe-Same Direction,2,Clear,Dry,Daylight
2021-02-08T21:14:00.000,I 16,,,Not a Collision with Motor Vehicle,1,Clear,Dry,Dark-Lighted
2021-03-31T08:30:00.000,I 85,,,Rear End,2,Rain,Wet,Daylight
2021-05-28T23:49:00.000,I 75,,,Sideswipe-Same Direction,2,Cloudy,Dry,Dark-Not Lighted
2021-07-02T10:45:00.000,I 285,,,Angle Crash,2,Rain,Wet,Daylight
2021-12-31T00:15:00.000,I 285,,,Not a Collision with Motor Vehicle,1,Cloudy,Wet,Dark-Not Lighted
2021-12-20T18:39:00.000,I 75,,,Sideswipe-Same Direction,2,Clear,Dry,Dark-Not Lighted
2021-12-22T18:17:00.000,I 75,,,Rear End,2,Clear,Dry,Dark-Not Lighted
2021-12-21T12:05:00.000,I 85,,,Not a Collision with Motor Vehicle,1,Rain,Wet,Daylight
2021-11-15T16:32:00.000,I-75,,,Rear End,2,Clear,Dry,Daylight
2021-11-09T15:48:00.000,I 75,,,Rear End,2,Clear,Dry,Daylight
2021-11-03T03:06:00.000,I-75,,,Sideswipe-Same Direction,2,Clear,Dry,Dark-Not Lighted
2021-09-20T16:30:00.000,Sr 141,,,Rear End,2,Rain,Wet,Daylight
2021-07-31T17:00:00.000,I 16,,,(None),1,(None),(None),(None)
2021-07-27T15:02:00.000,I 85,,,Angle Crash,2,Clear,Dry,Daylight
2021-12-14T10:15:00.000,I 85,,,Sideswipe-Same Direction,2,Clear,Dry,Daylight
2021-10-11T15:19:00.000,I 75,,,Sideswipe-Same Direction,2,Clear,Dry,Daylight
2021-09-20T14:40:00.000,I 75,,,Rear End,2,Rain,Wet,Daylight
2021-09-23T07:26:00.000,I 75,,,Rear End,2,Clear,Dry,Daylight
2021-07-07T20:14:00.000,I 75,,,Rear End,2,Clear,Dry,Dusk
2021-12-11T20:09:00.000,I 20,,,Sideswipe-Same Direction,3,Rain,Wet,Daylight
2021-10-18T18:00:00.000,I 75,,,Angle Crash,2,Clear,Dry,Dusk
2021-09-19T13:05:00.000,I 75,,,Sideswipe-Same Direction,2,Rain,Wet,Daylight
2021-09-08T14:29:00.000,I 75,,,Rear End,2,Cloudy,Dry,Daylight
2021-07-15T17:50:00.000,I 285,,,Rear End,2,Clear,Dry,Daylight
2021-10-13T21:15:00.000,I 75,,,Not a Collision with Motor Vehicle,1,Clear,Dry,Dark-Not Lighted
2021-11-26T00:15:00.000,I 85,,,Not a Collision with Motor Vehicle,1,Rain,Wet,Dark-Not Lighted
2021-11-19T16:10:00.000,I 75,,,Sideswipe-Same Direction,2,Clear,Dry,Daylight
2021-10-12T18:18:00.000,I 75,,,Sideswipe-Same Direction,2,Clear,Dry,Daylight
2021-10-03T22:30:00.000,I-75,,,Rear End,2,Clear,Wet,Dark-Lighted
2021-09-15T15:47:00.000,I 75,,,Rear End,2,Rain,Wet,Daylight
2021-07-20T06:19:00.000,I 20,,,Sideswipe-Same Direction,2,Rain,Wet,Dark-Not Lighted
2021-11-03T05:15:00.000,I 75,,,Rear End,2,Clear,Dry,Dark-Not Lighted
2021-11-27T22:20:00.000,I-75,,,Rear End,5,Clear,Dry,Dark-Lighted
2021-11-22T18:27:00.000,I 85,,,Rear End,2,Clear,Dry,Dark-Not Lighted
2021-10-26T17:32:00.000,I 16,,,Rear End,2,Clear,Dry,Daylight
2021-11-28T04:38:00.000,I 16,,,Rear End,2,Clear,Dry,Dark-Not Lighted
2021-11-09T08:40:00.000,I 285,,,Sideswipe-Same Direction,2,Clear,Dry,Daylight
2021-11-05T13:00:00.000,I 285,,,Sideswipe-Same Direction,2,Cloudy,Dry,Daylight
2021-10-21T16:00:00.000,I 85,,,Rear End,3,Cloudy,Dry,Daylight
2021-09-05T22:35:00.000,I 75,,,Not a Collision with Motor Vehicle,1,Rain,Wet,Dark-Not Lighted
2021-08-26T00:00:00.000,I-75,,,Rear End,2,Clear,Dry,Dark-Lighted
2021-07-29T09:25:00.000,I 75,,,Rear End,3,Clear,Dry,Daylight
2021-07-10T18:17:00.000,I 75,,,Rear End,2,Clear,Dry,Daylight
2021-12-17T17:26:00.000,I 285,,,Rear End,2,Clear,Dry,Dark-Not Lighted
2021-12-04T02:00:00.000,I 75,,,Sideswipe-Same Direction,2,Clear,Dry,Dark-Lighted
2021-11-12T16:30:00.000,I 20,,,Rear End,2,Clear,Dry,Daylight
2021-08-23T08:40:00.000,I 285,,,Sideswipe-Same Direction,2,Clear,Dry,Daylight
2021-08-18T22:46:00.000,I-75,,,Sideswipe-Same Direction,2,Clear,Dry,Dark-Lighted
2021-08-03T19:11:00.000,I 75,,,Not a Collision with Motor Vehicle,1,Cloudy,Wet,Daylight
2021-12-30T05:42:00.000,I 85,,,Rear End,2,Rain,Wet,Dark-Not Lighted
2021-11-24T23:00:00.000,I 75,,,Rear End,2,Clear,Dry,Dark-Lighted
2021-11-23T16:29:00.000,I 16,,,Rear End,2,Clear,Dry,Daylight
2021-09-24T14:41:00.000,I 16,,,Angle Crash,2,Clear,Dry,Daylight
2021-09-17T16:04:00.000,I 75,,,Rear End,2,Cloudy,Dry,Daylight
2021-09-15T12:48:00.000,I 20,,,Not a Collision with Motor Vehicle,1,Rain,Wet,Daylight
2021-12-18T02:15:00.000,I-75,,,Head On,2,Clear,Dry,Dark-Not Lighted
2021-11-11T13:15:00.000,I 75,,,Sideswipe-Same Direction,2,Cloudy,Dry,Daylight
2021-09-16T19:16:00.000,I 75,,,Not a Collision with Motor Vehicle,1,Cloudy,Wet,Daylight
2021-08-17T07:40:00.000,I 75,,,Rear End,2,Rain,Wet,Daylight
2021-12-22T09:20:00.000,I 16,,,Not a Collision with Motor Vehicle,1,Rain,Wet,Daylight
2021-11-24T10:58:00.000,I 285,,,Rear End,2,Clear,Dry,Daylight
2021-09-10T13:00:00.000,I 16,,,Rear End,2,Clear,Dry,Daylight
2021-08-04T14:11:00.000,I 85,,,Rear End,2,Clear,Dry,Daylight
2021-07-19T16:03:00.000,I 285,,,Sideswipe-Same Direction,2,Clear,Dry,Daylight
2021-09-23T08:00:00.000,I 285,,,Sideswipe-Same Direction,2,Clear,Dry,Daylight
2021-12-05T17:00:00.000,I-75,,,Sideswipe-Same Direction,2,Clear,Dry,Daylight
2021-10-05T05:35:00.000,I 20,,,Sideswipe-Same Direction,2,Rain,Wet,Dark-Not Lighted
2021-09-16T11:55:00.000,I 85,,,Rear End,3,Rain,Wet,Daylight
2021-11-28T16:47:00.000,I 85,,,Sideswipe-Same Direction,2,Clear,Dry,Daylight
2021-12-13T12:02:00.000,I 20,,,Not a Collision with Motor Vehicle,1,Clear,Dry,Daylight
2021-12-02T16:20:00.000,I 75,,,Rear End,2,Clear,Dry,Daylight
2021-10-15T09:45:00.000,I 75,,,Not a Collision with Motor Vehicle,1,Clear,Dry,Daylight
2021-11-15T18:28:00.000,I 285,,,Not a Collision with Motor Vehicle,2,Clear,Dry,Dark-Lighted
2021-12-29T21:30:00.000,I 85,,,Rear End,2,Cloudy,Wet,Dark-Lighted
2021-10-05T05:49:00.000,I 75,,,Not a Collision with Motor Vehicle,1,Rain,Wet,Dark-Not Lighted
2021-12-14T07:30:00.000,I-75,,,Rear End,2,Clear,Dry,Daylight
2021-09-23T23:23:00.000,I 85,,,Rear End,2,Clear,Dry,Dark-Not Lighted
2021-07-21T23:14:00.000,I 285,,,Not a Collision with Motor Vehicle,1,Clear,Dry,Dark-Lighted
2021-08-03T14:30:00.000,I-75,,,Sideswipe-Same Direction,2,Clear,Dry,Daylight
2021-07-14T07:33:00.000,I 85,,,Not a Collision with Motor Vehicle,1,Cloudy,Dry,Daylight
2021-12-08T23:30:00.000,I 85,,,Angle Crash,2,Clear,Dry,Dark-Not Lighted
2021-12-20T14:05:00.000,I 75,,,Angle Crash,2,Clear,Dry,Daylight
2021-07-23T17:10:00.000,I 16,,,Sideswipe-Same Direction,2,Clear,Dry,Daylight
2021-08-15T14:31:00.000,I 20,,,Sideswipe-Same Direction,3,Rain,Wet,Daylight
2021-12-08T16:58:00.000,I 285,,,Head On,2,Clear,Dry,Daylight
2021-10-22T21:52:00.000,I-75,,,Sideswipe-Same Direction,2,Clear,Dry,Dark-Lighted
2021-12-06T13:26:00.000,I 285,,,Angle Crash,2,Cloudy,Wet,Daylight
2021-11-11T17:23:00.000,I-75,,,Rear End,2,Rain,Water (standing or moving),Dark-Not Lighted
2021-09-26T00:01:00.000,I 285,,,Angle Crash,2,Clear,Dry,Dark-Lighted
2021-12-19T15:36:00.000,I 20,,,Sideswipe-Same Direction,2,Clear,Dry,Daylight
2021-10-22T09:41:00.000,I 285,,,Not a Collision with Motor Vehicle,1,Clear,Dry,Daylight
2021-10-08T16:58:00.000,I 75,,,Rear End,2,Clear,Dry,Daylight
2021-10-07T11:24:00.000,I 20,,,Rear End,2,Cloudy,Dry,Daylight
2021-10-30T00:00:00.000,I-75,,,Sideswipe-Same Direction,2,Fog,Dry,Dark-Lighted
2021-12-21T06:48:00.000,I 16,,,Sideswipe-Same Direction,2,Rain,Wet,Dark-Lighted
2021-12-21T17:26:00.000,I 95,,,Not a Collision with Motor Vehicle,1,Rain,Wet,Dusk
2021-12-30T09:55:00.000,I 85,,,Sideswipe-Same Direction,2,Rain,Wet,Daylight
2021-09-24T12:45:00.000,I 16,,,Not a Collision with Motor Vehicle,1,Clear,Dry,Daylight
2021-10-13T21:10:00.000,I 85,,,Rear End,2,Clear,Dry,Dark-Not Lighted
2021-08-25T16:31:00.000,I 285,,,Rear End,2,Clear,Dry,Daylight
2021-08-03T14:05:00.000,I 75,,,Sideswipe-Same Direction,2,Clear,Dry,Daylight
2021-07-06T19:25:00.000,I 75,,,Sideswipe-Same Direction,2,Clear,Dry,Daylight
2021-08-10T00:00:00.000,I 20,,,Rear End,2,Clear,Dry,Dark-Not Lighted
2021-11-04T09:48:00.000,I 75,,,Rear End,2,Cloudy,Wet,Daylight