Date and Time,Roadway (From Crash Report),Intersection Name (from Crash Report),KABCO Severity,Manner of Collision (Crash Level) ,# of Vehicles per crash ,Weather Conditions (Crash Level),Surface Condition (Crash Level) ,Light Conditions (Crash Level)
2021-12-19T04:00:00.000,I-75,,,Angle Crash,2,Rain,Water (standing or moving),Dark-Lighted
2021-11-09T09:06:00.000,I 75,,,Sideswipe-Same Direction,2,Clear,Dry,Daylight
2021-07-31T19:20:00.000,I 16,,,Not a Collision with Motor Vehicle,2,Clear,Dry,Daylight
2021-08-28T10:30:00.000,I 75,,,Not a Collision with Motor Vehicle,1,Cloudy,Dry,Daylight
2021-07-14T09:10:00.000,I 285,,,Rear End,2,Clear,Dry,Daylight
2021-09-17T11:48:00.000,I 16,,,Rear End,2,Clear,Dry,Daylight
2021-10-21T08:16:00.000,I 16,,,Not a Collision with Motor Vehicle,1,Cloudy,Dry,Daylight
2021-12-11T16:10:00.000,I 75,,,Not a Collision with Motor Vehicle,1,Rain,Wet,Daylight
2021-09-15T18:00:00.000,I-75,,,Sideswipe-Same Direction,2,Cloudy,Water (standing or moving),Daylight
2021-11-28T15:26:00.000,I 85,,,Rear End,3,Clear,Dry,Daylight
2021-11-12T12:05:00.000,I 75,,,Sideswipe-Same Direction,2,Clear,Dry,Daylight
2021-09-22T15:07:00.000,I 285,,,Angle Crash,2,Cloudy,Dry,Daylight
2021-12-04T13:24:00.000,I-75,,,Angle Crash,2,Clear,Dry,Daylight
2021-12-19T08:26:00.000,I 285,,,Not a Collision with Motor Vehicle,1,Rain,Wet,Daylight
2021-08-08T12:22:00.000,I 285,,,Rear End,2,Clear,Dry,Daylight
2021-11-20T09:30:00.000,I 285,,,Rear End,3,Clear,Dry,Daylight
2021-12-21T03:40:00.000,I 16,,,Not a Collision with Motor Vehicle,1,Rain,Wet,Dark-Not Lighted
2021-08-29T13:30:00.000,I 285,,,Rear End,3,Clear,Dry,Daylight
2021-08-29T14:25:00.000,I 85,,,Not a Collision with Motor Vehicle,1,Cloudy,Dry,Daylight
2021-08-17T03:20:00.000,I 85,,,Rear End,2,Rain,Wet,Dark-Not Lighted
2021-10-26T22:00:00.000,I-75,,,Rear End,2,Clear,Dry,Dark-Lighted
2021-10-28T09:20:00.000,I 20,,,Not a Collision with Motor Vehicle,1,Rain,Wet,Daylight
2021-07-22T07:35:00.000,I 75,,,Rear End,2,Cloudy,Wet,Daylight
2021-11-26T10:45:00.000,I 285,,,Not a Collision with Motor Vehicle,1,Clear,Dry,Daylight
2021-09-25T15:46:00.000,I 75,,,Rear End,2,Clear,Dry,Daylight
2021-08-24T01:50:00.000,I-75,,,Rear End,3,Clear,Dry,Dark-Lighted
2021-08-20T23:30:00.000,I-75,,,Rear End,2,Clear,Dry,Dark-Lighted
2021-12-01T16:00:00.000,I 85,,,Angle Crash,2,Clear,Dry,Daylight
2021-12-28T09:31:00.000,I 75,,,Sideswipe-Same Direction,2,Cloudy,Dry,Daylight
2021-07-25T19:10:00.000,I 20,,,Sideswipe-Same Direction,2,Clear,Dry,Daylight
2021-10-30T18:41:00.000,I-75,,,Sideswipe-Same Direction,2,Cloudy,Water (standing or moving),Dark-Lighted
2021-12-29T11:00:00.000,I 75,,,Sideswipe-Same Direction,2,Rain,Wet,Daylight
2021-12-07T18:50:00.000,I 285,,,Sideswipe-Same Direction,2,Clear,Dry,Dark-Not Lighted
2021-08-29T04:58:00.000,I 75,,,Rear End,2,Clear,Dry,Dark-Lighted
2021-09-30T20:28:00.000,I 285,,,Rear End,2,Clear,Dry,Dark-Lighted
2021-12-20T14:15:00.000,I 285,,,Angle Crash,2,Clear,Dry,Daylight
2021-11-27T22:20:00.000,I-75,,,Rear End,2,Clear,Dry,Dark-Lighted
2021-10-22T08:23:00.000,I 85,,,Rear End,2,Clear,Dry,Daylight
2021-11-29T18:19:00.000,I 75,,,Rear End,2,Clear,Dry,Dark-Not Lighted
2021-07-21T20:50:00.000,I 85,,,Sideswipe-Same Direction,2,Clear,Dry,Dark-Lighted
2021-12-31T05:09:00.000,I 75,,,Angle Crash,2,Clear,Wet,Dark-Lighted
2021-08-02T05:41:00.000,I 75,,,Sideswipe-Same Direction,2,Clear,Dry,Dark-Not Lighted
2021-12-29T15:40:00.000,I 285,,,Rear End,2,Cloudy,Dry,Daylight
2021-09-13T18:28:00.000,I 85,,,Sideswipe-Same Direction,2,Clear,Dry,Daylight
2021-07-22T16:03:00.000,I 285,,,Rear End,2,Clear,Dry,Daylight
2021-07-10T15:00:00.000,I 285,,,Sideswipe-Same Direction,2,Cloudy,Wet,Daylight
2021-11-12T14:00:00.000,I 85,,,Sideswipe-Same Direction,2,Clear,Dry,Daylight
2021-09-22T14:55:00.000,I 75,,,Rear End,2,Cloudy,Dry,Daylight
2021-12-18T15:33:00.000,I-75,,,Rear End,2,Cloudy,Wet,Daylight
2021-12-23T18:14:00.000,I 285,,,Sideswipe-Same Direction,2,Clear,Dry,Dark-Not Lighted
2021-07-28T14:17:00.000,I 75,,,Not a Collision with Motor Vehicle,1,Clear,Dry,Daylight
2021-12-18T02:50:00.000,I-75,,,Sideswipe-Same Direction,2,Clear,Dry,Dark-Not Lighted
2021-08-05T08:55:00.000,I 20,,,Not a Collision with Motor Vehicle,2,Clear,Dry,Daylight
2021-10-31T13:00:00.000,I 75,,,Sideswipe-Same Direction,2,Clear,Dry,Daylight
2021-12-22T12:47:00.000,I 16,,,Rear End,2,Clear,Dry,Daylight
2021-10-10T15:17:00.000,I 75,,,Rear End,2,Clear,Dry,Daylight
2021-08-22T02:45:00.000,I 75,,,Not a Collision with Motor Vehicle,1,Clear,Dry,Dark-Not Lighted
2021-10-08T08:27:00.000,I 20,,,Not a Collision with Motor Vehicle,1,Rain,Wet,Daylight
2021-12-23T16:05:00.000,I 75,,,Rear End,5,Clear,Dry,Daylight
2021-11-07T13:15:00.000,I 85,,,Rear End,2,Clear,Dry,Daylight
2021-09-08T17:35:00.000,I 285,,,Rear End,2,Cloudy,Dry,Daylight
2021-12-08T07:49:00.000,I 285,,,Not a Collision with Motor Vehicle,1,Rain,Wet,Daylight
2021-08-13T14:19:00.000,I 285,,,Sideswipe-Same Direction,2,Clear,Dry,Daylight
2021-11-02T20:09:00.000,I 285,,,Rear End,2,Clear,Dry,Dark-Not Lighted
2021-11-17T22:13:00.000,I 16,,,Not a Collision with Motor Vehicle,1,Clear,Dry,Dark-Not Lighted
2021-07-10T20:16:00.000,I 285,,,Sideswipe-Same Direction,2,Clear,Dry,Daylight
2021-08-16T16:53:00.000,I 75,,,Sideswipe-Same Direction,2,Rain,Dry,Daylight
2021-10-15T19:10:00.000,I 16,,,Rear End,2,Clear,Dry,Dark-Not Lighted
2021-09-27T07:48:00.000,I 75,,,Rear End,2,Cloudy,Dry,Dawn
2021-11-13T23:45:00.000,I-75,,,Sideswipe-Same Direction,3,Clear,Dry,Dark-Lighted
2021-11-18T12:40:00.000,I 285,,,Rear End,2,Clear,Dry,Daylight
2021-07-20T18:30:00.000,I 85,,,Not a Collision with Motor Vehicle,1,Rain,Wet,Daylight
2021-10-10T16:40:00.000,I 85,,,Rear End,3,Clear,Dry,Daylight
2021-07-28T17:29:00.000,I 285,,,Rear End,2,Clear,Dry,Daylight
2021-09-25T21:00:00.000,I 75,,,Sideswipe-Same Direction,2,Clear,Dry,Dark-Not Lighted
2021-11-13T23:30:00.000,I-75,,,Rear End,2,Clear,Dry,Dark-Lighted
2021-11-25T14:30:00.000,I 20,,,Not a Collision with Motor Vehicle,1,Clear,Dry,Daylight
2021-07-03T03:34:00.000,I-75,,,Not a Collision with Motor Vehicle,1,Cloudy,Dry,Dark-Lighted
2021-12-05T13:37:00.000,I 75,,,Rear End,2,Cloudy,Dry,Daylight
2021-09-15T15:05:00.000,I 75,,,Angle Crash,2,Rain,Wet,Daylight
2021-11-07T22:24:00.000,I-75,,,Rear End,3,Clear,Dry,Dark-Lighted
2021-10-15T18:43:00.000,I 75,,,Rear End,2,Clear,Dry,Daylight
2021-11-02T16:50:00.000,I 75,,,Rear End,2,Clear,Dry,Daylight
2021-10-24T17:10:00.000,I 20,,,Sideswipe-Same Direction,2,Cloudy,Dry,Daylight
2021-12-23T07:15:00.000,I 75,,,Rear End,2,Clear,Dry,Dawn
2021-11-06T19:13:00.000,I 285,,,Sideswipe-Same Direction,2,Clear,Dry,Dark-Lighted
2021-10-28T11:32:00.000,I 20,,,Angle Crash,2,Rain,Wet,Daylight
2021-10-16T03:31:00.000,I 20,,,Sideswipe-Same Direction,2,Clear,Dry,Dark-Not Lighted
2021-11-03T12:30:00.000,I-75,,,Sideswipe-Same Direction,2,Clear,Dry,Daylight
2021-12-21T00:00:00.000,I-75,,,Rear End,6,Rain,Wet,Daylight
2021-11-11T19:56:00.000,I-75,,,Rear End,2,Rain,Wet,Dark-Lighted
2021-12-19T07:20:00.000,I 285,,,Angle Crash,2,Cloudy,Wet,Daylight
2021-12-24T20:08:00.000,I 20,,,Sideswipe-Same Direction,2,Clear,Dry,Daylight
2021-07-14T16:54:00.000,I 75,,,Rear End,2,Rain,Wet,Daylight
2021-12-13T11:07:00.000,I 16,,,Not a Collision with Motor Vehicle,1,Clear,Dry,Daylight
2021-07-13T07:02:00.000,I 75,,,Sideswipe-Same Direction,2,Cloudy,Dry,Daylight
2021-08-21T21:10:00.000,I 85,,,Not a Collision with Motor Vehicle,2,Cloudy,Dry,Dark-Lighted
2021-12-11T15:11:00.000,I 285,,,Rear End,2,Cloudy,Wet,Daylight
2021-08-20T05:40:00.000,I 20,,,Rear End,3,Clear,Dry,Dark-Not Lighted
2021-11-19T19:55:00.000,I-75,,,Not a Collision with Motor Vehicle,3,Clear,Dry,Dark-Lighted
2021-10-16T08:30:00.000,I 75,,,Not a Collision with Motor Vehicle,1,Cloudy,Wet,Dawn
2021-07-10T17:35:00.000,I-75,,,Sideswipe-Same Direction,2,Rain,Wet,Daylight
2021-10-06T08:58:00.000,I 16,,,Not a Collision with Motor Vehicle,1,Rain,Wet,Daylight
2021-09-16T19:45:00.000,I 75,,,Not a Collision with Motor Vehicle,1,Clear,Dry,Dark-Not Lighted
2021-08-20T12:48:00.000,I 75,,,Rear End,2,Cloudy,Dry,Daylight
2021-12-03T12:45:00.000,I 285,,,Sideswipe-Same Direction,2,Clear,Dry,Daylight
2021-11-30T20:32:00.000,I-75,,,Rear End,2,Clear,Dry,Dark-Lighted
2021-12-09T21:30:00.000,I-75,,,Rear End,3,Clear,Dry,Dark-Lighted
2021-09-20T11:31:00.000,I 16,,,(None),1,(None),(None),(None)
2021-09-27T16:00:00.000,I 285,,,Sideswipe-Same Direction,2,Clear,Dry,Daylight
2021-11-04T15:18:00.000,I 75,,,Not a Collision with Motor Vehicle,1,Rain,Wet,Daylight
2021-11-24T19:17:00.000,I 20,,,Not a Collision with Motor Vehicle,1,Clear,Dry,Dark-Not Lighted
2021-12-11T22:00:00.000,I-75,,,Angle Crash,2,Clear,Dry,Dark-Not Lighted
2021-12-30T08:48:00.000,I 20,,,Rear End,2,Rain,Wet,Daylight
2021-12-21T16:27:00.000,I 75,,,Rear End,2,Rain,Wet,Daylight
2021-07-10T13:16:00.000,I 85,,,Not a Collision with Motor Vehicle,1,Cloudy,Dry,Daylight
2021-12-02T13:35:00.000,I 285,,,Sideswipe-Same Direction,2,Clear,Dry,Daylight
2021-07-02T01:11:00.000,I 20,,,Rear End,2,Clear,Dry,Dark-Not Lighted
2021-07-15T23:38:00.000,I 20,,,Rear End,2,Cloudy,Dry,Dark-Not Lighted
2021-08-06T16:53:00.000,I 75,,,Rear End,2,Clear,Dry,Daylight
2021-10-01T08:40:00.000,I 285,,,Angle Crash,2,Clear,Dry,Daylight
2021-11-17T07:50:00.000,I-75,,,Rear End,2,Clear,Dry,Daylight
2021-10-31T14:16:00.000,I-75,,,Rear End,2,Clear,Dry,Daylight
2021-10-28T17:25:00.000,I 75,,,Rear End,2,Cloudy,Wet,Daylight
2021-10-20T20:46:00.000,I 16,,,Rear End,2,Clear,Dry,Dark-Not Lighted
2021-08-27T10:30:00.000,I 75,,,Rear End,2,Clear,Dry,Daylight
2021-10-22T07:41:00.000,I 75,,,Rear End,2,Cloudy,Wet,Daylight
2021-10-14T20:50:00.000,I 20,,,Not a Collision with Motor Vehicle,1,Cloudy,Dry,Dark-Not Lighted
2021-11-29T12:10:00.000,I 285,,,Rear End,2,Clear,Dry,Daylight
2021-11-08T05:18:00.000,I 85,,,Not a Collision with Motor Vehicle,1,Cloudy,Dry,Dark-Not Lighted
2021-10-02T06:20:00.000,I 20,,,Rear End,2,Clear,Dry,Dark-Lighted
2021-10-23T19:57:00.000,I-75,,,Rear End,2,Clear,Dry,Dark-Lighted
2021-12-19T12:25:00.000,I 75,,,Rear End,2,Cloudy,Dry,Daylight
2021-12-30T02:14:00.000,I 85,,,Not a Collision with Motor Vehicle,1,Rain,Wet,Dark-Lighted
2021-11-22T14:40:00.000,I 75,,,Rear End,2,Clear,Dry,Daylight
2021-12-21T13:35:00.000,I 75,,,Sideswipe-Same Direction,2,Rain,Wet,Daylight
2021-07-12T16:35:00.000,I 75,,,Sideswipe-Same Direction,2,Cloudy,Wet,Daylight
2021-12-28T14:24:00.000,I 85,,,(None),2,Cloudy,Dry,Daylight
2021-10-08T13:00:00.000,I 75,,,Rear End,2,Cloudy,Dry,Daylight
2021-07-06T19:58:00.000,I 75,,,Not a Collision with Motor Vehicle,1,Rain,Wet,Dark-Not Lighted
2021-12-15T20:35:00.000,I 16,,,Not a Collision with Motor Vehicle,1,Clear,Dry,Dark-Not Lighted
2021-12-30T18:27:00.000,I 285,,,Rear End,2,Cloudy,Wet,Dark-Not Lighted
2021-10-03T19:40:00.000,I 285,,,Rear End,2,Rain,Wet,Dark-Lighted
2021-10-22T12:51:00.000,I 75,,,Sideswipe-Same Direction,2,Clear,Dry,Daylight
2021-12-30T06:06:00.000,I 20,,,Not a Collision with Motor Vehicle,1,Rain,Wet,Dark-Not Lighted
2021-12-19T01:00:00.000,I 85,,,Not a Collision with Motor Vehicle,1,Clear,Dry,Dark-Lighted
2021-11-14T13:15:00.000,I 285,,,Rear End,2,Clear,Dry,Daylight
2021-11-11T14:13:00.000,I 285,,,Sideswipe-Same Direction,2,Cloudy,Dry,Daylight
2021-11-27T10:20:00.000,I 75,,,Rear End,2,Clear,Dry,Daylight
2021-10-11T00:00:00.000,I 75,,,Not a Collision with Motor Vehicle,1,Clear,Dry,Dark-Lighted
2021-07-14T18:00:00.000,I 20,,,Angle Crash,3,Clear,Dry,Daylight
2021-11-30T08:39:00.000,I 75,,,Sideswipe-Same Direction,2,Clear,Dry,Daylight
2021-08-17T14:05:00.000,I 20,,,Rear End,2,Cloudy,Wet,Daylight
2021-12-09T06:55:00.000,I 20,,,Rear End,2,Clear,Dry,Dawn
2021-09-24T17:50:00.000,I 285,,,Rear End,3,Clear,Dry,Daylight
2021-11-28T19:47:00.000,I 20,,,Sideswipe-Same Direction,2,Clear,Dry,Dark-Lighted
2021-08-15T03:00:00.000,I-75,,,Rear End,3,Clear,Dry,Dark-Lighted
2021-08-17T16:20:00.000,I 75,,,Sideswipe-Same Direction,2,Clear,Dry,Daylight
2021-10-08T19:07:00.000,Sr 141,,,Angle Crash,2,Cloudy,Dry,Dark-Lighted
2021-07-29T18:17:00.000,I 75,,,Rear End,2,Clear,Dry,Daylight
2021-08-26T16:58:00.000,I 75,,,Sideswipe-Same Direction,2,Clear,Dry,Daylight
2021-11-11T12:35:00.000,I 85,,,Sideswipe-Same Direction,2,Clear,Dry,Daylight
2021-07-01T16:34:00.000,I 85,,,(None),3,(None),(None),(None)
2021-07-24T04:10:00.000,I-75,,,Sideswipe-Same Direction,2,Clear,Dry,Dark-Lighted
2021-08-09T13:58:00.000,I 75,,,Not a Collision with Motor Vehicle,1,Cloudy,Dry,Daylight
2021-10-31T21:21:00.000,I-75,,,Angle Crash,2,Clear,Dry,Dark-Lighted
2021-12-29T17:33:00.000,I 285,,,Rear End,2,Clear,Dry,Dark-Not Lighted
2021-12-04T20:30:00.000,I 285,,,Not a Collision with Motor Vehicle,1,Clear,Dry,Dark-Not Lighted
2021-09-10T12:24:00.000,I 285,,,Sideswipe-Same Direction,2,Clear,Dry,Daylight
2021-12-04T21:50:00.000,I 285,,,Sideswipe-Same Direction,2,Clear,Dry,Dark-Not Lighted
2021-11-11T20:19:00.000,I-75,,,Rear End,2,Rain,Water (standing or moving),Dark-Lighted
2021-09-30T08:35:00.000,I 75,,,Rear End,2,Clear,Dry,Daylight
2021-12-29T17:32:00.000,I 20,,,Not a Collision with Motor Vehicle,1,Rain,Wet,Dusk
2021-07-13T03:25:00.000,I 75,,,Not a Collision with Motor Vehicle,1,Cloudy,Wet,Dark-Lighted
2021-12-08T19:59:00.000,I 75,,,Rear End,2,Clear,Dry,Dark-Lighted
2021-09-17T17:29:00.000,I 20,,,Rear End,2,Cloudy,Dry,Daylight
2021-11-13T21:00:00.000,I-75,,,Rear End,2,Clear,Dry,Dark-Lighted
2021-09-19T15:35:00.000,I 20,,,Sideswipe-Same Direction,2,Cloudy,Dry,Daylight
2021-12-01T10:38:00.000,I-75,,,Angle Crash,3,Clear,Dry,Daylight
2021-08-27T10:40:00.000,I 285,,,Rear End,2,Clear,Dry,Daylight
2021-07-10T17:37:00.000,I 20,,,Not a Collision with Motor Vehicle,1,Cloudy,Wet,Daylight
2021-07-03T11:15:00.000,I 16,,,Not a Collision with Motor Vehicle,1,Clear,Dry,Daylight
2021-12-03T11:43:00.000,I 85,,,Sideswipe-Same Direction,2,Clear,Dry,Daylight
2021-08-07T02:39:00.000,I 85,,,Not a Collision with Motor Vehicle,1,Clear,Dry,Dark-Not Lighted
2021-11-18T16:00:00.000,I 285,,,Rear End,2,Clear,Dry,Daylight
2021-10-29T19:25:00.000,I 75,,,Not a Collision with Motor Vehicle,1,Rain,Wet,Dark-Not Lighted
2021-12-10T18:32:00.000,I 285,,,Rear End,2,Rain,Wet,Dark-Not Lighted
2021-12-05T14:24:00.000,I 285,,,Not a Collision with Motor Vehicle,1,Clear,Dry,Daylight
2021-10-27T12:41:00.000,I 85,,,Angle Crash,2,Clear,Dry,Daylight
2021-11-29T14:16:00.000,I 75,,,Rear End,3,Clear,Dry,Daylight
2021-07-09T22:19:00.000,I 16,,,Not a Collision with Motor Vehicle,1,Severe Thunderstorm or Tornadic,Wet,Dark-Not Lighted
2021-08-22T12:57:00.000,I-75,,,Rear End,3,Clear,Dry,Daylight
2021-08-02T14:26:00.000,I 285,,,Rear End,2,Cloudy,Dry,Daylight
2021-12-29T15:00:00.000,I 75,,,Rear End,2,Clear,Dry,Daylight
2021-11-29T18:37:00.000,I 75,,,Sideswipe-Same Direction,2,Cloudy,Dry,Dark-Not Lighted
2021-07-08T22:00:00.000,I 285,,,Sideswipe-Same Direction,2,Rain,Dry,Dark-Not Lighted
2021-07-28T16:10:00.000,I 75,,,Sideswipe-Same Direction,2,Clear,Dry,Daylight
2021-07-16T11:25:00.000,I 20,,,Sideswipe-Same Direction,2,Clear,Dry,Daylight
2021-10-15T17:54:00.000,I 85,,,Rear End,2,Clear,Dry,Daylight
2021-12-18T16:00:00.000,I-75,,,Rear End,2,Cloudy,Wet,Dark-Lighted
2021-12-26T15:12:00.000,I-75,,,Sideswipe-Same Direction,2,Clear,Dry,Daylight
2021-11-01T17:50:00.000,I 20,,,Sideswipe-Same Direction,2,Clear,Dry,Daylight
2021-11-09T11:59:00.000,I 285,,,Sideswipe-Same Direction,2,Clear,Dry,Daylight
2021-08-06T17:08:00.000,I 75,,,Rear End,2,Clear,Dry,Daylight
2021-12-06T14:40:00.000,I 285,,,Rear End,2,Rain,Wet,Daylight
2021-11-25T17:32:00.000,I 85,,,Sideswipe-Same Direction,2,Clear,Dry,Daylight
2021-11-05T13:00:00.000,I-75,,,Sideswipe-Same Direction,3,Clear,Dry,Daylight
2021-11-08T18:27:00.000,I 16,,,Not a Collision with Motor Vehicle,1,Clear,Dry,Dark-Lighted
2021-11-30T10:00:00.000,I 85,,,Rear End,4,Clear,Dry,Daylight
2021-12-30T16:00:00.000,I 75,,,Rear End,2,Rain,Wet,Dusk
2021-10-23T16:45:00.000,I-75,,,Sideswipe-Same Direction,2,Clear,Dry,Daylight
2021-10-21T05:30:00.000,I 20,,,Not a Collision with Motor Vehicle,1,Clear,Dry,Dark-Not Lighted
2021-12-17T16:03:00.000,I 75,,,Rear End,2,Clear,Dry,Daylight
2021-12-19T18:36:00.000,I 75,,,Sideswipe-Same Direction,2,Cloudy,Dry,Dark-Not Lighted
2021-08-29T19:15:00.000,I 20,,,Not a Collision with Motor Vehicle,1,(None),(None),(None)
2021-02-13T05:40:00.000,I 75,,,Sideswipe-Same Direction,2,Rain,Wet,Dark-Lighted
2021-03-18T00:00:00.000,I 285,,,Rear End,2,Clear,Dry,Daylight
2021-03-05T15:04:00.000,I 16,,,Sideswipe-Same Direction,2,Clear,Dry,Daylight
2021-06-15T17:20:00.000,I 85,,,Not a Collision with Motor Vehicle,1,Clear,Dry,Daylight
2021-03-29T13:37:00.000,I 75,,,Not a Collision with Motor Vehicle,2,Clear,Dry,Daylight
2021-06-28T17:55:00.000,I 75,,,Sideswipe-Same Direction,2,Clear,Dry,Daylight
2021-01-28T13:00:00.000,I 75,,,Rear End,2,Clear,Dry,Daylight
2021-04-02T19:00:00.000,I 85,,,Rear End,2,Clear,Dry,Dark-Not Lighted
2021-02-09T14:43:00.000,I 285,,,Sideswipe-Same Direction,2,Clear,Dry,Daylight
2021-06-19T23:45:00.000,I 85,,,Not a Collision with Motor Vehicle,1,Rain,Water (standing or moving),Dark-Lighted
2021-06-05T16:31:00.000,I 75,,,Sideswipe-Same Direction,2,Clear,Dry,Daylight
2021-05-05T09:20:00.000,I 75,,,Rear End,2,Cloudy,Wet,Daylight
2021-03-29T15:46:00.000,I 20,,,Rear End,2,Clear,Dry,Daylight
2021-02-12T19:03:00.000,I 85,,,Rear End,3,Rain,Wet,Dark-Lighted
2021-02-19T13:17:00.000,I 285,,,Rear End,2,Clear,Dry,Daylight
2021-04-12T20:28:00.000,I 85,,,Not a Collision with Motor Vehicle,1,Clear,Dry,Dark-Lighted
2021-06-19T12:16:00.000,I 285,,,Not a Collision with Motor Vehicle,1,Clear,Wet,Daylight
2021-01-02T12:01:00.000,I 95,,,Rear End,2,Rain,Wet,Daylight
2021-06-02T14:35:00.000,I 75,,,Angle Crash,2,Rain,Wet,Daylight
2021-05-03T15:45:00.000,I 285,,,Rear End,2,Rain,Wet,Daylight
2021-06-25T17:49:00.000,I 75,,,Rear End,2,Clear,Dry,Daylight
2021-05-15T16:25:00.000,I 20,,,Rear End,2,Clear,Dry,Daylight
2021-01-15T04:47:00.000,I 85,,,Not a Collision with Motor Vehicle,1,Clear,Dry,Dark-Not Lighted
2021-02-16T05:40:00.000,I 285,,,Angle Crash,2,Snow,Wet,Dark-Lighted
2021-05-05T16:15:00.000,I 85,,,Rear End,2,Clear,Dry,Daylight
2021-01-04T17:40:00.000,I 75,,,Sideswipe-Same Direction,2,Clear,Dry,Daylight
2021-05-26T23:46:00.000,I 85,,,Sideswipe-Same Direction,2,Clear,Dry,Dark-Lighted
2021-05-07T13:48:00.000,I 95,,,Not a Collision with Motor Vehicle,4,Clear,Dry,Daylight
2021-02-20T05:32:00.000,I 75,,,Rear End,3,Clear,Dry,Dark-Lighted
2021-04-11T16:35:00.000,I 85,,,Rear End,2,Clear,Dry,Daylight
2021-05-12T17:04:00.000,I 285,,,Not a Collision with Motor Vehicle,1,Cloudy,Dry,Daylight
2021-06-06T22:45:00.000,I 85,,,Not a Collision with Motor Vehicle,1,Rain,Wet,Dark-Not Lighted
2021-05-28T14:23:00.000,I 285,,,Rear End,2,Cloudy,Dry,Daylight
2021-03-25T09:46:00.000,I 75,,,Rear End,3,Rain,Wet,Daylight
2021-04-13T13:00:00.000,I 75,,,Rear End,4,Clear,Dry,Daylight
2021-06-23T17:50:00.000,I 75,,,Rear End,2,Clear,Dry,Daylight
2021-03-02T11:30:00.000,I 75,,,Sideswipe-Same Direction,2,Cloudy,Dry,Daylight
2021-01-28T17:00:00.000,I 20,,,Rear End,2,Clear,Dry,Daylight
2021-06-22T16:38:00.000,I 20,,,Rear End,2,Clear,Dry,Daylight
2021-03-01T07:16:00.000,I 85,,,Not a Collision with Motor Vehicle,1,Rain,Wet,Daylight
2021-06-01T21:54:00.000,I 285,,,Sideswipe-Same Direction,2,Clear,Dry,Dark-Not Lighted
2021-04-02T07:37:00.000,I 285,,,Rear End,2,Clear,Dry,Daylight
2021-05-21T19:24:00.000,I 75,,,Rear End,2,Clear,Dry,Daylight
2021-03-31T14:38:00.000,I 75,,,Rear End,2,Rain,Wet,Daylight
2021-05-14T08:45:00.000,I 20,,,Rear End,3,Clear,Dry,Daylight
2021-03-22T17:30:00.000,I 285,,,Rear End,2,Clear,Dry,Daylight
2021-06-13T03:13:00.000,I 16,,,Not a Collision with Motor Vehicle,1,Cloudy,Wet,Dark-Not Lighted
2021-06-17T07:55:00.000,I 75,,,Rear End,2,Clear,Dry,Daylight
2021-03-13T14:08:00.000,I 20,,,Sideswipe-Same Direction,2,Cloudy,Dry,Daylight
2021-01-05T10:00:00.000,I 285,,,Sideswipe-Same Direction,3,Clear,Dry,Daylight
2021-04-16T11:19:00.000,I 75,,,Sideswipe-Same Direction,2,Cloudy,Dry,Daylight
2021-02-18T19:10:00.000,I 75,,,Sideswipe-Same Direction,2,Cloudy,Dry,Dark-Not Lighted
2021-02-26T14:48:00.000,I 285,,,Sideswipe-Same Direction,2,Cloudy,Wet,Daylight
2021-06-29T09:00:00.000,I 75,,,Rear End,2,Clear,Dry,Daylight
2021-02-25T12:27:00.000,I 285,,,Sideswipe-Same Direction,2,Clear,Dry,Daylight
2021-04-11T14:42:00.000,I 75,,,Rear End,2,Clear,Dry,Daylight
2021-06-19T16:20:00.000,I 75,,,Rear End,2,Rain,Dry,Daylight
2021-02-25T12:00:00.000,I 75,,,Not a Collision with Motor Vehicle,1,Clear,Dry,Daylight
2021-04-10T15:39:00.000,I 95,,,Rear End,2,Clear,Dry,Daylight
2021-02-12T16:22:00.000,I 285,,,Rear End,2,Cloudy,Dry,Daylight
2021-02-11T16:21:00.000,I 75,,,Rear End,5,Rain,Wet,Daylight
2021-05-28T15:45:00.000,I 85,,,Rear End,2,Clear,Dry,Daylight
2021-03-19T10:30:00.000,I 285,,,Sideswipe-Same Direction,2,Cloudy,Dry,Daylight
2021-02-10T14:32:00.000,I 85,,,Rear End,2,Clear,Dry,Daylight
2021-06-25T18:39:00.000,I 95,,,Rear End,2,Clear,Dry,Daylight
2021-06-02T18:00:00.000,I 285,,,Rear End,2,Clear,Dry,Daylight
2021-02-11T06:14:00.000,I 20,,,Not a Collision with Motor Vehicle,1,Fog,Wet,Dark-Not Lighted
2021-04-05T06:26:00.000,I 285,,,Rear End,2,Clear,Dry,Dark-Not Lighted
2021-06-19T19:22:00.000,I 285,,,Rear End,2,Rain,Wet,Daylight
2021-03-08T14:45:00.000,I 20,,,Rear End,2,Clear,Dry,Daylight
2021-05-11T18:16:00.000,I 285,,,Sideswipe-Same Direction,2,Cloudy,Dry,Daylight
2021-01-28T18:30:00.000,I 85,,,Sideswipe-Same Direction,2,Clear,Dry,Dark-Not Lighted
2021-05-06T10:38:00.000,I 20,,,Rear End,2,Clear,Dry,Daylight
2021-02-22T19:15:00.000,I 85,,,Angle Crash,2,Clear,Dry,Dark-Not Lighted
2021-04-11T13:00:00.000,I 20,,,Not a Collision with Motor Vehicle,1,Clear,Dry,Daylight
2021-01-11T00:45:00.000,I 285,,,Angle Crash,3,Clear,Dry,Dark-Lighted
2021-01-10T15:25:00.000,I 285,,,Sideswipe-Same Direction,2,Clear,Dry,Daylight
2021-06-19T20:30:00.000,I 75,,,Rear End,2,Clear,Dry,Dark-Lighted