Date and Time,Roadway (From Crash Report),Intersection Name (from Crash Report),KABCO Severity,Manner of Collision (Crash Level) ,# of Vehicles per crash ,Weather Conditions (Crash Level),Surface Condition (Crash Level) ,Light Conditions (Crash Level)
2021-04-02T23:07:00.000,I 20,,,Not a Collision with Motor Vehicle,1,Clear,Dry,Dark-Not Lighted
2021-03-21T19:50:00.000,I 85,,,Not a Collision with Motor Vehicle,1,Clear,Dry,Daylight
2021-04-13T06:26:00.000,I 16,,,Not a Collision with Motor Vehicle,2,Clear,Dry,Daylight
2021-01-30T09:37:00.000,I 85,,,Angle Crash,2,Cloudy,Dry,Daylight
2021-03-14T17:54:00.000,I 285,,,Not a Collision with Motor Vehicle,1,Clear,Dry,Daylight
2021-03-18T11:30:00.000,I 20,,,Rear End,3,Clear,Dry,Daylight
2021-04-04T13:50:00.000,I 75,,,Sideswipe-Same Direction,2,Clear,Dry,Daylight
2021-02-15T17:38:00.000,I 75,,,Sideswipe-Same Direction,2,Rain,Wet,Daylight
2021-03-02T17:32:00.000,I 85,,,Rear End,2,Cloudy,Wet,Daylight
2021-05-12T04:20:00.000,I 285,,,Sideswipe-Same Direction,2,Rain,Wet,Dark-Not Lighted
2021-06-14T06:55:00.000,I 20,,,Rear End,2,Cloudy,Dry,Daylight
2021-05-17T18:23:00.000,I 75,,,Rear End,2,Clear,Dry,Daylight
2021-06-25T19:25:00.000,I 20,,,Sideswipe-Same Direction,2,Clear,Dry,Daylight
2021-06-12T03:29:00.000,I 75,,,Not a Collision with Motor Vehicle,1,Clear,Dry,Dark-Not Lighted
2021-05-24T16:00:00.000,I 285,,,Rear End,2,Clear,Dry,Daylight
2021-01-05T11:59:00.000,I 285,,,Rear End,2,Clear,Dry,Daylight
2021-04-03T12:30:00.000,I 75,,,Rear End,2,Clear,Dry,Daylight
2021-03-19T09:00:00.000,I 75,,,Sideswipe-Same Direction,2,Cloudy,Dry,Daylight
2021-02-14T15:14:00.000,I 20,,,Rear End,2,Cloudy,Wet,Daylight
2021-04-27T18:30:00.000,I 285,,,Rear End,2,Clear,Dry,Daylight
2021-03-23T13:59:00.000,I 85,,,Angle Crash,2,Clear,Dry,Daylight
2021-06-29T15:24:00.000,I 75,,,Angle Crash,2,Clear,Dry,Daylight
2021-02-28T09:10:00.000,I 20,,,Not a Collision with Motor Vehicle,1,Cloudy,Dry,Daylight
2021-01-01T09:08:00.000,I 20,,,Angle Crash,1,Rain,Wet,Daylight
2021-03-19T20:20:00.000,I 85,,,Sideswipe-Same Direction,2,Cloudy,Dry,Dark-Not Lighted
2021-06-18T13:40:00.000,I 20,,,Not a Collision with Motor Vehicle,1,Clear,Dry,Daylight
2021-04-12T13:05:00.000,I 75,,,Sideswipe-Same Direction,2,Clear,Dry,Daylight
2021-02-26T15:42:00.000,I 285,,,Not a Collision with Motor Vehicle,1,Cloudy,Wet,Daylight
2021-05-02T14:00:00.000,I 85,,,Rear End,5,Clear,Dry,Daylight
2021-04-26T10:00:00.000,I 285,,,Not a Collision with Motor Vehicle,2,Clear,Dry,Daylight
2021-02-11T11:50:00.000,I 20,,,Rear End,2,Rain,Wet,Daylight
2021-05-20T09:27:00.000,I 85,,,Not a Collision with Motor Vehicle,1,Cloudy,Dry,Daylight
2021-06-25T15:18:00.000,I 75,,,Not a Collision with Motor Vehicle,1,Clear,Dry,Daylight
2021-06-28T08:00:00.000,I 75,,,Sideswipe-Same Direction,2,Clear,Dry,Daylight
2021-02-13T21:50:00.000,I 20,,,Rear End,2,Clear,Dry,Dark-Lighted
2021-01-03T14:00:00.000,I 75,,,Sideswipe-Same Direction,2,Clear,Dry,Daylight
2021-06-26T19:22:00.000,I 16,,,Not a Collision with Motor Vehicle,1,Rain,Wet,Daylight
2021-04-12T15:39:00.000,I 75,,,Rear End,2,Clear,Dry,Daylight
2021-06-11T11:09:00.000,I 285,,,Not a Collision with Motor Vehicle,1,Cloudy,Dry,Daylight
2021-01-07T13:05:00.000,I 285,,,Angle Crash,2,Clear,Dry,Daylight
2021-01-26T14:48:00.000,I 285,,,Not a Collision with Motor Vehicle,1,Cloudy,Dry,Daylight
2021-01-28T15:58:00.000,I 75,,,Not a Collision with Motor Vehicle,1,Clear,Dry,Daylight
2021-03-12T16:00:00.000,I 20,,,Not a Collision with Motor Vehicle,1,Clear,Dry,Daylight
2021-03-04T07:38:00.000,I 85,,,Rear End,2,Clear,Dry,Daylight
2021-02-25T16:15:00.000,I 285,,,Rear End,2,Clear,Dry,Daylight
2021-04-08T09:47:00.000,I 85,,,Rear End,2,Cloudy,Dry,Daylight
2021-06-07T15:10:00.000,I 75,,,Not a Collision with Motor Vehicle,1,Clear,Dry,Daylight
2021-01-28T10:23:00.000,I 20,,,Angle Crash,2,Clear,Dry,Daylight
2021-03-08T15:39:00.000,I 20,,,Sideswipe-Same Direction,1,Clear,Dry,Daylight
2021-06-06T20:07:00.000,I 85,,,Angle Crash,2,Cloudy,Dry,Daylight
2021-06-28T02:04:00.000,I 85,,,Angle Crash,2,Clear,Dry,Dark-Lighted
2021-04-24T12:20:00.000,I 85,,,Rear End,2,Cloudy,Wet,Daylight
2021-04-05T12:05:00.000,I 285,,,Rear End,2,Clear,Dry,Daylight
2021-05-29T05:00:00.000,I 20,,,Rear End,2,Clear,Dry,Dark-Not Lighted
2021-04-08T02:44:00.000,I 285,,,Head On,3,Clear,Dry,Dark-Not Lighted
2021-06-01T14:00:00.000,I 20,,,Rear End,2,Clear,Dry,Daylight
2021-03-13T13:00:00.000,I 85,,,Angle Crash,2,Clear,Dry,Daylight
2021-05-11T18:58:00.000,I 20,,,Not a Collision with Motor Vehicle,1,Clear,Dry,Daylight
2021-06-22T15:42:00.000,I 75,,,Sideswipe-Same Direction,2,Rain,Wet,Daylight
2021-05-15T17:30:00.000,I-75,,,Sideswipe-Same Direction,2,Clear,Dry,Daylight
2021-03-26T16:38:00.000,I 285,,,Sideswipe-Same Direction,2,Clear,Dry,Daylight
2021-02-28T11:53:00.000,I 20,,,Not a Collision with Motor Vehicle,1,Cloudy,Wet,Dark-Not Lighted
2021-04-16T06:15:00.000,I 16,,,Not a Collision with Motor Vehicle,1,Clear,Dry,Dark-Not Lighted
2021-03-14T03:27:00.000,I 85,,,Sideswipe-Same Direction,2,Cloudy,Dry,Dark-Not Lighted
2021-01-29T07:04:00.000,I 95,,,Rear End,2,Clear,Dry,Dawn
2021-05-11T11:00:00.000,I 285,,,Not a Collision with Motor Vehicle,2,Clear,Dry,Daylight
2021-06-22T08:10:00.000,I 285,,,Rear End,2,Rain,Wet,Daylight
2021-02-13T02:55:00.000,I 75,,,Not a Collision with Motor Vehicle,1,Rain,Wet,Dark-Not Lighted
2021-02-21T19:24:00.000,I 285,,,Rear End,2,Clear,Dry,Dark-Lighted
2021-06-04T20:23:00.000,I 75,,,Sideswipe-Same Direction,3,Clear,Dry,Daylight
2021-01-05T14:44:00.000,I 20,,,Angle Crash,2,Clear,Dry,Daylight
2021-06-23T17:26:00.000,I 285,,,Rear End,2,Clear,Dry,Daylight
2021-03-11T23:10:00.000,I 85,,,Sideswipe-Same Direction,2,Clear,Dry,Dark-Not Lighted
2021-06-10T08:58:00.000,I 75,,,Angle Crash,2,Clear,Dry,Daylight
2021-03-21T20:00:00.000,I 75,,,Rear End,2,Clear,Dry,Dark-Not Lighted
2021-04-11T21:28:00.000,I 85,,,Not a Collision with Motor Vehicle,1,Clear,Dry,Dark-Not Lighted
2021-03-23T10:07:00.000,I 20,,,Sideswipe-Same Direction,2,Cloudy,Dry,Daylight
2021-04-19T17:50:00.000,I 285,,,Rear End,2,Clear,Dry,Daylight
2021-02-24T11:00:00.000,I 75,,,Sideswipe-Same Direction,2,Clear,Dry,Daylight
2021-01-07T16:35:00.000,I 75,,,Angle Crash,2,Rain,Wet,Daylight
2021-03-04T18:25:00.000,I 75,,,Rear End,3,Clear,Dry,Dusk
2021-04-02T12:32:00.000,I 285,,,Rear End,2,Clear,Dry,Daylight
2021-01-09T03:23:00.000,I 20,,,Not a Collision with Motor Vehicle,1,Clear,Dry,Dark-Lighted
2021-04-24T19:00:00.000,I 285,,,Not a Collision with Motor Vehicle,1,Rain,Wet,Daylight
2021-03-05T12:45:00.000,I 95,,,Angle Crash,2,Clear,Dry,Daylight
2021-04-22T18:34:00.000,I 20,,,Not a Collision with Motor Vehicle,1,Clear,Dry,Daylight
2021-04-15T10:35:00.000,I 285,,,Sideswipe-Same Direction,2,Clear,Dry,Daylight
2021-03-12T09:49:00.000,I 75,,,Rear End,2,Clear,Dry,Daylight
2021-02-27T02:30:00.000,I 285,,,Not a Collision with Motor Vehicle,1,Cloudy,Dry,Dark-Not Lighted
2021-01-22T06:25:00.000,I 75,,,Rear End,2,Rain,Wet,Dark-Not Lighted
2021-05-17T07:15:00.000,I 75,,,Rear End,2,Clear,Dry,Daylight
2021-06-21T16:11:00.000,I 85,,,Angle Crash,2,Clear,Dry,Daylight
2021-06-22T06:55:00.000,I 75,,,Sideswipe-Same Direction,2,Rain,Wet,Dusk
2021-05-08T18:06:00.000,I 16,,,Rear End,4,Clear,Dry,Daylight
2021-03-15T18:51:00.000,I 20,,,Not a Collision with Motor Vehicle,1,Clear,Dry,Dusk
2021-05-10T02:23:00.000,I 85,,,Not a Collision with Motor Vehicle,1,Rain,Wet,Dark-Not Lighted
2021-03-31T13:46:00.000,I 75,,,Rear End,2,Rain,Wet,Daylight
2021-03-09T18:37:00.000,I 85,,,Angle Crash,4,Clear,Dry,Dusk
2021-06-28T10:55:00.000,I 285,,,Rear End,2,Clear,Dry,Daylight
2021-06-14T07:10:00.000,I 285,,,Sideswipe-Same Direction,2,Clear,Dry,Daylight
2021-04-06T08:45:00.000,I 20,,,Rear End,2,Clear,Dry,Daylight
2021-02-22T10:27:00.000,I 75,,,Not a Collision with Motor Vehicle,1,Rain,Wet,Daylight
2021-04-04T22:47:00.000,I 75,,,Rear End,2,Clear,Dry,Dark-Not Lighted
2021-04-22T22:33:00.000,I 285,,,Not a Collision with Motor Vehicle,1,Clear,Dry,Dark-Not Lighted
2021-01-21T06:10:00.000,I 85,,,Rear End,5,Rain,Wet,Dark-Not Lighted
2021-04-24T10:22:00.000,I 16,,,Not a Collision with Motor Vehicle,1,Rain,Wet,Daylight
2021-02-04T17:33:00.000,I 16,,,Not a Collision with Motor Vehicle,1,Clear,Dry,Dusk
2021-04-15T09:21:00.000,I 285,,,Rear End,2,Cloudy,Dry,Daylight
2021-05-21T18:14:00.000,I 85,,,Angle Crash,2,Clear,Dry,Daylight
2021-02-02T16:55:00.000,I 20,,,Rear End,3,Clear,Dry,Daylight
2021-01-30T11:11:00.000,I 75,,,Sideswipe-Same Direction,2,Clear,Dry,Daylight
2021-04-10T15:00:00.000,I 85,,,Rear End,2,Rain,Wet,Daylight
2021-01-01T18:42:00.000,I 285,,,Sideswipe-Same Direction,2,Cloudy,Wet,Dark-Not Lighted
2021-04-15T22:54:00.000,Sr 141,,,Rear End,2,Cloudy,Dry,Dark-Lighted
2021-04-10T02:55:00.000,I 75,,,Not a Collision with Motor Vehicle,1,Clear,Dry,Dark-Not Lighted
2021-04-16T23:17:00.000,I 85,,,Rear End,2,Clear,Dry,Dark-Not Lighted
2021-04-02T12:37:00.000,I 75,,,Rear End,3,Clear,Dry,Daylight
2021-01-22T18:11:00.000,I 75,,,Sideswipe-Same Direction,4,Cloudy,Dry,Daylight
2021-05-16T04:22:00.000,I 75,,,Not a Collision with Motor Vehicle,1,Clear,Dry,Dark-Not Lighted
2021-04-03T18:26:00.000,I 75,,,Rear End,2,Clear,Dry,Daylight
2021-05-01T03:20:00.000,I 20,,,Not a Collision with Motor Vehicle,1,Clear,Dry,Dark-Lighted
2021-05-12T06:50:00.000,I 285,,,Angle Crash,2,Rain,Wet,Daylight
2021-03-26T09:20:00.000,I 75,,,Rear End,3,Cloudy,Wet,Daylight
2021-01-31T07:30:00.000,I 285,,,Not a Collision with Motor Vehicle,1,Clear,Wet,Daylight
2021-03-26T11:00:00.000,I 75,,,Sideswipe-Same Direction,2,Cloudy,Wet,Daylight
2021-03-22T11:44:00.000,I 20,,,Rear End,3,Clear,Dry,Daylight
2021-01-11T05:01:00.000,I 20,,,Rear End,2,Rain,Wet,Daylight
2021-04-20T15:58:00.000,I 75,,,Sideswipe-Same Direction,2,Clear,Dry,Daylight
2021-03-25T11:05:00.000,I 75,,,Rear End,3,Rain,Wet,Daylight
2021-01-05T07:05:00.000,I 20,,,Sideswipe-Same Direction,2,Clear,Dry,Daylight
2021-02-24T19:05:00.000,I 285,,,Rear End,2,Clear,Dry,Dark-Not Lighted
2021-04-13T17:00:00.000,I 75,,,Rear End,2,Cloudy,Dry,Daylight
2021-05-16T05:47:00.000,I 16,,,Not a Collision with Motor Vehicle,1,Clear,Dry,Dark-Not Lighted
2021-01-07T05:04:00.000,I 75,,,Not a Collision with Motor Vehicle,1,Clear,Dry,Dark-Not Lighted
2021-05-29T22:49:00.000,I 285,,,Angle Crash,2,Clear,Dry,Dark-Not Lighted
2021-03-08T10:05:00.000,I 20,,,Rear End,2,Clear,Dry,Daylight
2021-01-29T20:58:00.000,I 75,,,Sideswipe-Same Direction,2,Clear,Dry,Dark-Lighted
2021-06-20T02:25:00.000,I 20,,,Not a Collision with Motor Vehicle,1,Rain,Wet,Dark-Not Lighted
2021-04-17T16:20:00.000,I 75,,,Rear End,2,Clear,Dry,Daylight
2021-04-29T15:36:00.000,I 285,,,Sideswipe-Same Direction,2,Clear,Dry,Daylight
2021-03-03T00:00:00.000,I 85,,,Rear End,2,Rain,Water (standing or moving),Dark-Not Lighted
2021-03-27T14:20:00.000,I 85,,,Rear End,2,Clear,Dry,Daylight
2021-04-24T00:00:00.000,I 85,,,Not a Collision with Motor Vehicle,1,Rain,Wet,Daylight
2021-04-07T18:44:00.000,I 20,,,Not a Collision with Motor Vehicle,1,Clear,Dry,Daylight
2021-06-28T20:30:00.000,I 85,,,Rear End,2,Clear,Dry,Daylight
2021-04-13T17:00:00.000,I 75,,,Rear End,2,Cloudy,Dry,Daylight
2021-01-14T12:53:00.000,I 285,,,Sideswipe-Same Direction,2,Clear,Dry,Daylight
2021-06-01T00:00:00.000,I 285,,,Rear End,2,Clear,Dry,Daylight
2021-04-09T11:17:00.000,I 285,,,Angle Crash,2,Clear,Dry,Daylight
2021-05-29T08:43:00.000,I 85,,,Rear End,2,Clear,Dry,Daylight
2021-06-18T15:30:00.000,I 75,,,Not a Collision with Motor Vehicle,1,Clear,Dry,Daylight
2021-05-16T13:31:00.000,I 20,,,Rear End,3,Clear,Dry,Daylight
2021-05-22T18:15:00.000,I 85,,,Sideswipe-Same Direction,2,Clear,Dry,Daylight
2021-01-13T09:22:00.000,I 75,,,Sideswipe-Same Direction,2,Clear,Dry,Daylight
2021-04-27T18:00:00.000,I 75,,,Rear End,2,Clear,Dry,Daylight
2021-04-18T19:10:00.000,I 85,,,Sideswipe-Same Direction,1,Clear,Dry,Daylight
2021-06-16T11:18:00.000,I 285,,,Sideswipe-Same Direction,2,Clear,Dry,Daylight
2021-05-08T08:05:00.000,I 20,,,Sideswipe-Same Direction,2,Clear,Dry,Daylight
2021-02-26T12:10:00.000,I 20,,,Rear End,2,Cloudy,Wet,Daylight
2021-02-08T23:20:00.000,I 285,,,Not a Collision with Motor Vehicle,2,Clear,Dry,Dark-Not Lighted
2021-03-17T16:29:00.000,I 85,,,Rear End,2,Cloudy,Other,Daylight
2021-04-15T19:50:00.000,I 285,,,Sideswipe-Same Direction,2,Clear,Dry,Dark-Not Lighted
2021-03-26T15:10:00.000,I 85,,,Sideswipe-Same Direction,2,Cloudy,Dry,Daylight
2021-03-05T15:30:00.000,I 75,,,Rear End,2,Clear,Dry,Daylight
2021-06-01T16:33:00.000,I 285,,,Sideswipe-Same Direction,2,Clear,Dry,Daylight
2021-03-04T17:39:00.000,I 75,,,Angle Crash,4,Clear,Dry,Daylight
2021-05-17T05:38:00.000,I 20,,,Not a Collision with Motor Vehicle,1,Clear,Dry,Dark-Not Lighted
2021-05-15T23:15:00.000,I 75,,,Sideswipe-Same Direction,2,Clear,Dry,Dark-Not Lighted
2021-05-13T19:40:00.000,I 20,,,Not a Collision with Motor Vehicle,2,Clear,Dry,Daylight
2021-03-05T20:51:00.000,I 20,,,Rear End,3,Clear,Dry,Dark-Lighted
2021-02-22T21:23:00.000,I 85,,,Not a Collision with Motor Vehicle,1,Clear,Dry,Dark-Not Lighted
2021-01-14T01:22:00.000,I 75,,,Not a Collision with Motor Vehicle,1,Clear,Dry,Dark-Not Lighted
2021-03-14T14:00:00.000,I 285,,,Sideswipe-Same Direction,2,Clear,Dry,Daylight
2021-05-30T02:17:00.000,I 75,,,Not a Collision with Motor Vehicle,1,Clear,Dry,Dark-Not Lighted
2021-03-10T20:45:00.000,I 75,,,Angle Crash,2,Cloudy,Dry,Dark-Not Lighted
2021-05-13T12:40:00.000,I 20,,,Sideswipe-Same Direction,2,Clear,Dry,Dawn
2021-01-26T07:15:00.000,I 285,,,Sideswipe-Same Direction,2,Cloudy,Wet,Daylight
2021-01-11T17:00:00.000,I 75,,,Rear End,2,Rain,Wet,Dark-Not Lighted
2021-06-11T12:39:00.000,I 75,,,Rear End,2,Clear,Dry,Daylight
2021-04-24T09:02:00.000,I 85,,,Not a Collision with Motor Vehicle,1,Rain,Wet,Dark-Lighted
2021-05-14T21:18:00.000,I 16,,,Sideswipe-Same Direction,2,Clear,Dry,Dark-Not Lighted
2021-03-10T14:50:00.000,I 85,,,Sideswipe-Same Direction,2,Clear,Dry,Daylight
2021-01-03T20:15:00.000,I 285,,,Sideswipe-Same Direction,2,Clear,Dry,Dark-Not Lighted
2021-03-20T21:55:00.000,I 20,,,Rear End,2,Clear,Dry,Dark-Lighted
2021-05-27T19:43:00.000,I 285,,,Not a Collision with Motor Vehicle,1,Clear,Dry,Daylight
2021-05-28T01:34:00.000,I 16,,,Not a Collision with Motor Vehicle,1,Clear,Dry,Dark-Not Lighted
2021-05-21T15:01:00.000,I 20,,,Rear End,2,Clear,Dry,Daylight
2021-02-13T21:00:00.000,I 20,,,Sideswipe-Same Direction,2,Clear,Dry,Dark-Not Lighted
2021-01-29T12:40:00.000,I 285,,,Sideswipe-Same Direction,2,Clear,Dry,Daylight
2021-06-05T11:30:00.000,I 20,,,Not a Collision with Motor Vehicle,1,Clear,Dry,Daylight
2021-04-01T18:50:00.000,I 75,,,Not a Collision with Motor Vehicle,1,Clear,Dry,Daylight
2021-01-05T11:00:00.000,I 285,,,Rear End,2,Clear,Dry,Daylight
2021-02-15T17:07:00.000,I 16,,,Sideswipe-Same Direction,2,Rain,Wet,Daylight
2021-04-30T04:42:00.000,I 285,,,Sideswipe-Same Direction,2,Cloudy,Wet,Dark-Not Lighted
2021-05-01T04:09:00.000,I 75,,,Not a Collision with Motor Vehicle,1,Clear,Dry,Dark-Lighted
2021-06-17T23:30:00.000,I-75,,,Sideswipe-Same Direction,2,Clear,Dry,Dark-Lighted
2021-01-17T02:20:00.000,I 20,,,Not a Collision with Motor Vehicle,1,Clear,Dry,Dark-Lighted
2021-01-07T11:49:00.000,I 75,,,Rear End,2,Cloudy,Dry,Daylight
2021-02-20T19:53:00.000,I 85,,,Rear End,3,Clear,Dry,Dark-Not Lighted
2021-05-13T15:57:00.000,I 75,,,Rear End,2,Clear,Dry,Daylight
2021-04-20T16:11:00.000,I 285,,,Rear End,2,Clear,Dry,Daylight
2021-04-25T20:39:00.000,I 20,,,Sideswipe-Same Direction,2,Clear,Dry,Dark-Not Lighted
2021-02-10T16:24:00.000,I 85,,,(None),2,(None),(None),(None)
2021-06-19T23:35:00.000,I 285,,,Not a Collision with Motor Vehicle,1,Rain,Wet,Dark-Not Lighted
2021-05-14T05:45:00.000,I 75,,,Rear End,2,Clear,Dry,Dark-Not Lighted
2021-03-03T15:20:00.000,I 285,,,Angle Crash,2,Clear,Dry,Daylight
2021-02-12T00:01:00.000,I 20,,,Rear End,2,Fog,Wet,Dark-Not Lighted
2021-05-19T18:00:00.000,I 285,,,Rear End,2,Clear,Dry,Dark-Not Lighted
2021-02-07T17:33:00.000,I 20,,,Not a Collision with Motor Vehicle,1,Clear,Dry,Dusk
2021-06-25T12:34:00.000,I 95,,,Rear End,2,Rain,Wet,Daylight
2021-06-22T06:09:00.000,I 285,,,Not a Collision with Motor Vehicle,1,Rain,Water (standing or moving),Dark-Not Lighted
2021-01-13T08:57:00.000,I 75,,,Rear End,3,Clear,Dry,Daylight
2021-01-26T09:15:00.000,I 75,,,Rear End,2,Clear,Wet,Daylight
2021-04-01T15:00:00.000,I 75,,,Rear End,1,Clear,Dry,Daylight
2021-03-05T11:39:00.000,I 285,,,Rear End,2,Clear,Dry,Daylight
2021-02-21T00:00:00.000,I 75,,,Not a Collision with Motor Vehicle,1,Clear,Dry,Daylight
2021-05-13T19:00:00.000,I-75,,,Rear End,4,Clear,Dry,Daylight
2021-06-14T20:01:00.000,I 285,,,Rear End,2,Cloudy,Dry,Daylight
2021-03-22T18:19:00.000,I 75,,,Angle Crash,2,Clear,Dry,Daylight
2021-03-28T15:20:00.000,I 75,,,Rear End,4,Rain,Wet,Daylight
2021-02-15T08:17:00.000,I 20,,,Sideswipe-Same Direction,4,Rain,Wet,Daylight
2021-04-16T15:01:00.000,I 285,,,Rear End,2,Cloudy,Dry,Daylight
2021-04-14T17:18:00.000,I 285,,,Sideswipe-Same Direction,2,Rain,Wet,Daylight
2021-06-01T07:45:00.000,I 75,,,Rear End,2,Cloudy,Dry,Daylight
2021-05-04T18:30:00.000,I 75,,,Angle Crash,2,Cloudy,Wet,Daylight
2021-01-28T17:47:00.000,I 75,,,Not a Collision with Motor Vehicle,2,Clear,Dry,Daylight
2021-04-02T18:35:00.000,I 75,,,Rear End,2,Clear,Dry,Daylight
2021-05-31T16:39:00.000,I 285,,,Rear End,2,Clear,Dry,Daylight
2021-04-05T12:49:00.000,I 75,,,Not a Collision with Motor Vehicle,2,Clear,Dry,Daylight
2021-06-21T20:05:00.000,I 20,,,Angle Crash,2,Rain,Wet,Daylight
2021-02-01T08:23:00.000,I 75,,,Rear End,2,Cloudy,Dry,Daylight
2021-06-09T05:38:00.000,I 20,,,Angle Crash,2,Fog,Wet,Dark-Lighted
2021-04-05T13:30:00.000,I 285,,,Rear End,2,Clear,Dry,Daylight
2021-04-03T14:56:00.000,I 75,,,Rear End,2,Clear,Dry,Daylight
2021-04-14T22:00:00.000,I 285,,,Sideswipe-Same Direction,2,Clear,Dry,Dark-Lighted
2021-02-16T20:33:00.000,I 16,,,Not a Collision with Motor Vehicle,1,Clear,Dry,Dark-Not Lighted
2021-05-14T12:11:00.000,I 16,,,Rear End,2,Clear,Dry,Daylight
2021-06-22T16:47:00.000,I 75,,,Sideswipe-Same Direction,2,Rain,Wet,Daylight
2021-05-16T13:55:00.000,I 285,,,Rear End,2,Clear,Dry,Daylight
2021-03-30T09:22:00.000,I 75,,,Rear End,2,Cloudy,Dry,Daylight
2021-04-08T23:30:00.000,I 285,,,Rear End,2,Clear,Dry,Dark-Not Lighted
2021-02-06T09:19:00.000,I 75,,,Sideswipe-Same Direction,2,Clear,Dry,Daylight
2021-02-17T22:38:00.000,I 285,,,Angle Crash,2,Rain,Wet,Dark-Not Lighted
2021-05-27T03:00:00.000,I 285,,,Sideswipe-Same Direction,2,Clear,Dry,Dark-Not Lighted
2021-02-27T14:30:00.000,I 285,,,Rear End,2,Clear,Dry,Daylight
2021-04-24T11:01:00.000,I 20,,,Not a Collision with Motor Vehicle,1,Rain,Wet,Daylight
2021-04-30T14:30:00.000,I 285,,,Sideswipe-Same Direction,2,Cloudy,Dry,Daylight
2021-02-27T19:17:00.000,I 75,,,Sideswipe-Same Direction,2,Clear,Dry,Dark-Lighted
2021-06-06T12:37:00.000,I 75,,,Not a Collision with Motor Vehicle,1,Clear,Dry,Daylight
2021-06-23T13:11:00.000,I 20,,,Rear End,2,Clear,Dry,Daylight
2021-05-11T16:42:00.000,I 75,,,Rear End,2,Cloudy,Dry,Daylight
2021-04-06T06:24:00.000,I 95,,,Rear End,2,Clear,Dry,Dark-Lighted
2021-06-14T19:12:00.000,I 85,,,Rear End,2,Clear,Dry,Daylight
2021-06-11T19:13:00.000,I 20,,,Not a Collision with Motor Vehicle,1,Cloudy,Dry,Daylight
2021-03-05T12:47:00.000,I 16,,,Rear End,2,Clear,Dry,Daylight
2021-04-02T16:40:00.000,I 75,,,Rear End,2,Clear,Dry,Daylight
2021-02-19T18:24:00.000,I 75,,,Rear End,2,Clear,Dry,Dark-Lighted
2021-04-06T07:40:00.000,I 20,,,Rear End,2,Clear,Dry,Daylight
2021-02-11T12:01:00.000,I 75,,,Rear End,4,Rain,Wet,Daylight
2021-03-18T15:50:00.000,I 75,,,Sideswipe-Same Direction,2,Clear,Dry,Daylight
2021-06-21T09:54:00.000,I 285,,,Sideswipe-Same Direction,2,Cloudy,Dry,Daylight
2021-01-11T10:49:00.000,Sr 141,,,Angle Crash,2,Rain,Wet,Daylight
2021-06-14T21:17:00.000,I 20,,,Sideswipe-Same Direction,3,Cloudy,Dry,Daylight
2021-03-23T07:50:00.000,I 95,,,Rear End,2,Clear,Dry,Daylight
2021-04-09T16:51:00.000,I 285,,,Rear End,2,Cloudy,Dry,Daylight
2021-01-04T13:17:00.000,I 85,,,Sideswipe-Same Direction,2,Clear,Dry,Daylight
2021-04-23T11:12:00.000,I 75,,,Rear End,2,Cloudy,Dry,Daylight
2021-01-13T21:22:00.000,I 75,,,Sideswipe-Same Direction,2,Clear,Dry,Dark-Lighted
2021-06-17T18:47:00.000,I 95,,,Rear End,3,Clear,Dry,Daylight
2021-06-13T11:46:00.000,I 85,,,Sideswipe-Same Direction,2,Clear,Dry,Daylight
2021-01-12T11:00:00.000,I 20,,,Not a Collision with Motor Vehicle,1,Cloudy,Dry,Daylight
2021-06-18T16:30:00.000,I 75,,,Sideswipe-Same Direction,2,Clear,Dry,Daylight
2021-03-21T19:03:00.000,I 20,,,Not a Collision with Motor Vehicle,1,Clear,Dry,Daylight
2021-06-18T13:07:00.000,I 285,,,Sideswipe-Same Direction,2,Clear,Dry,Daylight
2021-06-12T23:30:00.000,I 85,,,Rear End,2,Clear,Dry,Dark-Lighted
2021-03-20T19:09:00.000,I 285,,,Sideswipe-Same Direction,2,Clear,Dry,Dusk
2021-03-18T16:05:00.000,I 75,,,Angle Crash,2,Clear,Dry,Daylight
2021-05-09T01:06:00.000,I 85,,,Not a Collision with Motor Vehicle,1,Clear,Dry,Dark-Not Lighted
2021-04-01T11:25:00.000,I 285,,,Rear End,3,Clear,Dry,Daylight
2021-04-11T13:26:00.000,I-75,,,Rear End,3,Clear,Dry,Daylight
2021-04-26T18:25:00.000,I 75,,,Rear End,2,Clear,Dry,Daylight
2021-05-28T11:33:00.000,I 16,,,Rear End,3,Cloudy,Dry,Daylight
2021-04-03T15:20:00.000,I 85,,,Rear End,2,Clear,Dry,Daylight
2021-04-15T16:00:00.000,I 75,,,Rear End,2,Clear,Dry,Daylight
2021-05-07T03:52:00.000,I 20,,,Not a Collision with Motor Vehicle,2,Clear,Dry,Dark-Not Lighted
2021-01-14T12:50:00.000,I 285,,,Not a Collision with Motor Vehicle,1,Clear,Dry,Daylight
2021-05-11T14:59:00.000,I 285,,,Rear End,2,Cloudy,Dry,Daylight
2021-04-21T10:40:00.000,I 285,,,Not a Collision with Motor Vehicle,2,Clear,Dry,Daylight
2021-05-28T20:07:00.000,I 75,,,Rear End,2,Rain,Wet,Daylight
2021-04-27T09:00:00.000,I 20,,,Rear End,2,Clear,Dry,Daylight
2021-05-05T02:15:00.000,I 20,,,Sideswipe-Same Direction,2,Clear,Wet,Dark-Lighted
2021-04-24T04:15:00.000,I 75,,,Rear End,2,Clear,Dry,Dark-Not Lighted
2021-04-09T18:10:00.000,I 285,,,Rear End,2,Clear,Dry,Daylight