Date and Time,Roadway (From Crash Report),Intersection Name (from Crash Report),KABCO Severity,Manner of Collision (Crash Level) ,# of Vehicles per crash ,Weather Conditions (Crash Level),Surface Condition (Crash Level) ,Light Conditions (Crash Level)
2021-03-19T07:15:00.000,I 75,,,Not a Collision with Motor Vehicle,1,Cloudy,Dry,Dark-Not Lighted
2021-03-13T11:55:00.000,I 285,,,Angle Crash,2,Clear,Dry,Daylight
2021-03-04T19:57:00.000,I 85,,,Not a Collision with Motor Vehicle,1,Clear,Dry,Dark-Not Lighted
2021-06-05T18:45:00.000,I-75,,,Rear End,2,Clear,Dry,Daylight
2021-01-05T17:35:00.000,I 285,,,Sideswipe-Same Direction,2,Clear,Dry,Daylight
2021-05-28T21:00:00.000,I 285,,,Sideswipe-Same Direction,2,Rain,Wet,Dark-Not Lighted
2021-03-05T00:00:00.000,I 75,,,Rear End,2,Clear,Dry,Dark-Lighted
2021-02-03T05:00:00.000,I 285,,,Not a Collision with Motor Vehicle,1,Other,Ice/Frost,Dark-Not Lighted
2021-01-30T00:00:00.000,I 75,,,Not a Collision with Motor Vehicle,1,Clear,Dry,Dark-Not Lighted
2021-02-18T10:45:00.000,I 285,,,Rear End,2,Cloudy,Wet,Daylight
2021-05-19T22:22:00.000,I 20,,,Rear End,2,Clear,Dry,Dark-Not Lighted
2021-06-06T22:39:00.000,I 285,,,Angle Crash,2,Rain,Water (standing or moving),Dark-Not Lighted
2021-06-11T16:27:00.000,I 285,,,Angle Crash,2,Rain,Wet,Daylight
2021-01-31T21:45:00.000,I 16,,,Sideswipe-Opposite Direction,1,Rain,Wet,Dark-Not Lighted
2021-04-28T23:45:00.000,I 85,,,Sideswipe-Same Direction,2,Clear,Dry,Dark-Lighted
2021-03-30T12:41:00.000,I 75,,,Rear End,3,Clear,Dry,Daylight
2021-05-15T09:45:00.000,I 85,,,Rear End,2,Clear,Dry,Daylight
2021-04-04T11:05:00.000,I 75,,,Rear End,2,Clear,Dry,Daylight
2021-02-12T07:41:00.000,I 285,,,Sideswipe-Same Direction,2,Cloudy,Wet,Daylight
2021-06-16T19:11:00.000,I 75,,,Sideswipe-Same Direction,2,Clear,Dry,Daylight
2021-06-15T20:15:00.000,I 85,,,Rear End,2,Clear,Dry,Daylight
2021-04-09T21:45:00.000,I 75,,,Sideswipe-Same Direction,2,Clear,Dry,Dark-Not Lighted
2021-05-18T21:22:00.000,I 20,,,Rear End,2,Clear,Dry,Dark-Not Lighted
2021-06-12T23:25:00.000,I 85,,,Rear End,2,Clear,Dry,Dark-Lighted
2021-03-03T00:00:00.000,I 285,,,Sideswipe-Same Direction,2,Clear,Dry,Daylight
2021-04-23T06:32:00.000,I 75,,,Sideswipe-Same Direction,2,Cloudy,Dry,Daylight
2021-04-14T06:47:00.000,I 75,,,Not a Collision with Motor Vehicle,1,Cloudy,Dry,Daylight
2021-06-03T16:21:00.000,I 75,,,Not a Collision with Motor Vehicle,1,Rain,Wet,Daylight
2021-06-16T02:30:00.000,I 16,,,Rear End,3,Clear,Dry,Daylight
2021-06-26T11:31:00.000,I 20,,,Rear End,2,Clear,Dry,Daylight
2021-05-19T06:48:00.000,I 20,,,Sideswipe-Same Direction,1,Clear,Dry,Dawn
2021-03-01T06:25:00.000,I 285,,,Not a Collision with Motor Vehicle,1,Rain,Wet,Dark-Lighted
2021-05-29T03:53:00.000,I 85,,,Rear End,2,Clear,Wet,Dark-Lighted
2021-01-15T21:50:00.000,I 20,,,Not a Collision with Motor Vehicle,1,Clear,Dry,Dark-Not Lighted
2021-01-13T12:40:00.000,I 75,,,Rear End,2,Clear,Dry,Daylight
2021-03-17T12:27:00.000,I 95,,,Rear End,2,Cloudy,Dry,Daylight
2021-04-09T10:42:00.000,I 75,,,Rear End,2,Clear,Dry,Daylight
2021-06-07T09:50:00.000,I 95,,,Head On,2,Cloudy,Dry,Daylight
2021-04-08T19:35:00.000,I 75,,,Sideswipe-Same Direction,2,Clear,Dry,Daylight
2021-04-12T15:15:00.000,I 85,,,Not a Collision with Motor Vehicle,1,Clear,Dry,Daylight
2021-05-30T02:15:00.000,I 85,,,Rear End,2,Clear,Dry,Dark-Lighted
2021-03-12T13:46:00.000,I 285,,,Rear End,2,Clear,Dry,Daylight
2021-04-20T14:52:00.000,I 75,,,Sideswipe-Same Direction,2,Cloudy,Dry,Daylight
2021-01-02T04:00:00.000,I 285,,,Not a Collision with Motor Vehicle,1,Clear,Dry,Dark-Not Lighted
2021-06-20T15:48:00.000,I 16,,,Not a Collision with Motor Vehicle,1,Rain,Wet,Daylight
2021-02-05T15:12:00.000,I 75,,,Sideswipe-Same Direction,2,Clear,Dry,Daylight
2021-01-29T06:17:00.000,I 85,,,Rear End,2,Clear,Dry,Dark-Lighted
2021-05-29T00:00:00.000,I 285,,,Sideswipe-Same Direction,2,Clear,Dry,Daylight
2021-01-01T08:15:00.000,I 85,,,Not a Collision with Motor Vehicle,1,Cloudy,Wet,Daylight
2021-06-23T14:30:00.000,I 85,,,Rear End,2,Clear,Dry,Daylight
2021-06-30T09:20:00.000,I 85,,,Rear End,2,Clear,Dry,Daylight
2021-06-01T15:30:00.000,I 285,,,Sideswipe-Same Direction,2,Clear,Dry,Daylight
2021-04-29T06:15:00.000,Sr 141,,,Sideswipe-Same Direction,2,Cloudy,Dry,Dark-Lighted
2021-02-04T12:00:00.000,I 85,,,Rear End,2,Clear,Dry,Daylight
2021-01-11T11:05:00.000,I 75,,,Not a Collision with Motor Vehicle,1,Rain,Wet,Daylight
2021-04-04T12:40:00.000,I 285,,,Rear End,3,Clear,Dry,Daylight
2021-02-28T18:55:00.000,I 285,,,Not a Collision with Motor Vehicle,1,Clear,Dry,Dark-Lighted
2021-02-14T13:52:00.000,I 285,,,Sideswipe-Same Direction,2,Clear,Dry,Daylight
2021-01-29T13:25:00.000,I 285,,,Rear End,3,Clear,Dry,Daylight
2021-04-24T10:00:00.000,I 285,,,Not a Collision with Motor Vehicle,1,Rain,Wet,Daylight
2021-02-28T23:53:00.000,I 20,,,Not a Collision with Motor Vehicle,1,Cloudy,Wet,Dark-Not Lighted
2021-05-12T18:38:00.000,I 16,,,Rear End,2,Clear,Dry,Daylight
2021-05-04T10:11:00.000,I 285,,,Sideswipe-Same Direction,2,Cloudy,Dry,Daylight
2021-01-16T02:41:00.000,I 85,,,Not a Collision with Motor Vehicle,1,Clear,Dry,Dark-Not Lighted
2021-05-19T16:41:00.000,I 285,,,Rear End,2,Cloudy,Dry,Daylight
2021-01-01T10:15:00.000,I 20,,,Not a Collision with Motor Vehicle,1,Rain,Dry,Daylight
2021-04-06T13:42:00.000,I 285,,,Sideswipe-Same Direction,2,Clear,Dry,Daylight
2021-01-26T05:05:00.000,I 285,,,Head On,3,Cloudy,Wet,Dark-Lighted
2021-03-26T03:40:00.000,I 285,,,Not a Collision with Motor Vehicle,2,Rain,Wet,Dark-Not Lighted
2021-04-08T18:00:00.000,I 20,,,Sideswipe-Same Direction,2,Clear,Dry,Daylight
2021-03-20T04:15:00.000,I 75,,,Sideswipe-Same Direction,2,Clear,Dry,Dark-Not Lighted
2021-06-02T17:32:00.000,I 75,,,Rear End,2,Clear,Dry,Daylight
2021-01-19T18:49:00.000,I 16,,,Not a Collision with Motor Vehicle,1,Clear,Dry,Dark-Not Lighted
2021-03-16T21:00:00.000,I 75,,,Not a Collision with Motor Vehicle,1,Rain,Wet,Dark-Not Lighted
2021-01-22T19:25:00.000,I 285,,,Sideswipe-Same Direction,2,Clear,Dry,Dark-Not Lighted
2021-05-07T22:00:00.000,I 75,,,Angle Crash,2,Clear,Dry,Dark-Not Lighted
2021-01-31T03:00:00.000,I 85,,,Rear End,2,Clear,Wet,Dark-Lighted
2021-05-08T12:34:00.000,I 75,,,Rear End,2,Cloudy,Dry,Daylight
2021-01-05T14:35:00.000,I 85,,,Sideswipe-Same Direction,2,Clear,Dry,Daylight
2021-02-18T09:40:00.000,I 75,,,Sideswipe-Same Direction,2,Cloudy,Wet,Daylight
2021-01-28T17:10:00.000,I 75,,,Rear End,3,Clear,Dry,Daylight
2021-04-28T19:20:00.000,I 285,,,Sideswipe-Same Direction,2,Clear,Dry,Daylight
2021-05-19T13:31:00.000,I 75,,,Sideswipe-Same Direction,2,Clear,Dry,Daylight
2021-03-16T14:05:00.000,I 75,,,Rear End,2,Clear,Dry,Daylight
2021-04-11T11:53:00.000,I 75,,,Rear End,2,Clear,Dry,Daylight
2021-03-21T11:30:00.000,I 75,,,Rear End,2,Cloudy,Dry,Daylight
2021-03-25T11:04:00.000,I 85,,,Rear End,3,Cloudy,Dry,Daylight
2021-01-25T15:45:00.000,I 285,,,Not a Collision with Motor Vehicle,1,Clear,Dry,Daylight
2021-01-13T08:55:00.000,I 85,,,Rear End,2,Clear,Dry,Daylight
2021-01-27T13:37:00.000,I 20,,,Rear End,2,Cloudy,Dry,Daylight
2021-04-06T07:47:00.000,I 285,,,Not a Collision with Motor Vehicle,2,Clear,Dry,Daylight
2021-03-13T11:00:00.000,I 285,,,Rear End,2,Clear,Dry,Dark-Lighted
2021-06-18T17:00:00.000,I 20,,,Rear End,2,Clear,Dry,Daylight
2021-01-24T03:12:00.000,I 20,,,Head On,2,Clear,Dry,Dark-Lighted
2021-01-18T13:20:00.000,I 85,,,Rear End,2,Clear,Dry,Daylight
2021-01-11T14:35:00.000,I 285,,,Sideswipe-Same Direction,2,Rain,Wet,Daylight
2021-03-06T00:00:00.000,I 285,,,Sideswipe-Same Direction,2,Clear,Dry,Daylight
2021-05-23T22:15:00.000,I 285,,,Rear End,2,Clear,Dry,Dark-Lighted
2021-04-21T10:45:00.000,I 285,,,Sideswipe-Same Direction,2,Clear,Dry,Daylight
2021-04-24T23:15:00.000,I 285,,,Not a Collision with Motor Vehicle,1,Cloudy,Wet,Dark-Lighted
2021-05-08T16:23:00.000,I 85,,,Rear End,4,Clear,Dry,Daylight
2021-06-18T21:01:00.000,I 16,,,Rear End,2,Clear,Dry,Dark-Not Lighted
2021-01-20T16:33:00.000,I 16,,,Rear End,2,Clear,Dry,Daylight
2021-01-21T06:00:00.000,I 75,,,Rear End,2,Cloudy,Wet,Dark-Not Lighted
2021-06-22T07:00:00.000,I 75,,,Not a Collision with Motor Vehicle,1,Rain,Wet,Daylight
2021-03-25T07:44:00.000,I 16,,,Sideswipe-Same Direction,2,Clear,Dry,Daylight
2021-04-04T17:45:00.000,I 285,,,Head On,1,Clear,Dry,Daylight
2021-01-14T08:37:00.000,I 285,,,Rear End,2,Clear,Dry,Daylight
2021-04-02T18:00:00.000,I 20,,,Sideswipe-Same Direction,2,Clear,Dry,Daylight
2021-06-25T06:42:00.000,I 75,,,Not a Collision with Motor Vehicle,1,Cloudy,Dry,Dawn
2021-02-09T06:00:00.000,I 75,,,Sideswipe-Same Direction,3,Clear,Dry,Dark-Not Lighted
2021-04-28T10:19:00.000,I 95,,,Angle Crash,2,Clear,Dry,Daylight
2021-06-07T13:55:00.000,I 20,,,Angle Crash,2,Clear,Dry,Daylight
2021-05-29T03:50:00.000,I 85,,,Not a Collision with Motor Vehicle,1,Clear,Dry,Dark-Not Lighted
2021-05-14T14:30:00.000,I 285,,,Angle Crash,2,Clear,Dry,Daylight
2021-01-23T22:56:00.000,I 85,,,Sideswipe-Same Direction,2,Clear,Dry,Dark-Not Lighted
2021-04-06T08:54:00.000,I 85,,,Sideswipe-Same Direction,2,Clear,Dry,Daylight
2021-04-30T14:25:00.000,I 75,,,Sideswipe-Same Direction,2,Cloudy,Dry,Daylight
2021-04-30T14:20:00.000,I 20,,,Sideswipe-Same Direction,2,Clear,Dry,Daylight
2021-04-26T10:05:00.000,I 95,,,Rear End,2,Clear,Dry,Daylight
2021-02-01T19:40:00.000,I 75,,,Rear End,2,Clear,Dry,Dark-Not Lighted
2021-06-11T15:49:00.000,I 85,,,Sideswipe-Same Direction,2,Rain,Wet,Daylight
2021-03-31T10:06:00.000,I 75,,,Rear End,2,Rain,Wet,Daylight
2021-04-16T00:08:00.000,I 20,,,Sideswipe-Opposite Direction,2,Clear,Dry,Dark-Lighted
2021-04-01T17:24:00.000,I 85,,,Sideswipe-Same Direction,2,Clear,Dry,Daylight
2021-02-22T12:03:00.000,I 20,,,Not a Collision with Motor Vehicle,1,Rain,Wet,Daylight
2021-02-17T16:31:00.000,I 75,,,Sideswipe-Same Direction,2,Clear,Dry,Daylight
2021-04-06T17:29:00.000,I 75,,,Not a Collision with Motor Vehicle,1,Clear,Dry,Daylight
2021-01-09T21:45:00.000,I 85,,,Sideswipe-Same Direction,2,Clear,Dry,Dark-Lighted
2021-02-15T10:50:00.000,I 75,,,Not a Collision with Motor Vehicle,1,Rain,Wet,Daylight
2021-01-26T17:54:00.000,I 16,,,Head On,1,Rain,Wet,Dusk
2021-01-30T15:37:00.000,I 75,,,Sideswipe-Same Direction,2,Cloudy,Dry,Daylight
2021-03-10T08:25:00.000,I 75,,,Rear End,2,Clear,Dry,Daylight
2021-03-25T08:15:00.000,I 285,,,Not a Collision with Motor Vehicle,1,Rain,Wet,Daylight
2021-04-27T08:08:00.000,I 285,,,Sideswipe-Same Direction,2,Clear,Dry,Daylight
2021-04-30T17:21:00.000,I 16,,,Sideswipe-Same Direction,2,Clear,Dry,Daylight
2021-01-12T22:27:00.000,I 285,,,Rear End,2,Clear,Dry,Dark-Lighted
2021-06-23T17:14:00.000,I 20,,,Rear End,2,Clear,Dry,Daylight
2021-04-09T09:50:00.000,I 75,,,Sideswipe-Same Direction,2,Clear,Dry,Daylight
2021-04-30T09:20:00.000,I 75,,,Rear End,2,Clear,Dry,Daylight
2021-02-07T00:00:00.000,I 285,,,Not a Collision with Motor Vehicle,1,Clear,Wet,Dark-Not Lighted
2021-02-24T11:14:00.000,I 20,,,Sideswipe-Same Direction,2,Clear,Dry,Daylight
2021-05-04T17:25:00.000,I 285,,,Rear End,2,Rain,Wet,Daylight
2021-02-08T23:05:00.000,I 85,,,Not a Collision with Motor Vehicle,1,Clear,Dry,Dark-Not Lighted
2021-06-26T20:18:00.000,I 16,,,Not a Collision with Motor Vehicle,1,Rain,Wet,Dusk
2021-06-19T10:20:00.000,I 20,,,Not a Collision with Motor Vehicle,1,Rain,Wet,Dark-Not Lighted
2021-05-10T01:03:00.000,I 75,,,Angle Crash,2,Clear,Dry,Dark-Not Lighted
2021-02-12T18:56:00.000,I 75,,,Rear End,2,Cloudy,Wet,Dark-Not Lighted
2021-04-04T14:10:00.000,I 85,,,Rear End,2,Clear,Dry,Daylight
2021-05-16T13:45:00.000,I 85,,,Sideswipe-Same Direction,2,Clear,Dry,Daylight
2021-01-30T14:43:00.000,I 75,,,Sideswipe-Same Direction,3,Clear,Dry,Daylight
2021-02-15T17:54:00.000,I 285,,,Not a Collision with Motor Vehicle,1,Rain,Wet,Dark-Not Lighted
2021-05-26T08:02:00.000,I 285,,,Angle Crash,2,Clear,Dry,Daylight
2021-01-08T17:02:00.000,I 285,,,Rear End,2,Cloudy,Dry,Dusk
2021-03-08T09:13:00.000,I 75,,,Rear End,2,Clear,Dry,Daylight
2021-01-14T13:44:00.000,I 285,,,Rear End,4,Clear,Dry,Daylight
2021-05-02T03:00:00.000,I 85,,,Angle Crash,2,Clear,Dry,Dark-Not Lighted
2021-04-12T15:20:00.000,I 285,,,Sideswipe-Same Direction,2,Clear,Dry,Daylight
2021-02-22T01:40:00.000,I 20,,,Not a Collision with Motor Vehicle,1,Clear,Dry,Dark-Lighted
2021-04-07T07:00:00.000,I 75,,,Not a Collision with Motor Vehicle,1,Clear,Dry,Dark-Not Lighted
2021-03-01T10:00:00.000,I 75,,,Rear End,2,Rain,Wet,Daylight
2021-04-08T07:50:00.000,I 75,,,Rear End,2,Clear,Dry,Daylight
2021-02-26T12:06:00.000,I 20,,,Rear End,2,Cloudy,Wet,Daylight
2021-02-25T06:55:00.000,I 285,,,Angle Crash,4,Clear,Dry,Daylight
2021-05-11T23:53:00.000,I 75,,,Sideswipe-Same Direction,2,Rain,Wet,Dark-Lighted
2021-04-06T21:38:00.000,I 285,,,Rear End,2,Clear,Dry,Daylight
2021-01-01T12:00:00.000,I 285,,,Rear End,2,Rain,Wet,Daylight
2021-05-07T21:39:00.000,I 20,,,Not a Collision with Motor Vehicle,1,Clear,Dry,Dark-Lighted
2021-03-30T00:00:00.000,I 75,,,Angle Crash,2,Clear,Dry,Daylight
2021-04-29T13:00:00.000,I 285,,,Rear End,2,Clear,Dry,Daylight
2021-02-11T17:35:00.000,I 75,,,Rear End,2,Rain,Wet,Daylight
2021-02-11T23:45:00.000,I 285,,,Not a Collision with Motor Vehicle,2,Rain,Wet,Dark-Not Lighted
2021-03-18T03:55:00.000,I 20,,,Not a Collision with Motor Vehicle,1,Rain,Wet,Dark-Not Lighted
2021-05-13T15:30:00.000,I 75,,,Angle Crash,2,Clear,Dry,Daylight
2021-02-08T16:47:00.000,I 85,,,Rear End,3,Clear,Dry,Daylight
2021-10-22T22:54:00.000,I 85,,,Rear End,3,Clear,Dry,Dark-Lighted
2021-08-19T05:35:00.000,I 20,,,Sideswipe-Same Direction,2,Clear,Dry,Dark-Not Lighted
2021-10-28T23:28:00.000,I 85,,,Rear End,2,Rain,Wet,Dark-Not Lighted
2021-12-02T09:00:00.000,I 285,,,Rear End,2,Clear,Dry,Daylight
2021-11-21T18:20:00.000,I 75,,,Rear End,3,Clear,Dry,Dark-Not Lighted
2021-11-18T12:36:00.000,I 75,,,Sideswipe-Same Direction,2,Cloudy,Dry,Daylight
2021-12-22T08:50:00.000,I 85,,,Sideswipe-Same Direction,2,Clear,Wet,Daylight
2021-07-16T07:15:00.000,I 285,,,Rear End,2,Clear,Dry,Daylight
2021-12-26T19:36:00.000,I 285,,,Angle Crash,2,Clear,Dry,Dark-Lighted
2021-10-08T14:01:00.000,I 75,,,Sideswipe-Same Direction,2,Clear,Dry,Daylight
2021-12-19T19:03:00.000,I 285,,,Angle Crash,2,Cloudy,Dry,Dark-Not Lighted
2021-12-10T16:03:00.000,I 285,,,Rear End,3,Fog,Dry,Dusk
2021-07-30T17:10:00.000,I 75,,,Rear End,3,Clear,Dry,Daylight
2021-11-17T17:02:00.000,I 85,,,Rear End,2,Clear,Dry,Daylight
2021-11-14T13:22:00.000,I 85,,,Rear End,2,Clear,Dry,Daylight
2021-10-19T13:56:00.000,I 285,,,Sideswipe-Same Direction,2,Clear,Dry,Daylight
2021-09-09T06:01:00.000,I 16,,,Not a Collision with Motor Vehicle,1,Severe Thunderstorm or Tornadic,Wet,Dark-Not Lighted
2021-12-15T17:45:00.000,I 285,,,Rear End,2,Clear,Dry,Dark-Lighted
2021-09-06T11:41:00.000,I 75,,,Sideswipe-Same Direction,2,Clear,Dry,Daylight
2021-10-17T00:32:00.000,I 285,,,Not a Collision with Motor Vehicle,1,Clear,Dry,Dark-Not Lighted
2021-12-11T07:07:00.000,I 285,,,Not a Collision with Motor Vehicle,1,Fog,Wet,Dark-Not Lighted
2021-12-18T17:00:00.000,I-75,,,Rear End,2,Rain,Wet,Dark-Lighted
2021-09-17T06:43:00.000,I 75,,,Not a Collision with Motor Vehicle,1,Cloudy,Dry,Dark-Not Lighted
2021-07-10T12:26:00.000,I 75,,,Sideswipe-Same Direction,2,Cloudy,Wet,Daylight
2021-10-05T13:48:00.000,I 16,,,(None),1,(None),(None),(None)
2021-11-08T10:23:00.000,I 285,,,Rear End,2,Clear,Dry,Daylight
2021-12-12T14:16:00.000,I 285,,,Rear End,3,Clear,Dry,Daylight
2021-07-08T12:50:00.000,I 16,,,Sideswipe-Same Direction,2,Clear,Dry,Daylight
2021-09-14T09:10:00.000,I 16,,,Angle Crash,2,Cloudy,Dry,Daylight
2021-07-22T10:34:00.000,I 75,,,Rear End,3,Clear,Dry,Daylight
2021-07-08T00:00:00.000,I 285,,,Rear End,2,Clear,Dry,Daylight
2021-12-13T14:45:00.000,I 285,,,Rear End,2,Clear,Dry,Daylight
2021-10-13T14:49:00.000,I 85,,,Sideswipe-Same Direction,2,Clear,Dry,Daylight
2021-11-05T10:22:00.000,I 75,,,Rear End,3,Cloudy,Dry,Daylight
2021-09-15T15:14:00.000,I 285,,,Sideswipe-Same Direction,2,Cloudy,Dry,Daylight
2021-10-02T11:34:00.000,I-75,,,Rear End,2,Cloudy,Dry,Daylight
2021-11-01T10:40:00.000,I 285,,,Sideswipe-Same Direction,2,Clear,Dry,Daylight
2021-11-28T16:40:00.000,I-75,,,Sideswipe-Same Direction,2,Clear,Dry,Daylight
2021-11-26T15:53:00.000,I 75,,,Rear End,4,Clear,Dry,Daylight
2021-10-09T18:00:00.000,I 285,,,Not a Collision with Motor Vehicle,2,Clear,Dry,Daylight
2021-10-22T11:05:00.000,I 285,,,Sideswipe-Same Direction,2,Clear,Dry,Daylight
2021-07-19T19:00:00.000,I 285,,,Rear End,3,Rain,Wet,Daylight
2021-12-30T08:48:00.000,I 85,,,Rear End,3,Rain,Wet,Daylight
2021-12-10T10:20:00.000,I 285,,,Rear End,3,Cloudy,Wet,Daylight
2021-10-11T15:31:00.000,I 75,,,Sideswipe-Same Direction,2,Clear,Dry,Daylight
2021-12-01T18:20:00.000,I 285,,,Sideswipe-Same Direction,2,Clear,Dry,Dark-Not Lighted
2021-12-10T19:50:00.000,I 75,,,Sideswipe-Same Direction,2,Rain,Wet,Dark-Lighted
2021-12-02T10:00:00.000,I 85,,,Sideswipe-Same Direction,2,Clear,Dry,Daylight
2021-08-02T09:22:00.000,I 75,,,Rear End,2,Clear,Dry,Daylight
2021-07-16T11:22:00.000,I 285,,,Rear End,2,Cloudy,Dry,Daylight
2021-08-21T20:28:00.000,I 95,,,Not a Collision with Motor Vehicle,1,Rain,Wet,Dark-Not Lighted
2021-09-17T12:58:00.000,I 85,,,Rear End,2,Cloudy,Dry,Daylight
2021-11-04T20:00:00.000,I-75,,,Rear End,2,Clear,Dry,Dark-Lighted
2021-11-01T07:13:00.000,I 285,,,Sideswipe-Same Direction,2,Clear,Dry,Dawn
2021-12-29T16:06:00.000,I 285,,,Rear End,2,Cloudy,Dry,Daylight
2021-09-26T15:30:00.000,I 16,,,Head On,1,Clear,Dry,Daylight
2021-09-18T22:25:00.000,I 20,,,Not a Collision with Motor Vehicle,1,Rain,Wet,Dark-Not Lighted
2021-11-27T16:03:00.000,I 16,,,Rear End,2,Clear,Dry,Daylight
2021-12-14T15:47:00.000,I 285,,,Rear End,2,Clear,Dry,Daylight
2021-11-27T02:26:00.000,I 75,,,Not a Collision with Motor Vehicle,1,Clear,Dry,Dark-Not Lighted
2021-07-18T16:50:00.000,Sr 141,,,Angle Crash,2,Cloudy,Dry,Daylight
2021-09-25T22:34:00.000,I 20,,,Not a Collision with Motor Vehicle,1,Clear,Dry,Dark-Not Lighted
2021-11-21T19:15:00.000,I-75,,,Rear End,2,Clear,Dry,Dark-Lighted
2021-10-21T22:55:00.000,I 85,,,Sideswipe-Same Direction,2,Clear,Dry,Dark-Not Lighted
2021-07-26T12:16:00.000,I 285,,,Sideswipe-Same Direction,2,Clear,Dry,Daylight
2021-07-10T19:37:00.000,I 85,,,Rear End,2,Clear,Dry,Daylight
2021-10-05T12:10:00.000,I 16,,,Not a Collision with Motor Vehicle,1,Rain,Wet,Daylight
2021-08-12T23:09:00.000,I 85,,,Not a Collision with Motor Vehicle,1,Rain,Wet,Dark-Not Lighted
2021-08-08T15:39:00.000,I-75,,,Sideswipe-Same Direction,3,Clear,Dry,Daylight
2021-10-05T08:54:00.000,I 85,,,Sideswipe-Same Direction,2,Rain,Wet,Daylight
2021-08-03T11:11:00.000,I 75,,,Rear End,2,Clear,Dry,Daylight
2021-09-07T14:19:00.000,I 75,,,Sideswipe-Same Direction,2,Clear,Dry,Daylight
2021-09-15T18:03:00.000,I-75,,,Rear End,2,Rain,Wet,Daylight
2021-11-12T14:42:00.000,I 285,,,Rear End,2,Clear,Dry,Daylight
2021-09-20T03:13:00.000,I 75,,,Not a Collision with Motor Vehicle,1,Rain,Wet,Dark-Not Lighted
2021-09-27T01:10:00.000,I 285,,,Not a Collision with Motor Vehicle,1,Clear,Dry,Dark-Not Lighted
2021-08-09T13:00:00.000,I-75,,,Sideswipe-Same Direction,2,Clear,Dry,Daylight
2021-07-22T15:01:00.000,I 95,,,Rear End,2,Rain,Wet,Daylight
2021-08-12T19:49:00.000,I 75,,,Angle Crash,2,Clear,Dry,Daylight
2021-08-29T22:58:00.000,I 85,,,Not a Collision with Motor Vehicle,1,Cloudy,Dry,Dark-Not Lighted
2021-09-25T13:03:00.000,I 285,,,Not a Collision with Motor Vehicle,1,Clear,Dry,Daylight
2021-09-08T08:09:00.000,I 85,,,Sideswipe-Same Direction,2,Cloudy,Dry,Daylight
2021-07-10T18:35:00.000,I 75,,,Rear End,2,Clear,Dry,Daylight
2021-12-06T15:10:00.000,I 85,,,Rear End,3,Cloudy,Wet,Daylight
2021-11-11T07:35:00.000,I 285,,,Not a Collision with Motor Vehicle,1,Clear,Dry,Daylight
2021-09-27T06:35:00.000,I 16,,,Rear End,2,Clear,Dry,Dawn
2021-09-01T11:29:00.000,I 16,,,Rear End,2,Clear,Dry,Daylight
2021-10-21T21:03:00.000,I 75,,,Not a Collision with Motor Vehicle,1,Rain,Wet,Dark-Not Lighted
2021-12-17T10:14:00.000,I 285,,,Sideswipe-Same Direction,3,Clear,Dry,Daylight
2021-08-13T13:00:00.000,I 85,,,Not a Collision with Motor Vehicle,1,Cloudy,Dry,Daylight
2021-08-02T05:50:00.000,I 285,,,Not a Collision with Motor Vehicle,1,Clear,Dry,Dark-Not Lighted
2021-09-11T11:29:00.000,I 85,,,Rear End,2,Clear,Dry,Daylight
2021-08-10T18:20:00.000,I 285,,,Rear End,3,Clear,Dry,Daylight
2021-09-20T01:00:00.000,I-75,,,Sideswipe-Same Direction,2,Cloudy,Wet,Dark-Lighted
2021-12-22T10:46:00.000,I 285,,,Angle Crash,4,Clear,Dry,Daylight
2021-11-05T12:35:00.000,I-75,,,Angle Crash,2,Clear,Dry,Daylight
2021-10-18T08:44:00.000,I 75,,,Rear End,2,Clear,Dry,Daylight
2021-09-15T22:40:00.000,I 75,,,Sideswipe-Same Direction,2,Rain,Wet,Dark-Not Lighted
2021-10-12T16:15:00.000,I 75,,,Rear End,2,Clear,Dry,Daylight
2021-08-07T23:00:00.000,I 85,,,Angle Crash,2,Clear,Dry,Dark-Lighted
2021-12-11T14:15:00.000,I-75,,,Rear End,2,Rain,Wet,Daylight
2021-12-01T11:00:00.000,I-75,,,Rear End,3,Clear,Dry,Daylight
2021-10-26T00:33:00.000,I 85,,,Sideswipe-Same Direction,2,Clear,Dry,Dark-Not Lighted
2021-12-07T07:54:00.000,I 75,,,Angle Crash,2,Clear,Dry,Daylight
2021-11-07T01:35:00.000,I 16,,,Angle Crash,2,Rain,Wet,Dark-Not Lighted
2021-08-05T12:45:00.000,I 20,,,Not a Collision with Motor Vehicle,1,Clear,Dry,Daylight
2021-11-22T18:03:00.000,I 95,,,Not a Collision with Motor Vehicle,1,Clear,Dry,Dark-Not Lighted
2021-12-11T20:30:00.000,I 16,,,Not a Collision with Motor Vehicle,1,Clear,Dry,Dark-Not Lighted
2021-07-25T05:23:00.000,I 85,,,Rear End,2,Clear,Dry,Dark-Not Lighted
2021-08-05T18:19:00.000,I 75,,,Rear End,2,Clear,Dry,Daylight
2021-10-25T10:41:00.000,I 75,,,Rear End,2,Cloudy,Dry,Daylight
2021-10-05T17:14:00.000,I 285,,,Rear End,2,Cloudy,Dry,Daylight
2021-11-22T01:59:00.000,I 20,,,Not a Collision with Motor Vehicle,1,Rain,Wet,Dark-Lighted
2021-10-31T09:30:00.000,I-75,,,Sideswipe-Same Direction,2,Clear,Dry,Daylight
2021-08-11T09:28:00.000,I 285,,,Sideswipe-Same Direction,2,Clear,Dry,Daylight
2021-12-24T00:23:00.000,I 20,,,Sideswipe-Same Direction,2,Clear,Dry,Dark-Not Lighted