Date and Time,Roadway (From Crash Report),Intersection Name (from Crash Report),KABCO Severity,Manner of Collision (Crash Level) ,# of Vehicles per crash ,Weather Conditions (Crash Level),Surface Condition (Crash Level) ,Light Conditions (Crash Level)
2021-12-26T15:00:00.000,I 75,,,Angle Crash,3,Cloudy,Dry,Daylight
2021-12-28T18:33:00.000,I-75,,,Sideswipe-Same Direction,2,Clear,Dry,Dark-Not Lighted
2021-12-19T00:30:00.000,I-75,,,Sideswipe-Same Direction,2,Rain,Wet,Dark-Lighted
2021-10-14T17:10:00.000,I 85,,,Rear End,3,Clear,Dry,Daylight
2021-09-10T21:59:00.000,I 85,,,Sideswipe-Same Direction,2,Clear,Dry,Dark-Not Lighted
2021-11-25T09:54:00.000,I 75,,,Angle Crash,2,Clear,Dry,Daylight
2021-07-31T10:00:00.000,I 20,,,Sideswipe-Same Direction,2,Clear,Dry,Daylight
2021-09-08T16:06:00.000,I 85,,,Rear End,3,Rain,Wet,Daylight
2021-10-02T03:10:00.000,I 85,,,Sideswipe-Same Direction,2,Clear,Dry,Dark-Not Lighted
2021-09-09T18:47:00.000,I 20,,,Angle Crash,2,Clear,Dry,Daylight
2021-10-29T20:01:00.000,I 75,,,Not a Collision with Motor Vehicle,1,Rain,Wet,Dark-Not Lighted
2021-10-06T15:10:00.000,I 16,,,Not a Collision with Motor Vehicle,1,Severe Thunderstorm or Tornadic,Water (standing or moving),Daylight
2021-11-29T00:00:00.000,I 285,,,Sideswipe-Same Direction,2,Clear,Dry,Dark-Lighted
2021-09-24T18:34:00.000,I 75,,,Sideswipe-Same Direction,2,Clear,Dry,Daylight
2021-07-04T07:40:00.000,I 20,,,Sideswipe-Same Direction,2,Clear,Dry,Daylight
2021-09-03T05:15:00.000,I 75,,,Angle Crash,2,Clear,Dry,Dark-Not Lighted
2021-11-18T18:15:00.000,I 285,,,Rear End,2,Clear,Dry,Dark-Lighted
2021-12-19T19:30:00.000,I-75,,,Angle Crash,2,Clear,Dry,Dark-Lighted
2021-11-13T00:41:00.000,I 75,,,Not a Collision with Motor Vehicle,1,Clear,Dry,Dark-Lighted
2021-08-23T03:57:00.000,I 20,,,Rear End,4,Rain,Wet,Daylight
2021-07-06T17:42:00.000,I 75,,,Rear End,2,Cloudy,Dry,Daylight
2021-12-15T16:17:00.000,I 75,,,Sideswipe-Same Direction,3,Cloudy,Dry,Daylight
2021-07-13T16:32:00.000,I 285,,,Rear End,2,Clear,Dry,Daylight
2021-10-29T01:55:00.000,I 285,,,Rear End,2,Clear,Wet,Dark-Lighted
2021-08-27T16:57:00.000,I 20,,,Not a Collision with Motor Vehicle,1,Clear,Wet,Daylight
2021-07-30T13:20:00.000,I 85,,,Sideswipe-Same Direction,2,Clear,Dry,Daylight
2021-10-27T17:55:00.000,I 20,,,Not a Collision with Motor Vehicle,1,Clear,Dry,Dusk
2021-10-26T13:00:00.000,I 85,,,Sideswipe-Same Direction,2,Clear,Dry,Daylight
2021-10-21T13:34:00.000,I 20,,,Rear End,2,Clear,Dry,Daylight
2021-12-10T07:00:00.000,I 20,,,Rear End,2,Rain,Wet,Dawn
2021-10-29T23:59:00.000,I-75,,,Sideswipe-Same Direction,2,Rain,Wet,Dark-Lighted
2021-12-02T10:11:00.000,I 75,,,Sideswipe-Same Direction,2,Clear,Dry,Daylight
2021-08-16T18:43:00.000,I 285,,,Rear End,2,Rain,Wet,Daylight
2021-08-04T13:20:00.000,I-75,,,Rear End,3,Clear,Dry,Dark-Lighted
2021-11-20T21:05:00.000,I 85,,,Sideswipe-Same Direction,2,Clear,Dry,Dark-Not Lighted
2021-11-24T14:40:00.000,I 75,,,Rear End,2,Clear,Dry,Daylight
2021-09-14T16:35:00.000,I 85,,,Sideswipe-Same Direction,2,Clear,Dry,Daylight
2021-08-06T08:25:00.000,I 85,,,Not a Collision with Motor Vehicle,1,Cloudy,Dry,Daylight
2021-10-26T11:37:00.000,I 75,,,Rear End,2,Clear,Dry,Daylight
2021-09-22T18:12:00.000,I 285,,,Sideswipe-Same Direction,2,Clear,Dry,Daylight
2021-09-06T22:09:00.000,I 285,,,Rear End,2,Clear,Dry,Dark-Lighted
2021-10-17T20:00:00.000,I-75,,,Rear End,2,Clear,Dry,Dark-Lighted
2021-07-07T18:36:00.000,I 285,,,Rear End,2,Cloudy,Dry,Daylight
2021-08-25T10:15:00.000,I 75,,,Rear End,2,Clear,Dry,Daylight
2021-07-12T20:50:00.000,I 20,,,Rear End,3,Rain,Wet,Dark-Lighted
2021-12-14T12:24:00.000,I-75,,,Angle Crash,2,Clear,Dry,Daylight
2021-10-28T08:13:00.000,I 285,,,Sideswipe-Same Direction,2,Rain,Wet,Daylight
2021-09-09T09:13:00.000,I 20,,,Rear End,2,Clear,Dry,Daylight
2021-09-26T15:24:00.000,I 16,,,Rear End,2,Clear,Dry,Daylight
2021-12-29T14:41:00.000,I 75,,,Angle Crash,2,Rain,Wet,Daylight
2021-09-26T19:48:00.000,I-75,,,Rear End,2,Clear,Dry,Dark-Lighted
2021-10-23T19:55:00.000,Sr 141,,,Sideswipe-Same Direction,2,Clear,Dry,Dark-Lighted
2021-08-13T19:44:00.000,I 16,,,Not a Collision with Motor Vehicle,1,Rain,Wet,Daylight
2021-11-28T18:41:00.000,I 75,,,Rear End,2,Clear,Dry,Daylight
2021-09-04T14:00:00.000,I-75,,,Rear End,3,Clear,Dry,Daylight
2021-08-24T22:27:00.000,I-75,,,Sideswipe-Same Direction,2,Clear,Dry,Dark-Lighted
2021-09-05T00:48:00.000,I 85,,,Not a Collision with Motor Vehicle,1,Clear,Dry,Dark-Not Lighted
2021-12-21T19:30:00.000,I 75,,,Not a Collision with Motor Vehicle,1,Cloudy,Dry,Dark-Not Lighted
2021-09-21T07:29:00.000,I 85,,,Rear End,2,Clear,Dry,Daylight
2021-07-27T07:05:00.000,I 75,,,Sideswipe-Same Direction,2,Clear,Dry,Daylight
2021-07-09T14:47:00.000,I 285,,,Not a Collision with Motor Vehicle,1,Rain,Wet,Daylight
2021-10-06T08:09:00.000,I-75,,,Rear End,2,Cloudy,Wet,Daylight
2021-08-14T12:25:00.000,I 285,,,Not a Collision with Motor Vehicle,2,Clear,Dry,Daylight
2021-12-18T18:00:00.000,I-75,,,Rear End,2,Rain,Wet,Dark-Lighted
2021-09-24T06:34:00.000,I 16,,,Rear End,2,Clear,Dry,Dark-Lighted
2021-09-26T13:10:00.000,I 285,,,Rear End,3,Clear,Dry,Daylight
2021-12-02T07:43:00.000,I 285,,,Sideswipe-Same Direction,2,Clear,Dry,Daylight
2021-08-15T22:43:00.000,I-75,,,Not a Collision with Motor Vehicle,1,Severe Thunderstorm or Tornadic,Water (standing or moving),Dark-Not Lighted
2021-12-09T17:24:00.000,I 85,,,Sideswipe-Same Direction,2,Cloudy,Dry,Dusk
2021-10-20T04:30:00.000,I 75,,,Not a Collision with Motor Vehicle,1,Clear,Dry,Dark-Not Lighted
2021-12-26T20:00:00.000,I-75,,,Sideswipe-Same Direction,2,Clear,Dry,Dark-Lighted
2021-10-04T16:23:00.000,I 285,,,Not a Collision with Motor Vehicle,1,Clear,Dry,Daylight
2021-07-09T12:50:00.000,I 75,,,Rear End,2,Cloudy,Wet,Daylight
2021-07-13T18:25:00.000,I 75,,,Not a Collision with Motor Vehicle,1,Clear,Dry,Daylight
2021-12-21T13:44:00.000,I 75,,,Rear End,2,Rain,Wet,Daylight
2021-07-20T17:08:00.000,I 75,,,Rear End,2,Cloudy,Wet,Daylight
2021-07-20T20:27:00.000,I 16,,,Not a Collision with Motor Vehicle,1,Rain,Wet,Dusk
2021-11-12T21:55:00.000,I 75,,,Head On,2,Clear,Dry,Dark-Lighted
2021-11-09T11:45:00.000,I 16,,,Not a Collision with Motor Vehicle,1,Clear,Dry,Daylight
2021-11-21T18:10:00.000,I 75,,,Not a Collision with Motor Vehicle,2,Clear,Dry,Dark-Not Lighted
2021-11-12T13:57:00.000,I 75,,,Angle Crash,2,Clear,Dry,Daylight
2021-07-17T02:50:00.000,I 85,,,Not a Collision with Motor Vehicle,1,Cloudy,Dry,Dark-Not Lighted
2021-07-04T07:10:00.000,I 85,,,Angle Crash,2,Clear,Dry,Daylight
2021-11-14T00:03:00.000,I 85,,,Angle Crash,2,Clear,Dry,Dark-Lighted
2021-12-01T14:40:00.000,I 285,,,Sideswipe-Same Direction,2,Clear,Dry,Daylight
2021-11-20T18:22:00.000,I 75,,,Sideswipe-Same Direction,2,Clear,Dry,Dark-Not Lighted
2021-10-19T15:40:00.000,I 285,,,Sideswipe-Same Direction,2,Clear,Dry,Daylight
2021-09-01T01:25:00.000,I 20,,,Sideswipe-Same Direction,2,Rain,Wet,Dark-Not Lighted
2021-11-10T23:45:00.000,I 285,,,Sideswipe-Same Direction,2,Clear,Dry,Dark-Not Lighted
2021-11-04T19:56:00.000,I-75,,,Rear End,2,Clear,Water (standing or moving),Dark-Lighted
2021-08-23T19:35:00.000,I 75,,,Not a Collision with Motor Vehicle,1,Clear,Dry,Daylight
2021-08-17T13:50:00.000,I 85,,,Sideswipe-Same Direction,2,Clear,Wet,Daylight
2021-10-15T20:35:00.000,I 285,,,Sideswipe-Same Direction,2,Clear,Dry,Dark-Lighted
2021-09-21T17:20:00.000,I 75,,,Rear End,2,Clear,Dry,Daylight
2021-08-27T14:04:00.000,I 75,,,Sideswipe-Same Direction,2,Clear,Dry,Daylight
2021-10-25T13:00:00.000,I-75,,,Rear End,3,Clear,Dry,Dark-Not Lighted
2021-08-23T15:42:00.000,I 85,,,Angle Crash,2,Clear,Dry,Daylight
2021-08-08T15:10:00.000,I 16,,,Not a Collision with Motor Vehicle,1,Rain,Wet,Daylight
2021-08-14T02:00:00.000,I 85,,,Not a Collision with Motor Vehicle,1,Clear,Dry,Dark-Not Lighted
2021-09-07T11:15:00.000,I 85,,,Not a Collision with Motor Vehicle,1,Cloudy,Wet,Daylight
2021-07-27T14:48:00.000,I 20,,,Sideswipe-Same Direction,2,Clear,Dry,Daylight
2021-07-16T16:49:00.000,I 75,,,Not a Collision with Motor Vehicle,1,Clear,Dry,Daylight
2021-08-08T13:10:00.000,I 85,,,Sideswipe-Same Direction,2,Clear,Dry,Daylight
2021-10-27T16:17:00.000,I 75,,,Rear End,2,Clear,Dry,Daylight
2021-10-15T22:39:00.000,I-75,,,Sideswipe-Same Direction,2,Clear,Dry,Dark-Not Lighted
2021-07-08T01:20:00.000,I 20,,,Not a Collision with Motor Vehicle,1,Cloudy,Wet,Dark-Not Lighted
2021-11-01T12:57:00.000,I 85,,,Rear End,2,Clear,Dry,Daylight
2021-08-26T18:00:00.000,I 285,,,Sideswipe-Same Direction,3,Clear,Dry,Daylight
2021-07-08T16:46:00.000,I 85,,,Sideswipe-Same Direction,2,Rain,Wet,Daylight
2021-09-26T03:05:00.000,I 75,,,Rear End,2,Clear,Dry,Dark-Lighted
2021-12-22T06:50:00.000,I 16,,,Rear End,3,Rain,Wet,Dark-Not Lighted
2021-08-22T20:20:00.000,I 75,,,Not a Collision with Motor Vehicle,3,Rain,Wet,Dark-Not Lighted
2021-07-08T13:25:00.000,I 75,,,Rear End,2,Clear,Dry,Daylight
2021-08-07T04:30:00.000,I 85,,,Not a Collision with Motor Vehicle,1,Clear,Dry,Dark-Not Lighted
2021-08-10T06:50:00.000,I 75,,,Rear End,2,Clear,Dry,Dawn
2021-11-14T12:50:00.000,I-75,,,Rear End,2,Clear,Dry,Daylight
2021-12-20T01:31:00.000,I 20,,,Angle Crash,2,Clear,Dry,Dark-Not Lighted
2021-12-15T03:45:00.000,I-75,,,Angle Crash,2,Clear,Dry,Dark-Not Lighted
2021-08-17T15:08:00.000,I 95,,,Rear End,2,Rain,Wet,Daylight
2021-12-11T08:43:00.000,I 285,,,Not a Collision with Motor Vehicle,1,Cloudy,Wet,Daylight
2021-09-10T20:30:00.000,I 285,,,Sideswipe-Same Direction,2,Clear,Dry,Dark-Not Lighted
2021-08-17T16:14:00.000,I 85,,,Rear End,2,Cloudy,Wet,Daylight
2021-09-08T14:20:00.000,I 75,,,Angle Crash,3,Clear,Dry,Daylight
2021-12-23T20:10:00.000,I 285,,,Sideswipe-Same Direction,2,Clear,Dry,Dark-Not Lighted
2021-12-15T06:40:00.000,I 20,,,Sideswipe-Same Direction,2,Clear,Dry,Dark-Not Lighted
2021-07-10T16:00:00.000,I 285,,,Rear End,2,Rain,Wet,Daylight
2021-10-17T19:30:00.000,I-75,,,Rear End,2,Clear,Dry,Dark-Lighted
2021-11-16T10:27:00.000,I 75,,,Angle Crash,2,Clear,Dry,Daylight
2021-12-11T12:10:00.000,I 75,,,Rear End,2,Rain,Wet,Daylight
2021-07-09T22:30:00.000,I-75,,,Not a Collision with Motor Vehicle,1,Clear,Dry,Dark-Lighted
2021-11-23T11:07:00.000,I 20,,,Rear End,2,Clear,Dry,Dark-Lighted
2021-07-23T17:25:00.000,I 20,,,Angle Crash,2,Rain,Wet,Daylight
2021-09-16T07:10:00.000,I 285,,,Rear End,2,Rain,Wet,Dark-Not Lighted
2021-07-23T17:50:00.000,I 20,,,Not a Collision with Motor Vehicle,1,Rain,Water (standing or moving),Daylight
2021-11-04T15:05:00.000,I 85,,,Angle Crash,4,Cloudy,Dry,Daylight
2021-07-09T12:34:00.000,I 85,,,Rear End,3,Clear,Dry,Daylight
2021-12-29T16:11:00.000,I 20,,,Sideswipe-Same Direction,2,Cloudy,Dry,Daylight
2021-10-18T07:41:00.000,I 285,,,Sideswipe-Same Direction,2,Clear,Dry,Daylight
2021-09-20T14:51:00.000,I 75,,,Angle Crash,2,Clear,Wet,Daylight
2021-11-12T08:40:00.000,I 75,,,Sideswipe-Same Direction,2,Clear,Dry,Daylight
2021-09-24T17:30:00.000,I 285,,,Rear End,2,Clear,Dry,Daylight
2021-09-29T13:40:00.000,I 285,,,Rear End,2,Clear,Dry,Daylight
2021-08-12T22:51:00.000,I 85,,,Sideswipe-Same Direction,2,Clear,Dry,Dark-Not Lighted
2021-12-16T07:21:00.000,I 75,,,Rear End,2,Cloudy,Dry,Daylight
2021-11-12T15:03:00.000,I 75,,,Sideswipe-Same Direction,3,Clear,Dry,Daylight
2021-07-11T08:00:00.000,I 85,,,Not a Collision with Motor Vehicle,1,Clear,Dry,Daylight
2021-09-07T22:48:00.000,I 85,,,Not a Collision with Motor Vehicle,1,(None),(None),(None)
2021-12-23T09:03:00.000,I 285,,,Sideswipe-Same Direction,2,Clear,Dry,Daylight
2021-07-22T16:07:00.000,I 95,,,Not a Collision with Motor Vehicle,1,Rain,Wet,Daylight
2021-11-24T22:00:00.000,I-75,,,Sideswipe-Same Direction,2,Clear,Dry,Dark-Lighted
2021-10-01T14:43:00.000,I 75,,,Rear End,2,Clear,Dry,Daylight
2021-12-27T10:11:00.000,I 16,,,Sideswipe-Same Direction,2,Cloudy,Dry,Daylight
2021-07-14T16:13:00.000,I 16,,,Rear End,3,Clear,Dry,Daylight
2021-12-20T20:16:00.000,I 285,,,Rear End,2,Clear,Dry,Dark-Not Lighted
2021-08-08T17:05:00.000,I 85,,,Rear End,2,Clear,Dry,Daylight
2021-11-03T16:34:00.000,I 20,,,Rear End,2,Cloudy,Dry,Daylight
2021-12-11T10:40:00.000,I 20,,,Sideswipe-Same Direction,2,Cloudy,Wet,Daylight
2021-07-17T18:45:00.000,I 75,,,Not a Collision with Motor Vehicle,1,Cloudy,Wet,Daylight
2021-12-22T17:21:00.000,I 75,,,Rear End,2,Clear,Dry,Dark-Lighted
2021-07-29T20:09:00.000,I 20,,,Sideswipe-Same Direction,2,Clear,Dry,Dusk
2021-08-10T14:38:00.000,I 16,,,Not a Collision with Motor Vehicle,1,Rain,Wet,Daylight
2021-09-01T00:07:00.000,I 285,,,Not a Collision with Motor Vehicle,1,Rain,Wet,Dark-Not Lighted
2021-08-04T17:28:00.000,I 85,,,Rear End,2,Clear,Dry,Daylight
2021-10-30T11:03:00.000,I-75,,,Rear End,2,Rain,Wet,Daylight
2021-10-02T07:34:00.000,I-75,,,Sideswipe-Same Direction,2,Fog,Dry,Daylight
2021-08-31T08:50:00.000,I 75,,,Not a Collision with Motor Vehicle,1,Rain,Wet,Daylight
2021-12-02T14:30:00.000,I 20,,,Rear End,2,Clear,Dry,Daylight
2021-10-06T14:58:00.000,I 75,,,Angle Crash,2,Cloudy,Wet,Daylight
2021-09-10T22:32:00.000,I 85,,,Rear End,2,Clear,Dry,Dark-Not Lighted
2021-08-04T08:45:00.000,I-75,,,Rear End,2,Clear,Dry,Dark-Lighted
2021-11-17T14:30:00.000,I 85,,,Sideswipe-Same Direction,2,Clear,Dry,Daylight
2021-11-05T07:37:00.000,I 75,,,Rear End,3,Cloudy,Dry,Dawn
2021-10-30T18:55:00.000,I-75,,,Angle Crash,5,Cloudy,Wet,Dark-Not Lighted
2021-12-17T15:23:00.000,I 285,,,Angle Crash,3,Cloudy,Dry,Daylight
2021-11-28T16:25:00.000,I 75,,,Sideswipe-Same Direction,2,Cloudy,Dry,Daylight
2021-10-11T16:32:00.000,I 75,,,Rear End,2,Clear,Dry,Daylight
2021-08-22T08:20:00.000,I-75,,,Sideswipe-Same Direction,2,Cloudy,Dry,Daylight
2021-07-15T19:43:00.000,I 285,,,Not a Collision with Motor Vehicle,1,Cloudy,Dry,Daylight
2021-12-13T15:47:00.000,I 75,,,Angle Crash,2,Clear,Dry,Daylight
2021-11-21T17:45:00.000,I 75,,,Rear End,2,Cloudy,Dry,Daylight
2021-11-12T21:00:00.000,I-75,,,Rear End,2,Clear,Dry,Daylight
2021-07-21T18:48:00.000,I 75,,,Sideswipe-Same Direction,2,Clear,Dry,Daylight
2021-12-22T11:58:00.000,I 75,,,Angle Crash,2,Clear,Dry,Daylight
2021-11-24T19:25:00.000,I 75,,,Not a Collision with Motor Vehicle,1,Clear,Dry,Dark-Not Lighted
2021-11-07T12:40:00.000,I 285,,,Sideswipe-Same Direction,2,Clear,Dry,Daylight
2021-09-23T17:57:00.000,I 75,,,Rear End,2,Clear,Dry,Daylight
2021-11-05T22:05:00.000,I-75,,,Sideswipe-Same Direction,2,Clear,Dry,Dark-Lighted
2021-10-02T08:02:00.000,I 85,,,Not a Collision with Motor Vehicle,1,Fog,Dry,Daylight
2021-11-14T00:28:00.000,I 16,,,Not a Collision with Motor Vehicle,1,Clear,Dry,Dark-Not Lighted
2021-08-06T14:14:00.000,I 85,,,Rear End,2,Cloudy,Dry,Daylight
2021-10-12T22:05:00.000,I 75,,,Rear End,2,Clear,Dry,Dark-Not Lighted
2021-12-11T15:35:00.000,I 285,,,Not a Collision with Motor Vehicle,1,Rain,Wet,Daylight
2021-10-24T10:30:00.000,I-75,,,Sideswipe-Same Direction,2,Clear,Dry,Daylight
2021-12-09T12:33:00.000,I 75,,,Sideswipe-Same Direction,2,Cloudy,Dry,Daylight
2021-11-04T19:19:00.000,I 20,,,Rear End,4,Cloudy,Dry,Dark-Not Lighted
2021-08-04T17:50:00.000,I 285,,,Rear End,2,Clear,Dry,Daylight
2021-10-22T18:00:00.000,I 75,,,Sideswipe-Same Direction,2,Clear,Dry,Daylight
2021-10-07T20:17:00.000,I 75,,,Sideswipe-Same Direction,2,Clear,Dry,Dark-Lighted
2021-10-22T23:10:00.000,I-75,,,Sideswipe-Same Direction,2,Clear,Dry,Dark-Lighted
2021-10-10T18:30:00.000,I-75,,,Rear End,2,Clear,Dry,Daylight
2021-11-24T10:59:00.000,I 85,,,Rear End,2,Clear,Dry,Daylight
2021-12-08T10:00:00.000,I 16,,,Sideswipe-Same Direction,2,Rain,Wet,Daylight
2021-09-12T16:45:00.000,I-75,,,Rear End,2,Clear,Dry,Daylight
2021-12-07T10:25:00.000,I 285,,,Rear End,2,Cloudy,Dry,Daylight
2021-08-08T22:16:00.000,I 85,,,Sideswipe-Same Direction,2,Cloudy,Dry,Dark-Not Lighted
2021-07-30T15:48:00.000,I 16,,,Not a Collision with Motor Vehicle,1,Clear,Dry,Daylight
2021-11-04T01:10:00.000,I 75,,,Not a Collision with Motor Vehicle,1,Rain,Wet,Dark-Not Lighted
2021-07-22T12:40:00.000,I 16,,,Rear End,2,Clear,Dry,Daylight
2021-12-18T18:00:00.000,I 75,,,Rear End,2,Cloudy,Wet,Dusk
2021-12-28T20:05:00.000,I 75,,,Not a Collision with Motor Vehicle,1,Clear,Dry,Dark-Not Lighted
2021-10-27T04:55:00.000,I 85,,,Sideswipe-Same Direction,2,Clear,Dry,Dark-Not Lighted
2021-11-09T17:58:00.000,I 16,,,Sideswipe-Same Direction,2,Clear,Dry,Dark-Not Lighted
2021-10-04T12:00:00.000,I 75,,,Sideswipe-Same Direction,2,Cloudy,Wet,Daylight
2021-07-09T19:50:00.000,I 285,,,Rear End,2,Cloudy,Wet,Dark-Not Lighted
2021-10-23T11:30:00.000,I 85,,,Rear End,2,Clear,Dry,Daylight
2021-10-29T19:26:00.000,I 95,,,Not a Collision with Motor Vehicle,1,Clear,Dry,Dark-Not Lighted
2021-10-30T09:50:00.000,I 285,,,Not a Collision with Motor Vehicle,1,Rain,Wet,Daylight
2021-10-07T16:50:00.000,I 285,,,Not a Collision with Motor Vehicle,1,Cloudy,Wet,Daylight
2021-04-29T00:10:00.000,I 20,,,Angle Crash,2,Clear,Dry,Dark-Not Lighted
2021-01-18T21:51:00.000,I 20,,,Not a Collision with Motor Vehicle,1,Clear,Dry,Dark-Not Lighted
2021-06-20T02:24:00.000,I 85,,,Not a Collision with Motor Vehicle,1,Rain,Wet,Dark-Not Lighted
2021-04-30T17:30:00.000,I 285,,,Sideswipe-Same Direction,3,Clear,Dry,Daylight
2021-03-22T18:55:00.000,I 85,,,Not a Collision with Motor Vehicle,2,Clear,Dry,Daylight
2021-06-13T21:55:00.000,I 85,,,Not a Collision with Motor Vehicle,1,Clear,Dry,Dark-Lighted
2021-05-27T02:50:00.000,Sr 141,,,Angle Crash,2,Cloudy,Dry,Dark-Lighted
2021-02-20T07:20:00.000,I 20,,,Rear End,2,Clear,Dry,Daylight
2021-05-03T10:31:00.000,I 285,,,Rear End,2,Rain,Wet,Daylight
2021-05-03T07:59:00.000,I 75,,,Not a Collision with Motor Vehicle,1,Rain,Wet,Dawn
2021-04-06T17:30:00.000,I 75,,,Rear End,2,Clear,Dry,Daylight
2021-01-26T10:00:00.000,I 285,,,Angle Crash,2,Clear,Dry,Daylight
2021-06-08T05:35:00.000,I 285,,,Not a Collision with Motor Vehicle,1,Clear,Dry,Dark-Lighted
2021-03-02T20:50:00.000,I 85,,,Rear End,2,Rain,Wet,Dark-Not Lighted
2021-06-07T17:10:00.000,I 285,,,Rear End,2,Rain,Wet,Daylight
2021-12-30T02:01:00.000,I 20,,,Sideswipe-Same Direction,2,Rain,Water (standing or moving),Dark-Lighted
2021-12-30T16:50:00.000,I 20,,,Sideswipe-Same Direction,2,Rain,Wet,Dusk
2021-12-17T10:40:00.000,I 75,,,Rear End,3,Clear,Dry,Daylight
2021-11-28T12:20:00.000,I 85,,,Rear End,3,Cloudy,Dry,Daylight
2021-10-22T14:30:00.000,I 20,,,Sideswipe-Same Direction,2,Clear,Dry,Daylight
2021-09-29T08:45:00.000,I 285,,,Rear End,2,Clear,Dry,Daylight
2021-08-10T10:49:00.000,I 75,,,Rear End,2,Clear,Dry,Daylight
2021-07-25T13:55:00.000,I 85,,,Rear End,3,Clear,Dry,Daylight
2021-11-17T03:28:00.000,I 285,,,Angle Crash,3,Clear,Dry,Dark-Not Lighted
2021-11-16T16:00:00.000,I 75,,,Sideswipe-Same Direction,2,Clear,Dry,Daylight
2021-10-20T21:36:00.000,I 16,,,Angle Crash,2,Clear,Dry,Dark-Not Lighted
2021-10-26T14:00:00.000,I 285,,,Not a Collision with Motor Vehicle,1,Clear,Dry,Daylight
2021-10-09T19:37:00.000,I 75,,,Rear End,2,Clear,Dry,Dark-Not Lighted
2021-10-04T10:17:00.000,I 20,,,Not a Collision with Motor Vehicle,1,Rain,Wet,Daylight
2021-09-09T07:20:00.000,I 16,,,Rear End,2,Rain,Wet,Daylight
2021-08-03T17:45:00.000,I 20,,,Rear End,3,Clear,Dry,Daylight
2021-11-22T14:34:00.000,I 85,,,Rear End,2,Clear,Dry,Daylight
2021-11-19T16:25:00.000,I 285,,,Rear End,2,Clear,Dry,Daylight
2021-09-20T08:17:00.000,I 75,,,Angle Crash,3,Rain,Wet,Daylight
2021-09-18T17:35:00.000,I 85,,,Not a Collision with Motor Vehicle,1,Rain,Wet,Daylight
2021-08-20T13:45:00.000,I 75,,,Sideswipe-Same Direction,2,Clear,Dry,Daylight
2021-08-06T10:56:00.000,I 75,,,Not a Collision with Motor Vehicle,2,Clear,Dry,Daylight
2021-08-04T00:00:00.000,I 85,,,Sideswipe-Same Direction,2,Clear,Dry,Daylight
2021-07-12T18:09:00.000,I 16,,,Not a Collision with Motor Vehicle,1,Rain,Wet,Daylight
2021-12-22T09:40:00.000,I 75,,,Not a Collision with Motor Vehicle,1,Clear,Wet,Daylight
2021-11-29T15:52:00.000,I 75,,,Rear End,2,Clear,Dry,Daylight
2021-11-21T18:37:00.000,I 75,,,Rear End,3,Clear,Dry,Dark-Not Lighted
2021-11-20T20:43:00.000,I 85,,,Angle Crash,2,Clear,Dry,Dark-Not Lighted
2021-11-14T13:15:00.000,I 285,,,Rear End,2,Clear,Dry,Daylight
2021-10-30T14:45:00.000,I-75,,,Sideswipe-Same Direction,2,Clear,Dry,Daylight
2021-10-23T17:13:00.000,I 16,,,Sideswipe-Same Direction,3,Clear,Dry,Daylight
2021-10-06T09:40:00.000,I 75,,,Not a Collision with Motor Vehicle,1,Rain,Wet,Daylight
2021-10-05T11:00:00.000,I 85,,,Sideswipe-Same Direction,2,Rain,Wet,Daylight
2021-09-14T14:26:00.000,I 85,,,Rear End,2,Clear,Dry,Daylight
2021-09-04T13:25:00.000,I 285,,,Rear End,2,Clear,Dry,Daylight
2021-08-14T19:20:00.000,I 75,,,Not a Collision with Motor Vehicle,1,Clear,Dry,Daylight
2021-08-08T21:17:00.000,I 75,,,Sideswipe-Same Direction,2,Clear,Dry,Dusk
2021-07-22T19:10:00.000,I 20,,,Sideswipe-Same Direction,2,Clear,Dry,Daylight
2021-07-19T20:50:00.000,I 285,,,Not a Collision with Motor Vehicle,1,Rain,Wet,Dark-Not Lighted
2021-12-22T16:30:00.000,I 85,,,Rear End,2,Clear,Dry,Daylight
2021-12-22T09:17:00.000,I 75,,,Sideswipe-Same Direction,2,Clear,Dry,Daylight
2021-11-14T19:00:00.000,I-75,,,Sideswipe-Same Direction,2,Clear,Dry,Dark-Lighted
2021-10-29T14:33:00.000,I 75,,,Rear End,2,Cloudy,Dry,Daylight
2021-10-03T17:57:00.000,I 85,,,Rear End,2,Cloudy,Wet,Daylight
2021-09-23T19:00:00.000,I 75,,,Angle Crash,2,Clear,Dry,Daylight
2021-09-03T17:15:00.000,I 75,,,Rear End,2,Clear,Dry,Daylight
2021-08-16T06:12:00.000,I 75,,,Not a Collision with Motor Vehicle,2,Rain,Wet,Dark-Not Lighted
2021-08-17T10:19:00.000,I 285,,,Not a Collision with Motor Vehicle,1,Rain,Wet,Daylight
2021-12-23T12:54:00.000,I 285,,,Rear End,2,Clear,Dry,Daylight
2021-11-27T10:40:00.000,I 75,,,Rear End,2,Clear,Dry,Daylight
2021-10-27T18:00:00.000,I 285,,,Sideswipe-Same Direction,2,Clear,Dry,Daylight
2021-07-15T18:00:00.000,I 95,,,Rear End,2,Cloudy,Dry,Daylight
2021-12-31T14:24:00.000,I 75,,,Not a Collision with Motor Vehicle,1,Cloudy,Wet,Daylight
2021-11-30T09:00:00.000,I 85,,,Rear End,2,Clear,Dry,Daylight
2021-11-12T12:00:00.000,I-75,,,Sideswipe-Opposite Direction,2,Clear,Dry,Daylight