Date and Time,Roadway (From Crash Report),Intersection Name (from Crash Report),KABCO Severity,Manner of Collision (Crash Level) ,# of Vehicles per crash ,Weather Conditions (Crash Level),Surface Condition (Crash Level) ,Light Conditions (Crash Level)
2021-10-06T10:30:00.000,I 285,,,Angle Crash,2,Cloudy,Dry,Daylight
2021-08-23T11:54:00.000,I 16,,,Rear End,2,Clear,Dry,Daylight
2021-08-23T14:37:00.000,I 75,,,Rear End,2,Clear,Dry,Daylight
2021-07-26T17:20:00.000,I 75,,,Sideswipe-Same Direction,2,Cloudy,Dry,Daylight
2021-07-08T22:50:00.000,I 85,,,Sideswipe-Same Direction,2,Clear,Wet,Dark-Not Lighted
2021-12-10T12:00:00.000,I 75,,,Angle Crash,2,Rain,Wet,Daylight
2021-11-29T11:32:00.000,I 20,,,Rear End,2,Clear,Dry,Daylight
2021-11-11T21:05:00.000,I-75,,,Sideswipe-Same Direction,2,Rain,Wet,Dark-Lighted
2021-09-06T21:29:00.000,I 85,,,Angle Crash,2,Clear,Dry,Dark-Lighted
2021-07-26T18:39:00.000,I 16,,,Sideswipe-Same Direction,2,Clear,Dry,Daylight
2021-07-15T14:06:00.000,I 75,,,Rear End,2,Clear,Dry,Daylight
2021-12-28T18:33:00.000,I-75,,,Rear End,2,Clear,Dry,Dark-Lighted
2021-12-08T10:00:00.000,I 16,,,Not a Collision with Motor Vehicle,1,Rain,Wet,Daylight
2021-10-03T14:50:00.000,Sr 120,,,Rear End,2,Cloudy,Dry,Daylight
2021-09-18T15:00:00.000,I 285,,,Angle Crash,2,Clear,Dry,Daylight
2021-12-22T16:35:00.000,I 85,,,Rear End,2,Clear,Dry,Daylight
2021-11-09T15:33:00.000,I 75,,,Rear End,2,Clear,Dry,Daylight
2021-11-11T20:27:00.000,I-75,,,Sideswipe-Same Direction,2,Rain,Water (standing or moving),Dark-Lighted
2021-09-18T23:02:00.000,I 85,,,Sideswipe-Same Direction,2,Clear,Wet,Daylight
2021-08-05T08:15:00.000,I 85,,,Sideswipe-Same Direction,2,Clear,Dry,Daylight
2021-07-21T00:35:00.000,I 20,,,Not a Collision with Motor Vehicle,1,Cloudy,Dry,Dark-Not Lighted
2021-12-18T22:30:00.000,I 75,,,Rear End,2,Cloudy,Wet,Dark-Not Lighted
2021-12-08T04:30:00.000,I 75,,,Rear End,3,Rain,Wet,Dark-Lighted
2021-07-10T18:28:00.000,I 16,,,Not a Collision with Motor Vehicle,1,Rain,Wet,Daylight
2021-12-16T21:34:00.000,I 85,,,Not a Collision with Motor Vehicle,1,Clear,Dry,Dark-Not Lighted
2021-12-06T13:55:00.000,I 85,,,Rear End,2,Rain,Wet,Daylight
2021-09-20T17:05:00.000,I 75,,,Rear End,2,Cloudy,Wet,Daylight
2021-09-05T04:18:00.000,I 85,,,Not a Collision with Motor Vehicle,1,Clear,Dry,Dark-Not Lighted
2021-12-07T22:00:00.000,I-75,,,Sideswipe-Same Direction,2,Clear,Dry,Dark-Lighted
2021-12-02T10:30:00.000,I 285,,,Rear End,2,Clear,Dry,Daylight
2021-11-29T15:50:00.000,I 20,,,Rear End,2,Clear,Dry,Daylight
2021-10-23T11:30:00.000,I 85,,,Rear End,2,Clear,Dry,Daylight
2021-12-09T06:39:00.000,I 95,,,Sideswipe-Same Direction,2,Clear,Dry,Daylight
2021-12-06T08:22:00.000,I 75,,,Rear End,2,Cloudy,Dry,Daylight
2021-11-27T17:30:00.000,I 95,,,Rear End,2,Clear,Dry,Dark-Not Lighted
2021-10-08T05:44:00.000,I 75,,,Not a Collision with Motor Vehicle,1,Rain,Wet,Dark-Not Lighted
2021-10-13T11:05:00.000,I 75,,,Rear End,2,Clear,Dry,Daylight
2021-09-21T16:28:00.000,I 75,,,Not a Collision with Motor Vehicle,1,Clear,Dry,Daylight
2021-07-08T18:51:00.000,I 285,,,Rear End,2,Clear,Wet,Daylight
2021-07-08T18:50:00.000,I 75,,,Angle Crash,2,Cloudy,Wet,Daylight
2021-12-22T16:35:00.000,I 285,,,Angle Crash,4,Clear,Dry,Daylight
2021-11-04T16:00:00.000,I 75,,,Rear End,3,Cloudy,Dry,Daylight
2021-09-25T14:53:00.000,I 75,,,Rear End,2,Clear,Dry,Daylight
2021-12-30T06:13:00.000,I 85,,,Angle Crash,2,Rain,Wet,Dark-Not Lighted
2021-12-03T17:51:00.000,I 285,,,Rear End,2,Clear,Dry,Dark-Not Lighted
2021-12-02T23:15:00.000,I-75,,,Angle Crash,2,Clear,Dry,Dark-Not Lighted
2021-11-08T19:10:00.000,I 75,,,Sideswipe-Same Direction,2,Clear,Dry,Dark-Not Lighted
2021-10-27T07:07:00.000,I 75,,,Not a Collision with Motor Vehicle,1,Cloudy,Dry,Dark-Lighted
2021-08-16T18:50:00.000,I 75,,,Angle Crash,2,Cloudy,Wet,Daylight
2021-08-16T05:22:00.000,I 75,,,Sideswipe-Same Direction,2,Clear,Dry,Dark-Not Lighted
2021-08-13T16:50:00.000,I 285,,,Rear End,2,Cloudy,Dry,Daylight
2021-11-24T06:09:00.000,I 95,,,Not a Collision with Motor Vehicle,1,Clear,Dry,Dark-Not Lighted
2021-12-03T20:30:00.000,I 75,,,Rear End,5,Clear,Dry,Dark-Not Lighted
2021-11-28T18:33:00.000,I 285,,,Sideswipe-Same Direction,2,Clear,Dry,Dark-Not Lighted
2021-11-05T10:17:00.000,I 75,,,Rear End,2,Cloudy,Dry,Daylight
2021-10-15T09:25:00.000,I 75,,,Sideswipe-Same Direction,2,Clear,Dry,Daylight
2021-09-19T21:18:00.000,I 85,,,Not a Collision with Motor Vehicle,1,Rain,Wet,Dark-Not Lighted
2021-07-23T10:15:00.000,I 75,,,Not a Collision with Motor Vehicle,1,Clear,Dry,Daylight
2021-12-03T11:55:00.000,I 75,,,Sideswipe-Same Direction,3,Clear,Dry,Daylight
2021-11-24T11:00:00.000,I 20,,,Rear End,2,Clear,Dry,Daylight
2021-11-05T06:40:00.000,I 85,,,Sideswipe-Same Direction,2,Clear,Dry,Dark-Lighted
2021-10-06T18:15:00.000,I 285,,,Rear End,2,Cloudy,Dry,Daylight
2021-08-23T14:41:00.000,I 75,,,Rear End,2,Clear,Dry,Daylight
2021-07-26T14:45:00.000,I 85,,,Sideswipe-Same Direction,2,Cloudy,Dry,Daylight
2021-07-22T01:59:00.000,I 285,,,Head On,2,Clear,Dry,Dark-Not Lighted
2021-07-10T15:30:00.000,I 16,,,Rear End,2,Clear,Dry,Daylight
2021-07-05T13:15:00.000,I 85,,,Sideswipe-Same Direction,2,Clear,Dry,Daylight
2021-11-14T20:19:00.000,I-75,,,Rear End,3,Clear,Dry,Dark-Lighted
2021-11-10T13:51:00.000,I 20,,,Rear End,2,Clear,Dry,Daylight
2021-10-30T09:25:00.000,I 75,,,Sideswipe-Same Direction,2,Cloudy,Wet,Daylight
2021-08-17T09:23:00.000,I 85,,,Rear End,2,Rain,Wet,Daylight
2021-10-12T12:16:00.000,I 75,,,Sideswipe-Same Direction,2,Clear,Dry,Daylight
2021-11-20T19:33:00.000,I 285,,,Sideswipe-Same Direction,2,Clear,Dry,Dark-Lighted
2021-10-20T12:43:00.000,I 285,,,Not a Collision with Motor Vehicle,2,Clear,Dry,Daylight
2021-09-18T14:40:00.000,I-75,,,Rear End,2,Clear,Dry,Daylight
2021-12-22T12:13:00.000,I 75,,,Rear End,2,Clear,Dry,Daylight
2021-12-21T14:54:00.000,I 285,,,Rear End,3,Rain,Wet,Daylight
2021-12-19T13:35:00.000,I 85,,,Rear End,2,Clear,Dry,Daylight
2021-12-12T12:20:00.000,I 95,,,Sideswipe-Same Direction,2,Clear,Dry,Daylight
2021-11-04T23:18:00.000,I-75,,,Rear End,2,Clear,Dry,Dark-Lighted
2021-10-29T23:20:00.000,I-75,,,Rear End,2,Rain,Wet,Dark-Lighted
2021-10-15T17:05:00.000,I 85,,,Rear End,2,Clear,Dry,Daylight
2021-10-07T13:06:00.000,I 20,,,Rear End,2,Cloudy,Dry,Daylight
2021-09-11T07:10:00.000,I 20,,,Angle Crash,2,Clear,Dry,Dawn
2021-07-25T20:00:00.000,I-75,,,Rear End,2,Cloudy,Dry,Daylight
2021-07-01T00:46:00.000,I 20,,,Rear End,2,Clear,Dry,Dark-Lighted
2021-12-21T20:48:00.000,I 75,,,Rear End,6,Clear,Dry,Daylight
2021-11-14T15:58:00.000,I 75,,,Sideswipe-Same Direction,2,Clear,Dry,Daylight
2021-10-30T13:30:00.000,I 20,,,Not a Collision with Motor Vehicle,2,Cloudy,Dry,Daylight
2021-10-17T11:41:00.000,I 75,,,Rear End,2,Clear,Dry,Daylight
2021-09-07T18:07:00.000,I 75,,,Rear End,2,Clear,Dry,Dusk
2021-07-27T18:19:00.000,I 20,,,Not a Collision with Motor Vehicle,1,Rain,Wet,Dark-Not Lighted
2021-07-22T22:40:00.000,I 85,,,Sideswipe-Same Direction,2,Clear,Dry,Dark-Not Lighted
2021-07-08T05:50:00.000,I 75,,,Not a Collision with Motor Vehicle,1,Cloudy,Wet,Dark-Not Lighted
2021-12-14T15:24:00.000,I 75,,,Angle Crash,2,Clear,Dry,Daylight
2021-11-03T15:20:00.000,I-75,,,Sideswipe-Same Direction,2,Clear,Dry,Daylight
2021-09-21T05:40:00.000,I 75,,,Angle Crash,2,Cloudy,Wet,Dark-Not Lighted
2021-09-15T07:00:00.000,I 285,,,Sideswipe-Same Direction,2,Clear,Dry,Daylight
2021-08-17T13:13:00.000,I 16,,,Not a Collision with Motor Vehicle,1,Cloudy,Wet,Daylight
2021-11-04T17:38:00.000,I 285,,,Sideswipe-Same Direction,2,Cloudy,Wet,Daylight
2021-09-14T22:43:00.000,I 75,,,Rear End,2,Clear,Dry,Dark-Not Lighted
2021-09-13T12:50:00.000,I 285,,,Sideswipe-Same Direction,2,Clear,Dry,Daylight
2021-07-01T14:03:00.000,I 75,,,Sideswipe-Same Direction,2,Cloudy,Dry,Daylight
2021-07-02T19:13:00.000,I 75,,,Sideswipe-Same Direction,2,Clear,Dry,Daylight
2021-12-18T07:30:00.000,I-75,,,Angle Crash,2,Cloudy,Water (standing or moving),Dark-Lighted
2021-09-04T09:21:00.000,I 85,,,Sideswipe-Same Direction,2,Clear,Dry,Daylight
2021-07-22T00:05:00.000,I 16,,,Not a Collision with Motor Vehicle,1,Clear,Dry,Dark-Not Lighted
2021-12-30T05:38:00.000,I 20,,,Angle Crash,2,Rain,Wet,Dark-Not Lighted
2021-12-02T14:40:00.000,I 75,,,Not a Collision with Motor Vehicle,1,Clear,Dry,Daylight
2021-11-20T06:40:00.000,I-75,,,Rear End,2,Clear,Dry,Dark-Lighted
2021-11-18T19:06:00.000,I 75,,,Rear End,2,Clear,Dry,Dusk
2021-10-31T15:30:00.000,I-75,,,Rear End,2,Clear,Dry,Daylight
2021-10-15T13:30:00.000,I 285,,,Rear End,2,Clear,Dry,Daylight
2021-07-21T12:36:00.000,I 75,,,Sideswipe-Same Direction,2,Clear,Dry,Daylight
2021-09-25T21:30:00.000,I 85,,,Sideswipe-Same Direction,2,Clear,Dry,Dark-Not Lighted
2021-09-22T13:30:00.000,I 75,,,Sideswipe-Same Direction,2,Clear,Dry,Daylight
2021-09-19T16:15:00.000,I-75,,,Rear End,2,Clear,Dry,Daylight
2021-09-08T13:45:00.000,I 75,,,Sideswipe-Same Direction,2,Cloudy,Dry,Daylight
2021-09-11T05:45:00.000,I 20,,,Rear End,1,Clear,Dry,Dark-Not Lighted
2021-09-05T02:28:00.000,I 285,,,Sideswipe-Same Direction,2,Clear,Dry,Dark-Lighted
2021-08-24T17:35:00.000,I 16,,,Not a Collision with Motor Vehicle,1,Rain,Wet,Daylight
2021-09-20T10:13:00.000,I 85,,,Sideswipe-Same Direction,2,Rain,Wet,Daylight
2021-08-15T18:02:00.000,I 20,,,Rear End,3,Cloudy,Wet,Daylight
2021-08-08T03:50:00.000,I 285,,,Not a Collision with Motor Vehicle,1,Clear,Dry,Dark-Not Lighted
2021-07-22T11:22:00.000,I 75,,,Sideswipe-Same Direction,2,Clear,Dry,Daylight
2021-07-01T11:43:00.000,I 285,,,Sideswipe-Same Direction,2,Cloudy,Dry,Daylight
2021-12-19T05:13:00.000,I 16,,,Not a Collision with Motor Vehicle,1,Cloudy,Wet,Dark-Lighted
2021-12-10T06:35:00.000,I 75,,,Rear End,2,Rain,Wet,Dark-Lighted
2021-11-13T18:30:00.000,I-75,,,Sideswipe-Same Direction,2,Clear,Dry,Dark-Lighted
2021-08-30T08:00:00.000,I 75,,,Not a Collision with Motor Vehicle,1,Clear,Dry,Daylight
2021-12-08T16:06:00.000,I 85,,,Sideswipe-Same Direction,2,Cloudy,Dry,Daylight
2021-10-29T19:20:00.000,I 285,,,Angle Crash,3,Cloudy,Dry,Dark-Not Lighted
2021-10-18T00:00:00.000,I 75,,,Rear End,2,Clear,Dry,Daylight
2021-09-23T01:29:00.000,I 75,,,Sideswipe-Same Direction,2,Cloudy,Dry,Dark-Not Lighted
2021-12-14T16:14:00.000,I 285,,,Not a Collision with Motor Vehicle,2,Clear,Dry,Daylight
2021-10-18T12:35:00.000,I 285,,,Sideswipe-Same Direction,2,Clear,Dry,Daylight
2021-08-30T16:39:00.000,I 75,,,Rear End,3,Rain,Wet,Daylight
2021-11-28T18:22:00.000,I 20,,,Angle Crash,2,Clear,Dry,Dark-Not Lighted
2021-11-10T18:30:00.000,I 85,,,Angle Crash,2,Clear,Dry,Dark-Not Lighted
2021-10-25T14:02:00.000,I 16,,,Rear End,2,Clear,Dry,Daylight
2021-10-06T08:18:00.000,I 85,,,Rear End,2,Cloudy,Wet,Daylight
2021-09-04T21:02:00.000,I 20,,,Rear End,2,Clear,Dry,Dark-Lighted
2021-07-22T07:41:00.000,I 85,,,Sideswipe-Same Direction,2,Clear,Dry,Daylight
2021-12-22T08:00:00.000,I 75,,,Rear End,2,Clear,Dry,Daylight
2021-12-04T14:30:00.000,I-75,,,Rear End,2,Cloudy,Dry,Daylight
2021-12-06T20:27:00.000,I 75,,,Rear End,2,Cloudy,Wet,Dark-Not Lighted
2021-10-10T05:30:00.000,I 16,,,Rear End,2,Clear,Dry,Dark-Not Lighted
2021-10-09T17:55:00.000,I 285,,,Not a Collision with Motor Vehicle,2,Clear,Dry,Daylight
2021-09-20T15:39:00.000,I 75,,,Sideswipe-Same Direction,2,Rain,Wet,Daylight
2021-09-09T05:17:00.000,I-75,,,Not a Collision with Motor Vehicle,1,Cloudy,Wet,Dark-Lighted
2021-12-18T00:00:00.000,I 75,,,Angle Crash,4,Cloudy,Wet,Daylight
2021-10-28T10:40:00.000,I 285,,,Rear End,2,Rain,Wet,Daylight
2021-10-23T12:55:00.000,I 20,,,Rear End,2,Clear,Other,Daylight
2021-10-22T16:40:00.000,I 75,,,Sideswipe-Same Direction,2,Clear,Dry,Daylight
2021-10-15T11:26:00.000,I 285,,,Rear End,2,Clear,Dry,Daylight
2021-10-12T10:02:00.000,I 85,,,Rear End,2,Cloudy,Dry,Daylight
2021-07-20T07:50:00.000,I 75,,,Sideswipe-Same Direction,2,Rain,Wet,Daylight
2021-12-08T14:54:00.000,I 75,,,Rear End,2,Clear,Wet,Daylight
2021-11-23T19:50:00.000,I-75,,,Sideswipe-Same Direction,2,Clear,Dry,Dark-Lighted
2021-11-11T21:37:00.000,Sr 141,,,Angle Crash,2,Rain,Wet,Dark-Lighted
2021-09-27T14:40:00.000,I 85,,,Rear End,3,Clear,Dry,Daylight
2021-09-09T14:39:00.000,I 75,,,Not a Collision with Motor Vehicle,1,Clear,Dry,Daylight
2021-08-30T05:15:00.000,I 285,,,Sideswipe-Same Direction,2,Clear,Dry,Dark-Not Lighted
2021-10-24T15:43:00.000,I 85,,,Rear End,2,Clear,Dry,Daylight
2021-10-23T21:40:00.000,I-75,,,Sideswipe-Same Direction,2,Clear,Dry,Dark-Lighted
2021-09-22T11:50:00.000,I 285,,,Sideswipe-Same Direction,2,Rain,Wet,Daylight
2021-10-04T17:50:00.000,I 16,,,Rear End,4,Clear,Dry,Daylight
2021-07-27T19:06:00.000,I 16,,,(None),1,(None),(None),(None)
2021-07-31T22:06:00.000,I 85,,,Rear End,2,Clear,Dry,Dark-Not Lighted
2021-07-09T14:30:00.000,I 285,,,Rear End,2,Rain,Wet,Daylight
2021-12-16T23:04:00.000,I 20,,,Angle Crash,3,Clear,Dry,Dark-Lighted
2021-11-19T16:44:00.000,I 75,,,Rear End,2,Clear,Dry,Daylight
2021-10-26T21:30:00.000,I 285,,,Sideswipe-Same Direction,2,Clear,Dry,Dark-Lighted
2021-10-20T16:45:00.000,I-75,,,Angle Crash,2,Clear,Dry,Daylight
2021-09-19T01:57:00.000,I 75,,,Not a Collision with Motor Vehicle,1,Clear,Dry,Dark-Not Lighted
2021-08-08T21:06:00.000,I 95,,,Sideswipe-Same Direction,2,Clear,Dry,Dark-Not Lighted
2021-07-12T10:37:00.000,I 285,,,Not a Collision with Motor Vehicle,2,Clear,Dry,Daylight
2021-12-30T14:00:00.000,I-75,,,Sideswipe-Same Direction,2,Clear,Dry,Daylight
2021-08-31T11:45:00.000,I 20,,,Angle Crash,2,Rain,Wet,Daylight
2021-08-28T21:57:00.000,I-75,,,Rear End,3,Clear,Dry,Dark-Lighted
2021-11-29T17:10:00.000,I 20,,,Sideswipe-Same Direction,2,Clear,Dry,Dusk
2021-11-05T12:23:00.000,I 75,,,Rear End,2,Cloudy,Dry,Daylight
2021-10-21T12:52:00.000,I 75,,,Rear End,2,Clear,Dry,Daylight
2021-09-29T16:14:00.000,I 95,,,Rear End,2,Clear,Dry,Daylight
2021-09-27T18:30:00.000,I 85,,,Rear End,2,Clear,Dry,Daylight
2021-09-09T03:13:00.000,I 20,,,Rear End,2,Cloudy,Dry,Dark-Lighted
2021-09-09T19:05:00.000,I 75,,,Angle Crash,2,Clear,Dry,Daylight
2021-09-01T08:00:00.000,I-75,,,Rear End,3,Clear,Dry,Daylight
2021-08-16T07:58:00.000,I 95,,,Rear End,2,Rain,Wet,Daylight
2021-07-13T15:19:00.000,I 75,,,Sideswipe-Same Direction,2,Clear,Dry,Daylight
2021-08-22T14:20:00.000,I 75,,,Rear End,2,Rain,Wet,Daylight
2021-08-10T20:53:00.000,I 85,,,Rear End,3,Cloudy,Wet,Dark-Not Lighted
2021-07-14T11:42:00.000,I 285,,,Rear End,2,Clear,Dry,Daylight
2021-07-06T19:41:00.000,I 85,,,Not a Collision with Motor Vehicle,1,Rain,Wet,Daylight
2021-11-05T21:14:00.000,I 20,,,Not a Collision with Motor Vehicle,1,Clear,Dry,Dark-Not Lighted
2021-11-05T20:15:00.000,I-75,,,Sideswipe-Same Direction,3,Clear,Dry,Dark-Not Lighted
2021-09-27T14:58:00.000,I 75,,,Rear End,2,Clear,Dry,Daylight
2021-08-17T06:44:00.000,I 285,,,Sideswipe-Same Direction,2,Rain,Wet,Dark-Not Lighted
2021-09-03T13:37:00.000,I 20,,,Sideswipe-Same Direction,2,Clear,Dry,Daylight
2021-12-06T18:07:00.000,I 285,,,Sideswipe-Same Direction,2,Cloudy,Wet,Dark-Not Lighted
2021-11-22T00:26:00.000,I 75,,,Not a Collision with Motor Vehicle,1,Clear,Dry,Dark-Not Lighted
2021-08-08T18:15:00.000,I 85,,,Rear End,2,Cloudy,Dry,Daylight
2021-11-16T07:30:00.000,I 285,,,Rear End,2,Clear,Dry,Daylight
2021-11-17T08:25:00.000,I-75,,,Rear End,2,Clear,Dry,Daylight
2021-10-14T08:00:00.000,I 75,,,Rear End,2,Clear,Dry,Daylight
2021-08-09T13:00:00.000,I 75,,,Sideswipe-Same Direction,2,Cloudy,Dry,Daylight
2021-12-10T22:29:00.000,I-75,,,Rear End,2,Fog,Wet,Dark-Lighted
2021-12-11T17:30:00.000,I-75,,,Rear End,2,Rain,Water (standing or moving),Dark-Lighted
2021-10-22T08:32:00.000,I 285,,,Sideswipe-Same Direction,2,Clear,Dry,Daylight
2021-08-15T02:35:00.000,I 20,,,Sideswipe-Same Direction,3,Clear,Dry,Dark-Lighted
2021-11-11T19:57:00.000,I-75,,,Head On,2,Rain,Water (standing or moving),Dark-Lighted
2021-10-20T13:07:00.000,I 85,,,Sideswipe-Same Direction,2,Clear,Dry,Daylight
2021-10-06T20:29:00.000,I 285,,,Sideswipe-Same Direction,2,Clear,Dry,Dark-Lighted
2021-09-07T18:21:00.000,I 20,,,Angle Crash,3,Clear,Dry,Daylight
2021-08-01T12:35:00.000,I 75,,,Rear End,2,Cloudy,Dry,Daylight
2021-07-03T04:20:00.000,I 285,,,Rear End,3,Clear,Dry,Dark-Lighted
2021-12-29T14:50:00.000,I 285,,,Rear End,2,Cloudy,Dry,Daylight
2021-11-24T13:16:00.000,I 285,,,Sideswipe-Same Direction,2,Clear,Dry,Daylight
2021-09-23T00:00:00.000,I 285,,,Angle Crash,2,Clear,Dry,Daylight
2021-12-30T03:50:00.000,I-75,,,Rear End,2,Rain,Water (standing or moving),Dark-Not Lighted
2021-10-06T09:00:00.000,I-75,,,Rear End,2,Rain,Water (standing or moving),Daylight
2021-07-12T16:55:00.000,I 75,,,Sideswipe-Same Direction,2,Clear,Dry,Daylight
2021-12-23T16:45:00.000,I-75,,,Rear End,3,Clear,Dry,Daylight
2021-12-08T15:38:00.000,I 285,,,Rear End,2,Clear,Dry,Daylight
2021-10-13T12:20:00.000,I 16,,,(None),2,(None),(None),(None)
2021-08-24T21:59:00.000,I 85,,,Not a Collision with Motor Vehicle,1,Clear,Dry,Dark-Not Lighted
2021-12-29T04:26:00.000,I 75,,,Not a Collision with Motor Vehicle,1,Rain,Wet,Dark-Not Lighted
2021-12-22T15:47:00.000,I 85,,,Rear End,2,Clear,Dry,Daylight
2021-11-12T20:13:00.000,I 75,,,Not a Collision with Motor Vehicle,1,Clear,Dry,Dark-Not Lighted
2021-11-11T19:20:00.000,I-75,,,Rear End,2,Cloudy,Wet,Dark-Not Lighted
2021-10-01T14:41:00.000,I 16,,,Not a Collision with Motor Vehicle,2,Clear,Dry,Daylight
2021-09-10T19:53:00.000,I 285,,,Sideswipe-Same Direction,2,Clear,Dry,Dusk
2021-08-09T13:45:00.000,I 285,,,Sideswipe-Same Direction,2,Clear,Dry,Daylight
2021-07-13T11:06:00.000,I 85,,,Sideswipe-Same Direction,2,Cloudy,Dry,Daylight
2021-12-29T21:29:00.000,I 85,,,Sideswipe-Same Direction,2,Cloudy,Wet,Dark-Not Lighted
2021-12-10T10:00:00.000,I 75,,,Not a Collision with Motor Vehicle,1,Cloudy,Wet,Daylight
2021-10-08T18:18:00.000,I 285,,,Rear End,2,Clear,Dry,Daylight
2021-09-08T13:05:00.000,I 85,,,Not a Collision with Motor Vehicle,1,Rain,Wet,Daylight
2021-09-09T08:50:00.000,I 75,,,Rear End,2,Clear,Dry,Daylight
2021-11-17T16:20:00.000,I 85,,,Sideswipe-Same Direction,3,Clear,Dry,Daylight
2021-08-14T13:39:00.000,I 75,,,Not a Collision with Motor Vehicle,1,Clear,Dry,Daylight
2021-07-18T15:20:00.000,I 85,,,Angle Crash,2,Clear,Dry,Daylight
2021-11-23T08:00:00.000,I 75,,,Sideswipe-Same Direction,2,Clear,Dry,Daylight
2021-10-11T20:12:00.000,I 16,,,Not a Collision with Motor Vehicle,1,Clear,Dry,Dark-Not Lighted
2021-09-13T15:25:00.000,I 285,,,Sideswipe-Same Direction,2,Clear,Dry,Daylight
2021-12-18T18:21:00.000,I 285,,,Angle Crash,2,Rain,Wet,Dark-Not Lighted
2021-11-14T16:01:00.000,I 285,,,Sideswipe-Same Direction,2,Clear,Dry,Daylight
2021-09-30T17:15:00.000,I 75,,,Rear End,2,Clear,Dry,Daylight
2021-02-25T06:58:00.000,I 285,,,Rear End,2,Clear,Dry,Daylight
2021-05-15T00:38:00.000,I 20,,,Not a Collision with Motor Vehicle,1,Clear,Dry,Dark-Lighted
2021-02-18T06:00:00.000,I 16,,,Not a Collision with Motor Vehicle,1,Rain,Wet,Dark-Not Lighted
2021-05-16T19:10:00.000,I 75,,,Angle Crash,2,Clear,Dry,Daylight
2021-05-10T17:45:00.000,I 75,,,Not a Collision with Motor Vehicle,1,Cloudy,Dry,Daylight
2021-03-03T15:20:00.000,I 285,,,Rear End,2,Clear,Dry,Daylight
2021-02-19T14:15:00.000,I 285,,,Sideswipe-Opposite Direction,2,Clear,Dry,Daylight
2021-06-25T19:00:00.000,I 75,,,Rear End,3,Clear,Dry,Daylight
2021-03-21T03:00:00.000,I 85,,,Sideswipe-Same Direction,2,Clear,Dry,Dark-Not Lighted
2021-01-03T00:05:00.000,I 20,,,Rear End,2,Clear,Dry,Dark-Not Lighted
2021-03-31T08:52:00.000,I 85,,,Rear End,2,Cloudy,Wet,Daylight
2021-02-08T13:05:00.000,I 285,,,Rear End,2,Cloudy,Dry,Daylight
2021-03-02T19:00:00.000,I 75,,,Sideswipe-Same Direction,2,Cloudy,Dry,Dark-Not Lighted
2021-01-08T13:15:00.000,I 20,,,Rear End,3,Rain,Wet,Daylight
2021-05-24T01:20:00.000,I 285,,,Not a Collision with Motor Vehicle,1,Clear,Dry,Dark-Not Lighted
2021-04-28T11:37:00.000,I 75,,,Angle Crash,2,Cloudy,Dry,Daylight
2021-03-18T14:39:00.000,I 75,,,Sideswipe-Same Direction,2,Cloudy,Dry,Daylight
2021-02-15T16:50:00.000,I 85,,,Not a Collision with Motor Vehicle,1,Rain,Wet,Daylight
2021-04-22T16:00:00.000,I 85,,,Sideswipe-Same Direction,2,Clear,Dry,Daylight
2021-04-18T01:00:00.000,I 85,,,Sideswipe-Same Direction,2,Clear,Dry,Dark-Not Lighted
2021-02-03T17:00:00.000,I 16,,,Rear End,2,Clear,Dry,Daylight
2021-06-13T10:05:00.000,I 75,,,Rear End,2,Clear,Dry,Daylight
2021-01-24T00:30:00.000,I 85,,,Angle Crash,2,Clear,Dry,Dark-Not Lighted
2021-06-24T09:30:00.000,I 85,,,Rear End,2,Clear,Dry,Daylight
2021-03-02T20:30:00.000,I 285,,,Sideswipe-Same Direction,2,Rain,Wet,Dark-Lighted
2021-03-26T12:17:00.000,I 285,,,Rear End,2,Clear,Dry,Daylight
2021-04-01T18:00:00.000,I 16,,,Not a Collision with Motor Vehicle,2,Cloudy,Dry,Daylight
2021-06-07T08:59:00.000,I 75,,,Rear End,2,Rain,Wet,Daylight
2021-03-30T19:40:00.000,I 75,,,Sideswipe-Same Direction,3,Cloudy,Wet,Daylight
2021-01-30T13:00:00.000,I 85,,,Rear End,2,Clear,Dry,Daylight
2021-02-11T15:49:00.000,I 75,,,Not a Collision with Motor Vehicle,1,Rain,Wet,Daylight
2021-05-15T18:45:00.000,I 75,,,Rear End,2,Clear,Dry,Daylight
2021-06-19T00:30:00.000,I 85,,,Sideswipe-Same Direction,3,Clear,Dry,Dark-Not Lighted
2021-04-29T19:06:00.000,I 75,,,Not a Collision with Motor Vehicle,1,Clear,Dry,Daylight
2021-04-30T12:30:00.000,I 20,,,Angle Crash,2,Clear,Dry,Daylight
2021-05-11T19:57:00.000,I 75,,,Sideswipe-Same Direction,2,Clear,Dry,Dusk
2021-05-17T15:59:00.000,I 285,,,Angle Crash,2,Cloudy,Dry,Daylight
2021-05-04T14:12:00.000,I 75,,,Not a Collision with Motor Vehicle,1,Rain,Wet,Daylight
2021-05-03T16:51:00.000,I 85,,,Rear End,2,Rain,Dry,Daylight
2021-04-26T15:28:00.000,I 285,,,Rear End,2,Clear,Dry,Daylight
2021-06-18T14:45:00.000,I 85,,,Rear End,2,Clear,Dry,Daylight
2021-01-28T18:25:00.000,I 85,,,Not a Collision with Motor Vehicle,1,Clear,Dry,Dark-Not Lighted
2021-05-07T23:50:00.000,I 285,,,Not a Collision with Motor Vehicle,1,Clear,Dry,Dark-Not Lighted
2021-03-20T18:24:00.000,I 75,,,Sideswipe-Same Direction,2,Clear,Dry,Daylight
2021-04-05T00:00:00.000,I 285,,,Not a Collision with Motor Vehicle,1,Clear,Dry,Daylight
2021-05-14T14:02:00.000,I 285,,,Rear End,2,Cloudy,Dry,Daylight