Date and Time,Roadway (From Crash Report),Intersection Name (from Crash Report),KABCO Severity,Manner of Collision (Crash Level) ,# of Vehicles per crash ,Weather Conditions (Crash Level),Surface Condition (Crash Level) ,Light Conditions (Crash Level)
2021-02-19T16:36:00.000,I 285,,,Rear End,2,Clear,Dry,Daylight
2021-05-06T18:30:00.000,I 285,,,Sideswipe-Same Direction,2,Clear,Dry,Daylight
2021-04-11T16:37:00.000,I 20,,,Rear End,2,Clear,Dry,Daylight
2021-04-10T14:50:00.000,I 20,,,Angle Crash,2,Rain,Wet,Daylight
2021-03-19T13:11:00.000,I 20,,,Rear End,2,Clear,Dry,Daylight
2021-03-14T00:49:00.000,I 85,,,Sideswipe-Same Direction,2,Clear,Dry,Dark-Lighted
2021-05-22T20:25:00.000,I 75,,,Not a Collision with Motor Vehicle,1,Clear,Dry,Dusk
2021-01-27T12:50:00.000,I 285,,,Rear End,2,Cloudy,Dry,Daylight
2021-05-01T03:20:00.000,I 20,,,Sideswipe-Same Direction,2,Clear,Dry,Dark-Lighted
2021-05-27T01:04:00.000,I 85,,,Not a Collision with Motor Vehicle,1,Clear,Dry,Dark-Not Lighted
2021-05-03T11:07:00.000,I 75,,,Not a Collision with Motor Vehicle,1,Rain,Wet,Daylight
2021-03-06T02:55:00.000,I 85,,,Rear End,2,Cloudy,Dry,Dark-Lighted
2021-03-06T14:10:00.000,I 85,,,Angle Crash,2,Clear,Dry,Daylight
2021-05-18T07:43:00.000,I 75,,,Sideswipe-Same Direction,2,Cloudy,Dry,Daylight
2021-04-06T00:00:00.000,I 20,,,Sideswipe-Same Direction,2,Clear,Dry,Daylight
2021-02-02T16:26:00.000,I 16,,,Rear End,2,Cloudy,Dry,Daylight
2021-04-28T10:19:00.000,I 95,,,Angle Crash,2,Clear,Dry,Daylight
2021-06-27T01:02:00.000,I 85,,,Rear End,2,Clear,Dry,Dark-Lighted
2021-06-03T09:14:00.000,I 85,,,Rear End,2,Cloudy,Dry,Daylight
2021-02-04T12:55:00.000,I 285,,,Sideswipe-Same Direction,2,Cloudy,Dry,Daylight
2021-04-07T12:13:00.000,I 75,,,Sideswipe-Same Direction,2,Cloudy,Dry,Daylight
2021-03-25T08:53:00.000,I 75,,,Rear End,2,Rain,Wet,Daylight
2021-01-23T17:55:00.000,I 285,,,Rear End,2,Clear,Dry,Daylight
2021-01-01T19:40:00.000,I 20,,,Sideswipe-Same Direction,3,Cloudy,Wet,Dark-Not Lighted
2021-02-07T00:25:00.000,I 20,,,Rear End,3,Rain,Wet,Dark-Not Lighted
2021-01-07T11:30:00.000,I 285,,,Sideswipe-Same Direction,2,Cloudy,Dry,Daylight
2021-03-16T22:35:00.000,I 75,,,Not a Collision with Motor Vehicle,1,Rain,Wet,Dark-Not Lighted
2021-06-22T19:39:00.000,I 285,,,Not a Collision with Motor Vehicle,1,Clear,Dry,Daylight
2021-01-01T00:00:00.000,I 285,,,Not a Collision with Motor Vehicle,1,Rain,Wet,Dark-Not Lighted
2021-05-19T10:42:00.000,I 75,,,Rear End,3,Cloudy,Dry,Daylight
2021-04-29T18:40:00.000,I 75,,,Sideswipe-Same Direction,2,Cloudy,Dry,Daylight
2021-01-18T15:40:00.000,I 20,,,Not a Collision with Motor Vehicle,1,Clear,Dry,Daylight
2021-01-30T08:20:00.000,I 75,,,Angle Crash,2,Cloudy,Dry,Daylight
2021-01-28T09:53:00.000,I 75,,,Sideswipe-Same Direction,2,Clear,Dry,Daylight
2021-05-05T15:30:00.000,I 75,,,Angle Crash,2,Clear,Dry,Daylight
2021-05-27T13:10:00.000,I 85,,,Sideswipe-Same Direction,2,Clear,Dry,Daylight
2021-02-27T02:36:00.000,I 16,,,Rear End,2,Clear,Dry,Dark-Lighted
2021-02-14T14:16:00.000,I 16,,,Not a Collision with Motor Vehicle,1,Rain,Wet,Daylight
2021-04-05T11:24:00.000,I 285,,,Rear End,2,Clear,Dry,Daylight
2021-06-16T00:00:00.000,I 285,,,Rear End,2,Clear,Dry,Daylight
2021-01-10T18:03:00.000,I 75,,,Rear End,2,Clear,Dry,Dark-Not Lighted
2021-01-23T02:45:00.000,I 20,,,Rear End,3,Clear,Dry,Dark-Lighted
2021-05-07T21:49:00.000,I 16,,,Rear End,2,Clear,Dry,Dark-Lighted
2021-03-27T14:32:00.000,I 95,,,Not a Collision with Motor Vehicle,1,Clear,Dry,Daylight
2021-06-23T07:55:00.000,I 85,,,Rear End,2,Clear,Dry,Daylight
2021-04-27T07:15:00.000,I 95,,,Rear End,2,Clear,Dry,Daylight
2021-04-11T11:30:00.000,I 285,,,Angle Crash,2,Clear,Dry,Daylight
2021-02-04T08:48:00.000,I 75,,,Rear End,2,Clear,Dry,Daylight
2021-04-20T16:17:00.000,I 285,,,Rear End,2,Clear,Dry,Daylight
2021-04-28T23:50:00.000,I 20,,,Angle Crash,2,Clear,Dry,Dark-Not Lighted
2021-06-13T20:50:00.000,I 85,,,Not a Collision with Motor Vehicle,1,Clear,Dry,Dusk
2021-01-25T18:00:00.000,I 285,,,Rear End,2,Clear,Dry,Dark-Not Lighted
2021-06-20T04:15:00.000,I 285,,,Angle Crash,2,Rain,Wet,Dark-Not Lighted
2021-06-07T10:16:00.000,I 285,,,Not a Collision with Motor Vehicle,1,Cloudy,Wet,Daylight
2021-03-21T07:00:00.000,I 285,,,Head On,2,Clear,Dry,Dark-Lighted
2021-01-26T06:45:00.000,I 285,,,Rear End,2,Rain,Wet,Dark-Not Lighted
2021-06-25T02:50:00.000,I-75,,,Not a Collision with Motor Vehicle,1,Clear,Dry,Dark-Lighted
2021-06-13T16:00:00.000,I 85,,,Angle Crash,2,Clear,Dry,Daylight
2021-03-26T00:00:00.000,I 75,,,Angle Crash,2,Clear,Dry,Daylight
2021-01-24T23:00:00.000,I 75,,,Not a Collision with Motor Vehicle,1,Clear,Dry,Dark-Not Lighted
2021-06-12T23:30:00.000,I 75,,,Not a Collision with Motor Vehicle,1,Clear,Dry,Dark-Not Lighted
2021-05-26T00:17:00.000,I 85,,,Sideswipe-Same Direction,2,Clear,Dry,Dark-Not Lighted
2021-06-02T14:35:00.000,I 285,,,Sideswipe-Same Direction,2,Cloudy,Dry,Daylight
2021-04-02T12:50:00.000,I 20,,,Not a Collision with Motor Vehicle,1,Clear,Dry,Daylight
2021-03-21T18:26:00.000,I 85,,,Sideswipe-Same Direction,2,Cloudy,Dry,Daylight
2021-03-26T15:25:00.000,I 285,,,Rear End,2,Cloudy,Dry,Daylight
2021-03-14T01:14:00.000,I 85,,,Angle Crash,2,Clear,Dry,Dark-Not Lighted
2021-01-08T20:45:00.000,I 75,,,Rear End,2,Clear,Dry,Dark-Lighted
2021-04-03T16:46:00.000,I 85,,,Rear End,2,Clear,Dry,Daylight
2021-03-24T17:45:00.000,I 285,,,Sideswipe-Same Direction,2,Clear,Dry,Daylight
2021-04-29T17:02:00.000,I 75,,,Rear End,2,Clear,Dry,Daylight
2021-05-14T18:09:00.000,I 20,,,Not a Collision with Motor Vehicle,1,Clear,Dry,Daylight
2021-04-23T20:45:00.000,I 75,,,Sideswipe-Same Direction,2,Clear,Dry,Dark-Lighted
2021-04-01T23:52:00.000,I 85,,,Sideswipe-Same Direction,2,Clear,Dry,Dark-Not Lighted
2021-04-14T11:29:00.000,I 285,,,Sideswipe-Same Direction,2,Clear,Dry,Daylight
2021-03-20T14:40:00.000,I 285,,,Rear End,2,Clear,Dry,Daylight
2021-04-30T12:59:00.000,I-75,,,Sideswipe-Same Direction,2,Clear,Dry,Daylight
2021-06-25T22:10:00.000,I 75,,,Sideswipe-Same Direction,2,Clear,Dry,Dark-Not Lighted
2021-05-07T00:00:00.000,I 285,,,Angle Crash,3,Clear,Dry,Daylight
2021-06-07T17:10:00.000,I 75,,,Not a Collision with Motor Vehicle,1,Rain,Wet,Daylight
2021-05-21T13:22:00.000,I 20,,,Rear End,2,Clear,Dry,Daylight
2021-01-27T14:55:00.000,I 75,,,Sideswipe-Same Direction,2,Cloudy,Dry,Daylight
2021-05-16T23:05:00.000,I 285,,,Not a Collision with Motor Vehicle,1,Clear,Dry,Dark-Not Lighted
2021-01-11T16:33:00.000,I 16,,,Rear End,2,Rain,Wet,Dawn
2021-06-19T06:15:00.000,I 20,,,Not a Collision with Motor Vehicle,1,Clear,Dry,Dawn
2021-06-19T15:31:00.000,I 285,,,Rear End,2,Clear,Dry,Daylight
2021-02-26T09:37:00.000,I 75,,,Not a Collision with Motor Vehicle,1,Rain,Wet,Daylight
2021-04-09T10:50:00.000,I 75,,,Sideswipe-Same Direction,2,Clear,Dry,Dark-Lighted
2021-06-09T20:20:00.000,I 75,,,Sideswipe-Same Direction,2,Cloudy,Dry,Dusk
2021-04-23T09:31:00.000,I 285,,,Rear End,2,Cloudy,Dry,Daylight
2021-01-26T12:45:00.000,I 85,,,Rear End,2,Clear,Dry,Daylight
2021-01-09T04:20:00.000,I 20,,,Rear End,2,Clear,Dry,Dark-Not Lighted
2021-05-17T17:05:00.000,I 20,,,Rear End,2,Clear,Dry,Daylight
2021-04-09T15:36:00.000,I 20,,,Not a Collision with Motor Vehicle,1,Clear,Dry,Daylight
2021-05-25T09:00:00.000,I 285,,,Sideswipe-Same Direction,2,Clear,Dry,Daylight
2021-02-14T01:01:00.000,I 85,,,Angle Crash,2,Cloudy,Wet,Dark-Not Lighted
2021-02-10T08:33:00.000,I 75,,,Rear End,3,Clear,Dry,Daylight
2021-02-25T06:30:00.000,I 75,,,Not a Collision with Motor Vehicle,2,Clear,Dry,Dark-Not Lighted
2021-02-15T16:24:00.000,I 285,,,Rear End,2,Rain,Wet,Daylight
2021-02-02T17:10:00.000,I 75,,,Rear End,3,Clear,Dry,Daylight
2021-04-13T06:30:00.000,I 20,,,Sideswipe-Same Direction,2,Clear,Dry,Daylight
2021-02-12T13:20:00.000,I 285,,,Rear End,2,Clear,Dry,Daylight
2021-03-25T12:00:00.000,I 285,,,Sideswipe-Same Direction,2,Cloudy,Wet,Daylight
2021-01-02T12:32:00.000,I 95,,,Rear End,2,Rain,Wet,Daylight
2021-04-04T15:26:00.000,I 75,,,Rear End,2,Clear,Dry,Daylight
2021-03-31T12:20:00.000,I 20,,,Not a Collision with Motor Vehicle,1,Rain,Wet,Daylight
2021-06-23T16:20:00.000,I 75,,,Angle Crash,2,Cloudy,Dry,Daylight
2021-02-22T18:06:00.000,I 20,,,Not a Collision with Motor Vehicle,1,Clear,Dry,Dusk
2021-06-13T21:33:00.000,I 85,,,Sideswipe-Same Direction,2,Clear,Dry,Daylight
2021-01-08T17:56:00.000,I 75,,,Sideswipe-Same Direction,2,Cloudy,Dry,Dusk
2021-03-09T07:39:00.000,I 285,,,Sideswipe-Same Direction,2,Clear,Dry,Daylight
2021-06-18T14:00:00.000,I 20,,,Sideswipe-Same Direction,2,Clear,Dry,Daylight
2021-01-25T16:00:00.000,I 285,,,Sideswipe-Same Direction,2,Clear,Dry,Daylight
2021-06-20T02:42:00.000,I 285,,,Angle Crash,2,Rain,Wet,Dark-Not Lighted
2021-01-29T22:11:00.000,I 285,,,Rear End,2,Clear,Dry,Dark-Lighted
2021-01-22T12:33:00.000,I 75,,,Angle Crash,3,Cloudy,Dry,Daylight
2021-03-18T16:32:00.000,I 75,,,Sideswipe-Same Direction,2,Cloudy,Dry,Daylight
2021-03-04T20:23:00.000,I 75,,,Rear End,2,Clear,Dry,Dark-Not Lighted
2021-05-14T16:27:00.000,I 75,,,Rear End,4,Cloudy,Dry,Daylight
2021-05-17T13:15:00.000,I 75,,,Not a Collision with Motor Vehicle,1,Cloudy,Dry,Daylight
2021-05-28T09:44:00.000,I 285,,,Sideswipe-Same Direction,2,Clear,Dry,Daylight
2021-05-01T17:54:00.000,I 285,,,Sideswipe-Same Direction,2,Clear,Dry,Daylight
2021-04-01T18:54:00.000,I 75,,,Not a Collision with Motor Vehicle,1,Clear,Dry,Daylight
2021-03-08T09:50:00.000,I 285,,,Rear End,2,Clear,Dry,Daylight
2021-04-26T12:53:00.000,I 285,,,Rear End,2,Clear,Dry,Daylight
2021-02-11T18:15:00.000,I 16,,,Sideswipe-Same Direction,2,Cloudy,Dry,Dusk
2021-03-03T06:31:00.000,I 16,,,Angle Crash,1,Rain,Wet,Dawn
2021-02-27T20:05:00.000,I 285,,,Sideswipe-Same Direction,2,Clear,Dry,Dark-Not Lighted
2021-01-21T14:07:00.000,I 285,,,Rear End,2,Rain,Wet,Daylight
2021-05-06T00:24:00.000,I 20,,,Rear End,2,Clear,Dry,Dark-Not Lighted
2021-01-03T02:46:00.000,I 75,,,Sideswipe-Same Direction,2,Clear,Dry,Dark-Not Lighted
2021-06-11T12:43:00.000,I 75,,,Not a Collision with Motor Vehicle,2,Clear,Dry,Daylight
2021-03-05T18:49:00.000,I 20,,,Rear End,3,Clear,Dry,Dark-Not Lighted
2021-03-12T10:30:00.000,I 20,,,Sideswipe-Same Direction,2,Clear,Dry,Daylight
2021-03-09T20:30:00.000,I 85,,,Not a Collision with Motor Vehicle,1,Clear,Dry,Dark-Not Lighted
2021-05-24T09:01:00.000,I 75,,,Sideswipe-Same Direction,2,Clear,Dry,Daylight
2021-04-12T20:37:00.000,I 20,,,Not a Collision with Motor Vehicle,1,Clear,Dry,Dark-Not Lighted
2021-04-29T10:14:00.000,I 75,,,Sideswipe-Same Direction,2,Clear,Dry,Daylight
2021-05-31T10:38:00.000,I 75,,,Sideswipe-Same Direction,2,Clear,Dry,Daylight
2021-05-21T09:52:00.000,I 85,,,Angle Crash,2,Cloudy,Dry,Daylight
2021-02-15T00:00:00.000,I 285,,,Not a Collision with Motor Vehicle,1,Rain,Wet,Dawn
2021-05-28T18:51:00.000,I 85,,,Rear End,2,Clear,Dry,Daylight
2021-04-23T22:08:00.000,I 75,,,Rear End,2,Clear,Dry,Dark-Not Lighted
2021-06-25T19:11:00.000,I 285,,,Rear End,2,Clear,Dry,Daylight
2021-01-29T19:50:00.000,I 85,,,Rear End,2,Clear,Dry,Dark-Not Lighted
2021-05-15T10:55:00.000,I 285,,,Angle Crash,2,Clear,Dry,Daylight
2021-03-31T18:45:00.000,I 75,,,Not a Collision with Motor Vehicle,1,Cloudy,Wet,Daylight
2021-03-14T16:10:00.000,I 285,,,Angle Crash,2,Clear,Dry,Daylight
2021-04-19T14:37:00.000,I 20,,,Angle Crash,2,Clear,Dry,Daylight
2021-05-22T11:15:00.000,I 285,,,Rear End,2,Clear,Dry,Daylight
2021-02-12T10:28:00.000,I 285,,,Rear End,2,Rain,Wet,Daylight
2021-06-05T23:17:00.000,I 20,,,Not a Collision with Motor Vehicle,1,Cloudy,Wet,Dark-Not Lighted
2021-05-21T14:02:00.000,I 285,,,Not a Collision with Motor Vehicle,1,Clear,Dry,Daylight
2021-03-05T14:48:00.000,I 85,,,Rear End,2,Clear,Dry,Daylight
2021-04-06T06:58:00.000,I 75,,,Sideswipe-Same Direction,2,Clear,Dry,Dawn
2021-06-06T03:31:00.000,I 20,,,Angle Crash,2,Cloudy,Dry,Dark-Not Lighted
2021-01-13T09:50:00.000,I 75,,,Angle Crash,2,Clear,Dry,Daylight
2021-05-04T15:02:00.000,I 20,,,Not a Collision with Motor Vehicle,1,Rain,Wet,Daylight
2021-01-29T17:37:00.000,I 20,,,Rear End,2,Clear,Dry,Daylight
2021-06-06T12:55:00.000,I 85,,,Sideswipe-Same Direction,2,Clear,Dry,Daylight
2021-01-27T21:25:00.000,I 16,,,Sideswipe-Same Direction,2,Cloudy,Dry,Dark-Not Lighted
2021-05-26T05:31:00.000,I 20,,,Sideswipe-Same Direction,2,Clear,Dry,Dark-Not Lighted
2021-02-26T12:31:00.000,I 75,,,Rear End,2,Rain,Wet,Daylight
2021-01-27T19:45:00.000,I 75,,,Not a Collision with Motor Vehicle,1,Clear,Dry,Dark-Not Lighted
2021-03-26T12:00:00.000,I 85,,,Rear End,2,Clear,Dry,Daylight
2021-02-25T17:55:00.000,I 20,,,Rear End,2,Clear,Dry,Daylight
2021-03-30T12:05:00.000,I 285,,,Not a Collision with Motor Vehicle,1,Cloudy,Dry,Daylight
2021-03-09T10:57:00.000,I 285,,,Sideswipe-Same Direction,2,Clear,Dry,Daylight
2021-01-29T08:19:00.000,I 75,,,Not a Collision with Motor Vehicle,1,Clear,Dry,Daylight
2021-06-07T18:15:00.000,I 75,,,Angle Crash,2,Rain,Wet,Daylight
2021-06-21T23:00:00.000,I 285,,,Not a Collision with Motor Vehicle,1,Cloudy,Dry,Dark-Not Lighted
2021-06-30T15:25:00.000,I 16,,,Not a Collision with Motor Vehicle,1,Rain,Wet,Daylight
2021-04-09T11:00:00.000,I 285,,,Not a Collision with Motor Vehicle,1,Clear,Dry,Daylight
2021-04-09T14:09:00.000,I 285,,,Rear End,3,Clear,Dry,Daylight
2021-06-26T12:15:00.000,I 16,,,Rear End,3,Clear,Dry,Daylight
2021-05-06T13:40:00.000,I 285,,,Rear End,2,Clear,Dry,Daylight
2021-03-04T17:25:00.000,I 75,,,Sideswipe-Same Direction,2,Clear,Dry,Daylight
2021-03-01T07:16:00.000,I 85,,,Rear End,3,Rain,Wet,Daylight
2021-02-11T08:49:00.000,I 20,,,Rear End,2,Cloudy,Wet,Daylight
2021-03-31T15:37:00.000,I 20,,,Not a Collision with Motor Vehicle,1,Rain,Wet,Daylight
2021-04-05T07:50:00.000,I 285,,,Sideswipe-Same Direction,2,Clear,Dry,Daylight
2021-03-02T06:28:00.000,I 75,,,Sideswipe-Same Direction,2,Cloudy,Dry,Dark-Not Lighted
2021-06-28T08:20:00.000,I 75,,,Angle Crash,2,Clear,Dry,Daylight
2021-03-02T09:50:00.000,I 85,,,Sideswipe-Same Direction,2,Cloudy,Dry,Daylight
2021-04-19T13:02:00.000,I 285,,,Sideswipe-Same Direction,2,Clear,Dry,Daylight
2021-02-19T18:55:00.000,I 95,,,Not a Collision with Motor Vehicle,1,Clear,Dry,Dark-Not Lighted
2021-06-10T12:02:00.000,I 75,,,Rear End,2,Cloudy,Wet,Daylight
2021-06-29T09:14:00.000,I 75,,,Rear End,3,Clear,Dry,Daylight
2021-05-06T22:18:00.000,I 285,,,Rear End,2,Clear,Dry,Dark-Lighted
2021-01-26T21:45:00.000,I 85,,,Angle Crash,3,Rain,Wet,Dark-Not Lighted
2021-05-05T16:05:00.000,I 75,,,Sideswipe-Same Direction,2,Clear,Dry,Daylight
2021-05-02T17:06:00.000,I 16,,,Rear End,2,Clear,Dry,Daylight
2021-06-21T18:11:00.000,I 75,,,Not a Collision with Motor Vehicle,1,Rain,Wet,Daylight
2021-02-03T05:45:00.000,I 285,,,Sideswipe-Same Direction,2,Clear,Dry,Dark-Not Lighted
2021-03-12T11:50:00.000,I 85,,,Rear End,2,Cloudy,Dry,Daylight
2021-05-03T03:13:00.000,I 75,,,Not a Collision with Motor Vehicle,1,Clear,Dry,Dark-Lighted
2021-04-11T17:28:00.000,I 20,,,Rear End,3,Clear,Dry,Daylight
2021-02-25T22:49:00.000,I 20,,,Rear End,2,Clear,Dry,Dark-Not Lighted
2021-06-30T11:51:00.000,I 285,,,Sideswipe-Same Direction,2,Clear,Dry,Daylight
2021-05-11T22:35:00.000,I 285,,,Not a Collision with Motor Vehicle,1,Clear,Dry,Dark-Not Lighted
2021-04-09T11:53:00.000,I 285,,,Rear End,2,Cloudy,Dry,Daylight
2021-06-06T10:47:00.000,I 85,,,Rear End,2,Cloudy,Dry,Daylight
2021-07-28T13:10:00.000,I 85,,,Rear End,2,Clear,Dry,Daylight
2021-07-20T05:10:00.000,I 285,,,Not a Collision with Motor Vehicle,1,Cloudy,Wet,Dark-Not Lighted
2021-11-28T16:04:00.000,I 85,,,Rear End,2,Clear,Dry,Daylight
2021-07-28T00:00:00.000,I 75,,,Not a Collision with Motor Vehicle,1,Cloudy,Dry,Dark-Not Lighted
2021-11-14T20:29:00.000,I 75,,,Angle Crash,1,Clear,Dry,Dark-Lighted
2021-10-30T16:00:00.000,I-75,,,Rear End,2,Rain,Water (standing or moving),Daylight
2021-07-17T08:20:00.000,I 75,,,Angle Crash,2,Clear,Dry,Daylight
2021-11-06T23:40:00.000,I 20,,,Not a Collision with Motor Vehicle,1,Clear,Dry,Dark-Not Lighted
2021-11-24T20:29:00.000,I 85,,,Not a Collision with Motor Vehicle,1,Clear,Dry,Dark-Not Lighted
2021-09-01T08:09:00.000,Sr 141,,,Head On,2,Clear,Dry,Daylight
2021-08-11T10:45:00.000,I 85,,,Rear End,2,Cloudy,Dry,Daylight
2021-07-18T18:35:00.000,I 75,,,Sideswipe-Same Direction,2,Rain,Wet,Daylight
2021-07-13T11:04:00.000,I 75,,,Sideswipe-Same Direction,2,Cloudy,Dry,Daylight
2021-11-09T20:20:00.000,I-75,,,Sideswipe-Same Direction,2,Clear,Dry,Dark-Lighted
2021-11-03T08:30:00.000,I-75,,,Sideswipe-Same Direction,2,Clear,Dry,Daylight
2021-09-17T00:09:00.000,I 20,,,Sideswipe-Same Direction,3,Clear,Wet,Dark-Lighted
2021-07-10T13:41:00.000,I 20,,,Angle Crash,4,Rain,Wet,Daylight
2021-11-21T14:41:00.000,I-75,,,Rear End,2,Cloudy,Dry,Daylight
2021-10-12T18:00:00.000,I 75,,,Rear End,2,Clear,Dry,Daylight
2021-08-03T00:00:00.000,I 285,,,Angle Crash,2,Rain,Wet,Dark-Lighted
2021-12-22T13:30:00.000,I-75,,,Sideswipe-Same Direction,2,Clear,Dry,Daylight
2021-12-07T19:00:00.000,I-75,,,Sideswipe-Same Direction,2,Clear,Dry,Dark-Lighted
2021-12-04T09:18:00.000,I 85,,,Not a Collision with Motor Vehicle,1,Clear,Dry,Daylight
2021-11-10T07:53:00.000,I 75,,,Sideswipe-Same Direction,2,Clear,Dry,Daylight
2021-11-12T08:43:00.000,I 75,,,Sideswipe-Same Direction,2,Clear,Dry,Daylight
2021-11-08T07:47:00.000,I 85,,,Angle Crash,2,Clear,Dry,Daylight
2021-10-29T06:46:00.000,I 16,,,Sideswipe-Same Direction,2,Cloudy,Wet,Dusk
2021-09-26T15:10:00.000,I 75,,,Sideswipe-Same Direction,2,Clear,Dry,Daylight
2021-09-13T17:38:00.000,I 75,,,Sideswipe-Same Direction,2,Cloudy,Dry,Daylight
2021-09-04T11:59:00.000,I 285,,,Rear End,2,Clear,Dry,Daylight
2021-07-21T09:29:00.000,I-75,,,Rear End,4,Clear,Dry,Dark-Lighted
2021-12-26T18:10:00.000,I 285,,,Rear End,4,Clear,Dry,Dark-Not Lighted
2021-10-23T13:55:00.000,I 75,,,Rear End,2,Clear,Dry,Daylight
2021-10-24T14:45:00.000,I 285,,,Sideswipe-Same Direction,2,Clear,Dry,Daylight
2021-08-09T15:10:00.000,I 16,,,Not a Collision with Motor Vehicle,1,Clear,Dry,Daylight
2021-07-06T20:02:00.000,I 85,,,Rear End,2,Clear,Dry,Dark-Lighted
2021-12-29T08:08:00.000,I 20,,,Not a Collision with Motor Vehicle,1,Rain,Wet,Daylight
2021-12-19T22:20:00.000,I 20,,,Rear End,3,Clear,Dry,Dark-Not Lighted
2021-10-09T12:48:00.000,I-75,,,Not a Collision with Motor Vehicle,1,Clear,Dry,Daylight
2021-09-19T11:04:00.000,I-75,,,Not a Collision with Motor Vehicle,1,Rain,Water (standing or moving),Daylight
2021-08-30T16:14:00.000,I 75,,,Rear End,2,Rain,Wet,Daylight
2021-08-15T23:17:00.000,I 16,,,Rear End,2,Clear,Dry,Dark-Lighted
2021-07-16T15:15:00.000,I 75,,,Sideswipe-Same Direction,2,Clear,Dry,Daylight
2021-12-18T17:15:00.000,I 16,,,Head On,1,Cloudy,Dry,Dusk
2021-11-22T14:56:00.000,I 85,,,Sideswipe-Same Direction,2,Clear,Dry,Daylight
2021-11-07T12:42:00.000,I 285,,,Rear End,2,Clear,Dry,Daylight
2021-09-17T09:30:00.000,I 20,,,Sideswipe-Same Direction,2,Sleet,Wet,Daylight
2021-09-10T12:20:00.000,I 285,,,Sideswipe-Same Direction,2,Clear,Dry,Daylight
2021-07-26T14:31:00.000,I 285,,,Rear End,2,Clear,Dry,Daylight
2021-12-30T18:30:00.000,I 75,,,Not a Collision with Motor Vehicle,2,Cloudy,Wet,Dark-Not Lighted
2021-12-10T09:50:00.000,I 285,,,Rear End,2,Cloudy,Wet,Daylight
2021-11-26T00:15:00.000,I-75,,,Sideswipe-Same Direction,2,Clear,Dry,Dark-Lighted
2021-11-17T06:30:00.000,I 20,,,Rear End,2,Clear,Dry,Daylight
2021-11-12T15:23:00.000,I 75,,,Rear End,2,Clear,Dry,Daylight
2021-10-06T18:35:00.000,I 75,,,Rear End,2,Cloudy,Wet,Daylight
2021-10-05T22:08:00.000,I 285,,,Angle Crash,2,Rain,Wet,Dark-Lighted
2021-09-27T17:14:00.000,I 20,,,Sideswipe-Same Direction,2,Clear,Dry,Daylight
2021-09-03T17:18:00.000,I 20,,,Rear End,2,Cloudy,Dry,Daylight
2021-07-27T05:47:00.000,I 285,,,Sideswipe-Same Direction,2,Clear,Wet,Daylight
2021-12-28T22:15:00.000,I 285,,,Sideswipe-Same Direction,2,Cloudy,Dry,Dark-Not Lighted
2021-12-19T11:54:00.000,I-75,,,Rear End,2,Cloudy,Dry,Daylight
2021-12-02T18:00:00.000,I 75,,,Sideswipe-Same Direction,2,Clear,Dry,Daylight
2021-11-24T15:41:00.000,I 285,,,Sideswipe-Same Direction,2,Clear,Dry,Daylight
2021-11-19T19:29:00.000,I 75,,,Sideswipe-Same Direction,2,Clear,Dry,Dark-Not Lighted
2021-09-25T08:09:00.000,I 75,,,Not a Collision with Motor Vehicle,1,Clear,Dry,Daylight
2021-09-18T18:36:00.000,I 285,,,Rear End,3,Cloudy,Wet,Daylight
2021-08-04T16:29:00.000,I 20,,,Rear End,2,Clear,Dry,Daylight
2021-11-25T16:10:00.000,I 85,,,Angle Crash,3,Clear,Dry,Daylight
2021-11-17T06:40:00.000,I-75,,,Rear End,2,Clear,Dry,Dark-Lighted
2021-11-12T00:02:00.000,I-75,,,Not a Collision with Motor Vehicle,1,Cloudy,Wet,Dark-Lighted
2021-08-17T12:36:00.000,I 85,,,Sideswipe-Same Direction,2,Rain,Wet,Daylight
2021-08-01T16:20:00.000,I 285,,,Rear End,2,Clear,Dry,Daylight
2021-07-02T17:13:00.000,I 85,,,Sideswipe-Same Direction,2,Clear,Dry,Daylight
2021-12-31T08:15:00.000,I 75,,,Not a Collision with Motor Vehicle,1,Fog,Wet,Daylight
2021-11-28T11:59:00.000,I-75,,,Sideswipe-Same Direction,2,Clear,Dry,Daylight
2021-12-18T09:15:00.000,I 75,,,Not a Collision with Motor Vehicle,1,Rain,Wet,Daylight
2021-12-13T18:42:00.000,I 75,,,Sideswipe-Same Direction,2,Clear,Dry,Dark-Not Lighted
2021-12-11T14:13:00.000,I 75,,,Angle Crash,2,Rain,Wet,Daylight
2021-12-09T00:00:00.000,I 285,,,Rear End,2,Cloudy,Dry,Daylight
2021-11-14T13:00:00.000,I 75,,,Angle Crash,2,Clear,Dry,Daylight
2021-10-03T00:03:00.000,I 85,,,Rear End,2,Clear,Dry,Dark-Lighted
2021-08-27T10:14:00.000,I 20,,,Not a Collision with Motor Vehicle,1,Clear,Dry,Daylight
2021-07-09T18:58:00.000,I 75,,,Rear End,2,Clear,Dry,Daylight
2021-07-09T00:00:00.000,I 20,,,Rear End,2,Severe Thunderstorm or Tornadic,Wet,Daylight
2021-12-06T07:20:00.000,I 20,,,Rear End,2,Cloudy,Dry,Daylight
2021-11-10T09:58:00.000,I 75,,,Sideswipe-Same Direction,2,Clear,Dry,Daylight
2021-08-05T19:00:00.000,I 85,,,Sideswipe-Same Direction,2,Cloudy,Dry,Daylight
2021-07-22T17:30:00.000,I 75,,,Angle Crash,2,Cloudy,Dry,Daylight
2021-12-13T23:05:00.000,I 75,,,Sideswipe-Same Direction,2,Clear,Dry,Dark-Not Lighted
2021-11-21T05:18:00.000,I 85,,,Not a Collision with Motor Vehicle,1,Clear,Dry,Dark-Not Lighted