Date and Time,Roadway (From Crash Report),Intersection Name (from Crash Report),KABCO Severity,Manner of Collision (Crash Level) ,# of Vehicles per crash ,Weather Conditions (Crash Level),Surface Condition (Crash Level) ,Light Conditions (Crash Level)
2021-09-02T05:00:00.000,I 75,,,Sideswipe-Same Direction,2,Clear,Dry,Dark-Not Lighted
2021-07-05T00:00:00.000,I 85,,,Angle Crash,2,Clear,Dry,Dark-Lighted
2021-12-15T13:53:00.000,I 75,,,Rear End,3,Clear,Dry,Daylight
2021-10-14T15:50:00.000,I 85,,,Sideswipe-Same Direction,2,Clear,Dry,Daylight
2021-10-14T15:02:00.000,I 75,,,Sideswipe-Same Direction,2,Clear,Dry,Daylight
2021-10-07T17:45:00.000,I 75,,,Not a Collision with Motor Vehicle,1,Rain,Wet,Daylight
2021-07-20T14:30:00.000,I 75,,,Sideswipe-Same Direction,2,Clear,Dry,Daylight
2021-07-18T17:52:00.000,I 75,,,Rear End,2,Cloudy,Dry,Daylight
2021-07-02T13:46:00.000,I 16,,,Not a Collision with Motor Vehicle,1,Rain,Wet,Daylight
2021-12-29T22:41:00.000,I 75,,,Sideswipe-Same Direction,2,Rain,Wet,Dark-Not Lighted
2021-11-15T09:31:00.000,I 75,,,Sideswipe-Same Direction,2,Clear,Dry,Daylight
2021-10-29T07:50:00.000,I 75,,,Rear End,2,Cloudy,Dry,Daylight
2021-10-10T17:00:00.000,I 285,,,Rear End,2,Clear,Dry,Daylight
2021-09-28T16:00:00.000,I 20,,,Not a Collision with Motor Vehicle,1,Clear,Dry,Daylight
2021-07-19T18:32:00.000,I 75,,,Not a Collision with Motor Vehicle,1,Rain,Water (standing or moving),Daylight
2021-07-16T12:55:00.000,I 75,,,Rear End,2,Cloudy,Dry,Daylight
2021-07-15T17:44:00.000,I 95,,,Rear End,2,Clear,Dry,Daylight
2021-12-22T17:50:00.000,I 20,,,Not a Collision with Motor Vehicle,1,Clear,Dry,Dark-Not Lighted
2021-11-28T17:30:00.000,I-75,,,Rear End,2,Clear,Dry,Dark-Lighted
2021-10-31T09:40:00.000,I-75,,,Sideswipe-Same Direction,3,Clear,Dry,Daylight
2021-10-22T20:30:00.000,Sr 140,,,Not a Collision with Motor Vehicle,1,Clear,Dry,Dark-Not Lighted
2021-09-17T05:55:00.000,I 20,,,Sideswipe-Same Direction,2,Clear,Dry,Dark-Not Lighted
2021-08-16T05:44:00.000,I 75,,,Not a Collision with Motor Vehicle,1,Rain,Wet,Dark-Not Lighted
2021-07-16T08:43:00.000,I 285,,,Rear End,2,Cloudy,Dry,Daylight
2021-11-18T15:15:00.000,I 285,,,Rear End,2,Clear,Dry,Daylight
2021-10-16T23:20:00.000,I 285,,,Angle Crash,2,Clear,Dry,Dark-Lighted
2021-10-16T15:45:00.000,I 285,,,Rear End,2,Clear,Dry,Daylight
2021-09-11T08:00:00.000,I-75,,,Sideswipe-Same Direction,2,Clear,Dry,Daylight
2021-09-01T21:09:00.000,I 75,,,Sideswipe-Same Direction,2,Clear,Dry,Dark-Not Lighted
2021-08-16T05:42:00.000,I 75,,,Rear End,2,Clear,Dry,Dark-Not Lighted
2021-12-30T16:49:00.000,I 85,,,Angle Crash,2,Cloudy,Wet,Daylight
2021-12-14T19:44:00.000,I 75,,,Rear End,2,Clear,Dry,Dark-Not Lighted
2021-11-02T22:58:00.000,I 16,,,Angle Crash,3,Clear,Dry,Dark-Not Lighted
2021-10-15T04:55:00.000,I-75,,,Sideswipe-Same Direction,2,Clear,Dry,Dark-Not Lighted
2021-08-25T13:20:00.000,I-75,,,Angle Crash,2,Clear,Dry,Daylight
2021-07-22T18:30:00.000,I 16,,,Not a Collision with Motor Vehicle,1,Rain,Wet,Daylight
2021-10-09T12:01:00.000,I 75,,,Rear End,2,Clear,Dry,Daylight
2021-10-08T05:01:00.000,I 95,,,Sideswipe-Same Direction,2,Clear,Dry,Dark-Not Lighted
2021-10-07T11:32:00.000,I 75,,,Not a Collision with Motor Vehicle,1,Cloudy,Dry,Daylight
2021-10-04T09:09:00.000,I 285,,,Rear End,2,Rain,Wet,Daylight
2021-09-25T23:40:00.000,I-75,,,Rear End,2,Clear,Dry,Dark-Not Lighted
2021-08-18T15:18:00.000,I 285,,,Angle Crash,2,Clear,Dry,Daylight
2021-07-20T04:10:00.000,I 75,,,Not a Collision with Motor Vehicle,1,Rain,Water (standing or moving),Dark-Lighted
2021-07-02T16:38:00.000,I 285,,,Rear End,3,Clear,Dry,Daylight
2021-07-05T23:01:00.000,I 85,,,Not a Collision with Motor Vehicle,1,Clear,Dry,Dark-Not Lighted
2021-07-03T09:50:00.000,I 75,,,Sideswipe-Same Direction,2,Clear,Dry,Daylight
2021-12-16T08:15:00.000,I 20,,,Sideswipe-Same Direction,2,Cloudy,Dry,Daylight
2021-10-23T17:30:00.000,I-75,,,Sideswipe-Same Direction,2,Clear,Dry,Daylight
2021-10-25T05:10:00.000,I-75,,,Rear End,2,Clear,Dry,Dark-Lighted
2021-10-04T10:40:00.000,I 75,,,Not a Collision with Motor Vehicle,1,Cloudy,Wet,Daylight
2021-08-07T14:40:00.000,I 85,,,Rear End,2,Clear,Dry,Daylight
2021-07-15T05:40:00.000,I 20,,,Sideswipe-Same Direction,2,Clear,Dry,Dark-Not Lighted
2021-07-18T21:55:00.000,I-75,,,Not a Collision with Motor Vehicle,1,Clear,Dry,Dark-Not Lighted
2021-11-06T16:55:00.000,I 285,,,Rear End,2,Cloudy,Dry,Daylight
2021-10-15T16:56:00.000,I 285,,,Rear End,2,Clear,Dry,Daylight
2021-09-24T19:34:00.000,I 285,,,Rear End,2,Clear,Dry,Daylight
2021-09-25T14:07:00.000,I 285,,,Sideswipe-Same Direction,2,Clear,Dry,Daylight
2021-12-29T17:00:00.000,I 85,,,Sideswipe-Same Direction,2,Clear,Dry,Daylight
2021-12-22T18:05:00.000,I 20,,,Rear End,2,Cloudy,Dry,Dark-Not Lighted
2021-11-19T11:15:00.000,I 75,,,Sideswipe-Same Direction,2,Clear,Dry,Daylight
2021-11-13T03:00:00.000,I-75,,,Sideswipe-Same Direction,3,Clear,Dry,Dark-Lighted
2021-11-07T01:35:00.000,I 75,,,Not a Collision with Motor Vehicle,1,Clear,Dry,Dark-Not Lighted
2021-10-06T21:16:00.000,I 285,,,Sideswipe-Same Direction,2,Clear,Dry,Dark-Lighted
2021-08-18T23:58:00.000,I-75,,,Sideswipe-Same Direction,2,Clear,Dry,Dark-Lighted
2021-12-15T15:35:00.000,I 75,,,Rear End,2,Clear,Dry,Daylight
2021-11-19T09:59:00.000,I 285,,,Rear End,2,Clear,Dry,Daylight
2021-11-03T13:25:00.000,I 75,,,Sideswipe-Same Direction,2,Cloudy,Dry,Daylight
2021-08-31T17:20:00.000,I 85,,,Rear End,2,Rain,Wet,Daylight
2021-07-16T05:20:00.000,I 285,,,Sideswipe-Same Direction,2,Clear,Dry,Dark-Not Lighted
2021-07-07T08:25:00.000,I 75,,,Sideswipe-Same Direction,2,Rain,Wet,Daylight
2021-11-25T03:46:00.000,I-75,,,Rear End,2,Clear,Dry,Dark-Lighted
2021-11-05T17:40:00.000,I 75,,,Not a Collision with Motor Vehicle,1,Cloudy,Dry,Daylight
2021-09-09T12:40:00.000,I 20,,,Rear End,2,Clear,Dry,Daylight
2021-07-12T15:23:00.000,I 285,,,Rear End,2,Cloudy,Wet,Daylight
2021-12-28T08:45:00.000,I 285,,,Rear End,3,Cloudy,Dry,Daylight
2021-12-12T17:51:00.000,I 285,,,Angle Crash,2,Clear,Dry,Dark-Not Lighted
2021-12-09T11:40:00.000,I 285,,,Sideswipe-Same Direction,3,Clear,Dry,Daylight
2021-12-01T20:50:00.000,I 85,,,Not a Collision with Motor Vehicle,1,Clear,Dry,Dark-Not Lighted
2021-07-31T22:27:00.000,I-75,,,Sideswipe-Same Direction,2,Clear,Dry,Dark-Lighted
2021-12-23T03:09:00.000,I 20,,,Angle Crash,1,Clear,Dry,Dark-Not Lighted
2021-12-10T07:07:00.000,I 285,,,Rear End,2,Rain,Wet,Dark-Lighted
2021-11-03T07:05:00.000,I 95,,,Sideswipe-Same Direction,2,Cloudy,Dry,Daylight
2021-08-01T00:18:00.000,I 16,,,Rear End,2,Clear,Dry,Dark-Not Lighted
2021-12-10T10:01:00.000,I 20,,,Not a Collision with Motor Vehicle,1,Rain,Wet,Daylight
2021-11-24T20:24:00.000,I 75,,,Sideswipe-Same Direction,2,Clear,Dry,Dark-Not Lighted
2021-11-30T10:58:00.000,I 75,,,Angle Crash,2,Clear,Dry,Daylight
2021-11-21T19:06:00.000,I 85,,,Not a Collision with Motor Vehicle,1,Clear,Dry,Dark-Lighted
2021-10-15T21:49:00.000,I 95,,,Rear End,2,Clear,Dry,Dark-Not Lighted
2021-10-17T00:45:00.000,I 16,,,Angle Crash,2,Clear,Dry,Dark-Not Lighted
2021-09-11T22:53:00.000,I 20,,,Not a Collision with Motor Vehicle,1,Clear,Dry,Dark-Not Lighted
2021-09-02T14:30:00.000,I 95,,,Head On,1,Clear,Dry,Daylight
2021-08-22T07:52:00.000,I 85,,,Sideswipe-Same Direction,2,Cloudy,Dry,Daylight
2021-07-14T14:17:00.000,I 285,,,Rear End,2,Clear,Dry,Daylight
2021-12-15T15:32:00.000,I-75,,,Rear End,2,Clear,Dry,Daylight
2021-08-15T22:06:00.000,I 285,,,Sideswipe-Same Direction,2,Cloudy,Dry,Dark-Not Lighted
2021-08-11T07:45:00.000,I 285,,,Rear End,2,Clear,Dry,Daylight
2021-12-12T17:24:00.000,I-75,,,Angle Crash,2,Cloudy,Dry,Dusk
2021-11-23T08:25:00.000,I 20,,,Rear End,2,Clear,Dry,Daylight
2021-10-29T20:38:00.000,I-75,,,Rear End,2,Cloudy,Water (standing or moving),Dark-Not Lighted
2021-07-13T18:12:00.000,I 85,,,Not a Collision with Motor Vehicle,1,Clear,Dry,Daylight
2021-07-12T02:00:00.000,I 75,,,Rear End,2,Clear,Wet,Daylight
2021-07-07T13:43:00.000,I 75,,,Sideswipe-Same Direction,2,Clear,Dry,Daylight
2021-12-22T09:10:00.000,I 85,,,Rear End,2,Clear,Wet,Daylight
2021-10-07T12:40:00.000,I 75,,,Angle Crash,2,Cloudy,Dry,Daylight
2021-09-11T11:49:00.000,I 85,,,Rear End,2,Clear,Dry,Daylight
2021-08-28T01:41:00.000,I 20,,,Sideswipe-Same Direction,2,Clear,Dry,Dark-Not Lighted
2021-08-17T07:47:00.000,I 20,,,Not a Collision with Motor Vehicle,1,Rain,Wet,Daylight
2021-08-07T21:56:00.000,I 20,,,Not a Collision with Motor Vehicle,2,Clear,Other,Dark-Not Lighted
2021-11-12T08:58:00.000,I 75,,,Angle Crash,3,Clear,Dry,Daylight
2021-10-21T21:49:00.000,I-75,,,Rear End,2,Clear,Dry,Dark-Lighted
2021-09-27T18:54:00.000,I 75,,,Angle Crash,2,Clear,Dry,Dusk
2021-12-18T19:10:00.000,I 20,,,Sideswipe-Same Direction,2,Rain,Wet,Dark-Lighted
2021-12-23T02:23:00.000,I 85,,,Not a Collision with Motor Vehicle,1,Clear,Dry,Dark-Not Lighted
2021-12-15T19:54:00.000,I-75,,,Angle Crash,2,Clear,Dry,Dark-Lighted
2021-09-22T09:13:00.000,I 285,,,Sideswipe-Same Direction,2,Cloudy,Dry,Daylight
2021-07-21T20:25:00.000,I-75,,,Sideswipe-Same Direction,2,Rain,Wet,Dark-Lighted
2021-07-16T11:56:00.000,I 75,,,Rear End,2,Clear,Dry,Daylight
2021-12-17T11:08:00.000,I 285,,,Angle Crash,2,Cloudy,Dry,Daylight
2021-12-06T13:07:00.000,I 85,,,Rear End,2,Rain,Wet,Daylight
2021-11-27T19:00:00.000,I-75,,,Rear End,3,Clear,Dry,Dark-Lighted
2021-07-22T16:15:00.000,I 75,,,Sideswipe-Same Direction,2,Clear,Dry,Daylight
2021-07-11T13:46:00.000,I 75,,,Rear End,2,Cloudy,Dry,Daylight
2021-09-16T12:58:00.000,I 75,,,Rear End,2,Rain,Wet,Daylight
2021-09-12T03:19:00.000,I 285,,,Angle Crash,2,Clear,Dry,Dark-Not Lighted
2021-09-01T08:58:00.000,I 16,,,Rear End,2,Clear,Dry,Daylight
2021-07-22T22:30:00.000,I 85,,,Rear End,2,Clear,Dry,Daylight
2021-12-25T22:50:00.000,I 285,,,Angle Crash,2,Clear,Dry,Dark-Lighted
2021-12-15T10:33:00.000,I-75,,,Rear End,2,Clear,Dry,Daylight
2021-11-20T12:32:00.000,I 75,,,Rear End,2,Clear,Dry,Daylight
2021-11-27T21:18:00.000,I 20,,,Not a Collision with Motor Vehicle,2,Clear,Dry,Dark-Not Lighted
2021-11-04T13:00:00.000,I 75,,,Not a Collision with Motor Vehicle,1,Cloudy,Wet,Daylight
2021-10-04T09:07:00.000,I 85,,,Rear End,2,Rain,Wet,Daylight
2021-09-20T16:18:00.000,I 20,,,Rear End,2,Rain,Wet,Daylight
2021-11-19T15:20:00.000,I 75,,,Not a Collision with Motor Vehicle,1,Clear,Dry,Daylight
2021-11-12T16:02:00.000,I 75,,,Rear End,2,Clear,Dry,Daylight
2021-11-03T08:45:00.000,I 16,,,Rear End,2,Cloudy,Dry,Daylight
2021-08-31T07:29:00.000,I 75,,,Angle Crash,1,Rain,Wet,Daylight
2021-08-17T15:15:00.000,I 285,,,Rear End,2,Cloudy,Wet,Daylight
2021-07-02T14:15:00.000,I 20,,,Not a Collision with Motor Vehicle,1,Rain,Wet,Daylight
2021-12-15T11:34:00.000,I 285,,,Not a Collision with Motor Vehicle,1,Clear,Dry,Daylight
2021-11-04T08:15:00.000,I 75,,,Rear End,2,Cloudy,Dry,Daylight
2021-09-26T14:04:00.000,I 75,,,Not a Collision with Motor Vehicle,1,Clear,Dry,Daylight
2021-08-31T09:27:00.000,I 75,,,Angle Crash,2,Rain,Wet,Daylight
2021-08-25T08:04:00.000,I 85,,,Sideswipe-Same Direction,2,Clear,Dry,Daylight
2021-08-21T08:30:00.000,I 16,,,Not a Collision with Motor Vehicle,1,Cloudy,Dry,Daylight
2021-07-09T18:00:00.000,I 20,,,Sideswipe-Same Direction,2,Cloudy,Wet,Daylight
2021-10-07T16:44:00.000,I 75,,,Not a Collision with Motor Vehicle,1,Cloudy,Dry,Daylight
2021-08-27T17:35:00.000,I 285,,,Rear End,4,Cloudy,Dry,Daylight
2021-08-06T10:30:00.000,I 85,,,Sideswipe-Same Direction,2,Clear,Dry,Daylight
2021-07-14T04:35:00.000,I 85,,,Not a Collision with Motor Vehicle,1,Clear,Dry,Dark-Not Lighted
2021-12-30T16:20:00.000,I 75,,,Rear End,2,Rain,Wet,Daylight
2021-11-21T12:00:00.000,I 75,,,Angle Crash,2,Clear,Dry,Daylight
2021-11-11T00:47:00.000,I 85,,,Not a Collision with Motor Vehicle,1,Clear,Dry,Dark-Not Lighted
2021-10-31T12:51:00.000,I 285,,,Rear End,2,Clear,Dry,Daylight
2021-09-24T14:24:00.000,I 75,,,Rear End,2,Clear,Dry,Daylight
2021-09-18T14:20:00.000,I 85,,,Not a Collision with Motor Vehicle,1,Rain,Wet,Daylight
2021-07-16T08:40:00.000,I 285,,,Not a Collision with Motor Vehicle,2,Cloudy,Dry,Daylight
2021-11-30T14:48:00.000,I 75,,,Rear End,2,Clear,Dry,Daylight
2021-11-18T07:40:00.000,I 75,,,Sideswipe-Same Direction,2,Clear,Dry,Daylight
2021-11-21T10:30:00.000,I-75,,,Sideswipe-Same Direction,2,Clear,Dry,Daylight
2021-08-27T13:32:00.000,I 285,,,Rear End,2,Clear,Dry,Daylight
2021-11-18T10:37:00.000,I 20,,,Sideswipe-Same Direction,2,Clear,Dry,Daylight
2021-07-25T00:00:00.000,I 20,,,Sideswipe-Same Direction,2,Clear,Dry,Daylight
2021-12-18T20:29:00.000,I 16,,,Not a Collision with Motor Vehicle,1,Rain,Wet,Dark-Not Lighted
2021-12-05T13:30:00.000,I-75,,,Rear End,2,Clear,Dry,Daylight
2021-08-08T12:00:00.000,I 20,,,Sideswipe-Same Direction,2,Clear,Dry,Daylight
2021-12-22T06:35:00.000,I 75,,,Rear End,2,Cloudy,Wet,Dark-Not Lighted
2021-12-22T13:20:00.000,Sr 140,,,Rear End,2,Clear,Dry,Daylight
2021-12-08T10:59:00.000,I 75,,,Not a Collision with Motor Vehicle,1,Cloudy,Wet,Daylight
2021-12-09T18:05:00.000,I 75,,,Sideswipe-Same Direction,2,Clear,Dry,Daylight
2021-08-22T19:32:00.000,I 75,,,Rear End,2,Clear,Dry,Daylight
2021-12-27T00:04:00.000,I 285,,,Not a Collision with Motor Vehicle,1,Fog,Dry,Dark-Not Lighted
2021-12-09T22:46:00.000,I-75,,,Rear End,2,Rain,Water (standing or moving),Dark-Lighted
2021-11-28T14:12:00.000,I 85,,,Rear End,3,Clear,Dry,Daylight
2021-11-11T06:50:00.000,I 20,,,Not a Collision with Motor Vehicle,1,Clear,Dry,Daylight
2021-10-18T16:40:00.000,I 85,,,Rear End,2,Clear,Dry,Daylight
2021-10-12T06:51:00.000,I 285,,,Sideswipe-Same Direction,2,Cloudy,Dry,Dark-Not Lighted
2021-10-06T00:45:00.000,I 20,,,Not a Collision with Motor Vehicle,1,Rain,Wet,Dark-Not Lighted
2021-07-27T19:50:00.000,I 20,,,Rear End,2,Rain,Wet,Dark-Lighted
2021-12-23T06:29:00.000,I 75,,,Sideswipe-Same Direction,2,Clear,Dry,Dark-Not Lighted
2021-08-17T22:38:00.000,I 95,,,Rear End,2,Clear,Dry,Dark-Not Lighted
2021-07-27T19:59:00.000,I 75,,,Head On,1,Rain,Wet,Dark-Lighted
2021-11-25T09:09:00.000,I 20,,,Sideswipe-Same Direction,2,Clear,Dry,Daylight
2021-09-04T12:07:00.000,I 85,,,Sideswipe-Same Direction,2,Clear,Dry,Daylight
2021-08-21T23:05:00.000,I-75,,,Sideswipe-Same Direction,2,Clear,Dry,Dark-Lighted
2021-12-21T07:00:00.000,I 75,,,Sideswipe-Same Direction,2,Rain,Wet,Daylight
2021-11-15T00:13:00.000,I 16,,,Not a Collision with Motor Vehicle,1,Clear,Dry,Dark-Not Lighted
2021-09-29T07:15:00.000,I 85,,,Sideswipe-Same Direction,2,Clear,Dry,Daylight
2021-09-18T10:20:00.000,I 95,,,Rear End,2,Clear,Dry,Daylight
2021-11-28T01:35:00.000,I 75,,,Not a Collision with Motor Vehicle,1,Clear,Dry,Dark-Not Lighted
2021-11-20T13:19:00.000,I 75,,,Rear End,3,Clear,Dry,Daylight
2021-11-09T09:32:00.000,I 285,,,Sideswipe-Same Direction,2,Clear,Dry,Daylight
2021-10-11T15:58:00.000,I 75,,,Sideswipe-Same Direction,2,Clear,Dry,Daylight
2021-10-09T15:45:00.000,I 20,,,Sideswipe-Same Direction,2,Clear,Dry,Daylight
2021-10-03T12:50:00.000,I 75,,,Not a Collision with Motor Vehicle,1,Rain,Wet,Daylight
2021-12-22T07:22:00.000,I 75,,,Angle Crash,2,Clear,Dry,Daylight
2021-11-29T08:53:00.000,I 20,,,(None),7,(None),(None),(None)
2021-11-01T22:00:00.000,I-75,,,Angle Crash,2,Clear,Dry,Dark-Lighted
2021-10-20T22:27:00.000,I 85,,,Sideswipe-Same Direction,2,Cloudy,Dry,Dark-Not Lighted
2021-10-14T06:16:00.000,I 95,,,Sideswipe-Same Direction,2,Clear,Dry,Dark-Not Lighted
2021-10-08T11:44:00.000,I 285,,,Sideswipe-Same Direction,2,Clear,Dry,Daylight
2021-07-27T10:05:00.000,I 75,,,Rear End,2,Clear,Dry,Daylight
2021-11-21T18:30:00.000,I 285,,,Angle Crash,2,Clear,Dry,Daylight
2021-09-23T10:11:00.000,I 75,,,Sideswipe-Same Direction,2,Clear,Dry,Daylight
2021-09-15T17:26:00.000,I 75,,,Rear End,4,Rain,Wet,Daylight
2021-08-27T12:05:00.000,I 20,,,Not a Collision with Motor Vehicle,2,Clear,Dry,Daylight
2021-08-20T18:27:00.000,I 20,,,Rear End,4,Clear,Dry,Daylight
2021-07-28T09:35:00.000,I 285,,,Sideswipe-Same Direction,2,Clear,Dry,Daylight
2021-12-25T03:25:00.000,I 20,,,Not a Collision with Motor Vehicle,1,Clear,Dry,Dark-Not Lighted
2021-11-12T17:59:00.000,I 285,,,Angle Crash,2,Clear,Dry,Daylight
2021-11-01T12:33:00.000,I 285,,,Not a Collision with Motor Vehicle,2,Clear,Dry,Daylight
2021-07-09T16:21:00.000,Sr 141,,,Rear End,2,Cloudy,Dry,Daylight
2021-11-29T10:00:00.000,I 285,,,Rear End,2,Clear,Dry,Daylight
2021-07-20T11:25:00.000,I 75,,,Sideswipe-Same Direction,2,Cloudy,Wet,Daylight
2021-07-01T18:03:00.000,I 285,,,Rear End,2,Clear,Dry,Daylight
2021-12-14T21:15:00.000,I 75,,,Angle Crash,2,Clear,Dry,Dark-Not Lighted
2021-11-29T11:50:00.000,I 75,,,Not a Collision with Motor Vehicle,2,Clear,Dry,Daylight
2021-11-12T18:00:00.000,I 85,,,Sideswipe-Same Direction,2,Clear,Dry,Daylight
2021-12-30T14:38:00.000,I 285,,,Rear End,2,Rain,Wet,Daylight
2021-11-17T16:33:00.000,I 285,,,Sideswipe-Same Direction,2,Clear,Dry,Daylight
2021-10-28T15:24:00.000,I 75,,,Not a Collision with Motor Vehicle,1,Clear,Wet,Daylight
2021-10-26T15:20:00.000,I 75,,,Not a Collision with Motor Vehicle,1,Clear,Dry,Daylight
2021-07-25T00:56:00.000,I 285,,,Rear End,3,Clear,Dry,Dark-Not Lighted
2021-03-12T14:07:00.000,I 20,,,Sideswipe-Same Direction,2,Clear,Dry,Daylight
2021-03-25T13:39:00.000,I 75,,,Not a Collision with Motor Vehicle,1,Rain,Wet,Daylight
2021-03-11T17:45:00.000,I 285,,,Sideswipe-Same Direction,2,Clear,Dry,Daylight
2021-02-11T17:45:00.000,I 75,,,Sideswipe-Same Direction,2,Cloudy,Wet,Daylight
2021-04-23T16:25:00.000,I 75,,,Rear End,2,Clear,Dry,Daylight
2021-04-15T14:55:00.000,I 85,,,Sideswipe-Same Direction,2,Clear,Dry,Daylight
2021-05-06T15:55:00.000,I 16,,,Not a Collision with Motor Vehicle,2,Clear,Dry,Daylight
2021-02-15T19:45:00.000,I 20,,,Sideswipe-Same Direction,2,Rain,Wet,Dark-Not Lighted
2021-06-04T23:47:00.000,I 20,,,Sideswipe-Same Direction,2,Cloudy,Dry,Dark-Not Lighted
2021-03-14T16:00:00.000,I 285,,,Rear End,2,Clear,Dry,Daylight
2021-02-07T11:37:00.000,I 20,,,Not a Collision with Motor Vehicle,1,Clear,Dry,Daylight
2021-01-28T06:05:00.000,I 75,,,Sideswipe-Same Direction,2,Cloudy,Dry,Dark-Not Lighted
2021-06-16T20:20:00.000,I 75,,,Angle Crash,2,Clear,Dry,Daylight
2021-04-23T21:30:00.000,I 20,,,Rear End,3,Clear,Dry,Dark-Not Lighted
2021-03-28T15:59:00.000,I 75,,,Rear End,2,Rain,Wet,Daylight
2021-06-24T17:00:00.000,I 95,,,Rear End,2,Cloudy,Dry,Daylight
2021-02-03T20:27:00.000,I 20,,,Sideswipe-Same Direction,2,Clear,Dry,Dark-Lighted
2021-04-15T18:00:00.000,I 285,,,Rear End,2,Clear,Dry,Daylight
2021-05-21T16:20:00.000,I 75,,,Rear End,2,Clear,Dry,Daylight
2021-01-12T09:55:00.000,I 285,,,Sideswipe-Same Direction,2,Cloudy,Dry,Daylight
2021-05-16T17:02:00.000,I 75,,,Sideswipe-Same Direction,2,Clear,Dry,Daylight
2021-05-31T19:40:00.000,I 285,,,Angle Crash,2,Clear,Dry,Daylight
2021-01-16T08:54:00.000,I 75,,,Rear End,2,Cloudy,Dry,Daylight
2021-02-27T00:00:00.000,I 20,,,Sideswipe-Same Direction,2,Clear,Dry,Dark-Not Lighted
2021-01-05T07:43:00.000,I 85,,,Sideswipe-Same Direction,2,Clear,Dry,Daylight
2021-04-07T07:25:00.000,I 95,,,Sideswipe-Same Direction,2,Clear,Dry,Daylight
2021-02-13T19:15:00.000,I 285,,,Rear End,3,Cloudy,Dry,Dark-Not Lighted
2021-04-27T09:30:00.000,I 75,,,Rear End,2,Cloudy,Dry,Daylight
2021-06-14T18:00:00.000,I 285,,,Not a Collision with Motor Vehicle,1,Cloudy,Water (standing or moving),Daylight
2021-04-28T12:58:00.000,I 285,,,Sideswipe-Same Direction,2,Cloudy,Dry,Daylight
2021-06-05T13:30:00.000,I 285,,,Not a Collision with Motor Vehicle,1,Cloudy,Dry,Daylight
2021-03-26T11:55:00.000,I 285,,,Sideswipe-Same Direction,2,Clear,Dry,Daylight
2021-02-21T13:28:00.000,I 285,,,Not a Collision with Motor Vehicle,1,Clear,Dry,Daylight
2021-06-28T16:08:00.000,I 75,,,Rear End,2,Cloudy,Dry,Daylight
2021-02-25T12:24:00.000,I 285,,,Angle Crash,4,Clear,Dry,Daylight
2021-05-28T16:00:00.000,I 285,,,Rear End,3,Cloudy,Dry,Daylight
2021-06-15T07:45:00.000,I 75,,,Sideswipe-Same Direction,2,Clear,Dry,Daylight
2021-04-28T16:55:00.000,I 20,,,Not a Collision with Motor Vehicle,1,Cloudy,Dry,Daylight
2021-04-02T08:50:00.000,I 95,,,Rear End,2,Clear,Dry,Daylight
2021-03-08T13:31:00.000,I 75,,,Not a Collision with Motor Vehicle,1,Cloudy,Dry,Daylight
2021-03-10T08:47:00.000,I 75,,,Sideswipe-Same Direction,2,Clear,Dry,Daylight
2021-04-10T01:30:00.000,I 20,,,Not a Collision with Motor Vehicle,1,Clear,Dry,Dark-Not Lighted
2021-03-20T12:40:00.000,I 75,,,Sideswipe-Same Direction,2,Clear,Dry,Daylight
2021-06-08T23:45:00.000,I 85,,,Not a Collision with Motor Vehicle,1,Clear,Wet,Dark-Not Lighted
2021-06-25T18:05:00.000,I 20,,,Rear End,2,Clear,Dry,Daylight
2021-04-25T00:24:00.000,I 20,,,Rear End,2,Rain,Wet,Dark-Lighted
2021-05-13T14:23:00.000,I 16,,,Angle Crash,2,Clear,Dry,Daylight
2021-06-06T01:30:00.000,I 75,,,Not a Collision with Motor Vehicle,1,Cloudy,Wet,Daylight
2021-04-18T14:44:00.000,I 16,,,Not a Collision with Motor Vehicle,1,Clear,Dry,Daylight
2021-02-23T10:24:00.000,I 20,,,Sideswipe-Same Direction,2,Clear,Dry,Daylight
2021-06-16T22:50:00.000,I 285,,,Sideswipe-Same Direction,2,Clear,Dry,Dark-Not Lighted
2021-03-17T09:55:00.000,I 85,,,Not a Collision with Motor Vehicle,1,Rain,Wet,Daylight
2021-04-01T18:50:00.000,I 75,,,Not a Collision with Motor Vehicle,1,Clear,Dry,Daylight
2021-01-12T10:46:00.000,I 75,,,Not a Collision with Motor Vehicle,1,Cloudy,Dry,Daylight
2021-02-23T06:30:00.000,I 285,,,Sideswipe-Same Direction,2,Clear,Dry,Dawn
2021-03-16T16:25:00.000,I-75,,,Rear End,2,Cloudy,Wet,Daylight
2021-04-24T08:02:00.000,I 75,,,Not a Collision with Motor Vehicle,1,Rain,Water (standing or moving),Daylight
2021-06-09T15:08:00.000,I 75,,,Rear End,2,Rain,Wet,Daylight
2021-02-26T08:04:00.000,I 16,,,Not a Collision with Motor Vehicle,1,Clear,Dry,Daylight
2021-05-03T11:36:00.000,I 285,,,Not a Collision with Motor Vehicle,1,Rain,Wet,Daylight
2021-03-03T00:00:00.000,I 285,,,Sideswipe-Same Direction,2,Clear,Wet,Daylight
2021-01-15T18:51:00.000,I 75,,,Sideswipe-Same Direction,2,Clear,Dry,Dark-Not Lighted
2021-03-30T14:06:00.000,I 75,,,Rear End,2,Cloudy,Dry,Daylight