Date and Time,Roadway (From Crash Report),Intersection Name (from Crash Report),KABCO Severity,Manner of Collision (Crash Level) ,# of Vehicles per crash ,Weather Conditions (Crash Level),Surface Condition (Crash Level) ,Light Conditions (Crash Level)
2021-06-17T21:47:00.000,I 85,,,Sideswipe-Same Direction,2,Clear,Dry,Dark-Not Lighted
2021-02-06T00:00:00.000,I 16,,,Not a Collision with Motor Vehicle,2,Rain,Wet,Daylight
2021-04-05T15:09:00.000,I 20,,,Rear End,2,Clear,Dry,Daylight
2021-04-29T13:30:00.000,I 285,,,Angle Crash,2,Cloudy,Dry,Daylight
2021-06-23T14:12:00.000,I 85,,,Not a Collision with Motor Vehicle,1,Clear,Dry,Daylight
2021-01-26T08:38:00.000,I 75,,,Not a Collision with Motor Vehicle,1,Rain,Wet,Daylight
2021-02-23T11:16:00.000,I 285,,,Sideswipe-Same Direction,2,Clear,Dry,Daylight
2021-04-16T16:13:00.000,I 285,,,Sideswipe-Same Direction,2,Cloudy,Dry,Daylight
2021-03-24T07:40:00.000,I 95,,,Rear End,2,Clear,Dry,Daylight
2021-06-05T23:30:00.000,I 285,,,Angle Crash,2,Rain,Wet,Dark-Not Lighted
2021-05-24T04:30:00.000,I 95,,,Not a Collision with Motor Vehicle,1,Clear,Dry,Dark-Not Lighted
2021-06-28T08:15:00.000,I 75,,,Sideswipe-Same Direction,2,Clear,Dry,Daylight
2021-06-10T19:50:00.000,I 75,,,Rear End,2,Cloudy,Wet,Daylight
2021-03-17T15:59:00.000,Sr 141,,,Sideswipe-Same Direction,3,Rain,Wet,Daylight
2021-04-14T12:11:00.000,I 285,,,Not a Collision with Motor Vehicle,1,Clear,Dry,Daylight
2021-04-28T15:20:00.000,I 285,,,Angle Crash,2,Cloudy,Dry,Daylight
2021-02-26T11:16:00.000,I 75,,,Rear End,2,Rain,Wet,Daylight
2021-05-23T12:45:00.000,I 285,,,Rear End,2,Clear,Dry,Daylight
2021-03-08T07:52:00.000,I 285,,,Rear End,2,Clear,Dry,Daylight
2021-04-12T19:38:00.000,I 20,,,Sideswipe-Same Direction,2,Clear,Dry,Daylight
2021-06-12T01:27:00.000,I 285,,,Rear End,2,Clear,Dry,Dark-Lighted
2021-03-28T11:36:00.000,I 75,,,Not a Collision with Motor Vehicle,1,Cloudy,Wet,Daylight
2021-06-21T09:30:00.000,I 85,,,Rear End,2,Cloudy,Dry,Daylight
2021-06-24T11:54:00.000,I 285,,,Sideswipe-Same Direction,2,Cloudy,Dry,Daylight
2021-05-29T21:31:00.000,I 85,,,Rear End,3,Clear,Dry,Dark-Not Lighted
2021-05-04T06:35:00.000,I 85,,,Sideswipe-Same Direction,2,Cloudy,Dry,Dawn
2021-02-07T06:19:00.000,I 285,,,Not a Collision with Motor Vehicle,1,Clear,Wet,Dark-Not Lighted
2021-02-03T22:20:00.000,I 75,,,Sideswipe-Same Direction,2,Clear,Dry,Dark-Not Lighted
2021-06-03T16:52:00.000,I 20,,,Rear End,1,Cloudy,Dry,Daylight
2021-06-05T12:20:00.000,I 20,,,Rear End,2,Cloudy,Dry,Daylight
2021-06-01T07:09:00.000,I 75,,,Rear End,2,Clear,Dry,Daylight
2021-01-05T13:56:00.000,I 285,,,Sideswipe-Same Direction,2,Clear,Dry,Daylight
2021-05-24T15:49:00.000,I 20,,,Sideswipe-Same Direction,2,Clear,Dry,Daylight
2021-01-01T11:10:00.000,I 85,,,Not a Collision with Motor Vehicle,1,Rain,Wet,Daylight
2021-05-14T10:22:00.000,I-75,,,Rear End,2,Clear,Dry,Daylight
2021-01-26T04:15:00.000,I 285,,,Not a Collision with Motor Vehicle,1,Rain,Wet,Dark-Not Lighted
2021-03-19T16:07:00.000,I 75,,,Not a Collision with Motor Vehicle,1,Clear,Wet,Daylight
2021-06-30T15:18:00.000,I 16,,,Rear End,2,Clear,Dry,Daylight
2021-01-29T15:50:00.000,I 285,,,Rear End,2,Cloudy,Dry,Daylight
2021-02-12T20:07:00.000,I 85,,,Sideswipe-Same Direction,2,Cloudy,Dry,Dark-Lighted
2021-04-23T09:00:00.000,I 285,,,Angle Crash,3,Cloudy,Dry,Daylight
2021-01-26T19:15:00.000,I 75,,,Sideswipe-Same Direction,2,Clear,Dry,Dark-Lighted
2021-06-05T23:34:00.000,I 75,,,Rear End,2,Cloudy,Wet,Dark-Not Lighted
2021-05-25T08:15:00.000,I 285,,,Rear End,2,Clear,Dry,Daylight
2021-05-31T16:23:00.000,I 20,,,Not a Collision with Motor Vehicle,1,Clear,Dry,Daylight
2021-03-19T07:00:00.000,I 75,,,Sideswipe-Same Direction,2,Clear,Dry,Dark-Lighted
2021-06-12T07:20:00.000,I 16,,,Not a Collision with Motor Vehicle,1,Clear,Dry,Daylight
2021-03-11T20:15:00.000,I 75,,,Sideswipe-Same Direction,2,Clear,Dry,Dark-Not Lighted
2021-01-18T11:23:00.000,I 285,,,Sideswipe-Same Direction,2,Clear,Dry,Daylight
2021-03-15T13:15:00.000,I 95,,,Sideswipe-Same Direction,4,Clear,Dry,Dawn
2021-06-30T02:25:00.000,Sr 141,,,Not a Collision with Motor Vehicle,1,Cloudy,Dry,Dark-Lighted
2021-02-19T05:49:00.000,I 20,,,Rear End,2,Rain,Water (standing or moving),Dark-Not Lighted
2021-03-31T12:56:00.000,I 75,,,Sideswipe-Same Direction,3,Rain,Wet,Daylight
2021-01-11T17:37:00.000,I 285,,,Sideswipe-Same Direction,2,Rain,Wet,Dark-Lighted
2021-02-08T12:20:00.000,I 285,,,Sideswipe-Same Direction,2,Clear,Dry,Daylight
2021-06-27T06:05:00.000,I 75,,,Rear End,2,Rain,Wet,Dawn
2021-03-19T21:00:00.000,I 285,,,Sideswipe-Same Direction,2,Clear,Dry,Dark-Lighted
2021-06-29T00:00:00.000,I 75,,,Rear End,2,Clear,Dry,Daylight
2021-03-29T03:07:00.000,I 75,,,Sideswipe-Same Direction,2,Clear,Dry,Dark-Not Lighted
2021-03-08T17:30:00.000,I 285,,,Angle Crash,2,Clear,Dry,Daylight
2021-05-01T08:00:00.000,I 75,,,Sideswipe-Same Direction,2,Clear,Dry,Daylight
2021-06-12T14:45:00.000,I 85,,,Sideswipe-Same Direction,2,Clear,Dry,Daylight
2021-03-22T16:29:00.000,I 285,,,Rear End,2,Clear,Dry,Daylight
2021-01-11T18:16:00.000,I 85,,,Rear End,2,Rain,Wet,Dark-Not Lighted
2021-01-16T08:45:00.000,I 285,,,Sideswipe-Same Direction,2,Clear,Dry,Dark-Lighted
2021-01-29T17:07:00.000,I 285,,,Rear End,2,Clear,Dry,Daylight
2021-03-05T18:48:00.000,I 75,,,Sideswipe-Same Direction,2,Cloudy,Dry,Dark-Not Lighted
2021-06-05T14:35:00.000,I 285,,,Rear End,2,Cloudy,Dry,Daylight
2021-03-26T20:18:00.000,I 75,,,Not a Collision with Motor Vehicle,1,Cloudy,Dry,Dark-Lighted
2021-06-04T21:20:00.000,I 20,,,Rear End,2,Clear,Dry,Dark-Not Lighted
2021-05-09T03:15:00.000,I 75,,,Sideswipe-Same Direction,3,Clear,Dry,Dark-Not Lighted
2021-01-01T15:08:00.000,I 20,,,Sideswipe-Same Direction,2,Rain,Wet,Daylight
2021-06-14T13:45:00.000,I 285,,,Angle Crash,2,Clear,Dry,Daylight
2021-06-22T13:33:00.000,I 285,,,Rear End,2,Cloudy,Wet,Daylight
2021-02-19T20:26:00.000,I 20,,,Rear End,2,Clear,Dry,Dark-Not Lighted
2021-02-23T15:55:00.000,I 285,,,Rear End,2,Clear,Dry,Daylight
2021-03-31T09:25:00.000,I 75,,,Angle Crash,2,Rain,Wet,Daylight
2021-04-06T16:30:00.000,I 20,,,Rear End,2,Clear,Dry,Daylight
2021-02-06T17:10:00.000,I 85,,,Angle Crash,2,Rain,Wet,Dark-Lighted
2021-05-17T21:00:00.000,I 75,,,Rear End,2,Clear,Dry,Dark-Not Lighted
2021-02-22T08:00:00.000,I 285,,,Sideswipe-Same Direction,2,Cloudy,Wet,Daylight
2021-01-02T15:47:00.000,I 75,,,Rear End,2,Clear,Dry,Daylight
2021-06-10T22:52:00.000,I 85,,,Not a Collision with Motor Vehicle,1,Rain,Wet,Daylight
2021-04-26T17:56:00.000,I 285,,,Rear End,3,Cloudy,Dry,Daylight
2021-05-16T17:05:00.000,I 20,,,Angle Crash,2,Clear,Dry,Daylight
2021-02-24T10:00:00.000,I 20,,,Sideswipe-Same Direction,2,Clear,Dry,Daylight
2021-05-28T02:15:00.000,I 75,,,Sideswipe-Same Direction,2,Cloudy,Dry,Dark-Not Lighted
2021-04-09T18:53:00.000,I 20,,,Rear End,2,Cloudy,Dry,Daylight
2021-01-21T16:47:00.000,I 285,,,Rear End,2,Cloudy,Dry,Dusk
2021-04-22T06:48:00.000,I 75,,,Sideswipe-Same Direction,2,Clear,Dry,Dawn
2021-01-16T18:54:00.000,I 16,,,Not a Collision with Motor Vehicle,1,Clear,Dry,Dark-Not Lighted
2021-04-01T15:37:00.000,I 85,,,Rear End,2,Clear,Dry,Daylight
2021-06-13T20:39:00.000,I 20,,,Not a Collision with Motor Vehicle,1,Clear,Dry,Daylight
2021-02-06T09:45:00.000,I 285,,,Not a Collision with Motor Vehicle,2,Clear,Dry,Daylight
2021-04-18T16:21:00.000,I 285,,,Sideswipe-Same Direction,3,Clear,Dry,Daylight
2021-02-02T05:30:00.000,I 16,,,Not a Collision with Motor Vehicle,1,Clear,Dry,Dark-Not Lighted
2021-01-07T12:34:00.000,Sr 141,,,Angle Crash,2,Cloudy,Dry,Daylight
2021-03-15T14:55:00.000,I 285,,,Rear End,4,Cloudy,Dry,Daylight
2021-04-24T06:25:00.000,I 85,,,Not a Collision with Motor Vehicle,1,Rain,Wet,Dark-Not Lighted
2021-04-23T12:13:00.000,I 75,,,Sideswipe-Same Direction,2,Cloudy,Dry,Daylight
2021-06-27T18:10:00.000,I 20,,,Sideswipe-Same Direction,2,Clear,Dry,Daylight
2021-04-14T09:50:00.000,I 285,,,Rear End,3,Clear,Dry,Daylight
2021-06-20T13:34:00.000,I 85,,,Not a Collision with Motor Vehicle,1,Rain,Wet,Daylight
2021-01-14T11:35:00.000,I 75,,,Sideswipe-Same Direction,2,Clear,Dry,Daylight
2021-05-23T14:20:00.000,I 85,,,Not a Collision with Motor Vehicle,1,Clear,Dry,Daylight
2021-03-31T08:00:00.000,I 75,,,Not a Collision with Motor Vehicle,1,Rain,Wet,Daylight
2021-06-01T08:45:00.000,I 285,,,Rear End,2,Clear,Dry,Daylight
2021-01-08T18:57:00.000,I 85,,,Sideswipe-Same Direction,2,Clear,Dry,Dark-Lighted
2021-03-06T00:57:00.000,I 285,,,Angle Crash,3,Clear,Dry,Dark-Lighted
2021-04-06T12:15:00.000,I 16,,,Rear End,2,Clear,Dry,Daylight
2021-03-26T07:36:00.000,I 285,,,Sideswipe-Same Direction,2,Cloudy,Dry,Daylight
2021-05-23T13:29:00.000,I 285,,,Rear End,3,Cloudy,Dry,Daylight
2021-05-27T19:00:00.000,I 85,,,Not a Collision with Motor Vehicle,1,Clear,Dry,Daylight
2021-02-18T19:51:00.000,I 20,,,Not a Collision with Motor Vehicle,1,Rain,Wet,Dark-Lighted
2021-06-24T16:00:00.000,I 75,,,Not a Collision with Motor Vehicle,1,Clear,Dry,Daylight
2021-05-05T15:43:00.000,I 285,,,Sideswipe-Same Direction,2,Clear,Dry,Daylight
2021-04-05T18:07:00.000,I 85,,,Not a Collision with Motor Vehicle,1,Clear,Dry,Daylight
2021-04-02T09:45:00.000,I 75,,,Not a Collision with Motor Vehicle,1,Clear,Dry,Daylight
2021-04-13T15:15:00.000,I 75,,,Sideswipe-Same Direction,2,Clear,Dry,Daylight
2021-04-29T02:20:00.000,I 75,,,Not a Collision with Motor Vehicle,1,Clear,Dry,Dark-Not Lighted
2021-02-19T05:49:00.000,I 20,,,Rear End,2,Rain,Water (standing or moving),Dark-Not Lighted
2021-06-24T14:18:00.000,I 75,,,Sideswipe-Same Direction,2,Cloudy,Dry,Daylight
2021-05-07T21:40:00.000,I 16,,,Rear End,2,Clear,Dry,Dark-Lighted
2021-02-15T15:42:00.000,I 75,,,Sideswipe-Same Direction,2,Rain,Wet,Daylight
2021-02-13T06:05:00.000,I 20,,,Rear End,2,Rain,Water (standing or moving),Dark-Lighted
2021-01-15T21:45:00.000,I 20,,,Sideswipe-Same Direction,2,Clear,Dry,Dark-Lighted
2021-03-26T05:45:00.000,I 285,,,Sideswipe-Same Direction,3,Cloudy,Wet,Dark-Not Lighted
2021-04-22T09:13:00.000,I 75,,,Rear End,2,Clear,Dry,Daylight
2021-01-22T10:30:00.000,I 285,,,Angle Crash,3,Clear,Dry,Daylight
2021-04-29T14:40:00.000,I 75,,,Not a Collision with Motor Vehicle,2,Clear,Dry,Daylight
2021-05-11T19:10:00.000,I 75,,,Not a Collision with Motor Vehicle,1,Clear,Dry,Daylight
2021-04-09T11:16:00.000,I 20,,,Sideswipe-Same Direction,2,Clear,Dry,Daylight
2021-06-01T13:20:00.000,I 20,,,Sideswipe-Same Direction,2,Cloudy,Dry,Daylight
2021-06-22T17:03:00.000,I 16,,,Not a Collision with Motor Vehicle,1,Cloudy,Dry,Daylight
2021-05-04T09:32:00.000,I 285,,,Sideswipe-Same Direction,2,Clear,Dry,Daylight
2021-03-03T08:45:00.000,I-75,,,Rear End,3,Clear,Dry,Daylight
2021-05-05T15:55:00.000,I 75,,,Not a Collision with Motor Vehicle,2,Clear,Dry,Daylight
2021-06-29T16:45:00.000,I 285,,,Not a Collision with Motor Vehicle,1,Clear,Dry,Daylight
2021-03-25T10:25:00.000,I 285,,,Sideswipe-Same Direction,2,Rain,Wet,Daylight
2021-02-18T06:30:00.000,I 16,,,Not a Collision with Motor Vehicle,1,Rain,Wet,Dark-Not Lighted
2021-04-03T16:51:00.000,I 20,,,Rear End,4,Clear,Dry,Daylight
2021-02-14T13:44:00.000,I 285,,,Rear End,2,Cloudy,Dry,Daylight
2021-02-06T17:25:00.000,I 285,,,Rear End,3,Rain,Wet,Dark-Lighted
2021-04-06T13:11:00.000,I 75,,,Rear End,2,Clear,Dry,Daylight
2021-04-30T09:00:00.000,I 16,,,Sideswipe-Same Direction,2,Clear,Dry,Daylight
2021-04-29T14:05:00.000,I 75,,,Not a Collision with Motor Vehicle,1,Cloudy,Dry,Daylight
2021-04-21T14:20:00.000,I 285,,,Rear End,3,Cloudy,Dry,Daylight
2021-03-21T18:25:00.000,I 85,,,Sideswipe-Same Direction,2,Cloudy,Dry,Daylight
2021-06-28T21:30:00.000,I 285,,,Not a Collision with Motor Vehicle,1,Clear,Dry,Dark-Not Lighted
2021-04-08T12:08:00.000,I 16,,,Rear End,3,Clear,Dry,Daylight
2021-06-20T15:30:00.000,I 16,,,Sideswipe-Same Direction,2,Rain,Wet,Daylight
2021-06-25T13:15:00.000,I 285,,,Rear End,4,Cloudy,Dry,Daylight
2020-08-07T06:30:00.000,I 285,,,Sideswipe-Same Direction,2,Clear,Dry,Daylight
2020-02-28T08:06:00.000,I 20,,,Rear End,2,Clear,Dry,Daylight
2020-02-16T00:16:00.000,I 85,,,Sideswipe-Same Direction,2,Clear,Dry,Daylight
2020-10-27T17:05:00.000,I 75,,,Rear End,3,Cloudy,Dry,Daylight
2020-03-06T16:12:00.000,I 20,,,Rear End,2,Clear,Dry,Daylight
2020-03-05T16:02:00.000,I 75,,,Sideswipe-Same Direction,2,Cloudy,Wet,Daylight
2020-02-18T19:02:00.000,I 75,,,Rear End,2,Rain,Wet,Dark-Not Lighted
2020-06-02T10:17:00.000,I 75,,,Sideswipe-Same Direction,2,Clear,Dry,Daylight
2020-02-25T07:15:00.000,I 85,,,Rear End,2,Cloudy,Dry,Daylight
2020-01-27T13:08:00.000,I 285,,,Sideswipe-Same Direction,2,Cloudy,Dry,Daylight
2020-02-07T13:56:00.000,I 75,,,Rear End,2,Cloudy,Dry,Daylight
2020-04-17T17:44:00.000,I 20,,,Rear End,2,Clear,Dry,Daylight
2020-01-03T13:00:00.000,I 75,,,Rear End,2,Rain,Wet,Daylight
2020-12-23T23:45:00.000,I 20,,,Rear End,2,Clear,Dry,Dark-Lighted
2020-10-30T08:43:00.000,I 75,,,Not a Collision with Motor Vehicle,1,Clear,Dry,Daylight
2020-07-18T02:23:00.000,I 75,,,Not a Collision with Motor Vehicle,1,Clear,Dry,Dark-Not Lighted
2020-03-25T07:10:00.000,I 75,,,Sideswipe-Same Direction,3,Cloudy,Dry,Dawn
2020-09-13T14:05:00.000,I 75,,,Rear End,3,Clear,Dry,Daylight
2020-03-03T08:03:00.000,I 75,,,Not a Collision with Motor Vehicle,1,Rain,Wet,Daylight
2020-04-16T15:43:00.000,I 20,,,Rear End,2,Clear,Dry,Daylight
2020-01-13T19:10:00.000,I 285,,,Rear End,2,Cloudy,Wet,Dark-Not Lighted
2020-05-28T18:00:00.000,I 75,,,Rear End,2,Cloudy,Dry,Daylight
2020-08-28T14:50:00.000,I 285,,,Rear End,2,Clear,Dry,Daylight
2020-12-07T18:16:00.000,I 20,,,Not a Collision with Motor Vehicle,1,Clear,Dry,Dark-Not Lighted
2020-10-09T13:25:00.000,I 285,,,Sideswipe-Same Direction,2,Cloudy,Dry,Daylight
2020-10-16T17:50:00.000,I 285,,,Rear End,2,Clear,Dry,Daylight
2020-11-24T11:30:00.000,I 20,,,Rear End,3,Clear,Dry,Daylight
2020-08-25T07:50:00.000,I 85,,,Not a Collision with Motor Vehicle,1,Rain,Wet,Daylight
2020-07-21T06:43:00.000,I 75,,,Rear End,2,Clear,Dry,Dawn
2020-01-27T17:52:00.000,I 285,,,Not a Collision with Motor Vehicle,1,Clear,Dry,Daylight
2020-03-11T09:26:00.000,I 75,,,Rear End,2,Cloudy,Dry,Daylight
2020-08-17T08:00:00.000,I 75,,,Rear End,2,Clear,Dry,Daylight
2020-03-10T09:03:00.000,I 75,,,Sideswipe-Same Direction,2,Rain,Wet,Daylight
2020-08-03T06:44:00.000,I 20,,,Not a Collision with Motor Vehicle,1,Clear,Dry,Daylight
2020-06-22T14:59:00.000,I 75,,,Sideswipe-Same Direction,2,Cloudy,Dry,Daylight
2020-07-05T13:42:00.000,I 20,,,Sideswipe-Same Direction,2,Clear,Dry,Daylight
2020-08-03T10:25:00.000,I 75,,,Sideswipe-Same Direction,2,Cloudy,Dry,Daylight
2020-08-19T19:30:00.000,I 85,,,Angle Crash,2,Rain,Wet,Dusk
2020-07-13T00:45:00.000,I 285,,,Sideswipe-Same Direction,2,Clear,Dry,Dark-Not Lighted
2020-08-20T13:17:00.000,I 20,,,Rear End,2,Clear,Dry,Daylight
2020-10-07T22:52:00.000,I 285,,,Rear End,2,Clear,Dry,Dark-Not Lighted
2020-08-19T12:20:00.000,I 75,,,Rear End,2,Cloudy,Dry,Daylight
2020-04-13T01:44:00.000,I 85,,,Not a Collision with Motor Vehicle,1,Rain,Wet,Dark-Not Lighted
2020-03-16T11:36:00.000,I 20,,,Rear End,2,Cloudy,Wet,Daylight
2020-01-31T06:46:00.000,I 16,,,Sideswipe-Same Direction,2,Rain,Wet,Dawn
2020-02-06T10:12:00.000,I 85,,,Not a Collision with Motor Vehicle,1,Rain,Wet,Daylight
2020-06-13T07:30:00.000,I 20,,,Not a Collision with Motor Vehicle,1,Clear,Dry,Daylight
2020-06-25T13:53:00.000,I 20,,,Sideswipe-Same Direction,1,Cloudy,Dry,Daylight
2020-09-03T16:44:00.000,I 85,,,Rear End,2,Clear,Dry,Daylight
2020-09-05T00:25:00.000,I 75,,,Not a Collision with Motor Vehicle,1,Cloudy,Dry,Dark-Not Lighted
2020-01-10T17:07:00.000,I 75,,,Sideswipe-Same Direction,2,Cloudy,Dry,Daylight
2020-06-10T10:50:00.000,I 285,,,Rear End,2,Cloudy,Wet,Daylight
2020-11-01T04:22:00.000,I 20,,,Rear End,2,Clear,Dry,Dark-Lighted
2020-06-05T12:13:00.000,I 285,,,Sideswipe-Same Direction,3,Cloudy,Dry,Daylight
2020-08-12T16:42:00.000,I 285,,,Rear End,3,Cloudy,Dry,Daylight
2020-10-19T12:20:00.000,I 285,,,Rear End,2,Clear,Dry,Daylight
2020-02-07T20:00:00.000,I 285,,,Rear End,2,Clear,Dry,Dark-Lighted
2020-07-18T03:20:00.000,I 85,,,Not a Collision with Motor Vehicle,1,Clear,Dry,Daylight
2020-02-04T13:05:00.000,I 285,,,Rear End,2,Cloudy,Dry,Daylight
2020-02-21T15:37:00.000,I 75,,,Sideswipe-Same Direction,2,Clear,Dry,Daylight
2020-08-04T21:08:00.000,I 85,,,Sideswipe-Same Direction,2,Cloudy,Dry,Dark-Not Lighted
2020-02-27T21:23:00.000,I 75,,,Sideswipe-Same Direction,2,Clear,Dry,Dark-Lighted
2020-07-31T18:20:00.000,I 85,,,Rear End,2,Clear,Dry,Daylight
2020-02-25T16:17:00.000,I 20,,,Not a Collision with Motor Vehicle,1,Cloudy,Dry,Daylight
2020-10-24T10:47:00.000,I 75,,,Rear End,3,Cloudy,Wet,Daylight
2020-01-29T09:26:00.000,I 75,,,Rear End,3,Cloudy,Dry,Daylight
2020-07-23T12:15:00.000,I 285,,,Rear End,2,Clear,Dry,Daylight
2020-10-15T00:10:00.000,I 285,,,Rear End,2,Clear,Dry,Dark-Lighted
2020-08-06T17:09:00.000,I 85,,,Rear End,2,Cloudy,Dry,Daylight
2020-03-09T07:52:00.000,I 75,,,Sideswipe-Same Direction,1,Clear,Dry,Daylight
2020-04-07T00:00:00.000,I 75,,,Rear End,2,Cloudy,Wet,Daylight
2020-12-08T09:25:00.000,I 285,,,Sideswipe-Same Direction,2,Clear,Dry,Daylight
2020-05-29T20:14:00.000,I 20,,,Not a Collision with Motor Vehicle,1,Rain,Wet,Dark-Lighted
2020-02-17T12:37:00.000,I 75,,,Not a Collision with Motor Vehicle,1,Cloudy,Dry,Daylight
2020-10-29T12:49:00.000,I 20,,,Rear End,2,Cloudy,Wet,Daylight
2020-07-12T03:12:00.000,I 285,,,Not a Collision with Motor Vehicle,1,Clear,Dry,Daylight
2020-08-31T05:00:00.000,I 285,,,Not a Collision with Motor Vehicle,1,Cloudy,Dry,Dark-Lighted
2020-11-04T14:28:00.000,I 285,,,Sideswipe-Same Direction,2,Clear,Dry,Daylight
2020-07-22T22:34:00.000,I 75,,,Angle Crash,2,Clear,Dry,Dark-Not Lighted
2020-08-20T14:50:00.000,I 285,,,Rear End,2,Rain,Wet,Daylight
2020-11-06T13:55:00.000,I 285,,,Not a Collision with Motor Vehicle,4,Clear,Dry,Daylight
2020-12-18T15:30:00.000,I 285,,,Angle Crash,2,Clear,Dry,Daylight
2020-11-25T21:40:00.000,I 75,,,Not a Collision with Motor Vehicle,1,Rain,Wet,Dark-Not Lighted
2020-02-07T20:00:00.000,I 285,,,Rear End,2,Clear,Dry,Dark-Lighted
2020-03-20T15:23:00.000,I 285,,,Sideswipe-Same Direction,2,Cloudy,Dry,Daylight
2020-07-27T08:00:00.000,I 75,,,Not a Collision with Motor Vehicle,2,Clear,Dry,Daylight
2020-01-24T01:27:00.000,I 85,,,Angle Crash,3,Rain,Wet,Dark-Not Lighted
2020-01-24T06:47:00.000,I 75,,,Not a Collision with Motor Vehicle,1,Rain,Wet,Dark-Lighted
2020-06-03T08:26:00.000,I 75,,,Rear End,2,Clear,Dry,Daylight
2020-01-13T07:47:00.000,I 75,,,Rear End,2,Rain,Wet,Dark-Not Lighted
2020-10-13T16:40:00.000,I 285,,,Sideswipe-Same Direction,2,Clear,Dry,Daylight
2020-09-29T17:25:00.000,I 75,,,Not a Collision with Motor Vehicle,1,Clear,Dry,Daylight
2020-09-14T17:31:00.000,I 285,,,Sideswipe-Same Direction,2,Clear,Wet,Daylight
2020-01-13T09:15:00.000,I 75,,,Rear End,2,Rain,Wet,Daylight
2020-02-03T17:18:00.000,I 285,,,Sideswipe-Same Direction,2,Clear,Dry,Daylight
2020-04-19T11:00:00.000,I 285,,,Not a Collision with Motor Vehicle,1,Cloudy,Dry,Daylight
2020-12-28T15:00:00.000,I 75,,,Sideswipe-Same Direction,2,Clear,Dry,Daylight
2020-11-09T05:53:00.000,I 75,,,Sideswipe-Same Direction,2,Clear,Dry,Dark-Not Lighted
2020-11-12T18:00:00.000,I 75,,,Not a Collision with Motor Vehicle,1,Clear,Dry,Dark-Not Lighted
2020-02-14T09:26:00.000,I 285,,,Angle Crash,2,Clear,Dry,Daylight
2020-02-18T08:52:00.000,I 85,,,Not a Collision with Motor Vehicle,1,Rain,Wet,Daylight
2020-03-28T17:17:00.000,I 75,,,Head On,1,Clear,Dry,Daylight
2020-11-05T08:25:00.000,I 75,,,Sideswipe-Same Direction,2,Clear,Dry,Daylight
2020-05-19T16:40:00.000,I 75,,,Rear End,2,Clear,Dry,Daylight
2020-03-10T08:38:00.000,I 285,,,Angle Crash,2,Rain,Wet,Daylight
2020-01-03T02:20:00.000,I 20,,,Not a Collision with Motor Vehicle,1,Cloudy,Wet,Dark-Lighted
2020-01-27T16:46:00.000,I 85,,,Not a Collision with Motor Vehicle,1,Clear,Dry,Daylight
2020-09-25T21:15:00.000,I 75,,,Sideswipe-Same Direction,2,Clear,Dry,Dark-Lighted
2020-03-09T13:40:00.000,I 95,,,Sideswipe-Same Direction,2,Cloudy,Dry,Daylight
2020-07-13T10:49:00.000,I 75,,,Rear End,2,Clear,Dry,Daylight
2020-01-23T15:00:00.000,I 75,,,Not a Collision with Motor Vehicle,1,Rain,Wet,Daylight
2020-08-25T21:31:00.000,I 285,,,Rear End,2,Clear,Wet,Dark-Lighted
2020-03-16T18:02:00.000,I 285,,,Sideswipe-Same Direction,2,Cloudy,Dry,Daylight
2020-04-03T20:25:00.000,I 75,,,Angle Crash,2,Clear,Dry,Dark-Lighted
2020-11-19T15:39:00.000,I 85,,,Rear End,2,Clear,Dry,Daylight
2020-09-18T04:34:00.000,I 285,,,Not a Collision with Motor Vehicle,1,Clear,Wet,Dark-Not Lighted
2020-08-15T16:00:00.000,I 285,,,Rear End,2,Rain,Wet,Daylight
2020-02-19T04:05:00.000,I 285,,,Sideswipe-Same Direction,2,Rain,Wet,Dark-Lighted
2020-03-04T09:57:00.000,I 85,,,Not a Collision with Motor Vehicle,1,Rain,Wet,Daylight
2020-05-12T15:40:00.000,I 285,,,Not a Collision with Motor Vehicle,1,Clear,Dry,Daylight
2020-06-21T17:40:00.000,I 285,,,Not a Collision with Motor Vehicle,1,Clear,Dry,Dawn
2020-08-21T15:00:00.000,I 85,,,Sideswipe-Same Direction,2,Cloudy,Dry,Daylight
2020-05-25T19:06:00.000,I 75,,,Sideswipe-Same Direction,2,Clear,Dry,Daylight
2020-01-23T16:28:00.000,I 285,,,Angle Crash,2,Cloudy,Wet,Daylight
2020-12-16T18:45:00.000,I 20,,,Rear End,2,Cloudy,Wet,Dark-Not Lighted
2020-06-04T11:40:00.000,I 20,,,Sideswipe-Same Direction,2,Clear,Dry,Daylight
2020-03-24T16:43:00.000,I 75,,,Not a Collision with Motor Vehicle,1,Clear,Dry,Daylight
2020-01-24T17:12:00.000,I 285,,,Rear End,3,Cloudy,Dry,Daylight
2020-09-13T16:29:00.000,I 16,,,Not a Collision with Motor Vehicle,1,Rain,Wet,Daylight
2020-01-28T06:23:00.000,I 85,,,Angle Crash,2,Clear,Dry,Dark-Not Lighted
2020-01-17T18:40:00.000,I 75,,,Rear End,2,Clear,Dry,Dark-Lighted
2020-01-02T19:00:00.000,I 20,,,Sideswipe-Same Direction,2,Rain,Wet,Dark-Not Lighted
2020-03-05T12:32:00.000,I 85,,,Rear End,2,Rain,Wet,Daylight
2020-08-12T15:06:00.000,I 75,,,Rear End,2,Clear,Dry,Daylight
2020-04-25T00:30:00.000,I 20,,,Not a Collision with Motor Vehicle,1,Clear,Dry,Dark-Not Lighted