Date and Time,Roadway (From Crash Report),Intersection Name (from Crash Report),KABCO Severity,Manner of Collision (Crash Level) ,# of Vehicles per crash ,Weather Conditions (Crash Level),Surface Condition (Crash Level) ,Light Conditions (Crash Level)
2020-08-17T18:38:00.000,I 75,,,Rear End,2,Clear,Dry,Daylight
2020-04-21T16:24:00.000,I 285,,,Sideswipe-Same Direction,2,Clear,Dry,Daylight
2020-09-08T16:52:00.000,I 75,,,Sideswipe-Same Direction,2,Clear,Dry,Daylight
2020-09-29T12:30:00.000,I 285,,,Sideswipe-Same Direction,2,Rain,Wet,Daylight
2020-11-03T09:04:00.000,I 285,,,Rear End,2,Clear,Dry,Daylight
2020-06-21T02:00:00.000,I 285,,,Rear End,2,Clear,Dry,Dark-Lighted
2020-12-08T12:49:00.000,I 75,,,Sideswipe-Same Direction,2,Clear,Dry,Daylight
2020-03-09T09:53:00.000,I 20,,,Rear End,2,Clear,Dry,Daylight
2020-06-17T15:14:00.000,I 285,,,Rear End,2,Clear,Dry,Daylight
2020-07-17T16:25:00.000,I 285,,,Sideswipe-Same Direction,2,Clear,Dry,Daylight
2020-07-06T10:00:00.000,I 285,,,Sideswipe-Same Direction,2,Cloudy,Dry,Daylight
2020-10-22T16:45:00.000,I 20,,,Sideswipe-Same Direction,2,Clear,Dry,Daylight
2020-08-18T15:30:00.000,I 85,,,Rear End,2,Clear,Dry,Daylight
2020-08-25T14:47:00.000,I 75,,,Sideswipe-Same Direction,3,Rain,Wet,Daylight
2020-08-25T14:18:00.000,I 20,,,Not a Collision with Motor Vehicle,1,Rain,Wet,Daylight
2020-09-23T16:24:00.000,I 285,,,Not a Collision with Motor Vehicle,1,Clear,Dry,Daylight
2020-02-18T16:41:00.000,I 20,,,Sideswipe-Same Direction,2,Rain,Wet,Daylight
2020-06-10T18:55:00.000,I 285,,,Not a Collision with Motor Vehicle,1,Cloudy,Wet,Daylight
2020-08-10T15:32:00.000,I 75,,,Rear End,3,Clear,Dry,Daylight
2020-07-02T17:44:00.000,I 285,,,Rear End,2,Clear,Dry,Daylight
2020-11-24T13:45:00.000,I 20,,,Rear End,3,Clear,Dry,Daylight
2020-03-11T08:00:00.000,I 75,,,Rear End,3,Cloudy,Dry,Daylight
2020-08-11T09:17:00.000,I 20,,,Not a Collision with Motor Vehicle,1,Cloudy,Wet,Daylight
2020-11-11T21:43:00.000,I 85,,,Not a Collision with Motor Vehicle,1,Rain,Wet,Dark-Lighted
2020-12-14T05:19:00.000,I 285,,,Not a Collision with Motor Vehicle,1,Rain,Wet,Dark-Not Lighted
2020-03-24T11:09:00.000,I 75,,,Not a Collision with Motor Vehicle,1,Rain,Wet,Daylight
2020-06-17T21:36:00.000,I 285,,,Rear End,2,Clear,Dry,Dark-Lighted
2020-09-21T14:50:00.000,I 285,,,Not a Collision with Motor Vehicle,1,Clear,Dry,Daylight
2020-02-29T15:45:00.000,I 85,,,Angle Crash,2,Clear,Dry,Daylight
2020-10-16T16:30:00.000,I 85,,,Rear End,2,Clear,Dry,Daylight
2020-04-21T07:33:00.000,I 285,,,Sideswipe-Same Direction,2,Clear,Dry,Daylight
2020-12-29T23:46:00.000,I 75,,,Sideswipe-Same Direction,2,Clear,Dry,Dark-Lighted
2020-09-02T08:45:00.000,I 285,,,Rear End,4,Clear,Dry,Daylight
2020-05-19T09:09:00.000,I 285,,,Sideswipe-Same Direction,2,Cloudy,Dry,Daylight
2020-01-02T12:00:00.000,I 75,,,Angle Crash,2,Rain,Wet,Daylight
2020-10-16T19:08:00.000,I 285,,,Rear End,2,Clear,Dry,Dark-Not Lighted
2020-06-24T22:04:00.000,I 75,,,Not a Collision with Motor Vehicle,1,Rain,Wet,Dark-Not Lighted
2020-03-13T08:58:00.000,I 85,,,Sideswipe-Same Direction,2,Cloudy,Dry,Daylight
2020-07-15T17:20:00.000,I 285,,,Angle Crash,2,Clear,Dry,Daylight
2020-04-23T21:02:00.000,I 20,,,Not a Collision with Motor Vehicle,1,Rain,Wet,Dark-Not Lighted
2020-08-04T17:02:00.000,I 20,,,Rear End,2,Clear,Dry,Daylight
2020-09-20T04:50:00.000,I 85,,,Rear End,2,Clear,Dry,Dark-Not Lighted
2020-08-17T16:47:00.000,I 20,,,Rear End,2,Clear,Dry,Daylight
2020-09-17T10:13:00.000,I 75,,,Not a Collision with Motor Vehicle,1,Rain,Wet,Daylight
2020-02-24T07:55:00.000,I 75,,,Sideswipe-Same Direction,2,Rain,Wet,Daylight
2020-01-10T08:47:00.000,I 75,,,Sideswipe-Same Direction,2,Clear,Dry,Daylight
2020-10-11T13:05:00.000,I 85,,,Not a Collision with Motor Vehicle,1,Rain,Wet,Daylight
2020-07-11T20:30:00.000,I 85,,,Sideswipe-Same Direction,3,Clear,Dry,Daylight
2020-11-19T16:40:00.000,I 75,,,Rear End,2,Clear,Dry,Daylight
2020-07-30T20:00:00.000,I 20,,,Sideswipe-Same Direction,3,Rain,Wet,Daylight
2020-03-03T16:23:00.000,I 95,,,Rear End,2,Cloudy,Dry,Daylight
2020-03-03T16:53:00.000,I 285,,,Rear End,3,Cloudy,Dry,Daylight
2020-11-24T13:45:00.000,I 20,,,Rear End,2,Clear,Dry,Daylight
2020-06-19T18:15:00.000,I 75,,,Sideswipe-Same Direction,2,Clear,Dry,Daylight
2020-07-30T09:29:00.000,I 285,,,Rear End,3,Cloudy,Dry,Daylight
2020-08-29T02:53:00.000,I 75,,,Rear End,2,Clear,Dry,Dark-Not Lighted
2020-03-04T00:41:00.000,I 20,,,Not a Collision with Motor Vehicle,1,Cloudy,Wet,Dark-Not Lighted
2020-06-13T19:00:00.000,I 20,,,Sideswipe-Same Direction,2,Clear,Dry,Daylight
2020-02-08T15:55:00.000,I 85,,,Sideswipe-Same Direction,2,Cloudy,Dry,Daylight
2020-02-01T12:35:00.000,I 75,,,Angle Crash,2,Rain,Wet,Daylight
2020-07-14T07:39:00.000,I 75,,,Sideswipe-Same Direction,2,Clear,Dry,Daylight
2020-07-21T06:04:00.000,I 75,,,Rear End,4,Clear,Dry,Dawn
2020-02-14T10:30:00.000,I 20,,,Rear End,2,Clear,Dry,Daylight
2020-06-10T12:23:00.000,I 285,,,Rear End,2,Cloudy,Wet,Daylight
2020-10-18T18:45:00.000,I 285,,,Rear End,2,Clear,Dry,Dusk
2020-08-20T19:00:00.000,I 75,,,Rear End,2,Rain,Wet,Daylight
2020-11-25T17:55:00.000,I 75,,,Rear End,2,Cloudy,Dry,Dark-Lighted
2020-01-05T23:30:00.000,I 285,,,Not a Collision with Motor Vehicle,1,Clear,Dry,Dark-Not Lighted
2020-11-16T11:50:00.000,I 16,,,(None),1,(None),(None),(None)
2020-03-02T17:05:00.000,I 20,,,Rear End,2,Rain,Wet,Daylight
2020-03-31T11:20:00.000,I 285,,,Not a Collision with Motor Vehicle,1,Rain,Wet,Daylight
2020-10-11T06:35:00.000,I 75,,,Rear End,2,Cloudy,Wet,Dawn
2020-09-10T17:40:00.000,I 16,,,Angle Crash,2,Cloudy,Dry,Daylight
2020-05-31T21:47:00.000,I 285,,,Rear End,2,Clear,Dry,Dark-Not Lighted
2020-02-11T08:50:00.000,I 285,,,Sideswipe-Same Direction,2,Cloudy,Wet,Daylight
2020-12-17T17:00:00.000,I 75,,,Rear End,2,Clear,Dry,Dawn
2020-06-30T13:05:00.000,I 75,,,Rear End,2,Cloudy,Dry,Daylight
2020-03-16T09:09:00.000,I 285,,,Rear End,2,Cloudy,Wet,Daylight
2020-07-25T14:10:00.000,I 285,,,Rear End,2,Cloudy,Wet,Daylight
2020-09-01T15:52:00.000,I 75,,,Rear End,2,Clear,Wet,Daylight
2020-10-26T01:58:00.000,I 20,,,Rear End,2,Cloudy,Dry,Dark-Lighted
2020-06-25T10:38:00.000,I 285,,,Sideswipe-Same Direction,2,Cloudy,Dry,Daylight
2020-08-08T03:10:00.000,I 20,,,Angle Crash,2,Clear,Dry,Dark-Not Lighted
2020-07-15T17:17:00.000,I 75,,,Sideswipe-Same Direction,2,Clear,Dry,Daylight
2020-08-02T13:33:00.000,I 75,,,Sideswipe-Same Direction,2,Clear,Dry,Daylight
2020-02-06T05:30:00.000,I 75,,,Sideswipe-Same Direction,2,Rain,Wet,Dark-Not Lighted
2020-08-19T16:49:00.000,I 75,,,Sideswipe-Same Direction,2,Clear,Dry,Daylight
2020-06-23T18:18:00.000,I 285,,,Sideswipe-Same Direction,2,Cloudy,Dry,Daylight
2020-08-08T18:07:00.000,I 20,,,Not a Collision with Motor Vehicle,1,Rain,Wet,Daylight
2020-09-07T09:52:00.000,I 75,,,Rear End,2,Clear,Dry,Daylight
2020-05-23T01:23:00.000,I 75,,,Not a Collision with Motor Vehicle,1,Cloudy,Wet,Dark-Not Lighted
2020-05-04T13:15:00.000,I 75,,,Not a Collision with Motor Vehicle,1,Clear,Dry,Daylight
2020-06-10T12:40:00.000,I 20,,,Rear End,2,Rain,Wet,Daylight
2020-09-17T02:33:00.000,I 20,,,Not a Collision with Motor Vehicle,1,Rain,Wet,Dark-Not Lighted
2020-09-21T13:50:00.000,I 85,,,Sideswipe-Same Direction,2,Clear,Dry,Daylight
2020-01-06T19:50:00.000,I 85,,,Sideswipe-Same Direction,2,Clear,Dry,Dark-Not Lighted
2020-01-07T17:39:00.000,I 285,,,Rear End,3,Clear,Dry,Daylight
2020-06-22T10:15:00.000,I 75,,,Sideswipe-Same Direction,2,Clear,Dry,Daylight
2020-09-07T07:54:00.000,I 75,,,Not a Collision with Motor Vehicle,1,Clear,Dry,Daylight
2020-04-20T10:15:00.000,I 75,,,Rear End,2,Clear,Dry,Daylight
2020-08-03T16:55:00.000,I 285,,,Rear End,2,Cloudy,Wet,Daylight
2020-12-07T18:00:00.000,I 285,,,Sideswipe-Same Direction,2,Clear,Dry,Dark-Not Lighted
2023-10-11T18:00:00.000,I-75,,,Sideswipe-Same Direction,2,Rain,Wet,Daylight
2023-09-28T02:29:00.000,I 75,,,Sideswipe-Same Direction,2,Clear,Dry,Dark-Not Lighted
2023-06-01T07:42:00.000,I 85,,,Sideswipe-Same Direction,3,Cloudy,Dry,Daylight
2023-06-06T23:30:00.000,I 85,,,Not a Collision with Motor Vehicle,1,Clear,Dry,Dark-Not Lighted
2023-08-08T07:40:00.000,I 16,,,Rear End,2,Clear,Dry,Daylight
2023-07-25T15:43:00.000,I 75,,,Angle Crash,2,Clear,Dry,Daylight
2023-07-26T09:36:00.000,I 20,,,Not a Collision with Motor Vehicle,1,Clear,Dry,Daylight
2023-07-30T14:20:00.000,I 75,,,Rear End,2,Clear,Dry,Daylight
2023-06-05T02:09:00.000,I 285,,,Angle Crash,2,Clear,Dry,Dark-Not Lighted
2023-03-22T05:00:00.000,I 285,,,Not a Collision with Motor Vehicle,3,Cloudy,Dry,Dark-Not Lighted
2023-03-15T11:47:00.000,I-75,,,Rear End,2,Clear,Water (standing or moving),Daylight
2023-03-16T10:10:00.000,I 75,,,Rear End,2,Clear,Dry,Daylight
2023-02-17T14:09:00.000,I 75,,,Rear End,3,Clear,Dry,Daylight
2023-01-04T03:00:00.000,I 285,,,Rear End,2,Rain,Wet,Dark-Lighted
2023-01-22T08:01:00.000,I 285,,,Not a Collision with Motor Vehicle,1,Rain,Wet,Daylight
2023-01-17T07:28:00.000,I 285,,,Rear End,3,Rain,Wet,Daylight
2023-12-10T13:25:00.000,I 85,,,Rear End,2,Rain,Wet,Daylight
2023-12-04T09:59:00.000,I 285,,,Angle Crash,2,Clear,Dry,Daylight
2023-09-11T14:36:00.000,I 285,,,Rear End,2,Clear,Dry,Daylight
2023-08-25T23:20:00.000,I 85,,,Not a Collision with Motor Vehicle,1,Clear,Dry,Dark-Not Lighted
2023-08-23T15:35:00.000,I 285,,,Angle Crash,2,Clear,Dry,Daylight
2023-08-10T11:30:00.000,I 285,,,Sideswipe-Same Direction,2,Clear,Dry,Daylight
2023-08-09T17:28:00.000,I-75,,,Rear End,2,Clear,Dry,Daylight
2023-08-08T10:00:00.000,I-75,,,Not a Collision with Motor Vehicle,1,Clear,Dry,Daylight
2023-07-22T11:38:00.000,I 16,,,Sideswipe-Same Direction,2,Clear,Dry,Daylight
2023-05-14T21:00:00.000,I-75,,,Sideswipe-Same Direction,5,Cloudy,Dry,Dark-Lighted
2023-05-11T18:00:00.000,I 85,,,Rear End,2,Clear,Dry,Daylight
2023-04-21T11:45:00.000,I 85,,,Rear End,2,Clear,Dry,Daylight
2023-04-09T12:22:00.000,I 75,,,Not a Collision with Motor Vehicle,1,Cloudy,Dry,Daylight
2023-03-15T08:30:00.000,I-75,,,Sideswipe-Same Direction,2,Cloudy,Dry,Daylight
2023-03-12T09:52:00.000,I 75,,,Not a Collision with Motor Vehicle,1,Rain,Wet,Daylight
2023-02-09T06:50:00.000,I 75,,,Sideswipe-Same Direction,2,Rain,Wet,Dark-Not Lighted
2023-02-02T16:30:00.000,I 20,,,Rear End,2,Rain,Wet,Daylight
2023-01-09T21:10:00.000,I 285,,,Sideswipe-Same Direction,2,Clear,Dry,Dark-Lighted
2023-12-20T15:20:00.000,I 85,,,Angle Crash,2,Clear,Dry,Daylight
2023-12-10T19:00:00.000,I 285,,,Not a Collision with Motor Vehicle,1,Rain,Wet,Dark-Lighted
2023-09-08T11:26:00.000,I 75,,,Sideswipe-Same Direction,2,Cloudy,Dry,Daylight
2023-06-21T04:55:00.000,I 75,,,Rear End,2,Cloudy,Wet,Dark-Not Lighted
2023-06-22T16:46:00.000,I 85,,,Sideswipe-Same Direction,2,Rain,Wet,Daylight
2023-07-28T12:36:00.000,I 285,,,Angle Crash,2,Clear,Dry,Daylight
2023-07-15T00:00:00.000,I 20,,,Rear End,2,Clear,Dry,Dark-Lighted
2023-06-22T06:59:00.000,I 75,,,Rear End,2,Rain,Wet,Daylight
2023-05-31T15:50:00.000,I-75,,,Sideswipe-Same Direction,2,Clear,Dry,Daylight
2023-04-29T00:05:00.000,I-75,,,Rear End,2,Rain,Wet,Dark-Lighted
2023-04-02T15:43:00.000,I-75,,,Rear End,2,Clear,Dry,Daylight
2023-03-12T17:50:00.000,I 85,,,Sideswipe-Same Direction,2,Rain,Wet,Daylight
2023-02-13T15:00:00.000,I 85,,,Rear End,2,Clear,Dry,Daylight
2023-01-07T21:07:00.000,I-75,,,Sideswipe-Same Direction,2,Clear,Dry,Dark-Lighted
2023-12-05T20:25:00.000,I-75,,,Angle Crash,2,Clear,Dry,Dark-Lighted
2023-11-28T09:36:00.000,I 20,,,Angle Crash,3,Clear,Dry,Daylight
2023-11-16T06:55:00.000,I 75,,,Not a Collision with Motor Vehicle,1,Cloudy,Dry,Daylight
2023-11-17T23:30:00.000,I 85,,,Sideswipe-Same Direction,2,Cloudy,Wet,Dark-Lighted
2023-10-28T16:50:00.000,I 85,,,Rear End,2,Clear,Dry,Daylight
2023-10-09T12:46:00.000,I 285,,,Rear End,2,Clear,Dry,Daylight
2023-09-14T08:55:00.000,I 75,,,Rear End,2,Clear,Dry,Daylight
2023-05-29T15:28:00.000,I 20,,,Sideswipe-Same Direction,2,Cloudy,Dry,Daylight
2023-05-14T22:05:00.000,I 85,,,Rear End,2,Clear,Dry,Dark-Not Lighted
2023-05-12T15:00:00.000,I 75,,,Rear End,2,Clear,Dry,Daylight
2023-04-12T00:00:00.000,I 16,,,Rear End,2,Clear,Dry,Daylight
2023-05-04T18:00:00.000,I 285,,,Rear End,3,Clear,Dry,Daylight
2023-04-19T18:00:00.000,I 285,,,Rear End,2,Clear,Dry,Daylight
2023-04-01T14:40:00.000,I 285,,,Sideswipe-Opposite Direction,2,Clear,Dry,Daylight
2023-12-22T15:15:00.000,I 20,,,Sideswipe-Same Direction,2,Clear,Dry,Daylight
2023-12-09T08:15:00.000,I-75,,,Angle Crash,2,Rain,Wet,Daylight
2023-11-11T15:23:00.000,I 75,,,Angle Crash,2,Rain,Wet,Daylight
2023-11-23T00:07:00.000,I-75,,,Rear End,2,Clear,Dry,Dark-Lighted
2023-11-11T00:00:00.000,I 75,,,Head On,2,Rain,Wet,Daylight
2023-10-07T19:21:00.000,I-75,,,Rear End,4,Clear,Dry,Daylight
2023-09-20T20:35:00.000,I 85,,,Rear End,2,Clear,Dry,Dark-Not Lighted
2023-09-11T04:40:00.000,I 95,,,Sideswipe-Same Direction,2,Clear,Dry,Dark-Not Lighted
2023-08-10T05:00:00.000,I 75,,,Rear End,2,Clear,Dry,Dark-Not Lighted
2023-08-05T00:00:00.000,I 285,,,Sideswipe-Same Direction,2,Clear,Dry,Daylight
2023-08-02T21:45:00.000,I 285,,,Sideswipe-Same Direction,2,Clear,Dry,Dark-Not Lighted
2023-05-29T07:00:00.000,I-75,,,Sideswipe-Same Direction,2,Clear,Dry,Daylight
2023-04-28T17:30:00.000,I 20,,,Rear End,2,Clear,Dry,Daylight
2023-04-26T18:30:00.000,I-75,,,Rear End,2,Cloudy,Dry,Daylight
2023-04-03T11:35:00.000,I 85,,,Not a Collision with Motor Vehicle,1,Rain,Wet,Daylight
2023-03-17T22:12:00.000,I-75,,,Sideswipe-Same Direction,2,Clear,Dry,Dusk
2023-02-18T19:16:00.000,I 75,,,Rear End,2,Clear,Dry,Dark-Not Lighted
2023-11-21T18:15:00.000,I 75,,,Sideswipe-Same Direction,2,Rain,Wet,Daylight
2023-11-21T05:05:00.000,I 20,,,Sideswipe-Same Direction,2,Rain,Wet,Dark-Not Lighted
2023-10-29T15:40:00.000,I 75,,,Rear End,4,Clear,Dry,Daylight
2023-09-15T08:15:00.000,I 75,,,Rear End,2,Cloudy,Wet,Daylight
2023-07-03T00:15:00.000,I-75,,,Sideswipe-Same Direction,3,Clear,Dry,Dark-Lighted
2023-06-19T15:05:00.000,I 285,,,Rear End,3,Clear,Dry,Daylight
2023-06-06T14:15:00.000,Sr 140,,,Not a Collision with Motor Vehicle,1,Clear,Dry,Daylight
2023-04-28T08:30:00.000,I 20,,,Rear End,3,Cloudy,Wet,Daylight
2023-04-12T18:20:00.000,I 285,,,Angle Crash,2,Clear,Dry,Daylight
2023-04-04T12:45:00.000,I 285,,,Sideswipe-Same Direction,2,Cloudy,Dry,Daylight
2023-03-21T14:55:00.000,I 285,,,Angle Crash,3,Clear,Dry,Daylight
2023-02-19T04:30:00.000,I-75,,,Sideswipe-Same Direction,2,Clear,Dry,Dark-Lighted
2023-02-04T14:25:00.000,I 95,,,Rear End,2,Clear,Dry,Daylight
2023-01-19T15:36:00.000,I 75,,,Sideswipe-Same Direction,2,Clear,Dry,Daylight
2023-01-15T11:25:00.000,I-75,,,Sideswipe-Same Direction,2,Clear,Dry,Daylight
2023-01-13T21:35:00.000,I-75,,,Rear End,2,Clear,Dry,Dark-Lighted
2023-12-26T11:45:00.000,I 285,,,Rear End,3,Rain,Wet,Daylight
2023-11-04T16:44:00.000,I 85,,,Sideswipe-Same Direction,2,Clear,Dry,Daylight
2023-10-05T15:00:00.000,I 85,,,Rear End,2,Clear,Dry,Dark-Not Lighted
2023-05-23T18:15:00.000,I 85,,,Rear End,2,Cloudy,Dry,Daylight
2023-08-01T12:42:00.000,I 285,,,Rear End,2,Clear,Dry,Daylight
2023-06-30T16:50:00.000,I 85,,,Sideswipe-Same Direction,2,Clear,Dry,Daylight
2023-06-07T03:05:00.000,I-75,,,Sideswipe-Same Direction,2,Clear,Dry,Dark-Not Lighted
2023-05-06T06:00:00.000,I 285,,,Not a Collision with Motor Vehicle,1,Clear,Dry,Daylight
2023-04-06T00:45:00.000,I-75,,,Sideswipe-Same Direction,2,Clear,Dry,Dark-Lighted
2023-03-29T13:47:00.000,I 95,,,Sideswipe-Same Direction,2,Clear,Dry,Daylight
2023-03-18T15:32:00.000,I 75,,,Sideswipe-Same Direction,2,Clear,Dry,Daylight
2023-03-02T18:03:00.000,I 20,,,Rear End,2,Rain,Wet,Daylight
2023-01-26T22:17:00.000,I 20,,,Sideswipe-Same Direction,2,Cloudy,Dry,Dark-Not Lighted
2023-01-12T18:28:00.000,I 75,,,Sideswipe-Same Direction,2,Severe Thunderstorm or Tornadic,Wet,Dark-Lighted
2023-01-08T11:10:00.000,I-75,,,Sideswipe-Same Direction,2,Clear,Dry,Daylight
2023-01-07T05:26:00.000,I 75,,,Not a Collision with Motor Vehicle,1,Clear,Dry,Dark-Not Lighted
2023-12-10T01:39:00.000,I 75,,,Not a Collision with Motor Vehicle,1,Rain,Wet,Dark-Not Lighted
2023-12-02T12:34:00.000,I 20,,,Rear End,2,Cloudy,Wet,Daylight
2023-12-02T00:26:00.000,I-75,,,Angle Crash,2,Clear,Dry,Dark-Lighted
2023-11-11T02:30:00.000,I-75,,,Sideswipe-Same Direction,2,Rain,Wet,Dark-Not Lighted
2023-11-09T18:47:00.000,I 20,,,Rear End,2,Clear,Dry,Dark-Lighted
2023-10-30T17:23:00.000,I 75,,,Not a Collision with Motor Vehicle,1,Clear,Dry,Daylight
2023-08-29T20:21:00.000,I 75,,,Sideswipe-Same Direction,2,Rain,Wet,Dark-Lighted
2023-06-16T15:20:00.000,I 85,,,Rear End,2,Cloudy,Dry,Daylight
2023-08-07T02:30:00.000,I-75,,,Not a Collision with Motor Vehicle,2,Clear,Dry,Dark-Lighted
2023-08-12T18:47:00.000,I-75,,,Not a Collision with Motor Vehicle,1,Rain,Wet,Daylight
2023-08-05T20:31:00.000,I 20,,,Rear End,2,Clear,Dry,Dark-Not Lighted
2023-07-30T19:20:00.000,I-75,,,Rear End,2,Clear,Dry,Dark-Lighted
2023-07-15T11:36:00.000,I 85,,,Rear End,2,Clear,Dry,Daylight
2023-05-17T18:24:00.000,I 95,,,Not a Collision with Motor Vehicle,1,Rain,Wet,Daylight
2023-05-15T16:55:00.000,I 285,,,Sideswipe-Same Direction,2,Clear,Dry,Daylight
2023-02-15T19:36:00.000,I 285,,,Angle Crash,2,Clear,Dry,Dark-Not Lighted
2023-01-25T16:56:00.000,I 75,,,Rear End,2,Clear,Dry,Daylight
2023-01-01T14:45:00.000,I 95,,,Rear End,2,Clear,Dry,Daylight
2023-01-01T00:45:00.000,I-75,,,Rear End,2,Clear,Dry,Dark-Lighted
2023-01-03T23:00:00.000,I-75,,,Sideswipe-Same Direction,2,Rain,Water (standing or moving),Dark-Lighted
2023-11-07T05:00:00.000,I 85,,,Rear End,2,Clear,Dry,Dark-Lighted
2023-11-08T18:19:00.000,I-75,,,Rear End,2,Clear,Dry,Dark-Lighted
2023-10-28T12:20:00.000,I 285,,,Rear End,2,Clear,Dry,Daylight
2023-10-21T20:24:00.000,I 285,,,Rear End,2,Clear,Dry,Dark-Not Lighted
2023-10-05T15:52:00.000,I 20,,,Angle Crash,1,Clear,Dry,Dawn
2023-09-15T00:54:00.000,I-75,,,Not a Collision with Motor Vehicle,3,Rain,Wet,Dark-Lighted
2023-08-11T14:27:00.000,I 285,,,Sideswipe-Same Direction,2,Clear,Dry,Daylight
2023-05-21T08:25:00.000,I-75,,,Sideswipe-Same Direction,3,Clear,Dry,Daylight
2023-05-02T07:41:00.000,I 75,,,Rear End,2,Clear,Dry,Daylight
2023-03-23T15:16:00.000,I 75,,,Sideswipe-Same Direction,2,Clear,Dry,Daylight
2023-01-21T15:59:00.000,I 75,,,Sideswipe-Same Direction,2,Clear,Dry,Daylight
2023-01-06T23:35:00.000,I-75,,,Sideswipe-Same Direction,2,Clear,Dry,Dark-Lighted
2023-12-16T19:17:00.000,I 75,,,Rear End,2,Rain,Wet,Dark-Lighted
2023-12-12T23:31:00.000,I 75,,,Not a Collision with Motor Vehicle,2,Clear,Dry,Dark-Not Lighted
2023-09-01T20:14:00.000,I 75,,,Sideswipe-Same Direction,2,Cloudy,Dry,Dark-Not Lighted
2023-08-16T14:40:00.000,I-75,,,Angle Crash,2,Clear,Dry,Daylight
2023-07-12T07:25:00.000,I 285,,,Rear End,2,Clear,Dry,Daylight
2023-06-11T01:00:00.000,I-75,,,Rear End,2,Clear,Dry,Dark-Lighted
2023-06-13T18:30:00.000,I 285,,,Rear End,2,Clear,Dry,Daylight
2023-03-03T02:03:00.000,I 85,,,Sideswipe-Same Direction,2,Rain,Wet,Dark-Not Lighted
2023-04-15T12:34:00.000,I 285,,,Rear End,2,Clear,Dry,Daylight
2023-03-24T16:00:00.000,I 285,,,Rear End,2,Cloudy,Dry,Daylight
2023-03-17T15:10:00.000,I 85,,,Rear End,4,Rain,Wet,Daylight
2023-03-04T09:25:00.000,I 85,,,Angle Crash,2,Clear,Dry,Daylight
2023-02-14T12:30:00.000,I 85,,,Sideswipe-Same Direction,2,Clear,Dry,Daylight
2023-02-04T20:00:00.000,I-75,,,Sideswipe-Same Direction,2,Clear,Dry,Dark-Lighted
2023-01-30T07:00:00.000,I 75,,,Not a Collision with Motor Vehicle,1,Rain,Wet,Dark-Not Lighted
2023-01-23T16:55:00.000,I 85,,,Rear End,2,Clear,Dry,Daylight
2023-12-22T16:45:00.000,I 285,,,Rear End,3,Clear,Dry,Daylight
2023-11-11T00:25:00.000,I-75,,,Rear End,2,Rain,Water (standing or moving),Dark-Lighted
2023-10-19T17:31:00.000,I 285,,,Rear End,2,Cloudy,Dry,Daylight
2023-10-01T09:20:00.000,I-75,,,Not a Collision with Motor Vehicle,1,Clear,Dry,Daylight
2023-08-31T11:14:00.000,I 285,,,Angle Crash,2,Clear,Dry,Daylight
2023-06-29T17:29:00.000,I 285,,,Rear End,2,Cloudy,Dry,Daylight
2023-05-27T03:58:00.000,I-75,,,Sideswipe-Same Direction,2,Clear,Dry,Dark-Lighted
2023-04-19T11:50:00.000,I 75,,,Rear End,2,Clear,Dry,Daylight
2023-04-01T16:15:00.000,I-75,,,Rear End,2,Clear,Dry,Daylight
2023-03-20T10:11:00.000,I 85,,,Sideswipe-Same Direction,2,Clear,Dry,Daylight
2023-02-09T09:53:00.000,I 285,,,Sideswipe-Same Direction,2,Rain,Wet,Daylight
2023-01-03T18:18:00.000,I 75,,,Not a Collision with Motor Vehicle,1,Rain,Wet,Dark-Not Lighted
2023-12-09T18:13:00.000,I 20,,,Sideswipe-Same Direction,2,Clear,Dry,Dark-Lighted
2023-11-23T16:59:00.000,I 75,,,Sideswipe-Same Direction,2,Clear,Dry,Daylight
2023-10-31T16:36:00.000,I 285,,,Rear End,2,Clear,Dry,Daylight
2023-11-01T06:01:00.000,I 75,,,Not a Collision with Motor Vehicle,1,Cloudy,Dry,Dark-Not Lighted
2023-10-18T13:17:00.000,I 85,,,Rear End,2,Clear,Dry,Daylight
2023-09-12T04:45:00.000,I 285,,,Angle Crash,2,Clear,Dry,Dark-Lighted
2023-07-20T12:00:00.000,I 75,,,Rear End,2,Cloudy,Dry,Daylight
2023-06-19T00:05:00.000,I 75,,,Rear End,2,Cloudy,Dry,Dark-Not Lighted
2023-08-23T16:50:00.000,I-75,,,Rear End,2,Clear,Dry,Daylight
2023-07-01T10:00:00.000,I-75,,,Rear End,2,Clear,Dry,Daylight
2023-06-10T13:10:00.000,I-75,,,Rear End,3,Clear,Dry,Daylight
2023-04-25T11:00:00.000,I 20,,,Sideswipe-Same Direction,2,Clear,Dry,Daylight
2023-03-18T19:30:00.000,I 285,,,Rear End,2,Clear,Dry,Daylight
2023-02-23T15:50:00.000,I 85,,,Sideswipe-Same Direction,3,Cloudy,Dry,Daylight
2023-02-16T14:35:00.000,I 85,,,Sideswipe-Same Direction,2,Clear,Dry,Daylight
2023-01-17T12:53:00.000,I 285,,,Rear End,4,Rain,Wet,Daylight
2023-11-22T19:32:00.000,I-75,,,Sideswipe-Same Direction,3,Clear,Dry,Dark-Lighted
2023-10-29T04:10:00.000,I-75,,,Sideswipe-Same Direction,2,Clear,Dry,Dark-Lighted
2023-10-15T14:42:00.000,I 75,,,Rear End,2,Clear,Dry,Daylight
2023-09-14T17:52:00.000,I 16,,,Not a Collision with Motor Vehicle,1,Severe Thunderstorm or Tornadic,Wet,Daylight
2023-08-03T07:17:00.000,I 75,,,Sideswipe-Same Direction,2,Clear,Dry,Daylight
2023-07-14T23:45:00.000,I-75,,,Sideswipe-Same Direction,2,Clear,Dry,Dark-Lighted