Date and Time,Roadway (From Crash Report),Intersection Name (from Crash Report),KABCO Severity,Manner of Collision (Crash Level) ,# of Vehicles per crash ,Weather Conditions (Crash Level),Surface Condition (Crash Level) ,Light Conditions (Crash Level)
2023-12-09T18:50:00.000,I 16,,,Rear End,2,Clear,Dry,Dark-Lighted
2023-11-09T13:22:00.000,I 75,,,Rear End,2,Clear,Dry,Daylight
2023-11-06T14:38:00.000,I 285,,,Angle Crash,2,Clear,Dry,Daylight
2023-10-06T03:40:00.000,I 75,,,Not a Collision with Motor Vehicle,1,Clear,Dry,Dark-Not Lighted
2023-09-02T14:27:00.000,I 20,,,Not a Collision with Motor Vehicle,1,Clear,Dry,Daylight
2023-08-11T11:07:00.000,I 75,,,Rear End,2,Clear,Wet,Daylight
2023-08-10T08:03:00.000,I 16,,,Rear End,2,Cloudy,Dry,Daylight
2023-07-02T19:29:00.000,I 75,,,Not a Collision with Motor Vehicle,1,Clear,Dry,Daylight
2023-03-27T07:50:00.000,I 16,,,Rear End,2,Clear,Dry,Daylight
2023-03-13T16:18:00.000,I 285,,,Angle Crash,3,Clear,Dry,Daylight
2023-03-05T19:36:00.000,I 285,,,Rear End,3,Clear,Dry,Dark-Lighted
2023-02-09T20:00:00.000,I-75,,,Sideswipe-Opposite Direction,4,Other,Water (standing or moving),Dark-Not Lighted
2023-01-30T04:33:00.000,I 75,,,Rear End,2,Rain,Wet,Dark-Not Lighted
2023-01-05T08:25:00.000,I 75,,,Sideswipe-Same Direction,2,Clear,Dry,Daylight
2023-12-26T10:01:00.000,I 20,,,Not a Collision with Motor Vehicle,1,Rain,Wet,Daylight
2023-12-28T11:00:00.000,I 285,,,Angle Crash,3,Clear,Dry,Daylight
2023-12-29T14:30:00.000,I 75,,,Sideswipe-Same Direction,2,Clear,Dry,Daylight
2023-12-18T05:30:00.000,I-75,,,Not a Collision with Motor Vehicle,1,Clear,Dry,Dark-Lighted
2023-08-23T12:15:00.000,I 285,,,Sideswipe-Same Direction,2,Clear,Dry,Daylight
2023-06-30T07:20:00.000,I 75,,,Sideswipe-Same Direction,2,Clear,Dry,Daylight
2023-07-12T06:50:00.000,I 20,,,Sideswipe-Same Direction,1,Clear,Dry,Dark-Lighted
2023-06-23T08:00:00.000,I 75,,,Sideswipe-Same Direction,2,Cloudy,Dry,Daylight
2023-05-12T21:30:00.000,I 20,,,Not a Collision with Motor Vehicle,1,Clear,Dry,Dark-Not Lighted
2023-09-11T20:25:00.000,I 16,,,Sideswipe-Same Direction,2,Clear,Dry,Dark-Lighted
2023-08-24T06:04:00.000,I 20,,,Rear End,2,Clear,Dry,Dark-Lighted
2023-05-17T17:41:00.000,I 16,,,Rear End,2,Cloudy,Dry,Daylight
2023-09-14T16:50:00.000,I 85,,,Rear End,2,Cloudy,Wet,Daylight
2023-12-12T14:00:00.000,I 85,,,Rear End,2,Clear,Dry,Daylight
2023-08-05T16:10:00.000,I 75,,,Not a Collision with Motor Vehicle,1,Clear,Dry,Daylight
2023-07-24T08:38:00.000,I 85,,,Sideswipe-Same Direction,2,Clear,Dry,Daylight
2023-11-30T08:38:00.000,I 75,,,Rear End,2,Clear,Dry,Daylight
2023-01-10T13:07:00.000,I 285,,,Rear End,2,Clear,Dry,Daylight
2023-09-16T13:00:00.000,I-75,,,Not a Collision with Motor Vehicle,1,Rain,Water (standing or moving),Daylight
2023-07-25T10:50:00.000,I 285,,,Sideswipe-Same Direction,2,Clear,Dry,Daylight
2023-08-12T15:01:00.000,I 285,,,Sideswipe-Same Direction,2,Clear,Dry,Daylight
2023-11-28T17:35:00.000,I 285,,,Rear End,2,Clear,Dry,Daylight
2023-01-19T15:50:00.000,I 85,,,Rear End,2,Clear,Dry,Daylight
2023-06-19T10:20:00.000,I 285,,,Angle Crash,2,Cloudy,Dry,Daylight
2023-10-13T14:02:00.000,I 16,,,Not a Collision with Motor Vehicle,1,Clear,Wet,Daylight
2023-05-27T07:25:00.000,I-75,,,Sideswipe-Same Direction,2,Clear,Dry,Daylight
2023-01-04T00:10:00.000,I 20,,,Sideswipe-Same Direction,2,Rain,Wet,Dark-Lighted
2023-07-25T19:10:00.000,I-75,,,Not a Collision with Motor Vehicle,1,Clear,Dry,Daylight
2023-10-24T15:09:00.000,I 85,,,Sideswipe-Same Direction,2,Clear,Dry,Daylight
2023-10-09T15:33:00.000,I 75,,,Sideswipe-Same Direction,2,Clear,Dry,Daylight
2023-11-26T15:07:00.000,I 20,,,Rear End,2,Clear,Wet,Daylight
2023-01-04T14:15:00.000,I-75,,,Rear End,3,Clear,Dry,Daylight
2023-06-28T16:50:00.000,I 85,,,Rear End,2,Clear,Dry,Daylight
2023-04-01T00:22:00.000,I-75,,,Angle Crash,4,Clear,Dry,Dark-Lighted
2023-09-01T19:00:00.000,I 285,,,Rear End,2,Clear,Dry,Daylight
2023-04-01T07:13:00.000,I 75,,,Rear End,3,Clear,Dry,Daylight
2023-10-08T05:54:00.000,I 85,,,Not a Collision with Motor Vehicle,1,Clear,Dry,Dark-Not Lighted
2023-01-02T21:21:00.000,I 75,,,Sideswipe-Same Direction,2,Cloudy,Wet,Dark-Not Lighted
2023-11-22T14:35:00.000,I 85,,,Rear End,4,Cloudy,Dry,Daylight
2023-11-24T18:19:00.000,I 285,,,Angle Crash,2,Clear,Dry,Dark-Lighted
2023-07-21T12:20:00.000,I 285,,,Rear End,3,Cloudy,Dry,Daylight
2023-08-17T14:30:00.000,I 85,,,Sideswipe-Same Direction,2,Clear,Dry,Daylight
2023-05-08T07:39:00.000,I 75,,,Sideswipe-Same Direction,3,Clear,Wet,Daylight
2023-12-26T13:25:00.000,I 20,,,Sideswipe-Same Direction,2,Cloudy,Wet,Daylight
2023-10-19T12:48:00.000,I 20,,,Sideswipe-Same Direction,2,Clear,Dry,Daylight
2023-12-21T07:05:00.000,I 85,,,Rear End,3,Cloudy,Dry,Daylight
2023-05-18T18:00:00.000,I 285,,,Rear End,2,Cloudy,Dry,Daylight
2023-06-11T16:32:00.000,I 75,,,Rear End,2,Clear,Dry,Daylight
2023-06-08T08:43:00.000,I 75,,,Angle Crash,2,Clear,Dry,Daylight
2023-04-22T12:25:00.000,I 20,,,Sideswipe-Same Direction,2,Clear,Dry,Daylight
2023-11-26T16:25:00.000,I 20,,,Rear End,2,Rain,Wet,Daylight
2023-11-03T01:00:00.000,I 75,,,Not a Collision with Motor Vehicle,1,Clear,Dry,Dark-Not Lighted
2023-04-13T16:10:00.000,I 85,,,Angle Crash,2,Cloudy,Wet,Daylight
2023-02-03T11:20:00.000,I 75,,,Sideswipe-Same Direction,2,Clear,Dry,Daylight
2023-08-01T09:00:00.000,I 20,,,Rear End,2,Clear,Dry,Daylight
2023-01-01T18:46:00.000,I 75,,,Sideswipe-Same Direction,4,Clear,Dry,Dark-Not Lighted
2023-05-30T05:40:00.000,I-75,,,Not a Collision with Motor Vehicle,1,Clear,Dry,Dawn
2023-12-26T05:47:00.000,I 75,,,Angle Crash,2,Rain,Wet,Dark-Not Lighted
2023-06-01T00:00:00.000,I-75,,,Angle Crash,2,Clear,Dry,Dark-Lighted
2023-10-09T01:05:00.000,I 20,,,Not a Collision with Motor Vehicle,1,Clear,Dry,Dark-Not Lighted
2023-02-13T07:58:00.000,I 75,,,Rear End,2,Clear,Dry,Daylight
2023-11-10T19:00:00.000,I 85,,,Rear End,2,Clear,Dry,Dark-Not Lighted
2023-02-10T04:42:00.000,I 20,,,Rear End,4,Clear,Dry,Daylight
2023-06-15T16:58:00.000,I 75,,,Rear End,2,Rain,Wet,Daylight
2023-04-30T03:20:00.000,I-75,,,Sideswipe-Same Direction,2,Rain,Wet,Dark-Not Lighted
2023-07-30T22:01:00.000,I-75,,,Sideswipe-Same Direction,2,Clear,Dry,Dark-Lighted
2023-05-22T20:00:00.000,I 20,,,Angle Crash,2,Rain,Wet,Dark-Not Lighted
2023-09-22T08:25:00.000,I 85,,,Rear End,3,Clear,Dry,Daylight
2023-09-22T14:15:00.000,I 75,,,Not a Collision with Motor Vehicle,2,Clear,Dry,Daylight
2023-12-24T03:57:00.000,I-75,,,Rear End,2,Clear,Dry,Dark-Lighted
2023-02-07T15:54:00.000,I 16,,,Angle Crash,2,Clear,Dry,Daylight
2023-03-18T17:43:00.000,I-75,,,Rear End,2,Cloudy,Dry,Daylight
2023-04-03T11:20:00.000,I 85,,,Rear End,3,Cloudy,Dry,Daylight
2023-05-20T18:40:00.000,I-75,,,Sideswipe-Same Direction,2,Rain,Water (standing or moving),Daylight
2023-08-31T06:44:00.000,I 85,,,Head On,4,Cloudy,Dry,Dark-Not Lighted
2023-02-11T23:15:00.000,I-75,,,Rear End,2,Rain,Wet,Dark-Not Lighted
2023-08-24T22:27:00.000,I 85,,,Rear End,2,Clear,Dry,Dark-Lighted
2023-02-15T14:22:00.000,I 285,,,Rear End,3,Clear,Dry,Daylight
2023-12-30T10:05:00.000,I 20,,,Rear End,2,Clear,Dry,Daylight
2023-10-01T13:00:00.000,I-75,,,Rear End,2,Clear,Dry,Daylight
2023-10-15T23:00:00.000,I-75,,,Rear End,3,Clear,Dry,Dark-Lighted
2023-08-08T14:09:00.000,I 16,,,Not a Collision with Motor Vehicle,1,Clear,Dry,Daylight
2023-10-10T16:15:00.000,I 285,,,Sideswipe-Same Direction,2,Clear,Dry,Daylight
2023-09-20T17:20:00.000,I 85,,,Rear End,2,Clear,Dry,Daylight
2023-05-09T22:30:00.000,I-75,,,Rear End,3,Clear,Dry,Dark-Lighted
2023-12-26T11:59:00.000,I 75,,,Rear End,3,Clear,Dry,Daylight
2023-12-12T18:33:00.000,I 285,,,Sideswipe-Same Direction,2,Clear,Dry,Dark-Not Lighted
2023-07-18T17:40:00.000,I 285,,,Sideswipe-Same Direction,2,Clear,Dry,Daylight
2023-02-08T17:18:00.000,I-75,,,Rear End,2,Cloudy,Dry,Daylight
2023-06-11T12:50:00.000,I 16,,,Rear End,2,Clear,Dry,Daylight
2023-06-23T20:24:00.000,I 285,,,Rear End,2,Clear,Dry,Daylight
2023-08-07T16:21:00.000,I 75,,,Not a Collision with Motor Vehicle,1,Cloudy,Wet,Daylight
2023-02-02T05:20:00.000,I-75,,,Angle Crash,2,Rain,Wet,Dark-Lighted
2023-08-16T13:12:00.000,I 16,,,Sideswipe-Same Direction,2,Clear,Dry,Daylight
2023-12-04T08:28:00.000,I 285,,,Sideswipe-Same Direction,2,Clear,Dry,Daylight
2023-09-16T10:40:00.000,I 285,,,Rear End,2,Rain,Wet,Daylight
2023-11-27T16:00:00.000,I 285,,,Rear End,2,Clear,Dry,Daylight
2023-12-22T13:59:00.000,I 285,,,Rear End,2,Clear,Dry,Daylight
2023-02-11T22:44:00.000,I 75,,,Not a Collision with Motor Vehicle,1,Rain,Wet,Dark-Lighted
2023-10-18T18:25:00.000,I-75,,,Rear End,2,Clear,Dry,Daylight
2023-08-20T16:42:00.000,I 285,,,Sideswipe-Same Direction,2,Clear,Dry,Daylight
2023-06-15T16:10:00.000,I 20,,,Sideswipe-Same Direction,2,Cloudy,Dry,Daylight
2023-09-30T18:28:00.000,I 75,,,Rear End,2,Cloudy,Dry,Daylight
2023-12-27T12:08:00.000,I 20,,,Sideswipe-Same Direction,2,Cloudy,Dry,Daylight
2023-05-10T06:42:00.000,I-75,,,Rear End,2,Clear,Dry,Daylight
2023-10-25T17:38:00.000,I 285,,,Rear End,2,Clear,Dry,Daylight
2023-06-25T16:30:00.000,I 85,,,Rear End,2,Clear,Dry,Daylight
2023-03-27T08:03:00.000,I 75,,,Not a Collision with Motor Vehicle,1,Rain,Wet,Daylight
2023-09-22T06:44:00.000,I 75,,,Not a Collision with Motor Vehicle,1,Clear,Dry,Dark-Not Lighted
2023-06-05T06:32:00.000,I 20,,,Sideswipe-Same Direction,2,Clear,Dry,Daylight
2023-03-19T07:00:00.000,I-75,,,Rear End,2,Clear,Dry,Daylight
2023-05-08T15:42:00.000,I 95,,,Rear End,2,Clear,Dry,Daylight
2023-04-28T15:25:00.000,I-75,,,Not a Collision with Motor Vehicle,2,Clear,Dry,Daylight
2023-12-30T18:20:00.000,I 75,,,Angle Crash,2,Clear,Dry,Dusk
2023-08-05T00:32:00.000,I 285,,,Angle Crash,4,Clear,Dry,Dark-Lighted
2023-10-31T05:26:00.000,I 20,,,Rear End,2,Clear,Dry,Daylight
2023-07-05T05:00:00.000,I 75,,,Not a Collision with Motor Vehicle,1,Cloudy,Wet,Dark-Not Lighted
2023-01-04T06:45:00.000,I 285,,,Rear End,2,Rain,Wet,Dark-Not Lighted
2023-05-03T05:30:00.000,I 85,,,Not a Collision with Motor Vehicle,1,Clear,Dry,Dark-Not Lighted
2023-02-05T18:27:00.000,I-75,,,Angle Crash,2,Clear,Dry,Dark-Lighted
2023-02-01T22:00:00.000,I-75,,,Rear End,2,Rain,Wet,Dark-Lighted
2023-04-15T14:15:00.000,I 285,,,Sideswipe-Same Direction,2,Clear,Dry,Daylight
2023-12-11T07:49:00.000,I 75,,,Rear End,2,Clear,Dry,Daylight
2023-11-21T13:12:00.000,I 20,,,Sideswipe-Same Direction,2,Rain,Wet,Daylight
2023-07-18T09:30:00.000,I 285,,,Rear End,2,Cloudy,Dry,Daylight
2023-11-26T14:49:00.000,I 16,,,Rear End,2,Rain,Wet,Daylight
2023-08-27T00:20:00.000,I-75,,,Rear End,6,Clear,Dry,Dark-Lighted
2023-11-05T15:00:00.000,I-75,,,Rear End,2,Clear,Dry,Daylight
2023-08-04T04:05:00.000,I-75,,,Not a Collision with Motor Vehicle,1,Clear,Dry,Dark-Not Lighted
2023-12-19T09:04:00.000,I 20,,,Sideswipe-Same Direction,2,Clear,Dry,Daylight
2023-10-26T07:58:00.000,I 285,,,Angle Crash,2,Clear,Dry,Daylight
2023-01-19T22:01:00.000,I 75,,,Sideswipe-Same Direction,2,Clear,Dry,Dark-Not Lighted
2023-09-18T12:24:00.000,I 75,,,Sideswipe-Same Direction,2,Clear,Dry,Daylight
2023-10-30T14:04:00.000,I 75,,,Not a Collision with Motor Vehicle,1,Clear,Dry,Daylight
2023-12-11T01:35:00.000,I 75,,,Not a Collision with Motor Vehicle,1,Clear,Wet,Dark-Lighted
2023-03-12T14:40:00.000,I 95,,,Rear End,4,Rain,Wet,Daylight
2023-04-03T07:43:00.000,I-75,,,Sideswipe-Same Direction,2,Cloudy,Dry,Daylight
2023-09-05T01:25:00.000,I-75,,,Sideswipe-Same Direction,2,Clear,Dry,Dark-Not Lighted
2023-11-21T18:04:00.000,I 85,,,Sideswipe-Same Direction,2,Rain,Wet,Dark-Lighted
2023-05-22T22:10:00.000,I 20,,,Angle Crash,4,Rain,Wet,Dark-Lighted
2023-07-21T20:55:00.000,I 285,,,Sideswipe-Same Direction,2,Rain,Wet,Dark-Lighted
2023-09-27T07:14:00.000,I 75,,,Rear End,2,Cloudy,Dry,Daylight
2023-11-13T01:50:00.000,I 75,,,Not a Collision with Motor Vehicle,1,Fog,Dry,Dark-Not Lighted
2023-10-22T23:22:00.000,I 95,,,Not a Collision with Motor Vehicle,1,Clear,Dry,Dark-Not Lighted
2023-09-17T00:00:00.000,I 85,,,Not a Collision with Motor Vehicle,1,Clear,Dry,Dark-Not Lighted
2023-03-22T22:50:00.000,I 85,,,Sideswipe-Same Direction,2,Clear,Dry,Dark-Lighted
2023-02-20T12:58:00.000,I 95,,,Sideswipe-Same Direction,2,Clear,Dry,Daylight
2023-06-14T18:30:00.000,I-75,,,Sideswipe-Opposite Direction,2,Rain,Other,Daylight
2023-07-16T19:35:00.000,I 85,,,Not a Collision with Motor Vehicle,2,Clear,Dry,Daylight
2023-10-22T14:00:00.000,I 75,,,Rear End,2,Clear,Dry,Daylight
2023-08-04T13:35:00.000,I 85,,,Rear End,3,Clear,Dry,Daylight
2023-01-14T11:40:00.000,I 285,,,Sideswipe-Same Direction,2,Clear,Dry,Daylight
2023-10-11T02:00:00.000,I 85,,,Not a Collision with Motor Vehicle,1,Clear,Dry,Dark-Not Lighted
2023-05-07T01:57:00.000,I 75,,,Angle Crash,2,Clear,Dry,Dark-Not Lighted
2023-09-10T23:30:00.000,I 285,,,Not a Collision with Motor Vehicle,1,Clear,Dry,Dark-Lighted
2023-06-03T21:48:00.000,I 285,,,Sideswipe-Same Direction,2,Clear,Dry,Dark-Lighted
2023-01-17T19:04:00.000,I 75,,,Rear End,2,Cloudy,Wet,Dark-Not Lighted
2023-12-14T16:24:00.000,I 75,,,Rear End,2,Clear,Dry,Daylight
2023-09-12T00:50:00.000,I-75,,,Sideswipe-Same Direction,2,Clear,Dry,Dark-Lighted
2023-04-14T23:57:00.000,I 75,,,Rear End,2,Cloudy,Wet,Dark-Lighted
2023-08-02T18:54:00.000,I 75,,,Rear End,2,Clear,Dry,Dusk
2023-02-03T09:38:00.000,I 75,,,Sideswipe-Same Direction,2,Clear,Dry,Daylight
2023-04-19T11:00:00.000,I 285,,,Sideswipe-Same Direction,3,Clear,Dry,Daylight
2023-02-08T22:04:00.000,I 85,,,Rear End,2,Clear,Dry,Dark-Not Lighted
2023-03-01T16:31:00.000,I-75,,,Angle Crash,2,Cloudy,Dry,Daylight
2023-03-14T19:51:00.000,I 285,,,Angle Crash,2,Clear,Dry,Dark-Not Lighted
2023-11-19T03:43:00.000,I 20,,,Not a Collision with Motor Vehicle,1,Clear,Dry,Dark-Not Lighted
2023-09-28T15:30:00.000,I 75,,,Sideswipe-Same Direction,2,Clear,Dry,Daylight
2023-02-21T06:00:00.000,I-75,,,Sideswipe-Same Direction,2,Clear,Dry,Dark-Lighted
2023-07-08T22:31:00.000,I 20,,,Not a Collision with Motor Vehicle,1,Clear,Dry,Dark-Lighted
2023-01-19T07:55:00.000,I 75,,,Rear End,2,Rain,Wet,Daylight
2023-06-11T03:45:00.000,I-75,,,Rear End,2,Clear,Dry,Dark-Lighted
2023-03-25T21:07:00.000,I 20,,,Rear End,2,Clear,Dry,Dark-Not Lighted
2023-08-09T16:12:00.000,I-75,,,Sideswipe-Same Direction,2,Clear,Dry,Daylight
2023-02-16T18:06:00.000,I 75,,,Sideswipe-Same Direction,2,Rain,Wet,Dusk
2023-07-15T21:46:00.000,I 16,,,Sideswipe-Same Direction,2,Clear,Dry,Dark-Lighted
2023-11-01T17:13:00.000,I 16,,,Not a Collision with Motor Vehicle,1,Clear,Dry,Daylight
2023-08-19T23:30:00.000,I-75,,,Rear End,2,Clear,Dry,Dark-Not Lighted
2023-03-15T13:50:00.000,I 285,,,Angle Crash,2,Clear,Dry,Daylight
2023-05-11T07:33:00.000,I 75,,,Not a Collision with Motor Vehicle,2,Clear,Dry,Daylight
2023-01-15T16:40:00.000,I 285,,,Sideswipe-Same Direction,2,Clear,Dry,Daylight
2023-12-11T10:14:00.000,I 16,,,Rear End,2,Clear,Dry,Daylight
2023-05-20T22:45:00.000,I-75,,,Angle Crash,2,Rain,Water (standing or moving),Dark-Lighted
2023-11-21T16:45:00.000,I 85,,,Rear End,2,Rain,Wet,Daylight
2023-05-22T07:59:00.000,I 20,,,Rear End,2,Rain,Wet,Daylight
2023-07-21T06:40:00.000,I 285,,,Rear End,2,Clear,Dry,Daylight
2023-10-28T16:00:00.000,I 75,,,Angle Crash,3,Clear,Dry,Daylight
2023-02-12T02:09:00.000,I 75,,,Sideswipe-Same Direction,2,Rain,Wet,Dark-Not Lighted
2023-11-17T22:00:00.000,I 20,,,Not a Collision with Motor Vehicle,1,Clear,Dry,Dark-Lighted
2023-05-25T19:07:00.000,I-75,,,Rear End,2,Cloudy,Dry,Daylight
2023-06-10T09:50:00.000,I-75,,,Rear End,2,Clear,Dry,Daylight
2023-11-07T08:15:00.000,I 85,,,Rear End,2,Clear,Dry,Daylight
2023-06-18T13:32:00.000,I 95,,,Rear End,2,Cloudy,Dry,Daylight
2023-08-08T13:16:00.000,I 16,,,Sideswipe-Same Direction,2,Clear,Dry,Dark-Lighted
2023-07-28T15:00:00.000,I 16,,,Not a Collision with Motor Vehicle,1,Clear,Dry,Daylight
2023-04-13T07:35:00.000,I 75,,,Sideswipe-Same Direction,2,Cloudy,Dry,Daylight
2023-04-27T17:45:00.000,I 75,,,Rear End,2,Cloudy,Wet,Daylight
2023-12-01T03:58:00.000,I 285,,,Sideswipe-Same Direction,3,Clear,Dry,Dark-Not Lighted
2023-12-31T23:30:00.000,I-75,,,Rear End,2,Clear,Dry,Dark-Lighted
2023-12-15T00:00:00.000,I-75,,,Sideswipe-Same Direction,2,Clear,Dry,Dark-Lighted
2023-10-21T08:10:00.000,I-75,,,Rear End,3,Clear,Dry,Daylight
2023-05-08T20:15:00.000,I-75,,,Sideswipe-Same Direction,2,Cloudy,Dry,Dark-Lighted
2023-12-30T07:57:00.000,I 285,,,Not a Collision with Motor Vehicle,1,Clear,Dry,Daylight
2023-01-24T07:04:00.000,I 285,,,Rear End,2,Clear,Dry,Dark-Lighted
2023-06-29T16:32:00.000,I 75,,,Rear End,2,Clear,Dry,Daylight
2023-11-21T11:31:00.000,I 75,,,Sideswipe-Same Direction,2,Rain,Wet,Daylight
2023-11-03T16:50:00.000,I 16,,,Sideswipe-Same Direction,2,Clear,Dry,Daylight
2023-03-16T17:40:00.000,I 75,,,Not a Collision with Motor Vehicle,2,Clear,Dry,Daylight
2023-09-28T17:13:00.000,I 285,,,Sideswipe-Same Direction,2,Clear,Dry,Daylight
2023-01-13T03:32:00.000,I 75,,,Sideswipe-Same Direction,2,Clear,Dry,Dark-Not Lighted
2023-07-15T06:50:00.000,I 20,,,Not a Collision with Motor Vehicle,1,Clear,Dry,Daylight
2023-05-12T19:53:00.000,I 85,,,Sideswipe-Same Direction,2,Clear,Dry,Daylight
2023-12-17T16:00:00.000,I-75,,,Sideswipe-Same Direction,2,Rain,Wet,Dark-Lighted
2023-06-11T21:20:00.000,I 95,,,Rear End,2,Rain,Wet,Dark-Not Lighted
2023-03-14T19:59:00.000,I 75,,,Sideswipe-Same Direction,2,Clear,Dry,Daylight
2023-08-02T20:55:00.000,I 85,,,Not a Collision with Motor Vehicle,1,Clear,Dry,Dusk
2023-07-18T13:47:00.000,I 16,,,Rear End,2,Clear,Dry,Daylight
2023-04-11T17:33:00.000,I 75,,,Sideswipe-Same Direction,2,Clear,Dry,Daylight
2023-08-21T20:08:00.000,I 285,,,Rear End,2,Clear,Dry,Dusk
2023-07-24T12:05:00.000,I 20,,,Angle Crash,2,Clear,Dry,Daylight
2023-11-14T22:05:00.000,I 20,,,Angle Crash,2,Clear,Dry,Dark-Lighted
2023-12-27T17:07:00.000,I-75,,,Rear End,7,Cloudy,Dry,Dusk
2023-12-18T18:30:00.000,I 85,,,Not a Collision with Motor Vehicle,1,Clear,Dry,Dark-Lighted
2023-11-27T14:55:00.000,I 85,,,Sideswipe-Same Direction,2,Clear,Dry,Daylight
2023-05-03T15:12:00.000,I-75,,,Rear End,2,Clear,Dry,Daylight
2023-10-27T21:00:00.000,I-75,,,Rear End,2,Clear,Dry,Dark-Lighted
2023-06-21T04:58:00.000,I 75,,,Not a Collision with Motor Vehicle,1,Cloudy,Wet,Dark-Not Lighted
2023-03-27T19:34:00.000,I 75,,,Sideswipe-Same Direction,2,Clear,Dry,Daylight
2023-11-09T20:02:00.000,I 95,,,Angle Crash,2,Clear,Dry,Dark-Lighted
2023-10-22T22:36:00.000,I 85,,,Sideswipe-Same Direction,2,Clear,Sand,Dark-Not Lighted
2023-09-14T12:52:00.000,I 75,,,Angle Crash,2,Clear,Dry,Daylight
2023-12-06T18:18:00.000,I 85,,,Rear End,2,Clear,Dry,Dark-Not Lighted
2023-11-10T14:32:00.000,I 285,,,Rear End,2,Clear,Wet,Daylight
2023-11-11T02:04:00.000,I-75,,,Not a Collision with Motor Vehicle,1,Rain,Wet,Dark-Lighted
2023-10-13T16:01:00.000,I 75,,,Not a Collision with Motor Vehicle,1,Rain,Wet,Daylight
2023-02-21T13:25:00.000,I 75,,,Rear End,2,Rain,Wet,Daylight
2023-03-12T08:50:00.000,I-75,,,Not a Collision with Motor Vehicle,1,Rain,Wet,Daylight
2023-04-26T10:06:00.000,I 75,,,Angle Crash,2,Rain,Wet,Daylight
2023-08-22T20:36:00.000,I-75,,,Rear End,3,Clear,Dry,Dark-Lighted
2023-12-15T13:14:00.000,I 285,,,Rear End,2,Clear,Dry,Daylight
2023-06-06T00:03:00.000,I 75,,,Sideswipe-Same Direction,2,Clear,Dry,Dark-Not Lighted
2023-06-15T15:55:00.000,I 285,,,Rear End,3,Cloudy,Dry,Daylight
2023-08-02T06:45:00.000,I 285,,,Not a Collision with Motor Vehicle,1,Clear,Dry,Daylight
2023-11-08T15:16:00.000,I 285,,,Angle Crash,2,Clear,Dry,Daylight
2023-11-28T16:58:00.000,I 75,,,Rear End,2,Clear,Dry,Daylight
2023-12-15T06:20:00.000,I 85,,,Rear End,2,Clear,Dry,Dark-Lighted
2023-05-13T00:25:00.000,I 75,,,Not a Collision with Motor Vehicle,1,Clear,Dry,Dark-Not Lighted
2023-11-08T09:17:00.000,I 16,,,Angle Crash,2,Clear,Dry,Daylight
2023-05-17T23:18:00.000,I 85,,,Rear End,2,Clear,Dry,Dark-Not Lighted
2023-03-05T15:10:00.000,I 285,,,Sideswipe-Same Direction,2,Clear,Dry,Daylight
2023-09-09T00:20:00.000,I 20,,,Sideswipe-Same Direction,2,Clear,Dry,Dark-Lighted
2023-12-18T09:05:00.000,I 285,,,Not a Collision with Motor Vehicle,2,Clear,Dry,Daylight
2023-09-08T16:26:00.000,I 285,,,Sideswipe-Same Direction,2,Clear,Dry,Daylight
2023-09-07T17:45:00.000,I 16,,,Not a Collision with Motor Vehicle,1,Cloudy,Dry,Daylight
2023-04-13T09:23:00.000,I 285,,,Rear End,4,Cloudy,Dry,Daylight
2023-08-27T19:30:00.000,I 16,,,Not a Collision with Motor Vehicle,1,Rain,Wet,Daylight
2023-06-07T07:30:00.000,I 285,,,Rear End,2,Clear,Dry,Daylight
2023-07-23T19:30:00.000,I 85,,,Rear End,2,Clear,Dry,Daylight
2023-05-31T18:42:00.000,I 285,,,Rear End,2,Clear,Dry,Daylight
2023-06-27T17:49:00.000,I-75,,,Rear End,2,Clear,Dry,Daylight
2023-04-11T22:20:00.000,I 285,,,Angle Crash,3,Clear,Dry,Dark-Lighted
2023-12-15T07:37:00.000,I 75,,,Not a Collision with Motor Vehicle,1,Clear,Dry,Daylight
2023-02-15T22:30:00.000,I-75,,,Sideswipe-Same Direction,3,Clear,Dry,Dark-Lighted
2023-08-09T14:20:00.000,I 75,,,Rear End,2,Clear,Dry,Daylight
2023-01-25T06:45:00.000,I 75,,,Not a Collision with Motor Vehicle,1,Severe Thunderstorm or Tornadic,Water (standing or moving),Daylight
2023-08-10T09:50:00.000,I 75,,,Rear End,2,Clear,Dry,Daylight
2023-03-27T18:20:00.000,I 20,,,Angle Crash,2,Clear,Dry,Daylight
2023-06-22T07:16:00.000,I 75,,,Sideswipe-Same Direction,2,Rain,Wet,Daylight
2023-09-06T16:43:00.000,I 285,,,Rear End,2,Clear,Dry,Daylight
2023-08-09T13:51:00.000,I 20,,,Sideswipe-Same Direction,2,Clear,Dry,Daylight
2023-09-18T14:59:00.000,I 85,,,Rear End,2,Clear,Dry,Daylight
2023-10-17T01:10:00.000,I 20,,,Angle Crash,2,Clear,Dry,Dark-Lighted
2023-09-07T09:16:00.000,I 75,,,Rear End,2,Clear,Dry,Daylight
2023-05-17T15:04:00.000,I 75,,,Sideswipe-Same Direction,2,Cloudy,Dry,Daylight
2023-12-20T18:55:00.000,I 16,,,Not a Collision with Motor Vehicle,1,Clear,Dry,Dark-Not Lighted
2023-03-11T14:20:00.000,I 285,,,Sideswipe-Same Direction,2,Clear,Dry,Daylight
2023-12-28T12:55:00.000,I 285,,,Sideswipe-Same Direction,2,Clear,Dry,Daylight
2023-01-10T12:35:00.000,I 285,,,Sideswipe-Same Direction,2,Clear,Dry,Daylight