Date and Time,Roadway (From Crash Report),Intersection Name (from Crash Report),KABCO Severity,Manner of Collision (Crash Level) ,# of Vehicles per crash ,Weather Conditions (Crash Level),Surface Condition (Crash Level) ,Light Conditions (Crash Level)
2023-10-19T08:37:00.000,I 285,,,Rear End,2,Clear,Dry,Daylight
2023-09-17T00:56:00.000,I 85,,,Rear End,3,Rain,Wet,Dark-Not Lighted
2023-09-05T17:29:00.000,I 20,,,Not a Collision with Motor Vehicle,1,Cloudy,Dry,Daylight
2023-07-30T13:28:00.000,I 85,,,Sideswipe-Same Direction,2,Clear,Dry,Daylight
2023-07-09T16:35:00.000,I-75,,,Rear End,3,Clear,Dry,Daylight
2023-06-16T12:40:00.000,I 20,,,Sideswipe-Same Direction,2,Clear,Dry,Daylight
2023-05-29T18:28:00.000,I 75,,,Not a Collision with Motor Vehicle,1,Clear,Dry,Daylight
2023-05-13T19:41:00.000,I 16,,,Angle Crash,2,Clear,Dry,Daylight
2023-05-05T06:50:00.000,I-75,,,Angle Crash,2,Clear,Dry,Dusk
2023-04-02T04:29:00.000,I 75,,,Rear End,2,Clear,Dry,Dark-Not Lighted
2023-03-29T08:10:00.000,I 285,,,Rear End,2,Clear,Dry,Daylight
2023-03-23T18:20:00.000,I 85,,,Rear End,3,Clear,Dry,Daylight
2023-03-07T13:53:00.000,I 75,,,Not a Collision with Motor Vehicle,1,Clear,Dry,Daylight
2023-02-17T23:00:00.000,I 285,,,Rear End,2,Clear,Dry,Dark-Not Lighted
2023-02-08T18:27:00.000,I-75,,,Rear End,3,Clear,Dry,Dark-Lighted
2023-02-04T04:53:00.000,I 85,,,Rear End,2,Clear,Dry,Dark-Lighted
2023-11-18T14:50:00.000,I 75,,,Rear End,2,Clear,Dry,Daylight
2023-10-27T15:02:00.000,I 20,,,Rear End,2,Clear,Dry,Daylight
2023-10-07T20:05:00.000,I 75,,,(None),2,(None),(None),(None)
2023-09-27T16:30:00.000,I-75,,,Rear End,2,Cloudy,Dry,Daylight
2023-06-01T07:49:00.000,I 75,,,Rear End,3,Clear,Dry,Daylight
2023-07-15T10:37:00.000,I 75,,,Rear End,3,Cloudy,Dry,Daylight
2023-07-28T11:34:00.000,I 20,,,Sideswipe-Same Direction,2,Clear,Dry,Daylight
2023-04-14T16:00:00.000,I 85,,,Sideswipe-Same Direction,3,Clear,Dry,Daylight
2023-04-04T12:10:00.000,I 75,,,Rear End,2,Cloudy,Dry,Daylight
2023-03-20T15:04:00.000,I 285,,,Rear End,2,Clear,Dry,Daylight
2023-01-03T15:54:00.000,I 285,,,Sideswipe-Same Direction,2,Rain,Wet,Daylight
2023-12-13T15:20:00.000,I 85,,,Sideswipe-Same Direction,2,Cloudy,Dry,Daylight
2023-12-09T12:07:00.000,I 75,,,Rear End,2,Rain,Wet,Daylight
2023-11-08T02:15:00.000,I 20,,,Sideswipe-Same Direction,2,Clear,Dry,Dark-Not Lighted
2023-10-20T05:00:00.000,I 75,,,Rear End,2,Cloudy,Wet,Dark-Lighted
2023-09-17T15:26:00.000,I-75,,,Rear End,2,Clear,Dry,Daylight
2023-08-31T07:31:00.000,I 75,,,Sideswipe-Same Direction,2,Clear,Dry,Daylight
2023-06-25T00:00:00.000,I 75,,,Not a Collision with Motor Vehicle,1,Clear,Dry,Dark-Not Lighted
2023-06-10T01:00:00.000,I-75,,,Rear End,2,Clear,Dry,Dark-Lighted
2023-05-09T17:48:00.000,I 285,,,Angle Crash,2,Clear,Dry,Daylight
2023-03-15T22:23:00.000,I 75,,,Rear End,2,Clear,Dry,Dark-Not Lighted
2023-02-11T23:00:00.000,I-75,,,Angle Crash,2,Clear,Dry,Dark-Not Lighted
2023-02-21T13:05:00.000,I 95,,,Sideswipe-Same Direction,2,Clear,Dry,Daylight
2023-02-28T21:00:00.000,I 285,,,Sideswipe-Same Direction,2,Clear,Dry,Dark-Lighted
2023-02-24T17:08:00.000,I 285,,,Rear End,2,Rain,Wet,Dark-Not Lighted
2023-02-18T04:38:00.000,I 75,,,Sideswipe-Same Direction,2,Clear,Dry,Dark-Not Lighted
2023-02-13T16:19:00.000,I 85,,,Angle Crash,2,Clear,Dry,Daylight
2023-01-19T11:46:00.000,I 285,,,Sideswipe-Same Direction,2,Clear,Dry,Daylight
2023-07-07T08:00:00.000,I-75,,,Rear End,2,Clear,Dry,Dark-Lighted
2023-09-07T11:40:00.000,I 20,,,Angle Crash,2,Clear,Dry,Daylight
2023-07-14T10:48:00.000,I 75,,,Rear End,2,Clear,Dry,Daylight
2023-09-23T14:20:00.000,I 16,,,Angle Crash,2,Clear,Dry,Daylight
2023-03-23T09:27:00.000,I 16,,,Rear End,3,Clear,Dry,Daylight
2023-03-17T02:00:00.000,I-75,,,Not a Collision with Motor Vehicle,1,Clear,Dry,Dark-Not Lighted
2023-05-16T20:30:00.000,I 285,,,Sideswipe-Same Direction,2,Clear,Wet,Daylight
2023-06-03T06:05:00.000,I 285,,,Not a Collision with Motor Vehicle,1,Clear,Dry,Daylight
2023-09-22T09:00:00.000,I 85,,,Rear End,2,Clear,Dry,Daylight
2023-01-01T07:00:00.000,I-75,,,Sideswipe-Same Direction,2,Clear,Wet,Dark-Lighted
2023-04-13T22:41:00.000,I 20,,,Not a Collision with Motor Vehicle,1,Rain,Wet,Dark-Not Lighted
2023-02-06T21:25:00.000,I 85,,,Rear End,2,Clear,Dry,Dark-Not Lighted
2023-03-05T12:37:00.000,I 20,,,Not a Collision with Motor Vehicle,1,Clear,Dry,Daylight
2023-02-01T14:20:00.000,I 285,,,Not a Collision with Motor Vehicle,2,Cloudy,Dry,Daylight
2023-07-07T18:50:00.000,I 20,,,Rear End,3,Clear,Dry,Daylight
2023-01-09T17:28:00.000,I 75,,,Rear End,2,Clear,Dry,Dark-Not Lighted
2023-08-06T20:30:00.000,I-75,,,Rear End,2,Clear,Dry,Dark-Lighted
2023-11-28T11:45:00.000,I 75,,,Rear End,2,Clear,Dry,Daylight
2023-01-22T03:30:00.000,I 75,,,Angle Crash,2,Rain,Wet,Dark-Not Lighted
2023-02-09T14:05:00.000,I 285,,,Not a Collision with Motor Vehicle,2,Cloudy,Dry,Daylight
2023-07-20T18:00:00.000,I 85,,,Rear End,2,Clear,Dry,Daylight
2023-12-23T18:48:00.000,I 285,,,Rear End,3,Clear,Dry,Dusk
2023-09-01T22:48:00.000,I-75,,,Rear End,3,Clear,Dry,Dark-Lighted
2023-11-03T00:00:00.000,I-75,,,Rear End,2,Clear,Dry,Dark-Lighted
2023-07-17T03:02:00.000,I 285,,,Rear End,2,Clear,Dry,Dark-Lighted
2023-01-22T13:59:00.000,I 20,,,Not a Collision with Motor Vehicle,1,Rain,Wet,Daylight
2023-04-05T19:15:00.000,I 75,,,Sideswipe-Same Direction,2,Clear,Dry,Daylight
2023-05-26T07:46:00.000,I 75,,,Sideswipe-Same Direction,2,Clear,Dry,Daylight
2023-03-12T13:28:00.000,I 75,,,Rear End,2,Cloudy,Wet,Daylight
2023-06-16T17:09:00.000,I 85,,,Rear End,2,Clear,Dry,Daylight
2023-10-31T11:00:00.000,I 20,,,Sideswipe-Same Direction,2,Cloudy,Dry,Daylight
2023-01-12T12:01:00.000,I 85,,,Angle Crash,2,Cloudy,Dry,Daylight
2023-11-09T19:20:00.000,I-75,,,Angle Crash,2,Clear,Dry,Dark-Lighted
2023-08-05T15:57:00.000,I-75,,,Sideswipe-Same Direction,2,Clear,Dry,Daylight
2023-05-24T22:10:00.000,I 85,,,Not a Collision with Motor Vehicle,1,Clear,Dry,Dark-Not Lighted
2023-07-05T08:00:00.000,I 85,,,Rear End,2,Clear,Dry,Daylight
2023-02-21T02:28:00.000,I 16,,,Head On,1,Clear,Dry,Dark-Not Lighted
2023-06-11T19:00:00.000,I 75,,,Not a Collision with Motor Vehicle,1,Rain,Wet,Daylight
2023-02-27T04:55:00.000,I 85,,,Sideswipe-Same Direction,2,Clear,Dry,Dark-Lighted
2023-11-10T07:05:00.000,I 20,,,Angle Crash,2,Clear,Dry,Daylight
2023-05-05T23:44:00.000,I 20,,,Rear End,2,Clear,Dry,Dark-Lighted
2023-06-24T16:00:00.000,I 75,,,Rear End,2,Clear,Dry,Daylight
2023-05-12T11:51:00.000,I 75,,,Sideswipe-Same Direction,2,Cloudy,Dry,Daylight
2023-11-24T14:45:00.000,I 75,,,Sideswipe-Same Direction,2,Clear,Dry,Daylight
2023-04-02T09:38:00.000,I 75,,,Sideswipe-Same Direction,2,Clear,Dry,Daylight
2023-05-02T20:56:00.000,I 20,,,Angle Crash,3,Clear,Dry,Dark-Not Lighted
2023-10-20T11:53:00.000,I 20,,,Angle Crash,3,Clear,Dry,Daylight
2023-09-18T13:40:00.000,I 75,,,Rear End,2,Clear,Dry,Daylight
2023-05-01T08:10:00.000,I 20,,,Rear End,2,Clear,Dry,Daylight
2023-10-02T16:37:00.000,I 285,,,Sideswipe-Same Direction,2,Clear,Dry,Daylight
2023-10-26T20:00:00.000,I 285,,,Not a Collision with Motor Vehicle,1,Clear,Dry,Dark-Lighted
2023-04-14T12:39:00.000,I 16,,,Angle Crash,2,Clear,Dry,Daylight
2023-12-03T05:45:00.000,I-75,,,Rear End,2,Rain,Wet,Dark-Lighted
2023-04-06T08:45:00.000,I-75,,,Angle Crash,2,Clear,Dry,Daylight
2023-07-22T14:44:00.000,I-75,,,Rear End,2,Clear,Dry,Daylight
2023-11-28T01:30:00.000,I 285,,,Rear End,2,Clear,Dry,Dark-Lighted
2023-10-12T11:13:00.000,I 75,,,Rear End,2,Cloudy,Wet,Daylight
2023-02-05T21:05:00.000,I 85,,,Not a Collision with Motor Vehicle,1,Clear,Dry,Dark-Lighted
2023-01-02T18:20:00.000,I 85,,,Rear End,2,Clear,Dry,Dark-Lighted
2023-07-13T10:30:00.000,I 285,,,Angle Crash,3,Clear,Dry,Daylight
2023-04-15T19:06:00.000,I 285,,,Sideswipe-Same Direction,2,Clear,Dry,Daylight
2023-07-21T10:53:00.000,I 16,,,Sideswipe-Same Direction,2,Clear,Dry,Daylight
2023-10-30T09:28:00.000,I 75,,,Sideswipe-Same Direction,2,Clear,Dry,Daylight
2023-02-28T21:05:00.000,I 85,,,Rear End,2,Clear,Dry,Dark-Not Lighted
2023-07-08T12:31:00.000,I 75,,,Rear End,2,Clear,Dry,Daylight
2023-05-22T20:10:00.000,I 20,,,Not a Collision with Motor Vehicle,1,Rain,Wet,Daylight
2023-12-14T07:13:00.000,I 285,,,Sideswipe-Same Direction,2,Clear,Dry,Daylight
2023-04-11T08:43:00.000,I 75,,,Rear End,2,Clear,Dry,Daylight
2023-02-12T07:50:00.000,I 75,,,Not a Collision with Motor Vehicle,1,Rain,Wet,Daylight
2023-07-28T12:34:00.000,I 285,,,Rear End,2,Cloudy,Dry,Daylight
2023-08-04T06:55:00.000,I 285,,,Rear End,2,Cloudy,Dry,Daylight
2023-04-27T16:50:00.000,I-75,,,Rear End,2,Clear,Dry,Daylight
2023-05-06T11:30:00.000,I-75,,,Rear End,2,Cloudy,Dry,Daylight
2023-01-09T18:33:00.000,I-75,,,Rear End,2,Clear,Dry,Dark-Lighted
2023-12-25T20:30:00.000,I 285,,,Not a Collision with Motor Vehicle,1,Rain,Wet,Dark-Not Lighted
2023-05-12T21:20:00.000,I-75,,,Rear End,6,Clear,Dry,Dark-Lighted
2023-10-21T07:45:00.000,I-75,,,Rear End,3,Clear,Dry,Daylight
2023-08-11T14:20:00.000,I 75,,,Sideswipe-Same Direction,3,Cloudy,Dry,Daylight
2023-06-24T03:20:00.000,I-75,,,Sideswipe-Same Direction,2,Clear,Dry,Dark-Lighted
2023-07-30T01:00:00.000,I-75,,,Rear End,2,Clear,Dry,Dark-Lighted
2023-01-18T06:30:00.000,I 20,,,Sideswipe-Same Direction,2,Fog,Wet,Dark-Not Lighted
2023-12-03T18:20:00.000,I-75,,,Rear End,4,Clear,Dry,Dark-Lighted
2023-08-01T00:00:00.000,I 285,,,Angle Crash,2,Clear,Dry,Daylight
2023-05-24T15:09:00.000,I 285,,,Rear End,2,Clear,Dry,Daylight
2023-08-17T10:04:00.000,I 285,,,Not a Collision with Motor Vehicle,1,Clear,Dry,Daylight
2023-12-08T15:10:00.000,I 75,,,Sideswipe-Same Direction,2,Clear,Dry,Daylight
2023-03-17T15:10:00.000,I 75,,,Sideswipe-Same Direction,2,Rain,Wet,Daylight
2023-04-23T15:41:00.000,I 285,,,Angle Crash,2,Clear,Dry,Daylight
2023-09-15T10:21:00.000,I 16,,,(None),1,(None),(None),(None)
2023-06-27T11:04:00.000,I 285,,,Sideswipe-Same Direction,2,Clear,Dry,Daylight
2023-08-11T19:56:00.000,I 20,,,Not a Collision with Motor Vehicle,1,Clear,Dry,Daylight
2023-06-23T12:40:00.000,I 285,,,Rear End,3,Clear,Dry,Daylight
2023-01-28T03:25:00.000,I 75,,,Rear End,2,Clear,Dry,Dark-Lighted
2023-07-22T00:00:00.000,I-75,,,Rear End,2,Clear,Dry,Dark-Not Lighted
2023-01-20T21:10:00.000,I-75,,,Sideswipe-Same Direction,2,Clear,Dry,Daylight
2023-06-28T17:40:00.000,I 285,,,Rear End,2,Clear,Dry,Daylight
2023-06-27T06:25:00.000,I-75,,,Not a Collision with Motor Vehicle,1,Clear,Dry,Dawn
2023-02-22T13:30:00.000,I 75,,,Angle Crash,2,Clear,Dry,Daylight
2023-01-27T08:49:00.000,I 285,,,Rear End,2,Clear,Dry,Daylight
2023-03-13T11:28:00.000,I 16,,,Not a Collision with Motor Vehicle,1,Rain,Wet,Daylight
2023-01-19T10:59:00.000,I 285,,,Sideswipe-Same Direction,2,Clear,Dry,Daylight
2023-08-25T22:40:00.000,I-75,,,Sideswipe-Same Direction,2,Clear,Dry,Dark-Lighted
2023-09-04T23:45:00.000,I-75,,,Sideswipe-Same Direction,2,Clear,Dry,Dark-Lighted
2023-01-23T07:25:00.000,I 85,,,Sideswipe-Same Direction,2,Clear,Dry,Daylight
2023-07-09T15:46:00.000,I-75,,,Angle Crash,3,Clear,Dry,Daylight
2023-11-14T13:44:00.000,I 75,,,Rear End,2,Clear,Dry,Daylight
2023-09-15T22:30:00.000,I-75,,,Sideswipe-Same Direction,2,Clear,Dry,Dark-Lighted
2023-04-28T15:20:00.000,I 85,,,Rear End,3,Cloudy,Dry,Daylight
2023-01-01T18:09:00.000,I-75,,,Rear End,3,Clear,Dry,Daylight
2023-09-11T05:50:00.000,I 285,,,Sideswipe-Same Direction,2,Clear,Dry,Dark-Not Lighted
2023-02-01T19:59:00.000,I 16,,,Sideswipe-Same Direction,1,Cloudy,Dry,Dark-Not Lighted
2023-02-14T12:20:00.000,I 85,,,Rear End,2,Clear,Dry,Daylight
2023-10-13T17:30:00.000,I 75,,,Rear End,2,Rain,Wet,Daylight
2023-07-17T08:21:00.000,I 75,,,Rear End,2,Clear,Dry,Daylight
2023-02-15T13:11:00.000,I 75,,,Rear End,2,Clear,Dry,Daylight
2023-03-04T20:52:00.000,I 75,,,Sideswipe-Same Direction,2,Clear,Dry,Dark-Not Lighted
2023-09-23T00:40:00.000,I 75,,,(None),4,(None),(None),(None)
2023-02-04T16:00:00.000,I-75,,,Head On,3,Clear,Dry,Daylight
2023-10-13T10:30:00.000,I 75,,,Sideswipe-Same Direction,2,Cloudy,Wet,Daylight
2023-06-20T20:13:00.000,I 75,,,Not a Collision with Motor Vehicle,1,Rain,Water (standing or moving),Dark-Not Lighted
2023-04-07T06:50:00.000,I 85,,,Sideswipe-Same Direction,2,Cloudy,Dry,Daylight
2023-03-15T13:22:00.000,I 75,,,Rear End,2,Clear,Dry,Daylight
2023-07-05T07:32:00.000,I 85,,,Not a Collision with Motor Vehicle,1,Cloudy,Wet,Daylight
2023-03-04T10:40:00.000,I 85,,,Rear End,2,Clear,Dry,Daylight
2023-06-19T18:45:00.000,I 75,,,Sideswipe-Same Direction,3,Clear,Dry,Daylight
2023-12-11T18:47:00.000,I 285,,,Sideswipe-Same Direction,2,Clear,Dry,Dark-Not Lighted
2023-09-23T19:28:00.000,I 85,,,Rear End,2,Clear,Dry,Dark-Not Lighted
2023-07-09T02:18:00.000,I 20,,,Not a Collision with Motor Vehicle,1,Clear,Dry,Dark-Not Lighted
2023-07-26T15:20:00.000,I-75,,,Rear End,2,Clear,Dry,Daylight
2023-05-09T08:18:00.000,I 85,,,Sideswipe-Same Direction,2,Cloudy,Dry,Daylight
2023-07-13T20:45:00.000,I 20,,,Angle Crash,2,Rain,Wet,Dusk
2023-10-01T07:50:00.000,I 75,,,Not a Collision with Motor Vehicle,1,Clear,Dry,Daylight
2023-08-20T05:24:00.000,I-75,,,Angle Crash,2,Clear,Dry,Dawn
2023-01-08T17:00:00.000,I-75,,,Sideswipe-Same Direction,2,Rain,Water (standing or moving),Dark-Lighted
2023-07-24T13:14:00.000,I 75,,,Sideswipe-Same Direction,2,Clear,Dry,Daylight
2023-06-19T20:19:00.000,I 285,,,Not a Collision with Motor Vehicle,2,Clear,Dry,Daylight
2023-09-21T11:00:00.000,I 75,,,Not a Collision with Motor Vehicle,2,Clear,Dry,Daylight
2023-04-02T15:30:00.000,I 285,,,Rear End,2,Clear,Dry,Daylight
2023-05-19T07:51:00.000,I 20,,,Not a Collision with Motor Vehicle,1,Cloudy,Dry,Daylight
2023-11-17T09:21:00.000,I 75,,,Rear End,2,Cloudy,Dry,Daylight
2023-05-10T17:53:00.000,I-75,,,Rear End,2,Clear,Dry,Daylight
2023-03-12T16:30:00.000,I-75,,,Rear End,2,Rain,Wet,Daylight
2023-12-08T15:04:00.000,I 75,,,Sideswipe-Same Direction,2,Clear,Dry,Daylight
2023-04-08T15:58:00.000,I 85,,,Not a Collision with Motor Vehicle,1,Rain,Wet,Daylight
2023-01-15T09:07:00.000,I 20,,,Sideswipe-Same Direction,2,Clear,Dry,Daylight
2023-03-01T18:39:00.000,I 20,,,Sideswipe-Same Direction,3,Clear,Dry,Dark-Not Lighted
2023-05-28T12:08:00.000,I-75,,,Rear End,2,Clear,Dry,Daylight
2023-02-03T05:10:00.000,I 75,,,Not a Collision with Motor Vehicle,1,Rain,Wet,Dark-Not Lighted
2023-07-22T08:40:00.000,I 285,,,Rear End,2,Rain,Wet,Daylight
2023-05-18T10:25:00.000,I 75,,,Sideswipe-Same Direction,2,Clear,Dry,Daylight
2023-10-13T21:30:00.000,I-75,,,Rear End,2,Rain,Wet,Dark-Lighted
2023-11-16T06:00:00.000,I 85,,,Not a Collision with Motor Vehicle,1,Cloudy,Dry,Dark-Not Lighted
2023-05-05T22:30:00.000,I 20,,,Rear End,2,Cloudy,Wet,Dark-Not Lighted
2023-08-20T18:14:00.000,I 285,,,Angle Crash,2,Clear,Dry,Daylight
2023-11-10T15:52:00.000,I 16,,,Angle Crash,2,Clear,Dry,Daylight
2023-08-02T07:30:00.000,I-75,,,Rear End,2,Clear,Dry,Daylight
2023-03-21T12:17:00.000,I 75,,,Not a Collision with Motor Vehicle,1,Clear,Dry,Daylight
2023-12-16T02:50:00.000,I 75,,,Rear End,2,Clear,Dry,Dark-Lighted
2023-06-25T21:07:00.000,I 20,,,Angle Crash,2,Clear,Wet,Dark-Not Lighted
2023-09-14T14:22:00.000,I 75,,,Rear End,2,Rain,Wet,Daylight
2023-09-20T18:05:00.000,I 85,,,Rear End,2,Clear,Dry,Daylight
2023-03-17T21:15:00.000,I-75,,,Rear End,2,Rain,Wet,Dark-Lighted
2023-02-06T07:37:00.000,I 16,,,Rear End,3,Clear,Dry,Daylight
2023-04-20T06:25:00.000,I 85,,,Sideswipe-Same Direction,2,Clear,Dry,Daylight
2023-03-14T06:33:00.000,I 75,,,Sideswipe-Same Direction,3,Clear,Dry,Dark-Not Lighted
2023-10-29T17:06:00.000,I-75,,,Sideswipe-Same Direction,3,Clear,Dry,Daylight
2023-08-21T12:56:00.000,I 16,,,Not a Collision with Motor Vehicle,1,Clear,Dry,Daylight
2023-03-25T00:00:00.000,I 75,,,Not a Collision with Motor Vehicle,1,Rain,Wet,Daylight
2023-09-26T16:13:00.000,I 95,,,Not a Collision with Motor Vehicle,1,Rain,Wet,Daylight
2023-10-27T12:38:00.000,I 20,,,Rear End,3,Clear,Dry,Daylight
2023-03-03T02:19:00.000,I 75,,,Sideswipe-Same Direction,2,Rain,Wet,Dark-Not Lighted
2023-10-12T05:59:00.000,I 20,,,Head On,1,Rain,Wet,Dark-Not Lighted
2023-07-29T20:23:00.000,I 85,,,Rear End,2,Clear,Dry,Dusk
2023-05-21T13:43:00.000,I 85,,,Sideswipe-Same Direction,2,Clear,Dry,Daylight
2023-05-12T18:54:00.000,I 75,,,Sideswipe-Same Direction,2,Clear,Dry,Daylight
2023-03-27T17:41:00.000,I 85,,,Angle Crash,2,Clear,Dry,Daylight
2023-07-24T16:37:00.000,I 16,,,Angle Crash,3,Clear,Dry,Daylight
2023-12-12T07:25:00.000,I 75,,,Head On,3,Cloudy,Dry,Dawn
2023-01-14T19:00:00.000,I 85,,,Rear End,2,Clear,Dry,Dark-Not Lighted
2023-03-21T14:32:00.000,I 95,,,Not a Collision with Motor Vehicle,1,Clear,Dry,Daylight
2023-06-02T23:37:00.000,I 16,,,Not a Collision with Motor Vehicle,1,Clear,Dry,Dark-Not Lighted
2023-12-08T00:00:00.000,I 285,,,Angle Crash,2,Clear,Dry,Dark-Not Lighted
2023-06-19T16:54:00.000,I 285,,,Sideswipe-Same Direction,2,Clear,Dry,Daylight
2023-12-06T10:32:00.000,I 20,,,Angle Crash,2,Clear,Dry,Daylight
2023-12-15T23:19:00.000,I-75,,,Angle Crash,2,Clear,Dry,Dark-Lighted
2023-04-30T07:34:00.000,I 285,,,Not a Collision with Motor Vehicle,1,Rain,Wet,Daylight
2023-07-25T07:10:00.000,I 75,,,Not a Collision with Motor Vehicle,1,Clear,Dry,Daylight
2023-07-15T09:00:00.000,I 75,,,Not a Collision with Motor Vehicle,2,Clear,Dry,Daylight
2023-11-07T06:15:00.000,I 20,,,(None),2,(None),(None),(None)
2023-05-29T09:26:00.000,I 20,,,Rear End,2,Clear,Dry,Daylight
2023-07-21T07:19:00.000,I 75,,,Sideswipe-Same Direction,2,Cloudy,Wet,Daylight
2023-12-13T04:40:00.000,I 285,,,Not a Collision with Motor Vehicle,1,Clear,Dry,Dark-Not Lighted
2023-09-30T03:40:00.000,I 285,,,Rear End,8,Clear,Dry,Dark-Lighted
2023-06-25T18:19:00.000,I 75,,,Sideswipe-Same Direction,2,Clear,Dry,Daylight
2023-10-03T09:08:00.000,I 16,,,Not a Collision with Motor Vehicle,1,Clear,Dry,Daylight
2023-02-12T10:42:00.000,I 285,,,Head On,2,Clear,Wet,Daylight
2023-02-09T20:10:00.000,I-75,,,Sideswipe-Same Direction,2,Cloudy,Wet,Dark-Lighted
2023-10-21T06:48:00.000,I 20,,,Rear End,3,Clear,Dry,Dawn
2023-03-22T17:25:00.000,I 75,,,Not a Collision with Motor Vehicle,1,Clear,Dry,Daylight
2023-02-06T10:20:00.000,I 75,,,Not a Collision with Motor Vehicle,2,Clear,Dry,Daylight
2023-05-04T21:30:00.000,I-75,,,Rear End,2,Clear,Dry,Dark-Lighted
2023-09-11T10:13:00.000,I 75,,,Not a Collision with Motor Vehicle,1,Clear,Dry,Daylight
2023-12-03T03:00:00.000,I-75,,,Not a Collision with Motor Vehicle,1,Clear,Water (standing or moving),Dark-Lighted
2023-12-17T16:55:00.000,I 75,,,Rear End,2,Cloudy,Wet,Daylight
2023-03-20T07:40:00.000,I 20,,,Rear End,2,Clear,Dry,Daylight
2023-12-01T16:10:00.000,I 75,,,Rear End,2,Clear,Dry,Daylight
2023-08-31T20:30:00.000,I-75,,,Sideswipe-Same Direction,2,Clear,Dry,Dark-Lighted
2023-12-10T06:33:00.000,I 75,,,Not a Collision with Motor Vehicle,1,Rain,Water (standing or moving),Dark-Lighted
2023-05-14T04:15:00.000,I 85,,,Sideswipe-Same Direction,2,Clear,Dry,Dark-Not Lighted
2023-03-31T06:45:00.000,I 285,,,Head On,1,Cloudy,Dry,Dark-Lighted
2023-03-20T01:10:00.000,I 75,,,Rear End,2,Clear,Dry,Dark-Lighted
2023-12-10T18:00:00.000,I 85,,,Not a Collision with Motor Vehicle,1,Clear,Wet,Dark-Not Lighted
2023-08-26T23:00:00.000,I-75,,,Angle Crash,3,Clear,Dry,Dark-Lighted
2023-02-10T12:16:00.000,I 20,,,Rear End,2,Cloudy,Dry,Daylight
2023-08-04T16:30:00.000,I 75,,,Sideswipe-Same Direction,2,Clear,Dry,Daylight
2023-01-02T18:00:00.000,I-75,,,Not a Collision with Motor Vehicle,1,Clear,Dry,Dark-Not Lighted
2023-03-19T01:40:00.000,I 20,,,Angle Crash,2,Clear,Dry,Dark-Not Lighted
2023-05-01T16:04:00.000,I 285,,,Rear End,2,Clear,Dry,Daylight
2023-10-08T02:30:00.000,Sr 140,,,Not a Collision with Motor Vehicle,1,Clear,Dry,Dark-Lighted
2023-09-22T16:09:00.000,I 16,,,Rear End,2,Clear,Dry,Daylight
2023-01-17T06:49:00.000,I 16,,,Angle Crash,5,Clear,Dry,Dark-Lighted
2023-04-04T18:30:00.000,I 85,,,Sideswipe-Same Direction,2,Clear,Dry,Daylight
2023-03-08T15:39:00.000,I-75,,,Sideswipe-Same Direction,2,Clear,Dry,Daylight
2023-10-14T10:45:00.000,I 75,,,Sideswipe-Same Direction,2,Cloudy,Wet,Daylight
2023-05-25T12:00:00.000,I 285,,,Sideswipe-Same Direction,2,Clear,Dry,Daylight
2023-03-27T12:18:00.000,I 16,,,Rear End,2,Cloudy,Dry,Dawn
2023-06-25T15:00:00.000,Sr 140,,,Angle Crash,3,Clear,Dry,Daylight
2023-10-15T04:20:00.000,I 85,,,Sideswipe-Same Direction,2,Clear,Dry,Dark-Not Lighted
2023-05-19T11:16:00.000,I 20,,,Rear End,2,Cloudy,Dry,Daylight
2023-09-30T21:45:00.000,I-75,,,Sideswipe-Same Direction,2,Clear,Dry,Dark-Lighted
2023-07-11T08:53:00.000,I 285,,,Rear End,2,Clear,Dry,Daylight
2023-01-03T07:55:00.000,I 75,,,Rear End,2,Cloudy,Dry,Daylight
2023-01-25T07:35:00.000,I 285,,,Sideswipe-Same Direction,2,Rain,Water (standing or moving),Daylight
2023-05-09T19:15:00.000,I 85,,,Rear End,2,Clear,Dry,Daylight
2023-07-21T16:01:00.000,I 85,,,Rear End,2,Clear,Dry,Daylight
2023-08-24T21:41:00.000,I 16,,,Not a Collision with Motor Vehicle,1,Clear,Dry,Dark-Not Lighted
2023-03-05T14:55:00.000,I-75,,,Rear End,2,Clear,Dry,Daylight
2023-11-24T00:32:00.000,I 285,,,Sideswipe-Same Direction,2,Clear,Dry,Dark-Not Lighted
2023-06-08T19:50:00.000,I 75,,,Sideswipe-Same Direction,2,Clear,Dry,Daylight
2023-10-29T20:00:00.000,I-75,,,Rear End,2,Clear,Dry,Dark-Lighted
2023-01-09T18:14:00.000,I 85,,,Sideswipe-Same Direction,2,Clear,Dry,Dark-Not Lighted
2023-12-15T19:30:00.000,I 75,,,Not a Collision with Motor Vehicle,2,Clear,Dry,Dark-Not Lighted
2023-06-30T09:36:00.000,I 75,,,Rear End,2,Clear,Dry,Daylight
2023-11-25T15:48:00.000,I 285,,,Rear End,2,Clear,Dry,Daylight
2023-05-23T13:05:00.000,I 20,,,Not a Collision with Motor Vehicle,1,Rain,Wet,Daylight
2023-08-23T15:20:00.000,I 285,,,Rear End,2,Clear,Dry,Daylight
2023-10-26T22:54:00.000,I 75,,,Not a Collision with Motor Vehicle,1,Cloudy,Dry,Dark-Not Lighted
2023-07-11T10:06:00.000,I 75,,,Sideswipe-Same Direction,2,Clear,Dry,Daylight
2023-01-30T06:26:00.000,I 75,,,Rear End,4,Rain,Wet,Dark-Not Lighted
2023-10-10T16:00:00.000,I 85,,,Rear End,2,Clear,Dry,Daylight
2023-03-15T16:35:00.000,I 20,,,Rear End,2,Clear,Dry,Daylight
2023-08-28T18:30:00.000,I 20,,,Rear End,2,Rain,Wet,Daylight