Date and Time,Roadway (From Crash Report),Intersection Name (from Crash Report),KABCO Severity,Manner of Collision (Crash Level) ,# of Vehicles per crash ,Weather Conditions (Crash Level),Surface Condition (Crash Level) ,Light Conditions (Crash Level)
2023-11-03T16:00:00.000,I 85,,,Sideswipe-Same Direction,2,Clear,Dry,Daylight
2023-11-16T18:22:00.000,I 85,,,Sideswipe-Same Direction,2,Clear,Dry,Dark-Not Lighted
2023-08-08T10:25:00.000,I 20,,,Rear End,2,Clear,Dry,Daylight
2023-08-26T11:33:00.000,I-75,,,Sideswipe-Same Direction,2,Clear,Dry,Daylight
2023-06-03T22:30:00.000,I-75,,,Rear End,4,Clear,Dry,Dark-Lighted
2023-11-09T20:14:00.000,I 75,,,Sideswipe-Same Direction,2,Clear,Dry,Dark-Lighted
2023-09-08T16:48:00.000,I 16,,,Rear End,2,Clear,Dry,Daylight
2023-10-19T19:00:00.000,I 75,,,Rear End,2,Cloudy,Dry,Daylight
2023-01-05T08:38:00.000,I 75,,,Rear End,2,Clear,Dry,Daylight
2023-06-22T04:41:00.000,I-75,,,Sideswipe-Same Direction,2,Rain,Water (standing or moving),Dark-Lighted
2023-12-19T20:30:00.000,I-75,,,Rear End,2,Clear,Dry,Dark-Lighted
2023-10-30T10:03:00.000,I 285,,,Sideswipe-Same Direction,2,Clear,Dry,Daylight
2023-11-03T18:18:00.000,I 75,,,Sideswipe-Opposite Direction,2,Clear,Dry,Dark-Lighted
2023-05-28T06:15:00.000,I-75,,,Rear End,2,Clear,Dry,Daylight
2023-02-05T04:09:00.000,I 75,,,Not a Collision with Motor Vehicle,1,Clear,Dry,Dark-Not Lighted
2023-11-14T22:20:00.000,I 85,,,Angle Crash,2,Clear,Dry,Dark-Lighted
2023-09-18T01:10:00.000,I 85,,,Not a Collision with Motor Vehicle,1,Clear,Dry,Dark-Lighted
2023-04-12T11:21:00.000,I-75,,,Rear End,2,Clear,Dry,Daylight
2023-11-26T16:55:00.000,I 20,,,Rear End,2,Rain,Wet,Daylight
2023-02-14T19:01:00.000,I 16,,,Angle Crash,2,Clear,Dry,Dark-Lighted
2023-05-10T14:31:00.000,I 95,,,Sideswipe-Same Direction,2,Cloudy,Dry,Daylight
2023-02-01T18:36:00.000,I-75,,,Sideswipe-Same Direction,2,Clear,Dry,Dark-Lighted
2023-12-24T17:36:00.000,I 20,,,Rear End,2,Clear,Dry,Dark-Not Lighted
2023-02-13T18:00:00.000,I 285,,,Rear End,3,Clear,Dry,Daylight
2023-08-22T06:56:00.000,I 16,,,Rear End,4,Clear,Dry,Daylight
2023-08-08T05:07:00.000,I 16,,,Rear End,2,Rain,Water (standing or moving),Dark-Not Lighted
2023-12-26T17:32:00.000,I 85,,,Not a Collision with Motor Vehicle,1,Rain,Wet,Dark-Not Lighted
2023-06-27T21:45:00.000,I-75,,,Angle Crash,2,Clear,Dry,Dark-Lighted
2023-05-01T15:40:00.000,I 85,,,Sideswipe-Same Direction,2,Clear,Dry,Daylight
2023-01-04T08:13:00.000,I 75,,,Not a Collision with Motor Vehicle,1,Rain,Wet,Daylight
2023-05-23T07:41:00.000,I 285,,,Angle Crash,2,Clear,Dry,Daylight
2023-02-10T00:15:00.000,I 20,,,Sideswipe-Same Direction,2,Rain,Wet,Dark-Not Lighted
2023-04-19T17:14:00.000,I-75,,,Sideswipe-Same Direction,2,Clear,Dry,Daylight
2023-06-23T07:35:00.000,I 75,,,Rear End,2,Cloudy,Dry,Daylight
2023-06-08T12:00:00.000,I 75,,,Sideswipe-Same Direction,2,Clear,Dry,Daylight
2023-12-23T15:53:00.000,I 20,,,Not a Collision with Motor Vehicle,1,Clear,Dry,Daylight
2023-12-25T15:00:00.000,I 20,,,Sideswipe-Same Direction,2,Rain,Wet,Daylight
2023-05-03T16:24:00.000,I-75,,,Rear End,2,Clear,Dry,Daylight
2023-12-12T11:39:00.000,I 85,,,Not a Collision with Motor Vehicle,1,Clear,Dry,Daylight
2023-12-23T15:41:00.000,I 75,,,Rear End,3,Clear,Dry,Daylight
2023-07-25T10:00:00.000,I 20,,,Sideswipe-Same Direction,2,Clear,Dry,Daylight
2023-01-30T11:03:00.000,I 75,,,Not a Collision with Motor Vehicle,1,Rain,Wet,Daylight
2023-10-31T19:20:00.000,I 16,,,Angle Crash,2,Clear,Dry,Dark-Not Lighted
2023-03-19T12:50:00.000,I 285,,,Sideswipe-Opposite Direction,2,Rain,Wet,Daylight
2023-09-28T00:35:00.000,I-75,,,Sideswipe-Same Direction,5,Clear,Dry,Dark-Not Lighted
2023-04-07T17:04:00.000,I 75,,,Angle Crash,2,Rain,Wet,Daylight
2023-11-26T20:30:00.000,I-75,,,Rear End,2,Rain,Wet,Dark-Not Lighted
2023-07-11T13:50:00.000,I 75,,,Rear End,2,Clear,Dry,Daylight
2023-06-26T11:30:00.000,I 20,,,Rear End,2,Clear,Dry,Daylight
2023-11-03T10:45:00.000,I 85,,,Sideswipe-Same Direction,2,Clear,Dry,Daylight
2023-01-14T10:14:00.000,I 16,,,Sideswipe-Same Direction,2,Clear,Dry,Daylight
2023-05-04T12:32:00.000,I 285,,,Sideswipe-Same Direction,2,Clear,Dry,Daylight
2023-03-15T10:30:00.000,I-75,,,Sideswipe-Same Direction,2,Clear,Dry,Daylight
2023-09-06T07:21:00.000,I-75,,,Rear End,2,Clear,Dry,Daylight
2023-05-24T18:10:00.000,I 20,,,Rear End,3,Clear,Dry,Daylight
2023-03-30T08:10:00.000,I 20,,,Sideswipe-Same Direction,2,Clear,Dry,Daylight
2023-06-21T07:48:00.000,I 75,,,Rear End,2,Cloudy,Wet,Daylight
2023-11-21T17:30:00.000,I-75,,,Rear End,2,Rain,Wet,Dark-Not Lighted
2023-11-17T13:00:00.000,I 95,,,Rear End,2,Clear,Dry,Daylight
2023-12-14T09:05:00.000,I 285,,,Rear End,2,Clear,Dry,Daylight
2023-12-20T07:33:00.000,I 75,,,Rear End,2,Clear,Dry,Daylight
2023-09-05T18:59:00.000,I 85,,,Sideswipe-Same Direction,2,Clear,Dry,Daylight
2023-09-02T19:35:00.000,I 285,,,Not a Collision with Motor Vehicle,1,Clear,Dry,Daylight
2023-06-06T09:30:00.000,I 75,,,Angle Crash,2,Clear,Dry,Daylight
2023-09-08T18:10:00.000,I 16,,,Not a Collision with Motor Vehicle,1,Clear,Dry,Daylight
2023-08-09T11:48:00.000,I 16,,,Sideswipe-Same Direction,2,Clear,Dry,Daylight
2023-04-08T14:15:00.000,I 20,,,Not a Collision with Motor Vehicle,1,Rain,Wet,Daylight
2023-11-11T23:45:00.000,I 85,,,Not a Collision with Motor Vehicle,1,Cloudy,Wet,Dark-Not Lighted
2023-07-10T01:22:00.000,I 20,,,Rear End,2,Cloudy,Wet,Dark-Not Lighted
2023-09-05T09:07:00.000,I 285,,,Rear End,2,Clear,Dry,Daylight
2023-03-30T07:25:00.000,I 20,,,Sideswipe-Same Direction,2,Clear,Dry,Daylight
2023-03-08T22:30:00.000,I-75,,,Not a Collision with Motor Vehicle,1,Clear,Dry,Dark-Not Lighted
2023-06-10T14:27:00.000,I 75,,,Rear End,2,Clear,Dry,Daylight
2023-02-11T21:39:00.000,I 75,,,Rear End,2,Rain,Wet,Dark-Lighted
2023-09-03T02:00:00.000,I-75,,,Sideswipe-Same Direction,2,Clear,Dry,Dark-Lighted
2023-12-03T10:54:00.000,I 85,,,Angle Crash,2,Cloudy,Wet,Daylight
2023-12-26T13:20:00.000,I 75,,,Not a Collision with Motor Vehicle,1,Clear,Dry,Daylight
2023-03-17T15:30:00.000,I 75,,,Not a Collision with Motor Vehicle,1,Rain,Wet,Daylight
2023-02-12T12:19:00.000,I 75,,,Sideswipe-Same Direction,2,Cloudy,Wet,Daylight
2023-12-12T16:00:00.000,I 85,,,Rear End,2,Clear,Dry,Daylight
2023-08-23T17:10:00.000,I 285,,,Sideswipe-Same Direction,2,Clear,Dry,Daylight
2023-06-17T11:15:00.000,I 20,,,Rear End,2,Clear,Dry,Daylight
2023-10-12T00:00:00.000,I 285,,,Not a Collision with Motor Vehicle,1,Rain,Wet,Dark-Not Lighted
2023-04-20T11:04:00.000,I 285,,,Sideswipe-Same Direction,2,Clear,Dry,Daylight
2023-01-03T22:50:00.000,I 285,,,Not a Collision with Motor Vehicle,1,Rain,Wet,Dark-Lighted
2023-01-29T20:15:00.000,I 75,,,Not a Collision with Motor Vehicle,1,Rain,Wet,Dark-Not Lighted
2023-09-08T02:30:00.000,I-75,,,Not a Collision with Motor Vehicle,1,Clear,Dry,Dark-Lighted
2023-04-28T08:10:00.000,I 75,,,Angle Crash,2,Rain,Wet,Daylight
2023-04-18T22:00:00.000,I-75,,,Rear End,2,Clear,Dry,Dark-Lighted
2023-08-27T16:04:00.000,I 85,,,Sideswipe-Same Direction,2,Clear,Dry,Daylight
2023-02-01T07:44:00.000,I-75,,,Sideswipe-Same Direction,2,Cloudy,Dry,Daylight
2023-12-28T12:10:00.000,I 75,,,Rear End,2,Clear,Dry,Daylight
2023-03-19T15:05:00.000,I 285,,,Rear End,2,Clear,Dry,Daylight
2023-06-17T11:35:00.000,I 20,,,Rear End,2,Clear,Dry,Daylight
2023-08-25T00:00:00.000,I 16,,,Sideswipe-Same Direction,2,Clear,Dry,Daylight
2023-08-16T10:30:00.000,I 285,,,Sideswipe-Same Direction,2,Clear,Dry,Daylight
2023-10-21T08:41:00.000,I 75,,,Not a Collision with Motor Vehicle,1,Clear,Dry,Daylight
2023-09-11T11:35:00.000,I 85,,,Rear End,2,Clear,Dry,Daylight
2023-07-15T15:00:00.000,I-75,,,Rear End,2,Clear,Dry,Daylight
2023-08-15T19:58:00.000,I 16,,,Sideswipe-Same Direction,2,Rain,Wet,Dark-Not Lighted
2023-09-08T06:21:00.000,I 75,,,Angle Crash,2,Clear,Dry,Dark-Lighted
2023-12-17T21:05:00.000,I 75,,,Not a Collision with Motor Vehicle,1,Clear,Dry,Dark-Lighted
2023-05-07T01:15:00.000,I 20,,,Sideswipe-Same Direction,2,Clear,Dry,Dark-Lighted
2023-05-07T03:25:00.000,I-75,,,Rear End,2,Cloudy,Dry,Dark-Lighted
2023-06-05T10:17:00.000,I 20,,,Rear End,2,Clear,Dry,Daylight
2023-10-31T23:00:00.000,I 16,,,Not a Collision with Motor Vehicle,1,Clear,Dry,Dark-Not Lighted
2023-09-30T09:00:00.000,I-75,,,Rear End,2,Clear,Dry,Daylight
2023-10-14T20:50:00.000,I 75,,,Rear End,2,Clear,Dry,Dark-Lighted
2023-05-23T12:21:00.000,I 75,,,Sideswipe-Same Direction,2,Rain,Wet,Daylight
2023-07-05T14:40:00.000,I-75,,,Rear End,3,Clear,Dry,Daylight
2023-03-13T14:10:00.000,I 285,,,Sideswipe-Same Direction,2,Clear,Dry,Daylight
2023-02-25T13:40:00.000,I 85,,,Rear End,3,Cloudy,Wet,Daylight
2023-07-07T23:12:00.000,I 285,,,Angle Crash,2,Clear,Dry,Dark-Lighted
2023-06-19T14:30:00.000,I 85,,,Sideswipe-Same Direction,2,Cloudy,Dry,Daylight
2023-12-30T20:57:00.000,I 95,,,Sideswipe-Same Direction,2,Clear,Dry,Dark-Not Lighted
2023-12-10T14:15:00.000,I 75,,,Rear End,3,Rain,Wet,Daylight
2023-11-10T01:07:00.000,I 20,,,Not a Collision with Motor Vehicle,1,Clear,Dry,Dark-Not Lighted
2023-03-03T10:14:00.000,I 75,,,Rear End,3,Clear,Wet,Daylight
2023-12-29T11:10:00.000,I 85,,,Not a Collision with Motor Vehicle,1,Cloudy,Dry,Daylight
2023-10-22T15:40:00.000,I 85,,,Rear End,2,Clear,Dry,Daylight
2023-09-02T23:59:00.000,I 20,,,Rear End,3,Clear,Dry,Dark-Not Lighted
2023-09-16T13:50:00.000,I 285,,,Sideswipe-Same Direction,2,Clear,Dry,Daylight
2023-12-24T17:05:00.000,I-75,,,Rear End,2,Clear,Dry,Daylight
2023-03-07T19:39:00.000,I 85,,,Head On,2,Clear,Dry,Dark-Not Lighted
2023-05-05T22:00:00.000,I-75,,,Rear End,8,Clear,Wet,Dark-Not Lighted
2023-01-08T08:44:00.000,I 285,,,Not a Collision with Motor Vehicle,1,Clear,Dry,Daylight
2023-12-19T16:05:00.000,I 85,,,Not a Collision with Motor Vehicle,1,Clear,Dry,Daylight
2023-01-08T16:18:00.000,I 285,,,Rear End,2,Clear,Dry,Daylight
2023-03-08T17:15:00.000,I 16,,,Rear End,2,Clear,Dry,Daylight
2023-01-12T09:45:00.000,I 85,,,Angle Crash,2,Clear,Dry,Daylight
2023-03-15T11:13:00.000,I 20,,,Not a Collision with Motor Vehicle,1,Clear,Dry,Daylight
2023-11-04T23:20:00.000,I 20,,,Not a Collision with Motor Vehicle,2,Clear,Dry,Dark-Lighted
2023-01-22T06:49:00.000,I 285,,,Not a Collision with Motor Vehicle,1,Rain,Water (standing or moving),Daylight
2023-09-01T00:00:00.000,I 20,,,Angle Crash,2,Clear,Dry,Dark-Not Lighted
2023-03-08T20:36:00.000,I 85,,,Rear End,2,Clear,Dry,Dark-Not Lighted
2023-02-19T19:00:00.000,I-75,,,Rear End,2,Cloudy,Dry,Dawn
2023-03-26T13:30:00.000,I 285,,,Rear End,3,Clear,Dry,Daylight
2023-04-04T07:50:00.000,I 20,,,Rear End,3,Clear,Dry,Daylight
2023-01-09T07:30:00.000,I 285,,,Angle Crash,3,Clear,Dry,Daylight
2023-08-16T12:10:00.000,I 85,,,Sideswipe-Same Direction,2,Clear,Dry,Daylight
2023-01-22T12:30:00.000,I-75,,,Rear End,2,Rain,Wet,Daylight
2023-06-07T15:34:00.000,I-75,,,Rear End,3,Clear,Dry,Daylight
2023-10-28T05:12:00.000,I 85,,,Not a Collision with Motor Vehicle,1,Clear,Dry,Dark-Lighted
2023-11-05T05:15:00.000,I 16,,,Not a Collision with Motor Vehicle,1,Clear,Dry,Dark-Not Lighted
2023-11-16T10:30:00.000,I 285,,,Sideswipe-Same Direction,2,Clear,Dry,Daylight
2023-08-27T12:25:00.000,I 75,,,Not a Collision with Motor Vehicle,1,Clear,Dry,Daylight
2023-03-28T09:05:00.000,I 285,,,Rear End,2,Cloudy,Dry,Daylight
2023-08-13T05:24:00.000,I 75,,,Rear End,2,Clear,Dry,Dark-Not Lighted
2023-07-04T18:38:00.000,I 285,,,Rear End,2,Cloudy,Dry,Daylight
2023-07-13T14:40:00.000,I 75,,,Rear End,2,Cloudy,Wet,Daylight
2023-07-20T14:51:00.000,I 85,,,Not a Collision with Motor Vehicle,1,Clear,Dry,Daylight
2023-04-11T23:24:00.000,I 75,,,Angle Crash,2,Clear,Dry,Dark-Not Lighted
2023-03-04T20:03:00.000,Sr 140,,,Rear End,2,Clear,Dry,Dark-Not Lighted
2023-08-03T09:20:00.000,I 75,,,Sideswipe-Same Direction,2,Cloudy,Dry,Daylight
2023-02-14T17:10:00.000,I 285,,,Rear End,2,Clear,Dry,Daylight
2023-11-28T12:15:00.000,I-75,,,Rear End,3,Clear,Dry,Daylight
2023-12-21T17:10:00.000,I 85,,,Rear End,2,Clear,Dry,Dawn
2023-11-24T19:44:00.000,I 285,,,Rear End,2,Clear,Dry,Dark-Lighted
2023-12-21T19:07:00.000,I 285,,,Sideswipe-Same Direction,3,Clear,Dry,Dark-Not Lighted
2023-06-25T14:37:00.000,I 285,,,Rear End,2,Clear,Dry,Daylight
2023-02-06T00:47:00.000,I 20,,,Not a Collision with Motor Vehicle,1,Clear,Dry,Dark-Lighted
2023-07-29T06:26:00.000,I 20,,,Not a Collision with Motor Vehicle,1,Rain,Wet,Dark-Lighted
2023-12-15T07:11:00.000,I 85,,,Sideswipe-Same Direction,2,Clear,Dry,Daylight
2023-02-17T07:37:00.000,I 20,,,Rear End,2,Rain,Wet,Daylight
2023-11-26T12:30:00.000,I 75,,,Rear End,2,Cloudy,Water (standing or moving),Daylight
2023-08-07T18:35:00.000,I 20,,,Rear End,4,Cloudy,Wet,Daylight
2023-05-31T00:19:00.000,I 85,,,Not a Collision with Motor Vehicle,1,Clear,Dry,Dark-Not Lighted
2023-12-16T14:15:00.000,I 285,,,Sideswipe-Same Direction,2,Cloudy,Dry,Daylight
2023-08-04T15:00:00.000,I 20,,,Sideswipe-Same Direction,3,Clear,Dry,Daylight
2023-02-13T11:45:00.000,I 85,,,Angle Crash,3,Clear,Dry,Daylight
2023-12-31T18:30:00.000,I-75,,,Sideswipe-Same Direction,2,Clear,Dry,Dark-Not Lighted
2023-10-20T19:29:00.000,I 85,,,Rear End,2,Clear,Dry,Dark-Not Lighted
2023-01-02T12:05:00.000,I 75,,,Sideswipe-Same Direction,2,Cloudy,Dry,Daylight
2023-12-15T14:35:00.000,I 75,,,Angle Crash,2,Clear,Dry,Daylight
2023-12-06T18:00:00.000,I 85,,,Rear End,3,Clear,Dry,Dark-Not Lighted
2023-07-11T18:22:00.000,I 16,,,Rear End,3,Clear,Dry,Daylight
2023-04-02T21:55:00.000,I 85,,,Rear End,2,Clear,Dry,Dark-Lighted
2023-11-19T07:31:00.000,I 75,,,Not a Collision with Motor Vehicle,1,Clear,Dry,Dawn
2023-05-03T17:00:00.000,I-75,,,Sideswipe-Same Direction,2,Clear,Dry,Daylight
2023-03-04T13:10:00.000,I 75,,,Rear End,3,Clear,Dry,Daylight
2023-12-11T18:20:00.000,I-75,,,Rear End,2,Clear,Dry,Dark-Lighted
2023-01-30T13:00:00.000,I 285,,,Rear End,2,Clear,Dry,Daylight
2023-06-23T22:20:00.000,I-75,,,Not a Collision with Motor Vehicle,1,Clear,Dry,Dark-Lighted
2023-06-16T15:30:00.000,I 75,,,Rear End,2,Clear,Dry,Daylight
2023-03-11T06:45:00.000,I 20,,,Rear End,2,Clear,Dry,Daylight
2023-10-31T07:14:00.000,I 20,,,Rear End,4,Cloudy,Dry,Dusk
2023-08-18T22:35:00.000,I 75,,,Not a Collision with Motor Vehicle,2,Clear,Dry,Dark-Not Lighted
2023-08-05T10:27:00.000,I 75,,,Rear End,2,Clear,Dry,Daylight
2023-10-24T12:45:00.000,I 16,,,Rear End,2,Clear,Dry,Daylight
2023-02-26T11:02:00.000,I 16,,,Rear End,2,Cloudy,Dry,Daylight
2023-07-07T11:52:00.000,I 285,,,Rear End,2,Clear,Dry,Daylight
2023-08-03T07:00:00.000,I 285,,,Angle Crash,2,Clear,Dry,Daylight
2023-11-28T07:30:00.000,I 285,,,Angle Crash,2,Clear,Dry,Daylight
2023-01-02T03:48:00.000,I 285,,,Not a Collision with Motor Vehicle,2,Clear,Dry,Dark-Lighted
2023-02-25T21:20:00.000,I-75,,,Not a Collision with Motor Vehicle,1,Cloudy,Wet,Dark-Not Lighted
2023-06-28T06:38:00.000,I-75,,,Angle Crash,2,Clear,Dry,Daylight
2023-02-06T11:44:00.000,I 285,,,Rear End,2,Clear,Dry,Daylight
2023-03-16T21:28:00.000,I-75,,,Rear End,2,Clear,Dry,Dark-Lighted
2023-08-29T22:18:00.000,I 285,,,Not a Collision with Motor Vehicle,1,Rain,Water (standing or moving),Dark-Lighted
2023-01-15T16:02:00.000,I 75,,,Angle Crash,2,Clear,Dry,Daylight
2023-03-27T09:20:00.000,I 285,,,Sideswipe-Same Direction,2,Rain,Wet,Daylight
2023-04-01T00:20:00.000,I 75,,,Rear End,2,Clear,Dry,Dark-Not Lighted
2023-03-05T16:11:00.000,I 285,,,Rear End,2,Clear,Dry,Daylight
2023-03-11T14:30:00.000,I-75,,,Rear End,2,Clear,Dry,Daylight
2023-05-05T08:00:00.000,I 16,,,Rear End,3,Clear,Dry,Daylight
2023-08-01T02:05:00.000,I 285,,,Sideswipe-Same Direction,2,Clear,Dry,Dark-Not Lighted
2023-11-19T12:36:00.000,I 285,,,Sideswipe-Same Direction,2,Clear,Dry,Daylight
2023-06-08T14:10:00.000,I 85,,,Not a Collision with Motor Vehicle,1,Clear,Dry,Daylight
2023-04-13T16:48:00.000,I 20,,,Rear End,2,Rain,Wet,Daylight
2023-11-09T17:15:00.000,I 285,,,Sideswipe-Same Direction,2,Clear,Dry,Daylight
2023-06-05T00:30:00.000,I 285,,,Rear End,2,Cloudy,Dry,Dark-Lighted
2023-02-17T21:55:00.000,I 75,,,Sideswipe-Same Direction,2,Clear,Dry,Dark-Not Lighted
2023-04-04T15:48:00.000,I 75,,,Sideswipe-Same Direction,2,Clear,Dry,Daylight
2023-02-02T14:11:00.000,I 285,,,Rear End,2,Rain,Wet,Daylight
2023-10-31T06:40:00.000,I 285,,,Sideswipe-Same Direction,2,Clear,Dry,Dark-Lighted
2023-07-14T22:30:00.000,I 20,,,Sideswipe-Same Direction,2,Clear,Dry,Dark-Lighted
2023-12-24T21:04:00.000,I 285,,,Sideswipe-Same Direction,2,Clear,Dry,Dark-Not Lighted
2023-06-03T13:25:00.000,I 16,,,Angle Crash,2,Clear,Dry,Daylight
2023-05-12T14:38:00.000,I 285,,,Sideswipe-Same Direction,2,Cloudy,Wet,Daylight
2023-05-18T17:18:00.000,I 16,,,Not a Collision with Motor Vehicle,1,Rain,Wet,Dusk
2023-04-26T05:15:00.000,I 285,,,Not a Collision with Motor Vehicle,1,Clear,Dry,Dark-Not Lighted
2023-02-01T09:57:00.000,I-75,,,Rear End,3,Cloudy,Dry,Daylight
2023-05-11T09:08:00.000,I 75,,,Rear End,3,Clear,Dry,Daylight
2023-07-16T20:53:00.000,I 75,,,Rear End,2,Clear,Dry,Dusk
2023-10-11T06:24:00.000,I 20,,,(None),2,(None),(None),(None)
2023-08-04T05:53:00.000,I 75,,,Rear End,2,Cloudy,Wet,Dark-Not Lighted
2023-09-18T12:15:00.000,I 85,,,Rear End,2,Clear,Dry,Daylight
2023-09-16T06:25:00.000,I 75,,,Sideswipe-Same Direction,2,Clear,Dry,Dark-Lighted
2023-06-02T14:15:00.000,I 75,,,Not a Collision with Motor Vehicle,2,Clear,Dry,Daylight
2023-03-23T20:40:00.000,I 85,,,Rear End,2,Clear,Dry,Dark-Not Lighted
2023-11-29T10:00:00.000,I 285,,,Sideswipe-Same Direction,2,Clear,Dry,Daylight
2023-08-08T04:17:00.000,I-75,,,Sideswipe-Same Direction,2,Clear,Dry,Dusk
2023-03-09T07:48:00.000,I 75,,,Rear End,2,Cloudy,Dry,Daylight
2023-11-11T13:05:00.000,I 75,,,Angle Crash,2,Rain,Wet,Daylight
2023-03-10T14:20:00.000,I 20,,,Sideswipe-Same Direction,2,Clear,Dry,Daylight
2023-07-25T15:45:00.000,I 75,,,Sideswipe-Same Direction,2,Clear,Dry,Daylight
2023-04-25T07:55:00.000,I 75,,,Rear End,3,Clear,Dry,Daylight
2023-03-16T16:30:00.000,I 85,,,Sideswipe-Same Direction,2,Clear,Dry,Daylight
2023-12-15T12:58:00.000,I 75,,,Sideswipe-Same Direction,2,Clear,Dry,Daylight
2023-06-06T18:55:00.000,I 75,,,Sideswipe-Same Direction,2,Clear,Dry,Daylight
2023-04-02T15:00:00.000,I 285,,,Sideswipe-Same Direction,2,Clear,Dry,Daylight
2023-11-10T16:14:00.000,I 20,,,Angle Crash,4,Cloudy,Wet,Daylight
2023-11-28T17:35:00.000,I 75,,,Sideswipe-Same Direction,2,Clear,Dry,Dark-Lighted
2023-11-14T08:12:00.000,I 75,,,Rear End,2,Clear,Dry,Daylight
2023-05-02T09:00:00.000,I 20,,,Rear End,3,Clear,Dry,Daylight
2023-10-13T15:30:00.000,I 85,,,Rear End,3,Cloudy,Wet,Daylight
2023-01-25T09:30:00.000,I-75,,,Rear End,2,Rain,Wet,Daylight
2023-05-15T13:56:00.000,I 75,,,Sideswipe-Same Direction,2,Clear,Dry,Daylight
2023-04-07T15:50:00.000,I 20,,,Rear End,4,Clear,Dry,Daylight
2023-10-14T02:00:00.000,I-75,,,Rear End,2,Rain,Wet,Dark-Lighted
2023-11-15T06:40:00.000,I 20,,,Rear End,2,Cloudy,Dry,Dark-Not Lighted
2023-02-11T17:00:00.000,I 75,,,Not a Collision with Motor Vehicle,1,Rain,Wet,Daylight
2023-05-08T16:57:00.000,I 75,,,Rear End,2,Clear,Dry,Daylight
2023-12-16T02:50:00.000,I-75,,,Angle Crash,4,Clear,Dry,Dark-Lighted
2023-09-02T10:43:00.000,I 75,,,Rear End,2,Clear,Dry,Daylight
2023-10-17T08:57:00.000,I 20,,,Rear End,2,Clear,Dry,Daylight
2023-11-05T04:30:00.000,I 20,,,(None),1,(None),(None),(None)
2023-04-21T16:21:00.000,I 75,,,Rear End,2,Clear,Dry,Daylight
2023-01-02T19:30:00.000,I-75,,,Sideswipe-Same Direction,2,Clear,Dry,Dark-Lighted
2023-12-09T18:15:00.000,I 75,,,Rear End,2,Cloudy,Wet,Dark-Not Lighted
2023-10-13T12:30:00.000,I 75,,,Rear End,3,Clear,Dry,Daylight
2023-10-31T16:59:00.000,I 285,,,Not a Collision with Motor Vehicle,2,Clear,Dry,Daylight
2023-02-11T00:00:00.000,I 16,,,Not a Collision with Motor Vehicle,1,Rain,Water (standing or moving),Dark-Not Lighted
2023-12-02T14:12:00.000,I 75,,,Not a Collision with Motor Vehicle,1,Rain,Wet,Daylight
2023-11-16T14:25:00.000,I 85,,,Rear End,4,Clear,Dry,Daylight
2023-08-17T11:20:00.000,I 20,,,Sideswipe-Same Direction,2,Clear,Dry,Daylight
2023-10-14T16:40:00.000,I-75,,,Rear End,2,Clear,Dry,Daylight
2023-08-21T16:00:00.000,I 285,,,Rear End,2,Clear,Dry,Daylight
2023-02-02T12:08:00.000,I 20,,,Not a Collision with Motor Vehicle,1,Rain,Wet,Daylight
2023-08-05T16:00:00.000,I 20,,,Rear End,2,Clear,Dry,Daylight
2023-08-28T00:15:00.000,I-75,,,Angle Crash,2,Rain,Water (standing or moving),Dark-Lighted
2023-10-28T01:09:00.000,I 75,,,Not a Collision with Motor Vehicle,1,Clear,Dry,Dark-Not Lighted
2023-01-22T15:24:00.000,I 16,,,Not a Collision with Motor Vehicle,1,Rain,Wet,Daylight
2023-01-11T11:10:00.000,I 75,,,Sideswipe-Same Direction,2,Clear,Dry,Daylight
2023-08-06T19:38:00.000,I 85,,,Sideswipe-Same Direction,2,Cloudy,Wet,Daylight
2023-08-25T03:04:00.000,I 85,,,Not a Collision with Motor Vehicle,2,Clear,Dry,Dark-Not Lighted
2023-02-16T05:24:00.000,I 85,,,Sideswipe-Same Direction,2,Clear,Dry,Dark-Not Lighted
2023-04-23T21:20:00.000,I 285,,,Sideswipe-Same Direction,2,Cloudy,Dry,Dark-Not Lighted
2023-12-10T02:40:00.000,I 285,,,Not a Collision with Motor Vehicle,1,Rain,Water (standing or moving),Dark-Not Lighted
2023-06-18T16:00:00.000,I 75,,,Rear End,2,Clear,Dry,Daylight
2023-12-19T11:56:00.000,I 16,,,Rear End,2,Clear,Dry,Daylight
2023-08-23T15:56:00.000,I-75,,,Sideswipe-Opposite Direction,3,Clear,Dry,Daylight
2023-04-27T15:25:00.000,I 285,,,Not a Collision with Motor Vehicle,1,Rain,Wet,Daylight
2023-03-17T12:34:00.000,I 85,,,Rear End,2,Rain,Wet,Daylight
2023-07-08T16:36:00.000,I 285,,,Rear End,2,Clear,Dry,Daylight
2023-12-29T16:02:00.000,I 75,,,Rear End,3,Cloudy,Dry,Daylight
2023-07-25T18:00:00.000,I-75,,,Sideswipe-Same Direction,2,Clear,Dry,Dark-Lighted
2023-03-10T23:00:00.000,I-75,,,Sideswipe-Same Direction,2,Clear,Dry,Dark-Lighted
2023-10-22T22:59:00.000,I 75,,,Rear End,2,Clear,Dry,Dark-Not Lighted
2023-05-23T00:00:00.000,I 285,,,Rear End,2,Clear,Dry,Daylight
2023-10-05T18:25:00.000,I 285,,,Rear End,2,Clear,Dry,Daylight
2023-09-29T16:30:00.000,I 75,,,Sideswipe-Same Direction,2,Clear,Dry,Daylight
2023-09-18T12:00:00.000,I 16,,,Rear End,2,Clear,Dry,Daylight