Date and Time,Roadway (From Crash Report),Intersection Name (from Crash Report),KABCO Severity,Manner of Collision (Crash Level) ,# of Vehicles per crash ,Weather Conditions (Crash Level),Surface Condition (Crash Level) ,Light Conditions (Crash Level)
2023-12-26T13:20:00.000,I 75,,,Not a Collision with Motor Vehicle,1,Cloudy,Wet,Daylight
2023-07-23T10:02:00.000,I-75,,,Sideswipe-Same Direction,3,Clear,Dry,Daylight
2023-09-30T08:55:00.000,I 285,,,Rear End,2,Clear,Dry,Daylight
2023-09-05T07:35:00.000,I 85,,,Sideswipe-Same Direction,2,Clear,Dry,Daylight
2023-12-26T08:00:00.000,I 285,,,Rear End,2,Cloudy,Wet,Daylight
2023-07-24T09:44:00.000,I 75,,,Not a Collision with Motor Vehicle,1,Clear,Dry,Daylight
2023-05-20T07:29:00.000,I 75,,,Sideswipe-Same Direction,2,Clear,Dry,Daylight
2023-07-28T00:00:00.000,I 75,,,Rear End,2,Clear,Dry,Daylight
2023-10-12T21:31:00.000,I 75,,,Sideswipe-Same Direction,2,Clear,Dry,Dark-Lighted
2023-11-21T10:59:00.000,I 75,,,Sideswipe-Same Direction,2,Rain,Wet,Daylight
2023-09-21T06:30:00.000,I 85,,,Rear End,2,Clear,Dry,Daylight
2023-11-22T16:15:00.000,I 285,,,Sideswipe-Same Direction,2,Clear,Dry,Daylight
2023-12-14T16:22:00.000,I 75,,,Rear End,2,Clear,Dry,Daylight
2023-07-12T09:00:00.000,I-75,,,Sideswipe-Same Direction,2,Clear,Dry,Daylight
2023-04-13T11:30:00.000,I 16,,,Angle Crash,1,Rain,Wet,Daylight
2023-04-05T14:31:00.000,I 75,,,Rear End,2,Clear,Dry,Daylight
2023-09-08T18:30:00.000,I-75,,,Rear End,2,Clear,Dry,Daylight
2023-03-22T08:15:00.000,I 20,,,Rear End,2,Cloudy,Dry,Daylight
2023-11-22T12:49:00.000,I 75,,,Rear End,2,Clear,Dry,Daylight
2023-05-06T10:40:00.000,I-75,,,Rear End,2,Clear,Dry,Daylight
2023-11-21T20:50:00.000,I 85,,,Rear End,2,Clear,Wet,Dark-Not Lighted
2023-06-11T19:06:00.000,I 285,,,Angle Crash,2,Clear,Wet,Daylight
2023-12-10T14:30:00.000,I 85,,,Rear End,2,Rain,Wet,Daylight
2023-10-05T17:55:00.000,I 16,,,Rear End,4,Clear,Dry,Daylight
2023-12-22T12:52:00.000,I 85,,,Sideswipe-Same Direction,2,Clear,Dry,Daylight
2023-04-02T20:27:00.000,I 285,,,Rear End,2,Clear,Dry,Dark-Not Lighted
2023-03-06T12:45:00.000,I 16,,,Sideswipe-Same Direction,2,Cloudy,Dry,Daylight
2023-11-04T01:43:00.000,I 85,,,Rear End,2,Clear,Dry,Dark-Lighted
2023-10-23T22:00:00.000,I-75,,,Angle Crash,2,Clear,Dry,Dark-Lighted
2023-09-08T21:22:00.000,I 85,,,Sideswipe-Same Direction,2,Clear,Dry,Dark-Not Lighted
2023-03-06T20:02:00.000,I 75,,,Rear End,3,Clear,Dry,Dark-Not Lighted
2023-05-23T08:18:00.000,I 285,,,Rear End,2,Cloudy,Dry,Daylight
2023-05-10T03:01:00.000,I 285,,,Angle Crash,2,Clear,Dry,Dark-Lighted
2023-06-25T13:20:00.000,Sr 140,,,Rear End,2,Clear,Dry,Daylight
2023-03-17T18:50:00.000,I 285,,,Rear End,2,Rain,Wet,Daylight
2023-06-19T17:29:00.000,I 16,,,Sideswipe-Same Direction,2,Rain,Wet,Daylight
2023-02-05T13:08:00.000,I 85,,,Rear End,3,Cloudy,Dry,Daylight
2023-04-21T18:41:00.000,I 85,,,Not a Collision with Motor Vehicle,1,Clear,Dry,Dark-Not Lighted
2023-02-24T23:56:00.000,I-75,,,Sideswipe-Same Direction,2,Cloudy,Dry,Dark-Lighted
2023-10-14T13:59:00.000,I 75,,,(None),2,(None),(None),(None)
2023-12-08T19:54:00.000,I 75,,,Not a Collision with Motor Vehicle,1,Cloudy,Dry,Dark-Not Lighted
2023-04-29T12:05:00.000,I-75,,,Angle Crash,2,Clear,Dry,Daylight
2023-06-01T15:13:00.000,I 75,,,Sideswipe-Same Direction,2,Clear,Dry,Daylight
2023-06-27T08:42:00.000,I 75,,,Head On,2,Clear,Dry,Daylight
2023-01-04T08:21:00.000,I 16,,,Not a Collision with Motor Vehicle,1,Rain,Wet,Daylight
2023-06-06T20:21:00.000,I 20,,,Not a Collision with Motor Vehicle,1,Cloudy,Dry,Daylight
2023-06-25T03:17:00.000,I 285,,,Not a Collision with Motor Vehicle,1,Clear,Dry,Dark-Not Lighted
2023-07-29T15:37:00.000,I-75,,,Rear End,2,Clear,Dry,Daylight
2023-01-03T17:00:00.000,I 20,,,Rear End,4,Rain,Wet,Dawn
2023-02-11T00:00:00.000,I 20,,,Sideswipe-Same Direction,2,Rain,Wet,Dark-Not Lighted
2023-12-03T04:15:00.000,I-75,,,Rear End,2,Rain,Wet,Dark-Lighted
2023-06-24T03:15:00.000,I 75,,,Not a Collision with Motor Vehicle,1,Cloudy,Dry,Dark-Not Lighted
2023-09-02T16:00:00.000,I-75,,,Angle Crash,4,Clear,Dry,Daylight
2023-02-26T16:13:00.000,I 75,,,Not a Collision with Motor Vehicle,1,Clear,Dry,Daylight
2023-03-26T11:26:00.000,I 285,,,Not a Collision with Motor Vehicle,1,Rain,Water (standing or moving),Daylight
2023-12-25T11:50:00.000,I 75,,,Not a Collision with Motor Vehicle,1,Rain,Wet,Daylight
2023-05-06T03:13:00.000,I 16,,,Not a Collision with Motor Vehicle,1,Clear,Dry,Dark-Lighted
2023-04-16T00:03:00.000,I-75,,,Angle Crash,2,Cloudy,Dry,Dark-Lighted
2023-03-30T10:58:00.000,I 285,,,Rear End,2,Clear,Dry,Daylight
2023-03-23T13:55:00.000,I 75,,,Not a Collision with Motor Vehicle,1,Clear,Dry,Daylight
2023-02-27T11:21:00.000,I 20,,,Rear End,2,Cloudy,Dry,Daylight
2023-10-12T07:31:00.000,I 75,,,Not a Collision with Motor Vehicle,1,Rain,Wet,Daylight
2023-12-23T14:11:00.000,I 16,,,Not a Collision with Motor Vehicle,1,Clear,Dry,Daylight
2023-02-20T21:25:00.000,I 16,,,Not a Collision with Motor Vehicle,1,Clear,Dry,Dark-Not Lighted
2023-05-23T10:00:00.000,I 20,,,Angle Crash,3,Clear,Dry,Daylight
2023-07-02T08:03:00.000,I 85,,,Sideswipe-Same Direction,2,Cloudy,Dry,Daylight
2023-06-07T15:56:00.000,I 285,,,Rear End,2,Clear,Dry,Daylight
2023-05-05T08:15:00.000,I 95,,,Not a Collision with Motor Vehicle,2,Cloudy,Dry,Daylight
2023-08-25T19:00:00.000,I-75,,,Rear End,2,Clear,Dry,Daylight
2023-08-05T20:51:00.000,I-75,,,Not a Collision with Motor Vehicle,1,Clear,Dry,Dark-Lighted
2023-04-30T09:00:00.000,I-75,,,Not a Collision with Motor Vehicle,1,Rain,Wet,Daylight
2023-02-25T15:09:00.000,I 16,,,Rear End,2,Cloudy,Dry,Daylight
2023-10-26T17:31:00.000,I 285,,,Rear End,2,Clear,Dry,Daylight
2023-07-30T15:54:00.000,I-75,,,Rear End,3,Clear,Dry,Daylight
2023-01-06T17:30:00.000,I 85,,,Not a Collision with Motor Vehicle,1,Clear,Dry,Daylight
2023-01-03T12:45:00.000,I-75,,,Rear End,2,Cloudy,Water (standing or moving),Daylight
2023-02-08T21:31:00.000,I 20,,,Rear End,2,Cloudy,Dry,Dark-Lighted
2023-06-26T16:50:00.000,I 20,,,Rear End,2,Clear,Dry,Daylight
2023-11-19T20:31:00.000,I 285,,,Not a Collision with Motor Vehicle,1,Clear,Dry,Dark-Not Lighted
2023-03-14T10:05:00.000,I 85,,,Not a Collision with Motor Vehicle,1,Clear,Dry,Daylight
2023-11-13T17:20:00.000,I 95,,,Rear End,2,Clear,Dry,Daylight
2023-01-04T08:35:00.000,I-75,,,Sideswipe-Same Direction,2,Rain,Other,Daylight
2023-12-03T02:30:00.000,I 20,,,(None),1,Cloudy,Wet,Dark-Not Lighted
2023-04-07T01:46:00.000,I 16,,,Not a Collision with Motor Vehicle,1,Clear,Dry,Dark-Not Lighted
2023-12-31T11:45:00.000,I 20,,,Sideswipe-Same Direction,2,Clear,Dry,Daylight
2023-12-13T00:00:00.000,I 75,,,Sideswipe-Same Direction,2,Clear,Dry,Dark-Not Lighted
2023-12-21T09:10:00.000,I 85,,,Sideswipe-Same Direction,2,Cloudy,Dry,Daylight
2023-05-20T06:30:00.000,I 20,,,Sideswipe-Same Direction,2,Cloudy,Wet,Daylight
2023-12-18T14:48:00.000,I 285,,,Sideswipe-Same Direction,2,Clear,Dry,Daylight
2023-07-01T00:00:00.000,I 20,,,Rear End,2,Clear,Dry,Dark-Lighted
2023-06-24T16:29:00.000,I 75,,,Angle Crash,2,Clear,Dry,Daylight
2023-11-12T19:19:00.000,I 20,,,Rear End,2,Clear,Dry,Dark-Lighted
2023-05-27T12:48:00.000,I 16,,,Rear End,2,Rain,Wet,Daylight
2023-11-01T07:53:00.000,I 20,,,Sideswipe-Same Direction,2,Clear,Dry,Daylight
2023-03-24T11:00:00.000,I 20,,,Sideswipe-Same Direction,2,Clear,Dry,Daylight
2023-05-17T14:30:00.000,I-75,,,Rear End,2,Clear,Dry,Daylight
2023-09-16T11:34:00.000,I 20,,,Rear End,2,Clear,Dry,Daylight
2023-05-14T17:06:00.000,I 16,,,Rear End,3,Clear,Dry,Daylight
2023-03-24T00:00:00.000,I 20,,,Rear End,2,Clear,Dry,Daylight
2023-12-10T08:04:00.000,I 285,,,Sideswipe-Opposite Direction,2,Rain,Wet,Daylight
2023-06-15T17:51:00.000,I-75,,,Not a Collision with Motor Vehicle,1,Rain,Wet,Daylight
2023-10-09T06:55:00.000,I 20,,,Sideswipe-Same Direction,2,Clear,Dry,Dawn
2023-05-25T12:35:00.000,I 20,,,Rear End,2,Clear,Dry,Daylight
2023-02-12T16:44:00.000,I 285,,,Rear End,2,Clear,Dry,Daylight
2023-12-07T08:50:00.000,I 85,,,Rear End,2,Clear,Dry,Daylight
2023-08-11T21:53:00.000,I 20,,,Sideswipe-Same Direction,3,Clear,Dry,Dark-Lighted
2023-06-27T22:00:00.000,I 20,,,Sideswipe-Opposite Direction,2,Clear,Dry,Dark-Not Lighted
2023-03-08T07:43:00.000,I 75,,,Rear End,2,Clear,Dry,Daylight
2023-02-02T07:38:00.000,I 75,,,Rear End,2,Rain,Wet,Daylight
2023-10-19T11:41:00.000,I 75,,,Not a Collision with Motor Vehicle,1,Clear,Dry,Daylight
2023-05-31T15:27:00.000,I 75,,,Rear End,2,Clear,Dry,Daylight
2023-08-18T10:44:00.000,I 75,,,Sideswipe-Same Direction,2,Clear,Dry,Daylight
2023-11-18T19:48:00.000,I 85,,,Rear End,2,Clear,Dry,Dark-Not Lighted
2023-11-10T18:12:00.000,I 75,,,Sideswipe-Opposite Direction,3,Cloudy,Wet,Dark-Not Lighted
2023-02-24T20:13:00.000,I 75,,,Rear End,2,Rain,Wet,Dark-Lighted
2023-12-22T10:32:00.000,I 20,,,Angle Crash,2,Clear,Dry,Daylight
2023-10-20T22:36:00.000,I-75,,,Sideswipe-Opposite Direction,3,Clear,Dry,Dark-Lighted
2023-04-21T04:52:00.000,I 20,,,Rear End,2,Clear,Dry,Dark-Not Lighted
2023-08-31T16:50:00.000,I 85,,,Not a Collision with Motor Vehicle,1,Clear,Dry,Daylight
2023-05-13T12:45:00.000,I 20,,,Rear End,2,Clear,Dry,Daylight
2023-02-08T05:38:00.000,I 20,,,Sideswipe-Same Direction,2,Clear,Dry,Dark-Lighted
2023-04-25T06:00:00.000,I 75,,,Rear End,2,Clear,Dry,Dark-Lighted
2023-12-20T07:30:00.000,I-75,,,Rear End,3,Clear,Dry,Daylight
2023-05-21T00:12:00.000,I 285,,,Sideswipe-Same Direction,2,Rain,Wet,Dark-Not Lighted
2023-08-13T15:43:00.000,I-75,,,Rear End,2,Clear,Dry,Daylight
2023-01-25T06:53:00.000,I 285,,,Not a Collision with Motor Vehicle,1,Rain,Wet,Dark-Not Lighted
2023-02-25T07:00:00.000,I 285,,,Angle Crash,2,Cloudy,Dry,Daylight
2023-07-29T22:58:00.000,I 85,,,Sideswipe-Same Direction,2,Clear,Dry,Dark-Not Lighted
2023-12-06T22:12:00.000,I 16,,,Rear End,3,Clear,Dry,Dark-Not Lighted
2023-06-02T16:09:00.000,I 20,,,Angle Crash,2,Clear,Dry,Daylight
2023-11-03T18:27:00.000,I-75,,,Sideswipe-Same Direction,2,Clear,Dry,Dark-Lighted
2023-09-07T16:10:00.000,I 20,,,Rear End,4,Clear,Dry,Daylight
2023-09-10T17:35:00.000,I 20,,,Not a Collision with Motor Vehicle,1,Rain,Water (standing or moving),Daylight
2023-07-13T15:00:00.000,I 95,,,Rear End,3,Rain,Wet,Daylight
2023-05-19T13:11:00.000,I 285,,,Sideswipe-Same Direction,2,Clear,Dry,Daylight
2023-10-01T10:15:00.000,I-75,,,Rear End,2,Clear,Dry,Daylight
2023-03-31T12:26:00.000,I 95,,,Rear End,2,Cloudy,Dry,Daylight
2023-05-06T21:45:00.000,I 20,,,Rear End,3,Clear,Dry,Dark-Lighted
2023-03-17T22:21:00.000,I-75,,,Rear End,2,Cloudy,Wet,Dark-Lighted
2023-08-14T16:12:00.000,I 285,,,Rear End,2,Clear,Dry,Daylight
2023-09-15T09:25:00.000,I 16,,,Not a Collision with Motor Vehicle,1,Rain,Wet,Daylight
2023-11-24T11:20:00.000,I 85,,,Not a Collision with Motor Vehicle,2,Clear,Dry,Daylight
2023-11-26T18:04:00.000,I 75,,,Rear End,2,Rain,Wet,Dark-Not Lighted
2023-04-09T03:20:00.000,I-75,,,Rear End,2,Clear,Dry,Dark-Lighted
2023-03-12T06:29:00.000,I 285,,,Not a Collision with Motor Vehicle,1,Rain,Wet,Dark-Not Lighted
2023-03-02T19:35:00.000,I-75,,,Not a Collision with Motor Vehicle,1,Rain,Water (standing or moving),Dark-Not Lighted
2023-08-19T19:00:00.000,I 85,,,Not a Collision with Motor Vehicle,1,Clear,Dry,Daylight
2023-09-30T18:30:00.000,I 20,,,Sideswipe-Same Direction,2,Clear,Dry,Daylight
2023-12-14T00:00:00.000,I 85,,,Rear End,3,Clear,Dry,Daylight
2023-06-28T20:00:00.000,I-75,,,Rear End,2,Clear,Dry,Dark-Lighted
2023-06-02T01:37:00.000,I 75,,,Rear End,2,Cloudy,Dry,Dark-Not Lighted
2023-12-07T09:55:00.000,I 20,,,Sideswipe-Same Direction,2,Clear,Dry,Daylight
2023-01-04T11:55:00.000,I 75,,,Sideswipe-Same Direction,2,Cloudy,Wet,Daylight
2023-03-26T22:08:00.000,I 75,,,Rear End,2,Rain,Water (standing or moving),Dark-Not Lighted
2023-07-31T17:40:00.000,I 85,,,Rear End,2,Clear,Dry,Daylight
2023-08-06T19:50:00.000,I 285,,,Angle Crash,2,Clear,Dry,Daylight
2023-05-14T20:20:00.000,I 20,,,Not a Collision with Motor Vehicle,1,Rain,Wet,Dark-Not Lighted
2023-03-14T18:38:00.000,I 85,,,Sideswipe-Same Direction,2,Clear,Dry,Daylight
2023-03-13T15:47:00.000,I 16,,,Rear End,2,Clear,Dry,Daylight
2023-03-18T11:24:00.000,I 75,,,Rear End,2,Clear,Dry,Daylight
2023-07-20T07:51:00.000,I 75,,,Rear End,2,Cloudy,Dry,Daylight
2023-03-23T18:20:00.000,I 85,,,Sideswipe-Same Direction,2,Clear,Dry,Daylight
2023-10-22T16:30:00.000,I-75,,,Angle Crash,2,Clear,Dry,Daylight
2023-04-05T11:30:00.000,I 16,,,Rear End,2,Clear,Dry,Daylight
2023-04-29T23:30:00.000,I-75,,,Rear End,3,Rain,Water (standing or moving),Dark-Lighted
2023-10-14T13:47:00.000,I 16,,,Sideswipe-Same Direction,2,Clear,Dry,Daylight
2023-11-10T15:45:00.000,I 16,,,Not a Collision with Motor Vehicle,2,Clear,Dry,Dark-Lighted
2023-06-04T21:17:00.000,I 20,,,Angle Crash,2,(None),Dry,(None)
2023-08-29T18:12:00.000,I 20,,,Angle Crash,1,Rain,Wet,Daylight
2023-04-22T21:00:00.000,I-75,,,Rear End,2,Other,Dry,Daylight
2023-09-30T23:56:00.000,I-75,,,Rear End,2,Clear,Dry,Dark-Lighted
2023-08-14T00:00:00.000,I 20,,,Not a Collision with Motor Vehicle,1,Clear,Dry,Dark-Lighted
2023-12-18T01:00:00.000,I-75,,,Angle Crash,2,Cloudy,Dry,Dark-Lighted
2023-03-07T13:00:00.000,I 75,,,Not a Collision with Motor Vehicle,2,Clear,Dry,Daylight
2023-12-09T12:16:00.000,I 75,,,Sideswipe-Same Direction,2,Cloudy,Wet,Daylight
2023-02-11T19:00:00.000,I-75,,,Rear End,2,Rain,Water (standing or moving),Dark-Not Lighted
2023-08-09T11:35:00.000,I 285,,,Rear End,3,Clear,Dry,Daylight
2023-07-10T01:45:00.000,I 75,,,Not a Collision with Motor Vehicle,1,Rain,Wet,Dark-Not Lighted
2023-05-16T23:40:00.000,I-75,,,Not a Collision with Motor Vehicle,1,Rain,Wet,Dark-Lighted
2023-09-16T08:45:00.000,I-75,,,Sideswipe-Same Direction,2,Clear,Dry,Daylight
2023-07-08T13:37:00.000,I 285,,,Sideswipe-Same Direction,2,Clear,Dry,Daylight
2023-04-10T16:52:00.000,I 85,,,Not a Collision with Motor Vehicle,1,Clear,Dry,Daylight
2023-09-14T17:39:00.000,I 75,,,Not a Collision with Motor Vehicle,1,Cloudy,Wet,Daylight
2023-06-21T19:00:00.000,I-75,,,Sideswipe-Same Direction,2,Rain,Wet,Daylight
2023-10-31T23:58:00.000,I 16,,,Not a Collision with Motor Vehicle,1,Clear,Dry,Dark-Not Lighted
2023-10-08T19:50:00.000,I-75,,,Not a Collision with Motor Vehicle,1,Clear,Dry,Dark-Lighted
2023-06-25T03:00:00.000,I 75,,,Not a Collision with Motor Vehicle,1,Cloudy,Dry,Dark-Not Lighted
2023-05-25T01:35:00.000,I 75,,,Not a Collision with Motor Vehicle,1,Clear,Dry,Dark-Not Lighted
2023-09-18T22:00:00.000,I-75,,,Angle Crash,2,Clear,Dry,Dark-Lighted
2023-02-09T16:30:00.000,I 285,,,Sideswipe-Same Direction,2,Cloudy,Dry,Daylight
2023-01-23T08:54:00.000,I 285,,,Rear End,2,Clear,Dry,Daylight
2023-01-18T22:04:00.000,I 16,,,Sideswipe-Same Direction,2,Clear,Dry,Dark-Lighted
2023-09-19T16:50:00.000,I 75,,,Angle Crash,2,Clear,Dry,Daylight
2023-12-03T05:00:00.000,I 20,,,Sideswipe-Opposite Direction,3,Clear,Dry,Dark-Lighted
2023-11-03T13:10:00.000,I 75,,,Rear End,2,Clear,Dry,Daylight
2023-10-25T18:18:00.000,I 85,,,Sideswipe-Same Direction,2,Clear,Dry,Daylight
2023-06-02T14:40:00.000,I 285,,,Sideswipe-Same Direction,2,Clear,Dry,Daylight
2023-03-21T00:29:00.000,I 75,,,Rear End,10,Clear,Dry,Dark-Not Lighted
2023-11-10T17:30:00.000,I 285,,,Rear End,2,Clear,Dry,Daylight
2023-09-02T20:42:00.000,I 85,,,Rear End,2,Clear,Dry,Daylight
2023-05-01T13:36:00.000,I 75,,,Rear End,2,Clear,Dry,Daylight
2023-07-19T10:09:00.000,I 20,,,Rear End,2,Clear,Dry,Daylight
2023-12-18T09:10:00.000,I 16,,,Sideswipe-Same Direction,1,Clear,Dry,Daylight
2023-01-02T01:39:00.000,I 75,,,Rear End,2,Cloudy,Dry,Dark-Not Lighted
2023-03-03T06:30:00.000,I 285,,,Sideswipe-Same Direction,2,Cloudy,Wet,Dark-Lighted
2023-12-20T08:25:00.000,I 20,,,Rear End,2,Clear,Dry,Daylight
2023-05-17T18:05:00.000,I-75,,,Sideswipe-Same Direction,2,Cloudy,Dry,Daylight
2023-11-05T20:00:00.000,I-75,,,Sideswipe-Same Direction,2,Clear,Dry,Dark-Not Lighted
2023-05-21T03:10:00.000,I-75,,,Sideswipe-Same Direction,5,Clear,Dry,Dark-Lighted
2023-06-18T17:31:00.000,I 75,,,Not a Collision with Motor Vehicle,2,Clear,Dry,Daylight
2023-03-01T09:10:00.000,I 75,,,Sideswipe-Same Direction,2,Cloudy,Dry,Daylight
2023-01-01T08:13:00.000,I 285,,,Angle Crash,2,Cloudy,Wet,Daylight
2023-08-13T14:30:00.000,I 20,,,Rear End,2,Clear,Dry,Daylight
2023-11-08T15:38:00.000,I 85,,,Rear End,2,Clear,Dry,Daylight
2023-10-04T14:32:00.000,I 75,,,Sideswipe-Same Direction,2,Clear,Dry,Daylight
2023-02-21T05:44:00.000,I 75,,,Not a Collision with Motor Vehicle,1,Rain,Wet,Dark-Lighted
2023-11-23T12:30:00.000,I 285,,,Angle Crash,2,Clear,Dry,Daylight
2023-10-14T00:30:00.000,I 75,,,Not a Collision with Motor Vehicle,1,Cloudy,Wet,Dark-Not Lighted
2023-09-21T22:00:00.000,I 16,,,Sideswipe-Same Direction,5,Clear,Dry,Dark-Not Lighted
2023-04-16T00:30:00.000,I 75,,,Sideswipe-Same Direction,2,Cloudy,Dry,Dark-Not Lighted
2023-09-01T16:00:00.000,I 285,,,Sideswipe-Same Direction,2,Clear,Dry,Daylight
2023-01-07T22:19:00.000,I 20,,,Rear End,2,Clear,Dry,Dark-Lighted
2023-07-23T16:44:00.000,I 20,,,Rear End,2,Clear,Dry,Dark-Not Lighted
2023-08-06T21:35:00.000,I 95,,,Not a Collision with Motor Vehicle,1,Clear,Dry,Dark-Lighted
2023-01-07T13:34:00.000,I-75,,,Rear End,2,Clear,Dry,Daylight
2023-10-03T09:45:00.000,I 85,,,Rear End,2,Clear,Dry,Daylight
2023-04-27T04:30:00.000,I 20,,,Rear End,2,Rain,Wet,Dark-Not Lighted
2023-11-05T16:19:00.000,I 285,,,Sideswipe-Same Direction,2,Clear,Dry,Daylight
2023-12-10T01:09:00.000,I-75,,,Rear End,3,Rain,Water (standing or moving),Dark-Lighted
2023-03-31T15:20:00.000,I 75,,,Rear End,2,Cloudy,Dry,Daylight
2023-07-03T21:51:00.000,I-75,,,Head On,2,Rain,Water (standing or moving),Dark-Not Lighted
2023-09-23T22:08:00.000,I-75,,,Rear End,2,Clear,Dry,Dark-Lighted
2023-03-07T07:31:00.000,I 75,,,Not a Collision with Motor Vehicle,1,Clear,Dry,Daylight
2023-01-06T10:24:00.000,I 285,,,Angle Crash,2,Clear,Dry,Daylight
2023-03-12T09:45:00.000,I-75,,,Sideswipe-Same Direction,2,Rain,Wet,Daylight
2023-12-27T13:10:00.000,Sr 140,,,Rear End,2,Clear,Dry,Daylight
2023-07-13T18:31:00.000,I-75,,,Rear End,2,Clear,Dry,Daylight
2023-01-08T22:49:00.000,I 85,,,Angle Crash,2,Clear,Dry,Dark-Lighted
2023-04-27T21:23:00.000,I 75,,,Rear End,2,Cloudy,Wet,Dark-Lighted
2023-01-18T08:55:00.000,I 20,,,Rear End,4,Fog,Wet,Daylight
2023-12-23T22:00:00.000,I-75,,,Rear End,2,Clear,Dry,Dark-Lighted
2023-10-14T14:30:00.000,I-75,,,Rear End,3,Clear,Dry,Daylight
2023-08-02T14:59:00.000,I 285,,,Sideswipe-Same Direction,2,Clear,Dry,Daylight
2023-11-26T21:58:00.000,I 85,,,Not a Collision with Motor Vehicle,1,Rain,Wet,Dark-Not Lighted
2023-10-27T04:45:00.000,I 85,,,Sideswipe-Same Direction,2,Clear,Dry,Dark-Not Lighted
2023-02-14T14:29:00.000,I 75,,,Sideswipe-Same Direction,2,Clear,Dry,Daylight
2023-07-23T17:05:00.000,I 75,,,Sideswipe-Same Direction,2,Clear,Dry,Daylight
2023-07-08T13:57:00.000,I 75,,,Rear End,2,Clear,Dry,Daylight
2023-01-20T20:41:00.000,I-75,,,Not a Collision with Motor Vehicle,3,Clear,Dry,Dark-Lighted
2023-04-14T07:45:00.000,I 75,,,Not a Collision with Motor Vehicle,2,Cloudy,Wet,Daylight
2023-11-07T22:30:00.000,I 95,,,Sideswipe-Same Direction,2,Clear,Dry,Dark-Not Lighted
2023-09-16T20:50:00.000,I 75,,,Sideswipe-Same Direction,2,Rain,Wet,Dark-Not Lighted
2023-02-03T08:46:00.000,I 20,,,Sideswipe-Same Direction,2,Clear,Dry,Daylight
2023-02-15T18:13:00.000,I-75,,,Sideswipe-Same Direction,2,Clear,Dry,Dark-Lighted
2023-12-24T00:52:00.000,I 85,,,Rear End,2,Clear,Dry,Dark-Not Lighted
2023-12-10T19:12:00.000,I 75,,,Rear End,2,Rain,Wet,Dark-Lighted
2023-05-28T20:30:00.000,I-75,,,Sideswipe-Same Direction,2,Clear,Dry,Dark-Lighted
2023-01-11T07:23:00.000,I-75,,,Rear End,2,Clear,Dry,Daylight
2023-11-10T16:23:00.000,I 85,,,Angle Crash,5,Clear,Dry,Daylight
2023-05-11T14:26:00.000,I 85,,,Rear End,2,Rain,Dry,Daylight
2023-03-17T20:46:00.000,I-75,,,Rear End,2,Cloudy,Wet,Dark-Lighted
2023-11-06T16:10:00.000,I 20,,,(None),2,(None),(None),(None)
2023-10-07T10:23:00.000,I 85,,,Sideswipe-Same Direction,2,Clear,Dry,Daylight
2023-03-08T19:50:00.000,I 285,,,Sideswipe-Same Direction,2,Clear,Dry,Dark-Not Lighted
2023-05-19T21:14:00.000,I 75,,,Rear End,2,Clear,Dry,Dark-Lighted
2023-05-03T23:25:00.000,I 16,,,Sideswipe-Same Direction,2,Clear,Dry,Dark-Not Lighted
2023-07-06T23:51:00.000,I 75,,,Not a Collision with Motor Vehicle,1,Cloudy,Dry,Dark-Not Lighted
2023-11-12T04:15:00.000,I 285,,,Rear End,2,Cloudy,Dry,Dark-Not Lighted
2023-06-10T21:00:00.000,I-75,,,Rear End,2,Clear,Dry,Dark-Lighted
2023-05-18T10:11:00.000,I 16,,,Sideswipe-Same Direction,2,Cloudy,Wet,Daylight
2023-10-10T08:47:00.000,I 75,,,Sideswipe-Same Direction,2,Clear,Dry,Daylight
2023-11-02T23:00:00.000,I-75,,,Sideswipe-Same Direction,2,Clear,Dry,Dark-Not Lighted
2023-02-23T19:06:00.000,I 16,,,Head On,1,Clear,Dry,Dark-Lighted
2023-08-30T22:35:00.000,I-75,,,Rear End,3,Cloudy,Wet,Dark-Lighted
2023-10-13T00:28:00.000,I 285,,,Rear End,2,Clear,Dry,Dark-Not Lighted
2023-10-18T19:50:00.000,I-75,,,Rear End,2,Clear,Dry,Daylight
2023-07-28T15:28:00.000,I 85,,,Angle Crash,2,Clear,Dry,Daylight
2023-09-10T07:56:00.000,I 75,,,Not a Collision with Motor Vehicle,1,Rain,Wet,Daylight
2023-08-19T03:16:00.000,I-75,,,Sideswipe-Same Direction,2,Clear,Dry,Dark-Not Lighted
2023-10-27T06:10:00.000,I 20,,,Rear End,2,Clear,Dry,Dark-Not Lighted
2023-08-17T17:48:00.000,I 16,,,Sideswipe-Same Direction,2,Cloudy,Dry,Daylight
2023-12-06T17:30:00.000,I 16,,,Rear End,2,Clear,Dry,Dark-Lighted
2023-11-01T18:32:00.000,I 20,,,Rear End,2,Clear,Dry,Daylight
2023-07-19T07:41:00.000,I 75,,,Sideswipe-Same Direction,2,Clear,Dry,Daylight
2023-10-16T20:14:00.000,I 285,,,Angle Crash,2,Cloudy,Dry,Dark-Not Lighted
2023-10-25T15:00:00.000,I-75,,,Rear End,3,Clear,Dry,Daylight
2023-05-07T00:00:00.000,I-75,,,Rear End,2,Clear,Dry,Dark-Not Lighted
2023-02-10T13:41:00.000,I 75,,,Rear End,2,Clear,Dry,Daylight
2023-07-11T19:00:00.000,I 285,,,Rear End,2,Clear,Dry,Daylight
2023-01-20T17:55:00.000,I 285,,,Rear End,2,Clear,Dry,Daylight
2023-08-30T22:47:00.000,I 85,,,Sideswipe-Same Direction,2,Clear,Dry,Daylight
2023-07-16T00:00:00.000,I 75,,,Rear End,2,Clear,Dry,Daylight