Date and Time,Roadway (From Crash Report),Intersection Name (from Crash Report),KABCO Severity,Manner of Collision (Crash Level) ,# of Vehicles per crash ,Weather Conditions (Crash Level),Surface Condition (Crash Level) ,Light Conditions (Crash Level)
2023-02-26T17:10:00.000,I 16,,,Not a Collision with Motor Vehicle,1,Clear,Dry,Dusk
2023-09-26T08:12:00.000,I 75,,,Sideswipe-Same Direction,2,Clear,Dry,Daylight
2023-11-08T09:39:00.000,I-75,,,Rear End,2,Clear,Dry,Daylight
2023-10-10T04:48:00.000,I-75,,,Not a Collision with Motor Vehicle,1,Clear,Dry,Dark-Lighted
2023-05-03T01:00:00.000,I 285,,,Not a Collision with Motor Vehicle,1,Clear,Dry,Dark-Not Lighted
2023-02-14T08:40:00.000,I 85,,,Sideswipe-Same Direction,2,Clear,Dry,Daylight
2023-12-10T08:29:00.000,I 75,,,Not a Collision with Motor Vehicle,1,Rain,Wet,Daylight
2023-12-07T21:27:00.000,I 85,,,Sideswipe-Same Direction,2,Clear,Dry,Dark-Not Lighted
2023-12-03T15:30:00.000,I 285,,,Rear End,2,Clear,Dry,Daylight
2023-07-09T16:02:00.000,I 75,,,Rear End,3,Clear,Dry,Daylight
2023-07-12T18:04:00.000,I 75,,,Rear End,2,Clear,Dry,Daylight
2023-02-19T17:45:00.000,I-75,,,Not a Collision with Motor Vehicle,1,Clear,Dry,Daylight
2023-02-22T15:27:00.000,I 85,,,Angle Crash,2,Clear,Dry,Daylight
2023-11-21T10:27:00.000,I 285,,,Rear End,2,Rain,Water (standing or moving),Daylight
2023-12-14T16:00:00.000,I 85,,,Rear End,2,Clear,Dry,Daylight
2023-02-25T23:33:00.000,I-75,,,Rear End,4,Clear,Dry,Dark-Lighted
2023-02-24T12:45:00.000,I 75,,,Sideswipe-Same Direction,2,Clear,Dry,Daylight
2023-07-31T05:12:00.000,I-75,,,Sideswipe-Same Direction,2,Clear,Dry,Dark-Not Lighted
2023-06-15T16:35:00.000,I 95,,,Rear End,3,Cloudy,Wet,Daylight
2023-01-08T22:26:00.000,I 285,,,Not a Collision with Motor Vehicle,1,Rain,Wet,Dark-Lighted
2023-01-14T20:57:00.000,I-75,,,Rear End,2,Clear,Dry,Dark-Lighted
2023-08-17T07:15:00.000,I 20,,,Not a Collision with Motor Vehicle,1,Clear,Dry,Daylight
2023-09-18T21:14:00.000,I 75,,,Not a Collision with Motor Vehicle,1,Clear,Dry,Dark-Not Lighted
2023-11-02T07:00:00.000,I 285,,,Rear End,2,Clear,Dry,Dawn
2023-11-10T12:30:00.000,I 75,,,Angle Crash,2,Cloudy,Wet,Daylight
2023-06-02T22:12:00.000,I 75,,,Sideswipe-Same Direction,2,Clear,Dry,Dark-Not Lighted
2023-10-01T14:25:00.000,I 75,,,Rear End,4,Clear,Dry,Daylight
2023-08-20T00:00:00.000,I 75,,,Rear End,2,Clear,Dry,Dark-Not Lighted
2023-07-08T16:30:00.000,I-75,,,Rear End,2,Clear,Dry,Daylight
2023-07-28T20:44:00.000,I 20,,,Not a Collision with Motor Vehicle,1,Clear,Dry,Dark-Not Lighted
2023-01-02T20:10:00.000,I 285,,,Sideswipe-Opposite Direction,2,Clear,Dry,Dark-Not Lighted
2023-06-03T13:40:00.000,I-75,,,Angle Crash,3,Clear,Dry,Daylight
2023-11-04T11:36:00.000,I 75,,,Rear End,2,Clear,Dry,Daylight
2023-10-18T06:40:00.000,I 285,,,Rear End,2,Clear,Dry,Daylight
2023-03-06T22:40:00.000,I 285,,,Sideswipe-Same Direction,2,Clear,Dry,Dark-Not Lighted
2023-03-24T09:52:00.000,I 85,,,Not a Collision with Motor Vehicle,1,Cloudy,Dry,Daylight
2023-11-24T19:54:00.000,I 20,,,Sideswipe-Same Direction,2,Clear,Dry,Dark-Lighted
2023-03-25T07:19:00.000,I 20,,,Not a Collision with Motor Vehicle,1,Rain,Wet,Daylight
2023-08-16T10:35:00.000,I-75,,,Sideswipe-Same Direction,2,Clear,Dry,Daylight
2023-07-16T21:45:00.000,I 95,,,Sideswipe-Same Direction,2,Clear,Dry,Dark-Not Lighted
2023-09-14T09:57:00.000,I 85,,,Rear End,2,Cloudy,Dry,Daylight
2023-08-18T15:43:00.000,I 75,,,Sideswipe-Same Direction,2,Clear,Dry,Daylight
2023-09-09T16:25:00.000,I 16,,,Not a Collision with Motor Vehicle,1,Rain,Wet,Daylight
2023-04-02T19:02:00.000,I 85,,,Rear End,2,Clear,Dry,Daylight
2023-03-15T06:45:00.000,I 75,,,Rear End,3,Clear,Dry,Dark-Not Lighted
2023-10-22T15:12:00.000,I 75,,,Not a Collision with Motor Vehicle,2,Clear,Dry,Daylight
2023-06-01T05:20:00.000,I-75,,,Sideswipe-Same Direction,3,Clear,Dry,Dark-Lighted
2023-11-28T14:53:00.000,I 85,,,Sideswipe-Opposite Direction,2,Clear,Dry,Dark-Lighted
2023-09-27T04:55:00.000,I 75,,,Not a Collision with Motor Vehicle,1,Clear,Dry,Dark-Not Lighted
2023-10-25T14:17:00.000,I 285,,,Rear End,3,Clear,Dry,Daylight
2023-01-11T22:55:00.000,I 20,,,Rear End,2,Cloudy,Dry,Dark-Not Lighted
2023-12-26T17:18:00.000,I 20,,,Rear End,2,Cloudy,Wet,Daylight
2023-05-14T17:32:00.000,I-75,,,Sideswipe-Same Direction,3,Rain,Water (standing or moving),Daylight
2023-11-10T12:34:00.000,I 20,,,Sideswipe-Same Direction,2,Cloudy,Wet,Daylight
2023-09-08T21:39:00.000,I-75,,,Rear End,2,Clear,Dry,Daylight
2023-02-04T01:41:00.000,I 75,,,Not a Collision with Motor Vehicle,1,Clear,Dry,Dark-Not Lighted
2023-06-09T03:20:00.000,I-75,,,Sideswipe-Same Direction,2,Clear,Dry,Dark-Lighted
2023-07-09T14:04:00.000,I 75,,,Rear End,2,Clear,Dry,Daylight
2023-07-09T19:59:00.000,I 285,,,Rear End,2,Clear,Dry,Daylight
2023-12-05T10:16:00.000,I 75,,,Sideswipe-Same Direction,2,Clear,Dry,Daylight
2023-09-25T05:10:00.000,I 20,,,(None),1,(None),(None),(None)
2023-01-03T22:40:00.000,I 285,,,Not a Collision with Motor Vehicle,1,Rain,Wet,Dark-Not Lighted
2023-10-20T15:18:00.000,I 75,,,Rear End,2,Clear,Dry,Daylight
2023-09-06T15:48:00.000,I-75,,,Rear End,2,Cloudy,Dry,Daylight
2023-07-22T01:30:00.000,I-75,,,Rear End,2,Clear,Wet,Dark-Lighted
2023-10-28T00:58:00.000,I 285,,,Sideswipe-Same Direction,2,Clear,Dry,Dark-Lighted
2023-07-31T08:00:00.000,I 20,,,Angle Crash,2,Clear,Dry,Daylight
2023-02-24T16:28:00.000,I 75,,,Sideswipe-Same Direction,2,Cloudy,Dry,Daylight
2023-03-15T16:32:00.000,I-75,,,Rear End,2,Clear,Dry,Daylight
2023-08-22T16:17:00.000,I 285,,,Sideswipe-Same Direction,2,Cloudy,Dry,Daylight
2023-04-04T17:50:00.000,I 85,,,Rear End,2,Cloudy,Dry,Daylight
2023-06-09T17:31:00.000,I 285,,,Angle Crash,2,Clear,Dry,Daylight
2023-05-10T14:42:00.000,I 75,,,Angle Crash,2,Clear,Dry,Daylight
2023-12-01T14:00:00.000,I 85,,,Rear End,3,Clear,Dry,Daylight
2023-06-28T11:32:00.000,I 75,,,Sideswipe-Same Direction,2,Clear,Dry,Daylight
2023-04-30T08:30:00.000,I 85,,,Sideswipe-Same Direction,2,Clear,Wet,Daylight
2023-07-15T19:23:00.000,I 75,,,Rear End,2,Clear,Dry,Daylight
2023-01-05T19:37:00.000,I 285,,,Rear End,2,Clear,Dry,Dark-Not Lighted
2023-07-26T14:13:00.000,I 75,,,Sideswipe-Same Direction,2,Clear,Dry,Daylight
2023-08-14T14:25:00.000,I 20,,,Sideswipe-Same Direction,2,Rain,Dry,Daylight
2023-08-09T00:00:00.000,I 285,,,Rear End,2,Clear,Dry,Daylight
2023-12-04T09:23:00.000,I 16,,,Sideswipe-Same Direction,2,Clear,Dry,Daylight
2023-09-09T11:58:00.000,I-75,,,Rear End,3,Clear,Dry,Dark-Lighted
2023-10-19T20:30:00.000,I 85,,,Sideswipe-Same Direction,2,Cloudy,Dry,Dark-Not Lighted
2023-05-14T18:30:00.000,I 20,,,Sideswipe-Same Direction,2,Cloudy,Dry,Daylight
2023-04-23T13:10:00.000,I 285,,,Sideswipe-Same Direction,2,Clear,Dry,Daylight
2023-05-17T16:15:00.000,I 75,,,Angle Crash,2,Clear,Dry,Daylight
2023-12-18T07:58:00.000,I 20,,,Angle Crash,2,Clear,Dry,Daylight
2023-07-03T13:57:00.000,I 75,,,Rear End,2,Cloudy,Dry,Daylight
2023-07-11T08:30:00.000,I 75,,,Not a Collision with Motor Vehicle,3,Clear,Dry,Daylight
2023-07-10T01:10:00.000,I 75,,,Sideswipe-Same Direction,3,Clear,Dry,Dark-Lighted
2023-12-26T20:28:00.000,I-75,,,Not a Collision with Motor Vehicle,1,Cloudy,Wet,Dark-Lighted
2023-11-01T17:11:00.000,I 75,,,Sideswipe-Same Direction,2,Clear,Dry,Daylight
2023-10-29T18:48:00.000,I 20,,,Angle Crash,2,Clear,Dry,Daylight
2023-09-20T05:16:00.000,I 75,,,Rear End,2,Clear,Dry,Dark-Not Lighted
2023-09-07T16:15:00.000,I 75,,,Sideswipe-Same Direction,2,Clear,Dry,Daylight
2023-02-02T15:20:00.000,I 75,,,Rear End,2,Clear,Dry,Daylight
2023-12-06T19:50:00.000,I 85,,,Sideswipe-Same Direction,2,Clear,Dry,Dark-Not Lighted
2023-10-05T00:15:00.000,I 285,,,Angle Crash,2,Clear,Dry,Dark-Lighted
2023-02-06T17:34:00.000,I 20,,,Rear End,4,Clear,Dry,Dusk
2023-10-06T07:15:00.000,I 75,,,Rear End,4,Cloudy,Dry,Daylight
2023-04-30T00:08:00.000,I 20,,,Sideswipe-Same Direction,2,Clear,Dry,Dark-Not Lighted
2023-07-01T17:43:00.000,I-75,,,Rear End,2,Cloudy,Dry,Daylight
2023-10-05T08:27:00.000,I 75,,,Rear End,2,Clear,Dry,Dawn
2023-11-26T16:00:00.000,I-75,,,Rear End,3,Rain,Wet,Dark-Lighted
2023-02-05T08:23:00.000,I-75,,,Rear End,3,Clear,Dry,Daylight
2023-08-11T08:28:00.000,I 75,,,Sideswipe-Same Direction,2,Cloudy,Wet,Daylight
2023-12-23T20:39:00.000,I-75,,,Rear End,2,Clear,Dry,Dark-Lighted
2023-05-06T09:00:00.000,I-75,,,Angle Crash,2,Clear,Dry,Daylight
2023-10-26T18:00:00.000,I 20,,,Rear End,2,Clear,Dry,Daylight
2023-10-13T22:30:00.000,I-75,,,Angle Crash,3,Clear,Dry,Dark-Not Lighted
2023-03-25T08:33:00.000,I 75,,,Rear End,3,Cloudy,Dry,Daylight
2023-11-11T11:00:00.000,I-75,,,Rear End,2,Rain,Water (standing or moving),Daylight
2023-11-28T18:15:00.000,I 85,,,Sideswipe-Same Direction,2,Clear,Dry,Daylight
2023-10-15T05:21:00.000,I 285,,,Sideswipe-Same Direction,2,Clear,Dry,Dark-Lighted
2023-06-06T11:33:00.000,I 75,,,Not a Collision with Motor Vehicle,2,Clear,Dry,Daylight
2023-08-27T21:33:00.000,I 85,,,Sideswipe-Same Direction,2,Clear,Dry,Dark-Not Lighted
2023-02-24T12:00:00.000,I 285,,,Sideswipe-Same Direction,2,Cloudy,Dry,Daylight
2023-11-25T08:04:00.000,I 20,,,(None),1,(None),(None),(None)
2023-02-03T12:44:00.000,I 75,,,Sideswipe-Same Direction,4,Clear,Dry,Daylight
2023-10-09T21:36:00.000,I 285,,,Sideswipe-Same Direction,2,Clear,Dry,Dark-Lighted
2023-09-21T13:06:00.000,I 75,,,Rear End,3,Cloudy,Dry,Daylight
2023-05-03T18:35:00.000,I 75,,,Rear End,2,Clear,Dry,Daylight
2023-02-21T10:37:00.000,I 85,,,Rear End,3,Rain,Wet,Daylight
2023-02-24T17:50:00.000,I 75,,,Rear End,2,Rain,Wet,Daylight
2023-10-28T22:41:00.000,I 85,,,Angle Crash,2,Clear,Dry,Dark-Lighted
2023-06-30T23:00:00.000,I-75,,,Sideswipe-Same Direction,2,Clear,Dry,Dark-Not Lighted
2023-02-02T08:49:00.000,I 75,,,Rear End,4,Cloudy,Wet,Daylight
2023-09-15T17:11:00.000,I 85,,,Sideswipe-Same Direction,2,Cloudy,Dry,Daylight
2023-03-17T14:10:00.000,I 85,,,Rear End,2,Rain,Wet,Daylight
2023-12-15T00:00:00.000,I 285,,,Not a Collision with Motor Vehicle,1,Clear,Dry,Dark-Not Lighted
2023-01-08T15:10:00.000,I-75,,,Rear End,2,Clear,Dry,Daylight
2023-09-07T15:40:00.000,I 75,,,Rear End,5,Clear,Dry,Daylight
2023-02-13T10:39:00.000,I 75,,,Sideswipe-Same Direction,2,Clear,Dry,Daylight
2023-10-25T17:20:00.000,I 20,,,Sideswipe-Same Direction,2,Clear,Dry,Daylight
2023-04-01T15:14:00.000,I-75,,,Sideswipe-Same Direction,2,Clear,Dry,Daylight
2023-08-29T20:39:00.000,I 75,,,Not a Collision with Motor Vehicle,1,Rain,Wet,Dark-Not Lighted
2023-05-06T00:10:00.000,I 20,,,Sideswipe-Same Direction,2,Clear,Dry,Dark-Lighted
2023-07-17T00:00:00.000,I 16,,,Rear End,2,Clear,Dry,Daylight
2023-10-20T14:00:00.000,I 285,,,Rear End,2,Clear,Dry,Daylight
2023-08-15T08:42:00.000,I 20,,,Rear End,2,Clear,Dry,Daylight
2023-08-29T08:36:00.000,I 75,,,Sideswipe-Same Direction,2,Cloudy,Dry,Daylight
2023-03-01T12:05:00.000,I 285,,,Not a Collision with Motor Vehicle,1,Cloudy,Dry,Daylight
2023-06-15T09:10:00.000,I 285,,,Not a Collision with Motor Vehicle,1,Clear,Dry,Daylight
2023-08-12T20:50:00.000,I-75,,,Sideswipe-Same Direction,2,Cloudy,Wet,Dark-Lighted
2023-08-06T15:34:00.000,I 16,,,Not a Collision with Motor Vehicle,1,Rain,Wet,Daylight
2023-04-19T21:01:00.000,I-75,,,Rear End,2,Clear,Dry,Dark-Lighted
2023-01-26T18:20:00.000,I 85,,,Rear End,3,Clear,Dry,Daylight
2023-01-13T20:24:00.000,I 75,,,Not a Collision with Motor Vehicle,1,Clear,Dry,Dark-Not Lighted
2023-10-21T04:10:00.000,I-75,,,Angle Crash,4,Clear,Dry,Dark-Lighted
2023-09-28T14:24:00.000,I 16,,,Rear End,2,Cloudy,Dry,Daylight
2023-06-25T14:12:00.000,I 75,,,Sideswipe-Same Direction,2,Clear,Dry,Daylight
2023-01-20T14:45:00.000,I 20,,,Rear End,2,Clear,Dry,Daylight
2023-10-27T16:30:00.000,Sr 120,,,Not a Collision with Motor Vehicle,1,Clear,Dry,Daylight
2023-12-23T15:00:00.000,I 85,,,Sideswipe-Same Direction,3,Clear,Dry,Daylight
2023-04-11T21:00:00.000,I 285,,,Sideswipe-Same Direction,2,Clear,Dry,Dusk
2023-05-13T12:10:00.000,I-75,,,Sideswipe-Same Direction,2,Clear,Dry,Daylight
2023-08-27T07:05:00.000,I-75,,,Sideswipe-Same Direction,2,Clear,Dry,Daylight
2023-01-17T17:05:00.000,I 285,,,Sideswipe-Same Direction,2,Clear,Dry,Daylight
2023-09-18T09:00:00.000,I 85,,,Not a Collision with Motor Vehicle,2,Clear,Dry,Daylight
2023-01-09T08:38:00.000,I 16,,,Rear End,3,Clear,Dry,Daylight
2023-03-23T13:15:00.000,I 85,,,Rear End,2,Clear,Dry,Daylight
2023-06-23T15:59:00.000,I 75,,,Not a Collision with Motor Vehicle,1,Cloudy,Dry,Daylight
2023-03-27T08:25:00.000,I 85,,,Rear End,2,Rain,Wet,Daylight
2023-06-21T13:05:00.000,I-75,,,Sideswipe-Same Direction,2,Rain,Wet,Daylight
2023-04-06T21:00:00.000,I-75,,,Rear End,2,Clear,Dry,Dark-Lighted
2023-07-03T20:52:00.000,I-75,,,Rear End,2,Clear,Dry,Dark-Lighted
2023-05-29T09:30:00.000,I-75,,,Sideswipe-Same Direction,2,Clear,Dry,Dark-Not Lighted
2023-05-14T01:30:00.000,I-75,,,Rear End,2,Cloudy,Dry,Dark-Not Lighted
2023-08-16T17:15:00.000,I-75,,,Angle Crash,2,Clear,Dry,Daylight
2023-02-11T17:15:00.000,I 75,,,Not a Collision with Motor Vehicle,1,Rain,Wet,Daylight
2023-10-22T18:15:00.000,I-75,,,Rear End,2,Clear,Dry,Daylight
2023-11-03T07:45:00.000,I 20,,,Rear End,2,Clear,Dry,Dark-Not Lighted
2023-10-13T07:35:00.000,I 285,,,Sideswipe-Same Direction,2,Rain,Wet,Dark-Lighted
2023-12-01T07:54:00.000,I 85,,,Not a Collision with Motor Vehicle,1,Rain,Wet,Daylight
2023-01-27T15:34:00.000,I 75,,,Sideswipe-Same Direction,2,Clear,Dry,Daylight
2023-12-19T18:14:00.000,I 85,,,Rear End,2,Clear,Dry,Dark-Not Lighted
2023-03-21T17:33:00.000,I 285,,,Rear End,3,Clear,Dry,Daylight
2023-05-31T16:48:00.000,I-75,,,Rear End,2,Clear,Dry,Daylight
2023-10-24T07:55:00.000,I 85,,,Rear End,3,Clear,Dry,Daylight
2023-03-14T12:55:00.000,I 285,,,Rear End,2,Clear,Dry,Daylight
2023-03-28T19:40:00.000,I 20,,,Not a Collision with Motor Vehicle,1,Clear,Dry,Daylight
2023-08-20T03:10:00.000,I 75,,,Not a Collision with Motor Vehicle,1,Clear,Dry,Dark-Lighted
2023-04-01T12:14:00.000,I 75,,,Rear End,2,Cloudy,Dry,Daylight
2023-10-23T22:00:00.000,I-75,,,Rear End,2,Clear,Dry,Dusk
2023-10-18T15:27:00.000,I-75,,,Angle Crash,2,Clear,Dry,Daylight
2023-09-27T09:48:00.000,I 285,,,Sideswipe-Same Direction,2,Cloudy,Dry,Daylight
2023-05-31T13:50:00.000,I 85,,,Sideswipe-Same Direction,2,Cloudy,Dry,Daylight
2023-11-03T07:20:00.000,I 75,,,Not a Collision with Motor Vehicle,1,Clear,Dry,Daylight
2023-10-22T01:25:00.000,I 20,,,Sideswipe-Same Direction,2,Clear,Dry,Dark-Not Lighted
2023-08-05T18:22:00.000,I 285,,,Rear End,2,Clear,Dry,Daylight
2023-11-11T13:00:00.000,I-75,,,Rear End,2,Rain,Wet,Daylight
2023-08-12T21:00:00.000,I-75,,,Rear End,5,Rain,Wet,Dark-Not Lighted
2023-12-01T21:40:00.000,I 85,,,Sideswipe-Same Direction,2,Clear,Dry,Dark-Lighted
2023-02-12T16:04:00.000,I 75,,,Rear End,2,Clear,Dry,Daylight
2023-10-18T08:25:00.000,I-75,,,Rear End,2,Clear,Dry,Daylight
2023-08-01T18:00:00.000,I 285,,,Rear End,2,Clear,Dry,Daylight
2023-03-18T01:35:00.000,I-75,,,Sideswipe-Same Direction,2,Clear,Dry,Dark-Lighted
2023-06-20T23:20:00.000,I 20,,,Not a Collision with Motor Vehicle,1,Clear,Wet,Dark-Not Lighted
2023-08-23T18:59:00.000,I 20,,,Rear End,2,Clear,Dry,Daylight
2023-09-01T05:00:00.000,I 285,,,Rear End,2,Clear,Dry,Dark-Not Lighted
2023-05-14T03:45:00.000,I-75,,,Rear End,3,Clear,Dry,Dark-Lighted
2023-12-16T17:30:00.000,I 75,,,Rear End,2,Cloudy,Dry,Dusk
2023-08-07T19:54:00.000,I 20,,,Not a Collision with Motor Vehicle,1,Cloudy,Dry,Dusk
2023-01-17T08:21:00.000,I 285,,,Rear End,2,Rain,Wet,Daylight
2023-08-07T00:00:00.000,I 20,,,Rear End,2,Clear,Dry,Dark-Lighted
2023-01-21T08:05:00.000,I 285,,,Sideswipe-Same Direction,2,Clear,Dry,Daylight
2023-05-25T01:32:00.000,I 75,,,Sideswipe-Same Direction,2,Clear,Dry,Dark-Not Lighted
2023-09-27T18:48:00.000,I-75,,,Rear End,2,Clear,Dry,Dark-Lighted
2023-03-22T16:00:00.000,I 75,,,Not a Collision with Motor Vehicle,1,Rain,Wet,Daylight
2023-06-23T01:22:00.000,I 16,,,Not a Collision with Motor Vehicle,1,Rain,Wet,Dark-Not Lighted
2023-03-31T18:00:00.000,I-75,,,Rear End,2,Clear,Dry,Dark-Not Lighted
2023-10-17T21:43:00.000,I-75,,,Sideswipe-Same Direction,2,Clear,Dry,Dark-Lighted
2023-09-22T08:25:00.000,I 85,,,Rear End,2,Clear,Dry,Daylight
2023-01-25T21:09:00.000,I 285,,,Sideswipe-Same Direction,2,Clear,Dry,Dark-Not Lighted
2023-01-18T14:03:00.000,I-75,,,Rear End,2,Cloudy,Dry,Daylight
2023-03-05T15:44:00.000,I 75,,,Sideswipe-Same Direction,2,Clear,Dry,Daylight
2023-12-10T00:00:00.000,I 20,,,Not a Collision with Motor Vehicle,1,Rain,Wet,Daylight
2023-09-07T07:43:00.000,I 16,,,Not a Collision with Motor Vehicle,1,Clear,Dry,Daylight
2023-01-19T08:19:00.000,I 85,,,Rear End,2,Clear,Dry,Daylight
2023-01-04T09:30:00.000,I-75,,,Rear End,2,Rain,Wet,Daylight
2023-03-03T11:00:00.000,I 75,,,Rear End,3,Cloudy,Wet,Daylight
2023-03-26T11:30:00.000,I-75,,,Rear End,2,Rain,Wet,Daylight
2023-05-04T08:04:00.000,I 285,,,Angle Crash,2,Clear,Dry,Daylight
2023-01-09T17:35:00.000,I 285,,,Sideswipe-Same Direction,2,Clear,Dry,Dark-Not Lighted
2023-03-15T21:36:00.000,I-75,,,Rear End,2,Clear,Dry,Dark-Lighted
2023-09-16T10:00:00.000,I-75,,,Rear End,2,Rain,Water (standing or moving),Daylight
2023-05-02T14:30:00.000,I 285,,,Sideswipe-Same Direction,2,Clear,Dry,Dark-Not Lighted
2023-10-11T09:20:00.000,I-75,,,Rear End,3,Clear,Dry,Daylight
2023-10-01T09:34:00.000,I-75,,,Sideswipe-Same Direction,2,Clear,Dry,Daylight
2023-09-27T23:30:00.000,I-75,,,Sideswipe-Same Direction,2,Clear,Dry,Dark-Lighted
2023-07-24T16:03:00.000,I 16,,,Not a Collision with Motor Vehicle,1,Rain,Water (standing or moving),Daylight
2023-11-18T15:50:00.000,I-75,,,Rear End,2,Clear,Dry,Daylight
2023-03-10T19:10:00.000,I 75,,,Not a Collision with Motor Vehicle,1,Clear,Dry,Dark-Not Lighted
2023-01-23T20:26:00.000,I 85,,,Rear End,2,Clear,Dry,Dark-Not Lighted
2023-08-08T08:00:00.000,I 285,,,Not a Collision with Motor Vehicle,1,Clear,Dry,Daylight
2023-05-08T09:25:00.000,I 20,,,Sideswipe-Same Direction,2,Clear,Dry,Daylight
2023-02-25T23:18:00.000,I 75,,,Not a Collision with Motor Vehicle,1,Clear,Wet,Dark-Not Lighted
2023-12-09T10:11:00.000,I 85,,,Not a Collision with Motor Vehicle,1,Rain,Water (standing or moving),Daylight
2023-09-22T14:05:00.000,I-75,,,Rear End,2,Clear,Dry,Daylight
2023-08-19T23:48:00.000,I 285,,,Sideswipe-Same Direction,2,Clear,Dry,Dark-Lighted
2023-06-01T16:21:00.000,I 85,,,Rear End,2,Clear,Dry,Daylight
2023-01-02T06:00:00.000,I 75,,,Rear End,2,Cloudy,Wet,Dark-Not Lighted
2023-07-07T18:12:00.000,I 285,,,Angle Crash,2,Cloudy,Wet,Daylight
2023-03-16T21:57:00.000,I-75,,,Sideswipe-Same Direction,2,Clear,Dry,Dark-Lighted
2023-03-11T12:15:00.000,I 285,,,Rear End,2,Cloudy,Dry,Daylight
2023-12-29T13:35:00.000,I 20,,,Rear End,2,Clear,Dry,Daylight
2023-05-27T12:01:00.000,I 75,,,Not a Collision with Motor Vehicle,1,Clear,Dry,Daylight
2023-08-06T01:07:00.000,I 285,,,Rear End,3,Clear,Dry,Dark-Not Lighted
2023-07-23T08:15:00.000,I 75,,,Not a Collision with Motor Vehicle,1,Clear,Dry,Daylight
2023-05-15T06:24:00.000,I 285,,,Sideswipe-Same Direction,2,Cloudy,Dry,Dark-Lighted
2023-05-14T22:25:00.000,I 285,,,Rear End,2,Cloudy,Dry,Dark-Lighted
2023-02-01T07:10:00.000,I 20,,,Sideswipe-Same Direction,2,Clear,Dry,Daylight
2023-12-09T22:30:00.000,I-75,,,Rear End,3,Rain,Wet,Dark-Lighted
2023-12-21T09:18:00.000,I 20,,,Rear End,2,Clear,Dry,Daylight
2023-08-06T07:26:00.000,I 75,,,Not a Collision with Motor Vehicle,1,Clear,Dry,Dark-Not Lighted
2023-04-28T12:12:00.000,I 20,,,Sideswipe-Same Direction,2,Clear,Dry,Daylight
2023-04-29T06:00:00.000,I-75,,,Sideswipe-Same Direction,2,Clear,Dry,Dark-Not Lighted
2023-06-03T18:15:00.000,I 16,,,Not a Collision with Motor Vehicle,1,Rain,Wet,Daylight
2023-05-13T21:38:00.000,I 16,,,Rear End,6,Clear,Dry,Dark-Not Lighted
2023-09-20T16:10:00.000,I-75,,,Angle Crash,2,Clear,Dry,Daylight
2023-12-02T11:28:00.000,I 20,,,Sideswipe-Same Direction,2,Cloudy,Wet,Daylight
2023-11-03T19:16:00.000,I 285,,,Sideswipe-Same Direction,2,Clear,Dry,Dark-Not Lighted
2023-08-13T00:37:00.000,I-75,,,Rear End,4,Clear,Dry,Dusk
2023-08-23T21:46:00.000,I 75,,,Not a Collision with Motor Vehicle,1,Clear,Dry,Dark-Not Lighted
2023-04-14T13:17:00.000,I 75,,,Rear End,2,Rain,Wet,Daylight
2023-10-15T04:00:00.000,I 85,,,Angle Crash,2,Clear,Dry,Dark-Not Lighted
2023-12-08T17:26:00.000,I 75,,,Not a Collision with Motor Vehicle,1,Clear,Wet,Dark-Lighted
2023-02-13T09:26:00.000,I 75,,,Rear End,2,Clear,Dry,Daylight
2023-08-16T17:15:00.000,I-75,,,Rear End,2,Clear,Dry,Daylight
2023-08-10T04:50:00.000,I 285,,,Rear End,3,Clear,Dry,Dark-Not Lighted
2023-01-12T00:00:00.000,I 16,,,Not a Collision with Motor Vehicle,1,Rain,Wet,Dark-Not Lighted
2023-09-13T08:55:00.000,I 285,,,Rear End,2,Clear,Dry,Daylight
2023-12-25T13:55:00.000,I 85,,,Angle Crash,2,Rain,Wet,Daylight
2023-07-23T14:22:00.000,I 20,,,Rear End,2,Cloudy,Dry,Daylight
2023-09-24T23:45:00.000,I 285,,,Sideswipe-Same Direction,2,Clear,Dry,Dark-Lighted
2023-05-27T07:48:00.000,I-75,,,Angle Crash,2,Clear,Dry,Daylight
2023-07-29T14:29:00.000,I 20,,,Angle Crash,2,Cloudy,Dry,Daylight
2023-08-11T06:32:00.000,I-75,,,Rear End,2,Rain,Wet,Dark-Not Lighted
2023-09-17T08:50:00.000,I-75,,,Angle Crash,2,Clear,Dry,Daylight
2023-02-14T18:22:00.000,I-75,,,Not a Collision with Motor Vehicle,1,Clear,Dry,Dark-Not Lighted
2023-08-30T22:27:00.000,I-75,,,Not a Collision with Motor Vehicle,1,Rain,Wet,Dark-Lighted
2023-02-24T20:43:00.000,I-75,,,Rear End,2,Clear,Wet,Dark-Not Lighted
2023-09-24T09:30:00.000,I-75,,,Sideswipe-Same Direction,2,Clear,Dry,Daylight
2023-06-08T22:26:00.000,I 75,,,Sideswipe-Same Direction,2,Clear,Dry,Dark-Not Lighted
2023-05-17T12:13:00.000,I 75,,,Sideswipe-Same Direction,2,Clear,Dry,Daylight
2023-01-26T01:50:00.000,I 75,,,Head On,2,Clear,Wet,Dark-Not Lighted
2023-03-18T23:11:00.000,I 75,,,Not a Collision with Motor Vehicle,1,Clear,Dry,Daylight
2023-11-22T09:09:00.000,I 20,,,Rear End,2,Cloudy,Dry,Daylight
2023-01-05T01:26:00.000,I 75,,,Not a Collision with Motor Vehicle,1,Clear,Dry,Dark-Not Lighted
2023-01-02T11:35:00.000,I 285,,,Rear End,2,Clear,Dry,Daylight
2023-09-30T18:18:00.000,I 85,,,Rear End,3,Clear,Dry,Daylight