Date and Time,Roadway (From Crash Report),Intersection Name (from Crash Report),KABCO Severity,Manner of Collision (Crash Level) ,# of Vehicles per crash ,Weather Conditions (Crash Level),Surface Condition (Crash Level) ,Light Conditions (Crash Level)
2023-03-05T21:31:00.000,I 85,,,Angle Crash,2,Clear,Dry,Dark-Lighted
2023-12-05T06:40:00.000,I 75,,,Sideswipe-Same Direction,2,Clear,Dry,Dark-Lighted
2023-12-28T14:50:00.000,I 85,,,Rear End,2,Clear,Dry,Daylight
2023-04-27T12:40:00.000,I 75,,,Sideswipe-Same Direction,2,Rain,Wet,Daylight
2023-08-30T11:14:00.000,I 85,,,Rear End,2,Cloudy,Dry,Daylight
2023-01-09T18:37:00.000,I 20,,,Rear End,2,Clear,Dry,Dark-Not Lighted
2023-09-13T18:05:00.000,I 75,,,Angle Crash,2,Rain,Water (standing or moving),Daylight
2023-03-23T17:49:00.000,I 20,,,Rear End,2,Clear,Dry,Daylight
2023-02-02T19:03:00.000,I-75,,,Rear End,2,Rain,Wet,Dark-Lighted
2023-05-06T04:35:00.000,I 85,,,Sideswipe-Same Direction,3,Clear,Dry,Dark-Not Lighted
2023-07-01T23:10:00.000,I-75,,,Sideswipe-Same Direction,2,Clear,Dry,Dawn
2023-10-16T14:35:00.000,I 285,,,Sideswipe-Same Direction,2,Cloudy,Dry,Daylight
2023-04-01T16:57:00.000,I-75,,,Rear End,2,Clear,Dry,Daylight
2023-11-18T14:45:00.000,I-75,,,Rear End,2,Clear,Dry,Daylight
2023-11-08T20:45:00.000,I-75,,,Rear End,3,Clear,Dry,Dark-Lighted
2023-10-17T05:21:00.000,I 285,,,Not a Collision with Motor Vehicle,1,Clear,Dry,Dark-Not Lighted
2023-01-01T04:07:00.000,I-75,,,Head On,2,Cloudy,Water (standing or moving),Dawn
2023-03-01T11:40:00.000,I-75,,,Sideswipe-Same Direction,2,Clear,Dry,Daylight
2023-03-30T21:24:00.000,I-75,,,Rear End,2,Clear,Dry,Dark-Not Lighted
2023-03-08T17:40:00.000,I 75,,,Rear End,3,Cloudy,Dry,Daylight
2023-04-22T13:37:00.000,I-75,,,Rear End,2,Clear,Dry,Daylight
2023-11-20T13:13:00.000,I 85,,,Rear End,2,Cloudy,Dry,Daylight
2023-01-20T10:52:00.000,I 75,,,Sideswipe-Same Direction,2,Clear,Dry,Daylight
2023-03-04T01:22:00.000,I-75,,,Sideswipe-Same Direction,2,Clear,Dry,Dark-Lighted
2023-07-26T17:10:00.000,I-75,,,Rear End,3,Clear,Dry,Daylight
2023-08-18T08:22:00.000,I 95,,,Sideswipe-Same Direction,2,Clear,Dry,Daylight
2023-09-17T23:36:00.000,I 20,,,Rear End,3,Clear,Dry,Dark-Lighted
2023-04-13T15:50:00.000,I 85,,,Rear End,3,Cloudy,Wet,Daylight
2023-03-13T07:37:00.000,I 285,,,Sideswipe-Same Direction,2,Clear,Dry,Daylight
2023-06-03T05:15:00.000,I-75,,,Angle Crash,2,Clear,Dry,Dark-Not Lighted
2023-10-05T17:48:00.000,I-75,,,Sideswipe-Same Direction,2,Clear,Dry,Daylight
2023-12-20T10:17:00.000,I 285,,,Sideswipe-Same Direction,2,Clear,Dry,Daylight
2023-07-28T05:56:00.000,I 75,,,Sideswipe-Same Direction,2,Clear,Dry,Dark-Not Lighted
2023-04-11T07:50:00.000,I 285,,,Angle Crash,2,Clear,Dry,Daylight
2023-03-29T14:26:00.000,I-75,,,Sideswipe-Same Direction,2,Clear,Dry,Daylight
2023-12-01T15:49:00.000,I 75,,,Rear End,2,Rain,Wet,Daylight
2023-08-31T05:31:00.000,I 20,,,Not a Collision with Motor Vehicle,1,Clear,Wet,Dark-Not Lighted
2023-10-08T20:00:00.000,I-75,,,Sideswipe-Same Direction,2,Clear,Dry,Dark-Lighted
2023-05-03T23:43:00.000,I-75,,,Sideswipe-Same Direction,2,Clear,Dry,Dark-Lighted
2023-09-30T03:40:00.000,I 285,,,Not a Collision with Motor Vehicle,1,Clear,Dry,Dark-Not Lighted
2023-06-11T01:21:00.000,I 75,,,Not a Collision with Motor Vehicle,2,Clear,Dry,Dark-Not Lighted
2023-11-25T17:06:00.000,I 20,,,Sideswipe-Same Direction,2,Cloudy,Dry,Dusk
2023-01-16T21:00:00.000,I-75,,,Rear End,2,Clear,Dry,Dark-Lighted
2023-12-07T06:24:00.000,I 285,,,Angle Crash,2,Clear,Dry,Dark-Not Lighted
2023-12-21T21:07:00.000,I-75,,,Sideswipe-Same Direction,2,Clear,Dry,Dark-Lighted
2023-02-01T03:06:00.000,I 20,,,Angle Crash,2,Rain,Wet,Dark-Lighted
2023-07-02T20:14:00.000,I 85,,,Rear End,2,Clear,Dry,Dark-Not Lighted
2023-01-04T16:33:00.000,I 75,,,Sideswipe-Same Direction,2,Clear,Dry,Daylight
2023-11-28T12:34:00.000,I-75,,,Rear End,3,Clear,Dry,Daylight
2023-03-04T20:38:00.000,I 85,,,Angle Crash,2,Clear,Dry,Dark-Not Lighted
2023-06-20T07:56:00.000,I 285,,,Sideswipe-Same Direction,2,Clear,Dry,Daylight
2023-06-14T10:57:00.000,I-75,,,Rear End,2,Cloudy,Water (standing or moving),Daylight
2023-09-06T22:50:00.000,I 285,,,Sideswipe-Same Direction,2,Clear,Dry,Dark-Lighted
2023-10-25T07:40:00.000,I 285,,,Sideswipe-Same Direction,2,Clear,Dry,Daylight
2023-05-18T22:49:00.000,I 20,,,Not a Collision with Motor Vehicle,1,Rain,Wet,Dark-Not Lighted
2023-03-24T16:15:00.000,I 285,,,Rear End,2,Clear,Dry,Daylight
2023-05-20T12:10:00.000,I-75,,,Rear End,2,Cloudy,Dry,Daylight
2023-09-17T12:37:00.000,I 285,,,Rear End,2,Clear,Dry,Daylight
2023-04-06T14:24:00.000,I 16,,,Sideswipe-Same Direction,2,Clear,Dry,Daylight
2023-08-29T05:45:00.000,I 20,,,Not a Collision with Motor Vehicle,1,Clear,Wet,Dark-Not Lighted
2023-03-04T21:45:00.000,I 20,,,Sideswipe-Same Direction,2,Clear,Dry,Dark-Not Lighted
2023-07-07T16:55:00.000,I 85,,,Rear End,2,Clear,Dry,Daylight
2023-07-22T00:00:00.000,I 285,,,Angle Crash,2,Clear,Dry,Daylight
2023-08-20T22:25:00.000,I 85,,,(None),2,(None),(None),(None)
2023-02-04T10:16:00.000,I 75,,,Not a Collision with Motor Vehicle,1,Clear,Dry,Daylight
2023-02-13T11:17:00.000,I 75,,,Rear End,2,Clear,Dry,Daylight
2023-01-06T05:00:00.000,I 285,,,Rear End,2,Clear,Dry,Dark-Not Lighted
2023-05-30T15:10:00.000,I 285,,,Not a Collision with Motor Vehicle,1,Clear,Dry,Daylight
2023-02-28T20:09:00.000,I 285,,,Sideswipe-Same Direction,3,Clear,Dry,Dark-Not Lighted
2023-08-24T15:22:00.000,I 285,,,Rear End,2,Clear,Dry,Daylight
2023-08-30T07:00:00.000,I-75,,,Rear End,2,Cloudy,Dry,Daylight
2023-04-24T23:15:00.000,I-75,,,Rear End,2,Clear,Dry,Dark-Lighted
2023-03-02T06:39:00.000,I 75,,,Sideswipe-Same Direction,2,Clear,Wet,Dawn
2023-04-24T21:15:00.000,I 285,,,Not a Collision with Motor Vehicle,1,Cloudy,Dry,Dark-Not Lighted
2023-12-26T01:09:00.000,I-75,,,Sideswipe-Same Direction,2,Rain,Wet,Dusk
2023-03-27T15:00:00.000,I 75,,,Rear End,2,Clear,Wet,Daylight
2023-08-07T07:44:00.000,I 75,,,Rear End,2,Clear,Dry,Daylight
2023-11-15T23:24:00.000,I 16,,,Not a Collision with Motor Vehicle,1,Rain,Wet,Dark-Not Lighted
2023-10-20T11:33:00.000,I 16,,,Not a Collision with Motor Vehicle,1,Cloudy,Wet,Dark-Lighted
2023-11-01T21:30:00.000,I 20,,,Rear End,2,Clear,Dry,Dark-Lighted
2023-06-12T15:45:00.000,I 75,,,Rear End,3,Clear,Ice/Frost,Daylight
2023-09-23T13:30:00.000,I-75,,,Sideswipe-Same Direction,2,Clear,Dry,Daylight
2023-04-20T10:58:00.000,I 285,,,Angle Crash,3,Clear,Dry,Daylight
2023-01-19T08:59:00.000,I 16,,,Sideswipe-Same Direction,2,Clear,Dry,Daylight
2023-10-13T18:55:00.000,I 85,,,Rear End,2,Rain,Wet,Dawn
2023-06-17T20:35:00.000,I-75,,,Rear End,2,Clear,Dry,Daylight
2023-11-15T14:00:00.000,I-75,,,Head On,3,Cloudy,Dry,Daylight
2023-06-08T20:18:00.000,I-75,,,Rear End,2,Clear,Dry,Dusk
2023-02-04T15:27:00.000,I 20,,,Angle Crash,3,Clear,Dry,Daylight
2023-09-22T07:14:00.000,I 20,,,Rear End,3,Clear,Dry,Daylight
2023-03-15T09:18:00.000,I 85,,,Rear End,2,Clear,Dry,Daylight
2023-05-04T10:30:00.000,I 85,,,Sideswipe-Same Direction,2,Clear,Dry,Daylight
2023-02-03T06:16:00.000,I 16,,,Not a Collision with Motor Vehicle,1,Rain,Wet,Dark-Not Lighted
2023-05-26T20:52:00.000,I-75,,,Sideswipe-Same Direction,2,Clear,Dry,Dark-Lighted
2023-01-04T02:25:00.000,I 285,,,Head On,3,Rain,Water (standing or moving),Dark-Lighted
2023-05-20T03:20:00.000,I 285,,,Sideswipe-Same Direction,2,Clear,Dry,Dark-Not Lighted
2023-09-11T17:17:00.000,I 85,,,Rear End,2,Clear,Dry,Daylight
2023-02-28T16:47:00.000,I 85,,,Rear End,2,Clear,Dry,Daylight
2023-10-16T20:35:00.000,I-75,,,Sideswipe-Same Direction,2,Clear,Dry,Dark-Not Lighted
2023-02-17T22:17:00.000,I 285,,,Angle Crash,2,Clear,Dry,Dark-Not Lighted
2023-05-05T15:03:00.000,I 285,,,Sideswipe-Same Direction,2,Clear,Wet,Daylight
2023-01-04T17:20:00.000,I 75,,,Rear End,2,Clear,Dry,Daylight
2023-06-14T17:33:00.000,I-75,,,Rear End,2,Cloudy,Water (standing or moving),Daylight
2023-05-24T14:45:00.000,I 75,,,Sideswipe-Same Direction,2,Clear,Dry,Daylight
2023-11-04T19:50:00.000,I 75,,,Sideswipe-Same Direction,2,Clear,Dry,Dark-Not Lighted
2023-06-06T11:38:00.000,I 85,,,Sideswipe-Same Direction,2,Clear,Dry,Daylight
2023-01-29T07:50:00.000,I 20,,,Sideswipe-Same Direction,2,Clear,Dry,Daylight
2023-09-13T05:50:00.000,I-75,,,Sideswipe-Same Direction,2,Cloudy,Wet,Dark-Lighted
2023-01-27T07:38:00.000,I-75,,,Sideswipe-Same Direction,2,Clear,Dry,Daylight
2023-06-22T19:11:00.000,I 16,,,Not a Collision with Motor Vehicle,1,Rain,Wet,Dusk
2023-07-11T23:40:00.000,I 285,,,Sideswipe-Same Direction,2,Clear,Dry,Dark-Lighted
2023-06-24T00:15:00.000,I-75,,,Sideswipe-Same Direction,2,Clear,Dry,Dark-Lighted
2023-07-21T08:55:00.000,I 285,,,Rear End,2,Cloudy,Dry,Daylight
2023-09-10T18:18:00.000,I 20,,,Rear End,3,Clear,Dry,Daylight
2023-02-06T18:46:00.000,I 285,,,Sideswipe-Same Direction,2,Clear,Dry,Dark-Lighted
2023-06-22T11:47:00.000,I 85,,,Sideswipe-Same Direction,2,Cloudy,Dry,Daylight
2023-10-23T08:05:00.000,I 285,,,Rear End,2,Clear,Dry,Daylight
2023-11-30T07:11:00.000,I 20,,,Sideswipe-Same Direction,2,Clear,Dry,Daylight
2023-07-09T13:37:00.000,I 285,,,Sideswipe-Same Direction,2,Clear,Dry,Daylight
2023-08-15T17:30:00.000,I 85,,,Sideswipe-Same Direction,2,Cloudy,Dry,Daylight
2023-03-13T17:29:00.000,I 285,,,Sideswipe-Same Direction,2,Clear,Dry,Daylight
2023-01-04T12:48:00.000,I-75,,,Rear End,2,Clear,Wet,Daylight
2023-01-22T07:35:00.000,I 20,,,Not a Collision with Motor Vehicle,1,Rain,Wet,Dark-Lighted
2023-12-07T17:00:00.000,I 285,,,Rear End,2,Cloudy,Dry,Daylight
2023-01-22T15:09:00.000,I 20,,,Not a Collision with Motor Vehicle,1,Rain,Wet,Daylight
2023-12-27T07:20:00.000,I 285,,,Not a Collision with Motor Vehicle,2,Clear,Dry,Daylight
2023-02-22T09:09:00.000,I 85,,,Rear End,2,Cloudy,Dry,Daylight
2023-05-01T09:00:00.000,I 20,,,Rear End,2,Clear,Dry,Daylight
2023-09-19T08:10:00.000,I 285,,,Rear End,2,Clear,Dry,Daylight
2023-11-26T15:37:00.000,I 20,,,Not a Collision with Motor Vehicle,2,Rain,Wet,Daylight
2023-08-04T14:35:00.000,I 75,,,Sideswipe-Same Direction,2,Cloudy,Dry,Daylight
2023-07-18T20:50:00.000,I 85,,,Sideswipe-Same Direction,3,Clear,Dry,Daylight
2023-04-30T13:00:00.000,I-75,,,Sideswipe-Same Direction,2,Clear,Dry,Daylight
2023-04-30T08:19:00.000,I 285,,,Not a Collision with Motor Vehicle,1,Rain,Wet,Daylight
2023-10-15T21:06:00.000,I 95,,,Sideswipe-Same Direction,2,Clear,Dry,Dark-Lighted
2023-09-04T20:37:00.000,I 85,,,Rear End,2,Clear,Dry,Dark-Not Lighted
2023-10-20T22:20:00.000,I-75,,,Not a Collision with Motor Vehicle,1,Clear,Dry,Dark-Not Lighted
2023-09-29T15:28:00.000,I 75,,,Rear End,2,Clear,Dry,Daylight
2023-08-15T18:37:00.000,I 285,,,Not a Collision with Motor Vehicle,2,Clear,Dry,Daylight
2023-04-29T23:40:00.000,I-75,,,Angle Crash,3,Rain,Wet,Dark-Lighted
2023-03-21T10:59:00.000,I 75,,,Head On,1,Clear,Dry,Daylight
2023-12-11T17:40:00.000,I 16,,,Rear End,2,Clear,Dry,Dark-Not Lighted
2023-11-02T17:05:00.000,I 20,,,Rear End,2,Clear,Dry,Daylight
2023-06-11T01:00:00.000,I-75,,,Rear End,2,Clear,Dry,Dark-Not Lighted
2023-09-16T18:38:00.000,I 85,,,Not a Collision with Motor Vehicle,1,Cloudy,Wet,Daylight
2023-08-05T17:44:00.000,I 95,,,Rear End,2,Clear,Dry,Daylight
2023-06-26T19:47:00.000,I 285,,,Rear End,2,Clear,Dry,Daylight
2023-07-19T18:16:00.000,I 285,,,Sideswipe-Same Direction,3,Clear,Dry,Daylight
2023-06-15T02:00:00.000,I 16,,,(None),2,(None),(None),(None)
2023-04-13T11:10:00.000,I 75,,,Sideswipe-Same Direction,2,Rain,Wet,Daylight
2023-10-21T20:44:00.000,I 285,,,Sideswipe-Same Direction,2,Clear,Dry,Dark-Lighted
2023-12-25T14:09:00.000,I-75,,,Not a Collision with Motor Vehicle,1,Rain,Wet,Daylight
2023-04-29T13:21:00.000,I 285,,,Sideswipe-Same Direction,2,Clear,Dry,Daylight
2023-12-10T19:37:00.000,I-75,,,Rear End,2,Cloudy,Water (standing or moving),Dark-Not Lighted
2023-05-20T17:13:00.000,I 20,,,Rear End,3,Clear,Dry,Daylight
2023-06-16T17:25:00.000,I 85,,,Not a Collision with Motor Vehicle,2,Cloudy,Dry,Daylight
2023-05-28T06:06:00.000,I 20,,,Not a Collision with Motor Vehicle,1,Clear,Dry,Daylight
2023-05-15T00:00:00.000,I 285,,,Sideswipe-Same Direction,2,Clear,Dry,Dark-Not Lighted
2023-05-12T16:31:00.000,I 75,,,Not a Collision with Motor Vehicle,1,Rain,Water (standing or moving),Daylight
2023-02-14T05:45:00.000,I 285,,,Sideswipe-Same Direction,2,Clear,Dry,Dark-Lighted
2023-04-06T12:56:00.000,I 285,,,Rear End,2,Clear,Dry,Daylight
2023-11-26T17:49:00.000,I 95,,,Sideswipe-Same Direction,2,Rain,Wet,Dark-Not Lighted
2023-03-03T22:42:00.000,I-75,,,Sideswipe-Same Direction,3,Clear,Dry,Dark-Lighted
2023-12-30T13:52:00.000,I 85,,,Rear End,2,Clear,Dry,Daylight
2023-10-29T03:02:00.000,I 75,,,Not a Collision with Motor Vehicle,1,Clear,Dry,Dark-Not Lighted
2023-05-06T23:30:00.000,I-75,,,Sideswipe-Same Direction,2,Clear,Dry,Dark-Lighted
2023-06-22T20:22:00.000,I 75,,,Not a Collision with Motor Vehicle,1,Rain,Wet,Dawn
2023-10-20T12:28:00.000,I 75,,,Angle Crash,2,Clear,Dry,Daylight
2023-12-18T08:29:00.000,I 285,,,Angle Crash,2,Clear,Dry,Daylight
2023-02-02T18:24:00.000,I 75,,,Angle Crash,2,Rain,Wet,Dark-Not Lighted
2023-01-20T12:40:00.000,I 285,,,Sideswipe-Same Direction,3,Clear,Dry,Daylight
2023-12-18T23:20:00.000,I 20,,,Rear End,2,Clear,Dry,Dark-Lighted
2023-08-20T11:05:00.000,I 75,,,Sideswipe-Same Direction,2,Clear,Dry,Daylight
2023-08-07T07:10:00.000,I 95,,,Sideswipe-Same Direction,2,Clear,Dry,Dawn
2023-09-28T13:53:00.000,I 85,,,Rear End,2,Clear,Dry,Daylight
2023-10-22T11:30:00.000,I-75,,,Angle Crash,2,Clear,Dry,Daylight
2023-03-17T17:44:00.000,I 75,,,Rear End,2,Rain,Wet,Daylight
2023-11-06T19:16:00.000,I 285,,,Rear End,4,Clear,Dry,Dark-Lighted
2023-09-18T08:40:00.000,I 20,,,Rear End,2,Clear,Dry,Daylight
2023-06-17T01:30:00.000,I 285,,,Rear End,2,Clear,Dry,Dark-Not Lighted
2023-12-03T06:35:00.000,I 85,,,Not a Collision with Motor Vehicle,1,Severe Thunderstorm or Tornadic,Wet,Dark-Not Lighted
2023-07-17T00:00:00.000,I-75,,,Angle Crash,2,Clear,Dry,Dark-Not Lighted
2023-01-01T02:30:00.000,I-75,,,Rear End,2,Clear,Wet,Dark-Not Lighted
2023-12-23T13:35:00.000,I 75,,,Rear End,2,Clear,Dry,Daylight
2023-01-03T16:02:00.000,I 16,,,Rear End,3,Clear,Dry,Daylight
2023-07-21T17:35:00.000,I 20,,,Rear End,2,Clear,Dry,Daylight
2023-07-28T16:03:00.000,I-75,,,Sideswipe-Same Direction,2,Clear,Dry,Daylight
2023-06-15T16:58:00.000,I 75,,,Rear End,2,Rain,Wet,Daylight
2023-01-30T00:00:00.000,I 285,,,Sideswipe-Same Direction,2,Cloudy,Dry,Daylight
2023-04-09T23:30:00.000,I-75,,,Sideswipe-Same Direction,2,Clear,Dry,Dark-Lighted
2023-03-11T15:55:00.000,I 285,,,Sideswipe-Same Direction,2,Clear,Dry,Daylight
2023-09-22T16:50:00.000,I 75,,,Rear End,2,Clear,Dry,Daylight
2023-12-29T18:50:00.000,I 75,,,Sideswipe-Same Direction,2,Cloudy,Dry,Dark-Not Lighted
2023-03-01T20:35:00.000,I 16,,,Sideswipe-Same Direction,2,Clear,Dry,Dark-Lighted
2023-02-09T06:30:00.000,I 85,,,Rear End,2,Clear,Dry,Dark-Lighted
2023-12-22T11:21:00.000,I 85,,,Rear End,2,Cloudy,Dry,Daylight
2023-11-22T17:45:00.000,I 20,,,Sideswipe-Same Direction,2,Cloudy,Dry,Dark-Not Lighted
2023-02-25T13:32:00.000,I 85,,,Rear End,2,Cloudy,Wet,Daylight
2023-01-04T13:00:00.000,I-75,,,Angle Crash,2,Rain,Dry,Daylight
2023-11-21T13:00:00.000,I 20,,,Sideswipe-Same Direction,3,Rain,Wet,Daylight
2023-05-18T23:07:00.000,I 85,,,Rear End,2,Rain,Wet,Dawn
2023-09-19T11:25:00.000,I 285,,,Sideswipe-Same Direction,2,Clear,Dry,Daylight
2023-08-10T16:31:00.000,I 85,,,Rear End,2,Clear,Dry,Daylight
2023-04-13T16:18:00.000,I 20,,,Rear End,2,Cloudy,Wet,Daylight
2023-11-22T21:23:00.000,I 20,,,Angle Crash,2,Clear,Dry,Dark-Lighted
2023-09-05T07:50:00.000,I 85,,,Rear End,2,Clear,Dry,Daylight
2023-02-12T06:11:00.000,I-75,,,Rear End,2,Clear,Dry,Dawn
2023-08-18T17:03:00.000,I 16,,,Sideswipe-Same Direction,2,Clear,Dry,Daylight
2023-05-04T16:09:00.000,I 285,,,Sideswipe-Same Direction,2,Clear,Dry,Daylight
2023-03-07T14:36:00.000,I 85,,,Rear End,2,Clear,Dry,Daylight
2023-12-15T15:57:00.000,I 75,,,Sideswipe-Same Direction,2,Clear,Dry,Daylight
2023-11-01T00:40:00.000,I-75,,,Sideswipe-Same Direction,2,Clear,Dry,Dark-Lighted
2023-06-14T12:45:00.000,I 75,,,Sideswipe-Same Direction,2,Clear,Dry,Daylight
2023-09-03T09:20:00.000,I 75,,,Not a Collision with Motor Vehicle,1,Clear,Dry,Daylight
2023-09-08T18:17:00.000,I 75,,,Rear End,2,Clear,Dry,Dawn
2023-04-29T19:54:00.000,I 16,,,Not a Collision with Motor Vehicle,1,Rain,Water (standing or moving),Daylight
2023-03-25T13:05:00.000,I 285,,,Rear End,2,Clear,Dry,Daylight
2023-03-26T22:10:00.000,I 285,,,Rear End,2,Rain,Wet,Dark-Lighted
2023-10-17T13:46:00.000,I 75,,,Rear End,2,Clear,Dry,Daylight
2023-09-07T09:00:00.000,I-75,,,Sideswipe-Same Direction,2,Clear,Dry,Daylight
2023-03-13T11:35:00.000,I 20,,,Rear End,2,Clear,Dry,Daylight
2023-05-04T10:30:00.000,I 75,,,Angle Crash,2,Clear,Dry,Daylight
2023-08-11T12:08:00.000,I 75,,,Not a Collision with Motor Vehicle,1,Cloudy,Dry,Daylight
2023-11-21T14:29:00.000,I 20,,,Rear End,2,Rain,Wet,Daylight
2023-04-22T19:35:00.000,I 285,,,Not a Collision with Motor Vehicle,1,Clear,Dry,Daylight
2023-08-11T13:55:00.000,I 85,,,Not a Collision with Motor Vehicle,1,Rain,Wet,Daylight
2023-07-18T17:58:00.000,I 20,,,Rear End,3,Cloudy,Dry,Daylight
2023-01-30T11:07:00.000,I 285,,,Sideswipe-Same Direction,2,Fog,Wet,Daylight
2023-04-15T21:10:00.000,I 85,,,Rear End,3,Clear,Dry,Dark-Not Lighted
2023-11-26T21:03:00.000,I 20,,,Rear End,2,Clear,Dry,Daylight
2023-09-08T20:17:00.000,I 285,,,Rear End,2,Cloudy,Dry,Dark-Not Lighted
2023-06-26T21:54:00.000,I 75,,,Rear End,2,Clear,Dry,Dark-Lighted
2023-07-15T20:24:00.000,I 20,,,Not a Collision with Motor Vehicle,1,Rain,Wet,Dusk
2023-07-21T23:45:00.000,I 285,,,Not a Collision with Motor Vehicle,1,Rain,Wet,Dark-Lighted
2023-07-09T05:50:00.000,I 20,,,Rear End,2,Clear,Dry,Dawn
2023-03-28T17:37:00.000,I 285,,,Rear End,2,Cloudy,Dry,Daylight
2023-10-14T09:45:00.000,I 285,,,Sideswipe-Same Direction,5,Cloudy,Dry,Daylight
2023-12-16T13:00:00.000,I-75,,,Rear End,2,Clear,Dry,Daylight
2023-02-21T19:31:00.000,I 285,,,Sideswipe-Same Direction,2,Cloudy,Wet,Dark-Lighted
2023-01-22T08:00:00.000,I 20,,,Rear End,2,Rain,Water (standing or moving),Dark-Not Lighted
2023-03-01T11:15:00.000,I 85,,,Rear End,2,Cloudy,Dry,Daylight
2023-02-01T14:55:00.000,I-75,,,Rear End,2,Clear,Dry,Daylight
2023-12-04T19:20:00.000,I 85,,,Rear End,2,Clear,Dry,Dark-Lighted
2023-11-12T06:11:00.000,I-75,,,Angle Crash,2,Cloudy,Dry,Dark-Lighted
2023-12-17T01:20:00.000,I-75,,,Rear End,2,Clear,Dry,Dark-Lighted
2023-11-21T05:31:00.000,I 75,,,Not a Collision with Motor Vehicle,1,Rain,Wet,Dark-Not Lighted
2023-05-17T17:03:00.000,I 16,,,Sideswipe-Same Direction,2,Rain,Wet,Daylight
2023-11-26T15:07:00.000,I 20,,,Rear End,3,Rain,Wet,Daylight
2023-09-07T18:20:00.000,I 75,,,Not a Collision with Motor Vehicle,1,Clear,Dry,Daylight
2023-03-26T22:21:00.000,I 75,,,Angle Crash,2,Rain,Water (standing or moving),Dark-Not Lighted
2023-01-04T01:30:00.000,I-75,,,Sideswipe-Same Direction,2,Rain,Wet,Dark-Not Lighted
2023-04-04T00:07:00.000,I 285,,,Not a Collision with Motor Vehicle,1,Clear,Dry,Dark-Not Lighted
2023-07-26T00:50:00.000,I-75,,,Angle Crash,4,Clear,Dry,Dark-Lighted
2023-06-08T05:00:00.000,I 285,,,Not a Collision with Motor Vehicle,1,Clear,Dry,Dark-Not Lighted
2023-09-26T15:53:00.000,I 75,,,Rear End,2,Rain,Wet,Daylight
2023-04-14T16:05:00.000,I 95,,,Angle Crash,2,Cloudy,Dry,Daylight
2023-10-12T10:50:00.000,I 75,,,Sideswipe-Same Direction,2,Clear,Dry,Daylight
2023-10-21T21:07:00.000,I-75,,,Rear End,2,Clear,Dry,Dark-Lighted
2023-09-11T15:58:00.000,I 285,,,Rear End,2,Cloudy,Dry,Daylight
2023-04-27T06:40:00.000,I 285,,,Angle Crash,2,Cloudy,Dry,Daylight
2023-09-09T21:08:00.000,I-75,,,Rear End,2,Clear,Dry,Dark-Lighted
2023-08-01T10:56:00.000,I 75,,,Rear End,2,Clear,Dry,Daylight
2023-08-28T17:16:00.000,I 285,,,Rear End,2,Rain,Wet,Daylight
2023-03-19T13:35:00.000,I-75,,,Rear End,2,Clear,Dry,Daylight
2023-09-28T09:40:00.000,I 20,,,Sideswipe-Same Direction,2,Cloudy,Dry,Daylight
2023-04-27T16:52:00.000,I 20,,,Rear End,3,Cloudy,Wet,Daylight
2023-03-07T18:29:00.000,I 75,,,Angle Crash,3,Clear,Dry,Daylight
2023-03-10T06:30:00.000,I 20,,,Rear End,2,Rain,Wet,Daylight
2023-12-17T06:00:00.000,I 75,,,Not a Collision with Motor Vehicle,1,Cloudy,Dry,Dark-Not Lighted
2023-09-07T02:52:00.000,I 20,,,Not a Collision with Motor Vehicle,1,Cloudy,Dry,Dark-Not Lighted
2023-01-19T09:44:00.000,I 75,,,Angle Crash,1,Cloudy,Wet,Daylight
2023-01-03T10:05:00.000,I 85,,,Rear End,2,Rain,Wet,Dark-Not Lighted
2023-02-17T06:37:00.000,I 75,,,Sideswipe-Same Direction,2,Rain,Wet,Dark-Not Lighted
2023-09-25T06:10:00.000,I 75,,,Rear End,2,Clear,Dry,Dark-Not Lighted
2023-01-30T06:50:00.000,I 16,,,Rear End,6,Cloudy,Wet,Daylight
2023-06-08T11:19:00.000,I 75,,,Not a Collision with Motor Vehicle,1,Clear,Dry,Daylight
2023-01-18T19:47:00.000,I 20,,,Rear End,2,Cloudy,Wet,Dark-Lighted
2023-11-21T18:09:00.000,I 75,,,Sideswipe-Same Direction,2,Cloudy,Wet,Dark-Not Lighted
2023-04-19T12:57:00.000,I 75,,,Not a Collision with Motor Vehicle,2,Clear,Dry,Daylight
2023-02-28T16:39:00.000,I 75,,,Not a Collision with Motor Vehicle,1,Clear,Dry,Daylight
2023-12-20T04:50:00.000,I 16,,,Sideswipe-Same Direction,2,Clear,Dry,Dark-Not Lighted
2023-11-11T20:00:00.000,I-75,,,Rear End,3,Rain,Water (standing or moving),Dark-Lighted
2023-12-10T11:14:00.000,I 75,,,Not a Collision with Motor Vehicle,1,Rain,Wet,Daylight
2023-04-15T03:10:00.000,I 20,,,Rear End,2,Clear,Dry,Dark-Lighted
2023-08-01T10:53:00.000,I 16,,,Angle Crash,2,Clear,Dry,Daylight
2023-09-17T15:46:00.000,I 20,,,Sideswipe-Same Direction,2,Clear,Dry,Daylight
2023-10-19T11:27:00.000,I 75,,,Sideswipe-Same Direction,3,Clear,Dry,Daylight
2023-04-19T10:15:00.000,I-75,,,Sideswipe-Same Direction,2,Clear,Dry,Daylight
2023-08-15T07:08:00.000,I 85,,,Angle Crash,2,Clear,Dry,Daylight
2023-11-03T04:39:00.000,I 85,,,Rear End,2,Clear,Dry,Dark-Lighted
2023-09-18T16:45:00.000,I 85,,,Sideswipe-Same Direction,2,Clear,Dry,Daylight
2023-10-06T12:00:00.000,I 285,,,Sideswipe-Same Direction,3,Cloudy,Dry,Daylight
2023-12-26T14:01:00.000,I 285,,,Sideswipe-Same Direction,2,Clear,Wet,Daylight