Date and Time,Roadway (From Crash Report),Intersection Name (from Crash Report),KABCO Severity,Manner of Collision (Crash Level) ,# of Vehicles per crash ,Weather Conditions (Crash Level),Surface Condition (Crash Level) ,Light Conditions (Crash Level)
2023-10-09T13:12:00.000,I 85,,,Sideswipe-Same Direction,2,Clear,Dry,Daylight
2023-01-10T21:35:00.000,I-75,,,Rear End,3,Clear,Dry,Dark-Lighted
2023-04-21T16:02:00.000,I 16,,,Rear End,3,Clear,Dry,Daylight
2023-01-24T01:33:00.000,I 20,,,Not a Collision with Motor Vehicle,1,Clear,Dry,Dark-Not Lighted
2023-03-27T11:35:00.000,I 16,,,Not a Collision with Motor Vehicle,1,Rain,Wet,Daylight
2023-06-18T08:50:00.000,I 16,,,Rear End,2,Clear,Dry,Daylight
2023-03-30T14:48:00.000,I 20,,,Rear End,2,Clear,Dry,Daylight
2023-10-20T06:36:00.000,I 85,,,Rear End,2,Rain,Wet,Dark-Not Lighted
2023-12-03T15:59:00.000,I-75,,,Rear End,2,Clear,Dry,Daylight
2023-02-28T10:20:00.000,I 75,,,Sideswipe-Same Direction,2,Cloudy,Dry,Daylight
2023-11-21T08:22:00.000,I 75,,,Rear End,3,Rain,Wet,Daylight
2023-02-25T18:38:00.000,I-75,,,Rear End,2,Cloudy,Wet,Dark-Lighted
2023-03-01T08:57:00.000,I 285,,,Not a Collision with Motor Vehicle,4,Cloudy,Dry,Daylight
2023-11-09T08:21:00.000,I 285,,,Rear End,2,Clear,Dry,Daylight
2023-05-11T13:30:00.000,I 285,,,Rear End,2,Cloudy,Dry,Daylight
2023-06-03T01:10:00.000,I 75,,,Rear End,2,Clear,Dry,Dark-Not Lighted
2023-09-07T21:22:00.000,I 75,,,Not a Collision with Motor Vehicle,2,Clear,Dry,Dark-Not Lighted
2023-01-04T07:25:00.000,I 285,,,Angle Crash,2,Rain,Wet,Daylight
2023-01-30T18:36:00.000,I 75,,,Rear End,2,Cloudy,Dry,Dark-Not Lighted
2023-04-10T20:08:00.000,I-75,,,Sideswipe-Same Direction,2,Clear,Dry,Daylight
2023-12-29T16:49:00.000,I 85,,,Sideswipe-Same Direction,2,Clear,Dry,Daylight
2023-06-14T18:00:00.000,I 16,,,(None),1,(None),(None),(None)
2023-10-11T22:45:00.000,I-75,,,Rear End,2,Rain,Water (standing or moving),Dark-Lighted
2023-12-17T08:46:00.000,I 20,,,Not a Collision with Motor Vehicle,1,Rain,Wet,Daylight
2023-04-01T10:25:00.000,I 285,,,Sideswipe-Same Direction,2,Rain,Water (standing or moving),Daylight
2023-03-13T05:30:00.000,I-75,,,Rear End,3,Clear,Dry,Dark-Lighted
2023-02-02T13:02:00.000,I 16,,,Not a Collision with Motor Vehicle,1,Cloudy,Dry,Daylight
2023-07-21T22:20:00.000,I-75,,,Rear End,2,Clear,Wet,Dark-Lighted
2023-12-15T16:30:00.000,I 285,,,Rear End,2,Clear,Dry,Daylight
2023-07-22T15:52:00.000,I 285,,,Sideswipe-Same Direction,2,Clear,Dry,Daylight
2023-06-17T10:16:00.000,I 85,,,Not a Collision with Motor Vehicle,1,Clear,Dry,Daylight
2023-03-27T13:18:00.000,I 16,,,Not a Collision with Motor Vehicle,1,Rain,Wet,Daylight
2023-10-25T19:00:00.000,I 20,,,Not a Collision with Motor Vehicle,2,Cloudy,Dry,Dark-Not Lighted
2023-07-28T21:25:00.000,I 285,,,Rear End,3,Clear,Dry,Dark-Not Lighted
2023-04-29T15:20:00.000,I-75,,,Rear End,4,Clear,Dry,Daylight
2023-06-16T13:45:00.000,I 85,,,Sideswipe-Same Direction,2,Cloudy,Dry,Daylight
2023-09-07T12:00:00.000,I 285,,,Sideswipe-Same Direction,2,Clear,Dry,Daylight
2023-06-06T18:31:00.000,I 285,,,Rear End,3,Cloudy,Wet,Daylight
2023-12-27T13:46:00.000,I 75,,,Rear End,2,Clear,Dry,Daylight
2023-10-30T19:31:00.000,I 285,,,Sideswipe-Same Direction,2,Cloudy,Dry,Dark-Not Lighted
2023-04-19T13:38:00.000,I 75,,,Sideswipe-Same Direction,2,Clear,Dry,Daylight
2023-04-22T03:50:00.000,I 75,,,Rear End,2,Clear,Dry,Dark-Not Lighted
2023-12-08T07:11:00.000,I 85,,,Rear End,3,Cloudy,Dry,Daylight
2023-03-12T15:17:00.000,I 285,,,Not a Collision with Motor Vehicle,1,Cloudy,Wet,Daylight
2023-09-09T21:36:00.000,I 75,,,Sideswipe-Same Direction,2,Clear,Dry,Dark-Not Lighted
2023-08-12T02:35:00.000,I 75,,,Not a Collision with Motor Vehicle,1,Clear,Dry,Dark-Lighted
2023-01-28T12:42:00.000,I 285,,,Sideswipe-Same Direction,2,Clear,Dry,Daylight
2023-11-26T18:36:00.000,I-75,,,Rear End,2,Cloudy,Wet,Dark-Lighted
2023-08-12T19:45:00.000,I 75,,,Not a Collision with Motor Vehicle,1,Rain,Wet,Dusk
2023-02-15T07:01:00.000,I-75,,,Rear End,2,Cloudy,Dry,Daylight
2023-08-05T20:12:00.000,I 75,,,Angle Crash,2,Clear,Dry,Daylight
2023-06-28T17:49:00.000,I 75,,,Sideswipe-Same Direction,3,Clear,Dry,Daylight
2023-03-25T00:35:00.000,I 75,,,Rear End,2,Clear,Dry,Dark-Not Lighted
2023-04-03T14:34:00.000,I 75,,,Sideswipe-Same Direction,2,Clear,Dry,Daylight
2023-03-23T17:21:00.000,I 20,,,Rear End,2,Cloudy,Dry,Daylight
2023-05-19T11:27:00.000,I 85,,,Sideswipe-Same Direction,2,Cloudy,Dry,Daylight
2023-05-04T18:39:00.000,I 20,,,Rear End,3,Clear,Dry,Daylight
2023-06-06T22:14:00.000,I 85,,,Rear End,2,Clear,Dry,Dark-Not Lighted
2023-03-17T22:00:00.000,I-75,,,Head On,2,Clear,Dry,Dark-Not Lighted
2023-09-06T12:32:00.000,I 75,,,Not a Collision with Motor Vehicle,1,Clear,Dry,Daylight
2023-02-21T02:10:00.000,I-75,,,Not a Collision with Motor Vehicle,1,Clear,Dry,Dark-Lighted
2023-06-23T08:20:00.000,I 85,,,Rear End,2,Cloudy,Dry,Daylight
2023-03-01T18:42:00.000,I-75,,,Rear End,2,Clear,Dry,Dark-Lighted
2023-12-11T22:54:00.000,I 20,,,Angle Crash,2,Clear,Dry,Dark-Not Lighted
2023-10-16T12:05:00.000,I 75,,,Head On,2,Clear,Dry,Daylight
2023-05-20T10:53:00.000,I 20,,,Sideswipe-Same Direction,2,Cloudy,Dry,Daylight
2023-01-19T19:05:00.000,I 85,,,Rear End,5,Clear,Dry,Dark-Lighted
2023-08-03T19:26:00.000,I 75,,,Rear End,2,Cloudy,Dry,Daylight
2023-04-05T14:15:00.000,I-75,,,Sideswipe-Same Direction,2,Cloudy,Dry,Daylight
2023-03-25T05:30:00.000,I 75,,,Rear End,2,Rain,Wet,Dark-Lighted
2023-09-25T12:58:00.000,I-75,,,Rear End,2,Clear,Dry,Daylight
2023-09-20T06:19:00.000,I 85,,,Sideswipe-Same Direction,2,Clear,Dry,Daylight
2023-03-30T12:30:00.000,I 20,,,Not a Collision with Motor Vehicle,1,Clear,Dry,Daylight
2023-10-20T11:53:00.000,I 85,,,Sideswipe-Same Direction,2,Cloudy,Dry,Daylight
2023-09-24T00:00:00.000,I 16,,,Not a Collision with Motor Vehicle,1,Clear,Dry,Daylight
2023-02-17T08:26:00.000,I 75,,,Angle Crash,3,Rain,Wet,Daylight
2023-01-30T07:45:00.000,I 20,,,Rear End,2,Rain,Wet,Daylight
2023-10-26T00:00:00.000,I 20,,,Rear End,2,Clear,Dry,Dark-Not Lighted
2023-11-02T11:03:00.000,I 16,,,Not a Collision with Motor Vehicle,1,Clear,Dry,Daylight
2023-05-09T21:42:00.000,I-75,,,Rear End,4,Clear,Dry,Dark-Lighted
2023-05-17T22:10:00.000,I-75,,,Rear End,2,Clear,Dry,Dark-Lighted
2023-03-26T17:18:00.000,I 85,,,Rear End,2,Cloudy,Dry,Daylight
2023-01-26T01:50:00.000,I 75,,,Not a Collision with Motor Vehicle,1,Clear,Wet,Dark-Not Lighted
2023-04-29T15:20:00.000,I-75,,,Rear End,4,Clear,Dry,Daylight
2023-08-24T19:38:00.000,I 285,,,Angle Crash,2,Clear,Dry,Daylight
2023-12-07T16:00:00.000,I 85,,,Rear End,2,Clear,Dry,Dark-Not Lighted
2023-08-30T17:45:00.000,I 20,,,Not a Collision with Motor Vehicle,2,Clear,Dry,Daylight
2023-10-15T11:50:00.000,I-75,,,Rear End,4,Clear,Dry,Daylight
2023-06-21T14:55:00.000,I 75,,,Not a Collision with Motor Vehicle,1,Rain,Wet,Daylight
2023-08-19T08:12:00.000,I 75,,,Not a Collision with Motor Vehicle,1,Clear,Dry,Daylight
2023-07-03T13:33:00.000,I 75,,,Not a Collision with Motor Vehicle,1,Cloudy,Dry,Daylight
2023-11-29T20:00:00.000,I-75,,,Rear End,2,Clear,Dry,Dark-Not Lighted
2023-06-23T17:00:00.000,I 85,,,Sideswipe-Same Direction,2,Clear,Dry,Daylight
2023-07-14T11:00:00.000,I 85,,,Rear End,2,Clear,Dry,Daylight
2023-06-01T01:17:00.000,I 85,,,Not a Collision with Motor Vehicle,1,Clear,Dry,Dark-Lighted
2023-01-11T13:24:00.000,I 75,,,Sideswipe-Same Direction,2,Clear,Dry,Daylight
2023-01-25T08:27:00.000,I 285,,,Rear End,2,Rain,Wet,Daylight
2023-11-01T18:35:00.000,I-75,,,Sideswipe-Same Direction,2,Clear,Dry,Daylight
2023-09-07T16:10:00.000,I 20,,,Not a Collision with Motor Vehicle,1,Rain,Wet,Daylight
2023-03-27T08:07:00.000,I 75,,,Sideswipe-Same Direction,2,Rain,Wet,Daylight
2023-10-30T14:36:00.000,I-75,,,Not a Collision with Motor Vehicle,2,Clear,Dry,Daylight
2023-06-16T06:03:00.000,I 20,,,Not a Collision with Motor Vehicle,1,Clear,Dry,Dark-Not Lighted
2023-12-23T15:01:00.000,I-75,,,Rear End,2,Clear,Dry,Daylight
2023-12-26T17:47:00.000,I 75,,,(None),2,(None),(None),(None)
2023-07-19T16:45:00.000,I-75,,,Angle Crash,3,Clear,Dry,Daylight
2023-03-22T23:05:00.000,I 285,,,Rear End,2,Clear,Dry,Daylight
2023-03-06T07:31:00.000,I 20,,,Rear End,2,Clear,Dry,Daylight
2023-04-30T11:27:00.000,I-75,,,Angle Crash,2,Clear,Dry,Daylight
2023-04-21T01:23:00.000,I 285,,,Not a Collision with Motor Vehicle,1,Clear,Dry,Dark-Not Lighted
2023-09-16T12:15:00.000,I 75,,,Sideswipe-Same Direction,3,Rain,Dry,Daylight
2023-09-23T15:39:00.000,I-75,,,Sideswipe-Same Direction,2,Clear,Dry,Daylight
2023-11-01T04:47:00.000,I 20,,,Not a Collision with Motor Vehicle,1,Clear,Dry,Dark-Lighted
2023-01-11T20:49:00.000,I 85,,,Sideswipe-Same Direction,2,Cloudy,Dry,Dark-Lighted
2023-12-25T14:39:00.000,I 85,,,Rear End,2,Rain,Wet,Daylight
2023-10-20T06:45:00.000,I 75,,,Rear End,2,Rain,Wet,Dark-Lighted
2023-01-31T11:20:00.000,I 85,,,Rear End,2,Cloudy,Dry,Daylight
2023-08-07T06:39:00.000,I 85,,,Sideswipe-Same Direction,2,Clear,Dry,Dawn
2023-11-28T16:15:00.000,I-75,,,Sideswipe-Same Direction,2,Clear,Dry,Daylight
2023-08-07T07:12:00.000,I 75,,,Not a Collision with Motor Vehicle,1,Clear,Dry,Daylight
2023-11-06T14:34:00.000,I 20,,,Rear End,2,Clear,Dry,Daylight
2023-06-05T13:52:00.000,I 285,,,Rear End,3,Clear,Dry,Daylight
2023-06-04T18:31:00.000,I 75,,,Sideswipe-Same Direction,2,Clear,Dry,Dark-Lighted
2023-06-25T11:20:00.000,I 85,,,Sideswipe-Same Direction,2,Clear,Dry,Daylight
2023-11-03T17:25:00.000,I 95,,,Rear End,2,Clear,Dry,Daylight
2023-04-26T05:52:00.000,I 285,,,Angle Crash,2,Cloudy,Dry,Dark-Lighted
2023-04-27T20:10:00.000,I 75,,,Rear End,2,Clear,Dry,Dark-Not Lighted
2023-07-19T23:00:00.000,I 20,,,Sideswipe-Same Direction,2,Clear,Dry,Dark-Not Lighted
2023-09-29T18:04:00.000,I 75,,,Not a Collision with Motor Vehicle,1,Clear,Dry,Daylight
2023-03-02T14:03:00.000,I 75,,,Sideswipe-Same Direction,2,Rain,Wet,Daylight
2023-03-14T03:30:00.000,I-75,,,Sideswipe-Same Direction,2,Clear,Dry,Dark-Not Lighted
2023-01-04T09:30:00.000,I-75,,,Rear End,2,Rain,Wet,Daylight
2023-12-26T16:02:00.000,I 85,,,Sideswipe-Same Direction,2,Cloudy,Wet,Daylight
2023-10-26T17:48:00.000,I-75,,,Rear End,2,Clear,Dry,Daylight
2023-10-30T21:13:00.000,I 75,,,Not a Collision with Motor Vehicle,1,Clear,Dry,Dusk
2023-11-29T09:08:00.000,I 85,,,Rear End,2,Clear,Dry,Daylight
2023-07-15T16:55:00.000,I 85,,,Rear End,2,Clear,Dry,Daylight
2023-08-12T14:38:00.000,I 20,,,Not a Collision with Motor Vehicle,1,Cloudy,Dry,Daylight
2023-03-06T17:15:00.000,I 85,,,Rear End,2,Clear,Dry,Daylight
2023-08-24T22:30:00.000,I-75,,,Rear End,2,Clear,Dry,Dark-Lighted
2023-11-08T09:31:00.000,I 75,,,Rear End,2,Clear,Dry,Daylight
2023-04-29T23:00:00.000,I-75,,,Rear End,2,Rain,Water (standing or moving),Dark-Lighted
2023-04-02T01:00:00.000,I-75,,,Rear End,2,Clear,Dry,Dark-Not Lighted
2023-10-24T00:00:00.000,I 285,,,Not a Collision with Motor Vehicle,1,Clear,Dry,Daylight
2023-11-06T16:35:00.000,I 285,,,Sideswipe-Same Direction,2,Clear,Dry,Daylight
2023-10-20T20:42:00.000,I 75,,,Not a Collision with Motor Vehicle,1,Clear,Dry,Dark-Not Lighted
2023-05-05T19:01:00.000,I 75,,,Rear End,2,Rain,Wet,Daylight
2023-11-08T20:02:00.000,I 85,,,Sideswipe-Same Direction,2,Clear,Dry,Dark-Lighted
2023-01-20T17:37:00.000,I 75,,,Rear End,2,Clear,Dry,Daylight
2023-10-28T18:00:00.000,I-75,,,Angle Crash,4,Clear,Dry,Daylight
2023-01-10T08:10:00.000,I 75,,,Sideswipe-Same Direction,2,Clear,Dry,Daylight
2023-09-17T04:45:00.000,I 75,,,Not a Collision with Motor Vehicle,1,Rain,Water (standing or moving),Dark-Not Lighted
2023-09-17T00:03:00.000,I 75,,,Angle Crash,2,Cloudy,Dry,Dark-Not Lighted
2023-04-25T20:08:00.000,I 95,,,Sideswipe-Same Direction,2,Clear,Dry,Dark-Not Lighted
2023-05-03T07:45:00.000,I 75,,,Sideswipe-Same Direction,2,Clear,Dry,Daylight
2023-11-07T08:12:00.000,I 75,,,Sideswipe-Same Direction,2,Clear,Dry,Daylight
2023-10-03T05:38:00.000,I-75,,,Angle Crash,2,Clear,Dry,Dark-Lighted
2023-04-24T18:00:00.000,I 20,,,Rear End,4,Clear,Dry,Daylight
2023-08-25T22:40:00.000,I-75,,,Rear End,2,Clear,Dry,Dark-Lighted
2023-01-03T14:09:00.000,I 16,,,Not a Collision with Motor Vehicle,1,Clear,Dry,Daylight
2023-11-20T00:06:00.000,I 285,,,Sideswipe-Same Direction,2,Clear,Dry,Dark-Not Lighted
2023-09-27T16:23:00.000,I 75,,,Sideswipe-Same Direction,2,Clear,Dry,Daylight
2023-08-23T17:44:00.000,I-75,,,Rear End,2,Clear,Dry,Daylight
2023-11-09T16:36:00.000,I 85,,,Sideswipe-Same Direction,2,Clear,Dry,Daylight
2023-11-05T17:27:00.000,I 16,,,Rear End,2,Clear,Dry,Dark-Lighted
2023-07-14T15:23:00.000,I 85,,,Rear End,4,Clear,Dry,Daylight
2023-02-22T10:39:00.000,I-75,,,Rear End,3,Clear,Dry,Daylight
2023-09-27T09:45:00.000,I 75,,,Sideswipe-Same Direction,2,Cloudy,Dry,Daylight
2023-12-18T10:17:00.000,I 16,,,Sideswipe-Same Direction,2,Clear,Dry,Daylight
2023-08-31T08:02:00.000,I 285,,,Rear End,3,Clear,Dry,Daylight
2023-05-18T11:42:00.000,I 75,,,Sideswipe-Same Direction,2,Clear,Dry,Daylight
2023-05-12T17:12:00.000,I 16,,,Not a Collision with Motor Vehicle,1,Clear,Dry,Daylight
2023-06-25T18:39:00.000,I 285,,,Sideswipe-Same Direction,2,Severe Thunderstorm or Tornadic,Wet,Daylight
2023-07-24T05:00:00.000,I 20,,,Not a Collision with Motor Vehicle,1,Clear,Dry,Dark-Not Lighted
2023-09-01T21:30:00.000,I-75,,,Head On,3,Clear,Dry,Dark-Not Lighted
2023-06-30T14:50:00.000,I 75,,,Sideswipe-Same Direction,2,Cloudy,Dry,Daylight
2023-08-09T16:00:00.000,I-75,,,Sideswipe-Same Direction,2,Cloudy,Dry,Daylight
2023-06-22T06:06:00.000,I 20,,,Not a Collision with Motor Vehicle,1,Rain,Wet,Dark-Not Lighted
2023-12-13T08:30:00.000,I-75,,,Rear End,2,Clear,Dry,Daylight
2023-03-11T03:30:00.000,I-75,,,Sideswipe-Same Direction,2,Clear,Dry,Dark-Lighted
2023-03-17T06:00:00.000,I 285,,,Sideswipe-Same Direction,2,Cloudy,Dry,Dark-Lighted
2023-03-20T14:40:00.000,I 285,,,Rear End,2,Clear,Dry,Daylight
2023-09-16T12:15:00.000,I-75,,,Rear End,2,Rain,Dry,Daylight
2023-12-19T15:00:00.000,I 85,,,Rear End,2,Clear,Dry,Daylight
2023-11-01T09:30:00.000,I 75,,,Rear End,2,Clear,Dry,Daylight
2023-04-23T07:42:00.000,I 20,,,Sideswipe-Same Direction,2,Clear,Dry,Daylight
2023-09-29T08:55:00.000,I 285,,,Rear End,2,Clear,Dry,Daylight
2023-11-22T06:35:00.000,I 20,,,Sideswipe-Same Direction,2,Cloudy,Dry,Dark-Not Lighted
2023-12-06T05:30:00.000,I 75,,,Sideswipe-Same Direction,2,Clear,Dry,Dark-Lighted
2023-10-25T07:09:00.000,I 285,,,Not a Collision with Motor Vehicle,1,Clear,Dry,Dark-Not Lighted
2023-01-31T17:59:00.000,I 75,,,Not a Collision with Motor Vehicle,1,Clear,Dry,Dark-Not Lighted
2023-08-16T07:32:00.000,I 75,,,Sideswipe-Same Direction,2,Clear,Dry,Dark-Not Lighted
2023-10-12T07:12:00.000,I 16,,,Sideswipe-Same Direction,2,Rain,Wet,Dark-Not Lighted
2023-01-20T19:27:00.000,I 85,,,Rear End,2,Clear,Dry,Dark-Not Lighted
2023-04-06T14:35:00.000,I 75,,,Rear End,2,Clear,Dry,Daylight
2023-12-19T22:30:00.000,I 75,,,Rear End,2,Clear,Dry,Dark-Lighted
2023-11-17T19:41:00.000,I 75,,,Sideswipe-Same Direction,2,Clear,Dry,Dark-Lighted
2023-12-26T11:42:00.000,I 95,,,Rear End,2,Cloudy,Dry,Daylight
2023-09-23T00:05:00.000,I 75,,,Not a Collision with Motor Vehicle,1,Cloudy,Dry,Dark-Not Lighted
2023-10-02T17:25:00.000,I 85,,,Rear End,2,Clear,Dry,Daylight
2023-02-04T17:40:00.000,I 285,,,Not a Collision with Motor Vehicle,1,Clear,Dry,Dark-Lighted
2023-09-11T17:30:00.000,I 85,,,Rear End,3,Clear,Dry,Daylight
2023-12-30T15:10:00.000,I-75,,,Rear End,2,Clear,Dry,Daylight
2023-02-22T14:20:00.000,I 285,,,Rear End,2,Clear,Dry,Daylight
2023-04-09T14:41:00.000,I 16,,,(None),1,(None),(None),(None)
2023-06-09T12:45:00.000,I-75,,,Sideswipe-Same Direction,2,Clear,Dry,Daylight
2023-11-26T19:35:00.000,I 85,,,Sideswipe-Same Direction,2,Rain,Wet,Dark-Lighted
2023-09-27T19:22:00.000,I-75,,,Rear End,2,Clear,Dry,Dark-Lighted
2023-08-28T20:39:00.000,I 75,,,Not a Collision with Motor Vehicle,1,Rain,Wet,Dark-Not Lighted
2023-06-20T07:30:00.000,I 285,,,Sideswipe-Same Direction,2,Clear,Dry,Daylight
2023-01-27T10:44:00.000,I 75,,,Sideswipe-Same Direction,2,Clear,Dry,Daylight
2023-08-17T16:32:00.000,I 20,,,Sideswipe-Same Direction,2,Clear,Dry,Daylight
2023-03-20T17:41:00.000,Sr 140,,,Rear End,2,Clear,Dry,Daylight
2023-02-25T06:45:00.000,I 285,,,Angle Crash,2,Clear,Dry,Dawn
2023-02-24T08:37:00.000,I 20,,,Not a Collision with Motor Vehicle,1,Clear,Dry,Daylight
2023-05-11T09:21:00.000,I 85,,,Sideswipe-Same Direction,1,Cloudy,Dry,Daylight
2023-10-30T13:39:00.000,I 16,,,Angle Crash,2,Clear,Dry,Daylight
2023-02-15T06:22:00.000,I-75,,,Rear End,3,Clear,Dry,Daylight
2023-12-07T08:21:00.000,I 75,,,Sideswipe-Same Direction,2,Clear,Dry,Dawn
2023-12-11T08:50:00.000,I 75,,,Sideswipe-Same Direction,3,Clear,Dry,Daylight
2023-10-14T17:30:00.000,I 85,,,Rear End,3,Clear,Dry,Daylight
2023-04-18T11:00:00.000,I 20,,,Sideswipe-Same Direction,2,Clear,Dry,Daylight
2023-12-10T13:55:00.000,I 85,,,Rear End,2,Rain,Wet,Daylight
2023-04-11T08:19:00.000,I 85,,,Sideswipe-Same Direction,2,Clear,Dry,Daylight
2023-03-24T09:24:00.000,I 85,,,Sideswipe-Same Direction,2,Cloudy,Dry,Daylight
2023-01-31T06:45:00.000,I 16,,,Not a Collision with Motor Vehicle,1,Clear,Wet,Dark-Not Lighted
2023-07-11T17:55:00.000,I 85,,,Rear End,4,Clear,Dry,Daylight
2023-12-15T18:20:00.000,I 85,,,Rear End,2,Clear,Dry,Dark-Not Lighted
2023-09-26T11:45:00.000,I 85,,,Rear End,2,Clear,Dry,Daylight
2023-03-16T13:30:00.000,I 75,,,Rear End,2,Clear,Dry,Daylight
2023-08-08T16:59:00.000,I 75,,,Angle Crash,2,Cloudy,Dry,Daylight
2023-12-12T15:40:00.000,I 85,,,Rear End,2,Clear,Dry,Daylight
2023-07-20T23:26:00.000,I 75,,,Rear End,2,Clear,Dry,Dark-Not Lighted
2023-01-14T10:51:00.000,I-75,,,Sideswipe-Same Direction,3,Clear,Dry,Daylight
2023-05-08T04:55:00.000,I 285,,,Sideswipe-Same Direction,2,Clear,Dry,Dark-Not Lighted
2023-05-15T02:42:00.000,I 75,,,Not a Collision with Motor Vehicle,1,Clear,Wet,Dark-Lighted
2023-07-18T19:30:00.000,I 75,,,Not a Collision with Motor Vehicle,1,Clear,Dry,Daylight
2023-12-26T09:08:00.000,I 75,,,Rear End,2,Clear,Dry,Daylight
2023-02-10T14:02:00.000,I 20,,,Rear End,3,Cloudy,Dry,Daylight
2023-12-09T16:20:00.000,I-75,,,Rear End,2,Cloudy,Wet,Daylight
2023-02-02T15:57:00.000,I 85,,,Sideswipe-Same Direction,2,Rain,Wet,Daylight
2023-07-08T14:45:00.000,I 85,,,Rear End,2,Clear,Dry,Daylight
2023-12-11T14:25:00.000,I 20,,,Not a Collision with Motor Vehicle,3,Clear,Dry,Daylight
2023-12-10T00:00:00.000,I 285,,,Not a Collision with Motor Vehicle,1,Rain,Water (standing or moving),Dark-Not Lighted
2023-09-23T23:00:00.000,I-75,,,Angle Crash,2,Clear,Dry,Dark-Lighted
2023-11-20T12:09:00.000,I 75,,,Sideswipe-Same Direction,2,Cloudy,Dry,Daylight
2023-03-03T04:00:00.000,I-75,,,Not a Collision with Motor Vehicle,1,Clear,Water (standing or moving),Dark-Lighted
2023-02-16T19:45:00.000,I-75,,,Rear End,2,Clear,Dry,Dark-Not Lighted
2023-11-08T17:50:00.000,I 285,,,Sideswipe-Same Direction,2,Clear,Dry,Daylight
2023-04-22T02:52:00.000,I 16,,,Angle Crash,1,Clear,Dry,Dark-Not Lighted
2023-09-13T07:27:00.000,I 20,,,Rear End,2,Cloudy,Wet,Daylight
2023-09-17T19:14:00.000,I-75,,,Angle Crash,2,Clear,Dry,Daylight
2023-11-19T14:14:00.000,I 75,,,Sideswipe-Same Direction,2,Clear,Dry,Daylight
2023-04-07T12:30:00.000,I 85,,,Rear End,2,Cloudy,Dry,Daylight
2023-09-30T10:00:00.000,I 75,,,Sideswipe-Same Direction,2,Clear,Dry,Daylight
2023-06-10T12:25:00.000,I 285,,,Rear End,2,Cloudy,Dry,Daylight
2023-12-07T06:06:00.000,I 75,,,Sideswipe-Same Direction,2,Clear,Dry,Dark-Not Lighted
2023-08-29T02:41:00.000,I 75,,,Rear End,2,Rain,Wet,Dark-Not Lighted
2023-11-22T22:48:00.000,I 75,,,Sideswipe-Same Direction,2,Clear,Dry,Dark-Not Lighted
2023-06-22T18:00:00.000,I 16,,,Rear End,2,Clear,Dry,Daylight
2023-06-15T12:11:00.000,I 75,,,Not a Collision with Motor Vehicle,2,Clear,Dry,Daylight
2023-07-13T16:50:00.000,I 16,,,Rear End,2,Clear,Dry,Daylight
2023-03-18T15:34:00.000,I 85,,,Sideswipe-Same Direction,2,Clear,Dry,Daylight
2023-03-03T14:08:00.000,I 285,,,Rear End,4,Cloudy,Wet,Daylight
2023-03-20T06:14:00.000,I 75,,,Not a Collision with Motor Vehicle,3,Clear,Dry,Dark-Not Lighted
2023-06-06T14:50:00.000,I 20,,,Sideswipe-Same Direction,2,Clear,Dry,Daylight
2023-06-10T00:20:00.000,I-75,,,Sideswipe-Same Direction,2,Clear,Dry,Dark-Lighted
2023-01-04T02:00:00.000,I-75,,,Not a Collision with Motor Vehicle,1,Rain,Wet,Dark-Lighted
2023-03-01T20:00:00.000,I-75,,,Sideswipe-Same Direction,2,Clear,Dry,Dark-Not Lighted
2023-11-24T06:30:00.000,I-75,,,Not a Collision with Motor Vehicle,1,Clear,Dry,Daylight
2023-06-27T17:51:00.000,I 285,,,Sideswipe-Same Direction,2,Clear,Dry,Daylight
2023-07-15T15:18:00.000,I 85,,,Sideswipe-Same Direction,2,Cloudy,Dry,Daylight
2023-12-08T07:01:00.000,I 285,,,Not a Collision with Motor Vehicle,2,Clear,Dry,Dark-Lighted
2023-09-18T02:49:00.000,I 75,,,Not a Collision with Motor Vehicle,1,Clear,Dry,Dark-Not Lighted
2023-05-13T00:15:00.000,I 16,,,Not a Collision with Motor Vehicle,3,Cloudy,Dry,Dark-Not Lighted
2023-02-25T13:35:00.000,I 20,,,Angle Crash,2,Cloudy,Dry,Daylight
2023-02-26T12:32:00.000,I 75,,,Sideswipe-Same Direction,2,Clear,Dry,Daylight
2023-06-23T22:20:00.000,I 75,,,Sideswipe-Same Direction,2,Cloudy,Dry,Dark-Not Lighted
2023-08-25T12:30:00.000,I 75,,,Not a Collision with Motor Vehicle,1,Clear,Dry,Daylight
2023-03-21T22:12:00.000,I 285,,,Not a Collision with Motor Vehicle,1,Clear,Dry,Dark-Lighted
2023-10-02T23:49:00.000,I 95,,,Not a Collision with Motor Vehicle,1,Clear,Dry,Dark-Not Lighted
2023-08-12T15:50:00.000,I-75,,,Angle Crash,2,Cloudy,Wet,Daylight
2023-05-31T09:32:00.000,I 75,,,Not a Collision with Motor Vehicle,2,Clear,Dry,Daylight
2023-12-16T17:00:00.000,I 285,,,Sideswipe-Same Direction,2,Rain,Wet,Dusk
2022-11-05T11:31:00.000,I 20,,,Not a Collision with Motor Vehicle,1,Rain,Wet,Daylight
2022-07-26T12:00:00.000,I 20,,,Rear End,2,Cloudy,Dry,Daylight
2022-05-03T15:00:00.000,I 20,,,Rear End,2,Clear,Dry,Daylight
2022-06-28T18:30:00.000,I 285,,,Rear End,2,Clear,Dry,Daylight
2022-04-29T20:30:00.000,I-75,,,Sideswipe-Same Direction,2,Clear,Dry,Dawn