Date and Time,Roadway (From Crash Report),Intersection Name (from Crash Report),KABCO Severity,Manner of Collision (Crash Level) ,# of Vehicles per crash ,Weather Conditions (Crash Level),Surface Condition (Crash Level) ,Light Conditions (Crash Level)
2022-11-26T20:13:00.000,I 16,,,Rear End,2,Rain,Wet,Dark-Not Lighted
2022-08-26T11:54:00.000,I 85,,,Angle Crash,3,Clear,Dry,Daylight
2022-06-24T22:30:00.000,I-75,,,Rear End,2,Clear,Dry,Dark-Lighted
2022-11-02T07:05:00.000,I 20,,,Rear End,2,Clear,Dry,Dark-Not Lighted
2022-12-09T06:25:00.000,I 75,,,Not a Collision with Motor Vehicle,1,Clear,Dry,Dark-Lighted
2022-01-26T12:58:00.000,I 75,,,Rear End,2,Clear,Dry,Daylight
2022-02-28T07:55:00.000,I 20,,,Rear End,2,Cloudy,Dry,Daylight
2022-02-03T10:27:00.000,I 75,,,Rear End,2,Rain,Wet,Daylight
2022-03-24T08:16:00.000,I 20,,,Rear End,2,Clear,Dry,Daylight
2022-03-21T12:55:00.000,I 85,,,Rear End,2,Clear,Dry,Daylight
2022-09-04T23:10:00.000,I 285,,,Sideswipe-Same Direction,3,Rain,Wet,Dark-Not Lighted
2022-03-27T14:37:00.000,I 20,,,Rear End,2,Clear,Dry,Daylight
2022-08-04T10:10:00.000,I 75,,,Rear End,2,Clear,Dry,Daylight
2022-03-29T02:30:00.000,I 20,,,Not a Collision with Motor Vehicle,1,Clear,Dry,Dark-Lighted
2022-10-06T17:10:00.000,I 16,,,Angle Crash,2,Clear,Dry,Daylight
2022-06-04T14:10:00.000,I 20,,,Sideswipe-Same Direction,2,Clear,Dry,Daylight
2022-11-27T10:42:00.000,I 75,,,Rear End,2,Clear,Dry,Daylight
2022-12-27T00:59:00.000,I 20,,,Sideswipe-Same Direction,2,Clear,Dry,Dark-Not Lighted
2022-10-13T14:50:00.000,I 285,,,Sideswipe-Same Direction,2,Cloudy,Dry,Daylight
2022-12-04T18:07:00.000,I 16,,,Not a Collision with Motor Vehicle,1,Clear,Dry,Daylight
2022-02-28T08:00:00.000,I 95,,,Rear End,2,Cloudy,Wet,Daylight
2022-02-28T17:31:00.000,I 285,,,Sideswipe-Same Direction,2,Clear,Dry,Daylight
2022-12-15T20:53:00.000,I 20,,,Sideswipe-Same Direction,2,Clear,Dry,Dark-Not Lighted
2022-09-21T11:55:00.000,I 285,,,Rear End,2,Clear,Dry,Daylight
2022-05-14T01:00:00.000,I 75,,,Not a Collision with Motor Vehicle,1,Cloudy,Dry,Daylight
2022-10-26T18:25:00.000,I 75,,,Rear End,2,Clear,Dry,Daylight
2022-06-03T18:50:00.000,I 85,,,Sideswipe-Same Direction,2,Clear,Dry,Daylight
2022-11-07T12:35:00.000,I 285,,,Rear End,4,Clear,Dry,Daylight
2022-01-05T15:32:00.000,I 20,,,Rear End,2,Clear,Dry,Daylight
2022-05-26T10:10:00.000,I 75,,,Rear End,2,Cloudy,Dry,Daylight
2022-02-28T09:18:00.000,I 75,,,Sideswipe-Same Direction,2,Clear,Dry,Daylight
2022-08-25T02:40:00.000,I-75,,,Sideswipe-Same Direction,2,Rain,Wet,Dark-Lighted
2022-08-27T11:52:00.000,I 285,,,Not a Collision with Motor Vehicle,2,Clear,Dry,Daylight
2022-11-30T05:30:00.000,I 20,,,Angle Crash,1,Rain,Wet,Dark-Not Lighted
2022-12-29T15:50:00.000,I 75,,,Rear End,3,Clear,Dry,Daylight
2022-11-23T18:15:00.000,I-75,,,Rear End,3,Clear,Dry,Dark-Lighted
2022-12-21T14:26:00.000,I 20,,,Rear End,2,Clear,Dry,Daylight
2022-07-30T07:26:00.000,I 20,,,Sideswipe-Same Direction,2,Clear,Dry,Daylight
2022-06-29T21:33:00.000,I 16,,,Angle Crash,3,Clear,Dry,Dark-Not Lighted
2022-04-06T17:20:00.000,I 285,,,Rear End,2,Rain,Wet,Daylight
2022-01-02T15:25:00.000,I 16,,,Not a Collision with Motor Vehicle,1,Rain,Wet,Daylight
2022-12-30T11:11:00.000,I 20,,,Sideswipe-Same Direction,2,Clear,Dry,Daylight
2022-10-23T01:57:00.000,I 75,,,Not a Collision with Motor Vehicle,2,Clear,Dry,Dark-Lighted
2022-08-05T14:30:00.000,I 75,,,Head On,2,Clear,Dry,Daylight
2022-10-13T07:40:00.000,I 85,,,Not a Collision with Motor Vehicle,1,Cloudy,Wet,Daylight
2022-12-12T05:46:00.000,I 20,,,Sideswipe-Same Direction,2,Fog,Wet,Dark-Lighted
2022-10-12T17:13:00.000,I 20,,,Sideswipe-Same Direction,2,Rain,Wet,Daylight
2022-09-14T13:50:00.000,I-75,,,Rear End,3,Clear,Dry,Daylight
2022-01-06T17:30:00.000,I-75,,,Rear End,2,Cloudy,Water (standing or moving),Dark-Lighted
2022-11-06T17:58:00.000,I 16,,,(None),1,(None),(None),(None)
2022-04-05T12:45:00.000,I 85,,,Not a Collision with Motor Vehicle,1,Rain,Water (standing or moving),Daylight
2022-10-19T13:30:00.000,I-75,,,Rear End,3,Cloudy,Dry,Daylight
2022-08-01T11:57:00.000,I 75,,,Angle Crash,2,Rain,Wet,Daylight
2022-10-25T21:35:00.000,I-75,,,Angle Crash,3,Clear,Water (standing or moving),Dark-Lighted
2022-03-28T15:08:00.000,I 16,,,Rear End,2,Clear,Dry,Daylight
2022-09-11T18:00:00.000,I-75,,,Rear End,2,Rain,Wet,Daylight
2022-01-16T05:30:00.000,I-75,,,Sideswipe-Same Direction,2,Rain,Water (standing or moving),Dark-Not Lighted
2022-03-23T18:50:00.000,I 285,,,Rear End,2,Clear,Dry,Daylight
2022-12-17T21:30:00.000,I-75,,,Head On,2,Clear,Dry,Dark-Lighted
2022-02-07T09:05:00.000,I 285,,,Sideswipe-Same Direction,2,Clear,Dry,Daylight
2022-08-17T09:30:00.000,I 85,,,Rear End,2,Rain,Wet,Daylight
2022-04-07T15:25:00.000,I 75,,,Sideswipe-Same Direction,2,Clear,Dry,Daylight
2022-02-01T09:35:00.000,I 285,,,Rear End,2,Clear,Dry,Daylight
2022-01-15T02:50:00.000,I 20,,,Sideswipe-Same Direction,2,Clear,Dry,Dark-Not Lighted
2022-09-09T21:08:00.000,I-75,,,Sideswipe-Same Direction,2,Clear,Dry,Dark-Lighted
2022-05-13T17:31:00.000,I 85,,,Angle Crash,2,Clear,Dry,Daylight
2022-02-14T15:47:00.000,I 285,,,Rear End,2,Clear,Dry,Daylight
2022-03-03T12:40:00.000,I 285,,,Rear End,2,Clear,Dry,Daylight
2022-08-12T16:30:00.000,I 16,,,Angle Crash,1,Rain,Wet,Daylight
2022-04-28T04:45:00.000,I 20,,,Not a Collision with Motor Vehicle,1,Clear,Dry,Dark-Not Lighted
2022-12-30T15:20:00.000,I 20,,,Sideswipe-Same Direction,2,Clear,Dry,Daylight
2022-05-15T15:31:00.000,I 20,,,Not a Collision with Motor Vehicle,1,Clear,Dry,Daylight
2022-01-28T14:40:00.000,I 285,,,Rear End,2,Cloudy,Dry,Daylight
2022-09-15T12:21:00.000,I 20,,,Sideswipe-Same Direction,2,Clear,Dry,Daylight
2022-09-01T19:02:00.000,I 16,,,Not a Collision with Motor Vehicle,1,Rain,Wet,Dusk
2022-11-19T17:49:00.000,I-75,,,Rear End,2,Clear,Dry,Dark-Lighted
2022-12-23T04:30:00.000,I-75,,,Not a Collision with Motor Vehicle,1,Rain,Water (standing or moving),Dark-Not Lighted
2022-08-10T00:36:00.000,I 285,,,Rear End,2,Rain,Wet,Dark-Not Lighted
2022-10-27T20:43:00.000,I-75,,,Angle Crash,2,Clear,Dry,Dark-Lighted
2022-04-20T17:20:00.000,I 285,,,Angle Crash,2,Cloudy,Dry,Daylight
2022-02-06T09:40:00.000,I 20,,,Rear End,2,Clear,Dry,Daylight
2022-05-16T07:37:00.000,I 75,,,Rear End,3,Clear,Dry,Daylight
2022-11-13T08:50:00.000,I 285,,,Sideswipe-Same Direction,2,Clear,Dry,Daylight
2022-12-07T15:37:00.000,I-75,,,Rear End,3,Clear,Dry,Daylight
2022-11-27T09:52:00.000,I 20,,,Not a Collision with Motor Vehicle,1,Cloudy,Water (standing or moving),Daylight
2022-07-23T15:04:00.000,I 20,,,Sideswipe-Same Direction,2,Clear,Dry,Daylight
2022-08-12T10:00:00.000,I 85,,,Rear End,2,Clear,Dry,Daylight
2022-09-20T17:50:00.000,I 16,,,Rear End,2,Clear,Dry,Daylight
2022-01-02T23:30:00.000,I 85,,,Rear End,2,Rain,Water (standing or moving),Dark-Not Lighted
2022-01-20T16:06:00.000,I 285,,,Rear End,3,Cloudy,Dry,Daylight
2022-08-20T03:06:00.000,I 20,,,Not a Collision with Motor Vehicle,1,Cloudy,Dry,Dark-Lighted
2022-01-02T16:04:00.000,I 20,,,Rear End,2,Cloudy,Wet,Daylight
2022-01-20T17:38:00.000,I 75,,,Rear End,2,Cloudy,Wet,Dark-Not Lighted
2022-10-26T16:10:00.000,I 20,,,Not a Collision with Motor Vehicle,2,Clear,Dry,Daylight
2022-07-15T14:44:00.000,I 16,,,Sideswipe-Same Direction,2,Cloudy,Dry,Daylight
2022-05-23T07:18:00.000,I 75,,,Sideswipe-Same Direction,2,Rain,Wet,Daylight
2022-03-05T23:01:00.000,I 75,,,Angle Crash,2,Clear,Dry,Dark-Not Lighted
2022-09-30T11:29:00.000,I 20,,,Angle Crash,2,Cloudy,Dry,Daylight
2022-11-12T06:46:00.000,I 75,,,Not a Collision with Motor Vehicle,1,Cloudy,Wet,Dark-Not Lighted
2022-09-29T00:00:00.000,I 285,,,Sideswipe-Same Direction,2,Clear,Dry,Daylight
2022-11-26T19:00:00.000,I 285,,,Not a Collision with Motor Vehicle,1,Clear,Dry,Daylight
2022-01-19T10:50:00.000,I 75,,,Rear End,3,Clear,Dry,Daylight
2022-09-01T14:45:00.000,I 75,,,Rear End,2,Rain,Wet,Daylight
2022-01-08T16:28:00.000,I-75,,,Sideswipe-Same Direction,2,Clear,Dry,Daylight
2022-12-30T10:26:00.000,I 75,,,Rear End,2,Clear,Dry,Daylight
2022-02-17T10:00:00.000,I 85,,,Not a Collision with Motor Vehicle,1,Cloudy,Dry,Daylight
2022-10-02T20:00:00.000,I-75,,,Sideswipe-Same Direction,2,Clear,Dry,Daylight
2022-04-18T22:00:00.000,I 75,,,Not a Collision with Motor Vehicle,1,Cloudy,Dry,Dark-Not Lighted
2022-02-13T20:56:00.000,I 285,,,Sideswipe-Same Direction,2,Clear,Dry,Dark-Lighted
2022-11-06T19:30:00.000,I 95,,,Not a Collision with Motor Vehicle,1,Clear,Dry,Dark-Lighted
2022-03-03T12:30:00.000,I 285,,,Sideswipe-Same Direction,2,Clear,Dry,Daylight
2022-12-05T15:20:00.000,I 75,,,Rear End,2,Rain,Wet,Daylight
2022-09-22T07:53:00.000,I 16,,,Not a Collision with Motor Vehicle,1,Clear,Dry,Daylight
2022-06-29T15:26:00.000,I 75,,,Sideswipe-Same Direction,2,Cloudy,Dry,Daylight
2022-01-01T22:25:00.000,I-75,,,Sideswipe-Same Direction,2,Clear,Dry,Dark-Lighted
2022-07-30T15:18:00.000,I 285,,,Angle Crash,2,Cloudy,Dry,Daylight
2022-09-13T11:10:00.000,I 85,,,Sideswipe-Same Direction,3,Clear,Dry,Daylight
2022-03-05T09:00:00.000,I 20,,,Sideswipe-Same Direction,2,Clear,Dry,Daylight
2022-05-12T16:05:00.000,I 285,,,Angle Crash,2,Clear,Dry,Daylight
2022-12-02T19:45:00.000,I 285,,,Rear End,2,Clear,Dry,Dark-Not Lighted
2022-10-01T15:46:00.000,I 285,,,Rear End,2,Clear,Dry,Daylight
2022-04-19T07:20:00.000,I 20,,,Not a Collision with Motor Vehicle,1,Clear,Dry,Daylight
2022-10-10T00:20:00.000,I 85,,,Angle Crash,2,Clear,Dry,Dark-Lighted
2022-11-20T06:22:00.000,I 285,,,Rear End,2,Clear,Dry,Dark-Lighted
2022-10-26T17:45:00.000,I 75,,,Rear End,2,Clear,Dry,Daylight
2022-06-25T16:29:00.000,I 285,,,Sideswipe-Same Direction,2,Clear,Dry,Daylight
2022-05-07T16:01:00.000,I 285,,,Head On,2,Cloudy,Dry,Daylight
2022-10-20T22:30:00.000,I 75,,,Rear End,2,Clear,Dry,Dark-Not Lighted
2022-08-10T16:45:00.000,I-75,,,Angle Crash,2,Clear,Dry,Daylight
2022-12-16T15:18:00.000,I 75,,,Sideswipe-Same Direction,2,Clear,Dry,Daylight
2022-07-19T19:54:00.000,I 75,,,Not a Collision with Motor Vehicle,2,Rain,Wet,Daylight
2022-01-09T23:30:00.000,I-75,,,Angle Crash,2,Rain,Wet,Dark-Lighted
2022-11-26T07:37:00.000,I 75,,,Not a Collision with Motor Vehicle,1,Clear,Dry,Daylight
2022-12-11T20:00:00.000,I-75,,,Rear End,2,Rain,Wet,Dark-Lighted
2022-10-07T16:36:00.000,I 285,,,Sideswipe-Same Direction,2,Cloudy,Dry,Daylight
2022-02-06T02:25:00.000,I-75,,,Rear End,2,Clear,Dry,Dark-Lighted
2022-10-06T11:17:00.000,I 20,,,Rear End,2,Clear,Dry,Daylight
2022-05-10T07:22:00.000,I 20,,,Rear End,2,Clear,Dry,Daylight
2022-01-14T13:18:00.000,I 285,,,Rear End,2,Clear,Dry,Daylight
2022-03-18T07:20:00.000,I 20,,,Angle Crash,2,Clear,Dry,Daylight
2022-08-22T03:45:00.000,I 285,,,Rear End,2,Clear,Dry,Dark-Not Lighted
2022-12-24T00:30:00.000,I 85,,,Not a Collision with Motor Vehicle,1,Clear,Dry,Dark-Not Lighted
2022-08-03T15:58:00.000,I-75,,,Rear End,5,Cloudy,Dry,Daylight
2022-06-17T23:16:00.000,I 285,,,Sideswipe-Same Direction,2,Clear,Dry,Dawn
2022-03-11T08:58:00.000,I 285,,,Rear End,2,Clear,Dry,Daylight
2022-11-23T21:38:00.000,I-75,,,Rear End,3,Clear,Dry,Dark-Lighted
2022-03-02T17:34:00.000,I 20,,,Rear End,2,Clear,Dry,Daylight
2022-11-14T16:04:00.000,I 285,,,Sideswipe-Same Direction,2,Cloudy,Dry,Daylight
2022-03-31T10:30:00.000,I 75,,,Rear End,2,Rain,Wet,Daylight
2022-10-20T17:47:00.000,I 75,,,Sideswipe-Same Direction,2,Clear,Dry,Daylight
2022-07-27T08:49:00.000,I-75,,,Rear End,2,Cloudy,Dry,Daylight
2022-12-02T00:07:00.000,I 285,,,Angle Crash,2,Clear,Dry,Dark-Lighted
2022-04-13T11:28:00.000,I 20,,,Sideswipe-Same Direction,2,Clear,Dry,Daylight
2022-11-13T18:35:00.000,I-75,,,Rear End,2,Clear,Dry,Dark-Lighted
2022-06-09T22:41:00.000,I 85,,,Rear End,2,Clear,Dry,Dark-Not Lighted
2022-04-07T00:00:00.000,I 285,,,Sideswipe-Opposite Direction,2,Clear,Dry,Daylight
2022-01-19T18:30:00.000,I-75,,,Rear End,2,Clear,Dry,Dark-Lighted
2022-04-12T16:40:00.000,I 16,,,Rear End,2,Clear,Dry,Daylight
2022-09-28T15:30:00.000,I 285,,,Angle Crash,2,Cloudy,Dry,Daylight
2022-11-10T17:45:00.000,I 285,,,Rear End,3,Rain,Wet,Dark-Lighted
2022-08-16T00:30:00.000,I-75,,,Angle Crash,2,Clear,Dry,Dark-Not Lighted
2022-02-13T09:45:00.000,I-75,,,Sideswipe-Same Direction,2,Clear,Dry,Daylight
2022-07-12T16:11:00.000,I 16,,,Not a Collision with Motor Vehicle,1,Rain,Wet,Daylight
2022-06-04T11:42:00.000,I 75,,,Not a Collision with Motor Vehicle,1,Clear,Dry,Daylight
2022-12-22T18:10:00.000,I 75,,,Rear End,4,Cloudy,Wet,Dark-Not Lighted
2022-02-26T22:25:00.000,I 85,,,Sideswipe-Same Direction,2,Clear,Dry,Dark-Not Lighted
2022-05-23T13:14:00.000,I 85,,,Rear End,2,Clear,Dry,Daylight
2022-06-03T13:50:00.000,I 95,,,Rear End,2,Clear,Dry,Daylight
2022-02-19T12:00:00.000,I 20,,,Rear End,2,Clear,Dry,Daylight
2022-01-25T14:44:00.000,I 16,,,Rear End,2,Cloudy,Dry,Daylight
2022-01-05T16:02:00.000,I-75,,,Sideswipe-Same Direction,2,Clear,Dry,Daylight
2022-01-28T03:11:00.000,I 75,,,Sideswipe-Same Direction,2,Clear,Dry,Dark-Not Lighted
2022-05-13T23:08:00.000,I 85,,,Not a Collision with Motor Vehicle,1,Clear,Dry,Dark-Lighted
2022-05-12T11:01:00.000,I 285,,,Angle Crash,2,Clear,Dry,Daylight
2022-03-25T19:45:00.000,I 285,,,Sideswipe-Same Direction,2,Clear,Dry,Dark-Not Lighted
2022-10-13T08:34:00.000,I 285,,,Angle Crash,2,Cloudy,Wet,Daylight
2022-04-06T17:41:00.000,I 75,,,Rear End,2,Severe Thunderstorm or Tornadic,Wet,Daylight
2022-12-26T12:36:00.000,I 95,,,Rear End,2,Clear,Dry,Daylight
2022-10-07T20:20:00.000,I 20,,,Rear End,2,Clear,Dry,Dark-Lighted
2022-05-28T20:50:00.000,I-75,,,Not a Collision with Motor Vehicle,1,Clear,Dry,Dark-Not Lighted
2022-12-13T20:45:00.000,I 75,,,Sideswipe-Same Direction,2,Cloudy,Dry,Dark-Not Lighted
2022-08-25T17:20:00.000,I 285,,,Rear End,2,Clear,Wet,Daylight
2022-07-09T21:55:00.000,I-75,,,Rear End,2,Rain,Wet,Dark-Not Lighted
2022-04-04T18:41:00.000,I 285,,,Rear End,2,Clear,Dry,Daylight
2022-05-26T18:57:00.000,I 75,,,Not a Collision with Motor Vehicle,1,Rain,Wet,Daylight
2022-11-02T19:30:00.000,I 75,,,Sideswipe-Same Direction,2,Clear,Dry,Dark-Not Lighted
2022-11-14T10:14:00.000,I 75,,,Rear End,2,Clear,Dry,Daylight
2022-03-13T16:40:00.000,I 85,,,Not a Collision with Motor Vehicle,1,Clear,Dry,Daylight
2022-10-02T21:40:00.000,I 20,,,Head On,2,Clear,Dry,Dark-Not Lighted
2022-04-23T10:00:00.000,I 285,,,Sideswipe-Same Direction,2,Clear,Dry,Daylight
2022-04-05T15:34:00.000,I 16,,,Not a Collision with Motor Vehicle,1,Cloudy,Dry,Daylight
2022-06-15T19:15:00.000,I-75,,,Rear End,2,Clear,Dry,Daylight
2022-02-17T21:02:00.000,I 285,,,Sideswipe-Same Direction,3,Rain,Wet,Dark-Not Lighted
2022-12-31T00:00:00.000,I-75,,,Rear End,2,Clear,Dry,Dark-Lighted
2022-10-24T07:28:00.000,I 285,,,Rear End,2,Clear,Dry,Daylight
2022-03-06T21:30:00.000,I-75,,,Rear End,2,Clear,Dry,Dark-Not Lighted
2022-10-07T20:30:00.000,I 285,,,Rear End,2,Clear,Dry,Dark-Not Lighted
2022-03-24T16:00:00.000,I 75,,,Sideswipe-Same Direction,2,Clear,Dry,Daylight
2022-03-22T07:40:00.000,I 16,,,Rear End,2,Clear,Dry,Daylight
2022-07-30T20:39:00.000,I 16,,,Rear End,2,Clear,Dry,Dark-Lighted
2022-09-04T23:30:00.000,I 85,,,Not a Collision with Motor Vehicle,1,Rain,Wet,Dark-Not Lighted
2022-04-29T14:00:00.000,I 20,,,Sideswipe-Same Direction,2,Clear,Dry,Daylight
2022-04-13T09:57:00.000,I 285,,,Angle Crash,2,Clear,Dry,Daylight
2022-11-27T14:45:00.000,I 75,,,Rear End,2,Clear,Dry,Daylight
2022-08-13T19:00:00.000,I-75,,,Not a Collision with Motor Vehicle,1,Clear,Dry,Daylight
2022-05-23T09:35:00.000,I 95,,,Not a Collision with Motor Vehicle,1,Cloudy,Dry,Daylight
2022-03-06T06:55:00.000,I 75,,,Not a Collision with Motor Vehicle,1,Clear,Dry,Daylight
2022-09-03T16:00:00.000,I 16,,,Not a Collision with Motor Vehicle,1,Clear,Dry,Daylight
2022-10-12T07:03:00.000,I 16,,,Angle Crash,2,Clear,Dry,Dark-Not Lighted
2022-11-08T16:10:00.000,I 95,,,Rear End,2,Clear,Dry,Daylight
2022-01-26T21:36:00.000,I 285,,,Sideswipe-Same Direction,2,Clear,Dry,Dark-Not Lighted
2022-09-20T07:10:00.000,I 20,,,Rear End,3,(None),Dry,(None)
2022-10-25T22:10:00.000,I-75,,,Rear End,3,Rain,Wet,Dark-Lighted
2022-03-28T20:06:00.000,I 85,,,Not a Collision with Motor Vehicle,1,Clear,Dry,Daylight
2022-10-19T20:27:00.000,I 20,,,Rear End,2,Clear,Dry,Dark-Lighted
2022-10-29T04:30:00.000,I 285,,,Not a Collision with Motor Vehicle,1,Clear,Dry,Dark-Not Lighted
2022-12-30T19:58:00.000,I 95,,,Sideswipe-Same Direction,2,Clear,Dry,Dark-Not Lighted
2022-11-10T10:29:00.000,I 75,,,Not a Collision with Motor Vehicle,1,Rain,Wet,Dark-Not Lighted
2022-10-13T08:41:00.000,I 285,,,Sideswipe-Same Direction,2,Cloudy,Wet,Daylight
2022-11-19T22:39:00.000,I 285,,,Rear End,2,Clear,Dry,Dark-Lighted
2022-03-26T01:01:00.000,I 75,,,Rear End,2,Cloudy,Dry,Dark-Not Lighted
2022-12-28T18:50:00.000,I-75,,,Rear End,2,Clear,Dry,Dark-Lighted
2022-04-13T18:00:00.000,I 285,,,Rear End,2,Clear,Dry,Daylight
2022-08-25T01:42:00.000,I 285,,,Sideswipe-Same Direction,3,Clear,Dry,Dark-Not Lighted
2022-02-09T07:50:00.000,Sr 140,,,Rear End,2,Clear,Dry,Daylight
2022-10-20T22:32:00.000,I-75,,,Rear End,2,Clear,Dry,Dark-Lighted
2022-09-24T17:30:00.000,I-75,,,Rear End,2,Clear,Dry,Daylight
2022-06-18T22:42:00.000,I 85,,,Sideswipe-Same Direction,1,Clear,Dry,Dark-Lighted
2022-03-06T20:20:00.000,I 75,,,Sideswipe-Same Direction,2,Clear,Wet,Dark-Not Lighted
2022-03-28T17:26:00.000,I 85,,,Rear End,2,Clear,Dry,Daylight
2022-09-22T23:30:00.000,I 285,,,Rear End,2,Clear,Dry,Dark-Not Lighted
2022-02-23T17:00:00.000,I-75,,,Sideswipe-Same Direction,2,Cloudy,Dry,Daylight
2022-08-08T08:15:00.000,I 20,,,Angle Crash,2,Cloudy,Wet,Daylight
2022-10-02T01:35:00.000,I-75,,,Sideswipe-Same Direction,2,Clear,Dry,Dark-Lighted
2022-01-05T12:23:00.000,I 75,,,Sideswipe-Opposite Direction,2,Clear,Dry,Daylight
2022-04-06T11:03:00.000,I 285,,,Sideswipe-Same Direction,2,Clear,Dry,Daylight
2022-01-23T16:30:00.000,I 285,,,Sideswipe-Same Direction,2,Clear,Dry,Daylight
2022-10-10T07:20:00.000,I 75,,,Sideswipe-Same Direction,2,Clear,Dry,Daylight
2022-12-22T09:50:00.000,I 85,,,Sideswipe-Same Direction,2,Cloudy,Wet,Daylight
2022-03-09T11:34:00.000,I 16,,,Rear End,3,Cloudy,Dry,Daylight
2022-07-04T21:39:00.000,I 285,,,Sideswipe-Same Direction,2,Cloudy,Dry,Dark-Lighted
2022-06-16T00:00:00.000,I 285,,,Rear End,2,Clear,Ice/Frost,Daylight
2022-07-18T20:25:00.000,I 85,,,Not a Collision with Motor Vehicle,1,Rain,Wet,Daylight
2022-05-13T10:34:00.000,I 75,,,Not a Collision with Motor Vehicle,1,Cloudy,Dry,Daylight
2022-10-20T07:28:00.000,I 285,,,Rear End,2,Clear,Dry,Daylight
2022-11-30T16:46:00.000,I 20,,,Sideswipe-Same Direction,2,Clear,Dry,Daylight
2022-03-26T12:00:00.000,I-75,,,Sideswipe-Same Direction,2,Clear,Dry,Daylight
2022-12-11T08:30:00.000,I 75,,,Rear End,2,Cloudy,Wet,Daylight
2022-03-17T15:00:00.000,I 285,,,Sideswipe-Same Direction,2,Clear,Dry,Daylight
2022-09-05T07:03:00.000,I 285,,,Not a Collision with Motor Vehicle,1,Rain,Wet,Dark-Lighted
2022-09-05T06:41:00.000,I-75,,,Sideswipe-Same Direction,3,Rain,Other,Dusk
2022-05-03T12:11:00.000,I 20,,,Sideswipe-Same Direction,2,Clear,Dry,Daylight
2022-08-14T12:37:00.000,I 285,,,Rear End,3,Clear,Dry,Daylight
2022-05-09T11:27:00.000,I 20,,,Sideswipe-Same Direction,2,Clear,Dry,Daylight
2022-10-30T20:06:00.000,I 75,,,Rear End,2,Rain,Wet,Dark-Not Lighted
2022-10-13T08:17:00.000,I 285,,,Rear End,2,Rain,Wet,Daylight
2022-06-18T11:14:00.000,I 285,,,Sideswipe-Same Direction,2,Clear,Dry,Daylight
2022-12-15T18:07:00.000,I 285,,,Rear End,3,Clear,Dry,Dark-Not Lighted
2022-04-14T08:00:00.000,I 75,,,Rear End,3,Rain,Wet,Daylight
2022-11-27T10:39:00.000,I 75,,,Rear End,2,Clear,Dry,Daylight
2022-06-16T21:18:00.000,I 95,,,Rear End,2,Clear,Dry,Dark-Not Lighted
2022-07-24T18:40:00.000,I 85,,,Sideswipe-Same Direction,2,Clear,Dry,Daylight
2022-10-31T16:02:00.000,I 285,,,Sideswipe-Same Direction,2,Cloudy,Dry,Daylight
2022-05-19T00:03:00.000,I 85,,,Not a Collision with Motor Vehicle,1,Clear,Dry,Dark-Not Lighted
2022-09-10T17:13:00.000,I 20,,,Not a Collision with Motor Vehicle,1,Rain,Wet,Daylight
2022-05-02T08:31:00.000,I 95,,,Rear End,2,Clear,Dry,Daylight
2022-11-03T03:35:00.000,I 285,,,Not a Collision with Motor Vehicle,1,Clear,Dry,Dark-Lighted
2022-04-14T16:30:00.000,I 285,,,Rear End,2,Cloudy,Dry,Daylight
2022-10-29T00:45:00.000,I 20,,,Not a Collision with Motor Vehicle,1,Clear,Dry,Dark-Lighted
2022-12-06T07:30:00.000,I 285,,,Sideswipe-Opposite Direction,2,Rain,Wet,Daylight
2022-05-12T03:03:00.000,I 95,,,Rear End,2,Clear,Dry,Dark-Not Lighted
2022-12-12T18:02:00.000,I 285,,,Rear End,2,Clear,Dry,Dark-Not Lighted
2022-09-14T12:30:00.000,I-75,,,Rear End,3,Clear,Dry,Daylight
2022-06-16T18:36:00.000,I 85,,,Angle Crash,2,Clear,Dry,Daylight
2022-08-02T16:00:00.000,I 20,,,Sideswipe-Same Direction,2,Clear,Dry,Daylight
2022-04-30T11:30:00.000,I-75,,,Sideswipe-Same Direction,2,Clear,Dry,Daylight
2022-12-05T10:40:00.000,I 85,,,Sideswipe-Same Direction,3,Rain,Wet,Daylight
2022-07-24T16:20:00.000,I 85,,,Not a Collision with Motor Vehicle,1,Clear,Dry,Daylight
2022-08-20T17:40:00.000,I 75,,,Not a Collision with Motor Vehicle,1,Rain,Wet,Daylight
2022-10-24T02:30:00.000,I 85,,,Rear End,2,Clear,Dry,Dark-Not Lighted
2022-09-30T01:30:00.000,I-75,,,Rear End,2,Clear,Dry,Dark-Lighted
2022-09-04T16:15:00.000,I-75,,,Rear End,2,Cloudy,Wet,Daylight
2022-02-19T06:06:00.000,I 20,,,Sideswipe-Same Direction,2,Clear,Dry,Dark-Lighted
2022-11-24T12:20:00.000,I 75,,,Rear End,2,Fog,Dry,Daylight
2022-12-19T20:27:00.000,I 95,,,Not a Collision with Motor Vehicle,1,Clear,Dry,Dark-Not Lighted
2022-10-27T17:50:00.000,I 85,,,Rear End,3,Clear,Dry,Daylight
2022-08-10T13:00:00.000,I 75,,,Angle Crash,2,Rain,Wet,Daylight
2022-05-08T16:16:00.000,I 85,,,Rear End,2,Cloudy,Dry,Daylight
2022-08-11T00:53:00.000,I-75,,,Not a Collision with Motor Vehicle,1,Rain,Wet,Dark-Lighted
2022-08-09T17:00:00.000,I 285,,,Rear End,2,Clear,Dry,Daylight
2022-06-21T17:20:00.000,I 75,,,Not a Collision with Motor Vehicle,2,Clear,Dry,Daylight
2022-08-27T01:58:00.000,I 85,,,Sideswipe-Same Direction,2,Clear,Dry,Dark-Lighted
2022-06-01T07:23:00.000,I 16,,,Rear End,4,Clear,Dry,Daylight