Date and Time,Roadway (From Crash Report),Intersection Name (from Crash Report),KABCO Severity,Manner of Collision (Crash Level) ,# of Vehicles per crash ,Weather Conditions (Crash Level),Surface Condition (Crash Level) ,Light Conditions (Crash Level)
2022-05-20T04:15:00.000,I 20,,,Not a Collision with Motor Vehicle,2,Clear,Dry,Dark-Not Lighted
2022-09-07T07:00:00.000,I-75,,,Sideswipe-Same Direction,2,Clear,Dry,Daylight
2022-08-25T07:33:00.000,I 85,,,Rear End,3,Rain,Wet,Daylight
2022-03-18T11:30:00.000,I 85,,,Angle Crash,2,Cloudy,Wet,Daylight
2022-05-05T22:30:00.000,I 85,,,Sideswipe-Same Direction,2,Clear,Dry,Dark-Not Lighted
2022-12-12T17:37:00.000,I 75,,,Not a Collision with Motor Vehicle,2,Clear,Ice/Frost,Daylight
2022-04-02T15:26:00.000,I-75,,,Rear End,2,Clear,Dry,Daylight
2022-10-19T12:30:00.000,I-75,,,Sideswipe-Same Direction,2,Clear,Dry,Daylight
2022-11-16T06:15:00.000,I 75,,,Rear End,2,Cloudy,Dry,Dark-Not Lighted
2022-05-10T02:09:00.000,I 75,,,Rear End,2,Clear,Dry,Dark-Not Lighted
2022-12-25T23:07:00.000,I 75,,,Sideswipe-Opposite Direction,2,Clear,Dry,Dark-Not Lighted
2022-10-06T18:30:00.000,I 85,,,Sideswipe-Same Direction,2,Clear,Dry,Daylight
2022-05-24T17:41:00.000,I 75,,,Rear End,2,Clear,Dry,Daylight
2022-02-03T10:27:00.000,I 75,,,Sideswipe-Same Direction,2,Rain,Wet,Daylight
2022-04-01T18:15:00.000,I 20,,,Rear End,2,Clear,Dry,Daylight
2022-06-27T15:25:00.000,I 85,,,Sideswipe-Same Direction,2,Clear,Dry,Daylight
2022-02-03T23:00:00.000,I-75,,,Not a Collision with Motor Vehicle,1,Rain,Wet,Dark-Lighted
2022-05-07T23:20:00.000,I-75,,,Angle Crash,2,Clear,Dry,Dark-Lighted
2022-11-09T08:33:00.000,I 75,,,Rear End,2,Cloudy,Dry,Daylight
2022-06-03T16:08:00.000,I 16,,,Rear End,2,Cloudy,Dry,Daylight
2022-10-13T09:22:00.000,I 95,,,Rear End,2,Cloudy,Wet,Daylight
2022-08-01T04:24:00.000,I-75,,,Sideswipe-Same Direction,2,Clear,Dry,Dark-Lighted
2022-09-27T22:50:00.000,I-75,,,Angle Crash,2,Clear,Dry,Dark-Lighted
2022-09-29T10:50:00.000,I 85,,,Sideswipe-Same Direction,2,Clear,Dry,Daylight
2022-09-01T22:55:00.000,I 85,,,Not a Collision with Motor Vehicle,1,Clear,Dry,Dark-Lighted
2022-12-22T11:23:00.000,I 20,,,Rear End,3,Cloudy,Wet,Daylight
2023-12-26T23:35:00.000,I 20,,,Sideswipe-Same Direction,2,Cloudy,Wet,Dark-Lighted
2023-12-10T07:40:00.000,I 20,,,Rear End,2,Rain,Wet,Daylight
2023-12-06T20:08:00.000,I-75,,,Rear End,2,Clear,Dry,Daylight
2023-10-05T06:15:00.000,I 285,,,Sideswipe-Same Direction,2,Clear,Dry,Dark-Lighted
2023-05-28T16:22:00.000,I 75,,,Sideswipe-Same Direction,2,Clear,Dry,Daylight
2023-08-19T00:25:00.000,I 75,,,Not a Collision with Motor Vehicle,2,Clear,Dry,Dark-Not Lighted
2023-06-14T20:55:00.000,I 16,,,Not a Collision with Motor Vehicle,1,Rain,Wet,Dark-Not Lighted
2023-05-27T23:38:00.000,I 20,,,Sideswipe-Same Direction,2,Clear,Dry,Dark-Not Lighted
2023-05-01T08:02:00.000,I 16,,,Rear End,2,Clear,Dry,Daylight
2023-04-16T22:58:00.000,I 75,,,Not a Collision with Motor Vehicle,1,Cloudy,Dry,Dark-Not Lighted
2023-03-20T10:04:00.000,I 20,,,Not a Collision with Motor Vehicle,3,Clear,Dry,Daylight
2023-03-19T18:44:00.000,I 75,,,Rear End,2,Clear,Dry,Daylight
2023-02-18T22:18:00.000,I-75,,,Rear End,2,Clear,Dry,Dark-Lighted
2023-02-17T18:10:00.000,I 285,,,Rear End,2,Cloudy,Dry,Daylight
2023-01-25T13:15:00.000,I-75,,,Rear End,2,Cloudy,Wet,Daylight
2023-01-17T22:18:00.000,I 20,,,Not a Collision with Motor Vehicle,1,Fog,Wet,Dark-Not Lighted
2023-01-11T19:49:00.000,I 75,,,Sideswipe-Same Direction,2,Clear,Dry,Dark-Not Lighted
2023-10-01T23:43:00.000,I 75,,,Rear End,2,Clear,Dry,Dark-Not Lighted
2023-09-29T20:50:00.000,I 75,,,Sideswipe-Same Direction,2,Clear,Dry,Dark-Lighted
2023-08-08T13:15:00.000,I 85,,,Sideswipe-Same Direction,6,Clear,Dry,Daylight
2023-12-12T13:15:00.000,I 20,,,Sideswipe-Same Direction,2,Clear,Dry,Daylight
2023-01-25T06:40:00.000,I-75,,,Sideswipe-Same Direction,2,Rain,Wet,Dark-Lighted
2023-02-01T18:34:00.000,I 95,,,Rear End,2,Clear,Dry,Dusk
2023-06-21T09:00:00.000,I-75,,,Rear End,2,Clear,Dry,Daylight
2024-07-01T21:23:00.000,I 75,,,Sideswipe-Same Direction,2,Clear,Dry,Dusk
2024-06-15T17:29:00.000,I 20,,,Angle Crash,3,Clear,Dry,Daylight
2024-05-23T05:20:00.000,I 85,,,Angle Crash,2,Cloudy,Dry,Dark-Lighted
2024-04-23T20:32:00.000,I 75,,,Sideswipe-Same Direction,2,Clear,Dry,Dark-Not Lighted
2024-11-19T09:01:00.000,I 285,,,Rear End,5,Rain,Wet,Dawn
2024-11-13T06:39:00.000,I 20,,,Sideswipe-Same Direction,2,Clear,Dry,Daylight
2024-10-31T08:30:00.000,I 85,,,Rear End,2,Clear,Dry,Daylight
2024-10-17T18:09:00.000,I 85,,,Sideswipe-Same Direction,2,Clear,Dry,Daylight
2024-10-08T18:16:00.000,I 75,,,Rear End,2,Clear,Dry,Daylight
2022-11-20T23:02:00.000,I 16,,,Not a Collision with Motor Vehicle,1,Clear,Dry,Dark-Not Lighted
2022-08-31T09:25:00.000,I 285,,,Rear End,2,Clear,Dry,Daylight
2022-08-08T16:10:00.000,I 75,,,Not a Collision with Motor Vehicle,1,Clear,Dry,Daylight
2022-09-05T14:33:00.000,I 75,,,Rear End,4,Cloudy,Dry,Daylight
2022-02-28T14:48:00.000,I 16,,,Rear End,2,Clear,Dry,Daylight
2022-09-09T11:58:00.000,I 75,,,Rear End,3,Cloudy,Dry,Daylight
2022-03-12T12:30:00.000,I-75,,,Rear End,3,Clear,Dry,Daylight
2022-01-19T15:17:00.000,I 85,,,Sideswipe-Same Direction,2,Clear,Dry,Daylight
2022-02-09T22:25:00.000,I 75,,,Not a Collision with Motor Vehicle,1,Clear,Dry,Dark-Not Lighted
2022-01-26T21:30:00.000,I 285,,,Sideswipe-Same Direction,2,Clear,Dry,Dark-Lighted
2022-06-09T16:28:00.000,I 285,,,Sideswipe-Same Direction,2,Cloudy,Dry,Daylight
2022-04-13T15:30:00.000,I-75,,,Sideswipe-Same Direction,2,Clear,Dry,Daylight
2022-06-24T00:00:00.000,I 75,,,Sideswipe-Same Direction,2,Clear,Dry,Daylight
2022-02-04T01:16:00.000,I 20,,,Rear End,2,Rain,Water (standing or moving),Dark-Lighted
2022-10-08T16:42:00.000,I-75,,,Rear End,2,Clear,Dry,Daylight
2022-05-11T08:32:00.000,I-75,,,Sideswipe-Same Direction,3,Clear,Dry,Daylight
2022-08-26T15:45:00.000,I 75,,,Angle Crash,3,Cloudy,Dry,Daylight
2022-08-22T22:35:00.000,I 95,,,Not a Collision with Motor Vehicle,1,Clear,Wet,Dark-Not Lighted
2022-08-19T03:30:00.000,I-75,,,Angle Crash,2,Clear,Dry,Dark-Lighted
2022-07-09T14:30:00.000,I-75,,,Sideswipe-Same Direction,2,Cloudy,Dry,Daylight
2022-07-29T15:15:00.000,I 95,,,Not a Collision with Motor Vehicle,1,Clear,Dry,Daylight
2022-08-12T11:49:00.000,I 95,,,Sideswipe-Same Direction,2,Clear,Dry,Daylight
2022-10-01T12:10:00.000,I 285,,,Rear End,2,Clear,Dry,Daylight
2022-04-25T09:19:00.000,I 75,,,Rear End,2,Clear,Dry,Daylight
2022-06-18T17:40:00.000,I 85,,,Angle Crash,2,Clear,Dry,Daylight
2022-10-27T12:33:00.000,I 75,,,Sideswipe-Same Direction,2,Clear,Dry,Daylight
2022-05-02T19:37:00.000,I 20,,,Not a Collision with Motor Vehicle,1,Clear,Dry,Daylight
2022-08-16T10:25:00.000,I 75,,,Sideswipe-Same Direction,2,Cloudy,Dry,Daylight
2022-02-17T23:40:00.000,I-75,,,Angle Crash,3,Rain,Water (standing or moving),Dark-Lighted
2022-12-21T20:00:00.000,I-75,,,Rear End,2,Cloudy,Dry,Dark-Lighted
2022-10-24T16:15:00.000,I 85,,,Rear End,2,Clear,Dry,Daylight
2022-10-05T17:30:00.000,I-75,,,Rear End,2,Clear,Dry,Daylight
2022-03-17T08:55:00.000,I 75,,,Not a Collision with Motor Vehicle,1,Cloudy,Wet,Daylight
2022-12-06T07:35:00.000,I 285,,,Rear End,2,Rain,Wet,Daylight
2022-05-30T19:10:00.000,I 85,,,Not a Collision with Motor Vehicle,1,Rain,Wet,Daylight
2022-11-02T19:00:00.000,I-75,,,Rear End,3,Clear,Dry,Dark-Lighted
2020-08-14T21:30:00.000,I 20,,,Rear End,2,Rain,Wet,Dark-Lighted
2020-04-19T10:46:00.000,I 285,,,Not a Collision with Motor Vehicle,1,Cloudy,Wet,Daylight
2020-03-07T09:58:00.000,I 85,,,Angle Crash,2,Clear,Dry,Daylight
2020-01-04T11:08:00.000,I 75,,,Rear End,2,Clear,Wet,Daylight
2020-02-06T07:40:00.000,I 20,,,Not a Collision with Motor Vehicle,1,Rain,Wet,Daylight
2021-02-25T16:55:00.000,I 285,,,Rear End,2,Clear,Dry,Daylight
2021-04-01T17:53:00.000,I 75,,,Sideswipe-Same Direction,2,Clear,Dry,Daylight
2020-03-03T10:30:00.000,I 20,,,Sideswipe-Same Direction,2,Rain,Wet,Daylight
2020-09-18T18:24:00.000,I 85,,,Not a Collision with Motor Vehicle,1,Cloudy,Dry,Daylight
2020-01-25T15:05:00.000,I 20,,,Angle Crash,2,Clear,Dry,Daylight
2020-10-18T19:00:00.000,I 20,,,Sideswipe-Same Direction,2,Clear,Dry,Dark-Lighted
2020-07-02T18:50:00.000,I 95,,,Not a Collision with Motor Vehicle,1,Clear,Dry,Daylight
2020-05-18T18:45:00.000,I 75,,,Not a Collision with Motor Vehicle,1,Rain,Wet,Daylight
2021-03-31T13:15:00.000,I 85,,,Angle Crash,2,Rain,Wet,Daylight
2021-04-01T18:26:00.000,I 20,,,Sideswipe-Same Direction,2,Clear,Dry,Daylight
2020-09-10T10:00:00.000,I 20,,,Angle Crash,1,Cloudy,Dry,Daylight
2020-02-11T18:25:00.000,I 75,,,Not a Collision with Motor Vehicle,1,Rain,Wet,Dark-Not Lighted
2021-06-21T10:40:00.000,I 285,,,Angle Crash,2,Cloudy,Dry,Daylight
2021-03-01T08:07:00.000,I 20,,,Not a Collision with Motor Vehicle,1,Cloudy,Wet,Daylight
2021-05-19T18:17:00.000,I 285,,,Rear End,2,Cloudy,Dry,Daylight
2020-04-15T08:22:00.000,I 20,,,Sideswipe-Same Direction,2,Clear,Dry,Daylight
2020-05-28T06:48:00.000,I 20,,,Not a Collision with Motor Vehicle,1,Cloudy,Wet,Daylight
2020-05-18T17:45:00.000,I 75,,,Not a Collision with Motor Vehicle,1,Rain,Wet,Daylight
2020-04-23T10:09:00.000,I 20,,,Sideswipe-Same Direction,2,Rain,Wet,Daylight
2022-05-07T06:30:00.000,I 16,,,Not a Collision with Motor Vehicle,1,Clear,Dry,Daylight
2022-11-30T19:14:00.000,I 285,,,Rear End,2,Clear,Dry,Daylight
2022-06-23T12:00:00.000,I 85,,,Rear End,2,Clear,Dry,Daylight
2022-12-28T13:25:00.000,I 75,,,Rear End,2,Clear,Dry,Daylight
2022-06-05T05:57:00.000,I-75,,,Sideswipe-Same Direction,2,Clear,Dry,Dark-Lighted
2022-08-30T16:52:00.000,I 20,,,Not a Collision with Motor Vehicle,1,Cloudy,Dry,Daylight
2022-06-05T19:20:00.000,I 20,,,Rear End,2,Clear,Dry,Daylight
2022-08-21T13:25:00.000,I 16,,,Not a Collision with Motor Vehicle,1,Rain,Wet,Daylight
2022-04-23T19:49:00.000,I-75,,,Rear End,2,Clear,Dry,Daylight
2022-02-14T16:39:00.000,I 16,,,Rear End,3,Clear,Dry,Daylight
2022-07-31T04:13:00.000,I 85,,,Rear End,2,Clear,Dry,Dark-Lighted
2022-12-10T15:00:00.000,I 285,,,Rear End,2,Clear,Dry,Daylight
2022-09-21T07:12:00.000,I 285,,,Rear End,2,Clear,Dry,Daylight
2022-11-05T18:07:00.000,I 20,,,Not a Collision with Motor Vehicle,1,Rain,Wet,Dark-Lighted
2022-12-05T22:30:00.000,I-75,,,Sideswipe-Same Direction,2,Rain,Water (standing or moving),Dark-Lighted
2023-01-24T14:44:00.000,I 20,,,Sideswipe-Same Direction,2,Cloudy,Dry,Daylight
2022-02-09T09:19:00.000,I 285,,,Rear End,4,Clear,Dry,Daylight
2022-05-22T14:42:00.000,I-75,,,Sideswipe-Same Direction,2,Clear,Dry,Daylight
2022-03-23T23:58:00.000,I 20,,,Angle Crash,3,Clear,Dry,Dark-Lighted
2022-07-02T17:44:00.000,I 16,,,Not a Collision with Motor Vehicle,1,Rain,Wet,Daylight
2022-10-06T22:34:00.000,I 85,,,Rear End,2,Clear,Dry,Dark-Lighted
2022-04-26T08:11:00.000,I 16,,,Sideswipe-Same Direction,2,Clear,Dry,Daylight
2022-02-21T20:00:00.000,I-75,,,Sideswipe-Same Direction,2,Clear,Dry,Dark-Lighted
2022-07-20T10:08:00.000,I 285,,,Not a Collision with Motor Vehicle,1,Clear,Dry,Daylight
2023-12-23T14:20:00.000,I-75,,,Sideswipe-Same Direction,2,Clear,Dry,Daylight
2023-12-12T17:53:00.000,I 20,,,Rear End,2,Clear,Dry,Dark-Not Lighted
2023-12-01T15:19:00.000,I 285,,,Rear End,2,Clear,Wet,Daylight
2020-09-14T14:20:00.000,I 20,,,Not a Collision with Motor Vehicle,3,Cloudy,Wet,Daylight
2020-02-06T15:44:00.000,I 75,,,Sideswipe-Same Direction,2,Cloudy,Wet,Daylight
2020-02-13T21:00:00.000,I 95,,,Sideswipe-Same Direction,2,Rain,Wet,Dark-Not Lighted
2020-07-07T12:09:00.000,I 85,,,Rear End,2,Rain,Wet,Daylight
2020-02-18T09:36:00.000,I 75,,,Not a Collision with Motor Vehicle,1,Rain,Wet,Daylight
2020-08-06T16:00:00.000,I 20,,,Not a Collision with Motor Vehicle,1,Clear,Dry,Daylight
2020-01-14T01:37:00.000,I 95,,,Rear End,2,Clear,Dry,Dark-Not Lighted
2020-09-24T14:09:00.000,I 85,,,Rear End,2,Rain,Wet,Daylight
2020-04-23T13:00:00.000,I 16,,,Rear End,1,Severe Thunderstorm or Tornadic,Water (standing or moving),Daylight
2020-05-08T17:30:00.000,I 75,,,Sideswipe-Same Direction,2,Rain,Wet,Daylight
2020-02-18T19:50:00.000,I 285,,,Sideswipe-Same Direction,2,Rain,Wet,Dark-Not Lighted
2020-06-26T14:06:00.000,I 75,,,Rear End,3,Cloudy,Dry,Daylight
2020-08-13T20:09:00.000,I 75,,,Rear End,3,Clear,Dry,Daylight
2023-02-14T23:10:00.000,I-75,,,Not a Collision with Motor Vehicle,1,Clear,Dry,Dark-Lighted
2023-02-23T00:06:00.000,I 285,,,Not a Collision with Motor Vehicle,1,Clear,Dry,Dark-Lighted
2023-08-24T09:30:00.000,I-75,,,Rear End,2,Clear,Dry,Daylight
2023-01-04T01:37:00.000,I-75,,,Sideswipe-Same Direction,3,Rain,Wet,Dark-Not Lighted
2023-11-05T19:06:00.000,I-75,,,Sideswipe-Same Direction,2,Clear,Dry,Dark-Not Lighted
2023-06-15T18:05:00.000,I 75,,,Rear End,2,Clear,Dry,Daylight
2023-09-22T14:30:00.000,I 20,,,Rear End,2,Cloudy,Dry,Daylight
2023-07-21T22:30:00.000,I 16,,,Not a Collision with Motor Vehicle,1,Rain,Wet,Dark-Not Lighted
2023-12-05T18:00:00.000,I-75,,,Rear End,2,Clear,Dry,Daylight
2023-09-27T23:10:00.000,I-75,,,Rear End,2,Clear,Dry,Dark-Lighted
2023-07-21T16:13:00.000,I 285,,,Angle Crash,2,Clear,Dry,Daylight
2023-11-27T15:45:00.000,I 85,,,Sideswipe-Same Direction,2,Clear,Dry,Daylight
2023-03-22T10:54:00.000,I-75,,,Rear End,2,Cloudy,Dry,Daylight
2023-09-29T07:32:00.000,I 75,,,Not a Collision with Motor Vehicle,1,Clear,Dry,Dark-Lighted
2023-02-06T16:13:00.000,I 85,,,Rear End,2,Clear,Dry,Daylight
2023-10-14T01:16:00.000,I-75,,,Angle Crash,3,Rain,Wet,Dark-Lighted
2023-10-08T00:00:00.000,I 85,,,Rear End,2,Clear,Dry,Dark-Not Lighted
2023-03-31T13:28:00.000,I 75,,,Not a Collision with Motor Vehicle,1,Cloudy,Wet,Daylight
2023-12-22T15:07:00.000,I 75,,,Sideswipe-Same Direction,2,Clear,Dry,Daylight
2023-07-21T20:32:00.000,I-75,,,Rear End,3,Rain,Wet,Dark-Not Lighted
2023-06-22T16:00:00.000,I 16,,,Rear End,2,Clear,Dry,Daylight
2023-10-18T17:30:00.000,I-75,,,Rear End,2,Clear,Dry,Daylight
2023-05-20T10:25:00.000,I-75,,,Sideswipe-Same Direction,2,Cloudy,Wet,Daylight
2023-01-21T10:29:00.000,I 20,,,Sideswipe-Same Direction,2,Clear,Dry,Daylight
2023-02-26T00:00:00.000,I 20,,,Sideswipe-Same Direction,2,Clear,Dry,Daylight
2021-05-06T06:55:00.000,I 20,,,Rear End,2,Clear,Dry,Daylight
2021-08-22T18:20:00.000,I 85,,,Angle Crash,2,Clear,Dry,Daylight
2021-06-26T15:23:00.000,I 75,,,Not a Collision with Motor Vehicle,1,Clear,Dry,Daylight
2021-09-12T11:27:00.000,I 20,,,Not a Collision with Motor Vehicle,1,Clear,Dry,Daylight
2021-10-08T14:08:00.000,I 285,,,Sideswipe-Same Direction,2,Clear,Dry,Daylight
2021-12-03T20:03:00.000,I 285,,,Not a Collision with Motor Vehicle,2,Clear,Dry,Dark-Not Lighted
2021-07-19T18:48:00.000,I 285,,,Sideswipe-Same Direction,2,Rain,Wet,Daylight
2021-10-19T19:50:00.000,I 85,,,Not a Collision with Motor Vehicle,2,Clear,Dry,Daylight
2024-08-01T18:25:00.000,I 20,,,Sideswipe-Same Direction,2,Cloudy,Wet,Dusk
2024-10-30T23:27:00.000,I 20,,,Rear End,2,Clear,Dry,Dark-Lighted
2024-06-24T06:41:00.000,I 20,,,Rear End,2,Rain,Wet,Daylight
2024-10-20T17:10:00.000,I-75,,,Angle Crash,2,Clear,Dry,Daylight
2024-01-29T17:00:00.000,I 75,,,Angle Crash,3,Clear,Dry,Daylight
2024-07-09T19:38:00.000,I 75,,,Rear End,2,Cloudy,Wet,Dusk
2024-01-11T01:53:00.000,I 75,,,Not a Collision with Motor Vehicle,1,Clear,Dry,Dark-Not Lighted
2024-04-13T18:33:00.000,I 285,,,Rear End,2,Clear,Dry,Dusk
2024-02-11T23:10:00.000,I-75,,,Sideswipe-Same Direction,2,Rain,Wet,Dark-Not Lighted
2020-12-14T14:42:00.000,I 285,,,Rear End,2,Clear,Dry,Daylight
2020-01-23T18:15:00.000,I 20,,,Not a Collision with Motor Vehicle,1,Rain,Wet,Dark-Not Lighted
2020-09-21T07:15:00.000,I 285,,,Sideswipe-Same Direction,2,Cloudy,Dry,Daylight
2020-01-16T07:44:00.000,I 285,,,Rear End,3,Cloudy,Dry,Daylight
2020-07-13T18:16:00.000,I 20,,,Sideswipe-Same Direction,3,Clear,Dry,Daylight
2020-10-28T08:31:00.000,I 16,,,Not a Collision with Motor Vehicle,1,Clear,Dry,Daylight
2020-09-04T11:50:00.000,I 285,,,Angle Crash,2,Clear,Dry,Daylight
2020-04-30T11:33:00.000,I 85,,,Sideswipe-Same Direction,2,Cloudy,Dry,Daylight
2020-09-13T10:47:00.000,I 16,,,Not a Collision with Motor Vehicle,2,Clear,Dry,Daylight
2020-02-27T08:29:00.000,I 75,,,Sideswipe-Same Direction,2,Cloudy,Dry,Daylight
2020-10-03T18:51:00.000,I 75,,,Sideswipe-Same Direction,4,Clear,Dry,Dark-Lighted
2020-06-25T13:30:00.000,I 75,,,Sideswipe-Same Direction,2,Cloudy,Dry,Daylight
2020-03-16T16:30:00.000,I 285,,,Sideswipe-Same Direction,2,Cloudy,Dry,Daylight
2020-10-29T18:06:00.000,I 20,,,Sideswipe-Same Direction,2,Clear,Dry,Daylight
2020-08-22T01:40:00.000,I 285,,,Rear End,2,Clear,Wet,Dark-Not Lighted
2020-11-05T13:29:00.000,I 75,,,Rear End,2,Clear,Dry,Daylight
2020-10-07T21:55:00.000,I 75,,,Rear End,4,Clear,Dry,Dark-Lighted
2020-03-05T01:15:00.000,I 285,,,Not a Collision with Motor Vehicle,1,Rain,Wet,Dark-Not Lighted
2020-07-25T15:15:00.000,I 20,,,Rear End,2,Rain,Wet,Daylight
2020-07-16T07:02:00.000,I 285,,,Not a Collision with Motor Vehicle,1,Clear,Dry,Daylight
2020-08-27T06:17:00.000,I 85,,,Sideswipe-Same Direction,1,Clear,Dry,Dark-Not Lighted
2020-10-18T12:46:00.000,I 85,,,Rear End,4,Cloudy,Dry,Daylight
2020-05-31T17:56:00.000,I 20,,,Sideswipe-Same Direction,3,Clear,Dry,Daylight
2020-07-30T07:41:00.000,I 285,,,Rear End,2,Cloudy,Dry,Daylight
2020-12-29T14:12:00.000,I 285,,,Rear End,4,Cloudy,Dry,Daylight
2020-03-17T16:23:00.000,I 16,,,Rear End,2,Clear,Dry,Daylight
2020-10-29T21:03:00.000,I 285,,,Rear End,3,Clear,Dry,Daylight
2020-08-30T16:55:00.000,I 75,,,Not a Collision with Motor Vehicle,1,Cloudy,Dry,Daylight
2020-01-03T15:54:00.000,I 75,,,Rear End,2,Rain,Wet,Daylight
2020-08-28T22:00:00.000,I 85,,,Sideswipe-Same Direction,2,Clear,Dry,Dark-Not Lighted
2020-10-28T15:06:00.000,I 16,,,Angle Crash,2,Clear,Dry,Daylight
2020-06-05T15:45:00.000,I 85,,,Sideswipe-Same Direction,2,Clear,Dry,Daylight
2020-02-24T19:48:00.000,I 20,,,Not a Collision with Motor Vehicle,1,Rain,Wet,Dark-Not Lighted
2020-07-09T19:25:00.000,I 20,,,Rear End,2,Clear,Dry,Daylight
2020-11-20T16:10:00.000,I 75,,,Rear End,2,Clear,Dry,Daylight
2020-03-16T13:55:00.000,I 75,,,Sideswipe-Same Direction,2,Cloudy,Dry,Daylight
2020-07-17T17:30:00.000,I 285,,,Rear End,2,Clear,Dry,Daylight
2020-08-22T05:50:00.000,I 85,,,Angle Crash,2,Clear,Wet,Dark-Not Lighted
2020-06-14T01:05:00.000,I 285,,,Rear End,2,Clear,Dry,Dark-Lighted
2020-08-24T08:38:00.000,I 285,,,Sideswipe-Same Direction,2,Rain,Wet,Daylight
2020-01-20T11:48:00.000,I 85,,,Sideswipe-Same Direction,2,Clear,Dry,Daylight
2020-08-10T06:22:00.000,I 285,,,Sideswipe-Same Direction,2,Clear,Dry,Dark-Lighted
2020-06-11T20:25:00.000,I 75,,,Not a Collision with Motor Vehicle,1,Clear,Dry,Daylight
2020-03-30T15:54:00.000,I 285,,,Sideswipe-Same Direction,2,Cloudy,Dry,Daylight
2020-01-27T13:12:00.000,I 95,,,Not a Collision with Motor Vehicle,1,Clear,Dry,Daylight
2020-07-28T07:00:00.000,I 20,,,Rear End,2,Clear,Dry,Dawn
2020-01-21T19:00:00.000,I 285,,,Sideswipe-Same Direction,2,Clear,Dry,Dark-Not Lighted
2020-07-07T11:38:00.000,I 285,,,Sideswipe-Same Direction,2,Rain,Wet,Daylight
2020-07-16T12:50:00.000,I 16,,,Sideswipe-Same Direction,2,Clear,Dry,Daylight
2020-11-06T17:50:00.000,I 285,,,Rear End,3,Clear,Dry,Dark-Not Lighted
2020-08-12T18:43:00.000,I 285,,,Rear End,2,Cloudy,Dry,Daylight
2020-02-29T19:27:00.000,I 20,,,Rear End,2,Clear,Dry,Dark-Not Lighted
2020-09-26T00:00:00.000,I 285,,,Rear End,2,Clear,Dry,Daylight
2020-12-24T15:39:00.000,I 16,,,Not a Collision with Motor Vehicle,1,Rain,Wet,Daylight
2020-10-12T06:30:00.000,I 285,,,Sideswipe-Same Direction,2,Clear,Dry,Dark-Not Lighted
2020-02-05T09:25:00.000,I 285,,,Rear End,2,Rain,Wet,Daylight
2020-05-08T21:32:00.000,I 75,,,Sideswipe-Same Direction,2,Cloudy,Wet,Dark-Lighted
2020-08-30T22:31:00.000,I 85,,,Angle Crash,1,Rain,Wet,Dark-Not Lighted
2020-06-26T13:35:00.000,I 85,,,Sideswipe-Same Direction,2,Cloudy,Dry,Daylight
2020-02-04T03:30:00.000,I 285,,,Rear End,2,Clear,Dry,Dark-Not Lighted
2020-07-14T14:33:00.000,I 20,,,Sideswipe-Same Direction,2,Clear,Dry,Daylight
2020-05-19T17:16:00.000,I 75,,,Sideswipe-Same Direction,2,Clear,Dry,Daylight
2020-11-02T09:00:00.000,I 20,,,Sideswipe-Same Direction,2,Clear,Dry,Daylight
2020-10-27T09:01:00.000,I 285,,,Rear End,2,Cloudy,Wet,Daylight
2020-08-28T16:11:00.000,I 85,,,Sideswipe-Same Direction,2,Clear,Dry,Daylight
2020-11-19T17:55:00.000,I 285,,,Sideswipe-Same Direction,2,Clear,Dry,Daylight
2020-09-04T18:23:00.000,I 20,,,Rear End,2,Clear,Dry,Dawn
2020-07-16T12:46:00.000,I 20,,,Rear End,2,Clear,Dry,Daylight
2020-09-24T15:43:00.000,I 75,,,Rear End,2,Rain,Wet,Daylight
2020-09-02T06:54:00.000,I 75,,,Angle Crash,2,Clear,Dry,Daylight
2020-01-29T20:56:00.000,I 85,,,Rear End,2,Clear,Dry,Dark-Lighted
2020-08-10T14:42:00.000,I 20,,,Sideswipe-Same Direction,1,Cloudy,Dry,Daylight
2020-02-20T15:10:00.000,I 75,,,Not a Collision with Motor Vehicle,1,Rain,Wet,Daylight
2020-06-26T17:41:00.000,I 85,,,Rear End,2,Cloudy,Dry,Daylight
2020-07-01T03:12:00.000,I 95,,,Sideswipe-Same Direction,2,Clear,Dry,Dark-Not Lighted
2020-11-20T07:56:00.000,I 20,,,Rear End,2,Clear,Dry,Daylight
2020-09-26T05:30:00.000,I 285,,,Not a Collision with Motor Vehicle,1,Clear,Dry,Dark-Not Lighted
2020-05-15T15:16:00.000,I 75,,,Not a Collision with Motor Vehicle,2,Clear,Dry,Daylight
2020-10-17T06:04:00.000,I 285,,,Sideswipe-Same Direction,2,Clear,Dry,Dark-Not Lighted
2020-02-18T17:32:00.000,I 285,,,Rear End,2,Rain,Wet,Daylight
2020-01-30T19:00:00.000,I 75,,,Rear End,2,Cloudy,Dry,Dark-Lighted
2020-02-19T08:59:00.000,I 85,,,Rear End,2,Cloudy,Wet,Daylight
2020-09-12T18:52:00.000,I 16,,,Not a Collision with Motor Vehicle,2,Clear,Dry,Daylight
2020-12-17T13:20:00.000,I 285,,,Sideswipe-Same Direction,2,Cloudy,Dry,Daylight
2020-12-18T15:00:00.000,I 285,,,Rear End,2,Clear,Dry,Daylight
2020-11-19T11:40:00.000,I 20,,,Not a Collision with Motor Vehicle,1,Clear,Dry,Daylight
2020-06-28T00:58:00.000,I 20,,,Rear End,2,Clear,Dry,Dark-Lighted
2020-07-21T10:27:00.000,I 285,,,Sideswipe-Same Direction,2,Cloudy,Dry,Daylight
2020-01-21T16:53:00.000,I 285,,,Rear End,2,Clear,Dry,Daylight