Date and Time,Roadway (From Crash Report),Intersection Name (from Crash Report),KABCO Severity,Manner of Collision (Crash Level) ,# of Vehicles per crash ,Weather Conditions (Crash Level),Surface Condition (Crash Level) ,Light Conditions (Crash Level)
2020-08-14T11:21:00.000,I 285,,,Not a Collision with Motor Vehicle,1,Cloudy,Dry,Daylight
2020-11-17T12:50:00.000,I 285,,,Rear End,2,Clear,Dry,Daylight
2020-09-04T15:58:00.000,I 20,,,Sideswipe-Same Direction,2,Clear,Dry,Daylight
2020-10-09T15:40:00.000,I 75,,,Rear End,2,Rain,Wet,Daylight
2020-08-14T17:35:00.000,I 20,,,Rear End,2,Cloudy,Wet,Daylight
2020-11-03T09:49:00.000,I 285,,,Sideswipe-Same Direction,2,Clear,Dry,Daylight
2020-09-07T06:25:00.000,I 75,,,Angle Crash,5,Clear,Dry,Daylight
2020-08-12T23:43:00.000,I 20,,,Angle Crash,1,Clear,Dry,Dark-Lighted
2020-01-14T17:47:00.000,I 75,,,Rear End,3,Rain,Wet,Daylight
2020-12-27T12:00:00.000,I 20,,,Sideswipe-Same Direction,2,Clear,Dry,Daylight
2020-06-08T13:56:00.000,I 75,,,Not a Collision with Motor Vehicle,1,Cloudy,Dry,Daylight
2020-04-07T13:33:00.000,I 285,,,Sideswipe-Same Direction,2,Clear,Dry,Daylight
2020-09-27T09:37:00.000,I 20,,,Not a Collision with Motor Vehicle,2,Cloudy,Dry,Daylight
2020-12-04T18:09:00.000,I 85,,,Rear End,3,Rain,Wet,Dark-Not Lighted
2020-11-24T09:00:00.000,I 285,,,Angle Crash,2,Clear,Dry,Daylight
2020-12-03T16:45:00.000,I 20,,,Sideswipe-Same Direction,5,Clear,Dry,Daylight
2020-09-15T13:13:00.000,I 85,,,Not a Collision with Motor Vehicle,1,Rain,Wet,Daylight
2020-04-20T09:49:00.000,I 20,,,Not a Collision with Motor Vehicle,1,Cloudy,Wet,Daylight
2020-02-28T09:00:00.000,I 75,,,Sideswipe-Same Direction,2,Cloudy,Dry,Daylight
2020-08-20T15:15:00.000,I 75,,,Not a Collision with Motor Vehicle,1,Rain,Wet,Daylight
2020-12-10T14:58:00.000,I 75,,,Sideswipe-Same Direction,2,Clear,Dry,Daylight
2020-10-26T10:02:00.000,I 20,,,Rear End,2,Cloudy,Dry,Daylight
2020-01-18T11:44:00.000,I 85,,,Rear End,2,Cloudy,Dry,Daylight
2020-01-31T08:48:00.000,I 75,,,Rear End,2,Cloudy,Wet,Daylight
2020-09-09T09:40:00.000,I 85,,,Sideswipe-Same Direction,2,Clear,Dry,Daylight
2020-12-09T10:40:00.000,I 16,,,Angle Crash,2,Clear,Dry,Daylight
2020-04-22T13:11:00.000,I 85,,,Not a Collision with Motor Vehicle,1,Clear,Dry,Daylight
2020-05-27T19:45:00.000,I 285,,,Sideswipe-Same Direction,2,Cloudy,Wet,Dusk
2020-10-14T16:38:00.000,I 20,,,Rear End,2,Clear,Dry,Daylight
2020-02-06T20:07:00.000,I 285,,,Rear End,2,Rain,Wet,Dark-Not Lighted
2020-03-08T20:40:00.000,I 285,,,Sideswipe-Same Direction,2,Clear,Dry,Dark-Lighted
2020-10-04T06:15:00.000,I 16,,,Angle Crash,1,Clear,Dry,Dark-Not Lighted
2020-08-19T12:18:00.000,I 85,,,Sideswipe-Same Direction,2,Clear,Dry,Daylight
2020-08-07T16:17:00.000,I 20,,,Rear End,2,Clear,Dry,Daylight
2020-01-12T16:27:00.000,I 20,,,Sideswipe-Same Direction,2,Clear,Dry,Daylight
2020-07-07T11:45:00.000,I 20,,,Rear End,2,Rain,Wet,Daylight
2020-09-05T02:00:00.000,I 85,,,Rear End,2,Clear,Dry,Dark-Lighted
2020-01-29T09:46:00.000,I 75,,,Rear End,2,Cloudy,Dry,Daylight
2020-02-26T17:48:00.000,I 85,,,Angle Crash,2,Clear,Dry,Daylight
2020-03-02T15:52:00.000,I 285,,,Sideswipe-Same Direction,2,Rain,Wet,Daylight
2020-03-25T19:30:00.000,I 75,,,Sideswipe-Same Direction,2,Clear,Dry,Daylight
2020-04-15T14:15:00.000,I 95,,,Head On,1,Clear,Dry,Daylight
2020-07-25T13:00:00.000,I 285,,,Rear End,2,Rain,Wet,Daylight
2020-01-18T14:50:00.000,I 285,,,Sideswipe-Same Direction,2,Cloudy,Dry,Daylight
2020-03-02T02:50:00.000,I 285,,,Sideswipe-Same Direction,2,Clear,Dry,Dark-Not Lighted
2020-07-05T08:05:00.000,I 85,,,Sideswipe-Same Direction,2,Clear,Dry,Daylight
2020-02-08T04:21:00.000,I 75,,,Angle Crash,2,Clear,Dry,Dark-Lighted
2020-08-13T07:40:00.000,I 85,,,Sideswipe-Same Direction,2,Clear,Dry,Daylight
2020-09-03T21:00:00.000,I 285,,,Rear End,2,Clear,Dry,Dark-Not Lighted
2020-01-28T20:51:00.000,I 75,,,Rear End,2,Clear,Dry,Dark-Lighted
2020-09-17T09:28:00.000,I 75,,,Rear End,1,Rain,Wet,Daylight
2020-06-10T13:30:00.000,I 75,,,Not a Collision with Motor Vehicle,1,Rain,Wet,Daylight
2020-10-23T15:21:00.000,I 75,,,Rear End,3,Clear,Dry,Daylight
2020-07-18T00:54:00.000,I 75,,,Rear End,3,Clear,Dry,Dark-Not Lighted
2020-02-20T17:30:00.000,I 75,,,Sideswipe-Same Direction,2,Rain,Wet,Daylight
2020-01-14T17:35:00.000,I 75,,,Rear End,2,Rain,Wet,Dusk
2020-08-11T08:07:00.000,I 16,,,Rear End,2,Clear,Dry,Daylight
2020-08-19T00:00:00.000,I 285,,,Rear End,2,Clear,Dry,Daylight
2020-06-16T16:00:00.000,I 285,,,Angle Crash,2,Cloudy,Dry,Daylight
2020-06-25T11:10:00.000,I 20,,,Rear End,4,Cloudy,Wet,Daylight
2020-06-15T18:29:00.000,I 16,,,Angle Crash,3,Clear,Dry,Daylight
2020-03-05T15:00:00.000,I 75,,,Rear End,2,Rain,Wet,Daylight
2020-02-05T22:58:00.000,I 75,,,Rear End,2,Rain,Wet,Dark-Lighted
2020-10-24T00:00:00.000,I 85,,,Not a Collision with Motor Vehicle,1,Rain,Wet,Dark-Not Lighted
2020-10-10T21:46:00.000,I 20,,,Not a Collision with Motor Vehicle,1,Rain,Water (standing or moving),Dark-Not Lighted
2020-12-21T00:00:00.000,I 285,,,Rear End,3,Clear,Dry,Daylight
2020-06-27T16:43:00.000,I 75,,,Sideswipe-Same Direction,2,Clear,Dry,Daylight
2020-10-09T11:42:00.000,I 16,,,Sideswipe-Same Direction,2,Cloudy,Dry,Daylight
2020-07-14T12:45:00.000,I 20,,,Not a Collision with Motor Vehicle,1,Clear,Dry,Daylight
2020-12-09T10:57:00.000,I 285,,,Sideswipe-Same Direction,2,Clear,Dry,Daylight
2020-11-28T00:22:00.000,I 16,,,Not a Collision with Motor Vehicle,1,Clear,Dry,Dark-Not Lighted
2020-01-13T07:20:00.000,I 75,,,Rear End,3,Rain,Wet,Dark-Lighted
2020-12-18T09:10:00.000,I 75,,,Sideswipe-Same Direction,2,Clear,Dry,Daylight
2020-09-18T02:20:00.000,I 75,,,Rear End,2,Clear,Wet,Dark-Lighted
2020-08-29T15:12:00.000,I 16,,,Rear End,2,Clear,Dry,Daylight
2020-08-28T17:10:00.000,I 20,,,Sideswipe-Same Direction,2,Cloudy,Dry,Daylight
2020-02-14T06:02:00.000,I 75,,,Sideswipe-Same Direction,2,Cloudy,Dry,Dark-Not Lighted
2020-10-31T18:00:00.000,I 85,,,Sideswipe-Same Direction,2,Clear,Dry,Daylight
2020-07-24T15:01:00.000,I 75,,,Sideswipe-Same Direction,2,Clear,Dry,Daylight
2020-09-30T18:55:00.000,I 85,,,Rear End,2,Cloudy,Dry,Dawn
2020-10-02T11:20:00.000,I 75,,,Sideswipe-Same Direction,2,Clear,Dry,Daylight
2020-09-12T13:30:00.000,I 285,,,Rear End,2,Rain,Wet,Daylight
2020-04-03T11:10:00.000,I 75,,,Sideswipe-Same Direction,2,Clear,Dry,Daylight
2020-10-04T10:27:00.000,I 85,,,Not a Collision with Motor Vehicle,1,Clear,Dry,Daylight
2020-12-25T06:10:00.000,I 285,,,Not a Collision with Motor Vehicle,1,Clear,Dry,Dark-Not Lighted
2020-03-27T17:15:00.000,I 285,,,Rear End,2,Clear,Dry,Daylight
2020-02-23T06:59:00.000,I 16,,,Not a Collision with Motor Vehicle,1,Clear,Dry,Daylight
2020-05-26T00:12:00.000,I 285,,,Sideswipe-Same Direction,2,Clear,Dry,Dark-Not Lighted
2020-09-10T22:43:00.000,I 85,,,Rear End,2,Clear,Dry,Daylight
2020-09-06T18:36:00.000,I 85,,,Sideswipe-Same Direction,2,Clear,Dry,Daylight
2020-11-05T18:06:00.000,I 75,,,Sideswipe-Same Direction,3,Cloudy,Dry,Dark-Not Lighted
2020-01-21T16:20:00.000,I 20,,,Rear End,3,Clear,Dry,Daylight
2020-04-29T18:21:00.000,I 75,,,Sideswipe-Same Direction,2,Rain,Wet,Daylight
2020-02-17T12:39:00.000,I 75,,,Sideswipe-Same Direction,2,Cloudy,Dry,Daylight
2020-08-07T13:34:00.000,I 20,,,Rear End,2,Clear,Dry,Daylight
2020-11-09T16:40:00.000,I 85,,,Sideswipe-Same Direction,2,Clear,Dry,Daylight
2020-12-07T10:56:00.000,I 20,,,Rear End,3,Clear,Dry,Daylight
2020-12-13T06:20:00.000,I 75,,,Sideswipe-Same Direction,2,Fog,Dry,Dark-Lighted
2020-06-23T20:35:00.000,I 85,,,Angle Crash,2,Cloudy,Dry,Dark-Lighted
2020-02-25T08:00:00.000,I 285,,,Rear End,2,Cloudy,Wet,Daylight
2020-07-12T23:20:00.000,I 85,,,Sideswipe-Same Direction,2,Clear,Dry,Dark-Not Lighted
2020-09-24T04:00:00.000,I 20,,,Angle Crash,1,Clear,Dry,Dark-Lighted
2020-07-06T13:41:00.000,I 75,,,Sideswipe-Same Direction,2,Clear,Dry,Daylight
2020-07-30T18:00:00.000,I 85,,,Rear End,2,Cloudy,Wet,Daylight
2020-06-09T15:33:00.000,I 285,,,Sideswipe-Same Direction,2,Cloudy,Dry,Daylight
2020-06-19T07:35:00.000,I 75,,,Sideswipe-Same Direction,3,Cloudy,Dry,Daylight
2020-10-05T15:18:00.000,I 285,,,Sideswipe-Same Direction,2,Clear,Dry,Daylight
2020-07-28T09:30:00.000,I 285,,,Sideswipe-Same Direction,2,Clear,Dry,Daylight
2020-09-04T16:00:00.000,I 85,,,Rear End,2,Cloudy,Dry,Daylight
2020-12-13T01:40:00.000,I 285,,,Rear End,2,Clear,Wet,Dark-Lighted
2020-02-11T16:37:00.000,I 285,,,Angle Crash,2,Cloudy,Dry,Daylight
2020-06-26T09:39:00.000,I 75,,,Sideswipe-Same Direction,2,Clear,Dry,Daylight
2020-08-10T19:18:00.000,I 20,,,Rear End,3,Cloudy,Dry,Daylight
2020-07-03T00:25:00.000,I 20,,,Not a Collision with Motor Vehicle,1,Cloudy,Dry,Dark-Not Lighted
2020-10-24T18:23:00.000,I 20,,,Rear End,2,Rain,Wet,Daylight
2020-09-28T17:12:00.000,I 285,,,Angle Crash,3,Clear,Dry,Daylight
2020-06-27T22:10:00.000,I 20,,,Not a Collision with Motor Vehicle,1,Clear,Wet,Dark-Not Lighted
2020-04-19T12:43:00.000,I 16,,,Not a Collision with Motor Vehicle,1,Rain,Wet,Daylight
2020-03-05T18:30:00.000,I 20,,,Sideswipe-Same Direction,2,Clear,Dry,Dark-Lighted
2020-02-23T22:29:00.000,I 16,,,Not a Collision with Motor Vehicle,1,Clear,Dry,Daylight
2020-02-05T09:26:00.000,I 285,,,Rear End,2,Clear,Dry,Daylight
2020-03-12T13:45:00.000,I 285,,,Rear End,2,Cloudy,Dry,Daylight
2020-06-22T12:35:00.000,I 75,,,Rear End,8,Cloudy,Dry,Daylight
2020-02-10T20:15:00.000,I 285,,,Angle Crash,2,Rain,Wet,Dark-Lighted
2020-09-25T12:44:00.000,I 75,,,Rear End,2,Cloudy,Dry,Daylight
2020-09-24T17:10:00.000,I 285,,,Rear End,1,Rain,Wet,Daylight
2020-08-03T15:15:00.000,I 285,,,Rear End,2,Rain,Wet,Daylight
2020-08-03T17:47:00.000,I 285,,,Rear End,2,Clear,Dry,Daylight
2020-01-31T17:05:00.000,I 16,,,Rear End,2,Cloudy,Wet,Daylight
2020-10-16T20:00:00.000,I 285,,,Rear End,3,Cloudy,Dry,Dark-Not Lighted
2020-12-06T15:35:00.000,I 75,,,Not a Collision with Motor Vehicle,2,Cloudy,Dry,Daylight
2020-02-10T16:19:00.000,I 75,,,Rear End,2,Rain,Wet,Daylight
2020-06-05T14:16:00.000,I 75,,,Rear End,2,Cloudy,Dry,Daylight
2020-10-10T06:20:00.000,I 85,,,Rear End,2,Rain,Wet,Dark-Lighted
2020-01-12T12:45:00.000,I 20,,,Rear End,2,Clear,Dry,Daylight
2020-08-07T08:13:00.000,I 75,,,Rear End,2,Cloudy,Dry,Daylight
2020-04-08T11:15:00.000,I 75,,,Not a Collision with Motor Vehicle,1,Cloudy,Dry,Daylight
2020-07-13T17:30:00.000,I 20,,,Sideswipe-Same Direction,2,Clear,Dry,Daylight
2020-01-27T18:45:00.000,I 285,,,Rear End,2,Clear,Dry,Dark-Not Lighted
2020-03-14T02:00:00.000,I 75,,,Sideswipe-Same Direction,3,Clear,Dry,Dark-Lighted
2020-02-06T09:53:00.000,I 285,,,Not a Collision with Motor Vehicle,1,Rain,Wet,Daylight
2020-10-16T09:44:00.000,I 85,,,Rear End,2,Clear,Dry,Daylight
2020-09-11T17:58:00.000,I 20,,,Rear End,2,Cloudy,Dry,Daylight
2020-07-18T17:12:00.000,I 85,,,Not a Collision with Motor Vehicle,1,Rain,Wet,Daylight
2020-06-18T07:21:00.000,I 85,,,Rear End,2,Clear,Dry,Daylight
2020-08-24T22:55:00.000,I 85,,,Sideswipe-Same Direction,2,Rain,Wet,Dark-Not Lighted
2020-11-06T12:25:00.000,I 75,,,Not a Collision with Motor Vehicle,1,Clear,Dry,Daylight
2020-12-04T17:00:00.000,I 285,,,Sideswipe-Same Direction,2,Clear,Dry,Daylight
2020-01-15T08:20:00.000,I 85,,,Rear End,2,Cloudy,Dry,Daylight
2020-03-04T11:37:00.000,I 20,,,Rear End,2,Rain,Water (standing or moving),Daylight
2020-06-23T13:00:00.000,I 20,,,Rear End,2,Clear,Dry,Dawn
2020-05-29T13:45:00.000,I 20,,,Rear End,2,Cloudy,Wet,Daylight
2020-01-13T14:51:00.000,I 75,,,Not a Collision with Motor Vehicle,1,Clear,Dry,Daylight
2020-01-03T17:56:00.000,I 75,,,Not a Collision with Motor Vehicle,1,Cloudy,Wet,Dark-Not Lighted
2020-11-09T18:00:00.000,I 285,,,Rear End,3,Clear,Dry,Dark-Not Lighted
2020-06-27T18:58:00.000,I 20,,,Not a Collision with Motor Vehicle,1,Rain,Wet,Daylight
2020-03-19T09:23:00.000,I 285,,,Sideswipe-Same Direction,2,Cloudy,Dry,Daylight
2020-03-07T23:35:00.000,I 75,,,Sideswipe-Same Direction,2,Clear,Dry,Dark-Not Lighted
2020-10-19T14:56:00.000,I 75,,,Sideswipe-Same Direction,2,Clear,Dry,Daylight
2020-10-30T19:40:00.000,I 20,,,Sideswipe-Same Direction,2,Clear,Dry,Dark-Lighted
2020-01-14T12:45:00.000,I 85,,,Rear End,2,Rain,Wet,Daylight
2020-10-23T13:10:00.000,I 20,,,Sideswipe-Same Direction,2,Cloudy,Dry,Daylight
2020-08-30T01:00:00.000,I 85,,,Sideswipe-Opposite Direction,2,Clear,Dry,Dark-Lighted
2020-10-16T19:15:00.000,I 75,,,Rear End,2,Clear,Dry,Dark-Not Lighted
2020-01-28T07:47:00.000,I 75,,,Rear End,2,Clear,Dry,Daylight
2020-11-27T12:50:00.000,I 20,,,Not a Collision with Motor Vehicle,1,Clear,Dry,Daylight
2020-08-13T07:05:00.000,I 285,,,Sideswipe-Same Direction,2,Clear,Dry,Daylight
2020-03-17T16:52:00.000,I 75,,,Sideswipe-Same Direction,2,Cloudy,Dry,Daylight
2020-05-21T00:29:00.000,I 20,,,Head On,3,Clear,Dry,Dark-Lighted
2020-09-24T12:10:00.000,I 75,,,Not a Collision with Motor Vehicle,1,Rain,Wet,Daylight
2020-09-01T06:07:00.000,I 285,,,Not a Collision with Motor Vehicle,1,Clear,Dry,Dark-Lighted
2020-10-25T00:35:00.000,I 285,,,Sideswipe-Same Direction,2,Rain,Dry,Dark-Not Lighted
2020-05-21T21:45:00.000,I 20,,,Not a Collision with Motor Vehicle,4,Clear,Dry,Dark-Not Lighted
2020-04-12T14:59:00.000,I 285,,,Not a Collision with Motor Vehicle,1,Rain,Wet,Daylight
2020-11-24T11:50:00.000,I 85,,,Angle Crash,2,Clear,Dry,Daylight
2020-07-14T09:13:00.000,I 75,,,Sideswipe-Same Direction,2,Clear,Dry,Daylight
2020-08-12T16:43:00.000,I 75,,,Angle Crash,2,Rain,Wet,Daylight
2020-08-19T13:50:00.000,I 285,,,Sideswipe-Same Direction,2,Cloudy,Dry,Daylight
2020-09-02T00:00:00.000,I 16,,,Not a Collision with Motor Vehicle,1,Rain,Wet,Daylight
2020-02-26T13:35:00.000,I 75,,,Sideswipe-Same Direction,2,Clear,Dry,Daylight
2020-01-09T07:09:00.000,I 285,,,Rear End,2,Clear,Dry,Daylight
2020-01-24T14:01:00.000,I 75,,,Rear End,2,Cloudy,Wet,Daylight
2020-03-23T11:02:00.000,I 75,,,Sideswipe-Same Direction,2,Rain,Wet,Daylight
2020-03-08T18:04:00.000,I 285,,,Angle Crash,2,Cloudy,Dry,Daylight
2020-08-19T09:23:00.000,I 75,,,Rear End,2,Clear,Dry,Daylight
2020-06-01T09:30:00.000,I 75,,,Rear End,2,Clear,Dry,Daylight
2020-04-24T02:56:00.000,I 75,,,Rear End,3,Clear,Dry,Dark-Not Lighted
2020-07-19T11:12:00.000,I 85,,,Angle Crash,2,Clear,Dry,Daylight
2020-06-25T14:45:00.000,I 285,,,Angle Crash,3,Clear,Dry,Daylight
2020-07-20T11:45:00.000,I 20,,,Rear End,2,Clear,Dry,Daylight
2020-02-20T12:20:00.000,I 20,,,Head On,2,Rain,Wet,Daylight
2020-05-15T12:16:00.000,I 85,,,Sideswipe-Same Direction,2,Clear,Dry,Daylight
2020-03-10T19:03:00.000,I 20,,,Sideswipe-Same Direction,2,Clear,Dry,Daylight
2020-06-06T09:15:00.000,I 20,,,Sideswipe-Same Direction,2,Clear,Dry,Daylight
2020-04-03T15:28:00.000,I 95,,,Sideswipe-Same Direction,2,Clear,Dry,Daylight
2020-10-28T23:45:00.000,I 75,,,Not a Collision with Motor Vehicle,1,Rain,Wet,Dark-Not Lighted
2020-12-24T11:26:00.000,I 75,,,Angle Crash,1,Rain,Wet,Daylight
2020-02-04T00:00:00.000,I 285,,,Rear End,2,Clear,Dry,Daylight
2020-05-30T17:33:00.000,I 85,,,Not a Collision with Motor Vehicle,1,Clear,Dry,Daylight
2020-04-15T19:47:00.000,I 285,,,Sideswipe-Same Direction,2,Clear,Dry,Daylight
2020-09-02T15:25:00.000,I 16,,,(None),1,(None),(None),(None)
2020-07-21T13:38:00.000,I 75,,,Rear End,2,Cloudy,Dry,Daylight
2020-03-24T19:18:00.000,I 75,,,Sideswipe-Same Direction,2,Cloudy,Dry,Daylight
2020-05-26T09:59:00.000,I 75,,,Rear End,2,Cloudy,Dry,Daylight
2020-01-29T17:48:00.000,I 285,,,Rear End,2,Cloudy,Dry,Dark-Not Lighted
2020-07-14T06:25:00.000,I 20,,,Sideswipe-Same Direction,3,Clear,Dry,Daylight
2020-11-13T00:00:00.000,I 75,,,Rear End,2,Clear,Dry,Dark-Not Lighted
2020-07-25T16:17:00.000,I 20,,,Angle Crash,2,Cloudy,Dry,Daylight
2020-07-16T21:00:00.000,I 285,,,Not a Collision with Motor Vehicle,1,Clear,Dry,Dark-Lighted
2020-03-02T18:47:00.000,I 75,,,Angle Crash,2,Rain,Wet,Dark-Not Lighted
2020-10-29T15:30:00.000,I 75,,,Sideswipe-Same Direction,2,Cloudy,Dry,Daylight
2020-08-17T18:15:00.000,I 85,,,Rear End,2,Clear,Dry,Daylight
2020-06-09T18:01:00.000,I 285,,,Rear End,2,Rain,Wet,Daylight
2020-06-28T04:18:00.000,I 285,,,Not a Collision with Motor Vehicle,1,Clear,Wet,Dark-Lighted
2020-07-08T14:10:00.000,I 75,,,Not a Collision with Motor Vehicle,1,Cloudy,Dry,Daylight
2020-09-12T17:33:00.000,I 85,,,Not a Collision with Motor Vehicle,1,Rain,Wet,Dusk
2020-03-10T09:50:00.000,I 85,,,Rear End,2,Rain,Wet,Dark-Lighted
2020-07-08T20:28:00.000,I 285,,,Sideswipe-Same Direction,2,Rain,Wet,Daylight
2020-11-06T20:53:00.000,I 75,,,Sideswipe-Same Direction,3,Clear,Dry,Dark-Not Lighted
2020-12-28T22:35:00.000,I 285,,,Not a Collision with Motor Vehicle,1,Clear,Wet,Dark-Not Lighted
2020-06-09T19:30:00.000,I 20,,,Rear End,2,Rain,Wet,Daylight
2020-04-19T19:50:00.000,I 285,,,Sideswipe-Same Direction,2,Rain,Wet,Dark-Lighted
2020-09-07T19:33:00.000,I 75,,,Sideswipe-Same Direction,2,Cloudy,Dry,Daylight
2020-05-15T16:30:00.000,I 75,,,Rear End,2,Cloudy,Dry,Daylight
2020-12-29T14:18:00.000,I 16,,,Not a Collision with Motor Vehicle,2,Clear,Dry,Daylight
2020-01-31T18:00:00.000,I 285,,,Rear End,2,Clear,Dry,Dark-Not Lighted
2020-08-31T14:47:00.000,I 285,,,Not a Collision with Motor Vehicle,2,Clear,Dry,Daylight
2020-07-19T11:16:00.000,I 85,,,Angle Crash,2,Cloudy,Dry,Daylight
2020-08-22T18:03:00.000,I 20,,,Rear End,2,Clear,Dry,Daylight
2020-08-22T22:46:00.000,I 75,,,Sideswipe-Same Direction,2,Rain,Wet,Dark-Not Lighted
2020-03-23T11:18:00.000,I 75,,,Not a Collision with Motor Vehicle,1,Rain,Wet,Daylight
2020-12-18T01:18:00.000,I 20,,,Rear End,2,Clear,Dry,Dark-Not Lighted
2020-07-26T19:41:00.000,I 75,,,Not a Collision with Motor Vehicle,1,Rain,Wet,Daylight
2020-12-13T00:00:00.000,I 85,,,Rear End,2,Clear,Wet,Dark-Not Lighted
2020-07-22T13:53:00.000,I 16,,,Rear End,2,Clear,Dry,Daylight
2020-01-13T08:21:00.000,I 85,,,Not a Collision with Motor Vehicle,1,Rain,Wet,Daylight
2020-03-16T15:35:00.000,I 285,,,Sideswipe-Same Direction,1,Cloudy,Dry,Daylight
2020-02-25T10:11:00.000,I 75,,,Rear End,2,Cloudy,Dry,Daylight
2020-07-25T19:00:00.000,I 20,,,Rear End,2,Cloudy,Dry,Daylight
2020-01-04T15:45:00.000,I 20,,,Not a Collision with Motor Vehicle,1,Clear,Dry,Daylight
2020-02-05T17:57:00.000,I 75,,,Rear End,5,Rain,Wet,Dark-Not Lighted
2020-05-25T15:42:00.000,I 285,,,Not a Collision with Motor Vehicle,1,Cloudy,Dry,Daylight
2020-07-22T00:00:00.000,I 285,,,Rear End,2,Clear,Dry,Daylight
2020-12-12T21:17:00.000,I 75,,,Sideswipe-Same Direction,3,Rain,Wet,Dark-Lighted
2020-08-15T23:20:00.000,I 20,,,Angle Crash,2,Clear,Dry,Dark-Lighted
2020-06-02T17:15:00.000,I 285,,,Not a Collision with Motor Vehicle,1,Clear,Dry,Daylight
2020-11-30T00:00:00.000,I 285,,,Angle Crash,2,Cloudy,Wet,Daylight
2020-06-06T23:00:00.000,I 75,,,Rear End,2,Cloudy,Dry,Dark-Not Lighted
2020-10-30T12:22:00.000,I 75,,,Not a Collision with Motor Vehicle,1,Clear,Dry,Daylight
2020-11-18T17:35:00.000,I 75,,,Rear End,2,Clear,Dry,Daylight
2020-06-24T17:41:00.000,I 75,,,Not a Collision with Motor Vehicle,1,Rain,Wet,Daylight
2020-06-08T06:50:00.000,I 75,,,Sideswipe-Same Direction,2,Cloudy,Dry,Daylight
2020-01-01T06:45:00.000,I 75,,,Not a Collision with Motor Vehicle,1,Clear,Dry,Dark-Not Lighted
2020-08-20T14:21:00.000,I 20,,,Not a Collision with Motor Vehicle,2,Clear,Dry,Daylight
2020-09-04T14:50:00.000,I 85,,,Rear End,3,Cloudy,Dry,Daylight
2020-02-09T04:50:00.000,I 75,,,Not a Collision with Motor Vehicle,1,Clear,Dry,Dark-Lighted
2020-11-29T21:50:00.000,I 285,,,Angle Crash,2,Rain,Wet,Dark-Not Lighted
2020-10-30T12:16:00.000,I 75,,,Not a Collision with Motor Vehicle,1,Cloudy,Dry,Daylight
2020-08-21T17:43:00.000,I 20,,,Sideswipe-Same Direction,2,Clear,Dry,Daylight
2020-05-10T02:52:00.000,I 20,,,Rear End,2,Cloudy,Dry,Dark-Not Lighted
2020-11-19T04:38:00.000,I 75,,,Not a Collision with Motor Vehicle,1,Clear,Dry,Dark-Not Lighted
2020-03-11T06:40:00.000,I 285,,,Rear End,2,Cloudy,Dry,Dark-Lighted
2020-07-24T09:58:00.000,I 20,,,Rear End,2,Clear,Dry,Daylight
2020-02-11T13:08:00.000,I 75,,,Not a Collision with Motor Vehicle,1,Cloudy,Dry,Daylight
2020-11-14T07:30:00.000,I 75,,,Rear End,3,Clear,Dry,Daylight
2020-03-21T03:09:00.000,I 20,,,Not a Collision with Motor Vehicle,1,Rain,Wet,Dark-Not Lighted
2020-08-19T21:11:00.000,I 285,,,Sideswipe-Same Direction,3,Rain,Wet,Dark-Not Lighted
2020-05-22T00:00:00.000,I 285,,,Rear End,2,Clear,Dry,Daylight
2020-05-16T10:19:00.000,I 75,,,Not a Collision with Motor Vehicle,1,Clear,Dry,Daylight
2020-04-27T17:54:00.000,I 85,,,Sideswipe-Same Direction,2,Clear,Dry,Daylight
2020-05-06T09:35:00.000,I 75,,,Rear End,2,Clear,Dry,Daylight
2020-09-18T17:39:00.000,I 75,,,Rear End,2,Cloudy,Dry,Daylight
2020-09-23T07:50:00.000,I 75,,,Sideswipe-Same Direction,2,Clear,Dry,Dark-Lighted
2020-05-01T13:00:00.000,I 75,,,Sideswipe-Same Direction,2,Clear,Dry,Daylight
2020-09-29T10:20:00.000,I 85,,,Angle Crash,2,Cloudy,Wet,Daylight
2020-05-29T23:42:00.000,I 20,,,Not a Collision with Motor Vehicle,4,Clear,Dry,Dark-Not Lighted
2020-10-11T17:21:00.000,I 285,,,Not a Collision with Motor Vehicle,1,Cloudy,Wet,Daylight
2020-08-31T01:00:00.000,I 75,,,Not a Collision with Motor Vehicle,1,Clear,Dry,Dark-Not Lighted
2020-08-02T18:11:00.000,I 20,,,Sideswipe-Same Direction,2,Clear,Dry,Daylight
2020-03-05T15:10:00.000,I 20,,,Sideswipe-Same Direction,2,Rain,Wet,Daylight
2020-01-22T10:22:00.000,I 285,,,Sideswipe-Same Direction,2,Clear,Dry,Daylight
2020-05-08T13:20:00.000,I 75,,,Not a Collision with Motor Vehicle,1,Rain,Wet,Daylight
2020-01-05T13:17:00.000,I 20,,,Rear End,2,Clear,Dry,Daylight
2020-08-07T09:15:00.000,I 85,,,Sideswipe-Same Direction,2,Clear,Dry,Daylight
2020-01-08T18:15:00.000,I 285,,,Rear End,2,Clear,Dry,Dark-Lighted
2020-08-25T13:40:00.000,I 85,,,Not a Collision with Motor Vehicle,1,Rain,Wet,Daylight
2020-08-13T05:47:00.000,I 20,,,Rear End,2,Clear,Dry,Dark-Lighted
2020-06-17T16:41:00.000,I 285,,,Rear End,2,Cloudy,Dry,Daylight
2020-06-19T19:00:00.000,I 75,,,Angle Crash,2,Cloudy,Dry,Daylight
2020-03-05T01:04:00.000,I 20,,,Not a Collision with Motor Vehicle,1,Rain,Wet,Dark-Not Lighted
2020-11-11T09:31:00.000,I 75,,,Rear End,2,Cloudy,Wet,Daylight
2020-10-26T07:45:00.000,I 75,,,Rear End,2,Cloudy,Dry,Dawn