Date and Time,Roadway (From Crash Report),Intersection Name (from Crash Report),KABCO Severity,Manner of Collision (Crash Level) ,# of Vehicles per crash ,Weather Conditions (Crash Level),Surface Condition (Crash Level) ,Light Conditions (Crash Level)
2020-04-20T13:59:00.000,I 75,,,Sideswipe-Same Direction,2,Clear,Dry,Daylight
2020-08-08T15:40:00.000,I 285,,,Rear End,2,Clear,Dry,Daylight
2020-02-24T07:16:00.000,I 75,,,Rear End,2,Rain,Wet,Daylight
2020-11-10T19:30:00.000,I 75,,,Sideswipe-Same Direction,2,Cloudy,Wet,Dark-Not Lighted
2020-01-14T14:41:00.000,I 285,,,Rear End,2,Rain,Wet,Daylight
2020-02-13T10:03:00.000,I 75,,,Not a Collision with Motor Vehicle,1,Rain,Wet,Daylight
2020-01-10T17:43:00.000,I 285,,,Angle Crash,2,Clear,Dry,Dark-Not Lighted
2020-02-11T18:40:00.000,I 75,,,Rear End,2,Rain,Wet,Dark-Not Lighted
2020-12-11T06:34:00.000,I 75,,,Sideswipe-Same Direction,2,Clear,Dry,Dark-Lighted
2020-03-14T00:00:00.000,I 75,,,Rear End,2,Clear,Dry,Dark-Not Lighted
2020-07-22T22:14:00.000,I 20,,,Angle Crash,2,Cloudy,Dry,Dark-Not Lighted
2020-02-21T14:30:00.000,I 285,,,Sideswipe-Same Direction,2,Cloudy,Dry,Daylight
2020-11-05T00:53:00.000,I 75,,,Not a Collision with Motor Vehicle,1,Clear,Dry,Dark-Not Lighted
2020-03-02T15:20:00.000,I 75,,,Rear End,2,Rain,Wet,Daylight
2020-03-03T17:13:00.000,I 75,,,Sideswipe-Same Direction,2,Clear,Dry,Daylight
2020-08-22T14:11:00.000,I 20,,,Angle Crash,2,Clear,Dry,Daylight
2020-10-15T10:48:00.000,I 16,,,Sideswipe-Same Direction,2,Cloudy,Dry,Daylight
2020-04-09T06:56:00.000,I 20,,,Sideswipe-Same Direction,2,Cloudy,Wet,Dawn
2020-05-19T18:30:00.000,I 85,,,Sideswipe-Same Direction,2,Cloudy,Dry,Daylight
2020-06-16T11:14:00.000,I 20,,,Rear End,2,Clear,Dry,Daylight
2020-09-11T13:49:00.000,I 16,,,Rear End,6,Clear,Dry,Daylight
2020-08-24T07:10:00.000,I 285,,,Rear End,2,Clear,Dry,Daylight
2020-05-08T15:45:00.000,I 85,,,Rear End,2,Cloudy,Dry,Daylight
2020-01-03T21:35:00.000,I 75,,,Rear End,2,Cloudy,Wet,Dark-Not Lighted
2020-02-29T20:35:00.000,I 285,,,Sideswipe-Same Direction,2,Cloudy,Dry,Dark-Not Lighted
2020-11-28T00:23:00.000,I 75,,,Sideswipe-Same Direction,2,Clear,Dry,Dark-Lighted
2020-07-22T18:27:00.000,I 75,,,Not a Collision with Motor Vehicle,1,Clear,Dry,Daylight
2020-12-14T21:13:00.000,I 20,,,Not a Collision with Motor Vehicle,1,Clear,Dry,Dark-Not Lighted
2020-07-09T17:15:00.000,I 75,,,Rear End,4,Clear,Dry,Daylight
2020-12-29T14:30:00.000,I 75,,,Sideswipe-Same Direction,2,Clear,Dry,Daylight
2020-11-30T07:42:00.000,I 85,,,Rear End,3,Cloudy,Wet,Daylight
2020-08-30T18:35:00.000,I 85,,,Rear End,2,Cloudy,Dry,Dusk
2020-01-03T14:32:00.000,I 75,,,Rear End,2,Rain,Wet,Daylight
2020-10-21T16:42:00.000,I 285,,,Angle Crash,2,Clear,Dry,Daylight
2020-08-31T16:30:00.000,I 75,,,Not a Collision with Motor Vehicle,1,Rain,Wet,Daylight
2020-02-12T07:33:00.000,I 285,,,Rear End,2,Cloudy,Wet,Daylight
2020-03-17T06:45:00.000,I 285,,,Angle Crash,2,Cloudy,Dry,Dark-Lighted
2020-10-14T16:15:00.000,I 285,,,Rear End,2,Clear,Dry,Daylight
2020-11-17T17:45:00.000,I 95,,,Rear End,3,Clear,Dry,Dark-Not Lighted
2020-12-01T08:10:00.000,I 75,,,Not a Collision with Motor Vehicle,2,Clear,Dry,Daylight
2020-01-14T10:46:00.000,I 75,,,Sideswipe-Same Direction,2,Rain,Wet,Daylight
2020-08-18T10:36:00.000,I 75,,,Sideswipe-Same Direction,2,Clear,Dry,Daylight
2020-03-15T20:00:00.000,I 285,,,Sideswipe-Same Direction,2,Clear,Dry,Dark-Not Lighted
2020-08-23T00:48:00.000,I 20,,,Angle Crash,2,Clear,Dry,Dark-Not Lighted
2020-06-29T06:46:00.000,I 75,,,Rear End,4,Clear,Dry,Daylight
2020-11-13T21:43:00.000,I 20,,,Not a Collision with Motor Vehicle,1,Clear,Dry,Dark-Not Lighted
2020-03-07T23:45:00.000,I 285,,,Sideswipe-Same Direction,2,Clear,Dry,Dark-Not Lighted
2020-06-19T13:25:00.000,I 16,,,Rear End,2,Clear,Dry,Daylight
2020-03-03T08:18:00.000,I 75,,,Angle Crash,2,Rain,Wet,Daylight
2020-08-17T15:55:00.000,I 75,,,Sideswipe-Same Direction,2,Clear,Dry,Daylight
2020-01-11T22:12:00.000,I 20,,,Not a Collision with Motor Vehicle,1,Rain,Wet,Dark-Not Lighted
2020-05-22T17:24:00.000,I 75,,,Rear End,2,Clear,Dry,Daylight
2020-02-01T17:11:00.000,I 85,,,Rear End,2,Cloudy,Dry,Daylight
2020-07-16T11:27:00.000,I 285,,,Sideswipe-Same Direction,2,Cloudy,Dry,Daylight
2020-04-27T16:12:00.000,I 285,,,Not a Collision with Motor Vehicle,2,Clear,Dry,Daylight
2020-11-19T19:55:00.000,I 20,,,Rear End,2,Clear,Dry,Dark-Not Lighted
2020-11-06T19:10:00.000,I 285,,,Not a Collision with Motor Vehicle,2,Cloudy,Dry,Dark-Not Lighted
2020-10-30T11:33:00.000,I 75,,,Not a Collision with Motor Vehicle,2,Clear,Dry,Daylight
2020-08-07T06:58:00.000,I 85,,,Sideswipe-Same Direction,2,Cloudy,Dry,Daylight
2020-09-14T20:25:00.000,I 20,,,Sideswipe-Same Direction,1,Cloudy,Dry,Dark-Not Lighted
2020-06-23T16:43:00.000,I 20,,,Not a Collision with Motor Vehicle,1,Rain,Wet,Daylight
2020-10-29T13:20:00.000,I 95,,,Sideswipe-Same Direction,2,Rain,Wet,Daylight
2020-06-19T00:00:00.000,I 285,,,Rear End,2,Clear,Wet,Daylight
2020-08-24T09:37:00.000,I 285,,,Sideswipe-Same Direction,2,Cloudy,Dry,Daylight
2020-06-12T08:21:00.000,I 75,,,Rear End,2,Clear,Dry,Daylight
2020-02-28T08:22:00.000,I 75,,,Angle Crash,2,Clear,Dry,Daylight
2020-01-28T09:54:00.000,I 75,,,Rear End,2,Clear,Dry,Daylight
2020-01-14T07:30:00.000,I 285,,,Rear End,2,Cloudy,Wet,Daylight
2020-07-10T12:40:00.000,I 75,,,Not a Collision with Motor Vehicle,2,Clear,Dry,Daylight
2020-03-08T14:00:00.000,I 20,,,Not a Collision with Motor Vehicle,1,Clear,Dry,Daylight
2020-12-30T11:25:00.000,I 75,,,Sideswipe-Same Direction,2,Cloudy,Dry,Daylight
2020-10-30T13:30:00.000,I 20,,,Sideswipe-Same Direction,2,Clear,Dry,Daylight
2020-07-21T12:45:00.000,I 75,,,Not a Collision with Motor Vehicle,1,Clear,Dry,Daylight
2020-10-09T16:59:00.000,I 285,,,Rear End,2,Rain,Wet,Dusk
2020-12-18T13:45:00.000,I 75,,,Not a Collision with Motor Vehicle,2,Clear,Dry,Daylight
2020-08-20T19:30:00.000,I 75,,,Not a Collision with Motor Vehicle,1,Rain,Wet,Daylight
2020-10-28T09:35:00.000,I 20,,,Not a Collision with Motor Vehicle,1,Cloudy,Wet,Daylight
2020-11-23T12:25:00.000,I 285,,,Sideswipe-Same Direction,2,Clear,Dry,Daylight
2020-06-26T18:41:00.000,I 20,,,Rear End,2,Clear,Dry,Daylight
2020-06-12T15:00:00.000,I 75,,,Rear End,2,Cloudy,Dry,Daylight
2020-08-08T04:20:00.000,I 20,,,Not a Collision with Motor Vehicle,1,Clear,Dry,Dark-Not Lighted
2020-08-27T13:18:00.000,I 75,,,Rear End,2,Clear,Dry,Daylight
2020-02-17T18:42:00.000,I 20,,,Not a Collision with Motor Vehicle,1,Cloudy,Dry,Dark-Not Lighted
2020-08-04T14:03:00.000,I 285,,,Sideswipe-Same Direction,2,Clear,Dry,Daylight
2020-02-05T16:45:00.000,I 285,,,Sideswipe-Same Direction,2,Cloudy,Dry,Daylight
2020-07-31T02:29:00.000,I 285,,,Angle Crash,2,Clear,Dry,Dark-Not Lighted
2020-03-03T18:27:00.000,I 285,,,Angle Crash,3,Cloudy,Dry,Dusk
2020-08-27T12:00:00.000,I 75,,,Sideswipe-Same Direction,2,Clear,Dry,Daylight
2020-05-18T17:45:00.000,I 75,,,Sideswipe-Same Direction,2,Rain,Wet,Daylight
2020-11-17T19:06:00.000,I 75,,,Rear End,2,Cloudy,Dry,Dark-Not Lighted
2020-03-11T12:36:00.000,I 75,,,Rear End,2,Cloudy,Dry,Daylight
2020-08-14T17:50:00.000,I 20,,,Not a Collision with Motor Vehicle,1,Rain,Wet,Daylight
2020-11-11T17:55:00.000,I 20,,,Not a Collision with Motor Vehicle,1,Rain,Wet,Dark-Not Lighted
2020-09-15T07:51:00.000,I 20,,,Rear End,2,Rain,Wet,Daylight
2020-03-15T14:38:00.000,I 20,,,Sideswipe-Same Direction,2,Rain,Wet,Daylight
2020-01-06T14:53:00.000,I 285,,,Angle Crash,2,Clear,Dry,Daylight
2020-02-27T05:45:00.000,I 85,,,Sideswipe-Same Direction,2,Clear,Dry,Dark-Not Lighted
2020-04-03T16:23:00.000,I 75,,,Rear End,3,Clear,Dry,Daylight
2020-10-07T15:10:00.000,I 285,,,Sideswipe-Same Direction,2,Clear,Dry,Daylight
2020-02-10T21:39:00.000,I 75,,,Angle Crash,2,Rain,Wet,Dark-Not Lighted
2020-04-01T18:35:00.000,I 20,,,Sideswipe-Same Direction,2,Clear,Dry,Daylight
2020-09-30T18:30:00.000,I 20,,,Rear End,2,Clear,Dry,Daylight
2020-09-05T05:20:00.000,I 20,,,Not a Collision with Motor Vehicle,1,Clear,Dry,Dark-Lighted
2020-07-17T18:30:00.000,I 85,,,Rear End,2,Clear,Dry,Daylight
2020-05-09T15:14:00.000,I 75,,,Not a Collision with Motor Vehicle,1,Clear,Dry,Daylight
2020-02-29T13:44:00.000,I 75,,,Angle Crash,2,Clear,Dry,Daylight
2020-02-25T16:28:00.000,I 75,,,Rear End,2,Cloudy,Dry,Daylight
2020-11-12T05:42:00.000,I 16,,,Not a Collision with Motor Vehicle,1,Rain,Wet,Dark-Not Lighted
2020-08-14T15:25:00.000,I 285,,,Rear End,2,Cloudy,Dry,Daylight
2020-05-12T17:00:00.000,I 285,,,Rear End,2,Clear,Dry,Daylight
2020-06-09T16:31:00.000,I 285,,,Rear End,2,Cloudy,Dry,Daylight
2020-08-23T07:44:00.000,I 75,,,Not a Collision with Motor Vehicle,1,Cloudy,Wet,Dawn
2020-03-31T10:19:00.000,I 85,,,Not a Collision with Motor Vehicle,1,Cloudy,Dry,Daylight
2020-01-16T16:42:00.000,I 75,,,Rear End,2,Cloudy,Dry,Daylight
2020-02-12T07:30:00.000,I 75,,,Rear End,2,Cloudy,Wet,Daylight
2020-03-28T19:20:00.000,I 20,,,Sideswipe-Same Direction,2,Clear,Dry,Daylight
2020-01-24T17:45:00.000,I 75,,,Sideswipe-Same Direction,3,Rain,Wet,Daylight
2020-08-25T17:05:00.000,I 85,,,Rear End,2,Rain,Wet,Daylight
2020-09-18T20:40:00.000,I 285,,,Sideswipe-Same Direction,2,Cloudy,Dry,Dark-Not Lighted
2020-07-18T14:00:00.000,I 20,,,Not a Collision with Motor Vehicle,1,Clear,Dry,Daylight
2020-01-02T14:04:00.000,I 285,,,Rear End,2,Rain,Wet,Daylight
2020-08-20T18:45:00.000,I 285,,,Rear End,4,Rain,Wet,Daylight
2020-03-03T17:00:00.000,I 285,,,Rear End,2,Cloudy,Dry,Daylight
2020-10-05T17:11:00.000,I 75,,,Sideswipe-Same Direction,3,Clear,Dry,Daylight
2020-01-25T19:19:00.000,I 85,,,Sideswipe-Same Direction,2,Clear,Dry,Dark-Not Lighted
2020-01-28T07:30:00.000,I 75,,,Rear End,2,Clear,Dry,Daylight
2020-01-08T08:20:00.000,I 285,,,Angle Crash,2,Clear,Dry,Daylight
2020-01-18T17:00:00.000,I 85,,,Sideswipe-Same Direction,2,Clear,Dry,Daylight
2020-08-25T18:46:00.000,I 285,,,Not a Collision with Motor Vehicle,1,Rain,Wet,Daylight
2020-01-13T09:47:00.000,I 285,,,Sideswipe-Same Direction,2,Rain,Wet,Daylight
2020-06-20T06:05:00.000,I 20,,,Sideswipe-Same Direction,2,Clear,Dry,Dawn
2020-07-04T17:12:00.000,I 20,,,Rear End,2,Cloudy,Dry,Daylight
2020-11-06T16:52:00.000,I 75,,,Rear End,2,Clear,Dry,Daylight
2020-02-09T14:27:00.000,I 85,,,Angle Crash,2,Clear,Dry,Daylight
2020-10-29T06:07:00.000,I 85,,,Not a Collision with Motor Vehicle,1,Rain,Water (standing or moving),Dark-Not Lighted
2020-09-09T08:40:00.000,I 75,,,Not a Collision with Motor Vehicle,3,Cloudy,Dry,Daylight
2020-09-24T15:03:00.000,I 20,,,Rear End,2,Clear,Dry,Daylight
2020-11-23T16:51:00.000,I 20,,,Rear End,2,Clear,Dry,Daylight
2020-11-02T07:40:00.000,I 75,,,Sideswipe-Same Direction,2,Clear,Dry,Daylight
2020-10-10T17:37:00.000,I 20,,,Rear End,2,Rain,Wet,Daylight
2020-03-02T13:55:00.000,I 285,,,Rear End,2,Rain,Wet,Daylight
2020-07-08T17:50:00.000,I 285,,,Rear End,3,Cloudy,Dry,Daylight
2020-11-29T08:45:00.000,I 285,,,Rear End,2,Clear,Dry,Daylight
2020-09-22T08:00:00.000,I 20,,,Rear End,2,Clear,Dry,Daylight
2020-03-30T17:27:00.000,I 75,,,Sideswipe-Same Direction,2,Cloudy,Dry,Daylight
2020-10-02T15:05:00.000,I 20,,,Sideswipe-Same Direction,2,Clear,Dry,Daylight
2020-09-23T03:31:00.000,I 85,,,Sideswipe-Same Direction,2,Clear,Dry,Dark-Lighted
2020-10-09T17:49:00.000,I 75,,,Angle Crash,1,Rain,Wet,Daylight
2020-06-07T23:24:00.000,I 20,,,Not a Collision with Motor Vehicle,1,Clear,Dry,Dark-Not Lighted
2020-09-10T05:40:00.000,I 20,,,Sideswipe-Same Direction,2,Clear,Dry,Dark-Lighted
2020-01-22T13:00:00.000,I 75,,,Not a Collision with Motor Vehicle,1,Cloudy,Dry,Daylight
2020-02-07T14:40:00.000,I 75,,,Sideswipe-Same Direction,3,Cloudy,Dry,Daylight
2020-08-10T13:25:00.000,I 20,,,Not a Collision with Motor Vehicle,1,Rain,Wet,Daylight
2020-02-24T08:35:00.000,I 285,,,Rear End,4,Rain,Wet,Daylight
2020-03-17T00:00:00.000,I 285,,,Sideswipe-Same Direction,2,Clear,Dry,Daylight
2020-03-08T21:45:00.000,I 285,,,Sideswipe-Same Direction,2,Clear,Dry,Dark-Not Lighted
2020-05-27T15:00:00.000,I 285,,,Rear End,2,Rain,Wet,Daylight
2020-08-12T22:33:00.000,I 20,,,Rear End,3,Clear,Dry,Dark-Not Lighted
2020-06-08T12:10:00.000,I 75,,,Not a Collision with Motor Vehicle,2,Cloudy,Dry,Daylight
2020-08-02T15:52:00.000,I 16,,,(None),1,(None),(None),(None)
2020-08-03T17:00:00.000,I 75,,,Not a Collision with Motor Vehicle,1,Rain,Wet,Daylight
2020-12-14T13:52:00.000,I 285,,,Not a Collision with Motor Vehicle,1,Clear,Dry,Daylight
2020-01-03T18:00:00.000,I 75,,,Sideswipe-Same Direction,2,Rain,Wet,Dark-Not Lighted
2020-09-17T07:32:00.000,I 285,,,Rear End,2,Rain,Wet,Daylight
2020-06-05T23:50:00.000,I 75,,,Sideswipe-Same Direction,2,Cloudy,Dry,Dark-Not Lighted
2020-06-10T09:55:00.000,I 285,,,Rear End,2,Cloudy,Dry,Daylight
2020-01-28T12:55:00.000,I 75,,,Sideswipe-Same Direction,2,Clear,Dry,Daylight
2020-03-19T06:00:00.000,I 75,,,Sideswipe-Same Direction,2,Clear,Dry,Dark-Not Lighted
2020-09-23T00:45:00.000,I 16,,,Rear End,2,Clear,Dry,Dark-Not Lighted
2020-07-25T16:45:00.000,I 75,,,Rear End,2,Rain,Wet,Daylight
2020-10-01T09:46:00.000,I 75,,,Not a Collision with Motor Vehicle,1,Clear,Dry,Daylight
2020-11-21T02:40:00.000,I 85,,,Sideswipe-Same Direction,2,Clear,Dry,Dark-Lighted
2020-07-29T13:37:00.000,I 20,,,Not a Collision with Motor Vehicle,1,Cloudy,Dry,Daylight
2020-03-31T13:30:00.000,I 75,,,Rear End,2,Rain,Wet,Daylight
2020-03-15T20:00:00.000,I 285,,,Rear End,2,Clear,Dry,Dark-Not Lighted
2020-04-30T13:59:00.000,I 85,,,Angle Crash,2,(None),(None),(None)
2020-11-06T15:25:00.000,I 75,,,Rear End,2,Clear,Dry,Daylight
2020-02-08T11:25:00.000,I 85,,,Head On,2,Snow,Snow,Daylight
2020-02-21T06:39:00.000,I 75,,,Sideswipe-Same Direction,2,Clear,Dry,Dark-Not Lighted
2020-08-15T16:36:00.000,I 85,,,Rear End,2,Cloudy,Dry,Daylight
2020-11-04T09:37:00.000,I 85,,,Angle Crash,2,Clear,Dry,Daylight
2020-05-01T11:06:00.000,I 85,,,Not a Collision with Motor Vehicle,1,Clear,Dry,Daylight
2020-12-24T08:45:00.000,I 285,,,Not a Collision with Motor Vehicle,1,Rain,Wet,Daylight
2020-10-28T15:00:00.000,I 20,,,Sideswipe-Same Direction,2,Cloudy,Dry,Daylight
2020-02-29T17:19:00.000,I 20,,,Not a Collision with Motor Vehicle,1,Clear,Dry,Daylight
2020-02-21T18:59:00.000,I 285,,,Rear End,2,Clear,Dry,Dark-Not Lighted
2020-12-28T09:30:00.000,I 20,,,Sideswipe-Same Direction,2,Clear,Dry,Daylight
2020-06-30T14:30:00.000,I 20,,,Rear End,2,Clear,Dry,Daylight
2020-05-22T15:00:00.000,I 95,,,Not a Collision with Motor Vehicle,1,Clear,Dry,Daylight
2020-02-10T13:53:00.000,I 75,,,Not a Collision with Motor Vehicle,1,Rain,Wet,Daylight
2020-01-23T17:42:00.000,I 75,,,Rear End,3,Cloudy,Dry,Daylight
2020-02-23T13:43:00.000,I 75,,,Sideswipe-Same Direction,2,Clear,Dry,Daylight
2020-07-06T13:08:00.000,I 20,,,Angle Crash,2,Clear,Wet,Daylight
2020-07-09T21:03:00.000,I 20,,,Not a Collision with Motor Vehicle,1,Rain,Wet,Dark-Lighted
2020-02-06T18:56:00.000,I 285,,,Rear End,2,Rain,Wet,Dark-Lighted
2020-12-04T14:55:00.000,I 75,,,Sideswipe-Same Direction,2,Clear,Dry,Daylight
2020-01-08T09:34:00.000,I 75,,,Sideswipe-Same Direction,2,Clear,Dry,Daylight
2020-07-08T07:29:00.000,I 20,,,Rear End,2,Cloudy,Dry,Daylight
2020-01-12T03:23:00.000,I 85,,,Sideswipe-Same Direction,2,Clear,Dry,Dark-Not Lighted
2020-01-22T07:20:00.000,I 285,,,Rear End,2,Clear,Dry,Dawn
2020-10-23T13:16:00.000,I 20,,,Rear End,2,Cloudy,Dry,Daylight
2020-05-18T15:58:00.000,I 95,,,Sideswipe-Same Direction,2,Clear,Dry,Daylight
2020-09-19T17:25:00.000,I 85,,,Sideswipe-Same Direction,2,Clear,Dry,Daylight
2020-03-19T14:07:00.000,I 75,,,Sideswipe-Same Direction,2,Clear,Dry,Daylight
2020-09-02T15:54:00.000,I 285,,,Not a Collision with Motor Vehicle,2,Clear,Dry,Daylight
2020-09-06T10:24:00.000,I 85,,,Rear End,2,Clear,Dry,Daylight
2020-11-17T09:59:00.000,I 285,,,Rear End,2,Clear,Dry,Daylight
2020-01-20T11:24:00.000,I 75,,,Not a Collision with Motor Vehicle,1,Clear,Dry,Daylight
2020-07-26T15:23:00.000,I 20,,,Not a Collision with Motor Vehicle,1,Clear,Dry,Daylight
2020-01-02T12:00:00.000,I 75,,,Not a Collision with Motor Vehicle,1,Rain,Wet,Daylight
2020-05-25T06:15:00.000,I 20,,,Not a Collision with Motor Vehicle,1,Clear,Dry,Daylight
2020-05-11T16:40:00.000,I 20,,,Rear End,2,Clear,Dry,Daylight
2020-04-04T21:10:00.000,I 85,,,Sideswipe-Same Direction,2,Clear,Dry,Dark-Not Lighted
2020-01-21T19:40:00.000,I 285,,,Sideswipe-Same Direction,2,Clear,Dry,Dark-Not Lighted
2020-06-29T16:30:00.000,I 20,,,Not a Collision with Motor Vehicle,1,Clear,Dry,Daylight
2020-08-09T17:27:00.000,I 85,,,Rear End,3,Rain,Wet,Daylight
2020-08-02T20:54:00.000,I 20,,,Angle Crash,1,Rain,Wet,Dark-Not Lighted
2020-02-26T08:22:00.000,I 285,,,Rear End,4,Clear,Dry,Daylight
2020-01-02T17:30:00.000,I 75,,,Rear End,2,Rain,Wet,Dark-Not Lighted
2020-01-06T16:00:00.000,I 20,,,Sideswipe-Same Direction,2,Clear,Dry,Daylight
2020-11-05T19:43:00.000,I 75,,,Sideswipe-Same Direction,2,Cloudy,Dry,Dark-Not Lighted
2020-09-07T23:37:00.000,I 75,,,Sideswipe-Same Direction,2,Clear,Dry,Dark-Lighted
2020-01-24T15:14:00.000,I 75,,,Rear End,2,Cloudy,Wet,Daylight
2020-09-14T14:30:00.000,I 75,,,Sideswipe-Same Direction,2,Cloudy,Wet,Daylight
2020-07-10T12:40:00.000,I 75,,,Not a Collision with Motor Vehicle,2,Clear,Dry,Daylight
2020-02-01T15:33:00.000,I 20,,,Not a Collision with Motor Vehicle,1,Cloudy,Dry,Daylight
2020-12-10T12:55:00.000,I 75,,,Sideswipe-Same Direction,2,Clear,Dry,Daylight
2020-06-17T11:28:00.000,I 75,,,Sideswipe-Same Direction,3,Clear,Dry,Daylight
2020-06-21T10:54:00.000,I 85,,,Rear End,2,Clear,Dry,Daylight
2020-01-09T09:25:00.000,I 75,,,Sideswipe-Same Direction,2,Clear,Dry,Daylight
2020-03-07T13:16:00.000,I 75,,,Rear End,2,Clear,Dry,Daylight
2020-07-24T13:30:00.000,I 75,,,Rear End,2,Clear,Dry,Daylight
2020-04-23T06:23:00.000,I 75,,,Not a Collision with Motor Vehicle,1,Rain,Wet,Dark-Not Lighted
2020-07-22T01:22:00.000,I 20,,,Not a Collision with Motor Vehicle,1,Clear,Dry,Dark-Not Lighted
2020-05-26T17:52:00.000,I 75,,,Rear End,4,Rain,Wet,Daylight
2020-08-10T17:11:00.000,Sr 141,,,Angle Crash,2,Cloudy,Dry,Daylight
2020-09-12T12:17:00.000,I 20,,,Rear End,2,Clear,Dry,Daylight
2020-05-29T05:30:00.000,I 95,,,Not a Collision with Motor Vehicle,1,Clear,Dry,Dark-Not Lighted
2020-07-27T16:55:00.000,I 75,,,Rear End,3,Clear,Dry,Daylight
2020-01-24T00:00:00.000,I 285,,,Rear End,2,Rain,Wet,Daylight
2020-07-02T00:00:00.000,I 285,,,Rear End,2,Clear,Dry,Daylight
2020-01-20T02:02:00.000,I 285,,,Rear End,3,Clear,Dry,Dark-Not Lighted
2020-01-13T18:50:00.000,I 20,,,Rear End,2,Cloudy,Wet,Dark-Not Lighted
2020-07-07T00:20:00.000,I 20,,,Rear End,2,Cloudy,Wet,Dark-Lighted
2020-11-16T16:04:00.000,I 75,,,Rear End,1,Clear,Dry,Daylight
2020-06-27T17:00:00.000,I 85,,,Angle Crash,2,Rain,Wet,Daylight
2020-09-18T16:30:00.000,I 85,,,Rear End,2,Clear,Dry,Daylight
2020-05-03T12:15:00.000,I 20,,,Rear End,4,Clear,Dry,Daylight
2020-07-18T22:26:00.000,I 85,,,Rear End,2,Rain,Wet,Dark-Lighted
2020-04-01T12:10:00.000,I 285,,,Rear End,2,Clear,Dry,Daylight
2020-06-14T15:18:00.000,I 75,,,Sideswipe-Same Direction,2,Cloudy,Wet,Daylight
2020-03-27T18:45:00.000,I 75,,,Not a Collision with Motor Vehicle,2,Clear,Dry,Daylight
2020-09-24T10:18:00.000,I 75,,,Angle Crash,2,Rain,Wet,Dark-Not Lighted
2020-11-30T20:47:00.000,I 75,,,Sideswipe-Same Direction,3,Snow,Dry,Dark-Not Lighted
2020-08-16T22:43:00.000,I 20,,,Not a Collision with Motor Vehicle,1,Cloudy,Dry,Dark-Not Lighted
2020-08-17T16:01:00.000,I 285,,,Sideswipe-Same Direction,2,Cloudy,Dry,Daylight
2020-02-05T23:35:00.000,I 285,,,Angle Crash,3,Rain,Wet,Dark-Not Lighted
2020-03-19T23:09:00.000,I 85,,,Sideswipe-Same Direction,2,Clear,Dry,Dark-Not Lighted
2020-02-21T18:45:00.000,I 75,,,Rear End,3,Cloudy,Dry,Daylight
2020-08-06T17:20:00.000,I 16,,,Rear End,2,Clear,Dry,Daylight
2020-01-02T07:53:00.000,I 285,,,Not a Collision with Motor Vehicle,1,Rain,Wet,Dark-Not Lighted
2020-01-17T19:20:00.000,I 85,,,Sideswipe-Same Direction,2,Clear,Dry,Dark-Not Lighted
2020-08-07T07:14:00.000,I 75,,,Angle Crash,2,Clear,Dry,Daylight
2020-05-04T06:10:00.000,I 75,,,Rear End,2,Clear,Dry,Dark-Not Lighted
2020-03-05T12:32:00.000,I 285,,,Rear End,2,Rain,Wet,Daylight
2020-02-07T19:53:00.000,I 75,,,Not a Collision with Motor Vehicle,1,Cloudy,Wet,Dark-Not Lighted
2020-08-22T16:00:00.000,I 75,,,Rear End,2,Clear,Dry,Daylight
2020-04-10T06:35:00.000,I 75,,,Sideswipe-Same Direction,2,Clear,Dry,Dawn
2020-12-16T13:00:00.000,I 75,,,Sideswipe-Same Direction,3,Rain,Wet,Daylight
2020-01-16T15:18:00.000,I 75,,,Sideswipe-Same Direction,2,Cloudy,Dry,Daylight
2020-03-05T13:40:00.000,I 75,,,Rear End,3,Rain,Wet,Daylight
2020-11-09T19:49:00.000,I 75,,,Sideswipe-Same Direction,2,Clear,Dry,Dark-Lighted
2020-02-04T06:37:00.000,I 85,,,Rear End,3,Cloudy,Dry,Dark-Not Lighted
2020-07-25T14:05:00.000,I 285,,,Sideswipe-Same Direction,2,Rain,Wet,Daylight
2020-05-15T20:16:00.000,I 75,,,Sideswipe-Same Direction,2,Cloudy,Dry,Daylight
2020-07-29T16:35:00.000,I 75,,,Not a Collision with Motor Vehicle,2,Cloudy,Dry,Daylight
2020-08-24T08:25:00.000,I 285,,,Sideswipe-Same Direction,2,Cloudy,Wet,Daylight
2020-03-23T11:29:00.000,I 20,,,Not a Collision with Motor Vehicle,1,Rain,Wet,Daylight
2020-08-27T19:22:00.000,I 285,,,Not a Collision with Motor Vehicle,1,Cloudy,Dry,Daylight
2020-12-10T16:40:00.000,I 285,,,Rear End,2,Clear,Dry,Daylight
2020-10-16T14:30:00.000,I 75,,,Sideswipe-Same Direction,2,Clear,Dry,Daylight
2020-04-29T08:43:00.000,I 285,,,Not a Collision with Motor Vehicle,2,Clear,Dry,Daylight
2020-11-17T13:05:00.000,I 75,,,Sideswipe-Same Direction,2,Clear,Dry,Daylight
2020-01-27T09:00:00.000,I 285,,,Rear End,2,Cloudy,Wet,Daylight
2020-01-21T17:00:00.000,I 75,,,Sideswipe-Same Direction,2,Clear,Dry,Daylight
2020-05-15T17:15:00.000,I 75,,,Sideswipe-Same Direction,3,Cloudy,Dry,Daylight
2020-05-05T14:04:00.000,I 285,,,Sideswipe-Same Direction,2,Clear,Dry,Daylight
2020-04-08T14:21:00.000,I 75,,,Rear End,2,Clear,Dry,Daylight
2020-01-24T06:45:00.000,I 285,,,Not a Collision with Motor Vehicle,1,Rain,Wet,Dawn
2020-09-28T21:31:00.000,I 20,,,Not a Collision with Motor Vehicle,1,Rain,Wet,Dark-Not Lighted