Date and Time,Roadway (From Crash Report),Intersection Name (from Crash Report),KABCO Severity,Manner of Collision (Crash Level) ,# of Vehicles per crash ,Weather Conditions (Crash Level),Surface Condition (Crash Level) ,Light Conditions (Crash Level)
2020-02-07T07:11:00.000,I 75,,,Rear End,1,Cloudy,Dry,Daylight
2020-08-05T14:17:00.000,I 16,,,Rear End,2,Clear,Dry,Daylight
2020-10-30T16:50:00.000,I 75,,,Not a Collision with Motor Vehicle,1,Clear,Dry,Daylight
2020-09-04T14:00:00.000,I 20,,,Sideswipe-Same Direction,2,Clear,Dry,Daylight
2020-01-14T15:14:00.000,I 75,,,Sideswipe-Same Direction,2,Rain,Wet,Daylight
2020-03-12T17:15:00.000,I 285,,,Sideswipe-Same Direction,2,Clear,Dry,Daylight
2020-02-27T10:10:00.000,I 285,,,Rear End,2,Clear,Dry,Daylight
2020-10-24T10:16:00.000,I 75,,,Not a Collision with Motor Vehicle,1,Cloudy,Wet,Daylight
2020-03-13T07:50:00.000,I 20,,,Rear End,2,Cloudy,Dry,Daylight
2020-01-31T10:12:00.000,I 85,,,Not a Collision with Motor Vehicle,1,Clear,Wet,Daylight
2020-08-27T17:26:00.000,I 16,,,Rear End,3,Clear,Dry,Daylight
2020-12-20T18:15:00.000,I 85,,,Rear End,2,Clear,Dry,Dark-Not Lighted
2020-08-15T17:43:00.000,I 20,,,Head On,1,Rain,Wet,Daylight
2020-01-13T06:40:00.000,I 285,,,Rear End,2,Rain,Wet,Dawn
2020-03-06T21:03:00.000,I 75,,,Angle Crash,2,Clear,Dry,Dark-Lighted
2020-06-27T10:00:00.000,I 285,,,Not a Collision with Motor Vehicle,1,Clear,Dry,Daylight
2020-10-30T14:00:00.000,I 75,,,Rear End,2,Clear,Dry,Daylight
2020-06-24T16:16:00.000,I 85,,,Rear End,2,Cloudy,Wet,Daylight
2020-05-07T11:34:00.000,I 285,,,Not a Collision with Motor Vehicle,1,Clear,Dry,Daylight
2020-08-06T03:06:00.000,I 285,,,Sideswipe-Same Direction,2,Clear,Dry,Dark-Lighted
2020-07-17T11:14:00.000,I 285,,,Sideswipe-Same Direction,5,Clear,Dry,Daylight
2020-07-23T17:59:00.000,I 85,,,Rear End,2,Clear,Dry,Daylight
2020-08-04T22:30:00.000,I 285,,,Sideswipe-Same Direction,3,Clear,Dry,Dark-Lighted
2020-05-07T12:58:00.000,I 75,,,Sideswipe-Same Direction,2,Clear,Dry,Daylight
2020-11-17T04:08:00.000,I 20,,,Not a Collision with Motor Vehicle,1,Rain,Wet,Dark-Lighted
2020-08-28T16:24:00.000,I 85,,,Rear End,2,Cloudy,Dry,Daylight
2020-08-21T14:38:00.000,I 75,,,Rear End,2,Clear,Dry,Daylight
2020-01-06T22:17:00.000,I 285,,,Rear End,3,Clear,Dry,Dark-Not Lighted
2020-03-06T16:33:00.000,I 16,,,Rear End,2,Clear,Dry,Daylight
2020-04-06T07:00:00.000,I 75,,,Not a Collision with Motor Vehicle,1,Clear,Dry,Dawn
2020-08-10T00:01:00.000,I 285,,,Head On,2,Clear,Dry,Dark-Not Lighted
2020-02-28T09:35:00.000,I 75,,,Rear End,2,Clear,Dry,Daylight
2020-03-02T16:10:00.000,I 85,,,Not a Collision with Motor Vehicle,1,Rain,Wet,Daylight
2020-11-11T06:30:00.000,I 285,,,Not a Collision with Motor Vehicle,1,Cloudy,Wet,Daylight
2020-11-11T09:00:00.000,I 75,,,Rear End,2,Cloudy,Wet,Daylight
2020-08-17T06:09:00.000,I 20,,,Sideswipe-Same Direction,2,Clear,Dry,Dark-Lighted
2020-05-01T16:20:00.000,I 20,,,Rear End,2,Clear,Dry,Daylight
2020-09-10T07:04:00.000,I 75,,,Not a Collision with Motor Vehicle,2,Clear,Dry,Daylight
2020-11-11T21:15:00.000,I 20,,,Not a Collision with Motor Vehicle,1,Rain,Wet,Dark-Lighted
2020-02-06T19:08:00.000,I 75,,,Not a Collision with Motor Vehicle,1,Rain,Wet,Dark-Not Lighted
2020-06-26T11:45:00.000,I 20,,,Rear End,2,Clear,Dry,Daylight
2020-01-06T11:20:00.000,I 75,,,Sideswipe-Same Direction,2,Clear,Dry,Daylight
2020-06-14T21:00:00.000,I 20,,,Sideswipe-Same Direction,2,Clear,Dry,Dark-Not Lighted
2020-09-07T18:32:00.000,I 285,,,Angle Crash,2,Cloudy,Dry,Daylight
2020-03-11T09:02:00.000,I 285,,,Not a Collision with Motor Vehicle,1,Clear,Dry,Daylight
2020-07-06T14:02:00.000,I 16,,,Not a Collision with Motor Vehicle,1,Rain,Wet,Daylight
2020-03-06T16:00:00.000,I 285,,,Rear End,2,Clear,Dry,Daylight
2020-07-04T21:43:00.000,I 75,,,Rear End,2,Clear,Dry,Dark-Not Lighted
2020-02-26T22:00:00.000,I 285,,,Rear End,2,Clear,Dry,Dark-Lighted
2020-03-18T23:49:00.000,I 285,,,Rear End,2,Clear,Dry,Dark-Lighted
2020-04-08T17:15:00.000,I 285,,,Not a Collision with Motor Vehicle,1,Clear,Dry,Daylight
2020-08-10T00:00:00.000,I 16,,,Not a Collision with Motor Vehicle,1,Clear,Dry,Daylight
2020-11-23T09:40:00.000,I 85,,,Sideswipe-Same Direction,2,Clear,Dry,Daylight
2020-02-05T21:50:00.000,I 85,,,Not a Collision with Motor Vehicle,1,Rain,Wet,Dark-Not Lighted
2020-02-18T17:36:00.000,I 75,,,Sideswipe-Same Direction,2,Rain,Wet,Daylight
2020-05-25T20:57:00.000,I 20,,,Sideswipe-Same Direction,2,Cloudy,Dry,Dark-Not Lighted
2020-01-03T12:47:00.000,I 75,,,Rear End,2,Rain,Wet,Daylight
2020-02-18T16:30:00.000,I 285,,,Rear End,2,Rain,Wet,Daylight
2020-12-07T18:45:00.000,I 285,,,Sideswipe-Same Direction,3,Clear,Dry,Dark-Not Lighted
2020-08-17T08:15:00.000,I 20,,,Sideswipe-Same Direction,2,Clear,Dry,Daylight
2020-10-10T17:00:00.000,I 20,,,Angle Crash,3,Rain,Wet,Daylight
2020-03-04T06:14:00.000,I 85,,,Angle Crash,2,Rain,Wet,Dark-Lighted
2020-12-01T16:08:00.000,I 75,,,Not a Collision with Motor Vehicle,2,Clear,Dry,Daylight
2020-05-05T09:00:00.000,I 285,,,Sideswipe-Same Direction,2,Clear,Dry,Daylight
2020-01-16T19:45:00.000,I 75,,,Sideswipe-Same Direction,2,Cloudy,Dry,Dark-Not Lighted
2020-07-22T09:50:00.000,I 85,,,Sideswipe-Same Direction,2,Clear,Dry,Daylight
2020-04-23T08:15:00.000,I 75,,,Not a Collision with Motor Vehicle,1,Rain,Wet,Daylight
2020-03-05T17:43:00.000,I 75,,,Rear End,2,Cloudy,Dry,Daylight
2020-08-28T14:05:00.000,I 285,,,Rear End,2,Cloudy,Dry,Daylight
2020-04-23T08:26:00.000,I 285,,,Rear End,2,Rain,Wet,Daylight
2020-02-14T17:17:00.000,I 16,,,Rear End,5,Clear,Dry,Daylight
2020-09-22T07:35:00.000,I 75,,,Sideswipe-Same Direction,2,Clear,Dry,Daylight
2020-12-21T16:12:00.000,I 285,,,Rear End,2,Clear,Dry,Daylight
2020-07-26T12:00:00.000,I 75,,,Not a Collision with Motor Vehicle,1,Cloudy,Dry,Daylight
2020-10-14T15:50:00.000,I 85,,,Angle Crash,2,Clear,Dry,Daylight
2020-08-25T19:12:00.000,I 85,,,Sideswipe-Same Direction,2,Clear,Dry,Daylight
2020-07-07T00:00:00.000,I 85,,,Angle Crash,2,Clear,Dry,Daylight
2020-03-11T07:36:00.000,I 75,,,Rear End,2,Cloudy,Dry,Dark-Not Lighted
2020-10-06T14:40:00.000,I 285,,,Rear End,2,Clear,Dry,Daylight
2020-09-18T11:50:00.000,I 285,,,Not a Collision with Motor Vehicle,1,Cloudy,Dry,Daylight
2020-03-02T13:55:00.000,I 75,,,Sideswipe-Same Direction,2,Rain,Wet,Daylight
2020-05-21T13:00:00.000,I 75,,,Sideswipe-Same Direction,2,Clear,Dry,Daylight
2020-06-11T01:40:00.000,I 20,,,Not a Collision with Motor Vehicle,1,Rain,Wet,Dark-Not Lighted
2020-10-02T17:45:00.000,I 20,,,Sideswipe-Same Direction,2,Clear,Dry,Daylight
2020-05-26T10:50:00.000,I 20,,,Not a Collision with Motor Vehicle,1,Rain,Wet,Daylight
2020-04-02T10:28:00.000,I 75,,,Not a Collision with Motor Vehicle,1,Clear,Dry,Daylight
2020-07-12T18:27:00.000,I 95,,,Not a Collision with Motor Vehicle,1,Clear,Dry,Daylight
2020-10-05T17:30:00.000,I 20,,,Sideswipe-Same Direction,2,Clear,Dry,Daylight
2020-11-16T14:30:00.000,I 285,,,Rear End,2,Clear,Dry,Daylight
2020-01-16T22:28:00.000,I 20,,,Not a Collision with Motor Vehicle,1,Cloudy,Dry,Dark-Not Lighted
2020-01-07T16:28:00.000,I 285,,,Rear End,2,Clear,Dry,Daylight
2020-05-22T13:15:00.000,I 75,,,Rear End,5,Clear,Dry,Daylight
2020-09-25T07:45:00.000,I 285,,,Rear End,2,Rain,Wet,Daylight
2020-09-17T16:25:00.000,I 75,,,Angle Crash,1,Rain,Wet,Daylight
2020-05-26T16:57:00.000,I 75,,,Not a Collision with Motor Vehicle,1,Cloudy,Dry,Daylight
2020-12-29T17:18:00.000,I 285,,,Rear End,2,Clear,Dry,Daylight
2020-01-16T13:29:00.000,I 285,,,Sideswipe-Same Direction,2,Clear,Dry,Daylight
2020-04-02T12:25:00.000,I 75,,,Sideswipe-Same Direction,2,Clear,Dry,Daylight
2020-11-02T08:30:00.000,I 75,,,Sideswipe-Same Direction,2,Clear,Dry,Daylight
2020-02-29T13:45:00.000,I 285,,,Rear End,2,Clear,Dry,Daylight
2020-01-24T17:10:00.000,I 75,,,Not a Collision with Motor Vehicle,2,Cloudy,Wet,Daylight
2020-03-08T16:00:00.000,I 285,,,Rear End,2,Clear,Dry,Daylight
2020-05-12T21:50:00.000,I 85,,,Sideswipe-Same Direction,2,Clear,Dry,Dark-Not Lighted
2020-07-09T14:00:00.000,I 75,,,Not a Collision with Motor Vehicle,2,Cloudy,Dry,Daylight
2020-09-17T05:45:00.000,I 20,,,Sideswipe-Same Direction,1,Rain,Wet,Dark-Not Lighted
2020-10-28T21:07:00.000,I 85,,,Not a Collision with Motor Vehicle,1,Cloudy,Dry,Dark-Not Lighted
2020-01-02T14:35:00.000,I 20,,,Rear End,2,Rain,Wet,Daylight
2020-07-09T00:00:00.000,I 285,,,Rear End,2,Clear,Dry,Daylight
2020-01-13T08:50:00.000,I 285,,,Rear End,2,Rain,Wet,Daylight
2020-05-07T12:00:00.000,I 85,,,Sideswipe-Same Direction,2,Clear,Dry,Daylight
2020-05-26T14:05:00.000,I 75,,,Rear End,2,Cloudy,Dry,Daylight
2020-11-30T19:16:00.000,I 285,,,Sideswipe-Same Direction,2,Cloudy,Dry,Dark-Not Lighted
2020-02-24T13:04:00.000,I 285,,,Sideswipe-Same Direction,2,Rain,Wet,Daylight
2020-02-26T07:30:00.000,I 75,,,Rear End,3,Clear,Dry,Daylight
2020-02-28T02:00:00.000,I 85,,,Not a Collision with Motor Vehicle,1,Clear,Dry,Dark-Lighted
2020-09-04T16:45:00.000,I 285,,,Rear End,2,Clear,Dry,Daylight
2020-10-23T21:45:00.000,I 285,,,Rear End,2,Cloudy,Dry,Daylight
2020-08-26T04:36:00.000,I 75,,,Sideswipe-Same Direction,2,Clear,Dry,Dark-Not Lighted
2020-09-01T06:45:00.000,I 85,,,Rear End,2,Clear,Dry,Dark-Not Lighted
2020-04-20T06:51:00.000,I 75,,,Rear End,2,Rain,Wet,Daylight
2020-03-02T09:00:00.000,I 75,,,Rear End,2,Cloudy,Dry,Daylight
2020-02-13T11:41:00.000,I 85,,,Rear End,2,Cloudy,Wet,Daylight
2020-01-13T06:36:00.000,I 95,,,Rear End,2,Cloudy,Dry,Dark-Not Lighted
2020-08-19T16:10:00.000,I 75,,,Not a Collision with Motor Vehicle,1,Clear,Dry,Daylight
2020-08-07T17:25:00.000,I 285,,,Sideswipe-Same Direction,2,Cloudy,Dry,Daylight
2020-01-18T15:10:00.000,I 285,,,Rear End,3,Clear,Dry,Daylight
2020-10-24T21:00:00.000,I 285,,,Rear End,2,Rain,Water (standing or moving),Dark-Not Lighted
2020-06-10T11:09:00.000,I 75,,,Sideswipe-Same Direction,4,Rain,Wet,Daylight
2020-09-29T06:05:00.000,I 20,,,Sideswipe-Same Direction,2,Cloudy,Wet,Dark-Not Lighted
2020-06-03T10:39:00.000,I 85,,,Not a Collision with Motor Vehicle,1,Clear,Dry,Daylight
2020-02-08T23:11:00.000,I 85,,,Sideswipe-Same Direction,2,Fog,Wet,Dark-Not Lighted
2020-03-13T06:50:00.000,I 285,,,Sideswipe-Same Direction,2,Cloudy,Wet,Dark-Not Lighted
2020-08-07T17:00:00.000,I 75,,,Rear End,2,Cloudy,Dry,Daylight
2020-06-23T12:01:00.000,I 20,,,Sideswipe-Same Direction,2,Cloudy,Dry,Daylight
2020-08-13T12:06:00.000,I 285,,,Rear End,2,Clear,Dry,Daylight
2020-04-21T00:00:00.000,I 285,,,Sideswipe-Same Direction,2,Clear,Dry,Daylight
2020-10-16T16:13:00.000,I 285,,,Rear End,2,Clear,Dry,Daylight
2020-07-24T12:11:00.000,I 285,,,Rear End,3,Clear,Dry,Daylight
2020-03-11T15:15:00.000,I 285,,,Rear End,2,Rain,Wet,Daylight
2020-04-25T15:28:00.000,I 75,,,Rear End,2,Clear,Dry,Daylight
2020-03-12T22:39:00.000,I 85,,,Sideswipe-Same Direction,2,Clear,Dry,Dark-Lighted
2020-02-27T10:55:00.000,I 85,,,Sideswipe-Same Direction,2,Clear,Dry,Daylight
2020-05-18T17:59:00.000,I 75,,,Not a Collision with Motor Vehicle,1,Rain,Wet,Daylight
2020-03-13T07:45:00.000,I 285,,,Sideswipe-Same Direction,2,Cloudy,Dry,Dark-Not Lighted
2020-10-09T15:49:00.000,I 20,,,Not a Collision with Motor Vehicle,2,Rain,Wet,Daylight
2020-04-23T09:39:00.000,I 85,,,Not a Collision with Motor Vehicle,1,Rain,Wet,Daylight
2020-11-30T13:26:00.000,I 285,,,Sideswipe-Same Direction,2,Rain,Wet,Daylight
2020-06-22T14:30:00.000,I 75,,,Rear End,2,Cloudy,Dry,Daylight
2020-01-22T15:43:00.000,I 20,,,Rear End,2,Clear,Dry,Daylight
2020-10-09T16:05:00.000,I 75,,,Sideswipe-Same Direction,2,Rain,Wet,Daylight
2020-01-09T16:20:00.000,I 285,,,Rear End,2,Cloudy,Dry,Daylight
2020-03-22T16:11:00.000,I 16,,,Sideswipe-Same Direction,2,Cloudy,Wet,Daylight
2020-07-17T17:20:00.000,I 285,,,Sideswipe-Same Direction,2,Cloudy,Dry,Daylight
2020-11-16T12:59:00.000,I 75,,,Sideswipe-Same Direction,2,Clear,Dry,Daylight
2020-10-13T21:00:00.000,I 75,,,Sideswipe-Same Direction,2,Clear,Dry,Dark-Lighted
2020-05-05T13:00:00.000,I 285,,,Rear End,2,Cloudy,Dry,Daylight
2020-09-09T00:45:00.000,I 95,,,Rear End,3,Clear,Dry,Dark-Not Lighted
2020-06-24T14:56:00.000,I 75,,,Rear End,2,Cloudy,Wet,Daylight
2020-09-17T08:36:00.000,I 85,,,Angle Crash,2,Rain,Wet,Daylight
2020-05-21T14:14:00.000,I 20,,,Sideswipe-Same Direction,2,Clear,Dry,Daylight
2020-02-13T06:18:00.000,I 75,,,Rear End,2,Rain,Wet,Dark-Not Lighted
2020-09-15T06:22:00.000,I 285,,,Sideswipe-Same Direction,2,Cloudy,Dry,Dark-Not Lighted
2020-07-27T13:35:00.000,I 285,,,Sideswipe-Same Direction,2,Clear,Dry,Daylight
2020-05-31T19:50:00.000,I 16,,,Not a Collision with Motor Vehicle,1,Clear,Dry,Daylight
2020-01-11T12:24:00.000,I 285,,,Not a Collision with Motor Vehicle,1,Rain,Wet,Daylight
2020-12-28T12:20:00.000,I 75,,,Rear End,2,Cloudy,Dry,Daylight
2020-05-27T14:49:00.000,I 20,,,Angle Crash,1,Rain,Wet,Daylight
2020-07-29T14:20:00.000,I 75,,,Sideswipe-Same Direction,2,Cloudy,Dry,Daylight
2020-12-09T18:38:00.000,I 75,,,Sideswipe-Same Direction,2,Clear,Dry,Dark-Not Lighted
2020-04-30T23:29:00.000,I 20,,,Angle Crash,1,Clear,Dry,Dark-Not Lighted
2020-08-30T11:55:00.000,I 85,,,Sideswipe-Same Direction,2,Clear,Dry,Daylight
2020-02-28T17:38:00.000,I 75,,,Rear End,1,Clear,Dry,Daylight
2020-07-23T15:00:00.000,I 285,,,Sideswipe-Same Direction,2,Cloudy,Dry,Daylight
2020-03-16T19:00:00.000,I 285,,,Not a Collision with Motor Vehicle,2,Cloudy,Dry,Daylight
2020-08-21T18:20:00.000,I 75,,,Not a Collision with Motor Vehicle,1,Rain,Wet,Daylight
2020-08-12T18:00:00.000,I 20,,,Not a Collision with Motor Vehicle,1,Clear,Dry,Daylight
2020-12-12T15:40:00.000,I 20,,,Rear End,2,Rain,Wet,Daylight
2020-10-24T20:07:00.000,I 285,,,Not a Collision with Motor Vehicle,2,Rain,Wet,Dark-Not Lighted
2020-09-16T17:09:00.000,I 20,,,Rear End,2,Rain,Wet,Daylight
2020-03-14T04:20:00.000,I 75,,,Rear End,4,Cloudy,Dry,Dark-Not Lighted
2020-09-30T14:10:00.000,I 75,,,Rear End,3,Clear,Dry,Daylight
2020-04-29T21:58:00.000,I 20,,,Sideswipe-Same Direction,2,Rain,Wet,Dark-Not Lighted
2020-09-17T07:31:00.000,I 85,,,Rear End,2,Rain,Wet,Daylight
2020-10-11T21:44:00.000,I 85,,,Not a Collision with Motor Vehicle,1,Cloudy,Dry,Dark-Lighted
2020-06-30T13:58:00.000,I 285,,,Sideswipe-Same Direction,2,Clear,Dry,Daylight
2020-01-18T00:18:00.000,I 75,,,Rear End,2,Cloudy,Dry,Dark-Not Lighted
2020-08-12T22:23:00.000,I 20,,,Rear End,2,Cloudy,Dry,Dark-Not Lighted
2020-01-04T18:58:00.000,I 85,,,Not a Collision with Motor Vehicle,1,Cloudy,Dry,Dark-Not Lighted
2020-06-14T11:17:00.000,I 75,,,Rear End,2,Clear,Dry,Daylight
2020-01-27T17:35:00.000,I 75,,,Sideswipe-Same Direction,2,Clear,Dry,Daylight
2020-01-19T15:44:00.000,I 285,,,Rear End,3,Clear,Dry,Daylight
2020-06-27T17:00:00.000,I 20,,,Not a Collision with Motor Vehicle,1,Rain,Wet,Daylight
2020-07-10T16:28:00.000,I 75,,,Rear End,2,Rain,Wet,Daylight
2020-08-27T06:50:00.000,I 75,,,Sideswipe-Same Direction,2,Clear,Dry,Daylight
2020-02-15T18:15:00.000,I 285,,,Rear End,2,Clear,Dry,Dark-Not Lighted
2020-12-11T12:07:00.000,I 285,,,Not a Collision with Motor Vehicle,1,Clear,Dry,Daylight
2020-12-05T17:00:00.000,I 285,,,Not a Collision with Motor Vehicle,1,Clear,Dry,Daylight
2020-11-28T02:53:00.000,I 20,,,Angle Crash,2,Rain,Wet,Dark-Not Lighted
2020-02-11T16:00:00.000,I 285,,,Sideswipe-Same Direction,3,Cloudy,Wet,Daylight
2020-08-06T15:05:00.000,I 20,,,Not a Collision with Motor Vehicle,1,Clear,Dry,Daylight
2020-11-22T05:10:00.000,I 75,,,Rear End,2,Clear,Dry,Dark-Not Lighted
2020-02-25T11:38:00.000,I 75,,,Angle Crash,2,Cloudy,Dry,Daylight
2020-11-22T03:54:00.000,I 85,,,Not a Collision with Motor Vehicle,1,Clear,Dry,Dark-Not Lighted
2020-07-29T13:13:00.000,I 85,,,Rear End,2,Cloudy,Dry,Daylight
2020-03-02T19:55:00.000,I 75,,,Sideswipe-Same Direction,3,Rain,Wet,Dark-Not Lighted
2020-04-13T12:50:00.000,I 75,,,Sideswipe-Same Direction,2,Clear,Dry,Daylight
2020-04-12T17:36:00.000,I 285,,,Not a Collision with Motor Vehicle,1,Cloudy,Wet,Daylight
2020-09-04T18:24:00.000,I 285,,,Rear End,2,Clear,Dry,Daylight
2020-01-17T23:00:00.000,I 20,,,Rear End,1,Clear,Dry,Dark-Lighted
2020-08-07T20:50:00.000,I 285,,,Not a Collision with Motor Vehicle,1,Rain,Wet,Dark-Not Lighted
2020-01-09T15:35:00.000,I 285,,,Not a Collision with Motor Vehicle,1,Cloudy,Dry,Daylight
2020-06-29T15:00:00.000,I 16,,,Not a Collision with Motor Vehicle,2,Clear,Dry,Daylight
2020-02-18T19:38:00.000,I 285,,,Rear End,2,Rain,Wet,Dark-Not Lighted
2020-11-10T18:46:00.000,I 75,,,Rear End,2,Rain,Wet,Dark-Lighted
2020-02-28T17:35:00.000,I 75,,,Rear End,2,Clear,Dry,Daylight
2020-08-21T15:55:00.000,I 85,,,Not a Collision with Motor Vehicle,1,Cloudy,Dry,Daylight
2020-06-19T16:10:00.000,I 20,,,Rear End,3,Clear,Dry,Daylight
2020-07-25T15:30:00.000,I 285,,,Rear End,2,Rain,Wet,Dusk
2020-09-11T17:29:00.000,I 75,,,Rear End,2,Clear,Dry,Daylight
2020-05-01T14:20:00.000,I 285,,,Rear End,3,Clear,Dry,Daylight
2020-11-09T14:25:00.000,I 85,,,Sideswipe-Same Direction,2,Cloudy,Dry,Daylight
2020-09-17T13:04:00.000,I 20,,,Not a Collision with Motor Vehicle,1,Clear,Wet,Daylight
2020-02-13T07:55:00.000,I 285,,,Rear End,2,Rain,Wet,Daylight
2020-07-02T13:00:00.000,I 75,,,Rear End,2,Cloudy,Dry,Daylight
2020-01-02T15:15:00.000,I 85,,,Not a Collision with Motor Vehicle,1,Rain,Wet,Daylight
2020-06-19T12:54:00.000,I 85,,,Not a Collision with Motor Vehicle,2,Cloudy,Dry,Daylight
2020-05-19T10:25:00.000,I 75,,,Angle Crash,2,Clear,Dry,Daylight
2020-06-11T16:33:00.000,I 285,,,Not a Collision with Motor Vehicle,1,Clear,Dry,Daylight
2020-10-21T17:43:00.000,I 20,,,Rear End,2,Clear,Dry,Daylight
2020-08-06T21:39:00.000,I 285,,,Not a Collision with Motor Vehicle,1,Cloudy,Dry,Dark-Lighted
2020-01-04T11:57:00.000,I 75,,,Rear End,2,Clear,Dry,Daylight
2020-01-30T18:30:00.000,I 285,,,Rear End,3,Clear,Dry,Dark-Not Lighted
2020-06-22T06:40:00.000,I 285,,,Rear End,2,Clear,Dry,Daylight
2020-10-02T16:15:00.000,I 75,,,Rear End,2,Clear,Dry,Daylight
2020-06-26T14:00:00.000,I 285,,,Rear End,2,Cloudy,Dry,Daylight
2020-06-01T07:40:00.000,I 75,,,Rear End,1,Clear,Dry,Daylight
2020-09-08T17:30:00.000,I 75,,,Sideswipe-Same Direction,2,Clear,Dry,Daylight
2020-07-18T02:52:00.000,I 85,,,Sideswipe-Same Direction,2,Clear,Dry,Dark-Lighted
2020-10-18T13:35:00.000,I 285,,,Rear End,2,Clear,Dry,Daylight
2020-09-27T21:00:00.000,I 285,,,Rear End,2,Clear,Dry,Dark-Lighted
2020-09-25T13:41:00.000,I 285,,,Sideswipe-Same Direction,2,Clear,Dry,Daylight
2020-12-02T10:58:00.000,I 285,,,Rear End,2,Clear,Dry,Daylight
2020-03-18T14:53:00.000,I 285,,,Angle Crash,2,Clear,Dry,Daylight
2020-07-06T07:00:00.000,I 75,,,Sideswipe-Same Direction,2,Clear,Dry,Daylight
2020-09-05T17:57:00.000,I 20,,,Angle Crash,2,Clear,Dry,Daylight
2020-07-17T16:00:00.000,I 75,,,Rear End,2,Clear,Dry,Daylight
2020-08-20T15:39:00.000,I 20,,,Rear End,2,Cloudy,Dry,Daylight
2020-01-15T19:25:00.000,I 285,,,Sideswipe-Same Direction,2,Clear,Dry,Dark-Lighted
2020-01-09T16:16:00.000,I 20,,,Rear End,2,Clear,Dry,Daylight
2020-03-02T13:07:00.000,I 285,,,Rear End,4,Rain,Wet,Daylight
2020-01-24T10:18:00.000,I 85,,,Sideswipe-Same Direction,2,Rain,Wet,Daylight
2020-10-09T01:17:00.000,I 75,,,Not a Collision with Motor Vehicle,1,Clear,Dry,Dark-Not Lighted
2020-08-14T14:35:00.000,I 75,,,Rear End,2,Rain,Wet,Daylight
2020-06-23T08:00:00.000,I 20,,,Not a Collision with Motor Vehicle,1,Cloudy,Dry,Daylight
2020-09-05T21:00:00.000,I 85,,,Sideswipe-Same Direction,2,Clear,Dry,Dark-Lighted
2020-11-16T13:09:00.000,I 285,,,Sideswipe-Same Direction,2,Clear,Dry,Daylight
2020-10-21T13:00:00.000,I 20,,,Not a Collision with Motor Vehicle,1,Clear,Dry,Daylight
2020-12-13T19:31:00.000,Sr 140,,,Not a Collision with Motor Vehicle,1,Cloudy,Dry,Dark-Not Lighted
2020-09-09T01:44:00.000,I 20,,,Rear End,2,Clear,Dry,Dark-Not Lighted
2020-10-24T16:36:00.000,I 95,,,Rear End,2,Clear,Dry,Daylight
2020-02-25T13:29:00.000,I 285,,,Sideswipe-Same Direction,1,Clear,Dry,Daylight
2020-04-20T13:11:00.000,I 75,,,Rear End,2,Cloudy,Dry,Daylight
2020-12-24T14:05:00.000,I 75,,,Rear End,3,Cloudy,Wet,Daylight
2020-04-16T12:00:00.000,I 20,,,Sideswipe-Same Direction,2,Clear,Dry,Daylight
2020-04-27T20:08:00.000,I 75,,,Sideswipe-Same Direction,2,Clear,Dry,Daylight
2020-03-06T13:07:00.000,I 75,,,Rear End,2,Clear,Dry,Daylight
2020-01-07T20:18:00.000,I 20,,,Rear End,2,Clear,Dry,Dark-Not Lighted
2020-11-20T17:37:00.000,I 75,,,Rear End,2,Clear,Dry,Dusk
2020-07-09T17:15:00.000,I 285,,,Rear End,2,Cloudy,Dry,Daylight
2020-11-09T07:53:00.000,I 285,,,Angle Crash,2,Cloudy,Dry,Daylight
2020-11-28T17:12:00.000,I 285,,,Rear End,2,Cloudy,Dry,Dark-Lighted
2020-01-16T14:21:00.000,I 285,,,Rear End,2,Clear,Dry,Daylight
2020-09-21T14:19:00.000,I 285,,,Sideswipe-Same Direction,2,Clear,Dry,Dark-Lighted
2020-06-23T12:18:00.000,I 75,,,Rear End,3,Rain,Wet,Daylight
2020-08-08T18:00:00.000,I 85,,,Sideswipe-Same Direction,2,Clear,Dry,Daylight
2020-10-02T16:56:00.000,I 75,,,Sideswipe-Same Direction,2,Clear,Dry,Daylight
2020-06-10T08:39:00.000,I 75,,,Rear End,2,Cloudy,Dry,Daylight
2020-08-14T04:38:00.000,I 285,,,Angle Crash,2,Cloudy,Wet,Dark-Not Lighted
2020-06-11T14:10:00.000,I 285,,,Not a Collision with Motor Vehicle,1,Clear,Dry,Daylight
2020-01-09T12:09:00.000,I 285,,,Sideswipe-Same Direction,2,Cloudy,Dry,Daylight
2020-04-02T11:10:00.000,I 75,,,Not a Collision with Motor Vehicle,2,Clear,Dry,Daylight
2020-05-08T15:40:00.000,I 75,,,Sideswipe-Same Direction,3,Cloudy,Wet,Daylight
2020-01-02T15:39:00.000,I 20,,,Not a Collision with Motor Vehicle,1,Rain,Wet,Daylight
2020-08-02T01:00:00.000,I 20,,,Not a Collision with Motor Vehicle,1,Clear,Dry,Dark-Not Lighted
2020-09-17T03:45:00.000,I 75,,,Not a Collision with Motor Vehicle,1,Rain,Water (standing or moving),Dark-Not Lighted
2020-03-08T08:03:00.000,I 20,,,Angle Crash,2,Clear,Dry,Daylight
2020-11-29T21:11:00.000,I 85,,,Angle Crash,2,Rain,Wet,Dark-Not Lighted
2020-11-30T02:11:00.000,I 95,,,Not a Collision with Motor Vehicle,1,Rain,Wet,Dark-Lighted
2020-01-02T17:40:00.000,I 75,,,Rear End,2,Rain,Wet,Daylight
2020-01-13T20:30:00.000,I 285,,,Sideswipe-Same Direction,2,Rain,Wet,Dark-Not Lighted