Date and Time,Roadway (From Crash Report),Intersection Name (from Crash Report),KABCO Severity,Manner of Collision (Crash Level) ,# of Vehicles per crash ,Weather Conditions (Crash Level),Surface Condition (Crash Level) ,Light Conditions (Crash Level)
2020-11-07T14:21:00.000,I 285,,,Not a Collision with Motor Vehicle,1,Clear,Dry,Daylight
2020-07-09T11:57:00.000,I 20,,,Not a Collision with Motor Vehicle,2,Clear,Dry,Daylight
2020-10-17T19:31:00.000,I 285,,,Rear End,4,Clear,Dry,Dark-Not Lighted
2020-02-13T07:58:00.000,I 75,,,Rear End,2,Rain,Wet,Daylight
2020-02-11T16:27:00.000,I 85,,,Not a Collision with Motor Vehicle,1,Rain,Wet,Daylight
2020-01-02T14:29:00.000,I 285,,,Sideswipe-Same Direction,2,Rain,Wet,Daylight
2020-02-17T18:44:00.000,I 75,,,Rear End,4,Cloudy,Dry,Dark-Not Lighted
2020-01-17T19:22:00.000,I 285,,,Rear End,3,Clear,Dry,Dark-Not Lighted
2020-01-03T09:00:00.000,I 75,,,Not a Collision with Motor Vehicle,1,Rain,Wet,Daylight
2020-05-02T08:41:00.000,I 75,,,Not a Collision with Motor Vehicle,1,Clear,Dry,Daylight
2020-11-12T17:25:00.000,I 20,,,Rear End,2,Clear,Dry,Dusk
2020-05-22T19:37:00.000,I 85,,,Rear End,2,Cloudy,Dry,Daylight
2020-08-11T14:39:00.000,I 285,,,Sideswipe-Same Direction,2,Clear,Dry,Daylight
2020-04-19T11:00:00.000,I 20,,,Not a Collision with Motor Vehicle,1,Rain,Water (standing or moving),Daylight
2020-05-08T19:30:00.000,I 75,,,Sideswipe-Same Direction,2,Cloudy,Dry,Daylight
2020-07-01T04:10:00.000,I 20,,,Rear End,2,Clear,Dry,Dark-Not Lighted
2020-12-25T23:21:00.000,I 20,,,Sideswipe-Same Direction,2,Clear,Dry,Dark-Not Lighted
2020-02-15T13:29:00.000,I 75,,,Rear End,2,Clear,Dry,Daylight
2020-08-25T11:51:00.000,I 75,,,Sideswipe-Same Direction,2,Rain,Wet,Daylight
2020-09-04T16:35:00.000,I 20,,,Rear End,3,Clear,Dry,Daylight
2020-10-16T16:44:00.000,I 20,,,Sideswipe-Same Direction,2,Clear,Dry,Daylight
2020-02-13T09:06:00.000,I 75,,,Angle Crash,2,Rain,Wet,Daylight
2020-07-20T23:05:00.000,I 20,,,Sideswipe-Same Direction,2,Clear,Dry,Dark-Lighted
2020-08-25T11:59:00.000,I 95,,,Not a Collision with Motor Vehicle,2,Clear,Dry,Daylight
2020-12-28T05:15:00.000,I 75,,,Not a Collision with Motor Vehicle,1,Clear,Dry,Dark-Not Lighted
2020-05-15T15:43:00.000,I 75,,,Rear End,2,Clear,Dry,Daylight
2020-07-02T13:09:00.000,I 75,,,Sideswipe-Same Direction,2,Cloudy,Dry,Daylight
2020-07-06T14:10:00.000,I 75,,,Rear End,2,Rain,Wet,Daylight
2020-05-21T13:37:00.000,I 20,,,Sideswipe-Same Direction,4,Clear,Dry,Daylight
2020-08-28T08:25:00.000,I 285,,,Rear End,2,Cloudy,Dry,Daylight
2020-09-18T16:10:00.000,I 75,,,Rear End,2,Clear,Dry,Daylight
2020-09-25T20:30:00.000,I 20,,,Angle Crash,2,Clear,Dry,Dark-Not Lighted
2020-01-20T08:20:00.000,I 75,,,Sideswipe-Same Direction,2,Clear,Dry,Daylight
2020-05-06T16:05:00.000,I 85,,,Angle Crash,2,Clear,Dry,Daylight
2020-10-29T05:12:00.000,I 85,,,Not a Collision with Motor Vehicle,1,Rain,Wet,Dark-Not Lighted
2020-09-15T14:43:00.000,I 75,,,Not a Collision with Motor Vehicle,2,Clear,Dry,Daylight
2020-02-24T08:40:00.000,I 75,,,Rear End,2,Rain,Wet,Daylight
2020-07-21T14:50:00.000,I 85,,,Rear End,2,Rain,Wet,Daylight
2020-09-05T21:25:00.000,I 285,,,Sideswipe-Same Direction,2,Clear,Dry,Daylight
2020-09-16T17:45:00.000,I 75,,,Sideswipe-Same Direction,2,Rain,Wet,Daylight
2020-08-31T17:28:00.000,I 20,,,Angle Crash,2,Cloudy,Wet,Daylight
2020-03-11T12:50:00.000,I 75,,,Sideswipe-Same Direction,2,Cloudy,Dry,Daylight
2020-11-23T11:10:00.000,I 20,,,Rear End,2,Clear,Dry,Daylight
2020-02-14T19:01:00.000,I 20,,,Sideswipe-Same Direction,2,Clear,Dry,Dark-Not Lighted
2020-10-02T15:04:00.000,I 285,,,Rear End,2,Clear,Dry,Daylight
2020-10-10T00:15:00.000,I 285,,,Rear End,3,Rain,Wet,Dark-Lighted
2020-02-09T00:10:00.000,I 20,,,Not a Collision with Motor Vehicle,1,Clear,Dry,Dark-Lighted
2020-12-30T14:30:00.000,I 75,,,Rear End,2,Clear,Dry,Daylight
2020-01-23T22:17:00.000,I 285,,,Not a Collision with Motor Vehicle,1,Rain,Wet,Dark-Not Lighted
2020-09-09T17:33:00.000,I 75,,,Rear End,3,Clear,Dry,Daylight
2020-04-10T18:33:00.000,I 75,,,Not a Collision with Motor Vehicle,2,Clear,Dry,Daylight
2020-12-17T10:30:00.000,I 20,,,Not a Collision with Motor Vehicle,1,Clear,Dry,Daylight
2020-10-16T19:04:00.000,I 75,,,Sideswipe-Same Direction,3,Clear,Dry,Dusk
2020-01-08T16:00:00.000,I 75,,,Rear End,2,Clear,Dry,Daylight
2020-10-10T03:40:00.000,I 85,,,Not a Collision with Motor Vehicle,1,Rain,Wet,Dark-Not Lighted
2020-02-13T06:10:00.000,I 75,,,Not a Collision with Motor Vehicle,1,Rain,Wet,Dark-Not Lighted
2020-09-25T21:27:00.000,I 75,,,Not a Collision with Motor Vehicle,1,Cloudy,Dry,Dark-Lighted
2020-01-25T22:12:00.000,I 285,,,Not a Collision with Motor Vehicle,1,Clear,Dry,Dark-Not Lighted
2020-05-29T13:55:00.000,I 285,,,Rear End,2,Clear,Wet,Daylight
2020-11-15T13:32:00.000,I 75,,,Sideswipe-Same Direction,2,Clear,Dry,Daylight
2020-10-06T15:19:00.000,I 75,,,Sideswipe-Same Direction,2,Clear,Dry,Daylight
2020-11-22T12:25:00.000,I 20,,,Sideswipe-Same Direction,2,Clear,Dry,Daylight
2020-06-18T17:25:00.000,I 285,,,Rear End,3,Clear,Dry,Daylight
2020-12-24T10:40:00.000,I 20,,,Sideswipe-Same Direction,2,Rain,Wet,Daylight
2020-11-19T06:10:00.000,I 20,,,Angle Crash,2,Clear,Dry,Dark-Not Lighted
2020-05-24T21:38:00.000,I 20,,,Not a Collision with Motor Vehicle,1,Rain,Wet,Dark-Not Lighted
2020-12-17T14:34:00.000,I 285,,,Rear End,2,Cloudy,Dry,Daylight
2020-02-03T16:20:00.000,I 285,,,Rear End,2,Clear,Dry,Daylight
2020-07-01T05:00:00.000,I 85,,,Angle Crash,2,Clear,Dry,Dark-Lighted
2020-08-05T15:47:00.000,I 20,,,Not a Collision with Motor Vehicle,1,Clear,Dry,Daylight
2020-05-12T11:50:00.000,I 85,,,Sideswipe-Same Direction,2,Clear,Dry,Daylight
2020-12-31T12:33:00.000,I 75,,,Sideswipe-Same Direction,2,Cloudy,Dry,Daylight
2020-03-05T13:30:00.000,I 20,,,Not a Collision with Motor Vehicle,1,Rain,Wet,Daylight
2020-07-29T22:09:00.000,I 285,,,Not a Collision with Motor Vehicle,3,Cloudy,Dry,Dark-Not Lighted
2020-02-15T11:00:00.000,I 20,,,Angle Crash,2,Clear,Wet,Daylight
2020-06-13T09:52:00.000,I 20,,,Rear End,2,Cloudy,Dry,Daylight
2020-04-09T09:57:00.000,I 75,,,Sideswipe-Same Direction,2,Clear,Dry,Daylight
2020-12-11T07:53:00.000,I 75,,,Rear End,2,Clear,Dry,Daylight
2020-07-28T16:33:00.000,I 20,,,Sideswipe-Same Direction,2,Cloudy,Dry,Daylight
2020-09-25T16:03:00.000,I 16,,,Rear End,2,Rain,Wet,Daylight
2020-02-24T15:00:00.000,I 20,,,Angle Crash,2,Rain,Wet,Daylight
2020-09-21T18:45:00.000,I 20,,,Rear End,2,Clear,Dry,Daylight
2020-06-21T21:52:00.000,I 285,,,Sideswipe-Same Direction,2,Cloudy,Dry,Dark-Not Lighted
2020-07-15T19:39:00.000,I 75,,,Angle Crash,2,Severe Thunderstorm or Tornadic,Water (standing or moving),Dawn
2020-03-12T07:28:00.000,I 285,,,Sideswipe-Same Direction,2,Cloudy,Dry,Daylight
2020-12-23T00:00:00.000,I 285,,,Angle Crash,2,Clear,Dry,Daylight
2020-07-30T17:28:00.000,I 75,,,Not a Collision with Motor Vehicle,1,Rain,Wet,Daylight
2020-07-24T12:11:00.000,I 285,,,Sideswipe-Same Direction,2,Clear,Dry,Daylight
2020-08-01T05:44:00.000,I 285,,,Rear End,2,Clear,Dry,Dark-Not Lighted
2020-02-07T15:10:00.000,I 85,,,Rear End,2,Clear,Dry,Daylight
2020-04-07T10:39:00.000,I 20,,,Rear End,2,Clear,Dry,Daylight
2020-10-08T15:43:00.000,I 75,,,Sideswipe-Same Direction,2,Clear,Dry,Daylight
2020-12-22T16:15:00.000,I 75,,,Rear End,2,Clear,Dry,Daylight
2020-08-07T07:10:00.000,I 85,,,Not a Collision with Motor Vehicle,1,Clear,Dry,Daylight
2020-03-25T17:55:00.000,I 85,,,Angle Crash,2,Clear,Dry,Daylight
2020-02-21T10:00:00.000,I 16,,,Sideswipe-Same Direction,2,Clear,Dry,Daylight
2020-03-10T11:34:00.000,I 85,,,Angle Crash,7,Rain,Wet,Daylight
2020-03-12T16:10:00.000,I 75,,,Sideswipe-Same Direction,2,Clear,Dry,Daylight
2020-12-20T22:31:00.000,I 20,,,Sideswipe-Same Direction,2,Clear,Dry,Daylight
2020-06-26T11:36:00.000,I 285,,,Rear End,2,Cloudy,Dry,Daylight
2020-01-31T09:31:00.000,I 75,,,Angle Crash,2,Rain,Dry,Daylight
2020-01-02T08:08:00.000,I 16,,,Rear End,2,Cloudy,Dry,Daylight
2020-12-09T18:30:00.000,I 285,,,Sideswipe-Same Direction,2,Clear,Dry,Dark-Lighted
2020-11-28T17:40:00.000,I 75,,,Rear End,3,Clear,Dry,Daylight
2020-11-25T20:53:00.000,I 20,,,Rear End,2,Rain,Wet,Dark-Lighted
2020-02-10T08:15:00.000,I 75,,,Rear End,2,Cloudy,Dry,Daylight
2020-10-22T17:18:00.000,I 75,,,Rear End,2,Clear,Dry,Daylight
2020-08-14T18:01:00.000,I 20,,,Sideswipe-Opposite Direction,2,Rain,Wet,Daylight
2020-08-30T11:41:00.000,I 85,,,Sideswipe-Same Direction,2,Cloudy,Dry,Daylight
2020-02-20T08:02:00.000,Sr 120,,,Not a Collision with Motor Vehicle,1,Rain,Wet,Daylight
2020-07-15T20:12:00.000,I 285,,,Angle Crash,2,Rain,Wet,Daylight
2020-06-10T09:15:00.000,I 285,,,Sideswipe-Same Direction,2,Cloudy,Dry,Daylight
2020-01-14T06:59:00.000,I 75,,,Rear End,2,Cloudy,Dry,Dark-Not Lighted
2020-11-28T14:40:00.000,I 16,,,Not a Collision with Motor Vehicle,1,Cloudy,Wet,Daylight
2020-05-18T19:00:00.000,I 20,,,Not a Collision with Motor Vehicle,1,Rain,Wet,Daylight
2020-02-12T07:32:00.000,I 285,,,Rear End,2,Cloudy,Dry,Daylight
2020-12-22T13:28:00.000,I 75,,,Not a Collision with Motor Vehicle,2,Clear,Dry,Daylight
2020-11-25T00:31:00.000,I 20,,,Rear End,4,Clear,Dry,Dark-Not Lighted
2020-11-14T20:30:00.000,I 285,,,Not a Collision with Motor Vehicle,1,Clear,Dry,Dark-Lighted
2020-03-12T14:25:00.000,I 75,,,Rear End,2,Cloudy,Dry,Daylight
2020-01-17T16:35:00.000,I 75,,,Sideswipe-Same Direction,2,Clear,Dry,Daylight
2020-01-08T16:00:00.000,I 75,,,Rear End,4,Clear,Dry,Daylight
2020-01-23T10:35:00.000,I 285,,,Sideswipe-Same Direction,2,Rain,Wet,Daylight
2020-09-05T18:10:00.000,I 75,,,Rear End,2,Clear,Dry,Daylight
2020-11-10T16:50:00.000,I 16,,,Not a Collision with Motor Vehicle,1,Rain,Wet,Daylight
2020-03-25T01:47:00.000,I 75,,,Not a Collision with Motor Vehicle,1,Rain,Wet,Dark-Not Lighted
2020-09-10T15:30:00.000,I 20,,,Rear End,5,Clear,Dry,Daylight
2020-08-07T15:00:00.000,I 75,,,Rear End,2,Cloudy,Dry,Daylight
2020-03-27T17:19:00.000,I 285,,,Angle Crash,3,Clear,Dry,Daylight
2020-08-05T09:43:00.000,I 85,,,Sideswipe-Same Direction,2,Clear,Dry,Daylight
2020-10-24T19:43:00.000,I 20,,,Angle Crash,2,Rain,Water (standing or moving),Dark-Not Lighted
2020-05-11T15:28:00.000,I 285,,,Rear End,2,Clear,Mud,Daylight
2020-07-15T17:35:00.000,I 285,,,Sideswipe-Same Direction,2,Cloudy,Dry,Daylight
2020-02-24T10:13:00.000,I 75,,,Rear End,4,Rain,Wet,Daylight
2020-01-13T08:05:00.000,I 75,,,Not a Collision with Motor Vehicle,1,Rain,Wet,Dark-Not Lighted
2020-09-14T18:23:00.000,I 85,,,Sideswipe-Same Direction,2,Clear,Dry,Daylight
2020-08-27T04:25:00.000,I 85,,,Angle Crash,1,Clear,Dry,Dark-Not Lighted
2020-04-22T10:25:00.000,I 75,,,Not a Collision with Motor Vehicle,1,Clear,Dry,Daylight
2020-03-18T13:15:00.000,I 285,,,Sideswipe-Same Direction,2,Cloudy,Dry,Daylight
2020-07-07T06:54:00.000,I 20,,,Not a Collision with Motor Vehicle,1,Rain,Wet,Daylight
2020-07-18T15:40:00.000,I 285,,,Rear End,3,Clear,Dry,Daylight
2020-01-28T07:45:00.000,I 285,,,Rear End,2,Clear,Dry,Daylight
2020-11-09T07:30:00.000,I 75,,,Not a Collision with Motor Vehicle,1,Cloudy,Wet,Daylight
2020-03-15T22:00:00.000,I 285,,,Sideswipe-Same Direction,3,Clear,Dry,Dark-Not Lighted
2020-06-03T16:40:00.000,I 20,,,Rear End,2,Clear,Dry,Daylight
2020-03-05T18:15:00.000,I 75,,,Rear End,2,Cloudy,Wet,Daylight
2020-11-11T07:24:00.000,I 20,,,Sideswipe-Same Direction,2,Clear,Wet,Daylight
2020-02-26T09:11:00.000,I 75,,,Rear End,2,Clear,Dry,Daylight
2020-08-08T14:38:00.000,I 75,,,Not a Collision with Motor Vehicle,1,Rain,Wet,Daylight
2020-01-04T01:06:00.000,I 85,,,Angle Crash,2,Rain,Wet,Dark-Lighted
2020-02-28T23:11:00.000,I 285,,,Not a Collision with Motor Vehicle,2,Clear,Dry,Dark-Not Lighted
2020-05-07T14:30:00.000,I 16,,,Not a Collision with Motor Vehicle,1,Clear,Dry,Daylight
2020-10-14T17:53:00.000,I 85,,,Rear End,2,Clear,Dry,Daylight
2020-09-24T11:06:00.000,I 285,,,Sideswipe-Same Direction,2,Rain,Wet,Dark-Lighted
2020-05-22T17:47:00.000,I 20,,,Not a Collision with Motor Vehicle,2,Cloudy,Dry,Daylight
2020-03-05T12:15:00.000,I 20,,,Not a Collision with Motor Vehicle,1,Rain,Wet,Daylight
2020-12-04T18:00:00.000,I 85,,,Rear End,2,Rain,Wet,Dark-Not Lighted
2020-02-13T07:24:00.000,I 75,,,Not a Collision with Motor Vehicle,1,Rain,Wet,Dawn
2020-03-19T14:00:00.000,I 20,,,Not a Collision with Motor Vehicle,1,Cloudy,Dry,Daylight
2020-03-05T17:10:00.000,I 75,,,Rear End,3,Rain,Wet,Daylight
2020-06-05T19:54:00.000,I 85,,,Not a Collision with Motor Vehicle,1,Clear,Dry,Daylight
2020-02-07T19:00:00.000,I 285,,,Rear End,2,Clear,Dry,Dark-Lighted
2020-08-27T20:06:00.000,I 85,,,Angle Crash,2,Cloudy,Dry,Dusk
2020-01-24T07:20:00.000,I 20,,,Rear End,2,Cloudy,Wet,Daylight
2020-07-17T17:35:00.000,I 20,,,Angle Crash,3,Clear,Dry,Daylight
2020-02-01T18:47:00.000,I 285,,,Sideswipe-Same Direction,2,Clear,Dry,Dark-Lighted
2020-01-31T08:20:00.000,I 75,,,Sideswipe-Same Direction,3,Cloudy,Wet,Daylight
2020-04-02T14:05:00.000,I 75,,,Sideswipe-Same Direction,2,Clear,Dry,Daylight
2020-06-26T16:44:00.000,I 285,,,Rear End,4,Cloudy,Dry,Daylight
2020-09-17T00:32:00.000,I 75,,,Not a Collision with Motor Vehicle,1,Rain,Wet,Dark-Lighted
2020-07-25T16:17:00.000,I 20,,,Rear End,2,Cloudy,Dry,Daylight
2020-10-20T18:00:00.000,I 285,,,Sideswipe-Same Direction,2,Clear,Dry,Daylight
2020-02-27T10:07:00.000,I 285,,,Rear End,2,Clear,Dry,Daylight
2020-06-15T14:34:00.000,I 75,,,Rear End,3,Clear,Dry,Daylight
2020-02-13T16:40:00.000,I 75,,,Rear End,2,Cloudy,Wet,Daylight
2020-03-27T10:13:00.000,I 75,,,Not a Collision with Motor Vehicle,1,Clear,Dry,Daylight
2020-11-12T15:40:00.000,I 20,,,Sideswipe-Same Direction,2,Clear,Dry,Daylight
2020-05-21T14:43:00.000,I 285,,,Rear End,2,Clear,Dry,Daylight
2020-09-03T18:53:00.000,I 75,,,Rear End,2,Clear,Dry,Daylight
2020-04-22T16:19:00.000,I 285,,,Not a Collision with Motor Vehicle,2,Cloudy,Dry,Daylight
2020-05-29T19:22:00.000,I 20,,,Not a Collision with Motor Vehicle,1,Rain,Wet,Daylight
2020-04-09T11:15:00.000,I 75,,,Sideswipe-Same Direction,3,Cloudy,Dry,Daylight
2020-11-25T23:10:00.000,I 20,,,Angle Crash,1,Cloudy,Wet,Dark-Not Lighted
2020-10-28T14:27:00.000,I 16,,,Angle Crash,2,Clear,Dry,Daylight
2020-06-19T11:35:00.000,I 75,,,Sideswipe-Same Direction,3,Clear,Dry,Daylight
2020-06-02T15:44:00.000,I 285,,,Sideswipe-Same Direction,2,Clear,Dry,Daylight
2020-02-10T18:57:00.000,I 75,,,Sideswipe-Same Direction,2,Rain,Wet,Daylight
2020-09-28T04:46:00.000,I 16,,,Not a Collision with Motor Vehicle,1,Clear,Dry,Dark-Not Lighted
2020-04-14T16:31:00.000,I 75,,,Not a Collision with Motor Vehicle,1,Clear,Dry,Daylight
2020-01-26T22:30:00.000,I 20,,,Angle Crash,2,Clear,Dry,Dark-Not Lighted
2020-02-11T04:19:00.000,I 85,,,Not a Collision with Motor Vehicle,1,Rain,Wet,Dark-Not Lighted
2020-11-26T12:51:00.000,I 75,,,Rear End,2,Cloudy,Wet,Daylight
2020-11-28T23:21:00.000,I 20,,,Rear End,2,Clear,Dry,Dark-Lighted
2020-04-10T18:30:00.000,I 75,,,Not a Collision with Motor Vehicle,1,Clear,Dry,Daylight
2020-07-20T15:15:00.000,I 285,,,Rear End,2,Clear,Dry,Daylight
2020-08-30T22:20:00.000,I 20,,,Rear End,3,Rain,Wet,Dark-Lighted
2020-12-13T18:26:00.000,I 285,,,Rear End,2,Clear,Dry,Dark-Not Lighted
2020-03-24T14:32:00.000,I 75,,,Sideswipe-Same Direction,2,Clear,Wet,Daylight
2020-10-09T20:05:00.000,I 285,,,Angle Crash,2,Clear,Dry,Dark-Lighted
2020-04-24T17:16:00.000,I 75,,,Sideswipe-Same Direction,2,Clear,Dry,Daylight
2020-03-05T15:50:00.000,I 75,,,Rear End,2,Rain,Wet,Daylight
2020-09-19T00:35:00.000,I 75,,,Sideswipe-Same Direction,2,Clear,Dry,Dark-Not Lighted
2020-07-24T15:50:00.000,I 75,,,Rear End,2,Clear,Dry,Daylight
2020-06-24T18:43:00.000,I 75,,,Angle Crash,3,Cloudy,Wet,Daylight
2020-12-15T13:25:00.000,I 285,,,Rear End,2,Clear,Dry,Daylight
2020-10-09T15:51:00.000,I 20,,,Rear End,2,Clear,Dry,Daylight
2020-01-23T10:50:00.000,I 285,,,Rear End,2,Cloudy,Dry,Daylight
2020-04-03T21:52:00.000,I 85,,,Angle Crash,3,Clear,Dry,Dark-Not Lighted
2020-04-17T18:43:00.000,I 20,,,Sideswipe-Same Direction,2,Clear,Dry,Daylight
2020-02-25T07:56:00.000,I 285,,,Rear End,2,Cloudy,Wet,Daylight
2020-10-15T17:30:00.000,I 285,,,Angle Crash,2,Clear,Dry,Daylight
2020-05-12T12:03:00.000,I 75,,,Sideswipe-Same Direction,2,Clear,Dry,Daylight
2020-03-27T16:00:00.000,I 75,,,Rear End,2,Clear,Dry,Daylight
2020-03-12T07:50:00.000,I 285,,,Rear End,2,Cloudy,Wet,Daylight
2020-02-04T15:43:00.000,I 75,,,Not a Collision with Motor Vehicle,1,Cloudy,Dry,Daylight
2020-02-18T14:20:00.000,I 285,,,Rear End,2,Rain,Wet,Daylight
2020-02-26T07:12:00.000,I 75,,,Rear End,3,Clear,Dry,Daylight
2020-02-03T08:20:00.000,I 285,,,Rear End,3,Clear,Dry,Daylight
2020-09-21T10:20:00.000,I 285,,,Sideswipe-Same Direction,2,Clear,Dry,Daylight
2020-07-23T13:00:00.000,I 20,,,Sideswipe-Same Direction,2,Clear,Dry,Daylight
2020-07-21T16:51:00.000,I 85,,,Rear End,2,Cloudy,Dry,Daylight
2020-07-16T08:40:00.000,I 285,,,Sideswipe-Same Direction,2,Clear,Dry,Daylight
2020-07-10T16:19:00.000,I 75,,,Rear End,2,Cloudy,Dry,Daylight
2020-05-23T14:35:00.000,I 20,,,Sideswipe-Same Direction,2,Clear,Dry,Daylight
2020-05-18T10:17:00.000,I 16,,,Sideswipe-Same Direction,2,Clear,Dry,Daylight
2020-01-04T10:12:00.000,I 85,,,Rear End,2,Clear,Dry,Daylight
2020-02-18T09:42:00.000,I 75,,,Rear End,2,Rain,Wet,Daylight
2020-11-23T17:00:00.000,I 95,,,Rear End,2,Clear,Dry,Dusk
2020-10-29T04:30:00.000,I 20,,,Not a Collision with Motor Vehicle,1,Rain,Wet,Dark-Not Lighted
2020-10-09T18:20:00.000,I 85,,,Not a Collision with Motor Vehicle,1,Rain,Wet,Daylight
2020-09-12T18:05:00.000,I 85,,,Not a Collision with Motor Vehicle,1,Rain,Wet,Dusk
2020-08-16T21:03:00.000,I 75,,,Rear End,3,Clear,Dry,Dark-Lighted
2020-07-25T14:50:00.000,I 75,,,Sideswipe-Same Direction,2,Clear,Dry,Daylight
2020-03-11T08:50:00.000,I 285,,,Sideswipe-Same Direction,2,Cloudy,Dry,Daylight
2020-03-13T06:11:00.000,I 285,,,Sideswipe-Same Direction,3,Cloudy,Dry,Dark-Not Lighted
2020-03-10T07:05:00.000,I 75,,,Not a Collision with Motor Vehicle,1,Rain,Wet,Dark-Not Lighted
2020-02-25T16:40:00.000,I 95,,,Rear End,2,Cloudy,Dry,Daylight
2020-02-25T10:01:00.000,I 20,,,Rear End,2,Cloudy,Wet,Daylight
2020-02-19T00:00:00.000,I 285,,,Rear End,3,Clear,Wet,Daylight
2020-12-24T10:45:00.000,I 85,,,Not a Collision with Motor Vehicle,2,Rain,Wet,Daylight
2020-11-23T00:00:00.000,I 285,,,Rear End,3,Clear,Dry,Daylight
2020-09-08T07:57:00.000,I 20,,,Rear End,4,Clear,Dry,Daylight
2020-08-14T12:10:00.000,I 285,,,Sideswipe-Same Direction,2,Clear,Dry,Daylight
2020-07-29T10:20:00.000,I 285,,,Rear End,2,Rain,Wet,Dark-Lighted
2020-06-10T18:20:00.000,I 285,,,Sideswipe-Same Direction,3,Rain,Wet,Daylight
2020-05-28T17:35:00.000,I 285,,,Rear End,2,Clear,Dry,Daylight
2020-05-14T15:00:00.000,I 285,,,Rear End,2,Clear,Dry,Daylight
2020-04-03T15:30:00.000,I 285,,,Rear End,2,Clear,Dry,Daylight
2020-03-15T23:16:00.000,I 20,,,Not a Collision with Motor Vehicle,1,Clear,Dry,Dark-Lighted
2020-02-28T15:36:00.000,I 75,,,Sideswipe-Same Direction,3,Clear,Dry,Daylight
2020-02-18T18:50:00.000,I 285,,,Rear End,2,Rain,Wet,Dark-Not Lighted
2020-02-04T08:16:00.000,I 75,,,Rear End,3,Clear,Dry,Daylight
2020-11-18T15:50:00.000,I 285,,,Rear End,2,Clear,Dry,Daylight
2020-11-03T15:58:00.000,I 75,,,Rear End,3,Clear,Dry,Daylight
2020-07-07T11:53:00.000,I 75,,,Not a Collision with Motor Vehicle,1,Cloudy,Dry,Daylight
2020-05-18T13:10:00.000,I 20,,,Sideswipe-Same Direction,2,Rain,Wet,Daylight
2020-05-13T16:40:00.000,I 20,,,Rear End,2,Clear,Dry,Daylight
2020-03-06T15:35:00.000,I 285,,,Rear End,2,Clear,Dry,Daylight
2020-02-19T08:12:00.000,I 85,,,Rear End,2,Cloudy,Dry,Daylight
2020-01-23T10:59:00.000,I 285,,,Rear End,2,Clear,Dry,Daylight
2020-01-25T22:10:00.000,I 285,,,Not a Collision with Motor Vehicle,1,Clear,Sand,Dark-Not Lighted
2020-01-08T06:27:00.000,I 75,,,Rear End,2,Clear,Dry,Dark-Not Lighted
2020-11-17T19:57:00.000,I 75,,,Sideswipe-Same Direction,2,Clear,Dry,Dark-Not Lighted
2020-10-24T16:00:00.000,I 85,,,Not a Collision with Motor Vehicle,1,Rain,Wet,Daylight
2020-06-03T16:40:00.000,I 75,,,Not a Collision with Motor Vehicle,1,Clear,Dry,Daylight
2020-08-31T17:04:00.000,I 95,,,Head On,1,Rain,Wet,Daylight
2020-08-25T08:20:00.000,I 85,,,Not a Collision with Motor Vehicle,1,Rain,Wet,Daylight
2020-05-08T16:58:00.000,I 75,,,Sideswipe-Same Direction,2,Clear,Dry,Daylight
2020-02-11T20:25:00.000,I 20,,,Not a Collision with Motor Vehicle,1,Cloudy,Wet,Dark-Not Lighted
2020-12-18T06:30:00.000,I 75,,,Sideswipe-Same Direction,2,Clear,Dry,Dark-Not Lighted
2020-10-22T15:40:00.000,I 20,,,Rear End,4,Clear,Dry,Daylight
2020-10-04T07:08:00.000,I 85,,,Not a Collision with Motor Vehicle,1,Clear,Dry,Dawn
2020-09-04T14:06:00.000,I 20,,,Rear End,2,Clear,Dry,Daylight
2020-08-08T09:04:00.000,I 20,,,Rear End,2,Clear,Dry,Daylight
2020-05-22T15:15:00.000,I 20,,,Not a Collision with Motor Vehicle,2,Cloudy,Dry,Daylight
2020-05-25T19:10:00.000,I 285,,,Sideswipe-Same Direction,2,Rain,Wet,Daylight
2020-01-23T17:34:00.000,I 75,,,Rear End,2,Rain,Wet,Daylight
2020-01-30T14:32:00.000,I 75,,,Not a Collision with Motor Vehicle,3,Clear,Dry,Daylight
2020-02-14T09:00:00.000,I 20,,,Rear End,3,Clear,Dry,Daylight
2020-01-25T14:46:00.000,I 285,,,Rear End,2,Cloudy,Dry,Daylight
2020-01-04T12:27:00.000,I 75,,,Angle Crash,2,Cloudy,Wet,Daylight
2020-10-29T04:30:00.000,I 20,,,Not a Collision with Motor Vehicle,1,Rain,Wet,Dark-Not Lighted
2020-10-08T10:35:00.000,I 85,,,Rear End,2,Clear,Dry,Daylight
2020-07-31T12:47:00.000,I 285,,,Rear End,2,Cloudy,Dry,Daylight
2020-07-20T11:41:00.000,I 20,,,Sideswipe-Same Direction,2,Clear,Dry,Daylight
2020-06-26T21:30:00.000,I 20,,,(None),1,(None),(None),(None)
2020-05-12T12:45:00.000,I 20,,,Rear End,2,Clear,Dry,Daylight
2020-03-17T15:14:00.000,I 75,,,Sideswipe-Same Direction,2,Cloudy,Dry,Daylight
2020-02-27T06:28:00.000,I 75,,,Rear End,2,Clear,Dry,Dark-Not Lighted
2020-02-06T13:48:00.000,I 85,,,Not a Collision with Motor Vehicle,1,Rain,Wet,Daylight
2020-01-20T16:20:00.000,I 75,,,Not a Collision with Motor Vehicle,1,Clear,Dry,Daylight
2020-02-14T08:15:00.000,I 75,,,Sideswipe-Same Direction,2,Clear,Dry,Daylight
2020-02-15T08:42:00.000,I 20,,,Sideswipe-Same Direction,2,Clear,Dry,Daylight