Date and Time,Roadway (From Crash Report),Intersection Name (from Crash Report),KABCO Severity,Manner of Collision (Crash Level) ,# of Vehicles per crash ,Weather Conditions (Crash Level),Surface Condition (Crash Level) ,Light Conditions (Crash Level)
2020-01-20T01:10:00.000,I 285,,,Rear End,2,Clear,Dry,Dark-Lighted
2020-12-14T16:20:00.000,I 75,,,Angle Crash,2,Clear,Dry,Daylight
2020-11-28T00:22:00.000,I 16,,,Not a Collision with Motor Vehicle,1,Clear,Dry,Dark-Not Lighted
2020-08-23T03:42:00.000,I 75,,,Not a Collision with Motor Vehicle,1,Clear,Dry,Dark-Not Lighted
2020-02-03T12:53:00.000,I 20,,,Rear End,2,Clear,Dry,Daylight
2020-02-13T07:13:00.000,I 75,,,Rear End,2,Rain,Wet,Dark-Lighted
2020-02-20T07:34:00.000,I 16,,,Rear End,2,Cloudy,Dry,Daylight
2020-01-16T08:30:00.000,I 20,,,Angle Crash,2,Clear,Dry,Daylight
2020-10-30T16:32:00.000,I 75,,,Rear End,3,Clear,Dry,Daylight
2020-09-11T22:48:00.000,I 16,,,Sideswipe-Same Direction,2,Clear,Dry,Dark-Not Lighted
2020-08-05T15:35:00.000,I 285,,,Rear End,2,Rain,Wet,Daylight
2020-09-04T12:15:00.000,I 285,,,Rear End,2,Clear,Dry,Daylight
2020-03-03T17:29:00.000,I 285,,,Not a Collision with Motor Vehicle,1,Cloudy,Dry,Daylight
2020-02-07T19:18:00.000,I 285,,,Sideswipe-Same Direction,2,Cloudy,Dry,Dark-Lighted
2020-10-09T00:00:00.000,I 95,,,Angle Crash,1,Fog,Dry,Dark-Not Lighted
2020-05-12T11:16:00.000,I 285,,,Rear End,2,Clear,Dry,Daylight
2020-12-31T23:04:00.000,I 285,,,Not a Collision with Motor Vehicle,1,Fog,Wet,Dark-Not Lighted
2020-02-08T18:37:00.000,I 20,,,Rear End,2,Clear,Dry,Dark-Lighted
2020-05-27T13:50:00.000,I 20,,,Rear End,2,Rain,Wet,Daylight
2020-12-09T13:45:00.000,I 285,,,Sideswipe-Same Direction,2,Clear,Dry,Daylight
2020-10-04T04:00:00.000,I 285,,,Not a Collision with Motor Vehicle,1,Clear,Dry,Dark-Lighted
2020-04-10T18:00:00.000,I 75,,,Not a Collision with Motor Vehicle,2,Clear,Dry,Daylight
2020-07-29T07:12:00.000,I 75,,,Rear End,2,Cloudy,Dry,Daylight
2020-12-17T01:30:00.000,I 285,,,Not a Collision with Motor Vehicle,1,Cloudy,Dry,Dark-Not Lighted
2020-11-25T07:45:00.000,I 95,,,Rear End,2,Clear,Dry,Daylight
2020-09-27T17:33:00.000,I 75,,,Angle Crash,2,Clear,Dry,Daylight
2020-01-26T07:47:00.000,I 85,,,Angle Crash,2,Clear,Dry,Daylight
2020-08-10T09:30:00.000,I 285,,,Angle Crash,2,Clear,Dry,Daylight
2020-08-21T16:00:00.000,I 85,,,Sideswipe-Same Direction,2,Cloudy,Dry,Daylight
2020-02-14T14:56:00.000,I 285,,,Rear End,2,Clear,Dry,Daylight
2020-05-26T13:47:00.000,I 285,,,Sideswipe-Same Direction,2,Cloudy,Dry,Dark-Lighted
2020-09-09T19:20:00.000,I 285,,,Sideswipe-Same Direction,2,Clear,Dry,Daylight
2020-08-22T15:05:00.000,I 285,,,Rear End,5,Cloudy,Dry,Daylight
2020-07-06T05:40:00.000,I 16,,,Not a Collision with Motor Vehicle,1,Rain,Wet,Dawn
2020-04-27T01:22:00.000,I 75,,,Not a Collision with Motor Vehicle,1,Cloudy,Dry,Dark-Not Lighted
2020-05-22T07:15:00.000,I 75,,,Sideswipe-Same Direction,2,Cloudy,Dry,Daylight
2020-05-15T08:16:00.000,I 85,,,Sideswipe-Same Direction,2,Clear,Dry,Daylight
2020-07-06T11:08:00.000,I 85,,,Rear End,2,Clear,Dry,Daylight
2020-06-16T12:05:00.000,I 16,,,Not a Collision with Motor Vehicle,2,Clear,Dry,Daylight
2020-01-09T00:57:00.000,I 20,,,Rear End,2,Cloudy,Dry,Dark-Not Lighted
2020-12-20T00:30:00.000,I 85,,,Not a Collision with Motor Vehicle,1,Clear,Dry,Dark-Lighted
2020-03-13T15:09:00.000,I 75,,,Rear End,2,Cloudy,Dry,Daylight
2020-06-06T22:15:00.000,I 285,,,Sideswipe-Same Direction,2,Clear,Dry,Dark-Not Lighted
2020-02-28T09:43:00.000,I 75,,,Rear End,4,Cloudy,Dry,Daylight
2020-07-08T16:47:00.000,I 85,,,Not a Collision with Motor Vehicle,1,Rain,Wet,Daylight
2020-08-12T15:12:00.000,I 20,,,Not a Collision with Motor Vehicle,1,Rain,Wet,Daylight
2020-05-01T14:25:00.000,I 285,,,Sideswipe-Same Direction,2,Clear,Dry,Daylight
2020-05-21T12:36:00.000,I 75,,,Sideswipe-Same Direction,2,Clear,Dry,Daylight
2020-08-08T01:38:00.000,I 75,,,Not a Collision with Motor Vehicle,1,Cloudy,Dry,Dark-Not Lighted
2020-08-13T14:00:00.000,I 85,,,Rear End,2,Clear,Dry,Daylight
2020-09-14T06:59:00.000,I 20,,,Rear End,2,Clear,Dry,Dark-Not Lighted
2020-05-11T17:31:00.000,I 75,,,Sideswipe-Same Direction,2,Clear,Dry,Daylight
2020-01-03T19:42:00.000,I 285,,,Not a Collision with Motor Vehicle,1,Rain,Wet,Dark-Not Lighted
2020-10-30T07:25:00.000,I 285,,,Sideswipe-Same Direction,2,Cloudy,Dry,Dark-Not Lighted
2020-11-13T17:09:00.000,I 285,,,Sideswipe-Same Direction,2,Clear,Dry,Daylight
2020-08-15T15:14:00.000,I 285,,,Rear End,3,Cloudy,Dry,Daylight
2020-07-06T16:49:00.000,I 285,,,Angle Crash,2,Clear,Dry,Daylight
2020-10-29T17:15:00.000,I 75,,,Not a Collision with Motor Vehicle,1,Clear,Dry,Daylight
2020-08-21T16:54:00.000,I 285,,,Rear End,6,Cloudy,Dry,Daylight
2020-02-20T17:57:00.000,I 75,,,Sideswipe-Same Direction,2,Cloudy,Wet,Daylight
2020-03-13T09:45:00.000,I 75,,,Rear End,2,Cloudy,Wet,Daylight
2020-01-18T18:45:00.000,I 285,,,Rear End,2,Rain,Wet,Dark-Not Lighted
2020-10-16T12:00:00.000,I 285,,,Sideswipe-Same Direction,2,Cloudy,Dry,Daylight
2020-08-13T22:00:00.000,I 285,,,Angle Crash,4,Rain,Wet,Dark-Not Lighted
2020-03-12T17:38:00.000,I 75,,,Not a Collision with Motor Vehicle,2,Clear,Dry,Daylight
2020-03-16T07:45:00.000,I 20,,,Sideswipe-Same Direction,2,Cloudy,Dry,Dawn
2020-06-08T13:35:00.000,I 285,,,Rear End,2,Cloudy,Dry,Daylight
2020-01-28T07:30:00.000,I 75,,,Rear End,2,Clear,Dry,Daylight
2020-08-11T16:31:00.000,I 75,,,Not a Collision with Motor Vehicle,2,Clear,Dry,Daylight
2020-11-04T10:55:00.000,I 20,,,Sideswipe-Same Direction,2,Clear,Dry,Daylight
2020-09-03T15:56:00.000,I 75,,,Rear End,3,Clear,Dry,Daylight
2020-11-14T13:00:00.000,I 75,,,Rear End,2,Clear,Dry,Daylight
2020-08-18T16:20:00.000,I 75,,,Sideswipe-Same Direction,2,Clear,Dry,Daylight
2020-06-05T00:00:00.000,I 16,,,(None),1,(None),(None),(None)
2020-02-18T16:56:00.000,I 20,,,Rear End,2,Rain,Water (standing or moving),Daylight
2020-11-07T18:51:00.000,I 20,,,Sideswipe-Same Direction,2,Clear,Dry,Dark-Lighted
2020-09-20T02:10:00.000,I 85,,,Rear End,2,Clear,Dry,Dark-Not Lighted
2020-02-18T10:48:00.000,I 75,,,Not a Collision with Motor Vehicle,1,Rain,Wet,Daylight
2020-10-20T14:25:00.000,I 75,,,Sideswipe-Same Direction,2,Clear,Dry,Daylight
2020-10-30T22:01:00.000,I 75,,,Not a Collision with Motor Vehicle,6,Clear,Dry,Dark-Not Lighted
2020-10-24T20:05:00.000,I 75,,,Sideswipe-Same Direction,2,Rain,Wet,Dark-Not Lighted
2020-01-23T14:22:00.000,I 20,,,Not a Collision with Motor Vehicle,2,Clear,Dry,Daylight
2020-10-01T17:35:00.000,I 20,,,Rear End,2,Clear,Dry,Daylight
2020-09-01T06:07:00.000,I 285,,,Not a Collision with Motor Vehicle,1,Clear,Dry,Dark-Lighted
2020-02-17T18:57:00.000,I 285,,,Sideswipe-Same Direction,1,Clear,Dry,Daylight
2020-08-13T10:00:00.000,I 285,,,Not a Collision with Motor Vehicle,2,Clear,Dry,Daylight
2020-10-30T17:45:00.000,I 75,,,Rear End,2,Clear,Dry,Daylight
2020-10-31T04:50:00.000,I 85,,,Rear End,2,Clear,Dry,Dark-Not Lighted
2020-03-02T17:52:00.000,I 285,,,Sideswipe-Same Direction,2,Rain,Wet,Daylight
2020-07-26T17:10:00.000,I 75,,,Rear End,2,Clear,Dry,Daylight
2020-07-24T20:00:00.000,I 285,,,Sideswipe-Same Direction,2,Clear,Dry,Dusk
2020-03-23T11:11:00.000,I 75,,,Not a Collision with Motor Vehicle,1,Rain,Wet,Daylight
2020-07-20T18:13:00.000,I 20,,,Sideswipe-Same Direction,2,Cloudy,Dry,Daylight
2020-08-31T00:05:00.000,I 75,,,Angle Crash,1,Clear,Dry,Dark-Not Lighted
2020-05-06T18:32:00.000,I 20,,,Sideswipe-Same Direction,2,Cloudy,Dry,Daylight
2020-04-23T06:20:00.000,I 75,,,Sideswipe-Same Direction,2,Rain,Wet,Dark-Not Lighted
2020-06-12T17:15:00.000,I 20,,,Rear End,4,Clear,Dry,Daylight
2020-03-23T13:21:00.000,I 75,,,Angle Crash,3,Rain,Wet,Daylight
2020-08-25T11:30:00.000,I 16,,,Head On,2,Clear,Dry,Daylight
2020-04-23T07:30:00.000,I 285,,,Not a Collision with Motor Vehicle,1,Rain,Wet,Daylight
2020-08-11T10:40:00.000,I 285,,,Rear End,2,Cloudy,Dry,Daylight
2020-02-12T22:03:00.000,I 95,,,Rear End,2,Clear,Dry,Dark-Not Lighted
2020-02-21T15:13:00.000,I 285,,,Sideswipe-Same Direction,2,Clear,Dry,Daylight
2020-09-27T05:09:00.000,I 20,,,Not a Collision with Motor Vehicle,1,Clear,Dry,Dark-Lighted
2020-06-28T04:18:00.000,I 285,,,Not a Collision with Motor Vehicle,1,Clear,Wet,Dark-Lighted
2020-08-06T00:00:00.000,I 285,,,Rear End,2,Clear,Dry,Daylight
2020-12-16T21:15:00.000,I 20,,,Rear End,2,Rain,Wet,Dark-Not Lighted
2020-02-18T14:25:00.000,I 285,,,Rear End,2,Rain,Wet,Daylight
2020-01-27T08:59:00.000,I 75,,,Rear End,2,Cloudy,Dry,Daylight
2020-06-09T17:41:00.000,I 285,,,Rear End,2,Rain,Wet,Daylight
2020-08-20T07:37:00.000,I 285,,,Not a Collision with Motor Vehicle,1,Cloudy,Dry,Daylight
2020-03-27T00:00:00.000,I 285,,,Rear End,2,Clear,Dry,Dark-Not Lighted
2020-12-20T06:50:00.000,I 285,,,Sideswipe-Same Direction,2,Clear,Wet,Dark-Lighted
2020-06-22T16:50:00.000,I 85,,,Rear End,2,Rain,Wet,Daylight
2020-10-16T12:40:00.000,I 20,,,Sideswipe-Same Direction,2,Cloudy,Dry,Daylight
2020-01-03T06:21:00.000,I 85,,,Not a Collision with Motor Vehicle,1,Rain,Wet,Dark-Not Lighted
2020-06-03T14:41:00.000,I 85,,,Rear End,2,Clear,Dry,Daylight
2020-11-04T12:25:00.000,I 75,,,Not a Collision with Motor Vehicle,1,Clear,Dry,Daylight
2020-05-15T17:45:00.000,I 75,,,Sideswipe-Same Direction,2,Clear,Dry,Daylight
2020-09-13T21:48:00.000,I 20,,,Angle Crash,2,Clear,Dry,Dark-Not Lighted
2020-08-24T18:29:00.000,I 85,,,Rear End,2,Rain,Wet,Daylight
2020-06-19T17:35:00.000,I 75,,,Rear End,2,Clear,Dry,Daylight
2020-04-10T18:30:00.000,I 75,,,Not a Collision with Motor Vehicle,1,Clear,Dry,Daylight
2020-01-13T22:46:00.000,I 20,,,Not a Collision with Motor Vehicle,1,Rain,Wet,Dark-Lighted
2020-02-14T08:27:00.000,I 285,,,Rear End,2,Clear,Dry,Daylight
2020-11-23T16:46:00.000,I 285,,,Sideswipe-Same Direction,2,Clear,Dry,Daylight
2020-02-28T16:46:00.000,I 75,,,Rear End,2,Clear,Dry,Daylight
2020-11-27T00:40:00.000,I 85,,,Not a Collision with Motor Vehicle,1,Clear,Dry,Dark-Not Lighted
2020-08-22T21:26:00.000,I 75,,,Sideswipe-Same Direction,2,Clear,Dry,Dark-Lighted
2020-10-14T06:30:00.000,I 20,,,Rear End,2,Clear,Dry,Dark-Not Lighted
2020-06-07T19:20:00.000,I 285,,,Sideswipe-Same Direction,2,Clear,Dry,Daylight
2020-10-23T12:59:00.000,I 75,,,Rear End,2,Clear,Dry,Daylight
2020-05-28T15:25:00.000,I 75,,,Rear End,2,Clear,Dry,Daylight
2020-02-06T14:56:00.000,I 20,,,Not a Collision with Motor Vehicle,1,Rain,Wet,Daylight
2020-04-20T02:00:00.000,I 85,,,Not a Collision with Motor Vehicle,1,Rain,Wet,Dark-Lighted
2020-02-25T08:18:00.000,I 285,,,Sideswipe-Same Direction,2,Cloudy,Wet,Daylight
2020-03-13T11:13:00.000,I 75,,,Rear End,2,Cloudy,Dry,Daylight
2020-12-12T19:45:00.000,I 85,,,Rear End,2,Rain,Wet,Dark-Lighted
2020-07-24T08:00:00.000,I 75,,,Not a Collision with Motor Vehicle,1,Clear,Dry,Daylight
2020-01-22T08:58:00.000,I 85,,,Rear End,2,Clear,Dry,Daylight
2020-05-13T13:15:00.000,I 75,,,Angle Crash,2,Clear,Dry,Daylight
2020-09-17T05:32:00.000,I 16,,,(None),2,(None),(None),(None)
2020-02-06T04:51:00.000,I 20,,,Not a Collision with Motor Vehicle,1,Rain,Wet,Dark-Lighted
2020-07-05T07:22:00.000,I 16,,,Not a Collision with Motor Vehicle,1,Clear,Dry,Daylight
2020-06-28T16:52:00.000,I 75,,,Sideswipe-Same Direction,2,Cloudy,Wet,Daylight
2020-05-21T06:49:00.000,I 285,,,Sideswipe-Same Direction,2,Clear,Dry,Daylight
2020-12-27T21:38:00.000,I 95,,,Sideswipe-Same Direction,2,Clear,Dry,Daylight
2020-05-22T06:14:00.000,I 75,,,Rear End,2,Rain,Wet,Daylight
2020-04-26T01:46:00.000,I 85,,,Not a Collision with Motor Vehicle,1,Clear,Dry,Dark-Not Lighted
2020-07-25T21:40:00.000,I 20,,,Rear End,1,Clear,Dry,Dark-Not Lighted
2020-06-30T15:17:00.000,I 75,,,Not a Collision with Motor Vehicle,1,Clear,Dry,Daylight
2020-11-12T11:00:00.000,I 285,,,Sideswipe-Same Direction,2,Clear,Dry,Daylight
2020-01-18T09:25:00.000,I 85,,,Not a Collision with Motor Vehicle,1,Cloudy,Dry,Daylight
2020-09-28T15:45:00.000,I 75,,,Angle Crash,2,Clear,Dry,Daylight
2020-03-04T09:56:00.000,I 75,,,Sideswipe-Same Direction,3,Rain,Wet,Daylight
2020-09-21T13:43:00.000,I 85,,,Rear End,2,Clear,Dry,Daylight
2020-06-17T12:30:00.000,I 20,,,Rear End,2,Clear,Dry,Daylight
2020-09-11T11:03:00.000,I 20,,,Rear End,2,Clear,Dry,Daylight
2020-07-05T18:59:00.000,I 75,,,Rear End,2,Clear,Dry,Daylight
2020-08-17T16:39:00.000,I 20,,,Angle Crash,2,Rain,Wet,Daylight
2020-09-21T09:32:00.000,I 75,,,Sideswipe-Same Direction,2,Cloudy,Dry,Daylight
2020-04-22T11:00:00.000,I 16,,,Sideswipe-Same Direction,2,Clear,Dry,Daylight
2020-07-17T14:45:00.000,I 85,,,Rear End,3,Clear,Dry,Daylight
2020-02-24T16:45:00.000,I 75,,,Rear End,2,Rain,Wet,Daylight
2020-07-17T20:32:00.000,I 285,,,Angle Crash,2,Clear,Dry,Dark-Not Lighted
2020-01-03T15:36:00.000,I 285,,,Rear End,3,Rain,Wet,Daylight
2020-09-06T19:15:00.000,I 85,,,Rear End,2,Clear,Dry,Daylight
2020-07-11T13:45:00.000,I 75,,,Rear End,2,Clear,Dry,Daylight
2020-10-29T13:01:00.000,I 20,,,Sideswipe-Same Direction,3,Cloudy,Dry,Daylight
2020-08-17T12:01:00.000,I 75,,,Sideswipe-Same Direction,2,Cloudy,Dry,Daylight
2020-09-08T09:52:00.000,I 20,,,Sideswipe-Same Direction,2,Clear,Dry,Daylight
2020-04-09T11:34:00.000,I 285,,,Not a Collision with Motor Vehicle,2,Clear,Dry,Daylight
2020-07-17T15:59:00.000,I 75,,,Rear End,2,Clear,Dry,Daylight
2020-01-31T15:01:00.000,I 75,,,Not a Collision with Motor Vehicle,1,Cloudy,Dry,Daylight
2020-10-18T13:03:00.000,I 85,,,Rear End,2,Clear,Dry,Daylight
2020-01-08T18:15:00.000,I 285,,,Rear End,2,Cloudy,Dry,Dark-Lighted
2020-09-21T05:16:00.000,I 16,,,Rear End,2,Clear,Dry,Dark-Not Lighted
2020-08-05T00:00:00.000,I 85,,,Not a Collision with Motor Vehicle,1,Clear,Dry,Dark-Lighted
2020-04-08T06:11:00.000,I 20,,,Not a Collision with Motor Vehicle,1,Cloudy,Dry,Dark-Not Lighted
2020-01-13T10:00:00.000,I 75,,,Sideswipe-Opposite Direction,2,Rain,Wet,Daylight
2020-02-18T10:29:00.000,I 75,,,Sideswipe-Same Direction,2,Rain,Wet,Daylight
2020-08-25T20:25:00.000,I 285,,,Not a Collision with Motor Vehicle,1,Rain,Wet,Daylight
2020-03-11T23:25:00.000,I 16,,,Sideswipe-Same Direction,1,Clear,Dry,Dark-Lighted
2020-11-23T16:45:00.000,I 285,,,Rear End,2,Clear,Dry,Daylight
2020-01-09T08:29:00.000,I 75,,,Rear End,2,Clear,Dry,Daylight
2020-08-16T01:27:00.000,I 85,,,Rear End,2,Clear,Dry,Dark-Lighted
2020-10-09T18:04:00.000,I 75,,,Rear End,2,Rain,Wet,Daylight
2020-06-25T16:29:00.000,I 16,,,Not a Collision with Motor Vehicle,1,Clear,Dry,Daylight
2020-10-16T06:19:00.000,I 20,,,Sideswipe-Same Direction,2,Clear,Dry,Daylight
2020-07-29T17:03:00.000,I 285,,,Not a Collision with Motor Vehicle,1,Cloudy,Dry,Daylight
2020-05-29T18:41:00.000,I 75,,,Rear End,2,Clear,Dry,Dark-Lighted
2020-09-05T21:37:00.000,I 285,,,Not a Collision with Motor Vehicle,2,Clear,Dry,Daylight
2020-02-25T06:14:00.000,I 75,,,Sideswipe-Same Direction,2,Fog,Wet,Dark-Not Lighted
2020-11-13T18:49:00.000,I 20,,,Sideswipe-Same Direction,2,Clear,Dry,Dark-Not Lighted
2020-03-09T18:00:00.000,I 85,,,Rear End,2,Clear,Dry,Daylight
2020-02-12T07:15:00.000,I 75,,,Sideswipe-Same Direction,2,Cloudy,Wet,Daylight
2020-01-22T19:15:00.000,I 285,,,Rear End,2,Cloudy,Dry,Daylight
2020-02-21T06:24:00.000,I 75,,,Rear End,2,Clear,Dry,Dark-Not Lighted
2020-04-18T21:50:00.000,I 75,,,Angle Crash,3,Clear,Dry,Dark-Not Lighted
2020-08-07T07:45:00.000,I 285,,,Sideswipe-Same Direction,2,Clear,Dry,Daylight
2020-11-19T16:35:00.000,I 85,,,Rear End,2,Clear,Dry,Daylight
2020-02-28T14:24:00.000,I 75,,,Sideswipe-Same Direction,2,Clear,Dry,Daylight
2020-12-23T09:39:00.000,I 285,,,Rear End,2,Cloudy,Dry,Daylight
2020-10-15T19:00:00.000,I 285,,,Angle Crash,2,Cloudy,Dry,Daylight
2020-11-06T11:45:00.000,I 285,,,Rear End,3,Clear,Dry,Daylight
2020-08-17T03:30:00.000,I 285,,,Angle Crash,3,Cloudy,Dry,Dark-Not Lighted
2020-06-10T18:07:00.000,I 75,,,Not a Collision with Motor Vehicle,1,Cloudy,Wet,Daylight
2020-12-03T07:41:00.000,I 75,,,Rear End,2,Clear,Dry,Dawn
2020-12-20T07:00:00.000,I 75,,,Not a Collision with Motor Vehicle,1,Cloudy,Wet,Dark-Not Lighted
2020-01-12T03:23:00.000,I 85,,,Sideswipe-Same Direction,3,Clear,Dry,Dark-Not Lighted
2020-10-26T18:13:00.000,I 285,,,Rear End,2,Clear,Dry,Daylight
2020-06-09T18:01:00.000,I 285,,,Rear End,3,Rain,Wet,Daylight
2020-08-17T22:45:00.000,I 285,,,Not a Collision with Motor Vehicle,1,Cloudy,Dry,Dark-Not Lighted
2020-02-21T17:20:00.000,I 285,,,Rear End,2,Clear,Dry,Daylight
2020-04-13T12:22:00.000,I 285,,,Sideswipe-Same Direction,2,Clear,Dry,Daylight
2020-05-19T06:06:00.000,I 75,,,Not a Collision with Motor Vehicle,1,Cloudy,Wet,Dawn
2020-04-02T14:02:00.000,I 85,,,Sideswipe-Same Direction,2,Clear,Dry,Daylight
2020-02-06T15:47:00.000,I 75,,,Rear End,2,Rain,Wet,Daylight
2020-01-21T08:48:00.000,I 75,,,Rear End,3,Cloudy,Dry,Daylight
2020-03-01T20:08:00.000,I 75,,,Sideswipe-Same Direction,2,Clear,Dry,Dark-Not Lighted
2020-10-24T14:30:00.000,I 285,,,Rear End,2,Clear,Dry,Daylight
2020-09-29T13:20:00.000,I 20,,,Sideswipe-Same Direction,2,Rain,Wet,Daylight
2020-02-11T09:00:00.000,I 75,,,Rear End,2,Cloudy,Wet,Daylight
2020-02-10T20:09:00.000,I 75,,,Rear End,2,Rain,Wet,Dark-Lighted
2020-01-17T16:50:00.000,I 75,,,Rear End,2,Clear,Dry,Daylight
2020-07-20T23:13:00.000,I 85,,,Rear End,2,Cloudy,Dry,Dark-Not Lighted
2020-05-22T17:34:00.000,I 95,,,Rear End,2,Clear,Dry,Daylight
2020-01-22T05:45:00.000,I 85,,,Sideswipe-Same Direction,2,Clear,Dry,Dark-Not Lighted
2020-12-05T21:04:00.000,I 85,,,Rear End,2,Clear,Dry,Dark-Lighted
2020-11-02T19:32:00.000,I 75,,,Rear End,2,Clear,Dry,Dark-Not Lighted
2020-05-11T17:46:00.000,I 85,,,Not a Collision with Motor Vehicle,1,Clear,Dry,Daylight
2020-02-24T19:59:00.000,I 285,,,Rear End,2,Rain,Wet,Dark-Not Lighted
2020-06-25T16:10:00.000,I 75,,,Sideswipe-Same Direction,2,Cloudy,Dry,Daylight
2020-02-04T17:40:00.000,I 285,,,Rear End,2,Cloudy,Wet,Daylight
2020-02-18T07:31:00.000,I 16,,,Not a Collision with Motor Vehicle,1,Rain,Water (standing or moving),Daylight
2020-07-14T16:49:00.000,I 20,,,Angle Crash,2,Clear,Dry,Daylight
2020-01-16T09:52:00.000,I 75,,,Rear End,2,Clear,Wet,Daylight
2020-12-31T16:20:00.000,I 285,,,Rear End,2,Rain,Wet,Daylight
2020-03-20T13:41:00.000,I 85,,,Angle Crash,2,Clear,Dry,Daylight
2020-07-07T07:10:00.000,I 75,,,Sideswipe-Same Direction,2,Cloudy,Dry,Dawn
2020-03-07T14:30:00.000,I 20,,,Sideswipe-Same Direction,2,Clear,Dry,Daylight
2020-01-16T13:50:00.000,I 85,,,Head On,2,Clear,Dry,Daylight
2020-10-15T16:00:00.000,I 285,,,Rear End,2,Clear,Dry,Daylight
2020-06-19T12:51:00.000,I 285,,,Sideswipe-Same Direction,2,Cloudy,Dry,Daylight
2020-07-21T10:40:00.000,I 75,,,Rear End,2,Clear,Dry,Daylight
2020-10-17T04:46:00.000,I 16,,,Head On,1,Clear,Dry,Dark-Not Lighted
2020-02-06T14:52:00.000,I 85,,,Not a Collision with Motor Vehicle,1,Rain,Wet,Daylight
2020-01-10T23:23:00.000,I 20,,,Not a Collision with Motor Vehicle,1,Cloudy,Dry,Dark-Not Lighted
2020-02-18T08:01:00.000,I 85,,,Rear End,2,Rain,Wet,Daylight
2020-03-24T12:20:00.000,I 285,,,Rear End,3,Clear,Dry,Daylight
2020-06-12T14:32:00.000,I 75,,,Rear End,2,Clear,Dry,Daylight
2020-11-28T08:51:00.000,I 285,,,Not a Collision with Motor Vehicle,1,Clear,Dry,Daylight
2020-07-31T17:31:00.000,I 16,,,Sideswipe-Same Direction,2,Rain,Water (standing or moving),Daylight
2020-01-29T09:30:00.000,I 285,,,Sideswipe-Same Direction,2,Clear,Dry,Daylight
2020-10-16T16:00:00.000,I 75,,,Rear End,2,Clear,Dry,Daylight
2020-04-27T11:30:00.000,I 20,,,Not a Collision with Motor Vehicle,1,Clear,Dry,Daylight
2020-06-12T15:12:00.000,I 285,,,Rear End,3,Cloudy,Dry,Daylight
2020-01-21T14:00:00.000,I 75,,,Rear End,3,Clear,Dry,Daylight
2020-07-01T22:20:00.000,I 75,,,Rear End,2,Clear,Dry,Dark-Not Lighted
2020-03-01T15:24:00.000,I 285,,,Rear End,2,Clear,Dry,Daylight
2020-02-03T15:17:00.000,I 20,,,Sideswipe-Same Direction,2,Clear,Dry,Daylight
2020-05-27T12:17:00.000,I 20,,,Not a Collision with Motor Vehicle,1,Rain,Wet,Daylight
2020-09-04T12:37:00.000,I 285,,,Rear End,3,Clear,Dry,Daylight
2020-03-23T18:46:00.000,I 285,,,Rear End,2,Rain,Wet,Daylight
2020-10-08T08:45:00.000,I 75,,,Rear End,2,Clear,Dry,Daylight
2020-07-21T16:30:00.000,I 85,,,Rear End,2,Rain,Wet,Dark-Lighted
2020-12-24T11:14:00.000,I 16,,,Not a Collision with Motor Vehicle,1,Rain,Water (standing or moving),Daylight
2020-03-04T13:35:00.000,I 20,,,Sideswipe-Same Direction,2,Rain,Wet,Daylight
2020-11-09T07:30:00.000,I 75,,,Not a Collision with Motor Vehicle,1,Cloudy,Wet,Daylight
2020-04-22T09:00:00.000,I 285,,,Sideswipe-Same Direction,2,Clear,Dry,Daylight
2020-05-29T12:34:00.000,I 75,,,Sideswipe-Same Direction,2,Rain,Wet,Daylight
2020-07-12T07:00:00.000,I 85,,,Not a Collision with Motor Vehicle,1,Clear,Dry,Dawn
2020-12-30T00:00:00.000,I 20,,,Angle Crash,2,Clear,Dry,Dark-Lighted
2020-02-28T09:39:00.000,I 75,,,Rear End,3,Clear,Dry,Daylight
2020-11-13T19:00:00.000,I 20,,,Sideswipe-Same Direction,2,Clear,Dry,Dark-Lighted
2020-08-24T07:59:00.000,I 285,,,Rear End,2,Rain,Wet,Daylight
2020-03-05T13:21:00.000,I 20,,,Rear End,2,Rain,Wet,Daylight
2020-09-15T06:22:00.000,I 20,,,Not a Collision with Motor Vehicle,1,Clear,Dry,Dark-Lighted
2020-02-21T18:16:00.000,I 85,,,Rear End,2,Clear,Dry,Dusk
2020-01-02T11:30:00.000,I 20,,,Rear End,2,Rain,Wet,Daylight
2020-09-12T16:00:00.000,I 20,,,Not a Collision with Motor Vehicle,1,Rain,Wet,Daylight
2020-08-25T16:21:00.000,I 285,,,Rear End,2,Cloudy,Wet,Daylight
2020-02-21T06:34:00.000,I 75,,,Rear End,2,Clear,Dry,Dark-Not Lighted
2020-10-18T14:00:00.000,I 285,,,Rear End,2,Clear,Dry,Daylight
2020-10-01T20:40:00.000,I 75,,,Not a Collision with Motor Vehicle,2,Clear,Dry,Dark-Not Lighted
2020-08-03T15:00:00.000,I 75,,,Rear End,2,Cloudy,Wet,Daylight
2020-07-28T14:37:00.000,I 285,,,Rear End,2,Cloudy,Dry,Daylight
2020-11-03T06:00:00.000,I 20,,,Rear End,2,Clear,Dry,Dark-Not Lighted
2020-03-25T19:00:00.000,I 75,,,Sideswipe-Same Direction,2,Clear,Dry,Daylight
2020-01-12T00:58:00.000,I 20,,,Not a Collision with Motor Vehicle,1,Rain,Wet,Dark-Not Lighted
2020-07-17T16:17:00.000,I 95,,,Angle Crash,2,Clear,Dry,Daylight
2020-10-09T17:00:00.000,I 285,,,Rear End,2,Cloudy,Wet,Daylight