Date and Time,Roadway (From Crash Report),Intersection Name (from Crash Report),KABCO Severity,Manner of Collision (Crash Level) ,# of Vehicles per crash ,Weather Conditions (Crash Level),Surface Condition (Crash Level) ,Light Conditions (Crash Level)
2020-02-10T16:45:00.000,I 285,,,Rear End,2,Rain,Wet,Daylight
2020-08-13T07:10:00.000,I 20,,,Sideswipe-Same Direction,2,Clear,Dry,Daylight
2020-03-23T13:43:00.000,I 285,,,Rear End,5,Rain,Wet,Daylight
2020-07-18T23:45:00.000,I 85,,,Not a Collision with Motor Vehicle,1,Rain,Wet,Dark-Not Lighted
2020-01-24T13:03:00.000,I 95,,,Sideswipe-Same Direction,2,Cloudy,Dry,Daylight
2020-02-03T16:27:00.000,I 75,,,Sideswipe-Same Direction,2,Clear,Dry,Daylight
2020-03-05T15:45:00.000,I 75,,,Rear End,2,Rain,Wet,Daylight
2020-04-19T18:31:00.000,I 16,,,(None),1,(None),(None),(None)
2020-10-27T18:00:00.000,I 75,,,Rear End,2,Clear,Dry,Daylight
2020-06-12T07:28:00.000,I 95,,,Not a Collision with Motor Vehicle,1,Clear,Dry,Daylight
2020-02-18T18:00:00.000,I 75,,,Rear End,4,Rain,Wet,Daylight
2020-11-05T12:31:00.000,I 75,,,Sideswipe-Same Direction,2,Clear,Dry,Daylight
2020-02-24T06:54:00.000,I 75,,,Sideswipe-Same Direction,2,Rain,Wet,Daylight
2020-01-10T15:35:00.000,I 75,,,Sideswipe-Same Direction,2,Cloudy,Dry,Daylight
2020-04-01T15:19:00.000,I 75,,,Sideswipe-Same Direction,2,Clear,Dry,Daylight
2020-06-30T06:40:00.000,I 20,,,Rear End,2,Clear,Dry,Dawn
2020-05-28T14:30:00.000,I 285,,,Rear End,2,Cloudy,Dry,Daylight
2020-01-27T07:02:00.000,I 75,,,Sideswipe-Same Direction,2,Clear,Wet,Dark-Not Lighted
2020-10-06T11:20:00.000,I 20,,,Rear End,2,Clear,Dry,Daylight
2020-10-16T11:34:00.000,I 75,,,Rear End,2,Clear,Dry,Daylight
2020-07-23T11:26:00.000,I 75,,,Not a Collision with Motor Vehicle,1,Clear,Dry,Daylight
2020-12-10T20:37:00.000,I 285,,,Rear End,2,Clear,Dry,Dark-Lighted
2020-07-06T16:00:00.000,I 85,,,Rear End,2,Rain,Wet,Daylight
2020-07-07T18:30:00.000,I 20,,,Not a Collision with Motor Vehicle,1,Rain,Wet,Daylight
2020-08-12T17:36:00.000,I 75,,,Not a Collision with Motor Vehicle,1,Rain,Wet,Daylight
2020-08-31T16:18:00.000,I 285,,,Not a Collision with Motor Vehicle,1,Rain,Wet,Daylight
2020-09-11T16:30:00.000,I 95,,,Not a Collision with Motor Vehicle,1,Rain,Wet,Daylight
2020-06-19T13:43:00.000,I 285,,,Rear End,3,Clear,Dry,Daylight
2020-09-28T04:08:00.000,I 85,,,Sideswipe-Same Direction,2,Cloudy,Dry,Daylight
2020-12-30T00:00:00.000,I 285,,,Sideswipe-Same Direction,2,Cloudy,Dry,Daylight
2020-04-09T17:14:00.000,I 20,,,Sideswipe-Same Direction,2,Clear,Dry,Daylight
2020-02-20T10:42:00.000,I 75,,,Not a Collision with Motor Vehicle,1,Rain,Wet,Daylight
2020-05-01T16:40:00.000,I 75,,,Sideswipe-Same Direction,4,Clear,Dry,Daylight
2020-02-29T18:46:00.000,I 16,,,Angle Crash,2,Clear,Dry,Dark-Not Lighted
2020-06-15T19:33:00.000,I 285,,,Not a Collision with Motor Vehicle,1,Clear,Dry,Daylight
2020-12-23T14:30:00.000,I 285,,,Rear End,2,Clear,Dry,Daylight
2020-03-10T07:28:00.000,I 20,,,Rear End,2,Rain,Wet,Dawn
2020-05-01T14:25:00.000,I 285,,,Sideswipe-Same Direction,3,Clear,Dry,Daylight
2020-08-25T15:01:00.000,I 85,,,Sideswipe-Same Direction,2,Rain,Wet,Daylight
2020-08-05T09:44:00.000,I 85,,,Sideswipe-Same Direction,2,Clear,Dry,Daylight
2020-08-21T11:59:00.000,I 85,,,Rear End,2,Cloudy,Wet,Daylight
2020-02-20T13:30:00.000,I 20,,,Angle Crash,2,Clear,Wet,Daylight
2020-12-24T02:50:00.000,I 20,,,Not a Collision with Motor Vehicle,1,Rain,Dry,Dark-Not Lighted
2020-03-12T15:00:00.000,I 75,,,Angle Crash,2,Cloudy,Dry,Daylight
2020-12-04T08:03:00.000,I 75,,,Rear End,2,Rain,Wet,Daylight
2020-03-28T18:45:00.000,I 16,,,Not a Collision with Motor Vehicle,1,Clear,Dry,Daylight
2020-01-14T17:44:00.000,I 285,,,Rear End,2,Rain,Wet,Dark-Not Lighted
2020-09-17T00:00:00.000,I 285,,,Not a Collision with Motor Vehicle,1,Rain,Wet,Dark-Not Lighted
2020-02-21T16:25:00.000,I 285,,,Rear End,2,Cloudy,Dry,Daylight
2020-05-01T18:22:00.000,I 285,,,Sideswipe-Same Direction,2,Clear,Dry,Daylight
2020-10-30T07:43:00.000,I 75,,,Sideswipe-Same Direction,2,Cloudy,Dry,Daylight
2020-07-05T13:04:00.000,I 85,,,Sideswipe-Same Direction,2,Cloudy,Dry,Daylight
2020-11-02T08:40:00.000,I 75,,,Sideswipe-Same Direction,2,Clear,Dry,Daylight
2020-07-16T10:30:00.000,I 20,,,Rear End,2,Clear,Dry,Daylight
2020-01-14T19:06:00.000,I 85,,,Rear End,2,Rain,Dry,Dark-Not Lighted
2020-07-06T18:45:00.000,I 16,,,Rear End,2,Rain,Wet,Daylight
2020-12-24T10:21:00.000,I 75,,,Not a Collision with Motor Vehicle,1,Rain,Wet,Daylight
2020-03-09T07:45:00.000,I 285,,,Rear End,2,Clear,Dry,Dark-Not Lighted
2020-11-06T15:35:00.000,I 75,,,Sideswipe-Same Direction,2,Clear,Dry,Daylight
2020-08-04T16:00:00.000,I 285,,,Rear End,2,Cloudy,Dry,Daylight
2020-06-04T09:00:00.000,I 75,,,Rear End,2,Cloudy,Dry,Daylight
2020-08-10T13:00:00.000,I 20,,,Rear End,2,Clear,Dry,Daylight
2020-11-09T13:54:00.000,I 85,,,Sideswipe-Same Direction,2,Cloudy,Dry,Daylight
2020-11-06T18:37:00.000,I 75,,,Rear End,2,Clear,Dry,Dark-Not Lighted
2020-01-16T09:24:00.000,I 75,,,Rear End,2,Clear,Dry,Daylight
2020-09-25T18:30:00.000,I 285,,,Angle Crash,2,Clear,Dry,Daylight
2020-02-10T07:44:00.000,I 85,,,Sideswipe-Same Direction,2,Clear,Dry,Daylight
2020-01-24T19:13:00.000,I 85,,,Rear End,2,Cloudy,Wet,Dark-Lighted
2020-11-28T20:00:00.000,I 75,,,Rear End,2,Clear,Dry,Dark-Not Lighted
2020-10-29T23:00:00.000,I 20,,,Not a Collision with Motor Vehicle,1,Cloudy,Dry,Dark-Not Lighted
2020-03-23T09:45:00.000,I 75,,,Not a Collision with Motor Vehicle,1,Rain,Wet,Daylight
2020-11-05T15:15:00.000,I 75,,,Rear End,2,Cloudy,Dry,Daylight
2020-01-03T11:45:00.000,I 75,,,Not a Collision with Motor Vehicle,1,Rain,Wet,Daylight
2020-02-26T08:22:00.000,I 285,,,Rear End,3,Clear,Dry,Daylight
2020-09-04T15:12:00.000,I 16,,,Rear End,2,Clear,Dry,Daylight
2020-04-27T12:33:00.000,I 285,,,Sideswipe-Same Direction,2,Clear,Dry,Daylight
2020-05-12T12:00:00.000,I 285,,,Not a Collision with Motor Vehicle,2,Clear,Dry,Daylight
2020-05-27T16:15:00.000,I 75,,,Rear End,3,Rain,Wet,Daylight
2020-08-27T18:58:00.000,I 20,,,Angle Crash,2,Cloudy,Dry,Daylight
2020-02-18T16:50:00.000,I 285,,,Sideswipe-Same Direction,2,Rain,Wet,Daylight
2020-12-12T14:36:00.000,I 285,,,Sideswipe-Same Direction,2,Cloudy,Dry,Daylight
2020-08-03T07:41:00.000,I 285,,,Rear End,2,Clear,Dry,Daylight
2020-09-01T10:26:00.000,I 20,,,Rear End,2,Clear,Dry,Daylight
2020-08-11T18:15:00.000,I 85,,,Not a Collision with Motor Vehicle,1,Clear,Dry,Daylight
2020-01-12T14:42:00.000,I 16,,,Not a Collision with Motor Vehicle,1,(None),(None),(None)
2020-04-19T17:27:00.000,I 75,,,Not a Collision with Motor Vehicle,2,Cloudy,Wet,Daylight
2020-11-06T18:33:00.000,I 75,,,Rear End,3,Clear,Dry,Dark-Not Lighted
2020-09-21T21:30:00.000,I 75,,,Sideswipe-Same Direction,2,Clear,Dry,Dark-Lighted
2020-12-08T08:14:00.000,I 85,,,Angle Crash,2,Clear,Dry,Daylight
2020-12-23T11:30:00.000,I 75,,,Sideswipe-Same Direction,2,Clear,Dry,Daylight
2020-08-10T12:57:00.000,I 75,,,Sideswipe-Same Direction,2,Clear,Dry,Daylight
2020-10-11T11:00:00.000,I 285,,,Not a Collision with Motor Vehicle,1,Rain,Wet,Daylight
2020-01-13T09:10:00.000,I 75,,,Head On,2,Rain,Wet,Daylight
2020-07-10T22:50:00.000,I 285,,,Not a Collision with Motor Vehicle,2,Clear,Dry,Dark-Not Lighted
2020-02-04T06:57:00.000,I 85,,,Rear End,2,Cloudy,Dry,Daylight
2020-12-22T22:40:00.000,I 285,,,Rear End,3,Clear,Dry,Dark-Lighted
2020-02-07T21:50:00.000,I 85,,,Sideswipe-Same Direction,2,Clear,Dry,Dark-Not Lighted
2020-02-18T18:00:00.000,I 75,,,Rear End,2,Rain,Wet,Dark-Not Lighted
2020-01-07T07:22:00.000,I 75,,,Not a Collision with Motor Vehicle,1,Cloudy,Wet,Dawn
2020-06-24T13:31:00.000,I 85,,,Sideswipe-Same Direction,2,Cloudy,Dry,Daylight
2020-05-15T18:31:00.000,I 75,,,Rear End,2,Clear,Dry,Daylight
2020-03-06T07:42:00.000,I 20,,,Rear End,5,Clear,Dry,Daylight
2020-11-23T16:05:00.000,I 75,,,Rear End,2,Clear,Dry,Daylight
2020-08-21T08:17:00.000,I 75,,,Sideswipe-Same Direction,2,Cloudy,Dry,Daylight
2020-07-31T08:36:00.000,I 75,,,Not a Collision with Motor Vehicle,2,Cloudy,Dry,Daylight
2020-05-29T10:20:00.000,I 20,,,Not a Collision with Motor Vehicle,1,Rain,Wet,Daylight
2020-02-13T18:49:00.000,I 75,,,Sideswipe-Same Direction,2,Cloudy,Dry,Dark-Not Lighted
2020-02-06T13:45:00.000,I 285,,,Not a Collision with Motor Vehicle,1,Rain,Wet,Daylight
2020-02-19T00:00:00.000,I 285,,,Rear End,2,Cloudy,Wet,Daylight
2020-08-15T19:25:00.000,I 16,,,Not a Collision with Motor Vehicle,1,Rain,Wet,Daylight
2020-09-03T13:16:00.000,I 285,,,Sideswipe-Same Direction,2,Clear,Dry,Daylight
2020-08-31T16:12:00.000,I 285,,,Not a Collision with Motor Vehicle,1,Rain,Wet,Daylight
2020-02-06T11:42:00.000,I 285,,,Not a Collision with Motor Vehicle,1,Rain,Wet,Daylight
2020-07-28T07:56:00.000,I 285,,,Not a Collision with Motor Vehicle,2,Clear,Dry,Daylight
2020-06-23T12:00:00.000,I 285,,,Sideswipe-Same Direction,2,Clear,Dry,Daylight
2020-03-11T08:40:00.000,I 75,,,Sideswipe-Same Direction,2,Cloudy,Dry,Daylight
2020-07-27T08:00:00.000,I 75,,,Not a Collision with Motor Vehicle,2,Clear,Dry,Daylight
2020-07-24T18:05:00.000,I 75,,,Sideswipe-Same Direction,2,Cloudy,Dry,Daylight
2020-02-12T15:12:00.000,I 16,,,Not a Collision with Motor Vehicle,1,Clear,Dry,Daylight
2020-02-13T10:00:00.000,I 75,,,Rear End,2,Rain,Wet,Daylight
2020-06-12T11:41:00.000,I 75,,,Sideswipe-Same Direction,2,Clear,Dry,Daylight
2020-12-11T20:00:00.000,I 75,,,Sideswipe-Same Direction,1,Clear,Dry,Dark-Not Lighted
2020-10-12T12:23:00.000,I 85,,,Sideswipe-Same Direction,2,Clear,Dry,Daylight
2020-02-16T23:30:00.000,I 285,,,Rear End,2,Clear,Dry,Dark-Not Lighted
2020-10-16T18:30:00.000,I 75,,,Sideswipe-Same Direction,2,Clear,Dry,Daylight
2020-06-25T12:00:00.000,I 20,,,Rear End,2,Cloudy,Dry,Daylight
2020-01-27T09:58:00.000,I 75,,,Rear End,2,Clear,Dry,Daylight
2020-12-24T08:00:00.000,I 285,,,Not a Collision with Motor Vehicle,1,Rain,Wet,Daylight
2020-01-13T06:50:00.000,I 75,,,Not a Collision with Motor Vehicle,1,Rain,Wet,Dark-Not Lighted
2020-07-20T17:20:00.000,I 75,,,Rear End,2,Cloudy,Dry,Daylight
2020-06-30T06:40:00.000,I 20,,,Rear End,2,Clear,Dry,Dawn
2020-04-20T08:48:00.000,I 285,,,Not a Collision with Motor Vehicle,1,Cloudy,Wet,Daylight
2020-01-01T02:00:00.000,I 75,,,Rear End,2,Clear,Dry,Dark-Not Lighted
2020-09-03T14:48:00.000,I 75,,,Rear End,2,Clear,Dry,Daylight
2020-02-20T21:00:00.000,I 20,,,Not a Collision with Motor Vehicle,1,Clear,Dry,Dark-Lighted
2020-09-10T00:00:00.000,I 285,,,Rear End,2,Clear,Dry,Dark-Not Lighted
2020-12-16T16:12:00.000,I 20,,,Not a Collision with Motor Vehicle,1,Rain,Water (standing or moving),Daylight
2020-09-07T23:15:00.000,I 75,,,Angle Crash,2,Clear,Dry,Dark-Not Lighted
2020-08-10T16:15:00.000,I 285,,,Sideswipe-Same Direction,2,Cloudy,Dry,Daylight
2020-09-15T17:23:00.000,I 85,,,Sideswipe-Same Direction,2,Clear,Dry,Daylight
2020-02-25T06:58:00.000,I 75,,,Rear End,2,Cloudy,Dry,Daylight
2020-10-10T19:10:00.000,I 85,,,Not a Collision with Motor Vehicle,1,Rain,Wet,Dark-Not Lighted
2020-03-17T05:43:00.000,I 20,,,Rear End,1,Cloudy,Wet,Dark-Not Lighted
2020-07-23T15:32:00.000,I 95,,,Not a Collision with Motor Vehicle,1,Clear,Dry,Daylight
2020-03-05T18:00:00.000,I 75,,,Rear End,2,Cloudy,Wet,Dark-Not Lighted
2020-10-24T20:53:00.000,I 20,,,Not a Collision with Motor Vehicle,1,Rain,Wet,Dark-Not Lighted
2020-12-28T16:55:00.000,I 75,,,Rear End,2,Clear,Dry,Daylight
2020-09-11T06:15:00.000,I 85,,,Sideswipe-Same Direction,2,Clear,Dry,Dark-Lighted
2020-01-14T19:02:00.000,I 85,,,Rear End,2,Rain,Wet,Dark-Not Lighted
2020-10-24T16:28:00.000,I 20,,,Rear End,4,Cloudy,Wet,Daylight
2020-03-18T00:00:00.000,I 285,,,Rear End,2,Clear,Dry,Daylight
2020-02-05T21:25:00.000,I 20,,,Angle Crash,2,Rain,Wet,Dark-Not Lighted
2020-07-06T22:30:00.000,I 85,,,Sideswipe-Same Direction,2,Rain,Wet,Dark-Lighted
2020-06-12T23:16:00.000,I 85,,,Not a Collision with Motor Vehicle,1,Clear,Dry,Dark-Not Lighted
2020-09-28T13:03:00.000,I 285,,,Sideswipe-Same Direction,2,Clear,Dry,Daylight
2020-10-25T12:00:00.000,I 285,,,Sideswipe-Same Direction,2,Clear,Dry,Daylight
2020-01-16T01:28:00.000,I 85,,,Sideswipe-Same Direction,2,Clear,Dry,Dark-Not Lighted
2020-11-04T06:35:00.000,I 20,,,Rear End,3,Clear,Dry,Daylight
2020-01-23T15:30:00.000,I 285,,,Rear End,2,Clear,Wet,Daylight
2020-04-01T04:50:00.000,I 285,,,Not a Collision with Motor Vehicle,1,Clear,Dry,Dark-Not Lighted
2020-09-09T07:24:00.000,I 75,,,Not a Collision with Motor Vehicle,1,Clear,Dry,Daylight
2020-09-07T15:18:00.000,I 285,,,Rear End,2,Clear,Dry,Daylight
2020-01-02T16:30:00.000,I 75,,,Not a Collision with Motor Vehicle,1,Rain,Wet,Daylight
2020-02-27T07:00:00.000,I 75,,,Rear End,2,Clear,Dry,Dark-Not Lighted
2020-02-10T18:50:00.000,I 85,,,Not a Collision with Motor Vehicle,1,Rain,Wet,Dark-Not Lighted
2020-11-12T06:50:00.000,I-75,,,Not a Collision with Motor Vehicle,1,Rain,Water (standing or moving),Dawn
2020-05-18T14:50:00.000,I 75,,,Sideswipe-Same Direction,2,Cloudy,Dry,Daylight
2020-06-19T17:00:00.000,I 285,,,Sideswipe-Same Direction,2,Cloudy,Dry,Daylight
2020-02-21T16:52:00.000,I 75,,,Rear End,2,Clear,Dry,Daylight
2020-06-22T17:06:00.000,I 285,,,Rear End,2,Clear,Wet,Daylight
2020-05-08T11:50:00.000,I 285,,,Not a Collision with Motor Vehicle,2,Clear,Dry,Daylight
2020-07-23T13:30:00.000,I 20,,,Sideswipe-Same Direction,2,Clear,Dry,Daylight
2020-08-14T23:55:00.000,I 20,,,Not a Collision with Motor Vehicle,1,Clear,Dry,Dark-Not Lighted
2020-09-08T10:37:00.000,I 285,,,Rear End,2,Clear,Dry,Daylight
2020-07-16T14:58:00.000,I 285,,,Sideswipe-Same Direction,2,Cloudy,Dry,Daylight
2020-08-27T18:48:00.000,I 20,,,Rear End,2,Clear,Dry,Daylight
2020-01-03T14:45:00.000,I 75,,,Sideswipe-Same Direction,1,Rain,Wet,Daylight
2020-01-30T06:51:00.000,I 75,,,Sideswipe-Same Direction,2,Clear,Dry,Dark-Not Lighted
2020-01-14T16:05:00.000,I 285,,,Rear End,3,Rain,Wet,Daylight
2020-02-21T09:45:00.000,I 20,,,Sideswipe-Same Direction,2,Clear,Dry,Daylight
2020-03-02T05:00:00.000,I 95,,,Rear End,2,Clear,Dry,Dawn
2020-01-03T11:03:00.000,I 285,,,Not a Collision with Motor Vehicle,1,Rain,Wet,Daylight
2020-08-10T11:55:00.000,I 285,,,Rear End,2,Clear,Dry,Daylight
2020-10-29T07:50:00.000,I 285,,,Sideswipe-Same Direction,2,Cloudy,Wet,Daylight
2020-11-14T01:50:00.000,I 75,,,Angle Crash,2,Clear,Dry,Daylight
2020-01-30T08:00:00.000,I 75,,,Rear End,2,Clear,Dry,Daylight
2020-01-01T19:08:00.000,I 20,,,Not a Collision with Motor Vehicle,1,Clear,Dry,Dark-Not Lighted
2020-01-14T13:10:00.000,I 20,,,Sideswipe-Same Direction,2,Rain,Wet,Daylight
2020-05-23T12:00:00.000,I 16,,,Not a Collision with Motor Vehicle,1,Clear,Dry,Daylight
2020-02-14T12:38:00.000,I 75,,,Rear End,2,Clear,Dry,Daylight
2020-08-05T13:49:00.000,I 20,,,Rear End,2,Clear,Dry,Daylight
2020-03-11T09:24:00.000,I 20,,,Rear End,2,Clear,Dry,Daylight
2020-08-13T06:42:00.000,I 20,,,Rear End,3,Clear,Dry,Daylight
2020-09-20T16:15:00.000,I 16,,,Sideswipe-Same Direction,2,Clear,Dry,Daylight
2020-01-22T13:20:00.000,I 20,,,Sideswipe-Same Direction,2,Clear,Dry,Daylight
2020-10-23T13:45:00.000,I 85,,,Rear End,2,Clear,Dry,Daylight
2020-09-12T13:22:00.000,I 285,,,Rear End,5,Rain,Wet,Daylight
2020-08-07T19:11:00.000,I 75,,,Rear End,2,Clear,Dry,Daylight
2020-10-29T03:40:00.000,I 85,,,Not a Collision with Motor Vehicle,1,Rain,Water (standing or moving),Dark-Lighted
2020-11-24T17:05:00.000,I 85,,,Rear End,2,Clear,Dry,Dusk
2020-04-22T16:50:00.000,I 285,,,Rear End,3,Cloudy,Dry,Daylight
2020-04-30T22:45:00.000,I 20,,,Not a Collision with Motor Vehicle,2,Clear,Dry,Dark-Not Lighted
2020-01-13T09:54:00.000,I 75,,,Rear End,2,Rain,Wet,Daylight
2020-05-17T08:08:00.000,I 75,,,Not a Collision with Motor Vehicle,1,Clear,Dry,Daylight
2020-05-18T12:50:00.000,I 20,,,Not a Collision with Motor Vehicle,1,Rain,Wet,Daylight
2020-11-11T02:03:00.000,I 20,,,Angle Crash,1,Rain,Wet,Dark-Lighted
2020-08-14T18:08:00.000,I 20,,,(None),2,(None),(None),(None)
2020-04-24T05:54:00.000,I 75,,,Angle Crash,2,Clear,Dry,Dark-Lighted
2020-03-18T15:17:00.000,I 285,,,Rear End,2,Clear,Dry,Daylight
2020-01-17T17:40:00.000,I 75,,,Rear End,2,Clear,Dry,Dusk
2020-04-11T22:41:00.000,I 75,,,Rear End,2,Clear,Dry,Dark-Lighted
2020-03-03T16:37:00.000,I 75,,,Rear End,2,Cloudy,Dry,Daylight
2020-02-11T10:17:00.000,I 285,,,Rear End,2,Cloudy,Dry,Daylight
2020-07-08T15:35:00.000,I 20,,,Rear End,2,Cloudy,Dry,Daylight
2020-11-22T12:26:00.000,I 16,,,Not a Collision with Motor Vehicle,1,Clear,Dry,Daylight
2020-03-13T08:30:00.000,I 75,,,Sideswipe-Same Direction,2,Cloudy,Dry,Daylight
2020-10-26T19:10:00.000,I 20,,,Rear End,2,Clear,Dry,Dark-Not Lighted
2020-06-03T03:45:00.000,I 20,,,Sideswipe-Same Direction,2,Clear,Dry,Dark-Not Lighted
2020-07-30T08:25:00.000,I 285,,,Not a Collision with Motor Vehicle,1,Cloudy,Dry,Daylight
2020-06-26T19:35:00.000,I 75,,,Sideswipe-Same Direction,2,Clear,Dry,Daylight
2020-01-17T15:36:00.000,I 285,,,Rear End,2,Clear,Dry,Daylight
2020-07-23T08:38:00.000,I 85,,,Sideswipe-Same Direction,2,Clear,Dry,Daylight
2020-03-02T11:19:00.000,I 75,,,Sideswipe-Same Direction,2,Rain,Wet,Daylight
2020-12-04T12:11:00.000,I 20,,,Sideswipe-Same Direction,2,Rain,Wet,Daylight
2020-03-04T16:47:00.000,I 85,,,Not a Collision with Motor Vehicle,1,Cloudy,Wet,Daylight
2020-02-24T07:23:00.000,I 75,,,Rear End,3,Rain,Wet,Daylight
2020-02-06T18:14:00.000,I 75,,,Not a Collision with Motor Vehicle,1,Rain,Wet,Dark-Not Lighted
2020-11-05T12:30:00.000,I 75,,,Angle Crash,2,Clear,Dry,Daylight
2020-05-31T17:12:00.000,I 75,,,Sideswipe-Same Direction,2,Cloudy,Dry,Daylight
2020-06-22T19:18:00.000,I 285,,,Angle Crash,1,Rain,Wet,Daylight
2020-08-03T07:35:00.000,I 75,,,Rear End,2,Cloudy,Dry,Daylight
2020-11-01T01:15:00.000,I 285,,,Rear End,2,Cloudy,Wet,Dark-Not Lighted
2020-09-08T00:00:00.000,I 285,,,Not a Collision with Motor Vehicle,1,Clear,Dry,Daylight
2020-12-01T13:49:00.000,I 20,,,Rear End,2,Clear,Snow,Daylight
2020-02-20T11:19:00.000,I 16,,,Not a Collision with Motor Vehicle,1,Rain,Wet,Daylight
2020-10-26T02:10:00.000,I 75,,,Not a Collision with Motor Vehicle,1,Cloudy,Dry,Dark-Not Lighted
2020-05-09T02:37:00.000,I 20,,,Not a Collision with Motor Vehicle,1,Clear,Dry,Dark-Not Lighted
2020-12-08T06:45:00.000,I 75,,,Sideswipe-Same Direction,2,Clear,Dry,Dark-Not Lighted
2020-02-06T14:10:00.000,I 75,,,Rear End,2,Rain,Wet,Daylight
2020-07-17T17:30:00.000,I 285,,,Rear End,2,Clear,Dry,Daylight
2020-05-14T16:40:00.000,I 75,,,Not a Collision with Motor Vehicle,1,Cloudy,Dry,Daylight
2020-09-28T00:00:00.000,I 85,,,Sideswipe-Same Direction,2,Clear,Dry,Daylight
2020-03-05T15:50:00.000,I 285,,,Sideswipe-Same Direction,2,Rain,Wet,Daylight
2020-01-17T14:48:00.000,I 285,,,Sideswipe-Same Direction,2,Clear,Dry,Daylight
2020-12-01T17:04:00.000,I 285,,,Sideswipe-Same Direction,2,Clear,Dry,Daylight
2020-01-28T06:48:00.000,I 285,,,Rear End,3,Clear,Dry,Daylight
2020-09-20T23:20:00.000,I 85,,,Angle Crash,2,Clear,Dry,Dark-Lighted
2020-03-23T23:40:00.000,I 20,,,Angle Crash,2,Rain,Wet,Dark-Not Lighted
2020-03-10T09:57:00.000,I 75,,,Rear End,1,Rain,Wet,Daylight
2020-02-10T21:18:00.000,I 75,,,Not a Collision with Motor Vehicle,1,Rain,Wet,Dark-Not Lighted
2020-03-30T18:45:00.000,I 285,,,Not a Collision with Motor Vehicle,1,Cloudy,Dry,Daylight
2020-09-01T14:20:00.000,I 75,,,Rear End,2,Cloudy,Dry,Daylight
2020-08-25T10:30:00.000,I 85,,,Not a Collision with Motor Vehicle,1,Rain,Wet,Daylight
2020-02-06T16:43:00.000,I 75,,,Rear End,2,Rain,Wet,Daylight
2020-03-04T17:34:00.000,I 75,,,Rear End,2,Rain,Wet,Daylight
2020-06-15T17:06:00.000,I 85,,,Sideswipe-Same Direction,3,Rain,Wet,Daylight
2020-01-16T09:20:00.000,I 285,,,Sideswipe-Same Direction,2,Clear,Dry,Daylight
2020-03-04T00:00:00.000,I 285,,,Sideswipe-Same Direction,2,Rain,Wet,Daylight
2020-11-09T16:05:00.000,I 285,,,Sideswipe-Same Direction,2,Clear,Dry,Daylight
2020-01-17T08:01:00.000,I 20,,,Sideswipe-Same Direction,3,Cloudy,Dry,Daylight
2020-04-02T14:03:00.000,I 20,,,Rear End,2,Clear,Dry,Daylight
2020-12-20T01:10:00.000,I 20,,,Not a Collision with Motor Vehicle,1,Clear,Dry,Dark-Not Lighted
2020-11-20T00:12:00.000,I 285,,,Rear End,3,Clear,Dry,Dark-Lighted
2020-01-20T13:50:00.000,I 285,,,Sideswipe-Same Direction,2,Clear,Dry,Daylight
2020-07-16T10:00:00.000,I 75,,,Sideswipe-Same Direction,3,Cloudy,Dry,Daylight
2020-02-06T17:20:00.000,I 285,,,Rear End,2,Cloudy,Wet,Daylight
2020-12-05T18:06:00.000,I 20,,,Rear End,2,Clear,Dry,Dark-Not Lighted
2020-11-05T08:10:00.000,I 20,,,Rear End,2,Clear,Dry,Daylight
2020-03-05T18:50:00.000,I 285,,,Rear End,2,Cloudy,Dry,Dark-Not Lighted
2020-07-13T10:22:00.000,I 75,,,Not a Collision with Motor Vehicle,1,Cloudy,Dry,Daylight
2020-01-24T06:24:00.000,I 75,,,Rear End,2,Rain,Wet,Dark-Not Lighted
2020-08-22T14:37:00.000,I 285,,,Rear End,2,Clear,Dry,Daylight
2020-10-13T07:50:00.000,I 20,,,Not a Collision with Motor Vehicle,1,Clear,Dry,Dawn
2020-10-15T19:30:00.000,I 75,,,Sideswipe-Same Direction,2,Cloudy,Dry,Dark-Lighted
2020-03-07T19:03:00.000,I 85,,,Sideswipe-Same Direction,2,Clear,Dry,Dark-Lighted
2020-08-06T16:05:00.000,I 285,,,Rear End,3,Cloudy,Dry,Daylight
2020-01-09T13:30:00.000,I 285,,,Rear End,2,Clear,Dry,Daylight
2020-01-13T08:20:00.000,I 75,,,Not a Collision with Motor Vehicle,1,Rain,Wet,Dark-Not Lighted
2020-04-20T19:20:00.000,I 75,,,Angle Crash,2,Clear,Dry,Daylight
2020-04-21T17:25:00.000,I 16,,,Not a Collision with Motor Vehicle,1,Clear,Dry,Daylight
2020-03-13T17:30:00.000,I 285,,,Sideswipe-Same Direction,2,Cloudy,Dry,Daylight
2020-01-14T07:32:00.000,I 75,,,Rear End,2,Cloudy,Wet,Daylight
2020-04-29T14:08:00.000,I 285,,,Sideswipe-Same Direction,1,Rain,Wet,Daylight
2020-06-10T14:42:00.000,I 75,,,Not a Collision with Motor Vehicle,1,Cloudy,Dry,Daylight
2020-08-13T10:51:00.000,I 16,,,Sideswipe-Same Direction,2,Clear,Dry,Daylight
2020-01-22T08:38:00.000,I 75,,,Rear End,2,Clear,Dry,Daylight
2020-10-29T22:04:00.000,I 20,,,Head On,1,Clear,Dry,Dark-Not Lighted
2020-03-05T16:15:00.000,I 285,,,Rear End,2,Cloudy,Wet,Daylight
2020-01-31T06:37:00.000,I 85,,,Sideswipe-Same Direction,2,Cloudy,Dry,Dark-Not Lighted