Date and Time,Roadway (From Crash Report),Intersection Name (from Crash Report),KABCO Severity,Manner of Collision (Crash Level) ,# of Vehicles per crash ,Weather Conditions (Crash Level),Surface Condition (Crash Level) ,Light Conditions (Crash Level)
2020-06-12T10:26:00.000,I 75,,,Not a Collision with Motor Vehicle,1,Clear,Dry,Daylight
2020-07-20T00:30:00.000,I 20,,,Sideswipe-Same Direction,1,Clear,Dry,Dark-Not Lighted
2020-10-29T05:12:00.000,I 75,,,Not a Collision with Motor Vehicle,1,Rain,Wet,Dark-Not Lighted
2020-02-29T14:21:00.000,I 75,,,Sideswipe-Same Direction,2,Clear,Dry,Daylight
2020-02-24T09:25:00.000,I 75,,,Rear End,2,Rain,Wet,Daylight
2020-09-22T08:45:00.000,I 75,,,Sideswipe-Same Direction,2,Clear,Dry,Daylight
2020-09-24T06:30:00.000,I 20,,,Rear End,2,Cloudy,Dry,Dawn
2020-07-10T16:22:00.000,I 285,,,Rear End,3,Clear,Dry,Daylight
2020-04-10T18:00:00.000,I 75,,,Rear End,2,Clear,Dry,Daylight
2020-07-05T05:20:00.000,I 75,,,Sideswipe-Same Direction,2,Clear,Dry,Dark-Not Lighted
2020-07-03T12:20:00.000,I 75,,,Rear End,2,Clear,Dry,Daylight
2020-08-14T21:00:00.000,I 20,,,Rear End,2,Rain,Wet,Dark-Not Lighted
2020-05-17T14:59:00.000,I 75,,,Not a Collision with Motor Vehicle,1,Cloudy,Dry,Daylight
2020-06-26T19:43:00.000,I 85,,,Sideswipe-Same Direction,2,Clear,Dry,Daylight
2020-06-16T13:30:00.000,I 285,,,Rear End,2,Clear,Dry,Daylight
2020-01-28T08:06:00.000,I 75,,,Rear End,2,Clear,Dry,Daylight
2020-12-22T12:20:00.000,I 285,,,Rear End,3,Clear,Dry,Daylight
2020-07-19T19:02:00.000,I 85,,,Not a Collision with Motor Vehicle,1,Rain,Wet,Daylight
2020-10-16T13:30:00.000,I 75,,,Sideswipe-Same Direction,2,Clear,Dry,Daylight
2020-07-26T23:38:00.000,I 75,,,Sideswipe-Same Direction,2,Clear,Dry,Dark-Not Lighted
2020-01-06T10:11:00.000,I 285,,,Not a Collision with Motor Vehicle,1,Clear,Dry,Daylight
2020-06-19T07:24:00.000,I 85,,,Sideswipe-Same Direction,2,Clear,Dry,Daylight
2020-10-24T19:00:00.000,I 85,,,Sideswipe-Same Direction,2,Rain,Wet,Dark-Not Lighted
2020-01-23T08:00:00.000,I 85,,,Rear End,3,Cloudy,Dry,Daylight
2020-01-24T19:25:00.000,I 75,,,Rear End,2,Cloudy,Dry,Dark-Not Lighted
2020-07-09T12:20:00.000,I 75,,,Not a Collision with Motor Vehicle,2,Clear,Dry,Daylight
2020-08-04T17:25:00.000,I 285,,,Rear End,2,Clear,Dry,Daylight
2020-12-20T16:20:00.000,I 285,,,Sideswipe-Same Direction,2,Clear,Dry,Daylight
2020-10-15T18:50:00.000,I 285,,,Not a Collision with Motor Vehicle,1,Clear,Dry,Daylight
2020-02-07T08:48:00.000,I 285,,,Rear End,2,Clear,Wet,Daylight
2020-03-03T14:45:00.000,I 75,,,Rear End,2,Cloudy,Dry,Daylight
2020-01-22T19:00:00.000,I 75,,,Rear End,2,Cloudy,Dry,Dark-Not Lighted
2020-04-08T11:15:00.000,I 75,,,Not a Collision with Motor Vehicle,1,Cloudy,Dry,Daylight
2020-04-22T10:00:00.000,I 75,,,Not a Collision with Motor Vehicle,1,Clear,Dry,Daylight
2020-03-21T02:11:00.000,I 20,,,Not a Collision with Motor Vehicle,1,Rain,Wet,Dark-Not Lighted
2020-09-10T15:20:00.000,I 85,,,Not a Collision with Motor Vehicle,1,Cloudy,Dry,Daylight
2020-01-10T00:00:00.000,I 75,,,Sideswipe-Same Direction,3,Cloudy,Dry,Dark-Not Lighted
2020-02-04T06:02:00.000,I 20,,,Rear End,3,Cloudy,Dry,Daylight
2020-09-10T08:30:00.000,I 75,,,Rear End,3,Cloudy,Dry,Daylight
2020-03-23T16:05:00.000,I 75,,,Sideswipe-Same Direction,2,Rain,Wet,Daylight
2020-10-30T19:20:00.000,I 285,,,Rear End,2,Clear,Dry,Dark-Not Lighted
2020-10-11T14:55:00.000,I 16,,,Rear End,2,Rain,Wet,Daylight
2020-04-27T20:51:00.000,I 75,,,Sideswipe-Same Direction,2,Clear,Dry,Dark-Lighted
2020-01-24T16:05:00.000,I 75,,,Rear End,2,Cloudy,Dry,Daylight
2020-02-12T16:25:00.000,I 20,,,Sideswipe-Same Direction,2,Cloudy,Dry,Daylight
2020-06-16T11:14:00.000,I 85,,,Sideswipe-Same Direction,2,Clear,Dry,Daylight
2020-08-18T05:29:00.000,I 20,,,Rear End,2,Clear,Dry,Dark-Lighted
2020-10-09T23:00:00.000,I 85,,,Rear End,2,Rain,Wet,Dark-Lighted
2020-01-01T03:00:00.000,I 85,,,Rear End,2,Clear,Dry,Daylight
2020-09-15T18:20:00.000,I 285,,,Angle Crash,2,Cloudy,Dry,Daylight
2020-04-07T16:27:00.000,I 20,,,Not a Collision with Motor Vehicle,1,Rain,Wet,Daylight
2020-09-16T13:50:00.000,I 85,,,Sideswipe-Same Direction,2,Rain,Wet,Daylight
2020-05-05T20:54:00.000,I 16,,,Not a Collision with Motor Vehicle,2,Clear,Dry,Dark-Not Lighted
2020-03-27T11:54:00.000,I 75,,,Not a Collision with Motor Vehicle,2,Clear,Dry,Daylight
2020-11-17T11:22:00.000,I 75,,,Not a Collision with Motor Vehicle,2,Clear,Dry,Daylight
2020-08-15T00:00:00.000,I 20,,,Not a Collision with Motor Vehicle,1,Clear,Dry,Dark-Not Lighted
2020-01-14T19:42:00.000,I 75,,,Rear End,2,Cloudy,Wet,Dark-Not Lighted
2020-08-14T15:46:00.000,I 20,,,Rear End,3,Clear,Dry,Daylight
2020-01-06T07:46:00.000,I 85,,,Sideswipe-Same Direction,2,Clear,Dry,Daylight
2020-11-30T05:07:00.000,I 85,,,Sideswipe-Same Direction,2,Rain,Wet,Dark-Not Lighted
2020-09-17T11:01:00.000,I 20,,,Not a Collision with Motor Vehicle,1,Rain,Wet,Daylight
2020-07-13T19:26:00.000,I 75,,,Sideswipe-Same Direction,3,Clear,Dry,Daylight
2020-01-14T06:16:00.000,I 75,,,Not a Collision with Motor Vehicle,1,Cloudy,Wet,Dark-Not Lighted
2020-06-24T17:55:00.000,I 285,,,Sideswipe-Same Direction,2,Rain,Wet,Daylight
2020-11-11T16:18:00.000,I 16,,,(None),1,(None),(None),(None)
2020-03-27T17:45:00.000,I 285,,,Sideswipe-Same Direction,2,Cloudy,Dry,Daylight
2020-09-12T13:02:00.000,I 285,,,Rear End,6,Rain,Wet,Daylight
2020-11-24T08:56:00.000,I 85,,,Angle Crash,2,Clear,Dry,Daylight
2020-01-04T11:45:00.000,I 20,,,Not a Collision with Motor Vehicle,1,Rain,Wet,Daylight
2020-01-02T12:20:00.000,I 20,,,Not a Collision with Motor Vehicle,1,Rain,Wet,Daylight
2020-10-27T05:39:00.000,I 20,,,Sideswipe-Same Direction,2,Clear,Dry,Dark-Lighted
2020-01-21T21:48:00.000,I 20,,,Not a Collision with Motor Vehicle,1,Cloudy,Dry,Dark-Not Lighted
2020-03-15T10:15:00.000,I 20,,,Sideswipe-Same Direction,2,Clear,Dry,Daylight
2020-03-11T05:11:00.000,I 285,,,Rear End,3,Clear,Dry,Dark-Lighted
2020-02-13T22:10:00.000,I 285,,,Angle Crash,2,Clear,Dry,Dark-Lighted
2020-07-07T13:34:00.000,I 16,,,Not a Collision with Motor Vehicle,1,Clear,Dry,Daylight
2020-07-04T15:43:00.000,I 20,,,Rear End,2,Clear,Dry,Daylight
2020-03-20T10:41:00.000,I 285,,,Sideswipe-Same Direction,2,Clear,Dry,Daylight
2020-02-04T13:49:00.000,I 75,,,Angle Crash,2,Cloudy,Dry,Daylight
2020-05-09T21:32:00.000,I 85,,,Sideswipe-Same Direction,2,Cloudy,Dry,Dark-Not Lighted
2020-11-20T01:10:00.000,I 75,,,Rear End,2,Clear,Dry,Dark-Not Lighted
2020-07-27T11:59:00.000,I 75,,,Not a Collision with Motor Vehicle,4,Cloudy,Dry,Daylight
2020-08-21T19:51:00.000,I 75,,,Sideswipe-Same Direction,2,Clear,Dry,Daylight
2020-03-03T19:36:00.000,I 75,,,Sideswipe-Same Direction,2,Clear,Dry,Dark-Not Lighted
2020-12-04T16:48:00.000,I 75,,,Sideswipe-Same Direction,2,Rain,Wet,Dark-Lighted
2020-03-06T15:45:00.000,I 285,,,Sideswipe-Same Direction,2,Clear,Dry,Daylight
2020-07-21T17:00:00.000,I 85,,,Rear End,2,Rain,Wet,Daylight
2020-11-18T05:03:00.000,I 85,,,Rear End,2,Cloudy,Dry,Dark-Not Lighted
2020-06-21T01:00:00.000,I 285,,,Not a Collision with Motor Vehicle,1,Clear,Dry,Dark-Lighted
2020-08-14T18:41:00.000,I 20,,,Not a Collision with Motor Vehicle,2,Rain,Wet,Daylight
2020-03-23T07:20:00.000,I 85,,,Not a Collision with Motor Vehicle,1,Rain,Wet,Dusk
2020-02-21T08:00:00.000,I 20,,,Rear End,2,Clear,Dry,Daylight
2020-01-31T11:00:00.000,I 85,,,Sideswipe-Same Direction,2,Cloudy,Wet,Daylight
2020-05-08T10:25:00.000,I 20,,,Angle Crash,2,Cloudy,Dry,Daylight
2020-10-30T12:41:00.000,I 75,,,Rear End,2,Clear,Dry,Daylight
2020-07-25T16:17:00.000,I 20,,,Rear End,2,Cloudy,Dry,Daylight
2020-12-23T00:00:00.000,I 285,,,Rear End,2,Clear,Dry,Daylight
2020-11-08T13:00:00.000,I 75,,,Rear End,2,Clear,Dry,Daylight
2020-01-11T07:06:00.000,I 85,,,Not a Collision with Motor Vehicle,1,Cloudy,Dry,Dawn
2020-07-27T15:06:00.000,Sr 141,,,Angle Crash,2,Clear,Dry,Daylight
2020-05-12T12:10:00.000,I 20,,,Sideswipe-Same Direction,2,Clear,Dry,Daylight
2020-06-10T13:49:00.000,I 20,,,Not a Collision with Motor Vehicle,1,Rain,Wet,Daylight
2020-07-30T09:27:00.000,I 75,,,Sideswipe-Same Direction,2,Cloudy,Dry,Daylight
2020-07-04T21:43:00.000,I 75,,,Not a Collision with Motor Vehicle,1,Clear,Dry,Dark-Not Lighted
2020-11-05T14:22:00.000,I 75,,,Rear End,2,Clear,Dry,Daylight
2020-03-12T07:07:00.000,I 75,,,Rear End,3,Cloudy,Wet,Dark-Not Lighted
2020-07-26T07:50:00.000,I 85,,,Sideswipe-Same Direction,2,Clear,Dry,Daylight
2020-09-29T10:53:00.000,I 85,,,Angle Crash,2,Rain,Wet,Daylight
2020-05-05T17:13:00.000,I 85,,,Rear End,3,Cloudy,Dry,Daylight
2020-02-24T20:08:00.000,I 285,,,Angle Crash,3,Rain,Wet,Dark-Not Lighted
2020-01-23T12:15:00.000,I 75,,,Rear End,2,Rain,Wet,Daylight
2020-12-06T22:38:00.000,I 85,,,Sideswipe-Same Direction,2,Rain,Dry,Dark-Lighted
2020-07-21T15:50:00.000,I 285,,,Rear End,2,Cloudy,Dry,Daylight
2020-02-06T17:46:00.000,I 285,,,Rear End,2,Rain,Wet,Daylight
2020-12-18T19:44:00.000,I 75,,,Sideswipe-Same Direction,2,Clear,Dry,Dark-Not Lighted
2020-06-20T00:00:00.000,I 285,,,Sideswipe-Same Direction,2,Clear,Dry,Daylight
2020-08-04T00:40:00.000,Sr 141,,,Sideswipe-Same Direction,2,Clear,Dry,Dark-Not Lighted
2020-11-09T14:10:00.000,I 85,,,Rear End,2,Clear,Dry,Daylight
2020-01-20T20:35:00.000,I 85,,,Sideswipe-Same Direction,2,Clear,Dry,Dark-Not Lighted
2020-10-25T20:18:00.000,I 285,,,Rear End,2,Cloudy,Dry,Dark-Not Lighted
2020-07-19T11:16:00.000,I 85,,,Angle Crash,2,Clear,Dry,Daylight
2020-03-27T15:35:00.000,I 75,,,Not a Collision with Motor Vehicle,1,Clear,Dry,Daylight
2020-08-20T19:29:00.000,I 75,,,Rear End,2,Rain,Wet,Daylight
2020-01-19T00:00:00.000,I 285,,,Rear End,2,Clear,Wet,Dark-Not Lighted
2020-01-06T14:40:00.000,I 285,,,Sideswipe-Same Direction,2,Clear,Dry,Daylight
2020-02-19T15:00:00.000,I 20,,,Rear End,2,Clear,Dry,Daylight
2020-09-24T17:18:00.000,I 75,,,Rear End,3,Rain,Wet,Daylight
2020-03-02T16:04:00.000,I 285,,,Rear End,2,Rain,Wet,Daylight
2020-12-26T14:03:00.000,I 285,,,Rear End,2,Clear,Dry,Daylight
2020-04-06T16:43:00.000,I 20,,,Rear End,2,Clear,Dry,Daylight
2020-10-01T11:30:00.000,I 285,,,Rear End,3,Clear,Dry,Daylight
2020-09-09T22:09:00.000,I 20,,,Rear End,2,Clear,Dry,Dark-Not Lighted
2020-02-18T10:12:00.000,I 20,,,Rear End,2,Rain,Wet,Daylight
2020-03-16T13:43:00.000,I 75,,,Sideswipe-Same Direction,2,Cloudy,Dry,Daylight
2020-03-04T04:15:00.000,I 20,,,(None),2,(None),(None),(None)
2020-09-04T14:06:00.000,I 20,,,Rear End,3,Clear,Dry,Daylight
2020-03-11T05:11:00.000,I 285,,,Rear End,3,Clear,Dry,Dark-Not Lighted
2020-10-15T08:25:00.000,I 20,,,Rear End,3,Clear,Dry,Daylight
2020-11-29T21:48:00.000,I 285,,,Angle Crash,2,Rain,Wet,Dark-Lighted
2020-01-02T10:30:00.000,I 75,,,Not a Collision with Motor Vehicle,1,Rain,Wet,Daylight
2020-01-03T13:45:00.000,I 75,,,Rear End,2,Rain,Wet,Daylight
2020-03-25T16:10:00.000,I 285,,,Angle Crash,2,Clear,Dry,Daylight
2020-09-21T13:21:00.000,I 285,,,Sideswipe-Same Direction,2,Clear,Dry,Daylight
2020-09-11T08:00:00.000,I 75,,,Not a Collision with Motor Vehicle,1,Cloudy,Dry,Daylight
2020-11-21T09:30:00.000,I 75,,,Sideswipe-Same Direction,2,Clear,Dry,Daylight
2020-03-05T12:57:00.000,I 20,,,Not a Collision with Motor Vehicle,1,Rain,Wet,Daylight
2020-01-21T16:00:00.000,I 285,,,Rear End,3,Clear,Dry,Daylight
2020-06-23T10:06:00.000,I 85,,,Sideswipe-Same Direction,2,Clear,Dry,Daylight
2020-07-17T17:17:00.000,I 75,,,Rear End,2,Cloudy,Dry,Daylight
2020-11-23T09:55:00.000,I 75,,,Not a Collision with Motor Vehicle,1,Clear,Dry,Daylight
2020-03-05T00:50:00.000,I 20,,,Not a Collision with Motor Vehicle,1,Rain,Wet,Dark-Not Lighted
2020-07-31T20:30:00.000,I 285,,,Rear End,2,Cloudy,Dry,Dark-Not Lighted
2020-01-17T17:40:00.000,I 285,,,Angle Crash,2,Clear,Dry,Dark-Not Lighted
2020-08-24T22:37:00.000,I 75,,,Rear End,2,Rain,Wet,Dark-Not Lighted
2020-01-08T14:15:00.000,I 75,,,Not a Collision with Motor Vehicle,2,Clear,Dry,Daylight
2020-07-14T06:34:00.000,I 20,,,Not a Collision with Motor Vehicle,1,Clear,Dry,Daylight
2020-01-26T06:11:00.000,I 20,,,Rear End,3,Clear,Dry,Dark-Not Lighted
2020-02-14T08:49:00.000,I 285,,,Not a Collision with Motor Vehicle,1,Clear,Dry,Daylight
2020-11-19T14:34:00.000,I 85,,,Sideswipe-Same Direction,2,Clear,Dry,Daylight
2020-12-07T21:15:00.000,I 75,,,Not a Collision with Motor Vehicle,1,Clear,Dry,Dark-Lighted
2020-03-31T11:52:00.000,I 285,,,Not a Collision with Motor Vehicle,1,Rain,Wet,Daylight
2020-02-08T08:55:00.000,I 285,,,Sideswipe-Same Direction,2,Cloudy,Dry,Daylight
2020-07-10T22:50:00.000,I 20,,,Sideswipe-Same Direction,2,Clear,Dry,Dark-Not Lighted
2020-10-28T14:28:00.000,I 75,,,Not a Collision with Motor Vehicle,2,Clear,Dry,Daylight
2020-08-25T10:26:00.000,I 285,,,Not a Collision with Motor Vehicle,1,Rain,Wet,Daylight
2020-01-03T18:58:00.000,I 75,,,Rear End,2,Rain,Wet,Dark-Not Lighted
2020-08-28T12:50:00.000,I 75,,,Not a Collision with Motor Vehicle,1,Cloudy,Dry,Daylight
2020-08-12T16:12:00.000,I 75,,,Not a Collision with Motor Vehicle,2,Cloudy,Dry,Daylight
2020-10-03T17:20:00.000,I 20,,,Not a Collision with Motor Vehicle,3,Clear,Dry,Daylight
2020-12-16T16:00:00.000,I 285,,,Rear End,2,Cloudy,Wet,Daylight
2020-07-16T19:10:00.000,I 75,,,Sideswipe-Same Direction,2,Clear,Dry,Dusk
2020-08-18T00:40:00.000,I 285,,,Angle Crash,2,Clear,Dry,Dark-Not Lighted
2020-12-08T18:38:00.000,I 285,,,Rear End,2,Clear,Dry,Dark-Lighted
2020-09-04T15:12:00.000,I 75,,,Rear End,2,Clear,Dry,Daylight
2020-02-05T17:19:00.000,I 285,,,Sideswipe-Same Direction,2,Rain,Wet,Daylight
2020-06-10T17:25:00.000,I 75,,,Rear End,2,Cloudy,Wet,Daylight
2020-01-15T16:00:00.000,I 75,,,Sideswipe-Same Direction,2,Clear,Dry,Daylight
2020-01-31T16:38:00.000,I 85,,,Angle Crash,2,Other,Wet,Daylight
2020-06-11T14:15:00.000,I 285,,,Rear End,2,Clear,Dry,Daylight
2020-06-19T11:16:00.000,I 20,,,Rear End,2,Clear,Dry,Daylight
2020-07-09T19:35:00.000,I 75,,,Not a Collision with Motor Vehicle,1,Rain,Wet,Daylight
2020-07-02T16:25:00.000,I 20,,,Sideswipe-Same Direction,2,Clear,Dry,Daylight
2020-05-21T22:57:00.000,I 285,,,Sideswipe-Same Direction,2,Clear,Dry,Dark-Lighted
2020-10-01T17:27:00.000,I 16,,,Rear End,2,Clear,Dry,Daylight
2020-03-04T01:52:00.000,I 20,,,Sideswipe-Same Direction,2,Cloudy,Wet,Dark-Not Lighted
2020-03-26T08:16:00.000,I 75,,,Not a Collision with Motor Vehicle,1,Clear,Dry,Daylight
2020-10-07T08:50:00.000,I 20,,,Sideswipe-Same Direction,2,Clear,Dry,Daylight
2020-03-01T08:10:00.000,I 95,,,Sideswipe-Same Direction,2,Clear,Dry,Daylight
2020-02-02T10:48:00.000,I 285,,,Angle Crash,2,Clear,Dry,Daylight
2020-06-18T18:41:00.000,I 285,,,Rear End,2,Clear,Dry,Daylight
2020-03-13T15:48:00.000,I 285,,,Sideswipe-Same Direction,2,Clear,Dry,Daylight
2020-09-19T14:20:00.000,I 285,,,Rear End,2,Clear,Dry,Daylight
2020-04-14T18:54:00.000,I 75,,,Rear End,2,Clear,Dry,Daylight
2020-05-01T13:53:00.000,I 285,,,Not a Collision with Motor Vehicle,2,Clear,Dry,Daylight
2020-01-24T12:05:00.000,I 75,,,Rear End,2,Cloudy,Wet,Daylight
2020-01-03T09:26:00.000,I 75,,,Rear End,2,Rain,Wet,Daylight
2020-04-03T15:52:00.000,I 75,,,Rear End,2,Clear,Dry,Daylight
2020-10-09T18:45:00.000,I 75,,,Rear End,2,Rain,Wet,Dusk
2020-06-30T07:47:00.000,I 20,,,Rear End,2,Cloudy,Dry,Daylight
2020-02-18T12:03:00.000,I 75,,,Sideswipe-Same Direction,2,Rain,Wet,Daylight
2020-06-29T23:12:00.000,I 285,,,Rear End,2,Clear,Dry,Dark-Not Lighted
2020-12-11T16:15:00.000,I 285,,,Sideswipe-Same Direction,2,Clear,Dry,Daylight
2020-05-05T15:00:00.000,I 20,,,Not a Collision with Motor Vehicle,1,Clear,Dry,Daylight
2020-04-03T18:45:00.000,I 285,,,Sideswipe-Same Direction,2,Clear,Dry,Daylight
2020-06-08T17:12:00.000,I 285,,,Rear End,2,Cloudy,Dry,Daylight
2020-05-16T05:22:00.000,I 285,,,Not a Collision with Motor Vehicle,1,Clear,Dry,Dawn
2020-10-15T18:00:00.000,I 75,,,Sideswipe-Same Direction,2,Clear,Dry,Daylight
2020-01-16T11:15:00.000,I 20,,,Sideswipe-Same Direction,2,Clear,Dry,Daylight
2020-08-25T11:37:00.000,I 20,,,Not a Collision with Motor Vehicle,1,Rain,Wet,Daylight
2020-01-24T06:42:00.000,I 285,,,Sideswipe-Same Direction,2,Rain,Wet,Dark-Not Lighted
2020-08-17T19:21:00.000,I 20,,,Not a Collision with Motor Vehicle,1,Rain,Wet,Daylight
2020-09-22T10:11:00.000,I 20,,,Angle Crash,2,Clear,Dry,Daylight
2020-10-09T18:04:00.000,I 75,,,Sideswipe-Same Direction,2,Rain,Wet,Daylight
2020-06-30T10:34:00.000,I 75,,,Rear End,1,Clear,Dry,Daylight
2020-11-06T10:15:00.000,I 75,,,Angle Crash,2,Clear,Dry,Daylight
2020-07-27T11:43:00.000,I 75,,,Not a Collision with Motor Vehicle,1,Clear,Dry,Daylight
2020-06-04T09:00:00.000,I 75,,,Rear End,2,Cloudy,Dry,Daylight
2020-04-22T10:05:00.000,I 75,,,Not a Collision with Motor Vehicle,1,Clear,Dry,Daylight
2020-03-26T16:30:00.000,I 285,,,Rear End,2,Clear,Dry,Daylight
2020-12-17T18:40:00.000,I 20,,,Not a Collision with Motor Vehicle,1,Clear,Dry,Dark-Not Lighted
2020-12-31T23:35:00.000,I 20,,,Rear End,2,Clear,Dry,Dark-Lighted
2020-05-29T16:31:00.000,I 75,,,Rear End,2,Clear,Dry,Daylight
2020-01-03T12:55:00.000,I 85,,,Not a Collision with Motor Vehicle,2,Rain,Wet,Daylight
2020-04-30T19:25:00.000,I 75,,,Rear End,2,Clear,Dry,Daylight
2020-11-11T05:45:00.000,I 85,,,Sideswipe-Same Direction,2,Clear,Wet,Dark-Not Lighted
2020-08-25T09:27:00.000,I 85,,,Not a Collision with Motor Vehicle,1,Rain,Wet,Daylight
2020-06-02T09:48:00.000,I 285,,,Sideswipe-Same Direction,2,Clear,Dry,Daylight
2020-03-21T10:03:00.000,I 85,,,Not a Collision with Motor Vehicle,1,Clear,Dry,Daylight
2020-11-16T18:24:00.000,I 75,,,Angle Crash,2,Clear,Dry,Daylight
2020-01-13T09:28:00.000,I 285,,,Rear End,2,Rain,Wet,Daylight
2020-02-21T16:00:00.000,I 75,,,Rear End,2,Clear,Dry,Daylight
2020-11-22T06:45:00.000,I 85,,,Rear End,3,Clear,Dry,Daylight
2020-03-26T13:01:00.000,I 75,,,Not a Collision with Motor Vehicle,1,Clear,Dry,Daylight
2020-09-18T16:40:00.000,I 20,,,Sideswipe-Same Direction,2,Clear,Dry,Daylight
2020-10-01T17:05:00.000,I 20,,,Sideswipe-Same Direction,3,Clear,Dry,Daylight
2020-10-17T14:43:00.000,I 20,,,Not a Collision with Motor Vehicle,1,Clear,Dry,Daylight
2020-01-17T13:27:00.000,I 75,,,Sideswipe-Same Direction,2,Clear,Dry,Daylight
2020-03-01T17:22:00.000,I 20,,,Not a Collision with Motor Vehicle,2,Clear,Dry,Daylight
2020-09-02T14:55:00.000,I 20,,,Rear End,2,Clear,Dry,Daylight
2020-02-10T17:01:00.000,I 75,,,Rear End,2,Rain,Wet,Dark-Lighted
2020-09-18T18:16:00.000,I 20,,,Angle Crash,2,Clear,Dry,Daylight
2020-04-15T00:26:00.000,I 20,,,Not a Collision with Motor Vehicle,1,Clear,Dry,Dark-Not Lighted
2020-07-06T03:08:00.000,I 75,,,Sideswipe-Same Direction,2,Clear,Dry,Dark-Lighted
2020-09-14T19:00:00.000,I 85,,,Not a Collision with Motor Vehicle,1,Clear,Dry,Dark-Lighted
2020-04-29T15:29:00.000,I 285,,,Rear End,2,Rain,Wet,Daylight
2020-04-29T13:20:00.000,I 75,,,Angle Crash,3,Rain,Wet,Daylight
2020-10-27T00:00:00.000,I 285,,,Sideswipe-Opposite Direction,2,Cloudy,Dry,Dark-Not Lighted
2020-07-09T17:00:00.000,I 20,,,Angle Crash,1,Clear,Dry,Daylight
2020-05-02T19:34:00.000,I 285,,,Not a Collision with Motor Vehicle,2,Clear,Dry,Daylight
2020-06-19T14:57:00.000,I 285,,,Not a Collision with Motor Vehicle,2,Clear,Dry,Daylight
2020-11-22T18:34:00.000,I 95,,,Not a Collision with Motor Vehicle,1,Clear,Dry,Dark-Lighted
2020-02-06T10:00:00.000,I 285,,,Sideswipe-Same Direction,2,Rain,Wet,Daylight
2020-08-25T16:20:00.000,I 85,,,Sideswipe-Same Direction,2,Cloudy,Wet,Daylight
2020-06-11T11:40:00.000,I 285,,,Sideswipe-Same Direction,2,Clear,Dry,Daylight
2020-04-21T12:00:00.000,I 285,,,Not a Collision with Motor Vehicle,2,Clear,Dry,Daylight
2020-03-27T05:22:00.000,I 20,,,Not a Collision with Motor Vehicle,1,Clear,Dry,Dark-Not Lighted
2020-02-28T07:39:00.000,I 285,,,Not a Collision with Motor Vehicle,1,Clear,Dry,Daylight
2020-01-07T07:39:00.000,I 75,,,Rear End,2,Clear,Wet,Daylight
2020-08-09T03:34:00.000,I 85,,,Head On,2,Cloudy,Dry,Dark-Lighted
2020-10-06T17:29:00.000,I 75,,,Not a Collision with Motor Vehicle,2,Cloudy,Dry,Daylight
2020-01-03T08:40:00.000,I 285,,,Rear End,2,Rain,Wet,Daylight
2020-02-29T15:14:00.000,I 20,,,Rear End,2,Clear,Dry,Daylight
2020-03-26T20:37:00.000,I 20,,,Not a Collision with Motor Vehicle,1,Clear,Dry,Dark-Not Lighted
2020-08-12T17:50:00.000,I 285,,,Sideswipe-Same Direction,2,Cloudy,Dry,Daylight
2020-12-16T16:37:00.000,I 285,,,Rear End,2,Cloudy,Wet,Daylight
2020-05-15T13:35:00.000,I 285,,,Rear End,3,Clear,Dry,Daylight
2020-10-01T15:00:00.000,I 285,,,Not a Collision with Motor Vehicle,2,Clear,Dry,Daylight
2020-03-04T11:44:00.000,I 285,,,Rear End,2,Rain,Wet,Daylight
2020-09-14T16:00:00.000,I 20,,,Rear End,3,Clear,Dry,Daylight
2020-08-30T01:45:00.000,I 285,,,Sideswipe-Same Direction,2,Clear,Dry,Dark-Lighted
2020-02-26T12:20:00.000,I 85,,,Rear End,2,Cloudy,Dry,Daylight
2020-09-24T16:10:00.000,I 16,,,Rear End,3,Rain,Wet,Daylight
2020-01-24T07:35:00.000,I 75,,,Sideswipe-Same Direction,2,Rain,Wet,Daylight
2020-07-19T21:00:00.000,I 285,,,Rear End,2,Clear,Dry,Dark-Not Lighted
2020-07-10T14:00:00.000,I 285,,,Sideswipe-Same Direction,2,Clear,Dry,Daylight
2020-12-28T03:35:00.000,I 85,,,Rear End,2,Clear,Dry,Dark-Lighted
2020-07-16T01:08:00.000,I 285,,,Not a Collision with Motor Vehicle,1,Clear,Dry,Dark-Lighted
2020-04-29T18:36:00.000,I 20,,,Not a Collision with Motor Vehicle,1,Rain,Wet,Daylight
2020-02-25T08:08:00.000,I 75,,,Rear End,2,Cloudy,Wet,Daylight
2020-07-09T16:30:00.000,I 285,,,Rear End,2,Cloudy,Dry,Daylight
2020-09-17T09:00:00.000,I 85,,,Not a Collision with Motor Vehicle,1,Rain,Water (standing or moving),Daylight
2020-01-10T11:32:00.000,I 75,,,Sideswipe-Same Direction,2,Cloudy,Dry,Daylight
2020-07-17T22:10:00.000,I 85,,,Sideswipe-Same Direction,2,Clear,Dry,Dark-Not Lighted
2020-01-14T16:23:00.000,I 285,,,Rear End,2,Rain,Wet,Daylight
2020-10-17T16:59:00.000,I 75,,,Rear End,2,Clear,Dry,Daylight
2020-08-30T18:07:00.000,I 20,,,Sideswipe-Same Direction,2,Clear,Dry,Daylight
2020-06-22T15:11:00.000,I 75,,,Rear End,2,Clear,Dry,Daylight
2020-06-27T19:21:00.000,I 20,,,Not a Collision with Motor Vehicle,1,Rain,Wet,Daylight
2020-02-18T15:35:00.000,I 285,,,Angle Crash,2,Rain,Wet,Daylight