Date and Time,Roadway (From Crash Report),Intersection Name (from Crash Report),KABCO Severity,Manner of Collision (Crash Level) ,# of Vehicles per crash ,Weather Conditions (Crash Level),Surface Condition (Crash Level) ,Light Conditions (Crash Level)
2020-02-26T16:55:00.000,I 75,,,Rear End,2,Cloudy,Dry,Daylight
2020-05-05T08:30:00.000,I 20,,,Not a Collision with Motor Vehicle,2,Cloudy,Dry,Daylight
2020-04-13T12:11:00.000,I 75,,,Sideswipe-Same Direction,2,Clear,Dry,Daylight
2020-10-03T05:50:00.000,I 285,,,Sideswipe-Same Direction,2,Clear,Dry,Daylight
2020-02-12T16:18:00.000,I 75,,,Rear End,2,Cloudy,Dry,Daylight
2020-09-15T09:30:00.000,I 285,,,Not a Collision with Motor Vehicle,1,Rain,Wet,Daylight
2020-07-17T19:33:00.000,I 285,,,Angle Crash,2,Cloudy,Dry,Daylight
2020-09-14T17:20:00.000,I 16,,,Rear End,2,Cloudy,Dry,Daylight
2020-02-24T14:23:00.000,I 85,,,Rear End,2,Clear,Wet,Daylight
2020-10-09T15:30:00.000,I 285,,,Angle Crash,2,Rain,Wet,Daylight
2020-02-13T15:20:00.000,I 75,,,Sideswipe-Same Direction,2,Cloudy,Dry,Daylight
2020-07-22T15:57:00.000,I 75,,,Not a Collision with Motor Vehicle,1,Cloudy,Dry,Daylight
2020-11-03T22:37:00.000,I 16,,,Not a Collision with Motor Vehicle,1,Clear,Dry,Dark-Not Lighted
2020-04-14T17:33:00.000,I 75,,,Sideswipe-Same Direction,2,Clear,Dry,Daylight
2020-06-04T16:36:00.000,I 75,,,Angle Crash,2,Clear,Dry,Daylight
2020-10-23T17:30:00.000,I 85,,,Rear End,2,Clear,Dry,Daylight
2020-07-15T10:41:00.000,I 75,,,Not a Collision with Motor Vehicle,3,Clear,Dry,Daylight
2020-07-03T12:11:00.000,I 75,,,Rear End,2,Cloudy,Dry,Daylight
2020-07-24T12:30:00.000,I 75,,,Sideswipe-Same Direction,2,Clear,Dry,Daylight
2020-10-12T19:05:00.000,I 20,,,Sideswipe-Same Direction,2,Clear,Dry,Dusk
2020-01-28T09:23:00.000,I 75,,,Rear End,2,Clear,Dry,Daylight
2020-11-08T14:43:00.000,I 85,,,Rear End,2,Clear,Dry,Daylight
2020-10-17T07:40:00.000,I 85,,,Sideswipe-Same Direction,3,Clear,Dry,Daylight
2020-10-01T14:33:00.000,I 75,,,Rear End,2,Clear,Dry,Daylight
2020-07-09T02:44:00.000,I 20,,,Rear End,2,Cloudy,Wet,Dark-Not Lighted
2020-03-10T17:37:00.000,I 75,,,Rear End,3,Clear,Dry,Daylight
2020-12-07T09:47:00.000,I 75,,,Sideswipe-Same Direction,2,Clear,Dry,Daylight
2020-11-21T13:45:00.000,I 20,,,Sideswipe-Same Direction,2,Clear,Dry,Daylight
2020-12-22T10:46:00.000,I 75,,,Not a Collision with Motor Vehicle,1,Clear,Dry,Daylight
2020-10-05T06:56:00.000,I 75,,,Sideswipe-Same Direction,2,Clear,Dry,Dark-Lighted
2020-07-10T13:40:00.000,I 285,,,Sideswipe-Same Direction,2,Cloudy,Dry,Daylight
2020-07-03T11:43:00.000,I 85,,,Rear End,2,Clear,Dry,Daylight
2020-06-02T15:31:00.000,I 285,,,Sideswipe-Same Direction,1,Cloudy,Dry,Daylight
2020-10-19T08:15:00.000,I 75,,,Sideswipe-Same Direction,2,Cloudy,Dry,Daylight
2020-12-18T12:32:00.000,I 75,,,Rear End,2,Clear,Dry,Daylight
2020-03-02T12:58:00.000,I 85,,,Rear End,2,Rain,Wet,Daylight
2020-03-10T17:30:00.000,I 285,,,Rear End,2,Clear,Dry,Daylight
2020-01-10T19:06:00.000,I 20,,,Not a Collision with Motor Vehicle,1,Clear,Dry,Dark-Not Lighted
2020-01-06T08:13:00.000,I 75,,,Not a Collision with Motor Vehicle,2,Clear,Dry,Daylight
2020-10-14T10:24:00.000,I 285,,,Sideswipe-Same Direction,2,Clear,Dry,Daylight
2020-10-04T09:36:00.000,I 285,,,Angle Crash,2,Clear,Dry,Daylight
2020-08-09T15:26:00.000,I 85,,,Sideswipe-Same Direction,2,Rain,Wet,Daylight
2020-05-28T17:40:00.000,I 75,,,Sideswipe-Same Direction,2,Clear,Dry,Daylight
2020-01-10T17:45:00.000,I 85,,,Rear End,2,Clear,Dry,Daylight
2020-12-13T23:07:00.000,I 75,,,Sideswipe-Same Direction,2,Clear,Wet,Dark-Not Lighted
2020-07-30T16:35:00.000,I 285,,,Rear End,2,Cloudy,Dry,Daylight
2020-06-12T16:42:00.000,I 75,,,Not a Collision with Motor Vehicle,1,Clear,Dry,Daylight
2020-05-26T13:47:00.000,I 75,,,Not a Collision with Motor Vehicle,1,Cloudy,Dry,Daylight
2020-03-14T10:00:00.000,I 285,,,Not a Collision with Motor Vehicle,1,Clear,Dry,Daylight
2020-01-27T04:30:00.000,I 285,,,Not a Collision with Motor Vehicle,1,Clear,Dry,Daylight
2020-01-10T18:45:00.000,I 20,,,Rear End,2,Cloudy,Wet,Dark-Not Lighted
2020-01-03T09:45:00.000,I 285,,,Sideswipe-Same Direction,2,Rain,Wet,Daylight
2020-12-12T08:00:00.000,I 75,,,Rear End,2,Cloudy,Dry,Daylight
2020-12-01T16:10:00.000,I 85,,,Rear End,3,Clear,Dry,Daylight
2020-09-27T03:00:00.000,I 285,,,Sideswipe-Same Direction,2,Cloudy,Dry,Dark-Not Lighted
2020-09-26T22:50:00.000,I 285,,,Rear End,2,Clear,Dry,Dark-Not Lighted
2020-09-23T13:40:00.000,I 16,,,Not a Collision with Motor Vehicle,2,Cloudy,Dry,Daylight
2020-09-17T00:45:00.000,I 20,,,Not a Collision with Motor Vehicle,1,Rain,Water (standing or moving),Dark-Lighted
2020-09-13T01:20:00.000,I 75,,,Not a Collision with Motor Vehicle,1,Clear,Dry,Dark-Lighted
2020-08-25T15:40:00.000,I 75,,,Not a Collision with Motor Vehicle,1,Rain,Wet,Daylight
2020-08-07T16:29:00.000,I 20,,,Rear End,2,Clear,Dry,Daylight
2020-08-14T18:21:00.000,I 285,,,Angle Crash,2,Cloudy,Wet,Daylight
2020-08-13T07:41:00.000,I 16,,,Rear End,2,Clear,Dry,Daylight
2020-07-17T23:00:00.000,I 20,,,Not a Collision with Motor Vehicle,1,Rain,Wet,Dusk
2020-05-26T11:12:00.000,I 285,,,Sideswipe-Same Direction,2,Cloudy,Dry,Daylight
2020-04-28T18:21:00.000,I 285,,,Sideswipe-Same Direction,2,Cloudy,Dry,Daylight
2020-04-30T19:59:00.000,I 75,,,Sideswipe-Same Direction,2,Clear,Dry,Daylight
2020-01-03T08:40:00.000,I 285,,,Rear End,2,Rain,Wet,Daylight
2020-03-10T08:50:00.000,I 75,,,Rear End,2,Rain,Wet,Daylight
2020-02-13T12:30:00.000,I 75,,,Rear End,2,Cloudy,Dry,Daylight
2020-11-25T20:30:00.000,I 75,,,Not a Collision with Motor Vehicle,1,Rain,Wet,Dark-Not Lighted
2020-10-31T23:15:00.000,I 75,,,Not a Collision with Motor Vehicle,1,Cloudy,Dry,Dark-Not Lighted
2020-10-15T20:59:00.000,I 75,,,Not a Collision with Motor Vehicle,1,Clear,Dry,Dark-Not Lighted
2020-08-25T05:40:00.000,I 20,,,Rear End,4,Rain,Wet,Dark-Lighted
2020-06-16T13:37:00.000,I 285,,,Rear End,3,Clear,Dry,Daylight
2020-06-05T15:54:00.000,I 16,,,Rear End,2,Clear,Dry,Daylight
2020-02-03T20:05:00.000,I 75,,,Not a Collision with Motor Vehicle,1,Clear,Dry,Dark-Not Lighted
2020-01-29T09:42:00.000,I 285,,,Sideswipe-Same Direction,2,Cloudy,Dry,Daylight
2020-08-25T14:05:00.000,I 20,,,Rear End,2,Rain,Wet,Daylight
2020-08-14T18:20:00.000,I 20,,,Rear End,2,Rain,Wet,Daylight
2020-05-01T09:45:00.000,I 85,,,Sideswipe-Same Direction,2,Clear,Dry,Daylight
2020-02-27T09:15:00.000,I 285,,,Rear End,2,Clear,Dry,Daylight
2020-02-12T14:24:00.000,I 75,,,Not a Collision with Motor Vehicle,1,Cloudy,Dry,Daylight
2020-02-22T18:26:00.000,I 285,,,Angle Crash,2,Clear,Dry,Daylight
2020-01-28T14:40:00.000,I 285,,,Angle Crash,2,Clear,Dry,Daylight
2020-07-25T16:32:00.000,I 75,,,Rear End,1,Rain,Wet,Daylight
2020-05-15T19:07:00.000,I 20,,,Not a Collision with Motor Vehicle,1,Clear,Dry,Daylight
2020-02-24T08:00:00.000,I 20,,,Rear End,3,Rain,Wet,Daylight
2020-01-16T15:59:00.000,I 20,,,Rear End,2,Clear,Dry,Daylight
2020-12-13T18:30:00.000,I 85,,,Sideswipe-Same Direction,2,Cloudy,Dry,Dark-Lighted
2020-12-21T05:50:00.000,I 285,,,Rear End,2,Clear,Dry,Dark-Not Lighted
2020-08-21T06:35:00.000,I 75,,,Rear End,2,Cloudy,Wet,Dark-Not Lighted
2020-07-31T16:20:00.000,I 285,,,Sideswipe-Same Direction,2,Clear,Dry,Daylight
2020-07-27T15:20:00.000,I 285,,,Sideswipe-Same Direction,2,Clear,Dry,Daylight
2020-07-13T16:50:00.000,I 75,,,Rear End,2,Clear,Dry,Daylight
2020-06-08T16:00:00.000,I 20,,,Sideswipe-Same Direction,2,Clear,Dry,Dawn
2020-01-29T12:38:00.000,I 75,,,Sideswipe-Same Direction,2,Cloudy,Dry,Daylight
2020-01-16T16:50:00.000,I 285,,,Rear End,2,Cloudy,Dry,Daylight
2020-01-24T13:35:00.000,I 285,,,Sideswipe-Same Direction,2,Rain,Wet,Daylight
2020-01-16T04:30:00.000,I 20,,,Not a Collision with Motor Vehicle,1,Rain,Wet,Dark-Lighted
2020-01-11T14:47:00.000,I 20,,,Not a Collision with Motor Vehicle,1,Rain,Wet,Daylight
2020-12-23T17:49:00.000,I 75,,,Rear End,2,Cloudy,Dry,Dark-Not Lighted
2020-11-13T00:00:00.000,I 285,,,Rear End,2,Clear,Dry,Daylight
2020-10-20T09:10:00.000,I 285,,,Sideswipe-Same Direction,2,Clear,Dry,Daylight
2020-10-09T16:10:00.000,I 285,,,Rear End,2,Rain,Wet,Daylight
2020-06-29T22:39:00.000,I 285,,,Sideswipe-Same Direction,2,Clear,Dry,Dark-Not Lighted
2020-03-31T11:04:00.000,I 20,,,Sideswipe-Same Direction,2,Rain,Wet,Daylight
2020-02-13T12:45:00.000,I 285,,,Not a Collision with Motor Vehicle,1,Cloudy,Dry,Daylight
2020-11-06T16:25:00.000,I 95,,,Angle Crash,2,Cloudy,Wet,Daylight
2020-10-28T10:14:00.000,I 20,,,Not a Collision with Motor Vehicle,1,Cloudy,Wet,Daylight
2020-09-16T03:33:00.000,I 20,,,Sideswipe-Same Direction,2,Clear,Dry,Dark-Lighted
2020-07-15T18:45:00.000,I 20,,,Sideswipe-Same Direction,2,Clear,Dry,Daylight
2020-07-03T22:00:00.000,I 85,,,Not a Collision with Motor Vehicle,1,Clear,Dry,Dark-Not Lighted
2020-03-21T18:08:00.000,I 20,,,Rear End,2,Clear,Dry,Daylight
2020-03-13T21:12:00.000,I 75,,,Not a Collision with Motor Vehicle,1,Clear,Dry,Dark-Not Lighted
2020-03-17T07:40:00.000,I 20,,,Rear End,2,Fog,Dry,Daylight
2020-03-09T14:24:00.000,I 85,,,Sideswipe-Same Direction,2,Clear,Dry,Daylight
2020-02-13T08:50:00.000,I 85,,,Not a Collision with Motor Vehicle,1,Rain,Wet,Daylight
2020-01-22T17:43:00.000,I 75,,,Rear End,2,Clear,Dry,Daylight
2020-01-03T07:40:00.000,I 20,,,Not a Collision with Motor Vehicle,1,Rain,Wet,Dawn
2020-11-21T00:00:00.000,I 85,,,Not a Collision with Motor Vehicle,1,Clear,Dry,Daylight
2020-09-28T15:40:00.000,I 285,,,Rear End,3,Clear,Dry,Daylight
2020-09-07T22:35:00.000,I 85,,,Rear End,2,Clear,Dry,Dark-Lighted
2020-08-25T16:17:00.000,I 20,,,Rear End,2,Rain,Wet,Daylight
2020-08-06T21:45:00.000,I 20,,,Not a Collision with Motor Vehicle,1,Rain,Wet,Dark-Not Lighted
2020-06-24T17:20:00.000,I 75,,,Rear End,2,Rain,Wet,Daylight
2020-05-24T02:54:00.000,I 20,,,Rear End,2,Clear,Dry,Dark-Not Lighted
2020-04-23T17:31:00.000,I 75,,,Sideswipe-Same Direction,3,Rain,Wet,Daylight
2020-11-05T09:29:00.000,I 85,,,Not a Collision with Motor Vehicle,1,Clear,Dry,Daylight
2020-10-08T11:42:00.000,I 85,,,Sideswipe-Same Direction,2,Clear,Dry,Daylight
2020-09-24T15:05:00.000,I 285,,,Rear End,2,Rain,Wet,Daylight
2020-09-05T13:00:00.000,I 75,,,Sideswipe-Same Direction,1,Clear,Dry,Daylight
2020-07-28T08:00:00.000,I 75,,,Rear End,2,Clear,Dry,Daylight
2020-06-18T16:50:00.000,I 285,,,Rear End,2,Clear,Dry,Daylight
2020-02-27T02:16:00.000,I 20,,,Not a Collision with Motor Vehicle,1,Clear,Dry,Dark-Not Lighted
2020-03-10T07:24:00.000,I 75,,,Rear End,2,Rain,Wet,Dawn
2020-01-23T15:00:00.000,I 75,,,Rear End,2,Rain,Wet,Daylight
2020-01-14T20:50:00.000,I 75,,,Sideswipe-Same Direction,2,Rain,Wet,Dark-Lighted
2020-11-25T16:55:00.000,I 75,,,Rear End,2,Clear,Dry,Daylight
2020-11-20T18:43:00.000,I 285,,,Rear End,2,Clear,Dry,Dark-Lighted
2020-11-14T22:42:00.000,I 285,,,Angle Crash,2,Clear,Dry,Dark-Not Lighted
2020-10-10T22:10:00.000,I 75,,,Rear End,2,Rain,Wet,Dark-Not Lighted
2020-08-11T09:35:00.000,I 85,,,Sideswipe-Same Direction,2,Cloudy,Dry,Daylight
2020-07-31T14:40:00.000,I 20,,,Angle Crash,2,Clear,Dry,Daylight
2020-07-31T00:47:00.000,I 75,,,Not a Collision with Motor Vehicle,1,Clear,Dry,Dark-Not Lighted
2020-07-15T21:11:00.000,I 75,,,Not a Collision with Motor Vehicle,1,Rain,Wet,Dark-Lighted
2020-05-24T18:47:00.000,I 20,,,Not a Collision with Motor Vehicle,1,Rain,Wet,Daylight
2020-05-19T12:29:00.000,I 285,,,Rear End,2,Clear,Dry,Daylight
2020-02-27T19:41:00.000,I 20,,,Sideswipe-Same Direction,2,Clear,Dry,Dark-Not Lighted
2020-03-10T13:50:00.000,I 75,,,Rear End,3,Cloudy,Dry,Daylight
2020-03-10T14:45:00.000,I 285,,,Rear End,2,Cloudy,Dry,Daylight
2020-02-28T09:35:00.000,I 285,,,Angle Crash,2,Clear,Dry,Daylight
2020-12-05T12:50:00.000,I 20,,,Angle Crash,2,Clear,Dry,Daylight
2020-12-07T18:30:00.000,I 285,,,Sideswipe-Same Direction,2,Clear,Dry,Dark-Not Lighted
2020-09-05T15:08:00.000,I 285,,,Angle Crash,2,Clear,Dry,Daylight
2020-10-30T09:44:00.000,I 285,,,Rear End,2,Cloudy,Dry,Daylight
2020-10-03T14:45:00.000,I 20,,,Rear End,2,Clear,Dry,Daylight
2020-08-23T15:45:00.000,I 75,,,Not a Collision with Motor Vehicle,1,Rain,Wet,Daylight
2020-05-26T11:59:00.000,I 75,,,Rear End,2,Cloudy,Dry,Daylight
2020-05-19T16:40:00.000,I 75,,,Rear End,3,Clear,Dry,Daylight
2020-03-11T07:27:00.000,I 75,,,Rear End,2,Cloudy,Dry,Dark-Not Lighted
2020-02-10T07:10:00.000,I 285,,,Rear End,2,Cloudy,Dry,Daylight
2020-11-25T14:06:00.000,I 75,,,Not a Collision with Motor Vehicle,1,Rain,Wet,Daylight
2020-11-17T12:00:00.000,I 75,,,Sideswipe-Same Direction,2,Clear,Dry,Daylight
2020-02-06T12:02:00.000,I 75,,,Sideswipe-Same Direction,2,Rain,Wet,Daylight
2020-11-19T17:59:00.000,I 285,,,Sideswipe-Same Direction,2,Clear,Dry,Dark-Lighted
2020-11-20T18:43:00.000,I 75,,,Rear End,2,Clear,Dry,Dark-Not Lighted
2020-11-01T03:53:00.000,I 285,,,Rear End,2,Clear,Wet,Dark-Not Lighted
2020-10-23T16:10:00.000,I 285,,,Rear End,2,Clear,Dry,Daylight
2020-07-27T15:21:00.000,I 16,,,Sideswipe-Same Direction,2,Clear,Dry,Daylight
2020-07-17T19:20:00.000,I 285,,,Rear End,4,Clear,Dry,Daylight
2020-05-10T18:45:00.000,I 285,,,Sideswipe-Same Direction,2,Clear,Dry,Daylight
2020-05-07T13:49:00.000,I 20,,,Rear End,2,Clear,Dry,Daylight
2020-03-23T10:06:00.000,I 75,,,Rear End,2,Rain,Wet,Daylight
2020-02-27T07:00:00.000,I 75,,,Rear End,2,Clear,Dry,Dark-Not Lighted
2020-02-20T05:41:00.000,I 20,,,Rear End,2,Rain,Wet,Dark-Not Lighted
2020-02-10T12:46:00.000,I 75,,,Not a Collision with Motor Vehicle,1,Rain,Wet,Daylight
2020-01-03T08:05:00.000,I 20,,,Not a Collision with Motor Vehicle,1,Rain,Wet,Daylight
2020-03-09T15:18:00.000,I 85,,,Sideswipe-Same Direction,2,Cloudy,Dry,Daylight
2020-01-28T15:10:00.000,I 16,,,Sideswipe-Same Direction,2,Clear,Dry,Daylight
2020-12-18T18:13:00.000,I 75,,,Rear End,2,Cloudy,Dry,Dark-Not Lighted
2020-07-30T13:11:00.000,I 75,,,Rear End,2,Rain,Wet,Daylight
2020-06-23T21:56:00.000,I 95,,,Rear End,2,Cloudy,Wet,Dark-Not Lighted
2020-01-14T16:20:00.000,I 285,,,Rear End,2,Rain,Wet,Daylight
2020-12-30T18:59:00.000,I 285,,,Sideswipe-Same Direction,2,Cloudy,Dry,Dark-Not Lighted
2020-12-18T16:17:00.000,I 285,,,Head On,2,Clear,Dry,Daylight
2020-12-03T12:40:00.000,I 75,,,Not a Collision with Motor Vehicle,1,Cloudy,Dry,Daylight
2020-10-13T14:37:00.000,I 75,,,Sideswipe-Same Direction,2,Clear,Dry,Daylight
2020-08-23T10:58:00.000,I 16,,,Angle Crash,2,Rain,Wet,Daylight
2020-07-31T18:49:00.000,I 285,,,Sideswipe-Same Direction,2,Clear,Dry,Daylight
2020-06-29T06:45:00.000,I 75,,,Rear End,3,Cloudy,Dry,Daylight
2020-03-24T00:00:00.000,I 75,,,Not a Collision with Motor Vehicle,1,Fog,Wet,Dark-Lighted
2020-02-14T16:24:00.000,I 75,,,Rear End,2,Clear,Dry,Daylight
2020-12-24T05:59:00.000,I 75,,,Not a Collision with Motor Vehicle,1,Rain,Wet,Dark-Not Lighted
2020-09-20T20:11:00.000,I 75,,,Rear End,2,Clear,Dry,Dark-Not Lighted
2020-11-11T18:28:00.000,I 75,,,Sideswipe-Same Direction,2,Rain,Wet,Dark-Not Lighted
2020-04-23T17:00:00.000,I 75,,,Not a Collision with Motor Vehicle,1,Rain,Wet,Daylight
2020-02-11T09:48:00.000,I 75,,,Rear End,2,Cloudy,Wet,Daylight
2020-01-17T12:45:00.000,I 20,,,Rear End,2,Clear,Dry,Daylight
2020-02-01T10:40:00.000,I 75,,,Rear End,2,Cloudy,Dry,Daylight
2020-01-06T06:20:00.000,I 20,,,Sideswipe-Same Direction,2,Clear,Dry,Dark-Not Lighted
2020-11-01T19:40:00.000,I 75,,,Sideswipe-Same Direction,2,Clear,Dry,Dark-Not Lighted
2020-10-25T18:17:00.000,I 285,,,Rear End,2,Cloudy,Dry,Daylight
2020-08-25T08:48:00.000,I 20,,,Not a Collision with Motor Vehicle,1,Rain,Wet,Daylight
2020-08-18T00:00:00.000,I 285,,,Not a Collision with Motor Vehicle,1,Clear,Dry,Dark-Not Lighted
2020-05-30T16:11:00.000,I 75,,,Not a Collision with Motor Vehicle,1,Clear,Dry,Daylight
2020-05-11T16:44:00.000,I 20,,,Rear End,2,Clear,Dry,Daylight
2020-05-08T09:58:00.000,I 75,,,Not a Collision with Motor Vehicle,1,Cloudy,Dry,Daylight
2020-03-31T15:15:00.000,I 285,,,Sideswipe-Same Direction,2,Cloudy,Dry,Daylight
2020-11-07T18:50:00.000,I 285,,,Rear End,2,Clear,Dry,Dark-Not Lighted
2020-09-11T13:00:00.000,I 85,,,Not a Collision with Motor Vehicle,1,Clear,Dry,Daylight
2020-07-01T00:15:00.000,I 20,,,Not a Collision with Motor Vehicle,1,Clear,Dry,Dark-Lighted
2020-06-04T14:20:00.000,I 85,,,Rear End,2,Clear,Dry,Daylight
2020-03-31T14:09:00.000,I 75,,,Rear End,3,Cloudy,Dry,Daylight
2020-01-02T00:00:00.000,I 285,,,Not a Collision with Motor Vehicle,1,Rain,Wet,Daylight
2020-10-29T09:39:00.000,I 20,,,Angle Crash,1,Cloudy,Wet,Daylight
2020-08-14T17:16:00.000,I 285,,,Sideswipe-Same Direction,2,Clear,Dry,Daylight
2020-08-06T02:09:00.000,I 85,,,Rear End,3,Cloudy,Dry,Dark-Lighted
2020-03-21T10:30:00.000,I 85,,,Rear End,2,Cloudy,Dry,Daylight
2020-03-18T19:10:00.000,I 285,,,Angle Crash,2,Clear,Dry,Daylight
2020-03-10T11:28:00.000,I 75,,,Rear End,2,Rain,Wet,Daylight
2020-01-29T07:28:00.000,I 285,,,Rear End,2,Cloudy,Dry,Daylight
2020-12-09T06:35:00.000,I 20,,,Angle Crash,2,Clear,Wet,Dark-Lighted
2020-11-13T20:15:00.000,I 285,,,Sideswipe-Same Direction,2,Clear,Dry,Dark-Lighted
2020-10-25T20:00:00.000,I 285,,,Sideswipe-Same Direction,2,Other,Other,Dark-Not Lighted
2020-09-10T12:00:00.000,I 285,,,Rear End,2,Cloudy,Dry,Daylight
2020-03-23T17:42:00.000,I 285,,,Angle Crash,2,Rain,Wet,Daylight
2020-01-08T14:03:00.000,I 75,,,Sideswipe-Same Direction,3,Clear,Dry,Daylight
2020-08-21T06:23:00.000,I 20,,,Not a Collision with Motor Vehicle,1,Rain,Wet,Dark-Not Lighted
2020-08-15T14:18:00.000,I 285,,,Sideswipe-Same Direction,2,Cloudy,Wet,Daylight
2020-07-23T02:38:00.000,I 285,,,Not a Collision with Motor Vehicle,1,Clear,Dry,Dark-Not Lighted
2020-07-15T15:28:00.000,I 85,,,Rear End,2,Cloudy,Dry,Daylight
2020-01-06T08:37:00.000,I 285,,,Sideswipe-Same Direction,2,Clear,Dry,Daylight
2020-10-29T08:40:00.000,I 20,,,Not a Collision with Motor Vehicle,1,Cloudy,Wet,Daylight
2020-09-21T18:55:00.000,I 285,,,Sideswipe-Same Direction,3,Clear,Dry,Daylight
2020-08-28T16:20:00.000,I 285,,,Rear End,5,Cloudy,Dry,Daylight
2020-07-15T06:45:00.000,I 285,,,Angle Crash,3,Clear,Dry,Daylight
2020-06-14T17:46:00.000,I 85,,,Not a Collision with Motor Vehicle,1,Rain,Wet,Daylight
2020-06-09T15:38:00.000,I 285,,,Rear End,2,Cloudy,Wet,Daylight
2020-03-05T20:22:00.000,I 20,,,Not a Collision with Motor Vehicle,1,Cloudy,Wet,Dark-Not Lighted
2020-02-27T19:27:00.000,I 75,,,Rear End,2,Clear,Dry,Dark-Not Lighted
2020-02-24T09:35:00.000,I 75,,,Rear End,2,Rain,Wet,Daylight
2020-03-02T16:35:00.000,I 285,,,Rear End,2,Rain,Wet,Daylight
2020-08-15T20:00:00.000,I 20,,,Sideswipe-Same Direction,2,Clear,Dry,Dusk
2020-08-07T18:35:00.000,I 285,,,Not a Collision with Motor Vehicle,1,Cloudy,Dry,Daylight
2020-06-10T09:41:00.000,I 75,,,Not a Collision with Motor Vehicle,2,Cloudy,Dry,Daylight
2020-06-10T17:12:00.000,I 285,,,Not a Collision with Motor Vehicle,1,Cloudy,Wet,Daylight
2020-01-17T08:05:00.000,I 285,,,Not a Collision with Motor Vehicle,1,Cloudy,Dry,Daylight
2020-02-21T06:55:00.000,I 285,,,Rear End,2,Clear,Dry,Daylight
2020-01-14T09:30:00.000,I 75,,,Sideswipe-Same Direction,2,Rain,Dry,Daylight
2020-12-25T00:58:00.000,I 285,,,Not a Collision with Motor Vehicle,1,Clear,Dry,Dark-Lighted
2020-10-23T17:25:00.000,I 285,,,Rear End,2,Clear,Dry,Daylight
2020-10-24T09:36:00.000,I 16,,,Not a Collision with Motor Vehicle,1,Clear,Dry,Daylight
2020-10-15T21:59:00.000,I 285,,,Not a Collision with Motor Vehicle,1,Clear,Dry,Dark-Not Lighted
2020-09-22T03:50:00.000,I 285,,,Not a Collision with Motor Vehicle,1,Clear,Dry,Dark-Lighted
2020-07-18T13:59:00.000,I 20,,,Rear End,2,Clear,Dry,Daylight
2020-02-28T18:55:00.000,I 75,,,Rear End,3,Clear,Dry,Dark-Not Lighted
2020-02-17T11:30:00.000,I 16,,,Not a Collision with Motor Vehicle,1,Rain,Wet,Daylight
2020-08-01T19:05:00.000,I 20,,,Sideswipe-Same Direction,2,Clear,Dry,Daylight
2020-07-28T17:36:00.000,I 75,,,Rear End,2,Clear,Dry,Daylight
2020-07-12T15:40:00.000,I 285,,,Not a Collision with Motor Vehicle,1,Cloudy,Dry,Daylight
2020-07-06T12:20:00.000,I 285,,,Sideswipe-Same Direction,2,Cloudy,Dry,Daylight
2020-02-14T15:45:00.000,I 285,,,Angle Crash,3,Clear,Dry,Daylight
2020-11-08T14:48:00.000,I 16,,,Head On,1,Rain,Wet,Daylight
2020-11-02T16:55:00.000,I 16,,,Rear End,2,Cloudy,Dry,Daylight
2020-10-06T09:30:00.000,I 20,,,Sideswipe-Same Direction,2,Clear,Dry,Daylight
2020-07-10T18:06:00.000,I 75,,,Angle,2,Clear,Dry,Daylight
2020-08-08T08:49:00.000,I 285,,,Rear End,2,Clear,Dry,Daylight
2020-06-10T17:32:00.000,I 75,,,Rear End,2,Clear,Wet,Daylight
2020-05-13T17:18:00.000,I 75,,,Not a Collision with Motor Vehicle,1,Clear,Dry,Daylight
2020-03-14T19:20:00.000,I 20,,,Angle Crash,2,Clear,Dry,Daylight
2020-02-15T05:40:00.000,I 20,,,Sideswipe-Same Direction,3,Clear,Dry,Dark-Not Lighted
2020-02-13T09:37:00.000,I 75,,,Rear End,2,Rain,Wet,Daylight
2020-01-30T04:58:00.000,I 20,,,Sideswipe-Same Direction,1,Clear,Dry,Dark-Not Lighted
2020-01-10T15:49:00.000,I 75,,,Rear End,2,Cloudy,Dry,Daylight
2020-01-30T07:25:00.000,I 85,,,Angle Crash,2,Clear,Dry,Daylight
2020-11-24T14:59:00.000,I 85,,,Rear End,3,Cloudy,Dry,Daylight
2020-11-20T07:56:00.000,I 20,,,Rear End,2,Clear,Dry,Daylight
2020-10-10T16:10:00.000,I 285,,,Sideswipe-Same Direction,2,Cloudy,Dry,Daylight
2020-10-07T07:20:00.000,I 285,,,Sideswipe-Same Direction,2,Clear,Dry,Daylight
2020-09-17T05:45:00.000,I 75,,,Not a Collision with Motor Vehicle,1,Rain,Water (standing or moving),Dark-Not Lighted
2020-08-27T18:22:00.000,I 75,,,Sideswipe-Same Direction,2,Clear,Dry,Daylight
2020-03-16T06:16:00.000,I 75,,,Sideswipe-Same Direction,2,Clear,Dry,Dark-Not Lighted
2020-02-18T13:18:00.000,I 75,,,Sideswipe-Same Direction,2,Rain,Wet,Daylight
2020-02-11T07:25:00.000,I 285,,,Rear End,2,Rain,Wet,Daylight
2020-11-21T10:20:00.000,I 85,,,Rear End,2,Clear,Dry,Daylight
2020-10-24T01:17:00.000,I 285,,,Angle Crash,2,Clear,Dry,Dark-Lighted
2020-09-17T09:01:00.000,I 285,,,Rear End,2,Rain,Wet,Daylight
2020-09-17T12:00:00.000,I 75,,,Not a Collision with Motor Vehicle,1,Rain,Wet,Daylight
2020-09-07T21:36:00.000,I 20,,,Rear End,1,Clear,Dry,Dark-Not Lighted
2020-08-30T23:50:00.000,I 285,,,Sideswipe-Same Direction,2,Clear,Wet,Dark-Not Lighted