Date and Time,Roadway (From Crash Report),Intersection Name (from Crash Report),KABCO Severity,Manner of Collision (Crash Level) ,# of Vehicles per crash ,Weather Conditions (Crash Level),Surface Condition (Crash Level) ,Light Conditions (Crash Level)
2020-07-22T16:45:00.000,I 85,,,Not a Collision with Motor Vehicle,1,Clear,Dry,Daylight
2020-07-17T08:30:00.000,I 75,,,Sideswipe-Same Direction,2,Cloudy,Dry,Daylight
2020-06-22T20:10:00.000,I 85,,,Sideswipe-Same Direction,2,Rain,Wet,Dusk
2020-05-29T17:29:00.000,I 85,,,Rear End,2,Clear,Dry,Daylight
2020-04-23T19:11:00.000,I 75,,,Sideswipe-Same Direction,2,Clear,Dry,Daylight
2020-02-21T14:00:00.000,I 285,,,Rear End,3,Cloudy,Dry,Daylight
2020-02-07T17:00:00.000,I 285,,,Sideswipe-Same Direction,2,Clear,Dry,Daylight
2020-11-02T00:39:00.000,I 285,,,Rear End,2,Clear,Dry,Dark-Not Lighted
2020-10-07T01:59:00.000,I 85,,,Sideswipe-Same Direction,2,Clear,Dry,Dark-Not Lighted
2020-09-19T15:50:00.000,I 285,,,Rear End,3,Cloudy,Dry,Daylight
2020-08-10T11:56:00.000,I 85,,,Sideswipe-Same Direction,2,Clear,Dry,Daylight
2020-07-13T14:51:00.000,I 285,,,Sideswipe-Same Direction,2,Clear,Dry,Daylight
2020-05-04T06:40:00.000,I 75,,,Sideswipe-Same Direction,2,Clear,Dry,Daylight
2020-03-15T08:48:00.000,I 20,,,Not a Collision with Motor Vehicle,1,Cloudy,Dry,Daylight
2020-01-22T16:36:00.000,I 75,,,Rear End,3,Clear,Dry,Daylight
2020-01-02T17:41:00.000,I 75,,,Rear End,2,Rain,Wet,Daylight
2020-11-03T01:35:00.000,I 75,,,Not a Collision with Motor Vehicle,1,Clear,Dry,Dark-Not Lighted
2020-11-03T15:30:00.000,I 285,,,Rear End,2,Clear,Dry,Daylight
2020-10-20T06:03:00.000,I 75,,,Not a Collision with Motor Vehicle,1,Clear,Dry,Dark-Not Lighted
2020-10-09T06:02:00.000,I 85,,,Sideswipe-Same Direction,2,Clear,Dry,Dawn
2020-10-05T14:45:00.000,I 20,,,Sideswipe-Same Direction,2,Clear,Dry,Daylight
2020-10-06T04:57:00.000,I 95,,,Not a Collision with Motor Vehicle,1,Clear,Dry,Dark-Not Lighted
2020-07-24T10:55:00.000,I 75,,,Sideswipe-Same Direction,2,Cloudy,Dry,Daylight
2020-06-26T13:45:00.000,I 285,,,Rear End,2,Cloudy,Dry,Daylight
2020-06-19T22:05:00.000,I 20,,,Rear End,2,Clear,Dry,Dark-Not Lighted
2020-05-24T13:44:00.000,I 85,,,Rear End,2,Clear,Dry,Daylight
2020-05-26T15:20:00.000,I 75,,,Sideswipe-Same Direction,2,Cloudy,Dry,Daylight
2020-05-11T15:50:00.000,I 75,,,Not a Collision with Motor Vehicle,1,Clear,Dry,Daylight
2020-04-19T21:09:00.000,I 75,,,Rear End,2,Rain,Wet,Dark-Lighted
2020-01-24T14:20:00.000,I 75,,,Rear End,2,Cloudy,Wet,Daylight
2020-01-08T10:57:00.000,I 20,,,Not a Collision with Motor Vehicle,2,Clear,Dry,Daylight
2020-11-29T02:44:00.000,I 20,,,Not a Collision with Motor Vehicle,1,Cloudy,Wet,Dark-Not Lighted
2020-10-30T12:46:00.000,I 20,,,Rear End,2,Clear,Dry,Daylight
2020-10-22T07:58:00.000,I 75,,,Rear End,2,Fog,Dry,Daylight
2020-09-12T13:05:00.000,I 285,,,Rear End,2,Clear,Dry,Daylight
2020-07-27T07:45:00.000,I 285,,,Rear End,2,Clear,Dry,Daylight
2020-03-23T17:26:00.000,I 75,,,Not a Collision with Motor Vehicle,1,Rain,Wet,Daylight
2020-02-18T18:40:00.000,I 75,,,Sideswipe-Same Direction,2,Rain,Wet,Dark-Not Lighted
2020-10-13T12:00:00.000,I 285,,,Rear End,2,Clear,Dry,Daylight
2020-10-02T14:15:00.000,I 75,,,Sideswipe-Same Direction,2,Clear,Dry,Daylight
2020-06-02T13:50:00.000,I 75,,,Rear End,2,Clear,Dry,Daylight
2020-04-19T12:37:00.000,I 16,,,(None),1,(None),(None),(None)
2020-02-26T12:28:00.000,I 75,,,Sideswipe-Same Direction,2,Cloudy,Dry,Daylight
2020-01-28T09:25:00.000,I 75,,,Rear End,3,Clear,Dry,Daylight
2020-01-03T11:10:00.000,I 20,,,Rear End,2,Cloudy,Wet,Daylight
2020-12-16T07:38:00.000,I 20,,,Not a Collision with Motor Vehicle,1,Rain,Wet,Daylight
2020-11-10T18:10:00.000,I 85,,,Sideswipe-Same Direction,2,Rain,Wet,Dark-Not Lighted
2020-10-28T12:55:00.000,I 85,,,Rear End,3,Cloudy,Wet,Daylight
2020-10-10T18:15:00.000,I 285,,,Not a Collision with Motor Vehicle,1,Rain,Wet,Daylight
2020-08-14T06:30:00.000,I 75,,,Not a Collision with Motor Vehicle,1,Clear,Dry,Dawn
2020-07-23T15:30:00.000,I 20,,,Sideswipe-Same Direction,2,Clear,Dry,Daylight
2020-07-06T12:09:00.000,I 85,,,Rear End,2,Cloudy,Dry,Daylight
2020-07-02T12:37:00.000,I 75,,,Not a Collision with Motor Vehicle,1,Clear,Dry,Daylight
2020-03-12T08:43:00.000,I 75,,,Rear End,2,Cloudy,Dry,Daylight
2020-02-06T07:15:00.000,I 285,,,Sideswipe-Same Direction,2,Rain,Wet,Dark-Lighted
2020-01-12T13:42:00.000,I 85,,,Rear End,3,Clear,Dry,Daylight
2020-01-02T10:11:00.000,I 285,,,Not a Collision with Motor Vehicle,1,Rain,Wet,Daylight
2020-12-31T20:26:00.000,I 75,,,Rear End,2,Cloudy,Wet,Dark-Not Lighted
2020-12-25T23:23:00.000,I 20,,,Sideswipe-Same Direction,2,Clear,Dry,Dark-Not Lighted
2020-10-14T12:50:00.000,I 285,,,Rear End,2,Clear,Dry,Daylight
2020-09-12T17:45:00.000,I 85,,,Sideswipe-Same Direction,2,Clear,Dry,Daylight
2020-07-02T05:58:00.000,I 285,,,Rear End,2,Cloudy,Dry,Dark-Not Lighted
2020-05-28T17:42:00.000,I 75,,,Rear End,3,Cloudy,Dry,Daylight
2020-05-09T22:47:00.000,I 285,,,Sideswipe-Same Direction,2,Clear,Dry,Dark-Not Lighted
2020-03-25T18:00:00.000,I 285,,,Angle Crash,2,Clear,Dry,Daylight
2020-12-17T00:08:00.000,I 75,,,Sideswipe-Same Direction,2,Cloudy,Dry,Dark-Not Lighted
2020-12-10T16:53:00.000,I 20,,,Rear End,2,Clear,Dry,Daylight
2020-08-08T12:00:00.000,I 75,,,Rear End,2,Clear,Dry,Daylight
2020-07-02T04:53:00.000,I 85,,,Sideswipe-Same Direction,1,Clear,Dry,Dark-Not Lighted
2020-07-02T12:46:00.000,I 85,,,Sideswipe-Same Direction,2,Clear,Dry,Daylight
2020-07-02T15:30:00.000,I 285,,,Rear End,2,Cloudy,Wet,Daylight
2020-12-24T12:58:00.000,I 16,,,Not a Collision with Motor Vehicle,1,Rain,Wet,Daylight
2020-12-30T04:30:00.000,I 20,,,Angle Crash,2,Clear,Dry,Dark-Lighted
2020-10-30T18:30:00.000,I 75,,,Rear End,2,Clear,Dry,Dark-Not Lighted
2020-08-20T08:40:00.000,I 75,,,Sideswipe-Same Direction,2,Cloudy,Wet,Daylight
2020-01-08T16:40:00.000,I 75,,,Sideswipe-Same Direction,2,Clear,Dry,Daylight
2020-02-20T13:31:00.000,I 285,,,Rear End,2,Rain,Wet,Daylight
2020-04-29T18:52:00.000,I 20,,,Angle Crash,2,Rain,Wet,Daylight
2020-09-03T16:35:00.000,I 75,,,Rear End,3,Clear,Dry,Daylight
2020-11-27T22:45:00.000,I 16,,,Not a Collision with Motor Vehicle,1,Clear,Dry,Dark-Not Lighted
2020-02-04T20:29:00.000,I 20,,,Rear End,2,Clear,Dry,Dark-Lighted
2020-01-24T07:03:00.000,I 75,,,Rear End,2,Rain,Wet,Dawn
2020-06-10T10:53:00.000,I 16,,,Rear End,2,Clear,Dry,Daylight
2020-08-25T12:10:00.000,I 85,,,Not a Collision with Motor Vehicle,1,Rain,Wet,Daylight
2020-08-14T19:40:00.000,I 85,,,Rear End,2,Cloudy,Dry,Daylight
2020-02-21T14:05:00.000,I 285,,,Rear End,2,Clear,Dry,Daylight
2020-05-03T14:00:00.000,I 285,,,Angle Crash,2,Clear,Dry,Daylight
2020-08-22T14:12:00.000,I 285,,,Sideswipe-Same Direction,2,Clear,Dry,Daylight
2020-01-24T16:00:00.000,I 75,,,Sideswipe-Same Direction,2,Clear,Dry,Daylight
2020-11-18T21:10:00.000,I 85,,,Rear End,2,Clear,Dry,Dark-Lighted
2020-09-27T18:50:00.000,I 75,,,Rear End,2,Rain,Wet,Dusk
2020-06-25T00:00:00.000,I 285,,,Rear End,2,Clear,Dry,Daylight
2020-09-25T12:50:00.000,I 85,,,Not a Collision with Motor Vehicle,1,Cloudy,Wet,Daylight
2020-10-01T16:49:00.000,I 285,,,Rear End,2,Cloudy,Dry,Daylight
2020-12-14T01:23:00.000,I 20,,,Sideswipe-Same Direction,2,Rain,Wet,Dark-Not Lighted
2020-08-26T10:30:00.000,I 285,,,Sideswipe-Same Direction,2,Cloudy,Dry,Daylight
2020-02-26T07:06:00.000,I 75,,,Rear End,2,Cloudy,Dry,Daylight
2020-11-06T16:14:00.000,I 285,,,Rear End,2,Clear,Dry,Daylight
2020-07-19T14:28:00.000,I 85,,,Not a Collision with Motor Vehicle,1,Clear,Dry,Daylight
2020-10-13T08:25:00.000,I 285,,,Rear End,2,Cloudy,Dry,Daylight
2020-05-07T08:01:00.000,I 75,,,Sideswipe-Same Direction,2,Clear,Dry,Daylight
2020-02-25T08:00:00.000,I 285,,,Angle Crash,3,Fog,Wet,Daylight
2020-08-17T14:35:00.000,I 285,,,Rear End,2,Cloudy,Wet,Daylight
2020-07-13T14:38:00.000,I 85,,,Not a Collision with Motor Vehicle,1,Clear,Dry,Daylight
2020-07-11T19:58:00.000,I 75,,,Not a Collision with Motor Vehicle,1,Clear,Dry,Daylight
2020-07-13T16:23:00.000,I 20,,,Sideswipe-Same Direction,2,Cloudy,Dry,Daylight
2020-05-27T09:52:00.000,I 85,,,Angle Crash,2,Rain,Wet,Daylight
2020-06-23T12:50:00.000,I 75,,,Rear End,2,Clear,Dry,Daylight
2020-08-17T08:00:00.000,I 95,,,Rear End,2,Clear,Dry,Daylight
2020-10-06T16:29:00.000,I 75,,,Not a Collision with Motor Vehicle,1,Clear,Dry,Daylight
2020-01-17T17:36:00.000,I 75,,,Rear End,2,Clear,Dry,Dusk
2020-05-27T18:17:00.000,I 85,,,Not a Collision with Motor Vehicle,1,Cloudy,Wet,Daylight
2020-03-25T12:28:00.000,I 285,,,Rear End,2,Clear,Dry,Daylight
2020-01-17T08:58:00.000,I 75,,,Rear End,2,Cloudy,Dry,Daylight
2020-10-09T05:35:00.000,I 285,,,Not a Collision with Motor Vehicle,1,Clear,Dry,Daylight
2020-07-17T16:33:00.000,I 75,,,Rear End,2,Clear,Dry,Daylight
2020-11-27T22:17:00.000,I 75,,,Not a Collision with Motor Vehicle,1,Rain,Wet,Dark-Not Lighted
2020-11-14T17:40:00.000,I 75,,,Rear End,2,Clear,Dry,Daylight
2020-06-20T00:00:00.000,I 285,,,Rear End,2,Clear,Dry,Daylight
2020-10-30T13:00:00.000,I 75,,,Rear End,2,Clear,Dry,Daylight
2020-10-30T12:39:00.000,I 285,,,Angle Crash,2,Clear,Dry,Daylight
2020-03-01T22:54:00.000,I 20,,,Rear End,2,Clear,Dry,Dark-Not Lighted
2020-10-29T17:06:00.000,I 285,,,Rear End,3,Cloudy,Dry,Dark-Lighted
2020-08-09T17:15:00.000,I 20,,,Sideswipe-Same Direction,2,Clear,Dry,Daylight
2020-05-27T07:25:00.000,I 75,,,Rear End,2,Cloudy,Dry,Dawn
2020-03-06T00:15:00.000,I 85,,,Sideswipe-Same Direction,2,Clear,Dry,Dark-Lighted
2020-01-18T01:29:00.000,I 95,,,Not a Collision with Motor Vehicle,1,Clear,Dry,Dark-Not Lighted
2020-08-26T15:13:00.000,I 75,,,Rear End,2,Clear,Dry,Daylight
2020-09-28T12:19:00.000,I 75,,,Sideswipe-Same Direction,2,Clear,Dry,Daylight
2020-08-07T16:19:00.000,I 95,,,Rear End,2,Rain,Wet,Daylight
2020-06-05T13:50:00.000,I 85,,,Sideswipe-Same Direction,2,Clear,Dry,Daylight
2020-02-06T06:00:00.000,I 20,,,Sideswipe-Same Direction,2,Rain,Wet,Dark-Not Lighted
2020-01-21T13:32:00.000,I 16,,,Sideswipe-Same Direction,1,Clear,Dry,Daylight
2020-11-12T18:00:00.000,I 20,,,Rear End,2,Cloudy,Dry,Dark-Not Lighted
2020-01-03T16:10:00.000,I 75,,,Rear End,3,Rain,Wet,Daylight
2020-01-24T17:02:00.000,I 75,,,Rear End,2,Clear,Dry,Daylight
2020-08-13T11:40:00.000,I 75,,,Sideswipe-Same Direction,2,Clear,Dry,Daylight
2020-08-03T16:25:00.000,I 75,,,Not a Collision with Motor Vehicle,1,Rain,Wet,Daylight
2020-08-25T22:02:00.000,I 75,,,Rear End,2,Clear,Dry,Dark-Not Lighted
2020-04-26T03:05:00.000,I 75,,,Not a Collision with Motor Vehicle,1,Clear,Dry,Dark-Not Lighted
2020-09-05T16:10:00.000,I 285,,,Angle Crash,2,Clear,Dry,Daylight
2020-11-10T13:25:00.000,I 20,,,Rear End,2,Cloudy,Dry,Daylight
2020-11-07T11:45:00.000,I 75,,,Sideswipe-Same Direction,2,Cloudy,Dry,Daylight
2020-01-28T12:25:00.000,I 285,,,Not a Collision with Motor Vehicle,1,Clear,Dry,Daylight
2020-07-16T12:35:00.000,I 75,,,Sideswipe-Same Direction,3,Cloudy,Dry,Daylight
2020-11-25T13:12:00.000,I 285,,,Rear End,2,Cloudy,Dry,Daylight
2020-08-10T17:16:00.000,I 16,,,Not a Collision with Motor Vehicle,1,Rain,Wet,Daylight
2020-02-24T17:27:00.000,I 285,,,Rear End,2,Rain,Wet,Daylight
2020-03-25T12:39:00.000,I 20,,,Sideswipe-Same Direction,2,Clear,Dry,Daylight
2020-07-14T16:40:00.000,I 75,,,Rear End,2,Cloudy,Dry,Daylight
2020-01-27T00:00:00.000,I 285,,,Not a Collision with Motor Vehicle,1,Clear,Dry,Daylight
2020-10-10T21:57:00.000,I 75,,,Not a Collision with Motor Vehicle,1,Rain,Wet,Dark-Not Lighted
2020-06-19T17:45:00.000,I 285,,,Rear End,3,Cloudy,Dry,Daylight
2020-02-03T00:00:00.000,I 285,,,Rear End,2,Clear,Dry,Daylight
2020-02-21T05:40:00.000,I 285,,,Rear End,2,Clear,Dry,Dark-Lighted
2020-12-01T17:48:00.000,I 285,,,Rear End,2,Clear,Dry,Dark-Not Lighted
2020-01-14T07:59:00.000,I 75,,,Sideswipe-Same Direction,2,Cloudy,Dry,Daylight
2020-12-15T20:10:00.000,I 75,,,Angle Crash,2,Clear,Dry,Dark-Lighted
2020-07-23T17:30:00.000,I 285,,,Rear End,2,Clear,Dry,Daylight
2020-03-23T11:00:00.000,I 75,,,Angle Crash,2,Rain,Wet,Daylight
2020-09-18T16:40:00.000,I 20,,,Rear End,2,Clear,Dry,Daylight
2020-07-18T17:52:00.000,I 20,,,Sideswipe-Same Direction,2,Clear,Dry,Daylight
2020-11-16T17:42:00.000,I 75,,,Rear End,2,Clear,Dry,Dusk
2020-03-16T15:15:00.000,I 20,,,Sideswipe-Same Direction,6,Cloudy,Dry,Daylight
2020-01-21T23:00:00.000,I 16,,,Not a Collision with Motor Vehicle,1,Clear,Dry,Dark-Lighted
2020-05-28T07:36:00.000,I 75,,,Not a Collision with Motor Vehicle,1,Clear,Dry,Daylight
2020-09-14T16:15:00.000,I 20,,,Rear End,2,Clear,Dry,Daylight
2020-08-15T15:25:00.000,I 85,,,Rear End,2,Clear,Wet,Daylight
2020-05-28T12:30:00.000,I 20,,,Sideswipe-Same Direction,2,Cloudy,Dry,Daylight
2020-10-09T20:27:00.000,I 75,,,Rear End,2,Rain,Wet,Dark-Not Lighted
2020-04-28T02:21:00.000,I 95,,,Rear End,2,Clear,Dry,Dark-Not Lighted
2020-02-25T07:34:00.000,I 20,,,Not a Collision with Motor Vehicle,1,Fog,Wet,Daylight
2020-06-19T22:19:00.000,I 20,,,Sideswipe-Same Direction,2,Cloudy,Dry,Dark-Not Lighted
2020-11-20T13:00:00.000,I 75,,,Rear End,2,Clear,Dry,Daylight
2020-09-27T21:08:00.000,I 20,,,Sideswipe-Same Direction,3,Cloudy,Wet,Dark-Lighted
2020-10-29T11:00:00.000,I 75,,,Sideswipe-Same Direction,2,Cloudy,Wet,Daylight
2020-10-02T17:30:00.000,I 75,,,Rear End,2,Clear,Dry,Daylight
2020-08-12T05:53:00.000,I 75,,,Sideswipe-Same Direction,2,Clear,Dry,Dark-Not Lighted
2020-06-25T13:32:00.000,I 75,,,Rear End,2,Clear,Dry,Daylight
2020-02-24T01:28:00.000,I 20,,,Sideswipe-Same Direction,1,Clear,Dry,Dark-Not Lighted
2020-11-11T12:20:00.000,Sr 120,,,Sideswipe-Same Direction,2,Rain,Wet,Daylight
2020-06-29T17:33:00.000,I 285,,,Rear End,3,Cloudy,Dry,Daylight
2020-06-10T17:36:00.000,I 285,,,Rear End,2,Rain,Wet,Daylight
2020-09-14T16:16:00.000,I 285,,,Sideswipe-Same Direction,3,Rain,Wet,Daylight
2020-03-02T14:11:00.000,I 85,,,Rear End,2,Rain,Wet,Daylight
2020-09-25T12:52:00.000,I 75,,,Rear End,2,Rain,Wet,Daylight
2020-08-22T09:10:00.000,I 285,,,Not a Collision with Motor Vehicle,1,Clear,Dry,Daylight
2020-04-29T19:10:00.000,I 95,,,Not a Collision with Motor Vehicle,2,Clear,Dry,Daylight
2020-10-20T09:25:00.000,I 285,,,Not a Collision with Motor Vehicle,1,Clear,Dry,Daylight
2020-02-21T18:45:00.000,I 285,,,Angle Crash,2,Clear,Dry,Dark-Lighted
2020-09-25T14:05:00.000,I 16,,,Angle Crash,1,Rain,Wet,Daylight
2020-03-20T21:13:00.000,I 16,,,Angle Crash,2,Clear,Dry,Dark-Lighted
2020-05-06T11:29:00.000,I 75,,,Not a Collision with Motor Vehicle,2,Clear,Dry,Daylight
2020-07-14T14:25:00.000,I 75,,,Sideswipe-Same Direction,2,Clear,Dry,Daylight
2020-06-21T15:55:00.000,I 85,,,Rear End,2,Clear,Dry,Daylight
2020-04-04T16:25:00.000,I 85,,,Sideswipe-Same Direction,2,Clear,Dry,Daylight
2020-03-12T08:49:00.000,I 285,,,Sideswipe-Same Direction,2,Cloudy,Dry,Daylight
2020-01-07T17:40:00.000,I 85,,,Rear End,2,Clear,Dry,Daylight
2020-06-12T09:07:00.000,I 20,,,Rear End,2,Clear,Dry,Daylight
2020-04-01T13:15:00.000,I 20,,,Not a Collision with Motor Vehicle,1,Clear,Dry,Daylight
2020-10-18T23:30:00.000,I 20,,,Head On,3,Clear,Dry,Dark-Lighted
2020-02-27T00:52:00.000,I 20,,,Rear End,2,Clear,Dry,Dark-Not Lighted
2020-10-31T23:46:00.000,I 20,,,Rear End,2,Clear,Dry,Dark-Not Lighted
2020-05-08T22:27:00.000,I 85,,,Not a Collision with Motor Vehicle,1,Cloudy,Wet,Dark-Lighted
2020-08-19T05:59:00.000,I 85,,,Not a Collision with Motor Vehicle,1,Clear,Sand,Dark-Lighted
2020-08-07T06:55:00.000,I 75,,,Sideswipe-Same Direction,2,Clear,Dry,Dawn
2020-04-30T12:08:00.000,I 85,,,Not a Collision with Motor Vehicle,1,Cloudy,Dry,Daylight
2020-08-13T22:19:00.000,I 285,,,Sideswipe-Same Direction,2,Rain,Wet,Dark-Not Lighted
2020-01-03T15:58:00.000,I 285,,,Angle Crash,2,Rain,Wet,Daylight
2020-07-18T23:30:00.000,I 20,,,Not a Collision with Motor Vehicle,1,Cloudy,Dry,Dark-Not Lighted
2020-05-18T08:00:00.000,I 285,,,Sideswipe-Same Direction,2,Cloudy,Dry,Daylight
2020-10-10T14:45:00.000,I 75,,,Rear End,2,Rain,Wet,Daylight
2020-03-05T17:21:00.000,I 75,,,Rear End,2,Cloudy,Wet,Daylight
2020-01-22T09:36:00.000,I 285,,,Rear End,2,Clear,Dry,Daylight
2020-06-12T10:38:00.000,I 285,,,Sideswipe-Same Direction,2,Cloudy,Dry,Daylight
2020-11-11T14:50:00.000,I 20,,,Sideswipe-Same Direction,2,Cloudy,Wet,Daylight
2020-10-30T15:35:00.000,I 75,,,Rear End,2,Clear,Dry,Daylight
2020-06-29T22:04:00.000,I 20,,,Angle Crash,2,Clear,Dry,Dark-Lighted
2020-12-16T10:51:00.000,I 75,,,Not a Collision with Motor Vehicle,1,Rain,Wet,Dark-Lighted
2020-10-29T00:47:00.000,I 95,,,Not a Collision with Motor Vehicle,1,Clear,Dry,Dark-Not Lighted
2020-03-31T11:30:00.000,I 75,,,Not a Collision with Motor Vehicle,1,Rain,Wet,Daylight
2020-02-28T07:00:00.000,I 75,,,Rear End,2,Clear,Dry,Daylight
2020-12-21T02:55:00.000,I 75,,,Angle Crash,2,Cloudy,Dry,Dark-Not Lighted
2020-08-14T12:54:00.000,I 85,,,Angle Crash,3,Cloudy,Dry,Daylight
2020-05-24T21:40:00.000,I 75,,,Rear End,2,Clear,Dry,Dark-Not Lighted
2020-01-13T07:40:00.000,I 75,,,Rear End,2,Rain,Wet,Daylight
2020-02-10T11:54:00.000,I 20,,,Not a Collision with Motor Vehicle,1,Rain,Wet,Daylight
2020-02-28T07:50:00.000,I 285,,,Rear End,2,Clear,Dry,Daylight
2020-02-10T14:11:00.000,I 20,,,Sideswipe-Same Direction,2,Rain,Wet,Daylight
2020-01-16T09:30:00.000,I 75,,,Rear End,2,Cloudy,Wet,Daylight
2020-01-03T16:50:00.000,I 75,,,Sideswipe-Same Direction,2,Rain,Wet,Daylight
2020-02-24T05:53:00.000,I 75,,,Sideswipe-Same Direction,2,Rain,Wet,Dark-Not Lighted
2020-08-14T00:51:00.000,I 85,,,Rear End,4,Rain,Wet,Dark-Lighted
2020-04-13T19:10:00.000,I 20,,,Sideswipe-Same Direction,2,Cloudy,Dry,Daylight
2020-01-18T17:45:00.000,I 85,,,Angle Crash,2,Cloudy,Wet,Dusk
2020-01-30T06:57:00.000,I 16,,,Sideswipe-Same Direction,2,Cloudy,Wet,Daylight
2020-01-29T06:33:00.000,I 75,,,Rear End,2,Cloudy,Dry,Dark-Not Lighted
2020-01-17T19:40:00.000,I 285,,,Rear End,2,Clear,Dry,Dark-Lighted
2020-03-11T17:00:00.000,I 75,,,Rear End,3,Clear,Dry,Daylight
2020-10-02T15:16:00.000,I 75,,,Rear End,2,Clear,Dry,Daylight
2020-03-30T11:45:00.000,I 285,,,Not a Collision with Motor Vehicle,2,Clear,Dry,Daylight
2020-03-12T07:07:00.000,I 75,,,Rear End,3,Cloudy,Wet,Dark-Not Lighted
2020-10-17T15:46:00.000,I 285,,,Rear End,2,Clear,Dry,Daylight
2020-07-30T13:45:00.000,I 20,,,Not a Collision with Motor Vehicle,2,Cloudy,Dry,Daylight
2020-10-28T06:21:00.000,I 75,,,Not a Collision with Motor Vehicle,1,Rain,Wet,Dark-Not Lighted
2020-05-14T21:57:00.000,I 285,,,Not a Collision with Motor Vehicle,1,Clear,Dry,Dark-Not Lighted
2020-07-03T08:46:00.000,I 95,,,Sideswipe-Same Direction,2,Clear,Dry,Daylight
2020-12-24T10:47:00.000,I 20,,,Not a Collision with Motor Vehicle,1,Rain,Wet,Daylight
2020-04-29T17:10:00.000,I 75,,,Not a Collision with Motor Vehicle,1,Rain,Wet,Daylight
2020-01-17T07:37:00.000,I 75,,,Rear End,2,Clear,Dry,Daylight
2020-03-23T12:20:00.000,I 285,,,Not a Collision with Motor Vehicle,1,Rain,Wet,Daylight
2020-12-26T12:00:00.000,I 285,,,Rear End,2,Clear,Dry,Daylight
2020-06-11T17:30:00.000,I 20,,,Sideswipe-Same Direction,2,Clear,Dry,Daylight
2020-10-09T20:08:00.000,I 16,,,Not a Collision with Motor Vehicle,1,Rain,Wet,Dark-Not Lighted
2020-08-25T16:18:00.000,I 20,,,Not a Collision with Motor Vehicle,1,Rain,Wet,Daylight
2020-01-27T00:00:00.000,I 285,,,Sideswipe-Same Direction,2,Cloudy,Dry,Daylight
2020-03-17T14:20:00.000,I 75,,,Sideswipe-Same Direction,2,Cloudy,Dry,Daylight
2020-02-05T22:15:00.000,I 285,,,Not a Collision with Motor Vehicle,1,Rain,Water (standing or moving),Dark-Lighted
2020-01-16T16:58:00.000,I 95,,,Rear End,2,Clear,Dry,Daylight
2020-03-23T19:38:00.000,I 20,,,Not a Collision with Motor Vehicle,1,Cloudy,Wet,Daylight
2020-01-24T10:32:00.000,I 285,,,Angle Crash,2,Cloudy,Wet,Daylight
2020-11-20T13:47:00.000,I 75,,,Not a Collision with Motor Vehicle,1,Clear,Dry,Daylight
2020-10-18T02:15:00.000,I 85,,,Rear End,2,Clear,Dry,Dark-Lighted
2020-03-09T06:44:00.000,I 285,,,Rear End,2,Clear,Dry,Dark-Not Lighted
2020-01-07T15:17:00.000,I 285,,,Rear End,2,Clear,Dry,Daylight
2020-06-18T05:45:00.000,I 85,,,Sideswipe-Same Direction,3,Clear,Dry,Dark-Lighted
2020-06-30T09:35:00.000,I 285,,,Rear End,3,Clear,Dry,Daylight
2020-08-08T18:29:00.000,I 20,,,Rear End,2,Clear,Dry,Daylight
2020-07-26T15:40:00.000,I 285,,,Sideswipe-Same Direction,2,Clear,Dry,Daylight
2020-04-28T02:20:00.000,I 95,,,Rear End,2,Clear,Dry,Dark-Not Lighted
2020-03-23T10:07:00.000,I 75,,,Not a Collision with Motor Vehicle,1,Rain,Wet,Daylight
2020-08-07T15:50:00.000,I 75,,,Sideswipe-Same Direction,2,Clear,Dry,Daylight
2020-02-18T13:44:00.000,I 75,,,Rear End,4,Rain,Wet,Daylight
2020-02-28T15:45:00.000,I 75,,,Rear End,3,Cloudy,Dry,Daylight
2020-08-31T07:33:00.000,I 85,,,Sideswipe-Same Direction,2,Rain,Wet,Daylight
2020-01-02T12:07:00.000,I 20,,,Rear End,2,Rain,Wet,Daylight
2020-07-01T09:15:00.000,I 75,,,Sideswipe-Same Direction,2,Clear,Dry,Daylight
2020-01-09T20:30:00.000,I 75,,,Not a Collision with Motor Vehicle,2,Clear,Dry,Dark-Lighted
2020-12-22T12:30:00.000,I 285,,,Sideswipe-Same Direction,2,Clear,Dry,Daylight
2020-11-14T18:30:00.000,I 20,,,Sideswipe-Same Direction,2,Clear,Dry,Dark-Not Lighted
2020-01-08T11:10:00.000,I 20,,,Rear End,2,Clear,Dry,Daylight
2020-09-16T21:50:00.000,I 285,,,Not a Collision with Motor Vehicle,1,Rain,Wet,Dark-Not Lighted
2020-11-24T19:55:00.000,I 16,,,Not a Collision with Motor Vehicle,1,Clear,Dry,Dark-Not Lighted
2020-07-26T00:28:00.000,I 75,,,Not a Collision with Motor Vehicle,1,Clear,Dry,Dark-Not Lighted
2020-03-10T15:28:00.000,I 285,,,Rear End,2,Cloudy,Dry,Daylight
2020-04-27T16:50:00.000,I 20,,,Sideswipe-Same Direction,3,Clear,Dry,Daylight
2020-10-06T00:32:00.000,I 20,,,Angle Crash,2,Clear,Dry,Dark-Not Lighted
2020-07-05T12:04:00.000,I 85,,,Sideswipe-Same Direction,2,Clear,Dry,Daylight
2020-09-17T05:54:00.000,I 20,,,Rear End,2,Rain,Wet,Dark-Lighted
2020-09-11T13:34:00.000,I 75,,,Rear End,2,Clear,Dry,Daylight
2020-06-18T11:57:00.000,I 285,,,Not a Collision with Motor Vehicle,2,Clear,Dry,Daylight
2020-12-18T16:33:00.000,I 285,,,Sideswipe-Same Direction,2,Clear,Dry,Daylight
2020-05-12T15:12:00.000,I 20,,,Sideswipe-Same Direction,1,Clear,Dry,Daylight