Date and Time,Roadway (From Crash Report),Intersection Name (from Crash Report),KABCO Severity,Manner of Collision (Crash Level) ,# of Vehicles per crash ,Weather Conditions (Crash Level),Surface Condition (Crash Level) ,Light Conditions (Crash Level)
2020-09-21T11:49:00.000,I 75,,,Sideswipe-Same Direction,2,Clear,Dry,Daylight
2020-02-04T06:52:00.000,I 75,,,Rear End,2,Cloudy,Dry,Dark-Not Lighted
2020-11-02T19:50:00.000,I 20,,,Rear End,2,Clear,Dry,Dark-Not Lighted
2020-04-25T23:48:00.000,I 85,,,Sideswipe-Same Direction,2,Clear,Dry,Dark-Not Lighted
2020-01-14T15:22:00.000,I 285,,,Rear End,2,Rain,Wet,Daylight
2020-03-11T22:48:00.000,I 75,,,Sideswipe-Same Direction,2,Clear,Dry,Dark-Not Lighted
2020-09-18T16:00:00.000,I 75,,,Rear End,2,Cloudy,Dry,Daylight
2020-01-02T16:30:00.000,I 85,,,Not a Collision with Motor Vehicle,1,Rain,Wet,Daylight
2020-08-11T18:43:00.000,I 75,,,Not a Collision with Motor Vehicle,1,Clear,Dry,Daylight
2020-06-04T09:51:00.000,I 75,,,Angle Crash,2,Clear,Dry,Daylight
2020-02-24T11:10:00.000,I 75,,,Sideswipe-Same Direction,2,Rain,Wet,Daylight
2020-02-26T15:50:00.000,I 75,,,Rear End,2,Rain,Wet,Daylight
2020-02-12T15:17:00.000,I 85,,,Rear End,2,Clear,Dry,Daylight
2020-02-28T17:55:00.000,I 75,,,Sideswipe-Same Direction,2,Cloudy,Dry,Dusk
2020-01-13T09:54:00.000,I 75,,,Rear End,2,Rain,Wet,Daylight
2020-03-23T09:23:00.000,I 75,,,Not a Collision with Motor Vehicle,1,Rain,Wet,Daylight
2020-02-20T08:26:00.000,I 285,,,Rear End,3,Rain,Wet,Daylight
2020-11-20T14:48:00.000,I 85,,,Sideswipe-Same Direction,2,Clear,Dry,Daylight
2020-05-28T06:50:00.000,I 285,,,Sideswipe-Same Direction,2,Rain,Wet,Daylight
2020-01-07T15:42:00.000,I 285,,,Rear End,2,Clear,Dry,Daylight
2020-03-04T18:37:00.000,I 75,,,Angle Crash,2,Rain,Wet,Dark-Not Lighted
2020-02-17T06:32:00.000,I 85,,,Rear End,2,Fog,Dry,Dark-Not Lighted
2020-02-13T07:45:00.000,I 285,,,Sideswipe-Same Direction,2,Rain,Wet,Daylight
2020-02-20T09:53:00.000,I 85,,,Rear End,2,Rain,Wet,Daylight
2020-05-26T19:12:00.000,I 85,,,Not a Collision with Motor Vehicle,1,Rain,Wet,Daylight
2020-03-05T06:30:00.000,I 75,,,Not a Collision with Motor Vehicle,2,Fog,Ice/Frost,Daylight
2020-11-25T05:04:00.000,I 75,,,Sideswipe-Same Direction,2,Cloudy,Dry,Daylight
2020-01-26T23:40:00.000,I 16,,,Rear End,2,Cloudy,Dry,Dark-Not Lighted
2020-01-10T14:30:00.000,I 75,,,Sideswipe-Same Direction,2,Cloudy,Dry,Daylight
2020-04-25T14:25:00.000,I 285,,,Sideswipe-Same Direction,3,Clear,Dry,Daylight
2020-10-10T21:20:00.000,I 85,,,Sideswipe-Same Direction,2,Rain,Wet,Dark-Not Lighted
2020-11-11T09:19:00.000,I 85,,,Not a Collision with Motor Vehicle,1,Clear,Wet,Daylight
2020-03-18T19:55:00.000,I 75,,,Not a Collision with Motor Vehicle,1,Rain,Wet,Dark-Lighted
2020-08-28T14:12:00.000,I 285,,,Rear End,3,Cloudy,Dry,Daylight
2020-05-02T16:05:00.000,I 285,,,Angle Crash,2,Clear,Dry,Daylight
2020-09-05T15:00:00.000,I 20,,,Rear End,4,Clear,Dry,Daylight
2020-07-28T14:35:00.000,I 20,,,Not a Collision with Motor Vehicle,1,Cloudy,Wet,Daylight
2020-02-13T17:40:00.000,I 75,,,Rear End,2,Cloudy,Dry,Dark-Lighted
2020-04-22T10:25:00.000,I 75,,,Not a Collision with Motor Vehicle,1,Clear,Dry,Daylight
2020-04-23T19:37:00.000,I 95,,,(None),2,(None),(None),(None)
2020-01-15T07:37:00.000,I 20,,,Rear End,2,Clear,Dry,Daylight
2020-08-19T18:00:00.000,I 285,,,Rear End,3,Cloudy,Dry,Daylight
2020-08-07T21:30:00.000,I 285,,,Sideswipe-Same Direction,2,Clear,Dry,Dark-Lighted
2020-01-20T16:40:00.000,I 20,,,Sideswipe-Same Direction,2,Clear,Dry,Dark-Not Lighted
2020-09-26T03:34:00.000,I 75,,,Sideswipe-Same Direction,2,Clear,Dry,Dark-Not Lighted
2020-04-19T19:49:00.000,I 285,,,Sideswipe-Same Direction,2,Rain,Wet,Dark-Lighted
2020-08-08T00:00:00.000,I 285,,,Rear End,2,Clear,Dry,Daylight
2020-01-20T07:04:00.000,I 75,,,Rear End,1,Clear,Dry,Dark-Not Lighted
2020-08-07T19:10:00.000,I 75,,,Rear End,2,Clear,Dry,Daylight
2020-02-25T17:30:00.000,I 20,,,Rear End,2,Clear,Dry,Daylight
2020-12-17T14:30:00.000,I 75,,,Rear End,2,Clear,Dry,Daylight
2020-07-30T13:47:00.000,I 95,,,Sideswipe-Same Direction,3,Cloudy,Wet,Daylight
2020-07-30T07:25:00.000,I 16,,,(None),2,(None),(None),(None)
2020-02-04T14:44:00.000,I 75,,,Rear End,2,Clear,Dry,Dark-Lighted
2020-08-11T14:14:00.000,I 75,,,Sideswipe-Same Direction,2,Clear,Dry,Daylight
2020-12-17T23:30:00.000,I 285,,,Rear End,2,Clear,Dry,Dark-Lighted
2020-09-25T01:35:00.000,I 85,,,Not a Collision with Motor Vehicle,1,Rain,Wet,Dark-Not Lighted
2020-09-21T15:05:00.000,I 285,,,Angle Crash,3,Clear,Dry,Daylight
2020-10-22T00:00:00.000,I 75,,,Not a Collision with Motor Vehicle,2,Clear,Dry,Daylight
2020-10-15T07:39:00.000,I 85,,,Sideswipe-Same Direction,2,Clear,Dry,Daylight
2020-07-16T21:55:00.000,I 85,,,Rear End,2,Clear,Dry,Dark-Not Lighted
2020-06-19T08:05:00.000,I 75,,,Sideswipe-Same Direction,2,Cloudy,Dry,Daylight
2020-02-06T11:18:00.000,I 75,,,Not a Collision with Motor Vehicle,1,Rain,Wet,Daylight
2020-02-16T02:43:00.000,I 285,,,Not a Collision with Motor Vehicle,1,Clear,Dry,Dark-Not Lighted
2020-01-22T14:35:00.000,I 75,,,Not a Collision with Motor Vehicle,1,Cloudy,Dry,Daylight
2020-02-07T03:20:00.000,I 20,,,Not a Collision with Motor Vehicle,1,Clear,Dry,Dark-Not Lighted
2020-02-04T08:00:00.000,I 285,,,Sideswipe-Same Direction,2,Cloudy,Dry,Daylight
2020-03-07T13:00:00.000,I 285,,,Rear End,2,Clear,Dry,Daylight
2020-08-24T22:50:00.000,I 20,,,Sideswipe-Same Direction,2,Other,Wet,Dark-Not Lighted
2020-01-31T10:44:00.000,I 75,,,Rear End,4,Cloudy,Wet,Daylight
2020-09-09T16:20:00.000,I 75,,,Rear End,2,Clear,Dry,Daylight
2020-10-09T17:53:00.000,I 285,,,Rear End,2,Rain,Wet,Dusk
2020-11-23T00:00:00.000,I 20,,,Rear End,2,Clear,Dry,Dark-Lighted
2020-11-03T13:25:00.000,I 20,,,Sideswipe-Same Direction,2,Clear,Dry,Daylight
2020-06-29T13:18:00.000,I 75,,,Rear End,3,Clear,Dry,Daylight
2020-06-01T19:07:00.000,I 85,,,Not a Collision with Motor Vehicle,1,Clear,Dry,Daylight
2020-08-18T11:18:00.000,I 75,,,Sideswipe-Same Direction,2,Cloudy,Dry,Daylight
2020-02-06T07:41:00.000,I 75,,,Rear End,3,Rain,Wet,Daylight
2020-05-16T00:00:00.000,I 95,,,Rear End,2,Clear,Dry,Dark-Lighted
2020-12-24T08:14:00.000,I 85,,,Not a Collision with Motor Vehicle,1,Rain,Wet,Daylight
2020-09-23T16:02:00.000,I 285,,,Sideswipe-Same Direction,2,Clear,Dry,Daylight
2020-04-10T16:14:00.000,I 20,,,Not a Collision with Motor Vehicle,2,Clear,Dry,Daylight
2020-08-28T13:00:00.000,I 75,,,Rear End,2,Cloudy,Dry,Daylight
2020-05-26T12:20:00.000,I 20,,,Sideswipe-Same Direction,2,Cloudy,Dry,Daylight
2020-09-20T22:05:00.000,I 285,,,Rear End,2,Clear,Dry,Dark-Not Lighted
2020-12-30T18:29:00.000,I 75,,,Sideswipe-Same Direction,2,Clear,Dry,Dark-Not Lighted
2020-11-02T18:40:00.000,I 75,,,Sideswipe-Same Direction,2,Clear,Dry,Dark-Not Lighted
2020-08-01T15:30:00.000,Sr 141,,,Rear End,2,Clear,Dry,Daylight
2020-04-19T21:10:00.000,I 285,,,Not a Collision with Motor Vehicle,1,Rain,Water (standing or moving),Dark-Not Lighted
2020-07-08T14:40:00.000,I 20,,,Rear End,3,Rain,Wet,Daylight
2020-06-05T00:00:00.000,I 285,,,Not a Collision with Motor Vehicle,2,Clear,Dry,Daylight
2020-02-11T12:47:00.000,I 75,,,Not a Collision with Motor Vehicle,2,Cloudy,Wet,Daylight
2020-09-30T13:30:00.000,I 285,,,Sideswipe-Same Direction,2,Clear,Dry,Daylight
2020-09-02T00:00:00.000,I 285,,,Rear End,3,Clear,Dry,Dark-Not Lighted
2020-01-13T07:18:00.000,I 285,,,Rear End,2,Rain,Wet,Dawn
2020-02-10T20:42:00.000,I 20,,,Rear End,2,Rain,Wet,Dark-Not Lighted
2020-07-30T15:05:00.000,I 20,,,Not a Collision with Motor Vehicle,1,Clear,Dry,Daylight
2020-06-30T12:50:00.000,I 85,,,Not a Collision with Motor Vehicle,1,Clear,Dry,Daylight
2020-11-09T08:43:00.000,I 75,,,Sideswipe-Same Direction,2,Cloudy,Dry,Daylight
2020-02-26T09:15:00.000,I 75,,,Rear End,2,Clear,Dry,Daylight
2020-01-31T18:30:00.000,I 20,,,Rear End,2,Clear,Dry,Dark-Lighted
2020-01-07T08:25:00.000,I 85,,,Rear End,2,Cloudy,Dry,Daylight
2020-08-09T03:55:00.000,I 75,,,Not a Collision with Motor Vehicle,1,Clear,Dry,Dark-Not Lighted
2020-07-10T14:35:00.000,I 85,,,Not a Collision with Motor Vehicle,2,Clear,Dry,Daylight
2020-02-06T09:29:00.000,I 20,,,Not a Collision with Motor Vehicle,1,Rain,Wet,Daylight
2020-08-20T14:50:00.000,I 75,,,Rear End,2,Clear,Dry,Daylight
2020-01-19T02:58:00.000,I 85,,,Sideswipe-Same Direction,2,Clear,Wet,Dark-Lighted
2020-05-25T15:20:00.000,I 75,,,Not a Collision with Motor Vehicle,1,Clear,Dry,Daylight
2020-06-15T17:23:00.000,I 75,,,Rear End,2,Rain,Wet,Daylight
2020-11-30T19:53:00.000,I 75,,,Angle Crash,2,Cloudy,Dry,Dark-Not Lighted
2020-06-06T17:09:00.000,I 16,,,Head On,1,Rain,Wet,Daylight
2020-07-01T00:30:00.000,I 285,,,Not a Collision with Motor Vehicle,1,Clear,Dry,Dark-Not Lighted
2020-07-09T17:35:00.000,I 85,,,Rear End,2,Cloudy,Dry,Daylight
2020-09-21T06:31:00.000,I 75,,,Sideswipe-Same Direction,2,Cloudy,Dry,Dark-Not Lighted
2020-10-28T12:54:00.000,I 85,,,Rear End,3,Cloudy,Wet,Daylight
2020-07-06T06:00:00.000,I 75,,,Rear End,4,Cloudy,Dry,Daylight
2020-10-30T16:01:00.000,I 75,,,Rear End,2,Clear,Dry,Daylight
2020-11-23T08:10:00.000,I 20,,,Sideswipe-Same Direction,2,Clear,Dry,Daylight
2020-10-09T21:53:00.000,I 85,,,Sideswipe-Same Direction,2,Rain,Wet,Dark-Lighted
2020-01-02T14:49:00.000,I 16,,,Sideswipe-Same Direction,2,Cloudy,Dry,Daylight
2020-02-24T07:50:00.000,I 75,,,Rear End,2,Rain,Wet,Daylight
2020-04-27T18:33:00.000,I 20,,,Rear End,2,Clear,Dry,Daylight
2020-02-28T07:59:00.000,I 20,,,Rear End,3,Clear,Dry,Daylight
2020-10-21T13:31:00.000,I 285,,,Rear End,2,Clear,Dry,Daylight
2020-01-20T13:20:00.000,I 75,,,Sideswipe-Same Direction,2,Clear,Dry,Daylight
2020-10-10T11:55:00.000,I 75,,,Rear End,2,Rain,Wet,Daylight
2020-02-27T20:15:00.000,I 285,,,Rear End,2,Clear,Dry,Dark-Not Lighted
2020-08-21T16:25:00.000,I 20,,,Sideswipe-Same Direction,2,Clear,Dry,Daylight
2020-06-29T15:23:00.000,I 285,,,Rear End,2,Cloudy,Dry,Daylight
2020-10-03T20:40:00.000,I 16,,,(None),1,(None),(None),(None)
2020-09-09T13:49:00.000,I 285,,,Angle Crash,2,Clear,Dry,Daylight
2020-11-10T05:12:00.000,I 20,,,Rear End,2,Rain,Wet,Dark-Not Lighted
2020-01-24T22:00:00.000,I 75,,,Sideswipe-Same Direction,3,Clear,Dry,Daylight
2020-10-20T11:25:00.000,I 285,,,Rear End,2,Clear,Dry,Daylight
2020-01-21T15:40:00.000,I 20,,,Rear End,2,Clear,Dry,Daylight
2020-03-12T08:09:00.000,I 75,,,Not a Collision with Motor Vehicle,1,Cloudy,Dry,Daylight
2020-10-28T08:50:00.000,I 16,,,Rear End,2,Clear,Dry,Daylight
2020-01-02T14:33:00.000,I 20,,,Sideswipe-Same Direction,2,Rain,Wet,Daylight
2020-06-21T15:31:00.000,I 16,,,Not a Collision with Motor Vehicle,1,Clear,Dry,Daylight
2020-06-26T18:10:00.000,I 75,,,Rear End,2,Cloudy,Dry,Daylight
2020-11-10T20:30:00.000,I 285,,,Angle Crash,2,Cloudy,Wet,Dark-Not Lighted
2020-02-13T02:25:00.000,I 75,,,Not a Collision with Motor Vehicle,1,Rain,Wet,Dark-Not Lighted
2020-06-08T10:35:00.000,I 20,,,Sideswipe-Same Direction,2,Cloudy,Dry,Daylight
2020-11-02T18:30:00.000,I 75,,,Angle Crash,3,Clear,Dry,Dark-Not Lighted
2020-07-24T15:37:00.000,I 20,,,Rear End,2,Clear,(None),Daylight
2020-04-16T11:49:00.000,I 75,,,Sideswipe-Same Direction,2,Clear,Dry,Daylight
2020-12-01T15:14:00.000,I 85,,,Sideswipe-Same Direction,2,Clear,Dry,Daylight
2020-06-09T15:58:00.000,I 75,,,Rear End,2,Rain,Wet,Daylight
2020-04-12T17:26:00.000,I 285,,,Rear End,2,Cloudy,Wet,Daylight
2020-05-11T07:52:00.000,I 75,,,Not a Collision with Motor Vehicle,1,Clear,Dry,Daylight
2020-02-22T22:37:00.000,I 85,,,Angle Crash,3,Clear,Dry,Dark-Lighted
2020-02-14T17:54:00.000,I 285,,,Sideswipe-Same Direction,2,Clear,Dry,Daylight
2020-06-07T16:18:00.000,I 20,,,Sideswipe-Same Direction,2,Clear,Dry,Daylight
2020-05-08T08:40:00.000,I 75,,,Sideswipe-Same Direction,2,Cloudy,Dry,Daylight
2020-05-08T14:35:00.000,I 75,,,Rear End,2,Rain,Wet,Daylight
2020-01-24T17:01:00.000,I 16,,,Not a Collision with Motor Vehicle,2,Cloudy,Wet,Daylight
2020-10-26T10:52:00.000,I 285,,,Sideswipe-Same Direction,2,Cloudy,Dry,Daylight
2020-09-17T08:30:00.000,I 95,,,Not a Collision with Motor Vehicle,1,Clear,Wet,Daylight
2020-03-03T16:15:00.000,I 75,,,Not a Collision with Motor Vehicle,1,Rain,Wet,Daylight
2020-06-10T12:25:00.000,I 20,,,Angle Crash,2,Cloudy,Dry,Daylight
2020-12-30T11:10:00.000,I 285,,,Not a Collision with Motor Vehicle,1,Cloudy,Dry,Daylight
2020-06-02T15:00:00.000,I 20,,,Rear End,2,Cloudy,Dry,Daylight
2020-09-12T19:01:00.000,I 85,,,Angle Crash,2,Cloudy,Wet,Daylight
2020-12-19T22:46:00.000,I 85,,,Sideswipe-Same Direction,2,Clear,Dry,Dark-Not Lighted
2020-03-23T18:12:00.000,I 285,,,Not a Collision with Motor Vehicle,1,Rain,Wet,Daylight
2020-01-19T17:44:00.000,I 285,,,Not a Collision with Motor Vehicle,1,Clear,Dry,Daylight
2020-08-27T17:20:00.000,I 85,,,Rear End,2,Clear,Dry,Daylight
2020-12-22T10:35:00.000,I 75,,,Rear End,2,Clear,Dry,Daylight
2020-10-28T00:00:00.000,I 285,,,Rear End,3,Rain,Wet,Daylight
2020-01-21T18:58:00.000,I 285,,,Rear End,2,Clear,Dry,Dark-Lighted
2020-05-04T13:30:00.000,I 75,,,Rear End,2,Clear,Dry,Daylight
2020-04-28T00:00:00.000,I 285,,,Rear End,2,Clear,Dry,Daylight
2020-07-14T12:15:00.000,I 75,,,Rear End,2,Clear,Dry,Daylight
2020-11-28T16:36:00.000,I 16,,,Not a Collision with Motor Vehicle,1,Cloudy,Dry,Daylight
2020-11-13T12:07:00.000,I 75,,,Sideswipe-Same Direction,2,Clear,Dry,Daylight
2020-11-11T17:20:00.000,I 285,,,Sideswipe-Same Direction,2,Cloudy,Wet,Dark-Not Lighted
2020-06-12T00:25:00.000,I 285,,,Not a Collision with Motor Vehicle,1,Clear,Dry,Dark-Not Lighted
2020-01-17T16:07:00.000,I 95,,,Sideswipe-Same Direction,2,Clear,Dry,Daylight
2020-01-28T15:17:00.000,I 285,,,Rear End,2,Clear,Dry,Daylight
2020-04-15T00:00:00.000,I 20,,,Sideswipe-Same Direction,2,Cloudy,Dry,Daylight
2020-11-25T17:30:00.000,I 20,,,Angle Crash,2,Rain,Wet,Dark-Not Lighted
2020-09-22T07:55:00.000,I 285,,,Rear End,2,Clear,Dry,Daylight
2020-07-10T09:50:00.000,I 285,,,Sideswipe-Same Direction,2,Clear,Dry,Daylight
2020-05-11T16:20:00.000,I 285,,,Rear End,2,Clear,Dry,Daylight
2020-06-16T11:59:00.000,I 285,,,Sideswipe-Same Direction,2,Clear,Dry,Daylight
2020-09-07T14:50:00.000,I 85,,,Rear End,2,Clear,Dry,Daylight
2020-02-20T10:55:00.000,I 85,,,Sideswipe-Same Direction,2,Rain,Wet,Daylight
2020-10-13T18:35:00.000,I 285,,,Rear End,2,Clear,Dry,Daylight
2020-03-02T18:32:00.000,I 85,,,Angle Crash,2,Rain,Wet,Dark-Lighted
2020-08-24T20:24:00.000,I 285,,,Rear End,2,Rain,Wet,Dark-Not Lighted
2020-02-18T06:59:00.000,I 75,,,Rear End,2,Rain,Wet,Dark-Not Lighted
2020-02-24T00:00:00.000,I 75,,,Sideswipe-Same Direction,2,Rain,Wet,Dark-Not Lighted
2020-01-09T18:27:00.000,I 285,,,Rear End,2,Cloudy,Dry,Dark-Not Lighted
2020-02-15T20:09:00.000,I 85,,,Rear End,2,Clear,Dry,Dark-Lighted
2020-09-15T08:24:00.000,I 20,,,Not a Collision with Motor Vehicle,1,Cloudy,Wet,Daylight
2020-05-19T15:25:00.000,I 20,,,Sideswipe-Same Direction,2,Clear,Dry,Daylight
2020-07-09T20:10:00.000,I 285,,,Not a Collision with Motor Vehicle,1,Rain,Water (standing or moving),Dusk
2020-02-18T10:31:00.000,I 75,,,Sideswipe-Same Direction,2,Rain,Wet,Daylight
2020-11-25T15:00:00.000,I 75,,,Angle Crash,2,Cloudy,Dry,Daylight
2020-04-30T11:44:00.000,I 20,,,Not a Collision with Motor Vehicle,1,Cloudy,Dry,Daylight
2020-07-18T11:50:00.000,I 20,,,Not a Collision with Motor Vehicle,1,Clear,Dry,Daylight
2020-03-03T17:05:00.000,I 16,,,Rear End,2,Rain,Wet,Daylight
2020-05-28T00:00:00.000,I 285,,,Rear End,3,Clear,Dry,Daylight
2020-06-19T16:50:00.000,I 285,,,Rear End,2,Clear,Dry,Daylight
2020-02-21T07:27:00.000,I 285,,,Rear End,2,Clear,Dry,Daylight
2020-06-26T15:02:00.000,I 85,,,Rear End,2,Clear,Dry,Daylight
2020-10-29T04:07:00.000,I 20,,,(None),3,Rain,Wet,Dark-Not Lighted
2020-02-24T21:50:00.000,I 20,,,Sideswipe-Same Direction,2,Cloudy,Wet,Dark-Not Lighted
2020-02-01T09:30:00.000,I 20,,,Sideswipe-Same Direction,2,Cloudy,Dry,Daylight
2020-09-11T13:50:00.000,I 85,,,Sideswipe-Same Direction,3,Clear,Dry,Daylight
2020-11-05T12:41:00.000,I 285,,,Rear End,2,Cloudy,Dry,Daylight
2020-02-10T06:58:00.000,I 75,,,Rear End,2,Cloudy,Dry,Daylight
2020-10-20T16:03:00.000,I 85,,,Rear End,2,Clear,Dry,Daylight
2020-10-01T17:10:00.000,I 20,,,Angle Crash,2,Clear,Dry,Daylight
2020-06-15T18:15:00.000,I 20,,,Rear End,2,Rain,Wet,Daylight
2020-11-10T08:40:00.000,I 95,,,Rear End,2,Rain,Wet,Daylight
2020-08-25T18:23:00.000,I 20,,,Rear End,2,Cloudy,Wet,Daylight
2020-12-24T06:43:00.000,I 20,,,Not a Collision with Motor Vehicle,1,Rain,Wet,Dark-Lighted
2020-07-17T16:19:00.000,I 85,,,Sideswipe-Same Direction,2,Clear,Dry,Daylight
2020-11-25T13:40:00.000,I 75,,,Rear End,2,Rain,Wet,Daylight
2020-05-14T11:49:00.000,I 20,,,Sideswipe-Same Direction,2,Clear,Dry,Daylight
2020-02-10T13:40:00.000,I 85,,,Not a Collision with Motor Vehicle,1,Rain,Wet,Daylight
2020-12-19T13:28:00.000,I 285,,,Rear End,2,Clear,Dry,Daylight
2020-02-26T11:07:00.000,I 75,,,Not a Collision with Motor Vehicle,1,Cloudy,Dry,Daylight
2020-08-13T10:03:00.000,I 20,,,Rear End,2,Clear,Dry,Daylight
2020-02-11T11:23:00.000,I 285,,,Not a Collision with Motor Vehicle,1,Cloudy,Wet,Daylight
2020-09-26T15:50:00.000,I 75,,,Not a Collision with Motor Vehicle,1,Cloudy,Dry,Daylight
2020-10-05T05:25:00.000,I 20,,,Sideswipe-Same Direction,2,Clear,Dry,Dark-Lighted
2020-11-26T20:00:00.000,I 75,,,Not a Collision with Motor Vehicle,1,Clear,Dry,Dark-Lighted
2020-01-24T09:50:00.000,I 85,,,Not a Collision with Motor Vehicle,1,Rain,Wet,Daylight
2020-10-22T21:00:00.000,I 285,,,Not a Collision with Motor Vehicle,1,Clear,Dry,Dark-Not Lighted
2020-06-10T15:27:00.000,I 75,,,Angle Crash,2,Rain,Wet,Daylight
2020-11-30T14:50:00.000,I 20,,,Not a Collision with Motor Vehicle,1,Cloudy,Wet,Daylight
2020-12-12T06:53:00.000,I 75,,,Sideswipe-Same Direction,2,Cloudy,Dry,Dark-Not Lighted
2020-03-18T13:27:00.000,I 16,,,Not a Collision with Motor Vehicle,1,Clear,Dry,Daylight
2020-09-09T18:20:00.000,I 95,,,Sideswipe-Same Direction,2,Clear,Dry,Daylight
2020-10-02T18:55:00.000,I 285,,,Sideswipe-Same Direction,2,Clear,Dry,Dusk
2020-12-07T07:13:00.000,I 75,,,Not a Collision with Motor Vehicle,1,Clear,Dry,Daylight
2020-12-22T06:33:00.000,I 20,,,Angle Crash,3,Clear,Dry,Dark-Lighted
2020-11-01T21:36:00.000,I 75,,,Not a Collision with Motor Vehicle,1,Clear,Dry,Dark-Not Lighted
2020-01-23T00:00:00.000,I 285,,,Rear End,2,Clear,Dry,Daylight
2020-02-19T17:29:00.000,I 16,,,Rear End,2,Cloudy,Dry,Daylight
2020-04-15T07:44:00.000,I 20,,,Sideswipe-Same Direction,2,Cloudy,Dry,Daylight
2020-05-01T22:08:00.000,I 85,,,Rear End,2,Clear,Dry,Dark-Not Lighted
2020-02-24T17:55:00.000,I 20,,,Rear End,2,Rain,Wet,Daylight
2020-06-12T20:01:00.000,I 75,,,Not a Collision with Motor Vehicle,2,Clear,Dry,Daylight
2020-08-30T01:15:00.000,I 20,,,Not a Collision with Motor Vehicle,1,Cloudy,Dry,Dark-Not Lighted
2020-06-01T13:30:00.000,I 285,,,Not a Collision with Motor Vehicle,1,Clear,Dry,Daylight
2020-01-31T10:26:00.000,I 20,,,Rear End,2,Cloudy,Wet,Daylight
2020-01-17T17:20:00.000,I 285,,,Rear End,2,Clear,Dry,Dark-Not Lighted
2020-01-21T12:07:00.000,I 75,,,Sideswipe-Same Direction,2,Clear,Dry,Daylight
2020-04-23T06:58:00.000,I 75,,,Not a Collision with Motor Vehicle,1,Rain,Wet,Dark-Not Lighted
2020-01-28T10:05:00.000,I 75,,,Rear End,3,Clear,Dry,Daylight
2020-12-17T21:18:00.000,I 75,,,Angle Crash,2,Clear,Dry,Dark-Lighted
2020-02-14T15:48:00.000,I 75,,,Sideswipe-Same Direction,1,Clear,Dry,Daylight
2020-07-24T15:30:00.000,I 75,,,Sideswipe-Same Direction,2,Cloudy,Dry,Daylight
2020-09-08T17:45:00.000,I 20,,,Sideswipe-Same Direction,2,Clear,Dry,Daylight
2020-07-31T11:07:00.000,I 75,,,Not a Collision with Motor Vehicle,1,Cloudy,Dry,Daylight
2020-07-08T15:05:00.000,I 285,,,Rear End,2,Cloudy,Dry,Daylight
2020-01-09T09:32:00.000,I 285,,,Sideswipe-Same Direction,2,Clear,Dry,Daylight
2020-01-16T10:00:00.000,I 75,,,Sideswipe-Same Direction,2,Cloudy,Wet,Daylight
2020-08-22T05:50:00.000,I 85,,,Not a Collision with Motor Vehicle,1,Clear,Wet,Dawn
2020-02-06T06:01:00.000,I 20,,,Rear End,2,Rain,Wet,Dark-Lighted
2020-08-10T06:00:00.000,I 285,,,Not a Collision with Motor Vehicle,2,Clear,Dry,Daylight
2020-05-20T18:23:00.000,I 20,,,Not a Collision with Motor Vehicle,1,Rain,Wet,Daylight
2020-04-30T17:47:00.000,I 20,,,Not a Collision with Motor Vehicle,2,Cloudy,Dry,Daylight
2020-07-31T18:29:00.000,I 16,,,Sideswipe-Same Direction,2,Cloudy,Dry,Daylight
2020-02-05T12:22:00.000,I 75,,,Angle Crash,2,Cloudy,Wet,Daylight
2020-08-31T02:01:00.000,I 85,,,Rear End,2,Cloudy,Dry,Dark-Lighted
2020-03-11T19:50:00.000,I 85,,,Not a Collision with Motor Vehicle,1,Cloudy,Wet,Dusk
2020-12-29T09:54:00.000,I 85,,,Rear End,3,Clear,Dry,Daylight
2020-05-06T15:07:00.000,I 285,,,Rear End,2,Clear,Dry,Daylight
2020-11-19T18:55:00.000,I 285,,,Sideswipe-Opposite Direction,2,Clear,Dry,Dark-Not Lighted
2020-09-12T13:00:00.000,I 285,,,Sideswipe-Same Direction,2,Rain,Wet,Daylight
2020-03-05T16:15:00.000,I 75,,,Rear End,2,Cloudy,Wet,Daylight
2020-01-27T03:14:00.000,I 20,,,Sideswipe-Same Direction,2,Rain,Wet,Dark-Not Lighted
2020-02-13T10:25:00.000,I 75,,,Rear End,2,Rain,Wet,Daylight
2020-10-15T01:05:00.000,I 85,,,Not a Collision with Motor Vehicle,1,Clear,Dry,Dark-Not Lighted
2020-09-27T07:08:00.000,I 16,,,Angle Crash,1,Clear,Dry,Daylight
2020-01-24T15:00:00.000,I 75,,,Sideswipe-Same Direction,2,Cloudy,Dry,Daylight
2020-02-13T08:37:00.000,I 75,,,Not a Collision with Motor Vehicle,1,Rain,Wet,Daylight
2020-09-26T11:54:00.000,I 75,,,Rear End,2,Cloudy,Dry,Daylight
2020-09-22T18:00:00.000,I 285,,,Rear End,2,Clear,Dry,Daylight
2020-11-25T06:32:00.000,I 75,,,Rear End,2,Cloudy,Dry,Dark-Not Lighted
2020-07-07T18:00:00.000,I 20,,,Rear End,2,Clear,Dry,Dark-Lighted
2020-09-10T10:40:00.000,I 75,,,Rear End,2,Cloudy,Dry,Daylight
2020-01-21T14:20:00.000,I 20,,,Sideswipe-Same Direction,3,Clear,Dry,Daylight
2020-12-14T19:56:00.000,I 16,,,Sideswipe-Same Direction,2,Clear,Dry,Dark-Not Lighted
2020-06-12T18:20:00.000,I 285,,,Rear End,2,Cloudy,Dry,Daylight
2020-10-05T20:20:00.000,I 95,,,Angle Crash,4,Clear,Dry,Dark-Lighted
2020-12-25T08:40:00.000,I 85,,,Rear End,2,Clear,Dry,Daylight