Date and Time,Roadway (From Crash Report),Intersection Name (from Crash Report),KABCO Severity,Manner of Collision (Crash Level) ,# of Vehicles per crash ,Weather Conditions (Crash Level),Surface Condition (Crash Level) ,Light Conditions (Crash Level)
2020-04-16T06:29:00.000,I 75,,,Sideswipe-Same Direction,2,Clear,Dry,Daylight
2020-01-23T11:00:00.000,I 75,,,Sideswipe-Same Direction,3,Rain,Wet,Daylight
2020-10-19T06:09:00.000,I 85,,,Sideswipe-Same Direction,2,Clear,Dry,Daylight
2020-03-17T15:05:00.000,I 75,,,Not a Collision with Motor Vehicle,2,Cloudy,Dry,Daylight
2020-02-04T14:35:00.000,I 285,,,Rear End,2,Cloudy,Dry,Daylight
2020-01-28T16:06:00.000,I 85,,,Not a Collision with Motor Vehicle,2,Clear,Dry,Daylight
2020-05-26T16:55:00.000,I 285,,,Rear End,2,Cloudy,Dry,Daylight
2020-10-28T06:50:00.000,I 285,,,Sideswipe-Same Direction,2,Rain,Wet,Dark-Lighted
2020-01-14T06:46:00.000,I 75,,,Rear End,2,Cloudy,Wet,Dark-Not Lighted
2020-02-15T14:10:00.000,I 285,,,Rear End,2,Clear,Dry,Daylight
2020-04-28T08:10:00.000,I 75,,,Sideswipe-Same Direction,2,Clear,Dry,Daylight
2020-09-21T10:58:00.000,I 75,,,Not a Collision with Motor Vehicle,1,Clear,Dry,Daylight
2020-08-13T13:04:00.000,I 75,,,Rear End,2,Clear,Dry,Daylight
2020-01-03T13:14:00.000,I 85,,,Angle Crash,2,Rain,Wet,Daylight
2020-09-17T08:57:00.000,I 285,,,Rear End,1,Rain,Wet,Daylight
2020-07-20T14:20:00.000,I 85,,,Sideswipe-Same Direction,2,Clear,Dry,Daylight
2020-02-24T17:59:00.000,I 75,,,Rear End,2,Rain,Wet,Daylight
2020-09-02T21:40:00.000,I 285,,,Rear End,2,Clear,Dry,Dark-Not Lighted
2020-01-05T00:40:00.000,I 20,,,Angle Crash,2,Clear,Dry,Dark-Not Lighted
2020-02-23T14:30:00.000,I 85,,,Sideswipe-Same Direction,2,Clear,Dry,Daylight
2020-12-21T17:30:00.000,I 85,,,Rear End,1,Clear,Dry,Daylight
2020-08-21T05:23:00.000,I 85,,,Angle Crash,1,Cloudy,Dry,Dark-Lighted
2020-05-07T15:21:00.000,I 285,,,Sideswipe-Same Direction,3,Clear,Dry,Daylight
2020-04-01T16:35:00.000,I 285,,,Sideswipe-Same Direction,3,Clear,Dry,Daylight
2020-09-10T06:45:00.000,I 20,,,Rear End,2,Clear,Dry,Dark-Not Lighted
2020-12-07T08:11:00.000,I 20,,,Sideswipe-Same Direction,2,Clear,Wet,Daylight
2020-04-08T14:00:00.000,I 285,,,Not a Collision with Motor Vehicle,2,Cloudy,Dry,Daylight
2020-01-20T20:48:00.000,I 285,,,Sideswipe-Same Direction,2,Clear,Dry,Dark-Not Lighted
2020-09-17T14:37:00.000,I 285,,,Sideswipe-Same Direction,2,Cloudy,Wet,Daylight
2020-09-01T16:44:00.000,I 75,,,Sideswipe-Same Direction,2,Clear,Wet,Daylight
2020-01-12T18:05:00.000,I 285,,,Rear End,2,Cloudy,Dry,Dark-Lighted
2020-09-22T10:30:00.000,I 75,,,Sideswipe-Same Direction,3,Clear,Dry,Daylight
2020-04-23T16:50:00.000,I 20,,,Sideswipe-Same Direction,2,Cloudy,Wet,Daylight
2020-03-15T14:59:00.000,I 20,,,Rear End,2,Rain,Wet,Daylight
2020-01-08T16:10:00.000,I 85,,,Rear End,2,Clear,Dry,Daylight
2020-12-26T15:00:00.000,I 285,,,Rear End,2,Clear,Dry,Daylight
2020-11-03T17:09:00.000,I 75,,,Sideswipe-Same Direction,2,Clear,Dry,Daylight
2020-12-25T16:55:00.000,I 75,,,Sideswipe-Same Direction,2,Cloudy,Dry,Daylight
2020-04-08T08:00:00.000,I 75,,,Angle Crash,3,Clear,Dry,Daylight
2020-12-17T06:40:00.000,I 75,,,Rear End,2,Clear,Dry,Dark-Not Lighted
2020-11-24T08:54:00.000,I 75,,,Rear End,2,Cloudy,Dry,Daylight
2020-06-08T09:03:00.000,I 85,,,Not a Collision with Motor Vehicle,1,Cloudy,Dry,Daylight
2020-07-07T14:30:00.000,I 285,,,Sideswipe-Same Direction,2,Cloudy,Dry,Daylight
2020-03-05T17:30:00.000,I 75,,,Angle Crash,2,Cloudy,Wet,Daylight
2020-03-23T15:10:00.000,I 85,,,Not a Collision with Motor Vehicle,1,Rain,Wet,Daylight
2020-09-16T05:55:00.000,I 95,,,Angle Crash,1,Rain,Wet,Dark-Not Lighted
2020-06-20T15:34:00.000,I 95,,,Rear End,2,Clear,Dry,Daylight
2020-11-26T08:37:00.000,I 75,,,Not a Collision with Motor Vehicle,1,Rain,Wet,Daylight
2020-06-09T19:38:00.000,I 75,,,Angle Crash,2,Rain,Wet,Daylight
2020-10-18T00:00:00.000,I 85,,,Not a Collision with Motor Vehicle,1,Clear,Dry,Dark-Not Lighted
2020-06-26T18:05:00.000,I 75,,,Sideswipe-Same Direction,2,Cloudy,Dry,Daylight
2020-02-29T14:00:00.000,I 75,,,Rear End,2,Clear,Dry,Daylight
2020-11-29T19:55:00.000,I 75,,,Sideswipe-Same Direction,2,Rain,Wet,Dark-Lighted
2020-03-20T22:09:00.000,I 285,,,Sideswipe-Same Direction,2,Clear,Dry,Dark-Not Lighted
2020-01-04T00:07:00.000,I 20,,,Rear End,2,Rain,Wet,Dark-Lighted
2020-09-25T03:00:00.000,I 285,,,Not a Collision with Motor Vehicle,1,Rain,Wet,Dark-Lighted
2020-09-16T23:18:00.000,I 285,,,Not a Collision with Motor Vehicle,1,Rain,Wet,Dark-Not Lighted
2020-08-01T07:57:00.000,I 16,,,Sideswipe-Same Direction,2,Clear,Dry,Daylight
2020-06-19T13:30:00.000,I 85,,,Rear End,2,Clear,Dry,Daylight
2020-05-20T02:30:00.000,I 20,,,Angle Crash,2,Rain,Wet,Dark-Lighted
2020-12-11T07:53:00.000,I 75,,,Rear End,2,Clear,Dry,Daylight
2020-09-17T08:28:00.000,I 85,,,Sideswipe-Same Direction,2,Rain,Wet,Daylight
2020-02-21T00:21:00.000,I 75,,,Rear End,2,Rain,Wet,Dark-Not Lighted
2020-09-30T07:30:00.000,I 85,,,Not a Collision with Motor Vehicle,1,Clear,Dry,Daylight
2020-03-26T07:04:00.000,I 285,,,Not a Collision with Motor Vehicle,2,Clear,Dry,Dusk
2020-09-11T17:44:00.000,I 16,,,(None),1,(None),(None),(None)
2020-01-30T17:21:00.000,I 85,,,Rear End,2,Clear,Dry,Daylight
2020-07-10T13:50:00.000,I 75,,,Not a Collision with Motor Vehicle,2,Cloudy,Dry,Daylight
2020-02-11T18:17:00.000,I 20,,,Rear End,2,Rain,Wet,Daylight
2020-09-01T15:13:00.000,I 85,,,Rear End,2,Rain,Wet,Daylight
2020-11-22T06:35:00.000,I 285,,,Angle Crash,2,Clear,Dry,Dark-Not Lighted
2020-03-02T17:30:00.000,I 85,,,Angle Crash,2,Rain,Wet,Daylight
2020-07-21T16:00:00.000,I 75,,,Not a Collision with Motor Vehicle,1,Rain,Wet,Daylight
2020-07-02T08:37:00.000,I 85,,,Sideswipe-Same Direction,2,Clear,Dry,Daylight
2020-08-05T17:21:00.000,I 85,,,Sideswipe-Same Direction,2,Clear,Dry,Daylight
2020-10-20T10:15:00.000,I 285,,,Rear End,2,Clear,Dry,Daylight
2020-02-07T08:45:00.000,I 20,,,Angle Crash,2,Cloudy,Dry,Daylight
2020-06-22T05:05:00.000,I 75,,,Sideswipe-Same Direction,2,Clear,Dry,Daylight
2020-07-14T10:58:00.000,I 285,,,Not a Collision with Motor Vehicle,2,Cloudy,Dry,Daylight
2020-07-02T11:00:00.000,I 285,,,Sideswipe-Same Direction,2,Cloudy,Dry,Daylight
2020-08-12T17:33:00.000,I 285,,,Sideswipe-Same Direction,2,Cloudy,Dry,Daylight
2020-03-06T04:32:00.000,I 20,,,Sideswipe-Same Direction,2,Clear,Dry,Dark-Not Lighted
2020-08-18T18:27:00.000,I 75,,,Sideswipe-Same Direction,1,Clear,Dry,Daylight
2020-09-03T14:43:00.000,I 75,,,Rear End,2,Clear,Dry,Daylight
2020-09-27T13:55:00.000,I 85,,,Rear End,2,Clear,Dry,Daylight
2020-05-25T04:40:00.000,I 75,,,Not a Collision with Motor Vehicle,1,Clear,Wet,Dark-Not Lighted
2020-07-02T12:40:00.000,I 75,,,Rear End,2,Clear,Dry,Daylight
2020-08-29T22:20:00.000,I 20,,,Rear End,2,Clear,Dry,Dark-Not Lighted
2020-06-18T04:00:00.000,I 20,,,Angle Crash,2,Clear,Dry,Dark-Lighted
2020-05-13T18:51:00.000,I 20,,,Sideswipe-Same Direction,2,Clear,Dry,Daylight
2020-02-18T18:08:00.000,I 75,,,Rear End,2,Rain,Wet,Dark-Not Lighted
2020-02-24T14:10:00.000,I 20,,,Not a Collision with Motor Vehicle,1,Rain,Wet,Daylight
2020-12-14T18:13:00.000,I 20,,,Not a Collision with Motor Vehicle,4,Clear,Dry,Dark-Lighted
2020-09-07T17:43:00.000,I 75,,,Sideswipe-Same Direction,2,Clear,Dry,Daylight
2020-10-07T15:50:00.000,I 285,,,Sideswipe-Same Direction,2,Clear,Dry,Daylight
2020-01-13T08:40:00.000,I 75,,,Rear End,3,Rain,Wet,Daylight
2020-09-05T03:52:00.000,I 285,,,Angle Crash,2,Clear,Dry,Dark-Not Lighted
2020-01-03T14:30:00.000,I 85,,,Rear End,3,Rain,Wet,Daylight
2020-10-17T21:25:00.000,I 16,,,Not a Collision with Motor Vehicle,1,Clear,Dry,Dark-Not Lighted
2020-05-28T06:57:00.000,I 75,,,Not a Collision with Motor Vehicle,1,Clear,Dry,Daylight
2020-06-25T17:10:00.000,I 75,,,Sideswipe-Same Direction,2,Cloudy,Dry,Daylight
2020-09-22T17:50:00.000,I 20,,,Angle Crash,2,Clear,Dry,Daylight
2020-06-22T16:50:00.000,I 85,,,Rear End,2,Rain,Wet,Daylight
2020-09-18T13:17:00.000,I 75,,,Rear End,2,Clear,Dry,Daylight
2020-02-11T13:09:00.000,I 75,,,Sideswipe-Same Direction,1,Cloudy,Dry,Daylight
2020-06-06T19:40:00.000,I 20,,,Not a Collision with Motor Vehicle,2,Clear,Dry,Daylight
2020-01-22T11:30:00.000,I 285,,,Rear End,2,Clear,Dry,Daylight
2020-11-20T11:45:00.000,I 285,,,Rear End,2,Clear,Dry,Daylight
2020-03-16T17:44:00.000,I 285,,,Rear End,3,Cloudy,Dry,Daylight
2020-01-09T18:43:00.000,I 75,,,Sideswipe-Same Direction,2,Cloudy,Dry,Dark-Not Lighted
2020-06-25T06:11:00.000,I 20,,,Not a Collision with Motor Vehicle,1,Rain,Wet,Dawn
2020-08-27T10:57:00.000,I 285,,,Rear End,2,Cloudy,Dry,Daylight
2020-10-24T19:17:00.000,I 285,,,Rear End,2,Rain,Water (standing or moving),Dark-Not Lighted
2020-03-29T16:13:00.000,I 85,,,Not a Collision with Motor Vehicle,1,Cloudy,Dry,Daylight
2020-10-30T12:00:00.000,I 20,,,Rear End,2,Clear,Dry,Daylight
2020-05-15T04:18:00.000,I 20,,,Angle Crash,2,Clear,Dry,Dark-Not Lighted
2020-05-15T22:39:00.000,I 20,,,Sideswipe-Same Direction,2,Clear,Dry,Dark-Not Lighted
2020-01-07T07:17:00.000,I 75,,,Rear End,2,Cloudy,Wet,Daylight
2020-01-21T17:02:00.000,I 75,,,Rear End,2,Cloudy,Dry,Daylight
2020-09-04T13:17:00.000,I 85,,,Not a Collision with Motor Vehicle,1,Clear,Dry,Daylight
2020-09-25T16:56:00.000,I 285,,,Sideswipe-Same Direction,2,Cloudy,Dry,Daylight
2020-02-25T10:30:00.000,I 75,,,Sideswipe-Same Direction,1,Clear,Wet,Daylight
2020-08-14T06:39:00.000,I 75,,,Not a Collision with Motor Vehicle,1,Clear,Wet,Dark-Lighted
2020-08-28T14:35:00.000,I 285,,,Not a Collision with Motor Vehicle,1,Clear,Dry,Daylight
2020-12-18T19:46:00.000,I 75,,,Rear End,2,Clear,Dry,Dark-Not Lighted
2020-08-14T18:20:00.000,I 285,,,Not a Collision with Motor Vehicle,1,Cloudy,Wet,Daylight
2020-10-27T21:35:00.000,I 75,,,Not a Collision with Motor Vehicle,1,Clear,Dry,Dark-Lighted
2020-12-29T03:20:00.000,I 285,,,Sideswipe-Same Direction,2,Clear,Dry,Dark-Not Lighted
2020-11-06T23:25:00.000,I 285,,,Head On,2,Clear,Dry,Dark-Lighted
2020-03-17T07:58:00.000,I 75,,,Sideswipe-Same Direction,2,Cloudy,Wet,Daylight
2020-12-27T14:21:00.000,I 75,,,Rear End,3,Clear,Dry,Daylight
2020-08-13T16:07:00.000,I 85,,,Sideswipe-Same Direction,2,Clear,Dry,Daylight
2020-10-19T08:46:00.000,I 85,,,Sideswipe-Same Direction,3,Cloudy,Dry,Daylight
2020-02-24T07:41:00.000,I 85,,,Angle Crash,2,Rain,Wet,Dark-Lighted
2020-12-16T11:53:00.000,I 75,,,Sideswipe-Same Direction,2,Rain,Wet,Daylight
2020-11-09T16:05:00.000,I 285,,,Rear End,2,Clear,Dry,Daylight
2020-01-08T08:04:00.000,I 75,,,Rear End,2,Clear,Dry,Daylight
2020-01-07T10:54:00.000,I 285,,,Rear End,3,Clear,Dry,Daylight
2020-07-06T07:05:00.000,I 75,,,Rear End,2,Clear,Dry,Daylight
2020-01-12T22:10:00.000,I 75,,,Not a Collision with Motor Vehicle,1,Rain,Wet,Dark-Lighted
2020-12-05T23:25:00.000,I 85,,,Rear End,2,Clear,Dry,Dark-Lighted
2020-12-18T17:07:00.000,I 20,,,Sideswipe-Same Direction,2,Clear,Dry,Dark-Not Lighted
2020-12-24T14:42:00.000,I 75,,,Sideswipe-Same Direction,2,Rain,Wet,Daylight
2020-09-25T23:20:00.000,I 20,,,Rear End,3,Clear,Dry,Dark-Not Lighted
2020-08-13T10:56:00.000,I 285,,,Rear End,2,Clear,Dry,Daylight
2020-05-08T11:20:00.000,I 285,,,Angle Crash,2,Rain,Wet,Daylight
2020-08-29T00:00:00.000,I 285,,,Rear End,2,Clear,Dry,Daylight
2020-06-09T16:39:00.000,I 285,,,Sideswipe-Same Direction,2,Clear,Dry,Daylight
2020-12-15T00:00:00.000,I 285,,,Not a Collision with Motor Vehicle,2,Clear,Dry,Daylight
2020-12-14T10:14:00.000,I 285,,,Rear End,2,Clear,Dry,Daylight
2020-05-17T18:13:00.000,I 85,,,Rear End,2,Rain,Wet,Daylight
2020-07-14T18:37:00.000,I 20,,,Rear End,2,Clear,Dry,Daylight
2020-05-16T16:10:00.000,I 285,,,Not a Collision with Motor Vehicle,1,Clear,Dry,Daylight
2020-05-19T09:35:00.000,I 75,,,Not a Collision with Motor Vehicle,1,Cloudy,Dry,Daylight
2020-07-08T17:12:00.000,I 75,,,Rear End,2,Cloudy,Dry,Daylight
2020-12-07T07:13:00.000,I 75,,,Not a Collision with Motor Vehicle,1,Clear,Dry,Daylight
2020-02-07T10:02:00.000,I 75,,,Sideswipe-Same Direction,2,Cloudy,Dry,Daylight
2020-01-17T13:40:00.000,I 285,,,Angle Crash,3,Clear,Dry,Daylight
2020-01-02T19:20:00.000,I 75,,,Not a Collision with Motor Vehicle,1,Rain,Wet,Dark-Not Lighted
2020-09-15T12:20:00.000,I 75,,,Rear End,2,Cloudy,Dry,Daylight
2020-02-20T15:40:00.000,I 75,,,Rear End,2,Rain,Wet,Daylight
2020-03-23T15:01:00.000,I 285,,,Not a Collision with Motor Vehicle,1,Rain,Wet,Dusk
2020-06-11T14:54:00.000,I 75,,,Not a Collision with Motor Vehicle,1,Cloudy,Dry,Daylight
2020-03-14T15:37:00.000,I 20,,,Angle Crash,2,Clear,Dry,Daylight
2020-05-13T17:10:00.000,I 285,,,Sideswipe-Same Direction,2,Cloudy,Dry,Daylight
2020-10-10T03:35:00.000,I 20,,,Sideswipe-Same Direction,2,Rain,Wet,Dark-Lighted
2020-11-17T07:22:00.000,I 75,,,Not a Collision with Motor Vehicle,2,Clear,Dry,Daylight
2020-06-03T19:37:00.000,I 85,,,Not a Collision with Motor Vehicle,1,Clear,Dry,Daylight
2020-11-25T16:50:00.000,I 75,,,Rear End,2,Cloudy,Wet,Daylight
2020-08-14T18:02:00.000,I 75,,,Rear End,2,Clear,Dry,Daylight
2020-03-26T13:52:00.000,I 75,,,Rear End,2,Clear,Dry,Daylight
2020-01-25T22:12:00.000,I 285,,,Not a Collision with Motor Vehicle,1,Clear,Dry,Dark-Not Lighted
2020-01-13T09:50:00.000,I 75,,,Not a Collision with Motor Vehicle,1,Rain,Wet,Daylight
2020-05-11T10:42:00.000,I 85,,,Sideswipe-Same Direction,2,Clear,Dry,Daylight
2020-11-18T17:15:00.000,I 20,,,Rear End,3,Clear,Dry,Daylight
2020-11-02T08:47:00.000,I 285,,,Sideswipe-Same Direction,2,Clear,Dry,Daylight
2020-10-16T06:30:00.000,I 75,,,Not a Collision with Motor Vehicle,1,Clear,Dry,Dark-Not Lighted
2020-08-25T09:53:00.000,I 20,,,Not a Collision with Motor Vehicle,1,Rain,Wet,Daylight
2020-02-18T09:46:00.000,I 75,,,Not a Collision with Motor Vehicle,1,Rain,Wet,Daylight
2020-02-07T18:11:00.000,I 75,,,Rear End,3,Cloudy,Dry,Daylight
2020-09-30T09:00:00.000,I 85,,,Rear End,2,Clear,Dry,Daylight
2020-01-23T16:58:00.000,I 75,,,Sideswipe-Same Direction,2,Rain,Wet,Daylight
2020-03-07T10:25:00.000,I 20,,,Rear End,2,Clear,Dry,Daylight
2020-06-19T14:00:00.000,I 75,,,Rear End,2,Cloudy,Dry,Daylight
2020-01-30T16:00:00.000,I 20,,,Rear End,2,Clear,Dry,Daylight
2020-10-10T18:14:00.000,I 75,,,Rear End,2,Rain,Wet,Daylight
2020-11-02T07:17:00.000,I 85,,,Not a Collision with Motor Vehicle,1,Clear,Dry,Daylight
2020-01-08T16:45:00.000,I 285,,,Rear End,3,Clear,Dry,Daylight
2020-01-24T14:12:00.000,I 75,,,Angle Crash,2,Cloudy,Wet,Daylight
2020-02-18T23:20:00.000,I 20,,,Sideswipe-Same Direction,2,Clear,Dry,Dark-Not Lighted
2020-04-17T23:31:00.000,I 75,,,Angle Crash,2,Clear,Dry,Dark-Not Lighted
2020-10-24T18:03:00.000,I 285,,,Sideswipe-Same Direction,2,Rain,Wet,Dark-Not Lighted
2020-05-09T09:15:00.000,I 85,,,Not a Collision with Motor Vehicle,1,Clear,Dry,Daylight
2020-02-06T12:40:00.000,I 75,,,Not a Collision with Motor Vehicle,1,Rain,Wet,Daylight
2020-06-22T07:32:00.000,I 285,,,Angle Crash,3,Clear,Dry,Daylight
2020-01-30T13:25:00.000,I 285,,,Sideswipe-Same Direction,2,Clear,Dry,Daylight
2020-12-04T06:48:00.000,I 75,,,Rear End,2,Cloudy,Dry,Dark-Not Lighted
2020-01-13T08:16:00.000,I 285,,,Rear End,2,Rain,Wet,Daylight
2020-09-22T16:57:00.000,I 85,,,Not a Collision with Motor Vehicle,1,Cloudy,Dry,Daylight
2020-11-02T00:00:00.000,I 20,,,Not a Collision with Motor Vehicle,1,Clear,Dry,Dark-Lighted
2020-01-14T14:12:00.000,I 75,,,Sideswipe-Same Direction,2,Rain,Wet,Daylight
2020-01-09T07:40:00.000,I 285,,,Rear End,2,Clear,Dry,Daylight
2020-03-09T06:42:00.000,I 75,,,Rear End,2,Clear,Dry,Dark-Not Lighted
2020-02-06T01:25:00.000,I 75,,,Not a Collision with Motor Vehicle,1,Severe Thunderstorm or Tornadic,Wet,Dark-Not Lighted
2020-10-17T01:10:00.000,I 85,,,Sideswipe-Same Direction,2,Clear,Dry,Dark-Lighted
2020-03-09T09:40:00.000,I 75,,,Sideswipe-Same Direction,2,Clear,Dry,Daylight
2020-08-16T15:31:00.000,I 285,,,Rear End,2,Clear,Dry,Daylight
2020-10-15T19:10:00.000,I 75,,,Sideswipe-Same Direction,2,Clear,Dry,Daylight
2020-01-14T00:26:00.000,I 75,,,Not a Collision with Motor Vehicle,1,Rain,Wet,Dark-Not Lighted
2020-03-05T16:32:00.000,I 75,,,Rear End,2,Clear,Dry,Daylight
2020-02-11T17:57:00.000,I 75,,,Rear End,2,Rain,Wet,Dark-Not Lighted
2020-08-25T09:00:00.000,I 285,,,Rear End,2,Clear,Dry,Daylight
2020-04-28T10:50:00.000,I 20,,,Rear End,2,Clear,Dry,Daylight
2020-06-11T12:38:00.000,I 75,,,Rear End,2,Clear,Dry,Daylight
2020-08-24T11:33:00.000,I 285,,,Rear End,2,Cloudy,Dry,Daylight
2020-03-05T04:31:00.000,I 20,,,Angle Crash,2,Rain,Wet,Dark-Lighted
2020-11-02T18:51:00.000,I 285,,,Rear End,2,Clear,Dry,Dark-Lighted
2020-02-26T06:55:00.000,I 75,,,Sideswipe-Same Direction,2,Cloudy,Dry,Daylight
2020-10-17T17:45:00.000,I 75,,,Rear End,2,Clear,Dry,Daylight
2020-09-14T16:10:00.000,I 85,,,Rear End,2,Clear,Dry,Daylight
2020-09-21T22:34:00.000,I 285,,,Not a Collision with Motor Vehicle,1,Clear,Dry,Dusk
2020-01-13T07:20:00.000,I 285,,,Rear End,2,Rain,Wet,Dark-Not Lighted
2020-01-28T18:45:00.000,I 20,,,Rear End,2,Clear,Dry,Dark-Not Lighted
2020-03-03T16:04:00.000,I 285,,,Rear End,2,Cloudy,Dry,Daylight
2020-08-19T11:23:00.000,I 285,,,Sideswipe-Same Direction,2,Clear,Dry,Daylight
2020-11-20T18:50:00.000,I 95,,,Sideswipe-Same Direction,2,Clear,Dry,Dark-Lighted
2020-11-03T11:10:00.000,I 285,,,Sideswipe-Same Direction,3,Clear,Dry,Daylight
2020-06-04T14:51:00.000,I 75,,,Not a Collision with Motor Vehicle,2,Clear,Dry,Daylight
2020-10-24T22:45:00.000,I 285,,,Angle Crash,2,Rain,Wet,Dark-Lighted
2020-08-19T07:25:00.000,I 20,,,Rear End,2,Clear,Dry,Daylight
2020-01-07T04:30:00.000,I 20,,,Not a Collision with Motor Vehicle,1,Cloudy,Wet,Dark-Not Lighted
2020-02-07T16:40:00.000,I 85,,,Rear End,3,Cloudy,Dry,Daylight
2020-11-17T21:00:00.000,I 75,,,Sideswipe-Same Direction,2,Clear,Dry,Dark-Lighted
2020-02-25T08:10:00.000,I 75,,,Rear End,2,Cloudy,Wet,Daylight
2020-09-08T07:02:00.000,I 75,,,Not a Collision with Motor Vehicle,1,Clear,Dry,Daylight
2020-11-23T17:52:00.000,I 285,,,Rear End,2,Clear,Dry,Dark-Not Lighted
2020-07-23T12:20:00.000,I 75,,,Sideswipe-Same Direction,2,Clear,Dry,Daylight
2020-07-01T16:09:00.000,I 85,,,Rear End,2,Clear,Dry,Daylight
2020-12-10T18:05:00.000,I 75,,,Rear End,2,Clear,Dry,Dark-Not Lighted
2020-07-17T08:45:00.000,I 75,,,Sideswipe-Same Direction,2,Clear,Dry,Daylight
2020-06-03T14:45:00.000,I 20,,,Rear End,2,Clear,Dry,Daylight
2020-02-22T15:54:00.000,I 285,,,Rear End,2,Clear,Dry,Daylight
2020-08-17T14:11:00.000,I 285,,,Sideswipe-Same Direction,3,Cloudy,Dry,Daylight
2020-12-03T19:22:00.000,I 75,,,Rear End,2,Clear,Dry,Dark-Not Lighted
2020-07-21T21:55:00.000,I 75,,,Sideswipe-Same Direction,2,Clear,Dry,Dark-Lighted
2020-09-20T15:37:00.000,I 20,,,Sideswipe-Same Direction,2,Clear,Dry,Daylight
2020-11-23T09:17:00.000,I 20,,,Rear End,2,Clear,Dry,Daylight
2020-09-01T23:30:00.000,I 285,,,Rear End,2,Clear,Dry,Dark-Not Lighted
2020-03-23T14:10:00.000,I 285,,,Rear End,3,Rain,Wet,Daylight
2020-05-31T23:44:00.000,I 285,,,Rear End,2,Clear,Dry,Dark-Not Lighted
2020-02-16T14:45:00.000,I 85,,,Rear End,2,Rain,Wet,Daylight
2020-06-29T18:13:00.000,I 285,,,Rear End,2,Clear,Dry,Daylight
2020-02-22T21:10:00.000,I 85,,,Sideswipe-Same Direction,2,Clear,Dry,Dark-Not Lighted
2020-11-25T13:34:00.000,I 75,,,Rear End,2,Cloudy,Dry,Daylight
2020-07-27T17:28:00.000,I 75,,,Sideswipe-Same Direction,2,Cloudy,Dry,Daylight
2020-09-04T17:38:00.000,I 285,,,Angle Crash,2,Clear,Dry,Daylight
2020-07-06T13:02:00.000,I 75,,,Rear End,2,Clear,Dry,Daylight
2020-06-10T12:29:00.000,I 20,,,Not a Collision with Motor Vehicle,1,Rain,Wet,Daylight
2020-07-31T15:57:00.000,I 285,,,Sideswipe-Same Direction,2,Cloudy,Dry,Daylight
2020-04-14T15:17:00.000,I 85,,,Sideswipe-Same Direction,2,Clear,Dry,Dark-Lighted
2020-10-26T05:48:00.000,I 20,,,Rear End,2,Clear,Dry,Dark-Not Lighted
2020-08-20T13:52:00.000,I 20,,,Sideswipe-Same Direction,2,Cloudy,Dry,Daylight
2020-06-30T18:05:00.000,I 285,,,Angle Crash,2,Cloudy,Wet,Daylight
2020-05-18T17:20:00.000,I 20,,,Rear End,2,Rain,Wet,Daylight
2020-09-22T06:45:00.000,I 85,,,Sideswipe-Same Direction,2,Clear,Dry,Dawn
2020-01-13T09:00:00.000,I 285,,,Rear End,2,Rain,Wet,Daylight
2020-03-24T10:50:00.000,I 285,,,Rear End,2,Rain,Wet,Daylight
2020-08-11T18:25:00.000,I 16,,,Head On,1,Rain,Wet,Daylight
2020-08-24T15:55:00.000,I 75,,,Rear End,2,Clear,Dry,Daylight
2020-10-21T17:30:00.000,I 85,,,Rear End,2,Clear,Dry,Daylight
2020-07-02T18:30:00.000,I 285,,,Sideswipe-Same Direction,2,Cloudy,Dry,Daylight
2020-10-27T17:05:00.000,I 75,,,Rear End,2,Cloudy,Dry,Daylight
2020-02-21T12:17:00.000,I 75,,,Rear End,2,Clear,Dry,Daylight
2020-02-20T19:20:00.000,I 285,,,Rear End,2,Cloudy,Wet,Dark-Not Lighted
2020-02-14T08:27:00.000,I 285,,,Rear End,2,Clear,Dry,Daylight
2020-09-03T15:14:00.000,I 75,,,Rear End,2,Clear,Dry,Daylight
2020-11-23T17:28:00.000,I 75,,,Sideswipe-Same Direction,2,Clear,Dry,Daylight
2020-09-30T21:50:00.000,I 85,,,Rear End,2,Cloudy,Dry,Dark-Lighted
2020-02-12T07:28:00.000,I 75,,,Rear End,3,Cloudy,Dry,Daylight
2020-09-22T06:40:00.000,I 85,,,Sideswipe-Same Direction,2,Clear,Dry,Dark-Not Lighted
2020-01-02T17:49:00.000,I 285,,,Rear End,2,Rain,Wet,Dark-Not Lighted
2020-08-05T13:04:00.000,I 85,,,Sideswipe-Same Direction,2,Clear,Dry,Daylight
2020-05-21T00:29:00.000,I 20,,,Rear End,2,Clear,Dry,Dark-Lighted
2020-02-13T08:37:00.000,I 75,,,Not a Collision with Motor Vehicle,1,Rain,Wet,Daylight
2020-04-07T11:43:00.000,I 75,,,Not a Collision with Motor Vehicle,1,Clear,Dry,Daylight
2020-05-08T10:09:00.000,I 16,,,Rear End,2,Clear,Dry,Daylight
2020-06-09T15:30:00.000,I 75,,,Rear End,3,Cloudy,Wet,Daylight
2020-01-21T07:08:00.000,I 20,,,Rear End,2,Clear,Dry,Dark-Not Lighted
2020-01-28T18:20:00.000,I 75,,,Rear End,2,Clear,Dry,Dark-Not Lighted
2020-03-10T09:20:00.000,I 85,,,Rear End,2,Rain,Wet,Daylight
2020-12-07T17:33:00.000,I 85,,,Not a Collision with Motor Vehicle,1,Cloudy,Dry,Daylight
2020-01-13T11:00:00.000,I 75,,,Rear End,2,Cloudy,Dry,Daylight
2020-06-08T14:45:00.000,I 75,,,Not a Collision with Motor Vehicle,1,Cloudy,Dry,Daylight
2020-08-16T22:40:00.000,I 285,,,Angle Crash,4,Clear,Dry,Dark-Not Lighted
2020-02-04T17:44:00.000,I 285,,,Rear End,2,Rain,Wet,Daylight