Date and Time,Roadway (From Crash Report),Intersection Name (from Crash Report),KABCO Severity,Manner of Collision (Crash Level) ,# of Vehicles per crash ,Weather Conditions (Crash Level),Surface Condition (Crash Level) ,Light Conditions (Crash Level)
2020-01-09T03:32:00.000,I 16,,,Rear End,2,Clear,Dry,Dark-Not Lighted
2020-01-07T12:51:00.000,I 75,,,Not a Collision with Motor Vehicle,2,Clear,Dry,Daylight
2020-11-08T16:34:00.000,I 75,,,Not a Collision with Motor Vehicle,1,Cloudy,Dry,Daylight
2020-11-20T08:10:00.000,I 20,,,Rear End,2,Clear,Dry,Daylight
2020-08-10T17:15:00.000,I 16,,,Rear End,1,Rain,Wet,Daylight
2020-12-24T15:38:00.000,I 16,,,(None),1,(None),(None),(None)
2020-02-18T19:15:00.000,I 85,,,Rear End,2,Rain,Wet,Dark-Lighted
2020-08-02T18:47:00.000,I 85,,,Sideswipe-Same Direction,2,Clear,Dry,Daylight
2020-11-07T11:31:00.000,I 285,,,Sideswipe-Same Direction,2,Clear,Dry,Dark-Lighted
2020-10-09T15:37:00.000,I 75,,,Rear End,3,Rain,Wet,Daylight
2020-11-08T13:39:00.000,I 75,,,Rear End,2,Clear,Dry,Daylight
2020-10-03T08:48:00.000,I 75,,,Rear End,2,Clear,Dry,Daylight
2020-05-25T14:00:00.000,I 20,,,Rear End,2,Cloudy,Dry,Daylight
2020-01-08T18:18:00.000,I 285,,,Rear End,2,Clear,Dry,Daylight
2020-11-11T11:50:00.000,I 20,,,Not a Collision with Motor Vehicle,1,Rain,Wet,Daylight
2020-09-17T11:40:00.000,I 20,,,Rear End,4,Rain,Wet,Dark-Lighted
2020-09-06T08:56:00.000,I 75,,,Sideswipe-Same Direction,2,Clear,Dry,Daylight
2020-08-27T16:00:00.000,I 85,,,Sideswipe-Same Direction,2,Cloudy,Dry,Daylight
2020-09-05T21:32:00.000,I 20,,,Rear End,2,Clear,Dry,Dark-Lighted
2020-04-24T23:17:00.000,I 285,,,Not a Collision with Motor Vehicle,1,Clear,Dry,Dark-Not Lighted
2020-09-09T19:22:00.000,I 75,,,Angle Crash,2,Clear,Dry,Dusk
2020-01-18T04:56:00.000,I 20,,,Angle Crash,2,Clear,Dry,Dark-Not Lighted
2020-12-28T00:03:00.000,I 20,,,Not a Collision with Motor Vehicle,1,Clear,Dry,Dark-Lighted
2020-10-17T15:44:00.000,I 285,,,Rear End,5,Clear,Dry,Daylight
2020-11-27T15:17:00.000,I 95,,,Not a Collision with Motor Vehicle,2,Cloudy,Dry,Daylight
2020-06-16T09:41:00.000,I 75,,,Sideswipe-Same Direction,3,Cloudy,Dry,Daylight
2020-01-09T17:25:00.000,I 75,,,Rear End,2,Cloudy,Dry,Daylight
2020-11-02T12:13:00.000,I 285,,,Angle Crash,2,Clear,Dry,Daylight
2020-12-04T16:20:00.000,I 85,,,Angle Crash,2,Rain,Wet,Dark-Lighted
2020-10-02T14:20:00.000,I 75,,,Rear End,2,Clear,Dry,Daylight
2020-05-19T04:39:00.000,I 20,,,Not a Collision with Motor Vehicle,1,Rain,Wet,Dark-Lighted
2020-06-25T03:55:00.000,I 20,,,Sideswipe-Same Direction,2,Rain,Wet,Dark-Not Lighted
2020-07-27T12:13:00.000,I 285,,,Not a Collision with Motor Vehicle,1,Cloudy,Dry,Daylight
2020-10-23T01:34:00.000,I 20,,,Not a Collision with Motor Vehicle,1,Clear,Dry,Dark-Not Lighted
2020-01-24T17:35:00.000,I 20,,,Rear End,3,Clear,Dry,Dark-Lighted
2020-03-14T09:40:00.000,I 285,,,Sideswipe-Same Direction,2,Clear,Dry,Daylight
2020-03-10T15:15:00.000,I 20,,,Rear End,2,Rain,Wet,Daylight
2020-12-20T01:42:00.000,I 75,,,Rear End,2,Rain,Wet,Dark-Not Lighted
2020-06-14T17:26:00.000,I 75,,,Sideswipe-Same Direction,2,Clear,Wet,Daylight
2020-05-22T17:07:00.000,I 285,,,Rear End,4,Clear,Dry,Daylight
2020-11-13T19:09:00.000,I 285,,,Rear End,2,Clear,Dry,Dark-Lighted
2020-05-26T08:05:00.000,I 20,,,Rear End,2,Cloudy,Dry,Daylight
2020-02-19T14:57:00.000,I 75,,,Not a Collision with Motor Vehicle,3,Cloudy,Dry,Daylight
2020-10-16T13:11:00.000,I 85,,,Angle Crash,2,Clear,Dry,Daylight
2020-03-02T12:13:00.000,I 75,,,Not a Collision with Motor Vehicle,1,Rain,Wet,Daylight
2020-06-12T18:59:00.000,I 285,,,Rear End,2,Cloudy,Dry,Daylight
2020-05-27T09:48:00.000,I 75,,,Sideswipe-Same Direction,2,Cloudy,Dry,Daylight
2020-06-01T21:58:00.000,I 85,,,Rear End,2,Cloudy,Dry,Dark-Not Lighted
2020-02-05T10:25:00.000,I 85,,,Not a Collision with Motor Vehicle,1,Cloudy,Dry,Daylight
2020-04-16T20:05:00.000,I 75,,,Not a Collision with Motor Vehicle,1,Clear,Dry,Dark-Lighted
2020-08-03T13:30:00.000,I 20,,,Not a Collision with Motor Vehicle,1,Rain,Wet,Daylight
2020-01-14T18:42:00.000,I 285,,,Sideswipe-Same Direction,2,Rain,Wet,Dark-Not Lighted
2020-06-29T14:26:00.000,I 20,,,Not a Collision with Motor Vehicle,1,Clear,Dry,Daylight
2020-12-30T18:02:00.000,I 285,,,Sideswipe-Same Direction,2,Clear,Dry,Dark-Lighted
2020-10-23T01:21:00.000,I 285,,,Rear End,5,Clear,Dry,Dark-Lighted
2020-07-15T12:44:00.000,I 75,,,Rear End,2,Clear,Dry,Daylight
2020-07-29T13:57:00.000,I 16,,,Rear End,3,Rain,Wet,Daylight
2020-07-18T05:36:00.000,I 20,,,Rear End,2,Clear,Dry,Dark-Not Lighted
2020-05-07T15:15:00.000,I 20,,,Sideswipe-Same Direction,2,Clear,Dry,Daylight
2020-11-02T15:53:00.000,I 285,,,Rear End,2,Clear,Dry,Daylight
2020-05-13T16:30:00.000,I 16,,,Sideswipe-Same Direction,2,Clear,Dry,Daylight
2020-07-20T22:10:00.000,I 75,,,Rear End,2,Clear,Dry,Dark-Not Lighted
2020-12-11T14:36:00.000,I 85,,,Sideswipe-Same Direction,2,Cloudy,Dry,Daylight
2020-01-06T20:24:00.000,I 20,,,Sideswipe-Same Direction,2,Clear,Dry,Daylight
2020-02-03T15:00:00.000,I 285,,,Not a Collision with Motor Vehicle,1,Cloudy,Dry,Daylight
2020-04-02T05:42:00.000,I 75,,,Sideswipe-Same Direction,2,Clear,Dry,Daylight
2020-12-30T23:00:00.000,I 20,,,Sideswipe-Same Direction,2,Clear,Dry,Dark-Lighted
2020-11-30T17:00:00.000,I 75,,,Angle Crash,2,Cloudy,Dry,Daylight
2020-11-08T21:55:00.000,I 75,,,Sideswipe-Same Direction,3,Rain,Wet,Dark-Not Lighted
2020-01-30T10:40:00.000,I 85,,,Sideswipe-Same Direction,2,Clear,Dry,Daylight
2020-10-12T11:59:00.000,I 75,,,Sideswipe-Same Direction,2,Clear,Dry,Daylight
2020-04-29T18:05:00.000,I 85,,,Not a Collision with Motor Vehicle,2,Cloudy,Wet,Daylight
2020-05-07T07:20:00.000,I 285,,,Sideswipe-Same Direction,2,Clear,Dry,Daylight
2020-01-25T16:47:00.000,I 20,,,Rear End,3,Cloudy,Dry,Daylight
2020-05-25T23:25:00.000,I 20,,,Rear End,1,Cloudy,Dry,Dark-Not Lighted
2020-03-05T14:56:00.000,I 75,,,Rear End,3,Rain,Wet,Daylight
2020-07-15T18:33:00.000,I 285,,,Rear End,2,Cloudy,Dry,Daylight
2020-02-14T22:19:00.000,I 75,,,Rear End,2,Clear,Dry,Dark-Not Lighted
2020-03-14T15:48:00.000,I 20,,,Angle Crash,2,Cloudy,Dry,Daylight
2020-02-29T00:03:00.000,I 75,,,Not a Collision with Motor Vehicle,1,Clear,Dry,Dark-Not Lighted
2020-11-14T18:45:00.000,I 75,,,Sideswipe-Same Direction,1,Cloudy,Dry,Dark-Not Lighted
2020-10-03T20:29:00.000,I 20,,,Sideswipe-Same Direction,2,Clear,Dry,Dark-Not Lighted
2020-02-25T05:40:00.000,I 85,,,Rear End,2,Cloudy,Wet,Dark-Not Lighted
2020-02-26T17:26:00.000,I 20,,,Not a Collision with Motor Vehicle,2,Cloudy,Wet,Daylight
2020-01-09T14:50:00.000,I 95,,,Not a Collision with Motor Vehicle,1,Clear,Dry,Daylight
2020-11-01T21:06:00.000,I 75,,,Sideswipe-Same Direction,2,Clear,Dry,Dark-Not Lighted
2020-03-07T13:20:00.000,I 20,,,Rear End,2,Clear,Dry,Daylight
2020-06-27T00:00:00.000,I 285,,,Rear End,2,Rain,Wet,Daylight
2020-07-06T16:50:00.000,I 20,,,Rear End,2,Clear,Dry,Daylight
2020-06-05T11:52:00.000,I 20,,,Rear End,2,Cloudy,Wet,Daylight
2020-12-09T16:30:00.000,I 285,,,Rear End,2,Clear,Dry,Daylight
2020-02-05T11:31:00.000,I 285,,,Rear End,2,Cloudy,Dry,Daylight
2020-11-25T17:59:00.000,I 75,,,Rear End,2,Rain,Wet,Dark-Lighted
2020-03-24T03:32:00.000,I 75,,,Sideswipe-Same Direction,2,Fog,Wet,Dark-Lighted
2020-11-09T14:23:00.000,I 75,,,Sideswipe-Same Direction,2,Clear,Dry,Daylight
2020-07-18T17:24:00.000,I 85,,,Not a Collision with Motor Vehicle,1,Rain,Wet,Daylight
2020-01-13T23:08:00.000,I 20,,,Sideswipe-Same Direction,2,Rain,Wet,Dark-Not Lighted
2020-08-03T17:01:00.000,I 285,,,Rear End,2,Cloudy,Wet,Daylight
2020-02-28T07:30:00.000,I 75,,,Rear End,3,Clear,Dry,Daylight
2020-03-06T13:10:00.000,I 85,,,Sideswipe-Same Direction,2,Clear,Dry,Daylight
2020-02-20T06:30:00.000,I 20,,,Sideswipe-Same Direction,1,Rain,Wet,Dark-Not Lighted
2020-08-25T12:50:00.000,I 285,,,Not a Collision with Motor Vehicle,1,Rain,Wet,Daylight
2020-10-13T17:20:00.000,I 285,,,Rear End,3,Clear,Dry,Daylight
2020-10-03T21:40:00.000,I 285,,,Rear End,2,Clear,Dry,Dark-Lighted
2020-09-17T09:40:00.000,I 285,,,Not a Collision with Motor Vehicle,1,Rain,Wet,Daylight
2020-05-08T13:55:00.000,I 285,,,Rear End,2,Rain,Wet,Daylight
2020-01-17T09:35:00.000,I 20,,,Rear End,3,Cloudy,Dry,Daylight
2020-01-28T09:09:00.000,I 75,,,Rear End,2,Clear,Dry,Daylight
2020-10-25T17:16:00.000,I 16,,,Angle Crash,3,Clear,Dry,Daylight
2020-01-14T07:00:00.000,I 75,,,Sideswipe-Same Direction,2,Cloudy,Wet,Dark-Not Lighted
2020-07-20T21:35:00.000,I 85,,,Sideswipe-Same Direction,2,Clear,Dry,Dark-Not Lighted
2020-12-31T16:26:00.000,I 75,,,Rear End,2,Rain,Wet,Daylight
2020-05-25T22:49:00.000,I 20,,,Not a Collision with Motor Vehicle,1,Cloudy,Wet,Dark-Not Lighted
2020-11-18T15:52:00.000,I 85,,,Angle Crash,2,Clear,Dry,Daylight
2020-04-24T06:40:00.000,I 75,,,Sideswipe-Same Direction,3,Cloudy,Wet,Dawn
2020-02-28T07:56:00.000,I 285,,,Rear End,2,Clear,Dry,Daylight
2020-08-01T18:00:00.000,I 20,,,Rear End,2,Clear,Dry,Daylight
2020-01-27T19:23:00.000,I 285,,,Rear End,3,Cloudy,Dry,Dark-Lighted
2020-10-13T10:45:00.000,I 75,,,Rear End,2,Clear,Dry,Daylight
2020-08-23T15:56:00.000,I 20,,,Not a Collision with Motor Vehicle,1,Rain,Wet,Daylight
2020-06-20T20:36:00.000,I 75,,,Sideswipe-Same Direction,2,Clear,Dry,Dusk
2020-09-16T21:30:00.000,I 285,,,Not a Collision with Motor Vehicle,1,Rain,Wet,Dark-Not Lighted
2020-10-30T18:45:00.000,I 285,,,Sideswipe-Same Direction,2,Clear,Dry,Dark-Not Lighted
2020-11-19T09:58:00.000,I 85,,,Sideswipe-Same Direction,2,Clear,Dry,Daylight
2020-11-10T02:06:00.000,I 85,,,Sideswipe-Same Direction,2,Cloudy,Dry,Dark-Not Lighted
2020-10-16T18:19:00.000,I 20,,,Sideswipe-Same Direction,2,Clear,Dry,Daylight
2020-06-16T05:45:00.000,I 285,,,Sideswipe-Same Direction,2,Clear,Dry,Dark-Not Lighted
2020-01-13T10:55:00.000,I 75,,,Rear End,2,Rain,Wet,Daylight
2020-08-25T09:43:00.000,I 285,,,Angle Crash,2,Rain,Wet,Daylight
2020-01-21T09:28:00.000,I 285,,,Sideswipe-Same Direction,2,Cloudy,Dry,Daylight
2020-01-12T13:51:00.000,I 85,,,Angle Crash,2,Clear,Dry,Daylight
2020-08-08T23:08:00.000,I 285,,,Not a Collision with Motor Vehicle,1,Clear,Dry,Dark-Lighted
2020-02-26T09:23:00.000,I 75,,,Rear End,2,Cloudy,Dry,Daylight
2020-08-12T12:08:00.000,I 75,,,Not a Collision with Motor Vehicle,2,Clear,Dry,Daylight
2020-08-20T14:34:00.000,I 16,,,Not a Collision with Motor Vehicle,1,Rain,Wet,Daylight
2020-08-31T06:28:00.000,I 75,,,Sideswipe-Same Direction,2,Rain,Wet,Dark-Not Lighted
2020-09-10T17:50:00.000,I 75,,,Rear End,2,Clear,Dry,Daylight
2020-03-14T06:50:00.000,I 285,,,Sideswipe-Same Direction,2,Clear,Dry,Dusk
2020-11-25T09:30:00.000,I 75,,,Sideswipe-Same Direction,2,Clear,Dry,Daylight
2020-02-04T07:25:00.000,I 75,,,Sideswipe-Same Direction,2,Clear,Dry,Daylight
2020-08-15T23:59:00.000,I 20,,,Angle Crash,3,Clear,Dry,Dark-Lighted
2020-02-11T00:30:00.000,I 75,,,Not a Collision with Motor Vehicle,1,Rain,Wet,Dark-Not Lighted
2020-10-08T15:54:00.000,I 75,,,Sideswipe-Same Direction,2,Clear,Dry,Daylight
2020-11-08T13:20:00.000,I 16,,,Rear End,2,Clear,Dry,Daylight
2020-11-02T07:25:00.000,I 75,,,Sideswipe-Same Direction,2,Clear,Dry,Daylight
2020-03-07T23:30:00.000,I 85,,,Rear End,2,Other,Other,Dark-Not Lighted
2020-02-08T12:14:00.000,I 285,,,Not a Collision with Motor Vehicle,1,Cloudy,Wet,Daylight
2020-11-19T18:40:00.000,I 20,,,Not a Collision with Motor Vehicle,1,Clear,Dry,Dark-Not Lighted
2020-11-08T17:27:00.000,I 75,,,Not a Collision with Motor Vehicle,1,Clear,Wet,Daylight
2020-08-31T18:50:00.000,I 75,,,Sideswipe-Same Direction,2,Clear,Dry,Daylight
2020-09-11T16:39:00.000,I 75,,,Rear End,2,Clear,Dry,Daylight
2020-07-20T03:14:00.000,I 20,,,Sideswipe-Same Direction,1,Clear,Dry,Dark-Not Lighted
2020-08-13T23:10:00.000,I 20,,,Rear End,2,Rain,Wet,Dark-Lighted
2020-09-25T21:27:00.000,I 75,,,Not a Collision with Motor Vehicle,1,Cloudy,Dry,Dark-Lighted
2020-06-10T12:15:00.000,I 85,,,Rear End,2,Cloudy,Dry,Daylight
2020-01-05T17:45:00.000,I 20,,,Sideswipe-Same Direction,1,Clear,Dry,Daylight
2020-10-23T07:46:00.000,I 285,,,Angle Crash,2,Clear,Dry,Daylight
2020-07-09T05:30:00.000,I 85,,,Angle Crash,3,Clear,Dry,Dark-Not Lighted
2020-05-31T22:04:00.000,I 20,,,Not a Collision with Motor Vehicle,1,Cloudy,Dry,Dark-Not Lighted
2020-07-10T07:40:00.000,I 75,,,Not a Collision with Motor Vehicle,1,Clear,Dry,Daylight
2020-10-28T18:58:00.000,I 85,,,Not a Collision with Motor Vehicle,1,Clear,Dry,Dark-Lighted
2020-11-30T21:48:00.000,I 85,,,Angle Crash,2,Cloudy,Wet,Dark-Not Lighted
2020-03-11T06:26:00.000,I 85,,,Sideswipe-Same Direction,1,Cloudy,Dry,Dark-Not Lighted
2020-05-15T17:15:00.000,I 285,,,Angle Crash,6,Clear,Dry,Daylight
2020-11-25T10:35:00.000,I 20,,,Sideswipe-Same Direction,2,Clear,Dry,Daylight
2020-01-13T07:38:00.000,I 75,,,Rear End,2,Rain,Wet,Daylight
2020-12-23T00:00:00.000,I 285,,,Sideswipe-Same Direction,2,Clear,Dry,Dark-Not Lighted
2020-09-08T15:00:00.000,I 75,,,Sideswipe-Same Direction,2,Clear,Dry,Daylight
2020-06-26T20:57:00.000,I 20,,,Sideswipe-Same Direction,2,Clear,Dry,Dark-Lighted
2020-03-29T19:30:00.000,I 85,,,Not a Collision with Motor Vehicle,1,Clear,Dry,Daylight
2020-06-23T13:25:00.000,I 85,,,Sideswipe-Same Direction,2,Cloudy,Dry,Daylight
2020-08-23T08:41:00.000,I 75,,,Not a Collision with Motor Vehicle,2,Cloudy,Dry,Daylight
2020-07-24T14:25:00.000,I 285,,,Sideswipe-Same Direction,2,Cloudy,Dry,Daylight
2020-02-25T09:03:00.000,I 20,,,Not a Collision with Motor Vehicle,1,Cloudy,Wet,Daylight
2020-05-09T09:36:00.000,I 85,,,Rear End,2,Clear,Dry,Daylight
2020-10-09T18:48:00.000,I 20,,,Rear End,2,Rain,Wet,Daylight
2020-12-24T11:25:00.000,I 20,,,Sideswipe-Same Direction,2,Rain,Wet,Daylight
2020-07-09T16:08:00.000,I 75,,,Sideswipe-Same Direction,2,Cloudy,Dry,Daylight
2020-12-17T18:30:00.000,I 75,,,Angle Crash,2,Clear,Dry,Dark-Lighted
2020-02-07T17:50:00.000,I 285,,,Rear End,2,Clear,Dry,Daylight
2020-10-24T11:55:00.000,I 20,,,Sideswipe-Same Direction,2,Clear,Dry,Daylight
2020-06-11T19:30:00.000,I 75,,,Sideswipe-Same Direction,2,Clear,Dry,Daylight
2020-11-26T05:00:00.000,I 285,,,Angle Crash,2,Rain,Wet,Dark-Lighted
2020-02-29T11:15:00.000,I 20,,,Angle Crash,2,Clear,Dry,Daylight
2020-08-14T14:30:00.000,I 75,,,Rear End,2,Clear,Dry,Daylight
2020-02-09T15:32:00.000,I 85,,,Angle Crash,2,Clear,Dry,Daylight
2020-09-25T16:00:00.000,I 75,,,Rear End,2,Cloudy,Wet,Daylight
2020-07-31T16:00:00.000,I 85,,,Rear End,2,Cloudy,Dry,Daylight
2020-06-26T08:05:00.000,I 75,,,Sideswipe-Same Direction,2,Clear,Dry,Daylight
2020-07-06T11:11:00.000,I 75,,,Rear End,2,Clear,Dry,Daylight
2020-01-22T10:20:00.000,I 285,,,Rear End,3,Cloudy,Dry,Daylight
2020-10-30T17:57:00.000,I 75,,,Sideswipe-Same Direction,2,Clear,Dry,Daylight
2020-06-09T13:58:00.000,I 285,,,Not a Collision with Motor Vehicle,1,Rain,Wet,Daylight
2020-03-06T14:50:00.000,I 285,,,Sideswipe-Same Direction,2,Rain,Dry,Daylight
2020-06-10T11:18:00.000,I 285,,,Sideswipe-Same Direction,2,Rain,Wet,Daylight
2020-08-18T13:31:00.000,I 285,,,Sideswipe-Same Direction,2,Clear,Dry,Daylight
2020-03-11T07:55:00.000,I 75,,,Rear End,4,Cloudy,Wet,Daylight
2020-10-05T16:19:00.000,I 285,,,Sideswipe-Same Direction,4,Clear,Dry,Daylight
2020-04-16T14:32:00.000,I 285,,,Sideswipe-Same Direction,2,Clear,Dry,Daylight
2020-10-02T14:05:00.000,I 285,,,Angle Crash,2,Clear,Dry,Daylight
2020-11-05T18:25:00.000,I 85,,,Rear End,3,Clear,Dry,Dark-Lighted
2020-11-28T00:22:00.000,I 16,,,Not a Collision with Motor Vehicle,1,Clear,Dry,Dark-Not Lighted
2020-09-19T12:32:00.000,I 75,,,Rear End,2,Clear,Dry,Daylight
2020-11-17T00:01:00.000,I 85,,,Rear End,2,Clear,Dry,Dark-Not Lighted
2020-02-02T00:30:00.000,I 285,,,Rear End,2,Clear,Dry,Dark-Not Lighted
2020-10-03T22:35:00.000,I 285,,,Rear End,2,Clear,Dry,Dark-Lighted
2020-09-02T13:01:00.000,I 85,,,Rear End,2,Clear,Dry,Daylight
2020-01-14T16:15:00.000,I 85,,,Not a Collision with Motor Vehicle,1,Rain,Water (standing or moving),Daylight
2020-01-13T06:00:00.000,I 75,,,Sideswipe-Same Direction,2,Rain,Dry,Daylight
2020-05-02T18:00:00.000,I 20,,,Rear End,3,Clear,Dry,Daylight
2020-11-16T17:18:00.000,I 95,,,Not a Collision with Motor Vehicle,1,Clear,Dry,Dusk
2020-01-04T15:29:00.000,I 285,,,Rear End,2,Clear,Dry,Daylight
2020-08-21T23:20:00.000,I 85,,,Angle Crash,2,Clear,Wet,Dark-Not Lighted
2020-03-16T14:30:00.000,I 285,,,Rear End,2,Cloudy,Dry,Daylight
2020-04-30T20:48:00.000,I 285,,,Sideswipe-Same Direction,2,Clear,Dry,Dark-Not Lighted
2020-12-24T10:20:00.000,I 85,,,Not a Collision with Motor Vehicle,1,Rain,Wet,Daylight
2020-07-29T15:10:00.000,I 285,,,Not a Collision with Motor Vehicle,1,Cloudy,Dry,Daylight
2020-12-28T08:21:00.000,I 285,,,Not a Collision with Motor Vehicle,1,Clear,Dry,Daylight
2020-08-14T17:51:00.000,I 20,,,Not a Collision with Motor Vehicle,1,Rain,Wet,Daylight
2020-03-11T13:25:00.000,I 285,,,Not a Collision with Motor Vehicle,1,Clear,Dry,Daylight
2020-11-08T18:31:00.000,I 285,,,Rear End,2,Clear,Wet,Dark-Not Lighted
2020-05-18T12:51:00.000,I 20,,,Not a Collision with Motor Vehicle,1,Rain,Wet,Daylight
2020-01-08T08:24:00.000,I 285,,,Angle Crash,2,Clear,Dry,Daylight
2020-07-15T06:46:00.000,I 75,,,Sideswipe-Same Direction,2,Cloudy,Dry,Dawn
2020-05-26T14:42:00.000,I 85,,,Sideswipe-Same Direction,2,Cloudy,Dry,Daylight
2020-03-05T08:50:00.000,I 75,,,Not a Collision with Motor Vehicle,1,Rain,Wet,Daylight
2020-09-25T16:44:00.000,I 85,,,Rear End,2,Clear,Dry,Daylight
2020-09-17T16:10:00.000,I 285,,,Angle Crash,2,Rain,Wet,Daylight
2020-03-06T13:46:00.000,I 75,,,Not a Collision with Motor Vehicle,1,Clear,Dry,Daylight
2020-07-01T11:50:00.000,I 75,,,Sideswipe-Same Direction,2,Cloudy,Dry,Daylight
2020-10-23T11:04:00.000,I 285,,,Sideswipe-Same Direction,2,Clear,Dry,Daylight
2020-08-14T16:20:00.000,I 75,,,Rear End,2,Cloudy,Dry,Daylight
2020-12-16T23:38:00.000,I 285,,,Sideswipe-Same Direction,2,Cloudy,Wet,Dark-Not Lighted
2020-03-06T19:51:00.000,I 285,,,Sideswipe-Same Direction,2,Clear,Dry,Dark-Lighted
2020-01-13T06:53:00.000,I 75,,,Rear End,2,Rain,Wet,Dark-Not Lighted
2020-06-01T07:25:00.000,I 75,,,Not a Collision with Motor Vehicle,1,Clear,Dry,Daylight
2020-04-19T17:02:00.000,I 20,,,Not a Collision with Motor Vehicle,1,Rain,Wet,Daylight
2020-11-04T17:50:00.000,I 85,,,Angle Crash,2,Clear,Dry,Dark-Lighted
2020-01-23T19:02:00.000,I 75,,,Sideswipe-Same Direction,2,Cloudy,Wet,Dark-Lighted
2020-01-30T16:50:00.000,I 285,,,Rear End,2,Cloudy,Dry,Daylight
2020-02-15T17:01:00.000,I 20,,,Not a Collision with Motor Vehicle,1,Clear,Dry,Daylight
2020-04-19T11:45:00.000,I 285,,,Sideswipe-Same Direction,2,Rain,Wet,Daylight
2020-07-03T15:00:00.000,I 285,,,Sideswipe-Same Direction,2,Clear,Dry,Daylight
2020-07-13T07:36:00.000,I 20,,,Not a Collision with Motor Vehicle,2,Clear,Dry,Daylight
2020-03-05T08:24:00.000,I 20,,,Not a Collision with Motor Vehicle,1,Rain,Wet,Daylight
2020-05-12T16:10:00.000,I 75,,,Sideswipe-Same Direction,2,Clear,Dry,Daylight
2020-12-07T05:55:00.000,I 75,,,Sideswipe-Same Direction,2,Clear,Dry,Dark-Not Lighted
2020-10-20T06:03:00.000,I 75,,,Not a Collision with Motor Vehicle,1,Clear,Dry,Dark-Not Lighted
2020-08-23T23:35:00.000,I 20,,,Rear End,2,Clear,Dry,Dark-Lighted
2020-11-24T11:35:00.000,I 75,,,Not a Collision with Motor Vehicle,1,Clear,Dry,Daylight
2020-09-24T14:59:00.000,I 85,,,Rear End,2,Rain,Wet,Daylight
2020-01-02T17:10:00.000,I 85,,,Rear End,2,Rain,Wet,Daylight
2020-10-20T04:00:00.000,I 285,,,Not a Collision with Motor Vehicle,1,Clear,Dry,Dark-Lighted
2020-09-29T00:00:00.000,I 20,,,Not a Collision with Motor Vehicle,1,Rain,Wet,Daylight
2020-05-13T15:06:00.000,I 75,,,Rear End,3,Cloudy,Dry,Daylight
2020-07-20T11:35:00.000,I 285,,,Rear End,2,Clear,Wet,Daylight
2020-01-03T08:58:00.000,I 75,,,Not a Collision with Motor Vehicle,1,Rain,Wet,Daylight
2020-07-17T17:30:00.000,I 85,,,Sideswipe-Same Direction,2,Clear,Dry,Daylight
2020-09-14T08:00:00.000,I 285,,,Rear End,6,Clear,Dry,Daylight
2020-09-29T00:00:00.000,I 285,,,Not a Collision with Motor Vehicle,1,Rain,Wet,Dark-Lighted
2020-07-10T18:20:00.000,I 75,,,Rear End,2,Cloudy,Dry,Daylight
2020-02-10T17:32:00.000,I 285,,,Sideswipe-Same Direction,2,Rain,Wet,Dark-Not Lighted
2020-02-07T08:42:00.000,I 75,,,Not a Collision with Motor Vehicle,1,Cloudy,Wet,Daylight
2020-05-21T13:33:00.000,I 20,,,Rear End,2,Clear,Dry,Daylight
2020-10-29T01:22:00.000,I 75,,,Angle Crash,2,Cloudy,Wet,Dark-Not Lighted
2020-10-25T06:30:00.000,I 20,,,Not a Collision with Motor Vehicle,1,Clear,Wet,Dark-Not Lighted
2020-11-30T00:00:00.000,I 285,,,Sideswipe-Same Direction,2,Cloudy,Dry,Daylight
2020-05-19T09:57:00.000,I 75,,,Angle Crash,2,Clear,Dry,Daylight
2020-07-16T17:44:00.000,I 285,,,Rear End,2,Clear,Dry,Daylight
2020-01-07T06:30:00.000,I 75,,,Rear End,3,Cloudy,Wet,Dark-Not Lighted
2020-05-13T16:45:00.000,I 20,,,Rear End,2,Clear,Dry,Daylight
2020-07-15T22:48:00.000,I 75,,,Sideswipe-Same Direction,2,Cloudy,Wet,Dark-Lighted
2020-06-22T13:13:00.000,I 85,,,Sideswipe-Same Direction,2,Clear,Dry,Daylight
2020-04-19T13:45:00.000,I 16,,,Not a Collision with Motor Vehicle,1,Rain,Wet,Daylight
2020-09-21T06:08:00.000,I 75,,,Sideswipe-Same Direction,2,Cloudy,Dry,Dark-Not Lighted
2020-07-27T21:25:00.000,I 85,,,Sideswipe-Same Direction,2,Cloudy,Dry,Dark-Lighted
2020-04-09T06:05:00.000,I 20,,,Sideswipe-Same Direction,2,Rain,Wet,Dark-Lighted
2020-07-27T00:00:00.000,I 75,,,Rear End,2,Cloudy,Dry,Daylight
2020-03-19T17:13:00.000,I 75,,,Not a Collision with Motor Vehicle,1,Clear,Dry,Daylight
2020-07-20T17:15:00.000,I 285,,,Sideswipe-Same Direction,2,Clear,Dry,Daylight
2020-02-13T06:10:00.000,I 75,,,Not a Collision with Motor Vehicle,1,Rain,Wet,Dark-Not Lighted
2020-03-26T00:00:00.000,I 285,,,Rear End,2,Clear,Dry,Daylight
2020-03-25T00:55:00.000,I 85,,,Sideswipe-Same Direction,2,Clear,Dry,Daylight
2020-04-25T16:12:00.000,I 85,,,Rear End,2,Clear,Dry,Daylight
2020-12-29T07:12:00.000,I 75,,,Rear End,2,Cloudy,Wet,Dark-Not Lighted
2020-12-24T12:18:00.000,I 20,,,Not a Collision with Motor Vehicle,1,Rain,Wet,Daylight
2020-04-19T12:10:00.000,I 285,,,Sideswipe-Same Direction,2,Rain,Wet,Daylight