Date and Time,Roadway (From Crash Report),Intersection Name (from Crash Report),KABCO Severity,Manner of Collision (Crash Level) ,# of Vehicles per crash ,Weather Conditions (Crash Level),Surface Condition (Crash Level) ,Light Conditions (Crash Level)
2020-02-13T06:54:00.000,I 85,,,Rear End,2,Rain,Wet,Dark-Lighted
2020-07-31T12:10:00.000,I 75,,,Rear End,2,Clear,Dry,Daylight
2020-11-29T22:50:00.000,I 75,,,Not a Collision with Motor Vehicle,1,Rain,Water (standing or moving),Dark-Not Lighted
2020-03-28T21:15:00.000,I 20,,,Not a Collision with Motor Vehicle,1,Clear,Dry,Dark-Not Lighted
2020-11-01T08:15:00.000,I 20,,,Not a Collision with Motor Vehicle,1,Cloudy,Dry,Daylight
2020-02-25T08:47:00.000,I 20,,,Not a Collision with Motor Vehicle,1,Clear,Dry,Daylight
2020-04-19T20:45:00.000,I 16,,,Not a Collision with Motor Vehicle,1,Rain,Wet,Dark-Not Lighted
2020-06-05T15:50:00.000,I 85,,,Rear End,2,Rain,Wet,Daylight
2020-03-09T00:00:00.000,I 285,,,Not a Collision with Motor Vehicle,1,Clear,Dry,Dark-Not Lighted
2020-05-29T02:55:00.000,I 285,,,Sideswipe-Same Direction,2,Clear,Dry,Daylight
2020-10-08T11:10:00.000,I 285,,,Sideswipe-Same Direction,2,Clear,Dry,Daylight
2020-08-14T18:41:00.000,I 85,,,Not a Collision with Motor Vehicle,1,Rain,Wet,Daylight
2020-03-13T19:25:00.000,I 285,,,Angle Crash,2,Clear,Dry,Dark-Lighted
2020-08-25T13:40:00.000,I 20,,,Not a Collision with Motor Vehicle,1,Rain,Wet,Daylight
2020-10-15T16:46:00.000,I 16,,,Rear End,2,Clear,Dry,Daylight
2020-06-04T08:41:00.000,I 75,,,Not a Collision with Motor Vehicle,1,Clear,Dry,Daylight
2020-12-19T02:55:00.000,I 20,,,Not a Collision with Motor Vehicle,2,Clear,Dry,Dark-Not Lighted
2020-05-11T13:29:00.000,I 75,,,Not a Collision with Motor Vehicle,1,Clear,Dry,Daylight
2020-11-23T18:32:00.000,I 75,,,Sideswipe-Same Direction,2,Clear,Dry,Daylight
2020-01-28T16:40:00.000,I 20,,,Rear End,2,Clear,Dry,Daylight
2020-06-20T14:00:00.000,I 16,,,Angle Crash,3,Cloudy,Dry,Daylight
2020-02-01T13:27:00.000,I 20,,,Not a Collision with Motor Vehicle,2,Clear,Dry,Daylight
2020-05-28T17:28:00.000,I 85,,,Rear End,2,(None),(None),(None)
2020-07-20T03:06:00.000,I 285,,,Rear End,2,Clear,Dry,Dark-Not Lighted
2020-01-10T06:14:00.000,I 285,,,Rear End,2,Clear,Dry,Dark-Not Lighted
2020-10-08T07:02:00.000,I 85,,,Rear End,2,Clear,Dry,Dawn
2020-08-03T15:14:00.000,I 285,,,Not a Collision with Motor Vehicle,1,Rain,Wet,Daylight
2020-06-04T16:00:00.000,I 16,,,Angle Crash,3,Rain,Wet,Daylight
2020-01-23T18:00:00.000,I 75,,,Rear End,2,Cloudy,Wet,Dark-Lighted
2020-01-09T16:25:00.000,I 285,,,Rear End,2,Clear,Dry,Daylight
2020-12-02T17:48:00.000,I 20,,,Rear End,2,Clear,Dry,Dark-Lighted
2020-05-27T11:38:00.000,I 16,,,Not a Collision with Motor Vehicle,1,Cloudy,Dry,Daylight
2020-09-10T00:00:00.000,I 285,,,Rear End,2,Clear,Dry,Daylight
2020-01-03T14:03:00.000,I 20,,,Rear End,2,Rain,Wet,Daylight
2020-03-10T07:10:00.000,I 75,,,Rear End,3,Rain,Wet,Dark-Lighted
2020-08-25T07:30:00.000,I 75,,,Rear End,2,Rain,Wet,Daylight
2020-07-06T23:15:00.000,I 285,,,Sideswipe-Same Direction,2,Rain,Wet,Dark-Not Lighted
2020-10-02T18:32:00.000,I 20,,,Rear End,2,Clear,Dry,Daylight
2020-03-03T14:50:00.000,I 75,,,Rear End,2,Cloudy,Dry,Daylight
2020-03-04T08:34:00.000,I 16,,,Rear End,2,Rain,Wet,Daylight
2020-01-03T13:00:00.000,I 75,,,Sideswipe-Same Direction,2,Rain,Wet,Daylight
2020-02-04T19:30:00.000,I 75,,,Rear End,2,Clear,Dry,Dark-Not Lighted
2020-06-13T08:50:00.000,I 85,,,Angle Crash,2,Clear,Dry,Daylight
2020-06-27T07:10:00.000,I 85,,,Not a Collision with Motor Vehicle,1,Cloudy,Dry,Daylight
2020-01-29T07:20:00.000,I 75,,,Rear End,2,Clear,Dry,Daylight
2020-08-27T17:48:00.000,I 85,,,Rear End,2,Clear,Dry,Daylight
2020-07-28T01:58:00.000,I 16,,,Not a Collision with Motor Vehicle,1,Clear,Dry,Dark-Not Lighted
2020-07-07T20:50:00.000,I 85,,,Not a Collision with Motor Vehicle,1,Clear,Dry,Daylight
2020-05-07T16:31:00.000,I 285,,,Rear End,2,Clear,Dry,Daylight
2020-10-23T13:00:00.000,I 20,,,Rear End,3,Clear,Dry,Daylight
2020-07-22T13:30:00.000,I 20,,,Sideswipe-Same Direction,2,Clear,Dry,Daylight
2020-10-03T10:10:00.000,I 20,,,Not a Collision with Motor Vehicle,1,Clear,Dry,Daylight
2020-12-14T13:57:00.000,I 20,,,Rear End,2,Clear,Dry,Daylight
2020-06-10T09:41:00.000,I 16,,,Sideswipe-Same Direction,3,Cloudy,Dry,Daylight
2020-11-06T12:50:00.000,I 285,,,Sideswipe-Same Direction,2,Clear,Dry,Daylight
2020-10-18T00:05:00.000,I 75,,,Not a Collision with Motor Vehicle,1,Clear,Dry,Dark-Not Lighted
2020-09-11T15:25:00.000,I 16,,,Rear End,2,Clear,Dry,Daylight
2020-08-19T05:48:00.000,I 285,,,Sideswipe-Same Direction,2,Cloudy,Dry,Dark-Not Lighted
2020-01-21T19:03:00.000,I 85,,,Sideswipe-Same Direction,2,Clear,Dry,Dark-Lighted
2020-11-22T04:06:00.000,I 285,,,Not a Collision with Motor Vehicle,3,Clear,Dry,Dark-Lighted
2020-09-22T11:15:00.000,I 285,,,Sideswipe-Same Direction,2,Clear,Dry,Daylight
2020-12-14T18:52:00.000,I 285,,,Rear End,2,Clear,Dry,Dark-Not Lighted
2020-11-06T06:18:00.000,I-75,,,Sideswipe-Same Direction,2,Clear,Dry,Dawn
2020-09-16T04:07:00.000,I 85,,,Not a Collision with Motor Vehicle,1,Clear,Dry,Dark-Not Lighted
2020-10-29T19:12:00.000,I 85,,,Not a Collision with Motor Vehicle,1,Clear,Dry,Dark-Not Lighted
2020-08-11T21:59:00.000,I 75,,,Rear End,3,Clear,Dry,Dark-Not Lighted
2020-10-29T21:03:00.000,I 285,,,Rear End,2,Clear,Dry,Dark-Not Lighted
2020-07-03T12:18:00.000,I 75,,,Sideswipe-Same Direction,3,Clear,Dry,Daylight
2020-06-22T12:10:00.000,I 75,,,Not a Collision with Motor Vehicle,1,Cloudy,Dry,Daylight
2020-12-07T15:43:00.000,I 285,,,Sideswipe-Same Direction,2,Cloudy,Dry,Daylight
2020-10-27T17:00:00.000,I 75,,,Rear End,2,Cloudy,Dry,Daylight
2020-01-25T20:18:00.000,I 75,,,Angle Crash,2,Clear,Dry,Dark-Lighted
2020-02-04T11:34:00.000,I 75,,,Rear End,2,Cloudy,Dry,Daylight
2020-10-30T18:37:00.000,I 75,,,Rear End,2,Clear,Dry,Dark-Lighted
2020-09-02T08:38:00.000,Sr 141,,,Angle Crash,2,Cloudy,Dry,Daylight
2020-08-20T22:50:00.000,I 20,,,Sideswipe-Same Direction,1,Rain,Wet,Dark-Not Lighted
2020-06-21T01:00:00.000,I 285,,,Not a Collision with Motor Vehicle,1,Clear,Dry,Dark-Lighted
2020-02-11T17:49:00.000,I 75,,,Rear End,2,Rain,Wet,Daylight
2020-05-29T15:25:00.000,I 285,,,Rear End,2,Cloudy,Dry,Daylight
2020-12-08T11:00:00.000,I 20,,,Rear End,2,Clear,Dry,Daylight
2020-10-09T17:20:00.000,I 75,,,Rear End,2,Rain,Wet,Daylight
2020-01-25T13:22:00.000,I 85,,,Rear End,2,Clear,Dry,Daylight
2020-05-19T14:05:00.000,I 285,,,Sideswipe-Same Direction,2,Cloudy,Dry,Daylight
2020-12-14T14:45:00.000,I 285,,,Rear End,2,Clear,Dry,Daylight
2020-12-25T23:27:00.000,I 285,,,Not a Collision with Motor Vehicle,1,Clear,Dry,Dark-Lighted
2020-11-16T17:38:00.000,I 20,,,Not a Collision with Motor Vehicle,1,Clear,Dry,Dark-Not Lighted
2020-12-18T23:00:00.000,I 75,,,Sideswipe-Same Direction,2,Clear,Dry,Dark-Not Lighted
2020-07-31T14:20:00.000,I 85,,,Rear End,2,Clear,Dry,Daylight
2020-03-02T19:00:00.000,I 85,,,Rear End,2,Rain,Wet,Dark-Not Lighted
2020-04-17T02:09:00.000,I 20,,,Not a Collision with Motor Vehicle,1,Clear,Dry,Dark-Not Lighted
2020-07-27T22:07:00.000,I 20,,,Angle Crash,2,Clear,Dry,Dark-Lighted
2020-08-12T15:35:00.000,I 285,,,Sideswipe-Same Direction,2,Cloudy,Dry,Daylight
2020-07-02T11:18:00.000,I 75,,,Rear End,2,Clear,Dry,Daylight
2020-02-27T12:30:00.000,I 85,,,Not a Collision with Motor Vehicle,1,Clear,Dry,Daylight
2020-03-21T20:42:00.000,I 285,,,Not a Collision with Motor Vehicle,1,Clear,Dry,Dark-Lighted
2020-12-27T20:41:00.000,I 20,,,Rear End,4,Clear,(None),Dark-Lighted
2020-08-09T15:27:00.000,I 85,,,Not a Collision with Motor Vehicle,1,Rain,Wet,Daylight
2020-12-06T03:23:00.000,I 85,,,Rear End,2,Clear,Dry,Dark-Lighted
2020-04-30T19:47:00.000,I 75,,,Sideswipe-Same Direction,2,Clear,Dry,Dark-Lighted
2020-11-26T00:35:00.000,I 20,,,Not a Collision with Motor Vehicle,1,Rain,Wet,Dark-Not Lighted
2020-03-28T21:07:00.000,I 75,,,Sideswipe-Same Direction,2,Cloudy,Dry,Dark-Not Lighted
2020-05-29T12:05:00.000,I 285,,,Sideswipe-Same Direction,2,Clear,Dry,Daylight
2020-10-09T19:15:00.000,I 75,,,Sideswipe-Same Direction,2,Rain,Wet,Dark-Lighted
2020-06-01T18:11:00.000,I 16,,,Sideswipe-Same Direction,2,Clear,Dry,Daylight
2020-10-24T16:00:00.000,I 285,,,Sideswipe-Same Direction,2,Cloudy,Dry,Daylight
2020-08-29T22:00:00.000,I 285,,,Rear End,2,Clear,Dry,Dark-Lighted
2020-09-08T11:39:00.000,I 75,,,Sideswipe-Same Direction,2,Clear,Dry,Daylight
2020-09-04T22:36:00.000,I 85,,,Rear End,5,Clear,Dry,Dark-Lighted
2020-04-17T16:21:00.000,I 20,,,Not a Collision with Motor Vehicle,1,Clear,Dry,Daylight
2020-09-30T17:35:00.000,I 20,,,Rear End,2,Clear,Dry,Daylight
2020-02-15T00:00:00.000,I 75,,,Rear End,2,Clear,Dry,Daylight
2020-11-25T16:39:00.000,I 85,,,Rear End,2,Rain,Wet,Daylight
2020-02-20T12:15:00.000,I 75,,,Sideswipe-Same Direction,2,Rain,Wet,Daylight
2020-08-25T08:00:00.000,I 20,,,Rear End,2,Rain,Wet,Daylight
2020-10-14T18:32:00.000,I 20,,,Not a Collision with Motor Vehicle,2,Clear,Dry,Daylight
2020-02-11T07:29:00.000,I 75,,,Rear End,2,Rain,Wet,Daylight
2020-01-14T18:14:00.000,I 85,,,Sideswipe-Same Direction,2,Rain,Wet,Dark-Lighted
2020-03-02T10:58:00.000,I 75,,,Sideswipe-Same Direction,2,Rain,Wet,Daylight
2020-01-22T08:58:00.000,I 20,,,Rear End,2,Clear,Dry,Daylight
2020-01-03T16:20:00.000,I 285,,,Sideswipe-Same Direction,2,Rain,Wet,Daylight
2020-01-27T11:20:00.000,I 75,,,Rear End,2,Cloudy,Dry,Daylight
2020-09-14T07:51:00.000,I 285,,,Not a Collision with Motor Vehicle,1,Clear,Dry,Daylight
2020-11-21T03:10:00.000,I 75,,,Sideswipe-Same Direction,2,Clear,Dry,Dark-Not Lighted
2020-01-22T11:09:00.000,I 285,,,Rear End,2,Clear,Dry,Daylight
2020-06-06T22:31:00.000,I 75,,,Rear End,3,Cloudy,Dry,Dark-Not Lighted
2020-11-10T14:10:00.000,I 75,,,Sideswipe-Same Direction,2,Rain,Wet,Daylight
2020-05-14T19:00:00.000,I 75,,,Not a Collision with Motor Vehicle,1,Cloudy,Dry,Daylight
2020-06-09T12:25:00.000,I 285,,,Rear End,2,Cloudy,Dry,Daylight
2020-02-27T15:47:00.000,I 20,,,Sideswipe-Same Direction,2,Clear,Dry,Daylight
2020-09-09T15:02:00.000,I 20,,,Rear End,2,Cloudy,Dry,Daylight
2020-07-05T19:10:00.000,I 75,,,Rear End,2,Clear,Dry,Daylight
2020-02-04T15:58:00.000,I 285,,,Rear End,2,Cloudy,Dry,Daylight
2020-12-16T17:54:00.000,I 20,,,Rear End,2,Rain,Wet,Dark-Not Lighted
2020-05-25T19:28:00.000,I 85,,,Rear End,2,Cloudy,Dry,Daylight
2020-03-05T07:18:00.000,I 285,,,Rear End,2,Rain,Wet,Dawn
2020-10-06T19:10:00.000,I 20,,,Angle Crash,2,Clear,Dry,Dusk
2020-09-11T18:18:00.000,I 75,,,Rear End,3,Clear,Dry,Daylight
2020-12-05T16:15:00.000,I 75,,,Not a Collision with Motor Vehicle,1,Clear,Dry,Daylight
2020-10-13T19:27:00.000,I 95,,,Not a Collision with Motor Vehicle,3,Clear,Dry,Dark-Not Lighted
2020-07-11T11:23:00.000,I 20,,,Not a Collision with Motor Vehicle,1,Clear,Dry,Daylight
2020-12-10T17:29:00.000,I 285,,,Rear End,2,Clear,Dry,Daylight
2020-03-29T16:26:00.000,I 285,,,Not a Collision with Motor Vehicle,2,Clear,Dry,Daylight
2020-01-13T09:26:00.000,I 75,,,Sideswipe-Same Direction,2,Rain,Wet,Daylight
2020-07-10T16:25:00.000,I 285,,,Rear End,2,Cloudy,Dry,Daylight
2020-09-04T14:45:00.000,I 20,,,Angle Crash,2,Clear,Dry,Daylight
2020-12-30T14:35:00.000,I 20,,,Rear End,2,Cloudy,Dry,Daylight
2020-02-13T15:41:00.000,I 16,,,Not a Collision with Motor Vehicle,1,Rain,Wet,Daylight
2020-12-10T12:10:00.000,I 285,,,Sideswipe-Same Direction,2,Clear,Dry,Daylight
2020-05-25T18:14:00.000,I 16,,,Not a Collision with Motor Vehicle,2,Cloudy,Wet,Daylight
2020-03-11T10:00:00.000,I 75,,,Angle Crash,2,Cloudy,Dry,Daylight
2020-07-30T17:10:00.000,I 85,,,Rear End,5,Clear,Dry,Daylight
2020-11-11T11:18:00.000,I 20,,,Not a Collision with Motor Vehicle,2,Cloudy,Dry,Daylight
2020-09-02T16:20:00.000,I 285,,,Sideswipe-Same Direction,2,Cloudy,Dry,Daylight
2020-11-27T22:45:00.000,I 16,,,Not a Collision with Motor Vehicle,1,Clear,Dry,Dark-Not Lighted
2020-07-08T13:54:00.000,I 75,,,Not a Collision with Motor Vehicle,1,Cloudy,Dry,Daylight
2020-10-04T10:19:00.000,I 75,,,Angle Crash,2,Clear,Dry,Daylight
2020-01-28T07:10:00.000,I 75,,,Rear End,2,Clear,Dry,Dawn
2020-09-30T14:39:00.000,I 20,,,Rear End,2,Clear,Dry,Daylight
2020-08-08T17:03:00.000,I 75,,,Not a Collision with Motor Vehicle,1,Cloudy,Dry,Daylight
2020-01-09T12:54:00.000,I 20,,,Rear End,2,Clear,Dry,Daylight
2020-12-28T11:41:00.000,I 285,,,Not a Collision with Motor Vehicle,2,Cloudy,Dry,Daylight
2020-04-25T14:30:00.000,I 20,,,Sideswipe-Same Direction,2,Clear,Dry,Daylight
2020-03-03T14:50:00.000,I 285,,,Rear End,2,Cloudy,Dry,Daylight
2020-10-15T19:59:00.000,I 16,,,Not a Collision with Motor Vehicle,1,Clear,Dry,Dark-Not Lighted
2020-04-11T09:18:00.000,I 85,,,Not a Collision with Motor Vehicle,1,Clear,Dry,Daylight
2020-02-06T17:02:00.000,I 75,,,Rear End,2,Rain,Wet,Daylight
2020-05-05T18:00:00.000,I 95,,,Not a Collision with Motor Vehicle,1,Clear,Dry,Daylight
2020-12-13T22:30:00.000,I 285,,,Not a Collision with Motor Vehicle,1,Severe Thunderstorm or Tornadic,Wet,Dark-Lighted
2020-10-10T07:18:00.000,I 75,,,Sideswipe-Same Direction,2,Rain,Wet,Dawn
2020-11-24T15:55:00.000,I 16,,,Angle Crash,2,Clear,Dry,Daylight
2020-12-22T16:00:00.000,I 285,,,Sideswipe-Same Direction,2,Clear,Dry,Daylight
2020-11-22T08:59:00.000,I 75,,,Angle Crash,2,Cloudy,Dry,Daylight
2020-11-13T18:00:00.000,I 20,,,Rear End,2,Clear,Dry,Dark-Lighted
2020-09-15T18:15:00.000,I 285,,,Sideswipe-Same Direction,3,Clear,Dry,Daylight
2020-02-10T16:52:00.000,I 75,,,Rear End,2,Rain,Wet,Daylight
2020-03-28T18:46:00.000,I 20,,,Not a Collision with Motor Vehicle,1,Cloudy,Dry,Daylight
2020-06-04T13:50:00.000,I 20,,,Angle Crash,2,Clear,Dry,Daylight
2020-07-17T12:23:00.000,I 285,,,Rear End,2,Clear,Dry,Daylight
2020-09-18T13:20:00.000,I 285,,,Sideswipe-Same Direction,2,Cloudy,Dry,Daylight
2020-08-10T20:01:00.000,I 285,,,Angle Crash,2,Cloudy,Dry,Daylight
2020-10-19T23:40:00.000,I 75,,,Sideswipe-Same Direction,2,Clear,Dry,Dark-Not Lighted
2020-10-01T05:46:00.000,I 20,,,Sideswipe-Same Direction,2,Cloudy,Dry,Dark-Not Lighted
2020-04-04T14:44:00.000,I 75,,,Rear End,3,Clear,Dry,Daylight
2020-08-01T08:31:00.000,I 75,,,Not a Collision with Motor Vehicle,1,Clear,Dry,Daylight
2020-07-23T06:38:00.000,I 285,,,Rear End,1,Clear,Dry,Daylight
2020-08-07T17:24:00.000,I 285,,,Rear End,2,Clear,Dry,Daylight
2020-02-01T07:55:00.000,I 75,,,Sideswipe-Same Direction,2,Cloudy,Dry,Daylight
2020-07-09T00:00:00.000,I 20,,,Sideswipe-Same Direction,2,Clear,Dry,Daylight
2020-05-21T14:14:00.000,I 20,,,Sideswipe-Same Direction,2,Clear,Dry,Daylight
2020-10-26T13:00:00.000,I 285,,,Rear End,2,Clear,Dry,Daylight
2020-11-24T10:00:00.000,I 75,,,Sideswipe-Same Direction,2,Clear,Dry,Daylight
2020-01-02T16:50:00.000,I 75,,,Rear End,2,Rain,Wet,Daylight
2020-10-30T06:45:00.000,I 75,,,Sideswipe-Same Direction,2,Clear,Dry,Dark-Not Lighted
2020-01-17T07:40:00.000,I 20,,,Rear End,2,Clear,Dry,Daylight
2020-02-25T16:24:00.000,I 75,,,Rear End,2,Clear,Dry,Daylight
2020-12-07T06:12:00.000,I 75,,,Angle Crash,2,Cloudy,Wet,Daylight
2020-03-24T14:41:00.000,I 75,,,Angle Crash,2,Rain,Wet,Daylight
2020-08-11T15:20:00.000,I 285,,,Sideswipe-Same Direction,3,Clear,Dry,Daylight
2020-01-14T01:18:00.000,I 20,,,Not a Collision with Motor Vehicle,1,Rain,Wet,Dark-Lighted
2020-11-20T18:34:00.000,I 75,,,Rear End,2,Clear,Dry,Dark-Not Lighted
2020-09-13T13:43:00.000,I 285,,,Rear End,3,Clear,Dry,Daylight
2020-03-23T07:52:00.000,I 75,,,Not a Collision with Motor Vehicle,1,Rain,Wet,Daylight
2020-04-01T17:19:00.000,I 20,,,Sideswipe-Same Direction,2,Clear,Dry,Daylight
2020-04-27T11:52:00.000,I 285,,,Not a Collision with Motor Vehicle,2,Clear,Dry,Daylight
2020-10-14T00:00:00.000,I 85,,,Sideswipe-Same Direction,2,Clear,Dry,Daylight
2020-08-04T17:32:00.000,I 285,,,Rear End,2,Clear,Dry,Daylight
2020-02-14T09:00:00.000,I 20,,,Rear End,2,Clear,Dry,Daylight
2020-07-03T15:05:00.000,I 75,,,Rear End,2,Clear,Dry,Daylight
2020-02-21T12:36:00.000,I 75,,,Rear End,3,Clear,Dry,Daylight
2020-01-14T16:09:00.000,I 75,,,Sideswipe-Same Direction,2,Rain,Water (standing or moving),Daylight
2020-05-09T18:22:00.000,I 75,,,Sideswipe-Same Direction,2,Clear,Dry,Daylight
2020-08-06T22:13:00.000,I 75,,,Not a Collision with Motor Vehicle,1,Clear,Dry,Dark-Lighted
2020-01-03T17:36:00.000,I 285,,,Rear End,2,Rain,Wet,Daylight
2020-11-19T10:39:00.000,I 16,,,Sideswipe-Same Direction,2,Clear,Dry,Daylight
2020-03-04T18:58:00.000,I 75,,,Angle Crash,2,Rain,Wet,Dark-Lighted
2020-10-27T08:45:00.000,I 285,,,Sideswipe-Same Direction,2,Clear,Dry,Daylight
2020-10-01T09:35:00.000,I 20,,,Rear End,2,Clear,Dry,Daylight
2020-06-26T16:57:00.000,I 285,,,Sideswipe-Same Direction,2,Cloudy,Dry,Daylight
2020-03-03T13:06:00.000,I 75,,,Rear End,3,Cloudy,Dry,Daylight
2020-10-25T17:18:00.000,I 20,,,Rear End,2,Cloudy,Dry,Daylight
2020-12-14T09:15:00.000,I 20,,,Not a Collision with Motor Vehicle,1,Rain,Wet,Daylight
2020-09-30T23:07:00.000,I 85,,,Sideswipe-Same Direction,2,Clear,Dry,Dark-Not Lighted
2020-01-22T08:54:00.000,I 20,,,Rear End,2,Clear,Dry,Daylight
2020-09-03T17:30:00.000,I 85,,,Rear End,2,Clear,Dry,Daylight
2020-07-15T10:45:00.000,I 75,,,Not a Collision with Motor Vehicle,2,Clear,Dry,Daylight
2020-01-23T15:45:00.000,I 75,,,Sideswipe-Same Direction,2,Cloudy,Wet,Daylight
2020-05-19T15:50:00.000,I 20,,,Sideswipe-Same Direction,2,Cloudy,Dry,Daylight
2020-02-13T07:51:00.000,I 16,,,Rear End,2,Cloudy,Dry,Daylight
2020-03-05T00:00:00.000,I 285,,,Rear End,2,Rain,Wet,Dark-Lighted
2020-09-10T16:41:00.000,I 75,,,Rear End,2,Clear,Dry,Daylight
2020-06-10T16:30:00.000,I 75,,,Rear End,2,Clear,Dry,Daylight
2020-11-14T22:46:00.000,I 85,,,Sideswipe-Same Direction,4,Clear,Dry,Dark-Not Lighted
2020-06-19T00:50:00.000,I 20,,,Not a Collision with Motor Vehicle,1,Clear,Dry,Dark-Not Lighted
2020-12-16T18:35:00.000,I 285,,,Sideswipe-Same Direction,1,Rain,Wet,Dark-Lighted
2020-10-03T19:00:00.000,I 20,,,Sideswipe-Same Direction,2,Clear,Dry,Dark-Lighted
2020-02-01T19:08:00.000,I 16,,,Rear End,2,Clear,Dry,Dark-Lighted
2020-06-04T17:40:00.000,I 20,,,Rear End,2,Clear,Dry,Daylight
2020-10-19T12:00:00.000,I 75,,,Not a Collision with Motor Vehicle,2,Clear,Dry,Daylight
2020-11-19T19:27:00.000,I 75,,,Not a Collision with Motor Vehicle,2,Clear,Dry,Dark-Not Lighted
2020-08-23T09:07:00.000,I 85,,,Not a Collision with Motor Vehicle,1,Clear,Dry,Daylight
2020-11-26T12:17:00.000,I 75,,,Sideswipe-Same Direction,2,Clear,Dry,Daylight
2020-04-30T07:00:00.000,I 20,,,Sideswipe-Same Direction,2,Clear,Dry,Daylight
2020-11-10T15:15:00.000,I 85,,,Rear End,2,Rain,Wet,Daylight
2020-03-14T03:20:00.000,I 20,,,Sideswipe-Same Direction,2,Clear,Dry,Dark-Not Lighted
2020-06-19T03:40:00.000,I 285,,,Angle Crash,2,Clear,Dry,Dark-Not Lighted
2020-02-26T17:55:00.000,I 75,,,Rear End,2,Cloudy,Dry,Daylight
2020-11-29T20:20:00.000,I 85,,,Sideswipe-Same Direction,3,Rain,Wet,Dark-Not Lighted
2020-08-12T15:07:00.000,I 285,,,Rear End,2,Cloudy,Wet,Daylight
2020-06-26T15:15:00.000,I 85,,,Angle Crash,2,Cloudy,Dry,Daylight
2020-08-29T16:45:00.000,I 85,,,Angle Crash,4,Cloudy,Dry,Daylight
2020-05-08T21:40:00.000,I 85,,,Rear End,3,Rain,Wet,Dark-Lighted
2020-11-11T08:09:00.000,I 75,,,Sideswipe-Same Direction,2,Clear,Wet,Daylight
2020-11-11T13:15:00.000,I 20,,,Not a Collision with Motor Vehicle,1,Cloudy,Wet,Daylight
2020-03-29T23:24:00.000,I 75,,,Not a Collision with Motor Vehicle,1,Cloudy,Dry,Dark-Not Lighted
2020-02-28T12:31:00.000,I 75,,,Sideswipe-Same Direction,1,Clear,Dry,Dark-Lighted
2020-11-23T14:34:00.000,I 285,,,Angle Crash,2,Clear,Dry,Daylight
2020-06-20T09:16:00.000,I 85,,,Sideswipe-Same Direction,2,Clear,Dry,Daylight
2020-05-31T03:03:00.000,I 75,,,Rear End,2,Clear,Dry,Dark-Not Lighted
2020-12-18T01:15:00.000,I 20,,,Rear End,3,Clear,Dry,Dark-Not Lighted
2020-11-02T15:30:00.000,I 285,,,Rear End,3,Clear,Dry,Daylight
2020-08-14T18:48:00.000,I 20,,,(None),2,(None),(None),(None)
2020-05-15T14:52:00.000,I 285,,,Not a Collision with Motor Vehicle,1,Clear,Dry,Daylight
2020-09-11T00:00:00.000,I 75,,,Rear End,2,Clear,Dry,Dark-Not Lighted
2020-02-16T21:50:00.000,I 20,,,Rear End,2,Rain,Wet,Dark-Not Lighted
2020-02-19T10:39:00.000,I 75,,,Angle Crash,2,Cloudy,Wet,Daylight
2020-08-29T17:53:00.000,I 75,,,Not a Collision with Motor Vehicle,1,Clear,Dry,Daylight
2020-12-21T15:57:00.000,I 85,,,Sideswipe-Same Direction,2,Clear,Dry,Daylight
2020-02-18T19:13:00.000,I 75,,,Rear End,2,Rain,Wet,Dark-Not Lighted
2020-11-19T07:50:00.000,I 75,,,Rear End,2,Clear,Dry,Daylight
2020-02-28T10:09:00.000,I 285,,,Rear End,2,Clear,Dry,Daylight
2020-06-05T15:45:00.000,I 85,,,Rear End,3,Clear,Dry,Daylight
2020-03-03T07:45:00.000,I 20,,,Rear End,2,Rain,Wet,Daylight
2020-07-20T09:50:00.000,I 85,,,Not a Collision with Motor Vehicle,1,Clear,Dry,Daylight
2020-03-04T14:00:00.000,I 16,,,Not a Collision with Motor Vehicle,1,Rain,Water (standing or moving),Daylight
2020-11-15T12:00:00.000,I 285,,,Rear End,2,Clear,Dry,Daylight
2020-12-02T23:20:00.000,I 285,,,Rear End,2,Clear,Dry,Dark-Not Lighted
2020-08-17T07:16:00.000,I 75,,,Not a Collision with Motor Vehicle,1,Clear,Dry,Dark-Not Lighted
2020-03-30T13:05:00.000,I 20,,,Rear End,2,Cloudy,Dry,Daylight
2020-11-29T20:17:00.000,I 20,,,Sideswipe-Same Direction,2,Rain,Wet,Dark-Not Lighted
2020-02-29T17:50:00.000,I 285,,,Not a Collision with Motor Vehicle,2,Clear,Dry,Daylight
2020-03-11T05:19:00.000,I 20,,,Angle Crash,2,Clear,Dry,Dark-Not Lighted
2020-10-17T13:40:00.000,I 75,,,Angle Crash,2,Cloudy,Dry,Daylight
2020-08-08T14:00:00.000,I 285,,,Rear End,2,Clear,Dry,Daylight
2020-01-09T18:10:00.000,I 285,,,Rear End,2,Cloudy,Dry,Dark-Not Lighted
2020-11-15T04:00:00.000,I 20,,,Rear End,2,Clear,Dry,Dark-Lighted
2020-06-10T17:30:00.000,I 285,,,Rear End,3,Rain,Wet,Daylight
2020-02-07T14:49:00.000,I 75,,,Rear End,2,Cloudy,Dry,Daylight
2020-01-07T18:30:00.000,I 285,,,Rear End,2,Clear,Dry,Dark-Lighted
2020-02-27T05:37:00.000,I 20,,,Rear End,3,Clear,Dry,Dark-Lighted
2020-09-18T13:28:00.000,I 20,,,Rear End,4,Clear,Dry,Daylight
2020-09-28T10:26:00.000,I 20,,,Rear End,2,Cloudy,Dry,Daylight
2020-03-04T18:25:00.000,I 75,,,Sideswipe-Same Direction,2,Clear,Dry,Daylight