Date and Time,Roadway (From Crash Report),Intersection Name (from Crash Report),KABCO Severity,Manner of Collision (Crash Level) ,# of Vehicles per crash ,Weather Conditions (Crash Level),Surface Condition (Crash Level) ,Light Conditions (Crash Level)
2020-02-12T20:18:00.000,I 75,,,Sideswipe-Same Direction,2,Cloudy,Dry,Dark-Not Lighted
2020-08-03T14:24:00.000,I 16,,,Sideswipe-Same Direction,2,Rain,Wet,Daylight
2020-01-28T16:15:00.000,I 75,,,Not a Collision with Motor Vehicle,1,Clear,Dry,Daylight
2020-01-02T07:20:00.000,I 20,,,Rear End,2,Rain,Wet,Dawn
2020-10-08T06:31:00.000,I 85,,,Not a Collision with Motor Vehicle,1,Clear,Dry,Dark-Not Lighted
2020-01-10T19:00:00.000,I 85,,,Not a Collision with Motor Vehicle,1,Clear,Dry,Dark-Not Lighted
2020-07-22T18:00:00.000,I 85,,,Rear End,2,Rain,Wet,Daylight
2020-03-19T15:00:00.000,I 75,,,Sideswipe-Same Direction,2,Cloudy,Dry,Daylight
2020-03-28T14:15:00.000,I 75,,,Not a Collision with Motor Vehicle,1,Clear,Dry,Daylight
2020-01-14T12:35:00.000,I 20,,,Sideswipe-Same Direction,2,Rain,Wet,Daylight
2020-06-02T10:22:00.000,I 85,,,Rear End,2,Clear,Dry,Daylight
2020-06-30T05:50:00.000,I 20,,,Sideswipe-Same Direction,2,Clear,Dry,Dark-Lighted
2020-09-30T09:49:00.000,I 75,,,Not a Collision with Motor Vehicle,1,Clear,Dry,Daylight
2020-01-09T19:41:00.000,I 20,,,Not a Collision with Motor Vehicle,1,Clear,Dry,Dark-Not Lighted
2020-06-19T20:50:00.000,I 285,,,Not a Collision with Motor Vehicle,2,Cloudy,Dry,Dark-Not Lighted
2020-01-21T18:30:00.000,I 85,,,Rear End,2,Clear,Dry,Dark-Lighted
2020-08-11T07:25:00.000,I 95,,,Angle Crash,2,Clear,Dry,Daylight
2020-02-11T07:13:00.000,I 75,,,Rear End,4,Rain,Wet,Dawn
2020-11-07T13:25:00.000,I 75,,,Rear End,3,Cloudy,Dry,Daylight
2020-10-09T23:45:00.000,I 75,,,Sideswipe-Same Direction,2,Rain,Wet,Dark-Lighted
2020-07-30T17:34:00.000,I 20,,,Rear End,6,Rain,Wet,Daylight
2020-02-20T16:37:00.000,I 75,,,Sideswipe-Same Direction,2,Rain,Wet,Daylight
2020-11-17T17:15:00.000,I 75,,,Angle Crash,2,Clear,Dry,Daylight
2020-01-14T15:42:00.000,I 285,,,Rear End,2,Rain,Wet,Daylight
2020-10-29T04:12:00.000,I 75,,,Not a Collision with Motor Vehicle,1,Severe Thunderstorm or Tornadic,Water (standing or moving),Dark-Lighted
2020-02-18T18:00:00.000,I 75,,,Rear End,3,Rain,Wet,Daylight
2020-08-11T17:33:00.000,I 285,,,Rear End,2,Clear,Dry,Daylight
2020-01-04T18:28:00.000,I 285,,,Rear End,4,Clear,Dry,Dark-Not Lighted
2020-08-09T15:26:00.000,I 85,,,Not a Collision with Motor Vehicle,1,Rain,Wet,Daylight
2020-01-11T20:14:00.000,I 75,,,Not a Collision with Motor Vehicle,1,Rain,Wet,Dark-Not Lighted
2020-02-02T20:28:00.000,I 20,,,Rear End,2,Clear,Dry,Dark-Lighted
2020-07-08T09:25:00.000,I 20,,,Sideswipe-Same Direction,2,Clear,Dry,Daylight
2020-10-12T02:48:00.000,I 85,,,Sideswipe-Same Direction,2,Clear,Dry,Dark-Lighted
2020-03-19T09:00:00.000,I 75,,,Sideswipe-Same Direction,2,Clear,Dry,Daylight
2020-12-03T08:55:00.000,I 285,,,Not a Collision with Motor Vehicle,1,Clear,Dry,Dark-Not Lighted
2020-07-07T19:15:00.000,I 20,,,Rear End,2,Clear,Dry,Daylight
2020-08-28T11:50:00.000,I 285,,,Not a Collision with Motor Vehicle,1,Clear,Dry,Daylight
2020-05-30T12:05:00.000,I 85,,,Not a Collision with Motor Vehicle,1,Clear,Dry,Daylight
2020-02-07T06:54:00.000,I 20,,,Rear End,2,Cloudy,Dry,Dark-Not Lighted
2020-10-09T18:01:00.000,I 75,,,Rear End,2,Rain,Wet,Daylight
2020-09-11T14:22:00.000,I 20,,,Sideswipe-Same Direction,2,Clear,Dry,Daylight
2020-12-13T02:50:00.000,I 20,,,Rear End,7,Clear,Wet,Dark-Not Lighted
2020-05-22T03:03:00.000,I 85,,,Not a Collision with Motor Vehicle,1,Clear,Dry,Dark-Not Lighted
2020-10-16T17:20:00.000,I 285,,,Sideswipe-Same Direction,2,Clear,Dry,Daylight
2020-04-27T10:25:00.000,I 285,,,Not a Collision with Motor Vehicle,1,Clear,Dry,Daylight
2020-06-08T17:41:00.000,I 285,,,Sideswipe-Same Direction,2,Cloudy,Dry,Daylight
2020-02-12T18:45:00.000,I 75,,,Sideswipe-Same Direction,2,Clear,Dry,Dark-Not Lighted
2020-08-09T15:26:00.000,I 85,,,Not a Collision with Motor Vehicle,2,Rain,Wet,Daylight
2020-06-01T05:19:00.000,I 85,,,Rear End,2,Clear,Dry,Dark-Not Lighted
2020-10-29T21:03:00.000,I 285,,,Rear End,3,Clear,Dry,Dark-Not Lighted
2020-09-11T08:40:00.000,I 75,,,Sideswipe-Same Direction,2,Clear,Dry,Daylight
2020-03-12T11:48:00.000,I 285,,,Not a Collision with Motor Vehicle,2,Clear,Dry,Daylight
2020-10-15T19:59:00.000,I 16,,,Not a Collision with Motor Vehicle,1,Clear,Dry,Dark-Not Lighted
2020-04-08T09:00:00.000,I 75,,,Sideswipe-Same Direction,2,Cloudy,Dry,Daylight
2020-03-13T16:37:00.000,I 285,,,Rear End,2,Cloudy,Dry,Daylight
2020-08-27T01:01:00.000,I 85,,,Sideswipe-Opposite Direction,2,Clear,Dry,Dark-Not Lighted
2020-01-10T17:50:00.000,I 20,,,Not a Collision with Motor Vehicle,1,Clear,Dry,Dark-Not Lighted
2020-09-04T15:30:00.000,I 75,,,Rear End,4,Cloudy,Dry,Daylight
2020-04-18T13:31:00.000,I 75,,,Not a Collision with Motor Vehicle,1,Clear,Dry,Daylight
2020-02-10T10:45:00.000,I 285,,,Not a Collision with Motor Vehicle,1,Cloudy,Dry,Daylight
2020-05-23T16:00:00.000,I 20,,,Rear End,2,Clear,Dry,Daylight
2020-06-03T17:40:00.000,I 285,,,Rear End,2,Clear,Dry,Daylight
2020-02-13T11:41:00.000,I 85,,,Rear End,2,Cloudy,Wet,Daylight
2020-01-14T12:56:00.000,I 285,,,Angle Crash,2,Rain,Wet,Daylight
2020-03-20T15:00:00.000,I 16,,,Sideswipe-Same Direction,2,Clear,Dry,Daylight
2020-06-23T14:10:00.000,I 285,,,Angle Crash,3,Cloudy,Dry,Daylight
2020-07-24T17:37:00.000,I 85,,,Rear End,2,Clear,Dry,Daylight
2020-02-08T11:07:00.000,I 20,,,Rear End,2,Rain,Wet,Daylight
2020-12-19T06:01:00.000,I 285,,,Angle Crash,2,Clear,Ice/Frost,Dusk
2020-09-09T14:14:00.000,I 20,,,Sideswipe-Same Direction,2,Cloudy,Dry,Daylight
2020-07-05T18:58:00.000,I 20,,,Rear End,2,Clear,Dry,Daylight
2020-07-28T08:30:00.000,I 285,,,Not a Collision with Motor Vehicle,2,Cloudy,Dry,Daylight
2020-04-28T12:16:00.000,I 75,,,Rear End,2,Clear,Dry,Daylight
2020-03-18T03:00:00.000,I 75,,,Rear End,2,Clear,Dry,Dark-Not Lighted
2020-08-11T11:04:00.000,I 20,,,Rear End,2,Cloudy,Dry,Daylight
2020-09-05T17:40:00.000,I 285,,,Rear End,2,Clear,Dry,Daylight
2020-11-17T12:00:00.000,I 20,,,Sideswipe-Same Direction,2,Clear,Dry,Daylight
2020-01-21T08:55:00.000,I 75,,,Rear End,2,Cloudy,Dry,Daylight
2020-09-16T21:00:00.000,I 285,,,Rear End,2,Rain,Wet,Dark-Not Lighted
2020-01-24T10:30:00.000,I 85,,,Not a Collision with Motor Vehicle,1,Rain,Wet,Dark-Lighted
2020-04-28T16:00:00.000,I 16,,,Rear End,2,Clear,Dry,Daylight
2020-06-25T04:23:00.000,I 20,,,Not a Collision with Motor Vehicle,1,Rain,Wet,Dark-Not Lighted
2020-11-16T17:20:00.000,I 285,,,Rear End,2,Clear,Dry,Dark-Not Lighted
2020-02-22T16:13:00.000,I 85,,,Rear End,2,Clear,Dry,Daylight
2020-02-06T14:04:00.000,I 285,,,Rear End,2,Cloudy,Wet,Daylight
2020-11-18T00:00:00.000,I 75,,,Sideswipe-Same Direction,2,Clear,Dry,Daylight
2020-11-07T08:15:00.000,I 75,,,Angle Crash,2,Cloudy,Dry,Daylight
2020-10-02T20:10:00.000,I 20,,,Rear End,2,Clear,Dry,Dark-Lighted
2020-06-22T13:55:00.000,I 285,,,Rear End,2,Rain,Wet,Daylight
2020-08-12T13:50:00.000,I 20,,,Not a Collision with Motor Vehicle,1,Clear,Dry,Daylight
2020-02-16T12:53:00.000,I 20,,,Not a Collision with Motor Vehicle,1,Cloudy,Wet,Daylight
2020-01-08T14:41:00.000,I 75,,,Not a Collision with Motor Vehicle,2,Clear,Dry,Daylight
2020-09-04T16:32:00.000,I 20,,,Sideswipe-Same Direction,2,Clear,Dry,Daylight
2020-09-08T02:02:00.000,I 285,,,Sideswipe-Same Direction,2,Clear,Dry,Dark-Not Lighted
2020-10-06T18:25:00.000,I 75,,,Not a Collision with Motor Vehicle,1,Cloudy,Dry,Daylight
2020-01-22T07:10:00.000,I 285,,,Sideswipe-Same Direction,2,Clear,Dry,Daylight
2020-07-01T04:18:00.000,I 20,,,Not a Collision with Motor Vehicle,1,Cloudy,Dry,Dark-Not Lighted
2020-01-13T07:00:00.000,I 75,,,Rear End,3,Rain,Wet,Dark-Not Lighted
2020-11-18T13:21:00.000,I 20,,,Sideswipe-Same Direction,2,Clear,Dry,Daylight
2020-02-07T08:00:00.000,I 75,,,Rear End,2,Cloudy,Dry,Daylight
2020-03-23T09:50:00.000,I 285,,,Angle Crash,2,Rain,Wet,Daylight
2020-06-26T09:20:00.000,I 85,,,Not a Collision with Motor Vehicle,1,Cloudy,Dry,Daylight
2020-01-13T06:45:00.000,I 75,,,Rear End,2,Rain,Wet,Dark-Lighted
2020-12-26T07:38:00.000,I 20,,,Sideswipe-Same Direction,2,Clear,Dry,Daylight
2020-03-04T11:37:00.000,I 20,,,Rear End,2,Rain,Water (standing or moving),Daylight
2020-08-10T14:55:00.000,I 85,,,Sideswipe-Same Direction,2,Cloudy,Dry,Daylight
2020-01-10T20:00:00.000,I 85,,,Not a Collision with Motor Vehicle,1,Cloudy,Dry,Dark-Not Lighted
2020-01-16T18:03:00.000,I 75,,,Rear End,3,Cloudy,Dry,Dark-Lighted
2020-10-03T12:00:00.000,I 285,,,Sideswipe-Same Direction,2,Clear,Dry,Daylight
2020-07-11T23:34:00.000,I 20,,,Sideswipe-Same Direction,2,Clear,Dry,Dark-Lighted
2020-06-24T13:41:00.000,I 285,,,Rear End,2,Cloudy,Dry,Daylight
2020-01-29T17:45:00.000,I 285,,,Sideswipe-Same Direction,2,Clear,Dry,Daylight
2020-10-09T07:30:00.000,I 75,,,Sideswipe-Same Direction,2,Cloudy,Dry,Dark-Lighted
2020-01-05T00:40:00.000,I 20,,,Angle Crash,2,Clear,Dry,Dark-Not Lighted
2020-06-30T15:00:00.000,I 285,,,Rear End,2,Cloudy,Dry,Daylight
2020-11-06T18:03:00.000,I 75,,,Rear End,2,Cloudy,Dry,Dark-Not Lighted
2020-09-06T13:04:00.000,I 85,,,Sideswipe-Same Direction,2,Clear,Dry,Daylight
2020-11-19T16:03:00.000,I 20,,,Sideswipe-Same Direction,2,Clear,Dry,Daylight
2020-03-05T14:41:00.000,I 85,,,Rear End,2,Rain,Wet,Daylight
2020-06-20T13:20:00.000,I 285,,,Rear End,3,Cloudy,Dry,Daylight
2020-07-24T19:23:00.000,I 75,,,Rear End,2,Clear,Dry,Daylight
2020-02-18T17:40:00.000,I 20,,,Not a Collision with Motor Vehicle,1,Rain,Water (standing or moving),Dark-Lighted
2020-09-22T17:00:00.000,I 285,,,Rear End,3,Clear,Dry,Daylight
2020-02-13T08:52:00.000,I 20,,,Sideswipe-Same Direction,1,Rain,Wet,Daylight
2020-09-29T06:35:00.000,I 16,,,Not a Collision with Motor Vehicle,1,Cloudy,Dry,Dark-Not Lighted
2020-11-06T11:00:00.000,I 75,,,Not a Collision with Motor Vehicle,2,Clear,Dry,Daylight
2020-03-10T07:22:00.000,I 75,,,Sideswipe-Same Direction,2,Rain,Wet,Dark-Not Lighted
2020-11-24T00:00:00.000,I 285,,,Rear End,3,Clear,Dry,Dark-Not Lighted
2020-10-15T13:42:00.000,I 85,,,Sideswipe-Same Direction,2,Cloudy,Dry,Daylight
2020-07-11T18:35:00.000,I 285,,,Rear End,2,Clear,Dry,Daylight
2020-03-12T18:04:00.000,I 75,,,Rear End,2,Clear,Dry,Daylight
2020-07-18T18:42:00.000,I 85,,,Rear End,2,Cloudy,Dry,Daylight
2020-03-10T00:00:00.000,I 85,,,Rear End,2,Clear,Dry,Daylight
2020-02-18T23:44:00.000,I 285,,,Sideswipe-Same Direction,2,Rain,Wet,Dark-Lighted
2020-09-29T10:52:00.000,I 85,,,Not a Collision with Motor Vehicle,1,Rain,Wet,Daylight
2020-04-03T14:20:00.000,I 285,,,Not a Collision with Motor Vehicle,1,Clear,Dry,Daylight
2020-02-18T14:14:00.000,I 75,,,Rear End,3,Rain,Wet,Daylight
2020-08-21T18:30:00.000,I 75,,,Not a Collision with Motor Vehicle,1,Rain,Wet,Daylight
2020-07-17T17:50:00.000,I 285,,,Sideswipe-Same Direction,3,Cloudy,Dry,Daylight
2020-10-19T09:00:00.000,I 285,,,Rear End,2,Clear,Dry,Daylight
2020-09-13T15:00:00.000,I 16,,,Sideswipe-Same Direction,2,Rain,Wet,Daylight
2020-07-18T17:12:00.000,I 85,,,Sideswipe-Same Direction,4,Rain,Wet,Daylight
2020-05-12T19:10:00.000,I 285,,,Angle Crash,2,Clear,Dry,Daylight
2020-04-28T11:40:00.000,I 20,,,Not a Collision with Motor Vehicle,2,Clear,Dry,Daylight
2020-07-13T17:00:00.000,I 285,,,Sideswipe-Same Direction,2,Cloudy,Dry,Daylight
2020-04-19T22:48:00.000,I 85,,,Not a Collision with Motor Vehicle,1,Rain,Wet,Dark-Lighted
2020-05-11T21:40:00.000,I 285,,,Rear End,2,Clear,Dry,Dark-Not Lighted
2020-09-17T11:32:00.000,I 20,,,Not a Collision with Motor Vehicle,1,Rain,Wet,Daylight
2020-11-11T05:37:00.000,I 20,,,Not a Collision with Motor Vehicle,1,Rain,Wet,Daylight
2020-01-10T11:59:00.000,I 75,,,Rear End,2,Cloudy,Dry,Daylight
2020-08-25T14:14:00.000,I 85,,,Angle Crash,2,Cloudy,Dry,Daylight
2020-09-24T18:50:00.000,I 285,,,Rear End,1,Rain,Wet,Daylight
2020-02-27T06:22:00.000,I 20,,,Sideswipe-Same Direction,2,Clear,Dry,Dark-Not Lighted
2020-06-15T17:45:00.000,I 20,,,Rear End,2,Rain,Wet,Daylight
2020-02-13T19:00:00.000,I 285,,,Sideswipe-Same Direction,2,Clear,Dry,Dark-Lighted
2020-05-23T14:20:00.000,I 285,,,Not a Collision with Motor Vehicle,2,Clear,Dry,Daylight
2020-09-17T19:51:00.000,I 285,,,Rear End,3,Cloudy,Wet,Dark-Lighted
2020-09-23T21:15:00.000,I 285,,,Sideswipe-Same Direction,2,Clear,Dry,Dark-Not Lighted
2020-11-19T17:18:00.000,I 75,,,Rear End,2,Clear,Dry,Daylight
2020-01-03T12:30:00.000,I 20,,,Rear End,2,Rain,Wet,Daylight
2020-07-13T11:20:00.000,I 75,,,Sideswipe-Same Direction,2,Cloudy,Dry,Daylight
2020-08-25T20:06:00.000,I 285,,,Not a Collision with Motor Vehicle,1,Cloudy,Wet,Dark-Not Lighted
2020-07-06T10:11:00.000,I 75,,,Sideswipe-Same Direction,3,Clear,Dry,Daylight
2020-02-28T07:50:00.000,I 75,,,Rear End,2,Clear,Dry,Daylight
2020-10-02T12:10:00.000,I 75,,,Rear End,2,Clear,Dry,Daylight
2020-10-30T18:26:00.000,I 85,,,Rear End,2,Cloudy,Dry,Daylight
2020-09-04T17:00:00.000,I 20,,,Rear End,2,Clear,Dry,Daylight
2020-08-28T13:50:00.000,I 85,,,Rear End,2,Cloudy,Dry,Daylight
2020-10-14T12:52:00.000,I 75,,,Not a Collision with Motor Vehicle,5,Clear,Dry,Daylight
2020-08-14T18:40:00.000,I 20,,,Not a Collision with Motor Vehicle,1,Rain,Wet,Daylight
2020-01-07T12:35:00.000,I 85,,,Not a Collision with Motor Vehicle,2,Clear,Dry,Daylight
2020-11-16T17:32:00.000,I 75,,,Sideswipe-Same Direction,2,Clear,Dry,Dark-Lighted
2020-11-11T15:47:00.000,I 16,,,(None),1,(None),(None),(None)
2020-03-07T23:39:00.000,I 75,,,Not a Collision with Motor Vehicle,1,Clear,Dry,Dark-Lighted
2020-01-03T13:56:00.000,I 75,,,Sideswipe-Same Direction,2,Rain,Wet,Daylight
2020-01-14T18:20:00.000,I 75,,,Rear End,2,Rain,Wet,Dark-Lighted
2020-12-24T17:00:00.000,I 285,,,Angle Crash,2,Sleet,Wet,Daylight
2020-08-21T18:05:00.000,I 75,,,Rear End,2,Rain,Wet,Daylight
2020-11-21T07:00:00.000,I 20,,,Angle Crash,2,Clear,Dry,Daylight
2020-06-15T04:30:00.000,I 20,,,Not a Collision with Motor Vehicle,1,Clear,Dry,Daylight
2020-01-14T18:03:00.000,I 75,,,Rear End,2,Rain,Wet,Dark-Lighted
2020-06-25T18:56:00.000,I 20,,,Rear End,2,Clear,Wet,Daylight
2020-01-31T16:45:00.000,I 75,,,Rear End,2,Clear,Dry,Daylight
2020-04-01T14:00:00.000,I 20,,,Sideswipe-Same Direction,2,Clear,Dry,Daylight
2020-01-02T07:06:00.000,I 285,,,Rear End,2,Rain,Wet,Dawn
2020-11-27T16:07:00.000,I 16,,,Not a Collision with Motor Vehicle,1,Clear,Dry,Daylight
2020-01-07T14:42:00.000,I 285,,,Angle Crash,2,Clear,Dry,Daylight
2020-02-19T06:36:00.000,I 85,,,Rear End,2,Cloudy,Wet,Dark-Lighted
2020-11-24T11:47:00.000,I 20,,,Rear End,2,Clear,Dry,Daylight
2020-11-06T10:46:00.000,I 285,,,Sideswipe-Same Direction,2,Clear,Dry,Daylight
2020-07-24T11:38:00.000,I 20,,,Rear End,2,Cloudy,Dry,Daylight
2020-10-23T00:15:00.000,I 285,,,Rear End,2,Clear,Dry,Dark-Lighted
2020-01-14T17:43:00.000,I 285,,,Rear End,3,Rain,Wet,Dark-Not Lighted
2020-09-07T21:13:00.000,I 285,,,Angle Crash,2,Clear,Dry,Dark-Not Lighted
2020-01-22T14:45:00.000,I 285,,,Rear End,2,Cloudy,Dry,Daylight
2020-06-11T17:31:00.000,I 16,,,Rear End,2,Clear,Dry,Daylight
2020-02-14T12:53:00.000,I 285,,,Angle Crash,2,Clear,Dry,Daylight
2020-01-01T06:20:00.000,I 20,,,Sideswipe-Same Direction,2,Clear,Dry,Dark-Lighted
2020-03-26T08:40:00.000,I 75,,,Not a Collision with Motor Vehicle,1,Clear,Dry,Daylight
2020-02-29T20:01:00.000,I 16,,,Sideswipe-Same Direction,2,Clear,Dry,Dark-Not Lighted
2020-06-17T23:27:00.000,I 285,,,Rear End,2,Clear,Dry,Dark-Lighted
2020-01-24T06:45:00.000,I 75,,,Not a Collision with Motor Vehicle,1,Rain,Wet,Dark-Not Lighted
2020-12-05T19:55:00.000,I 285,,,Rear End,2,Clear,Dry,Dark-Lighted
2020-05-27T15:35:00.000,I 75,,,Rear End,3,Rain,Wet,Daylight
2020-11-11T11:55:00.000,I 20,,,Not a Collision with Motor Vehicle,1,Rain,Wet,Daylight
2020-01-28T09:00:00.000,I 75,,,Rear End,2,Clear,Dry,Daylight
2020-06-26T16:05:00.000,I 75,,,Rear End,2,Cloudy,Dry,Daylight
2020-03-01T00:41:00.000,I 20,,,Sideswipe-Same Direction,2,Clear,Dry,Dark-Not Lighted
2020-02-06T13:12:00.000,I 285,,,Not a Collision with Motor Vehicle,1,Severe Thunderstorm or Tornadic,Water (standing or moving),Daylight
2020-12-05T23:20:00.000,I 85,,,Sideswipe-Same Direction,2,Clear,Dry,Dark-Not Lighted
2020-01-17T08:29:00.000,I 20,,,Rear End,2,Clear,Dry,Daylight
2020-07-22T23:00:00.000,I 285,,,Sideswipe-Same Direction,3,Clear,Dry,Dark-Lighted
2020-05-07T20:15:00.000,I 285,,,Rear End,2,Clear,Dry,Daylight
2020-03-23T06:30:00.000,I 75,,,Not a Collision with Motor Vehicle,1,Fog,Wet,Dark-Not Lighted
2020-07-03T02:19:00.000,I 285,,,Not a Collision with Motor Vehicle,1,Clear,Dry,Dark-Not Lighted
2020-05-13T12:12:00.000,I 285,,,Rear End,2,Cloudy,Dry,Daylight
2020-01-03T14:53:00.000,I 20,,,Rear End,2,Rain,Wet,Daylight
2020-03-13T10:54:00.000,I 75,,,Sideswipe-Same Direction,2,Cloudy,Wet,Daylight
2020-05-26T06:30:00.000,I 285,,,Not a Collision with Motor Vehicle,1,Cloudy,Dry,Dawn
2020-02-13T08:05:00.000,I 75,,,Rear End,2,Rain,Wet,Daylight
2020-01-24T13:30:00.000,I 75,,,Rear End,2,Cloudy,Wet,Daylight
2020-05-29T13:25:00.000,I 285,,,Sideswipe-Same Direction,2,Clear,Dry,Daylight
2020-12-07T18:16:00.000,I 20,,,Not a Collision with Motor Vehicle,1,Clear,Dry,Dark-Not Lighted
2020-05-07T17:00:00.000,I 75,,,Sideswipe-Same Direction,2,Clear,Dry,Daylight
2020-09-11T16:21:00.000,I 20,,,Sideswipe-Same Direction,2,Clear,Dry,Daylight
2020-10-09T12:43:00.000,I 75,,,Rear End,2,Cloudy,Dry,Daylight
2020-09-11T11:50:00.000,I 75,,,Not a Collision with Motor Vehicle,1,Clear,Dry,Daylight
2020-08-06T14:25:00.000,I 285,,,Rear End,2,Other,Dry,Daylight
2020-07-18T20:48:00.000,I 85,,,Not a Collision with Motor Vehicle,1,Rain,Wet,Dark-Not Lighted
2020-01-14T16:35:00.000,I 85,,,Rear End,2,Cloudy,Wet,Dusk
2020-07-09T20:38:00.000,I 20,,,Sideswipe-Same Direction,2,Rain,Wet,Daylight
2020-09-03T00:18:00.000,I 95,,,Not a Collision with Motor Vehicle,1,Clear,Dry,Dark-Not Lighted
2020-12-21T15:25:00.000,I 75,,,Angle Crash,2,Clear,Dry,Daylight
2020-11-22T10:10:00.000,I 285,,,Angle Crash,2,Clear,Dry,Daylight
2020-11-06T06:21:00.000,I 285,,,Sideswipe-Same Direction,2,Clear,Dry,Daylight
2020-09-25T08:50:00.000,I 285,,,Rear End,3,Cloudy,Dry,Daylight
2020-10-04T16:20:00.000,I 285,,,Sideswipe-Same Direction,2,Clear,Dry,Daylight
2020-01-21T14:00:00.000,I 75,,,Rear End,2,Clear,Dry,Daylight
2020-08-20T17:54:00.000,I 75,,,Not a Collision with Motor Vehicle,1,Rain,Wet,Daylight
2020-07-23T11:10:00.000,I 75,,,Sideswipe-Same Direction,2,Clear,Dry,Daylight
2020-04-29T21:30:00.000,I 285,,,Not a Collision with Motor Vehicle,1,Rain,Wet,Dark-Not Lighted
2020-07-18T02:43:00.000,I 75,,,Rear End,2,Clear,Dry,Dark-Not Lighted
2020-02-28T14:54:00.000,I 285,,,Rear End,2,Cloudy,Dry,Daylight
2020-04-27T00:48:00.000,I 20,,,Sideswipe-Same Direction,1,Cloudy,Dry,Dark-Not Lighted
2020-08-25T16:47:00.000,I 75,,,Rear End,3,Rain,Wet,Daylight
2020-11-23T19:50:00.000,I 85,,,Sideswipe-Same Direction,2,Clear,Dry,Dark-Not Lighted
2020-11-03T11:51:00.000,I 75,,,Sideswipe-Same Direction,2,Clear,Dry,Daylight
2020-09-15T04:55:00.000,I 20,,,Rear End,2,Clear,Dry,Dark-Not Lighted
2020-03-01T13:21:00.000,I 285,,,Sideswipe-Same Direction,2,Clear,Dry,Daylight
2020-01-29T09:15:00.000,I 85,,,Rear End,2,Cloudy,Dry,Daylight
2020-03-29T02:50:00.000,I 285,,,Rear End,2,Clear,Dry,Dark-Not Lighted
2020-03-03T17:54:00.000,I 75,,,Rear End,2,Rain,Wet,Daylight
2020-01-18T13:45:00.000,I 285,,,Rear End,2,Rain,Wet,Daylight
2020-12-21T02:55:00.000,I 75,,,Angle Crash,3,Clear,Dry,Dark-Not Lighted
2020-03-09T12:02:00.000,I 285,,,Sideswipe-Same Direction,2,Clear,Dry,Daylight
2020-01-03T16:05:00.000,I 75,,,Rear End,2,Rain,Wet,Daylight
2020-07-04T13:30:00.000,I 20,,,Sideswipe-Same Direction,2,Clear,Dry,Daylight
2020-03-06T07:37:00.000,I 20,,,Angle Crash,2,Clear,Dry,Daylight
2020-06-09T14:19:00.000,I 75,,,Not a Collision with Motor Vehicle,1,Rain,Wet,Daylight
2020-08-25T12:24:00.000,I 285,,,Sideswipe-Same Direction,2,Rain,Wet,Daylight
2020-08-07T05:41:00.000,I 95,,,Rear End,2,Clear,Dry,Dawn
2020-02-25T05:40:00.000,I 85,,,Sideswipe-Same Direction,2,Cloudy,Wet,Dark-Lighted
2020-03-12T09:00:00.000,I 75,,,Not a Collision with Motor Vehicle,1,Cloudy,Dry,Daylight
2020-05-27T13:08:00.000,I 85,,,Rear End,2,Rain,Wet,Daylight
2020-12-17T11:10:00.000,I 85,,,Not a Collision with Motor Vehicle,1,Cloudy,Dry,Daylight
2020-06-10T16:00:00.000,I 285,,,Rear End,2,Rain,Wet,Daylight
2020-04-20T18:06:00.000,I 75,,,Angle Crash,2,Clear,Dry,Daylight
2020-11-10T11:50:00.000,I 75,,,Not a Collision with Motor Vehicle,2,Cloudy,Dry,Daylight
2020-03-11T21:38:00.000,I 85,,,Sideswipe-Same Direction,2,Clear,Dry,Dawn
2020-10-25T23:45:00.000,I 285,,,Rear End,2,Cloudy,Wet,Dark-Lighted
2020-03-04T17:32:00.000,I 16,,,Angle Crash,1,Rain,Wet,Daylight
2020-03-02T12:44:00.000,I 85,,,(None),2,(None),(None),(None)
2020-08-28T10:05:00.000,I 20,,,Sideswipe-Same Direction,3,Cloudy,Dry,Daylight
2020-12-22T22:25:00.000,I 20,,,Not a Collision with Motor Vehicle,2,Clear,Dry,Dark-Lighted
2020-05-21T13:32:00.000,I 20,,,Head On,2,Clear,Dry,Daylight
2020-02-20T05:45:00.000,I 20,,,Rear End,2,Rain,Wet,Dawn
2020-08-31T20:38:00.000,I 285,,,Rear End,2,Clear,Dry,Dark-Lighted
2020-01-31T08:04:00.000,I 285,,,Rear End,3,Rain,Wet,Daylight
2020-02-18T17:16:00.000,I-75,,,Rear End,2,Rain,Wet,Daylight
2020-10-14T08:15:00.000,I 85,,,Angle Crash,2,Clear,Dry,Daylight
2020-06-04T16:58:00.000,I 16,,,Not a Collision with Motor Vehicle,1,Cloudy,Wet,Daylight
2020-02-18T17:33:00.000,I 75,,,Rear End,2,Rain,Wet,Daylight
2020-05-01T16:15:00.000,I 285,,,Rear End,3,Clear,Dry,Daylight
2020-05-01T21:50:00.000,I 75,,,Not a Collision with Motor Vehicle,1,Clear,Dry,Dark-Not Lighted
2020-05-19T16:25:00.000,I 285,,,Rear End,2,Cloudy,Dry,Daylight
2020-11-09T21:55:00.000,I 20,,,Sideswipe-Same Direction,2,Clear,Dry,Dark-Not Lighted
2020-06-01T12:18:00.000,I 285,,,Angle Crash,2,Clear,Dry,Daylight
2020-03-02T14:37:00.000,I 75,,,Rear End,2,Rain,Wet,Daylight
2020-01-16T13:25:00.000,I 285,,,Sideswipe-Same Direction,2,Clear,Dry,Daylight
2020-09-05T18:30:00.000,I 20,,,Rear End,3,Clear,Dry,Daylight