Date and Time,Roadway (From Crash Report),Intersection Name (from Crash Report),KABCO Severity,Manner of Collision (Crash Level) ,# of Vehicles per crash ,Weather Conditions (Crash Level),Surface Condition (Crash Level) ,Light Conditions (Crash Level)
2020-11-11T00:11:00.000,I 20,,,Sideswipe-Same Direction,2,Rain,Wet,Dark-Not Lighted
2020-10-12T11:20:00.000,I 285,,,Not a Collision with Motor Vehicle,2,Clear,Dry,Daylight
2020-03-25T13:01:00.000,I 20,,,Not a Collision with Motor Vehicle,1,Clear,Dry,Daylight
2020-10-11T13:59:00.000,I 75,,,Rear End,2,Rain,Wet,Daylight
2020-09-23T18:08:00.000,I 20,,,Rear End,2,Clear,Dry,Daylight
2020-06-09T15:55:00.000,I 75,,,Sideswipe-Same Direction,2,Rain,Wet,Daylight
2020-10-15T19:30:00.000,I 85,,,Sideswipe-Same Direction,2,Clear,Dry,Dark-Lighted
2020-10-14T21:58:00.000,I 75,,,Rear End,2,Clear,Dry,Dark-Not Lighted
2020-07-09T14:30:00.000,I 285,,,Sideswipe-Same Direction,2,Cloudy,Dry,Daylight
2020-06-09T19:32:00.000,I 20,,,Sideswipe-Same Direction,2,Rain,Wet,Daylight
2020-07-26T06:08:00.000,I 85,,,Not a Collision with Motor Vehicle,1,Clear,Dry,Daylight
2020-07-24T12:59:00.000,I 75,,,Not a Collision with Motor Vehicle,1,Clear,Dry,Daylight
2020-06-18T10:05:00.000,I 20,,,Angle Crash,2,Clear,Dry,Daylight
2020-07-29T17:56:00.000,I 20,,,Sideswipe-Same Direction,2,Cloudy,Wet,Daylight
2020-01-23T12:30:00.000,Sr 140,,,Angle Crash,2,Cloudy,Dry,Daylight
2020-01-13T23:40:00.000,I 20,,,Not a Collision with Motor Vehicle,1,Rain,Wet,Dark-Lighted
2020-02-28T19:31:00.000,I 75,,,Rear End,2,Clear,Dry,Dark-Not Lighted
2020-05-19T08:34:00.000,I 75,,,Rear End,2,Cloudy,Dry,Daylight
2020-07-22T00:10:00.000,I 285,,,Not a Collision with Motor Vehicle,1,Cloudy,Dry,Dark-Not Lighted
2020-05-12T14:45:00.000,I 285,,,Rear End,2,Clear,Dry,Daylight
2020-02-11T09:50:00.000,I 75,,,Rear End,2,Cloudy,Wet,Daylight
2020-09-17T04:25:00.000,I 20,,,Not a Collision with Motor Vehicle,1,Rain,Water (standing or moving),Dark-Lighted
2020-08-20T08:10:00.000,I 20,,,Rear End,2,Clear,Dry,Daylight
2020-01-09T20:25:00.000,I 285,,,Sideswipe-Same Direction,2,Cloudy,Dry,Dark-Not Lighted
2020-06-09T12:15:00.000,I 20,,,Rear End,2,Cloudy,Dry,Daylight
2020-06-11T07:55:00.000,I 75,,,Sideswipe-Same Direction,2,Clear,Dry,Daylight
2020-11-13T16:18:00.000,I 20,,,Angle Crash,2,Clear,Dry,Daylight
2020-01-24T15:22:00.000,I 75,,,Not a Collision with Motor Vehicle,1,Cloudy,Wet,Daylight
2020-08-03T14:01:00.000,I 75,,,Sideswipe-Same Direction,2,Cloudy,Dry,Daylight
2020-03-01T15:32:00.000,I 75,,,Rear End,2,Clear,Dry,Daylight
2020-02-10T12:38:00.000,I 20,,,Sideswipe-Same Direction,3,Rain,Wet,Daylight
2020-11-17T00:12:00.000,I 85,,,Not a Collision with Motor Vehicle,1,Clear,Dry,Dark-Lighted
2020-09-05T03:52:00.000,I 285,,,Angle Crash,2,Clear,Dry,Dark-Not Lighted
2020-06-14T01:01:00.000,I 285,,,Rear End,2,Clear,Dry,Dark-Lighted
2020-12-24T08:07:00.000,I 285,,,Not a Collision with Motor Vehicle,1,Rain,Wet,Daylight
2020-07-25T23:15:00.000,I 20,,,Rear End,2,Clear,Dry,Dark-Not Lighted
2020-05-28T15:58:00.000,I 85,,,Rear End,2,Clear,Dry,Daylight
2020-07-19T16:00:00.000,I 85,,,Rear End,4,Cloudy,Dry,Daylight
2020-03-04T13:07:00.000,I 285,,,Sideswipe-Same Direction,2,Rain,Wet,Daylight
2020-06-13T15:45:00.000,I 75,,,Rear End,3,Clear,Dry,Daylight
2020-02-25T05:00:00.000,I 20,,,Sideswipe-Same Direction,3,Rain,Wet,Dark-Not Lighted
2020-10-28T08:14:00.000,I 285,,,Sideswipe-Same Direction,2,Rain,Wet,Daylight
2020-01-10T11:05:00.000,I 75,,,Sideswipe-Same Direction,2,Cloudy,Dry,Daylight
2020-09-14T06:30:00.000,I 75,,,Not a Collision with Motor Vehicle,1,Clear,Dry,Dark-Not Lighted
2020-09-12T21:45:00.000,I 85,,,Not a Collision with Motor Vehicle,1,Cloudy,Dry,Dark-Not Lighted
2020-02-03T01:00:00.000,I 75,,,Not a Collision with Motor Vehicle,1,Clear,Dry,Dark-Not Lighted
2020-12-10T09:32:00.000,I 285,,,Sideswipe-Same Direction,2,Clear,Dry,Daylight
2020-12-31T15:49:00.000,I 285,,,Rear End,3,Cloudy,Wet,Daylight
2020-06-16T06:51:00.000,I 75,,,Angle Crash,1,Clear,Dry,Daylight
2020-03-02T13:44:00.000,I 20,,,Rear End,2,Rain,Wet,Daylight
2020-04-24T15:07:00.000,I 75,,,Sideswipe-Same Direction,2,Cloudy,Dry,Daylight
2020-10-21T18:45:00.000,I 16,,,Angle Crash,2,Clear,Dry,Dusk
2020-11-29T03:05:00.000,I 285,,,Angle Crash,2,Clear,Dry,Dark-Lighted
2020-06-27T01:00:00.000,I 285,,,Not a Collision with Motor Vehicle,1,Clear,Dry,Dark-Not Lighted
2020-01-16T07:00:00.000,I 20,,,Rear End,2,Cloudy,Wet,Dark-Not Lighted
2020-01-13T14:22:00.000,I 285,,,Rear End,2,Cloudy,Wet,Daylight
2020-08-22T23:11:00.000,I 16,,,Sideswipe-Same Direction,2,Clear,Dry,Dark-Not Lighted
2020-03-27T11:53:00.000,I 85,,,Not a Collision with Motor Vehicle,2,Clear,Dry,Daylight
2020-09-11T20:40:00.000,I 285,,,Sideswipe-Same Direction,2,Cloudy,Dry,Dark-Lighted
2020-07-13T13:08:00.000,Sr 141,,,Angle Crash,2,Clear,Dry,Daylight
2020-12-29T08:45:00.000,I 75,,,Sideswipe-Same Direction,1,Clear,Dry,Daylight
2020-06-09T21:00:00.000,I 75,,,Not a Collision with Motor Vehicle,1,Rain,Wet,Daylight
2020-01-22T19:47:00.000,I 16,,,Not a Collision with Motor Vehicle,1,Clear,Dry,Dark-Not Lighted
2020-02-16T14:42:00.000,I 85,,,Rear End,2,Clear,Wet,Daylight
2020-07-01T08:00:00.000,I 20,,,Sideswipe-Same Direction,2,Clear,Dry,Daylight
2020-05-27T15:55:00.000,I 285,,,Rear End,2,Rain,Wet,Daylight
2020-05-26T09:00:00.000,I 285,,,Not a Collision with Motor Vehicle,1,Cloudy,Dry,Daylight
2020-06-11T05:00:00.000,I 20,,,Not a Collision with Motor Vehicle,1,Clear,Dry,Dark-Not Lighted
2020-03-04T18:00:00.000,I 285,,,Angle Crash,2,Rain,Wet,Daylight
2020-01-23T10:48:00.000,I 75,,,Not a Collision with Motor Vehicle,2,Clear,Dry,Daylight
2020-10-08T14:16:00.000,I 285,,,Rear End,2,Clear,Dry,Daylight
2020-02-06T15:00:00.000,I 75,,,Rear End,2,Rain,Wet,Daylight
2020-08-20T13:30:00.000,I 85,,,Sideswipe-Same Direction,2,Cloudy,Dry,Daylight
2020-11-15T11:18:00.000,I 75,,,Sideswipe-Same Direction,2,Cloudy,Dry,Daylight
2020-02-06T16:19:00.000,I 285,,,Sideswipe-Same Direction,2,Rain,Wet,Daylight
2020-04-01T09:07:00.000,I 285,,,Angle Crash,2,Clear,Dry,Daylight
2020-01-17T17:13:00.000,I 75,,,Rear End,2,Cloudy,Dry,Daylight
2020-03-12T06:53:00.000,I 85,,,Angle Crash,2,Clear,Dry,Daylight
2020-04-16T02:30:00.000,I 20,,,Not a Collision with Motor Vehicle,1,Clear,Dry,Dark-Not Lighted
2020-11-25T16:04:00.000,I 85,,,Rear End,2,Cloudy,Dry,Daylight
2020-06-02T09:26:00.000,I 85,,,Sideswipe-Same Direction,3,Clear,Dry,Daylight
2020-10-10T20:19:00.000,I 75,,,Angle Crash,2,Rain,Wet,Dark-Lighted
2020-11-26T07:10:00.000,I 75,,,Rear End,2,Rain,Wet,Daylight
2020-08-06T12:36:00.000,I 75,,,Sideswipe-Same Direction,1,Clear,Dry,Daylight
2020-02-17T19:04:00.000,I 75,,,Rear End,3,Cloudy,Dry,Dark-Not Lighted
2020-08-24T17:20:00.000,I 20,,,Not a Collision with Motor Vehicle,1,Rain,Wet,Daylight
2020-03-01T03:43:00.000,I 75,,,Not a Collision with Motor Vehicle,1,Clear,Dry,Dark-Lighted
2020-09-03T13:28:00.000,I 75,,,Rear End,2,Clear,Dry,Daylight
2020-01-18T15:35:00.000,I 285,,,Not a Collision with Motor Vehicle,1,Cloudy,Wet,Daylight
2020-02-25T07:33:00.000,I 285,,,Rear End,2,Cloudy,Wet,Daylight
2020-08-16T06:16:00.000,I 75,,,Sideswipe-Same Direction,2,Clear,Dry,Dark-Not Lighted
2020-11-06T16:08:00.000,I 75,,,Rear End,2,Clear,Dry,Daylight
2020-02-07T13:31:00.000,I 85,,,Sideswipe-Same Direction,2,Clear,Dry,Daylight
2020-06-22T17:45:00.000,I 85,,,Rear End,2,Rain,Wet,Daylight
2020-09-10T12:19:00.000,I 285,,,Sideswipe-Same Direction,3,Clear,Dry,Daylight
2020-03-09T11:31:00.000,I 285,,,Rear End,3,Clear,Dry,Daylight
2020-08-13T11:40:00.000,I 20,,,Angle Crash,2,Clear,Dry,Daylight
2020-11-25T14:21:00.000,I 75,,,Rear End,2,Rain,Wet,Daylight
2020-03-22T15:17:00.000,I 20,,,Sideswipe-Same Direction,2,Rain,Wet,Daylight
2020-02-17T07:01:00.000,I 85,,,Sideswipe-Same Direction,2,Cloudy,Dry,Dark-Not Lighted
2020-03-05T06:53:00.000,I 285,,,Rear End,2,Rain,Wet,Dawn
2020-06-02T00:00:00.000,I 20,,,Rear End,2,Clear,Dry,Daylight
2020-02-22T00:00:00.000,I 75,,,Angle Crash,2,Clear,Dry,Dark-Not Lighted
2020-05-19T06:55:00.000,I 75,,,Not a Collision with Motor Vehicle,1,Cloudy,Dry,Daylight
2020-03-13T18:08:00.000,I 75,,,Rear End,2,Clear,Dry,Daylight
2020-01-09T11:35:00.000,I 20,,,Sideswipe-Same Direction,2,Clear,Dry,Daylight
2020-10-03T13:50:00.000,I 285,,,Rear End,2,Clear,Dry,Daylight
2020-04-27T14:51:00.000,I 75,,,Sideswipe-Same Direction,2,Clear,Dry,Daylight
2020-10-04T21:00:00.000,I 20,,,Angle Crash,3,Clear,Dry,Dark-Not Lighted
2020-01-21T18:45:00.000,I 285,,,Sideswipe-Same Direction,2,Cloudy,Dry,Dark-Not Lighted
2020-11-11T09:55:00.000,I 75,,,Not a Collision with Motor Vehicle,1,Rain,Wet,Daylight
2020-12-04T12:28:00.000,I 20,,,Rear End,3,Cloudy,Dry,Daylight
2020-08-13T06:05:00.000,I 20,,,Rear End,2,Clear,Dry,Dark-Not Lighted
2020-07-29T17:15:00.000,I 75,,,Rear End,2,Cloudy,Dry,Daylight
2020-10-09T13:04:00.000,I 20,,,Rear End,2,Clear,Dry,Daylight
2020-09-11T16:31:00.000,I 285,,,Angle Crash,6,Clear,Dry,Daylight
2020-03-06T07:37:00.000,I 20,,,Sideswipe-Same Direction,2,Clear,Dry,Daylight
2020-08-27T06:00:00.000,I 75,,,Rear End,3,Cloudy,Dry,Dark-Lighted
2020-03-10T00:00:00.000,I 285,,,Sideswipe-Same Direction,2,Clear,Dry,Daylight
2020-12-14T08:46:00.000,I 85,,,Sideswipe-Same Direction,2,Cloudy,Wet,Daylight
2020-03-10T23:00:00.000,I 75,,,Sideswipe-Same Direction,2,Clear,Dry,Dark-Lighted
2020-10-05T12:55:00.000,I 75,,,Sideswipe-Same Direction,2,Clear,Dry,Daylight
2020-06-24T23:18:00.000,I 95,,,Not a Collision with Motor Vehicle,1,Clear,Dry,Dark-Not Lighted
2020-01-24T03:25:00.000,I 20,,,Angle Crash,2,Rain,Wet,Dark-Not Lighted
2020-01-21T09:49:00.000,I 285,,,Angle Crash,5,Clear,Dry,Daylight
2020-08-11T17:50:00.000,I 20,,,Rear End,2,Cloudy,Dry,Daylight
2020-06-11T08:39:00.000,I 75,,,Not a Collision with Motor Vehicle,1,Clear,Dry,Daylight
2020-01-15T01:30:00.000,I 285,,,Rear End,2,Clear,Dry,Dark-Lighted
2020-01-23T09:41:00.000,I 285,,,Sideswipe-Same Direction,2,Cloudy,Dry,Daylight
2020-11-03T20:07:00.000,I 75,,,Angle Crash,2,Clear,Dry,Dark-Not Lighted
2020-03-17T14:47:00.000,I 16,,,Not a Collision with Motor Vehicle,1,Cloudy,Dry,Daylight
2020-10-31T10:43:00.000,I 20,,,Angle Crash,2,Clear,Dry,Daylight
2020-06-10T18:07:00.000,I 75,,,Rear End,2,Cloudy,Wet,Daylight
2020-06-14T18:15:00.000,I 20,,,Sideswipe-Same Direction,2,Rain,Wet,Daylight
2020-07-29T11:45:00.000,I 285,,,Sideswipe-Same Direction,2,Other,Wet,Dawn
2020-02-10T17:06:00.000,I 16,,,Angle Crash,2,Clear,Dry,Daylight
2020-10-29T04:30:00.000,I 20,,,Not a Collision with Motor Vehicle,1,Rain,Wet,Dark-Not Lighted
2020-07-25T21:14:00.000,I 75,,,Not a Collision with Motor Vehicle,1,Rain,Wet,Dark-Not Lighted
2020-01-02T13:56:00.000,I 285,,,Rear End,2,Rain,Wet,Daylight
2020-09-11T10:36:00.000,I 285,,,Sideswipe-Same Direction,2,Clear,Dry,Daylight
2020-09-04T14:40:00.000,I 75,,,Rear End,3,Clear,Dry,Daylight
2020-01-09T16:53:00.000,I 285,,,Rear End,2,Clear,Dry,Daylight
2020-04-29T15:00:00.000,I 285,,,Rear End,2,Rain,Wet,Daylight
2020-12-29T22:30:00.000,I 85,,,Sideswipe-Same Direction,2,Clear,Dry,Dark-Lighted
2020-08-13T08:06:00.000,I 20,,,Rear End,2,Clear,Dry,Daylight
2020-07-29T07:35:00.000,I 20,,,Rear End,3,Clear,Dry,Daylight
2020-09-17T08:05:00.000,I 285,,,Angle Crash,2,Rain,Wet,Daylight
2020-05-20T15:43:00.000,I 16,,,Rear End,2,Cloudy,Dry,Daylight
2020-11-07T17:00:00.000,I 285,,,Not a Collision with Motor Vehicle,1,Cloudy,Dry,Dark-Not Lighted
2020-05-28T07:35:00.000,I 75,,,Not a Collision with Motor Vehicle,1,Clear,Dry,Daylight
2020-10-15T12:38:00.000,I 75,,,Rear End,2,Clear,Dry,Daylight
2020-01-22T17:28:00.000,I 75,,,Rear End,2,Clear,Dry,Daylight
2020-02-20T08:55:00.000,I 285,,,Rear End,2,Rain,Wet,Daylight
2020-02-18T07:15:00.000,I 16,,,Not a Collision with Motor Vehicle,1,Rain,Wet,Daylight
2020-08-14T14:00:00.000,I 285,,,Not a Collision with Motor Vehicle,1,Cloudy,Dry,Daylight
2020-12-01T17:51:00.000,I 16,,,Angle Crash,2,Clear,Dry,Dark-Lighted
2020-11-21T09:00:00.000,I 285,,,Rear End,2,Clear,Dry,Daylight
2020-01-16T08:21:00.000,I 285,,,Sideswipe-Same Direction,2,Cloudy,Wet,Daylight
2020-12-14T15:16:00.000,I 285,,,Rear End,2,Clear,Dry,Daylight
2020-09-18T13:52:00.000,I 285,,,Rear End,2,Clear,Dry,Daylight
2020-03-05T09:53:00.000,I 75,,,Not a Collision with Motor Vehicle,1,Rain,Wet,Daylight
2020-03-11T17:25:00.000,I 75,,,Rear End,2,Cloudy,Dry,Daylight
2020-10-16T12:56:00.000,I 75,,,Rear End,2,Clear,Dry,Daylight
2020-06-18T12:16:00.000,I 20,,,Angle Crash,2,Clear,Dry,Daylight
2020-08-31T07:46:00.000,I 20,,,Rear End,2,Cloudy,Wet,Daylight
2020-07-31T00:47:00.000,I 75,,,Not a Collision with Motor Vehicle,1,Clear,Dry,Dark-Lighted
2020-03-05T09:14:00.000,I 75,,,Angle Crash,2,Rain,Wet,Daylight
2020-08-25T16:50:00.000,I 75,,,Sideswipe-Same Direction,2,Cloudy,Wet,Daylight
2020-02-21T11:06:00.000,I 20,,,Sideswipe-Same Direction,2,Clear,Dry,Daylight
2020-10-19T06:59:00.000,I 20,,,Rear End,3,Clear,Dry,Dark-Not Lighted
2020-06-06T15:51:00.000,I 16,,,Not a Collision with Motor Vehicle,1,Rain,Wet,Daylight
2020-06-22T19:44:00.000,I 75,,,Sideswipe-Same Direction,2,Rain,Wet,Daylight
2020-09-30T05:40:00.000,I 85,,,Angle Crash,2,Clear,Dry,Dark-Not Lighted
2020-06-30T05:21:00.000,I 20,,,Not a Collision with Motor Vehicle,1,Cloudy,Dry,Dark-Not Lighted
2020-07-06T23:00:00.000,I 20,,,Not a Collision with Motor Vehicle,1,Rain,Wet,Dark-Lighted
2020-01-09T17:44:00.000,I 75,,,Not a Collision with Motor Vehicle,1,Cloudy,Dry,Dusk
2020-08-10T11:59:00.000,I 75,,,Not a Collision with Motor Vehicle,2,Clear,Dry,Daylight
2020-07-08T13:28:00.000,I 75,,,Not a Collision with Motor Vehicle,1,Cloudy,Dry,Daylight
2020-07-17T16:55:00.000,I 75,,,Rear End,3,Clear,Dry,Daylight
2020-09-25T00:00:00.000,I 285,,,Rear End,3,Cloudy,Dry,Daylight
2020-11-19T18:23:00.000,I 285,,,Rear End,2,Clear,Dry,Dark-Lighted
2020-09-11T09:34:00.000,I 85,,,(None),4,(None),(None),(None)
2020-04-24T02:54:00.000,I 20,,,Not a Collision with Motor Vehicle,1,Rain,Wet,Dark-Lighted
2020-05-19T18:07:00.000,I 75,,,Angle Crash,2,Clear,Dry,Daylight
2020-05-18T16:30:00.000,I 16,,,Not a Collision with Motor Vehicle,1,Rain,Wet,Daylight
2020-03-05T01:04:00.000,I 20,,,Not a Collision with Motor Vehicle,2,Rain,Wet,Dark-Not Lighted
2020-02-06T18:00:00.000,I 75,,,Rear End,2,Rain,Wet,Dark-Not Lighted
2020-10-06T15:00:00.000,I 75,,,Sideswipe-Same Direction,2,Cloudy,Dry,Daylight
2020-06-20T12:15:00.000,I 85,,,Not a Collision with Motor Vehicle,2,Clear,Dry,Daylight
2020-07-29T15:43:00.000,I 285,,,Sideswipe-Same Direction,2,Cloudy,Dry,Daylight
2020-08-11T08:39:00.000,I 85,,,Rear End,2,Clear,Dry,Daylight
2020-07-24T13:20:00.000,I 285,,,Rear End,2,Clear,Dry,Daylight
2020-02-10T15:35:00.000,I 285,,,Rear End,2,Rain,Wet,Daylight
2020-11-13T04:31:00.000,I 285,,,Angle Crash,2,Clear,Dry,Dark-Not Lighted
2020-11-30T06:18:00.000,I 85,,,Rear End,2,Rain,Wet,Dark-Lighted
2020-09-17T05:48:00.000,I 20,,,Not a Collision with Motor Vehicle,2,Rain,Water (standing or moving),Dark-Lighted
2020-03-05T18:30:00.000,I 85,,,Rear End,5,Cloudy,Wet,Dark-Lighted
2020-01-14T10:08:00.000,I 85,,,Rear End,2,Rain,Wet,Daylight
2020-10-15T12:32:00.000,I 85,,,Rear End,2,Cloudy,Dry,Daylight
2020-08-12T13:40:00.000,I 20,,,Rear End,4,Clear,Dry,Daylight
2020-10-02T17:43:00.000,I 285,,,Rear End,3,Clear,Dry,Daylight
2020-02-18T10:43:00.000,I 75,,,Rear End,2,Rain,Wet,Daylight
2020-01-15T22:42:00.000,I 16,,,Head On,1,Clear,Dry,Dark-Not Lighted
2020-01-18T12:06:00.000,I 285,,,Angle Crash,3,Cloudy,Dry,Daylight
2020-02-20T10:42:00.000,I 75,,,Not a Collision with Motor Vehicle,1,Rain,Wet,Daylight
2020-03-24T10:40:00.000,I 285,,,Not a Collision with Motor Vehicle,1,Rain,Wet,Daylight
2020-01-21T17:29:00.000,I 75,,,Sideswipe-Same Direction,2,Clear,Dry,Daylight
2020-03-11T21:09:00.000,I 85,,,Angle Crash,4,Cloudy,Dry,Dark-Lighted
2020-05-27T12:50:00.000,I 20,,,Rear End,2,Rain,Wet,Dark-Lighted
2020-06-16T22:08:00.000,I 75,,,Rear End,2,Clear,Dry,Dark-Lighted
2020-03-29T21:50:00.000,I 285,,,Rear End,2,Clear,Dry,Dark-Not Lighted
2020-09-17T18:19:00.000,I 75,,,Not a Collision with Motor Vehicle,1,Rain,Wet,Daylight
2020-12-11T15:30:00.000,I 20,,,Rear End,2,Clear,Dry,Daylight
2020-01-31T08:00:00.000,I 75,,,Rear End,2,Rain,Wet,Daylight
2020-09-29T12:57:00.000,I 285,,,Sideswipe-Same Direction,2,Rain,Wet,Daylight
2020-07-02T08:15:00.000,I 75,,,Not a Collision with Motor Vehicle,2,Clear,Dry,Daylight
2020-09-17T06:40:00.000,I 285,,,Rear End,2,Rain,Wet,Daylight
2020-02-14T18:00:00.000,I 20,,,Rear End,2,Clear,Dry,Dark-Not Lighted
2020-09-15T14:42:00.000,I 285,,,Rear End,2,Cloudy,Dry,Daylight
2020-07-10T17:14:00.000,I 285,,,Sideswipe-Same Direction,2,Clear,Dry,Daylight
2020-10-09T00:00:00.000,I 285,,,Not a Collision with Motor Vehicle,1,Rain,Wet,Dark-Lighted
2020-06-27T14:30:00.000,I 285,,,Rear End,4,Clear,Dry,Daylight
2020-02-27T08:01:00.000,I 75,,,Rear End,2,Clear,Dry,Daylight
2020-07-26T05:00:00.000,I 20,,,Not a Collision with Motor Vehicle,1,Cloudy,Wet,Dark-Not Lighted
2020-03-26T19:40:00.000,I 75,,,Sideswipe-Same Direction,3,Clear,Dry,Daylight
2020-05-27T15:55:00.000,I 285,,,Rear End,2,Rain,Water (standing or moving),Daylight
2020-07-17T08:44:00.000,I 85,,,Rear End,2,Clear,Dry,Daylight
2020-08-24T16:12:00.000,I 16,,,(None),1,(None),(None),(None)
2020-09-04T09:46:00.000,I 75,,,Rear End,2,Clear,Dry,Daylight
2020-08-23T09:33:00.000,I 285,,,Sideswipe-Same Direction,2,Clear,Dry,Daylight
2020-08-12T11:59:00.000,I 75,,,Sideswipe-Same Direction,2,Cloudy,Dry,Daylight
2020-11-22T09:16:00.000,I 20,,,Not a Collision with Motor Vehicle,2,Clear,Dry,Daylight
2020-05-29T19:04:00.000,I 20,,,Not a Collision with Motor Vehicle,1,Rain,Wet,Daylight
2020-03-09T09:42:00.000,I 20,,,Angle Crash,2,Clear,Dry,Daylight
2020-08-28T14:34:00.000,I 16,,,Not a Collision with Motor Vehicle,1,Clear,Dry,Daylight
2020-05-04T03:50:00.000,I 85,,,Sideswipe-Same Direction,2,Clear,Dry,Dark-Lighted
2020-01-21T19:05:00.000,I 75,,,Rear End,2,Clear,Dry,Dark-Not Lighted
2020-06-05T00:10:00.000,I 285,,,Sideswipe-Same Direction,2,Clear,Dry,Dark-Not Lighted
2020-01-17T16:49:00.000,I 75,,,Rear End,2,Cloudy,Dry,Daylight
2020-12-17T21:18:00.000,I 75,,,Angle Crash,2,Clear,Dry,Dark-Lighted
2020-09-27T18:20:00.000,I 285,,,Rear End,3,Rain,Wet,Daylight
2020-02-20T21:10:00.000,I 285,,,Rear End,2,Cloudy,Wet,Dark-Not Lighted
2020-02-20T08:49:00.000,I 285,,,Rear End,2,Rain,Wet,Daylight
2020-01-21T13:44:00.000,I 75,,,Sideswipe-Same Direction,2,Clear,Dry,Daylight
2020-08-22T05:53:00.000,I 85,,,Angle Crash,2,Clear,Wet,Dawn
2020-03-03T10:30:00.000,I 20,,,Sideswipe-Same Direction,2,Rain,Wet,Daylight
2020-11-07T16:00:00.000,I 285,,,Angle Crash,2,Clear,Dry,Daylight
2020-03-12T15:40:00.000,I 85,,,Sideswipe-Same Direction,3,Clear,Dry,Daylight
2020-02-14T09:13:00.000,I 285,,,Rear End,2,Clear,Dry,Daylight
2020-01-21T17:35:00.000,I 75,,,Sideswipe-Same Direction,2,Clear,Dry,Dark-Not Lighted
2020-02-13T07:36:00.000,I 285,,,Sideswipe-Same Direction,2,Rain,Wet,Daylight
2020-02-18T09:35:00.000,I 20,,,Rear End,2,Rain,Dry,Daylight
2020-11-02T16:40:00.000,I 75,,,Sideswipe-Same Direction,2,Clear,Dry,Daylight
2020-11-08T02:58:00.000,I 75,,,Rear End,2,Clear,Dry,Dark-Not Lighted
2020-08-08T18:29:00.000,I 20,,,Rear End,2,Clear,Dry,Daylight
2020-04-24T13:40:00.000,I 20,,,Sideswipe-Same Direction,2,Clear,Dry,Daylight
2020-02-17T14:32:00.000,I 75,,,Rear End,2,Clear,Dry,Daylight
2020-06-22T04:47:00.000,I 75,,,Sideswipe-Same Direction,2,Clear,Dry,Dark-Not Lighted
2020-05-14T16:20:00.000,I 75,,,Sideswipe-Same Direction,2,Cloudy,Dry,Daylight
2020-02-13T06:32:00.000,I 285,,,Sideswipe-Same Direction,2,Rain,Wet,Dark-Not Lighted
2020-05-21T00:03:00.000,I 20,,,Sideswipe-Same Direction,2,Rain,Wet,Dark-Not Lighted
2020-08-28T18:16:00.000,I 85,,,Rear End,2,Clear,Dry,Daylight
2020-08-19T17:33:00.000,I 20,,,Rear End,3,Rain,Wet,Daylight
2020-09-22T15:02:00.000,I 75,,,Sideswipe-Same Direction,2,Clear,Dry,Daylight
2020-02-06T00:11:00.000,I 285,,,Not a Collision with Motor Vehicle,1,Rain,Wet,Dark-Not Lighted
2020-11-13T20:33:00.000,I 20,,,Sideswipe-Same Direction,2,Clear,Dry,Dark-Not Lighted
2020-01-28T10:06:00.000,I 285,,,Sideswipe-Same Direction,2,Clear,Dry,Daylight
2020-09-01T17:01:00.000,I 75,,,Rear End,2,Clear,Wet,Daylight
2020-08-21T12:24:00.000,I 75,,,Not a Collision with Motor Vehicle,2,Cloudy,Dry,Daylight
2020-10-26T02:40:00.000,I 85,,,Not a Collision with Motor Vehicle,1,Clear,Wet,Dark-Not Lighted
2020-02-04T20:42:00.000,I 20,,,Sideswipe-Same Direction,2,Clear,Dry,Dark-Not Lighted
2020-06-08T15:14:00.000,I 285,,,Rear End,2,Cloudy,Dry,Daylight
2020-02-13T20:43:00.000,I 75,,,Sideswipe-Same Direction,2,Cloudy,Dry,Dark-Not Lighted
2020-08-05T07:12:00.000,I 16,,,(None),1,(None),(None),(None)
2020-08-18T10:42:00.000,I 20,,,Rear End,3,Clear,Dry,Daylight
2020-08-03T18:10:00.000,I 16,,,Not a Collision with Motor Vehicle,1,Rain,Wet,Daylight
2020-03-10T09:10:00.000,I 75,,,Rear End,2,Rain,Wet,Daylight
2020-09-01T03:06:00.000,I 285,,,Not a Collision with Motor Vehicle,1,Clear,Dry,Dark-Lighted
2020-10-28T08:25:00.000,I 20,,,Rear End,4,Rain,Wet,Daylight
2020-02-29T19:30:00.000,I 285,,,Rear End,2,Clear,Dry,Dusk
2020-02-05T18:19:00.000,I 20,,,Sideswipe-Same Direction,2,Rain,Wet,Dark-Not Lighted
2020-09-21T10:20:00.000,I 20,,,Sideswipe-Same Direction,2,Clear,Dry,Daylight
2020-06-26T20:55:00.000,I 20,,,Not a Collision with Motor Vehicle,1,Clear,Dry,Dark-Not Lighted
2020-12-21T19:24:00.000,I 75,,,Sideswipe-Same Direction,2,Cloudy,Dry,Dark-Not Lighted
2020-05-21T15:27:00.000,I 20,,,Rear End,1,Clear,Dry,Daylight
2020-02-06T04:40:00.000,I 285,,,Rear End,2,Rain,Wet,Dark-Lighted
2020-03-22T14:45:00.000,I 75,,,Not a Collision with Motor Vehicle,1,Rain,Wet,Daylight
2020-01-25T16:48:00.000,I 20,,,Rear End,3,Cloudy,Dry,Daylight
2020-06-08T15:00:00.000,I 20,,,Not a Collision with Motor Vehicle,2,Clear,Dry,Daylight
2020-09-17T16:44:00.000,I 285,,,Sideswipe-Same Direction,2,Rain,Wet,Daylight
2020-06-03T16:50:00.000,I 20,,,Sideswipe-Same Direction,1,Clear,Dry,Daylight