Date and Time,Roadway (From Crash Report),Intersection Name (from Crash Report),KABCO Severity,Manner of Collision (Crash Level) ,# of Vehicles per crash ,Weather Conditions (Crash Level),Surface Condition (Crash Level) ,Light Conditions (Crash Level)
2020-01-23T07:30:00.000,I 85,,,Rear End,3,Clear,Dry,Dawn
2020-06-13T05:33:00.000,I 75,,,Rear End,2,Clear,Dry,Dark-Not Lighted
2020-07-09T17:15:00.000,I 75,,,Rear End,2,Rain,Wet,Daylight
2020-08-31T17:30:00.000,I 75,,,Rear End,2,Cloudy,Wet,Daylight
2020-11-24T15:59:00.000,I 75,,,Not a Collision with Motor Vehicle,1,Clear,Dry,Daylight
2020-11-06T15:15:00.000,I 285,,,Rear End,2,Clear,Dry,Daylight
2020-01-27T11:25:00.000,I 75,,,Sideswipe-Same Direction,2,Cloudy,Dry,Daylight
2020-04-09T17:51:00.000,I 75,,,Sideswipe-Same Direction,2,Clear,Dry,Daylight
2020-10-14T15:30:00.000,I 285,,,Sideswipe-Same Direction,2,Cloudy,Dry,Daylight
2020-01-10T15:35:00.000,I 75,,,Rear End,2,Cloudy,Dry,Daylight
2020-10-19T23:10:00.000,I 20,,,Rear End,2,Clear,Dry,Dark-Lighted
2020-09-24T13:00:00.000,I 75,,,Not a Collision with Motor Vehicle,1,Rain,Wet,Daylight
2020-01-07T21:10:00.000,I 75,,,Rear End,2,Clear,Dry,Dark-Not Lighted
2020-05-21T05:40:00.000,I 20,,,Sideswipe-Same Direction,2,Cloudy,Wet,Dark-Lighted
2020-01-10T08:06:00.000,I 285,,,Sideswipe-Same Direction,2,Cloudy,Dry,Daylight
2020-02-11T06:18:00.000,I 20,,,Rear End,2,Rain,Wet,Dark-Not Lighted
2020-11-10T21:31:00.000,I 85,,,Rear End,4,Cloudy,Wet,Dark-Not Lighted
2020-04-30T07:50:00.000,I 75,,,Rear End,2,Clear,Dry,Daylight
2021-06-16T16:30:00.000,I 285,,,Sideswipe-Same Direction,2,Clear,Dry,Daylight
2021-03-25T04:05:00.000,I 75,,,Not a Collision with Motor Vehicle,1,Cloudy,Dry,Dark-Not Lighted
2021-03-03T17:35:00.000,I 20,,,Rear End,2,Clear,Dry,Daylight
2021-06-25T10:57:00.000,I 75,,,Rear End,2,Clear,Dry,Daylight
2021-05-14T14:44:00.000,I 285,,,Rear End,2,Cloudy,Dry,Daylight
2021-05-13T07:30:00.000,I 75,,,Rear End,2,Clear,Dry,Daylight
2021-04-14T15:15:00.000,I-75,,,Rear End,2,Cloudy,Dry,Daylight
2021-03-05T04:24:00.000,I 20,,,Not a Collision with Motor Vehicle,2,Clear,Dry,Dark-Lighted
2021-02-24T14:00:00.000,I 285,,,Sideswipe-Same Direction,2,Clear,Dry,Daylight
2021-02-01T14:19:00.000,I 75,,,Rear End,2,Clear,Dry,Daylight
2021-05-25T05:18:00.000,I 16,,,Not a Collision with Motor Vehicle,1,Clear,Dry,Dark-Not Lighted
2021-03-19T21:09:00.000,I 85,,,Rear End,4,Cloudy,Dry,Dark-Not Lighted
2021-01-31T22:39:00.000,I 285,,,Not a Collision with Motor Vehicle,1,Cloudy,Wet,Dark-Not Lighted
2021-06-10T18:30:00.000,I 75,,,Rear End,2,Clear,Dry,Daylight
2021-03-18T07:33:00.000,I 285,,,Sideswipe-Same Direction,2,Rain,Water (standing or moving),Dusk
2021-02-12T01:00:00.000,I 75,,,Rear End,2,Rain,Wet,Dark-Lighted
2021-04-18T04:32:00.000,I 85,,,Rear End,2,Clear,Dry,Dark-Lighted
2021-04-05T07:55:00.000,I 285,,,Sideswipe-Same Direction,3,Clear,Dry,Daylight
2021-03-16T16:08:00.000,I 285,,,Sideswipe-Same Direction,2,Rain,Wet,Daylight
2021-02-19T18:58:00.000,I 95,,,Not a Collision with Motor Vehicle,1,Clear,Dry,Dark-Not Lighted
2021-02-04T16:05:00.000,I 285,,,Rear End,4,Cloudy,Dry,Daylight
2021-05-23T04:30:00.000,I 75,,,Head On,2,Clear,Dry,Dark-Not Lighted
2021-04-30T10:27:00.000,I 75,,,Rear End,2,Clear,Dry,Daylight
2021-03-28T07:21:00.000,I 20,,,Not a Collision with Motor Vehicle,1,Clear,Dry,Daylight
2021-04-01T15:04:00.000,I 75,,,Sideswipe-Same Direction,2,Clear,Dry,Daylight
2021-03-09T05:22:00.000,I 20,,,(None),2,(None),(None),(None)
2021-05-24T01:25:00.000,I 20,,,Rear End,2,Clear,Dry,Dark-Not Lighted
2021-04-11T12:34:00.000,I 285,,,Rear End,2,Clear,Dry,Daylight
2021-03-13T18:20:00.000,I 285,,,Angle Crash,2,Clear,Dry,Daylight
2021-02-03T05:00:00.000,I 75,,,Rear End,2,Clear,Dry,Dark-Not Lighted
2021-02-01T14:17:00.000,I 75,,,Not a Collision with Motor Vehicle,1,Cloudy,Dry,Daylight
2021-01-26T07:33:00.000,I 285,,,Rear End,3,Rain,Wet,Daylight
2021-01-14T17:52:00.000,I 85,,,Sideswipe-Same Direction,2,Clear,Dry,Daylight
2021-04-07T12:24:00.000,I 16,,,Not a Collision with Motor Vehicle,2,Clear,Dry,Daylight
2021-03-13T09:46:00.000,I 20,,,Not a Collision with Motor Vehicle,2,Clear,Dry,Daylight
2021-03-14T10:45:00.000,I 75,,,Rear End,2,Clear,Dry,Daylight
2021-05-18T00:00:00.000,I 85,,,Rear End,3,Clear,Dry,Dark-Not Lighted
2021-02-17T17:04:00.000,I 85,,,Sideswipe-Same Direction,2,Clear,Dry,Daylight
2021-02-15T05:40:00.000,I 285,,,Sideswipe-Same Direction,2,Rain,Wet,Dark-Not Lighted
2021-01-28T15:17:00.000,I 285,,,Not a Collision with Motor Vehicle,2,Clear,Dry,Daylight
2021-02-21T21:15:00.000,I 285,,,Sideswipe-Same Direction,2,Clear,Dry,Dark-Not Lighted
2021-02-10T10:57:00.000,I 75,,,Not a Collision with Motor Vehicle,2,Cloudy,Dry,Daylight
2021-02-07T02:32:00.000,I 285,,,Not a Collision with Motor Vehicle,1,Rain,Wet,Dark-Not Lighted
2021-06-07T23:19:00.000,I 85,,,Sideswipe-Same Direction,2,Cloudy,Dry,Dark-Lighted
2021-03-02T00:00:00.000,I 75,,,Sideswipe-Same Direction,2,Clear,Dry,Daylight
2021-02-03T13:08:00.000,I 16,,,Rear End,2,Clear,Dry,Daylight
2021-01-25T09:54:00.000,I 20,,,Sideswipe-Same Direction,2,Clear,Wet,Daylight
2021-01-22T16:17:00.000,I 75,,,Rear End,2,Cloudy,Dry,Daylight
2021-01-06T14:20:00.000,I 285,,,Rear End,2,Clear,Dry,Daylight
2021-04-09T15:03:00.000,I 85,,,Sideswipe-Same Direction,1,Cloudy,Dry,Daylight
2021-02-13T10:40:00.000,I 16,,,Angle Crash,1,Rain,Wet,Daylight
2021-02-04T16:58:00.000,I 16,,,Rear End,2,Cloudy,Dry,Daylight
2021-06-27T01:09:00.000,I 75,,,Angle Crash,2,Clear,Dry,Dark-Not Lighted
2021-06-18T16:00:00.000,I 75,,,Rear End,2,Clear,Dry,Daylight
2021-04-27T10:59:00.000,I 85,,,Angle Crash,2,Cloudy,Dry,Daylight
2021-04-22T17:07:00.000,I 75,,,Sideswipe-Same Direction,2,Clear,Dry,Daylight
2021-03-30T13:50:00.000,I 75,,,Rear End,2,Clear,Dry,Daylight
2021-03-28T12:37:00.000,I 285,,,Rear End,2,Rain,Wet,Daylight
2021-03-22T17:30:00.000,I 285,,,Sideswipe-Same Direction,2,Clear,Dry,Daylight
2021-02-20T04:00:00.000,I 285,,,Rear End,2,Clear,Dry,Dark-Lighted
2021-06-01T14:48:00.000,I 20,,,Angle Crash,2,Clear,Dry,Daylight
2021-03-09T19:24:00.000,I 75,,,Sideswipe-Same Direction,4,Clear,Dry,Dark-Not Lighted
2021-02-21T18:59:00.000,I 20,,,Rear End,2,Clear,Dry,Dark-Lighted
2021-03-19T12:44:00.000,I 285,,,Rear End,2,Clear,Dry,Daylight
2021-03-08T08:41:00.000,I 85,,,Rear End,3,Clear,Dry,Daylight
2021-01-01T10:57:00.000,I 20,,,Not a Collision with Motor Vehicle,1,Rain,Wet,Daylight
2021-06-11T16:56:00.000,I 20,,,Rear End,2,Clear,Dry,Daylight
2021-06-24T00:29:00.000,I 85,,,Sideswipe-Same Direction,2,Cloudy,Dry,Dark-Not Lighted
2021-06-11T07:30:00.000,I 95,,,Rear End,2,Clear,Dry,Daylight
2021-06-13T10:14:00.000,I 16,,,Not a Collision with Motor Vehicle,1,Cloudy,Dry,Daylight
2021-04-05T13:25:00.000,I 285,,,Rear End,2,Clear,Dry,Daylight
2021-04-02T13:39:00.000,I 75,,,Sideswipe-Same Direction,2,Clear,Dry,Daylight
2021-03-13T19:40:00.000,I 285,,,Rear End,2,Clear,Dry,Dark-Not Lighted
2021-03-03T18:04:00.000,I 75,,,Not a Collision with Motor Vehicle,1,Clear,Dry,Daylight
2021-06-25T04:00:00.000,I 16,,,Not a Collision with Motor Vehicle,1,Clear,Dry,Dark-Not Lighted
2021-06-26T14:10:00.000,I 75,,,Rear End,2,Cloudy,Dry,Daylight
2021-06-08T13:18:00.000,I 75,,,Sideswipe-Same Direction,2,Clear,Dry,Daylight
2021-05-27T12:36:00.000,I 85,,,Angle Crash,3,Clear,Dry,Daylight
2021-05-22T18:00:00.000,I 285,,,Sideswipe-Same Direction,2,Clear,Dry,Daylight
2021-05-04T09:45:00.000,I 285,,,Not a Collision with Motor Vehicle,2,Clear,Dry,Daylight
2021-02-25T11:00:00.000,I 75,,,Rear End,4,Clear,Dry,Daylight
2021-05-20T19:17:00.000,I-75,,,Not a Collision with Motor Vehicle,1,Clear,Dry,Daylight
2021-04-21T11:45:00.000,I 85,,,Sideswipe-Same Direction,2,Clear,Dry,Daylight
2021-03-26T15:50:00.000,I 75,,,Sideswipe-Same Direction,2,Clear,Dry,Daylight
2021-02-17T20:52:00.000,I 285,,,Angle Crash,2,Clear,Dry,Dark-Not Lighted
2021-02-11T15:20:00.000,I 285,,,Rear End,2,Rain,Wet,Daylight
2021-02-08T11:50:00.000,I 285,,,Sideswipe-Same Direction,2,Clear,Dry,Daylight
2021-02-03T06:59:00.000,I 85,,,Rear End,2,Clear,Dry,Dawn
2021-01-02T00:00:00.000,I 75,,,Angle Crash,3,Clear,Wet,Dark-Lighted
2021-03-29T15:16:00.000,I 20,,,Rear End,2,Clear,Dry,Daylight
2021-03-18T11:02:00.000,I 75,,,Sideswipe-Same Direction,2,Cloudy,Dry,Daylight
2021-03-15T16:32:00.000,I 75,,,Sideswipe-Same Direction,2,Cloudy,Dry,Daylight
2021-06-13T13:45:00.000,I 75,,,Rear End,2,Clear,Dry,Daylight
2021-06-10T13:30:00.000,I 75,,,Sideswipe-Same Direction,2,Cloudy,Dry,Daylight
2021-01-01T14:19:00.000,I 285,,,Rear End,2,Rain,Wet,Daylight
2021-06-17T07:09:00.000,I 285,,,Rear End,2,Clear,Dry,Dawn
2021-06-11T07:55:00.000,I 85,,,Rear End,2,Cloudy,Dry,Daylight
2021-03-31T16:30:00.000,I 85,,,Rear End,2,Rain,Wet,Daylight
2021-03-07T17:00:00.000,I 20,,,Rear End,3,Clear,Dry,Daylight
2021-01-25T18:30:00.000,I 85,,,Angle Crash,2,Cloudy,Dry,Dark-Not Lighted
2021-06-15T14:12:00.000,I 85,,,Sideswipe-Same Direction,2,Clear,Dry,Daylight
2021-05-12T22:19:00.000,I 85,,,Sideswipe-Same Direction,2,Cloudy,Dry,Dark-Not Lighted
2021-02-01T07:23:00.000,I 285,,,Angle Crash,2,Cloudy,Wet,Daylight
2021-01-25T13:20:00.000,I 85,,,Sideswipe-Same Direction,2,Cloudy,Dry,Daylight
2021-02-16T20:33:00.000,I 20,,,Sideswipe-Same Direction,2,Other,Ice/Frost,Dark-Lighted
2021-01-16T21:33:00.000,I 285,,,Sideswipe-Same Direction,2,Clear,Dry,Dark-Lighted
2021-06-28T17:46:00.000,I 285,,,Rear End,2,Clear,Dry,Daylight
2021-06-23T14:25:00.000,I 85,,,Rear End,2,Clear,Dry,Daylight
2021-03-08T15:20:00.000,I 20,,,(None),2,(None),(None),(None)
2021-01-30T18:33:00.000,I 85,,,Angle Crash,4,Clear,Dry,Dusk
2021-05-07T20:51:00.000,I 16,,,Sideswipe-Same Direction,2,Clear,Dry,Daylight
2021-04-20T15:52:00.000,I 285,,,Sideswipe-Same Direction,2,Clear,Dry,Daylight
2021-04-04T14:21:00.000,I 75,,,Rear End,3,Clear,Dry,Daylight
2021-04-01T18:37:00.000,I 285,,,Rear End,2,Clear,Dry,Daylight
2021-03-17T11:34:00.000,I 285,,,Rear End,2,Clear,Dry,Daylight
2021-02-24T16:55:00.000,I 285,,,Sideswipe-Same Direction,2,Clear,Dry,Daylight
2021-02-09T21:35:00.000,I 75,,,Sideswipe-Same Direction,2,Cloudy,Dry,Dark-Not Lighted
2021-06-29T07:00:00.000,I 285,,,Not a Collision with Motor Vehicle,1,Cloudy,Wet,Daylight
2021-06-13T00:53:00.000,I 285,,,Rear End,2,Clear,Dry,Dark-Lighted
2021-03-21T12:20:00.000,I 16,,,Not a Collision with Motor Vehicle,1,Rain,Wet,Daylight
2021-06-16T17:52:00.000,I 85,,,Angle Crash,2,Clear,Dry,Daylight
2021-05-19T16:00:00.000,I 285,,,Rear End,2,Cloudy,Dry,Daylight
2021-04-28T01:52:00.000,I 75,,,Not a Collision with Motor Vehicle,1,Clear,Dry,Dark-Not Lighted
2021-04-19T19:00:00.000,I 285,,,Sideswipe-Same Direction,2,Clear,Dry,Daylight
2021-04-02T16:13:00.000,I 75,,,Rear End,3,Clear,Dry,Daylight
2021-03-31T00:00:00.000,I 20,,,Rear End,3,Cloudy,Wet,Daylight
2021-06-12T00:00:00.000,I 285,,,Sideswipe-Same Direction,2,Cloudy,Dry,Daylight
2021-06-01T12:09:00.000,I 75,,,Rear End,2,Clear,Dry,Daylight
2021-04-23T20:45:00.000,I 75,,,Rear End,3,Clear,Dry,Dark-Lighted
2021-04-24T11:15:00.000,I 20,,,Not a Collision with Motor Vehicle,1,Rain,Wet,Daylight
2021-04-04T00:00:00.000,I 285,,,Not a Collision with Motor Vehicle,1,Clear,Dry,Dark-Not Lighted
2021-02-02T05:12:00.000,I 16,,,Rear End,2,Clear,Dry,Dark-Not Lighted
2021-03-27T10:21:00.000,I 20,,,Not a Collision with Motor Vehicle,1,Clear,Dry,Dark-Not Lighted
2021-01-09T22:05:00.000,I 75,,,Sideswipe-Same Direction,2,Clear,Dry,Dark-Not Lighted
2021-05-26T15:20:00.000,I 75,,,Rear End,2,Clear,Dry,Daylight
2021-06-27T18:40:00.000,I 85,,,Not a Collision with Motor Vehicle,1,Clear,Dry,Daylight
2021-05-26T13:10:00.000,I 75,,,Rear End,2,Cloudy,Dry,Daylight
2021-05-02T12:15:00.000,I 285,,,Sideswipe-Same Direction,3,Clear,Dry,Daylight
2021-04-14T19:29:00.000,I 285,,,Rear End,2,Clear,Dry,Daylight
2021-04-06T21:10:00.000,I 285,,,Sideswipe-Same Direction,2,Clear,Dry,Dark-Not Lighted
2021-03-23T16:24:00.000,I 285,,,Rear End,2,Cloudy,Dry,Daylight
2021-03-26T04:00:00.000,I 75,,,Not a Collision with Motor Vehicle,1,Rain,Wet,Dark-Lighted
2021-01-03T15:33:00.000,I 20,,,Rear End,3,Clear,Dry,Daylight
2021-06-22T14:15:00.000,I 75,,,Sideswipe-Same Direction,3,Cloudy,Dry,Daylight
2021-06-22T08:10:00.000,I 75,,,Rear End,3,Cloudy,Wet,Daylight
2021-06-28T17:00:00.000,I 285,,,Rear End,2,Clear,Dry,Daylight
2021-05-28T12:51:00.000,I 20,,,Sideswipe-Same Direction,2,Clear,Dry,Daylight
2021-01-12T17:00:00.000,I 85,,,Rear End,2,Cloudy,Dry,Daylight
2021-05-15T23:15:00.000,I 75,,,Sideswipe-Same Direction,2,Clear,Dry,Dark-Not Lighted
2021-05-02T07:40:00.000,I 20,,,Not a Collision with Motor Vehicle,1,Clear,Dry,Daylight
2021-04-21T00:00:00.000,I 285,,,Sideswipe-Same Direction,2,Clear,Dry,Daylight
2021-04-01T00:00:00.000,I 20,,,Sideswipe-Same Direction,2,Cloudy,Wet,Daylight
2021-03-22T10:09:00.000,I 75,,,Not a Collision with Motor Vehicle,1,Clear,Dry,Daylight
2021-02-25T03:04:00.000,I 20,,,Rear End,2,Clear,Dry,Dark-Lighted
2021-04-04T16:30:00.000,I 20,,,Rear End,3,Clear,Dry,Daylight
2021-02-10T11:20:00.000,I 75,,,Sideswipe-Same Direction,2,Clear,Dry,Daylight
2021-05-10T16:45:00.000,I 285,,,Rear End,2,Clear,Dry,Daylight
2021-04-28T14:52:00.000,I 20,,,Sideswipe-Same Direction,2,Clear,Dry,Daylight
2021-05-30T17:07:00.000,I 75,,,Not a Collision with Motor Vehicle,1,Clear,Dry,Daylight
2021-05-07T19:17:00.000,I 16,,,Not a Collision with Motor Vehicle,1,Clear,Dry,Daylight
2021-03-19T00:00:00.000,I 75,,,Sideswipe-Same Direction,2,Clear,Dry,Daylight
2021-03-18T09:22:00.000,I 85,,,Rear End,2,Rain,Wet,Daylight
2021-01-17T20:00:00.000,I 85,,,Sideswipe-Same Direction,2,Clear,Dry,Dark-Lighted
2021-01-01T07:45:00.000,I 85,,,Angle Crash,1,Rain,Wet,Daylight
2021-06-23T15:42:00.000,I 20,,,Rear End,2,Clear,Dry,Daylight
2021-06-07T04:42:00.000,I 75,,,Rear End,2,Cloudy,Wet,Dark-Not Lighted
2021-01-27T05:24:00.000,I 285,,,Rear End,2,Rain,Wet,Dark-Not Lighted
2021-01-10T19:39:00.000,I 75,,,Not a Collision with Motor Vehicle,2,Clear,Dry,Dark-Not Lighted
2021-03-06T16:00:00.000,I 85,,,Rear End,2,Clear,Dry,Daylight
2021-03-14T20:34:00.000,I 20,,,Sideswipe-Same Direction,2,Clear,Dry,Dark-Not Lighted
2021-06-21T11:55:00.000,I 85,,,Not a Collision with Motor Vehicle,1,Rain,Wet,Daylight
2021-04-20T08:15:00.000,I 85,,,Not a Collision with Motor Vehicle,1,Clear,Dry,Daylight
2021-04-01T15:44:00.000,I 75,,,Sideswipe-Same Direction,2,Clear,Dry,Daylight
2021-03-13T03:45:00.000,I 285,,,Rear End,2,Clear,Dry,Dark-Not Lighted
2021-01-22T07:56:00.000,I 285,,,Sideswipe-Same Direction,2,Clear,Dry,Daylight
2021-06-29T06:52:00.000,I 20,,,Not a Collision with Motor Vehicle,2,Cloudy,Wet,Daylight
2021-05-12T08:15:00.000,I 75,,,Not a Collision with Motor Vehicle,1,Rain,Wet,Daylight
2021-05-05T10:21:00.000,I-75,,,Sideswipe-Same Direction,2,Cloudy,Dry,Daylight
2021-04-02T14:06:00.000,I 85,,,Rear End,2,Clear,Dry,Daylight
2021-04-07T10:19:00.000,I 75,,,Sideswipe-Same Direction,2,Clear,Dry,Daylight
2021-06-14T16:40:00.000,I 85,,,Not a Collision with Motor Vehicle,1,Clear,Dry,Daylight
2021-05-10T10:35:00.000,I 75,,,Rear End,2,Cloudy,Dry,Daylight
2021-03-01T20:10:00.000,I 285,,,Angle Crash,2,Cloudy,Dry,Dark-Lighted
2021-01-15T10:28:00.000,I 75,,,Rear End,2,Clear,Dry,Daylight
2021-03-18T14:10:00.000,I 85,,,Rear End,2,Clear,Dry,Daylight
2021-03-15T08:49:00.000,I 85,,,Rear End,2,Cloudy,Dry,Daylight
2021-02-23T11:10:00.000,I 85,,,Rear End,2,Clear,Dry,Daylight
2021-06-22T11:42:00.000,I 285,,,Rear End,2,Cloudy,Wet,Daylight
2021-06-21T01:01:00.000,I 85,,,Rear End,3,Clear,Dry,Dark-Not Lighted
2021-05-13T08:35:00.000,I 95,,,Not a Collision with Motor Vehicle,1,Rain,Wet,Daylight
2021-03-20T07:00:00.000,I 85,,,Not a Collision with Motor Vehicle,3,Clear,Dry,Dark-Not Lighted
2021-03-11T04:55:00.000,I 75,,,Sideswipe-Same Direction,2,Clear,Dry,Dark-Not Lighted
2021-02-15T18:13:00.000,I 285,,,Sideswipe-Same Direction,2,Rain,Wet,Daylight
2021-05-13T15:27:00.000,I 75,,,Not a Collision with Motor Vehicle,1,Clear,Dry,Daylight
2021-04-11T12:09:00.000,I 75,,,Rear End,2,Clear,Dry,Daylight
2021-03-06T17:15:00.000,I 285,,,Rear End,4,Clear,Dry,Daylight
2021-02-18T03:40:00.000,I 20,,,Not a Collision with Motor Vehicle,1,Rain,Wet,Dark-Lighted
2021-02-12T12:55:00.000,I 20,,,Rear End,2,Rain,Wet,Daylight
2021-01-02T17:43:00.000,I 75,,,Sideswipe-Same Direction,2,Cloudy,Wet,Daylight
2021-04-03T15:40:00.000,I 285,,,Rear End,2,Clear,Dry,Daylight
2021-03-14T18:29:00.000,I 85,,,Rear End,2,Clear,Dry,Daylight
2021-01-12T01:35:00.000,I 285,,,Not a Collision with Motor Vehicle,1,Rain,Wet,Dark-Not Lighted
2021-06-17T09:45:00.000,I 75,,,Sideswipe-Same Direction,2,Clear,Dry,Daylight
2021-06-16T13:32:00.000,I 85,,,Rear End,2,Clear,Dry,Daylight
2021-05-26T23:59:00.000,I 85,,,Rear End,2,Clear,Dry,Dark-Lighted
2021-05-14T15:07:00.000,I 20,,,Not a Collision with Motor Vehicle,1,Clear,Dry,Daylight
2021-04-22T17:25:00.000,I 75,,,Not a Collision with Motor Vehicle,2,Clear,Dry,Daylight
2021-04-16T17:55:00.000,I 85,,,Sideswipe-Same Direction,2,Cloudy,Dry,Daylight
2021-03-22T17:09:00.000,I 75,,,Not a Collision with Motor Vehicle,1,Clear,Dry,Daylight
2021-02-25T10:05:00.000,I 85,,,Sideswipe-Same Direction,2,Clear,Dry,Daylight
2021-03-05T14:47:00.000,I 75,,,Rear End,2,Clear,Dry,Daylight
2021-06-29T20:02:00.000,I 85,,,Not a Collision with Motor Vehicle,1,Clear,Dry,Dusk
2021-05-20T01:52:00.000,I-75,,,Sideswipe-Same Direction,2,Clear,Dry,Dark-Not Lighted
2021-05-13T12:04:00.000,I 75,,,Rear End,2,Cloudy,Dry,Daylight
2021-04-30T08:30:00.000,I 75,,,Not a Collision with Motor Vehicle,1,Clear,Dry,Daylight
2021-06-29T06:16:00.000,I 20,,,Not a Collision with Motor Vehicle,1,Rain,Wet,Daylight
2021-05-28T14:50:00.000,I 285,,,Sideswipe-Same Direction,2,Cloudy,Dry,Daylight
2021-04-07T16:33:00.000,I 75,,,Not a Collision with Motor Vehicle,1,Clear,Dry,Daylight
2021-01-09T18:50:00.000,I 285,,,Sideswipe-Same Direction,2,Clear,Dry,Daylight
2021-06-29T11:25:00.000,I 75,,,Sideswipe-Same Direction,2,Clear,Dry,Daylight
2021-05-30T12:50:00.000,I 75,,,Rear End,2,Clear,Dry,Daylight
2021-05-24T11:17:00.000,I 75,,,Angle Crash,2,Clear,Dry,Daylight
2021-05-05T20:29:00.000,I 75,,,Not a Collision with Motor Vehicle,1,Clear,Dry,Dawn
2021-04-17T14:07:00.000,I 85,,,Sideswipe-Same Direction,2,Clear,Dry,Daylight
2021-04-08T23:30:00.000,I 285,,,Sideswipe-Same Direction,2,Clear,Dry,Dark-Not Lighted
2021-03-18T20:12:00.000,I 85,,,Sideswipe-Same Direction,2,Clear,Dry,Dark-Not Lighted
2021-02-21T16:30:00.000,I 285,,,Not a Collision with Motor Vehicle,2,Clear,Dry,Daylight
2021-02-05T16:40:00.000,I 285,,,Sideswipe-Same Direction,2,Cloudy,Dry,Daylight
2021-02-01T16:30:00.000,I 85,,,Sideswipe-Same Direction,2,Cloudy,Dry,Daylight
2021-01-11T07:34:00.000,I 75,,,Sideswipe-Same Direction,2,Cloudy,Dry,Dark-Lighted
2021-06-08T00:44:00.000,I 75,,,Not a Collision with Motor Vehicle,1,Clear,Dry,Dark-Not Lighted
2021-05-29T07:00:00.000,I 20,,,Rear End,2,Cloudy,Dry,Daylight
2021-02-27T07:15:00.000,I 285,,,Not a Collision with Motor Vehicle,1,Clear,Dry,Daylight
2021-06-19T06:05:00.000,I 20,,,Rear End,2,Clear,Dry,Daylight
2021-05-24T16:06:00.000,I 16,,,Not a Collision with Motor Vehicle,1,Clear,Dry,Daylight
2021-04-02T14:30:00.000,I 75,,,Sideswipe-Same Direction,2,Clear,Dry,Daylight
2021-01-04T19:08:00.000,I 85,,,Angle Crash,2,Clear,Dry,Dusk
2021-05-24T11:12:00.000,I 285,,,Not a Collision with Motor Vehicle,1,Clear,Dry,Daylight
2021-04-19T14:00:00.000,I 75,,,Sideswipe-Same Direction,2,Clear,Dry,Daylight
2021-03-03T06:47:00.000,I 285,,,Angle Crash,2,Clear,Wet,Daylight
2021-06-14T11:19:00.000,I 20,,,Sideswipe-Same Direction,2,Clear,Dry,Daylight
2021-05-26T01:20:00.000,I 75,,,Not a Collision with Motor Vehicle,1,Clear,Dry,Dark-Not Lighted
2021-05-17T10:22:00.000,I 20,,,Sideswipe-Same Direction,2,Clear,Dry,Daylight
2021-05-03T11:31:00.000,I 85,,,Not a Collision with Motor Vehicle,1,Rain,Wet,Daylight
2021-03-25T18:17:00.000,I 75,,,Angle Crash,2,Rain,Dry,Daylight
2021-03-02T13:58:00.000,I 75,,,Sideswipe-Same Direction,3,Cloudy,Dry,Daylight
2021-06-20T17:49:00.000,I 285,,,Rear End,2,Clear,Dry,Daylight
2021-06-10T20:12:00.000,I 85,,,Rear End,2,Clear,Dry,Dusk
2021-05-13T13:45:00.000,I 75,,,Rear End,2,Clear,Dry,Daylight
2021-04-06T16:23:00.000,I 85,,,Angle Crash,2,Clear,Dry,Daylight
2021-04-06T16:08:00.000,I 75,,,Rear End,2,Clear,Dry,Daylight
2021-03-04T17:48:00.000,I 20,,,Rear End,2,Clear,Dry,Daylight
2021-02-15T14:45:00.000,I 16,,,Not a Collision with Motor Vehicle,1,Rain,Wet,Daylight
2021-06-18T23:40:00.000,I 20,,,Not a Collision with Motor Vehicle,4,Clear,Dry,Dark-Not Lighted
2021-06-14T18:15:00.000,I 75,,,Rear End,2,Clear,Dry,Daylight
2021-04-18T22:15:00.000,I 20,,,Rear End,2,Clear,Dry,Dark-Not Lighted
2021-05-20T19:50:00.000,I 75,,,Sideswipe-Same Direction,2,Clear,Dry,Daylight
2021-03-26T08:43:00.000,I 285,,,Sideswipe-Same Direction,2,Rain,Wet,Daylight
2021-01-01T13:50:00.000,I 75,,,Not a Collision with Motor Vehicle,1,Rain,Water (standing or moving),Daylight
2021-05-21T08:44:00.000,I 75,,,Not a Collision with Motor Vehicle,2,Clear,Dry,Daylight
2021-05-12T10:08:00.000,I 285,,,Rear End,2,Rain,Wet,Daylight
2021-04-29T12:05:00.000,I 75,,,Not a Collision with Motor Vehicle,1,Clear,Dry,Daylight
2021-05-05T11:06:00.000,I 85,,,Rear End,2,Cloudy,Dry,Daylight
2021-03-29T13:23:00.000,I 285,,,Rear End,2,Clear,Dry,Daylight
2021-01-20T09:35:00.000,I 16,,,Rear End,3,Clear,Dry,Daylight
2021-04-27T07:40:00.000,I 75,,,Sideswipe-Same Direction,2,Clear,Dry,Daylight
2021-04-09T09:45:00.000,I 75,,,Rear End,2,Cloudy,Dry,Daylight
2021-03-26T09:55:00.000,I 75,,,Rear End,2,Cloudy,Wet,Daylight
2021-06-07T09:15:00.000,I 75,,,Rear End,2,Cloudy,Wet,Daylight
2021-06-10T15:10:00.000,I 75,,,Rear End,2,Rain,Wet,Daylight
2021-05-03T11:08:00.000,I 75,,,Sideswipe-Same Direction,2,Rain,Wet,Daylight
2021-04-24T06:50:00.000,I 16,,,Rear End,1,Rain,Water (standing or moving),Dawn
2021-04-05T12:23:00.000,I 85,,,Rear End,2,Clear,Dry,Daylight
2021-02-06T01:00:00.000,I 85,,,Angle Crash,2,Clear,Dry,Dark-Not Lighted
2021-06-08T16:20:00.000,I 16,,,Rear End,2,Cloudy,Dry,Daylight