Date and Time,Roadway (From Crash Report),Intersection Name (from Crash Report),KABCO Severity,Manner of Collision (Crash Level) ,# of Vehicles per crash ,Weather Conditions (Crash Level),Surface Condition (Crash Level) ,Light Conditions (Crash Level)
2021-03-24T15:45:00.000,I 75,,,Rear End,2,Clear,Dry,Daylight
2021-01-29T00:00:00.000,I 85,,,Angle Crash,2,Clear,Dry,Daylight
2021-01-03T14:04:00.000,I 95,,,Rear End,2,Clear,Dry,Daylight
2021-01-06T08:00:00.000,I 75,,,Rear End,2,Clear,Dry,Daylight
2021-01-25T20:30:00.000,I 75,,,Sideswipe-Same Direction,2,Rain,Wet,Dark-Not Lighted
2021-02-01T11:09:00.000,I 85,,,Not a Collision with Motor Vehicle,1,Cloudy,Dry,Daylight
2021-01-22T05:03:00.000,I 75,,,Not a Collision with Motor Vehicle,1,Rain,Wet,Dark-Not Lighted
2021-01-19T11:25:00.000,I 75,,,Sideswipe-Same Direction,2,Cloudy,Dry,Daylight
2021-06-10T10:25:00.000,I 285,,,Rear End,3,Cloudy,Dry,Daylight
2021-06-01T09:45:00.000,I 20,,,Sideswipe-Same Direction,2,Cloudy,Dry,Daylight
2021-04-26T13:49:00.000,I 285,,,Rear End,2,Clear,Dry,Daylight
2021-05-15T10:00:00.000,I 75,,,Rear End,2,Clear,Dry,Daylight
2021-06-01T06:36:00.000,I 85,,,Rear End,3,Clear,Dry,Daylight
2021-04-16T21:15:00.000,I 85,,,Rear End,2,Clear,Dry,Dark-Not Lighted
2021-03-25T07:07:00.000,I 285,,,Rear End,4,Rain,Wet,Dark-Not Lighted
2021-03-23T14:03:00.000,I 75,,,Not a Collision with Motor Vehicle,1,Cloudy,Dry,Daylight
2021-02-18T09:45:00.000,I 285,,,Not a Collision with Motor Vehicle,1,Rain,Wet,Daylight
2021-02-05T03:00:00.000,I 75,,,Sideswipe-Same Direction,2,Cloudy,Wet,Dark-Not Lighted
2021-01-07T08:22:00.000,I 20,,,Not a Collision with Motor Vehicle,2,Cloudy,Dry,Daylight
2021-06-03T11:00:00.000,I 85,,,Not a Collision with Motor Vehicle,1,Clear,Dry,Daylight
2021-05-17T11:35:00.000,I 75,,,Not a Collision with Motor Vehicle,2,Clear,Dry,Daylight
2021-04-23T12:51:00.000,I 75,,,Rear End,2,Clear,Dry,Daylight
2021-04-15T16:11:00.000,I 75,,,Rear End,2,Clear,Dry,Daylight
2021-06-28T18:16:00.000,I 285,,,Rear End,2,Clear,Dry,Daylight
2021-06-24T11:56:00.000,I 75,,,Rear End,2,Cloudy,Dry,Daylight
2021-06-21T11:22:00.000,I 285,,,Sideswipe-Same Direction,2,Clear,Dry,Daylight
2021-03-19T20:30:00.000,I 285,,,Angle Crash,2,Clear,Dry,Dark-Not Lighted
2021-06-11T19:16:00.000,I 75,,,Sideswipe-Same Direction,2,Rain,Water (standing or moving),Daylight
2021-05-17T06:57:00.000,I 85,,,Sideswipe-Same Direction,2,Clear,Dry,Daylight
2021-05-07T19:17:00.000,I 85,,,Rear End,2,Clear,Dry,Daylight
2021-04-30T13:50:00.000,I 75,,,Rear End,2,Clear,Dry,Daylight
2021-04-18T17:30:00.000,I 20,,,Rear End,2,Clear,Dry,Daylight
2021-01-27T07:00:00.000,I 285,,,Angle Crash,2,Rain,Wet,Dark-Lighted
2021-01-23T04:20:00.000,I 20,,,Sideswipe-Same Direction,2,Clear,Dry,Dark-Lighted
2021-06-24T03:24:00.000,I 75,,,Sideswipe-Same Direction,1,Cloudy,Dry,Dark-Not Lighted
2021-06-01T11:35:00.000,I 285,,,Rear End,2,Clear,Dry,Daylight
2021-04-01T17:00:00.000,I 75,,,Rear End,2,Clear,Dry,Daylight
2021-03-30T11:51:00.000,I 85,,,Sideswipe-Same Direction,2,Clear,Dry,Daylight
2021-01-01T06:47:00.000,I 75,,,Rear End,2,Cloudy,Wet,Dark-Not Lighted
2021-06-12T14:50:00.000,I 75,,,Sideswipe-Same Direction,2,Clear,Dry,Daylight
2021-05-22T22:30:00.000,I-75,,,Not a Collision with Motor Vehicle,1,Clear,Dry,Dark-Lighted
2021-01-30T04:54:00.000,I 75,,,Not a Collision with Motor Vehicle,1,Clear,Dry,Dark-Lighted
2021-06-21T10:39:00.000,I 285,,,Rear End,3,Cloudy,Dry,Daylight
2021-06-18T02:51:00.000,I 75,,,Angle Crash,2,Clear,Dry,Dark-Lighted
2021-06-02T13:40:00.000,I 75,,,Rear End,5,Rain,Wet,Daylight
2021-03-26T08:09:00.000,I 75,,,Rear End,2,Clear,Dry,Daylight
2021-06-22T06:55:00.000,I 16,,,Not a Collision with Motor Vehicle,1,Cloudy,Dry,Daylight
2021-06-03T15:09:00.000,I 285,,,Rear End,3,Clear,Dry,Daylight
2021-04-12T20:39:00.000,I 20,,,Not a Collision with Motor Vehicle,1,Clear,Dry,Dark-Not Lighted
2021-03-24T14:00:00.000,I 75,,,Rear End,2,Clear,Dry,Daylight
2021-02-13T13:08:00.000,I 85,,,Not a Collision with Motor Vehicle,1,Rain,Water (standing or moving),Daylight
2021-02-09T21:35:00.000,I 75,,,Angle Crash,2,Clear,Dry,Dark-Not Lighted
2021-06-26T03:10:00.000,I 20,,,Not a Collision with Motor Vehicle,1,Cloudy,Dry,Dark-Not Lighted
2021-06-19T12:33:00.000,I 20,,,Not a Collision with Motor Vehicle,1,Rain,Wet,Daylight
2021-05-07T08:59:00.000,I 16,,,Sideswipe-Same Direction,2,Clear,Dry,Daylight
2021-04-12T12:50:00.000,I 95,,,Rear End,2,Clear,Dry,Daylight
2021-02-14T11:09:00.000,I 75,,,Not a Collision with Motor Vehicle,2,Cloudy,Wet,Daylight
2021-01-22T19:04:00.000,I 85,,,Sideswipe-Same Direction,2,Clear,Dry,Dark-Not Lighted
2021-04-06T21:05:00.000,I 85,,,(None),1,(None),(None),(None)
2021-03-31T16:30:00.000,I 85,,,Rear End,2,Rain,Wet,Daylight
2021-01-17T08:06:00.000,I 85,,,Not a Collision with Motor Vehicle,1,Cloudy,Dry,Daylight
2021-05-29T23:15:00.000,I 285,,,Sideswipe-Same Direction,2,Clear,Dry,Dark-Not Lighted
2021-01-21T20:40:00.000,I 75,,,Not a Collision with Motor Vehicle,1,Clear,Dry,Dark-Not Lighted
2021-01-05T06:21:00.000,I 285,,,Head On,3,Clear,Dry,Dawn
2021-05-25T18:25:00.000,I 75,,,Rear End,2,Clear,Dry,Daylight
2021-06-26T14:46:00.000,I 85,,,Angle Crash,2,Clear,Dry,Daylight
2021-03-31T13:33:00.000,I 75,,,Rear End,2,Rain,Wet,Daylight
2021-02-04T20:14:00.000,I 85,,,Rear End,1,Clear,Dry,Dark-Not Lighted
2021-06-30T17:05:00.000,I 20,,,Sideswipe-Same Direction,2,Cloudy,Dry,Daylight
2021-06-15T08:43:00.000,I 85,,,Sideswipe-Same Direction,2,Clear,Dry,Daylight
2021-06-04T04:52:00.000,I 285,,,Head On,2,Clear,Dry,Dark-Lighted
2021-04-30T11:30:00.000,I 20,,,Rear End,2,Clear,Dry,Daylight
2021-04-06T14:02:00.000,I 285,,,Rear End,2,Clear,Dry,Daylight
2021-03-22T16:29:00.000,I 75,,,Angle Crash,2,Clear,Dry,Daylight
2021-02-27T13:07:00.000,I 85,,,Sideswipe-Same Direction,2,Clear,Dry,Daylight
2021-02-18T00:00:00.000,I 285,,,Angle Crash,2,Rain,Wet,Dark-Lighted
2021-01-21T12:10:00.000,I 75,,,Sideswipe-Same Direction,2,Cloudy,Wet,Daylight
2021-04-19T06:37:00.000,I 85,,,Rear End,2,Clear,Dry,Dark-Not Lighted
2021-03-28T07:19:00.000,I 75,,,Not a Collision with Motor Vehicle,1,Severe Thunderstorm or Tornadic,Water (standing or moving),Daylight
2021-02-26T12:50:00.000,I 285,,,Rear End,2,Clear,Dry,Daylight
2021-06-28T18:56:00.000,I 85,,,Rear End,2,Clear,Dry,Daylight
2021-06-21T00:44:00.000,I 75,,,Sideswipe-Same Direction,2,Clear,Dry,Dark-Not Lighted
2021-06-13T11:33:00.000,I 85,,,Rear End,2,Cloudy,Dry,Daylight
2021-06-14T12:26:00.000,I 85,,,Rear End,3,Cloudy,Dry,Daylight
2021-05-23T15:08:00.000,I 16,,,Rear End,2,Clear,Dry,Daylight
2021-04-06T07:00:00.000,I 285,,,Sideswipe-Same Direction,2,Clear,Dry,Dark-Lighted
2021-06-29T13:39:00.000,I 95,,,Sideswipe-Same Direction,2,Cloudy,Dry,Daylight
2021-06-30T13:29:00.000,I 75,,,Sideswipe-Same Direction,3,Rain,Wet,Daylight
2021-06-11T14:25:00.000,I 75,,,Not a Collision with Motor Vehicle,1,Cloudy,Dry,Daylight
2021-03-09T06:54:00.000,I 20,,,Not a Collision with Motor Vehicle,1,Clear,Dry,Daylight
2021-01-12T14:57:00.000,I 75,,,Rear End,2,Cloudy,Dry,Daylight
2021-06-04T08:30:00.000,I 75,,,Rear End,2,Fog,Dry,Daylight
2021-06-05T19:38:00.000,I 16,,,Not a Collision with Motor Vehicle,1,Rain,Wet,Dusk
2021-03-16T10:30:00.000,I 75,,,Sideswipe-Same Direction,2,Rain,Wet,Daylight
2021-02-19T23:52:00.000,I 75,,,Sideswipe-Same Direction,2,Cloudy,Dry,Dark-Not Lighted
2021-02-17T06:33:00.000,I 85,,,Rear End,2,Clear,Dry,Dark-Not Lighted
2021-02-01T06:05:00.000,I 285,,,Not a Collision with Motor Vehicle,1,Rain,Wet,Dark-Not Lighted
2021-01-15T18:21:00.000,I 75,,,Rear End,3,Clear,Dry,Dawn
2021-01-17T13:13:00.000,I 95,,,Rear End,2,Clear,Dry,Daylight
2021-06-21T18:21:00.000,I 75,,,Not a Collision with Motor Vehicle,1,Rain,Water (standing or moving),Daylight
2021-06-17T20:00:00.000,I 20,,,(None),1,(None),(None),(None)
2021-05-12T14:33:00.000,I 16,,,(None),1,(None),(None),(None)
2021-04-14T14:35:00.000,I 75,,,Sideswipe-Same Direction,2,Clear,Dry,Daylight
2021-06-07T16:14:00.000,I 285,,,Sideswipe-Same Direction,2,Cloudy,Wet,Daylight
2021-03-05T12:35:00.000,I 95,,,Rear End,2,Clear,Dry,Daylight
2021-02-05T18:26:00.000,I 75,,,Rear End,2,Cloudy,Dry,Daylight
2021-05-21T19:44:00.000,I 95,,,Sideswipe-Same Direction,2,Clear,Dry,Dusk
2021-04-30T16:40:00.000,I 16,,,Rear End,3,Clear,Dry,Daylight
2021-04-03T22:15:00.000,I 285,,,Sideswipe-Same Direction,2,Clear,Dry,Dark-Lighted
2021-06-22T07:45:00.000,I 75,,,Not a Collision with Motor Vehicle,1,Rain,Wet,Daylight
2021-06-14T09:07:00.000,I 75,,,Not a Collision with Motor Vehicle,1,Clear,Dry,Daylight
2021-05-03T17:35:00.000,I 85,,,Rear End,3,Cloudy,Wet,Dark-Not Lighted
2021-04-21T16:12:00.000,I 285,,,Sideswipe-Same Direction,2,Clear,Dry,Daylight
2021-03-21T14:01:00.000,I 285,,,Rear End,2,Cloudy,Dry,Daylight
2021-02-03T10:56:00.000,I 95,,,Not a Collision with Motor Vehicle,1,Clear,Dry,Daylight
2021-05-20T18:37:00.000,I 285,,,Sideswipe-Same Direction,2,Clear,Dry,Daylight
2021-03-16T05:20:00.000,I 20,,,Rear End,3,Rain,Wet,Dark-Not Lighted
2021-02-03T17:03:00.000,I 285,,,Rear End,2,Clear,Dry,Daylight
2021-06-14T17:40:00.000,I 95,,,Not a Collision with Motor Vehicle,1,Clear,Dry,Daylight
2021-04-03T14:07:00.000,I 20,,,Not a Collision with Motor Vehicle,1,Clear,Dry,Daylight
2021-03-13T04:03:00.000,I 285,,,Rear End,3,Clear,Dry,Dark-Lighted
2021-02-10T10:55:00.000,I 285,,,Not a Collision with Motor Vehicle,1,Clear,Dry,Daylight
2021-01-01T16:22:00.000,I 20,,,Sideswipe-Same Direction,2,Rain,Wet,Daylight
2021-02-23T18:35:00.000,I 85,,,Sideswipe-Opposite Direction,2,Clear,Dry,Daylight
2021-01-27T17:44:00.000,I 75,,,Not a Collision with Motor Vehicle,1,Clear,Dry,Dusk
2021-01-05T11:10:00.000,I 285,,,Sideswipe-Same Direction,2,Clear,Dry,Daylight
2021-01-02T20:17:00.000,I 75,,,Not a Collision with Motor Vehicle,1,Clear,Dry,Dark-Lighted
2021-06-11T13:55:00.000,I 285,,,Rear End,2,Rain,Wet,Daylight
2021-04-23T06:20:00.000,I 75,,,Sideswipe-Same Direction,2,Cloudy,Dry,Dark-Not Lighted
2021-03-08T08:50:00.000,I 85,,,Sideswipe-Same Direction,2,Clear,Dry,Daylight
2021-02-18T17:25:00.000,I 20,,,Rear End,2,Rain,Wet,Daylight
2021-01-28T18:00:00.000,I 85,,,Rear End,2,Clear,Dry,Dark-Not Lighted
2021-06-25T10:53:00.000,I 85,,,Sideswipe-Same Direction,2,Cloudy,Dry,Daylight
2021-05-07T21:54:00.000,I 20,,,Sideswipe-Same Direction,2,Clear,Dry,Dark-Not Lighted
2021-04-23T19:00:00.000,I 85,,,Not a Collision with Motor Vehicle,2,Clear,Dry,Daylight
2021-04-23T09:21:00.000,I 75,,,Sideswipe-Same Direction,2,Cloudy,Dry,Daylight
2021-04-20T10:33:00.000,I 85,,,Not a Collision with Motor Vehicle,1,Cloudy,Dry,Daylight
2021-04-06T11:01:00.000,I 75,,,Rear End,2,Clear,Dry,Daylight
2021-03-31T16:34:00.000,I 75,,,Rear End,2,Rain,Wet,Daylight
2021-03-18T00:00:00.000,I 75,,,Rear End,2,Clear,Wet,Daylight
2021-03-18T18:10:00.000,I 85,,,Rear End,2,Cloudy,Dry,Daylight
2021-02-10T16:10:00.000,I 20,,,Rear End,2,Clear,Dry,Daylight
2021-01-28T08:20:00.000,I 285,,,Sideswipe-Same Direction,2,Clear,Dry,Daylight
2021-05-19T17:47:00.000,I 16,,,Rear End,2,Clear,Dry,Daylight
2021-04-30T22:20:00.000,I 75,,,Sideswipe-Same Direction,2,Clear,Dry,Dark-Not Lighted
2021-01-19T17:42:00.000,I 85,,,Rear End,2,Clear,Dry,Daylight
2021-06-20T11:42:00.000,I 85,,,Rear End,2,Rain,Wet,Daylight
2021-06-19T18:21:00.000,I 85,,,Rear End,2,Rain,Wet,Daylight
2021-06-10T08:26:00.000,I 20,,,Rear End,2,Clear,Wet,Daylight
2021-06-08T20:46:00.000,I 85,,,Not a Collision with Motor Vehicle,1,Rain,Wet,Dark-Lighted
2021-03-25T23:19:00.000,I-75,,,Sideswipe-Same Direction,2,Rain,Wet,Dark-Lighted
2021-06-24T01:30:00.000,I 285,,,Rear End,2,Clear,Dry,Dark-Not Lighted
2021-05-20T13:08:00.000,I 75,,,Rear End,2,Clear,Dry,Daylight
2021-04-08T14:16:00.000,I 75,,,Rear End,2,Cloudy,Dry,Daylight
2021-06-04T00:00:00.000,I 75,,,Rear End,2,Clear,Dry,Daylight
2021-06-20T07:15:00.000,I 20,,,Not a Collision with Motor Vehicle,1,Clear,Wet,Dark-Lighted
2021-06-16T16:48:00.000,I 85,,,Angle Crash,2,Clear,Dry,Daylight
2021-05-12T08:35:00.000,I 75,,,Sideswipe-Same Direction,2,Cloudy,Wet,Daylight
2021-04-02T14:29:00.000,I 75,,,Not a Collision with Motor Vehicle,1,Clear,Dry,Daylight
2021-02-20T18:57:00.000,I 85,,,Rear End,2,Clear,Dry,Dark-Not Lighted
2021-01-01T10:03:00.000,I 75,,,Sideswipe-Same Direction,2,Rain,Wet,Daylight
2021-05-21T14:56:00.000,I 285,,,Sideswipe-Same Direction,2,Clear,Dry,Daylight
2021-03-25T07:22:00.000,I 75,,,Sideswipe-Same Direction,2,Rain,Wet,Dawn
2021-01-24T22:35:00.000,I 285,,,Angle Crash,2,Rain,Wet,Dark-Lighted
2021-06-20T07:09:00.000,I 20,,,(None),1,(None),(None),(None)
2021-04-03T13:35:00.000,I 75,,,Rear End,2,Clear,Dry,Daylight
2021-03-17T21:29:00.000,I 85,,,Rear End,2,Cloudy,Dry,Dark-Lighted
2021-02-24T17:08:00.000,I 285,,,Sideswipe-Same Direction,2,Clear,Dry,Daylight
2021-02-12T16:22:00.000,I 75,,,Sideswipe-Same Direction,2,Cloudy,Dry,Daylight
2021-01-28T06:20:00.000,I 75,,,Sideswipe-Same Direction,3,Clear,Dry,Dark-Not Lighted
2021-01-12T22:18:00.000,I 20,,,Sideswipe-Same Direction,2,Clear,Dry,Daylight
2021-05-01T14:20:00.000,I 95,,,Rear End,5,Clear,Dry,Daylight
2021-06-20T08:38:00.000,I 20,,,Not a Collision with Motor Vehicle,1,Rain,Water (standing or moving),Daylight
2021-06-08T16:31:00.000,I 75,,,Angle Crash,2,Rain,Wet,Daylight
2021-05-20T11:07:00.000,I 16,,,Sideswipe-Same Direction,2,Clear,Dry,Daylight
2021-05-03T10:20:00.000,I 285,,,Sideswipe-Same Direction,2,Rain,Wet,Daylight
2021-04-12T14:02:00.000,I 85,,,Rear End,2,Clear,Dry,Daylight
2021-04-10T10:57:00.000,I 75,,,Rear End,2,Rain,Wet,Daylight
2021-02-16T05:30:00.000,I 75,,,Rear End,2,Cloudy,Wet,Dark-Not Lighted
2021-05-15T17:06:00.000,I-75,,,Rear End,3,Clear,Dry,Daylight
2021-06-23T23:00:00.000,I 20,,,Angle Crash,2,Clear,Dry,Dark-Not Lighted
2021-05-24T08:55:00.000,I 95,,,Rear End,2,Clear,Dry,Daylight
2021-04-29T12:15:00.000,I 75,,,Sideswipe-Same Direction,2,Cloudy,Dry,Daylight
2021-02-01T21:20:00.000,I 85,,,Not a Collision with Motor Vehicle,1,Clear,Dry,Dark-Not Lighted
2021-01-15T00:00:00.000,I 85,,,Sideswipe-Same Direction,2,Clear,Dry,Daylight
2021-06-02T12:45:00.000,I 16,,,Sideswipe-Same Direction,2,Cloudy,Dry,Daylight
2021-05-10T07:07:00.000,I 20,,,Sideswipe-Same Direction,2,Rain,Wet,Daylight
2021-04-19T19:04:00.000,I 285,,,Angle Crash,2,Clear,Dry,Daylight
2021-04-01T16:53:00.000,I 75,,,Rear End,3,Clear,Dry,Daylight
2021-03-17T02:08:00.000,I 85,,,Rear End,2,Cloudy,Wet,Dark-Not Lighted
2021-03-14T00:41:00.000,I 85,,,Angle Crash,3,Clear,Dry,Dark-Lighted
2021-06-07T14:15:00.000,I 20,,,Angle Crash,2,Clear,Dry,Daylight
2021-04-25T23:00:00.000,I 75,,,Rear End,2,Clear,Dry,Dark-Not Lighted
2021-02-25T10:28:00.000,I 85,,,Rear End,2,Clear,Dry,Dusk
2021-01-04T07:30:00.000,I 75,,,Not a Collision with Motor Vehicle,1,Clear,Dry,Daylight
2021-05-29T17:15:00.000,I 285,,,Sideswipe-Same Direction,4,Clear,Dry,Daylight
2021-04-11T16:35:00.000,I 75,,,Rear End,2,Clear,Dry,Daylight
2021-03-26T03:15:00.000,I 20,,,Sideswipe-Same Direction,2,Rain,Wet,Dark-Lighted
2021-03-16T16:49:00.000,I 285,,,Angle Crash,3,Cloudy,Wet,Daylight
2021-03-12T13:44:00.000,I 285,,,Rear End,2,Cloudy,Dry,Daylight
2021-04-28T12:11:00.000,I 16,,,Angle Crash,2,Clear,Dry,Daylight
2021-06-29T09:30:00.000,I 75,,,Not a Collision with Motor Vehicle,1,Clear,Dry,Daylight
2021-05-23T04:01:00.000,I 20,,,Rear End,2,Clear,Dry,Dark-Lighted
2021-04-24T07:42:00.000,I 85,,,Sideswipe-Same Direction,2,Rain,Wet,Dark-Lighted
2021-01-31T22:55:00.000,I 285,,,Not a Collision with Motor Vehicle,1,Cloudy,Wet,Dark-Not Lighted
2021-06-17T16:46:00.000,I 75,,,Sideswipe-Same Direction,2,Clear,Dry,Daylight
2021-05-25T20:00:00.000,I 75,,,Rear End,2,Clear,Dry,Dark-Not Lighted
2021-05-07T11:28:00.000,I 285,,,Angle Crash,2,Clear,Dry,Daylight
2021-01-28T08:35:00.000,I 285,,,Rear End,2,Clear,Dry,Daylight
2021-01-23T23:11:00.000,I 285,,,Not a Collision with Motor Vehicle,1,Clear,Dry,Dark-Not Lighted
2021-01-13T17:30:00.000,I 16,,,Rear End,2,Cloudy,Dry,Daylight
2021-01-09T15:20:00.000,I 85,,,Rear End,2,Clear,Dry,Daylight
2021-06-20T14:30:00.000,I 285,,,Not a Collision with Motor Vehicle,1,Clear,Dry,Daylight
2021-05-24T17:27:00.000,I 285,,,Sideswipe-Same Direction,2,Cloudy,Dry,Daylight
2021-04-24T18:45:00.000,I-75,,,Angle Crash,2,Cloudy,Wet,Daylight
2021-03-06T03:21:00.000,I 20,,,Not a Collision with Motor Vehicle,1,Clear,Dry,Dark-Lighted
2021-01-19T17:41:00.000,I 285,,,Rear End,2,Cloudy,Dry,Dark-Not Lighted
2021-01-13T12:15:00.000,I 285,,,Not a Collision with Motor Vehicle,1,Clear,Dry,Daylight
2021-04-09T17:14:00.000,I 75,,,Rear End,2,Cloudy,Dry,Daylight
2021-04-05T14:36:00.000,I 20,,,Rear End,2,Clear,Dry,Daylight
2021-03-27T15:16:00.000,I 85,,,Not a Collision with Motor Vehicle,1,Cloudy,Dry,Daylight
2021-03-02T07:38:00.000,I 285,,,Rear End,2,Clear,Dry,Daylight
2021-02-27T04:10:00.000,I 85,,,Angle Crash,1,Cloudy,Dry,Dark-Lighted
2021-05-19T07:30:00.000,I 75,,,Angle Crash,2,Clear,Dry,Daylight
2021-05-10T09:42:00.000,I 285,,,Rear End,2,Cloudy,Dry,Daylight
2021-04-05T14:52:00.000,I 20,,,Rear End,2,Clear,Dry,Daylight
2021-02-23T04:54:00.000,I 20,,,Sideswipe-Same Direction,1,Clear,Dry,Dark-Not Lighted
2021-01-28T10:50:00.000,I 75,,,Not a Collision with Motor Vehicle,2,Clear,Dry,Daylight
2021-01-18T16:10:00.000,I 285,,,Rear End,2,Clear,Dry,Daylight
2021-06-25T08:43:00.000,I 85,,,Sideswipe-Same Direction,2,Cloudy,Dry,Daylight
2021-06-08T13:50:00.000,I 16,,,Rear End,2,Clear,Dry,Daylight
2021-06-05T13:41:00.000,I 95,,,Not a Collision with Motor Vehicle,1,Cloudy,Dry,Daylight
2021-03-24T16:18:00.000,I 16,,,Angle Crash,2,Clear,Dry,Daylight
2021-01-28T15:40:00.000,I 16,,,Rear End,2,Clear,Dry,Daylight
2021-01-15T06:30:00.000,I 285,,,Not a Collision with Motor Vehicle,1,Clear,Dry,Dark-Not Lighted
2021-06-03T16:15:00.000,I 75,,,Not a Collision with Motor Vehicle,1,Rain,Wet,Daylight
2021-06-02T08:26:00.000,I 75,,,Sideswipe-Same Direction,2,Rain,Wet,Daylight
2021-04-04T12:20:00.000,I 285,,,Not a Collision with Motor Vehicle,1,Clear,Dry,Daylight
2021-03-06T06:25:00.000,I 285,,,Sideswipe-Same Direction,2,Clear,Dry,Daylight
2021-06-18T10:32:00.000,I 75,,,Rear End,3,Clear,Dry,Daylight
2021-06-01T05:14:00.000,I 16,,,Sideswipe-Same Direction,2,Clear,Dry,Dawn
2021-04-30T14:23:00.000,I 75,,,Sideswipe-Same Direction,2,Clear,Dry,Daylight
2021-03-05T12:50:00.000,I 285,,,Sideswipe-Same Direction,2,Clear,Dry,Daylight
2021-01-25T06:07:00.000,I 20,,,Sideswipe-Same Direction,2,Clear,Wet,Dark-Not Lighted
2021-01-02T15:05:00.000,I 16,,,(None),1,(None),(None),(None)
2021-02-12T08:03:00.000,I 85,,,Not a Collision with Motor Vehicle,1,Clear,Dry,Daylight
2021-05-04T22:43:00.000,I 285,,,Not a Collision with Motor Vehicle,1,Rain,Wet,Dark-Not Lighted
2021-03-31T15:30:00.000,I 75,,,Rear End,2,Rain,Wet,Daylight
2021-03-11T19:28:00.000,I 85,,,Sideswipe-Same Direction,2,Clear,Dry,Daylight
2021-01-02T15:02:00.000,I 16,,,Not a Collision with Motor Vehicle,1,Rain,Wet,Daylight
2021-05-15T16:58:00.000,I 75,,,Not a Collision with Motor Vehicle,1,Cloudy,Dry,Daylight
2021-04-11T03:50:00.000,I 285,,,Not a Collision with Motor Vehicle,1,Clear,Wet,Dark-Not Lighted
2021-04-25T05:27:00.000,I 75,,,Sideswipe-Same Direction,3,Clear,Wet,Dark-Not Lighted
2021-05-30T01:55:00.000,I 20,,,Not a Collision with Motor Vehicle,1,Cloudy,Dry,Dark-Lighted
2021-01-01T12:27:00.000,I 75,,,Not a Collision with Motor Vehicle,1,Rain,Wet,Daylight
2021-02-22T06:37:00.000,I 20,,,Angle Crash,2,Rain,Wet,Dark-Not Lighted
2021-04-03T13:33:00.000,I 20,,,Sideswipe-Same Direction,2,Clear,Dry,Daylight
2021-03-23T10:30:00.000,I 285,,,Sideswipe-Same Direction,2,Clear,Dry,Daylight
2021-06-26T16:56:00.000,I 16,,,Not a Collision with Motor Vehicle,1,Rain,Wet,Daylight
2021-06-19T20:40:00.000,I 85,,,Not a Collision with Motor Vehicle,1,Rain,Wet,Daylight
2021-01-27T13:36:00.000,I 75,,,Sideswipe-Same Direction,2,Cloudy,Dry,Daylight
2021-01-29T17:42:00.000,I 285,,,Sideswipe-Same Direction,2,Clear,Dry,Daylight
2021-05-20T12:27:00.000,I 75,,,Not a Collision with Motor Vehicle,2,Clear,Dry,Daylight
2021-05-04T15:46:00.000,I 285,,,Rear End,2,Rain,Wet,Daylight
2021-02-20T08:22:00.000,I 85,,,Not a Collision with Motor Vehicle,1,Clear,Dry,Daylight
2021-06-09T08:45:00.000,I 85,,,Rear End,2,Cloudy,Wet,Daylight
2021-03-05T15:30:00.000,I 75,,,Sideswipe-Same Direction,2,Clear,Dry,Daylight
2021-03-14T03:28:00.000,I 85,,,Sideswipe-Same Direction,2,Cloudy,Dry,Dark-Not Lighted
2021-03-05T14:35:00.000,I 75,,,Rear End,2,Cloudy,Dry,Daylight
2021-03-23T11:33:00.000,I 20,,,Rear End,2,Clear,Dry,Daylight
2021-01-17T20:49:00.000,I 85,,,Not a Collision with Motor Vehicle,1,Clear,Dry,Dark-Lighted
2021-02-12T15:12:00.000,I 285,,,Rear End,2,Cloudy,Dry,Daylight
2021-01-16T13:25:00.000,I 285,,,Rear End,2,Cloudy,Dry,Daylight
2021-06-07T12:37:00.000,I 285,,,Angle Crash,2,Cloudy,Dry,Daylight
2021-06-30T13:27:00.000,I 16,,,Rear End,4,Clear,Dry,Daylight
2021-04-10T14:40:00.000,I 75,,,Rear End,2,Rain,Wet,Daylight
2021-01-27T14:54:00.000,I 75,,,Angle Crash,3,Cloudy,Dry,Daylight
2021-02-19T08:48:00.000,I 75,,,Not a Collision with Motor Vehicle,2,Cloudy,Dry,Daylight
2021-05-28T15:45:00.000,I 85,,,Rear End,3,Clear,Dry,Daylight
2021-04-01T17:01:00.000,I 75,,,Sideswipe-Same Direction,2,Clear,Dry,Daylight
2021-03-17T13:02:00.000,Sr 141,,,Rear End,2,Rain,Wet,Daylight
2021-02-25T10:09:00.000,I 20,,,Sideswipe-Same Direction,2,Clear,Dry,Daylight
2021-01-08T00:30:00.000,I 20,,,Angle Crash,2,Rain,Wet,Dark-Lighted
2021-06-15T15:54:00.000,I 20,,,Angle Crash,2,Clear,Dry,Daylight
2021-03-28T13:45:00.000,I 75,,,Rear End,2,Rain,Wet,Daylight
2021-04-24T13:25:00.000,I 20,,,Rear End,2,Cloudy,Wet,Daylight
2021-05-09T21:55:00.000,I 20,,,Sideswipe-Same Direction,2,Clear,Dry,Dark-Lighted
2021-01-25T16:34:00.000,I 16,,,Sideswipe-Same Direction,2,Clear,Dry,Daylight
2021-03-02T23:00:00.000,I 85,,,Sideswipe-Same Direction,2,Rain,Wet,Dark-Not Lighted
2021-02-24T16:34:00.000,I 20,,,Not a Collision with Motor Vehicle,1,Clear,Dry,Daylight
2021-06-07T14:15:00.000,I 75,,,Not a Collision with Motor Vehicle,1,Rain,Wet,Daylight