Date and Time,Roadway (From Crash Report),Intersection Name (from Crash Report),KABCO Severity,Manner of Collision (Crash Level) ,# of Vehicles per crash ,Weather Conditions (Crash Level),Surface Condition (Crash Level) ,Light Conditions (Crash Level)
2021-08-29T21:13:00.000,I 85,,,Sideswipe-Same Direction,2,Clear,Dry,Dark-Lighted
2021-11-11T17:45:00.000,I 75,,,Not a Collision with Motor Vehicle,1,Rain,Wet,Daylight
2021-10-06T11:20:00.000,I 75,,,Angle Crash,2,Cloudy,Wet,Daylight
2021-11-03T17:13:00.000,I 75,,,Rear End,2,Cloudy,Wet,Daylight
2021-12-18T21:04:00.000,I 20,,,Angle Crash,2,Rain,Wet,Dark-Not Lighted
2021-10-11T12:04:00.000,I 285,,,Rear End,2,Clear,Dry,Daylight
2021-11-21T20:40:00.000,I 285,,,Rear End,4,Clear,Dry,Dark-Not Lighted
2021-10-08T20:40:00.000,I-75,,,Rear End,2,Clear,Dry,Dark-Lighted
2021-12-11T14:09:00.000,I 85,,,Sideswipe-Same Direction,2,Rain,Wet,Daylight
2021-11-04T09:50:00.000,I 20,,,Angle Crash,2,Rain,Wet,Daylight
2021-11-29T08:51:00.000,I 85,,,Rear End,2,Clear,Dry,Daylight
2021-07-26T07:57:00.000,I 16,,,Not a Collision with Motor Vehicle,1,Clear,Dry,Daylight
2021-11-12T08:05:00.000,I 20,,,Rear End,3,Clear,Wet,Daylight
2021-08-13T17:50:00.000,I 75,,,Sideswipe-Same Direction,2,Clear,Dry,Daylight
2021-07-15T13:10:00.000,I 285,,,Sideswipe-Same Direction,2,Clear,Dry,Daylight
2021-11-17T16:30:00.000,I 85,,,Rear End,2,Clear,Dry,Daylight
2021-07-24T18:07:00.000,I 75,,,Sideswipe-Same Direction,2,Clear,Dry,Daylight
2021-12-13T14:06:00.000,I 16,,,Rear End,2,Clear,Dry,Daylight
2021-07-28T04:20:00.000,I 16,,,(None),1,(None),(None),(None)
2021-08-08T11:37:00.000,I 75,,,Sideswipe-Same Direction,2,Clear,Dry,Daylight
2021-09-08T10:09:00.000,I 95,,,Angle Crash,3,Clear,Dry,Daylight
2021-09-10T15:34:00.000,I 20,,,Sideswipe-Same Direction,2,Cloudy,Dry,Daylight
2021-09-20T13:02:00.000,I 20,,,Rear End,2,Rain,Wet,Daylight
2021-10-26T15:57:00.000,I 16,,,Angle Crash,2,Clear,Dry,Daylight
2021-09-23T07:09:00.000,I 75,,,Angle Crash,2,Cloudy,Dry,Dawn
2021-11-12T05:40:00.000,I 75,,,Not a Collision with Motor Vehicle,1,Cloudy,Wet,Dark-Not Lighted
2021-11-25T13:53:00.000,I 16,,,Not a Collision with Motor Vehicle,1,Clear,Dry,Daylight
2021-11-19T14:35:00.000,I 75,,,Sideswipe-Same Direction,2,Clear,Dry,Daylight
2021-12-07T01:00:00.000,I 75,,,Not a Collision with Motor Vehicle,1,Cloudy,Dry,Dark-Not Lighted
2021-12-06T15:10:00.000,I 85,,,Sideswipe-Same Direction,2,Cloudy,Wet,Daylight
2021-12-18T10:23:00.000,I 20,,,Not a Collision with Motor Vehicle,1,Rain,Wet,Daylight
2021-07-01T01:50:00.000,I-75,,,Sideswipe-Same Direction,2,Clear,Dry,Dark-Not Lighted
2021-11-06T15:49:00.000,I-75,,,Sideswipe-Same Direction,2,Clear,Dry,Daylight
2021-12-14T12:21:00.000,I 75,,,Rear End,2,Clear,Dry,Daylight
2021-08-13T12:27:00.000,I 16,,,Sideswipe-Same Direction,2,Clear,Dry,Daylight
2021-11-27T15:44:00.000,I 285,,,Rear End,2,Clear,Dry,Daylight
2021-11-05T15:04:00.000,I 75,,,Sideswipe-Same Direction,2,Cloudy,Dry,Daylight
2021-09-20T13:59:00.000,I 20,,,Not a Collision with Motor Vehicle,1,Rain,Wet,Daylight
2021-09-20T14:09:00.000,I 285,,,Sideswipe-Same Direction,2,Rain,Wet,Daylight
2021-08-01T03:26:00.000,I 85,,,Head On,1,Clear,Wet,Dark-Not Lighted
2021-10-16T13:20:00.000,I 285,,,Rear End,3,Clear,Dry,Daylight
2021-09-17T07:30:00.000,I 20,,,Sideswipe-Same Direction,2,Cloudy,Wet,Daylight
2021-09-24T16:14:00.000,I 75,,,Rear End,2,Clear,Dry,Daylight
2021-11-07T01:04:00.000,I 20,,,Rear End,2,Clear,Dry,Dark-Not Lighted
2021-11-16T18:28:00.000,I 20,,,Rear End,4,Clear,Dry,Dark-Lighted
2021-12-22T13:10:00.000,I 75,,,Rear End,2,Clear,Dry,Daylight
2021-09-15T15:37:00.000,I 75,,,Sideswipe-Same Direction,2,Rain,Wet,Daylight
2021-07-28T20:28:00.000,I 85,,,Sideswipe-Same Direction,2,Clear,Dry,Daylight
2021-07-16T23:02:00.000,I 16,,,Angle Crash,2,Clear,Dry,Dark-Not Lighted
2021-12-15T08:00:00.000,I-75,,,Sideswipe-Same Direction,2,Clear,Dry,Daylight
2021-11-08T07:17:00.000,I 20,,,Sideswipe-Same Direction,2,Clear,Dry,Daylight
2021-12-01T10:15:00.000,I-75,,,Sideswipe-Same Direction,2,Clear,Dry,Daylight
2021-07-17T16:45:00.000,I 75,,,Rear End,2,Clear,Dry,Daylight
2021-11-10T18:43:00.000,I 75,,,Sideswipe-Same Direction,2,Clear,Dry,Dark-Not Lighted
2021-12-11T00:00:00.000,I 20,,,Not a Collision with Motor Vehicle,1,Rain,Wet,Daylight
2021-11-27T20:00:00.000,I-75,,,Rear End,2,Clear,Dry,Dark-Lighted
2021-12-12T19:30:00.000,I-75,,,Rear End,2,Clear,Dry,Dark-Lighted
2021-10-18T08:25:00.000,I 75,,,Rear End,2,Clear,Dry,Daylight
2021-12-02T14:00:00.000,Sr 140,,,Head On,2,Clear,Dry,Daylight
2021-10-15T06:53:00.000,I 75,,,Not a Collision with Motor Vehicle,3,Clear,Dry,Dawn
2021-08-25T05:17:00.000,I 75,,,Sideswipe-Same Direction,2,Clear,Dry,Dark-Not Lighted
2021-08-08T22:17:00.000,I 75,,,Sideswipe-Same Direction,2,Clear,Dry,Dark-Not Lighted
2021-09-12T03:10:00.000,I 285,,,Sideswipe-Same Direction,2,Clear,Dry,Dark-Not Lighted
2021-12-14T13:59:00.000,I 75,,,Sideswipe-Same Direction,2,Clear,Dry,Daylight
2021-07-27T15:04:00.000,I 85,,,(None),2,(None),(None),(None)
2021-10-19T07:02:00.000,I 285,,,Sideswipe-Same Direction,2,Clear,Dry,Dark-Not Lighted
2021-10-18T00:00:00.000,I 16,,,Head On,1,Clear,Dry,Dark-Not Lighted
2021-10-25T07:51:00.000,I 75,,,Sideswipe-Same Direction,2,Cloudy,Dry,Daylight
2021-07-07T19:55:00.000,I 285,,,Sideswipe-Same Direction,2,Cloudy,Dry,Daylight
2021-11-27T12:48:00.000,I 75,,,Rear End,3,Clear,Dry,Daylight
2021-11-02T12:29:00.000,I 285,,,Rear End,2,Clear,Dry,Daylight
2021-07-31T16:20:00.000,I-75,,,Rear End,2,Clear,Dry,Daylight
2021-11-08T03:24:00.000,I 85,,,Rear End,2,Clear,Dry,Dark-Lighted
2021-10-22T14:43:00.000,I 75,,,Sideswipe-Same Direction,2,Clear,Dry,Daylight
2021-09-20T17:20:00.000,I 95,,,Rear End,2,Rain,Wet,Daylight
2021-11-19T18:57:00.000,I 95,,,Sideswipe-Same Direction,2,Clear,Dry,Dark-Not Lighted
2021-07-08T04:34:00.000,I 75,,,Sideswipe-Same Direction,2,Cloudy,Dry,Dark-Not Lighted
2021-09-21T16:25:00.000,I 20,,,Sideswipe-Same Direction,2,Cloudy,Wet,Daylight
2021-10-25T03:39:00.000,I 20,,,Not a Collision with Motor Vehicle,1,Clear,Dry,Dark-Not Lighted
2021-10-15T06:46:00.000,I 85,,,Not a Collision with Motor Vehicle,1,Cloudy,Dry,Dark-Not Lighted
2021-09-09T20:05:00.000,I 75,,,Not a Collision with Motor Vehicle,1,Clear,Dry,Dusk
2021-07-15T14:30:00.000,I 285,,,Rear End,4,Cloudy,Dry,Daylight
2021-09-26T16:29:00.000,I 20,,,Rear End,2,Clear,Dry,Daylight
2021-09-26T16:35:00.000,I 20,,,Rear End,2,Clear,Dry,Daylight
2021-09-23T17:17:00.000,I 75,,,Rear End,3,Clear,Dry,Daylight
2021-12-30T20:00:00.000,I-75,,,Not a Collision with Motor Vehicle,1,Fog,Other,Dark-Lighted
2021-12-23T00:03:00.000,I 20,,,Not a Collision with Motor Vehicle,2,Clear,Dry,Dark-Not Lighted
2021-10-24T05:43:00.000,I 16,,,Not a Collision with Motor Vehicle,1,Clear,Dry,Dark-Not Lighted
2021-08-21T14:10:00.000,I 85,,,Not a Collision with Motor Vehicle,1,Cloudy,Dry,Daylight
2021-10-30T00:40:00.000,I 20,,,Rear End,4,Rain,Wet,Dark-Not Lighted
2021-09-03T23:04:00.000,I 75,,,Sideswipe-Same Direction,2,Clear,Dry,Dark-Lighted
2021-09-07T02:00:00.000,I 16,,,Head On,2,Clear,Dry,Dark-Lighted
2021-11-23T14:33:00.000,I 285,,,Angle Crash,2,Clear,Dry,Daylight
2021-12-21T00:00:00.000,I 75,,,Rear End,2,Clear,Wet,Dark-Not Lighted
2021-12-11T21:00:00.000,I 85,,,Angle Crash,2,Rain,Wet,Dark-Not Lighted
2021-08-03T17:03:00.000,I 85,,,Not a Collision with Motor Vehicle,1,Clear,Wet,Daylight
2021-08-16T18:50:00.000,I 75,,,Angle Crash,2,Rain,Wet,Daylight
2021-07-23T02:00:00.000,I 20,,,Rear End,2,Clear,Dry,Dark-Not Lighted
2021-08-17T13:00:00.000,I 285,,,Sideswipe-Same Direction,2,Rain,Wet,Daylight
2021-10-06T16:00:00.000,I 75,,,Sideswipe-Same Direction,2,Cloudy,Wet,Daylight
2021-11-07T17:16:00.000,I 20,,,Sideswipe-Same Direction,2,Clear,Dry,Daylight
2021-12-22T20:56:00.000,I-75,,,Sideswipe-Same Direction,2,Clear,Dry,Dark-Lighted
2021-08-03T15:42:00.000,I 75,,,Not a Collision with Motor Vehicle,1,Cloudy,Dry,Daylight
2021-08-17T05:30:00.000,I 75,,,Not a Collision with Motor Vehicle,1,Rain,Wet,Dark-Lighted
2021-08-25T03:03:00.000,I 285,,,Rear End,2,Clear,Dry,Dark-Lighted
2021-11-26T18:52:00.000,I 95,,,Sideswipe-Same Direction,2,Clear,Dry,Dark-Not Lighted
2021-12-14T19:54:00.000,I 85,,,Rear End,2,Clear,Dry,Dark-Lighted
2021-11-23T16:37:00.000,I 285,,,Rear End,2,Clear,Dry,Daylight
2021-10-05T12:45:00.000,I 75,,,Not a Collision with Motor Vehicle,1,Rain,Wet,Daylight
2021-07-13T15:30:00.000,I 75,,,Rear End,2,Clear,Dry,Daylight
2021-12-19T11:15:00.000,I-75,,,Rear End,2,Cloudy,Dry,Daylight
2021-12-20T17:30:00.000,I 75,,,Sideswipe-Same Direction,2,Clear,Dry,Daylight
2021-08-05T14:50:00.000,I 85,,,Rear End,2,Clear,Dry,Daylight
2021-08-17T08:32:00.000,I 75,,,Rear End,2,Rain,Wet,Daylight
2021-07-17T13:25:00.000,I 75,,,Rear End,2,Clear,Dry,Daylight
2021-09-22T09:12:00.000,I 16,,,Sideswipe-Same Direction,2,Cloudy,Dry,Daylight
2021-12-19T10:05:00.000,I 20,,,(None),2,(None),(None),(None)
2021-12-10T22:58:00.000,I 16,,,Not a Collision with Motor Vehicle,1,Clear,Dry,Dark-Not Lighted
2021-07-08T15:53:00.000,I 75,,,Sideswipe-Same Direction,2,Cloudy,Dry,Daylight
2021-10-28T07:30:00.000,I 75,,,Rear End,3,Rain,Wet,Dawn
2021-11-20T15:01:00.000,I 285,,,Rear End,2,Clear,Dry,Daylight
2021-09-15T18:14:00.000,I 85,,,Not a Collision with Motor Vehicle,1,Rain,Wet,Daylight
2021-12-06T16:51:00.000,I 285,,,Sideswipe-Same Direction,2,Rain,Wet,Daylight
2021-07-02T19:48:00.000,I 85,,,Rear End,3,Rain,Wet,Daylight
2021-09-26T19:00:00.000,I 85,,,Sideswipe-Same Direction,2,Clear,Dry,Daylight
2021-09-20T11:48:00.000,I 75,,,Rear End,3,Rain,Wet,Daylight
2021-12-31T19:08:00.000,I 285,,,Rear End,2,Clear,Dry,Dark-Lighted
2021-09-17T21:54:00.000,I 75,,,Not a Collision with Motor Vehicle,1,Cloudy,Dry,Dark-Lighted
2021-11-08T20:08:00.000,I 95,,,Sideswipe-Same Direction,2,Clear,Dry,Dark-Not Lighted
2021-12-25T18:44:00.000,I 16,,,Angle Crash,3,Cloudy,Dry,Dark-Lighted
2021-09-18T20:43:00.000,I 85,,,Angle Crash,2,Cloudy,Wet,Dark-Lighted
2021-08-03T15:50:00.000,I 85,,,Rear End,3,Clear,Dry,Daylight
2021-09-10T01:22:00.000,I 75,,,Rear End,3,Clear,Dry,Dark-Not Lighted
2021-12-31T12:13:00.000,I-75,,,Rear End,3,Rain,Wet,Daylight
2021-09-28T16:46:00.000,I 285,,,Rear End,2,Clear,Dry,Daylight
2021-11-23T05:44:00.000,I 85,,,Rear End,2,Clear,Dry,Dark-Not Lighted
2021-12-02T08:40:00.000,I 285,,,Rear End,2,Clear,Dry,Daylight
2021-10-12T20:25:00.000,I-75,,,Not a Collision with Motor Vehicle,1,Clear,Dry,Dark-Lighted
2021-12-04T10:50:00.000,I 85,,,Not a Collision with Motor Vehicle,2,Clear,Dry,Daylight
2021-10-29T00:23:00.000,I-75,,,Rear End,3,Cloudy,Wet,Dark-Lighted
2021-09-07T14:58:00.000,I 285,,,Sideswipe-Same Direction,2,Cloudy,Dry,Daylight
2021-12-19T00:12:00.000,I 20,,,Not a Collision with Motor Vehicle,1,Clear,Wet,Dark-Lighted
2021-11-14T20:05:00.000,I-75,,,Rear End,2,Clear,Dry,Dark-Lighted
2021-10-28T14:02:00.000,I-75,,,Angle Crash,2,Rain,Water (standing or moving),Daylight
2021-07-20T03:35:00.000,I 85,,,Not a Collision with Motor Vehicle,1,Rain,Wet,Dark-Not Lighted
2021-09-20T14:43:00.000,I 75,,,Rear End,2,Rain,Wet,Daylight
2021-10-20T10:45:00.000,I 285,,,Sideswipe-Same Direction,2,Clear,Dry,Daylight
2021-12-12T02:00:00.000,I-75,,,Sideswipe-Same Direction,2,Clear,Dry,Dark-Lighted
2021-09-02T22:30:00.000,I-75,,,Sideswipe-Same Direction,2,Clear,Dry,Dark-Lighted
2021-12-24T14:34:00.000,I 285,,,Not a Collision with Motor Vehicle,1,Clear,Dry,Daylight
2021-07-20T18:05:00.000,I 16,,,Angle Crash,1,Rain,Wet,Daylight
2021-12-30T09:57:00.000,I 20,,,Not a Collision with Motor Vehicle,1,Rain,Wet,Daylight
2021-11-29T05:25:00.000,I 85,,,Not a Collision with Motor Vehicle,1,Clear,Dry,Dark-Not Lighted
2021-11-27T22:20:00.000,I-75,,,Rear End,2,Clear,Dry,Dark-Lighted
2021-12-19T05:40:00.000,I 16,,,Not a Collision with Motor Vehicle,1,Clear,Wet,Daylight
2021-12-30T17:20:00.000,I 75,,,Not a Collision with Motor Vehicle,1,Rain,Wet,Daylight
2021-12-19T17:10:00.000,I 75,,,Rear End,2,Cloudy,Dry,Dusk
2021-07-07T15:27:00.000,I-75,,,Rear End,2,Rain,Wet,Daylight
2021-08-12T10:20:00.000,I 285,,,Sideswipe-Same Direction,2,Clear,Dry,Daylight
2021-08-01T15:23:00.000,I 75,,,Rear End,2,Cloudy,Dry,Daylight
2021-10-10T04:00:00.000,I 75,,,Not a Collision with Motor Vehicle,1,Cloudy,Dry,Dark-Not Lighted
2021-09-06T16:59:00.000,I 85,,,Not a Collision with Motor Vehicle,1,Rain,Wet,Daylight
2021-12-13T18:20:00.000,I 285,,,Rear End,2,Clear,Dry,Dark-Lighted
2021-12-28T19:56:00.000,I 85,,,Not a Collision with Motor Vehicle,1,Clear,Dry,Dark-Not Lighted
2021-07-27T09:55:00.000,I 75,,,Not a Collision with Motor Vehicle,1,Clear,Dry,Daylight
2021-11-12T07:05:00.000,I 285,,,Not a Collision with Motor Vehicle,1,Clear,Wet,Daylight
2021-11-21T09:53:00.000,I 285,,,Head On,2,Cloudy,Dry,Daylight
2021-09-29T08:04:00.000,I 85,,,Sideswipe-Same Direction,2,Clear,Dry,Daylight
2021-12-14T08:26:00.000,I 75,,,Rear End,2,Clear,Dry,Daylight
2021-09-26T14:30:00.000,I 285,,,Rear End,2,Clear,Dry,Daylight
2021-12-30T07:47:00.000,I 75,,,Not a Collision with Motor Vehicle,2,Rain,Wet,Daylight
2021-10-28T15:46:00.000,I 85,,,Sideswipe-Same Direction,2,Rain,Wet,Daylight
2021-12-03T08:13:00.000,I 285,,,Rear End,2,Clear,Dry,Daylight
2021-07-03T10:40:00.000,I 75,,,Not a Collision with Motor Vehicle,1,Clear,Dry,Daylight
2021-12-13T08:33:00.000,I 75,,,Rear End,2,Clear,Dry,Daylight
2021-10-27T16:50:00.000,I 75,,,Sideswipe-Same Direction,2,Clear,Dry,Daylight
2021-12-14T14:55:00.000,I 75,,,Rear End,2,Clear,Dry,Daylight
2021-12-27T00:39:00.000,I 75,,,Sideswipe-Same Direction,2,Clear,Dry,Dark-Lighted
2021-12-06T23:50:00.000,I 20,,,Sideswipe-Same Direction,2,(None),Dry,(None)
2021-07-23T05:00:00.000,I-75,,,Sideswipe-Same Direction,2,Clear,Dry,Dark-Lighted
2021-10-14T15:10:00.000,I 75,,,Sideswipe-Same Direction,2,Clear,Dry,Daylight
2021-09-19T10:45:00.000,I 20,,,Not a Collision with Motor Vehicle,1,Cloudy,Dry,Daylight
2021-07-16T14:07:00.000,I 285,,,Rear End,2,Clear,Dry,Daylight
2021-08-20T09:35:00.000,I 20,,,Rear End,2,Cloudy,Dry,Daylight
2021-10-15T14:30:00.000,I 85,,,Sideswipe-Same Direction,2,Clear,Dry,Daylight
2021-07-29T13:20:00.000,I 75,,,Not a Collision with Motor Vehicle,1,Clear,Dry,Daylight
2021-11-17T18:25:00.000,I 85,,,Rear End,3,Clear,Dry,Dark-Not Lighted
2021-09-20T14:06:00.000,I 285,,,Rear End,2,Rain,Wet,Daylight
2021-09-29T19:25:00.000,I 20,,,Head On,4,Clear,Dry,Daylight
2021-10-23T13:50:00.000,I 85,,,Rear End,2,Clear,Dry,Daylight
2021-12-20T20:35:00.000,I 85,,,Not a Collision with Motor Vehicle,1,Clear,Dry,Dark-Not Lighted
2021-07-08T08:40:00.000,I 85,,,Rear End,2,Cloudy,Dry,Daylight
2021-11-09T20:20:00.000,I-75,,,Rear End,2,Clear,Dry,Dark-Lighted
2021-07-21T06:09:00.000,I 16,,,Rear End,2,Cloudy,Dry,Daylight
2021-11-14T12:40:00.000,I 285,,,Rear End,2,Clear,Dry,Daylight
2021-08-03T14:52:00.000,I 20,,,Not a Collision with Motor Vehicle,2,Clear,Dry,Daylight
2021-12-09T00:47:00.000,I 20,,,Rear End,2,Clear,Dry,Dark-Not Lighted
2021-08-19T11:28:00.000,I 75,,,Not a Collision with Motor Vehicle,1,Cloudy,Dry,Daylight
2021-09-22T12:51:00.000,I 85,,,Sideswipe-Same Direction,2,Rain,Wet,Daylight
2021-08-10T16:15:00.000,I 20,,,Not a Collision with Motor Vehicle,1,Cloudy,Wet,Daylight
2021-09-29T08:55:00.000,I 285,,,Sideswipe-Same Direction,2,Clear,Dry,Daylight
2021-08-24T22:00:00.000,I 85,,,Not a Collision with Motor Vehicle,1,Clear,Dry,Dark-Not Lighted
2021-07-08T14:00:00.000,I 285,,,Rear End,3,Rain,Wet,Daylight
2021-07-20T15:03:00.000,I 75,,,Rear End,2,Rain,Wet,Daylight
2021-12-16T08:34:00.000,I 75,,,Sideswipe-Same Direction,2,Clear,Dry,Daylight
2021-10-16T12:06:00.000,I-75,,,Not a Collision with Motor Vehicle,1,Clear,Dry,Daylight
2021-12-09T06:30:00.000,I-75,,,Rear End,2,Clear,Dry,Dark-Lighted
2021-12-07T07:02:00.000,I 285,,,Rear End,2,Clear,Dry,Dark-Not Lighted
2021-09-23T16:55:00.000,I 75,,,Sideswipe-Same Direction,2,Clear,Dry,Daylight
2021-07-22T13:55:00.000,I 75,,,Rear End,3,Clear,Dry,Daylight
2021-12-20T16:54:00.000,I 75,,,Sideswipe-Same Direction,2,Cloudy,Dry,Daylight
2021-09-10T09:27:00.000,I 75,,,Rear End,2,Clear,Dry,Daylight
2021-12-08T09:09:00.000,I 285,,,Not a Collision with Motor Vehicle,1,Cloudy,Wet,Daylight
2021-11-04T11:45:00.000,I 20,,,Not a Collision with Motor Vehicle,1,Cloudy,Wet,Daylight
2021-07-18T12:58:00.000,I 285,,,Rear End,2,Cloudy,Dry,Daylight
2021-07-02T14:40:00.000,I 75,,,Not a Collision with Motor Vehicle,1,Rain,Wet,Daylight
2021-09-25T20:16:00.000,I 85,,,Not a Collision with Motor Vehicle,1,Clear,Dry,Dark-Not Lighted
2021-12-03T11:13:00.000,I 75,,,Sideswipe-Same Direction,2,Clear,Dry,Daylight
2021-10-23T23:05:00.000,I 16,,,Not a Collision with Motor Vehicle,1,Clear,Dry,Dark-Not Lighted
2021-09-24T05:47:00.000,I 95,,,Rear End,2,Clear,Dry,Dark-Lighted
2021-09-19T14:20:00.000,I 85,,,Sideswipe-Same Direction,2,Rain,Wet,Daylight
2021-10-20T19:00:00.000,I 285,,,Rear End,2,Clear,Dry,Dark-Not Lighted
2021-12-23T22:36:00.000,I 20,,,Not a Collision with Motor Vehicle,1,Clear,Dry,Dark-Not Lighted
2021-11-08T01:20:00.000,I-75,,,Sideswipe-Same Direction,2,Clear,Dry,Dark-Lighted
2021-12-18T09:14:00.000,I-75,,,Not a Collision with Motor Vehicle,1,Cloudy,Wet,Daylight
2021-07-28T23:45:00.000,I 285,,,Sideswipe-Same Direction,2,Clear,Dry,Dark-Lighted
2021-08-13T21:43:00.000,I 75,,,Sideswipe-Same Direction,2,Clear,Dry,Dark-Lighted
2021-11-20T14:46:00.000,I 285,,,Rear End,2,Clear,Dry,Daylight
2021-11-11T19:50:00.000,I-75,,,Rear End,2,Rain,Wet,Dark-Lighted
2021-07-30T10:48:00.000,I 75,,,Sideswipe-Same Direction,2,Clear,Dry,Daylight
2021-08-13T16:17:00.000,I 16,,,(None),1,(None),(None),(None)
2021-10-05T01:03:00.000,I 20,,,Angle Crash,2,Rain,Wet,Dark-Lighted
2021-12-23T22:00:00.000,I 285,,,Not a Collision with Motor Vehicle,1,Clear,Dry,Dark-Not Lighted
2021-12-19T23:00:00.000,I 285,,,Rear End,2,Cloudy,Wet,Dark-Not Lighted
2021-08-09T11:03:00.000,I 85,,,Not a Collision with Motor Vehicle,2,Clear,Dry,Daylight
2021-12-06T11:41:00.000,I 75,,,Rear End,2,Cloudy,Dry,Daylight
2021-07-23T05:00:00.000,I-75,,,Sideswipe-Same Direction,2,Clear,Dry,Dark-Lighted
2021-12-10T07:31:00.000,I 285,,,Rear End,2,Rain,Wet,Daylight
2021-09-04T13:50:00.000,I 285,,,Angle Crash,2,Cloudy,Dry,Daylight
2021-12-10T23:10:00.000,I-75,,,Sideswipe-Same Direction,2,Fog,Water (standing or moving),Dark-Lighted
2021-07-14T16:25:00.000,I 285,,,Sideswipe-Same Direction,2,Clear,Dry,Daylight
2021-10-08T05:02:00.000,I 85,,,Rear End,2,Rain,Wet,Dark-Not Lighted
2021-08-21T13:30:00.000,I 285,,,Rear End,2,Cloudy,Dry,Daylight
2021-08-16T05:24:00.000,I 75,,,Not a Collision with Motor Vehicle,1,Severe Thunderstorm or Tornadic,Wet,Dark-Not Lighted
2021-12-27T09:45:00.000,I 20,,,Rear End,2,Cloudy,Dry,Daylight
2021-12-02T10:49:00.000,I 85,,,Angle Crash,2,Clear,Dry,Daylight
2021-10-03T19:30:00.000,I-75,,,Sideswipe-Same Direction,2,Rain,Water (standing or moving),Dark-Lighted
2021-12-15T15:05:00.000,I-75,,,Sideswipe-Same Direction,2,Clear,Dry,Daylight
2021-08-18T17:20:00.000,I 285,,,Rear End,2,Clear,Dry,Daylight
2021-07-08T19:55:00.000,I 20,,,Angle Crash,2,Cloudy,Dry,Daylight
2021-07-23T16:05:00.000,I 95,,,Rear End,2,Clear,Dry,Daylight
2021-09-29T05:14:00.000,I 20,,,Not a Collision with Motor Vehicle,1,Clear,Dry,Dark-Lighted
2021-08-04T17:45:00.000,I-75,,,Rear End,2,Clear,Dry,Daylight
2021-11-26T00:15:00.000,I 85,,,Not a Collision with Motor Vehicle,1,Rain,Wet,Dark-Not Lighted
2021-10-05T04:29:00.000,I 285,,,Not a Collision with Motor Vehicle,2,Rain,Wet,Dark-Lighted
2021-12-09T08:35:00.000,I 85,,,Rear End,2,Clear,Dry,Daylight
2021-10-24T21:00:00.000,I-75,,,Rear End,4,Clear,Dry,Dark-Lighted
2021-10-24T19:23:00.000,I 75,,,Angle Crash,2,Cloudy,Dry,Dark-Not Lighted
2021-12-26T11:26:00.000,I 95,,,Rear End,2,Clear,Dry,Daylight
2021-10-28T09:00:00.000,I 75,,,Rear End,3,Rain,Wet,Daylight
2021-07-14T18:15:00.000,I 285,,,Rear End,2,Cloudy,Dry,Daylight
2021-12-07T19:02:00.000,I 285,,,Sideswipe-Same Direction,5,Cloudy,Dry,Dark-Not Lighted
2021-10-09T13:08:00.000,I 285,,,Sideswipe-Same Direction,2,Clear,Dry,Daylight
2021-11-01T18:03:00.000,I 75,,,Sideswipe-Same Direction,2,Clear,Dry,Daylight
2021-12-30T15:00:00.000,I 20,,,Rear End,2,Rain,Wet,Daylight
2021-12-21T12:43:00.000,I 285,,,Rear End,3,Cloudy,Wet,Daylight
2021-12-05T17:26:00.000,I 75,,,Sideswipe-Same Direction,2,Cloudy,Dry,Dusk
2021-11-14T13:15:00.000,I 285,,,Rear End,2,Clear,Dry,Daylight
2021-10-11T09:53:00.000,I 285,,,Angle Crash,2,Clear,Dry,Daylight
2021-11-20T19:20:00.000,I 85,,,Not a Collision with Motor Vehicle,2,Clear,Dry,Dark-Not Lighted
2021-08-08T22:16:00.000,I 75,,,Sideswipe-Same Direction,2,Clear,Dry,Dark-Not Lighted
2021-10-23T08:00:00.000,I-75,,,Sideswipe-Same Direction,2,Clear,Dry,Daylight
2021-12-06T00:10:00.000,I 75,,,Sideswipe-Same Direction,2,Clear,Dry,Dark-Lighted
2021-11-28T19:14:00.000,I 75,,,Rear End,2,Clear,Dry,Dark-Lighted
2021-12-06T20:00:00.000,I-75,,,Rear End,3,Clear,Dry,Daylight
2021-07-04T18:25:00.000,I 75,,,Sideswipe-Same Direction,3,Clear,Dry,Daylight
2021-11-22T15:26:00.000,I-75,,,Rear End,2,Clear,Dry,Daylight
2021-11-27T14:21:00.000,I 85,,,Rear End,2,Clear,Dry,Daylight
2021-12-08T10:44:00.000,I 75,,,Sideswipe-Same Direction,2,Cloudy,Wet,Daylight
2021-08-06T14:05:00.000,I 285,,,Rear End,2,Cloudy,Dry,Daylight
2021-07-06T05:40:00.000,I-75,,,Rear End,2,Clear,Dry,Dark-Lighted
2021-07-24T20:30:00.000,I-75,,,Rear End,2,Clear,Dry,Daylight
2021-12-21T00:00:00.000,I 285,,,Sideswipe-Same Direction,2,Clear,Dry,Dark-Not Lighted
2021-11-19T18:21:00.000,I 75,,,Rear End,2,Clear,Dry,Dark-Not Lighted
2021-12-30T14:50:00.000,I 20,,,Not a Collision with Motor Vehicle,1,Rain,Wet,Daylight
2021-10-03T07:02:00.000,I 85,,,Rear End,2,Clear,Dry,Dawn
2021-08-09T14:00:00.000,I 285,,,Sideswipe-Same Direction,2,Clear,Dry,Daylight
2021-10-17T12:52:00.000,I 16,,,Rear End,2,Clear,Dry,Daylight
2021-11-16T18:04:00.000,I 95,,,Rear End,2,Clear,Dry,Dark-Lighted
2021-11-30T10:00:00.000,I 85,,,Rear End,2,Clear,Dry,Daylight
2021-08-15T17:41:00.000,I 285,,,Rear End,2,Clear,Dry,Daylight
2021-12-29T12:34:00.000,I 85,,,Rear End,2,Rain,Wet,Daylight