Date and Time,Roadway (From Crash Report),Intersection Name (from Crash Report),KABCO Severity,Manner of Collision (Crash Level) ,# of Vehicles per crash ,Weather Conditions (Crash Level),Surface Condition (Crash Level) ,Light Conditions (Crash Level)
2021-12-21T11:42:00.000,I 75,,,Sideswipe-Same Direction,2,Rain,Wet,Daylight
2021-08-21T18:00:00.000,I 85,,,Sideswipe-Same Direction,2,Clear,Dry,Daylight
2021-09-13T17:10:00.000,I 20,,,Rear End,2,Clear,Dry,Daylight
2021-08-11T18:37:00.000,I 75,,,Rear End,2,Rain,Wet,Daylight
2021-09-22T17:25:00.000,I 95,,,Rear End,2,Cloudy,Wet,Daylight
2021-08-27T16:53:00.000,I 20,,,Angle Crash,2,Clear,Dry,Daylight
2021-10-09T04:07:00.000,I 20,,,Not a Collision with Motor Vehicle,1,Clear,Dry,Dark-Not Lighted
2021-07-21T11:58:00.000,I 16,,,Rear End,2,Cloudy,Dry,Daylight
2021-09-14T08:32:00.000,I 285,,,Rear End,2,Clear,Dry,Daylight
2021-09-20T12:42:00.000,I 75,,,Rear End,2,Rain,Wet,Daylight
2021-11-30T18:04:00.000,I-75,,,Sideswipe-Same Direction,2,Cloudy,Dry,Dark-Lighted
2021-07-13T16:15:00.000,I 285,,,Rear End,2,Cloudy,Dry,Daylight
2021-11-12T18:00:00.000,I 285,,,Angle Crash,2,Clear,Dry,Dark-Lighted
2021-12-19T05:30:00.000,I 75,,,Angle Crash,1,Rain,Wet,Dark-Not Lighted
2021-08-12T16:50:00.000,I 285,,,Rear End,2,Cloudy,Dry,Daylight
2021-07-14T10:27:00.000,I 285,,,Sideswipe-Same Direction,2,Clear,Dry,Daylight
2021-09-19T12:54:00.000,I 75,,,Rear End,2,Rain,Wet,Daylight
2021-12-18T16:40:00.000,I-75,,,Rear End,2,Rain,Water (standing or moving),Daylight
2021-08-17T07:40:00.000,I 75,,,Not a Collision with Motor Vehicle,1,Rain,Wet,Daylight
2021-11-14T22:12:00.000,I-75,,,Sideswipe-Same Direction,2,Clear,Dry,Dark-Not Lighted
2021-10-05T11:36:00.000,I 16,,,Not a Collision with Motor Vehicle,1,Rain,Water (standing or moving),Daylight
2021-08-04T05:05:00.000,I 75,,,Sideswipe-Same Direction,2,Clear,Dry,Dark-Not Lighted
2021-10-30T15:08:00.000,I-75,,,Rear End,2,Rain,Wet,Daylight
2021-09-07T17:42:00.000,I 85,,,Rear End,3,Clear,Dry,Daylight
2021-10-26T18:35:00.000,I 75,,,Rear End,2,Clear,Dry,Dusk
2021-11-17T10:53:00.000,I 75,,,Sideswipe-Same Direction,2,Clear,Dry,Daylight
2021-08-12T17:12:00.000,I 85,,,Not a Collision with Motor Vehicle,1,Rain,Wet,Daylight
2021-08-30T17:30:00.000,I 75,,,Sideswipe-Same Direction,2,Cloudy,Dry,Daylight
2021-10-22T18:03:00.000,I 75,,,Rear End,2,Clear,Dry,Daylight
2021-07-01T13:41:00.000,I 285,,,Rear End,2,Cloudy,Dry,Daylight
2021-11-18T18:00:00.000,I 75,,,Rear End,4,Cloudy,Wet,Dark-Not Lighted
2021-10-19T07:02:00.000,I 285,,,Rear End,3,Clear,Dry,Dark-Lighted
2021-11-16T00:47:00.000,I 85,,,Angle Crash,2,Clear,Dry,Dark-Not Lighted
2021-07-19T14:14:00.000,I 75,,,Rear End,2,Cloudy,Dry,Daylight
2021-07-13T12:00:00.000,I 16,,,Rear End,2,Clear,Dry,Daylight
2021-11-20T20:00:00.000,I-75,,,Rear End,2,Clear,Dry,Dark-Lighted
2021-07-17T16:56:00.000,I-75,,,Not a Collision with Motor Vehicle,1,Clear,Dry,Daylight
2021-11-19T07:24:00.000,I 285,,,Not a Collision with Motor Vehicle,1,Clear,Dry,Daylight
2021-12-04T15:50:00.000,I 85,,,Sideswipe-Same Direction,2,Clear,Dry,Daylight
2021-10-19T19:20:00.000,I 75,,,Sideswipe-Same Direction,2,Clear,Dry,Dark-Not Lighted
2021-12-10T07:03:00.000,I 75,,,Sideswipe-Same Direction,2,Rain,Wet,Dark-Not Lighted
2021-10-15T16:00:00.000,I 75,,,Sideswipe-Same Direction,2,Clear,Dry,Daylight
2021-07-19T12:08:00.000,I 75,,,Sideswipe-Same Direction,2,Cloudy,Wet,Daylight
2021-11-30T17:54:00.000,I 285,,,Not a Collision with Motor Vehicle,1,Clear,Dry,Dark-Not Lighted
2021-08-17T12:51:00.000,I 75,,,Rear End,2,Rain,Wet,Daylight
2021-11-19T06:30:00.000,I-75,,,Sideswipe-Same Direction,2,Clear,Dry,Dark-Lighted
2021-12-21T11:29:00.000,I 75,,,Angle Crash,2,Cloudy,Wet,Daylight
2021-12-11T12:56:00.000,I 285,,,Sideswipe-Same Direction,2,Clear,Dry,Daylight
2021-08-17T09:07:00.000,I 75,,,Sideswipe-Same Direction,3,Rain,Wet,Daylight
2021-08-02T12:21:00.000,I 75,,,Not a Collision with Motor Vehicle,1,Clear,Dry,Daylight
2021-12-11T06:30:00.000,I-75,,,Rear End,3,Clear,Water (standing or moving),Dark-Lighted
2021-12-10T06:34:00.000,I 75,,,Angle Crash,3,Rain,Wet,Daylight
2021-08-12T22:58:00.000,I 20,,,Not a Collision with Motor Vehicle,1,Rain,Wet,Dark-Lighted
2021-08-14T07:50:00.000,I-75,,,Sideswipe-Same Direction,2,Clear,Dry,Daylight
2021-11-10T17:55:00.000,I 75,,,Rear End,2,Clear,Dry,Dark-Lighted
2021-09-08T04:20:00.000,I 285,,,Not a Collision with Motor Vehicle,1,Rain,Wet,Dark-Not Lighted
2021-08-28T09:14:00.000,I 285,,,Not a Collision with Motor Vehicle,1,Cloudy,Dry,Daylight
2021-11-15T08:29:00.000,I 20,,,Rear End,2,Clear,Dry,Daylight
2021-08-07T22:20:00.000,I 285,,,Sideswipe-Same Direction,2,Clear,Dry,Dark-Not Lighted
2021-10-29T16:03:00.000,I 85,,,Sideswipe-Same Direction,2,Cloudy,Wet,Daylight
2021-07-05T10:10:00.000,I 285,,,Sideswipe-Same Direction,2,Clear,Dry,Daylight
2021-11-01T14:24:00.000,I 16,,,(None),2,(None),(None),(None)
2021-12-07T08:27:00.000,I 285,,,Not a Collision with Motor Vehicle,1,Cloudy,Dry,Daylight
2021-12-14T14:18:00.000,I 75,,,Rear End,2,Clear,Dry,Daylight
2021-07-02T06:50:00.000,I 85,,,Rear End,2,Rain,Wet,Daylight
2021-11-11T16:31:00.000,I 95,,,Rear End,2,Clear,Dry,Daylight
2021-08-04T21:50:00.000,I 285,,,Angle Crash,2,Cloudy,Dry,Dark-Not Lighted
2021-12-08T07:01:00.000,I 75,,,Not a Collision with Motor Vehicle,1,Rain,Water (standing or moving),Dark-Lighted
2021-11-24T09:00:00.000,I 285,,,Not a Collision with Motor Vehicle,2,Clear,Dry,Daylight
2021-08-17T06:22:00.000,I 20,,,Rear End,2,Rain,Wet,Dark-Not Lighted
2021-08-29T18:35:00.000,I 95,,,Angle Crash,2,Clear,Dry,Daylight
2021-07-13T05:35:00.000,I 75,,,Rear End,2,Cloudy,Wet,Dark-Not Lighted
2021-12-11T20:25:00.000,I 75,,,Not a Collision with Motor Vehicle,1,Rain,Wet,Dark-Not Lighted
2021-12-19T01:30:00.000,I-75,,,Rear End,4,Rain,Wet,Dark-Not Lighted
2021-09-17T22:15:00.000,I-75,,,Rear End,2,Clear,Dry,Dawn
2021-11-17T14:30:00.000,I 85,,,Rear End,3,Clear,Dry,Daylight
2021-09-18T22:30:00.000,I 85,,,Sideswipe-Same Direction,2,Rain,Wet,Dark-Not Lighted
2021-12-16T14:26:00.000,I 16,,,Sideswipe-Same Direction,2,Rain,Wet,Daylight
2021-08-06T11:19:00.000,I 75,,,Not a Collision with Motor Vehicle,1,Cloudy,Dry,Daylight
2021-07-17T05:55:00.000,I 20,,,Head On,2,Clear,Dry,Dawn
2021-12-02T08:15:00.000,I 75,,,Sideswipe-Same Direction,2,Clear,Dry,Daylight
2021-08-31T23:13:00.000,I-75,,,Not a Collision with Motor Vehicle,1,Rain,Water (standing or moving),Dark-Lighted
2021-09-11T16:41:00.000,I 75,,,Angle Crash,2,Clear,Dry,Daylight
2021-07-25T18:50:00.000,I 85,,,Sideswipe-Same Direction,2,Clear,Dry,Daylight
2021-11-16T16:44:00.000,I 75,,,Angle Crash,2,Clear,Dry,Daylight
2021-07-29T00:00:00.000,I 285,,,Angle Crash,2,Clear,Dry,Daylight
2021-12-28T15:30:00.000,I 75,,,Rear End,2,Clear,Dry,Daylight
2021-10-15T17:30:00.000,I 20,,,Angle Crash,3,Clear,Dry,Dark-Lighted
2021-12-08T08:10:00.000,I 75,,,Rear End,3,Clear,Dry,Daylight
2021-11-16T08:38:00.000,I 75,,,Sideswipe-Same Direction,2,Clear,Dry,Daylight
2021-10-22T19:32:00.000,I 75,,,Sideswipe-Same Direction,2,Clear,Dry,Dusk
2021-09-20T19:21:00.000,I 75,,,Rear End,2,Rain,Wet,Daylight
2021-10-14T14:51:00.000,I 75,,,Rear End,2,Clear,Dry,Daylight
2021-12-10T06:35:00.000,I 75,,,Rear End,2,Rain,Wet,Dark-Lighted
2021-11-10T07:00:00.000,I 75,,,Not a Collision with Motor Vehicle,1,Clear,Dry,Daylight
2021-12-08T09:15:00.000,I 75,,,Not a Collision with Motor Vehicle,1,Rain,Wet,Daylight
2021-11-13T19:05:00.000,I 75,,,Sideswipe-Same Direction,2,Clear,Dry,Dark-Not Lighted
2021-10-06T08:54:00.000,I 285,,,Sideswipe-Same Direction,2,Cloudy,Dry,Daylight
2021-07-14T17:20:00.000,I 16,,,Angle Crash,2,Rain,Wet,Daylight
2021-08-03T16:03:00.000,I 20,,,Sideswipe-Same Direction,2,Clear,Dry,Daylight
2021-08-17T23:10:00.000,I 75,,,Rear End,2,Clear,Dry,Dark-Lighted
2021-10-30T09:45:00.000,I 285,,,Not a Collision with Motor Vehicle,1,Rain,Wet,Daylight
2021-12-25T09:30:00.000,I 285,,,Sideswipe-Same Direction,2,Cloudy,Dry,Daylight
2021-08-17T04:40:00.000,I 285,,,Not a Collision with Motor Vehicle,1,Rain,Water (standing or moving),Dark-Not Lighted
2021-08-25T15:49:00.000,I 85,,,Rear End,2,Clear,Dry,Daylight
2021-08-01T13:23:00.000,I 85,,,Rear End,3,Cloudy,Dry,Daylight
2021-12-08T14:50:00.000,I 285,,,Rear End,2,Cloudy,Dry,Daylight
2021-08-29T05:30:00.000,I 85,,,Not a Collision with Motor Vehicle,1,Clear,Dry,Dark-Not Lighted
2021-09-28T07:04:00.000,I 75,,,Sideswipe-Same Direction,3,Clear,Dry,Daylight
2021-12-17T13:00:00.000,I 20,,,Sideswipe-Same Direction,2,Clear,Dry,Daylight
2021-07-17T11:23:00.000,I-75,,,Sideswipe-Same Direction,7,Clear,Dry,Dark-Lighted
2021-11-04T08:35:00.000,I 285,,,Rear End,2,Rain,Wet,Dawn
2021-11-30T18:18:00.000,I 75,,,Sideswipe-Same Direction,2,Clear,Dry,Dark-Not Lighted
2021-07-19T10:05:00.000,I 285,,,Sideswipe-Same Direction,2,Clear,Dry,Daylight
2021-10-05T20:48:00.000,Sr 141,,,Rear End,3,Rain,Wet,Dark-Lighted
2021-11-15T09:31:00.000,I-75,,,Not a Collision with Motor Vehicle,1,Cloudy,Dry,Daylight
2021-12-02T17:03:00.000,I 75,,,Rear End,2,Cloudy,Dry,Daylight
2021-12-12T14:15:00.000,I 285,,,Rear End,2,Clear,Dry,Daylight
2021-11-22T13:20:00.000,I 16,,,Sideswipe-Same Direction,2,Clear,Dry,Daylight
2021-09-09T06:28:00.000,I 75,,,Sideswipe-Same Direction,2,Clear,Dry,Dark-Not Lighted
2021-09-10T07:00:00.000,I 85,,,Sideswipe-Same Direction,2,Clear,Dry,Daylight
2021-10-08T06:28:00.000,I 20,,,Not a Collision with Motor Vehicle,1,Rain,Wet,Dark-Lighted
2021-08-12T09:51:00.000,I 20,,,Sideswipe-Same Direction,2,Clear,Dry,Daylight
2021-10-06T17:34:00.000,I 285,,,Rear End,2,Cloudy,Wet,Daylight
2021-10-11T15:49:00.000,I 285,,,Sideswipe-Same Direction,2,Clear,Dry,Daylight
2021-11-19T15:08:00.000,I 75,,,Sideswipe-Same Direction,2,Clear,Dry,Daylight
2021-11-15T13:31:00.000,I 20,,,Not a Collision with Motor Vehicle,2,Clear,Dry,Daylight
2021-12-18T23:00:00.000,I-75,,,Rear End,2,Rain,Wet,Dark-Not Lighted
2021-10-04T08:49:00.000,I 85,,,Angle Crash,4,Rain,Wet,Daylight
2021-11-14T14:33:00.000,I 85,,,Sideswipe-Same Direction,2,Clear,Dry,Daylight
2021-09-15T19:55:00.000,I 75,,,Not a Collision with Motor Vehicle,1,Rain,Wet,Dark-Not Lighted
2021-07-22T22:10:00.000,I 75,,,Sideswipe-Same Direction,2,Clear,Dry,Dark-Lighted
2021-12-14T06:14:00.000,I 16,,,Sideswipe-Same Direction,2,Clear,Dry,Dark-Not Lighted
2021-10-28T18:26:00.000,I 20,,,Rear End,3,Clear,Wet,Dark-Lighted
2021-12-17T21:00:00.000,I-75,,,Sideswipe-Same Direction,2,Cloudy,Dry,Dark-Lighted
2021-07-31T16:35:00.000,I 16,,,Not a Collision with Motor Vehicle,1,Rain,Wet,Daylight
2021-07-24T13:18:00.000,I 95,,,Rear End,2,Clear,Dry,Daylight
2021-07-28T14:30:00.000,I 285,,,Rear End,2,Clear,Dry,Daylight
2021-09-29T08:23:00.000,I 75,,,Rear End,2,Clear,Dry,Daylight
2021-11-19T16:48:00.000,I 285,,,Rear End,2,Clear,Dry,Daylight
2021-08-25T16:45:00.000,I 285,,,Angle Crash,2,Cloudy,Dry,Daylight
2021-09-22T08:30:00.000,I 16,,,Sideswipe-Same Direction,2,Cloudy,Dry,Daylight
2021-11-21T00:30:00.000,I-75,,,Not a Collision with Motor Vehicle,1,Clear,Dry,Dark-Lighted
2021-11-23T19:30:00.000,I 20,,,Sideswipe-Same Direction,2,Clear,Dry,Dark-Not Lighted
2021-08-28T21:38:00.000,I 75,,,Rear End,2,Clear,Dry,Dark-Not Lighted
2021-09-02T20:24:00.000,I 20,,,Not a Collision with Motor Vehicle,1,Clear,Dry,Daylight
2021-12-10T12:50:00.000,I 20,,,Sideswipe-Same Direction,2,Cloudy,Wet,Daylight
2021-08-27T16:45:00.000,I 16,,,Not a Collision with Motor Vehicle,1,Clear,Wet,Daylight
2021-09-12T06:27:00.000,I 16,,,Not a Collision with Motor Vehicle,1,Clear,Dry,Daylight
2021-10-31T18:56:00.000,I 85,,,Rear End,2,Cloudy,Dry,Daylight
2021-10-19T12:00:00.000,I 16,,,Sideswipe-Same Direction,1,Clear,Dry,Daylight
2021-08-30T20:12:00.000,I 85,,,Angle Crash,2,Clear,Wet,Dark-Not Lighted
2021-09-07T14:34:00.000,Sr 141,,,(None),1,(None),(None),(None)
2021-11-28T11:05:00.000,I 75,,,Rear End,2,Cloudy,Dry,Daylight
2021-08-13T19:43:00.000,I 20,,,Sideswipe-Same Direction,2,Clear,Dry,Daylight
2021-10-28T18:45:00.000,I 85,,,Angle Crash,2,Rain,Wet,Dark-Not Lighted
2021-11-07T20:00:00.000,I-75,,,Rear End,2,Clear,Dry,Dark-Lighted
2021-08-25T12:30:00.000,I 16,,,Rear End,2,Cloudy,Dry,Daylight
2021-10-23T20:10:00.000,I-75,,,Rear End,4,Clear,Dry,Daylight
2021-07-08T12:40:00.000,I 20,,,Rear End,2,Clear,Dry,Daylight
2021-07-20T13:44:00.000,I 75,,,Rear End,2,Rain,Wet,Daylight
2021-12-21T18:50:00.000,I 20,,,Sideswipe-Same Direction,2,Rain,Wet,Dark-Not Lighted
2021-12-11T00:05:00.000,I 285,,,Not a Collision with Motor Vehicle,1,Fog,Wet,Dark-Not Lighted
2021-10-27T00:00:00.000,I 285,,,Rear End,2,Clear,Dry,Dark-Not Lighted
2021-07-06T17:25:00.000,I 285,,,Rear End,3,Clear,Dry,Daylight
2021-09-14T18:30:00.000,I 85,,,Sideswipe-Same Direction,2,Clear,Dry,Dusk
2021-11-07T20:30:00.000,I-75,,,Rear End,2,Clear,Dry,Dark-Lighted
2021-12-19T00:15:00.000,I-75,,,Not a Collision with Motor Vehicle,1,Rain,Water (standing or moving),Dark-Lighted
2021-08-31T11:30:00.000,I-75,,,Not a Collision with Motor Vehicle,1,Rain,Wet,Daylight
2021-08-31T17:40:00.000,I 75,,,Not a Collision with Motor Vehicle,1,Rain,Wet,Daylight
2021-10-29T12:25:00.000,I 20,,,Sideswipe-Same Direction,2,Cloudy,Wet,Daylight
2021-11-03T19:02:00.000,I-75,,,Sideswipe-Same Direction,2,Cloudy,Water (standing or moving),Dark-Lighted
2021-10-22T12:50:00.000,I 285,,,Rear End,2,Clear,Dry,Daylight
2021-08-03T11:45:00.000,I 85,,,Not a Collision with Motor Vehicle,1,Clear,Dry,Daylight
2021-08-17T17:30:00.000,I 85,,,Angle Crash,2,Cloudy,Wet,Daylight
2021-11-22T00:28:00.000,I-75,,,Sideswipe-Same Direction,2,Rain,Water (standing or moving),Dark-Lighted
2021-10-05T18:35:00.000,I 75,,,Rear End,2,Cloudy,Dry,Dawn
2021-09-10T15:10:00.000,I-75,,,Rear End,3,Clear,Dry,Daylight
2021-09-26T18:43:00.000,I 85,,,Rear End,2,Clear,Dry,Daylight
2021-09-22T16:10:00.000,I 285,,,Sideswipe-Same Direction,2,Clear,Dry,Daylight
2021-11-03T20:15:00.000,I 75,,,Rear End,2,Clear,Dry,Dark-Not Lighted
2021-08-24T13:35:00.000,I 285,,,Sideswipe-Same Direction,2,Clear,Dry,Daylight
2021-09-24T17:10:00.000,I 75,,,Rear End,3,Clear,Dry,Daylight
2021-07-07T17:49:00.000,I 75,,,Rear End,2,Clear,Dry,Daylight
2021-12-06T05:12:00.000,I 75,,,Sideswipe-Same Direction,2,Clear,Dry,Dark-Not Lighted
2021-07-14T14:30:00.000,I 85,,,Sideswipe-Same Direction,2,Clear,Dry,Daylight
2021-07-16T06:09:00.000,I 75,,,Not a Collision with Motor Vehicle,1,Clear,Dry,Daylight
2021-08-27T00:00:00.000,I-75,,,Sideswipe-Same Direction,2,Clear,Dry,Dark-Lighted
2021-07-19T16:15:00.000,I 285,,,Rear End,2,Cloudy,Dry,Daylight
2021-08-19T05:28:00.000,I 75,,,Rear End,3,Clear,Dry,Dark-Not Lighted
2021-11-30T12:15:00.000,I 285,,,Sideswipe-Same Direction,2,Clear,Dry,Daylight
2021-11-04T06:43:00.000,I 285,,,Sideswipe-Same Direction,3,Rain,Wet,Dawn
2021-08-17T03:15:00.000,I 85,,,Angle Crash,2,Rain,Wet,Dark-Not Lighted
2021-11-27T14:30:00.000,I 20,,,Head On,1,Clear,Dry,Daylight
2021-12-17T21:45:00.000,I-75,,,Angle Crash,2,Clear,Dry,Dark-Not Lighted
2021-11-20T16:40:00.000,I-75,,,Rear End,2,Clear,Dry,Dawn
2021-09-09T16:12:00.000,I 285,,,Rear End,3,Clear,Dry,Daylight
2021-07-12T00:00:00.000,I 75,,,Not a Collision with Motor Vehicle,1,Rain,Wet,Dark-Not Lighted
2021-08-17T07:33:00.000,I 20,,,Angle Crash,2,Rain,Wet,Daylight
2021-07-29T14:42:00.000,I-75,,,Angle Crash,2,Cloudy,Dry,Daylight
2021-10-09T12:15:00.000,I 75,,,Rear End,2,Clear,Dry,Daylight
2021-10-23T08:06:00.000,I-75,,,Not a Collision with Motor Vehicle,1,Clear,Dry,Dawn
2021-07-12T22:40:00.000,I 285,,,Sideswipe-Same Direction,2,Rain,Wet,Dark-Lighted
2021-11-17T08:45:00.000,I-75,,,Sideswipe-Same Direction,2,Clear,Dry,Daylight
2021-11-17T19:24:00.000,I-75,,,Rear End,2,Clear,Dry,Dark-Lighted
2021-07-31T12:29:00.000,I 75,,,Rear End,2,Clear,Dry,Daylight
2021-11-08T13:32:00.000,I 285,,,Not a Collision with Motor Vehicle,3,Clear,Dry,Daylight
2021-12-01T19:19:00.000,I-75,,,Rear End,3,Clear,Dry,Dark-Lighted
2021-12-06T17:00:00.000,I 20,,,Rear End,2,Rain,Wet,Daylight
2021-10-15T18:10:00.000,I 20,,,Rear End,3,Clear,Dry,Daylight
2021-12-30T09:42:00.000,I 75,,,Sideswipe-Same Direction,2,Cloudy,Dry,Daylight
2021-11-13T20:20:00.000,I-75,,,Angle Crash,2,Clear,Dry,Dark-Lighted
2021-11-07T04:27:00.000,I-75,,,Rear End,3,Clear,Dry,Dark-Lighted
2021-12-14T15:37:00.000,I 75,,,Sideswipe-Same Direction,2,Cloudy,Dry,Daylight
2021-12-01T19:30:00.000,I 285,,,Rear End,2,Cloudy,Dry,Dark-Lighted
2021-08-12T00:00:00.000,I 285,,,Sideswipe-Same Direction,2,Cloudy,Wet,Dark-Not Lighted
2021-10-15T23:25:00.000,I 75,,,Rear End,2,Clear,Dry,Dark-Not Lighted
2021-12-08T07:30:00.000,I 285,,,Rear End,2,Rain,Wet,Daylight
2021-11-07T13:25:00.000,I-75,,,Sideswipe-Same Direction,5,Clear,Dry,Daylight
2021-10-08T16:49:00.000,I 75,,,Rear End,2,Clear,Dry,Daylight
2021-10-05T17:41:00.000,I 285,,,Rear End,2,Cloudy,Dry,Dusk
2021-11-17T02:12:00.000,I-75,,,Rear End,2,Clear,Dry,Dark-Lighted
2021-08-19T14:51:00.000,I 75,,,Rear End,2,Rain,Wet,Daylight
2021-10-10T13:18:00.000,I 285,,,Rear End,3,Clear,Dry,Daylight
2021-11-23T14:01:00.000,I 75,,,Rear End,2,Clear,Dry,Daylight
2021-12-28T17:30:00.000,I 75,,,Angle Crash,2,Cloudy,Dry,Daylight
2021-12-19T17:25:00.000,I 75,,,Rear End,2,Cloudy,Dry,Daylight
2021-07-16T13:13:00.000,I 75,,,Sideswipe-Same Direction,2,Cloudy,Dry,Daylight
2021-07-03T11:40:00.000,I 75,,,Rear End,2,Clear,Dry,Daylight
2021-08-11T09:15:00.000,I 285,,,Rear End,2,Clear,Dry,Daylight
2021-11-19T13:13:00.000,I 75,,,Not a Collision with Motor Vehicle,1,Clear,Dry,Daylight
2021-07-26T22:06:00.000,I 85,,,Rear End,2,Cloudy,Dry,Dark-Lighted
2021-11-06T10:50:00.000,I-75,,,Rear End,2,Clear,Dry,Daylight
2021-07-27T16:39:00.000,I 95,,,Rear End,3,Clear,Dry,Daylight
2021-12-08T09:50:00.000,I-75,,,Rear End,2,Clear,Wet,Daylight
2021-11-15T18:21:00.000,I 75,,,Rear End,2,Clear,Dry,Dark-Lighted
2021-08-17T10:02:00.000,I 20,,,Rear End,3,Rain,Wet,Daylight
2021-10-29T18:10:00.000,I 20,,,Not a Collision with Motor Vehicle,1,Cloudy,Wet,Dusk
2021-09-28T07:52:00.000,I 75,,,Sideswipe-Same Direction,2,Clear,Dry,Daylight
2021-11-05T10:00:00.000,I 285,,,Rear End,2,Clear,Dry,Daylight
2021-09-22T09:15:00.000,I 85,,,Rear End,3,Cloudy,Dry,Daylight
2021-10-04T21:10:00.000,I 85,,,Sideswipe-Same Direction,2,Rain,Wet,Daylight
2021-10-22T11:10:00.000,I 75,,,Rear End,3,Clear,Dry,Daylight
2021-10-11T06:08:00.000,I 75,,,Sideswipe-Same Direction,3,Clear,Dry,Dark-Not Lighted
2021-07-03T20:34:00.000,I 16,,,Angle Crash,2,Cloudy,Dry,Dark-Not Lighted
2021-08-19T12:21:00.000,I 75,,,Not a Collision with Motor Vehicle,1,Cloudy,Dry,Daylight
2021-07-22T12:40:00.000,I 20,,,Rear End,2,Clear,Dry,Daylight
2021-12-18T23:20:00.000,I 285,,,Angle Crash,3,Rain,Wet,Dark-Lighted
2021-07-22T10:37:00.000,I 85,,,Sideswipe-Same Direction,2,Clear,Dry,Daylight
2021-12-09T07:00:00.000,I 85,,,Sideswipe-Same Direction,2,Clear,Dry,Daylight
2021-09-13T17:30:00.000,I 75,,,Sideswipe-Same Direction,2,Clear,Dry,Daylight
2021-08-06T05:50:00.000,I 20,,,Angle Crash,2,Fog,Dry,Dark-Not Lighted
2021-10-11T15:25:00.000,I 75,,,Rear End,2,Clear,Dry,Daylight
2021-12-18T07:29:00.000,I 285,,,Not a Collision with Motor Vehicle,1,Cloudy,Dry,Dark-Lighted
2021-09-25T10:58:00.000,I 75,,,Rear End,2,Clear,Dry,Daylight
2021-07-07T10:27:00.000,Sr 141,,,Rear End,2,Cloudy,Dry,Daylight
2021-09-20T12:55:00.000,I 16,,,Not a Collision with Motor Vehicle,1,Rain,Water (standing or moving),Daylight
2021-11-11T01:00:00.000,I-75,,,Not a Collision with Motor Vehicle,1,Clear,Dry,Dark-Lighted
2021-09-02T12:50:00.000,I 75,,,Rear End,2,Clear,Dry,Daylight
2021-08-15T15:05:00.000,I 16,,,Not a Collision with Motor Vehicle,1,Cloudy,Dry,Daylight
2021-09-21T15:17:00.000,I 285,,,Rear End,2,Clear,Dry,Daylight
2021-07-21T17:59:00.000,I 75,,,Sideswipe-Same Direction,2,Cloudy,Dry,Daylight
2021-10-19T07:20:00.000,I 20,,,Rear End,2,Clear,Dry,Dark-Not Lighted
2021-10-15T08:25:00.000,I 285,,,Rear End,4,Clear,Dry,Daylight
2021-08-24T16:40:00.000,I 85,,,Rear End,2,Clear,Dry,Daylight
2021-08-04T12:10:00.000,I 75,,,Sideswipe-Same Direction,2,Clear,Dry,Daylight
2021-11-12T14:10:00.000,I 75,,,Rear End,3,Clear,Dry,Daylight
2021-10-23T15:00:00.000,I 285,,,Rear End,2,Clear,Dry,Daylight
2021-12-18T11:30:00.000,I 75,,,Rear End,2,Clear,Dry,Daylight
2021-11-12T07:30:00.000,I 20,,,Rear End,2,Clear,Dry,Daylight
2021-12-30T05:42:00.000,I 85,,,Sideswipe-Same Direction,3,Rain,Wet,Dark-Not Lighted
2021-09-11T12:18:00.000,I 16,,,(None),1,(None),(None),(None)
2021-11-14T13:10:00.000,I-75,,,Rear End,2,Clear,Dry,Daylight
2021-09-23T01:04:00.000,I 75,,,Rear End,2,Cloudy,Dry,Dark-Not Lighted
2021-07-31T02:00:00.000,I 285,,,Angle Crash,2,Clear,Dry,Dark-Not Lighted
2021-12-29T19:07:00.000,I 20,,,Angle Crash,2,Cloudy,Wet,Dark-Lighted
2021-09-26T16:11:00.000,I 85,,,Sideswipe-Same Direction,2,Clear,Dry,Daylight
2021-09-22T08:55:00.000,I 285,,,Rear End,2,Clear,Dry,Daylight
2021-09-03T14:38:00.000,I 20,,,Rear End,2,Clear,Dry,Daylight
2021-08-25T09:52:00.000,I 285,,,Rear End,2,Clear,Dry,Daylight
2021-07-04T22:40:00.000,I 75,,,Not a Collision with Motor Vehicle,1,Clear,Dry,Dark-Not Lighted
2021-09-15T11:20:00.000,I 20,,,Rear End,2,Clear,Dry,Daylight
2021-09-09T17:55:00.000,I-75,,,Rear End,4,Clear,Dry,Daylight
2021-07-07T16:40:00.000,I 75,,,Angle Crash,2,Cloudy,Dry,Daylight
2021-12-14T06:30:00.000,I-75,,,Rear End,2,Clear,Dry,Dark-Lighted
2021-07-31T20:00:00.000,I-75,,,Sideswipe-Same Direction,2,Clear,Dry,Daylight
2021-07-02T20:49:00.000,I 20,,,Rear End,2,Clear,Dry,Daylight
2021-11-06T23:32:00.000,I-75,,,Rear End,4,Clear,Dry,Dark-Lighted
2021-08-26T09:14:00.000,I 75,,,Rear End,2,Clear,Dry,Daylight
2021-12-17T19:20:00.000,I 285,,,Rear End,4,Clear,Dry,Dark-Not Lighted
2021-11-20T06:15:00.000,I-75,,,Rear End,2,Clear,Dry,Dark-Not Lighted
2021-12-01T09:20:00.000,I-75,,,Angle Crash,2,Clear,Dry,Daylight
2021-11-04T10:25:00.000,I 75,,,Sideswipe-Same Direction,2,Rain,Wet,Daylight
2021-07-19T14:39:00.000,I 75,,,Rear End,2,Cloudy,Dry,Daylight
2021-12-26T19:28:00.000,I 285,,,Sideswipe-Same Direction,2,Cloudy,Dry,Dark-Lighted