Date and Time,Roadway (From Crash Report),Intersection Name (from Crash Report),KABCO Severity,Manner of Collision (Crash Level) ,# of Vehicles per crash ,Weather Conditions (Crash Level),Surface Condition (Crash Level) ,Light Conditions (Crash Level)
2021-12-08T13:50:00.000,I 75,,,Sideswipe-Same Direction,2,Cloudy,Wet,Daylight
2021-11-14T12:59:00.000,I-75,,,Sideswipe-Same Direction,2,Clear,Dry,Daylight
2021-11-23T15:40:00.000,I 285,,,Rear End,2,Clear,Dry,Daylight
2021-10-05T08:56:00.000,I 85,,,Rear End,2,Rain,Wet,Daylight
2021-12-11T17:00:00.000,I-75,,,Rear End,2,Rain,Wet,Dark-Lighted
2021-09-13T16:11:00.000,I 285,,,Angle Crash,2,Clear,Dry,Daylight
2021-12-20T20:15:00.000,I 285,,,Sideswipe-Same Direction,2,Cloudy,Dry,Dark-Not Lighted
2021-11-03T17:35:00.000,I-75,,,Rear End,2,Rain,Wet,Daylight
2021-10-29T23:25:00.000,I 285,,,Not a Collision with Motor Vehicle,1,Rain,Wet,Dark-Not Lighted
2021-10-26T21:37:00.000,I-75,,,Rear End,2,Clear,Dry,Dark-Not Lighted
2021-10-07T06:56:00.000,I 85,,,Not a Collision with Motor Vehicle,1,Rain,Wet,Dawn
2021-11-12T05:41:00.000,I 85,,,Sideswipe-Same Direction,2,Clear,Dry,Dark-Not Lighted
2021-11-20T10:43:00.000,I 285,,,Rear End,2,Clear,Dry,Daylight
2021-08-11T22:35:00.000,I 285,,,Sideswipe-Same Direction,2,Clear,Dry,Dark-Not Lighted
2021-11-24T03:01:00.000,I 20,,,Angle Crash,2,Clear,Dry,Dark-Lighted
2021-10-17T22:40:00.000,I 85,,,Not a Collision with Motor Vehicle,1,Clear,Dry,Dark-Lighted
2021-07-09T17:00:00.000,I 85,,,Sideswipe-Same Direction,2,Rain,Wet,Daylight
2021-09-15T10:39:00.000,I-75,,,Rear End,2,Cloudy,Dry,Daylight
2021-09-04T12:05:00.000,I 85,,,Sideswipe-Same Direction,2,Clear,Dry,Daylight
2021-08-10T03:50:00.000,I-75,,,Not a Collision with Motor Vehicle,1,Clear,Dry,Dark-Lighted
2021-07-30T22:14:00.000,I 16,,,Rear End,2,Clear,Dry,Dark-Not Lighted
2021-12-22T11:15:00.000,I 75,,,Rear End,2,Clear,Dry,Daylight
2021-11-03T21:20:00.000,I-75,,,Angle Crash,2,Rain,Wet,Dark-Lighted
2021-11-02T00:00:00.000,I 285,,,Sideswipe-Same Direction,2,Clear,Dry,Daylight
2021-08-14T10:48:00.000,I 16,,,Rear End,2,Cloudy,Dry,Daylight
2021-12-11T19:43:00.000,I 85,,,Not a Collision with Motor Vehicle,1,Cloudy,Wet,Dark-Not Lighted
2021-12-07T17:37:00.000,I 75,,,Rear End,2,Cloudy,Dry,Dark-Not Lighted
2021-08-13T13:49:00.000,I 20,,,Sideswipe-Same Direction,3,Clear,Dry,Daylight
2021-12-13T14:00:00.000,I 16,,,Not a Collision with Motor Vehicle,1,Clear,Dry,Daylight
2021-10-01T18:00:00.000,I 285,,,Sideswipe-Same Direction,2,Clear,Dry,Daylight
2021-11-04T11:50:00.000,I 20,,,Sideswipe-Same Direction,2,Cloudy,Wet,Daylight
2021-12-17T18:43:00.000,I 85,,,Sideswipe-Same Direction,2,Clear,Dry,Dark-Lighted
2021-11-16T18:29:00.000,I 285,,,Sideswipe-Same Direction,2,Clear,Dry,Dark-Not Lighted
2021-09-01T12:44:00.000,I 285,,,Rear End,2,Clear,Dry,Daylight
2021-07-19T13:38:00.000,I 20,,,Sideswipe-Same Direction,2,Cloudy,Dry,Daylight
2021-08-20T15:20:00.000,I 16,,,Rear End,2,Cloudy,Dry,Daylight
2021-07-24T12:00:00.000,I-75,,,Rear End,2,Clear,Dry,Daylight
2021-11-14T14:15:00.000,I-75,,,Sideswipe-Same Direction,2,Clear,Dry,Daylight
2021-08-21T15:11:00.000,I 75,,,Sideswipe-Same Direction,2,Clear,Dry,Daylight
2021-07-23T16:11:00.000,I 285,,,Sideswipe-Same Direction,2,Clear,Dry,Daylight
2021-10-17T13:30:00.000,I 285,,,Rear End,2,Clear,Dry,Daylight
2021-07-19T15:25:00.000,I 285,,,Rear End,2,Cloudy,Dry,Daylight
2021-10-31T11:37:00.000,I 85,,,Rear End,2,Cloudy,Dry,Daylight
2021-12-12T00:35:00.000,I 75,,,Rear End,2,Clear,Water (standing or moving),Dark-Lighted
2021-12-08T23:30:00.000,I 85,,,Angle Crash,2,Clear,Dry,Dark-Not Lighted
2021-09-01T21:15:00.000,I 285,,,Head On,2,Clear,Dry,Dark-Not Lighted
2021-12-15T00:28:00.000,I 20,,,Not a Collision with Motor Vehicle,1,Clear,Dry,Dark-Lighted
2021-08-04T17:15:00.000,I-75,,,Angle Crash,2,Clear,Dry,Daylight
2021-12-16T16:40:00.000,I 285,,,Rear End,2,Clear,Dry,Daylight
2021-11-19T17:04:00.000,I 75,,,Rear End,3,Clear,Dry,Daylight
2021-09-06T09:55:00.000,I 95,,,Not a Collision with Motor Vehicle,1,Clear,Dry,Daylight
2021-08-27T16:01:00.000,I 20,,,Sideswipe-Same Direction,2,Clear,Dry,Daylight
2021-10-31T01:30:00.000,I-75,,,Sideswipe-Same Direction,2,Clear,Dry,Dark-Lighted
2021-09-03T19:00:00.000,I 285,,,Sideswipe-Same Direction,2,Clear,Dry,Daylight
2021-09-12T01:30:00.000,I 285,,,Angle Crash,2,Clear,Dry,Daylight
2021-07-31T21:07:00.000,I 20,,,Rear End,2,Cloudy,Dry,Dark-Not Lighted
2021-09-25T20:10:00.000,I 85,,,Sideswipe-Same Direction,2,Clear,Dry,Dark-Lighted
2021-12-10T20:20:00.000,I 75,,,Rear End,2,Fog,Wet,Dark-Not Lighted
2021-08-14T14:50:00.000,I 20,,,Rear End,3,Clear,Dry,Daylight
2021-10-20T17:30:00.000,I-75,,,Rear End,2,Clear,Dry,Daylight
2021-07-12T13:46:00.000,I 20,,,Rear End,2,Clear,Wet,Daylight
2021-10-11T13:38:00.000,I 285,,,Sideswipe-Same Direction,2,Clear,Dry,Daylight
2021-12-18T15:58:00.000,I 75,,,Rear End,2,Cloudy,Wet,Daylight
2021-11-15T09:39:00.000,I-75,,,Sideswipe-Same Direction,2,Cloudy,Dry,Daylight
2021-07-19T16:44:00.000,I 285,,,Sideswipe-Same Direction,2,Cloudy,Dry,Daylight
2021-11-02T07:00:00.000,I 85,,,Sideswipe-Same Direction,2,Clear,Dry,Dark-Not Lighted
2021-10-28T08:40:00.000,I 75,,,Sideswipe-Same Direction,2,Rain,Wet,Daylight
2021-11-20T00:23:00.000,I-75,,,Not a Collision with Motor Vehicle,1,Clear,Dry,Dark-Lighted
2021-11-20T15:15:00.000,I-75,,,Sideswipe-Same Direction,2,Cloudy,Dry,Daylight
2021-09-19T11:04:00.000,I-75,,,Rear End,2,Rain,Water (standing or moving),Daylight
2021-08-12T13:55:00.000,I 85,,,Angle Crash,1,Cloudy,Dry,Daylight
2021-10-07T12:34:00.000,I 20,,,Not a Collision with Motor Vehicle,1,Rain,Wet,Daylight
2021-12-18T13:41:00.000,I 75,,,Sideswipe-Same Direction,2,Cloudy,Wet,Daylight
2021-09-09T08:52:00.000,I 20,,,Sideswipe-Same Direction,2,Clear,Dry,Daylight
2021-11-17T11:36:00.000,I 75,,,Rear End,2,Cloudy,Dry,Daylight
2021-07-07T01:00:00.000,I 285,,,Not a Collision with Motor Vehicle,1,Cloudy,Wet,Dark-Not Lighted
2021-09-04T09:49:00.000,I 85,,,Angle Crash,2,Clear,Dry,Daylight
2021-07-16T15:15:00.000,I 285,,,Rear End,2,Cloudy,Dry,Daylight
2021-12-22T14:04:00.000,I 20,,,Angle Crash,2,Clear,Dry,Daylight
2021-07-14T07:40:00.000,I 85,,,Not a Collision with Motor Vehicle,1,Clear,Dry,Daylight
2021-12-30T11:40:00.000,I 20,,,Not a Collision with Motor Vehicle,1,Rain,Wet,Daylight
2021-09-06T16:08:00.000,I 85,,,Not a Collision with Motor Vehicle,1,Rain,Wet,Daylight
2021-12-13T15:51:00.000,I 285,,,Sideswipe-Same Direction,2,Clear,Dry,Daylight
2021-11-28T14:00:00.000,I 85,,,Rear End,2,Clear,Dry,Daylight
2021-07-13T10:00:00.000,I 285,,,Rear End,2,Cloudy,Dry,Daylight
2021-12-22T11:27:00.000,I 285,,,Rear End,2,Clear,Dry,Daylight
2021-11-17T09:30:00.000,I-75,,,Sideswipe-Same Direction,2,Clear,Dry,Daylight
2021-08-17T09:27:00.000,I 285,,,Not a Collision with Motor Vehicle,1,Rain,Wet,Daylight
2021-11-16T13:15:00.000,I 85,,,Not a Collision with Motor Vehicle,2,Clear,Dry,Daylight
2021-08-03T17:35:00.000,I 85,,,Sideswipe-Same Direction,2,Clear,Wet,Daylight
2021-12-14T00:00:00.000,I 75,,,Not a Collision with Motor Vehicle,1,Clear,Dry,Dark-Lighted
2021-09-10T15:40:00.000,I 285,,,Head On,2,Clear,Dry,Daylight
2021-09-26T19:37:00.000,I 285,,,Sideswipe-Same Direction,2,Clear,Dry,Dark-Lighted
2021-12-10T22:03:00.000,I 85,,,Rear End,3,Fog,Dry,Dark-Lighted
2021-08-17T07:54:00.000,I 20,,,Sideswipe-Same Direction,2,Rain,Wet,Daylight
2021-07-25T13:02:00.000,I 85,,,Rear End,2,Clear,Dry,Daylight
2021-07-29T07:15:00.000,I 75,,,Rear End,2,Clear,Dry,Daylight
2021-12-26T15:57:00.000,I 75,,,Rear End,2,Clear,Dry,Daylight
2021-07-25T04:40:00.000,I 85,,,Not a Collision with Motor Vehicle,1,Clear,Dry,Dark-Lighted
2021-09-30T11:47:00.000,I 285,,,Rear End,2,Cloudy,Dry,Daylight
2021-10-07T16:56:00.000,I 75,,,Sideswipe-Same Direction,2,Clear,Dry,Daylight
2021-11-19T17:11:00.000,I 285,,,Rear End,2,Clear,Dry,Daylight
2021-11-18T18:47:00.000,I 85,,,Rear End,2,Clear,Dry,Dusk
2021-12-17T14:27:00.000,I 20,,,Angle Crash,2,Clear,Dry,Daylight
2021-11-19T21:08:00.000,I-75,,,Angle Crash,3,Clear,Dry,Dark-Lighted
2021-11-03T21:05:00.000,I 85,,,Sideswipe-Same Direction,2,Cloudy,Dry,Dark-Lighted
2021-08-16T00:38:00.000,I 75,,,Not a Collision with Motor Vehicle,1,Severe Thunderstorm or Tornadic,Wet,Dark-Not Lighted
2021-10-21T17:42:00.000,I 20,,,Sideswipe-Same Direction,2,Cloudy,Dry,Daylight
2021-11-20T16:30:00.000,I-75,,,Sideswipe-Same Direction,2,Clear,Dry,Daylight
2021-08-08T01:28:00.000,I-75,,,Rear End,2,Clear,Dry,Dark-Lighted
2021-11-19T14:01:00.000,I 85,,,Rear End,2,Clear,Dry,Daylight
2021-12-10T01:23:00.000,I 285,,,Angle Crash,2,Rain,Wet,Dark-Not Lighted
2021-11-02T01:15:00.000,I 20,,,Not a Collision with Motor Vehicle,1,Clear,Dry,Dark-Not Lighted
2021-07-10T19:53:00.000,I 285,,,Sideswipe-Same Direction,2,Rain,Dry,Daylight
2021-10-21T04:15:00.000,I 20,,,Not a Collision with Motor Vehicle,2,Clear,Dry,Dark-Not Lighted
2021-11-04T18:24:00.000,I 85,,,Sideswipe-Same Direction,2,Cloudy,Dry,Dusk
2021-09-04T01:49:00.000,I 85,,,Sideswipe-Same Direction,3,Clear,Dry,Dark-Lighted
2021-11-21T15:25:00.000,I-75,,,Rear End,2,Clear,Dry,Daylight
2021-07-25T13:45:00.000,I 85,,,Angle Crash,2,Clear,Dry,Daylight
2021-07-14T02:25:00.000,I 285,,,Angle Crash,2,Clear,Dry,Dark-Lighted
2021-09-09T09:20:00.000,I 85,,,Rear End,2,Cloudy,Dry,Daylight
2021-09-10T19:51:00.000,I 75,,,Rear End,2,Clear,Dry,Daylight
2021-07-05T07:16:00.000,I 75,,,Rear End,2,Clear,Dry,Daylight
2021-12-11T20:42:00.000,I-75,,,Sideswipe-Same Direction,3,Rain,Wet,Dark-Lighted
2021-11-13T23:34:00.000,I 75,,,Not a Collision with Motor Vehicle,1,Clear,Dry,Dark-Not Lighted
2021-08-30T00:00:00.000,I 75,,,Not a Collision with Motor Vehicle,1,Cloudy,Dry,Daylight
2021-08-28T15:10:00.000,I 85,,,Sideswipe-Same Direction,2,Cloudy,Dry,Daylight
2021-07-22T13:10:00.000,I 285,,,Rear End,2,Cloudy,Dry,Daylight
2021-08-06T14:05:00.000,I 20,,,Sideswipe-Same Direction,2,Cloudy,Dry,Daylight
2021-12-17T14:24:00.000,I 20,,,Sideswipe-Same Direction,2,Cloudy,Dry,Daylight
2021-08-24T12:00:00.000,I 285,,,Sideswipe-Same Direction,2,Clear,Dry,Daylight
2021-07-11T19:30:00.000,I 285,,,Not a Collision with Motor Vehicle,1,Clear,Dry,Daylight
2021-07-08T07:05:00.000,I 75,,,Sideswipe-Same Direction,2,Clear,Dry,Daylight
2021-12-22T12:20:00.000,I 285,,,Rear End,2,Clear,Dry,Daylight
2021-11-09T19:06:00.000,I 285,,,Sideswipe-Same Direction,2,Clear,Dry,Dark-Not Lighted
2021-08-13T02:54:00.000,I 20,,,Rear End,2,Clear,Dry,Dark-Lighted
2021-12-06T18:31:00.000,I 16,,,Rear End,3,Clear,Dry,Dark-Not Lighted
2021-11-15T09:26:00.000,I 285,,,Sideswipe-Same Direction,2,Clear,Dry,Daylight
2021-11-12T11:50:00.000,I 75,,,Sideswipe-Same Direction,2,Clear,Dry,Daylight
2021-09-02T05:50:00.000,I 75,,,Not a Collision with Motor Vehicle,1,Cloudy,Dry,Dark-Not Lighted
2021-09-08T20:55:00.000,I 75,,,Rear End,2,Clear,Dry,Dark-Lighted
2021-11-25T21:30:00.000,I-75,,,Angle Crash,3,Rain,Wet,Dark-Lighted
2021-12-08T20:43:00.000,I-75,,,Rear End,2,Clear,Dry,Dark-Lighted
2021-12-07T13:10:00.000,I 285,,,Not a Collision with Motor Vehicle,2,Cloudy,Dry,Daylight
2021-12-08T10:18:00.000,I 75,,,Rear End,2,Cloudy,Wet,Daylight
2021-09-04T18:00:00.000,I 85,,,Not a Collision with Motor Vehicle,1,Clear,Dry,Daylight
2021-11-19T14:42:00.000,I 75,,,Rear End,2,Clear,Dry,Daylight
2021-11-06T22:35:00.000,I 85,,,Rear End,2,Clear,Dry,Dark-Lighted
2021-09-03T17:55:00.000,I 75,,,Rear End,2,Clear,Dry,Daylight
2021-08-15T02:34:00.000,I 285,,,Not a Collision with Motor Vehicle,1,Clear,Dry,Dark-Not Lighted
2021-11-27T06:19:00.000,I 85,,,Sideswipe-Same Direction,2,Clear,Dry,Dawn
2021-10-13T10:08:00.000,I 285,,,Rear End,2,Clear,Dry,Daylight
2021-10-17T17:15:00.000,I 75,,,Sideswipe-Same Direction,2,Clear,Dry,Daylight
2021-11-18T15:48:00.000,I 95,,,Not a Collision with Motor Vehicle,1,Clear,Dry,Daylight
2021-10-31T06:23:00.000,I 85,,,Not a Collision with Motor Vehicle,2,Cloudy,Dry,Dark-Not Lighted
2021-09-21T00:15:00.000,I 285,,,Sideswipe-Same Direction,2,Rain,Wet,Dark-Not Lighted
2021-09-21T17:50:00.000,I 75,,,Rear End,4,Clear,Dry,Daylight
2021-11-11T20:30:00.000,I 85,,,Sideswipe-Same Direction,2,Rain,Wet,Dark-Not Lighted
2021-12-09T14:59:00.000,I 75,,,Rear End,2,Cloudy,Dry,Daylight
2021-08-19T13:06:00.000,I 75,,,Rear End,2,Cloudy,Dry,Daylight
2021-08-17T16:10:00.000,I 85,,,Sideswipe-Same Direction,2,Rain,Wet,Daylight
2021-08-31T12:50:00.000,I 285,,,Sideswipe-Same Direction,2,Rain,Wet,Daylight
2021-10-04T12:35:00.000,I 75,,,Rear End,2,Cloudy,Wet,Daylight
2021-12-26T14:52:00.000,I 75,,,Not a Collision with Motor Vehicle,1,Cloudy,Dry,Daylight
2021-11-24T16:00:00.000,I 75,,,Not a Collision with Motor Vehicle,2,Clear,Dry,Daylight
2021-12-28T21:00:00.000,I 285,,,Sideswipe-Same Direction,2,Clear,Dry,Dark-Lighted
2021-10-13T18:00:00.000,I 75,,,Sideswipe-Same Direction,2,Clear,Dry,Daylight
2021-09-30T09:12:00.000,Sr 141,,,(None),2,(None),(None),(None)
2021-07-05T08:46:00.000,I 285,,,Sideswipe-Same Direction,2,Clear,Dry,Daylight
2021-08-03T20:54:00.000,I 85,,,Angle Crash,2,Cloudy,Wet,Daylight
2021-11-10T05:55:00.000,I 16,,,Not a Collision with Motor Vehicle,1,Clear,Dry,Dark-Not Lighted
2021-08-24T21:30:00.000,I-75,,,Rear End,2,Clear,Dry,Dark-Lighted
2021-08-31T19:00:00.000,I 20,,,Sideswipe-Same Direction,2,Cloudy,Wet,Dark-Lighted
2021-08-07T18:21:00.000,I 75,,,Not a Collision with Motor Vehicle,1,Clear,Dry,Daylight
2021-08-04T12:30:00.000,I 20,,,Angle Crash,2,Clear,Dry,Daylight
2021-11-14T17:16:00.000,I 85,,,Rear End,3,Clear,Dry,Dusk
2021-10-22T18:30:00.000,I 75,,,Rear End,2,Cloudy,Dry,Daylight
2021-11-20T21:00:00.000,I-75,,,Rear End,2,Clear,Dry,Dark-Lighted
2021-07-07T23:30:00.000,I 20,,,Sideswipe-Same Direction,2,Clear,Dry,Dark-Not Lighted
2021-12-08T09:16:00.000,I 85,,,Rear End,2,Rain,Wet,Daylight
2021-09-12T08:37:00.000,I 16,,,Not a Collision with Motor Vehicle,1,Clear,Dry,Daylight
2022-12-21T15:41:00.000,I 75,,,Not a Collision with Motor Vehicle,2,Cloudy,Wet,Daylight
2022-12-06T11:44:00.000,I 75,,,Not a Collision with Motor Vehicle,1,Cloudy,Wet,Daylight
2022-10-21T07:49:00.000,I 75,,,Sideswipe-Same Direction,3,Clear,Dry,Daylight
2022-07-27T14:00:00.000,I 20,,,Rear End,2,Clear,Dry,Daylight
2022-07-20T23:26:00.000,I-75,,,Rear End,2,Cloudy,Dry,Dark-Lighted
2022-06-11T05:04:00.000,I 75,,,Not a Collision with Motor Vehicle,1,Clear,Dry,Dark-Lighted
2022-06-10T00:52:00.000,I 85,,,(None),2,(None),(None),(None)
2022-06-06T16:19:00.000,I 16,,,Not a Collision with Motor Vehicle,1,Rain,Wet,Daylight
2022-05-14T15:51:00.000,I 85,,,Rear End,2,Clear,Dry,Daylight
2022-04-17T12:04:00.000,I 285,,,Not a Collision with Motor Vehicle,1,Clear,Dry,Daylight
2022-04-08T23:00:00.000,I-75,,,Rear End,2,Clear,Dry,Dark-Lighted
2022-04-01T23:30:00.000,I-75,,,Rear End,2,Clear,Dry,Dark-Lighted
2022-02-18T15:26:00.000,I 75,,,Rear End,2,Clear,Dry,Daylight
2022-12-31T15:30:00.000,I-75,,,Rear End,2,Clear,Dry,Daylight
2022-12-08T02:13:00.000,I 285,,,Not a Collision with Motor Vehicle,1,Fog,Wet,Dark-Not Lighted
2022-12-05T11:18:00.000,I 20,,,Not a Collision with Motor Vehicle,1,Rain,Wet,Daylight
2022-12-05T22:00:00.000,I-75,,,Not a Collision with Motor Vehicle,1,Rain,Water (standing or moving),Dark-Not Lighted
2022-11-24T02:03:00.000,I 285,,,Angle Crash,2,Clear,Dry,Dark-Not Lighted
2022-11-14T18:23:00.000,I 85,,,Rear End,2,Clear,Dry,Dark-Not Lighted
2022-10-12T16:01:00.000,I 75,,,Sideswipe-Same Direction,2,Rain,Wet,Daylight
2022-10-23T01:00:00.000,I-75,,,Sideswipe-Same Direction,3,Clear,Dry,Dark-Lighted
2022-10-18T12:43:00.000,I 285,,,Sideswipe-Same Direction,2,Clear,Dry,Daylight
2022-10-08T20:59:00.000,I 285,,,Sideswipe-Same Direction,2,Clear,Dry,Dark-Not Lighted
2022-08-22T09:30:00.000,I 285,,,Rear End,3,Clear,Dry,Daylight
2022-08-21T13:28:00.000,I 16,,,Not a Collision with Motor Vehicle,1,Rain,Wet,Daylight
2022-08-17T09:09:00.000,I 85,,,Sideswipe-Same Direction,2,Rain,Wet,Daylight
2022-08-15T17:05:00.000,I 285,,,Rear End,2,Clear,Dry,Daylight
2022-07-10T12:39:00.000,I 20,,,Sideswipe-Same Direction,2,Cloudy,Wet,Dark-Lighted
2022-07-08T00:00:00.000,I 285,,,Head On,2,Clear,Dry,Dark-Not Lighted
2022-05-30T12:53:00.000,I 285,,,Sideswipe-Same Direction,2,Cloudy,Dry,Daylight
2022-04-12T17:40:00.000,I 85,,,Sideswipe-Same Direction,2,Clear,Dry,Daylight
2022-04-13T13:30:00.000,I 75,,,Not a Collision with Motor Vehicle,2,Clear,Dry,Daylight
2022-03-04T08:20:00.000,I 85,,,Not a Collision with Motor Vehicle,1,Clear,Dry,Daylight
2022-02-23T12:03:00.000,I 20,,,Rear End,2,Clear,Wet,Daylight
2022-02-04T16:50:00.000,I 20,,,Rear End,2,Clear,Dry,Daylight
2022-01-27T16:52:00.000,I 285,,,Rear End,2,Clear,Dry,Daylight
2022-01-18T13:44:00.000,I 285,,,Rear End,2,Clear,Dry,Daylight
2022-01-19T14:30:00.000,I-75,,,Rear End,4,Clear,Dry,Daylight
2022-11-29T22:50:00.000,I 285,,,Not a Collision with Motor Vehicle,1,Rain,Water (standing or moving),Dark-Not Lighted
2022-11-24T00:11:00.000,I 75,,,Not a Collision with Motor Vehicle,1,Clear,Dry,Dark-Not Lighted
2022-11-11T14:17:00.000,I 85,,,Rear End,3,Cloudy,Wet,Daylight
2022-10-20T10:58:00.000,I 285,,,Sideswipe-Same Direction,2,Clear,Dry,Daylight
2022-10-01T01:40:00.000,I-75,,,Sideswipe-Same Direction,2,Clear,Dry,Dark-Lighted
2022-09-10T00:25:00.000,I 75,,,Angle Crash,2,Rain,Wet,Dark-Not Lighted
2022-08-19T23:03:00.000,I 20,,,Angle Crash,2,Clear,Dry,Daylight
2022-07-20T04:27:00.000,I 95,,,Sideswipe-Same Direction,2,Clear,Dry,Dark-Not Lighted
2022-07-09T12:12:00.000,I 20,,,Not a Collision with Motor Vehicle,1,Rain,Wet,Dark-Lighted
2022-06-14T15:38:00.000,I 20,,,Sideswipe-Same Direction,2,Clear,Dry,Daylight
2022-06-29T11:38:00.000,I-75,,,Rear End,2,Cloudy,Dry,Daylight
2022-06-21T00:00:00.000,I 16,,,Rear End,2,Clear,Dry,Daylight
2022-06-06T17:15:00.000,I 285,,,Rear End,2,Clear,Dry,Daylight
2022-05-26T16:22:00.000,I 85,,,Angle Crash,2,Rain,Wet,Daylight
2022-05-15T12:20:00.000,I-75,,,Rear End,2,Cloudy,Dry,Daylight
2022-03-05T17:20:00.000,I 285,,,Sideswipe-Same Direction,2,Cloudy,Dry,Daylight
2022-02-17T23:37:00.000,I 85,,,Not a Collision with Motor Vehicle,1,Rain,Wet,Dark-Not Lighted
2022-02-03T14:47:00.000,I 75,,,Rear End,2,Cloudy,Wet,Daylight
2022-10-01T15:45:00.000,I-75,,,Rear End,3,Clear,Dry,Daylight
2022-08-07T12:35:00.000,I 85,,,Sideswipe-Same Direction,2,Clear,Dry,Daylight
2022-06-19T12:55:00.000,I-75,,,Sideswipe-Same Direction,2,Clear,Dry,Daylight
2022-05-16T09:50:00.000,I 75,,,Not a Collision with Motor Vehicle,1,Clear,Dry,Daylight
2022-05-01T19:48:00.000,I-75,,,Sideswipe-Same Direction,3,Clear,Dry,Daylight
2022-04-22T12:56:00.000,I 285,,,Rear End,2,Clear,Dry,Daylight
2022-04-19T15:40:00.000,I 285,,,Sideswipe-Same Direction,2,Clear,Dry,Daylight
2022-03-25T23:10:00.000,I-75,,,Angle Crash,2,Clear,Dry,Dark-Lighted
2022-11-22T12:32:00.000,I 85,,,Angle Crash,3,Cloudy,Dry,Daylight
2022-11-27T04:13:00.000,I 75,,,Sideswipe-Same Direction,2,Rain,Wet,Dark-Not Lighted
2022-11-25T19:31:00.000,I 20,,,Not a Collision with Motor Vehicle,1,Cloudy,Dry,Dark-Lighted
2022-11-12T20:05:00.000,I 285,,,Rear End,2,Cloudy,Dry,Dark-Not Lighted
2022-11-21T13:00:00.000,I 285,,,Rear End,2,Clear,Dry,Dusk
2022-11-04T21:00:00.000,I-75,,,Rear End,2,Clear,Dry,Dark-Lighted
2022-10-22T20:03:00.000,I-75,,,Angle Crash,2,Clear,Dry,Dark-Lighted
2022-10-17T07:18:00.000,I 75,,,Rear End,2,Clear,Dry,Daylight
2022-10-10T12:40:00.000,I 285,,,Sideswipe-Same Direction,2,Clear,Dry,Daylight
2022-08-25T09:30:00.000,I 85,,,Rear End,2,Rain,Wet,Daylight
2022-07-20T20:14:00.000,I 20,,,Rear End,2,Clear,Dry,Daylight
2022-06-27T15:50:00.000,I 285,,,Angle Crash,2,Rain,Wet,Daylight
2022-05-25T07:42:00.000,I 75,,,Rear End,3,Cloudy,Wet,Daylight
2022-05-10T17:01:00.000,I 285,,,Angle Crash,2,Clear,Dry,Daylight
2022-05-10T21:42:00.000,I-75,,,Sideswipe-Same Direction,2,Clear,Dry,Dark-Lighted
2022-03-01T07:30:00.000,I 285,,,Sideswipe-Same Direction,2,Clear,Dry,Daylight
2022-02-10T23:00:00.000,I 75,,,Rear End,2,Clear,Dry,Dark-Not Lighted
2022-01-27T06:39:00.000,I 20,,,Rear End,2,Clear,Dry,Daylight
2022-12-16T12:18:00.000,I 285,,,Rear End,4,Clear,Dry,Daylight
2022-12-12T17:02:00.000,I 16,,,Rear End,2,Cloudy,Dry,Daylight
2022-10-02T04:30:00.000,I 75,,,Rear End,2,Clear,Dry,Dark-Not Lighted
2022-10-28T04:19:00.000,I 20,,,Not a Collision with Motor Vehicle,2,Clear,Dry,Dark-Lighted
2022-10-05T09:27:00.000,I 285,,,Angle Crash,2,Clear,Dry,Daylight
2022-09-26T07:46:00.000,I 75,,,Rear End,2,Clear,Dry,Daylight
2022-08-15T16:24:00.000,I 16,,,Rear End,3,Clear,Dry,Daylight
2022-08-09T21:47:00.000,I 75,,,Not a Collision with Motor Vehicle,1,Rain,Wet,Dark-Not Lighted
2022-07-04T21:10:00.000,I 20,,,Not a Collision with Motor Vehicle,1,Clear,Wet,Dark-Not Lighted
2022-07-02T18:47:00.000,I 75,,,Rear End,2,Clear,Dry,Daylight
2022-06-29T12:40:00.000,I-75,,,Sideswipe-Same Direction,2,Clear,Dry,Daylight
2022-06-23T09:25:00.000,I 75,,,Rear End,2,Clear,Dry,Daylight
2022-05-24T14:00:00.000,I 285,,,Not a Collision with Motor Vehicle,1,Cloudy,Dry,Daylight
2022-05-21T14:43:00.000,I 285,,,Angle Crash,2,Clear,Dry,Daylight
2022-05-07T21:05:00.000,I-75,,,Not a Collision with Motor Vehicle,1,Clear,Dry,Dark-Lighted
2022-04-16T15:48:00.000,I 75,,,Sideswipe-Same Direction,2,Clear,Dry,Daylight
2022-03-05T08:50:00.000,I 285,,,Sideswipe-Same Direction,2,Clear,Dry,Daylight
2022-03-03T08:55:00.000,I 75,,,Angle Crash,2,Clear,Dry,Daylight
2022-02-08T15:34:00.000,I 85,,,Rear End,2,Clear,Dry,Daylight
2022-01-29T14:40:00.000,I 75,,,Rear End,3,Clear,Dry,Daylight
2022-02-01T15:10:00.000,I 85,,,Rear End,2,Clear,Dry,Daylight
2022-12-25T02:00:00.000,I 95,,,Not a Collision with Motor Vehicle,1,Clear,Dry,Dark-Not Lighted
2022-12-08T02:16:00.000,I 20,,,Angle Crash,2,Clear,Wet,Dark-Lighted
2022-12-06T09:47:00.000,I 75,,,Not a Collision with Motor Vehicle,1,Rain,Wet,Daylight
2022-08-07T02:17:00.000,I 85,,,Sideswipe-Same Direction,2,Cloudy,Wet,Dark-Not Lighted
2022-07-04T02:37:00.000,I 285,,,Angle Crash,3,Clear,Dry,Dark-Not Lighted
2022-06-14T20:40:00.000,I-75,,,Rear End,3,Clear,Dry,Dark-Not Lighted
2022-03-31T05:45:00.000,I-75,,,Not a Collision with Motor Vehicle,2,Rain,Water (standing or moving),Dark-Lighted