Date and Time,Roadway (From Crash Report),Intersection Name (from Crash Report),KABCO Severity,Manner of Collision (Crash Level) ,# of Vehicles per crash ,Weather Conditions (Crash Level),Surface Condition (Crash Level) ,Light Conditions (Crash Level)
2022-03-10T19:29:00.000,Sr 141,,,Sideswipe-Opposite Direction,2,Clear,Dry,Dark-Lighted
2022-02-18T14:02:00.000,I 20,,,Rear End,1,Clear,Dry,Daylight
2022-02-14T16:43:00.000,I 16,,,Sideswipe-Same Direction,2,Clear,Dry,Daylight
2022-01-31T17:35:00.000,I 75,,,Rear End,3,Clear,Dry,Dusk
2022-12-20T04:30:00.000,I-75,,,Sideswipe-Same Direction,2,Clear,Dry,Dark-Lighted
2022-12-07T15:35:00.000,I-75,,,Rear End,2,Cloudy,Dry,Daylight
2022-11-22T17:47:00.000,I 85,,,Not a Collision with Motor Vehicle,1,Clear,Dry,Dark-Not Lighted
2022-10-22T21:27:00.000,I 75,,,Not a Collision with Motor Vehicle,1,Clear,Dry,Dark-Not Lighted
2022-10-10T08:40:00.000,I 75,,,Rear End,2,Clear,Dry,Dawn
2022-09-18T18:00:00.000,I-75,,,Rear End,2,Clear,Dry,Daylight
2022-09-04T14:50:00.000,I 16,,,Rear End,2,Rain,Wet,Daylight
2022-08-24T18:03:00.000,I-75,,,Rear End,2,Clear,Dry,Daylight
2022-08-09T17:25:00.000,I 85,,,Angle Crash,2,Clear,Dry,Daylight
2022-07-04T15:58:00.000,I 20,,,Angle Crash,2,Clear,Dry,Daylight
2022-07-06T12:45:00.000,I-75,,,Rear End,2,Clear,Dry,Daylight
2022-06-11T19:38:00.000,I 285,,,Sideswipe-Same Direction,2,Clear,Dry,Dusk
2022-06-10T12:40:00.000,I 85,,,Rear End,3,Clear,Dry,Daylight
2022-05-03T11:10:00.000,I 285,,,Not a Collision with Motor Vehicle,2,Clear,Dry,Daylight
2022-04-19T08:24:00.000,I 85,,,Rear End,2,Clear,Dry,Daylight
2022-02-27T07:26:00.000,I-75,,,Rear End,2,Rain,Water (standing or moving),Daylight
2022-02-22T07:30:00.000,I 285,,,Sideswipe-Same Direction,3,Cloudy,Dry,Daylight
2022-12-15T21:58:00.000,I-75,,,Rear End,5,Clear,Dry,Dark-Lighted
2022-11-27T18:35:00.000,I 285,,,Sideswipe-Opposite Direction,2,Clear,Dry,Dark-Not Lighted
2022-11-08T20:17:00.000,I 20,,,Angle Crash,2,Clear,Dry,Dark-Not Lighted
2022-11-08T09:50:00.000,I 75,,,Rear End,2,Clear,Dry,Daylight
2022-10-30T09:54:00.000,I-75,,,Not a Collision with Motor Vehicle,1,Cloudy,Wet,Daylight
2022-10-20T07:52:00.000,I 16,,,Not a Collision with Motor Vehicle,1,Clear,Dry,Daylight
2022-10-21T11:14:00.000,I 75,,,Rear End,2,Clear,Dry,Daylight
2022-10-08T12:13:00.000,I-75,,,Rear End,2,Clear,Dry,Daylight
2022-09-30T02:00:00.000,I-75,,,Rear End,2,Clear,Dry,Dark-Lighted
2022-07-05T19:10:00.000,I 20,,,Sideswipe-Same Direction,2,Cloudy,Dry,Daylight
2022-06-24T00:00:00.000,I 285,,,Rear End,2,Clear,Dry,Daylight
2022-06-14T12:40:00.000,I 285,,,Rear End,2,Clear,Dry,Daylight
2022-05-07T16:05:00.000,I 75,,,Sideswipe-Same Direction,2,Clear,Dry,Daylight
2022-03-25T17:40:00.000,I 20,,,(None),1,(None),(None),(None)
2022-03-23T07:51:00.000,I-75,,,Sideswipe-Same Direction,2,Rain,Water (standing or moving),Daylight
2022-03-12T02:11:00.000,I 85,,,Not a Collision with Motor Vehicle,1,Rain,Water (standing or moving),Dark-Lighted
2022-02-25T18:22:00.000,I 285,,,Sideswipe-Same Direction,2,Clear,Dry,Daylight
2022-01-02T13:40:00.000,I 75,,,Rear End,4,Rain,Wet,Daylight
2022-12-17T17:11:00.000,I-75,,,Sideswipe-Same Direction,2,Clear,Dry,Daylight
2022-12-13T06:45:00.000,I 285,,,Sideswipe-Same Direction,2,Clear,Dry,Dark-Lighted
2022-11-27T15:25:00.000,I 16,,,Sideswipe-Same Direction,1,Clear,Dry,Daylight
2022-09-15T23:30:00.000,I-75,,,Rear End,3,Clear,Dry,Dark-Not Lighted
2022-09-22T19:33:00.000,I 85,,,Sideswipe-Same Direction,2,Clear,Dry,Daylight
2022-09-25T02:57:00.000,I 85,,,Rear End,2,Clear,Dry,Dark-Lighted
2022-09-02T10:00:00.000,I 85,,,Rear End,2,Clear,Dry,Daylight
2022-08-12T20:56:00.000,I 85,,,Sideswipe-Same Direction,2,Clear,Dry,Dark-Not Lighted
2022-05-17T21:20:00.000,I 75,,,Not a Collision with Motor Vehicle,1,Clear,Dry,Dark-Not Lighted
2022-05-21T00:50:00.000,I 285,,,Angle Crash,2,Clear,Dry,Dark-Lighted
2022-04-05T11:11:00.000,I 75,,,Angle Crash,1,Rain,Wet,Daylight
2022-04-11T01:24:00.000,I 85,,,Angle Crash,2,Clear,Dry,Dark-Lighted
2022-04-05T19:50:00.000,I 20,,,Sideswipe-Same Direction,2,Cloudy,Other,Dawn
2022-03-27T20:22:00.000,I-75,,,Rear End,2,Clear,Dry,Dark-Lighted
2022-02-22T08:12:00.000,I 85,,,Rear End,3,Cloudy,Wet,Daylight
2022-01-10T07:50:00.000,I 75,,,Rear End,2,Clear,Dry,Daylight
2022-10-29T09:20:00.000,I 95,,,Sideswipe-Same Direction,2,Clear,Dry,Daylight
2022-11-02T17:26:00.000,I-75,,,Sideswipe-Same Direction,2,Clear,Dry,Daylight
2022-10-27T00:00:00.000,I 75,,,Sideswipe-Same Direction,3,Clear,Dry,Daylight
2022-09-14T18:04:00.000,I-75,,,Rear End,2,Clear,Dry,Daylight
2022-09-11T22:50:00.000,I-75,,,Sideswipe-Same Direction,2,Cloudy,Dry,Dark-Lighted
2022-07-15T14:45:00.000,I 85,,,Rear End,2,Clear,Dry,Daylight
2022-07-04T18:24:00.000,I 75,,,Angle Crash,3,Clear,Dry,Daylight
2022-06-28T07:40:00.000,I 75,,,Not a Collision with Motor Vehicle,1,Cloudy,Dry,Daylight
2022-05-08T21:42:00.000,I 285,,,Sideswipe-Same Direction,2,Clear,Dry,Dark-Lighted
2022-01-19T17:45:00.000,I 75,,,Rear End,2,Clear,Dry,Dark-Lighted
2022-01-30T15:43:00.000,I 285,,,Not a Collision with Motor Vehicle,1,Clear,Dry,Daylight
2022-12-11T15:00:00.000,I-75,,,Not a Collision with Motor Vehicle,1,Rain,Water (standing or moving),Dark-Lighted
2022-12-11T16:10:00.000,I 75,,,Head On,2,Cloudy,Wet,Daylight
2022-11-27T12:10:00.000,I 95,,,Angle Crash,2,Cloudy,Dry,Daylight
2022-09-28T08:08:00.000,I-75,,,Sideswipe-Same Direction,2,Clear,Dry,Daylight
2022-07-27T17:01:00.000,I 285,,,Sideswipe-Same Direction,2,Clear,Dry,Daylight
2022-06-16T15:00:00.000,I 285,,,Sideswipe-Same Direction,2,Cloudy,Dry,Daylight
2022-06-05T19:32:00.000,I 75,,,Not a Collision with Motor Vehicle,1,Clear,Dry,Daylight
2022-06-10T08:39:00.000,I 20,,,Rear End,2,Clear,Dry,Daylight
2022-04-09T17:10:00.000,I 75,,,Rear End,3,Clear,Dry,Daylight
2022-03-19T08:34:00.000,I 75,,,Not a Collision with Motor Vehicle,1,Cloudy,Dry,Daylight
2022-02-26T22:30:00.000,I-75,,,Rear End,2,Clear,Dry,Dark-Lighted
2022-01-28T12:27:00.000,I 75,,,Rear End,2,Cloudy,Dry,Daylight
2022-11-11T16:34:00.000,I 85,,,Angle Crash,2,Cloudy,Dry,Daylight
2022-10-29T02:30:00.000,I 75,,,Not a Collision with Motor Vehicle,1,Clear,Dry,Dark-Lighted
2022-09-16T17:20:00.000,I 75,,,Rear End,4,Clear,Dry,Daylight
2022-08-03T23:00:00.000,I-75,,,Not a Collision with Motor Vehicle,1,Clear,Dry,Dark-Lighted
2022-07-19T13:05:00.000,I 75,,,Rear End,2,Cloudy,Dry,Daylight
2022-07-09T17:25:00.000,I 16,,,Rear End,2,Rain,Water (standing or moving),Daylight
2022-07-01T16:15:00.000,I 20,,,Not a Collision with Motor Vehicle,1,Cloudy,Wet,Daylight
2022-03-11T23:06:00.000,I 75,,,Angle Crash,2,Rain,Wet,Dark-Not Lighted
2022-02-24T06:50:00.000,I 285,,,Not a Collision with Motor Vehicle,1,Clear,Dry,Dawn
2022-02-24T07:54:00.000,I 285,,,Rear End,2,Clear,Dry,Daylight
2022-02-03T22:00:00.000,I-75,,,Angle Crash,2,Cloudy,Water (standing or moving),Dark-Lighted
2022-01-25T08:10:00.000,I 75,,,Rear End,2,Cloudy,Dry,Daylight
2022-10-26T23:00:00.000,I 75,,,Sideswipe-Same Direction,2,Clear,Dry,Dark-Lighted
2022-10-25T17:34:00.000,I 85,,,Rear End,2,Clear,Dry,Daylight
2022-09-14T01:04:00.000,I 95,,,Not a Collision with Motor Vehicle,1,Cloudy,Dry,Dark-Not Lighted
2022-07-29T18:50:00.000,I 20,,,Rear End,2,Clear,Dry,Daylight
2022-07-15T16:20:00.000,I 75,,,Sideswipe-Same Direction,2,Cloudy,Dry,Daylight
2022-07-09T14:19:00.000,I 75,,,Rear End,2,Cloudy,Dry,Daylight
2022-06-25T07:35:00.000,I 75,,,Sideswipe-Same Direction,2,Cloudy,Dry,Daylight
2022-03-10T06:35:00.000,I 285,,,Rear End,2,Clear,Dry,Daylight
2022-02-27T16:26:00.000,I 75,,,Rear End,2,Rain,Wet,Daylight
2022-01-06T20:40:00.000,I 85,,,Not a Collision with Motor Vehicle,1,Clear,Wet,Dark-Not Lighted
2022-01-02T09:00:00.000,I 20,,,Not a Collision with Motor Vehicle,1,Rain,Wet,Daylight
2022-12-30T14:00:00.000,I-75,,,Sideswipe-Same Direction,2,Clear,Dry,Daylight
2022-12-15T13:54:00.000,I 75,,,Rear End,3,Cloudy,Dry,Daylight
2022-11-20T12:01:00.000,I-75,,,Rear End,2,Clear,Dry,Daylight
2022-10-27T00:00:00.000,Sr 140,,,Rear End,2,Clear,Dry,Daylight
2022-10-13T23:00:00.000,I-75,,,Rear End,2,Clear,Dry,Dark-Lighted
2022-09-30T00:50:00.000,I-75,,,Not a Collision with Motor Vehicle,1,Clear,Dry,Dark-Lighted
2022-09-14T15:37:00.000,I-75,,,Rear End,2,Clear,Dry,Daylight
2022-09-07T16:10:00.000,I 285,,,Sideswipe-Same Direction,2,Clear,Dry,Daylight
2022-08-19T16:15:00.000,I 20,,,Rear End,2,Clear,Dry,Daylight
2022-08-09T07:55:00.000,I 285,,,Sideswipe-Same Direction,2,Clear,Dry,Daylight
2022-08-06T10:50:00.000,I 20,,,Sideswipe-Same Direction,2,Cloudy,Dry,Daylight
2022-08-05T23:35:00.000,I-75,,,Rear End,2,Clear,Dry,Dark-Lighted
2022-08-02T07:55:00.000,I 16,,,Not a Collision with Motor Vehicle,1,Clear,Dry,Daylight
2022-07-30T23:00:00.000,I-75,,,Rear End,2,Rain,Wet,Dark-Lighted
2022-06-20T06:55:00.000,I 285,,,Sideswipe-Same Direction,2,Clear,Dry,Daylight
2022-06-17T12:36:00.000,I-75,,,Not a Collision with Motor Vehicle,1,Clear,Dry,Daylight
2022-04-17T18:00:00.000,I 75,,,Rear End,4,Rain,Wet,Daylight
2022-01-27T00:00:00.000,I 285,,,Head On,6,Clear,Dry,Daylight
2022-12-11T18:30:00.000,I-75,,,Sideswipe-Same Direction,3,Rain,Wet,Dark-Lighted
2022-11-11T20:15:00.000,I 75,,,Sideswipe-Same Direction,2,Clear,Wet,Dark-Lighted
2022-10-22T17:10:00.000,I 285,,,Sideswipe-Same Direction,2,Cloudy,Dry,Daylight
2022-10-12T07:27:00.000,I-75,,,Rear End,2,Rain,Wet,Dark-Lighted
2022-09-24T01:10:00.000,I-75,,,Sideswipe-Same Direction,2,Clear,Dry,Dark-Lighted
2022-08-31T06:26:00.000,I 85,,,Sideswipe-Same Direction,2,Clear,Dry,Daylight
2022-08-19T19:40:00.000,I 75,,,Rear End,3,Cloudy,Wet,Daylight
2022-08-24T15:14:00.000,I 85,,,Not a Collision with Motor Vehicle,1,Rain,Wet,Daylight
2022-05-18T22:31:00.000,I 16,,,Not a Collision with Motor Vehicle,1,Clear,Dry,Dark-Not Lighted
2022-05-22T21:53:00.000,I 16,,,Not a Collision with Motor Vehicle,1,Rain,Wet,Dark-Not Lighted
2022-05-11T19:10:00.000,I-75,,,Rear End,2,Clear,Dry,Dark-Lighted
2022-04-30T20:00:00.000,I-75,,,Sideswipe-Same Direction,2,Clear,Dry,Dark-Lighted
2022-04-10T20:40:00.000,I 285,,,Sideswipe-Same Direction,2,Clear,Dry,Dark-Not Lighted
2022-04-13T05:46:00.000,I 85,,,Sideswipe-Same Direction,2,Clear,Dry,Dark-Lighted
2022-03-24T18:20:00.000,I 75,,,Rear End,2,Clear,Dry,Dusk
2022-03-20T18:34:00.000,I 85,,,Not a Collision with Motor Vehicle,1,Clear,Dry,Daylight
2022-02-21T16:25:00.000,I 20,,,Sideswipe-Same Direction,2,Rain,Wet,Daylight
2022-02-22T10:12:00.000,I 285,,,Sideswipe-Same Direction,2,Cloudy,Dry,Daylight
2022-02-07T15:20:00.000,I 75,,,Sideswipe-Same Direction,4,Cloudy,Dry,Daylight
2022-01-25T10:39:00.000,I 85,,,Sideswipe-Same Direction,2,Cloudy,Dry,Daylight
2022-01-19T13:50:00.000,I 285,,,Sideswipe-Same Direction,3,Clear,Dry,Daylight
2022-12-10T18:32:00.000,I 75,,,Angle Crash,2,Clear,Dry,Dark-Lighted
2022-11-11T15:38:00.000,I 75,,,Sideswipe-Same Direction,2,Cloudy,Wet,Daylight
2022-11-12T09:10:00.000,I 75,,,Sideswipe-Same Direction,2,Clear,Dry,Daylight
2022-10-12T22:53:00.000,I 285,,,Rear End,2,Clear,Dry,Dark-Not Lighted
2022-09-14T16:54:00.000,I 20,,,Rear End,2,Clear,Dry,Daylight
2022-08-15T20:18:00.000,I 75,,,Rear End,2,Cloudy,Wet,Dusk
2022-07-25T10:28:00.000,I 75,,,Angle Crash,4,Cloudy,Dry,Daylight
2022-07-25T15:12:00.000,I 75,,,Sideswipe-Same Direction,2,Cloudy,Dry,Daylight
2022-05-23T00:20:00.000,I 285,,,Not a Collision with Motor Vehicle,1,Rain,Wet,Dark-Not Lighted
2022-04-13T08:00:00.000,I-75,,,Sideswipe-Same Direction,2,Cloudy,Dry,Daylight
2022-01-24T11:22:00.000,I 285,,,Rear End,3,Clear,Dry,Daylight
2022-12-31T19:31:00.000,I-75,,,Rear End,2,Clear,Dry,Dark-Not Lighted
2022-12-14T22:55:00.000,I 85,,,Not a Collision with Motor Vehicle,1,Rain,Wet,Dark-Not Lighted
2022-12-06T20:00:00.000,I 75,,,Rear End,2,Clear,Dry,Dark-Not Lighted
2022-12-06T05:53:00.000,I-75,,,Rear End,2,Rain,Wet,Dawn
2022-11-05T18:10:00.000,I 20,,,Not a Collision with Motor Vehicle,1,Rain,Wet,Dark-Not Lighted
2022-10-21T18:27:00.000,I 75,,,Rear End,2,Clear,Dry,Daylight
2022-10-10T12:26:00.000,I 75,,,Sideswipe-Same Direction,2,Clear,Dry,Daylight
2022-10-05T20:00:00.000,I 285,,,Rear End,2,Clear,Dry,Dark-Not Lighted
2022-10-04T15:50:00.000,I 285,,,Sideswipe-Same Direction,2,Clear,Dry,Daylight
2022-08-13T13:30:00.000,I 285,,,Sideswipe-Same Direction,2,Clear,Dry,Daylight
2022-07-30T04:30:00.000,I-75,,,Not a Collision with Motor Vehicle,3,Rain,Wet,Dark-Not Lighted
2022-07-19T15:52:00.000,I 75,,,Not a Collision with Motor Vehicle,1,Cloudy,Dry,Daylight
2022-07-16T04:27:00.000,I-75,,,Sideswipe-Same Direction,2,Clear,Dry,Daylight
2022-05-02T20:12:00.000,I 75,,,Angle Crash,2,Rain,Wet,Dark-Lighted
2022-04-18T16:40:00.000,I-75,,,Sideswipe-Same Direction,2,Clear,Dry,Dark-Lighted
2022-03-17T08:31:00.000,I 75,,,Rear End,2,Cloudy,Dry,Daylight
2022-03-01T18:10:00.000,I 85,,,Rear End,2,Clear,Dry,Dark-Not Lighted
2022-02-18T21:25:00.000,I 16,,,Not a Collision with Motor Vehicle,1,Clear,Dry,Dark-Not Lighted
2022-01-16T05:45:00.000,I 75,,,Not a Collision with Motor Vehicle,1,Rain,Wet,Dark-Not Lighted
2022-11-20T21:58:00.000,I-75,,,Rear End,2,Clear,Dry,Dark-Lighted
2022-11-07T19:06:00.000,I 285,,,Sideswipe-Same Direction,2,Clear,Dry,Dark-Not Lighted
2022-10-05T08:33:00.000,I-75,,,Sideswipe-Same Direction,2,Clear,Dry,Daylight
2022-09-23T06:45:00.000,I 85,,,Sideswipe-Same Direction,2,Clear,Dry,Daylight
2022-08-16T13:00:00.000,I 75,,,Not a Collision with Motor Vehicle,1,Cloudy,Dry,Daylight
2022-08-18T07:45:00.000,I 95,,,Not a Collision with Motor Vehicle,2,Clear,Dry,Daylight
2022-08-03T18:45:00.000,I 20,,,(None),1,(None),(None),(None)
2022-06-29T21:50:00.000,I 75,,,Sideswipe-Same Direction,2,Cloudy,Dry,Dark-Lighted
2022-06-05T08:00:00.000,I 75,,,Not a Collision with Motor Vehicle,1,Clear,Dry,Daylight
2022-04-22T23:00:00.000,I-75,,,Rear End,2,Clear,Dry,Dark-Lighted
2022-04-16T13:00:00.000,I-75,,,Rear End,2,Cloudy,Wet,Daylight
2022-03-28T04:38:00.000,I 95,,,Not a Collision with Motor Vehicle,1,Clear,Dry,Dark-Not Lighted
2022-03-09T07:59:00.000,I-75,,,Sideswipe-Same Direction,2,Rain,Wet,Daylight
2022-03-05T04:45:00.000,I-75,,,Rear End,3,Cloudy,Dry,Dark-Lighted
2022-03-05T14:38:00.000,I 285,,,Rear End,2,Clear,Dry,Daylight
2022-01-07T18:10:00.000,I 75,,,Rear End,2,Clear,Dry,Daylight
2022-12-27T09:20:00.000,I 85,,,Not a Collision with Motor Vehicle,1,Clear,Dry,Daylight
2022-10-25T10:30:00.000,I 20,,,Sideswipe-Same Direction,2,Rain,Wet,Dark-Lighted
2022-09-21T07:37:00.000,I 75,,,Not a Collision with Motor Vehicle,1,Clear,Dry,Daylight
2022-08-26T03:53:00.000,I 285,,,Not a Collision with Motor Vehicle,1,Rain,Water (standing or moving),Dusk
2022-08-09T21:50:00.000,I-75,,,Rear End,4,Rain,Wet,Dark-Lighted
2022-07-16T22:07:00.000,I-75,,,Sideswipe-Same Direction,2,Clear,Dry,Dark-Not Lighted
2022-06-04T15:10:00.000,I 75,,,Sideswipe-Same Direction,2,Clear,Dry,Daylight
2022-05-16T22:16:00.000,I-75,,,Rear End,2,Clear,Dry,Dark-Not Lighted
2022-03-25T12:05:00.000,I 16,,,Sideswipe-Same Direction,2,Clear,Dry,Daylight
2022-03-21T13:32:00.000,I 75,,,Sideswipe-Same Direction,2,Clear,Dry,Daylight
2022-03-09T12:11:00.000,I 20,,,Sideswipe-Same Direction,2,Cloudy,Wet,Daylight
2022-02-18T20:15:00.000,I 85,,,Angle Crash,2,Clear,Dry,Daylight
2022-02-18T18:00:00.000,I 20,,,Rear End,2,Clear,Dry,Dark-Not Lighted
2022-11-07T18:24:00.000,I 85,,,Rear End,3,Clear,Dry,Dark-Lighted
2022-10-07T20:29:00.000,I 16,,,Not a Collision with Motor Vehicle,1,Clear,Dry,Dark-Not Lighted
2022-09-05T14:21:00.000,I 75,,,Not a Collision with Motor Vehicle,1,Cloudy,Wet,Daylight
2022-08-15T06:12:00.000,I 85,,,Rear End,2,Cloudy,Dry,Dark-Not Lighted
2022-07-09T21:00:00.000,I-75,,,Rear End,2,Clear,Dry,Dark-Not Lighted
2022-07-24T22:30:00.000,I-75,,,Rear End,2,Cloudy,Dry,Dark-Not Lighted
2022-07-17T21:25:00.000,I 75,,,Sideswipe-Same Direction,2,Clear,Dry,Dark-Lighted
2022-06-23T13:52:00.000,I 85,,,Rear End,2,Clear,Dry,Daylight
2022-05-17T16:50:00.000,I 85,,,Sideswipe-Same Direction,2,Clear,Dry,Daylight
2022-02-09T11:10:00.000,I 85,,,Rear End,2,Clear,Dry,Daylight
2022-01-31T17:19:00.000,I 75,,,Sideswipe-Same Direction,3,Clear,Dry,Daylight
2022-01-14T12:51:00.000,I 75,,,Rear End,2,Cloudy,Dry,Daylight
2022-12-15T18:05:00.000,I 20,,,Sideswipe-Same Direction,2,Clear,Dry,Dark-Not Lighted
2022-12-02T05:00:00.000,I 75,,,Sideswipe-Same Direction,2,Clear,Dry,Dark-Lighted
2022-11-27T03:50:00.000,I-75,,,Not a Collision with Motor Vehicle,1,Rain,Water (standing or moving),Dark-Lighted
2022-11-25T09:52:00.000,I 85,,,Sideswipe-Same Direction,2,Rain,Wet,Daylight
2022-10-28T08:55:00.000,I 20,,,Rear End,2,Clear,Dry,Daylight
2022-08-22T14:25:00.000,I 20,,,Not a Collision with Motor Vehicle,1,Rain,Wet,Daylight
2022-08-21T00:50:00.000,I-75,,,Rear End,2,Rain,Water (standing or moving),Dark-Lighted
2022-08-03T18:42:00.000,I-75,,,Rear End,2,Cloudy,Dry,Daylight
2022-06-02T09:15:00.000,I 20,,,Rear End,2,Clear,Dry,Daylight
2022-05-03T23:56:00.000,I 75,,,Angle Crash,3,Cloudy,Dry,Dark-Not Lighted
2022-04-18T11:00:00.000,I-75,,,Rear End,2,Clear,Dry,Daylight
2022-02-21T21:58:00.000,I 75,,,Not a Collision with Motor Vehicle,1,Rain,Water (standing or moving),Dark-Not Lighted
2022-02-03T16:40:00.000,I 285,,,Rear End,2,Rain,Wet,Daylight
2022-02-03T15:07:00.000,I 75,,,Sideswipe-Same Direction,2,Cloudy,Dry,Daylight
2022-02-01T17:20:00.000,I 75,,,Rear End,2,Clear,Dry,Daylight
2022-01-22T19:32:00.000,I 75,,,Not a Collision with Motor Vehicle,1,Cloudy,Dry,Dark-Not Lighted
2022-01-02T15:00:00.000,I-75,,,Not a Collision with Motor Vehicle,1,Rain,Wet,Daylight
2022-12-12T07:22:00.000,I 75,,,Rear End,2,Clear,Dry,Dark-Not Lighted
2022-12-03T06:20:00.000,I 285,,,Rear End,2,Clear,Dry,Dark-Lighted
2022-11-30T05:19:00.000,I-75,,,Rear End,2,Severe Thunderstorm or Tornadic,Water (standing or moving),Dark-Lighted
2022-11-10T18:00:00.000,I 20,,,Rear End,2,Rain,Wet,Dusk
2022-10-27T22:13:00.000,I 85,,,Sideswipe-Same Direction,2,Clear,Dry,Dark-Not Lighted
2022-08-25T09:02:00.000,I 75,,,Angle Crash,2,Rain,Wet,Daylight
2022-08-28T00:43:00.000,I-75,,,Rear End,2,Clear,Dry,Dark-Lighted
2022-08-03T20:24:00.000,I 20,,,Sideswipe-Same Direction,1,Rain,Wet,Dark-Not Lighted
2022-07-30T01:54:00.000,I 85,,,Not a Collision with Motor Vehicle,1,Rain,Wet,Dark-Not Lighted
2022-05-29T15:25:00.000,I 285,,,Sideswipe-Same Direction,2,Clear,Dry,Daylight
2022-12-27T03:00:00.000,I 285,,,Not a Collision with Motor Vehicle,1,Sleet,Wet,Dark-Lighted
2022-12-27T06:19:00.000,I 285,,,Not a Collision with Motor Vehicle,1,Clear,Wet,Dark-Not Lighted
2022-12-04T02:16:00.000,I 20,,,Rear End,2,Clear,Dry,Dark-Lighted
2022-11-12T22:49:00.000,I 285,,,Not a Collision with Motor Vehicle,1,Clear,Dry,Dark-Not Lighted
2022-10-30T15:50:00.000,I-75,,,Rear End,2,Rain,Wet,Daylight
2022-10-23T15:30:00.000,I-75,,,Rear End,2,Clear,Dry,Daylight
2022-10-08T14:20:00.000,I 285,,,Rear End,2,Cloudy,Dry,Daylight
2022-08-23T14:29:00.000,I 20,,,Sideswipe-Same Direction,2,Clear,Dry,Daylight
2022-08-04T17:10:00.000,I 285,,,Sideswipe-Same Direction,2,Clear,Dry,Daylight
2022-06-07T12:33:00.000,I 285,,,Angle Crash,4,Clear,Dry,Dusk
2022-05-25T19:20:00.000,I-75,,,Angle Crash,2,Rain,Dry,Dark-Lighted
2022-05-23T16:48:00.000,I-75,,,Rear End,2,Clear,Dry,Daylight
2022-05-20T23:15:00.000,I-75,,,Rear End,2,Clear,Dry,Dark-Lighted
2022-05-09T22:55:00.000,I 75,,,Rear End,2,Clear,Dry,Dark-Not Lighted
2022-05-09T17:10:00.000,I 285,,,Rear End,3,Clear,Dry,Daylight
2022-05-07T15:30:00.000,I-75,,,Head On,2,Cloudy,Dry,Daylight
2022-04-20T08:45:00.000,I-75,,,Rear End,2,Clear,Dry,Daylight
2022-04-08T11:55:00.000,I 75,,,Sideswipe-Same Direction,2,Cloudy,Dry,Daylight
2022-03-26T22:41:00.000,I 285,,,Rear End,2,Clear,Dry,Dark-Not Lighted
2022-03-13T18:39:00.000,I 75,,,Sideswipe-Same Direction,2,Clear,Dry,Daylight
2022-03-03T21:22:00.000,I 285,,,Rear End,2,Clear,Dry,Dusk
2022-02-18T00:00:00.000,I-75,,,Angle Crash,3,Rain,Water (standing or moving),Dark-Lighted
2022-02-21T23:50:00.000,I 75,,,Not a Collision with Motor Vehicle,1,Rain,Wet,Dark-Not Lighted
2022-02-16T07:52:00.000,I 20,,,Rear End,4,Clear,Dry,Daylight
2022-02-12T18:23:00.000,I-75,,,Rear End,2,Clear,Dry,Dark-Lighted
2022-01-28T16:55:00.000,I 285,,,Angle Crash,2,Clear,Dry,Daylight
2022-11-17T13:01:00.000,I 16,,,Sideswipe-Same Direction,2,Clear,Dry,Daylight
2022-09-30T20:59:00.000,I-75,,,Sideswipe-Same Direction,2,Clear,Dry,Daylight
2022-08-16T07:20:00.000,I 285,,,Sideswipe-Same Direction,2,Clear,Dry,Daylight
2022-08-12T20:39:00.000,I 85,,,Angle Crash,3,Clear,Dry,Dark-Lighted
2022-07-17T14:30:00.000,I-75,,,Rear End,2,Cloudy,Dry,Daylight
2022-07-13T12:45:00.000,I 285,,,Sideswipe-Same Direction,2,Clear,Dry,Daylight
2022-07-07T08:00:00.000,I 85,,,Rear End,2,Clear,Dry,Daylight
2022-05-11T17:00:00.000,I-75,,,Rear End,3,Clear,Dry,Daylight
2022-04-26T08:21:00.000,I 20,,,Rear End,2,Clear,Dry,Daylight
2022-04-24T16:00:00.000,I-75,,,Rear End,3,Clear,Dry,Daylight
2022-04-14T12:32:00.000,I 75,,,Sideswipe-Same Direction,2,Clear,Dry,Daylight
2022-04-12T21:11:00.000,I 285,,,Not a Collision with Motor Vehicle,1,Clear,Dry,Dark-Not Lighted
2022-03-09T01:42:00.000,I 85,,,Sideswipe-Same Direction,2,Cloudy,Wet,Dark-Lighted
2022-02-12T17:17:00.000,I 285,,,Rear End,2,Clear,Dry,Daylight
2022-01-20T15:06:00.000,I 16,,,Not a Collision with Motor Vehicle,1,Rain,Wet,Daylight
2022-01-19T17:17:00.000,I 85,,,Rear End,2,Clear,Dry,Daylight
2022-12-15T01:52:00.000,I 285,,,Rear End,2,Rain,Water (standing or moving),Dark-Lighted
2022-11-10T11:30:00.000,I 95,,,Angle Crash,2,Cloudy,Wet,Daylight
2022-10-26T08:31:00.000,I 85,,,Rear End,3,Clear,Dry,Daylight
2022-09-10T20:11:00.000,I 20,,,Sideswipe-Same Direction,3,Clear,Dry,Dark-Lighted
2022-09-06T11:14:00.000,I 85,,,Rear End,2,Clear,Dry,Daylight
2022-08-21T01:00:00.000,I 285,,,Rear End,2,Rain,Wet,Dark-Lighted
2022-08-13T14:53:00.000,I 285,,,Sideswipe-Same Direction,2,Clear,Dry,Daylight
2022-07-09T10:37:00.000,I 85,,,Not a Collision with Motor Vehicle,1,Rain,Wet,Daylight