Date and Time,Roadway (From Crash Report),Intersection Name (from Crash Report),KABCO Severity,Manner of Collision (Crash Level) ,# of Vehicles per crash ,Weather Conditions (Crash Level),Surface Condition (Crash Level) ,Light Conditions (Crash Level)
2022-03-03T23:33:00.000,I 285,,,Not a Collision with Motor Vehicle,1,Clear,Dry,Dark-Not Lighted
2022-02-03T22:09:00.000,I-75,,,Sideswipe-Same Direction,2,Rain,Wet,Dark-Lighted
2022-01-29T18:30:00.000,I-75,,,Rear End,2,Clear,Dry,Dark-Lighted
2022-01-02T16:13:00.000,I 285,,,Not a Collision with Motor Vehicle,1,Cloudy,Wet,Daylight
2022-09-23T23:22:00.000,I 20,,,Not a Collision with Motor Vehicle,1,Clear,Dry,Dark-Not Lighted
2022-09-24T18:01:00.000,I 285,,,Sideswipe-Same Direction,3,Clear,Dry,Daylight
2022-09-24T20:00:00.000,I-75,,,Rear End,2,Clear,Dry,Dark-Lighted
2022-08-11T07:30:00.000,I 95,,,Rear End,2,Clear,Dry,Daylight
2022-07-03T17:10:00.000,I 20,,,Sideswipe-Same Direction,2,Rain,Wet,Daylight
2022-06-10T06:00:00.000,I 85,,,Sideswipe-Opposite Direction,2,Clear,Dry,Dark-Lighted
2022-05-23T10:15:00.000,I 285,,,Rear End,2,Rain,Wet,Daylight
2022-03-24T21:50:00.000,I 75,,,Rear End,2,Clear,Dry,Dark-Not Lighted
2022-02-09T09:24:00.000,I 16,,,Sideswipe-Same Direction,2,Clear,Dry,Daylight
2022-02-10T03:35:00.000,I-75,,,Sideswipe-Same Direction,3,Clear,Dry,Dark-Lighted
2022-01-13T21:34:00.000,I 16,,,Not a Collision with Motor Vehicle,1,Clear,Dry,Dark-Lighted
2022-11-08T19:36:00.000,I 285,,,Rear End,2,Clear,Dry,Daylight
2022-10-31T08:06:00.000,I 285,,,Rear End,2,Cloudy,Wet,Daylight
2022-10-07T17:23:00.000,I 75,,,Sideswipe-Same Direction,2,Clear,Dry,Daylight
2022-09-28T17:18:00.000,I 20,,,Rear End,2,Clear,Dry,Daylight
2022-09-05T17:40:00.000,I 285,,,Rear End,2,Rain,Wet,Daylight
2022-08-17T22:33:00.000,I 285,,,Not a Collision with Motor Vehicle,1,Clear,Dry,Dark-Not Lighted
2022-07-17T17:55:00.000,I 75,,,Sideswipe-Same Direction,2,Cloudy,Dry,Daylight
2022-07-19T12:54:00.000,I 75,,,Angle Crash,2,Rain,Wet,Daylight
2022-06-20T16:35:00.000,I 75,,,Rear End,2,Clear,Dry,Daylight
2022-05-31T23:14:00.000,I-75,,,Sideswipe-Same Direction,2,Clear,Dry,Dark-Lighted
2022-03-31T11:07:00.000,I 85,,,Rear End,2,Clear,Dry,Daylight
2022-03-24T12:12:00.000,I 285,,,Rear End,2,Clear,Dry,Daylight
2022-03-09T14:48:00.000,I 75,,,Not a Collision with Motor Vehicle,2,Clear,Dry,Daylight
2022-02-17T16:44:00.000,I 75,,,Rear End,2,Cloudy,Dry,Daylight
2022-02-11T10:50:00.000,I 75,,,Rear End,3,Clear,Dry,Daylight
2022-09-08T00:10:00.000,I 75,,,Sideswipe-Same Direction,2,Clear,Dry,Dark-Not Lighted
2022-07-31T14:18:00.000,I 75,,,Rear End,2,Clear,Dry,Daylight
2022-08-05T03:30:00.000,I 20,,,Not a Collision with Motor Vehicle,1,Clear,Dry,Dark-Not Lighted
2022-06-03T09:15:00.000,I 20,,,Sideswipe-Same Direction,2,Clear,Dry,Daylight
2022-05-01T04:00:00.000,I 85,,,Rear End,2,Cloudy,Dry,Dark-Not Lighted
2022-03-17T22:34:00.000,I-75,,,Rear End,3,Clear,Dry,Dark-Lighted
2022-01-09T14:05:00.000,I 75,,,Not a Collision with Motor Vehicle,2,Rain,Wet,Daylight
2022-11-20T19:00:00.000,I-75,,,Rear End,2,Clear,Dry,Dark-Lighted
2022-11-10T20:20:00.000,I-75,,,Not a Collision with Motor Vehicle,1,Rain,Wet,Dark-Lighted
2022-08-24T15:25:00.000,I-75,,,Rear End,2,Cloudy,Dry,Daylight
2022-07-10T01:24:00.000,I 75,,,Angle Crash,2,Cloudy,Dry,Dark-Not Lighted
2022-06-27T19:50:00.000,I 75,,,Rear End,2,Clear,Dry,Daylight
2022-06-23T09:02:00.000,I 75,,,Rear End,2,Clear,Dry,Daylight
2022-06-12T17:26:00.000,I 75,,,Sideswipe-Same Direction,2,Clear,Dry,Daylight
2022-03-07T14:05:00.000,I 75,,,Not a Collision with Motor Vehicle,1,Rain,Wet,Daylight
2022-01-06T12:35:00.000,I 285,,,Angle Crash,2,Clear,Dry,Daylight
2022-01-01T03:50:00.000,I 285,,,Rear End,4,Cloudy,Dry,Dark-Lighted
2022-11-29T20:00:00.000,I-75,,,Rear End,2,Clear,Dry,Dark-Lighted
2022-11-07T16:21:00.000,I 75,,,Rear End,2,Clear,Dry,Daylight
2022-11-07T18:24:00.000,I 285,,,Sideswipe-Same Direction,2,Clear,Dry,Dark-Lighted
2022-10-27T19:38:00.000,I 85,,,Not a Collision with Motor Vehicle,1,Clear,Dry,Dark-Not Lighted
2022-10-05T13:21:00.000,I 75,,,Rear End,2,Clear,Dry,Daylight
2022-08-28T00:15:00.000,I 285,,,Angle Crash,2,Rain,Wet,Dark-Lighted
2022-07-16T22:40:00.000,I 75,,,Rear End,2,Clear,Dry,Dark-Not Lighted
2022-05-18T18:54:00.000,I-75,,,Rear End,2,Clear,Dry,Daylight
2022-04-21T17:30:00.000,I 85,,,Rear End,2,Clear,Dry,Daylight
2022-01-01T02:25:00.000,I-75,,,Not a Collision with Motor Vehicle,3,Clear,Dry,Dark-Lighted
2022-12-10T03:16:00.000,I 75,,,Not a Collision with Motor Vehicle,1,Rain,Wet,Dark-Not Lighted
2022-11-29T22:54:00.000,I 20,,,Angle Crash,2,Rain,Wet,Dark-Lighted
2022-10-04T02:41:00.000,I-75,,,Not a Collision with Motor Vehicle,1,Clear,Dry,Dark-Lighted
2022-09-06T06:50:00.000,I 85,,,Sideswipe-Same Direction,3,Cloudy,Dry,Dark-Not Lighted
2022-09-05T22:00:00.000,I 75,,,Sideswipe-Same Direction,2,Cloudy,Dry,Dark-Not Lighted
2022-04-16T12:41:00.000,I-75,,,Not a Collision with Motor Vehicle,1,Cloudy,Dry,Daylight
2022-04-09T18:43:00.000,I 285,,,Rear End,2,Clear,Dry,Daylight
2022-02-18T08:40:00.000,I 20,,,Rear End,2,Cloudy,Dry,Daylight
2022-01-13T16:30:00.000,I-75,,,Rear End,3,Clear,Dry,Daylight
2022-12-05T19:16:00.000,I 75,,,Rear End,2,Rain,Wet,Dark-Not Lighted
2022-10-29T20:20:00.000,I 16,,,Not a Collision with Motor Vehicle,1,Clear,Dry,Dark-Not Lighted
2022-10-07T19:50:00.000,I 75,,,Rear End,3,Clear,Dry,Dark-Not Lighted
2022-10-01T00:00:00.000,I 16,,,Not a Collision with Motor Vehicle,1,Clear,Dry,Dark-Lighted
2022-09-20T04:00:00.000,I-75,,,Rear End,4,Clear,Dry,Dark-Lighted
2022-09-16T16:10:00.000,I 16,,,Rear End,3,Clear,Dry,Daylight
2022-09-12T07:05:00.000,I 20,,,Rear End,2,Clear,Dry,Dawn
2022-09-04T22:50:00.000,I 20,,,Rear End,2,Rain,Wet,Dark-Lighted
2021-11-23T11:05:00.000,I 20,,,Sideswipe-Same Direction,2,Clear,Dry,Dark-Lighted
2021-12-30T20:30:00.000,I-75,,,Rear End,3,Cloudy,Wet,Dark-Lighted
2021-11-08T16:30:00.000,I-75,,,Rear End,2,Clear,Dry,Daylight
2021-07-20T17:26:00.000,I 85,,,Rear End,2,Rain,Wet,Daylight
2021-08-25T19:08:00.000,I 75,,,Rear End,2,Clear,Dry,Daylight
2021-10-02T13:21:00.000,I 20,,,Sideswipe-Same Direction,2,Clear,Dry,Daylight
2021-11-03T08:00:00.000,I-75,,,Rear End,2,Clear,Dry,Daylight
2021-09-23T17:00:00.000,I 75,,,Sideswipe-Same Direction,2,Clear,Dry,Daylight
2021-08-28T13:57:00.000,I 285,,,Not a Collision with Motor Vehicle,1,Clear,Dry,Daylight
2021-11-15T15:03:00.000,I 285,,,Sideswipe-Same Direction,2,Clear,Dry,Daylight
2021-07-05T17:40:00.000,I 75,,,Not a Collision with Motor Vehicle,1,Cloudy,Dry,Daylight
2021-12-14T18:19:00.000,I 285,,,Sideswipe-Same Direction,2,Clear,Dry,Dark-Not Lighted
2021-08-24T15:45:00.000,Sr 141,,,Rear End,2,Clear,Dry,Daylight
2021-08-04T14:40:00.000,I 75,,,Rear End,2,Rain,Wet,Daylight
2021-07-02T11:30:00.000,I 20,,,Rear End,2,Clear,Dry,Daylight
2021-11-14T14:20:00.000,I 285,,,Not a Collision with Motor Vehicle,1,Clear,Dry,Daylight
2021-12-14T18:00:00.000,I 285,,,Angle Crash,2,Clear,Dry,Dark-Lighted
2021-11-11T18:18:00.000,I 75,,,Rear End,2,Rain,Wet,Dark-Not Lighted
2021-09-27T08:14:00.000,I 285,,,Rear End,3,Clear,Dry,Daylight
2021-08-18T22:40:00.000,I 20,,,Rear End,2,Clear,Dry,Dark-Not Lighted
2021-09-10T06:20:00.000,I 285,,,Sideswipe-Same Direction,2,Clear,Dry,Dark-Lighted
2021-12-12T19:55:00.000,I-75,,,Rear End,2,Cloudy,Dry,Dark-Lighted
2021-08-07T13:08:00.000,I 75,,,Not a Collision with Motor Vehicle,1,Cloudy,Dry,Daylight
2021-08-09T04:30:00.000,I 285,,,Sideswipe-Same Direction,2,Clear,Dry,Dark-Lighted
2021-11-18T16:11:00.000,I 75,,,Rear End,3,Clear,Dry,Daylight
2021-12-31T19:07:00.000,I 85,,,Angle Crash,2,Fog,Wet,Dark-Not Lighted
2021-12-25T14:55:00.000,I-75,,,Sideswipe-Same Direction,2,Cloudy,Dry,Daylight
2021-09-03T21:30:00.000,I 75,,,Not a Collision with Motor Vehicle,1,Clear,Dry,Dark-Not Lighted
2021-10-07T13:04:00.000,I 285,,,Sideswipe-Same Direction,2,Cloudy,Wet,Daylight
2021-08-30T11:55:00.000,I 85,,,Rear End,2,Cloudy,Dry,Daylight
2021-08-22T21:45:00.000,I 285,,,Not a Collision with Motor Vehicle,1,Clear,Dry,Dark-Not Lighted
2021-10-21T06:45:00.000,I 285,,,Sideswipe-Same Direction,2,Clear,Dry,Dark-Not Lighted
2021-07-09T03:30:00.000,I 285,,,Not a Collision with Motor Vehicle,1,Clear,Dry,Dark-Lighted
2021-12-29T14:38:00.000,I 285,,,Sideswipe-Same Direction,2,Clear,Dry,Daylight
2021-11-08T17:01:00.000,I 85,,,Rear End,2,Clear,Dry,Daylight
2021-09-01T08:53:00.000,I 20,,,Rear End,2,Cloudy,Dry,Daylight
2021-09-21T08:08:00.000,I 16,,,Angle Crash,2,Clear,Dry,Daylight
2021-07-19T23:15:00.000,I 285,,,Sideswipe-Same Direction,2,Rain,Wet,Dark-Lighted
2021-11-23T17:09:00.000,I 75,,,Angle Crash,2,Clear,Dry,Dark-Lighted
2021-07-29T09:47:00.000,I 85,,,Rear End,2,Clear,Dry,Daylight
2021-10-05T07:20:00.000,I 285,,,Rear End,3,Rain,Wet,Dark-Not Lighted
2021-10-28T10:23:00.000,I 20,,,Rear End,2,Rain,Wet,Dark-Not Lighted
2021-12-19T02:15:00.000,I 285,,,Rear End,2,Fog,Wet,Dark-Not Lighted
2021-08-17T12:00:00.000,I 85,,,Sideswipe-Same Direction,2,Rain,Wet,Daylight
2021-12-16T14:29:00.000,I 285,,,Rear End,2,Cloudy,Dry,Daylight
2021-07-24T23:17:00.000,I 285,,,Rear End,3,Clear,Dry,Dark-Lighted
2021-12-04T18:35:00.000,I-75,,,Rear End,4,Clear,Dry,Dark-Not Lighted
2021-12-06T09:46:00.000,I 285,,,Sideswipe-Same Direction,2,Cloudy,Dry,Daylight
2021-11-22T05:43:00.000,I 85,,,Sideswipe-Same Direction,2,Rain,Wet,Dark-Lighted
2021-11-05T20:01:00.000,I 16,,,Not a Collision with Motor Vehicle,1,Rain,Wet,Dark-Not Lighted
2021-11-19T18:45:00.000,I 285,,,Rear End,2,Clear,Dry,Dark-Not Lighted
2021-07-23T09:55:00.000,I 285,,,Rear End,3,Clear,Dry,Daylight
2021-09-28T13:00:00.000,I 85,,,Rear End,2,Clear,Dry,Daylight
2021-10-15T20:42:00.000,I 285,,,Angle Crash,2,Clear,Dry,Dark-Not Lighted
2021-12-03T23:09:00.000,I 85,,,Angle Crash,2,Clear,Dry,Dark-Lighted
2021-12-17T22:03:00.000,I 75,,,Not a Collision with Motor Vehicle,1,Clear,Dry,Dark-Not Lighted
2021-10-18T06:15:00.000,I 285,,,Rear End,2,Clear,Dry,Dark-Lighted
2021-10-29T07:00:00.000,I 75,,,Sideswipe-Same Direction,2,Cloudy,Wet,Dark-Lighted
2021-11-26T12:40:00.000,I 75,,,Not a Collision with Motor Vehicle,1,Clear,Dry,Daylight
2021-08-05T00:00:00.000,I 75,,,Rear End,2,Clear,Dry,Daylight
2021-11-03T11:34:00.000,I 75,,,Angle Crash,2,Cloudy,Dry,Daylight
2021-09-16T15:50:00.000,I 75,,,Rear End,2,Cloudy,Wet,Daylight
2021-10-08T11:20:00.000,I 75,,,Sideswipe-Same Direction,5,Clear,Dry,Daylight
2021-10-14T20:09:00.000,I 20,,,Sideswipe-Same Direction,2,Clear,Dry,Dark-Lighted
2021-10-22T11:08:00.000,I 285,,,Rear End,2,Clear,Dry,Daylight
2021-08-02T18:23:00.000,I 285,,,Not a Collision with Motor Vehicle,1,Cloudy,Dry,Daylight
2021-09-29T17:45:00.000,I 95,,,Not a Collision with Motor Vehicle,1,Clear,Dry,Daylight
2021-11-20T16:13:00.000,I-75,,,Rear End,2,Clear,Dry,Dark-Not Lighted
2021-12-19T10:00:00.000,I-75,,,Rear End,3,Cloudy,Water (standing or moving),Daylight
2021-12-30T07:28:00.000,I 285,,,Sideswipe-Same Direction,3,Rain,Wet,Daylight
2021-07-27T22:02:00.000,I 75,,,Angle Crash,2,Rain,Wet,Dark-Lighted
2021-08-21T16:30:00.000,I-75,,,Sideswipe-Same Direction,2,Cloudy,Dry,Daylight
2021-08-13T16:24:00.000,I 75,,,Sideswipe-Same Direction,2,Clear,Dry,Daylight
2021-08-01T10:43:00.000,I 75,,,Angle Crash,2,Cloudy,Dry,Daylight
2021-09-19T12:38:00.000,I 85,,,Rear End,4,Cloudy,Wet,Daylight
2021-11-01T16:03:00.000,I 20,,,Rear End,2,Clear,Dry,Daylight
2021-07-25T20:35:00.000,I 20,,,Not a Collision with Motor Vehicle,1,Rain,Wet,Daylight
2021-10-20T15:45:00.000,I-75,,,Rear End,2,Clear,Dry,Daylight
2021-11-19T12:36:00.000,I 75,,,Rear End,3,Clear,Dry,Daylight
2021-09-20T06:45:00.000,I 95,,,Rear End,3,Rain,Wet,Dawn
2021-09-11T15:55:00.000,I 75,,,Not a Collision with Motor Vehicle,1,Clear,Dry,Daylight
2021-12-19T12:34:00.000,I 85,,,Rear End,2,Clear,Dry,Daylight
2021-10-01T13:02:00.000,I 75,,,Rear End,2,Clear,Dry,Daylight
2021-12-19T16:46:00.000,I 285,,,Rear End,2,Clear,Dry,Dark-Lighted
2021-09-11T02:31:00.000,I 85,,,Not a Collision with Motor Vehicle,1,Clear,Dry,Dark-Not Lighted
2021-12-30T06:32:00.000,I 75,,,Angle Crash,2,Rain,Wet,Dark-Lighted
2021-08-22T19:35:00.000,I 20,,,Sideswipe-Same Direction,2,Clear,Dry,Daylight
2021-10-08T01:50:00.000,I 75,,,Not a Collision with Motor Vehicle,1,Rain,Wet,Dark-Not Lighted
2021-11-24T16:40:00.000,I 20,,,Rear End,3,Clear,Dry,Dark-Lighted
2021-07-08T11:09:00.000,I 85,,,Rear End,2,Clear,Dry,Daylight
2021-07-08T09:50:00.000,I 85,,,Angle Crash,2,Clear,Dry,Daylight
2021-10-28T15:30:00.000,I 75,,,Rear End,2,Clear,Dry,Daylight
2021-12-22T19:40:00.000,I-75,,,Sideswipe-Same Direction,2,Clear,Dry,Dark-Lighted
2021-11-07T15:37:00.000,I 85,,,Sideswipe-Same Direction,3,Clear,Dry,Daylight
2021-12-19T00:00:00.000,I-75,,,Rear End,2,Cloudy,Wet,Dark-Lighted
2021-10-19T05:50:00.000,I 16,,,Not a Collision with Motor Vehicle,1,Clear,Dry,Dark-Not Lighted
2021-12-18T06:50:00.000,I-75,,,Angle Crash,4,Cloudy,Dry,Dark-Lighted
2021-11-13T16:20:00.000,I 285,,,Sideswipe-Same Direction,2,Clear,Dry,Daylight
2021-12-29T20:10:00.000,I-75,,,Rear End,2,Cloudy,Other,Dark-Not Lighted
2021-09-12T00:50:00.000,I 20,,,Rear End,2,Clear,Dry,Daylight
2021-11-01T15:05:00.000,I 285,,,Rear End,2,Clear,Dry,Daylight
2021-07-01T21:35:00.000,I 20,,,Rear End,2,Clear,Dry,Dark-Lighted
2021-08-08T11:10:00.000,I 75,,,Rear End,2,Clear,Dry,Daylight
2021-11-07T04:09:00.000,I 75,,,Rear End,2,Clear,Dry,Dark-Lighted
2021-09-16T10:19:00.000,I 75,,,Angle Crash,2,Rain,Wet,Daylight
2021-12-22T16:45:00.000,I 75,,,Rear End,2,Clear,Dry,Daylight
2021-10-07T16:25:00.000,I 16,,,Rear End,2,Clear,Dry,Daylight
2021-08-17T08:58:00.000,I 75,,,Not a Collision with Motor Vehicle,1,Rain,Wet,Daylight
2021-11-16T17:16:00.000,I 20,,,Sideswipe-Same Direction,2,Clear,Dry,Daylight
2021-11-01T19:30:00.000,I 20,,,Sideswipe-Same Direction,2,Clear,Dry,Dark-Not Lighted
2021-07-28T07:55:00.000,I 75,,,Rear End,2,Clear,Dry,Daylight
2021-10-01T05:33:00.000,I 85,,,Not a Collision with Motor Vehicle,1,Clear,Dry,Dark-Not Lighted
2021-10-26T20:11:00.000,I 285,,,Sideswipe-Same Direction,2,Clear,Dry,Dawn
2021-12-31T16:45:00.000,I 85,,,Rear End,2,Cloudy,Dry,Daylight
2021-11-17T17:57:00.000,I 285,,,Rear End,3,Clear,Dry,Dark-Lighted
2021-12-11T12:09:00.000,I 75,,,Sideswipe-Opposite Direction,1,Rain,Wet,Daylight
2021-11-22T09:01:00.000,I 75,,,Not a Collision with Motor Vehicle,1,Clear,Dry,Daylight
2021-09-17T09:19:00.000,I 85,,,Sideswipe-Same Direction,2,Clear,Dry,Daylight
2021-12-24T01:03:00.000,I 85,,,Not a Collision with Motor Vehicle,1,Clear,Dry,Dark-Not Lighted
2021-11-29T19:23:00.000,I 285,,,Sideswipe-Same Direction,2,Clear,Dry,Dark-Not Lighted
2021-11-13T08:59:00.000,I 75,,,Rear End,2,Clear,Dry,Daylight
2021-11-20T00:15:00.000,I 285,,,Angle Crash,2,Clear,Dry,Dark-Not Lighted
2021-11-04T01:35:00.000,I 75,,,Not a Collision with Motor Vehicle,1,Rain,Wet,Dark-Not Lighted
2021-11-29T17:32:00.000,I 285,,,Sideswipe-Same Direction,2,Clear,Dry,Daylight
2021-11-09T19:10:00.000,I 285,,,Rear End,2,Clear,Dry,Dark-Not Lighted
2021-10-15T13:52:00.000,I 75,,,Sideswipe-Same Direction,2,Clear,Dry,Daylight
2021-07-13T15:43:00.000,I 285,,,Rear End,2,Cloudy,Dry,Daylight
2021-11-11T18:16:00.000,I 85,,,Sideswipe-Same Direction,2,Cloudy,Dry,Dark-Lighted
2021-07-14T15:50:00.000,I 285,,,Rear End,3,Clear,Dry,Daylight
2021-09-28T20:50:00.000,I 75,,,Sideswipe-Same Direction,2,Clear,Dry,Dark-Lighted
2021-08-04T10:40:00.000,I 75,,,Sideswipe-Same Direction,2,Clear,Dry,Daylight
2021-08-02T18:23:00.000,I 16,,,Not a Collision with Motor Vehicle,1,Rain,Wet,Daylight
2021-12-17T21:50:00.000,I 20,,,Not a Collision with Motor Vehicle,1,Cloudy,Dry,Dark-Lighted
2021-12-18T16:59:00.000,I-75,,,Head On,2,Rain,Water (standing or moving),Dusk
2021-11-28T07:30:00.000,I 16,,,Sideswipe-Same Direction,2,Clear,Dry,Daylight
2021-10-03T16:39:00.000,I 20,,,Not a Collision with Motor Vehicle,1,Clear,Dry,Daylight
2021-09-09T06:49:00.000,I 85,,,Rear End,2,Cloudy,Wet,Dark-Not Lighted
2021-11-16T17:00:00.000,I-75,,,Rear End,2,Clear,Dry,Daylight
2021-09-16T18:27:00.000,I 75,,,Not a Collision with Motor Vehicle,1,Cloudy,Dry,Daylight
2021-10-14T13:45:00.000,I 20,,,Sideswipe-Same Direction,2,Clear,Dry,Daylight
2021-10-10T11:37:00.000,I 20,,,Sideswipe-Same Direction,2,Clear,Dry,Daylight
2021-12-14T16:30:00.000,I 285,,,Rear End,2,Clear,Dry,Daylight
2021-07-08T07:50:00.000,I 20,,,Rear End,2,Clear,Dry,Daylight
2021-12-04T10:45:00.000,I-75,,,Rear End,2,Clear,Dry,Daylight
2021-10-20T09:33:00.000,I 85,,,Sideswipe-Same Direction,2,Clear,Dry,Daylight
2021-12-30T14:13:00.000,I 85,,,Not a Collision with Motor Vehicle,1,Rain,Wet,Daylight
2021-10-31T23:30:00.000,I-75,,,Sideswipe-Same Direction,2,Clear,Dry,Dark-Lighted
2021-07-16T15:40:00.000,I 16,,,Not a Collision with Motor Vehicle,1,Clear,Dry,Daylight
2021-10-17T08:34:00.000,I 20,,,Rear End,2,Clear,Dry,Daylight
2021-11-28T08:42:00.000,I 75,,,Sideswipe-Same Direction,2,Cloudy,Dry,Daylight
2021-08-06T16:00:00.000,I 285,,,Sideswipe-Same Direction,2,Clear,Dry,Daylight
2021-07-17T17:56:00.000,I 85,,,Not a Collision with Motor Vehicle,2,Clear,Dry,Daylight
2021-09-09T15:45:00.000,I 285,,,Rear End,2,Cloudy,Dry,Daylight
2021-08-14T16:40:00.000,I-75,,,Sideswipe-Same Direction,2,Cloudy,Dry,Daylight
2021-08-24T09:07:00.000,I 85,,,Sideswipe-Same Direction,2,Clear,Dry,Daylight
2021-09-08T16:20:00.000,I 285,,,Rear End,3,Clear,Dry,Daylight
2021-12-08T22:18:00.000,I-75,,,Rear End,2,Clear,Dry,Dark-Lighted
2021-12-19T11:42:00.000,I 85,,,Rear End,2,Cloudy,Dry,Daylight
2021-11-23T22:16:00.000,I 85,,,Not a Collision with Motor Vehicle,1,Clear,Dry,Dark-Lighted
2021-08-14T14:40:00.000,I-75,,,Rear End,2,Clear,Dry,Daylight
2021-08-17T08:23:00.000,I 20,,,Angle Crash,3,Rain,Wet,Daylight
2021-11-21T06:53:00.000,I 75,,,Not a Collision with Motor Vehicle,1,Clear,Dry,Dawn
2021-11-20T12:25:00.000,I 75,,,Rear End,2,Clear,Dry,Daylight
2021-10-03T09:57:00.000,I 75,,,Not a Collision with Motor Vehicle,1,Rain,Wet,Daylight
2021-11-02T17:14:00.000,I 285,,,Rear End,2,Clear,Dry,Daylight
2021-11-24T15:33:00.000,I 75,,,Not a Collision with Motor Vehicle,2,Clear,Dry,Daylight
2021-12-15T11:17:00.000,I 285,,,Rear End,2,Clear,Dry,Daylight
2021-11-03T14:57:00.000,I 85,,,Not a Collision with Motor Vehicle,1,Cloudy,Dry,Daylight
2021-09-21T08:00:00.000,I 285,,,Angle Crash,2,Rain,Wet,Daylight
2021-12-10T17:46:00.000,I 285,,,Rear End,2,Rain,Wet,Dark-Not Lighted
2021-10-25T16:10:00.000,I-75,,,Sideswipe-Same Direction,2,Cloudy,Dry,Daylight
2021-08-17T12:44:00.000,I 75,,,Sideswipe-Same Direction,2,Rain,Wet,Daylight
2021-12-09T18:54:00.000,I 20,,,Not a Collision with Motor Vehicle,1,Clear,Dry,Dark-Not Lighted
2021-12-19T05:00:00.000,I-75,,,Not a Collision with Motor Vehicle,2,Rain,Wet,Dark-Not Lighted
2021-09-22T13:00:00.000,I 75,,,Angle Crash,2,Cloudy,Dry,Daylight
2021-10-06T07:47:00.000,I 16,,,Not a Collision with Motor Vehicle,1,Rain,Wet,Daylight
2021-11-09T07:15:00.000,I 75,,,Sideswipe-Same Direction,2,Clear,Dry,Daylight
2021-08-19T15:35:00.000,I 285,,,Rear End,2,Cloudy,Dry,Daylight
2021-09-06T12:44:00.000,I 85,,,Rear End,3,Rain,Wet,Daylight
2021-11-13T20:38:00.000,I-75,,,Sideswipe-Same Direction,2,Clear,Dry,Dark-Lighted
2021-08-23T16:04:00.000,I 285,,,Rear End,4,Clear,Dry,Daylight
2021-09-19T19:27:00.000,I 75,,,Not a Collision with Motor Vehicle,1,Rain,Wet,Daylight
2021-07-14T16:52:00.000,I 75,,,Not a Collision with Motor Vehicle,1,Cloudy,Wet,Daylight
2021-10-26T16:58:00.000,I 75,,,Rear End,2,Clear,Dry,Daylight
2021-10-29T20:20:00.000,I-75,,,Rear End,2,Clear,Dry,Dark-Lighted
2021-12-16T16:10:00.000,I 75,,,Rear End,2,Cloudy,Dry,Daylight
2021-09-27T15:40:00.000,I 85,,,Rear End,2,Clear,Dry,Daylight
2021-09-21T07:54:00.000,I 85,,,Not a Collision with Motor Vehicle,1,Rain,Wet,Daylight
2021-12-18T10:24:00.000,I 20,,,Rear End,2,Rain,Wet,Daylight
2021-09-02T20:30:00.000,I-75,,,Rear End,2,Clear,Dry,Dark-Lighted
2021-12-20T14:06:00.000,I 285,,,Rear End,2,Clear,Dry,Daylight
2021-11-23T18:00:00.000,I 20,,,Rear End,2,Clear,Dry,Dusk
2021-11-01T04:15:00.000,I-75,,,Head On,2,Clear,Dry,Dark-Not Lighted
2021-12-14T19:44:00.000,I 75,,,Rear End,2,Clear,Dry,Dark-Not Lighted
2021-07-30T17:39:00.000,I 75,,,Sideswipe-Same Direction,2,Clear,Dry,Daylight
2021-07-02T10:57:00.000,I 20,,,Angle Crash,2,Cloudy,Wet,Daylight
2021-12-17T22:00:00.000,I-75,,,Rear End,2,Clear,Dry,Dark-Not Lighted
2021-10-07T10:30:00.000,I 20,,,Not a Collision with Motor Vehicle,1,Cloudy,Wet,Daylight
2021-12-15T09:30:00.000,I 75,,,Rear End,2,Clear,Dry,Daylight
2021-12-08T13:48:00.000,I 75,,,Sideswipe-Same Direction,2,Clear,Dry,Daylight
2021-07-23T08:12:00.000,I 16,,,Sideswipe-Same Direction,2,Clear,Dry,Daylight
2021-11-27T22:20:00.000,I-75,,,Rear End,2,Clear,Dry,Dark-Lighted
2021-11-23T18:31:00.000,I 75,,,Not a Collision with Motor Vehicle,2,Clear,Dry,Dark-Lighted
2021-09-05T02:47:00.000,I 85,,,Rear End,2,Clear,Dry,Dark-Not Lighted
2021-08-26T13:00:00.000,I 85,,,Rear End,2,Clear,Dry,Daylight
2021-08-31T09:01:00.000,I 95,,,Sideswipe-Same Direction,2,Clear,Dry,Daylight
2021-10-05T13:34:00.000,I 85,,,Not a Collision with Motor Vehicle,1,Cloudy,Wet,Daylight
2021-08-20T17:43:00.000,I 75,,,Rear End,2,Clear,Dry,Daylight
2021-07-23T21:31:00.000,I 75,,,Not a Collision with Motor Vehicle,1,Clear,Dry,Daylight
2021-09-04T12:05:00.000,I 85,,,Sideswipe-Same Direction,2,Clear,Dry,Daylight
2021-11-15T14:54:00.000,I 285,,,Sideswipe-Same Direction,2,Clear,Dry,Daylight
2021-11-14T19:29:00.000,I-75,,,Sideswipe-Same Direction,2,Clear,Dry,Dark-Lighted
2021-09-25T15:13:00.000,I 85,,,Sideswipe-Same Direction,2,Clear,Dry,Daylight
2021-12-27T00:51:00.000,I 75,,,Sideswipe-Same Direction,2,Fog,Dry,Dark-Not Lighted
2021-09-20T12:20:00.000,I 75,,,Rear End,2,Rain,Wet,Daylight
2021-09-29T14:24:00.000,I 20,,,Sideswipe-Same Direction,3,Clear,Dry,Daylight
2021-07-15T06:18:00.000,I 75,,,Rear End,2,Cloudy,Dry,Dawn
2021-12-08T10:03:00.000,I 16,,,Head On,1,Rain,Wet,Daylight
2021-12-29T22:15:00.000,I-75,,,Angle Crash,2,Cloudy,Dry,Dark-Lighted
2021-10-14T21:56:00.000,I 85,,,Not a Collision with Motor Vehicle,1,Clear,Dry,Dark-Not Lighted