Date and Time,Roadway (From Crash Report),Intersection Name (from Crash Report),KABCO Severity,Manner of Collision (Crash Level) ,# of Vehicles per crash ,Weather Conditions (Crash Level),Surface Condition (Crash Level) ,Light Conditions (Crash Level)
2022-07-05T10:08:00.000,I 285,,,Not a Collision with Motor Vehicle,2,Cloudy,Dry,Daylight
2022-02-12T20:00:00.000,I 285,,,Sideswipe-Same Direction,2,Clear,Dry,Daylight
2022-03-20T11:50:00.000,I-75,,,Sideswipe-Same Direction,2,Clear,Dry,Daylight
2022-08-19T23:19:00.000,I-75,,,Sideswipe-Same Direction,3,Clear,Dry,Dusk
2022-08-06T21:30:00.000,I 285,,,Sideswipe-Same Direction,2,Rain,Wet,Dark-Not Lighted
2022-01-10T10:57:00.000,I 20,,,Not a Collision with Motor Vehicle,1,Clear,Dry,Daylight
2022-02-06T20:00:00.000,I 75,,,Rear End,4,Clear,Dry,Dark-Lighted
2022-07-10T00:00:00.000,I 75,,,Not a Collision with Motor Vehicle,1,Rain,Water (standing or moving),Dark-Lighted
2022-10-02T11:20:00.000,I 16,,,Not a Collision with Motor Vehicle,1,Clear,Dry,Daylight
2022-06-08T00:26:00.000,I 285,,,Not a Collision with Motor Vehicle,1,Rain,Wet,Dark-Not Lighted
2022-02-21T19:32:00.000,I 75,,,Sideswipe-Same Direction,2,Rain,Wet,Dark-Not Lighted
2022-02-12T11:47:00.000,I-75,,,Rear End,2,Clear,Dry,Daylight
2022-06-15T06:51:00.000,I-75,,,Sideswipe-Same Direction,2,Cloudy,Dry,Daylight
2022-07-22T14:53:00.000,I 75,,,Angle Crash,2,Clear,Dry,Daylight
2022-07-15T21:03:00.000,I-75,,,Rear End,2,Clear,Dry,Dark-Lighted
2022-11-27T06:40:00.000,I-75,,,Not a Collision with Motor Vehicle,1,Rain,Water (standing or moving),Dark-Not Lighted
2022-02-21T13:02:00.000,I 75,,,Not a Collision with Motor Vehicle,1,Rain,Wet,Daylight
2022-12-10T21:50:00.000,I-75,,,Angle Crash,3,Rain,Wet,Dark-Lighted
2022-07-29T22:58:00.000,I-75,,,Sideswipe-Same Direction,2,Clear,Dry,Dark-Not Lighted
2022-02-14T13:59:00.000,I 75,,,Angle Crash,2,Clear,Dry,Daylight
2022-10-08T20:54:00.000,I-75,,,Sideswipe-Same Direction,2,Clear,Dry,Dark-Lighted
2022-07-31T00:05:00.000,I 285,,,Not a Collision with Motor Vehicle,1,Rain,Wet,Dark-Lighted
2022-06-27T15:10:00.000,I 75,,,Not a Collision with Motor Vehicle,1,Cloudy,Dry,Daylight
2022-02-23T12:25:00.000,I 20,,,Rear End,3,Clear,Dry,Daylight
2022-03-16T17:25:00.000,I-75,,,Sideswipe-Same Direction,2,Rain,Wet,Daylight
2022-01-24T10:47:00.000,I 75,,,Sideswipe-Same Direction,2,Clear,Dry,Daylight
2022-07-27T07:32:00.000,I 75,,,Sideswipe-Same Direction,2,Clear,Dry,Daylight
2022-11-18T12:35:00.000,I 75,,,Rear End,2,Clear,Dry,Daylight
2022-01-16T10:37:00.000,I 85,,,Not a Collision with Motor Vehicle,1,Snow,Snow,Daylight
2022-01-10T16:41:00.000,I 285,,,Rear End,2,Clear,Dry,Daylight
2022-08-19T14:00:00.000,I 285,,,Sideswipe-Same Direction,2,Cloudy,Wet,Daylight
2022-11-26T17:45:00.000,I 85,,,Angle Crash,2,Clear,Dry,Dark-Lighted
2022-04-23T15:16:00.000,I 20,,,Rear End,2,Clear,Dry,Daylight
2022-03-20T00:43:00.000,I-75,,,Rear End,3,Clear,Dry,Dark-Lighted
2022-07-24T12:02:00.000,I-75,,,Rear End,2,Clear,Dry,Daylight
2022-04-23T22:30:00.000,I-75,,,Sideswipe-Same Direction,2,Clear,Dry,Dark-Lighted
2022-12-17T12:30:00.000,I 95,,,Rear End,2,Clear,Dry,Daylight
2022-04-13T21:08:00.000,I 285,,,Not a Collision with Motor Vehicle,1,Cloudy,Dry,Dark-Not Lighted
2022-03-12T12:35:00.000,I 20,,,Rear End,2,Clear,Dry,Daylight
2022-12-01T14:27:00.000,I 16,,,Rear End,3,Clear,Dry,Daylight
2022-03-06T01:55:00.000,I 85,,,Sideswipe-Same Direction,2,Clear,Dry,Dark-Not Lighted
2022-11-28T06:30:00.000,I 95,,,Rear End,2,Clear,Dry,Daylight
2022-10-06T17:25:00.000,I 285,,,Rear End,2,Clear,Dry,Daylight
2022-08-07T00:10:00.000,I 85,,,Sideswipe-Same Direction,2,Rain,Wet,Dark-Not Lighted
2022-08-12T07:55:00.000,I 285,,,Not a Collision with Motor Vehicle,1,Rain,Wet,Daylight
2022-02-01T11:43:00.000,I 75,,,Sideswipe-Same Direction,2,Clear,Dry,Daylight
2022-09-12T09:10:00.000,I 16,,,Rear End,2,Clear,Dry,Daylight
2022-11-26T17:48:00.000,I 85,,,Rear End,2,Clear,Dry,Dark-Lighted
2022-07-19T18:21:00.000,I 20,,,Rear End,2,Clear,Dry,Daylight
2022-10-04T07:42:00.000,I 285,,,Sideswipe-Same Direction,2,Clear,Dry,Daylight
2022-06-05T10:29:00.000,I 75,,,Rear End,2,Clear,Dry,Daylight
2022-06-11T23:54:00.000,I 75,,,Rear End,2,Clear,Dry,Dark-Not Lighted
2022-02-23T06:42:00.000,I 75,,,Rear End,2,Rain,Wet,Daylight
2022-06-08T15:29:00.000,I-75,,,Rear End,3,Cloudy,Dry,Daylight
2022-04-29T12:36:00.000,I 75,,,Rear End,2,Clear,Dry,Daylight
2022-11-09T17:35:00.000,I 16,,,Rear End,2,Cloudy,Dry,Dark-Not Lighted
2022-11-19T17:12:00.000,Sr 140,,,Not a Collision with Motor Vehicle,1,Cloudy,Dry,Dark-Not Lighted
2022-05-06T14:30:00.000,I 285,,,Rear End,2,Clear,Dry,Daylight
2022-02-09T06:22:00.000,I 20,,,Angle Crash,2,Clear,Dry,Dark-Lighted
2022-08-30T12:12:00.000,I 285,,,Rear End,2,Clear,Dry,Daylight
2022-03-20T15:50:00.000,I 75,,,Rear End,2,Clear,Dry,Daylight
2022-03-18T17:01:00.000,I 75,,,Rear End,2,Cloudy,Dry,Daylight
2022-02-09T06:27:00.000,I-75,,,Sideswipe-Same Direction,2,Clear,Dry,Daylight
2022-06-30T17:38:00.000,I 75,,,Rear End,2,Cloudy,Dry,Daylight
2022-04-06T08:16:00.000,I 85,,,Rear End,2,Clear,Dry,Daylight
2022-12-29T12:49:00.000,I 20,,,Rear End,3,Cloudy,Dry,Daylight
2022-04-01T22:46:00.000,I-75,,,Rear End,2,Clear,Dry,Dark-Lighted
2022-04-17T15:46:00.000,I 75,,,Rear End,2,Clear,Dry,Daylight
2022-07-18T09:53:00.000,I 16,,,Sideswipe-Same Direction,2,Clear,Dry,Daylight
2022-12-03T11:00:00.000,I-75,,,Rear End,3,Clear,Dry,Daylight
2022-02-03T15:51:00.000,I 285,,,Rear End,6,Rain,Wet,Daylight
2022-04-23T15:43:00.000,I 75,,,Rear End,3,Clear,Dry,Daylight
2022-08-25T13:30:00.000,I 20,,,Rear End,2,Rain,Wet,Daylight
2022-12-23T09:41:00.000,I-75,,,Sideswipe-Same Direction,2,Clear,Dry,Daylight
2022-08-08T20:55:00.000,I-75,,,Angle Crash,2,Clear,Dry,Dark-Lighted
2022-10-14T10:27:00.000,I 285,,,Sideswipe-Same Direction,2,Clear,Dry,Daylight
2022-08-31T17:30:00.000,I 75,,,Rear End,2,Clear,Dry,Daylight
2022-06-26T14:20:00.000,I 20,,,Angle Crash,2,Clear,Dry,Daylight
2022-12-30T10:33:00.000,I 16,,,Rear End,2,Clear,Dry,Daylight
2022-05-23T19:23:00.000,I 20,,,Sideswipe-Same Direction,2,Clear,Dry,Daylight
2022-07-22T16:00:00.000,I 75,,,Not a Collision with Motor Vehicle,3,Clear,Dry,Daylight
2022-03-30T13:30:00.000,I-75,,,Rear End,3,Clear,Dry,Daylight
2022-04-06T21:21:00.000,I 75,,,Sideswipe-Same Direction,2,Cloudy,Wet,Dark-Lighted
2022-11-27T03:50:00.000,I-75,,,Not a Collision with Motor Vehicle,1,Rain,Water (standing or moving),Dark-Lighted
2022-09-18T13:15:00.000,I 95,,,Not a Collision with Motor Vehicle,1,Clear,Dry,Daylight
2022-07-10T23:26:00.000,I-75,,,Angle Crash,2,Cloudy,Dry,Dark-Lighted
2022-02-04T11:23:00.000,I 20,,,Not a Collision with Motor Vehicle,1,Cloudy,Wet,Daylight
2022-05-18T11:20:00.000,I 285,,,Rear End,2,Clear,Dry,Daylight
2022-10-01T01:06:00.000,I 20,,,Angle Crash,2,Cloudy,Dry,Dark-Not Lighted
2022-05-22T14:21:00.000,I 85,,,(None),2,(None),(None),(None)
2022-10-22T13:00:00.000,I 20,,,Rear End,2,Clear,Dry,Daylight
2022-07-07T15:42:00.000,I 75,,,Rear End,2,Clear,Dry,Daylight
2022-05-15T17:12:00.000,I 75,,,Sideswipe-Same Direction,2,Clear,Dry,Daylight
2022-04-25T08:16:00.000,I 285,,,Rear End,2,Clear,Dry,Daylight
2022-05-28T12:00:00.000,I 85,,,Rear End,2,Clear,Dry,Daylight
2022-02-15T10:28:00.000,I 75,,,Sideswipe-Same Direction,2,Clear,Dry,Daylight
2022-11-16T06:48:00.000,I-75,,,Angle Crash,2,Clear,Dry,Daylight
2022-11-20T03:30:00.000,I 75,,,Not a Collision with Motor Vehicle,1,Clear,Dry,Dark-Not Lighted
2022-12-21T19:45:00.000,I 20,,,Rear End,3,Rain,Wet,Dark-Lighted
2022-09-24T15:04:00.000,I 75,,,Rear End,2,Clear,Dry,Daylight
2022-09-23T12:18:00.000,I 75,,,Not a Collision with Motor Vehicle,2,Clear,Dry,Daylight
2022-04-26T12:28:00.000,I 285,,,Sideswipe-Same Direction,2,Cloudy,Dry,Daylight
2022-08-08T12:33:00.000,I 75,,,Sideswipe-Same Direction,2,Clear,Dry,Daylight
2022-03-14T04:15:00.000,I 285,,,Sideswipe-Same Direction,2,Clear,Dry,Dark-Not Lighted
2022-09-28T06:00:00.000,I 20,,,Rear End,2,Clear,Dry,Dark-Not Lighted
2022-11-14T19:02:00.000,I 16,,,Sideswipe-Same Direction,2,Clear,Dry,Dark-Not Lighted
2022-10-17T17:12:00.000,I 16,,,Rear End,2,Clear,Dry,Daylight
2022-11-19T06:00:00.000,I-75,,,Rear End,2,Clear,Dry,Dark-Lighted
2022-01-18T13:15:00.000,I 75,,,Sideswipe-Same Direction,2,Clear,Dry,Daylight
2022-08-24T07:30:00.000,I-75,,,Angle Crash,3,Cloudy,Dry,Daylight
2022-03-26T20:47:00.000,I 95,,,Not a Collision with Motor Vehicle,2,Clear,Dry,Dark-Not Lighted
2022-10-03T11:56:00.000,I 75,,,Rear End,2,Clear,Dry,Daylight
2022-05-18T09:00:00.000,I-75,,,Rear End,2,Clear,Dry,Daylight
2022-08-13T11:42:00.000,I-75,,,Sideswipe-Same Direction,2,Clear,Dry,Daylight
2022-06-24T21:09:00.000,I 85,,,Angle Crash,3,Clear,Dry,Dark-Lighted
2022-01-07T08:00:00.000,I 85,,,Rear End,2,Clear,Dry,Daylight
2022-05-26T06:23:00.000,I 285,,,Not a Collision with Motor Vehicle,1,Rain,Wet,Dawn
2022-03-30T17:52:00.000,I-75,,,Rear End,2,Cloudy,Dry,Daylight
2022-08-17T22:15:00.000,I-75,,,Not a Collision with Motor Vehicle,1,Rain,Wet,Dark-Lighted
2022-07-13T14:35:00.000,I-75,,,Rear End,3,Clear,Dry,Daylight
2022-03-21T11:25:00.000,I 285,,,Not a Collision with Motor Vehicle,1,Clear,Dry,Daylight
2022-10-08T02:49:00.000,I 20,,,Rear End,2,Clear,Dry,Dark-Not Lighted
2022-03-18T12:35:00.000,I 75,,,Rear End,2,Rain,Wet,Daylight
2022-10-28T09:03:00.000,I 285,,,Not a Collision with Motor Vehicle,1,Clear,Dry,Daylight
2022-04-20T15:02:00.000,I-75,,,Rear End,3,Clear,Dry,Daylight
2022-07-27T12:51:00.000,I-75,,,Sideswipe-Same Direction,2,Clear,Dry,Daylight
2022-04-05T16:38:00.000,I 20,,,Rear End,2,Rain,Wet,Daylight
2022-04-18T10:54:00.000,I 285,,,Not a Collision with Motor Vehicle,1,Cloudy,Dry,Daylight
2022-04-19T02:22:00.000,I 85,,,Sideswipe-Same Direction,2,Clear,Dry,Dark-Not Lighted
2022-02-28T07:50:00.000,I 75,,,Rear End,2,Clear,Dry,Daylight
2022-11-27T14:30:00.000,I 75,,,Rear End,2,Clear,Dry,Daylight
2022-08-01T07:42:00.000,I 75,,,Sideswipe-Same Direction,2,Cloudy,Wet,Daylight
2022-07-31T15:03:00.000,I 75,,,Rear End,2,Clear,Dry,Daylight
2022-03-18T00:00:00.000,I 85,,,Sideswipe-Same Direction,2,Clear,Dry,Dark-Not Lighted
2022-12-11T12:53:00.000,I 85,,,Sideswipe-Same Direction,2,Rain,Wet,Daylight
2022-01-13T18:54:00.000,I 75,,,Angle Crash,3,Clear,Dry,Dark-Not Lighted
2022-10-20T15:55:00.000,I 285,,,Rear End,2,Cloudy,Dry,Daylight
2022-06-04T14:52:00.000,I-75,,,Sideswipe-Same Direction,2,Clear,Dry,Daylight
2022-01-25T19:26:00.000,I 20,,,Rear End,2,Clear,Dry,Daylight
2022-08-11T23:40:00.000,I 75,,,Not a Collision with Motor Vehicle,1,Clear,Dry,Dark-Lighted
2022-07-12T17:37:00.000,I 20,,,Rear End,3,Clear,Dry,Daylight
2022-06-13T10:53:00.000,I 285,,,Sideswipe-Same Direction,2,Clear,Dry,Daylight
2022-12-15T05:04:00.000,I 75,,,Not a Collision with Motor Vehicle,1,Rain,Water (standing or moving),Dark-Lighted
2022-02-26T03:50:00.000,I 16,,,Angle Crash,1,Clear,Dry,Dark-Lighted
2022-09-25T20:48:00.000,I 75,,,Sideswipe-Same Direction,2,Clear,Dry,Dark-Not Lighted
2022-10-08T20:32:00.000,I 285,,,Sideswipe-Same Direction,2,Clear,Dry,Dark-Not Lighted
2022-10-31T00:00:00.000,I 75,,,Not a Collision with Motor Vehicle,1,Clear,Dry,Dark-Not Lighted
2022-09-29T21:45:00.000,I-75,,,Rear End,2,Clear,Dry,Dark-Lighted
2022-07-23T19:54:00.000,I-75,,,Rear End,2,Clear,Dry,Daylight
2022-05-17T17:02:00.000,I 20,,,(None),2,(None),(None),(None)
2022-08-15T20:27:00.000,I 75,,,Rear End,2,Rain,Wet,Dusk
2022-11-05T19:51:00.000,I-75,,,Rear End,2,Cloudy,Dry,Dark-Lighted
2022-09-15T17:54:00.000,I 75,,,Rear End,3,Cloudy,Dry,Daylight
2022-05-30T15:10:00.000,I 85,,,Sideswipe-Same Direction,2,Clear,Dry,Daylight
2022-06-22T13:58:00.000,I 20,,,Rear End,2,Clear,Dry,Daylight
2022-08-17T08:30:00.000,I 16,,,Not a Collision with Motor Vehicle,1,Clear,Dry,Daylight
2022-01-05T22:55:00.000,I 85,,,Not a Collision with Motor Vehicle,1,Clear,Dry,Dark-Lighted
2022-02-09T09:50:00.000,I 285,,,Head On,3,Clear,Dry,Daylight
2022-06-01T07:20:00.000,I 85,,,Sideswipe-Same Direction,2,Clear,Dry,Daylight
2022-08-26T08:00:00.000,I 285,,,Angle Crash,2,Clear,Dry,Daylight
2022-07-09T22:30:00.000,I-75,,,Rear End,2,Cloudy,Wet,Dark-Lighted
2022-06-21T11:38:00.000,I 75,,,Sideswipe-Same Direction,2,Clear,Dry,Daylight
2022-06-07T18:16:00.000,I 85,,,Not a Collision with Motor Vehicle,1,Cloudy,Dry,Daylight
2022-12-22T08:21:00.000,I 75,,,Rear End,2,Cloudy,Wet,Daylight
2022-08-04T18:38:00.000,I 85,,,Angle Crash,2,Cloudy,Wet,Daylight
2022-06-28T19:54:00.000,I 16,,,Head On,1,Rain,Wet,Daylight
2022-03-27T23:00:00.000,I-75,,,Sideswipe-Same Direction,2,Clear,Dry,Dark-Lighted
2022-05-09T16:45:00.000,I 75,,,Rear End,2,Clear,Dry,Daylight
2022-06-03T09:18:00.000,I 85,,,Rear End,2,Clear,Dry,Daylight
2022-09-23T19:00:00.000,I 85,,,Rear End,2,Clear,Dry,Daylight
2022-09-10T17:31:00.000,I 16,,,Not a Collision with Motor Vehicle,1,Rain,Wet,Daylight
2022-04-23T14:00:00.000,I-75,,,Sideswipe-Same Direction,2,Clear,Dry,Daylight
2022-10-31T18:20:00.000,I 85,,,Sideswipe-Same Direction,2,Clear,Dry,Daylight
2022-03-15T16:14:00.000,I 75,,,Rear End,2,Rain,Wet,Daylight
2022-02-27T17:11:00.000,I 75,,,Not a Collision with Motor Vehicle,1,Clear,Dry,Daylight
2022-10-21T13:45:00.000,I 285,,,Rear End,2,Clear,Dry,Daylight
2022-02-27T00:00:00.000,I 75,,,Angle Crash,2,Clear,Dry,Dark-Lighted
2022-08-31T08:00:00.000,I-75,,,Rear End,2,Clear,Dry,Daylight
2022-12-14T18:57:00.000,I 85,,,Not a Collision with Motor Vehicle,1,Rain,Wet,Dark-Not Lighted
2022-11-08T12:30:00.000,I 85,,,Sideswipe-Same Direction,2,Clear,Dry,Daylight
2022-10-26T18:30:00.000,I 20,,,Sideswipe-Same Direction,2,Clear,Dry,Dusk
2022-11-11T17:08:00.000,I 20,,,Angle Crash,2,Cloudy,Wet,Daylight
2022-02-14T13:00:00.000,I 285,,,Rear End,2,Clear,Dry,Daylight
2022-01-20T18:52:00.000,I 285,,,Rear End,2,Cloudy,Dry,Dark-Not Lighted
2022-02-14T15:10:00.000,I 75,,,Sideswipe-Same Direction,2,Clear,Dry,Daylight
2022-10-04T17:25:00.000,I 75,,,Angle Crash,2,Clear,Dry,Daylight
2022-07-04T22:32:00.000,I 75,,,Rear End,2,Severe Thunderstorm or Tornadic,Wet,Dark-Not Lighted
2022-05-13T12:20:00.000,I 75,,,Rear End,2,Cloudy,Dry,Daylight
2022-08-09T15:20:00.000,I 285,,,Rear End,3,Clear,Dry,Daylight
2022-10-11T21:00:00.000,I 285,,,Rear End,2,Clear,Dry,Dark-Not Lighted
2022-07-10T18:15:00.000,I 20,,,Rear End,2,Clear,Dry,Daylight
2022-04-19T20:30:00.000,I-75,,,Rear End,2,Clear,Dry,Dark-Lighted
2022-05-25T18:10:00.000,I 75,,,Rear End,2,Clear,Dry,Daylight
2022-06-06T15:26:00.000,I 20,,,Sideswipe-Same Direction,2,Rain,Wet,Daylight
2022-11-10T14:00:00.000,I 75,,,Sideswipe-Same Direction,2,Clear,Dry,Daylight
2022-09-19T16:38:00.000,I 285,,,Rear End,2,Cloudy,Dry,Daylight
2022-05-11T00:00:00.000,I 285,,,Rear End,2,Clear,Dry,Daylight
2022-01-30T18:49:00.000,I-75,,,Rear End,2,Clear,Dry,Dark-Lighted
2022-02-14T14:00:00.000,I 285,,,Rear End,2,Clear,Dry,Daylight
2022-05-10T12:44:00.000,I 75,,,Rear End,2,Clear,Dry,Daylight
2022-09-04T22:30:00.000,I-75,,,Not a Collision with Motor Vehicle,1,Rain,Wet,Dark-Lighted
2022-04-11T18:06:00.000,I 75,,,Rear End,2,Clear,Dry,Daylight
2022-06-14T09:25:00.000,I 285,,,Sideswipe-Same Direction,2,Clear,Dry,Daylight
2022-06-25T22:36:00.000,I-75,,,Not a Collision with Motor Vehicle,1,Clear,Dry,Dark-Not Lighted
2022-06-03T18:49:00.000,I 75,,,Rear End,2,Clear,Dry,Daylight
2022-11-27T07:29:00.000,I 285,,,Sideswipe-Same Direction,2,Clear,Wet,Daylight
2022-12-09T18:30:00.000,I-75,,,Rear End,2,Rain,Wet,Dark-Lighted
2022-01-23T02:34:00.000,I 75,,,Sideswipe-Same Direction,3,Clear,Dry,Dark-Not Lighted
2022-07-19T08:30:00.000,I 20,,,Sideswipe-Same Direction,2,Rain,Wet,Daylight
2022-10-05T17:43:00.000,I 285,,,Angle Crash,2,Cloudy,Dry,Daylight
2022-10-08T17:00:00.000,I-75,,,Rear End,2,Clear,Dry,Daylight
2022-08-15T00:56:00.000,I 285,,,Not a Collision with Motor Vehicle,1,Clear,Dry,Dark-Not Lighted
2022-06-08T19:25:00.000,I-75,,,Rear End,2,Clear,Dry,Daylight
2022-09-28T13:00:00.000,I-75,,,Rear End,2,Clear,Dry,Daylight
2022-11-16T14:36:00.000,I 85,,,Not a Collision with Motor Vehicle,1,Clear,Dry,Daylight
2022-07-17T19:00:00.000,I 16,,,Not a Collision with Motor Vehicle,1,Clear,Dry,Daylight
2022-11-19T01:47:00.000,I 75,,,Sideswipe-Same Direction,2,Cloudy,Dry,Dark-Not Lighted
2022-06-19T17:15:00.000,I 285,,,Not a Collision with Motor Vehicle,2,Cloudy,Dry,Daylight
2022-07-07T06:40:00.000,I 285,,,Not a Collision with Motor Vehicle,1,Cloudy,Dry,Daylight
2022-11-12T00:00:00.000,I 16,,,Rear End,2,Clear,Dry,Dark-Not Lighted
2022-10-12T17:32:00.000,I 20,,,Not a Collision with Motor Vehicle,1,Rain,Wet,Dark-Lighted
2022-05-02T17:45:00.000,I 85,,,Rear End,3,Clear,Dry,Daylight
2022-07-06T11:24:00.000,I 285,,,Not a Collision with Motor Vehicle,1,Clear,Dry,Daylight
2022-06-01T01:50:00.000,I-75,,,Not a Collision with Motor Vehicle,1,Clear,Dry,Dark-Lighted
2022-11-13T00:50:00.000,I 75,,,Rear End,2,Clear,Dry,Dark-Not Lighted
2022-03-21T12:54:00.000,I 85,,,Not a Collision with Motor Vehicle,2,Clear,Dry,Daylight
2022-03-04T07:52:00.000,I 285,,,Rear End,3,Clear,Dry,Daylight
2022-01-15T11:33:00.000,I 16,,,Rear End,2,Clear,Dry,Daylight
2022-09-26T15:48:00.000,I 16,,,Rear End,2,Clear,Dry,Daylight
2022-03-05T21:30:00.000,I-75,,,Rear End,3,Clear,Dry,Dark-Lighted
2022-02-01T16:05:00.000,I 75,,,Sideswipe-Same Direction,2,Clear,Dry,Daylight
2022-01-31T09:45:00.000,I 75,,,Rear End,2,Clear,Dry,Daylight
2022-10-29T20:00:00.000,I-75,,,Angle Crash,2,Clear,Dry,Dark-Not Lighted
2022-03-26T08:35:00.000,I 285,,,Rear End,2,Clear,Dry,Daylight
2022-07-29T07:50:00.000,I 75,,,Sideswipe-Same Direction,2,Clear,Dry,Daylight
2022-11-29T07:28:00.000,I 75,,,Rear End,2,Clear,Dry,Daylight
2022-06-13T19:39:00.000,I 285,,,Not a Collision with Motor Vehicle,1,Clear,Dry,Daylight
2022-07-27T02:10:00.000,I 85,,,Not a Collision with Motor Vehicle,1,Clear,Dry,Dark-Not Lighted
2022-04-11T15:32:00.000,I 20,,,Sideswipe-Same Direction,2,Cloudy,Dry,Daylight
2022-11-30T05:37:00.000,I-75,,,Sideswipe-Same Direction,2,Severe Thunderstorm or Tornadic,Water (standing or moving),Dark-Lighted
2022-01-02T11:00:00.000,I-75,,,Not a Collision with Motor Vehicle,1,Rain,Water (standing or moving),Daylight
2022-09-21T17:32:00.000,I-75,,,Angle Crash,2,Clear,Dry,Daylight
2022-03-23T17:00:00.000,I-75,,,Rear End,5,Cloudy,Dry,Daylight
2022-12-14T17:29:00.000,I-75,,,Rear End,2,Rain,Wet,Dark-Lighted
2022-11-04T07:47:00.000,I 285,,,Sideswipe-Same Direction,2,Clear,Dry,Dark-Lighted
2022-02-21T14:53:00.000,I 95,,,Rear End,2,Clear,Dry,Daylight
2022-10-06T18:19:00.000,I 95,,,Sideswipe-Same Direction,2,Clear,Dry,Daylight
2022-10-19T21:18:00.000,I 20,,,Sideswipe-Same Direction,2,Clear,Dry,Dark-Not Lighted
2022-09-21T16:35:00.000,I 285,,,Sideswipe-Same Direction,2,Clear,Dry,Daylight
2022-11-10T14:20:00.000,I 285,,,Rear End,2,Cloudy,Dry,Daylight
2022-04-08T09:45:00.000,I 20,,,Angle Crash,3,Clear,Dry,Daylight
2022-09-06T23:50:00.000,I 75,,,Angle Crash,2,Clear,Dry,Dark-Not Lighted
2022-12-05T15:18:00.000,I 285,,,Sideswipe-Same Direction,2,Cloudy,Wet,Daylight
2022-02-04T16:54:00.000,I 75,,,Rear End,3,Cloudy,Dry,Daylight
2022-06-03T19:55:00.000,I 75,,,Rear End,2,Clear,Dry,Daylight
2022-03-18T04:43:00.000,I 75,,,Rear End,2,Clear,Dry,Dark-Not Lighted
2022-05-04T18:45:00.000,I-75,,,Rear End,2,Clear,Dry,Daylight
2022-07-06T11:00:00.000,I 85,,,Sideswipe-Same Direction,2,Clear,Dry,Daylight
2022-07-23T00:55:00.000,I-75,,,Rear End,2,Clear,Water (standing or moving),Dark-Lighted
2022-11-29T13:00:00.000,I 285,,,Rear End,2,Clear,Dry,Daylight
2022-09-11T17:11:00.000,I 85,,,Rear End,2,Clear,Dry,Daylight
2022-07-24T19:45:00.000,I 285,,,Sideswipe-Same Direction,2,Clear,Dry,Dark-Not Lighted
2022-11-15T23:10:00.000,I 20,,,Sideswipe-Same Direction,3,Clear,Dry,Dark-Not Lighted
2022-05-16T17:32:00.000,I 75,,,Not a Collision with Motor Vehicle,2,Cloudy,Dry,Daylight
2022-11-12T20:00:00.000,I-75,,,Sideswipe-Same Direction,2,Clear,Dry,Dark-Not Lighted
2022-08-31T11:28:00.000,I 285,,,Rear End,2,Clear,Dry,Daylight
2022-10-09T14:40:00.000,I-75,,,Rear End,2,Clear,Dry,Daylight
2022-06-16T18:00:00.000,I 75,,,Sideswipe-Same Direction,2,Cloudy,Dry,Daylight
2022-08-06T16:18:00.000,I 75,,,Rear End,2,Clear,Dry,Daylight
2022-04-16T11:54:00.000,I-75,,,Sideswipe-Same Direction,2,Cloudy,Wet,Daylight
2022-05-27T15:20:00.000,I 20,,,Rear End,2,Clear,Dry,Daylight
2022-12-11T03:38:00.000,I 285,,,Rear End,3,Rain,Wet,Dark-Not Lighted
2022-07-01T23:10:00.000,I 16,,,Rear End,2,Cloudy,Wet,Dark-Not Lighted
2022-04-28T12:15:00.000,I 85,,,Rear End,2,Clear,Dry,Daylight
2022-04-19T06:40:00.000,I 20,,,Angle Crash,2,Clear,Dry,Daylight
2022-04-01T05:00:00.000,I-75,,,Sideswipe-Same Direction,2,Clear,Dry,Daylight
2022-03-23T09:01:00.000,I-75,,,Rear End,2,Rain,Wet,Daylight
2022-06-02T10:05:00.000,I 75,,,Rear End,3,Clear,Dry,Daylight
2022-07-05T21:10:00.000,I-75,,,Rear End,2,Clear,Dry,Dark-Lighted
2022-08-10T16:50:00.000,I-75,,,Angle Crash,2,Rain,Wet,Daylight
2022-09-04T23:51:00.000,I-75,,,Angle Crash,3,Clear,Dry,Dark-Lighted
2022-01-02T23:20:00.000,I 75,,,Not a Collision with Motor Vehicle,1,Rain,Water (standing or moving),Dark-Lighted
2022-11-10T12:10:00.000,I 16,,,Not a Collision with Motor Vehicle,1,Rain,Wet,Daylight
2022-10-31T12:10:00.000,I 85,,,Rear End,2,Cloudy,Wet,Daylight
2022-05-06T15:45:00.000,I 75,,,Not a Collision with Motor Vehicle,2,Cloudy,Dry,Daylight
2022-07-12T16:00:00.000,I 75,,,Sideswipe-Same Direction,2,Cloudy,Dry,Daylight
2022-01-21T23:57:00.000,I 75,,,Sideswipe-Same Direction,2,Clear,Wet,Dark-Not Lighted
2022-06-20T16:55:00.000,I 20,,,Rear End,2,Clear,Dry,Daylight
2022-08-12T21:29:00.000,I-75,,,Angle Crash,3,Clear,Dry,Dark-Lighted
2022-05-27T15:01:00.000,I 20,,,Rear End,4,Clear,Dry,Daylight
2022-12-25T18:55:00.000,I-75,,,Angle Crash,2,Clear,Dry,Dark-Lighted
2022-09-01T09:20:00.000,I 285,,,Sideswipe-Same Direction,2,Clear,Dry,Daylight
2022-08-16T07:28:00.000,I 75,,,Sideswipe-Same Direction,2,Clear,Dry,Daylight
2022-12-31T11:49:00.000,I 75,,,Angle Crash,2,Rain,Wet,Daylight
2022-08-31T17:30:00.000,I-75,,,Angle Crash,2,Clear,Dry,Daylight