Date and Time,Roadway (From Crash Report),Intersection Name (from Crash Report),KABCO Severity,Manner of Collision (Crash Level) ,# of Vehicles per crash ,Weather Conditions (Crash Level),Surface Condition (Crash Level) ,Light Conditions (Crash Level)
2022-11-09T15:30:00.000,I 20,,,Rear End,3,Clear,Dry,Daylight
2022-11-08T10:15:00.000,I 75,,,Not a Collision with Motor Vehicle,1,Cloudy,Dry,Daylight
2022-01-07T13:50:00.000,I 75,,,Rear End,2,Clear,Dry,Daylight
2022-03-13T21:16:00.000,I 75,,,Angle Crash,2,Clear,Dry,Dark-Lighted
2022-06-24T01:20:00.000,I 75,,,Sideswipe-Same Direction,2,Clear,Dry,Dark-Lighted
2022-09-05T19:42:00.000,I 85,,,Rear End,2,Rain,Wet,Dusk
2022-12-20T16:52:00.000,I 16,,,Rear End,2,Rain,Wet,Daylight
2022-03-24T08:00:00.000,I 75,,,Sideswipe-Same Direction,2,Clear,Dry,Daylight
2022-12-03T03:58:00.000,I-75,,,Sideswipe-Same Direction,2,Clear,Dry,Dark-Lighted
2022-11-01T18:10:00.000,I 85,,,Rear End,2,Clear,Dry,Dusk
2022-05-06T08:35:00.000,I 85,,,Sideswipe-Same Direction,2,Cloudy,Dry,Daylight
2022-07-13T18:27:00.000,I-75,,,Sideswipe-Same Direction,2,Cloudy,Water (standing or moving),Daylight
2022-09-23T16:47:00.000,I-75,,,Sideswipe-Same Direction,2,Clear,Dry,Daylight
2022-06-29T16:59:00.000,I-75,,,Rear End,2,Rain,Water (standing or moving),Daylight
2022-01-13T16:00:00.000,I 20,,,Rear End,2,Clear,Dry,Daylight
2022-08-22T22:08:00.000,I-75,,,Rear End,2,Clear,Dry,Dark-Lighted
2022-06-18T16:04:00.000,I 20,,,Angle Crash,3,Clear,Dry,Daylight
2022-07-15T04:48:00.000,I 75,,,Not a Collision with Motor Vehicle,1,Clear,Dry,Dark-Not Lighted
2022-08-20T23:31:00.000,I 75,,,Not a Collision with Motor Vehicle,1,Rain,Water (standing or moving),Dark-Not Lighted
2022-12-11T15:45:00.000,I 75,,,Rear End,2,Rain,Wet,Daylight
2022-07-07T06:47:00.000,I 95,,,Sideswipe-Same Direction,2,Clear,Dry,Daylight
2022-01-26T22:02:00.000,I 75,,,Angle Crash,2,Clear,Dry,Dark-Lighted
2022-08-26T20:37:00.000,I 16,,,Not a Collision with Motor Vehicle,1,Rain,Wet,Dark-Not Lighted
2022-02-21T15:32:00.000,I 75,,,Sideswipe-Same Direction,2,Rain,Wet,Daylight
2022-08-26T22:17:00.000,I 75,,,Rear End,2,Cloudy,Wet,Dark-Not Lighted
2022-06-04T20:30:00.000,I 75,,,Rear End,2,Cloudy,Wet,Dark-Not Lighted
2022-10-20T15:40:00.000,I 85,,,Head On,3,Clear,Dry,Daylight
2022-09-27T18:32:00.000,I 75,,,Rear End,4,Clear,Dry,Daylight
2022-03-10T15:49:00.000,I 285,,,Sideswipe-Same Direction,2,Clear,Dry,Daylight
2022-11-19T15:30:00.000,I-75,,,Sideswipe-Same Direction,3,Clear,Dry,Daylight
2022-09-26T14:20:00.000,I 75,,,Rear End,2,Clear,Dry,Daylight
2022-02-25T12:00:00.000,I 285,,,Sideswipe-Same Direction,2,Cloudy,Dry,Daylight
2022-12-20T18:44:00.000,I 16,,,Not a Collision with Motor Vehicle,1,Rain,Wet,Dark-Not Lighted
2022-07-15T15:58:00.000,I 75,,,Rear End,2,Clear,Dry,Daylight
2022-05-23T06:59:00.000,I 16,,,Not a Collision with Motor Vehicle,1,Clear,Dry,Daylight
2022-11-25T17:00:00.000,I 75,,,Sideswipe-Same Direction,2,Clear,Dry,Daylight
2022-01-05T22:17:00.000,I 16,,,Rear End,2,Clear,Dry,Dark-Not Lighted
2022-11-23T12:10:00.000,I 20,,,Not a Collision with Motor Vehicle,1,Clear,Dry,Daylight
2022-04-15T07:33:00.000,I 75,,,Rear End,2,Clear,Dry,Daylight
2022-01-28T03:25:00.000,I 285,,,Sideswipe-Same Direction,2,Clear,Dry,Dark-Not Lighted
2022-08-31T21:58:00.000,I 75,,,Sideswipe-Same Direction,2,Clear,Dry,Dark-Not Lighted
2022-06-19T04:00:00.000,I-75,,,Angle Crash,2,Clear,Dry,Dark-Lighted
2022-08-06T16:36:00.000,I 75,,,Rear End,3,Clear,Dry,Daylight
2022-04-04T07:10:00.000,I 75,,,Sideswipe-Same Direction,2,Clear,Dry,Daylight
2022-07-16T16:11:00.000,I-75,,,Rear End,2,Clear,Dry,Daylight
2022-04-29T16:54:00.000,I 16,,,Rear End,2,Clear,Dry,Daylight
2022-11-10T13:27:00.000,I 285,,,Sideswipe-Same Direction,2,Rain,Wet,Daylight
2022-07-07T15:20:00.000,I 85,,,Sideswipe-Same Direction,2,Clear,Dry,Daylight
2022-05-07T11:15:00.000,I-75,,,Rear End,2,Clear,Dry,Dark-Lighted
2022-06-26T11:19:00.000,I 85,,,Rear End,2,Cloudy,Dry,Daylight
2022-12-10T01:16:00.000,I 16,,,Angle Crash,2,Clear,Dry,Dark-Lighted
2022-02-02T08:20:00.000,I-75,,,Rear End,2,Cloudy,Dry,Dark-Not Lighted
2022-12-25T01:30:00.000,I 75,,,Not a Collision with Motor Vehicle,1,Clear,Dry,Daylight
2022-03-20T01:45:00.000,I-75,,,Not a Collision with Motor Vehicle,1,Clear,Dry,Dark-Lighted
2022-03-08T18:02:00.000,I 285,,,Not a Collision with Motor Vehicle,1,Rain,Wet,Daylight
2022-03-29T15:52:00.000,I 285,,,Not a Collision with Motor Vehicle,1,Clear,Dry,Daylight
2022-12-15T21:14:00.000,I 75,,,Rear End,2,Clear,Dry,Dark-Lighted
2022-01-08T16:53:00.000,I-75,,,Rear End,2,Clear,Dry,Daylight
2022-04-14T14:24:00.000,I 75,,,Rear End,2,Cloudy,Dry,Daylight
2022-12-02T12:04:00.000,I 75,,,Not a Collision with Motor Vehicle,1,Clear,Dry,Dark-Lighted
2022-01-04T19:15:00.000,I 75,,,Sideswipe-Same Direction,2,Clear,Dry,Dark-Not Lighted
2022-12-08T14:30:00.000,I 285,,,Sideswipe-Same Direction,2,Clear,Dry,Daylight
2022-05-18T18:00:00.000,I-75,,,Sideswipe-Same Direction,2,Clear,Dry,Daylight
2022-05-06T00:33:00.000,I-75,,,Sideswipe-Same Direction,3,Clear,Dry,Dark-Lighted
2022-07-30T18:30:00.000,I-75,,,Rear End,2,Rain,Water (standing or moving),Daylight
2022-06-04T03:05:00.000,I 75,,,Not a Collision with Motor Vehicle,1,Clear,Dry,Dark-Lighted
2022-09-08T07:56:00.000,I 20,,,Rear End,2,Clear,Dry,Daylight
2022-10-18T10:20:00.000,I 20,,,Not a Collision with Motor Vehicle,2,Clear,Dry,Daylight
2022-11-19T22:30:00.000,I-75,,,Rear End,3,Clear,Dry,Dark-Lighted
2022-05-12T19:50:00.000,I-75,,,Angle Crash,2,Clear,Dry,Daylight
2022-06-20T07:11:00.000,I 285,,,Angle Crash,2,Clear,Dry,Daylight
2022-01-09T20:15:00.000,I 75,,,Rear End,2,Cloudy,Wet,Dark-Lighted
2022-05-10T10:45:00.000,I 285,,,Angle Crash,2,Clear,Dry,Daylight
2022-04-04T14:33:00.000,I 285,,,Not a Collision with Motor Vehicle,1,Clear,Dry,Daylight
2022-08-09T10:00:00.000,I 285,,,Not a Collision with Motor Vehicle,1,Clear,Dry,Daylight
2022-12-21T07:29:00.000,I 285,,,Sideswipe-Same Direction,2,Clear,Dry,Daylight
2022-12-08T17:50:00.000,I 285,,,Rear End,3,Clear,Dry,Dark-Not Lighted
2022-05-15T17:19:00.000,I 75,,,Rear End,2,Rain,Wet,Daylight
2022-09-11T19:30:00.000,I-75,,,Sideswipe-Opposite Direction,2,Clear,Dry,Daylight
2022-02-27T09:20:00.000,I 20,,,Sideswipe-Same Direction,2,Rain,Wet,Daylight
2022-04-04T12:35:00.000,I 85,,,Not a Collision with Motor Vehicle,1,Clear,Dry,Daylight
2022-12-09T18:00:00.000,I 285,,,Rear End,2,Rain,Wet,Dark-Not Lighted
2022-12-17T16:00:00.000,I-75,,,Rear End,2,Clear,Dry,Daylight
2022-06-10T13:26:00.000,I 75,,,Sideswipe-Same Direction,2,Clear,Dry,Daylight
2022-09-14T12:07:00.000,I 85,,,Not a Collision with Motor Vehicle,1,Clear,Dry,Daylight
2022-02-14T08:08:00.000,I 20,,,Not a Collision with Motor Vehicle,1,Clear,Dry,Daylight
2022-04-25T07:16:00.000,I 20,,,Rear End,3,Clear,Dry,Daylight
2022-04-12T17:20:00.000,I 285,,,Sideswipe-Same Direction,2,Clear,Dry,Daylight
2022-09-18T03:00:00.000,I-75,,,Rear End,2,Clear,Dry,Dark-Not Lighted
2022-12-16T16:00:00.000,I-75,,,Sideswipe-Same Direction,2,Clear,Dry,Daylight
2022-11-25T18:00:00.000,I 20,,,Angle Crash,2,Clear,Dry,Dark-Lighted
2022-09-10T03:40:00.000,I 75,,,Rear End,2,Rain,Wet,Dark-Not Lighted
2022-10-05T06:00:00.000,I 85,,,Sideswipe-Same Direction,2,Clear,Dry,Dark-Lighted
2022-02-11T14:55:00.000,I 85,,,Rear End,2,Clear,Dry,Daylight
2022-07-23T15:00:00.000,I 20,,,Rear End,2,Clear,Dry,Daylight
2022-06-26T09:30:00.000,I 20,,,Rear End,2,Clear,Dry,Daylight
2022-06-07T21:53:00.000,I 75,,,Angle Crash,2,Rain,Water (standing or moving),Dark-Not Lighted
2022-09-02T20:46:00.000,I 285,,,Rear End,2,Cloudy,Wet,Dark-Lighted
2022-12-06T07:20:00.000,I 75,,,Rear End,2,Cloudy,Wet,Daylight
2022-03-01T10:52:00.000,I 75,,,Not a Collision with Motor Vehicle,2,Clear,Dry,Daylight
2022-09-05T05:34:00.000,I 20,,,Not a Collision with Motor Vehicle,1,Cloudy,Wet,Dark-Not Lighted
2022-11-18T09:17:00.000,I 16,,,Rear End,2,Clear,Dry,Daylight
2022-12-16T17:23:00.000,I 16,,,Not a Collision with Motor Vehicle,1,Clear,Dry,Dark-Not Lighted
2022-10-13T07:55:00.000,I 85,,,Sideswipe-Same Direction,2,Clear,Dry,Daylight
2022-02-27T19:35:00.000,I 75,,,Sideswipe-Same Direction,2,Clear,Dry,Dark-Lighted
2022-03-16T05:56:00.000,I 75,,,Rear End,2,Rain,Wet,Dark-Not Lighted
2022-06-16T09:20:00.000,I 85,,,Sideswipe-Same Direction,2,Clear,Dry,Daylight
2022-04-10T06:10:00.000,I-75,,,Rear End,2,Clear,Dry,Dark-Lighted
2022-08-02T09:47:00.000,I 95,,,Not a Collision with Motor Vehicle,4,Clear,Dry,Daylight
2022-06-29T17:33:00.000,I-75,,,Rear End,2,Clear,Dry,Daylight
2022-03-02T05:25:00.000,I 285,,,Not a Collision with Motor Vehicle,1,Clear,Dry,Dusk
2022-09-12T08:50:00.000,I 85,,,Sideswipe-Same Direction,2,Cloudy,Dry,Daylight
2022-03-07T15:42:00.000,I 75,,,Rear End,2,Rain,Wet,Daylight
2022-09-01T19:20:00.000,I 285,,,Rear End,3,Clear,Dry,Daylight
2022-08-14T21:15:00.000,I 85,,,Rear End,2,Cloudy,Dry,Dark-Not Lighted
2022-08-12T02:51:00.000,I-75,,,Sideswipe-Same Direction,2,Clear,Wet,Dark-Lighted
2022-01-02T21:00:00.000,I-75,,,Not a Collision with Motor Vehicle,1,Clear,Dry,Dark-Lighted
2022-01-18T10:42:00.000,I 75,,,Sideswipe-Same Direction,2,Clear,Dry,Daylight
2022-09-09T20:00:00.000,I-75,,,Rear End,2,Clear,Dry,Dark-Lighted
2022-12-12T00:00:00.000,I 285,,,Sideswipe-Same Direction,7,Cloudy,Dry,Daylight
2022-06-27T18:50:00.000,I 20,,,Not a Collision with Motor Vehicle,1,Rain,Wet,Daylight
2022-05-21T19:32:00.000,I-75,,,Sideswipe-Same Direction,2,Clear,Dry,Daylight
2022-04-30T17:04:00.000,I 20,,,Sideswipe-Same Direction,2,Clear,Dry,Daylight
2022-08-10T14:00:00.000,I-75,,,Rear End,2,Clear,Dry,Daylight
2022-08-06T12:55:00.000,I-75,,,Rear End,2,Clear,Dry,Daylight
2022-10-12T16:55:00.000,I 85,,,Not a Collision with Motor Vehicle,1,Rain,Wet,Daylight
2022-07-10T01:30:00.000,I-75,,,Angle Crash,2,Cloudy,Dry,Dark-Lighted
2022-02-06T05:24:00.000,I 75,,,Not a Collision with Motor Vehicle,1,Clear,Dry,Dark-Not Lighted
2022-06-09T23:20:00.000,I 85,,,Not a Collision with Motor Vehicle,2,Clear,Dry,Dark-Not Lighted
2022-05-04T15:40:00.000,I-75,,,Not a Collision with Motor Vehicle,1,Clear,Dry,Daylight
2022-11-07T06:01:00.000,I 85,,,Not a Collision with Motor Vehicle,2,Clear,Dry,Dark-Not Lighted
2022-04-24T21:22:00.000,I-75,,,Not a Collision with Motor Vehicle,1,Clear,Dry,Dark-Not Lighted
2022-10-02T18:00:00.000,I 75,,,Rear End,3,Clear,Dry,Daylight
2022-09-19T06:25:00.000,I 285,,,Sideswipe-Same Direction,2,Clear,Dry,Dark-Lighted
2022-11-28T12:35:00.000,I 20,,,Rear End,2,Clear,Dry,Daylight
2022-05-19T08:30:00.000,I 20,,,Rear End,2,Clear,Dry,Daylight
2022-12-13T08:10:00.000,I 85,,,Angle Crash,2,Cloudy,Dry,Daylight
2022-08-04T12:13:00.000,I 20,,,Sideswipe-Same Direction,2,Clear,Dry,Daylight
2022-04-15T19:05:00.000,I 285,,,Rear End,4,Clear,Dry,Daylight
2022-12-17T16:52:00.000,I 16,,,Sideswipe-Same Direction,2,Cloudy,Dry,Dusk
2022-04-18T21:30:00.000,I 285,,,Rear End,3,Clear,Dry,Dark-Lighted
2022-02-16T13:09:00.000,I 75,,,Rear End,3,Clear,Dry,Daylight
2022-10-14T19:01:00.000,I 20,,,Not a Collision with Motor Vehicle,1,Cloudy,Dry,Dusk
2022-06-11T11:40:00.000,I 75,,,Rear End,2,Clear,Dry,Daylight
2022-12-25T19:31:00.000,I 75,,,Rear End,2,Clear,Dry,Dark-Lighted
2022-03-03T08:05:00.000,I 75,,,Sideswipe-Same Direction,2,Clear,Dry,Daylight
2022-03-02T18:14:00.000,I 285,,,Not a Collision with Motor Vehicle,1,Clear,Dry,Dusk
2022-09-04T17:30:00.000,I-75,,,Rear End,2,Rain,Water (standing or moving),Daylight
2022-04-14T17:48:00.000,I 20,,,Sideswipe-Same Direction,2,Clear,Dry,Daylight
2022-10-10T04:39:00.000,I-75,,,Not a Collision with Motor Vehicle,1,Clear,Dry,Dark-Not Lighted
2022-10-11T09:04:00.000,I 16,,,Rear End,2,Clear,Dry,Daylight
2022-01-30T10:03:00.000,I 75,,,Not a Collision with Motor Vehicle,1,Clear,Dry,Daylight
2022-08-26T20:15:00.000,I-75,,,Rear End,2,Clear,Dry,Dark-Lighted
2022-10-05T21:30:00.000,I 285,,,Sideswipe-Same Direction,2,Clear,Dry,Dark-Not Lighted
2022-03-18T09:00:00.000,I 75,,,Sideswipe-Same Direction,2,Cloudy,Dry,Daylight
2022-02-22T19:15:00.000,I 285,,,Sideswipe-Same Direction,2,Clear,Dry,Dark-Not Lighted
2022-12-29T18:03:00.000,I-75,,,Rear End,2,Clear,Dry,Dark-Lighted
2022-08-05T06:42:00.000,I 75,,,Sideswipe-Same Direction,2,Clear,Dry,Dark-Not Lighted
2022-08-27T11:23:00.000,I 75,,,Not a Collision with Motor Vehicle,1,Clear,Dry,Daylight
2022-05-11T09:03:00.000,I 16,,,Rear End,2,Clear,Dry,Daylight
2022-12-20T19:21:00.000,I 85,,,Rear End,2,Clear,Dry,Dark-Not Lighted
2022-10-04T21:49:00.000,I-75,,,Rear End,2,Clear,Dry,Dark-Lighted
2022-06-02T00:32:00.000,I-75,,,Rear End,2,Clear,Dry,Dark-Lighted
2022-09-01T00:11:00.000,I 20,,,Rear End,2,Clear,Dry,Dark-Not Lighted
2022-09-04T13:23:00.000,I 16,,,Sideswipe-Same Direction,2,Clear,Dry,Daylight
2022-10-24T16:00:00.000,I 85,,,Rear End,2,Clear,Dry,Daylight
2022-08-15T00:00:00.000,I 85,,,Sideswipe-Opposite Direction,3,Clear,Dry,Dark-Lighted
2022-11-27T02:18:00.000,I 85,,,Head On,2,Rain,Wet,Dark-Not Lighted
2022-12-13T14:55:00.000,I 85,,,Not a Collision with Motor Vehicle,1,Clear,Dry,Daylight
2022-01-05T12:00:00.000,I 285,,,Sideswipe-Same Direction,2,Clear,Dry,Daylight
2022-05-02T00:03:00.000,I 16,,,Sideswipe-Same Direction,2,Clear,Dry,Dark-Lighted
2022-12-01T17:30:00.000,I 85,,,Rear End,2,Clear,Dry,Dark-Not Lighted
2022-03-27T21:10:00.000,I 285,,,Rear End,2,Clear,Dry,Dark-Not Lighted
2022-07-29T18:35:00.000,I 85,,,Not a Collision with Motor Vehicle,1,Clear,Dry,Daylight
2022-11-12T02:30:00.000,I 85,,,Head On,1,Clear,Wet,Dark-Not Lighted
2022-01-14T05:28:00.000,I-75,,,Sideswipe-Same Direction,2,Clear,Dry,Dark-Lighted
2022-01-05T08:42:00.000,I 285,,,Sideswipe-Same Direction,2,Clear,Dry,Daylight
2022-12-27T17:17:00.000,I-75,,,Rear End,2,Clear,Dry,Dark-Lighted
2022-06-15T16:09:00.000,I 285,,,Sideswipe-Same Direction,2,Clear,Dry,Daylight
2022-07-03T13:48:00.000,I 285,,,Angle Crash,2,Clear,Dry,Daylight
2022-09-25T15:25:00.000,I 75,,,Rear End,4,Clear,Dry,Daylight
2022-10-05T08:05:00.000,I 75,,,Rear End,3,Clear,Dry,Daylight
2022-01-20T14:53:00.000,I 285,,,Rear End,2,Cloudy,Wet,Daylight
2022-08-13T17:37:00.000,I-75,,,Rear End,3,Clear,Dry,Daylight
2022-06-20T11:55:00.000,I 75,,,Rear End,2,Clear,Dry,Daylight
2022-09-28T17:00:00.000,I 16,,,Rear End,2,Clear,Dry,Daylight
2022-04-04T15:45:00.000,I 75,,,Not a Collision with Motor Vehicle,1,Clear,Dry,Daylight
2022-10-15T12:48:00.000,I 285,,,Rear End,2,Clear,Dry,Daylight
2022-02-06T17:07:00.000,I 285,,,Sideswipe-Same Direction,2,Clear,Dry,Dawn
2022-01-01T21:44:00.000,I-75,,,Rear End,2,Clear,Dry,Dark-Lighted
2022-01-13T09:38:00.000,I-75,,,Rear End,2,Clear,Dry,Daylight
2022-10-14T15:00:00.000,I 75,,,Sideswipe-Same Direction,2,Clear,Dry,Daylight
2022-10-02T23:56:00.000,I-75,,,Head On,2,Clear,Dry,Dark-Lighted
2022-03-20T15:32:00.000,I-75,,,Rear End,2,Clear,Dry,Daylight
2022-08-26T09:45:00.000,I 285,,,Angle Crash,2,Clear,Dry,Daylight
2022-11-19T17:56:00.000,I-75,,,Rear End,3,Clear,Dry,Dark-Not Lighted
2022-03-19T22:30:00.000,I-75,,,Rear End,2,Clear,Dry,Dark-Lighted
2022-08-01T18:00:00.000,I 285,,,Rear End,2,Cloudy,Dry,Daylight
2022-05-18T00:00:00.000,I 285,,,Angle Crash,2,Clear,Dry,Dark-Lighted
2022-10-24T06:20:00.000,I 85,,,Rear End,2,Clear,Dry,Dark-Lighted
2022-06-02T16:52:00.000,I 75,,,Rear End,2,Cloudy,Dry,Daylight
2022-04-12T07:19:00.000,I 85,,,Rear End,2,Cloudy,Dry,Daylight
2022-05-21T20:37:00.000,I-75,,,Rear End,2,Clear,Dry,Dark-Lighted
2022-07-13T15:30:00.000,I 75,,,Rear End,2,Cloudy,Dry,Daylight
2022-07-13T14:32:00.000,I 85,,,Sideswipe-Same Direction,2,Clear,Dry,Daylight
2022-09-28T09:00:00.000,I 85,,,Sideswipe-Same Direction,2,Clear,Dry,Daylight
2022-03-30T07:26:00.000,I-75,,,Sideswipe-Same Direction,2,Cloudy,Dry,Daylight
2022-08-21T00:32:00.000,I 20,,,Rear End,6,Rain,Water (standing or moving),Dark-Lighted
2022-01-25T16:20:00.000,I 85,,,Rear End,2,Clear,Dry,Daylight
2022-11-09T19:59:00.000,I 75,,,Rear End,3,Clear,Dry,Dark-Lighted
2022-08-19T03:16:00.000,I 75,,,Sideswipe-Same Direction,2,Cloudy,Dry,Dark-Not Lighted
2022-11-19T18:50:00.000,I 285,,,Rear End,2,Clear,Dry,Dark-Lighted
2022-11-19T19:45:00.000,I 285,,,Sideswipe-Same Direction,2,Cloudy,Dry,Dark-Not Lighted
2022-03-30T11:15:00.000,I 20,,,Not a Collision with Motor Vehicle,2,Cloudy,Dry,Daylight
2022-10-14T01:07:00.000,I-75,,,Rear End,2,Clear,Dry,Dark-Lighted
2022-09-07T17:12:00.000,I 16,,,Rear End,4,Clear,Dry,Daylight
2022-02-18T02:15:00.000,I 16,,,Not a Collision with Motor Vehicle,1,Rain,Wet,Dark-Not Lighted
2022-07-14T17:50:00.000,I 285,,,Rear End,5,Clear,Dry,Daylight
2022-02-16T17:46:00.000,I 75,,,Sideswipe-Same Direction,2,Clear,Dry,Daylight
2022-06-01T07:44:00.000,I 20,,,Not a Collision with Motor Vehicle,2,Clear,Dry,Daylight
2022-11-12T20:05:00.000,I 285,,,Sideswipe-Same Direction,3,Cloudy,Dry,Dark-Not Lighted
2022-12-15T05:02:00.000,I 285,,,Not a Collision with Motor Vehicle,1,Rain,Wet,Dark-Not Lighted
2022-12-17T16:00:00.000,I-75,,,Sideswipe-Same Direction,2,Clear,Dry,Daylight
2022-06-23T19:08:00.000,I 75,,,Rear End,2,Clear,Dry,Daylight
2022-10-27T06:15:00.000,I 85,,,Rear End,2,Clear,Dry,Dark-Lighted
2022-07-12T19:34:00.000,I 16,,,Not a Collision with Motor Vehicle,1,Rain,Wet,Daylight
2022-02-05T07:09:00.000,I 75,,,Rear End,2,Clear,Dry,Dawn
2022-03-12T12:34:00.000,I-75,,,Rear End,2,Clear,Dry,Daylight
2022-02-10T16:00:00.000,I 285,,,Sideswipe-Same Direction,2,Cloudy,Dry,Daylight
2022-11-27T04:18:00.000,I 75,,,Not a Collision with Motor Vehicle,1,Rain,Wet,Dark-Not Lighted
2022-03-17T13:15:00.000,I 20,,,Sideswipe-Same Direction,2,Clear,Dry,Daylight
2022-07-12T19:52:00.000,I 75,,,Not a Collision with Motor Vehicle,1,Rain,Wet,Daylight
2022-10-18T20:25:00.000,I 75,,,Angle Crash,2,Clear,Dry,Dark-Not Lighted
2022-06-14T14:11:00.000,I 75,,,Rear End,3,Clear,Dry,Daylight
2022-11-18T15:06:00.000,I 75,,,Rear End,2,Clear,Dry,Daylight
2022-09-24T08:30:00.000,I-75,,,Sideswipe-Same Direction,2,Clear,Dry,Daylight
2022-05-11T17:30:00.000,I 285,,,Sideswipe-Same Direction,2,Clear,Dry,Daylight
2022-02-24T18:50:00.000,I 20,,,Rear End,3,Clear,Dry,Dark-Not Lighted
2022-08-12T16:37:00.000,I 75,,,Not a Collision with Motor Vehicle,1,Rain,Wet,Daylight
2022-09-12T20:00:00.000,I-75,,,Rear End,3,Clear,Dry,Dark-Lighted
2022-02-27T20:41:00.000,I 285,,,Sideswipe-Same Direction,2,Clear,Dry,Dark-Lighted
2022-07-15T00:00:00.000,I 75,,,Rear End,2,Clear,Dry,Daylight
2022-03-13T06:32:00.000,I 16,,,Rear End,2,Clear,Dry,Dark-Not Lighted
2022-04-21T10:44:00.000,I 285,,,Sideswipe-Same Direction,2,Clear,Dry,Daylight
2022-12-25T10:51:00.000,I 85,,,Sideswipe-Same Direction,2,Clear,Dry,Daylight
2022-12-12T07:12:00.000,I 85,,,Sideswipe-Same Direction,2,Clear,Dry,Dark-Not Lighted
2022-08-22T15:50:00.000,I 20,,,Rear End,2,Cloudy,Wet,Daylight
2022-12-12T00:49:00.000,I-75,,,Not a Collision with Motor Vehicle,1,Fog,Wet,Dark-Lighted
2022-10-26T08:45:00.000,I 285,,,Angle Crash,2,Clear,Dry,Daylight
2022-01-08T17:06:00.000,I 75,,,Not a Collision with Motor Vehicle,1,Rain,Wet,Daylight
2022-01-29T11:46:00.000,I-75,,,Angle Crash,3,Clear,Dry,Daylight
2022-01-14T10:41:00.000,I-75,,,Rear End,2,Clear,Dry,Daylight
2022-06-09T23:40:00.000,I-75,,,Rear End,2,Clear,Dry,Dark-Lighted
2022-04-30T21:00:00.000,I-75,,,Head On,2,Clear,Dry,Dark-Not Lighted
2022-09-30T00:56:00.000,I 20,,,Angle Crash,2,Clear,Dry,Dark-Lighted
2022-11-27T10:30:00.000,I 75,,,Angle Crash,2,Clear,Dry,Daylight
2022-12-09T00:00:00.000,I 285,,,Rear End,2,Cloudy,Dry,Daylight
2022-08-01T11:37:00.000,I 75,,,Angle Crash,2,Rain,Wet,Daylight
2022-04-01T13:00:00.000,I 75,,,Sideswipe-Same Direction,2,Clear,Dry,Daylight
2022-12-23T13:30:00.000,I 285,,,Sideswipe-Same Direction,2,Clear,Dry,Daylight
2022-10-18T04:13:00.000,I 95,,,Not a Collision with Motor Vehicle,1,Clear,Dry,Dark-Not Lighted
2022-04-07T21:25:00.000,I 75,,,Angle Crash,3,Clear,Dry,Dark-Not Lighted
2022-08-31T18:00:00.000,I-75,,,Sideswipe-Same Direction,2,Clear,Dry,Daylight
2022-04-01T15:47:00.000,I 16,,,Rear End,3,Clear,Dry,Daylight
2022-06-01T18:13:00.000,I 75,,,Not a Collision with Motor Vehicle,1,Clear,Dry,Daylight
2022-08-13T07:35:00.000,I-75,,,Not a Collision with Motor Vehicle,1,Clear,Dry,Daylight
2022-06-09T13:40:00.000,I 75,,,Rear End,2,Cloudy,Dry,Daylight
2022-04-02T23:31:00.000,I 20,,,Sideswipe-Same Direction,2,Clear,Dry,Dark-Not Lighted
2022-09-19T17:48:00.000,I 75,,,Angle Crash,2,Clear,Dry,Daylight
2022-04-30T17:59:00.000,I 85,,,Sideswipe-Same Direction,2,Clear,Dry,Daylight
2022-11-03T05:30:00.000,I 75,,,Rear End,2,Clear,Dry,Dark-Not Lighted
2022-10-18T05:33:00.000,I 16,,,Not a Collision with Motor Vehicle,1,Clear,Dry,Dark-Not Lighted
2022-08-24T15:53:00.000,I-75,,,Angle Crash,2,Clear,Dry,Daylight
2022-02-26T12:11:00.000,I 75,,,Rear End,2,Clear,Dry,Daylight
2022-06-12T14:44:00.000,I 75,,,Rear End,2,Clear,Dry,Daylight
2022-04-02T10:51:00.000,I 20,,,Rear End,2,Clear,Dry,Daylight
2022-02-17T14:02:00.000,I 75,,,Not a Collision with Motor Vehicle,1,Cloudy,Dry,Daylight
2022-04-17T07:00:00.000,I-75,,,Rear End,2,Cloudy,Dry,Daylight
2022-04-23T14:30:00.000,I 285,,,Rear End,2,Clear,Dry,Daylight
2022-09-10T08:10:00.000,I 285,,,Rear End,2,Rain,Wet,Daylight
2022-09-14T12:05:00.000,I 20,,,Sideswipe-Same Direction,2,Clear,Dry,Daylight
2022-01-26T05:29:00.000,I 16,,,Angle Crash,3,Clear,Dry,Dark-Not Lighted
2022-03-20T12:20:00.000,I-75,,,Sideswipe-Same Direction,2,Clear,Dry,Daylight
2022-03-28T11:40:00.000,I 75,,,Rear End,2,Clear,Dry,Daylight
2022-12-22T17:08:00.000,I 20,,,Angle Crash,2,Clear,Dry,Daylight
2022-06-27T15:31:00.000,I 285,,,Sideswipe-Same Direction,2,Cloudy,Dry,Daylight
2022-01-15T14:41:00.000,I 285,,,Sideswipe-Same Direction,2,Cloudy,Dry,Daylight
2022-02-15T01:34:00.000,I 16,,,Sideswipe-Same Direction,2,Clear,Dry,Dark-Not Lighted
2022-11-05T13:54:00.000,I-75,,,Sideswipe-Same Direction,2,Cloudy,Dry,Daylight
2022-06-19T22:15:00.000,I-75,,,Not a Collision with Motor Vehicle,3,Clear,Dry,Dark-Lighted
2022-07-06T15:00:00.000,I 75,,,Sideswipe-Same Direction,2,Clear,Dry,Daylight
2022-06-07T12:03:00.000,I 75,,,Angle Crash,2,Clear,Dry,Daylight
2022-05-31T12:47:00.000,I 20,,,Angle Crash,2,Clear,Dry,Daylight