Date and Time,Roadway (From Crash Report),Intersection Name (from Crash Report),KABCO Severity,Manner of Collision (Crash Level) ,# of Vehicles per crash ,Weather Conditions (Crash Level),Surface Condition (Crash Level) ,Light Conditions (Crash Level)
2022-12-02T11:07:00.000,I 16,,,Rear End,2,Clear,Dry,Daylight
2022-02-22T11:50:00.000,I 75,,,Sideswipe-Same Direction,3,Clear,Wet,Daylight
2022-10-12T19:17:00.000,I 20,,,Sideswipe-Same Direction,2,Rain,Wet,Daylight
2022-02-19T17:45:00.000,I 85,,,Rear End,2,Clear,Dry,Daylight
2022-07-10T23:30:00.000,I-75,,,Sideswipe-Same Direction,2,Clear,Dry,Dark-Lighted
2022-11-16T20:34:00.000,I 285,,,Rear End,2,Clear,Dry,Dark-Lighted
2022-07-26T11:29:00.000,I 85,,,Sideswipe-Same Direction,2,Cloudy,Dry,Daylight
2022-05-23T16:44:00.000,I 20,,,Not a Collision with Motor Vehicle,1,Rain,Wet,Daylight
2022-09-13T08:44:00.000,I 75,,,Rear End,2,Clear,Dry,Daylight
2022-05-23T16:00:00.000,I-75,,,Sideswipe-Same Direction,2,Cloudy,Dry,Daylight
2022-02-26T19:40:00.000,I-75,,,Rear End,2,Clear,Dry,Dark-Lighted
2022-11-27T15:45:00.000,I 75,,,Angle Crash,2,Cloudy,Dry,Daylight
2022-01-25T06:40:00.000,I 285,,,Sideswipe-Same Direction,2,Clear,Dry,Dark-Lighted
2022-10-04T09:55:00.000,I 285,,,Sideswipe-Same Direction,2,Clear,Dry,Daylight
2022-04-03T10:16:00.000,I 75,,,Angle Crash,3,Clear,Dry,Daylight
2022-03-27T16:17:00.000,I 285,,,Rear End,2,Clear,Dry,Daylight
2022-05-05T11:30:00.000,I-75,,,Sideswipe-Same Direction,2,Clear,Dry,Daylight
2022-06-23T23:48:00.000,I 20,,,Sideswipe-Same Direction,2,Clear,Dry,Dark-Lighted
2022-12-28T07:42:00.000,I 75,,,Angle Crash,2,Clear,Dry,Daylight
2022-02-23T13:00:00.000,I-75,,,Rear End,3,Cloudy,Wet,Daylight
2022-05-03T20:45:00.000,I-75,,,Sideswipe-Same Direction,2,Clear,Dry,Dusk
2022-04-02T03:01:00.000,I-75,,,Angle Crash,2,Clear,Dry,Dark-Lighted
2022-01-23T03:30:00.000,I 285,,,Not a Collision with Motor Vehicle,1,Clear,Dry,Dark-Lighted
2022-10-22T01:17:00.000,I 75,,,Angle Crash,2,Clear,Dry,Dark-Lighted
2022-01-21T15:58:00.000,I 75,,,Sideswipe-Same Direction,2,Cloudy,Dry,Daylight
2022-04-29T12:15:00.000,I 75,,,Rear End,2,Clear,Dry,Daylight
2022-06-08T20:04:00.000,I-75,,,Rear End,3,Cloudy,Dry,Daylight
2022-07-15T19:47:00.000,I 20,,,Sideswipe-Same Direction,4,Clear,Dry,Daylight
2022-02-21T14:34:00.000,I 20,,,Sideswipe-Same Direction,2,Rain,Wet,Daylight
2022-04-30T14:00:00.000,I-75,,,Rear End,2,Clear,Dry,Daylight
2022-05-28T19:59:00.000,I 75,,,Rear End,2,Clear,Dry,Daylight
2022-09-14T14:15:00.000,I 285,,,Sideswipe-Same Direction,2,Clear,Dry,Daylight
2022-02-04T07:24:00.000,I 285,,,Not a Collision with Motor Vehicle,1,Rain,Wet,Daylight
2022-08-29T20:24:00.000,I 85,,,Rear End,2,Cloudy,Dry,Dark-Lighted
2022-09-13T04:54:00.000,I 20,,,Not a Collision with Motor Vehicle,1,Clear,Dry,Dark-Lighted
2022-05-05T04:42:00.000,I 75,,,Not a Collision with Motor Vehicle,1,Clear,Dry,Dark-Not Lighted
2022-08-30T12:22:00.000,I 75,,,Not a Collision with Motor Vehicle,1,Cloudy,Dry,Daylight
2022-08-05T21:34:00.000,I 75,,,Angle Crash,2,Clear,Dry,Dark-Lighted
2022-08-07T22:45:00.000,I 85,,,Not a Collision with Motor Vehicle,1,Rain,Wet,Dark-Lighted
2022-11-15T17:20:00.000,I 20,,,Sideswipe-Same Direction,2,Rain,Wet,Dusk
2022-07-20T13:40:00.000,I-75,,,Rear End,3,Clear,Dry,Daylight
2022-03-15T03:10:00.000,I 285,,,Sideswipe-Same Direction,2,Clear,Dry,Dark-Not Lighted
2022-08-11T14:30:00.000,I 20,,,Rear End,2,Clear,Dry,Daylight
2022-05-25T15:30:00.000,I-75,,,Rear End,2,Clear,Dry,Daylight
2022-04-23T03:45:00.000,I-75,,,Rear End,2,Clear,Dry,Dark-Lighted
2022-12-12T06:35:00.000,I 75,,,Rear End,2,Clear,Wet,Dark-Lighted
2022-12-27T11:14:00.000,I 75,,,Rear End,2,Clear,Dry,Daylight
2022-06-13T15:20:00.000,I 16,,,Angle Crash,2,Clear,Dry,Daylight
2022-08-17T16:47:00.000,I 20,,,Rear End,4,Clear,Dry,Daylight
2022-04-18T14:35:00.000,I 285,,,Rear End,3,Cloudy,Dry,Daylight
2022-01-26T08:51:00.000,I 20,,,Rear End,2,Clear,Dry,Daylight
2022-08-24T07:08:00.000,I-75,,,Rear End,2,Clear,Dry,Daylight
2022-02-08T02:40:00.000,I 85,,,Not a Collision with Motor Vehicle,2,Clear,Dry,Dark-Not Lighted
2022-07-22T15:10:00.000,I 285,,,Sideswipe-Same Direction,2,Cloudy,Dry,Daylight
2022-09-21T18:04:00.000,I-75,,,Rear End,2,Clear,Dry,Daylight
2022-05-28T17:15:00.000,I 285,,,Rear End,2,Clear,Dry,Daylight
2022-03-04T12:03:00.000,I 75,,,Rear End,4,Clear,Dry,Daylight
2022-09-25T20:57:00.000,I 75,,,Rear End,2,Clear,Dry,Dark-Lighted
2022-06-19T18:45:00.000,I 285,,,Sideswipe-Same Direction,2,Clear,Dry,Daylight
2022-11-28T14:45:00.000,I 75,,,Sideswipe-Same Direction,1,Clear,Dry,Daylight
2022-08-21T00:43:00.000,I 20,,,Not a Collision with Motor Vehicle,1,Rain,Wet,Dark-Not Lighted
2022-07-04T22:14:00.000,I 75,,,Not a Collision with Motor Vehicle,1,Rain,Wet,Dark-Not Lighted
2022-04-16T16:49:00.000,I 75,,,Rear End,3,Clear,Dry,Daylight
2022-12-15T19:28:00.000,I 85,,,Rear End,2,Clear,Dry,Dawn
2022-11-28T09:25:00.000,I 75,,,Sideswipe-Same Direction,2,Clear,Dry,Daylight
2022-03-23T01:49:00.000,I 16,,,Head On,1,Clear,Dry,Dark-Not Lighted
2022-12-10T12:23:00.000,I-75,,,Sideswipe-Same Direction,2,Cloudy,Dry,Daylight
2022-05-24T18:49:00.000,I 75,,,Angle Crash,2,Clear,Dry,Daylight
2022-09-04T21:00:00.000,I-75,,,Sideswipe-Same Direction,2,Rain,Water (standing or moving),Dark-Lighted
2022-02-13T18:40:00.000,I 20,,,Not a Collision with Motor Vehicle,1,Clear,Dry,Dark-Not Lighted
2022-08-18T07:45:00.000,I 75,,,Angle Crash,2,Clear,Dry,Daylight
2022-01-02T09:25:00.000,I 16,,,Sideswipe-Same Direction,2,Rain,Wet,Daylight
2022-10-27T10:25:00.000,I 75,,,Sideswipe-Same Direction,2,Clear,Dry,Daylight
2022-10-19T06:50:00.000,I 20,,,Rear End,3,Clear,Dry,Dark-Not Lighted
2022-09-10T23:21:00.000,I 85,,,Angle Crash,2,Clear,Dry,Dark-Lighted
2022-07-08T15:46:00.000,I 85,,,Rear End,3,Clear,Dry,Daylight
2022-08-19T15:13:00.000,I 20,,,Angle Crash,2,Rain,Wet,Daylight
2022-07-13T22:47:00.000,I 75,,,Sideswipe-Same Direction,2,Rain,Wet,Dark-Not Lighted
2022-04-20T16:08:00.000,I-75,,,Rear End,2,Clear,Dry,Daylight
2022-05-14T22:00:00.000,I-75,,,Rear End,2,Clear,Dry,Dark-Lighted
2022-10-10T05:39:00.000,I 285,,,Angle Crash,2,Clear,Dry,Dawn
2022-01-09T20:40:00.000,I 20,,,Rear End,2,Rain,Wet,Daylight
2022-02-08T21:57:00.000,I 75,,,Sideswipe-Same Direction,2,Clear,Dry,Dark-Not Lighted
2022-11-06T16:30:00.000,I-75,,,Sideswipe-Same Direction,2,Clear,Dry,Daylight
2022-03-16T09:00:00.000,I-75,,,Angle Crash,2,Rain,Wet,Daylight
2022-06-05T19:02:00.000,I 285,,,Sideswipe-Opposite Direction,2,Clear,Dry,Daylight
2022-05-02T07:49:00.000,I 285,,,Sideswipe-Same Direction,2,Clear,Dry,Daylight
2022-11-26T16:16:00.000,I 75,,,Rear End,3,Cloudy,Dry,Daylight
2022-12-06T17:34:00.000,I 75,,,Rear End,2,Clear,Dry,Dark-Not Lighted
2022-02-01T11:40:00.000,I 75,,,Rear End,2,Clear,Dry,Daylight
2022-02-23T09:06:00.000,I 20,,,Rear End,2,Rain,Wet,Daylight
2022-06-22T15:45:00.000,I 285,,,Rear End,2,Clear,Dry,Daylight
2022-11-16T11:03:00.000,I-75,,,Rear End,2,Cloudy,Dry,Daylight
2022-10-14T09:46:00.000,I 75,,,Angle Crash,2,Clear,Dry,Daylight
2022-11-19T07:08:00.000,I 75,,,Not a Collision with Motor Vehicle,1,Clear,Dry,Daylight
2022-06-15T16:50:00.000,I-75,,,Angle Crash,2,Clear,Dry,Daylight
2022-05-17T09:31:00.000,I 85,,,Rear End,2,Clear,Dry,Daylight
2022-12-04T19:00:00.000,I-75,,,Sideswipe-Same Direction,2,Cloudy,Dry,Dark-Lighted
2022-08-13T15:00:00.000,I-75,,,Sideswipe-Same Direction,2,Clear,Dry,Daylight
2022-09-27T16:20:00.000,I 75,,,Angle Crash,4,Clear,Dry,Daylight
2022-02-03T14:46:00.000,I 285,,,Not a Collision with Motor Vehicle,1,Rain,Wet,Daylight
2022-10-20T18:08:00.000,I 85,,,Rear End,5,Clear,Dry,Dusk
2022-12-13T10:20:00.000,I 95,,,Angle Crash,2,Cloudy,Dry,Daylight
2022-10-21T19:40:00.000,I 75,,,Sideswipe-Same Direction,2,Clear,Dry,Dark-Not Lighted
2022-05-15T15:14:00.000,I 285,,,Rear End,2,Cloudy,Dry,Daylight
2022-12-10T05:12:00.000,I 285,,,Sideswipe-Same Direction,3,Cloudy,Wet,Dark-Lighted
2022-09-11T17:39:00.000,I 20,,,(None),2,(None),(None),(None)
2022-10-12T22:10:00.000,I 75,,,Not a Collision with Motor Vehicle,1,Clear,Wet,Dark-Not Lighted
2022-05-01T23:38:00.000,I 75,,,Rear End,2,Clear,Dry,Dark-Not Lighted
2022-05-23T13:00:00.000,I 75,,,Not a Collision with Motor Vehicle,1,Rain,Wet,Daylight
2022-12-16T12:00:00.000,I 75,,,Rear End,2,Clear,Dry,Daylight
2022-10-04T13:09:00.000,I 20,,,Rear End,2,Clear,Dry,Daylight
2022-06-26T02:00:00.000,I 285,,,Not a Collision with Motor Vehicle,1,Clear,Dry,Dark-Not Lighted
2022-01-12T20:17:00.000,I 95,,,Angle Crash,2,Clear,Dry,Dark-Not Lighted
2022-01-27T11:40:00.000,I 75,,,Rear End,2,Clear,Dry,Daylight
2022-07-19T18:02:00.000,I 285,,,Sideswipe-Same Direction,2,Cloudy,Wet,Daylight
2022-03-15T17:05:00.000,I 85,,,Sideswipe-Same Direction,2,Cloudy,Wet,Daylight
2022-07-08T18:15:00.000,I 285,,,Rear End,3,Clear,Dry,Daylight
2022-05-19T11:10:00.000,I 20,,,Rear End,2,Clear,Dry,Daylight
2022-03-23T14:50:00.000,I 285,,,Rear End,2,Clear,Dry,Daylight
2022-10-08T10:04:00.000,I 75,,,Rear End,2,Clear,Dry,Daylight
2022-11-20T22:27:00.000,I 85,,,Sideswipe-Same Direction,2,Clear,Dry,Dark-Not Lighted
2022-05-01T18:45:00.000,I 85,,,Head On,1,Clear,Dry,Daylight
2022-06-04T18:25:00.000,I-75,,,Rear End,2,Clear,Dry,Daylight
2022-08-18T16:56:00.000,I 285,,,Rear End,2,Clear,Dry,Daylight
2022-01-02T23:30:00.000,I 85,,,Not a Collision with Motor Vehicle,1,Rain,Water (standing or moving),Dark-Not Lighted
2022-11-11T05:48:00.000,I 85,,,Not a Collision with Motor Vehicle,1,Rain,Wet,Dark-Not Lighted
2022-06-05T03:41:00.000,I 75,,,Not a Collision with Motor Vehicle,1,Clear,Dry,Dark-Lighted
2022-05-13T07:34:00.000,I 75,,,Sideswipe-Same Direction,2,Cloudy,Dry,Daylight
2022-05-28T16:08:00.000,I-75,,,Rear End,2,Clear,Dry,Daylight
2022-03-16T22:01:00.000,I 20,,,Not a Collision with Motor Vehicle,1,Rain,Wet,Dark-Not Lighted
2022-06-24T15:40:00.000,I 75,,,Sideswipe-Same Direction,2,Clear,Dry,Daylight
2022-05-23T22:00:00.000,I-75,,,Rear End,2,Clear,Dry,Dark-Lighted
2022-11-12T15:05:00.000,I 285,,,Rear End,2,Clear,Dry,Daylight
2022-04-16T05:00:00.000,I-75,,,Rear End,2,Rain,Water (standing or moving),Dark-Lighted
2022-06-12T18:39:00.000,I-75,,,Rear End,2,Clear,Dry,Daylight
2022-03-01T16:37:00.000,I 285,,,Sideswipe-Same Direction,2,Clear,Dry,Daylight
2022-11-28T10:35:00.000,I 285,,,Rear End,2,Clear,Dry,Daylight
2022-09-07T19:30:00.000,I-75,,,Sideswipe-Same Direction,2,Clear,Dry,Daylight
2022-03-31T21:20:00.000,I-75,,,Rear End,2,Clear,Dry,Dark-Lighted
2022-02-03T18:36:00.000,I-75,,,Sideswipe-Same Direction,2,Rain,Wet,Dark-Lighted
2022-11-24T01:14:00.000,I 85,,,Not a Collision with Motor Vehicle,1,Clear,Dry,Dark-Not Lighted
2022-10-16T00:42:00.000,I 85,,,Rear End,2,Clear,Dry,Dark-Lighted
2022-08-16T07:50:00.000,I 285,,,Head On,2,Clear,Dry,Daylight
2022-10-13T11:19:00.000,I 75,,,Rear End,2,Cloudy,Dry,Daylight
2022-11-09T06:46:00.000,I 75,,,Not a Collision with Motor Vehicle,1,Cloudy,Dry,Daylight
2022-08-09T14:13:00.000,I 16,,,Rear End,2,Clear,Dry,Daylight
2022-03-09T14:35:00.000,I-75,,,Sideswipe-Same Direction,2,Clear,Dry,Daylight
2022-07-03T13:30:00.000,I 20,,,Not a Collision with Motor Vehicle,1,Clear,Oil,Daylight
2022-11-17T06:35:00.000,I 85,,,Rear End,2,Clear,Dry,Dark-Not Lighted
2022-10-09T10:45:00.000,I-75,,,Rear End,2,Clear,Dry,Daylight
2022-03-13T06:10:00.000,I 75,,,Rear End,2,Clear,Dry,Dark-Not Lighted
2022-08-31T17:13:00.000,I 75,,,Rear End,2,Clear,Dry,Daylight
2022-06-30T20:52:00.000,I-75,,,Rear End,2,Cloudy,Dry,Dusk
2022-09-01T10:29:00.000,I 75,,,Sideswipe-Same Direction,3,Cloudy,Wet,Daylight
2022-08-25T01:50:00.000,I 20,,,Sideswipe-Same Direction,2,Clear,Dry,Dark-Lighted
2022-10-14T03:01:00.000,I 75,,,Not a Collision with Motor Vehicle,1,Clear,Dry,Dark-Not Lighted
2022-07-09T00:00:00.000,I 75,,,Not a Collision with Motor Vehicle,1,Rain,Water (standing or moving),Dark-Lighted
2022-05-23T10:54:00.000,I 75,,,Rear End,3,Clear,Dry,Daylight
2022-01-19T12:57:00.000,I 20,,,Sideswipe-Same Direction,2,Clear,Dry,Daylight
2022-04-15T02:15:00.000,I 75,,,Not a Collision with Motor Vehicle,2,Clear,Dry,Dark-Lighted
2022-12-21T23:51:00.000,I 75,,,Not a Collision with Motor Vehicle,1,Cloudy,Dry,Dark-Not Lighted
2022-02-16T07:30:00.000,I 285,,,Angle Crash,2,Clear,Dry,Daylight
2022-10-14T20:30:00.000,I-75,,,Sideswipe-Same Direction,2,Clear,Dry,Dark-Lighted
2022-05-01T14:37:00.000,I 75,,,Sideswipe-Same Direction,2,Clear,Dry,Daylight
2022-03-27T00:18:00.000,I-75,,,Rear End,2,Clear,Dry,Dark-Not Lighted
2022-06-19T04:33:00.000,I 75,,,Not a Collision with Motor Vehicle,1,Clear,Dry,Dark-Not Lighted
2022-06-18T18:00:00.000,I 285,,,Angle Crash,2,Clear,Dry,Daylight
2022-11-13T01:44:00.000,I 20,,,Angle Crash,3,Clear,Dry,Dark-Lighted
2022-03-05T14:34:00.000,I 75,,,Rear End,3,Clear,Dry,Daylight
2022-05-17T13:43:00.000,I 75,,,Rear End,2,Clear,Dry,Daylight
2022-12-06T17:34:00.000,I 75,,,Sideswipe-Same Direction,2,Clear,Dry,Dark-Not Lighted
2022-02-11T10:35:00.000,I 285,,,Not a Collision with Motor Vehicle,2,Clear,Dry,Daylight
2022-03-01T00:00:00.000,I 85,,,Rear End,2,Clear,Dry,Dark-Not Lighted
2022-11-18T09:35:00.000,I 16,,,Rear End,2,Clear,Dry,Daylight
2022-06-20T11:29:00.000,I 75,,,Not a Collision with Motor Vehicle,1,Clear,Dry,Daylight
2022-02-09T06:34:00.000,I-75,,,Rear End,2,Clear,Dry,Daylight
2022-08-25T17:50:00.000,I 75,,,Rear End,2,Cloudy,Dry,Daylight
2022-10-10T12:36:00.000,I 285,,,Sideswipe-Same Direction,2,Clear,Dry,Daylight
2022-12-16T07:50:00.000,I 85,,,Not a Collision with Motor Vehicle,1,Clear,Dry,Daylight
2022-11-10T15:03:00.000,I 285,,,Sideswipe-Same Direction,2,Rain,Wet,Daylight
2022-11-07T13:00:00.000,I 285,,,Not a Collision with Motor Vehicle,2,Clear,Dry,Daylight
2022-05-26T22:00:00.000,I-75,,,Angle Crash,3,Clear,Dry,Dark-Lighted
2022-10-27T23:40:00.000,I 75,,,Sideswipe-Same Direction,2,Clear,Dry,Dark-Not Lighted
2022-04-06T11:45:00.000,I 285,,,Sideswipe-Same Direction,2,Cloudy,Dry,Daylight
2022-03-16T13:30:00.000,I 20,,,Sideswipe-Same Direction,2,Cloudy,Dry,Daylight
2022-05-03T14:26:00.000,I 20,,,Angle Crash,3,Clear,Dry,Daylight
2022-12-13T09:30:00.000,I 285,,,Sideswipe-Same Direction,2,Rain,Wet,Daylight
2022-03-01T12:21:00.000,I 85,,,Sideswipe-Same Direction,4,Clear,Dry,Daylight
2022-03-29T08:01:00.000,I 75,,,Rear End,2,Clear,Dry,Daylight
2022-12-15T14:15:00.000,I 75,,,Rear End,2,Clear,Dry,Daylight
2022-01-25T12:59:00.000,I 85,,,Rear End,2,Cloudy,Dry,Daylight
2022-11-18T01:55:00.000,I 95,,,Not a Collision with Motor Vehicle,1,Clear,Dry,Dark-Not Lighted
2022-03-12T08:34:00.000,I 75,,,Not a Collision with Motor Vehicle,1,Snow,Ice/Frost,Daylight
2022-12-15T06:45:00.000,I 285,,,Rear End,4,Clear,Wet,Daylight
2022-11-08T08:17:00.000,I 75,,,Sideswipe-Same Direction,2,Clear,Dry,Daylight
2022-02-22T00:44:00.000,I-75,,,Rear End,2,Rain,Wet,Dark-Not Lighted
2022-12-20T00:00:00.000,I 75,,,Sideswipe-Same Direction,3,Rain,Wet,Dark-Not Lighted
2022-09-01T17:15:00.000,I 16,,,Angle Crash,2,Rain,Wet,Dusk
2022-02-02T18:39:00.000,I-75,,,Sideswipe-Same Direction,2,Rain,Wet,Dark-Lighted
2022-06-03T17:04:00.000,I 20,,,Rear End,3,Clear,Dry,Daylight
2022-04-25T07:50:00.000,I 75,,,Rear End,2,Clear,Dry,Daylight
2022-01-22T19:30:00.000,I-75,,,Rear End,4,Clear,Dry,Dark-Lighted
2022-12-27T00:24:00.000,I 20,,,Not a Collision with Motor Vehicle,1,Sleet,Slush,Dark-Not Lighted
2022-09-10T09:38:00.000,I-75,,,Rear End,2,Cloudy,Dry,Daylight
2022-10-05T15:30:00.000,I-75,,,Sideswipe-Same Direction,2,Clear,Dry,Daylight
2022-12-24T13:47:00.000,I 75,,,Head On,1,Clear,Dry,Daylight
2022-02-15T13:12:00.000,I 75,,,Rear End,2,Clear,Dry,Daylight
2022-06-08T17:44:00.000,I 285,,,Rear End,2,Clear,Dry,Daylight
2022-01-23T03:52:00.000,I 85,,,Rear End,2,Clear,Dry,Dark-Lighted
2022-11-19T04:19:00.000,I 16,,,Not a Collision with Motor Vehicle,1,Clear,Dry,Dark-Not Lighted
2022-07-04T14:53:00.000,I 20,,,Not a Collision with Motor Vehicle,1,Rain,Wet,Daylight
2022-03-31T15:00:00.000,I 285,,,Rear End,2,Clear,Dry,Daylight
2022-08-23T14:20:00.000,I 75,,,Sideswipe-Same Direction,2,Clear,Dry,Daylight
2022-06-05T15:00:00.000,I-75,,,Rear End,2,Clear,Dry,Daylight
2022-11-12T00:00:00.000,I 16,,,Sideswipe-Same Direction,5,Clear,Dry,Dark-Not Lighted
2022-09-26T06:44:00.000,I 85,,,Sideswipe-Same Direction,2,Clear,Dry,Dark-Not Lighted
2022-07-04T02:37:00.000,I 285,,,Rear End,2,Clear,Dry,Dark-Not Lighted
2022-08-24T11:45:00.000,I-75,,,Sideswipe-Same Direction,2,Cloudy,Dry,Daylight
2022-03-28T12:42:00.000,I 75,,,Rear End,2,Clear,Dry,Daylight
2022-09-21T15:07:00.000,I 20,,,Rear End,2,Clear,Dry,Daylight
2022-09-24T19:10:00.000,I 20,,,Sideswipe-Same Direction,2,Clear,Dry,Dusk
2022-08-15T19:03:00.000,I 20,,,Not a Collision with Motor Vehicle,1,Rain,Wet,Dark-Lighted
2022-07-07T15:35:00.000,I 75,,,Rear End,2,Rain,Wet,Daylight
2022-11-07T21:53:00.000,I 285,,,Rear End,2,Clear,Dry,Dark-Lighted
2022-05-23T08:47:00.000,I 75,,,Angle Crash,2,Cloudy,Wet,Daylight
2022-10-15T19:00:00.000,I 16,,,Not a Collision with Motor Vehicle,1,Clear,Dry,Dark-Not Lighted
2022-03-06T11:40:00.000,I 85,,,Rear End,2,Clear,Dry,Daylight
2022-12-03T13:30:00.000,I 16,,,Sideswipe-Same Direction,2,Clear,Dry,Daylight
2022-10-02T07:00:00.000,I 75,,,Sideswipe-Same Direction,2,Clear,Dry,Dark-Not Lighted
2022-01-02T14:00:00.000,I-75,,,Rear End,2,Rain,Wet,Daylight
2022-09-02T07:39:00.000,I 75,,,Rear End,2,Clear,Dry,Daylight
2022-10-26T08:00:00.000,I 75,,,Angle Crash,2,Rain,Wet,Daylight
2022-01-18T22:07:00.000,I 75,,,Rear End,2,Clear,Dry,Dark-Not Lighted
2022-02-13T20:23:00.000,I 85,,,Not a Collision with Motor Vehicle,1,Clear,Dry,Dark-Not Lighted
2022-02-16T11:11:00.000,I 20,,,Sideswipe-Same Direction,2,Clear,Dry,Daylight
2022-08-09T19:30:00.000,I 75,,,Not a Collision with Motor Vehicle,1,Rain,Wet,Daylight
2022-01-02T21:00:00.000,I-75,,,Rear End,2,Cloudy,Wet,Dark-Lighted
2022-10-19T08:34:00.000,I 285,,,Rear End,2,Clear,Dry,Daylight
2022-12-09T23:00:00.000,I-75,,,Rear End,2,Rain,Water (standing or moving),Dark-Not Lighted
2022-06-08T06:30:00.000,I-75,,,Sideswipe-Same Direction,2,Clear,Dry,Daylight
2022-09-28T19:26:00.000,I-75,,,Angle Crash,2,Clear,Dry,Dark-Lighted
2022-04-21T18:00:00.000,I 75,,,Not a Collision with Motor Vehicle,1,Clear,Dry,Daylight
2022-11-11T08:19:00.000,I-75,,,Sideswipe-Same Direction,2,Rain,Wet,Daylight
2022-12-20T12:30:00.000,I-75,,,Sideswipe-Same Direction,2,Cloudy,Wet,Daylight
2022-06-10T03:32:00.000,I 85,,,Rear End,2,Clear,Dry,Dark-Not Lighted
2022-05-20T15:15:00.000,I 95,,,Rear End,2,Clear,Dry,Daylight
2022-03-01T12:10:00.000,I 285,,,Rear End,3,Clear,Dry,Daylight
2022-10-27T20:30:00.000,I 75,,,Rear End,2,Clear,Dry,Dark-Not Lighted
2022-09-23T16:54:00.000,I 75,,,Rear End,3,Clear,Dry,Daylight
2022-12-15T19:00:00.000,I-75,,,Rear End,2,Clear,Dry,Dark-Lighted
2022-04-24T08:15:00.000,I 75,,,Not a Collision with Motor Vehicle,1,Clear,Dry,Daylight
2022-08-10T14:36:00.000,I 75,,,Sideswipe-Same Direction,2,Cloudy,Dry,Daylight
2022-03-15T00:45:00.000,I 16,,,Not a Collision with Motor Vehicle,1,Clear,Dry,Dark-Not Lighted
2022-08-30T18:00:00.000,I 75,,,Sideswipe-Same Direction,2,Cloudy,Wet,Daylight
2022-02-09T07:45:00.000,I 85,,,Sideswipe-Same Direction,2,Clear,Dry,Daylight
2022-04-08T08:25:00.000,I 20,,,Angle Crash,2,Clear,Dry,Daylight
2022-09-28T08:05:00.000,I 285,,,Not a Collision with Motor Vehicle,1,Clear,Dry,Daylight
2022-10-29T15:12:00.000,I-75,,,Rear End,3,Cloudy,Dry,Daylight
2022-12-04T19:00:00.000,I 20,,,Rear End,2,Clear,Dry,Dark-Not Lighted
2022-06-17T16:10:00.000,I 85,,,Not a Collision with Motor Vehicle,1,Clear,Dry,Daylight
2022-03-06T13:24:00.000,I 285,,,Rear End,2,Clear,Dry,Daylight
2022-07-16T16:36:00.000,I 20,,,Angle Crash,2,Clear,Dry,Daylight
2022-07-29T17:20:00.000,I 85,,,Rear End,2,Rain,Wet,Daylight
2022-12-08T14:50:00.000,I 285,,,Rear End,4,Clear,Dry,Daylight
2022-06-15T11:22:00.000,I 75,,,Not a Collision with Motor Vehicle,2,Clear,Dry,Daylight
2022-06-02T10:26:00.000,I 75,,,Sideswipe-Same Direction,2,Clear,Dry,Daylight
2022-03-20T04:50:00.000,I-75,,,Angle Crash,2,Clear,Dry,Dark-Lighted
2022-09-14T16:11:00.000,I 20,,,Sideswipe-Same Direction,2,Clear,Dry,Daylight
2022-03-23T07:49:00.000,I 75,,,Not a Collision with Motor Vehicle,1,Rain,Wet,Daylight
2022-12-17T15:25:00.000,I 85,,,Rear End,4,Clear,Dry,Daylight
2022-02-22T15:48:00.000,I 75,,,Rear End,2,Cloudy,Dry,Daylight
2022-05-02T17:23:00.000,I 95,,,Sideswipe-Same Direction,3,Clear,Dry,Daylight
2022-05-14T22:00:00.000,I 20,,,Rear End,2,Clear,Dry,Dark-Not Lighted
2022-01-28T21:53:00.000,I-75,,,Rear End,2,Clear,Dry,Dark-Lighted
2022-10-07T08:30:00.000,I 20,,,Sideswipe-Same Direction,2,Clear,Dry,Daylight
2022-03-28T14:00:00.000,I 75,,,Sideswipe-Same Direction,2,Clear,Dry,Daylight
2022-03-27T21:00:00.000,I-75,,,Sideswipe-Same Direction,2,Clear,Dry,Dark-Lighted
2022-04-27T08:59:00.000,I 85,,,Rear End,2,Clear,Dry,Daylight
2022-10-26T08:46:00.000,I-75,,,Rear End,2,Clear,Dry,Daylight
2022-05-23T11:01:00.000,I 75,,,Sideswipe-Same Direction,2,Rain,Wet,Daylight
2022-04-20T00:00:00.000,I 285,,,Sideswipe-Same Direction,2,Clear,Dry,Dark-Not Lighted
2022-07-03T19:55:00.000,I-75,,,Sideswipe-Same Direction,2,Cloudy,Dry,Daylight
2022-09-21T09:44:00.000,I 85,,,Sideswipe-Same Direction,2,Clear,Dry,Daylight
2022-12-30T14:45:00.000,I 20,,,Rear End,2,Cloudy,Dry,Daylight
2022-06-21T12:30:00.000,I 75,,,Rear End,3,Clear,Dry,Daylight
2022-03-28T21:20:00.000,I 75,,,Rear End,2,Clear,Dry,Dark-Lighted
2022-06-08T22:25:00.000,I-75,,,Rear End,5,Rain,Wet,Dark-Lighted
2022-03-17T07:30:00.000,I 20,,,Angle Crash,2,Fog,Wet,Dawn
2022-05-23T07:19:00.000,I 285,,,Angle Crash,2,Rain,Wet,Daylight
2022-06-22T09:47:00.000,I 75,,,Sideswipe-Same Direction,2,Clear,Dry,Daylight
2022-07-18T15:36:00.000,I 285,,,Sideswipe-Same Direction,2,Clear,Dry,Daylight
2022-09-10T08:00:00.000,I-75,,,Sideswipe-Same Direction,2,Rain,Wet,Daylight
2022-11-11T04:35:00.000,I-75,,,Sideswipe-Same Direction,2,Rain,Water (standing or moving),Dark-Lighted
2022-06-13T16:15:00.000,I 20,,,Sideswipe-Same Direction,2,Clear,Dry,Daylight