Date and Time,Roadway (From Crash Report),Intersection Name (from Crash Report),KABCO Severity,Manner of Collision (Crash Level) ,# of Vehicles per crash ,Weather Conditions (Crash Level),Surface Condition (Crash Level) ,Light Conditions (Crash Level)
2022-01-01T06:25:00.000,I 75,,,Sideswipe-Same Direction,2,Clear,Wet,Dark-Not Lighted
2022-05-25T19:15:00.000,I 75,,,Rear End,2,Cloudy,Wet,Daylight
2022-07-01T10:00:00.000,I 285,,,Sideswipe-Same Direction,2,Clear,Dry,Daylight
2022-07-28T08:45:00.000,I 16,,,Rear End,2,Clear,Dry,Daylight
2022-03-10T14:44:00.000,I 285,,,Rear End,2,Clear,Dry,Daylight
2022-02-11T09:54:00.000,I 75,,,Sideswipe-Same Direction,2,Clear,Dry,Daylight
2022-11-09T13:46:00.000,I 20,,,Sideswipe-Same Direction,2,Clear,Dry,Daylight
2022-04-23T20:55:00.000,I-75,,,Rear End,2,Clear,Dry,Dark-Lighted
2022-08-06T18:25:00.000,I 85,,,Rear End,4,Clear,Dry,Daylight
2022-01-19T16:28:00.000,I-75,,,Rear End,2,Clear,Dry,Daylight
2022-10-08T17:00:00.000,I 285,,,Rear End,4,Clear,Dry,Daylight
2022-01-20T14:05:00.000,I 285,,,Rear End,2,Rain,Wet,Daylight
2022-09-09T08:15:00.000,I-75,,,Sideswipe-Same Direction,2,Cloudy,Dry,Daylight
2022-02-14T12:37:00.000,I 16,,,Angle Crash,2,Clear,Dry,Daylight
2022-07-28T12:20:00.000,I 285,,,Rear End,3,Cloudy,Dry,Daylight
2022-09-29T16:12:00.000,I 75,,,Rear End,2,Clear,Dry,Daylight
2022-07-03T18:15:00.000,I 20,,,Sideswipe-Same Direction,2,Clear,Dry,Daylight
2022-10-26T19:20:00.000,I 285,,,Rear End,2,Clear,Dry,Dark-Not Lighted
2022-09-10T16:35:00.000,I 285,,,Rear End,3,Cloudy,Wet,Daylight
2022-10-04T08:34:00.000,I 285,,,Rear End,2,Clear,Dry,Daylight
2022-09-07T11:23:00.000,I 20,,,Rear End,2,Clear,Dry,Daylight
2022-04-13T00:00:00.000,I 285,,,Sideswipe-Same Direction,2,Clear,Dry,Daylight
2022-04-14T01:57:00.000,I-75,,,Not a Collision with Motor Vehicle,1,Cloudy,Dry,Dark-Lighted
2022-01-13T08:00:00.000,I 85,,,Sideswipe-Same Direction,2,Clear,Dry,Daylight
2022-12-09T11:57:00.000,I 20,,,Sideswipe-Same Direction,2,Cloudy,Dry,Daylight
2022-12-12T23:08:00.000,I-75,,,Sideswipe-Same Direction,2,Clear,Dry,Dark-Lighted
2022-10-16T00:42:00.000,I 85,,,Not a Collision with Motor Vehicle,1,Clear,Dry,Dark-Lighted
2022-09-18T02:02:00.000,I 85,,,Angle Crash,3,Clear,Dry,Dark-Not Lighted
2022-08-26T17:10:00.000,I 75,,,Sideswipe-Same Direction,2,Clear,Dry,Daylight
2022-09-04T23:40:00.000,I 285,,,Rear End,2,Rain,Wet,Dark-Not Lighted
2022-07-24T01:01:00.000,I 20,,,Sideswipe-Opposite Direction,2,Clear,Dry,Dark-Not Lighted
2022-05-27T14:21:00.000,I 85,,,Rear End,2,Clear,Dry,Daylight
2022-05-28T13:06:00.000,I 75,,,Sideswipe-Same Direction,2,Clear,Dry,Daylight
2022-04-05T14:39:00.000,I 20,,,Angle Crash,2,Rain,Water (standing or moving),Daylight
2022-03-15T08:22:00.000,I 75,,,Rear End,2,Clear,Dry,Daylight
2022-02-04T18:40:00.000,I 285,,,Sideswipe-Same Direction,2,Cloudy,Dry,Dark-Not Lighted
2022-01-14T14:47:00.000,I 285,,,Sideswipe-Same Direction,2,Clear,Dry,Daylight
2022-01-16T04:15:00.000,I-75,,,Rear End,2,Rain,Wet,Dark-Lighted
2022-01-02T15:40:00.000,I 285,,,Not a Collision with Motor Vehicle,1,Cloudy,Wet,Daylight
2022-12-13T11:30:00.000,I-75,,,Sideswipe-Same Direction,2,Cloudy,Dry,Daylight
2022-11-28T15:07:00.000,I 75,,,Rear End,2,Clear,Dry,Daylight
2022-11-19T00:00:00.000,I 285,,,Rear End,2,Cloudy,Dry,Daylight
2022-11-11T03:56:00.000,I 75,,,Not a Collision with Motor Vehicle,1,Rain,Wet,Dark-Not Lighted
2022-09-26T13:23:00.000,I 75,,,Not a Collision with Motor Vehicle,1,Clear,Dry,Daylight
2022-09-24T01:02:00.000,I 20,,,Not a Collision with Motor Vehicle,1,Clear,Dry,Dark-Not Lighted
2022-08-25T06:32:00.000,I 75,,,Rear End,5,Rain,Wet,Dark-Lighted
2022-08-03T12:40:00.000,I 16,,,Not a Collision with Motor Vehicle,1,Clear,Dry,Daylight
2022-08-07T13:00:00.000,I-75,,,Sideswipe-Same Direction,2,Clear,Dry,Daylight
2022-07-08T06:30:00.000,I 75,,,Not a Collision with Motor Vehicle,1,Cloudy,Dry,Daylight
2022-07-08T13:59:00.000,I 16,,,Not a Collision with Motor Vehicle,1,Rain,Wet,Daylight
2022-07-03T23:22:00.000,I 85,,,Sideswipe-Same Direction,2,Clear,Dry,Dark-Lighted
2022-06-11T19:36:00.000,I 285,,,Rear End,2,Clear,Dry,Daylight
2022-04-28T15:29:00.000,I 20,,,Not a Collision with Motor Vehicle,1,Clear,Dry,Daylight
2022-04-19T03:14:00.000,I 75,,,Not a Collision with Motor Vehicle,2,Clear,Dry,Dark-Lighted
2022-04-08T17:20:00.000,I 20,,,Angle Crash,2,Cloudy,Dry,Daylight
2022-03-27T03:41:00.000,I-75,,,Not a Collision with Motor Vehicle,1,Clear,Dry,Dark-Lighted
2022-03-13T18:19:00.000,I 16,,,Angle Crash,2,Clear,Dry,Dark-Lighted
2022-02-12T02:00:00.000,I-75,,,Sideswipe-Same Direction,2,Clear,Dry,Dark-Lighted
2022-02-04T06:30:00.000,I 85,,,Not a Collision with Motor Vehicle,1,Rain,Wet,Dark-Not Lighted
2022-01-24T07:00:00.000,I 20,,,Sideswipe-Same Direction,2,Clear,Dry,Dark-Lighted
2022-12-29T10:05:00.000,I 75,,,Not a Collision with Motor Vehicle,1,Clear,Dry,Daylight
2022-12-27T06:40:00.000,I 75,,,Not a Collision with Motor Vehicle,1,Clear,Dry,Dark-Not Lighted
2022-12-03T20:54:00.000,I 16,,,Rear End,2,Clear,Dry,Dark-Lighted
2022-11-20T14:20:00.000,I 16,,,Not a Collision with Motor Vehicle,1,Clear,Dry,Daylight
2022-11-24T14:38:00.000,I 75,,,Not a Collision with Motor Vehicle,1,Clear,Dry,Daylight
2022-11-18T02:45:00.000,I 285,,,Sideswipe-Same Direction,3,Clear,Dry,Dark-Not Lighted
2022-11-11T18:40:00.000,I 75,,,Rear End,2,Rain,Dry,Dark-Not Lighted
2022-11-04T09:24:00.000,I 285,,,Sideswipe-Same Direction,2,Clear,Dry,Daylight
2022-09-12T14:52:00.000,I 285,,,Sideswipe-Same Direction,2,Clear,Dry,Daylight
2022-09-09T18:10:00.000,I 20,,,Rear End,2,Cloudy,Dry,Daylight
2022-05-28T19:17:00.000,I-75,,,Rear End,2,Clear,Dry,Daylight
2022-05-24T17:05:00.000,I 285,,,Angle Crash,2,Clear,Dry,Daylight
2022-04-15T03:04:00.000,I 75,,,Rear End,2,Clear,Dry,Dark-Not Lighted
2022-04-02T18:14:00.000,I 75,,,Angle Crash,2,Clear,Dry,Daylight
2022-03-04T08:05:00.000,I 285,,,Rear End,2,Clear,Dry,Daylight
2022-02-22T21:15:00.000,I 285,,,Sideswipe-Same Direction,3,Clear,Dry,Dark-Not Lighted
2022-01-25T07:30:00.000,I 75,,,Not a Collision with Motor Vehicle,1,Cloudy,Dry,Dawn
2022-12-31T20:00:00.000,I-75,,,Rear End,5,Fog,Dry,Dark-Lighted
2022-12-11T02:25:00.000,I 85,,,Sideswipe-Same Direction,2,Clear,Dry,Dark-Lighted
2022-12-12T18:33:00.000,I 16,,,Not a Collision with Motor Vehicle,2,Clear,Dry,Dark-Not Lighted
2022-11-04T19:50:00.000,I-75,,,Rear End,2,Clear,Dry,Dark-Lighted
2022-10-22T16:40:00.000,I 20,,,Sideswipe-Same Direction,2,Clear,Dry,Daylight
2022-10-12T19:10:00.000,I-75,,,Sideswipe-Same Direction,2,Rain,Wet,Daylight
2022-09-24T20:00:00.000,I 285,,,Not a Collision with Motor Vehicle,1,Clear,Dry,Dark-Lighted
2022-09-10T00:51:00.000,I 20,,,Not a Collision with Motor Vehicle,1,Rain,Wet,Dark-Not Lighted
2022-08-26T06:20:00.000,I-75,,,Not a Collision with Motor Vehicle,1,Rain,Wet,Dusk
2022-08-25T11:42:00.000,I 75,,,Not a Collision with Motor Vehicle,1,Rain,Wet,Daylight
2022-08-18T07:00:00.000,I 20,,,Not a Collision with Motor Vehicle,1,Cloudy,Dry,Daylight
2022-06-18T11:13:00.000,I 285,,,Rear End,2,Clear,Dry,Daylight
2022-06-03T01:20:00.000,I-75,,,Sideswipe-Same Direction,2,Clear,Dry,Dark-Not Lighted
2022-04-25T15:40:00.000,I 75,,,Rear End,2,Clear,Dry,Daylight
2022-04-30T09:53:00.000,I-75,,,Rear End,3,Clear,Dry,Daylight
2022-02-25T07:40:00.000,I 75,,,Rear End,2,Rain,Wet,Daylight
2022-02-17T10:55:00.000,I 285,,,Angle Crash,5,Clear,Dry,Daylight
2022-12-31T18:30:00.000,I-75,,,Rear End,2,Clear,Dry,Dark-Lighted
2022-11-17T19:13:00.000,I 285,,,Sideswipe-Same Direction,2,Cloudy,Dry,Daylight
2022-09-25T17:45:00.000,I 75,,,Rear End,2,Clear,Dry,Daylight
2022-09-02T16:34:00.000,I 20,,,Rear End,2,Cloudy,Dry,Daylight
2022-08-19T02:45:00.000,I 75,,,Rear End,2,Clear,Dry,Dark-Not Lighted
2022-08-05T17:08:00.000,I 75,,,Angle Crash,2,Clear,Dry,Daylight
2022-07-16T12:15:00.000,I 285,,,Rear End,2,Clear,Dry,Daylight
2022-07-14T18:00:00.000,I 95,,,Rear End,2,Severe Thunderstorm or Tornadic,Water (standing or moving),Dusk
2022-07-15T13:26:00.000,I 75,,,Sideswipe-Same Direction,2,Clear,Dry,Daylight
2022-06-24T17:00:00.000,I 75,,,Not a Collision with Motor Vehicle,3,Clear,Dry,Daylight
2022-05-30T02:55:00.000,I-75,,,Rear End,2,Clear,Dry,Dark-Lighted
2022-05-09T15:55:00.000,I 75,,,Rear End,2,Clear,Dry,Daylight
2022-05-10T22:11:00.000,I 16,,,Rear End,3,Clear,Dry,Dark-Not Lighted
2022-04-25T12:28:00.000,I 75,,,Sideswipe-Same Direction,2,Clear,Dry,Daylight
2022-03-24T18:03:00.000,I 75,,,Rear End,2,Clear,Dry,Daylight
2022-03-06T19:00:00.000,I-75,,,Rear End,3,Cloudy,Dry,Dark-Lighted
2022-12-28T03:45:00.000,I 20,,,Sideswipe-Same Direction,3,Clear,Dry,Dark-Not Lighted
2022-12-23T09:28:00.000,I 20,,,Rear End,2,Clear,Dry,Daylight
2022-11-12T12:10:00.000,I 85,,,Rear End,2,Clear,Dry,Daylight
2022-09-23T14:50:00.000,I 75,,,Rear End,2,Clear,Dry,Daylight
2022-09-10T17:08:00.000,I 75,,,Rear End,2,Clear,Dry,Daylight
2022-09-05T18:06:00.000,I 85,,,Not a Collision with Motor Vehicle,1,Cloudy,Wet,Daylight
2022-08-17T21:55:00.000,I 75,,,Rear End,2,Clear,Dry,Dark-Not Lighted
2022-07-31T09:09:00.000,I 75,,,Sideswipe-Same Direction,2,Clear,Dry,Daylight
2022-07-16T00:16:00.000,I 16,,,Not a Collision with Motor Vehicle,1,Clear,Dry,Dark-Not Lighted
2022-07-04T18:40:00.000,I 75,,,Angle Crash,2,Cloudy,Wet,Daylight
2022-04-28T09:14:00.000,I 75,,,Not a Collision with Motor Vehicle,1,Clear,Dry,Daylight
2022-01-21T09:00:00.000,I 85,,,Not a Collision with Motor Vehicle,1,Clear,Dry,Daylight
2022-01-02T12:15:00.000,I-75,,,Rear End,2,Rain,Water (standing or moving),Daylight
2022-01-05T04:09:00.000,I 75,,,Rear End,3,Clear,Dry,Dark-Not Lighted
2022-12-15T04:27:00.000,I 75,,,Rear End,2,Rain,Wet,Dark-Not Lighted
2022-12-26T13:16:00.000,I 285,,,Sideswipe-Same Direction,2,Clear,Dry,Daylight
2022-12-14T14:26:00.000,I 285,,,Sideswipe-Same Direction,2,Rain,Wet,Daylight
2022-11-12T20:15:00.000,I 285,,,Rear End,2,Clear,Dry,Dark-Not Lighted
2022-09-21T15:51:00.000,I 16,,,Rear End,2,Clear,Dry,Daylight
2022-08-20T17:51:00.000,I 75,,,Rear End,3,Rain,Wet,Daylight
2022-07-04T22:30:00.000,I-75,,,Rear End,2,Rain,Water (standing or moving),Dark-Lighted
2022-05-04T19:08:00.000,I-75,,,Sideswipe-Same Direction,2,Clear,Dry,Daylight
2022-04-07T15:36:00.000,I 20,,,Sideswipe-Same Direction,2,Clear,Dry,Daylight
2022-03-21T10:00:00.000,I 285,,,Sideswipe-Same Direction,2,Clear,Dry,Daylight
2022-02-26T14:10:00.000,I-75,,,Angle Crash,2,Clear,Dry,Daylight
2022-01-26T16:33:00.000,I 20,,,Sideswipe-Same Direction,2,Clear,Dry,Daylight
2022-12-14T13:45:00.000,I-75,,,Rear End,2,Clear,Wet,Daylight
2022-12-13T07:20:00.000,I 285,,,Sideswipe-Same Direction,2,Clear,Dry,Daylight
2022-11-18T15:40:00.000,I 20,,,Rear End,2,Clear,Dry,Daylight
2022-10-27T09:25:00.000,I 75,,,Rear End,2,Clear,Dry,Daylight
2022-08-21T09:09:00.000,I 20,,,Sideswipe-Same Direction,2,Clear,Dry,Daylight
2022-06-14T09:00:00.000,I 16,,,Rear End,3,Clear,Dry,Daylight
2022-06-07T16:30:00.000,I 85,,,Sideswipe-Same Direction,2,Clear,Dry,Daylight
2022-04-22T17:00:00.000,I 285,,,Sideswipe-Same Direction,2,Clear,Dry,Daylight
2022-04-15T14:30:00.000,I-75,,,Sideswipe-Same Direction,2,Clear,Dry,Daylight
2022-02-16T10:51:00.000,I 285,,,Rear End,4,Clear,Dry,Daylight
2022-01-14T12:50:00.000,I 75,,,Rear End,2,Clear,Dry,Daylight
2022-12-20T15:07:00.000,I 20,,,Not a Collision with Motor Vehicle,1,Rain,Wet,Daylight
2022-11-28T03:20:00.000,I 20,,,Not a Collision with Motor Vehicle,1,Clear,Dry,Dark-Lighted
2022-11-10T15:31:00.000,I-75,,,Not a Collision with Motor Vehicle,2,Cloudy,Water (standing or moving),Daylight
2022-10-22T04:28:00.000,I 285,,,Angle Crash,6,Clear,Dry,Dark-Not Lighted
2022-08-13T04:16:00.000,I 285,,,Rear End,2,Clear,Dry,Dark-Lighted
2022-08-04T11:50:00.000,I 85,,,Sideswipe-Same Direction,2,Clear,Dry,Daylight
2022-07-25T09:25:00.000,I 20,,,Sideswipe-Same Direction,2,Clear,Dry,Daylight
2022-05-17T08:09:00.000,I 75,,,Sideswipe-Same Direction,2,Clear,Dry,Daylight
2022-05-04T14:50:00.000,I 285,,,Rear End,2,Cloudy,Dry,Daylight
2022-04-10T15:08:00.000,I 285,,,Rear End,2,Clear,Dry,Daylight
2022-03-26T09:28:00.000,I 20,,,Not a Collision with Motor Vehicle,1,Clear,Dry,Daylight
2022-12-22T21:04:00.000,I 75,,,Rear End,2,Cloudy,Wet,Dark-Lighted
2022-12-14T15:20:00.000,I 85,,,Not a Collision with Motor Vehicle,1,Rain,Wet,Daylight
2022-12-08T13:20:00.000,I 75,,,Rear End,2,Clear,Dry,Daylight
2022-10-12T03:15:00.000,I 16,,,Head On,1,Clear,Dry,Dark-Not Lighted
2022-09-30T11:56:00.000,I 285,,,Rear End,2,Cloudy,Dry,Daylight
2022-07-18T00:31:00.000,I 285,,,Sideswipe-Same Direction,2,Clear,Dry,Dark-Not Lighted
2022-04-18T08:41:00.000,I 85,,,Rear End,2,Cloudy,Wet,Daylight
2022-02-23T14:43:00.000,I 16,,,Not a Collision with Motor Vehicle,1,Clear,Dry,Daylight
2022-02-24T06:57:00.000,I 75,,,Sideswipe-Same Direction,2,Clear,Dry,Daylight
2022-02-09T00:00:00.000,I 85,,,Sideswipe-Same Direction,2,Clear,Dry,Dark-Not Lighted
2022-01-31T18:08:00.000,I 75,,,Rear End,2,Clear,Dry,Dark-Not Lighted
2022-01-16T04:30:00.000,I 285,,,Not a Collision with Motor Vehicle,1,Rain,Wet,Dark-Not Lighted
2022-12-01T17:35:00.000,I 20,,,Sideswipe-Same Direction,2,Clear,Dry,Dark-Not Lighted
2022-10-13T05:49:00.000,I 16,,,Sideswipe-Same Direction,3,Clear,Dry,Dark-Not Lighted
2022-09-08T12:18:00.000,I 75,,,Rear End,2,Clear,Dry,Daylight
2022-07-10T21:55:00.000,I 20,,,Rear End,2,Clear,Dry,Daylight
2022-06-16T09:56:00.000,I 16,,,Rear End,2,Clear,Dry,Daylight
2022-05-13T06:59:00.000,I 75,,,Not a Collision with Motor Vehicle,1,Clear,Dry,Daylight
2022-04-22T19:20:00.000,I 285,,,Sideswipe-Same Direction,2,Clear,Dry,Daylight
2022-04-05T00:00:00.000,I 85,,,Rear End,3,Clear,Dry,Daylight
2022-03-31T09:00:00.000,I 285,,,Rear End,2,Clear,Wet,Daylight
2022-03-23T07:50:00.000,I-75,,,Sideswipe-Same Direction,2,Rain,Wet,Dark-Lighted
2022-03-13T22:45:00.000,I 16,,,Not a Collision with Motor Vehicle,1,Clear,Dry,Dark-Not Lighted
2022-02-11T18:50:00.000,I 95,,,Not a Collision with Motor Vehicle,1,Clear,Dry,Dark-Not Lighted
2022-01-10T22:00:00.000,I 285,,,Rear End,2,Clear,Dry,Dark-Not Lighted
2022-12-31T18:00:00.000,I-75,,,Rear End,2,Clear,Wet,Dark-Lighted
2022-10-13T06:20:00.000,I 75,,,Angle Crash,6,Rain,Water (standing or moving),Dark-Not Lighted
2022-09-28T16:44:00.000,I-75,,,Rear End,3,Clear,Dry,Daylight
2022-10-11T13:32:00.000,I 20,,,Not a Collision with Motor Vehicle,1,Clear,Dry,Dawn
2022-09-15T16:05:00.000,I 75,,,Rear End,2,Clear,Dry,Daylight
2022-09-16T20:00:00.000,I 20,,,Angle Crash,2,Clear,Dry,Dark-Not Lighted
2022-09-06T10:10:00.000,I-75,,,Not a Collision with Motor Vehicle,1,Cloudy,Dry,Daylight
2022-08-30T14:55:00.000,I 75,,,Sideswipe-Same Direction,2,Cloudy,Dry,Daylight
2022-06-03T17:30:00.000,I 285,,,Sideswipe-Same Direction,3,Clear,Dry,Daylight
2022-04-30T16:16:00.000,I-75,,,Rear End,4,Cloudy,Dry,Daylight
2022-03-25T21:55:00.000,I-75,,,Rear End,2,Clear,Dry,Dark-Lighted
2022-03-06T12:37:00.000,I 75,,,Rear End,2,Clear,Dry,Daylight
2022-03-12T02:38:00.000,I 285,,,Not a Collision with Motor Vehicle,1,Rain,Wet,Dark-Not Lighted
2022-02-23T09:00:00.000,I-75,,,Rear End,2,Rain,Water (standing or moving),Daylight
2022-02-16T16:31:00.000,I 75,,,Sideswipe-Same Direction,2,Clear,Dry,Daylight
2022-02-16T07:20:00.000,I-75,,,Rear End,2,Clear,Dry,Daylight
2022-02-02T11:43:00.000,I-75,,,Sideswipe-Same Direction,2,Cloudy,Dry,Daylight
2022-01-03T00:31:00.000,I 285,,,Not a Collision with Motor Vehicle,1,Rain,Wet,Dark-Not Lighted
2022-01-31T00:26:00.000,I 85,,,Not a Collision with Motor Vehicle,1,Clear,Dry,Dark-Not Lighted
2022-12-05T10:36:00.000,I 285,,,Rear End,2,Rain,Wet,Daylight
2022-11-29T22:00:00.000,I 285,,,Rear End,2,Rain,Wet,Dark-Not Lighted
2022-11-02T20:30:00.000,I 75,,,Sideswipe-Same Direction,2,Clear,Dry,Dark-Not Lighted
2022-09-23T16:39:00.000,I 75,,,Sideswipe-Same Direction,2,Clear,Dry,Daylight
2022-09-25T19:37:00.000,I 20,,,Rear End,2,Clear,Dry,Dark-Not Lighted
2022-08-10T15:00:00.000,I-75,,,Rear End,2,Clear,Dry,Daylight
2022-08-02T12:37:00.000,I 85,,,Sideswipe-Same Direction,2,Clear,Dry,Daylight
2022-07-31T20:15:00.000,I 20,,,Rear End,2,Clear,Dry,Daylight
2022-08-01T07:10:00.000,I 75,,,Angle Crash,2,Cloudy,Dry,Dawn
2022-07-06T14:58:00.000,I 75,,,Sideswipe-Same Direction,2,Clear,Dry,Daylight
2022-06-14T09:40:00.000,I 20,,,Sideswipe-Same Direction,2,Clear,Dry,Daylight
2022-03-14T06:00:00.000,I 95,,,Sideswipe-Same Direction,2,Clear,Dry,Dark-Not Lighted
2022-01-04T07:30:00.000,I 75,,,Not a Collision with Motor Vehicle,1,Clear,Dry,Daylight
2022-12-17T15:33:00.000,I-75,,,Angle Crash,2,Clear,Dry,Daylight
2022-10-27T06:18:00.000,I 85,,,Sideswipe-Same Direction,2,Clear,Dry,Dark-Lighted
2022-10-18T16:46:00.000,I 85,,,Rear End,2,Clear,Dry,Daylight
2022-10-07T15:56:00.000,I 75,,,Rear End,2,Clear,Dry,Daylight
2022-09-05T06:41:00.000,I 75,,,Not a Collision with Motor Vehicle,1,Cloudy,Dry,Dawn
2022-08-14T10:42:00.000,I 75,,,Sideswipe-Same Direction,2,Clear,Dry,Daylight
2022-07-05T17:29:00.000,I 75,,,Not a Collision with Motor Vehicle,1,Clear,Dry,Daylight
2022-06-13T17:21:00.000,I 75,,,Sideswipe-Same Direction,2,Clear,Dry,Daylight
2022-05-04T13:00:00.000,I 75,,,Rear End,3,Clear,Dry,Daylight
2022-01-20T12:43:00.000,I 75,,,Rear End,3,Rain,Wet,Daylight
2022-12-14T18:50:00.000,I-75,,,Sideswipe-Same Direction,2,Rain,Wet,Dark-Lighted
2022-10-18T05:50:00.000,I-75,,,Sideswipe-Same Direction,2,Clear,Dry,Dark-Lighted
2022-09-21T10:43:00.000,I 75,,,Not a Collision with Motor Vehicle,1,Clear,Dry,Daylight
2022-09-12T15:55:00.000,I 95,,,Rear End,2,Clear,Dry,Daylight
2022-08-25T18:03:00.000,I 16,,,Not a Collision with Motor Vehicle,1,Cloudy,Dry,Daylight
2022-08-10T12:15:00.000,I-75,,,Rear End,2,Cloudy,Dry,Daylight
2022-08-11T18:55:00.000,I 85,,,Rear End,2,Cloudy,Dry,Daylight
2022-07-28T07:50:00.000,I 85,,,Rear End,2,Clear,Dry,Daylight
2022-07-15T13:56:00.000,I 95,,,Angle Crash,2,Cloudy,Dry,Daylight
2022-06-10T12:09:00.000,I 75,,,Rear End,2,Clear,Dry,Daylight
2022-06-02T21:10:00.000,I-75,,,Rear End,4,Clear,Dry,Dark-Lighted
2022-04-27T12:50:00.000,I 75,,,Angle Crash,2,Clear,Dry,Daylight
2022-03-10T08:55:00.000,I 75,,,Not a Collision with Motor Vehicle,1,Cloudy,Dry,Daylight
2022-02-11T19:17:00.000,I 75,,,Sideswipe-Same Direction,2,Clear,Dry,Dark-Not Lighted
2022-01-20T17:55:00.000,I 75,,,Rear End,2,Cloudy,Wet,Dark-Not Lighted
2022-01-09T19:33:00.000,I 285,,,Angle Crash,2,Rain,Wet,Dark-Not Lighted
2022-01-01T01:30:00.000,I-75,,,Sideswipe-Same Direction,2,Clear,Dry,Dark-Lighted
2022-12-19T13:26:00.000,I 285,,,Not a Collision with Motor Vehicle,1,Clear,Dry,Daylight
2022-09-25T00:46:00.000,I-75,,,Rear End,2,Clear,Dry,Dark-Lighted
2022-08-27T14:00:00.000,I-75,,,Rear End,2,Clear,Wet,Daylight
2022-08-23T14:46:00.000,I 75,,,Rear End,2,Clear,Dry,Daylight
2022-06-12T19:53:00.000,I-75,,,Rear End,2,Clear,Dry,Daylight
2022-04-28T15:17:00.000,I 75,,,Rear End,2,Clear,Dry,Daylight
2022-02-26T10:15:00.000,I 285,,,Rear End,2,Clear,Dry,Daylight
2022-02-16T16:30:00.000,I 20,,,Not a Collision with Motor Vehicle,2,Clear,Dry,Daylight
2022-02-13T11:30:00.000,I 20,,,Sideswipe-Same Direction,2,Clear,Dry,Dark-Lighted
2022-01-20T21:40:00.000,I-75,,,Rear End,2,Clear,Dry,Dark-Lighted
2022-11-11T05:42:00.000,I 85,,,Not a Collision with Motor Vehicle,1,Rain,Wet,Dark-Not Lighted
2022-11-26T10:20:00.000,I 75,,,Angle Crash,2,Clear,Dry,Daylight
2022-10-24T00:00:00.000,I 285,,,Rear End,3,Clear,Dry,Daylight
2022-10-07T21:40:00.000,I-75,,,Sideswipe-Same Direction,2,Clear,Dry,Dark-Lighted
2022-10-02T20:08:00.000,I-75,,,Rear End,3,Clear,Dry,Daylight
2022-09-10T15:31:00.000,I 16,,,Not a Collision with Motor Vehicle,1,Rain,Water (standing or moving),Daylight
2022-08-25T19:07:00.000,I 20,,,Rear End,2,Cloudy,Dry,Daylight
2022-07-06T17:15:00.000,I-75,,,Rear End,2,Clear,Dry,Daylight
2022-06-15T07:30:00.000,I-75,,,Rear End,2,Clear,Dry,Daylight
2022-06-06T07:27:00.000,I 16,,,Sideswipe-Same Direction,2,Clear,Dry,Daylight
2022-05-23T06:57:00.000,I 75,,,Not a Collision with Motor Vehicle,1,Rain,Wet,Daylight
2022-04-22T06:50:00.000,I-75,,,Sideswipe-Same Direction,2,Clear,Dry,Dawn
2022-02-14T17:19:00.000,I 16,,,Rear End,2,Clear,Dry,Daylight
2022-12-22T20:36:00.000,I 285,,,Rear End,2,Cloudy,Dry,Dark-Not Lighted
2022-12-04T16:37:00.000,I-75,,,Rear End,2,Cloudy,Dry,Daylight
2022-12-09T15:24:00.000,I 75,,,Not a Collision with Motor Vehicle,1,Rain,Wet,Daylight
2022-12-03T13:45:00.000,I-75,,,Rear End,3,Cloudy,Wet,Daylight
2022-11-03T18:15:00.000,I 85,,,Not a Collision with Motor Vehicle,1,Clear,Dry,Daylight
2022-07-27T00:07:00.000,I 285,,,Not a Collision with Motor Vehicle,1,Clear,Dry,Dark-Lighted
2022-05-03T03:47:00.000,I 75,,,Rear End,2,Clear,Dry,Dark-Lighted
2022-04-05T13:28:00.000,I 285,,,Not a Collision with Motor Vehicle,1,Rain,Wet,Daylight
2022-03-16T16:32:00.000,I-75,,,Rear End,2,Cloudy,Dry,Daylight
2022-02-19T16:00:00.000,I 85,,,Rear End,2,Clear,Dry,Daylight
2022-02-03T09:56:00.000,I 285,,,Sideswipe-Same Direction,2,Rain,Wet,Daylight
2022-12-18T01:30:00.000,I-75,,,Sideswipe-Same Direction,3,Clear,Dry,Dark-Lighted
2022-12-14T17:42:00.000,I 20,,,Sideswipe-Same Direction,2,Clear,Dry,Dark-Not Lighted
2022-12-09T18:28:00.000,I 285,,,Sideswipe-Same Direction,2,Rain,Wet,Dark-Lighted
2022-12-08T21:10:00.000,I 20,,,Rear End,3,Cloudy,Dry,Dark-Not Lighted
2022-11-11T23:12:00.000,I 285,,,Sideswipe-Same Direction,2,Clear,Dry,Dark-Not Lighted
2022-10-14T05:30:00.000,I 95,,,Sideswipe-Same Direction,2,Clear,Dry,Dark-Lighted
2022-10-03T17:50:00.000,I 85,,,Rear End,2,Cloudy,Dry,Daylight
2022-10-03T14:47:00.000,I 75,,,Not a Collision with Motor Vehicle,1,Clear,Dry,Daylight
2022-09-03T00:00:00.000,I 20,,,Not a Collision with Motor Vehicle,1,Clear,Dry,Dark-Not Lighted
2022-08-14T03:34:00.000,I 75,,,Not a Collision with Motor Vehicle,1,Clear,Dry,Dark-Not Lighted
2022-06-15T11:50:00.000,I 20,,,Rear End,2,Clear,Dry,Daylight
2022-06-17T10:01:00.000,I 75,,,Rear End,2,Clear,Dry,Daylight
2022-06-10T04:28:00.000,I 95,,,Rear End,2,Clear,Dry,Dark-Not Lighted
2022-05-26T16:40:00.000,I 16,,,Not a Collision with Motor Vehicle,1,Rain,Water (standing or moving),Daylight