Date and Time,Roadway (From Crash Report),Intersection Name (from Crash Report),KABCO Severity,Manner of Collision (Crash Level) ,# of Vehicles per crash ,Weather Conditions (Crash Level),Surface Condition (Crash Level) ,Light Conditions (Crash Level)
2022-05-11T21:15:00.000,I-75,,,Rear End,4,Clear,Dry,Dark-Lighted
2022-01-20T15:15:00.000,I 75,,,Rear End,2,Cloudy,Dry,Daylight
2022-12-20T02:06:00.000,I-75,,,Rear End,4,Clear,Dry,Dark-Lighted
2022-12-09T19:55:00.000,I-75,,,Rear End,2,Rain,Wet,Dark-Not Lighted
2022-10-30T02:55:00.000,I-75,,,Sideswipe-Same Direction,2,Clear,Dry,Dusk
2022-09-22T15:59:00.000,I 75,,,Rear End,2,Clear,Dry,Daylight
2022-08-04T01:10:00.000,I 75,,,Sideswipe-Same Direction,2,Cloudy,Wet,Dark-Lighted
2022-07-23T20:22:00.000,I 285,,,Angle Crash,2,Cloudy,Dry,Daylight
2022-07-24T12:08:00.000,I 20,,,Rear End,2,Clear,Dry,Daylight
2022-05-28T21:21:00.000,I 85,,,Rear End,2,Clear,Dry,Daylight
2022-05-13T18:18:00.000,I 75,,,Rear End,2,Clear,Dry,Daylight
2022-05-02T21:50:00.000,I 16,,,Angle Crash,2,Clear,Dry,Dark-Lighted
2022-04-20T10:45:00.000,I 75,,,Not a Collision with Motor Vehicle,1,Clear,Dry,Daylight
2022-04-13T07:03:00.000,I 285,,,Angle Crash,2,Clear,Dry,Dawn
2022-03-28T14:47:00.000,I 75,,,Sideswipe-Same Direction,2,Clear,Dry,Daylight
2022-03-28T20:22:00.000,I 85,,,Rear End,3,Clear,Dry,Dusk
2022-03-07T16:57:00.000,I 75,,,Angle Crash,2,Rain,Wet,Daylight
2022-03-08T11:23:00.000,I 20,,,Sideswipe-Opposite Direction,3,Cloudy,Dry,Daylight
2022-02-01T08:09:00.000,I 20,,,Rear End,2,Clear,Dry,Daylight
2022-01-10T09:00:00.000,I 20,,,Not a Collision with Motor Vehicle,1,Clear,Wet,Daylight
2022-12-17T20:30:00.000,I-75,,,Rear End,2,Clear,Dry,Dark-Lighted
2022-11-18T17:10:00.000,I 20,,,Rear End,2,Clear,Dry,Daylight
2022-10-25T06:45:00.000,I-75,,,Rear End,2,Clear,Dry,Dark-Lighted
2022-10-13T12:53:00.000,I 16,,,Sideswipe-Same Direction,2,Clear,Dry,Daylight
2022-09-25T05:00:00.000,I-75,,,Sideswipe-Same Direction,2,Clear,Dry,Dark-Lighted
2022-08-19T16:47:00.000,I 85,,,Not a Collision with Motor Vehicle,1,Rain,Wet,Daylight
2022-08-23T16:40:00.000,I 85,,,Angle Crash,2,Clear,Dry,Daylight
2022-08-16T12:48:00.000,I 285,,,Rear End,2,Clear,Dry,Daylight
2022-08-13T10:34:00.000,I-75,,,Rear End,2,Clear,Dry,Daylight
2022-08-05T12:50:00.000,I 285,,,Rear End,2,Clear,Dry,Daylight
2022-07-01T05:30:00.000,I-75,,,Sideswipe-Same Direction,2,Clear,Dry,Dark-Lighted
2022-07-03T07:17:00.000,I 85,,,Not a Collision with Motor Vehicle,1,Cloudy,Dry,Daylight
2022-05-28T14:20:00.000,I-75,,,Rear End,2,Clear,Dry,Daylight
2022-05-22T22:03:00.000,I 285,,,Not a Collision with Motor Vehicle,1,Clear,Dry,Dark-Not Lighted
2022-04-26T14:10:00.000,I 285,,,Rear End,2,Cloudy,Wet,Daylight
2022-03-20T17:13:00.000,I 20,,,Not a Collision with Motor Vehicle,4,Clear,Dry,Daylight
2022-02-21T22:50:00.000,I 85,,,Not a Collision with Motor Vehicle,1,Rain,Wet,Dark-Not Lighted
2022-02-13T22:50:00.000,I 75,,,Sideswipe-Opposite Direction,2,Cloudy,Dry,Dark-Not Lighted
2022-02-12T21:21:00.000,I 285,,,Rear End,2,Clear,Dry,Dark-Not Lighted
2022-02-13T15:12:00.000,I-75,,,Sideswipe-Same Direction,2,Clear,Dry,Daylight
2022-12-21T12:30:00.000,I-75,,,Rear End,3,Clear,Dry,Daylight
2022-11-16T18:30:00.000,I 85,,,Rear End,2,Clear,Dry,Dark-Not Lighted
2022-11-14T17:25:00.000,I 285,,,Sideswipe-Same Direction,2,Clear,Dry,Daylight
2022-10-07T18:48:00.000,I 75,,,Not a Collision with Motor Vehicle,1,Clear,Dry,Dark-Not Lighted
2022-09-04T20:50:00.000,I 75,,,Rear End,3,Rain,Wet,Dark-Not Lighted
2022-07-27T21:55:00.000,I-75,,,Rear End,2,Clear,Dry,Dark-Lighted
2022-02-21T22:28:00.000,I 75,,,Not a Collision with Motor Vehicle,1,Rain,Water (standing or moving),Dark-Not Lighted
2022-02-14T07:57:00.000,I 285,,,Sideswipe-Same Direction,2,Clear,Dry,Daylight
2022-11-01T13:09:00.000,I 75,,,Sideswipe-Same Direction,2,Clear,Dry,Daylight
2022-09-27T09:31:00.000,I 85,,,Rear End,2,Clear,Dry,Daylight
2022-09-19T09:28:00.000,I 285,,,Sideswipe-Same Direction,2,Clear,Dry,Daylight
2022-09-23T10:22:00.000,I 285,,,Angle Crash,2,Clear,Dry,Daylight
2022-06-26T14:51:00.000,I-75,,,Rear End,2,Clear,Dry,Daylight
2022-03-20T12:05:00.000,I 75,,,Rear End,3,Clear,Dry,Daylight
2022-02-23T16:00:00.000,I-75,,,Sideswipe-Same Direction,2,Clear,Dry,Daylight
2022-03-15T17:34:00.000,I 95,,,Rear End,2,Clear,Dry,Daylight
2022-03-09T05:34:00.000,I 285,,,Angle Crash,2,Rain,Wet,Dark-Lighted
2022-02-18T18:52:00.000,I 16,,,Sideswipe-Same Direction,2,Clear,Dry,Dark-Not Lighted
2022-02-04T06:05:00.000,I 20,,,Sideswipe-Same Direction,2,Rain,Wet,Dark-Not Lighted
2022-11-28T19:50:00.000,I-75,,,Sideswipe-Same Direction,2,Cloudy,Dry,Dark-Lighted
2022-10-15T00:20:00.000,I-75,,,Rear End,3,Clear,Dry,Dark-Not Lighted
2022-09-21T17:45:00.000,I 285,,,Sideswipe-Same Direction,2,Clear,Dry,Daylight
2022-08-25T16:01:00.000,I 75,,,Sideswipe-Same Direction,2,Rain,Wet,Daylight
2022-08-09T10:00:00.000,I 20,,,Rear End,2,Clear,Dry,Daylight
2022-08-08T16:20:00.000,I 20,,,Rear End,2,Clear,Dry,Daylight
2022-07-03T17:30:00.000,I-75,,,Sideswipe-Same Direction,2,Clear,Dry,Daylight
2022-07-02T15:17:00.000,I 85,,,Sideswipe-Same Direction,2,Clear,Dry,Daylight
2022-06-08T13:30:00.000,I-75,,,Rear End,2,Clear,Dry,Daylight
2022-06-07T17:48:00.000,I 285,,,Rear End,2,Clear,Dry,Daylight
2022-05-09T16:45:00.000,I 75,,,Sideswipe-Same Direction,2,Clear,Dry,Daylight
2022-05-11T17:30:00.000,I 85,,,Rear End,4,Clear,Dry,Daylight
2022-05-06T06:28:00.000,I 75,,,Not a Collision with Motor Vehicle,2,Rain,Wet,Daylight
2022-04-16T00:01:00.000,I-75,,,Sideswipe-Same Direction,2,Clear,Dry,Dark-Lighted
2022-04-12T12:40:00.000,I 285,,,Angle Crash,2,Clear,Dry,Daylight
2022-04-13T00:49:00.000,I 285,,,Not a Collision with Motor Vehicle,1,Clear,Dry,Dark-Lighted
2022-03-07T08:06:00.000,I 75,,,Sideswipe-Same Direction,2,Clear,Dry,Daylight
2022-02-17T22:40:00.000,I-75,,,Sideswipe-Same Direction,2,Rain,Wet,Dark-Lighted
2022-02-05T09:25:00.000,I-75,,,Rear End,2,Clear,Dry,Daylight
2022-12-11T21:10:00.000,I-75,,,Sideswipe-Same Direction,2,Cloudy,Wet,Dark-Not Lighted
2022-11-09T00:00:00.000,I 285,,,Sideswipe-Same Direction,2,Clear,Dry,Dark-Not Lighted
2022-12-05T15:00:00.000,I 20,,,Sideswipe-Same Direction,2,Rain,Wet,Daylight
2022-11-11T19:03:00.000,I 75,,,Rear End,2,Rain,Wet,Daylight
2022-10-12T18:17:00.000,I 20,,,Not a Collision with Motor Vehicle,1,Rain,Wet,Dark-Not Lighted
2022-09-27T03:10:00.000,I-75,,,Not a Collision with Motor Vehicle,1,Clear,Dry,Dark-Lighted
2022-10-01T09:25:00.000,I 85,,,Rear End,4,Clear,Dry,Daylight
2022-07-06T12:17:00.000,I 85,,,Rear End,2,Cloudy,Dry,Daylight
2022-06-16T09:58:00.000,I 95,,,Sideswipe-Same Direction,2,Clear,Dry,Daylight
2022-05-17T00:00:00.000,I 20,,,Sideswipe-Same Direction,2,Clear,Dry,Daylight
2022-05-04T08:30:00.000,I-75,,,Rear End,2,Cloudy,Wet,Daylight
2022-03-10T05:03:00.000,I 85,,,Rear End,2,Clear,Dry,Dark-Not Lighted
2022-03-06T19:00:00.000,I-75,,,Rear End,2,Clear,Dry,Dark-Lighted
2022-01-31T19:14:00.000,I 285,,,Sideswipe-Same Direction,2,Clear,Dry,Dark-Not Lighted
2022-12-28T00:00:00.000,I 285,,,Sideswipe-Same Direction,2,Clear,Dry,Daylight
2022-11-14T22:00:00.000,I 285,,,Sideswipe-Same Direction,2,Clear,Dry,Dark-Lighted
2022-11-10T19:14:00.000,I 95,,,Not a Collision with Motor Vehicle,1,Rain,Wet,Dark-Not Lighted
2022-07-23T12:34:00.000,I 20,,,Angle Crash,2,Clear,Dry,Daylight
2022-06-01T13:20:00.000,I-75,,,Rear End,2,Clear,Dry,Daylight
2022-06-18T14:00:00.000,I-75,,,Rear End,2,Clear,Dry,Daylight
2022-05-08T00:33:00.000,I 85,,,Sideswipe-Same Direction,2,Clear,Dry,Dark-Lighted
2022-04-19T12:54:00.000,I 75,,,Not a Collision with Motor Vehicle,1,Clear,Dry,Daylight
2022-03-31T08:07:00.000,I 75,,,Rear End,3,Rain,Wet,Daylight
2022-03-24T20:37:00.000,I-75,,,Sideswipe-Same Direction,2,Clear,Dry,Dark-Lighted
2022-03-16T20:17:00.000,I-75,,,Sideswipe-Same Direction,3,Rain,Wet,Dark-Lighted
2022-03-07T12:50:00.000,I 75,,,Not a Collision with Motor Vehicle,1,Cloudy,Dry,Daylight
2022-02-02T19:47:00.000,I-75,,,Sideswipe-Same Direction,2,Rain,Wet,Dark-Lighted
2022-01-20T21:00:00.000,I-75,,,Not a Collision with Motor Vehicle,1,Clear,Other,Dark-Not Lighted
2022-12-19T17:55:00.000,I-75,,,Sideswipe-Same Direction,2,Clear,Dry,Dark-Lighted
2022-12-06T04:20:00.000,I-75,,,Sideswipe-Same Direction,2,Rain,Wet,Dark-Not Lighted
2022-11-09T11:28:00.000,I 85,,,Angle Crash,2,Clear,Dry,Daylight
2022-11-11T02:36:00.000,I 285,,,Rear End,2,Rain,Wet,Dark-Not Lighted
2022-09-29T15:15:00.000,I 85,,,Sideswipe-Same Direction,4,Clear,Dry,Daylight
2022-07-09T14:26:00.000,I-75,,,Angle Crash,3,Clear,Wet,Daylight
2022-06-27T09:30:00.000,I 285,,,Angle Crash,2,Clear,Dry,Daylight
2022-04-16T22:15:00.000,I-75,,,Rear End,2,Clear,Dry,Dark-Lighted
2022-04-16T13:00:00.000,I-75,,,Rear End,2,Cloudy,Dry,Daylight
2022-12-20T23:00:00.000,I-75,,,Sideswipe-Same Direction,2,Cloudy,Dry,Dark-Not Lighted
2022-11-27T11:40:00.000,I 85,,,Rear End,3,Clear,Dry,Daylight
2022-12-09T12:10:00.000,I 85,,,Not a Collision with Motor Vehicle,1,Rain,Wet,Daylight
2022-12-05T11:46:00.000,I 285,,,Not a Collision with Motor Vehicle,1,Rain,Wet,Daylight
2022-12-04T20:23:00.000,I 75,,,Rear End,3,Clear,Dry,Dark-Not Lighted
2022-11-23T17:43:00.000,I 20,,,Rear End,2,Clear,Dry,Dark-Not Lighted
2022-11-11T08:06:00.000,I 85,,,Rear End,4,Rain,Wet,Daylight
2022-11-12T15:30:00.000,I-75,,,Rear End,2,Cloudy,Dry,Daylight
2022-10-31T06:51:00.000,I 20,,,Rear End,2,Cloudy,Wet,Dark-Not Lighted
2022-09-20T10:50:00.000,I 75,,,Sideswipe-Same Direction,2,Clear,Dry,Daylight
2022-09-17T19:13:00.000,I-75,,,Sideswipe-Same Direction,2,Clear,Dry,Dusk
2022-09-10T15:00:00.000,I-75,,,Rear End,3,Cloudy,Dry,Daylight
2022-06-30T05:56:00.000,I 285,,,Sideswipe-Same Direction,2,Clear,Dry,Dark-Not Lighted
2022-06-13T13:58:00.000,I 75,,,Sideswipe-Same Direction,2,Clear,Dry,Daylight
2022-05-13T15:35:00.000,I 85,,,Rear End,1,Clear,Dry,Daylight
2022-04-07T15:28:00.000,I 75,,,Sideswipe-Same Direction,2,Cloudy,Dry,Daylight
2022-03-31T07:17:00.000,I 75,,,Rear End,2,Rain,Wet,Dawn
2022-12-26T12:24:00.000,I 75,,,Rear End,2,Clear,Dry,Daylight
2022-12-16T18:40:00.000,I 75,,,Rear End,2,Clear,Dry,Dark-Not Lighted
2022-10-11T15:45:00.000,I 285,,,Not a Collision with Motor Vehicle,2,Clear,Dry,Daylight
2022-10-01T02:18:00.000,I 20,,,Not a Collision with Motor Vehicle,1,Clear,Dry,Dark-Not Lighted
2022-09-04T17:07:00.000,I 16,,,Not a Collision with Motor Vehicle,1,Rain,Wet,Daylight
2022-09-05T00:07:00.000,I-75,,,Not a Collision with Motor Vehicle,1,Rain,Wet,Dark-Lighted
2022-08-29T12:43:00.000,I 75,,,Rear End,2,Clear,Dry,Daylight
2022-06-25T21:51:00.000,I 285,,,Rear End,3,Clear,Dry,Dark-Not Lighted
2022-06-20T17:00:00.000,I 20,,,Rear End,2,Clear,Dry,Daylight
2022-06-01T00:31:00.000,I 85,,,Not a Collision with Motor Vehicle,2,Clear,Dry,Dark-Not Lighted
2022-05-27T20:07:00.000,I 85,,,Rear End,2,Clear,Dry,Daylight
2022-05-19T05:50:00.000,I 75,,,Sideswipe-Same Direction,2,Clear,Dry,Dawn
2022-04-23T15:16:00.000,I 20,,,Rear End,2,Clear,Dry,Daylight
2022-03-30T09:00:00.000,I 20,,,Rear End,2,Cloudy,Dry,Daylight
2022-03-24T08:00:00.000,I 20,,,Angle Crash,2,Clear,Dry,Daylight
2022-01-10T01:45:00.000,I-75,,,Rear End,2,Clear,Wet,Dark-Lighted
2022-01-08T17:50:00.000,I 285,,,Not a Collision with Motor Vehicle,2,Clear,Dry,Dark-Not Lighted
2022-01-06T17:15:00.000,I 20,,,Rear End,2,Rain,Wet,Daylight
2022-12-16T03:23:00.000,I-75,,,Sideswipe-Same Direction,2,Clear,Dry,Dark-Lighted
2022-11-18T21:25:00.000,I 75,,,Not a Collision with Motor Vehicle,1,Clear,Dry,Dark-Not Lighted
2022-11-15T07:41:00.000,I 285,,,Rear End,2,Rain,Wet,Daylight
2022-11-05T21:22:00.000,I-75,,,Rear End,2,Cloudy,Dry,Dark-Lighted
2022-10-15T12:32:00.000,I 85,,,Rear End,2,Clear,Dry,Daylight
2022-09-22T20:17:00.000,I-75,,,Angle Crash,2,Clear,Dry,Dark-Lighted
2022-05-12T00:00:00.000,I 75,,,Sideswipe-Same Direction,1,Clear,Dry,Daylight
2022-07-19T06:23:00.000,I 75,,,Not a Collision with Motor Vehicle,1,Rain,Wet,Daylight
2022-07-09T22:27:00.000,I 75,,,Not a Collision with Motor Vehicle,3,Clear,Dry,Dark-Lighted
2022-06-02T18:17:00.000,I 75,,,Not a Collision with Motor Vehicle,1,Cloudy,Wet,Daylight
2022-05-26T14:45:00.000,I 20,,,Not a Collision with Motor Vehicle,1,Rain,Wet,Daylight
2022-05-21T00:00:00.000,I 20,,,Rear End,3,Clear,Dry,Dark-Lighted
2022-04-27T10:24:00.000,I-75,,,Rear End,2,Clear,Dry,Daylight
2022-02-07T12:30:00.000,I 75,,,Sideswipe-Same Direction,2,Cloudy,Dry,Daylight
2022-11-24T18:18:00.000,I 75,,,Not a Collision with Motor Vehicle,1,Clear,Dry,Dark-Not Lighted
2022-09-27T18:18:00.000,I 75,,,Sideswipe-Same Direction,2,Clear,Dry,Daylight
2022-09-10T20:13:00.000,I-75,,,Rear End,2,Cloudy,Wet,Dark-Lighted
2022-08-07T02:00:00.000,I-75,,,Sideswipe-Same Direction,3,Clear,Water (standing or moving),Dark-Lighted
2022-08-09T00:40:00.000,I-75,,,Sideswipe-Same Direction,2,Clear,Dry,Dark-Lighted
2022-07-31T10:40:00.000,I 85,,,Sideswipe-Same Direction,2,Clear,Dry,Daylight
2022-07-05T12:35:00.000,I 75,,,Angle Crash,2,Clear,Dry,Daylight
2022-07-05T17:50:00.000,I 285,,,Rear End,2,Clear,Dry,Daylight
2022-06-03T15:15:00.000,I 75,,,Rear End,2,Cloudy,Dry,Daylight
2022-06-03T17:28:00.000,I 285,,,Rear End,2,Clear,Dry,Daylight
2022-04-15T16:00:00.000,Sr 140,,,Angle Crash,2,Clear,Dry,Daylight
2022-04-09T23:10:00.000,I-75,,,Rear End,2,Clear,Dry,Dark-Lighted
2022-03-16T16:12:00.000,I 20,,,Sideswipe-Same Direction,2,Cloudy,Wet,Daylight
2022-03-15T06:45:00.000,I 85,,,Sideswipe-Same Direction,2,Clear,Dry,Dawn
2022-03-11T13:14:00.000,I 75,,,Rear End,3,Cloudy,Dry,Daylight
2022-02-17T23:00:00.000,I 285,,,Not a Collision with Motor Vehicle,1,Rain,Wet,Dark-Lighted
2022-02-18T01:19:00.000,I 20,,,Not a Collision with Motor Vehicle,1,Rain,Wet,Dark-Not Lighted
2022-08-19T22:15:00.000,I 75,,,Rear End,2,Clear,Dry,Daylight
2022-06-04T14:50:00.000,I-75,,,Not a Collision with Motor Vehicle,2,Clear,Dry,Daylight
2022-10-20T09:58:00.000,I 285,,,Sideswipe-Same Direction,2,Clear,Dry,Daylight
2022-08-22T16:00:00.000,I 285,,,Sideswipe-Same Direction,2,Clear,Dry,Daylight
2022-03-09T09:00:00.000,I-75,,,Sideswipe-Same Direction,2,Cloudy,Wet,Daylight
2022-12-29T00:29:00.000,I 75,,,Sideswipe-Same Direction,2,Clear,Dry,Dark-Lighted
2022-06-10T20:10:00.000,I 75,,,Not a Collision with Motor Vehicle,2,Clear,Dry,Dark-Lighted
2022-10-15T13:32:00.000,I 20,,,Rear End,2,Clear,Dry,Daylight
2021-10-28T20:18:00.000,I 16,,,Angle Crash,2,Rain,Wet,Dark-Not Lighted
2021-09-27T17:22:00.000,I 16,,,Rear End,2,Clear,Dry,Daylight
2021-11-29T12:39:00.000,I 16,,,Rear End,2,Clear,Dry,Daylight
2021-08-19T04:00:00.000,I 285,,,Not a Collision with Motor Vehicle,1,Clear,Dry,Dark-Not Lighted
2021-12-12T20:30:00.000,I-75,,,Sideswipe-Same Direction,2,Cloudy,Wet,Dark-Lighted
2021-12-07T03:50:00.000,I-75,,,Sideswipe-Same Direction,2,Clear,Dry,Dark-Lighted
2021-11-19T13:01:00.000,I 75,,,Head On,2,Clear,Dry,Daylight
2021-12-12T00:55:00.000,I 75,,,Not a Collision with Motor Vehicle,1,Clear,Wet,Dark-Not Lighted
2021-12-19T00:45:00.000,I-75,,,Rear End,2,Fog,Wet,Dark-Lighted
2021-11-02T17:28:00.000,I 16,,,Rear End,2,Clear,Dry,Daylight
2021-10-26T15:55:00.000,I 75,,,Sideswipe-Same Direction,2,Clear,Dry,Daylight
2021-08-05T18:14:00.000,I 75,,,Rear End,3,Clear,Dry,Daylight
2021-10-11T02:35:00.000,I 285,,,Sideswipe-Same Direction,2,Clear,Dry,Dark-Lighted
2021-12-12T18:00:00.000,I 20,,,Rear End,2,Clear,Dry,Daylight
2021-10-30T18:30:00.000,I-75,,,Sideswipe-Same Direction,2,Rain,Water (standing or moving),Dark-Lighted
2021-09-19T19:00:00.000,I-75,,,Rear End,2,Clear,Dry,Dusk
2021-12-22T23:26:00.000,I 20,,,Rear End,2,Clear,Dry,Dark-Lighted
2021-09-27T18:28:00.000,I 75,,,Rear End,2,Clear,Dry,Daylight
2021-09-13T11:15:00.000,I 285,,,Sideswipe-Same Direction,2,Clear,Dry,Daylight
2021-12-02T06:15:00.000,I 75,,,Rear End,2,Clear,Dry,Dark-Lighted
2021-07-29T18:02:00.000,I 20,,,Rear End,2,Clear,Dry,Daylight
2021-09-20T13:30:00.000,I 85,,,Rear End,5,Rain,Wet,Daylight
2021-07-09T14:20:00.000,I 75,,,Not a Collision with Motor Vehicle,3,Rain,Wet,Daylight
2021-08-01T16:00:00.000,I-75,,,Rear End,2,Clear,Dry,Daylight
2021-09-03T17:35:00.000,I 95,,,Rear End,2,Clear,Dry,Daylight
2021-11-17T11:15:00.000,I-75,,,Rear End,2,Clear,Dry,Daylight
2021-10-23T05:02:00.000,I 75,,,Not a Collision with Motor Vehicle,1,Clear,Dry,Dark-Not Lighted
2021-11-24T22:34:00.000,I 85,,,Angle Crash,2,Clear,Dry,Dark-Not Lighted
2021-08-13T06:06:00.000,I 75,,,Rear End,2,Clear,Dry,Dawn
2021-10-30T12:31:00.000,I 95,,,Rear End,2,Cloudy,Dry,Daylight
2021-07-10T20:40:00.000,I 75,,,Not a Collision with Motor Vehicle,1,Clear,Dry,Daylight
2021-09-19T16:00:00.000,I-75,,,Rear End,2,Cloudy,Water (standing or moving),Daylight
2021-12-18T20:20:00.000,I 75,,,Not a Collision with Motor Vehicle,1,Rain,Wet,Dark-Not Lighted
2021-09-12T06:25:00.000,I 75,,,Not a Collision with Motor Vehicle,1,Clear,Dry,Dark-Not Lighted
2021-12-13T10:06:00.000,I 20,,,Sideswipe-Same Direction,2,Clear,Dry,Daylight
2021-07-15T05:40:00.000,I 20,,,Rear End,5,Clear,Dry,Dark-Not Lighted
2021-11-09T19:10:00.000,I 285,,,Rear End,2,Clear,Dry,Dark-Not Lighted
2021-09-29T18:39:00.000,I 85,,,Sideswipe-Same Direction,2,Clear,Dry,Daylight
2021-09-20T14:20:00.000,I 16,,,Angle Crash,1,Rain,Wet,Daylight
2021-12-20T13:38:00.000,I 75,,,Sideswipe-Same Direction,2,Cloudy,Dry,Daylight
2021-10-05T09:38:00.000,I 285,,,Not a Collision with Motor Vehicle,1,Rain,Wet,Daylight
2021-08-02T14:55:00.000,I 285,,,Rear End,2,Clear,Dry,Daylight
2021-11-05T12:15:00.000,I 285,,,Rear End,2,Clear,Dry,Daylight
2021-08-16T04:02:00.000,I 285,,,Not a Collision with Motor Vehicle,1,Clear,Dry,Dark-Not Lighted
2021-12-14T17:05:00.000,I 285,,,Rear End,2,Clear,Dry,Dark-Lighted
2021-08-08T14:09:00.000,I-75,,,Sideswipe-Same Direction,2,Clear,Dry,Daylight
2021-09-24T15:00:00.000,I 75,,,Rear End,2,Clear,Dry,Daylight
2021-12-09T15:20:00.000,I 85,,,Rear End,2,Cloudy,Dry,Daylight
2021-12-14T10:49:00.000,I 16,,,Rear End,2,Clear,Dry,Daylight
2021-10-23T17:40:00.000,I 16,,,Rear End,2,Clear,Dry,Daylight
2021-07-07T19:13:00.000,I 75,,,Not a Collision with Motor Vehicle,1,Rain,Wet,Dusk
2021-08-21T22:23:00.000,I 75,,,Not a Collision with Motor Vehicle,1,Clear,Dry,Dark-Lighted
2021-12-17T14:28:00.000,I 285,,,Rear End,2,Clear,Dry,Daylight
2021-07-16T05:10:00.000,I 75,,,Sideswipe-Same Direction,2,Cloudy,Dry,Dark-Not Lighted
2021-07-18T21:54:00.000,I 285,,,Not a Collision with Motor Vehicle,1,Clear,Dry,Dark-Lighted
2021-08-22T18:22:00.000,I 20,,,Not a Collision with Motor Vehicle,1,Rain,Wet,Daylight
2021-11-04T14:00:00.000,I 75,,,Rear End,2,Cloudy,Wet,Daylight
2021-10-05T10:12:00.000,I 85,,,Rear End,2,Rain,Wet,Daylight
2021-11-26T19:20:00.000,I 75,,,Rear End,4,Clear,Dry,Dark-Lighted
2021-12-06T15:19:00.000,I 285,,,Sideswipe-Same Direction,2,Clear,Dry,Daylight
2021-11-29T15:52:00.000,I 75,,,Rear End,2,Clear,Dry,Daylight
2021-10-23T16:33:00.000,I 75,,,Rear End,3,Clear,Dry,Daylight
2021-10-14T20:00:00.000,I 285,,,Rear End,2,Clear,Dry,Dark-Lighted
2021-08-21T14:00:00.000,I 285,,,Rear End,2,Clear,Dry,Daylight
2021-10-03T13:57:00.000,I 85,,,Sideswipe-Same Direction,2,Cloudy,Dry,Daylight
2021-12-21T12:34:00.000,I 16,,,Not a Collision with Motor Vehicle,1,Rain,Wet,Daylight
2021-11-21T17:30:00.000,I-75,,,Rear End,2,Clear,Dry,Daylight
2021-08-17T17:15:00.000,I 20,,,Rear End,2,Clear,Dry,Daylight
2021-11-24T00:00:00.000,I 95,,,Not a Collision with Motor Vehicle,2,Clear,Dry,Daylight
2021-12-02T18:46:00.000,I 75,,,Rear End,2,Clear,Dry,Dark-Not Lighted
2021-12-07T07:34:00.000,I 75,,,Sideswipe-Same Direction,2,Clear,Dry,Dawn
2021-09-04T12:10:00.000,I 85,,,Rear End,2,Clear,Dry,Daylight
2021-09-27T15:00:00.000,I 285,,,Sideswipe-Same Direction,2,Clear,Dry,Daylight
2021-07-14T07:47:00.000,I 20,,,Rear End,2,Cloudy,Dry,Daylight
2021-07-24T23:11:00.000,I 85,,,Rear End,2,Rain,Wet,Dark-Lighted
2021-07-25T21:30:00.000,I 75,,,Rear End,2,Clear,Dry,Daylight
2021-11-04T06:29:00.000,I 75,,,Sideswipe-Same Direction,3,Cloudy,Wet,Dark-Not Lighted
2021-12-02T21:55:00.000,I 75,,,Sideswipe-Same Direction,2,Clear,Dry,Dark-Lighted
2021-09-23T00:43:00.000,I 20,,,Angle Crash,1,Clear,Dry,Dark-Not Lighted
2021-09-21T06:51:00.000,I 20,,,Rear End,3,Cloudy,Wet,Dark-Not Lighted
2021-12-19T00:00:00.000,I 20,,,Not a Collision with Motor Vehicle,1,Rain,Wet,Dark-Not Lighted
2021-10-17T13:06:00.000,I 75,,,Not a Collision with Motor Vehicle,2,Clear,Dry,Daylight
2021-11-19T10:35:00.000,I 75,,,Not a Collision with Motor Vehicle,2,Clear,Dry,Daylight
2021-09-23T05:49:00.000,I 85,,,Not a Collision with Motor Vehicle,1,Clear,Dry,Dawn
2021-12-04T10:20:00.000,I-75,,,Rear End,3,Cloudy,Dry,Daylight
2021-11-10T19:11:00.000,I 85,,,Sideswipe-Same Direction,2,Clear,Dry,Dark-Not Lighted
2021-12-22T07:13:00.000,I 75,,,Not a Collision with Motor Vehicle,1,Clear,Wet,Dawn
2021-07-04T22:56:00.000,I 75,,,Not a Collision with Motor Vehicle,1,Clear,Dry,Dark-Not Lighted
2021-11-11T09:54:00.000,I-75,,,Angle Crash,2,Clear,Dry,Daylight
2021-10-01T13:58:00.000,I 20,,,Rear End,2,Clear,Dry,Daylight
2021-09-22T23:44:00.000,I 75,,,Rear End,2,Clear,Dry,Dark-Not Lighted
2021-09-16T20:00:00.000,I 20,,,Rear End,3,Rain,Wet,Dark-Lighted
2021-09-01T10:31:00.000,I 285,,,Rear End,2,Clear,Dry,Daylight
2021-08-12T22:25:00.000,I 85,,,Sideswipe-Same Direction,2,Cloudy,Dry,Dark-Lighted
2021-07-25T14:31:00.000,I 75,,,Rear End,2,Cloudy,Wet,Daylight
2021-07-30T16:44:00.000,I 285,,,Rear End,2,Clear,Dry,Daylight
2021-09-13T09:31:00.000,I 16,,,Not a Collision with Motor Vehicle,2,Clear,Dry,Daylight
2021-11-17T09:50:00.000,I-75,,,Rear End,2,Clear,Dry,Daylight
2021-11-11T22:28:00.000,I-75,,,Not a Collision with Motor Vehicle,1,Rain,Wet,Dark-Lighted
2021-08-24T15:53:00.000,I 285,,,Sideswipe-Same Direction,2,Clear,Dry,Daylight
2021-11-25T21:42:00.000,I 285,,,Sideswipe-Same Direction,2,Rain,Wet,Dark-Lighted
2021-09-23T16:21:00.000,I 75,,,Sideswipe-Same Direction,3,Clear,Dry,Daylight
2021-12-26T00:00:00.000,I 285,,,Rear End,2,Clear,Dry,Daylight