Date and Time,Roadway (From Crash Report),Intersection Name (from Crash Report),KABCO Severity,Manner of Collision (Crash Level) ,# of Vehicles per crash ,Weather Conditions (Crash Level),Surface Condition (Crash Level) ,Light Conditions (Crash Level)
2021-08-07T15:48:00.000,I 285,,,Angle Crash,2,Cloudy,Wet,Daylight
2021-11-11T23:36:00.000,I-75,,,Rear End,2,Clear,Dry,Dark-Lighted
2021-11-28T19:45:00.000,I-75,,,Sideswipe-Same Direction,2,Clear,Dry,Dark-Lighted
2021-09-08T17:10:00.000,I 285,,,Sideswipe-Same Direction,2,Cloudy,Dry,Daylight
2021-07-20T16:30:00.000,I 75,,,Sideswipe-Same Direction,3,Clear,Dry,Daylight
2021-09-09T22:30:00.000,I 285,,,Sideswipe-Same Direction,2,Clear,Dry,Dark-Not Lighted
2021-08-26T02:22:00.000,I 285,,,Rear End,2,Rain,Wet,Dark-Lighted
2021-10-15T15:25:00.000,I 20,,,Rear End,2,Clear,Dry,Daylight
2021-12-12T18:03:00.000,I 285,,,Sideswipe-Same Direction,2,Clear,Dry,Dark-Lighted
2021-10-27T15:32:00.000,I 85,,,Not a Collision with Motor Vehicle,4,Clear,Dry,Daylight
2021-08-22T05:08:00.000,I 16,,,Not a Collision with Motor Vehicle,1,Cloudy,Dry,Dark-Not Lighted
2021-12-20T18:23:00.000,I 75,,,Rear End,3,Cloudy,Dry,Dark-Lighted
2021-08-01T15:56:00.000,I 95,,,Sideswipe-Same Direction,2,Clear,Dry,Daylight
2021-07-29T21:40:00.000,I 75,,,Not a Collision with Motor Vehicle,1,Clear,Dry,Dark-Lighted
2021-07-08T00:00:00.000,I 20,,,Rear End,2,Clear,Dry,Daylight
2021-10-07T10:43:00.000,I 85,,,Sideswipe-Same Direction,3,Cloudy,Dry,Daylight
2021-12-10T06:35:00.000,I 75,,,Not a Collision with Motor Vehicle,1,Rain,Wet,Dark-Lighted
2021-10-12T16:20:00.000,I 75,,,Angle Crash,3,Cloudy,Dry,Daylight
2021-08-07T20:03:00.000,I-75,,,Sideswipe-Same Direction,2,Clear,Dry,Dark-Lighted
2021-07-24T21:35:00.000,I-75,,,Rear End,2,Clear,Dry,Dark-Lighted
2021-12-17T20:39:00.000,I-75,,,Rear End,2,Clear,Dry,Dark-Lighted
2021-11-18T00:44:00.000,I 16,,,Not a Collision with Motor Vehicle,1,Clear,Dry,Dark-Not Lighted
2021-10-19T19:50:00.000,I 75,,,Sideswipe-Same Direction,3,Cloudy,Dry,Dark-Lighted
2021-10-28T09:30:00.000,I 16,,,Sideswipe-Same Direction,2,Rain,Wet,Daylight
2021-07-19T00:45:00.000,I 75,,,Rear End,2,Rain,Wet,Dark-Not Lighted
2021-09-16T16:00:00.000,I 285,,,Sideswipe-Same Direction,2,Rain,Wet,Daylight
2021-08-09T06:35:00.000,I 20,,,Sideswipe-Same Direction,2,Clear,Dry,Daylight
2021-11-23T17:51:00.000,I 85,,,Rear End,2,Clear,Dry,Dark-Lighted
2021-11-21T12:25:00.000,I 85,,,Rear End,4,Clear,Dry,Daylight
2021-07-10T09:45:00.000,I 20,,,Sideswipe-Same Direction,2,Clear,Dry,Daylight
2021-10-28T08:05:00.000,I 75,,,Not a Collision with Motor Vehicle,1,Rain,Wet,Daylight
2021-11-05T10:55:00.000,I-75,,,Rear End,3,Clear,Dry,Daylight
2021-07-14T08:18:00.000,I 285,,,Sideswipe-Same Direction,5,Clear,Dry,Daylight
2021-09-06T23:20:00.000,I 285,,,Angle Crash,2,Clear,Dry,Dark-Lighted
2021-09-21T17:32:00.000,I 285,,,Rear End,2,Cloudy,Dry,Daylight
2021-11-07T13:45:00.000,I 75,,,Sideswipe-Same Direction,2,Clear,Dry,Daylight
2021-11-03T17:00:00.000,I-75,,,Rear End,2,Cloudy,Dry,Daylight
2021-10-14T22:04:00.000,I 85,,,Not a Collision with Motor Vehicle,1,Clear,Dry,Dark-Not Lighted
2021-07-25T19:20:00.000,I 85,,,Angle Crash,2,Clear,Wet,Daylight
2021-12-05T11:55:00.000,I 85,,,Sideswipe-Same Direction,2,Rain,Wet,Daylight
2021-11-23T15:54:00.000,I 85,,,Sideswipe-Same Direction,2,Clear,Dry,Daylight
2021-07-08T17:45:00.000,I 16,,,Rear End,2,Cloudy,Dry,Daylight
2021-11-29T21:00:00.000,I 85,,,Head On,1,Clear,Dry,Dark-Not Lighted
2021-12-10T08:25:00.000,I 20,,,Head On,1,Rain,Wet,Daylight
2021-12-04T19:30:00.000,I-75,,,Rear End,3,Clear,Dry,Dark-Lighted
2021-10-17T20:34:00.000,I 285,,,Sideswipe-Same Direction,2,Clear,Dry,Dark-Not Lighted
2021-10-25T03:14:00.000,I-75,,,Rear End,2,Clear,Dry,Dark-Lighted
2021-10-01T20:11:00.000,I 285,,,Angle Crash,2,Clear,Dry,Dusk
2021-12-05T10:20:00.000,I 75,,,Not a Collision with Motor Vehicle,1,Cloudy,Wet,Daylight
2021-10-10T13:30:00.000,I 75,,,Angle Crash,2,Clear,Dry,Dawn
2021-10-02T17:09:00.000,I 285,,,Sideswipe-Same Direction,2,Clear,Dry,Daylight
2021-11-25T14:56:00.000,I 85,,,Not a Collision with Motor Vehicle,1,Clear,Dry,Daylight
2021-12-18T15:40:00.000,I-75,,,Not a Collision with Motor Vehicle,1,Rain,Wet,Daylight
2021-07-21T12:20:00.000,I 75,,,Rear End,2,Cloudy,Dry,Daylight
2021-11-12T18:09:00.000,I 285,,,Rear End,2,Clear,Dry,Dark-Lighted
2021-07-18T20:16:00.000,I 75,,,Not a Collision with Motor Vehicle,1,Clear,Dry,Dark-Lighted
2021-10-22T06:01:00.000,I 75,,,Sideswipe-Same Direction,2,Cloudy,Wet,Dark-Not Lighted
2021-08-23T09:35:00.000,I 85,,,Not a Collision with Motor Vehicle,2,Clear,Dry,Daylight
2021-11-16T12:30:00.000,I 20,,,Sideswipe-Same Direction,2,Clear,Dry,Daylight
2021-11-14T07:37:00.000,I 85,,,Not a Collision with Motor Vehicle,1,Clear,Dry,Daylight
2021-12-31T16:04:00.000,I 75,,,Angle Crash,2,Clear,Dry,Daylight
2021-10-03T20:53:00.000,I 20,,,Rear End,2,Clear,Dry,Dark-Lighted
2021-07-19T16:52:00.000,I 20,,,Not a Collision with Motor Vehicle,1,Rain,Wet,Daylight
2021-11-30T14:00:00.000,I 20,,,Rear End,2,Clear,Dry,Daylight
2021-07-22T16:10:00.000,I 75,,,Sideswipe-Same Direction,3,Clear,Dry,Daylight
2021-10-20T06:15:00.000,I 285,,,Sideswipe-Same Direction,2,Clear,Dry,Dark-Not Lighted
2021-09-11T15:00:00.000,I 285,,,Sideswipe-Same Direction,2,Clear,Dry,Daylight
2021-07-30T07:28:00.000,I 85,,,Rear End,2,Clear,Dry,Daylight
2021-11-04T08:10:00.000,I 285,,,Rear End,3,Rain,Wet,Daylight
2021-12-11T19:16:00.000,I 75,,,Sideswipe-Same Direction,2,Rain,Wet,Dark-Not Lighted
2021-11-22T14:47:00.000,I 16,,,Rear End,2,Clear,Dry,Daylight
2021-12-29T00:00:00.000,I 285,,,Not a Collision with Motor Vehicle,1,Rain,Wet,Daylight
2021-10-27T05:28:00.000,I 20,,,Not a Collision with Motor Vehicle,1,Clear,Dry,Dark-Lighted
2021-10-09T21:20:00.000,I 85,,,Not a Collision with Motor Vehicle,1,Clear,Dry,Dark-Not Lighted
2021-09-20T16:20:00.000,I 285,,,Rear End,2,Rain,Wet,Daylight
2021-11-29T04:50:00.000,I 75,,,Sideswipe-Same Direction,2,Clear,Dry,Dark-Not Lighted
2021-10-14T21:25:00.000,I 85,,,Not a Collision with Motor Vehicle,1,Clear,Dry,Dark-Not Lighted
2021-07-11T14:37:00.000,I 16,,,Not a Collision with Motor Vehicle,1,Rain,Wet,Daylight
2021-08-17T08:02:00.000,I 85,,,Rear End,2,Rain,Wet,Daylight
2022-03-23T10:50:00.000,I 75,,,Not a Collision with Motor Vehicle,1,Rain,Wet,Daylight
2022-07-04T01:10:00.000,I 85,,,Angle Crash,2,Clear,Dry,Dark-Lighted
2022-01-04T17:39:00.000,I 85,,,Sideswipe-Same Direction,2,Clear,Dry,Daylight
2022-04-05T18:25:00.000,I 16,,,Rear End,2,Severe Thunderstorm or Tornadic,Wet,Daylight
2022-08-12T15:30:00.000,I 285,,,Rear End,3,Clear,Dry,Daylight
2022-09-13T11:44:00.000,I 20,,,Rear End,2,Clear,Dry,Daylight
2022-10-12T06:30:00.000,I-75,,,Sideswipe-Same Direction,2,Clear,Dry,Daylight
2022-12-12T07:22:00.000,I 75,,,Rear End,2,Cloudy,Dry,Dark-Not Lighted
2022-02-19T00:38:00.000,I 20,,,Sideswipe-Same Direction,2,Clear,Dry,Dark-Lighted
2022-12-12T07:48:00.000,I 75,,,Rear End,2,Cloudy,Wet,Daylight
2022-10-17T17:29:00.000,I 75,,,Sideswipe-Same Direction,2,Clear,Dry,Daylight
2022-02-09T10:00:00.000,I-75,,,Rear End,2,Clear,Dry,Daylight
2022-11-10T12:13:00.000,I 285,,,Rear End,2,Cloudy,Dry,Daylight
2022-07-24T22:00:00.000,I 75,,,Angle Crash,2,Clear,Dry,Dark-Lighted
2022-07-16T11:12:00.000,I 95,,,Rear End,2,Clear,Dry,Daylight
2022-03-08T17:50:00.000,I 85,,,Not a Collision with Motor Vehicle,1,Rain,Wet,Dark-Not Lighted
2022-01-24T00:00:00.000,I 285,,,Rear End,2,Clear,Dry,Daylight
2022-04-06T02:25:00.000,I 285,,,Sideswipe-Same Direction,2,Clear,Dry,Dark-Lighted
2022-02-25T10:53:00.000,I 75,,,Rear End,2,Rain,Wet,Daylight
2022-02-09T14:19:00.000,I 285,,,Not a Collision with Motor Vehicle,2,Clear,Dry,Daylight
2022-07-13T12:52:00.000,I 285,,,Rear End,3,Clear,Dry,Daylight
2022-10-23T07:20:00.000,I 85,,,Not a Collision with Motor Vehicle,1,Clear,Dry,Dusk
2022-11-29T15:00:00.000,I 285,,,Sideswipe-Same Direction,2,Clear,Dry,Daylight
2022-08-20T05:45:00.000,I-75,,,Sideswipe-Same Direction,2,Cloudy,Dry,Dark-Lighted
2022-04-14T12:00:00.000,I 75,,,Rear End,2,Clear,Dry,Daylight
2022-07-16T13:57:00.000,I 285,,,Rear End,2,Clear,Dry,Daylight
2022-03-31T20:50:00.000,I 285,,,Rear End,3,Clear,Dry,Dark-Lighted
2022-12-12T07:59:00.000,I 75,,,Rear End,2,Cloudy,Wet,Daylight
2022-06-12T17:30:00.000,I-75,,,Angle Crash,2,Clear,Dry,Daylight
2022-07-02T01:20:00.000,I 20,,,Sideswipe-Same Direction,2,Cloudy,Dry,Dark-Lighted
2022-12-09T16:59:00.000,I 285,,,Sideswipe-Same Direction,2,Rain,Wet,Dusk
2022-04-03T14:17:00.000,I 75,,,Not a Collision with Motor Vehicle,1,Clear,Dry,Daylight
2022-02-23T13:03:00.000,I-75,,,Rear End,2,Clear,Wet,Daylight
2022-11-10T21:10:00.000,I 285,,,Not a Collision with Motor Vehicle,1,Rain,Wet,Dark-Not Lighted
2022-03-20T00:22:00.000,I-75,,,Angle Crash,2,Clear,Dry,Dark-Lighted
2022-06-28T17:08:00.000,I 75,,,Rear End,2,Clear,Dry,Daylight
2022-03-31T17:57:00.000,I 285,,,Sideswipe-Same Direction,3,Clear,Dry,Daylight
2022-01-04T16:18:00.000,I 75,,,Rear End,2,Clear,Dry,Daylight
2022-06-24T10:38:00.000,I 20,,,Rear End,2,Clear,Dry,Daylight
2022-03-16T21:30:00.000,I-75,,,Angle Crash,2,Clear,Dry,Dark-Not Lighted
2022-12-14T18:00:00.000,I 20,,,Rear End,2,Rain,Wet,Dark-Not Lighted
2022-10-03T10:24:00.000,I 20,,,Sideswipe-Same Direction,2,Clear,Dry,Daylight
2022-12-27T16:07:00.000,I 95,,,Sideswipe-Same Direction,2,Clear,Dry,Daylight
2022-09-18T11:40:00.000,I 85,,,Rear End,2,Clear,Dry,Daylight
2022-12-17T13:21:00.000,I 75,,,Sideswipe-Same Direction,2,Clear,Dry,Daylight
2022-05-26T16:44:00.000,I 16,,,Rear End,2,Clear,Dry,Daylight
2022-09-19T09:18:00.000,I 75,,,Sideswipe-Same Direction,2,Clear,Dry,Daylight
2022-04-05T14:12:00.000,I 20,,,Angle Crash,1,Rain,Wet,Daylight
2022-11-03T15:00:00.000,I 85,,,Rear End,2,Clear,Dry,Daylight
2022-12-08T21:46:00.000,I 75,,,Sideswipe-Same Direction,2,Cloudy,Dry,Dark-Lighted
2022-06-03T18:35:00.000,I 75,,,Sideswipe-Same Direction,2,Clear,Dry,Daylight
2022-01-19T14:40:00.000,I-75,,,Sideswipe-Same Direction,3,Clear,Dry,Daylight
2022-10-23T10:15:00.000,I 75,,,Sideswipe-Same Direction,2,Clear,Dry,Daylight
2022-06-05T16:38:00.000,I 285,,,Sideswipe-Same Direction,2,Cloudy,Dry,Daylight
2022-11-07T06:22:00.000,I 16,,,Sideswipe-Same Direction,2,Clear,Dry,Daylight
2022-03-23T07:30:00.000,I 20,,,Not a Collision with Motor Vehicle,1,Rain,Wet,Daylight
2022-08-26T14:15:00.000,I 75,,,Head On,2,Rain,Wet,Daylight
2022-08-04T15:41:00.000,I 75,,,Rear End,2,Rain,Wet,Daylight
2022-03-14T16:22:00.000,I 75,,,Sideswipe-Same Direction,2,Clear,Dry,Daylight
2022-02-12T02:11:00.000,I 75,,,Not a Collision with Motor Vehicle,1,Clear,Dry,Dark-Not Lighted
2022-02-12T14:39:00.000,I 85,,,Angle Crash,1,Clear,Dry,Daylight
2022-11-30T02:00:00.000,I 85,,,Not a Collision with Motor Vehicle,1,Rain,Wet,Dark-Not Lighted
2022-04-10T15:15:00.000,I-75,,,Sideswipe-Same Direction,2,Clear,Dry,Daylight
2022-05-16T22:50:00.000,I 285,,,Sideswipe-Same Direction,2,Clear,Dry,Dark-Not Lighted
2022-10-01T20:43:00.000,I 85,,,Rear End,2,Clear,Dry,Dark-Not Lighted
2022-10-30T16:30:00.000,I 75,,,Not a Collision with Motor Vehicle,2,Cloudy,Dry,Daylight
2022-09-11T17:00:00.000,I-75,,,Sideswipe-Same Direction,2,Cloudy,Dry,Daylight
2022-12-08T11:10:00.000,I 75,,,Rear End,2,Cloudy,Wet,Daylight
2022-01-29T03:31:00.000,I-75,,,Sideswipe-Same Direction,2,Cloudy,Other,Dark-Lighted
2022-02-09T23:30:00.000,I 75,,,Angle Crash,2,Clear,Dry,Dark-Not Lighted
2022-05-27T05:10:00.000,I-75,,,Not a Collision with Motor Vehicle,1,Rain,Wet,Dark-Not Lighted
2022-03-08T06:30:00.000,I 285,,,Rear End,2,Cloudy,Dry,Dark-Not Lighted
2022-08-10T15:21:00.000,I 285,,,Sideswipe-Same Direction,2,Clear,Dry,Daylight
2022-01-27T08:27:00.000,I 20,,,Sideswipe-Same Direction,2,Clear,Dry,Daylight
2022-09-12T05:47:00.000,I 16,,,Rear End,5,Clear,Dry,Dark-Not Lighted
2022-08-05T22:30:00.000,I-75,,,Sideswipe-Same Direction,2,Clear,Dry,Dark-Lighted
2022-05-29T00:00:00.000,I 75,,,Not a Collision with Motor Vehicle,1,Clear,Dry,Daylight
2022-08-13T13:30:00.000,I-75,,,Rear End,2,Clear,Dry,Daylight
2022-01-22T05:35:00.000,I-75,,,Sideswipe-Same Direction,2,Clear,Dry,Dark-Lighted
2022-08-24T06:43:00.000,I-75,,,Sideswipe-Same Direction,2,Clear,Dry,Daylight
2022-02-02T15:55:00.000,I 75,,,Not a Collision with Motor Vehicle,1,Rain,Wet,Dusk
2022-01-10T01:23:00.000,I 20,,,Not a Collision with Motor Vehicle,1,Rain,Wet,Dark-Not Lighted
2022-10-19T20:15:00.000,I 95,,,Rear End,2,Clear,Dry,Dark-Not Lighted
2022-01-19T17:50:00.000,I 20,,,Not a Collision with Motor Vehicle,1,Clear,Dry,Dusk
2022-06-04T00:15:00.000,I-75,,,Rear End,2,Clear,Dry,Dark-Not Lighted
2022-09-24T11:16:00.000,I-75,,,Not a Collision with Motor Vehicle,1,Clear,Dry,Daylight
2022-04-21T17:45:00.000,I 85,,,Rear End,2,Clear,Dry,Daylight
2022-05-06T16:15:00.000,I 285,,,Rear End,2,Clear,Dry,Daylight
2022-06-30T21:30:00.000,I-75,,,Rear End,2,Rain,Wet,Dark-Lighted
2022-10-29T13:30:00.000,I 20,,,Not a Collision with Motor Vehicle,1,Clear,Dry,Daylight
2022-10-07T17:20:00.000,I 85,,,Rear End,2,Clear,Dry,Daylight
2022-11-24T18:18:00.000,I 95,,,Rear End,2,Clear,Dry,Dark-Not Lighted
2022-01-06T01:00:00.000,I 75,,,Angle Crash,2,Clear,Dry,Dark-Lighted
2022-12-10T21:30:00.000,I-75,,,Rear End,2,Clear,Dry,Dark-Lighted
2022-06-08T12:55:00.000,I 75,,,Not a Collision with Motor Vehicle,1,Cloudy,Dry,Daylight
2022-03-12T16:38:00.000,I-75,,,Rear End,2,Clear,Dry,Daylight
2022-08-15T08:22:00.000,I 285,,,Rear End,2,Clear,Dry,Daylight
2022-10-31T22:40:00.000,I-75,,,Rear End,2,Clear,Dry,Dark-Lighted
2022-04-10T14:43:00.000,I-75,,,Not a Collision with Motor Vehicle,1,Clear,Dry,Daylight
2022-10-29T03:52:00.000,I 285,,,Not a Collision with Motor Vehicle,1,Clear,Dry,Dark-Lighted
2022-10-31T07:24:00.000,I 16,,,Rear End,2,Rain,Wet,Dusk
2022-11-22T09:20:00.000,I 75,,,Not a Collision with Motor Vehicle,1,Clear,Dry,Daylight
2022-03-26T05:00:00.000,I 285,,,Not a Collision with Motor Vehicle,1,Clear,Dry,Dark-Not Lighted
2022-08-25T06:00:00.000,I-75,,,Rear End,2,Rain,Wet,Dark-Lighted
2022-12-30T02:04:00.000,I 85,,,Not a Collision with Motor Vehicle,1,Clear,Dry,Dark-Not Lighted
2022-04-13T15:37:00.000,I 75,,,Rear End,2,Clear,Dry,Daylight
2022-02-15T10:49:00.000,I 85,,,Rear End,2,Clear,Dry,Daylight
2022-09-02T16:43:00.000,I 16,,,Rear End,3,Cloudy,Dry,Daylight
2022-02-20T02:50:00.000,I 85,,,Not a Collision with Motor Vehicle,2,Cloudy,Dry,Dark-Not Lighted
2022-04-19T06:52:00.000,I 75,,,Rear End,2,Clear,Dry,Daylight
2022-05-14T03:12:00.000,I 285,,,Rear End,2,Clear,Dry,Dark-Lighted
2022-08-18T02:50:00.000,I 285,,,Sideswipe-Same Direction,2,Clear,Dry,Dark-Not Lighted
2022-09-23T07:23:00.000,I 85,,,Rear End,2,Clear,Dry,Daylight
2022-12-05T14:12:00.000,I 285,,,Rear End,2,Rain,Wet,Daylight
2022-02-25T04:18:00.000,I-75,,,Rear End,2,Clear,Dry,Dark-Lighted
2022-01-03T15:55:00.000,I 285,,,Rear End,2,Clear,Dry,Daylight
2022-03-23T14:25:00.000,I-75,,,Sideswipe-Same Direction,2,Cloudy,Dry,Daylight
2022-06-14T23:32:00.000,I 285,,,Sideswipe-Same Direction,2,Clear,Dry,Dark-Lighted
2022-09-18T23:55:00.000,I 85,,,Sideswipe-Same Direction,2,Clear,Dry,Dark-Not Lighted
2022-09-05T06:40:00.000,I 75,,,Not a Collision with Motor Vehicle,1,Cloudy,Wet,Dark-Not Lighted
2022-12-28T15:50:00.000,I 75,,,Rear End,2,Clear,Dry,Daylight
2022-05-09T15:22:00.000,I 20,,,Rear End,2,Clear,Dry,Daylight
2022-08-27T11:56:00.000,I 285,,,Rear End,2,Clear,Dry,Daylight
2022-06-04T17:19:00.000,I 16,,,Not a Collision with Motor Vehicle,1,Clear,Dry,Daylight
2022-02-27T01:32:00.000,I 285,,,Not a Collision with Motor Vehicle,1,Clear,Dry,Dark-Lighted
2022-12-29T13:37:00.000,I 20,,,Not a Collision with Motor Vehicle,1,Clear,Dry,Daylight
2022-12-15T10:40:00.000,I 75,,,Not a Collision with Motor Vehicle,1,Cloudy,Dry,Daylight
2022-10-16T17:12:00.000,I 85,,,Sideswipe-Same Direction,3,Clear,Dry,Daylight
2022-10-18T08:00:00.000,I 85,,,Rear End,4,Clear,Dry,Daylight
2022-10-06T22:19:00.000,I 85,,,Rear End,2,Clear,Dry,Dark-Not Lighted
2022-11-18T20:45:00.000,I 75,,,Not a Collision with Motor Vehicle,1,Clear,Dry,Dark-Lighted
2022-01-18T16:37:00.000,I 75,,,Angle Crash,2,Clear,Dry,Daylight
2022-09-09T20:33:00.000,I 285,,,Not a Collision with Motor Vehicle,3,Clear,Dry,Dark-Not Lighted
2022-08-07T22:44:00.000,I 75,,,Sideswipe-Same Direction,2,Clear,Dry,Dark-Not Lighted
2022-08-11T21:00:00.000,I-75,,,Angle Crash,3,Rain,Wet,Dark-Lighted
2022-06-12T02:34:00.000,I 75,,,Sideswipe-Same Direction,2,Cloudy,Dry,Dark-Not Lighted
2022-09-07T10:30:00.000,I-75,,,Sideswipe-Same Direction,2,Clear,Dry,Daylight
2022-02-28T08:50:00.000,I 285,,,Rear End,3,Clear,Dry,Daylight
2022-05-10T14:11:00.000,I 20,,,Not a Collision with Motor Vehicle,1,Clear,Dry,Daylight
2022-02-15T16:55:00.000,I 85,,,Sideswipe-Same Direction,3,Clear,Dry,Daylight
2022-03-18T18:00:00.000,I 75,,,Not a Collision with Motor Vehicle,1,Rain,Wet,Dusk
2022-12-16T18:50:00.000,I 95,,,Rear End,2,Clear,Dry,Dark-Lighted
2022-07-27T16:24:00.000,I-75,,,Rear End,3,Clear,Dry,Daylight
2022-01-09T16:10:00.000,I 285,,,Rear End,2,Rain,Wet,Daylight
2022-01-10T09:26:00.000,I 85,,,Sideswipe-Same Direction,2,Clear,Dry,Daylight
2022-03-22T22:25:00.000,I 75,,,Not a Collision with Motor Vehicle,1,Rain,Wet,Dark-Lighted
2022-07-15T14:05:00.000,I 20,,,Rear End,2,Clear,Dry,Daylight
2022-11-30T05:03:00.000,I 85,,,Rear End,2,Cloudy,Wet,Dark-Lighted
2022-03-03T19:30:00.000,I 16,,,Not a Collision with Motor Vehicle,2,Clear,Dry,Dark-Lighted
2022-02-21T18:13:00.000,I 20,,,Rear End,2,Rain,Wet,Dusk
2022-12-05T08:18:00.000,I 16,,,Angle Crash,2,Rain,Wet,Daylight
2022-09-16T15:50:00.000,I 85,,,Rear End,3,Clear,Dry,Daylight
2022-03-17T07:04:00.000,I 75,,,Sideswipe-Same Direction,2,Cloudy,Dry,Dark-Not Lighted
2022-12-30T18:57:00.000,I 75,,,Rear End,3,Clear,Dry,Dark-Not Lighted
2022-08-30T16:25:00.000,I 16,,,Sideswipe-Same Direction,2,Clear,Dry,Daylight
2022-10-13T21:40:00.000,I 75,,,Not a Collision with Motor Vehicle,3,Clear,Dry,Dark-Not Lighted
2022-04-01T14:53:00.000,I 75,,,Rear End,2,Clear,Dry,Daylight
2022-12-10T12:23:00.000,I-75,,,Rear End,2,Cloudy,Dry,Daylight
2022-05-06T10:15:00.000,I 285,,,Rear End,2,Cloudy,Wet,Daylight
2022-05-02T19:22:00.000,I 16,,,Sideswipe-Same Direction,2,Clear,Dry,Daylight
2022-11-15T14:58:00.000,I 20,,,Rear End,2,Cloudy,Wet,Daylight
2022-08-29T21:15:00.000,I 285,,,Rear End,2,Clear,Dry,Dark-Lighted
2022-08-29T05:45:00.000,I 20,,,Rear End,3,Clear,Dry,Dark-Not Lighted
2022-06-07T14:45:00.000,I 285,,,Rear End,3,Clear,Dry,Daylight
2022-04-21T13:02:00.000,I 20,,,Sideswipe-Same Direction,2,Clear,Dry,Daylight
2022-05-06T04:35:00.000,I-75,,,Sideswipe-Same Direction,2,Clear,Dry,Dark-Lighted
2022-04-01T21:15:00.000,I 20,,,Sideswipe-Same Direction,2,Clear,Dry,Dark-Not Lighted
2022-04-19T08:06:00.000,I 16,,,Sideswipe-Same Direction,2,Clear,Dry,Daylight
2022-12-08T10:24:00.000,I 75,,,Sideswipe-Same Direction,2,Clear,Dry,Daylight
2022-01-11T07:47:00.000,I 16,,,Rear End,2,Clear,Dry,Daylight
2022-05-05T13:40:00.000,I 285,,,Sideswipe-Same Direction,2,Clear,Dry,Daylight
2022-11-10T23:20:00.000,I 75,,,Rear End,2,Rain,Wet,Dark-Lighted
2022-03-14T17:13:00.000,Sr 140,,,Rear End,2,Clear,Dry,Daylight
2022-10-03T08:15:00.000,I 85,,,Rear End,2,Clear,Dry,Daylight
2022-09-11T07:30:00.000,I 75,,,Not a Collision with Motor Vehicle,1,Fog,Dry,Daylight
2022-11-26T14:46:00.000,I-75,,,Sideswipe-Same Direction,2,Cloudy,Dry,Daylight
2022-07-31T00:42:00.000,I-75,,,Rear End,2,Clear,Water (standing or moving),Dark-Lighted
2022-08-06T08:11:00.000,I-75,,,Sideswipe-Same Direction,2,Clear,Dry,Daylight
2022-04-05T13:15:00.000,I 20,,,Not a Collision with Motor Vehicle,1,Rain,Wet,Daylight
2022-11-27T21:15:00.000,I-75,,,Rear End,2,Clear,Dry,Dark-Not Lighted
2022-11-03T18:35:00.000,I 75,,,Not a Collision with Motor Vehicle,1,Clear,Dry,Daylight
2022-10-26T06:29:00.000,I 75,,,Not a Collision with Motor Vehicle,1,Clear,Dry,Dawn
2022-02-04T00:00:00.000,I 20,,,Not a Collision with Motor Vehicle,1,Rain,Water (standing or moving),Dark-Not Lighted
2022-09-02T17:53:00.000,I 285,,,Rear End,2,Rain,Wet,Daylight
2022-04-01T10:18:00.000,I 75,,,Not a Collision with Motor Vehicle,1,Clear,Dry,Daylight
2022-06-28T21:50:00.000,I 285,,,Rear End,2,Rain,Wet,Dark-Not Lighted
2022-11-21T20:00:00.000,I-75,,,Sideswipe-Same Direction,2,Cloudy,Dry,Dark-Not Lighted
2022-06-08T07:19:00.000,I 75,,,Angle Crash,2,Cloudy,Wet,Daylight
2022-02-09T22:00:00.000,I 285,,,Not a Collision with Motor Vehicle,1,Clear,Dry,Dark-Lighted
2022-12-18T23:12:00.000,I 75,,,Rear End,2,Clear,Dry,Dark-Lighted
2022-04-01T20:15:00.000,I 16,,,Not a Collision with Motor Vehicle,1,Clear,Dry,Dark-Lighted
2022-11-18T15:06:00.000,I 75,,,Rear End,2,Clear,Dry,Daylight
2022-04-05T07:09:00.000,I 85,,,Not a Collision with Motor Vehicle,1,Cloudy,Dry,Daylight
2022-10-27T11:32:00.000,I 285,,,Rear End,2,Clear,Dry,Daylight
2022-03-16T08:07:00.000,I 20,,,Not a Collision with Motor Vehicle,1,Rain,Wet,Dark-Not Lighted
2022-02-27T11:50:00.000,I 20,,,Not a Collision with Motor Vehicle,1,Rain,Water (standing or moving),Daylight
2022-12-09T16:32:00.000,I 95,,,Head On,2,Clear,Dry,Daylight
2022-12-11T18:34:00.000,I 75,,,Rear End,2,Rain,Wet,Dark-Lighted
2022-06-08T11:53:00.000,I 20,,,Not a Collision with Motor Vehicle,1,Cloudy,Dry,Daylight
2022-09-01T03:33:00.000,I-75,,,Rear End,2,Cloudy,Dry,Dark-Lighted
2022-08-17T14:37:00.000,I-75,,,Sideswipe-Same Direction,2,Clear,Dry,Daylight
2022-08-26T09:35:00.000,I 75,,,Sideswipe-Same Direction,2,Cloudy,Dry,Daylight
2022-05-23T07:20:00.000,I 20,,,Rear End,2,Rain,Dry,Daylight
2022-04-02T12:20:00.000,I 16,,,Sideswipe-Same Direction,2,Clear,Dry,Daylight
2022-06-30T22:36:00.000,I 75,,,Sideswipe-Same Direction,2,Clear,Dry,Dark-Lighted
2022-07-04T19:40:00.000,I 16,,,(None),1,(None),(None),(None)
2022-02-23T17:41:00.000,I-75,,,Angle Crash,2,Clear,Dry,Daylight
2022-09-24T18:00:00.000,I-75,,,Rear End,3,Clear,Dry,Daylight
2022-08-31T17:45:00.000,I 75,,,Rear End,2,Clear,Dry,Daylight
2022-07-14T17:00:00.000,I 285,,,Rear End,2,Clear,Dry,Daylight
2022-12-07T21:30:00.000,I-75,,,Angle Crash,2,Clear,Dry,Dark-Not Lighted