Date and Time,Roadway (From Crash Report),Intersection Name (from Crash Report),KABCO Severity,Manner of Collision (Crash Level) ,# of Vehicles per crash ,Weather Conditions (Crash Level),Surface Condition (Crash Level) ,Light Conditions (Crash Level)
2022-04-17T07:45:00.000,I 20,,,Not a Collision with Motor Vehicle,1,Clear,Dry,Daylight
2022-04-27T00:13:00.000,I 285,,,Sideswipe-Same Direction,2,Clear,Dry,Dark-Lighted
2022-06-08T14:29:00.000,I 285,,,Rear End,2,Clear,Dry,Daylight
2022-06-27T22:30:00.000,I-75,,,Rear End,3,Clear,Dry,Dark-Lighted
2022-03-26T17:57:00.000,I-75,,,Rear End,2,Clear,Dry,Daylight
2022-08-24T01:15:00.000,I-75,,,Not a Collision with Motor Vehicle,1,Clear,Dry,Dark-Not Lighted
2022-02-03T15:10:00.000,I 285,,,Sideswipe-Same Direction,2,Rain,Wet,Dusk
2022-02-05T02:20:00.000,I 85,,,Head On,3,Clear,Dry,Dark-Lighted
2022-01-03T00:00:00.000,I 75,,,Not a Collision with Motor Vehicle,1,Cloudy,Dry,Daylight
2022-10-31T09:22:00.000,I 285,,,Rear End,3,Cloudy,Dry,Daylight
2022-10-20T08:19:00.000,I 20,,,Rear End,2,Clear,Dry,Daylight
2022-11-12T18:40:00.000,I-75,,,Angle Crash,2,Cloudy,Dry,Dark-Lighted
2022-11-10T07:50:00.000,I 85,,,Rear End,2,Cloudy,Dry,Daylight
2022-06-16T22:30:00.000,I 285,,,Rear End,2,Clear,Dry,Dark-Not Lighted
2022-09-23T14:42:00.000,I-75,,,Sideswipe-Same Direction,2,Clear,Dry,Daylight
2022-06-15T12:35:00.000,I-75,,,Angle Crash,2,Clear,Dry,Daylight
2022-11-12T23:10:00.000,I-75,,,Sideswipe-Same Direction,2,Clear,Dry,Dark-Lighted
2022-08-25T13:52:00.000,I 75,,,Rear End,2,Cloudy,Dry,Daylight
2022-12-03T12:44:00.000,I-75,,,Sideswipe-Same Direction,3,Cloudy,Wet,Daylight
2022-01-19T09:48:00.000,I 20,,,Sideswipe-Same Direction,2,Clear,Dry,Daylight
2022-09-13T01:32:00.000,I 75,,,Not a Collision with Motor Vehicle,3,Clear,Dry,Dark-Lighted
2022-06-25T12:52:00.000,I 20,,,Sideswipe-Same Direction,2,Clear,Dry,Daylight
2022-02-03T20:00:00.000,I-75,,,Angle Crash,2,Rain,Water (standing or moving),Dark-Lighted
2022-02-07T14:00:00.000,I 75,,,Angle Crash,2,Clear,Dry,Daylight
2022-09-06T08:09:00.000,I 75,,,Not a Collision with Motor Vehicle,2,Cloudy,Dry,Daylight
2022-07-08T14:53:00.000,I 20,,,Sideswipe-Same Direction,2,Clear,Dry,Daylight
2022-10-01T22:00:00.000,I-75,,,Rear End,2,Clear,Dry,Dark-Not Lighted
2022-06-07T13:06:00.000,I 20,,,Sideswipe-Same Direction,2,Clear,Dry,Daylight
2022-03-30T18:25:00.000,I 20,,,Angle Crash,2,Clear,Dry,Daylight
2022-12-08T21:05:00.000,I 75,,,Sideswipe-Same Direction,2,Clear,Dry,Dark-Not Lighted
2022-07-28T18:36:00.000,I 75,,,Head On,2,Clear,Dry,Daylight
2022-06-06T15:05:00.000,I 95,,,Not a Collision with Motor Vehicle,1,Cloudy,Wet,Daylight
2022-12-11T15:44:00.000,I 75,,,Rear End,2,Rain,Wet,Daylight
2022-07-30T15:45:00.000,I 20,,,Not a Collision with Motor Vehicle,1,Rain,Wet,Daylight
2022-07-22T22:30:00.000,I 75,,,Sideswipe-Same Direction,2,Clear,Dry,Dark-Lighted
2022-10-12T15:05:00.000,I-75,,,Sideswipe-Same Direction,2,Rain,Wet,Daylight
2022-03-01T18:23:00.000,I 75,,,Angle Crash,2,Clear,Dry,Daylight
2022-12-12T06:25:00.000,I-75,,,Rear End,2,Cloudy,Wet,Dark-Lighted
2022-04-02T09:02:00.000,I-75,,,Angle Crash,2,Clear,Dry,Daylight
2022-12-12T06:42:00.000,I 75,,,Rear End,2,Clear,Wet,Dark-Lighted
2022-04-08T23:30:00.000,I 75,,,Angle Crash,2,Clear,Dry,Dark-Not Lighted
2022-04-21T16:29:00.000,I 75,,,Sideswipe-Same Direction,2,Clear,Dry,Daylight
2022-05-11T10:12:00.000,I 285,,,Sideswipe-Same Direction,2,Clear,Dry,Daylight
2022-01-24T19:03:00.000,I 85,,,Not a Collision with Motor Vehicle,1,Clear,Dry,Dark-Not Lighted
2022-10-31T08:55:00.000,I 75,,,Sideswipe-Same Direction,2,Cloudy,Dry,Daylight
2022-09-25T04:25:00.000,I-75,,,Rear End,2,Clear,Dry,Dark-Lighted
2022-01-03T20:00:00.000,I-75,,,Sideswipe-Same Direction,2,Cloudy,Dry,Dark-Lighted
2022-03-08T15:52:00.000,I 20,,,Rear End,2,Rain,Wet,Daylight
2022-05-04T23:30:00.000,I 75,,,Sideswipe-Same Direction,3,Clear,Dry,Dark-Lighted
2022-10-30T20:45:00.000,I 20,,,Sideswipe-Same Direction,2,Rain,Wet,Dark-Lighted
2022-06-11T00:00:00.000,I 16,,,Not a Collision with Motor Vehicle,1,Rain,Wet,Daylight
2022-07-25T16:58:00.000,Sr 140,,,Not a Collision with Motor Vehicle,1,Cloudy,Dry,Daylight
2022-11-23T14:55:00.000,I 20,,,Rear End,2,Clear,Dry,Daylight
2022-12-12T18:58:00.000,I-75,,,Rear End,2,Clear,Wet,Dark-Lighted
2022-12-21T11:30:00.000,I-75,,,Rear End,2,Clear,Dry,Daylight
2022-08-05T16:13:00.000,I 20,,,Head On,2,Cloudy,Dry,Daylight
2022-10-28T12:20:00.000,I 285,,,Rear End,4,Cloudy,Dry,Daylight
2022-08-28T00:00:00.000,I-75,,,Angle Crash,2,Clear,Dry,Dark-Not Lighted
2022-05-26T15:47:00.000,I 20,,,Rear End,2,Rain,Wet,Daylight
2022-04-10T14:46:00.000,I-75,,,Rear End,2,Clear,Dry,Daylight
2022-09-02T07:38:00.000,I-75,,,Rear End,2,Clear,Dry,Daylight
2022-07-08T13:45:00.000,I 75,,,Rear End,3,Clear,Dry,Daylight
2022-06-24T09:25:00.000,I 75,,,Not a Collision with Motor Vehicle,2,Clear,Dry,Daylight
2022-11-27T06:03:00.000,I 20,,,Not a Collision with Motor Vehicle,1,Rain,Wet,Dark-Lighted
2022-08-29T00:10:00.000,I 285,,,Rear End,2,Cloudy,Dry,Dark-Not Lighted
2022-05-28T22:30:00.000,I-75,,,Rear End,2,Clear,Dry,Dark-Lighted
2022-02-15T08:30:00.000,I 75,,,Angle Crash,2,Clear,Dry,Daylight
2022-12-31T06:43:00.000,I 285,,,Angle Crash,2,Clear,Wet,Dark-Lighted
2022-03-19T04:50:00.000,I-75,,,Sideswipe-Same Direction,3,Clear,Wet,Dark-Lighted
2022-09-10T14:30:00.000,I 16,,,Not a Collision with Motor Vehicle,1,Rain,Wet,Daylight
2022-05-26T15:52:00.000,I 285,,,Sideswipe-Same Direction,2,Cloudy,Wet,Daylight
2022-06-08T16:47:00.000,I-75,,,Sideswipe-Same Direction,2,Clear,Dry,Daylight
2022-08-26T17:36:00.000,I 20,,,Sideswipe-Same Direction,2,Cloudy,Wet,Daylight
2022-06-08T11:25:00.000,I-75,,,Rear End,5,Cloudy,Dry,Daylight
2022-01-01T00:00:00.000,I 20,,,Not a Collision with Motor Vehicle,1,Cloudy,Dry,Dark-Lighted
2022-09-06T15:18:00.000,I 75,,,Rear End,3,Clear,Dry,Daylight
2022-04-29T17:09:00.000,I 85,,,Not a Collision with Motor Vehicle,2,Clear,Dry,Daylight
2022-06-13T15:55:00.000,I 285,,,Angle Crash,3,Cloudy,Dry,Daylight
2022-03-12T18:34:00.000,I 16,,,Not a Collision with Motor Vehicle,1,Clear,Dry,Daylight
2022-03-04T01:25:00.000,I 285,,,Rear End,2,Clear,Dry,Dark-Lighted
2022-12-17T21:40:00.000,I-75,,,Angle Crash,2,Clear,Dry,Dark-Not Lighted
2022-05-28T07:57:00.000,I 16,,,Not a Collision with Motor Vehicle,1,Clear,Dry,Daylight
2022-04-11T08:30:00.000,I 75,,,Angle Crash,2,Clear,Dry,Daylight
2022-03-26T16:02:00.000,I 75,,,Sideswipe-Same Direction,2,Clear,Dry,Daylight
2022-01-09T16:00:00.000,I 75,,,Not a Collision with Motor Vehicle,1,Rain,Wet,Daylight
2022-08-10T19:15:00.000,I 285,,,Rear End,2,Clear,Dry,Daylight
2022-06-13T23:43:00.000,I 75,,,Sideswipe-Same Direction,2,Clear,Dry,Dark-Not Lighted
2022-08-22T14:59:00.000,I 75,,,Rear End,2,Rain,Wet,Daylight
2022-03-06T03:00:00.000,I 285,,,Rear End,2,Clear,Dry,Dark-Not Lighted
2022-05-02T07:06:00.000,I 285,,,Rear End,3,Clear,Dry,Daylight
2022-02-25T12:28:00.000,I 75,,,Not a Collision with Motor Vehicle,1,Clear,Dry,Dark-Lighted
2022-04-12T08:48:00.000,I 85,,,Rear End,2,Cloudy,Dry,Daylight
2022-02-15T19:20:00.000,I 95,,,Sideswipe-Same Direction,2,Clear,Dry,Dark-Not Lighted
2022-01-23T02:45:00.000,I-75,,,Angle Crash,3,Clear,Dry,Dark-Lighted
2022-12-09T15:30:00.000,I-75,,,Rear End,2,Rain,Water (standing or moving),Daylight
2022-08-24T02:25:00.000,I 75,,,Not a Collision with Motor Vehicle,1,Clear,Dry,Dark-Not Lighted
2022-05-28T08:55:00.000,I-75,,,Not a Collision with Motor Vehicle,1,Clear,Dry,Daylight
2022-04-10T22:50:00.000,I 85,,,Rear End,2,Clear,Dry,Dark-Not Lighted
2022-08-21T22:42:00.000,I 85,,,Not a Collision with Motor Vehicle,1,Clear,Dry,Dark-Lighted
2022-10-18T18:29:00.000,I 85,,,Not a Collision with Motor Vehicle,1,Clear,Dry,Daylight
2022-08-07T01:55:00.000,I-75,,,Angle Crash,2,Clear,Wet,Dark-Lighted
2022-03-23T13:36:00.000,I 20,,,Not a Collision with Motor Vehicle,2,Clear,Wet,Daylight
2022-07-23T02:20:00.000,I-75,,,Rear End,4,Clear,Dry,Dark-Not Lighted
2022-09-30T20:53:00.000,I-75,,,Angle Crash,5,Clear,Dry,Dark-Lighted
2022-10-18T16:20:00.000,I 75,,,Angle Crash,2,Clear,Dry,Daylight
2022-08-03T18:29:00.000,I 285,,,Rear End,2,Cloudy,Dry,Daylight
2022-04-15T11:56:00.000,I 75,,,Sideswipe-Same Direction,2,Clear,Dry,Daylight
2022-04-12T07:00:00.000,I 75,,,Sideswipe-Same Direction,2,Cloudy,Dry,Dawn
2022-12-16T10:23:00.000,I 285,,,Sideswipe-Same Direction,2,Clear,Dry,Daylight
2022-06-29T21:32:00.000,I 285,,,Not a Collision with Motor Vehicle,1,Clear,Wet,Dark-Lighted
2022-07-12T05:08:00.000,I 16,,,Not a Collision with Motor Vehicle,1,Clear,Dry,Dark-Not Lighted
2022-12-07T07:39:00.000,I 75,,,Angle Crash,2,Rain,Wet,Daylight
2022-09-03T12:23:00.000,I-75,,,Rear End,3,Cloudy,Dry,Daylight
2022-08-21T18:03:00.000,I-75,,,Rear End,2,Cloudy,Dry,Daylight
2022-11-23T08:12:00.000,I 20,,,Rear End,2,Clear,Dry,Daylight
2022-12-28T17:54:00.000,I-75,,,Rear End,2,Clear,Dry,Dark-Lighted
2022-05-06T09:50:00.000,I 85,,,Not a Collision with Motor Vehicle,1,Cloudy,Water (standing or moving),Daylight
2022-10-12T16:34:00.000,Sr 140,,,Angle Crash,3,Rain,Wet,Daylight
2022-05-19T22:30:00.000,I 85,,,Sideswipe-Same Direction,2,Clear,Dry,Dark-Not Lighted
2022-10-22T20:50:00.000,I 95,,,Sideswipe-Same Direction,2,Clear,Dry,Dark-Not Lighted
2022-05-04T06:30:00.000,I-75,,,Sideswipe-Same Direction,2,Clear,Water (standing or moving),Dawn
2022-09-14T16:30:00.000,I-75,,,Sideswipe-Same Direction,2,Clear,Dry,Daylight
2022-10-22T02:30:00.000,I-75,,,Rear End,2,Clear,Dry,Dark-Lighted
2022-04-10T02:30:00.000,I 75,,,Rear End,3,Clear,Dry,Dark-Lighted
2022-04-21T12:47:00.000,I 75,,,Sideswipe-Same Direction,2,Clear,Dry,Daylight
2022-01-20T11:25:00.000,I 75,,,Angle Crash,2,Cloudy,Wet,Daylight
2022-06-08T09:00:00.000,I-75,,,Rear End,2,Cloudy,Wet,Daylight
2022-10-26T20:34:00.000,I 285,,,Sideswipe-Same Direction,2,Clear,Dry,Dark-Lighted
2022-10-14T20:13:00.000,I 285,,,Rear End,2,Cloudy,Dry,Dark-Not Lighted
2022-03-13T00:00:00.000,I 285,,,Rear End,2,Clear,Dry,Daylight
2022-08-02T15:29:00.000,I 85,,,Rear End,2,Clear,Dry,Daylight
2022-07-16T13:20:00.000,I 285,,,Not a Collision with Motor Vehicle,1,Clear,Dry,Daylight
2022-04-28T18:10:00.000,I 85,,,Rear End,2,Clear,Dry,Daylight
2022-03-06T22:32:00.000,I 16,,,Not a Collision with Motor Vehicle,1,Clear,Dry,Dark-Not Lighted
2022-08-03T16:15:00.000,I 285,,,Rear End,4,Clear,Dry,Daylight
2022-09-02T22:30:00.000,I 85,,,Sideswipe-Same Direction,2,Cloudy,Dry,Dark-Not Lighted
2022-08-25T20:30:00.000,I-75,,,Sideswipe-Same Direction,2,Clear,Dry,Dark-Lighted
2022-01-13T15:31:00.000,I-75,,,Rear End,2,Clear,Dry,Dark-Lighted
2022-06-16T22:38:00.000,I 20,,,Rear End,2,Clear,Dry,Dark-Not Lighted
2022-07-26T16:45:00.000,I 75,,,Rear End,2,Clear,Dry,Daylight
2022-11-11T07:55:00.000,I 75,,,Angle Crash,2,Rain,Wet,Daylight
2022-11-02T07:11:00.000,I-75,,,Not a Collision with Motor Vehicle,1,Cloudy,Dry,Dawn
2022-07-11T22:16:00.000,I 285,,,Not a Collision with Motor Vehicle,1,Clear,Dry,Dark-Not Lighted
2022-09-17T00:23:00.000,I 85,,,Rear End,2,Clear,Dry,Dark-Lighted
2022-11-10T19:55:00.000,I 85,,,Angle Crash,2,Rain,Wet,Dark-Lighted
2022-10-11T07:00:00.000,I 85,,,Sideswipe-Same Direction,2,Clear,Dry,Dark-Not Lighted
2022-02-26T10:36:00.000,I 285,,,Rear End,4,Clear,Dry,Daylight
2022-12-07T15:24:00.000,I 285,,,Sideswipe-Opposite Direction,2,Clear,Dry,Daylight
2022-03-19T11:07:00.000,I 75,,,Angle Crash,2,Clear,Dry,Daylight
2022-04-26T11:20:00.000,I 75,,,Sideswipe-Same Direction,3,Cloudy,Dry,Daylight
2022-12-02T12:24:00.000,I 16,,,Not a Collision with Motor Vehicle,1,Clear,Dry,Daylight
2022-02-12T20:45:00.000,I 20,,,Not a Collision with Motor Vehicle,1,Clear,Dry,Daylight
2022-02-03T22:00:00.000,I-75,,,Angle Crash,2,Rain,Wet,Dark-Not Lighted
2022-01-03T04:39:00.000,I 20,,,Not a Collision with Motor Vehicle,1,Severe Thunderstorm or Tornadic,Wet,Dark-Lighted
2022-06-09T15:23:00.000,I 285,,,Sideswipe-Same Direction,3,Clear,Dry,Daylight
2022-05-18T15:24:00.000,I 20,,,Rear End,2,Clear,Dry,Daylight
2022-01-23T06:20:00.000,I 85,,,Angle Crash,2,Clear,Ice/Frost,Dark-Not Lighted
2022-02-13T15:45:00.000,I 20,,,Not a Collision with Motor Vehicle,1,Clear,Dry,Daylight
2022-04-28T12:00:00.000,I 285,,,Sideswipe-Same Direction,2,Clear,Dry,Daylight
2022-10-04T07:34:00.000,I 75,,,Sideswipe-Same Direction,2,Clear,Dry,Daylight
2022-09-08T21:50:00.000,I 95,,,Not a Collision with Motor Vehicle,1,Rain,Wet,Dark-Not Lighted
2022-12-28T12:44:00.000,I-75,,,Rear End,3,Clear,Dry,Daylight
2022-11-05T07:18:00.000,I 75,,,Sideswipe-Same Direction,2,Clear,Dry,Dawn
2022-02-25T18:17:00.000,I 16,,,Rear End,2,Clear,Dry,Dark-Not Lighted
2022-05-27T19:32:00.000,I-75,,,Sideswipe-Same Direction,2,Cloudy,Dry,Daylight
2022-05-29T16:30:00.000,I 20,,,Rear End,2,Clear,Dry,Daylight
2022-10-27T07:12:00.000,I 16,,,Angle Crash,2,Clear,Dry,Daylight
2022-06-05T11:45:00.000,I-75,,,Rear End,2,Clear,Dry,Daylight
2022-03-18T22:37:00.000,I-75,,,Rear End,2,Cloudy,Wet,Dark-Lighted
2022-01-12T16:45:00.000,I 75,,,Sideswipe-Same Direction,2,Clear,Dry,Daylight
2022-05-11T18:40:00.000,I 285,,,Angle Crash,2,Clear,Dry,Daylight
2022-10-15T18:38:00.000,I 75,,,Not a Collision with Motor Vehicle,1,Clear,Dry,Daylight
2022-12-14T10:15:00.000,I-75,,,Not a Collision with Motor Vehicle,1,Rain,Wet,Dark-Not Lighted
2022-12-21T11:26:00.000,I 285,,,Sideswipe-Same Direction,3,Cloudy,Dry,Daylight
2022-07-10T13:30:00.000,I 20,,,Not a Collision with Motor Vehicle,1,Clear,Dry,Daylight
2022-09-14T22:10:00.000,I-75,,,Rear End,2,Clear,Dry,Dark-Lighted
2022-01-15T07:31:00.000,I 75,,,Rear End,2,Cloudy,Dry,Dawn
2022-06-01T17:35:00.000,I-75,,,Rear End,2,Clear,Dry,Daylight
2022-01-30T21:35:00.000,I 85,,,Rear End,2,Clear,Dry,Dark-Lighted
2022-04-06T23:50:00.000,I-75,,,Not a Collision with Motor Vehicle,2,Rain,Wet,Dark-Lighted
2022-05-09T18:40:00.000,I 20,,,Rear End,2,Clear,Dry,Daylight
2022-07-07T17:10:00.000,I 75,,,Rear End,2,Clear,Dry,Daylight
2022-04-20T17:49:00.000,I 75,,,Rear End,2,Clear,Dry,Daylight
2022-11-19T22:29:00.000,I-75,,,Sideswipe-Same Direction,2,Clear,Dry,Dark-Lighted
2022-09-12T09:54:00.000,I 20,,,Sideswipe-Same Direction,2,Clear,Dry,Daylight
2022-05-05T14:35:00.000,I 95,,,Angle Crash,2,Clear,Dry,Daylight
2022-02-16T09:20:00.000,I 75,,,Angle Crash,2,Clear,Dry,Daylight
2022-04-29T01:18:00.000,I 95,,,Sideswipe-Same Direction,2,Clear,Dry,Dark-Not Lighted
2022-02-09T20:07:00.000,I 75,,,Rear End,2,Clear,Dry,Daylight
2022-05-16T07:19:00.000,I-75,,,Not a Collision with Motor Vehicle,2,Clear,Dry,Dawn
2022-10-30T03:35:00.000,I 285,,,Sideswipe-Same Direction,2,Clear,Dry,Dark-Not Lighted
2022-08-16T16:16:00.000,I 16,,,Rear End,4,Clear,Dry,Daylight
2022-04-09T07:30:00.000,I 285,,,Not a Collision with Motor Vehicle,2,Clear,Dry,Daylight
2022-05-16T13:57:00.000,I 16,,,Head On,2,Clear,Dry,Daylight
2022-10-17T14:53:00.000,I 75,,,Sideswipe-Same Direction,2,Clear,Dry,Daylight
2022-03-15T16:17:00.000,I 75,,,Rear End,2,Rain,Wet,Daylight
2022-12-20T06:49:00.000,I 85,,,Rear End,2,Cloudy,Dry,Dark-Not Lighted
2022-05-08T21:08:00.000,I 285,,,Angle Crash,2,Clear,Dry,Dark-Not Lighted
2022-06-29T04:25:00.000,I 75,,,Not a Collision with Motor Vehicle,1,Severe Thunderstorm or Tornadic,Water (standing or moving),Dark-Not Lighted
2022-05-07T15:16:00.000,I 75,,,Angle Crash,2,Cloudy,Dry,Daylight
2022-06-01T20:25:00.000,I 85,,,Sideswipe-Same Direction,2,Clear,Dry,Dusk
2022-10-26T07:00:00.000,I-75,,,Rear End,2,Clear,Dry,Dark-Lighted
2022-12-03T23:03:00.000,I-75,,,Rear End,2,Rain,Wet,Dark-Lighted
2022-09-22T17:36:00.000,I 285,,,Rear End,2,Cloudy,Dry,Daylight
2022-03-12T16:00:00.000,I-75,,,Rear End,3,Clear,Dry,Daylight
2022-04-23T15:16:00.000,I 20,,,Rear End,2,Clear,Dry,Daylight
2022-07-27T09:50:00.000,I-75,,,Sideswipe-Same Direction,2,Clear,Dry,Daylight
2022-08-28T08:30:00.000,I 16,,,Sideswipe-Same Direction,1,Cloudy,Dry,Daylight
2022-07-09T17:46:00.000,I 16,,,Not a Collision with Motor Vehicle,1,Clear,Dry,Daylight
2022-04-12T18:25:00.000,I 75,,,Rear End,2,Clear,Dry,Daylight
2022-11-26T11:15:00.000,I 75,,,Rear End,2,Cloudy,Dry,Daylight
2022-12-14T20:15:00.000,I 285,,,Sideswipe-Same Direction,2,Rain,Wet,Dark-Lighted
2022-03-08T12:04:00.000,I 285,,,Rear End,2,Clear,Dry,Daylight
2022-04-16T15:50:00.000,I-75,,,Rear End,2,Clear,Water (standing or moving),Daylight
2022-06-12T05:03:00.000,I-75,,,Not a Collision with Motor Vehicle,1,Clear,Dry,Dark-Not Lighted
2022-04-20T20:25:00.000,I 285,,,Rear End,6,Clear,Dry,Dark-Not Lighted
2022-11-17T08:30:00.000,I 285,,,Rear End,2,Clear,Dry,Daylight
2022-11-26T23:21:00.000,I 85,,,Sideswipe-Same Direction,2,Rain,Wet,Dark-Not Lighted
2022-06-30T09:36:00.000,I 75,,,Sideswipe-Same Direction,2,Clear,Dry,Daylight
2022-04-02T20:14:00.000,I-75,,,Angle Crash,2,Clear,Dry,Dark-Lighted
2022-08-20T18:45:00.000,I 16,,,Not a Collision with Motor Vehicle,1,Cloudy,Dry,Daylight
2022-12-15T02:00:00.000,I 285,,,Not a Collision with Motor Vehicle,1,Rain,Wet,Dark-Not Lighted
2022-06-11T15:25:00.000,I 285,,,Head On,2,Clear,Dry,Daylight
2022-05-21T05:18:00.000,I 285,,,Rear End,2,Clear,Dry,Dark-Not Lighted
2022-12-30T19:54:00.000,I-75,,,Rear End,2,Clear,Dry,Dark-Lighted
2022-04-06T14:50:00.000,I-75,,,Rear End,2,Rain,Water (standing or moving),Daylight
2022-06-24T02:20:00.000,I 75,,,Not a Collision with Motor Vehicle,2,Clear,Dry,Dark-Lighted
2022-09-15T20:10:00.000,I 85,,,Sideswipe-Same Direction,2,Clear,Dry,Dark-Not Lighted
2022-10-08T15:01:00.000,I 285,,,Rear End,2,Clear,Dry,Daylight
2022-05-06T22:07:00.000,I 75,,,Sideswipe-Same Direction,4,Clear,Dry,Dark-Not Lighted
2022-03-26T16:45:00.000,I 85,,,Sideswipe-Same Direction,2,Clear,Dry,Daylight
2022-06-20T05:00:00.000,I 285,,,Rear End,2,Clear,Dry,Dark-Lighted
2022-12-12T05:27:00.000,I-75,,,Angle Crash,2,Cloudy,Wet,Dark-Lighted
2022-05-06T18:00:00.000,I 16,,,Angle Crash,1,Cloudy,Wet,Daylight
2022-04-22T19:33:00.000,I 20,,,Angle Crash,2,Clear,Dry,Daylight
2022-03-15T06:52:00.000,I 75,,,Rear End,2,Clear,Dry,Dark-Not Lighted
2022-03-10T08:00:00.000,I 85,,,Sideswipe-Same Direction,2,Cloudy,Dry,Daylight
2022-01-05T06:22:00.000,I 75,,,Rear End,2,Clear,Dry,Dark-Not Lighted
2022-06-25T10:20:00.000,I 20,,,Angle Crash,2,Cloudy,Dry,Daylight
2022-08-17T07:34:00.000,I-75,,,Not a Collision with Motor Vehicle,2,Cloudy,Dry,Daylight
2022-02-09T10:31:00.000,I 75,,,Rear End,3,Clear,Dry,Daylight
2022-12-14T22:38:00.000,I 85,,,Not a Collision with Motor Vehicle,1,Rain,Wet,Dark-Not Lighted
2022-08-05T12:39:00.000,I 75,,,Sideswipe-Opposite Direction,2,Clear,Dry,Daylight
2022-06-25T22:10:00.000,I-75,,,Rear End,2,Clear,Dry,Dark-Lighted
2022-08-02T11:00:00.000,I 285,,,Sideswipe-Same Direction,2,Clear,Dry,Daylight
2022-04-20T20:25:00.000,I 285,,,Not a Collision with Motor Vehicle,2,Clear,Dry,Dark-Not Lighted
2022-09-22T10:10:00.000,I 85,,,Rear End,4,Clear,Dry,Daylight
2022-12-23T00:00:00.000,I 285,,,Rear End,2,Clear,Dry,Daylight
2022-07-04T22:00:00.000,I-75,,,Not a Collision with Motor Vehicle,1,Rain,Water (standing or moving),Dark-Lighted
2022-12-02T11:38:00.000,I 285,,,Not a Collision with Motor Vehicle,1,Cloudy,Dry,Daylight
2022-12-30T08:31:00.000,I 20,,,Not a Collision with Motor Vehicle,1,Clear,Dry,Daylight
2022-06-01T09:41:00.000,I-75,,,Rear End,2,Clear,Dry,Daylight
2022-11-21T18:17:00.000,Sr 140,,,Rear End,2,Clear,Dry,Dark-Not Lighted
2022-07-15T07:57:00.000,I 85,,,Sideswipe-Same Direction,2,Clear,Dry,Daylight
2022-08-30T21:34:00.000,I-75,,,Rear End,2,Clear,Wet,Dark-Lighted
2022-05-09T08:19:00.000,I 285,,,Sideswipe-Same Direction,2,Clear,Dry,Daylight
2022-03-21T15:45:00.000,I 285,,,Rear End,2,Clear,Dry,Daylight
2022-11-11T00:22:00.000,I 20,,,Not a Collision with Motor Vehicle,1,Rain,Wet,Dark-Not Lighted
2022-11-29T17:45:00.000,I 75,,,Rear End,3,Clear,Dry,Dark-Lighted
2022-01-09T17:15:00.000,I 75,,,Angle Crash,2,Rain,Wet,Dark-Not Lighted
2022-03-02T08:51:00.000,I 75,,,Rear End,2,Clear,Dry,Daylight
2022-02-19T19:34:00.000,I 285,,,Angle Crash,2,Clear,Dry,Dark-Lighted
2022-07-16T22:05:00.000,I 85,,,Sideswipe-Same Direction,3,Clear,Dry,Dark-Not Lighted
2022-10-13T18:39:00.000,I 285,,,Not a Collision with Motor Vehicle,2,Clear,Dry,Dusk
2022-10-18T07:17:00.000,I 75,,,Rear End,2,Clear,Dry,Dark-Lighted
2022-10-24T23:31:00.000,I-75,,,Sideswipe-Same Direction,2,Clear,Dry,Dusk
2022-08-27T10:40:00.000,I-75,,,Sideswipe-Same Direction,2,Clear,Dry,Daylight
2022-05-10T02:20:00.000,I 75,,,Sideswipe-Same Direction,2,Cloudy,Dry,Dark-Not Lighted
2022-12-18T02:50:00.000,I-75,,,Sideswipe-Same Direction,2,Clear,Dry,Dark-Lighted
2022-09-15T12:15:00.000,I 20,,,Not a Collision with Motor Vehicle,2,Clear,Wet,Daylight
2022-05-02T16:58:00.000,I 75,,,Not a Collision with Motor Vehicle,1,Cloudy,Wet,Daylight
2022-07-30T17:56:00.000,I 285,,,Rear End,2,Rain,Wet,Daylight
2022-11-08T08:46:00.000,I 285,,,Not a Collision with Motor Vehicle,1,Clear,Dry,Daylight
2022-02-26T17:00:00.000,I-75,,,Rear End,2,Clear,Dry,Daylight
2022-01-08T00:38:00.000,I 95,,,Not a Collision with Motor Vehicle,1,Cloudy,Dry,Dark-Not Lighted
2022-05-09T08:00:00.000,I 85,,,Rear End,2,Clear,Dry,Daylight
2022-02-26T11:10:00.000,I 285,,,Rear End,2,Clear,Dry,Daylight
2022-07-15T10:55:00.000,I 20,,,Sideswipe-Same Direction,2,Clear,Dry,Daylight
2022-01-03T04:00:00.000,I-75,,,Not a Collision with Motor Vehicle,1,Rain,Wet,Dark-Lighted
2022-11-23T19:03:00.000,I-75,,,Sideswipe-Same Direction,2,Cloudy,Dry,Dusk
2022-11-20T19:40:00.000,I 75,,,Sideswipe-Same Direction,2,Clear,Dry,Dark-Not Lighted
2022-11-04T22:30:00.000,I-75,,,Sideswipe-Same Direction,2,Clear,Dry,Dark-Lighted
2022-03-30T17:26:00.000,I 85,,,Rear End,2,Clear,Dry,Daylight
2022-02-05T11:23:00.000,I 285,,,Rear End,2,Clear,Dry,Daylight
2022-04-24T01:00:00.000,I-75,,,Sideswipe-Same Direction,2,Clear,Dry,Dark-Lighted
2022-01-20T18:20:00.000,I 75,,,Rear End,2,Cloudy,Wet,Dark-Not Lighted
2022-07-24T12:30:00.000,I 20,,,Rear End,3,Clear,Dry,Daylight
2022-08-23T17:10:00.000,I-75,,,Sideswipe-Same Direction,2,Clear,Dry,Daylight
2022-08-30T13:22:00.000,I 20,,,Rear End,2,Clear,Dry,Daylight