Date and Time,Roadway (From Crash Report),Intersection Name (from Crash Report),KABCO Severity,Manner of Collision (Crash Level) ,# of Vehicles per crash ,Weather Conditions (Crash Level),Surface Condition (Crash Level) ,Light Conditions (Crash Level)
2022-09-02T11:20:00.000,I 285,,,Sideswipe-Same Direction,3,Cloudy,Dry,Daylight
2022-07-30T13:14:00.000,I-75,,,Sideswipe-Same Direction,2,Clear,Dry,Daylight
2022-07-24T16:45:00.000,I 16,,,Not a Collision with Motor Vehicle,1,Severe Thunderstorm or Tornadic,Water (standing or moving),Daylight
2022-11-30T19:40:00.000,I 285,,,Rear End,4,Clear,Dry,Dark-Lighted
2022-02-16T06:10:00.000,I 285,,,Head On,2,Clear,Dry,Dark-Not Lighted
2022-11-09T07:43:00.000,I 75,,,Rear End,2,Clear,Dry,Daylight
2022-01-04T08:14:00.000,I 285,,,Not a Collision with Motor Vehicle,1,Clear,Dry,Dark-Not Lighted
2022-05-06T15:34:00.000,I 20,,,Angle Crash,3,Clear,Dry,Daylight
2022-02-04T16:43:00.000,I 75,,,Sideswipe-Same Direction,2,Clear,Wet,Dark-Not Lighted
2022-11-23T11:40:00.000,I-75,,,Rear End,2,Clear,Dry,Daylight
2022-10-18T07:27:00.000,I 20,,,Not a Collision with Motor Vehicle,2,Clear,Dry,Daylight
2022-09-15T18:50:00.000,I 75,,,Rear End,2,Clear,Dry,Daylight
2022-03-08T11:00:00.000,I 75,,,Not a Collision with Motor Vehicle,1,Rain,Wet,Dark-Lighted
2022-01-10T17:31:00.000,I 20,,,Not a Collision with Motor Vehicle,1,Clear,Dry,Daylight
2022-05-04T07:56:00.000,I 285,,,Not a Collision with Motor Vehicle,1,Rain,Wet,Daylight
2022-08-06T20:38:00.000,I 85,,,Rear End,2,Rain,Wet,Dark-Lighted
2022-05-08T16:00:00.000,I 285,,,Sideswipe-Same Direction,2,Clear,Dry,Daylight
2022-05-29T03:30:00.000,I-75,,,Angle Crash,4,Clear,Dry,Dark-Lighted
2022-02-10T13:58:00.000,I 285,,,Sideswipe-Same Direction,2,Clear,Dry,Daylight
2022-11-03T17:58:00.000,I 75,,,Sideswipe-Same Direction,2,Clear,Dry,Dawn
2022-03-27T22:00:00.000,I-75,,,Not a Collision with Motor Vehicle,1,Clear,Dry,Dark-Lighted
2022-05-17T01:21:00.000,I 75,,,Not a Collision with Motor Vehicle,2,Clear,Dry,Dark-Lighted
2022-03-16T11:00:00.000,I-75,,,Rear End,2,Rain,Wet,Daylight
2022-11-30T03:00:00.000,I-75,,,Not a Collision with Motor Vehicle,1,Rain,Water (standing or moving),Dark-Lighted
2022-01-21T18:20:00.000,I 75,,,Rear End,3,Cloudy,Wet,Dark-Not Lighted
2022-09-04T12:31:00.000,I-75,,,Sideswipe-Same Direction,3,Clear,Dry,Daylight
2022-10-13T08:10:00.000,I 85,,,Rear End,2,Rain,Wet,Daylight
2022-07-27T10:11:00.000,I 20,,,Not a Collision with Motor Vehicle,2,Clear,Dry,Daylight
2022-11-15T11:40:00.000,I 85,,,Sideswipe-Same Direction,2,Rain,Wet,Daylight
2022-12-15T13:14:00.000,I 285,,,Sideswipe-Same Direction,2,Clear,Dry,Daylight
2022-07-21T13:51:00.000,I 75,,,Sideswipe-Same Direction,2,Clear,Dry,Daylight
2022-06-19T00:00:00.000,I-75,,,Rear End,2,Clear,Dry,Dark-Lighted
2022-08-17T08:00:00.000,I 285,,,Angle Crash,2,Clear,Dry,Daylight
2022-11-22T13:51:00.000,I 85,,,Sideswipe-Same Direction,2,Cloudy,Dry,Daylight
2022-09-24T15:17:00.000,I 95,,,Rear End,2,Clear,Dry,Daylight
2022-03-29T17:00:00.000,I 20,,,Angle Crash,2,Clear,Dry,Daylight
2022-12-14T09:15:00.000,I 285,,,Sideswipe-Same Direction,2,Rain,Wet,Daylight
2022-01-15T00:30:00.000,I-75,,,Sideswipe-Same Direction,2,Clear,Dry,Dark-Lighted
2022-09-25T14:10:00.000,I-75,,,Rear End,2,Cloudy,Dry,Daylight
2022-08-15T08:25:00.000,I 20,,,Angle Crash,2,Clear,Dry,Daylight
2022-08-27T23:54:00.000,I-75,,,Sideswipe-Same Direction,2,Clear,Wet,Dark-Lighted
2022-11-17T10:40:00.000,I 75,,,Sideswipe-Same Direction,2,Clear,Dry,Daylight
2022-02-08T17:49:00.000,I 285,,,Rear End,2,Clear,Dry,Daylight
2022-01-25T16:27:00.000,I 16,,,Not a Collision with Motor Vehicle,2,Cloudy,Dry,Daylight
2022-12-05T21:38:00.000,I-75,,,Angle Crash,2,Rain,Wet,Dark-Lighted
2022-01-08T02:15:00.000,I-75,,,Rear End,2,Clear,Dry,Dawn
2022-08-23T18:26:00.000,I 16,,,Not a Collision with Motor Vehicle,1,Rain,Wet,Daylight
2022-04-21T17:54:00.000,I 75,,,Rear End,2,Clear,Dry,Daylight
2022-04-01T22:28:00.000,I-75,,,Rear End,2,Clear,Dry,Dark-Not Lighted
2022-03-17T11:30:00.000,I 285,,,Rear End,2,Clear,Dry,Daylight
2022-04-01T15:00:00.000,I 285,,,Sideswipe-Same Direction,2,Clear,Dry,Daylight
2022-01-14T14:40:00.000,I 75,,,Rear End,2,Clear,Dry,Daylight
2022-07-14T23:13:00.000,I-75,,,Rear End,2,Clear,Dry,Dark-Lighted
2022-07-17T16:29:00.000,I 75,,,Rear End,2,Clear,Dry,Daylight
2022-01-02T13:28:00.000,I 75,,,Rear End,2,Rain,Wet,Daylight
2022-06-04T22:10:00.000,I 85,,,Sideswipe-Same Direction,2,Clear,Dry,Dark-Not Lighted
2022-08-25T07:44:00.000,I 75,,,Sideswipe-Same Direction,2,Rain,Wet,Daylight
2022-03-06T13:53:00.000,I 20,,,Rear End,4,Clear,Dry,Daylight
2022-07-29T14:22:00.000,I 85,,,Not a Collision with Motor Vehicle,1,Cloudy,Dry,Daylight
2022-06-23T14:48:00.000,I 85,,,Rear End,2,Clear,Dry,Daylight
2022-05-14T03:27:00.000,I-75,,,Sideswipe-Same Direction,2,Clear,Dry,Daylight
2022-03-18T03:44:00.000,I-75,,,Sideswipe-Same Direction,2,Clear,Dry,Dark-Lighted
2022-11-29T08:35:00.000,I 85,,,Not a Collision with Motor Vehicle,1,Clear,Dry,Daylight
2022-01-28T19:50:00.000,I 285,,,Rear End,2,Clear,Dry,Dark-Not Lighted
2022-11-03T22:30:00.000,I 285,,,Sideswipe-Same Direction,2,Clear,Dry,Dark-Lighted
2022-11-15T21:40:00.000,I 75,,,Sideswipe-Same Direction,3,Rain,Wet,Dark-Lighted
2022-10-05T10:32:00.000,I 75,,,Rear End,2,Clear,Dry,Daylight
2022-07-27T11:52:00.000,I 285,,,Angle Crash,2,Clear,Dry,Daylight
2022-06-13T16:40:00.000,I 285,,,Angle Crash,2,Clear,Dry,Daylight
2022-03-06T11:33:00.000,I-75,,,Rear End,4,Clear,Dry,Daylight
2022-10-12T17:10:00.000,I 85,,,Not a Collision with Motor Vehicle,1,Rain,Wet,Daylight
2022-02-03T08:00:00.000,I 285,,,Rear End,2,Rain,Wet,Daylight
2022-05-13T00:00:00.000,I 75,,,Sideswipe-Same Direction,2,Clear,Dry,Dark-Not Lighted
2022-06-21T15:24:00.000,I 285,,,Sideswipe-Same Direction,2,Clear,Dry,Daylight
2022-08-17T07:29:00.000,I 16,,,Not a Collision with Motor Vehicle,1,Cloudy,Dry,Daylight
2022-03-08T22:23:00.000,I-75,,,Angle Crash,2,Rain,Wet,Dark-Lighted
2022-04-13T15:20:00.000,I-75,,,Rear End,3,Clear,Dry,Daylight
2022-02-05T17:50:00.000,I-75,,,Sideswipe-Same Direction,2,Clear,Dry,Dark-Lighted
2022-09-15T13:30:00.000,I 75,,,Sideswipe-Same Direction,2,Clear,Dry,Daylight
2022-04-10T18:03:00.000,I 75,,,Rear End,2,Clear,Dry,Daylight
2022-05-26T03:26:00.000,I 75,,,Angle Crash,2,Rain,Wet,Dark-Not Lighted
2022-12-12T19:11:00.000,I 75,,,Sideswipe-Same Direction,2,Clear,Dry,Dark-Not Lighted
2022-05-21T11:30:00.000,I-75,,,Rear End,2,Clear,Dry,Daylight
2022-03-23T03:40:00.000,I-75,,,Rear End,3,Rain,Wet,Dark-Lighted
2022-07-20T08:25:00.000,I-75,,,Rear End,2,Clear,Dry,Daylight
2022-06-26T10:30:00.000,I 75,,,Rear End,2,Clear,Dry,Daylight
2022-06-22T14:40:00.000,I 285,,,Sideswipe-Same Direction,2,Cloudy,Dry,Daylight
2022-12-14T16:42:00.000,I 95,,,Rear End,2,Rain,Wet,Daylight
2022-09-27T05:15:00.000,I 16,,,(None),1,(None),(None),(None)
2022-06-27T18:15:00.000,I 85,,,Sideswipe-Same Direction,2,Cloudy,Wet,Daylight
2022-04-14T17:43:00.000,I 20,,,Sideswipe-Same Direction,1,Clear,Dry,Daylight
2022-08-11T22:53:00.000,I-75,,,Angle Crash,2,Cloudy,Wet,Dark-Lighted
2022-03-09T14:20:00.000,I 285,,,Rear End,2,Clear,Dry,Daylight
2022-04-28T09:04:00.000,I 85,,,Rear End,2,Clear,Dry,Daylight
2022-01-09T19:56:00.000,I 20,,,Not a Collision with Motor Vehicle,1,Rain,Wet,Dark-Not Lighted
2022-11-02T17:15:00.000,I 85,,,Sideswipe-Same Direction,2,Clear,Dry,Daylight
2022-02-15T11:00:00.000,I 285,,,Not a Collision with Motor Vehicle,2,Clear,Dry,Daylight
2022-06-09T07:18:00.000,I 75,,,Rear End,2,Cloudy,Wet,Daylight
2022-02-23T09:52:00.000,I 285,,,Angle Crash,2,Rain,Wet,Daylight
2022-07-27T12:50:00.000,I 20,,,Sideswipe-Same Direction,2,Clear,Dry,Daylight
2022-11-09T16:30:00.000,I 285,,,Sideswipe-Same Direction,2,Clear,Dry,Daylight
2022-09-23T14:04:00.000,I 75,,,Sideswipe-Same Direction,2,Clear,Dry,Daylight
2022-04-21T14:00:00.000,I 75,,,Sideswipe-Same Direction,3,Clear,Dry,Daylight
2022-10-02T18:45:00.000,I-75,,,Rear End,3,Clear,Dry,Daylight
2022-10-06T17:10:00.000,I 16,,,Sideswipe-Same Direction,1,Clear,Dry,Daylight
2022-02-04T16:30:00.000,I 285,,,Sideswipe-Same Direction,2,Clear,Dry,Daylight
2022-12-15T12:30:00.000,I 285,,,Rear End,2,Clear,Dry,Daylight
2022-11-08T13:41:00.000,I 20,,,Sideswipe-Same Direction,2,Clear,Dry,Dawn
2022-01-19T17:44:00.000,I-75,,,Rear End,4,Clear,Dry,Dark-Lighted
2022-03-29T21:01:00.000,I 85,,,Angle Crash,2,Clear,Dry,Dark-Lighted
2022-08-26T13:14:00.000,I 16,,,Not a Collision with Motor Vehicle,1,Rain,Water (standing or moving),Daylight
2022-10-21T07:35:00.000,I 75,,,Sideswipe-Same Direction,2,Clear,Dry,Dusk
2022-05-06T16:05:00.000,I 85,,,Sideswipe-Same Direction,2,Clear,Dry,Daylight
2022-10-09T12:32:00.000,I-75,,,Rear End,2,Clear,Dry,Daylight
2022-06-29T08:30:00.000,I 20,,,Rear End,2,Rain,Wet,Daylight
2022-11-17T13:47:00.000,I 85,,,Rear End,3,Clear,Dry,Daylight
2022-05-04T12:00:00.000,I 16,,,Not a Collision with Motor Vehicle,1,Clear,Dry,Daylight
2022-12-18T19:37:00.000,I 75,,,Rear End,2,Clear,Dry,Dark-Not Lighted
2022-08-15T00:56:00.000,I 285,,,Not a Collision with Motor Vehicle,1,Clear,Dry,Dark-Not Lighted
2022-04-12T07:13:00.000,I 285,,,Not a Collision with Motor Vehicle,2,Clear,Dry,Daylight
2022-05-21T21:16:00.000,I-75,,,Rear End,2,Clear,Dry,Daylight
2022-03-10T17:33:00.000,I 75,,,Rear End,2,Clear,Dry,Daylight
2022-10-07T23:55:00.000,I 75,,,Rear End,2,Clear,Dry,Dark-Not Lighted
2022-05-29T16:52:00.000,I 75,,,Angle Crash,2,Clear,Dry,Daylight
2022-10-07T20:32:00.000,I 75,,,Rear End,2,Clear,Dry,Dark-Lighted
2022-03-23T14:55:00.000,I 75,,,Sideswipe-Same Direction,2,Clear,Dry,Daylight
2022-07-15T13:12:00.000,I 20,,,Rear End,2,Clear,Dry,Daylight
2022-04-03T11:04:00.000,I 75,,,Rear End,2,Clear,Dry,Daylight
2022-06-09T15:12:00.000,I 75,,,Rear End,2,Clear,Dry,Daylight
2022-08-30T15:33:00.000,I 75,,,Not a Collision with Motor Vehicle,1,Rain,Wet,Daylight
2022-09-11T02:00:00.000,I-75,,,Angle Crash,2,Clear,Dry,Dark-Lighted
2022-07-01T15:10:00.000,I 20,,,Not a Collision with Motor Vehicle,1,Cloudy,Wet,Daylight
2022-12-05T10:46:00.000,I 75,,,Not a Collision with Motor Vehicle,1,Rain,Wet,Daylight
2022-04-14T17:16:00.000,I 20,,,Sideswipe-Same Direction,2,Clear,Dry,Daylight
2022-03-15T07:35:00.000,I 85,,,Rear End,2,Cloudy,Dry,Daylight
2022-08-04T03:14:00.000,I-75,,,Sideswipe-Same Direction,2,Clear,Dry,Dark-Lighted
2022-03-25T16:30:00.000,I 20,,,Sideswipe-Same Direction,2,Clear,Dry,Daylight
2022-12-28T13:00:00.000,I 75,,,Rear End,3,Clear,Dry,Daylight
2022-11-08T17:10:00.000,I 85,,,Rear End,2,Clear,Dry,Daylight
2022-05-11T18:56:00.000,I-75,,,Sideswipe-Same Direction,2,Clear,Dry,Daylight
2022-03-17T19:33:00.000,I 75,,,Rear End,2,Clear,Dry,Dusk
2022-07-10T07:10:00.000,I-75,,,Not a Collision with Motor Vehicle,1,Rain,Water (standing or moving),Daylight
2022-07-17T23:30:00.000,I 285,,,Sideswipe-Same Direction,2,Clear,Dry,Dark-Not Lighted
2022-11-26T00:14:00.000,I-75,,,Sideswipe-Same Direction,2,Clear,Dry,Dark-Lighted
2022-12-19T15:45:00.000,I 85,,,Sideswipe-Same Direction,2,Clear,Dry,Daylight
2022-03-08T18:51:00.000,I 285,,,Sideswipe-Same Direction,2,Rain,Wet,Dark-Not Lighted
2022-10-20T11:50:00.000,I 75,,,Rear End,5,Clear,Dry,Daylight
2022-02-04T13:36:00.000,I 75,,,Sideswipe-Same Direction,3,Cloudy,Wet,Daylight
2022-10-23T18:42:00.000,I 85,,,Not a Collision with Motor Vehicle,2,Clear,Dry,Daylight
2022-07-01T18:25:00.000,I 95,,,Not a Collision with Motor Vehicle,1,Rain,Wet,Daylight
2022-06-19T13:45:00.000,I 20,,,Rear End,3,Clear,Dry,Daylight
2022-04-17T23:45:00.000,I 20,,,Sideswipe-Same Direction,2,Rain,Wet,Dark-Lighted
2022-12-29T18:45:00.000,I 75,,,Rear End,2,Clear,Dry,Dark-Not Lighted
2022-11-25T05:55:00.000,I 16,,,Angle Crash,1,Rain,Wet,Dark-Not Lighted
2022-04-06T15:30:00.000,I 285,,,Sideswipe-Same Direction,3,Rain,Wet,Daylight
2022-12-15T05:22:00.000,I 75,,,Rear End,2,Rain,Water (standing or moving),Dawn
2022-11-04T06:43:00.000,I 20,,,Rear End,2,Clear,Dry,Dark-Lighted
2022-12-21T21:10:00.000,I-75,,,Angle Crash,2,Clear,Dry,Dark-Lighted
2022-12-13T14:34:00.000,I 285,,,Rear End,2,Clear,Dry,Daylight
2022-01-30T03:46:00.000,I 285,,,Rear End,2,Clear,Dry,Dark-Not Lighted
2022-02-14T13:29:00.000,I 16,,,Rear End,4,Clear,Dry,Daylight
2022-10-29T13:26:00.000,I 20,,,Rear End,2,Clear,Dry,Daylight
2022-01-31T11:30:00.000,I 85,,,Sideswipe-Same Direction,1,Clear,Dry,Daylight
2022-10-23T11:18:00.000,I 285,,,Not a Collision with Motor Vehicle,1,Clear,Dry,Daylight
2022-03-22T00:00:00.000,I 75,,,Not a Collision with Motor Vehicle,1,Rain,Wet,Dark-Not Lighted
2022-11-04T23:16:00.000,I-75,,,Rear End,4,Clear,Dry,Dark-Lighted
2022-11-21T08:46:00.000,I 20,,,Angle Crash,2,Clear,Dry,Daylight
2022-10-18T03:05:00.000,I 16,,,Not a Collision with Motor Vehicle,1,Clear,Dry,Dark-Not Lighted
2022-01-28T17:20:00.000,I 16,,,Rear End,2,Clear,Dry,Daylight
2022-12-15T22:09:00.000,I-75,,,Angle Crash,2,Clear,Dry,Dark-Lighted
2022-03-18T11:55:00.000,I 75,,,Sideswipe-Same Direction,2,Rain,Wet,Daylight
2022-07-21T10:00:00.000,I 285,,,Sideswipe-Same Direction,2,Rain,Wet,Daylight
2022-02-01T15:15:00.000,I 95,,,Rear End,2,Clear,Dry,Daylight
2022-02-28T17:43:00.000,I 20,,,Sideswipe-Same Direction,2,Clear,Dry,Daylight
2022-03-11T00:26:00.000,I-75,,,Not a Collision with Motor Vehicle,3,Cloudy,Dry,Dark-Lighted
2022-03-29T17:35:00.000,I 285,,,Sideswipe-Same Direction,2,Clear,Dry,Daylight
2022-08-13T12:02:00.000,I 20,,,Sideswipe-Same Direction,3,Clear,Dry,Daylight
2022-06-16T05:00:00.000,I 285,,,Sideswipe-Same Direction,2,Clear,Dry,Dark-Lighted
2022-11-14T17:06:00.000,I 285,,,Sideswipe-Same Direction,2,Clear,Dry,Daylight
2022-08-17T18:03:00.000,I 75,,,Rear End,2,Clear,Dry,Daylight
2022-12-02T12:15:00.000,I 85,,,Not a Collision with Motor Vehicle,1,Cloudy,Dry,Daylight
2022-02-16T07:52:00.000,I 20,,,Rear End,3,Clear,Dry,Daylight
2022-12-07T10:30:00.000,I 285,,,Angle Crash,2,Cloudy,Dry,Daylight
2022-08-25T11:18:00.000,I 16,,,Sideswipe-Opposite Direction,1,Rain,Wet,Daylight
2022-09-28T05:00:00.000,I 16,,,Not a Collision with Motor Vehicle,1,Clear,Dry,Dark-Not Lighted
2022-08-29T00:28:00.000,I 95,,,Rear End,2,Rain,Wet,Daylight
2022-12-18T01:37:00.000,I 75,,,Sideswipe-Same Direction,2,Clear,Dry,Dark-Not Lighted
2022-02-28T08:19:00.000,I 75,,,Sideswipe-Same Direction,2,Clear,Dry,Daylight
2022-09-07T16:59:00.000,I 285,,,Rear End,2,Clear,Dry,Daylight
2022-11-27T05:00:00.000,I 20,,,Not a Collision with Motor Vehicle,1,Rain,Wet,Dark-Not Lighted
2022-09-05T03:23:00.000,I 85,,,Not a Collision with Motor Vehicle,1,Clear,Dry,Dark-Lighted
2022-11-19T13:31:00.000,I 285,,,Rear End,2,Cloudy,Dry,Daylight
2022-03-16T04:03:00.000,I-75,,,Angle Crash,2,Rain,Water (standing or moving),Dark-Not Lighted
2022-03-23T02:20:00.000,I-75,,,Sideswipe-Same Direction,2,Clear,Dry,Dark-Lighted
2022-01-14T07:15:00.000,I 75,,,Sideswipe-Same Direction,2,Clear,Dry,Daylight
2022-01-27T18:20:00.000,I 75,,,Not a Collision with Motor Vehicle,2,Clear,Dry,Dark-Not Lighted
2022-11-02T20:30:00.000,I 75,,,Not a Collision with Motor Vehicle,1,Clear,Dry,Dark-Not Lighted
2022-03-23T16:30:00.000,I 16,,,Rear End,2,Rain,Wet,Daylight
2022-08-07T13:45:00.000,I-75,,,Rear End,2,Clear,Dry,Daylight
2022-09-03T14:00:00.000,I-75,,,Rear End,2,Clear,Dry,Daylight
2022-08-25T05:33:00.000,I 75,,,Not a Collision with Motor Vehicle,1,Rain,Water (standing or moving),Dark-Not Lighted
2022-07-08T23:30:00.000,I-75,,,Not a Collision with Motor Vehicle,1,Rain,Wet,Dark-Lighted
2022-04-11T17:18:00.000,I 285,,,Rear End,2,Cloudy,Dry,Daylight
2022-01-09T19:15:00.000,I 75,,,Sideswipe-Same Direction,2,Rain,Wet,Dark-Lighted
2022-05-27T09:00:00.000,I 75,,,Rear End,2,Cloudy,Dry,Daylight
2022-11-06T21:20:00.000,I 285,,,Rear End,2,Clear,Dry,Dark-Lighted
2022-02-03T08:50:00.000,I 75,,,Rear End,2,Rain,Wet,Daylight
2022-06-03T12:00:00.000,I 20,,,Rear End,2,Cloudy,Dry,Daylight
2022-12-19T06:02:00.000,I 20,,,Not a Collision with Motor Vehicle,1,Clear,Ice/Frost,Dark-Lighted
2022-02-26T07:29:00.000,I 285,,,Sideswipe-Same Direction,2,Clear,Dry,Daylight
2022-04-23T18:31:00.000,I-75,,,Rear End,2,Clear,Dry,Daylight
2022-10-06T08:35:00.000,I 85,,,Angle Crash,2,Clear,Dry,Daylight
2022-01-27T19:28:00.000,I 85,,,Rear End,2,Clear,Dry,Dark-Not Lighted
2022-03-05T09:55:00.000,I 285,,,Not a Collision with Motor Vehicle,2,Clear,Dry,Daylight
2022-02-14T14:20:00.000,I 75,,,Not a Collision with Motor Vehicle,1,Clear,Dry,Daylight
2022-02-23T16:30:00.000,I-75,,,Rear End,2,Clear,Dry,Daylight
2022-06-04T23:18:00.000,I-75,,,Rear End,2,Clear,Dry,Dark-Lighted
2022-07-07T15:20:00.000,I-75,,,Angle Crash,4,Clear,Wet,Daylight
2022-06-10T16:08:00.000,I 20,,,Rear End,2,Clear,Dry,Daylight
2022-07-19T13:05:00.000,I-75,,,Rear End,2,Clear,Dry,Daylight
2022-09-12T13:47:00.000,I 285,,,Rear End,2,Clear,Dry,Daylight
2022-10-09T06:30:00.000,I-75,,,Rear End,2,Clear,Dry,Daylight
2022-06-18T15:36:00.000,I 16,,,(None),2,(None),(None),(None)
2022-05-20T18:44:00.000,I 85,,,Sideswipe-Same Direction,2,Clear,Dry,Daylight
2022-12-10T00:00:00.000,I 75,,,Rear End,3,Cloudy,Dry,Dark-Not Lighted
2022-04-28T15:55:00.000,I-75,,,Sideswipe-Same Direction,2,Clear,Dry,Daylight
2022-09-16T18:00:00.000,I 85,,,Not a Collision with Motor Vehicle,2,Clear,Dry,Daylight
2022-09-05T04:40:00.000,I-75,,,Rear End,2,Cloudy,Water (standing or moving),Dark-Not Lighted
2022-10-10T13:30:00.000,I 85,,,Not a Collision with Motor Vehicle,1,Clear,Dry,Daylight
2022-01-09T01:00:00.000,I-75,,,Not a Collision with Motor Vehicle,1,Clear,Dry,Dark-Not Lighted
2022-05-19T08:30:00.000,I 85,,,Sideswipe-Same Direction,3,Clear,Dry,Daylight
2022-09-19T08:31:00.000,I 85,,,Sideswipe-Same Direction,2,Clear,Dry,Daylight
2022-11-21T15:00:00.000,I 285,,,Sideswipe-Same Direction,2,Clear,Dry,Daylight
2022-10-19T09:48:00.000,I-75,,,Rear End,2,Clear,Dry,Daylight
2022-10-13T15:15:00.000,I 75,,,Rear End,2,Clear,Dry,Daylight
2022-10-25T02:36:00.000,I 85,,,Not a Collision with Motor Vehicle,1,Clear,Dry,Dark-Lighted
2022-12-14T22:40:00.000,I 285,,,Angle Crash,4,Rain,Wet,Dark-Lighted
2022-11-23T19:30:00.000,I-75,,,Rear End,3,Clear,Water (standing or moving),Dark-Lighted
2022-09-09T12:37:00.000,I 20,,,Not a Collision with Motor Vehicle,1,Cloudy,Dry,Daylight
2022-08-22T16:50:00.000,I-75,,,Angle Crash,3,Clear,Dry,Daylight
2022-12-08T17:27:00.000,I 285,,,Sideswipe-Same Direction,2,Clear,Dry,Daylight
2022-11-03T14:49:00.000,I 75,,,Sideswipe-Same Direction,2,Clear,Dry,Daylight
2022-09-28T07:00:00.000,I-75,,,Sideswipe-Same Direction,3,Clear,Dry,Daylight
2022-09-04T17:17:00.000,I 85,,,Not a Collision with Motor Vehicle,1,Cloudy,Dry,Daylight
2022-03-18T14:20:00.000,I 20,,,Rear End,2,Rain,Wet,Daylight
2022-08-12T22:50:00.000,I 85,,,Angle Crash,2,Clear,Dry,Dark-Not Lighted
2022-09-26T05:50:00.000,I-75,,,Sideswipe-Same Direction,2,Clear,Dry,Dawn
2022-08-21T05:00:00.000,I-75,,,Head On,3,Clear,Dry,Dark-Not Lighted
2022-08-07T02:17:00.000,I 85,,,Rear End,2,Cloudy,Wet,Dark-Not Lighted
2022-04-24T15:44:00.000,I 20,,,Not a Collision with Motor Vehicle,1,(None),Dry,(None)
2022-10-26T18:15:00.000,I 20,,,Rear End,2,Clear,Dry,Daylight
2022-08-08T10:29:00.000,I 285,,,Rear End,2,Clear,Dry,Daylight
2022-08-22T15:00:00.000,I 75,,,Not a Collision with Motor Vehicle,1,Rain,Wet,Daylight
2022-01-28T21:21:00.000,I 75,,,Angle Crash,2,Clear,Dry,Dark-Not Lighted
2022-01-14T08:08:00.000,I-75,,,Rear End,2,Clear,Dry,Daylight
2022-09-07T16:26:00.000,I-75,,,Rear End,2,Clear,Dry,Daylight
2022-10-07T11:04:00.000,I 285,,,Rear End,2,Clear,Dry,Daylight
2022-09-01T21:40:00.000,I-75,,,Rear End,5,Clear,Dry,Dark-Lighted
2022-02-24T01:19:00.000,I 75,,,Rear End,2,Cloudy,Wet,Dark-Not Lighted
2022-06-28T16:29:00.000,I 285,,,Sideswipe-Same Direction,2,Cloudy,Dry,Daylight
2022-09-24T16:35:00.000,I 85,,,Rear End,2,Clear,Dry,Daylight
2022-03-22T23:00:00.000,I-75,,,Sideswipe-Same Direction,2,Clear,Dry,Dark-Lighted
2022-07-30T04:00:00.000,I-75,,,Angle Crash,2,Cloudy,Wet,Dark-Lighted
2022-10-26T07:57:00.000,I 75,,,Rear End,2,Cloudy,Dry,Daylight
2022-04-23T01:17:00.000,I 16,,,Head On,1,Clear,Dry,Dark-Not Lighted
2022-10-20T22:13:00.000,I 285,,,Sideswipe-Same Direction,2,Cloudy,Dry,Dark-Lighted
2022-01-31T00:50:00.000,I 75,,,Rear End,2,Clear,Dry,Dark-Not Lighted
2022-10-14T12:45:00.000,I 85,,,Not a Collision with Motor Vehicle,1,Clear,Dry,Daylight
2022-10-24T07:50:00.000,I 285,,,Rear End,2,Clear,Dry,Daylight
2022-07-06T13:21:00.000,I 75,,,Angle Crash,2,Cloudy,Wet,Daylight
2022-02-16T19:23:00.000,I 85,,,Angle Crash,2,Clear,Dry,Dark-Not Lighted
2022-07-07T11:00:00.000,I 285,,,Sideswipe-Same Direction,2,Clear,Dry,Daylight
2022-07-17T08:55:00.000,I 75,,,Not a Collision with Motor Vehicle,1,Clear,Dry,Daylight
2022-12-15T00:38:00.000,I 75,,,Not a Collision with Motor Vehicle,1,Rain,Water (standing or moving),Dark-Lighted
2022-01-23T23:17:00.000,I 75,,,Rear End,4,Clear,Dry,Dark-Not Lighted
2022-07-20T09:02:00.000,I-75,,,Rear End,2,Rain,Water (standing or moving),Daylight
2022-11-08T21:05:00.000,I 75,,,Sideswipe-Same Direction,2,Clear,Dry,Dark-Not Lighted
2022-04-27T12:49:00.000,I-75,,,Sideswipe-Same Direction,2,Clear,Dry,Daylight
2022-05-13T14:00:00.000,I 85,,,Not a Collision with Motor Vehicle,1,Clear,Dry,Daylight
2022-10-04T07:15:00.000,I 85,,,Rear End,2,Clear,Dry,Daylight
2022-08-30T17:22:00.000,I 16,,,Sideswipe-Same Direction,2,Clear,Dry,Daylight
2022-03-28T18:29:00.000,I 85,,,Rear End,2,Clear,Dry,Daylight
2022-05-25T06:30:00.000,I-75,,,Rear End,2,Clear,Dry,Daylight
2022-10-25T00:00:00.000,I 285,,,Sideswipe-Same Direction,2,Clear,Dry,Dark-Lighted
2022-07-21T11:55:00.000,I 20,,,Not a Collision with Motor Vehicle,1,Cloudy,Wet,Daylight
2022-07-19T07:41:00.000,I 75,,,Rear End,2,Cloudy,Wet,Daylight
2022-05-21T14:59:00.000,I 75,,,Sideswipe-Same Direction,2,Clear,Dry,Daylight
2022-02-21T13:31:00.000,I 20,,,Rear End,2,Cloudy,Dry,Daylight
2022-02-02T22:00:00.000,I-75,,,Sideswipe-Same Direction,2,Rain,Wet,Dark-Lighted
2022-02-18T00:00:00.000,I 16,,,Rear End,2,Clear,Dry,Daylight
2022-03-15T17:15:00.000,I 285,,,Rear End,2,Rain,Wet,Daylight