Date and Time,Roadway (From Crash Report),Intersection Name (from Crash Report),KABCO Severity,Manner of Collision (Crash Level) ,# of Vehicles per crash ,Weather Conditions (Crash Level),Surface Condition (Crash Level) ,Light Conditions (Crash Level)
2022-11-27T14:56:00.000,I 75,,,Rear End,2,Clear,Dry,Daylight
2022-02-06T23:00:00.000,I-75,,,Sideswipe-Same Direction,2,Clear,Dry,Dark-Not Lighted
2022-12-15T03:40:00.000,I-75,,,Angle Crash,2,Rain,Water (standing or moving),Dark-Lighted
2022-08-12T07:45:00.000,I 85,,,Rear End,4,Clear,Dry,Daylight
2022-01-02T23:00:00.000,I-75,,,Angle Crash,3,Rain,Water (standing or moving),Dark-Lighted
2022-02-21T00:00:00.000,I 85,,,Not a Collision with Motor Vehicle,1,Clear,Dry,Dark-Not Lighted
2022-03-31T03:40:00.000,I 75,,,Sideswipe-Same Direction,2,Rain,Wet,Dark-Lighted
2022-05-12T07:14:00.000,I 75,,,Rear End,2,Clear,Dry,Daylight
2022-09-27T03:20:00.000,I-75,,,Not a Collision with Motor Vehicle,1,Clear,Dry,Dark-Not Lighted
2022-05-11T20:15:00.000,I 285,,,Sideswipe-Same Direction,2,Clear,Dry,Dusk
2022-03-08T08:10:00.000,I 85,,,Not a Collision with Motor Vehicle,1,Cloudy,Dry,Daylight
2022-10-06T22:34:00.000,I 85,,,Rear End,2,Clear,Dry,Dark-Lighted
2022-03-06T14:12:00.000,I 20,,,Rear End,2,Clear,Dry,Daylight
2022-07-14T11:02:00.000,I 85,,,Rear End,2,Cloudy,Dry,Daylight
2022-12-22T13:41:00.000,I 75,,,Rear End,2,Cloudy,Dry,Daylight
2022-05-23T10:30:00.000,I 85,,,Sideswipe-Same Direction,2,Rain,Wet,Daylight
2022-07-06T17:45:00.000,I-75,,,Rear End,2,Clear,Dry,Daylight
2022-02-16T12:56:00.000,I 95,,,Not a Collision with Motor Vehicle,1,Clear,Dry,Daylight
2022-03-19T16:48:00.000,I 85,,,Rear End,2,Clear,Dry,Daylight
2022-08-29T17:43:00.000,I 16,,,Not a Collision with Motor Vehicle,1,Rain,Wet,Dark-Lighted
2022-07-03T15:08:00.000,I-75,,,Angle Crash,2,Clear,Dry,Daylight
2022-09-14T21:00:00.000,I-75,,,Sideswipe-Same Direction,2,Clear,Dry,Dark-Lighted
2022-04-26T09:45:00.000,I 85,,,Rear End,3,Cloudy,Dry,Daylight
2022-04-06T17:00:00.000,I-75,,,Rear End,2,Cloudy,Water (standing or moving),Daylight
2022-10-11T14:25:00.000,I 285,,,Sideswipe-Opposite Direction,2,Clear,Dry,Daylight
2022-09-02T13:00:00.000,I 85,,,Sideswipe-Same Direction,2,Cloudy,Dry,Daylight
2022-11-26T14:50:00.000,I 85,,,Rear End,2,Cloudy,Dry,Daylight
2022-12-20T17:26:00.000,I 75,,,Rear End,2,Cloudy,Wet,Dark-Not Lighted
2022-09-20T09:20:00.000,I 285,,,Not a Collision with Motor Vehicle,1,Clear,Dry,Daylight
2022-08-26T16:13:00.000,I 75,,,Not a Collision with Motor Vehicle,1,Rain,Wet,Daylight
2022-06-16T06:55:00.000,I 85,,,Rear End,2,Clear,Dry,Daylight
2022-05-24T19:02:00.000,I 75,,,Not a Collision with Motor Vehicle,1,Severe Thunderstorm or Tornadic,Wet,Daylight
2022-12-05T18:05:00.000,I 75,,,Not a Collision with Motor Vehicle,2,Cloudy,Wet,Dark-Not Lighted
2022-10-05T18:21:00.000,I 16,,,Rear End,2,Clear,Dry,Daylight
2022-06-04T18:39:00.000,I 20,,,Sideswipe-Same Direction,2,Clear,Dry,Daylight
2022-03-30T17:18:00.000,I-75,,,Angle Crash,3,Cloudy,Dry,Daylight
2022-08-21T14:30:00.000,I-75,,,Not a Collision with Motor Vehicle,1,Clear,Dry,Daylight
2022-08-03T11:49:00.000,I 20,,,Not a Collision with Motor Vehicle,1,Cloudy,Dry,Daylight
2022-08-14T16:30:00.000,I-75,,,Sideswipe-Same Direction,2,Clear,Dry,Daylight
2022-10-05T20:04:00.000,I 285,,,Rear End,2,Clear,Dry,Dark-Lighted
2022-11-15T17:30:00.000,I 85,,,Rear End,2,Cloudy,Wet,Dark-Lighted
2022-01-25T08:14:00.000,I 85,,,Rear End,2,Cloudy,Dry,Daylight
2022-11-09T14:04:00.000,I-75,,,Rear End,2,Clear,Dry,Daylight
2022-12-01T13:41:00.000,I 285,,,Not a Collision with Motor Vehicle,2,Clear,Dry,Daylight
2022-01-23T02:32:00.000,I 75,,,Sideswipe-Same Direction,2,Clear,Dry,Dark-Not Lighted
2022-08-20T12:46:00.000,I-75,,,Rear End,2,Clear,Dry,Daylight
2022-09-14T10:20:00.000,I 75,,,Sideswipe-Same Direction,2,Clear,Dry,Daylight
2022-08-07T22:10:00.000,I-75,,,Rear End,2,Clear,Dry,Dark-Lighted
2022-09-28T19:40:00.000,I 285,,,Rear End,2,Cloudy,Dry,Daylight
2022-11-30T09:30:00.000,I-75,,,Sideswipe-Same Direction,2,Clear,Wet,Daylight
2022-11-28T12:11:00.000,I 285,,,Sideswipe-Same Direction,2,Clear,Dry,Daylight
2022-06-08T15:20:00.000,I 285,,,Rear End,2,Clear,Dry,Daylight
2022-11-27T17:50:00.000,I 285,,,Sideswipe-Same Direction,2,Clear,Dry,Daylight
2022-02-13T12:00:00.000,I-75,,,Rear End,2,Clear,Dry,Daylight
2022-10-14T16:03:00.000,I 75,,,Rear End,2,Clear,Dry,Daylight
2022-11-19T01:30:00.000,I-75,,,Head On,2,Clear,Dry,Dark-Not Lighted
2022-12-06T02:50:00.000,I-75,,,Rear End,2,Rain,Wet,Dark-Lighted
2022-03-05T21:00:00.000,I-75,,,Rear End,2,Cloudy,Dry,Dark-Lighted
2022-01-24T12:10:00.000,I 75,,,Rear End,2,Clear,Dry,Daylight
2022-12-30T02:45:00.000,I-75,,,Sideswipe-Same Direction,2,Clear,Dry,Dark-Lighted
2022-10-01T11:40:00.000,I-75,,,Rear End,2,Clear,Dry,Daylight
2022-07-17T18:17:00.000,I 285,,,Sideswipe-Same Direction,2,Clear,Dry,Daylight
2022-02-25T17:17:00.000,I 16,,,Sideswipe-Same Direction,2,Clear,Dry,Daylight
2022-08-11T16:38:00.000,I 285,,,Sideswipe-Same Direction,2,Cloudy,Dry,Daylight
2022-03-13T16:00:00.000,I-75,,,Rear End,2,Clear,Dry,Daylight
2022-10-16T20:35:00.000,I-75,,,Rear End,2,Clear,Dry,Dark-Lighted
2022-10-01T00:00:00.000,I 75,,,Not a Collision with Motor Vehicle,1,Clear,Dry,Dark-Lighted
2022-10-14T00:01:00.000,I-75,,,Sideswipe-Same Direction,3,Clear,Dry,Dark-Not Lighted
2022-04-09T13:00:00.000,I-75,,,Rear End,3,Clear,Dry,Daylight
2022-10-11T09:20:00.000,I 85,,,Sideswipe-Same Direction,2,Cloudy,Dry,Daylight
2022-07-25T11:51:00.000,I 95,,,Rear End,2,Clear,Dry,Daylight
2022-06-15T15:30:00.000,I 85,,,Not a Collision with Motor Vehicle,1,Clear,Dry,Daylight
2022-05-26T15:47:00.000,I 285,,,Rear End,2,Clear,Dry,Daylight
2022-03-14T13:53:00.000,I 75,,,Rear End,2,Clear,Dry,Daylight
2022-07-13T14:19:00.000,I-75,,,Angle Crash,2,Clear,Dry,Daylight
2022-04-09T05:47:00.000,I 75,,,Sideswipe-Same Direction,2,Clear,Dry,Dark-Lighted
2022-11-06T02:34:00.000,I 85,,,Angle Crash,2,Clear,Dry,Dark-Lighted
2022-12-07T07:39:00.000,I 75,,,Rear End,2,Rain,Wet,Daylight
2022-09-21T05:38:00.000,I-75,,,Sideswipe-Same Direction,2,Clear,Dry,Dark-Lighted
2022-08-01T11:25:00.000,I 285,,,Sideswipe-Same Direction,2,Cloudy,Dry,Daylight
2022-06-17T14:45:00.000,I 75,,,Sideswipe-Same Direction,2,Clear,Dry,Daylight
2022-03-14T18:20:00.000,I-75,,,Sideswipe-Same Direction,2,Clear,Dry,Daylight
2022-07-10T10:22:00.000,I 285,,,Sideswipe-Same Direction,2,Cloudy,Dry,Daylight
2022-02-23T19:32:00.000,I 85,,,Rear End,3,Clear,Dry,Dark-Lighted
2022-03-28T10:13:00.000,I 285,,,Rear End,2,Clear,Dry,Daylight
2022-09-24T17:58:00.000,I 20,,,Rear End,2,Clear,Dry,Daylight
2022-01-02T07:27:00.000,I 75,,,Not a Collision with Motor Vehicle,1,Rain,Wet,Dark-Lighted
2022-04-09T15:00:00.000,I 75,,,Angle Crash,3,Clear,Dry,Daylight
2022-06-03T17:11:00.000,I-75,,,Sideswipe-Same Direction,2,Clear,Dry,Daylight
2022-10-22T12:40:00.000,I 75,,,Angle Crash,2,Clear,Dry,Daylight
2022-02-23T12:15:00.000,I 75,,,Not a Collision with Motor Vehicle,1,Clear,Dry,Daylight
2022-07-08T17:09:00.000,I 20,,,Rear End,2,Clear,Dry,Daylight
2022-12-18T23:32:00.000,I 75,,,Angle Crash,2,Clear,Dry,Dark-Lighted
2022-05-08T12:59:00.000,I 285,,,Angle Crash,2,Clear,Dry,Daylight
2022-06-17T15:36:00.000,I 75,,,Sideswipe-Same Direction,2,Clear,Dry,Daylight
2022-06-05T08:53:00.000,I 95,,,Angle Crash,2,Cloudy,Dry,Daylight
2022-03-18T09:45:00.000,I 16,,,Not a Collision with Motor Vehicle,1,Clear,Dry,Daylight
2022-11-04T14:30:00.000,I 20,,,Angle Crash,2,Clear,Dry,Daylight
2022-03-16T06:40:00.000,I 85,,,Sideswipe-Same Direction,2,Rain,Wet,Dark-Not Lighted
2022-02-24T13:49:00.000,I 285,,,Rear End,2,Clear,Dry,Daylight
2022-11-21T14:49:00.000,I 75,,,Sideswipe-Same Direction,2,Clear,Dry,Daylight
2022-03-11T08:33:00.000,I 20,,,Sideswipe-Same Direction,2,Cloudy,Dry,Daylight
2022-04-14T20:00:00.000,I-75,,,Rear End,3,Cloudy,Dry,Dark-Lighted
2022-06-27T15:19:00.000,I 20,,,Rear End,2,Cloudy,Dry,Daylight
2022-01-28T17:12:00.000,I 285,,,Rear End,2,Clear,Dry,Daylight
2022-05-09T17:45:00.000,I 285,,,Rear End,2,Clear,Dry,Daylight
2022-11-30T06:59:00.000,I 285,,,Rear End,2,Rain,Wet,Dark-Not Lighted
2022-12-20T13:45:00.000,I 285,,,Rear End,2,Rain,Wet,Daylight
2022-10-07T06:51:00.000,I 85,,,Not a Collision with Motor Vehicle,1,Clear,Dry,Dark-Not Lighted
2022-07-14T14:30:00.000,I-75,,,Rear End,2,Clear,Dry,Daylight
2022-12-06T08:39:00.000,I 85,,,Rear End,2,Rain,Wet,Daylight
2022-09-23T19:23:00.000,I 85,,,Not a Collision with Motor Vehicle,1,Clear,Dry,Dusk
2022-04-08T18:20:00.000,I 20,,,Rear End,3,Clear,Dry,Daylight
2022-11-20T12:22:00.000,I-75,,,Sideswipe-Same Direction,2,Cloudy,Dry,Daylight
2022-07-21T11:06:00.000,I 285,,,Not a Collision with Motor Vehicle,1,Rain,Wet,Daylight
2022-05-20T11:17:00.000,I 20,,,Sideswipe-Same Direction,2,Clear,Dry,Daylight
2022-10-25T19:05:00.000,I 20,,,Not a Collision with Motor Vehicle,1,Rain,Wet,Dark-Not Lighted
2022-04-22T23:30:00.000,I-75,,,Sideswipe-Same Direction,2,Clear,Dry,Dark-Lighted
2022-05-20T22:45:00.000,I-75,,,Rear End,2,Clear,Dry,Dark-Not Lighted
2022-08-12T16:45:00.000,I 20,,,Rear End,2,Clear,Dry,Daylight
2022-03-11T20:13:00.000,I-75,,,Rear End,3,Clear,Dry,Dark-Lighted
2022-12-07T21:22:00.000,I 75,,,Not a Collision with Motor Vehicle,1,Cloudy,Wet,Daylight
2022-02-17T06:51:00.000,I 75,,,Not a Collision with Motor Vehicle,18,Clear,Dry,Daylight
2022-03-17T21:28:00.000,I 75,,,Sideswipe-Same Direction,7,Clear,Dry,Dark-Not Lighted
2022-08-26T15:14:00.000,I 285,,,Rear End,2,Clear,Dry,Daylight
2022-07-25T16:03:00.000,I 20,,,Rear End,2,Cloudy,Dry,Daylight
2022-03-23T20:30:00.000,I-75,,,Not a Collision with Motor Vehicle,3,Clear,Dry,Dark-Lighted
2022-07-08T20:25:00.000,I 95,,,Sideswipe-Same Direction,2,Clear,Wet,Dusk
2022-02-12T17:15:00.000,I 75,,,Rear End,2,Clear,Dry,Daylight
2022-09-21T17:31:00.000,I 285,,,Angle Crash,2,Clear,Dry,Daylight
2022-03-23T05:30:00.000,I-75,,,Rear End,4,Rain,Water (standing or moving),Dark-Lighted
2022-07-08T03:08:00.000,I 20,,,Sideswipe-Same Direction,2,Rain,Wet,Daylight
2022-08-29T14:19:00.000,I 75,,,Rear End,2,Clear,Dry,Daylight
2022-10-25T22:07:00.000,I 20,,,Sideswipe-Same Direction,2,Rain,Wet,Dark-Not Lighted
2022-10-15T03:50:00.000,I-75,,,Sideswipe-Same Direction,2,Clear,Dry,Dark-Lighted
2022-10-24T15:49:00.000,I 85,,,Sideswipe-Same Direction,2,Clear,Dry,Daylight
2022-10-13T04:52:00.000,I 20,,,Sideswipe-Same Direction,2,Rain,Wet,Dark-Lighted
2022-08-17T22:00:00.000,I 285,,,Not a Collision with Motor Vehicle,1,Rain,Wet,Dark-Not Lighted
2022-04-13T11:03:00.000,I-75,,,Rear End,2,Clear,Dry,Daylight
2022-01-16T11:29:00.000,I 75,,,Sideswipe-Same Direction,2,Rain,Wet,Daylight
2022-04-23T19:22:00.000,I-75,,,Sideswipe-Same Direction,2,Clear,Dry,Daylight
2022-12-03T13:13:00.000,I-75,,,Rear End,3,Rain,Water (standing or moving),Daylight
2022-05-08T20:20:00.000,I 285,,,Sideswipe-Same Direction,3,Clear,Dry,Dusk
2022-03-19T23:46:00.000,I-75,,,Rear End,3,Clear,Dry,Dark-Lighted
2022-06-13T13:50:00.000,I 85,,,Sideswipe-Same Direction,2,Cloudy,Dry,Daylight
2022-10-08T18:46:00.000,I 20,,,Rear End,2,Clear,Dry,Dark-Lighted
2022-05-14T22:00:00.000,I-75,,,Rear End,2,Clear,Dry,Dark-Lighted
2022-12-12T12:50:00.000,I 285,,,Rear End,2,Clear,Dry,Daylight
2022-09-04T22:14:00.000,I 75,,,Not a Collision with Motor Vehicle,1,Rain,Water (standing or moving),Dark-Not Lighted
2022-08-20T19:20:00.000,I 285,,,Not a Collision with Motor Vehicle,1,Cloudy,Dry,Daylight
2022-04-05T10:30:00.000,I-75,,,Rear End,2,Rain,Water (standing or moving),Daylight
2022-03-21T17:34:00.000,I 285,,,Angle Crash,2,Clear,Dry,Daylight
2022-06-04T20:54:00.000,I 20,,,Not a Collision with Motor Vehicle,1,Clear,Dry,Dark-Lighted
2022-12-29T19:16:00.000,I 75,,,Angle Crash,2,Clear,Dry,Dark-Not Lighted
2022-11-25T22:52:00.000,Sr 140,,,Rear End,2,Clear,Dry,Dark-Not Lighted
2022-08-23T09:29:00.000,I 75,,,Angle Crash,2,Clear,Dry,Daylight
2022-07-28T22:15:00.000,I 285,,,Rear End,2,Clear,Dry,Dark-Not Lighted
2022-11-24T23:30:00.000,I-75,,,Not a Collision with Motor Vehicle,1,Rain,Wet,Dark-Lighted
2022-10-04T17:13:00.000,I 20,,,Rear End,2,Clear,Dry,Daylight
2022-04-13T18:23:00.000,I 20,,,Rear End,2,Clear,Dry,Daylight
2022-03-10T11:25:00.000,I 75,,,Sideswipe-Same Direction,2,Clear,Dry,Daylight
2022-07-09T14:01:00.000,I 16,,,Not a Collision with Motor Vehicle,1,Rain,Wet,Daylight
2022-08-02T15:00:00.000,I-75,,,Sideswipe-Same Direction,2,Clear,Dry,Daylight
2022-01-11T19:30:00.000,I 285,,,Sideswipe-Same Direction,2,Clear,Dry,Dark-Not Lighted
2022-05-09T14:19:00.000,I 75,,,Rear End,2,Clear,Dry,Daylight
2022-11-03T16:11:00.000,I 20,,,Rear End,2,Clear,Dry,Daylight
2022-12-20T12:00:00.000,I 85,,,Sideswipe-Same Direction,2,Rain,Wet,Daylight
2022-11-11T09:48:00.000,I 75,,,Not a Collision with Motor Vehicle,1,Rain,Wet,Daylight
2022-01-21T15:08:00.000,I 285,,,Rear End,2,Cloudy,Dry,Daylight
2022-02-21T15:30:00.000,I 85,,,Not a Collision with Motor Vehicle,1,Rain,Wet,Daylight
2022-12-10T14:28:00.000,I 75,,,Rear End,2,Cloudy,Dry,Daylight
2022-02-20T15:08:00.000,I 285,,,Rear End,2,Clear,Dry,Daylight
2022-10-17T03:10:00.000,I 75,,,Not a Collision with Motor Vehicle,1,Clear,Dry,Dark-Lighted
2022-10-19T23:00:00.000,I-75,,,Angle Crash,2,Clear,Dry,Dark-Not Lighted
2022-04-20T14:00:00.000,I-75,,,Rear End,2,Clear,Dry,Daylight
2022-10-11T15:42:00.000,I 285,,,Sideswipe-Same Direction,2,Clear,Dry,Daylight
2022-05-30T17:32:00.000,I 20,,,Rear End,3,Rain,Wet,Daylight
2022-12-18T01:42:00.000,I 20,,,Rear End,2,Clear,Dry,Dark-Lighted
2022-02-10T13:46:00.000,I 20,,,Rear End,2,Clear,Dry,Daylight
2022-01-07T09:08:00.000,I 20,,,Rear End,2,Clear,Dry,Daylight
2022-09-06T15:40:00.000,I 285,,,Rear End,4,Clear,Dry,Daylight
2022-07-07T13:10:00.000,I 285,,,Sideswipe-Same Direction,2,Clear,Dry,Daylight
2022-09-10T21:34:00.000,I 85,,,Sideswipe-Same Direction,2,Clear,Dry,Dark-Not Lighted
2022-04-28T23:15:00.000,I-75,,,Sideswipe-Same Direction,2,Clear,Dry,Dark-Not Lighted
2022-10-07T16:10:00.000,I-75,,,Rear End,2,Clear,Dry,Daylight
2022-10-14T14:50:00.000,I 75,,,Rear End,2,Clear,Dry,Daylight
2022-07-08T18:53:00.000,I 95,,,Sideswipe-Same Direction,2,Cloudy,Dry,Daylight
2022-07-30T09:29:00.000,I-75,,,Angle Crash,2,Clear,Dry,Daylight
2022-06-13T20:25:00.000,I 75,,,Not a Collision with Motor Vehicle,1,Clear,Dry,Dusk
2022-11-17T09:32:00.000,I 285,,,Sideswipe-Same Direction,2,Clear,Dry,Daylight
2022-05-02T07:40:00.000,I 20,,,Sideswipe-Same Direction,2,Clear,Dry,Daylight
2022-09-22T05:00:00.000,I-75,,,Sideswipe-Same Direction,2,Clear,Dry,Dark-Lighted
2022-11-07T22:40:00.000,I 285,,,Sideswipe-Same Direction,2,Clear,Dry,Dark-Lighted
2022-01-20T10:49:00.000,I 75,,,Rear End,2,Rain,Wet,Daylight
2022-10-07T15:35:00.000,I 75,,,Rear End,2,Clear,Dry,Daylight
2022-03-16T16:08:00.000,I 285,,,Sideswipe-Same Direction,2,Cloudy,Wet,Daylight
2022-03-20T22:30:00.000,I-75,,,Not a Collision with Motor Vehicle,1,Clear,Dry,Dark-Not Lighted
2022-06-24T15:00:00.000,I 20,,,Sideswipe-Same Direction,2,Clear,Dry,Daylight
2022-06-23T10:00:00.000,I 85,,,Rear End,2,Clear,Dry,Daylight
2022-04-04T08:11:00.000,I 20,,,Sideswipe-Same Direction,2,Clear,Dry,Daylight
2022-10-17T09:12:00.000,I 75,,,Rear End,3,Clear,Dry,Daylight
2022-09-24T09:30:00.000,I-75,,,Rear End,4,Clear,Dry,Daylight
2022-01-12T01:00:00.000,I 85,,,Sideswipe-Same Direction,2,Clear,Dry,Dark-Lighted
2022-03-20T20:42:00.000,I 20,,,Sideswipe-Same Direction,2,Clear,Dry,Dark-Lighted
2022-02-07T18:24:00.000,I 85,,,Sideswipe-Same Direction,2,Clear,Dry,Dark-Lighted
2022-12-08T05:55:00.000,I 85,,,Rear End,2,Clear,Dry,Dark-Lighted
2022-06-18T14:00:00.000,I-75,,,Rear End,2,Clear,Dry,Daylight
2022-07-24T10:59:00.000,I 20,,,Not a Collision with Motor Vehicle,1,Clear,Dry,Daylight
2022-12-23T21:15:00.000,I 285,,,Sideswipe-Same Direction,2,Clear,Dry,Dark-Not Lighted
2022-11-07T06:40:00.000,I 85,,,Rear End,2,Cloudy,Dry,Daylight
2022-01-11T00:11:00.000,I 75,,,Not a Collision with Motor Vehicle,1,Clear,Dry,Dark-Not Lighted
2022-09-12T16:45:00.000,I 285,,,Rear End,2,Cloudy,Dry,Daylight
2022-10-18T23:09:00.000,I 85,,,Rear End,2,Clear,Dry,Dark-Lighted
2022-04-18T14:39:00.000,I 285,,,Sideswipe-Same Direction,2,Cloudy,Wet,Daylight
2022-06-29T16:49:00.000,I-75,,,Rear End,2,Clear,Dry,Daylight
2022-09-20T12:24:00.000,I 16,,,Rear End,2,Clear,Dry,Daylight
2022-11-29T21:19:00.000,I 75,,,Not a Collision with Motor Vehicle,1,Rain,Wet,Dark-Not Lighted
2022-11-14T15:15:00.000,I 285,,,Sideswipe-Same Direction,3,Clear,Dry,Daylight
2022-01-13T16:00:00.000,I 20,,,Rear End,2,Clear,Dry,Daylight
2022-02-11T16:45:00.000,I 85,,,Rear End,2,Clear,Dry,Daylight
2022-10-03T08:10:00.000,I 75,,,Rear End,3,Clear,Dry,Daylight
2022-01-14T09:45:00.000,I-75,,,Rear End,2,Clear,Dry,Daylight
2022-02-19T15:10:00.000,I 285,,,Sideswipe-Same Direction,2,Clear,Dry,Daylight
2022-11-04T18:27:00.000,I 285,,,Sideswipe-Same Direction,2,Clear,Dry,Dark-Not Lighted
2022-04-26T00:00:00.000,I 20,,,Not a Collision with Motor Vehicle,1,Clear,Dry,Dark-Not Lighted
2022-10-22T16:47:00.000,I 20,,,Sideswipe-Same Direction,2,Clear,Dry,Daylight
2022-03-27T02:50:00.000,I 285,,,Rear End,2,Clear,Dry,Dark-Not Lighted
2022-11-02T12:05:00.000,I 285,,,Sideswipe-Same Direction,2,Cloudy,Dry,Daylight
2022-06-12T04:20:00.000,I-75,,,Rear End,2,Clear,Dry,Dark-Lighted
2022-09-22T09:20:00.000,I 85,,,Rear End,2,Clear,Dry,Daylight
2022-06-23T01:09:00.000,I 75,,,Sideswipe-Same Direction,2,Clear,Dry,Dark-Not Lighted
2022-10-04T08:40:00.000,I-75,,,Rear End,2,Clear,Dry,Daylight
2022-06-11T00:00:00.000,I 95,,,Rear End,2,Clear,Dry,Daylight
2022-01-20T00:35:00.000,I 285,,,Sideswipe-Opposite Direction,2,Cloudy,Dry,Dark-Lighted
2022-05-02T17:40:00.000,I 75,,,Rear End,2,Clear,Dry,Daylight
2022-09-16T21:37:00.000,I-75,,,Sideswipe-Same Direction,3,Clear,Dry,Dark-Not Lighted
2022-11-28T17:25:00.000,I 20,,,(None),1,(None),(None),(None)
2022-06-07T12:00:00.000,I 75,,,Not a Collision with Motor Vehicle,1,Rain,Wet,Daylight
2022-04-08T14:55:00.000,I 75,,,Sideswipe-Same Direction,2,Cloudy,Dry,Daylight
2022-02-21T08:39:00.000,I 75,,,Not a Collision with Motor Vehicle,2,Clear,Dry,Daylight
2022-03-24T23:30:00.000,I-75,,,Sideswipe-Same Direction,2,Clear,Dry,Dark-Not Lighted
2022-12-15T15:35:00.000,I 85,,,Rear End,2,Clear,Dry,Daylight
2022-04-17T21:02:00.000,I 285,,,Not a Collision with Motor Vehicle,1,Clear,Dry,Dark-Not Lighted
2022-05-11T12:05:00.000,I 75,,,Angle Crash,2,Clear,Dry,Daylight
2022-03-17T17:21:00.000,I 20,,,Rear End,2,Clear,Dry,Daylight
2022-03-27T06:40:00.000,I 285,,,Angle Crash,2,Clear,Dry,Dawn
2022-09-18T11:30:00.000,I-75,,,Rear End,2,Clear,Dry,Daylight
2022-09-08T13:00:00.000,I 75,,,Angle Crash,2,Cloudy,Dry,Daylight
2022-03-20T16:00:00.000,I 20,,,Rear End,2,Clear,Dry,Daylight
2022-11-04T03:09:00.000,I 75,,,Rear End,2,Clear,Dry,Dark-Not Lighted
2022-11-26T01:00:00.000,I 95,,,Sideswipe-Same Direction,2,Clear,Dry,Dark-Not Lighted
2022-10-14T19:07:00.000,I-75,,,Rear End,3,Clear,Dry,Dark-Not Lighted
2022-03-12T23:20:00.000,I-75,,,Not a Collision with Motor Vehicle,1,Clear,Water (standing or moving),Dark-Not Lighted
2022-08-07T17:09:00.000,I 16,,,Rear End,2,Clear,Dry,Daylight
2022-09-10T12:00:00.000,I-75,,,Rear End,2,Cloudy,Dry,Daylight
2022-10-29T21:40:00.000,I 285,,,Sideswipe-Same Direction,2,Clear,Dry,Dark-Lighted
2022-07-30T19:00:00.000,I 285,,,Not a Collision with Motor Vehicle,1,Cloudy,Wet,Daylight
2022-10-24T10:11:00.000,I 16,,,Sideswipe-Same Direction,2,Clear,Dry,Daylight
2022-02-25T16:10:00.000,I 20,,,Rear End,2,Clear,Dry,Daylight
2022-09-05T07:50:00.000,I 75,,,Not a Collision with Motor Vehicle,1,Rain,Wet,Daylight
2022-05-23T14:00:00.000,I 75,,,Rear End,2,Clear,Wet,Daylight
2022-11-11T01:21:00.000,I 20,,,Not a Collision with Motor Vehicle,1,Rain,Wet,Dark-Lighted
2022-05-26T13:00:00.000,I 75,,,Rear End,2,Clear,Dry,Daylight
2022-01-04T18:46:00.000,I 75,,,Rear End,2,Clear,Dry,Dark-Not Lighted
2022-09-28T04:30:00.000,I-75,,,Not a Collision with Motor Vehicle,1,Clear,Dry,Daylight
2022-03-16T21:14:00.000,I-75,,,Rear End,2,Cloudy,Water (standing or moving),Dark-Lighted
2022-09-23T17:37:00.000,I 75,,,Sideswipe-Same Direction,2,Clear,Dry,Daylight
2022-05-25T15:25:00.000,I-75,,,Angle Crash,2,Clear,Dry,Daylight
2022-12-04T16:20:00.000,I 285,,,Rear End,3,Cloudy,Dry,Daylight
2022-11-11T16:11:00.000,I 95,,,Angle Crash,2,Rain,Wet,Dark-Lighted
2022-12-09T06:50:00.000,I 85,,,Sideswipe-Same Direction,3,Fog,Wet,Dark-Lighted
2022-05-13T01:11:00.000,I 20,,,Sideswipe-Same Direction,3,Clear,Dry,Dark-Not Lighted
2022-02-14T10:45:00.000,I 85,,,Rear End,2,Clear,Dry,Daylight
2022-10-28T07:20:00.000,I 285,,,Angle Crash,2,Clear,Dry,Daylight
2022-01-19T08:55:00.000,I 20,,,Rear End,3,Clear,Dry,Daylight
2022-12-16T15:05:00.000,I 285,,,Rear End,2,Clear,Dry,Daylight
2022-09-15T21:00:00.000,I-75,,,Rear End,2,Other,Other,Daylight
2022-03-14T09:56:00.000,I 95,,,Sideswipe-Same Direction,2,Clear,Dry,Daylight
2022-03-28T15:32:00.000,Sr 141,,,Angle Crash,2,Clear,Dry,Daylight
2022-03-08T10:55:00.000,I 285,,,Sideswipe-Same Direction,2,Rain,Wet,Daylight
2022-12-10T17:11:00.000,I 20,,,Sideswipe-Same Direction,2,Clear,Dry,Daylight
2022-04-10T11:28:00.000,I-75,,,Sideswipe-Same Direction,2,Clear,Dry,Daylight
2022-07-16T02:37:00.000,I 20,,,Not a Collision with Motor Vehicle,1,Clear,Dry,Dark-Lighted
2022-09-21T13:33:00.000,I 75,,,Not a Collision with Motor Vehicle,1,Clear,Dry,Daylight
2022-06-12T22:33:00.000,I 75,,,Not a Collision with Motor Vehicle,1,Clear,Dry,Dark-Not Lighted
2022-08-25T21:37:00.000,I-75,,,Rear End,3,Clear,Dry,Dark-Lighted
2022-11-20T00:19:00.000,I 75,,,Not a Collision with Motor Vehicle,1,Cloudy,Dry,Dark-Lighted
2022-11-02T21:10:00.000,I-75,,,Rear End,2,Clear,Dry,Dark-Not Lighted
2022-10-16T14:51:00.000,I 16,,,Sideswipe-Same Direction,2,Clear,Dry,Daylight
2022-09-28T22:30:00.000,I 285,,,Rear End,2,Clear,Dry,Dark-Lighted
2022-12-11T18:34:00.000,I 16,,,Not a Collision with Motor Vehicle,1,Clear,Dry,Daylight
2022-05-27T14:00:00.000,I 85,,,Rear End,2,Clear,Dry,Daylight
2022-11-19T13:20:00.000,I-75,,,Angle Crash,2,Clear,Dry,Daylight