Date and Time,Roadway (From Crash Report),Intersection Name (from Crash Report),KABCO Severity,Manner of Collision (Crash Level) ,# of Vehicles per crash ,Weather Conditions (Crash Level),Surface Condition (Crash Level) ,Light Conditions (Crash Level)
2022-09-07T05:50:00.000,I-75,,,Angle Crash,2,Clear,Dry,Daylight
2022-03-30T16:37:00.000,I 75,,,Rear End,2,Clear,Dry,Daylight
2022-05-01T10:21:00.000,I 75,,,Not a Collision with Motor Vehicle,1,Clear,Dry,Daylight
2022-03-15T21:00:00.000,I 75,,,Sideswipe-Same Direction,2,Rain,Wet,Dark-Not Lighted
2022-11-27T15:45:00.000,I 75,,,Rear End,2,Clear,Dry,Daylight
2022-12-20T14:42:00.000,I 85,,,Sideswipe-Same Direction,2,Cloudy,Wet,Daylight
2022-08-15T20:01:00.000,I 75,,,Not a Collision with Motor Vehicle,1,Rain,Wet,Daylight
2022-04-08T21:51:00.000,I 75,,,Sideswipe-Same Direction,2,Clear,Dry,Dark-Lighted
2022-03-24T18:00:00.000,I 85,,,Rear End,2,Clear,Dry,Daylight
2022-07-23T11:40:00.000,I 75,,,Sideswipe-Same Direction,2,Cloudy,Dry,Daylight
2022-05-31T22:22:00.000,I 75,,,Not a Collision with Motor Vehicle,1,Clear,Dry,Dark-Lighted
2022-11-08T11:45:00.000,I 75,,,Rear End,2,Clear,Dry,Daylight
2022-07-02T14:50:00.000,I 75,,,Rear End,3,Clear,Dry,Daylight
2022-05-04T22:20:00.000,I 16,,,Not a Collision with Motor Vehicle,1,Clear,Dry,Dark-Lighted
2022-08-21T22:30:00.000,I 285,,,Sideswipe-Same Direction,2,Clear,Dry,Dark-Not Lighted
2022-06-14T16:05:00.000,I 85,,,Sideswipe-Same Direction,2,Clear,Dry,Daylight
2022-11-09T08:27:00.000,I 75,,,Rear End,2,Clear,Dry,Daylight
2022-08-18T16:00:00.000,I 20,,,Sideswipe-Same Direction,2,Clear,Dry,Daylight
2022-01-06T21:25:00.000,I-75,,,Sideswipe-Same Direction,2,Clear,Dry,Dark-Lighted
2022-02-03T16:15:00.000,I 285,,,Not a Collision with Motor Vehicle,1,Rain,Wet,Daylight
2022-07-29T12:55:00.000,I 16,,,Rear End,2,Cloudy,Dry,Daylight
2022-12-16T11:44:00.000,I 285,,,Angle Crash,2,Clear,Dry,Daylight
2022-10-03T15:10:00.000,I 285,,,Rear End,2,Clear,Dry,Daylight
2022-07-14T16:48:00.000,I 20,,,Angle Crash,2,Clear,Dry,Daylight
2022-10-15T10:50:00.000,I-75,,,Rear End,3,Clear,Dry,Daylight
2022-09-20T14:47:00.000,I 20,,,Sideswipe-Same Direction,2,Clear,Dry,Daylight
2022-03-11T15:15:00.000,I 285,,,Rear End,2,Cloudy,Dry,Daylight
2022-07-30T04:30:00.000,I-75,,,Not a Collision with Motor Vehicle,1,Snow,Wet,Dark-Not Lighted
2022-03-14T10:18:00.000,I 285,,,Sideswipe-Same Direction,2,Clear,Dry,Daylight
2022-03-09T15:37:00.000,I-75,,,Sideswipe-Same Direction,2,Clear,Dry,Daylight
2022-02-27T05:45:00.000,I 75,,,Rear End,2,Rain,Wet,Dark-Not Lighted
2022-02-24T17:40:00.000,I 285,,,Sideswipe-Same Direction,2,Clear,Dry,Dark-Not Lighted
2022-08-07T14:00:00.000,I-75,,,Rear End,2,Clear,Dry,Daylight
2022-02-23T05:20:00.000,I 95,,,Rear End,2,Cloudy,Dry,Dark-Not Lighted
2022-11-13T14:07:00.000,I 285,,,Rear End,2,Clear,Dry,Daylight
2022-05-07T21:22:00.000,I 75,,,Rear End,2,Clear,Dry,Dark-Not Lighted
2022-02-20T15:52:00.000,I 85,,,Sideswipe-Same Direction,2,Clear,Dry,Daylight
2022-07-19T07:37:00.000,I 16,,,Not a Collision with Motor Vehicle,1,Clear,Dry,Daylight
2022-01-06T07:55:00.000,I 285,,,Sideswipe-Same Direction,2,Clear,Dry,Daylight
2022-10-07T18:36:00.000,I 285,,,Angle Crash,2,Clear,Dry,Dark-Not Lighted
2022-07-31T15:03:00.000,I 285,,,Rear End,2,Clear,Dry,Daylight
2022-11-20T23:00:00.000,I-75,,,Sideswipe-Same Direction,2,Clear,Dry,Dark-Lighted
2022-04-06T16:57:00.000,I 20,,,Not a Collision with Motor Vehicle,1,Rain,Wet,Daylight
2022-07-19T10:39:00.000,I 75,,,Rear End,2,Cloudy,Dry,Daylight
2022-11-30T05:00:00.000,I-75,,,Not a Collision with Motor Vehicle,1,Rain,Water (standing or moving),Dark-Lighted
2022-12-25T07:05:00.000,I-75,,,Not a Collision with Motor Vehicle,1,Clear,Dry,Daylight
2022-04-28T11:05:00.000,I 85,,,Rear End,3,Clear,Dry,Daylight
2022-02-17T23:05:00.000,I 285,,,Not a Collision with Motor Vehicle,1,Rain,Water (standing or moving),Dark-Not Lighted
2022-11-14T00:00:00.000,I 16,,,Sideswipe-Same Direction,2,Clear,Dry,Daylight
2022-09-17T12:05:00.000,I 75,,,Not a Collision with Motor Vehicle,1,Clear,Dry,Daylight
2022-04-28T18:21:00.000,I 285,,,Rear End,2,Clear,Dry,Daylight
2022-04-05T11:53:00.000,I 75,,,Not a Collision with Motor Vehicle,1,Rain,Wet,Daylight
2022-09-02T21:00:00.000,I 75,,,Rear End,2,Cloudy,Dry,Dark-Not Lighted
2022-05-25T15:15:00.000,I-75,,,Sideswipe-Same Direction,2,Cloudy,Dry,Daylight
2022-02-09T14:25:00.000,I 85,,,Not a Collision with Motor Vehicle,1,Clear,Dry,Daylight
2022-07-24T03:05:00.000,I 85,,,Sideswipe-Same Direction,2,Clear,Dry,Dark-Not Lighted
2022-09-24T15:40:00.000,I-75,,,Rear End,2,Clear,Dry,Daylight
2022-07-29T13:10:00.000,I 16,,,Rear End,2,Clear,Dry,Daylight
2022-11-13T01:00:00.000,I-75,,,Sideswipe-Same Direction,2,Clear,Dry,Dark-Lighted
2022-11-24T01:22:00.000,I-75,,,Sideswipe-Same Direction,2,Clear,Dry,Dark-Lighted
2022-05-09T08:20:00.000,I 85,,,Rear End,3,Cloudy,Dry,Daylight
2022-03-31T13:20:00.000,I 20,,,Sideswipe-Same Direction,2,Cloudy,Dry,Daylight
2022-03-05T21:45:00.000,I-75,,,Rear End,4,Clear,Dry,Dark-Not Lighted
2022-05-02T17:01:00.000,I 75,,,Not a Collision with Motor Vehicle,1,Rain,Water (standing or moving),Daylight
2022-03-09T19:30:00.000,I 95,,,Sideswipe-Same Direction,2,Clear,Dry,Dark-Lighted
2022-03-28T19:52:00.000,I-75,,,Rear End,4,Clear,Dry,Dark-Lighted
2022-10-23T23:33:00.000,I-75,,,Sideswipe-Same Direction,2,Clear,Dry,Dusk
2022-02-04T12:11:00.000,I 20,,,Rear End,2,Rain,Wet,Daylight
2022-02-09T08:35:00.000,I 285,,,Sideswipe-Same Direction,2,Clear,Dry,Daylight
2022-05-22T15:05:00.000,I 285,,,Sideswipe-Same Direction,2,Clear,Dry,Daylight
2022-12-05T11:54:00.000,I-75,,,Rear End,2,Rain,Wet,Daylight
2022-07-22T02:05:00.000,I 16,,,Head On,1,Clear,Dry,Dark-Not Lighted
2022-09-06T07:02:00.000,I 20,,,Rear End,2,Cloudy,Wet,Dawn
2022-03-12T02:30:00.000,I-75,,,Sideswipe-Same Direction,2,Rain,Wet,Dark-Lighted
2022-03-15T19:34:00.000,I 75,,,Rear End,2,Rain,Wet,Dark-Not Lighted
2022-02-12T08:30:00.000,I 285,,,Sideswipe-Same Direction,2,Clear,Dry,Daylight
2022-10-14T17:10:00.000,I 285,,,Rear End,2,Clear,Dry,Daylight
2022-10-17T08:25:00.000,I 75,,,Rear End,2,Clear,Dry,Daylight
2022-10-31T07:00:00.000,I 75,,,Sideswipe-Same Direction,2,Rain,Wet,Dark-Not Lighted
2022-10-22T14:24:00.000,I-75,,,Rear End,3,Clear,Dry,Daylight
2022-09-12T09:30:00.000,I 75,,,Rear End,2,Clear,Dry,Daylight
2022-12-03T04:36:00.000,I 20,,,Not a Collision with Motor Vehicle,1,Clear,Dry,Dark-Not Lighted
2022-09-07T07:15:00.000,I 20,,,Angle Crash,2,Clear,Dry,Dawn
2022-11-15T05:00:00.000,I 75,,,Not a Collision with Motor Vehicle,1,Rain,Water (standing or moving),Dark-Lighted
2022-09-21T01:23:00.000,I 85,,,Rear End,2,Clear,Dry,Dark-Lighted
2022-07-27T15:26:00.000,I 285,,,Rear End,2,Clear,Dry,Daylight
2022-11-27T13:19:00.000,I 75,,,Rear End,2,Clear,Dry,Daylight
2022-06-11T20:00:00.000,I 95,,,Sideswipe-Same Direction,2,Clear,Dry,Dark-Lighted
2022-03-02T18:45:00.000,I-75,,,Rear End,2,Clear,Dry,Dark-Lighted
2022-11-13T05:05:00.000,I 285,,,Not a Collision with Motor Vehicle,1,Clear,Dry,Dark-Not Lighted
2022-07-02T14:50:00.000,I 285,,,Not a Collision with Motor Vehicle,1,Clear,Dry,Daylight
2022-12-19T06:02:00.000,I 20,,,Rear End,2,Clear,Ice/Frost,Daylight
2022-11-27T05:50:00.000,I 285,,,Not a Collision with Motor Vehicle,1,Rain,Wet,Dark-Lighted
2022-03-25T14:16:00.000,I 75,,,Not a Collision with Motor Vehicle,2,Clear,Dry,Daylight
2022-03-20T16:55:00.000,I 20,,,Rear End,2,Clear,Dry,Daylight
2022-03-17T14:10:00.000,I 285,,,Rear End,2,Clear,Dry,Daylight
2022-09-19T16:11:00.000,I 75,,,Sideswipe-Same Direction,2,Clear,Dry,Daylight
2022-01-10T07:04:00.000,I 20,,,Rear End,2,Clear,Dry,Dawn
2022-06-23T12:41:00.000,I 285,,,Sideswipe-Same Direction,2,Clear,Dry,Daylight
2022-08-13T12:30:00.000,I-75,,,Rear End,2,Cloudy,Dry,Daylight
2022-03-05T11:50:00.000,I 285,,,Sideswipe-Same Direction,2,Clear,Dry,Daylight
2022-12-03T14:23:00.000,I 285,,,Rear End,2,Cloudy,Wet,Daylight
2022-07-21T17:10:00.000,I 95,,,Not a Collision with Motor Vehicle,1,Cloudy,Dry,Daylight
2022-04-14T15:49:00.000,I 285,,,Sideswipe-Same Direction,3,Clear,Dry,Daylight
2022-02-27T18:43:00.000,I 95,,,Sideswipe-Same Direction,2,Cloudy,Dry,Dark-Not Lighted
2022-07-15T23:57:00.000,I 85,,,Not a Collision with Motor Vehicle,1,Clear,Dry,Dark-Not Lighted
2022-05-01T06:35:00.000,I 16,,,Not a Collision with Motor Vehicle,1,Clear,Dry,Daylight
2022-04-12T10:06:00.000,I 285,,,Sideswipe-Same Direction,2,Cloudy,Dry,Daylight
2022-02-11T20:51:00.000,I-75,,,Rear End,2,Clear,Dry,Dark-Lighted
2022-01-07T13:04:00.000,I 20,,,Sideswipe-Same Direction,2,Clear,Dry,Daylight
2022-11-04T19:17:00.000,I 285,,,Rear End,2,Clear,Dry,Dark-Lighted
2022-05-11T15:25:00.000,I 75,,,Angle Crash,2,Clear,Dry,Daylight
2022-02-08T14:29:00.000,I 75,,,Not a Collision with Motor Vehicle,4,Clear,Dry,Daylight
2022-08-22T23:00:00.000,I-75,,,Sideswipe-Same Direction,2,Clear,Dry,Dark-Not Lighted
2022-11-06T22:45:00.000,I-75,,,Sideswipe-Same Direction,2,Clear,Dry,Dark-Lighted
2022-12-15T00:02:00.000,I 20,,,Not a Collision with Motor Vehicle,2,Rain,Wet,Dark-Not Lighted
2022-03-10T12:29:00.000,I 95,,,Angle Crash,2,Clear,Dry,Daylight
2022-02-03T07:53:00.000,I-75,,,Not a Collision with Motor Vehicle,1,Rain,Wet,Dusk
2022-08-17T15:27:00.000,I 285,,,Sideswipe-Same Direction,2,Cloudy,Dry,Daylight
2022-03-16T06:07:00.000,I 20,,,Angle Crash,2,Rain,Wet,Dark-Lighted
2022-07-26T22:21:00.000,I 95,,,Sideswipe-Same Direction,2,Clear,Dry,Dark-Not Lighted
2022-08-28T06:20:00.000,I-75,,,Sideswipe-Same Direction,2,Clear,Dry,Daylight
2022-08-25T19:05:00.000,I 20,,,Sideswipe-Same Direction,2,Cloudy,Dry,Daylight
2022-05-19T05:46:00.000,I 20,,,Rear End,2,Clear,Dry,Dark-Lighted
2022-01-30T14:44:00.000,I 20,,,Rear End,2,Clear,Dry,Daylight
2022-06-08T09:56:00.000,I 75,,,Not a Collision with Motor Vehicle,2,Cloudy,Dry,Daylight
2022-03-22T18:20:00.000,I 285,,,Sideswipe-Same Direction,2,Clear,Dry,Daylight
2022-07-04T01:28:00.000,I 20,,,Not a Collision with Motor Vehicle,1,Cloudy,Dry,Dark-Not Lighted
2022-08-23T06:20:00.000,I 16,,,Sideswipe-Same Direction,2,Rain,Wet,Dark-Not Lighted
2022-06-04T21:42:00.000,I 285,,,Rear End,2,Cloudy,Dry,Daylight
2022-11-01T17:40:00.000,I 75,,,Not a Collision with Motor Vehicle,2,Clear,Dry,Daylight
2022-06-01T08:22:00.000,I 85,,,Sideswipe-Same Direction,2,Clear,Dry,Daylight
2022-08-21T10:00:00.000,I 16,,,(None),2,(None),(None),(None)
2022-10-06T18:06:00.000,I 285,,,Rear End,2,Clear,Dry,Daylight
2022-03-09T09:47:00.000,I-75,,,Angle Crash,4,Rain,Wet,Daylight
2022-05-28T12:15:00.000,I 75,,,Rear End,2,Clear,Dry,Daylight
2022-09-15T21:12:00.000,I 16,,,Not a Collision with Motor Vehicle,1,Clear,Dry,Dark-Not Lighted
2022-10-12T00:00:00.000,I 285,,,Rear End,2,Rain,Wet,Dark-Lighted
2022-08-12T11:20:00.000,I 285,,,Not a Collision with Motor Vehicle,1,Cloudy,Dry,Daylight
2022-11-20T20:00:00.000,I-75,,,Rear End,2,Clear,Dry,Dark-Lighted
2022-09-29T18:45:00.000,I 285,,,Sideswipe-Same Direction,2,Clear,Dry,Daylight
2022-12-06T07:45:00.000,I 75,,,Sideswipe-Same Direction,2,Cloudy,Wet,Daylight
2022-11-25T20:50:00.000,I-75,,,Angle Crash,2,Cloudy,Dry,Dark-Lighted
2022-07-14T23:00:00.000,I-75,,,Sideswipe-Same Direction,2,Cloudy,Dry,Dark-Not Lighted
2022-11-13T14:10:00.000,I 75,,,Rear End,3,Clear,Dry,Daylight
2022-04-08T15:39:00.000,I 16,,,Rear End,3,Clear,Dry,Daylight
2022-11-29T21:30:00.000,I 75,,,Not a Collision with Motor Vehicle,1,Rain,Wet,Dark-Not Lighted
2022-03-19T18:34:00.000,I 285,,,Rear End,3,Clear,Dry,Daylight
2022-02-03T12:20:00.000,I 75,,,Rear End,2,Rain,Wet,Daylight
2022-01-18T19:32:00.000,I-75,,,Rear End,2,Clear,Dry,Dark-Lighted
2022-08-27T23:30:00.000,I-75,,,Rear End,2,Clear,Dry,Dark-Lighted
2022-01-19T16:51:00.000,I-75,,,Rear End,2,Clear,Dry,Daylight
2022-04-07T01:30:00.000,I-75,,,Sideswipe-Same Direction,2,Rain,Wet,Dark-Not Lighted
2022-08-09T21:19:00.000,I 285,,,Sideswipe-Same Direction,2,Rain,Wet,Dark-Not Lighted
2022-02-15T10:18:00.000,I 75,,,Rear End,2,Clear,Dry,Daylight
2022-12-21T17:41:00.000,I 285,,,Rear End,2,Clear,Dry,Dusk
2022-08-03T09:47:00.000,I-75,,,Rear End,2,Cloudy,Wet,Daylight
2022-10-02T02:22:00.000,I 85,,,Rear End,2,Clear,Dry,Dark-Lighted
2022-09-04T16:00:00.000,I-75,,,Rear End,2,Rain,Wet,Daylight
2022-08-13T23:00:00.000,I-75,,,Rear End,2,Clear,Dry,Dark-Lighted
2022-11-30T00:00:00.000,I 285,,,Sideswipe-Same Direction,2,Rain,Wet,Dark-Not Lighted
2022-11-20T00:18:00.000,I 75,,,Rear End,2,Clear,Dry,Dark-Not Lighted
2022-06-04T07:10:00.000,I 75,,,Rear End,2,Clear,Dry,Daylight
2022-01-17T20:26:00.000,I 75,,,Sideswipe-Same Direction,2,Cloudy,Dry,Dark-Not Lighted
2022-09-26T22:39:00.000,I 285,,,Not a Collision with Motor Vehicle,1,Clear,Dry,Dark-Lighted
2022-12-23T15:04:00.000,I 85,,,Rear End,3,Clear,Dry,Daylight
2022-11-01T11:30:00.000,I 20,,,Rear End,2,Clear,Dry,Daylight
2022-11-20T00:42:00.000,I 285,,,Rear End,2,Cloudy,Dry,Dark-Not Lighted
2022-10-01T17:02:00.000,I 285,,,Rear End,2,Clear,Dry,Daylight
2022-10-28T06:28:00.000,I 16,,,Sideswipe-Same Direction,2,Clear,Dry,Dark-Not Lighted
2022-07-27T18:01:00.000,I 16,,,(None),1,(None),(None),(None)
2022-07-13T15:50:00.000,I 75,,,Sideswipe-Same Direction,2,Cloudy,Dry,Daylight
2022-07-28T11:00:00.000,I 75,,,Sideswipe-Same Direction,3,Clear,Dry,Daylight
2022-11-19T21:00:00.000,I-75,,,Sideswipe-Same Direction,2,Clear,Dry,Dark-Lighted
2022-08-15T21:33:00.000,I 285,,,Rear End,2,Rain,Wet,Dark-Not Lighted
2022-10-20T19:45:00.000,I 75,,,Not a Collision with Motor Vehicle,1,Clear,Dry,Dark-Lighted
2022-05-20T09:02:00.000,I 20,,,Sideswipe-Same Direction,2,Clear,Dry,Daylight
2022-12-17T03:13:00.000,I 75,,,Rear End,2,Clear,Dry,Dark-Not Lighted
2022-02-03T09:25:00.000,I 75,,,Sideswipe-Same Direction,2,Rain,Wet,Daylight
2022-01-09T16:39:00.000,I 85,,,Not a Collision with Motor Vehicle,1,Rain,Wet,Daylight
2022-12-04T23:30:00.000,I 75,,,Not a Collision with Motor Vehicle,1,Clear,Dry,Dark-Not Lighted
2022-07-23T16:28:00.000,I 20,,,Sideswipe-Same Direction,2,Clear,Dry,Daylight
2022-05-12T18:20:00.000,I 85,,,Sideswipe-Same Direction,2,Clear,Dry,Daylight
2022-07-02T22:25:00.000,I 75,,,Sideswipe-Same Direction,2,Clear,Dry,Dark-Not Lighted
2022-01-01T05:31:00.000,I-75,,,Sideswipe-Same Direction,4,Clear,Dry,Dark-Lighted
2022-09-23T06:00:00.000,I 285,,,Rear End,4,Clear,Dry,Dark-Not Lighted
2022-04-05T16:44:00.000,I 20,,,Not a Collision with Motor Vehicle,1,Rain,Water (standing or moving),Daylight
2022-04-01T09:45:00.000,I 20,,,Sideswipe-Same Direction,2,Clear,Dry,Daylight
2022-01-20T00:38:00.000,I 75,,,Angle Crash,2,Clear,Dry,Dark-Lighted
2022-07-14T14:22:00.000,I 16,,,Rear End,4,Cloudy,Dry,Daylight
2022-07-05T13:13:00.000,I 75,,,Rear End,2,Clear,Dry,Daylight
2022-04-05T10:48:00.000,I 285,,,Rear End,4,Rain,Wet,Dark-Lighted
2022-07-06T08:18:00.000,I-75,,,Sideswipe-Same Direction,2,Clear,Dry,Daylight
2022-12-26T00:05:00.000,I 20,,,Sideswipe-Same Direction,2,Clear,Dry,Dark-Not Lighted
2022-04-17T16:30:00.000,I 75,,,Not a Collision with Motor Vehicle,1,Rain,Wet,Daylight
2022-01-21T10:16:00.000,I 75,,,Sideswipe-Same Direction,2,Rain,Wet,Daylight
2022-04-17T00:15:00.000,I-75,,,Sideswipe-Same Direction,2,Clear,Dry,Dark-Lighted
2022-04-02T00:20:00.000,I-75,,,Not a Collision with Motor Vehicle,1,Clear,Dry,Dark-Lighted
2022-05-02T21:00:00.000,I 285,,,Rear End,2,Clear,Dry,Daylight
2022-04-30T13:42:00.000,I 75,,,Sideswipe-Same Direction,2,Clear,Dry,Daylight
2022-05-13T02:42:00.000,I 285,,,Not a Collision with Motor Vehicle,1,Clear,Dry,Dark-Lighted
2022-02-26T08:27:00.000,I 285,,,Sideswipe-Same Direction,2,Clear,Dry,Daylight
2022-11-17T06:27:00.000,I 85,,,Sideswipe-Same Direction,2,Clear,Dry,Dark-Not Lighted
2022-03-18T13:14:00.000,I 20,,,Angle Crash,4,Rain,Wet,Daylight
2022-06-01T16:14:00.000,I-75,,,Angle Crash,2,Clear,Dry,Daylight
2022-02-03T08:04:00.000,I-75,,,Rear End,2,Cloudy,Dry,Daylight
2022-01-07T05:27:00.000,I 85,,,Sideswipe-Same Direction,3,Clear,Dry,Dark-Not Lighted
2022-10-16T11:14:00.000,I 20,,,Angle Crash,2,Clear,Dry,Dawn
2022-06-20T05:37:00.000,I-75,,,Rear End,2,Clear,Dry,Daylight
2022-08-20T23:14:00.000,I 85,,,Not a Collision with Motor Vehicle,1,Rain,Wet,Dark-Not Lighted
2022-01-21T19:35:00.000,I-75,,,Sideswipe-Same Direction,2,Cloudy,Dry,Dark-Lighted
2022-10-30T19:38:00.000,I-75,,,Not a Collision with Motor Vehicle,1,Clear,Dry,Dark-Lighted
2022-11-08T18:42:00.000,I 85,,,Rear End,2,Clear,Dry,Dark-Lighted
2022-09-24T18:50:00.000,I 285,,,Rear End,2,Clear,Dry,Daylight
2022-12-11T06:22:00.000,I 16,,,Not a Collision with Motor Vehicle,1,Clear,Dry,Dark-Not Lighted
2022-05-08T16:04:00.000,I 85,,,Rear End,2,Clear,Dry,Daylight
2022-06-13T13:11:00.000,I 75,,,Sideswipe-Same Direction,2,Clear,Dry,Daylight
2022-01-05T06:52:00.000,I 20,,,Rear End,2,Clear,Dry,Dark-Not Lighted
2022-09-06T18:10:00.000,I 20,,,Rear End,2,Clear,Dry,Daylight
2022-02-26T04:23:00.000,I 85,,,Angle Crash,2,Clear,Dry,Daylight
2022-03-08T17:51:00.000,I 95,,,Rear End,2,Cloudy,Dry,Daylight
2022-09-05T02:30:00.000,I 285,,,Sideswipe-Same Direction,2,Cloudy,Wet,Dark-Lighted
2022-11-06T21:54:00.000,I 85,,,Sideswipe-Same Direction,2,Clear,Dry,Dark-Not Lighted
2022-12-17T07:55:00.000,I 20,,,Sideswipe-Same Direction,2,Clear,Dry,Daylight
2022-01-28T17:15:00.000,I 85,,,Angle Crash,2,Clear,Dry,Daylight
2022-08-28T22:00:00.000,I 285,,,Rear End,2,Clear,Dry,Dark-Not Lighted
2022-11-30T08:00:00.000,I-75,,,Sideswipe-Same Direction,2,Rain,Water (standing or moving),Daylight
2022-07-12T17:44:00.000,I 285,,,Rear End,2,Clear,Dry,Daylight
2022-06-29T09:00:00.000,I 85,,,Not a Collision with Motor Vehicle,1,Cloudy,Dry,Daylight
2022-12-31T21:55:00.000,I-75,,,Sideswipe-Same Direction,2,Clear,Dry,Dark-Not Lighted
2022-10-13T17:07:00.000,I 16,,,Rear End,3,Clear,Dry,Daylight
2022-01-13T11:31:00.000,I 285,,,Angle Crash,2,Clear,Dry,Daylight
2022-01-18T06:40:00.000,I 75,,,Sideswipe-Same Direction,2,Clear,Dry,Daylight
2022-01-03T02:14:00.000,I 16,,,Not a Collision with Motor Vehicle,1,Rain,Wet,Dark-Not Lighted
2022-10-16T16:03:00.000,I-75,,,Rear End,2,Clear,Dry,Daylight
2022-04-09T22:15:00.000,I-75,,,Rear End,2,Clear,Dry,Dark-Lighted
2022-12-05T16:22:00.000,I 75,,,Not a Collision with Motor Vehicle,1,Rain,Wet,Daylight
2022-08-10T08:30:00.000,I-75,,,Rear End,2,Cloudy,Wet,Daylight
2022-10-11T06:00:00.000,I 285,,,Sideswipe-Opposite Direction,2,Clear,Dry,Daylight
2022-03-13T14:30:00.000,I-75,,,Rear End,2,Clear,Dry,Daylight
2022-09-14T15:23:00.000,I-75,,,Angle Crash,3,Clear,Dry,Daylight
2022-07-17T12:12:00.000,I 75,,,Angle Crash,3,Clear,Dry,Daylight
2022-11-25T12:12:00.000,I 95,,,Not a Collision with Motor Vehicle,1,Rain,Wet,Daylight
2022-12-11T12:51:00.000,I 85,,,Sideswipe-Same Direction,2,Rain,Wet,Daylight
2022-06-14T16:55:00.000,I 285,,,Rear End,2,Clear,Dry,Daylight
2022-05-14T22:40:00.000,I 285,,,Rear End,2,Clear,Dry,Dark-Not Lighted
2022-11-22T08:20:00.000,I 285,,,Rear End,3,Cloudy,Dry,Daylight
2022-07-06T07:33:00.000,I 85,,,Sideswipe-Same Direction,2,Clear,Dry,Daylight
2022-04-06T16:02:00.000,I 75,,,Rear End,2,Rain,Wet,Daylight
2022-10-05T12:59:00.000,I 85,,,Angle Crash,2,Clear,Dry,Daylight
2022-09-15T06:29:00.000,I-75,,,Sideswipe-Same Direction,2,Clear,Dry,Dark-Not Lighted
2022-03-12T01:00:00.000,I-75,,,Not a Collision with Motor Vehicle,1,Rain,Water (standing or moving),Dark-Lighted
2022-08-22T14:29:00.000,I 75,,,Not a Collision with Motor Vehicle,1,Rain,Wet,Daylight
2022-07-13T21:15:00.000,I 75,,,Not a Collision with Motor Vehicle,1,Rain,Wet,Dark-Not Lighted
2022-09-16T05:10:00.000,I 75,,,Sideswipe-Same Direction,2,Clear,Dry,Dark-Lighted
2022-06-15T15:00:00.000,I 20,,,Not a Collision with Motor Vehicle,1,Clear,Dry,Daylight
2022-12-12T14:40:00.000,I 95,,,Rear End,2,Clear,Dry,Daylight
2022-04-28T15:52:00.000,I 75,,,Not a Collision with Motor Vehicle,1,Clear,Dry,Daylight
2022-04-16T07:58:00.000,I 285,,,Not a Collision with Motor Vehicle,2,Clear,Wet,Daylight
2022-08-10T11:11:00.000,I-75,,,Rear End,2,Clear,Dry,Daylight
2022-10-31T19:20:00.000,I 85,,,Sideswipe-Same Direction,3,Clear,Dry,Dark-Lighted
2022-02-28T11:41:00.000,I 85,,,Rear End,3,Clear,Dry,Daylight
2022-05-10T16:55:00.000,I 75,,,Rear End,2,Clear,Dry,Daylight
2022-06-09T07:43:00.000,I 285,,,Sideswipe-Same Direction,2,Cloudy,Dry,Daylight
2022-09-08T14:00:00.000,I 20,,,Rear End,3,Cloudy,Dry,Daylight
2022-09-10T07:17:00.000,I 95,,,Angle Crash,2,Fog,Dry,Daylight
2022-09-21T18:10:00.000,I 20,,,Rear End,2,Clear,Dry,Daylight
2022-01-18T11:03:00.000,I 75,,,Rear End,2,Clear,Dry,Daylight
2022-08-16T22:48:00.000,I-75,,,Rear End,4,Clear,Dry,Dawn
2022-12-10T19:30:00.000,I-75,,,Rear End,2,Clear,Dry,Dark-Lighted
2022-03-10T04:55:00.000,I-75,,,Rear End,2,Clear,Dry,Dark-Lighted
2022-07-02T16:30:00.000,I-75,,,Rear End,3,Clear,Dry,Daylight
2022-08-21T02:58:00.000,I 285,,,Not a Collision with Motor Vehicle,1,Cloudy,Wet,Dark-Lighted
2022-10-25T15:50:00.000,I 75,,,Sideswipe-Same Direction,2,Clear,Dry,Daylight
2022-01-08T23:25:00.000,I-75,,,Rear End,2,Clear,Dry,Dark-Lighted
2022-03-25T22:29:00.000,I 75,,,Sideswipe-Same Direction,2,Clear,Dry,Dark-Not Lighted
2022-11-13T01:18:00.000,I 75,,,Head On,3,Clear,Dry,Dark-Not Lighted
2022-07-06T14:06:00.000,I 16,,,Not a Collision with Motor Vehicle,1,Rain,Wet,Daylight
2022-05-19T21:55:00.000,I 75,,,Angle Crash,2,Clear,Dry,Dark-Lighted
2022-08-27T14:21:00.000,I 75,,,Not a Collision with Motor Vehicle,1,Rain,Wet,Daylight
2022-09-04T18:20:00.000,I-75,,,Rear End,2,Cloudy,Wet,Daylight
2022-09-20T16:22:00.000,I 285,,,Sideswipe-Same Direction,2,Clear,Dry,Daylight
2022-07-06T10:44:00.000,I 20,,,Not a Collision with Motor Vehicle,1,Clear,Dry,Daylight
2022-02-12T13:10:00.000,I 285,,,Sideswipe-Same Direction,2,Clear,Dry,Daylight
2022-12-29T00:45:00.000,I 75,,,Rear End,2,Clear,Dry,Dark-Lighted
2022-02-17T22:00:00.000,I-75,,,Angle Crash,2,Rain,Wet,Dark-Lighted
2022-04-15T11:48:00.000,I 75,,,Rear End,2,Clear,Dry,Daylight
2022-05-07T21:50:00.000,I-75,,,Rear End,2,Clear,Dry,Dark-Lighted
2022-08-25T13:35:00.000,I 75,,,Rear End,2,Clear,Dry,Daylight