Date and Time,Roadway (From Crash Report),Intersection Name (from Crash Report),KABCO Severity,Manner of Collision (Crash Level) ,# of Vehicles per crash ,Weather Conditions (Crash Level),Surface Condition (Crash Level) ,Light Conditions (Crash Level)
2022-12-15T23:40:00.000,I-75,,,Rear End,2,Clear,Dry,Dark-Lighted
2022-11-19T18:44:00.000,I 85,,,Sideswipe-Same Direction,2,Clear,Dry,Dark-Not Lighted
2022-01-23T10:37:00.000,I 75,,,Not a Collision with Motor Vehicle,1,Clear,Dry,Daylight
2022-05-04T04:50:00.000,I 85,,,Sideswipe-Opposite Direction,3,Rain,Wet,Dawn
2022-11-11T06:40:00.000,I 75,,,Not a Collision with Motor Vehicle,1,Rain,Water (standing or moving),Dark-Not Lighted
2022-05-14T20:11:00.000,I-75,,,Angle Crash,2,Clear,Dry,Daylight
2022-11-28T23:30:00.000,I-75,,,Angle Crash,2,Clear,Dry,Dark-Lighted
2022-08-25T17:45:00.000,I 285,,,Rear End,2,Clear,Dry,Daylight
2022-09-04T21:58:00.000,I 16,,,Not a Collision with Motor Vehicle,1,Rain,Wet,Dark-Not Lighted
2022-05-07T23:24:00.000,I-75,,,Sideswipe-Same Direction,2,Clear,Dry,Dark-Lighted
2022-12-27T01:30:00.000,I 75,,,Not a Collision with Motor Vehicle,1,Rain,Wet,Dark-Lighted
2022-07-07T00:37:00.000,I 285,,,Angle Crash,2,Rain,Wet,Dark-Lighted
2022-05-23T10:13:00.000,I 85,,,Sideswipe-Same Direction,2,Rain,Wet,Daylight
2022-03-05T00:00:00.000,I 20,,,Sideswipe-Same Direction,2,Clear,Dry,Daylight
2022-06-27T22:51:00.000,I-75,,,Rear End,2,Clear,Wet,Dark-Lighted
2022-09-29T12:45:00.000,I 285,,,Sideswipe-Same Direction,2,Clear,Dry,Daylight
2022-06-14T03:41:00.000,I 85,,,Sideswipe-Same Direction,2,Clear,Dry,Dark-Lighted
2022-11-30T13:02:00.000,I 20,,,Not a Collision with Motor Vehicle,1,Cloudy,Dry,Daylight
2022-08-21T08:00:00.000,I-75,,,Sideswipe-Same Direction,2,Cloudy,Dry,Daylight
2022-06-18T23:36:00.000,I 75,,,Not a Collision with Motor Vehicle,1,Clear,Dry,Dark-Lighted
2022-12-13T10:00:00.000,I 285,,,Rear End,2,Cloudy,Dry,Daylight
2022-10-29T19:49:00.000,I 75,,,Sideswipe-Same Direction,2,Clear,Dry,Dark-Not Lighted
2022-07-02T17:00:00.000,I-75,,,Rear End,2,Clear,Dry,Daylight
2022-04-29T09:49:00.000,I 20,,,Rear End,2,Clear,Dry,Daylight
2022-02-03T07:45:00.000,I 285,,,Sideswipe-Same Direction,2,Rain,Wet,Daylight
2022-02-19T11:59:00.000,I-75,,,Rear End,3,Clear,Dry,Daylight
2022-07-04T04:03:00.000,I 75,,,Not a Collision with Motor Vehicle,1,Clear,Dry,Dark-Not Lighted
2022-11-14T18:00:00.000,I 75,,,Rear End,4,Cloudy,Dry,Dark-Not Lighted
2022-05-25T07:08:00.000,I-75,,,Rear End,2,Cloudy,Dry,Daylight
2022-04-19T11:01:00.000,I 75,,,Rear End,3,Clear,Dry,Daylight
2022-10-07T12:28:00.000,I 16,,,Sideswipe-Same Direction,2,Clear,Dry,Daylight
2022-11-11T23:38:00.000,I 20,,,Not a Collision with Motor Vehicle,1,Rain,Wet,(None)
2022-04-01T10:15:00.000,I 75,,,Sideswipe-Same Direction,2,Clear,Dry,Daylight
2022-03-04T15:58:00.000,I 85,,,Rear End,2,Clear,Dry,Daylight
2022-02-10T06:35:00.000,I 285,,,Rear End,2,Clear,Dry,Dark-Lighted
2022-03-14T18:01:00.000,I 75,,,(None),1,(None),(None),(None)
2022-09-05T01:16:00.000,I-75,,,Rear End,2,Rain,Wet,Dark-Lighted
2022-03-06T20:00:00.000,I-75,,,Rear End,2,Clear,Dry,Dark-Lighted
2022-09-16T22:00:00.000,I 95,,,Not a Collision with Motor Vehicle,1,Clear,Dry,Dark-Not Lighted
2022-09-30T19:27:00.000,I 285,,,Sideswipe-Same Direction,2,Cloudy,Dry,Dark-Lighted
2022-10-07T23:54:00.000,I 20,,,Sideswipe-Same Direction,3,Clear,Dry,Dark-Not Lighted
2022-03-17T05:15:00.000,I 75,,,Sideswipe-Same Direction,1,Cloudy,Dry,Dark-Not Lighted
2022-03-03T11:50:00.000,I 85,,,Rear End,3,Clear,Dry,Daylight
2022-03-16T20:52:00.000,I-75,,,Sideswipe-Same Direction,2,Cloudy,Wet,Dark-Lighted
2022-01-30T14:44:00.000,I 285,,,Sideswipe-Same Direction,2,Clear,Dry,Daylight
2022-07-09T01:10:00.000,I 20,,,Not a Collision with Motor Vehicle,1,Cloudy,Wet,Dark-Not Lighted
2022-06-27T18:30:00.000,I 75,,,Not a Collision with Motor Vehicle,1,Rain,Wet,Daylight
2022-01-19T18:40:00.000,I 285,,,Rear End,3,Clear,Dry,Dark-Lighted
2022-10-10T15:12:00.000,I 85,,,Rear End,2,Clear,Dry,Daylight
2022-08-26T16:50:00.000,I 285,,,Rear End,2,Clear,Dry,Daylight
2022-05-02T22:00:00.000,I 16,,,Rear End,2,Cloudy,Dry,Dark-Not Lighted
2022-09-07T16:20:00.000,I-75,,,Sideswipe-Same Direction,2,Clear,Dry,Daylight
2022-10-26T13:00:00.000,I 75,,,Rear End,2,Clear,Dry,Daylight
2022-03-02T08:51:00.000,I 285,,,Sideswipe-Same Direction,2,Clear,Dry,Daylight
2022-04-03T16:49:00.000,I 285,,,Sideswipe-Same Direction,2,Clear,Dry,Daylight
2022-11-10T13:00:00.000,I 85,,,Not a Collision with Motor Vehicle,1,Cloudy,Wet,Daylight
2022-05-19T16:50:00.000,I 75,,,Not a Collision with Motor Vehicle,1,Clear,Dry,Daylight
2022-08-05T16:50:00.000,I 285,,,Rear End,2,Clear,Dry,Daylight
2022-05-13T11:48:00.000,I 285,,,Not a Collision with Motor Vehicle,1,Cloudy,Dry,Daylight
2022-12-06T11:20:00.000,I 20,,,Rear End,2,Cloudy,Dry,Daylight
2022-10-16T06:12:00.000,I 75,,,Rear End,2,Clear,Dry,Dark-Lighted
2022-11-12T22:10:00.000,I 75,,,Sideswipe-Same Direction,2,Clear,Dry,Dark-Not Lighted
2022-09-04T20:12:00.000,I 20,,,Not a Collision with Motor Vehicle,1,Rain,Wet,Dark-Not Lighted
2022-01-29T12:33:00.000,I 285,,,Rear End,2,Clear,Dry,Daylight
2022-11-27T00:02:00.000,I 20,,,Not a Collision with Motor Vehicle,1,Rain,Wet,Dark-Lighted
2022-12-28T11:12:00.000,I 16,,,Sideswipe-Same Direction,1,Clear,Dry,Daylight
2022-02-16T16:31:00.000,I 75,,,Sideswipe-Same Direction,2,Clear,Dry,Daylight
2022-03-29T22:05:00.000,I-75,,,Rear End,2,Clear,Dry,Dark-Lighted
2022-05-01T12:15:00.000,I-75,,,Rear End,2,Cloudy,Dry,Daylight
2022-09-13T09:00:00.000,I 285,,,Sideswipe-Same Direction,2,Clear,Dry,Daylight
2022-05-02T15:55:00.000,I 285,,,Rear End,2,Clear,Dry,Daylight
2022-03-03T12:20:00.000,I 20,,,Rear End,2,Clear,Dry,Daylight
2022-10-11T20:03:00.000,I 75,,,Not a Collision with Motor Vehicle,1,Clear,Dry,Dark-Lighted
2022-10-13T03:15:00.000,I 75,,,Sideswipe-Same Direction,3,Rain,Wet,Dark-Not Lighted
2022-02-06T14:29:00.000,I 20,,,Sideswipe-Same Direction,2,Clear,Dry,Daylight
2022-11-26T03:00:00.000,I-75,,,Sideswipe-Same Direction,2,Rain,Wet,Dark-Lighted
2022-12-07T01:33:00.000,I 75,,,Sideswipe-Same Direction,2,Clear,Dry,Dark-Lighted
2022-04-22T00:14:00.000,I 75,,,Rear End,2,Clear,Dry,Dark-Not Lighted
2022-09-16T20:00:00.000,I-75,,,Sideswipe-Same Direction,2,Clear,Dry,Daylight
2022-11-06T10:39:00.000,I 75,,,Sideswipe-Same Direction,2,Clear,Dry,Daylight
2022-07-10T14:35:00.000,I-75,,,Sideswipe-Same Direction,2,Clear,Dry,Daylight
2022-04-03T17:00:00.000,I-75,,,Rear End,2,Clear,Dry,Daylight
2022-02-18T21:30:00.000,I-75,,,Sideswipe-Opposite Direction,3,Other,Dry,Dark-Not Lighted
2022-05-31T01:10:00.000,I 85,,,Not a Collision with Motor Vehicle,1,Clear,Dry,Dark-Not Lighted
2022-04-05T19:15:00.000,I 20,,,Rear End,2,Cloudy,Wet,Daylight
2022-10-07T21:55:00.000,I 285,,,Rear End,2,Clear,Dry,Dark-Not Lighted
2022-10-17T00:25:00.000,I 285,,,Rear End,2,Clear,Dry,Dark-Not Lighted
2022-08-13T03:13:00.000,I-75,,,Rear End,2,Clear,Dry,Dark-Lighted
2022-11-01T07:20:00.000,I 75,,,Rear End,2,Clear,Dry,Dark-Lighted
2022-09-05T21:15:00.000,I-75,,,Rear End,2,Clear,Dry,Dark-Lighted
2022-05-04T15:30:00.000,I 75,,,Not a Collision with Motor Vehicle,2,Clear,Dry,Daylight
2022-02-23T17:04:00.000,I 20,,,Rear End,2,Clear,Dry,Daylight
2022-07-14T22:23:00.000,I-75,,,Angle Crash,3,Clear,Dry,Dark-Lighted
2022-08-19T16:38:00.000,I 16,,,Rear End,2,Cloudy,Dry,Daylight
2022-12-11T12:04:00.000,I-75,,,Rear End,2,Rain,Wet,Daylight
2022-07-10T00:37:00.000,I 20,,,Not a Collision with Motor Vehicle,1,Rain,Wet,Dark-Lighted
2022-04-23T00:00:00.000,I 285,,,Rear End,2,Clear,Dry,Daylight
2022-05-03T18:50:00.000,I 285,,,Sideswipe-Same Direction,2,Clear,Dry,Daylight
2022-04-22T16:43:00.000,I 285,,,Rear End,2,Clear,Dry,Daylight
2022-12-08T19:30:00.000,I 75,,,Rear End,2,Cloudy,Dry,Dark-Lighted
2022-02-14T13:34:00.000,I 285,,,Rear End,2,Clear,Dry,Daylight
2022-01-11T14:40:00.000,I 75,,,Sideswipe-Same Direction,2,Clear,Dry,Daylight
2022-11-21T17:22:00.000,I 85,,,Sideswipe-Same Direction,2,Clear,Dry,Daylight
2022-11-28T19:20:00.000,I 285,,,Rear End,2,Clear,Dry,Dark-Lighted
2022-06-23T14:45:00.000,I 285,,,Rear End,2,Clear,Dry,Daylight
2022-01-18T16:26:00.000,I 75,,,Sideswipe-Same Direction,2,Clear,Dry,Daylight
2022-08-20T12:38:00.000,I 285,,,Rear End,2,Cloudy,Dry,Daylight
2022-03-15T08:40:00.000,I 85,,,Rear End,2,Cloudy,Dry,Daylight
2022-12-30T08:03:00.000,I 75,,,Rear End,2,Clear,Dry,Daylight
2022-02-15T13:45:00.000,I 285,,,Rear End,3,Clear,Dry,Daylight
2022-08-23T08:00:00.000,I 20,,,Sideswipe-Same Direction,2,Clear,Dry,Daylight
2022-04-29T12:02:00.000,I 75,,,Sideswipe-Same Direction,2,Clear,Dry,Daylight
2022-01-02T19:38:00.000,I 75,,,Sideswipe-Same Direction,2,Cloudy,Dry,Dark-Not Lighted
2022-11-14T18:27:00.000,I 285,,,Sideswipe-Same Direction,2,Clear,Dry,Daylight
2022-06-29T08:34:00.000,I 75,,,Rear End,2,Clear,Dry,Daylight
2022-05-12T11:53:00.000,I 285,,,Angle Crash,2,Clear,Dry,Daylight
2022-07-23T01:30:00.000,I 85,,,Angle Crash,2,Clear,Dry,Dark-Not Lighted
2022-09-15T18:30:00.000,I 285,,,Angle Crash,2,Cloudy,Dry,Daylight
2022-10-12T02:12:00.000,I 75,,,Not a Collision with Motor Vehicle,1,Clear,Dry,Dark-Not Lighted
2022-05-08T16:55:00.000,I 20,,,Sideswipe-Same Direction,3,Clear,Dry,Daylight
2022-11-15T19:45:00.000,I-75,,,Rear End,3,Clear,Dry,Dark-Not Lighted
2022-02-23T14:44:00.000,I 75,,,Sideswipe-Same Direction,2,Cloudy,Dry,Daylight
2022-10-21T15:42:00.000,I 85,,,Sideswipe-Same Direction,2,Clear,Dry,Daylight
2022-04-20T16:30:00.000,I 20,,,Sideswipe-Same Direction,2,Clear,Dry,Daylight
2022-08-07T05:43:00.000,I 20,,,Angle Crash,2,Clear,Dry,Dark-Not Lighted
2022-04-06T17:15:00.000,I 75,,,Sideswipe-Same Direction,2,Clear,Dry,Daylight
2022-05-12T17:40:00.000,I 75,,,Sideswipe-Opposite Direction,2,Clear,Dry,Daylight
2022-01-20T16:47:00.000,I 16,,,Angle Crash,2,Rain,Wet,Daylight
2022-02-20T21:57:00.000,I 85,,,Rear End,2,Clear,Dry,Dark-Not Lighted
2022-07-01T16:54:00.000,I 16,,,Angle Crash,2,Rain,Wet,Daylight
2022-09-05T12:44:00.000,I 85,,,Angle Crash,2,Cloudy,Dry,Daylight
2022-02-10T18:15:00.000,I 20,,,Sideswipe-Same Direction,2,Clear,Dry,Daylight
2022-12-10T05:20:00.000,I 285,,,Sideswipe-Same Direction,2,Clear,Dry,Dawn
2022-02-16T00:00:00.000,I 16,,,Not a Collision with Motor Vehicle,1,Clear,Dry,Daylight
2022-10-05T21:29:00.000,I 285,,,Rear End,2,Clear,Dry,Dark-Lighted
2022-06-29T04:07:00.000,I 75,,,Angle Crash,2,Severe Thunderstorm or Tornadic,Wet,Dark-Not Lighted
2022-03-04T21:13:00.000,I-75,,,Rear End,2,Clear,Dry,Dark-Lighted
2022-05-16T20:00:00.000,I-75,,,Sideswipe-Same Direction,2,Clear,Dry,Daylight
2022-12-15T11:22:00.000,I 75,,,Sideswipe-Same Direction,2,Clear,Dry,Daylight
2022-12-24T15:51:00.000,I 75,,,Not a Collision with Motor Vehicle,1,Clear,Dry,Daylight
2022-06-21T14:00:00.000,I 285,,,Sideswipe-Same Direction,2,Clear,Dry,Daylight
2022-01-26T21:47:00.000,I 285,,,Angle Crash,2,Clear,Dry,Dark-Lighted
2022-01-06T16:15:00.000,I 285,,,Sideswipe-Same Direction,2,Rain,Wet,Daylight
2022-03-24T08:05:00.000,I 20,,,Rear End,2,Clear,Dry,Daylight
2022-01-23T15:29:00.000,I-75,,,Rear End,2,Clear,Dry,Daylight
2022-11-19T12:30:00.000,I 95,,,Rear End,2,Clear,Dry,Daylight
2022-09-04T00:00:00.000,I 16,,,Not a Collision with Motor Vehicle,1,Rain,Water (standing or moving),Daylight
2022-02-07T14:15:00.000,I 285,,,Rear End,2,Cloudy,Dry,Daylight
2022-10-18T06:25:00.000,I 85,,,Rear End,3,Clear,Dry,Dark-Not Lighted
2022-11-28T18:02:00.000,I 285,,,Rear End,2,Clear,Dry,Dark-Not Lighted
2022-10-21T23:00:00.000,I 20,,,Sideswipe-Same Direction,2,Clear,Dry,Dark-Not Lighted
2022-01-13T14:40:00.000,I-75,,,Sideswipe-Same Direction,2,Clear,Dry,Daylight
2022-01-21T17:30:00.000,I 285,,,Angle Crash,2,Cloudy,Wet,Dark-Lighted
2022-11-20T10:50:00.000,I-75,,,Sideswipe-Same Direction,3,Cloudy,Dry,Daylight
2022-12-30T17:55:00.000,I 75,,,Rear End,3,Clear,Dry,Dark-Not Lighted
2022-07-31T23:33:00.000,I 285,,,Sideswipe-Same Direction,2,Clear,Dry,Dark-Lighted
2022-07-04T04:50:00.000,I 85,,,Not a Collision with Motor Vehicle,1,Clear,Dry,Dark-Lighted
2022-01-04T07:21:00.000,I 20,,,Sideswipe-Same Direction,2,Clear,Dry,Daylight
2022-10-03T04:45:00.000,I-75,,,Rear End,2,Clear,Dry,Dark-Lighted
2022-02-21T00:08:00.000,I 75,,,Not a Collision with Motor Vehicle,1,Clear,Dry,Dark-Not Lighted
2022-08-10T02:57:00.000,I 285,,,Not a Collision with Motor Vehicle,1,Clear,Dry,Dark-Not Lighted
2022-12-16T19:51:00.000,I 75,,,Not a Collision with Motor Vehicle,1,Clear,Dry,Dark-Lighted
2022-03-24T14:13:00.000,I 285,,,Sideswipe-Same Direction,2,Clear,Dry,Daylight
2022-07-12T08:15:00.000,I 75,,,Rear End,2,Cloudy,Dry,Daylight
2022-12-11T01:45:00.000,I 75,,,Rear End,2,Rain,Wet,Dark-Lighted
2022-12-09T17:03:00.000,I 85,,,Sideswipe-Same Direction,2,Rain,Wet,Daylight
2022-08-22T14:45:00.000,I 75,,,Not a Collision with Motor Vehicle,1,Rain,Wet,Daylight
2022-02-25T18:37:00.000,I 75,,,Rear End,2,Clear,Dry,Daylight
2022-09-02T23:10:00.000,I-75,,,Rear End,2,Clear,Dry,Dark-Not Lighted
2022-10-02T14:50:00.000,I 285,,,Not a Collision with Motor Vehicle,1,Clear,Dry,Daylight
2022-01-30T20:00:00.000,I 75,,,Sideswipe-Same Direction,2,Clear,Dry,Dark-Not Lighted
2022-09-14T07:20:00.000,I 285,,,Sideswipe-Same Direction,2,Clear,Dry,Daylight
2022-09-01T00:00:00.000,I 20,,,Not a Collision with Motor Vehicle,1,Clear,Dry,Dark-Lighted
2022-09-18T05:14:00.000,I 285,,,Rear End,2,Clear,Dry,Dark-Not Lighted
2022-12-01T10:30:00.000,I 285,,,Sideswipe-Same Direction,2,Clear,Dry,Daylight
2022-01-25T14:10:00.000,I 75,,,Not a Collision with Motor Vehicle,1,Cloudy,Dry,Daylight
2022-02-18T19:50:00.000,I 75,,,Rear End,2,Clear,Dry,Dark-Not Lighted
2022-10-14T13:29:00.000,I-75,,,Not a Collision with Motor Vehicle,2,Clear,Dry,Daylight
2022-03-20T02:00:00.000,I-75,,,Angle Crash,2,Clear,Dry,Dark-Not Lighted
2022-08-08T15:40:00.000,I 285,,,Sideswipe-Same Direction,2,Clear,Dry,Daylight
2022-06-15T19:58:00.000,I-75,,,Rear End,2,Clear,Dry,Daylight
2022-08-11T16:25:00.000,I 16,,,Rear End,4,Rain,Wet,Dark-Lighted
2022-06-19T13:00:00.000,I 85,,,Rear End,2,Clear,Dry,Daylight
2022-07-01T14:39:00.000,I 20,,,Not a Collision with Motor Vehicle,1,Rain,Wet,Daylight
2022-06-01T15:30:00.000,I-75,,,Sideswipe-Same Direction,2,Clear,Dry,Daylight
2022-03-09T16:25:00.000,I 285,,,Sideswipe-Same Direction,3,Clear,Dry,Daylight
2022-08-17T21:00:00.000,I-75,,,Rear End,2,Clear,Wet,Dark-Lighted
2022-10-30T04:00:00.000,I 75,,,Rear End,2,Cloudy,Dry,Dark-Lighted
2022-02-13T22:15:00.000,I-75,,,Rear End,2,Clear,Dry,Dark-Lighted
2022-12-15T17:30:00.000,I 85,,,Rear End,2,Clear,Dry,Daylight
2022-02-14T18:32:00.000,I 75,,,Sideswipe-Same Direction,2,Clear,Dry,Daylight
2022-06-01T14:33:00.000,I-75,,,Sideswipe-Same Direction,2,Clear,Dry,Daylight
2022-05-19T17:10:00.000,I 85,,,Rear End,2,Clear,Dry,Daylight
2022-03-22T20:15:00.000,I-75,,,Rear End,2,Clear,Dry,Dark-Lighted
2022-03-15T05:56:00.000,I 16,,,Rear End,2,Clear,Dry,Dark-Lighted
2022-09-04T21:10:00.000,I-75,,,Rear End,2,Rain,Wet,Dark-Lighted
2022-07-28T23:00:00.000,I 75,,,Not a Collision with Motor Vehicle,1,Rain,Wet,Dark-Lighted
2022-11-28T09:04:00.000,I 75,,,Rear End,2,Clear,Dry,Daylight
2022-09-20T15:30:00.000,I 285,,,Sideswipe-Same Direction,2,Clear,Dry,Daylight
2022-03-03T22:27:00.000,I-75,,,Rear End,2,Clear,Dry,Dark-Lighted
2022-03-31T13:57:00.000,I 85,,,Sideswipe-Same Direction,2,Clear,Dry,Daylight
2022-12-22T20:35:00.000,I-75,,,Rear End,2,Cloudy,Water (standing or moving),Dark-Lighted
2022-08-07T16:24:00.000,I 285,,,Rear End,3,Clear,Dry,Daylight
2022-06-30T21:00:00.000,I-75,,,Rear End,2,Rain,Water (standing or moving),Dark-Lighted
2022-03-03T04:12:00.000,I 75,,,Sideswipe-Same Direction,2,Clear,Dry,Dark-Not Lighted
2022-04-07T14:20:00.000,I 285,,,Rear End,2,Clear,Dry,Daylight
2022-11-18T20:25:00.000,I 75,,,Not a Collision with Motor Vehicle,2,Clear,Dry,Dark-Lighted
2022-07-05T04:55:00.000,I 285,,,Not a Collision with Motor Vehicle,1,Clear,Dry,Dark-Not Lighted
2022-05-12T12:30:00.000,I 75,,,Rear End,3,Clear,Dry,Daylight
2022-06-22T09:40:00.000,I-75,,,Rear End,4,Clear,Dry,Daylight
2022-02-09T21:37:00.000,I-75,,,Sideswipe-Same Direction,3,Clear,Dry,Dark-Lighted
2022-03-17T09:55:00.000,I 285,,,Rear End,2,Clear,Dry,Daylight
2022-09-07T14:55:00.000,I 20,,,Not a Collision with Motor Vehicle,1,Clear,Dry,Daylight
2022-03-23T21:13:00.000,I 285,,,Sideswipe-Same Direction,2,Clear,Dry,Dark-Not Lighted
2022-05-05T23:00:00.000,I 75,,,Sideswipe-Same Direction,3,Clear,Dry,Dark-Not Lighted
2022-11-30T13:00:00.000,I 285,,,Not a Collision with Motor Vehicle,1,Clear,Dry,Daylight
2022-09-07T06:40:00.000,I 20,,,Rear End,2,Clear,Dry,Dark-Not Lighted
2022-11-11T03:49:00.000,I 20,,,Not a Collision with Motor Vehicle,1,Rain,Wet,Dark-Not Lighted
2022-12-11T08:54:00.000,I-75,,,Not a Collision with Motor Vehicle,1,Rain,Wet,Daylight
2022-04-12T16:49:00.000,I 95,,,Rear End,2,Clear,Dry,Daylight
2022-06-18T18:57:00.000,I 20,,,Sideswipe-Same Direction,2,Clear,Dry,Daylight
2022-05-23T13:48:00.000,I 20,,,Sideswipe-Opposite Direction,2,Clear,Dry,Daylight
2022-05-25T17:34:00.000,I 85,,,Rear End,2,Clear,Dry,Daylight
2022-07-07T15:40:00.000,I 75,,,Rear End,3,Rain,Wet,Daylight
2022-12-21T03:56:00.000,I 85,,,Sideswipe-Same Direction,2,Clear,Dry,Dark-Not Lighted
2022-09-12T10:40:00.000,I-75,,,Not a Collision with Motor Vehicle,1,Clear,Dry,Daylight
2022-04-22T13:00:00.000,I 95,,,Sideswipe-Same Direction,2,Clear,Dry,Daylight
2022-09-15T16:12:00.000,I 285,,,Rear End,2,Clear,Dry,Daylight
2022-08-09T14:12:00.000,I 285,,,Rear End,3,Clear,Dry,Daylight
2022-07-22T07:48:00.000,I 285,,,Sideswipe-Same Direction,3,Clear,Dry,Daylight
2022-03-13T18:13:00.000,I 20,,,Sideswipe-Same Direction,2,Clear,Dry,Daylight
2022-10-14T15:35:00.000,I 75,,,Rear End,3,Clear,Dry,Daylight
2022-10-25T18:12:00.000,I 20,,,Sideswipe-Same Direction,2,Clear,Dry,Daylight
2022-01-23T17:00:00.000,I-75,,,Rear End,4,Clear,Dry,Daylight
2022-12-27T00:20:00.000,I 95,,,Angle Crash,2,Clear,Dry,Dark-Not Lighted
2022-08-20T22:00:00.000,I 95,,,Sideswipe-Same Direction,2,Cloudy,Dry,Dark-Not Lighted
2022-11-27T00:28:00.000,I 285,,,Not a Collision with Motor Vehicle,1,Rain,Wet,Dark-Not Lighted
2022-03-23T22:55:00.000,I 285,,,Rear End,2,Cloudy,Dry,Dark-Not Lighted
2022-02-06T20:41:00.000,I 75,,,Rear End,2,Clear,Dry,Dark-Lighted
2022-07-12T18:00:00.000,I 75,,,Rear End,3,Clear,Dry,Daylight
2022-04-21T00:00:00.000,I 75,,,Angle Crash,2,Clear,Dry,Daylight
2022-08-22T15:30:00.000,I 75,,,Rear End,2,Rain,Wet,Daylight
2022-11-11T17:25:00.000,I 20,,,Rear End,2,Cloudy,Wet,Daylight
2022-05-04T12:00:00.000,I-75,,,Rear End,2,Clear,Dry,Daylight
2022-11-08T11:13:00.000,I 75,,,Sideswipe-Same Direction,2,Clear,Dry,Daylight
2022-11-13T01:44:00.000,I 20,,,Angle Crash,2,Clear,Dry,Dark-Lighted
2022-09-07T15:12:00.000,I 285,,,Sideswipe-Same Direction,2,Clear,Dry,Daylight
2022-10-31T06:20:00.000,I 75,,,Sideswipe-Same Direction,2,Rain,Wet,Dark-Not Lighted
2022-09-07T22:35:00.000,I 85,,,Rear End,2,Clear,Dry,Dark-Not Lighted
2022-10-26T23:50:00.000,I 20,,,Angle Crash,2,Clear,Dry,Dark-Not Lighted
2022-10-07T14:35:00.000,I 285,,,Sideswipe-Same Direction,2,Clear,Dry,Daylight
2022-09-08T00:19:00.000,I 20,,,Rear End,3,Clear,Dry,Dark-Not Lighted
2022-02-13T03:31:00.000,I-75,,,Angle Crash,2,Clear,Dry,Dark-Lighted
2022-04-01T20:55:00.000,I 85,,,Sideswipe-Same Direction,2,Clear,Dry,Dark-Lighted
2022-06-15T13:40:00.000,I 285,,,Sideswipe-Same Direction,2,Cloudy,Dry,Daylight
2022-03-19T21:00:00.000,I 285,,,Sideswipe-Same Direction,2,Clear,Dry,Daylight
2022-11-15T19:00:00.000,I 85,,,Rear End,2,Cloudy,Wet,Dark-Lighted
2022-12-04T20:09:00.000,I 75,,,Not a Collision with Motor Vehicle,1,Cloudy,Dry,Dark-Not Lighted
2022-02-15T17:44:00.000,I 75,,,Sideswipe-Same Direction,2,Clear,Dry,Daylight
2022-07-27T17:47:00.000,I 16,,,Rear End,2,Clear,Dry,Daylight
2022-04-12T08:56:00.000,I 75,,,Rear End,2,Clear,Dry,Daylight
2022-01-16T02:46:00.000,I 95,,,Not a Collision with Motor Vehicle,1,Rain,Wet,Dark-Lighted
2022-11-14T19:00:00.000,I 285,,,Rear End,2,Clear,Dry,Dark-Not Lighted
2022-09-12T22:15:00.000,I-75,,,Rear End,2,Clear,Dry,Dark-Lighted
2022-11-11T15:20:00.000,I 285,,,Sideswipe-Same Direction,2,Cloudy,Wet,Daylight
2022-08-21T03:35:00.000,I 285,,,Not a Collision with Motor Vehicle,1,Clear,Dry,Dark-Not Lighted
2022-01-22T04:04:00.000,I-75,,,Sideswipe-Same Direction,2,Clear,Dry,Daylight
2022-07-14T10:39:00.000,I 75,,,Sideswipe-Same Direction,2,Clear,Dry,Daylight
2022-10-12T18:25:00.000,I 75,,,Sideswipe-Same Direction,2,Rain,Wet,Daylight
2022-06-07T15:20:00.000,I 285,,,Rear End,2,Clear,Dry,Daylight
2022-08-07T12:28:00.000,I 16,,,Not a Collision with Motor Vehicle,1,Rain,Wet,Daylight
2022-09-08T19:20:00.000,I 75,,,Sideswipe-Same Direction,2,Cloudy,Dry,Daylight
2022-12-12T15:58:00.000,I 285,,,Sideswipe-Same Direction,3,Clear,Dry,Daylight
2022-01-17T00:00:00.000,I 285,,,Not a Collision with Motor Vehicle,1,Cloudy,Wet,Dark-Not Lighted
2022-03-22T08:09:00.000,I 75,,,Angle Crash,2,Clear,Dry,Daylight
2022-02-16T16:29:00.000,I 20,,,Sideswipe-Same Direction,2,Clear,Dry,Daylight
2022-03-17T09:32:00.000,I 75,,,Rear End,2,Cloudy,Dry,Daylight
2022-06-30T13:00:00.000,I 75,,,Sideswipe-Same Direction,2,Clear,Dry,Daylight
2022-03-08T20:32:00.000,I-75,,,Rear End,3,Rain,Water (standing or moving),Dark-Not Lighted
2022-11-09T18:40:00.000,I 285,,,Sideswipe-Same Direction,2,Clear,Dry,Daylight
2022-11-16T14:21:00.000,I 75,,,Not a Collision with Motor Vehicle,1,Clear,Dry,Daylight
2022-04-18T02:57:00.000,I 75,,,Sideswipe-Same Direction,2,Cloudy,Wet,Dark-Not Lighted
2022-06-29T09:35:00.000,I 285,,,Rear End,2,Cloudy,Dry,Daylight
2022-05-07T10:45:00.000,I-75,,,Sideswipe-Same Direction,2,Cloudy,Dry,Daylight
2022-12-23T10:35:00.000,I 20,,,Angle Crash,2,Clear,Dry,Daylight
2022-06-19T00:00:00.000,I-75,,,Rear End,2,Clear,Dry,Dark-Lighted
2022-07-17T19:30:00.000,I-75,,,Rear End,3,Clear,Dry,Dusk
2022-01-09T15:02:00.000,I-75,,,Head On,3,Rain,Dry,Daylight
2022-12-20T13:57:00.000,I 75,,,Rear End,2,Cloudy,Wet,Daylight
2022-06-29T17:40:00.000,I-75,,,Rear End,2,Rain,Water (standing or moving),Daylight