Date and Time,Roadway (From Crash Report),Intersection Name (from Crash Report),KABCO Severity,Manner of Collision (Crash Level) ,# of Vehicles per crash ,Weather Conditions (Crash Level),Surface Condition (Crash Level) ,Light Conditions (Crash Level)
2022-12-28T22:37:00.000,I-75,,,Rear End,2,Clear,Dry,Dark-Lighted
2022-05-25T15:44:00.000,I-75,,,Sideswipe-Same Direction,2,Cloudy,Dry,Daylight
2022-05-24T16:15:00.000,I 285,,,Rear End,2,Clear,Dry,Daylight
2022-07-27T07:27:00.000,I 85,,,Not a Collision with Motor Vehicle,2,Clear,Dry,Daylight
2022-01-15T18:43:00.000,I-75,,,Sideswipe-Same Direction,2,Cloudy,Dry,Dark-Lighted
2022-08-05T05:00:00.000,I-75,,,Not a Collision with Motor Vehicle,1,Clear,Dry,Dark-Lighted
2022-01-26T23:42:00.000,I 95,,,Not a Collision with Motor Vehicle,1,Cloudy,Dry,Dark-Not Lighted
2022-04-16T06:56:00.000,I-75,,,Not a Collision with Motor Vehicle,1,Rain,Wet,Dark-Lighted
2022-04-17T22:33:00.000,I 20,,,Sideswipe-Same Direction,2,Rain,Wet,Dark-Not Lighted
2022-06-18T13:32:00.000,I 75,,,Rear End,2,Clear,Dry,Daylight
2022-10-26T16:59:00.000,I 85,,,Sideswipe-Opposite Direction,2,Clear,Dry,Daylight
2022-06-29T14:46:00.000,I 95,,,Rear End,2,Rain,Wet,Daylight
2022-11-17T09:46:00.000,I 75,,,Rear End,2,Clear,Dry,Daylight
2022-04-06T15:20:00.000,I 20,,,Angle Crash,2,Rain,Water (standing or moving),Daylight
2022-03-11T23:25:00.000,I 285,,,Sideswipe-Same Direction,3,Rain,Wet,Dark-Not Lighted
2022-06-07T13:31:00.000,I 75,,,Rear End,2,Clear,Dry,Daylight
2022-10-21T11:23:00.000,I 285,,,Rear End,2,Clear,Dry,Daylight
2022-09-16T14:30:00.000,I 75,,,Rear End,2,Clear,Dry,Daylight
2022-04-20T05:50:00.000,I 95,,,Not a Collision with Motor Vehicle,1,Clear,Dry,Dark-Not Lighted
2022-08-30T21:45:00.000,I-75,,,Rear End,2,Cloudy,Water (standing or moving),Dark-Lighted
2022-03-01T16:03:00.000,I 75,,,Not a Collision with Motor Vehicle,2,Clear,Dry,Daylight
2022-12-03T01:36:00.000,I-75,,,Rear End,2,Clear,Dry,Dark-Lighted
2022-12-19T18:15:00.000,I 285,,,Rear End,2,Clear,Dry,Dark-Lighted
2022-06-26T13:04:00.000,I 75,,,Rear End,4,Clear,Dry,Daylight
2022-11-03T16:25:00.000,I 20,,,Rear End,3,Clear,Dry,Daylight
2022-01-28T22:08:00.000,I 285,,,Rear End,2,Clear,Dry,Dark-Not Lighted
2022-04-25T07:45:00.000,I 285,,,Not a Collision with Motor Vehicle,1,Clear,Dry,Daylight
2022-04-26T15:43:00.000,I 75,,,Sideswipe-Same Direction,2,Clear,Dry,Daylight
2022-03-20T07:00:00.000,I-75,,,Rear End,2,Clear,Dry,Dawn
2022-08-10T07:47:00.000,I-75,,,Sideswipe-Opposite Direction,2,Rain,Water (standing or moving),Daylight
2022-12-28T12:40:00.000,I-75,,,Rear End,2,Clear,Dry,Daylight
2022-12-31T15:15:00.000,I 75,,,Sideswipe-Same Direction,2,Clear,Dry,Daylight
2022-06-16T21:40:00.000,I-75,,,Not a Collision with Motor Vehicle,1,Rain,Dry,Dark-Lighted
2022-10-17T15:40:00.000,I 20,,,Not a Collision with Motor Vehicle,1,Clear,Dry,Daylight
2022-10-21T12:00:00.000,I 285,,,Rear End,2,Clear,Dry,Daylight
2022-05-04T08:07:00.000,I 85,,,Rear End,2,Rain,Wet,Daylight
2022-06-03T17:46:00.000,I 75,,,Sideswipe-Same Direction,2,Clear,Dry,Daylight
2022-04-10T15:21:00.000,I 75,,,Angle Crash,4,Clear,Dry,Daylight
2022-01-11T09:00:00.000,I-75,,,Rear End,2,Clear,Dry,Daylight
2022-03-17T10:38:00.000,I 75,,,Sideswipe-Same Direction,2,Cloudy,Dry,Daylight
2022-12-27T07:55:00.000,I 285,,,Angle Crash,2,Clear,Ice/Frost,Daylight
2022-03-04T08:47:00.000,I 285,,,Sideswipe-Same Direction,2,Clear,Dry,Daylight
2022-06-13T10:40:00.000,I 285,,,Sideswipe-Same Direction,2,Cloudy,Dry,Daylight
2022-03-01T12:35:00.000,I 85,,,Sideswipe-Same Direction,2,Clear,Dry,Daylight
2022-06-29T11:41:00.000,I 285,,,Rear End,2,Cloudy,Dry,Daylight
2022-09-30T13:19:00.000,I 20,,,Sideswipe-Same Direction,2,Clear,Dry,Daylight
2022-06-06T16:59:00.000,I 20,,,Rear End,2,Rain,Wet,Daylight
2022-02-16T07:52:00.000,I 20,,,Not a Collision with Motor Vehicle,1,Clear,Dry,Daylight
2022-02-21T23:58:00.000,I-75,,,Not a Collision with Motor Vehicle,1,Clear,Dry,Dark-Lighted
2022-08-26T16:11:00.000,I 16,,,Sideswipe-Same Direction,2,Clear,Dry,Daylight
2022-10-29T15:30:00.000,I 16,,,Not a Collision with Motor Vehicle,2,Clear,Dry,Daylight
2022-08-23T10:30:00.000,I 75,,,Not a Collision with Motor Vehicle,1,Clear,Dry,Daylight
2022-12-18T23:45:00.000,I 285,,,Sideswipe-Same Direction,2,Clear,Dry,Dark-Not Lighted
2022-04-04T15:18:00.000,I 285,,,Sideswipe-Same Direction,2,Clear,Dry,Daylight
2022-06-11T10:00:00.000,I-75,,,Rear End,2,Clear,Dry,Daylight
2022-12-13T00:00:00.000,I-75,,,Rear End,4,Clear,Dry,Dark-Not Lighted
2022-03-22T17:43:00.000,I 285,,,Not a Collision with Motor Vehicle,2,Clear,Dry,Daylight
2022-01-16T06:54:00.000,I 20,,,Not a Collision with Motor Vehicle,1,Rain,Wet,Dark-Lighted
2022-08-03T15:42:00.000,I 75,,,Rear End,2,Cloudy,Wet,Dawn
2022-11-03T16:27:00.000,I 285,,,Sideswipe-Same Direction,2,Clear,Dry,Daylight
2022-09-23T10:50:00.000,I 85,,,Sideswipe-Same Direction,2,Clear,Dry,Dark-Lighted
2022-08-23T17:27:00.000,I 75,,,Sideswipe-Same Direction,2,Clear,Dry,Daylight
2022-07-16T05:10:00.000,I 285,,,Not a Collision with Motor Vehicle,1,Clear,Dry,Dark-Not Lighted
2022-02-10T08:37:00.000,I 16,,,Sideswipe-Same Direction,3,Clear,Dry,Daylight
2022-04-06T12:21:00.000,I 75,,,Angle Crash,3,Clear,Dry,Daylight
2022-10-12T18:45:00.000,I-75,,,Rear End,2,Rain,Water (standing or moving),Daylight
2022-09-17T05:44:00.000,I 75,,,Not a Collision with Motor Vehicle,1,Clear,Dry,Daylight
2022-03-29T01:29:00.000,I-75,,,Sideswipe-Same Direction,2,Clear,Dry,Dark-Lighted
2022-01-06T05:25:00.000,I 285,,,Sideswipe-Same Direction,2,Clear,Dry,Dark-Lighted
2022-11-09T05:55:00.000,I 16,,,Head On,1,Clear,(None),Dark-Not Lighted
2022-05-15T00:04:00.000,I 20,,,Sideswipe-Same Direction,2,Clear,Dry,Dark-Lighted
2022-07-13T12:20:00.000,I 75,,,Sideswipe-Same Direction,2,Rain,Wet,Daylight
2022-05-22T03:34:00.000,I 85,,,Rear End,2,Clear,Dry,Dark-Lighted
2022-12-16T10:46:00.000,I 285,,,Rear End,3,Clear,Dry,Daylight
2022-07-24T11:00:00.000,I 85,,,Not a Collision with Motor Vehicle,1,Clear,Dry,Daylight
2022-08-20T04:31:00.000,I 85,,,Not a Collision with Motor Vehicle,1,Clear,Dry,Dark-Not Lighted
2022-09-10T02:04:00.000,I 285,,,Not a Collision with Motor Vehicle,1,Rain,Wet,Dark-Not Lighted
2022-01-29T19:50:00.000,I 85,,,Sideswipe-Same Direction,2,Clear,Dry,Dark-Lighted
2022-09-08T16:57:00.000,I 75,,,Sideswipe-Same Direction,2,Clear,Dry,Daylight
2022-05-23T05:30:00.000,I 285,,,Angle Crash,2,Rain,Wet,Dark-Lighted
2022-03-11T23:00:00.000,I-75,,,Angle Crash,2,Rain,Wet,Dark-Lighted
2022-06-09T10:53:00.000,I 285,,,Sideswipe-Same Direction,2,Cloudy,Dry,Daylight
2022-11-26T01:18:00.000,I 285,,,Angle Crash,3,Clear,Dry,Dark-Lighted
2022-12-12T04:37:00.000,I 20,,,Sideswipe-Same Direction,2,Cloudy,Wet,Dark-Not Lighted
2022-10-05T08:08:00.000,I 16,,,Sideswipe-Same Direction,2,Clear,Dry,Daylight
2022-06-25T16:56:00.000,I 285,,,Rear End,2,Clear,Dry,Daylight
2022-09-28T21:00:00.000,I 75,,,Not a Collision with Motor Vehicle,1,Clear,Dry,Dark-Not Lighted
2022-08-04T18:20:00.000,I 285,,,Angle Crash,2,Clear,Dry,Daylight
2022-01-08T19:55:00.000,I 20,,,Sideswipe-Same Direction,2,Clear,Dry,Dark-Lighted
2022-08-16T15:34:00.000,I 285,,,Sideswipe-Same Direction,2,Clear,Dry,Daylight
2022-10-25T19:09:00.000,I 285,,,Angle Crash,2,Cloudy,Dry,Dusk
2022-12-02T14:59:00.000,I 285,,,Sideswipe-Same Direction,2,Clear,Dry,Daylight
2022-08-17T18:50:00.000,I 75,,,Sideswipe-Same Direction,2,Clear,Dry,Daylight
2022-03-31T11:58:00.000,I 20,,,Not a Collision with Motor Vehicle,1,Rain,Water (standing or moving),Daylight
2022-11-27T16:33:00.000,I 85,,,Rear End,2,Clear,Dry,Daylight
2022-06-19T14:48:00.000,I 75,,,Rear End,2,Clear,Dry,Daylight
2022-10-18T05:25:00.000,I 285,,,Sideswipe-Same Direction,2,Clear,Dry,Dark-Not Lighted
2022-05-28T22:30:00.000,I 85,,,Not a Collision with Motor Vehicle,1,Clear,Dry,Dark-Not Lighted
2022-06-01T17:38:00.000,I-75,,,Sideswipe-Same Direction,2,Clear,Dry,Daylight
2022-08-07T18:48:00.000,I 75,,,Rear End,4,Cloudy,Wet,Daylight
2022-08-10T20:56:00.000,I-75,,,Rear End,5,Cloudy,Water (standing or moving),Dark-Lighted
2022-09-03T10:00:00.000,I 85,,,Sideswipe-Same Direction,2,Cloudy,Dry,Daylight
2022-11-18T17:11:00.000,I 75,,,Sideswipe-Same Direction,2,Clear,Dry,Daylight
2022-02-12T05:08:00.000,I-75,,,Sideswipe-Same Direction,2,Clear,Dry,Dark-Lighted
2022-09-14T17:26:00.000,I-75,,,Rear End,2,Clear,Dry,Daylight
2022-04-07T03:43:00.000,I 75,,,Angle Crash,2,Cloudy,Wet,Dark-Not Lighted
2022-07-12T22:30:00.000,I-75,,,Sideswipe-Same Direction,2,Clear,Dry,Dark-Lighted
2022-06-29T19:50:00.000,I 285,,,Sideswipe-Same Direction,2,Clear,Dry,Daylight
2022-10-13T06:20:00.000,I 75,,,Rear End,3,Rain,Wet,Dark-Not Lighted
2022-08-31T09:49:00.000,I-75,,,Rear End,2,Clear,Dry,Daylight
2022-04-06T17:41:00.000,I 75,,,Not a Collision with Motor Vehicle,1,Rain,Wet,Daylight
2022-04-22T14:05:00.000,I 85,,,Angle Crash,2,Clear,Dry,Daylight
2022-06-10T16:37:00.000,I 20,,,Sideswipe-Same Direction,2,Clear,Dry,Daylight
2022-06-21T18:45:00.000,I-75,,,Not a Collision with Motor Vehicle,1,Clear,Dry,Daylight
2022-02-10T11:16:00.000,I 285,,,Not a Collision with Motor Vehicle,1,Clear,Dry,Daylight
2022-04-26T16:48:00.000,I 85,,,Sideswipe-Same Direction,2,Clear,Dry,Daylight
2022-10-25T19:20:00.000,I 75,,,Sideswipe-Same Direction,2,Clear,Dry,Daylight
2022-11-10T17:25:00.000,I 75,,,Sideswipe-Same Direction,2,Rain,Wet,Dark-Not Lighted
2022-06-20T18:00:00.000,I 20,,,Sideswipe-Same Direction,2,Clear,Dry,Daylight
2022-04-05T20:55:00.000,I-75,,,Sideswipe-Same Direction,2,Clear,Dry,Dark-Lighted
2022-07-22T13:00:00.000,I-75,,,Angle Crash,2,Clear,Dry,Daylight
2022-11-23T00:03:00.000,I 285,,,Angle Crash,2,Clear,Dry,Dark-Lighted
2022-02-04T14:35:00.000,I 75,,,Not a Collision with Motor Vehicle,1,Cloudy,Dry,Daylight
2022-10-28T12:12:00.000,I 16,,,Not a Collision with Motor Vehicle,1,Clear,Dry,Daylight
2022-09-21T07:03:00.000,I 20,,,Rear End,2,Clear,Dry,Daylight
2022-04-01T12:19:00.000,I 95,,,Angle Crash,2,Cloudy,Dry,Daylight
2022-04-24T02:09:00.000,I 75,,,Not a Collision with Motor Vehicle,1,Clear,Dry,Dark-Lighted
2022-11-18T00:05:00.000,I-75,,,Sideswipe-Same Direction,2,Clear,Dry,Dark-Lighted
2022-10-27T00:24:00.000,I 16,,,Not a Collision with Motor Vehicle,1,Clear,Dry,Dark-Not Lighted
2022-05-18T17:58:00.000,I 20,,,Rear End,2,Clear,Dry,Daylight
2022-10-05T15:30:00.000,I-75,,,Rear End,4,Clear,Dry,Daylight
2022-09-03T14:19:00.000,I 285,,,Sideswipe-Same Direction,2,Clear,Dry,Daylight
2022-11-18T11:20:00.000,I 285,,,Angle Crash,2,Clear,Dry,Daylight
2022-04-06T16:29:00.000,I 75,,,Not a Collision with Motor Vehicle,1,Rain,Wet,Daylight
2022-11-27T17:53:00.000,I 85,,,Rear End,2,Clear,Dry,Dusk
2022-12-23T16:15:00.000,I 85,,,Rear End,2,Clear,Dry,Daylight
2022-07-09T01:42:00.000,I-75,,,Not a Collision with Motor Vehicle,1,Cloudy,Dry,Dark-Lighted
2022-09-22T17:30:00.000,I 16,,,Not a Collision with Motor Vehicle,1,Clear,Dry,Daylight
2022-12-17T15:00:00.000,I-75,,,Rear End,2,Clear,Dry,Daylight
2022-12-07T05:57:00.000,I 85,,,Sideswipe-Same Direction,2,Fog,Wet,Dark-Not Lighted
2022-12-04T01:37:00.000,I 85,,,Sideswipe-Same Direction,3,Cloudy,Wet,Dark-Not Lighted
2022-12-08T15:26:00.000,I 285,,,Sideswipe-Same Direction,2,Clear,Dry,Daylight
2022-02-04T13:40:00.000,I-75,,,Sideswipe-Same Direction,2,Cloudy,Wet,Daylight
2022-03-04T22:15:00.000,I 20,,,Sideswipe-Same Direction,2,Clear,Dry,Dark-Lighted
2022-05-14T00:20:00.000,I-75,,,Rear End,2,Clear,Dry,Dark-Lighted
2022-01-09T13:00:00.000,I-75,,,Rear End,3,Clear,Dry,Daylight
2022-03-05T01:49:00.000,I-75,,,Sideswipe-Same Direction,2,Clear,Dry,Dark-Lighted
2022-12-17T10:30:00.000,I 20,,,Angle Crash,2,Clear,Dry,Daylight
2022-12-26T23:30:00.000,I 285,,,Not a Collision with Motor Vehicle,1,Sleet,Wet,Dark-Lighted
2022-08-07T13:48:00.000,I-75,,,Rear End,2,Clear,Dry,Daylight
2022-01-28T17:52:00.000,I 20,,,Sideswipe-Same Direction,2,Clear,Dry,Daylight
2022-09-05T10:13:00.000,I 285,,,Not a Collision with Motor Vehicle,1,Cloudy,Dry,Daylight
2022-12-18T19:30:00.000,I-75,,,Rear End,2,Clear,Dry,Dark-Not Lighted
2022-10-14T17:20:00.000,I 85,,,Sideswipe-Same Direction,2,Clear,Dry,Daylight
2022-03-16T10:50:00.000,I 75,,,Angle Crash,2,Cloudy,Wet,Daylight
2022-04-23T17:00:00.000,I 285,,,Rear End,3,Cloudy,Dry,Daylight
2022-09-08T20:30:00.000,I 285,,,Sideswipe-Same Direction,2,Clear,Dry,Dark-Not Lighted
2022-12-24T03:53:00.000,I 285,,,Rear End,2,Clear,Dry,Dark-Not Lighted
2022-01-04T08:13:00.000,I 285,,,Not a Collision with Motor Vehicle,1,Clear,Dry,Dark-Not Lighted
2022-06-15T19:01:00.000,I 75,,,Angle Crash,2,Cloudy,Water (standing or moving),Dawn
2022-07-29T15:13:00.000,I 16,,,Sideswipe-Same Direction,2,Clear,Dry,Daylight
2022-08-03T16:43:00.000,I 85,,,Rear End,2,Clear,Dry,Daylight
2022-02-17T00:20:00.000,I 75,,,Not a Collision with Motor Vehicle,1,Clear,Dry,Dark-Not Lighted
2022-12-21T08:42:00.000,I 75,,,Sideswipe-Same Direction,2,Clear,Dry,Daylight
2022-03-29T10:00:00.000,I-75,,,Rear End,2,Clear,Dry,Daylight
2022-01-02T20:40:00.000,I 20,,,Not a Collision with Motor Vehicle,1,Rain,Wet,Dark-Not Lighted
2022-03-09T07:08:00.000,I 285,,,Rear End,3,Clear,Dry,Dawn
2022-11-11T12:38:00.000,I 85,,,Not a Collision with Motor Vehicle,1,Rain,Wet,Daylight
2022-12-02T16:40:00.000,I 75,,,Not a Collision with Motor Vehicle,1,Clear,Dry,Daylight
2022-01-29T13:02:00.000,I-75,,,Rear End,2,Clear,Dry,Daylight
2022-08-30T06:40:00.000,I 20,,,Rear End,2,Cloudy,Dry,Dark-Lighted
2022-05-26T14:15:00.000,I 75,,,Not a Collision with Motor Vehicle,1,Rain,Wet,Daylight
2022-09-21T15:06:00.000,I-75,,,Not a Collision with Motor Vehicle,2,Clear,Dry,Daylight
2022-08-28T12:15:00.000,I 20,,,Angle Crash,2,Cloudy,Dry,Daylight
2022-07-18T07:45:00.000,I 285,,,Sideswipe-Same Direction,2,Clear,Dry,Daylight
2022-12-03T13:21:00.000,I-75,,,Sideswipe-Same Direction,2,Clear,Dry,Daylight
2022-05-19T13:30:00.000,I 75,,,Not a Collision with Motor Vehicle,3,Cloudy,Dry,Daylight
2022-06-03T19:00:00.000,I 75,,,Not a Collision with Motor Vehicle,1,Clear,Dry,Daylight
2022-08-26T05:30:00.000,I 75,,,Not a Collision with Motor Vehicle,1,Cloudy,Wet,Dark-Not Lighted
2022-03-02T22:16:00.000,I 85,,,Rear End,2,Clear,Dry,Dark-Not Lighted
2022-03-31T22:42:00.000,I 75,,,Sideswipe-Same Direction,2,Clear,Dry,Dark-Lighted
2022-06-30T17:34:00.000,I 16,,,Not a Collision with Motor Vehicle,1,Cloudy,Dry,Daylight
2022-04-06T18:35:00.000,I-75,,,Rear End,3,Rain,Water (standing or moving),Daylight
2022-09-26T15:10:00.000,I 20,,,Sideswipe-Same Direction,2,Clear,Dry,Daylight
2022-08-27T16:05:00.000,I-75,,,Rear End,2,Clear,Dry,Daylight
2022-05-15T20:36:00.000,I 285,,,Rear End,3,Clear,Dry,Dark-Not Lighted
2022-03-18T17:54:00.000,I 75,,,Not a Collision with Motor Vehicle,1,Rain,Wet,Daylight
2022-03-30T09:15:00.000,I-75,,,Sideswipe-Same Direction,2,Clear,Dry,Daylight
2022-11-17T21:36:00.000,I 285,,,Head On,3,Clear,Dry,Dark-Not Lighted
2022-03-22T20:25:00.000,I 16,,,Angle Crash,2,Clear,Dry,Dark-Lighted
2022-01-15T06:41:00.000,I 285,,,Rear End,2,Clear,Dry,Dark-Lighted
2022-02-19T08:29:00.000,I 75,,,Sideswipe-Same Direction,2,Clear,Dry,Daylight
2022-04-16T04:35:00.000,I 85,,,Sideswipe-Same Direction,2,Clear,Dry,Dark-Lighted
2022-03-18T12:45:00.000,I 285,,,Rear End,2,Cloudy,Wet,Daylight
2022-12-12T13:43:00.000,I 20,,,Sideswipe-Same Direction,2,Cloudy,Dry,Daylight
2022-02-27T14:14:00.000,I 75,,,Sideswipe-Same Direction,2,Cloudy,Wet,Daylight
2022-03-22T12:19:00.000,I 285,,,Sideswipe-Same Direction,2,Clear,Dry,Daylight
2022-01-22T04:15:00.000,I-75,,,Rear End,2,Clear,Dry,Dark-Lighted
2022-05-26T08:35:00.000,I 85,,,Rear End,2,Cloudy,Dry,Daylight
2022-01-07T12:25:00.000,I 75,,,Rear End,2,Clear,Dry,Daylight
2022-09-17T11:53:00.000,I 85,,,Sideswipe-Same Direction,2,Clear,Dry,Dark-Lighted
2022-12-28T03:52:00.000,I 75,,,Sideswipe-Same Direction,2,Cloudy,Dry,Dark-Not Lighted
2022-07-31T15:07:00.000,I 85,,,Rear End,2,Clear,Dry,Daylight
2022-02-22T19:03:00.000,I 285,,,Rear End,3,Clear,Dry,Dark-Lighted
2022-11-21T08:00:00.000,I 75,,,Rear End,3,Clear,Dry,Daylight
2022-11-27T13:10:00.000,I 85,,,Sideswipe-Same Direction,1,Cloudy,Dry,Daylight
2022-05-26T18:00:00.000,I 20,,,Rear End,2,Cloudy,Wet,Daylight
2022-10-27T06:50:00.000,I 16,,,Angle Crash,3,Clear,Dry,Daylight
2022-05-18T08:15:00.000,I-75,,,Sideswipe-Same Direction,2,Clear,Dry,Daylight
2022-04-11T01:31:00.000,I 75,,,Rear End,2,Clear,Dry,Dark-Not Lighted
2022-12-05T22:50:00.000,I-75,,,Angle Crash,2,Rain,Wet,Dark-Lighted
2022-02-19T21:00:00.000,I 85,,,Angle Crash,2,Clear,Dry,Dark-Not Lighted
2022-09-13T00:05:00.000,I 85,,,Rear End,2,Clear,Dry,Dark-Lighted
2022-09-12T18:40:00.000,I 75,,,Sideswipe-Same Direction,2,Rain,Wet,Daylight
2022-04-07T03:27:00.000,I-75,,,Rear End,2,Cloudy,Wet,Dark-Lighted
2022-10-10T20:19:00.000,I 285,,,Rear End,2,Clear,Dry,Dark-Lighted
2022-04-05T13:00:00.000,I 85,,,Angle Crash,2,Rain,Water (standing or moving),Daylight
2022-02-15T19:23:00.000,I 75,,,Rear End,3,Clear,Dry,Dark-Lighted
2022-01-01T23:26:00.000,I 75,,,Angle Crash,2,Clear,Dry,Dark-Not Lighted
2022-08-11T23:15:00.000,I 85,,,Not a Collision with Motor Vehicle,1,Cloudy,Wet,Dark-Lighted
2022-01-25T21:11:00.000,I-75,,,Rear End,2,Clear,Dry,Dark-Lighted
2022-07-05T09:03:00.000,I 20,,,Sideswipe-Same Direction,2,Clear,Dry,Daylight
2022-08-24T08:04:00.000,I 75,,,Rear End,2,Cloudy,Dry,Daylight
2022-08-01T09:16:00.000,I 16,,,Angle Crash,2,Clear,Dry,Daylight
2022-05-23T13:01:00.000,I 75,,,Rear End,2,Rain,Wet,Daylight
2022-07-27T11:50:00.000,I-75,,,Rear End,3,Clear,Dry,Daylight
2022-11-29T18:40:00.000,I 75,,,Rear End,4,Clear,Dry,Dark-Not Lighted
2022-08-17T14:50:00.000,I-75,,,Rear End,2,Clear,Dry,Daylight
2022-11-12T10:47:00.000,I 20,,,Angle Crash,2,Clear,Dry,Daylight
2022-09-30T19:37:00.000,I 285,,,Rear End,2,Cloudy,Dry,Dark-Not Lighted
2022-09-03T04:25:00.000,I 85,,,Rear End,2,Clear,Dry,Dark-Lighted
2022-07-01T08:20:00.000,I 285,,,Rear End,3,Cloudy,Dry,Daylight
2022-09-13T13:20:00.000,I 285,,,Sideswipe-Same Direction,2,Clear,Dry,Daylight
2022-01-16T18:15:00.000,I 20,,,Sideswipe-Same Direction,2,Rain,Wet,Dark-Not Lighted
2022-06-15T10:25:00.000,I 20,,,Rear End,2,Clear,Dry,Daylight
2022-06-16T19:31:00.000,I 20,,,Rear End,2,Clear,Dry,Daylight
2022-02-12T12:20:00.000,I-75,,,Sideswipe-Same Direction,2,Clear,Dry,Daylight
2022-08-27T08:50:00.000,I-75,,,Rear End,3,Clear,Dry,Daylight
2022-03-16T18:52:00.000,I 285,,,Rear End,2,Rain,Wet,Dark-Not Lighted
2022-07-11T08:26:00.000,I 20,,,Rear End,2,Cloudy,Wet,Daylight
2022-01-25T04:50:00.000,I 16,,,Not a Collision with Motor Vehicle,1,Clear,Dry,Dusk
2022-04-08T19:45:00.000,I 75,,,Sideswipe-Same Direction,2,Clear,Dry,Daylight
2022-04-06T00:20:00.000,I-75,,,Rear End,2,Clear,Dry,Dark-Lighted
2022-05-10T12:10:00.000,I 95,,,Sideswipe-Same Direction,2,Clear,Dry,Daylight
2022-06-19T00:15:00.000,I 20,,,Rear End,2,Clear,Dry,Dark-Not Lighted
2022-07-22T19:00:00.000,I 85,,,Sideswipe-Same Direction,2,Cloudy,Dry,Daylight
2022-01-10T21:45:00.000,I 75,,,Sideswipe-Same Direction,3,Clear,Dry,Dark-Not Lighted
2022-12-08T18:14:00.000,I 285,,,Rear End,2,Clear,Dry,Dark-Lighted
2022-11-21T17:57:00.000,I 285,,,Rear End,2,Clear,Dry,Dark-Lighted
2022-09-24T16:00:00.000,I-75,,,Rear End,2,Clear,Dry,Daylight
2022-12-06T07:41:00.000,I 75,,,Rear End,3,Rain,Wet,Dawn
2022-12-18T15:00:00.000,I-75,,,Sideswipe-Same Direction,2,Cloudy,Dry,Daylight
2022-10-18T11:10:00.000,I 75,,,Rear End,2,Clear,Dry,Daylight
2022-06-20T06:02:00.000,I 85,,,Sideswipe-Same Direction,2,Clear,Dry,Dawn
2022-08-26T12:32:00.000,I 285,,,Rear End,2,Clear,Dry,Daylight
2022-09-01T17:10:00.000,I 285,,,Not a Collision with Motor Vehicle,2,Clear,Dry,Daylight
2022-02-18T11:40:00.000,I 285,,,Sideswipe-Same Direction,2,Clear,Dry,Daylight
2022-08-09T00:30:00.000,I-75,,,Rear End,2,Clear,Dry,Dark-Lighted
2022-06-12T00:00:00.000,I 20,,,Rear End,2,Clear,Dry,Daylight
2022-01-25T15:40:00.000,I 285,,,Angle Crash,2,Clear,Dry,Daylight
2022-06-22T00:48:00.000,I 285,,,Sideswipe-Same Direction,2,Clear,Dry,Dark-Lighted
2022-02-21T22:35:00.000,I-75,,,Not a Collision with Motor Vehicle,1,Rain,Wet,Dark-Lighted
2022-04-27T22:34:00.000,I-75,,,Sideswipe-Same Direction,4,Clear,Dry,Dark-Lighted
2022-03-05T16:02:00.000,I 285,,,Rear End,2,Clear,Dry,Daylight
2022-04-23T15:16:00.000,I 20,,,Rear End,2,Clear,Dry,Daylight
2022-10-24T20:09:00.000,I-75,,,Rear End,2,Clear,Dry,Dark-Lighted
2022-05-25T17:29:00.000,I-75,,,Rear End,2,Rain,Wet,Daylight
2022-04-07T14:30:00.000,I 285,,,Rear End,2,Clear,Dry,Daylight
2022-12-20T22:52:00.000,I-75,,,Not a Collision with Motor Vehicle,1,Clear,Wet,Dark-Lighted
2022-10-27T20:52:00.000,I-75,,,Rear End,2,Clear,Dry,Dark-Lighted
2022-06-26T05:48:00.000,I 20,,,Not a Collision with Motor Vehicle,1,Clear,Dry,Dark-Lighted
2022-12-15T19:20:00.000,I 85,,,Rear End,2,Clear,Dry,Dark-Not Lighted
2022-02-24T19:50:00.000,I 285,,,Sideswipe-Same Direction,2,Clear,Dry,Dark-Not Lighted
2022-02-23T07:44:00.000,I-75,,,Rear End,2,Rain,Wet,Daylight
2022-12-16T21:32:00.000,I 75,,,Not a Collision with Motor Vehicle,1,Clear,Dry,Dark-Not Lighted
2022-05-25T00:00:00.000,I 285,,,Sideswipe-Same Direction,2,Clear,Dry,Dark-Not Lighted
2022-12-03T11:15:00.000,I 75,,,Not a Collision with Motor Vehicle,2,Clear,Dry,Daylight
2022-11-19T12:20:00.000,I 285,,,Rear End,2,Cloudy,Dry,Daylight
2022-04-04T15:00:00.000,I 85,,,Angle Crash,2,Clear,Dry,Daylight
2022-12-05T07:45:00.000,I 285,,,Not a Collision with Motor Vehicle,1,Cloudy,Dry,Daylight
2022-10-27T14:08:00.000,I 85,,,Not a Collision with Motor Vehicle,1,Clear,Dry,Daylight
2022-10-24T07:45:00.000,I 285,,,Rear End,3,Clear,Dry,Daylight
2022-09-06T08:50:00.000,I 285,,,Not a Collision with Motor Vehicle,1,Clear,Dry,Daylight
2022-11-21T06:00:00.000,I-75,,,Sideswipe-Same Direction,2,Clear,Dry,Dark-Lighted
2022-11-10T18:09:00.000,I 285,,,Rear End,2,Cloudy,Dry,Dark-Lighted
2022-10-03T23:30:00.000,I 285,,,Sideswipe-Same Direction,2,Clear,Dry,Dark-Not Lighted
2022-10-16T17:15:00.000,I 285,,,Sideswipe-Same Direction,2,Clear,Dry,Daylight