Date and Time,Roadway (From Crash Report),Intersection Name (from Crash Report),KABCO Severity,Manner of Collision (Crash Level) ,# of Vehicles per crash ,Weather Conditions (Crash Level),Surface Condition (Crash Level) ,Light Conditions (Crash Level)
2022-11-11T14:10:00.000,I 75,,,Rear End,2,Clear,Dry,Daylight
2022-01-07T16:25:00.000,I 75,,,Rear End,2,Clear,Dry,Daylight
2022-09-04T20:58:00.000,I 20,,,Rear End,2,Rain,Wet,Dark-Not Lighted
2022-11-30T10:10:00.000,I 285,,,Rear End,2,Rain,Wet,Daylight
2022-05-30T05:00:00.000,I 285,,,Not a Collision with Motor Vehicle,1,Clear,Dry,Dark-Not Lighted
2022-05-11T22:10:00.000,I-75,,,Sideswipe-Same Direction,2,Clear,Dry,Dark-Lighted
2022-10-15T00:00:00.000,I 285,,,Rear End,2,Clear,Dry,Daylight
2022-02-18T03:27:00.000,I-75,,,Not a Collision with Motor Vehicle,1,Rain,Wet,Dark-Lighted
2022-07-18T13:45:00.000,I 20,,,Sideswipe-Same Direction,2,Cloudy,Dry,Daylight
2022-03-22T21:42:00.000,I 20,,,Not a Collision with Motor Vehicle,1,Clear,Dry,Dark-Lighted
2022-04-26T10:35:00.000,I 75,,,Not a Collision with Motor Vehicle,1,Rain,Wet,Daylight
2022-04-13T18:45:00.000,I 75,,,Sideswipe-Same Direction,2,Clear,Dry,Daylight
2022-09-05T05:50:00.000,I 285,,,Not a Collision with Motor Vehicle,1,Rain,Water (standing or moving),Dark-Not Lighted
2022-12-02T19:53:00.000,I 20,,,Not a Collision with Motor Vehicle,1,Clear,Dry,Dark-Not Lighted
2022-03-21T14:30:00.000,I 85,,,Sideswipe-Same Direction,2,Clear,Dry,Daylight
2022-03-07T17:00:00.000,I 75,,,Not a Collision with Motor Vehicle,1,Cloudy,Wet,Daylight
2022-06-01T18:47:00.000,I-75,,,Rear End,2,Clear,Dry,Daylight
2022-10-25T07:40:00.000,I 85,,,Sideswipe-Same Direction,2,Clear,Dry,Daylight
2022-04-20T13:18:00.000,I-75,,,Rear End,2,Clear,Dry,Daylight
2022-03-06T18:53:00.000,I-75,,,Rear End,2,Clear,Water (standing or moving),Dark-Lighted
2022-05-25T18:37:00.000,I-75,,,Rear End,2,Clear,Dry,Daylight
2022-09-21T18:15:00.000,I-75,,,Sideswipe-Same Direction,2,Clear,Dry,Daylight
2022-09-01T07:10:00.000,I 20,,,Not a Collision with Motor Vehicle,2,Clear,Dry,Daylight
2022-08-19T16:18:00.000,I 85,,,Angle Crash,2,Cloudy,Wet,Daylight
2022-03-09T06:45:00.000,I 285,,,Rear End,2,Rain,Wet,Daylight
2022-02-28T07:35:00.000,I 16,,,Not a Collision with Motor Vehicle,1,Clear,Dry,Daylight
2022-11-01T20:15:00.000,I 95,,,Not a Collision with Motor Vehicle,1,Clear,Dry,Dark-Lighted
2022-12-23T08:16:00.000,I 16,,,Not a Collision with Motor Vehicle,1,Clear,Dry,Daylight
2022-05-04T02:23:00.000,I-75,,,Sideswipe-Same Direction,2,Rain,Wet,Dark-Lighted
2022-11-12T22:12:00.000,I 20,,,Angle Crash,2,Clear,Dry,Dark-Lighted
2022-10-03T16:41:00.000,I 75,,,Not a Collision with Motor Vehicle,1,Clear,Dry,Daylight
2022-05-04T17:30:00.000,I-75,,,Rear End,2,Clear,Other,Daylight
2022-05-27T13:42:00.000,I 85,,,Not a Collision with Motor Vehicle,2,Clear,Dry,Daylight
2022-11-30T05:10:00.000,I 20,,,Not a Collision with Motor Vehicle,1,Rain,Wet,Dark-Lighted
2022-05-04T18:03:00.000,I 285,,,Rear End,2,Clear,Dry,Daylight
2022-11-19T03:00:00.000,I-75,,,Not a Collision with Motor Vehicle,1,Clear,Dry,Dark-Lighted
2022-06-17T11:30:00.000,I 85,,,Sideswipe-Same Direction,2,Clear,Dry,Daylight
2022-01-04T15:45:00.000,I 75,,,Sideswipe-Same Direction,2,Clear,Dry,Daylight
2022-08-02T00:17:00.000,I 285,,,Rear End,3,Clear,Dry,Dark-Lighted
2022-02-03T20:25:00.000,I-75,,,Sideswipe-Same Direction,2,Rain,Wet,Dark-Lighted
2022-12-08T00:00:00.000,I 75,,,Sideswipe-Same Direction,2,Cloudy,Wet,Daylight
2022-04-03T16:49:00.000,I 285,,,Sideswipe-Same Direction,2,Clear,Dry,Daylight
2022-04-04T15:26:00.000,I 285,,,Not a Collision with Motor Vehicle,1,Clear,Dry,Daylight
2022-09-26T14:46:00.000,I 20,,,Angle Crash,2,Clear,Dry,Daylight
2022-12-05T06:16:00.000,I 16,,,Not a Collision with Motor Vehicle,1,Cloudy,Dry,Dark-Lighted
2022-03-13T14:50:00.000,I 285,,,Not a Collision with Motor Vehicle,1,Clear,Dry,Dark-Lighted
2022-05-14T07:42:00.000,I 75,,,Sideswipe-Same Direction,2,Clear,Dry,Daylight
2022-02-09T15:15:00.000,I-75,,,Angle Crash,2,Clear,Dry,Daylight
2022-05-20T17:30:00.000,I 75,,,Angle Crash,3,Clear,Dry,Daylight
2022-02-10T20:05:00.000,I 85,,,Angle Crash,2,Clear,Dry,Dark-Lighted
2022-05-30T11:15:00.000,I 75,,,Sideswipe-Same Direction,2,Clear,Dry,Daylight
2022-05-26T20:50:00.000,I 75,,,Sideswipe-Same Direction,2,Rain,Wet,Dark-Not Lighted
2022-02-12T15:20:00.000,I 75,,,Not a Collision with Motor Vehicle,2,Clear,Dry,Daylight
2022-07-29T17:34:00.000,Sr 140,,,Rear End,2,Clear,Dry,Daylight
2022-12-21T02:15:00.000,I 75,,,Sideswipe-Same Direction,2,Clear,Dry,Dark-Not Lighted
2022-10-02T21:07:00.000,I 20,,,Not a Collision with Motor Vehicle,1,Clear,Dry,Dark-Lighted
2022-07-25T17:22:00.000,I 285,,,Sideswipe-Same Direction,2,Clear,Dry,Daylight
2022-07-09T01:38:00.000,I 85,,,Not a Collision with Motor Vehicle,1,Clear,Dry,Dark-Not Lighted
2022-03-22T08:02:00.000,I 95,,,Angle Crash,2,Clear,Dry,Daylight
2022-11-27T14:22:00.000,I 75,,,Rear End,2,Cloudy,Dry,Daylight
2022-01-02T18:52:00.000,I-75,,,Rear End,2,Rain,Wet,Dark-Lighted
2022-02-12T12:38:00.000,I-75,,,Rear End,2,Clear,Dry,Daylight
2022-10-17T12:01:00.000,I 75,,,Sideswipe-Same Direction,2,Clear,Dry,Daylight
2022-09-02T22:24:00.000,I 85,,,Not a Collision with Motor Vehicle,1,Clear,Dry,Dark-Lighted
2022-05-14T00:30:00.000,I 75,,,Angle Crash,1,Clear,Dry,Dark-Not Lighted
2022-02-27T15:42:00.000,I 75,,,Rear End,2,Cloudy,Dry,Daylight
2022-03-06T13:32:00.000,I 85,,,Rear End,2,Clear,Dry,Daylight
2022-06-15T09:10:00.000,I 85,,,Rear End,2,Clear,Dry,Daylight
2022-12-04T17:50:00.000,I 20,,,Sideswipe-Same Direction,2,Clear,Dry,Dark-Lighted
2022-08-14T21:22:00.000,I 85,,,Rear End,2,Cloudy,Dry,Dark-Not Lighted
2022-12-13T17:20:00.000,I 75,,,Rear End,2,Clear,Dry,Dark-Lighted
2022-09-20T05:44:00.000,I 85,,,Rear End,2,Clear,Dry,Dark-Lighted
2022-03-16T16:38:00.000,I-75,,,Rear End,2,Cloudy,Dry,Daylight
2022-05-24T12:21:00.000,I 16,,,Angle Crash,2,Clear,Dry,Daylight
2022-03-23T09:25:00.000,I-75,,,Not a Collision with Motor Vehicle,1,Clear,Dry,Daylight
2022-07-23T15:09:00.000,I 285,,,Rear End,3,Cloudy,Dry,Daylight
2022-07-28T10:38:00.000,I 75,,,Rear End,2,Clear,Dry,Daylight
2022-11-29T23:38:00.000,I 75,,,Sideswipe-Opposite Direction,2,Rain,Wet,Dark-Not Lighted
2022-09-15T06:45:00.000,I 20,,,Rear End,2,Clear,Dry,Dark-Not Lighted
2022-03-17T07:31:00.000,I 75,,,Rear End,3,Clear,Dry,Dark-Lighted
2022-05-07T09:21:00.000,I 75,,,Not a Collision with Motor Vehicle,1,Clear,Dry,Daylight
2022-11-24T23:30:00.000,I 20,,,Sideswipe-Opposite Direction,2,Other,Wet,Dark-Not Lighted
2022-09-30T01:00:00.000,I 75,,,Angle Crash,2,Clear,Dry,Dark-Lighted
2022-12-01T22:00:00.000,I 75,,,Not a Collision with Motor Vehicle,1,Clear,Dry,Dark-Not Lighted
2022-05-19T14:20:00.000,I 85,,,Sideswipe-Same Direction,3,Clear,Dry,Daylight
2022-08-02T07:31:00.000,I 285,,,Sideswipe-Same Direction,2,Clear,Dry,Daylight
2022-02-23T07:31:00.000,I 75,,,Not a Collision with Motor Vehicle,1,Rain,Wet,Dark-Lighted
2022-02-22T10:07:00.000,I 75,,,Not a Collision with Motor Vehicle,2,Clear,Dry,Daylight
2022-11-29T13:10:00.000,I 20,,,Sideswipe-Same Direction,2,Clear,Dry,Daylight
2022-09-13T18:18:00.000,I 75,,,Sideswipe-Same Direction,2,Clear,Dry,Daylight
2022-02-11T22:30:00.000,I-75,,,Rear End,3,Clear,Dry,Dark-Lighted
2022-06-13T04:50:00.000,I-75,,,Not a Collision with Motor Vehicle,1,Clear,Dry,Dark-Lighted
2022-12-22T17:28:00.000,I 20,,,Sideswipe-Same Direction,2,Cloudy,Dry,Daylight
2022-01-16T10:45:00.000,I 85,,,Not a Collision with Motor Vehicle,1,Snow,Snow,Daylight
2022-10-14T10:16:00.000,I 285,,,Rear End,2,Clear,Dry,Daylight
2022-09-23T23:00:00.000,I-75,,,Angle Crash,3,Clear,Dry,Dark-Lighted
2022-11-30T12:46:00.000,I 75,,,Rear End,2,Clear,Dry,Daylight
2022-11-07T06:40:00.000,I 85,,,Rear End,2,Cloudy,Dry,Daylight
2022-09-04T18:51:00.000,I 20,,,Not a Collision with Motor Vehicle,1,Rain,Wet,Daylight
2022-12-31T06:20:00.000,I 285,,,Not a Collision with Motor Vehicle,4,Cloudy,Wet,Dark-Not Lighted
2022-06-22T12:50:00.000,I-75,,,Rear End,3,Clear,Dry,Daylight
2022-11-11T12:10:00.000,I 75,,,Sideswipe-Same Direction,2,Rain,Wet,Daylight
2022-02-22T02:00:00.000,I-75,,,Not a Collision with Motor Vehicle,1,Rain,Water (standing or moving),Dark-Lighted
2022-10-28T18:35:00.000,I 285,,,Rear End,2,Clear,Dry,Dusk
2022-07-22T12:57:00.000,I 85,,,Rear End,2,Cloudy,Dry,Daylight
2022-05-25T18:28:00.000,I-75,,,Rear End,2,Rain,Wet,Daylight
2022-04-17T02:15:00.000,I 85,,,Angle Crash,2,Clear,Dry,Daylight
2022-02-27T18:38:00.000,I 285,,,Rear End,2,Clear,Dry,Dark-Not Lighted
2022-07-30T01:50:00.000,I-75,,,Angle Crash,2,Rain,Wet,Dark-Lighted
2022-02-21T14:40:00.000,I 16,,,Sideswipe-Same Direction,2,Rain,Wet,Daylight
2022-11-28T12:16:00.000,I 85,,,Sideswipe-Same Direction,2,Clear,Dry,Daylight
2022-12-21T23:00:00.000,I 285,,,Head On,4,Rain,Wet,Dark-Not Lighted
2022-04-03T00:25:00.000,I-75,,,Rear End,2,Clear,Dry,Dark-Lighted
2022-12-20T21:15:00.000,I 85,,,Sideswipe-Same Direction,2,Rain,Wet,Dark-Not Lighted
2022-08-08T23:55:00.000,I-75,,,Rear End,3,Clear,Dry,Dark-Not Lighted
2022-11-19T15:35:00.000,I 285,,,Angle Crash,2,Clear,Dry,Daylight
2022-11-20T09:50:00.000,I 85,,,Angle Crash,3,Clear,Dry,Daylight
2022-07-05T15:23:00.000,I 85,,,Not a Collision with Motor Vehicle,1,Clear,Dry,Daylight
2022-02-27T20:08:00.000,I 16,,,Angle Crash,2,Cloudy,Dry,Dark-Lighted
2022-03-03T14:38:00.000,I 285,,,Rear End,2,Clear,Dry,Daylight
2022-07-18T13:16:00.000,I 285,,,Rear End,2,Rain,Wet,Daylight
2022-08-02T15:20:00.000,I 285,,,Sideswipe-Same Direction,2,Clear,Dry,Daylight
2022-07-02T12:25:00.000,I 75,,,Rear End,3,Clear,Dry,Daylight
2022-03-09T06:30:00.000,I-75,,,Sideswipe-Same Direction,2,Rain,Water (standing or moving),Dark-Not Lighted
2022-09-23T12:12:00.000,I 75,,,Rear End,3,Clear,Dry,Daylight
2022-09-20T16:00:00.000,I 16,,,Rear End,2,Clear,Dry,Daylight
2022-07-26T22:46:00.000,I 16,,,Angle Crash,2,Clear,Dry,Dark-Not Lighted
2022-12-22T15:30:00.000,I 85,,,Rear End,2,Cloudy,Dry,Daylight
2022-02-22T09:02:00.000,I 85,,,Sideswipe-Same Direction,2,Cloudy,Dry,Daylight
2022-08-01T23:30:00.000,I 20,,,Sideswipe-Same Direction,2,Clear,Dry,Daylight
2022-08-01T07:59:00.000,I 285,,,Rear End,2,Clear,Dry,Daylight
2022-12-05T18:23:00.000,I 75,,,Angle Crash,2,Rain,Wet,Dark-Not Lighted
2022-04-17T22:33:00.000,I 20,,,Sideswipe-Same Direction,2,Rain,Wet,Dark-Not Lighted
2022-04-26T14:55:00.000,I 95,,,Sideswipe-Same Direction,2,Clear,Dry,Daylight
2022-03-25T18:54:00.000,I 75,,,Sideswipe-Same Direction,2,Clear,Dry,Daylight
2022-11-20T22:42:00.000,I-75,,,Rear End,2,Clear,Dry,Dark-Lighted
2022-12-26T13:02:00.000,I 95,,,Rear End,2,Clear,Dry,Daylight
2022-10-01T08:10:00.000,I 75,,,Not a Collision with Motor Vehicle,1,Clear,Dry,Daylight
2022-12-25T16:32:00.000,I 75,,,Not a Collision with Motor Vehicle,1,Clear,Dry,Daylight
2022-03-28T00:00:00.000,I 285,,,Rear End,2,Clear,Dry,Daylight
2022-12-24T06:02:00.000,I 16,,,Rear End,2,Clear,Dry,Dark-Not Lighted
2022-03-19T13:10:00.000,I 285,,,Rear End,2,Clear,Dry,Daylight
2022-10-21T09:51:00.000,I 75,,,Sideswipe-Same Direction,2,Clear,Dry,Daylight
2022-08-08T18:00:00.000,I 85,,,Sideswipe-Same Direction,2,Cloudy,Dry,Daylight
2022-04-07T11:23:00.000,I 20,,,Rear End,3,Clear,Dry,Daylight
2022-10-23T16:52:00.000,I 285,,,Rear End,2,Clear,Dry,Daylight
2022-11-27T01:43:00.000,I 75,,,Rear End,2,Cloudy,Wet,Dark-Not Lighted
2022-11-30T07:54:00.000,I-75,,,Rear End,2,Rain,Wet,Daylight
2022-03-02T07:08:00.000,I-75,,,Sideswipe-Same Direction,2,Clear,Dry,Daylight
2022-05-11T18:45:00.000,I-75,,,Sideswipe-Same Direction,2,Clear,Dry,Daylight
2022-01-05T15:18:00.000,I-75,,,Sideswipe-Same Direction,2,Clear,Dry,Daylight
2022-11-06T01:12:00.000,I 16,,,Not a Collision with Motor Vehicle,1,Clear,Dry,Dark-Not Lighted
2022-03-15T18:25:00.000,I 75,,,Not a Collision with Motor Vehicle,1,Rain,Wet,Daylight
2022-04-02T07:45:00.000,I 85,,,Not a Collision with Motor Vehicle,1,Clear,Dry,Daylight
2022-12-11T11:45:00.000,I-75,,,Sideswipe-Same Direction,2,Rain,Wet,Daylight
2022-01-13T15:35:00.000,I 85,,,Not a Collision with Motor Vehicle,1,Clear,Dry,Daylight
2022-09-14T08:02:00.000,I-75,,,Rear End,3,Clear,Dry,Daylight
2022-08-07T20:25:00.000,I-75,,,Rear End,2,Clear,Dry,Dark-Lighted
2022-03-08T15:41:00.000,I 285,,,Sideswipe-Same Direction,2,Rain,Wet,Daylight
2022-07-09T12:40:00.000,I 85,,,Sideswipe-Same Direction,2,Cloudy,Wet,Daylight
2022-05-04T15:44:00.000,I 20,,,Sideswipe-Same Direction,2,Cloudy,Dry,Daylight
2022-12-12T11:15:00.000,I 285,,,Sideswipe-Same Direction,2,Clear,Dry,Daylight
2022-05-27T14:20:00.000,I 16,,,(None),2,(None),(None),(None)
2022-08-27T16:00:00.000,I-75,,,Rear End,2,Rain,Wet,Daylight
2022-08-20T20:46:00.000,I 285,,,Rear End,2,Clear,Dry,Dark-Not Lighted
2022-01-11T16:44:00.000,I 75,,,Sideswipe-Same Direction,3,Clear,Dry,Daylight
2022-05-11T17:51:00.000,I-75,,,Angle Crash,2,Clear,Dry,Daylight
2022-02-08T20:10:00.000,I 95,,,Rear End,2,Clear,Dry,Dark-Lighted
2022-06-03T19:00:00.000,I 16,,,Not a Collision with Motor Vehicle,1,Rain,Wet,Daylight
2022-01-21T14:50:00.000,I 75,,,Rear End,2,Cloudy,Dry,Daylight
2022-04-02T12:53:00.000,I-75,,,Rear End,4,Cloudy,Dry,Daylight
2022-08-01T11:10:00.000,I 75,,,Rear End,2,Clear,Dry,Daylight
2022-08-10T19:12:00.000,I 16,,,(None),1,(None),(None),(None)
2022-12-18T20:00:00.000,I-75,,,Rear End,3,Clear,Dry,Dawn
2022-02-24T11:35:00.000,I 85,,,Sideswipe-Same Direction,2,Clear,Dry,Daylight
2022-01-12T08:04:00.000,I 20,,,Not a Collision with Motor Vehicle,1,Clear,Dry,Dark-Lighted
2022-02-15T20:00:00.000,I 75,,,Not a Collision with Motor Vehicle,1,Clear,Dry,Dark-Lighted
2022-03-08T12:04:00.000,I 285,,,Rear End,2,Cloudy,Dry,Daylight
2022-03-30T10:40:00.000,I 285,,,Sideswipe-Same Direction,2,Clear,Dry,Daylight
2022-08-26T07:14:00.000,I 95,,,Rear End,2,Clear,Dry,Daylight
2022-12-04T17:13:00.000,I 20,,,Head On,1,Clear,Dry,Daylight
2022-07-09T10:00:00.000,I 20,,,Not a Collision with Motor Vehicle,1,Cloudy,Wet,Daylight
2022-05-15T05:46:00.000,I 85,,,Sideswipe-Same Direction,2,Cloudy,Dry,Dark-Not Lighted
2022-04-21T00:00:00.000,I 20,,,Rear End,2,Clear,Dry,Daylight
2022-06-11T13:50:00.000,I 75,,,Rear End,4,Clear,Dry,Daylight
2022-05-24T18:20:00.000,I 285,,,Rear End,2,Clear,Dry,Daylight
2022-08-19T02:34:00.000,I 75,,,Not a Collision with Motor Vehicle,1,Cloudy,Dry,Dark-Not Lighted
2022-02-23T00:00:00.000,I-75,,,Rear End,2,Clear,Dry,Dark-Not Lighted
2022-11-28T22:33:00.000,I 16,,,Not a Collision with Motor Vehicle,1,Clear,Dry,Dark-Not Lighted
2022-10-10T11:58:00.000,I 75,,,Sideswipe-Same Direction,2,Clear,Dry,Daylight
2022-08-17T10:00:00.000,I-75,,,Rear End,2,Cloudy,Dry,Daylight
2022-05-14T21:30:00.000,I-75,,,Rear End,3,Clear,Dry,Dark-Lighted
2022-10-01T16:54:00.000,I 285,,,Sideswipe-Same Direction,2,Cloudy,Dry,Daylight
2022-12-15T03:23:00.000,I 85,,,Not a Collision with Motor Vehicle,1,Rain,Wet,Dark-Lighted
2022-07-03T01:12:00.000,I-75,,,Angle Crash,2,Clear,Dry,Dark-Lighted
2022-09-22T19:40:00.000,I 285,,,Not a Collision with Motor Vehicle,2,Clear,Dry,Daylight
2022-07-17T11:45:00.000,I 285,,,Sideswipe-Same Direction,2,Clear,Dry,Daylight
2022-09-04T21:49:00.000,I 75,,,Sideswipe-Same Direction,2,Rain,Wet,Dark-Not Lighted
2022-10-29T20:47:00.000,I 285,,,Angle Crash,2,Cloudy,Dry,Dark-Lighted
2022-04-27T18:05:00.000,I-75,,,Rear End,2,Clear,Dry,Daylight
2022-09-20T09:25:00.000,I 75,,,Rear End,3,Clear,Dry,Daylight
2022-12-21T10:00:00.000,I-75,,,Sideswipe-Same Direction,2,Clear,Dry,Daylight
2022-08-31T08:48:00.000,I 85,,,Rear End,2,Clear,Dry,Daylight
2022-09-01T06:15:00.000,I 20,,,Sideswipe-Same Direction,2,Clear,Dry,Daylight
2022-07-19T19:11:00.000,I 285,,,Rear End,2,Clear,Dry,Daylight
2022-06-18T11:31:00.000,I 75,,,Rear End,2,Clear,Dry,Daylight
2022-04-05T14:05:00.000,I 20,,,Not a Collision with Motor Vehicle,1,Rain,Wet,Daylight
2022-03-02T13:25:00.000,I-75,,,Rear End,2,Clear,Dry,Daylight
2022-06-23T04:00:00.000,I 75,,,Rear End,2,Clear,Dry,Dark-Not Lighted
2022-04-14T09:28:00.000,I 285,,,Rear End,2,Cloudy,Dry,Daylight
2022-03-13T15:00:00.000,I 285,,,Sideswipe-Same Direction,2,Clear,Dry,Daylight
2022-09-24T10:44:00.000,I-75,,,Rear End,2,Clear,Dry,Daylight
2022-08-11T17:49:00.000,I 75,,,Not a Collision with Motor Vehicle,1,Rain,Wet,Daylight
2022-03-17T18:54:00.000,I 16,,,Rear End,2,Clear,Dry,Daylight
2022-09-23T23:26:00.000,I-75,,,Sideswipe-Same Direction,2,Cloudy,Dry,Dark-Not Lighted
2022-12-10T23:50:00.000,I 20,,,Rear End,2,Cloudy,Wet,Dark-Lighted
2022-12-07T10:00:00.000,I-75,,,Rear End,2,Cloudy,Dry,Daylight
2022-05-16T09:01:00.000,I 285,,,Rear End,2,Clear,Dry,Daylight
2022-01-09T17:15:00.000,I 75,,,Sideswipe-Same Direction,2,Rain,Water (standing or moving),Dark-Lighted
2022-10-15T15:05:00.000,I 285,,,Sideswipe-Same Direction,2,Clear,Dry,Daylight
2022-06-23T16:23:00.000,I 75,,,Sideswipe-Same Direction,2,Clear,Dry,Daylight
2022-02-04T18:19:00.000,I 20,,,Not a Collision with Motor Vehicle,1,Rain,Wet,Dark-Not Lighted
2022-07-15T14:37:00.000,I 285,,,Not a Collision with Motor Vehicle,2,Clear,Dry,Daylight
2022-10-25T21:41:00.000,I-75,,,Rear End,3,Rain,Wet,Dark-Lighted
2022-11-08T09:29:00.000,I 75,,,Angle Crash,3,Clear,Dry,Daylight
2022-04-03T02:30:00.000,I 285,,,Sideswipe-Same Direction,2,Clear,Dry,Dark-Lighted
2022-12-19T06:20:00.000,I 85,,,Rear End,2,Cloudy,Dry,Dark-Not Lighted
2022-09-02T08:50:00.000,I 285,,,Rear End,2,Clear,Dry,Daylight
2022-05-28T20:00:00.000,I-75,,,Rear End,3,Clear,Dry,Daylight
2022-09-16T10:52:00.000,I 285,,,Angle Crash,2,Clear,Dry,Daylight
2022-02-15T16:55:00.000,I 85,,,Sideswipe-Same Direction,3,Clear,Dry,Daylight
2022-01-27T12:02:00.000,I-75,,,Rear End,2,Clear,Dry,Daylight
2022-04-13T17:58:00.000,I-75,,,Rear End,2,Clear,Dry,Daylight
2022-03-30T10:20:00.000,I 285,,,Sideswipe-Same Direction,2,Cloudy,Dry,Daylight
2022-11-15T17:24:00.000,I 20,,,Rear End,2,Rain,Wet,Dusk
2022-10-29T10:00:00.000,I 20,,,Not a Collision with Motor Vehicle,2,Clear,Dry,Daylight
2022-11-17T07:30:00.000,I 85,,,Rear End,2,Clear,Dry,Daylight
2022-06-25T14:40:00.000,I 285,,,Sideswipe-Same Direction,2,Clear,Dry,Daylight
2022-08-24T16:08:00.000,I-75,,,Rear End,2,Cloudy,Dry,Daylight
2022-04-26T12:19:00.000,I 75,,,Not a Collision with Motor Vehicle,1,Rain,Wet,Daylight
2022-02-23T08:50:00.000,I-75,,,Rear End,2,Rain,Wet,Daylight
2022-08-23T09:58:00.000,I 285,,,Rear End,2,Cloudy,Dry,Daylight
2022-05-19T17:14:00.000,I 16,,,Not a Collision with Motor Vehicle,1,Clear,Dry,Daylight
2022-11-30T10:00:00.000,I-75,,,Rear End,2,Rain,Water (standing or moving),Daylight
2022-06-01T16:50:00.000,I 95,,,Rear End,2,Clear,Dry,Daylight
2022-09-24T16:42:00.000,I 85,,,Rear End,2,Clear,Dry,Daylight
2022-11-15T20:59:00.000,I 75,,,Sideswipe-Same Direction,2,Clear,Dry,Dark-Lighted
2022-01-14T07:25:00.000,I-75,,,Sideswipe-Same Direction,3,Clear,Dry,Daylight
2022-07-02T22:50:00.000,I 16,,,Not a Collision with Motor Vehicle,1,Clear,Dry,Dark-Not Lighted
2022-02-05T22:48:00.000,I 75,,,Sideswipe-Same Direction,2,Clear,Dry,Dark-Not Lighted
2022-02-03T11:45:00.000,I 285,,,Sideswipe-Same Direction,2,Cloudy,Wet,Daylight
2022-03-26T21:00:00.000,I 285,,,Angle Crash,2,Clear,Dry,Dark-Lighted
2022-01-17T21:50:00.000,I 16,,,Not a Collision with Motor Vehicle,1,Clear,Dry,Dark-Not Lighted
2022-11-23T00:00:00.000,I 20,,,Rear End,2,Clear,Dry,Daylight
2022-07-01T17:30:00.000,I 16,,,Not a Collision with Motor Vehicle,1,Rain,Wet,Daylight
2022-07-17T23:12:00.000,I 85,,,Sideswipe-Same Direction,2,Clear,Dry,Dark-Lighted
2022-11-28T08:24:00.000,I 20,,,Sideswipe-Same Direction,2,Cloudy,Dry,Daylight
2022-05-04T06:21:00.000,I-75,,,Not a Collision with Motor Vehicle,1,Cloudy,Wet,Daylight
2022-06-01T05:41:00.000,I 75,,,Sideswipe-Same Direction,2,Clear,Dry,Daylight
2022-12-07T11:30:00.000,I-75,,,Rear End,3,Cloudy,Wet,Daylight
2022-10-22T17:15:00.000,I-75,,,Rear End,2,Clear,Dry,Daylight
2022-10-05T09:10:00.000,I-75,,,Sideswipe-Same Direction,2,Clear,Dry,Daylight
2022-05-19T17:15:00.000,I 75,,,Not a Collision with Motor Vehicle,1,Clear,Dry,Daylight
2022-02-12T13:16:00.000,I 75,,,Sideswipe-Same Direction,2,Clear,Dry,Daylight
2022-03-25T03:19:00.000,I 285,,,Not a Collision with Motor Vehicle,1,Clear,Dry,Dark-Not Lighted
2022-12-22T14:48:00.000,I 20,,,Sideswipe-Same Direction,2,Cloudy,Wet,Daylight
2022-10-13T07:38:00.000,I 85,,,Rear End,2,Cloudy,Wet,Daylight
2022-01-17T13:02:00.000,I 16,,,Rear End,2,Clear,Dry,Daylight
2022-02-09T08:22:00.000,I-75,,,Rear End,3,Clear,Dry,Daylight
2022-05-31T15:45:00.000,I 285,,,Angle Crash,2,Clear,Dry,Daylight
2022-11-06T14:15:00.000,I 95,,,Sideswipe-Same Direction,2,Rain,Wet,Daylight
2022-03-30T05:30:00.000,I 285,,,Not a Collision with Motor Vehicle,1,Clear,Dry,Dark-Lighted
2022-12-18T16:03:00.000,I 75,,,Not a Collision with Motor Vehicle,1,Clear,Dry,Daylight
2022-01-05T06:30:00.000,I 20,,,Rear End,3,Clear,Dry,Dark-Lighted
2022-12-09T16:54:00.000,I 20,,,Rear End,2,Rain,Wet,Daylight
2022-04-17T20:00:00.000,I-75,,,Sideswipe-Same Direction,3,Clear,Dry,Daylight
2022-07-18T18:50:00.000,I 85,,,Head On,2,Cloudy,Wet,Daylight
2022-06-20T02:24:00.000,I 20,,,Rear End,2,Clear,Dry,Dark-Not Lighted
2022-06-08T10:36:00.000,I 20,,,Sideswipe-Same Direction,2,Cloudy,Dry,Daylight
2022-07-26T17:00:00.000,I 20,,,Rear End,2,Clear,Dry,Daylight
2022-11-05T16:40:00.000,I 75,,,Rear End,2,Rain,Wet,Daylight
2022-12-20T19:30:00.000,I 75,,,Angle Crash,2,Rain,Wet,Dark-Lighted
2022-09-03T11:30:00.000,I 285,,,Rear End,2,Clear,Dry,Daylight
2022-11-13T17:33:00.000,I 85,,,Rear End,2,Clear,Dry,Dusk
2022-05-05T15:15:00.000,I 85,,,Rear End,6,Clear,Dry,Daylight
2022-09-04T23:00:00.000,I-75,,,Rear End,3,Clear,Dry,Dark-Lighted
2022-07-29T15:15:00.000,I 20,,,Rear End,2,Clear,Dry,Daylight
2022-09-09T16:10:00.000,I 75,,,Rear End,2,Clear,Dry,Daylight
2022-09-18T17:13:00.000,I 285,,,Rear End,2,Clear,Dry,Daylight
2022-08-14T11:49:00.000,I 75,,,Not a Collision with Motor Vehicle,1,Clear,Dry,Daylight
2022-01-27T09:15:00.000,I 85,,,Rear End,2,Clear,Dry,Daylight
2022-06-03T17:19:00.000,I 285,,,Sideswipe-Same Direction,2,Clear,Dry,Daylight