Date and Time,Roadway (From Crash Report),Intersection Name (from Crash Report),KABCO Severity,Manner of Collision (Crash Level) ,# of Vehicles per crash ,Weather Conditions (Crash Level),Surface Condition (Crash Level) ,Light Conditions (Crash Level)
2022-11-11T19:09:00.000,I 75,,,Rear End,2,Rain,Wet,Dark-Not Lighted
2022-10-09T16:10:00.000,I-75,,,Rear End,2,Clear,Dry,Daylight
2022-03-23T07:05:00.000,I-75,,,Rear End,2,Rain,Wet,Dark-Not Lighted
2022-09-21T14:30:00.000,I 20,,,Sideswipe-Same Direction,2,Clear,Dry,Daylight
2022-02-02T16:00:00.000,I 85,,,Rear End,3,Cloudy,Dry,Daylight
2022-03-23T08:13:00.000,I 75,,,Sideswipe-Same Direction,2,Cloudy,Wet,Daylight
2022-08-11T21:18:00.000,I-75,,,Rear End,2,Rain,Wet,Dark-Lighted
2022-07-30T08:00:00.000,I 285,,,Sideswipe-Same Direction,3,Clear,Dry,Daylight
2022-06-07T10:52:00.000,I 75,,,Not a Collision with Motor Vehicle,1,Cloudy,Dry,Daylight
2022-12-14T06:25:00.000,I 285,,,Angle Crash,2,Clear,Dry,Dark-Lighted
2022-06-06T16:20:00.000,I 85,,,Rear End,2,Rain,Wet,Daylight
2022-08-31T23:50:00.000,I-75,,,Rear End,2,Clear,Dry,Dark-Not Lighted
2022-07-03T14:12:00.000,I 85,,,Angle Crash,2,Clear,Dry,Daylight
2022-10-20T07:20:00.000,I 85,,,Rear End,2,Clear,Dry,Daylight
2022-08-10T15:00:00.000,I 85,,,Not a Collision with Motor Vehicle,1,Clear,Dry,Daylight
2022-10-25T23:37:00.000,I-75,,,Rear End,2,Clear,Wet,Dark-Lighted
2022-05-13T10:46:00.000,I 285,,,Rear End,3,Cloudy,Dry,Daylight
2022-11-18T13:17:00.000,I 285,,,Sideswipe-Same Direction,2,Clear,Dry,Daylight
2022-08-07T23:18:00.000,I 85,,,Angle Crash,2,Rain,Wet,Dark-Lighted
2022-01-06T22:45:00.000,I 20,,,Not a Collision with Motor Vehicle,1,Clear,Wet,Dark-Not Lighted
2022-12-07T19:30:00.000,I 75,,,Rear End,2,Rain,Wet,Dark-Not Lighted
2022-11-03T12:58:00.000,I 20,,,Not a Collision with Motor Vehicle,1,Clear,Dry,Daylight
2022-04-20T07:30:00.000,I 285,,,Angle Crash,2,Clear,Dry,Daylight
2022-03-19T23:30:00.000,I-75,,,Rear End,2,Clear,Dry,Dark-Lighted
2022-01-15T13:03:00.000,I 75,,,Rear End,2,Clear,Dry,Daylight
2022-09-07T15:38:00.000,I-75,,,Not a Collision with Motor Vehicle,1,Clear,Dry,Daylight
2022-08-31T08:30:00.000,I-75,,,Sideswipe-Same Direction,2,Clear,Dry,Daylight
2022-09-05T02:19:00.000,I 85,,,Sideswipe-Same Direction,2,Rain,Wet,Dark-Not Lighted
2022-12-18T15:10:00.000,I-75,,,Angle Crash,2,Clear,Dry,Daylight
2022-11-14T08:41:00.000,I 285,,,Rear End,2,Clear,Dry,Daylight
2022-07-01T15:04:00.000,I 20,,,Rear End,3,Rain,Wet,Daylight
2022-06-09T20:23:00.000,I-75,,,Rear End,2,Clear,Dry,Daylight
2022-12-03T11:50:00.000,I-75,,,Sideswipe-Same Direction,2,Rain,Water (standing or moving),Daylight
2022-04-22T21:00:00.000,I-75,,,Rear End,2,Clear,Dry,Dark-Lighted
2022-07-05T15:49:00.000,I 75,,,Rear End,2,Clear,Dry,Daylight
2022-09-09T07:42:00.000,I 85,,,Rear End,2,Cloudy,Dry,Daylight
2022-07-01T11:50:00.000,I 85,,,Sideswipe-Same Direction,2,Clear,Dry,Daylight
2022-01-22T20:07:00.000,I-75,,,Rear End,3,Clear,Dry,Dark-Lighted
2022-09-22T21:30:00.000,I 285,,,Angle Crash,2,Clear,Dry,Dark-Not Lighted
2022-01-07T20:00:00.000,I-75,,,Sideswipe-Same Direction,2,Clear,Dry,Daylight
2022-11-01T13:25:00.000,I 20,,,Rear End,2,Clear,Dry,Daylight
2022-02-24T16:45:00.000,I 285,,,Rear End,2,Clear,Dry,Daylight
2022-08-22T17:30:00.000,I 285,,,Rear End,2,Clear,Dry,Daylight
2022-03-06T22:25:00.000,I-75,,,Sideswipe-Same Direction,2,Clear,Dry,Dark-Lighted
2022-01-18T09:40:00.000,I 285,,,Rear End,2,Clear,Dry,Daylight
2022-07-20T17:31:00.000,I 75,,,Sideswipe-Same Direction,2,Clear,Dry,Daylight
2022-01-19T06:56:00.000,I 20,,,Rear End,2,Clear,Dry,Dark-Not Lighted
2022-05-02T16:52:00.000,I 75,,,Rear End,2,Clear,Dry,Daylight
2022-10-29T08:32:00.000,I 75,,,Sideswipe-Same Direction,2,Clear,Dry,Daylight
2022-03-19T10:50:00.000,I 285,,,Rear End,2,Clear,Dry,Daylight
2022-02-03T03:00:00.000,I-75,,,Not a Collision with Motor Vehicle,1,Rain,Wet,Dark-Not Lighted
2022-07-20T18:00:00.000,I 75,,,Sideswipe-Same Direction,2,Clear,Dry,Daylight
2022-02-11T12:00:00.000,I 285,,,Rear End,2,Clear,Dry,Daylight
2022-01-22T20:10:00.000,I 285,,,Rear End,3,Clear,Dry,Dark-Lighted
2022-11-24T15:41:00.000,I 20,,,Not a Collision with Motor Vehicle,1,Cloudy,Dry,Daylight
2022-09-17T05:25:00.000,I-75,,,Sideswipe-Same Direction,2,Clear,Dry,Dark-Lighted
2022-10-28T14:40:00.000,I 75,,,Not a Collision with Motor Vehicle,1,Clear,Dry,Daylight
2022-01-03T18:50:00.000,I 285,,,Rear End,2,Clear,Dry,Dark-Lighted
2022-10-02T16:00:00.000,I 20,,,Sideswipe-Same Direction,2,Clear,Dry,Daylight
2022-05-25T18:43:00.000,I-75,,,Sideswipe-Same Direction,2,Cloudy,Wet,Daylight
2022-12-17T18:30:00.000,I-75,,,Sideswipe-Same Direction,2,Clear,Dry,Dark-Lighted
2022-07-31T00:10:00.000,I-75,,,Rear End,2,Clear,Wet,Dark-Lighted
2022-12-30T16:00:00.000,I 75,,,Rear End,3,Clear,Dry,Daylight
2022-01-12T18:00:00.000,I 75,,,Not a Collision with Motor Vehicle,2,Clear,Dry,Dark-Not Lighted
2022-08-15T23:30:00.000,I 20,,,Not a Collision with Motor Vehicle,1,Clear,Dry,Dark-Not Lighted
2022-01-10T07:30:00.000,I 16,,,Not a Collision with Motor Vehicle,1,Cloudy,Wet,Daylight
2022-04-09T08:00:00.000,I-75,,,Sideswipe-Same Direction,2,Clear,Dry,Daylight
2022-01-30T09:45:00.000,I 285,,,Not a Collision with Motor Vehicle,1,Clear,Dry,Daylight
2022-02-09T07:00:00.000,I-75,,,Sideswipe-Same Direction,2,Clear,Dry,Daylight
2022-01-08T15:13:00.000,I 85,,,Not a Collision with Motor Vehicle,1,Clear,Dry,Daylight
2022-07-08T16:51:00.000,I 285,,,Not a Collision with Motor Vehicle,1,Clear,Dry,Daylight
2022-04-23T20:00:00.000,I 285,,,Sideswipe-Same Direction,2,Clear,Dry,Dark-Not Lighted
2022-02-09T19:29:00.000,I 85,,,Sideswipe-Same Direction,4,Clear,Dry,Dark-Lighted
2022-11-13T01:56:00.000,I 75,,,Not a Collision with Motor Vehicle,1,Clear,Dry,Dark-Not Lighted
2022-11-24T16:10:00.000,I 20,,,Not a Collision with Motor Vehicle,1,Rain,Wet,Daylight
2022-09-03T18:28:00.000,I-75,,,Sideswipe-Same Direction,2,Clear,Dry,Daylight
2022-10-31T06:31:00.000,I 85,,,Rear End,2,Cloudy,Wet,Dark-Not Lighted
2022-04-16T08:22:00.000,I 75,,,Not a Collision with Motor Vehicle,1,Rain,Wet,Daylight
2022-12-04T08:50:00.000,I 75,,,Not a Collision with Motor Vehicle,1,Cloudy,Dry,Daylight
2022-12-17T20:05:00.000,I 285,,,Sideswipe-Same Direction,2,Clear,Dry,Dark-Not Lighted
2022-03-09T11:12:00.000,I 20,,,Not a Collision with Motor Vehicle,2,Clear,Dry,Daylight
2022-09-12T06:24:00.000,I 20,,,Sideswipe-Same Direction,3,Clear,Dry,Dark-Not Lighted
2022-12-29T20:30:00.000,I 75,,,Rear End,3,Clear,Dry,Dark-Not Lighted
2022-08-09T16:10:00.000,I 285,,,Sideswipe-Same Direction,2,Cloudy,Dry,Daylight
2022-11-04T18:33:00.000,I 75,,,Not a Collision with Motor Vehicle,1,Clear,Dry,Dark-Lighted
2022-08-12T14:20:00.000,I 285,,,Angle Crash,2,Clear,Dry,Daylight
2022-11-20T18:01:00.000,I 285,,,Rear End,3,Clear,Dry,Dark-Not Lighted
2022-08-29T19:10:00.000,I 75,,,Rear End,2,Clear,Dry,Daylight
2022-12-10T02:30:00.000,I 285,,,Angle Crash,2,Clear,Wet,Dark-Lighted
2022-05-09T16:30:00.000,I 285,,,Rear End,2,Clear,Dry,Daylight
2022-12-15T11:59:00.000,I 75,,,Rear End,2,Clear,Dry,Daylight
2022-12-08T08:32:00.000,I 285,,,Rear End,2,Clear,Wet,Daylight
2022-10-08T15:56:00.000,I 75,,,Rear End,5,Clear,Dry,Daylight
2022-05-18T14:19:00.000,I 75,,,Angle Crash,2,Clear,Dry,Daylight
2022-09-29T17:43:00.000,I 85,,,Sideswipe-Same Direction,2,Clear,Dry,Daylight
2022-05-11T18:57:00.000,I-75,,,Sideswipe-Same Direction,2,Clear,Dry,Daylight
2022-09-05T21:23:00.000,I 75,,,Sideswipe-Same Direction,2,Cloudy,Dry,Dark-Not Lighted
2022-11-06T15:06:00.000,I 16,,,Not a Collision with Motor Vehicle,1,Rain,Wet,Daylight
2022-02-16T14:36:00.000,I 16,,,Sideswipe-Same Direction,2,Clear,Dry,Dusk
2022-01-16T00:43:00.000,I 75,,,Not a Collision with Motor Vehicle,1,Rain,Wet,Dark-Not Lighted
2022-09-18T15:45:00.000,I 285,,,Rear End,2,Clear,Dry,Daylight
2022-11-17T22:45:00.000,I-75,,,Rear End,2,Clear,Dry,Dark-Lighted
2022-07-22T03:20:00.000,I 75,,,Not a Collision with Motor Vehicle,1,Cloudy,Dry,Dark-Not Lighted
2022-06-23T15:01:00.000,I 20,,,Not a Collision with Motor Vehicle,1,Cloudy,Dry,Daylight
2022-11-11T16:11:00.000,I 20,,,Angle Crash,2,Cloudy,Wet,Daylight
2022-09-20T17:10:00.000,I 75,,,Rear End,2,Clear,Dry,Daylight
2022-09-24T02:39:00.000,I 85,,,Sideswipe-Same Direction,2,Clear,Dry,Dark-Lighted
2022-08-25T16:15:00.000,I 75,,,Rear End,2,Cloudy,Dry,Daylight
2022-11-23T17:09:00.000,I 285,,,Rear End,2,Clear,Dry,Dark-Not Lighted
2022-08-27T09:57:00.000,I 285,,,Rear End,2,Clear,Dry,Daylight
2022-05-29T15:00:00.000,I-75,,,Rear End,4,Clear,Dry,Daylight
2022-11-10T12:40:00.000,I 75,,,Sideswipe-Same Direction,2,Cloudy,Dry,Daylight
2022-11-13T19:30:00.000,I-75,,,Rear End,3,Clear,Dry,Dark-Lighted
2022-03-23T07:00:00.000,I-75,,,Rear End,2,Rain,Wet,Dark-Lighted
2022-10-17T09:50:00.000,I 85,,,Rear End,2,Clear,Dry,Daylight
2022-03-13T20:20:00.000,I-75,,,Sideswipe-Same Direction,2,Clear,Dry,Dark-Lighted
2022-02-24T13:30:00.000,I 20,,,Not a Collision with Motor Vehicle,1,Cloudy,Dry,Daylight
2022-03-31T07:05:00.000,I 16,,,Not a Collision with Motor Vehicle,1,Clear,Dry,Daylight
2022-05-14T22:35:00.000,I-75,,,Sideswipe-Same Direction,2,Clear,Dry,Dark-Not Lighted
2022-10-12T18:36:00.000,I 85,,,Not a Collision with Motor Vehicle,1,Cloudy,Wet,Daylight
2022-03-09T06:38:00.000,I-75,,,Not a Collision with Motor Vehicle,1,Rain,Water (standing or moving),Dawn
2022-07-25T14:00:00.000,I 85,,,Sideswipe-Same Direction,2,Cloudy,Dry,Daylight
2022-09-06T02:05:00.000,I-75,,,Not a Collision with Motor Vehicle,1,Cloudy,Water (standing or moving),Dark-Lighted
2022-04-05T16:07:00.000,I 16,,,Rear End,2,Clear,Dry,Daylight
2022-07-29T11:13:00.000,I 20,,,Rear End,2,Clear,Dry,Daylight
2022-11-01T12:00:00.000,I 75,,,Rear End,4,Clear,Dry,Daylight
2022-06-11T23:40:00.000,I-75,,,Rear End,2,Clear,Dry,Dark-Lighted
2022-07-01T14:00:00.000,I 20,,,Rear End,2,Rain,Wet,Daylight
2022-05-31T23:13:00.000,I 285,,,Sideswipe-Same Direction,2,Clear,Dry,Dark-Lighted
2022-03-26T03:30:00.000,I 75,,,Not a Collision with Motor Vehicle,1,Clear,Dry,Dark-Not Lighted
2022-12-24T02:30:00.000,I-75,,,Angle Crash,2,Clear,Dry,Dark-Not Lighted
2022-05-29T01:09:00.000,I 20,,,Not a Collision with Motor Vehicle,1,Clear,Dry,Dark-Lighted
2022-10-15T22:10:00.000,I-75,,,Angle Crash,3,Clear,Dry,Dark-Lighted
2022-08-03T10:00:00.000,I 285,,,Angle Crash,2,Cloudy,Dry,Daylight
2022-05-26T18:31:00.000,I 75,,,Sideswipe-Same Direction,2,Cloudy,Dry,Daylight
2022-07-14T05:43:00.000,I 20,,,Not a Collision with Motor Vehicle,1,Clear,Dry,Dark-Not Lighted
2022-02-18T20:17:00.000,I-75,,,Rear End,2,Clear,Dry,Dark-Lighted
2022-10-03T22:24:00.000,I 75,,,Rear End,2,Clear,Dry,Dark-Lighted
2022-12-03T18:00:00.000,I 75,,,Not a Collision with Motor Vehicle,1,Cloudy,Wet,Dark-Not Lighted
2022-07-30T16:48:00.000,I-75,,,Not a Collision with Motor Vehicle,1,Rain,Wet,Daylight
2022-04-27T21:30:00.000,I-75,,,Angle Crash,3,Clear,Dry,Dark-Lighted
2022-05-03T18:54:00.000,I 285,,,Rear End,2,Clear,Dry,Daylight
2022-04-26T18:50:00.000,I 75,,,Rear End,2,Clear,Dry,Daylight
2022-11-14T20:20:00.000,I 285,,,Sideswipe-Same Direction,2,Clear,Dry,Dark-Not Lighted
2022-11-30T09:30:00.000,I-75,,,Rear End,2,Cloudy,Wet,Daylight
2022-12-17T09:50:00.000,I-75,,,Rear End,2,Clear,Dry,Daylight
2022-12-21T20:02:00.000,I 285,,,Rear End,2,Clear,Dry,Dark-Lighted
2022-08-04T22:45:00.000,I 75,,,Sideswipe-Same Direction,2,Clear,Dry,Dark-Not Lighted
2022-04-11T22:50:00.000,I 20,,,Sideswipe-Same Direction,2,Clear,Dry,Dark-Not Lighted
2022-01-28T17:53:00.000,I 285,,,Sideswipe-Same Direction,2,Clear,Dry,Daylight
2022-01-06T19:23:00.000,I 75,,,Rear End,2,Cloudy,Wet,Dark-Lighted
2022-02-12T02:55:00.000,I 285,,,Not a Collision with Motor Vehicle,1,Clear,Dry,Dark-Not Lighted
2022-08-23T11:44:00.000,I 285,,,Rear End,2,Cloudy,Dry,Daylight
2022-11-28T18:24:00.000,I-75,,,Sideswipe-Same Direction,2,Cloudy,Dry,Dark-Lighted
2022-03-17T00:26:00.000,I 20,,,Sideswipe-Same Direction,3,Clear,Dry,Daylight
2022-08-14T02:20:00.000,I-75,,,Angle Crash,3,Clear,Dry,Dark-Lighted
2022-06-23T16:10:00.000,I 285,,,Rear End,2,Clear,Dry,Daylight
2022-07-13T17:30:00.000,I 85,,,Rear End,4,Rain,Wet,Daylight
2022-11-06T20:30:00.000,I 285,,,Not a Collision with Motor Vehicle,1,Clear,Dry,Dark-Not Lighted
2022-02-24T07:51:00.000,I 16,,,Sideswipe-Same Direction,2,Clear,Dry,Daylight
2022-08-13T04:56:00.000,I 85,,,Not a Collision with Motor Vehicle,1,Clear,Dry,Dark-Not Lighted
2022-07-31T13:34:00.000,I-75,,,Rear End,2,Clear,Dry,Daylight
2022-02-15T16:30:00.000,I 85,,,Rear End,2,Clear,Dry,Daylight
2022-08-26T13:04:00.000,I 75,,,Rear End,2,Clear,Dry,Daylight
2022-02-25T19:18:00.000,I 75,,,Sideswipe-Same Direction,2,Clear,Dry,Dark-Not Lighted
2022-03-26T12:04:00.000,I-75,,,Sideswipe-Same Direction,2,Clear,Dry,Daylight
2022-12-07T08:35:00.000,I-75,,,Sideswipe-Same Direction,2,Cloudy,Wet,Daylight
2022-03-31T07:30:00.000,I-75,,,Sideswipe-Same Direction,2,Clear,Dry,Dawn
2022-04-23T15:16:00.000,I 20,,,Rear End,2,Clear,Dry,Daylight
2022-09-11T02:45:00.000,I 75,,,Not a Collision with Motor Vehicle,1,Cloudy,Wet,Dark-Not Lighted
2022-02-05T14:58:00.000,I 285,,,Rear End,2,Clear,Dry,Daylight
2022-07-21T12:00:00.000,I 20,,,Sideswipe-Same Direction,2,Rain,Wet,Daylight
2022-09-27T09:17:00.000,I 16,,,Sideswipe-Same Direction,2,Clear,Dry,Daylight
2022-09-23T05:15:00.000,I-75,,,Angle Crash,2,Cloudy,Dry,Dark-Lighted
2022-04-21T20:58:00.000,I 75,,,Rear End,2,Clear,Dry,Dark-Not Lighted
2022-12-02T12:27:00.000,I 16,,,Not a Collision with Motor Vehicle,2,Clear,Dry,Daylight
2022-10-14T14:41:00.000,I 75,,,Rear End,2,Clear,Dry,Daylight
2022-12-05T11:40:00.000,I 85,,,Rear End,2,Rain,Wet,Daylight
2022-09-16T10:40:00.000,I 20,,,Rear End,2,Clear,Dry,Daylight
2022-12-05T17:13:00.000,I 20,,,Angle Crash,2,Rain,Wet,Dark-Not Lighted
2022-08-03T20:00:00.000,I 75,,,Not a Collision with Motor Vehicle,1,Rain,Wet,Daylight
2022-09-20T14:40:00.000,I 85,,,Not a Collision with Motor Vehicle,1,Cloudy,Dry,Daylight
2022-02-06T12:40:00.000,I-75,,,Rear End,2,Clear,Dry,Daylight
2022-03-21T15:31:00.000,I 285,,,Angle Crash,2,Clear,Dry,Daylight
2022-01-25T14:05:00.000,I 285,,,Rear End,2,Cloudy,Dry,Daylight
2022-01-08T17:22:00.000,I-75,,,Rear End,2,Clear,Dry,Dark-Lighted
2022-01-12T08:59:00.000,I 75,,,Rear End,2,Clear,Dry,Daylight
2022-02-09T07:19:00.000,I 16,,,Rear End,2,Clear,Dry,Daylight
2022-03-11T16:40:00.000,I 285,,,Sideswipe-Same Direction,2,Clear,Dry,Daylight
2022-07-20T09:50:00.000,I-75,,,Sideswipe-Same Direction,2,Clear,Dry,Daylight
2022-09-16T09:50:00.000,I 85,,,Rear End,2,Clear,Dry,Daylight
2022-07-07T18:12:00.000,I 75,,,Rear End,2,Cloudy,Wet,Daylight
2022-09-28T10:59:00.000,I 85,,,Rear End,2,Clear,Dry,Daylight
2022-01-09T19:23:00.000,I 75,,,Sideswipe-Same Direction,2,Rain,Water (standing or moving),Dark-Not Lighted
2022-11-16T14:40:00.000,I 285,,,Sideswipe-Same Direction,2,Clear,Dry,Daylight
2022-08-29T23:31:00.000,I 75,,,Not a Collision with Motor Vehicle,1,Clear,Dry,Dark-Not Lighted
2022-07-08T06:28:00.000,I 75,,,Rear End,2,Cloudy,Dry,Daylight
2022-04-13T08:53:00.000,I 75,,,Sideswipe-Same Direction,2,Clear,Dry,Daylight
2022-12-07T07:39:00.000,I 75,,,Angle Crash,3,Rain,Wet,Daylight
2022-06-19T21:44:00.000,I 75,,,Not a Collision with Motor Vehicle,1,Clear,Dry,Dark-Not Lighted
2022-02-27T18:21:00.000,I-75,,,Sideswipe-Same Direction,2,Cloudy,Dry,Dark-Lighted
2022-11-03T17:39:00.000,I 75,,,Angle Crash,2,Clear,Dry,Daylight
2022-11-14T07:40:00.000,I 16,,,Rear End,2,Cloudy,Dry,Daylight
2022-02-18T06:57:00.000,I 75,,,Sideswipe-Same Direction,2,Cloudy,Dry,Dark-Not Lighted
2022-08-28T18:28:00.000,I 95,,,Not a Collision with Motor Vehicle,1,Clear,Dry,Daylight
2022-10-11T20:00:00.000,I-75,,,Rear End,3,Clear,Dry,Dark-Lighted
2022-04-29T17:45:00.000,I 85,,,Rear End,2,Clear,Dry,Daylight
2022-04-06T17:55:00.000,I 285,,,Sideswipe-Same Direction,2,Rain,Wet,Daylight
2022-03-25T12:30:00.000,I 16,,,Rear End,2,Clear,Dry,Daylight
2022-11-11T07:53:00.000,I 75,,,Rear End,2,Rain,Wet,Daylight
2022-08-16T17:23:00.000,I 85,,,Sideswipe-Same Direction,2,Cloudy,Dry,Daylight
2022-07-20T17:30:00.000,I 75,,,Rear End,2,Clear,Dry,Daylight
2022-11-07T22:59:00.000,I 285,,,Not a Collision with Motor Vehicle,1,Cloudy,Dry,Dark-Not Lighted
2022-09-03T01:45:00.000,I 20,,,Angle Crash,2,Clear,Dry,Dark-Lighted
2022-11-14T05:34:00.000,I 85,,,Sideswipe-Same Direction,2,Clear,Dry,Dark-Not Lighted
2022-10-02T19:00:00.000,I-75,,,Rear End,2,Clear,Dry,Dark-Not Lighted
2022-10-19T15:50:00.000,I-75,,,Sideswipe-Same Direction,3,Clear,Dry,Daylight
2022-11-26T23:00:00.000,I 285,,,Rear End,2,Rain,Wet,Dark-Lighted
2022-02-01T18:45:00.000,I 85,,,Not a Collision with Motor Vehicle,1,Clear,Dry,Dark-Lighted
2022-08-22T15:04:00.000,I-75,,,Rear End,2,Clear,Dry,Daylight
2022-12-06T12:45:00.000,I 85,,,Rear End,2,Cloudy,Wet,Daylight
2022-07-25T15:35:00.000,I 75,,,Rear End,2,Cloudy,Dry,Daylight
2022-04-23T20:45:00.000,I 285,,,Sideswipe-Same Direction,2,Clear,Dry,Dark-Lighted
2022-07-31T00:50:00.000,I 20,,,Not a Collision with Motor Vehicle,1,Cloudy,Wet,Dark-Lighted
2022-05-22T15:18:00.000,I 285,,,Rear End,2,Clear,Dry,Daylight
2022-06-28T09:28:00.000,I 20,,,Sideswipe-Same Direction,1,Cloudy,Dry,Daylight
2022-09-15T11:00:00.000,I 285,,,Rear End,2,Clear,Dry,Daylight
2022-02-12T15:15:00.000,I-75,,,Not a Collision with Motor Vehicle,1,Clear,Dry,Daylight
2022-11-11T07:44:00.000,I 20,,,Not a Collision with Motor Vehicle,2,Rain,Wet,Daylight
2022-03-22T16:07:00.000,I 285,,,Rear End,2,Clear,Dry,Daylight
2022-06-20T04:18:00.000,I-75,,,Rear End,3,Clear,Dry,Dusk
2022-09-22T01:20:00.000,I 20,,,Rear End,2,Clear,Dry,Dark-Not Lighted
2022-09-20T09:05:00.000,I 75,,,Rear End,2,Clear,Wet,Daylight
2022-10-12T17:32:00.000,I 20,,,Not a Collision with Motor Vehicle,1,Rain,Wet,Dark-Lighted
2022-02-04T16:34:00.000,I 16,,,Rear End,3,Cloudy,Wet,Daylight
2022-12-28T03:53:00.000,I 75,,,Sideswipe-Same Direction,2,Cloudy,Dry,Dark-Not Lighted
2022-01-22T16:53:00.000,I 75,,,Rear End,2,Clear,Dry,Daylight
2022-11-20T14:20:00.000,I 16,,,Rear End,2,Clear,Dry,Daylight
2022-02-27T12:35:00.000,I 75,,,Not a Collision with Motor Vehicle,1,Rain,Wet,Daylight
2022-12-14T15:42:00.000,I 16,,,Rear End,2,Rain,Wet,Daylight
2022-10-19T09:00:00.000,I 75,,,Rear End,2,Clear,Dry,Daylight
2022-05-24T06:33:00.000,I 75,,,Not a Collision with Motor Vehicle,1,Cloudy,Dry,Daylight
2022-07-06T09:25:00.000,I 285,,,Rear End,2,Clear,Dry,Daylight
2022-08-31T19:56:00.000,I-75,,,Rear End,2,Clear,Dry,Daylight
2022-09-29T16:15:00.000,I 75,,,Not a Collision with Motor Vehicle,1,Clear,Dry,Daylight
2022-11-28T09:30:00.000,I 75,,,Sideswipe-Same Direction,2,Clear,Dry,Daylight
2022-09-13T08:15:00.000,I 75,,,Sideswipe-Same Direction,2,Cloudy,Dry,Daylight
2022-10-01T03:42:00.000,I 85,,,Sideswipe-Same Direction,2,Clear,Dry,Dark-Not Lighted
2022-02-15T16:27:00.000,I 20,,,(None),2,(None),(None),(None)
2022-12-07T19:03:00.000,I 85,,,Sideswipe-Same Direction,2,Clear,Wet,Dark-Not Lighted
2022-12-25T23:07:00.000,I 75,,,Head On,2,Clear,Dry,Dark-Not Lighted
2022-04-12T05:54:00.000,I 75,,,Angle Crash,2,Clear,Dry,Dawn
2022-11-27T03:00:00.000,I-75,,,Angle Crash,2,Rain,Water (standing or moving),Dark-Lighted
2022-06-20T17:00:00.000,I 285,,,Sideswipe-Same Direction,2,Clear,Dry,Daylight
2022-07-16T01:10:00.000,I-75,,,Sideswipe-Same Direction,2,Clear,Dry,Dark-Lighted
2022-06-01T06:50:00.000,I 16,,,Sideswipe-Same Direction,2,Clear,Dry,Daylight
2022-11-03T16:47:00.000,I 16,,,Sideswipe-Same Direction,2,Clear,Dry,Daylight
2022-02-10T09:55:00.000,I 85,,,Rear End,2,Clear,Dry,Daylight
2022-05-06T10:42:00.000,I 20,,,Not a Collision with Motor Vehicle,1,Clear,Dry,Daylight
2022-07-23T23:23:00.000,I-75,,,Rear End,2,Clear,Dry,Dark-Lighted
2022-03-20T09:21:00.000,I 20,,,Not a Collision with Motor Vehicle,1,Clear,Dry,Daylight
2022-03-04T21:03:00.000,I-75,,,Rear End,4,Fog,Dry,Dark-Lighted
2022-02-01T06:58:00.000,I 75,,,Rear End,2,Clear,Dry,Daylight
2022-09-21T19:17:00.000,I 20,,,Rear End,3,Clear,Dry,Daylight
2022-09-29T00:30:00.000,I-75,,,Rear End,2,Clear,Dry,Dark-Lighted
2022-03-25T01:03:00.000,I 95,,,Rear End,2,Rain,Wet,Dark-Not Lighted
2022-07-08T23:43:00.000,I-75,,,Rear End,2,Cloudy,Dry,Dusk
2022-12-22T21:15:00.000,I 75,,,Rear End,2,Rain,Wet,Dark-Lighted
2022-03-29T13:43:00.000,I 85,,,Sideswipe-Same Direction,3,Cloudy,Dry,Daylight
2022-08-01T17:06:00.000,I 75,,,Rear End,2,Clear,Dry,Daylight
2022-08-16T09:10:00.000,I 75,,,Rear End,2,Clear,Dry,Daylight
2022-05-26T17:00:00.000,I 285,,,Rear End,2,Cloudy,Dry,Daylight
2022-03-18T12:25:00.000,I 75,,,Rear End,3,Rain,Wet,Daylight
2022-05-01T21:23:00.000,I-75,,,Not a Collision with Motor Vehicle,1,Clear,Dry,Dark-Lighted
2022-11-08T05:50:00.000,I 285,,,Rear End,2,Clear,Dry,Dark-Lighted
2022-02-16T10:00:00.000,I 285,,,Rear End,2,Clear,Dry,Daylight
2022-11-03T07:07:00.000,I 85,,,Angle Crash,1,Clear,Dry,Dawn
2022-12-16T06:10:00.000,I 75,,,Rear End,3,Clear,Dry,Dark-Not Lighted
2022-01-19T07:41:00.000,I 75,,,Rear End,3,Clear,Dry,Daylight
2022-06-11T23:54:00.000,I 75,,,Rear End,2,Clear,Dry,Dark-Not Lighted
2022-09-30T15:30:00.000,I 285,,,Rear End,2,Clear,Dry,Daylight
2022-12-15T15:04:00.000,I 20,,,Not a Collision with Motor Vehicle,1,Clear,Dry,Daylight
2022-11-27T11:21:00.000,I 16,,,Not a Collision with Motor Vehicle,1,Clear,Wet,Daylight
2022-02-14T15:30:00.000,I-75,,,Rear End,3,Clear,Dry,Daylight
2022-09-08T00:00:00.000,I 20,,,Sideswipe-Same Direction,2,Clear,Dry,Daylight
2022-08-30T17:09:00.000,I 20,,,Angle Crash,2,Rain,Wet,Daylight
2022-07-16T01:40:00.000,I-75,,,Angle Crash,2,Clear,Dry,Dark-Lighted
2022-01-06T06:38:00.000,I 285,,,Rear End,2,Clear,Dry,Dark-Not Lighted
2022-10-05T11:26:00.000,I-75,,,Rear End,3,Clear,Dry,Daylight
2022-12-17T15:25:00.000,I 85,,,Rear End,4,Clear,Dry,Daylight
2022-12-14T11:20:00.000,I 285,,,Rear End,2,Rain,Wet,Daylight
2022-06-04T10:54:00.000,I 75,,,Not a Collision with Motor Vehicle,1,Clear,Dry,Daylight
2022-07-01T05:00:00.000,I-75,,,Rear End,4,Clear,Dry,Dark-Lighted
2022-03-20T02:40:00.000,I-75,,,Rear End,3,Clear,Dry,Dark-Lighted