Date and Time,Roadway (From Crash Report),Intersection Name (from Crash Report),KABCO Severity,Manner of Collision (Crash Level) ,# of Vehicles per crash ,Weather Conditions (Crash Level),Surface Condition (Crash Level) ,Light Conditions (Crash Level)
2022-08-11T17:39:00.000,I 75,,,Not a Collision with Motor Vehicle,1,Rain,Wet,Daylight
2022-01-08T13:15:00.000,I 75,,,Sideswipe-Same Direction,3,Clear,Dry,Daylight
2022-12-29T07:00:00.000,I-75,,,Sideswipe-Same Direction,2,Cloudy,Dry,Dark-Lighted
2022-09-29T08:04:00.000,I 285,,,Sideswipe-Same Direction,2,Clear,Dry,Daylight
2022-07-07T05:37:00.000,I 285,,,Rear End,2,Clear,Dry,Daylight
2022-12-11T15:30:00.000,I-75,,,Rear End,2,Rain,Water (standing or moving),Daylight
2022-05-12T15:59:00.000,I 285,,,Rear End,2,Clear,Dry,Daylight
2022-06-11T15:55:00.000,I 75,,,Rear End,2,Clear,Dry,Daylight
2022-08-31T15:45:00.000,I 20,,,Rear End,2,Clear,Dry,Daylight
2022-01-19T22:57:00.000,I 285,,,Sideswipe-Same Direction,2,Clear,Dry,Dark-Not Lighted
2022-12-31T00:34:00.000,I-75,,,Angle Crash,2,Clear,Wet,Dark-Lighted
2022-12-14T13:32:00.000,I 20,,,Sideswipe-Same Direction,2,Rain,Wet,Daylight
2022-12-20T16:00:00.000,I-75,,,Sideswipe-Same Direction,2,Rain,Wet,Daylight
2022-05-22T03:03:00.000,I 16,,,Not a Collision with Motor Vehicle,1,Cloudy,Dry,Dark-Not Lighted
2022-04-20T01:27:00.000,I-75,,,Sideswipe-Same Direction,2,Clear,Dry,Dark-Lighted
2022-05-30T09:38:00.000,I 285,,,Rear End,2,Clear,Dry,Daylight
2022-04-24T15:55:00.000,I-75,,,Rear End,2,Clear,Dry,Daylight
2022-06-27T22:30:00.000,I-75,,,Rear End,3,Clear,Dry,Dark-Lighted
2022-07-09T07:12:00.000,I 75,,,Not a Collision with Motor Vehicle,1,Rain,Wet,Daylight
2022-11-04T19:20:00.000,I 75,,,Rear End,2,Clear,Dry,Dark-Not Lighted
2022-12-14T18:37:00.000,I 285,,,Rear End,2,Rain,Wet,Dark-Not Lighted
2022-12-06T05:33:00.000,I 20,,,Not a Collision with Motor Vehicle,1,Rain,Wet,Dark-Lighted
2022-03-12T02:25:00.000,I-75,,,Rear End,2,Rain,Wet,Dark-Lighted
2022-12-07T03:20:00.000,I 20,,,Rear End,2,Fog,Dry,Dark-Lighted
2022-03-10T15:30:00.000,I 285,,,Rear End,2,Clear,Dry,Daylight
2022-06-11T19:31:00.000,I 85,,,Sideswipe-Same Direction,2,Cloudy,Dry,Daylight
2022-02-09T19:56:00.000,I 285,,,Sideswipe-Same Direction,2,Clear,Dry,Dark-Not Lighted
2022-12-25T13:26:00.000,I 285,,,Rear End,2,Clear,Dry,Daylight
2022-01-11T00:40:00.000,I-75,,,Sideswipe-Same Direction,2,Clear,Dry,Dark-Lighted
2022-12-05T16:35:00.000,I 285,,,Sideswipe-Same Direction,2,Rain,Wet,Daylight
2022-03-08T16:55:00.000,I 75,,,Not a Collision with Motor Vehicle,1,Rain,Wet,Daylight
2022-10-26T09:25:00.000,I 285,,,Sideswipe-Same Direction,2,Clear,Dry,Daylight
2022-08-03T13:00:00.000,I-75,,,Rear End,2,Clear,Dry,Daylight
2022-03-10T13:35:00.000,I 285,,,Sideswipe-Same Direction,2,Clear,Dry,Daylight
2022-07-26T18:56:00.000,I 95,,,Angle Crash,2,Clear,Dry,Daylight
2022-02-25T20:54:00.000,I-75,,,Angle Crash,2,Clear,Dry,Dark-Lighted
2022-11-22T18:00:00.000,I 285,,,Rear End,2,Cloudy,Dry,Dark-Not Lighted
2022-03-08T21:50:00.000,I 20,,,Not a Collision with Motor Vehicle,1,Clear,Wet,Dark-Lighted
2022-03-10T12:00:00.000,I 20,,,Angle Crash,2,Clear,Dry,Daylight
2022-06-23T19:25:00.000,I 20,,,Not a Collision with Motor Vehicle,1,Clear,Dry,Daylight
2022-08-30T10:51:00.000,I 75,,,Rear End,2,Clear,Dry,Daylight
2022-07-13T11:09:00.000,I 16,,,Rear End,2,Clear,Dry,Daylight
2022-08-13T10:44:00.000,I 20,,,Rear End,2,Clear,Dry,Daylight
2022-10-05T17:37:00.000,I 20,,,Rear End,2,Clear,Dry,Daylight
2022-07-14T11:33:00.000,I 16,,,Not a Collision with Motor Vehicle,1,Clear,Dry,Daylight
2022-10-13T02:40:00.000,I 75,,,Sideswipe-Same Direction,2,Cloudy,Wet,Dark-Lighted
2022-12-31T19:11:00.000,I-75,,,Rear End,2,Clear,Dry,Dark-Lighted
2022-11-08T19:15:00.000,I 285,,,Sideswipe-Same Direction,2,Clear,Dry,Daylight
2022-11-14T11:44:00.000,I 75,,,Sideswipe-Same Direction,2,Clear,Dry,Daylight
2022-03-10T12:19:00.000,I 285,,,Not a Collision with Motor Vehicle,2,Cloudy,Dry,Daylight
2022-10-04T20:45:00.000,I-75,,,Rear End,2,Clear,Dry,Daylight
2022-09-21T21:00:00.000,I 85,,,Rear End,2,Clear,Dry,Dark-Lighted
2022-04-26T07:45:00.000,I 75,,,Angle Crash,2,Rain,Wet,Daylight
2022-11-30T20:43:00.000,I 95,,,Not a Collision with Motor Vehicle,1,Cloudy,Dry,Dark-Not Lighted
2022-09-14T12:45:00.000,I-75,,,Rear End,3,Clear,Dry,Daylight
2022-04-17T14:59:00.000,I 75,,,Not a Collision with Motor Vehicle,1,Cloudy,Wet,Daylight
2022-10-09T15:38:00.000,I 20,,,Rear End,2,Clear,Dry,Daylight
2022-10-11T15:25:00.000,I 16,,,Rear End,2,Cloudy,Dry,Daylight
2022-03-31T13:15:00.000,I 20,,,Sideswipe-Same Direction,2,Cloudy,Dry,Daylight
2022-03-31T11:38:00.000,I 20,,,Not a Collision with Motor Vehicle,2,Rain,Wet,Daylight
2022-01-13T08:30:00.000,I-75,,,Sideswipe-Same Direction,2,Clear,Dry,Daylight
2022-02-01T16:35:00.000,I 75,,,Rear End,2,Clear,Dry,Daylight
2022-02-27T09:00:00.000,I 85,,,Not a Collision with Motor Vehicle,1,Rain,Wet,Daylight
2022-07-24T17:20:00.000,I-75,,,Rear End,2,Clear,Dry,Daylight
2022-01-14T22:14:00.000,I-75,,,Sideswipe-Same Direction,2,Clear,Dry,Dark-Lighted
2022-02-07T15:55:00.000,I 285,,,Sideswipe-Same Direction,2,Clear,Dry,Daylight
2022-05-20T00:10:00.000,I 285,,,Sideswipe-Same Direction,2,Clear,Dry,Dark-Not Lighted
2022-10-05T14:30:00.000,I 285,,,Not a Collision with Motor Vehicle,1,Clear,Dry,Daylight
2022-07-30T07:30:00.000,I-75,,,Rear End,2,Rain,Water (standing or moving),Daylight
2022-04-23T13:45:00.000,I-75,,,Rear End,2,Clear,Dry,Daylight
2022-12-18T11:50:00.000,I-75,,,Rear End,4,Clear,Dry,Daylight
2022-12-12T08:05:00.000,I 20,,,Sideswipe-Same Direction,2,Clear,Dry,Daylight
2022-05-16T15:06:00.000,I 285,,,Sideswipe-Same Direction,2,Clear,Dry,Daylight
2022-01-09T19:13:00.000,I 75,,,Angle Crash,3,Rain,Wet,Dark-Lighted
2022-07-28T14:55:00.000,I 20,,,Sideswipe-Same Direction,2,Clear,Dry,Daylight
2022-02-03T17:00:00.000,I 285,,,Rear End,2,Rain,Wet,Daylight
2022-11-04T02:50:00.000,I 75,,,Rear End,2,Clear,Dry,Dark-Lighted
2022-12-15T09:00:00.000,I 285,,,Rear End,2,Cloudy,Wet,Daylight
2022-05-15T12:00:00.000,I-75,,,Rear End,2,Clear,Dry,Daylight
2022-02-16T18:20:00.000,I 85,,,Rear End,4,Clear,Dry,Dusk
2022-06-10T19:08:00.000,I 16,,,Not a Collision with Motor Vehicle,1,Cloudy,Dry,Dusk
2022-04-16T03:20:00.000,I 285,,,Sideswipe-Same Direction,2,Clear,Dry,Dark-Not Lighted
2022-11-27T10:38:00.000,I 75,,,Sideswipe-Same Direction,2,Clear,Dry,Daylight
2022-03-27T14:20:00.000,I 285,,,Rear End,2,Clear,Dry,Daylight
2022-03-12T15:52:00.000,I-75,,,Angle Crash,4,Clear,Dry,Daylight
2022-12-01T17:05:00.000,I 285,,,Sideswipe-Same Direction,2,Clear,Dry,Daylight
2022-12-04T05:19:00.000,I 285,,,Sideswipe-Same Direction,2,Clear,Dry,Dark-Lighted
2022-04-10T06:50:00.000,I 285,,,Sideswipe-Same Direction,2,Clear,Dry,Daylight
2022-09-25T13:53:00.000,I 75,,,Rear End,2,Clear,Dry,Daylight
2022-05-22T11:56:00.000,I 285,,,Sideswipe-Same Direction,2,Cloudy,Dry,Daylight
2022-05-18T13:49:00.000,I 75,,,Not a Collision with Motor Vehicle,1,Clear,Dry,Daylight
2022-03-04T10:20:00.000,I 75,,,Sideswipe-Same Direction,2,Clear,Dry,Daylight
2022-07-22T16:34:00.000,I 20,,,Rear End,2,Cloudy,Dry,Daylight
2022-12-28T13:30:00.000,I 75,,,Not a Collision with Motor Vehicle,1,Clear,Dry,Daylight
2022-11-12T02:08:00.000,I 20,,,Angle Crash,2,Clear,Dry,Dark-Lighted
2022-09-06T12:59:00.000,I 20,,,Rear End,2,Cloudy,Dry,Daylight
2022-10-20T16:15:00.000,I 20,,,Sideswipe-Same Direction,2,Clear,Dry,Daylight
2022-12-16T07:15:00.000,I 20,,,Rear End,2,Clear,Dry,Daylight
2022-12-16T21:00:00.000,I-75,,,Rear End,2,Clear,Dry,Dark-Lighted
2022-08-18T09:30:00.000,I-75,,,Sideswipe-Same Direction,2,Clear,Dry,Daylight
2022-10-22T11:54:00.000,I 20,,,Rear End,2,Clear,Dry,Daylight
2022-08-04T00:00:00.000,I 16,,,Sideswipe-Same Direction,2,Clear,Dry,Daylight
2022-03-31T07:08:00.000,I 85,,,Angle Crash,2,Rain,Wet,Daylight
2022-08-05T07:25:00.000,I 16,,,Not a Collision with Motor Vehicle,1,Clear,Dry,Daylight
2022-01-13T21:10:00.000,I-75,,,Rear End,2,Clear,Dry,Dark-Lighted
2022-02-25T20:00:00.000,I 75,,,Not a Collision with Motor Vehicle,3,Clear,Dry,Daylight
2022-07-26T06:26:00.000,I 20,,,Sideswipe-Same Direction,2,Clear,Dry,Dark-Lighted
2022-11-30T19:08:00.000,I-75,,,Rear End,2,Clear,Dry,Dark-Lighted
2022-12-28T12:33:00.000,I 285,,,Sideswipe-Same Direction,2,Clear,Dry,Daylight
2022-04-06T13:45:00.000,I 285,,,Angle Crash,2,Rain,Wet,Daylight
2022-08-25T10:00:00.000,I 285,,,Angle Crash,2,Cloudy,Wet,Daylight
2022-03-16T08:30:00.000,I-75,,,Rear End,2,Cloudy,Wet,Daylight
2022-09-24T12:08:00.000,I-75,,,Rear End,3,Clear,Dry,Daylight
2022-03-05T17:35:00.000,I 16,,,Angle Crash,3,Clear,Dry,Daylight
2022-07-20T17:25:00.000,I 285,,,Angle Crash,2,Clear,Dry,Daylight
2022-05-25T11:40:00.000,I-75,,,Rear End,3,Cloudy,Dry,Daylight
2022-12-14T11:00:00.000,I-75,,,Sideswipe-Same Direction,2,Rain,Wet,Daylight
2022-03-03T17:33:00.000,I 16,,,Sideswipe-Same Direction,2,Clear,Dry,Daylight
2022-08-17T12:07:00.000,I 75,,,Sideswipe-Same Direction,2,Cloudy,Dry,Daylight
2022-11-27T19:19:00.000,I-75,,,Rear End,2,Clear,Dry,Dark-Lighted
2022-02-27T06:15:00.000,I 85,,,Not a Collision with Motor Vehicle,1,Rain,Wet,Dark-Not Lighted
2022-10-11T05:15:00.000,I 285,,,Angle Crash,2,Clear,Dry,Dawn
2022-12-23T15:44:00.000,I 285,,,Sideswipe-Same Direction,2,Clear,Dry,Daylight
2022-09-27T19:29:00.000,I 20,,,Rear End,3,Clear,Dry,Dusk
2022-10-06T23:30:00.000,I 285,,,Angle Crash,2,Clear,Dry,Dark-Not Lighted
2022-11-13T18:09:00.000,I 20,,,Rear End,2,Clear,Dry,Dark-Not Lighted
2022-04-21T16:54:00.000,I 285,,,Sideswipe-Same Direction,2,Clear,Dry,Daylight
2022-04-10T16:50:00.000,I-75,,,Rear End,2,Clear,Dry,Daylight
2022-01-02T14:30:00.000,I 20,,,Not a Collision with Motor Vehicle,1,Cloudy,Wet,Daylight
2022-10-23T02:55:00.000,I 75,,,Angle Crash,2,Clear,Dry,Dark-Not Lighted
2022-06-13T15:38:00.000,I 16,,,Sideswipe-Same Direction,2,Clear,Dry,Daylight
2022-01-27T17:20:00.000,I 95,,,Rear End,2,Clear,Dry,Daylight
2022-11-11T05:35:00.000,I 85,,,Rear End,2,Rain,Wet,Dark-Not Lighted
2022-01-16T02:23:00.000,I 20,,,Not a Collision with Motor Vehicle,1,Rain,Wet,Dark-Lighted
2022-12-06T19:40:00.000,I 75,,,Rear End,2,Clear,Dry,Dark-Lighted
2022-11-15T00:00:00.000,I 16,,,Angle Crash,2,Clear,Dry,Daylight
2022-06-15T11:30:00.000,I-75,,,Rear End,3,Clear,Dry,Daylight
2022-08-14T22:42:00.000,I 20,,,Rear End,2,Clear,Dry,Dark-Not Lighted
2022-01-01T21:47:00.000,I 75,,,Rear End,2,Cloudy,Dry,Dark-Lighted
2022-01-25T07:33:00.000,I 75,,,Rear End,2,Cloudy,Dry,Dark-Not Lighted
2022-10-06T06:25:00.000,I 20,,,Sideswipe-Same Direction,2,Clear,Dry,Dark-Not Lighted
2022-05-20T09:59:00.000,I 285,,,Angle Crash,2,Clear,Dry,Daylight
2022-07-01T16:06:00.000,I 75,,,Sideswipe-Same Direction,2,Cloudy,Dry,Daylight
2022-01-30T17:04:00.000,I-75,,,Not a Collision with Motor Vehicle,1,Clear,Dry,Daylight
2022-04-03T05:45:00.000,I 16,,,(None),1,(None),(None),(None)
2022-11-08T17:01:00.000,I 85,,,Rear End,2,Clear,Dry,Daylight
2022-02-02T13:15:00.000,I 85,,,Sideswipe-Same Direction,2,Cloudy,Dry,Daylight
2022-10-24T21:56:00.000,I 75,,,Sideswipe-Same Direction,2,Clear,Dry,Dark-Not Lighted
2022-11-13T19:55:00.000,I-75,,,Rear End,2,Clear,Dry,Dark-Lighted
2022-03-19T07:00:00.000,I 75,,,Rear End,2,Clear,Dry,Dark-Lighted
2022-12-05T15:30:00.000,I 285,,,Rear End,2,Rain,Wet,Daylight
2022-05-06T00:30:00.000,I-75,,,Not a Collision with Motor Vehicle,2,Clear,Dry,Dark-Lighted
2022-11-13T01:53:00.000,I 20,,,Angle Crash,3,Clear,Dry,Dark-Lighted
2022-10-10T03:02:00.000,I 20,,,Not a Collision with Motor Vehicle,1,Clear,Dry,Dark-Not Lighted
2022-08-13T10:42:00.000,I 75,,,Sideswipe-Same Direction,2,Cloudy,Dry,Daylight
2022-07-23T01:30:00.000,I-75,,,Head On,2,Clear,Dry,Dark-Not Lighted
2022-05-05T20:53:00.000,I 85,,,Sideswipe-Same Direction,2,Clear,Dry,Dark-Lighted
2022-10-02T16:00:00.000,I 20,,,Sideswipe-Same Direction,2,Clear,Dry,Daylight
2022-12-24T06:40:00.000,I 95,,,Not a Collision with Motor Vehicle,1,Clear,Dry,Dark-Not Lighted
2022-02-10T19:40:00.000,I 75,,,Rear End,2,Cloudy,Dry,Dark-Not Lighted
2022-09-11T14:28:00.000,I 85,,,Rear End,2,Cloudy,Dry,Daylight
2022-07-12T22:50:00.000,I-75,,,Sideswipe-Same Direction,2,Clear,Dry,Dark-Lighted
2022-11-23T14:13:00.000,I 75,,,Rear End,3,Clear,Dry,Daylight
2022-01-09T13:00:00.000,I-75,,,Rear End,4,Clear,Dry,Daylight
2022-04-22T07:00:00.000,I 285,,,Rear End,2,Clear,Dry,Daylight
2022-06-25T17:50:00.000,I-75,,,Sideswipe-Same Direction,2,Clear,Dry,Daylight
2022-01-11T07:44:00.000,I 285,,,Not a Collision with Motor Vehicle,2,Clear,Dry,Daylight
2022-04-08T06:44:00.000,I 75,,,Rear End,2,Clear,Dry,Dark-Not Lighted
2022-11-01T01:52:00.000,I 85,,,Angle Crash,1,Clear,Dry,Dark-Not Lighted
2022-05-08T09:12:00.000,I-75,,,Rear End,2,Cloudy,Dry,Daylight
2022-04-03T13:00:00.000,I-75,,,Rear End,2,Clear,Dry,Daylight
2022-02-14T17:41:00.000,I 16,,,Rear End,2,Clear,Dry,Daylight
2022-09-28T08:00:00.000,I 85,,,Rear End,2,Clear,Dry,Daylight
2022-11-26T19:00:00.000,I-75,,,Rear End,2,Cloudy,Dry,Daylight
2022-11-12T08:52:00.000,I 75,,,Sideswipe-Opposite Direction,2,Cloudy,Wet,Daylight
2022-06-30T10:01:00.000,I 85,,,Sideswipe-Same Direction,2,Cloudy,Dry,Daylight
2022-10-05T13:30:00.000,I-75,,,Sideswipe-Same Direction,2,Clear,Dry,Daylight
2022-12-02T12:16:00.000,I 75,,,Rear End,3,Clear,Dry,Daylight
2022-04-12T17:15:00.000,I 75,,,Sideswipe-Same Direction,2,Clear,Dry,Daylight
2022-06-01T17:00:00.000,I-75,,,Sideswipe-Same Direction,2,Clear,Dry,Daylight
2022-12-06T07:07:00.000,I 85,,,Rear End,2,Rain,Wet,Dark-Not Lighted
2022-12-31T13:41:00.000,I 75,,,Sideswipe-Same Direction,2,Cloudy,Wet,Daylight
2022-04-26T11:54:00.000,I 16,,,Not a Collision with Motor Vehicle,1,Clear,Dry,Daylight
2022-08-19T15:22:00.000,I 75,,,Rear End,3,Rain,Wet,Daylight
2022-03-03T11:20:00.000,I 285,,,Rear End,2,Clear,Dry,Daylight
2022-03-29T12:55:00.000,I 75,,,Sideswipe-Same Direction,2,Clear,Dry,Daylight
2022-06-17T06:42:00.000,I 285,,,Not a Collision with Motor Vehicle,2,Clear,Dry,Daylight
2022-02-26T05:45:00.000,I-75,,,Rear End,2,Cloudy,Dry,Dark-Lighted
2022-12-28T16:13:00.000,I-75,,,Rear End,3,Clear,Dry,Daylight
2022-01-21T11:12:00.000,I 75,,,Sideswipe-Same Direction,2,Cloudy,Dry,Daylight
2022-02-21T22:28:00.000,I 75,,,Not a Collision with Motor Vehicle,1,Rain,Water (standing or moving),Dark-Not Lighted
2022-12-03T11:33:00.000,I 75,,,Rear End,2,Rain,Wet,Daylight
2022-11-30T07:42:00.000,I-75,,,Rear End,3,Cloudy,Wet,Daylight
2022-11-23T16:28:00.000,I 20,,,Rear End,2,Clear,Dry,Daylight
2022-08-20T15:40:00.000,I 75,,,Rear End,2,Clear,Dry,Daylight
2022-07-18T12:21:00.000,I 285,,,Sideswipe-Same Direction,2,Clear,Dry,Daylight
2022-05-17T13:57:00.000,I 285,,,Sideswipe-Same Direction,2,Clear,Dry,Daylight
2022-05-15T07:55:00.000,I 20,,,Angle Crash,2,Cloudy,Wet,Daylight
2022-11-16T17:50:00.000,I-75,,,Rear End,2,Clear,Dry,Dark-Lighted
2022-12-22T06:35:00.000,Sr 140,,,Rear End,3,Clear,Dry,Dark-Lighted
2022-11-08T16:20:00.000,I 285,,,Sideswipe-Same Direction,2,Clear,Dry,Daylight
2022-06-22T23:32:00.000,I 285,,,Rear End,2,Clear,Dry,Dark-Lighted
2022-06-16T00:48:00.000,I 95,,,Sideswipe-Same Direction,2,Clear,Dry,Dark-Not Lighted
2022-03-18T09:16:00.000,I 75,,,Sideswipe-Same Direction,2,Cloudy,Dry,Daylight
2022-01-18T14:49:00.000,I 285,,,Rear End,2,Clear,Dry,Daylight
2022-02-04T04:20:00.000,I 75,,,Sideswipe-Same Direction,2,Rain,Wet,Dark-Not Lighted
2022-02-03T08:20:00.000,I 285,,,Rear End,2,Rain,Wet,Daylight
2022-06-02T04:47:00.000,I 16,,,(None),1,(None),(None),(None)
2022-10-12T18:17:00.000,I 285,,,Sideswipe-Same Direction,3,Rain,Wet,Dusk
2022-04-09T14:50:00.000,I 16,,,Not a Collision with Motor Vehicle,1,Clear,Dry,Daylight
2022-06-03T21:13:00.000,I-75,,,Rear End,2,Clear,Dry,Dark-Lighted
2022-10-07T15:30:00.000,I 285,,,Rear End,2,Clear,Dry,Daylight
2022-03-08T08:21:00.000,I 285,,,Rear End,2,Cloudy,Dry,Daylight
2022-10-23T21:29:00.000,I 285,,,Sideswipe-Same Direction,2,Clear,Dry,Dark-Lighted
2022-03-02T00:00:00.000,I 285,,,Not a Collision with Motor Vehicle,1,Clear,Dry,Daylight
2022-10-14T19:01:00.000,I 75,,,Rear End,2,Clear,Dry,Daylight
2022-11-25T13:40:00.000,I 285,,,Rear End,2,Clear,Dry,Daylight
2022-08-12T00:09:00.000,I-75,,,Rear End,2,Clear,Wet,Dark-Lighted
2022-08-02T21:08:00.000,I-75,,,Angle Crash,3,Clear,Dry,Dark-Lighted
2022-05-23T15:01:00.000,I 20,,,Rear End,2,Clear,Dry,Daylight
2022-04-07T19:51:00.000,I 75,,,Rear End,2,Clear,Dry,Daylight
2022-09-18T12:00:00.000,I-75,,,Rear End,2,Clear,Dry,Daylight
2022-05-25T16:30:00.000,I 75,,,Not a Collision with Motor Vehicle,1,Rain,Wet,Daylight
2022-10-22T05:20:00.000,I 75,,,Sideswipe-Same Direction,2,Clear,Dry,Dark-Not Lighted
2022-12-19T06:29:00.000,I 75,,,Sideswipe-Same Direction,2,Clear,Dry,Dark-Lighted
2022-10-17T11:38:00.000,I 75,,,Not a Collision with Motor Vehicle,1,Clear,Dry,Daylight
2022-04-28T17:03:00.000,I 285,,,Rear End,2,Clear,Dry,Daylight
2022-10-08T08:00:00.000,I-75,,,Sideswipe-Same Direction,2,Clear,Dry,Daylight
2022-05-01T11:18:00.000,I 85,,,Angle Crash,2,Clear,Dry,Daylight
2022-11-11T18:31:00.000,I 75,,,Rear End,2,Rain,Wet,Daylight
2022-07-06T15:26:00.000,I 20,,,Angle Crash,2,Clear,Dry,Daylight
2022-10-08T18:59:00.000,I 75,,,Not a Collision with Motor Vehicle,1,Clear,Dry,Daylight
2022-05-16T07:17:00.000,I 85,,,Sideswipe-Same Direction,2,Clear,Dry,Daylight
2022-11-11T05:50:00.000,I-75,,,Not a Collision with Motor Vehicle,1,Rain,Wet,Daylight
2022-08-07T20:30:00.000,I 20,,,Angle Crash,2,Rain,Wet,Dark-Not Lighted
2022-07-24T17:29:00.000,I-75,,,Rear End,2,Clear,Dry,Daylight
2022-06-17T16:45:00.000,I 20,,,Rear End,2,Clear,Dry,Daylight
2022-08-22T07:05:00.000,I 285,,,Sideswipe-Same Direction,2,Clear,Dry,Daylight
2022-11-09T07:08:00.000,I 95,,,Rear End,2,Cloudy,Dry,Daylight
2022-05-19T14:46:00.000,I 75,,,Rear End,2,Clear,Dry,Daylight
2022-12-15T07:50:00.000,I 75,,,Not a Collision with Motor Vehicle,1,Cloudy,Wet,Daylight
2022-01-22T19:22:00.000,I 285,,,Rear End,2,Clear,Dry,Dark-Lighted
2022-11-26T18:14:00.000,I 75,,,Not a Collision with Motor Vehicle,1,Clear,Dry,Dark-Not Lighted
2022-09-16T23:55:00.000,I 285,,,Angle Crash,2,Clear,Dry,Dark-Lighted
2022-08-12T20:20:00.000,I 75,,,Sideswipe-Same Direction,2,Clear,Dry,Daylight
2022-11-13T05:50:00.000,I 95,,,Sideswipe-Same Direction,2,Clear,Dry,Dark-Not Lighted
2022-09-03T08:50:00.000,I-75,,,Sideswipe-Same Direction,2,Clear,Dry,Daylight
2022-10-05T14:25:00.000,I 75,,,(None),1,(None),(None),(None)
2022-07-12T11:03:00.000,I 85,,,Sideswipe-Same Direction,2,Cloudy,Dry,Daylight
2022-09-05T06:38:00.000,I 75,,,Not a Collision with Motor Vehicle,1,Rain,Wet,Dark-Not Lighted
2022-12-31T19:01:00.000,I-75,,,Rear End,2,Clear,Dry,Dark-Not Lighted
2022-04-21T14:24:00.000,I 85,,,Sideswipe-Same Direction,2,Cloudy,Dry,Daylight
2022-10-02T04:00:00.000,I-75,,,Rear End,2,Clear,Dry,Daylight
2022-06-16T11:07:00.000,I 75,,,Rear End,2,Clear,Dry,Daylight
2022-06-14T14:12:00.000,I 285,,,Sideswipe-Same Direction,2,Cloudy,Dry,Daylight
2022-12-20T00:20:00.000,I 75,,,Not a Collision with Motor Vehicle,1,Clear,Dry,Dark-Not Lighted
2022-06-12T09:10:00.000,I 75,,,Rear End,2,Clear,Dry,Daylight
2022-02-04T19:30:00.000,I 285,,,Sideswipe-Same Direction,2,Cloudy,Dry,Dark-Not Lighted
2022-08-02T12:08:00.000,I 85,,,Sideswipe-Same Direction,2,Clear,Dry,Daylight
2022-03-12T14:34:00.000,I 75,,,Rear End,2,Clear,Dry,Daylight
2022-12-15T09:10:00.000,I 85,,,Not a Collision with Motor Vehicle,1,Cloudy,Wet,Daylight
2022-07-28T00:00:00.000,I 20,,,Angle Crash,2,Rain,Wet,Daylight
2022-03-08T15:09:00.000,I 75,,,Angle Crash,2,Cloudy,Dry,Daylight
2022-05-29T16:25:00.000,I 285,,,Sideswipe-Same Direction,2,Clear,Dry,Daylight
2022-06-24T14:41:00.000,I 285,,,Sideswipe-Same Direction,2,Cloudy,Dry,Daylight
2022-09-04T14:30:00.000,I-75,,,Rear End,2,Cloudy,Wet,Daylight
2022-09-06T18:50:00.000,I 75,,,Sideswipe-Same Direction,2,Clear,Dry,Daylight
2022-10-05T08:55:00.000,I 285,,,Rear End,2,Clear,Dry,Daylight
2022-07-25T17:00:00.000,I-75,,,Rear End,2,Clear,Dry,Daylight
2022-02-20T02:35:00.000,I-75,,,Not a Collision with Motor Vehicle,1,Clear,Dry,Dark-Lighted
2022-10-19T11:19:00.000,I-75,,,Sideswipe-Same Direction,2,Clear,Dry,Daylight
2022-12-04T06:44:00.000,I 85,,,Rear End,2,Clear,Dry,Dawn
2022-09-22T06:15:00.000,I 20,,,Rear End,3,Clear,Dry,Dark-Lighted
2022-03-28T08:32:00.000,I 285,,,Rear End,2,Clear,Dry,Daylight
2022-09-22T15:25:00.000,I 85,,,Rear End,3,Clear,Dry,Daylight
2022-02-05T18:49:00.000,I-75,,,Rear End,2,Clear,Dry,Dark-Lighted
2022-02-25T21:58:00.000,I 85,,,Angle Crash,1,Clear,Dry,Daylight
2022-01-11T17:28:00.000,I 75,,,Not a Collision with Motor Vehicle,1,Clear,Dry,Daylight
2022-08-27T16:30:00.000,I-75,,,Sideswipe-Same Direction,2,Clear,Dry,Daylight
2022-07-19T07:25:00.000,I 85,,,Rear End,2,Rain,Wet,Daylight
2022-08-16T07:57:00.000,I 285,,,Rear End,2,Clear,Dry,Daylight
2022-04-16T20:50:00.000,I-75,,,Angle Crash,2,Clear,Dry,Dark-Lighted
2022-04-11T07:27:00.000,I 285,,,Rear End,2,Clear,Dry,Daylight
2022-07-04T18:13:00.000,I 75,,,Not a Collision with Motor Vehicle,1,Rain,Wet,Daylight
2022-09-24T20:30:00.000,I-75,,,Sideswipe-Same Direction,2,Clear,Dry,Dark-Lighted
2022-08-01T18:50:00.000,I 20,,,Rear End,2,Clear,Dry,Daylight
2022-09-27T22:43:00.000,I-75,,,Rear End,2,Clear,Dry,Dark-Lighted
2022-06-07T17:10:00.000,I 75,,,Rear End,2,Cloudy,Wet,Daylight
2022-02-03T08:20:00.000,I 85,,,Rear End,2,Rain,Wet,Dawn
2022-07-21T13:29:00.000,I 20,,,Angle Crash,2,Cloudy,Dry,Daylight
2022-02-04T07:30:00.000,I 16,,,(None),1,(None),(None),(None)
2022-08-19T16:51:00.000,I 75,,,Rear End,2,Clear,Dry,Daylight
2022-09-12T12:50:00.000,I 75,,,Rear End,2,Clear,Dry,Daylight
2022-06-10T20:28:00.000,I-75,,,Sideswipe-Same Direction,2,Cloudy,Dry,Dark-Lighted
2022-10-11T16:37:00.000,I-75,,,Rear End,2,Clear,Dry,Daylight
2022-12-22T16:49:00.000,I 75,,,Rear End,2,Clear,Dry,Daylight
2022-04-06T16:43:00.000,I 75,,,Angle Crash,2,Cloudy,Wet,Daylight
2022-01-10T12:40:00.000,I 16,,,Rear End,2,Clear,Dry,Daylight
2022-12-31T05:06:00.000,I 20,,,Rear End,2,Rain,Wet,Dark-Not Lighted