Date and Time,Roadway (From Crash Report),Intersection Name (from Crash Report),KABCO Severity,Manner of Collision (Crash Level) ,# of Vehicles per crash ,Weather Conditions (Crash Level),Surface Condition (Crash Level) ,Light Conditions (Crash Level)
2022-04-27T08:31:00.000,I 285,,,Sideswipe-Same Direction,2,Clear,Dry,Daylight
2022-11-04T17:30:00.000,I 285,,,Not a Collision with Motor Vehicle,1,Clear,Dry,Daylight
2022-12-09T12:17:00.000,I 75,,,Sideswipe-Same Direction,2,Rain,Wet,Daylight
2022-11-23T10:27:00.000,I-75,,,Sideswipe-Same Direction,2,Clear,Dry,Daylight
2022-09-28T15:03:00.000,I-75,,,Angle Crash,2,Clear,Dry,Daylight
2022-05-19T10:05:00.000,I 285,,,Angle Crash,2,Clear,Dry,Daylight
2022-06-13T16:42:00.000,I 20,,,Rear End,2,Clear,Dry,Daylight
2022-05-07T11:22:00.000,I 75,,,Rear End,3,Cloudy,Dry,Daylight
2022-08-24T17:00:00.000,I-75,,,Rear End,2,Clear,Dry,Daylight
2022-02-18T18:30:00.000,I-75,,,Sideswipe-Same Direction,2,Clear,Dry,Daylight
2022-05-21T09:55:00.000,I-75,,,Rear End,2,Clear,Dry,Daylight
2022-08-27T07:30:00.000,I 285,,,Sideswipe-Same Direction,2,Clear,Dry,Daylight
2022-03-05T01:44:00.000,I-75,,,Sideswipe-Same Direction,2,Clear,Dry,Dark-Lighted
2022-10-30T01:50:00.000,I 16,,,Not a Collision with Motor Vehicle,1,Clear,Dry,Dark-Not Lighted
2022-10-16T17:30:00.000,I-75,,,Rear End,2,Clear,Dry,Daylight
2022-05-12T18:20:00.000,I 285,,,Rear End,2,Clear,Dry,Daylight
2022-04-30T11:20:00.000,I 20,,,Sideswipe-Same Direction,2,Clear,Dry,Daylight
2022-04-28T08:35:00.000,I 85,,,Sideswipe-Same Direction,2,Clear,Dry,Daylight
2022-01-13T22:05:00.000,I-75,,,Rear End,3,Clear,Dry,Dark-Lighted
2022-01-23T12:08:00.000,I 75,,,Sideswipe-Same Direction,2,Clear,Dry,Daylight
2022-11-06T16:43:00.000,I-75,,,Angle Crash,2,Clear,Dry,Daylight
2022-12-04T17:43:00.000,I-75,,,Angle Crash,2,Clear,Dry,Dark-Lighted
2022-11-11T11:07:00.000,I 20,,,Not a Collision with Motor Vehicle,1,Rain,Wet,Daylight
2022-10-02T15:41:00.000,I-75,,,Not a Collision with Motor Vehicle,1,Clear,Dry,Daylight
2022-08-17T09:30:00.000,I-75,,,Rear End,2,Clear,Dry,Daylight
2022-08-06T11:08:00.000,I 285,,,Sideswipe-Same Direction,2,Cloudy,Dry,Daylight
2022-10-25T19:25:00.000,I 16,,,Rear End,2,Clear,Dry,Dark-Lighted
2022-03-02T17:50:00.000,I 285,,,Sideswipe-Same Direction,2,Clear,Dry,Daylight
2022-05-21T21:00:00.000,I-75,,,Rear End,2,Clear,Dry,Dark-Not Lighted
2022-10-02T17:51:00.000,I 285,,,Sideswipe-Same Direction,2,Clear,Dry,Daylight
2022-08-24T08:30:00.000,I-75,,,Sideswipe-Same Direction,2,Clear,Dry,Daylight
2022-05-08T11:10:00.000,I-75,,,Sideswipe-Same Direction,2,Cloudy,Dry,Daylight
2022-06-20T10:23:00.000,I 85,,,Rear End,3,Clear,Dry,Daylight
2022-02-06T23:49:00.000,I 20,,,Sideswipe-Same Direction,2,Clear,Dry,Dark-Lighted
2022-08-04T17:30:00.000,I 16,,,Sideswipe-Same Direction,3,Clear,Dry,Dawn
2022-06-23T12:00:00.000,I 75,,,Not a Collision with Motor Vehicle,2,Clear,Dry,Daylight
2022-09-28T07:00:00.000,I-75,,,Sideswipe-Same Direction,2,Clear,Dry,Dark-Lighted
2022-10-03T10:12:00.000,I 75,,,Sideswipe-Same Direction,2,Clear,Dry,Daylight
2022-11-30T02:00:00.000,I-75,,,Not a Collision with Motor Vehicle,3,Rain,Water (standing or moving),Dark-Lighted
2022-12-30T11:55:00.000,I 285,,,Sideswipe-Same Direction,2,Clear,Dry,Daylight
2022-10-12T16:35:00.000,I 20,,,Not a Collision with Motor Vehicle,1,Rain,Wet,Daylight
2022-12-29T11:19:00.000,I 75,,,Not a Collision with Motor Vehicle,2,Clear,Dry,Daylight
2022-08-20T01:25:00.000,I-75,,,Not a Collision with Motor Vehicle,1,Rain,Water (standing or moving),Dark-Not Lighted
2022-08-07T19:30:00.000,I-75,,,Sideswipe-Same Direction,3,Cloudy,Wet,Dark-Lighted
2022-08-27T20:40:00.000,I 20,,,Angle Crash,3,Clear,Dry,Dusk
2022-06-18T13:00:00.000,I 75,,,Not a Collision with Motor Vehicle,2,Clear,Dry,Daylight
2022-07-01T14:40:00.000,I 285,,,Rear End,2,Rain,Wet,Daylight
2022-02-09T12:37:00.000,I 285,,,Sideswipe-Same Direction,2,Clear,Dry,Daylight
2022-12-26T18:15:00.000,I 85,,,Rear End,2,Clear,Dry,Dark-Not Lighted
2022-11-24T15:45:00.000,I 75,,,Not a Collision with Motor Vehicle,1,Cloudy,Dry,Daylight
2022-05-14T14:45:00.000,I 20,,,Sideswipe-Same Direction,2,Clear,Dry,Daylight
2022-12-04T01:41:00.000,I-75,,,Sideswipe-Same Direction,2,Clear,Dry,Dark-Lighted
2022-11-11T07:05:00.000,I 75,,,Not a Collision with Motor Vehicle,1,Rain,Wet,Daylight
2022-01-16T11:00:00.000,I 85,,,Not a Collision with Motor Vehicle,1,Snow,Snow,Dark-Not Lighted
2022-10-15T21:16:00.000,I 285,,,Angle Crash,2,Cloudy,Dry,Dark-Not Lighted
2022-12-05T00:57:00.000,I 20,,,Not a Collision with Motor Vehicle,1,Rain,Wet,Dark-Not Lighted
2022-03-24T14:50:00.000,I 75,,,Not a Collision with Motor Vehicle,1,Clear,Dry,Daylight
2022-03-31T11:55:00.000,I 16,,,Not a Collision with Motor Vehicle,1,Rain,Water (standing or moving),Daylight
2022-12-31T21:18:00.000,I 285,,,Not a Collision with Motor Vehicle,1,Clear,Dry,Dark-Not Lighted
2022-01-14T10:00:00.000,I-75,,,Sideswipe-Same Direction,2,Clear,Dry,Daylight
2022-05-22T17:51:00.000,I-75,,,Rear End,2,Clear,Dry,Daylight
2022-07-09T16:08:00.000,I 95,,,Not a Collision with Motor Vehicle,1,Cloudy,Dry,Daylight
2022-04-12T13:02:00.000,I 75,,,Rear End,2,Clear,Dry,Daylight
2022-05-04T22:30:00.000,I-75,,,Sideswipe-Same Direction,2,Rain,Water (standing or moving),Dark-Lighted
2022-02-08T18:10:00.000,I 75,,,Not a Collision with Motor Vehicle,1,Clear,Dry,Daylight
2022-12-22T15:40:00.000,I 20,,,Not a Collision with Motor Vehicle,1,Clear,Dry,Daylight
2022-12-31T07:30:00.000,I 285,,,Not a Collision with Motor Vehicle,1,Clear,Dry,Daylight
2022-10-13T06:26:00.000,I 75,,,Angle Crash,2,Rain,Wet,Dark-Lighted
2022-08-22T16:55:00.000,I 285,,,Rear End,2,Cloudy,Wet,Daylight
2022-02-21T22:35:00.000,I 75,,,Sideswipe-Same Direction,2,Rain,Wet,Dark-Not Lighted
2022-01-02T21:20:00.000,I 75,,,Not a Collision with Motor Vehicle,1,Rain,Wet,Dark-Lighted
2022-02-03T23:34:00.000,I 85,,,Not a Collision with Motor Vehicle,1,Rain,Wet,Dark-Lighted
2022-04-14T16:45:00.000,I 285,,,Rear End,2,Clear,Dry,Daylight
2022-07-10T17:19:00.000,I 285,,,Not a Collision with Motor Vehicle,1,Clear,Dry,Daylight
2022-09-26T22:40:00.000,I 75,,,Not a Collision with Motor Vehicle,1,Clear,Dry,Dark-Lighted
2022-11-13T18:03:00.000,I-75,,,Sideswipe-Same Direction,2,Clear,Dry,Dark-Lighted
2022-05-08T09:07:00.000,I 75,,,Sideswipe-Same Direction,2,Cloudy,Dry,Daylight
2022-03-28T22:00:00.000,I 85,,,Sideswipe-Same Direction,2,Clear,Dry,Dark-Lighted
2022-08-03T10:18:00.000,I 285,,,Sideswipe-Same Direction,4,Clear,Dry,Daylight
2022-11-27T03:29:00.000,I-75,,,Not a Collision with Motor Vehicle,1,Rain,Water (standing or moving),Dark-Lighted
2022-01-03T01:26:00.000,I 16,,,Not a Collision with Motor Vehicle,1,(None),(None),(None)
2022-12-28T06:10:00.000,I 20,,,Sideswipe-Same Direction,2,Clear,Dry,Dark-Not Lighted
2022-12-07T19:03:00.000,I 85,,,Rear End,2,Clear,Wet,Dark-Not Lighted
2022-03-18T06:50:00.000,I 75,,,Not a Collision with Motor Vehicle,1,Clear,Dry,Dark-Not Lighted
2022-10-17T21:00:00.000,I 285,,,Not a Collision with Motor Vehicle,2,Clear,Dry,Dark-Lighted
2022-12-30T22:00:00.000,I 285,,,Not a Collision with Motor Vehicle,1,Cloudy,Dry,Dark-Lighted
2022-11-03T16:00:00.000,I 20,,,Rear End,2,Clear,Dry,Daylight
2022-02-05T19:03:00.000,I 85,,,Sideswipe-Same Direction,2,Clear,Dry,Dark-Lighted
2022-07-30T18:30:00.000,I-75,,,Rear End,4,Rain,Water (standing or moving),Daylight
2022-07-24T00:41:00.000,I 85,,,Rear End,3,Clear,Dry,Dark-Not Lighted
2022-07-08T07:10:00.000,I 20,,,Not a Collision with Motor Vehicle,2,Clear,Dry,Daylight
2022-12-31T19:28:00.000,I 75,,,Sideswipe-Same Direction,2,Clear,Dry,Dark-Not Lighted
2022-10-04T00:00:00.000,I 285,,,Sideswipe-Same Direction,2,Clear,Dry,Daylight
2022-07-19T07:44:00.000,I 75,,,Rear End,2,Cloudy,Wet,Daylight
2022-11-08T07:00:00.000,I-75,,,Head On,2,Clear,Dry,Dawn
2022-06-24T17:17:00.000,I 285,,,Rear End,3,Clear,Dry,Daylight
2022-11-05T03:05:00.000,I 285,,,Not a Collision with Motor Vehicle,1,Clear,Dry,Dark-Lighted
2022-05-15T10:36:00.000,I 85,,,Sideswipe-Same Direction,2,Cloudy,Dry,Daylight
2022-07-30T01:00:00.000,I-75,,,Not a Collision with Motor Vehicle,2,Rain,Wet,Dark-Lighted
2022-11-18T21:40:00.000,I 20,,,Sideswipe-Same Direction,2,Clear,Dry,Dark-Not Lighted
2022-10-11T07:35:00.000,I 75,,,Rear End,2,Clear,Dry,Daylight
2022-03-27T16:45:00.000,I 75,,,Sideswipe-Same Direction,2,Clear,Dry,Daylight
2022-02-07T17:51:00.000,I 16,,,Sideswipe-Same Direction,2,Cloudy,Dry,Dusk
2022-12-30T16:00:00.000,I-75,,,Rear End,2,Clear,Dry,Daylight
2022-01-28T12:00:00.000,I-75,,,Sideswipe-Same Direction,2,Clear,Dry,Daylight
2022-07-07T15:25:00.000,I 75,,,(None),1,(None),(None),(None)
2022-12-14T12:18:00.000,I 75,,,Sideswipe-Same Direction,2,Rain,Wet,Daylight
2022-02-22T20:09:00.000,I 75,,,Rear End,2,Clear,Dry,Dark-Not Lighted
2022-02-16T16:07:00.000,I-75,,,Rear End,3,Clear,Dry,Daylight
2022-04-08T08:19:00.000,I 285,,,Sideswipe-Same Direction,2,Clear,Dry,Daylight
2022-05-11T06:30:00.000,I 20,,,Rear End,2,Clear,Dry,Dawn
2022-05-12T15:08:00.000,I 285,,,Rear End,3,Clear,Dry,Daylight
2022-10-05T12:00:00.000,I-75,,,Rear End,5,Clear,Dry,Daylight
2022-04-26T11:03:00.000,I 285,,,Sideswipe-Same Direction,2,Rain,Wet,Dark-Lighted
2022-11-16T17:43:00.000,I 85,,,Sideswipe-Same Direction,3,Clear,Dry,Dark-Not Lighted
2022-02-14T23:25:00.000,I-75,,,Sideswipe-Same Direction,2,Clear,Dry,Dark-Not Lighted
2022-06-19T02:26:00.000,I-75,,,Sideswipe-Same Direction,2,Clear,Dry,Dark-Lighted
2022-01-04T18:09:00.000,I 95,,,Rear End,2,Clear,Dry,Dark-Not Lighted
2022-09-15T13:20:00.000,I 20,,,Rear End,4,Clear,Dry,Daylight
2022-02-28T00:00:00.000,I 16,,,Not a Collision with Motor Vehicle,1,Clear,Dry,Daylight
2022-12-05T22:59:00.000,I 285,,,Rear End,3,Rain,Wet,Dark-Lighted
2022-11-03T18:10:00.000,I 75,,,Rear End,3,Clear,Dry,Dusk
2022-08-09T00:00:00.000,I 285,,,Rear End,2,Clear,Dry,Daylight
2022-05-07T20:08:00.000,I 20,,,Sideswipe-Same Direction,2,Clear,Dry,Dark-Lighted
2022-03-31T17:50:00.000,I 20,,,Rear End,2,Clear,Dry,Daylight
2022-02-13T19:03:00.000,I 75,,,Sideswipe-Same Direction,2,Clear,Dry,Dark-Not Lighted
2022-08-19T16:13:00.000,I 16,,,Not a Collision with Motor Vehicle,1,Rain,Wet,Daylight
2022-01-05T19:00:00.000,I-75,,,Angle Crash,3,Clear,Dry,Dark-Lighted
2022-08-12T14:45:00.000,I 16,,,Rear End,2,Cloudy,Dry,Daylight
2022-03-06T06:00:00.000,I-75,,,Sideswipe-Same Direction,2,Clear,Dry,Dawn
2022-09-07T07:30:00.000,I-75,,,Rear End,2,Clear,Dry,Daylight
2022-07-30T21:24:00.000,I 75,,,Not a Collision with Motor Vehicle,1,Clear,Dry,Dark-Not Lighted
2022-07-04T14:25:00.000,I 75,,,Rear End,2,Clear,Dry,Daylight
2022-01-09T18:00:00.000,I-75,,,Not a Collision with Motor Vehicle,2,Clear,Dry,Dark-Not Lighted
2022-11-11T18:34:00.000,I 16,,,Not a Collision with Motor Vehicle,3,Cloudy,Wet,Dark-Not Lighted
2022-04-29T14:32:00.000,I 285,,,Sideswipe-Same Direction,2,Clear,Dry,Daylight
2022-11-29T06:15:00.000,I-75,,,Sideswipe-Same Direction,2,Clear,Dry,Dark-Lighted
2022-08-13T12:25:00.000,I 285,,,Sideswipe-Same Direction,2,Clear,Dry,Daylight
2022-11-30T03:47:00.000,I 75,,,Not a Collision with Motor Vehicle,1,Rain,Water (standing or moving),Dark-Not Lighted
2022-02-22T07:48:00.000,I 85,,,Rear End,2,Clear,Dry,Daylight
2022-10-14T13:35:00.000,I 285,,,Rear End,3,Clear,Dry,Daylight
2022-06-16T10:27:00.000,I 75,,,Sideswipe-Same Direction,2,Clear,Dry,Daylight
2022-05-13T00:30:00.000,I-75,,,Not a Collision with Motor Vehicle,1,Clear,Dry,Dark-Not Lighted
2022-05-28T17:20:00.000,I 75,,,Sideswipe-Same Direction,2,Clear,Dry,Daylight
2022-06-12T20:29:00.000,I-75,,,Rear End,2,Clear,Dry,Dark-Lighted
2022-07-22T17:15:00.000,I 85,,,Sideswipe-Same Direction,2,Clear,Dry,Daylight
2022-05-26T14:25:00.000,I 75,,,Rear End,4,Rain,Wet,Daylight
2022-05-17T12:19:00.000,I 85,,,Not a Collision with Motor Vehicle,1,Clear,Dry,Daylight
2022-02-26T10:03:00.000,I 85,,,Angle Crash,2,Clear,Dry,Daylight
2022-03-30T19:07:00.000,I 75,,,Rear End,2,Clear,Dry,Daylight
2022-08-06T08:51:00.000,I 16,,,Sideswipe-Same Direction,2,Clear,Dry,Daylight
2022-02-13T17:09:00.000,I 85,,,Sideswipe-Same Direction,2,Clear,Dry,Daylight
2022-12-06T10:15:00.000,I 85,,,Rear End,2,Cloudy,Wet,Daylight
2022-08-29T16:20:00.000,I 20,,,Sideswipe-Same Direction,2,Clear,Dry,Daylight
2022-01-04T05:00:00.000,I-75,,,Rear End,2,Clear,Dry,Dark-Lighted
2022-11-02T15:40:00.000,I 85,,,Not a Collision with Motor Vehicle,1,Clear,Dry,Daylight
2022-12-26T14:08:00.000,I 95,,,Rear End,2,Clear,Dry,Daylight
2022-11-14T00:32:00.000,Sr 140,,,Not a Collision with Motor Vehicle,1,Clear,Dry,Dark-Not Lighted
2022-02-27T11:34:00.000,I 75,,,Not a Collision with Motor Vehicle,1,Cloudy,Dry,Daylight
2022-11-14T20:08:00.000,I-75,,,Sideswipe-Same Direction,2,Clear,Dry,Dark-Lighted
2022-08-18T01:17:00.000,I-75,,,Angle Crash,2,Cloudy,Wet,Dark-Lighted
2022-11-13T09:33:00.000,I-75,,,Rear End,2,Clear,Dry,Daylight
2022-11-09T16:50:00.000,I 95,,,Not a Collision with Motor Vehicle,1,Clear,Dry,Dark-Lighted
2022-06-17T06:44:00.000,I 75,,,Angle Crash,2,Clear,Dry,Dawn
2022-02-01T00:00:00.000,I 20,,,Not a Collision with Motor Vehicle,1,Clear,Dry,Dark-Lighted
2022-08-26T03:31:00.000,I 285,,,Not a Collision with Motor Vehicle,1,Rain,Wet,Dark-Lighted
2022-12-13T06:29:00.000,I 85,,,Sideswipe-Same Direction,2,Cloudy,Dry,Dark-Not Lighted
2022-04-14T10:55:00.000,I 75,,,Not a Collision with Motor Vehicle,1,Cloudy,Dry,Daylight
2022-12-08T12:49:00.000,I 20,,,(None),1,(None),(None),(None)
2022-03-01T07:20:00.000,I 75,,,Rear End,2,Clear,Dry,Daylight
2022-02-11T08:49:00.000,I 285,,,Rear End,2,Clear,Dry,Daylight
2022-03-06T20:23:00.000,I-75,,,Rear End,2,Clear,Dry,Dark-Lighted
2022-10-02T17:30:00.000,I 285,,,Rear End,2,Clear,Dry,Daylight
2022-11-06T17:00:00.000,I-75,,,Angle Crash,2,Clear,Dry,Daylight
2022-02-17T20:09:00.000,I 75,,,Rear End,2,Rain,Wet,Dark-Not Lighted
2022-06-09T07:25:00.000,I 75,,,Angle Crash,2,Clear,Dry,Daylight
2022-01-15T05:30:00.000,I-75,,,Sideswipe-Same Direction,2,Clear,Dry,Dark-Lighted
2022-01-26T08:47:00.000,I 75,,,Rear End,2,Clear,Dry,Daylight
2022-07-30T08:06:00.000,I 16,,,Angle Crash,1,Clear,Dry,Daylight
2022-03-18T14:42:00.000,I 75,,,Not a Collision with Motor Vehicle,1,Rain,Wet,Dark-Lighted
2022-02-14T03:05:00.000,I 285,,,Rear End,2,Clear,Dry,Dark-Not Lighted
2022-07-04T16:28:00.000,I 75,,,Sideswipe-Same Direction,3,Clear,Dry,Daylight
2022-12-03T08:55:00.000,I 85,,,Sideswipe-Same Direction,2,Cloudy,Dry,Daylight
2022-06-11T04:00:00.000,I-75,,,Sideswipe-Same Direction,2,Clear,Dry,Dark-Lighted
2022-07-19T17:30:00.000,I 75,,,Angle Crash,2,Rain,Wet,Daylight
2022-02-16T16:13:00.000,I 285,,,Sideswipe-Same Direction,2,Clear,Dry,Daylight
2022-10-03T07:35:00.000,I 75,,,Sideswipe-Same Direction,2,Clear,Dry,Daylight
2022-12-10T12:40:00.000,I 20,,,Rear End,2,Cloudy,Dry,Daylight
2022-02-26T09:13:00.000,I-75,,,Sideswipe-Same Direction,2,Clear,Dry,Daylight
2022-10-06T20:30:00.000,I-75,,,Sideswipe-Opposite Direction,2,Clear,Dry,Dark-Not Lighted
2022-05-31T12:49:00.000,I 16,,,Not a Collision with Motor Vehicle,2,Clear,Dry,Daylight
2022-01-27T11:01:00.000,I 75,,,Not a Collision with Motor Vehicle,2,Clear,Dry,Daylight
2022-01-27T07:30:00.000,I 285,,,Rear End,2,Clear,Dry,Daylight
2022-05-02T21:20:00.000,I 20,,,Sideswipe-Same Direction,2,Clear,Dry,Dark-Not Lighted
2022-01-22T16:22:00.000,I-75,,,Rear End,2,Clear,Dry,Daylight
2022-10-08T17:00:00.000,I-75,,,Sideswipe-Same Direction,2,Clear,Dry,Daylight
2022-07-03T15:10:00.000,I-75,,,Rear End,4,Clear,Dry,Daylight
2022-04-07T23:30:00.000,I-75,,,Angle Crash,2,Clear,Dry,Dark-Lighted
2022-03-23T19:35:00.000,I-75,,,Rear End,3,Cloudy,Dry,Dark-Lighted
2022-10-16T04:00:00.000,I 285,,,Rear End,2,Clear,Dry,Dark-Not Lighted
2022-09-16T16:06:00.000,I 20,,,Rear End,2,Clear,Dry,Daylight
2022-09-23T09:02:00.000,I 16,,,Not a Collision with Motor Vehicle,3,Clear,Dry,Daylight
2022-08-24T06:45:00.000,I-75,,,Rear End,2,Cloudy,Dry,Dark-Lighted
2022-08-07T00:50:00.000,I-75,,,Sideswipe-Same Direction,2,Clear,Wet,Dark-Lighted
2022-06-09T17:30:00.000,I-75,,,Rear End,2,Clear,Dry,Dark-Lighted
2022-04-30T21:00:00.000,I-75,,,Rear End,2,Clear,Dry,Dark-Lighted
2022-07-08T20:18:00.000,I 75,,,Not a Collision with Motor Vehicle,1,Clear,Wet,Daylight
2022-03-28T14:06:00.000,I 285,,,Not a Collision with Motor Vehicle,1,Clear,Dry,Daylight
2022-12-31T22:15:00.000,I 285,,,Angle Crash,2,Clear,Wet,Dark-Not Lighted
2022-02-27T13:30:00.000,I 85,,,Rear End,2,Rain,Wet,Daylight
2022-02-16T11:13:00.000,I-75,,,Not a Collision with Motor Vehicle,1,Clear,Dry,Daylight
2022-12-23T12:03:00.000,I 75,,,Rear End,2,Clear,Dry,Daylight
2022-10-13T05:42:00.000,I 20,,,Angle Crash,3,Rain,Wet,Dark-Lighted
2022-11-05T09:03:00.000,I 95,,,Not a Collision with Motor Vehicle,2,Cloudy,Dry,Daylight
2022-07-18T07:40:00.000,I 75,,,Angle Crash,2,Clear,Dry,Daylight
2022-12-08T07:37:00.000,I 285,,,Rear End,2,Cloudy,Wet,Daylight
2022-07-29T14:37:00.000,I 285,,,Rear End,2,Clear,Wet,Daylight
2022-08-17T18:03:00.000,I 20,,,Sideswipe-Same Direction,2,Clear,Dry,Daylight
2022-12-07T21:04:00.000,I 285,,,Rear End,2,Cloudy,Wet,Dark-Lighted
2022-11-15T09:13:00.000,I 16,,,Rear End,2,Clear,Dry,Daylight
2022-03-22T10:23:00.000,I 20,,,Sideswipe-Same Direction,2,Clear,Dry,Daylight
2022-10-03T15:42:00.000,I 75,,,Sideswipe-Same Direction,2,Clear,Dry,Daylight
2022-10-28T08:27:00.000,I 20,,,Rear End,2,Clear,Dry,Daylight
2022-04-15T22:41:00.000,I 20,,,Sideswipe-Same Direction,2,Clear,Dry,Dark-Lighted
2022-11-01T17:55:00.000,I 85,,,Sideswipe-Same Direction,2,Clear,Dry,Daylight
2022-02-20T18:52:00.000,I-75,,,Rear End,2,Clear,Dry,Dusk
2022-01-26T09:52:00.000,I 285,,,Sideswipe-Same Direction,2,Clear,Dry,Daylight
2022-02-13T16:00:00.000,I-75,,,Rear End,2,Clear,Dry,Daylight
2022-04-03T14:43:00.000,I 285,,,Sideswipe-Same Direction,2,Clear,Dry,Daylight
2022-01-12T07:40:00.000,I 20,,,Not a Collision with Motor Vehicle,1,Clear,Dry,Dark-Not Lighted
2022-06-24T22:50:00.000,I 75,,,Not a Collision with Motor Vehicle,1,Clear,Dry,Dark-Not Lighted
2022-08-21T18:31:00.000,I 20,,,Sideswipe-Same Direction,2,Cloudy,Dry,Daylight
2022-08-20T12:57:00.000,I 20,,,Rear End,2,Clear,Dry,Daylight
2022-08-03T19:08:00.000,I 85,,,Rear End,4,Cloudy,Dry,Daylight
2022-01-16T10:49:00.000,I 85,,,Not a Collision with Motor Vehicle,1,Snow,Snow,Daylight
2022-05-07T13:24:00.000,I 285,,,Rear End,2,Clear,Dry,Daylight
2022-06-13T13:08:00.000,I 85,,,Not a Collision with Motor Vehicle,1,Cloudy,Dry,Daylight
2022-08-30T09:09:00.000,I 75,,,Rear End,2,Clear,Dry,Daylight
2022-12-05T09:37:00.000,I 85,,,Angle Crash,2,Rain,Wet,Daylight
2022-11-11T09:10:00.000,I 85,,,Rear End,2,Rain,Wet,Daylight
2022-06-02T18:12:00.000,I 285,,,Sideswipe-Same Direction,2,Clear,Dry,Daylight
2022-03-30T23:00:00.000,I-75,,,Head On,2,Clear,Dry,Dark-Not Lighted
2022-05-05T13:15:00.000,I 75,,,Sideswipe-Same Direction,2,Clear,Dry,Daylight
2022-09-23T17:04:00.000,I 16,,,Angle Crash,2,Clear,Dry,Daylight
2022-07-15T16:05:00.000,I 20,,,Rear End,2,Clear,Dry,Daylight
2022-11-23T17:14:00.000,I 75,,,Not a Collision with Motor Vehicle,1,Clear,Dry,Dark-Not Lighted
2022-07-08T23:59:00.000,I-75,,,Sideswipe-Same Direction,3,Clear,Dry,Dark-Lighted
2022-03-26T16:14:00.000,I 75,,,Not a Collision with Motor Vehicle,1,Clear,Dry,Daylight
2022-10-14T22:00:00.000,I-75,,,Sideswipe-Same Direction,2,Clear,Dry,Dark-Lighted
2022-08-31T15:20:00.000,I 85,,,Rear End,3,Clear,Dry,Daylight
2022-04-17T00:00:00.000,I-75,,,Sideswipe-Same Direction,2,Clear,Dry,Dark-Lighted
2022-03-12T19:15:00.000,I 285,,,Sideswipe-Same Direction,2,Clear,Dry,Dark-Not Lighted
2022-09-15T12:10:00.000,I 85,,,Rear End,2,Clear,Dry,Daylight
2022-07-09T20:27:00.000,I-75,,,Sideswipe-Same Direction,2,Cloudy,Dry,Dusk
2022-02-25T20:30:00.000,I 85,,,Not a Collision with Motor Vehicle,1,Clear,Dry,Dark-Lighted
2022-02-23T10:10:00.000,I 20,,,Not a Collision with Motor Vehicle,1,Rain,Wet,Daylight
2022-01-18T09:00:00.000,I 285,,,Rear End,3,Clear,Dry,Daylight
2022-09-21T15:10:00.000,I 285,,,Sideswipe-Same Direction,2,Clear,Dry,Daylight
2022-01-05T08:13:00.000,I 75,,,Sideswipe-Same Direction,2,Clear,Dry,Daylight
2022-06-11T14:52:00.000,I 20,,,Rear End,2,Clear,Dry,Daylight
2022-09-19T11:25:00.000,I 75,,,Not a Collision with Motor Vehicle,2,Clear,Dry,Daylight
2022-10-07T17:28:00.000,I 85,,,Sideswipe-Same Direction,2,Clear,Dry,Daylight
2022-04-28T17:15:00.000,I 85,,,Sideswipe-Same Direction,2,Clear,Dry,Daylight
2022-04-03T15:45:00.000,I-75,,,Rear End,4,Clear,Dry,Daylight
2022-06-24T11:51:00.000,I 20,,,Rear End,2,Clear,Dry,Daylight
2022-12-14T21:30:00.000,I-75,,,Rear End,2,Clear,Dry,Dark-Not Lighted
2022-11-30T12:30:00.000,I 285,,,Rear End,2,Clear,Dry,Daylight
2022-03-08T12:00:00.000,I 285,,,Rear End,2,Rain,Wet,Daylight
2022-08-31T15:42:00.000,I-75,,,Sideswipe-Same Direction,3,Clear,Dry,Daylight
2022-10-31T05:40:00.000,I 85,,,Not a Collision with Motor Vehicle,1,Rain,Wet,Dark-Not Lighted
2022-09-28T18:47:00.000,I 16,,,Sideswipe-Same Direction,2,Clear,Dry,Daylight
2022-10-24T07:31:00.000,I 85,,,Not a Collision with Motor Vehicle,1,Clear,Dry,Dawn
2022-07-21T08:32:00.000,I 20,,,Sideswipe-Same Direction,2,Rain,Wet,Daylight
2022-11-23T02:20:00.000,I 285,,,Not a Collision with Motor Vehicle,1,Clear,Dry,Dark-Lighted
2022-08-11T21:26:00.000,I 85,,,Not a Collision with Motor Vehicle,1,Rain,Wet,Dark-Lighted
2022-08-10T16:12:00.000,I-75,,,Rear End,3,Clear,Dry,Daylight
2022-04-19T09:06:00.000,I 85,,,Sideswipe-Same Direction,2,Cloudy,Dry,Daylight
2022-02-05T20:10:00.000,I-75,,,Rear End,2,Clear,Dry,Dark-Lighted
2022-12-28T13:10:00.000,I 285,,,Sideswipe-Same Direction,2,Clear,Dry,Daylight
2022-08-29T19:21:00.000,I 20,,,Rear End,2,Clear,Dry,Daylight
2022-08-21T05:50:00.000,I-75,,,Sideswipe-Same Direction,3,Cloudy,Wet,Dark-Not Lighted
2022-02-05T12:24:00.000,I 20,,,Rear End,3,Clear,Dry,Daylight
2022-05-16T12:00:00.000,I 75,,,Sideswipe-Same Direction,2,Clear,Dry,Daylight
2022-11-30T18:07:00.000,I-75,,,Rear End,3,Clear,Dry,Dark-Lighted
2022-06-07T10:09:00.000,I 75,,,Rear End,2,Cloudy,Dry,Daylight