Date and Time,Roadway (From Crash Report),Intersection Name (from Crash Report),KABCO Severity,Manner of Collision (Crash Level) ,# of Vehicles per crash ,Weather Conditions (Crash Level),Surface Condition (Crash Level) ,Light Conditions (Crash Level)
2022-10-20T20:15:00.000,I 285,,,Not a Collision with Motor Vehicle,1,Clear,Dry,Dark-Lighted
2022-09-17T19:45:00.000,I-75,,,Rear End,4,Clear,Dry,Dark-Lighted
2022-09-29T15:30:00.000,I 85,,,Rear End,3,Clear,Dry,Daylight
2022-08-23T16:00:00.000,I 75,,,Angle Crash,2,Cloudy,Dry,Daylight
2022-12-09T18:20:00.000,I 285,,,Sideswipe-Same Direction,2,Rain,Wet,Dark-Not Lighted
2022-10-04T09:01:00.000,I 16,,,Angle Crash,2,Clear,Dry,Daylight
2022-10-29T19:28:00.000,I 75,,,Sideswipe-Same Direction,2,Clear,Dry,Dark-Not Lighted
2022-06-04T09:58:00.000,I 75,,,Angle Crash,2,Clear,Dry,Daylight
2022-05-14T07:00:00.000,I-75,,,Sideswipe-Same Direction,2,Cloudy,Dry,Daylight
2022-09-03T16:45:00.000,I 20,,,Rear End,2,Clear,Dry,Daylight
2022-01-02T18:00:00.000,I-75,,,Angle Crash,2,Cloudy,Oil,Dark-Lighted
2022-02-05T16:20:00.000,I 85,,,Rear End,2,Clear,Dry,Daylight
2022-12-19T17:00:00.000,I-75,,,Sideswipe-Same Direction,2,Clear,Dry,Daylight
2022-04-22T10:29:00.000,I 16,,,Rear End,3,Clear,Dry,Daylight
2022-12-18T21:08:00.000,I 285,,,Rear End,2,Clear,Dry,Dark-Not Lighted
2022-05-22T19:30:00.000,I-75,,,Rear End,3,Clear,Dry,Daylight
2022-04-05T17:33:00.000,I 285,,,Sideswipe-Same Direction,2,Cloudy,Dry,Daylight
2022-06-21T08:42:00.000,I 75,,,Sideswipe-Same Direction,3,Clear,Dry,Daylight
2022-07-13T14:16:00.000,I 75,,,Not a Collision with Motor Vehicle,1,Cloudy,Dry,Daylight
2022-01-01T20:30:00.000,I 20,,,Rear End,2,Clear,Dry,Dark-Lighted
2022-06-26T07:11:00.000,I 20,,,Head On,1,Clear,Dry,Daylight
2022-03-14T15:16:00.000,I 20,,,Rear End,2,Clear,Dry,Daylight
2022-03-08T17:26:00.000,I 75,,,Sideswipe-Same Direction,2,Rain,Wet,Daylight
2022-01-23T17:30:00.000,I-75,,,Rear End,3,Clear,Dry,Daylight
2022-11-19T18:55:00.000,I 285,,,Angle Crash,2,Cloudy,Dry,Dusk
2022-10-19T05:24:00.000,I-75,,,Rear End,2,Clear,Dry,Daylight
2022-07-13T18:50:00.000,I 85,,,Rear End,2,Rain,Wet,Daylight
2022-08-25T18:45:00.000,I 285,,,Sideswipe-Same Direction,2,Rain,Wet,Daylight
2022-02-14T13:57:00.000,I 85,,,Rear End,2,Clear,Dry,Daylight
2022-03-18T16:54:00.000,I 75,,,Rear End,3,Rain,Wet,Daylight
2022-01-25T09:00:00.000,I 75,,,Sideswipe-Same Direction,2,Clear,Dry,Daylight
2022-07-04T17:08:00.000,I 20,,,Sideswipe-Same Direction,2,Clear,Dry,Daylight
2022-02-16T16:32:00.000,I 75,,,Sideswipe-Same Direction,3,Clear,Dry,Daylight
2022-12-14T17:18:00.000,I 16,,,Rear End,2,Rain,Wet,Daylight
2022-09-18T14:35:00.000,I 85,,,Rear End,2,Clear,Dry,Daylight
2022-09-04T18:52:00.000,I 20,,,Not a Collision with Motor Vehicle,1,Rain,Wet,Daylight
2022-08-05T07:42:00.000,I 16,,,Not a Collision with Motor Vehicle,1,Clear,Dry,Daylight
2022-11-12T17:00:00.000,I-75,,,Sideswipe-Same Direction,2,Clear,Dry,Dark-Lighted
2022-04-27T01:20:00.000,I 285,,,Sideswipe-Same Direction,2,Clear,Dry,Dark-Not Lighted
2022-01-04T08:30:00.000,I-75,,,Rear End,2,Clear,Dry,Daylight
2022-09-19T14:38:00.000,I 285,,,Rear End,2,Clear,Dry,Daylight
2022-02-15T16:47:00.000,I 16,,,Rear End,2,Clear,Dry,Daylight
2022-10-28T00:00:00.000,I 16,,,Not a Collision with Motor Vehicle,1,Clear,Dry,Dark-Not Lighted
2022-09-10T17:30:00.000,I-75,,,Sideswipe-Same Direction,3,Cloudy,Wet,Daylight
2022-08-07T13:37:00.000,I-75,,,Rear End,2,Clear,Dry,Daylight
2022-11-02T20:30:00.000,I 85,,,Not a Collision with Motor Vehicle,1,Clear,Dry,Dark-Not Lighted
2022-03-12T22:15:00.000,I-75,,,Rear End,2,Clear,Dry,Dark-Lighted
2022-09-07T19:03:00.000,I 85,,,Rear End,2,Clear,Dry,Daylight
2022-10-11T09:00:00.000,I 20,,,Sideswipe-Same Direction,2,Clear,Dry,Daylight
2022-12-20T08:05:00.000,I 20,,,Rear End,2,Cloudy,Dry,Daylight
2022-07-10T16:22:00.000,I 16,,,Not a Collision with Motor Vehicle,1,Rain,Wet,Daylight
2022-06-11T08:30:00.000,I-75,,,Sideswipe-Same Direction,2,Clear,Dry,Daylight
2022-02-14T00:00:00.000,I 85,,,Angle Crash,2,Clear,Dry,Dark-Lighted
2022-01-05T09:30:00.000,I-75,,,Sideswipe-Same Direction,2,Clear,Dry,Daylight
2022-09-21T11:55:00.000,I 16,,,Rear End,4,Clear,Dry,Daylight
2022-09-05T08:30:00.000,I 95,,,Sideswipe-Same Direction,1,Clear,Dry,Daylight
2022-11-12T12:07:00.000,I-75,,,Sideswipe-Same Direction,2,Cloudy,Dry,Daylight
2022-07-11T00:00:00.000,I 75,,,Not a Collision with Motor Vehicle,1,Rain,Wet,Dark-Not Lighted
2022-04-19T13:35:00.000,I 75,,,Not a Collision with Motor Vehicle,1,Clear,Dry,Daylight
2022-08-06T21:30:00.000,I-75,,,Rear End,2,Rain,Water (standing or moving),Dark-Lighted
2022-03-13T12:13:00.000,I 75,,,Rear End,2,Clear,Dry,Daylight
2022-07-19T17:30:00.000,I 75,,,Not a Collision with Motor Vehicle,1,Rain,Wet,Daylight
2022-05-14T22:09:00.000,I 75,,,Rear End,3,Clear,Dry,Dark-Not Lighted
2022-12-09T18:53:00.000,I 20,,,Not a Collision with Motor Vehicle,1,Rain,Wet,Dark-Not Lighted
2022-11-10T20:40:00.000,I 285,,,Rear End,2,Rain,Wet,Dark-Lighted
2022-09-18T05:40:00.000,I 285,,,Not a Collision with Motor Vehicle,1,Clear,Dry,Dark-Not Lighted
2022-03-23T08:15:00.000,I-75,,,Rear End,2,Rain,Water (standing or moving),Daylight
2022-02-27T10:00:00.000,I 285,,,Not a Collision with Motor Vehicle,1,Rain,Wet,Daylight
2022-09-12T17:35:00.000,I 75,,,Rear End,2,Clear,Dry,Daylight
2022-06-30T14:25:00.000,I 75,,,Rear End,2,Clear,Dry,Daylight
2022-10-13T05:30:00.000,I 75,,,Rear End,2,Rain,Wet,Dark-Not Lighted
2022-11-27T11:00:00.000,I 75,,,Rear End,2,Clear,Dry,Daylight
2022-09-11T18:10:00.000,I 75,,,Rear End,2,Cloudy,Wet,Daylight
2022-07-05T03:58:00.000,I 95,,,Not a Collision with Motor Vehicle,1,Clear,Dry,Dark-Not Lighted
2022-05-15T17:12:00.000,I 75,,,Rear End,2,Rain,Wet,Daylight
2022-03-18T12:51:00.000,I 85,,,Sideswipe-Same Direction,2,Rain,Wet,Daylight
2022-09-25T11:28:00.000,I 75,,,Rear End,2,Clear,Dry,Daylight
2022-08-13T16:36:00.000,I 20,,,Rear End,2,Clear,Dry,Daylight
2022-03-16T19:00:00.000,I-75,,,Sideswipe-Same Direction,2,Rain,Wet,Dark-Lighted
2022-08-11T18:10:00.000,I 20,,,Not a Collision with Motor Vehicle,2,Cloudy,Wet,Daylight
2022-12-09T19:40:00.000,I 16,,,Sideswipe-Same Direction,2,Clear,Dry,Dark-Not Lighted
2022-05-23T10:04:00.000,I 285,,,Rear End,2,Rain,Wet,Daylight
2022-09-25T12:30:00.000,I-75,,,Not a Collision with Motor Vehicle,1,Rain,Wet,Daylight
2022-01-25T20:20:00.000,I-75,,,Rear End,3,Clear,Dry,Dark-Lighted
2022-11-10T21:25:00.000,I 75,,,Not a Collision with Motor Vehicle,1,Rain,Wet,Dark-Not Lighted
2022-08-08T12:15:00.000,I 285,,,Rear End,2,Clear,Dry,Daylight
2022-04-27T11:52:00.000,I-75,,,Rear End,2,Clear,Dry,Daylight
2022-11-14T17:03:00.000,I 75,,,Rear End,2,Clear,Dry,Dark-Lighted
2022-06-29T15:21:00.000,I 285,,,Sideswipe-Same Direction,2,Clear,Dry,Daylight
2022-08-18T08:37:00.000,I 85,,,Rear End,2,Clear,Dry,Daylight
2022-01-10T11:30:00.000,I 285,,,Rear End,2,Clear,Dry,Daylight
2022-07-27T12:31:00.000,I 16,,,Rear End,2,Clear,Dry,Daylight
2022-10-21T17:34:00.000,Sr 140,,,Rear End,2,Clear,Dry,Daylight
2022-05-25T13:00:00.000,I 285,,,Rear End,2,Cloudy,Dry,Daylight
2022-12-17T05:15:00.000,I-75,,,Rear End,2,Clear,Dry,Dark-Lighted
2022-04-18T09:00:00.000,I 75,,,Rear End,4,Cloudy,Wet,Daylight
2022-04-03T18:55:00.000,I-75,,,Sideswipe-Same Direction,2,Clear,Dry,Daylight
2022-03-23T09:49:00.000,I-75,,,Rear End,3,Rain,Wet,Daylight
2022-07-13T08:30:00.000,I-75,,,Angle Crash,2,Clear,Dry,Daylight
2022-01-20T04:59:00.000,I 75,,,Not a Collision with Motor Vehicle,1,Rain,Wet,Dark-Lighted
2022-04-04T17:08:00.000,I 75,,,Sideswipe-Same Direction,2,Clear,Dry,Daylight
2022-05-22T15:15:00.000,I 285,,,Rear End,2,Clear,Dry,Daylight
2022-06-30T20:47:00.000,I-75,,,Rear End,2,Severe Thunderstorm or Tornadic,Water (standing or moving),Dark-Lighted
2022-04-20T11:45:00.000,I 75,,,Rear End,2,Clear,Dry,Daylight
2022-08-27T12:10:00.000,I-75,,,Sideswipe-Same Direction,2,Clear,Dry,Daylight
2022-02-28T14:19:00.000,I 75,,,Sideswipe-Same Direction,2,Clear,Dry,Daylight
2022-11-23T12:02:00.000,I-75,,,Rear End,2,Clear,Dry,Daylight
2022-08-19T23:44:00.000,I-75,,,Rear End,2,Cloudy,Wet,Dark-Lighted
2022-02-13T15:20:00.000,I-75,,,Angle Crash,3,Clear,Dry,Daylight
2022-03-12T03:30:00.000,I-75,,,Angle Crash,2,Rain,Wet,Dark-Not Lighted
2022-11-09T09:29:00.000,I 95,,,Angle Crash,2,Cloudy,Dry,Daylight
2022-01-30T14:58:00.000,I 85,,,Rear End,2,Clear,Dry,Daylight
2022-10-04T18:54:00.000,I 285,,,Sideswipe-Same Direction,3,Clear,Dry,Dark-Lighted
2022-08-22T15:30:00.000,I 75,,,Rear End,2,Cloudy,Wet,Daylight
2022-05-29T21:30:00.000,I-75,,,Rear End,3,Clear,Dry,Dark-Not Lighted
2022-02-20T21:20:00.000,I 75,,,Rear End,2,Clear,Dry,Dark-Not Lighted
2022-11-15T23:30:00.000,I-75,,,Sideswipe-Same Direction,3,Clear,Dry,Dusk
2022-06-01T12:34:00.000,I 75,,,Sideswipe-Same Direction,2,Clear,Dry,Daylight
2022-03-09T16:33:00.000,I-75,,,Rear End,2,Cloudy,Dry,Daylight
2022-07-02T12:58:00.000,I 285,,,Head On,3,Clear,Dry,Dark-Not Lighted
2022-10-03T00:00:00.000,I 75,,,Rear End,2,Clear,Dry,Daylight
2022-04-08T15:43:00.000,I 16,,,Rear End,3,Cloudy,Dry,Daylight
2022-01-19T19:25:00.000,I-75,,,Rear End,2,Clear,Dry,Dark-Lighted
2022-05-06T17:20:00.000,I 285,,,Rear End,2,Clear,Dry,Daylight
2022-01-18T08:37:00.000,I-75,,,Sideswipe-Same Direction,2,Clear,Dry,Daylight
2022-02-02T11:00:00.000,I-75,,,Rear End,2,Cloudy,Dry,Daylight
2022-01-14T12:14:00.000,I-75,,,Rear End,2,Clear,Dry,Daylight
2022-05-11T17:40:00.000,I 285,,,Rear End,2,Clear,Dry,Daylight
2022-12-20T14:53:00.000,I 85,,,Rear End,2,Rain,Wet,Daylight
2022-11-03T20:00:00.000,I 85,,,Rear End,3,Clear,Dry,Dark-Not Lighted
2022-10-04T08:51:00.000,I 75,,,Rear End,3,Clear,Dry,Daylight
2022-05-20T09:15:00.000,I 75,,,Sideswipe-Same Direction,2,Clear,Dry,Daylight
2022-08-03T11:00:00.000,I 75,,,Angle Crash,2,Clear,Dry,Daylight
2022-12-03T21:30:00.000,I-75,,,Rear End,2,Clear,Wet,Dark-Lighted
2022-12-19T04:41:00.000,I-75,,,Sideswipe-Same Direction,2,Clear,Dry,Dark-Lighted
2022-10-15T11:05:00.000,I 285,,,Not a Collision with Motor Vehicle,1,Clear,Dry,Daylight
2022-05-25T17:30:00.000,I-75,,,Rear End,2,Clear,Dry,Daylight
2022-04-13T15:00:00.000,I-75,,,Rear End,3,Clear,Dry,Daylight
2022-09-17T10:00:00.000,I-75,,,Rear End,2,Clear,Dry,Daylight
2022-07-29T10:50:00.000,I 75,,,Rear End,2,Cloudy,Dry,Daylight
2022-08-03T17:00:00.000,I 75,,,Not a Collision with Motor Vehicle,1,Clear,Dry,Daylight
2022-08-04T17:37:00.000,I 75,,,Sideswipe-Same Direction,2,Clear,Dry,Daylight
2022-02-20T11:09:00.000,I-75,,,Angle Crash,4,Clear,Dry,Daylight
2022-04-07T10:59:00.000,I 75,,,Rear End,2,Clear,Dry,Daylight
2022-08-07T01:00:00.000,I-75,,,Sideswipe-Same Direction,2,Clear,Dry,Dark-Lighted
2022-12-10T18:52:00.000,I 75,,,Angle Crash,3,Rain,Wet,Dark-Not Lighted
2022-06-14T16:57:00.000,I 75,,,Rear End,2,Clear,Dry,Daylight
2022-08-11T11:40:00.000,I 75,,,Rear End,2,Cloudy,Dry,Daylight
2022-01-03T23:04:00.000,I 285,,,Rear End,2,Clear,Dry,Dark-Lighted
2022-09-27T12:20:00.000,I 285,,,Rear End,2,Clear,Dry,Daylight
2022-05-03T16:54:00.000,I 285,,,Rear End,2,Clear,Dry,Daylight
2022-04-20T14:17:00.000,I 285,,,Rear End,2,Clear,Dry,Daylight
2022-07-01T17:08:00.000,I 20,,,Sideswipe-Same Direction,2,Cloudy,Wet,Daylight
2022-11-18T12:06:00.000,I-75,,,Rear End,2,Clear,Dry,Daylight
2022-05-25T11:57:00.000,I 75,,,Angle Crash,2,Clear,Dry,Daylight
2022-05-25T12:58:00.000,I 85,,,Rear End,2,Cloudy,Dry,Daylight
2022-07-09T00:39:00.000,I 85,,,Rear End,2,Clear,Dry,Dark-Lighted
2022-02-24T19:45:00.000,I 75,,,Angle Crash,2,Clear,Dry,Dark-Not Lighted
2022-11-28T07:12:00.000,I 75,,,Rear End,3,Clear,Dry,Daylight
2022-09-28T10:46:00.000,I-75,,,Sideswipe-Same Direction,2,Clear,Dry,Daylight
2022-05-06T09:44:00.000,I 20,,,Not a Collision with Motor Vehicle,2,Rain,Wet,Daylight
2022-11-22T00:00:00.000,I 20,,,Sideswipe-Same Direction,2,Clear,Dry,Dark-Lighted
2022-10-04T20:40:00.000,I 285,,,Sideswipe-Same Direction,2,Clear,Dry,Dark-Lighted
2022-11-30T19:02:00.000,I 285,,,Rear End,2,Clear,Dry,Dark-Not Lighted
2022-01-27T06:20:00.000,I 75,,,Sideswipe-Same Direction,2,Clear,Dry,Dark-Not Lighted
2022-12-25T19:23:00.000,I-75,,,Angle Crash,2,Rain,Wet,Dark-Lighted
2022-04-22T14:19:00.000,I 20,,,Sideswipe-Same Direction,2,Clear,Dry,Daylight
2022-09-29T19:38:00.000,I 16,,,Not a Collision with Motor Vehicle,1,Clear,Dry,Dark-Not Lighted
2022-05-26T07:18:00.000,I 16,,,Not a Collision with Motor Vehicle,1,Rain,Wet,Daylight
2022-11-29T21:50:00.000,I-75,,,Angle Crash,2,Rain,Wet,Dark-Lighted
2022-12-12T08:42:00.000,I 285,,,Sideswipe-Same Direction,2,Cloudy,Wet,Daylight
2022-08-12T23:26:00.000,I 20,,,Not a Collision with Motor Vehicle,1,Cloudy,Dry,Dark-Lighted
2022-11-08T10:00:00.000,I 85,,,Rear End,2,Clear,Dry,Daylight
2022-03-30T17:35:00.000,I 285,,,Rear End,2,Clear,Dry,Daylight
2022-02-05T11:20:00.000,I-75,,,Angle Crash,2,Clear,Dry,Daylight
2022-12-07T09:45:00.000,I 75,,,Rear End,2,Cloudy,Dry,Daylight
2022-02-22T15:37:00.000,I 285,,,Rear End,3,Clear,Dry,Daylight
2022-04-23T15:16:00.000,I 20,,,Rear End,2,Clear,Dry,Daylight
2022-07-04T22:30:00.000,I-75,,,Not a Collision with Motor Vehicle,1,Cloudy,Water (standing or moving),Dark-Lighted
2022-07-15T21:45:00.000,I-75,,,Sideswipe-Same Direction,2,Clear,Dry,Dark-Not Lighted
2022-05-07T16:30:00.000,I-75,,,Sideswipe-Same Direction,2,Clear,Dry,Daylight
2022-05-09T06:20:00.000,I 20,,,Sideswipe-Same Direction,2,Clear,Dry,Dawn
2022-09-07T13:04:00.000,I 20,,,Rear End,3,Clear,Dry,Daylight
2022-01-05T11:25:00.000,I 85,,,Rear End,3,Clear,Dry,Daylight
2022-02-23T12:11:00.000,I 75,,,Not a Collision with Motor Vehicle,1,Cloudy,Wet,Daylight
2022-02-10T07:16:00.000,I 75,,,Sideswipe-Same Direction,2,Clear,Dry,Daylight
2022-11-14T18:00:00.000,I 285,,,Rear End,2,Clear,Dry,Daylight
2022-03-14T17:50:00.000,I 75,,,Not a Collision with Motor Vehicle,2,Clear,Dry,Daylight
2022-01-20T20:27:00.000,I 75,,,Angle Crash,2,Cloudy,Dry,Dark-Not Lighted
2022-12-05T16:42:00.000,I 20,,,Sideswipe-Same Direction,2,Rain,Wet,Daylight
2022-08-13T11:35:00.000,I 20,,,Rear End,3,Clear,Dry,Daylight
2022-06-21T09:32:00.000,I 75,,,Sideswipe-Same Direction,2,Clear,Dry,Daylight
2022-04-22T20:20:00.000,I 285,,,Sideswipe-Same Direction,2,Clear,Dry,Dark-Not Lighted
2022-07-07T03:19:00.000,I 20,,,Not a Collision with Motor Vehicle,1,Clear,Dry,Dark-Not Lighted
2022-01-25T19:12:00.000,I 285,,,Rear End,3,Clear,Dry,Dark-Not Lighted
2022-08-13T13:40:00.000,I 95,,,Sideswipe-Same Direction,2,Clear,Dry,Daylight
2022-12-23T12:25:00.000,I 75,,,Rear End,2,Clear,Dry,Daylight
2022-11-23T23:22:00.000,I 285,,,Sideswipe-Same Direction,2,Clear,Dry,Dark-Lighted
2022-05-28T19:39:00.000,I 75,,,Sideswipe-Same Direction,2,Clear,Dry,Daylight
2022-03-19T13:13:00.000,I-75,,,Rear End,2,Clear,Dry,Daylight
2022-08-16T04:40:00.000,I 20,,,Not a Collision with Motor Vehicle,1,Clear,Dry,Dark-Lighted
2022-09-24T03:20:00.000,I 85,,,Angle Crash,2,Clear,Dry,Dark-Not Lighted
2022-03-26T14:20:00.000,I 285,,,Angle Crash,2,Clear,Dry,Daylight
2022-03-25T00:00:00.000,I 85,,,Rear End,3,Clear,Dry,Dark-Not Lighted
2022-12-06T05:58:00.000,I 20,,,Not a Collision with Motor Vehicle,1,Rain,Wet,Dark-Not Lighted
2022-03-03T23:00:00.000,I 285,,,Sideswipe-Same Direction,2,Clear,Dry,Dark-Not Lighted
2022-03-06T23:49:00.000,I-75,,,Not a Collision with Motor Vehicle,2,Clear,Dry,Dark-Lighted
2022-07-04T04:50:00.000,I 85,,,Not a Collision with Motor Vehicle,1,Clear,Dry,Dark-Lighted
2022-04-28T17:11:00.000,I 285,,,Rear End,2,Clear,Dry,Daylight
2022-10-28T15:35:00.000,I 75,,,Rear End,2,Clear,Dry,Daylight
2022-08-01T00:23:00.000,I 285,,,Sideswipe-Same Direction,2,Clear,Dry,Dark-Not Lighted
2022-04-29T08:49:00.000,I 75,,,Sideswipe-Same Direction,2,Clear,Dry,Daylight
2022-05-15T18:09:00.000,I 20,,,Not a Collision with Motor Vehicle,1,Cloudy,Dry,Daylight
2022-06-06T15:10:00.000,I 285,,,Not a Collision with Motor Vehicle,2,Clear,Dry,Daylight
2022-07-09T23:20:00.000,I 20,,,Angle Crash,2,Clear,Wet,Dark-Not Lighted
2022-07-19T07:23:00.000,I 285,,,Rear End,2,Rain,Wet,Daylight
2022-11-19T08:00:00.000,I 75,,,Not a Collision with Motor Vehicle,1,Clear,Dry,Daylight
2022-01-21T09:40:00.000,I 85,,,Rear End,2,Clear,Dry,Daylight
2022-08-04T12:40:00.000,I 285,,,Sideswipe-Same Direction,3,Clear,Dry,Daylight
2022-04-30T13:28:00.000,I 75,,,Rear End,2,Clear,Dry,Daylight
2022-05-11T08:15:00.000,I-75,,,Sideswipe-Same Direction,2,Clear,Dry,Daylight
2022-03-10T09:15:00.000,I 285,,,Rear End,2,Clear,Dry,Daylight
2022-10-29T20:43:00.000,I-75,,,Sideswipe-Same Direction,2,Clear,Dry,Dark-Lighted
2022-06-25T17:30:00.000,I 75,,,Rear End,2,Cloudy,Dry,Daylight
2022-09-12T18:30:00.000,I 285,,,Rear End,2,Clear,Dry,Daylight
2022-09-23T19:13:00.000,I 85,,,Sideswipe-Same Direction,2,Clear,Dry,Daylight
2022-01-03T05:10:00.000,I 20,,,Angle Crash,2,Cloudy,Wet,Dark-Not Lighted
2022-09-07T18:09:00.000,I 20,,,Not a Collision with Motor Vehicle,2,Clear,Dry,Daylight
2022-10-03T18:17:00.000,I 285,,,Rear End,2,Cloudy,Dry,Daylight
2022-01-23T12:00:00.000,I-75,,,Rear End,2,Clear,Dry,Daylight
2022-11-30T13:13:00.000,I 75,,,Not a Collision with Motor Vehicle,1,Cloudy,Dry,Daylight
2022-12-27T19:55:00.000,I 75,,,Angle Crash,2,Clear,Dry,Dark-Not Lighted
2022-10-28T17:35:00.000,I-75,,,Rear End,2,Clear,Dry,Dark-Lighted
2022-03-24T07:47:00.000,I 20,,,Not a Collision with Motor Vehicle,1,Clear,Dry,Daylight
2022-02-05T00:34:00.000,I 285,,,Sideswipe-Same Direction,2,Clear,Dry,Dark-Lighted
2022-07-15T07:35:00.000,I 95,,,Rear End,2,Cloudy,Dry,Daylight
2022-01-24T09:30:00.000,I 85,,,Not a Collision with Motor Vehicle,1,Clear,Dry,Daylight
2022-05-26T15:50:00.000,I 285,,,Sideswipe-Same Direction,2,Cloudy,Wet,Daylight
2022-10-19T08:14:00.000,I-75,,,Sideswipe-Same Direction,2,Clear,Dry,Daylight
2022-03-17T11:58:00.000,I 20,,,Sideswipe-Same Direction,2,Clear,Dry,Daylight
2022-04-01T21:48:00.000,I 75,,,Rear End,2,Clear,Dry,Dark-Not Lighted
2022-04-04T01:32:00.000,I 75,,,Not a Collision with Motor Vehicle,2,Clear,Dry,Dark-Not Lighted
2022-06-09T22:00:00.000,I-75,,,Sideswipe-Same Direction,2,Clear,Dry,Dark-Lighted
2022-05-27T16:20:00.000,I 16,,,Rear End,2,Clear,Dry,Daylight
2022-11-22T06:50:00.000,I 75,,,Angle Crash,2,Clear,Dry,Dawn
2022-01-22T19:24:00.000,I-75,,,Sideswipe-Same Direction,2,Clear,Dry,Dark-Lighted
2022-05-02T05:42:00.000,I 285,,,Sideswipe-Same Direction,2,Cloudy,Dry,Dawn
2022-06-10T15:45:00.000,I 75,,,Rear End,2,Clear,Dry,Daylight
2022-06-12T14:19:00.000,I 285,,,Rear End,2,Clear,Dry,Daylight
2022-01-28T07:20:00.000,I 85,,,Not a Collision with Motor Vehicle,2,Cloudy,Dry,Daylight
2022-08-02T22:24:00.000,I 85,,,Head On,2,Clear,Dry,Dark-Lighted
2022-01-08T07:54:00.000,I 75,,,Rear End,2,Clear,Dry,Dawn
2022-10-27T13:34:00.000,I 285,,,Rear End,2,Clear,Dry,Daylight
2022-03-22T22:14:00.000,I 85,,,Sideswipe-Same Direction,1,Clear,Dry,Dark-Not Lighted
2022-11-30T22:33:00.000,I 285,,,Angle Crash,2,Clear,Dry,Dark-Not Lighted
2022-10-22T04:20:00.000,I 75,,,Angle Crash,3,Clear,Dry,Dark-Not Lighted
2022-09-28T05:30:00.000,I-75,,,Sideswipe-Same Direction,3,Clear,Dry,Dark-Lighted
2022-10-25T15:29:00.000,I 285,,,Sideswipe-Same Direction,2,Clear,Dry,Daylight
2022-03-07T18:25:00.000,I 75,,,Not a Collision with Motor Vehicle,1,Rain,Wet,Daylight
2022-05-25T17:07:00.000,I 20,,,Rear End,2,Cloudy,Dry,Daylight
2022-01-25T06:46:00.000,I 75,,,Rear End,2,Clear,Dry,Dark-Not Lighted
2022-01-27T14:28:00.000,I 85,,,Sideswipe-Same Direction,4,Clear,Dry,Daylight
2022-06-08T09:10:00.000,I 85,,,Rear End,2,Cloudy,Wet,Daylight
2022-07-15T09:47:00.000,I 20,,,Rear End,2,Clear,Dry,Daylight
2022-07-13T16:59:00.000,I 20,,,Rear End,3,Rain,Wet,Daylight
2022-08-21T19:34:00.000,I 75,,,Not a Collision with Motor Vehicle,1,Rain,Wet,Daylight
2022-07-10T20:53:00.000,I 16,,,Not a Collision with Motor Vehicle,1,Severe Thunderstorm or Tornadic,Wet,Dark-Not Lighted
2022-06-10T21:28:00.000,I 16,,,Rear End,2,Cloudy,Dry,Dark-Not Lighted
2022-06-10T16:55:00.000,I 85,,,Rear End,2,Clear,Dry,Daylight
2022-02-24T05:15:00.000,I 75,,,Not a Collision with Motor Vehicle,1,Cloudy,Wet,Dark-Not Lighted
2022-09-28T15:08:00.000,I 85,,,Rear End,2,Clear,Dry,Daylight
2022-01-28T13:50:00.000,I 20,,,Sideswipe-Same Direction,2,Cloudy,Dry,Daylight
2022-10-17T06:00:00.000,I-75,,,Rear End,2,Clear,Dry,Dark-Lighted
2022-08-11T12:01:00.000,I 16,,,Not a Collision with Motor Vehicle,1,Rain,Wet,Daylight
2022-12-11T08:19:00.000,I 285,,,Not a Collision with Motor Vehicle,1,Rain,Wet,Daylight
2022-09-10T02:58:00.000,I 75,,,Not a Collision with Motor Vehicle,1,Clear,Dry,Dark-Not Lighted
2022-11-18T09:15:00.000,I 75,,,Rear End,3,Clear,Dry,Daylight
2022-11-30T07:01:00.000,I 16,,,Head On,1,Rain,Wet,Daylight
2022-12-17T13:00:00.000,I-75,,,Sideswipe-Same Direction,2,Clear,Dry,Daylight
2022-04-23T15:23:00.000,I 16,,,Rear End,2,Clear,Dry,Daylight
2022-09-21T09:30:00.000,I-75,,,Sideswipe-Same Direction,2,Clear,Dry,Daylight
2022-11-27T16:40:00.000,I-75,,,Rear End,2,Clear,Dry,Daylight
2022-04-06T14:53:00.000,I 20,,,Angle Crash,2,Cloudy,Dry,Daylight
2022-09-22T08:20:00.000,I 85,,,Rear End,2,Clear,Dry,Daylight
2022-11-03T00:36:00.000,I-75,,,Angle Crash,3,Clear,Dry,Dark-Not Lighted
2022-03-09T10:21:00.000,I 85,,,Sideswipe-Same Direction,2,Cloudy,Wet,Daylight
2022-05-07T14:48:00.000,I 285,,,Rear End,2,Clear,Dry,Daylight
2022-12-15T06:11:00.000,I-75,,,Sideswipe-Same Direction,2,Rain,Wet,Dark-Lighted
2022-04-12T06:00:00.000,I 285,,,Rear End,2,Clear,Dry,Dark-Lighted
2022-07-27T15:25:00.000,I 285,,,Rear End,2,Clear,Dry,Daylight
2022-01-16T01:58:00.000,I 75,,,Not a Collision with Motor Vehicle,1,Rain,Wet,Dark-Lighted
2022-10-16T19:20:00.000,I-75,,,Rear End,2,Clear,Dry,Dark-Lighted
2022-10-30T15:08:00.000,I-75,,,Rear End,2,Rain,Wet,Daylight
2022-03-18T14:22:00.000,I 285,,,Not a Collision with Motor Vehicle,1,Rain,Wet,Daylight
2022-02-25T18:40:00.000,I 75,,,Angle Crash,2,Clear,Dry,Dark-Not Lighted
2022-03-17T11:00:00.000,I 75,,,Sideswipe-Same Direction,3,Clear,Dry,Daylight
2022-11-21T15:10:00.000,I 285,,,Sideswipe-Same Direction,2,Clear,Dry,Daylight
2022-11-24T13:50:00.000,I 285,,,Rear End,2,Cloudy,Dry,Daylight