Date and Time,Roadway (From Crash Report),Intersection Name (from Crash Report),KABCO Severity,Manner of Collision (Crash Level) ,# of Vehicles per crash ,Weather Conditions (Crash Level),Surface Condition (Crash Level) ,Light Conditions (Crash Level)
2022-11-30T19:13:00.000,I 20,,,Sideswipe-Same Direction,2,Clear,Dry,Dark-Lighted
2022-07-20T10:37:00.000,I 75,,,Angle Crash,2,Clear,Dry,Daylight
2022-12-10T02:30:00.000,I-75,,,Angle Crash,2,Clear,Dry,Dark-Not Lighted
2022-03-09T18:30:00.000,I 75,,,Sideswipe-Same Direction,2,Rain,Wet,Dark-Not Lighted
2022-11-11T07:25:00.000,I 85,,,Sideswipe-Same Direction,2,Rain,Wet,Daylight
2022-06-01T09:30:00.000,I 85,,,Rear End,2,Clear,Dry,Daylight
2022-01-23T06:20:00.000,I 85,,,Rear End,2,Cloudy,Ice/Frost,Dark-Not Lighted
2022-12-12T06:35:00.000,I 75,,,Rear End,3,Cloudy,Wet,Dark-Lighted
2022-08-22T06:50:00.000,I 285,,,Sideswipe-Same Direction,2,Clear,Dry,Daylight
2022-09-01T16:09:00.000,I 75,,,Angle Crash,2,Clear,Dry,Daylight
2022-07-27T15:15:00.000,I 20,,,Sideswipe-Same Direction,2,Clear,Dry,Daylight
2022-05-18T07:45:00.000,I 285,,,Rear End,2,Clear,Dry,Daylight
2022-11-29T00:00:00.000,I 85,,,Angle Crash,3,Clear,Dry,Daylight
2022-05-15T13:20:00.000,I 85,,,Sideswipe-Same Direction,2,Clear,Dry,Daylight
2022-05-08T13:52:00.000,I 75,,,Rear End,2,Cloudy,Dry,Daylight
2022-08-01T12:11:00.000,I 75,,,Rear End,2,Clear,Dry,Daylight
2022-11-11T18:57:00.000,I 75,,,Rear End,2,Rain,Wet,Dark-Lighted
2022-04-24T07:15:00.000,I 75,,,Not a Collision with Motor Vehicle,1,Clear,Dry,Daylight
2022-07-23T13:30:00.000,I 20,,,Rear End,3,Clear,Dry,Daylight
2022-06-28T14:10:00.000,I 285,,,Sideswipe-Same Direction,2,Clear,Dry,Daylight
2022-10-31T00:00:00.000,I 285,,,Rear End,2,Cloudy,Wet,Dark-Lighted
2022-10-01T20:50:00.000,I 85,,,Head On,2,Clear,Dry,Dark-Not Lighted
2022-03-08T17:30:00.000,I 75,,,Not a Collision with Motor Vehicle,1,Rain,Wet,Daylight
2022-06-18T21:26:00.000,I-75,,,Rear End,3,Clear,Dry,Dark-Lighted
2022-03-31T10:00:00.000,I 20,,,Rear End,2,Cloudy,Dry,Daylight
2022-08-16T14:45:00.000,I 285,,,Sideswipe-Same Direction,2,Cloudy,Dry,Daylight
2022-07-09T17:20:00.000,I-75,,,Rear End,2,Clear,Dry,Daylight
2022-11-08T18:47:00.000,I 20,,,(None),2,(None),(None),(None)
2022-10-24T03:30:00.000,I 20,,,Not a Collision with Motor Vehicle,1,Clear,Dry,Dark-Not Lighted
2022-12-07T18:23:00.000,I-75,,,Rear End,4,Rain,Wet,Dark-Lighted
2022-05-06T02:50:00.000,I-75,,,Rear End,3,Clear,Dry,Dark-Not Lighted
2022-06-25T11:50:00.000,I-75,,,Sideswipe-Same Direction,2,Clear,Dry,Daylight
2022-11-29T19:40:00.000,I 75,,,Not a Collision with Motor Vehicle,1,Rain,Wet,Dark-Not Lighted
2022-10-28T13:30:00.000,I 75,,,Rear End,2,Clear,Dry,Daylight
2022-12-16T20:23:00.000,I-75,,,Rear End,2,Clear,Dry,Dark-Lighted
2022-06-11T11:23:00.000,I 285,,,Sideswipe-Same Direction,2,Clear,Dry,Daylight
2022-11-14T12:30:00.000,I 285,,,Rear End,2,Clear,Dry,Daylight
2022-12-14T08:28:00.000,I-75,,,Rear End,2,Cloudy,Dry,Daylight
2022-01-29T10:00:00.000,I 75,,,Not a Collision with Motor Vehicle,1,Clear,Dry,Daylight
2022-06-30T00:15:00.000,I-75,,,Head On,2,Clear,Dry,Dark-Not Lighted
2022-11-10T08:40:00.000,I 20,,,Sideswipe-Same Direction,2,Clear,Dry,Daylight
2022-06-06T00:50:00.000,I 95,,,Not a Collision with Motor Vehicle,1,Rain,Wet,Dark-Lighted
2022-12-04T12:55:00.000,I 75,,,Angle Crash,2,Clear,Dry,Daylight
2022-07-15T19:20:00.000,I 85,,,Sideswipe-Same Direction,2,Clear,Dry,Daylight
2022-04-02T21:15:00.000,I 285,,,Angle Crash,2,Clear,Dry,Dark-Lighted
2022-06-20T18:17:00.000,I 20,,,Angle Crash,2,Clear,Dry,Daylight
2022-02-20T20:00:00.000,I-75,,,Sideswipe-Same Direction,2,Clear,Dry,Dark-Lighted
2022-04-17T01:28:00.000,I 285,,,Rear End,2,Clear,Dry,Dark-Lighted
2022-02-15T12:18:00.000,I 75,,,Sideswipe-Same Direction,2,Clear,Dry,Daylight
2022-06-09T09:36:00.000,I 20,,,Rear End,3,Clear,Dry,Daylight
2022-06-09T17:55:00.000,I-75,,,Sideswipe-Same Direction,2,Clear,Dry,Daylight
2022-09-13T17:49:00.000,I 20,,,Rear End,2,Clear,Dry,Daylight
2022-12-14T17:42:00.000,I 20,,,Rear End,2,Rain,Wet,Dark-Lighted
2022-05-11T14:09:00.000,I-75,,,Angle Crash,2,Clear,Dry,Daylight
2022-03-13T12:30:00.000,I 85,,,Rear End,4,Clear,Dry,Daylight
2022-03-23T09:20:00.000,I-75,,,Sideswipe-Same Direction,2,Rain,Water (standing or moving),Daylight
2022-06-14T19:02:00.000,I 285,,,Angle Crash,2,Cloudy,Dry,Daylight
2022-11-15T18:24:00.000,I 285,,,Sideswipe-Same Direction,2,Other,Wet,Dark-Not Lighted
2022-04-06T07:13:00.000,I 16,,,Sideswipe-Same Direction,2,Rain,Wet,Dawn
2022-12-20T20:01:00.000,I 20,,,Rear End,2,Rain,Wet,Dark-Lighted
2022-02-11T19:53:00.000,I 285,,,Rear End,2,Clear,Dry,Dark-Not Lighted
2022-11-14T07:30:00.000,I 16,,,Rear End,2,Clear,Dry,Daylight
2022-03-13T19:13:00.000,I-75,,,Rear End,2,Clear,Dry,Dark-Lighted
2022-07-13T16:38:00.000,I-75,,,Rear End,2,Clear,Dry,Daylight
2022-03-19T08:00:00.000,I 20,,,Sideswipe-Same Direction,2,Clear,Wet,Daylight
2022-01-16T08:12:00.000,I 75,,,Sideswipe-Same Direction,2,Rain,Wet,Daylight
2022-06-15T02:00:00.000,I-75,,,Angle Crash,3,Clear,Dry,Daylight
2022-04-16T06:54:00.000,I 20,,,Not a Collision with Motor Vehicle,1,Rain,Wet,Daylight
2022-10-28T17:32:00.000,I-75,,,Sideswipe-Same Direction,2,Clear,Dry,Daylight
2022-09-02T23:02:00.000,I 85,,,Not a Collision with Motor Vehicle,1,Cloudy,Dry,Dark-Not Lighted
2022-02-16T13:13:00.000,I 75,,,Sideswipe-Same Direction,2,Clear,Dry,Daylight
2022-12-02T18:30:00.000,I 20,,,Angle Crash,3,Cloudy,Dry,Dark-Not Lighted
2022-07-04T22:07:00.000,I 16,,,Angle Crash,2,Clear,Dry,Dark-Not Lighted
2022-05-04T03:18:00.000,I 75,,,Not a Collision with Motor Vehicle,1,Rain,Water (standing or moving),Dark-Lighted
2022-09-29T09:30:00.000,I-75,,,Rear End,3,Clear,Dry,Daylight
2022-11-08T08:27:00.000,I 285,,,Rear End,2,Clear,Dry,Daylight
2022-09-22T14:00:00.000,I 75,,,Sideswipe-Same Direction,2,Clear,Dry,Daylight
2022-03-31T18:39:00.000,I 75,,,Rear End,2,Clear,Dry,Daylight
2022-07-22T16:35:00.000,I 95,,,Angle Crash,2,Clear,Dry,Daylight
2022-06-27T18:40:00.000,I-75,,,Not a Collision with Motor Vehicle,1,Cloudy,Wet,Daylight
2022-11-28T18:23:00.000,I 285,,,Rear End,4,Clear,Dry,Dark-Lighted
2022-01-20T10:06:00.000,I 20,,,Not a Collision with Motor Vehicle,1,Rain,Wet,Daylight
2022-12-08T15:45:00.000,I 85,,,Sideswipe-Same Direction,2,Clear,Dry,Daylight
2022-04-16T10:22:00.000,I 75,,,Sideswipe-Same Direction,2,Cloudy,Dry,Daylight
2022-12-10T01:00:00.000,I-75,,,Rear End,2,Clear,Dry,Dark-Lighted
2022-09-05T09:40:00.000,I 75,,,Not a Collision with Motor Vehicle,1,Rain,Wet,Daylight
2022-07-02T13:40:00.000,I 95,,,Not a Collision with Motor Vehicle,1,Rain,Wet,Daylight
2022-11-14T18:09:00.000,I 285,,,Angle Crash,3,Cloudy,Dry,Dark-Lighted
2022-05-20T22:45:00.000,I 20,,,Sideswipe-Same Direction,2,Clear,Dry,Dark-Lighted
2022-03-24T12:08:00.000,I 285,,,Sideswipe-Same Direction,2,Clear,Dry,Daylight
2022-09-16T21:35:00.000,I-75,,,Sideswipe-Same Direction,2,Clear,Dry,Dark-Lighted
2022-05-24T22:00:00.000,I 285,,,Not a Collision with Motor Vehicle,1,Clear,Dry,Dark-Not Lighted
2022-07-24T23:27:00.000,I 285,,,Sideswipe-Same Direction,2,Clear,Dry,Dark-Not Lighted
2022-11-09T07:51:00.000,I 75,,,Rear End,2,Clear,Dry,Daylight
2022-10-30T18:43:00.000,I-75,,,Rear End,2,Cloudy,Wet,Dark-Lighted
2022-07-24T03:02:00.000,I 85,,,Sideswipe-Same Direction,2,Clear,Dry,Dark-Lighted
2022-09-02T22:55:00.000,I-75,,,Sideswipe-Same Direction,2,Clear,Dry,Dark-Not Lighted
2022-03-04T21:00:00.000,I-75,,,Rear End,3,Clear,Dry,Dark-Lighted
2022-08-16T21:06:00.000,I 85,,,Angle Crash,2,Cloudy,Dry,Dark-Not Lighted
2022-05-09T13:07:00.000,I 85,,,Rear End,2,Clear,Dry,Daylight
2022-04-24T15:58:00.000,I-75,,,Sideswipe-Same Direction,2,Clear,Dry,Daylight
2022-05-02T17:34:00.000,I 75,,,Angle Crash,2,Rain,Wet,Daylight
2022-03-09T09:45:00.000,I 20,,,Not a Collision with Motor Vehicle,1,Rain,Wet,Daylight
2022-03-05T11:20:00.000,I 75,,,Rear End,2,Clear,Dry,Daylight
2022-03-28T09:10:00.000,I 85,,,Sideswipe-Same Direction,2,Clear,Dry,Daylight
2022-02-22T20:20:00.000,I-75,,,Rear End,2,Clear,Dry,Dark-Lighted
2022-02-08T06:30:00.000,I 95,,,Rear End,2,Cloudy,Wet,Dark-Lighted
2022-11-24T16:10:00.000,I 20,,,Not a Collision with Motor Vehicle,1,Rain,Water (standing or moving),Dusk
2022-04-27T13:42:00.000,I-75,,,Sideswipe-Same Direction,2,Clear,Dry,Daylight
2022-08-12T13:48:00.000,I 285,,,Rear End,2,Clear,Dry,Daylight
2022-04-02T21:29:00.000,I 75,,,Rear End,2,Clear,Dry,Dark-Lighted
2022-01-10T16:40:00.000,I 85,,,Rear End,2,Clear,Dry,Daylight
2022-10-24T06:40:00.000,Sr 140,,,Not a Collision with Motor Vehicle,1,Clear,Dry,Dark-Not Lighted
2022-09-28T16:12:00.000,I 85,,,Sideswipe-Same Direction,2,Clear,Dry,Daylight
2022-10-01T04:48:00.000,I 20,,,Rear End,3,Clear,Dry,Dark-Lighted
2022-06-30T11:52:00.000,I 75,,,Not a Collision with Motor Vehicle,1,Clear,Dry,Daylight
2022-02-05T12:40:00.000,I-75,,,Sideswipe-Same Direction,2,Clear,Dry,Daylight
2022-04-08T15:00:00.000,I 85,,,Rear End,2,Clear,Dry,Daylight
2022-05-23T04:48:00.000,I 285,,,Angle Crash,2,Cloudy,Wet,Dark-Not Lighted
2022-06-11T15:39:00.000,I 20,,,Not a Collision with Motor Vehicle,1,Clear,Dry,Daylight
2022-06-26T17:10:00.000,I 75,,,Rear End,2,Rain,Wet,Daylight
2022-07-09T16:40:00.000,I-75,,,Angle Crash,2,Clear,Dry,Daylight
2022-01-09T15:20:00.000,I 75,,,Sideswipe-Same Direction,2,Rain,Wet,Daylight
2022-03-16T23:04:00.000,I 75,,,Sideswipe-Same Direction,2,Clear,Dry,Dark-Not Lighted
2022-06-25T17:14:00.000,I 285,,,Sideswipe-Same Direction,2,Clear,Dry,Daylight
2022-11-04T06:44:00.000,I 285,,,Not a Collision with Motor Vehicle,1,Clear,Dry,Dark-Not Lighted
2022-12-06T05:40:00.000,I 285,,,Not a Collision with Motor Vehicle,1,Rain,Wet,Dark-Not Lighted
2022-11-08T20:20:00.000,I 20,,,Angle Crash,2,Clear,Dry,Dark-Not Lighted
2022-09-12T18:43:00.000,I 75,,,Sideswipe-Same Direction,2,Clear,Dry,Daylight
2022-10-28T21:30:00.000,I-75,,,Sideswipe-Same Direction,2,Clear,Dry,Dark-Lighted
2022-12-18T14:37:00.000,I 285,,,Rear End,2,Clear,Dry,Daylight
2022-05-02T20:04:00.000,I 20,,,Sideswipe-Same Direction,2,Clear,Dry,Dark-Not Lighted
2022-07-07T12:20:00.000,I 85,,,Sideswipe-Same Direction,2,Clear,Dry,Daylight
2022-06-23T09:00:00.000,I-75,,,Rear End,2,Clear,Dry,Daylight
2022-09-24T12:50:00.000,I-75,,,Rear End,2,Clear,Dry,Daylight
2022-12-27T17:55:00.000,I 285,,,Rear End,2,Clear,Dry,Dark-Not Lighted
2022-12-28T03:52:00.000,I 75,,,Sideswipe-Same Direction,2,Cloudy,Dry,Dark-Not Lighted
2022-08-20T20:30:00.000,I 285,,,Not a Collision with Motor Vehicle,1,Clear,Dry,Dark-Not Lighted
2022-04-11T15:50:00.000,I 75,,,Sideswipe-Same Direction,2,Clear,Dry,Daylight
2022-01-24T07:01:00.000,I 85,,,Rear End,2,Clear,Dry,Dawn
2022-02-02T10:15:00.000,I 20,,,Not a Collision with Motor Vehicle,1,Cloudy,Dry,Daylight
2022-12-24T16:41:00.000,I-75,,,Sideswipe-Same Direction,2,Clear,Dry,Daylight
2022-01-14T13:30:00.000,I-75,,,Rear End,3,Clear,Dry,Daylight
2022-10-12T15:43:00.000,I 85,,,Not a Collision with Motor Vehicle,1,Rain,Wet,Daylight
2022-06-26T19:50:00.000,I 20,,,Rear End,2,Clear,Dry,Daylight
2022-11-08T15:42:00.000,I 75,,,Not a Collision with Motor Vehicle,2,Clear,Dry,Daylight
2022-08-21T19:19:00.000,I 16,,,Rear End,3,Rain,Wet,Daylight
2022-12-05T15:13:00.000,I 75,,,Sideswipe-Same Direction,2,Clear,Dry,Daylight
2022-10-30T16:10:00.000,I 75,,,Rear End,2,Rain,Wet,Daylight
2022-05-23T12:21:00.000,I 75,,,Not a Collision with Motor Vehicle,1,Rain,Wet,Daylight
2022-09-14T10:00:00.000,I-75,,,Sideswipe-Same Direction,2,Clear,Dry,Daylight
2022-03-25T17:42:00.000,I 20,,,Not a Collision with Motor Vehicle,2,Cloudy,Dry,Daylight
2022-05-06T11:33:00.000,I 285,,,Rear End,2,Clear,Dry,Daylight
2022-11-18T02:30:00.000,I 285,,,Rear End,2,Clear,Dry,Dark-Not Lighted
2022-10-11T17:00:00.000,I 75,,,Not a Collision with Motor Vehicle,1,Clear,Dry,Daylight
2022-07-05T15:08:00.000,I 20,,,Rear End,2,Clear,Dry,Daylight
2022-02-21T07:45:00.000,I 95,,,Not a Collision with Motor Vehicle,1,Clear,Dry,Daylight
2022-06-29T12:00:00.000,I-75,,,Sideswipe-Same Direction,2,Cloudy,Dry,Daylight
2022-02-24T14:00:00.000,I 285,,,Rear End,2,Clear,Dry,Daylight
2022-09-15T07:35:00.000,I 75,,,Rear End,3,Clear,Dry,Daylight
2022-10-25T16:10:00.000,I 85,,,Not a Collision with Motor Vehicle,1,Cloudy,Dry,Daylight
2022-01-04T18:34:00.000,I 75,,,Sideswipe-Same Direction,3,Clear,Dry,Dusk
2022-06-20T13:45:00.000,I 20,,,Rear End,2,Clear,Dry,Daylight
2022-11-14T20:05:00.000,I 85,,,Sideswipe-Same Direction,2,Clear,Dry,Dark-Lighted
2022-02-03T15:00:00.000,I 285,,,Sideswipe-Same Direction,2,Rain,Wet,Daylight
2022-10-30T07:17:00.000,I 285,,,Rear End,2,Rain,Wet,Dark-Not Lighted
2022-10-13T04:11:00.000,I 75,,,Sideswipe-Same Direction,2,Clear,Dry,Dark-Not Lighted
2022-11-05T05:15:00.000,I-75,,,Not a Collision with Motor Vehicle,1,Clear,Dry,Dark-Lighted
2022-11-11T08:12:00.000,I 75,,,Rear End,2,Cloudy,Wet,Daylight
2022-10-20T00:00:00.000,I 285,,,Not a Collision with Motor Vehicle,1,Clear,Dry,Daylight
2022-05-05T14:34:00.000,I 95,,,Not a Collision with Motor Vehicle,1,Clear,Dry,Daylight
2022-06-02T08:55:00.000,I 75,,,Not a Collision with Motor Vehicle,1,Clear,Dry,Daylight
2022-03-16T16:53:00.000,I 285,,,Not a Collision with Motor Vehicle,1,Clear,Dry,Daylight
2022-07-26T18:01:00.000,I 16,,,Sideswipe-Same Direction,3,Clear,Dry,Daylight
2022-06-24T01:19:00.000,I 75,,,Not a Collision with Motor Vehicle,2,Clear,Dry,Dark-Not Lighted
2022-03-23T18:03:00.000,I 16,,,Not a Collision with Motor Vehicle,1,Rain,Wet,Daylight
2022-08-07T08:04:00.000,I 285,,,Not a Collision with Motor Vehicle,1,Cloudy,Wet,Daylight
2022-08-18T16:05:00.000,I 16,,,Rear End,2,Rain,Wet,Daylight
2022-01-19T19:40:00.000,I-75,,,Rear End,2,Clear,Dry,Dark-Lighted
2022-06-11T01:09:00.000,I 20,,,Not a Collision with Motor Vehicle,1,Clear,Dry,Dark-Not Lighted
2022-10-30T15:12:00.000,I 75,,,Rear End,2,Clear,Wet,Daylight
2022-07-31T14:24:00.000,I 75,,,Rear End,2,Cloudy,Dry,Daylight
2022-02-17T15:24:00.000,I 285,,,Rear End,2,Cloudy,Dry,Daylight
2022-07-07T18:10:00.000,I 20,,,Sideswipe-Same Direction,2,Rain,Wet,Daylight
2022-05-12T09:10:00.000,I 75,,,Angle Crash,2,Clear,Dry,Daylight
2022-06-27T14:15:00.000,I 75,,,Not a Collision with Motor Vehicle,1,Clear,Dry,Daylight
2022-05-26T13:23:00.000,I 285,,,Sideswipe-Same Direction,2,Cloudy,Dry,Daylight
2022-09-03T14:10:00.000,I 20,,,Sideswipe-Same Direction,2,Clear,Dry,Daylight
2022-11-10T01:49:00.000,I 285,,,Rear End,2,Clear,Dry,Dark-Lighted
2022-10-22T07:20:00.000,I 75,,,Sideswipe-Same Direction,2,Clear,Dry,Dawn
2022-03-06T01:11:00.000,I 20,,,Rear End,2,(None),Dry,(None)
2022-10-21T20:39:00.000,I-75,,,Rear End,3,Clear,Dry,Dark-Lighted
2022-04-28T10:24:00.000,I 20,,,Sideswipe-Same Direction,2,Clear,Dry,Daylight
2022-10-21T19:20:00.000,I 75,,,Rear End,2,Clear,Dry,Dark-Lighted
2022-06-23T14:50:00.000,I 285,,,Rear End,4,Cloudy,Dry,Daylight
2022-10-24T09:10:00.000,I 75,,,Angle Crash,2,Clear,Dry,Daylight
2022-03-14T03:26:00.000,I 75,,,Rear End,2,Clear,Dry,Dark-Not Lighted
2022-01-13T06:10:00.000,I 75,,,Rear End,2,Clear,Dry,Dark-Not Lighted
2022-08-26T05:57:00.000,I-75,,,Not a Collision with Motor Vehicle,1,Cloudy,Wet,Dark-Lighted
2022-05-04T21:12:00.000,I-75,,,Sideswipe-Same Direction,2,Clear,Dry,Dark-Lighted
2022-09-08T20:23:00.000,I-75,,,Angle Crash,2,Clear,Dry,Dark-Lighted
2022-11-30T16:00:00.000,I-75,,,Rear End,2,Clear,Wet,Daylight
2022-12-16T16:20:00.000,I 16,,,Rear End,2,Clear,Dry,Daylight
2022-11-26T15:05:00.000,I 20,,,Rear End,2,Clear,Dry,Daylight
2022-01-09T13:00:00.000,I-75,,,Angle Crash,2,Clear,Dry,Daylight
2022-09-06T14:33:00.000,I 75,,,Rear End,2,Clear,Dry,Daylight
2022-08-19T09:25:00.000,I-75,,,Rear End,2,Clear,Dry,Daylight
2022-10-02T03:17:00.000,I-75,,,Rear End,2,Clear,Dry,Dark-Lighted
2022-01-07T12:25:00.000,I 85,,,Rear End,2,Clear,Dry,Daylight
2022-02-03T21:10:00.000,I 75,,,Angle Crash,2,Rain,Wet,Dark-Not Lighted
2022-12-21T13:55:00.000,I-75,,,Rear End,2,Cloudy,Dry,Daylight
2022-10-13T15:00:00.000,I 75,,,Rear End,2,Clear,Dry,Daylight
2022-02-07T14:10:00.000,I 75,,,Sideswipe-Same Direction,2,Clear,Dry,Daylight
2022-03-23T02:30:00.000,I 75,,,Not a Collision with Motor Vehicle,1,Rain,Wet,Dark-Not Lighted
2022-02-23T21:45:00.000,I-75,,,Sideswipe-Same Direction,2,Clear,Dry,Dark-Lighted
2022-09-16T18:40:00.000,I 75,,,Sideswipe-Same Direction,3,Clear,Dry,Daylight
2022-08-25T16:47:00.000,I 20,,,Not a Collision with Motor Vehicle,1,Rain,Wet,Daylight
2022-11-07T07:13:00.000,I 285,,,Sideswipe-Same Direction,2,Cloudy,Dry,Dark-Lighted
2022-10-06T22:20:00.000,I-75,,,Rear End,2,Clear,Dry,Dark-Lighted
2022-10-07T00:13:00.000,I 85,,,Rear End,2,Clear,Dry,Dark-Lighted
2022-12-15T10:23:00.000,I 16,,,Not a Collision with Motor Vehicle,1,Rain,Wet,Daylight
2022-02-16T11:17:00.000,I-75,,,Sideswipe-Same Direction,2,Clear,Dry,Daylight
2022-06-16T17:29:00.000,I-75,,,Sideswipe-Same Direction,2,Clear,Dry,Daylight
2022-04-06T23:25:00.000,I 85,,,Not a Collision with Motor Vehicle,1,Rain,Wet,Dark-Not Lighted
2022-10-18T10:37:00.000,I 75,,,Rear End,2,Clear,Dry,Daylight
2022-01-26T13:35:00.000,I 285,,,Sideswipe-Same Direction,2,Clear,Dry,Daylight
2022-01-20T07:10:00.000,I 75,,,Not a Collision with Motor Vehicle,1,Rain,Wet,Dark-Lighted
2022-04-12T15:55:00.000,I 285,,,Angle Crash,2,Clear,Dry,Daylight
2022-04-30T10:40:00.000,I 20,,,Not a Collision with Motor Vehicle,2,Clear,Dry,Daylight
2022-10-16T14:50:00.000,I 75,,,Rear End,2,Clear,Dry,Daylight
2022-03-16T10:18:00.000,I-75,,,Rear End,2,Cloudy,Wet,Daylight
2022-05-01T23:20:00.000,I-75,,,Sideswipe-Same Direction,2,Clear,Dry,Dark-Lighted
2022-01-08T16:30:00.000,I-75,,,Rear End,2,Clear,Dry,Daylight
2022-12-30T09:05:00.000,I 75,,,Sideswipe-Same Direction,2,Cloudy,Dry,Daylight
2022-02-22T12:30:00.000,I 75,,,Sideswipe-Same Direction,2,Clear,Dry,Daylight
2022-12-30T14:34:00.000,I 20,,,Angle Crash,2,Clear,Dry,Daylight
2022-04-17T15:01:00.000,I 95,,,Rear End,2,Clear,Dry,Daylight
2022-06-30T16:35:00.000,I 285,,,Rear End,4,Cloudy,Dry,Daylight
2022-10-15T05:40:00.000,I 85,,,Rear End,2,Clear,Dry,Dark-Not Lighted
2022-11-23T21:11:00.000,I 75,,,Sideswipe-Same Direction,2,Clear,Dry,Dark-Lighted
2022-03-18T12:38:00.000,I 285,,,Not a Collision with Motor Vehicle,1,Rain,Wet,Daylight
2022-10-26T15:32:00.000,I-75,,,Sideswipe-Same Direction,2,Clear,Dry,Daylight
2022-12-27T18:00:00.000,I 20,,,Sideswipe-Same Direction,2,Clear,Slush,Daylight
2022-07-21T00:11:00.000,I 285,,,Not a Collision with Motor Vehicle,1,Clear,Dry,Dark-Not Lighted
2022-09-06T07:35:00.000,I 75,,,Rear End,5,Clear,Dry,Daylight
2022-12-10T00:10:00.000,I 285,,,Not a Collision with Motor Vehicle,1,Clear,Wet,Dark-Not Lighted
2022-08-11T12:20:00.000,I 285,,,Angle Crash,2,Cloudy,Dry,Daylight
2022-06-20T05:28:00.000,I 285,,,Not a Collision with Motor Vehicle,1,Clear,Dry,Dark-Not Lighted
2022-08-02T17:00:00.000,I 85,,,Rear End,3,Clear,Dry,Daylight
2022-11-10T21:00:00.000,I 75,,,Sideswipe-Same Direction,2,Cloudy,Dry,Dark-Lighted
2022-01-06T14:25:00.000,I 75,,,Rear End,3,Rain,Wet,Daylight
2022-04-23T00:00:00.000,I 285,,,Rear End,2,Cloudy,Dry,Daylight
2022-01-11T08:35:00.000,I 75,,,Rear End,2,Clear,Dry,Daylight
2022-06-29T17:16:00.000,I 20,,,Sideswipe-Same Direction,2,Clear,Dry,Daylight
2022-12-12T05:29:00.000,I 20,,,Angle Crash,2,Cloudy,Wet,Dark-Not Lighted
2022-10-16T15:05:00.000,I-75,,,Rear End,2,Clear,Dry,Daylight
2022-10-08T07:30:00.000,I-75,,,Sideswipe-Opposite Direction,2,Clear,Dry,Daylight
2022-07-23T00:00:00.000,I-75,,,Rear End,3,Clear,Dry,Dark-Lighted
2022-12-11T17:15:00.000,I 85,,,Not a Collision with Motor Vehicle,1,Rain,Wet,Daylight
2022-01-14T14:40:00.000,I-75,,,Sideswipe-Same Direction,3,Clear,Dry,Daylight
2022-10-03T09:54:00.000,I 20,,,Rear End,2,Clear,Dry,Daylight
2022-11-14T16:00:00.000,I 85,,,Sideswipe-Same Direction,2,Cloudy,Dry,Daylight
2022-09-10T13:55:00.000,I 85,,,Not a Collision with Motor Vehicle,2,Cloudy,Dry,Daylight
2022-07-10T18:15:00.000,I 20,,,Rear End,2,Clear,Dry,Daylight
2022-12-20T05:08:00.000,I 285,,,Rear End,2,Cloudy,Wet,Dark-Lighted
2022-09-19T11:00:00.000,I 85,,,Sideswipe-Same Direction,2,Cloudy,Dry,Daylight
2022-09-22T14:45:00.000,I 16,,,Rear End,2,Clear,Dry,Daylight
2022-11-28T14:15:00.000,I 20,,,Rear End,2,Clear,Dry,Daylight
2022-05-09T13:30:00.000,I 16,,,(None),2,(None),(None),(None)
2022-06-20T04:41:00.000,I 285,,,Rear End,3,Clear,Dry,Dark-Not Lighted
2022-09-27T09:03:00.000,I 285,,,Rear End,2,Clear,Dry,Daylight
2022-10-22T02:02:00.000,I-75,,,Angle Crash,3,Clear,Dry,Dark-Lighted
2022-10-09T23:17:00.000,I 16,,,Not a Collision with Motor Vehicle,1,Clear,Dry,Dark-Not Lighted
2022-03-03T15:20:00.000,I 285,,,Rear End,2,Cloudy,Dry,Daylight
2022-10-14T22:45:00.000,I 95,,,Rear End,2,Clear,Dry,Dark-Lighted
2022-12-19T06:54:00.000,I 285,,,Rear End,2,Clear,Dry,Dark-Not Lighted
2022-02-26T02:40:00.000,I-75,,,Sideswipe-Same Direction,3,Clear,Dry,Dark-Not Lighted
2022-07-03T17:15:00.000,I-75,,,Rear End,3,Clear,Dry,Daylight
2022-11-27T21:15:00.000,I-75,,,Rear End,2,Clear,Dry,Dark-Not Lighted
2022-07-28T15:05:00.000,I 85,,,Rear End,3,Clear,Dry,Daylight
2022-12-10T19:34:00.000,I 75,,,Not a Collision with Motor Vehicle,1,Clear,Wet,Dark-Not Lighted
2022-11-28T07:29:00.000,I 20,,,Not a Collision with Motor Vehicle,1,Clear,Dry,Dawn
2022-01-25T17:53:00.000,I 285,,,Angle Crash,2,Clear,Dry,Dusk
2022-11-24T22:17:00.000,I 20,,,Rear End,2,Clear,Wet,Dark-Not Lighted
2022-06-08T16:00:00.000,I-75,,,Not a Collision with Motor Vehicle,1,Clear,Dry,Daylight
2022-03-30T12:43:00.000,I-75,,,Sideswipe-Same Direction,2,Clear,Dry,Daylight
2022-08-04T14:00:00.000,I 20,,,Sideswipe-Same Direction,2,Clear,Dry,Daylight
2022-06-30T13:50:00.000,I 285,,,Sideswipe-Same Direction,2,Clear,Dry,Daylight
2022-07-30T14:45:00.000,I 75,,,Rear End,2,Cloudy,Dry,Daylight
2022-03-27T00:43:00.000,I 285,,,Sideswipe-Same Direction,2,Clear,Dry,Dark-Lighted
2022-07-05T07:48:00.000,I 95,,,Sideswipe-Same Direction,2,Clear,Dry,Daylight
2022-06-12T12:00:00.000,I-75,,,Rear End,3,Clear,Dry,Daylight
2022-10-03T23:00:00.000,I-75,,,Rear End,2,Clear,Dry,Dark-Lighted