Date and Time,Roadway (From Crash Report),Intersection Name (from Crash Report),KABCO Severity,Manner of Collision (Crash Level) ,# of Vehicles per crash ,Weather Conditions (Crash Level),Surface Condition (Crash Level) ,Light Conditions (Crash Level)
2022-11-20T13:01:00.000,I-75,,,Rear End,3,Clear,Dry,Daylight
2022-12-30T20:30:00.000,I-75,,,Rear End,2,Cloudy,Wet,Dark-Lighted
2022-04-10T18:00:00.000,I-75,,,Rear End,2,Clear,Dry,Daylight
2022-08-22T05:02:00.000,I 20,,,Sideswipe-Same Direction,1,Clear,Dry,Dark-Not Lighted
2022-06-14T16:20:00.000,I 20,,,Rear End,2,Cloudy,Dry,Daylight
2022-11-01T11:50:00.000,I 20,,,Sideswipe-Same Direction,2,Clear,Dry,Daylight
2022-06-22T04:02:00.000,I 75,,,Head On,1,Clear,Dry,Dark-Lighted
2022-10-18T18:00:00.000,I 20,,,Rear End,2,Clear,Dry,Daylight
2022-10-26T10:45:00.000,I-75,,,Sideswipe-Same Direction,2,Cloudy,Dry,Daylight
2022-07-31T18:58:00.000,I-75,,,Sideswipe-Same Direction,2,Clear,Dry,Daylight
2022-05-02T23:27:00.000,I 285,,,Rear End,2,Clear,Dry,Dark-Not Lighted
2022-03-12T22:12:00.000,I-75,,,Sideswipe-Same Direction,2,Clear,Dry,Dark-Lighted
2022-09-05T17:10:00.000,I 75,,,Rear End,2,Cloudy,Wet,Daylight
2022-02-06T19:45:00.000,I 75,,,Not a Collision with Motor Vehicle,2,Clear,Dry,Dark-Lighted
2022-07-10T15:42:00.000,I 95,,,Rear End,2,Rain,Wet,Daylight
2022-01-14T13:45:00.000,I-75,,,Rear End,2,Clear,Dry,Daylight
2022-12-26T14:04:00.000,I 75,,,Rear End,2,Clear,Dry,Daylight
2022-11-10T15:26:00.000,I 16,,,Rear End,2,Rain,Wet,Daylight
2022-06-11T22:50:00.000,I-75,,,Angle Crash,3,Clear,Dry,Dark-Lighted
2022-02-12T15:25:00.000,I-75,,,Not a Collision with Motor Vehicle,2,Clear,Dry,Daylight
2022-07-19T07:25:00.000,I 285,,,Rear End,2,Rain,Wet,Daylight
2022-04-23T15:00:00.000,I 285,,,Angle Crash,4,Cloudy,Dry,Daylight
2022-02-03T17:25:00.000,I 16,,,Rear End,2,Clear,Dry,Daylight
2022-02-04T11:51:00.000,I 75,,,Rear End,2,Rain,Wet,Daylight
2022-07-23T22:30:00.000,I 285,,,Not a Collision with Motor Vehicle,1,Clear,Dry,Dark-Lighted
2022-01-05T22:40:00.000,I 75,,,Not a Collision with Motor Vehicle,1,Clear,Dry,Dark-Lighted
2022-12-15T08:23:00.000,I 75,,,Rear End,2,Clear,Dry,Daylight
2022-10-23T22:30:00.000,I-75,,,Angle Crash,2,Clear,Dry,Dark-Lighted
2022-11-21T12:00:00.000,I 75,,,Sideswipe-Same Direction,2,Clear,Dry,Daylight
2022-08-27T03:30:00.000,I 85,,,Sideswipe-Same Direction,2,Clear,Dry,Dark-Not Lighted
2022-05-05T14:29:00.000,I 75,,,Rear End,2,Clear,Dry,Daylight
2022-12-15T00:00:00.000,I-75,,,Sideswipe-Same Direction,2,Rain,Water (standing or moving),Dark-Lighted
2022-03-22T16:53:00.000,I 85,,,Angle Crash,2,Clear,Dry,Daylight
2022-05-23T12:00:00.000,I 20,,,Not a Collision with Motor Vehicle,1,Rain,Water (standing or moving),Daylight
2022-05-09T17:50:00.000,I 20,,,Sideswipe-Same Direction,2,Clear,Dry,Daylight
2022-10-17T13:10:00.000,I 75,,,Rear End,2,Clear,Dry,Daylight
2022-11-23T11:53:00.000,I 75,,,Rear End,2,Clear,Dry,Daylight
2022-06-03T17:59:00.000,I 16,,,Rear End,2,Rain,Wet,Daylight
2022-09-04T18:57:00.000,I 85,,,Not a Collision with Motor Vehicle,1,Rain,Wet,Daylight
2022-02-27T18:30:00.000,I-75,,,Rear End,3,Clear,Dry,Daylight
2022-08-24T08:32:00.000,I 20,,,Angle Crash,2,Clear,Dry,Daylight
2022-11-18T19:02:00.000,I 75,,,Rear End,2,Clear,Dry,Dark-Lighted
2022-01-02T12:50:00.000,I 20,,,Sideswipe-Same Direction,2,Rain,Wet,Daylight
2022-02-13T12:59:00.000,I 75,,,Head On,1,Clear,Dry,Daylight
2022-12-14T20:43:00.000,I 75,,,Rear End,2,Rain,Wet,Dark-Not Lighted
2022-04-04T12:49:00.000,I 75,,,Sideswipe-Same Direction,3,Clear,Dry,Daylight
2022-09-21T19:10:00.000,I 20,,,Sideswipe-Same Direction,2,Clear,Dry,Daylight
2022-09-05T06:25:00.000,I-75,,,Not a Collision with Motor Vehicle,1,Rain,Water (standing or moving),Dawn
2022-05-06T11:06:00.000,I 285,,,Rear End,2,Rain,Wet,Daylight
2022-03-30T19:19:00.000,I 85,,,Rear End,2,Clear,Dry,Daylight
2022-09-02T17:34:00.000,I 85,,,Not a Collision with Motor Vehicle,1,Clear,Dry,Daylight
2022-05-25T12:08:00.000,I 20,,,Rear End,2,Cloudy,Dry,Daylight
2022-04-01T16:30:00.000,I 285,,,Rear End,2,Clear,Dry,Daylight
2022-08-01T11:33:00.000,I 85,,,Sideswipe-Same Direction,2,Clear,Dry,Daylight
2022-03-30T14:58:00.000,I 285,,,Sideswipe-Same Direction,2,Clear,Dry,Daylight
2022-01-28T17:26:00.000,I 75,,,Rear End,2,Cloudy,Dry,Daylight
2022-09-26T16:35:00.000,I 16,,,Sideswipe-Same Direction,2,Clear,Dry,Daylight
2022-05-09T00:33:00.000,I 85,,,Rear End,2,Clear,Dry,Dark-Lighted
2022-10-12T09:38:00.000,I-75,,,Angle Crash,2,Cloudy,Dry,Daylight
2022-07-06T14:53:00.000,I-75,,,Rear End,2,Clear,Dry,Daylight
2022-05-06T12:13:00.000,I 75,,,Not a Collision with Motor Vehicle,1,Cloudy,Dry,Daylight
2022-02-14T08:38:00.000,I 75,,,Head On,1,Clear,Dry,Daylight
2022-02-09T21:25:00.000,I-75,,,Sideswipe-Same Direction,2,Clear,Dry,Dark-Lighted
2022-12-06T05:30:00.000,I 75,,,Not a Collision with Motor Vehicle,1,Clear,Wet,Dark-Not Lighted
2022-02-04T11:00:00.000,I 16,,,Not a Collision with Motor Vehicle,1,Rain,Water (standing or moving),Daylight
2022-03-19T11:29:00.000,I 75,,,Not a Collision with Motor Vehicle,1,Cloudy,Wet,Daylight
2022-05-05T13:40:00.000,I 75,,,Sideswipe-Same Direction,2,Clear,Dry,Daylight
2022-05-02T11:45:00.000,I 285,,,Angle Crash,2,Clear,Dry,Daylight
2022-06-28T18:12:00.000,I 75,,,Rear End,2,Rain,Wet,Daylight
2022-11-22T00:00:00.000,I 75,,,Rear End,2,Clear,Dry,Dark-Not Lighted
2022-06-04T11:48:00.000,I 95,,,Rear End,2,Clear,Dry,Daylight
2022-06-19T18:16:00.000,I-75,,,Rear End,2,Clear,Dry,Daylight
2022-10-10T06:57:00.000,I 16,,,Not a Collision with Motor Vehicle,2,Clear,Dry,Daylight
2022-06-08T13:20:00.000,I 285,,,Sideswipe-Same Direction,2,Clear,Dry,Daylight
2022-03-18T07:55:00.000,I 85,,,Sideswipe-Same Direction,2,Rain,Wet,Daylight
2022-06-15T14:40:00.000,I-75,,,Rear End,2,Clear,Dry,Daylight
2022-07-29T08:01:00.000,I 20,,,Rear End,2,Clear,Dry,Daylight
2022-09-16T22:44:00.000,I-75,,,Sideswipe-Same Direction,2,Clear,Dry,Dark-Lighted
2022-10-09T10:34:00.000,I 85,,,Sideswipe-Same Direction,2,Cloudy,Dry,Daylight
2022-02-14T12:20:00.000,I 285,,,Rear End,2,Clear,Dry,Daylight
2022-02-19T00:00:00.000,I 285,,,Not a Collision with Motor Vehicle,4,Clear,Dry,Daylight
2022-03-01T13:00:00.000,I 75,,,Angle Crash,3,Clear,Dry,Daylight
2022-06-24T01:12:00.000,I 75,,,Sideswipe-Same Direction,2,Clear,Dry,Dark-Not Lighted
2022-12-16T21:17:00.000,I-75,,,Rear End,2,Clear,Dry,Dark-Lighted
2022-02-09T16:46:00.000,I 85,,,Rear End,2,Clear,Dry,Daylight
2022-11-29T12:07:00.000,I 285,,,Rear End,3,Clear,Dry,Daylight
2022-01-26T19:01:00.000,I 20,,,Not a Collision with Motor Vehicle,8,Clear,Dry,Dusk
2022-10-08T03:00:00.000,I 20,,,Sideswipe-Same Direction,2,Clear,Dry,Dark-Lighted
2022-07-21T18:37:00.000,I 75,,,Sideswipe-Same Direction,2,Cloudy,Dry,Daylight
2022-04-07T13:20:00.000,I 20,,,Sideswipe-Same Direction,2,Clear,Dry,Daylight
2022-07-23T13:05:00.000,I 75,,,Rear End,3,Clear,Dry,Daylight
2022-05-05T08:44:00.000,I 20,,,Rear End,3,Clear,Dry,Daylight
2022-08-22T19:40:00.000,I 16,,,Sideswipe-Same Direction,2,Clear,Dry,Dark-Not Lighted
2022-01-02T20:41:00.000,I 20,,,Rear End,2,Rain,Wet,Dark-Not Lighted
2022-03-13T07:00:00.000,I 75,,,Not a Collision with Motor Vehicle,1,Clear,Dry,Dark-Not Lighted
2022-02-11T20:10:00.000,I 285,,,Rear End,2,Clear,Dry,Dark-Not Lighted
2022-05-08T10:30:00.000,I-75,,,Rear End,2,Cloudy,Dry,Daylight
2022-10-17T08:25:00.000,I 20,,,Rear End,2,Clear,Dry,Daylight
2022-06-10T12:25:00.000,I 285,,,Not a Collision with Motor Vehicle,2,Clear,Dry,Daylight
2022-03-03T19:50:00.000,I-75,,,Rear End,2,Clear,Dry,Dark-Lighted
2022-10-11T08:48:00.000,Sr 140,,,Angle Crash,3,Clear,Dry,Daylight
2022-01-06T08:01:00.000,I 75,,,Not a Collision with Motor Vehicle,1,Fog,Dry,Daylight
2022-06-03T19:00:00.000,I 75,,,Not a Collision with Motor Vehicle,1,Clear,Dry,Daylight
2022-12-24T18:07:00.000,I-75,,,Rear End,3,Clear,Dry,Dark-Lighted
2022-02-24T17:59:00.000,I 75,,,Rear End,2,Clear,Dry,Dusk
2022-11-05T14:45:00.000,I 75,,,Not a Collision with Motor Vehicle,2,Cloudy,Dry,Daylight
2022-08-07T14:22:00.000,I 75,,,Rear End,3,Clear,Dry,Daylight
2022-11-08T11:48:00.000,I 285,,,Sideswipe-Same Direction,2,Clear,Dry,Daylight
2022-06-19T19:30:00.000,I 75,,,Sideswipe-Same Direction,2,Clear,Dry,Daylight
2022-12-02T20:46:00.000,I 285,,,Sideswipe-Same Direction,2,Clear,Dry,Dark-Not Lighted
2022-01-23T06:20:00.000,I 85,,,Rear End,2,Clear,Ice/Frost,Dark-Not Lighted
2022-03-30T13:00:00.000,I 285,,,Angle Crash,2,Clear,Dry,Daylight
2022-01-17T11:54:00.000,I-75,,,Angle Crash,4,Clear,Dry,Daylight
2022-10-19T13:20:00.000,I-75,,,Sideswipe-Same Direction,2,Clear,Dry,Daylight
2022-02-27T04:30:00.000,I-75,,,Not a Collision with Motor Vehicle,1,Clear,Dry,Dark-Not Lighted
2022-08-09T00:02:00.000,I 75,,,Not a Collision with Motor Vehicle,1,Clear,Dry,Dark-Not Lighted
2022-05-01T22:24:00.000,I 75,,,Not a Collision with Motor Vehicle,1,Clear,Dry,Dark-Not Lighted
2022-06-14T08:25:00.000,I 20,,,Rear End,2,Clear,Dry,Daylight
2022-01-02T07:00:00.000,I-75,,,Not a Collision with Motor Vehicle,1,Rain,Wet,Dawn
2022-01-12T17:03:00.000,I 75,,,Rear End,2,Clear,Dry,Dusk
2022-01-27T18:40:00.000,I 75,,,Rear End,2,Clear,Dry,Dark-Not Lighted
2022-03-07T21:30:00.000,I-75,,,Sideswipe-Same Direction,2,Clear,Dry,Dark-Lighted
2022-05-02T21:30:00.000,I 95,,,Angle Crash,2,Clear,Dry,Dark-Not Lighted
2022-10-29T14:52:00.000,I 75,,,Rear End,2,Clear,Dry,Daylight
2022-05-23T15:00:00.000,I 95,,,Sideswipe-Same Direction,2,Clear,Dry,Daylight
2022-05-24T18:33:00.000,I 16,,,Not a Collision with Motor Vehicle,1,Severe Thunderstorm or Tornadic,Water (standing or moving),Daylight
2022-02-13T18:31:00.000,I 20,,,Sideswipe-Same Direction,2,Clear,Dry,Dark-Not Lighted
2022-11-18T22:00:00.000,I 75,,,Not a Collision with Motor Vehicle,1,Clear,Dry,Dark-Not Lighted
2022-06-06T08:24:00.000,I 285,,,Rear End,2,Cloudy,Dry,Daylight
2022-01-02T09:52:00.000,I 75,,,Not a Collision with Motor Vehicle,1,Rain,Wet,Daylight
2022-07-01T18:34:00.000,I 75,,,Sideswipe-Same Direction,2,Clear,Dry,Daylight
2022-09-29T09:38:00.000,I 285,,,Rear End,2,Clear,Dry,Daylight
2022-04-27T11:00:00.000,I 75,,,Angle Crash,3,Clear,Dry,Daylight
2022-02-08T16:52:00.000,I 285,,,Sideswipe-Same Direction,2,Clear,Dry,Daylight
2022-08-23T18:48:00.000,I 285,,,Angle Crash,2,Clear,Dry,Daylight
2022-12-19T23:01:00.000,I 85,,,Angle Crash,2,Cloudy,Dry,Dark-Not Lighted
2022-10-01T14:59:00.000,I-75,,,Sideswipe-Same Direction,2,Clear,Dry,Daylight
2022-05-30T12:31:00.000,I 20,,,Rear End,2,Clear,Dry,Daylight
2022-03-15T07:17:00.000,I 75,,,Rear End,3,Clear,Dry,Dawn
2022-10-21T17:45:00.000,I 75,,,Rear End,2,Clear,Dry,Daylight
2022-08-18T12:24:00.000,I 75,,,Rear End,2,Clear,Dry,Daylight
2022-01-02T12:30:00.000,I-75,,,Rear End,2,Rain,Water (standing or moving),Daylight
2022-04-18T00:00:00.000,I 75,,,Not a Collision with Motor Vehicle,1,Cloudy,Dry,Daylight
2022-04-10T23:30:00.000,I 285,,,Sideswipe-Same Direction,2,Clear,Dry,Dark-Lighted
2022-10-27T14:15:00.000,I 85,,,Rear End,3,Clear,Dry,Daylight
2022-12-04T19:23:00.000,I 75,,,Rear End,2,Clear,Dry,Dark-Not Lighted
2022-03-13T15:06:00.000,I 85,,,Rear End,3,Clear,Dry,Daylight
2022-08-03T12:30:00.000,I-75,,,Rear End,2,Clear,Dry,Daylight
2022-05-25T14:05:00.000,I-75,,,Sideswipe-Same Direction,2,Cloudy,Dry,Daylight
2022-09-09T07:16:00.000,I 85,,,Rear End,2,Cloudy,Dry,Daylight
2022-04-26T20:51:00.000,I 20,,,Rear End,2,Clear,Dry,Dark-Not Lighted
2022-05-23T11:00:00.000,I 75,,,Not a Collision with Motor Vehicle,1,Rain,Wet,Daylight
2022-10-29T15:50:00.000,I-75,,,Sideswipe-Same Direction,2,Clear,Dry,Daylight
2022-06-06T05:31:00.000,I 75,,,Sideswipe-Same Direction,3,Clear,Dry,Dark-Not Lighted
2022-07-25T17:00:00.000,I 20,,,Sideswipe-Same Direction,2,Clear,Dry,Daylight
2022-04-07T08:06:00.000,I 16,,,Rear End,2,Clear,Dry,Daylight
2022-12-01T07:44:00.000,I 85,,,Not a Collision with Motor Vehicle,1,Clear,Dry,Daylight
2022-08-05T00:00:00.000,I 75,,,Rear End,3,Clear,Dry,Daylight
2022-12-04T22:23:00.000,I-75,,,Sideswipe-Same Direction,2,Cloudy,Dry,Dark-Lighted
2022-10-28T01:27:00.000,I 285,,,Rear End,2,Clear,Dry,Dark-Lighted
2022-10-01T00:37:00.000,I 285,,,Sideswipe-Same Direction,2,Clear,Dry,Dark-Lighted
2022-07-29T16:00:00.000,I 20,,,Sideswipe-Same Direction,2,Clear,Dry,Daylight
2022-11-30T07:30:00.000,I 285,,,Sideswipe-Same Direction,2,Rain,Wet,Daylight
2022-05-21T00:56:00.000,I-75,,,Rear End,2,Clear,Dry,Dark-Lighted
2022-03-01T15:10:00.000,I 20,,,Not a Collision with Motor Vehicle,1,Clear,Dry,Daylight
2022-11-12T22:30:00.000,I-75,,,Sideswipe-Same Direction,2,Clear,Dry,Dark-Lighted
2022-06-15T11:03:00.000,I 20,,,Not a Collision with Motor Vehicle,1,Clear,Dry,Daylight
2022-08-08T14:50:00.000,I 75,,,Rear End,2,Rain,Wet,Daylight
2022-07-13T09:11:00.000,I 85,,,Rear End,2,Cloudy,Dry,Daylight
2022-01-19T09:00:00.000,I-75,,,Rear End,2,Clear,Dry,Daylight
2022-04-26T08:35:00.000,I 75,,,Not a Collision with Motor Vehicle,2,Clear,Dry,Daylight
2022-03-12T03:50:00.000,I-75,,,Not a Collision with Motor Vehicle,1,Rain,Water (standing or moving),Dark-Lighted
2022-05-14T12:20:00.000,I-75,,,Not a Collision with Motor Vehicle,1,Clear,Dry,Daylight
2022-04-23T23:28:00.000,I-75,,,Sideswipe-Same Direction,2,Clear,Dry,Dark-Lighted
2022-07-24T11:50:00.000,I-75,,,Rear End,3,Clear,Dry,Daylight
2022-02-03T16:50:00.000,I-75,,,Not a Collision with Motor Vehicle,1,Rain,Wet,Dark-Lighted
2022-03-08T19:40:00.000,I 285,,,Sideswipe-Same Direction,2,Cloudy,Wet,Dark-Not Lighted
2022-04-06T17:18:00.000,I 285,,,Rear End,2,Rain,Wet,Daylight
2022-01-09T18:30:00.000,I 75,,,Angle Crash,2,Rain,Wet,Dark-Not Lighted
2022-02-10T17:46:00.000,I 16,,,Sideswipe-Same Direction,2,Clear,Dry,Daylight
2022-01-28T19:40:00.000,I 75,,,Rear End,3,Clear,Dry,Dark-Not Lighted
2022-11-04T00:00:00.000,I-75,,,Angle Crash,2,Clear,Dry,Dark-Not Lighted
2022-10-23T17:05:00.000,I 20,,,Rear End,2,Clear,Dry,Daylight
2022-07-11T19:38:00.000,I 16,,,Not a Collision with Motor Vehicle,1,Clear,Dry,Daylight
2022-05-01T16:50:00.000,I-75,,,Rear End,2,Clear,Dry,Daylight
2022-10-24T15:34:00.000,I 285,,,Rear End,2,Clear,Dry,Daylight
2022-03-20T11:06:00.000,I 16,,,Sideswipe-Same Direction,2,Clear,Dry,Daylight
2022-10-14T11:55:00.000,I 75,,,Rear End,2,Clear,Dry,Daylight
2022-10-29T04:29:00.000,I 285,,,Not a Collision with Motor Vehicle,1,Clear,Dry,Dark-Not Lighted
2022-10-03T09:57:00.000,I 75,,,Sideswipe-Same Direction,2,Clear,Dry,Daylight
2022-02-14T01:29:00.000,I 285,,,Rear End,2,Clear,Dry,Dark-Not Lighted
2022-03-31T07:55:00.000,I 85,,,Rear End,2,Cloudy,Wet,Daylight
2022-02-13T16:16:00.000,I 285,,,Sideswipe-Same Direction,2,Clear,Dry,Daylight
2022-11-04T19:02:00.000,I 85,,,Rear End,3,Clear,Dry,Daylight
2022-12-26T21:06:00.000,I 95,,,Angle Crash,2,Clear,Dry,Dark-Lighted
2022-01-29T16:07:00.000,I-75,,,Rear End,2,Clear,Dry,Daylight
2022-05-08T00:20:00.000,I-75,,,Sideswipe-Same Direction,2,Clear,Dry,Dark-Lighted
2022-02-19T11:44:00.000,I 20,,,Rear End,2,Clear,Dry,Daylight
2022-09-11T16:20:00.000,I-75,,,Rear End,2,Clear,Dry,Daylight
2022-05-02T14:56:00.000,I 285,,,Rear End,2,Clear,Dry,Daylight
2022-09-04T20:36:00.000,I 20,,,Sideswipe-Same Direction,2,Rain,Wet,Dark-Not Lighted
2022-08-18T08:45:00.000,I 85,,,Rear End,2,Cloudy,Dry,Daylight
2022-09-24T15:23:00.000,I-75,,,Rear End,2,Clear,Dry,Daylight
2022-07-13T15:00:00.000,I 75,,,Rear End,2,Rain,Wet,Daylight
2022-05-07T01:30:00.000,I-75,,,Head On,2,Clear,Dry,Dark-Not Lighted
2022-03-21T15:20:00.000,I 75,,,Rear End,2,Clear,Dry,Daylight
2022-06-19T22:54:00.000,I-75,,,Angle Crash,3,Clear,Dry,Dark-Lighted
2022-03-10T14:45:00.000,I 285,,,Sideswipe-Same Direction,2,Cloudy,Dry,Daylight
2022-08-02T07:50:00.000,I 75,,,Rear End,3,Clear,Dry,Daylight
2022-05-07T16:13:00.000,I 20,,,Rear End,2,Cloudy,Dry,Daylight
2022-06-27T13:55:00.000,I 285,,,Angle Crash,2,Clear,Dry,Daylight
2022-02-23T16:09:00.000,I 85,,,Sideswipe-Same Direction,2,Clear,Dry,Daylight
2022-05-06T18:00:00.000,I 75,,,Rear End,3,Cloudy,Dry,Daylight
2022-06-08T17:30:00.000,I 20,,,Sideswipe-Same Direction,2,Clear,Dry,Daylight
2022-05-24T13:21:00.000,I 20,,,Sideswipe-Same Direction,2,Clear,Dry,Daylight
2022-11-19T22:45:00.000,I 75,,,Rear End,2,Clear,Dry,Dark-Not Lighted
2022-09-15T20:49:00.000,I-75,,,Rear End,2,Clear,Dry,Dark-Lighted
2022-06-07T02:31:00.000,I 85,,,Rear End,2,Clear,Dry,Dark-Lighted
2022-07-04T18:13:00.000,I 75,,,Not a Collision with Motor Vehicle,1,Rain,Wet,Daylight
2022-08-15T07:06:00.000,I 85,,,Rear End,2,Cloudy,Dry,Dark-Not Lighted
2022-03-21T20:02:00.000,I 285,,,Sideswipe-Same Direction,2,Clear,Dry,Dusk
2022-01-21T18:35:00.000,I 75,,,Sideswipe-Same Direction,2,Clear,Dry,Dark-Not Lighted
2022-06-03T18:49:00.000,I 75,,,Rear End,2,Clear,Dry,Daylight
2022-02-17T22:40:00.000,I-75,,,Rear End,2,Rain,Wet,Dark-Lighted
2022-06-20T15:48:00.000,I 285,,,Sideswipe-Same Direction,2,Clear,Dry,Daylight
2022-10-24T23:45:00.000,I 20,,,Rear End,2,Clear,Dry,Dark-Not Lighted
2022-04-20T15:31:00.000,I-75,,,Sideswipe-Same Direction,2,Clear,Dry,Daylight
2022-02-20T15:00:00.000,I-75,,,Rear End,2,Clear,Dry,Daylight
2022-03-27T03:09:00.000,I 75,,,Not a Collision with Motor Vehicle,1,Clear,Dry,Dark-Not Lighted
2022-07-15T14:15:00.000,I 285,,,Sideswipe-Same Direction,2,Cloudy,Dry,Daylight
2022-10-26T11:40:00.000,I 75,,,Sideswipe-Same Direction,2,Clear,Dry,Daylight
2022-03-04T17:36:00.000,I 20,,,Rear End,2,Clear,Dry,Dark-Lighted
2022-10-26T09:00:00.000,I 85,,,Rear End,3,Clear,Dry,Daylight
2022-01-24T18:25:00.000,I 285,,,Rear End,2,Clear,Dry,Dark-Lighted
2022-11-04T18:14:00.000,I 95,,,Not a Collision with Motor Vehicle,3,Clear,Dry,Daylight
2022-05-08T11:48:00.000,I 16,,,Rear End,3,Cloudy,Dry,Daylight
2022-04-13T16:00:00.000,I-75,,,Rear End,2,Clear,Dry,Daylight
2022-11-07T19:35:00.000,I-75,,,Not a Collision with Motor Vehicle,1,Clear,Dry,Dark-Lighted
2022-04-01T08:30:00.000,I 85,,,Sideswipe-Same Direction,2,Clear,Dry,Daylight
2022-10-07T20:10:00.000,I-75,,,Rear End,2,Clear,Dry,Dark-Not Lighted
2022-03-23T08:00:00.000,I 85,,,Rear End,2,Rain,Wet,Daylight
2022-09-29T13:16:00.000,I 75,,,Rear End,2,Clear,Dry,Daylight
2022-06-02T10:45:00.000,I 75,,,Rear End,2,Cloudy,Dry,Daylight
2022-07-05T00:52:00.000,I 285,,,Not a Collision with Motor Vehicle,1,Cloudy,Dry,Dark-Not Lighted
2022-06-06T14:13:00.000,I 16,,,Sideswipe-Same Direction,2,Clear,Dry,Daylight
2022-06-16T15:00:00.000,I 85,,,Not a Collision with Motor Vehicle,1,Cloudy,Dry,Daylight
2022-07-21T01:00:00.000,I 285,,,Sideswipe-Same Direction,2,Cloudy,Dry,Daylight
2022-07-27T16:57:00.000,I-75,,,Sideswipe-Same Direction,2,Clear,Dry,Daylight
2022-03-27T16:16:00.000,I 85,,,Sideswipe-Same Direction,2,Clear,Dry,Daylight
2022-12-12T00:34:00.000,I 16,,,Not a Collision with Motor Vehicle,1,Rain,Wet,Dark-Not Lighted
2022-11-02T20:47:00.000,I 75,,,Not a Collision with Motor Vehicle,1,Clear,Dry,Dark-Not Lighted
2022-01-17T01:40:00.000,I-75,,,Rear End,2,Clear,Dry,Daylight
2022-08-21T03:06:00.000,I-75,,,Angle Crash,2,Rain,Wet,Dark-Lighted
2022-02-16T00:00:00.000,I 285,,,Sideswipe-Same Direction,2,Clear,Dry,Dark-Not Lighted
2022-01-25T06:35:00.000,I 75,,,Rear End,2,Clear,Dry,Dark-Not Lighted
2022-01-05T19:30:00.000,I-75,,,Rear End,2,Clear,Dry,Dawn
2022-02-09T13:25:00.000,I-75,,,Angle Crash,2,Clear,Dry,Daylight
2022-11-05T16:47:00.000,I 285,,,Not a Collision with Motor Vehicle,1,Cloudy,Wet,Daylight
2022-11-24T15:50:00.000,I 16,,,Not a Collision with Motor Vehicle,1,Cloudy,Dry,Daylight
2022-09-13T20:17:00.000,I 95,,,Not a Collision with Motor Vehicle,1,Clear,Dry,Dark-Not Lighted
2022-05-07T13:30:00.000,I 285,,,Sideswipe-Same Direction,2,Clear,Dry,Daylight
2022-07-04T21:18:00.000,I 75,,,Sideswipe-Same Direction,2,Cloudy,Dry,Dark-Lighted
2022-01-21T10:17:00.000,I 75,,,Sideswipe-Same Direction,2,Clear,Dry,Daylight
2022-04-04T01:00:00.000,I-75,,,Rear End,2,Clear,Dry,Dark-Lighted
2022-08-20T18:00:00.000,I-75,,,Rear End,2,Clear,Dry,Daylight
2022-02-22T11:40:00.000,I 85,,,Not a Collision with Motor Vehicle,1,Cloudy,Dry,Daylight
2022-10-15T13:26:00.000,I 75,,,Sideswipe-Same Direction,2,Clear,Dry,Daylight
2022-09-24T15:25:00.000,I 285,,,Angle Crash,7,Clear,Dry,Daylight
2022-06-21T13:46:00.000,I 285,,,Sideswipe-Same Direction,2,Clear,Dry,Daylight
2022-05-29T12:42:00.000,I-75,,,Rear End,2,Clear,Dry,Daylight
2022-09-04T14:40:00.000,I 20,,,Not a Collision with Motor Vehicle,1,Rain,Wet,Daylight
2022-08-29T23:31:00.000,I 75,,,Not a Collision with Motor Vehicle,1,Clear,Dry,Dawn
2022-08-24T09:01:00.000,I 95,,,Angle Crash,2,Clear,Dry,Daylight
2022-11-23T13:50:00.000,I 75,,,Rear End,2,Clear,Dry,Daylight
2022-04-29T07:00:00.000,I-75,,,Sideswipe-Same Direction,2,Clear,Dry,Daylight
2022-10-06T00:00:00.000,I 16,,,Sideswipe-Same Direction,2,Clear,Dry,Daylight
2022-12-29T11:44:00.000,I 75,,,Not a Collision with Motor Vehicle,1,Clear,Dry,Daylight
2022-07-13T06:03:00.000,I 285,,,Sideswipe-Same Direction,2,Cloudy,Dry,Daylight
2022-10-06T17:50:00.000,I-75,,,Rear End,2,Clear,Dry,Daylight
2022-01-28T10:15:00.000,I 285,,,Sideswipe-Same Direction,2,Clear,Dry,Daylight
2022-10-20T22:00:00.000,I 95,,,Not a Collision with Motor Vehicle,1,Clear,Dry,Dark-Not Lighted
2022-08-04T11:45:00.000,I 285,,,Rear End,2,Clear,Dry,Daylight
2022-07-09T13:53:00.000,I-75,,,Not a Collision with Motor Vehicle,1,Rain,Water (standing or moving),Daylight
2022-10-04T21:39:00.000,I 285,,,Rear End,2,Clear,Dry,Daylight
2022-01-13T16:35:00.000,I-75,,,Sideswipe-Same Direction,2,Clear,Dry,Daylight
2022-05-03T15:55:00.000,I 75,,,Rear End,2,Clear,Dry,Daylight
2022-02-09T06:00:00.000,I 75,,,Rear End,2,Clear,Dry,Dark-Lighted
2022-06-19T21:06:00.000,I-75,,,Not a Collision with Motor Vehicle,1,Cloudy,Dry,Dark-Lighted
2022-04-29T15:30:00.000,I 75,,,Rear End,2,Clear,Dry,Daylight
2022-03-29T21:28:00.000,I-75,,,Rear End,2,Cloudy,Dry,Dark-Lighted
2022-12-26T15:25:00.000,I 85,,,Rear End,2,Clear,Dry,Daylight
2022-05-31T15:55:00.000,I 285,,,Rear End,2,Clear,Dry,Daylight
2022-06-13T14:00:00.000,I 285,,,Not a Collision with Motor Vehicle,2,Clear,Dry,Daylight