Date and Time,Roadway (From Crash Report),Intersection Name (from Crash Report),KABCO Severity,Manner of Collision (Crash Level) ,# of Vehicles per crash ,Weather Conditions (Crash Level),Surface Condition (Crash Level) ,Light Conditions (Crash Level)
2022-10-08T04:42:00.000,I 75,,,Sideswipe-Same Direction,2,Clear,Dry,Dark-Lighted
2022-08-21T17:50:00.000,I-75,,,Rear End,2,Clear,Dry,Daylight
2022-07-26T07:50:00.000,I 85,,,Rear End,2,Clear,Dry,Daylight
2022-06-06T11:27:00.000,I 20,,,Not a Collision with Motor Vehicle,2,Cloudy,Dry,Daylight
2022-04-01T17:20:00.000,I 85,,,Sideswipe-Same Direction,2,Clear,Dry,Daylight
2022-04-22T22:16:00.000,I 75,,,Not a Collision with Motor Vehicle,1,Clear,Dry,Dark-Lighted
2022-06-09T01:34:00.000,I 285,,,Not a Collision with Motor Vehicle,1,Clear,Wet,Dark-Not Lighted
2022-02-08T14:30:00.000,I 285,,,Angle Crash,2,Clear,Dry,Daylight
2022-12-17T21:00:00.000,I 285,,,Rear End,2,Clear,Dry,Dark-Lighted
2022-02-20T15:18:00.000,I-75,,,Rear End,2,Clear,Dry,Daylight
2022-07-15T13:30:00.000,I 85,,,Rear End,2,Clear,Dry,Daylight
2022-04-09T13:35:00.000,I 75,,,Rear End,2,Clear,Dry,Daylight
2022-05-22T00:13:00.000,I-75,,,Rear End,5,Cloudy,Dry,Dark-Not Lighted
2022-12-22T15:15:00.000,I 20,,,Sideswipe-Same Direction,2,Cloudy,Dry,Daylight
2022-07-01T17:37:00.000,I 285,,,Sideswipe-Same Direction,2,Clear,Dry,Daylight
2022-07-06T16:45:00.000,I-75,,,Sideswipe-Same Direction,2,Clear,Dry,Daylight
2022-08-13T19:00:00.000,I 75,,,Sideswipe-Same Direction,2,Clear,Dry,Daylight
2022-07-02T02:10:00.000,I-75,,,Not a Collision with Motor Vehicle,1,Clear,Dry,Dark-Lighted
2022-03-15T20:28:00.000,I-75,,,Rear End,3,Rain,Water (standing or moving),Dark-Lighted
2022-08-29T02:00:00.000,I 95,,,Sideswipe-Same Direction,2,Rain,Wet,Dark-Not Lighted
2022-03-10T00:00:00.000,I 16,,,Rear End,2,Clear,Dry,Daylight
2022-12-22T08:58:00.000,I 20,,,Angle Crash,1,Rain,Wet,Dusk
2022-06-17T18:43:00.000,I 285,,,Rear End,2,Clear,Dry,Daylight
2022-02-02T00:05:00.000,I 20,,,Not a Collision with Motor Vehicle,1,Clear,Dry,Dark-Not Lighted
2022-05-21T04:00:00.000,I-75,,,Sideswipe-Same Direction,2,Clear,Dry,Dark-Lighted
2022-11-30T11:30:00.000,I 285,,,Not a Collision with Motor Vehicle,1,Rain,Water (standing or moving),Dark-Not Lighted
2022-10-31T19:15:00.000,I 85,,,Rear End,4,Clear,Dry,Daylight
2022-02-08T21:53:00.000,I 75,,,Angle Crash,2,Clear,Dry,Dark-Not Lighted
2022-06-05T14:30:00.000,I-75,,,Not a Collision with Motor Vehicle,1,Clear,Dry,Daylight
2022-01-07T15:24:00.000,I 75,,,Rear End,2,Clear,Dry,Daylight
2022-01-20T17:25:00.000,I 75,,,Rear End,2,Cloudy,Wet,Daylight
2022-04-30T11:40:00.000,I 75,,,Sideswipe-Same Direction,2,Clear,Dry,Daylight
2022-08-28T22:28:00.000,I 285,,,Sideswipe-Same Direction,2,Clear,Dry,Dark-Not Lighted
2022-03-20T06:50:00.000,I 85,,,Sideswipe-Same Direction,2,Clear,Dry,Dark-Not Lighted
2022-10-17T16:15:00.000,I 85,,,Sideswipe-Same Direction,1,Clear,Dry,Daylight
2022-06-23T11:58:00.000,I 285,,,Sideswipe-Same Direction,2,Clear,Dry,Daylight
2022-12-31T15:34:00.000,I 75,,,Rear End,2,Cloudy,Wet,Daylight
2022-09-20T20:18:00.000,I-75,,,Rear End,2,Clear,Dry,Dark-Lighted
2022-01-09T00:00:00.000,I 20,,,Rear End,3,Cloudy,Wet,Daylight
2022-07-23T05:24:00.000,I-75,,,Sideswipe-Same Direction,2,Clear,Dry,Dark-Lighted
2022-12-21T18:08:00.000,I 16,,,Sideswipe-Same Direction,2,Rain,Wet,Dark-Not Lighted
2022-01-16T11:05:00.000,I 75,,,Rear End,2,Snow,Wet,Daylight
2022-08-23T07:28:00.000,I 85,,,Rear End,2,Clear,Dry,Daylight
2022-01-14T06:41:00.000,I 16,,,Sideswipe-Same Direction,1,Clear,Dry,Dawn
2022-02-20T16:00:00.000,I-75,,,Sideswipe-Same Direction,2,Clear,Dry,Daylight
2022-06-24T23:40:00.000,I 75,,,Angle Crash,2,Cloudy,Dry,Dark-Not Lighted
2022-04-25T22:19:00.000,I 75,,,Rear End,3,Clear,Dry,Dark-Lighted
2022-12-28T11:54:00.000,I 75,,,Not a Collision with Motor Vehicle,1,Clear,Dry,Daylight
2022-12-03T09:35:00.000,I 75,,,Rear End,2,Cloudy,Wet,Daylight
2022-06-11T19:30:00.000,I-75,,,Rear End,2,Clear,Dry,Daylight
2022-09-03T00:30:00.000,I-75,,,Angle Crash,2,Clear,Dry,Dark-Not Lighted
2022-07-04T03:01:00.000,I 20,,,Not a Collision with Motor Vehicle,1,Clear,Dry,Dark-Lighted
2022-07-20T16:04:00.000,I 95,,,Sideswipe-Same Direction,2,Rain,Wet,Daylight
2022-06-08T01:00:00.000,I 285,,,Not a Collision with Motor Vehicle,1,Rain,Wet,Dark-Not Lighted
2022-05-14T16:21:00.000,I 75,,,Rear End,4,Clear,Dry,Daylight
2022-02-16T10:40:00.000,I-75,,,Rear End,2,Clear,Dry,Daylight
2022-12-19T16:01:00.000,I 75,,,Rear End,2,Clear,Dry,Daylight
2022-11-07T18:36:00.000,I 20,,,Sideswipe-Same Direction,3,Clear,Dry,Dark-Not Lighted
2022-05-30T16:01:00.000,I 20,,,Not a Collision with Motor Vehicle,1,Rain,Wet,Daylight
2022-09-10T12:45:00.000,I 75,,,Angle Crash,2,Clear,Dry,Daylight
2022-06-24T08:22:00.000,I 75,,,Rear End,3,Clear,Dry,Daylight
2022-10-08T20:22:00.000,I 75,,,Rear End,2,Clear,Dry,Dark-Not Lighted
2022-03-29T16:20:00.000,I 75,,,Angle Crash,2,Clear,Dry,Daylight
2022-12-16T11:58:00.000,I 285,,,Sideswipe-Same Direction,2,Clear,Dry,Daylight
2022-11-17T22:00:00.000,I-75,,,Sideswipe-Same Direction,2,Clear,Dry,Dark-Lighted
2022-11-30T19:40:00.000,I-75,,,Rear End,2,Clear,Dry,Dark-Lighted
2022-08-17T19:55:00.000,I-75,,,Sideswipe-Same Direction,2,Clear,Dry,Daylight
2022-10-02T16:30:00.000,I-75,,,Rear End,2,Clear,Dry,Daylight
2022-10-12T22:50:00.000,I-75,,,Not a Collision with Motor Vehicle,1,Rain,Water (standing or moving),Dark-Lighted
2022-08-09T15:06:00.000,I 75,,,Sideswipe-Same Direction,2,Cloudy,Dry,Daylight
2022-10-05T10:25:00.000,I 75,,,Sideswipe-Same Direction,2,Clear,Dry,Daylight
2022-12-20T04:39:00.000,I 285,,,Not a Collision with Motor Vehicle,1,Cloudy,Wet,Dark-Lighted
2022-10-05T16:39:00.000,I-75,,,Rear End,2,Clear,Dry,Daylight
2022-05-09T06:24:00.000,I 95,,,Not a Collision with Motor Vehicle,1,Clear,Dry,Daylight
2022-03-08T23:25:00.000,I-75,,,Sideswipe-Same Direction,2,Rain,Water (standing or moving),Dark-Lighted
2022-10-03T08:51:00.000,I 75,,,Sideswipe-Same Direction,2,Clear,Dry,Daylight
2022-02-17T12:10:00.000,I 20,,,Sideswipe-Same Direction,2,Cloudy,Dry,Daylight
2022-10-31T12:29:00.000,I 20,,,Rear End,2,Clear,Dry,Daylight
2022-12-13T06:12:00.000,I 85,,,Sideswipe-Same Direction,3,Cloudy,Dry,Dark-Not Lighted
2022-02-19T17:40:00.000,I 85,,,Rear End,2,Clear,Dry,Daylight
2022-03-13T18:50:00.000,I 85,,,Rear End,2,Clear,Dry,Daylight
2022-11-29T12:45:00.000,I-75,,,Not a Collision with Motor Vehicle,2,Cloudy,Dry,Daylight
2022-07-05T05:45:00.000,I-75,,,Sideswipe-Same Direction,2,Clear,Dry,Dark-Not Lighted
2022-01-27T10:07:00.000,I 285,,,Rear End,2,Clear,Dry,Daylight
2022-02-18T10:07:00.000,I 75,,,Rear End,3,Clear,Dry,Daylight
2022-09-16T13:19:00.000,I 285,,,Sideswipe-Same Direction,2,Clear,Dry,Daylight
2022-01-23T06:20:00.000,I 85,,,Angle Crash,2,Clear,Ice/Frost,Dark-Not Lighted
2022-02-08T17:41:00.000,I 285,,,Sideswipe-Same Direction,2,Clear,Dry,Daylight
2022-06-12T16:44:00.000,I 95,,,Not a Collision with Motor Vehicle,1,Clear,Dry,Daylight
2022-02-27T09:12:00.000,I 285,,,Not a Collision with Motor Vehicle,1,Rain,Wet,Daylight
2022-08-25T17:22:00.000,I 85,,,Not a Collision with Motor Vehicle,1,Rain,Wet,Daylight
2022-05-30T21:54:00.000,I 20,,,Not a Collision with Motor Vehicle,1,Cloudy,Wet,Dark-Not Lighted
2022-07-11T12:00:00.000,I 75,,,Rear End,2,Clear,Dry,Daylight
2022-11-18T11:16:00.000,I 75,,,Rear End,3,Clear,Dry,Daylight
2022-03-31T16:18:00.000,I 85,,,Rear End,2,Clear,Dry,Daylight
2022-02-25T08:10:00.000,I 85,,,Rear End,3,Rain,Wet,Daylight
2022-10-19T19:06:00.000,I-75,,,Rear End,2,Clear,Dry,Dark-Lighted
2022-08-10T08:00:00.000,I-75,,,Rear End,3,Rain,Wet,Daylight
2022-01-15T21:00:00.000,I-75,,,Rear End,2,Rain,Other,Dark-Not Lighted
2022-09-14T17:35:00.000,I 85,,,Sideswipe-Same Direction,2,Clear,Dry,Daylight
2022-07-17T22:40:00.000,I 75,,,Angle Crash,2,Clear,Dry,Dark-Not Lighted
2022-04-28T08:38:00.000,I 285,,,Rear End,2,Clear,Dry,Daylight
2022-08-10T16:53:00.000,I 285,,,Sideswipe-Same Direction,2,Clear,Wet,Dawn
2022-11-13T19:40:00.000,I-75,,,Rear End,2,Cloudy,Dry,Dark-Lighted
2022-04-26T09:00:00.000,I 285,,,Rear End,2,Cloudy,Dry,Daylight
2022-11-17T17:05:00.000,I 85,,,Rear End,2,Clear,Dry,Daylight
2022-03-18T16:28:00.000,I 16,,,Not a Collision with Motor Vehicle,1,Rain,Wet,Daylight
2022-02-05T08:38:00.000,I-75,,,Angle Crash,2,Clear,Wet,Daylight
2022-10-05T09:30:00.000,I-75,,,Sideswipe-Same Direction,2,Clear,Dry,Daylight
2022-11-21T21:02:00.000,I 75,,,Angle Crash,2,Clear,Dry,Dark-Not Lighted
2022-04-14T11:18:00.000,I 75,,,Sideswipe-Same Direction,2,Clear,Dry,Daylight
2022-12-07T08:30:00.000,I-75,,,Rear End,4,Cloudy,Water (standing or moving),Daylight
2022-10-23T19:30:00.000,I-75,,,Sideswipe-Same Direction,2,Clear,Dry,Dark-Lighted
2022-09-13T10:10:00.000,I 285,,,Sideswipe-Same Direction,2,Clear,Dry,Daylight
2022-04-19T09:45:00.000,I 285,,,Rear End,4,Clear,Dry,Daylight
2022-04-29T14:35:00.000,I 75,,,Rear End,2,Clear,Dry,Daylight
2022-05-11T17:15:00.000,I 85,,,Angle Crash,2,Clear,Dry,Daylight
2022-10-23T19:40:00.000,I 75,,,Not a Collision with Motor Vehicle,1,Clear,Dry,Dark-Not Lighted
2022-11-22T19:45:00.000,I 85,,,Rear End,3,Clear,Dry,Dark-Lighted
2022-12-05T12:40:00.000,I 285,,,Rear End,2,Clear,Wet,Daylight
2022-12-07T14:11:00.000,I 75,,,Sideswipe-Same Direction,2,Cloudy,Dry,Daylight
2022-05-20T20:00:00.000,I-75,,,Rear End,4,Clear,Dry,Daylight
2022-03-31T17:29:00.000,I 75,,,Rear End,2,Clear,Dry,Daylight
2022-03-12T08:27:00.000,I 95,,,Not a Collision with Motor Vehicle,1,Rain,Wet,Daylight
2022-05-25T14:00:00.000,I 85,,,Rear End,2,Cloudy,Dry,Daylight
2022-05-01T10:02:00.000,I 75,,,Rear End,2,Clear,Dry,Daylight
2022-03-16T12:35:00.000,I 16,,,Rear End,2,Clear,Dry,Daylight
2022-07-29T16:22:00.000,I 85,,,Rear End,2,Rain,Wet,Daylight
2022-11-11T07:45:00.000,I 20,,,Not a Collision with Motor Vehicle,1,Rain,Wet,Daylight
2022-09-13T07:25:00.000,I 20,,,Angle Crash,2,Clear,Dry,Daylight
2022-03-16T11:45:00.000,I 20,,,Not a Collision with Motor Vehicle,1,Rain,Wet,Daylight
2022-08-28T19:39:00.000,I-75,,,Sideswipe-Same Direction,2,Clear,Dry,Dusk
2022-07-21T17:15:00.000,I 16,,,Rear End,2,Cloudy,Dry,Daylight
2022-05-24T19:30:00.000,I 75,,,Angle Crash,2,Clear,Dry,Daylight
2022-05-06T19:27:00.000,I 16,,,Angle Crash,2,Cloudy,Dry,Dusk
2022-08-04T04:25:00.000,I 20,,,Sideswipe-Same Direction,2,Clear,Dry,Dark-Not Lighted
2022-08-19T23:22:00.000,I-75,,,Rear End,5,Cloudy,Wet,Dark-Lighted
2022-08-10T18:20:00.000,I 20,,,Rear End,2,Clear,Dry,Dark-Lighted
2022-05-23T05:38:00.000,I 285,,,Sideswipe-Same Direction,2,Cloudy,Wet,Dark-Not Lighted
2022-04-16T09:24:00.000,I 75,,,Angle Crash,3,Cloudy,Wet,Daylight
2022-01-01T01:15:00.000,I 75,,,Rear End,3,Clear,Wet,Dark-Not Lighted
2022-02-04T02:30:00.000,I 20,,,Sideswipe-Same Direction,2,Clear,Dry,Daylight
2022-07-01T13:00:00.000,I 285,,,Rear End,2,Cloudy,Dry,Daylight
2022-12-06T19:15:00.000,I 285,,,Rear End,3,Cloudy,Dry,Dark-Lighted
2022-12-25T03:25:00.000,I 75,,,Not a Collision with Motor Vehicle,1,Clear,Dry,Dark-Not Lighted
2022-01-19T19:00:00.000,I-75,,,Rear End,2,Clear,Dry,Dark-Lighted
2022-12-16T00:00:00.000,I 16,,,Rear End,2,Clear,Dry,Daylight
2022-11-30T07:40:00.000,I 20,,,Not a Collision with Motor Vehicle,1,Rain,Wet,Daylight
2022-01-28T22:40:00.000,I 285,,,Not a Collision with Motor Vehicle,1,Clear,Dry,Dark-Not Lighted
2022-01-29T14:20:00.000,I 75,,,Sideswipe-Same Direction,2,Clear,Dry,Daylight
2022-10-03T16:39:00.000,I 285,,,Rear End,2,Cloudy,Dry,Daylight
2022-08-27T14:35:00.000,I 16,,,Sideswipe-Same Direction,2,Clear,Dry,Daylight
2022-09-05T19:34:00.000,I 85,,,Rear End,2,Rain,Wet,Dusk
2022-09-05T10:46:00.000,I 20,,,Rear End,2,Clear,Dry,Daylight
2022-07-18T17:45:00.000,I 285,,,Rear End,2,Rain,Wet,Daylight
2022-12-30T11:53:00.000,I 75,,,Rear End,2,Clear,Dry,Daylight
2022-04-07T21:40:00.000,I 285,,,Not a Collision with Motor Vehicle,1,Clear,Dry,Dark-Not Lighted
2022-01-05T20:22:00.000,I 75,,,Sideswipe-Same Direction,2,Clear,Dry,Dark-Lighted
2022-03-18T07:40:00.000,I 75,,,Rear End,2,Clear,Dry,Dawn
2023-05-03T11:40:00.000,I 75,,,Sideswipe-Same Direction,2,Clear,Dry,Daylight
2023-01-26T20:10:00.000,I 285,,,Sideswipe-Same Direction,2,Clear,Dry,Dark-Not Lighted
2023-04-06T17:40:00.000,I 285,,,Rear End,3,Clear,Dry,Daylight
2023-01-06T06:02:00.000,I 20,,,Not a Collision with Motor Vehicle,4,Clear,Dry,Dark-Lighted
2023-02-25T19:10:00.000,I 85,,,Rear End,2,Clear,Dry,Dusk
2023-09-06T08:29:00.000,I-75,,,Rear End,2,Clear,Dry,Daylight
2023-06-11T00:55:00.000,I-75,,,Rear End,3,Clear,Dry,Dark-Lighted
2023-06-03T22:39:00.000,I 95,,,Not a Collision with Motor Vehicle,1,Clear,Dry,Dark-Not Lighted
2023-11-15T08:45:00.000,I 285,,,Sideswipe-Same Direction,2,Cloudy,Dry,Daylight
2023-09-19T15:29:00.000,I 20,,,Sideswipe-Same Direction,2,Clear,Dry,Daylight
2023-11-27T19:00:00.000,I-75,,,Rear End,2,Clear,Dry,Dark-Lighted
2023-10-11T19:38:00.000,I 75,,,Sideswipe-Same Direction,2,Rain,Wet,Dark-Not Lighted
2023-08-30T22:52:00.000,I-75,,,Rear End,2,Rain,Wet,Dark-Lighted
2023-08-03T11:20:00.000,I 285,,,Sideswipe-Same Direction,2,Clear,Dry,Daylight
2023-10-30T15:38:00.000,I 20,,,Rear End,4,Clear,Dry,Daylight
2023-01-02T19:12:00.000,I 285,,,Sideswipe-Same Direction,2,Fog,Wet,Dark-Lighted
2023-12-17T07:00:00.000,I 75,,,Not a Collision with Motor Vehicle,1,Rain,Wet,Dark-Not Lighted
2023-03-26T15:45:00.000,I 75,,,Rear End,2,Cloudy,Wet,Daylight
2023-05-31T22:05:00.000,I 75,,,Angle Crash,2,Clear,Dry,Dark-Not Lighted
2023-12-05T13:13:00.000,I 16,,,Sideswipe-Same Direction,2,Clear,Dry,Daylight
2023-11-12T02:12:00.000,I 285,,,Angle Crash,3,Clear,Wet,Dark-Not Lighted
2023-11-21T09:55:00.000,I-75,,,Angle Crash,2,Rain,Wet,Daylight
2023-12-04T06:48:00.000,I 285,,,Sideswipe-Same Direction,2,Clear,Dry,Dark-Lighted
2023-08-25T23:20:00.000,I-75,,,Rear End,2,Clear,Dry,Dark-Lighted
2023-08-23T17:00:00.000,I-75,,,Rear End,3,Clear,Dry,Daylight
2023-10-04T10:35:00.000,I 285,,,Sideswipe-Same Direction,2,Clear,Dry,Daylight
2023-09-01T10:30:00.000,I 85,,,Rear End,2,Cloudy,Dry,Daylight
2023-09-10T17:09:00.000,I 20,,,Not a Collision with Motor Vehicle,1,Rain,Wet,Daylight
2023-09-05T14:24:00.000,I 75,,,Rear End,2,Clear,Dry,Daylight
2023-09-26T16:45:00.000,I 75,,,Sideswipe-Same Direction,2,Cloudy,Dry,Daylight
2023-03-10T11:37:00.000,I 285,,,Angle Crash,2,Cloudy,Wet,Daylight
2023-05-02T00:00:00.000,I 285,,,Sideswipe-Same Direction,2,Clear,Dry,Daylight
2023-12-25T01:58:00.000,I 285,,,Rear End,2,Rain,Wet,Daylight
2023-11-02T06:37:00.000,I 85,,,Sideswipe-Same Direction,2,Clear,Dry,Daylight
2023-09-25T07:15:00.000,I 285,,,Not a Collision with Motor Vehicle,2,Clear,Dry,Daylight
2023-08-04T20:15:00.000,I 85,,,Not a Collision with Motor Vehicle,1,Clear,Dry,Dark-Lighted
2023-04-01T16:40:00.000,I 285,,,Sideswipe-Same Direction,2,Clear,Dry,Daylight
2023-07-17T08:25:00.000,I 85,,,Rear End,2,Cloudy,Dry,Daylight
2023-04-25T17:00:00.000,I 285,,,Rear End,3,Clear,Dry,Daylight
2023-08-28T15:02:00.000,I 85,,,Sideswipe-Same Direction,2,Clear,Dry,Daylight
2023-04-17T18:15:00.000,I-75,,,Sideswipe-Same Direction,2,Clear,Dry,Daylight
2023-12-29T00:00:00.000,I 85,,,Rear End,2,Cloudy,Dry,Dark-Not Lighted
2023-10-28T11:00:00.000,I 285,,,Rear End,2,Clear,Dry,Daylight
2023-08-29T19:43:00.000,I 20,,,Not a Collision with Motor Vehicle,1,Cloudy,Dry,Daylight
2023-06-03T22:46:00.000,I 16,,,Not a Collision with Motor Vehicle,1,Cloudy,Dry,Dark-Lighted
2023-05-11T16:04:00.000,I 16,,,Rear End,2,Clear,Dry,Daylight
2023-12-10T17:50:00.000,I 285,,,Rear End,2,Clear,Wet,Dark-Lighted
2023-03-03T07:24:00.000,I 20,,,Sideswipe-Same Direction,2,Clear,Dry,Daylight
2023-10-24T05:17:00.000,I 20,,,Sideswipe-Same Direction,2,Clear,Dry,Dark-Not Lighted
2023-10-28T22:10:00.000,I 75,,,Rear End,3,Clear,Dry,Dark-Not Lighted
2023-09-21T09:39:00.000,I 20,,,Rear End,2,Clear,Dry,Daylight
2023-03-26T15:42:00.000,I-75,,,Rear End,2,Cloudy,Dry,Daylight
2023-05-31T12:39:00.000,I-75,,,Rear End,3,Cloudy,Dry,Daylight
2023-02-22T07:55:00.000,I-75,,,Sideswipe-Same Direction,2,Cloudy,Dry,Daylight
2023-02-14T18:06:00.000,I 20,,,Sideswipe-Same Direction,2,Cloudy,Dry,Daylight
2023-11-26T20:06:00.000,I 75,,,Rear End,2,Rain,Wet,Dark-Not Lighted
2023-07-15T03:25:00.000,I 20,,,Rear End,2,Cloudy,Dry,Dark-Not Lighted
2023-02-17T20:30:00.000,I-75,,,Rear End,2,Clear,Other,Dark-Lighted
2023-05-28T16:00:00.000,I 20,,,Sideswipe-Same Direction,2,Clear,Dry,Daylight
2023-06-25T18:50:00.000,I 20,,,Not a Collision with Motor Vehicle,1,Rain,Wet,Dusk
2023-06-10T01:08:00.000,I-75,,,Sideswipe-Same Direction,2,Clear,Dry,Dark-Lighted
2023-05-19T14:35:00.000,I 75,,,Sideswipe-Same Direction,2,Clear,Dry,Daylight
2023-04-30T04:30:00.000,I-75,,,Not a Collision with Motor Vehicle,1,Rain,Water (standing or moving),Dark-Lighted
2023-12-10T18:17:00.000,I 75,,,Rear End,2,Rain,Wet,Dark-Not Lighted
2023-04-30T10:20:00.000,I 285,,,Sideswipe-Same Direction,2,Clear,Dry,Daylight
2023-09-13T18:22:00.000,I 75,,,Not a Collision with Motor Vehicle,1,Clear,Dry,Daylight
2023-08-17T19:07:00.000,I 85,,,Sideswipe-Same Direction,2,Clear,Dry,Daylight
2023-04-29T23:00:00.000,I-75,,,Angle Crash,2,Rain,Water (standing or moving),Dark-Not Lighted
2023-03-20T17:00:00.000,I 85,,,Rear End,4,Clear,Dry,Daylight
2023-12-01T16:00:00.000,I 75,,,Sideswipe-Same Direction,2,Cloudy,Dry,Daylight
2023-07-01T02:40:00.000,I 285,,,Not a Collision with Motor Vehicle,1,Clear,Dry,Dark-Not Lighted
2023-06-08T13:40:00.000,I 285,,,Rear End,2,Cloudy,Dry,Daylight
2023-03-09T18:25:00.000,I 75,,,Sideswipe-Same Direction,2,Cloudy,Dry,Daylight
2023-09-14T14:40:00.000,I 20,,,Rear End,2,Cloudy,Wet,Daylight
2023-08-06T14:55:00.000,I-75,,,Not a Collision with Motor Vehicle,1,Rain,Wet,Daylight
2023-11-19T23:26:00.000,I 85,,,Angle Crash,2,Clear,Dry,Dark-Lighted
2023-02-07T14:00:00.000,I 75,,,Not a Collision with Motor Vehicle,2,Clear,Dry,Daylight
2023-09-11T06:19:00.000,I 20,,,Sideswipe-Same Direction,2,Clear,Dry,Dark-Not Lighted
2023-03-10T12:46:00.000,I 285,,,Sideswipe-Same Direction,2,Cloudy,Wet,Daylight
2023-10-11T22:00:00.000,I 75,,,Not a Collision with Motor Vehicle,1,Clear,Wet,Dark-Not Lighted
2023-01-23T19:05:00.000,I 85,,,Sideswipe-Same Direction,2,Clear,Dry,Dark-Lighted
2023-09-14T14:09:00.000,I 75,,,Rear End,2,Rain,Wet,Daylight
2023-11-19T21:30:00.000,I-75,,,Not a Collision with Motor Vehicle,1,Clear,Dry,Dark-Lighted
2023-01-29T21:15:00.000,I 20,,,Not a Collision with Motor Vehicle,1,Rain,Wet,Dark-Lighted
2023-11-14T09:05:00.000,I-75,,,Sideswipe-Same Direction,2,Clear,Dry,Daylight
2023-03-13T20:20:00.000,I 75,,,Angle Crash,3,Clear,Dry,Dark-Lighted
2023-08-16T16:28:00.000,I 16,,,Rear End,2,Clear,Dry,Daylight
2023-04-22T04:30:00.000,I-75,,,Angle Crash,2,Rain,Wet,Dark-Lighted
2023-10-18T17:42:00.000,I-75,,,Rear End,2,Clear,Dry,Daylight
2023-06-01T19:07:00.000,I 85,,,Rear End,4,Clear,Dry,Daylight
2023-02-01T07:41:00.000,I 75,,,Not a Collision with Motor Vehicle,1,Clear,Dry,Daylight
2023-01-06T14:00:00.000,I 285,,,Angle Crash,2,Clear,Dry,Daylight
2023-05-31T18:45:00.000,I-75,,,Rear End,2,Clear,Dry,Daylight
2023-11-11T04:00:00.000,I-75,,,Not a Collision with Motor Vehicle,1,Rain,Water (standing or moving),Dark-Lighted
2023-03-03T12:15:00.000,I 85,,,Sideswipe-Same Direction,2,Cloudy,Dry,Daylight
2023-12-08T13:45:00.000,I 85,,,Rear End,2,Clear,Dry,Daylight
2023-07-10T09:21:00.000,I-75,,,Rear End,2,Clear,Wet,Daylight
2023-11-29T18:45:00.000,I 285,,,Angle Crash,2,Clear,Dry,Dark-Not Lighted
2023-10-17T21:30:00.000,I-75,,,Sideswipe-Same Direction,2,Clear,Dry,Dark-Lighted
2023-09-19T17:45:00.000,I 85,,,Rear End,2,Clear,Dry,Daylight
2023-12-14T19:39:00.000,I 85,,,Rear End,2,Clear,Dry,Dark-Not Lighted
2023-12-23T16:02:00.000,I 75,,,Rear End,2,Clear,Dry,Daylight
2023-11-30T19:00:00.000,I-75,,,Not a Collision with Motor Vehicle,1,Clear,Dry,Dark-Lighted
2023-01-10T05:47:00.000,I 75,,,Sideswipe-Same Direction,4,Clear,Dry,Dark-Lighted
2023-05-23T15:45:00.000,I 285,,,Rear End,2,Clear,Dry,Daylight
2023-03-19T16:45:00.000,I 75,,,Rear End,2,Clear,Dry,Daylight
2023-03-27T14:50:00.000,I 20,,,Rear End,2,Clear,Dry,Daylight
2023-01-28T16:32:00.000,I 20,,,Rear End,2,Clear,Dry,Daylight
2023-04-15T11:55:00.000,I 75,,,Rear End,3,Clear,Dry,Daylight
2023-01-11T00:18:00.000,I 20,,,Sideswipe-Same Direction,2,Cloudy,Dry,Dark-Not Lighted
2023-07-11T20:15:00.000,I 75,,,Not a Collision with Motor Vehicle,2,Clear,Dry,Dusk
2023-10-16T15:00:00.000,I 85,,,Rear End,2,(None),(None),(None)
2023-01-04T01:21:00.000,I-75,,,Not a Collision with Motor Vehicle,1,Rain,Wet,Dark-Lighted
2023-08-12T21:46:00.000,I 16,,,Not a Collision with Motor Vehicle,1,Rain,Wet,Dark-Not Lighted
2023-10-10T18:50:00.000,I 85,,,Rear End,2,Clear,Dry,Daylight
2023-03-24T23:20:00.000,I-75,,,Rear End,2,Clear,Dry,Dark-Not Lighted
2023-04-07T12:10:00.000,I 20,,,Rear End,2,Clear,Dry,Daylight
2023-12-22T15:26:00.000,I 75,,,Sideswipe-Same Direction,2,Clear,Dry,Daylight
2023-10-21T22:30:00.000,I-75,,,Angle Crash,3,Clear,Dry,Dark-Not Lighted
2023-01-01T01:00:00.000,I-75,,,Rear End,2,Clear,Wet,Dark-Lighted
2023-10-20T15:03:00.000,I 85,,,Rear End,3,Clear,Dry,Daylight
2023-03-02T07:45:00.000,I 85,,,Rear End,3,Cloudy,Wet,Daylight
2023-12-01T18:15:00.000,I 285,,,Sideswipe-Same Direction,2,Clear,Dry,Dark-Not Lighted
2023-07-21T03:55:00.000,I 20,,,Not a Collision with Motor Vehicle,2,Clear,Dry,Dark-Not Lighted
2023-08-16T06:45:00.000,I 85,,,Rear End,2,Clear,Dry,Dawn
2023-11-27T16:58:00.000,I 285,,,Rear End,2,Clear,Dry,Daylight
2023-09-07T13:00:00.000,I 285,,,Not a Collision with Motor Vehicle,1,Clear,Dry,Daylight
2023-11-01T10:00:00.000,I 75,,,Sideswipe-Same Direction,2,Clear,Dry,Daylight
2023-11-17T10:15:00.000,I 75,,,Rear End,2,Cloudy,Dry,Daylight
2023-06-19T18:03:00.000,I 75,,,Not a Collision with Motor Vehicle,1,Cloudy,Wet,Daylight
2023-04-16T00:00:00.000,I 285,,,Rear End,2,Clear,Dry,Dusk
2023-12-14T15:18:00.000,I 285,,,Rear End,2,Clear,Dry,Daylight
2023-03-16T07:56:00.000,I 75,,,Rear End,2,Clear,Dry,Daylight
2023-01-18T16:45:00.000,I 85,,,Sideswipe-Same Direction,2,Rain,Wet,Daylight