Date and Time,Roadway (From Crash Report),Intersection Name (from Crash Report),KABCO Severity,Manner of Collision (Crash Level) ,# of Vehicles per crash ,Weather Conditions (Crash Level),Surface Condition (Crash Level) ,Light Conditions (Crash Level)
2023-04-23T13:05:00.000,I 285,,,Sideswipe-Same Direction,2,Clear,Dry,Daylight
2023-07-30T08:45:00.000,I 285,,,Sideswipe-Same Direction,2,Clear,Dry,Daylight
2023-11-26T18:15:00.000,I 85,,,Rear End,2,Rain,Wet,Dark-Lighted
2023-02-02T15:50:00.000,I 75,,,Sideswipe-Same Direction,2,Rain,Wet,Daylight
2023-03-13T09:14:00.000,I 75,,,Rear End,2,Clear,Dry,Daylight
2023-10-27T21:00:00.000,I 75,,,Not a Collision with Motor Vehicle,1,Clear,Dry,Daylight
2023-10-16T20:00:00.000,I-75,,,Rear End,2,Clear,Dry,Dark-Lighted
2023-12-11T15:07:00.000,I 85,,,Rear End,2,Clear,Dry,Daylight
2023-07-23T15:09:00.000,I 75,,,Rear End,2,Clear,Wet,Daylight
2023-01-27T21:00:00.000,I 75,,,Sideswipe-Same Direction,2,Clear,Dry,Dark-Not Lighted
2023-03-16T04:40:00.000,I 75,,,Not a Collision with Motor Vehicle,1,Clear,Dry,Dark-Not Lighted
2023-08-25T11:35:00.000,I 285,,,Rear End,2,Clear,Dry,Daylight
2023-06-19T07:00:00.000,I 20,,,Not a Collision with Motor Vehicle,1,Rain,Wet,Dark-Lighted
2023-01-17T14:00:00.000,I 20,,,Not a Collision with Motor Vehicle,1,Rain,Wet,Daylight
2023-01-01T15:40:00.000,I-75,,,Rear End,2,Clear,Dry,Daylight
2023-05-25T06:30:00.000,I 285,,,Sideswipe-Same Direction,2,Clear,Dry,Dark-Not Lighted
2023-06-29T15:02:00.000,I 16,,,Rear End,2,Clear,Dry,Daylight
2023-12-18T16:41:00.000,I 85,,,Head On,2,Clear,Dry,Daylight
2023-11-05T13:09:00.000,I 75,,,Rear End,2,Clear,Dry,Daylight
2023-03-11T00:10:00.000,I 285,,,Angle Crash,2,Clear,Dry,Dark-Not Lighted
2023-04-13T16:18:00.000,I 20,,,Rear End,2,Cloudy,Wet,Daylight
2023-01-13T23:30:00.000,I 20,,,Sideswipe-Same Direction,2,Clear,Dry,Dark-Lighted
2023-04-08T10:33:00.000,I 20,,,Not a Collision with Motor Vehicle,1,Cloudy,Wet,Daylight
2023-09-23T23:54:00.000,I-75,,,Rear End,2,Clear,Dry,Dark-Not Lighted
2023-10-01T00:18:00.000,I-75,,,Rear End,2,Clear,Dry,Dark-Lighted
2023-11-16T05:08:00.000,I 20,,,Angle Crash,2,Clear,Dry,Dark-Not Lighted
2023-10-04T01:17:00.000,I-75,,,Sideswipe-Same Direction,2,Clear,Dry,Dark-Lighted
2023-03-27T08:00:00.000,I 85,,,Not a Collision with Motor Vehicle,1,Rain,Wet,Daylight
2023-07-23T16:00:00.000,I-75,,,Rear End,2,Clear,Dry,Daylight
2023-06-25T22:06:00.000,I 75,,,Rear End,2,Rain,Wet,Dark-Not Lighted
2023-07-12T16:43:00.000,I-75,,,Sideswipe-Same Direction,2,Clear,Dry,Daylight
2023-06-23T19:05:00.000,I 85,,,Not a Collision with Motor Vehicle,1,Cloudy,Dry,Daylight
2023-11-02T12:40:00.000,I-75,,,Rear End,2,Clear,Dry,Daylight
2023-05-09T19:32:00.000,I 75,,,Rear End,2,Clear,Dry,Daylight
2023-04-10T09:30:00.000,I 285,,,Sideswipe-Same Direction,2,Clear,Dry,Daylight
2023-10-06T08:15:00.000,I 75,,,Rear End,2,Clear,Dry,Daylight
2023-01-10T16:02:00.000,I 95,,,Angle Crash,2,Clear,Dry,Daylight
2023-03-27T00:00:00.000,I 75,,,Not a Collision with Motor Vehicle,1,Rain,Wet,Daylight
2023-10-21T18:16:00.000,I 285,,,Rear End,2,Clear,Dry,Dark-Lighted
2023-04-05T21:16:00.000,I-75,,,Rear End,2,Clear,Dry,Dark-Lighted
2023-12-07T07:44:00.000,I 20,,,Rear End,2,Clear,Dry,Daylight
2023-08-04T01:34:00.000,I-75,,,Sideswipe-Same Direction,2,Clear,Dry,Dark-Not Lighted
2023-08-14T00:00:00.000,I 16,,,Rear End,2,Clear,Dry,Dawn
2023-10-10T13:00:00.000,I 85,,,Sideswipe-Same Direction,2,Clear,Dry,Daylight
2023-02-27T05:28:00.000,I 285,,,Rear End,2,Clear,Dry,Dark-Not Lighted
2023-07-15T17:40:00.000,I 95,,,Not a Collision with Motor Vehicle,1,Severe Thunderstorm or Tornadic,Wet,Daylight
2023-09-07T01:03:00.000,I-75,,,Rear End,2,Clear,Dry,Dark-Lighted
2023-07-20T13:00:00.000,I 285,,,Sideswipe-Same Direction,2,Clear,Dry,Daylight
2023-02-18T12:30:00.000,I-75,,,Rear End,3,Clear,Dry,Daylight
2023-12-29T02:20:00.000,I 285,,,Rear End,2,Clear,Dry,Dark-Not Lighted
2023-11-22T14:35:00.000,I 85,,,Rear End,3,Cloudy,Dry,Daylight
2023-09-30T16:30:00.000,I 85,,,Sideswipe-Same Direction,2,Clear,Dry,Daylight
2023-10-20T22:02:00.000,I 16,,,Angle Crash,2,Clear,Dry,Dark-Not Lighted
2023-11-17T14:10:00.000,I 20,,,Sideswipe-Same Direction,2,Cloudy,Dry,Daylight
2023-01-03T23:00:00.000,I 285,,,Not a Collision with Motor Vehicle,1,Rain,Wet,Dark-Not Lighted
2023-11-17T13:45:00.000,I 75,,,Sideswipe-Same Direction,2,Cloudy,Dry,Daylight
2023-06-11T15:13:00.000,I 75,,,Sideswipe-Same Direction,2,Cloudy,Dry,Daylight
2023-02-14T12:05:00.000,I 85,,,Not a Collision with Motor Vehicle,1,Clear,Dry,Dawn
2023-12-06T00:05:00.000,I 75,,,Sideswipe-Same Direction,3,Clear,Dry,Dark-Not Lighted
2023-10-14T22:40:00.000,I 85,,,Rear End,2,Clear,Dry,Dark-Not Lighted
2023-08-17T06:20:00.000,I 20,,,Rear End,2,Clear,Dry,Daylight
2023-10-28T13:29:00.000,I 75,,,Sideswipe-Same Direction,2,Clear,Dry,Daylight
2023-10-03T17:55:00.000,I 85,,,Rear End,3,Clear,Dry,Daylight
2023-11-28T14:13:00.000,I 16,,,Sideswipe-Same Direction,2,Clear,Dry,Daylight
2023-08-27T10:12:00.000,I 20,,,Sideswipe-Same Direction,2,Clear,Dry,Daylight
2023-10-09T17:50:00.000,I 20,,,Sideswipe-Same Direction,2,Clear,Dry,Daylight
2023-06-07T15:00:00.000,I 20,,,Sideswipe-Same Direction,2,Clear,Dry,Daylight
2023-02-23T15:54:00.000,I 85,,,Sideswipe-Same Direction,1,Clear,Dry,Daylight
2023-06-19T16:45:00.000,I 75,,,Rear End,2,Clear,Dry,Daylight
2023-03-13T18:19:00.000,I 16,,,Not a Collision with Motor Vehicle,2,Clear,Dry,Daylight
2023-06-21T17:25:00.000,I 285,,,Rear End,2,Rain,Wet,Daylight
2023-02-11T21:41:00.000,I 285,,,Not a Collision with Motor Vehicle,1,Rain,Wet,Dark-Lighted
2023-03-04T10:18:00.000,I 20,,,Sideswipe-Same Direction,2,Clear,Dry,Daylight
2023-11-30T08:52:00.000,I 285,,,Sideswipe-Same Direction,2,Clear,Dry,Daylight
2023-08-03T08:35:00.000,I 85,,,Rear End,2,Cloudy,Dry,Daylight
2023-10-24T00:00:00.000,I 285,,,Sideswipe-Same Direction,3,Clear,Dry,Daylight
2023-09-08T20:47:00.000,I 75,,,Rear End,2,Clear,Dry,Dark-Lighted
2023-08-20T14:45:00.000,I 85,,,Rear End,2,Clear,Dry,Daylight
2023-07-24T01:00:00.000,I-75,,,Rear End,2,Clear,Dry,Dark-Lighted
2023-02-20T14:10:00.000,I 75,,,Rear End,2,Clear,Dry,Daylight
2023-03-14T13:57:00.000,I 285,,,Rear End,2,Clear,Dry,Daylight
2023-12-22T13:52:00.000,I 16,,,(None),1,(None),(None),(None)
2023-06-02T13:35:00.000,I 75,,,Not a Collision with Motor Vehicle,1,Clear,Dry,Daylight
2023-10-18T03:20:00.000,I-75,,,Rear End,2,Clear,Dry,Daylight
2023-01-07T13:05:00.000,I 285,,,Rear End,2,Clear,Dry,Daylight
2023-08-13T19:50:00.000,I 75,,,Sideswipe-Same Direction,2,Clear,Dry,Dusk
2023-08-30T21:50:00.000,I 20,,,Sideswipe-Same Direction,1,Rain,Wet,Dark-Not Lighted
2023-06-21T11:55:00.000,I 85,,,Sideswipe-Same Direction,2,Rain,Wet,Daylight
2023-12-30T18:54:00.000,I 285,,,Sideswipe-Same Direction,2,Clear,Dry,Dark-Lighted
2023-05-24T23:10:00.000,I 75,,,Sideswipe-Same Direction,2,Clear,Dry,Dark-Lighted
2023-01-08T23:00:00.000,I 85,,,Not a Collision with Motor Vehicle,1,Clear,Wet,Daylight
2023-02-02T15:10:00.000,I 85,,,Angle Crash,2,Rain,Wet,Daylight
2023-10-13T20:00:00.000,I 85,,,Sideswipe-Same Direction,2,Rain,Wet,Dark-Lighted
2023-03-01T14:30:00.000,I-75,,,Sideswipe-Same Direction,2,Clear,Dry,Daylight
2023-11-11T08:01:00.000,I 85,,,Not a Collision with Motor Vehicle,1,Rain,Wet,Daylight
2023-12-25T11:10:00.000,I 75,,,Not a Collision with Motor Vehicle,1,Rain,Wet,Daylight
2023-04-20T08:34:00.000,I 16,,,Rear End,3,Clear,Dry,Daylight
2023-07-10T09:10:00.000,I 85,,,Rear End,2,Rain,Wet,Daylight
2023-10-21T20:39:00.000,I 75,,,Not a Collision with Motor Vehicle,2,Clear,Dry,Dark-Lighted
2023-09-07T21:30:00.000,I 85,,,Not a Collision with Motor Vehicle,1,Clear,Dry,Dark-Not Lighted
2023-01-03T18:14:00.000,I 285,,,Sideswipe-Same Direction,2,Rain,Wet,Dark-Not Lighted
2023-10-14T02:58:00.000,I 85,,,Not a Collision with Motor Vehicle,1,Rain,Wet,Dark-Not Lighted
2023-02-21T20:20:00.000,I 85,,,Not a Collision with Motor Vehicle,1,Clear,Dry,Dark-Not Lighted
2023-09-08T20:15:00.000,I 20,,,(None),1,(None),(None),(None)
2023-05-31T17:15:00.000,I-75,,,Rear End,2,Clear,Dry,Daylight
2023-03-09T18:12:00.000,I 75,,,Rear End,2,Rain,Wet,Dark-Lighted
2023-05-28T00:20:00.000,I-75,,,Rear End,2,Clear,Dry,Dark-Lighted
2023-09-12T09:05:00.000,I 20,,,Sideswipe-Same Direction,2,Cloudy,Dry,Daylight
2023-04-30T17:04:00.000,I 285,,,Rear End,2,Clear,Dry,Daylight
2023-11-29T11:35:00.000,Sr 140,,,Rear End,2,Clear,Dry,Daylight
2023-05-28T21:30:00.000,I 285,,,Sideswipe-Same Direction,2,Clear,Dry,Dark-Lighted
2023-02-24T21:33:00.000,I 75,,,Angle Crash,2,Clear,Dry,Dark-Lighted
2023-10-07T18:15:00.000,I-75,,,Sideswipe-Same Direction,2,Clear,Dry,Daylight
2023-02-21T16:38:00.000,I 20,,,Sideswipe-Same Direction,2,Clear,Dry,Daylight
2023-04-14T01:00:00.000,I 75,,,Sideswipe-Same Direction,2,Clear,Dry,Dark-Not Lighted
2023-09-18T14:56:00.000,I 75,,,Sideswipe-Same Direction,3,Cloudy,Dry,Daylight
2023-02-03T00:00:00.000,I-75,,,Not a Collision with Motor Vehicle,1,Rain,Water (standing or moving),Dark-Lighted
2023-11-26T19:38:00.000,I 285,,,Rear End,2,Cloudy,Wet,Dark-Not Lighted
2023-07-04T20:08:00.000,I 20,,,Not a Collision with Motor Vehicle,1,Clear,Dry,Daylight
2023-06-17T19:32:00.000,I 75,,,Sideswipe-Same Direction,2,Clear,Dry,Daylight
2023-10-19T03:42:00.000,I-75,,,Not a Collision with Motor Vehicle,1,Clear,Dry,Dark-Not Lighted
2023-05-11T06:56:00.000,I 75,,,Rear End,2,Cloudy,Dry,Daylight
2023-03-26T07:40:00.000,I 75,,,Not a Collision with Motor Vehicle,1,Clear,Wet,Daylight
2023-03-16T17:16:00.000,I 285,,,Sideswipe-Same Direction,2,Clear,Dry,Daylight
2023-01-25T05:39:00.000,I 285,,,Not a Collision with Motor Vehicle,1,Rain,Wet,Dark-Not Lighted
2023-12-02T09:33:00.000,I 20,,,Sideswipe-Same Direction,2,Cloudy,Dry,Daylight
2023-03-25T19:00:00.000,I-75,,,Sideswipe-Same Direction,2,Clear,Dry,Daylight
2023-04-12T15:20:00.000,I 85,,,Sideswipe-Same Direction,2,Clear,Dry,Daylight
2023-10-07T19:10:00.000,I-75,,,Rear End,3,Clear,Dry,Dark-Lighted
2023-09-04T22:30:00.000,I 20,,,Sideswipe-Opposite Direction,2,Clear,Dry,Dark-Lighted
2023-10-16T17:28:00.000,I 285,,,Rear End,2,Cloudy,Dry,Daylight
2023-10-15T03:59:00.000,I 85,,,Rear End,2,Clear,Dry,Dark-Not Lighted
2023-10-17T15:10:00.000,I 20,,,Rear End,2,Clear,Dry,Daylight
2023-08-31T08:29:00.000,I 75,,,Rear End,2,Clear,Dry,Daylight
2023-07-24T01:05:00.000,I 75,,,Sideswipe-Same Direction,2,Clear,Dry,Dark-Not Lighted
2023-12-02T21:05:00.000,I 85,,,Sideswipe-Same Direction,2,Rain,Wet,Dark-Not Lighted
2023-11-06T17:50:00.000,I 75,,,Not a Collision with Motor Vehicle,1,Clear,Dry,Dark-Not Lighted
2023-12-23T18:07:00.000,I-75,,,Rear End,2,Clear,Dry,Dark-Lighted
2023-03-26T03:57:00.000,I-75,,,Rear End,2,Clear,Dry,Daylight
2023-11-03T14:48:00.000,I 285,,,Sideswipe-Same Direction,2,Clear,Dry,Daylight
2023-08-31T08:02:00.000,I 20,,,Not a Collision with Motor Vehicle,1,Cloudy,Dry,Daylight
2023-05-12T17:54:00.000,I 16,,,Not a Collision with Motor Vehicle,1,Rain,Wet,Daylight
2023-08-02T16:17:00.000,I 75,,,Not a Collision with Motor Vehicle,1,Clear,Dry,Daylight
2023-01-01T02:00:00.000,I-75,,,Rear End,2,Clear,Dry,Dark-Not Lighted
2023-03-13T17:36:00.000,I 95,,,Rear End,2,Clear,Dry,Daylight
2023-07-10T08:00:00.000,I 20,,,Not a Collision with Motor Vehicle,1,Clear,Dry,Daylight
2023-03-29T06:30:00.000,I-75,,,Sideswipe-Same Direction,2,Clear,Dry,Dark-Lighted
2023-11-27T07:57:00.000,I 75,,,Rear End,2,Clear,Dry,Daylight
2023-06-04T16:02:00.000,I 85,,,Sideswipe-Same Direction,2,Clear,Dry,Daylight
2023-05-26T18:00:00.000,I-75,,,Sideswipe-Same Direction,2,Clear,Dry,Daylight
2023-06-19T05:20:00.000,I 285,,,Not a Collision with Motor Vehicle,1,Rain,Wet,Dark-Lighted
2023-10-12T06:45:00.000,I 16,,,Not a Collision with Motor Vehicle,1,Rain,Wet,Daylight
2023-05-07T14:30:00.000,I-75,,,Rear End,3,Clear,Dry,Daylight
2023-04-22T00:00:00.000,I 285,,,Not a Collision with Motor Vehicle,1,Cloudy,Dry,Daylight
2023-03-30T10:15:00.000,I-75,,,Rear End,2,Clear,Dry,Daylight
2023-03-19T20:48:00.000,I 85,,,Rear End,2,Clear,Dry,Dark-Not Lighted
2023-11-11T07:53:00.000,I 20,,,Not a Collision with Motor Vehicle,1,Rain,Wet,Daylight
2023-05-13T07:43:00.000,I-75,,,Angle Crash,2,Cloudy,Dry,Daylight
2023-07-01T00:01:00.000,I-75,,,Rear End,2,Clear,Dry,Dark-Lighted
2023-11-20T12:38:00.000,I 75,,,Rear End,4,Cloudy,Wet,Daylight
2023-11-30T10:40:00.000,I 85,,,Sideswipe-Same Direction,2,Clear,Dry,Daylight
2023-07-13T18:45:00.000,I 75,,,Not a Collision with Motor Vehicle,1,Rain,Wet,Daylight
2023-08-10T21:31:00.000,I 20,,,Rear End,2,Cloudy,Dry,Dark-Not Lighted
2023-05-24T21:49:00.000,I 75,,,Rear End,2,Clear,Dry,Dark-Lighted
2023-11-15T08:00:00.000,I 85,,,Rear End,2,Cloudy,Dry,Daylight
2023-12-24T09:50:00.000,I 16,,,Sideswipe-Same Direction,1,Cloudy,Dry,Daylight
2023-04-28T15:44:00.000,I 75,,,Not a Collision with Motor Vehicle,1,Clear,Dry,Daylight
2023-06-06T02:15:00.000,I 285,,,Sideswipe-Same Direction,2,Clear,Dry,Dark-Not Lighted
2023-05-13T06:49:00.000,I 75,,,Rear End,2,Cloudy,Dry,Daylight
2023-08-11T15:10:00.000,I 95,,,Sideswipe-Same Direction,2,Clear,Dry,Daylight
2023-03-15T12:32:00.000,I-75,,,Rear End,2,Clear,Dry,Daylight
2023-11-15T17:51:00.000,I 75,,,Rear End,3,Rain,Wet,Dark-Not Lighted
2023-12-16T19:45:00.000,I 16,,,Angle Crash,2,Cloudy,Wet,Dark-Not Lighted
2023-02-21T17:04:00.000,I 20,,,Rear End,3,Cloudy,Wet,Daylight
2023-01-18T19:17:00.000,I 285,,,Rear End,2,Rain,Wet,Daylight
2023-11-20T19:00:00.000,I 85,,,Sideswipe-Same Direction,2,Clear,Dry,Dark-Not Lighted
2023-12-03T08:43:00.000,I 95,,,Sideswipe-Same Direction,2,Cloudy,Wet,Daylight
2023-04-16T22:59:00.000,I 75,,,Rear End,2,Clear,Dry,Dark-Not Lighted
2023-02-13T19:00:00.000,I 85,,,Not a Collision with Motor Vehicle,1,Clear,Dry,Dark-Lighted
2023-06-14T10:00:00.000,I-75,,,Rear End,2,Rain,Water (standing or moving),Daylight
2023-01-28T01:00:00.000,I-75,,,Sideswipe-Same Direction,2,Clear,Dry,Dark-Lighted
2023-12-17T02:45:00.000,I 285,,,Rear End,2,Clear,Dry,Dark-Not Lighted
2023-12-09T19:30:00.000,I-75,,,Rear End,3,Rain,Water (standing or moving),Dark-Lighted
2023-04-20T17:30:00.000,I 285,,,Sideswipe-Same Direction,2,Clear,Dry,Daylight
2023-08-09T12:10:00.000,I 75,,,Sideswipe-Same Direction,2,Clear,Dry,Daylight
2023-11-09T17:21:00.000,I 20,,,Angle Crash,2,Clear,Dry,Daylight
2023-12-06T16:00:00.000,I 85,,,Not a Collision with Motor Vehicle,1,Clear,Dry,Daylight
2023-08-31T08:02:00.000,I 285,,,Rear End,3,Clear,Dry,Daylight
2023-12-02T15:50:00.000,I 20,,,Sideswipe-Same Direction,2,Clear,Dry,Daylight
2023-05-18T07:04:00.000,I 75,,,Not a Collision with Motor Vehicle,1,Rain,Wet,Dawn
2023-04-12T18:38:00.000,I 20,,,Not a Collision with Motor Vehicle,1,Clear,Dry,Daylight
2023-11-24T14:02:00.000,I 85,,,Not a Collision with Motor Vehicle,1,Clear,Dry,Daylight
2023-10-14T05:31:00.000,I-75,,,Not a Collision with Motor Vehicle,1,Rain,Wet,Dark-Lighted
2023-01-04T08:05:00.000,I 75,,,Not a Collision with Motor Vehicle,2,Rain,Wet,Daylight
2023-10-05T13:12:00.000,I 75,,,Rear End,2,Clear,Dry,Daylight
2023-07-19T17:30:00.000,I-75,,,Sideswipe-Same Direction,2,Clear,Dry,Daylight
2023-06-08T21:59:00.000,I-75,,,Sideswipe-Same Direction,2,Clear,Dry,Dark-Lighted
2023-07-05T11:09:00.000,I 75,,,Not a Collision with Motor Vehicle,2,Rain,Wet,Daylight
2023-01-27T13:18:00.000,I 75,,,Sideswipe-Same Direction,2,Clear,Dry,Daylight
2023-11-21T13:51:00.000,I 75,,,Sideswipe-Same Direction,2,Rain,Wet,Daylight
2023-02-14T21:40:00.000,I 20,,,Sideswipe-Same Direction,2,Clear,Dry,Dark-Lighted
2023-11-28T08:45:00.000,I 20,,,Rear End,2,Clear,Dry,Daylight
2023-04-06T21:23:00.000,I 20,,,Not a Collision with Motor Vehicle,1,Clear,Dry,Dark-Not Lighted
2023-12-17T23:30:00.000,I-75,,,Angle Crash,2,Cloudy,Dry,Dark-Lighted
2023-07-08T17:33:00.000,I 75,,,Rear End,2,Clear,Dry,Daylight
2023-05-25T10:38:00.000,I 16,,,Rear End,3,Clear,Dry,Daylight
2023-07-28T11:29:00.000,I 75,,,Rear End,2,Clear,Dry,Daylight
2023-01-20T09:52:00.000,I 75,,,Rear End,2,Clear,Dry,Daylight
2023-07-16T16:00:00.000,I-75,,,Sideswipe-Same Direction,2,Clear,Dry,Daylight
2023-04-12T06:40:00.000,I 75,,,Sideswipe-Same Direction,2,Clear,Dry,Daylight
2023-03-12T18:15:00.000,I 85,,,Rear End,2,Cloudy,Wet,Daylight
2023-01-25T08:15:00.000,I 75,,,Sideswipe-Same Direction,2,Rain,Wet,Daylight
2023-12-07T08:03:00.000,I 75,,,Rear End,2,Clear,Dry,Daylight
2023-04-22T17:24:00.000,I 75,,,Not a Collision with Motor Vehicle,2,Clear,Dry,Daylight
2023-06-20T18:38:00.000,I 285,,,Rear End,2,Cloudy,Dry,Daylight
2023-12-30T12:21:00.000,I 85,,,Rear End,2,Cloudy,Dry,Daylight
2023-04-16T06:35:00.000,I 285,,,Not a Collision with Motor Vehicle,1,Rain,Wet,Dark-Not Lighted
2023-12-25T18:00:00.000,I-75,,,Rear End,2,Rain,Wet,Dark-Not Lighted
2023-01-22T07:19:00.000,I 285,,,Rear End,2,Rain,Wet,Daylight
2023-01-04T06:14:00.000,I 20,,,Not a Collision with Motor Vehicle,1,Rain,Water (standing or moving),Dark-Lighted
2023-04-30T06:05:00.000,I 285,,,Not a Collision with Motor Vehicle,1,Rain,Wet,Daylight
2023-04-30T19:05:00.000,I-75,,,Sideswipe-Same Direction,2,Clear,Dry,Daylight
2023-11-14T20:15:00.000,I 285,,,Sideswipe-Same Direction,2,Clear,Dry,Daylight
2023-06-25T18:00:00.000,I-75,,,Rear End,2,Rain,Wet,Daylight
2023-03-23T15:00:00.000,I 75,,,Sideswipe-Same Direction,2,Clear,Dry,Daylight
2023-07-03T07:10:00.000,I 75,,,Not a Collision with Motor Vehicle,1,Cloudy,Dry,Daylight
2023-05-26T19:37:00.000,I 20,,,Rear End,2,Clear,Dry,Dusk
2023-11-03T20:00:00.000,I-75,,,Sideswipe-Same Direction,3,Clear,Dry,Dark-Lighted
2023-03-29T08:40:00.000,I 285,,,Sideswipe-Same Direction,2,Clear,Dry,Daylight
2024-06-13T17:50:00.000,I 85,,,Rear End,3,Clear,Dry,Daylight
2024-11-12T05:40:00.000,I 75,,,Head On,2,Clear,Dry,Dark-Not Lighted
2024-04-20T13:02:00.000,I 85,,,Rear End,2,Clear,Dry,Daylight
2024-10-02T00:20:00.000,I-75,,,Sideswipe-Same Direction,2,Clear,Dry,Dark-Lighted
2024-04-03T15:04:00.000,I 16,,,Angle Crash,2,Clear,Dry,Daylight
2024-08-29T23:40:00.000,I 285,,,Rear End,2,Clear,Dry,Dark-Lighted
2024-06-24T19:55:00.000,I 85,,,Sideswipe-Same Direction,2,Clear,Dry,Daylight
2024-03-27T19:13:00.000,I 20,,,Sideswipe-Same Direction,2,Clear,Dry,Daylight
2024-04-29T15:40:00.000,I 16,,,Not a Collision with Motor Vehicle,1,Clear,Dry,Daylight
2024-05-21T15:15:00.000,I 285,,,Rear End,2,Clear,Dry,Daylight
2024-10-03T12:24:00.000,I 75,,,Rear End,2,Clear,Dry,Daylight
2024-05-13T16:10:00.000,I 75,,,Rear End,2,Cloudy,Dry,Daylight
2024-05-02T18:42:00.000,I 75,,,Sideswipe-Same Direction,2,Clear,Dry,Daylight
2024-02-16T09:55:00.000,I 85,,,Rear End,2,Cloudy,Dry,Daylight
2024-02-28T16:49:00.000,I 285,,,Rear End,2,Cloudy,Dry,Daylight
2024-01-26T08:00:00.000,I 20,,,Rear End,2,Clear,Dry,Daylight
2024-07-03T16:49:00.000,I 16,,,Sideswipe-Same Direction,2,Cloudy,Wet,Daylight
2024-07-20T06:18:00.000,I 285,,,Not a Collision with Motor Vehicle,1,Cloudy,Wet,Daylight
2024-09-04T09:48:00.000,I-75,,,Sideswipe-Same Direction,2,Clear,Dry,Daylight
2024-08-26T15:53:00.000,I 75,,,Not a Collision with Motor Vehicle,2,Clear,Dry,Daylight
2024-12-10T18:48:00.000,I 75,,,Not a Collision with Motor Vehicle,1,Rain,Wet,Dark-Lighted
2024-08-08T19:25:00.000,I 285,,,Sideswipe-Opposite Direction,2,Clear,Dry,Daylight
2024-03-26T00:00:00.000,I 20,,,Not a Collision with Motor Vehicle,1,Rain,Wet,Daylight
2024-08-05T16:49:00.000,I 75,,,Not a Collision with Motor Vehicle,1,Rain,Wet,Daylight
2024-02-02T04:35:00.000,I 20,,,Rear End,2,Clear,Dry,Dark-Lighted
2024-11-04T18:17:00.000,I 95,,,Angle Crash,2,Clear,Dry,Daylight
2024-01-23T11:20:00.000,I 20,,,Rear End,2,Fog,Wet,Daylight
2024-08-05T16:01:00.000,I 20,,,Not a Collision with Motor Vehicle,1,Rain,Wet,Daylight
2024-11-22T19:27:00.000,I 75,,,Rear End,2,Clear,Dry,Dark-Lighted
2024-07-26T14:48:00.000,I 285,,,Sideswipe-Same Direction,2,Clear,Dry,Daylight
2024-09-06T21:00:00.000,I 285,,,Rear End,3,Clear,Dry,Dark-Not Lighted
2024-07-26T13:55:00.000,I 75,,,Sideswipe-Same Direction,2,Clear,Dry,Daylight
2024-07-13T21:30:00.000,I-75,,,Rear End,2,Clear,Dry,Dark-Lighted
2024-11-23T04:47:00.000,I 75,,,Not a Collision with Motor Vehicle,1,Cloudy,Dry,Dark-Not Lighted
2024-09-10T22:46:00.000,I 285,,,Angle Crash,2,Clear,Dry,Dark-Not Lighted
2024-11-12T18:49:00.000,I 85,,,Rear End,2,Clear,Dry,Dark-Not Lighted
2024-09-27T06:42:00.000,I 75,,,Angle Crash,2,Rain,Wet,Dark-Not Lighted
2024-02-14T08:45:00.000,I 20,,,Rear End,2,Clear,Dry,Daylight
2024-06-14T23:57:00.000,I 20,,,Angle Crash,2,Clear,Dry,Dark-Lighted
2024-03-28T05:50:00.000,I 285,,,Rear End,2,Clear,Dry,Dark-Not Lighted
2024-08-13T23:19:00.000,I 75,,,Sideswipe-Same Direction,2,Cloudy,Dry,Dark-Lighted
2024-05-24T20:00:00.000,I-75,,,Sideswipe-Same Direction,2,Clear,Dry,Daylight
2024-08-04T18:50:00.000,I 20,,,Rear End,2,Rain,Wet,Daylight
2024-04-03T12:48:00.000,I 85,,,Sideswipe-Same Direction,2,Clear,Dry,Daylight
2024-01-26T23:11:00.000,I 20,,,Not a Collision with Motor Vehicle,1,Cloudy,Dry,Dark-Not Lighted
2024-10-31T09:50:00.000,I 95,,,Head On,2,Clear,Dry,Daylight
2024-05-27T08:47:00.000,I 75,,,Rear End,2,Rain,Wet,Daylight
2024-02-06T14:43:00.000,I-75,,,Sideswipe-Same Direction,2,Clear,Dry,Daylight
2024-07-28T19:30:00.000,I 85,,,Rear End,3,Rain,Wet,Daylight
2024-11-24T13:59:00.000,I 75,,,Sideswipe-Same Direction,2,Clear,Dry,Daylight
2024-09-25T21:08:00.000,I 85,,,Not a Collision with Motor Vehicle,1,Rain,Wet,Dark-Lighted
2024-06-27T05:46:00.000,I 75,,,Sideswipe-Opposite Direction,2,Clear,Dry,Dawn
2024-09-19T07:39:00.000,I 75,,,Rear End,3,Clear,Dry,Daylight
2024-01-27T12:13:00.000,I 20,,,Not a Collision with Motor Vehicle,1,Rain,Wet,Daylight
2024-04-10T15:40:00.000,I 75,,,Not a Collision with Motor Vehicle,1,Cloudy,Dry,Daylight
2024-01-31T08:30:00.000,I 20,,,Rear End,2,Clear,Dry,Daylight
2024-07-16T23:02:00.000,I 20,,,Rear End,2,Clear,Dry,Dark-Lighted
2024-07-07T17:19:00.000,I-75,,,Sideswipe-Same Direction,2,Clear,Dry,Daylight
2024-04-27T02:50:00.000,I 85,,,Rear End,3,Clear,Dry,Dark-Not Lighted
2024-01-21T02:15:00.000,I-75,,,Angle Crash,2,Clear,Dry,Dark-Lighted
2024-02-13T08:34:00.000,I 285,,,Rear End,2,Clear,Dry,Daylight