Date and Time,Roadway (From Crash Report),Intersection Name (from Crash Report),KABCO Severity,Manner of Collision (Crash Level) ,# of Vehicles per crash ,Weather Conditions (Crash Level),Surface Condition (Crash Level) ,Light Conditions (Crash Level)
2024-10-22T16:15:00.000,I 85,,,Sideswipe-Same Direction,2,Clear,Dry,Daylight
2024-02-16T17:19:00.000,I 85,,,Sideswipe-Same Direction,2,Cloudy,Dry,Daylight
2024-04-11T20:02:00.000,I 75,,,Rear End,2,Cloudy,Wet,Dark-Not Lighted
2024-02-14T15:58:00.000,I-75,,,Sideswipe-Same Direction,3,Clear,Dry,Daylight
2024-02-28T15:15:00.000,I 285,,,Rear End,2,Rain,Wet,Daylight
2024-04-10T18:30:00.000,I 20,,,Not a Collision with Motor Vehicle,1,Rain,Wet,Dusk
2024-10-18T12:38:00.000,I 285,,,Sideswipe-Same Direction,2,Clear,Dry,Daylight
2024-05-25T14:30:00.000,I-75,,,Angle Crash,2,Clear,Dry,Daylight
2024-02-11T11:27:00.000,I 75,,,Angle Crash,2,Cloudy,Wet,Daylight
2024-03-13T08:00:00.000,I 75,,,Rear End,2,Clear,Dry,Daylight
2024-05-13T16:27:00.000,I-75,,,Sideswipe-Same Direction,2,Cloudy,Dry,Daylight
2024-02-23T11:45:00.000,I 285,,,Sideswipe-Same Direction,2,Clear,Dry,Daylight
2024-10-16T13:00:00.000,I 285,,,Rear End,2,Clear,Dry,Daylight
2024-09-08T14:28:00.000,I 85,,,Sideswipe-Same Direction,3,Clear,Dry,Daylight
2024-12-28T19:00:00.000,I 75,,,Rear End,2,Cloudy,Wet,Dark-Not Lighted
2024-07-22T20:30:00.000,I-75,,,Not a Collision with Motor Vehicle,2,Cloudy,Water (standing or moving),Daylight
2024-04-02T00:20:00.000,I 75,,,Sideswipe-Same Direction,2,Clear,Dry,Dark-Not Lighted
2024-06-24T13:58:00.000,I 85,,,Rear End,2,Clear,Dry,Daylight
2024-09-18T17:40:00.000,I 75,,,Not a Collision with Motor Vehicle,1,Cloudy,Dry,Daylight
2024-09-19T00:45:00.000,I 285,,,Sideswipe-Same Direction,2,Cloudy,Dry,Dark-Lighted
2024-03-17T14:35:00.000,I 85,,,Not a Collision with Motor Vehicle,2,Clear,Dry,Daylight
2024-02-27T11:21:00.000,I 85,,,Rear End,3,Clear,Dry,Daylight
2024-03-24T16:47:00.000,I 75,,,Not a Collision with Motor Vehicle,1,Clear,Dry,Daylight
2024-05-02T23:03:00.000,I 20,,,Not a Collision with Motor Vehicle,1,Clear,Dry,Dark-Not Lighted
2024-10-03T11:00:00.000,I 85,,,Rear End,2,Clear,Dry,Daylight
2024-10-15T21:10:00.000,I 85,,,Sideswipe-Same Direction,2,Clear,Dry,Dark-Lighted
2024-07-29T17:55:00.000,I 75,,,Head On,2,Rain,Wet,Daylight
2024-09-12T14:57:00.000,I 75,,,Sideswipe-Same Direction,2,Clear,Dry,Daylight
2024-08-21T10:30:00.000,I 285,,,Angle Crash,2,Clear,Dry,Daylight
2024-05-18T13:20:00.000,I 285,,,Rear End,2,Cloudy,Dry,Daylight
2024-07-01T20:02:00.000,I 85,,,Sideswipe-Same Direction,2,Clear,Dry,Daylight
2024-06-10T15:40:00.000,I 285,,,Rear End,3,Clear,Dry,Daylight
2024-10-10T18:00:00.000,I 285,,,Rear End,2,Clear,Dry,Daylight
2024-02-06T10:45:00.000,I 285,,,Sideswipe-Same Direction,2,Clear,Dry,Daylight
2024-09-05T11:20:00.000,I 285,,,Sideswipe-Same Direction,2,Clear,Dry,Daylight
2024-06-10T08:43:00.000,I 85,,,Rear End,2,Cloudy,Dry,Daylight
2024-12-12T15:49:00.000,I 16,,,Sideswipe-Same Direction,2,Clear,Dry,Daylight
2024-09-06T07:20:00.000,I 20,,,Sideswipe-Same Direction,2,Cloudy,Dry,Daylight
2024-01-27T11:21:00.000,I 20,,,(None),1,(None),(None),(None)
2024-01-09T07:12:00.000,I 285,,,Rear End,2,Rain,Wet,Dark-Lighted
2024-09-08T19:23:00.000,I 20,,,Sideswipe-Same Direction,2,Clear,Dry,Daylight
2024-08-12T09:07:00.000,I 285,,,Rear End,2,Clear,Dry,Daylight
2024-08-16T05:23:00.000,I 75,,,Not a Collision with Motor Vehicle,1,Clear,Dry,Dark-Lighted
2024-10-08T19:30:00.000,I 85,,,Rear End,3,Clear,Dry,Daylight
2024-08-10T15:55:00.000,I 85,,,Angle Crash,2,Clear,Dry,Daylight
2024-02-21T11:30:00.000,I 85,,,Sideswipe-Same Direction,2,Clear,Dry,Daylight
2024-01-28T23:45:00.000,I 20,,,Angle Crash,2,Clear,Dry,Dark-Not Lighted
2024-03-12T20:25:00.000,I-75,,,Rear End,2,Clear,Dry,Dark-Lighted
2024-04-03T14:00:00.000,I 85,,,Angle Crash,2,Clear,Dry,Daylight
2024-07-28T09:16:00.000,I 85,,,Rear End,2,Clear,Dry,Daylight
2024-06-08T17:29:00.000,I 20,,,Rear End,2,Clear,Dry,Daylight
2024-05-08T21:51:00.000,I 75,,,Not a Collision with Motor Vehicle,1,Clear,Dry,Dark-Not Lighted
2024-06-11T16:47:00.000,I 285,,,Angle Crash,2,Clear,Dry,Daylight
2024-05-20T10:49:00.000,I 285,,,Angle Crash,2,Clear,Dry,Daylight
2024-08-20T09:24:00.000,I 75,,,Rear End,2,Clear,Dry,Daylight
2024-05-17T14:35:00.000,I 20,,,Rear End,2,Cloudy,Dry,Daylight
2024-01-03T21:12:00.000,I 20,,,Head On,1,Sleet,Wet,Dark-Not Lighted
2024-01-11T09:45:00.000,I 285,,,Sideswipe-Same Direction,2,Clear,Dry,Daylight
2024-01-25T02:57:00.000,I 75,,,Head On,2,Rain,Wet,Dark-Not Lighted
2024-07-24T21:25:00.000,I 75,,,Not a Collision with Motor Vehicle,1,Cloudy,Wet,Dark-Not Lighted
2024-08-21T16:00:00.000,I 85,,,Angle Crash,2,Clear,Dry,Daylight
2024-06-06T16:45:00.000,I-75,,,Rear End,2,Clear,Dry,Daylight
2024-05-24T15:40:00.000,I 75,,,Rear End,2,Clear,Dry,Daylight
2024-04-30T04:10:00.000,I 75,,,Rear End,2,Clear,Dry,Dark-Lighted
2024-07-28T02:00:00.000,I-75,,,Sideswipe-Same Direction,2,Clear,Dry,Dark-Lighted
2024-07-26T23:17:00.000,I 85,,,Rear End,2,Clear,Dry,Dark-Not Lighted
2024-09-26T05:55:00.000,I 285,,,Rear End,2,Rain,Wet,Dark-Not Lighted
2024-03-29T15:37:00.000,I 75,,,Sideswipe-Same Direction,2,Clear,Dry,Daylight
2024-08-23T09:57:00.000,I 16,,,Not a Collision with Motor Vehicle,2,Clear,Dry,Daylight
2024-10-11T19:00:00.000,I 16,,,Sideswipe-Same Direction,2,Clear,Dry,Dark-Lighted
2024-05-09T12:49:00.000,I 16,,,Not a Collision with Motor Vehicle,1,Rain,Wet,Daylight
2024-09-26T19:50:00.000,I 85,,,Not a Collision with Motor Vehicle,1,Rain,Wet,Dark-Not Lighted
2024-05-24T07:35:00.000,I 75,,,Angle Crash,2,Clear,Dry,Dawn
2024-05-13T23:20:00.000,I 75,,,Sideswipe-Same Direction,2,Cloudy,Dry,Dark-Not Lighted
2024-04-23T08:00:00.000,I 285,,,Rear End,2,Clear,Dry,Daylight
2024-03-13T00:00:00.000,I 285,,,Rear End,2,Clear,Dry,Daylight
2024-03-14T14:10:00.000,I 75,,,Rear End,2,Clear,Dry,Daylight
2024-11-02T07:30:00.000,I-75,,,Rear End,2,Clear,Dry,Dark-Not Lighted
2024-03-10T04:45:00.000,I 16,,,Not a Collision with Motor Vehicle,1,(None),(None),Dark-Not Lighted
2024-09-06T12:24:00.000,I 16,,,Sideswipe-Same Direction,2,Clear,Dry,Daylight
2024-09-14T17:00:00.000,I 85,,,Sideswipe-Same Direction,2,Clear,Dry,Daylight
2024-05-18T13:37:00.000,I 75,,,Rear End,2,Rain,Wet,Daylight
2024-04-15T16:28:00.000,I 16,,,Rear End,2,Clear,Dry,Daylight
2024-03-03T13:50:00.000,I 95,,,Rear End,2,Clear,Dry,Daylight
2024-11-03T06:19:00.000,I 20,,,Not a Collision with Motor Vehicle,1,Clear,Dry,Dark-Lighted
2024-11-22T15:34:00.000,I 285,,,Rear End,2,Clear,Dry,Daylight
2024-02-19T16:00:00.000,I 95,,,Sideswipe-Same Direction,2,Clear,Dry,Daylight
2024-01-31T19:20:00.000,I 85,,,Sideswipe-Same Direction,3,Clear,Dry,Dark-Lighted
2024-10-21T17:30:00.000,I 20,,,Sideswipe-Opposite Direction,2,Clear,Dry,Daylight
2024-02-22T09:00:00.000,I 285,,,Angle Crash,2,Clear,Dry,Daylight
2024-03-03T10:35:00.000,I 20,,,Not a Collision with Motor Vehicle,1,Clear,Dry,Daylight
2024-09-04T15:49:00.000,I 85,,,Not a Collision with Motor Vehicle,1,Clear,Dry,Daylight
2024-07-11T13:34:00.000,I 285,,,Rear End,2,Clear,Dry,Daylight
2024-09-27T04:58:00.000,I 20,,,Angle Crash,2,Rain,Wet,Dark-Lighted
2024-06-14T08:30:00.000,I 285,,,Sideswipe-Same Direction,2,Clear,Dry,Daylight
2024-07-23T14:30:00.000,I 75,,,Rear End,2,Cloudy,Wet,Daylight
2024-07-29T19:15:00.000,I 16,,,Not a Collision with Motor Vehicle,1,Rain,Wet,Daylight
2024-05-21T13:00:00.000,I 20,,,Sideswipe-Same Direction,2,Clear,Dry,Daylight
2024-03-08T13:54:00.000,I 75,,,Rear End,2,Rain,Wet,Daylight
2024-12-29T03:56:00.000,I 75,,,Sideswipe-Same Direction,2,Rain,Wet,Dark-Not Lighted
2024-11-06T16:11:00.000,I 75,,,Rear End,2,Rain,Wet,Daylight
2024-02-20T23:49:00.000,I-75,,,Rear End,2,Clear,Dry,Dark-Lighted
2024-03-22T17:20:00.000,I 95,,,Rear End,2,Rain,Wet,Daylight
2024-03-26T14:00:00.000,I 75,,,Rear End,2,Rain,Wet,Daylight
2024-08-14T14:50:00.000,I 85,,,Rear End,2,Clear,Dry,Daylight
2024-11-10T18:15:00.000,I-75,,,Rear End,3,Rain,Dry,Dark-Lighted
2024-11-08T19:45:00.000,I 285,,,Rear End,4,Clear,Dry,Dark-Not Lighted
2024-03-01T20:55:00.000,I-75,,,Sideswipe-Same Direction,2,Rain,Water (standing or moving),Dark-Lighted
2024-12-24T14:34:00.000,I 75,,,Sideswipe-Same Direction,2,Clear,Dry,Daylight
2024-11-14T09:50:00.000,I 75,,,Sideswipe-Same Direction,2,Cloudy,Wet,Daylight
2024-10-15T15:35:00.000,I 16,,,Rear End,3,Clear,Dry,Daylight
2024-05-11T13:38:00.000,I 285,,,Sideswipe-Same Direction,2,Clear,Dry,Daylight
2024-04-05T07:56:00.000,I 75,,,Sideswipe-Same Direction,2,Clear,Dry,Dawn
2024-11-04T07:27:00.000,I 85,,,Angle Crash,2,Clear,Dry,Daylight
2024-07-09T12:31:00.000,I 75,,,Rear End,2,Clear,Dry,Daylight
2024-11-21T17:43:00.000,I 85,,,Rear End,2,Clear,Dry,Dark-Not Lighted
2024-02-15T15:50:00.000,I 285,,,Sideswipe-Same Direction,2,Clear,Dry,Daylight
2024-02-12T08:25:00.000,I 75,,,Not a Collision with Motor Vehicle,1,Rain,Wet,Daylight
2024-05-22T15:00:00.000,I-75,,,Angle Crash,2,Clear,Dry,Daylight
2024-06-16T16:30:00.000,I 75,,,Rear End,2,Clear,Dry,Daylight
2024-02-08T07:53:00.000,I 285,,,Rear End,2,Clear,Dry,Daylight
2024-03-25T19:09:00.000,I 285,,,Sideswipe-Same Direction,2,Clear,Dry,Daylight
2024-01-20T14:17:00.000,I 85,,,Rear End,4,Clear,Dry,Daylight
2024-08-30T16:29:00.000,I 20,,,Rear End,2,Clear,Dry,Daylight
2024-06-09T07:39:00.000,I-75,,,Sideswipe-Same Direction,2,Clear,Dry,Daylight
2024-09-13T11:37:00.000,I 85,,,Rear End,2,Rain,Wet,Daylight
2024-07-20T04:36:00.000,I 85,,,Not a Collision with Motor Vehicle,1,Rain,Wet,Dark-Not Lighted
2024-01-24T23:46:00.000,I 85,,,Angle Crash,2,Rain,Wet,Dark-Not Lighted
2024-03-13T14:30:00.000,I-75,,,Sideswipe-Same Direction,2,Clear,Dry,Daylight
2024-02-27T09:13:00.000,I 85,,,Rear End,2,Cloudy,Dry,Daylight
2024-09-26T05:50:00.000,I 16,,,Not a Collision with Motor Vehicle,1,Rain,Wet,Dark-Not Lighted
2024-01-19T17:20:00.000,I 85,,,Rear End,2,Clear,Dry,Daylight
2024-05-11T04:30:00.000,I 75,,,Angle Crash,2,Clear,Dry,Dark-Not Lighted
2024-12-15T04:05:00.000,I 75,,,Not a Collision with Motor Vehicle,1,Clear,Dry,Dark-Lighted
2024-09-16T06:02:00.000,I 75,,,Rear End,2,Clear,Dry,Dark-Lighted
2024-10-29T09:00:00.000,I 20,,,Sideswipe-Same Direction,2,Clear,Dry,Daylight
2024-11-10T16:40:00.000,I 75,,,Sideswipe-Same Direction,2,Clear,Dry,Daylight
2024-09-06T17:18:00.000,I 285,,,Rear End,2,Rain,Wet,Daylight
2024-09-17T07:03:00.000,I 20,,,Sideswipe-Same Direction,2,Clear,Dry,Daylight
2024-12-09T17:30:00.000,I 85,,,Rear End,2,Rain,Wet,Dark-Not Lighted
2024-02-02T22:10:00.000,I-75,,,Rear End,2,Clear,Dry,Dark-Lighted
2024-06-18T09:30:00.000,I 20,,,Angle Crash,2,Clear,Dry,Daylight
2024-12-06T15:00:00.000,I 75,,,Angle Crash,2,Clear,Dry,Daylight
2024-04-26T06:48:00.000,I 75,,,Rear End,2,Cloudy,Dry,Daylight
2024-02-28T06:13:00.000,I 75,,,Rear End,2,Cloudy,Dry,Dark-Not Lighted
2024-07-10T08:42:00.000,I 285,,,Rear End,2,Clear,Dry,Daylight
2024-02-10T20:15:00.000,I 20,,,Rear End,2,Rain,Wet,Dark-Not Lighted
2024-03-10T12:29:00.000,I-75,,,Rear End,2,Clear,Dry,Daylight
2024-03-28T07:02:00.000,I 75,,,Rear End,2,Clear,Dry,Dark-Lighted
2024-05-23T13:40:00.000,I 285,,,Sideswipe-Same Direction,2,Cloudy,Dry,Daylight
2024-03-28T12:30:00.000,I 95,,,Rear End,2,Clear,Dry,Daylight
2024-10-10T09:59:00.000,I 85,,,Sideswipe-Same Direction,2,Clear,Dry,Daylight
2024-05-30T15:49:00.000,I 75,,,Sideswipe-Same Direction,2,Clear,Dry,Daylight
2024-01-29T17:29:00.000,I 16,,,Rear End,2,Clear,Dry,Daylight
2024-01-10T07:01:00.000,I-75,,,Rear End,2,Clear,Dry,Dark-Lighted
2024-03-09T18:00:00.000,I-75,,,Rear End,2,Clear,Dry,Daylight
2024-11-16T22:11:00.000,I 75,,,Angle Crash,2,Clear,Dry,Dark-Lighted
2024-01-09T10:16:00.000,I 285,,,Not a Collision with Motor Vehicle,1,Rain,Wet,Daylight
2024-04-09T00:57:00.000,I 20,,,Sideswipe-Same Direction,2,Clear,Dry,Dark-Lighted
2024-10-23T20:10:00.000,I 285,,,Sideswipe-Same Direction,3,Clear,Dry,Daylight
2024-12-05T02:37:00.000,I 75,,,Angle Crash,2,Clear,Dry,Dark-Lighted
2024-02-01T18:30:00.000,I 285,,,Rear End,2,Clear,Dry,Daylight
2024-06-22T12:31:00.000,I 75,,,Rear End,2,Clear,Dry,Daylight
2024-05-10T21:35:00.000,I 75,,,Rear End,2,Clear,Dry,Dark-Not Lighted
2024-11-22T05:39:00.000,I 75,,,Sideswipe-Same Direction,2,Clear,Dry,Dark-Not Lighted
2024-10-16T12:17:00.000,I 75,,,Rear End,2,Clear,Dry,Daylight
2024-01-24T18:25:00.000,I 285,,,Rear End,2,Fog,Wet,Dark-Lighted
2024-02-22T10:33:00.000,I 85,,,Sideswipe-Same Direction,2,Cloudy,Dry,Daylight
2024-04-16T22:33:00.000,I 285,,,Sideswipe-Same Direction,2,Clear,Dry,Dark-Lighted
2024-02-27T02:56:00.000,I 75,,,Angle Crash,1,Clear,Dry,Dark-Not Lighted
2024-11-09T15:00:00.000,I 85,,,Rear End,2,Clear,Dry,Daylight
2024-10-22T17:05:00.000,I 285,,,Sideswipe-Same Direction,2,Clear,Dry,Daylight
2024-11-29T13:56:00.000,I 285,,,Sideswipe-Same Direction,2,Clear,Dry,Daylight
2024-02-15T18:34:00.000,I 75,,,Rear End,2,Clear,Dry,Dark-Lighted
2024-05-30T16:09:00.000,I 95,,,Rear End,2,Clear,Dry,Daylight
2024-03-27T07:00:00.000,I 75,,,Sideswipe-Same Direction,2,Cloudy,Dry,Dark-Not Lighted
2024-03-28T00:00:00.000,I 20,,,Sideswipe-Same Direction,2,Clear,Dry,Daylight
2024-08-18T17:33:00.000,I 20,,,(None),2,(None),(None),(None)
2024-02-14T20:09:00.000,I 285,,,Sideswipe-Same Direction,2,Clear,Dry,Dark-Lighted
2024-04-23T14:14:00.000,I 75,,,Not a Collision with Motor Vehicle,1,Clear,Dry,Daylight
2024-09-02T15:53:00.000,I 75,,,Angle Crash,2,Clear,Dry,Daylight
2024-07-11T15:11:00.000,I 75,,,Rear End,2,Clear,Dry,Daylight
2024-04-15T00:00:00.000,I 20,,,Rear End,2,Clear,Dry,Daylight
2024-03-01T17:10:00.000,I 20,,,Not a Collision with Motor Vehicle,1,Rain,Wet,Daylight
2024-02-07T12:22:00.000,I-75,,,Sideswipe-Same Direction,2,Clear,Dry,Daylight
2024-03-02T19:50:00.000,I-75,,,Rear End,2,Clear,Dry,Dark-Not Lighted
2024-04-28T00:20:00.000,I 20,,,Rear End,3,Clear,Dry,Dark-Not Lighted
2024-08-25T20:19:00.000,I 285,,,Not a Collision with Motor Vehicle,2,Clear,Dry,Dark-Not Lighted
2024-08-24T00:00:00.000,I-75,,,Sideswipe-Same Direction,3,Clear,Dry,Dark-Not Lighted
2024-02-09T19:00:00.000,I 85,,,Rear End,2,Cloudy,Dry,Dark-Not Lighted
2024-09-23T17:49:00.000,I 75,,,Rear End,2,Clear,Dry,Daylight
2024-10-19T23:46:00.000,I 16,,,Sideswipe-Same Direction,2,Clear,Dry,Dark-Not Lighted
2024-04-10T11:40:00.000,I 16,,,(None),1,(None),(None),(None)
2024-06-10T11:08:00.000,I 75,,,Rear End,2,Clear,Dry,Daylight
2024-09-14T01:40:00.000,I 85,,,Not a Collision with Motor Vehicle,1,Other,Wet,Dark-Lighted
2024-05-18T21:16:00.000,I 85,,,Not a Collision with Motor Vehicle,1,Clear,Dry,Dark-Not Lighted
2024-06-21T17:20:00.000,I 85,,,Rear End,2,Clear,Dry,Daylight
2024-02-27T08:15:00.000,I 20,,,Angle Crash,2,Clear,Dry,Daylight
2024-09-04T10:47:00.000,I 20,,,Angle Crash,3,Clear,Dry,Daylight
2024-05-16T09:42:00.000,I 85,,,Sideswipe-Same Direction,2,Clear,Dry,Daylight
2024-04-15T14:55:00.000,I 20,,,Sideswipe-Same Direction,3,Clear,Dry,Daylight
2024-08-11T09:42:00.000,I 20,,,Sideswipe-Same Direction,2,Clear,Dry,Daylight
2024-02-25T14:30:00.000,I 285,,,Rear End,4,Clear,Dry,Daylight
2024-03-26T16:36:00.000,I 285,,,Sideswipe-Same Direction,5,Rain,Wet,Daylight
2024-07-19T19:38:00.000,I 20,,,Rear End,2,Clear,Wet,Daylight
2024-06-20T12:36:00.000,I 85,,,Sideswipe-Same Direction,2,Cloudy,Dry,Daylight
2024-06-25T16:48:00.000,I 75,,,Rear End,3,Clear,Dry,Daylight
2024-04-15T10:38:00.000,I 85,,,Rear End,2,Clear,Dry,Daylight
2024-01-24T22:00:00.000,I 75,,,(None),2,(None),(None),(None)
2024-09-05T15:46:00.000,I 85,,,Sideswipe-Same Direction,2,Clear,Dry,Daylight
2024-08-13T09:36:00.000,I 85,,,Rear End,3,Clear,Dry,Daylight
2024-02-27T13:18:00.000,I 85,,,Not a Collision with Motor Vehicle,1,Cloudy,Dry,Daylight
2024-02-21T07:54:00.000,I 75,,,Sideswipe-Same Direction,2,Clear,Dry,Daylight
2024-06-28T19:05:00.000,I 20,,,Rear End,2,Clear,Dry,Daylight
2024-07-17T10:07:00.000,I 75,,,Angle Crash,2,Clear,Dry,Daylight
2024-02-26T13:39:00.000,I 75,,,Not a Collision with Motor Vehicle,1,Clear,Dry,Daylight
2024-05-07T06:50:00.000,I 285,,,Rear End,2,Clear,Dry,Daylight
2024-07-27T20:09:00.000,I 75,,,Not a Collision with Motor Vehicle,1,Severe Thunderstorm or Tornadic,Water (standing or moving),Dark-Not Lighted
2024-02-06T17:00:00.000,I 285,,,Rear End,2,Clear,Dry,Daylight
2024-10-07T15:13:00.000,I 20,,,Sideswipe-Same Direction,2,Clear,Dry,Daylight
2024-10-28T09:30:00.000,I-75,,,Sideswipe-Opposite Direction,2,Clear,Dry,Daylight
2024-04-09T10:00:00.000,I 285,,,Rear End,2,Rain,Wet,Daylight
2024-10-30T11:14:00.000,I 95,,,Not a Collision with Motor Vehicle,1,Clear,Dry,Daylight
2024-05-05T15:05:00.000,I 85,,,Rear End,4,Clear,Dry,Daylight
2024-03-15T12:26:00.000,I 20,,,Rear End,3,Clear,Wet,Daylight
2024-09-19T16:27:00.000,I 85,,,Rear End,2,Clear,Dry,Daylight
2024-03-30T11:00:00.000,I 85,,,Rear End,2,Clear,Dry,Daylight
2024-11-25T19:40:00.000,I 75,,,Rear End,2,Clear,Dry,Dark-Not Lighted
2024-05-06T23:51:00.000,I 285,,,Sideswipe-Same Direction,2,Clear,Dry,Dark-Not Lighted
2024-09-12T19:05:00.000,I 285,,,Rear End,2,Rain,Wet,Dark-Not Lighted
2024-10-24T14:00:00.000,I 85,,,Rear End,4,Clear,Dry,Daylight
2024-07-17T13:34:00.000,I 75,,,Sideswipe-Same Direction,2,Clear,Dry,Daylight
2024-12-18T16:30:00.000,I 75,,,Rear End,3,Cloudy,Dry,Daylight
2024-09-30T02:08:00.000,I 75,,,Sideswipe-Same Direction,2,Clear,Dry,Dark-Lighted
2024-02-07T07:30:00.000,I 85,,,Sideswipe-Same Direction,2,Clear,Dry,Daylight
2024-02-19T17:17:00.000,I 75,,,Rear End,3,Clear,Dry,Daylight
2024-06-11T14:20:00.000,I 75,,,Not a Collision with Motor Vehicle,1,Clear,Dry,Daylight
2024-12-27T23:45:00.000,I 20,,,Not a Collision with Motor Vehicle,1,Rain,Wet,Dark-Not Lighted
2024-07-25T10:10:00.000,I 20,,,Rear End,2,Clear,Wet,Daylight
2024-09-12T08:00:00.000,I 20,,,Not a Collision with Motor Vehicle,1,Cloudy,Wet,Daylight
2024-11-08T10:29:00.000,I 75,,,Not a Collision with Motor Vehicle,1,Cloudy,Wet,Daylight
2024-07-24T05:30:00.000,I 85,,,Rear End,2,Clear,Dry,Daylight
2024-06-01T00:00:00.000,I 20,,,Rear End,2,Clear,Dry,Dark-Lighted
2024-10-16T00:01:00.000,I 285,,,Angle Crash,2,Clear,Dry,Dark-Lighted
2024-07-27T15:40:00.000,I 75,,,Rear End,2,Clear,Dry,Daylight
2024-05-11T12:22:00.000,I 85,,,Sideswipe-Same Direction,2,Clear,Dry,Daylight
2024-02-26T17:30:00.000,I 20,,,Not a Collision with Motor Vehicle,1,Clear,Dry,Daylight
2024-07-22T17:03:00.000,I 85,,,Sideswipe-Same Direction,2,Clear,Dry,Daylight
2024-02-26T16:45:00.000,I 20,,,Rear End,2,Clear,Dry,Daylight
2024-07-06T03:00:00.000,I 20,,,Sideswipe-Same Direction,2,Clear,Dry,Dark-Lighted
2024-05-23T08:05:00.000,I 85,,,Rear End,3,Cloudy,Dry,Daylight
2024-08-09T11:06:00.000,I 16,,,Rear End,2,Clear,Dry,Daylight
2024-07-07T09:21:00.000,I 75,,,Rear End,2,Clear,Dry,Daylight
2024-10-24T17:51:00.000,I 20,,,Angle Crash,2,Clear,Dry,Daylight
2024-11-14T15:40:00.000,I 85,,,Angle Crash,2,Cloudy,Wet,Daylight
2024-01-07T14:34:00.000,I-75,,,Sideswipe-Same Direction,2,Clear,Dry,Daylight
2024-04-17T17:30:00.000,I-75,,,Sideswipe-Same Direction,2,Cloudy,Dry,Daylight
2024-04-30T14:22:00.000,I 20,,,Rear End,2,Clear,Dry,Daylight
2024-05-30T18:21:00.000,I 75,,,Rear End,2,Clear,Dry,Daylight
2024-02-26T14:00:00.000,I 75,,,Rear End,3,Clear,Dry,Daylight
2024-02-11T20:08:00.000,I-75,,,Rear End,2,Rain,Water (standing or moving),Dark-Lighted
2024-09-13T03:13:00.000,I 20,,,Not a Collision with Motor Vehicle,1,Rain,Wet,Dark-Lighted
2024-09-22T21:10:00.000,I 16,,,Not a Collision with Motor Vehicle,1,Clear,Dry,Dark-Not Lighted
2024-05-28T18:34:00.000,I 75,,,Sideswipe-Same Direction,3,Clear,Dry,Daylight
2024-06-16T20:30:00.000,I 85,,,Not a Collision with Motor Vehicle,1,Clear,Dry,Dusk
2024-07-09T08:18:00.000,I 285,,,Rear End,2,Clear,Dry,Daylight
2024-08-13T10:35:00.000,I 85,,,Rear End,2,Clear,Dry,Daylight
2024-03-20T20:00:00.000,I-75,,,Rear End,2,Clear,Dry,Dark-Lighted
2024-11-03T04:11:00.000,I 85,,,Rear End,2,Clear,Dry,Dark-Not Lighted
2024-01-28T14:36:00.000,I 75,,,Rear End,3,Clear,Dry,Daylight
2024-02-17T18:30:00.000,I 85,,,Rear End,2,Clear,Dry,Dark-Not Lighted
2024-10-17T00:39:00.000,I 16,,,Head On,1,Clear,Dry,Dark-Not Lighted
2024-07-28T18:40:00.000,I 75,,,Rear End,2,Clear,Wet,Daylight
2024-08-20T13:55:00.000,I 285,,,Rear End,2,Clear,Dry,Daylight
2024-01-24T19:30:00.000,I-75,,,Rear End,2,Rain,Water (standing or moving),Daylight
2024-02-25T00:00:00.000,I 20,,,Rear End,2,Clear,Dry,Daylight
2024-04-04T08:50:00.000,I 20,,,Sideswipe-Same Direction,3,Clear,Dry,Daylight
2024-03-02T00:00:00.000,I 20,,,Not a Collision with Motor Vehicle,1,Clear,Wet,Dark-Not Lighted
2024-09-26T08:52:00.000,I 20,,,Not a Collision with Motor Vehicle,1,Rain,Wet,Daylight
2024-08-26T19:17:00.000,I 75,,,Angle Crash,2,Clear,Dry,Daylight
2024-01-15T18:40:00.000,I 285,,,Angle Crash,2,Clear,Dry,Dark-Lighted
2024-08-25T13:42:00.000,I 85,,,Rear End,2,Clear,Dry,Daylight
2024-01-09T08:32:00.000,I 85,,,Angle Crash,2,Rain,Wet,Daylight
2024-11-20T08:43:00.000,I 85,,,Rear End,2,Rain,Wet,Daylight
2024-07-07T16:00:00.000,I-75,,,Sideswipe-Same Direction,2,Clear,Dry,Daylight
2024-08-14T10:03:00.000,I 75,,,Sideswipe-Same Direction,2,Clear,Dry,Daylight
2024-11-14T16:26:00.000,I 20,,,Angle Crash,2,Clear,Wet,Dusk
2024-08-25T09:03:00.000,I 85,,,Rear End,2,Clear,Dry,Daylight
2024-09-06T19:00:00.000,I 20,,,Sideswipe-Same Direction,2,Rain,Wet,Dark-Not Lighted
2024-04-14T10:43:00.000,I 85,,,Rear End,2,Clear,Dry,Daylight
2024-04-09T06:24:00.000,I 85,,,Not a Collision with Motor Vehicle,1,Rain,Wet,Dark-Not Lighted
2024-08-30T01:15:00.000,I 285,,,Sideswipe-Same Direction,2,Clear,Dry,Dark-Not Lighted
2024-05-18T21:16:00.000,I 85,,,Not a Collision with Motor Vehicle,1,Clear,Dry,Dark-Not Lighted
2024-10-05T18:30:00.000,I-75,,,Rear End,2,Other,Dry,Daylight
2024-09-25T16:30:00.000,I-75,,,Rear End,2,Severe Thunderstorm or Tornadic,Wet,Daylight
2024-04-19T10:08:00.000,I 285,,,Not a Collision with Motor Vehicle,1,Clear,Dry,Daylight
2024-06-24T08:44:00.000,I 85,,,Rear End,2,Clear,Dry,Daylight
2024-09-12T18:55:00.000,I 20,,,Rear End,5,Cloudy,Wet,Daylight