Date and Time,Roadway (From Crash Report),Intersection Name (from Crash Report),KABCO Severity,Manner of Collision (Crash Level) ,# of Vehicles per crash ,Weather Conditions (Crash Level),Surface Condition (Crash Level) ,Light Conditions (Crash Level)
2024-09-12T06:30:00.000,I 75,,,Sideswipe-Same Direction,2,Clear,Dry,Dawn
2024-05-05T19:05:00.000,I 285,,,Rear End,3,Clear,Wet,Dark-Not Lighted
2024-08-05T07:00:00.000,I 285,,,Sideswipe-Same Direction,2,Clear,Dry,Dark-Lighted
2024-09-11T18:44:00.000,I 20,,,Sideswipe-Same Direction,2,Clear,Dry,Daylight
2024-06-17T12:30:00.000,I 20,,,Sideswipe-Same Direction,2,Clear,Dry,Daylight
2024-07-29T19:30:00.000,I 85,,,Sideswipe-Same Direction,2,Clear,Dry,Daylight
2024-05-05T08:48:00.000,I 85,,,Rear End,2,Clear,Dry,Daylight
2024-11-26T08:38:00.000,I 20,,,Sideswipe-Same Direction,2,Cloudy,Wet,Daylight
2024-08-26T10:22:00.000,I 75,,,Rear End,2,Clear,Dry,Daylight
2024-01-10T18:12:00.000,I-75,,,Rear End,2,Clear,Dry,Dark-Not Lighted
2024-04-07T20:21:00.000,I-75,,,Sideswipe-Same Direction,2,Clear,Dry,Dark-Lighted
2024-05-16T12:28:00.000,I 285,,,Rear End,2,Clear,Dry,Daylight
2024-11-26T19:30:00.000,I 285,,,Rear End,2,Clear,Dry,Dark-Lighted
2024-11-29T15:40:00.000,I 20,,,Sideswipe-Same Direction,2,Clear,Dry,Daylight
2024-11-10T10:50:00.000,I 85,,,Sideswipe-Same Direction,2,Rain,Wet,Daylight
2024-01-22T14:02:00.000,I 85,,,Rear End,3,Cloudy,Dry,Daylight
2024-12-26T08:15:00.000,I 75,,,Sideswipe-Same Direction,2,Cloudy,Wet,Daylight
2024-09-04T23:00:00.000,I-75,,,Rear End,2,Clear,Dry,Dark-Lighted
2024-11-26T14:37:00.000,I 20,,,Sideswipe-Same Direction,2,Clear,Dry,Daylight
2024-08-08T17:19:00.000,I 85,,,Rear End,3,Clear,Dry,Daylight
2024-08-05T10:50:00.000,I 85,,,Sideswipe-Same Direction,2,Clear,Dry,Daylight
2024-02-23T18:00:00.000,I 285,,,Sideswipe-Opposite Direction,2,Clear,Dry,Dark-Not Lighted
2024-01-19T19:48:00.000,I 285,,,Sideswipe-Same Direction,2,Clear,Dry,Daylight
2024-09-09T20:57:00.000,I 75,,,Not a Collision with Motor Vehicle,1,Clear,Dry,Dark-Not Lighted
2024-12-27T15:16:00.000,I 75,,,Rear End,2,Cloudy,Dry,Daylight
2024-11-10T17:48:00.000,I 95,,,Sideswipe-Same Direction,2,Clear,Dry,Dusk
2024-11-29T10:20:00.000,I 285,,,Sideswipe-Same Direction,2,Clear,Dry,Daylight
2024-03-30T15:00:00.000,I 75,,,Sideswipe-Same Direction,2,Clear,Dry,Daylight
2024-11-06T13:58:00.000,I 285,,,Rear End,3,Clear,Dry,Daylight
2024-04-25T12:25:00.000,I 20,,,Rear End,2,Clear,Dry,Daylight
2024-02-22T13:00:00.000,I 285,,,Sideswipe-Same Direction,2,Clear,Dry,Daylight
2024-06-24T06:55:00.000,I 85,,,Rear End,2,Clear,Dry,Daylight
2024-04-19T19:14:00.000,I 75,,,Sideswipe-Same Direction,2,Clear,Dry,Daylight
2024-06-28T13:24:00.000,I 20,,,Rear End,2,Clear,Dry,Daylight
2024-06-10T17:10:00.000,I 285,,,Rear End,2,Clear,Dry,Daylight
2024-10-18T15:17:00.000,I 75,,,Rear End,2,Clear,Dry,Daylight
2024-02-07T08:14:00.000,I 75,,,Rear End,2,Clear,Dry,Daylight
2024-04-25T13:50:00.000,I 16,,,Not a Collision with Motor Vehicle,2,Clear,Dry,Daylight
2024-05-21T04:18:00.000,I 20,,,Angle Crash,2,Clear,Dry,Daylight
2024-07-14T16:58:00.000,I-75,,,Sideswipe-Same Direction,2,Clear,Dry,Daylight
2024-05-30T18:00:00.000,I 85,,,Rear End,2,Clear,Dry,Daylight
2024-08-10T14:15:00.000,I 75,,,Angle Crash,2,Clear,Dry,Daylight
2024-02-27T11:23:00.000,I 85,,,Sideswipe-Same Direction,2,Cloudy,Dry,Daylight
2024-06-11T07:41:00.000,I 75,,,Sideswipe-Same Direction,2,Clear,Dry,Daylight
2024-05-07T06:51:00.000,I 16,,,Not a Collision with Motor Vehicle,1,Clear,Dry,Daylight
2024-02-15T23:43:00.000,I 75,,,Not a Collision with Motor Vehicle,1,Clear,Dry,Dark-Lighted
2024-06-29T01:02:00.000,I 85,,,Rear End,2,Clear,Dry,Dark-Not Lighted
2024-06-23T13:15:00.000,I-75,,,Rear End,2,Clear,Dry,Daylight
2024-02-09T08:30:00.000,I-75,,,Rear End,2,Clear,Dry,Daylight
2024-09-28T12:00:00.000,I 75,,,Sideswipe-Same Direction,2,Clear,Dry,Daylight
2024-04-29T16:57:00.000,I 20,,,Sideswipe-Same Direction,2,Clear,Dry,Daylight
2024-03-19T07:54:00.000,I 75,,,Rear End,2,Clear,Dry,Daylight
2024-05-07T11:33:00.000,I 16,,,Angle Crash,1,Clear,Dry,Daylight
2024-06-03T15:34:00.000,I 75,,,Rear End,3,Clear,Dry,Daylight
2024-05-11T08:55:00.000,I 95,,,Rear End,2,Clear,Dry,Daylight
2024-05-07T12:29:00.000,I-75,,,Not a Collision with Motor Vehicle,3,Clear,Dry,Daylight
2024-03-30T01:03:00.000,I 20,,,Rear End,4,Clear,Dry,Dark-Not Lighted
2024-06-14T15:00:00.000,I 285,,,Angle Crash,2,Clear,Dry,Daylight
2024-01-03T07:30:00.000,I 85,,,Rear End,2,Cloudy,Dry,Daylight
2024-05-24T01:32:00.000,I 75,,,Rear End,2,Clear,Dry,Dark-Lighted
2024-10-11T10:35:00.000,I 285,,,Sideswipe-Same Direction,2,Clear,Dry,Daylight
2024-11-09T09:58:00.000,I 95,,,Sideswipe-Same Direction,2,Cloudy,Dry,Daylight
2024-09-25T07:56:00.000,I 75,,,Sideswipe-Same Direction,2,Cloudy,Dry,Daylight
2024-10-09T07:19:00.000,I 20,,,Angle Crash,2,Clear,Dry,Dawn
2024-03-14T17:00:00.000,I 75,,,Rear End,2,Clear,Dry,Daylight
2024-03-17T12:55:00.000,I 75,,,Rear End,2,Clear,Dry,Daylight
2024-10-16T20:47:00.000,I 285,,,Not a Collision with Motor Vehicle,1,Clear,Dry,Dark-Lighted
2024-01-26T20:26:00.000,I 75,,,Sideswipe-Same Direction,2,Clear,Dry,Dark-Not Lighted
2024-11-07T04:57:00.000,I-75,,,Not a Collision with Motor Vehicle,4,Cloudy,Dry,Dark-Not Lighted
2024-11-10T16:32:00.000,I-75,,,Sideswipe-Same Direction,2,Rain,Dry,Daylight
2024-09-26T18:04:00.000,I 20,,,Sideswipe-Same Direction,2,Rain,Wet,Daylight
2024-05-26T06:55:00.000,I 285,,,Not a Collision with Motor Vehicle,2,Clear,Dry,Daylight
2024-07-11T00:00:00.000,I 20,,,Rear End,2,Clear,Dry,Daylight
2024-03-07T17:48:00.000,I 85,,,Angle Crash,2,Clear,Dry,Daylight
2024-07-20T13:45:00.000,I 75,,,Rear End,2,Rain,Wet,Daylight
2024-09-19T16:10:00.000,I 285,,,Rear End,2,Clear,Dry,Daylight
2024-12-24T14:51:00.000,I 20,,,Rear End,2,Clear,Dry,Daylight
2024-01-01T02:05:00.000,I 75,,,Not a Collision with Motor Vehicle,1,Clear,Dry,Dark-Not Lighted
2024-11-15T19:02:00.000,I 285,,,Angle Crash,2,Clear,Dry,Dark-Not Lighted
2024-09-07T08:07:00.000,I 75,,,Not a Collision with Motor Vehicle,1,Rain,Wet,Daylight
2024-02-17T07:05:00.000,I 20,,,Angle Crash,3,Cloudy,Dry,Dawn
2024-01-24T06:35:00.000,I 85,,,Rear End,2,Rain,Wet,Dark-Not Lighted
2024-04-09T08:00:00.000,I 285,,,Sideswipe-Same Direction,2,Rain,Wet,Daylight
2024-03-15T10:34:00.000,I 75,,,Rear End,2,Rain,Wet,Daylight
2024-09-29T00:00:00.000,I 75,,,Sideswipe-Same Direction,2,Clear,Dry,Dark-Not Lighted
2024-09-02T18:42:00.000,I 20,,,Not a Collision with Motor Vehicle,1,Rain,Wet,Dark-Lighted
2024-03-05T14:53:00.000,I 75,,,Sideswipe-Same Direction,2,Rain,Wet,Daylight
2024-03-19T10:46:00.000,I 20,,,Rear End,2,Clear,Dry,Daylight
2024-01-16T05:40:00.000,I 20,,,Sideswipe-Same Direction,2,Rain,Wet,Dark-Not Lighted
2024-10-09T02:44:00.000,I 75,,,Sideswipe-Same Direction,2,Clear,Dry,Dark-Lighted
2024-04-26T17:23:00.000,I-75,,,Sideswipe-Same Direction,3,Clear,Dry,Daylight
2024-03-18T16:09:00.000,I 75,,,Rear End,2,Clear,Dry,Daylight
2024-04-28T02:31:00.000,I 20,,,Not a Collision with Motor Vehicle,1,Clear,Dry,Dark-Lighted
2024-02-25T17:52:00.000,I-75,,,Rear End,2,Clear,Dry,Daylight
2024-01-08T22:41:00.000,I 75,,,Sideswipe-Same Direction,2,Clear,Dry,Dark-Not Lighted
2024-02-19T20:33:00.000,I 95,,,Sideswipe-Same Direction,2,Clear,Dry,Dark-Not Lighted
2024-03-31T14:19:00.000,I 75,,,Rear End,2,Clear,Dry,Daylight
2024-01-25T20:35:00.000,I 85,,,Rear End,2,Rain,Wet,Dark-Lighted
2024-11-26T07:07:00.000,I 285,,,Not a Collision with Motor Vehicle,1,Rain,Wet,Daylight
2024-06-18T14:35:00.000,I 85,,,Sideswipe-Same Direction,2,Clear,Dry,Daylight
2024-11-02T06:50:00.000,I 85,,,Rear End,2,Fog,Dry,Dark-Lighted
2024-07-20T07:58:00.000,I 20,,,(None),1,(None),(None),(None)
2024-06-26T17:24:00.000,I 285,,,Sideswipe-Same Direction,2,Clear,Dry,Daylight
2024-06-24T14:05:00.000,I 75,,,Rear End,2,Clear,Dry,Daylight
2024-07-05T14:19:00.000,I 75,,,Not a Collision with Motor Vehicle,1,Rain,Wet,Daylight
2024-01-09T13:35:00.000,I 75,,,(None),2,(None),(None),(None)
2024-06-19T02:32:00.000,I 285,,,Angle Crash,2,Clear,Dry,Dark-Lighted
2024-11-30T17:10:00.000,I 285,,,Rear End,2,Clear,Dry,Dusk
2024-09-03T14:50:00.000,I 285,,,Rear End,2,Clear,Dry,Daylight
2024-01-07T14:24:00.000,I 75,,,Rear End,2,Clear,Dry,Daylight
2024-03-02T18:18:00.000,I 285,,,Sideswipe-Same Direction,2,Clear,Dry,Daylight
2024-12-27T12:55:00.000,I 75,,,Angle Crash,4,Clear,Dry,Daylight
2024-07-28T18:07:00.000,I 75,,,(None),2,(None),(None),(None)
2024-07-23T17:25:00.000,I 75,,,Angle Crash,2,Clear,Dry,Daylight
2024-07-17T17:40:00.000,I 75,,,Not a Collision with Motor Vehicle,1,Rain,Wet,Daylight
2024-07-07T20:30:00.000,I 20,,,Sideswipe-Same Direction,2,Clear,Dry,Dark-Lighted
2024-06-09T15:57:00.000,I 285,,,Angle Crash,2,Clear,Dry,Daylight
2024-05-16T17:26:00.000,I 20,,,Rear End,2,Clear,Dry,Daylight
2024-05-03T18:00:00.000,I 20,,,Sideswipe-Same Direction,2,Clear,Dry,Daylight
2024-03-16T17:00:00.000,I-75,,,Sideswipe-Same Direction,2,Clear,Dry,Daylight
2024-02-23T12:50:00.000,I 95,,,Not a Collision with Motor Vehicle,2,Cloudy,Dry,Daylight
2024-01-19T19:50:00.000,I 285,,,Sideswipe-Same Direction,3,Clear,Dry,Dark-Lighted
2024-11-25T21:27:00.000,I 85,,,Rear End,2,Clear,Dry,Dark-Not Lighted
2024-11-26T18:30:00.000,I 75,,,Sideswipe-Same Direction,2,Cloudy,Dry,Dark-Not Lighted
2024-10-24T08:40:00.000,I-75,,,Rear End,2,Clear,Dry,Daylight
2024-10-16T07:41:00.000,I 75,,,Sideswipe-Same Direction,2,Clear,Dry,Daylight
2024-08-25T21:22:00.000,I 85,,,Sideswipe-Same Direction,2,Clear,Dry,Dark-Not Lighted
2024-07-05T14:24:00.000,I 75,,,Angle Crash,2,Rain,Wet,Daylight
2024-05-28T18:15:00.000,I 85,,,Rear End,2,Clear,Dry,Daylight
2024-05-15T12:49:00.000,I 75,,,Rear End,2,Cloudy,Dry,Daylight
2024-05-05T16:45:00.000,I 285,,,Rear End,2,Cloudy,Dry,Daylight
2024-04-12T11:00:00.000,I 285,,,Sideswipe-Same Direction,2,Clear,Dry,Daylight
2024-04-16T08:29:00.000,I 85,,,Not a Collision with Motor Vehicle,1,Cloudy,Dry,Daylight
2024-04-15T16:37:00.000,I 85,,,Rear End,2,Clear,Dry,Daylight
2024-04-12T16:43:00.000,I 85,,,Not a Collision with Motor Vehicle,1,Cloudy,Dry,Daylight
2024-04-09T17:06:00.000,I 75,,,Rear End,2,Clear,Dry,Daylight
2024-04-11T10:25:00.000,I 285,,,Rear End,2,Clear,Dry,Daylight
2024-03-08T23:45:00.000,I 20,,,Angle Crash,2,Clear,Wet,Dark-Lighted
2024-01-05T12:49:00.000,I 75,,,Sideswipe-Same Direction,2,Clear,Dry,Daylight
2024-12-25T17:35:00.000,I 85,,,Rear End,2,Clear,Dry,Daylight
2024-11-05T07:45:00.000,I 75,,,Rear End,2,Cloudy,Dry,Daylight
2024-10-09T22:47:00.000,I 75,,,Not a Collision with Motor Vehicle,1,Clear,Dry,Dark-Not Lighted
2024-08-26T15:00:00.000,I 85,,,Sideswipe-Same Direction,2,Clear,Dry,Daylight
2024-05-31T13:17:00.000,I 75,,,Rear End,2,Clear,Dry,Daylight
2024-05-09T15:02:00.000,I 85,,,Sideswipe-Same Direction,2,Cloudy,Wet,Daylight
2024-04-09T18:03:00.000,I 20,,,Rear End,2,Clear,Dry,Daylight
2024-03-23T17:50:00.000,I 285,,,Rear End,2,Clear,Dry,Daylight
2024-03-19T17:43:00.000,I-75,,,Rear End,2,Clear,Dry,Daylight
2024-03-09T00:45:00.000,I 85,,,Not a Collision with Motor Vehicle,1,Rain,Wet,Dark-Lighted
2024-02-23T14:10:00.000,I 20,,,Sideswipe-Same Direction,2,Cloudy,Dry,Daylight
2024-02-11T20:39:00.000,I 75,,,Not a Collision with Motor Vehicle,1,Rain,Wet,Dark-Lighted
2024-01-07T14:39:00.000,I-75,,,Rear End,2,Clear,Dry,Daylight
2024-01-06T08:45:00.000,I 75,,,Rear End,2,Rain,Wet,Daylight
2024-12-01T13:00:00.000,I 75,,,Rear End,4,Clear,Dry,Daylight
2024-10-15T20:44:00.000,I 285,,,Rear End,2,Clear,Dry,Dark-Not Lighted
2024-10-10T10:55:00.000,I 75,,,Rear End,2,Clear,Dry,Daylight
2024-09-22T15:35:00.000,I-75,,,Rear End,2,Clear,Dry,Daylight
2024-08-31T12:00:00.000,I 75,,,Sideswipe-Same Direction,2,Clear,Dry,Daylight
2024-09-04T09:10:00.000,I 20,,,Sideswipe-Same Direction,2,Clear,Dry,Daylight
2024-08-10T21:36:00.000,I-75,,,Sideswipe-Same Direction,2,Clear,Dry,Dark-Lighted
2024-07-07T15:30:00.000,I 75,,,Sideswipe-Same Direction,2,Clear,Dry,Daylight
2024-05-15T16:30:00.000,I 20,,,Not a Collision with Motor Vehicle,2,Clear,Dry,Daylight
2024-05-07T00:00:00.000,I 285,,,Rear End,2,Cloudy,Dry,Daylight
2024-04-09T04:38:00.000,I 95,,,Angle Crash,2,Clear,Dry,Dark-Not Lighted
2024-03-26T06:36:00.000,I-75,,,Not a Collision with Motor Vehicle,1,Cloudy,Dry,Dark-Not Lighted
2024-12-18T17:25:00.000,I 75,,,Not a Collision with Motor Vehicle,1,Cloudy,Wet,Dusk
2024-12-14T00:00:00.000,I 20,,,Sideswipe-Same Direction,2,Clear,Dry,Daylight
2024-09-29T03:25:00.000,I 85,,,Sideswipe-Same Direction,2,Clear,Dry,Dark-Not Lighted
2024-05-29T11:36:00.000,I 75,,,Not a Collision with Motor Vehicle,1,Clear,Dry,Daylight
2024-05-20T07:38:00.000,I 95,,,Rear End,2,Cloudy,Dry,Daylight
2024-05-01T16:40:00.000,I 85,,,Rear End,3,Clear,Dry,Daylight
2024-04-19T21:52:00.000,I-75,,,Sideswipe-Same Direction,2,Clear,Dry,Dark-Lighted
2024-04-16T08:44:00.000,I 75,,,Sideswipe-Same Direction,2,Cloudy,Dry,Daylight
2024-04-14T19:59:00.000,I 75,,,Rear End,2,Clear,Dry,Daylight
2024-03-26T11:00:00.000,I-75,,,Sideswipe-Same Direction,2,Cloudy,Wet,Daylight
2024-02-23T15:00:00.000,I 285,,,Rear End,2,Cloudy,Dry,Daylight
2024-01-17T07:37:00.000,I 75,,,Not a Collision with Motor Vehicle,1,Clear,Dry,Daylight
2024-11-19T10:20:00.000,I 75,,,Not a Collision with Motor Vehicle,1,Rain,Wet,Daylight
2024-11-08T17:12:00.000,I 85,,,Sideswipe-Same Direction,2,Clear,Dry,Daylight
2024-09-16T11:29:00.000,I 75,,,Rear End,3,Clear,Dry,Daylight
2024-08-03T04:45:00.000,I 95,,,Rear End,2,Clear,Dry,Dark-Lighted
2024-07-24T18:28:00.000,I 285,,,Rear End,2,Clear,Wet,Daylight
2024-06-14T11:40:00.000,I 20,,,Not a Collision with Motor Vehicle,2,Clear,Dry,Daylight
2024-06-05T07:31:00.000,I 20,,,Sideswipe-Same Direction,2,Clear,Dry,Daylight
2024-04-02T15:45:00.000,I 75,,,Rear End,2,Cloudy,Dry,Daylight
2024-03-26T14:01:00.000,I 75,,,Not a Collision with Motor Vehicle,1,Rain,Wet,Daylight
2024-03-21T11:00:00.000,I 16,,,Not a Collision with Motor Vehicle,1,Clear,Dry,Daylight
2024-03-06T08:00:00.000,I 285,,,Rear End,2,Rain,Wet,Daylight
2024-02-20T13:30:00.000,I 20,,,Rear End,3,Clear,Dry,Daylight
2024-02-12T12:00:00.000,I 85,,,Angle Crash,2,Rain,Wet,(None)
2024-10-22T21:35:00.000,I 85,,,Rear End,2,Clear,Dry,Dark-Not Lighted
2024-08-17T16:57:00.000,I 85,,,Angle Crash,2,Cloudy,Dry,Daylight
2024-07-16T13:17:00.000,I 75,,,Rear End,2,Clear,Dry,Daylight
2024-07-20T22:30:00.000,I 285,,,Not a Collision with Motor Vehicle,1,Cloudy,Dry,Dusk
2024-06-01T21:41:00.000,I 20,,,Rear End,2,Clear,Dry,Dark-Lighted
2024-06-01T00:17:00.000,I 20,,,Angle Crash,2,Clear,Dry,Dark-Not Lighted
2024-05-24T00:58:00.000,I 20,,,Sideswipe-Same Direction,3,Clear,Dry,Dark-Lighted
2024-04-19T17:43:00.000,I 20,,,Rear End,2,Clear,Dry,Daylight
2024-04-16T08:50:00.000,I 75,,,Not a Collision with Motor Vehicle,1,Clear,Dry,Daylight
2024-03-16T15:22:00.000,I 16,,,Angle Crash,2,Clear,Dry,Dawn
2024-03-06T00:00:00.000,I 20,,,Sideswipe-Same Direction,2,Cloudy,Wet,Dawn
2024-02-17T12:00:00.000,I 75,,,Rear End,2,Cloudy,Dry,Daylight
2024-01-20T09:22:00.000,I-75,,,Rear End,3,Clear,Dry,Daylight
2024-10-28T07:48:00.000,I 75,,,Not a Collision with Motor Vehicle,2,Clear,Dry,Daylight
2024-07-10T08:43:00.000,I 75,,,Rear End,2,Clear,Dry,Daylight
2024-03-20T16:30:00.000,I-75,,,Angle Crash,2,Clear,Dry,Daylight
2024-12-06T18:32:00.000,I 85,,,Angle Crash,2,Clear,Dry,Dark-Not Lighted
2024-08-29T22:16:00.000,I 75,,,Rear End,2,Clear,Wet,Dark-Lighted
2024-10-22T16:18:00.000,I 85,,,Rear End,2,Clear,Dry,Daylight
2024-02-15T07:00:00.000,I 20,,,Rear End,2,Clear,Dry,Daylight
2024-11-15T12:59:00.000,I 75,,,Sideswipe-Same Direction,2,Clear,Dry,Daylight
2024-02-05T06:30:00.000,I 75,,,Rear End,3,Clear,Dry,Dawn
2024-10-25T21:40:00.000,I 85,,,Rear End,2,Clear,Dry,Daylight
2024-08-25T17:13:00.000,I-75,,,Sideswipe-Same Direction,2,Clear,Dry,Daylight
2024-02-05T05:40:00.000,I 75,,,Rear End,2,Clear,Dry,Dark-Not Lighted
2024-07-25T04:33:00.000,I 75,,,Not a Collision with Motor Vehicle,2,Rain,Wet,Dark-Not Lighted
2024-07-09T08:25:00.000,I 85,,,Sideswipe-Same Direction,2,Cloudy,Dry,Daylight
2024-04-21T01:28:00.000,I 75,,,Sideswipe-Same Direction,3,Rain,Wet,Dark-Not Lighted
2024-08-03T22:58:00.000,I 20,,,Sideswipe-Same Direction,2,Clear,Dry,Dark-Not Lighted
2024-02-27T17:57:00.000,I 20,,,Not a Collision with Motor Vehicle,1,Clear,Dry,Dark-Not Lighted
2024-02-23T03:00:00.000,I-75,,,Rear End,2,Rain,Wet,Dark-Lighted
2024-12-05T14:35:00.000,I 75,,,Sideswipe-Same Direction,2,Clear,Dry,Daylight
2024-10-13T03:16:00.000,I 75,,,Not a Collision with Motor Vehicle,1,Clear,Dry,Dark-Not Lighted
2024-11-15T06:01:00.000,I 85,,,Rear End,3,Clear,Dry,Daylight
2024-10-03T11:45:00.000,I 285,,,Rear End,3,Clear,Dry,Daylight
2024-10-21T09:45:00.000,I 75,,,Sideswipe-Same Direction,2,Clear,Dry,Daylight
2024-04-01T23:30:00.000,I 16,,,Not a Collision with Motor Vehicle,1,Clear,Dry,Dark-Lighted
2024-02-29T19:23:00.000,I 20,,,Rear End,2,Clear,Dry,Dark-Not Lighted
2024-07-07T13:54:00.000,I 75,,,Rear End,2,Clear,Dry,Daylight
2024-10-23T16:37:00.000,I 285,,,Sideswipe-Same Direction,2,Clear,Dry,Daylight
2024-01-15T18:50:00.000,I 85,,,Sideswipe-Same Direction,3,Clear,Dry,Dark-Lighted
2024-01-16T07:33:00.000,I 75,,,Angle Crash,2,Clear,Dry,Daylight
2024-10-24T08:57:00.000,I 285,,,Rear End,2,Clear,Dry,Daylight
2024-06-10T05:42:00.000,I 75,,,Rear End,2,Cloudy,Wet,Dark-Lighted
2024-09-04T15:08:00.000,I 285,,,Rear End,2,Clear,Dry,Daylight
2024-05-22T11:44:00.000,I 75,,,Sideswipe-Same Direction,2,Clear,Dry,Daylight
2024-01-27T00:00:00.000,I 85,,,Sideswipe-Same Direction,2,Rain,Wet,Daylight
2024-10-19T12:24:00.000,I 75,,,Sideswipe-Same Direction,2,Clear,Dry,Daylight
2024-04-14T12:44:00.000,I 85,,,Rear End,2,Clear,Dry,Daylight
2024-04-30T13:00:00.000,I-75,,,Angle Crash,2,Clear,Dry,Daylight
2024-02-16T17:29:00.000,I 75,,,Rear End,2,Clear,Dry,Daylight
2024-07-25T07:45:00.000,I 285,,,Sideswipe-Same Direction,2,Cloudy,Wet,Daylight
2024-06-24T16:49:00.000,I 285,,,Sideswipe-Same Direction,2,Clear,Dry,Daylight
2024-08-09T00:42:00.000,I-75,,,Sideswipe-Same Direction,2,Clear,Dry,Dark-Lighted
2024-02-04T15:05:00.000,I 85,,,Not a Collision with Motor Vehicle,1,Rain,Wet,Daylight
2024-04-30T06:55:00.000,I 75,,,Rear End,2,Rain,Wet,Dawn
2024-09-26T14:03:00.000,I 85,,,Rear End,2,Rain,Wet,Daylight
2024-10-12T17:08:00.000,I 75,,,Rear End,2,Clear,Dry,Daylight
2024-07-16T16:32:00.000,I-75,,,Rear End,2,Cloudy,Water (standing or moving),Daylight
2024-02-19T10:32:00.000,I 16,,,Rear End,2,Clear,Dry,Daylight
2024-12-05T15:39:00.000,I 75,,,Angle Crash,2,Cloudy,Dry,Daylight
2024-02-17T06:44:00.000,I 20,,,Not a Collision with Motor Vehicle,1,Clear,Dry,Dark-Lighted
2024-02-14T12:53:00.000,I 75,,,Rear End,2,Clear,Dry,Daylight
2024-08-22T17:55:00.000,I 285,,,Rear End,2,Clear,Dry,Daylight
2024-10-11T10:45:00.000,I 75,,,Rear End,2,Clear,Dry,Daylight
2024-03-15T01:55:00.000,I 75,,,Rear End,2,Clear,Dry,Dark-Not Lighted
2024-07-19T22:18:00.000,I 75,,,Rear End,2,Rain,Wet,Dark-Lighted
2024-08-02T08:40:00.000,I 75,,,Rear End,2,Cloudy,Dry,Daylight
2024-01-21T12:45:00.000,I 20,,,Sideswipe-Same Direction,3,Clear,Dry,Daylight
2024-07-28T17:35:00.000,I 285,,,Head On,2,Clear,Dry,Daylight
2024-01-20T00:00:00.000,I 285,,,Rear End,2,Clear,Dry,Daylight
2024-01-09T11:28:00.000,I 285,,,Rear End,2,Cloudy,Wet,Daylight
2024-08-29T11:30:00.000,I 75,,,Not a Collision with Motor Vehicle,1,Clear,Dry,Daylight
2024-03-08T21:57:00.000,I 75,,,Not a Collision with Motor Vehicle,1,Rain,Wet,Dark-Lighted
2024-01-24T06:30:00.000,I 85,,,Angle Crash,4,Rain,Wet,Dark-Lighted
2024-11-21T11:45:00.000,I 85,,,Not a Collision with Motor Vehicle,1,Clear,Dry,Daylight
2024-03-22T06:30:00.000,I 20,,,Not a Collision with Motor Vehicle,1,Clear,Dry,Dark-Not Lighted
2024-06-22T16:02:00.000,I 285,,,Sideswipe-Same Direction,2,Clear,Dry,Daylight
2024-09-20T15:15:00.000,I 20,,,Sideswipe-Opposite Direction,2,Clear,Dry,Daylight
2024-03-10T05:16:00.000,I 85,,,Not a Collision with Motor Vehicle,1,Clear,Dry,Dark-Not Lighted
2024-07-18T06:43:00.000,I 75,,,Rear End,2,Clear,Dry,Daylight
2024-03-15T12:36:00.000,I 20,,,Rear End,2,Rain,Wet,Daylight
2024-04-03T02:48:00.000,I 20,,,Not a Collision with Motor Vehicle,1,Rain,Wet,Dark-Not Lighted
2024-01-10T16:51:00.000,I 285,,,Rear End,2,Clear,Dry,Daylight
2024-05-06T18:24:00.000,I 75,,,Not a Collision with Motor Vehicle,1,Clear,Dry,Daylight
2024-08-02T05:39:00.000,I 20,,,Rear End,2,Clear,Dry,Dark-Not Lighted
2024-12-27T22:07:00.000,I 75,,,Rear End,2,Rain,Wet,Dark-Not Lighted
2024-05-10T07:06:00.000,I 75,,,Not a Collision with Motor Vehicle,1,Rain,Water (standing or moving),Dawn
2024-05-20T10:47:00.000,I 16,,,Rear End,2,Clear,Dry,Daylight
2024-02-02T20:10:00.000,I-75,,,Sideswipe-Same Direction,2,Clear,Dry,Dark-Lighted
2024-03-06T23:04:00.000,I 75,,,Not a Collision with Motor Vehicle,1,Clear,Dry,Dark-Lighted
2024-01-26T17:47:00.000,I 75,,,Sideswipe-Opposite Direction,2,Cloudy,Dry,Daylight
2024-01-01T10:40:00.000,I 75,,,Angle Crash,2,Clear,Dry,Daylight
2024-03-20T16:15:00.000,I-75,,,Sideswipe-Same Direction,2,Clear,Dry,Daylight
2024-06-24T14:30:00.000,I 285,,,Rear End,2,Clear,Dry,Daylight
2024-06-04T11:01:00.000,I 20,,,Angle Crash,2,Clear,Dry,Daylight
2024-10-31T15:47:00.000,I 95,,,Sideswipe-Same Direction,3,Clear,Dry,Daylight
2024-07-28T16:41:00.000,I 20,,,Not a Collision with Motor Vehicle,1,Rain,Wet,Daylight
2024-09-17T05:00:00.000,I 20,,,Sideswipe-Same Direction,2,Clear,Dry,Dark-Not Lighted
2024-11-06T08:44:00.000,I 75,,,Sideswipe-Same Direction,2,Cloudy,Dry,Daylight
2024-02-12T10:29:00.000,I 75,,,Rear End,2,Rain,Wet,Daylight
2024-01-05T23:50:00.000,I 285,,,Sideswipe-Same Direction,2,Rain,Wet,Dark-Lighted
2024-08-07T08:23:00.000,I 285,,,Rear End,3,Clear,Dry,Daylight
2024-04-04T08:25:00.000,I 285,,,Sideswipe-Same Direction,3,Clear,Dry,Daylight
2024-08-17T13:00:00.000,I-75,,,Rear End,2,Clear,Dry,Daylight
2024-12-15T21:30:00.000,I 85,,,Sideswipe-Opposite Direction,2,Clear,Dry,Dark-Lighted
2024-06-12T15:30:00.000,I 285,,,Rear End,2,Clear,Dry,Daylight