Date and Time,Roadway (From Crash Report),Intersection Name (from Crash Report),KABCO Severity,Manner of Collision (Crash Level) ,# of Vehicles per crash ,Weather Conditions (Crash Level),Surface Condition (Crash Level) ,Light Conditions (Crash Level)
2024-10-20T18:30:00.000,I 285,,,Sideswipe-Same Direction,2,Clear,Dry,Daylight
2024-11-04T08:51:00.000,I 85,,,Rear End,2,Cloudy,Dry,Daylight
2024-06-15T03:20:00.000,I 285,,,Sideswipe-Opposite Direction,2,Clear,Dry,Dark-Not Lighted
2024-03-17T00:44:00.000,I 16,,,Sideswipe-Same Direction,2,Clear,Dry,Dark-Lighted
2024-05-28T09:30:00.000,I 85,,,Rear End,2,Clear,Dry,Daylight
2024-04-17T04:48:00.000,I 75,,,Sideswipe-Same Direction,2,Clear,Dry,Dark-Lighted
2024-11-06T16:07:00.000,I 20,,,Sideswipe-Same Direction,2,Rain,Wet,Daylight
2024-11-30T12:36:00.000,I 20,,,Sideswipe-Same Direction,2,Clear,Dry,Daylight
2024-09-06T01:00:00.000,I 75,,,Angle Crash,4,Clear,Dry,Dark-Not Lighted
2024-01-07T00:38:00.000,I 75,,,Not a Collision with Motor Vehicle,1,Cloudy,Wet,Dark-Not Lighted
2024-06-29T01:15:00.000,I 20,,,Sideswipe-Same Direction,2,Clear,Dry,Dark-Lighted
2024-10-05T11:18:00.000,I 285,,,Angle Crash,2,Clear,Dry,Daylight
2024-10-07T21:00:00.000,I 85,,,Sideswipe-Same Direction,2,Clear,Dry,Daylight
2024-05-28T17:20:00.000,I 20,,,Rear End,2,Clear,Dry,Daylight
2024-04-03T20:44:00.000,I 75,,,Sideswipe-Same Direction,2,Clear,Dry,Dark-Lighted
2024-10-23T18:15:00.000,I 75,,,Sideswipe-Same Direction,2,Clear,Dry,Daylight
2024-11-03T11:39:00.000,I 95,,,Rear End,2,Clear,Dry,Daylight
2024-02-28T09:45:00.000,I 285,,,Rear End,2,Clear,Dry,Daylight
2024-08-22T08:30:00.000,I 285,,,Angle Crash,2,Clear,Dry,Daylight
2024-01-25T05:00:00.000,I-75,,,Rear End,2,Rain,Wet,Dark-Not Lighted
2024-09-23T08:13:00.000,I 75,,,Not a Collision with Motor Vehicle,2,Clear,Dry,Daylight
2024-01-09T18:26:00.000,I 85,,,Angle Crash,2,Clear,Dry,Dark-Not Lighted
2024-08-02T10:53:00.000,I 75,,,Sideswipe-Same Direction,2,Clear,Dry,Daylight
2024-02-22T17:45:00.000,I 20,,,Rear End,2,Clear,Dry,Daylight
2024-04-21T09:42:00.000,I 75,,,Not a Collision with Motor Vehicle,1,Rain,Wet,Daylight
2024-11-21T16:20:00.000,I 285,,,Angle Crash,2,Clear,Dry,Daylight
2024-07-04T16:00:00.000,I 75,,,Not a Collision with Motor Vehicle,1,Cloudy,Dry,Daylight
2024-06-12T17:00:00.000,I 85,,,Rear End,2,Clear,Dry,Daylight
2024-03-23T09:27:00.000,I 75,,,(None),2,(None),(None),(None)
2024-07-31T17:45:00.000,I 16,,,Not a Collision with Motor Vehicle,1,Rain,Wet,Dusk
2024-03-26T12:00:00.000,I 75,,,Sideswipe-Same Direction,2,Clear,Dry,Daylight
2024-01-06T12:20:00.000,I 20,,,Sideswipe-Same Direction,2,Cloudy,Wet,Daylight
2024-05-09T17:01:00.000,I 75,,,Sideswipe-Same Direction,2,Cloudy,Dry,Daylight
2024-03-06T03:45:00.000,I-75,,,Angle Crash,2,Rain,Water (standing or moving),Dark-Lighted
2024-07-27T16:29:00.000,I 75,,,Sideswipe-Same Direction,2,Clear,Dry,Daylight
2024-01-24T17:00:00.000,I-75,,,Angle Crash,3,Fog,Wet,Daylight
2024-05-02T16:26:00.000,I 285,,,Angle Crash,2,Clear,Dry,Daylight
2024-08-08T11:45:00.000,I 85,,,Sideswipe-Same Direction,2,Clear,Dry,Daylight
2024-05-02T12:35:00.000,I 85,,,Not a Collision with Motor Vehicle,1,Clear,Dry,Daylight
2024-02-04T23:54:00.000,I-75,,,Rear End,2,Cloudy,Water (standing or moving),Dark-Not Lighted
2024-08-21T00:37:00.000,I 75,,,Rear End,3,Clear,Dry,Dark-Not Lighted
2024-09-14T20:11:00.000,I 285,,,Sideswipe-Same Direction,2,Clear,Dry,Dark-Not Lighted
2024-03-27T07:33:00.000,I 20,,,Angle Crash,2,Cloudy,Wet,Daylight
2024-10-25T21:37:00.000,I 16,,,Not a Collision with Motor Vehicle,1,Clear,Dry,Dark-Not Lighted
2024-10-25T14:29:00.000,I 75,,,Rear End,2,Clear,Dry,Daylight
2024-05-09T16:17:00.000,I 20,,,Sideswipe-Same Direction,2,Cloudy,Wet,Daylight
2024-06-29T19:40:00.000,I 75,,,Angle Crash,3,Cloudy,Wet,Daylight
2024-11-27T13:50:00.000,I 285,,,Rear End,3,Cloudy,Dry,Daylight
2024-01-03T16:53:00.000,I-75,,,Rear End,2,Clear,Dry,Daylight
2024-01-22T10:00:00.000,I 285,,,Rear End,2,Clear,Dry,Daylight
2024-07-25T17:30:00.000,I 85,,,Rear End,2,Clear,Dry,Daylight
2024-02-12T09:35:00.000,I 75,,,Not a Collision with Motor Vehicle,1,Rain,Water (standing or moving),Daylight
2024-04-18T07:10:00.000,I 75,,,Rear End,2,Clear,Dry,Daylight
2024-04-24T10:31:00.000,I 85,,,Rear End,2,Cloudy,Dry,Daylight
2024-03-27T17:32:00.000,I-75,,,Rear End,2,Clear,Dry,Daylight
2024-11-01T01:33:00.000,I 75,,,Not a Collision with Motor Vehicle,1,Clear,Dry,Dark-Not Lighted
2024-08-15T21:39:00.000,I-75,,,Angle Crash,3,Clear,Dry,Dark-Lighted
2024-09-25T17:40:00.000,I 20,,,Sideswipe-Opposite Direction,2,Rain,Wet,Daylight
2024-12-13T14:00:00.000,I 20,,,Rear End,2,Clear,Dry,Daylight
2024-10-28T18:39:00.000,I-75,,,Rear End,4,Clear,Dry,Daylight
2024-03-27T03:20:00.000,I-75,,,Not a Collision with Motor Vehicle,1,Rain,Wet,Dark-Not Lighted
2024-08-02T12:05:00.000,I 20,,,Rear End,2,Clear,Dry,Daylight
2024-07-07T23:58:00.000,I 75,,,Sideswipe-Same Direction,2,Rain,Wet,Dark-Lighted
2024-01-06T13:25:00.000,I 285,,,Rear End,8,Rain,Wet,Daylight
2024-07-25T04:29:00.000,I 285,,,Not a Collision with Motor Vehicle,1,Cloudy,Dry,Dark-Not Lighted
2024-01-24T06:50:00.000,I 75,,,Not a Collision with Motor Vehicle,1,Rain,Wet,Dark-Lighted
2024-12-14T13:20:00.000,I 85,,,Sideswipe-Same Direction,2,Clear,Dry,Daylight
2024-06-03T17:50:00.000,I 285,,,Rear End,2,Clear,Dry,Daylight
2024-03-13T23:05:00.000,I-75,,,Sideswipe-Same Direction,2,Clear,Dry,Dark-Lighted
2024-04-29T14:55:00.000,I 75,,,Sideswipe-Same Direction,2,Clear,Dry,Daylight
2024-03-20T10:57:00.000,I 285,,,Not a Collision with Motor Vehicle,1,Clear,Dry,Daylight
2024-06-17T07:39:00.000,I 75,,,Rear End,2,Cloudy,Dry,Daylight
2024-04-25T19:00:00.000,I 75,,,Rear End,2,Clear,Dry,Daylight
2024-09-24T00:00:00.000,I 20,,,Angle Crash,2,Clear,Dry,Daylight
2024-10-26T17:40:00.000,I 85,,,Sideswipe-Same Direction,2,Clear,Dry,Daylight
2024-08-17T05:35:00.000,I 20,,,Sideswipe-Same Direction,2,Clear,Dry,Dark-Lighted
2024-08-15T11:23:00.000,I 285,,,Rear End,2,Clear,Dry,Daylight
2024-05-23T15:23:00.000,I 285,,,Sideswipe-Same Direction,2,Cloudy,Dry,Daylight
2024-02-22T21:30:00.000,I 285,,,Rear End,2,Rain,Wet,Dark-Not Lighted
2024-12-29T05:43:00.000,I 75,,,Not a Collision with Motor Vehicle,1,Rain,Wet,Dusk
2024-02-24T23:07:00.000,I 16,,,Not a Collision with Motor Vehicle,1,Clear,Dry,Dark-Not Lighted
2024-09-15T09:50:00.000,I-75,,,Rear End,3,Clear,Dry,Daylight
2024-08-22T08:07:00.000,I 75,,,Rear End,2,Clear,Dry,Daylight
2024-09-18T17:10:00.000,I 75,,,Not a Collision with Motor Vehicle,1,Clear,Dry,Daylight
2024-07-25T23:19:00.000,I 285,,,Sideswipe-Same Direction,2,Clear,Dry,Dark-Lighted
2024-09-10T18:01:00.000,I 75,,,Rear End,2,Clear,Dry,Daylight
2024-01-12T05:41:00.000,I 20,,,Angle Crash,2,Clear,Dry,Dark-Lighted
2024-02-09T12:51:00.000,I-75,,,Rear End,2,Clear,Dry,Daylight
2024-03-26T06:30:00.000,I 285,,,Rear End,2,Clear,Dry,Dark-Lighted
2024-07-01T00:05:00.000,I 16,,,Not a Collision with Motor Vehicle,1,Clear,Dry,Dark-Not Lighted
2024-03-19T12:19:00.000,I 20,,,Sideswipe-Same Direction,2,Clear,Dry,Daylight
2024-10-12T14:13:00.000,I 75,,,Angle Crash,2,Clear,Dry,Daylight
2024-04-17T11:11:00.000,I 75,,,Not a Collision with Motor Vehicle,1,Clear,Dry,Daylight
2024-08-17T02:30:00.000,I-75,,,Not a Collision with Motor Vehicle,1,Clear,Dry,Dark-Not Lighted
2024-06-07T17:42:00.000,I 75,,,Rear End,2,Clear,Dry,Daylight
2024-01-24T13:49:00.000,I 75,,,Rear End,2,Clear,Dry,Daylight
2024-06-11T14:39:00.000,I 85,,,Sideswipe-Same Direction,2,Clear,Dry,Daylight
2024-02-26T14:35:00.000,I 20,,,Sideswipe-Same Direction,2,Clear,Dry,Daylight
2024-06-06T21:18:00.000,I 85,,,Rear End,2,Cloudy,Dry,Dark-Not Lighted
2024-12-04T18:20:00.000,I 85,,,Sideswipe-Same Direction,2,Clear,Dry,Dark-Not Lighted
2024-05-23T17:20:00.000,I 75,,,Rear End,2,Cloudy,Dry,Daylight
2024-02-03T14:05:00.000,I-75,,,Rear End,3,Clear,Dry,Daylight
2024-07-31T13:00:00.000,I 20,,,Sideswipe-Same Direction,2,Cloudy,Dry,Daylight
2024-11-08T18:10:00.000,I 20,,,Sideswipe-Same Direction,2,Clear,Dry,Dusk
2024-11-29T14:30:00.000,I 20,,,Sideswipe-Same Direction,2,Clear,Dry,Daylight
2024-11-07T14:51:00.000,I-75,,,Sideswipe-Same Direction,2,Cloudy,Dry,Daylight
2024-10-20T20:00:00.000,I 285,,,Sideswipe-Same Direction,2,Clear,Dry,Dark-Not Lighted
2024-03-13T09:15:00.000,I 285,,,Rear End,2,Clear,Dry,Daylight
2024-09-01T03:26:00.000,I 85,,,Sideswipe-Same Direction,2,Cloudy,Wet,Dark-Not Lighted
2024-01-21T20:00:00.000,I-75,,,Angle Crash,3,Clear,Dry,Dark-Not Lighted
2024-10-24T18:42:00.000,I 75,,,Sideswipe-Same Direction,2,Clear,Dry,Daylight
2024-10-07T17:30:00.000,I 285,,,Rear End,2,Clear,Dry,Daylight
2024-01-09T08:15:00.000,I 20,,,Angle Crash,2,Rain,Wet,Dawn
2024-10-23T23:01:00.000,I 285,,,Sideswipe-Same Direction,2,Clear,Dry,Dark-Not Lighted
2024-10-15T14:56:00.000,I-75,,,Sideswipe-Same Direction,2,Clear,Ice/Frost,Daylight
2024-09-13T17:31:00.000,I 20,,,Rear End,2,Cloudy,Dry,Daylight
2024-04-10T15:17:00.000,I 85,,,Rear End,2,Cloudy,Dry,Daylight
2024-12-17T23:13:00.000,I 20,,,Not a Collision with Motor Vehicle,1,Clear,Dry,Dark-Not Lighted
2024-03-22T14:20:00.000,I 75,,,Rear End,2,Rain,Wet,Dark-Lighted
2024-05-27T10:34:00.000,I 285,,,Not a Collision with Motor Vehicle,1,Rain,Wet,Daylight
2024-02-07T08:04:00.000,I 75,,,Sideswipe-Same Direction,2,Clear,Dry,Daylight
2024-07-12T16:00:00.000,I 75,,,Sideswipe-Same Direction,2,Clear,Dry,Daylight
2024-06-24T12:00:00.000,I 285,,,Angle Crash,2,Clear,Dry,Daylight
2024-12-14T16:35:00.000,I 85,,,Not a Collision with Motor Vehicle,1,Cloudy,Dry,Dawn
2024-02-28T10:00:00.000,I 20,,,Sideswipe-Same Direction,2,Clear,Dry,Daylight
2024-02-17T21:45:00.000,I 75,,,Sideswipe-Same Direction,2,Clear,Dry,Dark-Not Lighted
2024-10-17T09:05:00.000,I 285,,,Angle Crash,2,Clear,Dry,Daylight
2024-05-08T09:04:00.000,I 95,,,Sideswipe-Same Direction,2,Clear,Dry,Daylight
2024-12-10T10:25:00.000,I 75,,,Sideswipe-Same Direction,2,Rain,Wet,Daylight
2024-12-04T20:20:00.000,I 285,,,Rear End,4,Clear,Dry,Dark-Lighted
2024-12-13T13:30:00.000,I 75,,,Sideswipe-Same Direction,2,Clear,Dry,Daylight
2024-11-04T06:40:00.000,I 85,,,(None),1,(None),(None),(None)
2024-01-03T06:58:00.000,I 95,,,Sideswipe-Same Direction,2,Clear,Dry,Dark-Not Lighted
2024-07-11T15:50:00.000,I 75,,,Rear End,2,Clear,Dry,Daylight
2024-01-21T14:30:00.000,I 85,,,Rear End,2,Clear,Dry,Daylight
2024-04-23T16:00:00.000,I 95,,,Head On,1,Clear,Dry,Daylight
2024-02-21T18:40:00.000,I-75,,,Rear End,2,Clear,Dry,Daylight
2024-05-15T17:15:00.000,I 285,,,Sideswipe-Opposite Direction,2,Clear,Dry,Daylight
2024-01-24T06:44:00.000,I 75,,,Rear End,3,Rain,Wet,Dark-Not Lighted
2024-03-15T16:00:00.000,I-75,,,Sideswipe-Same Direction,2,Clear,Dry,Daylight
2024-10-15T15:51:00.000,I 75,,,Rear End,2,Clear,Dry,Daylight
2024-11-26T12:58:00.000,I 20,,,Sideswipe-Same Direction,2,Clear,Dry,Daylight
2024-10-24T19:00:00.000,I 20,,,Sideswipe-Same Direction,2,Clear,Dry,Daylight
2024-02-17T04:42:00.000,I 75,,,Sideswipe-Same Direction,3,Cloudy,Dry,Dark-Lighted
2024-12-17T19:04:00.000,I 85,,,Sideswipe-Same Direction,2,Clear,Dry,Dark-Not Lighted
2024-11-07T07:35:00.000,I 16,,,Not a Collision with Motor Vehicle,1,Rain,Wet,Daylight
2024-02-27T17:33:00.000,I 20,,,Rear End,2,Cloudy,Dry,Daylight
2024-06-29T00:18:00.000,I 75,,,Sideswipe-Same Direction,2,Rain,Wet,Dark-Not Lighted
2024-05-09T09:35:00.000,I 285,,,Rear End,2,Cloudy,Wet,Daylight
2024-12-21T11:35:00.000,I 75,,,Rear End,3,Clear,Dry,Daylight
2024-03-13T08:00:00.000,I 85,,,Not a Collision with Motor Vehicle,3,Clear,Dry,Daylight
2024-02-02T15:30:00.000,I 85,,,Rear End,2,Clear,Dry,Daylight
2024-09-06T12:41:00.000,I 85,,,Rear End,2,Clear,Dry,Daylight
2024-05-06T06:05:00.000,I 20,,,Angle Crash,2,Clear,Wet,Dark-Not Lighted
2024-10-28T21:45:00.000,I 75,,,Not a Collision with Motor Vehicle,1,Clear,Dry,Dark-Not Lighted
2024-11-12T21:56:00.000,I 75,,,Sideswipe-Same Direction,3,Clear,Dry,Dark-Not Lighted
2024-08-15T09:27:00.000,I 75,,,Sideswipe-Same Direction,2,Clear,Dry,Daylight
2024-08-30T18:30:00.000,I 85,,,Rear End,2,Rain,Wet,Daylight
2024-10-03T18:23:00.000,I 20,,,Rear End,2,Clear,Dry,Daylight
2024-04-27T13:09:00.000,I-75,,,Sideswipe-Same Direction,2,Clear,Dry,Dark-Lighted
2024-10-04T16:50:00.000,I 75,,,Rear End,3,Clear,Dry,Daylight
2024-02-22T07:39:00.000,I 285,,,Rear End,3,Clear,Dry,Daylight
2024-02-23T06:40:00.000,I 75,,,Sideswipe-Same Direction,2,Cloudy,Wet,Dark-Not Lighted
2024-08-29T13:39:00.000,I 75,,,Sideswipe-Same Direction,2,Cloudy,Dry,Daylight
2024-05-14T06:32:00.000,I 285,,,Sideswipe-Same Direction,2,Rain,Wet,Daylight
2024-11-04T14:45:00.000,I 285,,,Sideswipe-Opposite Direction,2,Clear,Dry,Daylight
2024-09-14T19:50:00.000,I 75,,,Not a Collision with Motor Vehicle,1,Rain,Wet,Dark-Lighted
2024-07-16T11:32:00.000,I 75,,,Rear End,2,Cloudy,Dry,Daylight
2024-06-18T00:00:00.000,I 20,,,Rear End,2,Clear,Dry,Dark-Not Lighted
2024-04-10T09:06:00.000,I-75,,,Rear End,2,Cloudy,Dry,Daylight
2024-05-28T08:00:00.000,I 20,,,Angle Crash,2,Clear,Dry,Daylight
2024-11-05T16:26:00.000,I 20,,,Rear End,2,Clear,Dry,Daylight
2024-04-25T18:24:00.000,I 20,,,Rear End,2,Clear,Dry,Daylight
2024-08-11T10:54:00.000,I 85,,,Rear End,2,Clear,Dry,Daylight
2024-12-21T13:05:00.000,I 75,,,Rear End,2,Clear,Dry,Daylight
2024-07-10T15:20:00.000,I 95,,,Rear End,2,Clear,Dry,Daylight
2024-03-20T21:20:00.000,I 85,,,Sideswipe-Same Direction,2,Clear,Dry,Dark-Not Lighted
2024-02-06T07:50:00.000,I 16,,,Rear End,2,Clear,Dry,Daylight
2024-06-14T21:00:00.000,I 20,,,Not a Collision with Motor Vehicle,1,Clear,Dry,Daylight
2024-11-01T17:15:00.000,I 285,,,Not a Collision with Motor Vehicle,1,Clear,Dry,Daylight
2024-03-16T04:41:00.000,I 285,,,Not a Collision with Motor Vehicle,1,Clear,Dry,Dark-Lighted
2024-03-09T14:52:00.000,I-75,,,Rear End,3,Clear,Dry,Daylight
2024-07-26T17:26:00.000,I 75,,,Rear End,3,Clear,Dry,Daylight
2024-10-27T15:05:00.000,I 20,,,Rear End,2,Clear,Dry,Daylight
2024-03-07T11:44:00.000,I 75,,,Rear End,3,Clear,Dry,Daylight
2024-05-25T15:00:00.000,I 16,,,(None),1,(None),(None),(None)
2024-04-04T00:00:00.000,I 285,,,Sideswipe-Same Direction,2,Clear,Dry,Daylight
2024-01-05T00:00:00.000,I 75,,,Sideswipe-Same Direction,2,Clear,Dry,Daylight
2024-11-26T18:27:00.000,I 75,,,Rear End,2,Clear,Dry,Dark-Lighted
2024-02-26T23:20:00.000,I 16,,,Sideswipe-Same Direction,2,Clear,Dry,Dark-Not Lighted
2024-06-15T01:00:00.000,I 285,,,Not a Collision with Motor Vehicle,2,Clear,Dry,Dark-Lighted
2024-07-31T18:00:00.000,I 75,,,Not a Collision with Motor Vehicle,1,Rain,Wet,Daylight
2024-07-02T17:52:00.000,I 85,,,Rear End,2,Clear,Dry,Daylight
2024-02-28T16:45:00.000,I 285,,,Rear End,2,Rain,Wet,Daylight
2024-06-14T08:30:00.000,I 75,,,Rear End,2,Clear,Dry,Daylight
2024-01-25T17:33:00.000,I 285,,,Rear End,2,Rain,Wet,Dusk
2024-01-26T08:28:00.000,I 85,,,Not a Collision with Motor Vehicle,1,Cloudy,Wet,Daylight
2024-06-25T15:32:00.000,I 85,,,Not a Collision with Motor Vehicle,1,Clear,Dry,Daylight
2024-05-31T19:40:00.000,I 75,,,Sideswipe-Same Direction,2,Clear,Dry,Daylight
2024-05-09T00:00:00.000,I 75,,,Sideswipe-Same Direction,2,Cloudy,Wet,Daylight
2024-03-01T11:14:00.000,I 20,,,Rear End,2,Rain,Wet,Daylight
2024-02-18T14:30:00.000,I-75,,,Sideswipe-Same Direction,2,Clear,Dry,Daylight
2024-04-28T15:00:00.000,I-75,,,Sideswipe-Same Direction,2,Cloudy,Dry,Daylight
2024-06-27T21:17:00.000,I 75,,,Rear End,2,Cloudy,Dry,Daylight
2024-04-24T15:55:00.000,I 85,,,Angle Crash,2,Cloudy,Dry,Daylight
2024-02-03T20:27:00.000,I 20,,,Rear End,2,Clear,Dry,Dark-Lighted
2024-03-10T18:10:00.000,I-75,,,Sideswipe-Same Direction,2,Clear,Dry,Daylight
2024-01-27T15:37:00.000,I 85,,,Sideswipe-Same Direction,2,Rain,Wet,Daylight
2024-10-31T18:18:00.000,I 75,,,Rear End,2,Clear,Dry,Daylight
2024-09-09T10:56:00.000,I 85,,,Sideswipe-Same Direction,2,Clear,Dry,Daylight
2024-03-06T01:15:00.000,I 285,,,Not a Collision with Motor Vehicle,5,Rain,Wet,Dark-Not Lighted
2024-03-16T20:03:00.000,I 75,,,Rear End,2,Clear,Dry,Dark-Not Lighted
2024-04-29T15:36:00.000,I 85,,,Rear End,2,Clear,Dry,Daylight
2024-01-09T13:50:00.000,I 20,,,Angle Crash,2,Rain,Wet,Daylight
2024-03-01T20:28:00.000,I 75,,,Sideswipe-Opposite Direction,2,Rain,Wet,Dark-Not Lighted
2024-08-18T00:47:00.000,I 75,,,Sideswipe-Same Direction,2,Cloudy,Wet,Dark-Not Lighted
2024-03-09T08:52:00.000,I 285,,,Not a Collision with Motor Vehicle,1,Cloudy,Wet,Daylight
2024-07-29T07:35:00.000,I 75,,,Rear End,2,Cloudy,Dry,Daylight
2024-01-25T07:25:00.000,I 20,,,Not a Collision with Motor Vehicle,1,Rain,Wet,Dusk
2024-06-09T16:48:00.000,I 75,,,Rear End,3,Clear,Dry,Daylight
2024-04-27T13:55:00.000,I-75,,,Rear End,2,Clear,Dry,Daylight
2024-02-23T12:02:00.000,I 16,,,Not a Collision with Motor Vehicle,1,Cloudy,Dry,Daylight
2024-07-25T15:35:00.000,I 75,,,Sideswipe-Same Direction,2,Cloudy,Dry,Daylight
2024-04-27T09:24:00.000,I 20,,,Rear End,2,Cloudy,Dry,Daylight
2024-12-14T05:09:00.000,I 20,,,Sideswipe-Same Direction,2,Clear,Dry,Dark-Not Lighted
2024-02-24T23:19:00.000,I-75,,,Rear End,3,Clear,Dry,Dark-Lighted
2024-03-02T18:07:00.000,I-75,,,Angle Crash,2,Clear,Dry,Daylight
2024-01-10T19:00:00.000,I-75,,,Rear End,2,Clear,Dry,Dark-Lighted
2024-08-13T16:30:00.000,I 285,,,Rear End,2,Clear,Dry,Daylight
2024-09-19T12:02:00.000,I 20,,,Angle Crash,3,Clear,Dry,Daylight
2024-04-05T19:10:00.000,I 95,,,Sideswipe-Same Direction,2,Clear,Dry,Daylight
2024-06-06T14:37:00.000,I 75,,,Angle Crash,2,Cloudy,Dry,Daylight
2024-03-23T14:00:00.000,I 285,,,Rear End,2,Clear,Dry,Daylight
2024-01-19T15:40:00.000,I 85,,,Not a Collision with Motor Vehicle,1,Clear,Dry,Daylight
2024-12-21T06:45:00.000,I 20,,,Rear End,2,Clear,Dry,Dusk
2024-01-25T17:00:00.000,I 20,,,Rear End,2,Rain,Wet,Daylight
2024-05-12T22:30:00.000,I 285,,,Not a Collision with Motor Vehicle,2,Clear,Dry,Dark-Lighted
2024-10-20T21:12:00.000,I 75,,,Rear End,2,Clear,Dry,Dark-Not Lighted
2024-02-23T19:50:00.000,I 20,,,Rear End,3,Clear,Dry,Daylight
2024-09-02T14:23:00.000,I 20,,,Not a Collision with Motor Vehicle,1,Rain,Wet,Daylight
2024-01-23T21:55:00.000,I 95,,,Sideswipe-Same Direction,2,Rain,Wet,Dawn
2024-03-24T17:05:00.000,I 75,,,Rear End,2,Clear,Dry,Daylight
2024-07-28T20:30:00.000,I-75,,,Angle Crash,2,Rain,Wet,Dark-Lighted
2024-01-26T05:16:00.000,I-75,,,Not a Collision with Motor Vehicle,1,Cloudy,Dry,Dark-Not Lighted
2024-05-01T08:32:00.000,I 85,,,Rear End,2,Clear,Dry,Daylight
2024-04-02T15:00:00.000,I 285,,,Rear End,2,Clear,Dry,Daylight
2024-03-16T10:45:00.000,I-75,,,Sideswipe-Same Direction,2,Clear,Dry,Daylight
2024-12-02T13:07:00.000,I 75,,,Rear End,2,Clear,Dry,Daylight
2024-09-18T21:30:00.000,I-75,,,Sideswipe-Same Direction,2,Clear,Dry,Daylight
2024-08-13T13:55:00.000,I 285,,,Sideswipe-Same Direction,2,Cloudy,Dry,Daylight
2024-10-08T08:29:00.000,I 75,,,Not a Collision with Motor Vehicle,2,Clear,Dry,Daylight
2024-01-24T18:26:00.000,I 285,,,Sideswipe-Same Direction,2,Cloudy,Wet,Dark-Not Lighted
2024-09-14T03:46:00.000,I 285,,,Angle Crash,2,Cloudy,Dry,Dark-Not Lighted
2024-04-21T12:48:00.000,I 285,,,Sideswipe-Same Direction,2,Rain,Wet,Dark-Lighted
2024-08-29T11:18:00.000,I 75,,,Not a Collision with Motor Vehicle,1,Clear,Dry,Daylight
2024-02-02T12:42:00.000,I 75,,,Not a Collision with Motor Vehicle,1,Clear,Dry,Daylight
2024-08-02T16:19:00.000,I 75,,,Rear End,3,Clear,Dry,Daylight
2024-12-09T11:01:00.000,I 285,,,Not a Collision with Motor Vehicle,1,Rain,Wet,Daylight
2024-10-22T17:22:00.000,I 75,,,Sideswipe-Same Direction,2,Clear,Dry,Daylight
2024-06-20T11:43:00.000,I 285,,,Not a Collision with Motor Vehicle,1,Clear,Dry,Daylight
2024-12-09T12:42:00.000,I 75,,,Rear End,2,Rain,Wet,Daylight
2024-06-25T22:03:00.000,I 75,,,Sideswipe-Same Direction,2,Clear,Dry,Dark-Not Lighted
2024-10-28T03:20:00.000,I 75,,,Not a Collision with Motor Vehicle,2,Clear,Dry,Dark-Lighted
2024-03-21T20:46:00.000,I 20,,,Sideswipe-Same Direction,2,Clear,Dry,Dark-Not Lighted
2024-10-13T14:05:00.000,I 285,,,Angle Crash,2,Clear,Dry,Daylight
2024-08-02T16:44:00.000,I 20,,,Rear End,2,Clear,Dry,Daylight
2024-01-22T07:31:00.000,I 285,,,Rear End,2,Clear,Dry,Daylight
2024-01-20T14:17:00.000,I 85,,,Rear End,2,Clear,Dry,Daylight
2024-03-28T16:06:00.000,I 75,,,Sideswipe-Same Direction,2,Clear,Dry,Daylight
2024-03-26T16:00:00.000,I 285,,,Not a Collision with Motor Vehicle,1,Rain,Dry,Daylight
2024-08-04T15:00:00.000,I 85,,,Rear End,2,Clear,Dry,Daylight
2024-05-09T12:59:00.000,I 285,,,Rear End,3,Rain,Wet,Daylight
2024-02-04T15:48:00.000,I 85,,,Not a Collision with Motor Vehicle,1,Rain,Wet,Daylight
2024-02-06T09:23:00.000,I 285,,,Rear End,3,Clear,Dry,Daylight
2024-02-23T17:29:00.000,I 75,,,Not a Collision with Motor Vehicle,2,Clear,Dry,Daylight
2024-07-29T22:00:00.000,I-75,,,Angle Crash,2,Rain,Wet,Dark-Not Lighted
2024-10-25T11:58:00.000,I 75,,,Rear End,2,Clear,Dry,Daylight
2024-09-13T09:40:00.000,I 285,,,Sideswipe-Same Direction,2,Cloudy,Dry,Daylight
2024-05-31T13:52:00.000,I 75,,,Rear End,2,Clear,Dry,Daylight
2024-02-15T20:46:00.000,I-75,,,Rear End,2,Clear,Dry,Dark-Lighted
2024-02-04T18:07:00.000,I 285,,,Angle Crash,2,Rain,Wet,Dark-Not Lighted
2024-08-13T18:00:00.000,I 20,,,Rear End,2,Clear,Dry,Daylight
2024-12-15T02:44:00.000,I 285,,,Rear End,2,Clear,Dry,Dark-Not Lighted
2024-10-22T17:00:00.000,I 85,,,Rear End,2,Clear,Dry,Daylight
2024-10-24T15:38:00.000,I 285,,,Sideswipe-Same Direction,2,Clear,Dry,Daylight
2024-04-11T06:30:00.000,I 85,,,Angle Crash,2,Clear,Dry,Daylight
2024-01-25T22:34:00.000,I 285,,,Not a Collision with Motor Vehicle,1,Rain,Wet,Dark-Not Lighted
2024-03-27T07:48:00.000,I-75,,,Sideswipe-Same Direction,2,Cloudy,Dry,Daylight
2024-02-09T12:25:00.000,I 85,,,Sideswipe-Same Direction,2,Clear,Dry,Daylight
2024-02-06T09:20:00.000,I 75,,,Sideswipe-Same Direction,2,Clear,Dry,Daylight
2024-01-26T11:04:00.000,I 75,,,Not a Collision with Motor Vehicle,1,Clear,Dry,Daylight
2024-11-03T00:12:00.000,I 75,,,Rear End,2,Cloudy,Dry,Dark-Not Lighted
2024-11-06T17:05:00.000,I 20,,,Not a Collision with Motor Vehicle,1,Rain,Wet,Daylight
2024-09-14T09:50:00.000,I 75,,,Not a Collision with Motor Vehicle,1,Cloudy,Dry,Daylight