Date and Time,Roadway (From Crash Report),Intersection Name (from Crash Report),KABCO Severity,Manner of Collision (Crash Level) ,# of Vehicles per crash ,Weather Conditions (Crash Level),Surface Condition (Crash Level) ,Light Conditions (Crash Level)
2024-08-17T22:50:00.000,I 285,,,Not a Collision with Motor Vehicle,1,Rain,Wet,Dark-Not Lighted
2024-07-11T16:40:00.000,I 85,,,Sideswipe-Same Direction,2,Clear,Dry,Daylight
2024-06-27T17:37:00.000,I 75,,,Rear End,2,Clear,Dry,Daylight
2024-06-11T16:30:00.000,I 20,,,Rear End,2,Clear,Dry,Daylight
2024-06-05T17:00:00.000,I-75,,,Sideswipe-Same Direction,2,Clear,Dry,Daylight
2024-05-01T10:54:00.000,I-75,,,Rear End,3,Clear,Dry,Daylight
2024-04-27T20:37:00.000,I 85,,,Head On,2,Clear,Dry,Dark-Lighted
2024-02-16T11:36:00.000,I 75,,,Rear End,2,Clear,Dry,Daylight
2024-10-19T15:55:00.000,I 20,,,Rear End,2,Clear,Dry,Daylight
2024-10-19T01:15:00.000,I-75,,,Not a Collision with Motor Vehicle,1,Clear,Dry,Dark-Lighted
2024-10-19T08:32:00.000,I 75,,,Not a Collision with Motor Vehicle,1,Clear,Dry,Daylight
2024-09-24T16:49:00.000,I 85,,,Sideswipe-Same Direction,2,Clear,Dry,Daylight
2024-09-07T18:24:00.000,I 20,,,Sideswipe-Same Direction,2,Clear,Dry,Daylight
2024-06-22T17:55:00.000,I-75,,,Rear End,3,Clear,Dry,Daylight
2024-06-04T18:12:00.000,I 285,,,Angle Crash,2,Clear,Dry,Daylight
2024-04-13T17:25:00.000,I 20,,,Rear End,2,Clear,Dry,Daylight
2024-03-27T09:00:00.000,I-75,,,Sideswipe-Same Direction,2,Rain,Water (standing or moving),Daylight
2024-02-20T16:40:00.000,I 85,,,Rear End,2,Clear,Dry,Daylight
2024-01-23T23:00:00.000,I-75,,,Sideswipe-Same Direction,2,Clear,Water (standing or moving),Dark-Lighted
2024-12-08T00:00:00.000,I 75,,,Sideswipe-Same Direction,2,Clear,Dry,Dark-Lighted
2024-11-11T17:50:00.000,I 20,,,Rear End,2,Clear,Dry,Daylight
2024-10-30T15:37:00.000,I 16,,,Angle Crash,2,Clear,Dry,Daylight
2024-10-08T11:22:00.000,I 75,,,Rear End,2,Clear,Dry,Daylight
2024-08-28T16:50:00.000,I 85,,,Angle Crash,2,Clear,Dry,Daylight
2024-08-29T18:59:00.000,I 75,,,Sideswipe-Same Direction,2,Clear,Dry,Daylight
2024-08-23T14:13:00.000,I-75,,,Rear End,2,Clear,Dry,Daylight
2024-08-05T06:19:00.000,I 75,,,Sideswipe-Same Direction,2,Clear,Dry,Daylight
2024-07-05T21:15:00.000,I-75,,,Sideswipe-Same Direction,2,Clear,Dry,Dark-Lighted
2024-05-15T07:29:00.000,I 85,,,Sideswipe-Same Direction,2,Cloudy,Dry,Daylight
2024-05-02T12:02:00.000,I 75,,,Rear End,2,Clear,Dry,Daylight
2024-03-09T01:15:00.000,I 285,,,Not a Collision with Motor Vehicle,1,Rain,Wet,Dark-Not Lighted
2024-02-12T03:50:00.000,I 285,,,Not a Collision with Motor Vehicle,1,Rain,Water (standing or moving),Dark-Not Lighted
2024-01-14T02:20:00.000,I-75,,,Rear End,2,Clear,Dry,Dark-Lighted
2024-01-06T12:51:00.000,I 285,,,Rear End,2,Clear,Dry,Daylight
2024-01-05T06:30:00.000,I 285,,,Not a Collision with Motor Vehicle,1,Clear,Dry,Daylight
2024-10-30T01:50:00.000,I 285,,,Angle Crash,3,Clear,Dry,Dark-Lighted
2024-09-19T10:20:00.000,I 285,,,Sideswipe-Same Direction,2,Clear,Dry,Daylight
2024-08-30T04:58:00.000,I 285,,,Not a Collision with Motor Vehicle,1,Clear,Dry,Dark-Not Lighted
2024-07-28T23:16:00.000,I 285,,,Sideswipe-Same Direction,6,Cloudy,Wet,Dark-Not Lighted
2024-05-15T16:36:00.000,I 85,,,Rear End,2,Clear,Dry,Daylight
2024-05-15T17:15:00.000,I 95,,,Rear End,2,Clear,Dry,Daylight
2024-05-10T05:40:00.000,I 285,,,Rear End,2,Rain,Wet,Dark-Not Lighted
2024-04-11T07:00:00.000,I 75,,,Not a Collision with Motor Vehicle,1,Rain,Wet,Dawn
2024-03-24T16:30:00.000,I 20,,,Sideswipe-Same Direction,2,Clear,Dry,Daylight
2024-02-04T04:55:00.000,I 75,,,Not a Collision with Motor Vehicle,1,Rain,Wet,Daylight
2024-02-04T15:00:00.000,I 75,,,Not a Collision with Motor Vehicle,1,Rain,Wet,Daylight
2024-01-16T12:23:00.000,I 75,,,Not a Collision with Motor Vehicle,1,Clear,Dry,Daylight
2024-12-20T21:13:00.000,I 75,,,Sideswipe-Same Direction,2,Clear,Dry,Dark-Lighted
2024-12-06T22:08:00.000,I 75,,,Rear End,2,Clear,Dry,Dark-Not Lighted
2024-11-07T18:27:00.000,I-75,,,Sideswipe-Same Direction,2,Cloudy,Wet,Dark-Not Lighted
2024-09-26T20:00:00.000,I 20,,,Sideswipe-Same Direction,2,Rain,Wet,Dark-Lighted
2024-08-30T17:31:00.000,I 16,,,Rear End,2,Clear,Dry,Daylight
2024-08-20T06:08:00.000,I 20,,,Rear End,3,Clear,Dry,Dark-Not Lighted
2024-08-04T19:00:00.000,I 85,,,Rear End,2,Clear,Dry,Daylight
2024-07-26T23:20:00.000,I 285,,,Not a Collision with Motor Vehicle,1,Rain,Water (standing or moving),Dark-Not Lighted
2024-07-26T10:15:00.000,I 75,,,Not a Collision with Motor Vehicle,2,Clear,Dry,Daylight
2024-06-03T23:20:00.000,I 75,,,Sideswipe-Same Direction,2,Clear,Dry,Dark-Lighted
2024-05-23T04:00:00.000,I 75,,,Rear End,2,Clear,Dry,Dark-Not Lighted
2024-05-07T17:00:00.000,I 285,,,Sideswipe-Same Direction,2,Clear,Dry,Daylight
2024-05-06T02:00:00.000,I-75,,,Not a Collision with Motor Vehicle,1,Clear,Dry,Dark-Lighted
2024-04-25T08:45:00.000,I 16,,,Not a Collision with Motor Vehicle,2,Clear,Dry,Daylight
2024-04-23T23:11:00.000,I 85,,,Sideswipe-Same Direction,2,Clear,Dry,Dark-Lighted
2024-02-21T00:00:00.000,I 285,,,Sideswipe-Same Direction,2,Clear,Dry,Daylight
2024-01-19T20:10:00.000,I 85,,,Not a Collision with Motor Vehicle,1,Clear,Dry,Dark-Not Lighted
2024-01-18T07:38:00.000,I 285,,,Rear End,2,Clear,Dry,Daylight
2024-11-13T11:10:00.000,I 285,,,Rear End,3,Clear,Dry,Daylight
2024-10-21T07:00:00.000,I 285,,,Sideswipe-Same Direction,2,Clear,Dry,Dawn
2024-09-14T01:21:00.000,I 75,,,Angle Crash,2,Cloudy,Dry,Dark-Not Lighted
2024-09-02T19:21:00.000,I 20,,,Not a Collision with Motor Vehicle,1,Clear,Dry,Dark-Not Lighted
2024-08-22T07:00:00.000,I 285,,,Sideswipe-Same Direction,2,Cloudy,Dry,Daylight
2024-08-12T14:00:00.000,I 85,,,Sideswipe-Same Direction,2,Clear,Dry,Daylight
2024-07-24T05:18:00.000,I 75,,,Sideswipe-Same Direction,2,Cloudy,Dry,Dark-Lighted
2024-07-17T18:28:00.000,I 85,,,Rear End,3,Clear,Dry,Daylight
2024-07-16T18:48:00.000,I 85,,,Angle Crash,3,Clear,Dry,Daylight
2024-05-17T08:10:00.000,I 285,,,Rear End,2,Rain,Wet,Daylight
2024-05-15T14:52:00.000,I 285,,,Angle Crash,2,Clear,Dry,Daylight
2024-04-01T15:50:00.000,I 285,,,Rear End,2,Cloudy,Dry,Daylight
2024-03-21T07:00:00.000,I 95,,,Not a Collision with Motor Vehicle,3,Clear,Dry,Daylight
2024-03-02T11:27:00.000,I 285,,,Rear End,2,Cloudy,Dry,Daylight
2024-01-14T21:40:00.000,I 20,,,Sideswipe-Same Direction,2,Clear,Dry,Dark-Lighted
2024-12-13T16:33:00.000,I 75,,,Rear End,2,Clear,Dry,Dark-Lighted
2024-11-29T09:25:00.000,I 285,,,Rear End,2,Clear,Dry,Daylight
2024-11-14T17:40:00.000,I 75,,,Sideswipe-Same Direction,2,Cloudy,Dry,Dark-Lighted
2024-11-03T18:19:00.000,I 285,,,Sideswipe-Same Direction,2,Clear,Dry,Dark-Not Lighted
2024-11-01T00:00:00.000,I 85,,,Rear End,2,Clear,Dry,Dark-Not Lighted
2024-10-15T00:00:00.000,I 285,,,Angle Crash,2,Clear,Dry,Daylight
2024-10-08T09:42:00.000,I 285,,,Rear End,2,Clear,Dry,Daylight
2024-08-31T11:50:00.000,I 285,,,Angle Crash,3,Clear,Dry,Daylight
2024-08-21T09:43:00.000,I 85,,,Rear End,2,Clear,Dry,Daylight
2024-07-23T18:54:00.000,I 75,,,Rear End,2,Rain,Wet,Daylight
2024-08-10T13:48:00.000,I 85,,,Rear End,2,Clear,Dry,Daylight
2024-07-31T16:30:00.000,I-75,,,Angle Crash,2,Clear,Dry,Daylight
2024-07-16T07:53:00.000,I 75,,,Sideswipe-Same Direction,2,Clear,Dry,Daylight
2024-05-16T18:09:00.000,I 85,,,Sideswipe-Same Direction,3,Clear,Dry,Daylight
2024-04-14T17:33:00.000,I 75,,,Not a Collision with Motor Vehicle,1,Clear,Dry,Daylight
2024-04-10T12:52:00.000,I 85,,,Sideswipe-Same Direction,2,Clear,Dry,Daylight
2024-04-03T14:19:00.000,I 20,,,Not a Collision with Motor Vehicle,1,Clear,Dry,Daylight
2024-01-27T06:08:00.000,I 85,,,Angle Crash,2,Rain,Wet,Dark-Lighted
2024-01-25T11:36:00.000,I 75,,,Sideswipe-Same Direction,2,Rain,Wet,Daylight
2024-10-07T21:50:00.000,I 75,,,Sideswipe-Same Direction,2,Clear,Dry,Dark-Lighted
2024-11-03T01:15:00.000,I 85,,,Angle Crash,3,Clear,Dry,Dark-Not Lighted
2024-10-28T01:43:00.000,I 285,,,Rear End,2,Clear,Dry,Dark-Lighted
2024-10-10T16:46:00.000,I 85,,,Rear End,2,Clear,Dry,Daylight
2024-09-17T08:46:00.000,I 16,,,Rear End,2,Clear,Dry,Daylight
2024-09-08T20:02:00.000,I 16,,,Not a Collision with Motor Vehicle,1,Clear,Dry,Dark-Not Lighted
2024-08-31T09:50:00.000,I 85,,,Rear End,2,Clear,Dry,Daylight
2024-08-31T01:15:00.000,I 20,,,Rear End,2,Clear,Dry,Dark-Not Lighted
2024-08-14T07:26:00.000,I 285,,,Rear End,2,Clear,Dry,Daylight
2024-07-28T19:09:00.000,I 75,,,Not a Collision with Motor Vehicle,1,Severe Thunderstorm or Tornadic,Wet,Daylight
2024-06-30T00:15:00.000,I-75,,,Rear End,2,Clear,Dry,Dark-Lighted
2024-06-19T15:13:00.000,I 85,,,Rear End,2,Clear,Dry,Daylight
2024-06-10T20:30:00.000,I-75,,,Not a Collision with Motor Vehicle,2,Clear,Dry,Dark-Lighted
2024-05-27T17:54:00.000,I 285,,,Sideswipe-Same Direction,2,Clear,Dry,Daylight
2024-04-24T09:20:00.000,I 20,,,Rear End,2,Clear,Dry,Daylight
2024-02-25T13:56:00.000,I-75,,,Angle Crash,2,Clear,Dry,Daylight
2024-12-06T08:36:00.000,I 16,,,Rear End,2,Clear,Dry,Daylight
2024-12-02T12:08:00.000,I 85,,,Rear End,2,Clear,Dry,Daylight
2024-11-29T15:16:00.000,I 85,,,Rear End,2,Clear,Dry,Daylight
2024-11-11T22:27:00.000,I 20,,,Not a Collision with Motor Vehicle,1,Clear,Dry,Dark-Not Lighted
2024-10-24T17:45:00.000,I 75,,,Angle Crash,2,Clear,Dry,Daylight
2024-10-23T19:27:00.000,I 285,,,Rear End,3,Clear,Dry,Daylight
2024-10-17T13:20:00.000,I 75,,,Rear End,2,Clear,Dry,Daylight
2024-10-01T01:00:00.000,I-75,,,Not a Collision with Motor Vehicle,1,Clear,Dry,Dark-Lighted
2024-07-19T22:00:00.000,I 285,,,Rear End,2,Rain,Wet,Dark-Not Lighted
2024-05-09T00:00:00.000,I 75,,,Not a Collision with Motor Vehicle,1,Severe Thunderstorm or Tornadic,Wet,Dark-Not Lighted
2024-05-22T17:18:00.000,I 85,,,Rear End,2,Clear,Dry,Daylight
2024-05-23T22:49:00.000,I 20,,,Sideswipe-Same Direction,2,Clear,Dry,Dark-Lighted
2024-03-13T17:02:00.000,I 75,,,Sideswipe-Same Direction,2,Clear,Dry,Daylight
2024-03-03T02:30:00.000,I 75,,,Sideswipe-Same Direction,2,Fog,Wet,Dark-Not Lighted
2024-03-03T20:00:00.000,I-75,,,Sideswipe-Same Direction,2,Clear,Dry,Dark-Not Lighted
2024-02-04T17:09:00.000,I-75,,,Sideswipe-Same Direction,3,Rain,Dry,Daylight
2024-01-19T19:59:00.000,I-75,,,Sideswipe-Same Direction,2,Clear,Dry,Dark-Lighted
2024-12-06T20:18:00.000,I 16,,,Not a Collision with Motor Vehicle,1,Clear,Dry,Dark-Not Lighted
2024-11-23T08:52:00.000,I 85,,,Sideswipe-Same Direction,2,Clear,Dry,Daylight
2024-11-09T14:23:00.000,I-75,,,Rear End,2,Clear,Dry,Daylight
2024-10-31T14:05:00.000,I 285,,,Rear End,3,Clear,Dry,Daylight
2024-09-01T11:54:00.000,I 20,,,Not a Collision with Motor Vehicle,1,Clear,Dry,Daylight
2024-06-25T07:30:00.000,I 20,,,Rear End,2,Clear,Dry,Daylight
2024-06-18T11:00:00.000,I 95,,,Sideswipe-Same Direction,2,Clear,Dry,Daylight
2024-06-08T15:30:00.000,I 85,,,Not a Collision with Motor Vehicle,2,Clear,Dry,Daylight
2024-05-09T16:49:00.000,I 285,,,Rear End,2,Cloudy,Dry,Daylight
2024-04-30T08:00:00.000,I 285,,,Rear End,2,Clear,Dry,Daylight
2024-04-27T15:46:00.000,I 285,,,Rear End,2,Cloudy,Dry,Daylight
2024-03-06T04:30:00.000,I 20,,,Not a Collision with Motor Vehicle,1,Rain,Water (standing or moving),Dark-Lighted
2024-03-06T06:41:00.000,I 85,,,Rear End,2,Rain,Wet,Dark-Not Lighted
2024-01-17T23:38:00.000,I 85,,,Head On,2,Clear,Dry,Dark-Lighted
2024-01-14T14:40:00.000,I 285,,,Rear End,2,Clear,Dry,Daylight
2024-11-29T14:10:00.000,I 75,,,Rear End,4,Clear,Dry,Daylight
2024-11-15T22:02:00.000,I 285,,,Not a Collision with Motor Vehicle,1,Clear,Dry,Dark-Lighted
2024-11-04T00:33:00.000,I 75,,,Not a Collision with Motor Vehicle,1,Clear,Dry,Dark-Lighted
2024-10-03T10:00:00.000,I 85,,,Sideswipe-Same Direction,2,Cloudy,Dry,Daylight
2024-04-19T16:00:00.000,I-75,,,Rear End,2,Clear,Dry,Daylight
2024-04-03T12:25:00.000,I 85,,,Not a Collision with Motor Vehicle,2,Clear,Dry,Daylight
2024-04-03T08:26:00.000,I 85,,,Rear End,2,Clear,Dry,Daylight
2024-03-14T13:50:00.000,I 75,,,Sideswipe-Same Direction,3,Clear,Dry,Daylight
2024-03-01T13:45:00.000,I 285,,,Rear End,2,Rain,Wet,Daylight
2024-02-22T14:00:00.000,I 85,,,Not a Collision with Motor Vehicle,2,Clear,Dry,Daylight
2024-02-05T08:15:00.000,I 285,,,Not a Collision with Motor Vehicle,1,Cloudy,Wet,Daylight
2024-11-22T20:43:00.000,I 85,,,Rear End,2,Clear,Dry,Dark-Not Lighted
2024-11-07T16:40:00.000,I 95,,,Rear End,2,Rain,Wet,Daylight
2024-09-27T00:00:00.000,I 85,,,Not a Collision with Motor Vehicle,1,Clear,Wet,Daylight
2024-08-17T17:07:00.000,I 85,,,Rear End,2,Clear,Dry,Daylight
2024-07-02T15:10:00.000,I 20,,,Angle Crash,2,Cloudy,Dry,Daylight
2024-06-15T19:25:00.000,I 85,,,Angle Crash,2,Rain,Wet,Daylight
2024-05-13T00:00:00.000,I 20,,,Not a Collision with Motor Vehicle,1,Clear,Dry,Dark-Not Lighted
2024-03-14T13:45:00.000,I 75,,,Rear End,2,Clear,Dry,Daylight
2024-01-19T15:00:00.000,I 75,,,Rear End,2,Clear,Dry,Daylight
2024-12-07T19:50:00.000,I-75,,,Rear End,2,Clear,Dry,Dark-Lighted
2024-10-30T23:37:00.000,I-75,,,Sideswipe-Same Direction,2,Clear,Dry,Dark-Not Lighted
2024-10-06T08:19:00.000,I 85,,,Rear End,2,Clear,Dry,Daylight
2024-08-12T17:05:00.000,I 285,,,Sideswipe-Same Direction,2,Clear,Dry,Daylight
2024-06-29T06:03:00.000,I 75,,,Rear End,2,Clear,Dry,Daylight
2024-06-21T18:17:00.000,I 20,,,Rear End,2,Clear,Dry,Daylight
2024-06-14T11:13:00.000,I 85,,,Sideswipe-Same Direction,2,Clear,Dry,Daylight
2024-06-09T05:39:00.000,I 85,,,Not a Collision with Motor Vehicle,1,Clear,Dry,Dark-Lighted
2024-05-01T09:20:00.000,I 285,,,Rear End,2,Rain,Wet,Daylight
2024-03-24T17:40:00.000,I 75,,,Sideswipe-Same Direction,2,Clear,Dry,Daylight
2024-02-19T14:10:00.000,I 285,,,Sideswipe-Same Direction,2,Clear,Dry,Daylight
2024-02-12T13:30:00.000,I 20,,,Sideswipe-Same Direction,2,Rain,Wet,Daylight
2024-02-02T15:26:00.000,I 75,,,Rear End,2,Clear,Dry,Daylight
2024-11-28T12:45:00.000,I 285,,,Rear End,2,Clear,Dry,Daylight
2024-11-26T19:45:00.000,I 285,,,Rear End,2,Clear,Dry,Dark-Lighted
2024-09-09T16:18:00.000,I 285,,,Rear End,2,Clear,Dry,Daylight
2024-05-29T17:58:00.000,I 85,,,Angle Crash,2,Clear,Dry,Daylight
2024-05-08T07:42:00.000,I 75,,,Rear End,2,Cloudy,Dry,Daylight
2024-04-11T14:16:00.000,I 75,,,Rear End,2,Cloudy,Dry,Daylight
2024-03-29T14:00:00.000,I 285,,,Sideswipe-Same Direction,2,Clear,Dry,Daylight
2024-03-27T11:42:00.000,I-75,,,Rear End,2,Clear,Dry,Daylight
2024-03-20T17:19:00.000,I 85,,,Sideswipe-Same Direction,2,Clear,Dry,Daylight
2024-01-30T00:19:00.000,I-75,,,Not a Collision with Motor Vehicle,1,Clear,Dry,Dark-Lighted
2024-01-29T11:30:00.000,I 95,,,Angle Crash,2,Clear,Dry,Daylight
2024-11-24T05:32:00.000,I 75,,,Not a Collision with Motor Vehicle,2,Clear,Dry,Dark-Not Lighted
2024-12-12T06:40:00.000,I 16,,,Not a Collision with Motor Vehicle,1,Clear,Dry,Dark-Not Lighted
2024-11-15T14:04:00.000,I 16,,,Rear End,2,Clear,Dry,Daylight
2024-11-08T14:45:00.000,I 85,,,Sideswipe-Same Direction,2,Clear,Dry,Daylight
2024-10-27T00:50:00.000,I 285,,,Sideswipe-Same Direction,2,Clear,Dry,Dark-Not Lighted
2024-10-07T14:39:00.000,I 75,,,Sideswipe-Same Direction,2,Clear,Dry,Dark-Lighted
2024-07-17T14:07:00.000,I 85,,,Sideswipe-Same Direction,2,Clear,Dry,Daylight
2024-07-02T11:15:00.000,I 285,,,Rear End,2,Clear,Dry,Daylight
2024-06-05T20:50:00.000,I 85,,,Rear End,2,Clear,Dry,Dusk
2024-05-08T14:30:00.000,I 75,,,Rear End,3,Clear,Dry,Daylight
2024-05-02T17:50:00.000,I 85,,,Rear End,2,Clear,Dry,Daylight
2024-04-26T02:56:00.000,I 285,,,Rear End,2,Clear,Dry,Dark-Lighted
2024-04-08T10:54:00.000,I 85,,,Not a Collision with Motor Vehicle,1,Clear,Dry,Daylight
2024-03-26T16:15:00.000,I 285,,,Not a Collision with Motor Vehicle,1,Rain,Wet,Daylight
2024-02-23T09:08:00.000,I 285,,,Sideswipe-Same Direction,2,Cloudy,Dry,Daylight
2024-02-12T05:30:00.000,I 16,,,(None),1,(None),(None),(None)
2024-02-04T19:02:00.000,I 75,,,Not a Collision with Motor Vehicle,1,Rain,Wet,Dark-Not Lighted
2024-01-13T15:20:00.000,I-75,,,Rear End,2,Clear,Dry,Daylight
2024-10-23T00:00:00.000,I 20,,,Rear End,2,Clear,Dry,Dark-Not Lighted
2024-09-15T17:15:00.000,I 285,,,Not a Collision with Motor Vehicle,1,Clear,Dry,Daylight
2024-08-11T17:30:00.000,I 285,,,Rear End,2,Clear,Dry,Daylight
2024-07-26T19:45:00.000,I 20,,,Angle Crash,2,Rain,Wet,Daylight
2024-07-23T17:57:00.000,I 85,,,Rear End,2,Clear,Dry,Daylight
2024-06-29T10:00:00.000,I 85,,,Sideswipe-Same Direction,2,Clear,Dry,Daylight
2024-06-15T04:21:00.000,I-75,,,Sideswipe-Same Direction,2,Clear,Dry,Dark-Not Lighted
2024-06-02T09:45:00.000,I 75,,,Not a Collision with Motor Vehicle,1,Rain,Dry,Daylight
2024-04-14T21:30:00.000,I 285,,,Sideswipe-Same Direction,2,Clear,Dry,Dark-Lighted
2024-03-19T09:34:00.000,I 16,,,Rear End,2,Clear,Dry,Daylight
2024-03-05T08:42:00.000,I 85,,,Rear End,2,Cloudy,Dry,Daylight
2024-01-31T14:31:00.000,I 75,,,Rear End,2,Clear,Dry,Daylight
2024-01-23T12:35:00.000,I 75,,,Sideswipe-Same Direction,2,Rain,Wet,Daylight
2024-01-15T01:00:00.000,I 20,,,Sideswipe-Same Direction,2,Clear,Dry,Dark-Not Lighted
2024-12-09T10:30:00.000,I 20,,,Not a Collision with Motor Vehicle,1,Rain,Wet,Daylight
2024-12-01T19:25:00.000,I 75,,,Rear End,2,Clear,Dry,Dark-Not Lighted
2024-10-21T00:00:00.000,I 20,,,Rear End,2,Clear,Dry,Daylight
2024-09-20T02:21:00.000,I-75,,,Sideswipe-Same Direction,2,Clear,Dry,Dark-Lighted
2024-07-10T07:00:00.000,I 285,,,Not a Collision with Motor Vehicle,1,Clear,Dry,Daylight
2024-01-02T13:45:00.000,I 75,,,Rear End,2,Clear,Dry,Daylight
2024-03-15T12:00:00.000,I 285,,,Rear End,2,Clear,Dry,Daylight
2024-02-13T13:45:00.000,I 20,,,Rear End,2,Clear,Dry,Daylight
2024-01-26T17:10:00.000,I 75,,,Rear End,2,Clear,Dry,Daylight
2024-01-26T09:30:00.000,I 20,,,Not a Collision with Motor Vehicle,1,Cloudy,Dry,Daylight
2024-01-26T16:04:00.000,I 20,,,Sideswipe-Same Direction,2,Clear,Dry,Daylight
2024-01-25T01:18:00.000,I 95,,,Not a Collision with Motor Vehicle,1,Cloudy,Dry,Daylight
2024-11-30T21:00:00.000,I 285,,,Rear End,2,Clear,Dry,Dark-Not Lighted
2024-11-07T07:50:00.000,I 95,,,Angle Crash,2,Rain,Wet,Daylight
2024-08-30T18:44:00.000,I 85,,,Rear End,2,Cloudy,Wet,Daylight
2024-07-11T16:56:00.000,I 20,,,Rear End,2,Clear,Dry,Daylight
2024-06-23T16:01:00.000,I 85,,,Sideswipe-Same Direction,2,Clear,Dry,Daylight
2024-06-30T03:40:00.000,I 285,,,Rear End,2,Clear,Dry,Dark-Not Lighted
2024-06-19T07:05:00.000,I 85,,,Not a Collision with Motor Vehicle,1,Clear,Dry,Daylight
2024-06-05T17:38:00.000,I 285,,,Sideswipe-Same Direction,2,Clear,Dry,Daylight
2024-06-06T16:33:00.000,I 85,,,Angle Crash,2,Clear,Dry,Daylight
2024-05-16T22:20:00.000,I 95,,,Rear End,2,Clear,Dry,Daylight
2024-05-05T07:10:00.000,I 85,,,Angle Crash,2,Clear,Water (standing or moving),Daylight
2024-03-13T18:26:00.000,I 85,,,Rear End,2,Clear,Dry,Daylight
2024-02-21T22:45:00.000,I-75,,,Angle Crash,2,Cloudy,Dry,Dark-Lighted
2024-01-05T02:30:00.000,I 95,,,Not a Collision with Motor Vehicle,1,Clear,Dry,Dark-Not Lighted
2024-12-16T17:00:00.000,I 285,,,Rear End,2,Clear,Dry,Daylight
2024-11-05T05:22:00.000,I 85,,,Sideswipe-Same Direction,2,Rain,Dry,Dark-Not Lighted
2024-10-21T19:22:00.000,I-75,,,Rear End,2,Clear,Dry,Dark-Not Lighted
2024-08-06T18:15:00.000,I 16,,,Rear End,2,Clear,Dry,Daylight
2024-06-08T14:58:00.000,I 75,,,Sideswipe-Same Direction,2,Clear,Dry,Daylight
2024-05-20T17:00:00.000,I 285,,,Rear End,2,Clear,Dry,Daylight
2024-05-05T17:55:00.000,I 85,,,Rear End,2,Rain,Wet,Daylight
2024-04-17T10:13:00.000,I 75,,,Not a Collision with Motor Vehicle,2,Cloudy,Dry,Daylight
2024-01-28T17:42:00.000,I 20,,,Not a Collision with Motor Vehicle,1,Rain,Wet,Dawn
2024-01-03T17:21:00.000,I 285,,,Angle Crash,3,Clear,Dry,Daylight
2024-12-21T18:03:00.000,I 75,,,Head On,4,Cloudy,Dry,Dark-Lighted
2024-12-12T17:56:00.000,I 20,,,Rear End,2,Clear,Dry,Dark-Lighted
2024-12-02T07:02:00.000,I 75,,,Rear End,2,Clear,Dry,Daylight
2024-12-02T15:42:00.000,I 16,,,Not a Collision with Motor Vehicle,1,Clear,Dry,Daylight
2024-08-29T10:00:00.000,I 285,,,Rear End,2,Clear,Dry,Daylight
2024-07-10T14:27:00.000,I 95,,,Angle Crash,2,Clear,Dry,Daylight
2024-06-05T13:00:00.000,I 285,,,Rear End,2,Clear,Dry,Dusk
2024-06-04T17:31:00.000,I 20,,,Angle Crash,2,Cloudy,Wet,Daylight
2024-02-07T15:20:00.000,I 20,,,Rear End,2,Clear,Dry,Daylight
2024-01-16T07:23:00.000,I 95,,,Rear End,2,Clear,Dry,Dawn
2024-01-02T12:08:00.000,I 75,,,Rear End,3,Clear,Dry,Daylight
2024-12-10T12:12:00.000,I 20,,,(None),1,(None),(None),(None)
2024-10-23T10:09:00.000,I 20,,,Rear End,2,Clear,Dry,Daylight
2024-10-20T00:00:00.000,I 20,,,Sideswipe-Same Direction,2,Clear,Dry,Dark-Lighted
2024-09-30T06:49:00.000,I 20,,,Angle Crash,2,Clear,Dry,Dusk
2024-09-23T07:42:00.000,I 20,,,Sideswipe-Same Direction,2,Clear,Dry,Daylight
2024-09-11T09:30:00.000,I 285,,,Sideswipe-Same Direction,2,Clear,Dry,Daylight
2024-07-10T11:42:00.000,I 95,,,Rear End,2,Clear,Dry,Daylight
2024-06-02T17:30:00.000,I 85,,,Sideswipe-Same Direction,2,Clear,Dry,Daylight
2024-03-20T12:07:00.000,I 285,,,Sideswipe-Same Direction,2,Clear,Dry,Daylight
2024-02-04T01:20:00.000,I-75,,,Rear End,4,Clear,Dry,Dark-Lighted
2024-01-07T20:16:00.000,I 75,,,Sideswipe-Same Direction,2,Clear,Dry,Dark-Not Lighted
2024-11-16T15:35:00.000,I 85,,,Rear End,2,Clear,Dry,Daylight
2024-11-12T15:11:00.000,I 285,,,Angle Crash,2,Clear,Dry,Daylight
2024-10-19T20:11:00.000,I 85,,,Sideswipe-Same Direction,3,Clear,Dry,Dark-Not Lighted
2024-09-11T17:55:00.000,I 20,,,Rear End,2,Clear,Dry,Daylight
2024-08-22T12:37:00.000,I 75,,,Sideswipe-Same Direction,2,Clear,Dry,Daylight
2024-07-30T15:50:00.000,I 75,,,Rear End,3,Clear,Dry,Daylight
2024-06-17T15:50:00.000,I 75,,,Rear End,2,Cloudy,Dry,Daylight
2024-06-03T15:10:00.000,I 285,,,Angle Crash,3,Clear,Dry,Daylight
2024-01-21T14:51:00.000,I 16,,,Rear End,2,Clear,Dry,Daylight
2024-01-08T17:45:00.000,I 85,,,Rear End,2,Clear,Dry,Dusk
2024-01-11T12:22:00.000,I 285,,,Rear End,2,Clear,Dry,Daylight
2024-01-02T17:29:00.000,I 85,,,Rear End,3,Clear,Dry,Dark-Lighted
2024-12-17T17:30:00.000,I 285,,,Sideswipe-Same Direction,2,Clear,Dry,Daylight
2024-12-12T06:55:00.000,Sr 140,,,Rear End,3,Clear,Dry,Dawn