Date and Time,Roadway (From Crash Report),Intersection Name (from Crash Report),KABCO Severity,Manner of Collision (Crash Level) ,# of Vehicles per crash ,Weather Conditions (Crash Level),Surface Condition (Crash Level) ,Light Conditions (Crash Level)
2023-02-11T15:55:00.000,I 75,,,Not a Collision with Motor Vehicle,1,Rain,Wet,Daylight
2023-04-07T17:20:00.000,I 285,,,Sideswipe-Same Direction,2,Clear,Dry,Daylight
2023-10-09T10:12:00.000,I 16,,,Sideswipe-Same Direction,2,Clear,Dry,Daylight
2023-10-13T20:38:00.000,I-75,,,Rear End,2,Rain,Wet,Dark-Lighted
2023-08-07T19:40:00.000,I 16,,,Not a Collision with Motor Vehicle,1,Rain,Wet,Daylight
2023-05-20T13:55:00.000,I 285,,,Rear End,3,Cloudy,Dry,Daylight
2023-03-01T15:55:00.000,I 16,,,Sideswipe-Same Direction,2,Cloudy,Dry,Daylight
2023-03-10T17:14:00.000,I 285,,,Angle Crash,3,Clear,Dry,Daylight
2023-03-02T19:43:00.000,I 75,,,Rear End,2,Clear,Dry,Dark-Lighted
2023-04-23T02:11:00.000,I 285,,,Angle Crash,3,Clear,Dry,Dark-Lighted
2023-08-03T06:10:00.000,I 85,,,Sideswipe-Same Direction,2,Cloudy,Dry,Daylight
2023-11-11T16:45:00.000,I 285,,,Rear End,2,Rain,Wet,Daylight
2023-10-01T18:00:00.000,I 85,,,Sideswipe-Same Direction,2,Clear,Dry,Daylight
2023-03-15T00:00:00.000,I 20,,,Rear End,2,Clear,Dry,Daylight
2023-10-16T06:15:00.000,I 20,,,Rear End,2,Clear,Dry,Dawn
2023-04-13T09:50:00.000,I 85,,,Not a Collision with Motor Vehicle,1,Rain,Wet,Daylight
2023-11-15T06:52:00.000,I 75,,,Rear End,2,Clear,Dry,Dawn
2023-10-08T20:30:00.000,I-75,,,Sideswipe-Same Direction,2,Clear,Dry,Dark-Not Lighted
2023-07-16T13:55:00.000,I 85,,,Sideswipe-Same Direction,2,Clear,Dry,Daylight
2023-10-16T14:46:00.000,I-75,,,Not a Collision with Motor Vehicle,2,Clear,Dry,Daylight
2023-05-17T04:50:00.000,I 285,,,Sideswipe-Same Direction,2,Clear,Dry,Dawn
2023-10-11T17:50:00.000,I 85,,,Sideswipe-Same Direction,2,Rain,Wet,Daylight
2023-06-14T15:59:00.000,I 16,,,Sideswipe-Same Direction,2,Cloudy,Wet,Daylight
2023-11-12T17:15:00.000,I-75,,,Sideswipe-Same Direction,2,Clear,Dry,Dark-Lighted
2023-11-21T19:45:00.000,I 285,,,Sideswipe-Same Direction,2,Clear,Wet,Dark-Not Lighted
2023-12-03T20:01:00.000,I 75,,,(None),2,(None),(None),(None)
2023-03-23T16:55:00.000,I 85,,,Rear End,2,Clear,Dry,Daylight
2023-07-10T06:35:00.000,I 20,,,Not a Collision with Motor Vehicle,1,Rain,Wet,Daylight
2023-01-10T16:46:00.000,I 85,,,Sideswipe-Same Direction,2,Clear,Dry,Daylight
2023-10-31T16:30:00.000,I 95,,,Angle Crash,2,Clear,Dry,Dark-Lighted
2023-01-30T04:30:00.000,I-75,,,Sideswipe-Same Direction,2,Rain,Wet,Dark-Lighted
2023-09-04T17:04:00.000,I 20,,,Not a Collision with Motor Vehicle,1,Clear,Dry,Daylight
2023-06-15T07:50:00.000,I 285,,,Sideswipe-Same Direction,3,Cloudy,Dry,Daylight
2023-12-23T23:20:00.000,I 285,,,Sideswipe-Same Direction,2,Clear,Dry,Dark-Not Lighted
2023-02-02T06:23:00.000,I 20,,,Angle Crash,2,Rain,Wet,Dark-Not Lighted
2023-10-26T07:00:00.000,I-75,,,Not a Collision with Motor Vehicle,1,Clear,Dry,Dark-Lighted
2023-11-22T20:31:00.000,I 75,,,Not a Collision with Motor Vehicle,1,Clear,Dry,Dark-Lighted
2023-02-06T17:40:00.000,I 75,,,Sideswipe-Same Direction,2,Clear,Dry,Daylight
2023-12-12T22:10:00.000,I 285,,,Sideswipe-Same Direction,2,Clear,Dry,Dark-Lighted
2023-10-13T07:57:00.000,I 16,,,Sideswipe-Same Direction,2,Cloudy,Dry,Daylight
2023-08-02T11:11:00.000,I 75,,,Not a Collision with Motor Vehicle,1,Cloudy,Dry,Daylight
2023-08-27T02:15:00.000,I-75,,,Angle Crash,2,Clear,Dry,Dark-Lighted
2023-09-25T18:23:00.000,I 285,,,Rear End,2,Clear,Dry,Daylight
2023-09-21T22:44:00.000,I 75,,,Rear End,2,Clear,Dry,Dark-Lighted
2023-05-08T19:43:00.000,I 285,,,Sideswipe-Same Direction,2,Clear,Dry,Dusk
2023-01-03T19:40:00.000,I-75,,,Rear End,2,Rain,Water (standing or moving),Daylight
2023-08-27T22:38:00.000,I-75,,,Angle Crash,2,Rain,Wet,Dark-Lighted
2023-03-22T14:30:00.000,I 285,,,Sideswipe-Same Direction,3,Clear,Dry,Daylight
2023-12-19T17:10:00.000,I 85,,,Rear End,2,Clear,Dry,Daylight
2023-07-01T00:05:00.000,I-75,,,Rear End,2,Clear,Dry,Dark-Lighted
2023-05-13T22:45:00.000,I-75,,,Rear End,3,Clear,Dry,Dark-Lighted
2023-04-18T18:41:00.000,I 285,,,Angle Crash,2,Clear,Dry,Daylight
2023-12-10T22:04:00.000,I 20,,,Rear End,2,Rain,Wet,Dark-Not Lighted
2023-05-16T21:09:00.000,I 16,,,Not a Collision with Motor Vehicle,1,Rain,Wet,Dark-Not Lighted
2023-07-13T17:40:00.000,I 285,,,Rear End,2,Clear,Dry,Daylight
2023-08-18T16:29:00.000,I 85,,,(None),2,(None),(None),(None)
2023-05-03T09:36:00.000,I 20,,,Rear End,2,Clear,Dry,Daylight
2023-03-02T17:31:00.000,I 85,,,Not a Collision with Motor Vehicle,1,Rain,Wet,Daylight
2023-09-24T14:09:00.000,I-75,,,Rear End,2,Clear,Dry,Daylight
2023-04-02T15:18:00.000,I 285,,,Rear End,2,Clear,Dry,Daylight
2023-10-29T09:25:00.000,I 285,,,Rear End,3,Clear,Dry,Daylight
2023-10-11T23:23:00.000,I 75,,,Not a Collision with Motor Vehicle,1,Rain,Wet,Dark-Not Lighted
2023-11-22T09:07:00.000,I 20,,,Sideswipe-Same Direction,2,Cloudy,Dry,Daylight
2023-03-24T12:51:00.000,I 285,,,Sideswipe-Same Direction,2,Clear,Dry,Daylight
2023-07-20T07:44:00.000,I 75,,,Rear End,2,Clear,Dry,Daylight
2023-01-19T08:52:00.000,I 75,,,Sideswipe-Same Direction,3,Rain,Wet,Daylight
2023-07-05T11:54:00.000,I 16,,,Rear End,2,Clear,Dry,Daylight
2023-03-28T07:51:00.000,I 16,,,Angle Crash,2,Cloudy,Dry,Daylight
2023-02-13T08:11:00.000,I 285,,,Rear End,2,Clear,Dry,Daylight
2023-08-25T15:41:00.000,I 285,,,Rear End,2,Clear,Dry,Daylight
2023-01-21T21:47:00.000,I-75,,,Rear End,2,Rain,Water (standing or moving),Dark-Lighted
2023-08-22T19:20:00.000,I 285,,,Sideswipe-Same Direction,2,Clear,Dry,Daylight
2023-10-11T15:45:00.000,I 75,,,Angle Crash,2,Cloudy,Dry,Daylight
2023-01-03T00:03:00.000,I-75,,,Not a Collision with Motor Vehicle,1,Cloudy,Wet,Dark-Lighted
2023-03-04T16:45:00.000,I 285,,,Sideswipe-Same Direction,2,Clear,Dry,Daylight
2023-05-06T13:40:00.000,I-75,,,Angle Crash,2,Clear,Dry,Daylight
2023-09-11T16:55:00.000,I 95,,,Rear End,2,Cloudy,Wet,Daylight
2023-12-10T13:15:00.000,I 75,,,Sideswipe-Same Direction,2,Cloudy,Dry,Daylight
2023-08-22T08:00:00.000,I 85,,,Sideswipe-Same Direction,2,Clear,Dry,Daylight
2023-07-30T01:50:00.000,I 16,,,Not a Collision with Motor Vehicle,1,Rain,Wet,Dark-Not Lighted
2023-06-23T08:16:00.000,I 16,,,Rear End,2,Cloudy,Dry,Daylight
2023-11-12T19:30:00.000,I-75,,,Rear End,4,Clear,Dry,Dark-Lighted
2023-12-05T18:22:00.000,I 285,,,Sideswipe-Same Direction,2,Clear,Dry,Dark-Lighted
2023-07-05T07:21:00.000,I 20,,,Sideswipe-Same Direction,2,Cloudy,Dry,Daylight
2023-11-28T13:42:00.000,I 75,,,Sideswipe-Same Direction,2,Clear,Dry,Daylight
2023-03-10T08:36:00.000,I 75,,,Not a Collision with Motor Vehicle,1,Rain,Water (standing or moving),Daylight
2023-11-14T19:20:00.000,I 85,,,Sideswipe-Same Direction,2,Clear,Dry,Dark-Lighted
2023-04-14T09:15:00.000,I 85,,,Sideswipe-Same Direction,2,Clear,Wet,Daylight
2023-08-20T23:30:00.000,I-75,,,Angle Crash,4,Clear,Dry,Dark-Lighted
2023-07-08T11:14:00.000,I 285,,,Sideswipe-Same Direction,2,Clear,Dry,Daylight
2023-10-27T15:59:00.000,I 285,,,Angle Crash,2,Cloudy,Dry,Daylight
2023-10-18T12:00:00.000,I-75,,,Sideswipe-Same Direction,2,Clear,Dry,Daylight
2023-02-08T15:31:00.000,I-75,,,Rear End,2,Clear,Dry,Daylight
2023-10-29T14:30:00.000,I-75,,,Angle Crash,2,Clear,Dry,Daylight
2023-04-22T23:00:00.000,I-75,,,Rear End,5,Clear,Dry,Dark-Lighted
2023-06-21T16:09:00.000,I-75,,,Rear End,3,Rain,Wet,Daylight
2023-02-18T15:51:00.000,I-75,,,Angle Crash,2,Clear,Dry,Daylight
2023-10-23T17:25:00.000,I 16,,,Rear End,3,Clear,Dry,Daylight
2023-10-04T07:55:00.000,I 16,,,Sideswipe-Same Direction,2,Clear,Dry,Daylight
2023-10-22T21:30:00.000,I-75,,,Rear End,2,Clear,Dry,Dark-Lighted
2023-01-09T16:15:00.000,I 75,,,Rear End,2,Clear,Dry,Daylight
2023-06-12T15:10:00.000,I 20,,,Not a Collision with Motor Vehicle,2,Clear,Dry,Daylight
2023-02-25T06:10:00.000,I 20,,,Angle Crash,3,Clear,Dry,Dark-Lighted
2023-10-07T20:20:00.000,I 75,,,Rear End,2,Clear,Dry,Dark-Lighted
2023-04-05T10:00:00.000,I-75,,,Sideswipe-Same Direction,2,Clear,Dry,Daylight
2023-09-21T06:19:00.000,I 75,,,Not a Collision with Motor Vehicle,1,Clear,Dry,Dark-Lighted
2023-01-30T09:03:00.000,I 75,,,Rear End,2,Cloudy,Wet,Daylight
2023-11-04T19:05:00.000,I 285,,,Angle Crash,2,Clear,Dry,Daylight
2023-12-04T05:53:00.000,I-75,,,Rear End,2,Clear,Dry,Dark-Lighted
2023-03-24T08:50:00.000,I 75,,,Rear End,2,Clear,Dry,Daylight
2023-05-11T19:17:00.000,Sr 140,,,Angle Crash,2,Clear,Dry,Daylight
2023-05-04T14:00:00.000,I-75,,,Sideswipe-Same Direction,2,Cloudy,Dry,Daylight
2023-04-26T19:00:00.000,I 16,,,Rear End,2,Clear,Dry,Daylight
2023-12-13T20:04:00.000,I-75,,,Sideswipe-Same Direction,2,Clear,Dry,Dark-Lighted
2023-03-23T13:25:00.000,I 85,,,Not a Collision with Motor Vehicle,1,Clear,Dry,Daylight
2023-12-12T12:26:00.000,I 20,,,Rear End,2,Clear,Dry,Daylight
2023-10-12T05:01:00.000,I 285,,,Angle Crash,2,Clear,Dry,Dark-Lighted
2024-11-02T12:48:00.000,I 85,,,Rear End,2,Clear,Dry,Daylight
2024-10-11T18:49:00.000,I 85,,,Sideswipe-Same Direction,3,Clear,Dry,Dark-Lighted
2024-08-23T17:05:00.000,I 285,,,Sideswipe-Same Direction,2,Clear,Dry,Daylight
2024-07-28T16:23:00.000,I 20,,,Not a Collision with Motor Vehicle,1,Rain,Wet,Daylight
2024-07-07T19:43:00.000,I-75,,,Sideswipe-Same Direction,2,Cloudy,Dry,Daylight
2024-06-05T16:05:00.000,I 85,,,Rear End,2,Clear,Dry,Daylight
2024-05-28T10:16:00.000,I 85,,,Sideswipe-Same Direction,2,Clear,Dry,Daylight
2024-04-27T07:15:00.000,I 16,,,Rear End,2,Clear,Dry,Daylight
2024-04-27T15:01:00.000,I 285,,,Angle Crash,2,Clear,Dry,Daylight
2024-04-07T15:56:00.000,I 75,,,Not a Collision with Motor Vehicle,1,Cloudy,Dry,Daylight
2024-04-07T21:47:00.000,I 75,,,Sideswipe-Same Direction,2,Clear,Dry,Dark-Lighted
2024-04-01T15:33:00.000,I 75,,,Rear End,3,Cloudy,Dry,Daylight
2024-03-27T08:38:00.000,I 20,,,Sideswipe-Same Direction,2,Cloudy,Wet,Daylight
2024-03-25T10:02:00.000,I 285,,,Rear End,2,Cloudy,Dry,Daylight
2024-03-09T20:25:00.000,I-75,,,Rear End,2,Cloudy,Dry,Dark-Lighted
2024-12-19T11:32:00.000,I 75,,,Rear End,2,Clear,Dry,Daylight
2024-11-18T14:35:00.000,I 285,,,Rear End,2,Clear,Dry,Daylight
2024-10-24T10:10:00.000,I 75,,,Rear End,3,Clear,Dry,Daylight
2024-09-26T10:29:00.000,I 75,,,Not a Collision with Motor Vehicle,1,Rain,Wet,Daylight
2024-05-27T08:06:00.000,I 285,,,Not a Collision with Motor Vehicle,1,Rain,Water (standing or moving),Dawn
2024-04-12T00:30:00.000,I 285,,,Not a Collision with Motor Vehicle,1,Clear,Dry,Dark-Not Lighted
2024-04-01T17:10:00.000,I 20,,,Sideswipe-Same Direction,2,Clear,Dry,Daylight
2024-03-26T16:32:00.000,I 20,,,Sideswipe-Same Direction,2,Rain,Wet,Daylight
2024-03-09T01:38:00.000,I 285,,,Not a Collision with Motor Vehicle,1,Rain,Wet,Dark-Not Lighted
2024-02-16T22:44:00.000,I-75,,,Sideswipe-Same Direction,2,Rain,Wet,Dark-Lighted
2024-02-12T05:30:00.000,I 285,,,Not a Collision with Motor Vehicle,1,Rain,Water (standing or moving),Dark-Not Lighted
2024-01-24T12:43:00.000,I 285,,,Angle Crash,2,Rain,Wet,Daylight
2024-01-02T07:45:00.000,I 85,,,Rear End,2,Clear,Dry,Daylight
2024-01-03T03:15:00.000,I 20,,,Head On,2,Clear,Dry,Dark-Not Lighted
2024-12-18T12:46:00.000,I 75,,,Not a Collision with Motor Vehicle,1,Cloudy,Dry,Daylight
2024-10-13T04:22:00.000,I 285,,,Not a Collision with Motor Vehicle,1,Clear,Dry,Dark-Not Lighted
2024-09-11T16:36:00.000,I-75,,,Rear End,3,Clear,Dry,Daylight
2024-09-05T05:36:00.000,I 85,,,Rear End,2,Clear,Dry,Dark-Not Lighted
2024-08-28T08:34:00.000,I 85,,,Sideswipe-Same Direction,2,Clear,Dry,Daylight
2024-07-29T16:28:00.000,I 75,,,Rear End,2,Rain,Wet,Daylight
2024-06-29T16:55:00.000,I 16,,,Head On,1,Rain,Wet,Daylight
2024-05-30T19:50:00.000,I 85,,,Sideswipe-Same Direction,2,Clear,Dry,Daylight
2024-04-09T23:18:00.000,I 75,,,Rear End,2,Rain,Wet,Dark-Lighted
2024-02-28T06:39:00.000,I 75,,,Rear End,3,Cloudy,Dry,Daylight
2024-02-07T19:15:00.000,I 85,,,Rear End,2,Clear,Dry,Dark-Not Lighted
2024-01-03T08:30:00.000,I-75,,,Rear End,3,Cloudy,Dry,Daylight
2024-11-26T07:17:00.000,I 85,,,Sideswipe-Same Direction,2,Cloudy,Wet,Daylight
2024-10-19T00:15:00.000,I 285,,,Not a Collision with Motor Vehicle,1,Clear,Dry,Dark-Lighted
2024-10-10T14:30:00.000,I 285,,,Rear End,2,Clear,Dry,Daylight
2024-07-29T23:26:00.000,I 16,,,Angle Crash,2,Clear,Dry,Dark-Not Lighted
2024-06-29T18:15:00.000,I 85,,,Angle Crash,2,Cloudy,Dry,Daylight
2024-05-14T08:50:00.000,I 285,,,Sideswipe-Same Direction,2,Rain,Wet,Daylight
2024-03-27T20:09:00.000,I-75,,,Sideswipe-Same Direction,2,Clear,Dry,Daylight
2024-03-09T01:00:00.000,I 75,,,Not a Collision with Motor Vehicle,1,Rain,Wet,Dark-Not Lighted
2024-02-02T18:16:00.000,I 75,,,(None),1,(None),(None),(None)
2024-01-17T20:19:00.000,I-75,,,Rear End,2,Clear,Dry,Dark-Lighted
2024-12-18T15:38:00.000,I 85,,,Rear End,2,Clear,Dry,Daylight
2024-12-10T17:36:00.000,I 95,,,Rear End,2,Clear,Dry,Dark-Not Lighted
2024-10-24T20:30:00.000,I 285,,,Rear End,2,Clear,Dry,Dark-Lighted
2024-07-24T06:00:00.000,I 20,,,Rear End,2,Clear,Dry,Daylight
2024-06-18T16:53:00.000,I 285,,,Sideswipe-Same Direction,2,Clear,Dry,Daylight
2024-05-17T14:55:00.000,I 20,,,Sideswipe-Same Direction,2,Cloudy,Wet,Daylight
2024-05-17T00:00:00.000,I 285,,,Rear End,2,Clear,Dry,Dark-Not Lighted
2024-04-21T18:28:00.000,I 85,,,Angle Crash,2,Clear,Dry,Daylight
2024-03-16T00:46:00.000,I 75,,,Sideswipe-Same Direction,2,Clear,Dry,Dark-Not Lighted
2024-02-23T14:10:00.000,I 20,,,Sideswipe-Same Direction,2,Cloudy,Dry,Daylight
2024-02-25T12:05:00.000,I-75,,,Sideswipe-Same Direction,2,Clear,Dry,Daylight
2024-01-10T23:25:00.000,I 20,,,Angle Crash,2,Clear,Dry,Dark-Not Lighted
2024-12-26T12:47:00.000,I 20,,,Rear End,5,Cloudy,Dry,Daylight
2024-10-21T18:36:00.000,I 20,,,Rear End,2,Clear,Dry,Dusk
2024-09-29T21:00:00.000,I 285,,,Not a Collision with Motor Vehicle,1,Cloudy,Dry,Dark-Lighted
2024-07-24T15:30:00.000,I-75,,,Sideswipe-Same Direction,3,Cloudy,Wet,Daylight
2024-07-17T14:50:00.000,I 75,,,(None),2,(None),(None),(None)
2024-07-11T20:09:00.000,I 85,,,Sideswipe-Same Direction,2,Clear,Dry,Daylight
2024-05-25T09:47:00.000,I 75,,,(None),1,(None),(None),(None)
2024-05-17T07:01:00.000,I 85,,,Sideswipe-Same Direction,2,Cloudy,Dry,Dusk
2024-04-21T02:08:00.000,I 285,,,Not a Collision with Motor Vehicle,1,Clear,Wet,Dark-Not Lighted
2024-04-21T14:31:00.000,I 75,,,Not a Collision with Motor Vehicle,1,Clear,Dry,Daylight
2024-03-07T13:00:00.000,I 75,,,Sideswipe-Same Direction,2,Clear,Dry,Daylight
2024-01-21T05:40:00.000,I-75,,,Angle Crash,2,Clear,Dry,Dark-Not Lighted
2024-01-22T22:15:00.000,I-75,,,Not a Collision with Motor Vehicle,1,Clear,Dry,Dark-Not Lighted
2024-01-18T11:24:00.000,I 85,,,Not a Collision with Motor Vehicle,2,Clear,Dry,Daylight
2024-01-15T17:28:00.000,I 285,,,Angle Crash,2,Clear,Dry,Daylight
2024-12-31T13:43:00.000,I 285,,,Rear End,3,Clear,Dry,Daylight
2024-12-16T15:34:00.000,I 285,,,Sideswipe-Same Direction,2,Clear,Dry,Daylight
2024-11-26T00:00:00.000,I 75,,,Rear End,2,Clear,Dry,Dark-Lighted
2024-12-02T18:46:00.000,I 20,,,Rear End,2,Clear,Dry,Dark-Not Lighted
2024-11-07T10:01:00.000,I 20,,,Not a Collision with Motor Vehicle,1,Cloudy,Wet,Daylight
2024-10-20T08:30:00.000,I 85,,,Angle Crash,2,Clear,Dry,Daylight
2024-10-20T18:31:00.000,I 75,,,Rear End,2,Clear,Dry,Daylight
2024-09-26T12:24:00.000,I 75,,,Not a Collision with Motor Vehicle,1,Rain,Water (standing or moving),Daylight
2024-09-19T11:22:00.000,I 75,,,Not a Collision with Motor Vehicle,1,Cloudy,Dry,Daylight
2024-08-30T09:31:00.000,I 285,,,Sideswipe-Same Direction,2,Clear,Dry,Daylight
2024-07-25T16:22:00.000,I 16,,,Sideswipe-Same Direction,2,Clear,Dry,Daylight
2024-07-19T15:11:00.000,I 20,,,Rear End,2,Clear,Dry,Daylight
2024-06-25T11:24:00.000,I 16,,,Rear End,2,Clear,Dry,Daylight
2024-06-02T00:00:00.000,I 85,,,Sideswipe-Same Direction,2,Clear,Dry,Daylight
2024-05-16T07:07:00.000,I 75,,,Rear End,2,Clear,Dry,Daylight
2024-03-22T23:30:00.000,I-75,,,Angle Crash,2,Rain,Wet,Dark-Not Lighted
2024-02-24T04:31:00.000,I 75,,,Rear End,2,Clear,Dry,Dark-Not Lighted
2024-02-12T15:30:00.000,I 85,,,Rear End,2,Rain,Wet,Daylight
2024-02-06T07:56:00.000,I 75,,,Rear End,2,Clear,Dry,Daylight
2024-02-03T16:00:00.000,I 285,,,Angle Crash,2,Clear,Dry,Daylight
2024-01-04T10:28:00.000,I 75,,,Angle Crash,2,Clear,Dry,Daylight
2024-12-17T09:50:00.000,I 20,,,Not a Collision with Motor Vehicle,1,Clear,Dry,Daylight
2024-12-04T18:23:00.000,I 75,,,Angle Crash,2,Clear,Dry,Dark-Lighted
2024-10-11T23:45:00.000,I 20,,,Rear End,2,Clear,Dry,Dark-Not Lighted
2024-10-09T19:45:00.000,I 285,,,Sideswipe-Same Direction,2,Clear,Dry,Dark-Not Lighted
2024-09-25T17:50:00.000,I 20,,,Not a Collision with Motor Vehicle,1,Rain,Wet,Daylight
2024-09-19T16:00:00.000,I-75,,,Rear End,2,Clear,Dry,Daylight
2024-09-06T18:50:00.000,I 285,,,Rear End,2,Rain,Wet,Daylight
2024-06-07T20:00:00.000,I 20,,,Rear End,2,Clear,Dry,Daylight
2024-04-27T05:50:00.000,I-75,,,Rear End,2,Clear,Dry,Dark-Lighted
2024-03-16T16:59:00.000,I-75,,,Sideswipe-Same Direction,2,Clear,Dry,Daylight
2024-03-15T20:22:00.000,I 85,,,(None),2,(None),(None),(None)
2024-03-10T18:04:00.000,I 20,,,Sideswipe-Same Direction,2,Clear,Dry,Daylight
2024-01-03T20:12:00.000,I 75,,,Head On,1,Clear,Dry,Dark-Not Lighted
2024-02-24T23:36:00.000,I-75,,,Rear End,2,Clear,Dry,Dark-Lighted
2024-02-25T09:15:00.000,I 85,,,Sideswipe-Same Direction,2,Clear,Dry,Daylight
2024-02-11T20:16:00.000,I 75,,,Angle Crash,2,Clear,Wet,Dawn
2024-01-15T00:00:00.000,I 16,,,Not a Collision with Motor Vehicle,4,Clear,Dry,Dark-Not Lighted
2024-12-18T12:00:00.000,I 20,,,Rear End,2,Clear,Dry,Daylight
2024-12-12T06:40:00.000,I 75,,,Not a Collision with Motor Vehicle,1,Clear,Dry,Dawn
2024-10-29T15:46:00.000,I 285,,,Rear End,2,Clear,Dry,Daylight
2024-02-22T05:25:00.000,I 20,,,Sideswipe-Same Direction,2,Clear,Dry,Dark-Not Lighted
2024-09-11T17:31:00.000,I 75,,,Rear End,2,Clear,Dry,Daylight
2024-08-24T08:50:00.000,I 20,,,Sideswipe-Same Direction,2,Clear,Dry,Daylight
2024-08-12T19:17:00.000,I 85,,,Rear End,2,Clear,Dry,Daylight
2024-08-09T23:29:00.000,I 285,,,Rear End,3,Clear,Dry,Dark-Lighted
2024-06-30T16:02:00.000,I 20,,,Not a Collision with Motor Vehicle,1,Rain,Wet,Daylight
2024-07-06T22:26:00.000,I 75,,,Rear End,2,Cloudy,Dry,Dark-Not Lighted
2024-06-09T20:00:00.000,I 75,,,Sideswipe-Same Direction,2,Clear,Dry,Daylight
2024-05-29T10:30:00.000,I-75,,,Rear End,2,Clear,Dry,Daylight
2024-05-17T05:00:00.000,I 285,,,Not a Collision with Motor Vehicle,2,Clear,Dry,Dark-Not Lighted
2024-04-22T15:57:00.000,I 75,,,Sideswipe-Same Direction,2,Clear,Dry,Daylight
2024-04-22T18:40:00.000,I 95,,,Rear End,2,Clear,Dry,Daylight
2024-04-10T22:30:00.000,I-75,,,Rear End,2,Clear,Dry,Dark-Lighted
2024-03-22T06:38:00.000,I 20,,,Sideswipe-Same Direction,2,Clear,Dry,Dark-Not Lighted
2024-02-12T07:55:00.000,I 285,,,Sideswipe-Same Direction,2,Cloudy,Water (standing or moving),Daylight
2024-12-17T16:15:00.000,I 285,,,Rear End,2,Clear,Dry,Daylight
2024-10-07T07:20:00.000,I 85,,,Sideswipe-Same Direction,2,Clear,Dry,Daylight
2024-09-17T14:05:00.000,I 75,,,Rear End,3,Cloudy,Dry,Daylight
2024-09-03T09:30:00.000,I 75,,,Not a Collision with Motor Vehicle,2,Cloudy,Dry,Daylight
2024-02-18T01:24:00.000,I 75,,,Rear End,2,Clear,Dry,Dark-Lighted
2024-08-10T14:24:00.000,I 75,,,Sideswipe-Same Direction,2,Cloudy,Dry,Daylight
2024-07-18T17:00:00.000,I 285,,,Angle Crash,2,Cloudy,Wet,Daylight
2024-07-04T17:03:00.000,I 75,,,Angle Crash,2,Cloudy,Dry,Daylight
2024-06-21T08:00:00.000,I 85,,,Not a Collision with Motor Vehicle,1,Clear,Dry,Daylight
2024-06-10T16:00:00.000,I 85,,,Angle Crash,3,Clear,Dry,Daylight
2024-05-29T18:01:00.000,I 75,,,Rear End,2,Cloudy,Dry,Daylight
2024-04-21T09:20:00.000,I 285,,,Not a Collision with Motor Vehicle,1,Rain,Wet,Daylight
2024-03-09T10:11:00.000,I 75,,,Rear End,2,Rain,Wet,Daylight
2024-03-18T18:31:00.000,I 75,,,Sideswipe-Same Direction,2,Clear,Dry,Daylight
2024-02-14T17:30:00.000,I 285,,,Rear End,2,Clear,Dry,Daylight
2024-01-29T13:20:00.000,I 75,,,Not a Collision with Motor Vehicle,1,Clear,Dry,Daylight
2024-02-01T06:37:00.000,I 16,,,Rear End,2,Clear,Dry,Dark-Lighted
2024-12-19T17:16:00.000,I 20,,,Rear End,3,Cloudy,Dry,Dusk
2024-12-21T19:43:00.000,I 285,,,Sideswipe-Same Direction,3,Clear,Dry,Daylight
2024-12-16T08:00:00.000,I 16,,,Not a Collision with Motor Vehicle,1,Fog,Dry,Daylight
2024-12-08T14:31:00.000,I 75,,,Sideswipe-Same Direction,2,Clear,Dry,Daylight
2024-12-09T10:55:00.000,I 285,,,Rear End,2,Rain,Wet,Daylight
2024-10-09T07:41:00.000,I 85,,,Rear End,2,Clear,Dry,Daylight
2024-09-04T08:22:00.000,I 85,,,Rear End,2,Clear,Dry,Daylight
2024-08-26T14:54:00.000,I 95,,,Rear End,2,Cloudy,Dry,Daylight
2024-06-29T21:00:00.000,I-75,,,Rear End,2,Clear,Dry,Dark-Lighted
2024-08-20T00:22:00.000,I 285,,,Angle Crash,3,Clear,Dry,Dark-Not Lighted
2024-08-19T01:12:00.000,I 16,,,(None),1,(None),(None),(None)
2024-07-28T14:10:00.000,I 20,,,Rear End,2,Cloudy,Wet,Daylight
2024-05-15T23:24:00.000,I 20,,,Sideswipe-Same Direction,2,Clear,Dry,Dark-Lighted
2024-03-18T00:00:00.000,I 85,,,Sideswipe-Same Direction,2,Clear,Dry,Daylight
2024-02-27T19:46:00.000,I 20,,,Sideswipe-Same Direction,2,Cloudy,Dry,Dark-Lighted
2024-12-14T08:50:00.000,I 285,,,Sideswipe-Same Direction,2,Clear,Dry,Dawn
2024-11-15T08:59:00.000,I 285,,,Rear End,2,Clear,Dry,Daylight
2024-10-19T15:29:00.000,I 75,,,Sideswipe-Same Direction,2,Clear,Dry,Daylight
2024-10-03T16:35:00.000,I 75,,,Sideswipe-Same Direction,2,Clear,Dry,Daylight
2024-09-06T14:08:00.000,I 16,,,Rear End,2,Rain,Wet,Daylight
2024-08-17T00:20:00.000,I 85,,,Sideswipe-Same Direction,2,Rain,Wet,Dark-Not Lighted
2024-07-24T19:50:00.000,I 85,,,Rear End,2,Rain,Wet,Daylight
2024-06-14T15:55:00.000,I 75,,,Sideswipe-Same Direction,2,Clear,Dry,Daylight
2024-05-18T07:38:00.000,I 285,,,Sideswipe-Same Direction,2,Rain,Wet,Daylight
2024-03-27T10:15:00.000,I 75,,,Rear End,2,Clear,Dry,Daylight
2024-03-19T08:16:00.000,I 16,,,Sideswipe-Same Direction,2,Clear,Dry,Daylight
2024-01-23T08:07:00.000,I 85,,,Rear End,2,Rain,Wet,Daylight