Date and Time,Roadway (From Crash Report),Intersection Name (from Crash Report),KABCO Severity,Manner of Collision (Crash Level) ,# of Vehicles per crash ,Weather Conditions (Crash Level),Surface Condition (Crash Level) ,Light Conditions (Crash Level)
2024-11-06T11:42:00.000,I 75,,,Not a Collision with Motor Vehicle,2,Cloudy,Dry,Daylight
2024-10-14T21:00:00.000,I-75,,,Angle Crash,2,Clear,Dry,Dark-Not Lighted
2024-10-09T20:00:00.000,I 285,,,Sideswipe-Opposite Direction,2,Clear,Dry,Daylight
2024-09-10T18:18:00.000,I 75,,,Sideswipe-Same Direction,2,Clear,Dry,Daylight
2024-09-01T01:37:00.000,I 85,,,Rear End,2,Clear,Dry,Dark-Lighted
2024-08-04T14:30:00.000,I 75,,,Rear End,2,Rain,Wet,Daylight
2024-04-07T00:20:00.000,I 285,,,Not a Collision with Motor Vehicle,1,Clear,Dry,Dark-Not Lighted
2024-03-30T14:55:00.000,I 85,,,Rear End,2,Clear,Dry,Daylight
2024-02-22T15:00:00.000,I 85,,,Rear End,2,Clear,Dry,Daylight
2024-01-27T15:22:00.000,I-75,,,Sideswipe-Same Direction,2,Cloudy,Dry,Daylight
2024-11-22T15:28:00.000,I 285,,,Rear End,2,Clear,Dry,Daylight
2024-11-07T18:30:00.000,I 285,,,Rear End,2,Clear,Dry,Daylight
2024-09-27T08:20:00.000,I 75,,,Not a Collision with Motor Vehicle,1,Rain,Wet,Daylight
2024-09-25T17:40:00.000,I-75,,,Rear End,2,Rain,Wet,Daylight
2024-08-15T09:58:00.000,I 16,,,Sideswipe-Same Direction,2,Clear,Dry,Daylight
2024-07-09T05:15:00.000,I 285,,,Rear End,2,Clear,Dry,Dark-Lighted
2024-05-23T06:06:00.000,I 85,,,Sideswipe-Same Direction,3,Cloudy,Dry,Dark-Not Lighted
2024-03-11T15:19:00.000,I 75,,,Sideswipe-Same Direction,2,Clear,Dry,Daylight
2024-02-14T08:50:00.000,I 20,,,Sideswipe-Same Direction,2,Clear,Dry,Daylight
2024-01-19T00:00:00.000,I 285,,,Angle Crash,2,Cloudy,Wet,Dark-Not Lighted
2024-12-31T14:40:00.000,I 16,,,Sideswipe-Same Direction,2,Clear,Dry,Daylight
2024-12-23T05:22:00.000,I-75,,,Sideswipe-Same Direction,2,Clear,Dry,Dusk
2024-10-02T22:04:00.000,I 75,,,Not a Collision with Motor Vehicle,1,Clear,Dry,Dark-Not Lighted
2024-09-18T21:29:00.000,I 20,,,Angle Crash,2,Clear,Dry,Dark-Lighted
2024-08-29T18:25:00.000,I 20,,,Sideswipe-Same Direction,2,Cloudy,Dry,Daylight
2024-08-06T11:16:00.000,I 85,,,Sideswipe-Same Direction,2,Cloudy,Dry,Daylight
2024-07-29T15:45:00.000,I 85,,,Rear End,2,Cloudy,Dry,Daylight
2024-07-06T21:43:00.000,I-75,,,Rear End,2,Clear,Dry,Dark-Lighted
2024-06-26T02:55:00.000,I 85,,,Rear End,2,Clear,Dry,Dark-Not Lighted
2024-04-29T13:30:00.000,I 20,,,Sideswipe-Same Direction,2,Cloudy,Dry,Daylight
2024-04-13T23:46:00.000,I 75,,,Rear End,2,Clear,Dry,Dark-Lighted
2024-03-22T23:40:00.000,I-75,,,Sideswipe-Same Direction,2,Rain,Water (standing or moving),Dark-Not Lighted
2024-03-22T10:07:00.000,I 85,,,Rear End,2,Rain,Water (standing or moving),Dark-Not Lighted
2024-03-17T03:34:00.000,I-75,,,Not a Collision with Motor Vehicle,1,Clear,Dry,Dark-Lighted
2024-03-05T11:00:00.000,I 75,,,Rear End,2,Rain,Wet,Daylight
2024-02-07T07:09:00.000,I 285,,,Rear End,2,Clear,Dry,Daylight
2024-01-25T12:24:00.000,I 85,,,Rear End,2,Rain,Wet,Daylight
2024-10-15T09:48:00.000,I 75,,,Rear End,2,Cloudy,Dry,Daylight
2024-10-09T21:12:00.000,I 75,,,Sideswipe-Same Direction,2,Cloudy,Dry,Dark-Lighted
2024-08-30T19:22:00.000,I 20,,,Rear End,1,Rain,Wet,Daylight
2024-08-13T08:25:00.000,I 95,,,Rear End,3,Clear,Dry,Daylight
2024-07-24T21:21:00.000,I 285,,,Not a Collision with Motor Vehicle,2,Rain,Wet,Dark-Lighted
2024-03-14T16:42:00.000,I-75,,,Not a Collision with Motor Vehicle,2,Clear,Dry,Daylight
2024-03-18T13:15:00.000,I 85,,,Rear End,2,Clear,Dry,Daylight
2024-02-07T11:00:00.000,I-75,,,Sideswipe-Same Direction,2,Clear,Dry,Daylight
2024-02-19T12:20:00.000,I 75,,,Rear End,2,Clear,Dry,Daylight
2024-02-17T04:20:00.000,I-75,,,Rear End,2,Clear,Dry,Dark-Lighted
2024-02-19T18:00:00.000,I 20,,,Rear End,2,Clear,Dry,Dusk
2024-02-01T04:18:00.000,I 20,,,Not a Collision with Motor Vehicle,1,Clear,Dry,Daylight
2024-01-25T17:55:00.000,I 85,,,Not a Collision with Motor Vehicle,1,Rain,Wet,Daylight
2024-06-14T09:50:00.000,I-75,,,Rear End,2,Clear,Dry,Daylight
2024-06-10T17:51:00.000,I 16,,,Not a Collision with Motor Vehicle,1,Clear,Wet,Daylight
2024-05-20T12:38:00.000,I 285,,,Angle Crash,2,Clear,Dry,Daylight
2024-05-16T20:50:00.000,I 85,,,Angle Crash,2,Clear,Dry,Dark-Lighted
2024-05-14T19:25:00.000,I 20,,,Sideswipe-Same Direction,2,Clear,Dry,Dusk
2024-05-13T08:11:00.000,I 85,,,Sideswipe-Same Direction,2,Rain,Wet,Daylight
2024-04-25T07:55:00.000,I 75,,,Not a Collision with Motor Vehicle,1,Clear,Dry,Daylight
2024-04-24T10:28:00.000,I-75,,,Rear End,3,Clear,Dry,Daylight
2024-04-18T11:45:00.000,I 285,,,Sideswipe-Same Direction,2,Clear,Dry,Daylight
2024-03-15T16:10:00.000,I 85,,,Rear End,5,Cloudy,Dry,Daylight
2024-01-23T21:55:00.000,I 95,,,Sideswipe-Same Direction,2,Rain,Wet,Dark-Lighted
2024-01-27T18:45:00.000,I 85,,,Sideswipe-Same Direction,2,Rain,Wet,Daylight
2024-12-15T00:47:00.000,I 75,,,Not a Collision with Motor Vehicle,1,Clear,Dry,Dark-Lighted
2024-12-13T19:10:00.000,I 285,,,Rear End,2,Clear,Dry,Dark-Not Lighted
2024-12-04T15:29:00.000,I 75,,,Rear End,2,Clear,Dry,Daylight
2024-12-01T10:08:00.000,I 75,,,Not a Collision with Motor Vehicle,1,Clear,Dry,Daylight
2024-11-13T06:06:00.000,I 85,,,Sideswipe-Same Direction,2,Clear,Dry,Dark-Not Lighted
2024-09-29T06:57:00.000,I 285,,,Not a Collision with Motor Vehicle,2,Rain,Wet,Daylight
2024-07-26T16:25:00.000,I 75,,,Rear End,3,Clear,Dry,Daylight
2024-07-17T17:28:00.000,I 285,,,Sideswipe-Same Direction,2,Clear,Dry,Daylight
2024-06-05T16:05:00.000,I 16,,,Not a Collision with Motor Vehicle,1,Clear,Dry,Daylight
2024-04-23T10:30:00.000,I 95,,,Sideswipe-Same Direction,2,Clear,Dry,Daylight
2024-06-01T20:37:00.000,I 285,,,Sideswipe-Same Direction,2,Clear,Dry,Dark-Lighted
2024-05-27T09:18:00.000,I 285,,,Angle Crash,2,Rain,Wet,Daylight
2024-05-02T16:52:00.000,I 285,,,Angle Crash,2,Clear,Dry,Daylight
2024-03-28T11:28:00.000,I 75,,,Not a Collision with Motor Vehicle,1,Clear,Dry,Daylight
2024-03-08T22:28:00.000,I 285,,,Not a Collision with Motor Vehicle,1,Rain,Water (standing or moving),Dark-Lighted
2024-03-01T07:45:00.000,I 285,,,Rear End,2,Cloudy,Wet,Daylight
2024-02-11T07:05:00.000,I-75,,,Angle Crash,2,Rain,Water (standing or moving),Daylight
2024-02-12T07:38:00.000,I 20,,,Angle Crash,2,Rain,Wet,Dawn
2024-01-29T08:13:00.000,I 20,,,Sideswipe-Same Direction,2,Clear,Dry,Daylight
2024-12-19T14:33:00.000,I 85,,,Sideswipe-Same Direction,2,Clear,Dry,Daylight
2024-11-28T00:00:00.000,I 20,,,Rear End,2,Clear,Dry,Dark-Not Lighted
2024-11-21T15:37:00.000,I 85,,,Rear End,2,Clear,Dry,Daylight
2024-11-03T13:29:00.000,I 285,,,Rear End,2,Clear,Dry,Daylight
2024-10-12T05:05:00.000,I-75,,,Not a Collision with Motor Vehicle,1,Clear,Dry,Dark-Lighted
2024-09-26T06:59:00.000,I 20,,,Rear End,3,Rain,Wet,Dusk
2024-09-11T16:30:00.000,I 20,,,Sideswipe-Opposite Direction,3,Clear,Dry,Daylight
2024-08-16T15:20:00.000,I 285,,,Rear End,2,Clear,Dry,Daylight
2024-07-23T14:14:00.000,I 85,,,Rear End,2,Clear,Dry,Daylight
2024-07-20T22:40:00.000,I 85,,,Angle Crash,2,Cloudy,Wet,Dark-Not Lighted
2024-07-10T12:12:00.000,I-75,,,Sideswipe-Same Direction,2,Clear,Dry,Daylight
2024-06-09T10:39:00.000,I 75,,,Rear End,2,Clear,Dry,Daylight
2024-06-12T19:52:00.000,I 75,,,Not a Collision with Motor Vehicle,2,Cloudy,Dry,Daylight
2024-02-10T00:30:00.000,I-75,,,Not a Collision with Motor Vehicle,1,Clear,Dry,Dark-Not Lighted
2024-01-27T16:00:00.000,I 285,,,Rear End,2,Rain,Wet,Daylight
2024-12-10T04:18:00.000,I 285,,,Angle Crash,2,Rain,Water (standing or moving),Dark-Not Lighted
2024-11-06T14:15:00.000,I 75,,,Not a Collision with Motor Vehicle,1,Rain,Wet,Daylight
2024-10-15T14:20:00.000,I 285,,,Sideswipe-Same Direction,2,Clear,Dry,Daylight
2024-09-22T11:45:00.000,I 85,,,Not a Collision with Motor Vehicle,1,Clear,Dry,Daylight
2024-08-12T16:30:00.000,I 95,,,Sideswipe-Same Direction,2,Clear,Dry,Daylight
2024-08-12T18:09:00.000,I 285,,,Rear End,3,Clear,Dry,Daylight
2023-12-04T18:14:00.000,I-75,,,Sideswipe-Same Direction,2,Clear,Dry,Dark-Lighted
2023-08-22T06:25:00.000,I 75,,,Rear End,2,Clear,Dry,Daylight
2023-08-08T23:00:00.000,I 285,,,Sideswipe-Same Direction,2,Clear,Dry,Dark-Not Lighted
2023-10-04T04:59:00.000,I 75,,,Not a Collision with Motor Vehicle,1,Clear,Dry,Dark-Lighted
2023-05-28T23:38:00.000,I-75,,,Rear End,2,Clear,Dry,Dark-Lighted
2023-07-21T21:09:00.000,I 85,,,Not a Collision with Motor Vehicle,1,Rain,Wet,Dark-Not Lighted
2023-05-10T21:08:00.000,I-75,,,Rear End,3,Clear,Dry,Dark-Lighted
2023-03-24T14:44:00.000,I 20,,,Not a Collision with Motor Vehicle,1,Clear,Dry,Daylight
2023-07-22T14:30:00.000,I 285,,,Sideswipe-Same Direction,2,Cloudy,Dry,Daylight
2023-03-18T17:48:00.000,I 285,,,Rear End,3,Clear,Dry,Daylight
2023-12-08T17:32:00.000,I 85,,,(None),2,(None),(None),(None)
2023-10-13T00:00:00.000,I 285,,,Rear End,2,Cloudy,Dry,Daylight
2023-09-10T08:24:00.000,I 85,,,Not a Collision with Motor Vehicle,1,Cloudy,Wet,Daylight
2023-02-07T17:14:00.000,I 285,,,Sideswipe-Same Direction,2,Clear,Dry,Daylight
2023-02-01T01:10:00.000,I 285,,,Not a Collision with Motor Vehicle,1,Cloudy,Wet,Dark-Not Lighted
2023-04-24T14:44:00.000,I 85,,,Sideswipe-Same Direction,2,Clear,Dry,Daylight
2023-12-10T05:30:00.000,I-75,,,Not a Collision with Motor Vehicle,1,Clear,Dry,Dark-Lighted
2023-03-21T09:37:00.000,I 285,,,Sideswipe-Same Direction,2,Clear,Dry,Daylight
2023-11-21T00:00:00.000,I 285,,,Rear End,2,Cloudy,Wet,Daylight
2023-06-11T14:55:00.000,I 20,,,Sideswipe-Same Direction,2,Clear,Dry,Daylight
2023-02-02T01:26:00.000,I 16,,,Not a Collision with Motor Vehicle,1,Clear,Dry,Dark-Not Lighted
2023-04-09T01:34:00.000,I 75,,,Not a Collision with Motor Vehicle,1,Clear,Wet,Dark-Not Lighted
2023-01-20T16:30:00.000,I-75,,,Angle Crash,2,Clear,Dry,Daylight
2023-03-05T16:30:00.000,I-75,,,Sideswipe-Same Direction,2,Clear,Dry,Daylight
2023-04-12T14:00:00.000,I 85,,,Sideswipe-Same Direction,2,Clear,Dry,Daylight
2023-07-29T19:20:00.000,I 285,,,Rear End,2,Clear,Dry,Daylight
2023-08-05T23:42:00.000,I 85,,,Sideswipe-Same Direction,2,Cloudy,Dry,Dark-Not Lighted
2023-06-19T07:30:00.000,I 85,,,Rear End,2,Rain,Wet,Daylight
2023-07-11T17:00:00.000,I 16,,,Rear End,2,Clear,Dry,Daylight
2023-11-21T20:45:00.000,I 16,,,Sideswipe-Same Direction,2,Rain,Wet,Dark-Lighted
2023-05-06T01:31:00.000,I 75,,,Sideswipe-Same Direction,2,Clear,Dry,Dark-Not Lighted
2023-01-12T05:30:00.000,I-75,,,Angle Crash,2,Clear,Dry,Dark-Lighted
2023-03-23T19:45:00.000,I 20,,,Not a Collision with Motor Vehicle,1,Clear,Dry,Daylight
2023-01-31T20:50:00.000,I-75,,,Angle Crash,2,Cloudy,Dry,Dark-Lighted
2023-09-27T17:50:00.000,I 85,,,Angle Crash,3,Clear,Dry,Daylight
2023-06-20T11:25:00.000,I 20,,,Sideswipe-Same Direction,2,Clear,Dry,Daylight
2023-04-21T07:40:00.000,I 85,,,Sideswipe-Same Direction,2,Cloudy,Dry,Daylight
2023-06-21T22:56:00.000,I 75,,,Not a Collision with Motor Vehicle,1,Rain,Wet,Dark-Not Lighted
2023-07-28T21:20:00.000,I-75,,,Rear End,4,Clear,Dry,Dark-Not Lighted
2023-06-14T10:38:00.000,I 75,,,Sideswipe-Same Direction,2,Cloudy,Wet,Daylight
2023-02-05T04:30:00.000,I-75,,,Not a Collision with Motor Vehicle,1,Clear,Dry,Dark-Lighted
2023-10-26T14:10:00.000,I 16,,,Rear End,2,Clear,Dry,Daylight
2023-10-02T22:00:00.000,I-75,,,Sideswipe-Same Direction,2,Clear,Dry,Dark-Lighted
2023-11-27T13:43:00.000,I 75,,,Rear End,5,Clear,Dry,Daylight
2023-02-05T16:33:00.000,I-75,,,Sideswipe-Same Direction,2,Clear,Dry,Daylight
2023-03-11T18:40:00.000,I 285,,,Rear End,2,Clear,Dry,Daylight
2023-11-26T20:30:00.000,I-75,,,Rear End,2,Rain,Water (standing or moving),Dark-Lighted
2023-02-24T13:38:00.000,I 75,,,Sideswipe-Same Direction,2,Cloudy,Dry,Daylight
2023-07-28T22:55:00.000,I 20,,,Not a Collision with Motor Vehicle,1,Rain,Wet,Dark-Not Lighted
2023-06-20T15:19:00.000,I 16,,,Angle Crash,2,Cloudy,Dry,Daylight
2023-11-08T10:02:00.000,I 75,,,Not a Collision with Motor Vehicle,1,Clear,Dry,Daylight
2023-10-11T19:35:00.000,I 85,,,Sideswipe-Same Direction,2,Rain,Wet,Dark-Not Lighted
2023-01-14T16:11:00.000,I-75,,,Sideswipe-Same Direction,2,Clear,Dry,Daylight
2023-07-19T00:38:00.000,I 75,,,Angle Crash,2,Clear,Dry,Dark-Not Lighted
2023-11-26T17:50:00.000,I 95,,,Not a Collision with Motor Vehicle,1,Rain,Wet,Dark-Not Lighted
2023-04-03T21:00:00.000,I-75,,,Sideswipe-Same Direction,2,Clear,Dry,Dark-Lighted
2023-11-27T08:38:00.000,I 75,,,Rear End,4,Clear,Dry,Daylight
2023-06-09T19:44:00.000,I 285,,,Sideswipe-Same Direction,2,Clear,Dry,Dusk
2023-01-25T06:09:00.000,I 85,,,Not a Collision with Motor Vehicle,1,Rain,Wet,Dark-Not Lighted
2023-09-19T18:17:00.000,I 16,,,Rear End,2,Clear,Dry,Daylight
2023-11-10T15:33:00.000,I 20,,,Sideswipe-Same Direction,4,Cloudy,Wet,Daylight
2023-09-15T21:40:00.000,I-75,,,Sideswipe-Same Direction,3,Clear,Dry,Dark-Lighted
2023-12-23T09:20:00.000,I-75,,,Rear End,2,Clear,Dry,Dark-Lighted
2023-11-30T17:50:00.000,I 85,,,Rear End,3,Clear,Dry,Daylight
2023-06-25T19:30:00.000,I-75,,,Rear End,2,Rain,Water (standing or moving),Daylight
2023-06-11T00:15:00.000,I-75,,,Rear End,2,Clear,Dry,Dark-Not Lighted
2023-05-24T10:00:00.000,I 285,,,Rear End,2,Clear,Dry,Daylight
2023-04-10T18:30:00.000,I 85,,,Rear End,2,Clear,Dry,Daylight
2023-01-09T18:04:00.000,I 20,,,Rear End,2,Clear,Dry,Dark-Not Lighted
2023-01-21T14:45:00.000,I-75,,,Angle Crash,2,Clear,Dry,Daylight
2023-09-12T21:56:00.000,I 285,,,Not a Collision with Motor Vehicle,1,Rain,Wet,Dark-Lighted
2023-11-09T22:36:00.000,I-75,,,Rear End,2,Clear,Dry,Dark-Not Lighted
2023-03-02T10:45:00.000,I 285,,,Rear End,3,Cloudy,Wet,Daylight
2023-12-09T20:45:00.000,I-75,,,Rear End,3,Rain,Wet,Dark-Not Lighted
2023-03-08T22:49:00.000,I-75,,,Sideswipe-Same Direction,2,Clear,Dry,Dark-Lighted
2023-05-11T00:00:00.000,I 285,,,Rear End,2,Clear,Dry,Daylight
2023-04-16T04:00:00.000,I-75,,,Rear End,2,Rain,Water (standing or moving),Dark-Lighted
2023-11-03T08:48:00.000,I 285,,,Rear End,2,Clear,Dry,Daylight
2023-12-09T11:35:00.000,I 85,,,Sideswipe-Same Direction,2,Rain,Wet,Daylight
2023-06-29T17:52:00.000,I 20,,,Rear End,2,Clear,Dry,Daylight
2023-06-12T15:30:00.000,I 75,,,Rear End,2,Cloudy,Dry,Daylight
2023-10-21T21:19:00.000,I 20,,,Sideswipe-Same Direction,2,Clear,Dry,Dark-Lighted
2023-09-27T16:03:00.000,I 285,,,Rear End,2,Cloudy,Dry,Daylight
2023-02-13T07:08:00.000,I 20,,,Rear End,2,Clear,Dry,Dawn
2023-07-03T09:17:00.000,I 20,,,Sideswipe-Same Direction,2,Cloudy,Dry,Daylight
2023-09-29T11:50:00.000,I 285,,,Sideswipe-Same Direction,2,Clear,Dry,Daylight
2023-06-23T17:48:00.000,I 95,,,Sideswipe-Same Direction,2,Rain,Wet,Daylight
2023-09-23T14:27:00.000,I 75,,,Rear End,2,Clear,Dry,Daylight
2023-10-08T00:00:00.000,I 85,,,Rear End,2,Clear,Dry,Dark-Not Lighted
2023-06-23T17:50:00.000,I-75,,,Sideswipe-Same Direction,2,Clear,Dry,Daylight
2023-05-23T13:20:00.000,I 75,,,Rear End,3,Clear,Dry,Daylight
2023-05-16T16:15:00.000,I 285,,,Sideswipe-Same Direction,2,Cloudy,Dry,Daylight
2023-02-12T06:30:00.000,I 285,,,Sideswipe-Same Direction,2,Rain,Wet,Dark-Not Lighted
2023-09-01T21:26:00.000,I-75,,,Rear End,3,Clear,Dry,Dark-Not Lighted
2023-04-12T00:13:00.000,I 75,,,Sideswipe-Same Direction,2,Clear,Dry,Dark-Not Lighted
2023-09-30T23:45:00.000,I-75,,,Rear End,2,Clear,Dry,Dark-Lighted
2023-01-05T22:16:00.000,I 75,,,Rear End,2,Clear,Dry,Dark-Not Lighted
2023-09-14T15:26:00.000,I 75,,,Not a Collision with Motor Vehicle,1,Rain,Wet,Daylight
2023-12-10T23:20:00.000,I 75,,,Rear End,2,Cloudy,Wet,Dark-Lighted
2023-12-19T07:00:00.000,I 285,,,Not a Collision with Motor Vehicle,1,Clear,Dry,Daylight
2023-07-13T09:05:00.000,I 285,,,Sideswipe-Same Direction,2,Clear,Dry,Dusk
2023-12-14T08:51:00.000,I 16,,,Sideswipe-Same Direction,2,Clear,Dry,Daylight
2023-12-22T12:12:00.000,I 75,,,Rear End,2,Clear,Dry,Daylight
2023-07-07T19:58:00.000,I 75,,,Sideswipe-Same Direction,2,Clear,Dry,Daylight
2023-02-11T15:32:00.000,I 85,,,Angle Crash,2,Rain,Wet,Daylight
2023-03-24T14:55:00.000,I 75,,,Not a Collision with Motor Vehicle,1,Cloudy,Dry,Daylight
2023-12-27T13:27:00.000,I 75,,,Rear End,2,Clear,Dry,Daylight
2023-12-08T13:00:00.000,I 85,,,Rear End,2,Clear,Dry,Daylight
2023-12-12T21:30:00.000,I 20,,,Rear End,2,Clear,Dry,Dark-Not Lighted
2023-09-08T08:15:00.000,I 285,,,Sideswipe-Same Direction,3,Clear,Dry,Daylight
2023-01-15T13:28:00.000,I 95,,,Not a Collision with Motor Vehicle,1,Clear,Dry,Daylight
2023-06-24T00:49:00.000,I 285,,,Sideswipe-Same Direction,2,Clear,Dry,Dark-Not Lighted
2023-10-14T07:30:00.000,I 285,,,Not a Collision with Motor Vehicle,1,Rain,Wet,Dark-Not Lighted
2023-04-26T18:11:00.000,I 75,,,Rear End,2,Clear,Dry,Dark-Not Lighted
2023-10-05T16:30:00.000,I 85,,,Rear End,2,Clear,Dry,Daylight
2023-12-19T01:52:00.000,I 20,,,Angle Crash,2,Clear,Dry,Dark-Not Lighted
2023-10-03T04:11:00.000,I 85,,,Rear End,2,Clear,Dry,Dark-Not Lighted
2023-06-13T05:59:00.000,I 285,,,Rear End,4,Clear,Dry,Dusk
2023-10-03T16:48:00.000,I 20,,,Rear End,2,Clear,Dry,Daylight
2023-08-25T21:00:00.000,I-75,,,Sideswipe-Same Direction,2,Clear,Dry,Dark-Not Lighted
2023-11-18T23:28:00.000,I 20,,,Sideswipe-Same Direction,2,Clear,Dry,Dark-Lighted
2023-04-14T02:45:00.000,I-75,,,Sideswipe-Same Direction,4,Rain,Wet,Dark-Lighted
2023-04-13T21:30:00.000,I-75,,,Rear End,2,Other,Dry,Daylight
2023-08-27T15:21:00.000,I 285,,,Angle Crash,2,Clear,Dry,Daylight
2023-11-16T11:00:00.000,I 75,,,Sideswipe-Same Direction,2,Clear,Dry,Daylight
2023-02-02T06:41:00.000,I 75,,,Not a Collision with Motor Vehicle,1,Rain,Wet,Dark-Not Lighted
2023-11-21T00:29:00.000,I 16,,,Sideswipe-Same Direction,2,Cloudy,Dry,Dark-Not Lighted
2023-04-03T23:30:00.000,I 20,,,Sideswipe-Same Direction,2,Clear,Dry,Dark-Lighted
2023-11-20T22:52:00.000,I 285,,,Not a Collision with Motor Vehicle,1,Clear,Dry,Dark-Lighted
2023-05-27T07:41:00.000,I 16,,,Not a Collision with Motor Vehicle,1,Rain,Wet,Daylight
2023-09-02T12:30:00.000,I-75,,,Sideswipe-Same Direction,2,Clear,Dry,Daylight
2023-12-13T12:25:00.000,I-75,,,Rear End,2,Clear,Dry,Daylight
2023-03-26T11:45:00.000,I 75,,,Sideswipe-Same Direction,2,Clear,Dry,Daylight
2023-02-08T09:09:00.000,I-75,,,Sideswipe-Same Direction,2,Cloudy,Dry,Daylight
2023-03-11T11:59:00.000,I-75,,,Rear End,2,Cloudy,Dry,Daylight
2023-11-30T17:50:00.000,I 85,,,Rear End,3,Clear,Dry,Daylight
2023-07-28T15:05:00.000,I 20,,,Sideswipe-Same Direction,2,Cloudy,Dry,Daylight
2023-07-07T00:00:00.000,I 75,,,Rear End,2,Clear,Dry,Daylight
2023-06-14T09:45:00.000,I-75,,,Sideswipe-Same Direction,2,Rain,Wet,Daylight
2023-12-18T18:56:00.000,I 285,,,Angle Crash,2,Clear,Dry,Dark-Not Lighted
2023-10-24T05:24:00.000,I 20,,,Not a Collision with Motor Vehicle,4,Clear,Dry,Dark-Not Lighted
2023-12-03T00:30:00.000,I-75,,,Sideswipe-Same Direction,4,Cloudy,Wet,Dark-Lighted
2023-02-06T15:00:00.000,I 285,,,Rear End,2,Clear,Dry,Daylight
2023-10-19T07:30:00.000,I 285,,,Sideswipe-Same Direction,2,Cloudy,Dry,Daylight
2023-01-31T09:59:00.000,I 75,,,Not a Collision with Motor Vehicle,1,Cloudy,Dry,Daylight
2023-02-28T20:40:00.000,I 20,,,Sideswipe-Same Direction,2,Clear,Dry,Dark-Not Lighted
2023-09-17T18:27:00.000,I-75,,,Rear End,2,Clear,Dry,Daylight
2023-11-05T03:30:00.000,I 20,,,Not a Collision with Motor Vehicle,1,Clear,Dry,Dark-Not Lighted
2023-11-26T21:02:00.000,I 75,,,Angle Crash,2,Rain,Dry,Dark-Lighted
2023-10-17T15:40:00.000,I 75,,,Not a Collision with Motor Vehicle,1,Clear,Dry,Daylight
2023-07-01T13:14:00.000,I 85,,,Angle Crash,2,Clear,Dry,Daylight
2023-06-21T15:30:00.000,I 75,,,Sideswipe-Same Direction,2,Clear,Wet,Daylight
2023-11-14T11:36:00.000,I 75,,,Rear End,2,Clear,Dry,Daylight
2023-07-06T21:17:00.000,I 285,,,Sideswipe-Same Direction,2,Clear,Dry,Dark-Not Lighted
2023-02-17T05:15:00.000,I-75,,,Not a Collision with Motor Vehicle,1,Rain,Water (standing or moving),Dark-Not Lighted
2023-08-15T18:00:00.000,I-75,,,Sideswipe-Same Direction,2,Clear,Dry,Daylight
2023-10-28T12:41:00.000,I 75,,,Rear End,2,Clear,Dry,Daylight
2023-04-03T13:36:00.000,I 75,,,Sideswipe-Same Direction,2,Cloudy,Wet,Daylight
2023-11-26T11:50:00.000,I 285,,,Rear End,3,Cloudy,Dry,Daylight
2023-12-26T13:24:00.000,I 285,,,Sideswipe-Same Direction,2,Cloudy,Dry,Dark-Lighted
2023-04-05T23:30:00.000,I-75,,,Angle Crash,2,Clear,Dry,Dark-Lighted
2023-01-16T18:00:00.000,I 20,,,Not a Collision with Motor Vehicle,1,Clear,Dry,Dark-Lighted
2023-12-18T19:24:00.000,I 75,,,Angle Crash,2,Clear,Dry,Dark-Lighted
2023-07-08T19:40:00.000,I-75,,,Rear End,2,Clear,Dry,Dark-Lighted
2023-03-12T07:21:00.000,I 75,,,Not a Collision with Motor Vehicle,1,Rain,Wet,Dark-Lighted
2023-09-10T15:30:00.000,I-75,,,Sideswipe-Same Direction,2,Clear,Dry,Daylight
2023-01-22T13:06:00.000,I 20,,,Sideswipe-Same Direction,2,Rain,Wet,Daylight
2023-04-12T14:30:00.000,I-75,,,Rear End,2,Clear,Dry,Daylight
2023-04-01T11:40:00.000,I-75,,,Rear End,2,Clear,Dry,Daylight
2023-07-09T23:43:00.000,I 75,,,Not a Collision with Motor Vehicle,1,Rain,Wet,Dark-Lighted
2023-03-14T13:08:00.000,I 20,,,Not a Collision with Motor Vehicle,1,Clear,Dry,Daylight
2023-12-17T19:50:00.000,I 285,,,Rear End,2,Clear,Dry,Dark-Not Lighted
2023-12-15T11:20:00.000,I 75,,,Angle Crash,2,Clear,Dry,Dark-Not Lighted
2023-12-03T10:30:00.000,I-75,,,Not a Collision with Motor Vehicle,1,Rain,Wet,Daylight
2023-10-29T16:57:00.000,I 75,,,(None),1,(None),(None),(None)
2023-08-26T23:00:00.000,I-75,,,Sideswipe-Same Direction,2,Clear,Dry,Dark-Lighted
2023-06-14T10:40:00.000,I-75,,,Rear End,2,Cloudy,Dry,Daylight
2023-12-09T09:43:00.000,I 75,,,(None),1,(None),(None),(None)
2023-08-17T23:30:00.000,I-75,,,Rear End,2,Clear,Dry,Dark-Lighted
2023-05-05T21:55:00.000,I 285,,,Not a Collision with Motor Vehicle,1,Cloudy,Wet,Dark-Not Lighted
2023-07-13T13:23:00.000,I 75,,,Sideswipe-Same Direction,2,Cloudy,Dry,Daylight
2023-07-04T14:00:00.000,I 16,,,Not a Collision with Motor Vehicle,1,Cloudy,Dry,Daylight
2023-02-28T17:40:00.000,I 85,,,Rear End,2,Clear,Dry,Daylight
2023-06-05T07:52:00.000,I 85,,,Not a Collision with Motor Vehicle,1,Clear,Dry,Daylight
2023-01-14T20:00:00.000,I-75,,,Sideswipe-Same Direction,2,Clear,Dry,Dark-Lighted
2023-07-07T10:01:00.000,I 75,,,Rear End,2,Cloudy,Dry,Daylight