Date and Time,Roadway (From Crash Report),Intersection Name (from Crash Report),KABCO Severity,Manner of Collision (Crash Level) ,# of Vehicles per crash ,Weather Conditions (Crash Level),Surface Condition (Crash Level) ,Light Conditions (Crash Level)
2023-12-06T21:30:00.000,I 75,,,Rear End,2,Clear,Dry,Dark-Not Lighted
2023-01-02T20:15:00.000,I 85,,,Rear End,2,Cloudy,Wet,Dark-Not Lighted
2023-07-17T06:30:00.000,I-75,,,Rear End,2,Cloudy,Dry,Daylight
2023-06-23T10:18:00.000,I 75,,,Rear End,2,Clear,Dry,Daylight
2023-07-07T01:45:00.000,I 285,,,Sideswipe-Same Direction,3,Clear,Dry,Dark-Not Lighted
2023-01-23T08:38:00.000,I 20,,,Rear End,2,Clear,Dry,Daylight
2023-05-26T17:42:00.000,I 75,,,Rear End,3,Clear,Dry,Daylight
2023-06-25T15:35:00.000,I 20,,,Rear End,2,Clear,Dry,Daylight
2023-11-09T22:11:00.000,I 20,,,Sideswipe-Same Direction,2,Clear,Dry,Dark-Not Lighted
2023-02-23T07:28:00.000,I 285,,,Sideswipe-Same Direction,2,Cloudy,Dry,Daylight
2023-02-02T21:55:00.000,I 85,,,Sideswipe-Same Direction,2,Rain,Wet,Dark-Not Lighted
2023-01-17T07:10:00.000,I 85,,,Rear End,2,Rain,Wet,Daylight
2023-08-12T14:01:00.000,I 75,,,Not a Collision with Motor Vehicle,1,Clear,Dry,Daylight
2023-11-15T18:30:00.000,I 16,,,Rear End,3,Rain,Wet,Dark-Not Lighted
2023-04-30T12:05:00.000,I 16,,,Sideswipe-Same Direction,2,Clear,Dry,Daylight
2023-11-10T11:00:00.000,I 285,,,Not a Collision with Motor Vehicle,1,Rain,Wet,Daylight
2023-03-14T06:45:00.000,I 85,,,Sideswipe-Same Direction,2,Clear,Dry,Dark-Lighted
2023-11-02T14:53:00.000,I 75,,,Rear End,2,Clear,Dry,Daylight
2023-03-21T07:58:00.000,I 20,,,Rear End,2,Clear,Dry,Daylight
2023-12-06T10:36:00.000,I 16,,,Sideswipe-Same Direction,2,Clear,Dry,Daylight
2023-01-26T23:51:00.000,I 20,,,Rear End,2,Clear,Dry,Daylight
2023-06-27T16:10:00.000,I 285,,,Rear End,2,Clear,Dry,Daylight
2023-12-10T15:00:00.000,I 75,,,Rear End,2,Rain,Wet,Daylight
2023-10-06T15:12:00.000,I 285,,,Sideswipe-Same Direction,3,Clear,Dry,Daylight
2023-05-28T05:40:00.000,I 285,,,Rear End,2,Clear,Dry,Dark-Lighted
2023-05-15T20:44:00.000,I 75,,,Angle Crash,2,Cloudy,Dry,Dark-Not Lighted
2023-01-20T08:07:00.000,I 75,,,Not a Collision with Motor Vehicle,1,Clear,Dry,Daylight
2023-11-20T11:13:00.000,I-75,,,Not a Collision with Motor Vehicle,1,Cloudy,Dry,Daylight
2023-09-21T06:54:00.000,I 75,,,Rear End,2,Clear,Dry,Dark-Not Lighted
2023-08-05T17:30:00.000,I 20,,,Sideswipe-Same Direction,2,Clear,Dry,Daylight
2023-09-14T16:52:00.000,I 75,,,Angle Crash,2,Cloudy,Dry,Daylight
2023-06-30T16:55:00.000,I 285,,,Rear End,2,Cloudy,Wet,Daylight
2023-08-05T02:00:00.000,I 20,,,Not a Collision with Motor Vehicle,1,Clear,Dry,Dark-Lighted
2023-07-06T16:17:00.000,I 16,,,Rear End,3,Clear,Dry,Daylight
2023-03-04T09:50:00.000,I 20,,,Not a Collision with Motor Vehicle,1,Clear,Dry,Daylight
2023-01-01T07:46:00.000,I 20,,,Not a Collision with Motor Vehicle,1,Cloudy,Wet,Daylight
2023-09-15T11:20:00.000,I 75,,,Rear End,2,Clear,Dry,Daylight
2023-07-19T12:32:00.000,I 75,,,Not a Collision with Motor Vehicle,1,Cloudy,Dry,Daylight
2023-09-30T15:32:00.000,I 20,,,Rear End,3,Clear,Dry,Daylight
2023-09-11T15:13:00.000,I 75,,,Sideswipe-Same Direction,2,Clear,Dry,Daylight
2023-01-08T18:07:00.000,I-75,,,Rear End,3,Cloudy,Wet,Dark-Lighted
2023-08-16T16:50:00.000,I-75,,,Sideswipe-Same Direction,2,Clear,Dry,Daylight
2023-05-05T21:30:00.000,I-75,,,Rear End,2,Cloudy,Dry,Dark-Not Lighted
2023-02-28T21:25:00.000,I 75,,,Sideswipe-Same Direction,2,Clear,Dry,Dark-Lighted
2023-06-08T08:03:00.000,I 20,,,Not a Collision with Motor Vehicle,1,Clear,Dry,Daylight
2023-10-22T14:10:00.000,I-75,,,Rear End,2,Clear,Dry,Daylight
2023-06-13T07:15:00.000,I 95,,,Sideswipe-Same Direction,2,Clear,Dry,Daylight
2023-10-05T09:46:00.000,I 285,,,Rear End,3,Clear,Dry,Daylight
2023-01-03T20:04:00.000,I-75,,,Not a Collision with Motor Vehicle,1,Rain,Wet,Daylight
2023-08-24T20:45:00.000,I-75,,,Sideswipe-Same Direction,2,Clear,Dry,Dark-Lighted
2023-05-31T10:25:00.000,I-75,,,Rear End,2,Clear,Dry,Daylight
2023-08-16T05:51:00.000,I 85,,,Rear End,2,Clear,Dry,Dark-Not Lighted
2023-10-14T21:00:00.000,I-75,,,Rear End,7,Clear,Dry,Dark-Lighted
2023-10-20T19:10:00.000,I 85,,,Sideswipe-Same Direction,2,Clear,Dry,Dark-Not Lighted
2023-08-31T00:50:00.000,I 20,,,Angle Crash,2,Clear,Dry,Dark-Lighted
2023-04-04T17:25:00.000,I 85,,,Rear End,2,Cloudy,Dry,Daylight
2023-10-20T11:41:00.000,I 75,,,Rear End,2,Clear,Dry,Daylight
2023-03-31T22:12:00.000,I 75,,,Not a Collision with Motor Vehicle,3,Clear,Dry,Dark-Lighted
2023-10-23T07:34:00.000,I 285,,,Sideswipe-Same Direction,2,Clear,Dry,Daylight
2023-05-27T22:25:00.000,I-75,,,Sideswipe-Same Direction,2,Clear,Dry,Dark-Lighted
2023-11-11T12:57:00.000,I 20,,,Not a Collision with Motor Vehicle,1,Rain,Wet,Daylight
2023-07-01T10:40:00.000,I-75,,,Sideswipe-Same Direction,2,Clear,Dry,Daylight
2023-01-15T13:49:00.000,I-75,,,Rear End,5,Clear,Dry,Daylight
2023-03-07T20:36:00.000,I 85,,,Sideswipe-Same Direction,2,Clear,Dry,Dark-Not Lighted
2023-07-27T07:07:00.000,I 20,,,Angle Crash,2,Clear,Dry,Daylight
2023-04-08T11:04:00.000,I-75,,,Not a Collision with Motor Vehicle,1,Rain,Water (standing or moving),Daylight
2023-04-22T23:00:00.000,I-75,,,Sideswipe-Same Direction,3,Clear,Dry,Dark-Lighted
2023-07-24T07:12:00.000,I 85,,,Sideswipe-Same Direction,2,Clear,Dry,Daylight
2023-06-02T04:32:00.000,I 16,,,Not a Collision with Motor Vehicle,1,Cloudy,Dry,Dark-Not Lighted
2023-10-17T08:31:00.000,I 85,,,Rear End,2,Clear,Dry,Daylight
2023-08-24T06:24:00.000,I 75,,,Sideswipe-Same Direction,2,Clear,Dry,Daylight
2023-12-22T04:30:00.000,I-75,,,Angle Crash,2,Clear,Dry,Dark-Lighted
2023-02-11T05:22:00.000,I-75,,,Sideswipe-Same Direction,2,Clear,Dry,Dark-Not Lighted
2023-01-19T06:51:00.000,I 285,,,Rear End,2,Rain,Wet,Daylight
2023-02-11T17:34:00.000,I 285,,,Rear End,2,Rain,Wet,Daylight
2023-05-15T08:56:00.000,I 75,,,Sideswipe-Same Direction,2,Clear,Dry,Daylight
2023-10-05T00:15:00.000,I 285,,,Angle Crash,2,Clear,Dry,Dark-Lighted
2023-11-04T20:41:00.000,I 85,,,Sideswipe-Same Direction,2,Clear,Dry,Dark-Lighted
2023-10-12T14:27:00.000,I 16,,,Rear End,3,Cloudy,Wet,Daylight
2023-01-05T17:29:00.000,I 95,,,Not a Collision with Motor Vehicle,1,Cloudy,Dry,Dusk
2023-04-12T00:20:00.000,I 75,,,Sideswipe-Same Direction,2,Clear,Dry,Dark-Not Lighted
2023-09-06T00:35:00.000,I 20,,,Not a Collision with Motor Vehicle,1,Clear,Dry,Dark-Lighted
2023-12-05T09:47:00.000,I 20,,,Sideswipe-Same Direction,2,Clear,Dry,Daylight
2023-06-22T14:50:00.000,I 16,,,Not a Collision with Motor Vehicle,1,Cloudy,Wet,Daylight
2023-05-06T01:58:00.000,I 85,,,Sideswipe-Same Direction,2,Cloudy,Wet,Dark-Not Lighted
2023-01-26T11:35:00.000,I 75,,,Rear End,2,Clear,Dry,Daylight
2023-12-12T16:50:00.000,I 95,,,(None),2,(None),(None),(None)
2023-08-04T17:45:00.000,I 85,,,Rear End,2,Cloudy,Dry,Daylight
2023-03-12T15:10:00.000,I 95,,,Rear End,3,Rain,Wet,Daylight
2023-06-28T07:57:00.000,I 16,,,Rear End,5,Clear,Dry,Daylight
2023-01-12T08:46:00.000,I 75,,,Rear End,2,Cloudy,Dry,Daylight
2023-07-06T19:25:00.000,I 75,,,Rear End,2,Clear,Dry,Daylight
2023-11-15T16:06:00.000,I 85,,,Sideswipe-Same Direction,2,Clear,Dry,Daylight
2023-10-24T21:31:00.000,I 16,,,Sideswipe-Same Direction,2,Clear,Dry,Dark-Not Lighted
2023-11-29T18:14:00.000,I 85,,,Rear End,2,Clear,Dry,Dark-Not Lighted
2023-12-29T08:47:00.000,I 20,,,Sideswipe-Same Direction,2,Clear,Dry,Daylight
2023-03-12T11:19:00.000,I 285,,,Not a Collision with Motor Vehicle,2,Rain,Wet,Daylight
2023-08-06T01:24:00.000,I 285,,,Rear End,2,Clear,Dry,Dark-Lighted
2023-03-21T07:05:00.000,I 75,,,Sideswipe-Same Direction,2,Clear,Dry,Daylight
2023-05-28T11:36:00.000,I 75,,,Sideswipe-Same Direction,2,Clear,Dry,Daylight
2023-02-12T13:10:00.000,I-75,,,Rear End,2,Clear,Dry,Daylight
2023-08-28T02:53:00.000,I-75,,,Sideswipe-Same Direction,2,Rain,Wet,Dark-Lighted
2023-11-15T20:16:00.000,I 85,,,Sideswipe-Same Direction,2,Clear,Dry,Dark-Not Lighted
2023-08-10T10:15:00.000,I 85,,,Rear End,2,Rain,Wet,Daylight
2023-11-28T07:07:00.000,I-75,,,Sideswipe-Same Direction,2,Clear,Dry,Daylight
2023-09-13T10:00:00.000,I-75,,,Rear End,2,Cloudy,Dry,Daylight
2023-10-08T18:00:00.000,I 75,,,(None),2,(None),(None),(None)
2023-10-20T15:08:00.000,I 75,,,(None),2,(None),(None),(None)
2023-04-05T18:00:00.000,I-75,,,Sideswipe-Same Direction,2,Clear,Dry,Dark-Lighted
2023-02-17T19:30:00.000,I-75,,,Sideswipe-Same Direction,2,Cloudy,Dry,Dark-Lighted
2023-05-22T08:14:00.000,I 285,,,Rear End,2,Clear,Dry,Daylight
2023-12-21T08:04:00.000,I 16,,,Sideswipe-Same Direction,2,Clear,Dry,Daylight
2023-05-13T06:05:00.000,I 85,,,Angle Crash,2,Clear,Dry,Dark-Lighted
2023-11-11T17:39:00.000,I 85,,,Sideswipe-Same Direction,3,Clear,Dry,Dusk
2023-05-28T03:45:00.000,I 285,,,Not a Collision with Motor Vehicle,1,Clear,Dry,Dark-Lighted
2023-05-03T07:30:00.000,I 75,,,Sideswipe-Same Direction,2,Clear,Dry,Daylight
2023-11-26T15:53:00.000,I 85,,,Not a Collision with Motor Vehicle,1,Rain,Wet,Daylight
2023-01-28T05:56:00.000,I 85,,,Sideswipe-Same Direction,2,Clear,Dry,Dark-Not Lighted
2023-04-25T12:20:00.000,I 20,,,Not a Collision with Motor Vehicle,1,Clear,Dry,Daylight
2023-10-31T12:15:00.000,I-75,,,Rear End,2,Clear,Dry,Daylight
2023-10-27T12:38:00.000,I 20,,,Rear End,4,Clear,Dry,Daylight
2023-08-27T14:03:00.000,I 16,,,Sideswipe-Same Direction,2,Clear,Dry,Daylight
2023-01-26T04:30:00.000,I-75,,,Rear End,2,Clear,Dry,Dark-Not Lighted
2023-02-13T09:52:00.000,I 285,,,Sideswipe-Same Direction,2,Clear,Dry,Daylight
2023-08-09T00:46:00.000,I 20,,,Not a Collision with Motor Vehicle,1,Clear,Dry,Dark-Not Lighted
2023-08-28T00:15:00.000,I 85,,,Not a Collision with Motor Vehicle,1,Rain,Wet,Dark-Not Lighted
2023-01-22T05:13:00.000,I 20,,,Not a Collision with Motor Vehicle,1,Rain,Water (standing or moving),Dark-Not Lighted
2023-11-16T19:20:00.000,I-75,,,Rear End,2,Clear,Dry,Dark-Not Lighted
2023-11-05T17:00:00.000,I 75,,,Rear End,2,Clear,Dry,Daylight
2023-10-16T13:10:00.000,I 75,,,Angle Crash,3,Cloudy,Dry,Daylight
2023-09-08T18:25:00.000,I 75,,,Rear End,3,Clear,Dry,Daylight
2023-07-01T00:55:00.000,I 285,,,Not a Collision with Motor Vehicle,1,Clear,Dry,Dark-Not Lighted
2023-03-30T16:40:00.000,I 285,,,Not a Collision with Motor Vehicle,1,Clear,Dry,Daylight
2023-05-21T03:21:00.000,I 285,,,Sideswipe-Same Direction,2,Cloudy,Dry,Dark-Not Lighted
2023-08-30T17:20:00.000,I 75,,,Sideswipe-Same Direction,2,Cloudy,Dry,Daylight
2023-06-24T06:32:00.000,I 85,,,Sideswipe-Same Direction,2,Clear,Dry,Daylight
2023-08-17T17:05:00.000,I 75,,,Sideswipe-Same Direction,2,Clear,Dry,Daylight
2023-06-23T00:33:00.000,I 75,,,Not a Collision with Motor Vehicle,1,Rain,Wet,Dark-Lighted
2023-09-21T13:09:00.000,I 75,,,Sideswipe-Same Direction,2,Clear,Dry,Dawn
2023-12-10T22:32:00.000,I 75,,,Angle Crash,2,Cloudy,Dry,Dark-Not Lighted
2023-08-16T19:29:00.000,I 285,,,Angle Crash,2,Cloudy,Dry,Daylight
2023-08-23T08:30:00.000,I 20,,,Angle Crash,2,Clear,Dry,Daylight
2023-08-19T19:56:00.000,I 20,,,Not a Collision with Motor Vehicle,1,Clear,Dry,Daylight
2023-08-24T19:07:00.000,I 20,,,Sideswipe-Same Direction,2,Clear,Dry,Daylight
2023-12-27T12:41:00.000,I 16,,,Rear End,2,Clear,Dry,Daylight
2023-04-14T14:00:00.000,I 85,,,Rear End,2,Cloudy,Dry,Daylight
2023-03-31T20:45:00.000,I-75,,,Sideswipe-Same Direction,2,Clear,Dry,Dark-Lighted
2023-05-03T07:36:00.000,I 75,,,Sideswipe-Same Direction,2,Clear,Dry,Daylight
2023-03-01T17:24:00.000,I-75,,,Sideswipe-Same Direction,2,Clear,Dry,Daylight
2023-07-15T19:40:00.000,I-75,,,Sideswipe-Same Direction,2,Clear,Dry,Daylight
2023-06-18T15:40:00.000,I 285,,,Sideswipe-Same Direction,2,Clear,Dry,Daylight
2023-07-12T15:15:00.000,I-75,,,Sideswipe-Same Direction,2,Clear,Dry,Daylight
2023-11-13T11:27:00.000,I 20,,,Sideswipe-Same Direction,2,Clear,Dry,Daylight
2023-12-14T05:15:00.000,I 16,,,Not a Collision with Motor Vehicle,2,Clear,Dry,Dark-Not Lighted
2023-10-03T13:10:00.000,I 285,,,Sideswipe-Same Direction,2,Clear,Dry,Daylight
2023-06-07T15:28:00.000,I-75,,,Angle Crash,2,Clear,Dry,Daylight
2023-12-13T17:36:00.000,I 20,,,Rear End,2,Clear,Dry,Dark-Not Lighted
2023-02-03T16:55:00.000,I 285,,,Rear End,2,Clear,Dry,Daylight
2023-11-18T12:44:00.000,I 20,,,Rear End,3,Clear,Dry,Daylight
2023-10-16T00:00:00.000,I 285,,,Angle Crash,2,Clear,Dry,Daylight
2023-01-08T13:00:00.000,I-75,,,Rear End,2,Clear,Dry,Daylight
2023-09-11T19:21:00.000,I 20,,,Sideswipe-Same Direction,2,Clear,Dry,Daylight
2023-11-17T07:00:00.000,I 20,,,Rear End,2,Rain,Wet,Daylight
2023-07-10T19:00:00.000,I 20,,,Not a Collision with Motor Vehicle,1,Clear,Wet,Daylight
2023-11-18T16:15:00.000,I 75,,,Rear End,2,Clear,Dry,Daylight
2023-12-17T15:58:00.000,I 285,,,Not a Collision with Motor Vehicle,1,Clear,Dry,Daylight
2023-09-20T14:30:00.000,I-75,,,Angle Crash,2,Clear,Dry,Daylight
2023-03-14T12:08:00.000,I 75,,,Rear End,2,Clear,Dry,Daylight
2023-12-04T07:23:00.000,I 75,,,Sideswipe-Same Direction,2,Clear,Dry,Dawn
2023-02-15T09:36:00.000,I 75,,,Not a Collision with Motor Vehicle,1,Rain,Wet,Daylight
2023-01-29T02:57:00.000,I 285,,,Rear End,2,Clear,Dry,Dark-Lighted
2023-06-15T13:00:00.000,I 85,,,Sideswipe-Same Direction,2,Cloudy,Dry,Daylight
2023-09-23T22:30:00.000,I-75,,,Sideswipe-Same Direction,2,Clear,Dry,Dark-Lighted
2023-05-17T07:12:00.000,I 85,,,Sideswipe-Same Direction,2,Clear,Dry,Daylight
2023-10-14T21:00:00.000,I-75,,,Sideswipe-Opposite Direction,2,Other,Other,Dark-Lighted
2023-09-29T17:23:00.000,I 20,,,Sideswipe-Same Direction,2,Clear,Dry,Daylight
2023-09-06T07:50:00.000,I-75,,,Sideswipe-Same Direction,2,Cloudy,Dry,Dawn
2023-12-29T06:51:00.000,I 20,,,Not a Collision with Motor Vehicle,1,Clear,Dry,Daylight
2023-10-02T15:25:00.000,I 285,,,Not a Collision with Motor Vehicle,2,Clear,Dry,Daylight
2023-02-10T21:00:00.000,I-75,,,Sideswipe-Same Direction,2,Cloudy,Dry,Dark-Lighted
2023-06-08T12:35:00.000,I 85,,,Rear End,2,Clear,Dry,Daylight
2023-01-23T17:24:00.000,Sr 140,,,Rear End,2,Clear,Dry,Daylight
2023-10-08T15:46:00.000,I-75,,,Angle Crash,2,Clear,Dry,Daylight
2023-01-23T16:07:00.000,I 285,,,Rear End,2,Clear,Dry,Daylight
2023-11-26T19:16:00.000,I-75,,,Rear End,2,Clear,Dry,Dark-Lighted
2023-02-16T21:50:00.000,I 285,,,Angle Crash,2,Cloudy,Dry,Dark-Lighted
2023-06-11T23:10:00.000,I 20,,,Angle Crash,2,Cloudy,Dry,Dark-Not Lighted
2023-12-25T00:00:00.000,I 285,,,Rear End,2,Rain,Wet,Dark-Not Lighted
2023-10-27T14:44:00.000,I 85,,,Rear End,3,Clear,Dry,Daylight
2023-12-09T23:31:00.000,I-75,,,Rear End,3,Rain,Water (standing or moving),Dark-Not Lighted
2023-06-24T03:30:00.000,I-75,,,Sideswipe-Same Direction,2,Clear,Dry,Dark-Lighted
2023-02-11T16:11:00.000,I 75,,,Not a Collision with Motor Vehicle,1,Rain,Wet,Daylight
2023-05-03T07:00:00.000,I 285,,,Sideswipe-Same Direction,2,Clear,Dry,Daylight
2023-07-24T11:20:00.000,I 85,,,Sideswipe-Same Direction,3,Clear,Dry,Daylight
2023-06-03T15:50:00.000,I 75,,,Sideswipe-Same Direction,2,Clear,Dry,Daylight
2023-10-14T21:00:00.000,I 85,,,Angle Crash,2,Clear,Dry,Dark-Lighted
2023-09-17T03:20:00.000,I 85,,,Not a Collision with Motor Vehicle,1,Rain,Wet,Dark-Lighted
2023-04-13T17:41:00.000,I 20,,,Sideswipe-Same Direction,2,Rain,Wet,Daylight
2023-01-05T06:40:00.000,I 20,,,Rear End,3,Clear,Dry,Dawn
2023-08-31T15:00:00.000,I 85,,,Rear End,2,Clear,Dry,Daylight
2023-01-27T16:08:00.000,I 85,,,Rear End,2,Clear,Dry,Daylight
2023-05-29T10:21:00.000,I 20,,,Not a Collision with Motor Vehicle,2,Clear,Dry,Daylight
2023-11-20T12:19:00.000,I 16,,,Rear End,2,Clear,Dry,Daylight
2023-08-12T03:20:00.000,I-75,,,Rear End,2,Clear,Dry,Dark-Lighted
2023-08-08T07:40:00.000,I 16,,,Rear End,2,Clear,Dry,Daylight
2023-07-15T16:52:00.000,I 16,,,Not a Collision with Motor Vehicle,1,Cloudy,Water (standing or moving),Daylight
2023-05-10T18:13:00.000,I 16,,,Angle Crash,2,Clear,Dry,Daylight
2023-02-26T00:53:00.000,I-75,,,Rear End,2,Clear,Dry,Dark-Lighted
2023-06-16T02:50:00.000,I 20,,,Sideswipe-Same Direction,2,Clear,Dry,Dark-Not Lighted
2023-09-21T16:59:00.000,I 16,,,Sideswipe-Same Direction,2,Clear,Dry,Daylight
2023-09-20T03:44:00.000,I 16,,,Not a Collision with Motor Vehicle,1,Clear,Dry,Dark-Not Lighted
2023-12-24T13:40:00.000,I 20,,,Rear End,2,Clear,Dry,Daylight
2023-02-28T09:28:00.000,I 285,,,Rear End,2,Clear,Dry,Daylight
2023-02-28T17:40:00.000,I 75,,,Sideswipe-Same Direction,2,Clear,Dry,Daylight
2023-04-25T16:03:00.000,I 16,,,Rear End,2,Rain,Wet,Daylight
2023-05-21T20:37:00.000,I 16,,,Not a Collision with Motor Vehicle,1,Rain,Wet,Dark-Not Lighted
2023-01-04T05:43:00.000,I 285,,,Sideswipe-Same Direction,2,Rain,Water (standing or moving),Dark-Not Lighted
2023-04-06T22:03:00.000,I-75,,,Rear End,4,Clear,Dry,Dark-Lighted
2023-07-30T14:20:00.000,I 75,,,Rear End,2,Clear,Dry,Daylight
2023-07-14T02:13:00.000,I 20,,,Not a Collision with Motor Vehicle,1,Clear,Dry,Dark-Lighted
2023-05-09T14:20:00.000,I 85,,,Not a Collision with Motor Vehicle,1,Rain,Wet,Daylight
2023-11-05T06:55:00.000,I 95,,,Not a Collision with Motor Vehicle,1,Clear,Dry,Daylight
2023-12-16T18:59:00.000,I-75,,,Sideswipe-Same Direction,2,Clear,Dry,Dark-Lighted
2023-05-21T10:00:00.000,I 20,,,Rear End,2,Clear,Wet,Daylight
2023-10-11T11:13:00.000,I 75,,,Sideswipe-Same Direction,2,Clear,Dry,Daylight
2023-02-17T20:20:00.000,I 85,,,Sideswipe-Same Direction,2,Clear,Dry,Dark-Not Lighted
2023-01-12T05:52:00.000,I 75,,,Angle Crash,2,Clear,Dry,Dark-Lighted
2023-03-05T11:00:00.000,I 75,,,Rear End,2,Clear,Dry,Daylight
2023-04-15T07:07:00.000,I 75,,,Rear End,2,Clear,Dry,Daylight
2023-11-30T08:00:00.000,I 75,,,Sideswipe-Same Direction,2,Clear,Dry,Daylight
2023-01-17T20:18:00.000,I 85,,,Sideswipe-Same Direction,2,Clear,Dry,Dark-Not Lighted
2023-05-24T13:00:00.000,I-75,,,Rear End,2,Clear,Dry,Daylight
2023-07-28T18:43:00.000,I 75,,,Not a Collision with Motor Vehicle,1,Cloudy,Dry,Daylight
2023-10-12T06:35:00.000,I 85,,,Not a Collision with Motor Vehicle,1,Rain,Wet,Dark-Not Lighted
2023-03-02T16:50:00.000,I 85,,,Rear End,2,Rain,Wet,Daylight
2023-09-21T21:20:00.000,I 285,,,Rear End,2,Clear,Dry,Dark-Not Lighted
2023-02-12T08:04:00.000,I 85,,,Not a Collision with Motor Vehicle,1,Rain,Wet,Daylight
2023-06-27T15:37:00.000,I-75,,,Rear End,2,Clear,Dry,Daylight
2023-11-11T15:20:00.000,I-75,,,Sideswipe-Same Direction,2,Rain,Wet,Daylight
2023-11-16T04:35:00.000,I-75,,,Rear End,2,Clear,Dry,Dark-Lighted
2023-02-26T20:20:00.000,I-75,,,Rear End,2,Clear,Dry,Dark-Lighted
2023-11-22T16:27:00.000,I 75,,,Rear End,2,Clear,Dry,Daylight
2023-06-14T18:06:00.000,I 75,,,Not a Collision with Motor Vehicle,1,Rain,Wet,Daylight
2023-06-25T04:30:00.000,I-75,,,Sideswipe-Same Direction,5,Clear,Dry,Dark-Not Lighted
2023-12-19T18:17:00.000,I 85,,,Not a Collision with Motor Vehicle,1,Clear,Dry,Dark-Not Lighted
2023-04-18T18:25:00.000,I 85,,,Not a Collision with Motor Vehicle,2,Clear,Dry,Daylight
2023-09-22T10:53:00.000,I 285,,,Rear End,2,Clear,Dry,Daylight
2023-05-06T05:15:00.000,I 285,,,Not a Collision with Motor Vehicle,1,Clear,Dry,Daylight
2023-03-17T04:34:00.000,I 285,,,Not a Collision with Motor Vehicle,1,Clear,Dry,Dark-Lighted
2023-12-27T13:40:00.000,I 75,,,Sideswipe-Same Direction,2,Clear,Dry,Daylight
2023-06-03T15:49:00.000,I 75,,,Sideswipe-Same Direction,2,Clear,Dry,Daylight
2023-02-02T16:30:00.000,I-75,,,Angle Crash,2,Rain,Wet,Daylight
2023-12-24T00:10:00.000,I 285,,,Sideswipe-Same Direction,2,Clear,Dry,Dark-Lighted
2023-12-15T15:58:00.000,I 20,,,Rear End,2,Clear,Dry,Daylight
2023-04-27T11:15:00.000,I 75,,,Sideswipe-Same Direction,2,Rain,Wet,Daylight
2023-01-30T21:20:00.000,I 285,,,Angle Crash,5,Cloudy,Dry,Dark-Lighted
2023-07-08T13:13:00.000,I-75,,,Rear End,2,Clear,Dry,Daylight
2023-01-14T22:45:00.000,I-75,,,Rear End,2,Clear,Dry,Dark-Lighted
2023-12-10T05:30:00.000,I 75,,,Angle Crash,2,Rain,Wet,Dark-Not Lighted
2023-02-06T18:36:00.000,I 85,,,Rear End,2,Clear,Dry,Dark-Not Lighted
2023-08-19T15:46:00.000,I 285,,,Sideswipe-Same Direction,2,Clear,Dry,Daylight
2023-11-16T08:00:00.000,I-75,,,Sideswipe-Same Direction,2,Clear,Dry,Daylight
2023-06-18T01:00:00.000,I-75,,,Rear End,2,Clear,Dry,Dark-Lighted
2023-02-25T06:43:00.000,I 85,,,Sideswipe-Same Direction,2,Cloudy,Dry,Dark-Not Lighted
2023-08-06T01:17:00.000,I 285,,,Sideswipe-Same Direction,2,Clear,Dry,Dark-Not Lighted
2023-02-11T16:40:00.000,I 85,,,Sideswipe-Same Direction,2,Rain,Wet,Daylight
2023-10-28T21:51:00.000,I 20,,,Rear End,2,Clear,Dry,Dark-Not Lighted
2023-07-26T17:54:00.000,I 85,,,Rear End,2,Clear,Dry,Daylight
2023-06-07T18:50:00.000,I 95,,,Rear End,2,Clear,Dry,Daylight
2023-06-02T06:14:00.000,I 75,,,Sideswipe-Same Direction,2,Clear,Dry,Daylight
2023-05-31T19:34:00.000,I 75,,,Rear End,3,Clear,Dry,Daylight
2023-07-20T18:20:00.000,I 285,,,Not a Collision with Motor Vehicle,1,Cloudy,Dry,Daylight
2023-04-07T16:38:00.000,I 20,,,Not a Collision with Motor Vehicle,1,Rain,Wet,Daylight
2023-01-22T19:55:00.000,I 285,,,Sideswipe-Same Direction,2,Rain,Wet,Dark-Not Lighted
2023-10-27T20:04:00.000,I-75,,,Angle Crash,2,Clear,Dry,Dark-Lighted
2023-09-08T14:47:00.000,I 285,,,Sideswipe-Same Direction,2,Cloudy,Dry,Daylight
2023-11-08T19:29:00.000,I 85,,,Rear End,2,Clear,Dry,Dark-Not Lighted
2023-03-13T12:18:00.000,I 20,,,Rear End,3,Clear,Dry,Daylight
2023-07-07T22:32:00.000,I-75,,,Sideswipe-Same Direction,2,Clear,Dry,Dark-Lighted
2023-11-07T06:40:00.000,I 285,,,Rear End,3,Clear,Dry,Daylight
2023-08-24T19:58:00.000,I-75,,,Rear End,2,Clear,Dry,Dusk
2023-03-24T14:36:00.000,I 285,,,Rear End,2,Clear,Dry,Daylight
2023-12-03T03:10:00.000,I 95,,,Not a Collision with Motor Vehicle,1,Rain,Wet,Dark-Not Lighted
2023-10-25T17:34:00.000,I 20,,,Sideswipe-Opposite Direction,2,Clear,Dry,Daylight
2023-08-08T14:03:00.000,I 75,,,Rear End,2,Clear,Dry,Daylight
2023-10-12T12:12:00.000,I 75,,,Sideswipe-Same Direction,2,Clear,Dry,Daylight
2023-05-10T17:43:00.000,I 75,,,Rear End,2,Clear,Dry,Daylight
2023-11-23T14:32:00.000,I 85,,,Angle Crash,1,Clear,Dry,Daylight
2023-02-02T14:55:00.000,I 20,,,Angle Crash,2,Rain,Wet,Daylight
2023-12-03T18:15:00.000,I-75,,,Rear End,2,Clear,Dry,Dark-Lighted