Date and Time,Roadway (From Crash Report),Intersection Name (from Crash Report),KABCO Severity,Manner of Collision (Crash Level) ,# of Vehicles per crash ,Weather Conditions (Crash Level),Surface Condition (Crash Level) ,Light Conditions (Crash Level)
2023-08-30T05:17:00.000,I-75,,,Angle Crash,2,Clear,Wet,Dark-Lighted
2023-10-04T17:15:00.000,I-75,,,Rear End,2,Clear,Dry,Daylight
2023-12-17T22:10:00.000,I-75,,,Rear End,2,Clear,Dry,Dark-Lighted
2023-02-02T15:47:00.000,I 75,,,Sideswipe-Same Direction,2,Rain,Wet,Daylight
2023-09-13T03:45:00.000,I 75,,,Not a Collision with Motor Vehicle,1,Cloudy,Dry,Dark-Not Lighted
2023-12-02T11:15:00.000,I 285,,,Rear End,2,Rain,Wet,Daylight
2023-07-27T17:37:00.000,I 285,,,Rear End,2,Clear,Dry,Daylight
2023-06-16T05:36:00.000,I 95,,,Angle Crash,1,Rain,Wet,Dark-Lighted
2023-01-05T22:35:00.000,I 75,,,Sideswipe-Same Direction,2,Clear,Dry,Dark-Not Lighted
2023-01-18T16:06:00.000,I-75,,,Angle Crash,2,Cloudy,Water (standing or moving),Daylight
2023-02-23T07:32:00.000,I 285,,,Rear End,3,Clear,Dry,Daylight
2023-03-21T17:30:00.000,I 285,,,Sideswipe-Same Direction,2,Clear,Dry,Daylight
2023-07-08T16:45:00.000,I 285,,,Rear End,2,Clear,Dry,Daylight
2023-05-07T02:58:00.000,I-75,,,Angle Crash,4,Clear,Dry,Dark-Lighted
2023-04-21T09:47:00.000,I 95,,,Sideswipe-Same Direction,2,Clear,Dry,Daylight
2023-01-16T11:45:00.000,I 85,,,Sideswipe-Same Direction,2,Cloudy,Dry,Daylight
2023-02-17T17:00:00.000,I 285,,,Sideswipe-Same Direction,2,Clear,Dry,Daylight
2023-06-01T16:30:00.000,I 85,,,Rear End,2,Clear,Dry,Daylight
2023-01-05T08:45:00.000,I 20,,,Angle Crash,2,Clear,Dry,Daylight
2023-08-30T12:24:00.000,I 16,,,Not a Collision with Motor Vehicle,1,Rain,Water (standing or moving),Dark-Lighted
2023-08-03T17:43:00.000,I 20,,,Not a Collision with Motor Vehicle,1,Clear,Dry,Daylight
2023-08-31T09:41:00.000,I 75,,,Rear End,2,Clear,Dry,Dark-Lighted
2023-12-11T22:25:00.000,I-75,,,Rear End,2,Clear,Dry,Dark-Lighted
2023-07-28T14:19:00.000,I 75,,,Rear End,2,Clear,Dry,Daylight
2023-10-18T06:31:00.000,I 75,,,Sideswipe-Same Direction,2,Clear,Dry,Dark-Not Lighted
2023-05-08T05:15:00.000,I 85,,,(None),2,(None),(None),(None)
2023-02-26T14:00:00.000,I-75,,,Sideswipe-Same Direction,2,Clear,Dry,Daylight
2023-11-01T07:58:00.000,I 75,,,Rear End,2,Clear,Dry,Dawn
2023-11-27T23:20:00.000,I 285,,,Sideswipe-Same Direction,2,Clear,Dry,Dark-Not Lighted
2023-04-05T12:45:00.000,I-75,,,Sideswipe-Same Direction,2,Cloudy,Dry,Daylight
2023-02-22T17:10:00.000,I-75,,,Sideswipe-Same Direction,2,Clear,Dry,Daylight
2023-11-10T18:35:00.000,I 75,,,Rear End,2,Cloudy,Dry,Dark-Not Lighted
2023-09-11T09:01:00.000,I 75,,,Not a Collision with Motor Vehicle,1,Clear,Dry,Daylight
2023-06-21T15:30:00.000,I 20,,,Angle Crash,1,Rain,Wet,Dark-Lighted
2023-03-01T08:31:00.000,I-75,,,Rear End,2,Cloudy,Dry,Daylight
2023-07-25T16:00:00.000,I 75,,,Rear End,2,Clear,Dry,Daylight
2023-05-20T17:07:00.000,I 75,,,Rear End,2,Clear,Dry,Daylight
2023-12-10T00:00:00.000,I-75,,,Rear End,2,Rain,Water (standing or moving),Dark-Lighted
2023-08-21T15:02:00.000,I 285,,,Sideswipe-Same Direction,2,Clear,Dry,Daylight
2023-11-14T21:50:00.000,I 75,,,Sideswipe-Same Direction,2,Clear,Dry,Dark-Lighted
2023-07-21T20:38:00.000,I 20,,,Sideswipe-Same Direction,2,Rain,Water (standing or moving),Dark-Lighted
2023-10-12T10:35:00.000,I 85,,,Rear End,2,Clear,Dry,Daylight
2023-05-14T16:55:00.000,I 16,,,Rear End,2,Clear,Dry,Daylight
2023-06-22T09:48:00.000,I 75,,,Not a Collision with Motor Vehicle,1,Rain,Wet,Daylight
2023-12-13T12:40:00.000,I-75,,,Sideswipe-Same Direction,2,Clear,Dry,Daylight
2023-03-23T17:24:00.000,I 20,,,Rear End,2,Clear,Dry,Daylight
2023-03-12T09:05:00.000,I 285,,,Sideswipe-Same Direction,2,Rain,Wet,Daylight
2023-12-18T13:45:00.000,I 20,,,Not a Collision with Motor Vehicle,1,Clear,Dry,Daylight
2023-09-25T16:25:00.000,I 75,,,Sideswipe-Same Direction,3,Clear,Dry,Daylight
2023-04-30T07:40:00.000,I-75,,,Not a Collision with Motor Vehicle,1,Rain,Wet,Daylight
2023-01-22T15:15:00.000,I 75,,,Rear End,2,Rain,Wet,Daylight
2023-05-13T20:48:00.000,I 16,,,Rear End,2,Clear,Dry,Dark-Not Lighted
2023-04-15T14:36:00.000,I 20,,,Rear End,2,Clear,Dry,Daylight
2023-11-10T14:38:00.000,I 20,,,Angle Crash,2,Cloudy,Wet,Daylight
2023-09-03T11:09:00.000,I 85,,,Angle Crash,5,Clear,Dry,Daylight
2023-11-11T20:20:00.000,I 95,,,Rear End,2,Clear,Dry,Dark-Lighted
2023-10-18T17:30:00.000,I 85,,,Sideswipe-Same Direction,2,Clear,Dry,Daylight
2023-04-13T20:11:00.000,I 285,,,Sideswipe-Opposite Direction,2,Rain,Wet,Dark-Lighted
2023-01-28T18:30:00.000,I-75,,,Angle Crash,2,Clear,Dry,Dark-Not Lighted
2023-09-15T17:10:00.000,I 75,,,Rear End,2,Cloudy,Dry,Dark-Lighted
2023-06-28T09:06:00.000,I 75,,,Sideswipe-Same Direction,2,Clear,Dry,Daylight
2023-04-03T10:31:00.000,I 75,,,Not a Collision with Motor Vehicle,1,Rain,Wet,Daylight
2023-11-14T18:19:00.000,I 20,,,(None),2,(None),(None),(None)
2023-03-24T08:11:00.000,I 20,,,Sideswipe-Same Direction,2,Cloudy,Dry,Daylight
2023-09-07T08:02:00.000,I 75,,,Rear End,2,Clear,Dry,Daylight
2023-07-23T16:45:00.000,I 75,,,Not a Collision with Motor Vehicle,1,Clear,Dry,Daylight
2023-05-21T05:40:00.000,I 285,,,Rear End,2,Cloudy,Dry,Dark-Not Lighted
2023-07-23T20:10:00.000,I 285,,,Rear End,2,Clear,Dry,Dark-Lighted
2023-05-05T16:15:00.000,I 75,,,Not a Collision with Motor Vehicle,1,Cloudy,Wet,Daylight
2023-09-24T15:30:00.000,I-75,,,Rear End,2,Clear,Dry,Daylight
2023-12-03T21:59:00.000,I-75,,,Sideswipe-Same Direction,2,Clear,Dry,Dark-Lighted
2023-12-11T19:05:00.000,I 75,,,Sideswipe-Same Direction,2,Clear,Dry,Dark-Not Lighted
2023-06-02T01:41:00.000,I 75,,,Rear End,2,Cloudy,Dry,Dark-Not Lighted
2023-10-01T12:19:00.000,I 20,,,Sideswipe-Same Direction,2,Clear,Dry,Daylight
2023-02-01T15:25:00.000,I-75,,,Angle Crash,4,Cloudy,Dry,Daylight
2023-08-05T00:00:00.000,I 20,,,Not a Collision with Motor Vehicle,2,Clear,Dry,Dark-Lighted
2023-10-27T21:00:00.000,I 75,,,Rear End,2,Clear,Dry,Dark-Not Lighted
2023-07-21T10:55:00.000,I 16,,,Sideswipe-Same Direction,2,Cloudy,Dry,Daylight
2023-05-05T17:23:00.000,I 85,,,Rear End,2,Clear,Wet,Daylight
2023-12-13T21:48:00.000,I 75,,,(None),3,(None),(None),(None)
2023-01-11T07:16:00.000,I 75,,,Sideswipe-Same Direction,2,Clear,Dry,Dark-Not Lighted
2023-11-28T17:58:00.000,I-75,,,Rear End,2,Clear,Dry,Dark-Lighted
2023-04-28T16:45:00.000,I 75,,,Sideswipe-Same Direction,2,Clear,Dry,Daylight
2023-07-17T04:05:00.000,I 85,,,Angle Crash,2,Clear,Dry,Dark-Not Lighted
2023-10-27T19:52:00.000,I 75,,,Sideswipe-Same Direction,2,Clear,Dry,Dark-Not Lighted
2023-11-04T17:24:00.000,I 285,,,Sideswipe-Same Direction,2,Clear,Dry,Daylight
2023-07-09T23:00:00.000,I 85,,,Rear End,2,Clear,Dry,Dark-Not Lighted
2023-11-29T18:16:00.000,I-75,,,Rear End,2,Clear,Dry,Dark-Lighted
2023-03-08T11:34:00.000,I 75,,,Angle Crash,2,Clear,Dry,Daylight
2023-09-23T15:50:00.000,I-75,,,Angle Crash,2,Clear,Dry,Daylight
2023-02-13T16:03:00.000,I 20,,,Sideswipe-Same Direction,2,Clear,Dry,Daylight
2023-01-05T14:09:00.000,I 20,,,Not a Collision with Motor Vehicle,1,Clear,Dry,Daylight
2023-10-29T20:42:00.000,I 20,,,Angle Crash,2,Clear,Dry,Daylight
2023-10-11T21:32:00.000,I 75,,,Sideswipe-Same Direction,2,Rain,Wet,Dark-Not Lighted
2023-10-28T13:00:00.000,I 285,,,Rear End,2,Cloudy,Dry,Daylight
2023-04-19T10:41:00.000,I 75,,,Sideswipe-Same Direction,2,Clear,Dry,Daylight
2023-08-30T15:49:00.000,I 20,,,Sideswipe-Same Direction,1,Rain,Wet,Daylight
2023-08-09T03:00:00.000,I-75,,,Rear End,2,Clear,Dry,Dark-Not Lighted
2023-02-02T10:10:00.000,I 75,,,Sideswipe-Same Direction,2,Rain,Wet,Daylight
2023-01-19T09:58:00.000,I 16,,,Rear End,2,Cloudy,Wet,Daylight
2023-05-09T17:08:00.000,I 75,,,Not a Collision with Motor Vehicle,1,Rain,Wet,Daylight
2023-11-11T23:54:00.000,I 75,,,Sideswipe-Same Direction,2,Clear,Dry,Dark-Not Lighted
2023-12-07T20:30:00.000,I-75,,,Rear End,2,Clear,Dry,Dark-Not Lighted
2023-02-16T17:10:00.000,I 285,,,Rear End,2,Cloudy,Dry,Daylight
2023-01-05T23:03:00.000,I-75,,,Sideswipe-Same Direction,2,Clear,Dry,Dark-Lighted
2023-10-18T11:07:00.000,I-75,,,Rear End,2,Clear,Dry,Daylight
2023-06-16T18:03:00.000,I 75,,,Rear End,2,Clear,Dry,Daylight
2023-08-10T09:30:00.000,I 20,,,Rear End,2,Rain,Wet,Daylight
2023-11-13T00:00:00.000,I 285,,,Not a Collision with Motor Vehicle,1,Clear,Dry,Dark-Lighted
2023-09-13T08:40:00.000,I 20,,,Sideswipe-Same Direction,2,Clear,Wet,Daylight
2023-07-06T08:06:00.000,I 20,,,Rear End,2,Clear,Dry,Daylight
2023-02-17T07:08:00.000,I 75,,,Sideswipe-Same Direction,2,Cloudy,Wet,Dawn
2023-08-03T13:45:00.000,I 85,,,Rear End,2,Cloudy,Dry,Daylight
2023-08-18T18:25:00.000,I 20,,,Not a Collision with Motor Vehicle,2,Clear,Dry,Daylight
2023-06-03T10:45:00.000,I-75,,,Sideswipe-Same Direction,2,Clear,Dry,Daylight
2023-06-07T11:22:00.000,I-75,,,Sideswipe-Opposite Direction,2,Clear,Dry,Daylight
2023-12-12T20:26:00.000,I 16,,,Not a Collision with Motor Vehicle,1,Clear,Dry,Dark-Not Lighted
2023-02-22T07:40:00.000,I 75,,,Angle Crash,2,Clear,Dry,Daylight
2023-01-21T12:10:00.000,I-75,,,Sideswipe-Same Direction,2,Cloudy,Dry,Daylight
2023-03-31T23:54:00.000,I-75,,,Rear End,3,Clear,Dry,Dark-Lighted
2023-04-15T23:45:00.000,I 85,,,Sideswipe-Same Direction,2,Clear,Dry,Dark-Not Lighted
2023-04-30T03:18:00.000,I-75,,,Angle Crash,2,Rain,Wet,Dark-Lighted
2023-04-24T20:52:00.000,Sr 140,,,Rear End,2,Clear,Dry,Dark-Lighted
2023-04-29T17:30:00.000,I 285,,,Rear End,2,Clear,Dry,Daylight
2023-10-18T10:53:00.000,I-75,,,Rear End,2,Clear,Dry,Daylight
2023-11-21T15:00:00.000,I 285,,,Rear End,3,Clear,Wet,Daylight
2023-09-30T09:51:00.000,I 285,,,Sideswipe-Same Direction,2,Clear,Dry,Daylight
2023-04-25T07:55:00.000,I 20,,,Sideswipe-Same Direction,2,Cloudy,Dry,Daylight
2023-03-17T12:05:00.000,I 285,,,Sideswipe-Same Direction,3,Cloudy,Wet,Daylight
2023-10-05T22:15:00.000,I-75,,,Rear End,2,Clear,Dry,Dark-Not Lighted
2023-10-21T09:13:00.000,I 75,,,(None),2,(None),(None),(None)
2023-05-29T01:00:00.000,I-75,,,Sideswipe-Same Direction,2,Clear,Dry,Dark-Lighted
2023-06-27T13:47:00.000,I 75,,,Rear End,2,Clear,Dry,Daylight
2023-09-17T20:57:00.000,I 285,,,Rear End,2,Clear,Dry,Dark-Lighted
2023-08-28T01:13:00.000,I 20,,,Not a Collision with Motor Vehicle,1,Rain,Wet,Dark-Not Lighted
2023-10-18T15:27:00.000,I-75,,,Rear End,2,Clear,Dry,Daylight
2023-11-26T17:14:00.000,I-75,,,Rear End,3,Rain,Wet,Daylight
2023-11-28T14:00:00.000,I 75,,,(None),2,(None),(None),(None)
2023-07-13T08:24:00.000,I 285,,,Rear End,2,Clear,Dry,Daylight
2023-09-26T17:00:00.000,I 85,,,Rear End,3,Clear,Dry,Daylight
2023-08-30T08:33:00.000,I-75,,,Rear End,2,Cloudy,Wet,Daylight
2023-03-05T11:49:00.000,I-75,,,Sideswipe-Same Direction,2,Clear,Dry,Daylight
2023-09-23T15:40:00.000,I 75,,,Sideswipe-Same Direction,2,Clear,Dry,Daylight
2023-05-22T02:44:00.000,I 20,,,Not a Collision with Motor Vehicle,1,Clear,Dry,Dark-Lighted
2023-02-08T16:58:00.000,I 85,,,Sideswipe-Same Direction,2,Clear,Dry,Daylight
2023-12-28T04:36:00.000,I 285,,,Sideswipe-Same Direction,2,Clear,Dry,Dark-Not Lighted
2023-04-27T14:55:00.000,I 285,,,Sideswipe-Opposite Direction,2,Rain,Wet,Daylight
2023-12-08T17:26:00.000,I 16,,,Sideswipe-Same Direction,2,Clear,Dry,Dawn
2023-09-09T05:14:00.000,I 285,,,Rear End,2,Clear,Dry,Daylight
2023-10-31T07:29:00.000,I 75,,,Rear End,2,Clear,Dry,Daylight
2023-09-15T06:02:00.000,I 85,,,Sideswipe-Same Direction,2,Clear,Dry,Dark-Not Lighted
2023-04-20T15:40:00.000,I 75,,,Sideswipe-Same Direction,2,Clear,Dry,Daylight
2023-01-14T18:59:00.000,I 75,,,Sideswipe-Same Direction,2,Clear,Dry,Dark-Lighted
2023-07-01T00:00:00.000,I 85,,,Sideswipe-Same Direction,2,Clear,Dry,Dark-Not Lighted
2023-11-27T11:06:00.000,I 20,,,Sideswipe-Same Direction,2,Clear,Dry,Daylight
2023-06-21T20:00:00.000,I 20,,,Rear End,2,Clear,Wet,Dark-Lighted
2023-07-01T19:32:00.000,I 285,,,Rear End,4,Cloudy,Dry,Daylight
2023-04-04T20:48:00.000,I 75,,,Rear End,2,Clear,Dry,Dark-Lighted
2023-11-18T11:44:00.000,I 285,,,Rear End,3,Clear,Dry,Daylight
2023-11-08T16:05:00.000,I 85,,,Not a Collision with Motor Vehicle,2,Clear,Dry,Daylight
2023-07-05T09:05:00.000,I-75,,,Rear End,2,Cloudy,Dry,Daylight
2023-01-21T16:22:00.000,I 285,,,Sideswipe-Same Direction,2,Clear,Dry,Daylight
2023-07-23T15:21:00.000,I 75,,,Rear End,2,Clear,Wet,Daylight
2023-10-14T01:27:00.000,I 16,,,Not a Collision with Motor Vehicle,1,Cloudy,Dry,Dark-Lighted
2023-11-21T18:02:00.000,I 75,,,Rear End,2,Clear,Wet,Dark-Not Lighted
2023-02-25T21:20:00.000,I-75,,,Sideswipe-Same Direction,2,Clear,Dry,Dark-Lighted
2023-03-04T00:00:00.000,I 85,,,Sideswipe-Same Direction,4,Clear,Dry,Daylight
2023-08-01T16:21:00.000,I 16,,,Rear End,2,Clear,Dry,Daylight
2023-03-16T07:31:00.000,I 285,,,Rear End,2,Clear,Dry,Daylight
2023-11-06T16:49:00.000,I 285,,,Sideswipe-Same Direction,2,Clear,Dry,Dusk
2023-12-06T17:30:00.000,I-75,,,Not a Collision with Motor Vehicle,3,Clear,Dry,Daylight
2023-09-13T06:06:00.000,I 85,,,Sideswipe-Same Direction,2,Rain,Wet,Dark-Not Lighted
2023-02-06T00:00:00.000,I 285,,,Rear End,2,Clear,Dry,Daylight
2023-09-13T15:35:00.000,I 285,,,Sideswipe-Same Direction,2,Clear,Dry,Daylight
2023-01-17T15:01:00.000,I 75,,,Not a Collision with Motor Vehicle,1,Rain,Wet,Daylight
2023-08-21T12:44:00.000,I 75,,,Sideswipe-Same Direction,2,Clear,Dry,Daylight
2023-03-20T15:49:00.000,I 285,,,Rear End,2,Clear,Dry,Daylight
2023-11-01T09:30:00.000,I 285,,,Sideswipe-Same Direction,2,Clear,Dry,Daylight
2023-10-11T19:48:00.000,I-75,,,Rear End,2,Rain,Wet,Dark-Lighted
2023-01-15T15:39:00.000,I 75,,,Sideswipe-Same Direction,2,Clear,Dry,Daylight
2023-05-14T21:06:00.000,I 85,,,Not a Collision with Motor Vehicle,1,Cloudy,Wet,Dark-Not Lighted
2023-11-14T07:18:00.000,I 85,,,Rear End,2,Clear,Dry,Daylight
2023-11-03T10:25:00.000,I 75,,,Rear End,2,Clear,Dry,Daylight
2023-09-14T20:40:00.000,I 285,,,Angle Crash,2,Clear,Dry,Dark-Not Lighted
2023-01-27T19:15:00.000,I 75,,,Not a Collision with Motor Vehicle,1,Cloudy,Dry,Dark-Not Lighted
2023-09-03T16:40:00.000,I 285,,,Not a Collision with Motor Vehicle,2,Clear,Dry,Daylight
2023-05-10T23:00:00.000,I-75,,,Rear End,2,Clear,Dry,Dark-Not Lighted
2023-09-07T08:35:00.000,I-75,,,Sideswipe-Same Direction,2,Clear,Dry,Daylight
2023-10-25T09:02:00.000,I-75,,,Sideswipe-Same Direction,2,Cloudy,Dry,Daylight
2023-11-15T18:01:00.000,I 85,,,(None),2,(None),(None),(None)
2023-09-30T08:09:00.000,I 75,,,Not a Collision with Motor Vehicle,1,Clear,Dry,Daylight
2023-03-18T21:34:00.000,I 75,,,Not a Collision with Motor Vehicle,1,Clear,Dry,Dark-Lighted
2023-03-22T06:45:00.000,I 285,,,Rear End,3,Cloudy,Dry,Daylight
2023-06-17T10:53:00.000,I 16,,,Sideswipe-Same Direction,2,Clear,Dry,Daylight
2023-08-28T19:50:00.000,I 20,,,Rear End,2,Clear,Wet,Dark-Lighted
2023-09-14T22:25:00.000,I-75,,,Sideswipe-Same Direction,2,Clear,Dry,Dark-Lighted
2023-07-14T18:01:00.000,I 16,,,Rear End,2,Rain,Wet,Daylight
2023-08-08T14:40:00.000,I 285,,,Rear End,2,Clear,Dry,Daylight
2023-12-20T17:00:00.000,I 285,,,Angle Crash,2,Clear,Dry,Daylight
2023-01-04T01:40:00.000,I-75,,,Not a Collision with Motor Vehicle,1,Rain,Water (standing or moving),Dark-Not Lighted
2023-12-23T17:47:00.000,I 75,,,Rear End,2,Clear,Dry,Daylight
2023-03-07T07:30:00.000,I 20,,,Sideswipe-Same Direction,2,Clear,Dry,Daylight
2023-07-13T08:20:00.000,I 285,,,Rear End,2,Clear,Dry,Daylight
2023-05-02T14:30:00.000,I 20,,,Rear End,2,Clear,Dry,Daylight
2023-11-05T10:48:00.000,I 20,,,Rear End,2,Clear,Dry,Daylight
2023-05-02T16:18:00.000,I 95,,,Rear End,2,Clear,Dry,Daylight
2023-01-04T09:55:00.000,I 85,,,Not a Collision with Motor Vehicle,1,Rain,Wet,Daylight
2023-03-26T13:40:00.000,I 285,,,Rear End,4,Clear,Dry,Daylight
2023-11-28T20:00:00.000,I 75,,,Sideswipe-Same Direction,2,Clear,Dry,Dark-Not Lighted
2023-02-08T18:35:00.000,I 95,,,Rear End,2,Clear,Dry,Dark-Lighted
2023-10-23T08:09:00.000,I 285,,,Rear End,2,Clear,Dry,Daylight
2023-09-24T03:20:00.000,I 20,,,Rear End,2,Clear,Dry,Dark-Lighted
2023-04-20T18:49:00.000,I 20,,,Rear End,2,Clear,Dry,Daylight
2023-06-10T03:00:00.000,I-75,,,Angle Crash,2,Clear,Dry,Dark-Lighted
2023-07-17T20:46:00.000,I 20,,,Not a Collision with Motor Vehicle,1,Clear,Dry,Dark-Lighted
2023-04-19T18:45:00.000,I 285,,,Rear End,2,Clear,Dry,Daylight
2023-07-10T11:46:00.000,I 75,,,Angle Crash,2,Rain,Dry,Daylight
2023-02-02T19:35:00.000,I 285,,,Rear End,2,Rain,Wet,Dark-Not Lighted
2023-01-24T16:10:00.000,I-75,,,Rear End,2,Clear,Dry,Daylight
2023-01-05T13:56:00.000,I 75,,,Rear End,2,Clear,Dry,Daylight
2023-11-26T14:50:00.000,I 20,,,Rear End,2,Rain,Wet,Daylight
2023-05-22T06:49:00.000,I 16,,,Rear End,2,Cloudy,Dry,Daylight
2023-09-20T01:20:00.000,I 16,,,Not a Collision with Motor Vehicle,1,Clear,Dry,Dark-Not Lighted
2023-10-09T15:30:00.000,I 16,,,Rear End,2,Clear,Dry,Daylight
2023-12-12T16:00:00.000,I 85,,,Rear End,2,Clear,Dry,Daylight
2023-06-25T14:52:00.000,I 285,,,Sideswipe-Same Direction,2,Clear,Dry,Daylight
2023-10-27T07:53:00.000,I 20,,,Rear End,2,Clear,Dry,Daylight
2023-08-12T23:27:00.000,I 285,,,Sideswipe-Same Direction,2,Clear,Wet,Dark-Not Lighted
2023-07-28T12:15:00.000,I 20,,,Rear End,4,Clear,Dry,Daylight
2023-06-05T08:29:00.000,I 75,,,Sideswipe-Same Direction,2,Clear,Dry,Daylight
2023-03-27T11:51:00.000,I 16,,,Not a Collision with Motor Vehicle,1,Rain,Wet,Daylight
2023-01-15T21:04:00.000,I 285,,,Rear End,2,Clear,Dry,Dark-Lighted
2023-04-05T15:32:00.000,I 16,,,Rear End,2,Clear,Dry,Daylight
2023-11-05T15:00:00.000,I-75,,,Rear End,2,Clear,Dry,Dark-Lighted
2023-01-23T13:55:00.000,I 85,,,Sideswipe-Same Direction,2,Clear,Dry,Daylight
2023-12-25T23:14:00.000,I 75,,,Not a Collision with Motor Vehicle,1,Rain,Water (standing or moving),Dark-Not Lighted
2023-12-17T12:35:00.000,I 95,,,Sideswipe-Same Direction,2,Rain,Wet,Daylight
2023-10-02T17:10:00.000,I 16,,,Rear End,2,Clear,Dry,Daylight
2023-07-14T01:15:00.000,I-75,,,Sideswipe-Same Direction,2,Clear,Dry,Dark-Lighted
2023-06-04T04:30:00.000,I-75,,,Angle Crash,2,Clear,Dry,Dark-Lighted
2023-09-13T18:23:00.000,I 20,,,Rear End,2,Rain,Wet,Daylight
2023-10-13T15:15:00.000,I 75,,,Rear End,2,Cloudy,Dry,Daylight
2023-12-04T18:39:00.000,I 75,,,Sideswipe-Same Direction,2,Clear,Dry,Dark-Lighted
2023-11-25T16:03:00.000,I 20,,,Sideswipe-Same Direction,2,Clear,Dry,Daylight
2023-02-26T00:15:00.000,I 16,,,Not a Collision with Motor Vehicle,1,Clear,Dry,Dark-Lighted
2023-03-28T19:53:00.000,I 16,,,Not a Collision with Motor Vehicle,1,Cloudy,Dry,Dark-Not Lighted
2023-11-12T20:20:00.000,I 85,,,Sideswipe-Same Direction,2,Clear,Dry,Dark-Not Lighted
2023-10-18T18:50:00.000,I 85,,,Rear End,2,Clear,Dry,Daylight
2023-11-07T23:16:00.000,I 20,,,Not a Collision with Motor Vehicle,1,Clear,Dry,Dark-Not Lighted
2023-07-05T10:24:00.000,I 85,,,Rear End,3,Cloudy,Dry,Daylight
2023-02-05T13:08:00.000,I 285,,,Sideswipe-Same Direction,2,Clear,Dry,Daylight
2023-06-09T14:23:00.000,I 75,,,Rear End,2,Clear,Dry,Daylight
2023-01-21T21:27:00.000,I 75,,,Not a Collision with Motor Vehicle,1,Cloudy,Water (standing or moving),Dark-Not Lighted
2023-06-20T11:18:00.000,I 75,,,Not a Collision with Motor Vehicle,1,Clear,Dry,Daylight
2023-06-19T05:59:00.000,I 20,,,Not a Collision with Motor Vehicle,1,Rain,Wet,Dark-Not Lighted
2023-07-07T11:50:00.000,I 75,,,Rear End,2,Clear,Dry,Daylight
2023-06-22T16:14:00.000,I 85,,,Rear End,3,Clear,Dry,Daylight
2023-01-03T22:15:00.000,I-75,,,Sideswipe-Same Direction,2,Rain,Wet,Dark-Lighted
2023-10-14T06:12:00.000,I-75,,,Head On,3,Rain,Wet,Dark-Not Lighted
2023-02-14T16:16:00.000,I 285,,,Rear End,3,Clear,Dry,Daylight
2023-02-09T12:40:00.000,I 16,,,Rear End,2,Clear,Dry,Daylight
2023-06-16T17:13:00.000,I 75,,,Angle Crash,2,Clear,Dry,Daylight
2023-12-02T13:25:00.000,I-75,,,Sideswipe-Same Direction,2,Clear,Dry,Daylight
2023-10-27T14:17:00.000,I 75,,,Rear End,2,Clear,Dry,Daylight
2023-09-29T05:00:00.000,Sr 140,,,Rear End,2,Clear,Water (standing or moving),Dark-Lighted
2023-06-20T14:40:00.000,I 16,,,(None),1,(None),(None),(None)
2023-05-30T21:53:00.000,I 75,,,Not a Collision with Motor Vehicle,1,Clear,Dry,Dark-Lighted
2023-01-07T18:40:00.000,I-75,,,Rear End,2,Clear,Dry,Dark-Lighted
2023-04-26T11:01:00.000,I 285,,,Sideswipe-Same Direction,2,Cloudy,Dry,Daylight
2023-11-15T16:57:00.000,I 85,,,Sideswipe-Same Direction,2,Clear,Dry,Daylight
2023-04-02T18:00:00.000,I-75,,,Rear End,3,Clear,Dry,Dark-Not Lighted
2023-07-28T19:45:00.000,I 20,,,Sideswipe-Same Direction,2,Clear,Dry,Daylight
2023-12-14T06:15:00.000,I 85,,,Angle Crash,2,Clear,Dry,Dark-Lighted
2023-03-29T08:50:00.000,I 285,,,Rear End,2,Clear,Dry,Daylight
2023-03-18T22:13:00.000,I-75,,,Rear End,2,Clear,Dry,Dark-Lighted
2023-02-17T02:45:00.000,I 75,,,Not a Collision with Motor Vehicle,1,Rain,Wet,Dark-Not Lighted
2023-12-26T08:10:00.000,I 75,,,Sideswipe-Same Direction,2,Clear,Wet,Daylight
2023-06-27T02:15:00.000,I 75,,,Not a Collision with Motor Vehicle,1,Clear,Dry,Dark-Not Lighted
2023-06-20T18:10:00.000,I 75,,,Angle Crash,2,Rain,Wet,Daylight
2023-03-16T22:45:00.000,I-75,,,Sideswipe-Same Direction,2,Clear,Dry,Dark-Lighted
2023-02-15T16:40:00.000,I 20,,,Rear End,2,Cloudy,Dry,Daylight
2023-10-02T20:00:00.000,I-75,,,Rear End,2,Clear,Dry,Dark-Lighted
2023-04-25T18:35:00.000,I 20,,,Rear End,2,Clear,Dry,Daylight
2023-02-24T19:30:00.000,I 85,,,Rear End,2,Rain,Water (standing or moving),Dark-Not Lighted
2023-09-15T03:00:00.000,I 285,,,Not a Collision with Motor Vehicle,1,Cloudy,Dry,Dark-Lighted
2023-01-25T12:15:00.000,I 85,,,Angle Crash,2,Cloudy,Wet,Daylight
2023-10-04T14:41:00.000,I-75,,,Sideswipe-Same Direction,2,Clear,Dry,Daylight
2023-07-28T00:30:00.000,I 75,,,Sideswipe-Same Direction,2,Clear,Dry,Dark-Not Lighted
2023-05-20T16:35:00.000,I 20,,,Sideswipe-Same Direction,2,Clear,Dry,Daylight
2023-10-03T18:47:00.000,I 20,,,Rear End,2,Clear,Dry,Daylight
2023-05-18T22:00:00.000,I-75,,,Rear End,3,Clear,Dry,Dark-Lighted
2023-03-25T08:00:00.000,I 75,,,Not a Collision with Motor Vehicle,1,Rain,Wet,Daylight
2023-05-18T10:34:00.000,I 75,,,Not a Collision with Motor Vehicle,1,Rain,Wet,Daylight
2023-07-08T14:10:00.000,I 75,,,Rear End,2,Clear,Dry,Daylight