Date and Time,Roadway (From Crash Report),Intersection Name (from Crash Report),KABCO Severity,Manner of Collision (Crash Level) ,# of Vehicles per crash ,Weather Conditions (Crash Level),Surface Condition (Crash Level) ,Light Conditions (Crash Level)
2023-11-08T07:20:00.000,I-75,,,Sideswipe-Same Direction,2,Clear,Dry,Daylight
2023-08-06T13:36:00.000,I 85,,,Rear End,4,Rain,Wet,Daylight
2023-02-27T16:45:00.000,I 75,,,Not a Collision with Motor Vehicle,1,Cloudy,Dry,Daylight
2023-11-11T03:00:00.000,I 285,,,Not a Collision with Motor Vehicle,1,Clear,Wet,Dark-Lighted
2023-09-06T06:50:00.000,I-75,,,Rear End,2,Clear,Dry,Dusk
2023-09-20T17:40:00.000,I 75,,,Rear End,2,Clear,Dry,Daylight
2023-10-09T11:28:00.000,I 85,,,Sideswipe-Same Direction,2,Clear,Dry,Daylight
2023-10-18T16:42:00.000,I-75,,,Sideswipe-Same Direction,2,Clear,Dry,Daylight
2023-04-21T23:43:00.000,I 20,,,Angle Crash,2,Clear,Dry,Dark-Not Lighted
2023-11-01T16:52:00.000,I 75,,,Rear End,2,Clear,Dry,Daylight
2023-09-27T14:50:00.000,I 285,,,Angle Crash,2,Clear,Dry,Daylight
2023-07-30T12:30:00.000,I 20,,,Angle Crash,2,Clear,Dry,Daylight
2023-03-22T13:43:00.000,I 75,,,Rear End,2,Rain,Wet,Daylight
2023-12-09T08:12:00.000,I 20,,,Not a Collision with Motor Vehicle,1,Rain,Wet,Daylight
2023-03-27T03:50:00.000,I 75,,,Not a Collision with Motor Vehicle,1,Cloudy,Dry,Dark-Not Lighted
2023-06-13T16:44:00.000,I 16,,,Rear End,2,Clear,Dry,Daylight
2023-09-30T23:38:00.000,I 85,,,Sideswipe-Same Direction,2,Clear,Dry,Dark-Lighted
2023-05-02T15:26:00.000,I 75,,,Rear End,2,Clear,Dry,Daylight
2023-03-04T12:58:00.000,I 20,,,Sideswipe-Same Direction,2,Clear,Dry,Daylight
2023-10-01T16:30:00.000,I 85,,,Rear End,2,Clear,Dry,Daylight
2023-07-02T23:30:00.000,I 285,,,Sideswipe-Same Direction,2,Rain,Wet,Dark-Lighted
2023-11-24T09:45:00.000,I-75,,,Rear End,2,Clear,Dry,Daylight
2023-08-24T15:53:00.000,I 285,,,Sideswipe-Same Direction,2,Clear,Dry,Daylight
2023-12-18T12:45:00.000,I 285,,,Rear End,2,Clear,Dry,Daylight
2023-11-11T08:12:00.000,I 285,,,Not a Collision with Motor Vehicle,1,Cloudy,Water (standing or moving),Daylight
2023-02-08T04:10:00.000,I-75,,,Not a Collision with Motor Vehicle,1,Clear,Dry,Dark-Lighted
2023-01-09T08:55:00.000,I 20,,,Sideswipe-Same Direction,2,Clear,Dry,Daylight
2023-03-04T22:27:00.000,I 75,,,Sideswipe-Same Direction,2,Clear,Dry,Dark-Not Lighted
2023-02-11T15:30:00.000,I-75,,,Sideswipe-Same Direction,2,Rain,Water (standing or moving),Daylight
2023-06-10T00:20:00.000,I-75,,,Rear End,2,Clear,Dry,Dark-Lighted
2023-08-12T21:30:00.000,I-75,,,Rear End,2,Clear,Dry,Dark-Lighted
2023-05-30T23:00:00.000,I 285,,,Sideswipe-Same Direction,2,Clear,Dry,Dark-Not Lighted
2023-12-18T17:09:00.000,I 20,,,Rear End,2,Clear,Dry,Daylight
2023-08-27T06:10:00.000,I 75,,,Rear End,2,Clear,Dry,Dawn
2023-10-01T15:45:00.000,I 20,,,Sideswipe-Same Direction,2,Cloudy,Dry,Daylight
2023-11-26T17:03:00.000,I 85,,,Rear End,3,Rain,Wet,Daylight
2023-12-20T12:10:00.000,I 85,,,Sideswipe-Same Direction,2,Cloudy,Dry,Daylight
2023-01-04T07:37:00.000,I-75,,,Rear End,2,Rain,Wet,Dark-Lighted
2023-06-03T06:15:00.000,I 85,,,Not a Collision with Motor Vehicle,1,Clear,Dry,Dawn
2023-06-04T08:33:00.000,I 16,,,Sideswipe-Same Direction,2,Cloudy,Dry,Daylight
2023-12-09T20:31:00.000,I-75,,,Rear End,2,Rain,Water (standing or moving),Dark-Lighted
2023-10-26T09:35:00.000,I 85,,,Angle Crash,3,Clear,Dry,Daylight
2023-07-02T20:12:00.000,I 75,,,Not a Collision with Motor Vehicle,1,Cloudy,Wet,Daylight
2023-10-12T12:38:00.000,I 75,,,Angle Crash,2,Cloudy,Wet,Daylight
2023-03-01T09:12:00.000,I 75,,,Sideswipe-Same Direction,2,Cloudy,Dry,Daylight
2023-05-31T08:24:00.000,I 75,,,Rear End,2,Clear,Dry,Daylight
2023-10-30T12:55:00.000,I 85,,,Rear End,2,Clear,Dry,Daylight
2023-03-09T00:00:00.000,I 75,,,Angle Crash,4,Rain,Water (standing or moving),Dark-Lighted
2023-04-16T03:00:00.000,I-75,,,Not a Collision with Motor Vehicle,1,Rain,Water (standing or moving),Dark-Lighted
2023-08-12T09:37:00.000,I 85,,,Not a Collision with Motor Vehicle,1,Clear,Dry,Daylight
2023-07-16T21:00:00.000,I-75,,,Rear End,3,Clear,Dry,Dark-Lighted
2023-11-22T00:00:00.000,I 20,,,Angle Crash,2,Clear,Dry,Dark-Not Lighted
2023-03-24T16:38:00.000,I 75,,,Rear End,2,Clear,Dry,Daylight
2023-07-15T09:18:00.000,I-75,,,Rear End,3,Clear,Dry,Daylight
2023-12-15T14:32:00.000,I 85,,,Rear End,2,Clear,Dry,Daylight
2023-08-23T03:06:00.000,I 75,,,Sideswipe-Same Direction,2,Clear,Dry,Dark-Lighted
2023-07-05T13:00:00.000,I 85,,,Rear End,2,Rain,Wet,Daylight
2023-09-05T03:35:00.000,I 20,,,Not a Collision with Motor Vehicle,1,Clear,Dry,Dark-Not Lighted
2023-11-21T20:27:00.000,I 16,,,Not a Collision with Motor Vehicle,1,Rain,Wet,Dark-Not Lighted
2023-04-27T07:18:00.000,I 20,,,Rear End,2,Cloudy,Wet,Dawn
2023-06-02T22:31:00.000,I 85,,,Sideswipe-Same Direction,2,Clear,Dry,Dark-Not Lighted
2023-02-03T10:46:00.000,I 75,,,Sideswipe-Same Direction,2,Clear,Dry,Daylight
2023-03-09T17:00:00.000,I-75,,,Rear End,2,Clear,Dry,Daylight
2023-04-27T23:32:00.000,I-75,,,Angle Crash,2,Clear,Dry,Dark-Lighted
2023-10-03T21:13:00.000,I-75,,,Sideswipe-Same Direction,2,Clear,Dry,Dark-Lighted
2023-02-18T17:30:00.000,I-75,,,Rear End,2,Cloudy,Dry,Dark-Not Lighted
2023-04-10T21:11:00.000,I 85,,,Sideswipe-Same Direction,2,Clear,Dry,Dark-Not Lighted
2023-02-26T08:00:00.000,I 75,,,Not a Collision with Motor Vehicle,1,Cloudy,Wet,Daylight
2023-01-05T01:00:00.000,I 75,,,Not a Collision with Motor Vehicle,1,Clear,Dry,Dark-Lighted
2023-06-09T14:00:00.000,I 16,,,(None),2,(None),(None),(None)
2023-07-18T13:10:00.000,I 85,,,Rear End,2,Cloudy,Dry,Daylight
2023-07-08T11:07:00.000,I-75,,,Rear End,2,Clear,Dry,Daylight
2023-03-30T00:00:00.000,I 85,,,Sideswipe-Same Direction,2,Clear,Dry,Dark-Not Lighted
2023-08-10T05:35:00.000,I 20,,,Not a Collision with Motor Vehicle,1,Clear,Dry,Dark-Not Lighted
2023-05-08T08:30:00.000,I 85,,,Rear End,2,Cloudy,Wet,Daylight
2023-08-10T16:15:00.000,I 16,,,Sideswipe-Same Direction,2,Clear,Dry,Daylight
2023-08-25T17:00:00.000,I 20,,,Rear End,2,Clear,Dry,Daylight
2023-02-03T14:25:00.000,I 285,,,Rear End,2,Clear,Dry,Daylight
2023-07-11T17:30:00.000,I 75,,,Rear End,2,Clear,Dry,Daylight
2023-01-23T20:18:00.000,I 75,,,Not a Collision with Motor Vehicle,1,Cloudy,Dry,Dark-Not Lighted
2023-09-29T10:59:00.000,I 75,,,Angle Crash,2,Clear,Dry,Daylight
2023-10-25T19:49:00.000,I 75,,,Not a Collision with Motor Vehicle,1,Clear,Dry,Dark-Not Lighted
2023-11-07T08:14:00.000,I 75,,,Rear End,2,Clear,Dry,Daylight
2023-03-23T07:15:00.000,I 20,,,Rear End,2,Cloudy,Dry,Daylight
2023-02-06T16:45:00.000,I 285,,,Angle Crash,2,Clear,Dry,Daylight
2023-06-24T09:28:00.000,I 20,,,Not a Collision with Motor Vehicle,1,Clear,Dry,Daylight
2023-06-06T09:00:00.000,I-75,,,Sideswipe-Same Direction,2,Clear,Dry,Daylight
2023-03-16T06:34:00.000,I 20,,,Sideswipe-Same Direction,2,Clear,Dry,Dark-Not Lighted
2023-12-02T11:23:00.000,I 75,,,Rear End,2,Rain,Wet,Daylight
2023-10-31T10:00:00.000,I 20,,,Rear End,5,Cloudy,Dry,Daylight
2023-03-21T17:05:00.000,I 285,,,Rear End,2,Clear,Dry,Daylight
2023-09-15T10:59:00.000,I 85,,,Sideswipe-Same Direction,2,Rain,Wet,Daylight
2023-01-15T08:00:00.000,I-75,,,Sideswipe-Same Direction,2,Clear,Dry,Daylight
2023-06-27T16:15:00.000,I 20,,,Sideswipe-Same Direction,2,Clear,Dry,Daylight
2023-05-13T18:14:00.000,I 85,,,Rear End,3,Cloudy,Dry,Daylight
2023-03-03T12:51:00.000,I 75,,,Rear End,3,Rain,Wet,Daylight
2023-10-22T15:00:00.000,I-75,,,Sideswipe-Same Direction,2,Clear,Dry,Daylight
2023-04-21T17:10:00.000,I 95,,,Rear End,2,Clear,Dry,Daylight
2023-10-15T13:30:00.000,I-75,,,Rear End,2,Clear,Dry,Daylight
2023-08-19T11:45:00.000,I-75,,,Sideswipe-Same Direction,2,Clear,Dry,Daylight
2023-10-23T19:41:00.000,I 75,,,Sideswipe-Same Direction,2,Clear,Dry,Daylight
2023-09-14T15:58:00.000,I 75,,,Not a Collision with Motor Vehicle,1,Rain,Wet,Daylight
2023-10-03T08:00:00.000,I 75,,,Rear End,2,Clear,Dry,Dawn
2023-03-07T22:30:00.000,I 85,,,Angle Crash,2,Clear,Dry,Dark-Not Lighted
2023-06-01T16:01:00.000,I 20,,,Rear End,3,Clear,Dry,Daylight
2023-02-13T06:40:00.000,I 85,,,Sideswipe-Same Direction,2,Clear,Dry,Dark-Not Lighted
2023-02-22T06:56:00.000,I-75,,,Angle Crash,3,Cloudy,Dry,Daylight
2023-01-03T14:55:00.000,I 85,,,Not a Collision with Motor Vehicle,1,Rain,Wet,Daylight
2023-03-07T07:00:00.000,I 20,,,Rear End,2,Clear,Dry,Daylight
2023-04-23T17:36:00.000,I 285,,,Rear End,3,Clear,Dry,Daylight
2023-04-26T13:42:00.000,I-75,,,Rear End,2,Cloudy,Dry,Daylight
2023-08-20T21:23:00.000,I-75,,,Rear End,2,Clear,Dry,Dark-Lighted
2023-11-05T16:30:00.000,I-75,,,Head On,2,Clear,Dry,Daylight
2023-09-11T16:09:00.000,I 16,,,Rear End,2,Rain,Wet,Daylight
2023-05-15T10:07:00.000,I 75,,,Sideswipe-Same Direction,2,Clear,Dry,Daylight
2023-11-05T20:55:00.000,I 75,,,Sideswipe-Same Direction,2,Clear,Dry,Dark-Lighted
2023-12-19T12:08:00.000,I 85,,,Sideswipe-Same Direction,2,Clear,Dry,Daylight
2023-05-08T08:56:00.000,I 75,,,Rear End,3,Cloudy,Wet,Daylight
2023-05-19T16:19:00.000,I 75,,,Rear End,3,Clear,Dry,Daylight
2023-01-04T05:40:00.000,I 75,,,Sideswipe-Same Direction,2,Rain,Wet,Dark-Not Lighted
2023-09-24T23:58:00.000,I 285,,,Sideswipe-Same Direction,2,Clear,Dry,Dark-Lighted
2023-06-09T00:50:00.000,I-75,,,Sideswipe-Same Direction,2,Clear,Dry,Dark-Lighted
2023-06-14T18:23:00.000,I-75,,,Angle Crash,2,Cloudy,Water (standing or moving),Daylight
2023-05-20T18:13:00.000,I-75,,,Angle Crash,3,Clear,Dry,Daylight
2023-02-09T17:05:00.000,I 75,,,Sideswipe-Same Direction,3,Rain,Wet,Daylight
2023-09-23T20:13:00.000,I 20,,,Not a Collision with Motor Vehicle,3,Clear,Dry,Dark-Not Lighted
2023-05-12T13:40:00.000,I 85,,,Sideswipe-Same Direction,2,Clear,Dry,Daylight
2023-03-31T14:26:00.000,I 285,,,Rear End,2,Clear,Dry,Daylight
2023-08-23T09:52:00.000,I-75,,,Rear End,2,Clear,Dry,Daylight
2023-11-12T04:50:00.000,I 75,,,Not a Collision with Motor Vehicle,1,Clear,Wet,Dark-Not Lighted
2023-04-08T11:17:00.000,I 285,,,Not a Collision with Motor Vehicle,1,Rain,Wet,Daylight
2023-02-26T17:16:00.000,I 20,,,Head On,2,Clear,Dry,Daylight
2023-10-29T02:00:00.000,I-75,,,Rear End,3,Clear,Dry,Dark-Lighted
2023-07-02T03:25:00.000,I 75,,,Rear End,2,Cloudy,Wet,Dark-Not Lighted
2023-02-07T23:00:00.000,I 285,,,Sideswipe-Same Direction,2,Clear,Dry,Dark-Lighted
2023-11-15T15:52:00.000,I 285,,,Rear End,2,Cloudy,Dry,Daylight
2023-01-03T06:35:00.000,I 85,,,Rear End,2,Cloudy,Wet,Dark-Lighted
2023-09-25T04:04:00.000,I 75,,,Not a Collision with Motor Vehicle,1,Clear,Dry,Dark-Not Lighted
2023-10-10T16:33:00.000,I 85,,,Rear End,3,Clear,Dry,Daylight
2023-12-30T00:45:00.000,I-75,,,Sideswipe-Same Direction,3,Clear,Dry,Dark-Not Lighted
2023-07-01T19:00:00.000,I-75,,,Rear End,2,Clear,Dry,Daylight
2023-06-16T05:25:00.000,I 285,,,Sideswipe-Same Direction,2,Clear,Dry,Daylight
2023-08-25T17:40:00.000,I 16,,,Sideswipe-Same Direction,2,Clear,Dry,Daylight
2023-04-28T00:55:00.000,I-75,,,Not a Collision with Motor Vehicle,1,Rain,Wet,Dark-Lighted
2023-06-23T23:15:00.000,I 20,,,Sideswipe-Same Direction,2,Clear,Dry,Dark-Lighted
2023-03-02T07:46:00.000,I 75,,,Rear End,2,Rain,Wet,Daylight
2023-06-11T16:52:00.000,I 95,,,Not a Collision with Motor Vehicle,1,Cloudy,Dry,Daylight
2023-07-27T19:45:00.000,I 75,,,Sideswipe-Same Direction,2,Clear,Dry,Daylight
2023-03-03T11:00:00.000,I 285,,,Angle Crash,2,Cloudy,Wet,Daylight
2023-01-27T15:25:00.000,I 285,,,Rear End,2,Clear,Dry,Daylight
2023-07-28T11:12:00.000,I 20,,,Rear End,2,Cloudy,Dry,Daylight
2023-03-26T15:20:00.000,I 75,,,Rear End,2,Cloudy,Dry,Daylight
2023-06-02T15:25:00.000,I 20,,,Rear End,2,Clear,Dry,Daylight
2023-05-15T11:37:00.000,I 285,,,Sideswipe-Same Direction,4,Clear,Dry,Daylight
2023-07-17T17:01:00.000,I 285,,,Rear End,2,Clear,Dry,Daylight
2023-12-14T08:04:00.000,I 75,,,Sideswipe-Same Direction,2,Clear,Dry,Daylight
2023-11-19T15:40:00.000,I 75,,,Rear End,3,Clear,Dry,Daylight
2023-01-23T06:49:00.000,I 20,,,Not a Collision with Motor Vehicle,1,Cloudy,Dry,Daylight
2023-06-28T10:11:00.000,I 75,,,Sideswipe-Same Direction,3,Clear,Dry,Daylight
2023-08-06T05:00:00.000,I-75,,,Rear End,2,Clear,Dry,Dark-Lighted
2023-03-05T12:00:00.000,I-75,,,Rear End,2,Clear,Dry,Daylight
2023-06-28T07:56:00.000,I 85,,,Rear End,2,Clear,Dry,Daylight
2023-09-28T06:20:00.000,I 16,,,Sideswipe-Same Direction,2,Clear,Dry,Dark-Not Lighted
2023-11-21T22:21:00.000,I-75,,,Rear End,2,Clear,Other,Dark-Not Lighted
2023-08-16T11:23:00.000,I 16,,,Rear End,3,Clear,Dry,Daylight
2023-07-25T17:07:00.000,I 20,,,Rear End,2,Clear,Dry,Daylight
2023-02-12T00:00:00.000,I 285,,,Not a Collision with Motor Vehicle,1,Rain,Wet,Dark-Not Lighted
2023-01-26T04:33:00.000,I 285,,,Not a Collision with Motor Vehicle,1,Cloudy,Dry,Dark-Lighted
2023-01-10T22:50:00.000,I 285,,,Sideswipe-Same Direction,2,Clear,Dry,Dark-Lighted
2023-10-02T18:42:00.000,I-75,,,Angle Crash,2,Clear,Dry,Daylight
2023-11-21T04:50:00.000,I 95,,,Angle Crash,2,Rain,Wet,Dark-Not Lighted
2023-06-06T01:30:00.000,I-75,,,Angle Crash,2,Clear,Dry,Dark-Not Lighted
2023-11-28T08:20:00.000,I-75,,,Angle Crash,2,Clear,Dry,Daylight
2023-11-09T12:10:00.000,I 75,,,Not a Collision with Motor Vehicle,1,Clear,Dry,Daylight
2023-12-17T18:27:00.000,I 85,,,Rear End,3,Clear,Dry,Dark-Lighted
2023-04-19T03:24:00.000,I 16,,,Rear End,2,Clear,Dry,Dark-Not Lighted
2023-08-15T13:53:00.000,I 75,,,Rear End,2,Clear,Dry,Daylight
2023-10-01T14:46:00.000,I 75,,,Rear End,3,Clear,Dry,Daylight
2023-04-16T03:50:00.000,I-75,,,Not a Collision with Motor Vehicle,1,Clear,Dry,Dark-Lighted
2023-01-22T20:30:00.000,I 16,,,Angle Crash,2,Rain,Wet,Dark-Not Lighted
2023-07-09T17:00:00.000,I-75,,,Angle Crash,2,Clear,Dry,Daylight
2023-12-10T15:22:00.000,I-75,,,Not a Collision with Motor Vehicle,1,Rain,Water (standing or moving),Daylight
2023-02-27T20:20:00.000,I 20,,,Sideswipe-Same Direction,2,Clear,Dry,Dark-Lighted
2023-10-03T14:46:00.000,I 75,,,Rear End,2,Clear,Dry,Daylight
2023-11-03T16:10:00.000,I 75,,,Sideswipe-Same Direction,2,Clear,Dry,Daylight
2023-11-21T13:04:00.000,I 20,,,Rear End,3,Rain,Wet,Daylight
2023-11-02T00:58:00.000,I 20,,,Angle Crash,2,Clear,Dry,Dark-Not Lighted
2023-09-11T06:25:00.000,I 85,,,Sideswipe-Same Direction,2,Clear,Dry,Dark-Not Lighted
2023-12-09T18:34:00.000,I-75,,,Angle Crash,2,Clear,Dry,Dark-Lighted
2023-11-19T22:20:00.000,I-75,,,Not a Collision with Motor Vehicle,1,Clear,Dry,Dark-Not Lighted
2023-03-10T12:07:00.000,I 75,,,Not a Collision with Motor Vehicle,1,Rain,Water (standing or moving),Daylight
2023-11-26T18:31:00.000,I-75,,,Rear End,2,Clear,Dry,Dark-Not Lighted
2023-08-30T09:58:00.000,I 16,,,Sideswipe-Same Direction,2,Rain,Wet,Daylight
2023-02-13T08:15:00.000,I 75,,,Rear End,2,Clear,Dry,Daylight
2023-04-21T07:11:00.000,I 16,,,Rear End,2,Clear,Dry,Daylight
2023-08-22T06:42:00.000,I 16,,,Not a Collision with Motor Vehicle,1,Clear,Dry,Dark-Not Lighted
2023-03-24T00:00:00.000,I 285,,,Rear End,3,Clear,Dry,Daylight
2023-11-24T03:37:00.000,I 75,,,Not a Collision with Motor Vehicle,1,Rain,Wet,Dark-Not Lighted
2023-10-11T17:43:00.000,I 285,,,Sideswipe-Same Direction,2,Rain,Dry,Daylight
2023-08-28T15:02:00.000,I 85,,,Sideswipe-Same Direction,2,Clear,Dry,Daylight
2023-11-16T14:00:00.000,I 85,,,Sideswipe-Same Direction,2,Clear,Dry,Daylight
2023-09-16T13:50:00.000,I-75,,,Rear End,2,Clear,Wet,Daylight
2023-09-21T18:18:00.000,I 85,,,Rear End,3,Clear,Dry,Daylight
2023-08-23T00:00:00.000,I 285,,,Sideswipe-Same Direction,2,Clear,Dry,Daylight
2023-04-06T05:27:00.000,I 85,,,Angle Crash,2,Clear,Dry,Dark-Not Lighted
2023-06-01T09:20:00.000,I 85,,,Rear End,2,Clear,Dry,Daylight
2023-12-01T17:54:00.000,I 85,,,Rear End,2,Rain,Wet,Dark-Not Lighted
2023-07-05T02:35:00.000,I-75,,,Rear End,2,Cloudy,Wet,Dark-Lighted
2023-06-14T17:43:00.000,I 75,,,Angle Crash,3,Rain,Wet,Daylight
2023-11-06T15:53:00.000,I 285,,,Rear End,2,Clear,Dry,Daylight
2023-02-27T11:41:00.000,I 75,,,Sideswipe-Same Direction,2,Cloudy,Dry,Daylight
2023-06-19T22:29:00.000,I 20,,,Sideswipe-Same Direction,2,Cloudy,Dry,Dark-Not Lighted
2023-03-03T11:37:00.000,I 75,,,Not a Collision with Motor Vehicle,1,Rain,Wet,Daylight
2023-03-05T15:00:00.000,I-75,,,Not a Collision with Motor Vehicle,1,Clear,Dry,Daylight
2023-11-09T07:09:00.000,I 285,,,Rear End,2,Clear,Dry,Daylight
2023-09-20T16:01:00.000,I 285,,,Rear End,2,Clear,Dry,Daylight
2023-02-15T06:48:00.000,I 285,,,Angle Crash,2,Cloudy,Wet,Daylight
2023-10-22T11:39:00.000,I 75,,,Rear End,2,Clear,Dry,Daylight
2023-06-15T15:47:00.000,I 85,,,Rear End,2,Clear,Dry,Daylight
2023-08-14T06:12:00.000,I 95,,,Rear End,2,Clear,Dry,Daylight
2023-07-19T17:25:00.000,I 75,,,Sideswipe-Same Direction,2,Clear,Dry,Daylight
2023-03-03T00:00:00.000,I 285,,,Sideswipe-Same Direction,2,Cloudy,Wet,Daylight
2023-11-07T14:50:00.000,I 285,,,Rear End,2,Clear,Dry,Daylight
2023-10-18T13:45:00.000,I-75,,,Rear End,2,Clear,Dry,Daylight
2023-02-02T21:24:00.000,I 20,,,Not a Collision with Motor Vehicle,1,Rain,Wet,Dark-Lighted
2023-05-31T20:30:00.000,I-75,,,Rear End,2,Clear,Dry,Daylight
2023-05-11T16:36:00.000,I 20,,,Not a Collision with Motor Vehicle,1,Clear,Dry,Daylight
2023-06-27T17:40:00.000,I-75,,,Angle Crash,3,Clear,Dry,Daylight
2023-12-09T22:00:00.000,I 285,,,Sideswipe-Same Direction,2,Clear,Wet,Dark-Lighted
2023-09-09T22:00:00.000,I 20,,,Rear End,2,Rain,Wet,Dark-Not Lighted
2023-01-22T05:31:00.000,I 285,,,Rear End,2,Rain,Wet,Dark-Lighted
2023-01-20T18:06:00.000,I 75,,,Rear End,2,Clear,Dry,Dark-Lighted
2023-11-05T21:15:00.000,I 75,,,Sideswipe-Same Direction,2,Clear,Dry,Dark-Lighted
2023-08-11T10:00:00.000,I-75,,,Sideswipe-Same Direction,2,Cloudy,Wet,Daylight
2023-03-26T22:13:00.000,I 20,,,Not a Collision with Motor Vehicle,1,Rain,Wet,Dark-Not Lighted
2023-01-28T05:40:00.000,I 75,,,Rear End,2,Clear,Dry,Daylight
2023-08-31T06:44:00.000,I 16,,,Rear End,2,Clear,Dry,Dawn
2023-04-14T15:37:00.000,I 285,,,Rear End,4,Clear,Dry,Daylight
2023-06-03T12:13:00.000,I 75,,,Not a Collision with Motor Vehicle,1,Clear,Dry,Daylight
2023-07-10T08:42:00.000,I 75,,,Rear End,3,Rain,Water (standing or moving),Daylight
2023-04-02T15:15:00.000,I 285,,,Sideswipe-Same Direction,2,Clear,Dry,Daylight
2023-02-24T16:20:00.000,I 20,,,Sideswipe-Same Direction,2,Rain,Wet,Daylight
2023-01-03T07:12:00.000,I 285,,,Rear End,2,Cloudy,Wet,Dark-Not Lighted
2023-04-03T10:55:00.000,I 20,,,Angle Crash,3,Rain,Wet,Daylight
2023-12-25T18:08:00.000,I 85,,,Not a Collision with Motor Vehicle,1,Rain,Water (standing or moving),Dark-Lighted
2023-12-14T18:10:00.000,I 20,,,Rear End,2,Clear,Dry,Dark-Not Lighted
2023-02-01T05:01:00.000,I 75,,,Not a Collision with Motor Vehicle,1,Rain,Wet,Dark-Not Lighted
2023-10-14T17:30:00.000,I-75,,,Rear End,2,Clear,Dry,Daylight
2023-05-01T15:43:00.000,I 16,,,Rear End,2,Clear,Dry,Daylight
2023-11-17T12:03:00.000,I 75,,,Rear End,2,Cloudy,Dry,Daylight
2023-03-17T19:10:00.000,I 75,,,Rear End,3,Cloudy,Wet,Daylight
2023-02-14T22:00:00.000,I 20,,,Sideswipe-Same Direction,2,Clear,Dry,Dark-Not Lighted
2023-03-02T23:39:00.000,I 75,,,Rear End,2,Rain,Wet,Dark-Lighted
2023-05-09T07:31:00.000,I 285,,,Sideswipe-Same Direction,2,Clear,Dry,Daylight
2023-07-11T12:32:00.000,I 75,,,Not a Collision with Motor Vehicle,1,Clear,Dry,Daylight
2023-08-06T00:00:00.000,I 20,,,Not a Collision with Motor Vehicle,1,Rain,Wet,Daylight
2023-09-24T11:30:00.000,I-75,,,Rear End,2,Clear,Dry,Daylight
2023-01-03T19:00:00.000,I 75,,,Head On,1,Clear,Dry,Dark-Not Lighted
2023-02-24T16:10:00.000,I 85,,,Rear End,3,Clear,Dry,Daylight
2023-10-22T16:30:00.000,I-75,,,Rear End,2,Clear,Dry,Daylight
2023-03-30T21:00:00.000,I-75,,,Angle Crash,2,Clear,Dry,Dark-Not Lighted
2023-09-16T15:03:00.000,I 20,,,Not a Collision with Motor Vehicle,1,Clear,Dry,Daylight
2023-08-04T15:49:00.000,I 85,,,Not a Collision with Motor Vehicle,1,Clear,Dry,Daylight
2023-03-27T01:45:00.000,I 20,,,Not a Collision with Motor Vehicle,1,Rain,Wet,Dark-Lighted
2023-10-08T17:16:00.000,I 20,,,Rear End,2,Clear,Dry,Daylight
2023-05-23T01:20:00.000,I 285,,,Sideswipe-Same Direction,2,Clear,Dry,Daylight
2023-03-26T17:00:00.000,I 85,,,Rear End,2,Clear,Wet,Daylight
2023-07-10T09:03:00.000,I 285,,,Rear End,2,Cloudy,Wet,Daylight
2023-12-09T14:41:00.000,I 75,,,Rear End,2,Clear,Dry,Daylight
2023-04-26T23:18:00.000,I-75,,,Sideswipe-Same Direction,2,Rain,Wet,Dark-Not Lighted
2023-07-14T12:35:00.000,I 85,,,Sideswipe-Same Direction,2,Cloudy,Dry,Daylight
2023-03-24T17:09:00.000,I 20,,,Rear End,3,Cloudy,Dry,Daylight
2023-10-30T07:08:00.000,I 285,,,Rear End,2,Clear,Dry,Dark-Not Lighted
2023-08-12T23:20:00.000,I 285,,,Rear End,2,Clear,Dry,Dark-Lighted
2023-06-14T12:47:00.000,I 75,,,Sideswipe-Same Direction,2,Cloudy,Dry,Daylight
2023-01-03T07:10:00.000,I 75,,,Rear End,2,Cloudy,Wet,Dark-Lighted
2023-10-03T06:25:00.000,I 285,,,Rear End,2,Clear,Dry,Daylight
2023-11-25T08:23:00.000,I 75,,,Not a Collision with Motor Vehicle,1,Clear,Dry,Dawn
2023-09-30T23:28:00.000,I-75,,,Rear End,4,Clear,Dry,Dark-Lighted
2023-03-10T08:09:00.000,I 75,,,Rear End,3,Clear,Dry,Daylight
2023-11-23T00:00:00.000,I 285,,,Rear End,2,Clear,Dry,Daylight
2023-02-18T12:40:00.000,I 20,,,Sideswipe-Same Direction,2,Clear,Dry,Daylight
2023-06-24T21:43:00.000,I-75,,,Rear End,2,Clear,Dry,Dark-Lighted
2023-10-21T04:15:00.000,I 285,,,Rear End,4,Clear,Dry,Dark-Not Lighted
2023-12-20T15:10:00.000,I 85,,,Sideswipe-Same Direction,2,Clear,Dry,Daylight
2023-02-16T08:44:00.000,I 285,,,Rear End,2,Cloudy,Dry,Daylight
2023-10-28T07:00:00.000,I 20,,,Angle Crash,2,Clear,Dry,Dark-Lighted
2023-09-22T08:42:00.000,I 20,,,Rear End,2,Clear,Dry,Daylight
2023-02-17T12:24:00.000,I 75,,,Rear End,5,Cloudy,Dry,Daylight
2023-03-16T11:40:00.000,I 75,,,Rear End,2,Clear,Dry,Daylight
2023-11-04T14:22:00.000,I 16,,,Rear End,3,Clear,Dry,Daylight
2023-01-06T13:24:00.000,I 75,,,Rear End,2,Clear,Dry,Daylight
2023-11-21T14:52:00.000,I 75,,,Sideswipe-Same Direction,2,Rain,Wet,Daylight
2023-03-24T00:52:00.000,I 85,,,Sideswipe-Same Direction,2,Clear,Dry,Dark-Lighted
2023-11-27T06:40:00.000,I 85,,,Rear End,3,Clear,Dry,Dawn
2023-07-03T12:58:00.000,I 75,,,Sideswipe-Same Direction,2,Cloudy,Dry,Daylight