Date and Time,Roadway (From Crash Report),Intersection Name (from Crash Report),KABCO Severity,Manner of Collision (Crash Level) ,# of Vehicles per crash ,Weather Conditions (Crash Level),Surface Condition (Crash Level) ,Light Conditions (Crash Level)
2023-05-30T11:47:00.000,I 285,,,Not a Collision with Motor Vehicle,1,Clear,Dry,Daylight
2023-07-02T08:45:00.000,I 20,,,Not a Collision with Motor Vehicle,1,Clear,Dry,Daylight
2023-08-02T05:46:00.000,I 75,,,Sideswipe-Same Direction,2,Clear,Dry,Dark-Not Lighted
2023-02-11T16:01:00.000,I 75,,,Not a Collision with Motor Vehicle,1,Rain,Water (standing or moving),Daylight
2023-01-30T18:00:00.000,I 95,,,Angle Crash,2,Cloudy,Wet,Dark-Lighted
2023-04-14T06:25:00.000,I 20,,,Not a Collision with Motor Vehicle,1,Clear,Dry,Dark-Lighted
2023-11-19T12:36:00.000,I 20,,,Sideswipe-Same Direction,2,Clear,Dry,Daylight
2023-08-16T21:00:00.000,I 16,,,Not a Collision with Motor Vehicle,1,Rain,Wet,Dark-Not Lighted
2023-08-30T15:20:00.000,I 16,,,Not a Collision with Motor Vehicle,1,Severe Thunderstorm or Tornadic,Wet,Daylight
2023-10-27T23:26:00.000,I 16,,,Not a Collision with Motor Vehicle,1,Clear,Dry,Dark-Not Lighted
2023-11-08T16:46:00.000,I 285,,,Rear End,2,Clear,Dry,Daylight
2023-12-28T21:40:00.000,I-75,,,Sideswipe-Same Direction,2,Clear,Dry,Dark-Lighted
2023-08-20T02:20:00.000,I-75,,,Sideswipe-Same Direction,2,Clear,Dry,Dark-Lighted
2023-04-23T02:05:00.000,I-75,,,Rear End,2,Clear,Dry,Dark-Lighted
2023-06-09T23:42:00.000,I-75,,,Sideswipe-Same Direction,2,Clear,Dry,Daylight
2023-12-26T18:27:00.000,I-75,,,Sideswipe-Same Direction,2,Cloudy,Wet,Dark-Lighted
2023-11-15T05:16:00.000,I 85,,,Rear End,2,Clear,Dry,Dark-Not Lighted
2023-03-19T18:10:00.000,I-75,,,Rear End,2,Clear,Dry,Daylight
2023-06-14T15:23:00.000,I 285,,,Rear End,2,Cloudy,Dry,Daylight
2023-06-25T19:00:00.000,I 20,,,Head On,1,Severe Thunderstorm or Tornadic,Wet,Daylight
2023-10-27T06:00:00.000,I 285,,,Angle Crash,5,Clear,Dry,Dark-Not Lighted
2023-03-08T14:45:00.000,I 285,,,Sideswipe-Same Direction,2,Clear,Dry,Daylight
2023-04-03T11:13:00.000,I 16,,,Sideswipe-Same Direction,2,Clear,Dry,Daylight
2023-11-20T00:00:00.000,I 75,,,Rear End,2,Clear,Dry,Dark-Lighted
2023-11-18T15:33:00.000,I 16,,,Not a Collision with Motor Vehicle,1,Clear,Dry,Daylight
2023-09-21T05:56:00.000,I 20,,,Sideswipe-Same Direction,2,Clear,Dry,Dark-Not Lighted
2023-01-21T15:15:00.000,I 285,,,Rear End,2,Cloudy,Dry,Daylight
2023-05-19T15:15:00.000,I 16,,,Rear End,3,Clear,Dry,Daylight
2023-06-15T23:00:00.000,I-75,,,Sideswipe-Same Direction,2,Clear,Dry,Dark-Lighted
2023-11-27T17:52:00.000,I 285,,,Sideswipe-Same Direction,3,Clear,Dry,Dusk
2023-06-20T09:08:00.000,I 75,,,Angle Crash,2,Cloudy,Dry,Daylight
2023-03-05T02:08:00.000,I 20,,,Sideswipe-Same Direction,3,Cloudy,Dry,Dark-Not Lighted
2023-01-22T07:58:00.000,I 20,,,Sideswipe-Same Direction,2,Rain,Wet,Daylight
2023-02-28T08:15:00.000,I 20,,,Sideswipe-Same Direction,2,Clear,Dry,Daylight
2023-08-16T14:36:00.000,I 75,,,Angle Crash,2,Clear,Dry,Daylight
2023-03-06T18:40:00.000,I 20,,,Rear End,2,Clear,Dry,Dark-Lighted
2023-02-03T12:40:00.000,I 20,,,Rear End,2,Clear,Dry,Daylight
2023-08-29T20:57:00.000,I 85,,,Rear End,3,Rain,Water (standing or moving),Dark-Not Lighted
2023-06-08T15:42:00.000,I 75,,,Sideswipe-Same Direction,2,Clear,Dry,Daylight
2023-05-16T03:30:00.000,I 16,,,Head On,1,Cloudy,Dry,Dark-Not Lighted
2023-05-07T08:39:00.000,I 20,,,Not a Collision with Motor Vehicle,1,Clear,Dry,Daylight
2023-02-19T16:40:00.000,I 16,,,Rear End,2,Clear,Dry,Daylight
2023-07-07T19:21:00.000,I 85,,,Angle Crash,2,Clear,Dry,Daylight
2023-11-28T21:45:00.000,I 85,,,Sideswipe-Same Direction,2,Clear,Dry,Dark-Lighted
2023-10-19T13:17:00.000,I 75,,,Rear End,2,Clear,Dry,Daylight
2023-06-14T17:05:00.000,I 95,,,Rear End,2,Cloudy,Wet,Daylight
2023-02-01T16:29:00.000,I 285,,,Sideswipe-Same Direction,2,Clear,Dry,Daylight
2023-03-25T23:49:00.000,I 85,,,Sideswipe-Same Direction,3,Clear,Dry,Dark-Not Lighted
2023-12-04T16:25:00.000,I 75,,,Rear End,2,Clear,Dry,Daylight
2023-07-06T15:50:00.000,I 75,,,Rear End,2,Cloudy,Dry,Daylight
2023-08-20T09:41:00.000,I 75,,,Sideswipe-Same Direction,2,Clear,Dry,Daylight
2023-06-11T00:30:00.000,I-75,,,Rear End,2,Clear,Dry,Dark-Not Lighted
2023-03-23T11:18:00.000,I 75,,,Not a Collision with Motor Vehicle,1,Cloudy,Wet,Daylight
2023-06-22T09:24:00.000,I 75,,,Rear End,2,Rain,Wet,Daylight
2023-08-24T21:25:00.000,I 16,,,Not a Collision with Motor Vehicle,1,Clear,Dry,Dark-Not Lighted
2023-05-24T08:54:00.000,I-75,,,Rear End,2,Clear,Dry,Daylight
2023-03-15T14:05:00.000,I 16,,,Not a Collision with Motor Vehicle,1,Clear,Dry,Daylight
2023-05-06T06:57:00.000,I 285,,,Sideswipe-Same Direction,2,Clear,Dry,Daylight
2023-01-04T11:33:00.000,I 285,,,Rear End,2,Rain,Wet,Daylight
2023-12-11T15:00:00.000,I 285,,,Sideswipe-Same Direction,2,Clear,Dry,Daylight
2023-12-25T14:48:00.000,I 16,,,Sideswipe-Same Direction,2,Rain,Wet,Daylight
2023-03-07T12:00:00.000,I 20,,,Rear End,2,Clear,Dry,Daylight
2023-04-13T15:45:00.000,I 95,,,Sideswipe-Same Direction,2,Cloudy,Wet,Daylight
2023-05-05T09:44:00.000,I 95,,,Sideswipe-Same Direction,2,Clear,Dry,Daylight
2023-11-23T00:00:00.000,I 285,,,Rear End,2,Clear,Dry,Daylight
2023-10-24T09:35:00.000,I 75,,,Rear End,2,Clear,Dry,Daylight
2023-11-21T13:10:00.000,I 20,,,Rear End,2,Rain,Wet,Daylight
2023-01-05T16:31:00.000,I 85,,,Rear End,2,Clear,Dry,Daylight
2023-09-22T10:40:00.000,I-75,,,Sideswipe-Same Direction,2,Clear,Dry,Daylight
2023-09-15T16:00:00.000,I 85,,,Rear End,2,Cloudy,Dry,Daylight
2023-07-06T17:18:00.000,I 85,,,Rear End,2,Clear,Wet,Daylight
2023-10-18T20:27:00.000,I 75,,,Angle Crash,2,Clear,Dry,Dark-Lighted
2023-06-18T13:35:00.000,I 16,,,Rear End,2,Cloudy,Dry,Daylight
2023-12-11T13:25:00.000,I 285,,,Sideswipe-Same Direction,2,Clear,Dry,Daylight
2023-01-20T01:20:00.000,I 85,,,Sideswipe-Same Direction,2,Clear,Dry,Dark-Not Lighted
2023-02-16T13:32:00.000,I 285,,,Rear End,2,Cloudy,Dry,Daylight
2023-04-15T00:00:00.000,I 85,,,Sideswipe-Same Direction,2,Clear,Dry,Daylight
2023-08-02T13:50:00.000,I 285,,,Sideswipe-Same Direction,2,Cloudy,Dry,Daylight
2023-02-15T09:52:00.000,I-75,,,Rear End,3,Rain,Water (standing or moving),Daylight
2023-07-24T00:00:00.000,I 285,,,Rear End,2,Clear,Dry,Daylight
2023-08-25T15:06:00.000,I-75,,,Sideswipe-Same Direction,2,Clear,Dry,Daylight
2023-08-12T17:29:00.000,I 285,,,Sideswipe-Same Direction,2,Rain,Wet,Daylight
2023-06-03T00:16:00.000,I 85,,,Rear End,2,Clear,Dry,Dark-Lighted
2023-08-03T23:30:00.000,I 85,,,Angle Crash,1,Cloudy,Dry,Dark-Lighted
2023-10-17T09:35:00.000,I 20,,,Rear End,2,Clear,Dry,Daylight
2023-03-12T06:30:00.000,I-75,,,Not a Collision with Motor Vehicle,1,Rain,Water (standing or moving),Dark-Lighted
2023-10-07T22:34:00.000,I-75,,,Rear End,2,Cloudy,Dry,Dark-Lighted
2023-03-26T08:43:00.000,I 20,,,Not a Collision with Motor Vehicle,1,Rain,Water (standing or moving),Daylight
2023-11-16T06:44:00.000,I 16,,,Rear End,2,Cloudy,Wet,Dawn
2023-02-13T06:13:00.000,I 20,,,Rear End,2,Clear,Dry,Dark-Not Lighted
2023-08-17T06:30:00.000,I-75,,,Rear End,2,Clear,Dry,Daylight
2023-06-08T09:10:00.000,I 285,,,Rear End,2,Cloudy,Dry,Daylight
2023-08-24T15:58:00.000,I 75,,,Sideswipe-Same Direction,2,Clear,Dry,Daylight
2023-04-10T15:14:00.000,I 75,,,Sideswipe-Same Direction,2,Clear,Dry,Daylight
2023-04-27T15:20:00.000,I 285,,,Rear End,2,Rain,Wet,Daylight
2023-04-06T14:12:00.000,I 85,,,Rear End,2,Clear,Dry,Daylight
2023-11-30T18:54:00.000,I 20,,,Angle Crash,2,Clear,Dry,Dark-Not Lighted
2023-02-15T16:39:00.000,I 85,,,Rear End,2,Clear,Dry,Daylight
2023-07-21T05:08:00.000,I-75,,,Rear End,3,Clear,Dry,Dark-Lighted
2023-08-20T17:17:00.000,I 16,,,Rear End,2,Clear,Dry,Daylight
2023-09-19T11:02:00.000,I 75,,,Angle Crash,2,Clear,Dry,Daylight
2023-05-28T03:43:00.000,I 20,,,Not a Collision with Motor Vehicle,1,Clear,Dry,Dark-Lighted
2023-09-01T12:23:00.000,I 75,,,Rear End,2,Cloudy,Dry,Daylight
2023-11-01T15:03:00.000,I 285,,,Rear End,2,Clear,Dry,Daylight
2023-07-13T18:32:00.000,I 75,,,Rear End,2,Cloudy,Wet,Daylight
2023-06-21T16:54:00.000,I-75,,,Rear End,2,Rain,Snow,Daylight
2023-10-24T07:30:00.000,I 285,,,Sideswipe-Same Direction,2,Clear,Dry,Daylight
2023-10-13T03:20:00.000,I 20,,,Rear End,2,Clear,Dry,Dark-Lighted
2023-02-28T18:45:00.000,I-75,,,Not a Collision with Motor Vehicle,1,Clear,Dry,Dark-Not Lighted
2023-08-24T08:43:00.000,I-75,,,Sideswipe-Same Direction,2,Clear,Dry,Daylight
2023-06-16T11:51:00.000,I 75,,,Sideswipe-Same Direction,2,Clear,Dry,Daylight
2023-12-23T05:37:00.000,I 20,,,Not a Collision with Motor Vehicle,1,Clear,Dry,Dark-Not Lighted
2023-11-11T20:00:00.000,I 16,,,Not a Collision with Motor Vehicle,1,Cloudy,Wet,Dark-Lighted
2023-02-10T21:57:00.000,I 75,,,Sideswipe-Same Direction,2,Cloudy,Dry,Dark-Not Lighted
2023-06-03T14:56:00.000,I 285,,,Rear End,2,Clear,Dry,Daylight
2023-07-14T14:00:00.000,I 85,,,Rear End,2,Clear,Dry,Daylight
2023-11-15T13:00:00.000,I-75,,,Angle Crash,5,Clear,Dry,Daylight
2023-01-25T12:35:00.000,I 75,,,Rear End,2,Cloudy,Dry,Daylight
2023-04-01T13:21:00.000,I 20,,,Not a Collision with Motor Vehicle,1,Cloudy,Wet,Daylight
2023-04-17T15:27:00.000,I 75,,,Sideswipe-Same Direction,2,Clear,Dry,Daylight
2023-10-31T02:56:00.000,I 75,,,Not a Collision with Motor Vehicle,1,Clear,Dry,Dark-Lighted
2023-11-26T20:23:00.000,I 285,,,Rear End,2,Cloudy,Wet,Dark-Not Lighted
2023-02-23T07:19:00.000,I 285,,,Sideswipe-Same Direction,2,Cloudy,Dry,Daylight
2023-07-10T11:06:00.000,I 85,,,Rear End,2,Clear,Dry,Daylight
2023-03-25T07:24:00.000,I 75,,,Not a Collision with Motor Vehicle,1,Rain,Wet,Dark-Lighted
2023-09-28T17:30:00.000,I 95,,,Rear End,2,Clear,Dry,Daylight
2023-01-10T09:55:00.000,I 285,,,Rear End,2,Clear,Dry,Daylight
2023-06-21T00:00:00.000,I 285,,,Rear End,2,Clear,Dry,Dark-Not Lighted
2023-12-09T13:40:00.000,I-75,,,Rear End,3,Cloudy,Wet,Daylight
2023-10-19T16:22:00.000,I 75,,,Angle Crash,2,Clear,Dry,Daylight
2023-08-06T10:21:00.000,I 75,,,Not a Collision with Motor Vehicle,1,Rain,Wet,Daylight
2023-03-31T10:18:00.000,I 75,,,Rear End,2,Clear,Dry,Daylight
2023-08-21T18:04:00.000,I 75,,,Sideswipe-Same Direction,2,Clear,Dry,Daylight
2023-12-23T06:55:00.000,I 285,,,Angle Crash,2,Clear,Dry,Daylight
2023-11-26T18:42:00.000,I 75,,,Rear End,3,Cloudy,Wet,Dark-Lighted
2023-11-15T14:50:00.000,I 75,,,Not a Collision with Motor Vehicle,1,Cloudy,Dry,Daylight
2023-09-17T20:40:00.000,I 75,,,Rear End,2,Clear,Dry,Dark-Lighted
2023-07-22T01:49:00.000,I 20,,,Not a Collision with Motor Vehicle,4,Clear,Dry,Dark-Not Lighted
2023-11-22T17:37:00.000,I-75,,,Head On,2,Clear,Dry,Dark-Lighted
2023-03-03T20:21:00.000,I-75,,,Angle Crash,2,Clear,Dry,Dark-Not Lighted
2023-05-17T22:25:00.000,I-75,,,Rear End,2,Clear,Dry,Dark-Lighted
2023-10-12T16:55:00.000,I 20,,,Sideswipe-Same Direction,2,Cloudy,Dry,Daylight
2023-09-10T12:40:00.000,I 16,,,Rear End,2,Clear,Dry,Daylight
2023-05-26T16:00:00.000,I 75,,,Sideswipe-Same Direction,1,Cloudy,Dry,Daylight
2023-06-21T14:57:00.000,I 75,,,Not a Collision with Motor Vehicle,1,Rain,Wet,Daylight
2023-01-24T11:35:00.000,I 285,,,Angle Crash,2,Clear,Dry,Daylight
2023-07-14T19:50:00.000,I 16,,,Not a Collision with Motor Vehicle,1,Rain,Wet,Dusk
2023-09-13T10:07:00.000,I 75,,,Rear End,3,Cloudy,Dry,Daylight
2023-02-21T16:38:00.000,I 75,,,Rear End,2,Clear,Dry,Daylight
2023-09-17T00:00:00.000,I-75,,,Rear End,2,Cloudy,Wet,Dark-Lighted
2023-11-19T11:00:00.000,I 75,,,Not a Collision with Motor Vehicle,1,Clear,Dry,Daylight
2023-11-13T06:40:00.000,I 285,,,Rear End,2,Clear,Dry,Daylight
2023-04-02T16:45:00.000,I-75,,,Rear End,3,Clear,Dry,Daylight
2023-04-13T14:57:00.000,I 75,,,Not a Collision with Motor Vehicle,1,Rain,Wet,Daylight
2023-06-09T23:00:00.000,I-75,,,Sideswipe-Same Direction,3,Clear,Dry,Dark-Not Lighted
2023-05-07T16:06:00.000,I-75,,,Sideswipe-Same Direction,2,Clear,Dry,Daylight
2023-04-03T11:47:00.000,I 75,,,Not a Collision with Motor Vehicle,1,Rain,Wet,Daylight
2023-05-06T01:48:00.000,I-75,,,Rear End,2,Clear,Dry,Dark-Lighted
2023-10-13T16:37:00.000,I 285,,,Rear End,2,Rain,Wet,Daylight
2023-08-06T06:33:00.000,I 75,,,Not a Collision with Motor Vehicle,1,Clear,Dry,Dawn
2023-05-16T23:39:00.000,I 285,,,Not a Collision with Motor Vehicle,1,Rain,Water (standing or moving),Dark-Not Lighted
2023-02-02T16:48:00.000,I 75,,,Not a Collision with Motor Vehicle,1,Rain,Wet,Daylight
2023-09-05T16:12:00.000,I 75,,,Sideswipe-Same Direction,2,Clear,Dry,Daylight
2023-02-25T19:35:00.000,I-75,,,Rear End,2,Cloudy,Wet,Dark-Lighted
2023-07-17T02:50:00.000,I 285,,,Rear End,3,Clear,Dry,Dark-Not Lighted
2023-12-28T21:58:00.000,I 75,,,Not a Collision with Motor Vehicle,2,Clear,Dry,Dark-Not Lighted
2023-03-29T11:50:00.000,I 85,,,Rear End,2,Clear,Dry,Daylight
2023-07-29T11:00:00.000,I 285,,,Not a Collision with Motor Vehicle,2,Clear,Dry,Daylight
2023-06-26T11:32:00.000,I 20,,,Sideswipe-Same Direction,2,Clear,Dry,Daylight
2023-02-08T05:18:00.000,I 85,,,Not a Collision with Motor Vehicle,1,Clear,Dry,Dark-Not Lighted
2023-09-15T19:35:00.000,I 20,,,Not a Collision with Motor Vehicle,1,Clear,Dry,Daylight
2023-05-15T12:33:00.000,I 75,,,Sideswipe-Same Direction,2,Clear,Dry,Daylight
2023-04-10T21:24:00.000,I 75,,,Sideswipe-Same Direction,2,Clear,Dry,Dark-Lighted
2023-04-02T18:08:00.000,I 75,,,Sideswipe-Same Direction,2,Clear,Dry,Daylight
2023-03-31T07:30:00.000,I 285,,,Rear End,2,Clear,Dry,Dawn
2023-01-24T07:20:00.000,I 285,,,Sideswipe-Same Direction,2,Clear,Dry,Daylight
2023-06-14T08:45:00.000,I 85,,,Angle Crash,2,Rain,Wet,Daylight
2023-02-10T14:34:00.000,I 75,,,Rear End,2,Clear,Dry,Daylight
2023-07-05T22:30:00.000,I-75,,,Sideswipe-Same Direction,2,Clear,Dry,Dark-Lighted
2023-01-29T21:15:00.000,I 20,,,Rear End,2,Rain,Wet,Dark-Lighted
2023-07-26T14:25:00.000,I 16,,,Sideswipe-Same Direction,2,Clear,Dry,Daylight
2023-10-18T08:33:00.000,I-75,,,Sideswipe-Same Direction,2,Clear,Dry,Daylight
2023-03-02T09:28:00.000,I 20,,,Sideswipe-Same Direction,2,Cloudy,Wet,Daylight
2023-01-23T04:55:00.000,I-75,,,Angle Crash,2,Cloudy,Wet,Dark-Lighted
2023-03-06T17:16:00.000,I-75,,,Sideswipe-Same Direction,2,Clear,Dry,Daylight
2023-03-25T19:00:00.000,I-75,,,Sideswipe-Same Direction,2,Clear,Dry,Daylight
2023-04-28T01:00:00.000,I-75,,,Sideswipe-Same Direction,2,Clear,Dry,Dark-Lighted
2023-01-11T04:50:00.000,I 285,,,Not a Collision with Motor Vehicle,1,Clear,Dry,Dark-Not Lighted
2023-02-09T23:11:00.000,I 20,,,Not a Collision with Motor Vehicle,1,Rain,Wet,Dark-Lighted
2023-01-04T01:32:00.000,I-75,,,Rear End,2,Rain,Wet,Dark-Lighted
2023-03-24T15:00:00.000,I 85,,,Sideswipe-Same Direction,3,Clear,Dry,Daylight
2023-06-18T14:45:00.000,I 85,,,Rear End,2,Clear,Dry,Daylight
2023-11-19T02:00:00.000,I-75,,,Sideswipe-Same Direction,2,Clear,Dry,Dark-Not Lighted
2023-02-02T06:40:00.000,I-75,,,Sideswipe-Same Direction,2,Rain,Wet,Dark-Not Lighted
2023-04-29T16:41:00.000,I 75,,,Not a Collision with Motor Vehicle,1,Clear,Dry,Daylight
2023-12-30T09:01:00.000,I 20,,,Sideswipe-Same Direction,2,Clear,Dry,Daylight
2023-08-29T16:00:00.000,I 85,,,Rear End,2,Cloudy,Dry,Daylight
2023-02-13T06:45:00.000,I 16,,,Rear End,2,Clear,Dry,Dawn
2023-05-18T07:50:00.000,I 75,,,Sideswipe-Same Direction,2,Cloudy,Dry,Dark-Not Lighted
2023-04-15T11:43:00.000,I 85,,,Rear End,2,Cloudy,Dry,Daylight
2023-09-11T11:32:00.000,I 75,,,Rear End,2,Clear,Dry,Daylight
2023-04-06T19:00:00.000,I-75,,,Sideswipe-Same Direction,2,Clear,Dry,Daylight
2023-05-28T04:04:00.000,I 20,,,Not a Collision with Motor Vehicle,1,Clear,Dry,Dark-Not Lighted
2023-05-12T17:00:00.000,I 75,,,Sideswipe-Same Direction,2,Rain,Wet,Daylight
2023-10-14T12:18:00.000,I 285,,,Rear End,2,Cloudy,Dry,Daylight
2023-01-17T10:26:00.000,I 16,,,Sideswipe-Same Direction,2,Clear,Dry,Daylight
2023-07-29T13:35:00.000,I 285,,,Sideswipe-Same Direction,2,Cloudy,Dry,Daylight
2023-09-23T09:00:00.000,I-75,,,Sideswipe-Same Direction,2,Clear,Dry,Daylight
2023-06-30T12:06:00.000,I 75,,,Rear End,2,Cloudy,Dry,Daylight
2023-07-10T07:58:00.000,I 285,,,Angle Crash,2,Rain,Wet,Daylight
2023-06-22T21:55:00.000,I 285,,,Sideswipe-Same Direction,2,Clear,Dry,Dark-Lighted
2023-06-17T23:49:00.000,I 285,,,Sideswipe-Same Direction,3,Clear,Dry,Dark-Not Lighted
2023-09-22T19:00:00.000,I 75,,,Rear End,2,Cloudy,Dry,Daylight
2023-12-07T10:55:00.000,I 85,,,Rear End,2,Clear,Dry,Daylight
2023-05-28T01:30:00.000,I-75,,,Angle Crash,2,Clear,Dry,Dark-Lighted
2023-10-16T07:30:00.000,I 75,,,Rear End,2,Cloudy,Dry,Daylight
2023-01-18T18:19:00.000,I-75,,,Angle Crash,2,Cloudy,Dry,Dark-Lighted
2023-11-26T23:07:00.000,I 20,,,Not a Collision with Motor Vehicle,1,Rain,Wet,Dark-Not Lighted
2023-02-24T13:58:00.000,I 285,,,Sideswipe-Same Direction,2,Cloudy,Dry,Daylight
2023-08-06T16:22:00.000,I 20,,,Rear End,3,Rain,Wet,Daylight
2023-11-26T17:40:00.000,I 85,,,Rear End,2,Rain,Wet,Dark-Lighted
2023-08-09T08:06:00.000,I 85,,,Sideswipe-Same Direction,2,Clear,Dry,Daylight
2023-12-13T12:00:00.000,I 285,,,Not a Collision with Motor Vehicle,2,Clear,Dry,Daylight
2023-02-19T14:00:00.000,I-75,,,Not a Collision with Motor Vehicle,1,Clear,Dry,Daylight
2023-04-07T19:50:00.000,I-75,,,Sideswipe-Same Direction,2,Clear,Dry,Daylight
2023-08-21T09:40:00.000,I 85,,,Rear End,2,Clear,Dry,Daylight
2023-10-24T15:29:00.000,I-75,,,Sideswipe-Same Direction,2,Clear,Dry,Daylight
2023-05-17T07:58:00.000,I 85,,,Sideswipe-Same Direction,3,Cloudy,Dry,Daylight
2023-06-05T13:58:00.000,I 285,,,Rear End,2,Clear,Dry,Daylight
2023-06-30T12:45:00.000,I 75,,,Rear End,2,Clear,Dry,Daylight
2023-09-20T06:30:00.000,I 75,,,Rear End,3,Clear,Dry,Dark-Lighted
2023-12-06T13:33:00.000,I 75,,,Rear End,2,Clear,Dry,Daylight
2023-02-01T15:41:00.000,I 85,,,Rear End,2,Cloudy,Dry,Daylight
2023-09-25T13:41:00.000,I 16,,,Sideswipe-Same Direction,2,Clear,Dry,Daylight
2023-06-12T15:28:00.000,I 75,,,Rear End,2,Clear,Dry,Daylight
2023-02-09T17:37:00.000,I 285,,,Rear End,2,Rain,Wet,Daylight
2023-08-15T15:30:00.000,I 85,,,Rear End,2,Cloudy,Wet,Daylight
2023-06-04T10:16:00.000,I 75,,,Sideswipe-Same Direction,2,Cloudy,Dry,Daylight
2023-01-09T07:20:00.000,I 85,,,Sideswipe-Same Direction,2,Clear,Wet,Daylight
2023-02-22T16:00:00.000,I 285,,,Rear End,2,Clear,Dry,Daylight
2023-06-16T17:56:00.000,I-75,,,Angle Crash,2,Clear,Dry,Dusk
2023-07-22T00:00:00.000,I 75,,,Sideswipe-Same Direction,2,Clear,Dry,Daylight
2023-04-05T08:45:00.000,I-75,,,Sideswipe-Same Direction,2,Clear,Dry,Daylight
2023-03-13T20:35:00.000,I 75,,,Not a Collision with Motor Vehicle,1,Clear,Dry,Dark-Not Lighted
2023-04-07T14:18:00.000,I 16,,,Sideswipe-Same Direction,2,Clear,Dry,Daylight
2023-05-06T13:30:00.000,I 75,,,Sideswipe-Same Direction,2,Clear,Dry,Daylight
2023-07-10T06:58:00.000,I 20,,,Sideswipe-Same Direction,3,Rain,Wet,Dawn
2023-08-09T12:55:00.000,Sr 140,,,Rear End,2,Clear,Dry,Daylight
2023-03-14T07:02:00.000,I 75,,,Rear End,2,Clear,Dry,Dark-Not Lighted
2023-06-26T11:30:00.000,I 85,,,Sideswipe-Same Direction,3,Clear,Dry,Daylight
2023-02-01T09:55:00.000,I 75,,,Sideswipe-Opposite Direction,2,Cloudy,Wet,Daylight
2023-12-26T13:16:00.000,I 75,,,Rear End,2,Clear,Dry,Daylight
2023-06-06T07:45:00.000,I 20,,,Sideswipe-Same Direction,2,Clear,Dry,Daylight
2023-08-27T01:33:00.000,I-75,,,Rear End,2,Clear,Dry,Dark-Lighted
2023-11-29T18:55:00.000,I-75,,,Sideswipe-Same Direction,2,Clear,Dry,Dark-Lighted
2023-04-20T09:14:00.000,I 285,,,Rear End,2,Clear,Dry,Daylight
2023-12-18T23:20:00.000,I 20,,,Angle Crash,3,Clear,Dry,Dark-Lighted
2023-12-07T18:29:00.000,I 285,,,Rear End,2,Clear,Dry,Dark-Not Lighted
2023-06-01T08:33:00.000,I 285,,,Rear End,2,Clear,Dry,Daylight
2023-10-28T18:10:00.000,I 85,,,Angle Crash,2,Clear,Dry,Daylight
2023-05-02T17:48:00.000,I 75,,,Rear End,3,Clear,Dry,Daylight
2023-12-09T12:30:00.000,I 285,,,Rear End,2,Rain,Wet,Daylight
2023-11-05T19:47:00.000,I 75,,,Not a Collision with Motor Vehicle,1,Clear,Dry,Daylight
2023-03-10T04:39:00.000,I 95,,,Angle Crash,2,Cloudy,Wet,Dark-Not Lighted
2023-10-23T19:46:00.000,I 75,,,Sideswipe-Same Direction,4,Clear,Dry,Dark-Not Lighted
2023-07-22T04:57:00.000,I 75,,,Not a Collision with Motor Vehicle,1,Clear,Dry,Dark-Not Lighted
2023-09-10T10:55:00.000,I 285,,,Not a Collision with Motor Vehicle,1,Clear,Dry,Daylight
2023-02-10T19:02:00.000,I 20,,,Sideswipe-Same Direction,2,Clear,Dry,Dark-Not Lighted
2023-10-10T10:00:00.000,I 85,,,Sideswipe-Same Direction,2,Clear,Dry,Daylight
2023-09-05T16:45:00.000,I 85,,,Rear End,2,Clear,Dry,Daylight
2023-07-13T08:20:00.000,I 16,,,Sideswipe-Same Direction,2,Clear,Dry,Daylight
2023-10-15T08:05:00.000,I 75,,,Sideswipe-Same Direction,2,Clear,Dry,Daylight
2023-09-28T02:08:00.000,I-75,,,Sideswipe-Same Direction,3,Clear,Dry,Dark-Lighted
2023-03-09T20:35:00.000,I 75,,,Not a Collision with Motor Vehicle,1,Rain,Water (standing or moving),Dark-Lighted
2023-11-30T14:02:00.000,I 75,,,Rear End,2,Clear,Dry,Daylight
2023-01-08T11:59:00.000,I 75,,,Angle Crash,2,Rain,Wet,Daylight
2023-02-03T11:56:00.000,I 285,,,Rear End,3,Clear,Dry,Daylight
2023-01-24T11:11:00.000,I 285,,,Sideswipe-Same Direction,2,Clear,Dry,Daylight
2023-12-16T14:22:00.000,I 75,,,Sideswipe-Same Direction,2,Cloudy,Dry,Daylight
2023-10-31T00:00:00.000,I 20,,,Sideswipe-Same Direction,2,Clear,Dry,Dawn
2023-01-25T07:16:00.000,I 75,,,Not a Collision with Motor Vehicle,1,Rain,Water (standing or moving),Dark-Not Lighted
2023-04-16T07:00:00.000,I-75,,,Rear End,3,Clear,Dry,Daylight
2023-12-01T15:55:00.000,I 20,,,Sideswipe-Same Direction,2,Clear,Dry,Daylight
2023-10-25T14:58:00.000,I 75,,,Angle Crash,2,Clear,Dry,Daylight
2023-09-14T01:12:00.000,I 85,,,Rear End,2,Clear,Dry,Dark-Not Lighted
2023-06-24T13:19:00.000,I 75,,,Sideswipe-Same Direction,2,Clear,Dry,Daylight
2023-04-30T04:25:00.000,I 85,,,Not a Collision with Motor Vehicle,2,Rain,Wet,Dark-Not Lighted
2023-03-31T11:30:00.000,I 85,,,Rear End,3,Clear,Dry,Daylight
2023-07-18T13:53:00.000,I 75,,,Rear End,4,Cloudy,Dry,Daylight
2023-06-11T16:50:00.000,I-75,,,Rear End,3,Clear,Dry,Daylight
2023-08-23T17:50:00.000,I-75,,,Sideswipe-Same Direction,2,Clear,Dry,Daylight
2023-10-28T21:39:00.000,I-75,,,Rear End,3,Clear,Dry,Dark-Not Lighted