Date and Time,Roadway (From Crash Report),Intersection Name (from Crash Report),KABCO Severity,Manner of Collision (Crash Level) ,# of Vehicles per crash ,Weather Conditions (Crash Level),Surface Condition (Crash Level) ,Light Conditions (Crash Level)
2023-12-25T18:33:00.000,I 285,,,Angle Crash,2,Rain,Wet,Dark-Lighted
2023-11-01T06:30:00.000,I-75,,,Rear End,2,Cloudy,Dry,Dark-Lighted
2023-03-26T23:35:00.000,I 285,,,Sideswipe-Same Direction,2,Rain,Wet,Dark-Lighted
2023-10-06T13:50:00.000,I 285,,,Angle Crash,2,Cloudy,Dry,Daylight
2023-01-04T09:30:00.000,I-75,,,Rear End,2,Rain,Wet,Daylight
2023-04-02T21:20:00.000,I 285,,,Rear End,2,Clear,Dry,Dark-Not Lighted
2023-08-30T20:34:00.000,I 85,,,Head On,1,Rain,Wet,Dark-Not Lighted
2023-08-18T16:30:00.000,I 85,,,Sideswipe-Same Direction,2,Clear,Dry,Daylight
2023-05-09T15:40:00.000,I 85,,,Rear End,2,Clear,Dry,Daylight
2023-04-07T12:55:00.000,I 75,,,Rear End,2,Clear,Dry,Daylight
2023-07-18T16:30:00.000,I 85,,,Rear End,2,Clear,Dry,Daylight
2023-03-06T13:29:00.000,I-75,,,Not a Collision with Motor Vehicle,1,Clear,Dry,Daylight
2023-10-01T00:00:00.000,I-75,,,Sideswipe-Same Direction,2,Clear,Dry,Dark-Lighted
2023-08-04T17:32:00.000,I 85,,,Sideswipe-Same Direction,3,Rain,Wet,Daylight
2023-01-02T07:30:00.000,I 75,,,Sideswipe-Same Direction,2,Cloudy,Wet,Dawn
2023-09-19T07:50:00.000,I 285,,,Angle Crash,2,Clear,Dry,Daylight
2023-12-07T02:10:00.000,I-75,,,Head On,3,Clear,Dry,Dark-Lighted
2023-07-03T15:20:00.000,I 75,,,Sideswipe-Same Direction,2,Clear,Dry,Daylight
2023-10-25T21:50:00.000,I 75,,,Not a Collision with Motor Vehicle,1,Clear,Dry,Dark-Not Lighted
2023-03-12T20:20:00.000,I 75,,,Sideswipe-Same Direction,2,Clear,Wet,Dark-Not Lighted
2023-01-27T23:32:00.000,I 75,,,Angle Crash,3,Clear,Dry,Dark-Not Lighted
2023-06-21T11:32:00.000,I 75,,,Sideswipe-Same Direction,2,Clear,Dry,Daylight
2023-04-13T05:43:00.000,I-75,,,Not a Collision with Motor Vehicle,1,Clear,Dry,Dark-Lighted
2023-08-29T07:02:00.000,I 285,,,Sideswipe-Same Direction,2,Clear,Dry,Daylight
2023-04-26T15:36:00.000,I-75,,,Rear End,2,Cloudy,Dry,Daylight
2023-03-04T20:55:00.000,I 16,,,Sideswipe-Same Direction,2,Clear,Dry,Dark-Not Lighted
2023-07-29T00:00:00.000,I-75,,,Angle Crash,3,Clear,Dry,Dark-Not Lighted
2023-08-27T23:54:00.000,I 75,,,Not a Collision with Motor Vehicle,1,Rain,Water (standing or moving),Dark-Lighted
2023-05-26T22:00:00.000,I 85,,,Not a Collision with Motor Vehicle,1,Clear,Dry,Dark-Not Lighted
2023-04-26T07:20:00.000,I 75,,,Angle Crash,2,Rain,Wet,Daylight
2023-01-11T17:53:00.000,I 85,,,Angle Crash,2,Clear,Dry,Dark-Not Lighted
2023-03-27T13:00:00.000,I 75,,,Angle Crash,2,Clear,Dry,Daylight
2023-06-06T19:24:00.000,I 20,,,Rear End,2,Cloudy,Wet,Daylight
2023-11-08T23:11:00.000,I-75,,,Angle Crash,2,Clear,Dry,Dark-Not Lighted
2023-10-18T11:39:00.000,I 75,,,Not a Collision with Motor Vehicle,1,Clear,Dry,Daylight
2023-07-05T09:46:00.000,I 75,,,Not a Collision with Motor Vehicle,1,Rain,Wet,Daylight
2023-03-15T01:32:00.000,I 75,,,Rear End,2,Clear,Dry,Dark-Lighted
2023-11-17T13:41:00.000,I 20,,,Sideswipe-Same Direction,2,Clear,Dry,Daylight
2023-02-24T03:18:00.000,I 75,,,Sideswipe-Same Direction,2,Clear,Dry,Dark-Not Lighted
2023-10-19T07:00:00.000,I 75,,,Angle Crash,2,Clear,Dry,Dawn
2023-12-22T17:15:00.000,I 95,,,Rear End,2,Clear,Dry,Dark-Not Lighted
2023-01-28T10:29:00.000,I 95,,,Rear End,2,Clear,Dry,Daylight
2023-01-13T04:20:00.000,I 85,,,Not a Collision with Motor Vehicle,1,Cloudy,Dry,Dark-Lighted
2023-11-16T21:39:00.000,I 85,,,Sideswipe-Same Direction,2,Clear,Dry,Dark-Lighted
2023-12-11T17:30:00.000,I 75,,,Rear End,2,Clear,Dry,Daylight
2023-06-09T10:13:00.000,I 75,,,Rear End,2,Clear,Dry,Daylight
2023-08-30T12:33:00.000,I 16,,,Not a Collision with Motor Vehicle,1,Severe Thunderstorm or Tornadic,Wet,Daylight
2023-02-10T23:20:00.000,I-75,,,Rear End,3,Clear,Dry,Dark-Not Lighted
2023-04-18T10:44:00.000,I 16,,,Sideswipe-Same Direction,4,Clear,Dry,Daylight
2023-11-07T06:00:00.000,I 20,,,(None),2,(None),(None),(None)
2023-09-20T10:20:00.000,I-75,,,Rear End,2,Clear,Dry,Daylight
2023-03-27T12:36:00.000,I 75,,,Not a Collision with Motor Vehicle,1,Rain,Wet,Daylight
2023-11-06T10:42:00.000,I 285,,,Sideswipe-Same Direction,2,Clear,Dry,Daylight
2023-03-15T13:49:00.000,I-75,,,Sideswipe-Same Direction,2,Cloudy,Dry,Daylight
2023-09-24T05:53:00.000,I 20,,,Rear End,2,Clear,Dry,Dark-Not Lighted
2023-09-10T17:21:00.000,I 20,,,Not a Collision with Motor Vehicle,1,Rain,Wet,Daylight
2023-05-01T18:52:00.000,I 75,,,Sideswipe-Same Direction,2,Clear,Dry,Daylight
2023-10-28T00:00:00.000,I 285,,,Sideswipe-Same Direction,2,Clear,Dry,Daylight
2023-10-04T03:34:00.000,I 75,,,Not a Collision with Motor Vehicle,1,Clear,Dry,Dark-Not Lighted
2023-11-03T19:45:00.000,I 285,,,Sideswipe-Same Direction,2,Clear,Dry,Dark-Lighted
2023-03-11T13:29:00.000,I 20,,,Rear End,2,Clear,Dry,Daylight
2023-04-05T19:20:00.000,I 75,,,Not a Collision with Motor Vehicle,1,Clear,Dry,Daylight
2023-04-30T06:34:00.000,I-75,,,Angle Crash,2,Rain,Water (standing or moving),Dark-Lighted
2023-12-04T10:10:00.000,I 285,,,Not a Collision with Motor Vehicle,1,Clear,Dry,Daylight
2023-05-08T15:20:00.000,I 75,,,Rear End,2,Clear,Dry,Daylight
2023-01-17T13:33:00.000,I 20,,,Not a Collision with Motor Vehicle,1,Cloudy,Wet,Daylight
2023-03-07T12:00:00.000,I 285,,,Sideswipe-Same Direction,2,Clear,Dry,Daylight
2023-06-05T00:56:00.000,I-75,,,Not a Collision with Motor Vehicle,2,Cloudy,Wet,Dark-Lighted
2023-06-10T05:58:00.000,I-75,,,Rear End,3,Clear,Dry,Daylight
2023-02-13T15:45:00.000,I 85,,,Rear End,5,Clear,Dry,Daylight
2023-04-16T06:20:00.000,I-75,,,Not a Collision with Motor Vehicle,1,Cloudy,Wet,Daylight
2023-06-05T16:51:00.000,I 85,,,Rear End,2,Clear,Dry,Daylight
2023-12-04T12:35:00.000,I 85,,,Sideswipe-Same Direction,2,Clear,Dry,Daylight
2023-04-27T15:09:00.000,I 75,,,Not a Collision with Motor Vehicle,1,Rain,Wet,Daylight
2023-02-07T11:02:00.000,I 285,,,Rear End,2,Clear,Dry,Daylight
2023-02-10T06:00:00.000,I 85,,,Sideswipe-Same Direction,2,Clear,Dry,Dark-Lighted
2023-06-10T05:18:00.000,I 285,,,Not a Collision with Motor Vehicle,1,Clear,Dry,Dark-Not Lighted
2023-11-16T11:00:00.000,I 75,,,Not a Collision with Motor Vehicle,1,Clear,Dry,Daylight
2023-11-10T04:08:00.000,I 16,,,Not a Collision with Motor Vehicle,1,Clear,Dry,Dark-Not Lighted
2023-07-05T15:15:00.000,I-75,,,Sideswipe-Same Direction,2,Rain,Wet,Daylight
2023-11-14T01:00:00.000,I-75,,,Rear End,2,Clear,Dry,Dark-Lighted
2023-05-19T06:34:00.000,I 20,,,Rear End,2,Clear,Dry,Daylight
2023-01-18T14:12:00.000,I-75,,,Sideswipe-Same Direction,2,Cloudy,Dry,Daylight
2023-08-10T14:50:00.000,Sr 140,,,Rear End,2,Clear,Dry,Daylight
2023-01-21T13:29:00.000,I-75,,,Rear End,2,Cloudy,Dry,Daylight
2023-02-05T00:02:00.000,I 85,,,Not a Collision with Motor Vehicle,1,Clear,Dry,Dark-Lighted
2023-10-20T06:36:00.000,I 85,,,Rear End,2,Rain,Wet,Dark-Not Lighted
2023-04-02T01:30:00.000,I-75,,,Rear End,2,Clear,Dry,Dark-Lighted
2023-01-30T05:17:00.000,I 285,,,Not a Collision with Motor Vehicle,1,Rain,Water (standing or moving),Dark-Not Lighted
2023-12-07T23:29:00.000,I 285,,,Sideswipe-Same Direction,2,Clear,Dry,Dark-Lighted
2023-02-22T16:23:00.000,I 75,,,Sideswipe-Same Direction,2,Clear,Dry,Daylight
2023-11-05T01:06:00.000,I-75,,,Rear End,2,Clear,Dry,Dark-Lighted
2023-09-19T16:20:00.000,I 85,,,Rear End,3,Clear,Dry,Daylight
2023-05-18T05:17:00.000,I 16,,,Not a Collision with Motor Vehicle,1,Rain,Wet,Dark-Not Lighted
2023-02-10T10:37:00.000,I 285,,,Sideswipe-Same Direction,2,Clear,Dry,Dark-Not Lighted
2023-11-07T06:30:00.000,I 75,,,Rear End,2,Clear,Dry,Daylight
2023-12-23T10:58:00.000,I-75,,,Sideswipe-Same Direction,2,Clear,Dry,Daylight
2023-10-29T03:00:00.000,I 85,,,Not a Collision with Motor Vehicle,1,Clear,Dry,Dark-Lighted
2023-10-24T07:50:00.000,I 75,,,Rear End,2,Clear,Dry,Daylight
2023-06-08T20:19:00.000,I 20,,,Not a Collision with Motor Vehicle,1,Clear,Dry,Daylight
2023-11-11T10:15:00.000,I 75,,,Sideswipe-Same Direction,2,Clear,Wet,Daylight
2023-03-17T06:41:00.000,I 85,,,Rear End,3,Cloudy,Dry,Dark-Not Lighted
2023-12-26T11:46:00.000,I 16,,,Not a Collision with Motor Vehicle,1,Rain,Wet,Daylight
2023-01-04T14:18:00.000,I-75,,,Sideswipe-Same Direction,2,Clear,Dry,Daylight
2023-12-20T15:30:00.000,I 285,,,Sideswipe-Same Direction,2,Clear,Dry,Daylight
2023-11-13T18:30:00.000,I 95,,,Rear End,2,Clear,Dry,Daylight
2023-12-28T15:15:00.000,I 20,,,Sideswipe-Same Direction,2,Clear,Dry,Daylight
2023-09-06T11:08:00.000,I 285,,,Angle Crash,2,Clear,Dry,Daylight
2023-12-07T00:10:00.000,I 95,,,Not a Collision with Motor Vehicle,1,Clear,Dry,Dark-Not Lighted
2023-02-15T13:49:00.000,I 285,,,Rear End,3,Cloudy,Wet,Daylight
2023-12-09T16:49:00.000,I 75,,,Not a Collision with Motor Vehicle,1,Cloudy,Wet,Daylight
2023-07-10T10:05:00.000,I 85,,,Rear End,2,Cloudy,Wet,Daylight
2023-01-20T14:20:00.000,I 75,,,Sideswipe-Same Direction,2,Clear,Dry,Daylight
2023-01-08T21:35:00.000,I 75,,,Not a Collision with Motor Vehicle,1,Rain,Wet,Dark-Not Lighted
2023-07-27T00:33:00.000,I 285,,,Sideswipe-Same Direction,3,Clear,Dry,Dark-Not Lighted
2023-05-14T23:15:00.000,I 285,,,Sideswipe-Same Direction,2,Clear,Dry,Daylight
2023-03-21T14:57:00.000,I 75,,,Sideswipe-Same Direction,2,Cloudy,Dry,Daylight
2023-05-22T13:40:00.000,I 75,,,Sideswipe-Same Direction,2,Cloudy,Dry,Daylight
2023-01-30T06:44:00.000,I 75,,,Not a Collision with Motor Vehicle,1,Cloudy,Wet,Dusk
2023-08-24T05:53:00.000,I 20,,,Rear End,3,Clear,Dry,Dark-Lighted
2023-06-12T12:50:00.000,I 75,,,Not a Collision with Motor Vehicle,2,Clear,Dry,Daylight
2023-04-30T06:50:00.000,I 285,,,Rear End,2,Rain,Wet,Daylight
2023-11-19T12:55:00.000,I 75,,,Angle Crash,2,Clear,Dry,Daylight
2023-10-13T22:30:00.000,I-75,,,Sideswipe-Same Direction,3,Rain,Water (standing or moving),Dark-Lighted
2023-03-15T13:34:00.000,I-75,,,Sideswipe-Same Direction,2,Clear,Dry,Daylight
2023-12-27T14:53:00.000,I 75,,,Rear End,3,Clear,Dry,Daylight
2023-09-29T13:35:00.000,I 75,,,Sideswipe-Same Direction,2,Cloudy,Dry,Daylight
2023-08-07T11:45:00.000,I 75,,,Angle Crash,3,Clear,Dry,Daylight
2023-10-12T05:38:00.000,I 75,,,Sideswipe-Same Direction,2,Rain,Wet,Dark-Not Lighted
2023-12-17T13:20:00.000,I 75,,,Rear End,4,Rain,Wet,Daylight
2023-04-12T07:00:00.000,I 285,,,Sideswipe-Same Direction,3,Clear,Dry,Daylight
2023-08-25T12:37:00.000,I 75,,,Not a Collision with Motor Vehicle,1,Clear,Dry,Daylight
2023-02-07T15:25:00.000,I 75,,,Rear End,2,Clear,Dry,Daylight
2023-04-30T16:33:00.000,I-75,,,Sideswipe-Same Direction,2,Cloudy,Dry,Daylight
2023-12-04T08:40:00.000,I 75,,,Rear End,3,Cloudy,Dry,Daylight
2023-05-19T11:23:00.000,I 95,,,Rear End,2,Cloudy,Dry,Daylight
2023-03-25T11:29:00.000,I-75,,,Sideswipe-Same Direction,2,Cloudy,Dry,Daylight
2023-09-23T11:05:00.000,I 85,,,Rear End,2,Clear,Dry,Daylight
2023-07-22T15:00:00.000,I-75,,,Rear End,2,Clear,Dry,Daylight
2023-03-04T17:30:00.000,I-75,,,Angle Crash,2,Clear,Dry,Daylight
2023-01-28T13:58:00.000,I-75,,,Rear End,2,Cloudy,Dry,Daylight
2023-08-23T12:59:00.000,I 95,,,Not a Collision with Motor Vehicle,1,Cloudy,Water (standing or moving),Daylight
2023-04-02T05:32:00.000,I-75,,,Sideswipe-Same Direction,2,Rain,Water (standing or moving),Dark-Lighted
2023-04-15T01:33:00.000,I 75,,,Sideswipe-Same Direction,2,Clear,Dry,Dark-Lighted
2023-03-25T08:48:00.000,I 75,,,Not a Collision with Motor Vehicle,1,Rain,Wet,Daylight
2023-09-24T13:30:00.000,I-75,,,Rear End,2,Clear,Dry,Daylight
2023-03-02T23:00:00.000,I 20,,,Sideswipe-Same Direction,3,Rain,Wet,Dark-Lighted
2023-09-29T12:40:00.000,I 75,,,Sideswipe-Same Direction,2,Clear,Dry,Daylight
2023-06-08T14:00:00.000,I 75,,,Sideswipe-Same Direction,2,Clear,Dry,Daylight
2023-12-29T14:33:00.000,I 75,,,Sideswipe-Same Direction,2,Clear,Dry,Daylight
2023-02-14T09:45:00.000,I 85,,,Rear End,2,Clear,Dry,Daylight
2023-09-12T05:40:00.000,I 85,,,Angle Crash,2,Clear,Dry,Dark-Not Lighted
2023-12-10T07:55:00.000,I 85,,,Rear End,2,Cloudy,Wet,Dawn
2023-08-06T17:30:00.000,I-75,,,Rear End,2,Rain,Wet,Daylight
2023-02-15T13:30:00.000,I-75,,,Rear End,2,Rain,Water (standing or moving),Daylight
2023-12-13T10:03:00.000,I 285,,,Sideswipe-Same Direction,2,Clear,Dry,Daylight
2023-07-05T09:39:00.000,I 75,,,Not a Collision with Motor Vehicle,1,Clear,Wet,Daylight
2023-10-21T12:30:00.000,I 285,,,Not a Collision with Motor Vehicle,2,Clear,Dry,Daylight
2023-10-13T18:50:00.000,I 85,,,Rear End,2,Rain,Wet,Dawn
2023-07-20T20:30:00.000,I-75,,,Rear End,2,Rain,Water (standing or moving),Dark-Lighted
2023-04-08T09:58:00.000,I 285,,,Not a Collision with Motor Vehicle,1,Rain,Water (standing or moving),Daylight
2023-05-15T08:00:00.000,I 75,,,Sideswipe-Same Direction,2,Clear,Dry,Daylight
2023-02-16T06:23:00.000,I 285,,,Sideswipe-Same Direction,2,Clear,Dry,Dark-Not Lighted
2023-03-24T04:25:00.000,I 285,,,Rear End,3,Clear,Dry,Dark-Not Lighted
2023-11-21T11:00:00.000,I 85,,,Sideswipe-Same Direction,2,Clear,Dry,Daylight
2023-08-28T14:40:00.000,I 16,,,Not a Collision with Motor Vehicle,1,Clear,Dry,Daylight
2023-01-23T06:40:00.000,I 20,,,Rear End,2,Clear,Dry,Dark-Not Lighted
2023-07-29T16:10:00.000,I 75,,,Not a Collision with Motor Vehicle,1,Clear,Dry,Daylight
2023-03-13T15:00:00.000,I 85,,,Rear End,2,Clear,Dry,Daylight
2023-04-18T08:45:00.000,I 285,,,Rear End,2,Clear,Dry,Daylight
2023-10-28T12:30:00.000,I-75,,,Rear End,2,Clear,Dry,Daylight
2023-07-22T13:00:00.000,I 20,,,Rear End,2,Clear,Dry,Daylight
2023-08-06T21:51:00.000,I 20,,,Not a Collision with Motor Vehicle,1,Cloudy,Wet,Dark-Lighted
2023-10-21T20:36:00.000,I 75,,,Sideswipe-Same Direction,2,Clear,Dry,Dark-Not Lighted
2023-11-07T13:02:00.000,I 75,,,Rear End,2,Clear,Dry,Daylight
2023-12-20T16:10:00.000,I 285,,,Rear End,2,Clear,Dry,Daylight
2023-12-09T15:46:00.000,I-75,,,Rear End,2,Cloudy,Dry,Daylight
2023-12-25T17:18:00.000,I-75,,,Not a Collision with Motor Vehicle,1,Rain,Wet,Dawn
2023-05-23T07:36:00.000,I 75,,,Not a Collision with Motor Vehicle,1,Cloudy,Dry,Daylight
2023-03-26T20:21:00.000,I-75,,,Sideswipe-Same Direction,2,Clear,Dry,Dark-Not Lighted
2023-11-16T22:20:00.000,I-75,,,Rear End,2,Clear,Dry,Dark-Not Lighted
2023-10-27T20:10:00.000,I-75,,,Rear End,2,Clear,Dry,Dark-Lighted
2023-03-02T02:50:00.000,I 16,,,Not a Collision with Motor Vehicle,1,Clear,Dry,Dark-Not Lighted
2023-05-31T08:20:00.000,I 95,,,Rear End,2,Clear,Dry,Daylight
2023-02-10T12:45:00.000,I 285,,,Angle Crash,2,Cloudy,Dry,Daylight
2023-10-14T10:21:00.000,I 285,,,Sideswipe-Same Direction,2,Cloudy,Dry,Daylight
2023-04-05T07:50:00.000,I 285,,,Sideswipe-Same Direction,2,Clear,Dry,Daylight
2023-11-11T11:02:00.000,I 75,,,Rear End,2,Rain,Wet,Daylight
2023-12-24T19:00:00.000,I-75,,,Sideswipe-Same Direction,2,Clear,Dry,Dark-Lighted
2023-09-28T20:51:00.000,I-75,,,Rear End,3,Clear,Dry,Dark-Lighted
2023-12-10T01:35:00.000,I 75,,,Not a Collision with Motor Vehicle,1,Rain,Wet,Dark-Not Lighted
2023-03-09T19:30:00.000,I 75,,,Not a Collision with Motor Vehicle,1,Cloudy,Dry,Dark-Not Lighted
2023-06-21T16:23:00.000,I 285,,,Angle Crash,3,Rain,Wet,Daylight
2023-08-26T13:07:00.000,I 85,,,Sideswipe-Same Direction,2,Clear,Dry,Daylight
2023-06-04T00:54:00.000,I 85,,,Sideswipe-Same Direction,2,Clear,Dry,Dark-Not Lighted
2023-12-01T06:35:00.000,I 285,,,Angle Crash,2,Rain,Wet,Dark-Not Lighted
2023-08-20T19:30:00.000,I 285,,,Sideswipe-Same Direction,2,Clear,Dry,Dawn
2023-11-15T11:10:00.000,I 75,,,Sideswipe-Same Direction,2,Clear,Dry,Dark-Not Lighted
2023-09-25T12:36:00.000,I 16,,,Rear End,2,Clear,Dry,Daylight
2023-04-13T10:50:00.000,I 16,,,Angle Crash,2,Rain,Wet,Daylight
2023-11-03T12:04:00.000,I 16,,,Rear End,2,Clear,Dry,Daylight
2023-03-31T19:12:00.000,I 75,,,Rear End,3,Clear,Dry,Daylight
2023-08-17T09:28:00.000,I 85,,,Sideswipe-Same Direction,2,Clear,Dry,Daylight
2023-11-26T20:15:00.000,I-75,,,Rear End,2,Rain,Water (standing or moving),Dark-Not Lighted
2023-04-15T09:50:00.000,I 16,,,Sideswipe-Same Direction,3,Clear,Dry,Daylight
2023-10-08T11:57:00.000,I 20,,,Rear End,3,Clear,Dry,Daylight
2023-01-17T17:51:00.000,I 16,,,Rear End,2,Rain,Wet,Daylight
2023-01-24T17:45:00.000,I 75,,,Not a Collision with Motor Vehicle,1,Clear,Dry,Daylight
2023-11-26T23:45:00.000,I 16,,,(None),1,(None),(None),(None)
2023-05-30T09:19:00.000,I 20,,,Sideswipe-Same Direction,2,Clear,Dry,Daylight
2023-02-15T12:57:00.000,I-75,,,Not a Collision with Motor Vehicle,1,Clear,Dry,Daylight
2023-10-15T16:14:00.000,I 75,,,Sideswipe-Same Direction,2,Cloudy,Dry,Daylight
2023-05-07T14:00:00.000,I 20,,,Rear End,2,Clear,Dry,Daylight
2023-07-20T09:47:00.000,I 75,,,Angle Crash,3,Clear,Dry,Daylight
2023-07-04T15:44:00.000,I 285,,,Sideswipe-Same Direction,2,Cloudy,Dry,Daylight
2023-07-22T18:13:00.000,I 75,,,Not a Collision with Motor Vehicle,1,Cloudy,Dry,Daylight
2023-07-13T17:00:00.000,I 85,,,Rear End,2,Cloudy,Dry,Daylight
2023-09-02T15:10:00.000,I 285,,,Rear End,2,Clear,Dry,Daylight
2023-01-05T08:08:00.000,I 16,,,Rear End,2,Clear,Dry,Daylight
2023-11-28T18:08:00.000,I-75,,,Sideswipe-Same Direction,2,Cloudy,Dry,Dark-Lighted
2023-05-02T16:50:00.000,I 85,,,Sideswipe-Same Direction,2,Clear,Dry,Daylight
2023-10-20T07:11:00.000,I 75,,,Rear End,2,Rain,Wet,Daylight
2023-08-30T11:48:00.000,I 16,,,Not a Collision with Motor Vehicle,1,Rain,Wet,Dark-Lighted
2023-11-22T09:59:00.000,I 20,,,Not a Collision with Motor Vehicle,1,Cloudy,Dry,Daylight
2023-12-22T12:51:00.000,I 75,,,Sideswipe-Same Direction,2,Clear,Dry,Daylight
2023-02-16T11:55:00.000,I 75,,,Not a Collision with Motor Vehicle,2,Clear,Dry,Daylight
2023-04-28T20:02:00.000,I 75,,,Not a Collision with Motor Vehicle,1,Clear,Dry,Dusk
2023-09-06T17:05:00.000,Sr 140,,,Head On,2,Clear,Dry,Daylight
2023-08-20T23:14:00.000,I 20,,,Not a Collision with Motor Vehicle,1,Clear,Dry,Dark-Lighted
2023-12-05T20:33:00.000,I 285,,,Sideswipe-Same Direction,2,Clear,Dry,Dark-Not Lighted
2023-06-12T11:13:00.000,I 20,,,Sideswipe-Same Direction,2,Cloudy,Dry,Daylight
2023-03-07T15:30:00.000,I 85,,,Sideswipe-Same Direction,2,Clear,Dry,Daylight
2023-09-01T22:11:00.000,I 85,,,(None),2,(None),(None),(None)
2023-01-22T03:00:00.000,I-75,,,Angle Crash,2,Rain,Water (standing or moving),Dark-Not Lighted
2023-12-25T16:27:00.000,I 75,,,Not a Collision with Motor Vehicle,1,Rain,Wet,Daylight
2023-03-03T12:33:00.000,I 285,,,Sideswipe-Same Direction,2,Cloudy,Dry,Daylight
2023-02-03T22:25:00.000,I 75,,,Not a Collision with Motor Vehicle,1,Clear,Dry,Daylight
2023-02-16T22:20:00.000,I 75,,,Angle Crash,2,Rain,Wet,Dark-Not Lighted
2023-11-07T07:46:00.000,I 75,,,Not a Collision with Motor Vehicle,2,Clear,Dry,Daylight
2023-12-25T11:31:00.000,I 85,,,Not a Collision with Motor Vehicle,1,Rain,Wet,Daylight
2023-07-12T18:58:00.000,I-75,,,Rear End,2,Clear,Dry,Daylight
2023-08-06T00:50:00.000,I 20,,,Not a Collision with Motor Vehicle,1,Clear,Dry,Dark-Not Lighted
2023-01-15T09:10:00.000,I 20,,,Angle Crash,2,Clear,Dry,Daylight
2023-01-22T05:15:00.000,I 285,,,Angle Crash,2,Rain,Wet,Dark-Lighted
2023-09-28T20:03:00.000,I 16,,,Sideswipe-Same Direction,2,Clear,Dry,Dark-Lighted
2023-04-13T07:37:00.000,I 85,,,Not a Collision with Motor Vehicle,1,Clear,Dry,Daylight
2023-08-05T10:05:00.000,I 20,,,Rear End,2,Clear,Dry,Daylight
2023-12-15T20:24:00.000,I 20,,,Sideswipe-Same Direction,2,Cloudy,Dry,Dark-Lighted
2023-02-23T03:32:00.000,I 75,,,Not a Collision with Motor Vehicle,1,Clear,Dry,Dark-Not Lighted
2023-01-19T21:58:00.000,I 75,,,Sideswipe-Same Direction,2,Clear,Dry,Dark-Lighted
2023-08-30T20:00:00.000,I 20,,,Not a Collision with Motor Vehicle,1,Rain,Water (standing or moving),Dawn
2023-08-31T13:21:00.000,I 16,,,Sideswipe-Same Direction,2,Clear,Dry,Daylight
2023-08-06T13:30:00.000,I-75,,,Rear End,2,Rain,Wet,Daylight
2023-10-06T14:50:00.000,I 75,,,Sideswipe-Same Direction,2,Clear,Dry,Daylight
2023-12-10T20:16:00.000,I 20,,,Sideswipe-Same Direction,2,Clear,Wet,Dark-Lighted
2023-09-27T18:26:00.000,I-75,,,Sideswipe-Same Direction,2,Clear,Dry,Daylight
2023-09-04T11:40:00.000,I 285,,,Rear End,3,Cloudy,Dry,Daylight
2023-10-20T20:56:00.000,I-75,,,Rear End,4,Clear,Dry,Dark-Lighted
2023-03-09T20:35:00.000,I-75,,,Rear End,3,Rain,Wet,Dark-Lighted
2023-05-02T08:51:00.000,I 75,,,Rear End,2,Clear,Dry,Daylight
2023-08-05T15:15:00.000,I 95,,,Angle Crash,3,Clear,Dry,Daylight
2023-10-20T03:25:00.000,I-75,,,Sideswipe-Same Direction,2,Clear,Dry,Dark-Lighted
2023-02-12T02:58:00.000,I 285,,,Head On,5,Rain,Wet,Dark-Not Lighted
2023-01-05T17:18:00.000,I 20,,,Rear End,2,Clear,Dry,Dusk
2023-09-17T00:00:00.000,I 285,,,Angle Crash,2,Clear,Dry,Daylight
2023-10-03T11:51:00.000,I 16,,,Rear End,4,Clear,Dry,Daylight
2023-06-21T16:52:00.000,I 20,,,Not a Collision with Motor Vehicle,1,Rain,Wet,Dawn
2023-12-10T20:20:00.000,I 85,,,Rear End,3,Clear,Wet,Dark-Not Lighted
2023-01-05T18:05:00.000,I 85,,,Not a Collision with Motor Vehicle,1,Clear,Dry,Dark-Not Lighted
2023-08-17T18:43:00.000,I 20,,,Rear End,2,Clear,Dry,Dusk
2023-02-16T09:46:00.000,I 285,,,Rear End,3,Cloudy,Dry,Daylight
2023-12-11T09:05:00.000,I 85,,,Rear End,2,Clear,Dry,Daylight
2023-01-04T10:06:00.000,I 20,,,Not a Collision with Motor Vehicle,1,Rain,Wet,Daylight
2023-12-27T08:00:00.000,I 20,,,Not a Collision with Motor Vehicle,3,Clear,Dry,Daylight
2023-12-09T12:21:00.000,I 75,,,Angle Crash,3,Cloudy,Dry,Daylight
2023-11-25T13:30:00.000,I-75,,,Rear End,2,Clear,Dry,Daylight
2023-02-05T20:01:00.000,I 16,,,(None),1,(None),(None),(None)
2023-08-10T17:51:00.000,I 85,,,Sideswipe-Same Direction,2,Clear,Dry,Daylight
2023-07-17T06:40:00.000,I 20,,,Rear End,2,Cloudy,Dry,Daylight
2023-05-21T15:00:00.000,I-75,,,Sideswipe-Same Direction,2,Clear,Dry,Daylight
2023-01-19T03:31:00.000,I-75,,,Sideswipe-Same Direction,2,Clear,Dry,Dark-Lighted
2023-10-19T14:30:00.000,I 285,,,Rear End,2,Clear,Dry,Daylight
2023-06-13T11:20:00.000,I-75,,,Sideswipe-Same Direction,2,Clear,Dry,Daylight
2023-03-01T16:09:00.000,I 16,,,Not a Collision with Motor Vehicle,2,Clear,Dry,Daylight
2023-10-11T15:00:00.000,I-75,,,Rear End,2,Cloudy,Dry,Daylight