Date and Time,Roadway (From Crash Report),Intersection Name (from Crash Report),KABCO Severity,Manner of Collision (Crash Level) ,# of Vehicles per crash ,Weather Conditions (Crash Level),Surface Condition (Crash Level) ,Light Conditions (Crash Level)
2023-05-24T05:23:00.000,I 75,,,Sideswipe-Same Direction,2,Clear,Dry,Dark-Lighted
2023-06-27T16:40:00.000,I 85,,,Rear End,2,Cloudy,Dry,Daylight
2023-04-02T18:00:00.000,I 285,,,Sideswipe-Same Direction,2,Clear,Dry,Daylight
2023-12-30T15:25:00.000,I 85,,,Rear End,2,Clear,Dry,Daylight
2023-03-10T12:16:00.000,I 75,,,Rear End,2,Cloudy,Dry,Daylight
2023-10-30T13:40:00.000,I 285,,,Rear End,2,Clear,Dry,Daylight
2023-05-27T00:27:00.000,I 20,,,Rear End,1,Clear,Dry,Dark-Lighted
2023-05-31T21:30:00.000,I 20,,,Rear End,2,Clear,Dry,Dark-Not Lighted
2023-09-01T15:22:00.000,I 20,,,Rear End,2,Clear,Dry,Daylight
2023-04-12T14:05:00.000,I 75,,,Sideswipe-Same Direction,2,Clear,Dry,Daylight
2023-09-05T16:10:00.000,I 85,,,Rear End,3,Clear,Dry,Daylight
2023-04-01T19:50:00.000,I 75,,,Sideswipe-Same Direction,2,Clear,Dry,Dark-Not Lighted
2023-04-04T09:05:00.000,I 85,,,Rear End,2,Cloudy,Dry,Daylight
2023-04-01T16:59:00.000,I-75,,,Rear End,5,Clear,Dry,Daylight
2023-07-22T14:33:00.000,I 16,,,Rear End,2,Clear,Dry,Daylight
2023-11-15T15:30:00.000,I-75,,,Rear End,2,Cloudy,Dry,Daylight
2023-09-24T14:30:00.000,I-75,,,Rear End,2,Clear,Dry,Daylight
2023-04-22T14:19:00.000,I 20,,,Not a Collision with Motor Vehicle,1,Clear,Dry,Daylight
2023-03-24T17:00:00.000,I 85,,,Rear End,2,Clear,Dry,Daylight
2023-04-14T09:10:00.000,I 75,,,Sideswipe-Same Direction,2,Clear,Dry,Daylight
2023-01-17T10:59:00.000,I 75,,,Rear End,2,Rain,Wet,Daylight
2023-10-05T07:11:00.000,I 85,,,Sideswipe-Same Direction,2,Clear,Dry,Dawn
2023-12-22T21:02:00.000,I 20,,,Sideswipe-Same Direction,2,Clear,Dry,Dark-Lighted
2023-05-03T20:00:00.000,I-75,,,Rear End,2,Clear,Dry,Dawn
2023-09-01T15:22:00.000,I 20,,,Rear End,3,Clear,Dry,Daylight
2023-04-01T14:00:00.000,I 75,,,Rear End,2,Clear,Dry,Daylight
2023-04-03T04:00:00.000,I-75,,,Rear End,2,Clear,Dry,Dark-Lighted
2023-09-09T00:17:00.000,I-75,,,Rear End,3,Clear,Dry,Dark-Lighted
2023-10-16T08:19:00.000,I 285,,,Rear End,2,Clear,Dry,Daylight
2023-05-29T19:40:00.000,I 285,,,Sideswipe-Same Direction,2,Clear,Dry,Daylight
2023-05-14T20:30:00.000,I-75,,,Rear End,2,Clear,Dry,Dark-Lighted
2023-09-10T07:35:00.000,I-75,,,Sideswipe-Same Direction,2,Clear,Dry,Daylight
2023-07-25T08:10:00.000,I 20,,,Sideswipe-Same Direction,2,Clear,Dry,Daylight
2023-03-20T15:35:00.000,I 85,,,Angle Crash,2,Clear,Dry,Daylight
2023-06-04T16:00:00.000,I 285,,,Not a Collision with Motor Vehicle,1,Clear,Dry,Daylight
2023-05-23T12:00:00.000,I-75,,,Sideswipe-Same Direction,2,Clear,Dry,Daylight
2023-12-09T19:28:00.000,I 20,,,Sideswipe-Same Direction,2,Cloudy,Wet,Dark-Not Lighted
2023-07-14T13:40:00.000,I 85,,,Sideswipe-Same Direction,2,Clear,Dry,Daylight
2023-02-26T13:21:00.000,I 16,,,Sideswipe-Same Direction,2,Clear,Dry,Daylight
2023-08-23T08:38:00.000,I-75,,,Rear End,3,Clear,Dry,Daylight
2023-12-04T17:56:00.000,I 85,,,Rear End,2,Clear,Dry,Dusk
2023-02-22T20:00:00.000,I-75,,,Rear End,3,Clear,Dry,Dark-Lighted
2023-03-09T16:01:00.000,I-75,,,Sideswipe-Same Direction,2,Clear,Dry,Daylight
2023-03-02T09:45:00.000,I 85,,,Rear End,2,Rain,Wet,Daylight
2023-12-12T06:20:00.000,I 75,,,Not a Collision with Motor Vehicle,1,Clear,Dry,Dark-Not Lighted
2023-04-13T18:32:00.000,I 16,,,Not a Collision with Motor Vehicle,1,Rain,Wet,Daylight
2023-03-15T03:36:00.000,I 75,,,Sideswipe-Same Direction,2,Clear,Dry,Dark-Not Lighted
2023-04-10T14:00:00.000,I 285,,,Sideswipe-Same Direction,2,Clear,Dry,Daylight
2023-11-16T18:30:00.000,I 20,,,Rear End,2,Clear,Dry,Daylight
2023-01-22T00:00:00.000,I 285,,,Not a Collision with Motor Vehicle,1,Rain,Wet,Dark-Not Lighted
2023-09-19T09:00:00.000,I 85,,,Rear End,2,Clear,Dry,Daylight
2023-03-03T12:30:00.000,I 85,,,Rear End,3,Cloudy,Wet,Daylight
2023-03-09T17:45:00.000,I 20,,,Sideswipe-Same Direction,2,Rain,Wet,Dusk
2023-05-23T08:40:00.000,I 285,,,Sideswipe-Same Direction,2,Cloudy,Wet,Daylight
2023-04-11T03:40:00.000,I 285,,,Angle Crash,2,Clear,Dry,Dark-Lighted
2023-12-14T05:15:00.000,I 16,,,Not a Collision with Motor Vehicle,2,Clear,Dry,Dark-Not Lighted
2023-02-06T00:00:00.000,I 20,,,Not a Collision with Motor Vehicle,1,Clear,Dry,Dark-Lighted
2023-04-27T21:46:00.000,I 75,,,Not a Collision with Motor Vehicle,1,Rain,Wet,Dark-Not Lighted
2023-02-13T15:36:00.000,I 85,,,Rear End,2,Clear,Dry,Daylight
2023-11-20T07:00:00.000,I 20,,,Sideswipe-Same Direction,2,Clear,Dry,Daylight
2023-09-11T13:37:00.000,I 75,,,Sideswipe-Same Direction,2,Clear,Dry,Daylight
2023-01-05T20:06:00.000,I-75,,,Rear End,2,Clear,Dry,Dark-Lighted
2023-03-20T15:38:00.000,I 85,,,Sideswipe-Same Direction,2,Clear,Dry,Daylight
2023-06-15T09:50:00.000,I 85,,,Sideswipe-Same Direction,2,Cloudy,Dry,Daylight
2023-08-15T15:53:00.000,I 75,,,Rear End,2,Cloudy,Wet,Daylight
2023-09-12T11:58:00.000,I 285,,,Rear End,2,Clear,Dry,Daylight
2023-07-22T02:35:00.000,I-75,,,Rear End,2,Clear,Water (standing or moving),Dark-Lighted
2023-03-06T16:36:00.000,I 85,,,Rear End,3,Clear,Dry,Daylight
2023-05-03T22:35:00.000,I-75,,,Sideswipe-Same Direction,2,Clear,Dry,Dark-Lighted
2023-03-24T09:59:00.000,I 285,,,Not a Collision with Motor Vehicle,1,Clear,Dry,Daylight
2023-04-14T17:22:00.000,I 20,,,Rear End,2,Clear,Dry,Daylight
2023-07-19T07:35:00.000,I 285,,,Sideswipe-Same Direction,2,Clear,Dry,Daylight
2023-09-11T17:34:00.000,I 16,,,Sideswipe-Same Direction,2,Clear,Dry,Daylight
2023-07-01T12:09:00.000,I 20,,,Rear End,2,Clear,Dry,Daylight
2023-07-15T20:30:00.000,I-75,,,Rear End,2,Clear,Dry,Daylight
2023-01-22T19:25:00.000,I 75,,,Not a Collision with Motor Vehicle,1,Rain,Wet,Dark-Not Lighted
2023-03-18T23:15:00.000,I-75,,,Rear End,3,Clear,Dry,Dark-Lighted
2023-12-24T17:50:00.000,I 285,,,Angle Crash,2,Clear,Wet,Dark-Lighted
2023-04-23T07:12:00.000,I 285,,,Sideswipe-Same Direction,2,Clear,Dry,Daylight
2023-02-15T13:03:00.000,I 285,,,Angle Crash,2,Cloudy,Wet,Daylight
2023-12-23T04:30:00.000,I 20,,,Not a Collision with Motor Vehicle,1,Clear,Dry,Dark-Not Lighted
2023-12-29T18:02:00.000,I 20,,,Rear End,2,Clear,Dry,Dark-Lighted
2023-11-07T17:00:00.000,I 75,,,Rear End,3,Clear,Dry,Daylight
2023-09-27T18:01:00.000,I-75,,,Sideswipe-Same Direction,2,Cloudy,Dry,Daylight
2023-03-12T07:50:00.000,I 20,,,Not a Collision with Motor Vehicle,1,Rain,Wet,Dawn
2023-03-16T16:25:00.000,I 75,,,Rear End,2,Clear,Dry,Daylight
2023-08-26T23:04:00.000,I-75,,,Sideswipe-Opposite Direction,2,Clear,Dry,Dark-Not Lighted
2023-06-29T12:17:00.000,I 285,,,Sideswipe-Same Direction,2,Clear,Dry,Daylight
2023-08-23T14:00:00.000,I-75,,,Sideswipe-Same Direction,2,Clear,Dry,Daylight
2023-07-01T20:24:00.000,I 75,,,Not a Collision with Motor Vehicle,1,Clear,Wet,Daylight
2023-05-27T11:25:00.000,I 85,,,Not a Collision with Motor Vehicle,1,Clear,Dry,Daylight
2023-04-28T11:30:00.000,I 285,,,Rear End,2,Clear,Dry,Daylight
2023-12-14T16:24:00.000,I 75,,,Rear End,2,Clear,Dry,Daylight
2023-11-27T13:00:00.000,I 85,,,Sideswipe-Same Direction,2,Clear,Dry,Daylight
2023-12-25T18:21:00.000,I 20,,,Sideswipe-Same Direction,2,Rain,Wet,Dark-Not Lighted
2023-09-13T11:00:00.000,I-75,,,Rear End,2,Cloudy,Dry,Daylight
2023-01-30T07:36:00.000,I 285,,,Not a Collision with Motor Vehicle,1,Fog,Wet,Dusk
2023-03-03T19:45:00.000,I 75,,,Rear End,2,Clear,Dry,Dark-Not Lighted
2023-11-25T09:45:00.000,I 75,,,Rear End,3,Clear,Dry,Daylight
2023-07-23T17:00:00.000,I 85,,,Rear End,4,Clear,Dry,Daylight
2023-06-13T11:38:00.000,I 20,,,Rear End,3,Clear,Dry,Daylight
2023-10-21T11:15:00.000,I-75,,,Sideswipe-Same Direction,2,Clear,Dry,Daylight
2023-03-31T13:40:00.000,I 95,,,Rear End,2,Cloudy,Dry,Daylight
2023-04-08T10:07:00.000,I-75,,,Sideswipe-Same Direction,2,Rain,Water (standing or moving),Daylight
2023-09-10T16:58:00.000,I 16,,,Sideswipe-Same Direction,2,Clear,Dry,Daylight
2023-03-06T05:46:00.000,I 75,,,Sideswipe-Same Direction,2,Clear,Dry,Dark-Not Lighted
2023-05-14T05:20:00.000,I 16,,,Sideswipe-Same Direction,3,Clear,Dry,Dawn
2023-10-01T20:40:00.000,I 20,,,Not a Collision with Motor Vehicle,1,Clear,Dry,Dark-Not Lighted
2023-10-25T06:00:00.000,I-75,,,Sideswipe-Same Direction,2,Clear,Dry,Dark-Lighted
2023-11-30T00:00:00.000,I 95,,,Sideswipe-Same Direction,2,Clear,Dry,Daylight
2023-06-01T05:50:00.000,I 16,,,Not a Collision with Motor Vehicle,2,Clear,Sand,Dawn
2023-04-26T07:30:00.000,I-75,,,Sideswipe-Same Direction,4,Clear,Dry,Dark-Not Lighted
2023-11-12T11:38:00.000,I 85,,,Not a Collision with Motor Vehicle,1,Cloudy,Dry,Daylight
2023-09-21T07:35:00.000,I 85,,,Rear End,2,Cloudy,Dry,Daylight
2023-02-11T18:44:00.000,I 75,,,Not a Collision with Motor Vehicle,1,Rain,Wet,Dark-Not Lighted
2023-12-09T07:26:00.000,I 285,,,Sideswipe-Same Direction,2,Rain,Wet,Dusk
2023-09-15T12:45:00.000,I 75,,,Rear End,2,Clear,Dry,Daylight
2023-07-20T08:00:00.000,I 85,,,Rear End,2,Clear,Dry,Daylight
2023-03-26T08:21:00.000,I 20,,,Not a Collision with Motor Vehicle,1,Rain,Water (standing or moving),Dawn
2023-03-03T20:56:00.000,I 75,,,Rear End,2,Cloudy,Water (standing or moving),Dark-Not Lighted
2023-01-15T19:00:00.000,I-75,,,Rear End,2,Rain,Water (standing or moving),Dark-Not Lighted
2023-02-07T15:04:00.000,I 85,,,Rear End,2,Clear,Dry,Daylight
2023-08-12T12:50:00.000,I 85,,,Sideswipe-Same Direction,2,Clear,Dry,Daylight
2023-07-10T09:41:00.000,I 20,,,Rear End,2,Rain,Wet,Daylight
2023-01-31T09:14:00.000,I 75,,,Rear End,2,Cloudy,Dry,Daylight
2023-06-09T16:13:00.000,I 20,,,Rear End,2,Clear,Dry,Daylight
2023-04-06T14:20:00.000,I 75,,,Rear End,8,Cloudy,Dry,Daylight
2023-06-12T00:00:00.000,I 285,,,Rear End,2,Clear,Dry,Dark-Lighted
2023-02-15T19:31:00.000,I-75,,,Rear End,2,Cloudy,Dry,Dark-Lighted
2023-08-11T19:55:00.000,I 285,,,Rear End,2,Clear,Dry,Daylight
2023-11-04T03:01:00.000,I 285,,,Angle Crash,2,Clear,Dry,Dark-Not Lighted
2023-05-28T12:50:00.000,I 20,,,Sideswipe-Opposite Direction,2,Clear,Dry,Daylight
2023-06-09T10:22:00.000,I 20,,,Sideswipe-Same Direction,2,Clear,Dry,Daylight
2023-12-12T19:03:00.000,I 85,,,Rear End,2,Clear,Dry,Daylight
2023-02-25T00:00:00.000,I 20,,,Rear End,3,Clear,Dry,Daylight
2023-08-21T13:04:00.000,I 85,,,Sideswipe-Same Direction,2,Clear,Dry,Daylight
2023-02-21T13:55:00.000,I 285,,,Not a Collision with Motor Vehicle,1,Rain,Wet,Daylight
2023-01-21T20:58:00.000,I-75,,,Rear End,3,Rain,Wet,Dark-Lighted
2023-02-22T15:23:00.000,I 285,,,Rear End,2,Clear,Dry,Daylight
2023-05-15T13:47:00.000,I 75,,,Sideswipe-Same Direction,2,Cloudy,Dry,Daylight
2023-11-10T18:28:00.000,I 20,,,Rear End,2,Cloudy,Dry,Dark-Not Lighted
2023-03-23T13:00:00.000,I 285,,,Sideswipe-Same Direction,2,Clear,Dry,Daylight
2023-05-08T16:30:00.000,I 20,,,Rear End,2,Clear,Dry,Daylight
2023-10-17T06:19:00.000,I 75,,,Sideswipe-Same Direction,2,Clear,Dry,Daylight
2023-12-20T18:50:00.000,I 85,,,Rear End,3,Clear,Dry,Daylight
2023-05-27T16:40:00.000,I-75,,,Angle Crash,3,Clear,Dry,Daylight
2023-03-10T14:39:00.000,I 75,,,Rear End,3,Clear,Dry,Daylight
2023-05-21T04:49:00.000,I 16,,,Not a Collision with Motor Vehicle,1,Rain,Wet,Dark-Not Lighted
2023-04-04T17:15:00.000,I 85,,,Not a Collision with Motor Vehicle,1,Cloudy,Dry,Daylight
2023-10-25T06:00:00.000,I-75,,,Sideswipe-Same Direction,2,Clear,Dry,Dark-Lighted
2023-08-20T03:23:00.000,I 75,,,Not a Collision with Motor Vehicle,1,Clear,Dry,Dark-Not Lighted
2023-06-02T18:30:00.000,I 75,,,Not a Collision with Motor Vehicle,1,Clear,Dry,Daylight
2023-12-10T12:30:00.000,I-75,,,Rear End,2,Rain,Water (standing or moving),Daylight
2023-07-27T14:55:00.000,I 75,,,Sideswipe-Same Direction,2,Clear,Dry,Daylight
2023-03-19T00:20:00.000,I-75,,,Rear End,3,Clear,Dry,Dark-Lighted
2023-01-07T12:22:00.000,I 75,,,Sideswipe-Same Direction,2,Clear,Dry,Daylight
2023-11-11T03:30:00.000,I 285,,,Not a Collision with Motor Vehicle,1,Rain,Wet,Dark-Not Lighted
2023-01-23T15:25:00.000,I-75,,,Sideswipe-Same Direction,2,Clear,Dry,Daylight
2023-08-27T01:00:00.000,I-75,,,Rear End,2,Clear,Dry,Dark-Lighted
2023-03-28T09:17:00.000,I 75,,,Not a Collision with Motor Vehicle,1,Clear,Dry,Daylight
2023-12-25T13:59:00.000,I-75,,,Not a Collision with Motor Vehicle,1,Rain,Wet,Daylight
2023-06-05T08:00:00.000,I 75,,,Not a Collision with Motor Vehicle,1,Clear,Dry,Daylight
2023-11-24T16:30:00.000,I 85,,,Rear End,2,Clear,Dry,Daylight
2023-11-17T21:17:00.000,I-75,,,Angle Crash,5,Clear,Dry,Dark-Lighted
2023-02-15T19:06:00.000,I 85,,,Angle Crash,2,Clear,Dry,Dark-Not Lighted
2023-02-14T16:30:00.000,I 85,,,Rear End,2,Clear,Dry,Daylight
2023-12-09T21:37:00.000,I-75,,,Sideswipe-Same Direction,2,Rain,Wet,Dark-Lighted
2023-12-10T14:39:00.000,I 75,,,Rear End,2,Rain,Wet,Daylight
2023-01-30T22:53:00.000,I 75,,,Angle Crash,3,Cloudy,Dry,Dark-Lighted
2023-07-18T07:15:00.000,I 75,,,Sideswipe-Same Direction,2,Clear,Dry,Daylight
2023-01-02T13:42:00.000,I 95,,,Rear End,4,Clear,Dry,Daylight
2023-10-07T03:00:00.000,I-75,,,Sideswipe-Same Direction,4,Clear,Dry,Dark-Lighted
2023-10-10T11:33:00.000,I 75,,,Rear End,3,Clear,Dry,Daylight
2023-11-28T19:15:00.000,I 85,,,Rear End,2,Clear,Dry,Dark-Lighted
2023-06-25T21:07:00.000,I 75,,,Not a Collision with Motor Vehicle,1,Rain,Wet,Dark-Not Lighted
2023-10-28T17:44:00.000,I-75,,,Sideswipe-Same Direction,3,Clear,Dry,Daylight
2023-12-26T00:00:00.000,I 20,,,Rear End,3,Rain,Wet,Daylight
2023-01-10T14:08:00.000,I 75,,,Sideswipe-Same Direction,2,Clear,Dry,Daylight
2023-09-30T07:24:00.000,I 20,,,Rear End,2,Clear,Dry,Dawn
2023-05-18T15:30:00.000,I 85,,,Angle Crash,2,Cloudy,Dry,Daylight
2023-03-01T14:59:00.000,I 75,,,Sideswipe-Same Direction,3,Cloudy,Dry,Daylight
2023-06-22T08:17:00.000,I 75,,,Angle Crash,2,Rain,Wet,Daylight
2023-12-18T17:50:00.000,I 20,,,Rear End,2,Clear,Dry,Dark-Not Lighted
2023-10-19T11:30:00.000,I 75,,,Sideswipe-Same Direction,2,Clear,Dry,Daylight
2023-06-22T06:43:00.000,I 75,,,Sideswipe-Same Direction,2,Clear,Wet,Daylight
2023-11-13T19:29:00.000,I 75,,,Sideswipe-Same Direction,2,Clear,Dry,Dark-Lighted
2023-03-31T16:46:00.000,I 285,,,Rear End,2,Clear,Dry,Daylight
2023-05-30T10:55:00.000,I 285,,,Rear End,2,Clear,Dry,Daylight
2023-04-27T21:40:00.000,I-75,,,Sideswipe-Opposite Direction,2,Clear,Dry,Dark-Lighted
2023-04-19T08:01:00.000,I 75,,,Angle Crash,2,Clear,Dry,Daylight
2023-09-20T17:18:00.000,I-75,,,Rear End,2,Clear,Dry,Daylight
2023-11-22T23:37:00.000,I 85,,,Rear End,2,Clear,Dry,Dark-Lighted
2023-08-12T18:46:00.000,I 20,,,Not a Collision with Motor Vehicle,1,Rain,Wet,Daylight
2023-06-10T19:02:00.000,I 85,,,Not a Collision with Motor Vehicle,1,Clear,Dry,Daylight
2023-05-27T09:15:00.000,I-75,,,Sideswipe-Same Direction,2,Clear,Dry,Daylight
2023-05-27T17:13:00.000,I 20,,,Not a Collision with Motor Vehicle,1,Rain,Wet,Daylight
2023-12-29T14:41:00.000,I 75,,,Rear End,2,Cloudy,Dry,Daylight
2023-01-13T23:12:00.000,I 285,,,Angle Crash,2,Clear,Dry,Dark-Lighted
2023-02-26T12:23:00.000,I 285,,,Sideswipe-Same Direction,2,Clear,Dry,Daylight
2023-10-04T14:30:00.000,I-75,,,Rear End,2,Cloudy,Dry,Daylight
2023-07-25T19:03:00.000,I-75,,,Not a Collision with Motor Vehicle,1,Clear,Dry,Daylight
2023-04-20T18:15:00.000,I 20,,,Sideswipe-Same Direction,2,Clear,Dry,Daylight
2023-07-06T17:24:00.000,I 16,,,Rear End,2,Clear,Dry,Daylight
2023-09-21T09:00:00.000,I-75,,,Rear End,2,Clear,Dry,Daylight
2023-11-14T17:03:00.000,I 75,,,(None),2,(None),(None),(None)
2023-05-22T15:45:00.000,I 75,,,Sideswipe-Same Direction,2,Rain,Wet,Daylight
2023-10-16T12:01:00.000,I 75,,,Sideswipe-Same Direction,2,Cloudy,Dry,Daylight
2023-10-27T08:46:00.000,I 285,,,Rear End,4,Clear,Dry,Daylight
2023-06-15T16:58:00.000,I 75,,,Rear End,4,Rain,Wet,Daylight
2023-05-24T08:21:00.000,I-75,,,Rear End,2,Clear,Dry,Daylight
2023-04-18T06:53:00.000,I 75,,,Head On,2,Clear,Dry,Dark-Lighted
2023-04-07T12:13:00.000,I 75,,,Sideswipe-Same Direction,2,Clear,Dry,Daylight
2023-05-13T17:00:00.000,I-75,,,Sideswipe-Same Direction,2,Clear,Dry,Daylight
2023-08-26T20:04:00.000,I 20,,,Angle Crash,2,Cloudy,Dry,Dark-Not Lighted
2023-12-28T08:42:00.000,I 75,,,Not a Collision with Motor Vehicle,1,Clear,Dry,Daylight
2024-06-28T17:25:00.000,I 285,,,Sideswipe-Same Direction,2,Clear,Dry,Daylight
2024-06-22T20:08:00.000,I 20,,,Rear End,2,Clear,Dry,Daylight
2024-12-07T19:48:00.000,I 85,,,Rear End,2,Clear,Dry,Dark-Lighted
2024-01-20T13:38:00.000,I 285,,,Sideswipe-Same Direction,2,Clear,Dry,Daylight
2024-03-01T17:13:00.000,I 20,,,Not a Collision with Motor Vehicle,1,Rain,Wet,Dusk
2024-03-25T08:40:00.000,I 75,,,Rear End,2,Cloudy,Dry,Daylight
2024-10-07T14:43:00.000,I 95,,,Sideswipe-Same Direction,2,Clear,Dry,Daylight
2024-02-13T18:16:00.000,I 20,,,Angle Crash,2,Clear,Dry,Dark-Not Lighted
2024-04-02T08:38:00.000,I 20,,,Rear End,2,Cloudy,Dry,Daylight
2024-03-16T17:31:00.000,I-75,,,Rear End,2,Clear,Dry,Daylight
2024-04-01T14:42:00.000,I 75,,,Not a Collision with Motor Vehicle,1,Cloudy,Dry,Daylight
2024-05-21T14:08:00.000,I 20,,,Rear End,2,Clear,Dry,Daylight
2024-09-14T10:22:00.000,I 285,,,Rear End,2,Cloudy,Wet,Dark-Lighted
2024-12-11T07:53:00.000,I 75,,,Head On,1,Rain,Wet,Daylight
2024-09-07T14:12:00.000,I 75,,,Rear End,2,Clear,Dry,Daylight
2024-11-24T19:10:00.000,I 85,,,Rear End,2,Clear,Dry,Dark-Not Lighted
2024-09-12T13:34:00.000,I 16,,,Angle Crash,2,Rain,Wet,Daylight
2024-06-16T18:17:00.000,I 285,,,Sideswipe-Same Direction,2,Clear,Dry,Daylight
2023-09-09T13:44:00.000,I-75,,,Sideswipe-Same Direction,2,Clear,Dry,Daylight
2023-12-10T02:40:00.000,I 16,,,Not a Collision with Motor Vehicle,2,Clear,Dry,Dark-Not Lighted
2023-07-13T23:00:00.000,I-75,,,Rear End,2,Clear,Dry,Dark-Lighted
2024-03-21T20:40:00.000,I-75,,,Rear End,3,Clear,Dry,Dark-Lighted
2024-11-16T04:21:00.000,I 85,,,Rear End,2,Clear,Dry,Dark-Lighted
2024-07-10T08:59:00.000,I 16,,,Rear End,2,Clear,Dry,Daylight
2024-01-01T09:54:00.000,I 20,,,Not a Collision with Motor Vehicle,1,Cloudy,Dry,Daylight
2024-07-13T14:33:00.000,I 75,,,Sideswipe-Same Direction,2,Clear,Dry,Daylight
2023-03-06T09:48:00.000,I 16,,,Sideswipe-Same Direction,2,Clear,Dry,Daylight
2023-09-08T14:15:00.000,I 16,,,Rear End,2,Clear,Dry,Daylight
2023-07-06T18:00:00.000,I 85,,,Rear End,2,Clear,Dry,Daylight
2023-10-17T12:45:00.000,I 75,,,Rear End,2,Clear,Dry,Daylight
2023-03-09T14:30:00.000,I 285,,,Rear End,2,Cloudy,Dry,Daylight
2024-06-06T15:54:00.000,I 285,,,Rear End,2,Clear,Dry,Daylight
2024-07-11T14:34:00.000,I 75,,,Sideswipe-Same Direction,2,Clear,Dry,Daylight
2024-05-06T08:24:00.000,I 75,,,Sideswipe-Same Direction,2,Cloudy,Dry,Daylight
2024-02-12T02:32:00.000,I-75,,,Not a Collision with Motor Vehicle,1,Rain,Wet,Dark-Lighted
2024-10-20T16:04:00.000,I 285,,,Rear End,3,Clear,Dry,Daylight
2024-12-06T23:22:00.000,I 285,,,Sideswipe-Same Direction,2,Clear,Dry,Dark-Lighted
2024-04-18T12:15:00.000,I 75,,,Sideswipe-Same Direction,2,Clear,Dry,Daylight
2024-08-09T07:10:00.000,I 285,,,Sideswipe-Same Direction,2,Clear,Dry,Daylight
2024-01-10T06:50:00.000,I 285,,,Rear End,2,Clear,Dry,Daylight
2024-02-16T22:30:00.000,I 285,,,Angle Crash,2,Clear,Dry,Dark-Lighted
2024-06-27T09:15:00.000,I 285,,,Angle Crash,3,Clear,Dry,Daylight
2024-01-22T16:20:00.000,I 85,,,Rear End,2,Clear,Dry,Daylight
2024-03-24T17:00:00.000,I 75,,,Rear End,2,Clear,Dry,Daylight
2024-03-19T00:00:00.000,I 20,,,Sideswipe-Same Direction,2,Clear,Dry,Daylight
2024-10-23T17:18:00.000,I 85,,,Rear End,2,Clear,Dry,Daylight
2024-12-22T13:53:00.000,I 95,,,Rear End,2,Clear,Dry,Daylight
2024-08-06T12:51:00.000,I-75,,,Not a Collision with Motor Vehicle,2,Clear,Dry,Daylight
2024-01-29T06:25:00.000,I 20,,,Not a Collision with Motor Vehicle,1,Cloudy,Dry,Dark-Not Lighted
2024-08-20T16:35:00.000,I 285,,,Angle Crash,2,Clear,Dry,Daylight
2024-10-02T16:46:00.000,I 85,,,Sideswipe-Same Direction,2,Clear,Dry,Daylight
2024-08-28T02:38:00.000,I 75,,,Not a Collision with Motor Vehicle,1,Clear,Dry,Dark-Lighted
2024-01-27T10:10:00.000,I 20,,,Not a Collision with Motor Vehicle,1,Rain,Wet,Daylight
2024-12-09T15:50:00.000,I 16,,,Not a Collision with Motor Vehicle,1,Rain,Wet,Daylight
2024-01-23T05:55:00.000,I 75,,,Rear End,2,Rain,Wet,Dark-Lighted
2024-04-02T10:44:00.000,I 20,,,Sideswipe-Same Direction,3,Clear,Dry,Daylight
2024-02-15T17:30:00.000,I 75,,,Not a Collision with Motor Vehicle,1,Clear,Dry,Daylight
2024-07-09T07:52:00.000,I 75,,,Rear End,2,Clear,Dry,Daylight
2024-02-11T19:31:00.000,I 75,,,Not a Collision with Motor Vehicle,1,Rain,Wet,Dark-Lighted
2024-09-09T08:37:00.000,I 20,,,Rear End,3,Clear,Dry,Daylight
2024-10-18T23:58:00.000,I 20,,,Not a Collision with Motor Vehicle,1,Clear,Dry,Dark-Lighted
2024-04-11T16:31:00.000,I 16,,,Not a Collision with Motor Vehicle,1,Clear,Dry,Daylight
2024-01-11T19:05:00.000,I 75,,,Rear End,2,Clear,Dry,Dark-Lighted
2024-09-07T20:14:00.000,I 285,,,Not a Collision with Motor Vehicle,1,Clear,Dry,Dark-Lighted
2024-03-16T21:23:00.000,I-75,,,Sideswipe-Same Direction,2,Clear,Dry,Dark-Not Lighted
2024-03-30T13:35:00.000,I 85,,,Sideswipe-Same Direction,2,Clear,Dry,Daylight
2024-02-14T13:00:00.000,I 20,,,Sideswipe-Same Direction,2,Clear,Dry,Daylight
2024-02-12T09:01:00.000,I 20,,,Not a Collision with Motor Vehicle,1,Rain,Wet,Daylight
2024-05-29T17:43:00.000,I 75,,,Rear End,2,Clear,Dry,Daylight
2024-11-20T23:35:00.000,I 75,,,Sideswipe-Same Direction,2,Cloudy,Dry,Dark-Lighted
2024-01-31T15:45:00.000,I 85,,,Rear End,2,Clear,Dry,Daylight
2024-03-01T07:20:00.000,I 85,,,Rear End,2,Rain,Wet,Daylight
2024-11-05T17:17:00.000,I 75,,,Rear End,2,Clear,Dry,Daylight
2024-02-08T15:30:00.000,I 85,,,Not a Collision with Motor Vehicle,1,Clear,Dry,Dark-Not Lighted
2024-10-31T23:10:00.000,I 285,,,Not a Collision with Motor Vehicle,1,Clear,Dry,Dark-Not Lighted
2024-02-10T23:00:00.000,I-75,,,Angle Crash,2,Clear,Dry,Dark-Lighted
2024-10-16T18:12:00.000,I 75,,,Sideswipe-Same Direction,2,Clear,Dry,Daylight
2024-03-01T14:03:00.000,I 85,,,Angle Crash,3,Rain,Wet,Daylight
2024-07-25T00:29:00.000,I 85,,,Sideswipe-Same Direction,2,Clear,Wet,Dark-Lighted
2024-07-16T14:10:00.000,I 85,,,Rear End,2,Clear,Dry,Daylight
2024-06-07T14:10:00.000,I 85,,,Rear End,2,Clear,Dry,Daylight