Date and Time,Roadway (From Crash Report),Intersection Name (from Crash Report),KABCO Severity,Manner of Collision (Crash Level) ,# of Vehicles per crash ,Weather Conditions (Crash Level),Surface Condition (Crash Level) ,Light Conditions (Crash Level)
2024-04-16T18:46:00.000,I 85,,,Rear End,3,Clear,Dry,Daylight
2024-10-01T14:10:00.000,I 75,,,Rear End,2,Cloudy,Dry,Daylight
2024-07-07T18:39:00.000,I 75,,,Rear End,2,Clear,Dry,Daylight
2024-06-09T15:17:00.000,I 285,,,Rear End,2,Clear,Dry,Daylight
2024-04-27T14:30:00.000,I-75,,,Rear End,2,Cloudy,Dry,Daylight
2024-07-23T15:00:00.000,I 85,,,Sideswipe-Same Direction,2,Clear,Dry,Daylight
2024-09-16T22:34:00.000,I 20,,,Rear End,2,Clear,Dry,Dark-Lighted
2024-05-28T18:56:00.000,I 285,,,Sideswipe-Same Direction,2,Cloudy,Dry,Daylight
2024-11-21T12:30:00.000,I 85,,,Not a Collision with Motor Vehicle,1,Clear,Dry,Daylight
2024-11-18T19:57:00.000,I 20,,,Angle Crash,2,Clear,Dry,Dark-Not Lighted
2024-06-04T16:10:00.000,I 85,,,Sideswipe-Same Direction,2,Clear,Dry,Daylight
2024-10-05T17:30:00.000,I-75,,,Rear End,3,Clear,Dry,Daylight
2024-03-31T20:05:00.000,I 20,,,Angle Crash,2,Clear,Dry,Dark-Not Lighted
2024-04-18T13:15:00.000,I 285,,,Rear End,2,Clear,Dry,Daylight
2024-05-09T12:43:00.000,I 75,,,Not a Collision with Motor Vehicle,1,Rain,Wet,Daylight
2024-04-22T05:01:00.000,I 20,,,Not a Collision with Motor Vehicle,1,Clear,Dry,Dark-Lighted
2024-07-27T00:40:00.000,I 285,,,Rear End,4,Clear,Wet,Dark-Not Lighted
2024-11-09T03:00:00.000,I 75,,,Not a Collision with Motor Vehicle,1,Clear,Dry,Dark-Not Lighted
2024-02-17T02:16:00.000,I 285,,,Sideswipe-Same Direction,2,Clear,Dry,Dark-Lighted
2024-12-17T16:29:00.000,I 285,,,Angle Crash,2,Clear,Dry,Daylight
2024-11-03T13:27:00.000,I 75,,,Sideswipe-Same Direction,2,Cloudy,Dry,Daylight
2024-05-19T13:15:00.000,I 16,,,Not a Collision with Motor Vehicle,1,Rain,Wet,Daylight
2024-11-19T20:21:00.000,I 20,,,Angle Crash,2,Rain,Wet,Dark-Not Lighted
2024-03-30T19:20:00.000,I 95,,,Rear End,2,Clear,Dry,Daylight
2024-08-09T08:00:00.000,I 285,,,Rear End,2,Clear,Dry,Daylight
2024-03-29T13:30:00.000,I 75,,,Sideswipe-Same Direction,2,Clear,Dry,Daylight
2024-10-14T09:25:00.000,I 75,,,Rear End,2,Clear,Dry,Daylight
2024-02-02T04:45:00.000,I-75,,,Sideswipe-Same Direction,2,Clear,Dry,Dark-Lighted
2024-03-16T12:26:00.000,I 75,,,Rear End,2,Cloudy,Dry,Daylight
2024-04-21T00:05:00.000,I-75,,,Angle Crash,2,Rain,Wet,Dark-Lighted
2024-11-22T10:40:00.000,I 75,,,Sideswipe-Same Direction,2,Clear,Dry,Daylight
2024-07-10T06:15:00.000,I 75,,,Not a Collision with Motor Vehicle,1,Cloudy,Dry,Dark-Not Lighted
2024-09-11T15:47:00.000,I-75,,,Rear End,2,Clear,Dry,Daylight
2024-07-20T08:35:00.000,I 285,,,Sideswipe-Same Direction,2,Cloudy,Dry,Daylight
2024-12-02T16:30:00.000,I 285,,,Rear End,2,Clear,Dry,Daylight
2024-07-02T12:16:00.000,I 20,,,Angle Crash,2,Clear,Dry,Daylight
2024-01-07T08:00:00.000,I 75,,,Sideswipe-Same Direction,2,Cloudy,Dry,Daylight
2024-05-21T01:08:00.000,I 16,,,Not a Collision with Motor Vehicle,1,Clear,Dry,Dark-Lighted
2024-09-13T05:20:00.000,I-75,,,Sideswipe-Same Direction,2,Clear,Wet,Dark-Lighted
2024-02-16T08:00:00.000,I-75,,,Sideswipe-Same Direction,2,Clear,Dry,Daylight
2024-04-17T09:50:00.000,I 85,,,Rear End,2,Cloudy,Dry,Daylight
2024-08-19T16:23:00.000,I 85,,,Rear End,2,Clear,Dry,Daylight
2024-09-09T13:54:00.000,I 85,,,Not a Collision with Motor Vehicle,1,Clear,Dry,Daylight
2024-12-02T10:47:00.000,I 20,,,Sideswipe-Same Direction,2,Clear,Dry,Daylight
2024-10-26T01:30:00.000,I 85,,,Sideswipe-Same Direction,2,Clear,Dry,Dark-Not Lighted
2024-01-06T18:48:00.000,I 16,,,Rear End,2,Clear,Dry,Dark-Lighted
2024-10-13T23:14:00.000,I-75,,,Sideswipe-Same Direction,2,Clear,Dry,Dark-Lighted
2024-01-13T14:13:00.000,I-75,,,Angle Crash,2,Clear,Dry,Daylight
2024-09-25T11:15:00.000,I 75,,,Not a Collision with Motor Vehicle,1,Rain,Wet,Daylight
2024-07-08T01:59:00.000,I 75,,,Sideswipe-Same Direction,2,Rain,Wet,Dark-Lighted
2024-06-23T00:00:00.000,I 75,,,Not a Collision with Motor Vehicle,1,Clear,Dry,Daylight
2024-04-27T20:54:00.000,I 285,,,Rear End,2,Clear,Dry,Dark-Lighted
2024-06-12T12:45:00.000,I 85,,,Sideswipe-Same Direction,2,Clear,Dry,Daylight
2024-02-19T10:05:00.000,I 75,,,Not a Collision with Motor Vehicle,1,Clear,Dry,Daylight
2024-07-26T17:47:00.000,I 75,,,Not a Collision with Motor Vehicle,1,Clear,Dry,Daylight
2024-10-27T03:08:00.000,I 20,,,Sideswipe-Same Direction,2,Clear,Dry,Dark-Lighted
2024-10-26T12:30:00.000,I 285,,,Sideswipe-Same Direction,2,Clear,Dry,Daylight
2024-04-16T17:18:00.000,I 95,,,Not a Collision with Motor Vehicle,1,Clear,Dry,Daylight
2024-03-25T04:11:00.000,I 85,,,Angle Crash,2,Clear,Dry,Dark-Not Lighted
2024-06-26T13:00:00.000,I 16,,,Sideswipe-Same Direction,2,Clear,Dry,Daylight
2024-05-26T21:30:00.000,I-75,,,Rear End,2,Clear,Dry,Dark-Not Lighted
2024-02-01T08:54:00.000,I 75,,,Rear End,2,Clear,Dry,Daylight
2024-04-29T13:23:00.000,I 75,,,Not a Collision with Motor Vehicle,2,Cloudy,Dry,Daylight
2024-02-29T10:43:00.000,I 75,,,Angle Crash,2,Cloudy,Dry,Daylight
2024-12-21T16:25:00.000,I 75,,,Sideswipe-Same Direction,2,Clear,Dry,Daylight
2024-05-22T16:39:00.000,I 85,,,Sideswipe-Same Direction,2,Clear,Dry,Daylight
2024-10-05T09:41:00.000,I 85,,,Sideswipe-Same Direction,2,Clear,Dry,Daylight
2024-06-13T00:00:00.000,I 285,,,Rear End,2,Clear,Dry,Daylight
2024-11-11T08:40:00.000,I 75,,,Rear End,2,Cloudy,Wet,Daylight
2024-12-11T18:24:00.000,I 85,,,Sideswipe-Same Direction,2,Clear,Dry,Dark-Not Lighted
2024-02-19T11:03:00.000,I 16,,,Sideswipe-Same Direction,2,Clear,Dry,Daylight
2024-08-01T16:00:00.000,I 75,,,Angle Crash,1,Clear,Dry,Daylight
2024-03-05T10:36:00.000,I 85,,,Not a Collision with Motor Vehicle,1,Rain,Wet,Daylight
2024-03-02T12:35:00.000,I 75,,,Not a Collision with Motor Vehicle,1,Cloudy,Dry,Daylight
2024-05-17T19:06:00.000,I 285,,,Angle Crash,2,Cloudy,Dry,Daylight
2024-04-23T09:00:00.000,I 20,,,Rear End,3,Clear,Dry,Daylight
2024-04-26T17:00:00.000,I-75,,,Sideswipe-Same Direction,3,Clear,Dry,Dusk
2024-01-29T07:37:00.000,I 75,,,Sideswipe-Same Direction,2,Clear,Dry,Daylight
2024-09-29T16:10:00.000,I 85,,,Rear End,2,Cloudy,Dry,Daylight
2024-07-19T09:22:00.000,I 95,,,Rear End,2,Cloudy,Dry,Daylight
2024-08-25T22:18:00.000,I-75,,,Sideswipe-Same Direction,2,Clear,Dry,Dark-Lighted
2024-05-13T14:55:00.000,I 16,,,Angle Crash,2,Rain,Wet,Daylight
2024-03-16T06:15:00.000,I 75,,,Not a Collision with Motor Vehicle,1,Clear,Dry,Dawn
2024-11-03T12:17:00.000,I 285,,,Rear End,2,Cloudy,Wet,Daylight
2024-06-22T08:55:00.000,I 95,,,Sideswipe-Same Direction,2,Cloudy,Wet,Daylight
2024-05-01T09:26:00.000,I-75,,,Not a Collision with Motor Vehicle,2,Clear,Dry,Daylight
2024-10-17T08:45:00.000,I 285,,,Rear End,2,Clear,Dry,Daylight
2024-03-25T15:00:00.000,I 20,,,Rear End,2,Clear,Dry,Daylight
2024-08-30T10:00:00.000,I 75,,,Angle Crash,2,Clear,Dry,Daylight
2024-03-02T00:00:00.000,I 20,,,Rear End,2,Cloudy,Dry,Daylight
2024-11-01T01:15:00.000,I 75,,,Not a Collision with Motor Vehicle,1,Clear,Dry,Dark-Not Lighted
2024-11-16T11:21:00.000,I 75,,,Rear End,2,Clear,Dry,Daylight
2024-02-04T03:50:00.000,I 285,,,Angle Crash,3,Clear,Dry,Dark-Lighted
2024-05-10T18:11:00.000,I 20,,,Sideswipe-Same Direction,2,Clear,Dry,Daylight
2024-03-17T00:00:00.000,I-75,,,Sideswipe-Same Direction,2,Clear,Dry,Dark-Not Lighted
2024-02-12T13:00:00.000,I 20,,,Angle Crash,4,Rain,Wet,Daylight
2024-03-08T12:10:00.000,I 85,,,Sideswipe-Same Direction,2,Cloudy,Dry,Daylight
2024-11-04T22:00:00.000,I 285,,,Rear End,2,Clear,Dry,Dark-Not Lighted
2024-05-23T08:20:00.000,I-75,,,Rear End,2,Clear,Dry,Daylight
2024-05-17T16:01:00.000,I 20,,,Rear End,2,Cloudy,Dry,Daylight
2024-04-30T03:15:00.000,I-75,,,Sideswipe-Same Direction,2,Clear,Dry,Dark-Lighted
2024-09-09T06:54:00.000,I 85,,,Rear End,2,Clear,Dry,Daylight
2024-03-19T07:05:00.000,I 20,,,Rear End,2,Clear,Dry,Daylight
2024-12-20T17:12:00.000,I 85,,,Rear End,2,Clear,Dry,Daylight
2024-05-02T14:30:00.000,I 285,,,Rear End,2,Clear,Dry,Daylight
2024-07-14T13:34:00.000,I 75,,,Angle Crash,2,Clear,Dry,Daylight
2024-02-19T16:02:00.000,I-75,,,Sideswipe-Same Direction,2,Clear,Dry,Daylight
2024-04-24T05:13:00.000,I 75,,,Not a Collision with Motor Vehicle,1,Clear,Dry,Dark-Not Lighted
2024-01-16T14:08:00.000,I 285,,,Rear End,2,Cloudy,Dry,Daylight
2024-01-30T19:55:00.000,I 75,,,Sideswipe-Same Direction,2,Clear,Dry,Daylight
2024-08-02T21:45:00.000,I-75,,,Rear End,2,Clear,Dry,Dark-Lighted
2024-11-03T14:00:00.000,I-75,,,Rear End,3,Cloudy,Dry,Daylight
2024-01-29T18:01:00.000,I 75,,,Rear End,2,Clear,Dry,Dusk
2024-04-19T16:40:00.000,I 20,,,Rear End,2,Clear,Dry,Daylight
2024-09-03T05:10:00.000,I 20,,,Angle Crash,4,Clear,Dry,Dark-Not Lighted
2024-09-25T20:20:00.000,I 285,,,Sideswipe-Same Direction,2,Clear,Wet,Dark-Lighted
2024-01-18T21:54:00.000,I 85,,,Not a Collision with Motor Vehicle,2,Clear,Dry,Dark-Not Lighted
2024-05-14T08:33:00.000,I 85,,,Sideswipe-Same Direction,2,Cloudy,Wet,Daylight
2024-12-31T10:15:00.000,I 285,,,Sideswipe-Same Direction,2,Clear,Dry,Daylight
2024-01-25T06:40:00.000,I 75,,,Rear End,2,Rain,Wet,Dark-Not Lighted
2024-12-19T19:45:00.000,I 285,,,Angle Crash,2,Clear,Dry,Dark-Not Lighted
2024-04-01T01:53:00.000,I 75,,,Rear End,3,Clear,Dry,Dark-Not Lighted
2024-05-27T11:34:00.000,I 20,,,Sideswipe-Same Direction,2,Cloudy,Wet,Daylight
2024-08-10T13:00:00.000,I-75,,,Sideswipe-Same Direction,2,Clear,Dry,Daylight
2024-10-04T09:38:00.000,I 16,,,Not a Collision with Motor Vehicle,1,Clear,Dry,Daylight
2024-11-02T09:52:00.000,I 16,,,Sideswipe-Same Direction,2,Clear,Dry,Daylight
2024-01-09T05:56:00.000,I 85,,,Angle Crash,1,Rain,Wet,Dark-Not Lighted
2024-09-27T20:06:00.000,I 95,,,Sideswipe-Same Direction,2,Clear,Dry,Dark-Not Lighted
2024-08-10T23:50:00.000,I-75,,,Sideswipe-Same Direction,2,Clear,Dry,Dark-Lighted
2024-11-27T20:14:00.000,I 75,,,Sideswipe-Same Direction,2,Clear,Dry,Dark-Lighted
2024-11-23T18:00:00.000,I 75,,,Rear End,4,Clear,Dry,Dusk
2024-03-02T06:36:00.000,I 75,,,Sideswipe-Same Direction,2,Rain,Wet,Daylight
2024-06-07T15:50:00.000,I 85,,,Sideswipe-Same Direction,2,Clear,Dry,Daylight
2024-02-05T06:51:00.000,I 20,,,Angle Crash,3,Cloudy,Dry,Dawn
2024-12-19T02:24:00.000,I 20,,,Rear End,2,Clear,Dry,Dark-Not Lighted
2024-11-02T19:30:00.000,I-75,,,Rear End,3,Clear,Dry,Dark-Lighted
2024-05-05T20:50:00.000,I 85,,,Sideswipe-Same Direction,2,Cloudy,Dry,Dark-Not Lighted
2024-11-20T07:50:00.000,I 75,,,Rear End,2,Cloudy,Wet,Daylight
2024-03-16T13:25:00.000,I 20,,,Rear End,2,Clear,Dry,Daylight
2024-08-30T17:38:00.000,I 85,,,Rear End,2,Rain,Wet,Daylight
2024-12-10T22:10:00.000,I 285,,,Not a Collision with Motor Vehicle,1,Rain,Wet,Dark-Not Lighted
2024-05-09T09:25:00.000,I 20,,,Not a Collision with Motor Vehicle,1,Rain,Wet,Daylight
2024-11-28T22:00:00.000,I 285,,,Not a Collision with Motor Vehicle,1,Clear,Dry,Dark-Lighted
2024-02-12T08:53:00.000,I 75,,,Not a Collision with Motor Vehicle,1,Rain,Water (standing or moving),Daylight
2024-09-10T10:44:00.000,I 95,,,Not a Collision with Motor Vehicle,1,Cloudy,Dry,Daylight
2024-07-22T12:55:00.000,I 285,,,Rear End,2,Cloudy,Dry,Daylight
2024-10-20T13:57:00.000,I 20,,,Rear End,2,Clear,Dry,Daylight
2024-12-27T08:06:00.000,I 75,,,Rear End,2,Rain,Wet,Daylight
2024-07-22T13:50:00.000,I 285,,,Not a Collision with Motor Vehicle,1,Clear,Dry,Daylight
2024-08-05T06:36:00.000,I 75,,,Rear End,2,Cloudy,Dry,Daylight
2024-09-04T07:06:00.000,I 85,,,Rear End,2,Clear,Dry,Daylight
2024-11-20T07:27:00.000,I 285,,,Sideswipe-Opposite Direction,2,Rain,Wet,Daylight
2024-09-26T17:54:00.000,I 85,,,Rear End,2,Rain,Wet,Daylight
2024-06-18T22:30:00.000,I 20,,,Not a Collision with Motor Vehicle,1,Clear,Dry,Dark-Not Lighted
2024-06-20T19:38:00.000,I 285,,,Sideswipe-Same Direction,2,Clear,Dry,Daylight
2024-09-28T01:52:00.000,I 85,,,Sideswipe-Same Direction,3,Clear,Dry,Dark-Lighted
2024-06-08T13:01:00.000,I 16,,,Angle Crash,2,Clear,Dry,Daylight
2024-11-30T23:15:00.000,I 285,,,Head On,2,Clear,Dry,Dark-Not Lighted
2024-10-31T19:44:00.000,I 85,,,Sideswipe-Same Direction,2,Clear,Dry,Dark-Lighted
2024-04-19T21:00:00.000,I-75,,,Rear End,2,Clear,Dry,Dark-Lighted
2024-07-24T23:44:00.000,I 20,,,Rear End,2,Cloudy,Wet,Dark-Not Lighted
2024-10-03T09:57:00.000,I 20,,,Angle Crash,2,Clear,Dry,Daylight
2024-01-26T07:30:00.000,I 285,,,Not a Collision with Motor Vehicle,2,Clear,Dry,Daylight
2024-11-22T19:20:00.000,I 85,,,Rear End,2,Clear,Dry,Dark-Not Lighted
2024-05-22T09:30:00.000,I-75,,,Rear End,2,Clear,Dry,Daylight
2024-07-01T17:40:00.000,I 95,,,Rear End,2,Cloudy,Wet,Daylight
2024-06-21T13:45:00.000,I 285,,,Rear End,2,Clear,Dry,Daylight
2024-05-04T20:20:00.000,I 16,,,Not a Collision with Motor Vehicle,1,Rain,Wet,Dark-Not Lighted
2024-09-23T20:05:00.000,I 85,,,Rear End,2,Clear,Dry,Dark-Not Lighted
2024-02-05T17:28:00.000,I 16,,,Sideswipe-Same Direction,2,Clear,Dry,Dark-Lighted
2024-07-30T12:11:00.000,I 285,,,Sideswipe-Same Direction,2,Clear,Dry,Daylight
2024-01-28T19:32:00.000,I 75,,,Not a Collision with Motor Vehicle,1,Cloudy,Dry,Dark-Not Lighted
2024-04-02T02:50:00.000,I-75,,,Sideswipe-Same Direction,2,Clear,Dry,Dark-Lighted
2024-10-01T12:55:00.000,I 20,,,Sideswipe-Same Direction,2,Clear,Dry,Daylight
2024-04-16T14:21:00.000,I 20,,,Not a Collision with Motor Vehicle,1,Clear,Dry,Daylight
2024-05-17T16:12:00.000,I 16,,,Rear End,2,Clear,Dry,Daylight
2024-10-14T13:30:00.000,I 20,,,Not a Collision with Motor Vehicle,2,Clear,Dry,Daylight
2024-02-12T13:12:00.000,I 285,,,Not a Collision with Motor Vehicle,1,Rain,Wet,Daylight
2024-01-29T15:50:00.000,I 285,,,Rear End,2,Clear,Dry,Daylight
2024-12-25T05:16:00.000,I 16,,,Not a Collision with Motor Vehicle,1,Clear,Dry,Dark-Lighted
2024-03-19T08:00:00.000,I 75,,,Sideswipe-Same Direction,2,Clear,Dry,Daylight
2024-06-07T00:00:00.000,I 85,,,Rear End,2,Clear,Dry,Daylight
2024-09-04T20:59:00.000,I 20,,,Rear End,2,Cloudy,Dry,Dark-Not Lighted
2024-01-14T13:02:00.000,I 285,,,Angle Crash,2,Clear,Dry,Daylight
2024-04-17T13:33:00.000,I 75,,,Sideswipe-Same Direction,2,Clear,Dry,Daylight
2024-04-20T17:32:00.000,I-75,,,Sideswipe-Same Direction,2,Clear,Dry,Daylight
2024-03-22T18:46:00.000,I 75,,,Rear End,2,Rain,Wet,Dark-Not Lighted
2024-07-04T01:20:00.000,I 85,,,Not a Collision with Motor Vehicle,1,Clear,Dry,Dark-Not Lighted
2024-10-10T22:30:00.000,I-75,,,Rear End,2,Clear,Dry,Dark-Lighted
2024-03-02T19:09:00.000,I-75,,,Angle,2,Clear,Dry,Dark-Lighted
2024-07-04T15:10:00.000,I 20,,,Not a Collision with Motor Vehicle,1,Clear,Dry,Daylight
2024-10-04T17:30:00.000,I 16,,,Rear End,2,Rain,Wet,Daylight
2024-07-25T18:10:00.000,I 75,,,Rear End,2,Clear,Dry,Daylight
2024-03-16T13:20:00.000,I 85,,,Sideswipe-Same Direction,2,Clear,Dry,Daylight
2024-08-04T20:00:00.000,I 285,,,Rear End,2,Clear,Dry,Dusk
2024-12-25T18:10:00.000,I 75,,,Rear End,2,Clear,Dry,Dark-Not Lighted
2024-02-10T19:39:00.000,I 85,,,Rear End,2,Rain,Wet,Dark-Lighted
2024-09-15T20:24:00.000,I 75,,,Sideswipe-Same Direction,2,Clear,Dry,Dark-Not Lighted
2024-03-28T15:20:00.000,I 285,,,Angle Crash,2,Clear,Dry,Daylight
2024-11-10T18:41:00.000,I 285,,,Not a Collision with Motor Vehicle,1,Rain,Wet,Dark-Not Lighted
2024-05-31T12:31:00.000,I 285,,,Not a Collision with Motor Vehicle,1,Clear,Dry,Daylight
2024-12-08T00:00:00.000,I-75,,,Sideswipe-Opposite Direction,3,Clear,Dry,Dark-Lighted
2024-04-27T02:50:00.000,I 85,,,Rear End,2,Clear,Dry,Dark-Not Lighted
2024-02-10T11:30:00.000,I 85,,,Rear End,3,Clear,Dry,Daylight
2024-03-25T17:18:00.000,I 95,,,Sideswipe-Same Direction,2,Cloudy,Dry,Daylight
2024-05-08T18:20:00.000,I 285,,,Sideswipe-Same Direction,2,Clear,Dry,Daylight
2024-02-12T05:00:00.000,I-75,,,Rear End,2,Rain,Water (standing or moving),Dark-Lighted
2024-10-25T00:00:00.000,I 20,,,Angle Crash,2,Clear,Dry,Daylight
2024-09-25T08:08:00.000,I 85,,,Sideswipe-Same Direction,2,Cloudy,Dry,Daylight
2024-09-13T14:45:00.000,I 20,,,Rear End,2,Clear,Dry,Daylight
2024-09-26T15:01:00.000,I 20,,,Not a Collision with Motor Vehicle,1,Rain,Wet,Daylight
2024-01-24T23:20:00.000,I 75,,,Not a Collision with Motor Vehicle,1,Fog,Wet,Dark-Lighted
2024-05-02T07:46:00.000,I 75,,,Sideswipe-Same Direction,2,Clear,Dry,Daylight
2024-05-02T19:51:00.000,I 285,,,Sideswipe-Same Direction,2,Clear,Dry,Daylight
2024-09-13T21:30:00.000,I 20,,,Rear End,3,Rain,Wet,Dark-Lighted
2024-05-20T15:10:00.000,I 75,,,Sideswipe-Same Direction,2,Clear,Dry,Daylight
2024-10-28T16:00:00.000,I 20,,,Sideswipe-Opposite Direction,2,Clear,Dry,Daylight
2024-10-23T05:56:00.000,I 20,,,Not a Collision with Motor Vehicle,1,Clear,Dry,Dark-Not Lighted
2024-03-22T06:37:00.000,I 16,,,Sideswipe-Same Direction,2,Clear,Dry,Dark-Lighted
2024-12-22T15:44:00.000,I 85,,,Rear End,2,Clear,Dry,Daylight
2024-05-25T13:40:00.000,I 75,,,Not a Collision with Motor Vehicle,1,Severe Thunderstorm or Tornadic,Wet,Daylight
2024-07-04T20:13:00.000,I 85,,,Not a Collision with Motor Vehicle,1,Rain,Wet,Daylight
2024-08-02T23:01:00.000,I 75,,,Rear End,2,Cloudy,Wet,Dark-Not Lighted
2024-07-12T23:47:00.000,I 285,,,Sideswipe-Same Direction,2,Clear,Dry,Dark-Lighted
2024-05-16T20:15:00.000,I 85,,,Rear End,2,Clear,Dry,Daylight
2024-11-25T20:50:00.000,I 285,,,Sideswipe-Same Direction,2,Clear,Dry,Dark-Not Lighted
2024-08-04T18:33:00.000,I 20,,,Angle Crash,2,Clear,Dry,Daylight
2024-03-17T18:26:00.000,I 75,,,Rear End,3,Clear,Wet,Daylight
2024-08-29T20:53:00.000,I 75,,,Sideswipe-Same Direction,3,Clear,Wet,Dark-Lighted
2024-09-01T20:29:00.000,I 16,,,(None),1,(None),(None),(None)
2024-06-08T11:30:00.000,I 85,,,Sideswipe-Same Direction,2,Clear,Dry,Daylight
2024-06-28T10:55:00.000,I 20,,,Rear End,2,Clear,Dry,Daylight
2024-10-04T06:30:00.000,I 20,,,Sideswipe-Same Direction,2,Clear,Dry,Daylight
2024-09-28T20:56:00.000,I 75,,,Sideswipe-Same Direction,2,Cloudy,Dry,Dark-Not Lighted
2024-03-01T17:30:00.000,I 75,,,Rear End,2,Rain,Wet,Daylight
2024-01-05T11:23:00.000,I 85,,,Not a Collision with Motor Vehicle,2,Clear,Dry,Daylight
2024-01-20T14:45:00.000,I-75,,,Rear End,2,Clear,Dry,Daylight
2024-02-07T19:40:00.000,Sr 140,,,Angle Crash,2,Clear,Dry,Dark-Lighted
2024-07-16T14:42:00.000,I 75,,,Sideswipe-Same Direction,2,Rain,Wet,Daylight
2024-03-20T13:27:00.000,I 95,,,Rear End,2,Clear,Dry,Daylight
2024-04-15T21:11:00.000,I 75,,,Sideswipe-Same Direction,2,Clear,Dry,Dark-Not Lighted
2024-01-25T04:56:00.000,I 20,,,Not a Collision with Motor Vehicle,1,Rain,Wet,Dark-Lighted
2024-09-19T18:27:00.000,I 16,,,Not a Collision with Motor Vehicle,1,Cloudy,Dry,Daylight
2024-10-24T19:08:00.000,I 85,,,Rear End,2,Clear,Dry,Daylight
2024-11-24T17:30:00.000,I 85,,,Sideswipe-Same Direction,2,Clear,Dry,Daylight
2024-05-20T00:00:00.000,I 20,,,Rear End,2,Clear,Dry,Dark-Lighted
2024-02-06T12:45:00.000,I 75,,,Sideswipe-Same Direction,2,Clear,Dry,Daylight
2024-03-21T20:29:00.000,I 20,,,Sideswipe-Same Direction,2,Clear,Dry,Dark-Lighted
2024-04-13T15:16:00.000,I 285,,,Angle Crash,3,Clear,Dry,Daylight
2024-12-16T10:54:00.000,I 85,,,Rear End,2,Clear,Dry,Daylight
2024-03-07T23:35:00.000,I-75,,,Sideswipe-Same Direction,2,Cloudy,Dry,Dark-Lighted
2024-09-30T07:10:00.000,I 75,,,Rear End,2,(None),(None),(None)
2024-10-15T19:39:00.000,I 285,,,Sideswipe-Same Direction,2,Clear,Dry,Dark-Not Lighted
2024-12-14T23:16:00.000,I 75,,,Sideswipe-Same Direction,2,Clear,Dry,Dark-Not Lighted
2024-11-11T17:42:00.000,I 85,,,Rear End,2,Clear,Dry,Daylight
2024-10-09T14:35:00.000,I 75,,,Rear End,2,Clear,Dry,Daylight
2024-12-17T15:30:00.000,I 20,,,Sideswipe-Opposite Direction,2,Clear,Dry,Daylight
2024-08-17T02:25:00.000,I 16,,,Not a Collision with Motor Vehicle,1,Clear,Dry,Dark-Not Lighted
2024-07-21T00:33:00.000,I 85,,,Not a Collision with Motor Vehicle,1,Cloudy,Wet,Dark-Not Lighted
2024-12-10T16:45:00.000,I 285,,,Rear End,2,Clear,Dry,Dark-Lighted
2024-12-06T22:06:00.000,I 20,,,Rear End,2,Clear,Dry,Dark-Lighted
2024-02-21T08:37:00.000,I 85,,,Sideswipe-Same Direction,2,Clear,Dry,Daylight
2024-01-29T13:00:00.000,I 75,,,Not a Collision with Motor Vehicle,2,Clear,Dry,Daylight
2024-01-09T10:36:00.000,I 285,,,Rear End,2,Rain,Wet,Daylight
2024-02-01T17:20:00.000,I 285,,,Rear End,2,Clear,Dry,Daylight
2024-04-06T13:00:00.000,I 85,,,Rear End,2,Clear,Dry,Daylight
2024-12-12T19:30:00.000,I 20,,,Not a Collision with Motor Vehicle,2,Clear,Dry,Daylight
2024-06-17T13:20:00.000,I 75,,,Rear End,3,Cloudy,Dry,Daylight
2024-04-01T12:43:00.000,I 85,,,Rear End,2,Cloudy,Dry,Daylight
2024-01-08T00:00:00.000,I 285,,,Angle Crash,2,Clear,Dry,Daylight
2024-10-04T15:51:00.000,I 85,,,Sideswipe-Same Direction,3,Clear,Dry,Daylight
2024-11-23T21:25:00.000,I 75,,,Sideswipe-Same Direction,2,Clear,Dry,Dark-Not Lighted
2024-10-12T20:23:00.000,I 95,,,Not a Collision with Motor Vehicle,1,Clear,Dry,Dark-Not Lighted
2024-10-12T18:45:00.000,I-75,,,Rear End,2,Clear,Dry,Daylight
2024-06-04T14:10:00.000,I 75,,,Sideswipe-Same Direction,2,Cloudy,Dry,Daylight
2024-12-05T19:09:00.000,I 85,,,Rear End,3,Clear,Dry,Dark-Not Lighted
2024-04-23T10:40:00.000,I 75,,,Not a Collision with Motor Vehicle,1,Clear,Dry,Daylight
2024-01-24T22:00:00.000,I 75,,,(None),2,(None),(None),(None)
2024-05-03T15:15:00.000,I 285,,,Rear End,2,Clear,Dry,Daylight
2024-02-18T15:00:00.000,I-75,,,Rear End,2,Clear,Dry,Daylight
2024-04-04T08:18:00.000,I 20,,,Angle Crash,2,Clear,Dry,Daylight
2024-10-01T12:00:00.000,I 285,,,Sideswipe-Same Direction,2,Clear,Dry,Daylight
2024-08-29T14:30:00.000,I 285,,,Angle Crash,2,Clear,Dry,Daylight
2024-03-01T14:30:00.000,I 285,,,Angle Crash,2,Rain,Wet,Daylight
2024-02-01T07:24:00.000,I 285,,,Sideswipe-Same Direction,2,Clear,Dry,Daylight
2024-04-23T18:18:00.000,I 285,,,Rear End,2,Clear,Dry,Daylight
2024-09-16T14:50:00.000,I 20,,,Sideswipe-Same Direction,2,Cloudy,Dry,Daylight
2024-01-09T04:40:00.000,I 285,,,Sideswipe-Same Direction,3,Rain,Wet,Dark-Lighted
2024-09-20T00:05:00.000,I 285,,,Rear End,2,Clear,Dry,Dark-Not Lighted
2024-03-05T19:10:00.000,I 85,,,Rear End,2,Rain,Wet,Dark-Lighted
2024-06-09T02:33:00.000,I 16,,,Not a Collision with Motor Vehicle,1,Clear,Dry,Dark-Not Lighted