Date and Time,Roadway (From Crash Report),Intersection Name (from Crash Report),KABCO Severity,Manner of Collision (Crash Level) ,# of Vehicles per crash ,Weather Conditions (Crash Level),Surface Condition (Crash Level) ,Light Conditions (Crash Level)
2024-12-23T15:09:00.000,I 75,,,Angle Crash,2,Clear,Dry,Daylight
2024-04-08T06:42:00.000,I 20,,,Sideswipe-Same Direction,2,Clear,Dry,Daylight
2024-03-05T07:20:00.000,I 20,,,Angle Crash,2,Clear,Dry,Daylight
2024-08-11T13:14:00.000,I 75,,,Rear End,2,Clear,Dry,Daylight
2024-07-23T18:30:00.000,I 85,,,Not a Collision with Motor Vehicle,1,Rain,Wet,Daylight
2024-07-09T06:15:00.000,I 285,,,Sideswipe-Same Direction,2,Clear,Dry,Daylight
2024-07-23T08:59:00.000,I 20,,,Sideswipe-Same Direction,2,Clear,Dry,Daylight
2024-04-08T16:13:00.000,I 75,,,Rear End,2,Clear,Dry,Daylight
2024-08-07T11:47:00.000,I-75,,,Rear End,2,Clear,Dry,Daylight
2024-08-13T17:16:00.000,I 16,,,Rear End,2,Clear,Dry,Daylight
2024-06-07T09:25:00.000,I 20,,,Rear End,2,Clear,Dry,Daylight
2024-09-29T01:18:00.000,I 85,,,Sideswipe-Same Direction,2,Clear,Dry,Dark-Not Lighted
2024-01-28T09:58:00.000,I 95,,,Not a Collision with Motor Vehicle,1,Clear,Dry,Daylight
2024-07-06T18:57:00.000,I-75,,,Rear End,2,Clear,Dry,Dark-Lighted
2024-09-30T10:50:00.000,I 75,,,Rear End,3,Clear,Dry,Daylight
2024-12-12T06:55:00.000,Sr 140,,,Rear End,4,Clear,Dry,Dawn
2024-08-14T18:39:00.000,I 16,,,Rear End,2,Rain,Wet,Daylight
2024-03-08T23:28:00.000,I-75,,,Rear End,2,Rain,Wet,Dark-Not Lighted
2024-08-13T10:30:00.000,I 285,,,Sideswipe-Same Direction,2,Clear,Dry,Daylight
2024-07-07T03:24:00.000,I 85,,,Not a Collision with Motor Vehicle,1,Clear,Dry,Dark-Not Lighted
2024-08-27T14:54:00.000,I-75,,,Not a Collision with Motor Vehicle,2,Clear,Dry,Daylight
2024-07-16T08:45:00.000,I 95,,,Rear End,2,Clear,Dry,Daylight
2024-06-21T18:13:00.000,I 20,,,Rear End,2,Clear,Dry,Daylight
2024-07-12T03:10:00.000,I 285,,,Rear End,2,Clear,Dry,Dark-Not Lighted
2024-03-15T00:00:00.000,I 16,,,Sideswipe-Same Direction,2,Rain,Wet,Daylight
2024-02-10T20:09:00.000,I 285,,,Not a Collision with Motor Vehicle,2,Rain,Wet,Dark-Lighted
2024-04-07T01:23:00.000,I-75,,,Sideswipe-Same Direction,2,Clear,Dry,Dark-Lighted
2024-01-24T07:22:00.000,I 75,,,Rear End,2,Rain,Wet,Dawn
2024-04-25T14:15:00.000,I 285,,,Sideswipe-Same Direction,2,Clear,Dry,Daylight
2024-01-10T14:04:00.000,I-75,,,Rear End,2,Clear,Dry,Daylight
2024-04-18T09:00:00.000,I 85,,,Sideswipe-Same Direction,2,Clear,Dry,Daylight
2024-01-23T22:12:00.000,I 95,,,Rear End,2,Rain,Wet,Dark-Not Lighted
2024-01-06T10:57:00.000,I 85,,,Rear End,2,Clear,Wet,Daylight
2024-02-22T15:30:00.000,I 75,,,Angle Crash,2,Clear,Dry,Daylight
2024-09-04T23:34:00.000,I 85,,,Sideswipe-Same Direction,2,Clear,Dry,Dark-Not Lighted
2024-02-15T07:30:00.000,I 16,,,Sideswipe-Same Direction,2,Clear,Dry,Daylight
2024-04-20T12:00:00.000,I 20,,,Rear End,2,Clear,Dry,Daylight
2024-02-17T08:50:00.000,I 16,,,Sideswipe-Same Direction,2,Cloudy,Dry,Daylight
2024-07-10T11:27:00.000,I 16,,,Rear End,2,Clear,Dry,Daylight
2024-02-22T12:10:00.000,I 285,,,Sideswipe-Same Direction,2,Clear,Dry,Daylight
2024-03-13T16:00:00.000,I-75,,,Sideswipe-Same Direction,2,Clear,Dry,Daylight
2024-01-08T15:00:00.000,I 285,,,Rear End,2,Clear,Dry,Daylight
2024-03-21T18:31:00.000,I 20,,,Sideswipe-Same Direction,2,Clear,Dry,Daylight
2024-11-06T06:30:00.000,I 285,,,Sideswipe-Same Direction,2,Cloudy,Dry,Daylight
2024-10-30T14:11:00.000,I 20,,,Sideswipe-Same Direction,2,Clear,Dry,Daylight
2024-11-16T15:30:00.000,I 85,,,Rear End,2,Clear,Dry,Daylight
2024-04-14T01:06:00.000,I-75,,,Rear End,3,Clear,Dry,Dark-Lighted
2024-06-15T02:13:00.000,I 285,,,Not a Collision with Motor Vehicle,2,Clear,Dry,Dark-Not Lighted
2024-05-13T19:59:00.000,I 75,,,Rear End,2,Clear,Dry,Dusk
2024-03-08T00:00:00.000,I 285,,,Rear End,2,Clear,Dry,Dark-Lighted
2024-09-24T16:22:00.000,I 285,,,Rear End,2,Clear,Dry,Daylight
2024-08-05T16:45:00.000,I 20,,,Rear End,2,Clear,Dry,Daylight
2024-09-01T02:56:00.000,I 85,,,Rear End,2,Cloudy,Wet,Dark-Not Lighted
2024-09-03T16:50:00.000,I 285,,,Rear End,2,Clear,Dry,Daylight
2024-12-11T19:38:00.000,I 85,,,Not a Collision with Motor Vehicle,5,Clear,Dry,Dark-Not Lighted
2024-12-03T19:50:00.000,I 285,,,Sideswipe-Opposite Direction,2,Clear,Dry,Dark-Not Lighted
2024-07-08T16:23:00.000,I 85,,,Rear End,2,Clear,Dry,Daylight
2024-01-12T16:30:00.000,I 285,,,Rear End,2,Rain,Wet,Daylight
2024-07-14T22:05:00.000,I 20,,,Rear End,2,Clear,Dry,Dark-Not Lighted
2024-05-05T05:21:00.000,I 285,,,Not a Collision with Motor Vehicle,1,Rain,Wet,Dark-Lighted
2024-03-15T15:05:00.000,I 75,,,Not a Collision with Motor Vehicle,1,Rain,Wet,Daylight
2024-11-23T14:45:00.000,I 75,,,Sideswipe-Same Direction,2,Clear,Dry,Daylight
2024-03-04T15:53:00.000,I 285,,,Not a Collision with Motor Vehicle,1,Clear,Dry,Daylight
2024-09-05T05:08:00.000,I 20,,,Rear End,2,Clear,Dry,Dark-Lighted
2024-11-29T14:35:00.000,I 75,,,Rear End,2,Clear,Dry,Daylight
2024-03-02T10:03:00.000,I 75,,,Not a Collision with Motor Vehicle,1,Cloudy,Wet,Daylight
2024-06-20T21:30:00.000,I 20,,,Sideswipe-Opposite Direction,2,Clear,Dry,Dark-Not Lighted
2024-04-09T12:40:00.000,I 285,,,Rear End,2,Rain,Wet,Daylight
2024-09-22T10:45:00.000,I 285,,,Angle Crash,2,Clear,Dry,Daylight
2024-06-17T00:52:00.000,I 75,,,Not a Collision with Motor Vehicle,1,Clear,Dry,Dark-Not Lighted
2024-08-06T22:23:00.000,I 285,,,Sideswipe-Same Direction,2,Clear,Dry,Dark-Not Lighted
2024-04-09T21:12:00.000,I 85,,,Rear End,3,Rain,Wet,Dark-Not Lighted
2024-03-19T17:40:00.000,I 85,,,Rear End,2,Clear,Dry,Daylight
2024-06-10T17:30:00.000,I 20,,,Not a Collision with Motor Vehicle,2,Clear,(None),Daylight
2024-11-13T18:18:00.000,I-75,,,Rear End,2,Clear,Dry,Daylight
2024-02-12T05:30:00.000,I 285,,,Sideswipe-Same Direction,2,Rain,Wet,Dark-Lighted
2024-07-23T23:21:00.000,I 285,,,Not a Collision with Motor Vehicle,1,Rain,Water (standing or moving),Dark-Not Lighted
2024-07-20T19:00:00.000,I-75,,,Rear End,2,Clear,Dry,Daylight
2024-10-05T21:15:00.000,I 16,,,Sideswipe-Same Direction,2,Clear,Dry,Dark-Lighted
2024-09-25T09:08:00.000,I-75,,,Rear End,2,Clear,Dry,Daylight
2024-06-02T13:00:00.000,I 285,,,Sideswipe-Same Direction,2,Clear,Dry,Daylight
2024-10-30T19:58:00.000,I 20,,,Not a Collision with Motor Vehicle,1,Clear,Dry,Dark-Not Lighted
2024-11-25T16:26:00.000,I 20,,,Angle Crash,2,Clear,Dry,Daylight
2024-05-31T23:25:00.000,I 20,,,Rear End,2,Clear,Dry,Dark-Not Lighted
2024-07-17T23:30:00.000,I 20,,,Angle Crash,4,Clear,Dry,Dark-Lighted
2024-11-25T17:58:00.000,I 20,,,Rear End,2,Clear,Dry,Dark-Lighted
2024-05-20T15:02:00.000,I 75,,,Rear End,2,Clear,Dry,Daylight
2024-03-15T09:07:00.000,I 285,,,Sideswipe-Same Direction,2,Clear,Dry,Daylight
2024-04-12T15:00:00.000,I 20,,,Not a Collision with Motor Vehicle,1,Clear,Dry,Daylight
2024-06-11T07:00:00.000,I 20,,,Rear End,2,Clear,Dry,Daylight
2024-12-17T18:49:00.000,I 75,,,Sideswipe-Same Direction,2,Clear,Dry,Dark-Lighted
2024-02-12T13:12:00.000,I 285,,,Angle Crash,2,Rain,Wet,Daylight
2024-07-19T04:45:00.000,I 75,,,Rear End,2,Cloudy,Dry,Dark-Not Lighted
2024-08-15T17:53:00.000,I 75,,,Sideswipe-Same Direction,2,Clear,Dry,Daylight
2024-06-16T16:02:00.000,I 95,,,Rear End,2,Clear,Dry,Daylight
2024-12-04T15:00:00.000,I 285,,,Rear End,2,Clear,Dry,Daylight
2024-10-27T08:07:00.000,I 75,,,Angle Crash,2,Cloudy,Dry,Daylight
2024-04-16T18:30:00.000,I 20,,,Rear End,3,Clear,Dry,Daylight
2024-07-07T02:40:00.000,I-75,,,Rear End,2,Clear,Dry,Dark-Lighted
2024-07-05T17:42:00.000,I 85,,,Rear End,2,Rain,Wet,Daylight
2024-02-05T16:56:00.000,I 285,,,Rear End,2,Cloudy,Dry,Daylight
2024-05-27T13:24:00.000,I 85,,,Sideswipe-Same Direction,2,Cloudy,Dry,Daylight
2024-11-01T19:04:00.000,I-75,,,Rear End,2,Clear,Dry,Dark-Lighted
2024-08-02T22:39:00.000,I 285,,,Sideswipe-Same Direction,2,Clear,Dry,Dark-Lighted
2024-08-09T10:40:00.000,I 95,,,Not a Collision with Motor Vehicle,1,Clear,Dry,Daylight
2024-02-20T17:40:00.000,I 85,,,Rear End,2,Cloudy,Dry,Dusk
2024-04-23T15:48:00.000,I 20,,,Sideswipe-Opposite Direction,2,Clear,Dry,Daylight
2024-03-06T11:37:00.000,I-75,,,Rear End,2,Cloudy,Dry,Daylight
2024-12-20T19:02:00.000,I 75,,,Rear End,4,Clear,Dry,Dark-Not Lighted
2024-03-26T10:00:00.000,I 285,,,Sideswipe-Same Direction,2,Rain,Wet,Daylight
2024-12-10T17:00:00.000,I 20,,,Rear End,2,Clear,Wet,Daylight
2024-03-06T04:41:00.000,I 20,,,Not a Collision with Motor Vehicle,1,Rain,Wet,Dark-Lighted
2024-08-28T03:45:00.000,I 285,,,Not a Collision with Motor Vehicle,1,Clear,Dry,Dark-Not Lighted
2024-11-14T21:58:00.000,I 85,,,Sideswipe-Same Direction,3,Clear,Dry,Dark-Not Lighted
2024-02-06T13:35:00.000,I 285,,,Rear End,2,Clear,Dry,Daylight
2024-10-18T17:11:00.000,I-75,,,Rear End,3,Clear,Dry,Daylight
2024-03-16T15:58:00.000,I-75,,,Sideswipe-Same Direction,2,Clear,Dry,Daylight
2024-03-24T19:03:00.000,I 16,,,Rear End,2,Clear,Dry,Dark-Lighted
2024-12-20T10:11:00.000,I 285,,,Rear End,2,Clear,Dry,Daylight
2024-05-16T23:45:00.000,I 285,,,Angle Crash,3,Clear,Dry,Dark-Not Lighted
2024-11-18T18:15:00.000,I 285,,,Sideswipe-Same Direction,2,Clear,Dry,Dark-Not Lighted
2024-04-16T14:30:00.000,I 285,,,Sideswipe-Same Direction,2,Clear,Dry,Daylight
2024-01-18T15:57:00.000,I 95,,,Sideswipe-Same Direction,2,Cloudy,Dry,Daylight
2024-11-05T17:22:00.000,I 285,,,Angle Crash,2,Clear,Dry,Daylight
2024-08-14T15:50:00.000,I 75,,,Sideswipe-Same Direction,2,Clear,Dry,Daylight
2024-08-09T22:35:00.000,I 16,,,Not a Collision with Motor Vehicle,1,Cloudy,Dry,Dark-Lighted
2024-10-08T15:00:00.000,I 285,,,Rear End,2,Clear,Dry,Daylight
2024-01-14T20:00:00.000,I-75,,,Rear End,2,Clear,Dry,Dark-Lighted
2024-02-23T14:20:00.000,I 20,,,Rear End,2,Clear,Dry,Daylight
2024-03-15T13:16:00.000,I 75,,,Rear End,2,Rain,Wet,Daylight
2024-12-28T21:24:00.000,I 20,,,Not a Collision with Motor Vehicle,1,Fog,Wet,Dark-Not Lighted
2024-02-16T10:24:00.000,I 75,,,Rear End,2,Clear,Dry,Daylight
2024-05-04T22:40:00.000,I 85,,,Sideswipe-Same Direction,2,Clear,Dry,Daylight
2024-11-06T13:31:00.000,I 75,,,Angle Crash,2,Cloudy,Dry,Daylight
2024-09-16T18:00:00.000,I 20,,,Rear End,2,Clear,Dry,Daylight
2024-10-13T20:39:00.000,I 20,,,Angle Crash,2,Clear,Dry,Dark-Not Lighted
2024-10-03T19:06:00.000,I 85,,,Rear End,2,Clear,Dry,Daylight
2024-07-13T16:22:00.000,I 20,,,Sideswipe-Same Direction,2,Clear,Dry,Daylight
2024-06-27T15:59:00.000,I 75,,,Rear End,2,Cloudy,Wet,Daylight
2024-06-11T09:39:00.000,I 16,,,Rear End,2,Clear,Dry,Daylight
2024-09-03T07:30:00.000,I 285,,,Rear End,2,Clear,Dry,Daylight
2024-04-01T09:17:00.000,I 75,,,Sideswipe-Same Direction,2,Clear,Dry,Daylight
2024-10-22T13:30:00.000,I 285,,,Head On,2,Clear,Dry,Daylight
2024-07-17T14:09:00.000,I 75,,,Sideswipe-Same Direction,2,Clear,Dry,Daylight
2024-05-10T16:49:00.000,I 20,,,Sideswipe-Same Direction,2,Cloudy,Dry,Daylight
2024-09-08T14:00:00.000,I-75,,,Rear End,2,Clear,Dry,Daylight
2024-07-26T20:30:00.000,I-75,,,Rear End,2,Clear,Dry,Dark-Lighted
2024-06-12T14:42:00.000,I 16,,,Angle Crash,2,Clear,Dry,Dawn
2024-07-31T10:09:00.000,I 85,,,Sideswipe-Same Direction,2,Cloudy,Dry,Daylight
2024-08-18T20:34:00.000,I 16,,,Not a Collision with Motor Vehicle,1,Severe Thunderstorm or Tornadic,Wet,Dark-Lighted
2024-06-27T23:01:00.000,I 85,,,Sideswipe-Same Direction,2,Clear,Dry,Dark-Not Lighted
2024-10-26T15:06:00.000,I 20,,,Rear End,3,Clear,Dry,Daylight
2024-06-30T14:44:00.000,I 95,,,Rear End,2,Clear,Dry,Daylight
2024-07-20T01:00:00.000,I-75,,,Rear End,2,Rain,Water (standing or moving),Dark-Lighted
2024-09-29T11:30:00.000,I 75,,,Rear End,3,Clear,Dry,Daylight
2024-08-06T09:34:00.000,I 20,,,Rear End,2,Clear,Dry,Daylight
2024-03-08T07:30:00.000,I 285,,,Sideswipe-Same Direction,2,Cloudy,Dry,Daylight
2024-01-31T18:08:00.000,I 285,,,Sideswipe-Same Direction,2,Clear,Dry,Daylight
2024-10-01T15:51:00.000,I 85,,,Rear End,2,Clear,Dry,Daylight
2024-04-25T13:55:00.000,I 16,,,Rear End,2,Clear,Dry,Daylight
2024-02-24T15:03:00.000,I-75,,,Head On,2,Clear,Dry,Daylight
2024-12-06T12:15:00.000,I 20,,,Sideswipe-Same Direction,2,Clear,Dry,Daylight
2024-04-11T10:14:00.000,I 95,,,Not a Collision with Motor Vehicle,1,Rain,Wet,Daylight
2024-01-26T07:40:00.000,I 285,,,Not a Collision with Motor Vehicle,2,Clear,Dry,Daylight
2024-07-09T06:53:00.000,I 16,,,Rear End,2,Clear,Dry,Daylight
2024-04-21T03:17:00.000,I 75,,,Sideswipe-Same Direction,2,Rain,Wet,Dark-Not Lighted
2024-11-05T16:32:00.000,I 20,,,Rear End,2,Clear,Dry,Daylight
2024-04-03T04:34:00.000,I 285,,,Not a Collision with Motor Vehicle,1,Cloudy,Wet,Dark-Not Lighted
2024-11-08T18:30:00.000,I 85,,,Not a Collision with Motor Vehicle,1,Clear,Dry,Dark-Not Lighted
2024-10-20T13:58:00.000,I 75,,,Not a Collision with Motor Vehicle,1,Clear,Dry,Daylight
2024-04-05T14:20:00.000,I 20,,,Rear End,2,Clear,Dry,Daylight
2024-08-23T14:45:00.000,I 16,,,Not a Collision with Motor Vehicle,2,Clear,Dry,Daylight
2024-11-20T18:00:00.000,I-75,,,Sideswipe-Same Direction,2,Clear,Dry,Dark-Lighted
2024-07-20T22:47:00.000,I 75,,,Angle Crash,2,Cloudy,Wet,Dark-Not Lighted
2024-03-26T03:30:00.000,I-75,,,Sideswipe-Same Direction,2,Clear,Dry,Dark-Lighted
2024-07-17T23:10:00.000,I 285,,,Rear End,3,Clear,Dry,Dark-Lighted
2024-12-06T11:10:00.000,I 75,,,Not a Collision with Motor Vehicle,2,Clear,Dry,Daylight
2024-11-25T18:16:00.000,I 20,,,Rear End,2,Clear,Dry,Dark-Not Lighted
2024-01-27T12:35:00.000,I 85,,,Sideswipe-Same Direction,2,Cloudy,Wet,Daylight
2024-01-10T10:50:00.000,I-75,,,Rear End,4,Clear,Dry,Daylight
2024-07-07T05:12:00.000,I 85,,,Angle Crash,2,Cloudy,Dry,Dark-Not Lighted
2024-04-21T17:48:00.000,I 16,,,Not a Collision with Motor Vehicle,1,Cloudy,Wet,Dusk
2024-12-11T07:06:00.000,I 75,,,Sideswipe-Same Direction,2,Rain,Wet,Dusk
2024-07-21T20:36:00.000,I 285,,,Not a Collision with Motor Vehicle,1,Cloudy,Wet,Dark-Lighted
2024-09-01T03:18:00.000,I 85,,,Rear End,2,Cloudy,Wet,Dark-Not Lighted
2024-08-14T15:04:00.000,I 85,,,Rear End,2,Clear,Dry,Daylight
2024-05-24T10:13:00.000,I 16,,,Angle Crash,2,Clear,Dry,Daylight
2024-11-03T01:42:00.000,I 285,,,Not a Collision with Motor Vehicle,1,Clear,Dry,Dark-Not Lighted
2024-04-19T18:13:00.000,I 85,,,Rear End,1,Clear,Dry,Daylight
2024-07-20T04:37:00.000,I 285,,,Angle Crash,2,Rain,Wet,Dark-Not Lighted
2024-03-03T04:20:00.000,I 95,,,Rear End,2,Clear,Wet,Dark-Not Lighted
2024-11-12T08:50:00.000,I 85,,,Rear End,2,Clear,Dry,Daylight
2024-07-30T18:09:00.000,I 85,,,Sideswipe-Same Direction,2,Clear,Dry,Daylight
2024-09-08T22:00:00.000,I 75,,,Sideswipe-Same Direction,2,Clear,Dry,Dark-Not Lighted
2024-11-19T18:30:00.000,I 285,,,Rear End,2,Clear,Dry,Dark-Lighted
2024-06-04T16:32:00.000,I 75,,,Sideswipe-Same Direction,2,Clear,Dry,Daylight
2024-06-24T12:00:00.000,I 20,,,Sideswipe-Same Direction,2,Clear,Dry,Daylight
2024-12-30T10:29:00.000,I 85,,,Rear End,2,Cloudy,Dry,Daylight
2024-10-16T14:01:00.000,I 20,,,Rear End,2,Clear,Dry,Daylight
2024-07-30T10:37:00.000,I 85,,,Rear End,3,Clear,Dry,Daylight
2024-02-20T05:10:00.000,I 75,,,Sideswipe-Same Direction,2,Clear,Dry,Dark-Not Lighted
2024-09-24T12:35:00.000,I 85,,,Not a Collision with Motor Vehicle,1,Clear,Dry,Daylight
2024-07-04T18:30:00.000,I 75,,,Sideswipe-Same Direction,2,Cloudy,Dry,Daylight
2024-08-02T15:30:00.000,I 85,,,Rear End,2,Clear,Dry,Daylight
2024-07-08T07:22:00.000,I 285,,,Rear End,2,Clear,Dry,Daylight
2024-09-05T22:31:00.000,I 75,,,Rear End,3,Clear,Dry,Dark-Lighted
2024-10-25T02:25:00.000,I-75,,,Rear End,2,Clear,Dry,Dark-Not Lighted
2024-08-11T19:20:00.000,I 85,,,Not a Collision with Motor Vehicle,1,Clear,Dry,Daylight
2024-03-17T18:45:00.000,I-75,,,Rear End,3,Clear,Dry,Daylight
2024-10-17T04:00:00.000,I 85,,,Head On,2,Clear,Dry,Dark-Not Lighted
2024-01-24T07:38:00.000,I-75,,,Rear End,2,Cloudy,Wet,Daylight
2024-05-31T16:55:00.000,I 85,,,Rear End,2,Clear,Dry,Daylight
2024-03-25T23:26:00.000,I 20,,,Sideswipe-Same Direction,2,Clear,Dry,Dark-Lighted
2024-02-03T19:17:00.000,I-75,,,Rear End,2,Clear,Dry,Dark-Not Lighted
2024-11-27T18:09:00.000,I 285,,,Angle Crash,2,Clear,Dry,Dark-Not Lighted
2024-05-23T07:57:00.000,I 20,,,Sideswipe-Same Direction,1,Cloudy,Dry,Daylight
2024-03-26T14:20:00.000,I 16,,,Angle Crash,2,Clear,Dry,Daylight
2024-05-02T05:50:00.000,I 85,,,Rear End,2,Clear,Dry,Dark-Not Lighted
2024-08-04T15:05:00.000,I 75,,,Rear End,2,Clear,Dry,Daylight
2024-02-20T14:45:00.000,I 20,,,Sideswipe-Same Direction,2,Clear,Dry,Daylight
2024-08-02T07:40:00.000,I 85,,,Sideswipe-Same Direction,1,Clear,Dry,Daylight
2024-01-23T10:17:00.000,I 75,,,Rear End,2,Cloudy,Dry,Daylight
2024-07-25T05:50:00.000,I 75,,,Sideswipe-Same Direction,3,Clear,Wet,Dawn
2024-04-20T21:26:00.000,I 20,,,Rear End,2,Clear,Dry,Dark-Not Lighted
2024-11-11T12:44:00.000,I 85,,,Angle Crash,1,Clear,Dry,Daylight
2024-11-17T16:40:00.000,I 16,,,Sideswipe-Same Direction,2,Clear,Dry,Daylight
2024-05-12T13:08:00.000,I-75,,,Rear End,3,Clear,Dry,Daylight
2024-11-10T05:38:00.000,I-75,,,Not a Collision with Motor Vehicle,2,Rain,Wet,Dark-Lighted
2024-10-02T13:08:00.000,I 85,,,Sideswipe-Same Direction,2,Clear,Dry,Daylight
2024-07-21T00:19:00.000,I 16,,,Not a Collision with Motor Vehicle,1,Clear,Wet,Dark-Not Lighted
2024-12-01T13:29:00.000,I 20,,,Rear End,2,Cloudy,Dry,Daylight
2024-03-15T01:47:00.000,I 95,,,Not a Collision with Motor Vehicle,1,Clear,Dry,Dark-Not Lighted
2024-10-24T19:00:00.000,I 20,,,Sideswipe-Same Direction,2,Clear,Dry,Dark-Lighted
2024-05-21T22:30:00.000,I 285,,,Not a Collision with Motor Vehicle,1,Clear,Slush,Dark-Not Lighted
2024-09-28T12:32:00.000,I 85,,,Rear End,2,Cloudy,Dry,Daylight
2024-03-18T20:39:00.000,I 75,,,Rear End,2,Clear,Dry,Daylight
2024-03-08T22:35:00.000,I-75,,,Rear End,3,Rain,Wet,Dark-Lighted
2024-12-24T18:23:00.000,I 85,,,Rear End,2,Clear,Dry,Dark-Not Lighted
2024-06-03T01:10:00.000,I 20,,,Sideswipe-Same Direction,2,Rain,Wet,Dark-Lighted
2024-07-01T10:00:00.000,I 285,,,Rear End,2,Clear,Dry,Daylight
2024-12-06T23:15:00.000,I 95,,,Rear End,2,Clear,Dry,Dark-Not Lighted
2024-01-27T10:10:00.000,I 75,,,Angle Crash,2,Rain,Wet,Dark-Lighted
2024-04-25T08:00:00.000,I 285,,,Sideswipe-Same Direction,2,Clear,Dry,Daylight
2024-01-27T13:27:00.000,I 85,,,Sideswipe-Same Direction,2,Rain,Wet,Daylight
2024-08-15T09:25:00.000,I 75,,,Sideswipe-Same Direction,2,Clear,Dry,Daylight
2024-11-18T14:09:00.000,I 20,,,Sideswipe-Opposite Direction,2,Clear,Dry,Daylight
2024-10-20T11:50:00.000,I 85,,,Rear End,2,Clear,Dry,Daylight
2024-08-21T20:45:00.000,I 16,,,Not a Collision with Motor Vehicle,1,Rain,Wet,Dark-Not Lighted
2024-02-21T17:42:00.000,I-75,,,Rear End,2,Clear,Dry,Dusk
2024-04-19T08:17:00.000,I 85,,,Not a Collision with Motor Vehicle,1,Cloudy,Wet,Daylight
2024-09-27T07:00:00.000,I 285,,,Not a Collision with Motor Vehicle,1,Rain,Wet,Daylight
2024-09-21T22:30:00.000,I-75,,,Rear End,2,Clear,Dry,Dark-Lighted
2024-08-28T07:19:00.000,I 85,,,Rear End,2,Clear,Dry,Daylight
2024-03-10T20:00:00.000,I 85,,,Sideswipe-Same Direction,2,Clear,Dry,Dark-Lighted
2024-02-12T00:00:00.000,I 285,,,Angle Crash,3,Rain,Wet,Dark-Not Lighted
2024-08-03T18:42:00.000,I 20,,,Rear End,2,Clear,Dry,Daylight
2024-12-03T08:18:00.000,I 285,,,Angle Crash,2,Clear,Dry,Daylight
2024-12-10T07:01:00.000,I 75,,,Rear End,2,Cloudy,Wet,Daylight
2024-02-17T16:25:00.000,I-75,,,Rear End,2,Clear,Dry,Daylight
2024-02-22T12:25:00.000,I 16,,,Angle Crash,2,Clear,Dry,Daylight
2024-10-17T06:42:00.000,I 75,,,Sideswipe-Same Direction,2,Clear,Dry,Dark-Lighted
2024-07-17T14:53:00.000,I 285,,,Rear End,2,Clear,Dry,Daylight
2024-03-14T00:00:00.000,I 285,,,Rear End,3,Clear,Dry,Daylight
2024-04-22T17:12:00.000,I 75,,,Rear End,2,Clear,Dry,Daylight
2024-02-06T17:17:00.000,I 75,,,Sideswipe-Same Direction,2,Clear,Dry,Daylight
2024-11-27T18:35:00.000,I 20,,,Sideswipe-Same Direction,2,Clear,Dry,Dark-Lighted
2024-08-01T07:58:00.000,I 20,,,Rear End,2,Clear,Dry,Daylight
2024-06-08T15:00:00.000,I 20,,,Rear End,2,Clear,Dry,Daylight
2024-03-23T20:00:00.000,I 75,,,Sideswipe-Opposite Direction,2,Cloudy,Dry,Dark-Not Lighted
2024-03-03T08:58:00.000,I 285,,,Angle Crash,2,Cloudy,Wet,Daylight
2024-10-24T14:33:00.000,I 20,,,Sideswipe-Same Direction,2,Clear,Dry,Daylight
2024-07-31T07:35:00.000,I 75,,,Sideswipe-Same Direction,2,Clear,Dry,Daylight
2024-03-24T03:40:00.000,I 20,,,Not a Collision with Motor Vehicle,1,Clear,Dry,Dark-Lighted
2024-05-29T15:11:00.000,I 16,,,Not a Collision with Motor Vehicle,2,Clear,Dry,Daylight
2024-06-26T13:28:00.000,I 285,,,Rear End,2,Clear,Dry,Daylight
2024-04-08T21:29:00.000,I 20,,,Not a Collision with Motor Vehicle,1,Rain,Wet,Dark-Not Lighted
2024-03-11T18:19:00.000,I 20,,,Sideswipe-Same Direction,2,Clear,Dry,Daylight
2024-10-14T17:15:00.000,I 20,,,Rear End,2,Clear,Dry,Daylight
2024-11-11T09:00:00.000,I 20,,,Sideswipe-Same Direction,2,Fog,Dry,Daylight
2024-07-19T21:35:00.000,I 285,,,Sideswipe-Same Direction,2,Rain,Wet,Dark-Not Lighted
2024-09-30T16:20:00.000,I 285,,,Rear End,2,Cloudy,Dry,Daylight
2024-11-03T01:15:00.000,I 85,,,Rear End,3,Clear,Dry,Dark-Not Lighted
2024-08-05T06:25:00.000,I 85,,,Sideswipe-Same Direction,2,Clear,Dry,Daylight
2024-02-17T22:35:00.000,I 285,,,Sideswipe-Same Direction,2,Clear,Dry,Dark-Not Lighted
2024-12-09T01:40:00.000,I 85,,,Not a Collision with Motor Vehicle,1,Rain,Wet,Dark-Not Lighted
2024-08-17T14:45:00.000,I 16,,,Sideswipe-Same Direction,2,Rain,Wet,Daylight
2024-04-27T10:53:00.000,I 85,,,Rear End,4,Clear,Dry,Daylight
2024-01-07T17:20:00.000,I-75,,,Rear End,2,Clear,Dry,Dark-Lighted
2024-02-09T11:02:00.000,I-75,,,Head On,3,Clear,Dry,Daylight
2024-01-03T14:50:00.000,I-75,,,Rear End,2,Rain,Water (standing or moving),Daylight
2024-12-13T00:00:00.000,I 85,,,Rear End,2,Cloudy,Dry,Daylight
2024-12-18T23:00:00.000,I 285,,,Rear End,2,Clear,Dry,Dark-Not Lighted
2024-01-27T14:16:00.000,I 16,,,Not a Collision with Motor Vehicle,2,Clear,Dry,Daylight
2024-09-15T17:24:00.000,I 75,,,Rear End,2,Cloudy,Wet,Daylight
2024-06-27T04:49:00.000,I 20,,,Not a Collision with Motor Vehicle,3,Clear,Dry,Dark-Lighted
2024-12-26T13:01:00.000,I 285,,,Rear End,2,Cloudy,Dry,Daylight
2024-04-20T11:00:00.000,I 20,,,Angle,2,Rain,Dry,Daylight