Date and Time,Roadway (From Crash Report),Intersection Name (from Crash Report),KABCO Severity,Manner of Collision (Crash Level) ,# of Vehicles per crash ,Weather Conditions (Crash Level),Surface Condition (Crash Level) ,Light Conditions (Crash Level)
2024-03-06T01:10:00.000,I 75,,,Not a Collision with Motor Vehicle,1,Clear,Wet,Dark-Not Lighted
2024-12-22T19:38:00.000,I 75,,,Angle Crash,2,Cloudy,Dry,Dark-Not Lighted
2024-10-23T23:00:00.000,I 20,,,Rear End,2,Clear,Dry,Dark-Lighted
2024-09-01T10:32:00.000,I 20,,,Head On,3,Clear,Dry,Daylight
2024-12-17T08:49:00.000,I 85,,,Angle Crash,2,Clear,Dry,Daylight
2024-08-04T23:42:00.000,I 75,,,Angle Crash,2,Clear,Dry,Dark-Not Lighted
2024-11-19T07:40:00.000,I 75,,,Angle Crash,2,Rain,Wet,Daylight
2024-11-22T11:08:00.000,I 75,,,Sideswipe-Same Direction,2,Clear,Dry,Daylight
2024-05-19T01:07:00.000,I 75,,,Sideswipe-Same Direction,2,Clear,Wet,Dark-Not Lighted
2024-12-19T13:57:00.000,I 285,,,Rear End,2,Clear,Dry,Daylight
2024-01-09T18:06:00.000,I 85,,,Rear End,3,Clear,Dry,Dark-Lighted
2024-06-25T14:45:00.000,I 20,,,Rear End,2,Clear,Dry,Daylight
2024-02-24T17:17:00.000,I 85,,,Rear End,2,Clear,Dry,Daylight
2024-09-20T08:15:00.000,I 75,,,Not a Collision with Motor Vehicle,4,Clear,Dry,Daylight
2024-10-25T06:53:00.000,I 75,,,Sideswipe-Same Direction,2,Clear,Dry,Dark-Not Lighted
2024-01-26T08:00:00.000,I 75,,,Sideswipe-Same Direction,2,Cloudy,Dry,Daylight
2024-02-10T20:34:00.000,I 16,,,Rear End,2,Clear,Dry,Dark-Lighted
2024-10-10T19:29:00.000,I 75,,,Rear End,2,Clear,Dry,Dark-Not Lighted
2024-01-27T14:00:00.000,I 285,,,Angle Crash,2,Rain,Water (standing or moving),Daylight
2024-03-25T18:14:00.000,I 75,,,Sideswipe-Same Direction,2,Clear,Dry,Daylight
2024-07-31T16:55:00.000,I 95,,,Rear End,3,Clear,Wet,Daylight
2024-08-10T16:15:00.000,I 85,,,Sideswipe-Same Direction,2,Clear,Dry,Daylight
2024-08-02T12:40:00.000,I 75,,,Rear End,2,Clear,Dry,Daylight
2024-11-08T07:17:00.000,I 16,,,Not a Collision with Motor Vehicle,1,Rain,Wet,Daylight
2024-03-07T17:05:00.000,I 16,,,Angle Crash,2,Clear,Dry,Daylight
2024-08-29T18:30:00.000,I 75,,,Not a Collision with Motor Vehicle,1,Clear,Dry,Daylight
2024-03-16T20:11:00.000,I-75,,,Rear End,4,Clear,Dry,Daylight
2024-02-08T09:58:00.000,I 75,,,Sideswipe-Same Direction,2,Cloudy,Dry,Daylight
2024-11-21T06:57:00.000,I 85,,,Rear End,2,Clear,Dry,Daylight
2024-02-12T07:00:00.000,I 85,,,Sideswipe-Same Direction,2,Rain,Wet,Daylight
2024-06-30T00:26:00.000,I-75,,,Rear End,2,Clear,Dry,Dark-Not Lighted
2024-10-24T16:07:00.000,I 20,,,Rear End,2,Clear,Dry,Daylight
2024-03-26T23:54:00.000,I 75,,,Not a Collision with Motor Vehicle,1,Rain,Wet,Dark-Not Lighted
2024-06-14T18:40:00.000,I 16,,,Rear End,2,Clear,Dry,Daylight
2024-01-19T14:15:00.000,I 75,,,Sideswipe-Same Direction,2,Clear,Dry,Daylight
2024-10-08T15:42:00.000,I 75,,,Not a Collision with Motor Vehicle,1,Clear,Dry,Daylight
2024-07-15T05:38:00.000,I 16,,,Not a Collision with Motor Vehicle,1,Clear,Dry,Dawn
2024-03-28T07:20:00.000,I 85,,,Rear End,2,Cloudy,Dry,Dawn
2024-01-03T18:00:00.000,I 20,,,Not a Collision with Motor Vehicle,1,Clear,Dry,Dark-Lighted
2024-11-17T19:52:00.000,I-75,,,Not a Collision with Motor Vehicle,1,Clear,Dry,Dusk
2024-09-19T10:15:00.000,I 75,,,Rear End,3,Clear,Dry,Daylight
2024-02-27T20:18:00.000,I 285,,,Sideswipe-Same Direction,2,Clear,Dry,Dark-Lighted
2024-05-23T05:25:00.000,I-75,,,Rear End,3,Clear,Dry,Dark-Lighted
2024-07-26T03:46:00.000,I 285,,,Sideswipe-Same Direction,2,Clear,Dry,Dark-Lighted
2024-09-27T16:00:00.000,I 285,,,Sideswipe-Same Direction,2,Clear,Dry,Daylight
2024-11-01T14:28:00.000,I 16,,,Rear End,2,Clear,Dry,Daylight
2024-08-16T21:45:00.000,I-75,,,Rear End,4,Rain,Wet,Dark-Not Lighted
2024-01-27T12:10:00.000,I 20,,,Angle Crash,1,Rain,Wet,Daylight
2024-09-12T03:15:00.000,I 285,,,Not a Collision with Motor Vehicle,1,Rain,Wet,Dark-Not Lighted
2024-06-13T15:40:00.000,I 85,,,Rear End,2,Clear,Dry,Daylight
2024-11-20T19:26:00.000,I 20,,,Rear End,2,Clear,Dry,Dark-Not Lighted
2024-04-05T09:30:00.000,I 285,,,Sideswipe-Same Direction,3,Clear,Dry,Daylight
2024-02-12T22:00:00.000,I 85,,,Sideswipe-Same Direction,2,Clear,Wet,Dark-Not Lighted
2024-03-03T08:00:00.000,I 20,,,Rear End,2,Clear,Dry,Dawn
2024-02-28T06:03:00.000,I 16,,,Sideswipe-Same Direction,2,Clear,Dry,Daylight
2024-12-31T13:34:00.000,I 85,,,Rear End,2,Clear,Dry,Daylight
2024-02-04T00:00:00.000,I 75,,,Sideswipe-Same Direction,2,Rain,Wet,Dark-Not Lighted
2024-10-16T15:04:00.000,I-75,,,Rear End,2,Clear,Dry,Daylight
2024-03-07T23:30:00.000,I 75,,,Angle Crash,2,Clear,Dry,Dark-Not Lighted
2024-03-29T18:50:00.000,I 285,,,Sideswipe-Opposite Direction,2,Clear,Dry,Daylight
2024-10-17T16:35:00.000,I 20,,,Sideswipe-Same Direction,2,Clear,Dry,Daylight
2024-01-09T15:02:00.000,I 75,,,Rear End,2,Cloudy,Dry,Daylight
2024-08-24T23:10:00.000,I 285,,,Sideswipe-Same Direction,2,Clear,Dry,Dark-Not Lighted
2024-02-29T14:30:00.000,I 75,,,Angle Crash,2,Cloudy,Dry,Daylight
2024-12-19T12:22:00.000,I 75,,,Rear End,2,Clear,Dry,Daylight
2024-09-12T21:05:00.000,I 285,,,Angle Crash,2,Rain,Wet,Dark-Not Lighted
2024-08-20T06:50:00.000,I 16,,,Not a Collision with Motor Vehicle,1,Clear,Dry,Daylight
2024-02-11T19:15:00.000,I 20,,,Not a Collision with Motor Vehicle,1,Rain,Wet,Dark-Lighted
2024-02-27T19:46:00.000,I 285,,,Sideswipe-Same Direction,2,Clear,Dry,Dark-Lighted
2024-12-11T05:38:00.000,I 285,,,Angle Crash,2,Rain,Wet,Dark-Not Lighted
2024-02-25T21:41:00.000,I 75,,,Sideswipe-Same Direction,2,Clear,Dry,Dark-Not Lighted
2024-12-23T18:28:00.000,I 285,,,Sideswipe-Same Direction,2,Clear,Dry,Dark-Lighted
2024-09-04T05:24:00.000,I 285,,,Sideswipe-Same Direction,2,Clear,Dry,Dark-Lighted
2024-01-03T18:41:00.000,I 85,,,Sideswipe-Same Direction,2,Clear,Wet,Dark-Not Lighted
2024-02-18T14:00:00.000,I-75,,,Rear End,2,Clear,Dry,Daylight
2024-01-22T06:00:00.000,I 285,,,Sideswipe-Same Direction,2,Clear,Dry,Dark-Not Lighted
2024-05-12T14:50:00.000,I 75,,,Rear End,2,Clear,Dry,Daylight
2024-09-16T03:37:00.000,I 20,,,Not a Collision with Motor Vehicle,2,Cloudy,Dry,Dark-Not Lighted
2024-07-09T17:30:00.000,I 85,,,Rear End,2,Rain,Wet,Daylight
2024-08-04T03:00:00.000,I-75,,,Angle Crash,2,Clear,Dry,Dark-Not Lighted
2024-11-10T14:19:00.000,I 75,,,Rear End,2,Cloudy,Dry,Daylight
2024-02-18T12:13:00.000,I 20,,,Angle Crash,3,Clear,Dry,Daylight
2024-02-04T07:13:00.000,I 20,,,Angle Crash,4,Clear,Dry,Dawn
2024-02-07T08:56:00.000,I 20,,,Sideswipe-Same Direction,2,Clear,Dry,Daylight
2024-03-05T15:21:00.000,I 75,,,Not a Collision with Motor Vehicle,1,Rain,Wet,Daylight
2024-05-08T22:54:00.000,I 20,,,Rear End,2,Clear,Dry,Dark-Lighted
2024-10-25T11:16:00.000,I 16,,,Sideswipe-Same Direction,2,Clear,Dry,Daylight
2024-07-10T18:00:00.000,I 285,,,Rear End,3,Clear,Dry,Daylight
2024-06-29T16:20:00.000,I 16,,,Head On,2,Clear,Dry,Daylight
2024-11-07T08:41:00.000,I 75,,,Rear End,2,Cloudy,Dry,Daylight
2024-03-24T19:24:00.000,I 75,,,Sideswipe-Same Direction,2,Clear,Dry,Dark-Not Lighted
2024-05-19T00:10:00.000,I-75,,,Sideswipe-Same Direction,2,Cloudy,Dry,Dark-Lighted
2024-10-28T00:00:00.000,I 285,,,Not a Collision with Motor Vehicle,1,Clear,Dry,Daylight
2024-04-26T14:07:00.000,I 16,,,Sideswipe-Same Direction,2,Clear,Dry,Daylight
2024-08-11T13:49:00.000,I 75,,,Rear End,2,Clear,Dry,Daylight
2024-02-29T17:14:00.000,I 85,,,Rear End,2,Cloudy,Dry,Daylight
2024-10-18T08:09:00.000,I 16,,,Rear End,2,Clear,Dry,Daylight
2024-09-01T18:57:00.000,I 20,,,Not a Collision with Motor Vehicle,1,Rain,Wet,Dusk
2024-06-21T21:50:00.000,I 85,,,Rear End,3,Clear,Dry,Dark-Not Lighted
2024-03-08T13:48:00.000,I 85,,,Sideswipe-Same Direction,2,Cloudy,Dry,Daylight
2024-03-07T07:58:00.000,I 85,,,Rear End,2,Cloudy,Dry,Daylight
2024-01-09T16:30:00.000,I 75,,,(None),2,(None),(None),(None)
2024-09-26T20:00:00.000,I 20,,,Not a Collision with Motor Vehicle,2,Rain,Wet,Dark-Not Lighted
2024-04-29T21:17:00.000,I 75,,,Rear End,2,Cloudy,Dry,Dark-Not Lighted
2024-06-05T15:10:00.000,I 85,,,Rear End,3,Cloudy,Dry,Daylight
2024-04-16T11:27:00.000,I 75,,,Not a Collision with Motor Vehicle,1,Clear,Dry,Daylight
2024-04-12T13:19:00.000,I 20,,,Sideswipe-Same Direction,2,Clear,Dry,Daylight
2024-08-03T12:15:00.000,I 285,,,Rear End,2,Clear,Dry,Daylight
2024-08-14T12:57:00.000,I 75,,,Not a Collision with Motor Vehicle,1,Cloudy,Dry,Daylight
2024-08-21T05:33:00.000,I 75,,,Sideswipe-Same Direction,2,Clear,Dry,Dark-Not Lighted
2024-01-03T15:23:00.000,I 285,,,Rear End,2,Cloudy,Dry,Daylight
2024-01-13T13:00:00.000,I-75,,,Rear End,2,Clear,Dry,Daylight
2024-03-04T16:09:00.000,I 75,,,Not a Collision with Motor Vehicle,1,Cloudy,Dry,Daylight
2024-06-26T02:00:00.000,I 285,,,Sideswipe-Same Direction,2,Clear,Dry,Dark-Not Lighted
2024-11-09T13:40:00.000,I 85,,,Sideswipe-Same Direction,2,Clear,Dry,Daylight
2024-05-10T06:11:00.000,I 85,,,Not a Collision with Motor Vehicle,1,Clear,Dry,Dawn
2024-08-29T16:33:00.000,I 285,,,Angle Crash,2,Clear,Dry,Daylight
2024-04-11T15:29:00.000,I 85,,,Rear End,2,Clear,Wet,Daylight
2024-03-22T18:30:00.000,I 85,,,Sideswipe-Same Direction,2,Rain,Wet,Daylight
2024-07-27T00:50:00.000,I 285,,,Angle Crash,2,Clear,Dry,Dark-Not Lighted
2024-05-14T22:47:00.000,I 285,,,Angle Crash,2,Clear,Dry,Dark-Not Lighted
2024-08-04T02:00:00.000,I 285,,,Angle Crash,2,Clear,Dry,Dark-Not Lighted
2024-11-15T00:00:00.000,I 285,,,Rear End,2,Clear,Dry,Daylight
2024-01-06T06:56:00.000,I 85,,,Rear End,2,Cloudy,Wet,Daylight
2024-05-02T10:13:00.000,I 20,,,Rear End,2,Clear,Dry,Daylight
2024-02-26T13:50:00.000,I 75,,,Rear End,2,Clear,Dry,Daylight
2024-12-27T11:58:00.000,I 75,,,Rear End,2,Cloudy,Dry,Daylight
2024-11-21T08:52:00.000,I 20,,,Rear End,2,Clear,Dry,Daylight
2024-11-21T09:02:00.000,I 75,,,Rear End,2,Clear,Dry,Daylight
2024-01-06T02:20:00.000,I 75,,,Not a Collision with Motor Vehicle,1,Rain,Wet,Dark-Not Lighted
2024-10-10T20:19:00.000,I 85,,,Angle Crash,2,Clear,Dry,Daylight
2024-12-24T06:42:00.000,I 85,,,Sideswipe-Same Direction,2,Clear,Dry,Daylight
2024-07-29T18:28:00.000,I 20,,,Angle Crash,4,Rain,Wet,Daylight
2024-03-17T02:41:00.000,I 75,,,Rear End,2,Clear,Dry,Dark-Lighted
2024-12-19T13:54:00.000,I 20,,,Sideswipe-Same Direction,2,Clear,Dry,Daylight
2024-06-09T18:51:00.000,I 20,,,Sideswipe-Same Direction,2,Clear,Dry,Daylight
2024-01-05T19:34:00.000,I 285,,,Not a Collision with Motor Vehicle,1,Clear,Dry,Dark-Not Lighted
2024-11-09T13:50:00.000,I 85,,,Rear End,3,Clear,Dry,Daylight
2024-03-24T14:05:00.000,I 20,,,Not a Collision with Motor Vehicle,1,Clear,Dry,Daylight
2024-10-30T07:30:00.000,I 285,,,Not a Collision with Motor Vehicle,2,Cloudy,Dry,Daylight
2024-10-18T16:45:00.000,I 85,,,Rear End,2,Clear,Dry,Daylight
2024-12-03T08:38:00.000,I 16,,,Sideswipe-Same Direction,2,Clear,Dry,Daylight
2024-05-19T15:59:00.000,I 285,,,Rear End,3,Clear,Dry,Daylight
2024-06-27T15:33:00.000,I 85,,,Angle Crash,2,Clear,Dry,Daylight
2024-07-25T17:32:00.000,I-75,,,Sideswipe-Same Direction,2,Clear,Water (standing or moving),Daylight
2024-02-12T15:08:00.000,I 285,,,Sideswipe-Same Direction,2,Cloudy,Wet,Daylight
2024-04-27T17:12:00.000,I 75,,,Rear End,2,Clear,Dry,Daylight
2024-04-09T09:00:00.000,I 85,,,Angle Crash,2,Rain,Wet,Dark-Lighted
2024-11-29T18:48:00.000,I 75,,,Rear End,2,Clear,Dry,Dark-Lighted
2024-08-25T18:00:00.000,I 20,,,Rear End,2,Clear,Dry,Daylight
2024-10-19T23:19:00.000,I 85,,,Angle Crash,2,Clear,Dry,Dark-Lighted
2024-09-06T08:11:00.000,I 75,,,Sideswipe-Same Direction,2,Clear,Dry,Daylight
2024-04-01T22:49:00.000,I 285,,,Rear End,2,Clear,Dry,Dark-Not Lighted
2024-04-23T17:13:00.000,I 20,,,Rear End,2,Clear,Dry,Daylight
2024-08-15T13:51:00.000,I 20,,,Not a Collision with Motor Vehicle,2,Clear,Dry,Daylight
2024-09-26T07:00:00.000,I 20,,,Rear End,2,Clear,Dry,Daylight
2024-06-04T15:10:00.000,I 285,,,Sideswipe-Same Direction,2,Cloudy,Wet,Daylight
2024-11-29T12:50:00.000,I 85,,,Rear End,2,Clear,Dry,Daylight
2024-03-10T17:00:00.000,I 85,,,Rear End,3,Clear,Dry,Daylight
2024-10-22T12:30:00.000,I 285,,,Rear End,2,Clear,Dry,Daylight
2024-04-29T05:57:00.000,I 20,,,Sideswipe-Same Direction,2,Clear,Dry,Dark-Not Lighted
2024-09-14T13:40:00.000,I 285,,,Sideswipe-Same Direction,2,Rain,Wet,Daylight
2024-04-27T02:52:00.000,I 16,,,Not a Collision with Motor Vehicle,1,Clear,Dry,Dark-Not Lighted
2024-08-08T13:20:00.000,I 285,,,Sideswipe-Same Direction,2,Clear,Dry,Daylight
2024-11-15T14:02:00.000,I 85,,,Angle Crash,2,Clear,Dry,Daylight
2024-12-22T20:35:00.000,I 85,,,Sideswipe-Same Direction,2,Clear,Dry,Dark-Lighted
2024-01-23T22:06:00.000,I 285,,,Sideswipe-Opposite Direction,2,Clear,Dry,Dark-Lighted
2024-02-15T10:36:00.000,I 20,,,Sideswipe-Same Direction,2,Clear,Dry,Daylight
2024-07-17T05:10:00.000,I 20,,,Not a Collision with Motor Vehicle,1,Clear,Dry,Dark-Not Lighted
2024-02-08T06:27:00.000,I 20,,,Rear End,3,Clear,Dry,Dark-Not Lighted
2024-01-13T17:50:00.000,I-75,,,Rear End,2,Clear,Dry,Dark-Lighted
2024-12-11T16:38:00.000,I 285,,,Angle Crash,2,Clear,Dry,Daylight
2024-03-01T15:35:00.000,I 285,,,Rear End,2,Rain,Wet,Daylight
2024-01-30T12:25:00.000,I 75,,,Rear End,2,Clear,Dry,Daylight
2024-01-07T03:20:00.000,I 285,,,Not a Collision with Motor Vehicle,1,Clear,Dry,Dark-Not Lighted
2024-06-30T16:24:00.000,I 16,,,(None),1,(None),(None),(None)
2024-04-21T00:24:00.000,I 75,,,Rear End,2,Rain,Wet,Dark-Not Lighted
2024-10-09T16:44:00.000,I-75,,,Rear End,2,Clear,Dry,Daylight
2024-07-07T21:30:00.000,I-75,,,Rear End,2,Clear,Dry,Dusk
2024-12-27T17:35:00.000,I 20,,,Rear End,2,Clear,Wet,Dark-Not Lighted
2024-06-24T21:17:00.000,I 285,,,Angle Crash,3,Clear,Dry,Daylight
2024-02-01T11:35:00.000,Sr 140,,,Angle Crash,2,Clear,Dry,Daylight
2024-02-27T18:06:00.000,I 20,,,Rear End,2,Clear,Dry,Daylight
2024-09-28T17:51:00.000,I 16,,,(None),1,(None),(None),(None)
2024-03-01T08:47:00.000,I 285,,,Angle Crash,2,Rain,Wet,Daylight
2024-02-29T06:55:00.000,I 85,,,Sideswipe-Same Direction,2,Clear,Dry,Daylight
2024-10-03T15:27:00.000,I 75,,,Rear End,2,Clear,Dry,Daylight
2024-12-12T07:20:00.000,I 20,,,Sideswipe-Same Direction,2,Clear,Dry,Daylight
2024-02-26T10:39:00.000,I 285,,,Sideswipe-Same Direction,2,Clear,Dry,Daylight
2024-08-08T06:30:00.000,I-75,,,Sideswipe-Same Direction,3,Clear,Dry,Daylight
2024-05-31T13:32:00.000,I 75,,,Sideswipe-Same Direction,2,Clear,Dry,Daylight
2024-06-13T17:26:00.000,I 85,,,Not a Collision with Motor Vehicle,1,Clear,Dry,Daylight
2024-09-29T16:27:00.000,I 75,,,Rear End,2,Clear,Dry,Daylight
2024-02-14T19:44:00.000,I 285,,,Angle Crash,2,Cloudy,Dry,Dark-Lighted
2024-01-15T13:05:00.000,I 75,,,Sideswipe-Same Direction,2,Rain,Wet,Daylight
2024-06-19T12:12:00.000,I 75,,,Rear End,2,Clear,Dry,Daylight
2024-02-21T18:46:00.000,I-75,,,Rear End,2,Clear,Dry,Daylight
2024-01-25T17:27:00.000,I 85,,,Not a Collision with Motor Vehicle,1,Rain,Wet,Dusk
2024-07-16T01:30:00.000,I-75,,,Rear End,2,Clear,Dry,Dark-Not Lighted
2024-01-29T15:32:00.000,I 16,,,Rear End,2,Clear,Dry,Daylight
2024-09-11T05:27:00.000,I 75,,,Sideswipe-Same Direction,2,Clear,Dry,Dark-Not Lighted
2024-09-15T10:33:00.000,I 75,,,Sideswipe-Same Direction,2,Cloudy,Dry,Daylight
2024-03-08T21:50:00.000,I 285,,,Sideswipe-Same Direction,2,Rain,Wet,Dark-Lighted
2024-06-25T16:14:00.000,I 20,,,Rear End,2,Clear,Dry,Daylight
2024-10-27T13:00:00.000,I-75,,,Sideswipe-Opposite Direction,2,Clear,Dry,Daylight
2024-01-02T18:49:00.000,I-75,,,Not a Collision with Motor Vehicle,3,Clear,Dry,Dark-Not Lighted
2024-09-14T10:57:00.000,I 20,,,Not a Collision with Motor Vehicle,1,Cloudy,Wet,Daylight
2024-01-04T11:56:00.000,I 285,,,Sideswipe-Same Direction,2,Clear,Dry,Daylight
2024-04-10T16:50:00.000,I-75,,,Rear End,2,Cloudy,Dry,Daylight
2024-06-11T15:54:00.000,I 20,,,Sideswipe-Same Direction,2,Clear,Dry,Daylight
2024-04-20T00:00:00.000,I 285,,,Rear End,3,Clear,Dry,Dark-Lighted
2024-02-21T00:48:00.000,I-75,,,Rear End,2,Clear,Dry,Dark-Lighted
2024-10-19T21:00:00.000,I 285,,,Rear End,2,Clear,Dry,Dark-Lighted
2024-03-09T22:23:00.000,I-75,,,Rear End,2,Clear,Dry,Dark-Lighted
2024-09-13T21:00:00.000,I-75,,,Rear End,2,Clear,Dry,Dark-Lighted
2024-05-31T21:38:00.000,I-75,,,Sideswipe-Same Direction,2,Clear,Dry,Dark-Lighted
2024-09-23T17:58:00.000,I 95,,,Angle Crash,2,Clear,Dry,Daylight
2024-06-22T00:47:00.000,I 16,,,(None),1,(None),(None),(None)
2024-08-30T16:39:00.000,I 75,,,Not a Collision with Motor Vehicle,1,Clear,Dry,Daylight
2024-05-03T15:56:00.000,I 16,,,Not a Collision with Motor Vehicle,1,Rain,Wet,Daylight
2024-07-02T10:28:00.000,I 20,,,Rear End,2,Cloudy,Dry,Daylight
2024-11-06T07:35:00.000,I 285,,,Sideswipe-Same Direction,2,Cloudy,Dry,Daylight
2024-08-02T20:30:00.000,I 85,,,Angle Crash,2,Cloudy,Dry,Dark-Lighted
2024-11-15T16:20:00.000,I 85,,,Rear End,2,Clear,Dry,Daylight
2024-01-06T00:17:00.000,I 285,,,Angle Crash,2,Rain,Wet,Dark-Not Lighted
2024-05-15T14:30:00.000,I 285,,,Sideswipe-Same Direction,2,Rain,Wet,Daylight
2024-08-28T23:46:00.000,I 75,,,Not a Collision with Motor Vehicle,2,Clear,Dry,Dark-Lighted
2024-06-16T18:08:00.000,I 20,,,Sideswipe-Same Direction,2,Clear,Dry,Daylight
2024-01-28T06:00:00.000,I-75,,,Rear End,2,Clear,Dry,Daylight
2024-03-07T07:25:00.000,I 20,,,Rear End,2,Clear,Dry,Daylight
2024-04-30T08:40:00.000,I 285,,,Rear End,2,Rain,Wet,Daylight
2024-09-22T19:58:00.000,I 285,,,Angle Crash,2,Clear,Dry,Dark-Lighted
2024-08-01T15:39:00.000,I 285,,,Rear End,2,Clear,Dry,Daylight
2024-03-11T18:01:00.000,I 20,,,Not a Collision with Motor Vehicle,1,Cloudy,Wet,Daylight
2024-04-09T06:28:00.000,I 85,,,Sideswipe-Same Direction,2,Rain,Wet,Dark-Not Lighted
2024-06-12T12:30:00.000,I 20,,,Sideswipe-Same Direction,2,Clear,Dry,Daylight
2024-07-05T21:32:00.000,I 20,,,Rear End,2,Clear,Dry,Dark-Not Lighted
2024-03-25T20:50:00.000,I 285,,,Sideswipe-Same Direction,2,Clear,Dry,Dark-Lighted
2024-06-15T10:31:00.000,I 85,,,Rear End,4,Clear,Dry,Daylight
2024-01-29T21:30:00.000,I 285,,,Not a Collision with Motor Vehicle,1,Clear,Dry,Dark-Lighted
2024-10-09T19:30:00.000,I 285,,,Sideswipe-Same Direction,2,Clear,Dry,Dark-Not Lighted
2024-10-26T20:10:00.000,I 75,,,Sideswipe-Same Direction,2,Cloudy,Dry,Dark-Lighted
2024-05-01T09:30:00.000,I 285,,,Rear End,2,Clear,Dry,Daylight
2024-02-26T05:23:00.000,I 20,,,Sideswipe-Same Direction,2,Clear,Dry,Dark-Not Lighted
2024-12-06T16:59:00.000,I 75,,,Angle Crash,2,Clear,Dry,Daylight
2024-07-20T00:00:00.000,I 285,,,Not a Collision with Motor Vehicle,1,Cloudy,Water (standing or moving),Dark-Not Lighted
2024-04-13T11:18:00.000,I 85,,,Rear End,2,Clear,Dry,Daylight
2024-07-10T19:30:00.000,I 285,,,Sideswipe-Same Direction,2,Clear,Dry,Daylight
2024-12-16T15:30:00.000,I 75,,,Not a Collision with Motor Vehicle,1,Clear,Dry,Daylight
2024-05-25T12:00:00.000,I-75,,,Rear End,2,Clear,Dry,Daylight
2024-04-11T01:45:00.000,I 20,,,Not a Collision with Motor Vehicle,1,Rain,Wet,Dark-Not Lighted
2024-06-03T15:44:00.000,I 285,,,Angle Crash,2,Clear,Dry,Daylight
2024-07-14T22:50:00.000,I-75,,,Angle Crash,2,Clear,Dry,Dark-Lighted
2024-02-16T11:26:00.000,I 20,,,Not a Collision with Motor Vehicle,1,Clear,Dry,Daylight
2024-07-11T23:20:00.000,I-75,,,Rear End,2,Cloudy,Dry,Dark-Not Lighted
2024-04-24T18:00:00.000,I 285,,,Rear End,2,Clear,Dry,Daylight
2024-03-24T12:01:00.000,I 75,,,Sideswipe-Same Direction,2,Clear,Dry,Daylight
2024-11-30T12:20:00.000,I 75,,,Rear End,2,Clear,Dry,Daylight
2024-07-01T16:07:00.000,I 16,,,Sideswipe-Same Direction,2,Rain,Wet,Daylight
2024-02-20T08:36:00.000,I 75,,,Sideswipe-Same Direction,2,Clear,Dry,Daylight
2024-01-30T07:45:00.000,I 20,,,Angle Crash,2,Clear,Dry,Daylight
2024-02-07T07:35:00.000,I-75,,,Rear End,2,Clear,Dry,Daylight
2024-09-14T07:11:00.000,I 75,,,Sideswipe-Same Direction,2,Cloudy,Dry,Dawn
2024-02-16T13:10:00.000,I 85,,,Sideswipe-Same Direction,2,Cloudy,Dry,Daylight
2024-10-20T19:55:00.000,I 75,,,Rear End,2,Clear,Dry,Dark-Lighted
2024-07-20T00:20:00.000,I-75,,,Rear End,2,Rain,Wet,Dark-Lighted
2024-09-27T08:00:00.000,I 16,,,Not a Collision with Motor Vehicle,1,Rain,Wet,Dusk
2024-05-20T11:45:00.000,I 85,,,Sideswipe-Same Direction,1,Clear,Dry,Daylight
2024-08-13T17:00:00.000,I 20,,,Rear End,2,Clear,Dry,Daylight
2024-11-20T12:23:00.000,I 85,,,Rear End,2,Cloudy,Dry,Daylight
2024-09-10T01:50:00.000,I 285,,,Sideswipe-Same Direction,2,Clear,Dry,Dark-Lighted
2024-03-15T16:10:00.000,I 85,,,Rear End,2,Cloudy,Dry,Daylight
2024-04-09T06:12:00.000,I 85,,,Not a Collision with Motor Vehicle,1,Rain,Wet,Dark-Not Lighted
2024-02-28T16:48:00.000,I 285,,,Rear End,2,Rain,Wet,Daylight
2024-11-06T19:10:00.000,I 75,,,Rear End,3,Cloudy,Dry,Dark-Lighted
2024-11-30T17:20:00.000,I 85,,,Not a Collision with Motor Vehicle,2,Clear,Dry,Daylight
2024-02-14T16:32:00.000,I 16,,,Not a Collision with Motor Vehicle,2,Clear,Dry,Daylight
2024-06-17T18:13:00.000,I 285,,,Rear End,2,Clear,Dry,Daylight
2024-04-05T16:06:00.000,I 75,,,Rear End,3,Clear,Dry,Daylight
2024-01-16T23:25:00.000,I 75,,,Rear End,2,Clear,Dry,Dark-Not Lighted
2024-06-20T04:30:00.000,I 95,,,Not a Collision with Motor Vehicle,1,Clear,Dry,Dark-Lighted
2024-03-22T22:50:00.000,I 75,,,Not a Collision with Motor Vehicle,1,Rain,Wet,Dark-Lighted
2024-04-14T13:21:00.000,I 75,,,Rear End,2,Clear,Dry,Daylight
2024-04-17T13:12:00.000,I 285,,,Rear End,3,Clear,Dry,Daylight
2024-05-18T18:56:00.000,I-75,,,Rear End,2,Clear,Dry,Daylight
2024-03-17T00:56:00.000,I-75,,,Rear End,3,Clear,Wet,Dark-Lighted
2024-11-12T03:47:00.000,I 85,,,Angle Crash,2,Clear,Dry,Dark-Lighted
2024-02-03T15:48:00.000,I-75,,,Sideswipe-Same Direction,2,Clear,Dry,Daylight
2024-03-06T05:44:00.000,I 75,,,Angle Crash,2,Rain,Wet,Dark-Not Lighted
2024-02-12T13:07:00.000,I 20,,,Sideswipe-Same Direction,2,Rain,Water (standing or moving),Daylight
2024-06-09T22:55:00.000,I 285,,,Rear End,3,Rain,Wet,Dark-Lighted
2024-05-18T10:52:00.000,I 75,,,(None),1,(None),(None),(None)
2024-09-17T10:40:00.000,I 85,,,Rear End,2,Clear,Dry,Daylight
2024-08-29T06:15:00.000,I 75,,,Sideswipe-Same Direction,3,Clear,Dry,Dawn
2024-02-20T22:02:00.000,I 85,,,Sideswipe-Same Direction,2,Clear,Dry,Dark-Not Lighted
2024-01-10T17:22:00.000,I 20,,,Rear End,2,Clear,Dry,Dark-Not Lighted