Date and Time,Roadway (From Crash Report),Intersection Name (from Crash Report),KABCO Severity,Manner of Collision (Crash Level) ,# of Vehicles per crash ,Weather Conditions (Crash Level),Surface Condition (Crash Level) ,Light Conditions (Crash Level)
2024-01-14T05:28:00.000,I 285,,,Sideswipe-Same Direction,2,Clear,Dry,Dark-Lighted
2024-03-06T11:10:00.000,I-75,,,Angle Crash,2,Cloudy,Wet,Daylight
2024-05-16T17:30:00.000,I 285,,,Not a Collision with Motor Vehicle,1,Clear,Dry,Daylight
2024-06-21T14:55:00.000,I 285,,,Angle Crash,2,Clear,Dry,Daylight
2024-05-01T19:50:00.000,I 285,,,Not a Collision with Motor Vehicle,1,Clear,Dry,Daylight
2024-12-17T11:10:00.000,I 75,,,Sideswipe-Same Direction,2,Clear,Dry,Daylight
2024-02-10T23:38:00.000,I 75,,,Sideswipe-Same Direction,2,Cloudy,Wet,Dark-Lighted
2024-10-30T14:20:00.000,I 75,,,Sideswipe-Same Direction,2,Clear,Dry,Daylight
2024-09-23T12:45:00.000,I 285,,,Sideswipe-Same Direction,2,Clear,Dry,Daylight
2024-06-12T00:00:00.000,I 75,,,Sideswipe-Same Direction,2,Clear,Dry,Dark-Lighted
2024-06-12T18:30:00.000,I 285,,,Angle Crash,2,Clear,Dry,Daylight
2024-01-10T14:20:00.000,I 20,,,Not a Collision with Motor Vehicle,1,Clear,Dry,Daylight
2024-01-16T20:35:00.000,I 20,,,Not a Collision with Motor Vehicle,1,Clear,Dry,Dark-Not Lighted
2024-04-25T15:45:00.000,I 285,,,Head On,2,Clear,Dry,Daylight
2024-11-06T03:52:00.000,I 20,,,Rear End,2,Cloudy,Wet,Dark-Not Lighted
2024-09-25T18:50:00.000,I 85,,,Not a Collision with Motor Vehicle,1,Rain,Wet,Dusk
2024-06-21T17:40:00.000,I 20,,,Rear End,2,Clear,Dry,Daylight
2024-09-25T14:35:00.000,I 20,,,Not a Collision with Motor Vehicle,1,Rain,Wet,Daylight
2024-06-24T11:45:00.000,I 95,,,Sideswipe-Same Direction,2,Cloudy,Dry,Daylight
2024-01-04T13:59:00.000,I 75,,,Rear End,5,Clear,Dry,Daylight
2024-01-08T19:55:00.000,I 20,,,Sideswipe-Same Direction,2,Rain,Wet,Dark-Lighted
2024-04-18T14:58:00.000,I 85,,,Sideswipe-Same Direction,2,Clear,Dry,Daylight
2024-12-24T19:17:00.000,I 75,,,Not a Collision with Motor Vehicle,1,Clear,Dry,Dark-Lighted
2024-01-15T20:25:00.000,I 20,,,Sideswipe-Same Direction,2,Clear,Dry,Dark-Lighted
2024-08-17T18:26:00.000,I 75,,,Sideswipe-Same Direction,2,Cloudy,Wet,Daylight
2024-03-02T14:03:00.000,I-75,,,Rear End,2,Clear,Dry,Daylight
2024-08-20T23:53:00.000,I 85,,,Not a Collision with Motor Vehicle,1,Clear,Dry,Dark-Not Lighted
2024-08-09T15:30:00.000,I 20,,,Rear End,3,Clear,Dry,Daylight
2024-12-10T13:53:00.000,I 75,,,Rear End,2,Rain,Wet,Daylight
2024-10-25T01:43:00.000,I 75,,,Angle Crash,2,Clear,Dry,Dark-Lighted
2024-10-27T06:20:00.000,I 85,,,Head On,1,Clear,Dry,Dark-Lighted
2024-02-20T11:08:00.000,I 285,,,Rear End,2,Clear,Dry,Daylight
2024-04-10T18:04:00.000,I 16,,,Not a Collision with Motor Vehicle,1,Clear,Dry,Daylight
2024-03-22T21:57:00.000,I-75,,,Rear End,2,Rain,Wet,Dark-Lighted
2024-09-24T16:00:00.000,I 285,,,Rear End,2,Clear,Dry,Daylight
2024-05-13T15:47:00.000,I 85,,,Sideswipe-Same Direction,2,Clear,Dry,Daylight
2024-08-05T00:00:00.000,I 285,,,Rear End,2,Clear,Dry,Daylight
2024-04-14T13:15:00.000,I 20,,,Rear End,2,Clear,Dry,Daylight
2024-02-03T13:04:00.000,I 85,,,Sideswipe-Same Direction,2,Clear,Dry,Daylight
2024-01-09T03:56:00.000,I 20,,,Angle Crash,2,Rain,Wet,Dark-Lighted
2024-02-21T15:07:00.000,I 95,,,Not a Collision with Motor Vehicle,1,Clear,Dry,Daylight
2024-07-07T19:45:00.000,I 85,,,Not a Collision with Motor Vehicle,1,Clear,Dry,Daylight
2024-12-02T07:13:00.000,I 85,,,Rear End,2,Clear,Dry,Daylight
2024-10-13T05:04:00.000,I 75,,,Sideswipe-Same Direction,2,Clear,Dry,Dark-Not Lighted
2024-09-13T06:56:00.000,I 85,,,Sideswipe-Same Direction,2,Cloudy,Dry,Daylight
2024-10-10T07:12:00.000,I 75,,,Not a Collision with Motor Vehicle,1,Cloudy,Wet,Daylight
2024-07-19T22:11:00.000,I 20,,,Sideswipe-Same Direction,2,Rain,Wet,Dark-Not Lighted
2024-04-07T00:01:00.000,I 285,,,Sideswipe-Same Direction,2,Clear,Dry,Dark-Not Lighted
2024-05-15T15:16:00.000,I 75,,,Sideswipe-Same Direction,2,Clear,Dry,Daylight
2024-10-17T06:00:00.000,I 16,,,(None),1,(None),(None),(None)
2024-06-08T00:00:00.000,I 75,,,Not a Collision with Motor Vehicle,1,Clear,Dry,Dark-Not Lighted
2024-03-06T17:37:00.000,I-75,,,Sideswipe-Same Direction,2,Clear,Dry,Daylight
2024-10-15T17:50:00.000,I 285,,,Rear End,2,Clear,Dry,Daylight
2024-11-23T13:57:00.000,I 75,,,Sideswipe-Same Direction,3,Clear,Dry,Daylight
2024-05-30T10:01:00.000,I 75,,,Sideswipe-Same Direction,2,Clear,Dry,Daylight
2024-08-28T03:52:00.000,I 16,,,Sideswipe-Same Direction,2,Clear,Dry,Dark-Not Lighted
2024-05-28T09:06:00.000,I 85,,,Rear End,2,Clear,Dry,Daylight
2024-05-05T18:25:00.000,I 285,,,Rear End,2,Cloudy,Wet,Daylight
2024-04-18T02:00:00.000,I-75,,,Sideswipe-Same Direction,2,Clear,Dry,Dusk
2024-02-18T12:13:00.000,I 20,,,Rear End,2,Clear,Dry,Daylight
2024-02-23T18:05:00.000,I 20,,,Rear End,2,Clear,Dry,Dark-Lighted
2024-03-09T21:16:00.000,I-75,,,Rear End,2,Clear,Dry,Dark-Not Lighted
2024-06-07T14:23:00.000,I-75,,,Sideswipe-Same Direction,2,Clear,Dry,Daylight
2024-12-30T21:55:00.000,I 285,,,Angle Crash,2,Clear,Dry,Dark-Not Lighted
2024-06-28T04:17:00.000,I 20,,,Rear End,2,Clear,Dry,Dark-Not Lighted
2024-01-24T07:11:00.000,I-75,,,Sideswipe-Same Direction,5,Rain,Wet,Dark-Lighted
2024-02-08T15:28:00.000,I 285,,,Rear End,3,Clear,Dry,Daylight
2024-02-08T13:36:00.000,I 85,,,Sideswipe-Same Direction,2,Clear,Dry,Daylight
2024-01-08T19:53:00.000,I 75,,,Sideswipe-Same Direction,2,Clear,Dry,Dark-Lighted
2024-01-29T00:00:00.000,I 85,,,Rear End,2,Clear,Dry,Dark-Not Lighted
2024-05-20T16:08:00.000,I 95,,,Not a Collision with Motor Vehicle,2,Clear,Dry,Daylight
2024-12-03T18:53:00.000,I 75,,,Angle Crash,2,Clear,Dry,Dark-Lighted
2024-10-03T13:27:00.000,I 285,,,Rear End,2,Clear,Dry,Daylight
2024-06-18T12:40:00.000,I 75,,,Sideswipe-Opposite Direction,2,Cloudy,Dry,Daylight
2024-12-26T09:16:00.000,I 95,,,Sideswipe-Same Direction,2,Cloudy,Dry,Daylight
2024-06-30T06:16:00.000,I 285,,,Rear End,2,Clear,Dry,Dark-Lighted
2024-07-06T04:00:00.000,I-75,,,Not a Collision with Motor Vehicle,1,Clear,Dry,Dark-Not Lighted
2024-06-21T23:37:00.000,I 20,,,Not a Collision with Motor Vehicle,1,Clear,Dry,Dark-Lighted
2024-09-15T20:00:00.000,I-75,,,Rear End,2,Cloudy,Dry,Daylight
2024-12-08T14:29:00.000,I 75,,,Not a Collision with Motor Vehicle,1,Cloudy,Dry,Daylight
2024-06-17T10:21:00.000,I 75,,,Rear End,4,Clear,Dry,Daylight
2024-11-18T17:29:00.000,I 75,,,Rear End,2,Clear,Dry,Dusk
2024-06-18T20:56:00.000,I 85,,,Sideswipe-Same Direction,2,Clear,Dry,Dark-Not Lighted
2024-10-04T14:35:00.000,I 285,,,Angle Crash,2,Cloudy,Dry,Daylight
2024-01-07T17:20:00.000,I 75,,,Rear End,2,Clear,Dry,Daylight
2024-04-12T14:10:00.000,I 285,,,Sideswipe-Same Direction,2,Clear,Dry,Daylight
2024-05-09T08:00:00.000,I 285,,,Rear End,2,Cloudy,Dry,Daylight
2024-05-24T15:50:00.000,I 20,,,Sideswipe-Same Direction,2,Cloudy,Dry,Dawn
2024-03-16T17:40:00.000,I-75,,,Rear End,2,Clear,Dry,Daylight
2024-11-21T10:45:00.000,I 285,,,Rear End,2,Clear,Dry,Daylight
2024-08-16T22:50:00.000,I 75,,,Rear End,2,Rain,Wet,Dark-Not Lighted
2024-04-22T12:00:00.000,I 20,,,Rear End,2,Clear,Dry,Daylight
2024-08-14T15:52:00.000,I 285,,,Rear End,2,Clear,Dry,Daylight
2024-02-09T08:40:00.000,I 285,,,Angle Crash,2,Clear,Dry,Daylight
2024-09-27T12:53:00.000,I 85,,,Not a Collision with Motor Vehicle,2,Cloudy,Dry,Daylight
2024-01-18T08:50:00.000,I 20,,,Sideswipe-Same Direction,2,Clear,Dry,Daylight
2024-05-01T11:15:00.000,I 85,,,Sideswipe-Same Direction,2,Clear,Dry,Daylight
2024-06-17T22:30:00.000,I 285,,,Rear End,2,Clear,Dry,Dark-Not Lighted
2024-04-21T00:25:00.000,I 285,,,Sideswipe-Same Direction,2,Rain,Wet,Dark-Not Lighted
2024-05-04T02:10:00.000,I 75,,,Not a Collision with Motor Vehicle,1,Cloudy,Wet,Dark-Not Lighted
2024-02-06T17:34:00.000,I 20,,,Rear End,2,Clear,Dry,Daylight
2024-07-04T21:20:00.000,I 85,,,Sideswipe-Same Direction,2,Clear,Dry,Dark-Lighted
2024-02-19T17:53:00.000,I 285,,,Sideswipe-Same Direction,2,Clear,Dry,Daylight
2024-08-09T13:45:00.000,I 75,,,Rear End,2,Clear,Dry,Daylight
2024-11-14T07:42:00.000,I 85,,,Not a Collision with Motor Vehicle,1,Rain,Wet,Daylight
2024-06-15T11:55:00.000,I 85,,,Not a Collision with Motor Vehicle,1,Clear,Dry,Daylight
2024-12-05T23:17:00.000,I 20,,,Sideswipe-Same Direction,2,Clear,Dry,Dark-Lighted
2024-11-04T14:30:00.000,I 20,,,Rear End,2,Clear,Dry,Daylight
2024-02-22T13:00:00.000,I 285,,,Rear End,2,Clear,Dry,Daylight
2024-11-28T17:00:00.000,I 285,,,Rear End,2,Clear,Dry,Daylight
2024-07-19T20:40:00.000,I 85,,,Rear End,2,Rain,Wet,Dark-Not Lighted
2024-09-06T03:03:00.000,I 85,,,Rear End,2,Clear,Dry,Dark-Lighted
2024-11-04T14:43:00.000,I 20,,,Not a Collision with Motor Vehicle,1,Cloudy,Dry,Daylight
2024-10-11T15:19:00.000,I 16,,,Not a Collision with Motor Vehicle,2,Clear,Dry,Daylight
2024-03-25T06:35:00.000,I 85,,,Rear End,2,Cloudy,Dry,Dawn
2024-08-13T13:52:00.000,I 95,,,Sideswipe-Same Direction,2,Clear,Dry,Daylight
2024-06-16T01:40:00.000,I-75,,,Not a Collision with Motor Vehicle,1,Clear,Dry,Dark-Lighted
2024-10-06T13:01:00.000,I 75,,,Sideswipe-Same Direction,3,Clear,Dry,Daylight
2024-02-25T17:15:00.000,I 20,,,Sideswipe-Same Direction,2,Cloudy,Dry,Daylight
2024-10-30T20:17:00.000,I-75,,,Sideswipe-Same Direction,2,Clear,Dry,Dark-Lighted
2024-12-20T11:04:00.000,I 85,,,Rear End,2,Clear,Dry,Daylight
2024-02-24T17:00:00.000,I 85,,,Rear End,2,Clear,Dry,Daylight
2024-01-11T23:40:00.000,I 285,,,Not a Collision with Motor Vehicle,1,Clear,Dry,Dark-Lighted
2024-09-12T09:57:00.000,I 85,,,Sideswipe-Same Direction,2,Rain,Wet,Daylight
2024-10-18T13:55:00.000,I 285,,,Rear End,2,Clear,Dry,Dark-Lighted
2024-01-19T00:00:00.000,I 85,,,Sideswipe-Same Direction,2,Clear,Dry,Daylight
2024-12-17T16:18:00.000,I 16,,,Rear End,2,Clear,Dry,Daylight
2024-03-22T20:03:00.000,I 75,,,Rear End,2,Rain,Wet,Dark-Lighted
2024-09-04T08:55:00.000,I 85,,,Rear End,2,Clear,Dry,Daylight
2024-09-22T17:15:00.000,I 20,,,Angle Crash,2,Clear,Dry,Daylight
2024-01-29T07:16:00.000,I 20,,,Sideswipe-Same Direction,2,Cloudy,Dry,Daylight
2024-04-01T07:12:00.000,I 85,,,Not a Collision with Motor Vehicle,1,Clear,Dry,Dawn
2024-09-20T15:50:00.000,I 285,,,Sideswipe-Same Direction,2,Clear,Dry,Daylight
2024-06-25T10:10:00.000,I 285,,,Rear End,2,Clear,Dry,Daylight
2024-07-24T18:00:00.000,I 285,,,Sideswipe-Same Direction,2,Rain,Dry,Daylight
2024-11-26T11:09:00.000,I 20,,,Rear End,2,Clear,Dry,Daylight
2024-10-20T16:20:00.000,I 285,,,Sideswipe-Same Direction,2,Clear,Dry,Daylight
2024-01-15T11:00:00.000,I 16,,,Not a Collision with Motor Vehicle,1,Clear,Dry,Daylight
2024-07-30T08:00:00.000,I 85,,,Angle Crash,2,Clear,Dry,Daylight
2024-07-12T17:55:00.000,I 75,,,Sideswipe-Same Direction,2,Clear,Dry,Daylight
2024-09-17T09:59:00.000,I 85,,,Rear End,2,Cloudy,Dry,Daylight
2024-09-21T21:47:00.000,I 16,,,Sideswipe-Same Direction,3,Clear,Dry,Dark-Not Lighted
2024-02-08T10:37:00.000,I 85,,,Rear End,2,Clear,Dry,Daylight
2024-03-28T03:35:00.000,I 95,,,Not a Collision with Motor Vehicle,1,Rain,Wet,Dark-Lighted
2024-09-29T00:44:00.000,I 85,,,Sideswipe-Same Direction,2,Clear,Dry,Daylight
2024-04-16T23:45:00.000,I 285,,,Sideswipe-Same Direction,2,Clear,Dry,Dark-Not Lighted
2024-09-27T16:42:00.000,I 20,,,Rear End,2,Clear,Dry,Daylight
2024-09-14T14:25:00.000,I 285,,,Rear End,2,Rain,Wet,Daylight
2024-08-15T13:35:00.000,I 85,,,Rear End,2,Clear,Dry,Daylight
2024-11-13T20:57:00.000,I 85,,,Angle Crash,2,Cloudy,Dry,Dark-Lighted
2024-05-27T15:35:00.000,I 85,,,Rear End,2,Clear,Dry,Daylight
2024-06-20T23:32:00.000,I 85,,,Rear End,2,Clear,Dry,Dark-Not Lighted
2024-02-05T10:40:00.000,I 20,,,Rear End,2,Cloudy,Dry,Daylight
2024-11-28T20:30:00.000,I 285,,,Angle Crash,2,Clear,Dry,Dark-Lighted
2024-01-01T01:00:00.000,I 285,,,Angle Crash,5,Clear,Dry,Dark-Lighted
2024-01-10T17:17:00.000,I 20,,,Rear End,2,Clear,Dry,Daylight
2024-08-30T17:44:00.000,I 20,,,Rear End,2,Clear,Dry,Daylight
2024-07-28T03:11:00.000,I 85,,,Rear End,2,Clear,Dry,Dark-Lighted
2024-04-05T00:00:00.000,I 75,,,Sideswipe-Same Direction,2,Clear,Dry,Daylight
2024-11-03T04:07:00.000,I 85,,,Angle Crash,2,Clear,Dry,Dark-Not Lighted
2024-10-28T12:00:00.000,I-75,,,Sideswipe-Same Direction,2,Clear,Dry,Daylight
2024-10-11T10:05:00.000,I 75,,,Sideswipe-Same Direction,1,Clear,Dry,Daylight
2024-11-27T22:00:00.000,I 285,,,Sideswipe-Same Direction,2,Clear,Dry,Dark-Lighted
2024-03-07T16:00:00.000,I 75,,,Rear End,2,Clear,Dry,Daylight
2024-09-07T12:55:00.000,I 75,,,Rear End,2,Cloudy,Dry,Daylight
2024-02-15T18:34:00.000,I 75,,,Rear End,3,Clear,Dry,Dark-Lighted
2024-10-02T12:38:00.000,I 85,,,Rear End,2,Clear,Dry,Daylight
2024-05-22T11:00:00.000,I 285,,,Rear End,2,Clear,Dry,Daylight
2024-09-19T15:15:00.000,I 75,,,Sideswipe-Same Direction,2,Clear,Dry,Daylight
2024-01-07T19:20:00.000,I-75,,,Rear End,2,Clear,Dry,Dark-Lighted
2024-02-17T18:32:00.000,I 85,,,Rear End,2,Clear,Dry,Dark-Lighted
2024-10-18T16:34:00.000,I 85,,,Sideswipe-Same Direction,2,Clear,Dry,Daylight
2024-01-24T20:42:00.000,I-75,,,Rear End,3,Rain,Wet,Dark-Not Lighted
2024-07-29T00:00:00.000,I-75,,,Rear End,2,Cloudy,Wet,Dark-Lighted
2024-09-24T17:42:00.000,I 85,,,Rear End,3,Clear,Dry,Daylight
2024-01-03T17:50:00.000,I 85,,,Rear End,2,Cloudy,Dry,Dark-Not Lighted
2024-02-05T13:30:00.000,I 75,,,Rear End,2,Cloudy,Dry,Daylight
2024-09-12T18:46:00.000,I 75,,,Sideswipe-Same Direction,2,Rain,Wet,Dusk
2024-02-25T14:41:00.000,I-75,,,Rear End,2,Clear,Dry,Daylight
2024-08-30T12:25:00.000,I 285,,,Sideswipe-Same Direction,2,Cloudy,Dry,Daylight
2024-03-06T07:41:00.000,I 20,,,Angle Crash,2,Cloudy,Wet,Daylight
2024-04-17T16:40:00.000,I-75,,,Sideswipe-Same Direction,2,Clear,Dry,Daylight
2024-03-01T15:26:00.000,I 75,,,Rear End,2,Rain,Wet,Daylight
2024-12-07T18:37:00.000,I 285,,,Rear End,2,Clear,Dry,Daylight
2024-12-20T14:28:00.000,I 75,,,Rear End,3,Clear,Dry,Daylight
2024-08-14T17:45:00.000,I 285,,,Rear End,2,Clear,Dry,Daylight
2024-12-17T16:22:00.000,I 85,,,Rear End,3,Clear,Dry,Daylight
2024-05-11T11:27:00.000,I-75,,,Rear End,2,Clear,Dry,Daylight
2024-02-27T16:48:00.000,I 285,,,Sideswipe-Same Direction,2,Clear,Dry,Daylight
2024-08-26T08:50:00.000,I 85,,,Rear End,2,Clear,Dry,Daylight
2024-06-11T11:49:00.000,I 285,,,Sideswipe-Same Direction,2,Clear,Dry,Daylight
2024-07-10T12:48:00.000,I 75,,,Angle Crash,2,Cloudy,Dry,Daylight
2024-06-15T16:01:00.000,I 285,,,Rear End,3,Clear,Dry,Daylight
2024-02-15T16:45:00.000,I 20,,,Rear End,2,Clear,Dry,Daylight
2024-08-21T11:21:00.000,I 75,,,Angle Crash,2,Cloudy,Dry,Daylight
2024-08-04T02:05:00.000,I 75,,,Not a Collision with Motor Vehicle,1,Cloudy,Dry,Dark-Not Lighted
2024-10-26T14:30:00.000,I 285,,,Rear End,2,Clear,Dry,Daylight
2024-01-11T19:45:00.000,I 75,,,Rear End,2,Clear,Dry,Dark-Not Lighted
2024-08-28T10:49:00.000,I 85,,,Rear End,2,Clear,Dry,Daylight
2024-03-13T02:15:00.000,I 95,,,Not a Collision with Motor Vehicle,1,Clear,Dry,Dark-Not Lighted
2024-06-26T18:41:00.000,I 75,,,Sideswipe-Same Direction,3,Clear,Dry,Daylight
2024-06-08T18:30:00.000,I 285,,,Rear End,2,Clear,Dry,Daylight
2024-07-13T15:33:00.000,I 20,,,Rear End,2,Clear,Dry,Daylight
2024-03-06T04:54:00.000,I 95,,,Not a Collision with Motor Vehicle,1,Rain,Wet,Dark-Not Lighted
2024-02-02T16:20:00.000,I 75,,,(None),2,(None),(None),(None)
2024-08-14T12:30:00.000,I 85,,,Not a Collision with Motor Vehicle,2,Clear,Dry,Daylight
2024-11-20T19:00:00.000,I 75,,,Sideswipe-Same Direction,2,Clear,Dry,Dark-Not Lighted
2024-06-29T19:08:00.000,I-75,,,Sideswipe-Same Direction,2,Cloudy,Dry,Daylight
2024-08-23T08:10:00.000,I 20,,,Angle Crash,2,Clear,Dry,Daylight
2024-10-07T06:28:00.000,I 85,,,Sideswipe-Same Direction,2,Clear,Dry,Daylight
2024-07-16T07:41:00.000,I 285,,,Rear End,2,Clear,Dry,Daylight
2024-09-22T23:00:00.000,I 16,,,Not a Collision with Motor Vehicle,1,Clear,Dry,Dark-Not Lighted
2024-07-24T23:00:00.000,I 75,,,Not a Collision with Motor Vehicle,1,Rain,Wet,Dark-Not Lighted
2024-12-17T19:04:00.000,I 85,,,Rear End,2,Clear,Dry,Dark-Not Lighted
2024-02-26T18:59:00.000,I 20,,,Sideswipe-Same Direction,2,Clear,Dry,Dark-Not Lighted
2024-09-06T15:30:00.000,I 285,,,Rear End,2,Cloudy,Dry,Daylight
2024-10-05T15:44:00.000,I 75,,,Angle Crash,2,Clear,Dry,Daylight
2024-10-03T10:50:00.000,I 85,,,Rear End,2,Clear,Dry,Daylight
2024-02-20T07:15:00.000,I 20,,,Angle Crash,2,Clear,Dry,Daylight
2024-10-24T15:41:00.000,I 16,,,Not a Collision with Motor Vehicle,1,Clear,Dry,Daylight
2024-03-28T14:00:00.000,I 95,,,Rear End,2,Clear,Dry,Daylight
2024-04-22T13:40:00.000,I 85,,,Sideswipe-Same Direction,2,Clear,Dry,Daylight
2024-07-21T09:10:00.000,I 75,,,Angle Crash,2,Cloudy,Wet,Daylight
2024-12-05T20:20:00.000,I 75,,,Angle Crash,2,Clear,Dry,Dark-Not Lighted
2024-02-22T09:01:00.000,I 285,,,Sideswipe-Same Direction,2,Clear,Dry,Daylight
2024-03-01T02:23:00.000,I 20,,,Not a Collision with Motor Vehicle,1,Clear,Dry,Dark-Not Lighted
2024-08-16T06:47:00.000,I 95,,,Rear End,2,Clear,Dry,Dawn
2024-04-16T10:30:00.000,I 285,,,Rear End,2,Cloudy,Dry,Daylight
2024-10-16T17:58:00.000,I 20,,,Rear End,3,Clear,Dry,Daylight
2024-02-18T14:00:00.000,I 285,,,Not a Collision with Motor Vehicle,1,Clear,Dry,Daylight
2024-11-16T02:30:00.000,I 16,,,Not a Collision with Motor Vehicle,1,Clear,Dry,Daylight
2024-12-28T14:15:00.000,I 75,,,Rear End,3,Cloudy,Wet,Daylight
2024-03-11T11:25:00.000,I 75,,,Rear End,2,Clear,Dry,Daylight
2024-03-30T02:00:00.000,I 20,,,Not a Collision with Motor Vehicle,1,Clear,Ice/Frost,Dark-Not Lighted
2024-03-13T11:43:00.000,I 75,,,Rear End,3,Clear,Dry,Daylight
2024-03-31T17:40:00.000,I 85,,,Sideswipe-Same Direction,2,Clear,Dry,Daylight
2024-06-24T12:13:00.000,I 20,,,Angle Crash,3,Clear,Dry,Daylight
2024-10-26T15:00:00.000,I 85,,,Angle Crash,2,Clear,Dry,Daylight
2024-11-14T09:57:00.000,I 285,,,Sideswipe-Same Direction,4,Cloudy,Dry,Daylight
2024-08-14T19:03:00.000,I 85,,,Sideswipe-Same Direction,2,Clear,Dry,Daylight
2024-11-20T18:50:00.000,I 75,,,Rear End,3,Clear,Dry,Dark-Not Lighted
2024-04-29T07:30:00.000,I 285,,,Rear End,2,Clear,Dry,Daylight
2024-04-21T00:00:00.000,I 20,,,Not a Collision with Motor Vehicle,1,Rain,Wet,Daylight
2024-05-02T15:33:00.000,I 75,,,Rear End,3,Clear,Dry,Daylight
2024-07-30T00:00:00.000,I 85,,,Rear End,2,Cloudy,Dry,Daylight
2024-11-18T12:02:00.000,I 285,,,Angle Crash,2,Clear,Dry,Daylight
2024-07-29T00:00:00.000,I 16,,,Not a Collision with Motor Vehicle,1,Clear,Dry,Daylight
2024-05-21T16:08:00.000,I 285,,,Rear End,2,Clear,Dry,Daylight
2024-11-20T17:01:00.000,I 75,,,Sideswipe-Same Direction,2,Clear,Dry,Dark-Not Lighted
2024-08-14T17:15:00.000,I 85,,,Rear End,2,Clear,Dry,Daylight
2024-03-15T18:58:00.000,I 75,,,Rear End,2,Clear,Dry,Daylight
2024-05-22T10:55:00.000,I 285,,,Sideswipe-Same Direction,2,Clear,Dry,Daylight
2024-11-19T18:45:00.000,I 285,,,Sideswipe-Same Direction,2,Clear,Wet,Dark-Not Lighted
2024-12-12T12:59:00.000,I 20,,,Sideswipe-Same Direction,2,Clear,Dry,Daylight
2024-03-07T14:54:00.000,I 75,,,Rear End,2,Clear,Dry,Daylight
2024-11-27T12:23:00.000,I 20,,,Rear End,2,Clear,Dry,Daylight
2024-01-11T07:24:00.000,I 75,,,Sideswipe-Same Direction,2,Clear,Dry,Daylight
2024-11-21T13:40:00.000,I 75,,,Sideswipe-Same Direction,2,Clear,Dry,Daylight
2024-12-26T18:18:00.000,I 20,,,Angle Crash,2,Clear,Dry,Dark-Not Lighted
2024-04-28T12:23:00.000,I 85,,,Sideswipe-Same Direction,2,Cloudy,Dry,Daylight
2024-07-30T04:00:00.000,I-75,,,Not a Collision with Motor Vehicle,1,Clear,Wet,Dark-Not Lighted
2024-03-09T16:59:00.000,I 95,,,Not a Collision with Motor Vehicle,1,Rain,Wet,Daylight
2024-01-19T09:20:00.000,I 285,,,Sideswipe-Same Direction,2,Clear,Dry,Daylight
2024-12-11T12:51:00.000,I 75,,,Rear End,2,Clear,Dry,Daylight
2024-12-26T00:35:00.000,I 85,,,Sideswipe-Same Direction,1,Clear,Dry,Dark-Not Lighted
2024-06-21T13:49:00.000,I 20,,,Sideswipe-Same Direction,2,Clear,Dry,Daylight
2024-06-05T15:20:00.000,I 75,,,Sideswipe-Same Direction,2,Cloudy,Dry,Daylight
2024-12-01T20:51:00.000,I 75,,,Sideswipe-Same Direction,2,Clear,Dry,Dark-Not Lighted
2024-06-18T16:02:00.000,I 75,,,Sideswipe-Same Direction,2,Clear,Dry,Daylight
2024-08-07T19:47:00.000,I 95,,,Angle Crash,3,Rain,Wet,Daylight
2024-08-22T16:02:00.000,I 85,,,Rear End,2,Clear,Dry,Daylight
2024-03-06T07:38:00.000,I 85,,,Sideswipe-Same Direction,2,Rain,Wet,Daylight
2024-04-17T18:05:00.000,I 75,,,Rear End,4,Rain,Wet,Daylight
2024-07-07T21:45:00.000,I 285,,,Rear End,2,Rain,Wet,Dark-Not Lighted
2024-08-30T21:42:00.000,I 75,,,Rear End,2,Clear,Dry,Dark-Lighted
2024-10-03T07:17:00.000,I 75,,,Sideswipe-Same Direction,2,Clear,Dry,Daylight
2024-12-18T11:10:00.000,I 75,,,Sideswipe-Same Direction,2,Cloudy,Wet,Daylight
2024-09-19T08:51:00.000,I 285,,,Rear End,2,Clear,Dry,Daylight
2024-01-25T16:15:00.000,I 85,,,(None),2,(None),(None),(None)
2024-11-12T07:55:00.000,I 75,,,Sideswipe-Same Direction,2,Clear,Dry,Daylight
2024-01-21T19:27:00.000,I 285,,,Angle Crash,2,Clear,Dry,Dark-Not Lighted
2024-03-22T11:35:00.000,I 75,,,Not a Collision with Motor Vehicle,2,Cloudy,Dry,Daylight
2024-12-04T10:15:00.000,I 20,,,Sideswipe-Same Direction,2,Clear,Dry,Daylight
2024-04-22T06:40:00.000,I 85,,,Rear End,2,Clear,Dry,Dawn
2024-03-26T22:50:00.000,I 20,,,Not a Collision with Motor Vehicle,1,Rain,Wet,Dark-Not Lighted
2024-02-29T10:31:00.000,I 20,,,Sideswipe-Same Direction,2,Cloudy,Dry,Daylight
2024-05-28T05:00:00.000,I 20,,,Not a Collision with Motor Vehicle,2,Clear,Dry,Dark-Lighted
2024-11-24T18:00:00.000,I 75,,,Rear End,2,Clear,Dry,Dark-Not Lighted
2024-09-30T15:27:00.000,I 20,,,Sideswipe-Same Direction,2,Clear,Dry,Daylight
2024-08-24T20:35:00.000,I 85,,,Sideswipe-Same Direction,2,Clear,Dry,Dark-Not Lighted
2024-10-10T07:28:00.000,I 285,,,Rear End,3,Clear,Dry,Daylight
2024-12-31T06:35:00.000,I 20,,,Sideswipe-Same Direction,2,Clear,Dry,Daylight
2024-12-13T12:00:00.000,I 85,,,Sideswipe-Same Direction,2,Clear,Dry,Daylight
2024-04-13T13:34:00.000,I-75,,,Rear End,3,Clear,Dry,Daylight
2024-07-22T00:28:00.000,I 20,,,Not a Collision with Motor Vehicle,1,Cloudy,Dry,Dark-Not Lighted
2024-07-01T15:51:00.000,I 285,,,Angle Crash,2,Clear,Dry,Daylight