Date and Time,Roadway (From Crash Report),Intersection Name (from Crash Report),KABCO Severity,Manner of Collision (Crash Level) ,# of Vehicles per crash ,Weather Conditions (Crash Level),Surface Condition (Crash Level) ,Light Conditions (Crash Level)
2024-08-28T04:50:00.000,I 285,,,Sideswipe-Same Direction,2,Clear,Dry,Dark-Lighted
2024-09-17T15:00:00.000,I 285,,,Rear End,2,Clear,Dry,Daylight
2024-05-25T00:00:00.000,I 285,,,Head On,3,Clear,Dry,Dark-Lighted
2024-10-19T06:10:00.000,I 95,,,Rear End,2,Clear,Dry,Dark-Not Lighted
2024-10-19T02:00:00.000,I 85,,,Rear End,2,Clear,Dry,Dark-Not Lighted
2024-02-19T12:35:00.000,I 75,,,Sideswipe-Same Direction,2,Clear,Dry,Daylight
2024-02-19T04:30:00.000,I 85,,,Rear End,2,Clear,Dry,Dark-Not Lighted
2024-11-25T04:33:00.000,I 75,,,Sideswipe-Same Direction,2,Clear,Dry,Dark-Not Lighted
2024-04-25T11:08:00.000,I 285,,,Sideswipe-Same Direction,2,Clear,Dry,Daylight
2024-03-05T14:13:00.000,I 85,,,Rear End,2,Rain,Wet,Daylight
2024-10-14T05:30:00.000,I 85,,,Angle Crash,2,Clear,Dry,Dark-Not Lighted
2024-02-28T16:48:00.000,I 75,,,Rear End,2,Rain,Wet,Daylight
2024-03-11T16:30:00.000,I-75,,,Not a Collision with Motor Vehicle,2,Clear,Dry,Daylight
2024-10-18T04:00:00.000,I-75,,,Rear End,2,Clear,Dry,Dark-Not Lighted
2024-08-27T22:00:00.000,I 85,,,Sideswipe-Same Direction,2,Clear,Dry,Dark-Not Lighted
2024-11-27T18:57:00.000,I 75,,,Rear End,2,Clear,Dry,Dark-Lighted
2024-03-18T09:45:00.000,I 85,,,Sideswipe-Same Direction,2,Cloudy,Dry,Daylight
2024-01-07T18:00:00.000,I 20,,,Rear End,2,Clear,Dry,Daylight
2024-08-04T18:31:00.000,I 75,,,Sideswipe-Same Direction,2,Cloudy,Wet,Daylight
2024-11-28T21:00:00.000,I 285,,,Not a Collision with Motor Vehicle,1,Clear,Dry,Dark-Lighted
2024-05-21T15:00:00.000,I 20,,,Rear End,2,Clear,Dry,Daylight
2024-02-04T18:07:00.000,I 75,,,Rear End,3,Rain,Wet,Dark-Lighted
2024-03-08T20:54:00.000,I 85,,,Not a Collision with Motor Vehicle,1,Rain,Water (standing or moving),Dark-Lighted
2024-05-19T19:30:00.000,I 75,,,Sideswipe-Same Direction,2,Clear,Dry,Daylight
2024-10-29T09:48:00.000,I 75,,,(None),2,(None),(None),(None)
2024-10-31T18:13:00.000,I 16,,,Rear End,2,Clear,Dry,Daylight
2024-01-11T10:03:00.000,I-75,,,Sideswipe-Same Direction,2,Clear,Dry,Daylight
2024-06-26T14:08:00.000,I 20,,,Rear End,2,Clear,Dry,Daylight
2024-02-23T14:00:00.000,I 20,,,Sideswipe-Same Direction,2,Clear,Dry,Daylight
2024-06-20T18:55:00.000,I 75,,,Sideswipe-Same Direction,2,Clear,Dry,Daylight
2024-03-13T17:10:00.000,I 95,,,Angle Crash,5,Clear,Dry,Daylight
2024-08-29T06:23:00.000,I 85,,,Not a Collision with Motor Vehicle,1,Clear,Dry,Dark-Not Lighted
2024-11-03T18:04:00.000,I 75,,,Rear End,3,Clear,Dry,Daylight
2024-09-02T17:18:00.000,I 285,,,Not a Collision with Motor Vehicle,2,Clear,Dry,Daylight
2024-07-08T16:30:00.000,I 75,,,Not a Collision with Motor Vehicle,1,Clear,Dry,Daylight
2024-07-29T23:21:00.000,I 75,,,Sideswipe-Same Direction,2,Rain,Wet,Dark-Not Lighted
2024-01-23T17:56:00.000,I 20,,,Angle Crash,4,Clear,Dry,Daylight
2024-09-27T08:23:00.000,I 285,,,Not a Collision with Motor Vehicle,1,Rain,Water (standing or moving),Daylight
2024-03-01T20:03:00.000,I 75,,,Not a Collision with Motor Vehicle,1,Rain,Water (standing or moving),Dark-Not Lighted
2024-02-21T14:58:00.000,I 285,,,Rear End,3,Cloudy,Dry,Daylight
2024-09-30T12:35:00.000,I 285,,,Sideswipe-Same Direction,2,Cloudy,Dry,Daylight
2024-12-02T18:40:00.000,I 85,,,Sideswipe-Same Direction,2,Clear,Dry,Dark-Not Lighted
2024-07-26T15:40:00.000,I 285,,,Angle Crash,2,Clear,Dry,Daylight
2024-03-18T09:46:00.000,I 95,,,Rear End,2,Clear,Dry,Daylight
2024-12-06T08:08:00.000,I 85,,,Rear End,2,Clear,Dry,Daylight
2024-09-20T00:00:00.000,I-75,,,Angle Crash,2,Clear,Dry,Dark-Not Lighted
2024-02-07T00:47:00.000,I 20,,,Not a Collision with Motor Vehicle,1,Clear,Dry,Dark-Not Lighted
2024-02-26T15:39:00.000,I 75,,,Sideswipe-Same Direction,2,Clear,Dry,Daylight
2024-03-19T07:19:00.000,I 16,,,Sideswipe-Same Direction,2,Clear,Dry,Daylight
2024-07-24T08:48:00.000,I 16,,,Rear End,2,Clear,Dry,Daylight
2024-04-24T21:36:00.000,I 75,,,Sideswipe-Same Direction,2,Clear,Dry,Dark-Lighted
2024-07-07T22:20:00.000,I 285,,,Angle Crash,3,Rain,Wet,Dark-Not Lighted
2024-11-20T07:23:00.000,I 20,,,Rear End,2,Rain,Wet,Daylight
2024-12-08T16:10:00.000,I 75,,,Rear End,2,Clear,Dry,Daylight
2024-02-08T06:57:00.000,I 75,,,Rear End,3,Clear,Dry,Daylight
2024-03-11T15:50:00.000,I 20,,,Sideswipe-Same Direction,2,Clear,Dry,Daylight
2024-11-12T09:25:00.000,I 85,,,Sideswipe-Opposite Direction,2,Clear,Dry,Daylight
2024-02-22T16:04:00.000,I 75,,,Angle Crash,2,Clear,Dry,Daylight
2024-02-28T18:33:00.000,I 85,,,Angle Crash,2,Clear,Dry,Daylight
2024-08-14T14:45:00.000,I 85,,,Sideswipe-Same Direction,2,Clear,Dry,Daylight
2024-07-02T08:00:00.000,I 285,,,Rear End,2,Cloudy,Dry,Daylight
2024-09-26T18:20:00.000,I 85,,,Not a Collision with Motor Vehicle,1,Rain,Wet,Daylight
2024-05-07T06:50:00.000,I 285,,,Rear End,2,Clear,Dry,Daylight
2024-08-17T16:37:00.000,I 85,,,Rear End,2,Clear,Dry,Daylight
2024-07-18T15:11:00.000,I 20,,,Angle Crash,2,Clear,Dry,Daylight
2024-09-07T16:30:00.000,I-75,,,Sideswipe-Same Direction,2,Clear,Dry,Daylight
2024-10-12T23:05:00.000,I 75,,,Not a Collision with Motor Vehicle,1,Clear,Dry,Dark-Not Lighted
2024-04-22T23:50:00.000,I 85,,,Sideswipe-Same Direction,2,Clear,Dry,Dark-Lighted
2024-04-04T09:45:00.000,I 75,,,Not a Collision with Motor Vehicle,1,Clear,Dry,Daylight
2024-02-25T21:00:00.000,I 285,,,Not a Collision with Motor Vehicle,1,Clear,Dry,Dark-Not Lighted
2024-03-23T15:45:00.000,I-75,,,Rear End,2,Clear,Dry,Daylight
2024-08-17T14:30:00.000,I-75,,,Rear End,2,Clear,Dry,Daylight
2024-02-06T07:25:00.000,I 20,,,Rear End,2,Clear,Dry,Daylight
2024-05-16T09:23:00.000,I 75,,,Rear End,2,Clear,Dry,Daylight
2024-11-19T20:22:00.000,I 285,,,Not a Collision with Motor Vehicle,1,Clear,Wet,Dark-Lighted
2024-10-20T14:00:00.000,I 285,,,Angle Crash,2,Clear,Dry,Daylight
2024-03-06T13:15:00.000,I 285,,,Rear End,3,Cloudy,Dry,Daylight
2024-09-26T07:55:00.000,I 75,,,Rear End,2,Rain,Wet,Daylight
2024-07-13T14:15:00.000,I-75,,,Sideswipe-Same Direction,2,Clear,Dry,Daylight
2024-03-17T13:04:00.000,I 16,,,Rear End,3,Clear,Dry,Daylight
2024-02-28T17:08:00.000,I-75,,,Sideswipe-Same Direction,2,Clear,Dry,Daylight
2024-02-17T12:20:00.000,I-75,,,Rear End,2,Clear,Dry,Daylight
2024-06-15T22:43:00.000,I 20,,,Sideswipe-Same Direction,2,Clear,Dry,Dark-Not Lighted
2024-09-04T21:10:00.000,I 16,,,Sideswipe-Same Direction,2,Clear,Dry,Dark-Lighted
2024-02-10T11:25:00.000,I 285,,,Rear End,2,Cloudy,Dry,Daylight
2024-02-02T22:55:00.000,I-75,,,Rear End,2,Clear,Dry,Dark-Lighted
2024-06-14T09:00:00.000,I 285,,,Rear End,2,Clear,Dry,Daylight
2024-06-16T23:17:00.000,I 285,,,Angle Crash,2,Clear,Dry,Dark-Not Lighted
2024-09-11T18:45:00.000,I 285,,,Rear End,2,Clear,Dry,Daylight
2024-01-15T15:11:00.000,I 285,,,Rear End,2,Clear,Dry,Daylight
2024-10-06T17:00:00.000,I-75,,,Rear End,3,Clear,Dry,Daylight
2024-04-27T08:48:00.000,I 75,,,Rear End,3,Cloudy,Dry,Daylight
2024-02-21T07:35:00.000,I-75,,,Angle Crash,2,Clear,Dry,Daylight
2024-09-30T00:30:00.000,I 95,,,Not a Collision with Motor Vehicle,1,Clear,Dry,Dark-Not Lighted
2024-01-17T07:05:00.000,I 75,,,Rear End,2,Clear,Dry,Dark-Not Lighted
2024-02-15T09:53:00.000,I 75,,,Sideswipe-Same Direction,2,Clear,Dry,Daylight
2024-04-02T15:58:00.000,I 20,,,Rear End,2,Cloudy,Dry,Daylight
2024-05-02T18:24:00.000,I 75,,,Angle Crash,2,Clear,Dry,Daylight
2024-01-18T20:59:00.000,I 20,,,Angle Crash,2,Clear,Dry,Dark-Not Lighted
2024-01-05T06:55:00.000,I 285,,,Not a Collision with Motor Vehicle,1,Clear,Dry,Daylight
2024-10-27T09:05:00.000,I 285,,,Sideswipe-Same Direction,2,Cloudy,Dry,Daylight
2024-07-24T00:00:00.000,I 285,,,Rear End,2,Rain,Wet,Dawn
2024-09-06T08:36:00.000,I 285,,,Rear End,2,Clear,Dry,Daylight
2024-11-18T20:54:00.000,I 20,,,Angle Crash,2,Clear,Dry,Daylight
2024-11-03T09:00:00.000,I 85,,,Sideswipe-Same Direction,2,Cloudy,Dry,Dawn
2024-06-10T06:45:00.000,I 85,,,Not a Collision with Motor Vehicle,1,Clear,Dry,Daylight
2024-03-06T04:14:00.000,I 75,,,Sideswipe-Same Direction,2,Rain,Wet,Dark-Not Lighted
2024-02-29T06:33:00.000,I 285,,,Sideswipe-Same Direction,2,Cloudy,Dry,Daylight
2024-03-22T07:57:00.000,I 95,,,Rear End,2,Cloudy,Dry,Daylight
2024-06-13T18:27:00.000,I 75,,,Rear End,2,Clear,Dry,Daylight
2024-10-05T17:51:00.000,I 285,,,Rear End,2,Clear,Dry,Daylight
2024-03-11T05:27:00.000,I 20,,,Sideswipe-Same Direction,3,Clear,Dry,Dawn
2024-04-23T09:50:00.000,I 75,,,Rear End,2,Clear,Dry,Daylight
2024-01-22T11:59:00.000,I 16,,,Sideswipe-Same Direction,2,Clear,Dry,Daylight
2024-07-18T18:07:00.000,I 20,,,Rear End,2,Rain,Wet,Dark-Lighted
2024-11-25T21:43:00.000,I 85,,,Rear End,2,Clear,Dry,Dark-Lighted
2024-10-04T18:09:00.000,I 16,,,Head On,1,Clear,Dry,Daylight
2024-08-01T17:14:00.000,I 75,,,Not a Collision with Motor Vehicle,1,Clear,Dry,Daylight
2024-09-29T20:35:00.000,I-75,,,Rear End,3,Cloudy,Dry,Dark-Lighted
2024-10-23T00:20:00.000,I 85,,,Angle Crash,2,Clear,Dry,Dark-Lighted
2024-04-21T14:30:00.000,I-75,,,Rear End,2,Clear,Dry,Daylight
2024-12-04T17:50:00.000,I 85,,,Rear End,2,Clear,Dry,Dark-Not Lighted
2024-10-20T16:28:00.000,I 75,,,Rear End,4,Clear,Dry,Daylight
2024-01-22T10:00:00.000,I 85,,,Sideswipe-Same Direction,4,Clear,Dry,Daylight
2024-04-21T03:12:00.000,I 20,,,Not a Collision with Motor Vehicle,1,Rain,Wet,Dark-Not Lighted
2024-10-14T14:44:00.000,I 16,,,Rear End,3,Clear,Dry,Daylight
2024-05-06T21:53:00.000,I 85,,,Rear End,2,Clear,Dry,Dark-Not Lighted
2024-10-15T17:41:00.000,I-75,,,Rear End,2,Clear,Dry,Daylight
2024-12-29T00:00:00.000,I 85,,,Not a Collision with Motor Vehicle,1,Clear,Dry,Dark-Not Lighted
2024-01-31T07:26:00.000,I 16,,,Not a Collision with Motor Vehicle,2,Clear,Dry,Daylight
2024-12-10T01:56:00.000,I 75,,,Not a Collision with Motor Vehicle,1,Rain,Wet,Dark-Lighted
2024-02-11T21:05:00.000,I 20,,,Not a Collision with Motor Vehicle,1,Rain,Wet,Dark-Not Lighted
2024-08-16T10:18:00.000,I 20,,,Sideswipe-Same Direction,2,Clear,Dry,Daylight
2024-09-21T19:00:00.000,I-75,,,Head On,3,Clear,Dry,Dark-Lighted
2024-02-06T19:38:00.000,I 75,,,Sideswipe-Same Direction,2,Clear,Dry,Dark-Lighted
2024-01-29T09:15:00.000,I 20,,,Rear End,2,Clear,Dry,Daylight
2024-12-03T18:31:00.000,I 75,,,Sideswipe-Same Direction,2,Clear,Dry,Dark-Lighted
2024-04-17T13:56:00.000,I 285,,,Rear End,2,Clear,Dry,Daylight
2024-09-21T13:42:00.000,I 285,,,Sideswipe-Same Direction,2,Clear,Dry,Daylight
2024-03-13T12:10:00.000,I 285,,,Rear End,2,Clear,Dry,Daylight
2024-06-11T05:30:00.000,I 75,,,Sideswipe-Same Direction,2,Clear,Dry,Dark-Not Lighted
2024-11-07T23:58:00.000,I 285,,,Angle Crash,2,Clear,Dry,Dark-Not Lighted
2024-09-27T16:27:00.000,I 75,,,Rear End,2,Clear,Dry,Daylight
2024-08-29T11:20:00.000,I 75,,,Not a Collision with Motor Vehicle,1,Clear,Dry,Daylight
2024-12-22T20:04:00.000,I 285,,,Sideswipe-Same Direction,2,Clear,Dry,Dark-Not Lighted
2024-12-29T21:40:00.000,I 20,,,Sideswipe-Same Direction,2,Clear,Dry,Dark-Not Lighted
2024-01-25T04:23:00.000,I 20,,,Angle Crash,1,Rain,Wet,Dark-Not Lighted
2024-07-29T20:30:00.000,I 85,,,Sideswipe-Same Direction,2,Rain,Wet,Dark-Lighted
2024-07-11T09:55:00.000,I 75,,,Rear End,2,Clear,Dry,Daylight
2024-02-05T14:16:00.000,I 75,,,Head On,2,Cloudy,Dry,Daylight
2024-10-15T15:45:00.000,I 85,,,Sideswipe-Same Direction,2,Clear,Dry,Daylight
2024-05-18T04:09:00.000,I 285,,,Not a Collision with Motor Vehicle,1,Rain,Wet,Dark-Lighted
2024-03-07T09:40:00.000,I-75,,,Angle Crash,2,Clear,Dry,Dark-Lighted
2024-09-12T22:00:00.000,I-75,,,Not a Collision with Motor Vehicle,1,Rain,Wet,Dark-Lighted
2024-09-11T12:58:00.000,I 20,,,Sideswipe-Same Direction,2,Cloudy,Dry,Daylight
2024-01-24T21:00:00.000,I-75,,,Rear End,3,Rain,Water (standing or moving),Dark-Lighted
2024-09-01T07:43:00.000,I 75,,,Angle Crash,2,Clear,Dry,Daylight
2024-10-24T09:40:00.000,I 85,,,Sideswipe-Same Direction,2,Clear,Dry,Daylight
2024-08-16T07:50:00.000,I 75,,,Rear End,2,Cloudy,Dry,Daylight
2024-08-17T17:40:00.000,I 75,,,Rear End,2,Clear,Dry,Daylight
2024-01-10T11:05:00.000,I-75,,,Rear End,2,Clear,Dry,Daylight
2024-05-03T08:15:00.000,I 75,,,Sideswipe-Same Direction,2,Cloudy,Dry,Daylight
2024-07-02T00:50:00.000,I 20,,,Angle Crash,2,Clear,Dry,Dark-Not Lighted
2024-12-22T01:14:00.000,I 285,,,Sideswipe-Same Direction,2,Clear,Dry,Dark-Lighted
2024-09-01T20:49:00.000,I 20,,,Rear End,2,Clear,Dry,Dark-Lighted
2024-08-02T18:00:00.000,I 75,,,Rear End,2,Clear,Dry,Daylight
2024-07-12T16:25:00.000,I 20,,,Sideswipe-Same Direction,2,Clear,Dry,Daylight
2024-09-05T10:42:00.000,I 85,,,Sideswipe-Same Direction,2,Cloudy,Dry,Daylight
2024-08-01T17:47:00.000,I 20,,,Sideswipe-Same Direction,2,Rain,Wet,Daylight
2024-09-06T13:15:00.000,I 75,,,Sideswipe-Same Direction,2,Clear,Dry,Daylight
2024-08-26T06:50:00.000,I 75,,,Sideswipe-Same Direction,2,Clear,Dry,Dawn
2024-06-05T16:20:00.000,I 85,,,Rear End,2,Clear,Dry,Daylight
2024-02-25T00:00:00.000,I 20,,,Rear End,2,Clear,Dry,Daylight
2024-10-06T19:20:00.000,I 285,,,Rear End,2,Clear,Dry,Dark-Lighted
2024-09-23T19:40:00.000,I 16,,,Rear End,2,Clear,Dry,Daylight
2024-02-16T22:30:00.000,I-75,,,Rear End,2,Clear,Dry,Dark-Lighted
2024-01-14T19:00:00.000,I-75,,,Rear End,2,Clear,Dry,Dark-Lighted
2024-10-07T05:20:00.000,I 20,,,Not a Collision with Motor Vehicle,1,Clear,Dry,Dark-Not Lighted
2024-09-25T17:15:00.000,I 85,,,Sideswipe-Same Direction,2,Rain,Wet,Daylight
2024-01-25T06:10:00.000,I 75,,,Sideswipe-Same Direction,2,Rain,Wet,Dark-Not Lighted
2024-11-26T13:17:00.000,I 75,,,Rear End,2,Clear,Dry,Daylight
2024-11-05T11:05:00.000,I 75,,,Sideswipe-Same Direction,2,Clear,Dry,Daylight
2024-02-08T16:24:00.000,I 285,,,Rear End,2,Clear,Dry,Daylight
2024-08-22T21:38:00.000,I-75,,,Rear End,3,Clear,Dry,Dark-Lighted
2024-08-12T23:20:00.000,I-75,,,Rear End,2,Clear,Dry,Dark-Not Lighted
2024-09-19T09:37:00.000,I 20,,,Sideswipe-Same Direction,2,Clear,Dry,Daylight
2024-07-25T21:56:00.000,I 20,,,Rear End,3,Clear,Dry,Dark-Lighted
2024-06-18T19:29:00.000,I 85,,,Not a Collision with Motor Vehicle,1,Clear,Dry,Daylight
2024-05-23T08:40:00.000,I 85,,,Rear End,2,Cloudy,Dry,Daylight
2024-09-21T12:00:00.000,I 75,,,Sideswipe-Same Direction,2,Clear,Dry,Daylight
2024-10-31T18:22:00.000,I 16,,,Head On,1,Clear,Dry,Daylight
2024-07-12T10:58:00.000,I 75,,,Rear End,2,Clear,Dry,Daylight
2024-06-12T09:50:00.000,I 285,,,Sideswipe-Same Direction,2,Clear,Dry,Daylight
2024-03-07T11:20:00.000,I 285,,,Not a Collision with Motor Vehicle,1,Clear,Dry,Daylight
2024-10-06T10:00:00.000,I 75,,,Not a Collision with Motor Vehicle,1,Clear,Dry,Daylight
2024-01-25T19:10:00.000,I 75,,,Rear End,2,Rain,Wet,Dark-Lighted
2024-02-07T11:07:00.000,I-75,,,Rear End,2,Clear,Dry,Daylight
2024-08-14T13:05:00.000,I 75,,,Not a Collision with Motor Vehicle,1,Clear,Dry,Daylight
2024-06-03T18:30:00.000,I 285,,,Rear End,2,Rain,Wet,Daylight
2024-02-13T09:49:00.000,I 85,,,Sideswipe-Same Direction,2,Clear,Dry,Daylight
2024-03-16T15:33:00.000,I 75,,,Sideswipe-Same Direction,2,Clear,Dry,Daylight
2024-08-20T19:15:00.000,I 285,,,Rear End,2,Clear,Dry,Daylight
2024-11-19T22:00:00.000,I 285,,,Rear End,2,Rain,Wet,Dark-Not Lighted
2024-02-04T21:30:00.000,I-75,,,Sideswipe-Same Direction,2,Clear,Water (standing or moving),Dark-Lighted
2024-08-05T16:24:00.000,I 285,,,Sideswipe-Same Direction,2,Clear,Dry,Daylight
2024-09-08T20:30:00.000,I 85,,,Rear End,2,Clear,Dry,Dark-Not Lighted
2024-03-25T07:03:00.000,I 85,,,Sideswipe-Same Direction,2,Cloudy,Dry,Dark-Not Lighted
2024-07-18T16:36:00.000,I 85,,,Rear End,4,Clear,Dry,Daylight
2024-03-30T14:09:00.000,I 75,,,Rear End,2,Clear,Dry,Daylight
2024-03-22T18:36:00.000,I 85,,,Rear End,2,Rain,Wet,Daylight
2024-09-21T02:15:00.000,I-75,,,Not a Collision with Motor Vehicle,1,Clear,Dry,Dark-Not Lighted
2024-12-27T13:56:00.000,I 75,,,Rear End,2,Clear,Dry,Daylight
2024-02-12T04:37:00.000,I 75,,,Not a Collision with Motor Vehicle,1,Rain,Wet,Dark-Lighted
2024-03-24T20:50:00.000,I-75,,,Rear End,2,Clear,Dry,Dark-Lighted
2024-10-27T20:32:00.000,I 285,,,Sideswipe-Same Direction,2,Clear,Dry,Dark-Not Lighted
2024-03-05T14:54:00.000,I 85,,,Rear End,2,Rain,Wet,Daylight
2024-01-23T20:13:00.000,Sr 140,,,Not a Collision with Motor Vehicle,1,Cloudy,Wet,Dark-Not Lighted
2024-06-04T10:58:00.000,I 16,,,Angle Crash,2,Clear,Dry,Daylight
2024-09-29T13:55:00.000,I 20,,,Rear End,3,Cloudy,Dry,Daylight
2024-06-01T12:28:00.000,I 20,,,Sideswipe-Same Direction,2,Cloudy,Dry,Daylight
2024-07-25T04:22:00.000,I 16,,,Sideswipe-Same Direction,2,Clear,Wet,Dark-Lighted
2024-12-19T21:30:00.000,I 20,,,Rear End,2,Clear,Dry,Dark-Not Lighted
2024-03-28T14:30:00.000,I 85,,,Rear End,2,Clear,Dry,Daylight
2024-10-05T20:41:00.000,I-75,,,Rear End,2,Clear,Dry,Dark-Lighted
2024-07-21T12:01:00.000,I 20,,,(None),2,(None),(None),(None)
2024-08-26T15:46:00.000,I 75,,,Rear End,2,Clear,Dry,Daylight
2024-10-01T15:13:00.000,I 85,,,Sideswipe-Same Direction,2,Clear,Dry,Daylight
2024-09-26T07:26:00.000,I 75,,,Not a Collision with Motor Vehicle,1,Rain,Wet,Daylight
2024-08-27T15:54:00.000,I 85,,,Sideswipe-Same Direction,2,Clear,Dry,Daylight
2024-07-24T18:40:00.000,I 20,,,Not a Collision with Motor Vehicle,1,Rain,Wet,Daylight
2024-03-15T23:20:00.000,I 85,,,Sideswipe-Same Direction,2,Cloudy,Wet,Dark-Not Lighted
2024-06-23T17:06:00.000,I 20,,,Rear End,2,Clear,Dry,Daylight
2024-02-11T17:53:00.000,I 285,,,Sideswipe-Same Direction,2,Cloudy,Dry,Daylight
2024-05-21T06:17:00.000,I 75,,,Not a Collision with Motor Vehicle,1,Clear,Dry,Dawn
2024-04-28T19:24:00.000,I 20,,,Not a Collision with Motor Vehicle,1,Clear,Dry,Daylight
2024-12-11T17:30:00.000,I 75,,,Sideswipe-Same Direction,2,Cloudy,Dry,Dark-Lighted
2024-08-04T14:58:00.000,I 16,,,Rear End,2,Rain,Wet,Daylight
2024-01-18T16:22:00.000,I 75,,,Rear End,2,Clear,Dry,Daylight
2024-02-09T12:48:00.000,I 75,,,Not a Collision with Motor Vehicle,1,Cloudy,Dry,Daylight
2024-10-10T17:59:00.000,I 285,,,Head On,2,Clear,Dry,Daylight
2024-09-22T06:32:00.000,I 75,,,Rear End,2,Clear,Dry,Daylight
2024-09-28T07:04:00.000,I 285,,,Not a Collision with Motor Vehicle,2,Cloudy,Dry,Daylight
2024-08-27T06:24:00.000,I 20,,,Rear End,3,Clear,Dry,Daylight
2024-09-16T11:04:00.000,I 75,,,Angle Crash,2,Clear,Dry,Daylight
2024-04-09T15:13:00.000,I 85,,,Rear End,2,Cloudy,Dry,Daylight
2024-10-23T15:51:00.000,I 285,,,Angle Crash,2,Clear,Dry,Daylight
2024-04-11T03:41:00.000,I 16,,,Not a Collision with Motor Vehicle,1,Rain,Water (standing or moving),Dark-Not Lighted
2024-01-31T16:00:00.000,I 285,,,Rear End,4,Clear,Dry,Daylight
2024-05-05T17:45:00.000,I-75,,,Rear End,2,Clear,Dry,Daylight
2024-05-29T05:01:00.000,I 95,,,Not a Collision with Motor Vehicle,1,Clear,Dry,Dark-Not Lighted
2024-04-29T16:45:00.000,I 85,,,Rear End,2,Clear,Dry,Daylight
2024-10-24T03:03:00.000,I 20,,,Not a Collision with Motor Vehicle,1,Clear,Dry,Dark-Not Lighted
2024-03-16T11:51:00.000,I 75,,,Rear End,2,Clear,Dry,Daylight
2024-11-22T12:32:00.000,I 95,,,Sideswipe-Same Direction,2,Clear,Dry,Daylight
2024-12-03T08:13:00.000,I 85,,,Rear End,2,Clear,Dry,Daylight
2024-09-04T15:22:00.000,I 95,,,Sideswipe-Same Direction,2,Cloudy,Dry,Daylight
2024-02-07T07:05:00.000,I 285,,,Rear End,2,Clear,Dry,Daylight
2024-07-17T11:18:00.000,I 75,,,Rear End,2,Clear,Dry,Daylight
2024-10-12T01:39:00.000,I 16,,,(None),1,(None),(None),(None)
2024-01-06T07:44:00.000,I 75,,,Sideswipe-Same Direction,2,Clear,Dry,Dawn
2024-02-28T09:28:00.000,I 75,,,Sideswipe-Same Direction,3,Clear,Dry,Daylight
2024-02-21T18:01:00.000,I 285,,,Sideswipe-Same Direction,2,Clear,Dry,Daylight
2024-10-23T18:19:00.000,I 20,,,Rear End,2,Clear,Dry,Dusk
2024-03-06T06:30:00.000,I 20,,,Sideswipe-Opposite Direction,2,Rain,Wet,Dawn
2024-10-15T20:25:00.000,I 85,,,Rear End,2,Clear,Dry,Daylight
2024-07-13T05:20:00.000,I 85,,,Not a Collision with Motor Vehicle,1,Clear,Dry,Dark-Not Lighted
2024-11-05T08:03:00.000,I 20,,,Not a Collision with Motor Vehicle,1,Rain,Wet,Daylight
2024-03-16T18:15:00.000,I 85,,,Rear End,2,Clear,Dry,Daylight
2024-04-05T09:02:00.000,I 285,,,Sideswipe-Same Direction,2,Clear,Dry,Daylight
2024-09-19T18:45:00.000,I 16,,,Sideswipe-Same Direction,2,Clear,Dry,Daylight
2024-09-25T22:01:00.000,I 285,,,Not a Collision with Motor Vehicle,1,Rain,Wet,Dark-Not Lighted
2024-02-08T02:40:00.000,I 285,,,Rear End,2,Clear,Dry,Dark-Lighted
2024-07-11T17:10:00.000,I 285,,,Angle Crash,2,Clear,Dry,Daylight
2024-01-10T09:00:00.000,I 285,,,Rear End,2,Clear,Dry,Daylight
2024-01-31T04:08:00.000,I 20,,,Not a Collision with Motor Vehicle,1,Rain,Wet,Dark-Not Lighted
2024-05-15T10:25:00.000,I 75,,,Sideswipe-Same Direction,2,Clear,Dry,Daylight
2024-07-10T20:15:00.000,I 285,,,Sideswipe-Same Direction,2,Clear,Dry,Daylight
2024-07-17T15:33:00.000,I 75,,,Rear End,2,Rain,Wet,Daylight
2024-03-19T08:20:00.000,I 75,,,Rear End,2,Clear,Dry,Daylight
2024-08-15T19:30:00.000,I-75,,,Sideswipe-Same Direction,2,Clear,Dry,Daylight
2024-09-29T18:21:00.000,I 75,,,Sideswipe-Same Direction,2,Clear,Dry,Daylight
2024-03-05T08:35:00.000,I 285,,,Sideswipe-Same Direction,2,Cloudy,Dry,Daylight
2024-08-27T22:18:00.000,I 85,,,Rear End,3,Clear,Dry,Dark-Not Lighted
2024-05-28T11:00:00.000,I 20,,,Sideswipe-Same Direction,2,Clear,Dry,Daylight
2024-07-18T12:16:00.000,I 16,,,(None),1,(None),(None),(None)
2024-07-19T23:58:00.000,I 285,,,Rear End,2,Rain,Wet,Dark-Not Lighted
2024-02-28T06:13:00.000,I 75,,,Angle Crash,2,Cloudy,Dry,Dark-Not Lighted
2024-02-14T10:02:00.000,I 16,,,Not a Collision with Motor Vehicle,2,Clear,Dry,Daylight
2024-11-20T09:43:00.000,I 75,,,Angle Crash,2,Rain,Wet,Daylight
2024-10-10T19:23:00.000,I 75,,,Sideswipe-Same Direction,2,Clear,Dry,Dark-Not Lighted
2024-01-16T13:50:00.000,I 95,,,Sideswipe-Same Direction,2,Cloudy,Wet,Daylight
2024-05-10T09:32:00.000,I 285,,,Angle Crash,2,Cloudy,Dry,Daylight
2024-03-02T21:35:00.000,I 16,,,Angle Crash,2,Rain,Wet,Dark-Lighted
2024-12-23T12:10:00.000,I 85,,,Sideswipe-Same Direction,2,Clear,Dry,Daylight
2024-09-19T16:19:00.000,I 85,,,Rear End,2,Clear,Dry,Daylight