Date and Time,Roadway (From Crash Report),Intersection Name (from Crash Report),KABCO Severity,Manner of Collision (Crash Level) ,# of Vehicles per crash ,Weather Conditions (Crash Level),Surface Condition (Crash Level) ,Light Conditions (Crash Level)
2024-02-06T21:06:00.000,I 75,,,Rear End,2,Clear,Dry,Dark-Lighted
2024-07-05T11:20:00.000,I 285,,,Angle Crash,3,Clear,Dry,Daylight
2024-02-14T09:16:00.000,I 75,,,Rear End,2,Clear,Dry,Daylight
2024-10-21T08:08:00.000,I 16,,,Rear End,2,Clear,Dry,Daylight
2024-08-04T17:35:00.000,I 85,,,Rear End,3,Clear,Dry,Daylight
2024-11-25T17:50:00.000,I 20,,,Rear End,3,Clear,Dry,Dark-Not Lighted
2024-08-09T07:52:00.000,I 95,,,Rear End,2,Cloudy,Dry,Daylight
2024-03-17T03:10:00.000,I 285,,,Rear End,2,Clear,Dry,Dark-Not Lighted
2024-02-18T18:52:00.000,I-75,,,Rear End,2,Clear,Dry,Dark-Lighted
2024-09-05T08:12:00.000,I 20,,,Rear End,2,Clear,Dry,Daylight
2024-09-05T21:00:00.000,I 75,,,Angle Crash,2,Clear,Dry,Dark-Not Lighted
2024-03-16T13:45:00.000,I 75,,,Rear End,2,Clear,Dry,Daylight
2024-10-22T15:30:00.000,I 75,,,Sideswipe-Same Direction,2,Clear,Dry,Daylight
2024-10-16T01:35:00.000,I 285,,,Rear End,2,Cloudy,Dry,Dark-Not Lighted
2024-06-12T13:36:00.000,I 75,,,Sideswipe-Same Direction,2,Clear,Dry,Daylight
2024-03-15T00:00:00.000,I 285,,,Not a Collision with Motor Vehicle,1,Clear,Dry,Dark-Not Lighted
2024-02-09T15:23:00.000,I-75,,,Sideswipe-Same Direction,2,Clear,Dry,Daylight
2024-07-07T12:15:00.000,I 285,,,Rear End,2,Clear,Dry,Daylight
2024-07-01T14:57:00.000,I 75,,,Sideswipe-Same Direction,2,Clear,Dry,Daylight
2024-11-09T14:59:00.000,I 75,,,Not a Collision with Motor Vehicle,1,Clear,Dry,Daylight
2024-10-15T17:00:00.000,I-75,,,Rear End,2,Clear,Dry,Daylight
2024-05-09T21:00:00.000,I 75,,,Rear End,3,Clear,Dry,Dark-Not Lighted
2024-05-30T05:08:00.000,I 285,,,Rear End,2,Cloudy,Dry,Daylight
2024-09-25T00:40:00.000,I 20,,,Sideswipe-Same Direction,2,Clear,Dry,Dark-Not Lighted
2024-06-12T09:28:00.000,I 16,,,Not a Collision with Motor Vehicle,1,Clear,Dry,Daylight
2024-01-26T02:17:00.000,I-75,,,Angle Crash,2,Rain,Wet,Dark-Lighted
2024-02-28T10:57:00.000,I 85,,,Rear End,2,Clear,Dry,Daylight
2024-03-10T15:47:00.000,I 285,,,Rear End,2,Cloudy,Dry,Daylight
2024-02-24T11:20:00.000,I 85,,,Rear End,2,Clear,Dry,Daylight
2024-02-09T18:20:00.000,I-75,,,Sideswipe-Same Direction,2,Clear,Dry,Dark-Lighted
2024-09-01T21:30:00.000,I 85,,,Sideswipe-Same Direction,2,Clear,Dry,Dark-Not Lighted
2024-04-30T15:37:00.000,I 85,,,Not a Collision with Motor Vehicle,1,Cloudy,Dry,Daylight
2024-09-29T09:40:00.000,I-75,,,Sideswipe-Same Direction,2,Clear,Dry,Daylight
2024-03-19T15:49:00.000,I 75,,,Rear End,2,Clear,Dry,Daylight
2024-01-25T13:00:00.000,I 85,,,Rear End,2,Cloudy,Wet,Daylight
2024-06-30T17:30:00.000,I-75,,,Sideswipe-Same Direction,2,Clear,Dry,Daylight
2024-01-11T19:20:00.000,I-75,,,Rear End,2,Clear,Dry,Dark-Lighted
2024-05-31T13:44:00.000,I 20,,,Sideswipe-Same Direction,2,Clear,Dry,Daylight
2024-07-29T20:26:00.000,I 85,,,Not a Collision with Motor Vehicle,1,Rain,Wet,Dark-Lighted
2024-10-03T17:35:00.000,I 20,,,Rear End,2,Clear,Dry,Daylight
2024-09-18T18:35:00.000,I 285,,,Angle Crash,2,Cloudy,Dry,Daylight
2024-01-31T16:46:00.000,I 85,,,Sideswipe-Same Direction,2,Clear,Dry,Daylight
2024-01-25T07:07:00.000,I 75,,,Not a Collision with Motor Vehicle,1,Rain,Wet,Dawn
2024-06-01T17:00:00.000,I 285,,,Rear End,2,Clear,Dry,Daylight
2024-01-04T14:01:00.000,I 75,,,Rear End,4,Clear,Dry,Daylight
2024-01-23T08:00:00.000,I 285,,,Rear End,2,Cloudy,Wet,Daylight
2024-02-05T06:33:00.000,I 285,,,Sideswipe-Same Direction,2,Cloudy,Wet,Dark-Not Lighted
2024-10-11T21:15:00.000,I 85,,,Sideswipe-Same Direction,2,Clear,Dry,Dark-Not Lighted
2024-10-22T09:32:00.000,I 75,,,Angle Crash,2,Clear,Dry,Daylight
2024-06-03T00:00:00.000,I 285,,,Rear End,2,Rain,Wet,Dark-Lighted
2024-05-15T16:30:00.000,I-75,,,Rear End,2,Clear,Wet,Daylight
2024-10-16T15:54:00.000,I 85,,,Rear End,2,Clear,Dry,Daylight
2024-12-12T15:33:00.000,I 285,,,Rear End,2,Clear,Dry,Daylight
2024-08-07T17:25:00.000,I 285,,,Sideswipe-Same Direction,2,Clear,Dry,Daylight
2024-04-21T00:00:00.000,I 20,,,Sideswipe-Same Direction,2,Rain,Wet,Dark-Lighted
2024-01-10T05:45:00.000,I 75,,,Rear End,2,Cloudy,Dry,Dark-Not Lighted
2024-01-03T16:40:00.000,I-75,,,Rear End,2,Clear,Dry,Daylight
2024-02-19T23:16:00.000,I 75,,,Rear End,2,Cloudy,Dry,Dark-Not Lighted
2024-11-19T06:01:00.000,I 16,,,Not a Collision with Motor Vehicle,1,Clear,Dry,Dark-Not Lighted
2024-04-12T13:59:00.000,I 16,,,(None),1,(None),(None),(None)
2024-03-10T22:12:00.000,I 285,,,Not a Collision with Motor Vehicle,1,Clear,Dry,Dark-Not Lighted
2024-10-14T21:40:00.000,I 75,,,Rear End,2,Clear,Dry,Dark-Not Lighted
2024-10-30T05:30:00.000,I 20,,,Sideswipe-Same Direction,2,Clear,Dry,Dark-Not Lighted
2024-05-11T14:16:00.000,I 85,,,Rear End,2,Clear,Dry,Daylight
2024-04-13T02:34:00.000,I 20,,,Rear End,2,Clear,Dry,Dark-Not Lighted
2024-07-12T04:07:00.000,I 16,,,Rear End,2,Clear,Dry,Dark-Not Lighted
2024-04-16T22:48:00.000,I 16,,,Sideswipe-Same Direction,2,Clear,Dry,Dark-Not Lighted
2024-06-02T13:28:00.000,I 75,,,Rear End,2,Clear,Dry,Daylight
2024-04-06T15:25:00.000,I-75,,,Sideswipe-Same Direction,2,Clear,Dry,Daylight
2024-07-03T16:25:00.000,I 16,,,Rear End,2,Clear,Dry,Daylight
2024-01-03T16:00:00.000,I 85,,,Sideswipe-Same Direction,2,Cloudy,Dry,Daylight
2024-10-04T17:10:00.000,I 85,,,Rear End,2,Cloudy,Dry,Daylight
2024-12-19T17:45:00.000,I 20,,,Rear End,2,Clear,Dry,Dusk
2024-10-23T15:33:00.000,I 16,,,Rear End,2,Clear,Dry,Daylight
2024-01-07T23:45:00.000,I 75,,,Not a Collision with Motor Vehicle,1,Clear,Dry,Dark-Not Lighted
2024-01-22T05:14:00.000,I 85,,,Angle Crash,2,Clear,Dry,Dark-Not Lighted
2024-03-06T10:44:00.000,I-75,,,Rear End,2,Cloudy,Wet,Daylight
2024-01-06T10:18:00.000,I 75,,,Rear End,2,Rain,Wet,Daylight
2024-12-26T16:15:00.000,I 20,,,Sideswipe-Same Direction,2,Cloudy,Dry,Daylight
2024-01-10T15:30:00.000,I 75,,,Sideswipe-Same Direction,2,Clear,Dry,Daylight
2024-08-04T18:03:00.000,I 20,,,Sideswipe-Same Direction,1,Rain,Wet,Daylight
2024-11-17T17:58:00.000,I 285,,,Not a Collision with Motor Vehicle,1,Clear,Dry,Dark-Not Lighted
2024-06-06T15:45:00.000,I 85,,,Rear End,2,Clear,Dry,Daylight
2024-08-26T08:44:00.000,I 285,,,Sideswipe-Same Direction,2,Clear,Dry,Dark-Lighted
2024-10-30T18:50:00.000,I 285,,,Sideswipe-Opposite Direction,2,Clear,Dry,Dark-Not Lighted
2024-01-17T17:18:00.000,I 85,,,Sideswipe-Same Direction,3,Clear,Dry,Daylight
2024-10-01T08:01:00.000,I 75,,,Rear End,2,Cloudy,Dry,Daylight
2024-07-25T13:30:00.000,I 20,,,Rear End,2,Cloudy,Dry,Daylight
2024-03-26T14:24:00.000,I 85,,,Not a Collision with Motor Vehicle,1,Rain,Wet,Daylight
2024-11-30T00:00:00.000,I 285,,,Angle Crash,2,Clear,Dry,Daylight
2024-09-12T15:55:00.000,I 16,,,Sideswipe-Same Direction,2,Rain,Wet,Daylight
2024-04-03T08:00:00.000,I 285,,,Rear End,2,Clear,Dry,Daylight
2024-03-07T09:24:00.000,I 20,,,Not a Collision with Motor Vehicle,1,Clear,Dry,Daylight
2024-10-20T20:21:00.000,I 75,,,Rear End,2,Clear,Dry,Dark-Lighted
2024-08-11T05:39:00.000,I 75,,,Not a Collision with Motor Vehicle,1,Clear,Dry,Dark-Lighted
2024-01-19T10:09:00.000,I 75,,,Sideswipe-Same Direction,4,Clear,Dry,Daylight
2024-03-15T12:27:00.000,I 75,,,Sideswipe-Same Direction,2,Rain,Wet,Daylight
2024-03-22T16:45:00.000,I 20,,,Rear End,2,Clear,Wet,Daylight
2024-05-06T17:16:00.000,I 285,,,Sideswipe-Same Direction,2,Clear,Dry,Daylight
2024-02-18T03:29:00.000,I 20,,,Not a Collision with Motor Vehicle,1,Clear,Dry,Dark-Not Lighted
2024-08-30T14:20:00.000,I 75,,,Rear End,3,Clear,Dry,Daylight
2024-10-20T21:58:00.000,I 20,,,Sideswipe-Same Direction,2,Clear,Dry,Dark-Not Lighted
2024-11-15T09:22:00.000,I 85,,,Rear End,2,Clear,Dry,Daylight
2024-02-01T13:23:00.000,I 285,,,Sideswipe-Same Direction,2,Clear,Dry,Daylight
2024-01-23T19:22:00.000,I 20,,,Rear End,2,Clear,Dry,Dark-Not Lighted
2024-03-01T10:39:00.000,I 285,,,Rear End,2,Rain,Wet,Daylight
2024-02-23T10:30:00.000,I 285,,,Sideswipe-Same Direction,2,Cloudy,Dry,Daylight
2024-07-22T10:05:00.000,I 75,,,Sideswipe-Same Direction,2,Clear,Dry,Daylight
2024-07-23T09:35:00.000,I 285,,,Rear End,2,Clear,Dry,Daylight
2024-04-19T09:04:00.000,I 20,,,Not a Collision with Motor Vehicle,1,Rain,Wet,Daylight
2024-09-17T10:39:00.000,I 85,,,Rear End,2,Clear,Dry,Daylight
2024-12-09T15:55:00.000,I 75,,,Rear End,2,Clear,Dry,Daylight
2024-04-20T00:00:00.000,I 285,,,Rear End,3,Rain,Wet,Dark-Lighted
2024-04-20T05:30:00.000,I-75,,,Not a Collision with Motor Vehicle,1,Clear,Dry,Dark-Not Lighted
2024-05-11T18:28:00.000,I 20,,,Rear End,4,Clear,Dry,Daylight
2024-02-09T18:00:00.000,I-75,,,Sideswipe-Same Direction,2,Clear,Dry,Dark-Not Lighted
2024-11-23T13:32:00.000,I 285,,,Rear End,2,Clear,Dry,Daylight
2024-07-18T18:21:00.000,I 20,,,Rear End,2,Cloudy,Wet,Daylight
2024-11-20T18:40:00.000,I 75,,,Rear End,3,Clear,Dry,Dark-Lighted
2024-02-21T07:00:00.000,I-75,,,Rear End,2,Clear,Dry,Daylight
2024-02-20T17:22:00.000,I 20,,,Rear End,2,Clear,Dry,Daylight
2024-02-23T20:00:00.000,I-75,,,Angle Crash,2,Cloudy,Dry,Dark-Lighted
2024-09-27T08:17:00.000,I 16,,,Not a Collision with Motor Vehicle,1,Rain,Wet,Daylight
2024-07-29T06:15:00.000,I 85,,,Rear End,3,Cloudy,Wet,Dark-Not Lighted
2024-05-17T18:45:00.000,I 75,,,Not a Collision with Motor Vehicle,2,Cloudy,Wet,Daylight
2024-11-14T02:50:00.000,I 20,,,Sideswipe-Same Direction,2,Cloudy,Dry,Dark-Not Lighted
2024-03-20T00:00:00.000,I 285,,,Rear End,2,Clear,Dry,Dark-Not Lighted
2024-03-11T06:25:00.000,I 75,,,Rear End,2,Clear,Dry,Dark-Not Lighted
2024-06-13T19:00:00.000,I 16,,,Sideswipe-Same Direction,2,Clear,Dry,Daylight
2024-02-08T18:20:00.000,I 285,,,Sideswipe-Same Direction,2,Clear,Dry,Daylight
2024-06-07T23:54:00.000,I 20,,,Rear End,2,Clear,Dry,Dark-Lighted
2024-03-08T12:37:00.000,I 20,,,Sideswipe-Same Direction,2,Clear,Dry,Daylight
2024-04-03T00:24:00.000,I 75,,,Not a Collision with Motor Vehicle,1,Severe Thunderstorm or Tornadic,Wet,Dark-Not Lighted
2024-04-30T13:31:00.000,I 285,,,Rear End,2,Clear,Dry,Daylight
2024-05-30T18:27:00.000,I 85,,,Angle Crash,3,Clear,Dry,Daylight
2024-08-04T16:57:00.000,I 20,,,Not a Collision with Motor Vehicle,1,Rain,Wet,Daylight
2024-01-06T15:15:00.000,I-75,,,Rear End,2,Clear,Dry,Daylight
2024-03-13T12:39:00.000,I-75,,,Sideswipe-Same Direction,2,Clear,Dry,Daylight
2024-03-01T08:25:00.000,I 95,,,Sideswipe-Same Direction,2,Cloudy,Wet,Daylight
2024-09-08T22:00:00.000,I 20,,,Sideswipe-Same Direction,2,Clear,Ice/Frost,Dark-Not Lighted
2024-07-23T07:01:00.000,I 75,,,Sideswipe-Same Direction,2,Clear,Dry,Daylight
2024-12-20T04:04:00.000,I 20,,,Rear End,2,Clear,Dry,Dark-Lighted
2024-08-12T04:51:00.000,I 285,,,Sideswipe-Same Direction,2,Clear,Dry,Dark-Lighted
2024-10-19T13:10:00.000,I 75,,,Sideswipe-Same Direction,2,Clear,Dry,Daylight
2024-09-25T05:07:00.000,I 16,,,(None),2,(None),(None),(None)
2024-08-20T07:00:00.000,I 16,,,Not a Collision with Motor Vehicle,1,Clear,Dry,Daylight
2024-10-13T17:00:00.000,I 285,,,Sideswipe-Same Direction,2,Clear,Dry,Daylight
2024-08-24T11:50:00.000,I 75,,,Rear End,2,Clear,Dry,Daylight
2024-01-19T16:57:00.000,I 75,,,Sideswipe-Same Direction,2,Clear,Dry,Daylight
2024-03-28T13:55:00.000,I 75,,,Sideswipe-Same Direction,2,Clear,Dry,Daylight
2024-09-25T20:23:00.000,I 75,,,Angle Crash,2,Rain,Wet,Dark-Not Lighted
2024-08-09T10:30:00.000,I 85,,,Rear End,2,Clear,Dry,Daylight
2024-09-25T17:00:00.000,I-75,,,Rear End,2,Rain,Water (standing or moving),Daylight
2024-11-08T21:43:00.000,I 75,,,Angle Crash,2,Clear,Dry,Dark-Lighted
2024-12-26T19:23:00.000,I 285,,,Rear End,2,Cloudy,Dry,Dark-Not Lighted
2024-07-08T10:00:00.000,I 285,,,Rear End,2,Clear,Dry,Daylight
2024-06-26T18:02:00.000,I-75,,,Sideswipe-Same Direction,2,Clear,Dry,Daylight
2024-02-16T08:16:00.000,I 85,,,Rear End,2,Cloudy,Dry,Daylight
2024-04-16T07:51:00.000,I 75,,,Rear End,2,Cloudy,Dry,Daylight
2024-05-06T14:44:00.000,I 16,,,Not a Collision with Motor Vehicle,1,Clear,Dry,Daylight
2024-10-13T02:38:00.000,I 85,,,Rear End,2,Clear,Dry,Dark-Not Lighted
2024-07-06T16:01:00.000,I 16,,,Not a Collision with Motor Vehicle,1,Rain,Wet,Daylight
2024-09-05T17:48:00.000,I 20,,,Rear End,2,Clear,Dry,Daylight
2024-02-09T00:52:00.000,I 75,,,Rear End,4,Clear,Dry,Dark-Not Lighted
2024-09-26T23:03:00.000,I 16,,,Not a Collision with Motor Vehicle,1,Rain,Wet,Dark-Not Lighted
2024-09-01T09:40:00.000,I 75,,,Sideswipe-Same Direction,2,Cloudy,Dry,Daylight
2024-02-05T15:13:00.000,I 75,,,Rear End,2,Clear,Dry,Daylight
2024-08-14T18:40:00.000,I 16,,,Rear End,2,Cloudy,Wet,Daylight
2024-10-21T14:10:00.000,I 85,,,Rear End,2,Clear,Dry,Daylight
2024-06-23T18:45:00.000,I 20,,,Rear End,2,Clear,Dry,Daylight
2024-11-21T16:56:00.000,I 95,,,Rear End,2,Clear,Dry,Dark-Lighted
2024-03-24T13:38:00.000,I 75,,,Rear End,2,Cloudy,Dry,Daylight
2024-04-27T11:38:00.000,I 285,,,Rear End,2,Cloudy,Dry,Daylight
2024-11-27T07:35:00.000,I 75,,,Not a Collision with Motor Vehicle,1,Cloudy,Dry,Daylight
2024-05-09T10:05:00.000,I 85,,,Not a Collision with Motor Vehicle,1,Rain,Wet,Daylight
2024-08-21T12:04:00.000,I 16,,,Rear End,2,Clear,Dry,Daylight
2024-03-07T06:43:00.000,I 285,,,Rear End,2,Clear,Dry,Dark-Not Lighted
2024-02-03T18:06:00.000,I-75,,,Sideswipe-Same Direction,2,Clear,Dry,Daylight
2024-01-11T20:56:00.000,I 85,,,Rear End,2,Clear,Dry,Daylight
2024-06-28T12:38:00.000,I 75,,,Sideswipe-Same Direction,2,Cloudy,Dry,Daylight
2024-11-20T12:28:00.000,I 85,,,Sideswipe-Same Direction,2,Cloudy,Dry,Daylight
2024-01-12T20:20:00.000,I 20,,,Sideswipe-Same Direction,2,Clear,Wet,Dark-Lighted
2024-01-13T02:58:00.000,I 20,,,Not a Collision with Motor Vehicle,1,Clear,Dry,Dark-Not Lighted
2024-10-24T16:37:00.000,I 75,,,Rear End,2,Clear,Dry,Daylight
2024-02-11T19:30:00.000,I-75,,,Rear End,2,Rain,Wet,Dark-Lighted
2024-09-15T17:30:00.000,I 285,,,Sideswipe-Same Direction,2,Clear,Dry,Daylight
2024-03-24T17:34:00.000,I-75,,,Rear End,2,Clear,Dry,Daylight
2024-08-05T07:41:00.000,I 85,,,Rear End,2,Cloudy,Dry,Daylight
2024-04-28T19:30:00.000,I 85,,,Sideswipe-Same Direction,1,Clear,Dry,Dusk
2024-04-05T22:30:00.000,I-75,,,Rear End,2,Clear,Dry,Dark-Lighted
2024-11-11T16:56:00.000,I 75,,,Sideswipe-Same Direction,2,Clear,Dry,Daylight
2024-05-26T10:34:00.000,I 20,,,Sideswipe-Same Direction,2,Clear,Dry,Daylight
2024-11-20T17:33:00.000,I 75,,,Rear End,3,Clear,Dry,Dark-Lighted
2024-07-03T08:39:00.000,I 16,,,Not a Collision with Motor Vehicle,2,Cloudy,Dry,Daylight
2024-05-11T14:35:00.000,I 75,,,Rear End,2,Clear,Dry,Daylight
2024-03-17T10:00:00.000,I-75,,,Rear End,2,Clear,Dry,Daylight
2024-07-18T17:30:00.000,I-75,,,Sideswipe-Same Direction,2,Cloudy,Wet,Daylight
2024-08-01T10:21:00.000,I 20,,,Rear End,2,Clear,Dry,Daylight
2024-05-30T08:54:00.000,I 85,,,Rear End,2,Clear,Dry,Daylight
2024-04-19T10:26:00.000,I 85,,,Rear End,4,Cloudy,Dry,Daylight
2024-06-25T14:31:00.000,I 20,,,Sideswipe-Same Direction,2,Clear,Dry,Daylight
2024-12-11T07:20:00.000,I 285,,,Sideswipe-Same Direction,2,Rain,Wet,Daylight
2024-03-23T02:13:00.000,I 285,,,Angle Crash,2,Rain,Wet,Dark-Not Lighted
2024-11-04T00:00:00.000,I 285,,,Rear End,2,Clear,Dry,Dark-Not Lighted
2024-01-06T03:00:00.000,I 16,,,Not a Collision with Motor Vehicle,1,Rain,Water (standing or moving),Dark-Lighted
2024-04-26T19:27:00.000,I 85,,,Rear End,2,Clear,Dry,Dark-Lighted
2024-03-26T17:42:00.000,I 85,,,Not a Collision with Motor Vehicle,1,Rain,Wet,Daylight
2024-08-10T11:30:00.000,I-75,,,Rear End,2,Clear,Dry,Daylight
2024-02-09T23:07:00.000,I 16,,,Not a Collision with Motor Vehicle,2,Clear,Dry,Dark-Not Lighted
2024-09-20T01:35:00.000,I 85,,,Rear End,2,Clear,Dry,Dark-Not Lighted
2024-05-31T16:56:00.000,I 20,,,Rear End,3,Clear,Dry,Daylight
2024-03-28T10:55:00.000,I 285,,,Head On,2,Clear,Dry,Daylight
2024-10-12T13:40:00.000,I 75,,,Rear End,4,Clear,Dry,Daylight
2024-07-15T00:00:00.000,I 20,,,Rear End,2,Clear,Dry,Daylight
2024-08-28T19:31:00.000,I 75,,,Rear End,2,Clear,Dry,Daylight
2024-03-01T18:54:00.000,I 85,,,Rear End,2,Rain,Wet,Daylight
2024-03-06T19:50:00.000,I 85,,,Sideswipe-Same Direction,2,Rain,Wet,Dark-Not Lighted
2024-03-06T10:00:00.000,I 285,,,Sideswipe-Same Direction,2,Clear,Dry,Daylight
2024-09-25T18:13:00.000,I 85,,,Not a Collision with Motor Vehicle,1,Rain,Wet,Dark-Lighted
2024-03-27T08:42:00.000,I 75,,,Not a Collision with Motor Vehicle,1,Clear,Dry,Daylight
2024-08-03T04:27:00.000,I 85,,,Angle Crash,3,Cloudy,Wet,Dark-Not Lighted
2024-05-28T10:11:00.000,I 75,,,Sideswipe-Same Direction,2,Clear,Dry,Daylight
2024-10-12T20:12:00.000,I 20,,,Rear End,2,Clear,Dry,Dark-Not Lighted
2024-02-01T08:30:00.000,I-75,,,Angle Crash,2,Clear,Dry,Daylight
2024-04-03T01:35:00.000,I 285,,,Not a Collision with Motor Vehicle,1,Rain,Wet,Dark-Not Lighted
2024-06-17T14:04:00.000,I 285,,,Sideswipe-Same Direction,2,Clear,Dry,Daylight
2024-09-10T08:26:00.000,I 285,,,Rear End,2,Clear,Dry,Daylight
2024-04-11T17:44:00.000,I 16,,,Sideswipe-Same Direction,2,Clear,Dry,Daylight
2024-04-28T15:27:00.000,I-75,,,Rear End,2,Clear,Dry,Daylight
2024-01-10T16:24:00.000,I 85,,,Rear End,2,Clear,Dry,Daylight
2024-10-14T07:00:00.000,I 16,,,(None),2,(None),(None),(None)
2024-01-25T06:40:00.000,I 285,,,Angle Crash,3,Rain,Wet,Dark-Not Lighted
2024-01-13T08:47:00.000,I 20,,,Not a Collision with Motor Vehicle,1,Clear,Dry,Daylight
2024-07-24T07:50:00.000,I 85,,,Sideswipe-Same Direction,3,Cloudy,Dry,Daylight
2024-06-04T15:10:00.000,I 75,,,Not a Collision with Motor Vehicle,1,Rain,Wet,Daylight
2024-07-04T15:00:00.000,I 16,,,Not a Collision with Motor Vehicle,1,Rain,Wet,Dark-Lighted
2024-02-23T16:59:00.000,I 85,,,Rear End,2,Clear,Dry,Daylight
2024-02-09T18:00:00.000,I-75,,,Sideswipe-Same Direction,2,Clear,Dry,Dark-Lighted
2024-05-31T08:11:00.000,I 85,,,Sideswipe-Same Direction,2,Clear,Dry,Daylight
2024-12-17T17:20:00.000,I 285,,,Rear End,2,Cloudy,Dry,Daylight
2024-11-11T18:50:00.000,I 285,,,Rear End,2,Clear,Dry,Dark-Lighted
2024-04-10T10:00:00.000,I 285,,,Rear End,2,Clear,Dry,Daylight
2024-01-05T15:45:00.000,I 75,,,Rear End,2,Clear,Dry,Daylight
2024-01-05T02:03:00.000,I 16,,,Not a Collision with Motor Vehicle,1,Clear,Dry,Dark-Not Lighted
2024-01-25T00:00:00.000,I 285,,,Rear End,2,Rain,Wet,Dark-Not Lighted
2024-10-27T19:49:00.000,I 16,,,(None),1,(None),(None),(None)
2024-05-11T12:55:00.000,I 20,,,Sideswipe-Same Direction,2,Clear,Dry,Daylight
2024-01-25T13:44:00.000,I 20,,,Not a Collision with Motor Vehicle,1,Rain,Wet,Daylight
2024-02-26T06:25:00.000,I 285,,,Rear End,2,Clear,Dry,Dawn
2024-04-01T13:58:00.000,I 85,,,Rear End,2,Cloudy,Dry,Daylight
2024-12-05T08:00:00.000,I 85,,,Rear End,4,Cloudy,Dry,Daylight
2024-04-01T17:40:00.000,I 20,,,Sideswipe-Same Direction,2,Clear,Dry,Daylight
2024-05-25T15:33:00.000,I 16,,,Not a Collision with Motor Vehicle,1,Rain,Wet,Daylight
2024-12-31T14:52:00.000,I 20,,,Rear End,2,Cloudy,Dry,Daylight
2024-02-29T19:17:00.000,I 75,,,Not a Collision with Motor Vehicle,1,Clear,Dry,Dark-Not Lighted
2024-12-24T04:39:00.000,I 75,,,Not a Collision with Motor Vehicle,1,Clear,Dry,Dark-Not Lighted
2024-06-12T09:45:00.000,I 285,,,Rear End,2,Clear,Dry,Daylight
2024-02-20T13:44:00.000,I 20,,,Sideswipe-Same Direction,2,Clear,Dry,Daylight
2024-05-23T07:37:00.000,I 75,,,Rear End,2,Clear,Dry,Daylight
2024-07-12T02:35:00.000,I 95,,,Rear End,2,Clear,Dry,Dark-Not Lighted
2024-06-20T07:10:00.000,I-75,,,Not a Collision with Motor Vehicle,1,Clear,Dry,Daylight
2024-04-11T20:52:00.000,I 75,,,Sideswipe-Same Direction,2,Cloudy,Wet,Dark-Not Lighted
2024-02-12T05:40:00.000,I 20,,,Not a Collision with Motor Vehicle,1,Rain,Wet,Dark-Lighted
2024-02-02T15:55:00.000,I 20,,,Sideswipe-Same Direction,2,Clear,Dry,Daylight
2024-03-18T07:13:00.000,I 20,,,Sideswipe-Same Direction,2,Clear,Dry,Dark-Not Lighted
2024-05-21T17:28:00.000,I 85,,,Sideswipe-Same Direction,2,Clear,Dry,Daylight
2024-02-21T18:40:00.000,I 285,,,Rear End,2,Clear,Dry,Dark-Not Lighted
2024-07-08T09:14:00.000,I 85,,,Rear End,2,Clear,Dry,Daylight
2024-02-04T16:05:00.000,I 75,,,Sideswipe-Same Direction,2,Rain,Wet,Daylight
2024-08-25T13:13:00.000,I 16,,,Rear End,3,Clear,Dry,Daylight
2024-01-25T15:49:00.000,I 75,,,Rear End,2,Clear,Dry,Daylight
2024-09-03T16:55:00.000,I 95,,,Rear End,3,Clear,Dry,Daylight
2024-11-09T18:54:00.000,I 75,,,Rear End,2,Clear,Dry,Dark-Lighted
2024-06-01T23:30:00.000,I 285,,,Rear End,2,Clear,Dry,Dark-Lighted
2024-12-16T21:20:00.000,I 16,,,Not a Collision with Motor Vehicle,1,Clear,Dry,Dark-Lighted
2024-03-29T13:53:00.000,I 75,,,Sideswipe-Same Direction,2,Cloudy,Dry,Daylight
2024-02-24T11:30:00.000,I-75,,,Rear End,2,Clear,Dry,Daylight
2024-10-08T08:18:00.000,I 75,,,Rear End,2,Clear,Dry,Daylight
2024-07-20T20:00:00.000,I-75,,,Rear End,2,Cloudy,Dry,Dark-Lighted
2024-07-13T18:25:00.000,I 85,,,Sideswipe-Same Direction,2,Clear,Dry,Daylight
2024-07-12T16:00:00.000,I 20,,,Sideswipe-Opposite Direction,2,Clear,Dry,Daylight
2024-12-23T12:20:00.000,I 85,,,Rear End,2,Clear,Dry,Daylight
2024-05-23T08:02:00.000,I 75,,,Sideswipe-Same Direction,2,Cloudy,Dry,Daylight
2024-08-03T15:16:00.000,I 85,,,Rear End,2,Clear,Dry,Daylight
2024-10-29T08:20:00.000,I 285,,,Sideswipe-Same Direction,2,Clear,Dry,Daylight
2024-03-20T09:22:00.000,I 285,,,Angle Crash,2,Clear,Dry,Daylight
2024-03-02T11:00:00.000,I-75,,,Rear End,2,Cloudy,Water (standing or moving),Daylight
2024-06-20T10:05:00.000,I 75,,,Sideswipe-Same Direction,2,Clear,Dry,Daylight
2024-03-09T17:50:00.000,I 20,,,Angle Crash,2,Rain,Wet,Daylight
2024-05-01T22:48:00.000,I-75,,,Sideswipe-Same Direction,2,Clear,Dry,Dark-Lighted
2024-09-12T12:00:00.000,I 20,,,Not a Collision with Motor Vehicle,1,Cloudy,Wet,Daylight
2024-03-06T03:25:00.000,I 20,,,Sideswipe-Same Direction,2,Rain,Wet,Dark-Lighted
2024-10-03T20:30:00.000,I 285,,,Rear End,2,Clear,Dry,Dark-Not Lighted
2024-02-13T00:12:00.000,I-75,,,Rear End,2,Clear,Water (standing or moving),Dark-Lighted
2024-06-02T16:02:00.000,I 85,,,Not a Collision with Motor Vehicle,1,Cloudy,Dry,Daylight
2024-02-27T03:30:00.000,I 20,,,Angle Crash,2,Clear,Dry,Dark-Lighted