Date and Time,Roadway (From Crash Report),Intersection Name (from Crash Report),KABCO Severity,Manner of Collision (Crash Level) ,# of Vehicles per crash ,Weather Conditions (Crash Level),Surface Condition (Crash Level) ,Light Conditions (Crash Level)
2024-03-10T17:40:00.000,I 20,,,Sideswipe-Same Direction,2,Clear,Dry,Daylight
2024-08-05T16:51:00.000,I 75,,,Not a Collision with Motor Vehicle,1,Clear,Dry,Daylight
2024-01-22T16:20:00.000,I 285,,,Rear End,2,Clear,Dry,Daylight
2024-02-17T15:00:00.000,I-75,,,Sideswipe-Same Direction,2,Clear,Dry,Daylight
2024-04-03T06:19:00.000,I 20,,,Sideswipe-Same Direction,2,Rain,Wet,Dawn
2024-08-23T11:29:00.000,I 85,,,Rear End,2,Clear,Dry,Daylight
2024-12-03T18:22:00.000,I 95,,,Rear End,2,Clear,Dry,Dark-Not Lighted
2024-01-27T14:38:00.000,I 285,,,Rear End,2,Rain,Wet,Daylight
2024-06-05T09:25:00.000,I 285,,,Sideswipe-Same Direction,2,Clear,Dry,Daylight
2024-09-09T18:54:00.000,I 285,,,Not a Collision with Motor Vehicle,2,Clear,Dry,Daylight
2024-07-23T18:00:00.000,I 20,,,Not a Collision with Motor Vehicle,1,Rain,Wet,Daylight
2024-02-14T23:30:00.000,I-75,,,Sideswipe-Same Direction,2,Clear,Dry,Dark-Lighted
2024-04-09T07:51:00.000,I 285,,,Sideswipe-Same Direction,2,Rain,Wet,Daylight
2024-12-08T18:00:00.000,I 85,,,Rear End,2,Clear,Dry,Dark-Lighted
2024-01-10T05:37:00.000,I 16,,,Not a Collision with Motor Vehicle,1,Clear,Dry,Dark-Not Lighted
2024-07-06T17:25:00.000,I 95,,,Rear End,2,Cloudy,Dry,Daylight
2024-11-21T11:15:00.000,I 85,,,Not a Collision with Motor Vehicle,1,Clear,Dry,Daylight
2024-11-14T17:25:00.000,I 75,,,Sideswipe-Same Direction,2,Clear,Dry,Daylight
2024-03-22T00:00:00.000,I 285,,,Sideswipe-Same Direction,2,Rain,Wet,Dusk
2024-05-31T13:20:00.000,I 75,,,Sideswipe-Same Direction,2,Clear,Dry,Daylight
2024-04-29T15:37:00.000,I 85,,,Sideswipe-Same Direction,2,Clear,Dry,Daylight
2024-11-17T18:15:00.000,I 20,,,Rear End,2,Clear,Dry,Dark-Not Lighted
2024-03-25T22:07:00.000,I 16,,,Head On,1,Clear,Dry,Dark-Not Lighted
2024-04-07T11:02:00.000,I-75,,,Sideswipe-Same Direction,3,Clear,Dry,Daylight
2024-01-21T22:00:00.000,I-75,,,Sideswipe-Same Direction,2,Clear,Dry,Dark-Lighted
2024-12-29T10:45:00.000,I 20,,,Sideswipe-Same Direction,3,Rain,Wet,Daylight
2024-11-30T12:15:00.000,I 285,,,Sideswipe-Same Direction,2,Clear,Dry,Daylight
2024-09-23T10:58:00.000,I 75,,,Sideswipe-Same Direction,2,Clear,Dry,Daylight
2024-06-02T12:42:00.000,I 20,,,Sideswipe-Same Direction,2,Clear,Dry,Daylight
2024-07-26T11:06:00.000,I 285,,,Rear End,2,Rain,Dry,Daylight
2024-09-27T23:35:00.000,I 95,,,Not a Collision with Motor Vehicle,1,Clear,Dry,Dark-Not Lighted
2024-07-28T10:49:00.000,I 85,,,Rear End,2,Clear,Dry,Daylight
2024-04-26T14:50:00.000,I 75,,,Sideswipe-Same Direction,2,Clear,Dry,Daylight
2024-07-15T00:10:00.000,I 75,,,Sideswipe-Same Direction,2,Clear,Dry,Dark-Not Lighted
2024-03-20T13:28:00.000,I 85,,,Rear End,2,Clear,Dry,Daylight
2024-06-23T15:31:00.000,I 85,,,Sideswipe-Same Direction,2,Clear,Dry,Daylight
2024-10-17T02:37:00.000,I 16,,,Not a Collision with Motor Vehicle,1,Clear,Dry,Dark-Not Lighted
2024-08-09T16:40:00.000,I 20,,,Rear End,3,Rain,Wet,Daylight
2024-04-22T14:56:00.000,I 75,,,Sideswipe-Same Direction,2,Clear,Dry,Daylight
2024-10-09T18:30:00.000,I 16,,,Sideswipe-Same Direction,2,Cloudy,Dry,Daylight
2024-02-15T11:08:00.000,I 85,,,Rear End,3,Clear,Dry,Daylight
2024-10-14T16:50:00.000,I 20,,,Rear End,2,Clear,Dry,Daylight
2024-07-07T17:16:00.000,I 16,,,Not a Collision with Motor Vehicle,1,Rain,Wet,Daylight
2024-11-11T15:24:00.000,I 75,,,Rear End,2,Clear,Dry,Daylight
2024-12-13T19:45:00.000,I 85,,,Rear End,2,Clear,Dry,Daylight
2024-12-13T21:09:00.000,I 20,,,Rear End,2,Clear,Dry,Dark-Not Lighted
2024-12-11T06:16:00.000,I 75,,,Sideswipe-Same Direction,2,Cloudy,Wet,Dark-Not Lighted
2024-09-16T17:30:00.000,I 20,,,Sideswipe-Same Direction,2,Clear,Dry,Daylight
2024-12-10T16:28:00.000,I 85,,,Rear End,2,Rain,Wet,Daylight
2024-08-26T16:00:00.000,I 85,,,Sideswipe-Same Direction,2,Clear,Dry,Daylight
2024-09-04T13:00:00.000,I 20,,,Angle Crash,2,Clear,Dry,Daylight
2024-09-26T17:24:00.000,I 20,,,Not a Collision with Motor Vehicle,1,Rain,Wet,Daylight
2024-03-05T19:30:00.000,I-75,,,Sideswipe-Same Direction,2,Other,Dry,Dark-Lighted
2024-08-13T17:46:00.000,I 75,,,Sideswipe-Same Direction,2,Clear,Dry,Daylight
2024-11-03T18:47:00.000,I 20,,,Not a Collision with Motor Vehicle,1,Clear,Dry,Dark-Not Lighted
2024-05-17T16:42:00.000,I 75,,,Not a Collision with Motor Vehicle,1,Rain,Wet,Daylight
2024-09-26T13:54:00.000,I 75,,,Rear End,3,Rain,Wet,Daylight
2024-10-09T21:16:00.000,I 85,,,(None),2,(None),(None),(None)
2024-01-09T03:46:00.000,I 85,,,Not a Collision with Motor Vehicle,1,Clear,Wet,Dark-Lighted
2024-01-09T17:12:00.000,I 75,,,Rear End,2,Clear,Dry,Daylight
2024-02-12T07:55:00.000,I 16,,,Sideswipe-Same Direction,2,Rain,Wet,Daylight
2024-09-03T07:55:00.000,I 285,,,Rear End,3,Clear,Dry,Daylight
2024-04-04T08:40:00.000,I 285,,,Sideswipe-Same Direction,2,Clear,Dry,Daylight
2024-02-06T07:40:00.000,I 285,,,Sideswipe-Same Direction,2,Clear,Dry,Daylight
2024-09-27T00:20:00.000,I 75,,,Not a Collision with Motor Vehicle,1,Rain,Wet,Dark-Not Lighted
2024-03-06T07:00:00.000,I 285,,,Sideswipe-Same Direction,2,Rain,Wet,Dawn
2024-06-26T02:25:00.000,I 20,,,Sideswipe-Same Direction,2,Clear,Dry,Dark-Lighted
2024-07-01T14:22:00.000,I 75,,,Rear End,2,Clear,Dry,Daylight
2024-03-03T07:00:00.000,I 75,,,Not a Collision with Motor Vehicle,1,Fog,Wet,Daylight
2024-03-02T02:25:00.000,I-75,,,Sideswipe-Same Direction,2,Rain,Water (standing or moving),Dark-Lighted
2024-10-22T20:10:00.000,I 85,,,Rear End,4,Clear,Dry,Dark-Lighted
2024-08-27T01:00:00.000,I 285,,,Not a Collision with Motor Vehicle,1,Clear,Dry,Dark-Not Lighted
2024-12-10T18:04:00.000,I 75,,,Rear End,3,Rain,Wet,Dark-Lighted
2024-11-23T07:10:00.000,I 20,,,Not a Collision with Motor Vehicle,1,Clear,Dry,Dawn
2024-05-28T10:34:00.000,I 285,,,Sideswipe-Same Direction,2,Clear,Dry,Daylight
2024-12-17T17:37:00.000,I 85,,,Rear End,2,Clear,Dry,Dark-Not Lighted
2024-04-16T09:30:00.000,I 20,,,Sideswipe-Same Direction,3,Clear,Dry,Daylight
2024-08-26T13:54:00.000,I 16,,,Sideswipe-Same Direction,2,Cloudy,Dry,Daylight
2024-08-16T21:29:00.000,I 85,,,Sideswipe-Same Direction,2,Rain,Wet,Dark-Not Lighted
2024-11-13T17:03:00.000,I 85,,,Sideswipe-Same Direction,2,Clear,Dry,Daylight
2024-07-08T13:13:00.000,I 75,,,Rear End,3,Clear,Dry,Daylight
2024-02-08T22:08:00.000,I 20,,,Angle Crash,3,Clear,Dry,Dark-Lighted
2024-05-04T03:51:00.000,I 285,,,Not a Collision with Motor Vehicle,1,Clear,Dry,Dark-Lighted
2024-06-30T11:40:00.000,I 20,,,Sideswipe-Same Direction,2,Clear,Dry,Daylight
2024-04-18T17:02:00.000,I 20,,,Angle Crash,3,Clear,Dry,Daylight
2024-03-17T11:09:00.000,I-75,,,Angle Crash,2,Clear,Dry,Daylight
2024-12-26T03:54:00.000,I 285,,,Rear End,2,Clear,Dry,Dark-Not Lighted
2024-04-01T14:02:00.000,I 20,,,Sideswipe-Same Direction,2,Clear,Dry,Daylight
2024-06-27T12:05:00.000,I 20,,,Angle Crash,4,Clear,Dry,Daylight
2024-05-28T09:15:00.000,I 285,,,Rear End,3,Clear,Dry,Daylight
2024-11-15T22:23:00.000,I 85,,,Sideswipe-Same Direction,2,Clear,Dry,Dark-Not Lighted
2024-07-15T17:31:00.000,I 75,,,Sideswipe-Same Direction,2,Rain,Wet,Daylight
2024-06-24T15:55:00.000,I 20,,,Rear End,2,Clear,Dry,Daylight
2024-03-13T00:00:00.000,I 85,,,Sideswipe-Same Direction,2,Cloudy,Dry,Daylight
2024-10-16T15:29:00.000,I 85,,,Sideswipe-Same Direction,2,Clear,Dry,Daylight
2024-05-11T12:33:00.000,I 85,,,Not a Collision with Motor Vehicle,1,Clear,Dry,Daylight
2024-10-14T19:20:00.000,I 85,,,Not a Collision with Motor Vehicle,1,Clear,Dry,Dark-Not Lighted
2024-02-27T04:20:00.000,I 285,,,Not a Collision with Motor Vehicle,1,Clear,Dry,Dark-Lighted
2024-10-25T15:10:00.000,I 75,,,Sideswipe-Same Direction,2,Clear,Dry,Daylight
2024-11-17T20:39:00.000,I 20,,,Sideswipe-Same Direction,2,Clear,Dry,Daylight
2024-02-23T16:14:00.000,I 75,,,Sideswipe-Same Direction,2,Clear,Dry,Daylight
2024-12-20T17:10:00.000,I 20,,,Sideswipe-Same Direction,2,Clear,Dry,Daylight
2024-11-20T09:05:00.000,I 75,,,Rear End,2,Cloudy,Wet,Daylight
2024-01-05T13:27:00.000,I 85,,,Sideswipe-Same Direction,2,Cloudy,Dry,Daylight
2024-06-14T14:15:00.000,I 85,,,Sideswipe-Same Direction,2,Clear,Dry,Daylight
2024-09-30T03:00:00.000,I-75,,,Sideswipe-Same Direction,2,Clear,Dry,Dark-Lighted
2024-01-18T22:47:00.000,I 75,,,Sideswipe-Same Direction,2,Cloudy,Dry,Dark-Lighted
2024-07-01T17:38:00.000,I 75,,,Rear End,2,Cloudy,Dry,Daylight
2024-03-26T15:00:00.000,I-75,,,Rear End,2,Rain,Wet,Daylight
2024-05-28T09:10:00.000,I 75,,,Sideswipe-Same Direction,2,Clear,Dry,Daylight
2024-05-02T18:06:00.000,I 75,,,Angle Crash,2,Clear,Dry,Daylight
2024-12-16T16:00:00.000,I 20,,,Rear End,2,Clear,Dry,Daylight
2024-08-26T21:24:00.000,I 95,,,Rear End,2,Clear,Dry,Dark-Not Lighted
2024-06-29T20:24:00.000,I 285,,,Not a Collision with Motor Vehicle,1,Clear,Wet,Daylight
2024-10-14T19:20:00.000,I 85,,,Not a Collision with Motor Vehicle,1,Clear,Dry,Dark-Not Lighted
2024-08-30T18:44:00.000,I 75,,,Sideswipe-Same Direction,2,Severe Thunderstorm or Tornadic,Wet,Daylight
2024-02-11T23:21:00.000,I 75,,,Not a Collision with Motor Vehicle,1,Rain,Wet,Dark-Lighted
2024-01-18T15:45:00.000,I 16,,,Sideswipe-Same Direction,2,Clear,Dry,Daylight
2024-10-14T16:35:00.000,I 85,,,Rear End,3,Clear,Dry,Daylight
2024-02-25T19:30:00.000,I-75,,,Rear End,2,Clear,Dry,Dusk
2024-11-19T09:36:00.000,I 20,,,Not a Collision with Motor Vehicle,1,Rain,Wet,Daylight
2024-12-19T19:27:00.000,I 75,,,Rear End,2,Clear,Dry,Dark-Lighted
2024-09-01T17:59:00.000,I 75,,,Rear End,2,Rain,Wet,Daylight
2024-12-26T19:38:00.000,I 75,,,Sideswipe-Same Direction,2,Clear,Dry,Dark-Lighted
2024-02-10T12:08:00.000,I 85,,,Sideswipe-Same Direction,2,Cloudy,Dry,Daylight
2024-10-08T09:10:00.000,I 85,,,Rear End,2,Clear,Dry,Daylight
2024-11-15T13:56:00.000,I 20,,,Rear End,2,Clear,Dry,Daylight
2024-07-12T14:38:00.000,I 285,,,Sideswipe-Same Direction,2,Clear,Dry,Daylight
2024-11-17T19:02:00.000,I 75,,,Rear End,2,Clear,Dry,Dark-Lighted
2024-07-22T14:40:00.000,I 85,,,Sideswipe-Same Direction,3,Clear,Dry,Daylight
2024-09-17T07:04:00.000,I 285,,,Rear End,2,Clear,Dry,Daylight
2024-11-09T13:30:00.000,I 85,,,Sideswipe-Same Direction,2,Clear,Dry,Daylight
2024-04-14T17:00:00.000,I 85,,,Sideswipe-Same Direction,2,Clear,Dry,Daylight
2024-01-23T06:24:00.000,I 285,,,Rear End,2,Rain,Wet,Dark-Lighted
2024-07-20T22:00:00.000,I-75,,,Angle Crash,2,Rain,Wet,Dark-Lighted
2024-08-19T06:12:00.000,I 75,,,Angle Crash,2,Clear,Dry,Dark-Not Lighted
2024-09-12T03:04:00.000,I 75,,,Sideswipe-Same Direction,2,Clear,Dry,Dark-Not Lighted
2024-08-29T09:45:00.000,I 20,,,Rear End,2,Clear,Dry,Daylight
2024-09-16T21:05:00.000,I 20,,,Sideswipe-Same Direction,2,Clear,Dry,Dark-Lighted
2024-09-27T05:48:00.000,I 20,,,Not a Collision with Motor Vehicle,1,Rain,Wet,Dark-Not Lighted
2024-02-01T14:27:00.000,I 85,,,Sideswipe-Same Direction,2,Clear,Dry,Daylight
2024-08-05T05:47:00.000,I 285,,,Not a Collision with Motor Vehicle,1,Clear,Dry,Dark-Lighted
2024-11-13T23:09:00.000,I 75,,,Sideswipe-Same Direction,2,Rain,Wet,Dark-Not Lighted
2024-03-22T00:42:00.000,I 285,,,Sideswipe-Same Direction,2,Clear,Dry,Dark-Lighted
2024-08-21T15:51:00.000,I 285,,,Angle Crash,2,Cloudy,Dry,Daylight
2024-03-18T15:30:00.000,I 85,,,Not a Collision with Motor Vehicle,2,Clear,Dry,Daylight
2024-01-13T16:20:00.000,I 75,,,Sideswipe-Same Direction,3,Clear,Dry,Daylight
2024-05-19T04:32:00.000,I 20,,,Not a Collision with Motor Vehicle,1,Clear,Dry,Dark-Not Lighted
2024-02-09T12:00:00.000,I 285,,,Sideswipe-Same Direction,2,Cloudy,Dry,Daylight
2024-04-12T13:56:00.000,I 75,,,Sideswipe-Same Direction,2,Clear,Dry,Daylight
2024-10-03T12:05:00.000,I 20,,,Rear End,2,Cloudy,Dry,Daylight
2024-07-24T00:22:00.000,I 285,,,Not a Collision with Motor Vehicle,1,Cloudy,Wet,Dark-Not Lighted
2024-03-18T22:00:00.000,I-75,,,Sideswipe-Same Direction,2,Clear,Dry,Dark-Lighted
2024-01-30T11:50:00.000,I 75,,,Rear End,2,Clear,Dry,Daylight
2024-03-12T03:46:00.000,I 285,,,Sideswipe-Same Direction,2,Clear,Dry,Dark-Lighted
2024-10-27T21:35:00.000,I 16,,,Not a Collision with Motor Vehicle,1,Clear,Dry,Dark-Not Lighted
2024-03-05T18:34:00.000,I 285,,,Angle Crash,2,Rain,Wet,Dark-Not Lighted
2024-04-10T07:48:00.000,I 16,,,Rear End,2,Cloudy,Dry,Daylight
2024-07-06T18:41:00.000,I-75,,,Rear End,2,Cloudy,Wet,Daylight
2024-11-21T17:22:00.000,I 85,,,Rear End,2,Clear,Dry,Dark-Lighted
2024-07-26T23:09:00.000,I 85,,,Sideswipe-Same Direction,4,Clear,Dry,Dark-Not Lighted
2024-04-30T14:25:00.000,I 85,,,Sideswipe-Same Direction,2,Cloudy,Dry,Daylight
2024-07-08T16:41:00.000,I 75,,,Not a Collision with Motor Vehicle,2,Clear,Dry,Daylight
2024-03-11T14:05:00.000,I 85,,,Sideswipe-Same Direction,2,Clear,Dry,Daylight
2024-05-14T04:46:00.000,I 75,,,Sideswipe-Same Direction,2,Rain,Wet,Dark-Not Lighted
2024-07-11T01:00:00.000,I 285,,,Rear End,2,Clear,Dry,Daylight
2024-03-05T20:49:00.000,I 285,,,Angle Crash,2,Rain,Wet,Dark-Not Lighted
2024-07-06T21:35:00.000,I 75,,,Not a Collision with Motor Vehicle,1,Cloudy,Dry,Dark-Not Lighted
2024-05-19T19:15:00.000,I 75,,,Sideswipe-Same Direction,2,Clear,Dry,Daylight
2024-01-14T14:55:00.000,I-75,,,Rear End,2,Clear,Dry,Daylight
2024-07-23T17:15:00.000,I 95,,,Rear End,3,Rain,Wet,Daylight
2024-03-17T15:50:00.000,I 75,,,Rear End,2,Rain,Wet,Daylight
2024-02-04T20:22:00.000,I 75,,,Rear End,2,Rain,Wet,Dark-Not Lighted
2024-08-07T09:12:00.000,I 75,,,Rear End,2,Clear,Dry,Daylight
2024-06-04T09:43:00.000,I 75,,,Not a Collision with Motor Vehicle,2,Cloudy,Dry,Daylight
2024-08-31T09:05:00.000,I 20,,,Rear End,2,Clear,Dry,Daylight
2024-08-18T23:15:00.000,I 75,,,Sideswipe-Same Direction,1,Clear,Dry,Dark-Not Lighted
2024-03-05T15:01:00.000,I 75,,,Rear End,2,Rain,Wet,Daylight
2024-09-03T14:22:00.000,I 20,,,Sideswipe-Same Direction,2,Clear,Dry,Daylight
2024-03-12T10:04:00.000,I 75,,,Rear End,2,Clear,Dry,Daylight
2024-12-13T06:40:00.000,I 16,,,Rear End,2,Clear,Dry,Dark-Not Lighted
2024-08-02T22:16:00.000,I 85,,,Angle Crash,2,Clear,Dry,Dark-Lighted
2024-04-10T07:00:00.000,I 85,,,Sideswipe-Same Direction,2,Cloudy,Dry,Daylight
2024-10-22T07:18:00.000,I 16,,,Rear End,2,Clear,Dry,Daylight
2024-09-29T06:30:00.000,I 20,,,Rear End,1,Fog,Dry,Dark-Not Lighted
2024-05-10T01:04:00.000,I-75,,,Angle Crash,2,Cloudy,Dry,Dark-Not Lighted
2024-01-15T10:48:00.000,I 85,,,Sideswipe-Same Direction,2,Clear,Dry,Daylight
2024-12-16T13:00:00.000,I 20,,,Sideswipe-Same Direction,2,Clear,Dry,Daylight
2024-01-09T09:25:00.000,I 75,,,Not a Collision with Motor Vehicle,1,Rain,Wet,Daylight
2024-09-10T15:35:00.000,I 85,,,Rear End,2,Cloudy,Dry,Daylight
2024-01-21T03:05:00.000,I-75,,,Sideswipe-Same Direction,2,Clear,Dry,Dark-Lighted
2024-08-06T15:45:00.000,I 285,,,Sideswipe-Same Direction,2,Clear,Dry,Daylight
2024-11-10T23:40:00.000,I 16,,,Rear End,2,Rain,Wet,Dark-Not Lighted
2024-04-20T14:50:00.000,I 85,,,Sideswipe-Same Direction,2,Clear,Dry,Daylight
2024-10-19T14:04:00.000,I 20,,,Sideswipe-Same Direction,4,Clear,Dry,Daylight
2024-08-17T19:39:00.000,Sr 120,,,Not a Collision with Motor Vehicle,1,Cloudy,Water (standing or moving),Dusk
2024-06-02T05:00:00.000,I 75,,,Sideswipe-Same Direction,2,Clear,Dry,Dark-Not Lighted
2024-05-06T14:00:00.000,I 75,,,Sideswipe-Same Direction,2,Clear,Dry,Daylight
2024-03-26T18:39:00.000,I 285,,,Rear End,2,Rain,Wet,Daylight
2024-06-24T21:50:00.000,I 20,,,Sideswipe-Same Direction,2,Clear,Dry,Daylight
2024-02-11T20:04:00.000,I 20,,,Not a Collision with Motor Vehicle,1,Rain,Wet,Dark-Not Lighted
2024-04-29T03:03:00.000,I 285,,,Not a Collision with Motor Vehicle,1,Clear,Dry,Dark-Lighted
2024-03-04T10:00:00.000,I 285,,,Not a Collision with Motor Vehicle,1,Clear,Dry,Daylight
2024-07-08T02:57:00.000,I 75,,,Sideswipe-Same Direction,2,Clear,Wet,Dark-Not Lighted
2024-07-28T11:36:00.000,I 285,,,Sideswipe-Same Direction,2,Rain,Water (standing or moving),Daylight
2024-08-18T08:02:00.000,I 285,,,Not a Collision with Motor Vehicle,1,Clear,Dry,Daylight
2024-03-15T10:50:00.000,I 75,,,Rear End,2,Rain,Wet,Daylight
2024-04-23T18:20:00.000,I 85,,,Rear End,2,Clear,Dry,Daylight
2024-07-02T09:09:00.000,I 285,,,Angle Crash,3,Cloudy,Dry,Daylight
2024-03-25T08:25:00.000,I 16,,,Angle Crash,2,Clear,Dry,Daylight
2024-05-12T14:58:00.000,I 85,,,Not a Collision with Motor Vehicle,1,Clear,Dry,Daylight
2024-12-27T23:30:00.000,I 95,,,Not a Collision with Motor Vehicle,1,Clear,Dry,Daylight
2024-01-26T14:40:00.000,I 85,,,Rear End,3,Cloudy,Dry,Daylight
2024-08-05T18:00:00.000,I 285,,,Rear End,2,Clear,Dry,Daylight
2024-12-06T20:10:00.000,I 20,,,Not a Collision with Motor Vehicle,1,Clear,Dry,Dark-Not Lighted
2024-11-02T19:00:00.000,I-75,,,Sideswipe-Same Direction,2,Clear,Dry,Dark-Lighted
2024-08-14T23:44:00.000,I 75,,,Angle Crash,2,Clear,Dry,Dark-Lighted
2024-03-08T23:19:00.000,I 20,,,Sideswipe-Same Direction,2,Rain,Wet,Dark-Not Lighted
2024-02-12T11:44:00.000,I 16,,,Not a Collision with Motor Vehicle,1,Rain,Wet,Daylight
2024-01-28T01:15:00.000,I-75,,,Not a Collision with Motor Vehicle,1,Cloudy,Wet,Dark-Lighted
2024-08-12T13:02:00.000,I 20,,,Sideswipe-Same Direction,2,Cloudy,Dry,Daylight
2024-03-21T16:25:00.000,I 85,,,Rear End,2,Clear,Dry,Daylight
2024-02-15T04:53:00.000,I 85,,,Sideswipe-Same Direction,2,Clear,Dry,Dark-Lighted
2024-09-09T06:51:00.000,I 285,,,Rear End,2,Clear,Dry,Dawn
2024-11-11T12:05:00.000,I 20,,,Sideswipe-Same Direction,2,Clear,Dry,Daylight
2024-08-10T09:24:00.000,I 285,,,Sideswipe-Same Direction,2,Clear,Dry,Daylight
2024-08-16T23:10:00.000,I 285,,,Angle Crash,2,Clear,Dry,Dark-Not Lighted
2024-03-16T15:50:00.000,I-75,,,Sideswipe-Same Direction,2,Clear,Dry,Daylight
2024-09-24T14:50:00.000,I 85,,,Sideswipe-Same Direction,2,Clear,Dry,Daylight
2024-01-11T10:21:00.000,I 75,,,Sideswipe-Same Direction,2,Clear,Dry,Daylight
2024-12-10T08:05:00.000,I 75,,,Not a Collision with Motor Vehicle,1,Cloudy,Wet,Daylight
2024-09-15T16:58:00.000,I 285,,,Angle Crash,2,Clear,Dry,Daylight
2024-07-04T21:30:00.000,I 285,,,Not a Collision with Motor Vehicle,1,Rain,Wet,Dark-Not Lighted
2024-02-23T06:04:00.000,I 85,,,Rear End,2,Cloudy,Wet,Dark-Lighted
2024-03-10T13:01:00.000,I-75,,,Rear End,3,Clear,Dry,Daylight
2024-07-29T18:00:00.000,I 285,,,Angle Crash,2,Rain,Wet,Daylight
2024-07-10T06:10:00.000,I 75,,,Sideswipe-Same Direction,2,Clear,Dry,Daylight
2024-12-19T15:54:00.000,I 95,,,Sideswipe-Same Direction,2,Clear,Dry,Daylight
2024-06-25T10:40:00.000,I 16,,,Rear End,4,Clear,Dry,Daylight
2024-09-25T09:40:00.000,I 285,,,Rear End,2,Cloudy,Dry,Daylight
2024-02-24T18:48:00.000,I 20,,,Not a Collision with Motor Vehicle,1,Clear,Dry,Dusk
2024-09-30T10:11:00.000,I 75,,,Rear End,2,Cloudy,Dry,Daylight
2024-01-18T23:40:00.000,I 20,,,Sideswipe-Same Direction,2,Clear,Dry,Dark-Lighted
2024-07-23T09:50:00.000,I 75,,,Sideswipe-Same Direction,2,Clear,Dry,Daylight
2024-04-05T09:52:00.000,I 85,,,Rear End,3,Clear,Dry,Daylight
2024-11-25T15:17:00.000,I 20,,,Rear End,2,Clear,Dry,Daylight
2024-01-09T13:05:00.000,I 20,,,Not a Collision with Motor Vehicle,1,Rain,Wet,Daylight
2024-04-29T07:10:00.000,I 85,,,Sideswipe-Same Direction,2,Clear,Dry,Daylight
2024-12-06T15:42:00.000,I 16,,,(None),2,(None),(None),(None)
2024-02-10T03:10:00.000,I-75,,,Rear End,3,Clear,Dry,Dark-Lighted
2024-08-14T17:40:00.000,I 16,,,Rear End,2,Clear,Dry,Daylight
2024-01-24T13:45:00.000,I 285,,,Sideswipe-Same Direction,2,Rain,Wet,Daylight
2024-10-31T11:44:00.000,I 75,,,Rear End,2,Clear,Dry,Daylight
2024-03-31T09:30:00.000,I 75,,,Rear End,2,Clear,Dry,Daylight
2024-07-20T02:18:00.000,I 75,,,Sideswipe-Same Direction,2,Rain,Wet,Dark-Not Lighted
2024-06-01T11:01:00.000,I 20,,,Sideswipe-Same Direction,3,Cloudy,Dry,Daylight
2024-04-03T05:00:00.000,I 75,,,Rear End,2,Rain,Water (standing or moving),Dark-Not Lighted
2024-12-26T10:59:00.000,I 20,,,Rear End,2,Clear,Dry,Daylight
2024-10-10T02:59:00.000,I 20,,,Not a Collision with Motor Vehicle,1,Clear,Dry,Dark-Not Lighted
2024-08-30T13:21:00.000,I 95,,,Sideswipe-Same Direction,2,Clear,Dry,Daylight
2024-05-26T20:13:00.000,I 285,,,Sideswipe-Same Direction,2,Clear,Dry,Daylight
2024-02-28T08:13:00.000,I 16,,,Rear End,2,Clear,Dry,Daylight
2024-07-25T10:00:00.000,I 285,,,Rear End,2,Clear,Dry,Daylight
2024-02-03T21:30:00.000,I 285,,,Rear End,2,Clear,Dry,Dark-Not Lighted
2024-06-14T14:03:00.000,I 75,,,Sideswipe-Same Direction,2,Clear,Dry,Daylight
2024-04-08T17:39:00.000,I 85,,,Rear End,2,Cloudy,Dry,Daylight
2024-02-17T02:59:00.000,I 75,,,Sideswipe-Same Direction,2,Clear,Dry,Dark-Lighted
2024-03-15T16:20:00.000,I 20,,,Rear End,2,Clear,Dry,Daylight
2024-09-04T22:45:00.000,I 95,,,Not a Collision with Motor Vehicle,1,Rain,Wet,Dark-Lighted
2024-06-15T22:08:00.000,I 75,,,Sideswipe-Same Direction,2,Clear,Dry,Dark-Lighted
2024-03-08T23:11:00.000,I 75,,,Angle Crash,2,Rain,Wet,Dark-Not Lighted
2024-11-14T07:40:00.000,I 85,,,Not a Collision with Motor Vehicle,1,Rain,Wet,Daylight
2024-06-16T16:50:00.000,I 85,,,Rear End,2,Clear,Dry,Daylight
2024-09-18T17:20:00.000,I 285,,,Rear End,2,Clear,Dry,Daylight
2024-12-10T08:15:00.000,I 85,,,Sideswipe-Same Direction,2,Rain,Wet,Daylight
2024-08-25T03:31:00.000,I 285,,,Not a Collision with Motor Vehicle,1,Clear,Dry,Dark-Lighted
2024-10-25T08:15:00.000,I 285,,,Rear End,2,Clear,Dry,Daylight
2024-10-03T18:00:00.000,I 85,,,Not a Collision with Motor Vehicle,1,Clear,Dry,Daylight
2024-02-12T04:25:00.000,I 75,,,Not a Collision with Motor Vehicle,1,Rain,Water (standing or moving),Dark-Lighted
2024-08-18T19:28:00.000,I 16,,,Not a Collision with Motor Vehicle,1,Cloudy,Wet,Daylight
2024-03-13T12:05:00.000,I-75,,,Rear End,2,Clear,Dry,Daylight
2024-09-25T19:25:00.000,I 85,,,Sideswipe-Same Direction,2,Rain,Wet,Dark-Not Lighted
2024-01-11T06:30:00.000,I 85,,,Not a Collision with Motor Vehicle,2,Clear,Dry,Dark-Not Lighted
2024-07-21T02:05:00.000,I 20,,,Angle Crash,2,Cloudy,Dry,Dark-Not Lighted
2024-05-15T21:14:00.000,I 285,,,Sideswipe-Same Direction,2,Clear,Dry,Dark-Not Lighted
2024-12-17T23:25:00.000,I 75,,,Sideswipe-Same Direction,2,Cloudy,Dry,Dark-Lighted