Date and Time,Roadway (From Crash Report),Intersection Name (from Crash Report),KABCO Severity,Manner of Collision (Crash Level) ,# of Vehicles per crash ,Weather Conditions (Crash Level),Surface Condition (Crash Level) ,Light Conditions (Crash Level)
2024-12-11T07:45:00.000,I 85,,,Sideswipe-Same Direction,2,Rain,Wet,Daylight
2024-05-11T21:22:00.000,I 85,,,Rear End,2,Clear,Dry,Dark-Lighted
2024-01-30T22:30:00.000,I 20,,,Sideswipe-Opposite Direction,1,Clear,Wet,Dark-Not Lighted
2024-03-19T07:26:00.000,I 285,,,Rear End,2,Clear,Dry,Dawn
2024-06-15T14:10:00.000,I 285,,,Rear End,2,Clear,Dry,Daylight
2024-04-10T11:00:00.000,I 20,,,Sideswipe-Same Direction,2,Rain,Wet,Daylight
2024-10-22T17:35:00.000,I 75,,,Rear End,2,Clear,Dry,Daylight
2024-09-14T22:40:00.000,I 85,,,Angle Crash,3,Clear,Dry,Dark-Not Lighted
2024-09-19T12:37:00.000,I 85,,,Sideswipe-Same Direction,2,Cloudy,Dry,Daylight
2024-12-29T06:52:00.000,I 20,,,Not a Collision with Motor Vehicle,1,Rain,Wet,Dark-Not Lighted
2024-06-25T22:00:00.000,I-75,,,Rear End,2,Clear,Dry,Dark-Not Lighted
2024-08-29T09:59:00.000,I 285,,,Rear End,2,Clear,Dry,Daylight
2024-06-18T06:45:00.000,I 285,,,Angle Crash,3,Clear,Dry,Daylight
2024-04-10T09:45:00.000,I 85,,,Rear End,3,Cloudy,Wet,Daylight
2024-07-06T16:17:00.000,I 85,,,Sideswipe-Same Direction,2,Rain,Other,Daylight
2024-02-06T17:04:00.000,I 85,,,Rear End,2,Clear,Dry,Daylight
2024-10-26T21:05:00.000,I 75,,,Sideswipe-Same Direction,2,Clear,Dry,Dark-Not Lighted
2024-10-02T15:00:00.000,I 85,,,Sideswipe-Same Direction,2,Clear,Dry,Daylight
2024-02-10T00:54:00.000,I-75,,,Angle Crash,2,Clear,Dry,Dark-Lighted
2024-03-15T15:06:00.000,I 75,,,Rear End,2,Rain,Wet,Daylight
2024-12-10T16:10:00.000,I 75,,,Sideswipe-Same Direction,2,Rain,Wet,Dusk
2024-10-29T04:50:00.000,I-75,,,Not a Collision with Motor Vehicle,1,Clear,Dry,Dark-Lighted
2024-05-20T15:56:00.000,I 285,,,Rear End,2,Clear,Dry,Daylight
2024-10-09T15:56:00.000,I 16,,,Angle Crash,2,Clear,Dry,Daylight
2024-10-24T16:32:00.000,I 285,,,Angle Crash,2,Clear,Dry,Daylight
2024-12-18T17:10:00.000,I 285,,,Sideswipe-Same Direction,2,Clear,Dry,Daylight
2024-09-19T17:55:00.000,I 85,,,Rear End,2,Clear,Dry,Daylight
2024-06-17T12:20:00.000,I 285,,,Sideswipe-Same Direction,2,Clear,Dry,Daylight
2024-07-19T15:26:00.000,I 285,,,Rear End,2,Clear,Dry,Daylight
2024-05-22T17:45:00.000,I-75,,,Rear End,2,Clear,Dry,Daylight
2024-10-07T07:25:00.000,I 75,,,Sideswipe-Same Direction,2,Clear,Dry,Daylight
2024-10-07T08:06:00.000,I 85,,,Rear End,2,Clear,Dry,Daylight
2024-03-05T15:25:00.000,I 75,,,Rear End,2,Rain,Wet,Daylight
2024-06-26T17:00:00.000,I-75,,,Angle Crash,2,Clear,Dry,Daylight
2024-03-04T11:58:00.000,I 20,,,Angle Crash,2,Cloudy,Dry,Daylight
2024-10-14T21:40:00.000,I 75,,,Rear End,2,Clear,Dry,Dark-Not Lighted
2024-08-16T16:07:00.000,I 95,,,Rear End,2,Clear,Dry,Daylight
2024-07-03T16:38:00.000,I 75,,,Sideswipe-Same Direction,3,Cloudy,Wet,Daylight
2024-02-14T15:40:00.000,I 20,,,Rear End,2,Clear,Dry,Daylight
2024-02-19T15:20:00.000,I 85,,,Sideswipe-Same Direction,3,Clear,Dry,Daylight
2024-12-18T00:12:00.000,I 285,,,Rear End,2,Clear,Dry,Dark-Not Lighted
2024-11-24T02:37:00.000,I 85,,,Angle Crash,4,Clear,Dry,Dark-Lighted
2024-07-04T15:15:00.000,I 20,,,Not a Collision with Motor Vehicle,1,Clear,Dry,Daylight
2024-10-10T10:00:00.000,I 285,,,Rear End,3,Clear,Dry,Daylight
2024-11-21T02:15:00.000,I 285,,,Rear End,2,Clear,Dry,Dark-Not Lighted
2024-05-20T15:44:00.000,I 85,,,Rear End,2,Clear,Dry,Daylight
2024-10-02T12:53:00.000,I 85,,,Rear End,2,Clear,Dry,Daylight
2024-01-16T07:12:00.000,I 75,,,Angle Crash,2,Cloudy,Dry,Daylight
2024-10-29T18:00:00.000,I 20,,,Sideswipe-Opposite Direction,2,Clear,Dry,Daylight
2024-11-26T18:20:00.000,I 75,,,Not a Collision with Motor Vehicle,1,Cloudy,Dry,Dark-Not Lighted
2024-12-01T12:24:00.000,I 85,,,Rear End,2,Clear,Dry,Daylight
2024-09-12T23:09:00.000,I 20,,,Angle Crash,2,Rain,Wet,Daylight
2024-12-12T15:37:00.000,I 85,,,Rear End,3,Clear,Dry,Daylight
2024-09-09T16:51:00.000,I 285,,,Angle Crash,2,Clear,Dry,Daylight
2024-02-07T11:30:00.000,I 285,,,Sideswipe-Same Direction,2,Clear,Dry,Daylight
2024-04-23T12:19:00.000,I 75,,,Sideswipe-Same Direction,2,Clear,Dry,Daylight
2024-06-01T00:00:00.000,I 20,,,Rear End,2,Clear,Dry,Dark-Lighted
2024-04-27T15:01:00.000,I 285,,,Rear End,2,Clear,Dry,Daylight
2024-09-17T10:23:00.000,I 85,,,Sideswipe-Same Direction,2,Clear,Dry,Daylight
2024-07-29T00:45:00.000,I 285,,,Angle Crash,4,Clear,Wet,Dark-Not Lighted
2024-01-20T20:48:00.000,I-75,,,Rear End,2,Clear,Dry,Dark-Lighted
2024-07-09T14:21:00.000,I 75,,,(None),1,(None),(None),(None)
2024-11-03T06:57:00.000,I 85,,,Rear End,2,Clear,Dry,Dark-Lighted
2024-10-08T16:20:00.000,I 285,,,Rear End,3,Clear,Dry,Daylight
2024-05-28T09:40:00.000,I 75,,,Sideswipe-Same Direction,2,Clear,Dry,Daylight
2024-01-24T19:00:00.000,I-75,,,Rear End,5,Rain,Wet,Daylight
2024-05-30T12:05:00.000,I 75,,,Rear End,2,Clear,Dry,Daylight
2024-02-19T15:35:00.000,I 75,,,Rear End,2,Clear,Dry,Daylight
2024-03-22T01:30:00.000,I-75,,,Not a Collision with Motor Vehicle,1,Clear,Dry,Dark-Not Lighted
2024-10-19T15:11:00.000,I 85,,,Rear End,3,Clear,Dry,Daylight
2024-02-15T22:45:00.000,I 285,,,Sideswipe-Same Direction,2,Clear,Dry,Dark-Not Lighted
2024-05-17T07:00:00.000,I 75,,,Sideswipe-Same Direction,2,Cloudy,Dry,Daylight
2024-11-29T13:51:00.000,I 285,,,Rear End,2,Clear,Dry,Daylight
2024-09-13T13:24:00.000,I-75,,,Rear End,2,Rain,Wet,Daylight
2024-12-01T13:15:00.000,I 285,,,Rear End,2,Clear,Dry,Daylight
2024-02-12T16:54:00.000,I 75,,,Not a Collision with Motor Vehicle,1,Rain,Wet,Daylight
2024-01-16T09:38:00.000,I 20,,,Angle Crash,2,Rain,Wet,Daylight
2024-04-05T11:00:00.000,I 85,,,Rear End,2,Clear,Dry,Daylight
2024-09-21T10:53:00.000,I 75,,,Not a Collision with Motor Vehicle,2,Clear,Dry,Daylight
2024-01-27T20:00:00.000,I 75,,,Not a Collision with Motor Vehicle,1,Rain,Wet,Dark-Not Lighted
2024-02-25T13:54:00.000,I 75,,,Sideswipe-Same Direction,2,Clear,Dry,Daylight
2024-01-29T18:05:00.000,I 75,,,Sideswipe-Same Direction,2,Clear,Dry,Dusk
2024-07-16T05:30:00.000,I 285,,,Sideswipe-Same Direction,2,Clear,Dry,Dark-Lighted
2024-08-09T02:09:00.000,I 75,,,Rear End,2,Clear,Dry,Daylight
2024-05-16T10:20:00.000,I 85,,,Rear End,2,Clear,Dry,Daylight
2024-07-10T07:34:00.000,I 16,,,Rear End,2,Clear,Dry,Daylight
2024-08-08T05:36:00.000,I 75,,,Sideswipe-Same Direction,2,Clear,Dry,Dark-Not Lighted
2024-07-19T18:21:00.000,I 95,,,Not a Collision with Motor Vehicle,1,Rain,Water (standing or moving),Daylight
2024-10-09T06:48:00.000,I 85,,,Sideswipe-Same Direction,2,Clear,Dry,Daylight
2024-01-24T15:35:00.000,I-75,,,Not a Collision with Motor Vehicle,1,Rain,Wet,Daylight
2024-03-04T05:00:00.000,I-75,,,Sideswipe-Same Direction,2,Cloudy,Dry,Dark-Lighted
2024-04-25T21:02:00.000,I-75,,,Rear End,2,Clear,Dry,Dark-Lighted
2024-12-01T20:39:00.000,I 75,,,Rear End,3,Clear,Dry,Dark-Lighted
2024-01-24T09:43:00.000,I-75,,,Rear End,2,Rain,Wet,Daylight
2024-04-25T09:02:00.000,I-75,,,Rear End,3,Clear,Dry,Daylight
2024-12-10T06:15:00.000,I 285,,,Sideswipe-Same Direction,2,Cloudy,Wet,Dark-Not Lighted
2024-01-11T03:00:00.000,I 285,,,Not a Collision with Motor Vehicle,1,Clear,Dry,Dark-Lighted
2024-04-15T08:42:00.000,I 75,,,Rear End,2,Clear,Dry,Daylight
2024-03-01T17:00:00.000,I 16,,,Angle Crash,2,Rain,Wet,Daylight
2024-07-01T23:35:00.000,I-75,,,Sideswipe-Same Direction,2,Clear,Dry,Dark-Lighted
2024-01-30T22:20:00.000,I 85,,,Sideswipe-Same Direction,2,Clear,Dry,Dark-Not Lighted
2024-10-22T18:50:00.000,I 20,,,Rear End,3,Clear,Dry,Dark-Lighted
2024-12-27T08:07:00.000,I 20,,,Not a Collision with Motor Vehicle,1,Cloudy,Wet,Daylight
2024-04-30T08:55:00.000,I 75,,,Angle Crash,2,Rain,Wet,Daylight
2024-11-13T06:59:00.000,I 20,,,Sideswipe-Same Direction,2,Clear,Dry,Daylight
2024-05-06T06:31:00.000,I 85,,,Sideswipe-Same Direction,2,Cloudy,Dry,Daylight
2024-12-06T06:00:00.000,I 85,,,Not a Collision with Motor Vehicle,1,Clear,Dry,Dark-Not Lighted
2024-10-30T02:15:00.000,I 20,,,Not a Collision with Motor Vehicle,1,Clear,Dry,Dark-Lighted
2024-09-13T17:50:00.000,I 16,,,Angle Crash,2,Cloudy,Wet,Daylight
2024-05-30T12:35:00.000,I 75,,,Sideswipe-Same Direction,2,Clear,Dry,Daylight
2024-03-05T15:50:00.000,I 20,,,Sideswipe-Same Direction,2,Cloudy,Dry,Daylight
2024-03-01T05:31:00.000,I 75,,,Angle Crash,2,Clear,Dry,Dark-Not Lighted
2024-03-08T14:59:00.000,I 75,,,Rear End,2,Cloudy,Dry,Daylight
2024-12-19T16:00:00.000,I 85,,,Rear End,2,Clear,Dry,Daylight
2024-07-16T20:56:00.000,I 75,,,Sideswipe-Same Direction,2,Cloudy,Wet,Dark-Not Lighted
2024-03-13T10:26:00.000,I 85,,,Rear End,3,Clear,Dry,Daylight
2024-05-22T16:00:00.000,I-75,,,Sideswipe-Same Direction,2,Clear,Dry,Daylight
2024-04-10T21:19:00.000,I 75,,,Rear End,2,Rain,Water (standing or moving),Dark-Lighted
2024-08-23T13:00:00.000,I 20,,,Rear End,2,Clear,Dry,Daylight
2024-10-26T11:58:00.000,I 75,,,Rear End,2,Clear,Dry,Daylight
2024-06-27T09:08:00.000,I 285,,,Sideswipe-Same Direction,2,Cloudy,Dry,Daylight
2024-10-08T15:24:00.000,I 75,,,Not a Collision with Motor Vehicle,2,Clear,Dry,Daylight
2024-12-06T04:58:00.000,I 75,,,Rear End,2,Clear,Dry,Dark-Lighted
2024-03-21T18:00:00.000,I 285,,,Rear End,2,Clear,Dry,Daylight
2024-02-12T11:30:00.000,I 75,,,Not a Collision with Motor Vehicle,1,Rain,Water (standing or moving),Daylight
2024-01-18T20:22:00.000,I 75,,,Sideswipe-Same Direction,2,Clear,Dry,Dark-Lighted
2024-07-24T18:00:00.000,I 16,,,Sideswipe-Same Direction,2,Clear,Dry,Daylight
2024-08-29T19:18:00.000,I 75,,,Not a Collision with Motor Vehicle,1,Rain,Wet,Daylight
2024-02-12T12:07:00.000,I 85,,,(None),1,(None),(None),(None)
2024-11-07T21:20:00.000,I-75,,,Angle Crash,2,Clear,Dry,Dark-Not Lighted
2024-10-29T18:45:00.000,I 285,,,Rear End,2,Clear,Dry,Daylight
2024-06-27T18:00:00.000,I 20,,,Sideswipe-Same Direction,2,Rain,Wet,Daylight
2024-02-23T19:50:00.000,I 20,,,Sideswipe-Same Direction,2,Clear,Dry,Dark-Not Lighted
2024-12-18T17:10:00.000,I 285,,,Rear End,2,Clear,Dry,Daylight
2024-07-18T00:00:00.000,I 75,,,Not a Collision with Motor Vehicle,2,Cloudy,Dry,Dark-Not Lighted
2024-10-23T06:45:00.000,I 85,,,Sideswipe-Same Direction,2,Clear,Dry,Dark-Not Lighted
2024-01-25T10:04:00.000,I 75,,,Rear End,2,Rain,Wet,Daylight
2024-06-28T11:30:00.000,I 75,,,Rear End,2,Clear,Dry,Daylight
2024-12-27T22:30:00.000,I 75,,,Sideswipe-Same Direction,2,Rain,Wet,Dark-Not Lighted
2024-02-21T10:22:00.000,I 285,,,Rear End,2,Clear,Dry,Daylight
2024-11-11T16:22:00.000,I 16,,,Not a Collision with Motor Vehicle,2,Clear,Dry,Daylight
2024-07-15T14:48:00.000,I 75,,,Not a Collision with Motor Vehicle,1,Clear,Dry,Daylight
2024-01-21T21:50:00.000,I 16,,,Not a Collision with Motor Vehicle,1,Clear,Dry,Dark-Lighted
2024-10-09T16:15:00.000,I-75,,,Rear End,3,Clear,Dry,Daylight
2024-11-21T11:50:00.000,I 85,,,Not a Collision with Motor Vehicle,1,Clear,Dry,Daylight
2024-01-25T15:30:00.000,I 285,,,Sideswipe-Same Direction,2,Clear,Dry,Daylight
2024-04-03T20:08:00.000,I 85,,,Sideswipe-Same Direction,2,Clear,Dry,Dark-Not Lighted
2024-01-06T10:16:00.000,I 85,,,Rear End,2,Rain,Wet,Daylight
2024-08-03T11:30:00.000,I 285,,,Sideswipe-Same Direction,2,Clear,Dry,Daylight
2024-03-29T23:22:00.000,I 16,,,Sideswipe-Same Direction,2,Clear,Dry,Dark-Lighted
2024-05-26T20:55:00.000,I 75,,,Not a Collision with Motor Vehicle,1,Clear,Dry,Dusk
2024-01-03T15:30:00.000,I-75,,,Rear End,2,Rain,Water (standing or moving),Daylight
2024-05-18T13:50:00.000,I 285,,,Rear End,2,Rain,Wet,Daylight
2024-03-15T17:20:00.000,I 85,,,Rear End,2,Cloudy,Wet,Daylight
2024-03-01T16:30:00.000,I 85,,,Sideswipe-Same Direction,2,Rain,Wet,Daylight
2024-10-03T14:07:00.000,I 85,,,Rear End,2,Clear,Dry,Daylight
2024-08-14T09:15:00.000,I 285,,,Rear End,2,Clear,Dry,Daylight
2024-07-13T07:03:00.000,I 75,,,Sideswipe-Same Direction,2,Clear,Dry,Daylight
2024-02-26T11:00:00.000,I 20,,,Angle Crash,3,Clear,Dry,Daylight
2024-10-20T04:58:00.000,I 16,,,Not a Collision with Motor Vehicle,1,Clear,Dry,Dark-Not Lighted
2024-08-12T09:00:00.000,I 285,,,Rear End,3,Clear,Dry,Daylight
2024-07-26T13:45:00.000,I 285,,,Sideswipe-Same Direction,2,Clear,Dry,Daylight
2024-09-13T13:24:00.000,I 20,,,Rear End,2,Cloudy,Dry,Daylight
2024-11-21T17:30:00.000,I 85,,,Sideswipe-Opposite Direction,2,Clear,Dry,Daylight
2024-09-21T21:15:00.000,I 20,,,Not a Collision with Motor Vehicle,2,Clear,Dry,Dark-Not Lighted
2024-12-10T05:43:00.000,I 75,,,Rear End,2,Rain,Wet,Dark-Not Lighted
2024-07-26T06:57:00.000,I 20,,,Rear End,2,Clear,Dry,Daylight
2024-05-14T18:21:00.000,I 75,,,Sideswipe-Same Direction,3,Clear,Dry,Daylight
2024-02-16T21:53:00.000,I 95,,,Sideswipe-Same Direction,2,Clear,Dry,Dark-Lighted
2024-09-28T19:40:00.000,I 20,,,Sideswipe-Same Direction,2,Cloudy,Dry,Dark-Lighted
2024-06-19T07:22:00.000,I 20,,,Sideswipe-Same Direction,2,Clear,Dry,Daylight
2024-08-26T08:36:00.000,I 16,,,Angle Crash,2,Clear,Dry,Daylight
2024-01-24T19:54:00.000,I 285,,,Angle Crash,4,Rain,Wet,Dark-Lighted
2024-11-14T10:10:00.000,I 85,,,Not a Collision with Motor Vehicle,1,Rain,Wet,Daylight
2024-11-24T10:44:00.000,I 20,,,Rear End,3,Clear,Dry,Daylight
2024-09-09T06:07:00.000,I 20,,,Not a Collision with Motor Vehicle,1,Cloudy,Dry,Dark-Not Lighted
2024-01-22T05:00:00.000,I 85,,,Sideswipe-Same Direction,2,Clear,Dry,Dark-Not Lighted
2024-09-04T17:24:00.000,I 75,,,Rear End,2,Clear,Dry,Daylight
2024-08-26T17:44:00.000,I 285,,,Rear End,2,Clear,Dry,Daylight
2024-08-08T21:26:00.000,I 285,,,Sideswipe-Same Direction,2,Clear,Dry,Dark-Not Lighted
2024-12-01T18:01:00.000,Sr 140,,,Not a Collision with Motor Vehicle,1,Clear,Dry,Dark-Not Lighted
2024-07-30T14:45:00.000,I 85,,,Sideswipe-Same Direction,2,Clear,Dry,Daylight
2024-03-29T00:00:00.000,I 285,,,Rear End,2,Clear,Dry,Daylight
2024-05-09T08:10:00.000,I 85,,,Not a Collision with Motor Vehicle,1,Rain,Wet,Daylight
2024-08-24T11:49:00.000,I 20,,,Rear End,3,Clear,Dry,Daylight
2024-08-17T14:18:00.000,I 85,,,Sideswipe-Same Direction,2,Clear,Dry,Daylight
2024-11-25T01:45:00.000,I 285,,,Rear End,2,Clear,Dry,Dark-Not Lighted
2024-03-02T06:45:00.000,I-75,,,Sideswipe-Same Direction,2,Cloudy,Wet,Daylight
2024-07-11T05:54:00.000,I 16,,,Sideswipe-Same Direction,2,Clear,Dry,Daylight
2024-08-31T17:56:00.000,I 20,,,(None),1,(None),(None),(None)
2024-02-22T07:18:00.000,I 16,,,Rear End,3,Clear,Dry,Daylight
2024-08-13T17:12:00.000,I-75,,,Rear End,2,Clear,Dry,Daylight
2024-12-16T05:56:00.000,I 285,,,Sideswipe-Same Direction,2,Clear,Dry,Daylight
2024-10-15T20:30:00.000,I-75,,,Not a Collision with Motor Vehicle,3,Clear,Dry,Dark-Not Lighted
2024-12-11T01:27:00.000,I 20,,,Not a Collision with Motor Vehicle,1,Rain,Wet,Dark-Not Lighted
2024-11-30T18:34:00.000,I 20,,,Sideswipe-Same Direction,2,Clear,Dry,Dark-Not Lighted
2024-09-09T06:37:00.000,I 20,,,Rear End,2,Clear,Dry,Daylight
2024-12-18T19:08:00.000,I 85,,,Sideswipe-Same Direction,2,Cloudy,Wet,Dark-Not Lighted
2024-03-17T14:05:00.000,I 75,,,Rear End,2,Clear,Dry,Daylight
2024-04-28T12:37:00.000,I 75,,,Rear End,2,Clear,Dry,Daylight
2024-03-15T09:00:00.000,I 285,,,Sideswipe-Same Direction,2,Clear,Dry,Daylight
2024-01-27T12:16:00.000,I 85,,,Rear End,2,Cloudy,Wet,Daylight
2024-09-07T23:00:00.000,I 285,,,Sideswipe-Same Direction,2,Clear,Dry,Dark-Lighted
2024-06-17T10:46:00.000,I 16,,,Sideswipe-Same Direction,2,Clear,Dry,Daylight
2024-12-17T14:27:00.000,I 75,,,Sideswipe-Same Direction,2,Cloudy,Dry,Daylight
2024-10-09T17:15:00.000,I 285,,,Not a Collision with Motor Vehicle,1,Clear,Dry,Daylight
2024-12-17T10:54:00.000,I 285,,,Sideswipe-Same Direction,2,Clear,Dry,Daylight
2024-03-27T05:36:00.000,I 20,,,Not a Collision with Motor Vehicle,1,Rain,Wet,Dark-Not Lighted
2024-03-09T01:00:00.000,I-75,,,Sideswipe-Same Direction,2,Rain,Wet,Dark-Not Lighted
2024-02-17T07:38:00.000,I 85,,,Rear End,2,Clear,Dry,Daylight
2024-02-08T06:19:00.000,I 75,,,Sideswipe-Same Direction,2,Clear,Dry,Dark-Lighted
2024-03-09T08:49:00.000,I 16,,,Not a Collision with Motor Vehicle,1,Rain,Wet,Daylight
2024-05-22T21:20:00.000,I 285,,,Angle Crash,2,Clear,Dry,Dark-Lighted
2024-12-29T19:23:00.000,I 75,,,Not a Collision with Motor Vehicle,1,Fog,Dry,Dark-Not Lighted
2024-01-04T17:38:00.000,I 75,,,Rear End,2,Clear,Dry,Dusk
2024-01-09T15:10:00.000,I 20,,,Rear End,2,Cloudy,Wet,Daylight
2024-10-04T07:54:00.000,I 85,,,Rear End,2,Clear,Dry,Daylight
2024-08-25T17:13:00.000,I-75,,,Rear End,2,Clear,Dry,Daylight
2024-12-15T10:11:00.000,I 20,,,Sideswipe-Same Direction,2,Cloudy,Wet,Daylight
2024-09-21T15:30:00.000,I 20,,,Rear End,2,Clear,Dry,Daylight
2024-05-24T16:40:00.000,I 20,,,Rear End,2,Cloudy,Dry,Daylight
2024-08-27T05:50:00.000,I 75,,,Sideswipe-Same Direction,2,Clear,Dry,Dark-Not Lighted
2024-07-17T17:27:00.000,I 85,,,Rear End,3,Clear,Dry,Daylight
2024-04-24T13:00:00.000,I 285,,,Rear End,2,Clear,Dry,Daylight
2024-10-29T08:30:00.000,I 85,,,Rear End,2,Clear,Dry,Daylight
2024-06-01T23:52:00.000,I 85,,,Not a Collision with Motor Vehicle,1,Cloudy,Dry,Dark-Lighted
2024-01-25T04:27:00.000,I 75,,,Not a Collision with Motor Vehicle,1,Rain,Water (standing or moving),Dawn
2024-08-19T16:44:00.000,I 75,,,Sideswipe-Same Direction,2,Clear,Dry,Daylight
2024-11-30T11:32:00.000,I 75,,,Rear End,2,Clear,Dry,Daylight
2024-10-04T00:30:00.000,I-75,,,Angle Crash,2,Clear,Dry,Dark-Not Lighted
2024-05-21T07:11:00.000,I 85,,,Rear End,2,Clear,Dry,Daylight
2024-09-04T12:00:00.000,I 285,,,Angle Crash,2,Clear,Dry,Daylight
2024-10-11T11:43:00.000,I 285,,,Rear End,2,Clear,Dry,Daylight
2024-01-09T12:26:00.000,I 85,,,Rear End,2,Rain,Wet,Daylight
2024-04-12T16:59:00.000,I 75,,,Sideswipe-Same Direction,2,Clear,Dry,Daylight
2024-09-24T17:52:00.000,I 285,,,Rear End,2,Clear,Dry,Daylight
2024-09-17T07:55:00.000,I 75,,,Rear End,2,Clear,Dry,Daylight
2024-01-29T05:21:00.000,I-75,,,Rear End,3,Clear,Dry,Dark-Lighted
2024-01-16T06:50:00.000,I 85,,,Sideswipe-Same Direction,1,Rain,Wet,Dark-Not Lighted
2024-01-04T18:53:00.000,I 285,,,Rear End,3,Clear,Dry,Dark-Not Lighted
2024-10-31T14:10:00.000,I 285,,,Angle Crash,2,Clear,Dry,Daylight
2024-10-15T07:42:00.000,I 75,,,Sideswipe-Same Direction,2,Clear,Dry,Daylight
2024-01-25T16:25:00.000,I 85,,,Not a Collision with Motor Vehicle,1,Cloudy,Wet,Daylight
2024-10-05T01:50:00.000,I 75,,,Sideswipe-Same Direction,2,Clear,Dry,Dark-Not Lighted
2024-10-26T12:55:00.000,I 285,,,Angle Crash,2,Clear,Dry,Daylight
2024-09-25T16:13:00.000,I 20,,,Not a Collision with Motor Vehicle,1,Clear,Dry,Daylight
2024-06-10T16:20:00.000,I 85,,,Rear End,3,Clear,Dry,Daylight
2024-01-31T09:30:00.000,I 20,,,Sideswipe-Same Direction,2,Clear,Dry,Daylight
2024-08-08T16:50:00.000,I 285,,,Angle Crash,2,Clear,Dry,Daylight
2024-01-24T06:57:00.000,I 75,,,Not a Collision with Motor Vehicle,1,Rain,Wet,Dark-Lighted
2024-11-22T19:11:00.000,I 285,,,Rear End,2,Clear,Dry,Dark-Not Lighted
2024-02-04T18:17:00.000,I 16,,,Sideswipe-Same Direction,2,Rain,Water (standing or moving),Dark-Not Lighted
2024-10-06T23:39:00.000,I 285,,,Not a Collision with Motor Vehicle,1,Clear,Dry,Dark-Lighted
2024-03-06T01:19:00.000,I-75,,,Sideswipe-Same Direction,2,Rain,Water (standing or moving),Dark-Not Lighted
2024-10-10T20:03:00.000,I 85,,,Rear End,3,Clear,Dry,Dark-Not Lighted
2024-07-12T08:19:00.000,I 85,,,Rear End,2,Clear,Dry,Daylight
2024-04-29T17:45:00.000,I 16,,,Rear End,2,Clear,Dry,Daylight
2024-04-19T00:20:00.000,I 20,,,(None),3,(None),(None),(None)
2024-05-13T10:25:00.000,I 20,,,Not a Collision with Motor Vehicle,1,Rain,Wet,Daylight
2024-11-11T09:36:00.000,I 20,,,Not a Collision with Motor Vehicle,1,Cloudy,Wet,Daylight
2024-06-01T01:40:00.000,I 75,,,Not a Collision with Motor Vehicle,1,Clear,Dry,Dark-Not Lighted
2024-08-05T20:36:00.000,I 75,,,Sideswipe-Same Direction,2,Rain,Wet,Dark-Lighted
2024-12-25T05:58:00.000,I 95,,,Not a Collision with Motor Vehicle,1,Clear,Dry,Dark-Not Lighted
2024-11-03T17:20:00.000,I 285,,,Sideswipe-Same Direction,2,Clear,Dry,Dusk
2024-04-07T00:00:00.000,I 16,,,Not a Collision with Motor Vehicle,1,Clear,Dry,Dark-Not Lighted
2024-05-17T14:56:00.000,I 95,,,Sideswipe-Same Direction,2,Clear,Dry,Daylight
2024-06-26T09:30:00.000,I 85,,,Rear End,1,Clear,Dry,Daylight
2024-01-28T02:43:00.000,I 285,,,Not a Collision with Motor Vehicle,1,Cloudy,Dry,Dark-Not Lighted
2024-10-06T13:57:00.000,I 285,,,Rear End,2,Clear,Dry,Daylight
2024-01-25T16:49:00.000,I-75,,,Sideswipe-Same Direction,2,Clear,Wet,Daylight
2024-11-03T12:28:00.000,I 95,,,Rear End,2,Clear,Dry,Daylight
2024-02-18T17:24:00.000,I-75,,,Rear End,2,Clear,Dry,Daylight
2024-11-14T18:05:00.000,I 20,,,Sideswipe-Same Direction,2,Rain,Wet,Dusk
2024-04-15T14:39:00.000,I 85,,,Not a Collision with Motor Vehicle,2,Clear,Dry,Daylight
2024-03-19T08:15:00.000,I 285,,,Sideswipe-Same Direction,2,Clear,Dry,Daylight
2024-06-25T13:40:00.000,I 16,,,Rear End,2,Clear,Dry,Daylight
2024-01-25T19:00:00.000,I 85,,,Rear End,2,Rain,Wet,Dark-Lighted
2024-07-31T15:50:00.000,I 85,,,Rear End,2,Rain,Wet,Daylight
2024-03-16T06:37:00.000,I 20,,,Sideswipe-Same Direction,2,Clear,Dry,Daylight
2024-10-13T14:29:00.000,I-75,,,Head On,3,Clear,Dry,Daylight
2024-01-22T17:00:00.000,I 20,,,Rear End,2,Clear,Dry,Daylight
2024-07-09T17:49:00.000,I 20,,,Not a Collision with Motor Vehicle,1,Rain,Wet,Daylight
2024-08-26T06:56:00.000,I 20,,,Sideswipe-Same Direction,2,Clear,Dry,Daylight
2024-04-16T16:57:00.000,I 75,,,Angle Crash,2,Clear,Dry,Daylight
2024-07-24T00:00:00.000,I 285,,,Sideswipe-Same Direction,2,Clear,Dry,Daylight
2024-08-08T15:16:00.000,I 285,,,Rear End,3,Clear,Dry,Daylight
2024-03-24T16:13:00.000,I 16,,,Not a Collision with Motor Vehicle,1,Clear,Dry,Daylight
2024-11-10T19:19:00.000,I 20,,,Rear End,2,Rain,Wet,Dark-Not Lighted
2024-10-10T19:30:00.000,I 85,,,Rear End,2,Clear,Dry,Dark-Not Lighted
2024-04-01T12:50:00.000,I 75,,,Rear End,2,Cloudy,Dry,Daylight
2024-11-17T09:45:00.000,I 85,,,Not a Collision with Motor Vehicle,2,Clear,Dry,Daylight
2024-08-26T16:09:00.000,I 16,,,Not a Collision with Motor Vehicle,1,Clear,Dry,Daylight
2024-03-05T18:55:00.000,I 75,,,Sideswipe-Same Direction,2,Rain,Wet,Dark-Not Lighted