Date and Time,Roadway (From Crash Report),Intersection Name (from Crash Report),KABCO Severity,Manner of Collision (Crash Level) ,# of Vehicles per crash ,Weather Conditions (Crash Level),Surface Condition (Crash Level) ,Light Conditions (Crash Level)
2024-12-19T08:15:00.000,I 95,,,Rear End,2,Clear,Wet,Daylight
2024-01-03T21:00:00.000,I-75,,,Sideswipe-Opposite Direction,2,Clear,Dry,Dark-Lighted
2024-01-23T14:00:00.000,I 85,,,Sideswipe-Same Direction,2,Rain,Wet,Daylight
2024-03-12T07:40:00.000,I 85,,,Angle Crash,2,Clear,Dry,Daylight
2024-03-17T15:45:00.000,I 75,,,Rear End,4,Cloudy,Dry,Daylight
2024-04-01T16:54:00.000,I 95,,,Sideswipe-Same Direction,2,Clear,Dry,Daylight
2024-01-03T07:38:00.000,I 85,,,Sideswipe-Same Direction,2,Clear,Dry,Daylight
2024-06-17T17:50:00.000,I 285,,,Not a Collision with Motor Vehicle,1,Clear,Dry,Daylight
2024-10-20T14:09:00.000,I 16,,,Not a Collision with Motor Vehicle,1,Clear,Dry,Daylight
2024-01-03T16:49:00.000,I 285,,,Sideswipe-Same Direction,2,Rain,Wet,Daylight
2024-11-20T22:20:00.000,I 75,,,Not a Collision with Motor Vehicle,1,Cloudy,Dry,Dark-Not Lighted
2024-03-07T14:19:00.000,I 75,,,Rear End,2,Clear,Dry,Daylight
2024-08-02T15:55:00.000,I 285,,,Rear End,2,Clear,Dry,Daylight
2024-07-23T09:32:00.000,I 20,,,Sideswipe-Same Direction,2,Clear,Dry,Daylight
2024-10-25T17:15:00.000,I 75,,,Rear End,2,Clear,Dry,Daylight
2024-09-27T07:41:00.000,I-75,,,Not a Collision with Motor Vehicle,1,Rain,Water (standing or moving),Dawn
2024-08-08T07:20:00.000,I 85,,,Angle Crash,2,Cloudy,Dry,Daylight
2024-03-19T13:50:00.000,I 285,,,Rear End,2,Clear,Dry,Daylight
2024-05-21T17:15:00.000,I 75,,,Sideswipe-Same Direction,2,Clear,Dry,Daylight
2024-03-27T18:15:00.000,I 285,,,Rear End,2,Cloudy,Dry,Daylight
2024-02-25T16:00:00.000,I-75,,,Sideswipe-Same Direction,2,Clear,Dry,Daylight
2024-01-02T18:50:00.000,I 75,,,Rear End,2,Clear,Dry,Dark-Lighted
2024-02-11T18:09:00.000,I-75,,,Rear End,2,Rain,Wet,Dark-Lighted
2024-11-12T10:45:00.000,I 285,,,Rear End,2,Clear,Dry,Daylight
2024-04-28T18:30:00.000,I 285,,,Rear End,2,Clear,Dry,Daylight
2024-06-02T14:10:00.000,I 20,,,Rear End,3,Clear,Dry,Daylight
2024-09-23T07:30:00.000,I 20,,,Sideswipe-Same Direction,2,Clear,Dry,Daylight
2024-11-28T19:31:00.000,I 285,,,Sideswipe-Same Direction,2,Clear,Dry,Dark-Not Lighted
2024-09-06T17:35:00.000,I 75,,,Sideswipe-Same Direction,2,Cloudy,Dry,Daylight
2024-09-25T00:23:00.000,I 20,,,Sideswipe-Same Direction,2,Clear,Dry,Daylight
2024-06-29T09:45:00.000,I-75,,,Rear End,2,Clear,Dry,Daylight
2024-03-29T10:43:00.000,I 75,,,Rear End,2,Clear,Dry,Daylight
2024-03-23T09:50:00.000,I 85,,,Sideswipe-Same Direction,2,Clear,Dry,Daylight
2024-07-10T19:23:00.000,I 75,,,Rear End,2,Clear,Dry,Daylight
2024-02-02T20:28:00.000,I-75,,,Rear End,2,Clear,Dry,Dark-Lighted
2024-03-18T15:01:00.000,I 85,,,Rear End,3,Clear,Dry,Daylight
2024-07-07T22:35:00.000,I 285,,,Rear End,2,Severe Thunderstorm or Tornadic,Water (standing or moving),Dark-Lighted
2024-09-13T08:25:00.000,I 85,,,Sideswipe-Same Direction,2,Cloudy,Dry,Daylight
2024-12-30T08:35:00.000,I 75,,,Rear End,2,Clear,Dry,Daylight
2024-11-17T20:15:00.000,I 85,,,Not a Collision with Motor Vehicle,1,Clear,Dry,Dark-Not Lighted
2024-02-19T13:33:00.000,I 285,,,Rear End,2,Clear,Dry,Daylight
2024-03-23T12:27:00.000,I 20,,,Sideswipe-Same Direction,2,Cloudy,Dry,Daylight
2024-04-30T18:45:00.000,I 285,,,Rear End,2,Clear,Dry,Daylight
2024-08-07T06:15:00.000,I 85,,,Sideswipe-Same Direction,2,Clear,Dry,Dawn
2024-12-13T19:00:00.000,I 75,,,Rear End,2,Clear,Dry,Dark-Not Lighted
2024-12-01T16:01:00.000,I 75,,,Rear End,2,Clear,Dry,Daylight
2024-03-22T20:36:00.000,I 75,,,Sideswipe-Same Direction,2,Rain,Wet,Dark-Not Lighted
2024-04-06T23:10:00.000,I-75,,,Angle Crash,2,Rain,Wet,Dark-Lighted
2024-05-09T17:28:00.000,I 20,,,Not a Collision with Motor Vehicle,1,Rain,Wet,Daylight
2024-08-17T21:58:00.000,I 20,,,Sideswipe-Same Direction,2,Rain,Wet,Dark-Not Lighted
2024-02-24T05:55:00.000,I 75,,,Rear End,2,Clear,Dry,Daylight
2024-12-29T04:05:00.000,I 285,,,Not a Collision with Motor Vehicle,1,Rain,Wet,Dark-Lighted
2024-10-18T07:41:00.000,I 75,,,Sideswipe-Same Direction,2,Clear,Dry,Daylight
2024-10-31T08:40:00.000,I 75,,,Rear End,2,Clear,Dry,Daylight
2024-03-12T10:15:00.000,I 285,,,Sideswipe-Same Direction,2,Clear,Dry,Daylight
2024-05-24T14:46:00.000,I 20,,,Rear End,2,Clear,Dry,Daylight
2024-03-30T23:05:00.000,I 95,,,Not a Collision with Motor Vehicle,1,Clear,Dry,Dark-Not Lighted
2024-09-09T22:24:00.000,I 75,,,Sideswipe-Same Direction,2,Clear,Dry,Dark-Lighted
2024-09-12T11:20:00.000,I 75,,,Rear End,3,Rain,Wet,Daylight
2024-09-28T23:45:00.000,I-75,,,Rear End,3,Clear,Dry,Dark-Lighted
2024-07-17T13:25:00.000,I-75,,,Rear End,2,Cloudy,Dry,Daylight
2024-07-07T10:50:00.000,I 20,,,Sideswipe-Same Direction,2,Clear,Dry,Daylight
2024-08-15T07:42:00.000,I 285,,,Rear End,2,Clear,Dry,Daylight
2024-06-11T10:20:00.000,I 285,,,Sideswipe-Same Direction,2,Clear,Dry,Daylight
2024-01-22T09:23:00.000,I 16,,,Rear End,2,Clear,Wet,Daylight
2024-06-14T00:01:00.000,I 285,,,Sideswipe-Same Direction,2,Clear,Dry,Dark-Not Lighted
2024-09-25T10:22:00.000,I-75,,,Rear End,2,Cloudy,Dry,Daylight
2024-09-11T06:57:00.000,I 85,,,Rear End,2,Clear,Dry,Daylight
2024-05-01T17:46:00.000,I 285,,,Rear End,2,Clear,Dry,Daylight
2024-08-12T11:10:00.000,I 20,,,Rear End,2,Clear,Dry,Daylight
2024-05-16T11:45:00.000,I 285,,,Angle Crash,2,Clear,Dry,Dark-Not Lighted
2024-08-02T06:00:00.000,I 20,,,Sideswipe-Same Direction,2,Cloudy,Dry,Dark-Lighted
2024-01-07T06:43:00.000,I 20,,,Not a Collision with Motor Vehicle,1,Cloudy,Wet,Dark-Not Lighted
2024-10-10T09:55:00.000,I 285,,,Rear End,2,Clear,Dry,Daylight
2024-01-23T06:01:00.000,I 75,,,Rear End,2,Cloudy,Water (standing or moving),Dawn
2024-02-14T09:20:00.000,I-75,,,Rear End,3,Clear,Dry,Daylight
2024-01-19T20:40:00.000,I-75,,,Angle Crash,3,Clear,Dry,Dark-Not Lighted
2024-08-13T13:45:00.000,I 85,,,Sideswipe-Same Direction,2,Cloudy,Dry,Daylight
2024-04-18T18:22:00.000,I 75,,,Rear End,2,Clear,Dry,Daylight
2024-08-01T12:34:00.000,I 85,,,Rear End,2,Clear,Dry,Daylight
2024-12-14T21:30:00.000,I 85,,,Rear End,2,Clear,Dry,Dark-Not Lighted
2024-01-02T11:57:00.000,I 85,,,Sideswipe-Same Direction,2,Clear,Dry,Daylight
2024-10-28T05:00:00.000,I 20,,,Sideswipe-Opposite Direction,2,Clear,Dry,Dark-Lighted
2024-02-28T06:13:00.000,I 20,,,Rear End,2,Cloudy,Dry,Daylight
2024-01-11T06:15:00.000,I 75,,,Rear End,2,Clear,Dry,Dark-Not Lighted
2024-03-06T12:37:00.000,I 285,,,Sideswipe-Same Direction,2,Cloudy,Dry,Daylight
2024-08-25T03:13:00.000,I 75,,,Not a Collision with Motor Vehicle,1,Clear,Dry,Dark-Not Lighted
2024-05-05T15:00:00.000,I 85,,,Rear End,3,Clear,Dry,Daylight
2024-04-10T09:23:00.000,I 85,,,Sideswipe-Same Direction,2,Cloudy,Wet,Daylight
2024-11-21T15:11:00.000,I 20,,,Rear End,3,Clear,Dry,Daylight
2024-01-25T10:10:00.000,I 75,,,Not a Collision with Motor Vehicle,1,Rain,Wet,Dark-Lighted
2024-05-19T12:52:00.000,I 20,,,Rear End,3,Clear,Dry,Daylight
2024-05-10T07:25:00.000,I 85,,,Rear End,2,Cloudy,Wet,Daylight
2024-03-09T15:30:00.000,I 285,,,Sideswipe-Same Direction,2,Clear,Dry,Daylight
2024-07-25T00:06:00.000,I 85,,,Not a Collision with Motor Vehicle,1,Cloudy,Wet,Dark-Not Lighted
2024-10-13T06:19:00.000,I 16,,,Head On,1,Cloudy,Dry,Dark-Not Lighted
2024-09-22T18:48:00.000,I 75,,,Sideswipe-Same Direction,2,Clear,Dry,Daylight
2024-03-20T09:52:00.000,I-75,,,Rear End,2,Clear,Dry,Daylight
2024-10-13T06:07:00.000,I 16,,,Not a Collision with Motor Vehicle,1,Clear,Dry,Dark-Not Lighted
2024-08-02T14:00:00.000,I 285,,,Rear End,2,Clear,Dry,Daylight
2024-08-31T18:05:00.000,I 85,,,Rear End,2,Clear,Dry,Daylight
2024-08-23T07:43:00.000,I 285,,,Rear End,2,Clear,Dry,Daylight
2024-04-11T13:48:00.000,I 75,,,Rear End,2,Cloudy,Dry,Daylight
2024-02-17T19:00:00.000,I-75,,,Rear End,2,Clear,Dry,Dark-Not Lighted
2024-07-30T05:50:00.000,I 285,,,Sideswipe-Same Direction,2,Cloudy,Dry,Daylight
2024-04-20T18:57:00.000,I 20,,,Rear End,2,Clear,Dry,Daylight
2024-07-29T23:51:00.000,I 85,,,Rear End,2,Clear,Dry,Dark-Not Lighted
2024-07-17T00:30:00.000,I-75,,,Not a Collision with Motor Vehicle,1,Clear,Dry,Dark-Not Lighted
2024-05-05T09:17:00.000,I 85,,,Sideswipe-Same Direction,2,Cloudy,Wet,Daylight
2024-05-03T14:10:00.000,I 75,,,Rear End,2,Clear,Dry,Daylight
2024-07-29T15:32:00.000,I 20,,,Sideswipe-Same Direction,2,Rain,Wet,Daylight
2024-01-01T00:28:00.000,I 75,,,Not a Collision with Motor Vehicle,1,Clear,Dry,Dark-Lighted
2024-01-25T16:30:00.000,I 285,,,Sideswipe-Same Direction,2,Cloudy,Dry,Daylight
2024-03-22T12:50:00.000,I 285,,,Sideswipe-Same Direction,2,Rain,Wet,Daylight
2024-12-08T22:30:00.000,I 285,,,Angle Crash,2,Clear,Wet,Dark-Lighted
2024-12-10T14:30:00.000,I 20,,,Not a Collision with Motor Vehicle,1,Rain,Wet,Daylight
2024-05-19T14:55:00.000,I 85,,,Not a Collision with Motor Vehicle,1,Clear,Dry,Daylight
2024-03-11T18:24:00.000,I 75,,,Not a Collision with Motor Vehicle,2,Clear,Dry,Daylight
2024-08-14T12:54:00.000,I 285,,,Not a Collision with Motor Vehicle,2,Clear,Dry,Daylight
2024-09-19T18:00:00.000,I 75,,,Sideswipe-Same Direction,2,Clear,Dry,Daylight
2024-04-26T11:58:00.000,I 16,,,Sideswipe-Same Direction,2,Clear,Dry,Daylight
2024-04-13T14:27:00.000,I 20,,,Rear End,2,Clear,Dry,Daylight
2024-02-11T14:04:00.000,I 75,,,Not a Collision with Motor Vehicle,1,Cloudy,Wet,Daylight
2024-06-01T08:36:00.000,I 20,,,Rear End,2,Clear,Dry,Daylight
2024-11-23T10:14:00.000,I 285,,,Angle Crash,2,Clear,Dry,Daylight
2024-10-11T17:39:00.000,I 285,,,Rear End,2,Clear,Dry,Daylight
2024-01-26T03:07:00.000,I 85,,,Sideswipe-Same Direction,2,Clear,Wet,Dark-Not Lighted
2024-10-02T08:30:00.000,I-75,,,Rear End,4,Clear,Dry,Daylight
2024-01-09T17:47:00.000,I 75,,,Sideswipe-Same Direction,3,Cloudy,Wet,Dark-Not Lighted
2024-06-08T14:00:00.000,I 75,,,Sideswipe-Same Direction,2,Clear,Dry,Daylight
2024-01-24T20:22:00.000,I 75,,,Sideswipe-Same Direction,3,Rain,Wet,Dark-Lighted
2024-06-20T17:20:00.000,I 16,,,Rear End,2,Clear,Dry,Daylight
2024-02-13T20:39:00.000,I 75,,,Sideswipe-Same Direction,2,Cloudy,Dry,Dark-Lighted
2024-04-13T03:21:00.000,I 75,,,Not a Collision with Motor Vehicle,1,Clear,Dry,Dark-Not Lighted
2024-10-03T12:00:00.000,I 75,,,Sideswipe-Same Direction,2,Clear,Dry,Daylight
2024-01-08T06:20:00.000,I-75,,,Sideswipe-Same Direction,2,Cloudy,Dry,Dark-Lighted
2024-12-27T23:45:00.000,I 85,,,Sideswipe-Same Direction,2,Rain,Wet,Dark-Lighted
2024-08-18T00:00:00.000,I 20,,,Not a Collision with Motor Vehicle,1,Clear,Dry,Daylight
2024-12-06T07:40:00.000,I 75,,,Sideswipe-Same Direction,2,Clear,Dry,Daylight
2024-06-16T23:08:00.000,I-75,,,Rear End,4,Clear,Dry,Dark-Not Lighted
2024-11-08T18:26:00.000,I 285,,,Rear End,3,Clear,Dry,Dark-Lighted
2024-05-24T18:00:00.000,I 16,,,Sideswipe-Same Direction,2,Cloudy,Dry,Daylight
2024-03-08T12:19:00.000,I 16,,,Sideswipe-Same Direction,2,Cloudy,Dry,Daylight
2024-07-28T14:08:00.000,I 20,,,Not a Collision with Motor Vehicle,1,Cloudy,Dry,Daylight
2024-12-02T08:31:00.000,I 75,,,Angle Crash,2,Clear,Dry,Daylight
2024-10-12T16:56:00.000,I 75,,,Rear End,2,Clear,Dry,Daylight
2024-05-21T14:10:00.000,I 20,,,Sideswipe-Same Direction,2,Clear,Dry,Daylight
2024-06-14T16:48:00.000,I 75,,,Sideswipe-Same Direction,2,Clear,Dry,Daylight
2024-03-09T13:10:00.000,I 285,,,Not a Collision with Motor Vehicle,1,Clear,Dry,Daylight
2024-05-17T15:27:00.000,I 75,,,Rear End,2,Cloudy,Dry,Daylight
2024-01-18T11:24:00.000,I 285,,,Rear End,2,Clear,Dry,Daylight
2024-04-07T11:57:00.000,I 16,,,Rear End,2,Clear,Dry,Daylight
2024-06-01T07:49:00.000,I 285,,,Sideswipe-Same Direction,2,Clear,Dry,Daylight
2024-02-24T15:20:00.000,I-75,,,Rear End,2,Clear,Dry,Daylight
2024-09-12T19:55:00.000,I 75,,,Rear End,2,Clear,Wet,Dark-Not Lighted
2024-01-22T17:58:00.000,I 95,,,Not a Collision with Motor Vehicle,1,Clear,Dry,Dark-Not Lighted
2024-04-18T16:30:00.000,I 75,,,Rear End,2,Clear,Dry,Daylight
2024-07-27T00:00:00.000,I 85,,,Not a Collision with Motor Vehicle,1,Clear,Dry,Dark-Lighted
2024-08-03T01:17:00.000,I 75,,,Not a Collision with Motor Vehicle,1,Clear,Dry,Dark-Not Lighted
2024-06-17T09:18:00.000,I 85,,,Rear End,3,Clear,Dry,Daylight
2024-02-02T15:30:00.000,I 20,,,Rear End,3,Clear,Dry,Daylight
2024-08-14T19:36:00.000,I-75,,,Rear End,4,Clear,Dry,Dawn
2024-06-23T02:51:00.000,I 85,,,Head On,1,Clear,Dry,Dark-Not Lighted
2024-05-30T14:51:00.000,I 85,,,Not a Collision with Motor Vehicle,1,Clear,Dry,Daylight
2024-10-14T10:16:00.000,I 75,,,Sideswipe-Same Direction,2,Cloudy,Dry,Daylight
2024-12-28T15:40:00.000,I 95,,,Rear End,3,Clear,Dry,Daylight
2024-09-10T11:32:00.000,I 75,,,Rear End,2,Cloudy,Dry,Daylight
2024-04-26T14:55:00.000,I 285,,,Sideswipe-Same Direction,2,Clear,Dry,Daylight
2024-12-12T18:28:00.000,I 75,,,Rear End,2,Clear,Dry,Dark-Lighted
2024-10-30T07:41:00.000,I 75,,,Rear End,2,Cloudy,Dry,Daylight
2024-09-14T12:30:00.000,I 16,,,Not a Collision with Motor Vehicle,1,Cloudy,Wet,Daylight
2024-10-26T04:48:00.000,I 20,,,Not a Collision with Motor Vehicle,1,Clear,Dry,Dark-Lighted
2024-03-12T10:06:00.000,I 75,,,Sideswipe-Same Direction,3,Clear,Dry,Daylight
2024-06-12T18:03:00.000,I 85,,,Angle Crash,2,Clear,Dry,Daylight
2024-10-03T17:02:00.000,I 20,,,Rear End,2,Clear,Dry,Daylight
2024-02-12T22:00:00.000,I-75,,,Not a Collision with Motor Vehicle,10,Clear,Dry,Dark-Not Lighted
2024-06-28T22:52:00.000,I-75,,,Rear End,2,Clear,Dry,Dark-Lighted
2024-12-10T04:45:00.000,I 75,,,Sideswipe-Same Direction,2,Rain,Wet,Dark-Not Lighted
2024-12-19T10:20:00.000,I 285,,,Sideswipe-Same Direction,2,Clear,Dry,Daylight
2024-11-15T16:42:00.000,I 85,,,Rear End,2,Clear,Dry,Daylight
2024-02-29T01:25:00.000,I 85,,,Not a Collision with Motor Vehicle,1,Cloudy,Dry,Dark-Not Lighted
2024-09-03T16:11:00.000,I 85,,,Rear End,2,Clear,Dry,Daylight
2024-11-27T19:00:00.000,I 75,,,Sideswipe-Same Direction,2,Clear,Dry,Dark-Not Lighted
2024-03-01T18:08:00.000,I 285,,,Rear End,3,Rain,Wet,Daylight
2024-04-17T18:00:00.000,I 85,,,Angle Crash,2,Clear,Dry,Daylight
2024-07-09T18:00:00.000,Sr 140,,,Not a Collision with Motor Vehicle,1,Cloudy,Wet,Daylight
2024-03-03T14:14:00.000,I 285,,,Rear End,2,Clear,Dry,Daylight
2024-09-12T04:50:00.000,I 20,,,Rear End,2,Cloudy,Wet,Daylight
2024-05-06T13:00:00.000,I 285,,,Sideswipe-Same Direction,2,Cloudy,Dry,Daylight
2024-12-07T07:02:00.000,I 20,,,Sideswipe-Same Direction,2,Clear,Dry,Daylight
2024-03-13T00:04:00.000,I 285,,,Angle Crash,2,Clear,Dry,Dark-Not Lighted
2024-04-10T18:00:00.000,I 285,,,Rear End,2,Clear,Dry,Daylight
2024-02-24T01:10:00.000,I 285,,,Rear End,3,Cloudy,Dry,Daylight
2024-04-12T15:00:00.000,I 20,,,Not a Collision with Motor Vehicle,1,Clear,Dry,Daylight
2024-04-21T01:00:00.000,I 20,,,Not a Collision with Motor Vehicle,1,Rain,Wet,Dark-Not Lighted
2024-07-28T09:04:00.000,I 285,,,Not a Collision with Motor Vehicle,1,Cloudy,Wet,Daylight
2024-03-11T16:26:00.000,I-75,,,Rear End,2,Clear,Dry,Daylight
2024-09-08T17:00:00.000,I 75,,,Not a Collision with Motor Vehicle,1,Rain,Wet,Daylight
2024-02-08T21:03:00.000,I 75,,,Not a Collision with Motor Vehicle,1,Clear,Dry,Dark-Lighted
2024-07-14T10:45:00.000,I 75,,,Angle Crash,2,Clear,Dry,Daylight
2024-06-05T23:15:00.000,I 75,,,Not a Collision with Motor Vehicle,1,Clear,Dry,Dark-Not Lighted
2024-03-08T23:22:00.000,I 20,,,Not a Collision with Motor Vehicle,1,Rain,Wet,Dark-Not Lighted
2024-07-19T08:30:00.000,I 75,,,Rear End,3,Cloudy,Dry,Daylight
2024-11-20T07:34:00.000,I 85,,,Rear End,2,Rain,Wet,Dusk
2024-04-05T07:07:00.000,I 75,,,Sideswipe-Same Direction,2,Clear,Dry,Dark-Lighted
2024-10-29T13:52:00.000,I 16,,,Rear End,2,Clear,Dry,Daylight
2024-09-26T13:21:00.000,I 75,,,Not a Collision with Motor Vehicle,1,Rain,Wet,Daylight
2024-12-13T19:00:00.000,I 75,,,Not a Collision with Motor Vehicle,1,Cloudy,Dry,Dark-Not Lighted
2024-05-31T15:17:00.000,I 75,,,Angle Crash,2,Clear,Dry,Daylight
2024-02-02T18:06:00.000,I 75,,,Not a Collision with Motor Vehicle,1,Clear,Dry,Dark-Lighted
2024-08-04T00:00:00.000,I 20,,,Not a Collision with Motor Vehicle,1,Clear,Dry,Dark-Not Lighted
2024-07-07T21:03:00.000,I 85,,,Rear End,3,Rain,Wet,Daylight
2024-12-05T19:52:00.000,I 285,,,Rear End,2,Clear,Dry,Dark-Not Lighted
2024-02-12T07:19:00.000,I 20,,,Not a Collision with Motor Vehicle,1,Rain,Wet,Daylight
2024-02-08T17:30:00.000,I 75,,,Rear End,2,Clear,Dry,Daylight
2024-03-17T03:00:00.000,I 285,,,Head On,3,Clear,Dry,Dark-Not Lighted
2024-03-17T21:00:00.000,I-75,,,Rear End,4,Clear,Dry,Dark-Lighted
2024-05-29T18:33:00.000,I 20,,,Rear End,2,Clear,Dry,Daylight
2024-09-20T11:08:00.000,I 85,,,Not a Collision with Motor Vehicle,1,Cloudy,Dry,Daylight
2024-02-09T18:45:00.000,I-75,,,Sideswipe-Same Direction,5,Clear,Dry,Dark-Not Lighted
2024-10-04T20:50:00.000,I 20,,,Rear End,2,Clear,Dry,Dark-Not Lighted
2024-09-06T14:28:00.000,I 285,,,Rear End,2,Cloudy,Dry,Daylight
2024-06-22T18:15:00.000,I 20,,,Not a Collision with Motor Vehicle,2,Clear,Dry,Daylight
2024-09-04T05:53:00.000,I 75,,,Angle Crash,2,Clear,Dry,Dark-Not Lighted
2024-08-17T12:22:00.000,I 285,,,Rear End,2,Clear,Dry,Daylight
2024-03-16T11:30:00.000,I-75,,,Rear End,2,Clear,Dry,Daylight
2024-03-06T15:20:00.000,I 75,,,Angle Crash,2,Rain,Wet,Daylight
2024-09-13T03:00:00.000,I-75,,,Sideswipe-Same Direction,2,Rain,Wet,Dark-Not Lighted
2024-03-13T11:15:00.000,I 85,,,Sideswipe-Same Direction,2,Clear,Dry,Daylight
2024-03-05T16:35:00.000,I 285,,,Rear End,2,Rain,Wet,Daylight
2024-10-21T18:26:00.000,I 16,,,Rear End,2,Clear,Dry,Dusk
2024-06-06T17:00:00.000,I 16,,,Rear End,2,Clear,Dry,Daylight
2024-06-07T22:00:00.000,I 285,,,Sideswipe-Same Direction,2,Clear,Dry,Dark-Not Lighted
2024-01-21T17:00:00.000,I 75,,,Not a Collision with Motor Vehicle,2,Clear,Dry,Daylight
2024-05-19T04:25:00.000,I 16,,,Sideswipe-Same Direction,1,Clear,Dry,Dark-Not Lighted
2024-09-28T02:59:00.000,I 20,,,Not a Collision with Motor Vehicle,1,Clear,Dry,Dark-Not Lighted
2024-10-18T17:30:00.000,I 85,,,Rear End,2,Clear,Dry,Daylight
2024-04-04T03:58:00.000,I 20,,,Rear End,2,Clear,Dry,Dark-Lighted
2024-09-12T17:18:00.000,I 285,,,Sideswipe-Same Direction,2,Rain,Wet,Daylight
2024-01-07T16:19:00.000,I-75,,,Angle Crash,3,Clear,Dry,Daylight
2024-01-10T17:48:00.000,I 285,,,Angle Crash,2,Clear,Dry,Dark-Not Lighted
2024-11-30T18:15:00.000,I 85,,,Not a Collision with Motor Vehicle,1,Clear,Dry,Dark-Not Lighted
2024-03-24T13:29:00.000,I 75,,,Sideswipe-Same Direction,2,Clear,Dry,Daylight
2024-10-23T14:30:00.000,I 20,,,Rear End,2,Clear,Dry,Daylight
2024-09-23T08:46:00.000,I 95,,,Angle Crash,2,Clear,Dry,Daylight
2024-08-04T18:30:00.000,I 20,,,Sideswipe-Same Direction,2,Clear,Dry,Daylight
2024-02-20T17:43:00.000,I 20,,,Rear End,2,Clear,Dry,Dusk
2024-10-16T00:00:00.000,I 285,,,Angle Crash,2,Clear,Dry,Daylight
2024-07-29T22:00:00.000,I 20,,,Angle Crash,2,Cloudy,Wet,Dark-Not Lighted
2024-03-25T17:45:00.000,I 75,,,Rear End,3,Clear,Dry,Daylight
2024-08-05T10:07:00.000,I 95,,,Not a Collision with Motor Vehicle,1,Rain,Wet,Daylight
2024-07-05T23:47:00.000,I 75,,,Rear End,2,Rain,Wet,Dark-Not Lighted
2024-07-30T22:13:00.000,I 285,,,Sideswipe-Same Direction,2,Cloudy,Wet,Dark-Lighted
2024-03-22T17:27:00.000,I 75,,,Not a Collision with Motor Vehicle,1,Rain,Wet,Dusk
2024-06-12T04:50:00.000,I 285,,,Rear End,2,Clear,Dry,Daylight
2024-03-08T22:45:00.000,I 285,,,Angle Crash,2,Rain,Wet,Dark-Not Lighted
2024-06-19T19:50:00.000,I-75,,,Rear End,2,Clear,Dry,Daylight
2024-09-21T22:00:00.000,I-75,,,Rear End,2,Clear,Dry,Dark-Lighted
2024-06-13T13:17:00.000,I 75,,,Sideswipe-Same Direction,2,Clear,Dry,Daylight
2024-11-15T17:52:00.000,I 85,,,Sideswipe-Same Direction,2,Clear,Dry,Daylight
2024-12-02T07:20:00.000,I 20,,,Rear End,2,Clear,Dry,Daylight
2024-02-03T00:38:00.000,I-75,,,Rear End,2,Clear,Dry,Dark-Lighted
2024-03-03T15:00:00.000,I 285,,,Rear End,3,Cloudy,Dry,Daylight
2024-10-22T10:00:00.000,I 85,,,Sideswipe-Same Direction,2,Clear,Dry,Daylight
2024-01-31T00:00:00.000,I 285,,,Sideswipe-Same Direction,2,Clear,Dry,Daylight
2024-05-05T14:03:00.000,I 75,,,Sideswipe-Same Direction,2,Clear,Dry,Daylight
2024-08-04T15:47:00.000,I 285,,,Rear End,3,Clear,Dry,Daylight
2024-06-12T11:00:00.000,I 285,,,Sideswipe-Same Direction,2,Clear,Dry,Daylight
2024-07-18T13:25:00.000,I 75,,,Sideswipe-Same Direction,2,Clear,Dry,Daylight
2024-12-18T09:54:00.000,I 20,,,Not a Collision with Motor Vehicle,2,Clear,Dry,Daylight
2024-08-03T18:00:00.000,I 20,,,Sideswipe-Same Direction,2,Clear,Dry,Daylight
2024-02-11T05:15:00.000,I-75,,,Sideswipe-Same Direction,2,Rain,Wet,Dark-Lighted
2024-09-26T04:30:00.000,I 16,,,(None),1,(None),(None),(None)
2024-12-30T18:00:00.000,I 285,,,Rear End,2,Clear,Dry,Dark-Not Lighted
2024-04-16T18:46:00.000,I 85,,,Rear End,2,Clear,Dry,Daylight
2024-03-11T10:57:00.000,I 285,,,Sideswipe-Same Direction,2,Clear,Dry,Daylight
2024-06-27T17:48:00.000,I 85,,,Sideswipe-Opposite Direction,2,Clear,Wet,Daylight
2024-12-13T05:39:00.000,I 75,,,Sideswipe-Same Direction,2,Clear,Dry,Dark-Lighted
2024-07-25T14:10:00.000,I 285,,,Rear End,2,Clear,Dry,Daylight
2024-02-16T11:24:00.000,I 285,,,Sideswipe-Same Direction,2,Cloudy,Dry,Daylight
2024-03-22T11:25:00.000,I 85,,,Rear End,2,Cloudy,Dry,Daylight
2024-12-12T08:50:00.000,I 85,,,Rear End,2,Clear,Dry,Daylight
2024-09-01T03:18:00.000,I 85,,,Rear End,2,Cloudy,Wet,Dark-Not Lighted
2024-07-23T20:43:00.000,I 85,,,Rear End,3,Rain,Wet,Dark-Not Lighted
2024-03-23T23:00:00.000,I-75,,,Sideswipe-Same Direction,2,Cloudy,Dry,Dark-Lighted
2024-02-08T17:37:00.000,I 75,,,Angle Crash,3,Clear,Dry,Daylight
2024-08-28T19:00:00.000,I 285,,,Sideswipe-Same Direction,2,Clear,Dry,Daylight
2024-12-25T19:45:00.000,I 85,,,Sideswipe-Same Direction,2,Clear,Dry,Dark-Not Lighted
2024-05-02T12:40:00.000,I 95,,,Not a Collision with Motor Vehicle,1,Clear,Dry,Daylight
2024-03-30T08:59:00.000,I 20,,,Sideswipe-Same Direction,2,Clear,Dry,Daylight
2024-05-02T12:47:00.000,I 75,,,Sideswipe-Same Direction,2,Clear,Dry,Daylight
2024-06-05T05:10:00.000,I 16,,,Rear End,2,Clear,Dry,Dark-Not Lighted
2024-04-11T13:03:00.000,I 285,,,Sideswipe-Same Direction,3,Clear,Dry,Daylight