Date and Time,Roadway (From Crash Report),Intersection Name (from Crash Report),KABCO Severity,Manner of Collision (Crash Level) ,# of Vehicles per crash ,Weather Conditions (Crash Level),Surface Condition (Crash Level) ,Light Conditions (Crash Level)
2024-02-20T09:30:00.000,I 285,,,Sideswipe-Same Direction,2,Clear,Dry,Daylight
2024-12-10T22:00:00.000,I 285,,,Sideswipe-Same Direction,2,Rain,Wet,Dark-Not Lighted
2024-06-04T13:04:00.000,I 85,,,Rear End,2,Cloudy,Dry,Daylight
2024-12-26T14:38:00.000,I 85,,,Rear End,2,Clear,Dry,Daylight
2024-03-07T11:44:00.000,I 85,,,Sideswipe-Same Direction,2,Clear,Dry,Daylight
2024-04-05T16:00:00.000,I 85,,,Sideswipe-Same Direction,2,Clear,Dry,Daylight
2024-12-15T15:45:00.000,I 20,,,Not a Collision with Motor Vehicle,1,Cloudy,Water (standing or moving),Daylight
2024-10-26T13:38:00.000,I 285,,,Sideswipe-Same Direction,2,Clear,Dry,Daylight
2024-08-30T06:35:00.000,I 85,,,Rear End,2,Clear,Dry,Dawn
2024-07-19T17:34:00.000,I-75,,,Head On,2,Rain,Wet,Daylight
2024-03-21T07:34:00.000,I 285,,,Sideswipe-Same Direction,2,Clear,Dry,Daylight
2024-03-29T20:37:00.000,I 16,,,Sideswipe-Same Direction,2,Clear,Dry,Dark-Not Lighted
2024-11-05T08:29:00.000,I 20,,,Sideswipe-Same Direction,2,Cloudy,Dry,Daylight
2024-10-11T19:14:00.000,I 20,,,(None),2,(None),(None),(None)
2024-10-26T17:40:00.000,I-75,,,Rear End,2,Cloudy,Dry,Daylight
2024-01-23T06:01:00.000,I 285,,,Sideswipe-Same Direction,2,Clear,Dry,Dark-Lighted
2024-09-18T21:40:00.000,I 20,,,Not a Collision with Motor Vehicle,1,Clear,Dry,Dark-Not Lighted
2024-01-29T07:58:00.000,I 85,,,Rear End,2,Clear,Dry,Daylight
2024-05-02T10:04:00.000,I 85,,,Sideswipe-Same Direction,2,Clear,Dry,Daylight
2024-03-30T23:30:00.000,I 285,,,Rear End,2,Clear,Dry,Dark-Lighted
2024-08-05T17:31:00.000,I 75,,,Rear End,2,Clear,Dry,Daylight
2024-11-30T04:40:00.000,I 75,,,Not a Collision with Motor Vehicle,1,Clear,Dry,Dark-Not Lighted
2024-05-01T12:37:00.000,I 285,,,Rear End,2,Clear,Dry,Daylight
2024-02-28T08:00:00.000,I 85,,,Not a Collision with Motor Vehicle,1,Cloudy,Dry,Daylight
2024-01-18T10:00:00.000,I 16,,,Rear End,2,Clear,Dry,Daylight
2024-11-10T20:53:00.000,I 75,,,Not a Collision with Motor Vehicle,1,Rain,Wet,Dark-Not Lighted
2024-01-30T18:33:00.000,I 75,,,Not a Collision with Motor Vehicle,1,Cloudy,Dry,Dark-Not Lighted
2024-04-11T01:16:00.000,I 75,,,Not a Collision with Motor Vehicle,1,Other,Wet,Dark-Lighted
2024-09-10T22:20:00.000,I 85,,,Rear End,2,Cloudy,Dry,Dark-Not Lighted
2024-04-21T11:33:00.000,I 20,,,Not a Collision with Motor Vehicle,1,Rain,Wet,Daylight
2024-07-08T13:59:00.000,I 20,,,Rear End,3,Clear,Dry,Daylight
2024-04-25T12:45:00.000,I 75,,,Rear End,3,Clear,Dry,Daylight
2024-08-30T10:06:00.000,I-75,,,Not a Collision with Motor Vehicle,2,Clear,Dry,Daylight
2024-10-15T08:09:00.000,I 85,,,Sideswipe-Same Direction,2,Clear,Dry,Daylight
2024-02-02T08:21:00.000,I 20,,,Sideswipe-Same Direction,2,Clear,Dry,Daylight
2024-08-27T10:21:00.000,I 85,,,Rear End,2,Clear,Dry,Daylight
2024-11-02T00:00:00.000,I 20,,,Rear End,2,Clear,Dry,Dark-Lighted
2024-05-04T07:44:00.000,I 75,,,Not a Collision with Motor Vehicle,1,Clear,Wet,Daylight
2024-02-08T13:25:00.000,I 16,,,Not a Collision with Motor Vehicle,1,Clear,Dry,Daylight
2024-01-06T00:54:00.000,I 20,,,Not a Collision with Motor Vehicle,1,Rain,Wet,Dark-Not Lighted
2024-10-25T22:21:00.000,I 16,,,Angle Crash,2,Clear,Dry,Dark-Not Lighted
2024-03-15T17:54:00.000,I 75,,,Rear End,2,Rain,Wet,Dark-Lighted
2024-05-01T12:26:00.000,I 85,,,Sideswipe-Same Direction,3,Clear,Dry,Daylight
2024-04-19T05:28:00.000,I 20,,,Angle Crash,2,Clear,Dry,Dark-Lighted
2024-09-14T11:15:00.000,I 20,,,Rear End,2,Rain,Wet,Daylight
2024-10-15T04:48:00.000,I 95,,,Angle Crash,2,Clear,Dry,Dark-Not Lighted
2024-03-22T12:10:00.000,I 85,,,Angle Crash,3,Cloudy,Dry,Daylight
2024-02-05T14:00:00.000,I 20,,,Not a Collision with Motor Vehicle,1,Severe Thunderstorm or Tornadic,Wet,Daylight
2024-11-25T19:00:00.000,I 20,,,Rear End,2,Cloudy,Dry,Dark-Lighted
2024-07-23T08:30:00.000,I 20,,,Sideswipe-Same Direction,2,Clear,Dry,Daylight
2024-02-26T17:50:00.000,I 75,,,Sideswipe-Same Direction,2,Clear,Dry,Daylight
2024-04-10T15:45:00.000,I 20,,,Rear End,2,Clear,Dry,Daylight
2024-02-22T13:49:00.000,I 20,,,Rear End,2,Clear,Dry,Daylight
2024-05-07T13:16:00.000,I-75,,,Rear End,3,Clear,Dry,Daylight
2024-02-13T18:01:00.000,I 285,,,Sideswipe-Same Direction,2,Clear,Dry,Daylight
2024-03-17T21:50:00.000,I 85,,,Sideswipe-Same Direction,2,Clear,Dry,Dark-Not Lighted
2024-04-06T07:53:00.000,I 285,,,Rear End,2,Other,Other,Dark-Lighted
2024-03-09T00:00:00.000,I 75,,,Sideswipe-Same Direction,2,Rain,Water (standing or moving),Dark-Not Lighted
2024-07-24T23:19:00.000,I 75,,,Not a Collision with Motor Vehicle,1,Cloudy,Dry,Dark-Not Lighted
2024-09-30T17:23:00.000,I 85,,,Rear End,3,Clear,Dry,Daylight
2024-07-21T18:05:00.000,I 75,,,Sideswipe-Opposite Direction,2,Rain,Wet,Daylight
2024-12-02T21:01:00.000,I 16,,,Angle Crash,2,Clear,Dry,Dark-Lighted
2024-11-17T16:45:00.000,I 85,,,Sideswipe-Same Direction,2,Clear,Dry,Daylight
2024-07-26T21:09:00.000,I 20,,,Not a Collision with Motor Vehicle,2,Rain,Water (standing or moving),Dark-Not Lighted
2024-01-24T14:57:00.000,I-75,,,Rear End,2,Cloudy,Wet,Daylight
2024-01-30T04:10:00.000,I 85,,,Sideswipe-Same Direction,2,Clear,Dry,Dark-Lighted
2024-06-19T10:52:00.000,I 95,,,Not a Collision with Motor Vehicle,1,Clear,Dry,Daylight
2024-03-05T07:40:00.000,I 285,,,Sideswipe-Same Direction,2,Cloudy,Dry,Daylight
2024-06-14T14:55:00.000,I 16,,,Not a Collision with Motor Vehicle,1,Clear,Dry,Daylight
2024-03-11T21:49:00.000,I 75,,,Rear End,2,Clear,Dry,Dark-Not Lighted
2024-11-01T07:26:00.000,I-75,,,Sideswipe-Same Direction,2,Cloudy,Dry,Dark-Lighted
2024-01-03T07:06:00.000,I 85,,,Rear End,2,Clear,Dry,Daylight
2024-10-19T15:45:00.000,I 75,,,Angle Crash,2,Clear,Dry,Daylight
2024-12-04T17:55:00.000,I 20,,,Sideswipe-Same Direction,2,Clear,Dry,Dark-Not Lighted
2024-03-07T10:35:00.000,I 285,,,Sideswipe-Same Direction,2,Clear,Dry,Daylight
2024-01-27T13:42:00.000,I 75,,,Not a Collision with Motor Vehicle,1,Cloudy,Wet,Daylight
2024-09-26T12:30:00.000,I 16,,,Rear End,2,Rain,Wet,Daylight
2024-01-24T14:48:00.000,I 85,,,Rear End,2,Clear,Wet,Daylight
2024-03-17T22:21:00.000,I-75,,,Rear End,2,Clear,Dry,Dark-Lighted
2024-10-09T15:30:00.000,I 285,,,Rear End,3,Clear,Dry,Daylight
2024-12-19T15:49:00.000,I 85,,,Rear End,2,Clear,Dry,Daylight
2024-03-30T05:11:00.000,I 20,,,Not a Collision with Motor Vehicle,1,Clear,Dry,Dark-Not Lighted
2024-09-14T23:00:00.000,I-75,,,Rear End,2,Rain,Wet,Dark-Lighted
2024-10-30T16:12:00.000,I 16,,,Rear End,2,Clear,Dry,Daylight
2024-04-01T01:30:00.000,I 285,,,Not a Collision with Motor Vehicle,1,Clear,Dry,Dark-Lighted
2024-11-13T08:50:00.000,I 85,,,Rear End,2,Cloudy,Dry,Daylight
2024-07-23T06:05:00.000,I 85,,,Sideswipe-Same Direction,2,Clear,Dry,Daylight
2024-03-08T15:15:00.000,I 20,,,Rear End,2,Cloudy,Dry,Daylight
2024-06-10T07:49:00.000,I 75,,,Rear End,2,Rain,Wet,Daylight
2024-09-20T15:10:00.000,I 20,,,Rear End,3,Clear,Dry,Daylight
2024-08-06T13:00:00.000,I 285,,,Sideswipe-Same Direction,2,Clear,Dry,Daylight
2024-05-20T22:04:00.000,I 285,,,Sideswipe-Same Direction,2,Clear,Dry,Dark-Not Lighted
2024-07-24T23:02:00.000,I 75,,,Sideswipe-Opposite Direction,2,Rain,Wet,Dark-Not Lighted
2024-09-19T09:20:00.000,I 285,,,Rear End,2,Clear,Dry,Daylight
2024-04-23T11:54:00.000,I 285,,,Sideswipe-Same Direction,3,Clear,Dry,Daylight
2024-09-25T20:23:00.000,I 75,,,Not a Collision with Motor Vehicle,1,Rain,Wet,Dark-Not Lighted
2024-03-12T08:28:00.000,I 20,,,Rear End,2,Clear,Dry,Daylight
2024-05-29T12:53:00.000,I 20,,,Sideswipe-Same Direction,2,Clear,Dry,Daylight
2024-05-23T09:30:00.000,I 85,,,Rear End,2,Cloudy,Dry,Daylight
2024-10-13T18:31:00.000,I 85,,,Rear End,2,Clear,Dry,Dusk
2024-07-16T09:39:00.000,I 85,,,Rear End,2,Clear,Dry,Daylight
2024-07-16T07:17:00.000,I 75,,,Rear End,2,Clear,Dry,Daylight
2024-06-30T10:00:00.000,I 20,,,Rear End,2,Clear,Dry,Daylight
2024-01-12T22:30:00.000,I 20,,,Sideswipe-Same Direction,2,Cloudy,Wet,Dark-Lighted
2024-02-21T08:50:00.000,I-75,,,Rear End,2,Clear,Dry,Daylight
2024-09-22T00:39:00.000,I-75,,,Rear End,3,Clear,Dry,Dark-Not Lighted
2024-11-25T10:25:00.000,I 75,,,Rear End,2,Clear,Dry,Daylight
2024-12-25T14:00:00.000,I 20,,,Rear End,2,Clear,Dry,Daylight
2024-05-14T07:00:00.000,I 20,,,Rear End,2,Cloudy,Wet,Daylight
2024-03-13T00:00:00.000,I 285,,,Not a Collision with Motor Vehicle,1,Clear,Dry,Daylight
2024-06-29T17:25:00.000,I 285,,,Rear End,3,Cloudy,Wet,Daylight
2024-03-01T20:55:00.000,I 75,,,Rear End,2,Rain,Wet,Dark-Lighted
2024-03-27T21:02:00.000,I 16,,,Angle Crash,2,Clear,Dry,Dark-Lighted
2024-04-07T17:49:00.000,I 85,,,Sideswipe-Same Direction,2,Clear,Dry,Daylight
2024-01-07T17:00:00.000,I 285,,,Rear End,2,Clear,Dry,Daylight
2024-12-23T14:03:00.000,I 75,,,Rear End,3,Clear,Dry,Daylight
2024-03-22T18:04:00.000,I 75,,,Sideswipe-Same Direction,2,Rain,Wet,Daylight
2024-02-04T17:40:00.000,I 95,,,Not a Collision with Motor Vehicle,1,Severe Thunderstorm or Tornadic,Wet,Dusk
2024-09-24T22:00:00.000,I 285,,,Sideswipe-Same Direction,3,Clear,Dry,Dark-Not Lighted
2024-12-20T09:33:00.000,I 285,,,Sideswipe-Same Direction,2,Clear,Dry,Daylight
2024-06-28T05:45:00.000,I 285,,,Not a Collision with Motor Vehicle,1,Cloudy,Dry,Dark-Not Lighted
2024-06-04T19:00:00.000,I 75,,,Not a Collision with Motor Vehicle,1,Cloudy,Dry,Daylight
2024-09-19T11:45:00.000,I 16,,,Not a Collision with Motor Vehicle,1,Clear,Dry,Daylight
2024-02-14T17:15:00.000,I 85,,,Rear End,2,Clear,Dry,Daylight
2024-11-19T07:47:00.000,I 16,,,Rear End,2,Clear,Dry,Daylight
2024-02-07T08:00:00.000,I 85,,,Rear End,3,Clear,Dry,Daylight
2024-07-23T23:40:00.000,I 20,,,Sideswipe-Same Direction,1,Rain,Wet,Dark-Not Lighted
2024-11-01T03:08:00.000,I 20,,,Not a Collision with Motor Vehicle,1,Clear,Dry,Dark-Not Lighted
2024-05-02T18:35:00.000,I 20,,,Rear End,2,Clear,Dry,Daylight
2024-06-06T06:01:00.000,I 75,,,Sideswipe-Same Direction,2,Clear,Dry,Dawn
2024-02-11T09:05:00.000,I 16,,,Sideswipe-Same Direction,2,Clear,Dry,Daylight
2024-01-25T21:52:00.000,I 20,,,Not a Collision with Motor Vehicle,1,Cloudy,Wet,Dark-Lighted
2024-02-05T20:20:00.000,I 20,,,Rear End,2,Clear,Dry,Dark-Not Lighted
2024-01-19T07:43:00.000,I 285,,,Angle Crash,2,Clear,Dry,Daylight
2024-02-12T12:20:00.000,I 75,,,Rear End,2,Rain,Wet,Daylight
2024-08-24T09:26:00.000,I 75,,,Not a Collision with Motor Vehicle,2,Clear,Dry,Daylight
2024-09-20T17:14:00.000,I 85,,,Not a Collision with Motor Vehicle,3,Clear,Dry,Daylight
2024-02-14T14:40:00.000,I-75,,,Rear End,2,Clear,Dry,Dark-Lighted
2024-08-23T02:30:00.000,I-75,,,Not a Collision with Motor Vehicle,1,Clear,Dry,Dark-Lighted
2024-05-28T15:36:00.000,I 75,,,Rear End,2,Clear,Dry,Daylight
2024-04-02T17:35:00.000,I 85,,,Rear End,2,Cloudy,Dry,Daylight
2024-02-07T10:10:00.000,I 75,,,Sideswipe-Same Direction,2,Clear,Dry,Daylight
2024-02-05T18:50:00.000,I 75,,,Rear End,2,Clear,Dry,Dark-Lighted
2024-01-21T07:00:00.000,I 20,,,Not a Collision with Motor Vehicle,1,Clear,Dry,Dawn
2024-01-27T19:26:00.000,I-75,,,Sideswipe-Same Direction,2,Cloudy,Wet,Dark-Lighted
2024-03-18T22:10:00.000,I 20,,,Angle Crash,2,Clear,Dry,Daylight
2024-10-23T09:30:00.000,I-75,,,Rear End,2,Clear,Dry,Daylight
2024-11-14T12:57:00.000,I 20,,,Not a Collision with Motor Vehicle,1,Rain,Wet,Daylight
2024-07-17T14:00:00.000,I 75,,,Rear End,2,Clear,Dry,Daylight
2024-05-25T23:15:00.000,I 75,,,Not a Collision with Motor Vehicle,1,Cloudy,Wet,Dark-Not Lighted
2024-03-13T10:45:00.000,I-75,,,Sideswipe-Same Direction,2,Clear,Dry,Daylight
2024-04-05T17:30:00.000,I 285,,,Rear End,4,Clear,Dry,Daylight
2024-03-28T10:10:00.000,I 285,,,Sideswipe-Same Direction,2,Clear,Dry,Daylight
2024-01-07T02:55:00.000,I-75,,,Rear End,2,Clear,Dry,Dark-Not Lighted
2024-12-13T10:38:00.000,I 285,,,Rear End,3,Clear,Dry,Daylight
2024-09-03T05:25:00.000,I 285,,,Sideswipe-Same Direction,2,Cloudy,Dry,Dark-Not Lighted
2024-01-11T17:00:00.000,I 285,,,Rear End,2,Clear,Dry,Daylight
2024-10-14T18:05:00.000,I 95,,,Sideswipe-Same Direction,2,Clear,Dry,Daylight
2024-03-02T04:00:00.000,I-75,,,Not a Collision with Motor Vehicle,1,Rain,Water (standing or moving),Dark-Not Lighted
2024-03-13T08:15:00.000,I 285,,,Sideswipe-Same Direction,2,Clear,Dry,Daylight
2024-08-18T17:15:00.000,I 75,,,Rear End,2,Rain,Wet,Daylight
2024-10-22T09:17:00.000,I 285,,,Rear End,3,Clear,Dry,Daylight
2024-02-24T05:00:00.000,I 285,,,Not a Collision with Motor Vehicle,1,Clear,Dry,Dark-Not Lighted
2024-10-22T17:55:00.000,I 20,,,Angle Crash,2,Clear,Dry,Dusk
2024-05-10T15:20:00.000,I 285,,,Rear End,2,Clear,Dry,Daylight
2024-03-29T22:30:00.000,I 20,,,Not a Collision with Motor Vehicle,1,Clear,Dry,Dark-Not Lighted
2024-01-10T06:50:00.000,I 285,,,Angle Crash,2,Clear,Dry,Daylight
2024-02-27T15:20:00.000,I 285,,,Sideswipe-Opposite Direction,2,Clear,Dry,Daylight
2024-11-01T14:47:00.000,I 285,,,Angle Crash,2,Clear,Dry,Daylight
2024-06-13T04:45:00.000,I 285,,,Sideswipe-Same Direction,2,Clear,Dry,Dark-Lighted
2024-03-23T13:37:00.000,I 285,,,Sideswipe-Same Direction,2,Clear,Dry,Daylight
2024-05-12T03:25:00.000,I 285,,,Rear End,2,Clear,Dry,Dark-Not Lighted
2024-02-17T10:09:00.000,I 20,,,Sideswipe-Same Direction,2,Cloudy,Dry,Daylight
2024-08-26T15:25:00.000,I 85,,,Rear End,2,Clear,Dry,Daylight
2024-03-14T10:41:00.000,I 75,,,Angle Crash,2,Clear,Dry,Daylight
2024-01-10T10:17:00.000,I 285,,,Sideswipe-Same Direction,3,Clear,Dry,Daylight
2024-07-01T15:30:00.000,I 85,,,Angle Crash,2,Clear,Dry,Daylight
2024-02-27T00:35:00.000,I 16,,,Not a Collision with Motor Vehicle,1,Clear,Dry,Dark-Lighted
2024-09-17T15:08:00.000,I 85,,,Sideswipe-Same Direction,2,Clear,Dry,Daylight
2024-12-24T14:13:00.000,I 75,,,Angle Crash,2,Clear,Dry,Daylight
2024-07-17T19:16:00.000,I 75,,,Sideswipe-Opposite Direction,2,Severe Thunderstorm or Tornadic,Wet,Daylight
2024-10-20T22:34:00.000,I 85,,,Rear End,3,Clear,Dry,Dark-Not Lighted
2024-10-25T22:53:00.000,I 285,,,Sideswipe-Same Direction,2,Clear,Dry,Dark-Lighted
2024-03-15T09:20:00.000,I 285,,,Sideswipe-Same Direction,2,Cloudy,Dry,Daylight
2024-08-16T22:50:00.000,I 75,,,Not a Collision with Motor Vehicle,1,Rain,Wet,Dark-Not Lighted
2024-02-07T11:49:00.000,I 85,,,Sideswipe-Same Direction,2,Clear,Dry,Daylight
2024-01-07T17:48:00.000,I-75,,,Rear End,4,Rain,Wet,Dark-Lighted
2024-03-11T00:23:00.000,I 85,,,Not a Collision with Motor Vehicle,1,Clear,Dry,Dark-Not Lighted
2024-03-11T00:55:00.000,I-75,,,Sideswipe-Same Direction,2,Clear,Dry,Dark-Lighted
2024-01-09T06:25:00.000,I 75,,,Sideswipe-Same Direction,2,Rain,Water (standing or moving),Dark-Not Lighted
2024-10-18T14:55:00.000,I 75,,,Not a Collision with Motor Vehicle,1,Clear,Dry,Daylight
2024-02-04T16:25:00.000,I 75,,,Not a Collision with Motor Vehicle,1,Rain,Water (standing or moving),Daylight
2024-10-25T12:15:00.000,I 285,,,Rear End,2,Clear,Dry,Daylight
2024-03-13T17:00:00.000,I-75,,,Sideswipe-Same Direction,2,Clear,Dry,Daylight
2024-01-31T11:00:00.000,I 285,,,Not a Collision with Motor Vehicle,1,Clear,Dry,Daylight
2024-03-06T17:06:00.000,I 16,,,Not a Collision with Motor Vehicle,1,Rain,Wet,Daylight
2024-06-20T10:59:00.000,I 75,,,Sideswipe-Same Direction,2,Clear,Dry,Daylight
2024-02-24T04:33:00.000,I 75,,,Rear End,2,Cloudy,Dry,Dark-Lighted
2024-01-14T01:35:00.000,I 20,,,Not a Collision with Motor Vehicle,1,Clear,Dry,Dark-Lighted
2024-11-25T16:22:00.000,I 285,,,Rear End,2,Clear,Dry,Daylight
2024-08-30T17:53:00.000,I 16,,,Not a Collision with Motor Vehicle,1,Rain,Wet,Daylight
2024-07-29T08:25:00.000,I 20,,,Sideswipe-Same Direction,2,Cloudy,Dry,Daylight
2024-07-19T08:25:00.000,I 285,,,Sideswipe-Same Direction,3,Cloudy,Dry,Daylight
2024-11-24T19:46:00.000,I 20,,,Rear End,2,Clear,Dry,Dark-Not Lighted
2024-08-14T18:12:00.000,I 285,,,Rear End,2,Clear,Dry,Daylight
2024-02-03T05:30:00.000,I-75,,,Not a Collision with Motor Vehicle,1,Clear,Dry,Dark-Lighted
2024-03-08T19:14:00.000,I 75,,,Rear End,2,Rain,Water (standing or moving),Dark-Lighted
2024-07-18T15:52:00.000,I 85,,,Sideswipe-Same Direction,2,Clear,Dry,Daylight
2024-01-24T22:20:00.000,I 20,,,Not a Collision with Motor Vehicle,1,Rain,Wet,Dark-Not Lighted
2024-05-29T15:25:00.000,I 75,,,Not a Collision with Motor Vehicle,2,Clear,Dry,Daylight
2024-12-29T02:58:00.000,I 75,,,Not a Collision with Motor Vehicle,1,Rain,Wet,Dark-Lighted
2024-12-19T12:20:00.000,I 75,,,Rear End,2,Clear,Dry,Daylight
2024-04-19T10:26:00.000,I 85,,,Rear End,2,Cloudy,Dry,Daylight
2024-07-04T14:00:00.000,I 85,,,Head On,2,Clear,Dry,Dawn
2024-11-14T16:26:00.000,I 285,,,Sideswipe-Opposite Direction,2,Cloudy,Wet,Dark-Not Lighted
2024-01-09T13:24:00.000,I 20,,,Not a Collision with Motor Vehicle,1,Rain,Wet,Daylight
2024-05-28T17:05:00.000,I 85,,,Rear End,2,Clear,Dry,Daylight
2024-02-08T10:15:00.000,I 285,,,Sideswipe-Same Direction,3,Clear,Dry,Daylight
2024-01-02T14:33:00.000,I 20,,,Sideswipe-Same Direction,2,Clear,Dry,Daylight
2024-10-20T05:55:00.000,I-75,,,Sideswipe-Same Direction,2,Clear,Dry,Dawn
2024-06-04T18:40:00.000,I 285,,,Angle Crash,2,Clear,Dry,Daylight
2024-05-01T11:17:00.000,I 85,,,Sideswipe-Same Direction,2,Clear,Dry,Daylight
2024-11-19T20:30:00.000,I 20,,,Angle Crash,2,Rain,Wet,Dark-Not Lighted
2024-02-12T22:52:00.000,I 75,,,Not a Collision with Motor Vehicle,1,Cloudy,Wet,Dark-Not Lighted
2024-09-24T15:17:00.000,I 20,,,Not a Collision with Motor Vehicle,1,Clear,Dry,Daylight
2024-12-06T19:30:00.000,I 285,,,Sideswipe-Same Direction,2,Clear,Dry,Daylight
2024-08-07T18:15:00.000,I 75,,,Rear End,2,Clear,Dry,Daylight
2024-02-23T17:08:00.000,I 75,,,Rear End,2,Cloudy,Dry,Daylight
2024-02-29T09:02:00.000,I 85,,,Sideswipe-Same Direction,2,Cloudy,Dry,Daylight
2024-01-04T17:53:00.000,I 85,,,Rear End,2,Clear,Dry,Dark-Not Lighted
2024-10-25T12:23:00.000,I 285,,,Sideswipe-Same Direction,2,Clear,Dry,Daylight
2024-10-17T05:03:00.000,I 20,,,Sideswipe-Same Direction,2,Clear,Dry,Dark-Lighted
2024-10-23T07:16:00.000,I 20,,,Sideswipe-Same Direction,2,Clear,Dry,Daylight
2024-03-13T13:18:00.000,I 75,,,Sideswipe-Same Direction,2,Clear,Dry,Daylight
2024-05-04T14:32:00.000,I 16,,,Not a Collision with Motor Vehicle,1,Rain,Wet,Daylight
2024-02-28T13:41:00.000,I 75,,,Rear End,2,Cloudy,Dry,Daylight
2024-02-24T03:50:00.000,I 85,,,Rear End,2,Clear,Dry,Dark-Not Lighted
2024-06-08T14:30:00.000,I 285,,,Rear End,2,Clear,Dry,Daylight
2024-07-02T08:00:00.000,I 20,,,Rear End,3,Cloudy,Dry,Daylight
2024-08-15T16:23:00.000,I 75,,,Rear End,2,Clear,Dry,Daylight
2024-03-10T14:08:00.000,I 285,,,Rear End,2,Clear,Dry,Daylight
2024-05-30T06:37:00.000,I 75,,,Rear End,2,Clear,Dry,Daylight
2024-08-29T06:32:00.000,I 75,,,Rear End,2,Clear,Dry,Dark-Not Lighted
2024-04-03T13:32:00.000,I 20,,,Rear End,2,Clear,Dry,Daylight
2024-01-13T02:55:00.000,I 20,,,Not a Collision with Motor Vehicle,1,Clear,Dry,Dark-Lighted
2024-02-08T18:00:00.000,I 75,,,Rear End,2,Clear,Dry,Dark-Lighted
2024-08-18T13:21:00.000,I 75,,,Not a Collision with Motor Vehicle,1,Clear,Dry,Daylight
2024-03-09T17:05:00.000,I 285,,,Rear End,3,Cloudy,Dry,Daylight
2024-10-17T09:30:00.000,I 285,,,Rear End,2,Clear,Dry,Daylight
2024-04-04T09:50:00.000,I 85,,,Rear End,2,Clear,Dry,Daylight
2024-05-03T21:41:00.000,I 75,,,Rear End,2,Rain,Wet,Dark-Not Lighted
2024-08-15T11:39:00.000,I-75,,,Rear End,2,Cloudy,Dry,Daylight
2024-10-21T16:40:00.000,I 20,,,Rear End,2,Clear,Dry,Daylight
2024-05-05T15:54:00.000,I 75,,,Not a Collision with Motor Vehicle,1,Cloudy,Dry,Dawn
2024-05-31T17:13:00.000,I 75,,,Rear End,3,Clear,Dry,Daylight
2024-02-23T12:45:00.000,I 285,,,Rear End,2,Clear,Dry,Daylight
2024-02-14T14:16:00.000,I 16,,,Sideswipe-Same Direction,2,Clear,Dry,Daylight
2024-11-02T07:50:00.000,I 20,,,Rear End,2,Clear,Dry,Dark-Lighted
2024-04-29T16:45:00.000,I 85,,,Sideswipe-Same Direction,2,Clear,Dry,Daylight
2024-02-03T04:00:00.000,I-75,,,Rear End,4,Clear,Dry,Dark-Not Lighted
2024-02-08T17:31:00.000,I 285,,,Angle Crash,2,Clear,Dry,Daylight
2024-12-11T22:00:00.000,I 85,,,Rear End,2,Cloudy,Dry,Dark-Lighted
2024-04-24T09:28:00.000,I-75,,,Rear End,2,Clear,Dry,Daylight
2024-02-09T15:13:00.000,I 75,,,Rear End,2,Clear,Dry,Daylight
2024-04-18T12:12:00.000,I 285,,,Sideswipe-Same Direction,2,Clear,Dry,Daylight
2024-02-26T16:40:00.000,I 20,,,Rear End,2,Clear,Dry,Daylight
2024-08-18T20:11:00.000,I 285,,,Sideswipe-Same Direction,2,Rain,Wet,Daylight
2024-03-18T17:16:00.000,I 20,,,Angle Crash,2,Clear,Dry,Daylight
2024-08-10T00:45:00.000,I 85,,,Angle Crash,2,Clear,Dry,Dark-Lighted
2024-08-23T15:35:00.000,I 285,,,Rear End,2,Clear,Dry,Daylight
2024-11-11T17:48:00.000,I 85,,,Rear End,2,Clear,Dry,Dark-Not Lighted
2024-07-11T17:35:00.000,I 20,,,Rear End,2,Cloudy,Dry,Daylight
2024-10-26T12:13:00.000,I 85,,,Rear End,2,Clear,Dry,Daylight
2024-10-30T00:34:00.000,I 75,,,Not a Collision with Motor Vehicle,1,Cloudy,Dry,Dark-Not Lighted
2024-10-07T11:27:00.000,I 85,,,Sideswipe-Same Direction,2,Clear,Dry,Daylight
2024-05-13T06:00:00.000,I 85,,,Not a Collision with Motor Vehicle,1,Cloudy,Dry,Daylight
2024-05-31T09:50:00.000,I 85,,,Rear End,2,Clear,Dry,Daylight
2024-04-21T09:35:00.000,I 285,,,Not a Collision with Motor Vehicle,1,Rain,Wet,Daylight
2024-09-27T01:15:00.000,I 20,,,Rear End,2,Rain,Wet,Dark-Lighted
2024-01-28T21:11:00.000,I 285,,,Sideswipe-Same Direction,2,Clear,Dry,Dark-Lighted
2024-01-02T09:39:00.000,I 20,,,Not a Collision with Motor Vehicle,1,Clear,Dry,Daylight
2024-09-13T04:50:00.000,I 285,,,Rear End,2,Cloudy,Wet,Dark-Lighted
2024-09-25T18:45:00.000,I-75,,,Rear End,3,Rain,Wet,Dark-Not Lighted
2024-10-26T00:31:00.000,I 75,,,Sideswipe-Same Direction,2,Clear,Dry,Dark-Not Lighted
2024-11-24T18:31:00.000,I 75,,,Rear End,2,Clear,Dry,Dark-Lighted
2024-08-12T23:07:00.000,I 85,,,Sideswipe-Opposite Direction,2,Clear,Dry,Dark-Lighted
2024-01-20T17:28:00.000,I 16,,,Angle Crash,2,Clear,Dry,Daylight
2024-05-26T05:57:00.000,I 95,,,Not a Collision with Motor Vehicle,1,Clear,Dry,Dawn
2024-02-10T02:03:00.000,I-75,,,Rear End,3,Clear,Dry,Dark-Lighted
2024-08-27T07:46:00.000,I 75,,,Rear End,2,Clear,Dry,Daylight