Date and Time,Roadway (From Crash Report),Intersection Name (from Crash Report),KABCO Severity,Manner of Collision (Crash Level) ,# of Vehicles per crash ,Weather Conditions (Crash Level),Surface Condition (Crash Level) ,Light Conditions (Crash Level)
2024-07-31T17:35:00.000,I 16,,,Not a Collision with Motor Vehicle,1,Rain,Wet,Daylight
2024-06-17T07:35:00.000,I 85,,,Rear End,2,Clear,Dry,Daylight
2024-01-13T15:00:00.000,I 85,,,Sideswipe-Same Direction,5,Clear,Dry,Daylight
2024-07-29T02:10:00.000,I 285,,,Sideswipe-Same Direction,2,Clear,Wet,Dark-Not Lighted
2024-08-05T11:25:00.000,I 75,,,Sideswipe-Same Direction,3,Cloudy,Dry,Daylight
2024-02-23T06:35:00.000,I 75,,,Sideswipe-Same Direction,2,Cloudy,Wet,Daylight
2024-12-21T13:45:00.000,I 285,,,Rear End,2,Clear,Dry,Daylight
2024-12-07T14:06:00.000,I 75,,,Rear End,2,Clear,Dry,Daylight
2024-02-16T23:51:00.000,I 20,,,Not a Collision with Motor Vehicle,1,Clear,Dry,Dark-Not Lighted
2024-01-30T06:30:00.000,I 285,,,Sideswipe-Same Direction,2,Clear,Dry,Dawn
2024-03-17T11:50:00.000,I 20,,,Sideswipe-Same Direction,1,Clear,Dry,Dark-Not Lighted
2024-02-10T19:00:00.000,I 20,,,Not a Collision with Motor Vehicle,1,Clear,Dry,Dark-Lighted
2024-10-23T09:21:00.000,I-75,,,Rear End,2,Clear,Dry,Daylight
2024-01-25T10:59:00.000,I 75,,,Rear End,2,Cloudy,Wet,Daylight
2024-03-05T19:46:00.000,I 75,,,Not a Collision with Motor Vehicle,1,Rain,Wet,Dark-Lighted
2024-02-25T01:01:00.000,I 20,,,Not a Collision with Motor Vehicle,1,Clear,Dry,Dark-Lighted
2024-02-02T19:40:00.000,I 75,,,Not a Collision with Motor Vehicle,2,Clear,Dry,Dark-Not Lighted
2024-11-26T17:25:00.000,I 75,,,Angle Crash,2,Clear,Dry,Dusk
2024-08-05T16:10:00.000,I 75,,,Not a Collision with Motor Vehicle,1,Cloudy,Wet,Daylight
2024-05-31T06:48:00.000,I 75,,,Sideswipe-Same Direction,2,Clear,Dry,Daylight
2024-09-13T19:55:00.000,I 95,,,Rear End,2,Cloudy,Wet,Dark-Not Lighted
2024-03-21T08:32:00.000,I 85,,,Rear End,2,Clear,Dry,Daylight
2024-10-20T12:19:00.000,I 85,,,Rear End,2,Clear,Dry,Daylight
2024-12-15T11:24:00.000,I 85,,,Rear End,3,Rain,Wet,Daylight
2024-11-16T19:26:00.000,I 285,,,Sideswipe-Same Direction,2,Clear,Dry,Daylight
2024-07-25T09:00:00.000,I 85,,,Not a Collision with Motor Vehicle,3,Rain,Wet,Dark-Lighted
2024-04-15T14:10:00.000,I 85,,,Sideswipe-Same Direction,3,Clear,Dry,Daylight
2024-10-21T17:21:00.000,I 285,,,Sideswipe-Same Direction,2,Clear,Dry,Daylight
2024-06-17T16:39:00.000,I 285,,,Rear End,2,Clear,Dry,Daylight
2024-10-17T20:18:00.000,I 16,,,Not a Collision with Motor Vehicle,1,Clear,Dry,Dark-Not Lighted
2024-02-08T01:26:00.000,I 85,,,Not a Collision with Motor Vehicle,1,Clear,Dry,Dark-Lighted
2024-12-11T05:15:00.000,I 75,,,Not a Collision with Motor Vehicle,1,Rain,Wet,Dark-Not Lighted
2024-05-21T18:56:00.000,I 85,,,Rear End,2,Clear,Dry,Daylight
2024-02-25T13:50:00.000,I-75,,,Rear End,2,Clear,Dry,Daylight
2024-03-04T10:45:00.000,I 85,,,Rear End,2,Cloudy,Dry,Daylight
2024-04-21T15:30:00.000,I 85,,,Sideswipe-Same Direction,2,Cloudy,Dry,Daylight
2024-03-03T00:28:00.000,I-75,,,Not a Collision with Motor Vehicle,1,Fog,Wet,Dark-Lighted
2024-12-07T12:23:00.000,I 75,,,Sideswipe-Same Direction,2,Clear,Dry,Daylight
2024-07-29T10:47:00.000,I 75,,,Not a Collision with Motor Vehicle,1,Cloudy,Dry,Daylight
2024-11-28T11:08:00.000,I 16,,,Not a Collision with Motor Vehicle,1,Cloudy,Wet,Daylight
2024-01-20T07:26:00.000,I 75,,,Sideswipe-Same Direction,2,Clear,Dry,Dark-Not Lighted
2024-11-07T12:50:00.000,I 16,,,Sideswipe-Same Direction,2,Rain,Wet,Daylight
2024-03-15T15:37:00.000,I 20,,,Rear End,2,Clear,Dry,Daylight
2024-01-12T14:59:00.000,I 20,,,Not a Collision with Motor Vehicle,1,Rain,Wet,Daylight
2024-09-20T12:46:00.000,I 285,,,Rear End,2,Clear,Dry,Daylight
2024-03-20T07:29:00.000,I 95,,,Sideswipe-Same Direction,2,Clear,Dry,Daylight
2024-03-15T16:59:00.000,I 285,,,Rear End,2,Cloudy,Dry,Daylight
2024-08-13T07:12:00.000,I 75,,,Sideswipe-Same Direction,2,Clear,Dry,Daylight
2024-09-25T07:13:00.000,I 85,,,Rear End,2,Cloudy,Dry,Daylight
2024-03-08T14:30:00.000,I 85,,,Sideswipe-Same Direction,2,Cloudy,Dry,Daylight
2024-08-10T17:07:00.000,I-75,,,Rear End,2,Clear,Dry,Daylight
2024-02-26T14:08:00.000,I 20,,,Sideswipe-Same Direction,2,Clear,Dry,Daylight
2024-02-20T16:54:00.000,I 20,,,Rear End,2,Clear,Dry,Daylight
2024-07-26T16:40:00.000,I 285,,,Sideswipe-Same Direction,2,Clear,Dry,Daylight
2024-08-19T07:50:00.000,I 16,,,Not a Collision with Motor Vehicle,1,Clear,Dry,Daylight
2024-06-09T11:49:00.000,I 85,,,Sideswipe-Same Direction,2,Cloudy,Dry,Daylight
2024-06-09T00:30:00.000,I-75,,,Angle Crash,2,Clear,Dry,Dark-Lighted
2024-08-23T14:42:00.000,I 85,,,Sideswipe-Same Direction,2,Clear,Dry,Daylight
2024-06-26T18:41:00.000,I 75,,,Sideswipe-Same Direction,3,Clear,Dry,Daylight
2024-06-29T19:30:00.000,I-75,,,Angle Crash,2,Clear,Dry,Daylight
2024-12-10T12:33:00.000,I 285,,,Rear End,2,Rain,Wet,Daylight
2024-03-20T11:33:00.000,I 75,,,Rear End,2,Clear,Dry,Daylight
2024-01-06T02:41:00.000,I-75,,,Not a Collision with Motor Vehicle,1,Rain,Wet,Dark-Not Lighted
2024-12-12T19:07:00.000,I 20,,,Angle Crash,2,Clear,Dry,Dark-Lighted
2024-10-06T00:00:00.000,I 285,,,Rear End,3,Clear,Dry,Dark-Lighted
2024-07-19T03:36:00.000,I 16,,,Not a Collision with Motor Vehicle,2,Clear,Dry,Dark-Not Lighted
2024-06-09T15:20:00.000,I 75,,,Rear End,3,Clear,Dry,Daylight
2024-05-06T15:06:00.000,I 75,,,Sideswipe-Same Direction,2,Clear,Dry,Daylight
2024-02-02T06:49:00.000,I 75,,,Rear End,2,Clear,Dry,Dark-Not Lighted
2024-03-16T03:54:00.000,I 75,,,Not a Collision with Motor Vehicle,1,Cloudy,Wet,Dark-Not Lighted
2024-08-18T17:35:00.000,I 20,,,Not a Collision with Motor Vehicle,1,Cloudy,Wet,Daylight
2024-10-20T11:53:00.000,I-75,,,Not a Collision with Motor Vehicle,1,Clear,Dry,Dark-Lighted
2024-09-05T16:45:00.000,I 85,,,Rear End,2,Clear,Dry,Daylight
2024-08-10T16:40:00.000,I 285,,,Rear End,2,Clear,Dry,Daylight
2024-08-09T20:49:00.000,I 20,,,Rear End,2,Clear,Dry,Dark-Lighted
2024-10-03T18:33:00.000,I 285,,,Rear End,2,Clear,Dry,Dark-Not Lighted
2024-01-24T09:41:00.000,I 85,,,Rear End,2,Rain,Wet,Daylight
2024-07-07T14:21:00.000,I 16,,,Sideswipe-Same Direction,2,Cloudy,Dry,Daylight
2024-03-21T12:33:00.000,I 75,,,Rear End,2,Clear,Dry,Daylight
2024-12-14T13:00:00.000,I 285,,,Rear End,3,Cloudy,Dry,Daylight
2024-03-23T16:35:00.000,I 95,,,Not a Collision with Motor Vehicle,1,Rain,Wet,Daylight
2024-03-01T21:45:00.000,I 75,,,Sideswipe-Same Direction,2,Rain,Wet,Dark-Not Lighted
2024-09-06T07:30:00.000,I 85,,,Rear End,2,Cloudy,Dry,Daylight
2024-01-11T10:45:00.000,Sr 140,,,Not a Collision with Motor Vehicle,1,Clear,Dry,Daylight
2024-08-17T17:00:00.000,I 20,,,Rear End,2,Clear,Dry,Daylight
2024-12-16T17:00:00.000,I 75,,,Not a Collision with Motor Vehicle,1,Cloudy,Wet,Daylight
2024-08-15T07:15:00.000,I 85,,,Not a Collision with Motor Vehicle,2,Clear,Dry,Daylight
2024-01-31T09:41:00.000,I 16,,,Rear End,2,Clear,Dry,Daylight
2024-02-25T14:33:00.000,I 75,,,Rear End,3,Clear,Dry,Daylight
2024-08-19T22:00:00.000,I 85,,,Sideswipe-Same Direction,2,Clear,Dry,Dark-Not Lighted
2024-02-01T17:19:00.000,I 75,,,Sideswipe-Same Direction,2,Clear,Dry,Daylight
2024-05-06T08:30:00.000,I 75,,,Rear End,2,Clear,Dry,Daylight
2024-06-01T10:02:00.000,I 20,,,Rear End,3,Clear,Dry,Daylight
2024-11-12T08:14:00.000,I 85,,,Sideswipe-Same Direction,2,Clear,Dry,Daylight
2024-01-09T06:06:00.000,I 75,,,Rear End,2,Rain,Wet,Dark-Not Lighted
2024-01-06T23:55:00.000,I 20,,,Not a Collision with Motor Vehicle,1,Clear,Dry,Dark-Not Lighted
2024-02-08T13:50:00.000,I 16,,,Not a Collision with Motor Vehicle,1,Clear,Dry,Daylight
2024-02-03T10:43:00.000,I 75,,,Sideswipe-Same Direction,3,Clear,Dry,Daylight
2024-11-03T02:30:00.000,I 85,,,Rear End,2,Cloudy,Dry,Dark-Not Lighted
2024-08-12T02:30:00.000,I 285,,,Angle Crash,3,Clear,Dry,Dark-Not Lighted
2024-01-17T17:22:00.000,I 85,,,Sideswipe-Same Direction,2,Clear,Dry,Daylight
2024-06-28T10:39:00.000,I 285,,,Sideswipe-Same Direction,2,Cloudy,Dry,Daylight
2024-05-24T22:21:00.000,I 95,,,Rear End,2,Cloudy,Dry,Dark-Not Lighted
2024-01-31T13:02:00.000,I 75,,,Not a Collision with Motor Vehicle,2,Clear,Dry,Daylight
2024-01-11T11:30:00.000,I 75,,,(None),2,(None),(None),(None)
2024-12-10T09:43:00.000,I 20,,,Sideswipe-Same Direction,2,Rain,Wet,Daylight
2024-03-23T12:30:00.000,I 285,,,Rear End,4,Clear,Dry,Daylight
2024-06-07T14:51:00.000,I 85,,,Sideswipe-Same Direction,2,Clear,Dry,Daylight
2024-04-20T09:58:00.000,I 16,,,Sideswipe-Same Direction,2,Clear,Dry,Daylight
2024-04-06T15:08:00.000,I 285,,,Rear End,2,Clear,Dry,Daylight
2024-03-30T19:05:00.000,I 20,,,(None),3,(None),(None),(None)
2024-06-28T20:30:00.000,I 85,,,Sideswipe-Same Direction,2,Clear,Dry,Daylight
2024-04-30T16:50:00.000,I 75,,,Rear End,2,Clear,Dry,Daylight
2024-07-06T18:43:00.000,I 20,,,Angle Crash,2,Rain,Wet,Daylight
2024-03-01T15:02:00.000,I 75,,,Rear End,2,Cloudy,Dry,Daylight
2024-11-13T07:31:00.000,I 75,,,Not a Collision with Motor Vehicle,1,Clear,Dry,Daylight
2024-10-25T14:20:00.000,I 285,,,Rear End,2,Clear,Dry,Daylight
2024-05-29T20:10:00.000,I-75,,,Angle Crash,2,Clear,Dry,Dark-Lighted
2024-05-06T13:30:00.000,I 75,,,Rear End,2,Clear,Dry,Daylight
2024-10-27T03:19:00.000,I 85,,,Not a Collision with Motor Vehicle,1,Clear,Dry,Dark-Not Lighted
2024-06-25T11:15:00.000,I 285,,,Not a Collision with Motor Vehicle,1,Clear,Dry,Daylight
2024-08-01T09:01:00.000,I 75,,,Angle Crash,3,Clear,Dry,Daylight
2024-11-07T13:29:00.000,I 85,,,Sideswipe-Same Direction,2,Clear,Dry,Daylight
2024-09-21T10:00:00.000,I 20,,,Rear End,2,Clear,Dry,Daylight
2024-07-20T15:20:00.000,I 16,,,Not a Collision with Motor Vehicle,1,Rain,Wet,Daylight
2024-07-24T20:42:00.000,I 85,,,Rear End,2,Rain,Water (standing or moving),Dark-Lighted
2024-05-12T12:47:00.000,I 85,,,Sideswipe-Same Direction,2,Clear,Dry,Dark-Not Lighted
2024-11-14T21:27:00.000,I-75,,,Sideswipe-Same Direction,2,Cloudy,Dry,Dark-Not Lighted
2024-06-07T17:45:00.000,I 85,,,Rear End,2,Clear,Dry,Daylight
2024-06-23T12:00:00.000,I 75,,,Sideswipe-Same Direction,2,Clear,Dry,Dark-Not Lighted
2024-01-16T07:10:00.000,Sr 140,,,Rear End,2,Cloudy,Wet,Dark-Not Lighted
2024-04-04T07:25:00.000,I 75,,,Rear End,2,Cloudy,Dry,Daylight
2024-01-29T11:17:00.000,I 75,,,Rear End,2,Clear,Dry,Daylight
2024-08-07T19:50:00.000,I 20,,,Sideswipe-Same Direction,2,Clear,Dry,Daylight
2024-02-06T13:50:00.000,I 285,,,Rear End,2,Clear,Dry,Daylight
2024-12-13T12:56:00.000,I 75,,,Sideswipe-Same Direction,2,Clear,Dry,Daylight
2024-03-22T22:37:00.000,I 75,,,Rear End,3,Clear,Dry,Dark-Not Lighted
2024-09-26T11:16:00.000,I 16,,,Not a Collision with Motor Vehicle,1,Severe Thunderstorm or Tornadic,Water (standing or moving),Daylight
2024-06-28T13:24:00.000,I 20,,,Rear End,3,Clear,Dry,Daylight
2024-09-12T18:00:00.000,I 285,,,Rear End,2,Rain,Wet,Daylight
2024-03-28T08:55:00.000,I 85,,,Sideswipe-Same Direction,3,Clear,Dry,Daylight
2024-12-15T04:07:00.000,I 75,,,Sideswipe-Same Direction,2,Clear,Dry,Dark-Not Lighted
2024-09-15T07:10:00.000,I 75,,,Not a Collision with Motor Vehicle,1,Clear,Dry,Daylight
2024-08-15T19:57:00.000,I 75,,,Sideswipe-Same Direction,2,Clear,Dry,Daylight
2024-12-30T14:31:00.000,I 20,,,Rear End,5,Cloudy,Dry,Daylight
2024-05-05T01:56:00.000,I 285,,,Angle Crash,2,Rain,Wet,Dark-Not Lighted
2024-01-16T18:57:00.000,I 85,,,Rear End,2,Clear,Dry,Daylight
2024-10-08T18:45:00.000,I 20,,,Sideswipe-Opposite Direction,2,Clear,Dry,Daylight
2024-08-19T05:08:00.000,I 75,,,Angle Crash,2,Clear,Dry,Dark-Lighted
2024-12-08T07:09:00.000,I 285,,,Not a Collision with Motor Vehicle,1,Clear,Dry,Dawn
2024-10-20T00:00:00.000,I 285,,,Angle Crash,2,Clear,Dry,Daylight
2024-02-17T11:23:00.000,I 285,,,Rear End,3,Clear,Dry,Daylight
2024-02-22T06:55:00.000,I 285,,,Sideswipe-Same Direction,2,Clear,Dry,Daylight
2024-06-03T12:55:00.000,I 20,,,Not a Collision with Motor Vehicle,2,Clear,Dry,Daylight
2024-08-22T15:32:00.000,I 85,,,Sideswipe-Same Direction,2,Clear,Dry,Daylight
2024-09-28T00:07:00.000,I 16,,,Not a Collision with Motor Vehicle,1,Clear,Dry,Dark-Not Lighted
2024-01-23T08:53:00.000,I 85,,,Sideswipe-Same Direction,2,Cloudy,Wet,Daylight
2024-07-23T17:09:00.000,I 285,,,Rear End,2,Clear,Dry,Daylight
2024-10-24T06:45:00.000,I 285,,,Angle Crash,2,Clear,Dry,Dark-Not Lighted
2024-04-27T15:01:00.000,I 285,,,Rear End,2,Cloudy,Dry,Daylight
2024-08-30T17:20:00.000,I 20,,,Sideswipe-Same Direction,2,Clear,Dry,Daylight
2024-01-01T04:40:00.000,I-75,,,Angle Crash,2,Clear,Dry,Dark-Not Lighted
2024-06-30T15:00:00.000,I 85,,,Not a Collision with Motor Vehicle,1,Clear,Dry,Daylight
2024-06-13T09:30:00.000,I 285,,,Sideswipe-Same Direction,2,Clear,Dry,Daylight
2024-03-01T17:30:00.000,I-75,,,Sideswipe-Same Direction,2,Rain,Wet,Daylight
2024-08-10T07:10:00.000,I 285,,,Sideswipe-Same Direction,2,Clear,Dry,Daylight
2024-05-22T08:04:00.000,I 285,,,Rear End,2,Clear,Dry,Daylight
2024-01-10T08:41:00.000,I 85,,,Rear End,2,Clear,Dry,Daylight
2024-08-26T12:45:00.000,I-75,,,Sideswipe-Same Direction,2,Clear,Dry,Daylight
2024-01-21T18:19:00.000,I 16,,,Sideswipe-Same Direction,2,Clear,Dry,Dark-Not Lighted
2024-11-18T21:37:00.000,I 285,,,Sideswipe-Same Direction,2,Clear,Dry,Dark-Lighted
2024-11-29T13:55:00.000,I 85,,,Rear End,2,Clear,Dry,Daylight
2024-02-07T08:28:00.000,I 75,,,Rear End,3,Clear,Dry,Daylight
2024-10-21T23:35:00.000,I 20,,,Not a Collision with Motor Vehicle,1,Clear,Dry,Dark-Not Lighted
2024-10-11T17:00:00.000,I 285,,,Rear End,2,Clear,Dry,Daylight
2024-03-18T10:00:00.000,I 285,,,Sideswipe-Same Direction,2,Clear,Dry,Daylight
2024-12-04T09:35:00.000,I 285,,,Sideswipe-Same Direction,2,Clear,Dry,Daylight
2024-09-12T04:21:00.000,I 20,,,Rear End,2,Rain,Wet,Dark-Not Lighted
2024-05-01T12:16:00.000,I 75,,,Angle Crash,2,Clear,Dry,Dark-Lighted
2024-08-21T17:00:00.000,I 285,,,Sideswipe-Same Direction,2,Clear,Dry,Daylight
2024-06-08T20:50:00.000,I 16,,,(None),1,(None),(None),(None)
2024-01-19T14:46:00.000,I 75,,,Sideswipe-Same Direction,2,Clear,Dry,Daylight
2024-07-10T22:35:00.000,I-75,,,Rear End,2,Clear,Dry,Dark-Lighted
2024-01-29T13:12:00.000,I 285,,,Not a Collision with Motor Vehicle,2,Clear,Dry,Daylight
2024-04-24T13:56:00.000,I 75,,,Not a Collision with Motor Vehicle,1,Clear,Dry,Daylight
2024-06-16T17:24:00.000,I 75,,,Sideswipe-Same Direction,2,Clear,Dry,Daylight
2024-01-15T17:31:00.000,I 75,,,Not a Collision with Motor Vehicle,1,Clear,Dry,Dusk
2024-02-24T15:26:00.000,I 20,,,Rear End,4,Clear,Dry,Daylight
2024-04-21T11:02:00.000,I 85,,,Angle Crash,2,Rain,Wet,Daylight
2024-05-05T18:03:00.000,I 285,,,Rear End,2,Clear,Wet,Dark-Lighted
2024-06-06T10:50:00.000,I 285,,,Sideswipe-Same Direction,3,Cloudy,Dry,Daylight
2024-03-02T19:12:00.000,I 95,,,Rear End,2,Rain,Wet,Dark-Lighted
2024-08-22T17:00:00.000,I 285,,,Rear End,2,Clear,Dry,Daylight
2024-06-15T17:22:00.000,I 85,,,Sideswipe-Same Direction,2,Clear,Dry,Daylight
2024-05-22T15:16:00.000,I 285,,,Sideswipe-Same Direction,2,Clear,Dry,Daylight
2024-03-04T12:20:00.000,I 16,,,(None),2,(None),(None),(None)
2024-11-15T19:00:00.000,I 75,,,Sideswipe-Same Direction,2,Cloudy,Dry,Dark-Lighted
2024-07-16T17:52:00.000,I 85,,,Sideswipe-Same Direction,2,Clear,Dry,Daylight
2024-11-26T16:14:00.000,I 85,,,Angle Crash,2,Clear,Dry,Daylight
2024-03-23T10:34:00.000,I 75,,,(None),2,(None),(None),(None)
2024-12-05T11:00:00.000,I 285,,,Sideswipe-Same Direction,2,Clear,Dry,Daylight
2024-09-12T07:28:00.000,I 285,,,Sideswipe-Same Direction,2,Cloudy,Wet,Daylight
2024-07-18T16:15:00.000,I 20,,,Rear End,2,Rain,Dry,Daylight
2024-10-28T00:14:00.000,I 285,,,Angle Crash,3,Clear,Dry,Dark-Lighted
2024-03-06T13:40:00.000,I 20,,,Angle Crash,2,Clear,Wet,Daylight
2024-06-12T06:30:00.000,I 285,,,Sideswipe-Same Direction,2,Clear,Dry,Daylight
2024-10-23T17:17:00.000,I 75,,,Rear End,2,Clear,Dry,Daylight
2024-02-24T11:25:00.000,I 16,,,Rear End,2,Clear,Dry,Daylight
2024-08-05T15:18:00.000,I 285,,,Rear End,2,Clear,Dry,Daylight
2024-01-06T04:40:00.000,I 85,,,Rear End,2,Rain,Wet,Dark-Lighted
2024-04-22T06:24:00.000,I 85,,,Sideswipe-Same Direction,2,Clear,Dry,Dark-Not Lighted
2024-06-06T22:46:00.000,I 85,,,Sideswipe-Same Direction,2,Cloudy,Dry,Dark-Lighted
2024-05-21T06:51:00.000,I 285,,,Rear End,4,Clear,Dry,Daylight
2024-03-13T09:45:00.000,I 16,,,Rear End,2,Clear,Dry,Daylight
2024-07-15T11:11:00.000,I 20,,,Rear End,3,Clear,Dry,Daylight
2024-11-10T02:45:00.000,I 20,,,Not a Collision with Motor Vehicle,1,Clear,Dry,Dark-Not Lighted
2024-10-24T16:48:00.000,I 85,,,Rear End,2,Clear,Dry,Daylight
2024-05-20T17:37:00.000,I 285,,,Sideswipe-Same Direction,2,Clear,Dry,Daylight
2024-02-22T08:52:00.000,I 75,,,Rear End,2,Clear,Dry,Daylight
2024-07-05T12:00:00.000,I 85,,,Sideswipe-Same Direction,2,Clear,Dry,Daylight
2024-01-22T16:32:00.000,I 85,,,Rear End,2,Clear,Dry,Daylight
2024-10-22T09:12:00.000,I 16,,,Rear End,2,Clear,Dry,Daylight
2024-09-17T09:05:00.000,I 85,,,Rear End,2,Clear,Dry,Daylight
2024-04-03T17:47:00.000,I 20,,,Sideswipe-Same Direction,2,Clear,Dry,Daylight
2024-05-24T18:33:00.000,I 75,,,Sideswipe-Same Direction,2,Clear,Dry,Daylight
2024-01-24T07:09:00.000,I 85,,,Rear End,2,Rain,Wet,Daylight
2024-03-08T07:30:00.000,I 85,,,Rear End,2,Clear,Dry,Daylight
2024-04-03T06:22:00.000,I 16,,,Sideswipe-Same Direction,2,Clear,Dry,Dark-Not Lighted
2024-04-27T22:30:00.000,I-75,,,Rear End,2,Clear,Dry,Dusk
2024-07-28T17:23:00.000,I 75,,,Rear End,3,Cloudy,Wet,Daylight
2024-11-04T20:23:00.000,I 75,,,Rear End,2,Clear,Dry,Dark-Lighted
2024-08-29T21:34:00.000,I 75,,,Rear End,2,Clear,Wet,Dark-Lighted
2024-09-11T23:30:00.000,I 20,,,Sideswipe-Same Direction,2,Rain,Wet,Dark-Not Lighted
2024-07-27T00:20:00.000,I 285,,,Sideswipe-Same Direction,2,Clear,Wet,Dark-Not Lighted
2024-03-08T19:54:00.000,I 85,,,Not a Collision with Motor Vehicle,1,Rain,Wet,Dark-Lighted
2024-08-20T14:43:00.000,I 20,,,Sideswipe-Same Direction,2,Clear,Dry,Daylight
2024-01-06T23:40:00.000,I 20,,,Angle Crash,2,Clear,Dry,Dark-Lighted
2024-11-28T21:26:00.000,I-75,,,Rear End,2,Clear,Dry,Dark-Lighted
2024-06-01T15:00:00.000,I 285,,,Angle Crash,2,Clear,Dry,Daylight
2024-02-24T17:42:00.000,I 20,,,Rear End,2,Clear,Dry,Daylight
2024-06-14T15:59:00.000,I 75,,,Sideswipe-Same Direction,2,Clear,Dry,Daylight
2024-08-09T15:30:00.000,I 16,,,Not a Collision with Motor Vehicle,3,Clear,Dry,Daylight
2024-11-22T09:28:00.000,I 16,,,Angle Crash,2,Clear,Dry,Daylight
2024-12-01T09:32:00.000,I 75,,,Rear End,2,Clear,Dry,Daylight
2024-12-06T15:12:00.000,I 20,,,Not a Collision with Motor Vehicle,1,Clear,Dry,Daylight
2024-11-08T13:37:00.000,I 16,,,Not a Collision with Motor Vehicle,1,Rain,Wet,Daylight
2024-05-09T09:27:00.000,I 75,,,Rear End,2,Rain,Wet,Daylight
2024-04-12T22:33:00.000,I-75,,,Sideswipe-Same Direction,2,Clear,Dry,Dark-Lighted
2024-01-22T19:10:00.000,I 75,,,Rear End,2,Clear,Dry,Dark-Lighted
2024-12-07T21:50:00.000,I 75,,,Rear End,2,Clear,Dry,Dark-Not Lighted
2024-01-07T18:50:00.000,I 285,,,Rear End,2,Clear,Dry,Dark-Lighted
2024-12-03T09:39:00.000,I 20,,,Sideswipe-Same Direction,2,Clear,Dry,Daylight
2024-04-10T23:45:00.000,I 16,,,Not a Collision with Motor Vehicle,1,Rain,Wet,Dark-Not Lighted
2024-02-27T04:50:00.000,I 16,,,Not a Collision with Motor Vehicle,1,Clear,Dry,Dark-Not Lighted
2024-05-28T13:00:00.000,I 75,,,Not a Collision with Motor Vehicle,1,Cloudy,Dry,Daylight
2024-03-11T16:44:00.000,I 85,,,Rear End,3,Clear,Dry,Daylight
2024-04-03T15:58:00.000,I 285,,,Rear End,2,Clear,Dry,Daylight
2024-11-02T00:02:00.000,I 85,,,Angle Crash,2,Clear,Dry,Dark-Not Lighted
2024-05-08T03:42:00.000,I 16,,,Not a Collision with Motor Vehicle,1,Clear,Dry,Dark-Not Lighted
2024-04-25T18:34:00.000,I 95,,,Rear End,2,Clear,Dry,Daylight
2024-03-08T17:35:00.000,I 20,,,Sideswipe-Opposite Direction,2,Clear,Dry,Daylight
2024-09-10T15:50:00.000,I 85,,,Sideswipe-Same Direction,2,Clear,Dry,Daylight
2024-06-01T18:13:00.000,I 285,,,Rear End,2,Clear,Dry,Daylight
2024-11-16T23:06:00.000,I-75,,,Rear End,2,Clear,Dry,Dark-Lighted
2024-09-27T08:44:00.000,I 75,,,Sideswipe-Same Direction,2,Rain,Wet,Daylight
2024-11-02T13:30:00.000,I-75,,,Rear End,2,Clear,Dry,Daylight
2024-12-20T18:15:00.000,I 75,,,Sideswipe-Same Direction,2,Clear,Dry,Dark-Not Lighted
2024-09-21T15:05:00.000,I 16,,,Rear End,2,Clear,Dry,Daylight
2024-11-30T14:00:00.000,I 285,,,Rear End,3,Clear,Dry,Daylight
2024-03-17T00:01:00.000,I 95,,,Rear End,2,Clear,Dry,Dark-Lighted
2024-12-18T00:00:00.000,I 75,,,Sideswipe-Same Direction,2,Clear,Dry,Dark-Not Lighted
2024-06-30T18:40:00.000,I 75,,,Not a Collision with Motor Vehicle,1,Cloudy,Dry,Daylight
2024-11-01T04:15:00.000,I 285,,,Not a Collision with Motor Vehicle,1,Clear,Dry,Dark-Not Lighted
2024-03-23T03:00:00.000,I-75,,,Not a Collision with Motor Vehicle,1,Rain,Wet,Dark-Lighted
2024-01-09T13:23:00.000,I 16,,,Sideswipe-Same Direction,2,Rain,Wet,Daylight
2024-03-10T11:28:00.000,I 16,,,Not a Collision with Motor Vehicle,1,Clear,Dry,Daylight
2024-01-31T17:36:00.000,I 75,,,Rear End,2,Clear,Dry,Daylight
2024-07-09T00:00:00.000,I 285,,,Sideswipe-Same Direction,2,Cloudy,Dry,Daylight
2024-07-21T15:37:00.000,I 75,,,Rear End,2,Clear,Dry,Daylight
2024-03-02T13:21:00.000,I 75,,,Rear End,3,Clear,Dry,Daylight
2024-11-10T18:34:00.000,I 75,,,Not a Collision with Motor Vehicle,1,Cloudy,Dry,Dark-Not Lighted
2024-01-22T08:58:00.000,I 16,,,Sideswipe-Same Direction,2,Clear,Dry,Daylight
2024-02-21T06:35:00.000,I 285,,,Rear End,2,Cloudy,Dry,Daylight
2024-02-22T11:57:00.000,I 75,,,Not a Collision with Motor Vehicle,1,Clear,Dry,Daylight
2024-09-06T15:55:00.000,I 85,,,Rear End,2,Rain,Dry,Daylight
2024-02-12T07:54:00.000,I 16,,,Angle Crash,3,Rain,Water (standing or moving),Dusk
2024-09-18T18:41:00.000,I 75,,,Sideswipe-Same Direction,4,Clear,Dry,Daylight
2024-04-03T22:16:00.000,I 285,,,Sideswipe-Same Direction,2,Clear,Dry,Dark-Not Lighted
2024-02-01T22:57:00.000,I 285,,,Rear End,3,Clear,Dry,Dark-Lighted
2024-09-20T09:10:00.000,I 75,,,Sideswipe-Same Direction,2,Clear,Dry,Daylight
2024-08-01T18:08:00.000,I 85,,,Sideswipe-Same Direction,2,Clear,Dry,Daylight