Date and Time,Roadway (From Crash Report),Intersection Name (from Crash Report),KABCO Severity,Manner of Collision (Crash Level) ,# of Vehicles per crash ,Weather Conditions (Crash Level),Surface Condition (Crash Level) ,Light Conditions (Crash Level)
2024-02-12T21:32:00.000,I 285,,,Sideswipe-Same Direction,2,Rain,Wet,Dark-Lighted
2024-03-08T12:14:00.000,I 16,,,Not a Collision with Motor Vehicle,1,Clear,Dry,Daylight
2024-06-26T18:20:00.000,I-75,,,Rear End,2,Clear,Dry,Dark-Lighted
2024-01-27T09:02:00.000,I 75,,,Sideswipe-Same Direction,2,Cloudy,Wet,Daylight
2024-09-12T08:39:00.000,I 16,,,Sideswipe-Same Direction,2,Clear,Dry,Daylight
2024-11-14T16:39:00.000,I 20,,,Angle Crash,2,Cloudy,Wet,Dusk
2024-02-26T10:03:00.000,I-75,,,Not a Collision with Motor Vehicle,2,Clear,Dry,Daylight
2024-12-13T08:45:00.000,I 16,,,Angle Crash,2,Clear,Dry,Daylight
2024-08-12T09:15:00.000,I 75,,,Sideswipe-Same Direction,2,Clear,Dry,Daylight
2024-11-20T02:44:00.000,I-75,,,Rear End,2,Rain,Water (standing or moving),Dark-Not Lighted
2024-03-06T04:54:00.000,I 75,,,Angle Crash,2,Rain,Wet,Dark-Not Lighted
2024-11-22T21:44:00.000,I 285,,,Sideswipe-Same Direction,2,Clear,Dry,Dark-Not Lighted
2024-08-18T15:41:00.000,I 75,,,Rear End,2,Clear,Dry,Daylight
2024-04-24T20:45:00.000,I 85,,,Rear End,2,Cloudy,Dry,Dark-Lighted
2024-01-15T20:02:00.000,I 95,,,Sideswipe-Same Direction,2,Clear,Dry,Dark-Lighted
2024-03-15T20:04:00.000,I-75,,,Rear End,2,Clear,Dry,Dark-Lighted
2024-08-21T09:10:00.000,I 85,,,Sideswipe-Same Direction,2,Cloudy,Dry,Daylight
2024-08-19T06:08:00.000,I-75,,,Not a Collision with Motor Vehicle,3,Clear,Dry,Daylight
2024-10-22T18:16:00.000,I 95,,,Rear End,2,Clear,Dry,Daylight
2024-11-24T17:05:00.000,I 75,,,Rear End,2,Clear,Dry,Daylight
2024-08-29T05:30:00.000,I-75,,,Not a Collision with Motor Vehicle,1,Clear,Dry,Dawn
2024-01-13T17:00:00.000,I 85,,,Rear End,3,Clear,Dry,Daylight
2024-03-13T07:15:00.000,I 285,,,Rear End,2,Clear,Dry,Daylight
2024-10-06T07:00:00.000,I 85,,,Not a Collision with Motor Vehicle,1,Clear,Dry,Daylight
2024-09-12T17:58:00.000,I 285,,,Rear End,2,Cloudy,Dry,Daylight
2024-03-02T02:02:00.000,I 75,,,Not a Collision with Motor Vehicle,1,Clear,Dry,Dark-Not Lighted
2024-04-28T20:30:00.000,I 75,,,Sideswipe-Same Direction,2,Clear,Dry,Dark-Not Lighted
2024-04-20T15:14:00.000,I 20,,,Sideswipe-Same Direction,2,Cloudy,Dry,Daylight
2024-01-25T00:26:00.000,I 85,,,Not a Collision with Motor Vehicle,1,Rain,Wet,Dark-Lighted
2024-03-16T05:55:00.000,I-75,,,Angle Crash,2,Cloudy,Dry,Daylight
2024-04-26T17:05:00.000,I 75,,,Rear End,2,Clear,Dry,Daylight
2024-07-12T07:38:00.000,I 20,,,Sideswipe-Same Direction,2,Clear,Dry,Daylight
2024-10-21T19:30:00.000,I 20,,,Rear End,2,Clear,Dry,Dark-Not Lighted
2024-01-06T06:09:00.000,I 20,,,Sideswipe-Same Direction,2,Rain,Wet,Dark-Lighted
2024-09-20T09:45:00.000,I 285,,,Sideswipe-Same Direction,2,Clear,Dry,Daylight
2024-11-20T09:11:00.000,I 85,,,Rear End,2,Rain,Wet,Daylight
2024-07-27T15:29:00.000,I 75,,,Sideswipe-Same Direction,2,Clear,Dry,Daylight
2024-03-13T08:48:00.000,I-75,,,Rear End,2,Clear,Dry,Daylight
2024-11-08T06:38:00.000,I 75,,,Angle Crash,2,Cloudy,Dry,Dark-Lighted
2024-09-30T17:00:00.000,I 85,,,Sideswipe-Same Direction,2,Clear,Dry,Daylight
2024-11-12T07:26:00.000,I 85,,,Rear End,2,Clear,Dry,Daylight
2024-03-22T18:00:00.000,I 85,,,Sideswipe-Same Direction,2,Rain,Wet,Daylight
2024-12-19T05:45:00.000,I 85,,,Sideswipe-Same Direction,2,Clear,Dry,Dark-Not Lighted
2024-06-12T15:41:00.000,I 285,,,Sideswipe-Same Direction,2,Clear,Dry,Daylight
2024-11-02T16:25:00.000,I 285,,,Rear End,3,Clear,Dry,Daylight
2024-06-21T14:31:00.000,I 285,,,Rear End,2,Clear,Dry,Daylight
2024-07-29T16:35:00.000,I 20,,,Not a Collision with Motor Vehicle,1,Rain,Wet,Daylight
2024-03-20T12:07:00.000,I 285,,,Rear End,2,Clear,Dry,Daylight
2024-07-30T18:41:00.000,I 285,,,Sideswipe-Same Direction,2,Clear,Dry,Daylight
2024-10-09T19:52:00.000,I 75,,,Not a Collision with Motor Vehicle,1,Clear,Dry,Dark-Not Lighted
2024-02-16T08:55:00.000,I 20,,,Not a Collision with Motor Vehicle,1,Clear,Dry,Daylight
2024-03-09T03:25:00.000,I-75,,,Sideswipe-Same Direction,3,Clear,Dry,Dark-Not Lighted
2024-06-25T09:15:00.000,I 85,,,Sideswipe-Same Direction,2,Clear,Dry,Daylight
2024-05-02T16:15:00.000,I 85,,,Angle Crash,2,Clear,Dry,Daylight
2024-05-06T15:06:00.000,I 285,,,Sideswipe-Same Direction,2,Clear,Dry,Daylight
2024-02-16T18:59:00.000,I 75,,,Rear End,3,Clear,Dry,Dark-Not Lighted
2024-01-13T20:50:00.000,I 85,,,Not a Collision with Motor Vehicle,1,Clear,Dry,Dark-Lighted
2024-10-21T00:00:00.000,I 20,,,Rear End,2,Clear,Dry,Dark-Lighted
2024-03-15T07:43:00.000,I 285,,,Rear End,3,Cloudy,Dry,Daylight
2024-08-30T21:45:00.000,I 285,,,Angle Crash,2,Clear,Dry,Dark-Lighted
2024-03-05T05:50:00.000,I 20,,,Rear End,3,Clear,Dry,Dark-Not Lighted
2024-02-05T08:15:00.000,I 75,,,Rear End,2,Cloudy,Wet,Daylight
2024-05-07T12:05:00.000,I 75,,,Sideswipe-Same Direction,2,Cloudy,Dry,Daylight
2024-11-27T13:50:00.000,I 85,,,Rear End,4,Clear,Dry,Daylight
2024-04-25T06:37:00.000,I 75,,,Sideswipe-Same Direction,2,Clear,Dry,Daylight
2024-06-22T22:18:00.000,I-75,,,Sideswipe-Same Direction,2,Clear,Dry,Dark-Not Lighted
2024-11-04T16:01:00.000,I 75,,,Rear End,2,Clear,Dry,Daylight
2024-07-25T01:55:00.000,I 75,,,Not a Collision with Motor Vehicle,1,Rain,Wet,Dark-Not Lighted
2024-02-05T16:55:00.000,I 85,,,Rear End,3,Clear,Dry,Daylight
2024-03-16T05:00:00.000,I 285,,,Sideswipe-Same Direction,2,Clear,Dry,Dark-Lighted
2024-03-11T06:40:00.000,I 75,,,Sideswipe-Same Direction,2,Clear,Dry,Dawn
2024-01-29T14:00:00.000,I 75,,,Sideswipe-Same Direction,2,Clear,Dry,Daylight
2024-10-13T08:20:00.000,I 85,,,Rear End,2,Clear,Dry,Daylight
2024-11-01T17:00:00.000,I-75,,,Rear End,3,Cloudy,Dry,Daylight
2024-07-31T05:50:00.000,I 20,,,Rear End,2,Clear,Dry,Dark-Not Lighted
2024-03-23T18:43:00.000,I-75,,,Angle Crash,2,Cloudy,Dry,Daylight
2024-08-11T01:30:00.000,I 95,,,Angle Crash,2,Clear,Dry,Dark-Lighted
2024-05-13T16:06:00.000,I 75,,,Sideswipe-Same Direction,2,Cloudy,Wet,Daylight
2024-09-04T19:07:00.000,I 285,,,Sideswipe-Same Direction,2,Clear,Dry,Daylight
2024-02-26T10:56:00.000,I 85,,,Sideswipe-Same Direction,2,Clear,Dry,Daylight
2024-07-03T12:01:00.000,I 20,,,Sideswipe-Same Direction,2,Clear,Dry,Daylight
2024-02-23T15:16:00.000,I 16,,,Rear End,2,Clear,Dry,Daylight
2024-04-30T10:52:00.000,I 75,,,Rear End,2,Rain,Wet,Daylight
2024-11-13T08:40:00.000,I 75,,,Rear End,2,Clear,Dry,Daylight
2024-05-18T13:20:00.000,I 75,,,Sideswipe-Same Direction,2,Clear,Dry,Daylight
2024-12-28T13:51:00.000,I 75,,,Rear End,2,Cloudy,Wet,Daylight
2024-09-20T12:48:00.000,I 285,,,Rear End,2,Cloudy,Dry,Daylight
2024-03-14T11:20:00.000,I 285,,,Rear End,2,Clear,Dry,Daylight
2024-02-07T19:06:00.000,I-75,,,Rear End,2,Clear,Dry,Dark-Lighted
2024-07-09T20:58:00.000,I 20,,,Rear End,2,Clear,Dry,Dark-Lighted
2024-02-23T11:35:00.000,I 95,,,Rear End,2,Cloudy,Dry,Daylight
2024-11-17T11:17:00.000,I 75,,,Rear End,2,Clear,Dry,Daylight
2024-10-26T14:38:00.000,I-75,,,Rear End,2,Clear,Dry,Daylight
2024-05-08T04:25:00.000,I 16,,,Sideswipe-Same Direction,2,Clear,Dry,Dark-Not Lighted
2024-12-30T14:00:00.000,I 75,,,Sideswipe-Same Direction,2,Clear,Dry,Daylight
2024-06-04T07:47:00.000,I 16,,,Sideswipe-Same Direction,2,Clear,Dry,Daylight
2024-05-21T07:12:00.000,I 20,,,Sideswipe-Same Direction,2,Clear,Dry,Daylight
2024-01-24T15:42:00.000,I 85,,,Not a Collision with Motor Vehicle,1,Cloudy,Dry,Daylight
2024-06-06T15:15:00.000,I 285,,,Angle Crash,2,Clear,Dry,Daylight
2024-03-13T13:24:00.000,I 75,,,Rear End,2,Clear,Dry,Daylight
2024-07-29T17:33:00.000,I 16,,,Rear End,2,Clear,Dry,Dawn
2024-09-12T15:15:00.000,I 16,,,Rear End,2,Rain,Wet,Daylight
2024-07-17T13:50:00.000,I 75,,,Not a Collision with Motor Vehicle,1,Rain,Wet,Daylight
2024-12-29T05:00:00.000,I 20,,,Sideswipe-Same Direction,2,Clear,Wet,Dark-Lighted
2024-08-22T05:00:00.000,I 20,,,Sideswipe-Same Direction,2,Clear,Dry,Dark-Not Lighted
2024-09-14T23:00:00.000,I-75,,,Rear End,2,Clear,Dry,Daylight
2024-02-04T05:00:00.000,I 16,,,Not a Collision with Motor Vehicle,1,Clear,Dry,Dark-Lighted
2024-10-01T08:02:00.000,I 20,,,Rear End,2,Cloudy,Dry,Daylight
2024-07-31T23:29:00.000,I 20,,,Not a Collision with Motor Vehicle,2,Cloudy,Dry,Dark-Not Lighted
2024-03-05T11:28:00.000,I 16,,,Rear End,2,Clear,Dry,Daylight
2024-01-24T22:30:00.000,I 285,,,Rear End,2,Rain,Wet,Dark-Not Lighted
2024-05-06T08:31:00.000,I 285,,,Sideswipe-Same Direction,2,Clear,Dry,Daylight
2024-11-22T19:52:00.000,I-75,,,Not a Collision with Motor Vehicle,1,Clear,Dry,Dark-Lighted
2024-03-24T20:20:00.000,I 75,,,Sideswipe-Same Direction,2,Clear,Dry,Dark-Lighted
2024-09-11T12:57:00.000,I 285,,,Sideswipe-Same Direction,2,Clear,Dry,Daylight
2024-01-31T11:00:00.000,I 20,,,Sideswipe-Same Direction,2,Clear,Dry,Daylight
2024-11-20T08:36:00.000,I-75,,,Rear End,2,Clear,Water (standing or moving),Daylight
2024-02-06T18:11:00.000,I 85,,,Rear End,2,Clear,Dry,Daylight
2024-06-01T12:34:00.000,I 75,,,Rear End,2,Cloudy,Dry,Daylight
2024-02-11T18:43:00.000,I 75,,,Not a Collision with Motor Vehicle,1,Rain,Wet,Dark-Lighted
2024-02-11T18:00:00.000,I-75,,,Rear End,2,Rain,Wet,Dark-Lighted
2024-12-26T15:10:00.000,I 85,,,Rear End,2,Cloudy,Dry,Daylight
2024-10-02T13:08:00.000,I 85,,,Sideswipe-Same Direction,2,Clear,Dry,Daylight
2024-02-10T00:05:00.000,I-75,,,Rear End,2,Clear,Dry,Dark-Lighted
2024-05-21T12:20:00.000,I 75,,,Rear End,2,Clear,Dry,Daylight
2024-04-04T00:00:00.000,I 20,,,Rear End,2,Clear,Dry,Daylight
2024-05-07T14:30:00.000,I 285,,,Sideswipe-Same Direction,3,Clear,Dry,Daylight
2024-01-12T15:20:00.000,I 20,,,Sideswipe-Same Direction,2,Rain,Wet,Daylight
2024-05-14T11:23:00.000,I 75,,,Rear End,2,Rain,Wet,Daylight
2024-04-09T06:52:00.000,I 20,,,Rear End,3,Rain,Wet,Daylight
2024-08-28T21:05:00.000,I-75,,,Sideswipe-Same Direction,2,Clear,Dry,Dark-Lighted
2024-08-17T12:37:00.000,I 20,,,Rear End,2,Clear,Dry,Daylight
2024-02-23T04:51:00.000,I 85,,,Angle Crash,3,Rain,Wet,Dark-Lighted
2024-01-12T13:57:00.000,I 75,,,Rear End,2,Cloudy,Wet,Daylight
2024-05-29T18:15:00.000,I 285,,,Sideswipe-Opposite Direction,2,Clear,Dry,Daylight
2024-12-19T16:00:00.000,I 75,,,Sideswipe-Same Direction,2,Clear,Dry,Daylight
2024-10-23T17:31:00.000,I 20,,,Rear End,2,Clear,Dry,Daylight
2024-09-25T21:46:00.000,I 75,,,Not a Collision with Motor Vehicle,1,Severe Thunderstorm or Tornadic,Water (standing or moving),Dark-Not Lighted
2024-09-07T18:11:00.000,I 75,,,Rear End,2,Clear,Dry,Daylight
2024-09-28T11:43:00.000,I 20,,,Sideswipe-Same Direction,2,Clear,Dry,Daylight
2024-09-19T17:00:00.000,I 85,,,Rear End,2,Clear,Dry,Daylight
2024-01-13T03:45:00.000,I-75,,,Not a Collision with Motor Vehicle,1,Clear,Dry,Dark-Lighted
2024-03-01T15:11:00.000,I 20,,,Rear End,2,Cloudy,Wet,Daylight
2024-04-03T10:50:00.000,I-75,,,Sideswipe-Same Direction,2,Cloudy,Dry,Daylight
2024-03-12T07:46:00.000,I 16,,,Rear End,2,Clear,Dry,Daylight
2024-02-24T18:26:00.000,I 85,,,Rear End,2,Clear,Dry,Daylight
2024-05-03T17:34:00.000,I 20,,,Angle Crash,3,Clear,Dry,Daylight
2024-09-28T12:21:00.000,I 95,,,Angle Crash,2,Clear,Dry,Daylight
2024-09-01T03:18:00.000,I 85,,,Rear End,4,Cloudy,Wet,Dark-Not Lighted
2024-12-11T15:26:00.000,I 75,,,Angle Crash,2,Clear,Dry,Daylight
2024-06-07T23:29:00.000,I 75,,,Sideswipe-Same Direction,2,Clear,Dry,Dark-Not Lighted
2024-08-20T12:31:00.000,I 16,,,Not a Collision with Motor Vehicle,1,Clear,Dry,Daylight
2024-03-25T23:46:00.000,I 20,,,Rear End,2,Cloudy,Dry,Dark-Not Lighted
2024-03-26T14:00:00.000,I 75,,,Not a Collision with Motor Vehicle,1,Rain,Wet,Daylight
2024-02-10T16:25:00.000,I 75,,,Sideswipe-Same Direction,2,Cloudy,Dry,Daylight
2024-11-08T14:30:00.000,I 85,,,Rear End,3,Clear,Dry,Daylight
2024-07-08T16:00:00.000,I 85,,,Rear End,2,Clear,Dry,Daylight
2024-10-11T16:17:00.000,I 75,,,Rear End,2,Clear,Dry,Daylight
2024-03-08T20:12:00.000,I 75,,,Sideswipe-Same Direction,2,Rain,Wet,Dark-Not Lighted
2024-08-17T15:00:00.000,I-75,,,Rear End,2,Clear,Dry,Daylight
2024-02-12T10:37:00.000,I 75,,,Rear End,2,Rain,Wet,Daylight
2024-06-17T15:50:00.000,I 75,,,Rear End,2,Clear,Dry,Daylight
2024-08-17T21:20:00.000,I 20,,,Not a Collision with Motor Vehicle,1,Cloudy,Dry,Dark-Not Lighted
2024-07-19T16:03:00.000,I 16,,,Not a Collision with Motor Vehicle,1,Rain,Wet,Daylight
2024-07-20T17:12:00.000,I 75,,,Rear End,2,Clear,Dry,Daylight
2024-08-28T01:17:00.000,I 20,,,Rear End,2,Clear,Dry,Daylight
2024-08-09T05:03:00.000,I 285,,,Angle Crash,2,Clear,Dry,Dark-Not Lighted
2024-10-07T18:15:00.000,I 20,,,Sideswipe-Same Direction,2,Clear,Dry,Daylight
2024-04-05T07:48:00.000,I 95,,,Rear End,2,Clear,Dry,Daylight
2024-09-25T15:46:00.000,I 20,,,Rear End,2,Rain,Wet,Daylight
2024-05-06T07:20:00.000,I 285,,,Sideswipe-Same Direction,3,Cloudy,Wet,Daylight
2024-11-20T19:52:00.000,I 85,,,Sideswipe-Same Direction,2,Clear,Dry,Dark-Lighted
2024-11-06T14:09:00.000,I 16,,,Rear End,3,Rain,Wet,Daylight
2024-12-21T11:00:00.000,I 85,,,Rear End,2,Clear,Dry,Daylight
2024-05-27T06:06:00.000,I 20,,,Not a Collision with Motor Vehicle,1,Cloudy,Dry,Daylight
2024-10-31T06:03:00.000,I 85,,,Angle Crash,2,Clear,Dry,Dawn
2024-07-24T22:31:00.000,I 75,,,Sideswipe-Same Direction,2,Clear,Dry,Dark-Not Lighted
2024-10-10T09:30:00.000,I 285,,,Rear End,2,Clear,Dry,Daylight
2024-12-16T08:37:00.000,I-75,,,Sideswipe-Same Direction,2,Cloudy,Wet,Daylight
2024-11-10T09:36:00.000,I 20,,,Sideswipe-Same Direction,2,Rain,Wet,Daylight
2024-08-11T19:25:00.000,I 85,,,Rear End,2,Clear,Dry,Daylight
2024-08-31T12:48:00.000,I 20,,,Rear End,2,Clear,Dry,Daylight
2024-08-23T11:28:00.000,I 285,,,Rear End,2,Clear,Dry,Daylight
2024-08-30T08:55:00.000,I 75,,,Rear End,2,Clear,Dry,Daylight
2024-01-20T14:30:00.000,I-75,,,Rear End,2,Clear,Dry,Daylight
2024-05-24T02:07:00.000,I 75,,,Sideswipe-Same Direction,2,Clear,Wet,Dark-Lighted
2024-10-05T15:05:00.000,I 20,,,Sideswipe-Same Direction,3,Clear,Dry,Daylight
2024-07-04T20:35:00.000,I 285,,,Not a Collision with Motor Vehicle,1,Rain,Wet,Dark-Lighted
2024-10-16T12:58:00.000,I 20,,,Sideswipe-Same Direction,2,Clear,Dry,Daylight
2024-12-22T09:00:00.000,I 20,,,Sideswipe-Same Direction,2,Clear,Dry,Daylight
2024-01-12T12:10:00.000,I 85,,,Rear End,2,Rain,Wet,Daylight
2024-10-18T19:00:00.000,I 75,,,Rear End,3,Cloudy,Dry,Dark-Lighted
2024-01-06T10:51:00.000,I 20,,,Angle Crash,2,Cloudy,Dry,Daylight
2024-12-07T13:52:00.000,I 16,,,Sideswipe-Same Direction,2,Clear,Dry,Daylight
2024-01-05T14:15:00.000,I 85,,,Rear End,2,Clear,Dry,Daylight
2024-09-11T11:12:00.000,I 75,,,Angle Crash,2,Cloudy,Dry,Daylight
2024-07-01T21:33:00.000,I 285,,,Not a Collision with Motor Vehicle,1,Rain,Wet,Dark-Not Lighted
2024-02-13T08:20:00.000,I 85,,,Rear End,2,Cloudy,Dry,Daylight
2024-01-26T08:06:00.000,I 85,,,Rear End,4,Cloudy,Wet,Daylight
2024-01-11T07:48:00.000,I 85,,,Sideswipe-Same Direction,2,Clear,Dry,Daylight
2024-03-06T18:20:00.000,I 85,,,Rear End,2,Clear,Dry,Daylight
2024-01-10T18:34:00.000,I 95,,,Rear End,2,Clear,Dry,Dark-Not Lighted
2024-01-04T15:47:00.000,I 75,,,Angle Crash,3,Clear,Dry,Daylight
2024-04-14T19:03:00.000,I 20,,,Not a Collision with Motor Vehicle,1,Clear,Dry,Daylight
2024-07-03T18:18:00.000,I 16,,,Not a Collision with Motor Vehicle,1,Rain,Wet,Daylight
2024-03-08T18:30:00.000,I 285,,,Rear End,2,Rain,Wet,Dark-Not Lighted
2024-05-19T14:00:00.000,I 75,,,Not a Collision with Motor Vehicle,1,Clear,Dry,Daylight
2024-03-23T10:10:00.000,I 85,,,Sideswipe-Same Direction,2,Clear,Dry,Daylight
2024-02-20T07:30:00.000,I 20,,,Sideswipe-Same Direction,2,Clear,Dry,Daylight
2024-03-12T17:12:00.000,I 285,,,Rear End,2,Clear,Dry,Daylight
2024-11-27T12:16:00.000,I 285,,,Sideswipe-Same Direction,2,Cloudy,Dry,Daylight
2024-12-06T18:16:00.000,I 75,,,Sideswipe-Same Direction,2,Clear,Dry,Dark-Lighted
2024-10-24T09:49:00.000,I 16,,,Rear End,2,Clear,Dry,Daylight
2024-10-21T06:30:00.000,I 85,,,Not a Collision with Motor Vehicle,1,Clear,Dry,Dark-Lighted
2024-10-31T17:47:00.000,I-75,,,Sideswipe-Same Direction,2,Clear,Dry,Daylight
2024-09-25T18:15:00.000,I 285,,,Sideswipe-Opposite Direction,2,Clear,Dry,Daylight
2024-12-06T13:14:00.000,I 75,,,Rear End,2,Clear,Dry,Daylight
2024-08-12T22:19:00.000,I 85,,,Angle Crash,2,Clear,Dry,Dark-Lighted
2024-01-26T20:00:00.000,I 75,,,Head On,4,Clear,Wet,Dark-Not Lighted
2024-07-07T15:34:00.000,I-75,,,Rear End,2,Clear,Dry,Daylight
2024-05-03T11:49:00.000,I 85,,,Sideswipe-Same Direction,2,Cloudy,Dry,Daylight
2024-01-21T19:26:00.000,I-75,,,Sideswipe-Same Direction,2,Clear,Dry,Dark-Lighted
2024-03-24T16:24:00.000,I 75,,,Rear End,2,Clear,Dry,Daylight
2024-06-27T15:35:00.000,I 85,,,Rear End,2,Cloudy,Dry,Daylight
2024-06-28T18:41:00.000,I 16,,,Not a Collision with Motor Vehicle,1,Cloudy,Water (standing or moving),Daylight
2024-05-03T16:40:00.000,I 20,,,Rear End,2,Clear,Dry,Daylight
2024-09-01T22:17:00.000,I 75,,,Not a Collision with Motor Vehicle,1,Rain,Water (standing or moving),Dark-Not Lighted
2024-08-22T11:50:00.000,I 285,,,Sideswipe-Same Direction,3,Cloudy,Dry,Daylight
2024-08-01T09:15:00.000,I-75,,,Sideswipe-Same Direction,2,Cloudy,Dry,Daylight
2024-01-31T19:58:00.000,I 285,,,Sideswipe-Same Direction,2,Clear,Dry,Daylight
2024-03-09T12:50:00.000,I 75,,,Rear End,2,Rain,Wet,Daylight
2024-08-17T01:17:00.000,I-75,,,Angle Crash,5,Clear,Wet,Dark-Lighted
2024-07-21T00:19:00.000,I 20,,,Not a Collision with Motor Vehicle,1,Clear,Dry,Dark-Not Lighted
2024-09-25T07:10:00.000,I 20,,,Rear End,2,Clear,Dry,Daylight
2024-01-27T13:50:00.000,I 75,,,Not a Collision with Motor Vehicle,1,Rain,Wet,Daylight
2024-01-12T03:25:00.000,I-75,,,Sideswipe-Same Direction,2,Clear,Dry,Dark-Lighted
2024-12-18T20:00:00.000,I 20,,,Sideswipe-Opposite Direction,2,Clear,Dry,Dark-Lighted
2024-02-06T08:00:00.000,I 285,,,Sideswipe-Same Direction,2,Clear,Dry,Daylight
2024-01-26T15:00:00.000,I 85,,,Sideswipe-Same Direction,2,Cloudy,Dry,Daylight
2024-03-01T11:48:00.000,I 75,,,Not a Collision with Motor Vehicle,1,Rain,Wet,Daylight
2024-07-27T16:15:00.000,I 85,,,Rear End,2,Rain,Wet,Daylight
2024-06-17T22:16:00.000,I 285,,,Rear End,3,Clear,Dry,Dark-Not Lighted
2024-10-04T12:15:00.000,I 85,,,Rear End,2,Cloudy,Dry,Daylight
2024-09-16T14:40:00.000,I 75,,,Sideswipe-Same Direction,2,Clear,Dry,Daylight
2024-01-13T16:23:00.000,I 85,,,Rear End,2,Clear,Dry,Daylight
2024-04-25T12:21:00.000,I 75,,,Sideswipe-Same Direction,2,Clear,Dry,Daylight
2024-04-21T14:27:00.000,I 75,,,Sideswipe-Same Direction,4,Cloudy,Dry,Daylight
2024-03-30T19:05:00.000,I 20,,,(None),3,(None),(None),(None)
2024-03-02T04:10:00.000,I 95,,,Sideswipe-Same Direction,2,Cloudy,Wet,Dark-Not Lighted
2024-06-13T23:33:00.000,I 20,,,Sideswipe-Same Direction,2,Clear,Dry,Dark-Not Lighted
2024-10-11T00:02:00.000,I 85,,,Rear End,2,Clear,Dry,Dark-Not Lighted
2024-09-28T22:30:00.000,I-75,,,Rear End,2,Clear,Dry,Dark-Lighted
2024-08-03T21:31:00.000,I 75,,,Sideswipe-Same Direction,2,Clear,Dry,Dark-Not Lighted
2024-08-18T13:43:00.000,I 75,,,Rear End,2,Clear,Dry,Daylight
2024-06-28T15:48:00.000,I 75,,,Rear End,3,Clear,Dry,Daylight
2024-01-31T15:15:00.000,I 75,,,Sideswipe-Same Direction,2,Clear,Dry,Daylight
2024-03-09T12:15:00.000,I 95,,,Rear End,2,Cloudy,Dry,Daylight
2024-08-07T15:00:00.000,I 85,,,Sideswipe-Same Direction,2,Clear,Dry,Daylight
2024-04-11T10:49:00.000,I 285,,,Rear End,2,Rain,Wet,Daylight
2024-11-25T00:15:00.000,I 75,,,Rear End,2,Clear,Dry,Dark-Lighted
2024-08-12T17:59:00.000,I 285,,,Sideswipe-Same Direction,2,Clear,Dry,Daylight
2024-01-29T17:34:00.000,I 85,,,Rear End,2,Clear,Dry,Daylight
2024-03-29T14:20:00.000,I 85,,,Rear End,2,Clear,Dry,Daylight
2024-03-21T10:27:00.000,I 75,,,Rear End,2,Clear,Dry,Daylight
2024-05-04T17:32:00.000,I 16,,,Not a Collision with Motor Vehicle,1,Rain,Wet,Daylight
2024-05-04T09:27:00.000,I 85,,,Sideswipe-Same Direction,2,Cloudy,Wet,Daylight
2024-11-17T18:45:00.000,I-75,,,Angle Crash,2,Clear,Dry,Dark-Lighted
2024-10-16T06:40:00.000,I 75,,,Sideswipe-Same Direction,2,Clear,Dry,Dark-Not Lighted
2024-12-05T13:41:00.000,I 285,,,Sideswipe-Same Direction,2,Clear,Dry,Daylight
2024-03-05T08:40:00.000,I 85,,,Sideswipe-Same Direction,2,Cloudy,Dry,Daylight
2024-11-27T10:20:00.000,I 75,,,Rear End,2,Cloudy,Dry,Daylight
2024-01-26T10:24:00.000,I 85,,,Rear End,2,Cloudy,Wet,Daylight
2024-11-24T17:45:00.000,I 20,,,Sideswipe-Same Direction,2,Clear,Dry,Dusk
2024-10-20T21:19:00.000,I 75,,,Rear End,2,Clear,Dry,Dark-Lighted
2024-12-17T11:05:00.000,I 75,,,Sideswipe-Same Direction,2,Cloudy,Wet,Daylight
2024-08-06T23:10:00.000,I 285,,,Sideswipe-Same Direction,2,Clear,Dry,Dark-Lighted
2024-01-18T19:00:00.000,I 85,,,Sideswipe-Same Direction,2,Clear,Dry,Dark-Not Lighted
2024-12-15T03:45:00.000,I 20,,,Not a Collision with Motor Vehicle,1,Clear,Dry,Dark-Not Lighted
2024-09-17T06:45:00.000,I 75,,,Rear End,3,Clear,Dry,Dark-Lighted
2024-04-29T18:10:00.000,I 16,,,Rear End,2,Clear,Dry,Daylight
2024-02-18T12:13:00.000,I 20,,,Rear End,3,Clear,Dry,Daylight
2024-05-25T07:30:00.000,I 95,,,Sideswipe-Same Direction,2,Clear,Dry,Daylight
2024-09-17T10:00:00.000,I 85,,,Angle Crash,2,Clear,Dry,Daylight
2024-09-29T19:58:00.000,I 285,,,Sideswipe-Same Direction,4,Clear,Dry,Dark-Not Lighted
2024-02-03T13:49:00.000,I-75,,,Angle Crash,3,Clear,Dry,Daylight
2024-03-09T03:26:00.000,I 75,,,Not a Collision with Motor Vehicle,1,Clear,Dry,Dark-Not Lighted
2024-07-07T22:30:00.000,I 75,,,Angle Crash,3,Rain,Wet,Dark-Lighted
2024-07-21T15:39:00.000,I 20,,,Rear End,2,Rain,Wet,Daylight
2024-09-03T12:25:00.000,I 85,,,Sideswipe-Same Direction,2,Cloudy,Dry,Daylight
2024-06-04T13:42:00.000,I 20,,,Rear End,2,Clear,Dry,Daylight
2024-02-02T13:56:00.000,I 16,,,Rear End,2,Clear,Dry,Daylight
2024-06-28T17:27:00.000,I 16,,,Not a Collision with Motor Vehicle,1,Rain,Wet,Daylight
2024-10-07T18:36:00.000,I 285,,,Rear End,2,Clear,Dry,Daylight
2024-02-27T18:10:00.000,I 85,,,Rear End,2,Cloudy,Wet,Daylight
2024-07-23T16:43:00.000,I 75,,,Not a Collision with Motor Vehicle,1,Clear,Dry,Daylight
2024-06-26T06:45:00.000,I 75,,,Sideswipe-Same Direction,2,Clear,Dry,Daylight