Date and Time,Roadway (From Crash Report),Intersection Name (from Crash Report),KABCO Severity,Manner of Collision (Crash Level) ,# of Vehicles per crash ,Weather Conditions (Crash Level),Surface Condition (Crash Level) ,Light Conditions (Crash Level)
2024-05-14T15:22:00.000,I 16,,,Angle Crash,2,Clear,Dry,Daylight
2024-08-23T07:47:00.000,I 20,,,Rear End,2,Clear,Dry,Daylight
2024-08-17T01:45:00.000,I-75,,,Rear End,2,Clear,Dry,Dark-Lighted
2024-01-12T11:20:00.000,I 75,,,Sideswipe-Same Direction,2,Cloudy,Wet,Daylight
2024-11-12T10:00:00.000,I 285,,,Rear End,2,Clear,Dry,Daylight
2024-08-17T17:08:00.000,I 16,,,Rear End,2,Rain,Wet,Daylight
2024-06-26T07:30:00.000,I 85,,,Rear End,2,Clear,Dry,Daylight
2024-05-28T08:02:00.000,I 75,,,Rear End,2,Clear,Dry,Daylight
2024-01-25T04:27:00.000,I 75,,,Not a Collision with Motor Vehicle,1,Rain,Water (standing or moving),Dark-Not Lighted
2024-05-01T03:55:00.000,I 85,,,Sideswipe-Same Direction,2,Clear,Dry,Dark-Not Lighted
2024-05-24T04:27:00.000,I-75,,,Not a Collision with Motor Vehicle,1,Cloudy,Dry,Dark-Not Lighted
2024-11-22T17:55:00.000,I 75,,,Sideswipe-Same Direction,2,Clear,Dry,Dark-Not Lighted
2024-06-12T17:06:00.000,I 285,,,Rear End,2,Clear,Dry,Daylight
2024-01-04T21:00:00.000,I 285,,,Rear End,2,Cloudy,Dry,Dark-Lighted
2024-09-28T20:08:00.000,I 85,,,Sideswipe-Same Direction,2,Clear,Dry,Dark-Lighted
2024-01-16T09:36:00.000,I 85,,,Rear End,3,Cloudy,Wet,Daylight
2024-09-07T22:34:00.000,I 85,,,Sideswipe-Same Direction,2,Clear,Dry,Dark-Not Lighted
2024-03-19T15:25:00.000,I 20,,,Sideswipe-Same Direction,2,Clear,Dry,Daylight
2024-05-27T11:20:00.000,I 285,,,Not a Collision with Motor Vehicle,1,Rain,Wet,Daylight
2024-03-05T17:50:00.000,I 85,,,Rear End,2,Rain,Wet,Dusk
2024-10-10T08:15:00.000,I 85,,,Rear End,2,Clear,Dry,Daylight
2024-01-09T22:00:00.000,I-75,,,Rear End,2,Clear,Dry,Dark-Lighted
2024-03-22T18:05:00.000,I 75,,,Not a Collision with Motor Vehicle,1,Rain,Wet,Daylight
2024-03-17T18:03:00.000,I 75,,,Not a Collision with Motor Vehicle,1,Clear,Wet,Daylight
2024-06-03T06:06:00.000,I 75,,,Not a Collision with Motor Vehicle,1,Cloudy,Wet,Dawn
2024-12-28T13:51:00.000,I 75,,,Rear End,2,Cloudy,Wet,Daylight
2024-10-12T21:00:00.000,I-75,,,Sideswipe-Same Direction,2,Clear,Dry,Dark-Lighted
2024-02-09T18:09:00.000,I 75,,,Sideswipe-Same Direction,2,Clear,Dry,Dark-Lighted
2024-03-08T22:17:00.000,I 85,,,Not a Collision with Motor Vehicle,1,Rain,Wet,Dark-Lighted
2024-11-17T03:00:00.000,I 20,,,Not a Collision with Motor Vehicle,1,Clear,Dry,Dark-Not Lighted
2024-10-05T12:18:00.000,I 85,,,Rear End,2,Clear,Dry,Daylight
2024-04-14T23:02:00.000,I 20,,,Head On,2,Clear,Dry,Dark-Not Lighted
2024-04-05T20:50:00.000,I 285,,,Rear End,3,Clear,Dry,Dark-Not Lighted
2024-03-15T15:20:00.000,I 75,,,Rear End,2,Cloudy,Dry,Daylight
2024-02-03T08:40:00.000,I 75,,,Rear End,2,Clear,Dry,Daylight
2024-03-04T12:13:00.000,I 16,,,Not a Collision with Motor Vehicle,2,Clear,Dry,Daylight
2024-03-22T22:50:00.000,I 75,,,Not a Collision with Motor Vehicle,1,Rain,Wet,Dark-Lighted
2024-04-09T21:12:00.000,I 85,,,Rear End,2,Rain,Wet,Dark-Not Lighted
2024-12-28T15:00:00.000,I 285,,,Rear End,2,Cloudy,Dry,Daylight
2024-06-26T12:25:00.000,I 85,,,Rear End,2,Clear,Dry,Daylight
2024-03-09T00:00:00.000,I 75,,,Not a Collision with Motor Vehicle,1,Rain,Water (standing or moving),Dark-Not Lighted
2024-09-30T18:10:00.000,I 75,,,Sideswipe-Same Direction,2,Clear,Dry,Daylight
2024-04-10T23:14:00.000,I 75,,,Rear End,2,Rain,Wet,Dark-Lighted
2024-02-19T16:35:00.000,I 85,,,Rear End,2,Clear,Dry,Daylight
2024-06-03T09:23:00.000,I 20,,,Rear End,2,Clear,Dry,Daylight
2024-07-12T09:10:00.000,I 285,,,Rear End,2,Clear,Dry,Daylight
2024-12-28T15:30:00.000,I 75,,,Rear End,2,Cloudy,Wet,Daylight
2024-01-29T18:45:00.000,I 85,,,Sideswipe-Same Direction,2,Clear,Dry,Dark-Lighted
2024-11-12T07:40:00.000,I 75,,,Rear End,2,Clear,Dry,Daylight
2024-04-26T07:20:00.000,I 75,,,Not a Collision with Motor Vehicle,1,Cloudy,Dry,Daylight
2024-06-14T17:00:00.000,I 16,,,Rear End,2,Clear,Dry,Daylight
2024-03-18T19:25:00.000,I 75,,,Sideswipe-Same Direction,2,Clear,Dry,Dark-Not Lighted
2024-02-04T03:30:00.000,I 75,,,Not a Collision with Motor Vehicle,1,Clear,Dry,Dark-Not Lighted
2024-01-30T17:40:00.000,I 16,,,Angle Crash,2,Clear,Dry,Daylight
2024-03-14T08:02:00.000,I 75,,,Angle Crash,2,Clear,Dry,Daylight
2024-03-29T16:04:00.000,I 85,,,Rear End,3,Clear,Dry,Daylight
2024-10-27T07:15:00.000,I 75,,,Rear End,2,Clear,Dry,Dark-Not Lighted
2024-03-23T15:09:00.000,I 85,,,Rear End,2,Clear,Dry,Daylight
2024-03-06T02:55:00.000,I 75,,,Sideswipe-Same Direction,2,Rain,Wet,Dark-Not Lighted
2024-08-31T04:50:00.000,I-75,,,Angle Crash,5,Clear,Dry,Dark-Not Lighted
2024-01-11T11:22:00.000,I-75,,,Sideswipe-Same Direction,2,Clear,Dry,Daylight
2024-03-22T17:13:00.000,I 75,,,Sideswipe-Same Direction,2,Rain,Wet,Daylight
2024-04-10T23:51:00.000,I 75,,,Not a Collision with Motor Vehicle,1,Rain,Wet,Dark-Not Lighted
2024-01-17T09:00:00.000,I 85,,,Rear End,3,Clear,Dry,Daylight
2024-07-28T14:29:00.000,I 85,,,Rear End,2,Rain,Wet,Daylight
2024-09-09T08:15:00.000,I 85,,,Sideswipe-Same Direction,2,Clear,Dry,Daylight
2024-02-12T01:50:00.000,I 285,,,Rear End,2,Rain,Wet,Dark-Lighted
2024-08-30T16:52:00.000,I 16,,,Rear End,2,Clear,Dry,Daylight
2024-02-12T13:38:00.000,I 285,,,Sideswipe-Same Direction,2,Rain,Water (standing or moving),Daylight
2024-02-10T00:00:00.000,I 285,,,Sideswipe-Same Direction,2,Clear,Dry,Dark-Not Lighted
2024-03-15T16:53:00.000,I 20,,,Rear End,2,Cloudy,Wet,Daylight
2024-04-09T08:14:00.000,I 285,,,Rear End,2,Rain,Wet,Daylight
2024-12-13T13:25:00.000,I 285,,,Rear End,2,Clear,Dry,Daylight
2024-02-12T05:00:00.000,I 75,,,Not a Collision with Motor Vehicle,1,Rain,Wet,Dark-Not Lighted
2024-10-27T20:30:00.000,I 85,,,Sideswipe-Same Direction,2,Cloudy,Dry,Dark-Not Lighted
2024-01-02T18:54:00.000,I 75,,,Sideswipe-Same Direction,2,Clear,Dry,Dark-Not Lighted
2024-12-03T13:50:00.000,I 20,,,Sideswipe-Same Direction,2,Clear,Dry,Daylight
2024-03-04T19:14:00.000,I 16,,,Angle Crash,2,Clear,Dry,Dark-Lighted
2024-05-09T09:05:00.000,I 285,,,Angle Crash,2,Rain,Wet,Daylight
2024-12-14T22:50:00.000,I-75,,,Rear End,2,Clear,Dry,Dark-Lighted
2024-11-12T16:58:00.000,I 85,,,Rear End,2,Clear,Dry,Daylight
2024-07-26T17:40:00.000,I 95,,,Rear End,2,Cloudy,Dry,Daylight
2024-04-29T16:58:00.000,I 75,,,Rear End,2,Clear,Dry,Daylight
2024-03-13T12:30:00.000,I-75,,,Angle Crash,2,Clear,Dry,Daylight
2024-12-29T09:03:00.000,I 75,,,Rear End,2,Rain,Wet,Daylight
2024-10-14T08:45:00.000,I 20,,,Rear End,2,Clear,Dry,Daylight
2024-03-15T11:25:00.000,I 75,,,Rear End,2,Rain,Wet,Daylight
2024-05-03T20:55:00.000,I 285,,,Rear End,4,Clear,Dry,Daylight
2024-01-10T15:58:00.000,I 75,,,Sideswipe-Same Direction,2,Clear,Dry,Daylight
2024-08-17T15:43:00.000,I 85,,,Rear End,2,Rain,Wet,Daylight
2024-01-26T18:53:00.000,I 75,,,Sideswipe-Same Direction,2,Clear,Dry,Daylight
2024-01-30T07:51:00.000,I 85,,,Sideswipe-Same Direction,2,Clear,Dry,Daylight
2024-03-01T20:15:00.000,I 75,,,Rear End,2,Rain,Wet,Dark-Not Lighted
2024-01-13T14:45:00.000,I 75,,,Not a Collision with Motor Vehicle,1,Clear,Dry,Daylight
2024-04-11T06:23:00.000,I 95,,,Angle Crash,2,Severe Thunderstorm or Tornadic,Water (standing or moving),Dark-Not Lighted
2024-04-12T16:00:00.000,I 20,,,Rear End,2,Clear,Dry,Daylight
2024-02-02T11:30:00.000,I 85,,,Angle Crash,2,Clear,Dry,Dark-Not Lighted
2024-11-10T18:45:00.000,I 285,,,Angle Crash,2,Clear,Wet,Dark-Not Lighted
2024-11-20T05:50:00.000,I 20,,,Rear End,2,Rain,Wet,Dark-Not Lighted
2024-12-11T19:00:00.000,I 75,,,Angle Crash,2,Clear,Dry,Dark-Not Lighted
2024-05-18T18:38:00.000,I 285,,,Not a Collision with Motor Vehicle,1,Clear,Dry,Daylight
2024-09-19T20:54:00.000,I 85,,,Rear End,2,Clear,Dry,Dark-Lighted
2024-03-20T11:00:00.000,I 20,,,Sideswipe-Same Direction,2,Clear,Dry,Daylight
2024-05-08T18:45:00.000,I 20,,,Not a Collision with Motor Vehicle,3,Clear,Dry,Daylight
2024-07-26T01:03:00.000,I 75,,,Rear End,2,Clear,Dry,Dark-Not Lighted
2024-05-10T07:48:00.000,I 85,,,Sideswipe-Same Direction,2,Cloudy,Wet,Daylight
2024-01-15T18:10:00.000,I 85,,,Rear End,2,Clear,Dry,Dark-Lighted
2024-05-20T09:30:00.000,I 285,,,Angle Crash,2,Clear,Dry,Daylight
2024-08-21T19:24:00.000,I-75,,,Rear End,2,Clear,Dry,Daylight
2024-03-18T15:35:00.000,I 20,,,Sideswipe-Same Direction,2,Clear,Dry,Daylight
2024-10-23T16:03:00.000,I 285,,,Rear End,2,Clear,Dry,Daylight
2024-11-05T00:30:00.000,I-75,,,Not a Collision with Motor Vehicle,1,Clear,Dry,Dark-Lighted
2024-07-06T18:49:00.000,I 20,,,Not a Collision with Motor Vehicle,1,Rain,Wet,Daylight
2024-07-22T17:20:00.000,I 285,,,Rear End,2,Clear,Dry,Daylight
2024-01-24T12:20:00.000,I 95,,,Sideswipe-Same Direction,2,Clear,Dry,Daylight
2024-08-27T14:12:00.000,I 285,,,Angle Crash,2,Clear,Dry,Daylight
2024-06-16T18:25:00.000,I 75,,,Sideswipe-Same Direction,2,Clear,Dry,Daylight
2024-04-10T03:55:00.000,I 95,,,Sideswipe-Same Direction,2,Clear,Dry,Dark-Not Lighted
2024-08-14T07:07:00.000,I 20,,,Rear End,2,Cloudy,Dry,Daylight
2024-11-09T06:50:00.000,I 95,,,Angle Crash,1,Fog,Dry,Daylight
2024-05-23T16:53:00.000,I 20,,,Rear End,2,Clear,Dry,Daylight
2024-05-04T08:04:00.000,I 285,,,Not a Collision with Motor Vehicle,1,Rain,Wet,Daylight
2024-12-28T02:46:00.000,I 75,,,Rear End,2,Rain,Wet,Dark-Lighted
2024-08-29T12:48:00.000,I 285,,,Rear End,2,Clear,Dry,Daylight
2024-05-14T06:32:00.000,I 285,,,Rear End,2,Rain,Wet,Daylight
2024-08-03T15:56:00.000,I 75,,,Sideswipe-Same Direction,2,Cloudy,Wet,Daylight
2024-06-27T14:07:00.000,I 85,,,Rear End,2,Cloudy,Dry,Daylight
2024-06-11T18:50:00.000,I 20,,,Head On,1,Clear,Dry,Daylight
2024-09-11T15:50:00.000,I 285,,,Rear End,2,Clear,Dry,Daylight
2024-03-07T16:40:00.000,I 20,,,Sideswipe-Same Direction,3,Clear,Dry,Daylight
2024-11-02T21:52:00.000,I 75,,,Sideswipe-Same Direction,2,Clear,Dry,Dark-Lighted
2024-03-07T10:55:00.000,I 75,,,Rear End,2,Clear,Dry,Daylight
2024-05-07T05:55:00.000,I 285,,,Angle Crash,2,Clear,Dry,Dawn
2024-09-14T13:40:00.000,I 285,,,Rear End,2,Rain,Wet,Daylight
2024-11-04T01:32:00.000,I 85,,,Sideswipe-Same Direction,2,Clear,Dry,Dark-Lighted
2024-03-06T14:00:00.000,I-75,,,Sideswipe-Same Direction,2,Rain,Wet,Daylight
2024-02-26T16:13:00.000,I 75,,,Not a Collision with Motor Vehicle,2,Clear,Dry,Daylight
2024-12-10T18:30:00.000,I 20,,,Rear End,2,Rain,Wet,Dark-Not Lighted
2024-11-22T06:02:00.000,I 85,,,Rear End,2,Clear,Dry,Dark-Lighted
2024-09-13T18:50:00.000,I 20,,,Rear End,2,Clear,Dry,Daylight
2024-03-24T14:05:00.000,I 75,,,Rear End,2,Clear,Dry,Daylight
2024-05-05T16:50:00.000,I-75,,,Sideswipe-Same Direction,2,Clear,Wet,Daylight
2024-04-09T17:57:00.000,I 20,,,Rear End,2,Rain,Wet,Daylight
2024-02-14T07:39:00.000,I 16,,,Rear End,2,Clear,Dry,Daylight
2024-09-23T07:45:00.000,I 75,,,Sideswipe-Same Direction,2,Clear,Dry,Daylight
2024-10-15T00:00:00.000,I 85,,,Rear End,2,Clear,Dry,Daylight
2024-04-10T14:26:00.000,I 75,,,Angle Crash,2,Cloudy,Dry,Daylight
2024-08-13T00:00:00.000,I 285,,,Not a Collision with Motor Vehicle,1,Clear,Dry,Dark-Lighted
2024-10-07T17:05:00.000,I 75,,,Sideswipe-Same Direction,2,Clear,Dry,Daylight
2024-01-19T06:55:00.000,I 285,,,Sideswipe-Same Direction,2,Clear,Dry,Dark-Not Lighted
2024-11-08T19:08:00.000,I-75,,,Rear End,2,Clear,Dry,Dark-Lighted
2024-01-06T07:47:00.000,I 75,,,Not a Collision with Motor Vehicle,1,Rain,Water (standing or moving),Dark-Not Lighted
2024-10-02T06:53:00.000,I 85,,,Rear End,2,Clear,Dry,Dark-Not Lighted
2024-12-29T07:05:00.000,I 85,,,Not a Collision with Motor Vehicle,1,Rain,Wet,Dark-Lighted
2024-07-12T19:12:00.000,I 20,,,Sideswipe-Same Direction,2,Clear,Dry,Daylight
2024-02-11T23:01:00.000,I 85,,,Not a Collision with Motor Vehicle,1,Rain,Wet,Dark-Not Lighted
2024-12-05T13:16:00.000,I 75,,,Angle Crash,2,Clear,Dry,Daylight
2024-11-10T10:59:00.000,I 20,,,Sideswipe-Same Direction,2,Rain,Wet,Daylight
2024-05-12T00:26:00.000,I 75,,,Sideswipe-Same Direction,2,Clear,Dry,Dark-Lighted
2024-01-09T06:43:00.000,I 285,,,Sideswipe-Same Direction,2,Rain,Wet,Daylight
2024-09-17T06:15:00.000,I 95,,,Head On,2,Clear,Dry,Dark-Lighted
2024-12-10T08:50:00.000,I 75,,,Rear End,2,Cloudy,Wet,Daylight
2024-03-02T20:28:00.000,I 20,,,Sideswipe-Same Direction,2,Clear,Dry,Daylight
2024-07-30T18:18:00.000,I 20,,,Angle Crash,2,Clear,Dry,Daylight
2024-05-14T08:13:00.000,I-75,,,Rear End,2,Rain,Wet,Daylight
2024-01-22T14:46:00.000,I 16,,,Not a Collision with Motor Vehicle,1,Clear,Dry,Daylight
2024-08-26T16:13:00.000,I 75,,,Not a Collision with Motor Vehicle,1,Clear,Dry,Daylight
2024-07-30T13:29:00.000,I 85,,,Rear End,2,Cloudy,Dry,Daylight
2024-04-20T17:00:00.000,I 16,,,Angle Crash,2,Clear,Dry,Daylight
2024-12-27T22:18:00.000,I 285,,,Not a Collision with Motor Vehicle,1,Rain,Water (standing or moving),Dark-Lighted
2024-05-29T14:37:00.000,I 16,,,Rear End,2,Clear,Dry,Daylight
2024-10-23T08:19:00.000,I 20,,,Rear End,2,Clear,Dry,Daylight
2024-12-06T12:40:00.000,I 85,,,Sideswipe-Same Direction,2,Clear,Dry,Daylight
2024-10-08T01:22:00.000,I 16,,,Not a Collision with Motor Vehicle,1,Clear,Dry,Dark-Not Lighted
2024-02-18T19:24:00.000,I-75,,,Rear End,3,Clear,Dry,Dark-Lighted
2024-08-26T14:48:00.000,I 85,,,Sideswipe-Same Direction,2,Clear,Dry,Daylight
2024-07-06T13:40:00.000,I 285,,,Rear End,2,Clear,Dry,Daylight
2024-07-07T02:12:00.000,I 85,,,Rear End,2,Clear,Dry,Dark-Lighted
2024-04-16T09:45:00.000,I 20,,,Rear End,2,Cloudy,Dry,Daylight
2024-12-06T14:35:00.000,I 75,,,Rear End,2,Clear,Dry,Daylight
2024-12-01T19:20:00.000,I 85,,,Sideswipe-Same Direction,2,Clear,Dry,Dark-Not Lighted
2024-11-17T13:01:00.000,I 75,,,Rear End,2,Clear,Dry,Daylight
2024-07-19T11:15:00.000,I 75,,,Sideswipe-Same Direction,2,Cloudy,Dry,Daylight
2024-01-25T09:40:00.000,I 75,,,Not a Collision with Motor Vehicle,1,Rain,Wet,Daylight
2024-07-17T08:31:00.000,I-75,,,Sideswipe-Same Direction,2,Clear,Dry,Daylight
2024-05-08T22:30:00.000,I 285,,,Not a Collision with Motor Vehicle,1,Clear,Dry,Dark-Lighted
2024-01-23T19:50:00.000,I 20,,,Rear End,2,Clear,Dry,Dark-Not Lighted
2024-03-19T07:00:00.000,I 20,,,Sideswipe-Same Direction,2,Clear,Dry,Daylight
2024-05-05T18:20:00.000,I 75,,,Sideswipe-Same Direction,2,Clear,Dry,Daylight
2024-01-08T13:25:00.000,I 285,,,Sideswipe-Same Direction,2,Cloudy,Dry,Daylight
2024-05-07T14:50:00.000,I 285,,,Angle Crash,2,Cloudy,Dry,Daylight
2024-09-25T18:03:00.000,I 75,,,Rear End,3,Cloudy,Dry,Daylight
2024-02-09T18:00:00.000,I 20,,,Rear End,2,Clear,Dry,Dark-Lighted
2024-01-17T16:58:00.000,I 285,,,Rear End,2,Clear,Dry,Daylight
2024-07-24T16:14:00.000,I 285,,,Angle Crash,2,Cloudy,Dry,Daylight
2024-02-12T06:35:00.000,I 75,,,Not a Collision with Motor Vehicle,1,Rain,Water (standing or moving),Dark-Not Lighted
2024-04-27T12:50:00.000,I 20,,,Rear End,2,Cloudy,Dry,Daylight
2024-08-02T16:05:00.000,I 85,,,Rear End,1,Clear,Dry,Daylight
2024-07-27T01:30:00.000,I 85,,,Not a Collision with Motor Vehicle,1,Clear,Dry,Dark-Not Lighted
2024-01-30T17:17:00.000,I 95,,,Angle Crash,2,Clear,Dry,Daylight
2024-02-23T18:00:00.000,I 285,,,Rear End,2,Clear,Dry,Dark-Not Lighted
2024-04-02T15:50:00.000,I 75,,,Rear End,4,Clear,Dry,Daylight
2024-12-02T08:43:00.000,I 20,,,Rear End,2,Clear,Dry,Daylight
2024-10-22T00:33:00.000,I-75,,,Not a Collision with Motor Vehicle,1,Clear,Dry,Dark-Not Lighted
2024-11-10T05:48:00.000,I 75,,,Sideswipe-Same Direction,2,Clear,Wet,Dawn
2024-09-25T10:20:00.000,I 75,,,Sideswipe-Same Direction,2,Cloudy,Dry,Daylight
2024-10-31T14:51:00.000,I 75,,,Rear End,2,Clear,Dry,Daylight
2024-12-28T15:35:00.000,I 75,,,Rear End,2,Rain,Wet,Daylight
2024-09-04T15:47:00.000,I 285,,,Angle Crash,2,Clear,Dry,Daylight
2024-02-05T16:14:00.000,I 285,,,Sideswipe-Same Direction,2,Clear,Dry,Daylight
2024-09-18T21:23:00.000,I 285,,,Angle Crash,2,Cloudy,Dry,Dark-Not Lighted
2024-02-24T21:46:00.000,I 285,,,Not a Collision with Motor Vehicle,1,Clear,Dry,Dark-Lighted
2024-05-30T06:14:00.000,I 75,,,Head On,3,Cloudy,Dry,Dawn
2024-12-18T19:30:00.000,I 75,,,Rear End,2,Clear,Dry,Dark-Lighted
2024-10-28T19:20:00.000,I-75,,,Rear End,3,Clear,Dry,Daylight
2024-06-10T07:36:00.000,I 75,,,Sideswipe-Same Direction,2,Clear,Dry,Daylight
2024-08-03T17:19:00.000,I 16,,,Not a Collision with Motor Vehicle,1,Rain,Wet,Daylight
2024-07-06T12:10:00.000,I 85,,,Sideswipe-Same Direction,3,Clear,Dry,Daylight
2024-11-22T15:00:00.000,I 75,,,Sideswipe-Same Direction,2,Clear,Dry,Daylight
2024-10-16T11:54:00.000,I 16,,,Rear End,2,Clear,Dry,Daylight
2024-02-03T19:15:00.000,I 75,,,Angle Crash,2,Clear,Dry,Dusk
2024-03-01T15:55:00.000,I 75,,,Sideswipe-Same Direction,2,Clear,Dry,Daylight
2024-02-23T13:26:00.000,I 85,,,Rear End,2,Clear,Dry,Daylight
2024-03-08T12:35:00.000,I 85,,,Sideswipe-Same Direction,2,Cloudy,Dry,Daylight
2024-01-02T19:51:00.000,I 285,,,Angle Crash,2,Clear,Dry,Dark-Not Lighted
2024-07-28T13:45:00.000,I 75,,,Not a Collision with Motor Vehicle,1,Rain,Wet,Daylight
2024-07-19T17:25:00.000,I 75,,,Rear End,2,Cloudy,Dry,Daylight
2024-07-14T06:20:00.000,I-75,,,Not a Collision with Motor Vehicle,1,Clear,Dry,Dawn
2024-02-19T10:28:00.000,I 20,,,Rear End,3,Clear,Dry,Daylight
2024-06-05T11:43:00.000,I 285,,,Sideswipe-Same Direction,2,Clear,Dry,Daylight
2024-10-06T12:35:00.000,I 285,,,Rear End,3,Cloudy,Dry,Daylight
2024-02-04T18:06:00.000,I 85,,,Rear End,4,Rain,Wet,Daylight
2024-08-29T18:13:00.000,I 20,,,Rear End,3,Clear,Dry,Daylight
2024-03-31T13:31:00.000,I 85,,,Not a Collision with Motor Vehicle,1,Cloudy,Dry,Daylight
2024-10-25T00:00:00.000,I 85,,,Rear End,2,Clear,Dry,Daylight
2024-01-03T17:36:00.000,I-75,,,Rear End,2,Clear,Dry,Dark-Lighted
2024-11-20T06:06:00.000,I 75,,,Rear End,2,Cloudy,Wet,Dark-Not Lighted
2024-09-30T21:40:00.000,I 75,,,Not a Collision with Motor Vehicle,1,Clear,Dry,Dark-Not Lighted
2024-02-20T17:50:00.000,I 285,,,Rear End,2,Clear,Dry,Daylight
2024-07-20T01:45:00.000,I-75,,,Rear End,2,Rain,Water (standing or moving),Dark-Lighted
2024-01-08T19:04:00.000,I 75,,,Sideswipe-Same Direction,2,Clear,Dry,Dark-Not Lighted
2024-01-25T15:00:00.000,I 85,,,Rear End,3,Cloudy,Wet,Daylight
2024-05-21T13:50:00.000,I 285,,,Rear End,2,Clear,Dry,Daylight
2024-06-27T17:00:00.000,I 285,,,Rear End,2,Rain,Wet,Daylight
2024-08-23T16:30:00.000,I 85,,,Rear End,2,Clear,Dry,Daylight
2024-09-02T07:18:00.000,I 75,,,Not a Collision with Motor Vehicle,1,Cloudy,Dry,Daylight
2024-08-04T17:53:00.000,I 20,,,Not a Collision with Motor Vehicle,1,Cloudy,Wet,Daylight
2024-07-18T05:48:00.000,I 75,,,Rear End,2,Clear,Dry,Dark-Lighted
2024-10-08T15:53:00.000,I 85,,,Rear End,2,Clear,Dry,Daylight
2024-06-25T14:02:00.000,I 75,,,Not a Collision with Motor Vehicle,2,Clear,Dry,Daylight
2024-04-29T15:53:00.000,I 285,,,Rear End,2,Clear,Dry,Dark-Lighted
2024-01-29T17:14:00.000,I 85,,,Rear End,3,Clear,Dry,Daylight
2024-12-03T19:35:00.000,I 95,,,Rear End,2,Clear,Dry,Dark-Lighted
2024-08-05T18:19:00.000,I 20,,,Sideswipe-Same Direction,2,Clear,Dry,Daylight
2024-05-22T16:37:00.000,I 285,,,Rear End,2,Clear,Dry,Daylight
2024-01-06T00:22:00.000,I 285,,,Angle Crash,2,Rain,Wet,Dark-Lighted
2024-12-01T18:51:00.000,I 75,,,Rear End,2,Clear,Dry,Dark-Not Lighted
2024-09-27T15:40:00.000,I 20,,,Sideswipe-Same Direction,2,Clear,Dry,Daylight
2024-04-15T11:00:00.000,I 75,,,Rear End,2,Clear,Dry,Daylight
2024-10-10T17:30:00.000,I 285,,,Rear End,2,Clear,Dry,Daylight
2024-02-18T02:35:00.000,I 20,,,Angle Crash,2,Clear,Dry,Dark-Not Lighted
2024-09-02T15:50:00.000,I 85,,,Sideswipe-Same Direction,2,Clear,Dry,Daylight
2024-06-01T22:35:00.000,I-75,,,Rear End,2,Clear,Dry,Dark-Lighted
2024-08-29T19:41:00.000,I 75,,,Not a Collision with Motor Vehicle,1,Rain,Wet,Dark-Not Lighted
2024-01-28T05:24:00.000,I 85,,,Rear End,2,Clear,Dry,Dark-Lighted
2024-11-20T08:56:00.000,I 85,,,Sideswipe-Same Direction,2,Rain,Wet,Daylight
2024-05-19T00:05:00.000,I-75,,,Sideswipe-Same Direction,2,Cloudy,Wet,Dusk
2024-03-22T07:40:00.000,I 85,,,Angle Crash,2,Cloudy,Dry,Daylight
2024-03-22T20:15:00.000,I 85,,,Sideswipe-Same Direction,3,Rain,Wet,Dark-Not Lighted
2024-05-07T09:54:00.000,I 75,,,Not a Collision with Motor Vehicle,2,Clear,Dry,Daylight
2024-01-17T16:05:00.000,I 85,,,Sideswipe-Same Direction,2,Clear,Dry,Daylight
2024-09-13T17:25:00.000,I 20,,,Rear End,3,Clear,Dry,Dusk
2024-10-20T19:34:00.000,I 75,,,Rear End,2,Clear,Dry,Dark-Not Lighted
2024-03-16T17:46:00.000,I-75,,,Rear End,2,Clear,Dry,Daylight
2024-11-21T07:58:00.000,I 20,,,Sideswipe-Same Direction,2,Clear,Dry,Daylight
2024-06-09T02:28:00.000,I 285,,,Rear End,3,Clear,Dry,Dark-Not Lighted
2024-10-13T11:20:00.000,I-75,,,Sideswipe-Same Direction,2,Clear,Dry,Daylight
2024-05-06T23:45:00.000,I 285,,,Not a Collision with Motor Vehicle,2,Clear,Dry,Dark-Lighted
2024-08-10T10:32:00.000,I 16,,,Not a Collision with Motor Vehicle,1,Clear,Dry,Daylight
2024-03-09T08:45:00.000,I-75,,,Sideswipe-Same Direction,2,Rain,Water (standing or moving),Dark-Lighted
2024-11-07T16:36:00.000,I 20,,,Sideswipe-Same Direction,2,Cloudy,Dry,Daylight
2024-06-20T08:29:00.000,I 75,,,Not a Collision with Motor Vehicle,2,Clear,Dry,Daylight
2024-06-10T03:32:00.000,I 75,,,Rear End,2,Rain,Wet,Dark-Lighted
2024-03-01T12:33:00.000,I 85,,,Not a Collision with Motor Vehicle,1,Rain,Water (standing or moving),Daylight
2024-08-24T17:10:00.000,I 85,,,Sideswipe-Same Direction,2,Clear,Dry,Daylight
2024-04-03T02:46:00.000,I 75,,,Not a Collision with Motor Vehicle,1,Rain,Wet,Dark-Not Lighted
2024-08-22T11:30:00.000,I 285,,,Rear End,2,Clear,Dry,Daylight
2024-03-09T00:55:00.000,I 75,,,Sideswipe-Same Direction,2,Rain,Wet,Dark-Lighted
2024-09-12T07:36:00.000,I 75,,,Rear End,2,Cloudy,Wet,Daylight
2024-06-18T15:31:00.000,I 285,,,Sideswipe-Same Direction,2,Clear,Dry,Daylight
2024-05-04T12:26:00.000,I 20,,,Not a Collision with Motor Vehicle,1,Rain,Water (standing or moving),Daylight
2024-12-16T11:35:00.000,I 85,,,Sideswipe-Same Direction,2,Clear,Dry,Daylight
2024-03-06T10:20:00.000,I 16,,,Sideswipe-Same Direction,2,Clear,Dry,Daylight
2024-05-07T17:12:00.000,I 20,,,Sideswipe-Same Direction,2,Clear,Dry,Daylight